Scheme Code;Scheme Name;ISIN Div Payout/ISIN Growth;ISIN Div Reinvestment;Net Asset Value;Repurchase Price;Sale Price;Date

Open Ended Schemes ( Income )


Standard Chartered Mutual Fund
102342;GCF-Plan C-Daily Dividend;;;10.0005;10.0005;10.0005;08-Dec-2007
102340;GCF-Plan C-Growth;;;0;0;0;08-Dec-2007
102343;GCF-Plan C-Monthly Dividend;;;0;0;0;08-Dec-2007
102341;GCF-Plan C-weekly Dividend;;;0;0;0;08-Dec-2007
101780;GCF Daily-Dividend(Institutional Plan);;;10.5816;10.5816;10.5816;08-Dec-2007
101760;GCF Dividend-Weekly(Institutional Plan);;;10.3012;10.3012;10.3012;08-Dec-2007
102348;GFRF-Plan C-Daily Dividend;;;10.0015;10.0015;10.0015;08-Dec-2007
102347;GFRF-Plan C-Growth;;;0;0;0;08-Dec-2007
102350;GFRF-Plan C-Monthly Divdend;;;0;0;0;08-Dec-2007
102349;GFRF-Plan C-Weekly Dividend;;;0;0;0;08-Dec-2007
101947;GFRF (Daily - Dividind);;;10.0699;10.0699;10.0699;08-Dec-2007
101948;GFRF (Dividend - Weekly);;;10.0687;10.0687;10.0687;08-Dec-2007
101773;GFRF - Growth(Institutional Plan);;;12.7290;12.7290;12.7290;08-Dec-2007
101774;GFRF Dividend-Daily (Institutional Plan);;;10.0703;10.0703;10.0703;08-Dec-2007
101776;GFRF Dividend-Monthly(Institutional Plan);;;0;0;0;08-Dec-2007
101775;GFRF Dividend-Weekly(Institutional Plan);;;10.0932;10.0932;10.0932;08-Dec-2007
101100;Grindlays Cash Fund-Dividend (Daily);;;10.5819;10.5819;10.5819;08-Dec-2007
101099;Grindlays Cash Fund-Growth;;;14.3599;14.3599;14.3599;08-Dec-2007
101319;Grindlays Cash Fund - Dividend (Weekly);;;10.1932;10.1932;10.1932;08-Dec-2007
101632;Grindlays Cash Fund - Plan B (D) (Institutional Plan);;;0;0;0;08-Dec-2007
101248;Grindlays Cash Fund - Plan B (G) (Institutional Plan);;;14.4348;14.4348;14.4348;08-Dec-2007

Open Ended Schemes ( Liquid )


ING Mutual Fund
106913;ING High Yield Liquidity Fund - Institutional Growth Option;;;10.0000;10.0000;10.0000;08-Dec-2007
106914;ING High Yield Liquidity Fund - Institutional Quarterly Dividend Option;;;10.0000;10.0000;10.0000;08-Dec-2007
106904;ING High Yield Liquidity Fund - Regular Daily Dividend Option;;;10.0137;10.0137;10.0137;08-Dec-2007
106912;ING High Yield Liquidity Fund- Institutional Bonus Option;;;10.0000;10.0000;10.0000;08-Dec-2007
106909;ING High Yield Liquidity Fund- Institutional Daily Dividend Option;;;10.0000;10.0000;10.0000;08-Dec-2007
106911;ING High Yield Liquidity Fund- Institutional Monthly Dividend Option;;;10.0000;10.0000;10.0000;08-Dec-2007
106910;ING High Yield Liquidity Fund- Institutional Weekly Dividend Option;;;10.0000;10.0000;10.0000;08-Dec-2007
106908;ING High Yield Liquidity Fund- Regular Bonus Option;;;10.0477;10.0477;10.0477;08-Dec-2007
106903;ING High Yield Liquidity Fund- Regular Growth Option;;;10.0470;10.0470;10.0470;08-Dec-2007
106907;ING High Yield Liquidity Fund- Regular Monthly Dividend Option;;;10.0457;10.0457;10.0457;08-Dec-2007
106906;ING High Yield Liquidity Fund- Regular Quarterly Dividend Option;;;10.0000;10.0000;10.0000;08-Dec-2007
106905;ING High Yield Liquidity Fund- Regular Weekly Dividend Option;;;10.0000;10.0000;10.0000;08-Dec-2007
100194;ING Liquid Fund-Auto Sweep Growth Option;;;10.0000;10.0000;10.0000;08-Dec-2007
100195;ING Liquid Fund-Auto Sweep Weekly Dividend Option;;;10.0000;10.0000;10.0000;08-Dec-2007
100198;ING Liquid Fund-Institutional Daily Dividend Option;INF084M01473;;10.0121;10.0121;10.0121;08-Dec-2007
100196;ING Liquid Fund-Institutional Growth Option;INF084M01465;;12.4025;12.4025;12.4025;08-Dec-2007
100197;ING Liquid Fund-Institutional Weekly Dividend Option;INF084M01499;INF084M01481;10.0647;10.0647;10.0647;08-Dec-2007
100192;ING Liquid Fund-Regular Daily Dividend Option;INF084M01432;;10.7873;10.7873;10.7873;08-Dec-2007
100190;ING Liquid Fund-Regular Growth Option;INF084M01424;;16.6743;16.6743;16.6743;08-Dec-2007
100191;ING Liquid Fund-Regular Weekly Dividend Option;INF084M01457;INF084M01440;10.8354;10.8354;10.8354;08-Dec-2007
100200;ING Liquid Fund-Super Institutional Daily Dividend Option;INF084M01515;;10.0048;10.0048;10.0048;08-Dec-2007
100199;ING Liquid Fund-Super Institutional Growth Option;INF084M01507;;11.7536;11.7536;11.7536;08-Dec-2007
100201;ING Liquid Fund-Super Institutional Weekly Dividend Option;INF084M01531;INF084M01523;10.0141;10.0141;10.0141;08-Dec-2007

PineBridge Mutual Fund
106513;PineBridge India Liquid Fund- Standard Plan-Daily Dividend Option;;INF178L01699;1000.8141;1000.8141;1000.8141;08-Dec-2007
106508;PineBridge India Liquid Fund- Standard Plan-Growth Option;INF178L01715;;1017.2044;1017.2044;1017.2044;08-Dec-2007
106509;PineBridge India Liquid Fund- Standard Plan-Weekly Dividend Option;;INF178L01764;1002.0838;1002.0838;1002.0838;08-Dec-2007
106506;PineBridge India Liquid Fund-Institutional Plan-Daily Dividend Option;;INF178L01616;1000.8059;1000.8059;1000.8059;08-Dec-2007
106511;PineBridge India Liquid Fund-Institutional Plan-Growth Option;INF178L01632;;1016.9844;1016.9844;1016.9844;08-Dec-2007
106503;PineBridge India Liquid Fund-Retail Plan-DailyDividend Option;;INF178L01533;1000.7810;1000.7810;1000.7810;08-Dec-2007
106514;PineBridge India Liquid Fund-Retail Plan-Growth Option;INF178L01558;;1016.1931;1016.1931;1016.1931;08-Dec-2007
106504;PineBridge India Liquid Fund-Retail Plan-Monthly Dividend Option;INF178L01566;INF178L01574;1003.2571;1003.2571;1003.2571;08-Dec-2007
106510;PineBridge India Liquid Fund-Retail Plan-Weekly Dividend Option;;INF178L01608;1002.0288;1002.0288;1002.0288;08-Dec-2007

Sahara Mutual Fund
101397;Sahara Liquid Fund-Fixed Pricing -  Weekly Dividend Option;;INF515L01064;1025.357;1025.3570;1025.3570;08-Dec-2007
101393;Sahara Liquid Fund-Fixed Pricing - Daily Dividend Option;;INF515L01049;1024.9045;1024.9045;1024.9045;08-Dec-2007
101394;Sahara Liquid Fund-Fixed Pricing - Growth option;INF515L01056;;1414.2852;1414.2852;1414.2852;08-Dec-2007
101398;Sahara Liquid Fund-Fixed Pricing - Monthly Dividend Option;;INF515L01072;1026.5888;1026.5888;1026.5888;08-Dec-2007
101399;Sahara Liquid Fund-Variable Pricing - Daily Dividend option;;INF515L01080;1024.9262;1024.9262;1024.9262;08-Dec-2007
101402;Sahara Liquid Fund-Variable Pricing - Growth option;INF515L01114;;1420.6397;1420.6397;1420.6397;08-Dec-2007
101400;Sahara Liquid Fund-Variable Pricing - Weekly Dividend Option;;INF515L01098;1025.3454;1025.3454;1025.3454;08-Dec-2007
101401;Sahara Liquid Fund-Variable Pricing- Monthly Dividend Option;;INF515L01106;1026.9616;1026.9616;1026.9616;08-Dec-2007

Standard Chartered Mutual Fund
103525;Standard Chartered Liquidity Manager (SCLM)-A-Dividend Daily;;;10.0125;10.0125;10.0125;08-Dec-2007
103527;Standard Chartered Liquidity Manager (SCLM)-A-Dividend Monthly;;;10.0153;10.0153;10.0153;08-Dec-2007
103526;Standard Chartered Liquidity Manager (SCLM)-A-Dividend Weekly;;;10.0031;10.0031;10.0031;08-Dec-2007
103524;Standard Chartered Liquidity Manager (SCLM)-A-Growth;;;11.1491;11.1491;11.1491;08-Dec-2007
103598;Standard Chartered Liquidity Manager Plus-A-Dividend Daily;;;1000.2100;1000.2100;1000.2100;08-Dec-2007
103600;Standard Chartered Liquidity Manager Plus-A-Dividend Monthly;;;1001.8647;1001.8647;1001.8647;08-Dec-2007
103599;Standard Chartered Liquidity Manager Plus-A-Dividend Weekly;;;1000.3922;1000.3922;1000.3922;08-Dec-2007
103597;Standard Chartered Liquidity Manager Plus-A-Growth;;;1130.5507;1130.5507;1130.5507;08-Dec-2007

Open Ended Schemes ( Floating Rate )


Standard Chartered Mutual Fund
101630;Grindlays Floating Rate Fund - Growth;;;12.8891;12.8891;12.8891;08-Dec-2007
101631;Grindlays Floating Rate Fund- Dividend Monthly;;;10.0418;10.0418;10.0418;08-Dec-2007

Open Ended Schemes ( Debt Scheme - Overnight Fund )


SBI Mutual Fund
101206;SBI OVERNIGHT FUND - REGULAR PLAN - GROWTH;INF200K01LQ9;;13.6519;13.6519;13.6519;08-Dec-2007
103140;SBI Overnight Fund - Regular Plan - Weekly Income Distribution cum Capital Withdrawal Option (IDCW);INF200K01LO4;INF200K01LP1;10.2627;10.2627;10.2627;08-Dec-2007

Open Ended Schemes ( Debt Scheme - Liquid Fund )


Baroda BNP Paribas Mutual Fund
101408;Baroda BNP Paribas LIQUID FUND- Defunct Plan -Growth Option;INF955L01575;;14.0193;14.0193;14.0193;08-Dec-2007
101407;Baroda BNP Paribas LIQUID FUND-Defunct Plan- IDCW Option;INF955L01559;INF955L01567;12.0171;12.0171;12.0171;08-Dec-2007
101409;Baroda BNP Paribas LIQUID FUND-Defunct Plan-Daily IDCW Option;INF955L01518;INF955L01526;10.0943;10.0943;10.0943;08-Dec-2007

Canara Robeco Mutual Fund
101363;Canara Robeco Liquid Fund- INSTITUTIONAL-Daily Dividend Reinvestment;;INF760K01CC1;10.0410;10.0410;10.0410;08-Dec-2007
101362;Canara Robeco Liquid Fund- INSTITUTIONAL-Growth;INF760K01CD9;;14.3849;14.3849;14.3849;08-Dec-2007
101361;Canara Robeco Liquid Fund- INSTITUTIONAL-Weekly dividend;;INF760K01CE7;10.0410;10.0410;10.0410;08-Dec-2007
101364;Canara Robeco Liquid Fund-Retail-DRI;;INF760K01CF4;10.0410;10.0410;10.0410;08-Dec-2007
101365;Canara Robeco Liquid Fund-Retail-Growth;INF760K01CH0;;14.3695;14.3695;14.3695;08-Dec-2007

Principal Mutual Fund
100895;Principal Cash Management Fund - Daily Income Distribution CUM Capital Withdrawal;;INF173K01DB7;10.0007;10.0007;10.0007;08-Dec-2007
100897;Principal Cash Management Fund - Monthly Income Distribution CUM Capital Withdrawal Option;INF173K01BV9;INF173K01BW7;10.0217;10.0217;10.0217;08-Dec-2007
100896;Principal Cash Management Fund - Weekly Income Distribution CUM Capital Withdrawal Option;;INF173K01DC5;10.0051;10.0051;10.0051;08-Dec-2007
100898;Principal Cash Management Fund -Growth Option;INF173K01DA9;;12.3124;12.3124;12.3124;08-Dec-2007
100892;Principal Cash Management-Liquid Option-Daily Dividend;;;10.0022;10.0022;10.0022;08-Dec-2007
100887;Principal Cash Management-Liquid Option-Dividend Plan;;;10.1241;10.1241;10.1241;08-Dec-2007
100888;Principal Cash Management-Liquid Option-Growth Plan;;;15.4626;15.4626;15.4626;08-Dec-2007
100894;Principal Cash Management-Liquid Option-Institutional - Daily Dividend Plan;;;10.0022;10.0022;10.0022;08-Dec-2007
100893;Principal Cash Management-Liquid Option-Institutional - Growth Plan;;;13.0104;13.0104;13.0104;08-Dec-2007
100891;Principal Cash Management-Liquid Option-Institutional - Monthly Dividend Plan;;;10.0204;10.0204;10.0204;08-Dec-2007
100890;Principal Cash Management-Liquid Option-Institutional - Weekly Dividend Plan;;;10.0059;10.0059;10.0059;08-Dec-2007
100889;Principal Cash Management-Liquid Option-Monthly Dividend;;;10.0197;10.0197;10.0197;08-Dec-2007

SBI Mutual Fund
105274;SBI Liquid Fund - Institutional - Growth;INF200K01LU1;;12.6501;12.6501;12.6501;08-Dec-2007
105275;SBI Liquid Fund - Institutional Daily Income Distribution cum Capital Withdrawal Option (IDCW);;INF200K01LR7;10.0325;10.0325;10.0325;08-Dec-2007
105279;SBI Liquid Fund - Institutional Fortnightly Income Distribution cum Capital Withdrawal Option (IDCW);INF200K01LS5;INF200K01LT3;10.1221;10.1221;10.1221;08-Dec-2007
105278;SBI Liquid Fund - Institutional Weekly Income Distribution cum Capital Withdrawal Option (IDCW);INF200K01LV9;INF200K01LW7;10.5734;10.5734;10.5734;08-Dec-2007
105281;SBI Liquid Fund - Regular Plan - Daily Income Distribution cum Capital Withdrawal Option (IDCW);;INF200K01LX5;10.0325;10.0325;10.0325;08-Dec-2007
105283;SBI Liquid Fund - Regular Plan - Fortnightly Income Distribution cum Capital Withdrawal Option (IDCW);INF200K01LY3;INF200K01LZ0;0;0;0;08-Dec-2007
105282;SBI Liquid Fund - Regular Plan - Weekly Income Distribution cum Capital Withdrawal Option (IDCW);INF200K01MB9;INF200K01MC7;0;0;0;08-Dec-2007
105280;SBI Liquid Fund - REGULAR PLAN -Growth;INF200K01MA1;;12.5024;12.5024;12.5024;08-Dec-2007

Taurus Mutual Fund
104240;Taurus Liquid Fund-Dividend;INF044D01542;INF044D01559;10.0029;10.0029;10.0029;08-Dec-2007
104241;Taurus Liquid Fund-Growth;INF044D01575;;10.7645;10.7645;10.7645;08-Dec-2007

UTI Mutual Fund
102010;UTI Liquid Fund - Regular Plan - Daily IDCW (Reinvestment);;INF789F01PG3;1019.4457;1019.4457;1019.4457;08-Dec-2007
102011;UTI Liquid Fund - Regular Plan - Monthly IDCW;INF789F01PI9;INF789F01PJ7;1026.3499;1026.3499;1026.3499;08-Dec-2007
102013;UTI Liquid Fund - Regular Plan - Weekly IDCW;;INF789F01PK5;1024.2882;1024.2882;1024.2882;08-Dec-2007
102012;UTI-  Liquid Cash Plan - Regular Plan - Growth Option;INF789F01PH1;;1297.7705;1297.7705;1297.7705;08-Dec-2007
102008;UTI-  Liquid Cash Plan- Discontinued - Regular Plan - Monthly Dividend Option;INF789F01BC2;INF789F01BA6;1039.4075;1039.4075;1039.4075;08-Dec-2007
102009;UTI-  Liquid Cash Plan- Discontinued - Regular Plan -Growth;INF789F01BB4;;1287.7905;1287.7905;1287.7905;08-Dec-2007
102007;UTI-  Liquid Cash Plan- Discontinued -Regular Plan Periodic Dividend Option;;INF789F01AZ5;1030.9156;1030.9156;1030.9156;08-Dec-2007

Open Ended Schemes ( Debt Scheme - Ultra Short Duration Fund )


SBI Mutual Fund
105080;SBI Ultra Short Duration Fund - Regular Plan - Daily Income Distribution cum Capital Withdrawal Option (IDCW);;INF200K01LK2;16.7503;16.7503;16.7503;08-Dec-2007
100641;SBI ULTRA SHORT DURATION FUND - REGULAR PLAN - GROWTH;INF200K01LJ4;;17.6606;17.6606;17.6606;08-Dec-2007
103884;SBI Ultra Short Duration Fund - Regular Plan - Weekly Income Distribution cum Capital Withdrawal Option (IDCW);INF200K01LM8;INF200K01LL0;10.6736;10.6736;10.6736;08-Dec-2007

UTI Mutual Fund
102532;UTI Ultra Short Duration Fund - Regular Plan - Growth Option;INF789F01570;;1268.9035;1268.9035;1268.9035;08-Dec-2007
102531;UTI Ultra Short Duration Fund - Regular Plan - Weekly IDCW (Reinvestment);;INF789F01562;1027.908;1027.908;1027.908;08-Dec-2007

Open Ended Schemes ( Debt Scheme - Low Duration Fund )


Canara Robeco Mutual Fund
104559;CANARA ROBECO SAVINGS FUND - REGULAR PLAN - DAILY IDCW (Reinvestment);;INF760K01803;10.2600;10.2600;10.2600;08-Dec-2007
102913;CANARA ROBECO SAVINGS FUND - REGULAR PLAN - GROWTH OPTION;INF760K01795;;12.1025;12.1025;12.1025;08-Dec-2007
102914;CANARA ROBECO SAVINGS FUND - REGULAR PLAN - IDCW (Payout/Reinvestment);INF760K01779;INF760K01787;11.6371;11.6371;11.6371;08-Dec-2007
102915;CANARA ROBECO SAVINGS FUND - REGULAR PLAN - WEEKLY IDCW (Payout/Reinvestment);INF760K01CB3;INF760K01811;10.2645;10.2645;10.2645;08-Dec-2007

Open Ended Schemes ( Debt Scheme - Money Market Fund )


UTI Mutual Fund
100724;UTI MMF- Discontinued - Regular Plan - Flexi Dividend Option;;INF789F01BD0;17.9495;17.9495;17.9495;08-Dec-2007
100725;UTI MMF- Discontinued - Regular Plan - Periodic Dividend Option;INF789F01BE8;;17.8346;17.8346;17.8346;08-Dec-2007
100723;UTI MMF-Discontinued - Regular Plan -Growth;INF789F01BF5;;22.1206;22.1206;22.1206;08-Dec-2007

Open Ended Schemes ( Debt Scheme - Credit Risk Fund )


Principal Mutual Fund
102729;Principal Credit Risk Fund - Regular Plan - Growth Option;INF173K01DM4;;12.3496;12.3496;12.3496;08-Dec-2007
102732;Principal Credit Risk Fund - Regular Plan - Monthly Dividend Option;INF173K01BJ4;INF173K01BK2;10.7732;10.7732;10.7732;08-Dec-2007
102726;Principal Floating Rate Fund - SMP-Daily Dividend;;;10.0007;10.0007;10.0007;08-Dec-2007
102725;Principal Floating Rate Fund - SMP-Growth;;;12.3002;12.3002;12.3002;08-Dec-2007
102730;Principal Floating Rate Fund - SMP-Insti. Daily Dividend;;;10.0007;10.0007;10.0007;08-Dec-2007
102731;Principal Floating Rate Fund - SMP-Insti. Weekly Dividend;;;10.0049;10.0049;10.0049;08-Dec-2007
102728;Principal Floating Rate Fund - SMP-Monthly Dividend;;;10.3710;10.3710;10.3710;08-Dec-2007
102727;Principal Floating Rate Fund - SMP-Weekly Dividend;;;10.0049;10.0049;10.0049;08-Dec-2007
