Scheme Code;Scheme Name;ISIN Div Payout/ISIN Growth;ISIN Div Reinvestment;Net Asset Value;Repurchase Price;Sale Price;Date

Open Ended Schemes ( Liquid )


Bandhan Mutual Fund
108794;IDFC Liquid Fund - Daily Dividend;INF194K01GJ9;INF194K01GI1;1000.264;1000.264;1000.264;31-Jul-2011
108793;IDFC Liquid Fund - Growth;INF194K01GE0;;1423.896;1423.896;1423.896;31-Jul-2011
108796;IDFC Liquid Fund - Monthly Dividend;INF194K01GG5;INF194K01GF7;1009.3654;1009.3654;1009.3654;31-Jul-2011
108795;IDFC Liquid Fund-Weekly Dividend;INF194K01GM3;INF194K01GL5;1001.6063;1001.6063;1001.6063;31-Jul-2011
111928;IDFC Liquid Fund  Plan D- Growth;INF194K01GR2;;11.4047;11.4047;11.4047;31-Jul-2011
111927;IDFC Liquid Fund Plan - D  - Daily Dividend;INF194K01GT8;INF194K01GS0;10.0026;10.0026;10.0026;31-Jul-2011
112891;IDFC Liquid Fund- Plan F Dividend;INF194K01HD0;INF194K01HC2;10.2999;10.2999;10.2999;31-Jul-2011
112890;IDFC Liquid Fund- Plan F Growth;INF194K01HB4;;10.8884;10.8884;10.8884;31-Jul-2011

Daiwa Mutual Fund
114516;Daiwa Liquid Fund - Institutional - Daily Dividend;-;INF752K01198;1000.5197;1000.5197;1000.5197;31-Jul-2011
114515;Daiwa Liquid Fund - Institutional - Growth;INF752K01206;-;1129.1438;1129.1438;1129.1438;31-Jul-2011
114517;Daiwa Liquid Fund - Institutional - Weekly Dividend;-;INF752K01214;1001.4404;1001.4404;1001.4404;31-Jul-2011
114519;Daiwa Liquid Fund - Regular - Daily Dividend;;INF752K01222;1000.5200;1000.5200;1000.5200;31-Jul-2011
114514;Daiwa Liquid Fund - Regular - Growth;INF752K01230;;1127.8585;1127.8585;1127.8585;31-Jul-2011
114518;Daiwa Liquid Fund - Regular - Weekly Dividend;;INF752K01248;1001.9615;1001.9615;1001.9615;31-Jul-2011

Deutsche Mutual Fund
105672;DWS INSTA CASH PLUS FUND - Regular Plan BONUS OPTION;INF223J01BH3;;10.3148;10.3148;10.3148;31-Jul-2011
106471;DWS Insta Cash Plus Fund -Growth;INF223J01BP6;;131.0582;131.0582;131.0582;31-Jul-2011
106467;DWS Insta Cash Plus Fund-Daily Dividend;;INF223J01BO9;100.3040;100.3040;100.3040;31-Jul-2011
101718;DWS Insta Cash Plus Fund-DIVIDEND-Daily Dividend;;INF223J01BI1;10.3010;10.3010;10.3010;31-Jul-2011
101717;DWS Insta Cash Plus Fund-DIVIDEND-MONTHLY DIVIDEND;INF223J01BK7;INF223J01BL5;11.2739;11.2739;11.2739;31-Jul-2011
101716;DWS Insta Cash Plus Fund-DIVIDEND-WEEKLY DIVIDEND;INF223J01BM3;INF223J01BN1;10.3567;10.3567;10.3567;31-Jul-2011
101719;DWS Insta Cash Plus Fund-Growth-GROWTH;INF223J01BJ9;;16.8190;16.8190;16.8190;31-Jul-2011
101722;DWS Insta Cash Plus Fund-Institutional Plan-Daily Dividend;;INF223J01BA8;10.0516;10.0516;10.0516;31-Jul-2011
101720;DWS Insta Cash Plus Fund-Institutional Plan-Dividend;INF223J01BE0;INF223J01BD2;10.3647;10.3647;10.3647;31-Jul-2011
101721;DWS Insta Cash Plus Fund-Institutional Plan-Growth;INF223J01BB6;;15.8526;15.8526;15.8526;31-Jul-2011
101723;DWS Insta Cash Plus Fund-Institutional Plan-Weekly Dividend;INF223J01BF7;INF223J01BG5;10.0637;10.0637;10.0637;31-Jul-2011
114966;DWS Treasury Fund - Cash Plan - Bonus;INF223J01SA2;;10.3019;10.3019;10.3019;31-Jul-2011
112228;DWS Treasury Fund - Cash Plan - Daily Dividend;;INF223J01SB0;10.0391;10.0391;10.0391;31-Jul-2011
112221;DWS Treasury Fund - Cash Plan - Growth;INF223J01SC8;;11.1271;11.1271;11.1271;31-Jul-2011
112227;DWS Treasury Fund - Cash Plan - Institiutional - Daily Dividend;;INF223J01DZ1;100.4970;100.4970;100.4970;31-Jul-2011
112222;DWS Treasury Fund - Cash Plan - Institiutional - Growth;INF223J01EA2;;112.5691;112.5691;112.5691;31-Jul-2011
112969;DWS Treasury Fund - Cash Plan - Institiutional - Weekly Dividend;INF223J01EB0;INF223J01EC8;100.7539;100.7539;100.7539;31-Jul-2011
112965;DWS Treasury Fund - Cash Plan - Monthly Dividend;INF223J01RW8;INF223J01RX6;10.1566;10.1566;10.1566;31-Jul-2011
112964;DWS Treasury Fund - Cash Plan - Weekly Dividend;INF223J01RY4;INF223J01RZ1;10.1072;10.1072;10.1072;31-Jul-2011

Edelweiss Mutual Fund
109941;Edelweiss Liquid Fund - Institutional Plan - Daily Dividend Option;;INF754K01AZ9;10.0000;10.0000;10.0000;31-Jul-2011
109945;Edelweiss Liquid Fund - Institutional Plan - Growth Option;INF754K01AV8;;10.4113;10.4113;10.4113;31-Jul-2011
109936;Edelweiss Liquid Fund - Institutional Plan - Weekly Dividend Option;;INF754K01BA0;10.0024;10.0024;10.0024;31-Jul-2011
109934;Edelweiss Liquid Fund - Retail Plan - Daily Dividend Option;;INF754K01AS4;10.0000;10.0000;10.0000;31-Jul-2011
109940;Edelweiss Liquid Fund - Retail Plan - Growth Option;INF754K01AO3;;11.6641;11.6641;11.6641;31-Jul-2011
109939;Edelweiss Liquid Fund - Retail Plan - Monthly Dividend Option;INF754K01AP0;INF754K01AR6;10.0022;10.0022;10.0022;31-Jul-2011

Fidelity Mutual Fund
104498;Fidelity Cash Fund - Institutional Plan - Daily Dividend Option;;INF677K01AQ1;10.0025;10.0025;10.0025;31-Jul-2011
104497;Fidelity Cash Fund - Institutional Plan - Growth Option;;;13.6634;13.6634;13.6634;31-Jul-2011
104548;Fidelity Cash Fund - Institutional Plan - Monthly Dividend Option;INF677K01AS7;INF677K01AT5;10.0000;10.0000;10.0000;31-Jul-2011
104546;Fidelity Cash Fund - Institutional Plan - Weekly Dividend Option;;INF677K01AR9;10.1706;10.1706;10.1706;31-Jul-2011
104495;Fidelity Cash Fund - Retail Plan - Daily Dividend option;;INF677K01AL2;10.0025;10.0025;10.0025;31-Jul-2011
104493;Fidelity Cash Fund - Retail Plan - Growth option;;;13.4126;13.4126;13.4126;31-Jul-2011
104547;Fidelity Cash Fund - Retail Plan - Monthly Dividend Option;;;10.0159;10.0159;10.0159;31-Jul-2011
104549;Fidelity Cash Fund - Retail Plan - Weekly Dividend Option;;INF677K01AM0;10.0147;10.0147;10.0147;31-Jul-2011
104494;Fidelity Cash Fund - Super Institutional Plan - Daily Dividend Option;;INF677K01AV1;10.2330;10.2330;10.2330;31-Jul-2011
104496;Fidelity Cash Fund - Super Institutional Plan - Growth Option;INF677K01AU3;;13.7479;13.7479;13.7479;31-Jul-2011
104551;Fidelity Cash Fund - Super Institutional Plan - Monthly Dividend Option;INF677K01AX7;INF677K01AY5;10.0000;10.0000;10.0000;31-Jul-2011
104550;Fidelity Cash Fund - Super Institutional Plan - Weekly Dividend Option;;INF677K01AW9;10.0000;10.0000;10.0000;31-Jul-2011

ING Mutual Fund
100198;ING Liquid Fund-Institutional Daily Dividend Option;INF084M01473;;10.0121;10.0121;10.0121;31-Jul-2011
100196;ING Liquid Fund-Institutional Growth Option;INF084M01465;;15.7903;15.7903;15.7903;31-Jul-2011
100197;ING Liquid Fund-Institutional Weekly Dividend Option;INF084M01499;INF084M01481;10.0680;10.0680;10.0680;31-Jul-2011
100192;ING Liquid Fund-Regular Daily Dividend Option;INF084M01432;;10.7873;10.7873;10.7873;31-Jul-2011
100190;ING Liquid Fund-Regular Growth Option;INF084M01424;;21.0384;21.0384;21.0384;31-Jul-2011
100191;ING Liquid Fund-Regular Weekly Dividend Option;INF084M01457;INF084M01440;10.8393;10.8393;10.8393;31-Jul-2011
100200;ING Liquid Fund-Super Institutional Daily Dividend Option;INF084M01515;;10.0048;10.0048;10.0048;31-Jul-2011
100199;ING Liquid Fund-Super Institutional Growth Option;INF084M01507;;15.0527;15.0527;15.0527;31-Jul-2011
100201;ING Liquid Fund-Super Institutional Weekly Dividend Option;INF084M01531;INF084M01523;10.0000;10.0000;10.0000;31-Jul-2011

Invesco Mutual Fund
106502;Religare Invesco Overnight Fund - Daily Dividend Reinvestment;;INF205K01HS2;1000.0048;1000.0048;1000.0048;31-Jul-2011
106501;Religare Invesco Overnight Fund - Growth;INF205K01HR4;;1194.6882;1194.6882;1194.6882;31-Jul-2011

JM Financial Mutual Fund
101420;JM Floater Short Term Fund - Daily Dividend Option;;INF192K01767;10.0883;10.0883;10.0883;31-Jul-2011
101421;JM Floater Short Term Fund - Growth Option;INF192K01775;;16.0661;16.0661;16.0661;31-Jul-2011

JPMorgan Mutual Fund
106562;JPMorgan India Liquid Fund - Retail Plan - Daily Dividend Option;;INF843K01203;10.0150;10.0150;10.0150;31-Jul-2011
109178;JPMorgan India Liquid Fund - Retail Plan - Fortnightly Dividend Option;;INF843K01229;10.0069;10.0069;10.0069;31-Jul-2011
106561;JPMorgan India Liquid Fund - Retail Plan - Growth Option;INF843K01195;;11.9850;11.9850;11.9850;31-Jul-2011
109179;JPMorgan India Liquid Fund - Retail Plan - Monthly Dividend Option;;INF843K01237;10.0291;10.0291;10.0291;31-Jul-2011
109177;JPMorgan India Liquid Fund - Retail Plan - Weekly Dividend Option;;INF843K01211;10.0267;10.0267;10.0267;31-Jul-2011
110149;JPMorgan India Liquid Fund - Super Institutional Plan - Daily Dividend Option;;INF843K01153;10.0079;10.0079;10.0079;31-Jul-2011
110150;JPMorgan India Liquid Fund - Super Institutional Plan - Growth Option;INF843K01146;;13.0662;13.0662;13.0662;31-Jul-2011
110151;JPMorgan India Liquid Fund - Super Institutional Plan - Monthly Dividend Option;INF843K01500;INF843K01187;10.0470;10.0470;10.0470;31-Jul-2011
110153;JPMorgan India Liquid Fund - Super Institutional Plan - Weekly Dividend Option;INF843K01484;INF843K01161;10.0523;10.0523;10.0523;31-Jul-2011

L&T Mutual Fund
112468;L&T Liquid Fund - Regular Weekly Dividend;;INF917K01BE5;11.9989;11.9989;11.9989;31-Jul-2011

Mirae Asset Mutual Fund
107646;Mirae Asset Liquid Fund- Regular Plan - Daily Dividend;;INF769K01606;1009.959;1009.959;1009.959;31-Jul-2011
107648;Mirae Asset Liquid Fund- Regular Plan - Growth;INF769K01572;;1060.682;1060.682;1060.682;31-Jul-2011
107649;Mirae Asset Liquid Fund- Regular Plan - Monthly Dividend;INF769K01630;INF769K01622;1013.4821;1013.4821;1013.4821;31-Jul-2011
107647;Mirae Asset Liquid Fund- Regular Plan - Weekly Dividend;;INF769K01614;1012.4695;1012.4695;1012.4695;31-Jul-2011

PGIM India Mutual Fund
113184;DHFL Pramerica Liquid Fund - Dividend Option - Daily;;INF663L01088;1000.0950;1000.0950;1000.0950;31-Jul-2011
113187;DHFL Pramerica Liquid Fund - Dividend Option - Fortnightly;INF663L01120;INF663L01104;1001.2299;1001.2299;1001.2299;31-Jul-2011
113186;DHFL Pramerica Liquid Fund - Dividend Option - Monthly;INF663L01138;INF663L01112;1001.2363;1001.2363;1001.2363;31-Jul-2011
113183;DHFL Pramerica Liquid Fund - Growth Option;INF663L01070;;1075.5156;1075.5156;1075.5156;31-Jul-2011
113185;DHFL Pramerica Liquid Fund -Dividend Option- Weekly;;INF663L01096;1001.2333;1001.2333;1001.2333;31-Jul-2011

PineBridge Mutual Fund
106513;PineBridge India Liquid Fund- Standard Plan-Daily Dividend Option;;INF178L01699;1001.0000;1001.0000;1001.0000;31-Jul-2011
106508;PineBridge India Liquid Fund- Standard Plan-Growth Option;INF178L01715;;1297.1632;1297.1632;1297.1632;31-Jul-2011
106509;PineBridge India Liquid Fund- Standard Plan-Weekly Dividend Option;;INF178L01764;1002.4261;1002.4261;1002.4261;31-Jul-2011
106506;PineBridge India Liquid Fund-Institutional Plan-Daily Dividend Option;;INF178L01616;1001.0000;1001.0000;1001.0000;31-Jul-2011
106511;PineBridge India Liquid Fund-Institutional Plan-Growth Option;INF178L01632;;1292.1684;1292.1684;1292.1684;31-Jul-2011
106507;PineBridge India Liquid Fund-Institutional Plan-Weekly Dividend Option;;INF178L01681;1002.4099;1002.4099;1002.4099;31-Jul-2011
106503;PineBridge India Liquid Fund-Retail Plan-DailyDividend Option;;INF178L01533;1001.0000;1001.0000;1001.0000;31-Jul-2011
106514;PineBridge India Liquid Fund-Retail Plan-Growth Option;INF178L01558;;1277.0445;1277.0445;1277.0445;31-Jul-2011
106504;PineBridge India Liquid Fund-Retail Plan-Monthly Dividend Option;INF178L01566;INF178L01574;1002.3603;1002.3603;1002.3603;31-Jul-2011
106516;PineBridge India Liquid Fund-Retail Plan-Quarterly Dividend Option;INF178L01582;INF178L01590;1010.4001;1010.4001;1010.4001;31-Jul-2011
106510;PineBridge India Liquid Fund-Retail Plan-Weekly Dividend Option;;INF178L01608;1002.3603;1002.3603;1002.3603;31-Jul-2011

Sahara Mutual Fund
101397;Sahara Liquid Fund-Fixed Pricing -  Weekly Dividend Option;;INF515L01064;1027.4373;1027.4373;1027.4373;31-Jul-2011
101393;Sahara Liquid Fund-Fixed Pricing - Daily Dividend Option;;INF515L01049;1024.9513;1024.9513;1024.9513;31-Jul-2011
101394;Sahara Liquid Fund-Fixed Pricing - Growth option;INF515L01056;;1831.7846;1831.7846;1831.7846;31-Jul-2011
101398;Sahara Liquid Fund-Fixed Pricing - Monthly Dividend Option;;INF515L01072;1024.9923;1024.9923;1024.9923;31-Jul-2011
101399;Sahara Liquid Fund-Variable Pricing - Daily Dividend option;;INF515L01080;1024.9696;1024.9696;1024.9696;31-Jul-2011
101402;Sahara Liquid Fund-Variable Pricing - Growth option;INF515L01114;;1846.9437;1846.9437;1846.9437;31-Jul-2011
101400;Sahara Liquid Fund-Variable Pricing - Weekly Dividend Option;;INF515L01098;1025.2026;1025.2026;1025.2026;31-Jul-2011
101401;Sahara Liquid Fund-Variable Pricing- Monthly Dividend Option;;INF515L01106;1025.3175;1025.3175;1025.3175;31-Jul-2011

Tata Mutual Fund
101987;Tata Liquid Fund Reglar Plan - Monthly Dividend;INF277K01LR5;INF277K01LS3;1003.9930;1003.9930;1003.9930;31-Jul-2011
101984;Tata Liquid High Investment Plan - Daily;;;1114.3379;1114.3379;1114.3379;31-Jul-2011
101860;Tata Liquid High Investment Plan - Growth;INF277K01LN4;;1668.2843;1668.2843;1668.2843;31-Jul-2011
101985;Tata Liquid High Investment Plan - Monthly;INF277K01LO2;INF277K01LP9;1020.0315;1020.0315;1020.0315;31-Jul-2011
101859;Tata Liquid High Investment Plan - Weekly;;;1147.8424;1147.8424;1147.8424;31-Jul-2011
101982;Tata Liquid Retail Investment PLan - Daily;;;1116.8143;1116.8143;1116.8143;31-Jul-2011
101983;Tata Liquid Retail Investment Plan - Fortnightly;;;1145.4873;1145.4873;1145.4873;31-Jul-2011
101858;Tata Liquid Retail Investment Plan - Growth;INF277K01LM6;;2304.2367;2304.2367;2304.2367;31-Jul-2011
103631;Tata Liquidity Management Fund - Regular Plan - Daily Dividend;;;1002.6089;1002.6089;1002.6089;31-Jul-2011
103632;Tata Liquidity Management Fund - Regular Plan - Growth;INF277K01LW5;;1359.5426;1359.5426;1359.5426;31-Jul-2011
103519;Tata Liquidity Management Fund - Regular Plan  -Weekly Dividend;;;1006.5354;1006.5354;1006.5354;31-Jul-2011

Open Ended Schemes ( Money Market )


Tata Mutual Fund
102152;Tata Money Market Fund Regular (Bonus / Dividend);;;10.1605;10.1605;10.1605;31-Jul-2011
102153;Tata Money Market Fund Regular (Growth);INF277K01LY1;;16.1173;16.1173;16.1173;31-Jul-2011

Open Ended Schemes ( Floating Rate )


HSBC Mutual Fund
102836;HSBC Floating Rate Fund - Short Term - Inst. - Dividend - Daily;;;0.0000;0.0000;0.0000;31-Jul-2011
102838;HSBC Floating Rate Fund - Short Term - Inst. - Dividend - Monthly;;;0.0000;0.0000;0.0000;31-Jul-2011
102837;HSBC Floating Rate Fund - Short Term - Inst. - Dividend - Weekly;;;0.0000;0.0000;0.0000;31-Jul-2011
102835;HSBC Floating Rate Fund - Short Term - Inst. - Growth;;;14.8116;14.8116;14.8116;31-Jul-2011
102840;HSBC Floating Rate Fund - Short Term - Inst. Plus - Dividend - Daily;;;0.0000;0.0000;0.0000;31-Jul-2011
102842;HSBC Floating Rate Fund - Short Term - Inst. Plus - Dividend - Monthly;;;0.0000;0.0000;0.0000;31-Jul-2011
102841;HSBC Floating Rate Fund - Short Term - Inst. Plus - Dividend - Weekly;;;0.0000;0.0000;0.0000;31-Jul-2011
102839;HSBC Floating Rate Fund - Short Term - Inst. Plus - Growth;;;0.0000;0.0000;0.0000;31-Jul-2011
102833;HSBC Floating Rate Fund - Short Term - Regular - Dividend - Daily;;;10.0000;10.0000;10.0000;31-Jul-2011
102834;HSBC Floating Rate Fund - Short Term - Regular - Dividend - Weekly;;;10.0192;10.0192;10.0192;31-Jul-2011
102832;HSBC Floating Rate Fund - Short Term - Regular - Growth;;;14.6412;14.6412;14.6412;31-Jul-2011

Open Ended Schemes ( Debt Scheme - Overnight Fund )


HDFC Mutual Fund
101996;HDFC Overnight Fund - Growth Option;INF179KB1HS3;;16.4852;16.4852;16.4852;31-Jul-2011
101997;HDFC Overnight Fund - IDCW Option (Daily);;INF179KB1IF8;10.4266;10.4266;10.4266;31-Jul-2011

SBI Mutual Fund
114297;SBI Overnight Fund - Regular Plan - Daily Income Distribution cum Capital Withdrawal Option (IDCW);;INF200K01LN6;10.0991;10.0991;10.0991;31-Jul-2011
101206;SBI OVERNIGHT FUND - REGULAR PLAN - GROWTH;INF200K01LQ9;;17.4196;17.4196;17.4196;31-Jul-2011
103140;SBI Overnight Fund - Regular Plan - Weekly Income Distribution cum Capital Withdrawal Option (IDCW);INF200K01LO4;INF200K01LP1;10.3141;10.3141;10.3141;31-Jul-2011

Open Ended Schemes ( Debt Scheme - Liquid Fund )


Aditya Birla Sun Life Mutual Fund
100047;Aditya Birla Sun Life Liquid Fund - Growth;INF209K01RU9;;16.1545;16.1545;16.1545;31-Jul-2011
100046;Aditya Birla Sun Life Liquid Fund -Daily IDCW;INF209K01KQ2;INF209K01SQ5;10.0195;10.0195;10.0195;31-Jul-2011
100041;Aditya Birla Sun Life Liquid Fund -Institutional - IDCW;;INF209K01KN9;10.8023;10.8023;10.8023;31-Jul-2011
100048;Aditya Birla Sun Life Liquid Fund -Institutional - weekly  IDCW;INF209KA1LK7;INF209K01KY6;10.8118;10.8118;10.8118;31-Jul-2011
100044;Aditya Birla Sun Life Liquid Fund -Retail - IDCW;;INF209K01KP4;16.3694;16.3694;16.3694;31-Jul-2011
100051;Aditya Birla Sun Life Liquid Fund -weekly IDCW;INF209K01KU4;INF209KA1LJ9;10.0274;10.0274;10.0274;31-Jul-2011
112014;Aditya Birla Sun Life Liquid Fund- Discipline Advantage Plan;INF209K01KZ3;;11.1374;11.1374;11.1374;31-Jul-2011
100043;Aditya Birla Sun Life Liquid Fund-Institutional (Growth);INF209K01RT1;;27.1309;27.1309;27.1309;31-Jul-2011
100042;Aditya Birla Sun Life Liquid Fund-Retail (Growth);INF209K01ME4;;26.6218;26.6218;26.6218;31-Jul-2011

Axis Mutual Fund
112211;Axis Liquid Fund - Regular Plan - Daily IDCW;;INF846K01420;1000.0960;1000.0960;1000.0960;31-Jul-2011
112210;Axis Liquid Fund - Regular Plan - Growth Option;INF846K01412;;1118.0440;1118.0440;1118.0440;31-Jul-2011
112213;Axis Liquid Fund - Regular Plan - Monthly IDCW;INF846K01453;INF846K01461;1001.4847;1001.4847;1001.4847;31-Jul-2011
112212;Axis Liquid Fund - Regular Plan - Weekly IDCW;INF846K01438;INF846K01446;1003.5137;1003.5137;1003.5137;31-Jul-2011
112712;Axis Liquid Fund - Retail Plan - Daily IDCW;;INF846K01362;1000.0746;1000.0746;1000.0746;31-Jul-2011
112713;Axis Liquid Fund - Retail Plan - Growth Option;INF846K01354;;1097.3868;1097.3868;1097.3868;31-Jul-2011
112714;Axis Liquid Fund - Retail Plan - Monthly IDCW;INF846K01396;INF846K01404;1001.4112;1001.4112;1001.4112;31-Jul-2011
112715;Axis Liquid Fund - Retail Plan - Weekly IDCW;INF846K01370;INF846K01388;1001.4213;1001.4213;1001.4213;31-Jul-2011

Bandhan Mutual Fund
108692;BANDHAN LIQUID Fund - Regular Plan - Daily IDCW;INF194K01VZ4;INF194K01VY7;10.0025;10.0025;10.0025;31-Jul-2011
108690;BANDHAN LIQUID Fund - Regular Plan - Growth;INF194K01VX9;;12.2749;12.2749;12.2749;31-Jul-2011
108691;BANDHAN LIQUID Fund - Regular Plan - Weekly IDCW;INF194K01WI8;INF194K01WH0;10.0051;10.0051;10.0051;31-Jul-2011
108779;BANDHAN Liquid Fund-Plan A-Dividend (Daily);INF194K01VC3;INF194K01VB5;10.5819;10.5819;10.5819;31-Jul-2011
108778;BANDHAN Liquid Fund-Plan A-Growth;INF194K01UX1;;17.894;17.894;17.894;31-Jul-2011
115486;BANDHAN Liquid Fund-Plan A-Monthly;INF194K01VF6;INF194K01VE9;10.007;10.007;10.007;31-Jul-2011
108607;BANDHAN Liquid Fund - Plan A-Dividend (Weekly);INF194K01VI0;INF194K01VH2;10.0146;10.0146;10.0146;31-Jul-2011
108781;BANDHAN Liquid Fund - Plan B (G) (Institutional Plan);INF194K01VK6;;18.0511;18.0511;18.0511;31-Jul-2011
108681;BANDHAN Liquid Fund - Plan B-Daily-Dividend(Institutional Plan);INF194K01VM2;INF194K01VL4;10.5873;10.5873;10.5873;31-Jul-2011

Bank of India Mutual Fund
109257;BANK OF INDIA Liquid Fund- Institutional Plan- Daily Dividend;;;1000.0000;1000.0000;1000.0000;31-Jul-2011
109256;BANK OF INDIA Liquid Fund- Institutional Plan-Growth;INF761K01314;;1196.2598;1196.2598;1196.2598;31-Jul-2011
111971;BANK OF INDIA Liquid Fund- Regular Plan- Daily IDCW;;INF761K01CO4;1000.0000;1000.0000;1000.0000;31-Jul-2011
109254;BANK OF INDIA Liquid Fund- Regular Plan- Growth;INF761K01306;;1181.3468;1181.3468;1181.3468;31-Jul-2011
109255;BANK OF INDIA Liquid Fund- Regular Plan- Weekly IDCW;;INF761K01CP1;1001.2912;1001.2912;1001.2912;31-Jul-2011

Baroda BNP Paribas Mutual Fund
111707;Baroda BNP Paribas LIQUID FUND - Regular Plan - DAILY IDCW OPTION;INF955L01468;INF955L01476;1000.6300;1000.6300;1000.6300;31-Jul-2011
111704;Baroda BNP Paribas LIQUID FUND - Regular Plan - GROWTH OPTION;INF955L01484;;1155.6496;1155.6496;1155.6496;31-Jul-2011
111705;Baroda BNP Paribas LIQUID FUND - Regular Plan - WEEKLY IDCW OPTION;INF251K01SK0;INF955L01500;1001.5513;1001.5513;1001.5513;31-Jul-2011
101408;Baroda BNP Paribas LIQUID FUND- Defunct Plan -Growth Option;INF955L01575;;1751.5749;1751.5749;1751.5749;31-Jul-2011
101407;Baroda BNP Paribas LIQUID FUND-Defunct Plan- IDCW Option;INF955L01559;INF955L01567;1500.6667;1500.6667;1500.6667;31-Jul-2011
101409;Baroda BNP Paribas LIQUID FUND-Defunct Plan-Daily IDCW Option;INF955L01518;INF955L01526;1006.0600;1006.0600;1006.0600;31-Jul-2011

BNP Paribas Mutual Fund
113641;BNP PARIBAS LIQUID Fund-Institutional Plan-Daily Dividend Option;;;10.0030;10.0030;10.0030;31-Jul-2011
113634;BNP PARIBAS LIQUID Fund-Institutional Plan-Growth Option;;;15.5130;15.5130;15.5130;31-Jul-2011
113638;BNP PARIBAS LIQUID Fund-Institutional Plan-Monthly Dividend Payout Option;;;10.0060;10.0060;10.0060;31-Jul-2011
113642;BNP PARIBAS LIQUID Fund-Institutional Plan-Weekly Dividend Option;;;10.0082;10.0082;10.0082;31-Jul-2011
113633;BNP PARIBAS LIQUID Fund-Institutional Plus Plan-Daily Dividend Option;;;0.0000;0.0000;0.0000;31-Jul-2011
113639;BNP PARIBAS LIQUID Fund-Institutional Plus Plan-Growth Option;;;0.0000;0.0000;0.0000;31-Jul-2011
113635;BNP PARIBAS LIQUID Fund-Institutional Plus Plan-Monthly Dividend Option;;;0.0000;0.0000;0.0000;31-Jul-2011
113636;BNP PARIBAS LIQUID Fund-Institutional Plus Plan-Weekly Dividend Option;;;0.0000;0.0000;0.0000;31-Jul-2011
113640;BNP PARIBAS LIQUID Fund-Regular Plan-Growth Option;INF251K01CI8;;15.0989;15.0989;15.0989;31-Jul-2011
113632;BNP PARIBAS LIQUID Fund-Regular Plan-Monthly Dividend;INF251K01CK4;INF251K01CL2;10.0056;10.0056;10.0056;31-Jul-2011
113637;BNP PARIBAS LIQUID Fund-Regular Plan-Weekly Dividend Option;;INF251K01CJ6;10.0080;10.0080;10.0080;31-Jul-2011

Canara Robeco Mutual Fund
109349;CANARA ROBECO LIQUID FUND - REGULAR PLAN - DAILY IDCW (Reinvestment);;INF760K01CU3;10.0550;10.0550;10.0550;31-Jul-2011
109353;CANARA ROBECO LIQUID FUND - REGULAR PLAN - GROWTH OPTION;INF760K01CW9;;12.2679;12.2679;12.2679;31-Jul-2011
109350;CANARA ROBECO LIQUID FUND - REGULAR PLAN - WEEKLY IDCW (Payout/Reinvestment);INF760K01BZ4;INF760K01CZ2;10.0000;10.0000;10.0000;31-Jul-2011
101363;Canara Robeco Liquid Fund- INSTITUTIONAL-Daily Dividend Reinvestment;;INF760K01CC1;10.0550;10.0550;10.0550;31-Jul-2011
101362;Canara Robeco Liquid Fund- INSTITUTIONAL-Growth;INF760K01CD9;;18.2755;18.2755;18.2755;31-Jul-2011
101361;Canara Robeco Liquid Fund- INSTITUTIONAL-Weekly dividend;;INF760K01CE7;10.0000;10.0000;10.0000;31-Jul-2011
109357;Canara Robeco Liquid Fund-Institutional-Fortnightly Div Reinvest;;INF760K01860;10.0000;10.0000;10.0000;31-Jul-2011
109355;Canara Robeco Liquid Fund-Regular Plan-Fortnightly Div Reinvest.;;INF760K01951;10.0000;10.0000;10.0000;31-Jul-2011
101364;Canara Robeco Liquid Fund-Retail-DRI;;INF760K01CF4;10.0700;10.0700;10.0700;31-Jul-2011
109346;Canara Robeco Liquid Fund-Retail-Fortnightly Div Reinvest;;INF760K01CG2;10.0793;10.0793;10.0793;31-Jul-2011
101365;Canara Robeco Liquid Fund-Retail-Growth;INF760K01CH0;;18.1763;18.1763;18.1763;31-Jul-2011
109347;Canara Robeco Liquid Fund-Retail-Monthly Div Reinvest;;INF760K01CI8;10.0638;10.0638;10.0638;31-Jul-2011
109356;Canara Robeco Liquid Fund-Retail-Weekly Div Reinvest;;INF760K01CJ6;10.0639;10.0639;10.0639;31-Jul-2011

DSP Mutual Fund
103347;DSP Liquidity Fund - Regular Plan - Growth;INF740K01FK9;;1444.2269;1444.2269;1444.2269;31-Jul-2011
103348;DSP Liquidity Fund - Regular Plan - IDCW - Weekly;INF740K01FM5;INF740K01FL7;1000.9097;1000.9097;1000.9097;31-Jul-2011
103349;DSP Liquidity Fund- Regular Plan - IDCW - Daily;;INF740KA1OE0;1000.3161;1000.3161;1000.3161;31-Jul-2011
100943;DSP BlackRock Liquidity Fund - Regular Plan - Daily Dividend;;;10.0100;10.0100;10.0100;31-Jul-2011
100940;DSP BlackRock Liquidity Fund - Regular Plan - Growth;INF740K01CN0;;23.9219;23.9219;23.9219;31-Jul-2011
100941;DSP BlackRock Liquidity Fund - Regular Plan Weekly Dividend;;;12.4191;12.4191;12.4191;31-Jul-2011

Franklin Templeton Mutual Fund
100543;Franklin India Liquid Fund - Liquid Plan - Daily IDCW;;;1000.6730;1000.6730;1000.6730;31-Jul-2011
100544;Franklin India Liquid Fund - Liquid Plan - Growth;;;1502.8007;1502.8007;1502.8007;31-Jul-2011
100542;Franklin India Liquid Fund - Liquid Plan - Weekly Dividend;;;1000.5749;1000.5749;1000.5749;31-Jul-2011
100541;Franklin India Liquid Fund - Regular Plan - Daily - IDCW;;INF090I01BA3;1512.3400;1512.3400;1512.3400;31-Jul-2011
100538;Franklin India Liquid Fund - Regular Plan - Growth;INF090I01BB1;;2470.0481;2470.0481;2470.0481;31-Jul-2011
100537;Franklin India Liquid Fund - Regular Plan - Weekly - IDCW;INF090I01BL0;INF090I01BI6;1244.3238;1244.3238;1244.3238;31-Jul-2011
100547;Franklin India Liquid Fund - Super Institutional Plan - Daily - IDCW;;INF090I01BF2;1000.6730;1000.6730;1000.6730;31-Jul-2011
100546;Franklin India Liquid Fund - Super Institutional Plan - Growth;INF090I01BG0;;1500.6181;1500.6181;1500.6181;31-Jul-2011
100548;Franklin India Liquid Fund - Super Institutional Plan - Weekly - IDCW;INF090I01BM8;INF090I01BH8;1021.1243;1021.1243;1021.1243;31-Jul-2011
102441;Franklin India Liquid Fund - Institution-Growth;INF090I01BD7;;1571.1398;1571.1398;1571.1398;31-Jul-2011
102443;Franklin India Liquid Fund - Institutional Plan - Daily - IDCW;;INF090I01BC9;1000.6730;1000.6730;1000.6730;31-Jul-2011
102442;Franklin India Liquid Fund - Institutional Plan - Weekly - IDCW;INF090I01BJ4;INF090I01BE5;1054.7186;1054.7186;1054.7186;31-Jul-2011

HDFC Mutual Fund
100868;HDFC Liquid Fund - Growth Plan;INF179KB1HK0;;19.9331;19.9331;19.9331;31-Jul-2011
100875;HDFC Liquid Fund - IDCW Daily;;INF179KB1IC5;10.1982;10.1982;10.1982;31-Jul-2011
100876;HDFC Liquid Fund - IDCW Monthly;INF179KB1HM6;INF179KB1HL8;10.2777;10.2777;10.2777;31-Jul-2011
100874;HDFC Liquid Fund - IDCW Plan Weekly;INF179KB1ID3;;10.325;10.325;10.325;31-Jul-2011
100877;HDFC Liquid Fund-Premium Plan - Dividend-Daily;;INF179K01KN4;12.2598;12.2598;12.2598;31-Jul-2011
100878;HDFC Liquid Fund-Premium Plan - Dividend-Weekly;INF179K01KP9;;10.3795;10.3795;10.3795;31-Jul-2011
100881;HDFC Liquid Fund-Premium Plus Plan - Dividend-Weekly;INF179K01KS3;;10;10;10;31-Jul-2011
100872;HDFC Liquid Fund-PREMIUM PLUS- Growth;INF179K01KQ7;;20.2616;20.2616;20.2616;31-Jul-2011
100873;HDFC Liquid Fund-PREMIUM- Growth;INF179KB1HN4;;20.2209;20.2209;20.2209;31-Jul-2011

HSBC Mutual Fund
101700;HSBC Cash Fund - Dividend - Daily;;INF336L01321;10.0056;10.0056;10.0056;31-Jul-2011
101702;HSBC Cash Fund - Dividend - Monthly;INF336L01305;INF336L01297;10.0806;10.0806;10.0806;31-Jul-2011
101701;HSBC Cash Fund - Dividend - Weekly;;INF336L01347;10.5121;10.5121;10.5121;31-Jul-2011
101692;HSBC Cash Fund - Inst. - Dividend - Daily;;INF336L01354;10.4401;10.4401;10.4401;31-Jul-2011
101694;HSBC Cash Fund - Inst. - Dividend - Monthly;INF336L01370;INF336L01362;10.5257;10.5257;10.5257;31-Jul-2011
101693;HSBC Cash Fund - Inst. - Dividend - Weekly;;INF336L01388;10.7389;10.7389;10.7389;31-Jul-2011
101691;HSBC Cash Fund - Inst. - Growth;INF336L01289;;16.2735;16.2735;16.2735;31-Jul-2011
101697;HSBC Cash Fund - Regular - Dividend - Daily;;INF336L01263;10.1930;10.1930;10.1930;31-Jul-2011
101698;HSBC Cash Fund - Regular - Dividend - Weekly;;INF336L01313;10.0210;10.0210;10.0210;31-Jul-2011
101696;HSBC Liquid Fund - Growth closed plan;INF336L01271;;16.0774;16.0774;16.0774;31-Jul-2011
101699;HSBC Liquid Fund Closed;INF336L01339;;10.1526;10.1526;10.1526;31-Jul-2011

ICICI Prudential Mutual Fund
100357;ICICI Prudential Liquid Fund -Quarterly IDCW;INF109K01UU5;INF109K01UT7;100.9147;100.9147;100.9147;31-Jul-2011
100359;ICICI Prudential Liquid Institutional Plus Fund - Div - Daily;INF109K01VJ6;;118.5150;118.5150;118.5150;31-Jul-2011
100360;ICICI Prudential Liquid Institutional Plus Fund - Div - Weekly;INF109K01VM0;;118.7456;118.7456;118.7456;31-Jul-2011
100362;ICICI Prudential Liquid Institutional Plus Fund - Growth;INF109K01VK4;;248.8820;248.8820;248.8820;31-Jul-2011
103343;ICICI Prudential Liquid Fund - Daily IDCW;INF109K01VP3;;100.0226;100.0226;100.0226;31-Jul-2011
103340;ICICI Prudential Liquid Fund - Growth;INF109K01VQ1;;149.2169;149.2169;149.2169;31-Jul-2011
104308;ICICI Prudential Liquid Fund - Half Yearly IDCW;INF109K01UX9;INF109K01UW1;101.5094;101.5094;101.5094;31-Jul-2011
103344;ICICI Prudential Liquid Fund - Institutional Option - I;INF109K01VH0;;145.6115;145.6115;145.6115;31-Jul-2011
103342;ICICI Prudential Liquid Fund - Weekly IDCW;INF109K01VS7;;100.3026;100.3026;100.3026;31-Jul-2011
103341;ICICI Prudential Liquid Fund -Monthly IDCW;INF109K01VR9;;100.0965;100.0965;100.0965;31-Jul-2011
101748;ICICI Prudential Liquid Fund - Institutional - Daily - Div;INF109K01VE7;;118.5020;118.5020;118.5020;31-Jul-2011
101753;ICICI Prudential Liquid Fund - Institutional - Weekly - Div;INF109K01VI8;;118.6113;118.6113;118.6113;31-Jul-2011
101754;ICICI Prudential Liquid Fund Retail Daily Dividend;INF109K01UR1;;118.5140;118.5140;118.5140;31-Jul-2011
101750;ICICI Prudential Liquid Fund Retail Growth;INF109K01UQ3;;241.7485;241.7485;241.7485;31-Jul-2011
101755;ICICI Prudential Liquid Fund Retail Monthly Dividend;INF109K01US9;;100.1960;100.1960;100.1960;31-Jul-2011
101752;ICICI Prudential Liquid Fund Retail Weekly Dividend;INF109K01UV3;;118.9796;118.9796;118.9796;31-Jul-2011
101751;ICICI Prudential Liquid Institutional Fund - Growth;INF109K01VF4;;246.8727;246.8727;246.8727;31-Jul-2011

IDBI Mutual Fund
113104;IDBI Liquid Fund- Monthly IDCW;INF397L01976;INF397L01968;1001.4314;1001.4314;1001.4314;31-Jul-2011
113102;IDBI Liquid Fund-Daily IDCW;;INF397L01935;1000.0000;1000.0000;1000.0000;31-Jul-2011
113096;IDBI Liquid Fund-Growth;INF397L01984;;1082.4027;1082.4027;1082.4027;31-Jul-2011
113103;IDBI Liquid Fund-Weekly IDCW;INF397L01950;INF397L01943;1000.2200;1000.2200;1000.2200;31-Jul-2011

Invesco Mutual Fund
104484;Invesco India Liquid Fund - Daily IDCW (Reinvestment);;INF205K01HN3;1000.7849;1000.7849;1000.7849;31-Jul-2011
104486;Invesco India Liquid Fund - Growth;INF205K01HM5;;1386.0232;1386.0232;1386.0232;31-Jul-2011
104488;Invesco India Liquid Fund - Regular - Growth;INF205K01HG7;;1359.1115;1359.1115;1359.1115;31-Jul-2011
104489;Invesco India Liquid Fund - Regular - Weekly IDCW (Reinvestment);;INF205K01HH5;1001.6829;1001.6829;1001.6829;31-Jul-2011
104483;Religare Invesco Liquid Fund - Institutional - Daily Dividend;;INF205K01HJ1;1000.2250;1000.2250;1000.2250;31-Jul-2011
104491;Religare Invesco Liquid Fund - Institutional - Growth;INF205K01HI3;;1376.9056;1376.9056;1376.9056;31-Jul-2011

JM Financial Mutual Fund
100241;JM High Liquidity Fund-- Institutional Plan - Dividend;INF192K01924;INF192K01932;10.6111;10.6111;10.6111;31-Jul-2011
100237;JM High Liquidity Fund-- Institutional Plan - Growth;INF192K01940;;16.6145;16.6145;16.6145;31-Jul-2011
100238;JM High Liquidity Fund-Institutional Plan - Daily Dividend;;INF192K01916;10.0159;10.0159;10.0159;31-Jul-2011
100245;JM High Liquidity Fund-Super Institutional Plan- Daily Dividend;;INF192K01957;10.0165;10.0165;10.0165;31-Jul-2011
100246;JM High Liquidity Fund-Super Institutional Plan- Weekly  Dividend;INF192K01965;INF192K01973;10.0145;10.0145;10.0145;31-Jul-2011
100244;JM Liquid Fund (Regular) - Quarterly IDCW;INF192K01866;INF192K01874;15.5855;15.5855;15.5855;31-Jul-2011
100247;JM Liquid Fund (Regular) - Super Institutional Plan - Growth Option;INF192K01981;;15.7984;15.7984;15.7984;31-Jul-2011
100233;JM Liquid Fund (Regular) - Weekly IDCW;INF192K01841;INF192K01858;10.8575;10.8575;10.8575;31-Jul-2011
100234;JM Liquid Fund - Growth Option;INF192K01882;;27.5359;27.5359;27.5359;31-Jul-2011
101549;JM Liquid Fund (Regular) - Bonus Option - Principal Units;INF192K01890;;14.4602;14.4602;14.4602;31-Jul-2011
101078;JM Liquid Fund (Regular) - Daily IDCW;;INF192K01833;10.4302;10.4302;10.4302;31-Jul-2011

Kotak Mahindra Mutual Fund
100833;Kotak Liquid Fund - Regular  - Daily Reinvestment of Income Distribution cum capital withdrawal option;;INF174K01NL3;12.2281;12.2281;12.2281;31-Jul-2011
100835;Kotak Liquid Fund - Regular Plan - Growth;INF174K01NI9;;20.467;20.467;20.467;31-Jul-2011
100831;Kotak Liquid Fund -Institutional Plan - (Daily Dividend);;INF174K01GA0;12.2281;12.2281;12.2281;31-Jul-2011
100834;Kotak Liquid Fund Regular Plan Weekly Reinvestment of Income Distribution cum capital withdrawal option Dividend;INF174K01NK5;;10.0767;10.0767;10.0767;31-Jul-2011
100830;Kotak Liquid-Institutional Plan  (Growth);INF174K01FZ9;;19.8238;19.8238;19.8238;31-Jul-2011
100832;Kotak Liquid-Institutional Plan (Weekly Dividend);;INF174K01GB8;10.0114;10.0114;10.0114;31-Jul-2011
100828;Kotak Liquid-Regular (Dividend);;INF174K01FY2;10.0349;10.0349;10.0349;31-Jul-2011
100829;Kotak Liquid-Regular (Growth);INF174K01NM1;;19.3904;19.3904;19.3904;31-Jul-2011

L&T Mutual Fund
112445;L&T Liquid Fund -Regular Plan - Daily IDCW;INF917K01JB4;;10.1163;10.1163;10.1163;31-Jul-2011
112457;L&T Liquid Fund -Regular Plan - Growth;INF917K01JH1;;13.8406;13.8406;13.8406;31-Jul-2011
112456;L&T Liquid Fund-Cum -Institutional Plus;INF917K01BJ4;;20.2979;20.2979;20.2979;31-Jul-2011
112442;L&T Liquid Fund-Regular Cumulative;INF917K01BF2;;20.0187;20.0187;20.0187;31-Jul-2011
112483;L&T Liquid Fund - Institutional Plus Weekly Dividend;INF917K01BH8;INF917K01BI6;13.4502;13.4502;13.4502;31-Jul-2011

LIC Mutual Fund
101184;LIC MF Liquid Fund-Regular Plan-Daily IDCW;INF767K01IQ3;INF767K01IR1;10.9801;10.9801;10.9801;31-Jul-2011
101185;LIC MF Liquid Fund-Regular Plan-Growth;INF767K01IS9;;18.4148;18.4148;18.4148;31-Jul-2011

Mirae Asset Mutual Fund
111647;Mirae Asset Liquid Fund - Regular - Daily IDCW;;INF769K01804;1033.8753;1033.8753;1033.8753;31-Jul-2011
111646;Mirae Asset Liquid Fund - Regular Plan - Growth;INF769K01788;;1105.5383;1105.5383;1105.5383;31-Jul-2011
111645;Mirae Asset Liquid Fund - Regular Plan - Monthly IDCW;INF769K01838;INF769K01820;1105.6816;1105.6816;1105.6816;31-Jul-2011
111644;Mirae Asset Liquid Fund - Regular Plan - Weekly IDCW;INF769K01PC4;INF769K01812;1104.2269;1104.2269;1104.2269;31-Jul-2011

Navi Mutual Fund
112645;Navi Liquid Fund - Regular Plan Daily IDCW;;INF959L01GM7;10.0015;10.0015;10.0015;31-Jul-2011
112646;Navi Liquid Fund - Regular Plan Weekly IDCW;INF959L01GP0;INF959L01GQ8;10.0155;10.0155;10.0155;31-Jul-2011
112637;Navi Liquid Fund-Institutional Plan-Dividend Option-Daily;;INF959L01197;10.0015;10.0015;10.0015;31-Jul-2011
112640;Navi Liquid Fund-Institutional Plan-Growth;INF959L01247;;10.9654;10.9654;10.9654;31-Jul-2011
112636;Navi Liquid Fund-Regular Plan-Growth Option;INF959L01GL9;;11.0096;11.0096;11.0096;31-Jul-2011
112641;Navi Liquid Fund-Retail Plan-Dividend Option-Daily;;INF959L01254;10.0015;10.0015;10.0015;31-Jul-2011
112643;Navi Liquid Fund-Retail Plan-Dividend Option-Monthly;INF959L01262;INF959L01270;10.0042;10.0042;10.0042;31-Jul-2011
112642;Navi Liquid Fund-Retail Plan-Dividend Option-Weekly;INF959L01288;INF959L01296;10.0123;10.0123;10.0123;31-Jul-2011
112644;Navi Liquid Fund-Retail Plan-Growth;INF959L01304;;10.9420;10.9420;10.9420;31-Jul-2011

Nippon India Mutual Fund
100852;NIPPON INDIA LIQUID FUND - DAILY IDCW OPTION;;INF204K01UM1;15.2874;15.2874;15.2874;31-Jul-2011
100855;NIPPON INDIA LIQUID FUND - MONTHLY IDCW OPTION;INF204K01UO7;INF204K01UP4;21.7745;21.7745;21.7745;31-Jul-2011
100837;Nippon India Liquid Fund - Retail Option - Growth Plan;INF204K01UL3;;24.0800;24.0800;24.0800;31-Jul-2011
100842;NIPPON INDIA LIQUID FUND - RETAIL Plan - DAILY IDCW OPTION;;INF204K01UJ7;15.2428;15.2428;15.2428;31-Jul-2011
100843;NIPPON INDIA LIQUID FUND - RETAIL plan - MONTHLY IDCW OPTION;INF204K01UT6;INF204K01UU4;13.3271;13.3271;13.3271;31-Jul-2011
100844;NIPPON INDIA LIQUID FUND - RETAIL Plan - QUARTERLY IDCW OPTION;INF204K01UV2;INF204K01UW0;12.2697;12.2697;12.2697;31-Jul-2011
100838;NIPPON INDIA LIQUID FUND - RETAIL Plan - WEEKLY IDCW OPTION;;INF204K01UK5;10.3464;10.3464;10.3464;31-Jul-2011
100853;NIPPON INDIA LIQUID FUND - WEEKLY IDCW OPTION;INF204KC1FM8;INF204K01US8;15.3102;15.3102;15.3102;31-Jul-2011
100851;Nippon India Liquid Fund -Growth Plan;INF204K01UN9;;24.5724;24.5724;24.5724;31-Jul-2011
100849;Reliance Liquid Fund-Cash Plan-Daily Dividend Reinvestment Option;;;11.1415;11.1415;11.1415;31-Jul-2011
100845;Reliance Liquid Fund-Cash Plan-Growth Plan;;;16.3584;16.3584;16.3584;31-Jul-2011
114251;Reliance Liquid Fund-Cash Plan-Monthly Dividend Plan;;;10.0422;10.0422;10.0422;31-Jul-2011
114252;Reliance Liquid Fund-Cash Plan-Quarterly Dividend Plan;;;10.1281;10.1281;10.1281;31-Jul-2011
100848;Reliance Liquid Fund-Cash Plan-Weekly Dividend Reinvestment Option;;;10.9220;10.9220;10.9220;31-Jul-2011

Principal Mutual Fund
100895;Principal Cash Management Fund - Daily Income Distribution CUM Capital Withdrawal;;INF173K01DB7;10.0007;10.0007;10.0007;31-Jul-2011
100897;Principal Cash Management Fund - Monthly Income Distribution CUM Capital Withdrawal Option;INF173K01BV9;INF173K01BW7;10.1055;10.1055;10.1055;31-Jul-2011
100896;Principal Cash Management Fund - Weekly Income Distribution CUM Capital Withdrawal Option;;INF173K01DC5;10.067;10.067;10.067;31-Jul-2011
100898;Principal Cash Management Fund -Growth Option;INF173K01DA9;;15.6936;15.6936;15.6936;31-Jul-2011

Quantum Mutual Fund
103736;Quantum Liquid Fund - Direct Plan Daily IDCW;;INF082J01135;10.0000;10.0000;10.0000;31-Jul-2011
103734;Quantum Liquid Fund - Direct Plan Growth Option;INF082J01127;;14.3687;14.3687;14.3687;31-Jul-2011
103735;Quantum Liquid Fund - Direct Plan Monthly IDCW;INF082J01143;INF082J01200;10.0146;10.0146;10.0146;31-Jul-2011

SBI Mutual Fund
105274;SBI Liquid Fund - Institutional - Growth;INF200K01LU1;;16.0328;16.0328;16.0328;31-Jul-2011
105275;SBI Liquid Fund - Institutional Daily Income Distribution cum Capital Withdrawal Option (IDCW);;INF200K01LR7;10.0325;10.0325;10.0325;31-Jul-2011
105279;SBI Liquid Fund - Institutional Fortnightly Income Distribution cum Capital Withdrawal Option (IDCW);INF200K01LS5;INF200K01LT3;10.2100;10.2100;10.2100;31-Jul-2011
105278;SBI Liquid Fund - Institutional Weekly Income Distribution cum Capital Withdrawal Option (IDCW);INF200K01LV9;INF200K01LW7;10.6058;10.6058;10.6058;31-Jul-2011
105281;SBI Liquid Fund - Regular Plan - Daily Income Distribution cum Capital Withdrawal Option (IDCW);;INF200K01LX5;10.0325;10.0325;10.0325;31-Jul-2011
105283;SBI Liquid Fund - Regular Plan - Fortnightly Income Distribution cum Capital Withdrawal Option (IDCW);INF200K01LY3;INF200K01LZ0;N.A.;N.A.;N.A.;31-Jul-2011
105282;SBI Liquid Fund - Regular Plan - Weekly Income Distribution cum Capital Withdrawal Option (IDCW);INF200K01MB9;INF200K01MC7;N.A.;N.A.;N.A.;31-Jul-2011
105280;SBI Liquid Fund - REGULAR PLAN -Growth;INF200K01MA1;;15.8656;15.8656;15.8656;31-Jul-2011

Tata Mutual Fund
102672;Tata Liquid Fund -Regular Plan - Growth Option;INF277K01YD8;;15.8377;15.8377;15.8377;31-Jul-2011
101714;Tata Liquid Fund- Regular Plan - Daily Reinvestment of IDCW Option;;INF277K011D4;10.0152;10.0152;10.0152;31-Jul-2011

Taurus Mutual Fund
111915;Taurus Liquid Fund - Regular Plan - SI Growth Option;INF044D01534;;1086.3530;1086.3530;1086.3530;31-Jul-2011
113248;Taurus Liquid Fund - Regular Plan - SI Weekly Dividend Option;;INF044D01526;1000.7324;1000.7324;1000.7324;31-Jul-2011
111703;Taurus Liquid Fund - Regular Plan -SI Daily Dividend Option;;INF044D01518;1000.0905;1000.0905;1000.0905;31-Jul-2011
111547;Taurus Liquid Fund Insti DDRIP;;INF044D01484;1000.0905;1000.0905;1000.0905;31-Jul-2011
111760;Taurus Liquid Fund Insti Growth;INF044D01500;;1108.0894;1108.0894;1108.0894;31-Jul-2011
104240;Taurus Liquid Fund-Dividend;INF044D01542;INF044D01559;1001.2175;1001.2175;1001.2175;31-Jul-2011
104241;Taurus Liquid Fund-Growth;INF044D01575;;1322.9878;1322.9878;1322.9878;31-Jul-2011

Union Mutual Fund
115401;Union Liquid Fund - Daily IDCW Option;;INF582M01021;10.0018;10.0018;10.0018;31-Jul-2011
115398;Union Liquid Fund - Growth Option;INF582M01013;;10.1074;10.1074;10.1074;31-Jul-2011
115400;Union Liquid Fund - Monthly IDCW Option;INF582M01070;INF582M01054;10.0133;10.0133;10.0133;31-Jul-2011
115402;Union Liquid Fund - Weekly IDCW Option;;INF582M01039;10.0133;10.0133;10.0133;31-Jul-2011

UTI Mutual Fund
102010;UTI Liquid Fund - Regular Plan - Daily IDCW (Reinvestment);;INF789F01PG3;1019.4457;1019.4457;1019.4457;31-Jul-2011
102011;UTI Liquid Fund - Regular Plan - Monthly IDCW;INF789F01PI9;INF789F01PJ7;1031.8212;1031.8212;1031.8212;31-Jul-2011
102013;UTI Liquid Fund - Regular Plan - Weekly IDCW;;INF789F01PK5;1042.4741;1042.4741;1042.4741;31-Jul-2011
102012;UTI-  Liquid Cash Plan - Regular Plan - Growth Option;INF789F01PH1;;1656.127;1656.127;1656.127;31-Jul-2011
102008;UTI-  Liquid Cash Plan- Discontinued - Regular Plan - Monthly Dividend Option;INF789F01BC2;INF789F01BA6;1094.173;1094.173;1094.173;31-Jul-2011
102009;UTI-  Liquid Cash Plan- Discontinued - Regular Plan -Growth;INF789F01BB4;;1621.3959;1621.3959;1621.3959;31-Jul-2011
102007;UTI-  Liquid Cash Plan- Discontinued -Regular Plan Periodic Dividend Option;;INF789F01AZ5;1083.2008;1083.2008;1083.2008;31-Jul-2011

Open Ended Schemes ( Debt Scheme - Ultra Short Duration Fund )


Principal Mutual Fund
107329;Principal Ultra Short Term Fund-Daily Income Distribution CUM Capital Withdrawal Option;;INF173K01CV7;10.0543;10.0543;10.0543;31-Jul-2011
107328;Principal Ultra Short Term Fund-Growth Option;INF173K01CU9;;11.3176;11.3176;11.3176;31-Jul-2011
107332;Principal Ultra Short Term Fund-Weekly Income Distribution CUM Capital Withdrawal Option;;INF173K01CW5;10.1229;10.1229;10.1229;31-Jul-2011

SBI Mutual Fund
105080;SBI Ultra Short Duration Fund - Regular Plan - Daily Income Distribution cum Capital Withdrawal Option (IDCW);;INF200K01LK2;16.7503;16.7503;16.7503;31-Jul-2011
100641;SBI ULTRA SHORT DURATION FUND - REGULAR PLAN - GROWTH;INF200K01LJ4;;22.3912;22.3912;22.3912;31-Jul-2011
103884;SBI Ultra Short Duration Fund - Regular Plan - Weekly Income Distribution cum Capital Withdrawal Option (IDCW);INF200K01LM8;INF200K01LL0;10.7783;10.7783;10.7783;31-Jul-2011

Open Ended Schemes ( Debt Scheme - Money Market Fund )


Aditya Birla Sun Life Mutual Fund
101973;Aditya Birla Sun Life Money Manager Fund - Daily IDCW;;INF209K01SZ6;10.0020;10.0020;10.0020;31-Jul-2011
101976;Aditya Birla Sun Life Money Manager Fund - Growth;INF209K01RV7;;13.3887;13.3887;13.3887;31-Jul-2011
101972;Aditya Birla Sun Life Money Manager Fund - Retail - Daily IDCW;;INF209K01JZ5;10.0015;10.0015;10.0015;31-Jul-2011
101970;Aditya Birla Sun Life Money Manager Fund - RETAIL - WEEKLY IDCW;;INF209K01JY8;10.3798;10.3798;10.3798;31-Jul-2011
101971;Aditya Birla Sun Life Money Manager Fund - Retail Growth;INF209K01MJ3;;16.6144;16.6144;16.6144;31-Jul-2011
101974;Aditya Birla Sun Life Money Manager Fund - WEEKLY IDCW;;INF209K01SY9;10.0127;10.0127;10.0127;31-Jul-2011

HDFC Mutual Fund
101994;HDFC Money Market Fund - Daily IDCW Option;;INF179KB1IG6;10.6364;10.6364;10.6364;31-Jul-2011
101993;HDFC Money Market Fund - Growth Option;INF179KB1HR5;;21.084;21.084;21.084;31-Jul-2011
101995;HDFC Money Market Fund - Weekly IDCW Option;INF179KB1IH4;INF179KB1II2;10.6294;10.6294;10.6294;31-Jul-2011

ICICI Prudential Mutual Fund
115328;ICICI Prudential Money Market Fund Dividend;INF109K01I72;;100.0005;100.0005;100.0005;31-Jul-2011
101221;ICICI Prudential Money Market Fund Retail Growth (erstwhile Cash Option);INF109K01TW3;;160.8925;160.8925;160.8925;31-Jul-2011
103634;ICICI Prudential Money Market Fund Option - Daily IDCW;INF109K01TY9;;100.0115;100.0115;100.0115;31-Jul-2011
103633;ICICI Prudential Money Market Fund Option - Growth;INF109K01TX1;;139.5081;139.5081;139.5081;31-Jul-2011
103637;ICICI Prudential Money Market Fund Option - Monthly IDCW;INF109K01UC3;INF109K01UB5;100.3241;100.3241;100.3241;31-Jul-2011
103635;ICICI Prudential Money Market Fund Option - Weekly IDCW;INF109K01TZ6;;100.2102;100.2102;100.2102;31-Jul-2011
103636;ICICI Prudential Money Market Fund Option -Fortnightly IDCW;INF109K01UA7;;100.2783;100.2783;100.2783;31-Jul-2011

Kotak Mahindra Mutual Fund
106842;Kotak Money Market Fund - (Daily Reinvestment of Income Distribution cum capital withdrawal option);INF174K01ND0;;10.1162;10.1162;10.1162;31-Jul-2011
101893;Kotak Money Market Fund - (Growth);INF174K01NA6;;16.5148;16.5148;16.5148;31-Jul-2011
101892;Kotak Money market Fund - (Monthly Payout of Income Distribution cum capital withdrawal option);INF174K018O0;INF174K01NB4;10.0593;10.0593;10.0593;31-Jul-2011
101894;Kotak Money Market Fund - (Weekly Reinvestment of Income Distribution cum capital withdrawal option);INF174K01NC2;;10.1343;10.1343;10.1343;31-Jul-2011

Nippon India Mutual Fund
103050;NIPPON INDIA MONEY MARKET FUND - DAILY IDCW Option;;INF204K01UY6;10.0051;10.0051;10.0051;31-Jul-2011
103051;NIPPON INDIA MONEY MARKET FUND - WEEKLY IDCW Option;;INF204K01UZ3;10.0081;10.0081;10.0081;31-Jul-2011
103048;Nippon India Money Market Fund-Growth Plan-Growth Option;INF204K01VA4;;15.1966;15.1966;15.1966;31-Jul-2011

Tata Mutual Fund
101986;Tata Money Market Fund- Regular Plan - Daily Reinvestment of IDCW Option;;INF277K014C0;1114.5200;1114.5200;1114.5200;31-Jul-2011
101847;Tata Money Market Fund-Regular Plan - Growth Option;INF277K01LQ7;;1862.9762;1862.9762;1862.9762;31-Jul-2011

UTI Mutual Fund
112077;UTI MMF - Regular Plan - Growth Option;INF789F01PX8;;1129.7485;1129.7485;1129.7485;31-Jul-2011
100724;UTI MMF- Discontinued - Regular Plan - Flexi Dividend Option;;INF789F01BD0;1909.5361;1909.5361;1909.5361;31-Jul-2011
100725;UTI MMF- Discontinued - Regular Plan - Periodic Dividend Option;INF789F01BE8;;1900.3918;1900.3918;1900.3918;31-Jul-2011
100723;UTI MMF-Discontinued - Regular Plan -Growth;INF789F01BF5;;2799.7694;2799.7694;2799.7694;31-Jul-2011
112076;UTI Money Market Fund - Regular Plan - Daily IDCW (Reinvestment);;INF789F01PW0;1003.3854;1003.3854;1003.3854;31-Jul-2011
112635;UTI Money Market Fund - Regular Plan - Weekly IDCW;INF789F01PY6;INF789F01PZ3;1014.535;1014.535;1014.535;31-Jul-2011

Open Ended Schemes ( Debt Scheme - Floater Fund )


Franklin Templeton Mutual Fund
101048;Franklin India Floating Rate Fund - Growth Plan;INF090I01LM7;;17.0079;17.0079;17.0079;31-Jul-2011
101044;Franklin India Floating Rate Fund - IDCW ;INF090I01LN5;;10.0002;10.0002;10.0002;31-Jul-2011

Close Ended Schemes ( Income )


SBI Mutual Fund
114781;SBI Capital Protection Oriented Fund - Series II -;INF200K01ED2;;10.1820;N.A.;N.A.;31-Jul-2011
114554;SBI Debt Fund Series - 15 Months - 6 Dividend;INF200K01EA8;;10.4512;N.A.;N.A.;31-Jul-2011
114555;SBI Debt Fund Series - 15 Months - 6 Growth;INF200K01DZ7;;10.4764;N.A.;N.A.;31-Jul-2011
114442;SBI Debt Fund Series - 18 Months - 6 - Dividend Option;INF200K01CI5;;10.4533;N.A.;N.A.;31-Jul-2011
114443;SBI Debt Fund Series - 18 Months - 6 - Growth Option;INF200K01CH7;;10.4532;N.A.;N.A.;31-Jul-2011
113275;SBI Debt Fund Series - 24 Months - 2 - Dividend;INF200K01CK1;;10.5178;N.A.;N.A.;31-Jul-2011
113363;SBI Debt Fund Series - 24 Months - 2 - Growth;INF200K01CJ3;;10.5188;N.A.;N.A.;31-Jul-2011
115263;SBI SDFS - 36 MONTHS - 1 - DIVIDEND;INF200K01EC4;;10.2223;N.A.;N.A.;31-Jul-2011
115262;SBI SDFS - 36 MONTHS - 1 - GROWTH;INF200K01EB6;;10.2223;N.A.;N.A.;31-Jul-2011
115075;SBI Debt Fund Series - 370 Days 13 - Dividend Payout;INF200K01EJ9;;10.2671;N.A.;N.A.;31-Jul-2011
115076;SBI Debt Fund Series - 370 Days 13 - Growth;INF200K01EI1;;10.2673;N.A.;N.A.;31-Jul-2011
115012;SBI DEBT FUND SERIES - 370 DAYS 11 - GROWTH;INF200K01EE0;;10.3596;N.A.;N.A.;31-Jul-2011
115013;SBI DEBT FUND SERIES - 370 DAYS 11- DIVIDEND;INF200K01EF7;;10.3593;N.A.;N.A.;31-Jul-2011
115048;SBI Debt Fund Series - 370 Days 12 - Dividend Payout;INF200K01EH3;;10.2866;N.A.;N.A.;31-Jul-2011
115047;SBI Debt Fund Series - 370 Days 12 - Growth;INF200K01EG5;;10.2866;N.A.;N.A.;31-Jul-2011
115260;SBI DEBT FUND SERIES - 370 DAYS - 15 - DIVIDEND;INF200K01EN1;;10.1920;N.A.;N.A.;31-Jul-2011
115261;SBI DEBT FUND SERIES - 370 DAYS - 15 - GROWTH;INF200K01EM3;;10.1921;N.A.;N.A.;31-Jul-2011
113321;SBI Debt Fund Series - 60 Months - 1 - Dividend;INF200K01CQ8;;10.3677;N.A.;N.A.;31-Jul-2011
113401;SBI Debt Fund Series - 60 Months - 1 - Growth;INF200K01CP0;;10.3676;N.A.;N.A.;31-Jul-2011
115180;SBI DEBT FUND SERIES - 90 DAYS 43 -GROWTH;;;10.2177;N.A.;N.A.;31-Jul-2011
115181;SBI DEBT FUND SERIES - 90 DAYS 43-DIVIDEND;;;10.1502;N.A.;N.A.;31-Jul-2011
115386;SBI DEBT FUND SERIES - 90 DAYS 44 -GROWTH;;;10.1237;N.A.;N.A.;31-Jul-2011
115385;SBI DEBT FUND SERIES - 90 DAYS 44-DIVIDEND;;;10.1237;N.A.;N.A.;31-Jul-2011
115532;SBI DEBT FUND SERIES - 90 DAYS - 46 - DIVIDEND;;;10.0556;N.A.;N.A.;31-Jul-2011
115531;SBI DEBT FUND SERIES - 90 DAYS 46 - Growth;;;10.0556;N.A.;N.A.;31-Jul-2011
115593;SBI DEBT FUND SERIES - 90 DAYS - 47 - DIVIDEND;;;10.0232;N.A.;N.A.;31-Jul-2011
115592;SBI DEBT FUND SERIES - 90 DAYS 47 - GROWTH;;;10.0232;N.A.;N.A.;31-Jul-2011
114622;SBI Debt Fund Series - 180 Days - 15 Dividend;;;10.1590;N.A.;N.A.;31-Jul-2011
114621;SBI Debt Fund Series - 180 Days - 15 Growth;;;10.4572;N.A.;N.A.;31-Jul-2011
115467;SBI SDFS 180 DAYS - 20 - DIVIDEND PAYOUT;;;10.0984;N.A.;N.A.;31-Jul-2011
115468;SBI SDFS 180 DAYS - 20 - GROWTH;;;10.0984;N.A.;N.A.;31-Jul-2011
114724;SBI SDFS 180 DAYS 16 - DIVIDEND PAYOUT;;;10.1663;N.A.;N.A.;31-Jul-2011
114725;SBI SDFS 180 DAYS 16 - GROWTH;;;10.4126;N.A.;N.A.;31-Jul-2011
115114;SBI SDFS 180 DAYS 17 - DIVIDEND PAYOUT;;;10.2574;N.A.;N.A.;31-Jul-2011
115115;SBI SDFS 180 DAYS 17 - GROWTH;;;10.2574;N.A.;N.A.;31-Jul-2011
115187;SBI SDFS 180 DAYS 18 - DIVIDEND PAYOUT;;;10.2154;N.A.;N.A.;31-Jul-2011
115188;SBI SDFS 180 DAYS 18 - GROWTH;;;10.2155;N.A.;N.A.;31-Jul-2011
115343;SBI SDFS 180 DAYS 19 - DIVIDEND PAYOUT;;;10.1589;N.A.;N.A.;31-Jul-2011
115344;SBI SDFS 180 DAYS 19 - GROWTH;;;10.1589;N.A.;N.A.;31-Jul-2011
115347;SBI SDFS 367 DAYS - 1 - DIVIDEND PAYOUT;INF200K01FZ2;;10.1470;N.A.;N.A.;31-Jul-2011
115348;SBI SDFS 367 DAYS - 1 - GROWTH;INF200K01FY5;;10.1470;N.A.;N.A.;31-Jul-2011
115449;SBI SDFS 367 DAYS - 2 - DIVIDEND PAYOUT;INF200K01GB1;;10.1080;N.A.;N.A.;31-Jul-2011
115450;SBI SDFS 367 DAYS - 2 - GROWTH;INF200K01GA3;;10.1081;N.A.;N.A.;31-Jul-2011
115558;SBI SDFS 367 DAYS - 3 - DIVIDEND PAYOUT;INF200K01GD7;;10.0398;N.A.;N.A.;31-Jul-2011
115559;SBI SDFS 367 DAYS - 3 - GROWTH;INF200K01GC9;;10.0398;N.A.;N.A.;31-Jul-2011
114723;SBI DEBT FUND SERIES 370 DAYS 10 - GROWTH;INF200K01DV6;;10.4254;N.A.;N.A.;31-Jul-2011
114722;SBI DEBT FUND SERIES 370 DAYS 10- Dividend;INF200K01DW4;;10.4254;N.A.;N.A.;31-Jul-2011
115469;SBI SDFS 90 DAYS - 45 - DIVIDEND PAYOUT;;;10.0814;N.A.;N.A.;31-Jul-2011
115470;SBI SDFS 90 DAYS - 45 - GROWTH;;;10.0814;N.A.;N.A.;31-Jul-2011
114839;REDEEMED-SBI Debt Fund Series - 13 Months 11 - Dividend Payout;INF200K01DY0;;10.3729;N.A.;N.A.;31-Jul-2011
114838;REDEEMED-SBI Debt Fund Series 13 Months 11 - Growth;INF200K01DX2;;10.3730;N.A.;N.A.;31-Jul-2011
114343;Z-REDEEMED-SBI Debt Fund Series - 18 Months - 4 - Dividend Option;INF200K01CE4;;10.4754;N.A.;N.A.;31-Jul-2011
114303;Z-REDEEMED-SBI Debt Fund Series - 18 Months - 4 - Growth Option;INF200K01CD6;;10.5005;N.A.;N.A.;31-Jul-2011
114388;Z-REDEEMED-SBI Debt Fund Series - 18 Months - 5 - Dividend Option;INF200K01CG9;;10.4616;N.A.;N.A.;31-Jul-2011
114389;Z-REDEEMED-SBI Debt Fund Series - 18 Months - 5 - Growth Option;INF200K01CF1;;10.4615;N.A.;N.A.;31-Jul-2011
115152;Z-REDEEMED-SBI Debt Fund Series - 370 days - 14 - Dividend Payout;INF200K01EL5;;10.2303;N.A.;N.A.;31-Jul-2011
115151;Z-REDEEMED-SBI Debt Fund Series - 370 Days - 14 - Growth;INF200K01EK7;;10.2303;N.A.;N.A.;31-Jul-2011
113182;Z-REDEEMED-SBI Debt Fund Series - 370 Days - 6 - Dividend;;;10.5285;N.A.;N.A.;31-Jul-2011
113340;Z-REDEEMED-SBI Debt Fund Series - 370 Days - 6 - Growth;;;10.6567;N.A.;N.A.;31-Jul-2011
113411;Z-REDEEMED-SBI Debt Fund Series - 370 Days - 7 - Dividend;;;10.5365;N.A.;N.A.;31-Jul-2011
114250;Z-REDEEMED-SBI Debt Fund Series - 370 Days - 7 - Growth;;;10.5884;N.A.;N.A.;31-Jul-2011
114194;Z-REDEEMED-SBI Debt Fund Series - 370 Days - 8 - Dividend;;;10.4946;N.A.;N.A.;31-Jul-2011
114311;Z-REDEEMED-SBI Debt Fund Series - 370 Days - 8 - Growth;;;10.5465;N.A.;N.A.;31-Jul-2011
114620;Z-REDEEMED-SBI Debt Fund Series - 370 Days - 9 - Dividend;INF200K01DU8;;10.4603;N.A.;N.A.;31-Jul-2011
114619;Z-REDEEMED-SBI Debt Fund Series - 370 Days - 9 - Growth;INF200K01DT0;;10.4594;N.A.;N.A.;31-Jul-2011
113181;Z-REDEEMED-SBI Debt Fund Series - 370 Days - 5 Dividend;;;10.1626;N.A.;N.A.;31-Jul-2011
113230;Z-REDEEMED-SBI Debt Fund Series - 370 Days - 5 Growth;;;10.6865;N.A.;N.A.;31-Jul-2011
