Scheme Code;Scheme Name;ISIN Div Payout/ISIN Growth;ISIN Div Reinvestment;Net Asset Value;Repurchase Price;Sale Price;Date

Open Ended Schemes ( Liquid )


PGIM India Mutual Fund
120102;DHFL Pramerica Liquid Fund - Direct Plan-Daily Dividend Option;;INF663L01633;1000.5500;1000.5500;1000.5500;02-Apr-2015
120104;DHFL Pramerica Liquid Fund - Direct Plan-Growth Option;INF663L01625;;1494.6004;1494.6004;1494.6004;02-Apr-2015
120105;DHFL Pramerica Liquid Fund - Direct Plan-Monthly Dividend Option;INF663L01682;INF663L01666;1002.3713;1002.3713;1002.3713;02-Apr-2015
120106;DHFL Pramerica Liquid Fund - Direct Plan-Weekly Dividend - Option;;INF663L01641;1001.1738;1001.1738;1001.1738;02-Apr-2015
113184;DHFL Pramerica Liquid Fund - Dividend Option - Daily;;INF663L01088;1000.8000;1000.8000;1000.8000;02-Apr-2015
113186;DHFL Pramerica Liquid Fund - Dividend Option - Monthly;INF663L01138;INF663L01112;1002.2829;1002.2829;1002.2829;02-Apr-2015
113183;DHFL Pramerica Liquid Fund - Growth Option;INF663L01070;;1491.9075;1491.9075;1491.9075;02-Apr-2015
113185;DHFL Pramerica Liquid Fund -Dividend Option- Weekly;;INF663L01096;1001.0071;1001.0071;1001.0071;02-Apr-2015
122257;DHFL Pramerica Liquid Fund-Bonus Option;INF663L01BD5;;1491.4513;1491.4513;1491.4513;02-Apr-2015

Sahara Mutual Fund
101397;Sahara Liquid Fund-Fixed Pricing -  Weekly Dividend Option;;INF515L01064;1027.4373;1027.4373;1027.4373;02-Apr-2015
101393;Sahara Liquid Fund-Fixed Pricing - Daily Dividend Option;;INF515L01049;1038.5713;1038.5713;1038.5713;02-Apr-2015
120265;Sahara Liquid Fund-Fixed Pricing - Direct - Weekly Dividend Option;;INF515L01668;1027.4373;1027.4373;1027.4373;02-Apr-2015
120262;Sahara Liquid Fund-Fixed Pricing - Direct -Growth option;INF515L01650;;2486.4777;2486.4777;2486.4777;02-Apr-2015
101394;Sahara Liquid Fund-Fixed Pricing - Growth option;INF515L01056;;2485.4998;2485.4998;2485.4998;02-Apr-2015
101398;Sahara Liquid Fund-Fixed Pricing - Monthly Dividend Option;;INF515L01072;1043.3721;1043.3721;1043.3721;02-Apr-2015
120253;Sahara Liquid Fund-Fixed Pricing -Direct - Daily Dividend Option- Direct;;INF515L01643;1038.5713;1038.5713;1038.5713;02-Apr-2015
120266;Sahara Liquid Fund-Fixed Pricing -Direct - Monthly Dividend Option;;INF515L01676;1043.3721;1043.3721;1043.3721;02-Apr-2015
101399;Sahara Liquid Fund-Variable Pricing - Daily Dividend option;;INF515L01080;1038.6443;1038.6443;1038.6443;02-Apr-2015
101402;Sahara Liquid Fund-Variable Pricing - Growth option;INF515L01114;;2516.6183;2516.6183;2516.6183;02-Apr-2015
101400;Sahara Liquid Fund-Variable Pricing - Weekly Dividend Option;;INF515L01098;1044.8713;1044.8713;1044.8713;02-Apr-2015
120271;Sahara Liquid Fund-Variable Pricing -Direct - Daily Dividend option;;INF515L01684;1038.8267;1038.8267;1038.8267;02-Apr-2015
120280;Sahara Liquid Fund-Variable Pricing -Direct - Growth option;INF515L01718;;2518.4107;2518.4107;2518.4107;02-Apr-2015
120272;Sahara Liquid Fund-Variable Pricing -Direct - Weekly Dividend Option;;INF515L01692;1044.8713;1044.8713;1044.8713;02-Apr-2015
120273;Sahara Liquid Fund-Variable Pricing- Direct - Monthly Dividend Option;;INF515L01700;1055.8972;1055.8972;1055.8972;02-Apr-2015
101401;Sahara Liquid Fund-Variable Pricing- Monthly Dividend Option;;INF515L01106;1047.1966;1047.1966;1047.1966;02-Apr-2015

Tata Mutual Fund
101987;Tata Liquid Fund Reglar Plan - Monthly Dividend;INF277K01LR5;INF277K01LS3;1001.0757;1001.0757;1001.0757;02-Apr-2015
101861;Tata Liquid Fund-Regular Plan  - Weekly Dividend;INF277K016C5;;1001.1595;1001.1595;1001.1595;02-Apr-2015
101984;Tata Liquid High Investment Plan - Daily;;;1114.3379;1114.3379;1114.3379;02-Apr-2015
101860;Tata Liquid High Investment Plan - Growth;INF277K01LN4;;2278.7587;2278.7587;2278.7587;02-Apr-2015
101985;Tata Liquid High Investment Plan - Monthly;INF277K01LO2;INF277K01LP9;1020.6343;1020.6343;1020.6343;02-Apr-2015
101859;Tata Liquid High Investment Plan - Weekly;;;1147.0438;1147.0438;1147.0438;02-Apr-2015
101982;Tata Liquid Retail Investment PLan - Daily;;;1116.8143;1116.8143;1116.8143;02-Apr-2015
101983;Tata Liquid Retail Investment Plan - Fortnightly;;;1146.1460;1146.1460;1146.1460;02-Apr-2015
101858;Tata Liquid Retail Investment Plan - Growth;INF277K01LM6;;3111.7857;3111.7857;3111.7857;02-Apr-2015
103631;Tata Liquidity Management Fund - Regular Plan - Daily Dividend;;;1002.6089;1002.6089;1002.6089;02-Apr-2015
103632;Tata Liquidity Management Fund - Regular Plan - Growth;INF277K01LW5;;1869.9177;1869.9177;1869.9177;02-Apr-2015
103519;Tata Liquidity Management Fund - Regular Plan  -Weekly Dividend;;;1005.9633;1005.9633;1005.9633;02-Apr-2015
119443;Tata Liquidity Management Fund- Direct Plan-Daily Dividend;;;1002.6089;1002.6089;1002.6089;02-Apr-2015
119444;Tata Liquidity Management Fund- Direct Plan-Growth;INF277K01PU0;;1872.3194;1872.3194;1872.3194;02-Apr-2015

Open Ended Schemes ( Money Market )


Tata Mutual Fund
102152;Tata Money Market Fund Regular (Bonus / Dividend);;;1015.3479;1015.3479;1015.3479;02-Apr-2015
102153;Tata Money Market Fund Regular (Growth);INF277K01LY1;;2183.0801;2183.0801;2183.0801;02-Apr-2015

Open Ended Schemes ( Debt Scheme - Overnight Fund )


SBI Mutual Fund
119831;SBI Overnight Fund - Direct Plan - Daily Income Distribution cum Capital Withdrawal Option (IDCW);;INF200K01TJ7;1009.91;1007.3852;1009.91;02-Apr-2015
119833;SBI OVERNIGHT FUND - DIRECT PLAN - GROWTH;INF200K01TK5;;2394.2923;2388.3066;2394.2923;02-Apr-2015
119832;SBI Overnight Fund - Direct Plan - Weekly Income Distribution cum Capital Withdrawal Option (IDCW);INF200K01TL3;INF200K01TM1;1032.8138;1030.2318;1032.8138;02-Apr-2015
114297;SBI Overnight Fund - Regular Plan - Daily Income Distribution cum Capital Withdrawal Option (IDCW);;INF200K01LN6;1009.91;1007.3852;1009.91;02-Apr-2015
101206;SBI OVERNIGHT FUND - REGULAR PLAN - GROWTH;INF200K01LQ9;;2385.4268;2379.4632;2385.4268;02-Apr-2015
103140;SBI Overnight Fund - Regular Plan - Weekly Income Distribution cum Capital Withdrawal Option (IDCW);INF200K01LO4;INF200K01LP1;1032.7898;1030.2078;1032.7898;02-Apr-2015

Open Ended Schemes ( Debt Scheme - Liquid Fund )


Axis Mutual Fund
128954;Axis Liquid Fund - Direct plan - Bonus Option;INF846K01NH4;;1551.7603;1551.7603;1551.7603;02-Apr-2015
120388;Axis Liquid Fund - Direct Plan - Daily IDCW;;INF846K01DA0;1000.3232;1000.3232;1000.3232;02-Apr-2015
120389;Axis Liquid Fund - Direct Plan - Growth Option;INF846K01CX4;;1551.8019;1551.8019;1551.8019;02-Apr-2015
120391;Axis Liquid Fund - Direct Plan - Monthly IDCW;INF846K01CY2;INF846K01CZ9;1002.3376;1002.3376;1002.3376;02-Apr-2015
120390;Axis Liquid Fund - Direct Plan - Weekly IDCW;INF846K01DB8;INF846K01DC6;1003.1341;1003.1341;1003.1341;02-Apr-2015
112211;Axis Liquid Fund - Regular Plan - Daily IDCW;;INF846K01420;1000.3396;1000.3396;1000.3396;02-Apr-2015
112210;Axis Liquid Fund - Regular Plan - Growth Option;INF846K01412;;1549.5323;1549.5323;1549.5323;02-Apr-2015
112213;Axis Liquid Fund - Regular Plan - Monthly IDCW;INF846K01453;INF846K01461;1002.3831;1002.3831;1002.3831;02-Apr-2015
112212;Axis Liquid Fund - Regular Plan - Weekly IDCW;INF846K01438;INF846K01446;1003.1290;1003.1290;1003.1290;02-Apr-2015
112712;Axis Liquid Fund - Retail Plan - Daily IDCW;;INF846K01362;1000.3232;1000.3232;1000.3232;02-Apr-2015
112713;Axis Liquid Fund - Retail Plan - Growth Option;INF846K01354;;1495.1249;1495.1249;1495.1249;02-Apr-2015
112714;Axis Liquid Fund - Retail Plan - Monthly IDCW;INF846K01396;INF846K01404;1002.2172;1002.2172;1002.2172;02-Apr-2015
112715;Axis Liquid Fund - Retail Plan - Weekly IDCW;INF846K01370;INF846K01388;1001.2073;1001.2073;1001.2073;02-Apr-2015

Bank of India Mutual Fund
119368;BANK OF INDIA Liquid Fund- Direct Plan- Daily IDCW;;INF761K01CL0;1002.6483;1002.6483;1002.6483;02-Apr-2015
119369;BANK OF INDIA Liquid Fund- Direct Plan- Growth;INF761K01785;;1612.7475;1612.7475;1612.7475;02-Apr-2015
119370;BANK OF INDIA Liquid Fund- Direct Plan- Weekly IDCW;;INF761K01CM8;1056.3947;1056.3947;1056.3947;02-Apr-2015
111971;BANK OF INDIA Liquid Fund- Regular Plan- Daily IDCW;;INF761K01CO4;1001.3912;1001.3912;1001.3912;02-Apr-2015
109254;BANK OF INDIA Liquid Fund- Regular Plan- Growth;INF761K01306;;1609.1634;1609.1634;1609.1634;02-Apr-2015
109255;BANK OF INDIA Liquid Fund- Regular Plan- Weekly IDCW;;INF761K01CP1;1002.4343;1002.4343;1002.4343;02-Apr-2015

Canara Robeco Mutual Fund
118307;CANARA ROBECO LIQUID FUND - DIRECT PLAN - DAILY IDCW (Reinvestment);;INF760K01FS0;1005.5000;1005.5000;1005.5000;02-Apr-2015
118305;CANARA ROBECO LIQUID FUND - DIRECT PLAN - GROWTH OPTION;INF760K01FU6;;1701.6700;1701.6700;1701.6700;02-Apr-2015
118304;CANARA ROBECO LIQUID FUND - DIRECT PLAN - IDCW (Payout/Reinvestment);INF760K01FT8;;1218.2851;1218.2851;1218.2851;02-Apr-2015
118306;CANARA ROBECO LIQUID FUND - DIRECT PLAN - MONTHLY IDCW (Payout/Reinvestment);INF760K01FV4;INF760K01FW2;1002.2102;1002.2102;1002.2102;02-Apr-2015
118308;CANARA ROBECO LIQUID FUND - DIRECT PLAN - WEEKLY IDCW (Payout/Reinvestment);INF760K01FY8;INF760K01FX0;1000.5107;1000.5107;1000.5107;02-Apr-2015
109349;CANARA ROBECO LIQUID FUND - REGULAR PLAN - DAILY IDCW (Reinvestment);;INF760K01CU3;1005.5000;1005.5000;1005.5000;02-Apr-2015
109353;CANARA ROBECO LIQUID FUND - REGULAR PLAN - GROWTH OPTION;INF760K01CW9;;1699.6261;1699.6261;1699.6261;02-Apr-2015
109351;CANARA ROBECO LIQUID FUND - REGULAR PLAN - MONTHLY IDCW (Payout/Reinvestment);INF760K01CX7;INF760K01CY5;1002.1888;1002.1888;1002.1888;02-Apr-2015
109350;CANARA ROBECO LIQUID FUND - REGULAR PLAN - WEEKLY IDCW (Payout/Reinvestment);INF760K01BZ4;INF760K01CZ2;1000.5099;1000.5099;1000.5099;02-Apr-2015
101363;Canara Robeco Liquid Fund- INSTITUTIONAL-Daily Dividend Reinvestment;;INF760K01CC1;1005.5000;1005.5000;1005.5000;02-Apr-2015
101362;Canara Robeco Liquid Fund- INSTITUTIONAL-Growth;INF760K01CD9;;2493.9253;2493.9253;2493.9253;02-Apr-2015
101364;Canara Robeco Liquid Fund-Retail-DRI;;INF760K01CF4;1007.0000;1007.0000;1007.0000;02-Apr-2015
101365;Canara Robeco Liquid Fund-Retail-Growth;INF760K01CH0;;2430.5298;2430.5298;2430.5298;02-Apr-2015
109347;Canara Robeco Liquid Fund-Retail-Monthly Div Reinvest;;INF760K01CI8;1007.6394;1007.6394;1007.6394;02-Apr-2015
109356;Canara Robeco Liquid Fund-Retail-Weekly Div Reinvest;;INF760K01CJ6;1005.7307;1005.7307;1005.7307;02-Apr-2015

Groww Mutual Fund
119135;Groww Liquid Fund ( formerly known as Indiabulls Liquid )Fund - Direct Plan - Growth Option;INF666M01451;;1362.1378;1362.1378;1362.1378;02-Apr-2015
119136;Groww Liquid Fund (formerly known as Indiabulls Liquid Fund) - Direct Plan- - Income Distribution cum capital withdrawal Option ( Reinvestment);;INF666M01469;1000.4324;1000.4324;1000.4324;02-Apr-2015
115991;Groww Liquid Fund (formerly known as Indiabulls Liquid Fund) - Regular Plan - Growth Option;INF666M01014;;1359.4502;1359.4502;1359.4502;02-Apr-2015
119137;Groww Liquid Fund (formerly known as Indiabulls Liquid Fund)- Direct Plan- Weekly - Income Distribution cum capital withdrawal Option (Payout & Reinvestment);INF666M01527;INF666M01477;1009.5603;1009.5603;1009.5603;02-Apr-2015
115992;Groww Liquid Fund (formerly known as Indiabulls Liquid Fund)- Regular Plan- - Income Distribution cum capital withdrawal Option (Reinvestment);;INF666M01022;1000.5175;1000.5175;1000.5175;02-Apr-2015
115993;Groww Liquid Fund (formerly known as Indiabulls Liquid Fund)- Regular Plan- Weekly - Income Distribution cum capital withdrawal Option (Payout & Reinvestment);INF666M01089;INF666M01030;1008.3112;1008.3112;1008.3112;02-Apr-2015

quant Mutual Fund
120837;quant Liquid Fund - Growth Option - Direct Plan;INF966L01820;;21.8341;21.8341;21.8341;02-Apr-2015
103225;quant Liquid Fund - Growth Option - Regular Plan;INF966L01317;;21.7373;21.7373;21.7373;02-Apr-2015
120838;quant Liquid Fund - Monthly IDCW Option - Direct Plan;INF966L01796;INF966L01812;15.1462;15.1462;15.1462;02-Apr-2015
103228;quant Liquid Fund - Monthly IDCW Option - Regular Plan;INF966L01291;INF966L01309;15.0592;15.0592;15.0592;02-Apr-2015
120839;quant Liquid Fund - Weekly IDCW Option - Direct Plan;INF966L01788;INF966L01804;13.561;13.561;13.561;02-Apr-2015
103227;quant Liquid Fund - Weekly IDCW Option - Regular Plan;INF966L01499;INF966L01283;13.53;13.53;13.53;02-Apr-2015
120836;quant Liquid Fund-Daily IDCW Option - Direct Plan;;INF966L01770;13.7892;13.7892;13.7892;02-Apr-2015
103226;quant Liquid Fund-Daily IDCW Option - Regular Plan;;INF966L01275;13.7144;13.7144;13.7144;02-Apr-2015

SBI Mutual Fund
119804;SBI Liquid Fund - Direct Paln - Fortnightly Income Distribution cum Capital Withdrawal Option (IDCW);INF200K01UR8;INF200K01US6;1013.3386;1013.3386;1013.3386;02-Apr-2015
119805;SBI Liquid Fund - Direct Plan - Daily Income Distribution cum Capital Withdrawal Option (IDCW);;INF200K01UQ0;1003.25;1003.25;1003.25;02-Apr-2015
119799;SBI Liquid Fund - Direct Plan - Weekly Income Distribution cum Capital Withdrawal Option (IDCW);INF200K01UU2;INF200K01UV0;1062.6111;1062.6111;1062.6111;02-Apr-2015
119800;SBI Liquid Fund - DIRECT PLAN -Growth;INF200K01UT4;;2199.9529;2199.9529;2199.9529;02-Apr-2015
105274;SBI Liquid Fund - Institutional - Growth;INF200K01LU1;;2217.3644;2217.3644;2217.3644;02-Apr-2015
105275;SBI Liquid Fund - Institutional Daily Income Distribution cum Capital Withdrawal Option (IDCW);;INF200K01LR7;1003.25;1003.25;1003.25;02-Apr-2015
105279;SBI Liquid Fund - Institutional Fortnightly Income Distribution cum Capital Withdrawal Option (IDCW);INF200K01LS5;INF200K01LT3;1024.651;1024.651;1024.651;02-Apr-2015
105278;SBI Liquid Fund - Institutional Weekly Income Distribution cum Capital Withdrawal Option (IDCW);INF200K01LV9;INF200K01LW7;1061.8922;1061.8922;1061.8922;02-Apr-2015
105281;SBI Liquid Fund - Regular Plan - Daily Income Distribution cum Capital Withdrawal Option (IDCW);;INF200K01LX5;1003.25;1003.25;1003.25;02-Apr-2015
105283;SBI Liquid Fund - Regular Plan - Fortnightly Income Distribution cum Capital Withdrawal Option (IDCW);INF200K01LY3;INF200K01LZ0;1013.3301;1013.3301;1013.3301;02-Apr-2015
105282;SBI Liquid Fund - Regular Plan - Weekly Income Distribution cum Capital Withdrawal Option (IDCW);INF200K01MB9;INF200K01MC7;1062.6025;1062.6025;1062.6025;02-Apr-2015
105280;SBI Liquid Fund - REGULAR PLAN -Growth;INF200K01MA1;;2196.7473;2196.7473;2196.7473;02-Apr-2015

Sundaram Mutual Fund
119690;Sundaram Money Fund Direct Plan - Bonus;INF903J01RL8;;10.5684;10.5684;10.5684;02-Apr-2015
119688;Sundaram Money Fund Direct Plan - Daily Reinvestment of Income Distribution cum Capital Withdrawal (IDCW);;INF903J01QA3;10.1025;10.1025;10.1025;02-Apr-2015
119692;Sundaram Money Fund Direct Plan - Fortnightly Reinvestment of Income Distribution cum Capital Withdrawal (IDCW);;INF903J01QB1;25.6521;25.6521;25.6521;02-Apr-2015
119686;Sundaram Money Fund Direct Plan - Growth;INF903J01QF2;;29.5311;29.5311;29.5311;02-Apr-2015
119687;Sundaram Money Fund Direct Plan - Monthly Income Distribution cum Capital Withdrawal (IDCW);INF903J01QC9;INF903J01QD7;10.6567;10.6567;10.6567;02-Apr-2015
119691;Sundaram Money Fund Direct Plan - Weekly Reinvestment of Income Distribution cum Capital Withdrawal (IDCW);;INF903J01QG0;11.5779;11.5779;11.5779;02-Apr-2015
102701;Sundaram Money Fund Institutional Plan - Daily Reinvestment of Income Distribution cum Capital Withdrawal (IDCW);;INF903J01GP2;10.0953;10.0953;10.0953;02-Apr-2015
102703;Sundaram Money Fund Institutional Plan - Growth;INF903J01GN7;;28.7612;28.7612;28.7612;02-Apr-2015
118328;Sundaram Money Fund Regular Plan - Bonus;INF903J01MB0;;10.5424;10.5424;10.5424;02-Apr-2015
103392;Sundaram Money Fund Regular Plan - Daily Reinvestment of Income Distribution cum Capital Withdrawal (IDCW);;INF903J01GW8;10.0953;10.0953;10.0953;02-Apr-2015
103395;Sundaram Money Fund Regular Plan - Fortnightly Reinvestment of Income Distribution cum Capital Withdrawal (IDCW);;INF903J01GY4;10.8545;10.8545;10.8545;02-Apr-2015
103397;Sundaram Money Fund Regular Plan - Growth;INF903J01GU2;;29.4935;29.4935;29.4935;02-Apr-2015
103396;Sundaram Money Fund Regular Plan - Monthly Income Distribution cum Capital Withdrawal (IDCW);INF903J01GV0;INF903J01GZ1;10.5149;10.5149;10.5149;02-Apr-2015
103393;Sundaram Money Fund Regular Plan - Quarterly Reinvestment of Income Distribution cum Capital Withdrawal (IDCW);;INF903J01HA2;29.4935;29.4935;29.4935;02-Apr-2015
100620;Sundaram Money Fund Retail Plan - Daily Reinvestment of Income Distribution cum Capital Withdrawal (IDCW);;INF903J01GI7;10.0953;10.0953;10.0953;02-Apr-2015
100622;Sundaram Money Fund Retail Plan - Fortnightly Reinvestment of Income Distribution cum Capital Withdrawal (IDCW);;INF903J01GK3;10.8312;10.8312;10.8312;02-Apr-2015
100618;Sundaram Money Fund Retail Plan - Growth;INF903J01GG1;;27.5622;27.5622;27.5622;02-Apr-2015
100623;Sundaram Money Fund Retail Plan - Monthly Income Distribution cum Capital Withdrawal (IDCW);INF903J01GH9;INF903J01GL1;10.5279;10.5279;10.5279;02-Apr-2015
100619;Sundaram Money Fund Retail Plan - Quarterly Reinvestment of Income Distribution cum Capital Withdrawal (IDCW);;INF903J01GM9;11.0073;11.0073;11.0073;02-Apr-2015
100621;Sundaram Money Fund Retail Plan - Weekly Reinvestment of Income Distribution cum Capital Withdrawal (IDCW);;INF903J01GJ5;11.2965;11.2965;11.2965;02-Apr-2015
103394;Sundaram Money Fund Regular Plan - Weekly Reinvestment of Income Distribution cum Capital Withdrawal (IDCW);;INF903J01GX6;11.3380;11.3380;11.3380;02-Apr-2015

Tata Mutual Fund
102672;Tata Liquid Fund -Regular Plan - Growth Option;INF277K01YD8;;2201.0887;2201.0887;2201.0887;02-Apr-2015
119862;Tata Liquid Fund- Direct Plan - Daily Reinvestment of IDCW Option;;INF277K012D2;1001.5187;1001.5187;1001.5187;02-Apr-2015
119861;Tata Liquid Fund- Direct Plan-Growth Option;INF277K01YE6;;2206.2673;2206.2673;2206.2673;02-Apr-2015
101714;Tata Liquid Fund- Regular Plan - Daily Reinvestment of IDCW Option;;INF277K011D4;1001.5157;1001.5157;1001.5157;02-Apr-2015

Union Mutual Fund
115401;Union Liquid Fund - Daily IDCW Option;;INF582M01021;1000.6489;1000.6489;1000.6489;02-Apr-2015
119301;Union Liquid Fund - Direct Plan - Daily IDCW Option;;INF582M01682;1000.6506;1000.6506;1000.6506;02-Apr-2015
119305;Union Liquid Fund - Direct Plan - Fortnightly IDCW Option;INF582M01724;INF582M01708;1002.5339;1002.5339;1002.5339;02-Apr-2015
119303;Union Liquid Fund - Direct Plan - Growth Option;INF582M01674;;1402.5660;1402.5660;1402.5660;02-Apr-2015
119302;Union Liquid Fund - Direct Plan - Monthly IDCW Option;INF582M01732;INF582M01716;1002.5308;1002.5308;1002.5308;02-Apr-2015
119304;Union Liquid Fund - Direct Plan - Weekly IDCW Option;;INF582M01690;1000.9884;1000.9884;1000.9884;02-Apr-2015
115399;Union Liquid Fund - Fortnightly IDCW Option;INF582M01062;INF582M01047;1002.5020;1002.5020;1002.5020;02-Apr-2015
115398;Union Liquid Fund - Growth Option;INF582M01013;;1400.4045;1400.4045;1400.4045;02-Apr-2015
115400;Union Liquid Fund - Monthly IDCW Option;INF582M01070;INF582M01054;1002.5017;1002.5017;1002.5017;02-Apr-2015
115402;Union Liquid Fund - Weekly IDCW Option;;INF582M01039;1000.9835;1000.9835;1000.9835;02-Apr-2015

UTI Mutual Fund
134427;UTI Liquid Fund - Direct Plan - Annual IDCW;INF789FA1K63;INF789FA1K71;1010.0625;1010.0625;0;02-Apr-2015
120558;UTI Liquid Fund - Direct Plan - Daily IDCW (Reinvestment);;INF789F01XP8;1019.4457;1019.4457;1019.4457;02-Apr-2015
120794;UTI Liquid Fund - Direct Plan - Monthly IDCW;INF789F01XR4;INF789F01XS2;1032.9446;1032.9446;1032.9446;02-Apr-2015
120777;UTI Liquid Fund - Direct Plan - Weekly IDCW;;INF789F01XT0;1053.2846;1053.2846;1053.2846;02-Apr-2015
133973;UTI Liquid Fund - Regular Plan - Annual IDCW;INF789FA1J66;INF789FA1J74;1010.0567;1010.0567;0;02-Apr-2015
102010;UTI Liquid Fund - Regular Plan - Daily IDCW (Reinvestment);;INF789F01PG3;1019.4457;1019.4457;1019.4457;02-Apr-2015
102011;UTI Liquid Fund - Regular Plan - Monthly IDCW;INF789F01PI9;INF789F01PJ7;1032.9008;1032.9008;1032.9008;02-Apr-2015
102013;UTI Liquid Fund - Regular Plan - Weekly IDCW;;INF789F01PK5;1053.2817;1053.2817;1053.2817;02-Apr-2015
120304;UTI-  Liquid Cash Plan - Direct Plan - Growth Option;INF789F01XQ6;;2294.4436;2294.4436;2294.4436;02-Apr-2015
102012;UTI-  Liquid Cash Plan - Regular Plan - Growth Option;INF789F01PH1;;2290.6205;2290.6205;2290.6205;02-Apr-2015
102008;UTI-  Liquid Cash Plan- Discontinued - Regular Plan - Monthly Dividend Option;INF789F01BC2;INF789F01BA6;1165.5505;1165.5505;0;02-Apr-2015
102009;UTI-  Liquid Cash Plan- Discontinued - Regular Plan -Growth;INF789F01BB4;;2194.0505;2194.0505;0;02-Apr-2015
102007;UTI-  Liquid Cash Plan- Discontinued -Regular Plan Periodic Dividend Option;;INF789F01AZ5;1139.7187;1139.7187;0;02-Apr-2015

Open Ended Schemes ( Debt Scheme - Ultra Short Duration Fund )


SBI Mutual Fund
119784;SBI Ultra Short Duration Fund - Direct Plan - Daily Income Distribution cum Capital Withdrawal Option (IDCW);;INF200K01TG3;1675.03;1673.355;1675.03;02-Apr-2015
119828;SBI ULTRA SHORT DURATION FUND - DIRECT PLAN - GROWTH;INF200K01TF5;;3096.8189;3093.7221;3096.8189;02-Apr-2015
119829;SBI Ultra Short Duration Fund - Direct Plan - Weekly Income Distribution cum Capital Withdrawal Option (IDCW);INF200K01TH1;INF200K01TI9;1079.2244;1078.1452;1079.2244;02-Apr-2015
105080;SBI Ultra Short Duration Fund - Regular Plan - Daily Income Distribution cum Capital Withdrawal Option (IDCW);;INF200K01LK2;1675.03;1673.355;1675.03;02-Apr-2015
100641;SBI ULTRA SHORT DURATION FUND - REGULAR PLAN - GROWTH;INF200K01LJ4;;3091.9425;3088.8506;3091.9425;02-Apr-2015
103884;SBI Ultra Short Duration Fund - Regular Plan - Weekly Income Distribution cum Capital Withdrawal Option (IDCW);INF200K01LM8;INF200K01LL0;1079.2156;1078.1364;1079.2156;02-Apr-2015

Open Ended Schemes ( Debt Scheme - Money Market Fund )


Tata Mutual Fund
119423;Tata Liquid Fund- Direct Plan- Monthly Dividend;INF277K01PS4;INF277K01PT2;1001.0807;1001.0807;1001.0807;02-Apr-2015
119422;Tata Liquid Fund- Direct Plan- Weekly Dividend;INF277K013C2;;1001.1632;1001.1632;1001.1632;02-Apr-2015
119421;Tata Money Market Fund- Direct Plan - Daily Reinvestment of IDCW Option;;INF277K011C6;1114.5200;1114.5200;1114.5200;02-Apr-2015
119424;Tata Money Market Fund- Direct Plan- Growth Option;INF277K01PR6;;2584.4780;2584.4780;2584.4780;02-Apr-2015
101986;Tata Money Market Fund- Regular Plan - Daily Reinvestment of IDCW Option;;INF277K014C0;1114.5200;1114.5200;1114.5200;02-Apr-2015
101847;Tata Money Market Fund-Regular Plan - Growth Option;INF277K01LQ7;;2579.4526;2579.4526;2579.4526;02-Apr-2015

UTI Mutual Fund
120299;UTI MMF - Direct Plan - Growth Option;INF789F01XV6;;1568.8151;1568.8151;1568.8151;02-Apr-2015
112077;UTI MMF - Regular Plan - Growth Option;INF789F01PX8;;1565.5267;1565.5267;1565.5267;02-Apr-2015
100724;UTI MMF- Discontinued - Regular Plan - Flexi Dividend Option;;INF789F01BD0;2049.7742;2049.7742;0;02-Apr-2015
100725;UTI MMF- Discontinued - Regular Plan - Periodic Dividend Option;INF789F01BE8;;2001.0787;2001.0787;0;02-Apr-2015
100723;UTI MMF-Discontinued - Regular Plan -Growth;INF789F01BF5;;3798.735;3798.735;0;02-Apr-2015
120772;UTI Money Market Fund - Direct Plan - Daily IDCW (Reinvestment);;INF789F01XU8;1003.3854;1003.3854;1003.3854;02-Apr-2015
133387;UTI Money Market Fund - Direct Plan - Monthly IDCW;INF789FA1M46;INF789FA1M53;1024.396;1024.396;0;02-Apr-2015
120793;UTI Money Market Fund - Direct Plan - Weekly IDCW;INF789F01XW4;INF789F01XX2;1014.8629;1014.8629;1014.8629;02-Apr-2015
112076;UTI Money Market Fund - Regular Plan - Daily IDCW (Reinvestment);;INF789F01PW0;1003.3854;1003.3854;1003.3854;02-Apr-2015
133484;UTI Money Market Fund - Regular Plan - Monthly IDCW;INF789FA1L21;INF789FA1L39;1004.5858;1004.5858;0;02-Apr-2015
112635;UTI Money Market Fund - Regular Plan - Weekly IDCW;INF789F01PY6;INF789F01PZ3;1014.8574;1014.8574;1014.8574;02-Apr-2015

Close Ended Schemes ( Income )


SBI Mutual Fund
114781;SBI Capital Protection Oriented Fund - Series II -;INF200K01ED2;;14.6471;N.A.;N.A.;02-Apr-2015
126205;SBI DEBT FUND SERIES - 16 MONTHS - 1 - DIRECT PLAN - GROWTH;INF200KA1CE8;;11.1893;N.A.;N.A.;02-Apr-2015
126206;SBI DEBT FUND SERIES - 16 MONTHS - 1 - REGULAR PLAN - DIVIDEND;INF200KA1CD0;;11.1585;N.A.;N.A.;02-Apr-2015
126207;SBI DEBT FUND SERIES - 16 MONTHS - 1 - REGULAR PLAN - GROWTH;INF200KA1CC2;;11.1585;N.A.;N.A.;02-Apr-2015
126208;SBI DEBT FUND SERIES - 16 MONTHS - 1- DIRECT PLAN - DIVIDEND;INF200KA1CF5;;11.1893;N.A.;N.A.;02-Apr-2015
126209;SBI DEBT FUND SERIES - 16 MONTHS - 2 - DIRECT PLAN - GROWTH;INF200KA1DM9;;11.1577;N.A.;N.A.;02-Apr-2015
126210;SBI DEBT FUND SERIES - 16 MONTHS - 2 - REGULAR PLAN - DIVIDEND;INF200KA1DL1;;11.1304;N.A.;N.A.;02-Apr-2015
126211;SBI DEBT FUND SERIES - 16 MONTHS - 2 - REGULAR PLAN - GROWTH;INF200KA1DK3;;11.1304;N.A.;N.A.;02-Apr-2015
126212;SBI DEBT FUND SERIES - 16 MONTHS - 2- DIRECT PLAN - DIVIDEND;INF200KA1DN7;;11.1577;N.A.;N.A.;02-Apr-2015
125734;SBI DEBT FUND SERIES - 17 MONTHS - 1 - DIRECT PLAN - GROWTH;INF200KA1CQ2;;11.2565;N.A.;N.A.;02-Apr-2015
125735;SBI DEBT FUND SERIES - 17 MONTHS - 1 - REGULAR PLAN - DIVIDEND;INF200KA1CP4;;11.2225;N.A.;N.A.;02-Apr-2015
125736;SBI DEBT FUND SERIES - 17 MONTHS - 1 - REGULAR PLAN - GROWTH;INF200KA1CO7;;11.2225;N.A.;N.A.;02-Apr-2015
125733;SBI DEBT FUND SERIES - 17 MONTHS - 1- DIRECT PLAN - DIVIDEND;INF200KA1CR0;;11.2565;N.A.;N.A.;02-Apr-2015
125008;SBI DEBT FUND SERIES - 18 MONTHS - 12 - DIRECT PLAN - DIVIDEND;INF200KA1BL5;;11.3567;N.A.;N.A.;02-Apr-2015
125005;SBI DEBT FUND SERIES - 18 MONTHS - 12 - DIRECT PLAN - GROWTH;INF200KA1BK7;;11.3567;N.A.;N.A.;02-Apr-2015
125006;SBI DEBT FUND SERIES - 18 MONTHS - 12 - REGULAR PLAN - DIVIDEND;INF200KA1BJ9;;11.3105;N.A.;N.A.;02-Apr-2015
125007;SBI DEBT FUND SERIES - 18 MONTHS - 12 - REGULAR PLAN - GROWTH;INF200KA1BI1;;11.3105;N.A.;N.A.;02-Apr-2015
125460;SBI DEBT FUND SERIES - 18 MONTHS - 13 - DIRECT PLAN - DIVIDEND;INF200KA1DZ1;;N.A.;N.A.;N.A.;02-Apr-2015
125461;SBI DEBT FUND SERIES - 18 MONTHS - 13 - DIRECT PLAN - GROWTH;INF200KA1DY4;;11.3285;N.A.;N.A.;02-Apr-2015
125462;SBI DEBT FUND SERIES - 18 MONTHS - 13 - REGULAR PLAN - DIVIDEND;INF200KA1DX6;;11.2944;N.A.;N.A.;02-Apr-2015
125463;SBI DEBT FUND SERIES - 18 MONTHS - 13 - REGULAR PLAN - GROWTH;INF200KA1DW8;;11.2944;N.A.;N.A.;02-Apr-2015
120908;SBI DEBT FUND SERIES - 36 MONTHS - 2 - DIRECT PLAN - DIVIDEND;INF200K01QM7;;12.0549;N.A.;N.A.;02-Apr-2015
120911;SBI DEBT FUND SERIES - 36 MONTHS - 2 - DIRECT PLAN - GROWTH;INF200K01QL9;;12.0549;N.A.;N.A.;02-Apr-2015
120909;SBI DEBT FUND SERIES - 36 MONTHS - 2 - REGULAR PLAN - DIVIDEND;INF200K01QH7;;11.9027;N.A.;N.A.;02-Apr-2015
120910;SBI DEBT FUND SERIES - 36 MONTHS - 2 - REGULAR PLAN - GROWTH;INF200K01QG9;;11.9027;N.A.;N.A.;02-Apr-2015
123647;SBI DEBT FUND SERIES - 36 MONTHS - 4 - DIRECT PLAN - DIVIDEND;INF200KA1KF8;;11.7768;N.A.;N.A.;02-Apr-2015
123649;SBI DEBT FUND SERIES - 36 MONTHS - 4 - DIRECT PLAN - GROWTH;INF200KA1KE1;;11.7768;N.A.;N.A.;02-Apr-2015
123648;SBI DEBT FUND SERIES - 36 MONTHS - 4 - REGULAR PLAN - DIVIDEND;INF200KA1KD3;;11.7465;N.A.;N.A.;02-Apr-2015
123650;SBI DEBT FUND SERIES - 36 MONTHS - 4 - REGULAR PLAN - GROWTH;INF200KA1KC5;;11.7465;N.A.;N.A.;02-Apr-2015
124000;SBI DEBT FUND SERIES - 36 MONTHS - 5 - DIRECT PLAN - DIVIDEND;INF200K01D91;;N.A.;N.A.;N.A.;02-Apr-2015
124001;SBI DEBT FUND SERIES - 36 MONTHS - 5 - DIRECT PLAN - GROWTH;INF200K01D83;;11.6452;N.A.;N.A.;02-Apr-2015
124003;SBI DEBT FUND SERIES - 36 MONTHS - 5 - REGULAR PLAN - DIVIDEND;INF200K01D75;;11.6176;N.A.;N.A.;02-Apr-2015
124002;SBI DEBT FUND SERIES - 36 MONTHS - 5 - REGULAR PLAN - GROWTH;INF200K01D67;;11.6176;N.A.;N.A.;02-Apr-2015
124373;SBI DEBT FUND SERIES - 36 MONTHS - 6 - DIRECT PLAN - DIVIDEND;INF200KA1KZ6;;11.6701;N.A.;N.A.;02-Apr-2015
124374;SBI DEBT FUND SERIES - 36 MONTHS - 6 - DIRECT PLAN - GROWTH;INF200KA1KY9;;11.6701;N.A.;N.A.;02-Apr-2015
124375;SBI DEBT FUND SERIES - 36 MONTHS - 6 - REGULAR PLAN - DIVIDEND;INF200KA1KX1;;11.6;N.A.;N.A.;02-Apr-2015
124376;SBI DEBT FUND SERIES - 36 MONTHS - 6 - REGULAR PLAN - GROWTH;INF200KA1KW3;;11.6;N.A.;N.A.;02-Apr-2015
125719;SBI DEBT FUND SERIES - 36 MONTHS - 7 - DIRECT PLAN - DIVIDEND;INF200K01E74;;11.3718;N.A.;N.A.;02-Apr-2015
125721;SBI DEBT FUND SERIES - 36 MONTHS - 7 - DIRECT PLAN - GROWTH;INF200K01E66;;11.3718;N.A.;N.A.;02-Apr-2015
125720;SBI DEBT FUND SERIES - 36 MONTHS - 7 - REGULAR PLAN - DIVIDEND;INF200K01E58;;11.3449;N.A.;N.A.;02-Apr-2015
125722;SBI DEBT FUND SERIES - 36 MONTHS - 7 - REGULAR PLAN - GROWTH;INF200K01E41;;11.3449;N.A.;N.A.;02-Apr-2015
123167;SBI DEBT FUND SERIES - 366 DAYS - 34 - DIRECT PLAN - DIVIDEND;INF200K015P1;;N.A.;N.A.;N.A.;02-Apr-2015
123169;SBI DEBT FUND SERIES - 366 DAYS - 34 - DIRECT PLAN - GROWTH;INF200K014P4;;11.7186;N.A.;N.A.;02-Apr-2015
123170;SBI DEBT FUND SERIES - 366 DAYS - 34 - REGULAR PLAN - DIVIDEND;INF200K013P6;;11.6911;N.A.;N.A.;02-Apr-2015
123168;SBI DEBT FUND SERIES - 366 DAYS - 34 - REGULAR PLAN - GROWTH;INF200K012P8;;11.6924;N.A.;N.A.;02-Apr-2015
123321;SBI DEBT FUND SERIES - 366 DAYS - 35 - DIRECT PLAN - DIVIDEND;INF200K017O0;;N.A.;N.A.;N.A.;02-Apr-2015
123324;SBI DEBT FUND SERIES - 366 DAYS - 35 - DIRECT PLAN - GROWTH;INF200K016O2;;11.6955;N.A.;N.A.;02-Apr-2015
123323;SBI DEBT FUND SERIES - 366 DAYS - 35 - REGULAR PLAN - DIVIDEND;INF200K015O4;;N.A.;N.A.;N.A.;02-Apr-2015
123322;SBI DEBT FUND SERIES - 366 DAYS - 35 - REGULAR PLAN - GROWTH;INF200K014O7;;11.6695;N.A.;N.A.;02-Apr-2015
123497;SBI DEBT FUND SERIES - 366 DAYS - 36 - DIRECT PLAN - DIVIDEND;INF200K019P3;;N.A.;N.A.;N.A.;02-Apr-2015
123494;SBI DEBT FUND SERIES - 366 DAYS - 36 - DIRECT PLAN - GROWTH;INF200K018P5;;11.7455;N.A.;N.A.;02-Apr-2015
123496;SBI DEBT FUND SERIES - 366 DAYS - 36 - REGULAR PLAN - DIVIDEND;INF200K017P7;;11.7198;N.A.;N.A.;02-Apr-2015
123495;SBI DEBT FUND SERIES - 366 DAYS - 36 - REGULAR PLAN - GROWTH;INF200K016P9;;11.7204;N.A.;N.A.;02-Apr-2015
123728;SBI DEBT FUND SERIES - 366 DAYS - 37 - DIRECT PLAN - DIVIDEND;INF200K011R6;;11.7146;N.A.;N.A.;02-Apr-2015
123729;SBI DEBT FUND SERIES - 366 DAYS - 37 - DIRECT PLAN - GROWTH;INF200K010R8;;11.7152;N.A.;N.A.;02-Apr-2015
123731;SBI DEBT FUND SERIES - 366 DAYS - 37 - REGULAR PLAN - DIVIDEND;INF200K019Q1;;11.6928;N.A.;N.A.;02-Apr-2015
123730;SBI DEBT FUND SERIES - 366 DAYS - 37 - REGULAR PLAN - GROWTH;INF200K018Q3;;11.6928;N.A.;N.A.;02-Apr-2015
123996;SBI DEBT FUND SERIES - 366 DAYS - 38 - DIRECT PLAN - DIVIDEND;INF200K015R7;;N.A.;N.A.;N.A.;02-Apr-2015
123997;SBI DEBT FUND SERIES - 366 DAYS - 38 - DIRECT PLAN - GROWTH;INF200K014R0;;11.7228;N.A.;N.A.;02-Apr-2015
123998;SBI DEBT FUND SERIES - 366 DAYS - 38 - REGULAR PLAN - DIVIDEND;INF200K013R2;;11.7005;N.A.;N.A.;02-Apr-2015
123999;SBI DEBT FUND SERIES - 366 DAYS - 38 - REGULAR PLAN - GROWTH;INF200K012R4;;11.7004;N.A.;N.A.;02-Apr-2015
124369;SBI DEBT FUND SERIES - 366 DAYS - 39 - DIRECT PLAN - DIVIDEND;INF200K013S0;;10.588;N.A.;N.A.;02-Apr-2015
124370;SBI DEBT FUND SERIES - 366 DAYS - 39 - DIRECT PLAN - GROWTH;INF200K012S2;;11.6676;N.A.;N.A.;02-Apr-2015
124371;SBI DEBT FUND SERIES - 366 DAYS - 39 - REGULAR PLAN - DIVIDEND;INF200K011S4;;N.A.;N.A.;N.A.;02-Apr-2015
124372;SBI DEBT FUND SERIES - 366 DAYS - 39 - REGULAR PLAN - GROWTH;INF200K010S6;;11.6368;N.A.;N.A.;02-Apr-2015
124527;SBI DEBT FUND SERIES - 366 DAYS - 40 - DIRECT PLAN - DIVIDEND;INF200K015T3;;N.A.;N.A.;N.A.;02-Apr-2015
124525;SBI DEBT FUND SERIES - 366 DAYS - 40 - DIRECT PLAN - GROWTH;INF200K014T6;;11.6282;N.A.;N.A.;02-Apr-2015
124526;SBI DEBT FUND SERIES - 366 DAYS - 40 - REGULAR PLAN - DIVIDEND;INF200K013T8;;N.A.;N.A.;N.A.;02-Apr-2015
124528;SBI DEBT FUND SERIES - 366 DAYS - 40 - REGULAR PLAN - GROWTH;INF200K012T0;;11.5909;N.A.;N.A.;02-Apr-2015
124726;SBI DEBT FUND SERIES - 366 DAYS - 41 - DIRECT PLAN - DIVIDEND;INF200K010U2;;N.A.;N.A.;N.A.;02-Apr-2015
124728;SBI DEBT FUND SERIES - 366 DAYS - 41 - DIRECT PLAN - GROWTH;INF200K019T5;;11.5495;N.A.;N.A.;02-Apr-2015
124727;SBI DEBT FUND SERIES - 366 DAYS - 41 - REGULAR PLAN - DIVIDEND;INF200K018T7;;N.A.;N.A.;N.A.;02-Apr-2015
124729;SBI DEBT FUND SERIES - 366 DAYS - 41 - REGULAR PLAN - GROWTH;INF200K016T1;;11.5147;N.A.;N.A.;02-Apr-2015
124938;SBI DEBT FUND SERIES - 366 DAYS - 42 - DIRECT PLAN - DIVIDEND;INF200K012V6;;N.A.;N.A.;N.A.;02-Apr-2015
124940;SBI DEBT FUND SERIES - 366 DAYS - 42 - DIRECT PLAN - GROWTH;INF200K011V8;;11.4143;N.A.;N.A.;02-Apr-2015
124939;SBI DEBT FUND SERIES - 366 DAYS - 42 - REGULAR PLAN - DIVIDEND;INF200K010V0;;10.5057;N.A.;N.A.;02-Apr-2015
124941;SBI DEBT FUND SERIES - 366 DAYS - 42 - REGULAR PLAN - GROWTH;INF200K019U3;;11.3805;N.A.;N.A.;02-Apr-2015
125243;SBI DEBT FUND SERIES - 366 DAYS - 44 - DIRECT PLAN - DIVIDEND;INF200K011X4;;N.A.;N.A.;N.A.;02-Apr-2015
125244;SBI DEBT FUND SERIES - 366 DAYS - 44 - DIRECT PLAN - GROWTH;INF200K010X6;;11.2989;N.A.;N.A.;02-Apr-2015
125246;SBI DEBT FUND SERIES - 366 DAYS - 44 - REGULAR PLAN - DIVIDEND;INF200K019W9;;10.4432;N.A.;N.A.;02-Apr-2015
125245;SBI DEBT FUND SERIES - 366 DAYS - 44 - REGULAR PLAN - GROWTH;INF200K018W1;;11.2756;N.A.;N.A.;02-Apr-2015
125406;SBI DEBT FUND SERIES - 366 DAYS - 45 - DIRECT PLAN - DIVIDEND;INF200K014Y6;;N.A.;N.A.;N.A.;02-Apr-2015
125409;SBI DEBT FUND SERIES - 366 DAYS - 45 - DIRECT PLAN - GROWTH;INF200K015Y3;;11.2913;N.A.;N.A.;02-Apr-2015
125407;SBI DEBT FUND SERIES - 366 DAYS - 45 - REGULAR PLAN - DIVIDEND;INF200K016Y1;;10.4451;N.A.;N.A.;02-Apr-2015
125408;SBI DEBT FUND SERIES - 366 DAYS - 45 - REGULAR PLAN - GROWTH;INF200K017Y9;;11.268;N.A.;N.A.;02-Apr-2015
125519;SBI DEBT FUND SERIES - 366 DAYS - 46 - DIRECT PLAN - DIVIDEND;INF200K012Z7;;N.A.;N.A.;N.A.;02-Apr-2015
125522;SBI DEBT FUND SERIES - 366 DAYS - 46 - DIRECT PLAN - GROWTH;INF200K013Z5;;11.262;N.A.;N.A.;02-Apr-2015
125520;SBI DEBT FUND SERIES - 366 DAYS - 46 - REGULAR PLAN - DIVIDEND;INF200K014Z3;;10.4368;N.A.;N.A.;02-Apr-2015
125521;SBI DEBT FUND SERIES - 366 DAYS - 46 - REGULAR PLAN - GROWTH;INF200K015Z0;;11.2391;N.A.;N.A.;02-Apr-2015
125657;SBI DEBT FUND SERIES - 366 DAYS - 47 - DIRECT PLAN - DIVIDEND;INF200KA1077;;10.4424;N.A.;N.A.;02-Apr-2015
125658;SBI DEBT FUND SERIES - 366 DAYS - 47 - DIRECT PLAN - GROWTH;INF200KA1085;;11.2609;N.A.;N.A.;02-Apr-2015
125659;SBI DEBT FUND SERIES - 366 DAYS - 47 - REGULAR PLAN - DIVIDEND;INF200KA1093;;10.4307;N.A.;N.A.;02-Apr-2015
125660;SBI DEBT FUND SERIES - 366 DAYS - 47 - REGULAR PLAN - GROWTH;INF200KA1101;;11.2277;N.A.;N.A.;02-Apr-2015
125793;SBI DEBT FUND SERIES - 366 DAYS - 48 - DIRECT PLAN - DIVIDEND;INF200KA1192;;10.4556;N.A.;N.A.;02-Apr-2015
125794;SBI DEBT FUND SERIES - 366 DAYS - 48 - DIRECT PLAN - GROWTH;INF200KA1200;;11.2284;N.A.;N.A.;02-Apr-2015
125795;SBI DEBT FUND SERIES - 366 DAYS - 48 - REGULAR PLAN - DIVIDEND;INF200KA1218;;10.4477;N.A.;N.A.;02-Apr-2015
125796;SBI DEBT FUND SERIES - 366 DAYS - 48 - REGULAR PLAN - GROWTH;INF200KA1226;;11.2065;N.A.;N.A.;02-Apr-2015
126093;SBI DEBT FUND SERIES - 366 DAYS - 49 - DIRECT PLAN - DIVIDEND;INF200KA1275;;10.455;N.A.;N.A.;02-Apr-2015
126094;SBI DEBT FUND SERIES - 366 DAYS - 49 - DIRECT PLAN - GROWTH;INF200KA1283;;11.2139;N.A.;N.A.;02-Apr-2015
126096;SBI DEBT FUND SERIES - 366 DAYS - 49 - REGULAR PLAN - DIVIDEND;INF200KA1291;;10.4471;N.A.;N.A.;02-Apr-2015
126095;SBI DEBT FUND SERIES - 366 DAYS - 49 - REGULAR PLAN - GROWTH;INF200KA1309;;11.1924;N.A.;N.A.;02-Apr-2015
126750;SBI DEBT FUND SERIES - 366 DAYS - 51 DIRECT PLAN - DIVIDEND;INF200KA1358;;N.A.;N.A.;N.A.;02-Apr-2015
126748;SBI DEBT FUND SERIES - 366 DAYS - 51 DIRECT PLAN - GROWTH;INF200KA1366;;11.1139;N.A.;N.A.;02-Apr-2015
126747;SBI DEBT FUND SERIES - 366 DAYS - 51 REGULAR PLAN - DIVIDEND;INF200KA1374;;N.A.;N.A.;N.A.;02-Apr-2015
126749;SBI DEBT FUND SERIES - 366 DAYS - 51 REGULAR PLAN - GROWTH;INF200KA1382;;11.0943;N.A.;N.A.;02-Apr-2015
127343;SBI DEBT FUND SERIES - 366 DAYS - 52 - DIRECT PLAN - DIVIDEND;INF200KA1531;;11.0853;N.A.;N.A.;02-Apr-2015
127344;SBI DEBT FUND SERIES - 366 DAYS - 52 - DIRECT PLAN - GROWTH;INF200KA1549;;11.0852;N.A.;N.A.;02-Apr-2015
127341;SBI DEBT FUND SERIES - 366 DAYS - 52 - REGULAR PLAN - DIVIDEND;INF200KA1556;;N.A.;N.A.;N.A.;02-Apr-2015
127342;SBI DEBT FUND SERIES - 366 DAYS - 52 - REGULAR PLAN - GROWTH;INF200KA1564;;11.0728;N.A.;N.A.;02-Apr-2015
127810;SBI DEBT FUND SERIES - 366 DAYS - 53 - DIRECT PLAN - DIVIDEND;INF200KA1606;;11.053;N.A.;N.A.;02-Apr-2015
127811;SBI DEBT FUND SERIES - 366 DAYS - 53 - DIRECT PLAN - GROWTH;INF200KA1614;;11.0533;N.A.;N.A.;02-Apr-2015
127812;SBI DEBT FUND SERIES - 366 DAYS - 53 - REGULAR PLAN - DIVIDEND;INF200KA1622;;N.A.;N.A.;N.A.;02-Apr-2015
127813;SBI DEBT FUND SERIES - 366 DAYS - 53 - REGULAR PLAN - GROWTH;INF200KA1630;;11.0351;N.A.;N.A.;02-Apr-2015
128165;SBI DEBT FUND SERIES - 366 DAYS - 54 - DIRECT PLAN - DIVIDEND;INF200KA1788;;11.0165;N.A.;N.A.;02-Apr-2015
128167;SBI DEBT FUND SERIES - 366 DAYS - 54 - REGULAR PLAN - DIVIDEND;INF200KA1804;;10.9867;N.A.;N.A.;02-Apr-2015
128168;SBI DEBT FUND SERIES - 366 DAYS - 54 - REGULAR PLAN - GROWTH;INF200KA1812;;10.9868;N.A.;N.A.;02-Apr-2015
128166;SBI DEBT FUND SERIES - 366 DAYS - 54- DIRECT PLAN - GROWTH;INF200KA1796;;11.0161;N.A.;N.A.;02-Apr-2015
113321;SBI Debt Fund Series - 60 Months - 1 - Dividend;INF200K01CQ8;;14.0871;N.A.;N.A.;02-Apr-2015
113401;SBI Debt Fund Series - 60 Months - 1 - Growth;INF200K01CP0;;14.087;N.A.;N.A.;02-Apr-2015
118220;SBI DEBT FUND SERIES - 60 MONTHS - 2 - DIVIDEND;INF200K01QD6;;12.1045;N.A.;N.A.;02-Apr-2015
118221;SBI DEBT FUND SERIES - 60 MONTHS - 2 - GROWTH;INF200K01QC8;;12.1046;N.A.;N.A.;02-Apr-2015
120901;SBI DEBT FUND SERIES - 60 MONTHS - 3 - DIRECT PLAN - DIVIDEND;INF200K01QQ8;;12.1305;N.A.;N.A.;02-Apr-2015
120900;SBI DEBT FUND SERIES - 60 MONTHS - 3 - DIRECT PLAN - GROWTH;INF200K01QP0;;12.1305;N.A.;N.A.;02-Apr-2015
120899;SBI DEBT FUND SERIES - 60 MONTHS - 3 - REGULAR PLAN - DIVIDEND;INF200K01QF1;;11.9932;N.A.;N.A.;02-Apr-2015
120898;SBI DEBT FUND SERIES - 60 MONTHS - 3 - REGULAR PLAN - GROWTH;INF200K01QE4;;11.9932;N.A.;N.A.;02-Apr-2015
126581;SBI DEBT FUND SERIES A - 1 DIRECT - GROWTH;INF200KA1AY0;;11.1451;N.A.;N.A.;02-Apr-2015
126582;SBI DEBT FUND SERIES A - 1 DIRECT PLAN - DIVIDEND;INF200KA1AZ7;;11.1451;N.A.;N.A.;02-Apr-2015
126580;SBI DEBT FUND SERIES A - 1 REGULAR PLAN - GROWTH;INF200KA1AW4;;11.0885;N.A.;N.A.;02-Apr-2015
126583;SBI DEBT FUND SERIES A - 1 REGULAR PLAN DIVIDEND;INF200KA1AX2;;11.0885;N.A.;N.A.;02-Apr-2015
128325;SBI DEBT FUND SERIES A - 10 DIRECT - GROWTH;INF200KA1BC4;;11.0022;N.A.;N.A.;02-Apr-2015
128326;SBI DEBT FUND SERIES A - 10 DIRECT PLAN - DIVIDEND;INF200KA1BD2;;11.0022;N.A.;N.A.;02-Apr-2015
128327;SBI DEBT FUND SERIES A - 10 REGULAR PLAN - DIVIDEND;INF200KA1BB6;;10.9488;N.A.;N.A.;02-Apr-2015
128328;SBI DEBT FUND SERIES A - 10 REGULAR PLAN - GROWTH;INF200KA1BA8;;10.9488;N.A.;N.A.;02-Apr-2015
128389;SBI DEBT FUND SERIES A - 11 DIRECT PLAN - DIVIDEND;INF200KA1AF9;;10.4491;N.A.;N.A.;02-Apr-2015
128388;SBI DEBT FUND SERIES A - 11 DIRECT PLAN - GROWTH;INF200KA1AE2;;10.9865;N.A.;N.A.;02-Apr-2015
128391;SBI DEBT FUND SERIES A - 11 REGULAR PLAN - DIVIDEND;INF200KA1AD4;;10.4228;N.A.;N.A.;02-Apr-2015
128390;SBI DEBT FUND SERIES A - 11 REGULAR PLAN - GROWTH;INF200KA1AC6;;10.9287;N.A.;N.A.;02-Apr-2015
128672;SBI DEBT FUND SERIES A - 13 DIRECT PLAN - DIVIDEND;INF200KA1978;;N.A.;N.A.;N.A.;02-Apr-2015
128674;SBI DEBT FUND SERIES A - 13 DIRECT PLAN - GROWTH;INF200KA1960;;10.942;N.A.;N.A.;02-Apr-2015
128673;SBI DEBT FUND SERIES A - 13 REGULAR PLAN - DIVIDEND;INF200KA1952;;10.911;N.A.;N.A.;02-Apr-2015
128671;SBI DEBT FUND SERIES A - 13 REGULAR PLAN - GROWTH;INF200KA1945;;10.9079;N.A.;N.A.;02-Apr-2015
128696;SBI DEBT FUND SERIES A - 14 DIRECT PLAN - DIVIDEND;INF200KA1AJ1;;10.9372;N.A.;N.A.;02-Apr-2015
128693;SBI DEBT FUND SERIES A - 14 DIRECT PLAN - GROWTH;INF200KA1AI3;;10.9372;N.A.;N.A.;02-Apr-2015
128694;SBI DEBT FUND SERIES A - 14 REGULAR PLAN - DIVIDEND;INF200KA1AH5;;10.8812;N.A.;N.A.;02-Apr-2015
128695;SBI DEBT FUND SERIES A - 14 REGULAR PLAN - GROWTH;INF200KA1AG7;;10.8812;N.A.;N.A.;02-Apr-2015
128701;SBI DEBT FUND SERIES A - 15 DIRECT PLAN - DIVIDEND;INF200K015D7;;11.0404;N.A.;N.A.;02-Apr-2015
128702;SBI DEBT FUND SERIES A - 15 DIRECT PLAN - GROWTH;INF200K014D0;;11.0404;N.A.;N.A.;02-Apr-2015
128703;SBI DEBT FUND SERIES A - 15 REGULAR PLAN - DIVIDEND;INF200K013D2;;10.9818;N.A.;N.A.;02-Apr-2015
128704;SBI DEBT FUND SERIES A - 15 REGULAR PLAN - GROWTH;INF200K012D4;;10.9818;N.A.;N.A.;02-Apr-2015
128930;SBI DEBT FUND SERIES A - 16 DIRECT PLAN - DIVIDEND;INF200KA1AB8;;N.A.;N.A.;N.A.;02-Apr-2015
128931;SBI DEBT FUND SERIES A - 16 DIRECT PLAN - GROWTH;INF200KA1AA0;;10.897;N.A.;N.A.;02-Apr-2015
128932;SBI DEBT FUND SERIES A - 16 REGULAR PLAN - DIVIDEND;INF200KA1994;;N.A.;N.A.;N.A.;02-Apr-2015
128933;SBI DEBT FUND SERIES A - 16 REGULAR PLAN - GROWTH;INF200KA1986;;10.8912;N.A.;N.A.;02-Apr-2015
129120;SBI DEBT FUND SERIES A - 17 DIRECT PLAN - DIVIDEND;INF200KA1AV6;;10.8754;N.A.;N.A.;02-Apr-2015
129117;SBI DEBT FUND SERIES A - 17 DIRECT PLAN - GROWTH;INF200KA1AU8;;10.8754;N.A.;N.A.;02-Apr-2015
129119;SBI DEBT FUND SERIES A - 17 REGULAR PLAN - DIVIDEND;INF200KA1AT0;;10.8649;N.A.;N.A.;02-Apr-2015
129118;SBI DEBT FUND SERIES A - 17 REGULAR PLAN - GROWTH;INF200KA1AS2;;10.8649;N.A.;N.A.;02-Apr-2015
129297;SBI DEBT FUND SERIES A - 18 DIRECT PLAN - DIVIDEND;INF200KA1BH3;;10.8733;N.A.;N.A.;02-Apr-2015
129299;SBI DEBT FUND SERIES A - 18 DIRECT PLAN - GROWTH;INF200KA1BG5;;10.8733;N.A.;N.A.;02-Apr-2015
129300;SBI DEBT FUND SERIES A - 18 REGULAR PLAN - DIVIDEND;INF200KA1BF7;;10.8628;N.A.;N.A.;02-Apr-2015
129298;SBI DEBT FUND SERIES A - 18 REGULAR PLAN - GROWTH;INF200KA1BE0;;10.8628;N.A.;N.A.;02-Apr-2015
129366;SBI DEBT FUND SERIES A - 19 DIRECT PLAN - DIVIDEND;INF200KA1BP6;;10.8697;N.A.;N.A.;02-Apr-2015
129363;SBI DEBT FUND SERIES A - 19 DIRECT PLAN - GROWTH;INF200KA1BO9;;10.8697;N.A.;N.A.;02-Apr-2015
129364;SBI DEBT FUND SERIES A - 19 REGULAR PLAN - DIVIDEND;INF200KA1BN1;;10.8594;N.A.;N.A.;02-Apr-2015
129365;SBI DEBT FUND SERIES A - 19 REGULAR PLAN - GROWTH;INF200KA1BM3;;10.8594;N.A.;N.A.;02-Apr-2015
126912;SBI DEBT FUND SERIES A - 2 DIRECT - GROWTH;INF200KA1CI9;;11.1126;N.A.;N.A.;02-Apr-2015
126913;SBI DEBT FUND SERIES A - 2 DIRECT PLAN - DIVIDEND;INF200KA1CJ7;;N.A.;N.A.;N.A.;02-Apr-2015
126915;SBI DEBT FUND SERIES A - 2 REGULAR PLAN - DIVIDEND;INF200KA1CH1;;11.0638;N.A.;N.A.;02-Apr-2015
126914;SBI DEBT FUND SERIES A - 2 REGULAR PLAN - GROWTH;INF200KA1CG3;;11.0638;N.A.;N.A.;02-Apr-2015
129391;SBI DEBT FUND SERIES A - 20 DIRECT PLAN - DIVIDEND;INF200KA1BT8;;10.8674;N.A.;N.A.;02-Apr-2015
129392;SBI DEBT FUND SERIES A - 20 DIRECT PLAN - GROWTH;INF200KA1BS0;;10.8674;N.A.;N.A.;02-Apr-2015
129393;SBI DEBT FUND SERIES A - 20 REGULAR PLAN - DIVIDEND;INF200KA1BR2;;10.8572;N.A.;N.A.;02-Apr-2015
129394;SBI DEBT FUND SERIES A - 20 REGULAR PLAN - GROWTH;INF200KA1BQ4;;10.8572;N.A.;N.A.;02-Apr-2015
129442;SBI DEBT FUND SERIES A - 21 DIRECT PLAN - DIVIDEND;INF200KA1BX0;;10.8452;N.A.;N.A.;02-Apr-2015
129443;SBI DEBT FUND SERIES A - 21 DIRECT PLAN - GROWTH;INF200KA1BW2;;10.8452;N.A.;N.A.;02-Apr-2015
129445;SBI DEBT FUND SERIES A - 21 REGULAR PLAN - DIVIDEND;INF200KA1BV4;;10.8351;N.A.;N.A.;02-Apr-2015
129444;SBI DEBT FUND SERIES A - 21 REGULAR PLAN - GROWTH;INF200KA1BU6;;10.8351;N.A.;N.A.;02-Apr-2015
129658;SBI DEBT FUND SERIES A - 22 DIRECT PLAN - DIVIDEND;INF200KA1CV2;;10.8333;N.A.;N.A.;02-Apr-2015
129661;SBI DEBT FUND SERIES A - 22 DIRECT PLAN - GROWTH;INF200KA1CU4;;10.8333;N.A.;N.A.;02-Apr-2015
129659;SBI DEBT FUND SERIES A - 22 REGULAR PLAN - DIVIDEND;INF200KA1CT6;;10.8186;N.A.;N.A.;02-Apr-2015
129660;SBI DEBT FUND SERIES A - 22 REGULAR PLAN - GROWTH;INF200KA1CS8;;10.8186;N.A.;N.A.;02-Apr-2015
129662;SBI DEBT FUND SERIES A - 23 DIRECT PLAN - DIVIDEND;INF200K011H7;;10.9717;N.A.;N.A.;02-Apr-2015
129663;SBI DEBT FUND SERIES A - 23 DIRECT PLAN - GROWTH;INF200K010H9;;10.9717;N.A.;N.A.;02-Apr-2015
129664;SBI DEBT FUND SERIES A - 23 REGULAR PLAN - DIVIDEND;INF200K019G2;;10.9378;N.A.;N.A.;02-Apr-2015
129665;SBI DEBT FUND SERIES A - 23 REGULAR PLAN - GROWTH;INF200K018G4;;10.9378;N.A.;N.A.;02-Apr-2015
129707;SBI DEBT FUND SERIES A - 24 DIRECT PLAN - DIVIDEND;INF200KA1DR8;;10.8188;N.A.;N.A.;02-Apr-2015
129708;SBI DEBT FUND SERIES A - 24 DIRECT PLAN - GROWTH;INF200KA1DQ0;;10.8188;N.A.;N.A.;02-Apr-2015
129709;SBI DEBT FUND SERIES A - 24 REGULAR PLAN - DIVIDEND;INF200KA1DP2;;10.8044;N.A.;N.A.;02-Apr-2015
129710;SBI DEBT FUND SERIES A - 24 REGULAR PLAN - GROWTH;INF200KA1DO5;;10.8044;N.A.;N.A.;02-Apr-2015
129845;SBI DEBT FUND SERIES A - 25 DIRECT PLAN - DIVIDEND;INF200KA1DV0;;10.7889;N.A.;N.A.;02-Apr-2015
129848;SBI DEBT FUND SERIES A - 25 DIRECT PLAN - GROWTH;INF200KA1DU2;;10.7889;N.A.;N.A.;02-Apr-2015
129846;SBI DEBT FUND SERIES A - 25 REGULAR PLAN - DIVIDEND;INF200KA1DT4;;10.7776;N.A.;N.A.;02-Apr-2015
129847;SBI DEBT FUND SERIES A - 25 REGULAR PLAN - GROWTH;INF200KA1DS6;;10.7776;N.A.;N.A.;02-Apr-2015
129872;SBI DEBT FUND SERIES A - 26 (682 DAYS) DIRECT PLAN - DIVIDEND;INF200K013I1;;N.A.;N.A.;N.A.;02-Apr-2015
129869;SBI DEBT FUND SERIES A - 26 (682 DAYS) DIRECT PLAN - GROWTH;INF200K012I3;;10.8191;N.A.;N.A.;02-Apr-2015
129870;SBI DEBT FUND SERIES A - 26 (682 DAYS) REGULAR PLAN - DIVIDEND;INF200K011I5;;10.7932;N.A.;N.A.;02-Apr-2015
129871;SBI DEBT FUND SERIES A - 26 (682 DAYS) REGULAR PLAN - GROWTH;INF200K010I7;;10.7932;N.A.;N.A.;02-Apr-2015
129971;SBI DEBT FUND SERIES A - 27 (366 DAYS) DIRECT PLAN - DIVIDEND;INF200KA1EE4;;10.7606;N.A.;N.A.;02-Apr-2015
129972;SBI DEBT FUND SERIES A - 27 (366 DAYS) DIRECT PLAN - GROWTH;INF200KA1EF1;;10.7606;N.A.;N.A.;02-Apr-2015
129973;SBI DEBT FUND SERIES A - 27 (366 DAYS) REGULAR PLAN - DIVIDEND;INF200KA1EG9;;10.7506;N.A.;N.A.;02-Apr-2015
129974;SBI DEBT FUND SERIES A - 27 (366 DAYS) REGULAR PLAN - GROWTH;INF200KA1EH7;;10.7506;N.A.;N.A.;02-Apr-2015
130027;SBI DEBT FUND SERIES A - 28 (367 DAYS) - DIRECT PLAN - DIVIDEND;INF200KA1EP0;;10.751;N.A.;N.A.;02-Apr-2015
130026;SBI DEBT FUND SERIES A - 28 (367 DAYS) - DIRECT PLAN - GROWTH;INF200KA1EO3;;10.751;N.A.;N.A.;02-Apr-2015
130028;SBI DEBT FUND SERIES A - 28 (367 DAYS) - REGULAR PLAN - DIVIDEND;INF200KA1EN5;;10.7412;N.A.;N.A.;02-Apr-2015
130025;SBI DEBT FUND SERIES A - 28 (367 DAYS) - REGULAR PLAN - GROWTH;INF200KA1EM7;;10.7412;N.A.;N.A.;02-Apr-2015
127111;SBI DEBT FUND SERIES A - 3 DIRECT - GROWTH;INF200KA1AQ6;;11.0865;N.A.;N.A.;02-Apr-2015
127112;SBI DEBT FUND SERIES A - 3 DIRECT PLAN - DIVIDEND;INF200KA1AR4;;11.0874;N.A.;N.A.;02-Apr-2015
127113;SBI DEBT FUND SERIES A - 3 REGULAR PLAN - DIVIDEND;INF200KA1AP8;;11.0525;N.A.;N.A.;02-Apr-2015
127114;SBI DEBT FUND SERIES A - 3 REGULAR PLAN - GROWTH;INF200KA1AO1;;11.0525;N.A.;N.A.;02-Apr-2015
130236;SBI DEBT FUND SERIES A - 31 (367 DAYS) DIRECT PLAN - DIVIDEND;INF200KA1EX4;;10.719;N.A.;N.A.;02-Apr-2015
130238;SBI DEBT FUND SERIES A - 31 (367 DAYS) DIRECT PLAN - GROWTH;INF200KA1EW6;;10.719;N.A.;N.A.;02-Apr-2015
130235;SBI DEBT FUND SERIES A - 31 (367 DAYS) REGULAR PLAN - DIVIDEND;INF200KA1EV8;;10.7105;N.A.;N.A.;02-Apr-2015
130237;SBI DEBT FUND SERIES A - 31 (367 DAYS) REGULAR PLAN - GROWTH;INF200KA1EU0;;10.7105;N.A.;N.A.;02-Apr-2015
130282;SBI DEBT FUND SERIES A - 32 (367 DAYS) DIRECT PLAN - DIVIDEND;INF200KA1FB7;;10.6998;N.A.;N.A.;02-Apr-2015
130283;SBI DEBT FUND SERIES A - 32 (367 DAYS) DIRECT PLAN - GROWTH;INF200KA1FA9;;10.6998;N.A.;N.A.;02-Apr-2015
130284;SBI DEBT FUND SERIES A - 32 (367 DAYS) REGULAR PLAN - DIVIDEND;INF200KA1EZ9;;10.6914;N.A.;N.A.;02-Apr-2015
130281;SBI DEBT FUND SERIES A - 32 (367 DAYS) REGULAR PLAN - GROWTH;INF200KA1EY2;;10.6914;N.A.;N.A.;02-Apr-2015
130285;SBI DEBT FUND SERIES A - 33 (36 Months) DIRECT PLAN - DIVIDEND;INF200K015L0;;10.8152;N.A.;N.A.;02-Apr-2015
130286;SBI DEBT FUND SERIES A - 33 (36 Months) DIRECT PLAN - GROWTH;INF200K014L3;;10.8152;N.A.;N.A.;02-Apr-2015
130287;SBI DEBT FUND SERIES A - 33 (36 Months) REGULAR PLAN - DIVIDEND;INF200K013L5;;10.7861;N.A.;N.A.;02-Apr-2015
130288;SBI DEBT FUND SERIES A - 33 (36 Months) REGULAR PLAN - GROWTH;INF200K012L7;;10.7861;N.A.;N.A.;02-Apr-2015
130321;SBI DEBT FUND SERIES A - 34 (367 Days)  REGULAR PLAN - DIVIDEND;INF200KA1FD3;;10.6855;N.A.;N.A.;02-Apr-2015
130324;SBI DEBT FUND SERIES A - 34 (367 DAYS) DIRECT PLAN - DIVIDEND;INF200KA1FF8;;10.696;N.A.;N.A.;02-Apr-2015
130322;SBI DEBT FUND SERIES A - 34 (367 DAYS) DIRECT PLAN - GROWTH;INF200KA1FE1;;10.696;N.A.;N.A.;02-Apr-2015
130323;SBI DEBT FUND SERIES A - 34 (367 DAYS) REGULAR PLAN - GROWTH;INF200KA1FC5;;10.6877;N.A.;N.A.;02-Apr-2015
130444;SBI DEBT FUND SERIES A - 35 (369 DAYS) DIRECT PLAN - DIVIDEND;INF200KA1FN2;;N.A.;N.A.;N.A.;02-Apr-2015
130445;SBI DEBT FUND SERIES A - 35 (369 DAYS) DIRECT PLAN - GROWTH;INF200KA1FM4;;10.6619;N.A.;N.A.;02-Apr-2015
130443;SBI DEBT FUND SERIES A - 35 (369 Days) REGULAR PLAN - DIVIDEND;INF200KA1FL6;;10.6539;N.A.;N.A.;02-Apr-2015
130442;SBI DEBT FUND SERIES A - 35 (369 DAYS) REGULAR PLAN - GROWTH;INF200KA1FK8;;10.6539;N.A.;N.A.;02-Apr-2015
130599;SBI DEBT FUND SERIES A - 36 (36 Months) DIRECT PLAN - DIVIDEND;INF200K017M4;;10.8297;N.A.;N.A.;02-Apr-2015
130601;SBI DEBT FUND SERIES A - 36 (36 Months) DIRECT PLAN - GROWTH;INF200K016M6;;10.8297;N.A.;N.A.;02-Apr-2015
130600;SBI DEBT FUND SERIES A - 36 (36 Months) REGULAR PLAN - DIVIDEND;INF200K015M8;;10.802;N.A.;N.A.;02-Apr-2015
130602;SBI DEBT FUND SERIES A - 36 (36 Months) REGULAR PLAN - GROWTH;INF200K014M1;;10.802;N.A.;N.A.;02-Apr-2015
130830;SBI DEBT FUND SERIES A - 38 (1100 DAYS) DIRECT PLAN - DIVIDEND;INF200K019N8;;10.763;N.A.;N.A.;02-Apr-2015
130831;SBI DEBT FUND SERIES A - 38 (1100 DAYS) DIRECT PLAN - GROWTH;INF200K018N0;;10.763;N.A.;N.A.;02-Apr-2015
130832;SBI DEBT FUND SERIES A - 38 (1100 Days) REGULAR PLAN - DIVIDEND;INF200K017N2;;10.7378;N.A.;N.A.;02-Apr-2015
130833;SBI DEBT FUND SERIES A - 38 (1100 DAYS) REGULAR PLAN - GROWTH;INF200K016N4;;10.7378;N.A.;N.A.;02-Apr-2015
130984;SBI DEBT FUND SERIES A - 39 (1100 DAYS) - DIRECT PLAN - DIVIDEND;INF200K011P0;;10.7275;N.A.;N.A.;02-Apr-2015
130982;SBI DEBT FUND SERIES A - 39 (1100 DAYS) - REGULAR PLAN - DIVIDEND;INF200K019O6;;10.7036;N.A.;N.A.;02-Apr-2015
130981;SBI DEBT FUND SERIES A - 39 (1100 DAYS) - REGULAR PLAN - GROWTH;INF200K018O8;;10.7035;N.A.;N.A.;02-Apr-2015
130983;SBI DEBT FUNDS SERIES A - 39 (1100 DAYS) - DIRECT PLAN - GROWTH;INF200K010P2;;10.7274;N.A.;N.A.;02-Apr-2015
127337;SBI DEBT FUND SERIES A - 4 DIRECT - GROWTH;INF200K01Z04;;11.186;N.A.;N.A.;02-Apr-2015
127340;SBI DEBT FUND SERIES A - 4 DIRECT PLAN - DIVIDEND;INF200K01Z12;;11.186;N.A.;N.A.;02-Apr-2015
127338;SBI DEBT FUND SERIES A - 4 REGULAR PLAN - DIVIDEND;INF200K01Y96;;11.1389;N.A.;N.A.;02-Apr-2015
127339;SBI DEBT FUND SERIES A - 4 REGULAR PLAN - GROWTH;INF200K01Y88;;11.1389;N.A.;N.A.;02-Apr-2015
131129;SBI DEBT FUND SERIES A - 40 (1100 DAYS) - DIRECT PLAN - DIVIDEND;INF200K017Q5;;N.A.;N.A.;N.A.;02-Apr-2015
131128;SBI DEBT FUND SERIES A - 40 (1100 DAYS) - DIRECT PLAN - GROWTH;INF200K016Q7;;10.674;N.A.;N.A.;02-Apr-2015
131127;SBI DEBT FUND SERIES A - 40 (1100 DAYS) - REGULAR PLAN - DIVIDEND;INF200K015Q9;;10.6535;N.A.;N.A.;02-Apr-2015
131130;SBI DEBT FUND SERIES A - 40 (1100 DAYS) - REGULAR PLAN - GROWTH;INF200K014Q2;;10.6517;N.A.;N.A.;02-Apr-2015
131275;SBI DEBT FUND SERIES A - 42 (1111 DAYS) - DIRECT PLAN - DIVIDEND;INF200K019R9;;N.A.;N.A.;N.A.;02-Apr-2015
131276;SBI DEBT FUND SERIES A - 42 (1111 DAYS) - DIRECT PLAN - GROWTH;INF200K018R1;;10.6709;N.A.;N.A.;02-Apr-2015
131274;SBI DEBT FUND SERIES A - 42 (1111 DAYS) - REGULAR PLAN - DIVIDEND;INF200K017R3;;10.6499;N.A.;N.A.;02-Apr-2015
131273;SBI DEBT FUND SERIES A - 42 (1111 DAYS) - REGULAR PLAN - GROWTH;INF200K016R5;;10.6499;N.A.;N.A.;02-Apr-2015
131403;SBI DEBT FUND SERIES A - 43 (1111 DAYS) - DIRECT PLAN - DIVIDEND;INF200K011T2;;10.6061;N.A.;N.A.;02-Apr-2015
131401;SBI DEBT FUND SERIES A - 43 (1111 DAYS) - DIRECT PLAN - GROWTH;INF200K010T4;;10.6061;N.A.;N.A.;02-Apr-2015
131400;SBI DEBT FUND SERIES A - 43 (1111 DAYS) - REGULAR PLAN - DIVIDEND;INF200K019S7;;10.5869;N.A.;N.A.;02-Apr-2015
131402;SBI DEBT FUND SERIES A - 43 (1111 DAYS) - REGULAR PLAN - GROWTH;INF200K018S9;;10.5869;N.A.;N.A.;02-Apr-2015
131468;SBI DEBT FUND SERIES A - 44 (1111 DAYS) - DIRECT PLAN - DIVIDEND;INF200K014U4;;10.5329;N.A.;N.A.;02-Apr-2015
131469;SBI DEBT FUND SERIES A - 44 (1111 DAYS) - DIRECT PLAN - GROWTH;INF200K013U6;;10.5326;N.A.;N.A.;02-Apr-2015
131467;SBI DEBT FUND SERIES A - 44 (1111 DAYS) - REGULAR PLAN - DIVIDEND;INF200K012U8;;10.5148;N.A.;N.A.;02-Apr-2015
131466;SBI DEBT FUND SERIES A - 44 (1111 DAYS) - REGULAR PLAN - GROWTH;INF200K011U0;;10.5148;N.A.;N.A.;02-Apr-2015
127516;SBI DEBT FUND SERIES A - 5 DIRECT - GROWTH;INF200KA1AM5;;11.0776;N.A.;N.A.;02-Apr-2015
127517;SBI DEBT FUND SERIES A - 5 DIRECT PLAN - DIVIDEND;INF200KA1AN3;;11.078;N.A.;N.A.;02-Apr-2015
127514;SBI DEBT FUND SERIES A - 5 REGULAR PLAN - DIVIDEND;INF200KA1AL7;;11.0493;N.A.;N.A.;02-Apr-2015
127515;SBI DEBT FUND SERIES A - 5 REGULAR PLAN - GROWTH;INF200KA1AK9;;11.0493;N.A.;N.A.;02-Apr-2015
128158;SBI DEBT FUND SERIES A - 6 DIRECT - GROWTH;INF200K01Z87;;11.161;N.A.;N.A.;02-Apr-2015
128159;SBI DEBT FUND SERIES A - 6 DIRECT PLAN - DIVIDEND;INF200K01Z95;;N.A.;N.A.;N.A.;02-Apr-2015
128160;SBI DEBT FUND SERIES A - 6 REGULAR PLAN - DIVIDEND;INF200K01Z79;;11.1011;N.A.;N.A.;02-Apr-2015
128157;SBI DEBT FUND SERIES A - 6 REGULAR PLAN - GROWTH;INF200K01Z61;;11.1011;N.A.;N.A.;02-Apr-2015
128161;SBI DEBT FUND SERIES A - 7 DIRECT - GROWTH;INF200K012A0;;11.2119;N.A.;N.A.;02-Apr-2015
128162;SBI DEBT FUND SERIES A - 7 DIRECT PLAN - DIVIDEND;INF200K013A8;;11.2119;N.A.;N.A.;02-Apr-2015
128163;SBI DEBT FUND SERIES A - 7 REGULAR PLAN - DIVIDEND;INF200K011A2;;11.1597;N.A.;N.A.;02-Apr-2015
128164;SBI DEBT FUND SERIES A - 7 REGULAR PLAN - GROWTH;INF200K010A4;;11.1597;N.A.;N.A.;02-Apr-2015
128321;SBI DEBT FUND SERIES A - 9 DIRECT - GROWTH;INF200KA1713;;11.0067;N.A.;N.A.;02-Apr-2015
128322;SBI DEBT FUND SERIES A - 9 DIRECT PLAN - DIVIDEND;INF200KA1721;;N.A.;N.A.;N.A.;02-Apr-2015
128324;SBI DEBT FUND SERIES A - 9 REGULAR PLAN - DIVIDEND;INF200KA1739;;N.A.;N.A.;N.A.;02-Apr-2015
128323;SBI DEBT FUND SERIES A - 9 REGULAR PLAN - GROWTH;INF200KA1705;;10.976;N.A.;N.A.;02-Apr-2015
131594;SBI DEBT FUND SERIES B - 1 (1111 DAYS) - DIRECT PLAN - DIVIDEND;INF200K018U5;;10.4982;N.A.;N.A.;02-Apr-2015
131596;SBI DEBT FUND SERIES B - 1 (1111 DAYS) - DIRECT PLAN - GROWTH;INF200K017U7;;10.4982;N.A.;N.A.;02-Apr-2015
131597;SBI DEBT FUND SERIES B - 1 (1111 DAYS) - REGULAR PLAN - DIVIDEND;INF200K016U9;;10.4818;N.A.;N.A.;02-Apr-2015
131595;SBI DEBT FUND SERIES B - 1 (1111 DAYS) - REGULAR PLAN - GROWTH;INF200K015U1;;10.4818;N.A.;N.A.;02-Apr-2015
132858;SBI DEBT FUND SERIES B - 2 (1111 DAYS) - DIRECT PLAN - DIVIDEND;INF200K010W8;;10.4252;N.A.;N.A.;02-Apr-2015
132856;SBI DEBT FUND SERIES B - 2 (1111 DAYS) - DIRECT PLAN - GROWTH;INF200K013W2;;10.4252;N.A.;N.A.;02-Apr-2015
132855;SBI DEBT FUND SERIES B - 2 (1111 DAYS) - REGULAR PLAN - DIVIDEND;INF200K012W4;;10.4102;N.A.;N.A.;02-Apr-2015
132857;SBI DEBT FUND SERIES B - 2 (1111 DAYS) - REGULAR PLAN - GROWTH;INF200K011W6;;10.4102;N.A.;N.A.;02-Apr-2015
132991;SBI DEBT FUND SERIES B - 3 (1111 DAYS) - DIRECT PLAN - DIVIDEND;INF200K013Y8;;10.3695;N.A.;N.A.;02-Apr-2015
132994;SBI DEBT FUND SERIES B - 3 (1111 DAYS) - DIRECT PLAN - GROWTH;INF200K012Y0;;10.3695;N.A.;N.A.;02-Apr-2015
132993;SBI DEBT FUND SERIES B - 3 (1111 DAYS) - REGULAR PLAN - DIVIDEND;INF200K011Y2;;10.3556;N.A.;N.A.;02-Apr-2015
132992;SBI DEBT FUND SERIES B - 3 (1111 DAYS) - REGULAR PLAN - GROWTH;INF200K010Y4;;10.3556;N.A.;N.A.;02-Apr-2015
133196;SBI DEBT FUND SERIES B - 4 (1111 DAYS) - DIRECT PLAN - DIVIDEND;INF200K019Z2;;10.2864;N.A.;N.A.;02-Apr-2015
133198;SBI DEBT FUND SERIES B - 4 (1111 DAYS) - DIRECT PLAN - GROWTH;INF200K018Z4;;10.2864;N.A.;N.A.;02-Apr-2015
133197;SBI DEBT FUND SERIES B - 4 (1111 DAYS) - REGULAR PLAN - DIVIDEND;INF200K017Z6;;10.2748;N.A.;N.A.;02-Apr-2015
133195;SBI DEBT FUND SERIES B - 4 (1111 DAYS) - REGULAR PLAN - GROWTH;INF200K016Z8;;10.2748;N.A.;N.A.;02-Apr-2015
133333;SBI DEBT FUND SERIES B - 6 (1111 DAYS) - DIRECT PLAN - DIVIDEND;INF200KA1267;;10.2371;N.A.;N.A.;02-Apr-2015
133332;SBI DEBT FUND SERIES B - 6 (1111 DAYS) - DIRECT PLAN - GROWTH;INF200KA1259;;10.2368;N.A.;N.A.;02-Apr-2015
133331;SBI DEBT FUND SERIES B - 6 (1111 DAYS) - REGULAR PLAN - DIVIDEND;INF200KA1242;;10.2277;N.A.;N.A.;02-Apr-2015
133330;SBI DEBT FUND SERIES B - 6 (1111 DAYS) - REGULAR PLAN - GROWTH;INF200KA1234;;10.2277;N.A.;N.A.;02-Apr-2015
133853;SBI DEBT FUND SERIES B - 7 (38 MONTHS) - DIRECT PLAN - DIVIDEND;INF200KA1465;;N.A.;N.A.;N.A.;02-Apr-2015
133856;SBI DEBT FUND SERIES B - 7 (38 MONTHS) - DIRECT PLAN - GROWTH;INF200KA1457;;10.1009;N.A.;N.A.;02-Apr-2015
133854;SBI DEBT FUND SERIES B - 7 (38 MONTHS) - REGUALR PLAN - DIVIDEND;INF200KA1440;;10.097;N.A.;N.A.;02-Apr-2015
133855;SBI DEBT FUNS SERIES B - 7 (38 MONTHS) - REGULAR PLAN - GROWTH;INF200KA1432;;10.097;N.A.;N.A.;02-Apr-2015
126466;SBI Dual Advantage Fund Series - I - Direct Plan - Dividend;INF200K01X55;;12.1099;N.A.;N.A.;02-Apr-2015
126465;SBI Dual Advantage Fund Series - I - Direct Plan - Growth;INF200K01X48;;12.1271;N.A.;N.A.;02-Apr-2015
126464;SBI Dual Advantage Fund Series - I - Regular Plan - Dividend;INF200K01X30;;12.0741;N.A.;N.A.;02-Apr-2015
126463;SBI Dual Advantage Fund Series - I - Regular Plan - Growth;INF200K01X22;;12.0739;N.A.;N.A.;02-Apr-2015
129423;SBI Dual Advantage Fund Series - II Direct Plan - Dividend;INF200K015F2;;11.324;N.A.;N.A.;02-Apr-2015
129421;SBI Dual Advantage Fund Series - II Direct Plan - Growth;INF200K014F5;;11.3245;N.A.;N.A.;02-Apr-2015
129422;SBI Dual Advantage Fund Series - II Regular Plan - Dividend;INF200K013F7;;11.3138;N.A.;N.A.;02-Apr-2015
129424;SBI Dual Advantage Fund Series - II Regular Plan - Growth;INF200K012F9;;11.3138;N.A.;N.A.;02-Apr-2015
130023;SBI Dual Advantage Fund - Series III - Direct Plan - Dividend;INF200K015J4;;11.0721;N.A.;N.A.;02-Apr-2015
130024;SBI Dual Advantage Fund - Series III - Direct Plan - Growth;INF200K014J7;;11.0721;N.A.;N.A.;02-Apr-2015
130022;SBI Dual Advantage Fund - Series III - Regular Plan - Dividend;INF200K013J9;;11.0634;N.A.;N.A.;02-Apr-2015
130021;SBI Dual Advantage Fund - Series III - Regular Plan - Growth;INF200K012J1;;11.0633;N.A.;N.A.;02-Apr-2015
131132;SBI DUAL ADVANTAGE FUND - SERIES IV - DIRECT PLAN - DIVIDEND;INF200K013Q4;;10.8151;N.A.;N.A.;02-Apr-2015
131131;SBI DUAL ADVANTAGE FUND - SERIES IV - DIRECT PLAN - GROWTH;INF200K012Q6;;10.8199;N.A.;N.A.;02-Apr-2015
131134;SBI DUAL ADVANTAGE FUND - SERIES IV - REGULAR PLAN - DIVIDEND;INF200K011Q8;;10.8121;N.A.;N.A.;02-Apr-2015
131133;SBI DUAL ADVANTAGE FUND - SERIES IV - REGULAR PLAN - GROWTH;INF200K010Q0;;10.8119;N.A.;N.A.;02-Apr-2015
132920;SBI DUAL ADVANTAGE FUND - SERIES V - DIRECT PLAN - DIVIDEND;INF200K015X5;;10.3831;N.A.;N.A.;02-Apr-2015
132919;SBI DUAL ADVANTAGE FUND - SERIES V - DIRECT PLAN - GROWTH;INF200K014X8;;10.3831;N.A.;N.A.;02-Apr-2015
132922;SBI DUAL ADVANTAGE FUND - SERIES V - REGULAR PLAN - DIVIDEND;INF200K013X0;;10.381;N.A.;N.A.;02-Apr-2015
132921;SBI DUAL ADVANTAGE FUND - SERIES V - REGULAR PLAN - GROWTH;INF200K012X2;;10.381;N.A.;N.A.;02-Apr-2015
133283;SBI DUAL ADVANTAGE FUND - SERIES VI - DIRECT PLAN - DIVIDEND;INF200KA1184;;10.3321;N.A.;N.A.;02-Apr-2015
133282;SBI DUAL ADVANTAGE FUND - SERIES VI - DIRECT PLAN - GROWTH;INF200KA1176;;10.3321;N.A.;N.A.;02-Apr-2015
133284;SBI DUAL ADVANTAGE FUND - SERIES VI - REGULAR PLAN - DIVIDEND;INF200KA1168;;10.3306;N.A.;N.A.;02-Apr-2015
133281;SBI DUAL ADVANTAGE FUND - SERIES VI - REGULAR PLAN - GROWTH;INF200KA1150;;10.3306;N.A.;N.A.;02-Apr-2015
133717;SBI DUAL ADVANTAGE FUND - SERIES VII - DIRECT PLAN - DIVIDEND;INF200KA1424;;10.1109;N.A.;N.A.;02-Apr-2015
133716;SBI DUAL ADVANTAGE FUND - SERIES VII - DIRECT PLAN - GROWTH;INF200KA1416;;10.1109;N.A.;N.A.;02-Apr-2015
133715;SBI DUAL ADVANTAGE FUND - SERIES VII - REGULAR PLAN - DIVIDEND;INF200KA1408;;10.1102;N.A.;N.A.;02-Apr-2015
133718;SBI DUAL ADVANTAGE FUND - SERIES VII - REGULAR PLAN - GROWTH;INF200KA1390;;10.1101;N.A.;N.A.;02-Apr-2015

Close Ended Schemes ( Growth )


SBI Mutual Fund
131339;SBI EQUITY OPPORTUNITIES FUND - SERIES I - DIRECT PLAN - DIVIDEND;INF200K017S1;;12.1981;N.A.;N.A.;02-Apr-2015
131338;SBI EQUITY OPPORTUNITIES FUND - SERIES I - DIRECT PLAN - GROWTH;INF200K016S3;;12.1917;N.A.;N.A.;02-Apr-2015
131337;SBI EQUITY OPPORTUNITIES FUND - SERIES I - REGULAR PLAN - DIVIDEND;INF200K015S5;;12.1881;N.A.;N.A.;02-Apr-2015
131336;SBI EQUITY OPPORTUNITIES FUND - SERIES I - REGULAR PLAN - GROWTH;INF200K014S8;;12.1881;N.A.;N.A.;02-Apr-2015
133109;SBI EQUITY OPPORTUNITIES FUND - SERIES II - DIRECT PLAN - DIVIDEND;INF200K011Z9;;10.7691;N.A.;N.A.;02-Apr-2015
133108;SBI EQUITY OPPORTUNITIES FUND - SERIES II - DIRECT PLAN - GROWTH;INF200K010Z1;;10.77;N.A.;N.A.;02-Apr-2015
133107;SBI EQUITY OPPORTUNITIES FUND - SERIES II - REGULAR PLAN - DIVIDEND;INF200K019Y5;;10.767;N.A.;N.A.;02-Apr-2015
133106;SBI EQUITY OPPORTUNITIES FUND - SERIES II - REGULAR PLAN - GROWTH;INF200K018Y7;;10.7672;N.A.;N.A.;02-Apr-2015
