Scheme Code;Scheme Name;ISIN Div Payout/ISIN Growth;ISIN Div Reinvestment;Net Asset Value;Repurchase Price;Sale Price;Date

Open Ended Schemes ( Income )


Bandhan Mutual Fund
108676;IDFC-Money Manager Fund-Treasury Plan-Plan B - Growth;INF194K01LT8;;13.1445;13.1445;13.1445;15-Jun-2008
108677;IDFC-Money Manager Fund-Treasury Plan-Plan B-Daily Div;INF194K01LY8;INF194K01LX0;10.0703;10.0703;10.0703;15-Jun-2008
108679;IDFC-Money Manager Fund-Treasury Plan-Plan B-Mon Div;INF194K01LV4;INF194K01LU6;0;0;0;15-Jun-2008
108678;IDFC-Money Manager Fund-Treasury Plan-Plan B-Weekly Div;INF194K01MB4;INF194K01MA6;10.0949;10.0949;10.0949;15-Jun-2008
108895;IDFC Quarterly Interval Fund  - Plan A - Retail - Growth;;;10.6452;10.6452;10.6452;15-Jun-2008
108892;IDFC Quarterly Interval Fund - Plan A - Institutional - Dividend;;;10.0000;10.0000;10.0000;15-Jun-2008
108893;IDFC Quarterly Interval Fund - Plan A - Institutional - Growth;;;11.2226;11.2226;11.2226;15-Jun-2008
108894;IDFC Quarterly Interval Fund - Plan A - Retail - Dividend;;;10.0000;10.0000;10.0000;15-Jun-2008

DBS Chola Mutual Fund
101958;DBS Chola Liquid Fund - Institutional Plus Weekly Dividend;;;11.9644;11.9644;11.9644;15-Jun-2008
103137;DBS Chola Short Term Floating Rate Fund-Cumulative;;;12.3153;12.3153;12.3153;15-Jun-2008
103134;DBS Chola Short Term Floating Rate Fund-Dividend-Daily;;;10.0410;10.0410;10.0410;15-Jun-2008
103136;DBS Chola Short Term Floating Rate Fund-Dividend-Monthly;;;10.3609;10.3609;10.3609;15-Jun-2008
103135;DBS Chola Short Term Floating Rate Fund-Dividend-Weekly;;;10.2947;10.2947;10.2947;15-Jun-2008

DSP Mutual Fund
103277;DSP Credit Risk Fund - Institutional Plan-Growth;INF740K01FN3;;1174.7527;1174.7527;1174.7527;15-Jun-2008

Open Ended Schemes ( Liquid )


ABN  AMRO Mutual Fund
108955;ABN AMRO Overnight Fund-Institutional Plan-Daily Dividend Option;;;10.0000;10.0000;10.0000;15-Jun-2008
108961;ABN AMRO Overnight Fund-Institutional Plan-Growth Option;;;12.5139;12.5139;12.5139;15-Jun-2008
108958;ABN AMRO Overnight Fund-Institutional Plan-Monthly Dividend Payout Option;;;10.0345;10.0345;10.0345;15-Jun-2008
108964;ABN AMRO Overnight Fund-Institutional Plan-Weekly Dividend Option;;;0.0000;0.0000;0.0000;15-Jun-2008
108959;ABN AMRO Overnight Fund-Institutional Plus Plan-Daily Dividend Option;;;10.0000;10.0000;10.0000;15-Jun-2008
108960;ABN AMRO Overnight Fund-Institutional Plus Plan-Growth Option;;;10.1976;10.1976;10.1976;15-Jun-2008
108963;ABN AMRO Overnight Fund-Institutional Plus Plan-Monthly Dividend Option;;;0.0000;0.0000;0.0000;15-Jun-2008
108954;ABN AMRO Overnight Fund-Institutional Plus Plan-Weekly Dividend Option;;;0.0000;0.0000;0.0000;15-Jun-2008
108962;ABN AMRO Overnight Fund-Regular Plan-Growth Option;;;12.3359;12.3359;12.3359;15-Jun-2008
108956;ABN AMRO Overnight Fund-Regular Plan-Monthly Dividend Payout Option;;;10.0345;10.0345;10.0345;15-Jun-2008
108957;ABN AMRO Overnight Fund-Regular Plan-Weekly Dividend Option;;;10.0058;10.0058;10.0058;15-Jun-2008

Aditya Birla Sun Life Mutual Fund
101294;Birla Sun Life Cash Plus Sweep Plan-Dividend Option;;;10.0666;10.0666;10.0666;15-Jun-2008

Bandhan Mutual Fund
108794;IDFC Liquid Fund - Daily Dividend;INF194K01GJ9;INF194K01GI1;1000.2100;1000.2100;1000.2100;15-Jun-2008
108793;IDFC Liquid Fund - Growth;INF194K01GE0;;1177.8193;1177.8193;1177.8193;15-Jun-2008
108796;IDFC Liquid Fund - Monthly Dividend;INF194K01GG5;INF194K01GF7;1003.7777;1003.7777;1003.7777;15-Jun-2008
108795;IDFC Liquid Fund-Weekly Dividend;INF194K01GM3;INF194K01GL5;1000.6450;1000.6450;1000.6450;15-Jun-2008

DBS Chola Mutual Fund
100989;DBS Chola Liquid Fund-Cum -Institutional Plus;;;16.6796;16.6796;16.6796;15-Jun-2008
104329;DBS Chola Liquid Fund-Cum -Super Institutional;;; 11.3421 ; 11.3421 ; 11.3421 ;15-Jun-2008
100978;DBS Chola Liquid Fund-Daily Dividend Reinvestment Plan;;;10.0317;10.0317;10.0317;15-Jun-2008
100975;DBS Chola Liquid Fund-Regular Cumulative;;;16.5248;16.5248;16.5248;15-Jun-2008
101307;DBS Chola Liquid Fund - Regular Weekly Dividend;;;11.9989;11.9989;11.9989;15-Jun-2008

Deutsche Mutual Fund
105672;DWS INSTA CASH PLUS FUND - Regular Plan BONUS OPTION;INF223J01BH3;;10.2575;10.2575;10.2575;15-Jun-2008
106472;DWS Insta Cash Plus Fund - Weekly Dividend;INF223J01BT8;INF223J01BU6;10.0586;10.0586;10.0586;15-Jun-2008
106471;DWS Insta Cash Plus Fund -Growth;INF223J01BP6;;10.6574;10.6574;10.6574;15-Jun-2008
106467;DWS Insta Cash Plus Fund-Daily Dividend;;INF223J01BO9;10.0200;10.0200;10.0200;15-Jun-2008
101718;DWS Insta Cash Plus Fund-DIVIDEND-Daily Dividend;;INF223J01BI1;10.3010;10.3010;10.3010;15-Jun-2008
101717;DWS Insta Cash Plus Fund-DIVIDEND-MONTHLY DIVIDEND;INF223J01BK7;INF223J01BL5;10.6216;10.6216;10.6216;15-Jun-2008
101716;DWS Insta Cash Plus Fund-DIVIDEND-WEEKLY DIVIDEND;INF223J01BM3;INF223J01BN1;10.2835;10.2835;10.2835;15-Jun-2008
101719;DWS Insta Cash Plus Fund-Growth-GROWTH;INF223J01BJ9;;13.8182;13.8182;13.8182;15-Jun-2008
101722;DWS Insta Cash Plus Fund-Institutional Plan-Daily Dividend;;INF223J01BA8;10.0195;10.0195;10.0195;15-Jun-2008
101720;DWS Insta Cash Plus Fund-Institutional Plan-Dividend;INF223J01BE0;INF223J01BD2;10.0000;10.0000;10.0000;15-Jun-2008
101721;DWS Insta Cash Plus Fund-Institutional Plan-Growth;INF223J01BB6;;12.9502;12.9502;12.9502;15-Jun-2008
101723;DWS Insta Cash Plus Fund-Institutional Plan-Weekly Dividend;INF223J01BF7;INF223J01BG5;10.1927;10.1927;10.1927;15-Jun-2008

DSP Mutual Fund
106861;DSP BlackRock Cash Manager Fund - Institutional Plan - Daily Dividend Reinvest;;;1000.1000;1000.1000;1000.1000;15-Jun-2008
106863;DSP BlackRock Cash Manager Fund - Institutional Plan - Growth;;;1055.2110;1055.2110;1055.2110;15-Jun-2008
106862;DSP BlackRock Cash Manager Fund - Institutional Plan - Weekly Dividend Reinvest;;;1000.9081;1000.9081;1000.9081;15-Jun-2008
106859;DSP BlackRock Cash Manager Fund - Regular Plan - Growth;;;1054.7986;1054.7986;1054.7986;15-Jun-2008
106860;DSP BlackRock Cash Manager Fund - Regular Plan - Weekly Dividend Reinvest;;;1000.9042;1000.9042;1000.9042;15-Jun-2008

Fidelity Mutual Fund
104498;Fidelity Cash Fund - Institutional Plan - Daily Dividend Option;;INF677K01AQ1;10.0003;10.0003;10.0003;15-Jun-2008
104497;Fidelity Cash Fund - Institutional Plan - Growth Option;;;11.2677;11.2677;11.2677;15-Jun-2008
104548;Fidelity Cash Fund - Institutional Plan - Monthly Dividend Option;INF677K01AS7;INF677K01AT5;10.0460;10.0460;10.0460;15-Jun-2008
104546;Fidelity Cash Fund - Institutional Plan - Weekly Dividend Option;;INF677K01AR9;10.0210;10.0210;10.0210;15-Jun-2008
104495;Fidelity Cash Fund - Retail Plan - Daily Dividend option;;INF677K01AL2;10.0003;10.0003;10.0003;15-Jun-2008
104493;Fidelity Cash Fund - Retail Plan - Growth option;;;11.1996;11.1996;11.1996;15-Jun-2008
104547;Fidelity Cash Fund - Retail Plan - Monthly Dividend Option;;;10.0433;10.0433;10.0433;15-Jun-2008
104549;Fidelity Cash Fund - Retail Plan - Weekly Dividend Option;;INF677K01AM0;10.0146;10.0146;10.0146;15-Jun-2008
104494;Fidelity Cash Fund - Super Institutional Plan - Daily Dividend Option;;INF677K01AV1;10.0025;10.0025;10.0025;15-Jun-2008
104496;Fidelity Cash Fund - Super Institutional Plan - Growth Option;INF677K01AU3;;11.2882;11.2882;11.2882;15-Jun-2008
104551;Fidelity Cash Fund - Super Institutional Plan - Monthly Dividend Option;INF677K01AX7;INF677K01AY5;10.0000;10.0000;10.0000;15-Jun-2008
104550;Fidelity Cash Fund - Super Institutional Plan - Weekly Dividend Option;;INF677K01AW9;10.0000;10.0000;10.0000;15-Jun-2008

ING Mutual Fund
106913;ING High Yield Liquidity Fund - Institutional Growth Option;;;10.0000;10.0000;10.0000;15-Jun-2008
106914;ING High Yield Liquidity Fund - Institutional Quarterly Dividend Option;;;10.0000;10.0000;10.0000;15-Jun-2008
106904;ING High Yield Liquidity Fund - Regular Daily Dividend Option;;;10.2224;10.2224;10.2224;15-Jun-2008
106912;ING High Yield Liquidity Fund- Institutional Bonus Option;;;10.0000;10.0000;10.0000;15-Jun-2008
106909;ING High Yield Liquidity Fund- Institutional Daily Dividend Option;;;10.0000;10.0000;10.0000;15-Jun-2008
106911;ING High Yield Liquidity Fund- Institutional Monthly Dividend Option;;;10.0000;10.0000;10.0000;15-Jun-2008
106910;ING High Yield Liquidity Fund- Institutional Weekly Dividend Option;;;10.0000;10.0000;10.0000;15-Jun-2008
106908;ING High Yield Liquidity Fund- Regular Bonus Option;;;10.0000;10.0000;10.0000;15-Jun-2008
106903;ING High Yield Liquidity Fund- Regular Growth Option;;;10.3230;10.3230;10.3230;15-Jun-2008
106907;ING High Yield Liquidity Fund- Regular Monthly Dividend Option;;;10.0000;10.0000;10.0000;15-Jun-2008
106906;ING High Yield Liquidity Fund- Regular Quarterly Dividend Option;;;10.0000;10.0000;10.0000;15-Jun-2008
106905;ING High Yield Liquidity Fund- Regular Weekly Dividend Option;;;10.1853;10.1853;10.1853;15-Jun-2008
100194;ING Liquid Fund-Auto Sweep Growth Option;;;10.0000;10.0000;10.0000;15-Jun-2008
100195;ING Liquid Fund-Auto Sweep Weekly Dividend Option;;;10.0000;10.0000;10.0000;15-Jun-2008
100198;ING Liquid Fund-Institutional Daily Dividend Option;INF084M01473;;10.0121;10.0121;10.0121;15-Jun-2008
100196;ING Liquid Fund-Institutional Growth Option;INF084M01465;;12.9414;12.9414;12.9414;15-Jun-2008
100197;ING Liquid Fund-Institutional Weekly Dividend Option;INF084M01499;INF084M01481;10.0683;10.0683;10.0683;15-Jun-2008
100192;ING Liquid Fund-Regular Daily Dividend Option;INF084M01432;;10.7873;10.7873;10.7873;15-Jun-2008
100190;ING Liquid Fund-Regular Growth Option;INF084M01424;;17.3683;17.3683;17.3683;15-Jun-2008
100191;ING Liquid Fund-Regular Weekly Dividend Option;INF084M01457;INF084M01440;10.8392;10.8392;10.8392;15-Jun-2008
100200;ING Liquid Fund-Super Institutional Daily Dividend Option;INF084M01515;;10.0048;10.0048;10.0048;15-Jun-2008
100199;ING Liquid Fund-Super Institutional Growth Option;INF084M01507;;12.2721;12.2721;12.2721;15-Jun-2008
100201;ING Liquid Fund-Super Institutional Weekly Dividend Option;INF084M01531;INF084M01523;10.0000;10.0000;10.0000;15-Jun-2008
102802;ING Treasury Management Fund-Annual Dividend Option;;;10.5179;10.5179;10.5179;15-Jun-2008
102803;ING Treasury Management Fund-Bonus Option;;;12.7318;12.7318;12.7318;15-Jun-2008
102804;ING Treasury Management Fund-Daily Dividend Option;;;10.3588;10.3588;10.3588;15-Jun-2008
102798;ING Treasury Management Fund-Growth Option;;;12.7318;12.7318;12.7318;15-Jun-2008
102801;ING Treasury Management Fund-Half Yearly Dividend Option;;;10.4946;10.4946;10.4946;15-Jun-2008
102800;ING Treasury Management Fund-Quarterly Dividend Option;;;10.5224;10.5224;10.5224;15-Jun-2008
102799;ING Treasury Management Fund-Weekly Dividend Option;;;10.7913;10.7913;10.7913;15-Jun-2008

Invesco Mutual Fund
106502;Religare Invesco Overnight Fund - Daily Dividend Reinvestment;;INF205K01HS2;10.0000;10.0000;10.0000;15-Jun-2008
106501;Religare Invesco Overnight Fund - Growth;INF205K01HR4;;10.4862;10.4862;10.4862;15-Jun-2008

JM Financial Mutual Fund
101420;JM Floater Short Term Fund - Daily Dividend Option;;INF192K01767;10.0883;10.0883;10.0883;15-Jun-2008
101421;JM Floater Short Term Fund - Growth Option;INF192K01775;;13.4460;13.4460;13.4460;15-Jun-2008

JPMorgan Mutual Fund
106562;JPMorgan India Liquid Fund - Retail Plan - Daily Dividend Option;;INF843K01203;10.0079;10.0079;10.0079;15-Jun-2008
106561;JPMorgan India Liquid Fund - Retail Plan - Growth Option;INF843K01195;;10.5919;10.5919;10.5919;15-Jun-2008

Mirae Asset Mutual Fund
107657;Mirae Asset Liquid Fund- Institutional Plan - Daily Dividend;;INF769K01671;1000.7145;1000.7145;1000.7145;15-Jun-2008
107659;Mirae Asset Liquid Fund- Institutional Plan - Growth;INF769K01648;;1023.7316;1023.7316;1023.7316;15-Jun-2008
107658;Mirae Asset Liquid Fund- Institutional Plan - Weekly Dividend;;INF769K01689;1000.8778;1000.8778;1000.8778;15-Jun-2008
107646;Mirae Asset Liquid Fund- Regular Plan - Daily Dividend;;INF769K01606;1000.7145;1000.7145;1000.7145;15-Jun-2008
107648;Mirae Asset Liquid Fund- Regular Plan - Growth;INF769K01572;;1022.7641;1022.7641;1022.7641;15-Jun-2008
107649;Mirae Asset Liquid Fund- Regular Plan - Monthly Dividend;INF769K01630;INF769K01622;1005.1190;1005.1190;1005.1190;15-Jun-2008
107647;Mirae Asset Liquid Fund- Regular Plan - Weekly Dividend;;INF769K01614;1000.8395;1000.8395;1000.8395;15-Jun-2008
107673;Mirae Asset Liquid Fund- Super Institutional Plan - Daily Dividend;;INF769K01747;1000.7145;1000.7145;1000.7145;15-Jun-2008
107672;Mirae Asset Liquid Fund- Super Institutional Plan - Growth;INF769K01713;;1024.2621;1024.2621;1024.2621;15-Jun-2008
107675;Mirae Asset Liquid Fund- Super Institutional Plan - Weekly Dividend;;INF769K01754;1000.8940;1000.8940;1000.8940;15-Jun-2008

PineBridge Mutual Fund
106513;PineBridge India Liquid Fund- Standard Plan-Daily Dividend Option;;INF178L01699;1000.8141;1000.8141;1000.8141;15-Jun-2008
106508;PineBridge India Liquid Fund- Standard Plan-Growth Option;INF178L01715;;1061.1091;1061.1091;1061.1091;15-Jun-2008
106509;PineBridge India Liquid Fund- Standard Plan-Weekly Dividend Option;;INF178L01764;1002.3649;1002.3649;1002.3649;15-Jun-2008
106506;PineBridge India Liquid Fund-Institutional Plan-Daily Dividend Option;;INF178L01616;1000.8059;1000.8059;1000.8059;15-Jun-2008
106511;PineBridge India Liquid Fund-Institutional Plan-Growth Option;INF178L01632;;1060.3283;1060.3283;1060.3283;15-Jun-2008
106507;PineBridge India Liquid Fund-Institutional Plan-Weekly Dividend Option;;INF178L01681;1002.3484;1002.3484;1002.3484;15-Jun-2008
106503;PineBridge India Liquid Fund-Retail Plan-DailyDividend Option;;INF178L01533;1000.7810;1000.7810;1000.7810;15-Jun-2008
106514;PineBridge India Liquid Fund-Retail Plan-Growth Option;INF178L01558;;1057.8153;1057.8153;1057.8153;15-Jun-2008
106504;PineBridge India Liquid Fund-Retail Plan-Monthly Dividend Option;INF178L01566;INF178L01574;1005.0817;1005.0817;1005.0817;15-Jun-2008
106510;PineBridge India Liquid Fund-Retail Plan-Weekly Dividend Option;;INF178L01608;1002.2989;1002.2989;1002.2989;15-Jun-2008

Sahara Mutual Fund
101397;Sahara Liquid Fund-Fixed Pricing -  Weekly Dividend Option;;INF515L01064;1026.2355;1026.2355;1026.2355;15-Jun-2008
101393;Sahara Liquid Fund-Fixed Pricing - Daily Dividend Option;;INF515L01049;1024.9045;1024.9045;1024.9045;15-Jun-2008
101394;Sahara Liquid Fund-Fixed Pricing - Growth option;INF515L01056;;1472.7946;1472.7946;1472.7946;15-Jun-2008
101398;Sahara Liquid Fund-Fixed Pricing - Monthly Dividend Option;;INF515L01072;1027.9924;1027.9924;1027.9924;15-Jun-2008
101399;Sahara Liquid Fund-Variable Pricing - Daily Dividend option;;INF515L01080;1024.9262;1024.9262;1024.9262;15-Jun-2008
101402;Sahara Liquid Fund-Variable Pricing - Growth option;INF515L01114;;1480.8879;1480.8879;1480.8879;15-Jun-2008
101400;Sahara Liquid Fund-Variable Pricing - Weekly Dividend Option;;INF515L01098;1025.1564;1025.1564;1025.1564;15-Jun-2008
101401;Sahara Liquid Fund-Variable Pricing- Monthly Dividend Option;;INF515L01106;1028.3977;1028.3977;1028.3977;15-Jun-2008

Tata Mutual Fund
101987;Tata Liquid Fund Reglar Plan - Monthly Dividend;INF277K01LR5;INF277K01LS3;1153.2565;1153.2565;1153.2565;15-Jun-2008
101861;Tata Liquid Fund-Regular Plan  - Weekly Dividend;INF277K016C5;;1151.8276;1151.8276;1151.8276;15-Jun-2008
101984;Tata Liquid High Investment Plan - Daily;;;1114.3379;1114.3379;1114.3379;15-Jun-2008
101860;Tata Liquid High Investment Plan - Growth;INF277K01LN4;;1374.0974;1374.0974;1374.0974;15-Jun-2008
101985;Tata Liquid High Investment Plan - Monthly;INF277K01LO2;INF277K01LP9;1023.1699;1023.1699;1023.1699;15-Jun-2008
101859;Tata Liquid High Investment Plan - Weekly;;;1147.8071;1147.8071;1147.8071;15-Jun-2008
101982;Tata Liquid Retail Investment PLan - Daily;;;1116.8143;1116.8143;1116.8143;15-Jun-2008
101983;Tata Liquid Retail Investment Plan - Fortnightly;;;1148.9627;1148.9627;1148.9627;15-Jun-2008
101858;Tata Liquid Retail Investment Plan - Growth;INF277K01LM6;;1904.0994;1904.0994;1904.0994;15-Jun-2008
103631;Tata Liquidity Management Fund - Regular Plan - Daily Dividend;;;1002.6089;1002.6089;1002.6089;15-Jun-2008
103632;Tata Liquidity Management Fund - Regular Plan - Growth;INF277K01LW5;;1172.1604;1172.1604;1172.1604;15-Jun-2008
103519;Tata Liquidity Management Fund - Regular Plan  -Weekly Dividend;;;1006.5288;1006.5288;1006.5288;15-Jun-2008

Open Ended Schemes ( Money Market )


Franklin Templeton Mutual Fund
100561;Templeton India Money Market Account - Bonus Plan;;;1.0000;1.0000;1.0000;15-Jun-2008
104554;Templeton India Money Market Account - Dividend Plan;;;1.0000;1.0000;1.0000;15-Jun-2008

Tata Mutual Fund
102152;Tata Money Market Fund Regular (Bonus / Dividend);;;10.1604;10.1604;10.1604;15-Jun-2008
102153;Tata Money Market Fund Regular (Growth);INF277K01LY1;;13.2383;13.2383;13.2383;15-Jun-2008

Open Ended Schemes ( Floating Rate )


HSBC Mutual Fund
102836;HSBC Floating Rate Fund - Short Term - Inst. - Dividend - Daily;;;10.0598;10.0598;10.0598;15-Jun-2008
102838;HSBC Floating Rate Fund - Short Term - Inst. - Dividend - Monthly;;;10.0982;10.0982;10.0982;15-Jun-2008
102837;HSBC Floating Rate Fund - Short Term - Inst. - Dividend - Weekly;;;10.0777;10.0777;10.0777;15-Jun-2008
102835;HSBC Floating Rate Fund - Short Term - Inst. - Growth;;;12.7396;12.7396;12.7396;15-Jun-2008
102840;HSBC Floating Rate Fund - Short Term - Inst. Plus - Dividend - Daily;;;10.0262;10.0262;10.0262;15-Jun-2008
102842;HSBC Floating Rate Fund - Short Term - Inst. Plus - Dividend - Monthly;;;0.0000;0.0000;0.0000;15-Jun-2008
102841;HSBC Floating Rate Fund - Short Term - Inst. Plus - Dividend - Weekly;;;10.0103;10.0103;10.0103;15-Jun-2008
102839;HSBC Floating Rate Fund - Short Term - Inst. Plus - Growth;;;10.8092;10.8092;10.8092;15-Jun-2008
102833;HSBC Floating Rate Fund - Short Term - Regular - Dividend - Daily;;;10.0000;10.0000;10.0000;15-Jun-2008
102834;HSBC Floating Rate Fund - Short Term - Regular - Dividend - Weekly;;;10.0050;10.0050;10.0050;15-Jun-2008
102832;HSBC Floating Rate Fund - Short Term - Regular - Growth;;;12.6392;12.6392;12.6392;15-Jun-2008

Open Ended Schemes ( Fund of Funds - Domestic )


Fidelity Mutual Fund
103419;Fidelity MultiManager Cash Fund-Dividend Re-investment Option;;;10.0142;10.0142;10.0142;15-Jun-2008
103418;Fidelity MultiManager Cash Fund-Growth Option;;;11.8706;11.8706;11.8706;15-Jun-2008

Open Ended Schemes ( Debt Scheme - Overnight Fund )


HDFC Mutual Fund
101996;HDFC Overnight Fund - Growth Option;INF179KB1HS3;;14.0311;14.0311;14.0311;15-Jun-2008
101997;HDFC Overnight Fund - IDCW Option (Daily);;INF179KB1IF8;10.4266;10.4266;10.4266;15-Jun-2008

SBI Mutual Fund
101206;SBI OVERNIGHT FUND - REGULAR PLAN - GROWTH;INF200K01LQ9;;14.2332;14.2332;14.2332;15-Jun-2008
103140;SBI Overnight Fund - Regular Plan - Weekly Income Distribution cum Capital Withdrawal Option (IDCW);INF200K01LO4;INF200K01LP1;10.2827;10.2827;10.2827;15-Jun-2008

Open Ended Schemes ( Debt Scheme - Liquid Fund )


Aditya Birla Sun Life Mutual Fund
100049;Aditya Birla Sun Life Cash Plus-Institutional - Fortnightly Dividend;;;10.8262;10.8262;10.8262;15-Jun-2008
100052;Aditya Birla Sun Life Cash Plus-Institutional Premium - Fortnightly Dividend;;;10.0000;10.0000;10.0000;15-Jun-2008
100053;Aditya Birla Sun Life Cash Plus-Institutional Premium Plan-Monthly Dividend;;;10.0372;10.0372;10.0372;15-Jun-2008
100047;Aditya Birla Sun Life Liquid Fund - Growth;INF209K01RU9;;13.1437;13.1437;13.1437;15-Jun-2008
100046;Aditya Birla Sun Life Liquid Fund -Daily IDCW;INF209K01KQ2;INF209K01SQ5;10.0195;10.0195;10.0195;15-Jun-2008
100041;Aditya Birla Sun Life Liquid Fund -Institutional - IDCW;;INF209K01KN9;10.8023;10.8023;10.8023;15-Jun-2008
100048;Aditya Birla Sun Life Liquid Fund -Institutional - weekly  IDCW;INF209KA1LK7;INF209K01KY6;10.8120;10.8120;10.8120;15-Jun-2008
100044;Aditya Birla Sun Life Liquid Fund -Retail - IDCW;;INF209K01KP4;16.3694;16.3694;16.3694;15-Jun-2008
100051;Aditya Birla Sun Life Liquid Fund -weekly IDCW;INF209K01KU4;INF209KA1LJ9;10.0274;10.0274;10.0274;15-Jun-2008
100043;Aditya Birla Sun Life Liquid Fund-Institutional (Growth);INF209K01RT1;;22.3200;22.3200;22.3200;15-Jun-2008
100042;Aditya Birla Sun Life Liquid Fund-Retail (Growth);INF209K01ME4;;22.1359;22.1359;22.1359;15-Jun-2008

Bandhan Mutual Fund
108694;BANDHAN LIQUID FUND - Inst Plan B - Periodic Div;INF194K01VP5;INF194K01VO8;0;0;0;15-Jun-2008
108692;BANDHAN LIQUID Fund - Regular Plan - Daily IDCW;INF194K01VZ4;INF194K01VY7;10.0005;10.0005;10.0005;15-Jun-2008
108690;BANDHAN LIQUID Fund - Regular Plan - Growth;INF194K01VX9;;10.0139;10.0139;10.0139;15-Jun-2008
108693;BANDHAN LIQUID Fund - Regular Plan - Monthly IDCW;INF194K01WF4;INF194K01WE7;0;0;0;15-Jun-2008
108691;BANDHAN LIQUID Fund - Regular Plan - Weekly IDCW;INF194K01WI8;INF194K01WH0;0;0;0;15-Jun-2008
108779;BANDHAN Liquid Fund-Plan A-Dividend (Daily);INF194K01VC3;INF194K01VB5;10.5819;10.5819;10.5819;15-Jun-2008
108778;BANDHAN Liquid Fund-Plan A-Growth;INF194K01UX1;;14.8082;14.8082;14.8082;15-Jun-2008
108607;BANDHAN Liquid Fund - Plan A-Dividend (Weekly);INF194K01VI0;INF194K01VH2;10.1959;10.1959;10.1959;15-Jun-2008
108781;BANDHAN Liquid Fund - Plan B (G) (Institutional Plan);INF194K01VK6;;14.8857;14.8857;14.8857;15-Jun-2008
108629;BANDHAN Liquid Fund - Plan B - Dividend-Weekly;INF194K01VS9;INF194K01VR1;10.3040;10.3040;10.3040;15-Jun-2008
108681;BANDHAN Liquid Fund - Plan B-Daily-Dividend(Institutional Plan);INF194K01VM2;INF194K01VL4;10.5816;10.5816;10.5816;15-Jun-2008

Baroda BNP Paribas Mutual Fund
101408;Baroda BNP Paribas LIQUID FUND- Defunct Plan -Growth Option;INF955L01575;;14.4971;14.4971;14.4971;15-Jun-2008
101407;Baroda BNP Paribas LIQUID FUND-Defunct Plan- IDCW Option;INF955L01559;INF955L01567;12.4273;12.4273;12.4273;15-Jun-2008

Canara Robeco Mutual Fund
101363;Canara Robeco Liquid Fund- INSTITUTIONAL-Daily Dividend Reinvestment;;INF760K01CC1;10.041;10.041;10.041;15-Jun-2008
101362;Canara Robeco Liquid Fund- INSTITUTIONAL-Growth;INF760K01CD9;;15.0225;15.0225;15.0225;15-Jun-2008
101361;Canara Robeco Liquid Fund- INSTITUTIONAL-Weekly dividend;;INF760K01CE7;10.0482;10.0482;10.0482;15-Jun-2008
101364;Canara Robeco Liquid Fund-Retail-DRI;;INF760K01CF4;10.041;10.041;10.041;15-Jun-2008
101365;Canara Robeco Liquid Fund-Retail-Growth;INF760K01CH0;;15.005;15.005;15.005;15-Jun-2008

DSP Mutual Fund
103347;DSP Liquidity Fund - Regular Plan - Growth;INF740K01FK9;;1191.6164;1191.6164;1191.6164;15-Jun-2008
103348;DSP Liquidity Fund - Regular Plan - IDCW - Weekly;INF740K01FM5;INF740K01FL7;1000.9029;1000.9029;1000.9029;15-Jun-2008
103349;DSP Liquidity Fund- Regular Plan - IDCW - Daily;;INF740KA1OE0;1000.2000;1000.2000;1000.2000;15-Jun-2008
100943;DSP BlackRock Liquidity Fund - Regular Plan - Daily Dividend;;;10.0100;10.0100;10.0100;15-Jun-2008
100940;DSP BlackRock Liquidity Fund - Regular Plan - Growth;INF740K01CN0;;19.8861;19.8861;19.8861;15-Jun-2008
100941;DSP BlackRock Liquidity Fund - Regular Plan Weekly Dividend;;;12.4085;12.4085;12.4085;15-Jun-2008

Franklin Templeton Mutual Fund
100543;Franklin India Liquid Fund - Liquid Plan - Daily IDCW;;;1000.6730;1000.6730;1000.6730;15-Jun-2008
100544;Franklin India Liquid Fund - Liquid Plan - Growth;;;1250.8172;1250.8172;1250.8172;15-Jun-2008
100542;Franklin India Liquid Fund - Liquid Plan - Weekly Dividend;;;1000.5749;1000.5749;1000.5749;15-Jun-2008
100541;Franklin India Liquid Fund - Regular Plan - Daily - IDCW;;INF090I01BA3;1512.3400;1512.3400;1512.3400;15-Jun-2008
100538;Franklin India Liquid Fund - Regular Plan - Growth;INF090I01BB1;;2039.8723;2039.8723;2039.8723;15-Jun-2008
100537;Franklin India Liquid Fund - Regular Plan - Weekly - IDCW;INF090I01BL0;INF090I01BI6;1244.3238;1244.3238;1244.3238;15-Jun-2008
100547;Franklin India Liquid Fund - Super Institutional Plan - Daily - IDCW;;INF090I01BF2;1000.6730;1000.6730;1000.6730;15-Jun-2008
100546;Franklin India Liquid Fund - Super Institutional Plan - Growth;INF090I01BG0;;1220.1207;1220.1207;1220.1207;15-Jun-2008
100548;Franklin India Liquid Fund - Super Institutional Plan - Weekly - IDCW;INF090I01BM8;INF090I01BH8;1019.5086;1019.5086;1019.5086;15-Jun-2008
102441;Franklin India Liquid Fund - Institution-Growth;INF090I01BD7;;1287.4650;1287.4650;1287.4650;15-Jun-2008
102443;Franklin India Liquid Fund - Institutional Plan - Daily - IDCW;;INF090I01BC9;1000.6730;1000.6730;1000.6730;15-Jun-2008
102442;Franklin India Liquid Fund - Institutional Plan - Weekly - IDCW;INF090I01BJ4;INF090I01BE5;1015.9056;1015.9056;1015.9056;15-Jun-2008

HDFC Mutual Fund
100868;HDFC Liquid Fund - Growth Plan;INF179KB1HK0;;16.3636;16.3636;16.3636;15-Jun-2008
100875;HDFC Liquid Fund - IDCW Daily;;INF179KB1IC5;10.1982;10.1982;10.1982;15-Jun-2008
100876;HDFC Liquid Fund - IDCW Monthly;INF179KB1HM6;INF179KB1HL8;10.3101;10.3101;10.3101;15-Jun-2008
100874;HDFC Liquid Fund - IDCW Plan Weekly;INF179KB1ID3;;10.3247;10.3247;10.3247;15-Jun-2008
100877;HDFC Liquid Fund-Premium Plan - Dividend-Daily;;INF179K01KN4;12.2598;12.2598;12.2598;15-Jun-2008
100881;HDFC Liquid Fund-Premium Plus Plan - Dividend-Weekly;INF179K01KS3;;12.4351;12.4351;12.4351;15-Jun-2008
100872;HDFC Liquid Fund-PREMIUM PLUS- Growth;INF179K01KQ7;;16.5215;16.5215;16.5215;15-Jun-2008
100873;HDFC Liquid Fund-PREMIUM- Growth;INF179KB1HN4;;16.4867;16.4867;16.4867;15-Jun-2008

HSBC Mutual Fund
101700;HSBC Cash Fund - Dividend - Daily;;INF336L01321;10.0056;10.0056;10.0056;15-Jun-2008
101702;HSBC Cash Fund - Dividend - Monthly;INF336L01305;INF336L01297;10.0439;10.0439;10.0439;15-Jun-2008
101701;HSBC Cash Fund - Dividend - Weekly;;INF336L01347;10.0711;10.0711;10.0711;15-Jun-2008
101692;HSBC Cash Fund - Inst. - Dividend - Daily;;INF336L01354;10.4401;10.4401;10.4401;15-Jun-2008
101694;HSBC Cash Fund - Inst. - Dividend - Monthly;INF336L01370;INF336L01362;10.4889;10.4889;10.4889;15-Jun-2008
101693;HSBC Cash Fund - Inst. - Dividend - Weekly;;INF336L01388;10.4539;10.4539;10.4539;15-Jun-2008
101691;HSBC Cash Fund - Inst. - Growth;INF336L01289;;13.8829;13.8829;13.8829;15-Jun-2008
101697;HSBC Cash Fund - Regular - Dividend - Daily;;INF336L01263;10.1930;10.1930;10.1930;15-Jun-2008
101698;HSBC Cash Fund - Regular - Dividend - Weekly;;INF336L01313;10.0080;10.0080;10.0080;15-Jun-2008
101696;HSBC Liquid Fund - Growth closed plan;INF336L01271;;13.8143;13.8143;13.8143;15-Jun-2008
101699;HSBC Liquid Fund Closed;INF336L01339;;12.9888;12.9888;12.9888;15-Jun-2008

ICICI Prudential Mutual Fund
100357;ICICI Prudential Liquid Fund -Quarterly IDCW;INF109K01UU5;INF109K01UT7;10.1727;10.1727;10.1727;15-Jun-2008
100361;ICICI Prudential Liquid Fund-Dividend-Institutional Plus - Monthly;;INF109K01VL2;11.9615;11.9615;11.9615;15-Jun-2008
100359;ICICI Prudential Liquid Institutional Plus Fund - Div - Daily;INF109K01VJ6;;11.8515;11.8515;11.8515;15-Jun-2008
100360;ICICI Prudential Liquid Institutional Plus Fund - Div - Weekly;INF109K01VM0;;11.8705;11.8705;11.8705;15-Jun-2008
100362;ICICI Prudential Liquid Institutional Plus Fund - Growth;INF109K01VK4;;20.4949;20.4949;20.4949;15-Jun-2008
103343;ICICI Prudential Liquid Fund - Daily IDCW;INF109K01VP3;;10.0005;10.0005;10.0005;15-Jun-2008
103340;ICICI Prudential Liquid Fund - Growth;INF109K01VQ1;;12.1277;12.1277;12.1277;15-Jun-2008
104308;ICICI Prudential Liquid Fund - Half Yearly IDCW;INF109K01UX9;INF109K01UW1;10.1722;10.1722;10.1722;15-Jun-2008
103344;ICICI Prudential Liquid Fund - Institutional Option - I;INF109K01VH0;;11.8776;11.8776;11.8776;15-Jun-2008
103342;ICICI Prudential Liquid Fund - Weekly IDCW;INF109K01VS7;;10.0176;10.0176;10.0176;15-Jun-2008
103341;ICICI Prudential Liquid Fund -Monthly IDCW;INF109K01VR9;;10.0435;10.0435;10.0435;15-Jun-2008
101748;ICICI Prudential Liquid Fund - Institutional - Daily - Div;INF109K01VE7;;11.8502;11.8502;11.8502;15-Jun-2008
101749;ICICI Prudential Liquid Fund - Institutional - Monthly - Div;;INF109K01VG2;10.0414;10.0414;10.0414;15-Jun-2008
101753;ICICI Prudential Liquid Fund - Institutional - Weekly - Div;INF109K01VI8;;11.8575;11.8575;11.8575;15-Jun-2008
101754;ICICI Prudential Liquid Fund Retail Daily Dividend;INF109K01UR1;;11.8514;11.8514;11.8514;15-Jun-2008
101750;ICICI Prudential Liquid Fund Retail Growth;INF109K01UQ3;;20.1382;20.1382;20.1382;15-Jun-2008
101755;ICICI Prudential Liquid Fund Retail Monthly Dividend;INF109K01US9;;11.8773;11.8773;11.8773;15-Jun-2008
101752;ICICI Prudential Liquid Fund Retail Weekly Dividend;INF109K01UV3;;11.8463;11.8463;11.8463;15-Jun-2008
101751;ICICI Prudential Liquid Institutional Fund - Growth;INF109K01VF4;;20.3990;20.3990;20.3990;15-Jun-2008

Invesco Mutual Fund
104484;Invesco India Liquid Fund - Daily IDCW (Reinvestment);;INF205K01HN3;10.0033;10.0033;10.0033;15-Jun-2008
104486;Invesco India Liquid Fund - Growth;INF205K01HM5;;11.3018;11.3018;11.3018;15-Jun-2008
104488;Invesco India Liquid Fund - Regular - Growth;INF205K01HG7;;11.2395;11.2395;11.2395;15-Jun-2008
104489;Invesco India Liquid Fund - Regular - Weekly IDCW (Reinvestment);;INF205K01HH5;10.0164;10.0164;10.0164;15-Jun-2008
104485;Invesco India Liquid Fund - Weekly IDCW (Reinvestment);INF205KA1BD7;INF205K01HO1;10.0168;10.0168;10.0168;15-Jun-2008
104483;Religare Invesco Liquid Fund - Institutional - Daily Dividend;;INF205K01HJ1;10.0033;10.0033;10.0033;15-Jun-2008
104491;Religare Invesco Liquid Fund - Institutional - Growth;INF205K01HI3;;11.2890;11.2890;11.2890;15-Jun-2008
104490;Religare Invesco Liquid Fund - Institutional - Weekly Dividend;;INF205K01HK9;10.0167;10.0167;10.0167;15-Jun-2008

JM Financial Mutual Fund
100241;JM High Liquidity Fund-- Institutional Plan - Dividend;INF192K01924;INF192K01932;10.3093;10.3093;10.3093;15-Jun-2008
100237;JM High Liquidity Fund-- Institutional Plan - Growth;INF192K01940;;13.5744;13.5744;13.5744;15-Jun-2008
100243;JM High Liquidity Fund-- Premium Plan - Daily Dividend Option;;;10.0000;10.0000;10.0000;15-Jun-2008
100238;JM High Liquidity Fund-Institutional Plan - Daily Dividend;;INF192K01916;10.0159;10.0159;10.0159;15-Jun-2008
100245;JM High Liquidity Fund-Super Institutional Plan- Daily Dividend;;INF192K01957;10.0165;10.0165;10.0165;15-Jun-2008
100246;JM High Liquidity Fund-Super Institutional Plan- Weekly  Dividend;INF192K01965;INF192K01973;10.0000;10.0000;10.0000;15-Jun-2008
100244;JM Liquid Fund (Regular) - Quarterly IDCW;INF192K01866;INF192K01874;12.9545;12.9545;12.9545;15-Jun-2008
100247;JM Liquid Fund (Regular) - Super Institutional Plan - Growth Option;INF192K01981;;12.9079;12.9079;12.9079;15-Jun-2008
100233;JM Liquid Fund (Regular) - Weekly IDCW;INF192K01841;INF192K01858;10.5481;10.5481;10.5481;15-Jun-2008
100234;JM Liquid Fund - Growth Option;INF192K01882;;22.5008;22.5008;22.5008;15-Jun-2008
101549;JM Liquid Fund (Regular) - Bonus Option - Principal Units;INF192K01890;;11.8161;11.8161;11.8161;15-Jun-2008
101078;JM Liquid Fund (Regular) - Daily IDCW;;INF192K01833;10.4302;10.4302;10.4302;15-Jun-2008

Kotak Mahindra Mutual Fund
100833;Kotak Liquid Fund - Regular  - Daily Reinvestment of Income Distribution cum capital withdrawal option;;INF174K01NL3;12.2281;12.2281;12.2281;15-Jun-2008
100835;Kotak Liquid Fund - Regular Plan - Growth;INF174K01NI9;;16.6449;16.6449;16.6449;15-Jun-2008
100831;Kotak Liquid Fund -Institutional Plan - (Daily Dividend);;INF174K01GA0;12.2281;12.2281;12.2281;15-Jun-2008
100834;Kotak Liquid Fund Regular Plan Weekly Reinvestment of Income Distribution cum capital withdrawal option Dividend;INF174K01NK5;;10.0499;10.0499;10.0499;15-Jun-2008
100830;Kotak Liquid-Institutional Plan  (Growth);INF174K01FZ9;;16.4359;16.4359;16.4359;15-Jun-2008
100832;Kotak Liquid-Institutional Plan (Weekly Dividend);;INF174K01GB8;10.0362;10.0362;10.0362;15-Jun-2008
100828;Kotak Liquid-Regular (Dividend);;INF174K01FY2;10.0353;10.0353;10.0353;15-Jun-2008
100829;Kotak Liquid-Regular (Growth);INF174K01NM1;;16.1337;16.1337;16.1337;15-Jun-2008

Nippon India Mutual Fund
100852;NIPPON INDIA LIQUID FUND - DAILY IDCW OPTION;;INF204K01UM1;15.2872;15.2872;15.2872;15-Jun-2008
100837;Nippon India Liquid Fund - Retail Option - Growth Plan;INF204K01UL3;;19.7795;19.7795;19.7795;15-Jun-2008
100842;NIPPON INDIA LIQUID FUND - RETAIL Plan - DAILY IDCW OPTION;;INF204K01UJ7;15.2426;15.2426;15.2426;15-Jun-2008
100843;NIPPON INDIA LIQUID FUND - RETAIL plan - MONTHLY IDCW OPTION;INF204K01UT6;INF204K01UU4;12.4067;12.4067;12.4067;15-Jun-2008
100844;NIPPON INDIA LIQUID FUND - RETAIL Plan - QUARTERLY IDCW OPTION;INF204K01UV2;INF204K01UW0;11.8642;11.8642;11.8642;15-Jun-2008
100838;NIPPON INDIA LIQUID FUND - RETAIL Plan - WEEKLY IDCW OPTION;;INF204K01UK5;10.3464;10.3464;10.3464;15-Jun-2008
100853;NIPPON INDIA LIQUID FUND - WEEKLY IDCW OPTION;INF204KC1FM8;INF204K01US8;15.3101;15.3101;15.3101;15-Jun-2008
100851;Nippon India Liquid Fund -Growth Plan;INF204K01UN9;;20.0448;20.0448;20.0448;15-Jun-2008
100847;Reliance Liquid Fund-Cash Plan-Bonus Plan (Growth);;;13.9610;13.9610;13.9610;15-Jun-2008
100849;Reliance Liquid Fund-Cash Plan-Daily Dividend Reinvestment Option;;;11.1415;11.1415;11.1415;15-Jun-2008
100845;Reliance Liquid Fund-Cash Plan-Growth Plan;;;13.9609;13.9609;13.9609;15-Jun-2008
100848;Reliance Liquid Fund-Cash Plan-Weekly Dividend Reinvestment Option;;;10.9210;10.9210;10.9210;15-Jun-2008

Principal Mutual Fund
100895;Principal Cash Management Fund - Daily Income Distribution CUM Capital Withdrawal;;INF173K01DB7;10.0007;10.0007;10.0007;15-Jun-2008
100897;Principal Cash Management Fund - Monthly Income Distribution CUM Capital Withdrawal Option;INF173K01BV9;INF173K01BW7;10.0552;10.0552;10.0552;15-Jun-2008
100896;Principal Cash Management Fund - Weekly Income Distribution CUM Capital Withdrawal Option;;INF173K01DC5;10.0078;10.0078;10.0078;15-Jun-2008
100898;Principal Cash Management Fund -Growth Option;INF173K01DA9;;12.8466;12.8466;12.8466;15-Jun-2008
100892;Principal Cash Management-Liquid Option-Daily Dividend;;;10.0022;10.0022;10.0022;15-Jun-2008
100887;Principal Cash Management-Liquid Option-Dividend Plan;;;10.1267;10.1267;10.1267;15-Jun-2008
100888;Principal Cash Management-Liquid Option-Growth Plan;;;16.0954;16.0954;16.0954;15-Jun-2008
100894;Principal Cash Management-Liquid Option-Institutional - Daily Dividend Plan;;;10.0022;10.0022;10.0022;15-Jun-2008
100893;Principal Cash Management-Liquid Option-Institutional - Growth Plan;;;13.5573;13.5573;13.5573;15-Jun-2008
100891;Principal Cash Management-Liquid Option-Institutional - Monthly Dividend Plan;;;10.0389;10.0389;10.0389;15-Jun-2008
100890;Principal Cash Management-Liquid Option-Institutional - Weekly Dividend Plan;;;10.0084;10.0084;10.0084;15-Jun-2008
100889;Principal Cash Management-Liquid Option-Monthly Dividend;;;10.0377;10.0377;10.0377;15-Jun-2008

Quantum Mutual Fund
103736;Quantum Liquid Fund - Direct Plan Daily IDCW;;INF082J01135;10.0000;10.0000;10.0000;15-Jun-2008
103734;Quantum Liquid Fund - Direct Plan Growth Option;INF082J01127;;11.7191;11.7191;11.7191;15-Jun-2008
103735;Quantum Liquid Fund - Direct Plan Monthly IDCW;INF082J01143;INF082J01200;10.0477;10.0477;10.0477;15-Jun-2008

SBI Mutual Fund
105274;SBI Liquid Fund - Institutional - Growth;INF200K01LU1;;13.2076;13.2076;13.2076;15-Jun-2008
105275;SBI Liquid Fund - Institutional Daily Income Distribution cum Capital Withdrawal Option (IDCW);;INF200K01LR7;10.0325;10.0325;10.0325;15-Jun-2008
105279;SBI Liquid Fund - Institutional Fortnightly Income Distribution cum Capital Withdrawal Option (IDCW);INF200K01LS5;INF200K01LT3;10.1206;10.1206;10.1206;15-Jun-2008
105278;SBI Liquid Fund - Institutional Weekly Income Distribution cum Capital Withdrawal Option (IDCW);INF200K01LV9;INF200K01LW7;10.5949;10.5949;10.5949;15-Jun-2008
105281;SBI Liquid Fund - Regular Plan - Daily Income Distribution cum Capital Withdrawal Option (IDCW);;INF200K01LX5;10.0325;10.0325;10.0325;15-Jun-2008
105283;SBI Liquid Fund - Regular Plan - Fortnightly Income Distribution cum Capital Withdrawal Option (IDCW);INF200K01LY3;INF200K01LZ0;0;0;0;15-Jun-2008
105282;SBI Liquid Fund - Regular Plan - Weekly Income Distribution cum Capital Withdrawal Option (IDCW);INF200K01MB9;INF200K01MC7;10.5789;10.5789;10.5789;15-Jun-2008
105280;SBI Liquid Fund - REGULAR PLAN -Growth;INF200K01MA1;;13.0559;13.0559;13.0559;15-Jun-2008

Tata Mutual Fund
102672;Tata Liquid Fund -Regular Plan - Growth Option;INF277K01YD8;;12.9339;12.9339;12.9339;15-Jun-2008
101714;Tata Liquid Fund- Regular Plan - Daily Reinvestment of IDCW Option;;INF277K011D4;10.0079;10.0079;10.0079;15-Jun-2008

Taurus Mutual Fund
104240;Taurus Liquid Fund-Dividend;INF044D01542;INF044D01559;10.0057;10.0057;10.0057;15-Jun-2008
104241;Taurus Liquid Fund-Growth;INF044D01575;;11.0782;11.0782;11.0782;15-Jun-2008

UTI Mutual Fund
102010;UTI Liquid Fund - Regular Plan - Daily IDCW (Reinvestment);;INF789F01PG3;1019.4457;1019.4457;1019.4457;15-Jun-2008
102011;UTI Liquid Fund - Regular Plan - Monthly IDCW;INF789F01PI9;INF789F01PJ7;1028.1886;1028.1886;1028.1886;15-Jun-2008
102013;UTI Liquid Fund - Regular Plan - Weekly IDCW;;INF789F01PK5;1022.9056;1022.9056;1022.9056;15-Jun-2008
102012;UTI-  Liquid Cash Plan - Regular Plan - Growth Option;INF789F01PH1;;1354.8166;1354.8166;1354.8166;15-Jun-2008
102008;UTI-  Liquid Cash Plan- Discontinued - Regular Plan - Monthly Dividend Option;INF789F01BC2;INF789F01BA6;1046.2789;1046.2789;1046.2789;15-Jun-2008
102009;UTI-  Liquid Cash Plan- Discontinued - Regular Plan -Growth;INF789F01BB4;;1342.999;1342.999;1342.999;15-Jun-2008
102007;UTI-  Liquid Cash Plan- Discontinued -Regular Plan Periodic Dividend Option;;INF789F01AZ5;1037.5469;1037.5469;1037.5469;15-Jun-2008

Open Ended Schemes ( Debt Scheme - Ultra Short Duration Fund )


Principal Mutual Fund
107325;Principal Money Manager Fund-Regular Plan-Daily Dividend Option;;;10.0247;10.0247;10.0247;15-Jun-2008
107331;Principal Money Manager Fund-Regular Plan-Growth Option;;;10.3381;10.3381;10.3381;15-Jun-2008
107327;Principal Money Manager Fund-Regular Plan-Monthly Dividend Option;;;10.3381;10.3381;10.3381;15-Jun-2008
107326;Principal Money Manager Fund-Regular Plan-Weekly Dividend Option;;;10.1107;10.1107;10.1107;15-Jun-2008
107329;Principal Ultra Short Term Fund-Daily Income Distribution CUM Capital Withdrawal Option;;INF173K01CV7;10.0247;10.0247;10.0247;15-Jun-2008
107328;Principal Ultra Short Term Fund-Growth Option;INF173K01CU9;;10.3381;10.3381;10.3381;15-Jun-2008
107330;Principal Ultra Short Term Fund-Monthly Income Distribution CUM Capital Withdrawal Option;INF173K01CB9;INF173K01CC7;10.3381;10.3381;10.3381;15-Jun-2008
107332;Principal Ultra Short Term Fund-Weekly Income Distribution CUM Capital Withdrawal Option;;INF173K01CW5;10.1161;10.1161;10.1161;15-Jun-2008

SBI Mutual Fund
105080;SBI Ultra Short Duration Fund - Regular Plan - Daily Income Distribution cum Capital Withdrawal Option (IDCW);;INF200K01LK2;16.7503;16.7503;16.7503;15-Jun-2008
100641;SBI ULTRA SHORT DURATION FUND - REGULAR PLAN - GROWTH;INF200K01LJ4;;18.4198;18.4198;18.4198;15-Jun-2008
103884;SBI Ultra Short Duration Fund - Regular Plan - Weekly Income Distribution cum Capital Withdrawal Option (IDCW);INF200K01LM8;INF200K01LL0;10.7152;10.7152;10.7152;15-Jun-2008

Open Ended Schemes ( Debt Scheme - Low Duration Fund )


Aditya Birla Sun Life Mutual Fund
103192;Aditya Birla Sun Life Low Duration Fund - Growth Plan;INF209K01LQ0;;20.1717;20.1717;20.1717;15-Jun-2008
103195;Aditya Birla Sun Life Low Duration Fund - Institutional Plan - Growth;INF209K01KE8;;13.7482;13.7482;13.7482;15-Jun-2008
103191;Aditya Birla Sun Life Low Duration Fund -INSTITUTIONAL - DAILY IDCW;;INF209K01KD0;10.0030;10.0030;10.0030;15-Jun-2008
103194;Aditya Birla Sun Life Low Duration Fund -Institutional - weekly  IDCW;;INF209K01KG3;10.0119;10.0119;10.0119;15-Jun-2008
103193;Aditya Birla Sun Life Low Duration Fund -REGULAR - WEEKLY IDCW;;INF209KA1LQ4;10.0116;10.0116;10.0116;15-Jun-2008

Bandhan Mutual Fund
108633;BANDHAN Low Duration Fund - Regular Plan - Daily IDCW;INF194K01FW4;INF194K01FV6;10.0125;10.0125;10.0125;15-Jun-2008
108632;BANDHAN Low Duration Fund - Regular Plan - Growth;INF194K01FU8;;11.5570;11.5570;11.5570;15-Jun-2008
108635;BANDHAN Low Duration Fund - Regular Plan - Monthly IDCW;INF194K01FZ7;INF194K01FY0;10.0336;10.0336;10.0336;15-Jun-2008
108634;BANDHAN Low Duration Fund - Regular Plan - Weekly IDCW;INF194K01GC4;INF194K01GB6;10.0056;10.0056;10.0056;15-Jun-2008

Canara Robeco Mutual Fund
104559;CANARA ROBECO SAVINGS FUND - REGULAR PLAN - DAILY IDCW (Reinvestment);;INF760K01803;10.26;10.26;10.26;15-Jun-2008
102913;CANARA ROBECO SAVINGS FUND - REGULAR PLAN - GROWTH OPTION;INF760K01795;;12.6342;12.6342;12.6342;15-Jun-2008
102914;CANARA ROBECO SAVINGS FUND - REGULAR PLAN - IDCW (Payout/Reinvestment);INF760K01779;INF760K01787;12.1482;12.1482;12.1482;15-Jun-2008
102915;CANARA ROBECO SAVINGS FUND - REGULAR PLAN - WEEKLY IDCW (Payout/Reinvestment);INF760K01CB3;INF760K01811;10.2672;10.2672;10.2672;15-Jun-2008

Open Ended Schemes ( Debt Scheme - Money Market Fund )


Aditya Birla Sun Life Mutual Fund
101975;Aditya Birla Sun Life Floating Rate Fund-Short Term Plan-Institutional Fortnightly Dividend;;;10.0000;10.0000;10.0000;15-Jun-2008
101973;Aditya Birla Sun Life Money Manager Fund - Daily IDCW;;INF209K01SZ6;10.0086;10.0086;10.0086;15-Jun-2008
101976;Aditya Birla Sun Life Money Manager Fund - Growth;INF209K01RV7;;10.8803;10.8803;10.8803;15-Jun-2008
101972;Aditya Birla Sun Life Money Manager Fund - Retail - Daily IDCW;;INF209K01JZ5;10.0015;10.0015;10.0015;15-Jun-2008
101970;Aditya Birla Sun Life Money Manager Fund - RETAIL - WEEKLY IDCW;;INF209K01JY8;10.3797;10.3797;10.3797;15-Jun-2008
101971;Aditya Birla Sun Life Money Manager Fund - Retail Growth;INF209K01MJ3;;13.5249;13.5249;13.5249;15-Jun-2008
101974;Aditya Birla Sun Life Money Manager Fund - WEEKLY IDCW;;INF209K01SY9;10.0127;10.0127;10.0127;15-Jun-2008

Bandhan Mutual Fund
108698;Bandhan Money Market Fund - Daily Dividend;INF194K01MF5;INF194K01ME8;10.0015;10.0015;10.0015;15-Jun-2008
108697;Bandhan Money Market Fund - Growth;INF194K01MD0;;0;0;0;15-Jun-2008
108700;Bandhan Money Market Fund - Monthly Dividend;INF194K01ML3;INF194K01MK5;0;0;0;15-Jun-2008
108701;Bandhan Money Market Fund - Regular Plan - Weekly IDCW;INF194K01LR2;INF194K01LQ4;10.0704;10.0704;10.0704;15-Jun-2008
108699;Bandhan Money Market Fund - Weekly Dividend;INF194K01MI9;INF194K01MH1;0;0;0;15-Jun-2008
108650;BANDHAN Money Market Fund - Regular Plan - Daily IDCW;INF194K01LL5;INF194K01LK7;10.0699;10.0699;10.0699;15-Jun-2008
108756;BANDHAN Money Market Fund - Regular Plan - Growth;INF194K01LJ9;;13.3098;13.3098;13.3098;15-Jun-2008
108757;BANDHAN Money Market Fund - Regular Plan - Monthly IDCW;INF194K01LO9;INF194K01LN1;10.0547;10.0547;10.0547;15-Jun-2008

Franklin Templeton Mutual Fund
101352;Templeton Floating Rate Income Fund-Short Term Plan-Dividend Option;;;10.0491;10.0491;10.0491;15-Jun-2008
101353;Templeton Floating Rate Income Fund-Short Term Plan-Growth Option;;;14.8937;14.8937;14.8937;15-Jun-2008
101355;Templeton Floating Rate Income Fund-Short Term Plan-Institutional Option - Dividend;;;10.0623;10.0623;10.0623;15-Jun-2008
101354;Templeton Floating Rate Income Fund-Short Term Plan-Institutional Option - Growth;;;12.2415;12.2415;12.2415;15-Jun-2008

HDFC Mutual Fund
101994;HDFC Money Market Fund - Daily IDCW Option;;INF179KB1IG6;10.6364;10.6364;10.6364;15-Jun-2008
101993;HDFC Money Market Fund - Growth Option;INF179KB1HR5;;17.2021;17.2021;17.2021;15-Jun-2008
101995;HDFC Money Market Fund - Weekly IDCW Option;INF179KB1IH4;INF179KB1II2;10.6296;10.6296;10.6296;15-Jun-2008

ICICI Prudential Mutual Fund
101221;ICICI Prudential Money Market Fund Retail Growth (erstwhile Cash Option);INF109K01TW3;;13.8779;13.8779;13.8779;15-Jun-2008
103634;ICICI Prudential Money Market Fund Option - Daily IDCW;INF109K01TY9;;10.0010;10.0010;10.0010;15-Jun-2008
103633;ICICI Prudential Money Market Fund Option - Growth;INF109K01TX1;;11.7604;11.7604;11.7604;15-Jun-2008
103637;ICICI Prudential Money Market Fund Option - Monthly IDCW;INF109K01UC3;INF109K01UB5;10.0355;10.0355;10.0355;15-Jun-2008
103635;ICICI Prudential Money Market Fund Option - Weekly IDCW;INF109K01TZ6;;10.0159;10.0159;10.0159;15-Jun-2008
103636;ICICI Prudential Money Market Fund Option -Fortnightly IDCW;INF109K01UA7;;10.0451;10.0451;10.0451;15-Jun-2008

Kotak Mahindra Mutual Fund
106842;Kotak Money Market Fund - (Daily Reinvestment of Income Distribution cum capital withdrawal option);INF174K01ND0;;10.0428;10.0428;10.0428;15-Jun-2008
101893;Kotak Money Market Fund - (Growth);INF174K01NA6;;13.5716;13.5716;13.5716;15-Jun-2008
101892;Kotak Money market Fund - (Monthly Payout of Income Distribution cum capital withdrawal option);INF174K018O0;INF174K01NB4;10.0092;10.0092;10.0092;15-Jun-2008
101894;Kotak Money Market Fund - (Weekly Reinvestment of Income Distribution cum capital withdrawal option);INF174K01NC2;;10.0323;10.0323;10.0323;15-Jun-2008

Nippon India Mutual Fund
103050;NIPPON INDIA MONEY MARKET FUND - DAILY IDCW Option;;INF204K01UY6;10.0031;10.0031;10.0031;15-Jun-2008
103051;NIPPON INDIA MONEY MARKET FUND - WEEKLY IDCW Option;;INF204K01UZ3;10.0067;10.0067;10.0067;15-Jun-2008
103048;Nippon India Money Market Fund-Growth Plan-Growth Option;INF204K01VA4;;12.3702;12.3702;12.3702;15-Jun-2008

Tata Mutual Fund
101986;Tata Money Market Fund- Regular Plan - Daily Reinvestment of IDCW Option;;INF277K014C0;1114.5200;1114.5200;1114.5200;15-Jun-2008
101847;Tata Money Market Fund-Regular Plan - Growth Option;INF277K01LQ7;;1520.5841;1520.5841;1520.5841;15-Jun-2008

UTI Mutual Fund
100724;UTI MMF- Discontinued - Regular Plan - Flexi Dividend Option;;INF789F01BD0;18.0962;18.0962;18.0962;15-Jun-2008
100725;UTI MMF- Discontinued - Regular Plan - Periodic Dividend Option;INF789F01BE8;;17.9986;17.9986;17.9986;15-Jun-2008
100723;UTI MMF-Discontinued - Regular Plan -Growth;INF789F01BF5;;22.9954;22.9954;22.9954;15-Jun-2008

Open Ended Schemes ( Debt Scheme - Credit Risk Fund )


DSP Mutual Fund
101839;DSP Credit Risk Fund - Regular Plan - IDCW;INF740K01581;INF740K01AB9;10.5010;10.5010;10.5010;15-Jun-2008
101840;DSP Credit Risk Fund - Regular Plan - IDCW - Daily;;INF740KA1OA8;10.0312;10.0312;10.0312;15-Jun-2008
101838;DSP Credit Risk Fund - Regular Plan - IDCW - Weekly;INF740K01FR4;INF740K01FQ6;10.0417;10.0417;10.0417;15-Jun-2008
101837;DSP Credit Risk Fund - Regular Plan -Growth;INF740K01599;;13.1724;13.1724;13.1724;15-Jun-2008

Principal Mutual Fund
102729;Principal Credit Risk Fund - Regular Plan - Growth Option;INF173K01DM4;;12.8931;12.8931;12.8931;15-Jun-2008
102732;Principal Credit Risk Fund - Regular Plan - Monthly Dividend Option;INF173K01BJ4;INF173K01BK2;10.9103;10.9103;10.9103;15-Jun-2008
102726;Principal Floating Rate Fund - SMP-Daily Dividend;;;10.0007;10.0007;10.0007;15-Jun-2008
102725;Principal Floating Rate Fund - SMP-Growth;;;12.8380;12.8380;12.8380;15-Jun-2008
102730;Principal Floating Rate Fund - SMP-Insti. Daily Dividend;;;10.0007;10.0007;10.0007;15-Jun-2008
102731;Principal Floating Rate Fund - SMP-Insti. Weekly Dividend;;;10.0077;10.0077;10.0077;15-Jun-2008
102728;Principal Floating Rate Fund - SMP-Monthly Dividend;;;10.5182;10.5182;10.5182;15-Jun-2008
102727;Principal Floating Rate Fund - SMP-Weekly Dividend;;;10.0077;10.0077;10.0077;15-Jun-2008

Open Ended Schemes ( Debt Scheme - Floater Fund )


Franklin Templeton Mutual Fund
101048;Franklin India Floating Rate Fund - Growth Plan;INF090I01LM7;;14.7215;14.7215;14.7215;15-Jun-2008
101044;Franklin India Floating Rate Fund - IDCW ;INF090I01LN5;;10.0000;10.0000;10.0000;15-Jun-2008

Nippon India Mutual Fund
102676;NIPPON INDIA FLOATER FUND - DAILY IDCW REINVESTMENT Option;;INF204K01CI7;10.0697;10.0697;10.0697;15-Jun-2008
102673;Nippon India Floater Fund - Growth Plan-Growth Option;INF204K01CG1;;12.8846;12.8846;12.8846;15-Jun-2008
102675;NIPPON INDIA FLOATER FUND - MONTHLY IDCW Option;INF204K01CH9;INF204K01CK3;10.1683;10.1683;10.1683;15-Jun-2008
102677;NIPPON INDIA FLOATER FUND - WEEKLY IDCW Option;INF204K01OQ5;INF204K01CJ5;10.0861;10.0861;10.0861;15-Jun-2008
