Scheme Code;Scheme Name;ISIN Div Payout/ISIN Growth;ISIN Div Reinvestment;Net Asset Value;Repurchase Price;Sale Price;Date

Open Ended Schemes ( Debt Scheme - Overnight Fund )


Aditya Birla Sun Life Mutual Fund
145488;ADITYA BIRLA SUN LIFE OVERNIGHT FUND-  Direct - Monthly Payout of IDCW;INF209KB1ZL4;;1000.7518;;;08-Jan-2022
145489;ADITYA BIRLA SUN LIFE OVERNIGHT FUND-  Direct - Weekly Reinvestment of IDCW;;INF209KB1ZJ8;1000.0909;;;08-Jan-2022
145482;ADITYA BIRLA SUN LIFE OVERNIGHT FUND-  Regular - Weekly Reinvestment of IDCW option;;INF209KB1ZE9;1000.1068;;;08-Jan-2022
145487;ADITYA BIRLA SUN LIFE OVERNIGHT FUND- Direct - Daily Reinvestment of IDCW;;INF209KB1ZI0;1000.1101;;;08-Jan-2022
145483;ADITYA BIRLA SUN LIFE OVERNIGHT FUND- Regular - Daily Reinvestment of IDCW;;INF209KB1ZD1;1000.1069;;;08-Jan-2022
145485;ADITYA BIRLA SUN LIFE OVERNIGHT FUND- Regular- Monthly Payout of IDCW option;INF209KB1ZG4;;1000.7253;;;08-Jan-2022
145486;ADITYA BIRLA SUN LIFE OVERNIGHT FUND-DIRECT PLAN-GROWTH;INF209KB1ZH2;;1140.9395;;;08-Jan-2022
145481;ADITYA BIRLA SUNLIFE OVERNIGHT FUND-REGULAR PLAN-GROWTH;INF209KB1ZC3;;1136.4772;;;08-Jan-2022

Axis Mutual Fund
146679;Axis Overnight Fund - Direct Plan - Daily IDCW;;INF846K01N99;1000.5073;;;08-Jan-2022
146675;Axis Overnight Fund - Direct Plan - Growth Option;INF846K01N65;;1115.2374;;;08-Jan-2022
146677;Axis Overnight Fund - Direct Plan - Monthly IDCW;INF846K01N73;INF846K01N81;1001.9553;;;08-Jan-2022
146676;Axis Overnight Fund - Direct Plan - Weekly IDCW;INF846K01N40;INF846K01N57;1001.1686;;;08-Jan-2022
146682;Axis Overnight Fund - Regular Plan - Daily IDCW;;INF846K01O56;1000.5032;;;08-Jan-2022
146678;Axis Overnight Fund - Regular Plan - Growth Option;INF846K01O23;;1113.3754;;;08-Jan-2022
146681;Axis Overnight Fund - Regular Plan - Monthly IDCW;INF846K01O31;INF846K01O49;1001.9293;;;08-Jan-2022
146680;Axis Overnight Fund - Regular Plan - Weekly IDCW;INF846K01O07;INF846K01O15;1001.1294;;;08-Jan-2022

Bandhan Mutual Fund
146190;BANDHAN Overnight Fund - Direct Plan - Daily IDCW;INF194KB1462;INF194KB1470;1000.0897;;;08-Jan-2022
146191;BANDHAN Overnight Fund - Direct Plan - Growth;INF194KB1447;;1125.1474;;;08-Jan-2022
146183;BANDHAN Overnight Fund - Direct Plan - Monthly IDCW;INF194KB1496;INF194KB1504;1000.8347;;;08-Jan-2022
146184;BANDHAN Overnight Fund - Direct Plan - Periodic IDCW;INF194KB1520;INF194KB1538;1026.1762;;;08-Jan-2022
146192;BANDHAN Overnight Fund - Direct Plan - Weekly IDCW;INF194KB1553;INF194KB1561;1000.0000;;;08-Jan-2022
146188;BANDHAN Overnight Fund - Regular Plan - Daily IDCW;INF194KB1330;INF194KB1348;1000.0921;;;08-Jan-2022
146187;BANDHAN Overnight Fund - Regular Plan - Growth;INF194KB1314;;1121.2174;;;08-Jan-2022
146185;BANDHAN Overnight Fund - Regular Plan - Monthly IDCW;INF194KB1363;INF194KB1371;1000.8077;;;08-Jan-2022
146189;BANDHAN Overnight Fund - Regular Plan - Weekly IDCW;INF194KB1421;INF194KB1439;1001.0215;;;08-Jan-2022
146186;BANDHAN Overnight Fund - REGULAR PLAN PERIODIC IDCW;INF194KB1397;INF194KB1405;1025.9015;;;08-Jan-2022

Bank of India Mutual Fund
147951;BANK OF INDIA Overnight Fund Direct Plan Growth;INF761K01EU7;;1067.5359;;;08-Jan-2022
147952;BANK OF INDIA Overnight Fund Direct Plan- Daily IDCW;;INF761K01EV5;1000.0000;;;08-Jan-2022
147948;BANK OF INDIA Overnight Fund Direct Plan- Monthly IDCW;INF761K01EY9;INF761K01EX1;1001.1271;;;08-Jan-2022
147950;BANK OF INDIA Overnight Fund Direct Plan- Weekly IDCW;;INF761K01EW3;1000.4574;;;08-Jan-2022
147936;BANK OF INDIA Overnight Fund Regular Plan Growth;INF761K01EZ6;;1065.7483;;;08-Jan-2022
149412;BANK OF INDIA Overnight Fund Unclaimed IDCW Plan - Greater than 3 Years;;;1000.0000;;;08-Jan-2022
149414;BANK OF INDIA Overnight Fund Unclaimed IDCW Plan - Up to 3 Years;;;1003.1866;;;08-Jan-2022
149415;BANK OF INDIA Overnight Fund Unclaimed Redemption Plan - Greater than 3 Years;;;1000.0000;;;08-Jan-2022
149413;BANK OF INDIA Overnight Fund Unclaimed Redemption Plan - Upto 3 Years;;;1003.1952;;;08-Jan-2022

Baroda BNP Paribas Mutual Fund
147197;Baroda BNP Paribas Overnight Fund - Direct Plan - Daily IDCW;;INF955L01HW2;1000.0000;;;08-Jan-2022
147196;Baroda BNP Paribas Overnight Fund - Direct Plan - Growth;INF955L01HV4;;1107.8942;;;08-Jan-2022
147195;Baroda BNP Paribas Overnight Fund - Direct Plan - Weekly IDCW;;INF955L01HX0;1000.4541;;;08-Jan-2022
147194;Baroda BNP Paribas Overnight Fund - Regular Plan - Daily IDCW;;INF955L01HT8;1000.0009;;;08-Jan-2022
147193;Baroda BNP Paribas Overnight Fund - Regular Plan - Growth;INF955L01HS0;;1106.2381;;;08-Jan-2022
147198;Baroda BNP Paribas Overnight Fund - Regular Plan - Weekly IDCW;;INF955L01HU6;1000.4612;;;08-Jan-2022

Canara Robeco Mutual Fund
147532;CANARA ROBECO OVERNIGHT FUND - DIRECT PLAN - DAILY IDCW (Reinvestment);;INF760K01JN3;1001.0009;;;08-Jan-2022
147531;CANARA ROBECO OVERNIGHT FUND - DIRECT PLAN - GROWTH OPTION;INF760K01JM5;;1092.1336;;;08-Jan-2022
147533;CANARA ROBECO OVERNIGHT FUND - REGULAR PLAN - DAILY IDCW (Reinvestment);;INF760K01JP8;1001.0000;;;08-Jan-2022
147534;CANARA ROBECO OVERNIGHT FUND - REGULAR PLAN - GROWTH OPTION;INF760K01JO1;;1091.4579;;;08-Jan-2022

Edelweiss Mutual Fund
147551;Edelweiss Overnight Fund - Direct Plan - Annual - IDCW Option;INF754K01KD5;INF754K01KC7;1094.168;;;08-Jan-2022
147557;Edelweiss Overnight Fund - Direct Plan - Daily - IDCW Option;;INF754K01JW7;1000;;;08-Jan-2022
147550;Edelweiss Overnight Fund - Direct Plan - Fortnightly - IDCW Option;INF754K01JZ0;INF754K01JY3;1050.3066;;;08-Jan-2022
147570;Edelweiss Overnight Fund - Direct Plan - Growth;INF754K01JV9;;1093.9124;;;08-Jan-2022
147554;Edelweiss Overnight Fund - Direct Plan - Monthly - IDCW Option;INF754K01KB9;INF754K01KA1;1058.8157;;;08-Jan-2022
147558;Edelweiss Overnight Fund - Direct Plan - Weekly - IDCW Option;;INF754K01JX5;1065.2432;;;08-Jan-2022
147556;Edelweiss Overnight Fund - Regular Plan - Annual - IDCW Option;INF754K01KM6;INF754K01KL8;1092.2487;;;08-Jan-2022
147552;Edelweiss Overnight Fund - Regular Plan - Daily - IDCW Option;;INF754K01KF0;1008.1128;;;08-Jan-2022
147569;Edelweiss Overnight Fund - Regular Plan - Growth;INF754K01KE3;;1092.2495;;;08-Jan-2022
147555;Edelweiss Overnight Fund - Regular Plan - Monthly - IDCW Option;INF754K01KK0;INF754K01KJ2;1004.6535;;;08-Jan-2022
147553;Edelweiss Overnight Fund - Regular Plan - Weekly - IDCW Option;;INF754K01KG8;1015.5053;;;08-Jan-2022
149476;Edelweiss Overnight Fund - Unclaimed IDCW Plan - Above 3 years;;;1000;;;08-Jan-2022
149477;Edelweiss Overnight Fund - Unclaimed IDCW Plan - Upto 3 years;;;1000.8694;;;08-Jan-2022
149479;Edelweiss Overnight Fund - Unclaimed Redemption Plan - Above 3 years;;;1000;;;08-Jan-2022
149478;Edelweiss Overnight Fund - Unclaimed Redemption Plan - Upto 3 years;;;1000.8694;;;08-Jan-2022

Franklin Templeton Mutual Fund
147213;Franklin India Overnight fund- Growth;INF090I01SO8;;1100.3371;;;08-Jan-2022
147214;Franklin India Overnight Fund- Growth - Direct;INF090I01SS9;;1101.9809;;;08-Jan-2022

Groww Mutual Fund
147458;Groww Overnight Fund (formerly known as Indiabulls Overnight Fund)- Direct Plan- - Income Distribution cum capital withdrawal Option ( Reinvestment);;INF666M01GM6;1000.9932;;;08-Jan-2022
147452;Groww Overnight Fund (formerly known as Indiabulls Overnight Fund)- Direct Plan- Fortnightly - Income Distribution cum capital withdrawal Option (Payout & Reinvestment);INF666M01GP9;INF666M01GQ7;1002.638;;;08-Jan-2022
147450;Groww Overnight Fund (formerly known as Indiabulls Overnight Fund)- Direct Plan- Growth Option;INF666M01GL8;;1093.2297;;;08-Jan-2022
147453;Groww Overnight Fund (formerly known as Indiabulls Overnight Fund)- Direct Plan- Monthly - Income Distribution cum capital withdrawal Option (Payout & Reinvestment);INF666M01GR5;INF666M01GS3;1001.4808;;;08-Jan-2022
147451;Groww Overnight Fund (formerly known as Indiabulls Overnight Fund)- Direct Plan- Weekly - Income Distribution cum capital withdrawal Option (Payout & Reinvestment);INF666M01GN4;INF666M01GO2;1001.5324;;;08-Jan-2022
147455;Groww Overnight Fund (formerly known as Indiabulls Overnight Fund)- Regular Plan- - Income Distribution cum capital withdrawal Option ( Reinvestment);;INF666M01GU9;1000.9737;;;08-Jan-2022
147457;Groww Overnight Fund (formerly known as Indiabulls Overnight Fund)- Regular Plan- Fortnightly - Income Distribution cum capital withdrawal Option (Payout & Reinvestment);INF666M01GX3;INF666M01GY1;1001.9271;;;08-Jan-2022
147454;Groww Overnight Fund (formerly known as Indiabulls Overnight Fund)- Regular Plan- Growth Option;INF666M01GT1;;1090.4836;;;08-Jan-2022
147459;Groww Overnight Fund (formerly known as Indiabulls Overnight Fund)- Regular Plan- Monthly - Income Distribution cum capital withdrawal Option (Payout & Reinvestment);INF666M01GZ8;INF666M01HA9;1001.3666;;;08-Jan-2022
147456;Groww Overnight Fund (formerly known as Indiabulls Overnight Fund)- Regular Plan- Weekly - Income Distribution cum capital withdrawal Option (Payout & Reinvestment);INF666M01GV7;INF666M01GW5;1001.3831;;;08-Jan-2022
149394;Groww Overnight Fund (formerly known as Indiabulls Overnight Fund)- Unclaimed Dividend < 3 years;;;1002.5092;;;08-Jan-2022
149393;Groww Overnight Fund (formerly known as Indiabulls Overnight Fund)- Unclaimed Dividend > 3 Years;;;1003.5667;;;08-Jan-2022
149396;Groww Overnight Fund (formerly known as Indiabulls Overnight Fund)- Unclaimed Redemption < 3 Years;;;1003.5832;;;08-Jan-2022
149395;Groww Overnight Fund (formerly known as Indiabulls Overnight Fund)- Unclaimed Redemption > 3 Years;;;1004.0894;;;08-Jan-2022

Invesco Mutual Fund
147884;Invesco India Overnight Fund - Direct Plan - Daily IDCW (Reinvestment);;INF205KA1122;1000.3999;;;08-Jan-2022
147883;Invesco India Overnight Fund - Direct Plan - Growth;INF205KA1163;;1066.2506;;;08-Jan-2022
147886;Invesco India Overnight Fund - Direct Plan - Monthly IDCW (Payout / Reinvestment);INF205KA1155;INF205KA1148;1000.8328;;;08-Jan-2022
147880;Invesco India Overnight Fund - Regular Plan - Daily IDCW (Reinvestment);;INF205KA1072;1000.0002;;;08-Jan-2022
147878;Invesco India Overnight Fund - Regular Plan - Growth;INF205KA1114;;1064.9659;;;08-Jan-2022
147879;Invesco India Overnight Fund - Regular Plan - Monthly IDCW (Payout / Reinvestment);INF205KA1106;INF205KA1098;1000.7865;;;08-Jan-2022
147881;Invesco India Overnight Fund - Regular Plan - Weekly IDCW (Reinvestment);;INF205KA1080;1000.4367;;;08-Jan-2022

ITI Mutual Fund
147707;ITI Overnight Fund - Direct Plan - Annual IDCW Option;INF00XX01648;INF00XX01614;1069.2403;;;08-Jan-2022
147708;ITI Overnight Fund - Direct Plan - Daily IDCW Option;;INF00XX01572;1001.0038;;;08-Jan-2022
147710;ITI Overnight Fund - Direct Plan - Fortnightly IDCW Option;INF00XX01622;INF00XX01598;1001.9755;;;08-Jan-2022
147713;ITI Overnight Fund - Direct Plan - Growth Option;INF00XX01564;;1076.3441;;;08-Jan-2022
147717;ITI Overnight Fund - Direct Plan - Monthly IDCW Option;INF00XX01630;INF00XX01606;1002.0837;;;08-Jan-2022
147711;ITI Overnight Fund - Direct Plan - Weekly IDCW option;;INF00XX01580;1001.3593;;;08-Jan-2022
147715;ITI Overnight Fund - Regular Plan - Annual IDCW Option;INF00XX01556;INF00XX01523;1007.0414;;;08-Jan-2022
147709;ITI Overnight Fund - Regular Plan - Daily IDCW Option;;INF00XX01481;1001.0000;;;08-Jan-2022
147716;ITI Overnight Fund - Regular Plan - Fortnightly IDCW Option;INF00XX01531;INF00XX01507;1001.9357;;;08-Jan-2022
147714;ITI Overnight Fund - Regular Plan - Growth Option;INF00XX01473;;1073.9687;;;08-Jan-2022
147718;ITI Overnight Fund - Regular Plan - Monthly IDCW Option;INF00XX01549;INF00XX01515;1001.9482;;;08-Jan-2022
147712;ITI Overnight Fund - Regular Plan - Weekly IDCW Option;;INF00XX01499;1006.4815;;;08-Jan-2022

L&T Mutual Fund
118066;L&T Overnight Fund  - Regular Plan - Monthly IDCW;INF917K01EL4;INF917K01EM2;1009.3066;;;08-Jan-2022
119283;L&T Overnight Fund - Direct Plan - Growth;INF917K01EN0;;1645.8393;;;08-Jan-2022
119284;L&T Overnight Fund - Direct Plan- Daily IDCW;;INF917K01EO8;1023.4034;;;08-Jan-2022
119282;L&T Overnight Fund - Direct Plan- Monthly IDCW;INF917K01ER1;;1065.2579;;;08-Jan-2022
119285;L&T Overnight Fund - Direct Plan- Weekly IDCW;;INF917K01EP5;1001.8868;;;08-Jan-2022
118056;L&T Overnight Fund - Regular Plan - Daily IDCW;;INF917K01EJ8;1023.4007;;;08-Jan-2022
118058;L&T Overnight Fund - Regular Plan - Growth;INF917K01EI0;;1566.2039;;;08-Jan-2022
118065;L&T Overnight Fund - Regular Plan - Weekly IDCW;;INF917K01EK6;1000.4816;;;08-Jan-2022

LIC Mutual Fund
147516;LIC MF Overnight Fund-Direct Plan-Daily IDCW;;INF767K01QG7;1012.4521;;;08-Jan-2022
147515;LIC MF Overnight Fund-Direct Plan-Growth;INF767K01QI3;;1093.4401;;;08-Jan-2022
147513;LIC MF Overnight Fund-Direct Plan-IDCW;INF767K01QE2;INF767K01QF9;1093.1755;;;08-Jan-2022
147514;LIC MF Overnight Fund-Direct Plan-Weekly IDCW;;INF767K01QH5;1000.9388;;;08-Jan-2022
147517;LIC MF Overnight Fund-Regular Plan-Daily IDCW;;INF767K01QB8;1011.6773;;;08-Jan-2022
147519;LIC MF Overnight Fund-Regular Plan-Growth;INF767K01QD4;;1089.9159;;;08-Jan-2022
147512;LIC MF Overnight Fund-Regular Plan-IDCW;INF767K01PZ9;INF767K01QA0;1090.3806;;;08-Jan-2022
147518;LIC MF Overnight Fund-Regular Plan-Weekly IDCW;;INF767K01QC6;1009.1933;;;08-Jan-2022

Mahindra Manulife Mutual Fund
147563;Mahindra Manulife Overnight Fund - Direct Plan - Daily IDCW;;INF174V01846;1019.6289;;;08-Jan-2022
147564;Mahindra Manulife Overnight Fund - Direct Plan -Growth;INF174V01838;;1091.8857;;;08-Jan-2022
147566;Mahindra Manulife Overnight Fund - Regular Plan - Daily IDCW;;INF174V01820;1019.5448;;;08-Jan-2022
147565;Mahindra Manulife Overnight Fund - Regular Plan - Growth;INF174V01812;;1089.1443;;;08-Jan-2022
149471;Mahindra Manulife Overnight Fund - Unclaimed Redemption/IDCW beyond 3 years;;;1000.0000;;;08-Jan-2022
149470;Mahindra Manulife Overnight Fund - Unclaimed Redemption/IDCW upto 3 years;;;1001.2122;;;08-Jan-2022

PGIM India Mutual Fund
147605;PGIM India Overnight Fund - Direct Plan - Daily Dividend Option;;INF663L01T35;1000;;;08-Jan-2022
147606;PGIM India Overnight Fund - Direct Plan - Growth Option;INF663L01T01;;1088.9302;;;08-Jan-2022
147608;PGIM India Overnight Fund - Direct Plan - Weekly Dividend Option;INF663L01T19;INF663L01T27;1000.1121;;;08-Jan-2022
147609;PGIM India Overnight Fund - Regular Plan - Daily Dividend Option;;INF663L01T76;1000;;;08-Jan-2022
147607;PGIM India Overnight Fund - Regular Plan - Weekly Dividend Option;INF663L01T50;INF663L01T68;1000.304;;;08-Jan-2022
147600;PGIM India Overnight Fund - Regular Plan- Growth Option;INF663L01T43;;1086.6556;;;08-Jan-2022

SBI Mutual Fund
119831;SBI Overnight Fund - Direct Plan - Daily Income Distribution cum Capital Withdrawal Option (IDCW);;INF200K01TJ7;1066.2060;;;08-Jan-2022
119833;SBI OVERNIGHT FUND - DIRECT PLAN - GROWTH;INF200K01TK5;;3435.0894;;;08-Jan-2022
119832;SBI Overnight Fund - Direct Plan - Weekly Income Distribution cum Capital Withdrawal Option (IDCW);INF200K01TL3;INF200K01TM1;1088.7539;;;08-Jan-2022
114297;SBI Overnight Fund - Regular Plan - Daily Income Distribution cum Capital Withdrawal Option (IDCW);;INF200K01LN6;1064.8436;;;08-Jan-2022
101206;SBI OVERNIGHT FUND - REGULAR PLAN - GROWTH;INF200K01LQ9;;3399.9069;;;08-Jan-2022
103140;SBI Overnight Fund - Regular Plan - Weekly Income Distribution cum Capital Withdrawal Option (IDCW);INF200K01LO4;INF200K01LP1;1087.3516;;;08-Jan-2022

Sundaram Mutual Fund
146964;Sundaram Overnight Fund Direct Plan - Daily Reinvestment of Income Distribution cum Capital Withdrawal (IDCW);INF903JA1HJ9;;1000.1136;;;08-Jan-2022
146956;Sundaram Overnight Fund Direct Plan - Fortnightly Reinvestment of Income Distribution cum Capital Withdrawal (IDCW);INF903JA1HL5;;1064.4776;;;08-Jan-2022
146963;Sundaram Overnight Fund Direct Plan - Growth;INF903JA1HG5;;1121.3679;;;08-Jan-2022
146962;Sundaram Overnight Fund Direct Plan - Monthly Payout of Income Distribution cum Capital Withdrawal (IDCW);INF903JA1HH3;;1044.3977;;;08-Jan-2022
146957;Sundaram Overnight Fund Direct Plan - Monthly Reinvestment of Income Distribution cum Capital Withdrawal (IDCW);INF903JA1HM3;;1044.3977;;;08-Jan-2022
146955;Sundaram Overnight Fund Direct Plan - Weekly Reinvestment of Income Distribution cum Capital Withdrawal (IDCW);INF903JA1HK7;;1048.3923;;;08-Jan-2022
146953;Sundaram Overnight Fund Regular Plan - Daily Reinvestment of Income Distribution cum Capital Withdrawal (IDCW);INF903JA1HC4;;1000.1096;;;08-Jan-2022
146958;Sundaram Overnight Fund Regular Plan - Fortnightly Reinvestment of Income Distribution cum Capital Withdrawal (IDCW);INF903JA1HE0;;1065.8851;;;08-Jan-2022
146959;Sundaram Overnight Fund Regular Plan - Growth;INF903JA1GZ7;;1118.0185;;;08-Jan-2022
146960;Sundaram Overnight Fund Regular Plan - Monthly Payout of Income Distribution cum Capital Withdrawal (IDCW);INF903JA1HA8;;1040.6365;;;08-Jan-2022
146961;Sundaram Overnight Fund Regular Plan - Monthly Reinvestment of Income Distribution cum Capital Withdrawal (IDCW);INF903JA1HF7;;1040.6365;;;08-Jan-2022
146954;Sundaram Overnight Fund Regular Plan - Weekly Payout of Income Distribution cum Capital Withdrawal (IDCW);INF903JA1HD2;;1047.2917;;;08-Jan-2022

Tata Mutual Fund
146978;TATA Overnight Fund Direct Plan - Daily Reinvestment of Income Distribution cum capital withdrawal option   ;;INF277K019T3;1000.0000;;;08-Jan-2022
146979;TATA Overnight Fund Regular Plan - Daily Reinvestment of Income Distribution cum capital withdrawal option   ;;INF277K017T7;1000.0000;;;08-Jan-2022
146980;Tata Overnight Fund-Direct Plan-Growth;INF277K018T5;;1112.9532;;;08-Jan-2022
146977;Tata Overnight Fund-Regular Plan-Growth;INF277K016T9;;1109.6986;;;08-Jan-2022

Union Mutual Fund
147002;Union Overnight Fund - Direct Plan - Daily IDCW Option;;INF582M01FB0;1000.7630;;;08-Jan-2022
147003;Union Overnight Fund - Direct Plan - Growth Option;INF582M01FA2;;1110.8525;;;08-Jan-2022
147006;Union Overnight Fund - Direct Plan - Monthly IDCW Option;INF582M01FG9;INF582M01FE4;1001.7699;;;08-Jan-2022
146998;Union Overnight Fund - Regular Plan - Daily IDCW Option;;INF582M01FK1;1000.7574;;;08-Jan-2022
146997;Union Overnight Fund - Regular Plan - Growth Option;INF582M01FJ3;;1107.8070;;;08-Jan-2022
147000;Union Overnight Fund - Regular Plan - Monthly IDCW Option;INF582M01FP0;INF582M01FN5;1001.7124;;;08-Jan-2022
149451;Union Overnight Fund - Unclaimed Amounts Plan - IDCW Beyond 3 years;;;1000.0000;;;08-Jan-2022
149452;Union Overnight Fund - Unclaimed Amounts Plan - IDCW Upto 3 years;;;1001.4762;;;08-Jan-2022
149453;Union Overnight Fund - Unclaimed Amounts Plan - Redemption Beyond 3 years;;;1000.0000;;;08-Jan-2022
149454;Union Overnight Fund - Unclaimed Amounts Plan - Redemption Upto 3 years;;;1001.4795;;;08-Jan-2022

UTI Mutual Fund
100814;UTI - Overnight  Fund - Regular Plan - Growth Option;INF789F01604;;2862.03;;;08-Jan-2022
120785;UTI - Overnight Fund - Direct Plan - Growth Option;INF789FB1S71;;2887.9267;;;08-Jan-2022
124266;UTI Overnight Fund - Direct Plan - Daily IDCW;;INF789FB1S89;1371.6621;;;08-Jan-2022
120786;UTI Overnight Fund - Direct Plan - Periodic IDCW;INF789FB1T05;INF789FB1S97;1545.4195;;;08-Jan-2022
124265;UTI Overnight Fund - Regular Plan - Daily IDCW;;INF789FB1T13;1370.8617;;;08-Jan-2022
100813;UTI Overnight Fund - Regular Plan - Periodic IDCW;INF789F01588;INF789F01596;1504.2152;;;08-Jan-2022

Open Ended Schemes ( Debt Scheme - Liquid Fund )


Aditya Birla Sun Life Mutual Fund
100047;Aditya Birla Sun Life Liquid Fund - Growth;INF209K01RU9;;337.754;;;08-Jan-2022
119568;Aditya Birla Sun Life Liquid Fund - Growth - Direct Plan;INF209K01VA3;;340.3313;;;08-Jan-2022
100046;Aditya Birla Sun Life Liquid Fund -Daily IDCW;INF209K01KQ2;INF209K01SQ5;100.204;;;08-Jan-2022
119569;Aditya Birla Sun Life Liquid Fund -Direct - daily IDCW;INF209K01UZ2;;100.2043;;;08-Jan-2022
119571;Aditya Birla Sun Life Liquid Fund -DIRECT - IDCW;INF209K01VD7;;184.7727;;;08-Jan-2022
119570;Aditya Birla Sun Life Liquid Fund -Direct - weekly IDCW;INF209K01VC9;;100.2343;;;08-Jan-2022
100041;Aditya Birla Sun Life Liquid Fund -Institutional - IDCW;;INF209K01KN9;108.0327;;;08-Jan-2022
100048;Aditya Birla Sun Life Liquid Fund -Institutional - weekly  IDCW;INF209KA1LK7;INF209K01KY6;108.0777;;;08-Jan-2022
103885;Aditya Birla Sun Life Liquid Fund -Regular - IDCW;INF209KA1LI1;;141.3251;;;08-Jan-2022
100044;Aditya Birla Sun Life Liquid Fund -Retail - IDCW;;INF209K01KP4;163.7087;;;08-Jan-2022
100051;Aditya Birla Sun Life Liquid Fund -weekly IDCW;INF209K01KU4;INF209KA1LJ9;100.234;;;08-Jan-2022
112014;Aditya Birla Sun Life Liquid Fund- Discipline Advantage Plan;INF209K01KZ3;;227.0902;;;08-Jan-2022
100043;Aditya Birla Sun Life Liquid Fund-Institutional (Growth);INF209K01RT1;;562.4666;;;08-Jan-2022
100042;Aditya Birla Sun Life Liquid Fund-Retail (Growth);INF209K01ME4;;548.1025;;;08-Jan-2022

Axis Mutual Fund
120388;Axis Liquid Fund - Direct Plan - Daily IDCW;;INF846K01DA0;1000.9560;;;08-Jan-2022
120389;Axis Liquid Fund - Direct Plan - Growth Option;INF846K01CX4;;2344.9071;;;08-Jan-2022
120391;Axis Liquid Fund - Direct Plan - Monthly IDCW;INF846K01CY2;INF846K01CZ9;1001.9322;;;08-Jan-2022
120390;Axis Liquid Fund - Direct Plan - Weekly IDCW;INF846K01DB8;INF846K01DC6;1002.6078;;;08-Jan-2022
112211;Axis Liquid Fund - Regular Plan - Daily IDCW;;INF846K01420;1001.3998;;;08-Jan-2022
112210;Axis Liquid Fund - Regular Plan - Growth Option;INF846K01412;;2331.2385;;;08-Jan-2022
112213;Axis Liquid Fund - Regular Plan - Monthly IDCW;INF846K01453;INF846K01461;1002.4998;;;08-Jan-2022
112212;Axis Liquid Fund - Regular Plan - Weekly IDCW;INF846K01438;INF846K01446;1002.5981;;;08-Jan-2022
112712;Axis Liquid Fund - Retail Plan - Daily IDCW;;INF846K01362;1000.9559;;;08-Jan-2022
112713;Axis Liquid Fund - Retail Plan - Growth Option;INF846K01354;;2172.0830;;;08-Jan-2022
112714;Axis Liquid Fund - Retail Plan - Monthly IDCW;INF846K01396;INF846K01404;1001.7577;;;08-Jan-2022
112715;Axis Liquid Fund - Retail Plan - Weekly IDCW;INF846K01370;INF846K01388;1001.1198;;;08-Jan-2022

Bandhan Mutual Fund
108692;BANDHAN LIQUID Fund - Regular Plan - Daily IDCW;INF194K01VZ4;INF194K01VY7;1001.1740;;;08-Jan-2022
108690;BANDHAN LIQUID Fund - Regular Plan - Growth;INF194K01VX9;;2536.4170;;;08-Jan-2022
108693;BANDHAN LIQUID Fund - Regular Plan - Monthly IDCW;INF194K01WF4;INF194K01WE7;1001.2000;;;08-Jan-2022
115489;BANDHAN LIQUID Fund - Regular Plan - Periodic IDCW;INF194K01WC1;INF194K01WB3;1095.0717;;;08-Jan-2022
108691;BANDHAN LIQUID Fund - Regular Plan - Weekly IDCW;INF194K01WI8;INF194K01WH0;1001.1758;;;08-Jan-2022
139582;BANDHAN LIQUID Fund - Unclaimed IDCW Less than 3 years;INF194KA14C0;;1.3584;;;08-Jan-2022
139583;BANDHAN LIQUID Fund - Unclaimed IDCW More than 3 years;INF194KA15C7;;1.0000;;;08-Jan-2022
139584;BANDHAN LIQUID Fund - Unclaimed Redemption Less than 3 years;INF194KA12C4;;1.3584;;;08-Jan-2022
139585;BANDHAN LIQUID Fund - Unclaimed Redemption More than 3 years;INF194KA13C2;;1.0000;;;08-Jan-2022
118365;BANDHAN LIQUID Fund -Direct Plan -Monthly IDCW;INF194K01J36;INF194K01J28;1007.9383;;;08-Jan-2022
118367;BANDHAN LIQUID Fund -Direct Plan -Weekly IDCW;INF194KB1JT8;INF194K01J51;1007.0505;;;08-Jan-2022
118366;BANDHAN LIQUID Fund -Direct Plan-Daily IDCW;;INF194K01I78;1001.7577;;;08-Jan-2022
118364;BANDHAN LIQUID Fund -Direct Plan-Growth;INF194K01I60;;2550.2890;;;08-Jan-2022
118363;BANDHAN LIQUID Fund -Direct Plan-Periodic IDCW;INF194K01J02;INF194K01I94;1027.4639;;;08-Jan-2022

Bank of India Mutual Fund
119368;BANK OF INDIA Liquid Fund- Direct Plan- Daily IDCW;;INF761K01CL0;1002.6483;;;08-Jan-2022
119369;BANK OF INDIA Liquid Fund- Direct Plan- Growth;INF761K01785;;2429.1364;;;08-Jan-2022
119370;BANK OF INDIA Liquid Fund- Direct Plan- Weekly IDCW;;INF761K01CM8;1062.0944;;;08-Jan-2022
111971;BANK OF INDIA Liquid Fund- Regular Plan- Daily IDCW;;INF761K01CO4;1002.1069;;;08-Jan-2022
109254;BANK OF INDIA Liquid Fund- Regular Plan- Growth;INF761K01306;;2409.0645;;;08-Jan-2022
109255;BANK OF INDIA Liquid Fund- Regular Plan- Weekly IDCW;;INF761K01CP1;1001.8171;;;08-Jan-2022

Baroda BNP Paribas Mutual Fund
119414;Baroda BNP Paribas LIQUID FUND - DIRECT PLAN - DAILY IDCW OPTION;INF955L01AK2;;1002.0849;;;08-Jan-2022
119415;Baroda BNP Paribas LIQUID FUND - DIRECT PLAN - GROWTH OPTION;INF955L01AL0;;2432.6950;;;08-Jan-2022
119416;Baroda BNP Paribas LIQUID FUND - DIRECT PLAN - WEEKLY IDCW OPTION;INF251K01SL8;;1219.0074;;;08-Jan-2022
111707;Baroda BNP Paribas LIQUID FUND - Regular Plan - DAILY IDCW OPTION;INF955L01468;INF955L01476;1001.1996;;;08-Jan-2022
111704;Baroda BNP Paribas LIQUID FUND - Regular Plan - GROWTH OPTION;INF955L01484;;2411.6820;;;08-Jan-2022
111705;Baroda BNP Paribas LIQUID FUND - Regular Plan - WEEKLY IDCW OPTION;INF251K01SK0;INF955L01500;1000.5063;;;08-Jan-2022
101408;Baroda BNP Paribas LIQUID FUND- Defunct Plan -Growth Option;INF955L01575;;3548.7808;;;08-Jan-2022
101407;Baroda BNP Paribas LIQUID FUND-Defunct Plan- IDCW Option;INF955L01559;INF955L01567;3040.4990;;;08-Jan-2022
101409;Baroda BNP Paribas LIQUID FUND-Defunct Plan-Daily IDCW Option;INF955L01518;INF955L01526;1006.0602;;;08-Jan-2022

Canara Robeco Mutual Fund
118307;CANARA ROBECO LIQUID FUND - DIRECT PLAN - DAILY IDCW (Reinvestment);;INF760K01FS0;1005.5000;;;08-Jan-2022
118305;CANARA ROBECO LIQUID FUND - DIRECT PLAN - GROWTH OPTION;INF760K01FU6;;2529.8189;;;08-Jan-2022
118304;CANARA ROBECO LIQUID FUND - DIRECT PLAN - IDCW (Payout/Reinvestment);INF760K01FT8;;1810.9265;;;08-Jan-2022
118306;CANARA ROBECO LIQUID FUND - DIRECT PLAN - MONTHLY IDCW (Payout/Reinvestment);INF760K01FV4;INF760K01FW2;1000.9593;;;08-Jan-2022
118308;CANARA ROBECO LIQUID FUND - DIRECT PLAN - WEEKLY IDCW (Payout/Reinvestment);INF760K01FY8;INF760K01FX0;1000.2785;;;08-Jan-2022
109349;CANARA ROBECO LIQUID FUND - REGULAR PLAN - DAILY IDCW (Reinvestment);;INF760K01CU3;1005.5000;;;08-Jan-2022
109353;CANARA ROBECO LIQUID FUND - REGULAR PLAN - GROWTH OPTION;INF760K01CW9;;2521.3797;;;08-Jan-2022
109351;CANARA ROBECO LIQUID FUND - REGULAR PLAN - MONTHLY IDCW (Payout/Reinvestment);INF760K01CX7;INF760K01CY5;1000.9538;;;08-Jan-2022
109350;CANARA ROBECO LIQUID FUND - REGULAR PLAN - WEEKLY IDCW (Payout/Reinvestment);INF760K01BZ4;INF760K01CZ2;1000.2771;;;08-Jan-2022
139235;Canara Robeco Liquid Fund -Unclaimed Redemption and Dividend Plan -Direct Growth Option;INF760K01IC8;;1377.2537;;;08-Jan-2022

DSP Mutual Fund
119125;DSP Liquidity Fund - Direct Plan - Growth;INF740K01QL4;;3018.4117;;;08-Jan-2022
119124;DSP Liquidity Fund - Direct Plan - IDCW - Daily;;INF740KA1OB6;1001.0261;;;08-Jan-2022
119123;DSP Liquidity Fund - Direct Plan - IDCW - Weekly;INF740KA1OC4;INF740KA1OD2;1001.0858;;;08-Jan-2022
103347;DSP Liquidity Fund - Regular Plan - Growth;INF740K01FK9;;2994.0791;;;08-Jan-2022
103348;DSP Liquidity Fund - Regular Plan - IDCW - Weekly;INF740K01FM5;INF740K01FL7;1001.0808;;;08-Jan-2022
103349;DSP Liquidity Fund- Regular Plan - IDCW - Daily;;INF740KA1OE0;1001.0236;;;08-Jan-2022

Edelweiss Mutual Fund
140194;Edelweiss Liquid Fund - Direct Plan - Bonus Option;INF754K01GY9;;1585.7591;;;08-Jan-2022
140196;Edelweiss Liquid Fund - Direct Plan - Growth Option;INF754K01GM4;;2725.6845;;;08-Jan-2022
140198;Edelweiss Liquid Fund - Direct Plan - IDCW Option;INF754K01GO0;INF754K01GN2;2725.6983;;;08-Jan-2022
140192;Edelweiss Liquid Fund - Direct Plan Annual - IDCW Option;INF754K01GX1;INF754K01GT9;2725.6762;;;08-Jan-2022
140193;Edelweiss Liquid Fund - Direct Plan daily - IDCW Option;;INF754K01GP7;1002.9603;;;08-Jan-2022
140199;Edelweiss Liquid Fund - Direct Plan Fortnightly - IDCW Option;INF754K01GV5;INF754K01GR3;2173.0641;;;08-Jan-2022
140197;Edelweiss Liquid Fund - Direct Plan Monthly - IDCW Option;INF754K01GW3;INF754K01GS1;1005.6516;;;08-Jan-2022
140195;Edelweiss Liquid Fund - Direct Plan weekly - IDCW Option;INF754K01GU7;INF754K01GQ5;2172.3414;;;08-Jan-2022
140189;Edelweiss Liquid Fund - Regular Plan - Bonus Option;INF754K01HR1;;1566.6428;;;08-Jan-2022
140182;Edelweiss Liquid Fund - Regular Plan - Growth Option;INF754K01GZ6;;2689.5446;;;08-Jan-2022
140190;Edelweiss Liquid Fund - Regular Plan - IDCW Option;INF754K01GK8;INF754K01GL6;2689.5485;;;08-Jan-2022
140188;Edelweiss Liquid Fund - Regular Plan Annual - IDCW Option;INF754K01HQ3;INF754K01HP5;1860.938;;;08-Jan-2022
140181;Edelweiss Liquid Fund - Regular Plan Daily - IDCW Option;;INF754K01HA7;1003.3974;;;08-Jan-2022
140184;Edelweiss Liquid Fund - Regular Plan Fortnightly - IDCW Option;INF754K01HK6;INF754K01HC3;2154.8606;;;08-Jan-2022
140183;Edelweiss Liquid Fund - Regular Plan Monthly - IDCW Option;INF754K01HL4;INF754K01HD1;1005.3278;;;08-Jan-2022
140185;Edelweiss Liquid Fund - Regular Plan Weekly - IDCW Option;INF754K01HJ8;INF754K01HB5;1018.3598;;;08-Jan-2022
140176;Edelweiss Liquid Fund - Retail Plan - Growth Option;INF754K01HE9;;2445.9541;;;08-Jan-2022
140178;Edelweiss Liquid Fund - Retail Plan - Weekly Dividend Option;;INF754K01HG4;1230.7622;;;08-Jan-2022
140177;Edelweiss Liquid Fund - Retail Plan Daily - IDCW Option;;INF754K01HF6;1003.1709;;;08-Jan-2022
140180;Edelweiss Liquid Fund - Retail Plan Monthly - IDCW Option;;INF754K01HI0;1244.9866;;;08-Jan-2022

Franklin Templeton Mutual Fund
100538;Franklin India Liquid Fund - Regular Plan - Growth;INF090I01BB1;;4855.8565;;;08-Jan-2022
118577;Franklin India Liquid Fund - Super Institutional - Direct - Growth;INF090I01JV2;;3173.1380;;;08-Jan-2022
100546;Franklin India Liquid Fund - Super Institutional Plan - Growth;INF090I01BG0;;3154.9546;;;08-Jan-2022

Groww Mutual Fund
119135;Groww Liquid Fund ( formerly known as Indiabulls Liquid )Fund - Direct Plan - Growth Option;INF666M01451;;2053.9231;;;08-Jan-2022
119136;Groww Liquid Fund (formerly known as Indiabulls Liquid Fund) - Direct Plan- - Income Distribution cum capital withdrawal Option ( Reinvestment);;INF666M01469;1001.06;;;08-Jan-2022
115991;Groww Liquid Fund (formerly known as Indiabulls Liquid Fund) - Regular Plan - Growth Option;INF666M01014;;2036.0755;;;08-Jan-2022
119138;Groww Liquid Fund (formerly known as Indiabulls Liquid Fund)- Direct Plan- Fortnightly - Income Distribution cum capital withdrawal Option (Payout & Reinvestment);INF666M01501;INF666M01485;1001.6936;;;08-Jan-2022
119139;Groww Liquid Fund (formerly known as Indiabulls Liquid Fund)- Direct Plan- Monthly - Income Distribution cum capital withdrawal Option (Payout & Reinvestment);INF666M01519;INF666M01493;1029.8182;;;08-Jan-2022
119137;Groww Liquid Fund (formerly known as Indiabulls Liquid Fund)- Direct Plan- Weekly - Income Distribution cum capital withdrawal Option (Payout & Reinvestment);INF666M01527;INF666M01477;1000.9805;;;08-Jan-2022
115992;Groww Liquid Fund (formerly known as Indiabulls Liquid Fund)- Regular Plan- - Income Distribution cum capital withdrawal Option (Reinvestment);;INF666M01022;1001.1451;;;08-Jan-2022
115995;Groww Liquid Fund (formerly known as Indiabulls Liquid Fund)- Regular Plan- Monthly - Income Distribution cum capital withdrawal Option (Payout & Reinvestment);INF666M01071;INF666M01055;1001.2985;;;08-Jan-2022
115993;Groww Liquid Fund (formerly known as Indiabulls Liquid Fund)- Regular Plan- Weekly - Income Distribution cum capital withdrawal Option (Payout & Reinvestment);INF666M01089;INF666M01030;1002.0379;;;08-Jan-2022
115994;Groww Liquid Fund (formerly known as Indiabulls Liquid) Fund- Regular Plan- Fortnightly - Income Distribution cum capital withdrawal Option (Payout & Reinvestment);INF666M01063;INF666M01048;1001.6003;;;08-Jan-2022

HDFC Mutual Fund
119091;HDFC Liquid Fund - Growth Option - Direct Plan;INF179KB1HP9;;4151.1026;;;08-Jan-2022
100868;HDFC Liquid Fund - Growth Plan;INF179KB1HK0;;4119.3477;;;08-Jan-2022

ICICI Prudential Mutual Fund
120197;ICICI Prudential Liquid Fund - Direct Plan - Growth;INF109K01Q49;;312.7196;;;08-Jan-2022
103340;ICICI Prudential Liquid Fund - Growth;INF109K01VQ1;;310.6928;;;08-Jan-2022

IDBI Mutual Fund
126163;IDBI Liquid Fund Bonus Direct;INF397L01FP5;;1702.5709;;;08-Jan-2022
118345;IDBI Liquid Fund Growth Direct;INF397L01AH3;;2272.4251;;;08-Jan-2022
113104;IDBI Liquid Fund- Monthly IDCW;INF397L01976;INF397L01968;1004.8682;;;08-Jan-2022
118449;IDBI Liquid Fund- Monthly IDCW Direct;INF397L01AK7;INF397L01AJ9;1003.3206;;;08-Jan-2022
113102;IDBI Liquid Fund-Daily IDCW;;INF397L01935;1005.2683;;;08-Jan-2022
118450;IDBI Liquid Fund-Daily IDCW Direct;;INF397L01AI1;1002.3548;;;08-Jan-2022
113096;IDBI Liquid Fund-Growth;INF397L01984;;2254.2574;;;08-Jan-2022
113103;IDBI Liquid Fund-Weekly IDCW;INF397L01950;INF397L01943;1023.6393;;;08-Jan-2022
118451;IDBI Liquid Fund-Weekly IDCW Direct;INF397L01AM3;INF397L01AL5;1004.3641;;;08-Jan-2022

Invesco Mutual Fund
122786;Invesco India Liquid Fund - Bonus Option;INF205K01UX5;;2884.2505;;;08-Jan-2022
104484;Invesco India Liquid Fund - Daily IDCW (Reinvestment);;INF205K01HN3;1002.7594;;;08-Jan-2022
120537;Invesco India Liquid Fund - Direct Plan - Growth;INF205K01MF9;;2899.7172;;;08-Jan-2022
120536;Invesco India Liquid Fund - Direct Plan - Monthly IDCW (Payout / Reinvestment);INF205K01MG7;INF205K01MH5;1051.2038;;;08-Jan-2022
120535;Invesco India Liquid Fund - Direct Plan - Weekly IDCW (Reinvestment);INF205KA1BE5;INF205K01MI3;1003.0443;;;08-Jan-2022
120534;Invesco India Liquid Fund - Direct Plan- Daily IDCW (Reinvestment);;INF205K01ME2;1000.9596;;;08-Jan-2022
104486;Invesco India Liquid Fund - Growth;INF205K01HM5;;2881.9069;;;08-Jan-2022
104492;Invesco India Liquid Fund - Monthly IDCW (Payout / Reinvestment);INF205K01HQ6;INF205K01HP8;1003.8368;;;08-Jan-2022
104488;Invesco India Liquid Fund - Regular - Growth;INF205K01HG7;;2599.41;;;08-Jan-2022
104489;Invesco India Liquid Fund - Regular - Weekly IDCW (Reinvestment);;INF205K01HH5;1002.3024;;;08-Jan-2022
139390;Invesco India Liquid Fund - Unclaimed Dividend Plan - Above 3 Years;;;1000;;;08-Jan-2022
139389;Invesco India Liquid Fund - Unclaimed Dividend Plan - Below 3 Years;;;1374.2579;;;08-Jan-2022
139388;Invesco India Liquid Fund - Unclaimed Redemption Plan - Above 3 Years;;;1000;;;08-Jan-2022
139387;Invesco India Liquid Fund - Unclaimed Redemption Plan - Below 3 years;;;1374.1578;;;08-Jan-2022
104485;Invesco India Liquid Fund - Weekly IDCW (Reinvestment);INF205KA1BD7;INF205K01HO1;1003.6422;;;08-Jan-2022

ITI Mutual Fund
147161;ITI Liquid Fund - Direct Plan - Annually IDCW Option;INF00XX01366;INF00XX01333;1107.0251;;;08-Jan-2022
147158;ITI Liquid Fund - Direct Plan - Daily IDCW Option;;INF00XX01291;1001.3233;;;08-Jan-2022
147157;ITI Liquid Fund - Direct Plan - Growth Option;INF00XX01283;;1106.4964;;;08-Jan-2022
147163;ITI Liquid Fund - Direct Plan - Monthly IDCW Option;INF00XX01358;INF00XX01325;1002.0097;;;08-Jan-2022
147159;ITI Liquid Fund - Direct Plan - Weekly IDCW Option;;INF00XX01309;1001.4160;;;08-Jan-2022
147162;ITI Liquid Fund - Regular Plan - Annually IDCW Option;INF00XX01275;INF00XX01242;1105.3076;;;08-Jan-2022
147154;ITI Liquid Fund - Regular Plan - Daily IDCW Option;;INF00XX01200;1001.0000;;;08-Jan-2022
147155;ITI Liquid Fund - Regular Plan - Fortnightly Income Distribution cum capital withdrawal option Option;INF00XX01259;INF00XX01226;1027.2181;;;08-Jan-2022
147153;ITI Liquid Fund - Regular Plan - Growth Option;INF00XX01192;;1103.1982;;;08-Jan-2022
147156;ITI Liquid Fund - Regular Plan - Monthly IDCW Option;INF00XX01267;INF00XX01234;1001.9784;;;08-Jan-2022
147164;ITI Liquid Fund - Regular Plan - Weekly IDCW Option;;INF00XX01218;1001.3763;;;08-Jan-2022

L&T Mutual Fund
122235;L&T Liquid Fund - Direct Plan - Weekly IDCW;;INF917K01HE2;1001.435;;;08-Jan-2022
119791;L&T Liquid Fund - Direct Plan -Daily IDCW;INF917K01HG7;;1014.4458;;;08-Jan-2022
119790;L&T Liquid Fund - Direct Plan -Growth;INF917K01HF9;;2891.7233;;;08-Jan-2022
112458;L&T Liquid Fund - Regular Plan - Weekly IDCW;INF917K01BK2;INF917K01JG3;1003.1974;;;08-Jan-2022
112445;L&T Liquid Fund -Regular Plan - Daily IDCW;INF917K01JB4;;1011.8736;;;08-Jan-2022
112457;L&T Liquid Fund -Regular Plan - Growth;INF917K01JH1;;2877.4436;;;08-Jan-2022

LIC Mutual Fund
120248;LIC MF Liquid Fund-Direct Plan-Daily IDCW;INF767K01DL5;INF767K01DM3;1013.6;;;08-Jan-2022
120249;LIC MF Liquid Fund-Direct Plan-Growth;INF767K01DN1;;3835.5998;;;08-Jan-2022
101184;LIC MF Liquid Fund-Regular Plan-Daily IDCW;INF767K01IQ3;INF767K01IR1;1000.1;;;08-Jan-2022
101185;LIC MF Liquid Fund-Regular Plan-Growth;INF767K01IS9;;3796.5661;;;08-Jan-2022

Mahindra Manulife Mutual Fund
139535;Mahindra Manulife Liquid Fund - Direct Plan - Daily IDCW;;INF174V01051;1003.3748;;;08-Jan-2022
139536;Mahindra Manulife Liquid Fund - Direct Plan - Weekly IDCW;;INF174V01069;1003.2567;;;08-Jan-2022
139538;Mahindra Manulife Liquid Fund - Direct Plan -Growth;INF174V01044;;1372.6367;;;08-Jan-2022
139534;Mahindra Manulife Liquid Fund - Regular Plan - Daily IDCW;;INF174V01028;1000.6536;;;08-Jan-2022
139537;Mahindra Manulife Liquid Fund - Regular Plan - Growth;INF174V01010;;1363.3142;;;08-Jan-2022
139541;Mahindra Manulife Liquid Fund - Regular Plan - Weekly IDCW;;INF174V01036;1009.6694;;;08-Jan-2022

Nippon India Mutual Fund
100852;NIPPON INDIA LIQUID FUND - DAILY IDCW OPTION;;INF204K01UM1;1528.8768;;;08-Jan-2022
118695;NIPPON INDIA LIQUID FUND - DIRECT Plan - DAILY IDCW OPTION;;INF204K01ZG2;1528.8823;;;08-Jan-2022
118696;NIPPON INDIA LIQUID FUND - DIRECT Plan - MONTHLY IDCW OPTION;INF204K01ZI8;INF204K01ZJ6;1589.1407;;;08-Jan-2022
118698;NIPPON INDIA LIQUID FUND - DIRECT Plan - QUARTERLY IDCW OPTION;INF204K01ZK4;INF204K01ZL2;1005.7232;;;08-Jan-2022
118700;NIPPON INDIA LIQUID FUND - DIRECT Plan - WEEKLY IDCW OPTION;INF204KC1FN6;INF204K01ZM0;1530.4427;;;08-Jan-2022
118701;Nippon India Liquid Fund - Direct Plan Growth Plan - Growth Option;INF204K01ZH0;;5165.3284;;;08-Jan-2022
100855;NIPPON INDIA LIQUID FUND - MONTHLY IDCW OPTION;INF204K01UO7;INF204K01UP4;1585.7623;;;08-Jan-2022
112340;NIPPON INDIA LIQUID FUND - QUARTERLY IDCW OPTION;INF204K01UQ2;INF204K01UR0;1003.9238;;;08-Jan-2022
100837;Nippon India Liquid Fund - Retail Option - Growth Plan;INF204K01UL3;;4631.2686;;;08-Jan-2022
100842;NIPPON INDIA LIQUID FUND - RETAIL Plan - DAILY IDCW OPTION;;INF204K01UJ7;1524.3901;;;08-Jan-2022
100843;NIPPON INDIA LIQUID FUND - RETAIL plan - MONTHLY IDCW OPTION;INF204K01UT6;INF204K01UU4;1327.8092;;;08-Jan-2022
100844;NIPPON INDIA LIQUID FUND - RETAIL Plan - QUARTERLY IDCW OPTION;INF204K01UV2;INF204K01UW0;1215.3290;;;08-Jan-2022
100838;NIPPON INDIA LIQUID FUND - RETAIL Plan - WEEKLY IDCW OPTION;;INF204K01UK5;1034.2427;;;08-Jan-2022
100853;NIPPON INDIA LIQUID FUND - WEEKLY IDCW OPTION;INF204KC1FM8;INF204K01US8;1530.4389;;;08-Jan-2022
100851;Nippon India Liquid Fund -Growth Plan;INF204K01UN9;;5123.6934;;;08-Jan-2022

PGIM India Mutual Fund
138286;PGIM India Liquid Fund - Bonus Option;INF223J01BQ4;;186.6903;;;08-Jan-2022
138285;PGIM India Liquid Fund - Daily Dividend;;INF223J01BO9;100.304;;;08-Jan-2022
138297;PGIM India Liquid Fund - Direct Plan - Daily Dividend;INF223J01NR7;;106.8458;;;08-Jan-2022
138299;PGIM India Liquid Fund - Direct Plan - Growth;INF223J01NS5;;275.1441;;;08-Jan-2022
138298;PGIM India Liquid Fund - Direct Plan - Monthly Dividend;INF223J01NT3;INF223J01NU1;107.8331;;;08-Jan-2022
138301;PGIM India Liquid Fund - Direct Plan - Weekly Dividend;INF223J01NV9;INF223J01NW7;100.514;;;08-Jan-2022
138288;PGIM India Liquid Fund - Growth;INF223J01BP6;;273.0737;;;08-Jan-2022
138287;PGIM India Liquid Fund - Monthly Dividend;INF223J01BL5;;108.598;;;08-Jan-2022
138289;PGIM India Liquid Fund - Weekly Dividend;INF223J01BU6;;100.5137;;;08-Jan-2022

Quantum Mutual Fund
103736;Quantum Liquid Fund - Direct Plan Daily IDCW;;INF082J01135;10.0136;;;08-Jan-2022
103734;Quantum Liquid Fund - Direct Plan Growth Option;INF082J01127;;28.4831;;;08-Jan-2022
103735;Quantum Liquid Fund - Direct Plan Monthly IDCW;INF082J01143;INF082J01200;10.0195;;;08-Jan-2022
141065;Quantum Liquid Fund - Regular Plan Daily IDCW;;INF082J01317;10.0010;;;08-Jan-2022
141066;Quantum Liquid Fund - Regular Plan Growth Option;INF082J01309;;28.3826;;;08-Jan-2022
141067;Quantum Liquid Fund - Regular Plan Monthly IDCW;INF082J01325;INF082J01333;10.0165;;;08-Jan-2022

SBI Mutual Fund
119804;SBI Liquid Fund - Direct Paln - Fortnightly Income Distribution cum Capital Withdrawal Option (IDCW);INF200K01UR8;INF200K01US6;1079.7627;;;08-Jan-2022
119805;SBI Liquid Fund - Direct Plan - Daily Income Distribution cum Capital Withdrawal Option (IDCW);;INF200K01UQ0;1066.9989;;;08-Jan-2022
119799;SBI Liquid Fund - Direct Plan - Weekly Income Distribution cum Capital Withdrawal Option (IDCW);INF200K01UU2;INF200K01UV0;1129.3255;;;08-Jan-2022
119800;SBI Liquid Fund - DIRECT PLAN -Growth;INF200K01UT4;;3306.5771;;;08-Jan-2022
105274;SBI Liquid Fund - Institutional - Growth;INF200K01LU1;;3316.2002;;;08-Jan-2022
105275;SBI Liquid Fund - Institutional Daily Income Distribution cum Capital Withdrawal Option (IDCW);;INF200K01LR7;1065.3658;;;08-Jan-2022
105279;SBI Liquid Fund - Institutional Fortnightly Income Distribution cum Capital Withdrawal Option (IDCW);INF200K01LS5;INF200K01LT3;1090.1394;;;08-Jan-2022
105281;SBI Liquid Fund - Regular Plan - Daily Income Distribution cum Capital Withdrawal Option (IDCW);;INF200K01LX5;1065.3620;;;08-Jan-2022
105283;SBI Liquid Fund - Regular Plan - Fortnightly Income Distribution cum Capital Withdrawal Option (IDCW);INF200K01LY3;INF200K01LZ0;1078.1212;;;08-Jan-2022
105282;SBI Liquid Fund - Regular Plan - Weekly Income Distribution cum Capital Withdrawal Option (IDCW);INF200K01MB9;INF200K01MC7;1127.5890;;;08-Jan-2022
105280;SBI Liquid Fund - REGULAR PLAN -Growth;INF200K01MA1;;3285.1514;;;08-Jan-2022

Sundaram Mutual Fund
149744;Sundaram  Liquid Fund (Formerly Known as Principal Cash Management Fund) Direct IDCW;;INF903JA1JK3;1024.9067;;;08-Jan-2022
149742;Sundaram Liquid Fund (Formerly Known as  Principal Cash Management Fund) Regular Plan Principal Units;;INF903JA1JI7;1024.8267;;;08-Jan-2022
149663;Sundaram Liquid Fund (Formerly Known as Principal Cash Management Fund )- Direct Plan - Income Distribution CUM Capital Withdrawal Option - Daily;;INF173K01GT2;1000.7196;;;08-Jan-2022
149658;Sundaram Liquid Fund (Formerly Known as Principal Cash Management Fund) - Daily Income Distribution CUM Capital Withdrawal;;INF173K01DB7;1000.9689;;;08-Jan-2022
149664;Sundaram Liquid Fund (Formerly Known as Principal Cash Management Fund) - Direct Plan - Growth Option;INF173K01GU0;;1863.7560;;;08-Jan-2022
149660;Sundaram Liquid Fund (Formerly Known as Principal Cash Management Fund) - Regular Plan IDCW;INF173K01DD3;INF173K01DE1;1024.8296;;;08-Jan-2022
149662;Sundaram Liquid Fund (Formerly Known as Principal Cash Management Fund) -Direct Plan - IDCW;INF173K01GV8;INF173K01GW6;1024.9032;;;08-Jan-2022
149661;Sundaram Liquid Fund (Formerly Known as Principal Cash Management Fund) -Growth Option;INF173K01DA9;;1851.4323;;;08-Jan-2022
149738;Sundaram Liquid Fund (Formerly Known as Principal Cash Management Fund) Direct Fortnightly IDCW;;INF903JA1JJ5;1024.9037;;;08-Jan-2022
149737;Sundaram Liquid Fund (Formerly Known as Principal Cash Management Fund) Direct Principal Units;;INF903JA1JH9;1024.9030;;;08-Jan-2022
149739;Sundaram Liquid Fund (Formerly Known as Principal Cash Management Fund) Regular Fortnightly IDCW;;INF903JA1JF3;1024.8303;;;08-Jan-2022
149740;Sundaram Liquid Fund (Formerly Known as Principal Cash Management Fund) Regular IDCW;;INF903JA1JG1;1024.8272;;;08-Jan-2022
149741;Sundaram Liquid Fund (Formerly Known as Principal Cash Management Fund) Unclaimed IDCW Less than 3 Years;;;1000.8071;;;08-Jan-2022
149743;Sundaram Liquid Fund (Formerly Known as Principal Cash Management Fund) Unclaimed IDCW More than 3 Years;;;1000.0000;;;08-Jan-2022
149746;Sundaram Liquid Fund (Formerly Known as Principal Cash Management Fund) Unclaimed Redemption less than 3 Years;;;1000.8049;;;08-Jan-2022
149745;Sundaram Liquid Fund (Formerly Known as Principal Cash Management Fund) Unclaimed Redemption More 3 Years;;;1000.0000;;;08-Jan-2022
149659;Sundaram Liquid Fund (Formerly Principal Cash Management Fund) - Weekly Income Distribution CUM Capital Withdrawal Option;;INF173K01DC5;1006.5862;;;08-Jan-2022
149665;Sundaram Liquid Fund(Formerly Known as Principal Cash Management Fund)- Direct Plan - Income Distribution CUM Capital Withdrawal Option - Weekly;;INF173K01GY2;1007.6321;;;08-Jan-2022

Tata Mutual Fund
102672;Tata Liquid Fund -Regular Plan - Growth Option;INF277K01YD8;;3306.6367;;;08-Jan-2022
119862;Tata Liquid Fund- Direct Plan - Daily Reinvestment of IDCW Option;;INF277K012D2;1001.5187;;;08-Jan-2022
119861;Tata Liquid Fund- Direct Plan-Growth Option;INF277K01YE6;;3332.9999;;;08-Jan-2022
101714;Tata Liquid Fund- Regular Plan - Daily Reinvestment of IDCW Option;;INF277K011D4;1001.5157;;;08-Jan-2022

Union Mutual Fund
115401;Union Liquid Fund - Daily IDCW Option;;INF582M01021;1000.7927;;;08-Jan-2022
119301;Union Liquid Fund - Direct Plan - Daily IDCW Option;;INF582M01682;1000.7927;;;08-Jan-2022
119305;Union Liquid Fund - Direct Plan - Fortnightly IDCW Option;INF582M01724;INF582M01708;1001.7883;;;08-Jan-2022
119303;Union Liquid Fund - Direct Plan - Growth Option;INF582M01674;;2034.2715;;;08-Jan-2022
119302;Union Liquid Fund - Direct Plan - Monthly IDCW Option;INF582M01732;INF582M01716;1001.7884;;;08-Jan-2022
119304;Union Liquid Fund - Direct Plan - Weekly IDCW Option;;INF582M01690;1001.1543;;;08-Jan-2022
115399;Union Liquid Fund - Fortnightly IDCW Option;INF582M01062;INF582M01047;1001.7664;;;08-Jan-2022
115398;Union Liquid Fund - Growth Option;INF582M01013;;2016.5013;;;08-Jan-2022
115400;Union Liquid Fund - Monthly IDCW Option;INF582M01070;INF582M01054;1001.7598;;;08-Jan-2022
115402;Union Liquid Fund - Weekly IDCW Option;;INF582M01039;1001.3454;;;08-Jan-2022

UTI Mutual Fund
134427;UTI Liquid Fund - Direct Plan - Annual IDCW;INF789FA1K63;INF789FA1K71;1521.5964;;;08-Jan-2022
120558;UTI Liquid Fund - Direct Plan - Daily IDCW (Reinvestment);;INF789F01XP8;1034.4653;;;08-Jan-2022
141768;UTI Liquid Fund - Direct Plan - Flexi IDCW;INF789FA1K89;INF789FA1K97;1253.2552;;;08-Jan-2022
140913;UTI Liquid Fund - Direct Plan - Fortnightly IDCW;INF789FA1K06;INF789FA1K14;1156.3494;;;08-Jan-2022
140504;UTI Liquid Fund - Direct Plan - Half-Yearly IDCW;INF789FA1K48;INF789FA1K55;1188.5679;;;08-Jan-2022
120794;UTI Liquid Fund - Direct Plan - Monthly IDCW;INF789F01XR4;INF789F01XS2;1030.5551;;;08-Jan-2022
140024;UTI Liquid Fund - Direct Plan - Quarterly IDCW;INF789FA1K22;INF789FA1K30;1437.0435;;;08-Jan-2022
120777;UTI Liquid Fund - Direct Plan - Weekly IDCW;;INF789F01XT0;1074.3919;;;08-Jan-2022
133973;UTI Liquid Fund - Regular Plan - Annual IDCW;INF789FA1J66;INF789FA1J74;1516.6139;;;08-Jan-2022
102010;UTI Liquid Fund - Regular Plan - Daily IDCW (Reinvestment);;INF789F01PG3;1072.7119;;;08-Jan-2022
140517;UTI Liquid Fund - Regular Plan - Flexi IDCW;INF789FA1J82;INF789FA1J90;1249.9604;;;08-Jan-2022
139838;UTI Liquid Fund - Regular Plan - Fortnightly IDCW;INF789FA1J09;INF789FA1J17;1155.4937;;;08-Jan-2022
144475;UTI Liquid Fund - Regular Plan - Half-Yearly IDCW;INF789FA1J41;INF789FA1J58;1055.8698;;;08-Jan-2022
102011;UTI Liquid Fund - Regular Plan - Monthly IDCW;INF789F01PI9;INF789F01PJ7;1031.202;;;08-Jan-2022
135721;UTI Liquid Fund - Regular Plan - Quarterly IDCW;INF789FA1J25;INF789FA1J33;1432.0176;;;08-Jan-2022
102013;UTI Liquid Fund - Regular Plan - Weekly IDCW;;INF789F01PK5;1053.1657;;;08-Jan-2022
120304;UTI-  Liquid Cash Plan - Direct Plan - Growth Option;INF789F01XQ6;;3459.8466;;;08-Jan-2022
102012;UTI-  Liquid Cash Plan - Regular Plan - Growth Option;INF789F01PH1;;3439.4937;;;08-Jan-2022
102008;UTI-  Liquid Cash Plan- Discontinued - Regular Plan - Monthly Dividend Option;INF789F01BC2;INF789F01BA6;1101.8339;;;08-Jan-2022
102009;UTI-  Liquid Cash Plan- Discontinued - Regular Plan -Growth;INF789F01BB4;;3167.318;;;08-Jan-2022
102007;UTI-  Liquid Cash Plan- Discontinued -Regular Plan Periodic Dividend Option;;INF789F01AZ5;1132.1265;;;08-Jan-2022

Close Ended Schemes ( Income )


SBI Mutual Fund
146547;SBI Capital Protection Oriented Fund - Series A (Plan 1) - Direct Plan - Growth;INF200KA1ZR1;;12.8173;;;08-Jan-2022
146546;SBI Capital Protection Oriented Fund - Series A (Plan 1) - Regular Plan - Growth;INF200KA1ZQ3;;12.6408;;;08-Jan-2022
146704;SBI Capital Protection Oriented Fund - Series A (Plan 2) - Direct Plan - Growth;INF200KA1B96;;12.7896;;;08-Jan-2022
146705;SBI Capital Protection Oriented Fund - Series A (Plan 2) - Regular Plan - Growth;INF200KA1B88;;12.5798;;;08-Jan-2022
147242;SBI Capital Protection Oriented Fund - Series A (Plan 3) - Direct Plan - Growth;INF200KA1E51;;12.8262;;;08-Jan-2022
147240;SBI Capital Protection Oriented Fund - Series A (Plan 3) - Regular Plan - Growth;INF200KA1E44;;12.6417;;;08-Jan-2022
147359;SBI Capital Protection Oriented Fund - Series A (Plan 4) - Direct Plan - Growth;INF200KA1G34;;12.7699;;;08-Jan-2022
147360;SBI Capital Protection Oriented Fund - Series A (Plan 4) - Regular Plan - Growth;INF200KA1G26;;12.5949;;;08-Jan-2022
147631;SBI Capital Protection Oriented Fund - Series A (Plan 5) - Direct Plan - Growth;INF200KA1K12;;12.5710;;;08-Jan-2022
147632;SBI Capital Protection Oriented Fund - Series A (Plan 5) - Regular Plan - Growth;INF200KA1K04;;12.3970;;;08-Jan-2022
147644;SBI Capital Protection Oriented Fund - Series A (Plan 6) - Direct Plan - Growth;INF200KA1K87;;12.3951;;;08-Jan-2022
147643;SBI Capital Protection Oriented Fund - Series A (Plan 6) - Regular Plan - Growth;INF200KA1K79;;12.2208;;;08-Jan-2022
147942;SBI Capital Protection Oriented Fund - Series A (Plan 7) - Direct Plan - Growth;INF200KA1O67;;11.9309;;;08-Jan-2022
147941;SBI Capital Protection Oriented Fund - Series A (Plan 7) - Regular Plan - Growth;INF200KA1O59;;11.7666;;;08-Jan-2022
148172;SBI Capital Protection Oriented Fund - Series A (Plan 8) - Direct Plan - Growth;INF200KA1P25;;12.2009;;;08-Jan-2022
148171;SBI Capital Protection Oriented Fund - Series A (Plan 8) - Regular Plan - Growth;INF200KA1P17;;12.0432;;;08-Jan-2022
145373;SBI Debt Fund Series - C - 27 (391 Days) - Direct Plan - Income Distribution cum Capital Withdrawal Option (IDCW);INF200KA12G0;;13.0820;;;08-Jan-2022
145374;SBI Debt Fund Series - C - 27 (391 Days) - Regular Plan - Income Distribution cum Capital Withdrawal Option (IDCW);INF200KA10G4;;12.9611;;;08-Jan-2022
145372;SBI Debt Fund Series C - 27 - (391 Days) - Direct Plan - Growth;INF200KA11G2;;13.0820;;;08-Jan-2022
145371;SBI Debt Fund Series C - 27 - (391 Days) - Regular Plan - Growth;INF200KA19F7;;12.9612;;;08-Jan-2022
145497;SBI Debt Fund Series - C - 28 (386 Days) - Direct Plan - Income Distribution cum Capital Withdrawal Option (IDCW);INF200KA16G1;;12.9172;;;08-Jan-2022
145498;SBI Debt Fund Series - C - 28 (386 Days) - Regular Plan - Income Distribution cum Capital Withdrawal Option (IDCW);INF200KA14G6;;12.7845;;;08-Jan-2022
145499;SBI Debt Fund Series C - 28 - (386 Days) - Direct Plan - Growth;INF200KA15G3;;12.9134;;;08-Jan-2022
145500;SBI Debt Fund Series C - 28 - (386 Days) - Regular Plan - Growth;INF200KA13G8;;12.7846;;;08-Jan-2022
145645;SBI Debt Fund Series - C - 30 (385 Days) - Direct Plan - Income Distribution cum Capital Withdrawal Option (IDCW);INF200KA10H2;;12.9188;;;08-Jan-2022
145644;SBI Debt Fund Series - C - 30 (385 Days) - Regular Plan - Income Distribution cum Capital Withdrawal Option (IDCW);INF200KA18G7;;12.8095;;;08-Jan-2022
145647;SBI Debt Fund Series C - 30 - (385 Days) - Direct Plan - Growth;INF200KA19G5;;12.9188;;;08-Jan-2022
145646;SBI Debt Fund Series C - 30 - (385 Days) - Regular Plan - Growth;INF200KA17G9;;12.8095;;;08-Jan-2022
145744;SBI Debt Fund Series - C - 32 (380 Days) - Direct Plan - Income Distribution cum Capital Withdrawal Option (IDCW);INF200KA14H4;;12.8341;;;08-Jan-2022
145743;SBI Debt Fund Series - C - 32 (380 Days) - Regular Plan - Income Distribution cum Capital Withdrawal Option (IDCW);INF200KA12H8;;12.7200;;;08-Jan-2022
145746;SBI Debt Fund Series C - 32 - (380 Days) - Direct Plan - Growth;INF200KA13H6;;12.8342;;;08-Jan-2022
145745;SBI Debt Fund Series C - 32 - (380 Days) - Regular Plan - Growth;INF200KA11H0;;12.7200;;;08-Jan-2022
145858;SBI Debt Fund Series - C - 33 (1216 Days) - Direct Plan - Income Distribution cum Capital Withdrawal Option (IDCW);INF200KA1XN5;;12.7901;;;08-Jan-2022
145857;SBI Debt Fund Series - C - 33 (1216 Days) - Regular Plan - Income Distribution cum Capital Withdrawal Option (IDCW);INF200KA1XL9;;12.6779;;;08-Jan-2022
145855;SBI Debt Fund Series C - 33 (1216 Days) - Direct Plan - Growth;INF200KA1XM7;;12.7900;;;08-Jan-2022
145856;SBI Debt Fund Series C - 33 (1216 Days) - Regular Plan - Growth;INF200KA1XK1;;12.6779;;;08-Jan-2022
145948;SBI Debt Fund Series - C - 34 (1211 Days) - Direct Plan - Income Distribution cum Capital Withdrawal Option (IDCW);INF200KA1XR6;;12.7327;;;08-Jan-2022
145950;SBI Debt Fund Series - C - 34 (1211 Days) - Regular Plan - Income Distribution cum Capital Withdrawal Option (IDCW);INF200KA1XP0;;12.6178;;;08-Jan-2022
145947;SBI DEBT FUND SERIES C - 34 (1211 DAYS) - DIRECT PLAN - GROWTH;INF200KA1XQ8;;12.7327;;;08-Jan-2022
145949;SBI DEBT FUND SERIES C - 34 (1211 DAYS) - REGULAR PLAN - GROWTH;INF200KA1XO3;;12.6179;;;08-Jan-2022
145988;SBI Debt Fund Series - C - 35 (376 Days) - Direct Plan - Income Distribution cum Capital Withdrawal Option (IDCW);INF200KA18J1;;12.6950;;;08-Jan-2022
145990;SBI Debt Fund Series - C - 35 (376 Days) - Regular Plan - Income Distribution cum Capital Withdrawal Option (IDCW);INF200KA16J5;;12.6002;;;08-Jan-2022
145987;SBI Debt Fund Series C - 35 (376 Days) - Direct Plan - Growth;INF200KA17J3;;12.6950;;;08-Jan-2022
145989;SBI Debt Fund Series C - 35 (376 Days) - Regular Plan - Growth;INF200KA15J7;;12.6003;;;08-Jan-2022
146175;SBI Debt Fund Series - C - 38 (389 Days) - Direct Plan - Income Distribution cum Capital Withdrawal Option (IDCW);INF200KA16K3;;12.5757;;;08-Jan-2022
146176;SBI Debt Fund Series - C - 38 (389 Days) - Regular Plan - Income Distribution cum Capital Withdrawal Option (IDCW);INF200KA14K8;;12.4811;;;08-Jan-2022
146174;SBI Debt Fund Series C - 38 (389 Days) - Direct Plan - Growth;INF200KA15K5;;12.5737;;;08-Jan-2022
146173;SBI Debt Fund Series C - 38 (389 Days) - Regular Plan - Growth;INF200KA13K0;;12.4811;;;08-Jan-2022
146286;SBI Debt Fund Series - C - 40 (1177 Days) - Direct Plan - Income Distribution cum Capital Withdrawal Option (IDCW);INF200KA1YZ7;;12.6182;;;08-Jan-2022
146287;SBI Debt Fund Series - C - 40 (1177 Days) - Regular Plan - Income Distribution cum Capital Withdrawal Option (IDCW);INF200KA1YX2;;12.5258;;;08-Jan-2022
146288;SBI Debt Fund Series C - 40 - (1177 Days) - Regular Plan - Growth;INF200KA1YW4;;12.5259;;;08-Jan-2022
146289;SBI Debt Fund Series C - 40- (1177 Days) - Direct Plan - Growth;INF200KA1YY0;;12.6182;;;08-Jan-2022
146313;SBI Debt Fund Series - C - 41 (1178 Days) - Direct Plan - Income Distribution cum Capital Withdrawal Option (IDCW);INF200KA1ZD1;;12.6314;;;08-Jan-2022
146315;SBI Debt Fund Series - C - 41 (1178 Days) - Regular Plan - Income Distribution cum Capital Withdrawal Option (IDCW);INF200KA1ZB5;;12.5395;;;08-Jan-2022
146312;SBI Debt Fund Series C - 41 (1178 Days) - Direct Plan - Growth;INF200KA1ZC3;;12.6315;;;08-Jan-2022
146314;SBI Debt Fund Series C - 41 (1178 Days) - Regular Plan - Growth;INF200KA1ZA7;;12.5395;;;08-Jan-2022
146368;SBI Debt Fund Series - C - 43 (384 Days) - Direct Plan - Income Distribution cum Capital Withdrawal Option (IDCW);INF200KA10J8;;12.6035;;;08-Jan-2022
146366;SBI Debt Fund Series - C - 43 (384 Days) - Regular Plan - Income Distribution cum Capital Withdrawal Option (IDCW);INF200KA18I3;;12.5125;;;08-Jan-2022
146367;SBI Debt Fund Series C - 43 (384 Days) - Direct Plan - Growth;INF200KA19I1;;12.6035;;;08-Jan-2022
146369;SBI Debt Fund Series C - 43 (384 Days) - Regular Plan - Growth;INF200KA17I5;;12.5125;;;08-Jan-2022
146494;SBI Debt Fund Series - C - 44 (378 Days) - Direct Plan - Income Distribution cum Capital Withdrawal Option (IDCW);INF200KA14J0;;12.6028;;;08-Jan-2022
146496;SBI Debt Fund Series - C - 44 (378 Days) - Regular Plan - Income Distribution cum Capital Withdrawal Option (IDCW);INF200KA12J4;;12.5124;;;08-Jan-2022
146495;SBI Debt Fund Series C - 44 (378 Days) - Direct Plan - Growth;INF200KA13J2;;12.6028;;;08-Jan-2022
146493;SBI Debt Fund Series C - 44 (378 Days) - Regular Plan - Growth;INF200KA11J6;;12.5125;;;08-Jan-2022
146591;SBI Debt Fund Series - C - 46 (376 Days) - Direct Plan - Income Distribution cum Capital Withdrawal Option (IDCW);INF200KA12K2;;12.4659;;;08-Jan-2022
146593;SBI Debt Fund Series - C - 46 (376 Days) - Regular Plan - Income Distribution cum Capital Withdrawal Option (IDCW);INF200KA10K6;;12.3776;;;08-Jan-2022
146592;SBI Debt Fund Series C - 46 (376 Days) - Direct Plan- Growth;INF200KA11K4;;12.4660;;;08-Jan-2022
146590;SBI Debt Fund Series C - 46 (376 Days) - Regular Plan - Growth;INF200KA19J9;;12.3776;;;08-Jan-2022
146656;SBI Debt Fund Series C - 48 (385 Days) - Direct Plan - Growth;INF200KA19K7;;12.4952;;;08-Jan-2022
146658;SBI Debt Fund Series C - 48 (385 Days) - Direct Plan - Income Distribution cum Capital Withdrawal Option (IDCW);INF200KA10L4;;12.4953;;;08-Jan-2022
146655;SBI Debt Fund Series C - 48 (385 Days) - Regular Plan - Growth;INF200KA17K1;;12.4073;;;08-Jan-2022
146657;SBI Debt Fund Series C - 48 (385 Days) - Regular Plan - Income Distribution cum Capital Withdrawal Option (IDCW);INF200KA18K9;;12.4073;;;08-Jan-2022
146766;SBI Debt Fund Series - C - 49 (390 Days) - Direct Plan - Income Distribution cum Capital Withdrawal Option (IDCW);INF200KA14L6;;12.4174;;;08-Jan-2022
146767;SBI Debt Fund Series - C - 49 (390 Days) - Regular Plan - Income Distribution cum Capital Withdrawal Option (IDCW);INF200KA12L0;;12.3262;;;08-Jan-2022
146765;SBI Debt Fund Series C - 49 (390 Days) - Direct Plan - Growth;INF200KA13L8;;12.4174;;;08-Jan-2022
146768;SBI Debt Fund Series C - 49 (390 Days) - Regular Plan - Growth;INF200KA11L2;;12.3306;;;08-Jan-2022
146879;SBI Debt Fund Series - C - 50 (383 Days) - Direct Plan - Income Distribution cum Capital Withdrawal Option (IDCW);INF200KA18L7;;12.3667;;;08-Jan-2022
146880;SBI Debt Fund Series - C - 50 (383 Days) - Regular Plan - Income Distribution cum Capital Withdrawal Option (IDCW);INF200KA16L1;;12.2810;;;08-Jan-2022
146878;SBI Debt Fund Series C - 50 (383 Days) - Direct Plan - Growth;INF200KA17L9;;12.3668;;;08-Jan-2022
146877;SBI Debt Fund Series C - 50 (383 Days) - Regular Plan - Growth;INF200KA15L3;;12.2807;;;08-Jan-2022
146974;SBI Fixed Maturity Plan (FMP) - Series 1 (3668 Days) - Direct Plan - Growth;INF200KA1D03;;12.9689;;;08-Jan-2022
146975;SBI Fixed Maturity Plan (FMP) - Series 1 (3668 Days) - Direct Plan - Income Distribution cum Capital Withdrawal Option (IDCW);INF200KA1D11;;12.9698;;;08-Jan-2022
146976;SBI Fixed Maturity Plan (FMP) - Series 1 (3668 Days) - Regular Plan - Growth;INF200KA1C87;;12.8788;;;08-Jan-2022
146973;SBI Fixed Maturity Plan (FMP) - Series 1 (3668 Days) - Regular Plan - Income Distribution cum Capital Withdrawal Option (IDCW);INF200KA1C95;;12.8787;;;08-Jan-2022
147467;SBI Fixed Maturity Plan (FMP) - Series 10 (1178 Days) - Direct Plan - Growth;INF200KA1H09;;12.1479;;;08-Jan-2022
147464;SBI Fixed Maturity Plan (FMP) - Series 10 (1178 Days) - Direct Plan - Income Distribution cum Capital Withdrawal Option (IDCW);INF200KA1H17;;12.1479;;;08-Jan-2022
147465;SBI Fixed Maturity Plan (FMP) - Series 10 (1178 Days) - Regular Plan - Growth;INF200KA1G83;;12.0715;;;08-Jan-2022
147466;SBI Fixed Maturity Plan (FMP) - Series 10 (1178 Days) - Regular Plan - Income Distribution cum Capital Withdrawal Option (IDCW);INF200KA1G91;;12.0715;;;08-Jan-2022
147486;SBI Fixed Maturity Plan (FMP) - Series 11 (1178 Days) - Direct Plan - Growth;INF200KA1H41;;12.1083;;;08-Jan-2022
147487;SBI Fixed Maturity Plan (FMP) - Series 11 (1178 Days) - Direct Plan - Income Distribution cum Capital Withdrawal Option (IDCW);INF200KA1H58;;12.1082;;;08-Jan-2022
147484;SBI Fixed Maturity Plan (FMP) - Series 11 (1178 Days) - Regular Plan - Growth;INF200KA1H25;;12.0327;;;08-Jan-2022
147485;SBI Fixed Maturity Plan (FMP) - Series 11 (1178 Days) - Regular Plan - Income Distribution cum Capital Withdrawal Option (IDCW);INF200KA1H33;;12.0327;;;08-Jan-2022
147560;SBI Fixed Maturity Plan (FMP) - Series 14 (384 Days) - Direct Plan - Growth;INF200KA13N4;;11.9762;;;08-Jan-2022
147561;SBI Fixed Maturity Plan (FMP) - Series 14 (384 Days) - Direct Plan - Income Distribution cum Capital Withdrawal Option (IDCW);INF200KA14N2;;11.9762;;;08-Jan-2022
147559;SBI Fixed Maturity Plan (FMP) - Series 14 (384 Days) - Regular Plan - Growth;INF200KA11N8;;11.9031;;;08-Jan-2022
147562;SBI Fixed Maturity Plan (FMP) - Series 14 (384 Days) - Regular Plan - Income Distribution cum Capital Withdrawal Option (IDCW);INF200KA12N6;;11.9032;;;08-Jan-2022
147582;SBI Fixed Maturity Plan (FMP) - Series 15 (1123 Days) - Direct Plan - Growth;INF200KA1J07;;11.9655;;;08-Jan-2022
147583;SBI Fixed Maturity Plan (FMP) - Series 15 (1123 Days) - Direct Plan - Income Distribution cum Capital Withdrawal Option (IDCW);INF200KA1J15;;11.9655;;;08-Jan-2022
147580;SBI Fixed Maturity Plan (FMP) - Series 15 (1123 Days) - Regular Plan - Growth;INF200KA1I81;;11.8930;;;08-Jan-2022
147581;SBI Fixed Maturity Plan (FMP) - Series 15 (1123 Days) - Regular Plan - Income Distribution cum Capital Withdrawal Option (IDCW);INF200KA1I99;;11.8930;;;08-Jan-2022
147612;SBI Fixed Maturity Plan (FMP) - Series 16 (1116 Days) - Direct Plan - Growth;INF200KA1J49;;11.9234;;;08-Jan-2022
147613;SBI Fixed Maturity Plan (FMP) - Series 16 (1116 Days) - Direct Plan - Income Distribution cum Capital Withdrawal Option (IDCW);INF200KA1J56;;11.9234;;;08-Jan-2022
147611;SBI Fixed Maturity Plan (FMP) - Series 16 (1116 Days) - Regular Plan - Growth;INF200KA1J23;;11.8523;;;08-Jan-2022
147610;SBI Fixed Maturity Plan (FMP) - Series 16 (1116 Days) - Regular Plan - Income Distribution cum Capital Withdrawal Option (IDCW);INF200KA1J31;;11.8523;;;08-Jan-2022
147627;SBI Fixed Maturity Plan (FMP) - Series 17 (1116 Days) - Direct Plan - Growth;INF200KA1J80;;11.8740;;;08-Jan-2022
147628;SBI Fixed Maturity Plan (FMP) - Series 17 (1116 Days) - Direct Plan - Income Distribution cum Capital Withdrawal Option (IDCW);INF200KA1J98;;11.8740;;;08-Jan-2022
147629;SBI Fixed Maturity Plan (FMP) - Series 17 (1116 Days) - Regular Plan - Growth;INF200KA1J64;;11.8039;;;08-Jan-2022
147630;SBI Fixed Maturity Plan (FMP) - Series 17 (1116 Days) - Regular Plan - Income Distribution cum Capital Withdrawal Option (IDCW);INF200KA1J72;;11.8039;;;08-Jan-2022
147641;SBI Fixed Maturity Plan (FMP) - Series 18 (1108 Days) - Direct Plan - Growth;INF200KA1K53;;11.8378;;;08-Jan-2022
147642;SBI Fixed Maturity Plan (FMP) - Series 18 (1108 Days) - Direct Plan - Income Distribution cum Capital Withdrawal Option (IDCW);INF200KA1K61;;11.8378;;;08-Jan-2022
147639;SBI Fixed Maturity Plan (FMP) - Series 18 (1108 Days) - Regular Plan - Growth;INF200KA1K38;;11.7696;;;08-Jan-2022
147640;SBI Fixed Maturity Plan (FMP) - Series 18 (1108 Days) - Regular Plan - Income Distribution cum Capital Withdrawal Option (IDCW);INF200KA1K46;;11.7696;;;08-Jan-2022
147672;SBI Fixed Maturity Plan (FMP) - Series 19 (1115 Days) - Direct  Plan - Growth;INF200KA1L11;;11.7815;;;08-Jan-2022
147669;SBI Fixed Maturity Plan (FMP) - Series 19 (1115 Days) - Direct Plan - Income Distribution cum Capital Withdrawal Option (IDCW);INF200KA1L29;;11.7816;;;08-Jan-2022
147670;SBI Fixed Maturity Plan (FMP) - Series 19 (1115 Days) - Regular Plan - Growth;INF200KA1K95;;11.7154;;;08-Jan-2022
147671;SBI Fixed Maturity Plan (FMP) - Series 19 (1115 Days) - Regular Plan - Income Distribution cum Capital Withdrawal Option (IDCW);INF200KA1L03;;11.7154;;;08-Jan-2022
147104;SBI Fixed Maturity Plan (FMP) - Series 2 (1178 Days) - Direct Plan - Growth;INF200KA1D45;;12.3815;;;08-Jan-2022
147105;SBI Fixed Maturity Plan (FMP) - Series 2 (1178 Days) - Direct Plan - Income Distribution cum Capital Withdrawal Option (IDCW);INF200KA1D52;;12.3815;;;08-Jan-2022
147103;SBI Fixed Maturity Plan (FMP) - Series 2 (1178 Days) - Regular Plan - Growth;INF200KA1D29;;12.2972;;;08-Jan-2022
147106;SBI Fixed Maturity Plan (FMP) - Series 2 (1178 Days) - Regular Plan - Income Distribution cum Capital Withdrawal Option (IDCW);INF200KA1D37;;12.2972;;;08-Jan-2022
147720;SBI Fixed Maturity Plan (FMP) - Series 20 (1109 Days) - Direct Plan - Growth;INF200KA1L52;;11.7734;;;08-Jan-2022
147721;SBI Fixed Maturity Plan (FMP) - Series 20 (1109 Days) - Regular Plan - Growth;INF200KA1L37;;11.7077;;;08-Jan-2022
147722;SBI Fixed Maturity Plan (FMP) - Series 20(1109 Days) - Direct Plan - Income Distribution cum Capital Withdrawal Option (IDCW);INF200KA1L60;;11.7734;;;08-Jan-2022
147719;SBI Fixed Maturity Plan (FMP) - Series 20(1109 Days) - Regular Plan - Income Distribution cum Capital Withdrawal Option (IDCW);INF200KA1L45;;11.7077;;;08-Jan-2022
147744;SBI Fixed Maturity Plan (FMP) - Series 21 (1109 Days) - Direct Plan - Growth;INF200KA1L94;;11.7272;;;08-Jan-2022
147746;SBI Fixed Maturity Plan (FMP) - Series 21 (1109 Days) - Direct Plan - Income Distribution cum Capital Withdrawal Option (IDCW);INF200KA1M02;;11.7241;;;08-Jan-2022
147745;SBI Fixed Maturity Plan (FMP) - Series 21 (1109 Days) - Regular Plan - Growth;INF200KA1L78;;11.6625;;;08-Jan-2022
147747;SBI Fixed Maturity Plan (FMP) - Series 21 (1109 Days) - Regular Plan - Income Distribution cum Capital Withdrawal Option (IDCW);INF200KA1L86;;11.6625;;;08-Jan-2022
147754;SBI Fixed Maturity Plan (FMP) - Series 22 (1106 Days) - Direct Plan - Growth;INF200KA1M36;;11.6733;;;08-Jan-2022
147755;SBI Fixed Maturity Plan (FMP) - Series 22 (1106 Days) - Direct Plan - Income Distribution cum Capital Withdrawal Option (IDCW);INF200KA1M44;;11.6733;;;08-Jan-2022
147752;SBI Fixed Maturity Plan (FMP) - Series 22 (1106 Days) - Regular Plan - Growth;INF200KA1M10;;11.6099;;;08-Jan-2022
147753;SBI Fixed Maturity Plan (FMP) - Series 22 (1106 Days) - Regular Plan - Income Distribution cum Capital Withdrawal Option (IDCW);INF200KA1M28;;11.6099;;;08-Jan-2022
147776;SBI Fixed Maturity Plan (FMP) - Series 24 (1107 Days) - Direct Plan - Income Distribution cum Capital Withdrawal Option (IDCW);INF200KA1N27;;11.6458;;;08-Jan-2022
147775;SBI Fixed Maturity Plan (FMP) - Series 24 (1107 Days) - Regular Plan - Income Distribution cum Capital Withdrawal Option (IDCW);INF200KA1N01;;11.5838;;;08-Jan-2022
147777;SBI Fixed Maturity Plan (FMP) - Series 24 (1107) - Direct Plan - Growth;INF200KA1N19;;11.6458;;;08-Jan-2022
147774;SBI Fixed Maturity Plan (FMP) - Series 24 (1107) - Regular Plan - Growth;INF200KA1M93;;11.5838;;;08-Jan-2022
147783;SBI Fixed Maturity Plan (FMP) - Series 25 (1120 Days) - Direct Plan - Growth;INF200KA1N50;;11.5936;;;08-Jan-2022
147784;SBI Fixed Maturity Plan (FMP) - Series 25 (1120 Days) - Direct Plan - Income Distribution cum Capital Withdrawal Option (IDCW);INF200KA1N68;;11.5936;;;08-Jan-2022
147785;SBI Fixed Maturity Plan (FMP) - Series 25 (1120 Days) - Regular Plan - Growth;INF200KA1N35;;11.5323;;;08-Jan-2022
147782;SBI Fixed Maturity Plan (FMP) - Series 25 (1120 Days) - Regular Plan - Income Distribution cum Capital Withdrawal Option (IDCW);INF200KA1N43;;11.5323;;;08-Jan-2022
147792;SBI Fixed Maturity Plan (FMP) - Series 26 (1112 Days) - Direct Plan - Growth;INF200KA1N92;;11.6223;;;08-Jan-2022
147793;SBI Fixed Maturity Plan (FMP) - Series 26 (1112 Days) - Direct Plan - Income Distribution cum Capital Withdrawal Option (IDCW);INF200KA1O00;;11.6222;;;08-Jan-2022
147790;SBI Fixed Maturity Plan (FMP) - Series 26 (1112 Days) - Regular Plan - Growth;INF200KA1N76;;11.5614;;;08-Jan-2022
147791;SBI Fixed Maturity Plan (FMP) - Series 26 (1112 Days) - Regular Plan - Income Distribution cum Capital Withdrawal Option (IDCW);INF200KA1N84;;11.5614;;;08-Jan-2022
147873;SBI Fixed Maturity Plan (FMP) - Series 27 (1203 Days) - Direct Plan - Growth;INF200KA1O34;;11.6266;;;08-Jan-2022
147871;SBI Fixed Maturity Plan (FMP) - Series 27 (1203 Days) - Direct Plan - Income Distribution cum Capital Withdrawal Option (IDCW);INF200KA1O42;;11.6266;;;08-Jan-2022
147872;SBI Fixed Maturity Plan (FMP) - Series 27 (1203 Days) - Regular Plan - Growth;INF200KA1O18;;11.5685;;;08-Jan-2022
147870;SBI Fixed Maturity Plan (FMP) - Series 27 (1203 Days) - Regular Plan - Income Distribution cum Capital Withdrawal Option (IDCW);INF200KA1O26;;11.5685;;;08-Jan-2022
148056;SBI Fixed Maturity Plan (FMP) - Series 28 (1163 Days) - Direct Plan - Growth;INF200KA1O91;;11.4253;;;08-Jan-2022
148058;SBI Fixed Maturity Plan (FMP) - Series 28 (1163 Days) - Direct Plan - Income Distribution cum Capital Withdrawal Option (IDCW);INF200KA1P09;;11.4253;;;08-Jan-2022
148057;SBI Fixed Maturity Plan (FMP) - Series 28 (1163 Days) - Regular Plan - Growth;INF200KA1O75;;11.3713;;;08-Jan-2022
148055;SBI Fixed Maturity Plan (FMP) - Series 28 (1163 Days) - Regular Plan - Income Distribution cum Capital Withdrawal Option (IDCW);INF200KA1O83;;11.3713;;;08-Jan-2022
147135;SBI Fixed Maturity Plan (FMP) - Series 3 (1179 Days) - Direct Plan - Growth;INF200KA1D86;;12.4032;;;08-Jan-2022
147136;SBI Fixed Maturity Plan (FMP) - Series 3 (1179 Days) - Direct Plan - Income Distribution cum Capital Withdrawal Option (IDCW);INF200KA1D94;;12.4031;;;08-Jan-2022
147133;SBI Fixed Maturity Plan (FMP) - Series 3 (1179 Days) - Regular Plan - Growth;INF200KA1D60;;12.3193;;;08-Jan-2022
147134;SBI Fixed Maturity Plan (FMP) - Series 3 (1179 Days) - Regular Plan - Income Distribution cum Capital Withdrawal Option (IDCW);INF200KA1D78;;12.3193;;;08-Jan-2022
148193;SBI Fixed Maturity Plan (FMP) - Series 31 (1160 Days) - Direct Plan - Growth;INF200KA1P58;;11.5020;;;08-Jan-2022
148194;SBI Fixed Maturity Plan (FMP) - Series 31 (1160 Days) - Direct Plan - Income Distribution cum Capital Withdrawal Option (IDCW);INF200KA1P66;;11.5020;;;08-Jan-2022
148195;SBI Fixed Maturity Plan (FMP) - Series 31 (1160 Days) - Regular Plan - Growth;INF200KA1P33;;11.4498;;;08-Jan-2022
148192;SBI Fixed Maturity Plan (FMP) - Series 31 (1160 Days) - Regular Plan - Income Distribution cum Capital Withdrawal Option (IDCW);INF200KA1P41;;11.4498;;;08-Jan-2022
148369;SBI Fixed Maturity Plan (FMP) - Series 32 (1140 Days) - Direct Plan - Growth;INF200KA1P90;;11.1155;;;08-Jan-2022
148368;SBI Fixed Maturity Plan (FMP) - Series 32 (1140 Days) - Direct Plan - Income Distribution cum Capital Withdrawal Option (IDCW);INF200KA1Q08;;11.1155;;;08-Jan-2022
148367;SBI Fixed Maturity Plan (FMP) - Series 32 (1140 Days) - Regular Plan - Growth;INF200KA1P74;;11.0675;;;08-Jan-2022
148370;SBI Fixed Maturity Plan (FMP) - Series 32 (1140 Days) - Regular Plan - Income Distribution cum Capital Withdrawal Option (IDCW);INF200KA1P82;;11.0675;;;08-Jan-2022
148385;SBI Fixed Maturity Plan (FMP) - Series 33 (1128 Days) - Direct Plan - Growth;INF200KA1Q32;;10.9827;;;08-Jan-2022
148386;SBI Fixed Maturity Plan (FMP) - Series 33 (1128 Days) - Direct Plan - Income Distribution cum Capital Withdrawal Option (IDCW);INF200KA1Q40;;10.9823;;;08-Jan-2022
148383;SBI Fixed Maturity Plan (FMP) - Series 33 (1128 Days) - Regular Plan - Growth;INF200KA1Q16;;10.9361;;;08-Jan-2022
148384;SBI Fixed Maturity Plan (FMP) - Series 33 (1128 Days) - Regular Plan - Income Distribution cum Capital Withdrawal Option (IDCW);INF200KA1Q24;;10.9361;;;08-Jan-2022
148387;SBI Fixed Maturity Plan (FMP) - Series 34 (3682 Days) - Direct Plan - Growth;INF200KA1Q73;;10.9550;;;08-Jan-2022
148388;SBI Fixed Maturity Plan (FMP) - Series 34 (3682 Days) - Direct Plan - Income Distribution cum Capital Withdrawal Option (IDCW);INF200KA1Q81;;10.9550;;;08-Jan-2022
148389;SBI Fixed Maturity Plan (FMP) - Series 34 (3682 Days) - Regular Plan - Growth;INF200KA1Q57;;10.9090;;;08-Jan-2022
148390;SBI Fixed Maturity Plan (FMP) - Series 34 (3682 Days) - Regular Plan - Income Distribution cum Capital Withdrawal Option (IDCW);INF200KA1Q65;;10.9090;;;08-Jan-2022
148827;SBI Fixed Maturity Plan (FMP) - Series 41 (1498 Days) - Direct Plan - Growth;INF200KA1U77;;10.4957;;;08-Jan-2022
148825;SBI Fixed Maturity Plan (FMP) - Series 41 (1498 Days) - Regular Plan - Growth;INF200KA1U51;;10.4791;;;08-Jan-2022
148828;SBI Fixed Maturity Plan (FMP) - Series 41 (1498 Days) Direct Plan - Income Distribution cum Capital Withdrawal Option (IDCW);INF200KA1U85;;10.4957;;;08-Jan-2022
148826;SBI Fixed Maturity Plan (FMP) - Series 41 (1498 Days) Regular Plan - Income Distribution cum Capital Withdrawal Option (IDCW);INF200KA1U69;;10.4791;;;08-Jan-2022
149043;SBI Fixed Maturity Plan (FMP) - Series 46 (1850 Days) - Direct Plan - Growth;INF200KA1X41;;10.2987;;;08-Jan-2022
149044;SBI Fixed Maturity Plan (FMP) - Series 46 (1850 Days) - Direct Plan - Income Distribution cum Capital Withdrawal Option (IDCW);INF200KA1X58;;10.2987;;;08-Jan-2022
149045;SBI Fixed Maturity Plan (FMP) - Series 46 (1850 Days) - Regular Plan - Growth;INF200KA1X25;;10.2898;;;08-Jan-2022
149042;SBI Fixed Maturity Plan (FMP) - Series 46 (1850 Days) - Regular Plan - Income Distribution cum Capital Withdrawal Option (IDCW);INF200KA1X33;;10.2898;;;08-Jan-2022
149082;SBI Fixed Maturity Plan (FMP) Series 47 (1434 Days) - Direct Plan - Growth;INF200KA1X82;;10.2553;;;08-Jan-2022
149081;SBI Fixed Maturity Plan (FMP) Series 47 (1434 Days) - Direct Plan - Income Distribution cum Capital Withdrawal Option (IDCW);INF200KA1X90;;10.2553;;;08-Jan-2022
149083;SBI Fixed Maturity Plan (FMP) Series 47 (1434 Days) - Regular Plan - Growth;INF200KA1X66;;10.2467;;;08-Jan-2022
149084;SBI Fixed Maturity Plan (FMP) Series 47 (1434 Days) - Regular Plan - Income Distribution cum Capital Withdrawal Option (IDCW);INF200KA1X74;;10.2467;;;08-Jan-2022
149111;SBI Fixed Maturity Plan (FMP) - Series 48 (1458 Days) - Direct Plan - Growth;INF200KA1Y24;;10.2041;;;08-Jan-2022
149108;SBI Fixed Maturity Plan (FMP) - Series 48 (1458 Days) - Direct Plan - Income Distribution cum Capital Withdrawal Option (IDCW);INF200KA1Y32;;10.2041;;;08-Jan-2022
149109;SBI Fixed Maturity Plan (FMP) - Series 48 (1458 Days) - Regular Plan - Growth;INF200KA1Y08;;10.1961;;;08-Jan-2022
149110;SBI Fixed Maturity Plan (FMP) - Series 48 (1458 Days) - Regular Plan - Income Distribution cum Capital Withdrawal Option (IDCW);INF200KA1Y16;;10.1961;;;08-Jan-2022
149147;SBI Fixed Maturity Plan (FMP) - Series 49 (1823 Days) - Direct Plan - Growth;INF200KA1Z23;;10.1266;;;08-Jan-2022
149144;SBI Fixed Maturity Plan (FMP) - Series 49 (1823 Days) - Direct Plan - Income Distribution cum Capital Withdrawal Option (IDCW);INF200KA1Z31;;10.1266;;;08-Jan-2022
149145;SBI Fixed Maturity Plan (FMP) - Series 49 (1823 Days) - Regular Plan - Growth;INF200KA1Z07;;10.1197;;;08-Jan-2022
149146;SBI Fixed Maturity Plan (FMP) - Series 49 (1823 Days) - Regular Plan - Income Distribution cum Capital Withdrawal Option (IDCW);INF200KA1Z15;;10.1197;;;08-Jan-2022
149174;SBI Fixed Maturity Plan (FMP) - Series 50 (1843 Days) - Direct Plan - Growth;INF200KA1Z64;;10.0876;;;08-Jan-2022
149175;SBI Fixed Maturity Plan (FMP) - Series 50 (1843 Days) - Direct Plan - Income Distribution Capital Withdrawal Option (IDCW);INF200KA1Z72;;10.0876;;;08-Jan-2022
149172;SBI Fixed Maturity Plan (FMP) - Series 50 (1843 Days) - Regular Plan - Growth;INF200KA1Z49;;10.0811;;;08-Jan-2022
149173;SBI Fixed Maturity Plan (FMP) - Series 50 (1843 Days) - Regular Plan -Income Distribution Capital Withdrawal Option (IDCW);INF200KA1Z56;;10.0811;;;08-Jan-2022
149195;SBI Fixed Maturity Plan (FMP) - Series 51 (1846 Days) - Direct Plan - Growth;INF200KA10A7;;10.0492;;;08-Jan-2022
149194;SBI Fixed Maturity Plan (FMP) - Series 51 (1846 Days) - Direct Plan - Income Distribution Capital Withdrawal Option (IDCW);INF200KA11A5;;10.0491;;;08-Jan-2022
149197;SBI Fixed Maturity Plan (FMP) - Series 51 (1846 Days) - Regular Plan - Growth;INF200KA1Z80;;10.0438;;;08-Jan-2022
149196;SBI Fixed Maturity Plan (FMP) - Series 51 (1846 Days) - Regular Plan - Income Distribution Capital Withdrawal Option (IDCW);INF200KA1Z98;;10.0438;;;08-Jan-2022
149232;SBI Fixed Maturity Plan (FMP) - Series 52 (1848 Days) - Direct Plan - Growth;INF200KA14A9;;10.0077;;;08-Jan-2022
149234;SBI Fixed Maturity Plan (FMP) - Series 52 (1848 Days) - Direct Plan - Income Distribution Cum Withdrawal (IDCW);INF200KA15A6;;10.0077;;;08-Jan-2022
149235;SBI Fixed Maturity Plan (FMP) - Series 52 (1848 Days) - Regular Plan - Growth;INF200KA12A3;;10.0032;;;08-Jan-2022
149233;SBI Fixed Maturity Plan (FMP) - Series 52 (1848 Days) - Regular Plan - Income Distribution Cum Withdrawal (IDCW);INF200KA13A1;;10.0032;;;08-Jan-2022
149279;SBI Fixed Maturity Plan (FMP) - Series 53 (1839 Days) - Direct Plan - Growth;INF200KA18A0;;10.0078;;;08-Jan-2022
149277;SBI Fixed Maturity Plan (FMP) - Series 53 (1839 Days) - Direct Plan - Income Distribution Cum Withdrawal Option (IDCW);INF200KA19A8;;10.0078;;;08-Jan-2022
149278;SBI Fixed Maturity Plan (FMP) - Series 53 (1839 Days) - Regular Plan - Growth;INF200KA16A4;;10.0047;;;08-Jan-2022
149280;SBI Fixed Maturity Plan (FMP) - Series 53 (1839 Days) - Regular Plan - Income  Distribution Cum Withdrawal Option (IDCW);INF200KA17A2;;10.0047;;;08-Jan-2022
149307;SBI Fixed Maturity Plan (FMP) - Series 54 (1842 Days) - Direct Plan - Growth;INF200KA12B1;;9.9862;;;08-Jan-2022
149309;SBI Fixed Maturity Plan (FMP) - Series 54 (1842 Days) - Direct Plan - Income Distribution Cum Withdrawal Option (IDCW);INF200KA13B9;;9.9862;;;08-Jan-2022
149308;SBI Fixed Maturity Plan (FMP) - Series 54 (1842 Days) - Regular Plan - Growth;INF200KA10B5;;9.9837;;;08-Jan-2022
149306;SBI Fixed Maturity Plan (FMP) - Series 54 (1842 Days) - Regular Plan - Income Distribution Cum Capital Withdrawal Option (IDCW);INF200KA11B3;;9.9837;;;08-Jan-2022
149345;SBI Fixed Maturity Plan (FMP) - Series 55 (1849 Days) - Direct Plan - Growth;INF200KA16B2;;9.9702;;;08-Jan-2022
149348;SBI Fixed Maturity Plan (FMP) - Series 55 (1849 Days) - Direct Plan - Income Distribution cum Capital Withdrawal Option (IDCW);INF200KA17B0;;9.9702;;;08-Jan-2022
149347;SBI Fixed Maturity Plan (FMP) - Series 55 (1849 Days) - Regular Plan - Growth;INF200KA14B7;;9.9683;;;08-Jan-2022
149346;SBI Fixed Maturity Plan (FMP) - Series 55 (1849 Days) - Regular Plan - Income Distribution Cum Capital Withdrawal Option (IDCW);INF200KA15B4;;9.9683;;;08-Jan-2022
149420;SBI Fixed Maturity Plan (FMP) - Series 56 (1232 Days) - Direct Plan - Growth;INF200KA10C3;;9.9790;;;08-Jan-2022
149423;SBI Fixed Maturity Plan (FMP) - Series 56 (1232 Days) - Direct Plan - Income Distribution cum Capital Withdrawal Option (IDCW);INF200KA11C1;;9.9790;;;08-Jan-2022
149422;SBI Fixed Maturity Plan (FMP) - Series 56 (1232 Days) - Regular Plan - Growth;INF200KA18B8;;9.9779;;;08-Jan-2022
149421;SBI Fixed Maturity Plan (FMP) - Series 56 (1232 Days) - Regular Plan - Income Distribution cum Capital Withdrawal Option (IDCW);INF200KA19B6;;9.9779;;;08-Jan-2022
149431;SBI Fixed Maturity Plan (FMP) - Series 57 (1835 Days) - Direct Plan - Growth;INF200KA14C5;;9.9377;;;08-Jan-2022
149430;SBI Fixed Maturity Plan (FMP) - Series 57 (1835 Days) - Direct Plan - Income Distribution cum Capital Withdrawal Option (IDCW);INF200KA15C2;;9.9378;;;08-Jan-2022
149432;SBI Fixed Maturity Plan (FMP) - Series 57 (1835 Days) - Regular Plan - Growth;INF200KA12C9;;9.9366;;;08-Jan-2022
149433;SBI Fixed Maturity Plan (FMP) - Series 57 (1835 Days) - Regular Plan - Income Distribution cum Capital Withdrawal Option (IDCW);INF200KA13C7;;9.9367;;;08-Jan-2022
147248;SBI Fixed Maturity Plan (FMP) - Series 6 (3668 Days) - Direct Plan - Growth;INF200KA1F27;;12.6982;;;08-Jan-2022
147249;SBI Fixed Maturity Plan (FMP) - Series 6 (3668 Days) - Direct Plan - Income Distribution cum Capital Withdrawal Option (IDCW);INF200KA1F35;;12.6982;;;08-Jan-2022
147247;SBI Fixed Maturity Plan (FMP) - Series 6 (3668 Days) - Regular Plan - Growth;INF200KA1F01;;12.6142;;;08-Jan-2022
147250;SBI Fixed Maturity Plan (FMP) - Series 6 (3668 Days) - Regular Plan - Income Distribution cum Capital Withdrawal Option (IDCW);INF200KA1F19;;12.6155;;;08-Jan-2022
147318;SBI Fixed Maturity Plan (FMP) - Series 7 (1175 Days) - Direct Plan - Growth;INF200KA1F68;;12.2970;;;08-Jan-2022
147319;SBI Fixed Maturity Plan (FMP) - Series 7 (1175 Days) - Direct Plan - Income Distribution cum Capital Withdrawal Option (IDCW);INF200KA1F76;;12.2970;;;08-Jan-2022
147320;SBI Fixed Maturity Plan (FMP) - Series 7 (1175 Days) - Regular Plan - Growth;INF200KA1F43;;12.2164;;;08-Jan-2022
147317;SBI Fixed Maturity Plan (FMP) - Series 7 (1175 Days) - Regular Plan - Income Distribution cum Capital Withdrawal Option (IDCW);INF200KA1F50;;12.2164;;;08-Jan-2022
147333;SBI Fixed Maturity Plan (FMP) - Series 8 (1178 Days) - Direct Plan - Growth;INF200KA1G00;;12.1790;;;08-Jan-2022
147334;SBI Fixed Maturity Plan (FMP) - Series 8 (1178 Days) - Direct Plan - Income Distribution cum Capital Withdrawal Option (IDCW);INF200KA1G18;;12.1790;;;08-Jan-2022
147331;SBI Fixed Maturity Plan (FMP) - Series 8 (1178 Days) - Regular Plan - Growth;INF200KA1F84;;12.1001;;;08-Jan-2022
147332;SBI Fixed Maturity Plan (FMP) - Series 8 (1178 Days) - Regular Plan - Income Distribution cum Capital Withdrawal Option (IDCW);INF200KA1F92;;12.1001;;;08-Jan-2022
147422;SBI Fixed Maturity Plan (FMP) - Series 9 (1178 Days) - Direct Plan - Growth;INF200KA1G67;;12.1414;;;08-Jan-2022
147424;SBI Fixed Maturity Plan (FMP) - Series 9 (1178 Days) - Direct Plan - Income Distribution cum Capital Withdrawal Option (IDCW);INF200KA1G75;;12.1414;;;08-Jan-2022
147423;SBI Fixed Maturity Plan (FMP) - Series 9 (1178 Days) - Regular Plan - Growth;INF200KA1G42;;12.0639;;;08-Jan-2022
147421;SBI Fixed Maturity Plan (FMP) - Series 9 (1178 Days) - Regular Plan - Income Distribution cum Capital Withdrawal Option (IDCW);INF200KA1G59;;12.0645;;;08-Jan-2022
147764;SBI Fixed Maturity Plan (FMP) - Series 23 (1106 Days) - Direct Plan - Growth;INF200KA1M77;;11.6536;;;08-Jan-2022
147765;SBI Fixed Maturity Plan (FMP) - Series 23 (1106 Days) - Direct Plan - Income Distribution cum Capital Withdrawal Option (IDCW);INF200KA1M85;;11.6536;;;08-Jan-2022
147762;SBI Fixed Maturity Plan (FMP) - Series 23 (1106 Days) - Regular Plan - Growth;INF200KA1M51;;11.5910;;;08-Jan-2022
147763;SBI Fixed Maturity Plan (FMP) - Series 23 (1106 Days) - Regular Plan - Income Distribution cum Capital Withdrawal Option (IDCW);INF200KA1M69;;11.5910;;;08-Jan-2022
147509;SBI Fixed Maturity Plan (FMP) - Series 12 (1179 Days) - Direct Plan - Growth;INF200KA1H82;;12.0396;;;08-Jan-2022
147510;SBI Fixed Maturity Plan (FMP) - Series 12 (1179 Days) - Direct Plan - Income Distribution cum Capital Withdrawal Option (IDCW);INF200KA1H90;;12.0396;;;08-Jan-2022
147508;SBI Fixed Maturity Plan (FMP) - Series 12 (1179 Days) - Regular Plan - Growth;INF200KA1H66;;11.9650;;;08-Jan-2022
147511;SBI Fixed Maturity Plan (FMP) - Series 12 (1179 Days) - Regular Plan - Income Distribution cum Capital Withdrawal Option (IDCW);INF200KA1H74;;11.9650;;;08-Jan-2022
147520;SBI Fixed Maturity Plan (FMP) - Series 13 (1108 Days) - Direct Plan - Growth;INF200KA1I24;;12.0221;;;08-Jan-2022
147521;SBI Fixed Maturity Plan (FMP) - Series 13 (1108 Days) - Direct Plan - Income Distribution cum Capital Withdrawal Option (IDCW);INF200KA1I32;;12.0221;;;08-Jan-2022
147523;SBI Fixed Maturity Plan (FMP) - Series 13 (1108 Days) - Regular Plan - Growth;INF200KA1I08;;11.9482;;;08-Jan-2022
147522;SBI Fixed Maturity Plan (FMP) - Series 13 (1108 Days) - Regular Plan - Income Distribution cum Capital Withdrawal Option (IDCW);INF200KA1I16;;11.9482;;;08-Jan-2022
148848;SBI Fixed Maturity Plan (FMP) - Series 42 (1857 Days) Direct Plan - Income Distribution cum Capital Withdrawal Option (IDCW);INF200KA1V27;;10.4751;;;08-Jan-2022
148845;SBI Fixed Maturity Plan (FMP) - Series 42 (1857 Days) Regular Plan - Income Distribution cum Capital Withdrawal Option (IDCW);INF200KA1V01;;10.4604;;;08-Jan-2022
148846;SBI Fixed Maturity Plan (FMP) Series 42 (1857 Days) - Direct Plan - Growth;INF200KA1V19;;10.4751;;;08-Jan-2022
148847;SBI Fixed Maturity Plan (FMP) Series 42 (1857 Days) - Regular Plan - Growth;INF200KA1U93;;10.4604;;;08-Jan-2022
148941;SBI Fixed Maturity Plan (FMP) Series 43 (1616 Days) - Direct Plan - Growth;INF200KA1V50;;10.4319;;;08-Jan-2022
148942;SBI Fixed Maturity Plan (FMP) Series 43 (1616 Days) - Direct Plan - Income Distribution cum Capital Withdrawal Option (IDCW);INF200KA1V68;;10.4318;;;08-Jan-2022
148939;SBI Fixed Maturity Plan (FMP) Series 43 (1616 Days) - Regular Plan - Growth;INF200KA1V35;;10.4202;;;08-Jan-2022
148940;SBI Fixed Maturity Plan (FMP) Series 43 (1616 Days) - Regular Plan - Income Distribution cum Capital Withdrawal Option (IDCW);INF200KA1V43;;10.4202;;;08-Jan-2022
148967;SBI Fixed Maturity Plan (FMP) - Series 44 (1855 Days) - Direct Plan - Growth;INF200KA1W59;;10.3093;;;08-Jan-2022
148968;SBI Fixed Maturity Plan (FMP) - Series 44 (1855 Days) - Direct Plan - Income Distribution cum Capital Withdrawal Option (IDCW);INF200KA1W67;;10.3093;;;08-Jan-2022
148966;SBI Fixed Maturity Plan (FMP) - Series 44 (1855 Days) - Regular Plan - Growth;INF200KA1W34;;10.2993;;;08-Jan-2022
148969;SBI Fixed Maturity Plan (FMP) Series 44 (1855 Days) - Regular Plan - Income Distribution cum Capital Withdrawal Option (IDCW);INF200KA1W42;;10.2993;;;08-Jan-2022
148999;SBI Fixed Maturity Plan (FMP) Series 45 (1840 Days) - Direct Plan - Growth;INF200KA1W91;;10.2891;;;08-Jan-2022
148998;SBI Fixed Maturity Plan (FMP) Series 45 (1840 Days) - Direct Plan - Income Distribution cum Capital Withdrawal Option (IDCW);INF200KA1X09;;10.2892;;;08-Jan-2022
148996;SBI Fixed Maturity Plan (FMP) Series 45 (1840 Days) - Regular Plan - Growth;INF200KA1W75;;10.2799;;;08-Jan-2022
148997;SBI Fixed Maturity Plan (FMP) Series 45 (1840Days) - Regular Plan - Income Distribution cum Capital Withdrawal Option (IDCW);INF200KA1W83;;10.2799;;;08-Jan-2022
