Scheme Code;Scheme Name;ISIN Div Payout/ISIN Growth;ISIN Div Reinvestment;Net Asset Value;Repurchase Price;Sale Price;Date

Open Ended Schemes ( Income )


ABN  AMRO Mutual Fund
102645;ABN AMRO  Short Term Income Fund-Institutional Plan-Daily Dividend Option;;;10.0000;10.0000;10.0000;14-Jan-2007
102644;ABN AMRO  Short Term Income Fund-Institutional Plan-Growth Option;;;11.4178;11.4178;11.4178;14-Jan-2007
102646;ABN AMRO  Short Term Income Fund-Institutional Plan-Monthly Dividend Option;;;10.0286;10.0286;10.0286;14-Jan-2007
102647;ABN AMRO  Short Term Income Fund-Institutional Plan-Weekly Dividend Option;;;10.0052;10.0052;10.0052;14-Jan-2007
102649;ABN AMRO  Short Term Income Fund-Institutional Plus Plan-Daily Dividend Option;;;0.0000;0.0000;0.0000;14-Jan-2007
102648;ABN AMRO  Short Term Income Fund-Institutional Plus Plan-Growth Option;;;0.0000;0.0000;0.0000;14-Jan-2007
102650;ABN AMRO  Short Term Income Fund-Institutional Plus Plan-Monthly Dividend Option;;;0.0000;0.0000;0.0000;14-Jan-2007
102651;ABN AMRO  Short Term Income Fund-Institutional Plus Plan-Weekly Dividend Option;;;0.0000;0.0000;0.0000;14-Jan-2007
102641;ABN AMRO  Short Term Income Fund-Regular Plan-Growth Option;;;11.2995;11.2995;11.2995;14-Jan-2007
102642;ABN AMRO  Short Term Income Fund-Regular Plan-Monthly Dividend Option;;;10.0274;10.0274;10.0274;14-Jan-2007
102643;ABN AMRO  Short Term Income Fund-Regular Plan-Weekly Dividend Option;;;10.0050;10.0050;10.0050;14-Jan-2007

DBS Chola Mutual Fund
101958;DBS Chola Liquid Fund - Institutional Plus Weekly Dividend;;;11.9557;11.9557;11.9557;14-Jan-2007
103137;DBS Chola Short Term Floating Rate Fund-Cumulative;;;10.9683;10.9683;10.9683;14-Jan-2007
103134;DBS Chola Short Term Floating Rate Fund-Dividend-Daily;;;10.0164;10.0164;10.0164;14-Jan-2007
103136;DBS Chola Short Term Floating Rate Fund-Dividend-Monthly;;;10.2313;10.2313;10.2313;14-Jan-2007
103135;DBS Chola Short Term Floating Rate Fund-Dividend-Weekly;;;10.2480;10.2480;10.2480;14-Jan-2007

DSP Mutual Fund
103275;DSP Credit Risk Fund - Institutional Plan-Daily Dividend Reinvest;;;1001.0600;1001.0600;1001.0600;14-Jan-2007
103277;DSP Credit Risk Fund - Institutional Plan-Growth;INF740K01FN3;;1078.3424;1078.3424;1078.3424;14-Jan-2007
103276;DSP Credit Risk Fund - Institutional Plan-Weekly Dividend Reinvest;;;1001.4699;1001.4699;1001.4699;14-Jan-2007

Standard Chartered Mutual Fund
102342;GCF-Plan C-Daily Dividend;;;10;10;10;14-Jan-2007
102340;GCF-Plan C-Growth;;;11.6409;11.6409;11.6409;14-Jan-2007
102343;GCF-Plan C-Monthly Dividend;;;0;0;0;14-Jan-2007
102341;GCF-Plan C-weekly Dividend;;;10.0038;10.0038;10.0038;14-Jan-2007
101780;GCF Daily-Dividend(Institutional Plan);;;10.5816;10.5816;10.5816;14-Jan-2007
101760;GCF Dividend-Weekly(Institutional Plan);;;10.3032;10.3032;10.3032;14-Jan-2007
102348;GFRF-Plan C-Daily Dividend;;;10;10;10;14-Jan-2007
102347;GFRF-Plan C-Growth;;;11.6524;11.6524;11.6524;14-Jan-2007
102350;GFRF-Plan C-Monthly Divdend;;;0;0;0;14-Jan-2007
102349;GFRF-Plan C-Weekly Dividend;;;0;0;0;14-Jan-2007
101947;GFRF (Daily - Dividind);;;10.0699;10.0699;10.0699;14-Jan-2007
101948;GFRF (Dividend - Weekly);;;10.0704;10.0704;10.0704;14-Jan-2007
101773;GFRF - Growth(Institutional Plan);;;12.0796;12.0796;12.0796;14-Jan-2007
101774;GFRF Dividend-Daily (Institutional Plan);;;10.0703;10.0703;10.0703;14-Jan-2007
101776;GFRF Dividend-Monthly(Institutional Plan);;;10.0322;10.0322;10.0322;14-Jan-2007
101775;GFRF Dividend-Weekly(Institutional Plan);;;10.095;10.095;10.095;14-Jan-2007
101100;Grindlays Cash Fund-Dividend (Daily);;;10.5819;10.5819;10.5819;14-Jan-2007
101099;Grindlays Cash Fund-Growth;;;13.5921;13.5921;13.5921;14-Jan-2007
101319;Grindlays Cash Fund - Dividend (Weekly);;;10.1952;10.1952;10.1952;14-Jan-2007
101632;Grindlays Cash Fund - Plan B (D) (Institutional Plan);;;0;0;0;14-Jan-2007
101248;Grindlays Cash Fund - Plan B (G) (Institutional Plan);;;13.6618;13.6618;13.6618;14-Jan-2007

Open Ended Schemes ( Liquid )


Aditya Birla Sun Life Mutual Fund
101294;Birla Sun Life Cash Plus Sweep Plan-Dividend Option;;;10.0539;10.0539;10.0539;14-Jan-2007

DBS Chola Mutual Fund
100989;DBS Chola Liquid Fund-Cum -Institutional Plus;;;15.0104;15.0104;15.0104;14-Jan-2007
104329;DBS Chola Liquid Fund-Cum -Super Institutional;;;10.2040;10.2040;10.2040;14-Jan-2007
100978;DBS Chola Liquid Fund-Daily Dividend Reinvestment Plan;;;10.0317;10.0317;10.0317;14-Jan-2007
100975;DBS Chola Liquid Fund-Regular Cumulative;;;14.9182;14.9182;14.9182;14-Jan-2007
101307;DBS Chola Liquid Fund - Regular Weekly Dividend;;;11.9892;11.9892;11.9892;14-Jan-2007

Deutsche Mutual Fund
101718;DWS Insta Cash Plus Fund-DIVIDEND-Daily Dividend;;INF223J01BI1;10.3010;10.3010;10.3010;14-Jan-2007
101717;DWS Insta Cash Plus Fund-DIVIDEND-MONTHLY DIVIDEND;INF223J01BK7;INF223J01BL5;10.2253;10.2253;10.2253;14-Jan-2007
101716;DWS Insta Cash Plus Fund-DIVIDEND-WEEKLY DIVIDEND;INF223J01BM3;INF223J01BN1;10.2162;10.2162;10.2162;14-Jan-2007
101719;DWS Insta Cash Plus Fund-Growth-GROWTH;INF223J01BJ9;;12.3811;12.3811;12.3811;14-Jan-2007
101722;DWS Insta Cash Plus Fund-Institutional Plan-Daily Dividend;;INF223J01BA8;10.0195;10.0195;10.0195;14-Jan-2007
101720;DWS Insta Cash Plus Fund-Institutional Plan-Dividend;INF223J01BE0;INF223J01BD2;10.0964;10.0964;10.0964;14-Jan-2007
101721;DWS Insta Cash Plus Fund-Institutional Plan-Growth;INF223J01BB6;;11.5793;11.5793;11.5793;14-Jan-2007
101723;DWS Insta Cash Plus Fund-Institutional Plan-Weekly Dividend;INF223J01BF7;INF223J01BG5;10.1254;10.1254;10.1254;14-Jan-2007

Fidelity Mutual Fund
104498;Fidelity Cash Fund - Institutional Plan - Daily Dividend Option;;INF677K01AQ1;10.0000;10.0000;10.0000;14-Jan-2007
104497;Fidelity Cash Fund - Institutional Plan - Growth Option;;;10.0989;10.0989;10.0989;14-Jan-2007
104548;Fidelity Cash Fund - Institutional Plan - Monthly Dividend Option;INF677K01AS7;INF677K01AT5;10.0345;10.0345;10.0345;14-Jan-2007
104546;Fidelity Cash Fund - Institutional Plan - Weekly Dividend Option;;INF677K01AR9;10.0126;10.0126;10.0126;14-Jan-2007
104495;Fidelity Cash Fund - Retail Plan - Daily Dividend option;;INF677K01AL2;10.0000;10.0000;10.0000;14-Jan-2007
104493;Fidelity Cash Fund - Retail Plan - Growth option;;;10.0936;10.0936;10.0936;14-Jan-2007
104547;Fidelity Cash Fund - Retail Plan - Monthly Dividend Option;;;10.0324;10.0324;10.0324;14-Jan-2007
104549;Fidelity Cash Fund - Retail Plan - Weekly Dividend Option;;INF677K01AM0;10.0118;10.0118;10.0118;14-Jan-2007
104494;Fidelity Cash Fund - Super Institutional Plan - Daily Dividend Option;;INF677K01AV1;10.0000;10.0000;10.0000;14-Jan-2007
104496;Fidelity Cash Fund - Super Institutional Plan - Growth Option;INF677K01AU3;;10.1008;10.1008;10.1008;14-Jan-2007
104551;Fidelity Cash Fund - Super Institutional Plan - Monthly Dividend Option;INF677K01AX7;INF677K01AY5;10.1008;10.1008;10.1008;14-Jan-2007
104550;Fidelity Cash Fund - Super Institutional Plan - Weekly Dividend Option;;INF677K01AW9;10.1008;10.1008;10.1008;14-Jan-2007

ING Mutual Fund
100194;ING Liquid Fund-Auto Sweep Growth Option;;;10.0000;10.0000;10.0000;14-Jan-2007
100195;ING Liquid Fund-Auto Sweep Weekly Dividend Option;;;10.0000;10.0000;10.0000;14-Jan-2007
100198;ING Liquid Fund-Institutional Daily Dividend Option;INF084M01473;;10.0107;10.0107;10.0107;14-Jan-2007
100196;ING Liquid Fund-Institutional Growth Option;INF084M01465;;11.5822;11.5822;11.5822;14-Jan-2007
100197;ING Liquid Fund-Institutional Weekly Dividend Option;INF084M01499;INF084M01481;10.0670;10.0670;10.0670;14-Jan-2007
100192;ING Liquid Fund-Regular Daily Dividend Option;INF084M01432;;10.7854;10.7854;10.7854;14-Jan-2007
100190;ING Liquid Fund-Regular Growth Option;INF084M01424;;15.6233;15.6233;15.6233;14-Jan-2007
100191;ING Liquid Fund-Regular Weekly Dividend Option;INF084M01457;INF084M01440;10.8376;10.8376;10.8376;14-Jan-2007
100200;ING Liquid Fund-Super Institutional Daily Dividend Option;INF084M01515;;10.0029;10.0029;10.0029;14-Jan-2007
100199;ING Liquid Fund-Super Institutional Growth Option;INF084M01507;;10.9626;10.9626;10.9626;14-Jan-2007
100201;ING Liquid Fund-Super Institutional Weekly Dividend Option;INF084M01531;INF084M01523;10.0976;10.0976;10.0976;14-Jan-2007

JM Financial Mutual Fund
101420;JM Floater Short Term Fund - Daily Dividend Option;;INF192K01767;10.0883;10.0883;10.0883;14-Jan-2007
101421;JM Floater Short Term Fund - Growth Option;INF192K01775;;12.1591;12.1591;12.1591;14-Jan-2007

Sahara Mutual Fund
101397;Sahara Liquid Fund-Fixed Pricing -  Weekly Dividend Option;;INF515L01064;1,025.2622;1,025.2622;1,025.2622;14-Jan-2007
101393;Sahara Liquid Fund-Fixed Pricing - Daily Dividend Option;;INF515L01049;1,024.6427;1,024.6427;1,024.6427;14-Jan-2007
101394;Sahara Liquid Fund-Fixed Pricing - Growth option;INF515L01056;;1,320.3005;1,320.3005;1,320.3005;14-Jan-2007
101398;Sahara Liquid Fund-Fixed Pricing - Monthly Dividend Option;;INF515L01072;1,027.7639;1,027.7639;1,027.7639;14-Jan-2007
101399;Sahara Liquid Fund-Variable Pricing - Daily Dividend option;;INF515L01080;1,024.6546;1,024.6546;1,024.6546;14-Jan-2007
101402;Sahara Liquid Fund-Variable Pricing - Growth option;INF515L01114;;1,324.0267;1,324.0267;1,324.0267;14-Jan-2007
101400;Sahara Liquid Fund-Variable Pricing - Weekly Dividend Option;;INF515L01098;1,025.2657;1,025.2657;1,025.2657;14-Jan-2007
101401;Sahara Liquid Fund-Variable Pricing- Monthly Dividend Option;;INF515L01106;1,028.4512;1,028.4512;1,028.4512;14-Jan-2007

SBI Mutual Fund
102960;Z-OLD-SBI Magnum Inst. Income Fund -  Savings - Fortnightly(D)(Upto 22/03/07) Renamed as SBI Premier Liquid Fund;;;10.0921;10.0921;10.0921;14-Jan-2007
102870;Z-OLD-SBI Magnum Inst. Income Fund -  Savings - Wkly(D)(Upto 22/03/07) Renamed as SBI Premier Liquid Fund;;;10.5662;10.5662;10.5662;14-Jan-2007
102058;SBI Magnum Institutional Income Fund - Savings - Dividend(Upto 22/03/07) Renamed as SBI Premier Liquid Fund;;;10.0325;10.0325;10.0325;14-Jan-2007
101929;SBI Magnum Institutional Income Fund - Savings - Growth(Upto 22/03/07) Renamed as SBI Premier Liquid Fund;;;11.8664;11.8664;11.8664;14-Jan-2007

Standard Chartered Mutual Fund
103525;Standard Chartered Liquidity Manager (SCLM)-A-Dividend Daily;;;10.001;10.001;10.001;14-Jan-2007
103527;Standard Chartered Liquidity Manager (SCLM)-A-Dividend Monthly;;;10.034;10.034;10.034;14-Jan-2007
103526;Standard Chartered Liquidity Manager (SCLM)-A-Dividend Weekly;;;10.0054;10.0054;10.0054;14-Jan-2007
103524;Standard Chartered Liquidity Manager (SCLM)-A-Growth;;;10.6003;10.6003;10.6003;14-Jan-2007
103598;Standard Chartered Liquidity Manager Plus-A-Dividend Daily;;;1000.1;1000.1;1000.1;14-Jan-2007
103600;Standard Chartered Liquidity Manager Plus-A-Dividend Monthly;;;1003.4582;1003.4582;1003.4582;14-Jan-2007
103599;Standard Chartered Liquidity Manager Plus-A-Dividend Weekly;;;1000.4915;1000.4915;1000.4915;14-Jan-2007
103597;Standard Chartered Liquidity Manager Plus-A-Growth;;;1056.4687;1056.4687;1056.4687;14-Jan-2007

Open Ended Schemes ( Money Market )


Franklin Templeton Mutual Fund
100561;Templeton India Money Market Account - Bonus Plan;;;1.0000;1.0000;1.0000;14-Jan-2007
104554;Templeton India Money Market Account - Dividend Plan;;;1.0000;1.0000;1.0000;14-Jan-2007

Open Ended Schemes ( Floating Rate )


HSBC Mutual Fund
102836;HSBC Floating Rate Fund - Short Term - Inst. - Dividend - Daily;;;10.0137;10.0137;10.0137;14-Jan-2007
102838;HSBC Floating Rate Fund - Short Term - Inst. - Dividend - Monthly;;;10.0512;10.0512;10.0512;14-Jan-2007
102837;HSBC Floating Rate Fund - Short Term - Inst. - Dividend - Weekly;;;10.0381;10.0381;10.0381;14-Jan-2007
102835;HSBC Floating Rate Fund - Short Term - Inst. - Growth;;;11.3450;11.3450;11.3450;14-Jan-2007
102840;HSBC Floating Rate Fund - Short Term - Inst. Plus - Dividend - Daily;;;10.0262;10.0262;10.0262;14-Jan-2007
102842;HSBC Floating Rate Fund - Short Term - Inst. Plus - Dividend - Monthly;;;0.0000;0.0000;0.0000;14-Jan-2007
102841;HSBC Floating Rate Fund - Short Term - Inst. Plus - Dividend - Weekly;;;0.0000;0.0000;0.0000;14-Jan-2007
102839;HSBC Floating Rate Fund - Short Term - Inst. Plus - Growth;;;10.7507;10.7507;10.7507;14-Jan-2007
102833;HSBC Floating Rate Fund - Short Term - Regular - Dividend - Daily;;;10.0000;10.0000;10.0000;14-Jan-2007
102834;HSBC Floating Rate Fund - Short Term - Regular - Dividend - Weekly;;;10.0057;10.0057;10.0057;14-Jan-2007
102832;HSBC Floating Rate Fund - Short Term - Regular - Growth;;;11.2954;11.2954;11.2954;14-Jan-2007

Standard Chartered Mutual Fund
101630;Grindlays Floating Rate Fund - Growth;;;12.2315;12.2315;12.2315;14-Jan-2007
101631;Grindlays Floating Rate Fund- Dividend Monthly;;;10.0566;10.0566;10.0566;14-Jan-2007

Open Ended Schemes ( Fund of Funds - Domestic )


Fidelity Mutual Fund
103419;Fidelity MultiManager Cash Fund-Dividend Re-investment Option;;;10.0220;10.0220;10.0220;14-Jan-2007
103418;Fidelity MultiManager Cash Fund-Growth Option;;;10.6630;10.6630;10.6630;14-Jan-2007

Open Ended Schemes ( Debt Scheme - Overnight Fund )


HDFC Mutual Fund
101996;HDFC Overnight Fund - Growth Option;INF179KB1HS3;;12.7217;12.5965;12.7217;14-Jan-2007
101997;HDFC Overnight Fund - IDCW Option (Daily);;INF179KB1IF8;10.4266;10.4266;10.4266;14-Jan-2007

SBI Mutual Fund
101206;SBI OVERNIGHT FUND - REGULAR PLAN - GROWTH;INF200K01LQ9;;12.7473;12.7473;12.7473;14-Jan-2007
103140;SBI Overnight Fund - Regular Plan - Weekly Income Distribution cum Capital Withdrawal Option (IDCW);INF200K01LO4;INF200K01LP1;10.2349;10.2349;10.2349;14-Jan-2007

Open Ended Schemes ( Debt Scheme - Liquid Fund )


Aditya Birla Sun Life Mutual Fund
100049;Aditya Birla Sun Life Cash Plus-Institutional - Fortnightly Dividend;;;10.8255;10.8255;10.8255;14-Jan-2007
100052;Aditya Birla Sun Life Cash Plus-Institutional Premium - Fortnightly Dividend;;;10.0628;10.0628;10.0628;14-Jan-2007
100053;Aditya Birla Sun Life Cash Plus-Institutional Premium Plan-Monthly Dividend;;;10.0348;10.0348;10.0348;14-Jan-2007
100047;Aditya Birla Sun Life Liquid Fund - Growth;INF209K01RU9;;11.7261;11.7261;11.7261;14-Jan-2007
100046;Aditya Birla Sun Life Liquid Fund -Daily IDCW;INF209K01KQ2;INF209K01SQ5;10.0195;10.0195;10.0195;14-Jan-2007
100041;Aditya Birla Sun Life Liquid Fund -Institutional - IDCW;;INF209K01KN9;10.8023;10.8023;10.8023;14-Jan-2007
100048;Aditya Birla Sun Life Liquid Fund -Institutional - weekly  IDCW;INF209KA1LK7;INF209K01KY6;10.8113;10.8113;10.8113;14-Jan-2007
100044;Aditya Birla Sun Life Liquid Fund -Retail - IDCW;;INF209K01KP4;16.3694;16.3694;16.3694;14-Jan-2007
100051;Aditya Birla Sun Life Liquid Fund -weekly IDCW;INF209K01KU4;INF209KA1LJ9;10.0267;10.0267;10.0267;14-Jan-2007
100043;Aditya Birla Sun Life Liquid Fund-Institutional (Growth);INF209K01RT1;;19.9687;19.9687;19.9687;14-Jan-2007
100042;Aditya Birla Sun Life Liquid Fund-Retail (Growth);INF209K01ME4;;19.8325;19.8325;19.8325;14-Jan-2007

Baroda BNP Paribas Mutual Fund
101408;Baroda BNP Paribas LIQUID FUND- Defunct Plan -Growth Option;INF955L01575;;13.2005;13.2005;13.2005;14-Jan-2007
101407;Baroda BNP Paribas LIQUID FUND-Defunct Plan- IDCW Option;INF955L01559;INF955L01567;11.3208;11.3208;11.3208;14-Jan-2007
101409;Baroda BNP Paribas LIQUID FUND-Defunct Plan-Daily IDCW Option;INF955L01518;INF955L01526;10.0417;10.0417;10.0417;14-Jan-2007

Canara Robeco Mutual Fund
101363;Canara Robeco Liquid Fund- INSTITUTIONAL-Daily Dividend Reinvestment;;INF760K01CC1;10.0410;10.0410;10.0410;14-Jan-2007
101362;Canara Robeco Liquid Fund- INSTITUTIONAL-Growth;INF760K01CD9;;13.4512;13.4512;13.4512;14-Jan-2007
101361;Canara Robeco Liquid Fund- INSTITUTIONAL-Weekly dividend;;INF760K01CE7;10.0472;10.0472;10.0472;14-Jan-2007
101364;Canara Robeco Liquid Fund-Retail-DRI;;INF760K01CF4;10.0410;10.0410;10.0410;14-Jan-2007
101365;Canara Robeco Liquid Fund-Retail-Growth;INF760K01CH0;;13.4382;13.4382;13.4382;14-Jan-2007

DSP Mutual Fund
103347;DSP Liquidity Fund - Regular Plan - Growth;INF740K01FK9;;1077.4378;1077.4378;1077.4378;14-Jan-2007
103348;DSP Liquidity Fund - Regular Plan - IDCW - Weekly;INF740K01FM5;INF740K01FL7;1000.5999;1000.5999;1000.5999;14-Jan-2007
103349;DSP Liquidity Fund- Regular Plan - IDCW - Daily;;INF740KA1OE0;1000.2000;1000.2000;1000.2000;14-Jan-2007
100943;DSP BlackRock Liquidity Fund - Regular Plan - Daily Dividend;;;10.0100;10.0100;10.0100;14-Jan-2007
100940;DSP BlackRock Liquidity Fund - Regular Plan - Growth;INF740K01CN0;;18.0473;18.0473;18.0473;14-Jan-2007
100941;DSP BlackRock Liquidity Fund - Regular Plan Weekly Dividend;;;12.4048;12.4048;12.4048;14-Jan-2007

Franklin Templeton Mutual Fund
100543;Franklin India Liquid Fund - Liquid Plan - Daily IDCW;;;1000.2500;1000.2500;1000.2500;14-Jan-2007
100544;Franklin India Liquid Fund - Liquid Plan - Growth;;;1128.2777;1128.2777;1128.2777;14-Jan-2007
100542;Franklin India Liquid Fund - Liquid Plan - Weekly Dividend;;;1000.5749;1000.5749;1000.5749;14-Jan-2007
100541;Franklin India Liquid Fund - Regular Plan - Daily - IDCW;;INF090I01BA3;1512.3400;1512.3400;1512.3400;14-Jan-2007
100538;Franklin India Liquid Fund - Regular Plan - Growth;INF090I01BB1;;1833.5313;1833.5313;1833.5313;14-Jan-2007
100537;Franklin India Liquid Fund - Regular Plan - Weekly - IDCW;INF090I01BL0;INF090I01BI6;1244.3238;1244.3238;1244.3238;14-Jan-2007
100547;Franklin India Liquid Fund - Super Institutional Plan - Daily - IDCW;;INF090I01BF2;1000.2500;1000.2500;1000.2500;14-Jan-2007
100546;Franklin India Liquid Fund - Super Institutional Plan - Growth;INF090I01BG0;;1089.6650;1089.6650;1089.6650;14-Jan-2007
100548;Franklin India Liquid Fund - Super Institutional Plan - Weekly - IDCW;INF090I01BM8;INF090I01BH8;1016.1409;1016.1409;1016.1409;14-Jan-2007
102441;Franklin India Liquid Fund - Institution-Growth;INF090I01BD7;;1153.0619;1153.0619;1153.0619;14-Jan-2007
102443;Franklin India Liquid Fund - Institutional Plan - Daily - IDCW;;INF090I01BC9;1000.2500;1000.2500;1000.2500;14-Jan-2007
102442;Franklin India Liquid Fund - Institutional Plan - Weekly - IDCW;INF090I01BJ4;INF090I01BE5;1000.6024;1000.6024;1000.6024;14-Jan-2007

HDFC Mutual Fund
100868;HDFC Liquid Fund - Growth Plan;INF179KB1HK0;;14.6288;14.4989;14.6288;14-Jan-2007
100875;HDFC Liquid Fund - IDCW Daily;;INF179KB1IC5;10.1982;10.1982;10.1982;14-Jan-2007
100876;HDFC Liquid Fund - IDCW Monthly;INF179KB1HM6;INF179KB1HL8;10.3034;10.2708;10.3034;14-Jan-2007
100874;HDFC Liquid Fund - IDCW Plan Weekly;INF179KB1ID3;;10.3236;10.3182;10.3236;14-Jan-2007
100877;HDFC Liquid Fund-Premium Plan - Dividend-Daily;;INF179K01KN4;12.2598;12.2598;12.2598;14-Jan-2007
100878;HDFC Liquid Fund-Premium Plan - Dividend-Weekly;INF179K01KP9;;12.4917;12.4857;12.4917;14-Jan-2007
100881;HDFC Liquid Fund-Premium Plus Plan - Dividend-Weekly;INF179K01KS3;;12.4333;12.4274;12.4333;14-Jan-2007
100872;HDFC Liquid Fund-PREMIUM PLUS- Growth;INF179K01KQ7;;14.755;14.6221;14.755;14-Jan-2007
100873;HDFC Liquid Fund-PREMIUM- Growth;INF179KB1HN4;;14.7233;14.5908;14.7233;14-Jan-2007

HSBC Mutual Fund
101700;HSBC Cash Fund - Dividend - Daily;;INF336L01321;10.0056;10.0056;10.0056;14-Jan-2007
101702;HSBC Cash Fund - Dividend - Monthly;INF336L01305;INF336L01297;10.0426;10.0426;10.0426;14-Jan-2007
101701;HSBC Cash Fund - Dividend - Weekly;;INF336L01347;10.0101;10.0101;10.0101;14-Jan-2007
101692;HSBC Cash Fund - Inst. - Dividend - Daily;;INF336L01354;10.4401;10.4401;10.4401;14-Jan-2007
101694;HSBC Cash Fund - Inst. - Dividend - Monthly;INF336L01370;INF336L01362;10.4877;10.4877;10.4877;14-Jan-2007
101693;HSBC Cash Fund - Inst. - Dividend - Weekly;;INF336L01388;10.4537;10.4537;10.4537;14-Jan-2007
101691;HSBC Cash Fund - Inst. - Growth;INF336L01289;;12.4451;12.4451;12.4451;14-Jan-2007
101697;HSBC Cash Fund - Regular - Dividend - Daily;;INF336L01263;10.1930;10.1930;10.1930;14-Jan-2007
101698;HSBC Cash Fund - Regular - Dividend - Weekly;;INF336L01313;10.0078;10.0078;10.0078;14-Jan-2007
101696;HSBC Liquid Fund - Growth closed plan;INF336L01271;;12.4098;12.4098;12.4098;14-Jan-2007
101699;HSBC Liquid Fund Closed;INF336L01339;;11.6146;11.6146;11.6146;14-Jan-2007

ICICI Prudential Mutual Fund
100357;ICICI Prudential Liquid Fund -Quarterly IDCW;INF109K01UU5;INF109K01UT7; 10.7584 ; 10.7584 ; 10.7584 ;14-Jan-2007
100361;ICICI Prudential Liquid Fund-Dividend-Institutional Plus - Monthly;;INF109K01VL2; 11.9574 ; 11.9574 ; 11.9574 ;14-Jan-2007
100359;ICICI Prudential Liquid Institutional Plus Fund - Div - Daily;INF109K01VJ6;; 11.8515 ; 11.8515 ; 11.8515 ;14-Jan-2007
100360;ICICI Prudential Liquid Institutional Plus Fund - Div - Weekly;INF109K01VM0;; 11.8684 ; 11.8684 ; 11.8684 ;14-Jan-2007
100362;ICICI Prudential Liquid Institutional Plus Fund - Growth;INF109K01VK4;; 18.3036 ; 18.3036 ; 18.3036 ;14-Jan-2007
103343;ICICI Prudential Liquid Fund - Daily IDCW;INF109K01VP3;; 10.0000 ; 10.0000 ; 10.0000 ;14-Jan-2007
103340;ICICI Prudential Liquid Fund - Growth;INF109K01VQ1;; 10.7906 ; 10.7906 ; 10.7906 ;14-Jan-2007
104308;ICICI Prudential Liquid Fund - Half Yearly IDCW;INF109K01UX9;INF109K01UW1; 10.2129 ; 10.2129 ; 10.2129 ;14-Jan-2007
103344;ICICI Prudential Liquid Fund - Institutional Option - I;INF109K01VH0;; 10.5630 ; 10.5630 ; 10.5630 ;14-Jan-2007
103342;ICICI Prudential Liquid Fund - Weekly IDCW;INF109K01VS7;; 10.0146 ; 10.0146 ; 10.0146 ;14-Jan-2007
103341;ICICI Prudential Liquid Fund -Monthly IDCW;INF109K01VR9;; 10.0371 ; 10.0371 ; 10.0371 ;14-Jan-2007
101748;ICICI Prudential Liquid Fund - Institutional - Daily - Div;INF109K01VE7;; 11.8502 ; 11.8502 ; 11.8502 ;14-Jan-2007
101749;ICICI Prudential Liquid Fund - Institutional - Monthly - Div;;INF109K01VG2; 10.0359 ; 10.0359 ; 10.0359 ;14-Jan-2007
101753;ICICI Prudential Liquid Fund - Institutional - Weekly - Div;INF109K01VI8;; 11.8556 ; 11.8556 ; 11.8556 ;14-Jan-2007
101754;ICICI Prudential Liquid Fund Retail Daily Dividend;INF109K01UR1;; 11.8514 ; 11.8514 ; 11.8514 ;14-Jan-2007
101750;ICICI Prudential Liquid Fund Retail Growth;INF109K01UQ3;; 18.0606 ; 18.0606 ; 18.0606 ;14-Jan-2007
101755;ICICI Prudential Liquid Fund Retail Monthly Dividend;INF109K01US9;; 11.8729 ; 11.8729 ; 11.8729 ;14-Jan-2007
101752;ICICI Prudential Liquid Fund Retail Weekly Dividend;INF109K01UV3;; 11.8444 ; 11.8444 ; 11.8444 ;14-Jan-2007
101751;ICICI Prudential Liquid Institutional Fund - Growth;INF109K01VF4;; 18.2460 ; 18.2460 ; 18.2460 ;14-Jan-2007

Invesco Mutual Fund
104484;Invesco India Liquid Fund - Daily IDCW (Reinvestment);;INF205K01HN3;10.0000;10.0000;10.0000;14-Jan-2007
104486;Invesco India Liquid Fund - Growth;INF205K01HM5;;10.1181;10.1181;10.1181;14-Jan-2007
104488;Invesco India Liquid Fund - Regular - Growth;INF205K01HG7;;10.1109;10.1109;10.1109;14-Jan-2007
104489;Invesco India Liquid Fund - Regular - Weekly IDCW (Reinvestment);;INF205K01HH5;10.0114;10.0114;10.0114;14-Jan-2007
104485;Invesco India Liquid Fund - Weekly IDCW (Reinvestment);INF205KA1BD7;INF205K01HO1;10.0122;10.0122;10.0122;14-Jan-2007
104483;Religare Invesco Liquid Fund - Institutional - Daily Dividend;;INF205K01HJ1;10.0000;10.0000;10.0000;14-Jan-2007
104491;Religare Invesco Liquid Fund - Institutional - Growth;INF205K01HI3;;10.1165;10.1165;10.1165;14-Jan-2007
104490;Religare Invesco Liquid Fund - Institutional - Weekly Dividend;;INF205K01HK9;10.0120;10.0120;10.0120;14-Jan-2007

JM Financial Mutual Fund
100241;JM High Liquidity Fund-- Institutional Plan - Dividend;INF192K01924;INF192K01932;10.1537;10.1537;10.1537;14-Jan-2007
100237;JM High Liquidity Fund-- Institutional Plan - Growth;INF192K01940;;12.2171;12.2171;12.2171;14-Jan-2007
100243;JM High Liquidity Fund-- Premium Plan - Daily Dividend Option;;;10.0000;10.0000;10.0000;14-Jan-2007
100238;JM High Liquidity Fund-Institutional Plan - Daily Dividend;;INF192K01916;10.0159;10.0159;10.0159;14-Jan-2007
100245;JM High Liquidity Fund-Super Institutional Plan- Daily Dividend;;INF192K01957;10.0165;10.0165;10.0165;14-Jan-2007
100246;JM High Liquidity Fund-Super Institutional Plan- Weekly  Dividend;INF192K01965;INF192K01973;10.1416;10.1416;10.1416;14-Jan-2007
100244;JM Liquid Fund (Regular) - Quarterly IDCW;INF192K01866;INF192K01874;11.6595;11.6595;11.6595;14-Jan-2007
100247;JM Liquid Fund (Regular) - Super Institutional Plan - Growth Option;INF192K01981;;11.6170;11.6170;11.6170;14-Jan-2007
100233;JM Liquid Fund (Regular) - Weekly IDCW;INF192K01841;INF192K01858;10.3888;10.3888;10.3888;14-Jan-2007
100234;JM Liquid Fund - Growth Option;INF192K01882;;20.2501;20.2501;20.2501;14-Jan-2007
101549;JM Liquid Fund (Regular) - Bonus Option - Principal Units;INF192K01890;;10.6346;10.6346;10.6346;14-Jan-2007
101078;JM Liquid Fund (Regular) - Daily IDCW;;INF192K01833;10.4302;10.4302;10.4302;14-Jan-2007

Kotak Mahindra Mutual Fund
100833;Kotak Liquid Fund - Regular  - Daily Reinvestment of Income Distribution cum capital withdrawal option;;INF174K01NL3;12.2281;12.2281;12.2281;14-Jan-2007
100835;Kotak Liquid Fund - Regular Plan - Growth;INF174K01NI9;;14.8983;14.8983;14.8983;14-Jan-2007
100831;Kotak Liquid Fund -Institutional Plan - (Daily Dividend);;INF174K01GA0;12.2281;12.2281;12.2281;14-Jan-2007
100836;Kotak Liquid Fund -Sweep Daily Dividend;;;10.0071;10.0071;10.0071;14-Jan-2007
100834;Kotak Liquid Fund Regular Plan Weekly Reinvestment of Income Distribution cum capital withdrawal option Dividend;INF174K01NK5;;10.0477;10.0477;10.0477;14-Jan-2007
100830;Kotak Liquid-Institutional Plan  (Growth);INF174K01FZ9;;14.7956;14.7956;14.7956;14-Jan-2007
100832;Kotak Liquid-Institutional Plan (Weekly Dividend);;INF174K01GB8;10.0343;10.0343;10.0343;14-Jan-2007
100828;Kotak Liquid-Regular (Dividend);;INF174K01FY2;10.0313;10.0313;10.0313;14-Jan-2007
100829;Kotak Liquid-Regular (Growth);INF174K01NM1;;14.5817;14.5817;14.5817;14-Jan-2007

Nippon India Mutual Fund
100852;NIPPON INDIA LIQUID FUND - DAILY IDCW OPTION;;INF204K01UM1;15.2862;15.2862;15.2862;14-Jan-2007
100855;NIPPON INDIA LIQUID FUND - MONTHLY IDCW OPTION;INF204K01UO7;INF204K01UP4;13.1073;13.1073;13.1073;14-Jan-2007
100837;Nippon India Liquid Fund - Retail Option - Growth Plan;INF204K01UL3;;17.7845;17.7845;17.7845;14-Jan-2007
100842;NIPPON INDIA LIQUID FUND - RETAIL Plan - DAILY IDCW OPTION;;INF204K01UJ7;15.2416;15.2416;15.2416;14-Jan-2007
100843;NIPPON INDIA LIQUID FUND - RETAIL plan - MONTHLY IDCW OPTION;INF204K01UT6;INF204K01UU4;11.2242;11.2242;11.2242;14-Jan-2007
100844;NIPPON INDIA LIQUID FUND - RETAIL Plan - QUARTERLY IDCW OPTION;INF204K01UV2;INF204K01UW0;17.1403;17.1403;17.1403;14-Jan-2007
100838;NIPPON INDIA LIQUID FUND - RETAIL Plan - WEEKLY IDCW OPTION;;INF204K01UK5;10.3453;10.3453;10.3453;14-Jan-2007
100853;NIPPON INDIA LIQUID FUND - WEEKLY IDCW OPTION;INF204KC1FM8;INF204K01US8;15.3084;15.3084;15.3084;14-Jan-2007
100851;Nippon India Liquid Fund -Growth Plan;INF204K01UN9;;17.9433;17.9433;17.9433;14-Jan-2007
100849;Reliance Liquid Fund-Cash Plan-Daily Dividend Reinvestment Option;;;11.1411;11.1411;11.1411;14-Jan-2007
100845;Reliance Liquid Fund-Cash Plan-Growth Plan;;;12.8925;12.8925;12.8925;14-Jan-2007
100848;Reliance Liquid Fund-Cash Plan-Weekly Dividend Reinvestment Option;;;10.9206;10.9206;10.9206;14-Jan-2007

Principal Mutual Fund
100895;Principal Cash Management Fund - Daily Income Distribution CUM Capital Withdrawal;;INF173K01DB7;10.0007;10.0007;10.0007;14-Jan-2007
100897;Principal Cash Management Fund - Monthly Income Distribution CUM Capital Withdrawal Option;INF173K01BV9;INF173K01BW7;10.0337;10.0337;10.0337;14-Jan-2007
100896;Principal Cash Management Fund - Weekly Income Distribution CUM Capital Withdrawal Option;;INF173K01DC5;10.0069;10.0069;10.0069;14-Jan-2007
100898;Principal Cash Management Fund -Growth Option;INF173K01DA9;;11.4946;11.4946;11.4946;14-Jan-2007
100892;Principal Cash Management-Liquid Option-Daily Dividend;;;10.0022;10.0022;10.0022;14-Jan-2007
100887;Principal Cash Management-Liquid Option-Dividend Plan;;;10.1258;10.1258;10.1258;14-Jan-2007
100888;Principal Cash Management-Liquid Option-Growth Plan;;;14.4927;14.4927;14.4927;14-Jan-2007
100894;Principal Cash Management-Liquid Option-Institutional - Daily Dividend Plan;;;10.0022;10.0022;10.0022;14-Jan-2007
100893;Principal Cash Management-Liquid Option-Institutional - Growth Plan;;;12.1748;12.1748;12.1748;14-Jan-2007
100891;Principal Cash Management-Liquid Option-Institutional - Monthly Dividend Plan;;;10.0332;10.0332;10.0332;14-Jan-2007
100890;Principal Cash Management-Liquid Option-Institutional - Weekly Dividend Plan;;;10.0076;10.0076;10.0076;14-Jan-2007
100889;Principal Cash Management-Liquid Option-Monthly Dividend;;;10.0322;10.0322;10.0322;14-Jan-2007

Quantum Mutual Fund
103736;Quantum Liquid Fund - Direct Plan Daily IDCW;;INF082J01135;10.0000;10.0000;10.0000;14-Jan-2007
103734;Quantum Liquid Fund - Direct Plan Growth Option;INF082J01127;;10.4998;10.4998;10.4998;14-Jan-2007
103735;Quantum Liquid Fund - Direct Plan Monthly IDCW;INF082J01143;INF082J01200;10.0458;10.0458;10.0458;14-Jan-2007

Taurus Mutual Fund
104240;Taurus Liquid Fund-Dividend;INF044D01542;INF044D01559;10.0046;10.0046;10.0046;14-Jan-2007
104241;Taurus Liquid Fund-Growth;INF044D01575;;10.1960;10.1960;10.1960;14-Jan-2007

UTI Mutual Fund
102010;UTI Liquid Fund - Regular Plan - Daily IDCW (Reinvestment);;INF789F01PG3;1019.4457;1019.4457;1019.4457;14-Jan-2007
102011;UTI Liquid Fund - Regular Plan - Monthly IDCW;INF789F01PI9;INF789F01PJ7;1027.7344;1027.7344;1027.7344;14-Jan-2007
102013;UTI Liquid Fund - Regular Plan - Weekly IDCW;;INF789F01PK5;1022.8846;1022.8846;1022.8846;14-Jan-2007
102012;UTI-  Liquid Cash Plan - Regular Plan - Growth Option;INF789F01PH1;;1213.4962;1213.4962;1213.4962;14-Jan-2007
102008;UTI-  Liquid Cash Plan- Discontinued - Regular Plan - Monthly Dividend Option;INF789F01BC2;INF789F01BA6;1032.0846;1032.0846;1032.0846;14-Jan-2007
102009;UTI-  Liquid Cash Plan- Discontinued - Regular Plan -Growth;INF789F01BB4;;1207.0044;1207.0044;1207.0044;14-Jan-2007
102007;UTI-  Liquid Cash Plan- Discontinued -Regular Plan Periodic Dividend Option;;INF789F01AZ5;1018.4404;1018.4404;1018.4404;14-Jan-2007

Open Ended Schemes ( Debt Scheme - Ultra Short Duration Fund )


JM Financial Mutual Fund
104270;JM Money Manager Fund - Super Plan - Dividend option - Daily dividend;;;10.0000;10.0000;10.0000;14-Jan-2007
104269;JM Money Manager Fund - Super Plan - Growth Plan;;;10.2200;10.2200;10.2200;14-Jan-2007
104268;JM Money Manager Fund - Super Plus Plan - Dividend option - Daily dividend;;;10.0000;10.0000;10.0000;14-Jan-2007
104267;JM Money Manager Fund - Super Plus Plan - Growth option;;;10.2312;10.2312;10.2312;14-Jan-2007
104272;JM Ultra Short Duration Fund - Daily Dividend;;INF192K01AN8;10.0000;10.0000;10.0000;14-Jan-2007
104271;JM Ultra Short Duration Fund - Growth option;INF192K01AQ1;;10.2122;10.2122;10.2122;14-Jan-2007

SBI Mutual Fund
100641;SBI ULTRA SHORT DURATION FUND - REGULAR PLAN - GROWTH;INF200K01LJ4;;16.5341;16.5341;16.5341;14-Jan-2007
103884;SBI Ultra Short Duration Fund - Regular Plan - Weekly Income Distribution cum Capital Withdrawal Option (IDCW);INF200K01LM8;INF200K01LL0;10.6213;10.6213;10.6213;14-Jan-2007

UTI Mutual Fund
102532;UTI Ultra Short Duration Fund - Regular Plan - Growth Option;INF789F01570;;1204.3844;1204.3844;1204.3844;14-Jan-2007
102531;UTI Ultra Short Duration Fund - Regular Plan - Weekly IDCW (Reinvestment);;INF789F01562;1015.3708;1015.3708;1015.3708;14-Jan-2007

Open Ended Schemes ( Debt Scheme - Low Duration Fund )


Aditya Birla Sun Life Mutual Fund
103192;Aditya Birla Sun Life Low Duration Fund - Growth Plan;INF209K01LQ0;;18.1119;18.1119;18.1119;14-Jan-2007
103195;Aditya Birla Sun Life Low Duration Fund - Institutional Plan - Growth;INF209K01KE8;;12.3003;12.3003;12.3003;14-Jan-2007
103191;Aditya Birla Sun Life Low Duration Fund -INSTITUTIONAL - DAILY IDCW;;INF209K01KD0;10.0020;10.0020;10.0020;14-Jan-2007
103194;Aditya Birla Sun Life Low Duration Fund -Institutional - weekly  IDCW;;INF209K01KG3;10.0109;10.0109;10.0109;14-Jan-2007
103193;Aditya Birla Sun Life Low Duration Fund -REGULAR - WEEKLY IDCW;;INF209KA1LQ4;10.0106;10.0106;10.0106;14-Jan-2007

Canara Robeco Mutual Fund
104559;CANARA ROBECO SAVINGS FUND - REGULAR PLAN - DAILY IDCW (Reinvestment);;INF760K01803;10.2600;10.2600;10.2600;14-Jan-2007
102913;CANARA ROBECO SAVINGS FUND - REGULAR PLAN - GROWTH OPTION;INF760K01795;;11.2648;11.2648;11.2648;14-Jan-2007
102914;CANARA ROBECO SAVINGS FUND - REGULAR PLAN - IDCW (Payout/Reinvestment);INF760K01779;INF760K01787;10.8340;10.8340;10.8340;14-Jan-2007
102915;CANARA ROBECO SAVINGS FUND - REGULAR PLAN - WEEKLY IDCW (Payout/Reinvestment);INF760K01CB3;INF760K01811;10.2666;10.2666;10.2666;14-Jan-2007

Open Ended Schemes ( Debt Scheme - Money Market Fund )


Aditya Birla Sun Life Mutual Fund
101973;Aditya Birla Sun Life Money Manager Fund - Daily IDCW;;INF209K01SZ6;10.0086;10.0086;10.0086;14-Jan-2007
101976;Aditya Birla Sun Life Money Manager Fund - Growth;INF209K01RV7;;10.7949;10.7949;10.7949;14-Jan-2007
101972;Aditya Birla Sun Life Money Manager Fund - Retail - Daily IDCW;;INF209K01JZ5;10.0015;10.0015;10.0015;14-Jan-2007
101970;Aditya Birla Sun Life Money Manager Fund - RETAIL - WEEKLY IDCW;;INF209K01JY8;10.3792;10.3792;10.3792;14-Jan-2007
101971;Aditya Birla Sun Life Money Manager Fund - Retail Growth;INF209K01MJ3;;12.1332;12.1332;12.1332;14-Jan-2007
101974;Aditya Birla Sun Life Money Manager Fund - WEEKLY IDCW;;INF209K01SY9;10.0122;10.0122;10.0122;14-Jan-2007

Franklin Templeton Mutual Fund
101352;Templeton Floating Rate Income Fund-Short Term Plan-Dividend Option;;;10.0085;10.0085;10.0085;14-Jan-2007
101353;Templeton Floating Rate Income Fund-Short Term Plan-Growth Option;;;13.2577;13.2577;13.2577;14-Jan-2007
101355;Templeton Floating Rate Income Fund-Short Term Plan-Institutional Option - Dividend;;;10.0084;10.0084;10.0084;14-Jan-2007
101354;Templeton Floating Rate Income Fund-Short Term Plan-Institutional Option - Growth;;;10.8654;10.8654;10.8654;14-Jan-2007

HDFC Mutual Fund
101994;HDFC Money Market Fund - Daily IDCW Option;;INF179KB1IG6;10.6364;10.6364;10.6364;14-Jan-2007
101993;HDFC Money Market Fund - Growth Option;INF179KB1HR5;;15.3679;15.2298;15.3679;14-Jan-2007
101995;HDFC Money Market Fund - Weekly IDCW Option;INF179KB1IH4;INF179KB1II2;10.6292;10.6393;10.6292;14-Jan-2007

ICICI Prudential Mutual Fund
101221;ICICI Prudential Money Market Fund Retail Growth (erstwhile Cash Option);INF109K01TW3;; 12.5243 ; 12.5243 ; 12.5243 ;14-Jan-2007
103634;ICICI Prudential Money Market Fund Option - Daily IDCW;INF109K01TY9;; 10.0000 ; 10.0000 ; 10.0000 ;14-Jan-2007
103633;ICICI Prudential Money Market Fund Option - Growth;INF109K01TX1;; 10.5985 ; 10.5985 ; 10.5985 ;14-Jan-2007
103637;ICICI Prudential Money Market Fund Option - Monthly IDCW;INF109K01UC3;INF109K01UB5; 10.0395 ; 10.0395 ; 10.0395 ;14-Jan-2007
103635;ICICI Prudential Money Market Fund Option - Weekly IDCW;INF109K01TZ6;; 10.0121 ; 10.0121 ; 10.0121 ;14-Jan-2007
103636;ICICI Prudential Money Market Fund Option -Fortnightly IDCW;INF109K01UA7;; 10.0395 ; 10.0395 ; 10.0395 ;14-Jan-2007

Kotak Mahindra Mutual Fund
101893;Kotak Money Market Fund - (Growth);INF174K01NA6;;12.1155;12.1155;12.1155;14-Jan-2007
101892;Kotak Money market Fund - (Monthly Payout of Income Distribution cum capital withdrawal option);INF174K018O0;INF174K01NB4;10.006;10.006;10.006;14-Jan-2007
101894;Kotak Money Market Fund - (Weekly Reinvestment of Income Distribution cum capital withdrawal option);INF174K01NC2;;10.0177;10.0177;10.0177;14-Jan-2007

Nippon India Mutual Fund
103050;NIPPON INDIA MONEY MARKET FUND - DAILY IDCW Option;;INF204K01UY6;10.0031;10.0031;10.0031;14-Jan-2007
103052;NIPPON INDIA MONEY MARKET FUND - MONTHLY IDCW Option;INF204K01VB2;INF204K01VC0;10.6955;10.6955;10.6955;14-Jan-2007
103051;NIPPON INDIA MONEY MARKET FUND - WEEKLY IDCW Option;;INF204K01UZ3;10.0061;10.0061;10.0061;14-Jan-2007
103048;Nippon India Money Market Fund-Growth Plan-Growth Option;INF204K01VA4;;11.0422;11.0422;11.0422;14-Jan-2007

UTI Mutual Fund
100724;UTI MMF- Discontinued - Regular Plan - Flexi Dividend Option;;INF789F01BD0;17.6398;17.6398;17.6398;14-Jan-2007
100725;UTI MMF- Discontinued - Regular Plan - Periodic Dividend Option;INF789F01BE8;;17.5269;17.5269;17.5269;14-Jan-2007
100723;UTI MMF-Discontinued - Regular Plan -Growth;INF789F01BF5;;20.7064;20.7064;20.7064;14-Jan-2007

Open Ended Schemes ( Debt Scheme - Credit Risk Fund )


DSP Mutual Fund
101839;DSP Credit Risk Fund - Regular Plan - IDCW;INF740K01581;INF740K01AB9;10.2512;10.2512;10.2512;14-Jan-2007
101840;DSP Credit Risk Fund - Regular Plan - IDCW - Daily;;INF740KA1OA8;10.0312;10.0312;10.0312;14-Jan-2007
101838;DSP Credit Risk Fund - Regular Plan - IDCW - Weekly;INF740K01FR4;INF740K01FQ6;10.0385;10.0385;10.0385;14-Jan-2007
101837;DSP Credit Risk Fund - Regular Plan -Growth;INF740K01599;;12.1491;12.1491;12.1491;14-Jan-2007

Principal Mutual Fund
102729;Principal Credit Risk Fund - Regular Plan - Growth Option;INF173K01DM4;;11.4820;11.4820;11.4820;14-Jan-2007
102732;Principal Credit Risk Fund - Regular Plan - Monthly Dividend Option;INF173K01BJ4;INF173K01BK2;10.3617;10.3617;10.3617;14-Jan-2007
102726;Principal Floating Rate Fund - SMP-Daily Dividend;;;10.0007;10.0007;10.0007;14-Jan-2007
102725;Principal Floating Rate Fund - SMP-Growth;;;11.4413;11.4413;11.4413;14-Jan-2007
102730;Principal Floating Rate Fund - SMP-Insti. Daily Dividend;;;10.0007;10.0007;10.0007;14-Jan-2007
102731;Principal Floating Rate Fund - SMP-Insti. Weekly Dividend;;;10.0070;10.0070;10.0070;14-Jan-2007
102728;Principal Floating Rate Fund - SMP-Monthly Dividend;;;10.1772;10.1772;10.1772;14-Jan-2007
102727;Principal Floating Rate Fund - SMP-Weekly Dividend;;;10.0069;10.0069;10.0069;14-Jan-2007

Open Ended Schemes ( Debt Scheme - Floater Fund )


Franklin Templeton Mutual Fund
101048;Franklin India Floating Rate Fund - Growth Plan;INF090I01LM7;;13.4330;13.4330;13.4330;14-Jan-2007
101044;Franklin India Floating Rate Fund - IDCW ;INF090I01LN5;;10.0000;10.0000;10.0000;14-Jan-2007

HDFC Mutual Fund
101483;HDFC Floating Rate Debt Fund - Retail Daily Div Option;;INF179K01640;10.0809;10.0809;10.0809;14-Jan-2007
101481;HDFC Floating Rate Debt Fund - Retail Growth Option;INF179K01632;;12.3974;12.2887;12.3974;14-Jan-2007
101484;HDFC Floating Rate Debt Fund - Retail Monthly Div option;INF179K01657;INF179K01665;10.1863;10.1521;10.1863;14-Jan-2007
101482;HDFC Floating Rate Debt Fund - Retail Weekly Div Option;INF179K01681;INF179K01673;10.1495;10.1434;10.1495;14-Jan-2007

ICICI Prudential Mutual Fund
101804;ICICI Prudential Floating Interest Fund - Daily IDCW;INF109K01AW3;; 10.0000 ; 10.0000 ; 10.0000 ;14-Jan-2007
101803;ICICI Prudential Floating Interest Fund - Fortnightly IDCW;INF109K01AZ6;; 10.0394 ; 10.0394 ; 10.0394 ;14-Jan-2007
101802;ICICI Prudential Floating Interest Fund - Growth;INF109K01AX1;; 10.7984 ; 10.7984 ; 10.7984 ;14-Jan-2007
101800;ICICI Prudential Floating Interest Fund Plan A - Dividend Daily;INF109K01928;; 10.0020 ; 9.9520 ; 10.0020 ;14-Jan-2007
101796;ICICI Prudential Floating Interest Fund Plan A - Fortnightly Dividend;INF109K01910;; 10.0380 ; 9.9878 ; 10.0380 ;14-Jan-2007
101795;ICICI Prudential Floating Interest Fund Plan A - Growth;INF109K01936;; 11.4440 ; 11.3868 ; 11.4440 ;14-Jan-2007
101799;ICICI Prudential Floating Interest Fund Plan B - Dividend Daily;INF109K01951;; 10.0020 ; 10.0020 ; 10.0020 ;14-Jan-2007
101794;ICICI Prudential Floating Interest Fund Plan B - Fortnightly Dividend;INF109K01969;; 10.0758 ; 10.0758 ; 10.0758 ;14-Jan-2007
101793;ICICI Prudential Floating Interest Fund Plan B - Growth;INF109K01977;; 12.2761 ; 12.2761 ; 12.2761 ;14-Jan-2007
101801;ICICI Prudential Floating Interest Fund Plan C - Dividend Daily;INF109K01AA9;; 10.0020 ; 10.0020 ; 10.0020 ;14-Jan-2007
101798;ICICI Prudential Floating Interest Fund Plan C - Fortnightly Dividend;INF109K01993;; 10.0393 ; 10.0393 ; 10.0393 ;14-Jan-2007
101797;ICICI Prudential Savings Fund Plan C - Growth;INF109K01AB7;; 11.5422 ; 11.5422 ; 11.5422 ;14-Jan-2007

Nippon India Mutual Fund
102676;NIPPON INDIA FLOATER FUND - DAILY IDCW REINVESTMENT Option;;INF204K01CI7;10.0622;10.0622;10.0622;14-Jan-2007
102673;Nippon India Floater Fund - Growth Plan-Growth Option;INF204K01CG1;;11.4798;11.4798;11.4798;14-Jan-2007
102675;NIPPON INDIA FLOATER FUND - MONTHLY IDCW Option;INF204K01CH9;INF204K01CK3;10.1748;10.1748;10.1748;14-Jan-2007
102677;NIPPON INDIA FLOATER FUND - WEEKLY IDCW Option;INF204K01OQ5;INF204K01CJ5;10.0812;10.0812;10.0812;14-Jan-2007
