Scheme Code;Scheme Name;ISIN Div Payout/ISIN Growth;ISIN Div Reinvestment;Net Asset Value;Repurchase Price;Sale Price;Date

Open Ended Schemes ( Liquid )


Daiwa Mutual Fund
119179;Daiwa Liquid Fund - Direct - Daily Dividend;;;1000.5200;1000.5200;1000.5200;03-Mar-2013
119181;Daiwa Liquid Fund - Direct - Growth;;;1300.8861;1300.8861;1300.8861;03-Mar-2013
114515;Daiwa Liquid Fund - Institutional - Growth;INF752K01206;-;1303.4723;1303.4723;1303.4723;03-Mar-2013
114519;Daiwa Liquid Fund - Regular - Daily Dividend;;INF752K01222;1000.5200;1000.5200;1000.5200;03-Mar-2013
114514;Daiwa Liquid Fund - Regular - Growth;INF752K01230;;1300.7968;1300.7968;1300.7968;03-Mar-2013
114518;Daiwa Liquid Fund - Regular - Weekly Dividend;;INF752K01248;1001.8496;1001.8496;1001.8496;03-Mar-2013

Deutsche Mutual Fund
116363;DWS Insta Cash Plus Fund - Annual Dividend Option;INF223J01IP1;INF223J01IQ9;104.0957;104.0957;104.0957;03-Mar-2013
106468;DWS INSTA CASH PLUS FUND - BONUS OPTION;INF223J01BQ4;;103.4898;103.4898;103.4898;03-Mar-2013
118997;DWS Insta Cash Plus Fund - Direct Plan - Annual Dividend;INF223J01NO4;INF223J01NP1;104.1159;104.1159;104.1159;03-Mar-2013
118998;DWS Insta Cash Plus Fund - Direct Plan - Daily Dividend;;INF223J01NR7;100.304;100.304;100.304;03-Mar-2013
119000;DWS Insta Cash Plus Fund - Direct Plan - Growth;INF223J01NS5;;151.4159;151.4159;151.4159;03-Mar-2013
119002;DWS Insta Cash Plus Fund - Direct Plan - Weekly Dividend;INF223J01NV9;INF223J01NW7;100.6202;100.6202;100.6202;03-Mar-2013
106470;DWS Insta Cash Plus Fund - Monthly Dividend;INF223J01BR2;INF223J01BS0;103.5064;103.5064;103.5064;03-Mar-2013
105672;DWS INSTA CASH PLUS FUND - Regular Plan BONUS OPTION;INF223J01BH3;;10.1516;10.1516;10.1516;03-Mar-2013
106472;DWS Insta Cash Plus Fund - Weekly Dividend;INF223J01BT8;INF223J01BU6;100.5505;100.5505;100.5505;03-Mar-2013
106471;DWS Insta Cash Plus Fund -Growth;INF223J01BP6;;151.3817;151.3817;151.3817;03-Mar-2013
106467;DWS Insta Cash Plus Fund-Daily Dividend;;INF223J01BO9;100.304;100.304;100.304;03-Mar-2013
101718;DWS Insta Cash Plus Fund-DIVIDEND-Daily Dividend;;INF223J01BI1;10.301;10.301;10.301;03-Mar-2013
101717;DWS Insta Cash Plus Fund-DIVIDEND-MONTHLY DIVIDEND;INF223J01BK7;INF223J01BL5;10.2492;10.2492;10.2492;03-Mar-2013
101716;DWS Insta Cash Plus Fund-DIVIDEND-WEEKLY DIVIDEND;INF223J01BM3;INF223J01BN1;10.3566;10.3566;10.3566;03-Mar-2013
101719;DWS Insta Cash Plus Fund-Growth-GROWTH;INF223J01BJ9;;19.2296;19.2296;19.2296;03-Mar-2013
101722;DWS Insta Cash Plus Fund-Institutional Plan-Daily Dividend;;INF223J01BA8;10.0516;10.0516;10.0516;03-Mar-2013
101720;DWS Insta Cash Plus Fund-Institutional Plan-Dividend;INF223J01BE0;INF223J01BD2;10.5038;10.5038;10.5038;03-Mar-2013
101721;DWS Insta Cash Plus Fund-Institutional Plan-Growth;INF223J01BB6;;18.2399;18.2399;18.2399;03-Mar-2013
116368;DWS Insta CashPlus Fund - Quarterly Dividend Option;INF223J01IN6;INF223J01IO4;103.5046;103.5046;103.5046;03-Mar-2013
116370;DWS Treasury Fund - Cash Plan - Annual Dividend;INF223J01SF1;INF223J01SG9;110.0486;110.0486;110.0486;03-Mar-2013
114966;DWS Treasury Fund - Cash Plan - Bonus;INF223J01SA2;;117.1387;117.1387;117.1387;03-Mar-2013
112228;DWS Treasury Fund - Cash Plan - Daily Dividend;;INF223J01SB0;100.391;100.391;100.391;03-Mar-2013
119008;DWS Treasury Fund - Cash Plan - Direct Plan - Daily Dividend;;INF223J01PH3;100.391;100.391;100.391;03-Mar-2013
119009;DWS Treasury Fund - Cash Plan - Direct Plan - Growth;INF223J01PI1;;125.7565;125.7565;125.7565;03-Mar-2013
119013;DWS Treasury Fund - Cash Plan - Direct Plan - Weekly Dividend;INF223J01PN1;INF223J01PO9;109.2376;109.2376;109.2376;03-Mar-2013
112221;DWS Treasury Fund - Cash Plan - Growth;INF223J01SC8;;125.7164;125.7164;125.7164;03-Mar-2013
112227;DWS Treasury Fund - Cash Plan - Institiutional - Daily Dividend;;INF223J01DZ1;100.497;100.497;100.497;03-Mar-2013
112222;DWS Treasury Fund - Cash Plan - Institiutional - Growth;INF223J01EA2;;130.0618;130.0618;130.0618;03-Mar-2013
112963;DWS Treasury Fund - Cash Plan - Institiutional - Monthly Dividend;INF223J01ED6;INF223J01EE4;102.7826;102.7826;102.7826;03-Mar-2013
112965;DWS Treasury Fund - Cash Plan - Monthly Dividend;INF223J01RW8;INF223J01RX6;102.843;102.843;102.843;03-Mar-2013
116391;DWS Treasury Fund - Cash Plan - Quarterly Dividend;INF223J01SD6;INF223J01SE4;109.8404;109.8404;109.8404;03-Mar-2013
112964;DWS Treasury Fund - Cash Plan - Weekly Dividend;INF223J01RY4;INF223J01RZ1;109.196;109.196;109.196;03-Mar-2013

Edelweiss Mutual Fund
109935;Edelweiss Liquid Fund - Daily Dividend Option;;INF754K01BG7;1000.0005;999.0005;1000.0005;03-Mar-2013
109946;Edelweiss Liquid Fund - Growth Option;INF754K01BC6;;1151.1405;1149.9894;1151.1405;03-Mar-2013
109941;Edelweiss Liquid Fund - Institutional Plan - Daily Dividend Option;;INF754K01AZ9;1000.0005;999.0005;1000.0005;03-Mar-2013
109944;Edelweiss Liquid Fund - Monthly Dividend Option;INF754K01BD4;INF754K01BF9;1000.4503;999.4498;1000.4503;03-Mar-2013
109934;Edelweiss Liquid Fund - Retail Plan - Daily Dividend Option;;INF754K01AS4;1000.0006;999.0006;1000.0006;03-Mar-2013
109940;Edelweiss Liquid Fund - Retail Plan - Growth Option;INF754K01AO3;;1328.2010;1326.8728;1328.2010;03-Mar-2013
109939;Edelweiss Liquid Fund - Retail Plan - Monthly Dividend Option;INF754K01AP0;INF754K01AR6;1000.4025;999.4021;1000.4025;03-Mar-2013
109937;Edelweiss Liquid Fund - Retail Plan - Weekly Dividend Option;;INF754K01AT2;1000.2014;999.2012;1000.2014;03-Mar-2013
109942;Edelweiss Liquid Fund - Weekly Dividend Option;;INF754K01BH5;1000.2269;999.2267;1000.2269;03-Mar-2013
118636;Edelweiss Liquid Fund-Direct Plan-Growth Option;INF754K01CX0;;1151.1633;1150.0121;1151.1633;03-Mar-2013

ING Mutual Fund
119935;ING Liquid Fund - Super Institutional Plan - Direct Plan - Growth Option;INF084M01BY8;;17.3375;17.3375;17.3375;03-Mar-2013
119933;ING Liquid Fund - Super Institutional Plan - Direct Plan- Daily Dividend Option;;INF084M01BZ5;10.0048;10.0048;10.0048;03-Mar-2013
119934;ING Liquid Fund - Super Institutional Plan - Direct Plan- Weekly Dividend Option;INF084M01CB4;INF084M01CA6;10.0167;10.0167;10.0167;03-Mar-2013
100198;ING Liquid Fund-Institutional Daily Dividend Option;INF084M01473;;10.0121;10.0121;10.0121;03-Mar-2013
100196;ING Liquid Fund-Institutional Growth Option;INF084M01465;;18.1231;18.1231;18.1231;03-Mar-2013
100197;ING Liquid Fund-Institutional Weekly Dividend Option;INF084M01499;INF084M01481;10.0665;10.0665;10.0665;03-Mar-2013
100192;ING Liquid Fund-Regular Daily Dividend Option;INF084M01432;;10.7873;10.7873;10.7873;03-Mar-2013
100190;ING Liquid Fund-Regular Growth Option;INF084M01424;;24.0387;24.0387;24.0387;03-Mar-2013
100191;ING Liquid Fund-Regular Weekly Dividend Option;INF084M01457;INF084M01440;10.8369;10.8369;10.8369;03-Mar-2013
100200;ING Liquid Fund-Super Institutional Daily Dividend Option;INF084M01515;;10.0048;10.0048;10.0048;03-Mar-2013
100199;ING Liquid Fund-Super Institutional Growth Option;INF084M01507;;17.3312;17.3312;17.3312;03-Mar-2013
100201;ING Liquid Fund-Super Institutional Weekly Dividend Option;INF084M01531;INF084M01523;10.0151;10.0151;10.0151;03-Mar-2013

Invesco Mutual Fund
106502;Religare Invesco Overnight Fund - Daily Dividend Reinvestment;;INF205K01HS2;1000.0048;1000.0048;1000.0048;03-Mar-2013
120556;Religare Invesco Overnight Fund - Direct Plan - Daily Dividend Reinvestment;;INF205K01NC4;1000.0048;1000.0048;1000.0048;03-Mar-2013
120557;Religare Invesco Overnight Fund - Direct Plan - Growth;INF205K01ND2;;1364.8764;1364.8764;1364.8764;03-Mar-2013
106501;Religare Invesco Overnight Fund - Growth;INF205K01HR4;;1362.1964;1362.1964;1362.1964;03-Mar-2013

JM Financial Mutual Fund
120414;JM Floater Short Term Fund (Direct) - Daily Dividend Option;;INF192K01CF0;10.0879;10.0879;10.0879;03-Mar-2013
120415;JM Floater Short Term Fund (Direct) - Growth Option;INF192K01CG8;;18.2775;18.2775;18.2775;03-Mar-2013
101420;JM Floater Short Term Fund - Daily Dividend Option;;INF192K01767;10.0883;10.0883;10.0883;03-Mar-2013
101421;JM Floater Short Term Fund - Growth Option;INF192K01775;;18.2716;18.2716;18.2716;03-Mar-2013

JPMorgan Mutual Fund
119902;JPMorgan India Liquid Fund - Direct Plan - Daily Dividend Option;;INF843K01BA1;10.0079;10.0079;10.0079;03-Mar-2013
119905;JPMorgan India Liquid Fund - Direct Plan - Growth Option;INF843K01AX5;;15.1070;15.1070;15.1070;03-Mar-2013
119904;JPMorgan India Liquid Fund - Direct Plan - Weekly Dividend Option;INF843K01BF0;INF843K01BB9;10.1443;10.1443;10.1443;03-Mar-2013
106562;JPMorgan India Liquid Fund - Retail Plan - Daily Dividend Option;;INF843K01203;10.0150;10.0150;10.0150;03-Mar-2013
106561;JPMorgan India Liquid Fund - Retail Plan - Growth Option;INF843K01195;;13.8113;13.8113;13.8113;03-Mar-2013
109179;JPMorgan India Liquid Fund - Retail Plan - Monthly Dividend Option;;INF843K01237;10.0284;10.0284;10.0284;03-Mar-2013
109177;JPMorgan India Liquid Fund - Retail Plan - Weekly Dividend Option;;INF843K01211;10.0262;10.0262;10.0262;03-Mar-2013
117751;JPMorgan India Liquid Fund - Super Institutional Plan - Annual Dividend Option;INF843K01831;INF843K01823;10.4466;10.4466;10.4466;03-Mar-2013
110149;JPMorgan India Liquid Fund - Super Institutional Plan - Daily Dividend Option;;INF843K01153;10.0079;10.0079;10.0079;03-Mar-2013
110150;JPMorgan India Liquid Fund - Super Institutional Plan - Growth Option;INF843K01146;;15.1044;15.1044;15.1044;03-Mar-2013
110151;JPMorgan India Liquid Fund - Super Institutional Plan - Monthly Dividend Option;INF843K01500;INF843K01187;10.0464;10.0464;10.0464;03-Mar-2013
110153;JPMorgan India Liquid Fund - Super Institutional Plan - Weekly Dividend Option;INF843K01484;INF843K01161;10.1441;10.1441;10.1441;03-Mar-2013

Mirae Asset Mutual Fund
118857;Mirae Asset Liquid Fund - Direct Plan - Growth;INF769K01CF5;;1031.2652;1031.2652;1031.2652;03-Mar-2013
107659;Mirae Asset Liquid Fund- Institutional Plan - Growth;INF769K01648;;1031.1925;1031.1925;1031.1925;03-Mar-2013
107656;Mirae Asset Liquid Fund- Institutional Plan - Monthly Dividend;INF769K01705;INF769K01697;1021.5831;1021.5831;1021.5831;03-Mar-2013
107658;Mirae Asset Liquid Fund- Institutional Plan - Weekly Dividend;;INF769K01689;1014.4557;1014.4557;1014.4557;03-Mar-2013
107646;Mirae Asset Liquid Fund- Regular Plan - Daily Dividend;;INF769K01606;1135.3804;1135.3804;1135.3804;03-Mar-2013
107648;Mirae Asset Liquid Fund- Regular Plan - Growth;INF769K01572;;1192.4050;1192.4050;1192.4050;03-Mar-2013
107649;Mirae Asset Liquid Fund- Regular Plan - Monthly Dividend;INF769K01630;INF769K01622;1036.4660;1036.4660;1036.4660;03-Mar-2013
107647;Mirae Asset Liquid Fund- Regular Plan - Weekly Dividend;;INF769K01614;1138.1811;1138.1811;1138.1811;03-Mar-2013

Morgan Stanley Mutual Fund
119197;Morgan Stanley Liquid Fund - Direct Daily Dividend;;INF063A01563;1000.4971;1000.4971;1000.4971;03-Mar-2013
119173;Morgan Stanley Liquid Fund - Direct Growth Plan;INF063A01555;;1144.3094;1144.3094;1144.3094;03-Mar-2013
119200;Morgan Stanley Liquid Fund - Direct Monthly Dividend;INF063A01597;INF063A01589;1003.7181;1003.7181;1003.7181;03-Mar-2013
119198;Morgan Stanley Liquid Fund - Direct Weekly Dividend;INF063A01571;;1001.1734;1001.1734;1001.1734;03-Mar-2013
115812;MS Liquid Fund - Regular- Growth;INF063A01274;;1144.2139;1144.2139;1144.2139;03-Mar-2013
115814;MS Liquid Fund - Regular- Weekly Dividend Plan;;INF063A01290;1001.1711;1001.1711;1001.1711;03-Mar-2013
115813;MS Liquid Fund- Regular Daily Dividend Plan;;INF063A01282;1000.4971;1000.4971;1000.4971;03-Mar-2013
115815;MS Liquid Fund- Regular Monthly Dividend Plan;INF063A01316;INF063A01308;1003.5981;1003.5981;1003.5981;03-Mar-2013

PGIM India Mutual Fund
120102;DHFL Pramerica Liquid Fund - Direct Plan-Daily Dividend Option;;INF663L01633;1000.2480;1000.2480;1000.2480;03-Mar-2013
120104;DHFL Pramerica Liquid Fund - Direct Plan-Growth Option;INF663L01625;;1243.8266;1243.8266;1243.8266;03-Mar-2013
120106;DHFL Pramerica Liquid Fund - Direct Plan-Weekly Dividend - Option;;INF663L01641;1001.1603;1001.1603;1001.1603;03-Mar-2013
113184;DHFL Pramerica Liquid Fund - Dividend Option - Daily;;INF663L01088;1000.2500;1000.2500;1000.2500;03-Mar-2013
113187;DHFL Pramerica Liquid Fund - Dividend Option - Fortnightly;INF663L01120;INF663L01104;1001.2015;1001.2015;1001.2015;03-Mar-2013
113186;DHFL Pramerica Liquid Fund - Dividend Option - Monthly;INF663L01138;INF663L01112;1001.1441;1001.1441;1001.1441;03-Mar-2013
113183;DHFL Pramerica Liquid Fund - Growth Option;INF663L01070;;1243.6815;1243.6815;1243.6815;03-Mar-2013
113185;DHFL Pramerica Liquid Fund -Dividend Option- Weekly;;INF663L01096;1001.1439;1001.1439;1001.1439;03-Mar-2013

PineBridge Mutual Fund
119356;PineBridge India Liquid Fund- Direct Plan- Bonus Option;INF178L01AW6;;1027.8611;1027.8611;1027.8611;03-Mar-2013
119355;PineBridge India Liquid Fund- Direct Plan- Daily Dividend Option;;INF178L01AV8;1001.0000;1001.0000;1001.0000;03-Mar-2013
119360;PineBridge India Liquid Fund- Direct Plan- Growth Option;INF178L01AP0;;1478.2849;1478.2849;1478.2849;03-Mar-2013
119359;PineBridge India Liquid Fund- Direct Plan- Monthly Dividend Option;INF178L01AR6;INF178L01AQ8;1006.0629;1006.0629;1006.0629;03-Mar-2013
119357;PineBridge India Liquid Fund- Direct Plan- Quarterly Dividend Option;INF178L01AT2;INF178L01AS4;1015.6000;1015.6000;1015.6000;03-Mar-2013
119358;PineBridge India Liquid Fund- Direct Plan- Weekly Dividend Option;;INF178L01AU0;1003.5388;1003.5388;1003.5388;03-Mar-2013
106518;PineBridge India Liquid Fund- Standard Plan-Bonus Option;;INF178L01707;1027.7762;1027.7762;1027.7762;03-Mar-2013
106513;PineBridge India Liquid Fund- Standard Plan-Daily Dividend Option;;INF178L01699;1001.0000;1001.0000;1001.0000;03-Mar-2013
106508;PineBridge India Liquid Fund- Standard Plan-Growth Option;INF178L01715;;1478.1684;1478.1684;1478.1684;03-Mar-2013
106519;PineBridge India Liquid Fund- Standard Plan-Monthly Dividend Option;INF178L01723;INF178L01731;1002.3223;1002.3223;1002.3223;03-Mar-2013
106520;PineBridge India Liquid Fund- Standard Plan-Quarterly Dividend Option;INF178L01749;INF178L01756;1015.5224;1015.5224;1015.5224;03-Mar-2013
106509;PineBridge India Liquid Fund- Standard Plan-Weekly Dividend Option;;INF178L01764;1002.3301;1002.3301;1002.3301;03-Mar-2013
106503;PineBridge India Liquid Fund-Retail Plan-DailyDividend Option;;INF178L01533;1001.0000;1001.0000;1001.0000;03-Mar-2013
106514;PineBridge India Liquid Fund-Retail Plan-Growth Option;INF178L01558;;1446.0180;1446.0180;1446.0180;03-Mar-2013
106504;PineBridge India Liquid Fund-Retail Plan-Monthly Dividend Option;INF178L01566;INF178L01574;1002.2628;1002.2628;1002.2628;03-Mar-2013
106510;PineBridge India Liquid Fund-Retail Plan-Weekly Dividend Option;;INF178L01608;1002.2632;1002.2632;1002.2632;03-Mar-2013

Sahara Mutual Fund
101397;Sahara Liquid Fund-Fixed Pricing -  Weekly Dividend Option;;INF515L01064;1027.4373;1027.4373;1027.4373;03-Mar-2013
101393;Sahara Liquid Fund-Fixed Pricing - Daily Dividend Option;;INF515L01049;1030.1847;1030.1847;1030.1847;03-Mar-2013
120265;Sahara Liquid Fund-Fixed Pricing - Direct - Weekly Dividend Option;;INF515L01668;1027.4373;1027.4373;1027.4373;03-Mar-2013
120262;Sahara Liquid Fund-Fixed Pricing - Direct -Growth option;INF515L01650;;2104.1444;2104.1444;2104.1444;03-Mar-2013
101394;Sahara Liquid Fund-Fixed Pricing - Growth option;INF515L01056;;2103.9433;2103.9433;2103.9433;03-Mar-2013
101398;Sahara Liquid Fund-Fixed Pricing - Monthly Dividend Option;;INF515L01072;1030.0352;1030.0352;1030.0352;03-Mar-2013
120253;Sahara Liquid Fund-Fixed Pricing -Direct - Daily Dividend Option- Direct;;INF515L01643;1030.1847;1030.1847;1030.1847;03-Mar-2013
120266;Sahara Liquid Fund-Fixed Pricing -Direct - Monthly Dividend Option;;INF515L01676;1030.0352;1030.0352;1030.0352;03-Mar-2013
101399;Sahara Liquid Fund-Variable Pricing - Daily Dividend option;;INF515L01080;1030.1979;1030.1979;1030.1979;03-Mar-2013
101402;Sahara Liquid Fund-Variable Pricing - Growth option;INF515L01114;;2122.8522;2122.8522;2122.8522;03-Mar-2013
101400;Sahara Liquid Fund-Variable Pricing - Weekly Dividend Option;;INF515L01098;1032.4527;1032.4527;1032.4527;03-Mar-2013
120271;Sahara Liquid Fund-Variable Pricing -Direct - Daily Dividend option;;INF515L01684;1030.1979;1030.1979;1030.1979;03-Mar-2013
120280;Sahara Liquid Fund-Variable Pricing -Direct - Growth option;INF515L01718;;2122.9680;2122.9680;2122.9680;03-Mar-2013
120272;Sahara Liquid Fund-Variable Pricing -Direct - Weekly Dividend Option;;INF515L01692;1032.4527;1032.4527;1032.4527;03-Mar-2013
120273;Sahara Liquid Fund-Variable Pricing- Direct - Monthly Dividend Option;;INF515L01700;1034.4004;1034.4004;1034.4004;03-Mar-2013
101401;Sahara Liquid Fund-Variable Pricing- Monthly Dividend Option;;INF515L01106;1034.4004;1034.4004;1034.4004;03-Mar-2013

Tata Mutual Fund
101987;Tata Liquid Fund Reglar Plan - Monthly Dividend;INF277K01LR5;INF277K01LS3;1000.6731;1000.6731;1000.6731;03-Mar-2013
101861;Tata Liquid Fund-Regular Plan  - Weekly Dividend;INF277K016C5;;1001.8062;1001.8062;1001.8062;03-Mar-2013
101984;Tata Liquid High Investment Plan - Daily;;;1114.3379;1114.3379;1114.3379;03-Mar-2013
101860;Tata Liquid High Investment Plan - Growth;INF277K01LN4;;1912.4981;1912.4981;1912.4981;03-Mar-2013
101985;Tata Liquid High Investment Plan - Monthly;INF277K01LO2;INF277K01LP9;1020.2141;1020.2141;1020.2141;03-Mar-2013
101859;Tata Liquid High Investment Plan - Weekly;;;1147.7477;1147.7477;1147.7477;03-Mar-2013
101982;Tata Liquid Retail Investment PLan - Daily;;;1116.8143;1116.8143;1116.8143;03-Mar-2013
101983;Tata Liquid Retail Investment Plan - Fortnightly;;;1145.6809;1145.6809;1145.6809;03-Mar-2013
101858;Tata Liquid Retail Investment Plan - Growth;INF277K01LM6;;2627.7720;2627.7720;2627.7720;03-Mar-2013
103631;Tata Liquidity Management Fund - Regular Plan - Daily Dividend;;;1002.6089;1000.1024;1002.6089;03-Mar-2013
103632;Tata Liquidity Management Fund - Regular Plan - Growth;INF277K01LW5;;1575.2904;1571.3522;1575.2904;03-Mar-2013
103519;Tata Liquidity Management Fund - Regular Plan  -Weekly Dividend;;;1006.6103;1004.0938;1006.6103;03-Mar-2013
119443;Tata Liquidity Management Fund- Direct Plan-Daily Dividend;;;1002.6089;1000.1024;1002.6089;03-Mar-2013
119444;Tata Liquidity Management Fund- Direct Plan-Growth;INF277K01PU0;;1575.4401;1571.5015;1575.4401;03-Mar-2013
119442;Tata Liquidity Management Fund- Direct Plan-Weekly Dividend;;;1006.6405;1004.1239;1006.6405;03-Mar-2013

Open Ended Schemes ( Money Market )


Tata Mutual Fund
102152;Tata Money Market Fund Regular (Bonus / Dividend);;;10.1593;10.1593;10.1593;03-Mar-2013
102153;Tata Money Market Fund Regular (Growth);INF277K01LY1;;18.4007;18.4007;18.4007;03-Mar-2013

Open Ended Schemes ( Debt Scheme - Overnight Fund )


HDFC Mutual Fund
119109;HDFC Overnight Fund - Daily IDCW Option - Direct Plan;;INF179KB1HY1;10.4266;10.4266;10.4266;03-Mar-2013
101996;HDFC Overnight Fund - Growth Option;INF179KB1HS3;;18.6813;18.6813;18.6813;03-Mar-2013
119110;HDFC Overnight Fund - Growth Option - Direct Plan;INF179KB1HT1;;18.6829;18.6829;18.6829;03-Mar-2013
101997;HDFC Overnight Fund - IDCW Option (Daily);;INF179KB1IF8;10.4266;10.4266;10.4266;03-Mar-2013

L&T Mutual Fund
118059;L&T Cash Fund - Institutional Plan - Growth Option;INF677K01AP3;;1569.9059;1569.9059;1569.9059;03-Mar-2013
118055;L&T Cash Fund - Retail Plan - Growth option;INF677K01AK4;;1531.3275;1531.3275;1531.3275;03-Mar-2013
118062;L&T Cash Fund - Retail Plan - Monthly Dividend Option;INF677K01AN8;INF677K01AO6;1005.4419;1005.4419;1005.4419;03-Mar-2013
118066;L&T Overnight Fund  - Regular Plan - Monthly IDCW;INF917K01EL4;INF917K01EM2;1005.6093;1005.6093;1005.6093;03-Mar-2013
119283;L&T Overnight Fund - Direct Plan - Growth;INF917K01EN0;;1584.2147;1584.2147;1584.2147;03-Mar-2013
119284;L&T Overnight Fund - Direct Plan- Daily IDCW;;INF917K01EO8;1023.3000;1023.3000;1023.3000;03-Mar-2013
119282;L&T Overnight Fund - Direct Plan- Monthly IDCW;INF917K01ER1;;1005.6663;1005.6663;1005.6663;03-Mar-2013
119285;L&T Overnight Fund - Direct Plan- Weekly IDCW;;INF917K01EP5;1001.3919;1001.3919;1001.3919;03-Mar-2013
118056;L&T Overnight Fund - Regular Plan - Daily IDCW;;INF917K01EJ8;1023.3000;1023.3000;1023.3000;03-Mar-2013
118058;L&T Overnight Fund - Regular Plan - Growth;INF917K01EI0;;1584.2893;1584.2893;1584.2893;03-Mar-2013
118065;L&T Overnight Fund - Regular Plan - Weekly IDCW;;INF917K01EK6;1001.3855;1001.3855;1001.3855;03-Mar-2013

SBI Mutual Fund
119831;SBI Overnight Fund - Direct Plan - Daily Income Distribution cum Capital Withdrawal Option (IDCW);;INF200K01TJ7;1009.9100;1009.9100;1009.9100;03-Mar-2013
119833;SBI OVERNIGHT FUND - DIRECT PLAN - GROWTH;INF200K01TK5;;2001.5188;2001.5188;2001.5188;03-Mar-2013
119832;SBI Overnight Fund - Direct Plan - Weekly Income Distribution cum Capital Withdrawal Option (IDCW);INF200K01TL3;INF200K01TM1;1031.4247;1031.4247;1031.4247;03-Mar-2013
114297;SBI Overnight Fund - Regular Plan - Daily Income Distribution cum Capital Withdrawal Option (IDCW);;INF200K01LN6;1009.9100;1009.9100;1009.9100;03-Mar-2013
101206;SBI OVERNIGHT FUND - REGULAR PLAN - GROWTH;INF200K01LQ9;;2000.9242;2000.9242;2000.9242;03-Mar-2013
103140;SBI Overnight Fund - Regular Plan - Weekly Income Distribution cum Capital Withdrawal Option (IDCW);INF200K01LO4;INF200K01LP1;1031.4198;1031.4198;1031.4198;03-Mar-2013

Open Ended Schemes ( Debt Scheme - Liquid Fund )


Aditya Birla Sun Life Mutual Fund
100047;Aditya Birla Sun Life Liquid Fund - Growth;INF209K01RU9;;186.6094;186.6094;186.6094;03-Mar-2013
119568;Aditya Birla Sun Life Liquid Fund - Growth - Direct Plan;INF209K01VA3;;186.6244;186.6244;186.6244;03-Mar-2013
100046;Aditya Birla Sun Life Liquid Fund -Daily IDCW;INF209K01KQ2;INF209K01SQ5;100.1950;100.1950;100.1950;03-Mar-2013
119569;Aditya Birla Sun Life Liquid Fund -Direct - daily IDCW;INF209K01UZ2;;100.1950;100.1950;100.1950;03-Mar-2013
119570;Aditya Birla Sun Life Liquid Fund -Direct - weekly IDCW;INF209K01VC9;;100.2722;100.2722;100.2722;03-Mar-2013
100041;Aditya Birla Sun Life Liquid Fund -Institutional - IDCW;;INF209K01KN9;108.0230;108.0230;108.0230;03-Mar-2013
100048;Aditya Birla Sun Life Liquid Fund -Institutional - weekly  IDCW;INF209KA1LK7;INF209K01KY6;108.1171;108.1171;108.1171;03-Mar-2013
100044;Aditya Birla Sun Life Liquid Fund -Retail - IDCW;;INF209K01KP4;163.6940;163.6940;163.6940;03-Mar-2013
100051;Aditya Birla Sun Life Liquid Fund -weekly IDCW;INF209K01KU4;INF209KA1LJ9;100.2719;100.2719;100.2719;03-Mar-2013
112014;Aditya Birla Sun Life Liquid Fund- Discipline Advantage Plan;INF209K01KZ3;;126.3273;126.3273;126.3273;03-Mar-2013
100043;Aditya Birla Sun Life Liquid Fund-Institutional (Growth);INF209K01RT1;;311.7998;311.7998;311.7998;03-Mar-2013
100042;Aditya Birla Sun Life Liquid Fund-Retail (Growth);INF209K01ME4;;304.4660;304.4660;304.4660;03-Mar-2013

Axis Mutual Fund
120388;Axis Liquid Fund - Direct Plan - Daily IDCW;;INF846K01DA0;1000.1107;1000.1107;1000.1107;03-Mar-2013
120389;Axis Liquid Fund - Direct Plan - Growth Option;INF846K01CX4;;1291.3232;1291.3232;1291.3232;03-Mar-2013
120391;Axis Liquid Fund - Direct Plan - Monthly IDCW;INF846K01CY2;INF846K01CZ9;1001.4156;1001.4156;1001.4156;03-Mar-2013
120390;Axis Liquid Fund - Direct Plan - Weekly IDCW;INF846K01DB8;INF846K01DC6;1003.4674;1003.4674;1003.4674;03-Mar-2013
112211;Axis Liquid Fund - Regular Plan - Daily IDCW;;INF846K01420;1000.1107;1000.1107;1000.1107;03-Mar-2013
112210;Axis Liquid Fund - Regular Plan - Growth Option;INF846K01412;;1291.1734;1291.1734;1291.1734;03-Mar-2013
112213;Axis Liquid Fund - Regular Plan - Monthly IDCW;INF846K01453;INF846K01461;1001.4123;1001.4123;1001.4123;03-Mar-2013
112212;Axis Liquid Fund - Regular Plan - Weekly IDCW;INF846K01438;INF846K01446;1003.4546;1003.4546;1003.4546;03-Mar-2013
112712;Axis Liquid Fund - Retail Plan - Daily IDCW;;INF846K01362;1000.1107;1000.1107;1000.1107;03-Mar-2013
112713;Axis Liquid Fund - Retail Plan - Growth Option;INF846K01354;;1258.8536;1258.8536;1258.8536;03-Mar-2013
112714;Axis Liquid Fund - Retail Plan - Monthly IDCW;INF846K01396;INF846K01404;1001.3469;1001.3469;1001.3469;03-Mar-2013
112715;Axis Liquid Fund - Retail Plan - Weekly IDCW;INF846K01370;INF846K01388;1001.4058;1001.4058;1001.4058;03-Mar-2013

Bandhan Mutual Fund
108692;BANDHAN LIQUID Fund - Regular Plan - Daily IDCW;INF194K01VZ4;INF194K01VY7;1000.2500;1000.2500;1000.2500;03-Mar-2013
108690;BANDHAN LIQUID Fund - Regular Plan - Growth;INF194K01VX9;;1416.4191;1416.4191;1416.4191;03-Mar-2013
108693;BANDHAN LIQUID Fund - Regular Plan - Monthly IDCW;INF194K01WF4;INF194K01WE7;1000.9945;1000.9945;1000.9945;03-Mar-2013
115489;BANDHAN LIQUID Fund - Regular Plan - Periodic IDCW;INF194K01WC1;INF194K01WB3;1116.1444;1116.1444;1116.1444;03-Mar-2013
108691;BANDHAN LIQUID Fund - Regular Plan - Weekly IDCW;INF194K01WI8;INF194K01WH0;1000.5571;1000.5571;1000.5571;03-Mar-2013
118365;BANDHAN LIQUID Fund -Direct Plan -Monthly IDCW;INF194K01J36;INF194K01J28;1007.9553;1007.9553;1007.9553;03-Mar-2013
118367;BANDHAN LIQUID Fund -Direct Plan -Weekly IDCW;INF194KB1JT8;INF194K01J51;1001.4628;1001.4628;1001.4628;03-Mar-2013
118366;BANDHAN LIQUID Fund -Direct Plan-Daily IDCW;;INF194K01I78;1000.2500;1000.2500;1000.2500;03-Mar-2013
118364;BANDHAN LIQUID Fund -Direct Plan-Growth;INF194K01I60;;1416.4506;1416.4506;1416.4506;03-Mar-2013
108779;BANDHAN Liquid Fund-Plan A-Dividend (Daily);INF194K01VC3;INF194K01VB5;1058.1900;1058.1900;1058.1900;03-Mar-2013
108778;BANDHAN Liquid Fund-Plan A-Growth;INF194K01UX1;;2045.8390;2045.8390;2045.8390;03-Mar-2013
115486;BANDHAN Liquid Fund-Plan A-Monthly;INF194K01VF6;INF194K01VE9;1000.9348;1000.9348;1000.9348;03-Mar-2013
115487;BANDHAN Liquid Fund-Plan A-Periodic Dividend;INF194K01UZ6;INF194K01UY9;1107.9563;1107.9563;1107.9563;03-Mar-2013
108607;BANDHAN Liquid Fund - Plan A-Dividend (Weekly);INF194K01VI0;INF194K01VH2;1001.4253;1001.4253;1001.4253;03-Mar-2013
108781;BANDHAN Liquid Fund - Plan B (G) (Institutional Plan);INF194K01VK6;;2067.0852;2067.0852;2067.0852;03-Mar-2013
108629;BANDHAN Liquid Fund - Plan B - Dividend-Weekly;INF194K01VS9;INF194K01VR1;1000.5207;1000.5207;1000.5207;03-Mar-2013
108681;BANDHAN Liquid Fund - Plan B-Daily-Dividend(Institutional Plan);INF194K01VM2;INF194K01VL4;1062.4776;1062.4776;1062.4776;03-Mar-2013

Bank of India Mutual Fund
119368;BANK OF INDIA Liquid Fund- Direct Plan- Daily IDCW;;INF761K01CL0;1000.1055;1000.1055;1000.1055;03-Mar-2013
119369;BANK OF INDIA Liquid Fund- Direct Plan- Growth;INF761K01785;;1341.3141;1341.3141;1341.3141;03-Mar-2013
109256;BANK OF INDIA Liquid Fund- Institutional Plan-Growth;INF761K01314;;1361.1394;1361.1394;0.0000;03-Mar-2013
111971;BANK OF INDIA Liquid Fund- Regular Plan- Daily IDCW;;INF761K01CO4;1000.0607;1000.0607;1000.0607;03-Mar-2013
109254;BANK OF INDIA Liquid Fund- Regular Plan- Growth;INF761K01306;;1341.1932;1341.1932;1341.1932;03-Mar-2013
109255;BANK OF INDIA Liquid Fund- Regular Plan- Weekly IDCW;;INF761K01CP1;1001.8979;1001.8979;1001.8979;03-Mar-2013

Baroda BNP Paribas Mutual Fund
119414;Baroda BNP Paribas LIQUID FUND - DIRECT PLAN - DAILY IDCW OPTION;INF955L01AK2;;1000.6300;1000.6300;1000.6300;03-Mar-2013
119415;Baroda BNP Paribas LIQUID FUND - DIRECT PLAN - GROWTH OPTION;INF955L01AL0;;1335.2648;1335.2648;1335.2648;03-Mar-2013
119416;Baroda BNP Paribas LIQUID FUND - DIRECT PLAN - WEEKLY IDCW OPTION;INF251K01SL8;;1001.5205;1001.5205;1001.5205;03-Mar-2013
111707;Baroda BNP Paribas LIQUID FUND - Regular Plan - DAILY IDCW OPTION;INF955L01468;INF955L01476;1000.6300;1000.6300;1000.6300;03-Mar-2013
111704;Baroda BNP Paribas LIQUID FUND - Regular Plan - GROWTH OPTION;INF955L01484;;1335.1559;1335.1559;1335.1559;03-Mar-2013
111705;Baroda BNP Paribas LIQUID FUND - Regular Plan - WEEKLY IDCW OPTION;INF251K01SK0;INF955L01500;1001.4163;1001.4163;1001.4163;03-Mar-2013
101408;Baroda BNP Paribas LIQUID FUND- Defunct Plan -Growth Option;INF955L01575;;2021.1184;2021.1184;2021.1184;03-Mar-2013
101407;Baroda BNP Paribas LIQUID FUND-Defunct Plan- IDCW Option;INF955L01559;INF955L01567;1731.5950;1731.5950;1731.5950;03-Mar-2013
101409;Baroda BNP Paribas LIQUID FUND-Defunct Plan-Daily IDCW Option;INF955L01518;INF955L01526;1006.0600;1006.0600;1006.0600;03-Mar-2013
111706;BARODA LIQUID FUND PLAN A - MONTHLY IDCW OPTION;;;1001.8170;1001.8170;1001.8170;03-Mar-2013

BNP Paribas Mutual Fund
117941;BNP PARIBAS LIQUID FUND  GROWTH OPTION;INF251K01CM0;;17.9257;17.9257;17.9257;03-Mar-2013
117940;BNP PARIBAS LIQUID FUND  MONTHLY DIVIDEND OPTION;INF251K01CP3;INF251K01CQ1;10.0206;10.0206;10.0206;03-Mar-2013
117942;BNP PARIBAS LIQUID FUND  WEEKLY DIVIDEND OPTION;;INF251K01CO6;10.0082;10.0082;10.0082;03-Mar-2013
120122;BNP Paribas LIQUID Fund - Direct Plan - Daily Dividend Option;;INF251K01FY8;10.0030;10.0030;10.0030;03-Mar-2013
120123;BNP Paribas LIQUID Fund - Direct Plan - Growth Option;;INF251K01FX0;17.9274;17.9274;17.9274;03-Mar-2013
120124;BNP Paribas LIQUID Fund - Direct Plan - Monthly Dividend Option;INF251K01GA6;INF251K01GB4;10.0207;10.0207;10.0207;03-Mar-2013
120125;BNP Paribas LIQUID Fund - Direct Plan - Weekly Dividend Option;;INF251K01FZ5;10.0083;10.0083;10.0083;03-Mar-2013
117943;BNP PARIBAS LIQUID FUND DAILY DIVIDEND OPTION;;INF251K01CN8;10.0030;10.0030;10.0030;03-Mar-2013
113640;BNP PARIBAS LIQUID Fund-Regular Plan-Growth Option;INF251K01CI8;;17.2338;17.2338;17.2338;03-Mar-2013
113632;BNP PARIBAS LIQUID Fund-Regular Plan-Monthly Dividend;INF251K01CK4;INF251K01CL2;10.0183;10.0183;10.0183;03-Mar-2013
113637;BNP PARIBAS LIQUID Fund-Regular Plan-Weekly Dividend Option;;INF251K01CJ6;10.0074;10.0074;10.0074;03-Mar-2013

Canara Robeco Mutual Fund
118307;CANARA ROBECO LIQUID FUND - DIRECT PLAN - DAILY IDCW (Reinvestment);;INF760K01FS0;1005.5000;1005.5000;1005.5000;03-Mar-2013
118305;CANARA ROBECO LIQUID FUND - DIRECT PLAN - GROWTH OPTION;INF760K01FU6;;1416.9493;1416.9493;1416.9493;03-Mar-2013
118304;CANARA ROBECO LIQUID FUND - DIRECT PLAN - IDCW (Payout/Reinvestment);INF760K01FT8;;1014.4482;1014.4482;1014.4482;03-Mar-2013
118306;CANARA ROBECO LIQUID FUND - DIRECT PLAN - MONTHLY IDCW (Payout/Reinvestment);INF760K01FV4;INF760K01FW2;1000.9466;1000.9466;1000.9466;03-Mar-2013
118308;CANARA ROBECO LIQUID FUND - DIRECT PLAN - WEEKLY IDCW (Payout/Reinvestment);INF760K01FY8;INF760K01FX0;1000.9184;1000.9184;1000.9184;03-Mar-2013
109349;CANARA ROBECO LIQUID FUND - REGULAR PLAN - DAILY IDCW (Reinvestment);;INF760K01CU3;1005.5000;1005.5000;1005.5000;03-Mar-2013
109353;CANARA ROBECO LIQUID FUND - REGULAR PLAN - GROWTH OPTION;INF760K01CW9;;1416.8331;1416.8331;1416.8331;03-Mar-2013
109351;CANARA ROBECO LIQUID FUND - REGULAR PLAN - MONTHLY IDCW (Payout/Reinvestment);INF760K01CX7;INF760K01CY5;1000.9154;1000.9154;1000.9154;03-Mar-2013
109350;CANARA ROBECO LIQUID FUND - REGULAR PLAN - WEEKLY IDCW (Payout/Reinvestment);INF760K01BZ4;INF760K01CZ2;1000.9112;1000.9112;1000.9112;03-Mar-2013
101363;Canara Robeco Liquid Fund- INSTITUTIONAL-Daily Dividend Reinvestment;;INF760K01CC1;1005.5000;1005.5000;1005.5000;03-Mar-2013
101362;Canara Robeco Liquid Fund- INSTITUTIONAL-Growth;INF760K01CD9;;2096.7039;2096.7039;2096.7039;03-Mar-2013
101364;Canara Robeco Liquid Fund-Retail-DRI;;INF760K01CF4;1007.0000;1007.0000;1007.0000;03-Mar-2013
101365;Canara Robeco Liquid Fund-Retail-Growth;INF760K01CH0;;2065.7719;2065.7719;2065.7719;03-Mar-2013
109347;Canara Robeco Liquid Fund-Retail-Monthly Div Reinvest;;INF760K01CI8;1006.2894;1006.2894;1006.2894;03-Mar-2013
109356;Canara Robeco Liquid Fund-Retail-Weekly Div Reinvest;;INF760K01CJ6;1006.2893;1006.2893;1006.2893;03-Mar-2013

DSP Mutual Fund
119125;DSP Liquidity Fund - Direct Plan - Growth;INF740K01QL4;;1667.3352;1667.3352;1667.3352;03-Mar-2013
119124;DSP Liquidity Fund - Direct Plan - IDCW - Daily;;INF740KA1OB6;1000.3161;1000.3161;1000.3161;03-Mar-2013
119123;DSP Liquidity Fund - Direct Plan - IDCW - Weekly;INF740KA1OC4;INF740KA1OD2;1000.8943;1000.8943;1000.8943;03-Mar-2013
103347;DSP Liquidity Fund - Regular Plan - Growth;INF740K01FK9;;1667.1935;1667.1935;1667.1935;03-Mar-2013
103348;DSP Liquidity Fund - Regular Plan - IDCW - Weekly;INF740K01FM5;INF740K01FL7;1000.8901;1000.8901;1000.8901;03-Mar-2013
103349;DSP Liquidity Fund- Regular Plan - IDCW - Daily;;INF740KA1OE0;1000.3161;1000.3161;1000.3161;03-Mar-2013
100943;DSP BlackRock Liquidity Fund - Regular Plan - Daily Dividend;;;10.0167;10.0167;10.0167;03-Mar-2013
100940;DSP BlackRock Liquidity Fund - Regular Plan - Growth;INF740K01CN0;;27.5150;27.5150;27.5150;03-Mar-2013
100941;DSP BlackRock Liquidity Fund - Regular Plan Weekly Dividend;;;12.4187;12.4187;12.4187;03-Mar-2013

Franklin Templeton Mutual Fund
100541;Franklin India Liquid Fund - Regular Plan - Daily - IDCW;;INF090I01BA3;1512.3400;1512.3400;1512.3400;03-Mar-2013
100538;Franklin India Liquid Fund - Regular Plan - Growth;INF090I01BB1;;2827.2781;2827.2781;2827.2781;03-Mar-2013
100537;Franklin India Liquid Fund - Regular Plan - Weekly - IDCW;INF090I01BL0;INF090I01BI6;1244.3238;1244.3238;1244.3238;03-Mar-2013
118577;Franklin India Liquid Fund - Super Institutional - Direct - Growth;INF090I01JV2;;1734.2410;1734.2410;1734.2410;03-Mar-2013
100547;Franklin India Liquid Fund - Super Institutional Plan - Daily - IDCW;;INF090I01BF2;1000.6730;1000.6730;1000.6730;03-Mar-2013
118578;Franklin India Liquid Fund - Super Institutional Plan - Direct - Daily - IDCW;INF090I01JW0;;1000.6730;1000.6730;1000.6730;03-Mar-2013
118579;Franklin India Liquid Fund - Super Institutional Plan - Direct - Weekly - IDCW;INF090I01JX8;INF090I01JY6;1021.3891;1021.3891;1021.3891;03-Mar-2013
100546;Franklin India Liquid Fund - Super Institutional Plan - Growth;INF090I01BG0;;1734.1247;1734.1247;1734.1247;03-Mar-2013
100548;Franklin India Liquid Fund - Super Institutional Plan - Weekly - IDCW;INF090I01BM8;INF090I01BH8;1021.1243;1021.1243;1021.1243;03-Mar-2013
102441;Franklin India Liquid Fund - Institution-Growth;INF090I01BD7;;1805.5358;1805.5358;1805.5358;03-Mar-2013
102443;Franklin India Liquid Fund - Institutional Plan - Daily - IDCW;;INF090I01BC9;1000.6730;1000.6730;1000.6730;03-Mar-2013
102442;Franklin India Liquid Fund - Institutional Plan - Weekly - IDCW;INF090I01BJ4;INF090I01BE5;1054.7184;1054.7184;1054.7184;03-Mar-2013

Groww Mutual Fund
119135;Groww Liquid Fund ( formerly known as Indiabulls Liquid )Fund - Direct Plan - Growth Option;INF666M01451;;1133.3534;1133.3534;1133.3534;03-Mar-2013
119136;Groww Liquid Fund (formerly known as Indiabulls Liquid Fund) - Direct Plan- - Income Distribution cum capital withdrawal Option ( Reinvestment);;INF666M01469;1000.0193;1000.0193;1000.0193;03-Mar-2013
115991;Groww Liquid Fund (formerly known as Indiabulls Liquid Fund) - Regular Plan - Growth Option;INF666M01014;;1133.2380;1133.2380;1133.2380;03-Mar-2013
115992;Groww Liquid Fund (formerly known as Indiabulls Liquid Fund)- Regular Plan- - Income Distribution cum capital withdrawal Option (Reinvestment);;INF666M01022;1000.0193;1000.0193;1000.0193;03-Mar-2013
115995;Groww Liquid Fund (formerly known as Indiabulls Liquid Fund)- Regular Plan- Monthly - Income Distribution cum capital withdrawal Option (Payout & Reinvestment);INF666M01071;INF666M01055;1000.4545;1000.4545;1000.4545;03-Mar-2013
115993;Groww Liquid Fund (formerly known as Indiabulls Liquid Fund)- Regular Plan- Weekly - Income Distribution cum capital withdrawal Option (Payout & Reinvestment);INF666M01089;INF666M01030;1001.3985;1001.3985;1001.3985;03-Mar-2013

HDFC Mutual Fund
119091;HDFC Liquid Fund - Growth Option - Direct Plan;INF179KB1HP9;;22.9734;22.9734;22.9734;03-Mar-2013
100868;HDFC Liquid Fund - Growth Plan;INF179KB1HK0;;22.9684;22.9684;22.9684;03-Mar-2013
100875;HDFC Liquid Fund - IDCW Daily;;INF179KB1IC5;10.1982;10.1982;10.1982;03-Mar-2013
119089;HDFC Liquid Fund - IDCW Daily - Direct Plan;;INF179KB1HV7;10.1982;10.1982;10.1982;03-Mar-2013
100876;HDFC Liquid Fund - IDCW Monthly;INF179KB1HM6;INF179KB1HL8;10.2768;10.2768;10.2768;03-Mar-2013
119090;HDFC Liquid Fund - IDCW Monthly - Direct Plan;INF179KB1HO2;INF179KB1HQ7;10.2771;10.2771;10.2771;03-Mar-2013
100874;HDFC Liquid Fund - IDCW Plan Weekly;INF179KB1ID3;;10.3241;10.3241;10.3241;03-Mar-2013
119088;HDFC Liquid Fund - IDCW Weekly - Direct Plan;;;10.3244;10.3244;10.3244;03-Mar-2013
100877;HDFC Liquid Fund-Premium Plan - Dividend-Daily;;INF179K01KN4;12.2598;12.2598;12.2598;03-Mar-2013
100878;HDFC Liquid Fund-Premium Plan - Dividend-Weekly;INF179K01KP9;;10.1138;10.1138;10.1138;03-Mar-2013
100873;HDFC Liquid Fund-PREMIUM- Growth;INF179KB1HN4;;23.3321;23.3321;23.3321;03-Mar-2013

HSBC Mutual Fund
118910;HSBC Cash Fund - Institutional Plan - Growth;INF336L01BT4;;1854.7416;1854.7416;1854.7416;03-Mar-2013
118911;HSBC Cash Fund-Institutional Plan - Monthly Dividend;INF336L01BU2;;1000.0000;1000.0000;1000.0000;03-Mar-2013
118912;HSBC Cash Fund-Institutional Plan - Weekly Dividend;;INF336L01BV0;1000.0000;1000.0000;1000.0000;03-Mar-2013
120038;HSBC Liquid Fund -  Growth Direct;INF336L01CC8;;1161.8398;1161.8398;1161.8398;03-Mar-2013
120037;HSBC Liquid Fund - Direct Daily IDCW;;INF336L01CB0;1000.5600;1000.5600;1000.5600;03-Mar-2013
120039;HSBC Liquid Fund - Direct Monthly IDCW;INF336L01BZ1;INF336L01CA2;1000.0000;1000.0000;1000.0000;03-Mar-2013
120040;HSBC Liquid Fund - Direct Weekly IDCW;INF336L01LK2;INF336L01CD6;1111.0024;1111.0024;1111.0024;03-Mar-2013
118907;HSBC Liquid Fund - Growth;INF336L01BL1;;1821.4588;1821.4588;1821.4588;03-Mar-2013
118906;HSBC Liquid Fund - IDCW;;INF336L01BK3;1019.3000;1019.3000;1019.3000;03-Mar-2013
118909;HSBC Liquid Fund - Institutional Daily IDCW;;INF336L01BS6;1079.0245;1079.0245;1079.0245;03-Mar-2013
118901;HSBC Liquid Fund - Regular Daily IDCW;;INF336L01BM9;1000.5600;1000.5600;1000.5600;03-Mar-2013
118902;HSBC Liquid Fund - Regular Growth;INF336L01BN7;;1161.8398;1161.8398;1161.8398;03-Mar-2013
118903;HSBC Liquid Fund - Regular Monthly IDCW;INF336L01BP2;INF336L01BO5;1002.0746;1002.0746;1002.0746;03-Mar-2013
118904;HSBC Liquid Fund - Regular Weekly IDCW;INF336L01LJ4;INF336L01BQ0;1111.0007;1111.0007;1111.0007;03-Mar-2013
118908;HSBC Liquid Fund - Weekly IDCW;;INF336L01BR8;1002.0964;1002.0964;1002.0964;03-Mar-2013

ICICI Prudential Mutual Fund
100357;ICICI Prudential Liquid Fund -Quarterly IDCW;INF109K01UU5;INF109K01UT7;101.7378;101.7378;101.7378;03-Mar-2013
100359;ICICI Prudential Liquid Institutional Plus Fund - Div - Daily;INF109K01VJ6;;118.5150;118.5150;118.5150;03-Mar-2013
100360;ICICI Prudential Liquid Institutional Plus Fund - Div - Weekly;INF109K01VM0;;118.7332;118.7332;118.7332;03-Mar-2013
100362;ICICI Prudential Liquid Institutional Plus Fund - Growth;INF109K01VK4;;285.3728;285.3728;285.3728;03-Mar-2013
103343;ICICI Prudential Liquid Fund - Daily IDCW;INF109K01VP3;;100.0226;100.0226;100.0226;03-Mar-2013
120188;ICICI Prudential Liquid Fund - Direct Plan - Daily IDCW;;INF109K01Q15;100.0226;100.0226;100.0226;03-Mar-2013
120197;ICICI Prudential Liquid Fund - Direct Plan - Growth;INF109K01Q49;;172.3091;172.3091;172.3091;03-Mar-2013
120189;ICICI Prudential Liquid Fund - Direct Plan - Monthly IDCW;INF109K01R06;;100.4200;100.4200;100.4200;03-Mar-2013
120196;ICICI Prudential Liquid Fund - Direct Plan - Quarterly IDCW;INF109K01Q72;INF109K01Q80;101.7430;101.7430;101.7430;03-Mar-2013
120190;ICICI Prudential Liquid Fund - Direct Plan - Weekly IDCW;INF109K01Q98;;100.3207;100.3207;100.3207;03-Mar-2013
103340;ICICI Prudential Liquid Fund - Growth;INF109K01VQ1;;172.2937;172.2937;172.2937;03-Mar-2013
104308;ICICI Prudential Liquid Fund - Half Yearly IDCW;INF109K01UX9;INF109K01UW1;103.5507;103.5507;103.5507;03-Mar-2013
103344;ICICI Prudential Liquid Fund - Institutional Option - I;INF109K01VH0;;167.8140;167.8140;167.8140;03-Mar-2013
103342;ICICI Prudential Liquid Fund - Weekly IDCW;INF109K01VS7;;100.2947;100.2947;100.2947;03-Mar-2013
103341;ICICI Prudential Liquid Fund -Monthly IDCW;INF109K01VR9;;100.2304;100.2304;100.2304;03-Mar-2013
101748;ICICI Prudential Liquid Fund - Institutional - Daily - Div;INF109K01VE7;;118.5020;118.5020;118.5020;03-Mar-2013
101753;ICICI Prudential Liquid Fund - Institutional - Weekly - Div;INF109K01VI8;;118.5990;118.5990;118.5990;03-Mar-2013
101754;ICICI Prudential Liquid Fund Retail Daily Dividend;INF109K01UR1;;118.5140;118.5140;118.5140;03-Mar-2013
101750;ICICI Prudential Liquid Fund Retail Growth;INF109K01UQ3;;275.2558;275.2558;275.2558;03-Mar-2013
101755;ICICI Prudential Liquid Fund Retail Monthly Dividend;INF109K01US9;;100.3106;100.3106;100.3106;03-Mar-2013
101752;ICICI Prudential Liquid Fund Retail Weekly Dividend;INF109K01UV3;;118.9672;118.9672;118.9672;03-Mar-2013
101751;ICICI Prudential Liquid Institutional Fund - Growth;INF109K01VF4;;282.1891;282.1891;282.1891;03-Mar-2013

IDBI Mutual Fund
118345;IDBI Liquid Fund Growth Direct;INF397L01AH3;;1250.4281;1250.4281;1250.4281;03-Mar-2013
113104;IDBI Liquid Fund- Monthly IDCW;INF397L01976;INF397L01968;1001.4223;1001.4223;1001.4223;03-Mar-2013
118449;IDBI Liquid Fund- Monthly IDCW Direct;INF397L01AK7;INF397L01AJ9;0.0000;0.0000;0.0000;03-Mar-2013
113102;IDBI Liquid Fund-Daily IDCW;;INF397L01935;1000.1093;1000.1093;1000.1093;03-Mar-2013
118450;IDBI Liquid Fund-Daily IDCW Direct;;INF397L01AI1;1000.1093;1000.1093;1000.1093;03-Mar-2013
113096;IDBI Liquid Fund-Growth;INF397L01984;;1250.3353;1250.3353;1250.3353;03-Mar-2013
113103;IDBI Liquid Fund-Weekly IDCW;INF397L01950;INF397L01943;1000.2200;1000.2200;1000.2200;03-Mar-2013
118451;IDBI Liquid Fund-Weekly IDCW Direct;INF397L01AM3;INF397L01AL5;1000.5655;1000.5655;1000.5655;03-Mar-2013

Invesco Mutual Fund
104484;Invesco India Liquid Fund - Daily IDCW (Reinvestment);;INF205K01HN3;1000.7849;1000.7849;1000.7849;03-Mar-2013
120537;Invesco India Liquid Fund - Direct Plan - Growth;INF205K01MF9;;1601.9017;1601.9017;1601.9017;03-Mar-2013
120536;Invesco India Liquid Fund - Direct Plan - Monthly IDCW (Payout / Reinvestment);INF205K01MG7;INF205K01MH5;1003.8776;1003.8776;1003.8776;03-Mar-2013
120535;Invesco India Liquid Fund - Direct Plan - Weekly IDCW (Reinvestment);INF205KA1BE5;INF205K01MI3;1001.8896;1001.8896;1001.8896;03-Mar-2013
120534;Invesco India Liquid Fund - Direct Plan- Daily IDCW (Reinvestment);;INF205K01ME2;1000.7849;1000.7849;1000.7849;03-Mar-2013
104486;Invesco India Liquid Fund - Growth;INF205K01HM5;;1601.8064;1601.8064;1601.8064;03-Mar-2013
104492;Invesco India Liquid Fund - Monthly IDCW (Payout / Reinvestment);INF205K01HQ6;INF205K01HP8;1003.8726;1003.8726;1003.8726;03-Mar-2013
104488;Invesco India Liquid Fund - Regular - Growth;INF205K01HG7;;1543.0283;1543.0283;1543.0283;03-Mar-2013
104489;Invesco India Liquid Fund - Regular - Weekly IDCW (Reinvestment);;INF205K01HH5;1001.5112;1001.5112;1001.5112;03-Mar-2013
104485;Invesco India Liquid Fund - Weekly IDCW (Reinvestment);INF205KA1BD7;INF205K01HO1;1001.8830;1001.8830;1001.8830;03-Mar-2013
104483;Religare Invesco Liquid Fund - Institutional - Daily Dividend;;INF205K01HJ1;1000.2250;1000.2250;1000.2250;03-Mar-2013
104491;Religare Invesco Liquid Fund - Institutional - Growth;INF205K01HI3;;1575.8410;1575.8410;1575.8410;03-Mar-2013

JM Financial Mutual Fund
100241;JM High Liquidity Fund-- Institutional Plan - Dividend;INF192K01924;INF192K01932;10.7680;10.7680;10.7680;03-Mar-2013
100237;JM High Liquidity Fund-- Institutional Plan - Growth;INF192K01940;;19.1883;19.1883;19.1883;03-Mar-2013
100238;JM High Liquidity Fund-Institutional Plan - Daily Dividend;;INF192K01916;10.0159;10.0159;10.0159;03-Mar-2013
100245;JM High Liquidity Fund-Super Institutional Plan- Daily Dividend;;INF192K01957;10.0165;10.0165;10.0165;03-Mar-2013
100246;JM High Liquidity Fund-Super Institutional Plan- Weekly  Dividend;INF192K01965;INF192K01973;10.1617;10.1617;10.1617;03-Mar-2013
120410;JM Liquid Fund (Direct) - Bonus Option - Bonus Option - Principal units;INF192K01CN4;;10.1725;10.1725;10.1725;03-Mar-2013
120411;JM Liquid Fund (Direct) - Daily IDCW;;INF192K01CH6;10.4302;10.4302;10.4302;03-Mar-2013
120406;JM Liquid Fund (Direct) - Growth Option;INF192K01CM6;;31.7686;31.7686;31.7686;03-Mar-2013
120408;JM Liquid Fund (Direct) - Quarterly IDCW;INF192K01CK0;INF192K01CL8;17.9806;17.9806;17.9806;03-Mar-2013
120407;JM Liquid Fund (Direct) - Weekly IDCW;INF192K01CI4;INF192K01CJ2;11.0188;11.0188;11.0188;03-Mar-2013
100244;JM Liquid Fund (Regular) - Quarterly IDCW;INF192K01866;INF192K01874;17.9782;17.9782;17.9782;03-Mar-2013
100247;JM Liquid Fund (Regular) - Super Institutional Plan - Growth Option;INF192K01981;;18.2676;18.2676;18.2676;03-Mar-2013
100233;JM Liquid Fund (Regular) - Weekly IDCW;INF192K01841;INF192K01858;11.0160;11.0160;11.0160;03-Mar-2013
100234;JM Liquid Fund - Growth Option;INF192K01882;;31.7632;31.7632;31.7632;03-Mar-2013
101549;JM Liquid Fund (Regular) - Bonus Option - Principal Units;INF192K01890;;10.1708;10.1708;10.1708;03-Mar-2013
101078;JM Liquid Fund (Regular) - Daily IDCW;;INF192K01833;10.4302;10.4302;10.4302;03-Mar-2013

Kotak Mahindra Mutual Fund
119764;Kotak Liquid Fund - Direct Plan - Daily Reinvestment of Income Distribution cum capital withdrawal option;;INF174K01NH1;1222.81;1222.81;1222.81;03-Mar-2013
119766;Kotak Liquid Fund - Direct Plan - Growth;INF174K01NE8;;2363.5982;2363.5982;2363.5982;03-Mar-2013
100833;Kotak Liquid Fund - Regular  - Daily Reinvestment of Income Distribution cum capital withdrawal option;;INF174K01NL3;1222.81;1222.81;1222.81;03-Mar-2013
100835;Kotak Liquid Fund - Regular Plan - Growth;INF174K01NI9;;2363.4007;2363.4007;2363.4007;03-Mar-2013
119765;Kotak Liquid Fund - Weekly  Payout of Income Distribution cum capital withdrawal option - Direct;INF174K01NF5;INF174K01NG3;1003.4505;1003.4505;1003.4505;03-Mar-2013
100831;Kotak Liquid Fund -Institutional Plan - (Daily Dividend);;INF174K01GA0;1222.81;1222.81;1222.81;03-Mar-2013
100834;Kotak Liquid Fund Regular Plan Weekly Reinvestment of Income Distribution cum capital withdrawal option Dividend;INF174K01NK5;;1001.3743;1001.3743;1001.3743;03-Mar-2013
100830;Kotak Liquid-Institutional Plan  (Growth);INF174K01FZ9;;2276.0012;2276.0012;2276.0012;03-Mar-2013
100832;Kotak Liquid-Institutional Plan (Weekly Dividend);;INF174K01GB8;1010.3539;1010.3539;1010.3539;03-Mar-2013
100828;Kotak Liquid-Regular (Dividend);;INF174K01FY2;1003.4274;1003.4274;1003.4274;03-Mar-2013
100829;Kotak Liquid-Regular (Growth);INF174K01NM1;;2203.3003;2203.3003;2203.3003;03-Mar-2013

L&T Mutual Fund
119791;L&T Liquid Fund - Direct Plan -Daily IDCW;INF917K01HG7;;1011.6349;1011.6349;1011.6349;03-Mar-2013
119790;L&T Liquid Fund - Direct Plan -Growth;INF917K01HF9;;1598.0809;1598.0809;1598.0809;03-Mar-2013
112458;L&T Liquid Fund - Regular Plan - Weekly IDCW;INF917K01BK2;INF917K01JG3;1001.3690;1001.3690;1001.3690;03-Mar-2013
112445;L&T Liquid Fund -Regular Plan - Daily IDCW;INF917K01JB4;;1011.6349;1011.6349;1011.6349;03-Mar-2013
112457;L&T Liquid Fund -Regular Plan - Growth;INF917K01JH1;;1598.0345;1598.0345;1598.0345;03-Mar-2013
112456;L&T Liquid Fund-Cum -Institutional Plus;INF917K01BJ4;;2334.9951;2334.9951;2334.9951;03-Mar-2013
112442;L&T Liquid Fund-Regular Cumulative;INF917K01BF2;;2270.1177;2270.1177;2270.1177;03-Mar-2013

LIC Mutual Fund
120248;LIC MF Liquid Fund-Direct Plan-Daily IDCW;INF767K01DL5;INF767K01DM3;1098.0000;1098.0000;1098.0000;03-Mar-2013
120249;LIC MF Liquid Fund-Direct Plan-Growth;INF767K01DN1;;2114.1140;2114.1140;2114.1140;03-Mar-2013
101184;LIC MF Liquid Fund-Regular Plan-Daily IDCW;INF767K01IQ3;INF767K01IR1;1098.0000;1098.0000;1098.0000;03-Mar-2013
101185;LIC MF Liquid Fund-Regular Plan-Growth;INF767K01IS9;;2114.0005;2114.0005;2114.0005;03-Mar-2013

Mirae Asset Mutual Fund
118859;Mirae Asset Liquid Fund - Direct Plan - Growth;INF769K01CM1;;1247.4073;1247.4073;1247.4073;03-Mar-2013
118862;Mirae Asset Liquid Fund - Direct Plan - Weekly IDCW;INF769K01PD2;INF769K01CP4;1144.9399;1144.9399;1144.9399;03-Mar-2013
118861;Mirae Asset Liquid Fund - Direct Plan -Daily IDCW;;INF769K01CO7;1053.2148;1053.2148;1053.2148;03-Mar-2013
118860;Mirae Asset Liquid Fund - Direct Plan -Monthly IDCW;INF769K01CN9;INF769K01CQ2;1144.7659;1144.7659;1144.7659;03-Mar-2013
111647;Mirae Asset Liquid Fund - Regular - Daily IDCW;;INF769K01804;1046.4434;1046.4434;1046.4434;03-Mar-2013
111646;Mirae Asset Liquid Fund - Regular Plan - Growth;INF769K01788;;1247.3880;1247.3880;1247.3880;03-Mar-2013
111645;Mirae Asset Liquid Fund - Regular Plan - Monthly IDCW;INF769K01838;INF769K01820;1131.6697;1131.6697;1131.6697;03-Mar-2013
111644;Mirae Asset Liquid Fund - Regular Plan - Weekly IDCW;INF769K01PC4;INF769K01812;1131.8374;1131.8374;1131.8374;03-Mar-2013

Navi Mutual Fund
119163;Navi Liquid Fund - Direct Plan Daily IDCW - ReInvestment;;INF959L01GK1;10.0015;10.0015;10.0015;03-Mar-2013
119161;Navi Liquid Fund - Direct Plan Monthly IDCW - Payout;INF959L01GG9;INF959L01GH7;10.0228;10.0228;10.0228;03-Mar-2013
119162;Navi Liquid Fund - Direct Plan Weekly IDCW - Payout;INF959L01GI5;INF959L01GJ3;10.0499;10.0499;10.0499;03-Mar-2013
112645;Navi Liquid Fund - Regular Plan Daily IDCW;;INF959L01GM7;10.0015;10.0015;10.0015;03-Mar-2013
112647;Navi Liquid Fund - Regular Plan Monthly IDCW;INF959L01GN5;INF959L01GO3;10.0222;10.0222;10.0222;03-Mar-2013
112646;Navi Liquid Fund - Regular Plan Weekly IDCW;INF959L01GP0;INF959L01GQ8;10.0156;10.0156;10.0156;03-Mar-2013
119164;Navi Liquid Fund-Direct Plan-Growth Option;INF959L01GF1;;12.7483;12.7483;12.7483;03-Mar-2013
112637;Navi Liquid Fund-Institutional Plan-Dividend Option-Daily;;INF959L01197;10.0015;10.0015;10.0015;03-Mar-2013
112640;Navi Liquid Fund-Institutional Plan-Growth;INF959L01247;;12.5294;12.5294;12.5294;03-Mar-2013
112636;Navi Liquid Fund-Regular Plan-Growth Option;INF959L01GL9;;12.7469;12.7469;12.7469;03-Mar-2013
112641;Navi Liquid Fund-Retail Plan-Dividend Option-Daily;;INF959L01254;10.0015;10.0015;10.0015;03-Mar-2013
112643;Navi Liquid Fund-Retail Plan-Dividend Option-Monthly;INF959L01262;INF959L01270;10.0164;10.0164;10.0164;03-Mar-2013
112642;Navi Liquid Fund-Retail Plan-Dividend Option-Weekly;INF959L01288;INF959L01296;10.0113;10.0113;10.0113;03-Mar-2013
112644;Navi Liquid Fund-Retail Plan-Growth;INF959L01304;;12.2940;12.2940;12.2940;03-Mar-2013

Nippon India Mutual Fund
100852;NIPPON INDIA LIQUID FUND - DAILY IDCW OPTION;;INF204K01UM1;1528.7400;1528.7400;1528.7400;03-Mar-2013
118695;NIPPON INDIA LIQUID FUND - DIRECT Plan - DAILY IDCW OPTION;;INF204K01ZG2;1528.7400;1528.7400;1528.7400;03-Mar-2013
118696;NIPPON INDIA LIQUID FUND - DIRECT Plan - MONTHLY IDCW OPTION;INF204K01ZI8;INF204K01ZJ6;2180.7308;2180.7308;2180.7308;03-Mar-2013
118698;NIPPON INDIA LIQUID FUND - DIRECT Plan - QUARTERLY IDCW OPTION;INF204K01ZK4;INF204K01ZL2;1019.6711;1019.6711;1019.6711;03-Mar-2013
118700;NIPPON INDIA LIQUID FUND - DIRECT Plan - WEEKLY IDCW OPTION;INF204KC1FN6;INF204K01ZM0;1531.0234;1531.0234;1531.0234;03-Mar-2013
118701;Nippon India Liquid Fund - Direct Plan Growth Plan - Growth Option;INF204K01ZH0;;2838.1510;2838.1510;2838.1510;03-Mar-2013
100855;NIPPON INDIA LIQUID FUND - MONTHLY IDCW OPTION;INF204K01UO7;INF204K01UP4;2177.5146;2177.5146;2177.5146;03-Mar-2013
112340;NIPPON INDIA LIQUID FUND - QUARTERLY IDCW OPTION;INF204K01UQ2;INF204K01UR0;1019.6262;1019.6262;1019.6262;03-Mar-2013
100837;Nippon India Liquid Fund - Retail Option - Growth Plan;INF204K01UL3;;2753.8086;2753.8086;2753.8086;03-Mar-2013
100842;NIPPON INDIA LIQUID FUND - RETAIL Plan - DAILY IDCW OPTION;;INF204K01UJ7;1524.2800;1524.2800;1524.2800;03-Mar-2013
100843;NIPPON INDIA LIQUID FUND - RETAIL plan - MONTHLY IDCW OPTION;INF204K01UT6;INF204K01UU4;1332.5871;1332.5871;1332.5871;03-Mar-2013
100844;NIPPON INDIA LIQUID FUND - RETAIL Plan - QUARTERLY IDCW OPTION;INF204K01UV2;INF204K01UW0;1234.4496;1234.4496;1234.4496;03-Mar-2013
100838;NIPPON INDIA LIQUID FUND - RETAIL Plan - WEEKLY IDCW OPTION;;INF204K01UK5;1034.6045;1034.6045;1034.6045;03-Mar-2013
100853;NIPPON INDIA LIQUID FUND - WEEKLY IDCW OPTION;INF204KC1FM8;INF204K01US8;1531.0081;1531.0081;1531.0081;03-Mar-2013
100851;Nippon India Liquid Fund -Growth Plan;INF204K01UN9;;2837.7410;2837.7410;2837.7410;03-Mar-2013
118610;Reliance Liquid Fund - Cash Plan - Direct Plan - Growth Plan - Growth Option;;;1879.4266;1879.4266;1879.4266;03-Mar-2013
118618;Reliance Liquid Fund - Cash Plan - Direct Plan Daily Dividend Reinvestment Option;;;1114.1500;1114.1500;1114.1500;03-Mar-2013
118609;Reliance Liquid Fund - Cash Plan - Direct Plan Monthly Dividend Plan;;;1006.7735;1006.7735;1006.7735;03-Mar-2013
118612;Reliance Liquid Fund - Cash Plan - Direct Plan Quarterly Dividend Plan;;;1019.2507;1019.2507;1019.2507;03-Mar-2013
118611;Reliance Liquid Fund - Cash Plan - Direct Plan Weekly Dividend Reinvestment Option;;;1092.1497;1092.1497;1092.1497;03-Mar-2013
100849;Reliance Liquid Fund-Cash Plan-Daily Dividend Reinvestment Option;;;1114.1500;1114.1500;1114.1500;03-Mar-2013
100845;Reliance Liquid Fund-Cash Plan-Growth Plan;;;1878.4041;1878.4041;1878.4041;03-Mar-2013
114251;Reliance Liquid Fund-Cash Plan-Monthly Dividend Plan;;;1003.9863;1003.9863;1003.9863;03-Mar-2013
114252;Reliance Liquid Fund-Cash Plan-Quarterly Dividend Plan;;;1019.1726;1019.1726;1019.1726;03-Mar-2013
100848;Reliance Liquid Fund-Cash Plan-Weekly Dividend Reinvestment Option;;;1092.1299;1092.1299;1092.1299;03-Mar-2013

Principal Mutual Fund
100895;Principal Cash Management Fund - Daily Income Distribution CUM Capital Withdrawal;;INF173K01DB7;1000.0700;1000.0700;1000.0700;03-Mar-2013
119468;Principal Cash Management Fund - Direct Plan - Growth Option;INF173K01GU0;;1812.5838;1812.5838;1812.5838;03-Mar-2013
119467;Principal Cash Management Fund - Direct Plan - Income Distribution CUM Capital Withdrawal Option - Daily;;INF173K01GT2;1000.0700;1000.0700;1000.0700;03-Mar-2013
119469;Principal Cash Management Fund - Direct Plan - Income Distribution CUM Capital Withdrawal Option - Weekly;;INF173K01GY2;1006.6942;1006.6942;1006.6942;03-Mar-2013
100897;Principal Cash Management Fund - Monthly Income Distribution CUM Capital Withdrawal Option;INF173K01BV9;INF173K01BW7;1021.0805;1021.0805;1021.0805;03-Mar-2013
100896;Principal Cash Management Fund - Weekly Income Distribution CUM Capital Withdrawal Option;;INF173K01DC5;1006.6849;1006.6849;1006.6849;03-Mar-2013
119466;Principal Cash Management Fund -Direct Plan - Income Distribution CUM Capital Withdrawal Option - Monthly;INF173K01GV8;INF173K01GW6;1021.1185;1021.1185;1021.1185;03-Mar-2013
100898;Principal Cash Management Fund -Growth Option;INF173K01DA9;;1812.2388;1812.2388;1812.2388;03-Mar-2013

Quantum Mutual Fund
103736;Quantum Liquid Fund - Direct Plan Daily IDCW;;INF082J01135;10.0015;10.0015;10.0015;03-Mar-2013
103734;Quantum Liquid Fund - Direct Plan Growth Option;INF082J01127;;16.4789;16.4789;16.4789;03-Mar-2013
103735;Quantum Liquid Fund - Direct Plan Monthly IDCW;INF082J01143;INF082J01200;10.0153;10.0153;10.0153;03-Mar-2013

SBI Mutual Fund
119804;SBI Liquid Fund - Direct Paln - Fortnightly Income Distribution cum Capital Withdrawal Option (IDCW);INF200K01UR8;INF200K01US6;N.A.;N.A.;N.A.;03-Mar-2013
119805;SBI Liquid Fund - Direct Plan - Daily Income Distribution cum Capital Withdrawal Option (IDCW);;INF200K01UQ0;1003.2500;1003.2500;1003.2500;03-Mar-2013
119799;SBI Liquid Fund - Direct Plan - Weekly Income Distribution cum Capital Withdrawal Option (IDCW);INF200K01UU2;INF200K01UV0;1061.2989;1061.2989;1061.2989;03-Mar-2013
119800;SBI Liquid Fund - DIRECT PLAN -Growth;INF200K01UT4;;1831.2870;1831.2870;1831.2870;03-Mar-2013
105274;SBI Liquid Fund - Institutional - Growth;INF200K01LU1;;1848.4832;1848.4832;1848.4832;03-Mar-2013
105275;SBI Liquid Fund - Institutional Daily Income Distribution cum Capital Withdrawal Option (IDCW);;INF200K01LR7;1003.2500;1003.2500;1003.2500;03-Mar-2013
105279;SBI Liquid Fund - Institutional Fortnightly Income Distribution cum Capital Withdrawal Option (IDCW);INF200K01LS5;INF200K01LT3;1023.3890;1023.3890;1023.3890;03-Mar-2013
105278;SBI Liquid Fund - Institutional Weekly Income Distribution cum Capital Withdrawal Option (IDCW);INF200K01LV9;INF200K01LW7;1060.5842;1060.5842;1060.5842;03-Mar-2013
105281;SBI Liquid Fund - Regular Plan - Daily Income Distribution cum Capital Withdrawal Option (IDCW);;INF200K01LX5;1003.2500;1003.2500;1003.2500;03-Mar-2013
105283;SBI Liquid Fund - Regular Plan - Fortnightly Income Distribution cum Capital Withdrawal Option (IDCW);INF200K01LY3;INF200K01LZ0;1012.0863;1012.0863;1012.0863;03-Mar-2013
105282;SBI Liquid Fund - Regular Plan - Weekly Income Distribution cum Capital Withdrawal Option (IDCW);INF200K01MB9;INF200K01MC7;1061.2974;1061.2974;1061.2974;03-Mar-2013
105280;SBI Liquid Fund - REGULAR PLAN -Growth;INF200K01MA1;;1831.1315;1831.1315;1831.1315;03-Mar-2013

Sundaram Mutual Fund
119688;Sundaram Money Fund Direct Plan - Daily Reinvestment of Income Distribution cum Capital Withdrawal (IDCW);;INF903J01QA3;10.1025;10.1025;10.1025;03-Mar-2013
119692;Sundaram Money Fund Direct Plan - Fortnightly Reinvestment of Income Distribution cum Capital Withdrawal (IDCW);;INF903J01QB1;24.5708;24.5708;24.5708;03-Mar-2013
119686;Sundaram Money Fund Direct Plan - Growth;INF903J01QF2;;24.5661;24.5661;24.5661;03-Mar-2013
119687;Sundaram Money Fund Direct Plan - Monthly Income Distribution cum Capital Withdrawal (IDCW);INF903J01QC9;INF903J01QD7;10.4818;10.4818;10.4818;03-Mar-2013
119689;Sundaram Money Fund Direct Plan - Quarterly Reinvestment of Income Distribution cum Capital Withdrawal (IDCW);;INF903J01QE5;12.6454;12.6454;12.6454;03-Mar-2013
119691;Sundaram Money Fund Direct Plan - Weekly Reinvestment of Income Distribution cum Capital Withdrawal (IDCW);;INF903J01QG0;11.0626;11.0626;11.0626;03-Mar-2013
102701;Sundaram Money Fund Institutional Plan - Daily Reinvestment of Income Distribution cum Capital Withdrawal (IDCW);;INF903J01GP2;10.0953;10.0953;10.0953;03-Mar-2013
102702;Sundaram Money Fund Institutional Plan - Fortnightly Reinvestment of Income Distribution cum Capital Withdrawal (IDCW);;INF903J01GR8;0.0000;0.0000;0.0000;03-Mar-2013
102703;Sundaram Money Fund Institutional Plan - Growth;INF903J01GN7;;23.9542;23.9542;23.9542;03-Mar-2013
102704;Sundaram Money Fund Institutional Plan - Monthly Income Distribution cum Capital Withdrawal (IDCW);INF903J01GO5;INF903J01GS6;10.4143;10.4143;10.4143;03-Mar-2013
102705;Sundaram Money Fund Institutional Plan - Quarterly Reinvestment of Income Distribution cum Capital Withdrawal (IDCW);;INF903J01GT4;0.0000;0.0000;0.0000;03-Mar-2013
102706;Sundaram Money Fund Institutional Plan - Weekly Reinvestment of Income Distribution cum Capital Withdrawal (IDCW);;INF903J01GQ0;0.0000;0.0000;0.0000;03-Mar-2013
103392;Sundaram Money Fund Regular Plan - Daily Reinvestment of Income Distribution cum Capital Withdrawal (IDCW);;INF903J01GW8;10.0953;10.0953;10.0953;03-Mar-2013
103395;Sundaram Money Fund Regular Plan - Fortnightly Reinvestment of Income Distribution cum Capital Withdrawal (IDCW);;INF903J01GY4;0.0000;0.0000;0.0000;03-Mar-2013
103397;Sundaram Money Fund Regular Plan - Growth;INF903J01GU2;;24.5642;24.5642;24.5642;03-Mar-2013
103396;Sundaram Money Fund Regular Plan - Monthly Income Distribution cum Capital Withdrawal (IDCW);INF903J01GV0;INF903J01GZ1;10.3436;10.3436;10.3436;03-Mar-2013
103393;Sundaram Money Fund Regular Plan - Quarterly Reinvestment of Income Distribution cum Capital Withdrawal (IDCW);;INF903J01HA2;0.0000;0.0000;0.0000;03-Mar-2013
100620;Sundaram Money Fund Retail Plan - Daily Reinvestment of Income Distribution cum Capital Withdrawal (IDCW);;INF903J01GI7;10.0953;10.0953;10.0953;03-Mar-2013
100622;Sundaram Money Fund Retail Plan - Fortnightly Reinvestment of Income Distribution cum Capital Withdrawal (IDCW);;INF903J01GK3;10.5611;10.5611;10.5611;03-Mar-2013
100618;Sundaram Money Fund Retail Plan - Growth;INF903J01GG1;;22.9551;22.9551;22.9551;03-Mar-2013
100623;Sundaram Money Fund Retail Plan - Monthly Income Distribution cum Capital Withdrawal (IDCW);INF903J01GH9;INF903J01GL1;10.3563;10.3563;10.3563;03-Mar-2013
100619;Sundaram Money Fund Retail Plan - Quarterly Reinvestment of Income Distribution cum Capital Withdrawal (IDCW);;INF903J01GM9;12.8459;12.8459;12.8459;03-Mar-2013
100621;Sundaram Money Fund Retail Plan - Weekly Reinvestment of Income Distribution cum Capital Withdrawal (IDCW);;INF903J01GJ5;10.9433;10.9433;10.9433;03-Mar-2013
103394;Sundaram Money Fund Regular Plan - Weekly Reinvestment of Income Distribution cum Capital Withdrawal (IDCW);;INF903J01GX6;10.9839;10.9839;10.9839;03-Mar-2013

Tata Mutual Fund
102672;Tata Liquid Fund -Regular Plan - Growth Option;INF277K01YD8;;18.3095;18.3095;18.3095;03-Mar-2013
119862;Tata Liquid Fund- Direct Plan - Daily Reinvestment of IDCW Option;;INF277K012D2;10.0152;10.0152;10.0152;03-Mar-2013
119861;Tata Liquid Fund- Direct Plan-Growth Option;INF277K01YE6;;18.3199;18.3199;18.3199;03-Mar-2013
101714;Tata Liquid Fund- Regular Plan - Daily Reinvestment of IDCW Option;;INF277K011D4;10.0152;10.0152;10.0152;03-Mar-2013

Taurus Mutual Fund
111915;Taurus Liquid Fund - Regular Plan - SI Growth Option;INF044D01534;;1256.9469;1256.9469;1256.9469;03-Mar-2013
111703;Taurus Liquid Fund - Regular Plan -SI Daily Dividend Option;;INF044D01518;1000.0905;1000.0905;1000.0905;03-Mar-2013
111547;Taurus Liquid Fund Insti DDRIP;;INF044D01484;1000.0905;1000.0905;1000.0905;03-Mar-2013
111760;Taurus Liquid Fund Insti Growth;INF044D01500;;1280.1513;1280.1513;1280.1513;03-Mar-2013
118891;Taurus Liquid Fund-Direct Plan-SI Daily Dividend Option;;INF044D01DI0;1000.0905;1000.0905;1000.0905;03-Mar-2013
118893;Taurus Liquid Fund-Direct Plan-SI Growth Option;INF044D01DK6;;1257.0541;1257.0541;1257.0541;03-Mar-2013
118892;Taurus Liquid Fund-Direct Plan-SI Weekly Dividend Option;;INF044D01DJ8;1000.7083;1000.7083;1000.7083;03-Mar-2013
104240;Taurus Liquid Fund-Dividend;INF044D01542;INF044D01559;1001.2175;1001.2175;1001.2175;03-Mar-2013
104241;Taurus Liquid Fund-Growth;INF044D01575;;1517.5182;1517.5182;1517.5182;03-Mar-2013

Union Mutual Fund
115401;Union Liquid Fund - Daily IDCW Option;;INF582M01021;1000.6489;1000.6489;1000.6489;03-Mar-2013
119301;Union Liquid Fund - Direct Plan - Daily IDCW Option;;INF582M01682;1000.6506;1000.6506;1000.6506;03-Mar-2013
119305;Union Liquid Fund - Direct Plan - Fortnightly IDCW Option;INF582M01724;INF582M01708;1001.6518;1001.6518;1001.6518;03-Mar-2013
119303;Union Liquid Fund - Direct Plan - Growth Option;INF582M01674;;1167.3118;1167.3118;1167.3118;03-Mar-2013
119302;Union Liquid Fund - Direct Plan - Monthly IDCW Option;INF582M01732;INF582M01716;1001.6467;1001.6467;1001.6467;03-Mar-2013
119304;Union Liquid Fund - Direct Plan - Weekly IDCW Option;;INF582M01690;1001.6469;1001.6469;1001.6469;03-Mar-2013
115399;Union Liquid Fund - Fortnightly IDCW Option;INF582M01062;INF582M01047;1001.6445;1001.6445;1001.6445;03-Mar-2013
115398;Union Liquid Fund - Growth Option;INF582M01013;;1167.2668;1167.2668;1167.2668;03-Mar-2013
115400;Union Liquid Fund - Monthly IDCW Option;INF582M01070;INF582M01054;1001.6436;1001.6436;1001.6436;03-Mar-2013
115402;Union Liquid Fund - Weekly IDCW Option;;INF582M01039;1001.6436;1001.6436;1001.6436;03-Mar-2013

UTI Mutual Fund
120558;UTI Liquid Fund - Direct Plan - Daily IDCW (Reinvestment);;INF789F01XP8;1019.4457;1019.4457;1019.4457;03-Mar-2013
120794;UTI Liquid Fund - Direct Plan - Monthly IDCW;INF789F01XR4;INF789F01XS2;1025.657;1025.657;1025.657;03-Mar-2013
120777;UTI Liquid Fund - Direct Plan - Weekly IDCW;;INF789F01XT0;1053.9331;1053.9331;1053.9331;03-Mar-2013
102010;UTI Liquid Fund - Regular Plan - Daily IDCW (Reinvestment);;INF789F01PG3;1019.4457;1019.4457;1019.4457;03-Mar-2013
102011;UTI Liquid Fund - Regular Plan - Monthly IDCW;INF789F01PI9;INF789F01PJ7;1025.6495;1025.6495;1025.6495;03-Mar-2013
102013;UTI Liquid Fund - Regular Plan - Weekly IDCW;;INF789F01PK5;1053.9186;1053.9186;1053.9186;03-Mar-2013
120304;UTI-  Liquid Cash Plan - Direct Plan - Growth Option;INF789F01XQ6;;1910.766;1910.766;1910.766;03-Mar-2013
102012;UTI-  Liquid Cash Plan - Regular Plan - Growth Option;INF789F01PH1;;1910.4421;1910.4421;1910.4421;03-Mar-2013
102008;UTI-  Liquid Cash Plan- Discontinued - Regular Plan - Monthly Dividend Option;INF789F01BC2;INF789F01BA6;1123.8684;1123.8684;0;03-Mar-2013
102009;UTI-  Liquid Cash Plan- Discontinued - Regular Plan -Growth;INF789F01BB4;;1852.6216;1852.6216;0;03-Mar-2013
102007;UTI-  Liquid Cash Plan- Discontinued -Regular Plan Periodic Dividend Option;;INF789F01AZ5;1132.0997;1132.0997;0;03-Mar-2013

Open Ended Schemes ( Debt Scheme - Ultra Short Duration Fund )


Principal Mutual Fund
119475;Principal Ultra Short Term Fund- Direct Plan - Income Distribution CUM Capital Withdrawal Option - Monthly;INF173K01HK9;INF173K01HJ1;1056.9045;1051.6200;1056.9045;03-Mar-2013
119474;Principal Ultra Short Term Fund- Direct Plan -Growth Option;INF173K01HI3;;1304.9712;1298.4463;1304.9712;03-Mar-2013
107329;Principal Ultra Short Term Fund-Daily Income Distribution CUM Capital Withdrawal Option;;INF173K01CV7;1005.4300;1000.4029;1005.4300;03-Mar-2013
107328;Principal Ultra Short Term Fund-Growth Option;INF173K01CU9;;1304.7547;1298.2309;1304.7547;03-Mar-2013
107330;Principal Ultra Short Term Fund-Monthly Income Distribution CUM Capital Withdrawal Option;INF173K01CB9;INF173K01CC7;1056.8853;1051.6009;1056.8853;03-Mar-2013
107332;Principal Ultra Short Term Fund-Weekly Income Distribution CUM Capital Withdrawal Option;;INF173K01CW5;1012.6200;1007.5569;1012.6200;03-Mar-2013

SBI Mutual Fund
119784;SBI Ultra Short Duration Fund - Direct Plan - Daily Income Distribution cum Capital Withdrawal Option (IDCW);;INF200K01TG3;1675.0300;1673.3550;1675.0300;03-Mar-2013
119828;SBI ULTRA SHORT DURATION FUND - DIRECT PLAN - GROWTH;INF200K01TF5;;2573.5822;2571.0086;2573.5822;03-Mar-2013
119829;SBI Ultra Short Duration Fund - Direct Plan - Weekly Income Distribution cum Capital Withdrawal Option (IDCW);INF200K01TH1;INF200K01TI9;1077.8315;1076.7537;1077.8315;03-Mar-2013
105080;SBI Ultra Short Duration Fund - Regular Plan - Daily Income Distribution cum Capital Withdrawal Option (IDCW);;INF200K01LK2;1675.0300;1673.3550;1675.0300;03-Mar-2013
100641;SBI ULTRA SHORT DURATION FUND - REGULAR PLAN - GROWTH;INF200K01LJ4;;2573.4444;2570.8710;2573.4444;03-Mar-2013
103884;SBI Ultra Short Duration Fund - Regular Plan - Weekly Income Distribution cum Capital Withdrawal Option (IDCW);INF200K01LM8;INF200K01LL0;1077.8297;1076.7519;1077.8297;03-Mar-2013

Open Ended Schemes ( Debt Scheme - Money Market Fund )


Aditya Birla Sun Life Mutual Fund
101973;Aditya Birla Sun Life Money Manager Fund - Daily IDCW;;INF209K01SZ6;100.0200;100.0200;100.0200;03-Mar-2013
119513;Aditya Birla Sun Life Money Manager Fund - Direct - daily IDCW;;INF209K01UT5;100.0200;100.0200;100.0200;03-Mar-2013
119512;Aditya Birla Sun Life Money Manager Fund - Direct - weekly IDCW;INF209K01UV1;INF209KA1LM3;100.1230;100.1230;100.1230;03-Mar-2013
101976;Aditya Birla Sun Life Money Manager Fund - Growth;INF209K01RV7;;154.7668;154.7668;154.7668;03-Mar-2013
119511;Aditya Birla Sun Life Money Manager Fund - Growth - Direct Plan;INF209K01UU3;;154.7796;154.7796;154.7796;03-Mar-2013
101972;Aditya Birla Sun Life Money Manager Fund - Retail - Daily IDCW;;INF209K01JZ5;100.0150;100.0150;100.0150;03-Mar-2013
101970;Aditya Birla Sun Life Money Manager Fund - RETAIL - WEEKLY IDCW;;INF209K01JY8;103.7920;103.7920;103.7920;03-Mar-2013
101971;Aditya Birla Sun Life Money Manager Fund - Retail Growth;INF209K01MJ3;;191.2985;191.2985;191.2985;03-Mar-2013
101974;Aditya Birla Sun Life Money Manager Fund - WEEKLY IDCW;;INF209K01SY9;100.1230;100.1230;100.1230;03-Mar-2013

HDFC Mutual Fund
101994;HDFC Money Market Fund - Daily IDCW Option;;INF179KB1IG6;10.6364;10.6364;10.6364;03-Mar-2013
119093;HDFC Money Market Fund - Daily IDCW Option - Direct Plan;;INF179KB1HZ8;10.6364;10.6364;10.6364;03-Mar-2013
101993;HDFC Money Market Fund - Growth Option;INF179KB1HR5;;24.3288;24.3288;24.3288;03-Mar-2013
119092;HDFC Money Market Fund - Growth Option - Direct Plan;INF179KB1HU9;;24.3322;24.3322;24.3322;03-Mar-2013
101995;HDFC Money Market Fund - Weekly IDCW Option;INF179KB1IH4;INF179KB1II2;10.6295;10.6295;10.6295;03-Mar-2013
119094;HDFC Money Market Fund - Weekly IDCW Option -Direct Plan;INF179KB1IA9;INF179KB1IB7;10.6295;10.6295;10.6295;03-Mar-2013

ICICI Prudential Mutual Fund
115328;ICICI Prudential Money Market Fund Dividend;INF109K01I72;;100.0090;100.0090;100.0090;03-Mar-2013
120209;ICICI Prudential Money Market Fund Option - Direct Plan -  Daily IDCW;;INF109K01R22;100.0115;100.0115;100.0115;03-Mar-2013
120210;ICICI Prudential Money Market Fund Option - Direct Plan -  Fortnightly IDCW;INF109K01R55;;100.5536;100.5536;100.5536;03-Mar-2013
120211;ICICI Prudential Money Market Fund Option - Direct Plan -  Growth;INF109K01R14;;161.1742;161.1742;161.1742;03-Mar-2013
120212;ICICI Prudential Money Market Fund Option - Direct Plan -  Weekly IDCW;INF109K01R89;;100.2483;100.2483;100.2483;03-Mar-2013
101221;ICICI Prudential Money Market Fund Retail Growth (erstwhile Cash Option);INF109K01TW3;;183.5384;183.5384;183.5384;03-Mar-2013
103634;ICICI Prudential Money Market Fund Option - Daily IDCW;INF109K01TY9;;100.0115;100.0115;100.0115;03-Mar-2013
103633;ICICI Prudential Money Market Fund Option - Growth;INF109K01TX1;;161.1585;161.1585;161.1585;03-Mar-2013
103637;ICICI Prudential Money Market Fund Option - Monthly IDCW;INF109K01UC3;INF109K01UB5;100.4546;100.4546;100.4546;03-Mar-2013
103635;ICICI Prudential Money Market Fund Option - Weekly IDCW;INF109K01TZ6;;100.2012;100.2012;100.2012;03-Mar-2013
103636;ICICI Prudential Money Market Fund Option -Fortnightly IDCW;INF109K01UA7;;100.2963;100.2963;100.2963;03-Mar-2013

Kotak Mahindra Mutual Fund
106842;Kotak Money Market Fund - (Daily Reinvestment of Income Distribution cum capital withdrawal option);INF174K01ND0;;1011.62;1011.62;1011.62;03-Mar-2013
119745;Kotak Money Market Fund - (Daily Reinvestment of Income Distribution cum capital withdrawal option) - Direct;INF174K01MZ5;;1011.62;1011.62;1011.62;03-Mar-2013
101893;Kotak Money Market Fund - (Growth);INF174K01NA6;;1908.7639;1908.7639;1908.7639;03-Mar-2013
119746;Kotak Money Market Fund - (Growth) - Direct;INF174K01MW2;;1908.9312;1908.9312;1908.9312;03-Mar-2013
101892;Kotak Money market Fund - (Monthly Payout of Income Distribution cum capital withdrawal option);INF174K018O0;INF174K01NB4;1005.7477;1005.7477;1005.7477;03-Mar-2013
119747;Kotak Money Market Fund - (Monthly Payout of Income Distribution cum capital withdrawal option) - Direct;INF174K019O8;INF174K01MX0;1010.3859;1010.3859;1010.3859;03-Mar-2013
101894;Kotak Money Market Fund - (Weekly Reinvestment of Income Distribution cum capital withdrawal option);INF174K01NC2;;1013.357;1013.357;1013.357;03-Mar-2013
119748;Kotak Money Market Fund - (Weekly Reinvestment of Income Distribution cum capital withdrawal option) - Direct;INF174K01MY8;;1015.0305;1015.0305;1015.0305;03-Mar-2013

Nippon India Mutual Fund
103050;NIPPON INDIA MONEY MARKET FUND - DAILY IDCW Option;;INF204K01UY6;1000.5100;1000.5100;1000.5100;03-Mar-2013
118718;NIPPON INDIA MONEY MARKET FUND - DIRECT Plan - DAILY IDCW Option;;INF204K01ZN8;1000.5100;1000.5100;1000.5100;03-Mar-2013
118720;NIPPON INDIA MONEY MARKET FUND - DIRECT Plan - MONTHLY IDCW Option;INF204K01ZQ1;INF204K01ZR9;1003.9333;1003.9333;1003.9333;03-Mar-2013
118717;NIPPON INDIA MONEY MARKET FUND - DIRECT Plan - WEEKLY IDCW Option;;INF204K01ZO6;1000.8160;1000.8160;1000.8160;03-Mar-2013
118715;Nippon India Money Market Fund - Direct Plan Growth Plan - Bonus Option;INF204K01G11;;1031.8436;1031.8436;1031.8436;03-Mar-2013
118719;Nippon India Money Market Fund - Direct Plan Growth Plan - Growth Option;INF204K01ZP3;;1754.8692;1754.8692;1754.8692;03-Mar-2013
103052;NIPPON INDIA MONEY MARKET FUND - MONTHLY IDCW Option;INF204K01VB2;INF204K01VC0;1002.7828;1002.7828;1002.7828;03-Mar-2013
112341;NIPPON INDIA MONEY MARKET FUND - QUARTERLY IDCW Option;INF204K01VD8;INF204K01VE6;1019.2423;1019.2423;1019.2423;03-Mar-2013
103051;NIPPON INDIA MONEY MARKET FUND - WEEKLY IDCW Option;;INF204K01UZ3;1000.8105;1000.8105;1000.8105;03-Mar-2013
103049;Nippon India Money Market Fund-Growth Plan-Bonus Option;INF204K01UX8;;1031.7870;1031.7870;1031.7870;03-Mar-2013
103048;Nippon India Money Market Fund-Growth Plan-Growth Option;INF204K01VA4;;1754.5872;1754.5872;1754.5872;03-Mar-2013

Tata Mutual Fund
119423;Tata Liquid Fund- Direct Plan- Monthly Dividend;INF277K01PS4;INF277K01PT2;1000.6844;1000.6844;1000.6844;03-Mar-2013
119422;Tata Liquid Fund- Direct Plan- Weekly Dividend;INF277K013C2;;1001.8183;1001.8183;1001.8183;03-Mar-2013
119421;Tata Money Market Fund- Direct Plan - Daily Reinvestment of IDCW Option;;INF277K011C6;1114.5200;1114.5200;1114.5200;03-Mar-2013
119424;Tata Money Market Fund- Direct Plan- Growth Option;INF277K01PR6;;2151.1234;2151.1234;2151.1234;03-Mar-2013
101986;Tata Money Market Fund- Regular Plan - Daily Reinvestment of IDCW Option;;INF277K014C0;1114.5200;1114.5200;1114.5200;03-Mar-2013
101847;Tata Money Market Fund-Regular Plan - Growth Option;INF277K01LQ7;;2150.8290;2150.8290;2150.8290;03-Mar-2013

UTI Mutual Fund
120299;UTI MMF - Direct Plan - Growth Option;INF789F01XV6;;1304.8647;1304.8647;1304.8647;03-Mar-2013
112077;UTI MMF - Regular Plan - Growth Option;INF789F01PX8;;1304.6438;1304.6438;1304.6438;03-Mar-2013
100724;UTI MMF- Discontinued - Regular Plan - Flexi Dividend Option;;INF789F01BD0;1996.9956;1996.9956;0;03-Mar-2013
100725;UTI MMF- Discontinued - Regular Plan - Periodic Dividend Option;INF789F01BE8;;1987.5766;1987.5766;0;03-Mar-2013
100723;UTI MMF-Discontinued - Regular Plan -Growth;INF789F01BF5;;3204.2059;3204.2059;0;03-Mar-2013
120772;UTI Money Market Fund - Direct Plan - Daily IDCW (Reinvestment);;INF789F01XU8;1003.3854;1003.3854;1003.3854;03-Mar-2013
120793;UTI Money Market Fund - Direct Plan - Weekly IDCW;INF789F01XW4;INF789F01XX2;1015.4606;1015.4606;1015.4606;03-Mar-2013
112076;UTI Money Market Fund - Regular Plan - Daily IDCW (Reinvestment);;INF789F01PW0;1003.3854;1003.3854;1003.3854;03-Mar-2013
112635;UTI Money Market Fund - Regular Plan - Weekly IDCW;INF789F01PY6;INF789F01PZ3;1015.4464;1015.4464;1015.4464;03-Mar-2013

Open Ended Schemes ( Debt Scheme - Floater Fund )


Franklin Templeton Mutual Fund
118508;Franklin India Floating Rate Fund - Direct - Growth;INF090I01LK1;;18.9935;18.9935;18.9935;03-Mar-2013
118507;Franklin India Floating Rate Fund - Direct - IDCW ;INF090I01LL9;;10.0031;10.0031;10.0031;03-Mar-2013
101048;Franklin India Floating Rate Fund - Growth Plan;INF090I01LM7;;18.9782;18.9782;18.9782;03-Mar-2013
101044;Franklin India Floating Rate Fund - IDCW ;INF090I01LN5;;10.0032;10.0032;10.0032;03-Mar-2013

Close Ended Schemes ( Income )


SBI Mutual Fund
114781;SBI Capital Protection Oriented Fund - Series II -;INF200K01ED2;;11.5938;N.A.;N.A.;03-Mar-2013
115824;SBI Capital Protection Oriented Fund - Series III - Growth;INF200K01IH4;;11.2603;N.A.;N.A.;03-Mar-2013
116872;SBI DEBT FUND SERIES - 13 MONTHS - 12 - DIVIDEND;INF200K01KW9;;11.0361;N.A.;N.A.;03-Mar-2013
116873;SBI DEBT FUND SERIES - 13 MONTHS - 12 - GROWTH;INF200K01KV1;;11.0361;N.A.;N.A.;03-Mar-2013
117054;SBI DEBT FUND SERIES - 13 MONTHS - 13 - DIVIDEND;INF200K01KY5;;11.0122;N.A.;N.A.;03-Mar-2013
117055;SBI DEBT FUND SERIES - 13 MONTHS - 13 - GROWTH;INF200K01KX7;;11.0122;N.A.;N.A.;03-Mar-2013
117110;SBI DEBT FUND SERIES - 15 MONTHS - 10 - DIVIDEND;INF200K01LG0;;10.8696;N.A.;N.A.;03-Mar-2013
117111;SBI DEBT FUND SERIES - 15 MONTHS - 10 - GROWTH;INF200K01LF2;;10.8696;N.A.;N.A.;03-Mar-2013
116505;SBI DEBT FUND SERIES - 15 MONTHS - 7 - DIVIDEND;INF200K01LA3;;11.0793;N.A.;N.A.;03-Mar-2013
116506;SBI DEBT FUND SERIES - 15 MONTHS - 7 - GROWTH;INF200K01KZ2;;11.0791;N.A.;N.A.;03-Mar-2013
116546;SBI DEBT FUND SERIES - 15 MONTHS - 8 - DIVIDEND;INF200K01LC9;;11.0129;N.A.;N.A.;03-Mar-2013
116545;SBI DEBT FUND SERIES - 15 MONTHS - 8 - GROWTH;INF200K01LB1;;11.0129;N.A.;N.A.;03-Mar-2013
116750;SBI DEBT FUND SERIES - 15 MONTHS - 9 - DIVIDEND;INF200K01LE5;;10.9138;N.A.;N.A.;03-Mar-2013
116751;SBI DEBT FUND SERIES - 15 MONTHS - 9 - GROWTH;INF200K01LD7;;10.9138;N.A.;N.A.;03-Mar-2013
116408;SBI DEBT FUND SERIES - 18 MONTHS - 10 - DIVIDEND;INF200K01LI6;;11.0620;N.A.;N.A.;03-Mar-2013
116407;SBI DEBT FUND SERIES - 18 MONTHS - 10 - GROWTH;INF200K01LH8;;11.0620;N.A.;N.A.;03-Mar-2013
117983;SBI DEBT FUND SERIES - 18 MONTHS - 11 - DIVIDEND;INF200K01PW8;;10.2555;N.A.;N.A.;03-Mar-2013
117984;SBI DEBT FUND SERIES - 18 MONTHS - 11 - GROWTH;INF200K01PV0;;10.2555;N.A.;N.A.;03-Mar-2013
115899;SBI DEBT FUND SERIES - 18 Months - 7 - DIVIDEND;INF200K01GX5;;11.3006;N.A.;N.A.;03-Mar-2013
115900;SBI DEBT FUND SERIES - 18 Months - 7 - GROWTH;INF200K01GW7;;11.3006;N.A.;N.A.;03-Mar-2013
116016;SBI DEBT FUND SERIES - 18 Months - 8 - DIVIDEND;INF200K01GY3;;11.3239;N.A.;N.A.;03-Mar-2013
116017;SBI DEBT FUND SERIES - 18 Months - 8 - GROWTH;INF200K01GZ0;;11.3280;N.A.;N.A.;03-Mar-2013
116400;SBI DEBT FUND SERIES - 18 MONTHS - 9 - DIVIDEND;INF200K01JI0;;11.1080;N.A.;N.A.;03-Mar-2013
116399;SBI DEBT FUND SERIES - 18 MONTHS - 9 - GROWTH;INF200K01JH2;;11.1080;N.A.;N.A.;03-Mar-2013
115263;SBI SDFS - 36 MONTHS - 1 - DIVIDEND;INF200K01EC4;;10.7429;N.A.;N.A.;03-Mar-2013
115262;SBI SDFS - 36 MONTHS - 1 - GROWTH;INF200K01EB6;;11.8120;N.A.;N.A.;03-Mar-2013
120908;SBI DEBT FUND SERIES - 36 MONTHS - 2 - DIRECT PLAN - DIVIDEND;INF200K01QM7;;10.0498;N.A.;N.A.;03-Mar-2013
120911;SBI DEBT FUND SERIES - 36 MONTHS - 2 - DIRECT PLAN - GROWTH;INF200K01QL9;;10.0499;N.A.;N.A.;03-Mar-2013
120909;SBI DEBT FUND SERIES - 36 MONTHS - 2 - REGULAR PLAN - DIVIDEND;INF200K01QH7;;10.0436;N.A.;N.A.;03-Mar-2013
120910;SBI DEBT FUND SERIES - 36 MONTHS - 2 - REGULAR PLAN - GROWTH;INF200K01QG9;;10.0436;N.A.;N.A.;03-Mar-2013
117252;SBI DEBT FUND SERIES - 366 DAYS - 1 - DIVIDEND;INF200K01NA9;;10.8277;N.A.;N.A.;03-Mar-2013
117253;SBI DEBT FUND SERIES - 366 DAYS - 1 - GROWTH;INF200K01MZ8;;10.8277;N.A.;N.A.;03-Mar-2013
117739;SBI DEBT FUND SERIES - 366 DAYS - 10 - DIVIDEND;INF200K01NY9;;10.5130;N.A.;N.A.;03-Mar-2013
117740;SBI DEBT FUND SERIES - 366 DAYS - 10 - GROWTH;INF200K01NX1;;10.5130;N.A.;N.A.;03-Mar-2013
117780;SBI DEBT FUND SERIES - 366 DAYS - 11 - DIVIDEND;INF200K01OY7;;10.4643;N.A.;N.A.;03-Mar-2013
117781;SBI DEBT FUND SERIES - 366 DAYS - 11 - GROWTH;INF200K01OX9;;10.4643;N.A.;N.A.;03-Mar-2013
117822;SBI DEBT FUND SERIES - 366 DAYS - 12 - DIVIDEND;INF200K01PA4;;10.4295;N.A.;N.A.;03-Mar-2013
117821;SBI DEBT FUND SERIES - 366 DAYS - 12 - GROWTH;INF200K01OZ4;;10.4295;N.A.;N.A.;03-Mar-2013
117833;SBI DEBT FUND SERIES - 366 DAYS - 13 - DIVIDEND;INF200K01PC0;;10.3820;N.A.;N.A.;03-Mar-2013
117832;SBI DEBT FUND SERIES - 366 DAYS - 13 - GROWTH;INF200K01PB2;;10.3820;N.A.;N.A.;03-Mar-2013
117857;SBI DEBT FUND SERIES - 366 DAYS - 14 - DIVIDEND;INF200K01PE6;;10.3810;N.A.;N.A.;03-Mar-2013
117858;SBI DEBT FUND SERIES - 366 DAYS - 14 - GROWTH;INF200K01PD8;;10.3810;N.A.;N.A.;03-Mar-2013
117917;SBI DEBT FUND SERIES - 366 DAYS - 15 - DIVIDEND;INF200K01PG1;;10.3302;N.A.;N.A.;03-Mar-2013
117918;SBI DEBT FUND SERIES - 366 DAYS - 15 - GROWTH;INF200K01PF3;;10.3302;N.A.;N.A.;03-Mar-2013
117987;SBI DEBT FUND SERIES - 366 DAYS - 16 - DIVIDEND;INF200K01PI7;;10.2236;N.A.;N.A.;03-Mar-2013
117986;SBI DEBT FUND SERIES - 366 DAYS - 16 - GROWTH;INF200K01PH9;;10.2236;N.A.;N.A.;03-Mar-2013
117997;SBI DEBT FUND SERIES - 366 DAYS - 17 - DIVIDEND;INF200K01PK3;;10.1970;N.A.;N.A.;03-Mar-2013
117996;SBI DEBT FUND SERIES - 366 DAYS - 17 - GROWTH;INF200K01PJ5;;10.1970;N.A.;N.A.;03-Mar-2013
118011;SBI DEBT FUND SERIES - 366 DAYS - 18 - DIVIDEND;INF200K01PM9;;10.1690;N.A.;N.A.;03-Mar-2013
118012;SBI DEBT FUND SERIES - 366 DAYS - 18 - GROWTH;INF200K01PL1;;10.1690;N.A.;N.A.;03-Mar-2013
118218;SBI DEBT FUND SERIES - 366 DAYS - 19 - DIVIDEND;INF200K01PO5;;10.1373;N.A.;N.A.;03-Mar-2013
118219;SBI DEBT FUND SERIES - 366 DAYS - 19 - GROWTH;INF200K01PN7;;10.1373;N.A.;N.A.;03-Mar-2013
117294;SBI DEBT FUND SERIES - 366 DAYS - 2 - DIVIDEND;INF200K01NC5;;10.7924;N.A.;N.A.;03-Mar-2013
117295;SBI DEBT FUND SERIES - 366 DAYS - 2 - GROWTH;INF200K01NB7;;10.7924;N.A.;N.A.;03-Mar-2013
118352;SBI DEBT FUND SERIES - 366 DAYS - 20 - DIVIDEND;INF200K01PQ0;;10.0828;N.A.;N.A.;03-Mar-2013
118351;SBI DEBT FUND SERIES - 366 DAYS - 20 - GROWTH;INF200K01PP2;;10.0821;N.A.;N.A.;03-Mar-2013
118333;SBI DEBT FUND SERIES - 366 DAYS - 21 - DIVIDEND;INF200K01PS6;;10.0938;N.A.;N.A.;03-Mar-2013
118334;SBI DEBT FUND SERIES - 366 DAYS - 21 - GROWTH;INF200K01PR8;;10.0993;N.A.;N.A.;03-Mar-2013
117335;SBI DEBT FUND SERIES - 366 DAYS - 3 - DIVIDEND;INF200K01NE1;;10.7862;N.A.;N.A.;03-Mar-2013
117336;SBI DEBT FUND SERIES - 366 DAYS - 3 - GROWTH;INF200K01ND3;;10.7862;N.A.;N.A.;03-Mar-2013
117408;SBI DEBT FUND SERIES - 366 DAYS - 4 - DIVIDEND;INF200K01NG6;;10.7291;N.A.;N.A.;03-Mar-2013
117407;SBI DEBT FUND SERIES - 366 DAYS - 4 - GROWTH;INF200K01NF8;;10.7291;N.A.;N.A.;03-Mar-2013
117475;SBI DEBT FUND SERIES - 366 DAYS - 5 - DIVIDEND;INF200K01NI2;;10.7353;N.A.;N.A.;03-Mar-2013
117476;SBI DEBT FUND SERIES - 366 DAYS - 5 - GROWTH;INF200K01NH4;;10.7352;N.A.;N.A.;03-Mar-2013
117557;SBI DEBT FUND SERIES - 366 DAYS - 6 - DIVIDEND;INF200K01NQ5;;10.6329;N.A.;N.A.;03-Mar-2013
117558;SBI DEBT FUND SERIES - 366 DAYS - 6 - GROWTH;INF200K01NP7;;10.6329;N.A.;N.A.;03-Mar-2013
117625;SBI DEBT FUND SERIES - 366 DAYS - 7 - DIVIDEND;INF200K01NS1;;10.6481;N.A.;N.A.;03-Mar-2013
117626;SBI DEBT FUND SERIES - 366 DAYS - 7 - GROWTH;INF200K01NR3;;10.6481;N.A.;N.A.;03-Mar-2013
117695;SBI DEBT FUND SERIES - 366 DAYS - 8 - DIVIDEND;INF200K01NU7;;10.5602;N.A.;N.A.;03-Mar-2013
117696;SBI DEBT FUND SERIES - 366 DAYS - 8 - GROWTH;INF200K01NT9;;10.5602;N.A.;N.A.;03-Mar-2013
117707;SBI DEBT FUND SERIES - 366 DAYS - 9 - DIVIDEND;INF200K01NW3;;10.5204;N.A.;N.A.;03-Mar-2013
117708;SBI DEBT FUND SERIES - 366 DAYS - 9 - GROWTH;INF200K01NV5;;10.5204;N.A.;N.A.;03-Mar-2013
117142;SBI DEBT FUND SERIES - 367 DAYS - 17 - DIVIDEND;INf200K01KQ1;;10.9064;N.A.;N.A.;03-Mar-2013
117143;SBI DEBT FUND SERIES - 367 DAYS - 17 - GROWTH;INF200K01KP3;;11.0115;N.A.;N.A.;03-Mar-2013
117184;SBI DEBT FUND SERIES - 367 DAYS - 18 - DIVIDEND;INF200K01KS7;;10.9342;N.A.;N.A.;03-Mar-2013
117183;SBI DEBT FUND SERIES - 367 DAYS - 18 - GROWTH;INF200K01KR9;;10.9342;N.A.;N.A.;03-Mar-2013
117189;SBI DEBT FUND SERIES - 367 DAYS - 19 - DIVIDEND;INF200K01KU3;;10.9778;N.A.;N.A.;03-Mar-2013
117190;SBI DEBT FUND SERIES - 367 DAYS - 19 - GROWTH;INF200K01KT5;;10.9778;N.A.;N.A.;03-Mar-2013
113321;SBI Debt Fund Series - 60 Months - 1 - Dividend;INF200K01CQ8;;11.9349;N.A.;N.A.;03-Mar-2013
113401;SBI Debt Fund Series - 60 Months - 1 - Growth;INF200K01CP0;;11.9348;N.A.;N.A.;03-Mar-2013
118220;SBI DEBT FUND SERIES - 60 MONTHS - 2 - DIVIDEND;INF200K01QD6;;10.1453;N.A.;N.A.;03-Mar-2013
118221;SBI DEBT FUND SERIES - 60 MONTHS - 2 - GROWTH;INF200K01QC8;;10.1453;N.A.;N.A.;03-Mar-2013
120901;SBI DEBT FUND SERIES - 60 MONTHS - 3 - DIRECT PLAN - DIVIDEND;INF200K01QQ8;;10.0262;N.A.;N.A.;03-Mar-2013
120900;SBI DEBT FUND SERIES - 60 MONTHS - 3 - DIRECT PLAN - GROWTH;INF200K01QP0;;10.0262;N.A.;N.A.;03-Mar-2013
120899;SBI DEBT FUND SERIES - 60 MONTHS - 3 - REGULAR PLAN - DIVIDEND;INF200K01QF1;;10.0206;N.A.;N.A.;03-Mar-2013
120898;SBI DEBT FUND SERIES - 60 MONTHS - 3 - REGULAR PLAN - GROWTH;INF200K01QE4;;10.0206;N.A.;N.A.;03-Mar-2013
118216;SBI DEBT FUND SERIES - 90 DAYS - 72 - DIVIDEND;INF200K01OG4;;10.1863;N.A.;N.A.;03-Mar-2013
118217;SBI DEBT FUND SERIES - 90 DAYS - 72 - GROWTH;INF200K01OF6;;10.1851;N.A.;N.A.;03-Mar-2013
118289;SBI DEBT FUND SERIES - 90 DAYS - 73 - DIVIDEND;INF200K01OI0;;10.1656;N.A.;N.A.;03-Mar-2013
118290;SBI DEBT FUND SERIES - 90 DAYS - 73 - GROWTH;INF200K01OH2;;10.1656;N.A.;N.A.;03-Mar-2013
