Scheme Code;Scheme Name;ISIN Div Payout/ISIN Growth;ISIN Div Reinvestment;Net Asset Value;Repurchase Price;Sale Price;Date

Open Ended Schemes ( Debt Scheme - Overnight Fund )


Aditya Birla Sun Life Mutual Fund
145488;ADITYA BIRLA SUN LIFE OVERNIGHT FUND-  Direct - Monthly Payout of IDCW;INF209KB1ZL4;;1002.3987;;;21-May-2022
145489;ADITYA BIRLA SUN LIFE OVERNIGHT FUND-  Direct - Weekly Reinvestment of IDCW;;INF209KB1ZJ8;1000.1368;;;21-May-2022
145482;ADITYA BIRLA SUN LIFE OVERNIGHT FUND-  Regular - Weekly Reinvestment of IDCW option;;INF209KB1ZE9;1000.1291;;;21-May-2022
145487;ADITYA BIRLA SUN LIFE OVERNIGHT FUND- Direct - Daily Reinvestment of IDCW;;INF209KB1ZI0;1000.1324;;;21-May-2022
145483;ADITYA BIRLA SUN LIFE OVERNIGHT FUND- Regular - Daily Reinvestment of IDCW;;INF209KB1ZD1;1000.1292;;;21-May-2022
145485;ADITYA BIRLA SUN LIFE OVERNIGHT FUND- Regular- Monthly Payout of IDCW option;INF209KB1ZG4;;1002.3261;;;21-May-2022
145486;ADITYA BIRLA SUN LIFE OVERNIGHT FUND-DIRECT PLAN-GROWTH;INF209KB1ZH2;;1155.6761;;;21-May-2022
145481;ADITYA BIRLA SUNLIFE OVERNIGHT FUND-REGULAR PLAN-GROWTH;INF209KB1ZC3;;1150.6527;;;21-May-2022

Axis Mutual Fund
146679;Axis Overnight Fund - Direct Plan - Daily IDCW;;INF846K01N99;1000.5073;;;21-May-2022
146675;Axis Overnight Fund - Direct Plan - Growth Option;INF846K01N65;;1129.7299;;;21-May-2022
146677;Axis Overnight Fund - Direct Plan - Monthly IDCW;INF846K01N73;INF846K01N81;1003.6486;;;21-May-2022
146676;Axis Overnight Fund - Direct Plan - Weekly IDCW;INF846K01N40;INF846K01N57;1001.1492;;;21-May-2022
146682;Axis Overnight Fund - Regular Plan - Daily IDCW;;INF846K01O56;1000.5032;;;21-May-2022
146678;Axis Overnight Fund - Regular Plan - Growth Option;INF846K01O23;;1127.5971;;;21-May-2022
146681;Axis Overnight Fund - Regular Plan - Monthly IDCW;INF846K01O31;INF846K01O49;1003.5991;;;21-May-2022
146680;Axis Overnight Fund - Regular Plan - Weekly IDCW;INF846K01O07;INF846K01O15;1001.1126;;;21-May-2022

Bandhan Mutual Fund
146190;BANDHAN Overnight Fund - Direct Plan - Daily IDCW;INF194KB1462;INF194KB1470;1000.1119;;;21-May-2022
146191;BANDHAN Overnight Fund - Direct Plan - Growth;INF194KB1447;;1139.6547;;;21-May-2022
146183;BANDHAN Overnight Fund - Direct Plan - Monthly IDCW;INF194KB1496;INF194KB1504;1002.4897;;;21-May-2022
146184;BANDHAN Overnight Fund - Direct Plan - Periodic IDCW;INF194KB1520;INF194KB1538;1038.8000;;;21-May-2022
146192;BANDHAN Overnight Fund - Direct Plan - Weekly IDCW;INF194KB1553;INF194KB1561;1000.1591;;;21-May-2022
146188;BANDHAN Overnight Fund - Regular Plan - Daily IDCW;INF194KB1330;INF194KB1348;1000.1092;;;21-May-2022
146187;BANDHAN Overnight Fund - Regular Plan - Growth;INF194KB1314;;1135.2501;;;21-May-2022
146185;BANDHAN Overnight Fund - Regular Plan - Monthly IDCW;INF194KB1363;INF194KB1371;1002.4296;;;21-May-2022
146189;BANDHAN Overnight Fund - Regular Plan - Weekly IDCW;INF194KB1421;INF194KB1439;1001.0390;;;21-May-2022
146186;BANDHAN Overnight Fund - REGULAR PLAN PERIODIC IDCW;INF194KB1397;INF194KB1405;1038.7526;;;21-May-2022

Bank of India Mutual Fund
147951;BANK OF INDIA Overnight Fund Direct Plan Growth;INF761K01EU7;;1081.9064;;;21-May-2022
147952;BANK OF INDIA Overnight Fund Direct Plan- Daily IDCW;;INF761K01EV5;1000.0000;;;21-May-2022
147948;BANK OF INDIA Overnight Fund Direct Plan- Monthly IDCW;INF761K01EY9;INF761K01EX1;1002.7332;;;21-May-2022
147950;BANK OF INDIA Overnight Fund Direct Plan- Weekly IDCW;;INF761K01EW3;1000.5615;;;21-May-2022
147936;BANK OF INDIA Overnight Fund Regular Plan Growth;INF761K01EZ6;;1079.8467;;;21-May-2022
147949;BANK OF INDIA Overnight Fund Regular Plan- Monthly IDCW;INF761K01FD0;INF761K01FC2;1002.7211;;;21-May-2022
149412;BANK OF INDIA Overnight Fund Unclaimed IDCW Plan - Greater than 3 Years;;;1000.0000;;;21-May-2022
149414;BANK OF INDIA Overnight Fund Unclaimed IDCW Plan - Up to 3 Years;;;1017.2192;;;21-May-2022
149415;BANK OF INDIA Overnight Fund Unclaimed Redemption Plan - Greater than 3 Years;;;1000.0000;;;21-May-2022
149413;BANK OF INDIA Overnight Fund Unclaimed Redemption Plan - Upto 3 Years;;;1017.1391;;;21-May-2022

Baroda BNP Paribas Mutual Fund
147197;Baroda BNP Paribas Overnight Fund - Direct Plan - Daily IDCW;;INF955L01HW2;1000.0028;;;21-May-2022
147196;Baroda BNP Paribas Overnight Fund - Direct Plan - Growth;INF955L01HV4;;1122.1118;;;21-May-2022
147195;Baroda BNP Paribas Overnight Fund - Direct Plan - Weekly IDCW;;INF955L01HX0;1000.5504;;;21-May-2022
149988;Baroda BNP Paribas Overnight Fund - Plan C - Unclaimed IDCW - Greater than 3 years;;;1000.0000;;;21-May-2022
149991;Baroda BNP Paribas Overnight Fund - Plan C - Unclaimed IDCW - Up to 3 years;;;1006.7655;;;21-May-2022
149990;Baroda BNP Paribas Overnight Fund - Plan C - Unclaimed Redemption - Greater than 3 years;;;1000.0000;;;21-May-2022
149989;Baroda BNP Paribas Overnight Fund - Plan C - Unclaimed Redemption - Up to 3 years;;;1006.7654;;;21-May-2022
147194;Baroda BNP Paribas Overnight Fund - Regular Plan - Daily IDCW;;INF955L01HT8;1000.0018;;;21-May-2022
147193;Baroda BNP Paribas Overnight Fund - Regular Plan - Growth;INF955L01HS0;;1120.1883;;;21-May-2022
147198;Baroda BNP Paribas Overnight Fund - Regular Plan - Weekly IDCW;;INF955L01HU6;1000.5273;;;21-May-2022

Canara Robeco Mutual Fund
147532;CANARA ROBECO OVERNIGHT FUND - DIRECT PLAN - DAILY IDCW (Reinvestment);;INF760K01JN3;1001.0006;;;21-May-2022
147531;CANARA ROBECO OVERNIGHT FUND - DIRECT PLAN - GROWTH OPTION;INF760K01JM5;;1106.1973;;;21-May-2022
147533;CANARA ROBECO OVERNIGHT FUND - REGULAR PLAN - DAILY IDCW (Reinvestment);;INF760K01JP8;1001.0000;;;21-May-2022
147534;CANARA ROBECO OVERNIGHT FUND - REGULAR PLAN - GROWTH OPTION;INF760K01JO1;;1105.4724;;;21-May-2022

Edelweiss Mutual Fund
147551;Edelweiss Overnight Fund - Direct Plan - Annual - IDCW Option;INF754K01KD5;INF754K01KC7;1107.9785;;;21-May-2022
147557;Edelweiss Overnight Fund - Direct Plan - Daily - IDCW Option;;INF754K01JW7;1000;;;21-May-2022
147570;Edelweiss Overnight Fund - Direct Plan - Growth;INF754K01JV9;;1107.6797;;;21-May-2022
147554;Edelweiss Overnight Fund - Direct Plan - Monthly - IDCW Option;INF754K01KB9;INF754K01KA1;1060.3709;;;21-May-2022
147556;Edelweiss Overnight Fund - Regular Plan - Annual - IDCW Option;INF754K01KM6;INF754K01KL8;1105.793;;;21-May-2022
147552;Edelweiss Overnight Fund - Regular Plan - Daily - IDCW Option;;INF754K01KF0;1008.1128;;;21-May-2022
147549;Edelweiss Overnight Fund - Regular Plan - Fortnightly - IDCW Option;INF754K01KI4;INF754K01KH6;1095.7467;;;21-May-2022
147569;Edelweiss Overnight Fund - Regular Plan - Growth;INF754K01KE3;;1105.7941;;;21-May-2022
147555;Edelweiss Overnight Fund - Regular Plan - Monthly - IDCW Option;INF754K01KK0;INF754K01KJ2;1006.1295;;;21-May-2022
147553;Edelweiss Overnight Fund - Regular Plan - Weekly - IDCW Option;;INF754K01KG8;1016.2117;;;21-May-2022
149476;Edelweiss Overnight Fund - Unclaimed IDCW Plan - Above 3 years;;;1000;;;21-May-2022
149477;Edelweiss Overnight Fund - Unclaimed IDCW Plan - Upto 3 years;;;1013.4657;;;21-May-2022
149479;Edelweiss Overnight Fund - Unclaimed Redemption Plan - Above 3 years;;;1000;;;21-May-2022
149478;Edelweiss Overnight Fund - Unclaimed Redemption Plan - Upto 3 years;;;1013.4657;;;21-May-2022

Franklin Templeton Mutual Fund
147213;Franklin India Overnight fund- Growth;INF090I01SO8;;1114.0916;;;21-May-2022
147214;Franklin India Overnight Fund- Growth - Direct;INF090I01SS9;;1115.9591;;;21-May-2022

Groww Mutual Fund
147458;Groww Overnight Fund (formerly known as Indiabulls Overnight Fund)- Direct Plan- - Income Distribution cum capital withdrawal Option ( Reinvestment);;INF666M01GM6;1000.9932;;;21-May-2022
147452;Groww Overnight Fund (formerly known as Indiabulls Overnight Fund)- Direct Plan- Fortnightly - Income Distribution cum capital withdrawal Option (Payout & Reinvestment);INF666M01GP9;INF666M01GQ7;1002.4561;;;21-May-2022
147450;Groww Overnight Fund (formerly known as Indiabulls Overnight Fund)- Direct Plan- Growth Option;INF666M01GL8;;1106.8063;;;21-May-2022
147453;Groww Overnight Fund (formerly known as Indiabulls Overnight Fund)- Direct Plan- Monthly - Income Distribution cum capital withdrawal Option (Payout & Reinvestment);INF666M01GR5;INF666M01GS3;1003.1021;;;21-May-2022
147451;Groww Overnight Fund (formerly known as Indiabulls Overnight Fund)- Direct Plan- Weekly - Income Distribution cum capital withdrawal Option (Payout & Reinvestment);INF666M01GN4;INF666M01GO2;1001.7889;;;21-May-2022
147455;Groww Overnight Fund (formerly known as Indiabulls Overnight Fund)- Regular Plan- - Income Distribution cum capital withdrawal Option ( Reinvestment);;INF666M01GU9;1000.9845;;;21-May-2022
147457;Groww Overnight Fund (formerly known as Indiabulls Overnight Fund)- Regular Plan- Fortnightly - Income Distribution cum capital withdrawal Option (Payout & Reinvestment);INF666M01GX3;INF666M01GY1;1001.9975;;;21-May-2022
147454;Groww Overnight Fund (formerly known as Indiabulls Overnight Fund)- Regular Plan- Growth Option;INF666M01GT1;;1103.6238;;;21-May-2022
147459;Groww Overnight Fund (formerly known as Indiabulls Overnight Fund)- Regular Plan- Monthly - Income Distribution cum capital withdrawal Option (Payout & Reinvestment);INF666M01GZ8;INF666M01HA9;1002.8075;;;21-May-2022
147456;Groww Overnight Fund (formerly known as Indiabulls Overnight Fund)- Regular Plan- Weekly - Income Distribution cum capital withdrawal Option (Payout & Reinvestment);INF666M01GV7;INF666M01GW5;1001.307;;;21-May-2022
149394;Groww Overnight Fund (formerly known as Indiabulls Overnight Fund)- Unclaimed Dividend < 3 years;;;1015.203;;;21-May-2022
149393;Groww Overnight Fund (formerly known as Indiabulls Overnight Fund)- Unclaimed Dividend > 3 Years;;;1015.9533;;;21-May-2022
149396;Groww Overnight Fund (formerly known as Indiabulls Overnight Fund)- Unclaimed Redemption < 3 Years;;;1015.5922;;;21-May-2022
149395;Groww Overnight Fund (formerly known as Indiabulls Overnight Fund)- Unclaimed Redemption > 3 Years;;;1016.8943;;;21-May-2022

Invesco Mutual Fund
147884;Invesco India Overnight Fund - Direct Plan - Daily IDCW (Reinvestment);;INF205KA1122;1000.3999;;;21-May-2022
147883;Invesco India Overnight Fund - Direct Plan - Growth;INF205KA1163;;1079.9484;;;21-May-2022
147886;Invesco India Overnight Fund - Direct Plan - Monthly IDCW (Payout / Reinvestment);INF205KA1155;INF205KA1148;1002.5059;;;21-May-2022
147880;Invesco India Overnight Fund - Regular Plan - Daily IDCW (Reinvestment);;INF205KA1072;1000.0017;;;21-May-2022
147878;Invesco India Overnight Fund - Regular Plan - Growth;INF205KA1114;;1078.4092;;;21-May-2022
147879;Invesco India Overnight Fund - Regular Plan - Monthly IDCW (Payout / Reinvestment);INF205KA1106;INF205KA1098;1002.4305;;;21-May-2022
147881;Invesco India Overnight Fund - Regular Plan - Weekly IDCW (Reinvestment);;INF205KA1080;1000.4404;;;21-May-2022

ITI Mutual Fund
147707;ITI Overnight Fund - Direct Plan - Annual IDCW Option;INF00XX01648;INF00XX01614;1083.0242;;;21-May-2022
147708;ITI Overnight Fund - Direct Plan - Daily IDCW Option;;INF00XX01572;1001.0000;;;21-May-2022
147710;ITI Overnight Fund - Direct Plan - Fortnightly IDCW Option;INF00XX01622;INF00XX01598;1002.0574;;;21-May-2022
147713;ITI Overnight Fund - Direct Plan - Growth Option;INF00XX01564;;1090.1150;;;21-May-2022
147717;ITI Overnight Fund - Direct Plan - Monthly IDCW Option;INF00XX01630;INF00XX01606;1003.9039;;;21-May-2022
147711;ITI Overnight Fund - Direct Plan - Weekly IDCW option;;INF00XX01580;1001.3211;;;21-May-2022
147715;ITI Overnight Fund - Regular Plan - Annual IDCW Option;INF00XX01556;INF00XX01523;1019.4032;;;21-May-2022
147709;ITI Overnight Fund - Regular Plan - Daily IDCW Option;;INF00XX01481;1001.0000;;;21-May-2022
147716;ITI Overnight Fund - Regular Plan - Fortnightly IDCW Option;INF00XX01531;INF00XX01507;1002.0875;;;21-May-2022
147714;ITI Overnight Fund - Regular Plan - Growth Option;INF00XX01473;;1087.2055;;;21-May-2022
147718;ITI Overnight Fund - Regular Plan - Monthly IDCW Option;INF00XX01549;INF00XX01515;1003.7258;;;21-May-2022
147712;ITI Overnight Fund - Regular Plan - Weekly IDCW Option;;INF00XX01499;1001.3149;;;21-May-2022

L&T Mutual Fund
118066;L&T Overnight Fund  - Regular Plan - Monthly IDCW;INF917K01EL4;INF917K01EM2;1012.2268;;;21-May-2022
119283;L&T Overnight Fund - Direct Plan - Growth;INF917K01EN0;;1666.9533;;;21-May-2022
119284;L&T Overnight Fund - Direct Plan- Daily IDCW;;INF917K01EO8;1023.4067;;;21-May-2022
119282;L&T Overnight Fund - Direct Plan- Monthly IDCW;INF917K01ER1;;1068.7543;;;21-May-2022
119285;L&T Overnight Fund - Direct Plan- Weekly IDCW;;INF917K01EP5;1001.9602;;;21-May-2022
118056;L&T Overnight Fund - Regular Plan - Daily IDCW;;INF917K01EJ8;1023.4039;;;21-May-2022
118058;L&T Overnight Fund - Regular Plan - Growth;INF917K01EI0;;1585.8907;;;21-May-2022
118065;L&T Overnight Fund - Regular Plan - Weekly IDCW;;INF917K01EK6;1000.5517;;;21-May-2022

LIC Mutual Fund
147516;LIC MF Overnight Fund-Direct Plan-Daily IDCW;;INF767K01QG7;1025.7703;;;21-May-2022
147515;LIC MF Overnight Fund-Direct Plan-Growth;INF767K01QI3;;1107.6432;;;21-May-2022
147513;LIC MF Overnight Fund-Direct Plan-IDCW;INF767K01QE2;INF767K01QF9;1107.3772;;;21-May-2022
147514;LIC MF Overnight Fund-Direct Plan-Weekly IDCW;;INF767K01QH5;1001.0214;;;21-May-2022
147519;LIC MF Overnight Fund-Regular Plan-Growth;INF767K01QD4;;1103.55;;;21-May-2022
147512;LIC MF Overnight Fund-Regular Plan-IDCW;INF767K01PZ9;INF767K01QA0;1104.0325;;;21-May-2022
147518;LIC MF Overnight Fund-Regular Plan-Weekly IDCW;;INF767K01QC6;1021.7527;;;21-May-2022

Mahindra Manulife Mutual Fund
147563;Mahindra Manulife Overnight Fund - Direct Plan - Daily IDCW;;INF174V01846;1055.5070;;;21-May-2022
147564;Mahindra Manulife Overnight Fund - Direct Plan -Growth;INF174V01838;;1106.1093;;;21-May-2022
147566;Mahindra Manulife Overnight Fund - Regular Plan - Daily IDCW;;INF174V01820;1031.4787;;;21-May-2022
147565;Mahindra Manulife Overnight Fund - Regular Plan - Growth;INF174V01812;;1102.9249;;;21-May-2022
149471;Mahindra Manulife Overnight Fund - Unclaimed Redemption/IDCW beyond 3 years;;;1000.0000;;;21-May-2022
149470;Mahindra Manulife Overnight Fund - Unclaimed Redemption/IDCW upto 3 years;;;1014.2587;;;21-May-2022

PGIM India Mutual Fund
147605;PGIM India Overnight Fund - Direct Plan - Daily Dividend Option;;INF663L01T35;1000;;;21-May-2022
147606;PGIM India Overnight Fund - Direct Plan - Growth Option;INF663L01T01;;1103.019;;;21-May-2022
147608;PGIM India Overnight Fund - Direct Plan - Weekly Dividend Option;INF663L01T19;INF663L01T27;1000.0218;;;21-May-2022
147609;PGIM India Overnight Fund - Regular Plan - Daily Dividend Option;;INF663L01T76;1000;;;21-May-2022
147607;PGIM India Overnight Fund - Regular Plan - Weekly Dividend Option;INF663L01T50;INF663L01T68;1000.2918;;;21-May-2022
147600;PGIM India Overnight Fund - Regular Plan- Growth Option;INF663L01T43;;1100.4741;;;21-May-2022

SBI Mutual Fund
119831;SBI Overnight Fund - Direct Plan - Daily Income Distribution cum Capital Withdrawal Option (IDCW);;INF200K01TJ7;1079.9124;;;21-May-2022
119833;SBI OVERNIGHT FUND - DIRECT PLAN - GROWTH;INF200K01TK5;;3479.2481;;;21-May-2022
119832;SBI Overnight Fund - Direct Plan - Weekly Income Distribution cum Capital Withdrawal Option (IDCW);INF200K01TL3;INF200K01TM1;1102.7485;;;21-May-2022
114297;SBI Overnight Fund - Regular Plan - Daily Income Distribution cum Capital Withdrawal Option (IDCW);;INF200K01LN6;1078.2177;;;21-May-2022
101206;SBI OVERNIGHT FUND - REGULAR PLAN - GROWTH;INF200K01LQ9;;3442.6077;;;21-May-2022
103140;SBI Overnight Fund - Regular Plan - Weekly Income Distribution cum Capital Withdrawal Option (IDCW);INF200K01LO4;INF200K01LP1;1101.0119;;;21-May-2022

Sundaram Mutual Fund
146964;Sundaram Overnight Fund Direct Plan - Daily Reinvestment of Income Distribution cum Capital Withdrawal (IDCW);INF903JA1HJ9;;1000.1421;;;21-May-2022
146956;Sundaram Overnight Fund Direct Plan - Fortnightly Reinvestment of Income Distribution cum Capital Withdrawal (IDCW);INF903JA1HL5;;1064.4715;;;21-May-2022
146963;Sundaram Overnight Fund Direct Plan - Growth;INF903JA1HG5;;1135.6528;;;21-May-2022
146962;Sundaram Overnight Fund Direct Plan - Monthly Payout of Income Distribution cum Capital Withdrawal (IDCW);INF903JA1HH3;;1042.7739;;;21-May-2022
146957;Sundaram Overnight Fund Direct Plan - Monthly Reinvestment of Income Distribution cum Capital Withdrawal (IDCW);INF903JA1HM3;;1042.7739;;;21-May-2022
146955;Sundaram Overnight Fund Direct Plan - Weekly Reinvestment of Income Distribution cum Capital Withdrawal (IDCW);INF903JA1HK7;;1048.4228;;;21-May-2022
146953;Sundaram Overnight Fund Regular Plan - Daily Reinvestment of Income Distribution cum Capital Withdrawal (IDCW);INF903JA1HC4;;1000.1409;;;21-May-2022
146958;Sundaram Overnight Fund Regular Plan - Fortnightly Reinvestment of Income Distribution cum Capital Withdrawal (IDCW);INF903JA1HE0;;1065.8964;;;21-May-2022
146959;Sundaram Overnight Fund Regular Plan - Growth;INF903JA1GZ7;;1132.1055;;;21-May-2022
146960;Sundaram Overnight Fund Regular Plan - Monthly Payout of Income Distribution cum Capital Withdrawal (IDCW);INF903JA1HA8;;1039.0719;;;21-May-2022
146961;Sundaram Overnight Fund Regular Plan - Monthly Reinvestment of Income Distribution cum Capital Withdrawal (IDCW);INF903JA1HF7;;1039.0719;;;21-May-2022
146954;Sundaram Overnight Fund Regular Plan - Weekly Payout of Income Distribution cum Capital Withdrawal (IDCW);INF903JA1HD2;;1047.3361;;;21-May-2022
149820;Sundaram Overnight Fund Unclaimed IDCW beyond three years;INF903JA1KX4;;1000.0000;;;21-May-2022
149821;Sundaram Overnight Fund Unclaimed IDCW upto three years;INF903JA1KZ9;;1011.5229;;;21-May-2022
149819;Sundaram Overnight Fund Unclaimed Redemption  beyond three years;INF903JA1KY2;;1000.0000;;;21-May-2022
149818;Sundaram Overnight Fund Unclaimed Redemption upto three years;INF903JA1LA0;;1011.5166;;;21-May-2022

Tata Mutual Fund
146978;TATA Overnight Fund Direct Plan - Daily Reinvestment of Income Distribution cum capital withdrawal option   ;;INF277K019T3;1000.0000;;;21-May-2022
146979;TATA Overnight Fund Regular Plan - Daily Reinvestment of Income Distribution cum capital withdrawal option   ;;INF277K017T7;1000.0000;;;21-May-2022
146980;Tata Overnight Fund-Direct Plan-Growth;INF277K018T5;;1127.2671;;;21-May-2022
146977;Tata Overnight Fund-Regular Plan-Growth;INF277K016T9;;1123.5423;;;21-May-2022

Union Mutual Fund
147002;Union Overnight Fund - Direct Plan - Daily IDCW Option;;INF582M01FB0;1000.7630;;;21-May-2022
147003;Union Overnight Fund - Direct Plan - Growth Option;INF582M01FA2;;1125.1586;;;21-May-2022
147006;Union Overnight Fund - Direct Plan - Monthly IDCW Option;INF582M01FG9;INF582M01FE4;1003.4583;;;21-May-2022
146998;Union Overnight Fund - Regular Plan - Daily IDCW Option;;INF582M01FK1;1000.7610;;;21-May-2022
146997;Union Overnight Fund - Regular Plan - Growth Option;INF582M01FJ3;;1121.6655;;;21-May-2022
147000;Union Overnight Fund - Regular Plan - Monthly IDCW Option;INF582M01FP0;INF582M01FN5;1003.3783;;;21-May-2022
149451;Union Overnight Fund - Unclaimed Amounts Plan - IDCW Beyond 3 years;;;1000.0000;;;21-May-2022
149452;Union Overnight Fund - Unclaimed Amounts Plan - IDCW Upto 3 years;;;1014.3840;;;21-May-2022
149453;Union Overnight Fund - Unclaimed Amounts Plan - Redemption Beyond 3 years;;;1000.0000;;;21-May-2022
149454;Union Overnight Fund - Unclaimed Amounts Plan - Redemption Upto 3 years;;;1014.3775;;;21-May-2022

UTI Mutual Fund
100814;UTI - Overnight  Fund - Regular Plan - Growth Option;INF789F01604;;2898.2478;;;21-May-2022
120785;UTI - Overnight Fund - Direct Plan - Growth Option;INF789FB1S71;;2925.1136;;;21-May-2022
124266;UTI Overnight Fund - Direct Plan - Daily IDCW;;INF789FB1S89;1371.6621;;;21-May-2022
120786;UTI Overnight Fund - Direct Plan - Periodic IDCW;INF789FB1T05;INF789FB1S97;1535.142;;;21-May-2022
124265;UTI Overnight Fund - Regular Plan - Daily IDCW;;INF789FB1T13;1370.8617;;;21-May-2022
100813;UTI Overnight Fund - Regular Plan - Periodic IDCW;INF789F01588;INF789F01596;1493.0758;;;21-May-2022

Open Ended Schemes ( Debt Scheme - Liquid Fund )


Aditya Birla Sun Life Mutual Fund
100047;Aditya Birla Sun Life Liquid Fund - Growth;INF209K01RU9;;341.9939;;;21-May-2022
119568;Aditya Birla Sun Life Liquid Fund - Growth - Direct Plan;INF209K01VA3;;344.7515;;;21-May-2022
100046;Aditya Birla Sun Life Liquid Fund -Daily IDCW;INF209K01KQ2;INF209K01SQ5;100.2077;;;21-May-2022
119569;Aditya Birla Sun Life Liquid Fund -Direct - daily IDCW;INF209K01UZ2;;100.208;;;21-May-2022
119571;Aditya Birla Sun Life Liquid Fund -DIRECT - IDCW;INF209K01VD7;;187.1726;;;21-May-2022
119570;Aditya Birla Sun Life Liquid Fund -Direct - weekly IDCW;INF209K01VC9;;100.238;;;21-May-2022
100041;Aditya Birla Sun Life Liquid Fund -Institutional - IDCW;;INF209K01KN9;108.0367;;;21-May-2022
100048;Aditya Birla Sun Life Liquid Fund -Institutional - weekly  IDCW;INF209KA1LK7;INF209K01KY6;108.0817;;;21-May-2022
103885;Aditya Birla Sun Life Liquid Fund -Regular - IDCW;INF209KA1LI1;;143.0992;;;21-May-2022
100044;Aditya Birla Sun Life Liquid Fund -Retail - IDCW;;INF209K01KP4;163.7148;;;21-May-2022
100051;Aditya Birla Sun Life Liquid Fund -weekly IDCW;INF209K01KU4;INF209KA1LJ9;100.2377;;;21-May-2022
112014;Aditya Birla Sun Life Liquid Fund- Discipline Advantage Plan;INF209K01KZ3;;229.9818;;;21-May-2022
100043;Aditya Birla Sun Life Liquid Fund-Institutional (Growth);INF209K01RT1;;569.5275;;;21-May-2022
100042;Aditya Birla Sun Life Liquid Fund-Retail (Growth);INF209K01ME4;;554.9831;;;21-May-2022

Axis Mutual Fund
120388;Axis Liquid Fund - Direct Plan - Daily IDCW;;INF846K01DA0;1000.9560;;;21-May-2022
120389;Axis Liquid Fund - Direct Plan - Growth Option;INF846K01CX4;;2375.7649;;;21-May-2022
120391;Axis Liquid Fund - Direct Plan - Monthly IDCW;INF846K01CY2;INF846K01CZ9;1003.0440;;;21-May-2022
120390;Axis Liquid Fund - Direct Plan - Weekly IDCW;INF846K01DB8;INF846K01DC6;1002.6041;;;21-May-2022
112211;Axis Liquid Fund - Regular Plan - Daily IDCW;;INF846K01420;1001.3998;;;21-May-2022
112210;Axis Liquid Fund - Regular Plan - Growth Option;INF846K01412;;2361.3128;;;21-May-2022
112213;Axis Liquid Fund - Regular Plan - Monthly IDCW;INF846K01453;INF846K01461;1003.5852;;;21-May-2022
112212;Axis Liquid Fund - Regular Plan - Weekly IDCW;INF846K01438;INF846K01446;1002.5964;;;21-May-2022
112712;Axis Liquid Fund - Retail Plan - Daily IDCW;;INF846K01362;1000.9559;;;21-May-2022
112713;Axis Liquid Fund - Retail Plan - Growth Option;INF846K01354;;2196.0967;;;21-May-2022
112714;Axis Liquid Fund - Retail Plan - Monthly IDCW;INF846K01396;INF846K01404;1002.6674;;;21-May-2022
112715;Axis Liquid Fund - Retail Plan - Weekly IDCW;INF846K01370;INF846K01388;1001.1323;;;21-May-2022

Bandhan Mutual Fund
108692;BANDHAN LIQUID Fund - Regular Plan - Daily IDCW;INF194K01VZ4;INF194K01VY7;1001.2046;;;21-May-2022
108690;BANDHAN LIQUID Fund - Regular Plan - Growth;INF194K01VX9;;2568.9914;;;21-May-2022
108693;BANDHAN LIQUID Fund - Regular Plan - Monthly IDCW;INF194K01WF4;INF194K01WE7;1002.4101;;;21-May-2022
115489;BANDHAN LIQUID Fund - Regular Plan - Periodic IDCW;INF194K01WC1;INF194K01WB3;1109.1383;;;21-May-2022
108691;BANDHAN LIQUID Fund - Regular Plan - Weekly IDCW;INF194K01WI8;INF194K01WH0;1001.2064;;;21-May-2022
139582;BANDHAN LIQUID Fund - Unclaimed IDCW Less than 3 years;INF194KA14C0;;1.3762;;;21-May-2022
139583;BANDHAN LIQUID Fund - Unclaimed IDCW More than 3 years;INF194KA15C7;;1.0000;;;21-May-2022
139584;BANDHAN LIQUID Fund - Unclaimed Redemption Less than 3 years;INF194KA12C4;;1.3762;;;21-May-2022
139585;BANDHAN LIQUID Fund - Unclaimed Redemption More than 3 years;INF194KA13C2;;1.0000;;;21-May-2022
118365;BANDHAN LIQUID Fund -Direct Plan -Monthly IDCW;INF194K01J36;INF194K01J28;1009.1838;;;21-May-2022
118367;BANDHAN LIQUID Fund -Direct Plan -Weekly IDCW;INF194KB1JT8;INF194K01J51;1007.0813;;;21-May-2022
118366;BANDHAN LIQUID Fund -Direct Plan-Daily IDCW;;INF194K01I78;1001.7882;;;21-May-2022
118364;BANDHAN LIQUID Fund -Direct Plan-Growth;INF194K01I60;;2583.7004;;;21-May-2022
118363;BANDHAN LIQUID Fund -Direct Plan-Periodic IDCW;INF194K01J02;INF194K01I94;1040.9411;;;21-May-2022

Bank of India Mutual Fund
119368;BANK OF INDIA Liquid Fund- Direct Plan- Daily IDCW;;INF761K01CL0;1002.6483;;;21-May-2022
119369;BANK OF INDIA Liquid Fund- Direct Plan- Growth;INF761K01785;;2461.4670;;;21-May-2022
119370;BANK OF INDIA Liquid Fund- Direct Plan- Weekly IDCW;;INF761K01CM8;1062.1943;;;21-May-2022
111971;BANK OF INDIA Liquid Fund- Regular Plan- Daily IDCW;;INF761K01CO4;1002.1069;;;21-May-2022
109254;BANK OF INDIA Liquid Fund- Regular Plan- Growth;INF761K01306;;2440.6734;;;21-May-2022
109255;BANK OF INDIA Liquid Fund- Regular Plan- Weekly IDCW;;INF761K01CP1;1001.9114;;;21-May-2022

Baroda BNP Paribas Mutual Fund
119414;Baroda BNP Paribas LIQUID FUND - DIRECT PLAN - DAILY IDCW OPTION;INF955L01AK2;;1002.0849;;;21-May-2022
119415;Baroda BNP Paribas LIQUID FUND - DIRECT PLAN - GROWTH OPTION;INF955L01AL0;;2465.3782;;;21-May-2022
119416;Baroda BNP Paribas LIQUID FUND - DIRECT PLAN - WEEKLY IDCW OPTION;INF251K01SL8;;1219.0856;;;21-May-2022
111707;Baroda BNP Paribas LIQUID FUND - Regular Plan - DAILY IDCW OPTION;INF955L01468;INF955L01476;1001.1996;;;21-May-2022
111704;Baroda BNP Paribas LIQUID FUND - Regular Plan - GROWTH OPTION;INF955L01484;;2443.1895;;;21-May-2022
111705;Baroda BNP Paribas LIQUID FUND - Regular Plan - WEEKLY IDCW OPTION;INF251K01SK0;INF955L01500;1000.5665;;;21-May-2022
101408;Baroda BNP Paribas LIQUID FUND- Defunct Plan -Growth Option;INF955L01575;;3595.8289;;;21-May-2022
101407;Baroda BNP Paribas LIQUID FUND-Defunct Plan- IDCW Option;INF955L01559;INF955L01567;2966.9360;;;21-May-2022
101409;Baroda BNP Paribas LIQUID FUND-Defunct Plan-Daily IDCW Option;INF955L01518;INF955L01526;1006.0602;;;21-May-2022

Canara Robeco Mutual Fund
118307;CANARA ROBECO LIQUID FUND - DIRECT PLAN - DAILY IDCW (Reinvestment);;INF760K01FS0;1005.5000;;;21-May-2022
118305;CANARA ROBECO LIQUID FUND - DIRECT PLAN - GROWTH OPTION;INF760K01FU6;;2562.7900;;;21-May-2022
118304;CANARA ROBECO LIQUID FUND - DIRECT PLAN - IDCW (Payout/Reinvestment);INF760K01FT8;;1834.3958;;;21-May-2022
118306;CANARA ROBECO LIQUID FUND - DIRECT PLAN - MONTHLY IDCW (Payout/Reinvestment);INF760K01FV4;INF760K01FW2;1002.4872;;;21-May-2022
118308;CANARA ROBECO LIQUID FUND - DIRECT PLAN - WEEKLY IDCW (Payout/Reinvestment);INF760K01FY8;INF760K01FX0;1000.3582;;;21-May-2022
109349;CANARA ROBECO LIQUID FUND - REGULAR PLAN - DAILY IDCW (Reinvestment);;INF760K01CU3;1005.5000;;;21-May-2022
109353;CANARA ROBECO LIQUID FUND - REGULAR PLAN - GROWTH OPTION;INF760K01CW9;;2553.9097;;;21-May-2022
109351;CANARA ROBECO LIQUID FUND - REGULAR PLAN - MONTHLY IDCW (Payout/Reinvestment);INF760K01CX7;INF760K01CY5;1002.4729;;;21-May-2022
109350;CANARA ROBECO LIQUID FUND - REGULAR PLAN - WEEKLY IDCW (Payout/Reinvestment);INF760K01BZ4;INF760K01CZ2;1000.3556;;;21-May-2022
139235;Canara Robeco Liquid Fund -Unclaimed Redemption and Dividend Plan -Direct Growth Option;INF760K01IC8;;1395.4618;;;21-May-2022

DSP Mutual Fund
119125;DSP Liquidity Fund - Direct Plan - Growth;INF740K01QL4;;3057.9418;;;21-May-2022
119124;DSP Liquidity Fund - Direct Plan - IDCW - Daily;;INF740KA1OB6;1001.0573;;;21-May-2022
119123;DSP Liquidity Fund - Direct Plan - IDCW - Weekly;INF740KA1OC4;INF740KA1OD2;1001.1513;;;21-May-2022
103347;DSP Liquidity Fund - Regular Plan - Growth;INF740K01FK9;;3032.4857;;;21-May-2022
103348;DSP Liquidity Fund - Regular Plan - IDCW - Weekly;INF740K01FM5;INF740K01FL7;1001.1464;;;21-May-2022
103349;DSP Liquidity Fund- Regular Plan - IDCW - Daily;;INF740KA1OE0;1001.0549;;;21-May-2022

Edelweiss Mutual Fund
140194;Edelweiss Liquid Fund - Direct Plan - Bonus Option;INF754K01GY9;;1605.6729;;;21-May-2022
140196;Edelweiss Liquid Fund - Direct Plan - Growth Option;INF754K01GM4;;2759.9136;;;21-May-2022
140198;Edelweiss Liquid Fund - Direct Plan - IDCW Option;INF754K01GO0;INF754K01GN2;2759.9273;;;21-May-2022
140192;Edelweiss Liquid Fund - Direct Plan Annual - IDCW Option;INF754K01GX1;INF754K01GT9;2759.9051;;;21-May-2022
140193;Edelweiss Liquid Fund - Direct Plan daily - IDCW Option;;INF754K01GP7;1007.359;;;21-May-2022
140199;Edelweiss Liquid Fund - Direct Plan Fortnightly - IDCW Option;INF754K01GV5;INF754K01GR3;2181.2786;;;21-May-2022
140197;Edelweiss Liquid Fund - Direct Plan Monthly - IDCW Option;INF754K01GW3;INF754K01GS1;1006.2159;;;21-May-2022
140195;Edelweiss Liquid Fund - Direct Plan weekly - IDCW Option;INF754K01GU7;INF754K01GQ5;2173.9859;;;21-May-2022
140189;Edelweiss Liquid Fund - Regular Plan - Bonus Option;INF754K01HR1;;1584.8347;;;21-May-2022
140182;Edelweiss Liquid Fund - Regular Plan - Growth Option;INF754K01GZ6;;2720.939;;;21-May-2022
140190;Edelweiss Liquid Fund - Regular Plan - IDCW Option;INF754K01GK8;INF754K01GL6;2720.9418;;;21-May-2022
140188;Edelweiss Liquid Fund - Regular Plan Annual - IDCW Option;INF754K01HQ3;INF754K01HP5;1882.6596;;;21-May-2022
140181;Edelweiss Liquid Fund - Regular Plan Daily - IDCW Option;;INF754K01HA7;1007.4844;;;21-May-2022
140184;Edelweiss Liquid Fund - Regular Plan Fortnightly - IDCW Option;INF754K01HK6;INF754K01HC3;2154.552;;;21-May-2022
140183;Edelweiss Liquid Fund - Regular Plan Monthly - IDCW Option;INF754K01HL4;INF754K01HD1;1008.8504;;;21-May-2022
140185;Edelweiss Liquid Fund - Regular Plan Weekly - IDCW Option;INF754K01HJ8;INF754K01HB5;1022.0685;;;21-May-2022
140176;Edelweiss Liquid Fund - Retail Plan - Growth Option;INF754K01HE9;;2474.5053;;;21-May-2022
140178;Edelweiss Liquid Fund - Retail Plan - Weekly Dividend Option;;INF754K01HG4;1231.5792;;;21-May-2022
140177;Edelweiss Liquid Fund - Retail Plan Daily - IDCW Option;;INF754K01HF6;1007.2551;;;21-May-2022
140180;Edelweiss Liquid Fund - Retail Plan Monthly - IDCW Option;;INF754K01HI0;1245.5874;;;21-May-2022

Franklin Templeton Mutual Fund
100538;Franklin India Liquid Fund - Regular Plan - Growth;INF090I01BB1;;4906.1632;;;21-May-2022
118577;Franklin India Liquid Fund - Super Institutional - Direct - Growth;INF090I01JV2;;3214.5879;;;21-May-2022
100546;Franklin India Liquid Fund - Super Institutional Plan - Growth;INF090I01BG0;;3195.3138;;;21-May-2022

Groww Mutual Fund
119135;Groww Liquid Fund ( formerly known as Indiabulls Liquid )Fund - Direct Plan - Growth Option;INF666M01451;;2079.4328;;;21-May-2022
119136;Groww Liquid Fund (formerly known as Indiabulls Liquid Fund) - Direct Plan- - Income Distribution cum capital withdrawal Option ( Reinvestment);;INF666M01469;1001.06;;;21-May-2022
115991;Groww Liquid Fund (formerly known as Indiabulls Liquid Fund) - Regular Plan - Growth Option;INF666M01014;;2060.6295;;;21-May-2022
119138;Groww Liquid Fund (formerly known as Indiabulls Liquid Fund)- Direct Plan- Fortnightly - Income Distribution cum capital withdrawal Option (Payout & Reinvestment);INF666M01501;INF666M01485;1001.7163;;;21-May-2022
119139;Groww Liquid Fund (formerly known as Indiabulls Liquid Fund)- Direct Plan- Monthly - Income Distribution cum capital withdrawal Option (Payout & Reinvestment);INF666M01519;INF666M01493;1031.2476;;;21-May-2022
119137;Groww Liquid Fund (formerly known as Indiabulls Liquid Fund)- Direct Plan- Weekly - Income Distribution cum capital withdrawal Option (Payout & Reinvestment);INF666M01527;INF666M01477;1000.9425;;;21-May-2022
115992;Groww Liquid Fund (formerly known as Indiabulls Liquid Fund)- Regular Plan- - Income Distribution cum capital withdrawal Option (Reinvestment);;INF666M01022;1001.1451;;;21-May-2022
115995;Groww Liquid Fund (formerly known as Indiabulls Liquid Fund)- Regular Plan- Monthly - Income Distribution cum capital withdrawal Option (Payout & Reinvestment);INF666M01071;INF666M01055;1002.6449;;;21-May-2022
115993;Groww Liquid Fund (formerly known as Indiabulls Liquid Fund)- Regular Plan- Weekly - Income Distribution cum capital withdrawal Option (Payout & Reinvestment);INF666M01089;INF666M01030;1002.0033;;;21-May-2022
115994;Groww Liquid Fund (formerly known as Indiabulls Liquid) Fund- Regular Plan- Fortnightly - Income Distribution cum capital withdrawal Option (Payout & Reinvestment);INF666M01063;INF666M01048;1001.6236;;;21-May-2022

HDFC Mutual Fund
119091;HDFC Liquid Fund - Growth Option - Direct Plan;INF179KB1HP9;;4204.6941;;;21-May-2022
100868;HDFC Liquid Fund - Growth Plan;INF179KB1HK0;;4171.009;;;21-May-2022

ICICI Prudential Mutual Fund
120197;ICICI Prudential Liquid Fund - Direct Plan - Growth;INF109K01Q49;;316.7393;;;21-May-2022
103340;ICICI Prudential Liquid Fund - Growth;INF109K01VQ1;;314.5771;;;21-May-2022

IDBI Mutual Fund
126163;IDBI Liquid Fund Bonus Direct;INF397L01FP5;;1724.8854;;;21-May-2022
118345;IDBI Liquid Fund Growth Direct;INF397L01AH3;;2302.0520;;;21-May-2022
113104;IDBI Liquid Fund- Monthly IDCW;INF397L01976;INF397L01968;1005.7151;;;21-May-2022
118449;IDBI Liquid Fund- Monthly IDCW Direct;INF397L01AK7;INF397L01AJ9;1004.1806;;;21-May-2022
113102;IDBI Liquid Fund-Daily IDCW;;INF397L01935;1005.2683;;;21-May-2022
118450;IDBI Liquid Fund-Daily IDCW Direct;;INF397L01AI1;1002.3548;;;21-May-2022
113096;IDBI Liquid Fund-Growth;INF397L01984;;2283.3132;;;21-May-2022
113103;IDBI Liquid Fund-Weekly IDCW;INF397L01950;INF397L01943;1023.6564;;;21-May-2022
118451;IDBI Liquid Fund-Weekly IDCW Direct;INF397L01AM3;INF397L01AL5;1004.3800;;;21-May-2022

Invesco Mutual Fund
122786;Invesco India Liquid Fund - Bonus Option;INF205K01UX5;;2921.6091;;;21-May-2022
104484;Invesco India Liquid Fund - Daily IDCW (Reinvestment);;INF205K01HN3;1002.7594;;;21-May-2022
120537;Invesco India Liquid Fund - Direct Plan - Growth;INF205K01MF9;;2937.5804;;;21-May-2022
120536;Invesco India Liquid Fund - Direct Plan - Monthly IDCW (Payout / Reinvestment);INF205K01MG7;INF205K01MH5;1049.392;;;21-May-2022
120535;Invesco India Liquid Fund - Direct Plan - Weekly IDCW (Reinvestment);INF205KA1BE5;INF205K01MI3;1016.2693;;;21-May-2022
120534;Invesco India Liquid Fund - Direct Plan- Daily IDCW (Reinvestment);;INF205K01ME2;1000.9596;;;21-May-2022
104486;Invesco India Liquid Fund - Growth;INF205K01HM5;;2918.7855;;;21-May-2022
104492;Invesco India Liquid Fund - Monthly IDCW (Payout / Reinvestment);INF205K01HQ6;INF205K01HP8;1005.001;;;21-May-2022
104488;Invesco India Liquid Fund - Regular - Growth;INF205K01HG7;;2627.5967;;;21-May-2022
104489;Invesco India Liquid Fund - Regular - Weekly IDCW (Reinvestment);;INF205K01HH5;1002.4655;;;21-May-2022
139390;Invesco India Liquid Fund - Unclaimed Dividend Plan - Above 3 Years;;;1000;;;21-May-2022
139389;Invesco India Liquid Fund - Unclaimed Dividend Plan - Below 3 Years;;;1392.2078;;;21-May-2022
139388;Invesco India Liquid Fund - Unclaimed Redemption Plan - Above 3 Years;;;1000;;;21-May-2022
139387;Invesco India Liquid Fund - Unclaimed Redemption Plan - Below 3 years;;;1392.1003;;;21-May-2022
104485;Invesco India Liquid Fund - Weekly IDCW (Reinvestment);INF205KA1BD7;INF205K01HO1;1003.6468;;;21-May-2022

ITI Mutual Fund
147161;ITI Liquid Fund - Direct Plan - Annually IDCW Option;INF00XX01366;INF00XX01333;1121.6631;;;21-May-2022
147158;ITI Liquid Fund - Direct Plan - Daily IDCW Option;;INF00XX01291;1001.0000;;;21-May-2022
147160;ITI Liquid Fund - Direct Plan - Fortnightly IDCW Option;INF00XX01341;INF00XX01317;1002.1329;;;21-May-2022
147157;ITI Liquid Fund - Direct Plan - Growth Option;INF00XX01283;;1121.0144;;;21-May-2022
147163;ITI Liquid Fund - Direct Plan - Monthly IDCW Option;INF00XX01358;INF00XX01325;1003.6899;;;21-May-2022
147159;ITI Liquid Fund - Direct Plan - Weekly IDCW Option;;INF00XX01309;1001.3561;;;21-May-2022
147162;ITI Liquid Fund - Regular Plan - Annually IDCW Option;INF00XX01275;INF00XX01242;1119.2097;;;21-May-2022
147154;ITI Liquid Fund - Regular Plan - Daily IDCW Option;;INF00XX01200;1001.0000;;;21-May-2022
147155;ITI Liquid Fund - Regular Plan - Fortnightly Income Distribution cum capital withdrawal option Option;INF00XX01259;INF00XX01226;1002.0836;;;21-May-2022
147153;ITI Liquid Fund - Regular Plan - Growth Option;INF00XX01192;;1117.0660;;;21-May-2022
147156;ITI Liquid Fund - Regular Plan - Monthly IDCW Option;INF00XX01267;INF00XX01234;1003.5999;;;21-May-2022
147164;ITI Liquid Fund - Regular Plan - Weekly IDCW Option;;INF00XX01218;1001.3426;;;21-May-2022

L&T Mutual Fund
122235;L&T Liquid Fund - Direct Plan - Weekly IDCW;;INF917K01HE2;1001.5568;;;21-May-2022
119791;L&T Liquid Fund - Direct Plan -Daily IDCW;INF917K01HG7;;1014.4715;;;21-May-2022
119790;L&T Liquid Fund - Direct Plan -Growth;INF917K01HF9;;2929.6734;;;21-May-2022
112458;L&T Liquid Fund - Regular Plan - Weekly IDCW;INF917K01BK2;INF917K01JG3;1003.3193;;;21-May-2022
112445;L&T Liquid Fund -Regular Plan - Daily IDCW;INF917K01JB4;;1011.8993;;;21-May-2022
112457;L&T Liquid Fund -Regular Plan - Growth;INF917K01JH1;;2914.5688;;;21-May-2022

LIC Mutual Fund
120248;LIC MF Liquid Fund-Direct Plan-Daily IDCW;INF767K01DL5;INF767K01DM3;1013.6;;;21-May-2022
120249;LIC MF Liquid Fund-Direct Plan-Growth;INF767K01DN1;;3885.6026;;;21-May-2022
101184;LIC MF Liquid Fund-Regular Plan-Daily IDCW;INF767K01IQ3;INF767K01IR1;1000.1;;;21-May-2022
101185;LIC MF Liquid Fund-Regular Plan-Growth;INF767K01IS9;;3844.0964;;;21-May-2022

Mahindra Manulife Mutual Fund
139535;Mahindra Manulife Liquid Fund - Direct Plan - Daily IDCW;;INF174V01051;1004.8301;;;21-May-2022
139536;Mahindra Manulife Liquid Fund - Direct Plan - Weekly IDCW;;INF174V01069;1003.2818;;;21-May-2022
139538;Mahindra Manulife Liquid Fund - Direct Plan -Growth;INF174V01044;;1391.1833;;;21-May-2022
139534;Mahindra Manulife Liquid Fund - Regular Plan - Daily IDCW;;INF174V01028;1000.3545;;;21-May-2022
139537;Mahindra Manulife Liquid Fund - Regular Plan - Growth;INF174V01010;;1381.1803;;;21-May-2022
139541;Mahindra Manulife Liquid Fund - Regular Plan - Weekly IDCW;;INF174V01036;1009.6981;;;21-May-2022

Nippon India Mutual Fund
100852;NIPPON INDIA LIQUID FUND - DAILY IDCW OPTION;;INF204K01UM1;1528.9238;;;21-May-2022
118695;NIPPON INDIA LIQUID FUND - DIRECT Plan - DAILY IDCW OPTION;;INF204K01ZG2;1528.9293;;;21-May-2022
118696;NIPPON INDIA LIQUID FUND - DIRECT Plan - MONTHLY IDCW OPTION;INF204K01ZI8;INF204K01ZJ6;1590.4348;;;21-May-2022
118698;NIPPON INDIA LIQUID FUND - DIRECT Plan - QUARTERLY IDCW OPTION;INF204K01ZK4;INF204K01ZL2;1009.6497;;;21-May-2022
118700;NIPPON INDIA LIQUID FUND - DIRECT Plan - WEEKLY IDCW OPTION;INF204KC1FN6;INF204K01ZM0;1530.4899;;;21-May-2022
118701;Nippon India Liquid Fund - Direct Plan Growth Plan - Growth Option;INF204K01ZH0;;5232.2052;;;21-May-2022
100855;NIPPON INDIA LIQUID FUND - MONTHLY IDCW OPTION;INF204K01UO7;INF204K01UP4;1586.9670;;;21-May-2022
112340;NIPPON INDIA LIQUID FUND - QUARTERLY IDCW OPTION;INF204K01UQ2;INF204K01UR0;1007.6814;;;21-May-2022
100837;Nippon India Liquid Fund - Retail Option - Growth Plan;INF204K01UL3;;4678.3018;;;21-May-2022
100842;NIPPON INDIA LIQUID FUND - RETAIL Plan - DAILY IDCW OPTION;;INF204K01UJ7;1524.4371;;;21-May-2022
100843;NIPPON INDIA LIQUID FUND - RETAIL plan - MONTHLY IDCW OPTION;INF204K01UT6;INF204K01UU4;1328.5024;;;21-May-2022
100844;NIPPON INDIA LIQUID FUND - RETAIL Plan - QUARTERLY IDCW OPTION;INF204K01UV2;INF204K01UW0;1219.0058;;;21-May-2022
100838;NIPPON INDIA LIQUID FUND - RETAIL Plan - WEEKLY IDCW OPTION;;INF204K01UK5;1034.2737;;;21-May-2022
100853;NIPPON INDIA LIQUID FUND - WEEKLY IDCW OPTION;INF204KC1FM8;INF204K01US8;1530.4859;;;21-May-2022
100851;Nippon India Liquid Fund -Growth Plan;INF204K01UN9;;5187.4277;;;21-May-2022

PGIM India Mutual Fund
138285;PGIM India Liquid Fund - Daily Dividend;;INF223J01BO9;100.304;;;21-May-2022
138297;PGIM India Liquid Fund - Direct Plan - Daily Dividend;INF223J01NR7;;108.2574;;;21-May-2022
138299;PGIM India Liquid Fund - Direct Plan - Growth;INF223J01NS5;;278.7803;;;21-May-2022
138298;PGIM India Liquid Fund - Direct Plan - Monthly Dividend;INF223J01NT3;INF223J01NU1;108.2093;;;21-May-2022
138301;PGIM India Liquid Fund - Direct Plan - Weekly Dividend;INF223J01NV9;INF223J01NW7;100.5166;;;21-May-2022
138288;PGIM India Liquid Fund - Growth;INF223J01BP6;;276.569;;;21-May-2022
138287;PGIM India Liquid Fund - Monthly Dividend;INF223J01BL5;;108.9382;;;21-May-2022
138289;PGIM India Liquid Fund - Weekly Dividend;INF223J01BU6;;100.5163;;;21-May-2022

Quantum Mutual Fund
103736;Quantum Liquid Fund - Direct Plan Daily IDCW;;INF082J01135;10.0085;;;21-May-2022
103734;Quantum Liquid Fund - Direct Plan Growth Option;INF082J01127;;28.8389;;;21-May-2022
103735;Quantum Liquid Fund - Direct Plan Monthly IDCW;INF082J01143;INF082J01200;10.0306;;;21-May-2022
141065;Quantum Liquid Fund - Regular Plan Daily IDCW;;INF082J01317;10.0002;;;21-May-2022
141066;Quantum Liquid Fund - Regular Plan Growth Option;INF082J01309;;28.7268;;;21-May-2022
141067;Quantum Liquid Fund - Regular Plan Monthly IDCW;INF082J01325;INF082J01333;10.0255;;;21-May-2022

SBI Mutual Fund
119804;SBI Liquid Fund - Direct Paln - Fortnightly Income Distribution cum Capital Withdrawal Option (IDCW);INF200K01UR8;INF200K01US6;1093.6142;;;21-May-2022
119805;SBI Liquid Fund - Direct Plan - Daily Income Distribution cum Capital Withdrawal Option (IDCW);;INF200K01UQ0;1080.6854;;;21-May-2022
119799;SBI Liquid Fund - Direct Plan - Weekly Income Distribution cum Capital Withdrawal Option (IDCW);INF200K01UU2;INF200K01UV0;1143.8108;;;21-May-2022
119800;SBI Liquid Fund - DIRECT PLAN -Growth;INF200K01UT4;;3348.9909;;;21-May-2022
105274;SBI Liquid Fund - Institutional - Growth;INF200K01LU1;;3357.5156;;;21-May-2022
105275;SBI Liquid Fund - Institutional Daily Income Distribution cum Capital Withdrawal Option (IDCW);;INF200K01LR7;1078.6393;;;21-May-2022
105279;SBI Liquid Fund - Institutional Fortnightly Income Distribution cum Capital Withdrawal Option (IDCW);INF200K01LS5;INF200K01LT3;1103.7219;;;21-May-2022
105281;SBI Liquid Fund - Regular Plan - Daily Income Distribution cum Capital Withdrawal Option (IDCW);;INF200K01LX5;1078.6349;;;21-May-2022
105283;SBI Liquid Fund - Regular Plan - Fortnightly Income Distribution cum Capital Withdrawal Option (IDCW);INF200K01LY3;INF200K01LZ0;1091.5539;;;21-May-2022
105282;SBI Liquid Fund - Regular Plan - Weekly Income Distribution cum Capital Withdrawal Option (IDCW);INF200K01MB9;INF200K01MC7;1141.6380;;;21-May-2022
105280;SBI Liquid Fund - REGULAR PLAN -Growth;INF200K01MA1;;3326.0819;;;21-May-2022

Sundaram Mutual Fund
149744;Sundaram  Liquid Fund (Formerly Known as Principal Cash Management Fund) Direct IDCW;;INF903JA1JK3;1030.9787;;;21-May-2022
149742;Sundaram Liquid Fund (Formerly Known as  Principal Cash Management Fund) Regular Plan Principal Units;;INF903JA1JI7;1037.9098;;;21-May-2022
149663;Sundaram Liquid Fund (Formerly Known as Principal Cash Management Fund )- Direct Plan - Income Distribution CUM Capital Withdrawal Option - Daily;;INF173K01GT2;1000.7584;;;21-May-2022
149658;Sundaram Liquid Fund (Formerly Known as Principal Cash Management Fund) - Daily Income Distribution CUM Capital Withdrawal;;INF173K01DB7;1001.0081;;;21-May-2022
149664;Sundaram Liquid Fund (Formerly Known as Principal Cash Management Fund) - Direct Plan - Growth Option;INF173K01GU0;;1888.5226;;;21-May-2022
149660;Sundaram Liquid Fund (Formerly Known as Principal Cash Management Fund) - Regular Plan IDCW;INF173K01DD3;INF173K01DE1;1024.6087;;;21-May-2022
149662;Sundaram Liquid Fund (Formerly Known as Principal Cash Management Fund) -Direct Plan - IDCW;INF173K01GV8;INF173K01GW6;1024.6767;;;21-May-2022
149661;Sundaram Liquid Fund (Formerly Known as Principal Cash Management Fund) -Growth Option;INF173K01DA9;;1875.0675;;;21-May-2022
149738;Sundaram Liquid Fund (Formerly Known as Principal Cash Management Fund) Direct Fortnightly IDCW;;INF903JA1JJ5;1025.1795;;;21-May-2022
149737;Sundaram Liquid Fund (Formerly Known as Principal Cash Management Fund) Direct Principal Units;;INF903JA1JH9;1038.5206;;;21-May-2022
149739;Sundaram Liquid Fund (Formerly Known as Principal Cash Management Fund) Regular Fortnightly IDCW;;INF903JA1JF3;1025.1006;;;21-May-2022
149740;Sundaram Liquid Fund (Formerly Known as Principal Cash Management Fund) Regular IDCW;;INF903JA1JG1;1030.3728;;;21-May-2022
149659;Sundaram Liquid Fund (Formerly Principal Cash Management Fund) - Weekly Income Distribution CUM Capital Withdrawal Option;;INF173K01DC5;1006.6923;;;21-May-2022
149665;Sundaram Liquid Fund(Formerly Known as Principal Cash Management Fund)- Direct Plan - Income Distribution CUM Capital Withdrawal Option - Weekly;;INF173K01GY2;1007.1551;;;21-May-2022

Tata Mutual Fund
102672;Tata Liquid Fund -Regular Plan - Growth Option;INF277K01YD8;;3348.3193;;;21-May-2022
119862;Tata Liquid Fund- Direct Plan - Daily Reinvestment of IDCW Option;;INF277K012D2;1001.5187;;;21-May-2022
119861;Tata Liquid Fund- Direct Plan-Growth Option;INF277K01YE6;;3376.3756;;;21-May-2022
101714;Tata Liquid Fund- Regular Plan - Daily Reinvestment of IDCW Option;;INF277K011D4;1001.5157;;;21-May-2022

Union Mutual Fund
115401;Union Liquid Fund - Daily IDCW Option;;INF582M01021;1000.7927;;;21-May-2022
119301;Union Liquid Fund - Direct Plan - Daily IDCW Option;;INF582M01682;1000.7927;;;21-May-2022
119305;Union Liquid Fund - Direct Plan - Fortnightly IDCW Option;INF582M01724;INF582M01708;1001.6423;;;21-May-2022
119303;Union Liquid Fund - Direct Plan - Growth Option;INF582M01674;;2061.2449;;;21-May-2022
119302;Union Liquid Fund - Direct Plan - Monthly IDCW Option;INF582M01732;INF582M01716;1003.0110;;;21-May-2022
119304;Union Liquid Fund - Direct Plan - Weekly IDCW Option;;INF582M01690;1001.1371;;;21-May-2022
115399;Union Liquid Fund - Fortnightly IDCW Option;INF582M01062;INF582M01047;1001.6264;;;21-May-2022
115398;Union Liquid Fund - Growth Option;INF582M01013;;2042.4950;;;21-May-2022
115400;Union Liquid Fund - Monthly IDCW Option;INF582M01070;INF582M01054;1002.9420;;;21-May-2022
115402;Union Liquid Fund - Weekly IDCW Option;;INF582M01039;1001.3265;;;21-May-2022

UTI Mutual Fund
134427;UTI Liquid Fund - Direct Plan - Annual IDCW;INF789FA1K63;INF789FA1K71;1541.5357;;;21-May-2022
120558;UTI Liquid Fund - Direct Plan - Daily IDCW (Reinvestment);;INF789F01XP8;1042.3001;;;21-May-2022
141768;UTI Liquid Fund - Direct Plan - Flexi IDCW;INF789FA1K89;INF789FA1K97;1269.6779;;;21-May-2022
140913;UTI Liquid Fund - Direct Plan - Fortnightly IDCW;INF789FA1K06;INF789FA1K14;1156.3927;;;21-May-2022
140504;UTI Liquid Fund - Direct Plan - Half-Yearly IDCW;INF789FA1K48;INF789FA1K55;1204.1423;;;21-May-2022
120794;UTI Liquid Fund - Direct Plan - Monthly IDCW;INF789F01XR4;INF789F01XS2;1044.0595;;;21-May-2022
140024;UTI Liquid Fund - Direct Plan - Quarterly IDCW;INF789FA1K22;INF789FA1K30;1455.8746;;;21-May-2022
120777;UTI Liquid Fund - Direct Plan - Weekly IDCW;;INF789F01XT0;1088.4708;;;21-May-2022
133973;UTI Liquid Fund - Regular Plan - Annual IDCW;INF789FA1J66;INF789FA1J74;1535.9334;;;21-May-2022
102010;UTI Liquid Fund - Regular Plan - Daily IDCW (Reinvestment);;INF789F01PG3;1086.3752;;;21-May-2022
140517;UTI Liquid Fund - Regular Plan - Flexi IDCW;INF789FA1J82;INF789FA1J90;1265.8812;;;21-May-2022
139838;UTI Liquid Fund - Regular Plan - Fortnightly IDCW;INF789FA1J09;INF789FA1J17;1155.5401;;;21-May-2022
144475;UTI Liquid Fund - Regular Plan - Half-Yearly IDCW;INF789FA1J41;INF789FA1J58;1069.4319;;;21-May-2022
102011;UTI Liquid Fund - Regular Plan - Monthly IDCW;INF789F01PI9;INF789F01PJ7;1033.2886;;;21-May-2022
135721;UTI Liquid Fund - Regular Plan - Quarterly IDCW;INF789FA1J25;INF789FA1J33;1450.2645;;;21-May-2022
102013;UTI Liquid Fund - Regular Plan - Weekly IDCW;;INF789F01PK5;1053.2664;;;21-May-2022
120304;UTI-  Liquid Cash Plan - Direct Plan - Growth Option;INF789F01XQ6;;3505.1843;;;21-May-2022
102012;UTI-  Liquid Cash Plan - Regular Plan - Growth Option;INF789F01PH1;;3483.3041;;;21-May-2022
102008;UTI-  Liquid Cash Plan- Discontinued - Regular Plan - Monthly Dividend Option;INF789F01BC2;INF789F01BA6;1089.5682;;;21-May-2022
102009;UTI-  Liquid Cash Plan- Discontinued - Regular Plan -Growth;INF789F01BB4;;3201.3929;;;21-May-2022
102007;UTI-  Liquid Cash Plan- Discontinued -Regular Plan Periodic Dividend Option;;INF789F01AZ5;1133.1644;;;21-May-2022

Close Ended Schemes ( Income )


SBI Mutual Fund
146547;SBI Capital Protection Oriented Fund - Series A (Plan 1) - Direct Plan - Growth;INF200KA1ZR1;;12.8198;;;21-May-2022
146546;SBI Capital Protection Oriented Fund - Series A (Plan 1) - Regular Plan - Growth;INF200KA1ZQ3;;12.6226;;;21-May-2022
146704;SBI Capital Protection Oriented Fund - Series A (Plan 2) - Direct Plan - Growth;INF200KA1B96;;12.8055;;;21-May-2022
146705;SBI Capital Protection Oriented Fund - Series A (Plan 2) - Regular Plan - Growth;INF200KA1B88;;12.5720;;;21-May-2022
147242;SBI Capital Protection Oriented Fund - Series A (Plan 3) - Direct Plan - Growth;INF200KA1E51;;12.7911;;;21-May-2022
147240;SBI Capital Protection Oriented Fund - Series A (Plan 3) - Regular Plan - Growth;INF200KA1E44;;12.5865;;;21-May-2022
147359;SBI Capital Protection Oriented Fund - Series A (Plan 4) - Direct Plan - Growth;INF200KA1G34;;12.7220;;;21-May-2022
147360;SBI Capital Protection Oriented Fund - Series A (Plan 4) - Regular Plan - Growth;INF200KA1G26;;12.5272;;;21-May-2022
147631;SBI Capital Protection Oriented Fund - Series A (Plan 5) - Direct Plan - Growth;INF200KA1K12;;12.5274;;;21-May-2022
147632;SBI Capital Protection Oriented Fund - Series A (Plan 5) - Regular Plan - Growth;INF200KA1K04;;12.3337;;;21-May-2022
147644;SBI Capital Protection Oriented Fund - Series A (Plan 6) - Direct Plan - Growth;INF200KA1K87;;12.3691;;;21-May-2022
147643;SBI Capital Protection Oriented Fund - Series A (Plan 6) - Regular Plan - Growth;INF200KA1K79;;12.1752;;;21-May-2022
147942;SBI Capital Protection Oriented Fund - Series A (Plan 7) - Direct Plan - Growth;INF200KA1O67;;11.8957;;;21-May-2022
147941;SBI Capital Protection Oriented Fund - Series A (Plan 7) - Regular Plan - Growth;INF200KA1O59;;11.7070;;;21-May-2022
148172;SBI Capital Protection Oriented Fund - Series A (Plan 8) - Direct Plan - Growth;INF200KA1P25;;12.1232;;;21-May-2022
148171;SBI Capital Protection Oriented Fund - Series A (Plan 8) - Regular Plan - Growth;INF200KA1P17;;11.9400;;;21-May-2022
145372;SBI Debt Fund Series C - 27 - (391 Days) - Direct Plan - Growth;INF200KA11G2;;13.1653;;;21-May-2022
145371;SBI Debt Fund Series C - 27 - (391 Days) - Regular Plan - Growth;INF200KA19F7;;13.0294;;;21-May-2022
145497;SBI Debt Fund Series - C - 28 (386 Days) - Direct Plan - Income Distribution cum Capital Withdrawal Option (IDCW);INF200KA16G1;;13.0225;;;21-May-2022
145499;SBI Debt Fund Series C - 28 - (386 Days) - Direct Plan - Growth;INF200KA15G3;;13.0185;;;21-May-2022
145500;SBI Debt Fund Series C - 28 - (386 Days) - Regular Plan - Growth;INF200KA13G8;;12.8724;;;21-May-2022
145647;SBI Debt Fund Series C - 30 - (385 Days) - Direct Plan - Growth;INF200KA19G5;;12.9839;;;21-May-2022
145646;SBI Debt Fund Series C - 30 - (385 Days) - Regular Plan - Growth;INF200KA17G9;;12.8594;;;21-May-2022
145744;SBI Debt Fund Series - C - 32 (380 Days) - Direct Plan - Income Distribution cum Capital Withdrawal Option (IDCW);INF200KA14H4;;12.9121;;;21-May-2022
145746;SBI Debt Fund Series C - 32 - (380 Days) - Direct Plan - Growth;INF200KA13H6;;12.9117;;;21-May-2022
145745;SBI Debt Fund Series C - 32 - (380 Days) - Regular Plan - Growth;INF200KA11H0;;12.7815;;;21-May-2022
145988;SBI Debt Fund Series - C - 35 (376 Days) - Direct Plan - Income Distribution cum Capital Withdrawal Option (IDCW);INF200KA18J1;;12.8693;;;21-May-2022
145990;SBI Debt Fund Series - C - 35 (376 Days) - Regular Plan - Income Distribution cum Capital Withdrawal Option (IDCW);INF200KA16J5;;12.7616;;;21-May-2022
145987;SBI Debt Fund Series C - 35 (376 Days) - Direct Plan - Growth;INF200KA17J3;;12.8692;;;21-May-2022
145989;SBI Debt Fund Series C - 35 (376 Days) - Regular Plan - Growth;INF200KA15J7;;12.7616;;;21-May-2022
146175;SBI Debt Fund Series - C - 38 (389 Days) - Direct Plan - Income Distribution cum Capital Withdrawal Option (IDCW);INF200KA16K3;;12.7502;;;21-May-2022
146176;SBI Debt Fund Series - C - 38 (389 Days) - Regular Plan - Income Distribution cum Capital Withdrawal Option (IDCW);INF200KA14K8;;12.6426;;;21-May-2022
146174;SBI Debt Fund Series C - 38 (389 Days) - Direct Plan - Growth;INF200KA15K5;;12.7480;;;21-May-2022
146173;SBI Debt Fund Series C - 38 (389 Days) - Regular Plan - Growth;INF200KA13K0;;12.6426;;;21-May-2022
146368;SBI Debt Fund Series - C - 43 (384 Days) - Direct Plan - Income Distribution cum Capital Withdrawal Option (IDCW);INF200KA10J8;;12.7769;;;21-May-2022
146366;SBI Debt Fund Series - C - 43 (384 Days) - Regular Plan - Income Distribution cum Capital Withdrawal Option (IDCW);INF200KA18I3;;12.6732;;;21-May-2022
146367;SBI Debt Fund Series C - 43 (384 Days) - Direct Plan - Growth;INF200KA19I1;;12.7771;;;21-May-2022
146369;SBI Debt Fund Series C - 43 (384 Days) - Regular Plan - Growth;INF200KA17I5;;12.6732;;;21-May-2022
146494;SBI Debt Fund Series - C - 44 (378 Days) - Direct Plan - Income Distribution cum Capital Withdrawal Option (IDCW);INF200KA14J0;;12.7834;;;21-May-2022
146496;SBI Debt Fund Series - C - 44 (378 Days) - Regular Plan - Income Distribution cum Capital Withdrawal Option (IDCW);INF200KA12J4;;12.6802;;;21-May-2022
146495;SBI Debt Fund Series C - 44 (378 Days) - Direct Plan - Growth;INF200KA13J2;;12.7828;;;21-May-2022
146493;SBI Debt Fund Series C - 44 (378 Days) - Regular Plan - Growth;INF200KA11J6;;12.6803;;;21-May-2022
146591;SBI Debt Fund Series - C - 46 (376 Days) - Direct Plan - Income Distribution cum Capital Withdrawal Option (IDCW);INF200KA12K2;;12.6367;;;21-May-2022
146593;SBI Debt Fund Series - C - 46 (376 Days) - Regular Plan - Income Distribution cum Capital Withdrawal Option (IDCW);INF200KA10K6;;12.5357;;;21-May-2022
146592;SBI Debt Fund Series C - 46 (376 Days) - Direct Plan- Growth;INF200KA11K4;;12.6367;;;21-May-2022
146590;SBI Debt Fund Series C - 46 (376 Days) - Regular Plan - Growth;INF200KA19J9;;12.5357;;;21-May-2022
146656;SBI Debt Fund Series C - 48 (385 Days) - Direct Plan - Growth;INF200KA19K7;;12.6752;;;21-May-2022
146658;SBI Debt Fund Series C - 48 (385 Days) - Direct Plan - Income Distribution cum Capital Withdrawal Option (IDCW);INF200KA10L4;;12.6752;;;21-May-2022
146655;SBI Debt Fund Series C - 48 (385 Days) - Regular Plan - Growth;INF200KA17K1;;12.5746;;;21-May-2022
146657;SBI Debt Fund Series C - 48 (385 Days) - Regular Plan - Income Distribution cum Capital Withdrawal Option (IDCW);INF200KA18K9;;12.5746;;;21-May-2022
146766;SBI Debt Fund Series - C - 49 (390 Days) - Direct Plan - Income Distribution cum Capital Withdrawal Option (IDCW);INF200KA14L6;;12.5932;;;21-May-2022
146767;SBI Debt Fund Series - C - 49 (390 Days) - Regular Plan - Income Distribution cum Capital Withdrawal Option (IDCW);INF200KA12L0;;12.4893;;;21-May-2022
146765;SBI Debt Fund Series C - 49 (390 Days) - Direct Plan - Growth;INF200KA13L8;;12.5932;;;21-May-2022
146768;SBI Debt Fund Series C - 49 (390 Days) - Regular Plan - Growth;INF200KA11L2;;12.4938;;;21-May-2022
146879;SBI Debt Fund Series - C - 50 (383 Days) - Direct Plan - Income Distribution cum Capital Withdrawal Option (IDCW);INF200KA18L7;;12.5403;;;21-May-2022
146880;SBI Debt Fund Series - C - 50 (383 Days) - Regular Plan - Income Distribution cum Capital Withdrawal Option (IDCW);INF200KA16L1;;12.4420;;;21-May-2022
146878;SBI Debt Fund Series C - 50 (383 Days) - Direct Plan - Growth;INF200KA17L9;;12.5403;;;21-May-2022
146877;SBI Debt Fund Series C - 50 (383 Days) - Regular Plan - Growth;INF200KA15L3;;12.4417;;;21-May-2022
146974;SBI Fixed Maturity Plan (FMP) - Series 1 (3668 Days) - Direct Plan - Growth;INF200KA1D03;;12.8718;;;21-May-2022
146975;SBI Fixed Maturity Plan (FMP) - Series 1 (3668 Days) - Direct Plan - Income Distribution cum Capital Withdrawal Option (IDCW);INF200KA1D11;;12.8738;;;21-May-2022
146976;SBI Fixed Maturity Plan (FMP) - Series 1 (3668 Days) - Regular Plan - Growth;INF200KA1C87;;12.7708;;;21-May-2022
146973;SBI Fixed Maturity Plan (FMP) - Series 1 (3668 Days) - Regular Plan - Income Distribution cum Capital Withdrawal Option (IDCW);INF200KA1C95;;12.7708;;;21-May-2022
147467;SBI Fixed Maturity Plan (FMP) - Series 10 (1178 Days) - Direct Plan - Growth;INF200KA1H09;;12.3118;;;21-May-2022
147464;SBI Fixed Maturity Plan (FMP) - Series 10 (1178 Days) - Direct Plan - Income Distribution cum Capital Withdrawal Option (IDCW);INF200KA1H17;;12.3118;;;21-May-2022
147465;SBI Fixed Maturity Plan (FMP) - Series 10 (1178 Days) - Regular Plan - Growth;INF200KA1G83;;12.2232;;;21-May-2022
147466;SBI Fixed Maturity Plan (FMP) - Series 10 (1178 Days) - Regular Plan - Income Distribution cum Capital Withdrawal Option (IDCW);INF200KA1G91;;12.2232;;;21-May-2022
147486;SBI Fixed Maturity Plan (FMP) - Series 11 (1178 Days) - Direct Plan - Growth;INF200KA1H41;;12.2741;;;21-May-2022
147487;SBI Fixed Maturity Plan (FMP) - Series 11 (1178 Days) - Direct Plan - Income Distribution cum Capital Withdrawal Option (IDCW);INF200KA1H58;;12.2740;;;21-May-2022
147484;SBI Fixed Maturity Plan (FMP) - Series 11 (1178 Days) - Regular Plan - Growth;INF200KA1H25;;12.1864;;;21-May-2022
147485;SBI Fixed Maturity Plan (FMP) - Series 11 (1178 Days) - Regular Plan - Income Distribution cum Capital Withdrawal Option (IDCW);INF200KA1H33;;12.1864;;;21-May-2022
147560;SBI Fixed Maturity Plan (FMP) - Series 14 (384 Days) - Direct Plan - Growth;INF200KA13N4;;12.1385;;;21-May-2022
147561;SBI Fixed Maturity Plan (FMP) - Series 14 (384 Days) - Direct Plan - Income Distribution cum Capital Withdrawal Option (IDCW);INF200KA14N2;;12.1385;;;21-May-2022
147559;SBI Fixed Maturity Plan (FMP) - Series 14 (384 Days) - Regular Plan - Growth;INF200KA11N8;;12.0535;;;21-May-2022
147562;SBI Fixed Maturity Plan (FMP) - Series 14 (384 Days) - Regular Plan - Income Distribution cum Capital Withdrawal Option (IDCW);INF200KA12N6;;12.0535;;;21-May-2022
147582;SBI Fixed Maturity Plan (FMP) - Series 15 (1123 Days) - Direct Plan - Growth;INF200KA1J07;;12.1328;;;21-May-2022
147583;SBI Fixed Maturity Plan (FMP) - Series 15 (1123 Days) - Direct Plan - Income Distribution cum Capital Withdrawal Option (IDCW);INF200KA1J15;;12.1328;;;21-May-2022
147580;SBI Fixed Maturity Plan (FMP) - Series 15 (1123 Days) - Regular Plan - Growth;INF200KA1I81;;12.0484;;;21-May-2022
147581;SBI Fixed Maturity Plan (FMP) - Series 15 (1123 Days) - Regular Plan - Income Distribution cum Capital Withdrawal Option (IDCW);INF200KA1I99;;12.0484;;;21-May-2022
147612;SBI Fixed Maturity Plan (FMP) - Series 16 (1116 Days) - Direct Plan - Growth;INF200KA1J49;;12.0911;;;21-May-2022
147613;SBI Fixed Maturity Plan (FMP) - Series 16 (1116 Days) - Direct Plan - Income Distribution cum Capital Withdrawal Option (IDCW);INF200KA1J56;;12.0911;;;21-May-2022
147611;SBI Fixed Maturity Plan (FMP) - Series 16 (1116 Days) - Regular Plan - Growth;INF200KA1J23;;12.0081;;;21-May-2022
147610;SBI Fixed Maturity Plan (FMP) - Series 16 (1116 Days) - Regular Plan - Income Distribution cum Capital Withdrawal Option (IDCW);INF200KA1J31;;12.0081;;;21-May-2022
147627;SBI Fixed Maturity Plan (FMP) - Series 17 (1116 Days) - Direct Plan - Growth;INF200KA1J80;;12.0399;;;21-May-2022
147628;SBI Fixed Maturity Plan (FMP) - Series 17 (1116 Days) - Direct Plan - Income Distribution cum Capital Withdrawal Option (IDCW);INF200KA1J98;;12.0399;;;21-May-2022
147629;SBI Fixed Maturity Plan (FMP) - Series 17 (1116 Days) - Regular Plan - Growth;INF200KA1J64;;11.9578;;;21-May-2022
147630;SBI Fixed Maturity Plan (FMP) - Series 17 (1116 Days) - Regular Plan - Income Distribution cum Capital Withdrawal Option (IDCW);INF200KA1J72;;11.9578;;;21-May-2022
147641;SBI Fixed Maturity Plan (FMP) - Series 18 (1108 Days) - Direct Plan - Growth;INF200KA1K53;;11.9936;;;21-May-2022
147642;SBI Fixed Maturity Plan (FMP) - Series 18 (1108 Days) - Direct Plan - Income Distribution cum Capital Withdrawal Option (IDCW);INF200KA1K61;;11.9936;;;21-May-2022
147639;SBI Fixed Maturity Plan (FMP) - Series 18 (1108 Days) - Regular Plan - Growth;INF200KA1K38;;11.9136;;;21-May-2022
147640;SBI Fixed Maturity Plan (FMP) - Series 18 (1108 Days) - Regular Plan - Income Distribution cum Capital Withdrawal Option (IDCW);INF200KA1K46;;11.9136;;;21-May-2022
147672;SBI Fixed Maturity Plan (FMP) - Series 19 (1115 Days) - Direct  Plan - Growth;INF200KA1L11;;11.9322;;;21-May-2022
147669;SBI Fixed Maturity Plan (FMP) - Series 19 (1115 Days) - Direct Plan - Income Distribution cum Capital Withdrawal Option (IDCW);INF200KA1L29;;11.9322;;;21-May-2022
147670;SBI Fixed Maturity Plan (FMP) - Series 19 (1115 Days) - Regular Plan - Growth;INF200KA1K95;;11.8543;;;21-May-2022
147671;SBI Fixed Maturity Plan (FMP) - Series 19 (1115 Days) - Regular Plan - Income Distribution cum Capital Withdrawal Option (IDCW);INF200KA1L03;;11.8543;;;21-May-2022
147104;SBI Fixed Maturity Plan (FMP) - Series 2 (1178 Days) - Direct Plan - Growth;INF200KA1D45;;12.5536;;;21-May-2022
147105;SBI Fixed Maturity Plan (FMP) - Series 2 (1178 Days) - Direct Plan - Income Distribution cum Capital Withdrawal Option (IDCW);INF200KA1D52;;12.5536;;;21-May-2022
147103;SBI Fixed Maturity Plan (FMP) - Series 2 (1178 Days) - Regular Plan - Growth;INF200KA1D29;;12.4567;;;21-May-2022
147106;SBI Fixed Maturity Plan (FMP) - Series 2 (1178 Days) - Regular Plan - Income Distribution cum Capital Withdrawal Option (IDCW);INF200KA1D37;;12.4567;;;21-May-2022
147720;SBI Fixed Maturity Plan (FMP) - Series 20 (1109 Days) - Direct Plan - Growth;INF200KA1L52;;11.9223;;;21-May-2022
147721;SBI Fixed Maturity Plan (FMP) - Series 20 (1109 Days) - Regular Plan - Growth;INF200KA1L37;;11.8451;;;21-May-2022
147722;SBI Fixed Maturity Plan (FMP) - Series 20(1109 Days) - Direct Plan - Income Distribution cum Capital Withdrawal Option (IDCW);INF200KA1L60;;11.9223;;;21-May-2022
147719;SBI Fixed Maturity Plan (FMP) - Series 20(1109 Days) - Regular Plan - Income Distribution cum Capital Withdrawal Option (IDCW);INF200KA1L45;;11.8451;;;21-May-2022
147744;SBI Fixed Maturity Plan (FMP) - Series 21 (1109 Days) - Direct Plan - Growth;INF200KA1L94;;11.8778;;;21-May-2022
147746;SBI Fixed Maturity Plan (FMP) - Series 21 (1109 Days) - Direct Plan - Income Distribution cum Capital Withdrawal Option (IDCW);INF200KA1M02;;11.8746;;;21-May-2022
147745;SBI Fixed Maturity Plan (FMP) - Series 21 (1109 Days) - Regular Plan - Growth;INF200KA1L78;;11.8015;;;21-May-2022
147747;SBI Fixed Maturity Plan (FMP) - Series 21 (1109 Days) - Regular Plan - Income Distribution cum Capital Withdrawal Option (IDCW);INF200KA1L86;;11.8015;;;21-May-2022
147754;SBI Fixed Maturity Plan (FMP) - Series 22 (1106 Days) - Direct Plan - Growth;INF200KA1M36;;11.8144;;;21-May-2022
147755;SBI Fixed Maturity Plan (FMP) - Series 22 (1106 Days) - Direct Plan - Income Distribution cum Capital Withdrawal Option (IDCW);INF200KA1M44;;11.8145;;;21-May-2022
147752;SBI Fixed Maturity Plan (FMP) - Series 22 (1106 Days) - Regular Plan - Growth;INF200KA1M10;;11.7396;;;21-May-2022
147753;SBI Fixed Maturity Plan (FMP) - Series 22 (1106 Days) - Regular Plan - Income Distribution cum Capital Withdrawal Option (IDCW);INF200KA1M28;;11.7396;;;21-May-2022
147776;SBI Fixed Maturity Plan (FMP) - Series 24 (1107 Days) - Direct Plan - Income Distribution cum Capital Withdrawal Option (IDCW);INF200KA1N27;;11.7840;;;21-May-2022
147775;SBI Fixed Maturity Plan (FMP) - Series 24 (1107 Days) - Regular Plan - Income Distribution cum Capital Withdrawal Option (IDCW);INF200KA1N01;;11.7106;;;21-May-2022
147777;SBI Fixed Maturity Plan (FMP) - Series 24 (1107) - Direct Plan - Growth;INF200KA1N19;;11.7840;;;21-May-2022
147774;SBI Fixed Maturity Plan (FMP) - Series 24 (1107) - Regular Plan - Growth;INF200KA1M93;;11.7106;;;21-May-2022
147783;SBI Fixed Maturity Plan (FMP) - Series 25 (1120 Days) - Direct Plan - Growth;INF200KA1N50;;11.7299;;;21-May-2022
147784;SBI Fixed Maturity Plan (FMP) - Series 25 (1120 Days) - Direct Plan - Income Distribution cum Capital Withdrawal Option (IDCW);INF200KA1N68;;11.7299;;;21-May-2022
147785;SBI Fixed Maturity Plan (FMP) - Series 25 (1120 Days) - Regular Plan - Growth;INF200KA1N35;;11.6573;;;21-May-2022
147782;SBI Fixed Maturity Plan (FMP) - Series 25 (1120 Days) - Regular Plan - Income Distribution cum Capital Withdrawal Option (IDCW);INF200KA1N43;;11.6573;;;21-May-2022
147792;SBI Fixed Maturity Plan (FMP) - Series 26 (1112 Days) - Direct Plan - Growth;INF200KA1N92;;11.7541;;;21-May-2022
147793;SBI Fixed Maturity Plan (FMP) - Series 26 (1112 Days) - Direct Plan - Income Distribution cum Capital Withdrawal Option (IDCW);INF200KA1O00;;11.7540;;;21-May-2022
147790;SBI Fixed Maturity Plan (FMP) - Series 26 (1112 Days) - Regular Plan - Growth;INF200KA1N76;;11.6819;;;21-May-2022
147791;SBI Fixed Maturity Plan (FMP) - Series 26 (1112 Days) - Regular Plan - Income Distribution cum Capital Withdrawal Option (IDCW);INF200KA1N84;;11.6819;;;21-May-2022
147873;SBI Fixed Maturity Plan (FMP) - Series 27 (1203 Days) - Direct Plan - Growth;INF200KA1O34;;11.7123;;;21-May-2022
147871;SBI Fixed Maturity Plan (FMP) - Series 27 (1203 Days) - Direct Plan - Income Distribution cum Capital Withdrawal Option (IDCW);INF200KA1O42;;11.7123;;;21-May-2022
147872;SBI Fixed Maturity Plan (FMP) - Series 27 (1203 Days) - Regular Plan - Growth;INF200KA1O18;;11.6432;;;21-May-2022
147870;SBI Fixed Maturity Plan (FMP) - Series 27 (1203 Days) - Regular Plan - Income Distribution cum Capital Withdrawal Option (IDCW);INF200KA1O26;;11.6432;;;21-May-2022
148056;SBI Fixed Maturity Plan (FMP) - Series 28 (1163 Days) - Direct Plan - Growth;INF200KA1O91;;11.5113;;;21-May-2022
148058;SBI Fixed Maturity Plan (FMP) - Series 28 (1163 Days) - Direct Plan - Income Distribution cum Capital Withdrawal Option (IDCW);INF200KA1P09;;11.5113;;;21-May-2022
148057;SBI Fixed Maturity Plan (FMP) - Series 28 (1163 Days) - Regular Plan - Growth;INF200KA1O75;;11.4465;;;21-May-2022
148055;SBI Fixed Maturity Plan (FMP) - Series 28 (1163 Days) - Regular Plan - Income Distribution cum Capital Withdrawal Option (IDCW);INF200KA1O83;;11.4465;;;21-May-2022
147135;SBI Fixed Maturity Plan (FMP) - Series 3 (1179 Days) - Direct Plan - Growth;INF200KA1D86;;12.5766;;;21-May-2022
147136;SBI Fixed Maturity Plan (FMP) - Series 3 (1179 Days) - Direct Plan - Income Distribution cum Capital Withdrawal Option (IDCW);INF200KA1D94;;12.5766;;;21-May-2022
147133;SBI Fixed Maturity Plan (FMP) - Series 3 (1179 Days) - Regular Plan - Growth;INF200KA1D60;;12.4802;;;21-May-2022
147134;SBI Fixed Maturity Plan (FMP) - Series 3 (1179 Days) - Regular Plan - Income Distribution cum Capital Withdrawal Option (IDCW);INF200KA1D78;;12.4802;;;21-May-2022
148193;SBI Fixed Maturity Plan (FMP) - Series 31 (1160 Days) - Direct Plan - Growth;INF200KA1P58;;11.5918;;;21-May-2022
148194;SBI Fixed Maturity Plan (FMP) - Series 31 (1160 Days) - Direct Plan - Income Distribution cum Capital Withdrawal Option (IDCW);INF200KA1P66;;11.5918;;;21-May-2022
148195;SBI Fixed Maturity Plan (FMP) - Series 31 (1160 Days) - Regular Plan - Growth;INF200KA1P33;;11.5287;;;21-May-2022
148192;SBI Fixed Maturity Plan (FMP) - Series 31 (1160 Days) - Regular Plan - Income Distribution cum Capital Withdrawal Option (IDCW);INF200KA1P41;;11.5286;;;21-May-2022
148369;SBI Fixed Maturity Plan (FMP) - Series 32 (1140 Days) - Direct Plan - Growth;INF200KA1P90;;11.1824;;;21-May-2022
148368;SBI Fixed Maturity Plan (FMP) - Series 32 (1140 Days) - Direct Plan - Income Distribution cum Capital Withdrawal Option (IDCW);INF200KA1Q08;;11.1824;;;21-May-2022
148367;SBI Fixed Maturity Plan (FMP) - Series 32 (1140 Days) - Regular Plan - Growth;INF200KA1P74;;11.1240;;;21-May-2022
148370;SBI Fixed Maturity Plan (FMP) - Series 32 (1140 Days) - Regular Plan - Income Distribution cum Capital Withdrawal Option (IDCW);INF200KA1P82;;11.1240;;;21-May-2022
148385;SBI Fixed Maturity Plan (FMP) - Series 33 (1128 Days) - Direct Plan - Growth;INF200KA1Q32;;11.0617;;;21-May-2022
148386;SBI Fixed Maturity Plan (FMP) - Series 33 (1128 Days) - Direct Plan - Income Distribution cum Capital Withdrawal Option (IDCW);INF200KA1Q40;;11.0613;;;21-May-2022
148383;SBI Fixed Maturity Plan (FMP) - Series 33 (1128 Days) - Regular Plan - Growth;INF200KA1Q16;;11.0048;;;21-May-2022
148384;SBI Fixed Maturity Plan (FMP) - Series 33 (1128 Days) - Regular Plan - Income Distribution cum Capital Withdrawal Option (IDCW);INF200KA1Q24;;11.0048;;;21-May-2022
148387;SBI Fixed Maturity Plan (FMP) - Series 34 (3682 Days) - Direct Plan - Growth;INF200KA1Q73;;10.8227;;;21-May-2022
148388;SBI Fixed Maturity Plan (FMP) - Series 34 (3682 Days) - Direct Plan - Income Distribution cum Capital Withdrawal Option (IDCW);INF200KA1Q81;;10.8227;;;21-May-2022
148389;SBI Fixed Maturity Plan (FMP) - Series 34 (3682 Days) - Regular Plan - Growth;INF200KA1Q57;;10.7674;;;21-May-2022
148390;SBI Fixed Maturity Plan (FMP) - Series 34 (3682 Days) - Regular Plan - Income Distribution cum Capital Withdrawal Option (IDCW);INF200KA1Q65;;10.7675;;;21-May-2022
148827;SBI Fixed Maturity Plan (FMP) - Series 41 (1498 Days) - Direct Plan - Growth;INF200KA1U77;;10.3621;;;21-May-2022
148825;SBI Fixed Maturity Plan (FMP) - Series 41 (1498 Days) - Regular Plan - Growth;INF200KA1U51;;10.3381;;;21-May-2022
148828;SBI Fixed Maturity Plan (FMP) - Series 41 (1498 Days) Direct Plan - Income Distribution cum Capital Withdrawal Option (IDCW);INF200KA1U85;;10.3621;;;21-May-2022
148826;SBI Fixed Maturity Plan (FMP) - Series 41 (1498 Days) Regular Plan - Income Distribution cum Capital Withdrawal Option (IDCW);INF200KA1U69;;10.3381;;;21-May-2022
149043;SBI Fixed Maturity Plan (FMP) - Series 46 (1850 Days) - Direct Plan - Growth;INF200KA1X41;;10.1736;;;21-May-2022
149044;SBI Fixed Maturity Plan (FMP) - Series 46 (1850 Days) - Direct Plan - Income Distribution cum Capital Withdrawal Option (IDCW);INF200KA1X58;;10.1736;;;21-May-2022
149045;SBI Fixed Maturity Plan (FMP) - Series 46 (1850 Days) - Regular Plan - Growth;INF200KA1X25;;10.1585;;;21-May-2022
149042;SBI Fixed Maturity Plan (FMP) - Series 46 (1850 Days) - Regular Plan - Income Distribution cum Capital Withdrawal Option (IDCW);INF200KA1X33;;10.1585;;;21-May-2022
149082;SBI Fixed Maturity Plan (FMP) Series 47 (1434 Days) - Direct Plan - Growth;INF200KA1X82;;10.1005;;;21-May-2022
149081;SBI Fixed Maturity Plan (FMP) Series 47 (1434 Days) - Direct Plan - Income Distribution cum Capital Withdrawal Option (IDCW);INF200KA1X90;;10.1005;;;21-May-2022
149083;SBI Fixed Maturity Plan (FMP) Series 47 (1434 Days) - Regular Plan - Growth;INF200KA1X66;;10.0854;;;21-May-2022
149084;SBI Fixed Maturity Plan (FMP) Series 47 (1434 Days) - Regular Plan - Income Distribution cum Capital Withdrawal Option (IDCW);INF200KA1X74;;10.0854;;;21-May-2022
149111;SBI Fixed Maturity Plan (FMP) - Series 48 (1458 Days) - Direct Plan - Growth;INF200KA1Y24;;10.0752;;;21-May-2022
149108;SBI Fixed Maturity Plan (FMP) - Series 48 (1458 Days) - Direct Plan - Income Distribution cum Capital Withdrawal Option (IDCW);INF200KA1Y32;;10.0752;;;21-May-2022
149109;SBI Fixed Maturity Plan (FMP) - Series 48 (1458 Days) - Regular Plan - Growth;INF200KA1Y08;;10.0607;;;21-May-2022
149110;SBI Fixed Maturity Plan (FMP) - Series 48 (1458 Days) - Regular Plan - Income Distribution cum Capital Withdrawal Option (IDCW);INF200KA1Y16;;10.0607;;;21-May-2022
149147;SBI Fixed Maturity Plan (FMP) - Series 49 (1823 Days) - Direct Plan - Growth;INF200KA1Z23;;10.0045;;;21-May-2022
149144;SBI Fixed Maturity Plan (FMP) - Series 49 (1823 Days) - Direct Plan - Income Distribution cum Capital Withdrawal Option (IDCW);INF200KA1Z31;;10.0045;;;21-May-2022
149145;SBI Fixed Maturity Plan (FMP) - Series 49 (1823 Days) - Regular Plan - Growth;INF200KA1Z07;;9.9912;;;21-May-2022
149146;SBI Fixed Maturity Plan (FMP) - Series 49 (1823 Days) - Regular Plan - Income Distribution cum Capital Withdrawal Option (IDCW);INF200KA1Z15;;9.9912;;;21-May-2022
149174;SBI Fixed Maturity Plan (FMP) - Series 50 (1843 Days) - Direct Plan - Growth;INF200KA1Z64;;9.9204;;;21-May-2022
149175;SBI Fixed Maturity Plan (FMP) - Series 50 (1843 Days) - Direct Plan - Income Distribution Capital Withdrawal Option (IDCW);INF200KA1Z72;;9.9204;;;21-May-2022
149172;SBI Fixed Maturity Plan (FMP) - Series 50 (1843 Days) - Regular Plan - Growth;INF200KA1Z49;;9.9071;;;21-May-2022
149173;SBI Fixed Maturity Plan (FMP) - Series 50 (1843 Days) - Regular Plan -Income Distribution Capital Withdrawal Option (IDCW);INF200KA1Z56;;9.9071;;;21-May-2022
149195;SBI Fixed Maturity Plan (FMP) - Series 51 (1846 Days) - Direct Plan - Growth;INF200KA10A7;;9.8984;;;21-May-2022
149194;SBI Fixed Maturity Plan (FMP) - Series 51 (1846 Days) - Direct Plan - Income Distribution Capital Withdrawal Option (IDCW);INF200KA11A5;;9.8984;;;21-May-2022
149197;SBI Fixed Maturity Plan (FMP) - Series 51 (1846 Days) - Regular Plan - Growth;INF200KA1Z80;;9.8870;;;21-May-2022
149196;SBI Fixed Maturity Plan (FMP) - Series 51 (1846 Days) - Regular Plan - Income Distribution Capital Withdrawal Option (IDCW);INF200KA1Z98;;9.8870;;;21-May-2022
149232;SBI Fixed Maturity Plan (FMP) - Series 52 (1848 Days) - Direct Plan - Growth;INF200KA14A9;;9.8820;;;21-May-2022
149234;SBI Fixed Maturity Plan (FMP) - Series 52 (1848 Days) - Direct Plan - Income Distribution Cum Withdrawal (IDCW);INF200KA15A6;;9.8819;;;21-May-2022
149235;SBI Fixed Maturity Plan (FMP) - Series 52 (1848 Days) - Regular Plan - Growth;INF200KA12A3;;9.8717;;;21-May-2022
149233;SBI Fixed Maturity Plan (FMP) - Series 52 (1848 Days) - Regular Plan - Income Distribution Cum Withdrawal (IDCW);INF200KA13A1;;9.8717;;;21-May-2022
149279;SBI Fixed Maturity Plan (FMP) - Series 53 (1839 Days) - Direct Plan - Growth;INF200KA18A0;;9.8785;;;21-May-2022
149277;SBI Fixed Maturity Plan (FMP) - Series 53 (1839 Days) - Direct Plan - Income Distribution Cum Withdrawal Option (IDCW);INF200KA19A8;;9.8785;;;21-May-2022
149278;SBI Fixed Maturity Plan (FMP) - Series 53 (1839 Days) - Regular Plan - Growth;INF200KA16A4;;9.8700;;;21-May-2022
149280;SBI Fixed Maturity Plan (FMP) - Series 53 (1839 Days) - Regular Plan - Income  Distribution Cum Withdrawal Option (IDCW);INF200KA17A2;;9.8700;;;21-May-2022
149307;SBI Fixed Maturity Plan (FMP) - Series 54 (1842 Days) - Direct Plan - Growth;INF200KA12B1;;9.8499;;;21-May-2022
149309;SBI Fixed Maturity Plan (FMP) - Series 54 (1842 Days) - Direct Plan - Income Distribution Cum Withdrawal Option (IDCW);INF200KA13B9;;9.8499;;;21-May-2022
149308;SBI Fixed Maturity Plan (FMP) - Series 54 (1842 Days) - Regular Plan - Growth;INF200KA10B5;;9.8420;;;21-May-2022
149306;SBI Fixed Maturity Plan (FMP) - Series 54 (1842 Days) - Regular Plan - Income Distribution Cum Capital Withdrawal Option (IDCW);INF200KA11B3;;9.8420;;;21-May-2022
149345;SBI Fixed Maturity Plan (FMP) - Series 55 (1849 Days) - Direct Plan - Growth;INF200KA16B2;;9.8382;;;21-May-2022
149348;SBI Fixed Maturity Plan (FMP) - Series 55 (1849 Days) - Direct Plan - Income Distribution cum Capital Withdrawal Option (IDCW);INF200KA17B0;;9.8382;;;21-May-2022
149347;SBI Fixed Maturity Plan (FMP) - Series 55 (1849 Days) - Regular Plan - Growth;INF200KA14B7;;9.8309;;;21-May-2022
149346;SBI Fixed Maturity Plan (FMP) - Series 55 (1849 Days) - Regular Plan - Income Distribution Cum Capital Withdrawal Option (IDCW);INF200KA15B4;;9.8309;;;21-May-2022
149420;SBI Fixed Maturity Plan (FMP) - Series 56 (1232 Days) - Direct Plan - Growth;INF200KA10C3;;9.8380;;;21-May-2022
149423;SBI Fixed Maturity Plan (FMP) - Series 56 (1232 Days) - Direct Plan - Income Distribution cum Capital Withdrawal Option (IDCW);INF200KA11C1;;9.8380;;;21-May-2022
149422;SBI Fixed Maturity Plan (FMP) - Series 56 (1232 Days) - Regular Plan - Growth;INF200KA18B8;;9.8316;;;21-May-2022
149421;SBI Fixed Maturity Plan (FMP) - Series 56 (1232 Days) - Regular Plan - Income Distribution cum Capital Withdrawal Option (IDCW);INF200KA19B6;;9.8316;;;21-May-2022
149431;SBI Fixed Maturity Plan (FMP) - Series 57 (1835 Days) - Direct Plan - Growth;INF200KA14C5;;9.7648;;;21-May-2022
149430;SBI Fixed Maturity Plan (FMP) - Series 57 (1835 Days) - Direct Plan - Income Distribution cum Capital Withdrawal Option (IDCW);INF200KA15C2;;9.7648;;;21-May-2022
149432;SBI Fixed Maturity Plan (FMP) - Series 57 (1835 Days) - Regular Plan - Growth;INF200KA12C9;;9.7584;;;21-May-2022
149433;SBI Fixed Maturity Plan (FMP) - Series 57 (1835 Days) - Regular Plan - Income Distribution cum Capital Withdrawal Option (IDCW);INF200KA13C7;;9.7585;;;21-May-2022
149460;SBI Fixed Maturity Plan (FMP) - Series 58 (1842 Days) - Direct Plan - Growth;INF200KA18C6;;9.8517;;;21-May-2022
149461;SBI Fixed Maturity Plan (FMP) - Series 58 (1842 Days) - Direct Plan - Income Distribution cum Capital withdrawal option (IDCW);INF200KA19C4;;9.8517;;;21-May-2022
149459;SBI Fixed Maturity Plan (FMP) - Series 58 (1842 Days) - Regular Plan - Growth;INF200KA16C0;;9.8461;;;21-May-2022
149462;SBI Fixed Maturity Plan (FMP) - Series 58 (1842 Days) - Regular Plan - Income Distribution cum Capital withdrawal option (IDCW);INF200KA17C8;;9.8461;;;21-May-2022
149822;SBI Fixed Maturity Plan (FMP) - Series 59 (1618 Days) - Direct Plan - Growth;INF200KA19D2;;9.8504;;;21-May-2022
149823;SBI Fixed Maturity Plan (FMP) - Series 59 (1618 Days) - Direct Plan - Income Distribution cum Capital Withdrawal Option (IDCW);INF200KA10E9;;9.8504;;;21-May-2022
149825;SBI Fixed Maturity Plan (FMP) - Series 59 (1618 Days) - Regular Plan - Growth;INF200KA17D6;;9.8459;;;21-May-2022
149824;SBI Fixed Maturity Plan (FMP) - Series 59 (1618 Days) - Regular Plan - Income Distribution cum Capital Withdrawal Option (IDCW);INF200KA18D4;;9.8460;;;21-May-2022
147248;SBI Fixed Maturity Plan (FMP) - Series 6 (3668 Days) - Direct Plan - Growth;INF200KA1F27;;12.5718;;;21-May-2022
147249;SBI Fixed Maturity Plan (FMP) - Series 6 (3668 Days) - Direct Plan - Income Distribution cum Capital Withdrawal Option (IDCW);INF200KA1F35;;12.5718;;;21-May-2022
147247;SBI Fixed Maturity Plan (FMP) - Series 6 (3668 Days) - Regular Plan - Growth;INF200KA1F01;;12.4773;;;21-May-2022
147250;SBI Fixed Maturity Plan (FMP) - Series 6 (3668 Days) - Regular Plan - Income Distribution cum Capital Withdrawal Option (IDCW);INF200KA1F19;;12.4787;;;21-May-2022
149878;SBI Fixed Maturity Plan (FMP) - Series 60 (1878 Days) - Direct Plan - Growth;INF200KA13E3;;9.7498;;;21-May-2022
149879;SBI Fixed Maturity Plan (FMP) - Series 60 (1878 Days) - Direct Plan - Income Distribution cum Capital Withdrwal Option (IDCW);INF200KA14E1;;9.7499;;;21-May-2022
149876;SBI Fixed Maturity Plan (FMP) - Series 60 (1878 Days) - Regular Plan - Growth;INF200KA11E7;;9.7460;;;21-May-2022
149877;SBI Fixed Maturity Plan (FMP) - Series 60 (1878 Days) - Regular Plan - Income Distribution cum Capital Withdrawal Option (IDCW);INF200KA12E5;;9.7460;;;21-May-2022
149993;SBI Fixed Maturity Plan (FMP)- Series 61 (1927 Days)- Direct Plan- Growth option;INF200KA13F0;;9.7845;;;21-May-2022
149995;SBI Fixed Maturity Plan (FMP)- Series 61 (1927 Days)- Direct Plan- Income Distribution Cum Capital withdrawal option;INF200KA14F8;;9.7845;;;21-May-2022
149994;SBI Fixed Maturity Plan (FMP)- Series 61 (1927 Days)- Regular Plan- Growth option;INF200KA11F4;;9.7820;;;21-May-2022
149992;SBI Fixed Maturity Plan (FMP)- Series 61 (1927 Days)- Regular Plan- Income Distribution Cum Capital withdrawal option;INF200KA12F2;;9.7820;;;21-May-2022
150362;SBI Fixed Maturity Plan (FMP)- Series 62 (191 Days)- Direct Plan- Growth option;INF200KA17F1;;10.0262;;;21-May-2022
150364;SBI Fixed Maturity Plan (FMP)- Series 62 (191 Days)- Direct Plan- Income Distribution Cum Capital Withdrawal option;INF200KA18F9;;10.0262;;;21-May-2022
150365;SBI Fixed Maturity Plan (FMP)- Series 62 (191 Days)- Regular Plan- Growth option;INF200KA15F5;;10.0248;;;21-May-2022
150363;SBI Fixed Maturity Plan (FMP)- Series 62 (191 Days)- Regular Plan- Income Distribution Cum Capital Withdrawal option;INF200KA16F3;;10.0248;;;21-May-2022
147318;SBI Fixed Maturity Plan (FMP) - Series 7 (1175 Days) - Direct Plan - Growth;INF200KA1F68;;12.4660;;;21-May-2022
147319;SBI Fixed Maturity Plan (FMP) - Series 7 (1175 Days) - Direct Plan - Income Distribution cum Capital Withdrawal Option (IDCW);INF200KA1F76;;12.4660;;;21-May-2022
147320;SBI Fixed Maturity Plan (FMP) - Series 7 (1175 Days) - Regular Plan - Growth;INF200KA1F43;;12.3729;;;21-May-2022
147317;SBI Fixed Maturity Plan (FMP) - Series 7 (1175 Days) - Regular Plan - Income Distribution cum Capital Withdrawal Option (IDCW);INF200KA1F50;;12.3729;;;21-May-2022
147333;SBI Fixed Maturity Plan (FMP) - Series 8 (1178 Days) - Direct Plan - Growth;INF200KA1G00;;12.3439;;;21-May-2022
147334;SBI Fixed Maturity Plan (FMP) - Series 8 (1178 Days) - Direct Plan - Income Distribution cum Capital Withdrawal Option (IDCW);INF200KA1G18;;12.3439;;;21-May-2022
147331;SBI Fixed Maturity Plan (FMP) - Series 8 (1178 Days) - Regular Plan - Growth;INF200KA1F84;;12.2528;;;21-May-2022
147332;SBI Fixed Maturity Plan (FMP) - Series 8 (1178 Days) - Regular Plan - Income Distribution cum Capital Withdrawal Option (IDCW);INF200KA1F92;;12.2528;;;21-May-2022
147422;SBI Fixed Maturity Plan (FMP) - Series 9 (1178 Days) - Direct Plan - Growth;INF200KA1G67;;12.3028;;;21-May-2022
147424;SBI Fixed Maturity Plan (FMP) - Series 9 (1178 Days) - Direct Plan - Income Distribution cum Capital Withdrawal Option (IDCW);INF200KA1G75;;12.3027;;;21-May-2022
147423;SBI Fixed Maturity Plan (FMP) - Series 9 (1178 Days) - Regular Plan - Growth;INF200KA1G42;;12.2131;;;21-May-2022
147421;SBI Fixed Maturity Plan (FMP) - Series 9 (1178 Days) - Regular Plan - Income Distribution cum Capital Withdrawal Option (IDCW);INF200KA1G59;;12.2137;;;21-May-2022
147764;SBI Fixed Maturity Plan (FMP) - Series 23 (1106 Days) - Direct Plan - Growth;INF200KA1M77;;11.7929;;;21-May-2022
147765;SBI Fixed Maturity Plan (FMP) - Series 23 (1106 Days) - Direct Plan - Income Distribution cum Capital Withdrawal Option (IDCW);INF200KA1M85;;11.7929;;;21-May-2022
147762;SBI Fixed Maturity Plan (FMP) - Series 23 (1106 Days) - Regular Plan - Growth;INF200KA1M51;;11.7189;;;21-May-2022
147763;SBI Fixed Maturity Plan (FMP) - Series 23 (1106 Days) - Regular Plan - Income Distribution cum Capital Withdrawal Option (IDCW);INF200KA1M69;;11.7189;;;21-May-2022
147509;SBI Fixed Maturity Plan (FMP) - Series 12 (1179 Days) - Direct Plan - Growth;INF200KA1H82;;12.2000;;;21-May-2022
147510;SBI Fixed Maturity Plan (FMP) - Series 12 (1179 Days) - Direct Plan - Income Distribution cum Capital Withdrawal Option (IDCW);INF200KA1H90;;12.2001;;;21-May-2022
147508;SBI Fixed Maturity Plan (FMP) - Series 12 (1179 Days) - Regular Plan - Growth;INF200KA1H66;;12.1134;;;21-May-2022
147511;SBI Fixed Maturity Plan (FMP) - Series 12 (1179 Days) - Regular Plan - Income Distribution cum Capital Withdrawal Option (IDCW);INF200KA1H74;;12.1134;;;21-May-2022
147520;SBI Fixed Maturity Plan (FMP) - Series 13 (1108 Days) - Direct Plan - Growth;INF200KA1I24;;12.1900;;;21-May-2022
147521;SBI Fixed Maturity Plan (FMP) - Series 13 (1108 Days) - Direct Plan - Income Distribution cum Capital Withdrawal Option (IDCW);INF200KA1I32;;12.1900;;;21-May-2022
147523;SBI Fixed Maturity Plan (FMP) - Series 13 (1108 Days) - Regular Plan - Growth;INF200KA1I08;;12.1041;;;21-May-2022
147522;SBI Fixed Maturity Plan (FMP) - Series 13 (1108 Days) - Regular Plan - Income Distribution cum Capital Withdrawal Option (IDCW);INF200KA1I16;;12.1041;;;21-May-2022
148848;SBI Fixed Maturity Plan (FMP) - Series 42 (1857 Days) Direct Plan - Income Distribution cum Capital Withdrawal Option (IDCW);INF200KA1V27;;10.3575;;;21-May-2022
148845;SBI Fixed Maturity Plan (FMP) - Series 42 (1857 Days) Regular Plan - Income Distribution cum Capital Withdrawal Option (IDCW);INF200KA1V01;;10.3362;;;21-May-2022
148846;SBI Fixed Maturity Plan (FMP) Series 42 (1857 Days) - Direct Plan - Growth;INF200KA1V19;;10.3575;;;21-May-2022
148847;SBI Fixed Maturity Plan (FMP) Series 42 (1857 Days) - Regular Plan - Growth;INF200KA1U93;;10.3362;;;21-May-2022
148941;SBI Fixed Maturity Plan (FMP) Series 43 (1616 Days) - Direct Plan - Growth;INF200KA1V50;;10.2984;;;21-May-2022
148942;SBI Fixed Maturity Plan (FMP) Series 43 (1616 Days) - Direct Plan - Income Distribution cum Capital Withdrawal Option (IDCW);INF200KA1V68;;10.2984;;;21-May-2022
148939;SBI Fixed Maturity Plan (FMP) Series 43 (1616 Days) - Regular Plan - Growth;INF200KA1V35;;10.2809;;;21-May-2022
148940;SBI Fixed Maturity Plan (FMP) Series 43 (1616 Days) - Regular Plan - Income Distribution cum Capital Withdrawal Option (IDCW);INF200KA1V43;;10.2809;;;21-May-2022
148967;SBI Fixed Maturity Plan (FMP) - Series 44 (1855 Days) - Direct Plan - Growth;INF200KA1W59;;10.1744;;;21-May-2022
148968;SBI Fixed Maturity Plan (FMP) - Series 44 (1855 Days) - Direct Plan - Income Distribution cum Capital Withdrawal Option (IDCW);INF200KA1W67;;10.1744;;;21-May-2022
148966;SBI Fixed Maturity Plan (FMP) - Series 44 (1855 Days) - Regular Plan - Growth;INF200KA1W34;;10.1587;;;21-May-2022
148969;SBI Fixed Maturity Plan (FMP) Series 44 (1855 Days) - Regular Plan - Income Distribution cum Capital Withdrawal Option (IDCW);INF200KA1W42;;10.1587;;;21-May-2022
148999;SBI Fixed Maturity Plan (FMP) Series 45 (1840 Days) - Direct Plan - Growth;INF200KA1W91;;10.1711;;;21-May-2022
148998;SBI Fixed Maturity Plan (FMP) Series 45 (1840 Days) - Direct Plan - Income Distribution cum Capital Withdrawal Option (IDCW);INF200KA1X09;;10.1711;;;21-May-2022
148996;SBI Fixed Maturity Plan (FMP) Series 45 (1840 Days) - Regular Plan - Growth;INF200KA1W75;;10.1560;;;21-May-2022
148997;SBI Fixed Maturity Plan (FMP) Series 45 (1840Days) - Regular Plan - Income Distribution cum Capital Withdrawal Option (IDCW);INF200KA1W83;;10.1560;;;21-May-2022
