Scheme Code;Scheme Name;ISIN Div Payout/ISIN Growth;ISIN Div Reinvestment;Net Asset Value;Repurchase Price;Sale Price;Date

Open Ended Schemes ( Income )


ABN  AMRO Mutual Fund
102645;ABN AMRO  Short Term Income Fund-Institutional Plan-Daily Dividend Option;;;10.0000;10.0000;10.0000;17-Jun-2007
102644;ABN AMRO  Short Term Income Fund-Institutional Plan-Growth Option;;;11.7078;11.7078;11.7078;17-Jun-2007
102646;ABN AMRO  Short Term Income Fund-Institutional Plan-Monthly Dividend Option;;;10.0240;10.0240;10.0240;17-Jun-2007
102647;ABN AMRO  Short Term Income Fund-Institutional Plan-Weekly Dividend Option;;;0.0000;0.0000;0.0000;17-Jun-2007
102649;ABN AMRO  Short Term Income Fund-Institutional Plus Plan-Daily Dividend Option;;;0.0000;0.0000;0.0000;17-Jun-2007
102648;ABN AMRO  Short Term Income Fund-Institutional Plus Plan-Growth Option;;;0.0000;0.0000;0.0000;17-Jun-2007
102650;ABN AMRO  Short Term Income Fund-Institutional Plus Plan-Monthly Dividend Option;;;0.0000;0.0000;0.0000;17-Jun-2007
102651;ABN AMRO  Short Term Income Fund-Institutional Plus Plan-Weekly Dividend Option;;;0.0000;0.0000;0.0000;17-Jun-2007
102641;ABN AMRO  Short Term Income Fund-Regular Plan-Growth Option;;;11.5744;11.5744;11.5744;17-Jun-2007
102642;ABN AMRO  Short Term Income Fund-Regular Plan-Monthly Dividend Option;;;10.0219;10.0219;10.0219;17-Jun-2007
102643;ABN AMRO  Short Term Income Fund-Regular Plan-Weekly Dividend Option;;;10.0037;10.0037;10.0037;17-Jun-2007

DBS Chola Mutual Fund
101958;DBS Chola Liquid Fund - Institutional Plus Weekly Dividend;;;11.9612;11.9612;11.9612;17-Jun-2007
103137;DBS Chola Short Term Floating Rate Fund-Cumulative;;;11.3699;11.3699;11.3699;17-Jun-2007
103134;DBS Chola Short Term Floating Rate Fund-Dividend-Daily;;;10.0164;10.0164;10.0164;17-Jun-2007
103136;DBS Chola Short Term Floating Rate Fund-Dividend-Monthly;;;10.2524;10.2524;10.2524;17-Jun-2007
103135;DBS Chola Short Term Floating Rate Fund-Dividend-Weekly;;;10.2535;10.2535;10.2535;17-Jun-2007

DSP Mutual Fund
103275;DSP Credit Risk Fund - Institutional Plan-Daily Dividend Reinvest;;;996.2751;996.2751;996.2751;17-Jun-2007
103277;DSP Credit Risk Fund - Institutional Plan-Growth;INF740K01FN3;;1095.5351;1095.5351;1095.5351;17-Jun-2007

Standard Chartered Mutual Fund
102342;GCF-Plan C-Daily Dividend;;;10.0005;10.0005;10.0005;17-Jun-2007
102340;GCF-Plan C-Growth;;;12.0022;12.0022;12.0022;17-Jun-2007
102343;GCF-Plan C-Monthly Dividend;;;0;0;0;17-Jun-2007
102341;GCF-Plan C-weekly Dividend;;;10.0029;10.0029;10.0029;17-Jun-2007
101780;GCF Daily-Dividend(Institutional Plan);;;10.5816;10.5816;10.5816;17-Jun-2007
101760;GCF Dividend-Weekly(Institutional Plan);;;10.3023;10.3023;10.3023;17-Jun-2007
102348;GFRF-Plan C-Daily Dividend;;;10.0015;10.0015;10.0015;17-Jun-2007
102347;GFRF-Plan C-Growth;;;11.9806;11.9806;11.9806;17-Jun-2007
102350;GFRF-Plan C-Monthly Divdend;;;0;0;0;17-Jun-2007
102349;GFRF-Plan C-Weekly Dividend;;;0;0;0;17-Jun-2007
101947;GFRF (Daily - Dividind);;;10.0699;10.0699;10.0699;17-Jun-2007
101948;GFRF (Dividend - Weekly);;;10.0702;10.0702;10.0702;17-Jun-2007
101773;GFRF - Growth(Institutional Plan);;;12.4041;12.4041;12.4041;17-Jun-2007
101774;GFRF Dividend-Daily (Institutional Plan);;;10.0703;10.0703;10.0703;17-Jun-2007
101776;GFRF Dividend-Monthly(Institutional Plan);;;0;0;0;17-Jun-2007
101775;GFRF Dividend-Weekly(Institutional Plan);;;10.0947;10.0947;10.0947;17-Jun-2007
101100;Grindlays Cash Fund-Dividend (Daily);;;10.5819;10.5819;10.5819;17-Jun-2007
101099;Grindlays Cash Fund-Growth;;;13.9901;13.9901;13.9901;17-Jun-2007
101319;Grindlays Cash Fund - Dividend (Weekly);;;10.1943;10.1943;10.1943;17-Jun-2007
101632;Grindlays Cash Fund - Plan B (D) (Institutional Plan);;;0;0;0;17-Jun-2007
101248;Grindlays Cash Fund - Plan B (G) (Institutional Plan);;;14.0631;14.0631;14.0631;17-Jun-2007

Open Ended Schemes ( Liquid )


Aditya Birla Sun Life Mutual Fund
101294;Birla Sun Life Cash Plus Sweep Plan-Dividend Option;;;10.0581;10.0581;10.0581;17-Jun-2007

DBS Chola Mutual Fund
100989;DBS Chola Liquid Fund-Cum -Institutional Plus;;;15.4842;15.4842;15.4842;17-Jun-2007
104329;DBS Chola Liquid Fund-Cum -Super Institutional;;; 10.5273 ; 10.5273 ; 10.5273 ;17-Jun-2007
100978;DBS Chola Liquid Fund-Daily Dividend Reinvestment Plan;;;10.0317;10.0317;10.0317;17-Jun-2007
100975;DBS Chola Liquid Fund-Regular Cumulative;;;15.3742;15.3742;15.3742;17-Jun-2007
101307;DBS Chola Liquid Fund - Regular Weekly Dividend;;;11.9953;11.9953;11.9953;17-Jun-2007
105295;DBS Chola Treasury Management Fund - Cumulative Option;;;10.1952;10.1952;10.1952;17-Jun-2007
105296;DBS Chola Treasury Management Fund - Daily Dividend Option;;;10.0647;10.0647;10.0647;17-Jun-2007

Deutsche Mutual Fund
105672;DWS INSTA CASH PLUS FUND - Regular Plan BONUS OPTION;INF223J01BH3;;10.0654;10.0654;10.0654;17-Jun-2007
101718;DWS Insta Cash Plus Fund-DIVIDEND-Daily Dividend;;INF223J01BI1;10.3010;10.3010;10.3010;17-Jun-2007
101717;DWS Insta Cash Plus Fund-DIVIDEND-MONTHLY DIVIDEND;INF223J01BK7;INF223J01BL5;10.2641;10.2641;10.2641;17-Jun-2007
101716;DWS Insta Cash Plus Fund-DIVIDEND-WEEKLY DIVIDEND;INF223J01BM3;INF223J01BN1;10.2276;10.2276;10.2276;17-Jun-2007
101719;DWS Insta Cash Plus Fund-Growth-GROWTH;INF223J01BJ9;;12.7976;12.7976;12.7976;17-Jun-2007
101722;DWS Insta Cash Plus Fund-Institutional Plan-Daily Dividend;;INF223J01BA8;10.0195;10.0195;10.0195;17-Jun-2007
101720;DWS Insta Cash Plus Fund-Institutional Plan-Dividend;INF223J01BE0;INF223J01BD2;10.1272;10.1272;10.1272;17-Jun-2007
101721;DWS Insta Cash Plus Fund-Institutional Plan-Growth;INF223J01BB6;;11.9763;11.9763;11.9763;17-Jun-2007
101723;DWS Insta Cash Plus Fund-Institutional Plan-Weekly Dividend;INF223J01BF7;INF223J01BG5;10.1298;10.1298;10.1298;17-Jun-2007

Fidelity Mutual Fund
104498;Fidelity Cash Fund - Institutional Plan - Daily Dividend Option;;INF677K01AQ1;10.0000;10.0000;10.0000;17-Jun-2007
104497;Fidelity Cash Fund - Institutional Plan - Growth Option;;;10.4556;10.4556;10.4556;17-Jun-2007
104548;Fidelity Cash Fund - Institutional Plan - Monthly Dividend Option;INF677K01AS7;INF677K01AT5;10.0395;10.0395;10.0395;17-Jun-2007
104546;Fidelity Cash Fund - Institutional Plan - Weekly Dividend Option;;INF677K01AR9;10.0091;10.0091;10.0091;17-Jun-2007
104495;Fidelity Cash Fund - Retail Plan - Daily Dividend option;;INF677K01AL2;10.0000;10.0000;10.0000;17-Jun-2007
104493;Fidelity Cash Fund - Retail Plan - Growth option;;;10.4324;10.4324;10.4324;17-Jun-2007
104547;Fidelity Cash Fund - Retail Plan - Monthly Dividend Option;;;10.0371;10.0371;10.0371;17-Jun-2007
104549;Fidelity Cash Fund - Retail Plan - Weekly Dividend Option;;INF677K01AM0;10.0102;10.0102;10.0102;17-Jun-2007
104494;Fidelity Cash Fund - Super Institutional Plan - Daily Dividend Option;;INF677K01AV1;10.0000;10.0000;10.0000;17-Jun-2007
104496;Fidelity Cash Fund - Super Institutional Plan - Growth Option;INF677K01AU3;;10.4641;10.4641;10.4641;17-Jun-2007
104551;Fidelity Cash Fund - Super Institutional Plan - Monthly Dividend Option;INF677K01AX7;INF677K01AY5;10.0000;10.0000;10.0000;17-Jun-2007
104550;Fidelity Cash Fund - Super Institutional Plan - Weekly Dividend Option;;INF677K01AW9;10.0099;10.0099;10.0099;17-Jun-2007

ING Mutual Fund
100194;ING Liquid Fund-Auto Sweep Growth Option;;;10.0000;10.0000;10.0000;17-Jun-2007
100195;ING Liquid Fund-Auto Sweep Weekly Dividend Option;;;10.0000;10.0000;10.0000;17-Jun-2007
100198;ING Liquid Fund-Institutional Daily Dividend Option;INF084M01473;;10.0121;10.0121;10.0121;17-Jun-2007
100196;ING Liquid Fund-Institutional Growth Option;INF084M01465;;11.9760;11.9760;11.9760;17-Jun-2007
100197;ING Liquid Fund-Institutional Weekly Dividend Option;INF084M01499;INF084M01481;10.0631;10.0631;10.0631;17-Jun-2007
100192;ING Liquid Fund-Regular Daily Dividend Option;INF084M01432;;10.7873;10.7873;10.7873;17-Jun-2007
100190;ING Liquid Fund-Regular Growth Option;INF084M01424;;16.1289;16.1289;16.1289;17-Jun-2007
100191;ING Liquid Fund-Regular Weekly Dividend Option;INF084M01457;INF084M01440;10.8336;10.8336;10.8336;17-Jun-2007
100200;ING Liquid Fund-Super Institutional Daily Dividend Option;INF084M01515;;10.0048;10.0048;10.0048;17-Jun-2007
100199;ING Liquid Fund-Super Institutional Growth Option;INF084M01507;;11.3408;11.3408;11.3408;17-Jun-2007
100201;ING Liquid Fund-Super Institutional Weekly Dividend Option;INF084M01531;INF084M01523;10.0119;10.0119;10.0119;17-Jun-2007

JM Financial Mutual Fund
101420;JM Floater Short Term Fund - Daily Dividend Option;;INF192K01767;10.0883;10.0883;10.0883;17-Jun-2007
101421;JM Floater Short Term Fund - Growth Option;INF192K01775;;12.5356;12.5356;12.5356;17-Jun-2007

Sahara Mutual Fund
101397;Sahara Liquid Fund-Fixed Pricing -  Weekly Dividend Option;;INF515L01064;1025.4966;1025.4966;1025.4966;17-Jun-2007
101393;Sahara Liquid Fund-Fixed Pricing - Daily Dividend Option;;INF515L01049;1024.8771;1024.8771;1024.8771;17-Jun-2007
101394;Sahara Liquid Fund-Fixed Pricing - Growth option;INF515L01056;;1364.9212;1364.9212;1364.9212;17-Jun-2007
101398;Sahara Liquid Fund-Fixed Pricing - Monthly Dividend Option;;INF515L01072;1028.0969;1028.0969;1028.0969;17-Jun-2007
101399;Sahara Liquid Fund-Variable Pricing - Daily Dividend option;;INF515L01080;1024.8966;1024.8966;1024.8966;17-Jun-2007
101402;Sahara Liquid Fund-Variable Pricing - Growth option;INF515L01114;;1369.8585;1369.8585;1369.8585;17-Jun-2007
101400;Sahara Liquid Fund-Variable Pricing - Weekly Dividend Option;;INF515L01098;1025.503;1025.5030;1025.5030;17-Jun-2007
101401;Sahara Liquid Fund-Variable Pricing- Monthly Dividend Option;;INF515L01106;1028.6036;1028.6036;1028.6036;17-Jun-2007

Standard Chartered Mutual Fund
103525;Standard Chartered Liquidity Manager (SCLM)-A-Dividend Daily;;;10.0125;10.0125;10.0125;17-Jun-2007
103527;Standard Chartered Liquidity Manager (SCLM)-A-Dividend Monthly;;;10.0165;10.0165;10.0165;17-Jun-2007
103526;Standard Chartered Liquidity Manager (SCLM)-A-Dividend Weekly;;;10.0039;10.0039;10.0039;17-Jun-2007
103524;Standard Chartered Liquidity Manager (SCLM)-A-Growth;;;10.8970;10.8970;10.8970;17-Jun-2007
103598;Standard Chartered Liquidity Manager Plus-A-Dividend Daily;;;1000.2000;1000.2000;1000.2000;17-Jun-2007
103600;Standard Chartered Liquidity Manager Plus-A-Dividend Monthly;;;1002.7388;1002.7388;1002.7388;17-Jun-2007
103599;Standard Chartered Liquidity Manager Plus-A-Dividend Weekly;;;1000.3615;1000.3615;1000.3615;17-Jun-2007
103597;Standard Chartered Liquidity Manager Plus-A-Growth;;;1092.4524;1092.4524;1092.4524;17-Jun-2007

Open Ended Schemes ( Money Market )


Franklin Templeton Mutual Fund
100561;Templeton India Money Market Account - Bonus Plan;;;1.0000;1.0000;1.0000;17-Jun-2007
104554;Templeton India Money Market Account - Dividend Plan;;;1.0000;1.0000;1.0000;17-Jun-2007

Open Ended Schemes ( Floating Rate )


HSBC Mutual Fund
102836;HSBC Floating Rate Fund - Short Term - Inst. - Dividend - Daily;;;10.0132;10.0132;10.0132;17-Jun-2007
102838;HSBC Floating Rate Fund - Short Term - Inst. - Dividend - Monthly;;;10.0724;10.0724;10.0724;17-Jun-2007
102837;HSBC Floating Rate Fund - Short Term - Inst. - Dividend - Weekly;;;10.0377;10.0377;10.0377;17-Jun-2007
102835;HSBC Floating Rate Fund - Short Term - Inst. - Growth;;;11.7489;11.7489;11.7489;17-Jun-2007
102840;HSBC Floating Rate Fund - Short Term - Inst. Plus - Dividend - Daily;;;10.0262;10.0262;10.0262;17-Jun-2007
102842;HSBC Floating Rate Fund - Short Term - Inst. Plus - Dividend - Monthly;;;0.0000;0.0000;0.0000;17-Jun-2007
102841;HSBC Floating Rate Fund - Short Term - Inst. Plus - Dividend - Weekly;;;0.0000;0.0000;0.0000;17-Jun-2007
102839;HSBC Floating Rate Fund - Short Term - Inst. Plus - Growth;;;10.0209;10.0209;10.0209;17-Jun-2007
102833;HSBC Floating Rate Fund - Short Term - Regular - Dividend - Daily;;;10.0000;10.0000;10.0000;17-Jun-2007
102834;HSBC Floating Rate Fund - Short Term - Regular - Dividend - Weekly;;;10.0057;10.0057;10.0057;17-Jun-2007
102832;HSBC Floating Rate Fund - Short Term - Regular - Growth;;;11.6852;11.6852;11.6852;17-Jun-2007

Standard Chartered Mutual Fund
101630;Grindlays Floating Rate Fund - Growth;;;12.5602;12.5602;12.5602;17-Jun-2007
101631;Grindlays Floating Rate Fund- Dividend Monthly;;;10.0548;10.0548;10.0548;17-Jun-2007

Open Ended Schemes ( Fund of Funds - Domestic )


Fidelity Mutual Fund
103419;Fidelity MultiManager Cash Fund-Dividend Re-investment Option;;;10.0115;10.0115;10.0115;17-Jun-2007
103418;Fidelity MultiManager Cash Fund-Growth Option;;;11.0226;11.0226;11.0226;17-Jun-2007

Open Ended Schemes ( Debt Scheme - Overnight Fund )


HDFC Mutual Fund
101996;HDFC Overnight Fund - Growth Option;INF179KB1HS3;;13.1732;13.1732;13.1732;17-Jun-2007
101997;HDFC Overnight Fund - IDCW Option (Daily);;INF179KB1IF8;10.4266;10.4266;10.4266;17-Jun-2007

SBI Mutual Fund
101206;SBI OVERNIGHT FUND - REGULAR PLAN - GROWTH;INF200K01LQ9;;13.1900;13.1900;13.1900;17-Jun-2007
103140;SBI Overnight Fund - Regular Plan - Weekly Income Distribution cum Capital Withdrawal Option (IDCW);INF200K01LO4;INF200K01LP1;10.2488;10.2488;10.2488;17-Jun-2007

Open Ended Schemes ( Debt Scheme - Liquid Fund )


Aditya Birla Sun Life Mutual Fund
100049;Aditya Birla Sun Life Cash Plus-Institutional - Fortnightly Dividend;;;10.8372;10.8372;10.8372;17-Jun-2007
100052;Aditya Birla Sun Life Cash Plus-Institutional Premium - Fortnightly Dividend;;;10.0742;10.0742;10.0742;17-Jun-2007
100053;Aditya Birla Sun Life Cash Plus-Institutional Premium Plan-Monthly Dividend;;;10.0288;10.0288;10.0288;17-Jun-2007
100047;Aditya Birla Sun Life Liquid Fund - Growth;INF209K01RU9;;12.1369;12.1369;12.1369;17-Jun-2007
100046;Aditya Birla Sun Life Liquid Fund -Daily IDCW;INF209K01KQ2;INF209K01SQ5;10.0195;10.0195;10.0195;17-Jun-2007
100041;Aditya Birla Sun Life Liquid Fund -Institutional - IDCW;;INF209K01KN9;10.8023;10.8023;10.8023;17-Jun-2007
100048;Aditya Birla Sun Life Liquid Fund -Institutional - weekly  IDCW;INF209KA1LK7;INF209K01KY6;10.8106;10.8106;10.8106;17-Jun-2007
100044;Aditya Birla Sun Life Liquid Fund -Retail - IDCW;;INF209K01KP4;16.3694;16.3694;16.3694;17-Jun-2007
100051;Aditya Birla Sun Life Liquid Fund -weekly IDCW;INF209K01KU4;INF209KA1LJ9;10.0261;10.0261;10.0261;17-Jun-2007
100043;Aditya Birla Sun Life Liquid Fund-Institutional (Growth);INF209K01RT1;;20.6478;20.6478;20.6478;17-Jun-2007
100042;Aditya Birla Sun Life Liquid Fund-Retail (Growth);INF209K01ME4;;20.4982;20.4982;20.4982;17-Jun-2007

Baroda BNP Paribas Mutual Fund
101408;Baroda BNP Paribas LIQUID FUND- Defunct Plan -Growth Option;INF955L01575;;13.6258;13.6258;13.6258;17-Jun-2007
101407;Baroda BNP Paribas LIQUID FUND-Defunct Plan- IDCW Option;INF955L01559;INF955L01567;11.6798;11.6798;11.6798;17-Jun-2007
101409;Baroda BNP Paribas LIQUID FUND-Defunct Plan-Daily IDCW Option;INF955L01518;INF955L01526;10.0556;10.0556;10.0556;17-Jun-2007

Canara Robeco Mutual Fund
101363;Canara Robeco Liquid Fund- INSTITUTIONAL-Daily Dividend Reinvestment;;INF760K01CC1;10.0410;10.0410;10.0410;17-Jun-2007
101362;Canara Robeco Liquid Fund- INSTITUTIONAL-Growth;INF760K01CD9;;13.9001;13.9001;13.9001;17-Jun-2007
101361;Canara Robeco Liquid Fund- INSTITUTIONAL-Weekly dividend;;INF760K01CE7;10.0466;10.0466;10.0466;17-Jun-2007
101364;Canara Robeco Liquid Fund-Retail-DRI;;INF760K01CF4;10.0410;10.0410;10.0410;17-Jun-2007
101365;Canara Robeco Liquid Fund-Retail-Growth;INF760K01CH0;;13.8863;13.8863;13.8863;17-Jun-2007

DSP Mutual Fund
103347;DSP Liquidity Fund - Regular Plan - Growth;INF740K01FK9;;1108.8290;1108.8290;1108.8290;17-Jun-2007
103348;DSP Liquidity Fund - Regular Plan - IDCW - Weekly;INF740K01FM5;INF740K01FL7;1000.4138;1000.4138;1000.4138;17-Jun-2007
103349;DSP Liquidity Fund- Regular Plan - IDCW - Daily;;INF740KA1OE0;1000.2000;1000.2000;1000.2000;17-Jun-2007
100943;DSP BlackRock Liquidity Fund - Regular Plan - Daily Dividend;;;10.0100;10.0100;10.0100;17-Jun-2007
100940;DSP BlackRock Liquidity Fund - Regular Plan - Growth;INF740K01CN0;;18.5513;18.5513;18.5513;17-Jun-2007
100941;DSP BlackRock Liquidity Fund - Regular Plan Weekly Dividend;;;12.4025;12.4025;12.4025;17-Jun-2007

Franklin Templeton Mutual Fund
100543;Franklin India Liquid Fund - Liquid Plan - Daily IDCW;;;1000.2500;1000.2500;1000.2500;17-Jun-2007
100544;Franklin India Liquid Fund - Liquid Plan - Growth;;;1164.3726;1164.3726;1164.3726;17-Jun-2007
100542;Franklin India Liquid Fund - Liquid Plan - Weekly Dividend;;;1000.5749;1000.5749;1000.5749;17-Jun-2007
100541;Franklin India Liquid Fund - Regular Plan - Daily - IDCW;;INF090I01BA3;1512.3400;1512.3400;1512.3400;17-Jun-2007
100538;Franklin India Liquid Fund - Regular Plan - Growth;INF090I01BB1;;1894.1729;1894.1729;1894.1729;17-Jun-2007
100537;Franklin India Liquid Fund - Regular Plan - Weekly - IDCW;INF090I01BL0;INF090I01BI6;1244.3238;1244.3238;1244.3238;17-Jun-2007
100547;Franklin India Liquid Fund - Super Institutional Plan - Daily - IDCW;;INF090I01BF2;1000.2500;1000.2500;1000.2500;17-Jun-2007
100546;Franklin India Liquid Fund - Super Institutional Plan - Growth;INF090I01BG0;;1127.9001;1127.9001;1127.9001;17-Jun-2007
100548;Franklin India Liquid Fund - Super Institutional Plan - Weekly - IDCW;INF090I01BM8;INF090I01BH8;1016.1409;1016.1409;1016.1409;17-Jun-2007
102441;Franklin India Liquid Fund - Institution-Growth;INF090I01BD7;;1192.5294;1192.5294;1192.5294;17-Jun-2007
102443;Franklin India Liquid Fund - Institutional Plan - Daily - IDCW;;INF090I01BC9;1000.2500;1000.2500;1000.2500;17-Jun-2007
102442;Franklin India Liquid Fund - Institutional Plan - Weekly - IDCW;INF090I01BJ4;INF090I01BE5;1000.6024;1000.6024;1000.6024;17-Jun-2007

HDFC Mutual Fund
100868;HDFC Liquid Fund - Growth Plan;INF179KB1HK0;;15.1394;15.1394;15.1394;17-Jun-2007
100875;HDFC Liquid Fund - IDCW Daily;;INF179KB1IC5;10.1982;10.1982;10.1982;17-Jun-2007
100876;HDFC Liquid Fund - IDCW Monthly;INF179KB1HM6;INF179KB1HL8;10.2925;10.2925;10.2925;17-Jun-2007
100874;HDFC Liquid Fund - IDCW Plan Weekly;INF179KB1ID3;;10.3199;10.3199;10.3199;17-Jun-2007
100877;HDFC Liquid Fund-Premium Plan - Dividend-Daily;;INF179K01KN4;12.2598;12.2598;12.2598;17-Jun-2007
100878;HDFC Liquid Fund-Premium Plan - Dividend-Weekly;INF179K01KP9;;12.4878;12.4878;12.4878;17-Jun-2007
100881;HDFC Liquid Fund-Premium Plus Plan - Dividend-Weekly;INF179K01KS3;;12.4294;12.4294;12.4294;17-Jun-2007
100872;HDFC Liquid Fund-PREMIUM PLUS- Growth;INF179K01KQ7;;15.2708;15.2708;15.2708;17-Jun-2007
100873;HDFC Liquid Fund-PREMIUM- Growth;INF179KB1HN4;;15.2382;15.2382;15.2382;17-Jun-2007

HSBC Mutual Fund
101700;HSBC Cash Fund - Dividend - Daily;;INF336L01321;10.0056;10.0056;10.0056;17-Jun-2007
101702;HSBC Cash Fund - Dividend - Monthly;INF336L01305;INF336L01297;10.0489;10.0489;10.0489;17-Jun-2007
101701;HSBC Cash Fund - Dividend - Weekly;;INF336L01347;10.0098;10.0098;10.0098;17-Jun-2007
101692;HSBC Cash Fund - Inst. - Dividend - Daily;;INF336L01354;10.4401;10.4401;10.4401;17-Jun-2007
101694;HSBC Cash Fund - Inst. - Dividend - Monthly;INF336L01370;INF336L01362;10.4939;10.4939;10.4939;17-Jun-2007
101693;HSBC Cash Fund - Inst. - Dividend - Weekly;;INF336L01388;10.4530;10.4530;10.4530;17-Jun-2007
101691;HSBC Cash Fund - Inst. - Growth;INF336L01289;;12.8669;12.8669;12.8669;17-Jun-2007
101697;HSBC Cash Fund - Regular - Dividend - Daily;;INF336L01263;10.1930;10.1930;10.1930;17-Jun-2007
101698;HSBC Cash Fund - Regular - Dividend - Weekly;;INF336L01313;10.0072;10.0072;10.0072;17-Jun-2007
101696;HSBC Liquid Fund - Growth closed plan;INF336L01271;;12.8224;12.8224;12.8224;17-Jun-2007
101699;HSBC Liquid Fund Closed;INF336L01339;;12.0188;12.0188;12.0188;17-Jun-2007

ICICI Prudential Mutual Fund
100357;ICICI Prudential Liquid Fund -Quarterly IDCW;INF109K01UU5;INF109K01UT7; 10.8746 ; 10.8746 ; 10.8746 ;17-Jun-2007
100361;ICICI Prudential Liquid Fund-Dividend-Institutional Plus - Monthly;;INF109K01VL2; 11.9485 ; 11.9485 ; 11.9485 ;17-Jun-2007
100359;ICICI Prudential Liquid Institutional Plus Fund - Div - Daily;INF109K01VJ6;; 11.8515 ; 11.8515 ; 11.8515 ;17-Jun-2007
100360;ICICI Prudential Liquid Institutional Plus Fund - Div - Weekly;INF109K01VM0;; 11.8653 ; 11.8653 ; 11.8653 ;17-Jun-2007
100362;ICICI Prudential Liquid Institutional Plus Fund - Growth;INF109K01VK4;; 18.9611 ; 18.9611 ; 18.9611 ;17-Jun-2007
103343;ICICI Prudential Liquid Fund - Daily IDCW;INF109K01VP3;; 10.0000 ; 10.0000 ; 10.0000 ;17-Jun-2007
103340;ICICI Prudential Liquid Fund - Growth;INF109K01VQ1;; 11.1873 ; 11.1873 ; 11.1873 ;17-Jun-2007
104308;ICICI Prudential Liquid Fund - Half Yearly IDCW;INF109K01UX9;INF109K01UW1; 10.1837 ; 10.1837 ; 10.1837 ;17-Jun-2007
103344;ICICI Prudential Liquid Fund - Institutional Option - I;INF109K01VH0;; 10.9525 ; 10.9525 ; 10.9525 ;17-Jun-2007
103342;ICICI Prudential Liquid Fund - Weekly IDCW;INF109K01VS7;; 10.0117 ; 10.0117 ; 10.0117 ;17-Jun-2007
103341;ICICI Prudential Liquid Fund -Monthly IDCW;INF109K01VR9;; 10.0305 ; 10.0305 ; 10.0305 ;17-Jun-2007
101748;ICICI Prudential Liquid Fund - Institutional - Daily - Div;INF109K01VE7;; 11.8502 ; 11.8502 ; 11.8502 ;17-Jun-2007
101749;ICICI Prudential Liquid Fund - Institutional - Monthly - Div;;INF109K01VG2; 10.0295 ; 10.0295 ; 10.0295 ;17-Jun-2007
101753;ICICI Prudential Liquid Fund - Institutional - Weekly - Div;INF109K01VI8;; 11.8525 ; 11.8525 ; 11.8525 ;17-Jun-2007
101754;ICICI Prudential Liquid Fund Retail Daily Dividend;INF109K01UR1;; 11.8514 ; 11.8514 ; 11.8514 ;17-Jun-2007
101750;ICICI Prudential Liquid Fund Retail Growth;INF109K01UQ3;; 18.6833 ; 18.6833 ; 18.6833 ;17-Jun-2007
101755;ICICI Prudential Liquid Fund Retail Monthly Dividend;INF109K01US9;; 11.8649 ; 11.8649 ; 11.8649 ;17-Jun-2007
101752;ICICI Prudential Liquid Fund Retail Weekly Dividend;INF109K01UV3;; 11.8415 ; 11.8415 ; 11.8415 ;17-Jun-2007
101751;ICICI Prudential Liquid Institutional Fund - Growth;INF109K01VF4;; 18.8982 ; 18.8982 ; 18.8982 ;17-Jun-2007

Invesco Mutual Fund
104484;Invesco India Liquid Fund - Daily IDCW (Reinvestment);;INF205K01HN3;10.0005;10.0005;10.0005;17-Jun-2007
104486;Invesco India Liquid Fund - Growth;INF205K01HM5;;10.4674;10.4674;10.4674;17-Jun-2007
104488;Invesco India Liquid Fund - Regular - Growth;INF205K01HG7;;10.4402;10.4402;10.4402;17-Jun-2007
104489;Invesco India Liquid Fund - Regular - Weekly IDCW (Reinvestment);;INF205K01HH5;10.0095;10.0095;10.0095;17-Jun-2007
104485;Invesco India Liquid Fund - Weekly IDCW (Reinvestment);INF205KA1BD7;INF205K01HO1;10.0102;10.0102;10.0102;17-Jun-2007
104483;Religare Invesco Liquid Fund - Institutional - Daily Dividend;;INF205K01HJ1;10.0005;10.0005;10.0005;17-Jun-2007
104491;Religare Invesco Liquid Fund - Institutional - Growth;INF205K01HI3;;10.4615;10.4615;10.4615;17-Jun-2007
104490;Religare Invesco Liquid Fund - Institutional - Weekly Dividend;;INF205K01HK9;10.0100;10.0100;10.0100;17-Jun-2007

JM Financial Mutual Fund
100241;JM High Liquidity Fund-- Institutional Plan - Dividend;INF192K01924;INF192K01932;10.1982;10.1982;10.1982;17-Jun-2007
100237;JM High Liquidity Fund-- Institutional Plan - Growth;INF192K01940;;12.6215;12.6215;12.6215;17-Jun-2007
100243;JM High Liquidity Fund-- Premium Plan - Daily Dividend Option;;;10.0000;10.0000;10.0000;17-Jun-2007
100238;JM High Liquidity Fund-Institutional Plan - Daily Dividend;;INF192K01916;10.0159;10.0159;10.0159;17-Jun-2007
100245;JM High Liquidity Fund-Super Institutional Plan- Daily Dividend;;INF192K01957;10.0165;10.0165;10.0165;17-Jun-2007
100246;JM High Liquidity Fund-Super Institutional Plan- Weekly  Dividend;INF192K01965;INF192K01973;10.0000;10.0000;10.0000;17-Jun-2007
100244;JM Liquid Fund (Regular) - Quarterly IDCW;INF192K01866;INF192K01874;12.0446;12.0446;12.0446;17-Jun-2007
100247;JM Liquid Fund (Regular) - Super Institutional Plan - Growth Option;INF192K01981;;12.0018;12.0018;12.0018;17-Jun-2007
100233;JM Liquid Fund (Regular) - Weekly IDCW;INF192K01841;INF192K01858;10.4345;10.4345;10.4345;17-Jun-2007
100234;JM Liquid Fund - Growth Option;INF192K01882;;20.9208;20.9208;20.9208;17-Jun-2007
101549;JM Liquid Fund (Regular) - Bonus Option - Principal Units;INF192K01890;;10.9865;10.9865;10.9865;17-Jun-2007
101078;JM Liquid Fund (Regular) - Daily IDCW;;INF192K01833;10.4302;10.4302;10.4302;17-Jun-2007

Kotak Mahindra Mutual Fund
100833;Kotak Liquid Fund - Regular  - Daily Reinvestment of Income Distribution cum capital withdrawal option;;INF174K01NL3;12.2281;12.2281;12.2281;17-Jun-2007
100835;Kotak Liquid Fund - Regular Plan - Growth;INF174K01NI9;;15.4134;15.4134;15.4134;17-Jun-2007
100831;Kotak Liquid Fund -Institutional Plan - (Daily Dividend);;INF174K01GA0;12.2281;12.2281;12.2281;17-Jun-2007
100834;Kotak Liquid Fund Regular Plan Weekly Reinvestment of Income Distribution cum capital withdrawal option Dividend;INF174K01NK5;;10.0454;10.0454;10.0454;17-Jun-2007
100830;Kotak Liquid-Institutional Plan  (Growth);INF174K01FZ9;;15.2796;15.2796;15.2796;17-Jun-2007
100832;Kotak Liquid-Institutional Plan (Weekly Dividend);;INF174K01GB8;10.0322;10.0322;10.0322;17-Jun-2007
100828;Kotak Liquid-Regular (Dividend);;INF174K01FY2;10.0306;10.0306;10.0306;17-Jun-2007
100829;Kotak Liquid-Regular (Growth);INF174K01NM1;;15.0365;15.0365;15.0365;17-Jun-2007

Nippon India Mutual Fund
100852;NIPPON INDIA LIQUID FUND - DAILY IDCW OPTION;;INF204K01UM1;15.2862;15.2862;15.2862;17-Jun-2007
100837;Nippon India Liquid Fund - Retail Option - Growth Plan;INF204K01UL3;;18.3648;18.3648;18.3648;17-Jun-2007
100842;NIPPON INDIA LIQUID FUND - RETAIL Plan - DAILY IDCW OPTION;;INF204K01UJ7;15.2416;15.2416;15.2416;17-Jun-2007
100843;NIPPON INDIA LIQUID FUND - RETAIL plan - MONTHLY IDCW OPTION;INF204K01UT6;INF204K01UU4;11.5905;11.5905;11.5905;17-Jun-2007
100844;NIPPON INDIA LIQUID FUND - RETAIL Plan - QUARTERLY IDCW OPTION;INF204K01UV2;INF204K01UW0;17.3689;17.3689;17.3689;17-Jun-2007
100838;NIPPON INDIA LIQUID FUND - RETAIL Plan - WEEKLY IDCW OPTION;;INF204K01UK5;10.3445;10.3445;10.3445;17-Jun-2007
100853;NIPPON INDIA LIQUID FUND - WEEKLY IDCW OPTION;INF204KC1FM8;INF204K01US8;15.3072;15.3072;15.3072;17-Jun-2007
100851;Nippon India Liquid Fund -Growth Plan;INF204K01UN9;;18.5529;18.5529;18.5529;17-Jun-2007
100849;Reliance Liquid Fund-Cash Plan-Daily Dividend Reinvestment Option;;;11.1415;11.1415;11.1415;17-Jun-2007
100845;Reliance Liquid Fund-Cash Plan-Growth Plan;;;13.2708;13.2708;13.2708;17-Jun-2007
100848;Reliance Liquid Fund-Cash Plan-Weekly Dividend Reinvestment Option;;;10.9169;10.9169;10.9169;17-Jun-2007

Principal Mutual Fund
100895;Principal Cash Management Fund - Daily Income Distribution CUM Capital Withdrawal;;INF173K01DB7;10.0007;10.0007;10.0007;17-Jun-2007
100897;Principal Cash Management Fund - Monthly Income Distribution CUM Capital Withdrawal Option;INF173K01BV9;INF173K01BW7;10.0320;10.0320;10.0320;17-Jun-2007
100896;Principal Cash Management Fund - Weekly Income Distribution CUM Capital Withdrawal Option;;INF173K01DC5;10.0057;10.0057;10.0057;17-Jun-2007
100898;Principal Cash Management Fund -Growth Option;INF173K01DA9;;11.8896;11.8896;11.8896;17-Jun-2007
100892;Principal Cash Management-Liquid Option-Daily Dividend;;;10.0022;10.0022;10.0022;17-Jun-2007
100887;Principal Cash Management-Liquid Option-Dividend Plan;;;10.1246;10.1246;10.1246;17-Jun-2007
100888;Principal Cash Management-Liquid Option-Growth Plan;;;14.9629;14.9629;14.9629;17-Jun-2007
100894;Principal Cash Management-Liquid Option-Institutional - Daily Dividend Plan;;;10.0022;10.0022;10.0022;17-Jun-2007
100893;Principal Cash Management-Liquid Option-Institutional - Growth Plan;;;12.5793;12.5793;12.5793;17-Jun-2007
100891;Principal Cash Management-Liquid Option-Institutional - Monthly Dividend Plan;;;10.0312;10.0312;10.0312;17-Jun-2007
100890;Principal Cash Management-Liquid Option-Institutional - Weekly Dividend Plan;;;10.0064;10.0064;10.0064;17-Jun-2007
100889;Principal Cash Management-Liquid Option-Monthly Dividend;;;10.0301;10.0301;10.0301;17-Jun-2007

Quantum Mutual Fund
103736;Quantum Liquid Fund - Direct Plan Daily IDCW;;INF082J01135;10.0000;10.0000;10.0000;17-Jun-2007
103734;Quantum Liquid Fund - Direct Plan Growth Option;INF082J01127;;10.8945;10.8945;10.8945;17-Jun-2007
103735;Quantum Liquid Fund - Direct Plan Monthly IDCW;INF082J01143;INF082J01200;10.0372;10.0372;10.0372;17-Jun-2007

SBI Mutual Fund
105274;SBI Liquid Fund - Institutional - Growth;INF200K01LU1;;12.2351;12.2351;12.2351;17-Jun-2007
105275;SBI Liquid Fund - Institutional Daily Income Distribution cum Capital Withdrawal Option (IDCW);;INF200K01LR7;10.0325;10.0325;10.0325;17-Jun-2007
105279;SBI Liquid Fund - Institutional Fortnightly Income Distribution cum Capital Withdrawal Option (IDCW);INF200K01LS5;INF200K01LT3;10.0993;10.0993;10.0993;17-Jun-2007
105278;SBI Liquid Fund - Institutional Weekly Income Distribution cum Capital Withdrawal Option (IDCW);INF200K01LV9;INF200K01LW7;10.5693;10.5693;10.5693;17-Jun-2007
105281;SBI Liquid Fund - Regular Plan - Daily Income Distribution cum Capital Withdrawal Option (IDCW);;INF200K01LX5;10.0325;10.0325;10.0325;17-Jun-2007
105283;SBI Liquid Fund - Regular Plan - Fortnightly Income Distribution cum Capital Withdrawal Option (IDCW);INF200K01LY3;INF200K01LZ0;0;0;0;17-Jun-2007
105282;SBI Liquid Fund - Regular Plan - Weekly Income Distribution cum Capital Withdrawal Option (IDCW);INF200K01MB9;INF200K01MC7;0;0;0;17-Jun-2007
105280;SBI Liquid Fund - REGULAR PLAN -Growth;INF200K01MA1;;12.1747;12.1747;12.1747;17-Jun-2007

Taurus Mutual Fund
104240;Taurus Liquid Fund-Dividend;INF044D01542;INF044D01559;10.0025;10.0025;10.0025;17-Jun-2007
104241;Taurus Liquid Fund-Growth;INF044D01575;;10.5243;10.5243;10.5243;17-Jun-2007

UTI Mutual Fund
102010;UTI Liquid Fund - Regular Plan - Daily IDCW (Reinvestment);;INF789F01PG3;1019.4457;1019.4457;1019.4457;17-Jun-2007
102011;UTI Liquid Fund - Regular Plan - Monthly IDCW;INF789F01PI9;INF789F01PJ7;1027.5775;1027.5775;1027.5775;17-Jun-2007
102013;UTI Liquid Fund - Regular Plan - Weekly IDCW;;INF789F01PK5;1022.8237;1022.8237;1022.8237;17-Jun-2007
102012;UTI-  Liquid Cash Plan - Regular Plan - Growth Option;INF789F01PH1;;1254.5786;1254.5786;1254.5786;17-Jun-2007
102008;UTI-  Liquid Cash Plan- Discontinued - Regular Plan - Monthly Dividend Option;INF789F01BC2;INF789F01BA6;1037.3216;1037.3216;1037.3216;17-Jun-2007
102009;UTI-  Liquid Cash Plan- Discontinued - Regular Plan -Growth;INF789F01BB4;;1246.2357;1246.2357;1246.2357;17-Jun-2007
102007;UTI-  Liquid Cash Plan- Discontinued -Regular Plan Periodic Dividend Option;;INF789F01AZ5;1023.4301;1023.4301;1023.4301;17-Jun-2007

Open Ended Schemes ( Debt Scheme - Ultra Short Duration Fund )


JM Financial Mutual Fund
104270;JM Money Manager Fund - Super Plan - Dividend option - Daily dividend;;;10.0000;10.0000;10.0000;17-Jun-2007
104269;JM Money Manager Fund - Super Plan - Growth Plan;;;10.5387;10.5387;10.5387;17-Jun-2007
104268;JM Money Manager Fund - Super Plus Plan - Dividend option - Daily dividend;;;10.0000;10.0000;10.0000;17-Jun-2007
104267;JM Money Manager Fund - Super Plus Plan - Growth option;;;10.6085;10.6085;10.6085;17-Jun-2007
104272;JM Ultra Short Duration Fund - Daily Dividend;;INF192K01AN8;10.0000;10.0000;10.0000;17-Jun-2007
104271;JM Ultra Short Duration Fund - Growth option;INF192K01AQ1;;10.5332;10.5332;10.5332;17-Jun-2007

SBI Mutual Fund
105080;SBI Ultra Short Duration Fund - Regular Plan - Daily Income Distribution cum Capital Withdrawal Option (IDCW);;INF200K01LK2;16.7503;16.7503;16.7503;17-Jun-2007
100641;SBI ULTRA SHORT DURATION FUND - REGULAR PLAN - GROWTH;INF200K01LJ4;;17.1071;17.1071;17.1071;17-Jun-2007
103884;SBI Ultra Short Duration Fund - Regular Plan - Weekly Income Distribution cum Capital Withdrawal Option (IDCW);INF200K01LM8;INF200K01LL0;10.6457;10.6457;10.6457;17-Jun-2007

UTI Mutual Fund
102532;UTI Ultra Short Duration Fund - Regular Plan - Growth Option;INF789F01570;;1216.3783;1216.3783;1216.3783;17-Jun-2007
102531;UTI Ultra Short Duration Fund - Regular Plan - Weekly IDCW (Reinvestment);;INF789F01562;1009.2433;1009.2433;1009.2433;17-Jun-2007

Open Ended Schemes ( Debt Scheme - Low Duration Fund )


Aditya Birla Sun Life Mutual Fund
103192;Aditya Birla Sun Life Low Duration Fund - Growth Plan;INF209K01LQ0;;18.7263;18.7263;18.7263;17-Jun-2007
103195;Aditya Birla Sun Life Low Duration Fund - Institutional Plan - Growth;INF209K01KE8;;12.7311;12.7311;12.7311;17-Jun-2007
103191;Aditya Birla Sun Life Low Duration Fund -INSTITUTIONAL - DAILY IDCW;;INF209K01KD0;10.0020;10.0020;10.0020;17-Jun-2007
103194;Aditya Birla Sun Life Low Duration Fund -Institutional - weekly  IDCW;;INF209K01KG3;10.0093;10.0093;10.0093;17-Jun-2007
103193;Aditya Birla Sun Life Low Duration Fund -REGULAR - WEEKLY IDCW;;INF209KA1LQ4;10.0090;10.0090;10.0090;17-Jun-2007

Canara Robeco Mutual Fund
104559;CANARA ROBECO SAVINGS FUND - REGULAR PLAN - DAILY IDCW (Reinvestment);;INF760K01803;10.2600;10.2600;10.2600;17-Jun-2007
102913;CANARA ROBECO SAVINGS FUND - REGULAR PLAN - GROWTH OPTION;INF760K01795;;11.6846;11.6846;11.6846;17-Jun-2007
102914;CANARA ROBECO SAVINGS FUND - REGULAR PLAN - IDCW (Payout/Reinvestment);INF760K01779;INF760K01787;11.2378;11.2378;11.2378;17-Jun-2007
102915;CANARA ROBECO SAVINGS FUND - REGULAR PLAN - WEEKLY IDCW (Payout/Reinvestment);INF760K01CB3;INF760K01811;10.2662;10.2662;10.2662;17-Jun-2007

Open Ended Schemes ( Debt Scheme - Money Market Fund )


Aditya Birla Sun Life Mutual Fund
101973;Aditya Birla Sun Life Money Manager Fund - Daily IDCW;;INF209K01SZ6;10.0086;10.0086;10.0086;17-Jun-2007
101976;Aditya Birla Sun Life Money Manager Fund - Growth;INF209K01RV7;;10.0783;10.0783;10.0783;17-Jun-2007
101972;Aditya Birla Sun Life Money Manager Fund - Retail - Daily IDCW;;INF209K01JZ5;10.0015;10.0015;10.0015;17-Jun-2007
101970;Aditya Birla Sun Life Money Manager Fund - RETAIL - WEEKLY IDCW;;INF209K01JY8;10.3776;10.3776;10.3776;17-Jun-2007
101971;Aditya Birla Sun Life Money Manager Fund - Retail Growth;INF209K01MJ3;;12.5409;12.5409;12.5409;17-Jun-2007
101974;Aditya Birla Sun Life Money Manager Fund - WEEKLY IDCW;;INF209K01SY9;10.0107;10.0107;10.0107;17-Jun-2007

Franklin Templeton Mutual Fund
101352;Templeton Floating Rate Income Fund-Short Term Plan-Dividend Option;;;10.0279;10.0279;10.0279;17-Jun-2007
101353;Templeton Floating Rate Income Fund-Short Term Plan-Growth Option;;;13.7326;13.7326;13.7326;17-Jun-2007
101355;Templeton Floating Rate Income Fund-Short Term Plan-Institutional Option - Dividend;;;10.0476;10.0476;10.0476;17-Jun-2007
101354;Templeton Floating Rate Income Fund-Short Term Plan-Institutional Option - Growth;;;11.2641;11.2641;11.2641;17-Jun-2007

HDFC Mutual Fund
101994;HDFC Money Market Fund - Daily IDCW Option;;INF179KB1IG6;10.6364;10.6364;10.6364;17-Jun-2007
101993;HDFC Money Market Fund - Growth Option;INF179KB1HR5;;15.9109;15.9109;15.9109;17-Jun-2007
101995;HDFC Money Market Fund - Weekly IDCW Option;INF179KB1IH4;INF179KB1II2;10.6283;10.6283;10.6283;17-Jun-2007

ICICI Prudential Mutual Fund
101221;ICICI Prudential Money Market Fund Retail Growth (erstwhile Cash Option);INF109K01TW3;; 12.9583 ; 12.9583 ; 12.9583 ;17-Jun-2007
103634;ICICI Prudential Money Market Fund Option - Daily IDCW;INF109K01TY9;; 10.0000 ; 10.0000 ; 10.0000 ;17-Jun-2007
103633;ICICI Prudential Money Market Fund Option - Growth;INF109K01TX1;; 10.9800 ; 10.9800 ; 10.9800 ;17-Jun-2007
103637;ICICI Prudential Money Market Fund Option - Monthly IDCW;INF109K01UC3;INF109K01UB5; 10.0196 ; 10.0196 ; 10.0196 ;17-Jun-2007
103635;ICICI Prudential Money Market Fund Option - Weekly IDCW;INF109K01TZ6;; 10.0087 ; 10.0087 ; 10.0087 ;17-Jun-2007
103636;ICICI Prudential Money Market Fund Option -Fortnightly IDCW;INF109K01UA7;; 10.0047 ; 10.0047 ; 10.0047 ;17-Jun-2007

Kotak Mahindra Mutual Fund
101893;Kotak Money Market Fund - (Growth);INF174K01NA6;;12.5137;12.5137;12.5137;17-Jun-2007
101892;Kotak Money market Fund - (Monthly Payout of Income Distribution cum capital withdrawal option);INF174K018O0;INF174K01NB4;10.0117;10.0117;10.0117;17-Jun-2007
101894;Kotak Money Market Fund - (Weekly Reinvestment of Income Distribution cum capital withdrawal option);INF174K01NC2;;10.0194;10.0194;10.0194;17-Jun-2007

Nippon India Mutual Fund
103050;NIPPON INDIA MONEY MARKET FUND - DAILY IDCW Option;;INF204K01UY6;10.0031;10.0031;10.0031;17-Jun-2007
103052;NIPPON INDIA MONEY MARKET FUND - MONTHLY IDCW Option;INF204K01VB2;INF204K01VC0;10.7022;10.7022;10.7022;17-Jun-2007
103051;NIPPON INDIA MONEY MARKET FUND - WEEKLY IDCW Option;;INF204K01UZ3;10.0049;10.0049;10.0049;17-Jun-2007
103048;Nippon India Money Market Fund-Growth Plan-Growth Option;INF204K01VA4;;11.4441;11.4441;11.4441;17-Jun-2007

UTI Mutual Fund
100724;UTI MMF- Discontinued - Regular Plan - Flexi Dividend Option;;INF789F01BD0;17.7846;17.7846;17.7846;17-Jun-2007
100725;UTI MMF- Discontinued - Regular Plan - Periodic Dividend Option;INF789F01BE8;;17.6680;17.6680;17.6680;17-Jun-2007
100723;UTI MMF-Discontinued - Regular Plan -Growth;INF789F01BF5;;21.4260;21.4260;21.4260;17-Jun-2007

Open Ended Schemes ( Debt Scheme - Credit Risk Fund )


DSP Mutual Fund
101839;DSP Credit Risk Fund - Regular Plan - IDCW;INF740K01581;INF740K01AB9;10.2610;10.2610;10.2610;17-Jun-2007
101840;DSP Credit Risk Fund - Regular Plan - IDCW - Daily;;INF740KA1OA8;9.9788;9.9788;9.9788;17-Jun-2007
101838;DSP Credit Risk Fund - Regular Plan - IDCW - Weekly;INF740K01FR4;INF740K01FQ6;9.9906;9.9906;9.9906;17-Jun-2007
101837;DSP Credit Risk Fund - Regular Plan -Growth;INF740K01599;;12.3208;12.3208;12.3208;17-Jun-2007

Principal Mutual Fund
102729;Principal Credit Risk Fund - Regular Plan - Growth Option;INF173K01DM4;;11.9082;11.9082;11.9082;17-Jun-2007
102732;Principal Credit Risk Fund - Regular Plan - Monthly Dividend Option;INF173K01BJ4;INF173K01BK2;10.6445;10.6445;10.6445;17-Jun-2007
102726;Principal Floating Rate Fund - SMP-Daily Dividend;;;10.0007;10.0007;10.0007;17-Jun-2007
102725;Principal Floating Rate Fund - SMP-Growth;;;11.8635;11.8635;11.8635;17-Jun-2007
102730;Principal Floating Rate Fund - SMP-Insti. Daily Dividend;;;10.0007;10.0007;10.0007;17-Jun-2007
102731;Principal Floating Rate Fund - SMP-Insti. Weekly Dividend;;;10.0063;10.0063;10.0063;17-Jun-2007
102728;Principal Floating Rate Fund - SMP-Monthly Dividend;;;10.2977;10.2977;10.2977;17-Jun-2007
102727;Principal Floating Rate Fund - SMP-Weekly Dividend;;;10.0062;10.0062;10.0062;17-Jun-2007

Open Ended Schemes ( Debt Scheme - Floater Fund )


Franklin Templeton Mutual Fund
101048;Franklin India Floating Rate Fund - Growth Plan;INF090I01LM7;;13.8311;13.8311;13.8311;17-Jun-2007
101044;Franklin India Floating Rate Fund - IDCW ;INF090I01LN5;;10.0000;10.0000;10.0000;17-Jun-2007

HDFC Mutual Fund
101483;HDFC Floating Rate Debt Fund - Retail Daily Div Option;;INF179K01640;10.0809;10.0809;10.0809;17-Jun-2007
101481;HDFC Floating Rate Debt Fund - Retail Growth Option;INF179K01632;;12.8212;12.8212;12.8212;17-Jun-2007
101484;HDFC Floating Rate Debt Fund - Retail Monthly Div option;INF179K01657;INF179K01665;10.1819;10.1819;10.1819;17-Jun-2007
101482;HDFC Floating Rate Debt Fund - Retail Weekly Div Option;INF179K01681;INF179K01673;10.1457;10.1457;10.1457;17-Jun-2007

Nippon India Mutual Fund
102676;NIPPON INDIA FLOATER FUND - DAILY IDCW REINVESTMENT Option;;INF204K01CI7;10.0697;10.0697;10.0697;17-Jun-2007
102673;Nippon India Floater Fund - Growth Plan-Growth Option;INF204K01CG1;;11.9078;11.9078;11.9078;17-Jun-2007
102675;NIPPON INDIA FLOATER FUND - MONTHLY IDCW Option;INF204K01CH9;INF204K01CK3;10.1847;10.1847;10.1847;17-Jun-2007
102677;NIPPON INDIA FLOATER FUND - WEEKLY IDCW Option;INF204K01OQ5;INF204K01CJ5;10.0851;10.0851;10.0851;17-Jun-2007
