Scheme Code;Scheme Name;ISIN Div Payout/ISIN Growth;ISIN Div Reinvestment;Net Asset Value;Repurchase Price;Sale Price;Date

Open Ended Schemes ( Debt Scheme - Overnight Fund )


360 ONE Mutual Fund
153703;360 ONE Overnight Fund - Direct Plan - Growth;INF579M01BG4;;1024.7002;;;21-Dec-2025
153700;360 ONE Overnight Fund - Regular Plan - Growth;INF579M01BD1;;1024.3294;;;21-Dec-2025
153702;360 ONE Overnight Fund - Regular Plan - IDCW;INF579M01BE9;INF579M01BF6;1024.3294;;;21-Dec-2025
153701;360 ONE Overnight Fund- Direct Plan - IDCW;INF579M01BH2;INF579M01BI0;1024.7002;;;21-Dec-2025

Aditya Birla Sun Life Mutual Fund
145488;ADITYA BIRLA SUN LIFE OVERNIGHT FUND-  Direct - Monthly Payout of IDCW;INF209KB1ZL4;;1003.2856;;;21-Dec-2025
145489;ADITYA BIRLA SUN LIFE OVERNIGHT FUND-  Direct - Weekly Reinvestment of IDCW;;INF209KB1ZJ8;1000.3227;;;21-Dec-2025
145482;ADITYA BIRLA SUN LIFE OVERNIGHT FUND-  Regular - Weekly Reinvestment of IDCW option;;INF209KB1ZE9;1000.3063;;;21-Dec-2025
145487;ADITYA BIRLA SUN LIFE OVERNIGHT FUND- Direct - Daily Reinvestment of IDCW;;INF209KB1ZI0;1000.02;;;21-Dec-2025
145483;ADITYA BIRLA SUN LIFE OVERNIGHT FUND- Regular - Daily Reinvestment of IDCW;;INF209KB1ZD1;1000.02;;;21-Dec-2025
145485;ADITYA BIRLA SUN LIFE OVERNIGHT FUND- Regular- Monthly Payout of IDCW option;INF209KB1ZG4;;1003.2161;;;21-Dec-2025
145486;ADITYA BIRLA SUN LIFE OVERNIGHT FUND-DIRECT PLAN-GROWTH;INF209KB1ZH2;;1436.5109;;;21-Dec-2025
145481;ADITYA BIRLA SUNLIFE OVERNIGHT FUND-REGULAR PLAN-GROWTH;INF209KB1ZC3;;1424.7906;;;21-Dec-2025

Axis Mutual Fund
146679;Axis Overnight Fund - Direct Plan - Daily IDCW;;INF846K01N99;1000.5073;;;21-Dec-2025
146675;Axis Overnight Fund - Direct Plan - Growth Option;INF846K01N65;;1405.7357;;;21-Dec-2025
146677;Axis Overnight Fund - Direct Plan - Monthly IDCW;INF846K01N73;INF846K01N81;1004.5730;;;21-Dec-2025
146676;Axis Overnight Fund - Direct Plan - Weekly IDCW;INF846K01N40;INF846K01N57;1001.5705;;;21-Dec-2025
146682;Axis Overnight Fund - Regular Plan - Daily IDCW;;INF846K01O56;1000.5032;;;21-Dec-2025
146678;Axis Overnight Fund - Regular Plan - Growth Option;INF846K01O23;;1400.6872;;;21-Dec-2025
146681;Axis Overnight Fund - Regular Plan - Monthly IDCW;INF846K01O31;INF846K01O49;1004.5348;;;21-Dec-2025
146680;Axis Overnight Fund - Regular Plan - Weekly IDCW;INF846K01O07;INF846K01O15;1001.5330;;;21-Dec-2025

Bajaj Finserv Mutual Fund
153437;Bajaj Finserv Overnight Fund - Direct - Unclaimed less than 3 years IDCW Plan;INF0QA701AE3;;1035.2586;;;21-Dec-2025
153438;Bajaj Finserv Overnight Fund - Direct - Unclaimed less than 3 years Redemption Plan;INF0QA701AF0;;1041.9422;;;21-Dec-2025
151843;Bajaj Finserv Overnight Fund - Direct Plan - Daily - IDCW;;INF0QA701185;1033.1412;;;21-Dec-2025
151850;Bajaj Finserv Overnight Fund - Direct Plan - Fortnightly - IDCW;INF0QA701235;INF0QA701201;1034.0438;;;21-Dec-2025
151849;Bajaj Finserv Overnight Fund - Direct Plan - Growth;INF0QA701177;;1165.2756;;;21-Dec-2025
151845;Bajaj Finserv Overnight Fund - Direct Plan - Monthly - IDCW;INF0QA701243;INF0QA701219;1034.0553;;;21-Dec-2025
151844;Bajaj Finserv Overnight Fund - Direct Plan - Weekly - IDCW;INF0QA701227;INF0QA701193;1034.0447;;;21-Dec-2025
151852;Bajaj Finserv Overnight Fund - Regular Plan - Daily - IDCW;;INF0QA701292;1032.8859;;;21-Dec-2025
151847;Bajaj Finserv Overnight Fund - Regular Plan - Fortnightly - IDCW;INF0QA701318;INF0QA701276;1033.8022;;;21-Dec-2025
151851;Bajaj Finserv Overnight Fund - Regular Plan - Growth;INF0QA701250;;1163.8406;;;21-Dec-2025
151848;Bajaj Finserv Overnight Fund - Regular Plan - Monthly - IDCW;INF0QA701326;INF0QA701284;1033.7930;;;21-Dec-2025
151846;Bajaj Finserv Overnight Fund - Regular Plan - Weekly - IDCW;INF0QA701300;INF0QA701268;1033.7800;;;21-Dec-2025

Bandhan Mutual Fund
146190;BANDHAN Overnight Fund - Direct Plan - Daily IDCW;INF194KB1462;INF194KB1470;1000.0073;;;21-Dec-2025
146191;BANDHAN Overnight Fund - Direct Plan - Growth;INF194KB1447;;1416.5275;;;21-Dec-2025
146183;BANDHAN Overnight Fund - Direct Plan - Monthly IDCW;INF194KB1496;INF194KB1504;1003.4457;;;21-Dec-2025
146184;BANDHAN Overnight Fund - Direct Plan - Periodic IDCW;INF194KB1520;INF194KB1538;1290.7782;;;21-Dec-2025
146192;BANDHAN Overnight Fund - Direct Plan - Weekly IDCW;INF194KB1553;INF194KB1561;1000.2972;;;21-Dec-2025
146188;BANDHAN Overnight Fund - Regular Plan - Daily IDCW;INF194KB1330;INF194KB1348;1000.0073;;;21-Dec-2025
146187;BANDHAN Overnight Fund - Regular Plan - Growth;INF194KB1314;;1405.9613;;;21-Dec-2025
146185;BANDHAN Overnight Fund - Regular Plan - Monthly IDCW;INF194KB1363;INF194KB1371;1003.3668;;;21-Dec-2025
146189;BANDHAN Overnight Fund - Regular Plan - Weekly IDCW;INF194KB1421;INF194KB1439;1001.2187;;;21-Dec-2025
146186;BANDHAN Overnight Fund - REGULAR PLAN PERIODIC IDCW;INF194KB1397;INF194KB1405;1286.4681;;;21-Dec-2025

Bank of India Mutual Fund
147951;BANK OF INDIA Overnight Fund Direct Plan Growth;INF761K01EU7;;1348.6793;;;21-Dec-2025
147952;BANK OF INDIA Overnight Fund Direct Plan- Daily IDCW;;INF761K01EV5;1000.0000;;;21-Dec-2025
147948;BANK OF INDIA Overnight Fund Direct Plan- Monthly IDCW;INF761K01EY9;INF761K01EX1;1003.6437;;;21-Dec-2025
147936;BANK OF INDIA Overnight Fund Regular Plan Growth;INF761K01EZ6;;1344.8178;;;21-Dec-2025
147953;BANK OF INDIA Overnight Fund Regular Plan- Daily IDCW;;INF761K01FA6;1000.0000;;;21-Dec-2025
147949;BANK OF INDIA Overnight Fund Regular Plan- Monthly IDCW;INF761K01FD0;INF761K01FC2;1003.6212;;;21-Dec-2025
149412;BANK OF INDIA Overnight Fund Unclaimed IDCW Plan - Greater than 3 Years;;;1000.0000;;;21-Dec-2025
149414;BANK OF INDIA Overnight Fund Unclaimed IDCW Plan - Up to 3 Years;;;1268.0608;;;21-Dec-2025
149415;BANK OF INDIA Overnight Fund Unclaimed Redemption Plan - Greater than 3 Years;;;1000.0000;;;21-Dec-2025
149413;BANK OF INDIA Overnight Fund Unclaimed Redemption Plan - Upto 3 Years;;;1268.3669;;;21-Dec-2025

Baroda BNP Paribas Mutual Fund
147197;Baroda BNP Paribas Overnight Fund - Direct Plan - Daily IDCW;;INF955L01HW2;1000.0028;;;21-Dec-2025
147196;Baroda BNP Paribas Overnight Fund - Direct Plan - Growth;INF955L01HV4;;1395.0306;;;21-Dec-2025
147195;Baroda BNP Paribas Overnight Fund - Direct Plan - Weekly IDCW;;INF955L01HX0;1000.8321;;;21-Dec-2025
149988;Baroda BNP Paribas Overnight Fund - Plan C - Unclaimed IDCW - Greater than 3 years;;;1000.0000;;;21-Dec-2025
149991;Baroda BNP Paribas Overnight Fund - Plan C - Unclaimed IDCW - Up to 3 years;;;1251.6594;;;21-Dec-2025
149990;Baroda BNP Paribas Overnight Fund - Plan C - Unclaimed Redemption - Greater than 3 years;;;1000.0000;;;21-Dec-2025
149989;Baroda BNP Paribas Overnight Fund - Plan C - Unclaimed Redemption - Up to 3 years;;;1251.6302;;;21-Dec-2025
147194;Baroda BNP Paribas Overnight Fund - Regular Plan - Daily IDCW;;INF955L01HT8;1000.0018;;;21-Dec-2025
147193;Baroda BNP Paribas Overnight Fund - Regular Plan - Growth;INF955L01HS0;;1388.9181;;;21-Dec-2025
147198;Baroda BNP Paribas Overnight Fund - Regular Plan - Weekly IDCW;;INF955L01HU6;1001.3030;;;21-Dec-2025

Canara Robeco Mutual Fund
147532;CANARA ROBECO OVERNIGHT FUND - DIRECT PLAN - DAILY IDCW (Reinvestment);;INF760K01JN3;1001.0012;;;21-Dec-2025
147531;CANARA ROBECO OVERNIGHT FUND - DIRECT PLAN - GROWTH OPTION;INF760K01JM5;;1371.4040;;;21-Dec-2025
147533;CANARA ROBECO OVERNIGHT FUND - REGULAR PLAN - DAILY IDCW (Reinvestment);;INF760K01JP8;1001.0000;;;21-Dec-2025
147534;CANARA ROBECO OVERNIGHT FUND - REGULAR PLAN - GROWTH OPTION;INF760K01JO1;;1369.9880;;;21-Dec-2025

DSP Mutual Fund
146062;DSP Overnight Fund - Direct Plan - Growth;INF740KA1MC8;;1422.6557;;;21-Dec-2025
146065;DSP Overnight Fund - Direct Plan - IDCW - Daily;;INF740KA1OR2;1000.0099;;;21-Dec-2025
146061;DSP Overnight Fund - Regular Plan - Growth;INF740KA1MB0;;1414.7253;;;21-Dec-2025
146066;DSP Overnight Fund - Regular Plan - IDCW - Daily;;INF740KA1OU6;1000.0099;;;21-Dec-2025
146063;DSP Overnight Fund - Regular Plan - IDCW - Weekly;INF740KA1OV4;INF740KA1OW2;1000.7074;;;21-Dec-2025
149313;Unclaimed IDCW - Beyond 3 years (Invested in DSP Overnight Fund);;;10;;;21-Dec-2025
149312;Unclaimed IDCW - Upto 3 years (Invested in DSP Overnight Fund);;;12.6727;;;21-Dec-2025
149311;Unclaimed Redemption - Beyond 3 years (Invested in DSP Overnight Fund);;;10;;;21-Dec-2025
149310;Unclaimed Redemption - Upto 3 years (Invested in DSP Overnight Fund);;;12.6726;;;21-Dec-2025

Edelweiss Mutual Fund
147551;Edelweiss Overnight Fund - Direct Plan - Annual - IDCW Option;INF754K01KD5;INF754K01KC7;1374.48;;;21-Dec-2025
147557;Edelweiss Overnight Fund - Direct Plan - Daily - IDCW Option;;INF754K01JW7;1000.1822;;;21-Dec-2025
147550;Edelweiss Overnight Fund - Direct Plan - Fortnightly - IDCW Option;INF754K01JZ0;INF754K01JY3;1372.1105;;;21-Dec-2025
147570;Edelweiss Overnight Fund - Direct Plan - Growth;INF754K01JV9;;1374.0168;;;21-Dec-2025
147554;Edelweiss Overnight Fund - Direct Plan - Monthly - IDCW Option;INF754K01KB9;INF754K01KA1;1061.3938;;;21-Dec-2025
147556;Edelweiss Overnight Fund - Regular Plan - Annual - IDCW Option;INF754K01KM6;INF754K01KL8;1369.1744;;;21-Dec-2025
147552;Edelweiss Overnight Fund - Regular Plan - Daily - IDCW Option;;INF754K01KF0;1008.3563;;;21-Dec-2025
147549;Edelweiss Overnight Fund - Regular Plan - Fortnightly - IDCW Option;INF754K01KI4;INF754K01KH6;1096.2214;;;21-Dec-2025
147569;Edelweiss Overnight Fund - Regular Plan - Growth;INF754K01KE3;;1369.1669;;;21-Dec-2025
147555;Edelweiss Overnight Fund - Regular Plan - Monthly - IDCW Option;INF754K01KK0;INF754K01KJ2;1008.0703;;;21-Dec-2025
147553;Edelweiss Overnight Fund - Regular Plan - Weekly - IDCW Option;;INF754K01KG8;1017.2585;;;21-Dec-2025
149476;Edelweiss Overnight Fund - Unclaimed IDCW Plan - Above 3 years;;;1000;;;21-Dec-2025
149477;Edelweiss Overnight Fund - Unclaimed IDCW Plan - Upto 3 years;;;1257.1513;;;21-Dec-2025
149479;Edelweiss Overnight Fund - Unclaimed Redemption Plan - Above 3 years;;;1000;;;21-Dec-2025
149478;Edelweiss Overnight Fund - Unclaimed Redemption Plan - Upto 3 years;;;1257.1497;;;21-Dec-2025

Franklin Templeton Mutual Fund
147215;Franklin India Overnight Fund - Daily Dividend Plan - Daily - IDCW;;INF090I01SM2;1000.0001;;;21-Dec-2025
147212;Franklin India Overnight Fund - Direct Daily Dividend Plan - Daily - IDCW;;INF090I01ST7;1000.0008;;;21-Dec-2025
147211;Franklin India Overnight Fund - Direct Weekly Dividend Plan - Weekly - IDCW;INF090I01SR1;INF090I01SQ3;1000.0026;;;21-Dec-2025
147216;Franklin India Overnight Fund - Weekly Dividend Plan - Weekly - IDCW;INF090I01SN0;INF090I01SP5;1000.0066;;;21-Dec-2025
147213;Franklin India Overnight fund- Growth;INF090I01SO8;;1380.5175;;;21-Dec-2025
147214;Franklin India Overnight Fund- Growth - Direct;INF090I01SS9;;1385.0935;;;21-Dec-2025
149445;Franklin India Overnight Fund- Unclaimed IDCW Investor Education Plan;;;10.0000;;;21-Dec-2025
149443;Franklin India Overnight Fund- Unclaimed IDCW Plan;;;12.5713;;;21-Dec-2025
149444;Franklin India Overnight Fund- Unclaimed Redemption Investor EducationPlan;;;10.0000;;;21-Dec-2025
149446;Franklin India Overnight Fund- Unclaimed Redemption Plan;;;12.5713;;;21-Dec-2025

Groww Mutual Fund
147458;Groww Overnight Fund (formerly known as Indiabulls Overnight Fund)- Direct Plan- - Income Distribution cum capital withdrawal Option ( Reinvestment);;INF666M01GM6;1001.3239;;;21-Dec-2025
147452;Groww Overnight Fund (formerly known as Indiabulls Overnight Fund)- Direct Plan- Fortnightly - Income Distribution cum capital withdrawal Option (Payout & Reinvestment);INF666M01GP9;INF666M01GQ7;1216.6087;;;21-Dec-2025
147450;Groww Overnight Fund (formerly known as Indiabulls Overnight Fund)- Direct Plan- Growth Option;INF666M01GL8;;1368.8258;;;21-Dec-2025
147453;Groww Overnight Fund (formerly known as Indiabulls Overnight Fund)- Direct Plan- Monthly - Income Distribution cum capital withdrawal Option (Payout & Reinvestment);INF666M01GR5;INF666M01GS3;1004.1669;;;21-Dec-2025
147451;Groww Overnight Fund (formerly known as Indiabulls Overnight Fund)- Direct Plan- Weekly - Income Distribution cum capital withdrawal Option (Payout & Reinvestment);INF666M01GN4;INF666M01GO2;1002.9771;;;21-Dec-2025
147455;Groww Overnight Fund (formerly known as Indiabulls Overnight Fund)- Regular Plan- - Income Distribution cum capital withdrawal Option ( Reinvestment);;INF666M01GU9;1001.0407;;;21-Dec-2025
147457;Groww Overnight Fund (formerly known as Indiabulls Overnight Fund)- Regular Plan- Fortnightly - Income Distribution cum capital withdrawal Option (Payout & Reinvestment);INF666M01GX3;INF666M01GY1;1002.4538;;;21-Dec-2025
147454;Groww Overnight Fund (formerly known as Indiabulls Overnight Fund)- Regular Plan- Growth Option;INF666M01GT1;;1360.606;;;21-Dec-2025
147459;Groww Overnight Fund (formerly known as Indiabulls Overnight Fund)- Regular Plan- Monthly - Income Distribution cum capital withdrawal Option (Payout & Reinvestment);INF666M01GZ8;INF666M01HA9;1004.0919;;;21-Dec-2025
147456;Groww Overnight Fund (formerly known as Indiabulls Overnight Fund)- Regular Plan- Weekly - Income Distribution cum capital withdrawal Option (Payout & Reinvestment);INF666M01GV7;INF666M01GW5;1001.7707;;;21-Dec-2025
149394;Groww Overnight Fund (formerly known as Indiabulls Overnight Fund)- Unclaimed Dividend < 3 years;;;1265.5187;;;21-Dec-2025
149396;Groww Overnight Fund (formerly known as Indiabulls Overnight Fund)- Unclaimed Redemption < 3 Years;;;1254.6404;;;21-Dec-2025

HDFC Mutual Fund
119109;HDFC Overnight Fund - Daily IDCW Option - Direct Plan;;INF179KB1HY1;1042.66;;;21-Dec-2025
101996;HDFC Overnight Fund - Growth Option;INF179KB1HS3;;3898.265;;;21-Dec-2025
119110;HDFC Overnight Fund - Growth Option - Direct Plan;INF179KB1HT1;;3937.6829;;;21-Dec-2025
101997;HDFC Overnight Fund - IDCW Option (Daily);;INF179KB1IF8;1042.66;;;21-Dec-2025

Helios Mutual Fund
152151;Helios Overnight Fund - Direct Plan - Daily IDCW Option;INF0R8701087;;1000.0000;;;21-Dec-2025
152152;Helios Overnight Fund - Direct Plan - Growth Option;INF0R8701079;;1139.8390;;;21-Dec-2025
152154;Helios Overnight Fund - Regular Plan - Daily IDCW Option;INF0R8701103;;1000.0000;;;21-Dec-2025
152153;Helios Overnight Fund - Regular Plan - Growth Option;INF0R8701095;;1138.6069;;;21-Dec-2025

HSBC Mutual Fund
147291;HSBC Overnight Fund - Direct Daily IDCW;;INF336L01OG4;1000.0149;;;21-Dec-2025
147287;HSBC Overnight Fund - Direct Growth;INF336L01OF6;;1389.8952;;;21-Dec-2025
147300;HSBC Overnight Fund - Direct Monthly IDCW;INF336L01OK6;INF336L01OI0;1003.7097;;;21-Dec-2025
147296;HSBC Overnight Fund - Direct Weekly IDCW;INF336L01OJ8;INF336L01OH2;1000.7324;;;21-Dec-2025
147289;HSBC Overnight Fund - Regular Daily IDCW;;INF336L01OM2;1000.0149;;;21-Dec-2025
147290;HSBC Overnight Fund - Regular Growth;INF336L01OL4;;1378.3744;;;21-Dec-2025
147301;HSBC Overnight Fund - Regular Monthly IDCW;INF336L01OQ3;INF336L01OO8;1003.6538;;;21-Dec-2025
147288;HSBC Overnight Fund - Regular Weekly IDCW;INF336L01OP5;INF336L01ON0;1000.7469;;;21-Dec-2025
150501;HSBC Overnight Fund - Unclaimed IDCW Above three years;;;1000;;;21-Dec-2025
150499;HSBC Overnight Fund - Unclaimed IDCW Below three years;;;1233.5217;;;21-Dec-2025
150500;HSBC Overnight Fund - Unclaimed Redemption above three years;;;1000;;;21-Dec-2025
150502;HSBC Overnight Fund - Unclaimed Redemption Below three years;;;1233.5401;;;21-Dec-2025

ICICI Prudential Mutual Fund
145547;ICICI Prudential Overnight Fund - Daily IDCW;;INF109KC18E1;1000.005;;;21-Dec-2025
145537;ICICI Prudential Overnight Fund - Direct Plan - Daily IDCW;;INF109KC12G9;1000.005;;;21-Dec-2025
145536;ICICI Prudential Overnight Fund - Direct Plan - Growth;INF109KC11G1;;1431.1958;;;21-Dec-2025
149411;ICICI Prudential Overnight fund - Direct Plan - Unclaimed IDCW Stable Scheme;INF109KC18H4;;1000;;;21-Dec-2025
149408;ICICI Prudential Overnight fund - Direct Plan - Unclaimed IDCW Transitory Scheme;INF109KC16H8;;1262.7652;;;21-Dec-2025
149409;ICICI Prudential Overnight fund - Direct Plan - Unclaimed Redemption Stable Scheme;INF109KC17H6;;1000;;;21-Dec-2025
149410;ICICI Prudential Overnight fund - Direct Plan - Unclaimed Redemption Transitory Scheme;INF109KC15H0;;1262.7815;;;21-Dec-2025
145539;ICICI Prudential Overnight Fund - Direct Plan - Weekly IDCW;INF109KC16G0;INF109KC15G2;1000.8712;;;21-Dec-2025
145535;ICICI Prudential Overnight Fund - Growth;INF109KC17E3;;1422.725;;;21-Dec-2025
145538;ICICI Prudential Overnight Fund - Weekly IDCW;INF109KC12F1;INF109KC11F3;1000.8598;;;21-Dec-2025

Invesco Mutual Fund
147884;Invesco India Overnight Fund - Direct Plan - Daily IDCW (Reinvestment);;INF205KA1122;1000.5303;;;21-Dec-2025
147883;Invesco India Overnight Fund - Direct Plan - Growth;INF205KA1163;;1341.9194;;;21-Dec-2025
147886;Invesco India Overnight Fund - Direct Plan - Monthly IDCW (Payout / Reinvestment);INF205KA1155;INF205KA1148;1003.4737;;;21-Dec-2025
147880;Invesco India Overnight Fund - Regular Plan - Daily IDCW (Reinvestment);;INF205KA1072;1000.1395;;;21-Dec-2025
147878;Invesco India Overnight Fund - Regular Plan - Growth;INF205KA1114;;1337.4079;;;21-Dec-2025
147879;Invesco India Overnight Fund - Regular Plan - Monthly IDCW (Payout / Reinvestment);INF205KA1106;INF205KA1098;1003.5874;;;21-Dec-2025
147881;Invesco India Overnight Fund - Regular Plan - Weekly IDCW (Reinvestment);;INF205KA1080;1001.0802;;;21-Dec-2025

ITI Mutual Fund
147713;ITI Overnight Fund - Direct Plan - Growth Option;INF00XX01564;;1345.3763;;;21-Dec-2025
147717;ITI Overnight Fund - Direct Plan - Monthly IDCW Option;INF00XX01630;INF00XX01606;1004.4368;;;21-Dec-2025
147709;ITI Overnight Fund - Regular Plan - Daily IDCW Option;;INF00XX01481;1000.9998;;;21-Dec-2025
147716;ITI Overnight Fund - Regular Plan - Fortnightly IDCW Option;INF00XX01531;INF00XX01507;1002.3684;;;21-Dec-2025
147714;ITI Overnight Fund - Regular Plan - Growth Option;INF00XX01473;;1336.9953;;;21-Dec-2025
147718;ITI Overnight Fund - Regular Plan - Monthly IDCW Option;INF00XX01549;INF00XX01515;1001.0714;;;21-Dec-2025
147712;ITI Overnight Fund - Regular Plan - Weekly IDCW Option;;INF00XX01499;1001.7288;;;21-Dec-2025

Jio BlackRock Mutual Fund
153650;JioBlackRock Overnight Fund - Direct Plan - Growth Option;INF22M001036;;1025.4787;;;21-Dec-2025
154070;JioBlackRock Overnight Fund - Unclaimed Redemption - Upto 3 years - Growth Option;;;1002.6658;;;21-Dec-2025

JM Financial Mutual Fund
147838;JM Overnight Fund (Direct) - Daily IDCW;;INF192K01LY2;1000;;;21-Dec-2025
147835;JM Overnight Fund (Direct) - Weekly IDCW;INF192K01LZ9;INF192K01MA0;1000.6882;;;21-Dec-2025
147839;JM Overnight Fund (Regular) - Daily IDCW;;INF192K01LU0;1000;;;21-Dec-2025
147836;JM Overnight Fund (Regular) - Growth;INF192K01LX4;;1341.181;;;21-Dec-2025
147834;JM Overnight Fund (Regular) - Weekly IDCW;INF192K01LV8;INF192K01LW6;1000.6843;;;21-Dec-2025
147837;JM Overnight Fund - (Direct) - Growth;INF192K01MB8;;1346.8577;;;21-Dec-2025
149828;JM Overnight Fund - (Direct) - Unclaimed IDCW - Growth Plan;;;1353.1641;;;21-Dec-2025
149827;JM Overnight Fund - (Direct) - Unclaimed IDCW I.E.F. - Growth Plan;;;1073.9936;;;21-Dec-2025
149829;JM Overnight Fund - (Direct) - Unclaimed Redemption - Growth Plan;;;1346.8772;;;21-Dec-2025
149826;JM Overnight Fund - (Direct) - Unclaimed Redemption I.E.F. - Growth Plan;;;1073.9936;;;21-Dec-2025

Kotak Mahindra Mutual Fund
146141;Kotak Overnight Fund -Direct Plan-Growth Option;INF174KA1BF9;;1416.9262;;;21-Dec-2025
146142;Kotak Overnight Fund -Regular plan-Growth Option;INF174KA1BC6;;1408.0099;;;21-Dec-2025
146140;Kotak Overnight Fund-Direct Plan- Daily Reinvestment of Income Distribution cum capital withdrawal option;;INF174KA1BE2;1003.6055;;;21-Dec-2025
146138;Kotak Overnight Fund-Regular Plan- Daily Reinvestment of Income Distribution cum capital withdrawal option;;INF174KA1BB8;1004.7568;;;21-Dec-2025

LIC Mutual Fund
147516;LIC MF Overnight Fund-Direct Plan-Daily IDCW;;INF767K01QG7;1089.5945;;;21-Dec-2025
147515;LIC MF Overnight Fund-Direct Plan-Growth;INF767K01QI3;;1376.7711;;;21-Dec-2025
147513;LIC MF Overnight Fund-Direct Plan-IDCW;INF767K01QE2;INF767K01QF9;1376.9091;;;21-Dec-2025
147514;LIC MF Overnight Fund-Direct Plan-Weekly IDCW;;INF767K01QH5;1073.3691;;;21-Dec-2025
147517;LIC MF Overnight Fund-Regular Plan-Daily IDCW;;INF767K01QB8;1088.3276;;;21-Dec-2025
147519;LIC MF Overnight Fund-Regular Plan-Growth;INF767K01QD4;;1365.7286;;;21-Dec-2025
147512;LIC MF Overnight Fund-Regular Plan-IDCW;INF767K01PZ9;INF767K01QA0;1208.0843;;;21-Dec-2025
147518;LIC MF Overnight Fund-Regular Plan-Weekly IDCW;;INF767K01QC6;1180.1279;;;21-Dec-2025

Mahindra Manulife Mutual Fund
147563;Mahindra Manulife Overnight Fund - Direct Plan - Daily IDCW;;INF174V01846;1378.2181;;;21-Dec-2025
147564;Mahindra Manulife Overnight Fund - Direct Plan -Growth;INF174V01838;;1374.8364;;;21-Dec-2025
147566;Mahindra Manulife Overnight Fund - Regular Plan - Daily IDCW;;INF174V01820;1211.3846;;;21-Dec-2025
147565;Mahindra Manulife Overnight Fund - Regular Plan - Growth;INF174V01812;;1365.9372;;;21-Dec-2025
149471;Mahindra Manulife Overnight Fund - Unclaimed Redemption/IDCW beyond 3 years;;;1000.0000;;;21-Dec-2025
149470;Mahindra Manulife Overnight Fund - Unclaimed Redemption/IDCW upto 3 years;;;1260.7808;;;21-Dec-2025

Mirae Asset Mutual Fund
147737;Mirae Asset Overnight Fund Direct Daily IDCW;;INF769K01FJ0;1000.0019;;;21-Dec-2025
147738;Mirae Asset Overnight Fund Direct Monthly IDCW;INF769K01FF8;INF769K01FI2;1003.8764;;;21-Dec-2025
147736;Mirae Asset Overnight Fund Direct Plan Growth;INF769K01FG6;;1362.1304;;;21-Dec-2025
147740;Mirae Asset Overnight Fund Direct Weekly IDCW;;INF769K01FK8;1000.5826;;;21-Dec-2025
147743;Mirae Asset Overnight Fund Regular Daily  IDCW ;;INF769K01FL6;1000.0106;;;21-Dec-2025
147742;Mirae Asset Overnight Fund Regular Monthly IDCW;INF769K01FD3;INF769K01FH4;1003.8352;;;21-Dec-2025
147739;Mirae Asset Overnight Fund Regular Plan Growth;INF769K01FE1;;1354.4543;;;21-Dec-2025
147741;Mirae Asset Overnight Fund Regular Weekly IDCW;;INF769K01FM4;1000.5684;;;21-Dec-2025

Nippon India Mutual Fund
145830;NIPPON INDIA OVERNIGHT FUND - DAILY IDCW Option;;INF204KB1Q73;100.0050;;;21-Dec-2025
145812;NIPPON INDIA OVERNIGHT FUND - DIRECT Plan - DAILY IDCW Option;;INF204KB1R49;100.0050;;;21-Dec-2025
145810;Nippon India Overnight Fund - Direct Plan - Growth Option;INF204KB1R31;;142.6725;;;21-Dec-2025
145824;NIPPON INDIA OVERNIGHT FUND - DIRECT Plan - MONTHLY IDCW Option;INF204KB1R64;INF204KB1R72;100.4941;;;21-Dec-2025
145825;NIPPON INDIA OVERNIGHT FUND - DIRECT Plan - QUARTERLY IDCW Option;INF204KB1R80;INF204KB1R98;100.3122;;;21-Dec-2025
145823;NIPPON INDIA OVERNIGHT FUND - DIRECT Plan - WEEKLY IDCW Option;;INF204KB1R56;100.0340;;;21-Dec-2025
145827;NIPPON INDIA OVERNIGHT FUND - MONTHLY IDCW Option;INF204KB1Q99;INF204KB1R07;100.4796;;;21-Dec-2025
145833;NIPPON INDIA OVERNIGHT FUND - QUARTERLY IDCW Option;INF204KB1R15;INF204KB1R23;100.3093;;;21-Dec-2025
145811;Nippon India Overnight Fund - Regular Plan - Growth Option;INF204KB1Q65;;141.7499;;;21-Dec-2025
145826;NIPPON INDIA OVERNIGHT FUND - WEEKLY IDCW Option;;INF204KB1Q81;100.0336;;;21-Dec-2025

NJ Mutual Fund
150369;NJ Overnight Fund - Direct Plan - Growth Option;INF0J8L01081;;1229.4866;;;21-Dec-2025
150368;NJ Overnight Fund - Regular Plan - Growth Option;INF0J8L01073;;1225.2948;;;21-Dec-2025
152116;NJ Overnight Fund - Unclaimed Redemption Plan - Upto 3 Years;;;1068.1501;;;21-Dec-2025

PGIM India Mutual Fund
147605;PGIM India Overnight Fund - Direct Plan - Daily Dividend Option;;INF663L01T35;1000.0086;;;21-Dec-2025
147606;PGIM India Overnight Fund - Direct Plan - Growth Option;INF663L01T01;;1370.0838;;;21-Dec-2025
147608;PGIM India Overnight Fund - Direct Plan - Weekly Dividend Option;INF663L01T19;INF663L01T27;1000.4857;;;21-Dec-2025
147609;PGIM India Overnight Fund - Regular Plan - Daily Dividend Option;;INF663L01T76;1000;;;21-Dec-2025
147607;PGIM India Overnight Fund - Regular Plan - Weekly Dividend Option;INF663L01T50;INF663L01T68;1007.4902;;;21-Dec-2025
147600;PGIM India Overnight Fund - Regular Plan- Growth Option;INF663L01T43;;1364.1255;;;21-Dec-2025

quant Mutual Fund
151190;quant Overnight Fund - Growth Option - Direct Plan;INF966L01AZ7;;12.1485;;;21-Dec-2025
151195;quant Overnight Fund - Growth Option - Regular Plan;INF966L01BC4;;12.1101;;;21-Dec-2025
151193;quant Overnight Fund - IDCW Option - Direct Plan;INF966L01BA8;INF966L01BB6;12.1526;;;21-Dec-2025
151191;quant Overnight Fund - IDCW Option - Regular Plan;INF966L01BD2;INF966L01BE0;12.0981;;;21-Dec-2025
154083;quant Overnight Fund - Unclaimed IDCW Greater than 3 years;;;10;;;21-Dec-2025
154086;quant Overnight Fund - Unclaimed IDCW Less than 3 years;;;10.0081;;;21-Dec-2025
154085;quant Overnight Fund - Unclaimed Redemption Greater than 3 years;;;10;;;21-Dec-2025
154084;quant Overnight Fund - Unclaimed Redemption Less than 3 years;;;10.0081;;;21-Dec-2025

Samco Mutual Fund
150631;Samco Overnight Fund - Direct Plan - Growth Option;INF0K1H01040;;1214.2435;;;21-Dec-2025
150632;Samco Overnight Fund - Regular Plan - Growth Option;INF0K1H01032;;1205.8558;;;21-Dec-2025
153021;Samco Overnight Fund - Unclaimed Redemption Upto 3 years;;;1062.3400;;;21-Dec-2025

SBI Mutual Fund
119831;SBI Overnight Fund - Direct Plan - Daily Income Distribution cum Capital Withdrawal Option (IDCW);;INF200K01TJ7;1340.6911;;;21-Dec-2025
119833;SBI OVERNIGHT FUND - DIRECT PLAN - GROWTH;INF200K01TK5;;4319.4052;;;21-Dec-2025
119832;SBI Overnight Fund - Direct Plan - Weekly Income Distribution cum Capital Withdrawal Option (IDCW);INF200K01TL3;INF200K01TM1;1369.0372;;;21-Dec-2025
114297;SBI Overnight Fund - Regular Plan - Daily Income Distribution cum Capital Withdrawal Option (IDCW);;INF200K01LN6;1334.9131;;;21-Dec-2025
101206;SBI OVERNIGHT FUND - REGULAR PLAN - GROWTH;INF200K01LQ9;;4262.2073;;;21-Dec-2025
103140;SBI Overnight Fund - Regular Plan - Weekly Income Distribution cum Capital Withdrawal Option (IDCW);INF200K01LO4;INF200K01LP1;1363.0379;;;21-Dec-2025

Shriram Mutual Fund
150562;Shriram Overnight Fund -  Direct Growth;INF680P01323;;12.2651;;;21-Dec-2025
150561;Shriram Overnight Fund - Direct Daily IDCW;;INF680P01331;10.0001;;;21-Dec-2025
150567;Shriram Overnight Fund - Direct Monthly IDCW;INF680P01380;INF680P01398;10.0086;;;21-Dec-2025
150558;Shriram Overnight Fund - Regular Daily IDCW;;INF680P01257;10;;;21-Dec-2025
150565;Shriram Overnight Fund - Regular Growth;INF680P01232;;12.2308;;;21-Dec-2025
150560;Shriram Overnight Fund - Regular Monthly IDCW;INF680P01307;INF680P01315;10.0087;;;21-Dec-2025

Sundaram Mutual Fund
146963;Sundaram Overnight Fund Direct Plan - Growth;INF903JA1HG5;;1410.9803;;;21-Dec-2025
146962;Sundaram Overnight Fund Direct Plan - Monthly Payout of Income Distribution cum Capital Withdrawal (IDCW);INF903JA1HH3;;1019.7768;;;21-Dec-2025
146957;Sundaram Overnight Fund Direct Plan - Monthly Reinvestment of Income Distribution cum Capital Withdrawal (IDCW);INF903JA1HM3;;1019.7768;;;21-Dec-2025
146959;Sundaram Overnight Fund Regular Plan - Growth;INF903JA1GZ7;;1401.6458;;;21-Dec-2025
146960;Sundaram Overnight Fund Regular Plan - Monthly Payout of Income Distribution cum Capital Withdrawal (IDCW);INF903JA1HA8;;1015.2481;;;21-Dec-2025
146961;Sundaram Overnight Fund Regular Plan - Monthly Reinvestment of Income Distribution cum Capital Withdrawal (IDCW);INF903JA1HF7;;1015.2481;;;21-Dec-2025

Tata Mutual Fund
146978;TATA Overnight Fund Direct Plan - Daily Reinvestment of Income Distribution cum capital withdrawal option   ;;INF277K019T3;1000.0000;;;21-Dec-2025
146979;TATA Overnight Fund Regular Plan - Daily Reinvestment of Income Distribution cum capital withdrawal option   ;;INF277K017T7;1000.0001;;;21-Dec-2025
146980;Tata Overnight Fund-Direct Plan-Growth;INF277K018T5;;1401.9412;;;21-Dec-2025
146977;Tata Overnight Fund-Regular Plan-Growth;INF277K016T9;;1391.3469;;;21-Dec-2025

Trust Mutual Fund
149796;TRUST MF OVERNIGHT FUND-DIRECT PLAN-DAILY IDCW REINVESTMENT;;INF0GCD01461;1232.1388;;;21-Dec-2025
149797;TRUST MF OVERNIGHT FUND-DIRECT PLAN-GROWTH;INF0GCD01453;;1256.6218;;;21-Dec-2025
149798;TRUST MF OVERNIGHT FUND-REGULAR PLAN-DAILY IDCW REINVESTMENT;;INF0GCD01446;1231.7984;;;21-Dec-2025
149795;TRUST MF OVERNIGHT FUND-REGULAR-GROWTH;INF0GCD01438;;1254.1758;;;21-Dec-2025

Union Mutual Fund
147002;Union Overnight Fund - Direct Plan - Daily IDCW Option;;INF582M01FB0;1000.8004;;;21-Dec-2025
147003;Union Overnight Fund - Direct Plan - Growth Option;INF582M01FA2;;1398.0650;;;21-Dec-2025
147006;Union Overnight Fund - Direct Plan - Monthly IDCW Option;INF582M01FG9;INF582M01FE4;1004.3262;;;21-Dec-2025
146998;Union Overnight Fund - Regular Plan - Daily IDCW Option;;INF582M01FK1;1001.2621;;;21-Dec-2025
146997;Union Overnight Fund - Regular Plan - Growth Option;INF582M01FJ3;;1388.7882;;;21-Dec-2025
147000;Union Overnight Fund - Regular Plan - Monthly IDCW Option;INF582M01FP0;INF582M01FN5;1004.2555;;;21-Dec-2025
149451;Union Overnight Fund - Unclaimed Amounts Plan - IDCW Beyond 3 years;;;1000.0000;;;21-Dec-2025
149452;Union Overnight Fund - Unclaimed Amounts Plan - IDCW Upto 3 years;;;1259.6467;;;21-Dec-2025
149453;Union Overnight Fund - Unclaimed Amounts Plan - Redemption Beyond 3 years;;;1000.0000;;;21-Dec-2025
149454;Union Overnight Fund - Unclaimed Amounts Plan - Redemption Upto 3 years;;;1259.7056;;;21-Dec-2025

UTI Mutual Fund
100814;UTI - Overnight  Fund - Regular Plan - Growth Option;INF789F01604;;3595.6856;;;21-Dec-2025
120785;UTI - Overnight Fund - Direct Plan - Growth Option;INF789FB1S71;;3635.549;;;21-Dec-2025
124266;UTI Overnight Fund - Direct Plan - Daily IDCW;;INF789FB1S89;1371.6621;;;21-Dec-2025
120786;UTI Overnight Fund - Direct Plan - Periodic IDCW;INF789FB1T05;INF789FB1S97;1907.9867;;;21-Dec-2025
124265;UTI Overnight Fund - Regular Plan - Daily IDCW;;INF789FB1T13;1370.8617;;;21-Dec-2025
100813;UTI Overnight Fund - Regular Plan - Periodic IDCW;INF789F01588;INF789F01596;1852.3721;;;21-Dec-2025

Zerodha Mutual Fund
153436;Zerodha Overnight Fund - Direct Plan - Growth Option;INF0R8F01075;;10.3997;;;21-Dec-2025

Open Ended Schemes ( Debt Scheme - Liquid Fund )


360 ONE Mutual Fund
125349;360 ONE LIQUID FUND DIRECT PLAN  DAILY DIVIDEND REINVESTMENT;;INF579M01688;1000.2001;;;21-Dec-2025
125345;360 ONE LIQUID FUND DIRECT PLAN  GROWTH;INF579M01621;;2077.3184;;;21-Dec-2025
125343;360 ONE LIQUID FUND DIRECT PLAN  WEEKLY DIVIDEND;INF579M01639;INF579M01696;1005.8092;;;21-Dec-2025
125342;360 ONE LIQUID FUND REGULAR PLAN  DAILY DIVIDEND REINVESTMENT;;INF579M01563;1000.2001;;;21-Dec-2025
125259;360 ONE LIQUID FUND REGULAR PLAN  GROWTH;INF579M01506;;2063.6135;;;21-Dec-2025
125337;360 ONE LIQUID FUND REGULAR PLAN  WEEKLY DIVIDEND;INF579M01514;INF579M01571;1005.8014;;;21-Dec-2025

Abakkus Mutual Fund
154051;Abakkus Liquid Fund - Direct Plan - Growth;INF2JJD01029;;100.1523;;;21-Dec-2025
154055;Abakkus Liquid Fund - Direct Plan - Monthly IDCW Reinvestment;;INF2JJD01037;100.1523;;;21-Dec-2025
154052;Abakkus Liquid Fund - Direct Plan - Quarterly IDCW Reinvestment;;INF2JJD01052;100.1522;;;21-Dec-2025
154053;Abakkus Liquid Fund - Regular Plan - Daily IDCW Reinvestment;;INF2JJD01060;100.0000;;;21-Dec-2025
154047;Abakkus Liquid Fund - Regular Plan - Growth;INF2JJD01078;;100.1501;;;21-Dec-2025
154048;Abakkus Liquid Fund - Regular Plan - Monthly IDCW Reinvestment;;INF2JJD01086;100.1505;;;21-Dec-2025
154054;Abakkus Liquid Fund - Regular Plan - Quarterly IDCW Reinvestment;;INF2JJD01102;100.1497;;;21-Dec-2025

Aditya Birla Sun Life Mutual Fund
100047;Aditya Birla Sun Life Liquid Fund - Growth;INF209K01RU9;;432.2231;;;21-Dec-2025
119568;Aditya Birla Sun Life Liquid Fund - Growth - Direct Plan;INF209K01VA3;;437.7016;;;21-Dec-2025
100046;Aditya Birla Sun Life Liquid Fund -Daily IDCW;INF209K01KQ2;INF209K01SQ5;100.195;;;21-Dec-2025
119569;Aditya Birla Sun Life Liquid Fund -Direct - daily IDCW;INF209K01UZ2;;100.195;;;21-Dec-2025
119571;Aditya Birla Sun Life Liquid Fund -DIRECT - IDCW;INF209K01VD7;;157.924;;;21-Dec-2025
119570;Aditya Birla Sun Life Liquid Fund -Direct - weekly IDCW;INF209K01VC9;;100.2578;;;21-Dec-2025
100041;Aditya Birla Sun Life Liquid Fund -Institutional - IDCW;;INF209K01KN9;108.023;;;21-Dec-2025
100048;Aditya Birla Sun Life Liquid Fund -Institutional - weekly  IDCW;INF209KA1LK7;INF209K01KY6;108.2166;;;21-Dec-2025
103885;Aditya Birla Sun Life Liquid Fund -Regular - IDCW;INF209KA1LI1;;120.2332;;;21-Dec-2025
100044;Aditya Birla Sun Life Liquid Fund -Retail - IDCW;;INF209K01KP4;163.694;;;21-Dec-2025
100051;Aditya Birla Sun Life Liquid Fund -weekly IDCW;INF209K01KU4;INF209KA1LJ9;100.257;;;21-Dec-2025
112014;Aditya Birla Sun Life Liquid Fund- Discipline Advantage Plan;INF209K01KZ3;;292.9827;;;21-Dec-2025
100043;Aditya Birla Sun Life Liquid Fund-Institutional (Growth);INF209K01RT1;;719.7901;;;21-Dec-2025
100042;Aditya Birla Sun Life Liquid Fund-Retail (Growth);INF209K01ME4;;701.4084;;;21-Dec-2025

Axis Mutual Fund
120388;Axis Liquid Fund - Direct Plan - Daily IDCW;;INF846K01DA0;1000.9560;;;21-Dec-2025
120389;Axis Liquid Fund - Direct Plan - Growth Option;INF846K01CX4;;3013.9338;;;21-Dec-2025
120391;Axis Liquid Fund - Direct Plan - Monthly IDCW;INF846K01CY2;INF846K01CZ9;1004.7322;;;21-Dec-2025
120390;Axis Liquid Fund - Direct Plan - Weekly IDCW;INF846K01DB8;INF846K01DC6;1003.0679;;;21-Dec-2025
112211;Axis Liquid Fund - Regular Plan - Daily IDCW;;INF846K01420;1001.3998;;;21-Dec-2025
112210;Axis Liquid Fund - Regular Plan - Growth Option;INF846K01412;;2987.0005;;;21-Dec-2025
112213;Axis Liquid Fund - Regular Plan - Monthly IDCW;INF846K01453;INF846K01461;1005.2530;;;21-Dec-2025
112212;Axis Liquid Fund - Regular Plan - Weekly IDCW;INF846K01438;INF846K01446;1003.0513;;;21-Dec-2025
112712;Axis Liquid Fund - Retail Plan - Daily IDCW;;INF846K01362;1000.9559;;;21-Dec-2025
112713;Axis Liquid Fund - Retail Plan - Growth Option;INF846K01354;;2728.7907;;;21-Dec-2025
112714;Axis Liquid Fund - Retail Plan - Monthly IDCW;INF846K01396;INF846K01404;1004.3275;;;21-Dec-2025
112715;Axis Liquid Fund - Retail Plan - Weekly IDCW;INF846K01370;INF846K01388;1001.7647;;;21-Dec-2025

Bajaj Finserv Mutual Fund
151835;Bajaj Finserv Liquid Fund - Direct Plan - Daily - IDCW;;INF0QA701029;1034.6939;;;21-Dec-2025
151838;Bajaj Finserv Liquid Fund - Direct Plan - Fortnightly - IDCW;INF0QA701078;INF0QA701045;1035.6982;;;21-Dec-2025
151833;Bajaj Finserv Liquid Fund - Direct Plan - Growth;INF0QA701011;;1182.8187;;;21-Dec-2025
151836;Bajaj Finserv Liquid Fund - Direct Plan - Monthly - IDCW;INF0QA701086;INF0QA701052;1035.6909;;;21-Dec-2025
151834;Bajaj Finserv Liquid Fund - Direct Plan - Weekly - IDCW;INF0QA701060;INF0QA701037;1035.6939;;;21-Dec-2025
151839;Bajaj Finserv Liquid Fund - Regular Plan - Daily - IDCW;;INF0QA701136;1033.8241;;;21-Dec-2025
151841;Bajaj Finserv Liquid Fund - Regular Plan - Fortnightly - IDCW;INF0QA701151;INF0QA701110;1034.7925;;;21-Dec-2025
151837;Bajaj Finserv Liquid Fund - Regular Plan - Growth;INF0QA701094;;1177.8563;;;21-Dec-2025
151842;Bajaj Finserv Liquid Fund - Regular Plan - Monthly - IDCW;INF0QA701169;INF0QA701128;1034.7869;;;21-Dec-2025
151840;Bajaj Finserv Liquid Fund - Regular Plan - Weekly - IDCW;INF0QA701144;INF0QA701102;1034.7831;;;21-Dec-2025

Bandhan Mutual Fund
108692;BANDHAN LIQUID Fund - Regular Plan - Daily IDCW;INF194K01VZ4;INF194K01VY7;1001.4161;;;21-Dec-2025
108690;BANDHAN LIQUID Fund - Regular Plan - Growth;INF194K01VX9;;3239.0174;;;21-Dec-2025
108693;BANDHAN LIQUID Fund - Regular Plan - Monthly IDCW;INF194K01WF4;INF194K01WE7;1004.3516;;;21-Dec-2025
115489;BANDHAN LIQUID Fund - Regular Plan - Periodic IDCW;INF194K01WC1;INF194K01WB3;1398.4112;;;21-Dec-2025
108691;BANDHAN LIQUID Fund - Regular Plan - Weekly IDCW;INF194K01WI8;INF194K01WH0;1001.6863;;;21-Dec-2025
139582;BANDHAN LIQUID Fund - Unclaimed IDCW Less than 3 years;INF194KA14C0;;1.7430;;;21-Dec-2025
139583;BANDHAN LIQUID Fund - Unclaimed IDCW More than 3 years;INF194KA15C7;;1.0000;;;21-Dec-2025
139584;BANDHAN LIQUID Fund - Unclaimed Redemption Less than 3 years;INF194KA12C4;;1.7430;;;21-Dec-2025
139585;BANDHAN LIQUID Fund - Unclaimed Redemption More than 3 years;INF194KA13C2;;1.0000;;;21-Dec-2025
118365;BANDHAN LIQUID Fund -Direct Plan -Monthly IDCW;INF194K01J36;INF194K01J28;1010.7649;;;21-Dec-2025
118367;BANDHAN LIQUID Fund -Direct Plan -Weekly IDCW;INF194KB1JT8;INF194K01J51;1007.4352;;;21-Dec-2025
118366;BANDHAN LIQUID Fund -Direct Plan-Daily IDCW;;INF194K01I78;1001.6663;;;21-Dec-2025
118364;BANDHAN LIQUID Fund -Direct Plan-Growth;INF194K01I60;;3272.5134;;;21-Dec-2025
118363;BANDHAN LIQUID Fund -Direct Plan-Periodic IDCW;INF194K01J02;INF194K01I94;1318.3847;;;21-Dec-2025

Bank of India Mutual Fund
119368;BANK OF INDIA Liquid Fund- Direct Plan- Daily IDCW;;INF761K01CL0;1002.6483;;;21-Dec-2025
119369;BANK OF INDIA Liquid Fund- Direct Plan- Growth;INF761K01785;;3121.0655;;;21-Dec-2025
119370;BANK OF INDIA Liquid Fund- Direct Plan- Weekly IDCW;;INF761K01CM8;1062.5937;;;21-Dec-2025
111971;BANK OF INDIA Liquid Fund- Regular Plan- Daily IDCW;;INF761K01CO4;1002.1069;;;21-Dec-2025
109254;BANK OF INDIA Liquid Fund- Regular Plan- Growth;INF761K01306;;3089.7818;;;21-Dec-2025
109255;BANK OF INDIA Liquid Fund- Regular Plan- Weekly IDCW;;INF761K01CP1;1002.2893;;;21-Dec-2025

Baroda BNP Paribas Mutual Fund
119414;Baroda BNP Paribas LIQUID FUND - DIRECT PLAN - DAILY IDCW OPTION;INF955L01AK2;;1002.0849;;;21-Dec-2025
119415;Baroda BNP Paribas LIQUID FUND - DIRECT PLAN - GROWTH OPTION;INF955L01AL0;;3124.0056;;;21-Dec-2025
119416;Baroda BNP Paribas LIQUID FUND - DIRECT PLAN - WEEKLY IDCW OPTION;INF251K01SL8;;1220.4577;;;21-Dec-2025
111707;Baroda BNP Paribas LIQUID FUND - Regular Plan - DAILY IDCW OPTION;INF955L01468;INF955L01476;1001.1996;;;21-Dec-2025
111704;Baroda BNP Paribas LIQUID FUND - Regular Plan - GROWTH OPTION;INF955L01484;;3083.1697;;;21-Dec-2025
111705;Baroda BNP Paribas LIQUID FUND - Regular Plan - WEEKLY IDCW OPTION;INF251K01SK0;INF955L01500;1000.9222;;;21-Dec-2025
101408;Baroda BNP Paribas LIQUID FUND- Defunct Plan -Growth Option;INF955L01575;;4539.1445;;;21-Dec-2025
101407;Baroda BNP Paribas LIQUID FUND-Defunct Plan- IDCW Option;INF955L01559;INF955L01567;3745.2477;;;21-Dec-2025

Canara Robeco Mutual Fund
118307;CANARA ROBECO LIQUID FUND - DIRECT PLAN - DAILY IDCW (Reinvestment);;INF760K01FS0;1005.5000;;;21-Dec-2025
118305;CANARA ROBECO LIQUID FUND - DIRECT PLAN - GROWTH OPTION;INF760K01FU6;;3248.7945;;;21-Dec-2025
118304;CANARA ROBECO LIQUID FUND - DIRECT PLAN - IDCW (Payout/Reinvestment);INF760K01FT8;;2324.9634;;;21-Dec-2025
118306;CANARA ROBECO LIQUID FUND - DIRECT PLAN - MONTHLY IDCW (Payout/Reinvestment);INF760K01FV4;INF760K01FW2;1004.0901;;;21-Dec-2025
118308;CANARA ROBECO LIQUID FUND - DIRECT PLAN - WEEKLY IDCW (Payout/Reinvestment);INF760K01FY8;INF760K01FX0;1000.7001;;;21-Dec-2025
109349;CANARA ROBECO LIQUID FUND - REGULAR PLAN - DAILY IDCW (Reinvestment);;INF760K01CU3;1005.5000;;;21-Dec-2025
109353;CANARA ROBECO LIQUID FUND - REGULAR PLAN - GROWTH OPTION;INF760K01CW9;;3228.6760;;;21-Dec-2025
109351;CANARA ROBECO LIQUID FUND - REGULAR PLAN - MONTHLY IDCW (Payout/Reinvestment);INF760K01CX7;INF760K01CY5;1003.9448;;;21-Dec-2025
109350;CANARA ROBECO LIQUID FUND - REGULAR PLAN - WEEKLY IDCW (Payout/Reinvestment);INF760K01BZ4;INF760K01CZ2;1000.6870;;;21-Dec-2025
139235;Canara Robeco Liquid Fund -Unclaimed Redemption and Dividend Plan -Direct Growth Option;INF760K01IC8;;1772.6782;;;21-Dec-2025

Capitalmind Mutual Fund
154011;Capitalmind Liquid Fund - Direct-Growth;INF226401034;;1005.0427;;;21-Dec-2025
154010;Capitalmind Liquid Fund - Regular-Growth;INF226401042;;1004.9106;;;21-Dec-2025

DSP Mutual Fund
119125;DSP Liquidity Fund - Direct Plan - Growth;INF740K01QL4;;3875.3153;;;21-Dec-2025
119124;DSP Liquidity Fund - Direct Plan - IDCW - Daily;;INF740KA1OB6;1001.1542;;;21-Dec-2025
119123;DSP Liquidity Fund - Direct Plan - IDCW - Weekly;INF740KA1OC4;INF740KA1OD2;1001.6409;;;21-Dec-2025
103347;DSP Liquidity Fund - Regular Plan - Growth;INF740K01FK9;;3829.6399;;;21-Dec-2025
103348;DSP Liquidity Fund - Regular Plan - IDCW - Weekly;INF740K01FM5;INF740K01FL7;1001.6338;;;21-Dec-2025
103349;DSP Liquidity Fund- Regular Plan - IDCW - Daily;;INF740KA1OE0;1001.1542;;;21-Dec-2025

Edelweiss Mutual Fund
140194;Edelweiss Liquid Fund - Direct Plan - Bonus Option;INF754K01GY9;;2037.8872;;;21-Dec-2025
140196;Edelweiss Liquid Fund - Direct Plan - Growth Option;INF754K01GM4;;3502.8381;;;21-Dec-2025
140198;Edelweiss Liquid Fund - Direct Plan - IDCW Option;INF754K01GO0;INF754K01GN2;3502.8518;;;21-Dec-2025
140192;Edelweiss Liquid Fund - Direct Plan Annual - IDCW Option;INF754K01GX1;INF754K01GT9;3502.8138;;;21-Dec-2025
140193;Edelweiss Liquid Fund - Direct Plan daily - IDCW Option;;INF754K01GP7;1169.701;;;21-Dec-2025
140199;Edelweiss Liquid Fund - Direct Plan Fortnightly - IDCW Option;INF754K01GV5;INF754K01GR3;2475.7425;;;21-Dec-2025
140197;Edelweiss Liquid Fund - Direct Plan Monthly - IDCW Option;INF754K01GW3;INF754K01GS1;1008.3441;;;21-Dec-2025
140195;Edelweiss Liquid Fund - Direct Plan weekly - IDCW Option;INF754K01GU7;INF754K01GQ5;2174.8988;;;21-Dec-2025
140189;Edelweiss Liquid Fund - Regular Plan - Bonus Option;INF754K01HR1;;1998.6466;;;21-Dec-2025
140182;Edelweiss Liquid Fund - Regular Plan - Growth Option;INF754K01GZ6;;3430.9518;;;21-Dec-2025
140190;Edelweiss Liquid Fund - Regular Plan - IDCW Option;INF754K01GK8;INF754K01GL6;3430.9546;;;21-Dec-2025
140188;Edelweiss Liquid Fund - Regular Plan Annual - IDCW Option;INF754K01HQ3;INF754K01HP5;2373.9229;;;21-Dec-2025
140181;Edelweiss Liquid Fund - Regular Plan Daily - IDCW Option;;INF754K01HA7;1270.3827;;;21-Dec-2025
140184;Edelweiss Liquid Fund - Regular Plan Fortnightly - IDCW Option;INF754K01HK6;INF754K01HC3;2155.0506;;;21-Dec-2025
140183;Edelweiss Liquid Fund - Regular Plan Monthly - IDCW Option;INF754K01HL4;INF754K01HD1;1086.7468;;;21-Dec-2025
140185;Edelweiss Liquid Fund - Regular Plan Weekly - IDCW Option;INF754K01HJ8;INF754K01HB5;1216.2218;;;21-Dec-2025
140176;Edelweiss Liquid Fund - Retail Plan - Growth Option;INF754K01HE9;;3120.171;;;21-Dec-2025
140178;Edelweiss Liquid Fund - Retail Plan - Weekly Dividend Option;;INF754K01HG4;1231.9958;;;21-Dec-2025
140177;Edelweiss Liquid Fund - Retail Plan Daily - IDCW Option;;INF754K01HF6;1118.0307;;;21-Dec-2025
140180;Edelweiss Liquid Fund - Retail Plan Monthly - IDCW Option;;INF754K01HI0;1248.5465;;;21-Dec-2025

Franklin Templeton Mutual Fund
100541;Franklin India Liquid Fund - Regular Plan - Daily - IDCW;;INF090I01BA3;1509.2342;;;21-Dec-2025
100538;Franklin India Liquid Fund - Regular Plan - Growth;INF090I01BB1;;6055.9896;;;21-Dec-2025
100537;Franklin India Liquid Fund - Regular Plan - Weekly - IDCW;INF090I01BL0;INF090I01BI6;1244.2967;;;21-Dec-2025
118577;Franklin India Liquid Fund - Super Institutional - Direct - Growth;INF090I01JV2;;4073.6877;;;21-Dec-2025
100547;Franklin India Liquid Fund - Super Institutional Plan - Daily - IDCW;;INF090I01BF2;1000.0000;;;21-Dec-2025
118578;Franklin India Liquid Fund - Super Institutional Plan - Direct - Daily - IDCW;INF090I01JW0;;1002.2720;;;21-Dec-2025
118579;Franklin India Liquid Fund - Super Institutional Plan - Direct - Weekly - IDCW;INF090I01JX8;INF090I01JY6;1021.4598;;;21-Dec-2025
100546;Franklin India Liquid Fund - Super Institutional Plan - Growth;INF090I01BG0;;4038.9271;;;21-Dec-2025
100548;Franklin India Liquid Fund - Super Institutional Plan - Weekly - IDCW;INF090I01BM8;INF090I01BH8;1032.7021;;;21-Dec-2025
139892;Franklin India Liquid Fund - Unclaimed IDCW Investor Education Plan - Growth;INF090I01LR6;;10.0000;;;21-Dec-2025
139890;Franklin India Liquid Fund - Unclaimed IDCW Plan - Growth;INF090I01LP0;;17.1904;;;21-Dec-2025
139891;Franklin India Liquid Fund - Unclaimed Redemption Investor Education Plan - Growth;INF090I01LQ8;;10.0000;;;21-Dec-2025
139889;Franklin India Liquid Fund - Unclaimed Redemption Plan - Growth;INF090I01LO3;;17.1904;;;21-Dec-2025
102443;Franklin India Liquid Fund - Institutional Plan - Daily - IDCW;;INF090I01BC9;1000.0000;;;21-Dec-2025
102442;Franklin India Liquid Fund - Institutional Plan - Weekly - IDCW;INF090I01BJ4;INF090I01BE5;1054.7184;;;21-Dec-2025

Groww Mutual Fund
119135;Groww Liquid Fund ( formerly known as Indiabulls Liquid )Fund - Direct Plan - Growth Option;INF666M01451;;2627.1997;;;21-Dec-2025
119136;Groww Liquid Fund (formerly known as Indiabulls Liquid Fund) - Direct Plan- - Income Distribution cum capital withdrawal Option ( Reinvestment);;INF666M01469;1002.0907;;;21-Dec-2025
115991;Groww Liquid Fund (formerly known as Indiabulls Liquid Fund) - Regular Plan - Growth Option;INF666M01014;;2594.2222;;;21-Dec-2025
119138;Groww Liquid Fund (formerly known as Indiabulls Liquid Fund)- Direct Plan- Fortnightly - Income Distribution cum capital withdrawal Option (Payout & Reinvestment);INF666M01501;INF666M01485;1003.4886;;;21-Dec-2025
119139;Groww Liquid Fund (formerly known as Indiabulls Liquid Fund)- Direct Plan- Monthly - Income Distribution cum capital withdrawal Option (Payout & Reinvestment);INF666M01519;INF666M01493;1032.5658;;;21-Dec-2025
119137;Groww Liquid Fund (formerly known as Indiabulls Liquid Fund)- Direct Plan- Weekly - Income Distribution cum capital withdrawal Option (Payout & Reinvestment);INF666M01527;INF666M01477;1002.7812;;;21-Dec-2025
115992;Groww Liquid Fund (formerly known as Indiabulls Liquid Fund)- Regular Plan- - Income Distribution cum capital withdrawal Option (Reinvestment);;INF666M01022;1002.0894;;;21-Dec-2025
115995;Groww Liquid Fund (formerly known as Indiabulls Liquid Fund)- Regular Plan- Monthly - Income Distribution cum capital withdrawal Option (Payout & Reinvestment);INF666M01071;INF666M01055;1004.7931;;;21-Dec-2025
115993;Groww Liquid Fund (formerly known as Indiabulls Liquid Fund)- Regular Plan- Weekly - Income Distribution cum capital withdrawal Option (Payout & Reinvestment);INF666M01089;INF666M01030;1002.7628;;;21-Dec-2025
115994;Groww Liquid Fund (formerly known as Indiabulls Liquid) Fund- Regular Plan- Fortnightly - Income Distribution cum capital withdrawal Option (Payout & Reinvestment);INF666M01063;INF666M01048;1003.4507;;;21-Dec-2025

HDFC Mutual Fund
119091;HDFC Liquid Fund - Growth Option - Direct Plan;INF179KB1HP9;;5321.7072;;;21-Dec-2025
100868;HDFC Liquid Fund - Growth Plan;INF179KB1HK0;;5262.4606;;;21-Dec-2025
100875;HDFC Liquid Fund - IDCW Daily;;INF179KB1IC5;1019.82;;;21-Dec-2025
119089;HDFC Liquid Fund - IDCW Daily - Direct Plan;;INF179KB1HV7;1019.82;;;21-Dec-2025
100876;HDFC Liquid Fund - IDCW Monthly;INF179KB1HM6;INF179KB1HL8;1030.5339;;;21-Dec-2025
119090;HDFC Liquid Fund - IDCW Monthly - Direct Plan;INF179KB1HO2;INF179KB1HQ7;1030.5951;;;21-Dec-2025
100874;HDFC Liquid Fund - IDCW Plan Weekly;INF179KB1ID3;;1032.0029;;;21-Dec-2025
119088;HDFC Liquid Fund - IDCW Weekly - Direct Plan;;;1032.0165;;;21-Dec-2025

HSBC Mutual Fund
120038;HSBC Liquid Fund -  Growth Direct;INF336L01CC8;;2700.3041;;;21-Dec-2025
120037;HSBC Liquid Fund - Direct Daily IDCW;;INF336L01CB0;1001.576;;;21-Dec-2025
120039;HSBC Liquid Fund - Direct Monthly IDCW;INF336L01BZ1;INF336L01CA2;1041.9569;;;21-Dec-2025
120040;HSBC Liquid Fund - Direct Weekly IDCW;INF336L01LK2;INF336L01CD6;1196.1661;;;21-Dec-2025
118907;HSBC Liquid Fund - Growth;INF336L01BL1;;3858.1848;;;21-Dec-2025
118906;HSBC Liquid Fund - IDCW;;INF336L01BK3;1019.3;;;21-Dec-2025
118909;HSBC Liquid Fund - Institutional Daily IDCW;;INF336L01BS6;1562.8262;;;21-Dec-2025
118901;HSBC Liquid Fund - Regular Daily IDCW;;INF336L01BM9;1001.3789;;;21-Dec-2025
118902;HSBC Liquid Fund - Regular Growth;INF336L01BN7;;2674.0876;;;21-Dec-2025
118903;HSBC Liquid Fund - Regular Monthly IDCW;INF336L01BP2;INF336L01BO5;1006.1641;;;21-Dec-2025
118904;HSBC Liquid Fund - Regular Weekly IDCW;INF336L01LJ4;INF336L01BQ0;1108.3883;;;21-Dec-2025
118908;HSBC Liquid Fund - Weekly IDCW;;INF336L01BR8;1002.1386;;;21-Dec-2025

ICICI Prudential Mutual Fund
103343;ICICI Prudential Liquid Fund - Daily IDCW;INF109K01VP3;;100.1482;;;21-Dec-2025
120191;ICICI Prudential Liquid Fund - Direct Plan -  IDCW Others;INF109K01Q31;INF109K01Q23;186.0152;;;21-Dec-2025
120188;ICICI Prudential Liquid Fund - Direct Plan - Daily IDCW;;INF109K01Q15;100.1082;;;21-Dec-2025
120197;ICICI Prudential Liquid Fund - Direct Plan - Growth;INF109K01Q49;;401.0692;;;21-Dec-2025
120190;ICICI Prudential Liquid Fund - Direct Plan - Weekly IDCW;INF109K01Q98;;100.2818;;;21-Dec-2025
103340;ICICI Prudential Liquid Fund - Growth;INF109K01VQ1;;397.0331;;;21-Dec-2025
115505;ICICI Prudential Liquid Fund - IDCW Others;INF109K01VU3;INF109K01VT5;184.5203;;;21-Dec-2025
103342;ICICI Prudential Liquid Fund - Weekly IDCW;INF109K01VS7;;100.2549;;;21-Dec-2025

Invesco Mutual Fund
104484;Invesco India Liquid Fund - Daily IDCW (Reinvestment);;INF205K01HN3;1002.7594;;;21-Dec-2025
120537;Invesco India Liquid Fund - Direct Plan - Growth;INF205K01MF9;;3719.4711;;;21-Dec-2025
120536;Invesco India Liquid Fund - Direct Plan - Monthly IDCW (Payout / Reinvestment);INF205K01MG7;INF205K01MH5;1086.0932;;;21-Dec-2025
120535;Invesco India Liquid Fund - Direct Plan - Weekly IDCW (Reinvestment);INF205KA1BE5;INF205K01MI3;1121.9031;;;21-Dec-2025
120534;Invesco India Liquid Fund - Direct Plan- Daily IDCW (Reinvestment);;INF205K01ME2;1005.8604;;;21-Dec-2025
104486;Invesco India Liquid Fund - Growth;INF205K01HM5;;3686.8862;;;21-Dec-2025
104492;Invesco India Liquid Fund - Monthly IDCW (Payout / Reinvestment);INF205K01HQ6;INF205K01HP8;1006.5937;;;21-Dec-2025
104488;Invesco India Liquid Fund - Regular - Growth;INF205K01HG7;;3256.6005;;;21-Dec-2025
104489;Invesco India Liquid Fund - Regular - Weekly IDCW (Reinvestment);;INF205K01HH5;1004.4413;;;21-Dec-2025
139390;Invesco India Liquid Fund - Unclaimed Dividend Plan - Above 3 Years;;;1000;;;21-Dec-2025
139389;Invesco India Liquid Fund - Unclaimed Dividend Plan - Below 3 Years;;;1762.952;;;21-Dec-2025
139388;Invesco India Liquid Fund - Unclaimed Redemption Plan - Above 3 Years;;;1000;;;21-Dec-2025
139387;Invesco India Liquid Fund - Unclaimed Redemption Plan - Below 3 years;;;1762.5644;;;21-Dec-2025
104485;Invesco India Liquid Fund - Weekly IDCW (Reinvestment);INF205KA1BD7;INF205K01HO1;1019.565;;;21-Dec-2025

ITI Mutual Fund
147161;ITI Liquid Fund - Direct Plan - Annually IDCW Option;INF00XX01366;INF00XX01333;1411.7282;;;21-Dec-2025
147158;ITI Liquid Fund - Direct Plan - Daily IDCW Option;;INF00XX01291;1001.2320;;;21-Dec-2025
147157;ITI Liquid Fund - Direct Plan - Growth Option;INF00XX01283;;1409.9345;;;21-Dec-2025
147163;ITI Liquid Fund - Direct Plan - Monthly IDCW Option;INF00XX01358;INF00XX01325;1004.8187;;;21-Dec-2025
147159;ITI Liquid Fund - Direct Plan - Weekly IDCW Option;;INF00XX01309;1001.8157;;;21-Dec-2025
147162;ITI Liquid Fund - Regular Plan - Annually IDCW Option;INF00XX01275;INF00XX01242;1404.2399;;;21-Dec-2025
147154;ITI Liquid Fund - Regular Plan - Daily IDCW Option;;INF00XX01200;1001.0000;;;21-Dec-2025
147153;ITI Liquid Fund - Regular Plan - Growth Option;INF00XX01192;;1396.9608;;;21-Dec-2025
147156;ITI Liquid Fund - Regular Plan - Monthly IDCW Option;INF00XX01267;INF00XX01234;1003.9570;;;21-Dec-2025
147164;ITI Liquid Fund - Regular Plan - Weekly IDCW Option;;INF00XX01218;1001.7885;;;21-Dec-2025

Jio BlackRock Mutual Fund
153651;JioBlackRock Liquid Fund - Direct Plan - Growth Option;INF22M001010;;1027.2778;;;21-Dec-2025

JM Financial Mutual Fund
120411;JM Liquid Fund (Direct) - Daily IDCW;;INF192K01CH6;10.4302;;;21-Dec-2025
120406;JM Liquid Fund (Direct) - Growth Option;INF192K01CM6;;73.9798;;;21-Dec-2025
120408;JM Liquid Fund (Direct) - Quarterly IDCW;INF192K01CK0;INF192K01CL8;42.0014;;;21-Dec-2025
120407;JM Liquid Fund (Direct) - Weekly IDCW;INF192K01CI4;INF192K01CJ2;11.0151;;;21-Dec-2025
100244;JM Liquid Fund (Regular) - Quarterly IDCW;INF192K01866;INF192K01874;41.4103;;;21-Dec-2025
100247;JM Liquid Fund (Regular) - Super Institutional Plan - Growth Option;INF192K01981;;42.0625;;;21-Dec-2025
100233;JM Liquid Fund (Regular) - Weekly IDCW;INF192K01841;INF192K01858;11.0124;;;21-Dec-2025
100234;JM Liquid Fund - Growth Option;INF192K01882;;73.1617;;;21-Dec-2025
148414;JM Liquid Fund - Unclaimed Application Refund Amount I.E.F. (Direct) - Growth Plan;;;41.4437;;;21-Dec-2025
148413;JM Liquid Fund - Unclaimed Brokerage I.E.F. (Direct) - Growth Plan;;;41.4437;;;21-Dec-2025
101549;JM Liquid Fund (Regular) - Bonus Option - Principal Units;INF192K01890;;23.4266;;;21-Dec-2025
101078;JM Liquid Fund (Regular) - Daily IDCW;;INF192K01833;10.4302;;;21-Dec-2025

Kotak Mahindra Mutual Fund
119764;Kotak Liquid Fund - Direct Plan - Daily Reinvestment of Income Distribution cum capital withdrawal option;;INF174K01NH1;1222.81;;;21-Dec-2025
119766;Kotak Liquid Fund - Direct Plan - Growth;INF174K01NE8;;5475.2316;;;21-Dec-2025
100833;Kotak Liquid Fund - Regular  - Daily Reinvestment of Income Distribution cum capital withdrawal option;;INF174K01NL3;1227.3601;;;21-Dec-2025
100835;Kotak Liquid Fund - Regular Plan - Growth;INF174K01NI9;;5420.9864;;;21-Dec-2025
153586;Kotak Liquid Fund - Regular Plan - Weekly - Reinvestment & Payout of Income Distribution cum capital withdrawal option;INF174KA1WK5;INF174KA1WM1;1007.0824;;;21-Dec-2025

LIC Mutual Fund
120248;LIC MF Liquid Fund-Direct Plan-Daily IDCW;INF767K01DL5;INF767K01DM3;1034.6038;;;21-Dec-2025
120249;LIC MF Liquid Fund-Direct Plan-Growth;INF767K01DN1;;4919.5888;;;21-Dec-2025
151930;LIC MF Liquid Fund-Direct Plan-Monthly IDCW;INF397L01AK7;INF397L01AJ9;1194.2109;;;21-Dec-2025
151932;LIC MF Liquid Fund-Direct Plan-Weekly IDCW;INF397L01AM3;INF397L01AL5;1066.6929;;;21-Dec-2025
101184;LIC MF Liquid Fund-Regular Plan-Daily IDCW;INF767K01IQ3;INF767K01IR1;1000.1751;;;21-Dec-2025
101185;LIC MF Liquid Fund-Regular Plan-Growth;INF767K01IS9;;4847.5167;;;21-Dec-2025
151928;LIC MF Liquid Fund-Regular Plan-Monthly IDCW;INF397L01976;INF397L01968;1174.3689;;;21-Dec-2025
151927;LIC MF Liquid Fund-Regular Plan-Weekly IDCW;INF397L01950;INF397L01943;1002.2825;;;21-Dec-2025

Mahindra Manulife Mutual Fund
139535;Mahindra Manulife Liquid Fund - Direct Plan - Daily IDCW;;INF174V01051;1239.2951;;;21-Dec-2025
139536;Mahindra Manulife Liquid Fund - Direct Plan - Weekly IDCW;;INF174V01069;1003.4862;;;21-Dec-2025
139538;Mahindra Manulife Liquid Fund - Direct Plan -Growth;INF174V01044;;1765.3031;;;21-Dec-2025
139534;Mahindra Manulife Liquid Fund - Regular Plan - Daily IDCW;;INF174V01028;1001.0440;;;21-Dec-2025
139537;Mahindra Manulife Liquid Fund - Regular Plan - Growth;INF174V01010;;1745.6415;;;21-Dec-2025
139541;Mahindra Manulife Liquid Fund - Regular Plan - Weekly IDCW;;INF174V01036;1009.9057;;;21-Dec-2025

Mirae Asset Mutual Fund
118859;Mirae Asset Liquid Fund - Direct Plan - Growth;INF769K01CM1;;2862.8161;;;21-Dec-2025
118862;Mirae Asset Liquid Fund - Direct Plan - Weekly IDCW;INF769K01PD2;INF769K01CP4;1217.0124;;;21-Dec-2025
118861;Mirae Asset Liquid Fund - Direct Plan -Daily IDCW;;INF769K01CO7;1075.8332;;;21-Dec-2025
118860;Mirae Asset Liquid Fund - Direct Plan -Monthly IDCW;INF769K01CN9;INF769K01CQ2;1139.4623;;;21-Dec-2025
111647;Mirae Asset Liquid Fund - Regular - Daily IDCW;;INF769K01804;1066.4347;;;21-Dec-2025
111646;Mirae Asset Liquid Fund - Regular Plan - Growth;INF769K01788;;2812.7634;;;21-Dec-2025
111645;Mirae Asset Liquid Fund - Regular Plan - Monthly IDCW;INF769K01838;INF769K01820;1157.1115;;;21-Dec-2025
111644;Mirae Asset Liquid Fund - Regular Plan - Weekly IDCW;INF769K01PC4;INF769K01812;1153.2993;;;21-Dec-2025

Motilal Oswal Mutual Fund
145834;Motilal Oswal Liquid Fund - Direct Growth;INF247L01734;;14.3080;;;21-Dec-2025
145946;Motilal Oswal Liquid Fund - Regular Growth;INF247L01726;;14.1551;;;21-Dec-2025
147442;Motilal Oswal Liquid Fund - Unclaimed Dividend - Greater than 3 years;;;10.0000;;;21-Dec-2025
147441;Motilal Oswal Liquid Fund - Unclaimed Dividend- Upto 3 years;;;13.9342;;;21-Dec-2025
147443;Motilal Oswal Liquid Fund - Unclaimed Redemption - Greater than 3 years;;;10.0000;;;21-Dec-2025
147444;Motilal Oswal Liquid Fund - Unclaimed Redemption - Upto 3 years;;;13.6569;;;21-Dec-2025
146218;Motilal Oswal Liquid Fund Direct - IDCW  Quarterly Payout/Reinvestment;INF247L01791;INF247L01783;10.1375;;;21-Dec-2025
146226;Motilal Oswal Liquid Fund Direct - IDCW Fortnightly Reinvestment;;INF247L01759;10.0181;;;21-Dec-2025
146223;Motilal Oswal Liquid Fund Direct - IDCW Monthly Payout/Reinvestment;INF247L01775;INF247L01767;10.0658;;;21-Dec-2025
146228;Motilal Oswal Liquid Fund Direct - IDCW Reinvestment;;INF247L01742;10.0077;;;21-Dec-2025
146229;Motilal Oswal Liquid Fund Direct - IDCW Weekly Reinvestment;;INF247L01809;10.0089;;;21-Dec-2025
146227;Motilal Oswal Liquid Fund Regular - IDCW Daily Reinvestment;;INF247L01817;10.0055;;;21-Dec-2025
146230;Motilal Oswal Liquid Fund Regular - IDCW Fortnightly Reinvestment;;INF247L01825;10.0175;;;21-Dec-2025
146220;Motilal Oswal Liquid Fund Regular - IDCW Monthly Payout/Reinvestment;INF247L01841;INF247L01833;10.0646;;;21-Dec-2025
146222;Motilal Oswal Liquid Fund Regular - IDCW Quarterly Payout/Reinvestment;INF247L01866;INF247L01858;10.1335;;;21-Dec-2025
146224;Motilal Oswal Liquid Fund Regular - IDCW Weekly Reinvestment;;INF247L01874;10.0160;;;21-Dec-2025

Navi Mutual Fund
119163;Navi Liquid Fund - Direct Plan Daily IDCW - ReInvestment;;INF959L01GK1;10.0129;;;21-Dec-2025
119161;Navi Liquid Fund - Direct Plan Monthly IDCW - Payout;INF959L01GG9;INF959L01GH7;10.0462;;;21-Dec-2025
119162;Navi Liquid Fund - Direct Plan Weekly IDCW - Payout;INF959L01GI5;INF959L01GJ3;10.0129;;;21-Dec-2025
112645;Navi Liquid Fund - Regular Plan Daily IDCW;;INF959L01GM7;10.0129;;;21-Dec-2025
112647;Navi Liquid Fund - Regular Plan Monthly IDCW;INF959L01GN5;INF959L01GO3;10.0458;;;21-Dec-2025
112646;Navi Liquid Fund - Regular Plan Weekly IDCW;INF959L01GP0;INF959L01GQ8;10.0132;;;21-Dec-2025
119164;Navi Liquid Fund-Direct Plan-Growth Option;INF959L01GF1;;29.3927;;;21-Dec-2025
112636;Navi Liquid Fund-Regular Plan-Growth Option;INF959L01GL9;;29.1264;;;21-Dec-2025
140437;Navi Liquid Fund-Unclaimed Redemption and Dividend Plan greater than 3 years;INF959L01CO2;;10;;;21-Dec-2025
139386;Navi Liquid Fund-Unclaimed Redemption and Dividend Plan less than 3 years;INF959L01CN4;;29.2885;;;21-Dec-2025

Nippon India Mutual Fund
100852;NIPPON INDIA LIQUID FUND - DAILY IDCW OPTION;;INF204K01UM1;1528.7400;;;21-Dec-2025
118695;NIPPON INDIA LIQUID FUND - DIRECT Plan - DAILY IDCW OPTION;;INF204K01ZG2;1528.7400;;;21-Dec-2025
118696;NIPPON INDIA LIQUID FUND - DIRECT Plan - MONTHLY IDCW OPTION;INF204K01ZI8;INF204K01ZJ6;1593.4810;;;21-Dec-2025
118698;NIPPON INDIA LIQUID FUND - DIRECT Plan - QUARTERLY IDCW OPTION;INF204K01ZK4;INF204K01ZL2;1004.0899;;;21-Dec-2025
118700;NIPPON INDIA LIQUID FUND - DIRECT Plan - WEEKLY IDCW OPTION;INF204KC1FN6;INF204K01ZM0;1531.3013;;;21-Dec-2025
118701;Nippon India Liquid Fund - Direct Plan Growth Plan - Growth Option;INF204K01ZH0;;6633.4236;;;21-Dec-2025
100855;NIPPON INDIA LIQUID FUND - MONTHLY IDCW OPTION;INF204K01UO7;INF204K01UP4;1590.0188;;;21-Dec-2025
112340;NIPPON INDIA LIQUID FUND - QUARTERLY IDCW OPTION;INF204K01UQ2;INF204K01UR0;1004.0160;;;21-Dec-2025
100837;Nippon India Liquid Fund - Retail Option - Growth Plan;INF204K01UL3;;5779.2450;;;21-Dec-2025
100842;NIPPON INDIA LIQUID FUND - RETAIL Plan - DAILY IDCW OPTION;;INF204K01UJ7;1524.2800;;;21-Dec-2025
100843;NIPPON INDIA LIQUID FUND - RETAIL plan - MONTHLY IDCW OPTION;INF204K01UT6;INF204K01UU4;1331.0653;;;21-Dec-2025
100844;NIPPON INDIA LIQUID FUND - RETAIL Plan - QUARTERLY IDCW OPTION;INF204K01UV2;INF204K01UW0;1213.8167;;;21-Dec-2025
100838;NIPPON INDIA LIQUID FUND - RETAIL Plan - WEEKLY IDCW OPTION;;INF204K01UK5;1034.7566;;;21-Dec-2025
100853;NIPPON INDIA LIQUID FUND - WEEKLY IDCW OPTION;INF204KC1FM8;INF204K01US8;1531.2805;;;21-Dec-2025
100851;Nippon India Liquid Fund -Growth Plan;INF204K01UN9;;6545.5420;;;21-Dec-2025

PGIM India Mutual Fund
138285;PGIM India Liquid Fund - Daily Dividend;;INF223J01BO9;100.304;;;21-Dec-2025
138297;PGIM India Liquid Fund - Direct Plan - Daily Dividend;INF223J01NR7;;125.9979;;;21-Dec-2025
138299;PGIM India Liquid Fund - Direct Plan - Growth;INF223J01NS5;;353.5334;;;21-Dec-2025
138298;PGIM India Liquid Fund - Direct Plan - Monthly Dividend;INF223J01NT3;INF223J01NU1;116.8987;;;21-Dec-2025
138301;PGIM India Liquid Fund - Direct Plan - Weekly Dividend;INF223J01NV9;INF223J01NW7;100.5369;;;21-Dec-2025
138288;PGIM India Liquid Fund - Growth;INF223J01BP6;;349.1738;;;21-Dec-2025
138287;PGIM India Liquid Fund - Monthly Dividend;INF223J01BL5;;117.3616;;;21-Dec-2025
138289;PGIM India Liquid Fund - Weekly Dividend;INF223J01BU6;;100.5363;;;21-Dec-2025

PPFAS Mutual Fund
143263;Parag Parikh Liquid Fund- Direct Plan- Daily Reinvestment of IDCW;;INF879O01118;1000.5405;;;21-Dec-2025
143269;Parag Parikh Liquid Fund- Direct Plan- Growth;INF879O01068;;1498.6969;;;21-Dec-2025
143262;Parag Parikh Liquid Fund- Direct Plan- Monthly IDCW;INF879O01076;INF879O01084;1007.1055;;;21-Dec-2025
143265;Parag Parikh Liquid Fund- Direct Plan- Weekly Reinvestment of IDCW;;INF879O01134;1001.9630;;;21-Dec-2025
143264;Parag Parikh Liquid Fund- Regular Plan- Daily Reinvestment of IDCW;;INF879O01126;1000.5404;;;21-Dec-2025
143260;Parag Parikh Liquid Fund- Regular Plan- Growth;INF879O01035;;1487.2095;;;21-Dec-2025
143261;Parag Parikh Liquid Fund- Regular Plan- Monthly IDCW;INF879O01043;INF879O01050;1007.0314;;;21-Dec-2025
143266;Parag Parikh Liquid Fund- Regular Plan- Weekly Reinvestment of IDCW;;INF879O01142;1001.9461;;;21-Dec-2025

quant Mutual Fund
120837;quant Liquid Fund - Growth Option - Direct Plan;INF966L01820;;43.5409;;;21-Dec-2025
103225;quant Liquid Fund - Growth Option - Regular Plan;INF966L01317;;42.3733;;;21-Dec-2025
120838;quant Liquid Fund - Monthly IDCW Option - Direct Plan;INF966L01796;INF966L01812;15.7693;;;21-Dec-2025
103228;quant Liquid Fund - Monthly IDCW Option - Regular Plan;INF966L01291;INF966L01309;15.2099;;;21-Dec-2025
120839;quant Liquid Fund - Weekly IDCW Option - Direct Plan;INF966L01788;INF966L01804;14.647;;;21-Dec-2025
103227;quant Liquid Fund - Weekly IDCW Option - Regular Plan;INF966L01499;INF966L01283;14.4893;;;21-Dec-2025
120836;quant Liquid Fund-Daily IDCW Option - Direct Plan;;INF966L01770;13.2343;;;21-Dec-2025
103226;quant Liquid Fund-Daily IDCW Option - Regular Plan;;INF966L01275;12.7361;;;21-Dec-2025

Quantum Mutual Fund
103736;Quantum Liquid Fund - Direct Plan Daily IDCW;;INF082J01135;10.0094;;;21-Dec-2025
103734;Quantum Liquid Fund - Direct Plan Growth Option;INF082J01127;;36.1613;;;21-Dec-2025
103735;Quantum Liquid Fund - Direct Plan Monthly IDCW;INF082J01143;INF082J01200;10.0523;;;21-Dec-2025
141065;Quantum Liquid Fund - Regular Plan Daily IDCW;;INF082J01317;10.0002;;;21-Dec-2025
141066;Quantum Liquid Fund - Regular Plan Growth Option;INF082J01309;;35.8900;;;21-Dec-2025
141067;Quantum Liquid Fund - Regular Plan Monthly IDCW;INF082J01325;INF082J01333;10.0488;;;21-Dec-2025
152299;Quantum Liquid Fund - Unclaimed IDCW Plan Above 3 years;;;10.0000;;;21-Dec-2025
152298;Quantum Liquid Fund - Unclaimed IDCW Plan Below 3 years;;;11.3694;;;21-Dec-2025
152301;Quantum Liquid Fund - Unclaimed Redemption Plan Above 3 years;;;10.0000;;;21-Dec-2025
152300;Quantum Liquid Fund - Unclaimed Redemption Plan Below 3 years;;;10.9361;;;21-Dec-2025

SBI Mutual Fund
119804;SBI Liquid Fund - Direct Paln - Fortnightly Income Distribution cum Capital Withdrawal Option (IDCW);INF200K01UR8;INF200K01US6;1383.3788;;;21-Dec-2025
119805;SBI Liquid Fund - Direct Plan - Daily Income Distribution cum Capital Withdrawal Option (IDCW);;INF200K01UQ0;1144.0484;;;21-Dec-2025
119799;SBI Liquid Fund - Direct Plan - Weekly Income Distribution cum Capital Withdrawal Option (IDCW);INF200K01UU2;INF200K01UV0;1385.9347;;;21-Dec-2025
119800;SBI Liquid Fund - DIRECT PLAN -Growth;INF200K01UT4;;4236.3435;;;21-Dec-2025
105274;SBI Liquid Fund - Institutional - Growth;INF200K01LU1;;4230.9596;;;21-Dec-2025
105275;SBI Liquid Fund - Institutional Daily Income Distribution cum Capital Withdrawal Option (IDCW);;INF200K01LR7;1359.2497;;;21-Dec-2025
105281;SBI Liquid Fund - Regular Plan - Daily Income Distribution cum Capital Withdrawal Option (IDCW);;INF200K01LX5;1140.7391;;;21-Dec-2025
105283;SBI Liquid Fund - Regular Plan - Fortnightly Income Distribution cum Capital Withdrawal Option (IDCW);INF200K01LY3;INF200K01LZ0;1375.5111;;;21-Dec-2025
105282;SBI Liquid Fund - Regular Plan - Weekly Income Distribution cum Capital Withdrawal Option (IDCW);INF200K01MB9;INF200K01MC7;1379.0337;;;21-Dec-2025
105280;SBI Liquid Fund - REGULAR PLAN -Growth;INF200K01MA1;;4191.3166;;;21-Dec-2025

Shriram Mutual Fund
153035;Shriram Liquid Fund - Direct Plan Growth Option;INF680P01430;;1071.1279;;;21-Dec-2025
153036;Shriram Liquid Fund - Regular Plan Growth Option;INF680P01448;;1069.4207;;;21-Dec-2025
153282;Shriram Unclaimed IDCW Liquid Fund;;;1044.7342;;;21-Dec-2025
153283;Shriram Unclaimed IDCW Stable Scheme Liquid Fund;;;1000;;;21-Dec-2025
153280;Shriram Unclaimed Redemption Liquid Fund;;;1056.8556;;;21-Dec-2025
153281;Shriram Unclaimed Redemption Stable Scheme Liquid Fund;;;1000;;;21-Dec-2025

Sundaram Mutual Fund
149664;Sundaram Liquid Fund (Formerly Known as Principal Cash Management Fund) - Direct Plan - Growth Option;INF173K01GU0;;2394.5968;;;21-Dec-2025
149660;Sundaram Liquid Fund (Formerly Known as Principal Cash Management Fund) - Regular Plan IDCW;INF173K01DD3;INF173K01DE1;1041.3087;;;21-Dec-2025
149662;Sundaram Liquid Fund (Formerly Known as Principal Cash Management Fund) -Direct Plan - IDCW;INF173K01GV8;INF173K01GW6;1043.0602;;;21-Dec-2025
149661;Sundaram Liquid Fund (Formerly Known as Principal Cash Management Fund) -Growth Option;INF173K01DA9;;2364.7885;;;21-Dec-2025

Tata Mutual Fund
153689;Tata Liquid Fund - Direct Plan - Weekly IDCW Reinvestment;;INF277KA1EE2;1028.5303;;;21-Dec-2025
153688;Tata Liquid Fund - Regular Plan - Weekly IDCW Reinvestment;;INF277KA1EF9;1024.3155;;;21-Dec-2025
102672;Tata Liquid Fund -Regular Plan - Growth Option;INF277K01YD8;;4224.7367;;;21-Dec-2025
119862;Tata Liquid Fund- Direct Plan - Daily Reinvestment of IDCW Option;;INF277K012D2;1001.5187;;;21-Dec-2025
119861;Tata Liquid Fund- Direct Plan-Growth Option;INF277K01YE6;;4277.9733;;;21-Dec-2025
101714;Tata Liquid Fund- Regular Plan - Daily Reinvestment of IDCW Option;;INF277K011D4;1001.5157;;;21-Dec-2025

The Wealth Company Mutual Fund
153887;THE WEALTH COMPANY LIQUID FUND DIRECT DAILY ICDW;;INF2F0001073;1002;;;21-Dec-2025
153883;THE WEALTH COMPANY LIQUID FUND DIRECT GROWTH;INF2F0001081;;1011.4742;;;21-Dec-2025
153884;THE WEALTH COMPANY LIQUID FUND DIRECT MONTHLY IDCW;INF2F0001107;INF2F0001099;1006.0191;;;21-Dec-2025
153889;THE WEALTH COMPANY LIQUID FUND DIRECT WEEKLY;INF2F0001123;INF2F0001115;1002.9497;;;21-Dec-2025
153886;THE WEALTH COMPANY LIQUID FUND REGULAR DAILY IDCW;;INF2F0001131;1002;;;21-Dec-2025
153888;THE WEALTH COMPANY LIQUID FUND REGULAR GROWTH;INF2F0001149;;1011.1875;;;21-Dec-2025
153890;THE WEALTH COMPANY LIQUID FUND REGULAR MONTHLY IDCW;INF2F0001164;INF2F0001156;1005.9273;;;21-Dec-2025
153885;THE WEALTH COMPANY LIQUID FUND REGULAR WEEKLY IDCW;INF2F0001180;INF2F0001172;1002.9437;;;21-Dec-2025

Trust Mutual Fund
148842;TRUSTMF Liquid Fund-Direct Plan-Daily Income Distribution cum Capital Withdrawal;;INF0GCD01263;1253.9137;;;21-Dec-2025
148841;TRUSTMF Liquid Fund-Direct Plan-Growth;INF0GCD01255;;1312.1944;;;21-Dec-2025
148839;TRUSTMF Liquid Fund-Direct Plan-Monthly Income Distribution cum Capital Withdrawal;INF0GCD01305;INF0GCD01297;1186.2712;;;21-Dec-2025
148837;TRUSTMF Liquid Fund-Direct Plan-Weekly Income Distribution cum Capital Withdrawal;INF0GCD01271;INF0GCD01289;1213.1105;;;21-Dec-2025
148834;TRUSTMF Liquid Fund-Regular Plan-Daily Income Distribution cum Capital Withdrawal;;INF0GCD01206;1187.5534;;;21-Dec-2025
148833;TRUSTMF Liquid Fund-Regular Plan-Growth;INF0GCD01198;;1302.9653;;;21-Dec-2025
148843;TRUSTMF Liquid Fund-Regular Plan-Monthly Income Distribution cum Capital Withdrawal;INF0GCD01248;INF0GCD01230;1178.049;;;21-Dec-2025
148836;TRUSTMF Liquid Fund-Regular Plan-Weekly Income Distribution cum Capital Withdrawal;INF0GCD01214;INF0GCD01222;1163.3473;;;21-Dec-2025

Unifi Mutual Fund
153570;Unifi Liquid Fund- Direct Growth;INF1MIY01056;;1031.4453;;;21-Dec-2025
153571;Unifi Liquid Fund- Regular Growth;INF1MIY01064;;1031.1162;;;21-Dec-2025

Union Mutual Fund
115401;Union Liquid Fund - Daily IDCW Option;;INF582M01021;1001.1995;;;21-Dec-2025
119301;Union Liquid Fund - Direct Plan - Daily IDCW Option;;INF582M01682;1001.1995;;;21-Dec-2025
119305;Union Liquid Fund - Direct Plan - Fortnightly IDCW Option;INF582M01724;INF582M01708;1002.6615;;;21-Dec-2025
119303;Union Liquid Fund - Direct Plan - Growth Option;INF582M01674;;2614.2102;;;21-Dec-2025
119302;Union Liquid Fund - Direct Plan - Monthly IDCW Option;INF582M01732;INF582M01716;1005.0595;;;21-Dec-2025
119304;Union Liquid Fund - Direct Plan - Weekly IDCW Option;;INF582M01690;1002.0506;;;21-Dec-2025
115399;Union Liquid Fund - Fortnightly IDCW Option;INF582M01062;INF582M01047;1002.6346;;;21-Dec-2025
115398;Union Liquid Fund - Growth Option;INF582M01013;;2581.3110;;;21-Dec-2025
115400;Union Liquid Fund - Monthly IDCW Option;INF582M01070;INF582M01054;1004.5934;;;21-Dec-2025
115402;Union Liquid Fund - Weekly IDCW Option;;INF582M01039;1002.2708;;;21-Dec-2025

UTI Mutual Fund
134427;UTI Liquid Fund - Direct Plan - Annual IDCW;INF789FA1K63;INF789FA1K71;1953.6815;;;21-Dec-2025
120558;UTI Liquid Fund - Direct Plan - Daily IDCW (Reinvestment);;INF789F01XP8;1065.7575;;;21-Dec-2025
141768;UTI Liquid Fund - Direct Plan - Flexi IDCW;INF789FA1K89;INF789FA1K97;1609.14;;;21-Dec-2025
140913;UTI Liquid Fund - Direct Plan - Fortnightly IDCW;INF789FA1K06;INF789FA1K14;1156.7938;;;21-Dec-2025
140504;UTI Liquid Fund - Direct Plan - Half-Yearly IDCW;INF789FA1K48;INF789FA1K55;1526.0802;;;21-Dec-2025
120794;UTI Liquid Fund - Direct Plan - Monthly IDCW;INF789F01XR4;INF789F01XS2;1045.9907;;;21-Dec-2025
140024;UTI Liquid Fund - Direct Plan - Quarterly IDCW;INF789FA1K22;INF789FA1K30;1845.1185;;;21-Dec-2025
120777;UTI Liquid Fund - Direct Plan - Weekly IDCW;;INF789F01XT0;1379.486;;;21-Dec-2025
133973;UTI Liquid Fund - Regular Plan - Annual IDCW;INF789FA1J66;INF789FA1J74;1940.4378;;;21-Dec-2025
102010;UTI Liquid Fund - Regular Plan - Daily IDCW (Reinvestment);;INF789F01PG3;1158.4058;;;21-Dec-2025
140517;UTI Liquid Fund - Regular Plan - Flexi IDCW;INF789FA1J82;INF789FA1J90;1599.2662;;;21-Dec-2025
139838;UTI Liquid Fund - Regular Plan - Fortnightly IDCW;INF789FA1J09;INF789FA1J17;1155.9445;;;21-Dec-2025
144475;UTI Liquid Fund - Regular Plan - Half-Yearly IDCW;INF789FA1J41;INF789FA1J58;1351.0105;;;21-Dec-2025
102011;UTI Liquid Fund - Regular Plan - Monthly IDCW;INF789F01PI9;INF789F01PJ7;1103.8129;;;21-Dec-2025
135721;UTI Liquid Fund - Regular Plan - Quarterly IDCW;INF789FA1J25;INF789FA1J33;1832.2044;;;21-Dec-2025
102013;UTI Liquid Fund - Regular Plan - Weekly IDCW;;INF789F01PK5;1053.6203;;;21-Dec-2025
120304;UTI-  Liquid Cash Plan - Direct Plan - Growth Option;INF789F01XQ6;;4442.3334;;;21-Dec-2025
102012;UTI-  Liquid Cash Plan - Regular Plan - Growth Option;INF789F01PH1;;4400.677;;;21-Dec-2025
102008;UTI-  Liquid Cash Plan- Discontinued - Regular Plan - Monthly Dividend Option;INF789F01BC2;INF789F01BA6;1069.165;;;21-Dec-2025
102009;UTI-  Liquid Cash Plan- Discontinued - Regular Plan -Growth;INF789F01BB4;;3993.3506;;;21-Dec-2025
102007;UTI-  Liquid Cash Plan- Discontinued -Regular Plan Periodic Dividend Option;;INF789F01AZ5;1135.0634;;;21-Dec-2025

WhiteOak Capital Mutual Fund
145969;WhiteOak Capital Liquid Fund- Direct plan-Daily Reinvestment of Income Distribution cum capital withdrawal option (IDCW);;INF03VN01019;1001.5964;;;21-Dec-2025
145966;WhiteOak Capital Liquid Fund- Direct plan-Fortnightly Payout/ Reinvestment of Income Distribution cum capital withdrawal option (IDCW);INF03VN01027;INF03VN01035;1002.3385;;;21-Dec-2025
145971;WhiteOak Capital Liquid Fund- Direct plan-Growth Option;INF03VN01043;;1451.2181;;;21-Dec-2025
145967;WhiteOak Capital Liquid Fund- Direct plan-Monthly  Payout/ Reinvestment of Income Distribution cum capital withdrawal option (IDCW);INF03VN01050;INF03VN01068;1002.5019;;;21-Dec-2025
145970;WhiteOak Capital Liquid Fund- Direct plan-Weekly Payout/ Reinvestment of Income Distribution cum capital withdrawal option (IDCW);INF03VN01076;INF03VN01084;1002.4512;;;21-Dec-2025
145963;WhiteOak Capital Liquid Fund- Regular plan-Daily Reinvestment of Income Distribution cum capital withdrawal option (IDCW);;INF03VN01092;1001.5950;;;21-Dec-2025
145965;WhiteOak Capital Liquid Fund- Regular plan-Fortnightly Payout/ Reinvestment of Income Distribution cum capital withdrawal option (IDCW);INF03VN01100;INF03VN01118;1003.5828;;;21-Dec-2025
145968;WhiteOak Capital Liquid Fund- Regular plan-Growth Option;INF03VN01126;;1441.9360;;;21-Dec-2025
145972;WhiteOak Capital Liquid Fund- Regular plan-Monthly Payout/ Reinvestment of Income Distribution cum capital withdrawal option (IDCW);INF03VN01134;INF03VN01142;1002.2277;;;21-Dec-2025
145964;WhiteOak Capital Liquid Fund- Regular plan-Weekly Payout/ Reinvestment of Income Distribution cum capital withdrawal option (IDCW);INF03VN01159;INF03VN01167;1002.4237;;;21-Dec-2025

Open Ended Schemes ( Other Scheme - Other  ETFs )


Aditya Birla Sun Life Mutual Fund
151533;Aditya Birla Sun Life CRISIL Liquid Overnight ETF - IDCW Daily Reinvestment with Weekly Payout;INF209KB18T9;;1000.;;;21-Dec-2025

Angel One Mutual Fund
153451;ANGEL ONE NIFTY 1D RATE LIQUID ETF - GROWTH;INF1J2R01056;;1039.3858;;;21-Dec-2025

Bajaj Finserv Mutual Fund
152638;Bajaj Finserv Nifty 1D Rate Liquid ETF;INF0QA701854;;1061.6490;;;21-Dec-2025

DSP Mutual Fund
152555;DSP BSE Liquid Rate ETF;INF740KA1UM0;;1105.4121;;;21-Dec-2025
142589;DSP NIFTY 1D Rate Liquid ETF;;INF740KA1EU7;1000;;;21-Dec-2025

Groww Mutual Fund
152891;Groww Nifty 1D Rate Liquid ETF;INF666M01IP5;;107.119;;;21-Dec-2025

HDFC Mutual Fund
153403;HDFC NIFTY 1D RATE LIQUID ETF GROWTH;INF179KC1JG3;;1040.9982;;;21-Dec-2025

ICICI Prudential Mutual Fund
153378;ICICI Prudential BSE Liquid Rate ETF - Growth;INF109K1A021;;1041.9654;;;21-Dec-2025
144947;ICICI Prudential BSE Liquid Rate ETF - IDCW;INF109KC1KT9;;1000;;;21-Dec-2025

Kotak Mahindra Mutual Fund
151358;Kotak Nifty 1D Rate Liquid ETF;INF174KA1LV5;;1083.2635;;;21-Dec-2025

Mirae Asset Mutual Fund
153045;Mirae Asset Nifty 1D Rate Liquid ETF - Growth;INF769K01MY5;;1064.7899;;;21-Dec-2025
151908;Mirae Asset Nifty 1D Rate Liquid ETF-IDCW;;INF769K01KS1;1000.0000;;;21-Dec-2025

Nippon India Mutual Fund
140086;Nippon India ETF Nifty 1D Rate Liquid BeES - DAILY IDCW Option;INF732E01037;;1000.0000;;;21-Dec-2025
153725;Nippon India Nifty 1D Rate Liquid ETF-Growth;INF204KC1FU1;;1020.7861;;;21-Dec-2025

SBI Mutual Fund
153796;SBI Nifty 1D Rate Liquid ETF - Growth;INF200KB1969;;1019.2693;;;21-Dec-2025

Shriram Mutual Fund
152741;Shriram Nifty 1D Rate Liquid ETF - Growth;INF680P01422;;1084.4502;;;21-Dec-2025

Zerodha Mutual Fund
152327;Zerodha Nifty 1D Rate Liquid ETF - Growth Option;INF0R8F01034;;111.9251;;;21-Dec-2025

Close Ended Schemes ( Income )


SBI Mutual Fund
146974;SBI Fixed Maturity Plan (FMP) - Series 1 (3668 Days) - Direct Plan - Growth;INF200KA1D03;;17.1515;;;21-Dec-2025
146975;SBI Fixed Maturity Plan (FMP) - Series 1 (3668 Days) - Direct Plan - Income Distribution cum Capital Withdrawal Option (IDCW);INF200KA1D11;;17.1657;;;21-Dec-2025
146976;SBI Fixed Maturity Plan (FMP) - Series 1 (3668 Days) - Regular Plan - Growth;INF200KA1C87;;16.9389;;;21-Dec-2025
146973;SBI Fixed Maturity Plan (FMP) - Series 1 (3668 Days) - Regular Plan - Income Distribution cum Capital Withdrawal Option (IDCW);INF200KA1C95;;16.9389;;;21-Dec-2025
148387;SBI Fixed Maturity Plan (FMP) - Series 34 (3682 Days) - Direct Plan - Growth;INF200KA1Q73;;14.4163;;;21-Dec-2025
148388;SBI Fixed Maturity Plan (FMP) - Series 34 (3682 Days) - Direct Plan - Income Distribution cum Capital Withdrawal Option (IDCW);INF200KA1Q81;;14.4163;;;21-Dec-2025
148389;SBI Fixed Maturity Plan (FMP) - Series 34 (3682 Days) - Regular Plan - Growth;INF200KA1Q57;;14.2320;;;21-Dec-2025
148390;SBI Fixed Maturity Plan (FMP) - Series 34 (3682 Days) - Regular Plan - Income Distribution cum Capital Withdrawal Option (IDCW);INF200KA1Q65;;14.2321;;;21-Dec-2025
149043;SBI Fixed Maturity Plan (FMP) - Series 46 (1850 Days) - Direct Plan - Growth;INF200KA1X41;;13.1502;;;21-Dec-2025
149044;SBI Fixed Maturity Plan (FMP) - Series 46 (1850 Days) - Direct Plan - Income Distribution cum Capital Withdrawal Option (IDCW);INF200KA1X58;;13.1502;;;21-Dec-2025
149045;SBI Fixed Maturity Plan (FMP) - Series 46 (1850 Days) - Regular Plan - Growth;INF200KA1X25;;13.0667;;;21-Dec-2025
149042;SBI Fixed Maturity Plan (FMP) - Series 46 (1850 Days) - Regular Plan - Income Distribution cum Capital Withdrawal Option (IDCW);INF200KA1X33;;13.0668;;;21-Dec-2025
149147;SBI Fixed Maturity Plan (FMP) - Series 49 (1823 Days) - Direct Plan - Growth;INF200KA1Z23;;13.0292;;;21-Dec-2025
149144;SBI Fixed Maturity Plan (FMP) - Series 49 (1823 Days) - Direct Plan - Income Distribution cum Capital Withdrawal Option (IDCW);INF200KA1Z31;;13.0292;;;21-Dec-2025
149145;SBI Fixed Maturity Plan (FMP) - Series 49 (1823 Days) - Regular Plan - Growth;INF200KA1Z07;;12.9498;;;21-Dec-2025
149146;SBI Fixed Maturity Plan (FMP) - Series 49 (1823 Days) - Regular Plan - Income Distribution cum Capital Withdrawal Option (IDCW);INF200KA1Z15;;12.9498;;;21-Dec-2025
149174;SBI Fixed Maturity Plan (FMP) - Series 50 (1843 Days) - Direct Plan - Growth;INF200KA1Z64;;12.9044;;;21-Dec-2025
149175;SBI Fixed Maturity Plan (FMP) - Series 50 (1843 Days) - Direct Plan - Income Distribution Capital Withdrawal Option (IDCW);INF200KA1Z72;;12.9044;;;21-Dec-2025
149172;SBI Fixed Maturity Plan (FMP) - Series 50 (1843 Days) - Regular Plan - Growth;INF200KA1Z49;;12.8128;;;21-Dec-2025
149173;SBI Fixed Maturity Plan (FMP) - Series 50 (1843 Days) - Regular Plan -Income Distribution Capital Withdrawal Option (IDCW);INF200KA1Z56;;12.8128;;;21-Dec-2025
149195;SBI Fixed Maturity Plan (FMP) - Series 51 (1846 Days) - Direct Plan - Growth;INF200KA10A7;;12.8912;;;21-Dec-2025
149194;SBI Fixed Maturity Plan (FMP) - Series 51 (1846 Days) - Direct Plan - Income Distribution Capital Withdrawal Option (IDCW);INF200KA11A5;;12.8916;;;21-Dec-2025
149197;SBI Fixed Maturity Plan (FMP) - Series 51 (1846 Days) - Regular Plan - Growth;INF200KA1Z80;;12.8163;;;21-Dec-2025
149196;SBI Fixed Maturity Plan (FMP) - Series 51 (1846 Days) - Regular Plan - Income Distribution Capital Withdrawal Option (IDCW);INF200KA1Z98;;12.8164;;;21-Dec-2025
149232;SBI Fixed Maturity Plan (FMP) - Series 52 (1848 Days) - Direct Plan - Growth;INF200KA14A9;;12.8707;;;21-Dec-2025
149234;SBI Fixed Maturity Plan (FMP) - Series 52 (1848 Days) - Direct Plan - Income Distribution Cum Withdrawal (IDCW);INF200KA15A6;;12.8707;;;21-Dec-2025
149235;SBI Fixed Maturity Plan (FMP) - Series 52 (1848 Days) - Regular Plan - Growth;INF200KA12A3;;12.7983;;;21-Dec-2025
149233;SBI Fixed Maturity Plan (FMP) - Series 52 (1848 Days) - Regular Plan - Income Distribution Cum Withdrawal (IDCW);INF200KA13A1;;12.7983;;;21-Dec-2025
149279;SBI Fixed Maturity Plan (FMP) - Series 53 (1839 Days) - Direct Plan - Growth;INF200KA18A0;;12.8872;;;21-Dec-2025
149277;SBI Fixed Maturity Plan (FMP) - Series 53 (1839 Days) - Direct Plan - Income Distribution Cum Withdrawal Option (IDCW);INF200KA19A8;;12.8872;;;21-Dec-2025
149278;SBI Fixed Maturity Plan (FMP) - Series 53 (1839 Days) - Regular Plan - Growth;INF200KA16A4;;12.8255;;;21-Dec-2025
149280;SBI Fixed Maturity Plan (FMP) - Series 53 (1839 Days) - Regular Plan - Income  Distribution Cum Withdrawal Option (IDCW);INF200KA17A2;;12.8255;;;21-Dec-2025
149307;SBI Fixed Maturity Plan (FMP) - Series 54 (1842 Days) - Direct Plan - Growth;INF200KA12B1;;12.8651;;;21-Dec-2025
149309;SBI Fixed Maturity Plan (FMP) - Series 54 (1842 Days) - Direct Plan - Income Distribution Cum Withdrawal Option (IDCW);INF200KA13B9;;12.8656;;;21-Dec-2025
149308;SBI Fixed Maturity Plan (FMP) - Series 54 (1842 Days) - Regular Plan - Growth;INF200KA10B5;;12.8004;;;21-Dec-2025
149306;SBI Fixed Maturity Plan (FMP) - Series 54 (1842 Days) - Regular Plan - Income Distribution Cum Capital Withdrawal Option (IDCW);INF200KA11B3;;12.8003;;;21-Dec-2025
149345;SBI Fixed Maturity Plan (FMP) - Series 55 (1849 Days) - Direct Plan - Growth;INF200KA16B2;;12.8392;;;21-Dec-2025
149348;SBI Fixed Maturity Plan (FMP) - Series 55 (1849 Days) - Direct Plan - Income Distribution cum Capital Withdrawal Option (IDCW);INF200KA17B0;;12.8392;;;21-Dec-2025
149347;SBI Fixed Maturity Plan (FMP) - Series 55 (1849 Days) - Regular Plan - Growth;INF200KA14B7;;12.7753;;;21-Dec-2025
149346;SBI Fixed Maturity Plan (FMP) - Series 55 (1849 Days) - Regular Plan - Income Distribution Cum Capital Withdrawal Option (IDCW);INF200KA15B4;;12.7753;;;21-Dec-2025
149431;SBI Fixed Maturity Plan (FMP) - Series 57 (1835 Days) - Direct Plan - Growth;INF200KA14C5;;12.7607;;;21-Dec-2025
149430;SBI Fixed Maturity Plan (FMP) - Series 57 (1835 Days) - Direct Plan - Income Distribution cum Capital Withdrawal Option (IDCW);INF200KA15C2;;12.7609;;;21-Dec-2025
149432;SBI Fixed Maturity Plan (FMP) - Series 57 (1835 Days) - Regular Plan - Growth;INF200KA12C9;;12.6984;;;21-Dec-2025
149433;SBI Fixed Maturity Plan (FMP) - Series 57 (1835 Days) - Regular Plan - Income Distribution cum Capital Withdrawal Option (IDCW);INF200KA13C7;;12.6987;;;21-Dec-2025
149460;SBI Fixed Maturity Plan (FMP) - Series 58 (1842 Days) - Direct Plan - Growth;INF200KA18C6;;12.8651;;;21-Dec-2025
149461;SBI Fixed Maturity Plan (FMP) - Series 58 (1842 Days) - Direct Plan - Income Distribution cum Capital withdrawal option (IDCW);INF200KA19C4;;12.8653;;;21-Dec-2025
149459;SBI Fixed Maturity Plan (FMP) - Series 58 (1842 Days) - Regular Plan - Growth;INF200KA16C0;;12.8040;;;21-Dec-2025
149462;SBI Fixed Maturity Plan (FMP) - Series 58 (1842 Days) - Regular Plan - Income Distribution cum Capital withdrawal option (IDCW);INF200KA17C8;;12.8040;;;21-Dec-2025
149822;SBI Fixed Maturity Plan (FMP) - Series 59 (1618 Days) - Direct Plan - Growth;INF200KA19D2;;12.6677;;;21-Dec-2025
149823;SBI Fixed Maturity Plan (FMP) - Series 59 (1618 Days) - Direct Plan - Income Distribution cum Capital Withdrawal Option (IDCW);INF200KA10E9;;12.6672;;;21-Dec-2025
149825;SBI Fixed Maturity Plan (FMP) - Series 59 (1618 Days) - Regular Plan - Growth;INF200KA17D6;;12.6108;;;21-Dec-2025
149824;SBI Fixed Maturity Plan (FMP) - Series 59 (1618 Days) - Regular Plan - Income Distribution cum Capital Withdrawal Option (IDCW);INF200KA18D4;;12.6108;;;21-Dec-2025
147248;SBI Fixed Maturity Plan (FMP) - Series 6 (3668 Days) - Direct Plan - Growth;INF200KA1F27;;16.6984;;;21-Dec-2025
147249;SBI Fixed Maturity Plan (FMP) - Series 6 (3668 Days) - Direct Plan - Income Distribution cum Capital Withdrawal Option (IDCW);INF200KA1F35;;16.6987;;;21-Dec-2025
147247;SBI Fixed Maturity Plan (FMP) - Series 6 (3668 Days) - Regular Plan - Growth;INF200KA1F01;;16.4359;;;21-Dec-2025
147250;SBI Fixed Maturity Plan (FMP) - Series 6 (3668 Days) - Regular Plan - Income Distribution cum Capital Withdrawal Option (IDCW);INF200KA1F19;;16.4387;;;21-Dec-2025
149878;SBI Fixed Maturity Plan (FMP) - Series 60 (1878 Days) - Direct Plan - Growth;INF200KA13E3;;12.7757;;;21-Dec-2025
149879;SBI Fixed Maturity Plan (FMP) - Series 60 (1878 Days) - Direct Plan - Income Distribution cum Capital Withdrwal Option (IDCW);INF200KA14E1;;12.7759;;;21-Dec-2025
149876;SBI Fixed Maturity Plan (FMP) - Series 60 (1878 Days) - Regular Plan - Growth;INF200KA11E7;;12.7164;;;21-Dec-2025
149877;SBI Fixed Maturity Plan (FMP) - Series 60 (1878 Days) - Regular Plan - Income Distribution cum Capital Withdrawal Option (IDCW);INF200KA12E5;;12.7164;;;21-Dec-2025
149993;SBI Fixed Maturity Plan (FMP)- Series 61 (1927 Days)- Direct Plan- Growth option;INF200KA13F0;;12.8164;;;21-Dec-2025
149995;SBI Fixed Maturity Plan (FMP)- Series 61 (1927 Days)- Direct Plan- Income Distribution Cum Capital withdrawal option;INF200KA14F8;;12.8165;;;21-Dec-2025
149994;SBI Fixed Maturity Plan (FMP)- Series 61 (1927 Days)- Regular Plan- Growth option;INF200KA11F4;;12.7587;;;21-Dec-2025
149992;SBI Fixed Maturity Plan (FMP)- Series 61 (1927 Days)- Regular Plan- Income Distribution Cum Capital withdrawal option;INF200KA12F2;;12.7586;;;21-Dec-2025
150379;SBI Fixed Maturity Plan (FMP) - Series 66 (1361 Days) - Direct Plan - Growth;INF200KA11M0;;12.7277;;;21-Dec-2025
150378;SBI Fixed Maturity Plan (FMP) - Series 66 (1361 Days) - Direct Plan - Income Distribution cum Capital Withdrawal Option (IDCW);INF200KA12M8;;12.7277;;;21-Dec-2025
150377;SBI Fixed Maturity Plan (FMP) - Series 66 (1361 Days) - Regular Plan - Growth;INF200KA19L5;;12.6774;;;21-Dec-2025
150380;SBI Fixed Maturity Plan (FMP) - Series 66 (1361 Days) - Regular Plan - Income Distribution cum Capital Withdrawal Option (IDCW);INF200KA10M2;;12.6774;;;21-Dec-2025
150460;SBI Fixed Maturity Plan (FMP) - Series 67 (1467 Days) - Direct Plan - Growth;INF200KA15M1;;12.7343;;;21-Dec-2025
150458;SBI Fixed Maturity Plan (FMP) - Series 67 (1467 Days) - Direct Plan - IDCW Payout;INF200KA16M9;;12.7343;;;21-Dec-2025
150461;SBI Fixed Maturity Plan (FMP) - Series 67 (1467 Days) - Regular Plan - Growth;INF200KA13M6;;12.6850;;;21-Dec-2025
150459;SBI Fixed Maturity Plan (FMP) - Series 67 (1467 Days) - Regular Plan - IDCW Payout;INF200KA14M4;;12.6854;;;21-Dec-2025
150649;SBI Fixed Maturity Plan (FMP) - Series 68 (1302 Days) - Direct Plan - Growth;INF200KA15O7;;12.5621;;;21-Dec-2025
150650;SBI Fixed Maturity Plan (FMP) - Series 68 (1302 Days) - Direct Plan - IDCW Payout;INF200KA16O5;;12.5645;;;21-Dec-2025
150647;SBI Fixed Maturity Plan (FMP) - Series 68 (1302 Days) - Regular Plan - Growth;INF200KA13O2;;12.5147;;;21-Dec-2025
150648;SBI Fixed Maturity Plan (FMP) - Series 68 (1302 Days) - Regular Plan - IDCW Payout;INF200KA14O0;;12.5146;;;21-Dec-2025
151559;SBI Fixed Maturity Plan (FMP) - Series 79 (1170 Days) - Direct Plan - Growth;INF200KA19W2;;12.2303;;;21-Dec-2025
151558;SBI Fixed Maturity Plan (FMP) - Series 79 (1170 Days) - Direct Plan - Income Distribution cum Capital Withdrawal Payout;INF200KA10X9;;12.2305;;;21-Dec-2025
151556;SBI Fixed Maturity Plan (FMP) - Series 79 (1170 Days) - Regular Plan - Growth;INF200KA17W6;;12.1892;;;21-Dec-2025
151557;SBI Fixed Maturity Plan (FMP) - Series 79 (1170 Days) - Regular Plan - Income Distribution cum Capital Withdrawal Payout;INF200KA18W4;;12.1893;;;21-Dec-2025
148848;SBI Fixed Maturity Plan (FMP) - Series 42 (1857 Days) Direct Plan - Income Distribution cum Capital Withdrawal Option (IDCW);INF200KA1V27;;13.3337;;;21-Dec-2025
148845;SBI Fixed Maturity Plan (FMP) - Series 42 (1857 Days) Regular Plan - Income Distribution cum Capital Withdrawal Option (IDCW);INF200KA1V01;;13.2329;;;21-Dec-2025
148846;SBI Fixed Maturity Plan (FMP) Series 42 (1857 Days) - Direct Plan - Growth;INF200KA1V19;;13.3334;;;21-Dec-2025
148847;SBI Fixed Maturity Plan (FMP) Series 42 (1857 Days) - Regular Plan - Growth;INF200KA1U93;;13.2329;;;21-Dec-2025
148967;SBI Fixed Maturity Plan (FMP) - Series 44 (1855 Days) - Direct Plan - Growth;INF200KA1W59;;13.1756;;;21-Dec-2025
148968;SBI Fixed Maturity Plan (FMP) - Series 44 (1855 Days) - Direct Plan - Income Distribution cum Capital Withdrawal Option (IDCW);INF200KA1W67;;13.1756;;;21-Dec-2025
148966;SBI Fixed Maturity Plan (FMP) - Series 44 (1855 Days) - Regular Plan - Growth;INF200KA1W34;;13.0949;;;21-Dec-2025
148969;SBI Fixed Maturity Plan (FMP) Series 44 (1855 Days) - Regular Plan - Income Distribution cum Capital Withdrawal Option (IDCW);INF200KA1W42;;13.0949;;;21-Dec-2025
148999;SBI Fixed Maturity Plan (FMP) Series 45 (1840 Days) - Direct Plan - Growth;INF200KA1W91;;13.1638;;;21-Dec-2025
148998;SBI Fixed Maturity Plan (FMP) Series 45 (1840 Days) - Direct Plan - Income Distribution cum Capital Withdrawal Option (IDCW);INF200KA1X09;;13.1638;;;21-Dec-2025
148996;SBI Fixed Maturity Plan (FMP) Series 45 (1840 Days) - Regular Plan - Growth;INF200KA1W75;;13.0867;;;21-Dec-2025
148997;SBI Fixed Maturity Plan (FMP) Series 45 (1840Days) - Regular Plan - Income Distribution cum Capital Withdrawal Option (IDCW);INF200KA1W83;;13.0867;;;21-Dec-2025
150919;SBI Fixed Maturity Plan (FMP)-Series 72 (1239 Days) Direct Plan- Growth;INF200KA17S4;;12.4263;;;21-Dec-2025
150916;SBI Fixed Maturity Plan (FMP)-Series 72 (1239 Days) Direct Plan- Income Distribution Cum Capital Withdrawal Payout;INF200KA18S2;;12.4263;;;21-Dec-2025
150917;SBI Fixed Maturity Plan (FMP)-Series 72 (1239 Days) Regular Plan- Growth;INF200KA15S8;;12.3807;;;21-Dec-2025
150918;SBI Fixed Maturity Plan (FMP)-Series 72 (1239 Days) Regular Plan- Income Distribution Cum Capital Withdrawal Payout;INF200KA16S6;;12.3806;;;21-Dec-2025
150984;SBI Fixed Maturity Plan (FMP) - Series 73 (1226 Days) - Direct Plan - Growth;INF200KA11T5;;12.3939;;;21-Dec-2025
150985;SBI Fixed Maturity Plan (FMP) - Series 73 (1226 Days) - Direct Plan - IDCW Payout;INF200KA12T3;;12.3938;;;21-Dec-2025
150986;SBI Fixed Maturity Plan (FMP) - Series 73 (1226 Days) - Regular Plan - Growth;INF200KA19S0;;12.3496;;;21-Dec-2025
150983;SBI Fixed Maturity Plan (FMP) - Series 73 (1226 Days) - Regular Plan - IDCW Payout;INF200KA10T7;;12.3497;;;21-Dec-2025
151252;SBI Fixed Maturity Plan (FMP)-Series 74 (1243 Days)- Direct Plan- Growth;INF200KA11U3;;12.3759;;;21-Dec-2025
151253;SBI Fixed Maturity Plan (FMP)-Series 74 (1243 Days)- Direct Plan- Income Distribution Cum Capital Withdrawal Payout;INF200KA12U1;;12.3758;;;21-Dec-2025
151254;SBI Fixed Maturity Plan (FMP)-Series 74 (1243 Days)- Regular Plan- Growth;INF200KA19T8;;12.3324;;;21-Dec-2025
151255;SBI Fixed Maturity Plan (FMP)-Series 74 (1243 Days)- Regular Plan- Income Distribution Cum Capital Withdrawal Payout;INF200KA10U5;;12.3325;;;21-Dec-2025
151351;SBI Fixed Maturity Plan (FMP) - Series 76 (1221 Days) - Direct Plan - Growth;INF200KA19U6;;12.2895;;;21-Dec-2025
151350;SBI Fixed Maturity Plan (FMP) - Series 76 (1221 Days) - Direct Plan - Income Distribution Cum Capital Withdrawal Payout;INF200KA10V3;;12.2895;;;21-Dec-2025
151349;SBI Fixed Maturity Plan (FMP) - Series 76 (1221 Days) - Regular Plan - Growth;INF200KA17U0;;12.2475;;;21-Dec-2025
151348;SBI Fixed Maturity Plan (FMP) - Series 76 (1221 Days) - Regular Plan - Income Distribution Cum Capital Withdrawal Payout;INF200KA18U8;;12.2475;;;21-Dec-2025
151451;SBI Fixed Maturity Plan (FMP)-Series 78 (1170 Days) Direct Plan- Growth;INF200KA19V4;;12.2756;;;21-Dec-2025
151452;SBI Fixed Maturity Plan (FMP)-Series 78 (1170 Days) Direct Plan- Income Distribution Cum Capital Withdrawal Payout;INF200KA10W1;;12.2753;;;21-Dec-2025
151454;SBI Fixed Maturity Plan (FMP)-Series 78 (1170 Days) Regular Plan- Growth;INF200KA17V8;;12.2333;;;21-Dec-2025
151453;SBI Fixed Maturity Plan (FMP)-Series 78 (1170 Days) Regular Plan- Income Distribution Cum Capital Withdrawal Payout;INF200KA18V6;;12.2324;;;21-Dec-2025
151639;SBI Fixed Maturity Plan (FMP)-Series 81 (1157 Days) Direct Plan- Growth;INF200KA17X4;;12.1835;;;21-Dec-2025
151640;SBI Fixed Maturity Plan (FMP)-Series 81 (1157 Days) Direct Plan- Income Distribution Cum Capital Withdrawal Payout;INF200KA18X2;;12.1836;;;21-Dec-2025
151641;SBI Fixed Maturity Plan (FMP)-Series 81 (1157 Days) Regular Plan- Growth;INF200KA15X8;;12.1439;;;21-Dec-2025
151642;SBI Fixed Maturity Plan (FMP)-Series 81 (1157 Days) Regular Plan- Income Distribution Cum Capital Withdrawal Payout;INF200KA16X6;;12.1439;;;21-Dec-2025
