Scheme Code;Scheme Name;ISIN Div Payout/ISIN Growth;ISIN Div Reinvestment;Net Asset Value;Repurchase Price;Sale Price;Date

Open Ended Schemes ( Liquid )


PGIM India Mutual Fund
120102;DHFL Pramerica Liquid Fund - Direct Plan-Daily Dividend Option;;INF663L01633;1000.5500;1000.5500;1000.5500;26-Dec-2015
120104;DHFL Pramerica Liquid Fund - Direct Plan-Growth Option;INF663L01625;;1584.2667;1584.2667;1584.2667;26-Dec-2015
120105;DHFL Pramerica Liquid Fund - Direct Plan-Monthly Dividend Option;INF663L01682;INF663L01666;1000.0249;1000.0249;1000.0249;26-Dec-2015
120106;DHFL Pramerica Liquid Fund - Direct Plan-Weekly Dividend - Option;;INF663L01641;1001.0780;1001.0780;1001.0780;26-Dec-2015
113184;DHFL Pramerica Liquid Fund - Dividend Option - Daily;;INF663L01088;1000.8000;1000.8000;1000.8000;26-Dec-2015
113186;DHFL Pramerica Liquid Fund - Dividend Option - Monthly;INF663L01138;INF663L01112;1000.0000;1000.0000;1000.0000;26-Dec-2015
113183;DHFL Pramerica Liquid Fund - Growth Option;INF663L01070;;1580.1672;1580.1672;1580.1672;26-Dec-2015
113185;DHFL Pramerica Liquid Fund -Dividend Option- Weekly;;INF663L01096;1000.8074;1000.8074;1000.8074;26-Dec-2015
122257;DHFL Pramerica Liquid Fund-Bonus Option;INF663L01BD5;;1579.6714;1579.6714;1579.6714;26-Dec-2015

Sahara Mutual Fund
101397;Sahara Liquid Fund-Fixed Pricing -  Weekly Dividend Option;;INF515L01064;1027.4373;1027.4373;1027.4373;26-Dec-2015
101393;Sahara Liquid Fund-Fixed Pricing - Daily Dividend Option;;INF515L01049;1066.7060;1066.7060;1066.7060;26-Dec-2015
120265;Sahara Liquid Fund-Fixed Pricing - Direct - Weekly Dividend Option;;INF515L01668;1027.4373;1027.4373;1027.4373;26-Dec-2015
120262;Sahara Liquid Fund-Fixed Pricing - Direct -Growth option;INF515L01650;;2611.6900;2611.6900;2611.6900;26-Dec-2015
101394;Sahara Liquid Fund-Fixed Pricing - Growth option;INF515L01056;;2610.3659;2610.3659;2610.3659;26-Dec-2015
101398;Sahara Liquid Fund-Fixed Pricing - Monthly Dividend Option;;INF515L01072;1043.3721;1043.3721;1043.3721;26-Dec-2015
120253;Sahara Liquid Fund-Fixed Pricing -Direct - Daily Dividend Option- Direct;;INF515L01643;1066.7060;1066.7060;1066.7060;26-Dec-2015
120266;Sahara Liquid Fund-Fixed Pricing -Direct - Monthly Dividend Option;;INF515L01676;1043.3721;1043.3721;1043.3721;26-Dec-2015
101399;Sahara Liquid Fund-Variable Pricing - Daily Dividend option;;INF515L01080;1067.9868;1067.9868;1067.9868;26-Dec-2015
101402;Sahara Liquid Fund-Variable Pricing - Growth option;INF515L01114;;2648.8746;2648.8746;2648.8746;26-Dec-2015
101400;Sahara Liquid Fund-Variable Pricing - Weekly Dividend Option;;INF515L01098;1074.9505;1074.9505;1074.9505;26-Dec-2015
120271;Sahara Liquid Fund-Variable Pricing -Direct - Daily Dividend option;;INF515L01684;1038.8267;1038.8267;1038.8267;26-Dec-2015
120280;Sahara Liquid Fund-Variable Pricing -Direct - Growth option;INF515L01718;;2651.1964;2651.1964;2651.1964;26-Dec-2015
120272;Sahara Liquid Fund-Variable Pricing -Direct - Weekly Dividend Option;;INF515L01692;1074.9505;1074.9505;1074.9505;26-Dec-2015
120273;Sahara Liquid Fund-Variable Pricing- Direct - Monthly Dividend Option;;INF515L01700;1055.8972;1055.8972;1055.8972;26-Dec-2015
101401;Sahara Liquid Fund-Variable Pricing- Monthly Dividend Option;;INF515L01106;1084.1818;1084.1818;1084.1818;26-Dec-2015

Tata Mutual Fund
101987;Tata Liquid Fund Reglar Plan - Monthly Dividend;INF277K01LR5;INF277K01LS3;1006.0406;1006.0406;1006.0406;26-Dec-2015
101861;Tata Liquid Fund-Regular Plan  - Weekly Dividend;INF277K016C5;;1001.4915;1001.4915;1001.4915;26-Dec-2015
101984;Tata Liquid High Investment Plan - Daily;;;1114.3379;1114.3379;1114.3379;26-Dec-2015
101860;Tata Liquid High Investment Plan - Growth;INF277K01LN4;;2405.5632;2405.5632;2405.5632;26-Dec-2015
101985;Tata Liquid High Investment Plan - Monthly;INF277K01LO2;INF277K01LP9;1025.2879;1025.2879;1025.2879;26-Dec-2015
101859;Tata Liquid High Investment Plan - Weekly;;;1147.3754;1147.3754;1147.3754;26-Dec-2015
101982;Tata Liquid Retail Investment PLan - Daily;;;1116.8143;1116.8143;1116.8143;26-Dec-2015
101983;Tata Liquid Retail Investment Plan - Fortnightly;;;1147.2695;1147.2695;1147.2695;26-Dec-2015
101858;Tata Liquid Retail Investment Plan - Growth;INF277K01LM6;;3277.4700;3277.4700;3277.4700;26-Dec-2015
103631;Tata Liquidity Management Fund - Regular Plan - Daily Dividend;;;1002.6089;1002.6089;1002.6089;26-Dec-2015
103632;Tata Liquidity Management Fund - Regular Plan - Growth;INF277K01LW5;;1970.4298;1970.4298;1970.4298;26-Dec-2015
103519;Tata Liquidity Management Fund - Regular Plan  -Weekly Dividend;;;1006.2968;1006.2968;1006.2968;26-Dec-2015
119443;Tata Liquidity Management Fund- Direct Plan-Daily Dividend;;;1002.6089;1002.6089;1002.6089;26-Dec-2015
119444;Tata Liquidity Management Fund- Direct Plan-Growth;INF277K01PU0;;1973.1996;1973.1996;1973.1996;26-Dec-2015
119442;Tata Liquidity Management Fund- Direct Plan-Weekly Dividend;;;1006.3366;1006.3366;1006.3366;26-Dec-2015

Open Ended Schemes ( Money Market )


Tata Mutual Fund
102152;Tata Money Market Fund Regular (Bonus / Dividend);;;1015.6242;1015.6242;1015.6242;26-Dec-2015
102153;Tata Money Market Fund Regular (Growth);INF277K01LY1;;2299.7735;2299.7735;2299.7735;26-Dec-2015

Open Ended Schemes ( Debt Scheme - Overnight Fund )


SBI Mutual Fund
119831;SBI Overnight Fund - Direct Plan - Daily Income Distribution cum Capital Withdrawal Option (IDCW);;INF200K01TJ7;1009.91;1007.3852;1009.91;26-Dec-2015
119833;SBI OVERNIGHT FUND - DIRECT PLAN - GROWTH;INF200K01TK5;;2528.7003;2522.3785;2528.7003;26-Dec-2015
119832;SBI Overnight Fund - Direct Plan - Weekly Income Distribution cum Capital Withdrawal Option (IDCW);INF200K01TL3;INF200K01TM1;1031.1904;1028.6124;1031.1904;26-Dec-2015
114297;SBI Overnight Fund - Regular Plan - Daily Income Distribution cum Capital Withdrawal Option (IDCW);;INF200K01LN6;1009.91;1007.3852;1009.91;26-Dec-2015
101206;SBI OVERNIGHT FUND - REGULAR PLAN - GROWTH;INF200K01LQ9;;2516.3682;2510.0773;2516.3682;26-Dec-2015
103140;SBI Overnight Fund - Regular Plan - Weekly Income Distribution cum Capital Withdrawal Option (IDCW);INF200K01LO4;INF200K01LP1;1031.1903;1028.6123;1031.1903;26-Dec-2015

Open Ended Schemes ( Debt Scheme - Liquid Fund )


Axis Mutual Fund
128954;Axis Liquid Fund - Direct plan - Bonus Option;INF846K01NH4;;1644.4213;1644.4213;1644.4213;26-Dec-2015
120388;Axis Liquid Fund - Direct Plan - Daily IDCW;;INF846K01DA0;1000.3232;1000.3232;1000.3232;26-Dec-2015
120389;Axis Liquid Fund - Direct Plan - Growth Option;INF846K01CX4;;1644.5017;1644.5017;1644.5017;26-Dec-2015
120391;Axis Liquid Fund - Direct Plan - Monthly IDCW;INF846K01CY2;INF846K01CZ9;1006.2520;1006.2520;1006.2520;26-Dec-2015
120390;Axis Liquid Fund - Direct Plan - Weekly IDCW;INF846K01DB8;INF846K01DC6;1003.1326;1003.1326;1003.1326;26-Dec-2015
112211;Axis Liquid Fund - Regular Plan - Daily IDCW;;INF846K01420;1000.3608;1000.3608;1000.3608;26-Dec-2015
112210;Axis Liquid Fund - Regular Plan - Growth Option;INF846K01412;;1641.3925;1641.3925;1641.3925;26-Dec-2015
112213;Axis Liquid Fund - Regular Plan - Monthly IDCW;INF846K01453;INF846K01461;1006.3141;1006.3141;1006.3141;26-Dec-2015
112212;Axis Liquid Fund - Regular Plan - Weekly IDCW;INF846K01438;INF846K01446;1003.1232;1003.1232;1003.1232;26-Dec-2015
112712;Axis Liquid Fund - Retail Plan - Daily IDCW;;INF846K01362;1000.3232;1000.3232;1000.3232;26-Dec-2015
112713;Axis Liquid Fund - Retail Plan - Growth Option;INF846K01354;;1577.6625;1577.6625;1577.6625;26-Dec-2015
112714;Axis Liquid Fund - Retail Plan - Monthly IDCW;INF846K01396;INF846K01404;1005.7696;1005.7696;1005.7696;26-Dec-2015
112715;Axis Liquid Fund - Retail Plan - Weekly IDCW;INF846K01370;INF846K01388;1001.2358;1001.2358;1001.2358;26-Dec-2015

Bank of India Mutual Fund
119368;BANK OF INDIA Liquid Fund- Direct Plan- Daily IDCW;;INF761K01CL0;1002.6483;1002.6483;1002.6483;26-Dec-2015
119369;BANK OF INDIA Liquid Fund- Direct Plan- Growth;INF761K01785;;1708.7904;1708.7904;1708.7904;26-Dec-2015
119370;BANK OF INDIA Liquid Fund- Direct Plan- Weekly IDCW;;INF761K01CM8;1062.6441;1062.6441;1062.6441;26-Dec-2015
111971;BANK OF INDIA Liquid Fund- Regular Plan- Daily IDCW;;INF761K01CO4;1002.1069;1002.1069;1002.1069;26-Dec-2015
109254;BANK OF INDIA Liquid Fund- Regular Plan- Growth;INF761K01306;;1703.6920;1703.6920;1703.6920;26-Dec-2015
109255;BANK OF INDIA Liquid Fund- Regular Plan- Weekly IDCW;;INF761K01CP1;1002.3255;1002.3255;1002.3255;26-Dec-2015

Canara Robeco Mutual Fund
118307;CANARA ROBECO LIQUID FUND - DIRECT PLAN - DAILY IDCW (Reinvestment);;INF760K01FS0;1005.5000;1005.5000;1005.5000;26-Dec-2015
118305;CANARA ROBECO LIQUID FUND - DIRECT PLAN - GROWTH OPTION;INF760K01FU6;;1801.0657;1801.0657;1801.0657;26-Dec-2015
118304;CANARA ROBECO LIQUID FUND - DIRECT PLAN - IDCW (Payout/Reinvestment);INF760K01FT8;;1289.4477;1289.4477;1289.4477;26-Dec-2015
118306;CANARA ROBECO LIQUID FUND - DIRECT PLAN - MONTHLY IDCW (Payout/Reinvestment);INF760K01FV4;INF760K01FW2;1006.2636;1006.2636;1006.2636;26-Dec-2015
118308;CANARA ROBECO LIQUID FUND - DIRECT PLAN - WEEKLY IDCW (Payout/Reinvestment);INF760K01FY8;INF760K01FX0;1000.6098;1000.6098;1000.6098;26-Dec-2015
109349;CANARA ROBECO LIQUID FUND - REGULAR PLAN - DAILY IDCW (Reinvestment);;INF760K01CU3;1005.5000;1005.5000;1005.5000;26-Dec-2015
109353;CANARA ROBECO LIQUID FUND - REGULAR PLAN - GROWTH OPTION;INF760K01CW9;;1798.4589;1798.4589;1798.4589;26-Dec-2015
109351;CANARA ROBECO LIQUID FUND - REGULAR PLAN - MONTHLY IDCW (Payout/Reinvestment);INF760K01CX7;INF760K01CY5;1006.2279;1006.2279;1006.2279;26-Dec-2015
109350;CANARA ROBECO LIQUID FUND - REGULAR PLAN - WEEKLY IDCW (Payout/Reinvestment);INF760K01BZ4;INF760K01CZ2;1000.6082;1000.6082;1000.6082;26-Dec-2015
101363;Canara Robeco Liquid Fund- INSTITUTIONAL-Daily Dividend Reinvestment;;INF760K01CC1;1005.5000;1005.5000;1005.5000;26-Dec-2015
101362;Canara Robeco Liquid Fund- INSTITUTIONAL-Growth;INF760K01CD9;;2638.6102;2638.6102;2638.6102;26-Dec-2015
101364;Canara Robeco Liquid Fund-Retail-DRI;;INF760K01CF4;1007.0000;1007.0000;1007.0000;26-Dec-2015
101365;Canara Robeco Liquid Fund-Retail-Growth;INF760K01CH0;;2567.3977;2567.3977;2567.3977;26-Dec-2015
109347;Canara Robeco Liquid Fund-Retail-Monthly Div Reinvest;;INF760K01CI8;1011.5413;1011.5413;1011.5413;26-Dec-2015
109356;Canara Robeco Liquid Fund-Retail-Weekly Div Reinvest;;INF760K01CJ6;1006.0925;1006.0925;1006.0925;26-Dec-2015

Groww Mutual Fund
119135;Groww Liquid Fund ( formerly known as Indiabulls Liquid )Fund - Direct Plan - Growth Option;INF666M01451;;1445.5489;1445.5489;1445.5489;26-Dec-2015
119136;Groww Liquid Fund (formerly known as Indiabulls Liquid Fund) - Direct Plan- - Income Distribution cum capital withdrawal Option ( Reinvestment);;INF666M01469;1000.4324;1000.4324;1000.4324;26-Dec-2015
115991;Groww Liquid Fund (formerly known as Indiabulls Liquid Fund) - Regular Plan - Growth Option;INF666M01014;;1441.5203;1441.5203;1441.5203;26-Dec-2015
119139;Groww Liquid Fund (formerly known as Indiabulls Liquid Fund)- Direct Plan- Monthly - Income Distribution cum capital withdrawal Option (Payout & Reinvestment);INF666M01519;INF666M01493;1005.539;1005.539;1005.539;26-Dec-2015
119137;Groww Liquid Fund (formerly known as Indiabulls Liquid Fund)- Direct Plan- Weekly - Income Distribution cum capital withdrawal Option (Payout & Reinvestment);INF666M01527;INF666M01477;1001.0821;1001.0821;1001.0821;26-Dec-2015
115992;Groww Liquid Fund (formerly known as Indiabulls Liquid Fund)- Regular Plan- - Income Distribution cum capital withdrawal Option (Reinvestment);;INF666M01022;1000.5175;1000.5175;1000.5175;26-Dec-2015
115993;Groww Liquid Fund (formerly known as Indiabulls Liquid Fund)- Regular Plan- Weekly - Income Distribution cum capital withdrawal Option (Payout & Reinvestment);INF666M01089;INF666M01030;1002.646;1002.646;1002.646;26-Dec-2015

quant Mutual Fund
120837;quant Liquid Fund - Growth Option - Direct Plan;INF966L01820;;23.2232;23.2232;23.2232;26-Dec-2015
103225;quant Liquid Fund - Growth Option - Regular Plan;INF966L01317;;23.116;23.116;23.116;26-Dec-2015
120838;quant Liquid Fund - Monthly IDCW Option - Direct Plan;INF966L01796;INF966L01812;15.261;15.261;15.261;26-Dec-2015
103228;quant Liquid Fund - Monthly IDCW Option - Regular Plan;INF966L01291;INF966L01309;15.1674;15.1674;15.1674;26-Dec-2015
120839;quant Liquid Fund - Weekly IDCW Option - Direct Plan;INF966L01788;INF966L01804;13.6523;13.6523;13.6523;26-Dec-2015
103227;quant Liquid Fund - Weekly IDCW Option - Regular Plan;INF966L01499;INF966L01283;13.5595;13.5595;13.5595;26-Dec-2015
120836;quant Liquid Fund-Daily IDCW Option - Direct Plan;;INF966L01770;13.7963;13.7963;13.7963;26-Dec-2015
103226;quant Liquid Fund-Daily IDCW Option - Regular Plan;;INF966L01275;13.7183;13.7183;13.7183;26-Dec-2015

SBI Mutual Fund
119804;SBI Liquid Fund - Direct Paln - Fortnightly Income Distribution cum Capital Withdrawal Option (IDCW);INF200K01UR8;INF200K01US6;1013.3036;1013.3036;1013.3036;26-Dec-2015
119805;SBI Liquid Fund - Direct Plan - Daily Income Distribution cum Capital Withdrawal Option (IDCW);;INF200K01UQ0;1003.25;1003.25;1003.25;26-Dec-2015
119799;SBI Liquid Fund - Direct Plan - Weekly Income Distribution cum Capital Withdrawal Option (IDCW);INF200K01UU2;INF200K01UV0;1061.0596;1061.0596;1061.0596;26-Dec-2015
119800;SBI Liquid Fund - DIRECT PLAN -Growth;INF200K01UT4;;2330.3;2330.3;2330.3;26-Dec-2015
105274;SBI Liquid Fund - Institutional - Growth;INF200K01LU1;;2347.7333;2347.7333;2347.7333;26-Dec-2015
105275;SBI Liquid Fund - Institutional Daily Income Distribution cum Capital Withdrawal Option (IDCW);;INF200K01LR7;1003.25;1003.25;1003.25;26-Dec-2015
105279;SBI Liquid Fund - Institutional Fortnightly Income Distribution cum Capital Withdrawal Option (IDCW);INF200K01LS5;INF200K01LT3;1024.6131;1024.6131;1024.6131;26-Dec-2015
105278;SBI Liquid Fund - Institutional Weekly Income Distribution cum Capital Withdrawal Option (IDCW);INF200K01LV9;INF200K01LW7;1060.3504;1060.3504;1060.3504;26-Dec-2015
105281;SBI Liquid Fund - Regular Plan - Daily Income Distribution cum Capital Withdrawal Option (IDCW);;INF200K01LX5;1003.25;1003.25;1003.25;26-Dec-2015
105283;SBI Liquid Fund - Regular Plan - Fortnightly Income Distribution cum Capital Withdrawal Option (IDCW);INF200K01LY3;INF200K01LZ0;1013.2926;1013.2926;1013.2926;26-Dec-2015
105282;SBI Liquid Fund - Regular Plan - Weekly Income Distribution cum Capital Withdrawal Option (IDCW);INF200K01MB9;INF200K01MC7;1061.0596;1061.0596;1061.0596;26-Dec-2015
105280;SBI Liquid Fund - REGULAR PLAN -Growth;INF200K01MA1;;2325.893;2325.893;2325.893;26-Dec-2015

Sundaram Mutual Fund
119690;Sundaram Money Fund Direct Plan - Bonus;INF903J01RL8;;11.1986;11.1986;11.1986;26-Dec-2015
119688;Sundaram Money Fund Direct Plan - Daily Reinvestment of Income Distribution cum Capital Withdrawal (IDCW);;INF903J01QA3;10.1025;10.1025;10.1025;26-Dec-2015
119692;Sundaram Money Fund Direct Plan - Fortnightly Reinvestment of Income Distribution cum Capital Withdrawal (IDCW);;INF903J01QB1;25.7269;25.7269;25.7269;26-Dec-2015
119686;Sundaram Money Fund Direct Plan - Growth;INF903J01QF2;;31.2924;31.2924;31.2924;26-Dec-2015
119687;Sundaram Money Fund Direct Plan - Monthly Income Distribution cum Capital Withdrawal (IDCW);INF903J01QC9;INF903J01QD7;10.6580;10.6580;10.6580;26-Dec-2015
119689;Sundaram Money Fund Direct Plan - Quarterly Reinvestment of Income Distribution cum Capital Withdrawal (IDCW);;INF903J01QE5;31.2489;31.2489;31.2489;26-Dec-2015
119691;Sundaram Money Fund Direct Plan - Weekly Reinvestment of Income Distribution cum Capital Withdrawal (IDCW);;INF903J01QG0;11.4442;11.4442;11.4442;26-Dec-2015
102701;Sundaram Money Fund Institutional Plan - Daily Reinvestment of Income Distribution cum Capital Withdrawal (IDCW);;INF903J01GP2;10.0953;10.0953;10.0953;26-Dec-2015
102703;Sundaram Money Fund Institutional Plan - Growth;INF903J01GN7;;30.4587;30.4587;30.4587;26-Dec-2015
118328;Sundaram Money Fund Regular Plan - Bonus;INF903J01MB0;;11.1645;11.1645;11.1645;26-Dec-2015
103392;Sundaram Money Fund Regular Plan - Daily Reinvestment of Income Distribution cum Capital Withdrawal (IDCW);;INF903J01GW8;10.0953;10.0953;10.0953;26-Dec-2015
103395;Sundaram Money Fund Regular Plan - Fortnightly Reinvestment of Income Distribution cum Capital Withdrawal (IDCW);;INF903J01GY4;10.8856;10.8856;10.8856;26-Dec-2015
103397;Sundaram Money Fund Regular Plan - Growth;INF903J01GU2;;31.2341;31.2341;31.2341;26-Dec-2015
103396;Sundaram Money Fund Regular Plan - Monthly Income Distribution cum Capital Withdrawal (IDCW);INF903J01GV0;INF903J01GZ1;10.5158;10.5158;10.5158;26-Dec-2015
103393;Sundaram Money Fund Regular Plan - Quarterly Reinvestment of Income Distribution cum Capital Withdrawal (IDCW);;INF903J01HA2;31.2344;31.2344;31.2344;26-Dec-2015
100620;Sundaram Money Fund Retail Plan - Daily Reinvestment of Income Distribution cum Capital Withdrawal (IDCW);;INF903J01GI7;10.0953;10.0953;10.0953;26-Dec-2015
100622;Sundaram Money Fund Retail Plan - Fortnightly Reinvestment of Income Distribution cum Capital Withdrawal (IDCW);;INF903J01GK3;10.8623;10.8623;10.8623;26-Dec-2015
100618;Sundaram Money Fund Retail Plan - Growth;INF903J01GG1;;29.1888;29.1888;29.1888;26-Dec-2015
100623;Sundaram Money Fund Retail Plan - Monthly Income Distribution cum Capital Withdrawal (IDCW);INF903J01GH9;INF903J01GL1;10.5289;10.5289;10.5289;26-Dec-2015
100619;Sundaram Money Fund Retail Plan - Quarterly Reinvestment of Income Distribution cum Capital Withdrawal (IDCW);;INF903J01GM9;11.6569;11.6569;11.6569;26-Dec-2015
100621;Sundaram Money Fund Retail Plan - Weekly Reinvestment of Income Distribution cum Capital Withdrawal (IDCW);;INF903J01GJ5;11.3867;11.3867;11.3867;26-Dec-2015
103394;Sundaram Money Fund Regular Plan - Weekly Reinvestment of Income Distribution cum Capital Withdrawal (IDCW);;INF903J01GX6;11.4284;11.4284;11.4284;26-Dec-2015

Tata Mutual Fund
102672;Tata Liquid Fund -Regular Plan - Growth Option;INF277K01YD8;;2331.3519;2331.3519;2331.3519;26-Dec-2015
119862;Tata Liquid Fund- Direct Plan - Daily Reinvestment of IDCW Option;;INF277K012D2;1001.5187;1001.5187;1001.5187;26-Dec-2015
119861;Tata Liquid Fund- Direct Plan-Growth Option;INF277K01YE6;;2338.0306;2338.0306;2338.0306;26-Dec-2015
101714;Tata Liquid Fund- Regular Plan - Daily Reinvestment of IDCW Option;;INF277K011D4;1001.5157;1001.5157;1001.5157;26-Dec-2015

Union Mutual Fund
115401;Union Liquid Fund - Daily IDCW Option;;INF582M01021;1000.6489;1000.6489;1000.6489;26-Dec-2015
119301;Union Liquid Fund - Direct Plan - Daily IDCW Option;;INF582M01682;1000.6506;1000.6506;1000.6506;26-Dec-2015
119305;Union Liquid Fund - Direct Plan - Fortnightly IDCW Option;INF582M01724;INF582M01708;1003.5684;1003.5684;1003.5684;26-Dec-2015
119303;Union Liquid Fund - Direct Plan - Growth Option;INF582M01674;;1485.3402;1485.3402;1485.3402;26-Dec-2015
119302;Union Liquid Fund - Direct Plan - Monthly IDCW Option;INF582M01732;INF582M01716;1006.3766;1006.3766;1006.3766;26-Dec-2015
119304;Union Liquid Fund - Direct Plan - Weekly IDCW Option;;INF582M01690;1001.3187;1001.3187;1001.3187;26-Dec-2015
115399;Union Liquid Fund - Fortnightly IDCW Option;INF582M01062;INF582M01047;1003.5185;1003.5185;1003.5185;26-Dec-2015
115398;Union Liquid Fund - Growth Option;INF582M01013;;1481.8749;1481.8749;1481.8749;26-Dec-2015
115400;Union Liquid Fund - Monthly IDCW Option;INF582M01070;INF582M01054;1006.2809;1006.2809;1006.2809;26-Dec-2015
115402;Union Liquid Fund - Weekly IDCW Option;;INF582M01039;1001.3057;1001.3057;1001.3057;26-Dec-2015

UTI Mutual Fund
120558;UTI Liquid Fund - Direct Plan - Daily IDCW (Reinvestment);;INF789F01XP8;1019.4457;1019.4457;1019.4457;26-Dec-2015
120794;UTI Liquid Fund - Direct Plan - Monthly IDCW;INF789F01XR4;INF789F01XS2;1030.3725;1030.3725;1030.3725;26-Dec-2015
120777;UTI Liquid Fund - Direct Plan - Weekly IDCW;;INF789F01XT0;1053.5925;1053.5925;1053.5925;26-Dec-2015
133973;UTI Liquid Fund - Regular Plan - Annual IDCW;INF789FA1J66;INF789FA1J74;1069.3313;1069.3313;1069.3313;26-Dec-2015
102010;UTI Liquid Fund - Regular Plan - Daily IDCW (Reinvestment);;INF789F01PG3;1019.4457;1019.4457;1019.4457;26-Dec-2015
102011;UTI Liquid Fund - Regular Plan - Monthly IDCW;INF789F01PI9;INF789F01PJ7;1030.3442;1030.3442;1030.3442;26-Dec-2015
135721;UTI Liquid Fund - Regular Plan - Quarterly IDCW;INF789FA1J25;INF789FA1J33;1009.6359;1009.6359;0;26-Dec-2015
102013;UTI Liquid Fund - Regular Plan - Weekly IDCW;;INF789F01PK5;1053.5879;1053.5879;1053.5879;26-Dec-2015
120304;UTI-  Liquid Cash Plan - Direct Plan - Growth Option;INF789F01XQ6;;2429.9842;2429.9842;2429.9842;26-Dec-2015
102012;UTI-  Liquid Cash Plan - Regular Plan - Growth Option;INF789F01PH1;;2425.083;2425.083;2425.083;26-Dec-2015
102008;UTI-  Liquid Cash Plan- Discontinued - Regular Plan - Monthly Dividend Option;INF789F01BC2;INF789F01BA6;1171.2301;1171.2301;0;26-Dec-2015
102009;UTI-  Liquid Cash Plan- Discontinued - Regular Plan -Growth;INF789F01BB4;;2312.1545;2312.1545;0;26-Dec-2015
102007;UTI-  Liquid Cash Plan- Discontinued -Regular Plan Periodic Dividend Option;;INF789F01AZ5;1136.7839;1136.7839;0;26-Dec-2015

Open Ended Schemes ( Debt Scheme - Ultra Short Duration Fund )


SBI Mutual Fund
119784;SBI Ultra Short Duration Fund - Direct Plan - Daily Income Distribution cum Capital Withdrawal Option (IDCW);;INF200K01TG3;1675.03;1673.355;1675.03;26-Dec-2015
119828;SBI ULTRA SHORT DURATION FUND - DIRECT PLAN - GROWTH;INF200K01TF5;;3280.9123;3277.6314;3280.9123;26-Dec-2015
119829;SBI Ultra Short Duration Fund - Direct Plan - Weekly Income Distribution cum Capital Withdrawal Option (IDCW);INF200K01TH1;INF200K01TI9;1077.5805;1076.5029;1077.5805;26-Dec-2015
105080;SBI Ultra Short Duration Fund - Regular Plan - Daily Income Distribution cum Capital Withdrawal Option (IDCW);;INF200K01LK2;1675.03;1673.355;1675.03;26-Dec-2015
100641;SBI ULTRA SHORT DURATION FUND - REGULAR PLAN - GROWTH;INF200K01LJ4;;3274.1122;3270.8381;3274.1122;26-Dec-2015
103884;SBI Ultra Short Duration Fund - Regular Plan - Weekly Income Distribution cum Capital Withdrawal Option (IDCW);INF200K01LM8;INF200K01LL0;1077.5805;1076.5029;1077.5805;26-Dec-2015

Open Ended Schemes ( Debt Scheme - Money Market Fund )


Tata Mutual Fund
119423;Tata Liquid Fund- Direct Plan- Monthly Dividend;INF277K01PS4;INF277K01PT2;1006.1018;1006.1018;1006.1018;26-Dec-2015
119422;Tata Liquid Fund- Direct Plan- Weekly Dividend;INF277K013C2;;1001.4991;1001.4991;1001.4991;26-Dec-2015
119421;Tata Money Market Fund- Direct Plan - Daily Reinvestment of IDCW Option;;INF277K011C6;1114.5200;1114.5200;1114.5200;26-Dec-2015
119424;Tata Money Market Fund- Direct Plan- Growth Option;INF277K01PR6;;2738.5187;2738.5187;2738.5187;26-Dec-2015
101986;Tata Money Market Fund- Regular Plan - Daily Reinvestment of IDCW Option;;INF277K014C0;1114.5200;1114.5200;1114.5200;26-Dec-2015
101847;Tata Money Market Fund-Regular Plan - Growth Option;INF277K01LQ7;;2731.8024;2731.8024;2731.8024;26-Dec-2015

UTI Mutual Fund
120299;UTI MMF - Direct Plan - Growth Option;INF789F01XV6;;1662.9429;1662.9429;1662.9429;26-Dec-2015
112077;UTI MMF - Regular Plan - Growth Option;INF789F01PX8;;1658.3172;1658.3172;1658.3172;26-Dec-2015
100724;UTI MMF- Discontinued - Regular Plan - Flexi Dividend Option;;INF789F01BD0;2162.3752;2162.3752;0;26-Dec-2015
100725;UTI MMF- Discontinued - Regular Plan - Periodic Dividend Option;INF789F01BE8;;1995.9693;1995.9693;0;26-Dec-2015
100723;UTI MMF-Discontinued - Regular Plan -Growth;INF789F01BF5;;4007.411;4007.411;0;26-Dec-2015
120772;UTI Money Market Fund - Direct Plan - Daily IDCW (Reinvestment);;INF789F01XU8;1003.3854;1003.3854;1003.3854;26-Dec-2015
135606;UTI Money Market Fund - Direct Plan - Fortnightly IDCW;INF789FA1M20;INF789FA1M38;1024.5278;1024.5278;0;26-Dec-2015
133387;UTI Money Market Fund - Direct Plan - Monthly IDCW;INF789FA1M46;INF789FA1M53;1085.8626;1085.8626;1085.8626;26-Dec-2015
120793;UTI Money Market Fund - Direct Plan - Weekly IDCW;INF789F01XW4;INF789F01XX2;1015.1389;1015.1389;1015.1389;26-Dec-2015
112076;UTI Money Market Fund - Regular Plan - Daily IDCW (Reinvestment);;INF789F01PW0;1003.3854;1003.3854;1003.3854;26-Dec-2015
135371;UTI Money Market Fund - Regular Plan - Fortnightly IDCW;INF789FA1L05;INF789FA1L13;1024.3574;1024.3574;0;26-Dec-2015
133484;UTI Money Market Fund - Regular Plan - Monthly IDCW;INF789FA1L21;INF789FA1L39;1064.1295;1064.1295;1064.1295;26-Dec-2015
112635;UTI Money Market Fund - Regular Plan - Weekly IDCW;INF789F01PY6;INF789F01PZ3;1015.1278;1015.1278;1015.1278;26-Dec-2015

Open Ended Schemes ( Hybrid Scheme - Aggressive Hybrid Fund )


JM Financial Mutual Fund
130904;JM Aggressive Hybrid Fund (Direct) - Annual Bonus Option;INF192K01HB8;;37.8912;37.8912;37.8912;26-Dec-2015
131477;JM Aggressive Hybrid Fund (Direct) - Annual IDCW;INF192K01HJ1;INF192K01HK9;26.8312;26.8312;26.8312;26-Dec-2015
133401;JM Aggressive Hybrid Fund (Direct) - Bonus Option - Principal Units;INF192K01GP0;;38.1515;38.1515;38.1515;26-Dec-2015
120484;JM Aggressive Hybrid Fund (Direct) - Growth Option;INF192K01BQ9;;37.9822;37.9822;37.9822;26-Dec-2015
133409;JM Aggressive Hybrid Fund (Direct) - Half Yearly Bonus Option - Principal Units;INF192K01HV6;;38.1515;38.1515;38.1515;26-Dec-2015
133402;JM Aggressive Hybrid Fund (Direct) - Half Yearly IDCW;INF192K01HH5;INF192K01HI3;26.9047;26.9047;26.9047;26-Dec-2015
120483;JM Aggressive Hybrid Fund (Direct) - IDCW;INF192K01BO4;INF192K01BP1;26.6774;26.6774;26.6774;26-Dec-2015
133412;JM Aggressive Hybrid Fund (Direct) - Monthly IDCW;INF192K01HN3;INF192K01HO1;26.9047;26.9047;26.9047;26-Dec-2015
133411;JM Aggressive Hybrid Fund (Direct) - Quarterly Bonus Option - Principal Units;INF192K01HZ7;;38.1515;38.1515;38.1515;26-Dec-2015
133406;JM Aggressive Hybrid Fund (Direct) - Quarterly IDCW;INF192K01HR4;INF192K01HS2;26.8309;26.8309;26.8309;26-Dec-2015
133407;JM Aggressive Hybrid Fund (Regular) - Annual Bonus Option - Principal Units;INF192K01GZ9;;36.8474;36.8474;36.8474;26-Dec-2015
131476;JM Aggressive Hybrid Fund (Regular) - Annual IDCW;INF192K01HF9;INF192K01HG7;26.2710;26.2710;26.2710;26-Dec-2015
133400;JM Aggressive Hybrid Fund (Regular) - Bonus Option - Principal Units;INF192K01GN5;;36.8474;36.8474;36.8474;26-Dec-2015
133403;JM Aggressive Hybrid Fund (Regular) - Half Yearly Bonus Option - Principal Units;INF192K01HT0;;36.8474;36.8474;36.8474;26-Dec-2015
133408;JM Aggressive Hybrid Fund (Regular) - Half Yearly IDCW;INF192K01HD4;INF192K01HE2;26.2692;26.2692;26.2692;26-Dec-2015
100220;JM Aggressive Hybrid Fund (Regular) - IDCW;INF192K01528;INF192K01536;10.2173;10.2173;10.2173;26-Dec-2015
133404;JM Aggressive Hybrid Fund (Regular) - Monthly IDCW;INF192K01HL7;INF192K01HM5;26.2692;26.2692;26.2692;26-Dec-2015
133410;JM Aggressive Hybrid Fund (Regular) - Quarterly Bonus Option - Principal Units;INF192K01HX2;;36.8474;36.8474;36.8474;26-Dec-2015
133405;JM Aggressive Hybrid Fund (Regular) - Quarterly IDCW;INF192K01HP8;INF192K01HQ6;17.4105;17.4105;17.4105;26-Dec-2015
100221;JM Aggressive Hybrid Fund (Regular) -Growth Option;INF192K01544;;36.5312;36.5312;36.5312;26-Dec-2015

Open Ended Schemes ( Hybrid Scheme - Arbitrage Fund )


JM Financial Mutual Fund
133395;JM Arbitrage Fund (Direct) - Annual Bonus Option - Principal Units;INF192K01GX4;;10.5760;10.5231;10.5760;26-Dec-2015
135173;JM Arbitrage Fund (Direct) - Annual IDCW;INF192K01KY4;INF192K01KZ1;11.0869;11.0315;11.0869;26-Dec-2015
130604;JM Arbitrage Fund (Direct) - Bonus Option - Principal Units;INF192K01GL9;;11.0190;10.9639;11.0190;26-Dec-2015
120482;JM Arbitrage Fund (Direct) - Growth Option;INF192K01BN6;;20.5528;20.4500;20.5528;26-Dec-2015
133397;JM Arbitrage Fund (Direct) - Half Yearly Bonus Option - Principal Units;INF192K01ID2;;20.5338;20.4311;20.5338;26-Dec-2015
135171;JM Arbitrage Fund (Direct) - Half Yearly IDCW;INF192K01KU2;INF192K01KV0;11.0869;11.0315;11.0869;26-Dec-2015
135172;JM Arbitrage Fund (Direct) - Monthly IDCW;INF192K01KM9;INF192K01KN7;11.0718;11.0164;11.0718;26-Dec-2015
133398;JM Arbitrage Fund (Direct) - Quarterly Bonus Option - Principal Units;INF192K01IH3;;20.5338;20.4311;20.5338;26-Dec-2015
135174;JM Arbitrage Fund (Direct) - Quarterly IDCW;INF192K01KQ0;INF192K01KR8;11.0869;11.0315;11.0869;26-Dec-2015
120481;JM Arbitrage Fund (Direct)- IDCW;INF192K01BL0;INF192K01BM8;10.7270;10.6734;10.7270;26-Dec-2015
133394;JM Arbitrage Fund (Regular) - Annual Bonus Option - Principal Units;INF192K01GV8;;20.2854;20.1840;20.2854;26-Dec-2015
135167;JM Arbitrage Fund (Regular) - Annual IDCW;INF192K01KW8;INF192K01KX6;10.7784;10.7245;10.7784;26-Dec-2015
130603;JM Arbitrage Fund (Regular) - Bonus Option - Principal Units;INF192K01GJ3;;11.0016;10.9466;11.0016;26-Dec-2015
103780;JM Arbitrage Fund (Regular) - Growth Option;INF192K01510;;20.2362;20.1350;20.2362;26-Dec-2015
133399;JM Arbitrage Fund (Regular) - Half Yearly Bonus Option - Principal Units;INF192K01IB6;;20.3196;20.2180;20.3196;26-Dec-2015
135170;JM Arbitrage Fund (Regular) - Half Yearly IDCW;INF192K01KS6;INF192K01KT4;10.7784;10.7245;10.7784;26-Dec-2015
103781;JM Arbitrage Fund (Regular) - IDCW ;INF192K01494;INF192K01502;10.4199;10.3678;10.4199;26-Dec-2015
135168;JM Arbitrage Fund (Regular) - Monthly IDCW;INF192K01KK3;INF192K01KL1;10.7712;10.7173;10.7712;26-Dec-2015
133396;JM Arbitrage Fund (Regular) - Quarterly Bonus Option - Principal Units;INF192K01IF7;;20.3196;20.2180;20.3196;26-Dec-2015
135169;JM Arbitrage Fund (Regular) - Quarterly IDCW;INF192K01KO5;INF192K01KP2;10.7784;10.7245;10.7784;26-Dec-2015

Close Ended Schemes ( Income )


SBI Mutual Fund
114781;SBI Capital Protection Oriented Fund - Series II -;INF200K01ED2;;14.961;N.A.;N.A.;26-Dec-2015
126205;SBI DEBT FUND SERIES - 16 MONTHS - 1 - DIRECT PLAN - GROWTH;INF200KA1CE8;;11.8829;N.A.;N.A.;26-Dec-2015
126206;SBI DEBT FUND SERIES - 16 MONTHS - 1 - REGULAR PLAN - DIVIDEND;INF200KA1CD0;;11.8286;N.A.;N.A.;26-Dec-2015
126207;SBI DEBT FUND SERIES - 16 MONTHS - 1 - REGULAR PLAN - GROWTH;INF200KA1CC2;;11.8285;N.A.;N.A.;26-Dec-2015
126208;SBI DEBT FUND SERIES - 16 MONTHS - 1- DIRECT PLAN - DIVIDEND;INF200KA1CF5;;11.8748;N.A.;N.A.;26-Dec-2015
126209;SBI DEBT FUND SERIES - 16 MONTHS - 2 - DIRECT PLAN - GROWTH;INF200KA1DM9;;11.8274;N.A.;N.A.;26-Dec-2015
126210;SBI DEBT FUND SERIES - 16 MONTHS - 2 - REGULAR PLAN - DIVIDEND;INF200KA1DL1;;11.7817;N.A.;N.A.;26-Dec-2015
126211;SBI DEBT FUND SERIES - 16 MONTHS - 2 - REGULAR PLAN - GROWTH;INF200KA1DK3;;11.7811;N.A.;N.A.;26-Dec-2015
126212;SBI DEBT FUND SERIES - 16 MONTHS - 2- DIRECT PLAN - DIVIDEND;INF200KA1DN7;;11.8283;N.A.;N.A.;26-Dec-2015
125734;SBI DEBT FUND SERIES - 17 MONTHS - 1 - DIRECT PLAN - GROWTH;INF200KA1CQ2;;11.9302;N.A.;N.A.;26-Dec-2015
125735;SBI DEBT FUND SERIES - 17 MONTHS - 1 - REGULAR PLAN - DIVIDEND;INF200KA1CP4;;11.8738;N.A.;N.A.;26-Dec-2015
125736;SBI DEBT FUND SERIES - 17 MONTHS - 1 - REGULAR PLAN - GROWTH;INF200KA1CO7;;11.8737;N.A.;N.A.;26-Dec-2015
125733;SBI DEBT FUND SERIES - 17 MONTHS - 1- DIRECT PLAN - DIVIDEND;INF200KA1CR0;;11.9298;N.A.;N.A.;26-Dec-2015
125008;SBI DEBT FUND SERIES - 18 MONTHS - 12 - DIRECT PLAN - DIVIDEND;INF200KA1BL5;;N.A.;N.A.;N.A.;26-Dec-2015
125005;SBI DEBT FUND SERIES - 18 MONTHS - 12 - DIRECT PLAN - GROWTH;INF200KA1BK7;;12.0092;N.A.;N.A.;26-Dec-2015
125006;SBI DEBT FUND SERIES - 18 MONTHS - 12 - REGULAR PLAN - DIVIDEND;INF200KA1BJ9;;11.9358;N.A.;N.A.;26-Dec-2015
125007;SBI DEBT FUND SERIES - 18 MONTHS - 12 - REGULAR PLAN - GROWTH;INF200KA1BI1;;11.9361;N.A.;N.A.;26-Dec-2015
125460;SBI DEBT FUND SERIES - 18 MONTHS - 13 - DIRECT PLAN - DIVIDEND;INF200KA1DZ1;;N.A.;N.A.;N.A.;26-Dec-2015
125461;SBI DEBT FUND SERIES - 18 MONTHS - 13 - DIRECT PLAN - GROWTH;INF200KA1DY4;;12.0064;N.A.;N.A.;26-Dec-2015
125462;SBI DEBT FUND SERIES - 18 MONTHS - 13 - REGULAR PLAN - DIVIDEND;INF200KA1DX6;;N.A.;N.A.;N.A.;26-Dec-2015
125463;SBI DEBT FUND SERIES - 18 MONTHS - 13 - REGULAR PLAN - GROWTH;INF200KA1DW8;;11.951;N.A.;N.A.;26-Dec-2015
120908;SBI DEBT FUND SERIES - 36 MONTHS - 2 - DIRECT PLAN - DIVIDEND;INF200K01QM7;;12.7682;N.A.;N.A.;26-Dec-2015
120911;SBI DEBT FUND SERIES - 36 MONTHS - 2 - DIRECT PLAN - GROWTH;INF200K01QL9;;12.7682;N.A.;N.A.;26-Dec-2015
120909;SBI DEBT FUND SERIES - 36 MONTHS - 2 - REGULAR PLAN - DIVIDEND;INF200K01QH7;;12.5537;N.A.;N.A.;26-Dec-2015
120910;SBI DEBT FUND SERIES - 36 MONTHS - 2 - REGULAR PLAN - GROWTH;INF200K01QG9;;12.5537;N.A.;N.A.;26-Dec-2015
123647;SBI DEBT FUND SERIES - 36 MONTHS - 4 - DIRECT PLAN - DIVIDEND;INF200KA1KF8;;12.4181;N.A.;N.A.;26-Dec-2015
123649;SBI DEBT FUND SERIES - 36 MONTHS - 4 - DIRECT PLAN - GROWTH;INF200KA1KE1;;12.4181;N.A.;N.A.;26-Dec-2015
123648;SBI DEBT FUND SERIES - 36 MONTHS - 4 - REGULAR PLAN - DIVIDEND;INF200KA1KD3;;12.3716;N.A.;N.A.;26-Dec-2015
123650;SBI DEBT FUND SERIES - 36 MONTHS - 4 - REGULAR PLAN - GROWTH;INF200KA1KC5;;12.3716;N.A.;N.A.;26-Dec-2015
124000;SBI DEBT FUND SERIES - 36 MONTHS - 5 - DIRECT PLAN - DIVIDEND;INF200K01D91;;N.A.;N.A.;N.A.;26-Dec-2015
124001;SBI DEBT FUND SERIES - 36 MONTHS - 5 - DIRECT PLAN - GROWTH;INF200K01D83;;12.2943;N.A.;N.A.;26-Dec-2015
124003;SBI DEBT FUND SERIES - 36 MONTHS - 5 - REGULAR PLAN - DIVIDEND;INF200K01D75;;12.2517;N.A.;N.A.;26-Dec-2015
124002;SBI DEBT FUND SERIES - 36 MONTHS - 5 - REGULAR PLAN - GROWTH;INF200K01D67;;12.2517;N.A.;N.A.;26-Dec-2015
124373;SBI DEBT FUND SERIES - 36 MONTHS - 6 - DIRECT PLAN - DIVIDEND;INF200KA1KZ6;;12.3596;N.A.;N.A.;26-Dec-2015
124374;SBI DEBT FUND SERIES - 36 MONTHS - 6 - DIRECT PLAN - GROWTH;INF200KA1KY9;;12.3596;N.A.;N.A.;26-Dec-2015
124375;SBI DEBT FUND SERIES - 36 MONTHS - 6 - REGULAR PLAN - DIVIDEND;INF200KA1KX1;;12.2503;N.A.;N.A.;26-Dec-2015
124376;SBI DEBT FUND SERIES - 36 MONTHS - 6 - REGULAR PLAN - GROWTH;INF200KA1KW3;;12.2503;N.A.;N.A.;26-Dec-2015
125719;SBI DEBT FUND SERIES - 36 MONTHS - 7 - DIRECT PLAN - DIVIDEND;INF200K01E74;;12.0361;N.A.;N.A.;26-Dec-2015
125721;SBI DEBT FUND SERIES - 36 MONTHS - 7 - DIRECT PLAN - GROWTH;INF200K01E66;;12.0361;N.A.;N.A.;26-Dec-2015
125720;SBI DEBT FUND SERIES - 36 MONTHS - 7 - REGULAR PLAN - DIVIDEND;INF200K01E58;;11.9919;N.A.;N.A.;26-Dec-2015
125722;SBI DEBT FUND SERIES - 36 MONTHS - 7 - REGULAR PLAN - GROWTH;INF200K01E41;;11.9919;N.A.;N.A.;26-Dec-2015
123167;SBI DEBT FUND SERIES - 366 DAYS - 34 - DIRECT PLAN - DIVIDEND;INF200K015P1;;N.A.;N.A.;N.A.;26-Dec-2015
123169;SBI DEBT FUND SERIES - 366 DAYS - 34 - DIRECT PLAN - GROWTH;INF200K014P4;;12.4405;N.A.;N.A.;26-Dec-2015
123170;SBI DEBT FUND SERIES - 366 DAYS - 34 - REGULAR PLAN - DIVIDEND;INF200K013P6;;12.3986;N.A.;N.A.;26-Dec-2015
123168;SBI DEBT FUND SERIES - 366 DAYS - 34 - REGULAR PLAN - GROWTH;INF200K012P8;;12.4;N.A.;N.A.;26-Dec-2015
123321;SBI DEBT FUND SERIES - 366 DAYS - 35 - DIRECT PLAN - DIVIDEND;INF200K017O0;;N.A.;N.A.;N.A.;26-Dec-2015
123324;SBI DEBT FUND SERIES - 366 DAYS - 35 - DIRECT PLAN - GROWTH;INF200K016O2;;12.403;N.A.;N.A.;26-Dec-2015
123323;SBI DEBT FUND SERIES - 366 DAYS - 35 - REGULAR PLAN - DIVIDEND;INF200K015O4;;N.A.;N.A.;N.A.;26-Dec-2015
123322;SBI DEBT FUND SERIES - 366 DAYS - 35 - REGULAR PLAN - GROWTH;INF200K014O7;;12.3637;N.A.;N.A.;26-Dec-2015
123497;SBI DEBT FUND SERIES - 366 DAYS - 36 - DIRECT PLAN - DIVIDEND;INF200K019P3;;N.A.;N.A.;N.A.;26-Dec-2015
123494;SBI DEBT FUND SERIES - 366 DAYS - 36 - DIRECT PLAN - GROWTH;INF200K018P5;;12.4791;N.A.;N.A.;26-Dec-2015
123496;SBI DEBT FUND SERIES - 366 DAYS - 36 - REGULAR PLAN - DIVIDEND;INF200K017P7;;12.4399;N.A.;N.A.;26-Dec-2015
123495;SBI DEBT FUND SERIES - 366 DAYS - 36 - REGULAR PLAN - GROWTH;INF200K016P9;;12.4405;N.A.;N.A.;26-Dec-2015
123728;SBI DEBT FUND SERIES - 366 DAYS - 37 - DIRECT PLAN - DIVIDEND;INF200K011R6;;12.415;N.A.;N.A.;26-Dec-2015
123729;SBI DEBT FUND SERIES - 366 DAYS - 37 - DIRECT PLAN - GROWTH;INF200K010R8;;12.4155;N.A.;N.A.;26-Dec-2015
123731;SBI DEBT FUND SERIES - 366 DAYS - 37 - REGULAR PLAN - DIVIDEND;INF200K019Q1;;12.3809;N.A.;N.A.;26-Dec-2015
123730;SBI DEBT FUND SERIES - 366 DAYS - 37 - REGULAR PLAN - GROWTH;INF200K018Q3;;12.3809;N.A.;N.A.;26-Dec-2015
123996;SBI DEBT FUND SERIES - 366 DAYS - 38 - DIRECT PLAN - DIVIDEND;INF200K015R7;;N.A.;N.A.;N.A.;26-Dec-2015
123997;SBI DEBT FUND SERIES - 366 DAYS - 38 - DIRECT PLAN - GROWTH;INF200K014R0;;12.4447;N.A.;N.A.;26-Dec-2015
123998;SBI DEBT FUND SERIES - 366 DAYS - 38 - REGULAR PLAN - DIVIDEND;INF200K013R2;;12.4102;N.A.;N.A.;26-Dec-2015
123999;SBI DEBT FUND SERIES - 366 DAYS - 38 - REGULAR PLAN - GROWTH;INF200K012R4;;12.4101;N.A.;N.A.;26-Dec-2015
124369;SBI DEBT FUND SERIES - 366 DAYS - 39 - DIRECT PLAN - DIVIDEND;INF200K013S0;;11.2637;N.A.;N.A.;26-Dec-2015
124370;SBI DEBT FUND SERIES - 366 DAYS - 39 - DIRECT PLAN - GROWTH;INF200K012S2;;12.4122;N.A.;N.A.;26-Dec-2015
124371;SBI DEBT FUND SERIES - 366 DAYS - 39 - REGULAR PLAN - DIVIDEND;INF200K011S4;;N.A.;N.A.;N.A.;26-Dec-2015
124372;SBI DEBT FUND SERIES - 366 DAYS - 39 - REGULAR PLAN - GROWTH;INF200K010S6;;12.364;N.A.;N.A.;26-Dec-2015
124527;SBI DEBT FUND SERIES - 366 DAYS - 40 - DIRECT PLAN - DIVIDEND;INF200K015T3;;N.A.;N.A.;N.A.;26-Dec-2015
124525;SBI DEBT FUND SERIES - 366 DAYS - 40 - DIRECT PLAN - GROWTH;INF200K014T6;;12.3604;N.A.;N.A.;26-Dec-2015
124526;SBI DEBT FUND SERIES - 366 DAYS - 40 - REGULAR PLAN - DIVIDEND;INF200K013T8;;N.A.;N.A.;N.A.;26-Dec-2015
124528;SBI DEBT FUND SERIES - 366 DAYS - 40 - REGULAR PLAN - GROWTH;INF200K012T0;;12.3018;N.A.;N.A.;26-Dec-2015
124726;SBI DEBT FUND SERIES - 366 DAYS - 41 - DIRECT PLAN - DIVIDEND;INF200K010U2;;N.A.;N.A.;N.A.;26-Dec-2015
124728;SBI DEBT FUND SERIES - 366 DAYS - 41 - DIRECT PLAN - GROWTH;INF200K019T5;;12.2615;N.A.;N.A.;26-Dec-2015
124727;SBI DEBT FUND SERIES - 366 DAYS - 41 - REGULAR PLAN - DIVIDEND;INF200K018T7;;N.A.;N.A.;N.A.;26-Dec-2015
124729;SBI DEBT FUND SERIES - 366 DAYS - 41 - REGULAR PLAN - GROWTH;INF200K016T1;;12.2067;N.A.;N.A.;26-Dec-2015
124938;SBI DEBT FUND SERIES - 366 DAYS - 42 - DIRECT PLAN - DIVIDEND;INF200K012V6;;N.A.;N.A.;N.A.;26-Dec-2015
124940;SBI DEBT FUND SERIES - 366 DAYS - 42 - DIRECT PLAN - GROWTH;INF200K011V8;;12.1353;N.A.;N.A.;26-Dec-2015
124939;SBI DEBT FUND SERIES - 366 DAYS - 42 - REGULAR PLAN - DIVIDEND;INF200K010V0;;11.1529;N.A.;N.A.;26-Dec-2015
124941;SBI DEBT FUND SERIES - 366 DAYS - 42 - REGULAR PLAN - GROWTH;INF200K019U3;;12.0817;N.A.;N.A.;26-Dec-2015
125243;SBI DEBT FUND SERIES - 366 DAYS - 44 - DIRECT PLAN - DIVIDEND;INF200K011X4;;N.A.;N.A.;N.A.;26-Dec-2015
125244;SBI DEBT FUND SERIES - 366 DAYS - 44 - DIRECT PLAN - GROWTH;INF200K010X6;;11.9977;N.A.;N.A.;26-Dec-2015
125246;SBI DEBT FUND SERIES - 366 DAYS - 44 - REGULAR PLAN - DIVIDEND;INF200K019W9;;11.0769;N.A.;N.A.;26-Dec-2015
125245;SBI DEBT FUND SERIES - 366 DAYS - 44 - REGULAR PLAN - GROWTH;INF200K018W1;;11.9598;N.A.;N.A.;26-Dec-2015
125406;SBI DEBT FUND SERIES - 366 DAYS - 45 - DIRECT PLAN - DIVIDEND;INF200K014Y6;;N.A.;N.A.;N.A.;26-Dec-2015
125409;SBI DEBT FUND SERIES - 366 DAYS - 45 - DIRECT PLAN - GROWTH;INF200K015Y3;;11.989;N.A.;N.A.;26-Dec-2015
125407;SBI DEBT FUND SERIES - 366 DAYS - 45 - REGULAR PLAN - DIVIDEND;INF200K016Y1;;11.0782;N.A.;N.A.;26-Dec-2015
125408;SBI DEBT FUND SERIES - 366 DAYS - 45 - REGULAR PLAN - GROWTH;INF200K017Y9;;11.9511;N.A.;N.A.;26-Dec-2015
125519;SBI DEBT FUND SERIES - 366 DAYS - 46 - DIRECT PLAN - DIVIDEND;INF200K012Z7;;N.A.;N.A.;N.A.;26-Dec-2015
125522;SBI DEBT FUND SERIES - 366 DAYS - 46 - DIRECT PLAN - GROWTH;INF200K013Z5;;11.9528;N.A.;N.A.;26-Dec-2015
125520;SBI DEBT FUND SERIES - 366 DAYS - 46 - REGULAR PLAN - DIVIDEND;INF200K014Z3;;11.0648;N.A.;N.A.;26-Dec-2015
125521;SBI DEBT FUND SERIES - 366 DAYS - 46 - REGULAR PLAN - GROWTH;INF200K015Z0;;11.9153;N.A.;N.A.;26-Dec-2015
125657;SBI DEBT FUND SERIES - 366 DAYS - 47 - DIRECT PLAN - DIVIDEND;INF200KA1077;;11.0889;N.A.;N.A.;26-Dec-2015
125658;SBI DEBT FUND SERIES - 366 DAYS - 47 - DIRECT PLAN - GROWTH;INF200KA1085;;11.9579;N.A.;N.A.;26-Dec-2015
125659;SBI DEBT FUND SERIES - 366 DAYS - 47 - REGULAR PLAN - DIVIDEND;INF200KA1093;;11.0586;N.A.;N.A.;26-Dec-2015
125660;SBI DEBT FUND SERIES - 366 DAYS - 47 - REGULAR PLAN - GROWTH;INF200KA1101;;11.9035;N.A.;N.A.;26-Dec-2015
125793;SBI DEBT FUND SERIES - 366 DAYS - 48 - DIRECT PLAN - DIVIDEND;INF200KA1192;;11.1028;N.A.;N.A.;26-Dec-2015
125794;SBI DEBT FUND SERIES - 366 DAYS - 48 - DIRECT PLAN - GROWTH;INF200KA1200;;11.9234;N.A.;N.A.;26-Dec-2015
125795;SBI DEBT FUND SERIES - 366 DAYS - 48 - REGULAR PLAN - DIVIDEND;INF200KA1218;;11.0822;N.A.;N.A.;26-Dec-2015
125796;SBI DEBT FUND SERIES - 366 DAYS - 48 - REGULAR PLAN - GROWTH;INF200KA1226;;11.8871;N.A.;N.A.;26-Dec-2015
126093;SBI DEBT FUND SERIES - 366 DAYS - 49 - DIRECT PLAN - DIVIDEND;INF200KA1275;;11.1034;N.A.;N.A.;26-Dec-2015
126094;SBI DEBT FUND SERIES - 366 DAYS - 49 - DIRECT PLAN - GROWTH;INF200KA1283;;11.9093;N.A.;N.A.;26-Dec-2015
126096;SBI DEBT FUND SERIES - 366 DAYS - 49 - REGULAR PLAN - DIVIDEND;INF200KA1291;;11.0828;N.A.;N.A.;26-Dec-2015
126095;SBI DEBT FUND SERIES - 366 DAYS - 49 - REGULAR PLAN - GROWTH;INF200KA1309;;11.8735;N.A.;N.A.;26-Dec-2015
126750;SBI DEBT FUND SERIES - 366 DAYS - 51 DIRECT PLAN - DIVIDEND;INF200KA1358;;N.A.;N.A.;N.A.;26-Dec-2015
126748;SBI DEBT FUND SERIES - 366 DAYS - 51 DIRECT PLAN - GROWTH;INF200KA1366;;11.7959;N.A.;N.A.;26-Dec-2015
126747;SBI DEBT FUND SERIES - 366 DAYS - 51 REGULAR PLAN - DIVIDEND;INF200KA1374;;N.A.;N.A.;N.A.;26-Dec-2015
126749;SBI DEBT FUND SERIES - 366 DAYS - 51 REGULAR PLAN - GROWTH;INF200KA1382;;11.7621;N.A.;N.A.;26-Dec-2015
127343;SBI DEBT FUND SERIES - 366 DAYS - 52 - DIRECT PLAN - DIVIDEND;INF200KA1531;;11.7719;N.A.;N.A.;26-Dec-2015
127344;SBI DEBT FUND SERIES - 366 DAYS - 52 - DIRECT PLAN - GROWTH;INF200KA1549;;11.7718;N.A.;N.A.;26-Dec-2015
127341;SBI DEBT FUND SERIES - 366 DAYS - 52 - REGULAR PLAN - DIVIDEND;INF200KA1556;;N.A.;N.A.;N.A.;26-Dec-2015
127342;SBI DEBT FUND SERIES - 366 DAYS - 52 - REGULAR PLAN - GROWTH;INF200KA1564;;11.7501;N.A.;N.A.;26-Dec-2015
127810;SBI DEBT FUND SERIES - 366 DAYS - 53 - DIRECT PLAN - DIVIDEND;INF200KA1606;;11.7534;N.A.;N.A.;26-Dec-2015
127811;SBI DEBT FUND SERIES - 366 DAYS - 53 - DIRECT PLAN - GROWTH;INF200KA1614;;11.7536;N.A.;N.A.;26-Dec-2015
127812;SBI DEBT FUND SERIES - 366 DAYS - 53 - REGULAR PLAN - DIVIDEND;INF200KA1622;;N.A.;N.A.;N.A.;26-Dec-2015
127813;SBI DEBT FUND SERIES - 366 DAYS - 53 - REGULAR PLAN - GROWTH;INF200KA1630;;11.7215;N.A.;N.A.;26-Dec-2015
128165;SBI DEBT FUND SERIES - 366 DAYS - 54 - DIRECT PLAN - DIVIDEND;INF200KA1788;;11.6876;N.A.;N.A.;26-Dec-2015
128167;SBI DEBT FUND SERIES - 366 DAYS - 54 - REGULAR PLAN - DIVIDEND;INF200KA1804;;11.6347;N.A.;N.A.;26-Dec-2015
128168;SBI DEBT FUND SERIES - 366 DAYS - 54 - REGULAR PLAN - GROWTH;INF200KA1812;;11.6348;N.A.;N.A.;26-Dec-2015
128166;SBI DEBT FUND SERIES - 366 DAYS - 54- DIRECT PLAN - GROWTH;INF200KA1796;;11.6872;N.A.;N.A.;26-Dec-2015
118220;SBI DEBT FUND SERIES - 60 MONTHS - 2 - DIVIDEND;INF200K01QD6;;12.7967;N.A.;N.A.;26-Dec-2015
118221;SBI DEBT FUND SERIES - 60 MONTHS - 2 - GROWTH;INF200K01QC8;;12.7968;N.A.;N.A.;26-Dec-2015
120901;SBI DEBT FUND SERIES - 60 MONTHS - 3 - DIRECT PLAN - DIVIDEND;INF200K01QQ8;;12.871;N.A.;N.A.;26-Dec-2015
120900;SBI DEBT FUND SERIES - 60 MONTHS - 3 - DIRECT PLAN - GROWTH;INF200K01QP0;;12.871;N.A.;N.A.;26-Dec-2015
120899;SBI DEBT FUND SERIES - 60 MONTHS - 3 - REGULAR PLAN - DIVIDEND;INF200K01QF1;;12.677;N.A.;N.A.;26-Dec-2015
120898;SBI DEBT FUND SERIES - 60 MONTHS - 3 - REGULAR PLAN - GROWTH;INF200K01QE4;;12.677;N.A.;N.A.;26-Dec-2015
126581;SBI DEBT FUND SERIES A - 1 DIRECT - GROWTH;INF200KA1AY0;;11.8083;N.A.;N.A.;26-Dec-2015
126582;SBI DEBT FUND SERIES A - 1 DIRECT PLAN - DIVIDEND;INF200KA1AZ7;;11.8083;N.A.;N.A.;26-Dec-2015
126580;SBI DEBT FUND SERIES A - 1 REGULAR PLAN - GROWTH;INF200KA1AW4;;11.7113;N.A.;N.A.;26-Dec-2015
126583;SBI DEBT FUND SERIES A - 1 REGULAR PLAN DIVIDEND;INF200KA1AX2;;11.7124;N.A.;N.A.;26-Dec-2015
128325;SBI DEBT FUND SERIES A - 10 DIRECT - GROWTH;INF200KA1BC4;;11.6569;N.A.;N.A.;26-Dec-2015
128326;SBI DEBT FUND SERIES A - 10 DIRECT PLAN - DIVIDEND;INF200KA1BD2;;11.6569;N.A.;N.A.;26-Dec-2015
128327;SBI DEBT FUND SERIES A - 10 REGULAR PLAN - DIVIDEND;INF200KA1BB6;;11.561;N.A.;N.A.;26-Dec-2015
128328;SBI DEBT FUND SERIES A - 10 REGULAR PLAN - GROWTH;INF200KA1BA8;;11.5613;N.A.;N.A.;26-Dec-2015
128389;SBI DEBT FUND SERIES A - 11 DIRECT PLAN - DIVIDEND;INF200KA1AF9;;N.A.;N.A.;N.A.;26-Dec-2015
128388;SBI DEBT FUND SERIES A - 11 DIRECT PLAN - GROWTH;INF200KA1AE2;;11.638;N.A.;N.A.;26-Dec-2015
128391;SBI DEBT FUND SERIES A - 11 REGULAR PLAN - DIVIDEND;INF200KA1AD4;;N.A.;N.A.;N.A.;26-Dec-2015
128390;SBI DEBT FUND SERIES A - 11 REGULAR PLAN - GROWTH;INF200KA1AC6;;11.534;N.A.;N.A.;26-Dec-2015
128672;SBI DEBT FUND SERIES A - 13 DIRECT PLAN - DIVIDEND;INF200KA1978;;N.A.;N.A.;N.A.;26-Dec-2015
128674;SBI DEBT FUND SERIES A - 13 DIRECT PLAN - GROWTH;INF200KA1960;;11.6154;N.A.;N.A.;26-Dec-2015
128673;SBI DEBT FUND SERIES A - 13 REGULAR PLAN - DIVIDEND;INF200KA1952;;11.5571;N.A.;N.A.;26-Dec-2015
128671;SBI DEBT FUND SERIES A - 13 REGULAR PLAN - GROWTH;INF200KA1945;;11.5538;N.A.;N.A.;26-Dec-2015
128696;SBI DEBT FUND SERIES A - 14 DIRECT PLAN - DIVIDEND;INF200KA1AJ1;;N.A.;N.A.;N.A.;26-Dec-2015
128693;SBI DEBT FUND SERIES A - 14 DIRECT PLAN - GROWTH;INF200KA1AI3;;11.5864;N.A.;N.A.;26-Dec-2015
128694;SBI DEBT FUND SERIES A - 14 REGULAR PLAN - DIVIDEND;INF200KA1AH5;;11.4849;N.A.;N.A.;26-Dec-2015
128695;SBI DEBT FUND SERIES A - 14 REGULAR PLAN - GROWTH;INF200KA1AG7;;11.4849;N.A.;N.A.;26-Dec-2015
128701;SBI DEBT FUND SERIES A - 15 DIRECT PLAN - DIVIDEND;INF200K015D7;;11.7165;N.A.;N.A.;26-Dec-2015
128702;SBI DEBT FUND SERIES A - 15 DIRECT PLAN - GROWTH;INF200K014D0;;11.7165;N.A.;N.A.;26-Dec-2015
128703;SBI DEBT FUND SERIES A - 15 REGULAR PLAN - DIVIDEND;INF200K013D2;;11.6099;N.A.;N.A.;26-Dec-2015
128704;SBI DEBT FUND SERIES A - 15 REGULAR PLAN - GROWTH;INF200K012D4;;11.6099;N.A.;N.A.;26-Dec-2015
128930;SBI DEBT FUND SERIES A - 16 DIRECT PLAN - DIVIDEND;INF200KA1AB8;;N.A.;N.A.;N.A.;26-Dec-2015
128931;SBI DEBT FUND SERIES A - 16 DIRECT PLAN - GROWTH;INF200KA1AA0;;11.5324;N.A.;N.A.;26-Dec-2015
128932;SBI DEBT FUND SERIES A - 16 REGULAR PLAN - DIVIDEND;INF200KA1994;;N.A.;N.A.;N.A.;26-Dec-2015
128933;SBI DEBT FUND SERIES A - 16 REGULAR PLAN - GROWTH;INF200KA1986;;11.522;N.A.;N.A.;26-Dec-2015
129120;SBI DEBT FUND SERIES A - 17 DIRECT PLAN - DIVIDEND;INF200KA1AV6;;11.5119;N.A.;N.A.;26-Dec-2015
129117;SBI DEBT FUND SERIES A - 17 DIRECT PLAN - GROWTH;INF200KA1AU8;;11.5118;N.A.;N.A.;26-Dec-2015
129119;SBI DEBT FUND SERIES A - 17 REGULAR PLAN - DIVIDEND;INF200KA1AT0;;11.4923;N.A.;N.A.;26-Dec-2015
129118;SBI DEBT FUND SERIES A - 17 REGULAR PLAN - GROWTH;INF200KA1AS2;;11.4923;N.A.;N.A.;26-Dec-2015
129297;SBI DEBT FUND SERIES A - 18 DIRECT PLAN - DIVIDEND;INF200KA1BH3;;11.5098;N.A.;N.A.;26-Dec-2015
129299;SBI DEBT FUND SERIES A - 18 DIRECT PLAN - GROWTH;INF200KA1BG5;;11.5098;N.A.;N.A.;26-Dec-2015
129300;SBI DEBT FUND SERIES A - 18 REGULAR PLAN - DIVIDEND;INF200KA1BF7;;11.4903;N.A.;N.A.;26-Dec-2015
129298;SBI DEBT FUND SERIES A - 18 REGULAR PLAN - GROWTH;INF200KA1BE0;;11.4902;N.A.;N.A.;26-Dec-2015
129366;SBI DEBT FUND SERIES A - 19 DIRECT PLAN - DIVIDEND;INF200KA1BP6;;N.A.;N.A.;N.A.;26-Dec-2015
129363;SBI DEBT FUND SERIES A - 19 DIRECT PLAN - GROWTH;INF200KA1BO9;;11.5269;N.A.;N.A.;26-Dec-2015
129364;SBI DEBT FUND SERIES A - 19 REGULAR PLAN - DIVIDEND;INF200KA1BN1;;11.5077;N.A.;N.A.;26-Dec-2015
129365;SBI DEBT FUND SERIES A - 19 REGULAR PLAN - GROWTH;INF200KA1BM3;;11.5076;N.A.;N.A.;26-Dec-2015
126912;SBI DEBT FUND SERIES A - 2 DIRECT - GROWTH;INF200KA1CI9;;11.7945;N.A.;N.A.;26-Dec-2015
126913;SBI DEBT FUND SERIES A - 2 DIRECT PLAN - DIVIDEND;INF200KA1CJ7;;N.A.;N.A.;N.A.;26-Dec-2015
126915;SBI DEBT FUND SERIES A - 2 REGULAR PLAN - DIVIDEND;INF200KA1CH1;;11.71;N.A.;N.A.;26-Dec-2015
126914;SBI DEBT FUND SERIES A - 2 REGULAR PLAN - GROWTH;INF200KA1CG3;;11.7101;N.A.;N.A.;26-Dec-2015
129391;SBI DEBT FUND SERIES A - 20 DIRECT PLAN - DIVIDEND;INF200KA1BT8;;11.5199;N.A.;N.A.;26-Dec-2015
129392;SBI DEBT FUND SERIES A - 20 DIRECT PLAN - GROWTH;INF200KA1BS0;;11.5199;N.A.;N.A.;26-Dec-2015
129393;SBI DEBT FUND SERIES A - 20 REGULAR PLAN - DIVIDEND;INF200KA1BR2;;11.5012;N.A.;N.A.;26-Dec-2015
129394;SBI DEBT FUND SERIES A - 20 REGULAR PLAN - GROWTH;INF200KA1BQ4;;11.5008;N.A.;N.A.;26-Dec-2015
129442;SBI DEBT FUND SERIES A - 21 DIRECT PLAN - DIVIDEND;INF200KA1BX0;;N.A.;N.A.;N.A.;26-Dec-2015
129443;SBI DEBT FUND SERIES A - 21 DIRECT PLAN - GROWTH;INF200KA1BW2;;11.4993;N.A.;N.A.;26-Dec-2015
129445;SBI DEBT FUND SERIES A - 21 REGULAR PLAN - DIVIDEND;INF200KA1BV4;;11.4801;N.A.;N.A.;26-Dec-2015
129444;SBI DEBT FUND SERIES A - 21 REGULAR PLAN - GROWTH;INF200KA1BU6;;11.4802;N.A.;N.A.;26-Dec-2015
129658;SBI DEBT FUND SERIES A - 22 DIRECT PLAN - DIVIDEND;INF200KA1CV2;;11.4966;N.A.;N.A.;26-Dec-2015
129661;SBI DEBT FUND SERIES A - 22 DIRECT PLAN - GROWTH;INF200KA1CU4;;11.4966;N.A.;N.A.;26-Dec-2015
129659;SBI DEBT FUND SERIES A - 22 REGULAR PLAN - DIVIDEND;INF200KA1CT6;;11.4684;N.A.;N.A.;26-Dec-2015
129660;SBI DEBT FUND SERIES A - 22 REGULAR PLAN - GROWTH;INF200KA1CS8;;11.4685;N.A.;N.A.;26-Dec-2015
129662;SBI DEBT FUND SERIES A - 23 DIRECT PLAN - DIVIDEND;INF200K011H7;;11.647;N.A.;N.A.;26-Dec-2015
129663;SBI DEBT FUND SERIES A - 23 DIRECT PLAN - GROWTH;INF200K010H9;;11.647;N.A.;N.A.;26-Dec-2015
129664;SBI DEBT FUND SERIES A - 23 REGULAR PLAN - DIVIDEND;INF200K019G2;;11.5813;N.A.;N.A.;26-Dec-2015
129665;SBI DEBT FUND SERIES A - 23 REGULAR PLAN - GROWTH;INF200K018G4;;11.5813;N.A.;N.A.;26-Dec-2015
129707;SBI DEBT FUND SERIES A - 24 DIRECT PLAN - DIVIDEND;INF200KA1DR8;;11.4984;N.A.;N.A.;26-Dec-2015
129708;SBI DEBT FUND SERIES A - 24 DIRECT PLAN - GROWTH;INF200KA1DQ0;;11.4982;N.A.;N.A.;26-Dec-2015
129709;SBI DEBT FUND SERIES A - 24 REGULAR PLAN - DIVIDEND;INF200KA1DP2;;11.4705;N.A.;N.A.;26-Dec-2015
129710;SBI DEBT FUND SERIES A - 24 REGULAR PLAN - GROWTH;INF200KA1DO5;;11.4702;N.A.;N.A.;26-Dec-2015
129845;SBI DEBT FUND SERIES A - 25 DIRECT PLAN - DIVIDEND;INF200KA1DV0;;N.A.;N.A.;N.A.;26-Dec-2015
129848;SBI DEBT FUND SERIES A - 25 DIRECT PLAN - GROWTH;INF200KA1DU2;;11.458;N.A.;N.A.;26-Dec-2015
129846;SBI DEBT FUND SERIES A - 25 REGULAR PLAN - DIVIDEND;INF200KA1DT4;;11.4364;N.A.;N.A.;26-Dec-2015
129847;SBI DEBT FUND SERIES A - 25 REGULAR PLAN - GROWTH;INF200KA1DS6;;11.436;N.A.;N.A.;26-Dec-2015
129872;SBI DEBT FUND SERIES A - 26 (682 DAYS) DIRECT PLAN - DIVIDEND;INF200K013I1;;N.A.;N.A.;N.A.;26-Dec-2015
129869;SBI DEBT FUND SERIES A - 26 (682 DAYS) DIRECT PLAN - GROWTH;INF200K012I3;;11.4918;N.A.;N.A.;26-Dec-2015
129870;SBI DEBT FUND SERIES A - 26 (682 DAYS) REGULAR PLAN - DIVIDEND;INF200K011I5;;11.4409;N.A.;N.A.;26-Dec-2015
129871;SBI DEBT FUND SERIES A - 26 (682 DAYS) REGULAR PLAN - GROWTH;INF200K010I7;;11.4409;N.A.;N.A.;26-Dec-2015
129971;SBI DEBT FUND SERIES A - 27 (366 DAYS) DIRECT PLAN - DIVIDEND;INF200KA1EE4;;11.4129;N.A.;N.A.;26-Dec-2015
129972;SBI DEBT FUND SERIES A - 27 (366 DAYS) DIRECT PLAN - GROWTH;INF200KA1EF1;;11.4129;N.A.;N.A.;26-Dec-2015
129973;SBI DEBT FUND SERIES A - 27 (366 DAYS) REGULAR PLAN - DIVIDEND;INF200KA1EG9;;11.3928;N.A.;N.A.;26-Dec-2015
129974;SBI DEBT FUND SERIES A - 27 (366 DAYS) REGULAR PLAN - GROWTH;INF200KA1EH7;;11.393;N.A.;N.A.;26-Dec-2015
130027;SBI DEBT FUND SERIES A - 28 (367 DAYS) - DIRECT PLAN - DIVIDEND;INF200KA1EP0;;N.A.;N.A.;N.A.;26-Dec-2015
130026;SBI DEBT FUND SERIES A - 28 (367 DAYS) - DIRECT PLAN - GROWTH;INF200KA1EO3;;11.3988;N.A.;N.A.;26-Dec-2015
130028;SBI DEBT FUND SERIES A - 28 (367 DAYS) - REGULAR PLAN - DIVIDEND;INF200KA1EN5;;11.3793;N.A.;N.A.;26-Dec-2015
130025;SBI DEBT FUND SERIES A - 28 (367 DAYS) - REGULAR PLAN - GROWTH;INF200KA1EM7;;11.3793;N.A.;N.A.;26-Dec-2015
127111;SBI DEBT FUND SERIES A - 3 DIRECT - GROWTH;INF200KA1AQ6;;11.7485;N.A.;N.A.;26-Dec-2015
127112;SBI DEBT FUND SERIES A - 3 DIRECT PLAN - DIVIDEND;INF200KA1AR4;;N.A.;N.A.;N.A.;26-Dec-2015
127113;SBI DEBT FUND SERIES A - 3 REGULAR PLAN - DIVIDEND;INF200KA1AP8;;11.6892;N.A.;N.A.;26-Dec-2015
127114;SBI DEBT FUND SERIES A - 3 REGULAR PLAN - GROWTH;INF200KA1AO1;;11.6893;N.A.;N.A.;26-Dec-2015
130236;SBI DEBT FUND SERIES A - 31 (367 DAYS) DIRECT PLAN - DIVIDEND;INF200KA1EX4;;N.A.;N.A.;N.A.;26-Dec-2015
130238;SBI DEBT FUND SERIES A - 31 (367 DAYS) DIRECT PLAN - GROWTH;INF200KA1EW6;;11.3665;N.A.;N.A.;26-Dec-2015
130235;SBI DEBT FUND SERIES A - 31 (367 DAYS) REGULAR PLAN - DIVIDEND;INF200KA1EV8;;N.A.;N.A.;N.A.;26-Dec-2015
130237;SBI DEBT FUND SERIES A - 31 (367 DAYS) REGULAR PLAN - GROWTH;INF200KA1EU0;;11.3492;N.A.;N.A.;26-Dec-2015
130282;SBI DEBT FUND SERIES A - 32 (367 DAYS) DIRECT PLAN - DIVIDEND;INF200KA1FB7;;11.3471;N.A.;N.A.;26-Dec-2015
130283;SBI DEBT FUND SERIES A - 32 (367 DAYS) DIRECT PLAN - GROWTH;INF200KA1FA9;;11.3471;N.A.;N.A.;26-Dec-2015
130284;SBI DEBT FUND SERIES A - 32 (367 DAYS) REGULAR PLAN - DIVIDEND;INF200KA1EZ9;;11.3298;N.A.;N.A.;26-Dec-2015
130281;SBI DEBT FUND SERIES A - 32 (367 DAYS) REGULAR PLAN - GROWTH;INF200KA1EY2;;11.3299;N.A.;N.A.;26-Dec-2015
130285;SBI DEBT FUND SERIES A - 33 (36 Months) DIRECT PLAN - DIVIDEND;INF200K015L0;;11.4773;N.A.;N.A.;26-Dec-2015
130286;SBI DEBT FUND SERIES A - 33 (36 Months) DIRECT PLAN - GROWTH;INF200K014L3;;11.4773;N.A.;N.A.;26-Dec-2015
130287;SBI DEBT FUND SERIES A - 33 (36 Months) REGULAR PLAN - DIVIDEND;INF200K013L5;;11.4171;N.A.;N.A.;26-Dec-2015
130288;SBI DEBT FUND SERIES A - 33 (36 Months) REGULAR PLAN - GROWTH;INF200K012L7;;11.4171;N.A.;N.A.;26-Dec-2015
130321;SBI DEBT FUND SERIES A - 34 (367 Days)  REGULAR PLAN - DIVIDEND;INF200KA1FD3;;N.A.;N.A.;N.A.;26-Dec-2015
130324;SBI DEBT FUND SERIES A - 34 (367 DAYS) DIRECT PLAN - DIVIDEND;INF200KA1FF8;;11.3387;N.A.;N.A.;26-Dec-2015
130322;SBI DEBT FUND SERIES A - 34 (367 DAYS) DIRECT PLAN - GROWTH;INF200KA1FE1;;11.3387;N.A.;N.A.;26-Dec-2015
130323;SBI DEBT FUND SERIES A - 34 (367 DAYS) REGULAR PLAN - GROWTH;INF200KA1FC5;;11.3217;N.A.;N.A.;26-Dec-2015
130444;SBI DEBT FUND SERIES A - 35 (369 DAYS) DIRECT PLAN - DIVIDEND;INF200KA1FN2;;N.A.;N.A.;N.A.;26-Dec-2015
130445;SBI DEBT FUND SERIES A - 35 (369 DAYS) DIRECT PLAN - GROWTH;INF200KA1FM4;;11.3028;N.A.;N.A.;26-Dec-2015
130443;SBI DEBT FUND SERIES A - 35 (369 Days) REGULAR PLAN - DIVIDEND;INF200KA1FL6;;11.2896;N.A.;N.A.;26-Dec-2015
130442;SBI DEBT FUND SERIES A - 35 (369 DAYS) REGULAR PLAN - GROWTH;INF200KA1FK8;;11.286;N.A.;N.A.;26-Dec-2015
130599;SBI DEBT FUND SERIES A - 36 (36 Months) DIRECT PLAN - DIVIDEND;INF200K017M4;;11.481;N.A.;N.A.;26-Dec-2015
130601;SBI DEBT FUND SERIES A - 36 (36 Months) DIRECT PLAN - GROWTH;INF200K016M6;;11.481;N.A.;N.A.;26-Dec-2015
130600;SBI DEBT FUND SERIES A - 36 (36 Months) REGULAR PLAN - DIVIDEND;INF200K015M8;;11.4224;N.A.;N.A.;26-Dec-2015
130602;SBI DEBT FUND SERIES A - 36 (36 Months) REGULAR PLAN - GROWTH;INF200K014M1;;11.4224;N.A.;N.A.;26-Dec-2015
130830;SBI DEBT FUND SERIES A - 38 (1100 DAYS) DIRECT PLAN - DIVIDEND;INF200K019N8;;11.4161;N.A.;N.A.;26-Dec-2015
130831;SBI DEBT FUND SERIES A - 38 (1100 DAYS) DIRECT PLAN - GROWTH;INF200K018N0;;11.4161;N.A.;N.A.;26-Dec-2015
130832;SBI DEBT FUND SERIES A - 38 (1100 Days) REGULAR PLAN - DIVIDEND;INF200K017N2;;11.3602;N.A.;N.A.;26-Dec-2015
130833;SBI DEBT FUND SERIES A - 38 (1100 DAYS) REGULAR PLAN - GROWTH;INF200K016N4;;11.3602;N.A.;N.A.;26-Dec-2015
130984;SBI DEBT FUND SERIES A - 39 (1100 DAYS) - DIRECT PLAN - DIVIDEND;INF200K011P0;;11.3673;N.A.;N.A.;26-Dec-2015
130982;SBI DEBT FUND SERIES A - 39 (1100 DAYS) - REGULAR PLAN - DIVIDEND;INF200K019O6;;11.3129;N.A.;N.A.;26-Dec-2015
130981;SBI DEBT FUND SERIES A - 39 (1100 DAYS) - REGULAR PLAN - GROWTH;INF200K018O8;;11.3128;N.A.;N.A.;26-Dec-2015
130983;SBI DEBT FUNDS SERIES A - 39 (1100 DAYS) - DIRECT PLAN - GROWTH;INF200K010P2;;11.3672;N.A.;N.A.;26-Dec-2015
127337;SBI DEBT FUND SERIES A - 4 DIRECT - GROWTH;INF200K01Z04;;11.8829;N.A.;N.A.;26-Dec-2015
127340;SBI DEBT FUND SERIES A - 4 DIRECT PLAN - DIVIDEND;INF200K01Z12;;11.8829;N.A.;N.A.;26-Dec-2015
127338;SBI DEBT FUND SERIES A - 4 REGULAR PLAN - DIVIDEND;INF200K01Y96;;11.7999;N.A.;N.A.;26-Dec-2015
127339;SBI DEBT FUND SERIES A - 4 REGULAR PLAN - GROWTH;INF200K01Y88;;11.7999;N.A.;N.A.;26-Dec-2015
131129;SBI DEBT FUND SERIES A - 40 (1100 DAYS) - DIRECT PLAN - DIVIDEND;INF200K017Q5;;N.A.;N.A.;N.A.;26-Dec-2015
131128;SBI DEBT FUND SERIES A - 40 (1100 DAYS) - DIRECT PLAN - GROWTH;INF200K016Q7;;11.3121;N.A.;N.A.;26-Dec-2015
131127;SBI DEBT FUND SERIES A - 40 (1100 DAYS) - REGULAR PLAN - DIVIDEND;INF200K015Q9;;11.2614;N.A.;N.A.;26-Dec-2015
131130;SBI DEBT FUND SERIES A - 40 (1100 DAYS) - REGULAR PLAN - GROWTH;INF200K014Q2;;11.2595;N.A.;N.A.;26-Dec-2015
131275;SBI DEBT FUND SERIES A - 42 (1111 DAYS) - DIRECT PLAN - DIVIDEND;INF200K019R9;;N.A.;N.A.;N.A.;26-Dec-2015
131276;SBI DEBT FUND SERIES A - 42 (1111 DAYS) - DIRECT PLAN - GROWTH;INF200K018R1;;11.3152;N.A.;N.A.;26-Dec-2015
131274;SBI DEBT FUND SERIES A - 42 (1111 DAYS) - REGULAR PLAN - DIVIDEND;INF200K017R3;;11.264;N.A.;N.A.;26-Dec-2015
131273;SBI DEBT FUND SERIES A - 42 (1111 DAYS) - REGULAR PLAN - GROWTH;INF200K016R5;;11.264;N.A.;N.A.;26-Dec-2015
131403;SBI DEBT FUND SERIES A - 43 (1111 DAYS) - DIRECT PLAN - DIVIDEND;INF200K011T2;;11.2398;N.A.;N.A.;26-Dec-2015
131401;SBI DEBT FUND SERIES A - 43 (1111 DAYS) - DIRECT PLAN - GROWTH;INF200K010T4;;11.2398;N.A.;N.A.;26-Dec-2015
131400;SBI DEBT FUND SERIES A - 43 (1111 DAYS) - REGULAR PLAN - DIVIDEND;INF200K019S7;;11.1907;N.A.;N.A.;26-Dec-2015
131402;SBI DEBT FUND SERIES A - 43 (1111 DAYS) - REGULAR PLAN - GROWTH;INF200K018S9;;11.1907;N.A.;N.A.;26-Dec-2015
131468;SBI DEBT FUND SERIES A - 44 (1111 DAYS) - DIRECT PLAN - DIVIDEND;INF200K014U4;;11.1631;N.A.;N.A.;26-Dec-2015
131469;SBI DEBT FUND SERIES A - 44 (1111 DAYS) - DIRECT PLAN - GROWTH;INF200K013U6;;11.1639;N.A.;N.A.;26-Dec-2015
131467;SBI DEBT FUND SERIES A - 44 (1111 DAYS) - REGULAR PLAN - DIVIDEND;INF200K012U8;;11.1165;N.A.;N.A.;26-Dec-2015
131466;SBI DEBT FUND SERIES A - 44 (1111 DAYS) - REGULAR PLAN - GROWTH;INF200K011U0;;11.1165;N.A.;N.A.;26-Dec-2015
127516;SBI DEBT FUND SERIES A - 5 DIRECT - GROWTH;INF200KA1AM5;;11.736;N.A.;N.A.;26-Dec-2015
127517;SBI DEBT FUND SERIES A - 5 DIRECT PLAN - DIVIDEND;INF200KA1AN3;;N.A.;N.A.;N.A.;26-Dec-2015
127514;SBI DEBT FUND SERIES A - 5 REGULAR PLAN - DIVIDEND;INF200KA1AL7;;11.6863;N.A.;N.A.;26-Dec-2015
127515;SBI DEBT FUND SERIES A - 5 REGULAR PLAN - GROWTH;INF200KA1AK9;;11.6863;N.A.;N.A.;26-Dec-2015
128158;SBI DEBT FUND SERIES A - 6 DIRECT - GROWTH;INF200K01Z87;;11.8647;N.A.;N.A.;26-Dec-2015
128159;SBI DEBT FUND SERIES A - 6 DIRECT PLAN - DIVIDEND;INF200K01Z95;;N.A.;N.A.;N.A.;26-Dec-2015
128160;SBI DEBT FUND SERIES A - 6 REGULAR PLAN - DIVIDEND;INF200K01Z79;;11.7579;N.A.;N.A.;26-Dec-2015
128157;SBI DEBT FUND SERIES A - 6 REGULAR PLAN - GROWTH;INF200K01Z61;;11.7579;N.A.;N.A.;26-Dec-2015
128161;SBI DEBT FUND SERIES A - 7 DIRECT - GROWTH;INF200K012A0;;11.8861;N.A.;N.A.;26-Dec-2015
128162;SBI DEBT FUND SERIES A - 7 DIRECT PLAN - DIVIDEND;INF200K013A8;;11.8861;N.A.;N.A.;26-Dec-2015
128163;SBI DEBT FUND SERIES A - 7 REGULAR PLAN - DIVIDEND;INF200K011A2;;11.7927;N.A.;N.A.;26-Dec-2015
128164;SBI DEBT FUND SERIES A - 7 REGULAR PLAN - GROWTH;INF200K010A4;;11.7927;N.A.;N.A.;26-Dec-2015
128321;SBI DEBT FUND SERIES A - 9 DIRECT - GROWTH;INF200KA1713;;11.6751;N.A.;N.A.;26-Dec-2015
128322;SBI DEBT FUND SERIES A - 9 DIRECT PLAN - DIVIDEND;INF200KA1721;;N.A.;N.A.;N.A.;26-Dec-2015
128324;SBI DEBT FUND SERIES A - 9 REGULAR PLAN - DIVIDEND;INF200KA1739;;N.A.;N.A.;N.A.;26-Dec-2015
128323;SBI DEBT FUND SERIES A - 9 REGULAR PLAN - GROWTH;INF200KA1705;;11.6209;N.A.;N.A.;26-Dec-2015
131594;SBI DEBT FUND SERIES B - 1 (1111 DAYS) - DIRECT PLAN - DIVIDEND;INF200K018U5;;11.1427;N.A.;N.A.;26-Dec-2015
131596;SBI DEBT FUND SERIES B - 1 (1111 DAYS) - DIRECT PLAN - GROWTH;INF200K017U7;;11.1427;N.A.;N.A.;26-Dec-2015
131597;SBI DEBT FUND SERIES B - 1 (1111 DAYS) - REGULAR PLAN - DIVIDEND;INF200K016U9;;11.0976;N.A.;N.A.;26-Dec-2015
131595;SBI DEBT FUND SERIES B - 1 (1111 DAYS) - REGULAR PLAN - GROWTH;INF200K015U1;;11.0976;N.A.;N.A.;26-Dec-2015
134626;SBI Debt Fund Series B - 16 (1100 Days) - Direct Plan - Dividend;INF200KA1CN9;;10.5206;N.A.;N.A.;26-Dec-2015
134623;SBI Debt Fund Series B - 16 (1100 Days) - Regular Plan - Growth;INF200KA1CK5;;10.4983;N.A.;N.A.;26-Dec-2015
134624;SBI Debt Fund Series B -16 (1100 Days) - Direct Plan - Growth;INF200KA1CM1;;10.5207;N.A.;N.A.;26-Dec-2015
134625;SBI Debt Fund Series B -16 (1100 Days) - Regular Plan - Dividend;INF200KA1CL3;;10.4983;N.A.;N.A.;26-Dec-2015
134671;SBI DEBT FUND SERIES B - 17 (1100 DAYS) - DIRECT PLAN - DIVIDEND;INF200KA1CZ3;;10.4994;N.A.;N.A.;26-Dec-2015
134670;SBI DEBT FUND SERIES B - 17 (1100 DAYS) - DIRECT PLAN - GROWTH;INF200KA1CY6;;10.4983;N.A.;N.A.;26-Dec-2015
134669;SBI DEBT FUND SERIES B - 17 (1100 DAYS) - REGULAR PLAN - DIVIDEND;INF200KA1CX8;;10.4767;N.A.;N.A.;26-Dec-2015
134672;SBI DEBT FUND SERIES B - 17 (1100 DAYS) - REGULAR PLAN - GROWTH;INF200KA1CW0;;10.4767;N.A.;N.A.;26-Dec-2015
134688;SBI DEBT FUND SERIES B - 18 (1100 DAYS) - DIRECT PLAN - DIVIDEND;INF200KA1ED6;;10.4839;N.A.;N.A.;26-Dec-2015
134689;SBI DEBT FUND SERIES B - 18 (1100 DAYS) - DIRECT PLAN - GROWTH;INF200KA1EC8;;10.4829;N.A.;N.A.;26-Dec-2015
134687;SBI DEBT FUND SERIES B - 18 (1100 DAYS) - REGULAR PLAN - DIVIDEND;INF200KA1EB0;;10.462;N.A.;N.A.;26-Dec-2015
134690;SBI DEBT FUND SERIES B - 18 (1100 DAYS) - REGULAR PLAN - GROWTH;INF200KA1EA2;;10.462;N.A.;N.A.;26-Dec-2015
134771;SBI DEBT FUND SERIES B - 19 (1100 Days) - DIRECT PLAN - DIVIDEND;INF200KA1EI5;;10.4639;N.A.;N.A.;26-Dec-2015
134770;SBI DEBT FUND SERIES B - 19 (1100 Days) - DIRECT PLAN - GROWTH;INF200KA1EJ3;;10.4639;N.A.;N.A.;26-Dec-2015
134769;SBI DEBT FUND SERIES B - 19 (1100 Days) - REGULAR PLAN - DIVIDEND;INF200KA1EK1;;10.4444;N.A.;N.A.;26-Dec-2015
134768;SBI DEBT FUND SERIES B - 19 (1100 Days) - REGULAR PLAN - GROWTH;INF200KA1EL9;;10.4444;N.A.;N.A.;26-Dec-2015
132858;SBI DEBT FUND SERIES B - 2 (1111 DAYS) - DIRECT PLAN - DIVIDEND;INF200K010W8;;11.0711;N.A.;N.A.;26-Dec-2015
132856;SBI DEBT FUND SERIES B - 2 (1111 DAYS) - DIRECT PLAN - GROWTH;INF200K013W2;;11.0711;N.A.;N.A.;26-Dec-2015
132855;SBI DEBT FUND SERIES B - 2 (1111 DAYS) - REGULAR PLAN - DIVIDEND;INF200K012W4;;11.0277;N.A.;N.A.;26-Dec-2015
132857;SBI DEBT FUND SERIES B - 2 (1111 DAYS) - REGULAR PLAN - GROWTH;INF200K011W6;;11.0277;N.A.;N.A.;26-Dec-2015
134810;SBI DEBT FUND SERIES B - 20 (1100 DAYS) - DIRECT PLAN - DIVIDEND;INF200KA1ET2;;10.4536;N.A.;N.A.;26-Dec-2015
134809;SBI DEBT FUND SERIES B - 20 (1100 DAYS) - DIRECT PLAN - GROWTH;INF200KA1ES4;;10.4536;N.A.;N.A.;26-Dec-2015
134811;SBI DEBT FUND SERIES B - 20 (1100 DAYS) - REGULAR PLAN - DIVIDEND;INF200KA1ER6;;10.4348;N.A.;N.A.;26-Dec-2015
134808;SBI DEBT FUND SERIES B - 20 (1100 DAYS) - REGULAR PLAN - GROWTH;INF200KA1EQ8;;10.4348;N.A.;N.A.;26-Dec-2015
135065;SBI DEBT FUND SERIES B - 22 (1100 DAYS) - DIRECT PLAN - DIVIDEND;INF200KA1FR3;;10.3598;N.A.;N.A.;26-Dec-2015
135063;SBI DEBT FUND SERIES B - 22 (1100 DAYS) - DIRECT PLAN - GROWTH;INF200KA1FQ5;;10.3598;N.A.;N.A.;26-Dec-2015
135062;SBI DEBT FUND SERIES B - 22 (1100 DAYS) - REGULAR PLAN - DIVIDEND;INF200KA1FP7;;10.3441;N.A.;N.A.;26-Dec-2015
135064;SBI DEBT FUND SERIES B - 22 (1100 DAYS) - REGULAR PLAN - GROWTH;INF200KA1FO0;;10.3441;N.A.;N.A.;26-Dec-2015
135104;SBI DEBT FUND SERIES B - 23 (1100 DAYS) - DIRECT PLAN - GROWTH;INF200KA1FV5;;10.3279;N.A.;N.A.;26-Dec-2015
135103;SBI DEBT FUND SERIES B - 23 (1100 DAYS) - DIRECT PLAN -DIVIDEND;INF200KA1FW3;;10.3292;N.A.;N.A.;26-Dec-2015
135102;SBI DEBT FUND SERIES B - 23 (1100 DAYS) - REGULAR PLAN - DIVIDEND;INF200KA1FU7;;10.3133;N.A.;N.A.;26-Dec-2015
135105;SBI DEBT FUND SERIES B - 23 (1100 DAYS) - REGULAR PLAN - GROWTH;INF200KA1FT9;;10.3133;N.A.;N.A.;26-Dec-2015
135326;SBI DEBT FUND SERIES B - 25 (1100 DAYS) - DIRECT PLAN - DIVIDEND;INF200KA1GI0;;10.2706;N.A.;N.A.;26-Dec-2015
135324;SBI DEBT FUND SERIES B - 25 (1100 DAYS) - DIRECT PLAN - GROWTH;INF200KA1GH2;;10.2706;N.A.;N.A.;26-Dec-2015
135327;SBI DEBT FUND SERIES B - 25 (1100 DAYS) - REGULAR PLAN - DIVIDEND;INF200KA1GG4;;10.259;N.A.;N.A.;26-Dec-2015
135325;SBI DEBT FUND SERIES B - 25 (1100 DAYS) - REGULAR PLAN - GROWTH;INF200KA1GF6;;10.259;N.A.;N.A.;26-Dec-2015
135565;SBI DEBT FUND SERIES B - 26 (1100 DAYS) - DIRECT PLAN - DIVIDEND;INF200KA1GU5;;10.0735;N.A.;N.A.;26-Dec-2015
135564;SBI DEBT FUND SERIES B - 26 (1100 DAYS) - DIRECT PLAN - GROWTH;INF200KA1GT7;;10.0735;N.A.;N.A.;26-Dec-2015
135563;SBI DEBT FUND SERIES B - 26 (1100 DAYS) - REGULAR PLAN - DIVIDEND;INF200KA1GS9;;10.0671;N.A.;N.A.;26-Dec-2015
135566;SBI DEBT FUND SERIES B - 26 (1100 DAYS) - REGULAR PLAN - GROWTH;INF200KA1GR1;;10.0671;N.A.;N.A.;26-Dec-2015
135708;SBI DEBT FUND SERIES B - 27 (1100 DAYS) - DIRECT PLAN - DIVIDEND;INF200KA1GY7;;10.0284;N.A.;N.A.;26-Dec-2015
135710;SBI DEBT FUND SERIES B - 27 (1100 DAYS) - DIRECT PLAN - GROWTH;INF200KA1GX9;;10.0284;N.A.;N.A.;26-Dec-2015
135707;SBI DEBT FUND SERIES B - 27 (1100 DAYS) - REGULAR PLAN - DIVIDEND;INF200KA1GW1;;10.0247;N.A.;N.A.;26-Dec-2015
135709;SBI DEBT FUND SERIES B - 27 (1100 DAYS) - REGULAR PLAN - GROWTH;INF200KA1GV3;;10.0247;N.A.;N.A.;26-Dec-2015
135788;SBI DEBT FUND SERIES B - 28 (1100 DAYS) - DIRECT PLAN - DIVIDEND;INF200KA1HG2;;10.0163;N.A.;N.A.;26-Dec-2015
135786;SBI DEBT FUND SERIES B - 28 (1100 DAYS) - DIRECT PLAN - GROWTH;INF200KA1HF4;;10.0163;N.A.;N.A.;26-Dec-2015
135785;SBI DEBT FUND SERIES B - 28 (1100 DAYS) - REGULAR PLAN - DIVIDEND;INF200KA1HE7;;10.0136;N.A.;N.A.;26-Dec-2015
135787;SBI DEBT FUND SERIES B - 28 (1100 DAYS) - REGULAR PLAN - GROWTH;INF200KA1HD9;;10.0136;N.A.;N.A.;26-Dec-2015
132991;SBI DEBT FUND SERIES B - 3 (1111 DAYS) - DIRECT PLAN - DIVIDEND;INF200K013Y8;;11.0133;N.A.;N.A.;26-Dec-2015
132994;SBI DEBT FUND SERIES B - 3 (1111 DAYS) - DIRECT PLAN - GROWTH;INF200K012Y0;;11.0133;N.A.;N.A.;26-Dec-2015
132993;SBI DEBT FUND SERIES B - 3 (1111 DAYS) - REGULAR PLAN - DIVIDEND;INF200K011Y2;;10.9712;N.A.;N.A.;26-Dec-2015
132992;SBI DEBT FUND SERIES B - 3 (1111 DAYS) - REGULAR PLAN - GROWTH;INF200K010Y4;;10.9712;N.A.;N.A.;26-Dec-2015
133196;SBI DEBT FUND SERIES B - 4 (1111 DAYS) - DIRECT PLAN - DIVIDEND;INF200K019Z2;;10.9286;N.A.;N.A.;26-Dec-2015
133198;SBI DEBT FUND SERIES B - 4 (1111 DAYS) - DIRECT PLAN - GROWTH;INF200K018Z4;;10.9286;N.A.;N.A.;26-Dec-2015
133197;SBI DEBT FUND SERIES B - 4 (1111 DAYS) - REGULAR PLAN - DIVIDEND;INF200K017Z6;;10.8892;N.A.;N.A.;26-Dec-2015
133195;SBI DEBT FUND SERIES B - 4 (1111 DAYS) - REGULAR PLAN - GROWTH;INF200K016Z8;;10.8892;N.A.;N.A.;26-Dec-2015
133333;SBI DEBT FUND SERIES B - 6 (1111 DAYS) - DIRECT PLAN - DIVIDEND;INF200KA1267;;10.8674;N.A.;N.A.;26-Dec-2015
133332;SBI DEBT FUND SERIES B - 6 (1111 DAYS) - DIRECT PLAN - GROWTH;INF200KA1259;;10.8674;N.A.;N.A.;26-Dec-2015
133331;SBI DEBT FUND SERIES B - 6 (1111 DAYS) - REGULAR PLAN - DIVIDEND;INF200KA1242;;10.8299;N.A.;N.A.;26-Dec-2015
133330;SBI DEBT FUND SERIES B - 6 (1111 DAYS) - REGULAR PLAN - GROWTH;INF200KA1234;;10.8299;N.A.;N.A.;26-Dec-2015
133853;SBI DEBT FUND SERIES B - 7 (38 MONTHS) - DIRECT PLAN - DIVIDEND;INF200KA1465;;N.A.;N.A.;N.A.;26-Dec-2015
133856;SBI DEBT FUND SERIES B - 7 (38 MONTHS) - DIRECT PLAN - GROWTH;INF200KA1457;;10.6852;N.A.;N.A.;26-Dec-2015
133854;SBI DEBT FUND SERIES B - 7 (38 MONTHS) - REGUALR PLAN - DIVIDEND;INF200KA1440;;10.6545;N.A.;N.A.;26-Dec-2015
133855;SBI DEBT FUNS SERIES B - 7 (38 MONTHS) - REGULAR PLAN - GROWTH;INF200KA1432;;10.6553;N.A.;N.A.;26-Dec-2015
134316;SBI DEBT FUND SERIES B - 8 (1105 DAYS) - DIRECT PLAN - DIVIDEND;INF200KA1895;;10.6246;N.A.;N.A.;26-Dec-2015
134313;SBI DEBT FUND SERIES B - 8 (1105 DAYS) - DIRECT PLAN - GROWTH;INF200KA1887;;10.6234;N.A.;N.A.;26-Dec-2015
134314;SBI DEBT FUND SERIES B - 8 (1105 DAYS) - REGULAR PLAN - DIVIDEND;INF200KA1879;;10.5962;N.A.;N.A.;26-Dec-2015
134315;SBI DEBT FUND SERIES B - 8 (1105 DAYS) - REGULAR PLAN - GROWTH;INF200KA1861;;10.5962;N.A.;N.A.;26-Dec-2015
134319;SBI DEBT FUND SERIES B - 9 (1105 DAYS) - DIRECT PLAN - DIVIDEND;INF200KA1937;;10.5799;N.A.;N.A.;26-Dec-2015
134320;SBI DEBT FUND SERIES B - 9 (1105 DAYS) - DIRECT PLAN - GROWTH;INF200KA1929;;10.5786;N.A.;N.A.;26-Dec-2015
134318;SBI DEBT FUND SERIES B - 9 (1105 DAYS) - REGULAR PLAN - DIVIDEND;INF200KA1911;;10.552;N.A.;N.A.;26-Dec-2015
134317;SBI DEBT FUND SERIES B - 9 (1105 DAYS) - REGULAR PLAN - GROWTH;INF200KA1903;;10.552;N.A.;N.A.;26-Dec-2015
126466;SBI Dual Advantage Fund Series - I - Direct Plan - Dividend;INF200K01X55;;12.3305;N.A.;N.A.;26-Dec-2015
126465;SBI Dual Advantage Fund Series - I - Direct Plan - Growth;INF200K01X48;;12.3481;N.A.;N.A.;26-Dec-2015
126464;SBI Dual Advantage Fund Series - I - Regular Plan - Dividend;INF200K01X30;;12.2584;N.A.;N.A.;26-Dec-2015
126463;SBI Dual Advantage Fund Series - I - Regular Plan - Growth;INF200K01X22;;12.2582;N.A.;N.A.;26-Dec-2015
129423;SBI Dual Advantage Fund Series - II Direct Plan - Dividend;INF200K015F2;;11.5094;N.A.;N.A.;26-Dec-2015
129421;SBI Dual Advantage Fund Series - II Direct Plan - Growth;INF200K014F5;;11.5099;N.A.;N.A.;26-Dec-2015
129422;SBI Dual Advantage Fund Series - II Regular Plan - Dividend;INF200K013F7;;11.486;N.A.;N.A.;26-Dec-2015
129424;SBI Dual Advantage Fund Series - II Regular Plan - Growth;INF200K012F9;;11.486;N.A.;N.A.;26-Dec-2015
130023;SBI Dual Advantage Fund - Series III - Direct Plan - Dividend;INF200K015J4;;11.2486;N.A.;N.A.;26-Dec-2015
130024;SBI Dual Advantage Fund - Series III - Direct Plan - Growth;INF200K014J7;;11.2486;N.A.;N.A.;26-Dec-2015
130022;SBI Dual Advantage Fund - Series III - Regular Plan - Dividend;INF200K013J9;;11.2304;N.A.;N.A.;26-Dec-2015
130021;SBI Dual Advantage Fund - Series III - Regular Plan - Growth;INF200K012J1;;11.2304;N.A.;N.A.;26-Dec-2015
131132;SBI DUAL ADVANTAGE FUND - SERIES IV - DIRECT PLAN - DIVIDEND;INF200K013Q4;;11.1078;N.A.;N.A.;26-Dec-2015
131131;SBI DUAL ADVANTAGE FUND - SERIES IV - DIRECT PLAN - GROWTH;INF200K012Q6;;11.1128;N.A.;N.A.;26-Dec-2015
131134;SBI DUAL ADVANTAGE FUND - SERIES IV - REGULAR PLAN - DIVIDEND;INF200K011Q8;;11.1007;N.A.;N.A.;26-Dec-2015
131133;SBI DUAL ADVANTAGE FUND - SERIES IV - REGULAR PLAN - GROWTH;INF200K010Q0;;11.1005;N.A.;N.A.;26-Dec-2015
134613;SBI DUAL ADVANTAGE FUND - SERIES IX - DIRECT PLAN - DIVIDEND;INF200KA1CB4;;10.32;N.A.;N.A.;26-Dec-2015
134614;SBI DUAL ADVANTAGE FUND - SERIES IX - DIRECT PLAN - GROWTH;INF200KA1CA6;;10.32;N.A.;N.A.;26-Dec-2015
134612;SBI DUAL ADVANTAGE FUND - SERIES IX - REGULAR PLAN - DIVIDEND;INF200KA1BZ5;;10.2387;N.A.;N.A.;26-Dec-2015
134611;SBI DUAL ADVANTAGE FUND - SERIES IX - REGULAR PLAN - GROWTH;INF200KA1BY8;;10.2387;N.A.;N.A.;26-Dec-2015
132920;SBI DUAL ADVANTAGE FUND - SERIES V - DIRECT PLAN - DIVIDEND;INF200K015X5;;10.6431;N.A.;N.A.;26-Dec-2015
132919;SBI DUAL ADVANTAGE FUND - SERIES V - DIRECT PLAN - GROWTH;INF200K014X8;;10.6428;N.A.;N.A.;26-Dec-2015
132922;SBI DUAL ADVANTAGE FUND - SERIES V - REGULAR PLAN - DIVIDEND;INF200K013X0;;10.6076;N.A.;N.A.;26-Dec-2015
132921;SBI DUAL ADVANTAGE FUND - SERIES V - REGULAR PLAN - GROWTH;INF200K012X2;;10.6076;N.A.;N.A.;26-Dec-2015
133283;SBI DUAL ADVANTAGE FUND - SERIES VI - DIRECT PLAN - DIVIDEND;INF200KA1184;;10.6217;N.A.;N.A.;26-Dec-2015
133282;SBI DUAL ADVANTAGE FUND - SERIES VI - DIRECT PLAN - GROWTH;INF200KA1176;;10.6217;N.A.;N.A.;26-Dec-2015
133284;SBI DUAL ADVANTAGE FUND - SERIES VI - REGULAR PLAN - DIVIDEND;INF200KA1168;;10.5894;N.A.;N.A.;26-Dec-2015
133281;SBI DUAL ADVANTAGE FUND - SERIES VI - REGULAR PLAN - GROWTH;INF200KA1150;;10.5894;N.A.;N.A.;26-Dec-2015
133717;SBI DUAL ADVANTAGE FUND - SERIES VII - DIRECT PLAN - DIVIDEND;INF200KA1424;;10.3734;N.A.;N.A.;26-Dec-2015
133716;SBI DUAL ADVANTAGE FUND - SERIES VII - DIRECT PLAN - GROWTH;INF200KA1416;;10.3734;N.A.;N.A.;26-Dec-2015
133715;SBI DUAL ADVANTAGE FUND - SERIES VII - REGULAR PLAN - DIVIDEND;INF200KA1408;;10.3444;N.A.;N.A.;26-Dec-2015
133718;SBI DUAL ADVANTAGE FUND - SERIES VII - REGULAR PLAN - GROWTH;INF200KA1390;;10.3442;N.A.;N.A.;26-Dec-2015
134193;SBI DUAL ADVANTAGE FUND - SERIES VIII - DIRECT PLAN - DIVIDEND;INF200KA1770;;10.2093;N.A.;N.A.;26-Dec-2015
134196;SBI DUAL ADVANTAGE FUND - SERIES VIII - DIRECT PLAN - GROWTH;INF200KA1762;;10.2094;N.A.;N.A.;26-Dec-2015
134194;SBI DUAL ADVANTAGE FUND - SERIES VIII - REGULAR PLAN - DIVIDEND;INF200KA1754;;10.1847;N.A.;N.A.;26-Dec-2015
134195;SBI DUAL ADVANTAGE FUND - SERIES VIII - REGULAR PLAN - GROWTH;INF200KA1747;;10.1844;N.A.;N.A.;26-Dec-2015
135155;SBI DUAL ADVANTAGE FUND - SERIES X - DIRECT PLAN - DIVIDEND;INF200KA1GE9;;10.1622;N.A.;N.A.;26-Dec-2015
135154;SBI DUAL ADVANTAGE FUND - SERIES X - DIRECT PLAN - GROWTH;INF200KA1GD1;;10.1622;N.A.;N.A.;26-Dec-2015
135156;SBI DUAL ADVANTAGE FUND - SERIES X - REGULAR PLAN - DIVIDEND;INF200KA1GC3;;10.1151;N.A.;N.A.;26-Dec-2015
135153;SBI DUAL ADVANTAGE FUND - SERIES X - REGULAR PLAN - GROWTH;INF200KA1GB5;;10.1152;N.A.;N.A.;26-Dec-2015
135377;SBI DUAL ADVANTAGE FUND - SERIES XI - DIRECT PLAN - DIVIDEND;INF200KA1GM2;;10.0962;N.A.;N.A.;26-Dec-2015
135376;SBI DUAL ADVANTAGE FUND - SERIES XI - DIRECT PLAN - GROWTH;INF200KA1GL4;;10.0963;N.A.;N.A.;26-Dec-2015
135379;SBI DUAL ADVANTAGE FUND - SERIES XI - REGULAR PLAN - DIVIDEND;INF200KA1GK6;;10.0689;N.A.;N.A.;26-Dec-2015
135378;SBI DUAL ADVANTAGE FUND - SERIES XI - REGULAR PLAN - GROWTH;INF200KA1GJ8;;10.0689;N.A.;N.A.;26-Dec-2015
135777;SBI DUAL ADVANATGE FUND - SERIES XII - REGULAR PLAN - DIVIDEND;INF200KA1HA5;;9.9965;N.A.;N.A.;26-Dec-2015
135780;SBI DUAL ADVANTAGE FUND - SERIES XII - DIRECT PLAN - DIVIDEND;INF200KA1HC1;;10.0022;N.A.;N.A.;26-Dec-2015
135778;SBI DUAL ADVANTAGE FUND - SERIES XII - DIRECT PLAN - GROWTH;INF200KA1HB3;;10.0022;N.A.;N.A.;26-Dec-2015
135779;SBI DUAL ADVANTAGE FUND - SERIES XII - REGULAR PLAN - GROWTH;INF200KA1GZ4;;9.9967;N.A.;N.A.;26-Dec-2015

Close Ended Schemes ( Growth )


SBI Mutual Fund
131339;SBI EQUITY OPPORTUNITIES FUND - SERIES I - DIRECT PLAN - DIVIDEND;INF200K017S1;;11.8948;N.A.;N.A.;26-Dec-2015
131338;SBI EQUITY OPPORTUNITIES FUND - SERIES I - DIRECT PLAN - GROWTH;INF200K016S3;;11.8886;N.A.;N.A.;26-Dec-2015
131337;SBI EQUITY OPPORTUNITIES FUND - SERIES I - REGULAR PLAN - DIVIDEND;INF200K015S5;;11.8497;N.A.;N.A.;26-Dec-2015
131336;SBI EQUITY OPPORTUNITIES FUND - SERIES I - REGULAR PLAN - GROWTH;INF200K014S8;;11.8498;N.A.;N.A.;26-Dec-2015
133109;SBI EQUITY OPPORTUNITIES FUND - SERIES II - DIRECT PLAN - DIVIDEND;INF200K011Z9;;10.3791;N.A.;N.A.;26-Dec-2015
133108;SBI EQUITY OPPORTUNITIES FUND - SERIES II - DIRECT PLAN - GROWTH;INF200K010Z1;;10.38;N.A.;N.A.;26-Dec-2015
133107;SBI EQUITY OPPORTUNITIES FUND - SERIES II - REGULAR PLAN - DIVIDEND;INF200K019Y5;;10.346;N.A.;N.A.;26-Dec-2015
133106;SBI EQUITY OPPORTUNITIES FUND - SERIES II - REGULAR PLAN - GROWTH;INF200K018Y7;;10.3463;N.A.;N.A.;26-Dec-2015
135507;SBI EQUITY OPPORTUNITIES FUND -  SERIES IV - REGULAR PLAN - GROWTH;INF200KA1GP5;;10.3291;N.A.;N.A.;26-Dec-2015
135506;SBI EQUITY OPPORTUNITIES FUND - SERIES IV - DIRECT PLAN - GROWTH;INF200KA1GN0;;10.356;N.A.;N.A.;26-Dec-2015
135509;SBI Equity Opportunities Fund-Series IV - Direct Plan - Income Distribution cum Capital Withdrawal Option (IDCW);INF200KA1GO8;;10.3536;N.A.;N.A.;26-Dec-2015
135508;SBI Equity Opportunities Fund-Series IV - Regular Plan - Income Distribution cum Capital Withdrawal Option (IDCW);INF200KA1GQ3;;10.329;N.A.;N.A.;26-Dec-2015
