Scheme Code;Scheme Name;ISIN Div Payout/ISIN Growth;ISIN Div Reinvestment;Net Asset Value;Repurchase Price;Sale Price;Date

Open Ended Schemes ( Debt Scheme - Overnight Fund )


Aditya Birla Sun Life Mutual Fund
145488;ADITYA BIRLA SUN LIFE OVERNIGHT FUND-  Direct - Monthly Payout of IDCW;INF209KB1ZL4;;1000.9061;;;02-Oct-2024
145489;ADITYA BIRLA SUN LIFE OVERNIGHT FUND-  Direct - Weekly Reinvestment of IDCW;;INF209KB1ZJ8;1000.9079;;;02-Oct-2024
145482;ADITYA BIRLA SUN LIFE OVERNIGHT FUND-  Regular - Weekly Reinvestment of IDCW option;;INF209KB1ZE9;1000.891;;;02-Oct-2024
145487;ADITYA BIRLA SUN LIFE OVERNIGHT FUND- Direct - Daily Reinvestment of IDCW;;INF209KB1ZI0;1000.02;;;02-Oct-2024
145483;ADITYA BIRLA SUN LIFE OVERNIGHT FUND- Regular - Daily Reinvestment of IDCW;;INF209KB1ZD1;1000.02;;;02-Oct-2024
145485;ADITYA BIRLA SUN LIFE OVERNIGHT FUND- Regular- Monthly Payout of IDCW option;INF209KB1ZG4;;1000.8905;;;02-Oct-2024
145486;ADITYA BIRLA SUN LIFE OVERNIGHT FUND-DIRECT PLAN-GROWTH;INF209KB1ZH2;;1338.2144;;;02-Oct-2024
145481;ADITYA BIRLA SUNLIFE OVERNIGHT FUND-REGULAR PLAN-GROWTH;INF209KB1ZC3;;1329.0369;;;02-Oct-2024

Axis Mutual Fund
146679;Axis Overnight Fund - Direct Plan - Daily IDCW;;INF846K01N99;1000.5073;;;02-Oct-2024
146675;Axis Overnight Fund - Direct Plan - Growth Option;INF846K01N65;;1308.9392;;;02-Oct-2024
146677;Axis Overnight Fund - Direct Plan - Monthly IDCW;INF846K01N73;INF846K01N81;1002.1205;;;02-Oct-2024
146676;Axis Overnight Fund - Direct Plan - Weekly IDCW;INF846K01N40;INF846K01N57;1001.0817;;;02-Oct-2024
146682;Axis Overnight Fund - Regular Plan - Daily IDCW;;INF846K01O56;1000.5032;;;02-Oct-2024
146678;Axis Overnight Fund - Regular Plan - Growth Option;INF846K01O23;;1304.8794;;;02-Oct-2024
146681;Axis Overnight Fund - Regular Plan - Monthly IDCW;INF846K01O31;INF846K01O49;1002.1016;;;02-Oct-2024
146680;Axis Overnight Fund - Regular Plan - Weekly IDCW;INF846K01O07;INF846K01O15;1001.0477;;;02-Oct-2024

Bajaj Finserv Mutual Fund
151843;Bajaj Finserv Overnight Fund - Direct Plan - Daily - IDCW;;INF0QA701185;1033.1412;;;02-Oct-2024
151850;Bajaj Finserv Overnight Fund - Direct Plan - Fortnightly - IDCW;INF0QA701235;INF0QA701201;1034.7998;;;02-Oct-2024
151849;Bajaj Finserv Overnight Fund - Direct Plan - Growth;INF0QA701177;;1085.0357;;;02-Oct-2024
151845;Bajaj Finserv Overnight Fund - Direct Plan - Monthly - IDCW;INF0QA701243;INF0QA701219;1036.0970;;;02-Oct-2024
151844;Bajaj Finserv Overnight Fund - Direct Plan - Weekly - IDCW;INF0QA701227;INF0QA701193;1033.5148;;;02-Oct-2024
151852;Bajaj Finserv Overnight Fund - Regular Plan - Daily - IDCW;;INF0QA701292;1032.8859;;;02-Oct-2024
151847;Bajaj Finserv Overnight Fund - Regular Plan - Fortnightly - IDCW;INF0QA701318;INF0QA701276;1034.4720;;;02-Oct-2024
151851;Bajaj Finserv Overnight Fund - Regular Plan - Growth;INF0QA701250;;1084.3596;;;02-Oct-2024
151848;Bajaj Finserv Overnight Fund - Regular Plan - Monthly - IDCW;INF0QA701326;INF0QA701284;1035.8191;;;02-Oct-2024
151846;Bajaj Finserv Overnight Fund - Regular Plan - Weekly - IDCW;INF0QA701300;INF0QA701268;1033.2404;;;02-Oct-2024

Bandhan Mutual Fund
146190;BANDHAN Overnight Fund - Direct Plan - Daily IDCW;INF194KB1462;INF194KB1470;1000.0073;;;02-Oct-2024
146191;BANDHAN Overnight Fund - Direct Plan - Growth;INF194KB1447;;1319.5488;;;02-Oct-2024
146183;BANDHAN Overnight Fund - Direct Plan - Monthly IDCW;INF194KB1496;INF194KB1504;1000.8794;;;02-Oct-2024
146184;BANDHAN Overnight Fund - Direct Plan - Periodic IDCW;INF194KB1520;INF194KB1538;1202.1536;;;02-Oct-2024
146192;BANDHAN Overnight Fund - Direct Plan - Weekly IDCW;INF194KB1553;INF194KB1561;1000.8301;;;02-Oct-2024
146188;BANDHAN Overnight Fund - Regular Plan - Daily IDCW;INF194KB1330;INF194KB1348;1000.0073;;;02-Oct-2024
146187;BANDHAN Overnight Fund - Regular Plan - Growth;INF194KB1314;;1311.3082;;;02-Oct-2024
146185;BANDHAN Overnight Fund - Regular Plan - Monthly IDCW;INF194KB1363;INF194KB1371;1001.0048;;;02-Oct-2024
146189;BANDHAN Overnight Fund - Regular Plan - Weekly IDCW;INF194KB1421;INF194KB1439;1001.8023;;;02-Oct-2024
146186;BANDHAN Overnight Fund - REGULAR PLAN PERIODIC IDCW;INF194KB1397;INF194KB1405;1199.8570;;;02-Oct-2024

Bank of India Mutual Fund
147951;BANK OF INDIA Overnight Fund Direct Plan Growth;INF761K01EU7;;1254.8344;;;02-Oct-2024
147952;BANK OF INDIA Overnight Fund Direct Plan- Daily IDCW;;INF761K01EV5;1000.0047;;;02-Oct-2024
147948;BANK OF INDIA Overnight Fund Direct Plan- Monthly IDCW;INF761K01EY9;INF761K01EX1;1001.0739;;;02-Oct-2024
147950;BANK OF INDIA Overnight Fund Direct Plan- Weekly IDCW;;INF761K01EW3;1000.3542;;;02-Oct-2024
147936;BANK OF INDIA Overnight Fund Regular Plan Growth;INF761K01EZ6;;1251.6176;;;02-Oct-2024
147953;BANK OF INDIA Overnight Fund Regular Plan- Daily IDCW;;INF761K01FA6;1000.0000;;;02-Oct-2024
147949;BANK OF INDIA Overnight Fund Regular Plan- Monthly IDCW;INF761K01FD0;INF761K01FC2;1001.0685;;;02-Oct-2024
147947;BANK OF INDIA Overnight Fund Regular Plan- Weekly IDCW;;INF761K01FB4;1000.3757;;;02-Oct-2024
149412;BANK OF INDIA Overnight Fund Unclaimed IDCW Plan - Greater than 3 Years;;;1000.0000;;;02-Oct-2024
149414;BANK OF INDIA Overnight Fund Unclaimed IDCW Plan - Up to 3 Years;;;1179.8635;;;02-Oct-2024
149415;BANK OF INDIA Overnight Fund Unclaimed Redemption Plan - Greater than 3 Years;;;1000.0000;;;02-Oct-2024
149413;BANK OF INDIA Overnight Fund Unclaimed Redemption Plan - Upto 3 Years;;;1179.7412;;;02-Oct-2024

Baroda BNP Paribas Mutual Fund
147197;Baroda BNP Paribas Overnight Fund - Direct Plan - Daily IDCW;;INF955L01HW2;1000.0029;;;02-Oct-2024
147196;Baroda BNP Paribas Overnight Fund - Direct Plan - Growth;INF955L01HV4;;1299.4006;;;02-Oct-2024
147195;Baroda BNP Paribas Overnight Fund - Direct Plan - Weekly IDCW;;INF955L01HX0;1000.2816;;;02-Oct-2024
149988;Baroda BNP Paribas Overnight Fund - Plan C - Unclaimed IDCW - Greater than 3 years;;;1000.0000;;;02-Oct-2024
149991;Baroda BNP Paribas Overnight Fund - Plan C - Unclaimed IDCW - Up to 3 years;;;1165.8338;;;02-Oct-2024
149990;Baroda BNP Paribas Overnight Fund - Plan C - Unclaimed Redemption - Greater than 3 years;;;1000.0000;;;02-Oct-2024
149989;Baroda BNP Paribas Overnight Fund - Plan C - Unclaimed Redemption - Up to 3 years;;;1165.8295;;;02-Oct-2024
147194;Baroda BNP Paribas Overnight Fund - Regular Plan - Daily IDCW;;INF955L01HT8;1000.0018;;;02-Oct-2024
147193;Baroda BNP Paribas Overnight Fund - Regular Plan - Growth;INF955L01HS0;;1294.9694;;;02-Oct-2024
147198;Baroda BNP Paribas Overnight Fund - Regular Plan - Weekly IDCW;;INF955L01HU6;1000.7417;;;02-Oct-2024

Canara Robeco Mutual Fund
147532;CANARA ROBECO OVERNIGHT FUND - DIRECT PLAN - DAILY IDCW (Reinvestment);;INF760K01JN3;1001.0012;;;02-Oct-2024
147531;CANARA ROBECO OVERNIGHT FUND - DIRECT PLAN - GROWTH OPTION;INF760K01JM5;;1278.7099;;;02-Oct-2024
147533;CANARA ROBECO OVERNIGHT FUND - REGULAR PLAN - DAILY IDCW (Reinvestment);;INF760K01JP8;1001.0000;;;02-Oct-2024
147534;CANARA ROBECO OVERNIGHT FUND - REGULAR PLAN - GROWTH OPTION;INF760K01JO1;;1277.5632;;;02-Oct-2024

DSP Mutual Fund
146062;DSP Overnight Fund - Direct Plan - Growth;INF740KA1MC8;;1325.3096;;;02-Oct-2024
146065;DSP Overnight Fund - Direct Plan - IDCW - Daily;;INF740KA1OR2;1000.0099;;;02-Oct-2024
146061;DSP Overnight Fund - Regular Plan - Growth;INF740KA1MB0;;1319.0624;;;02-Oct-2024
146066;DSP Overnight Fund - Regular Plan - IDCW - Daily;;INF740KA1OU6;1000.0099;;;02-Oct-2024
146063;DSP Overnight Fund - Regular Plan - IDCW - Weekly;INF740KA1OV4;INF740KA1OW2;1000.9278;;;02-Oct-2024
149313;Unclaimed IDCW - Beyond 3 years (Invested in DSP Overnight Fund);;;10.0000;;;02-Oct-2024
149312;Unclaimed IDCW - Upto 3 years (Invested in DSP Overnight Fund);;;11.8055;;;02-Oct-2024
149311;Unclaimed Redemption - Beyond 3 years (Invested in DSP Overnight Fund);;;10.0000;;;02-Oct-2024
149310;Unclaimed Redemption - Upto 3 years (Invested in DSP Overnight Fund);;;11.8055;;;02-Oct-2024

Edelweiss Mutual Fund
147551;Edelweiss Overnight Fund - Direct Plan - Annual - IDCW Option;INF754K01KD5;INF754K01KC7;1281.3105;;;02-Oct-2024
147557;Edelweiss Overnight Fund - Direct Plan - Daily - IDCW Option;;INF754K01JW7;1000.0566;;;02-Oct-2024
147570;Edelweiss Overnight Fund - Direct Plan - Growth;INF754K01JV9;;1280.8689;;;02-Oct-2024
147554;Edelweiss Overnight Fund - Direct Plan - Monthly - IDCW Option;INF754K01KB9;INF754K01KA1;1058.7905;;;02-Oct-2024
147556;Edelweiss Overnight Fund - Regular Plan - Annual - IDCW Option;INF754K01KM6;INF754K01KL8;1277.1276;;;02-Oct-2024
147552;Edelweiss Overnight Fund - Regular Plan - Daily - IDCW Option;;INF754K01KF0;1008.2571;;;02-Oct-2024
147549;Edelweiss Overnight Fund - Regular Plan - Fortnightly - IDCW Option;INF754K01KI4;INF754K01KH6;1095.8301;;;02-Oct-2024
147569;Edelweiss Overnight Fund - Regular Plan - Growth;INF754K01KE3;;1277.1264;;;02-Oct-2024
147555;Edelweiss Overnight Fund - Regular Plan - Monthly - IDCW Option;INF754K01KK0;INF754K01KJ2;1005.6188;;;02-Oct-2024
147553;Edelweiss Overnight Fund - Regular Plan - Weekly - IDCW Option;;INF754K01KG8;1016.6095;;;02-Oct-2024
149476;Edelweiss Overnight Fund - Unclaimed IDCW Plan - Above 3 years;;;1000;;;02-Oct-2024
149477;Edelweiss Overnight Fund - Unclaimed IDCW Plan - Upto 3 years;;;1171.926;;;02-Oct-2024
149479;Edelweiss Overnight Fund - Unclaimed Redemption Plan - Above 3 years;;;1000;;;02-Oct-2024
149478;Edelweiss Overnight Fund - Unclaimed Redemption Plan - Upto 3 years;;;1171.9245;;;02-Oct-2024

Franklin Templeton Mutual Fund
147215;Franklin India Overnight Fund - Daily Dividend Plan - Daily - IDCW;;INF090I01SM2;1000.0000;;;02-Oct-2024
147212;Franklin India Overnight Fund - Direct Daily Dividend Plan - Daily - IDCW;;INF090I01ST7;1000.0008;;;02-Oct-2024
147211;Franklin India Overnight Fund - Direct Weekly Dividend Plan - Weekly - IDCW;INF090I01SR1;INF090I01SQ3;1000.5248;;;02-Oct-2024
147216;Franklin India Overnight Fund - Weekly Dividend Plan - Weekly - IDCW;INF090I01SN0;INF090I01SP5;1000.5291;;;02-Oct-2024
147213;Franklin India Overnight fund- Growth;INF090I01SO8;;1286.5821;;;02-Oct-2024
147214;Franklin India Overnight Fund- Growth - Direct;INF090I01SS9;;1290.1839;;;02-Oct-2024
149445;Franklin India Overnight Fund- Unclaimed IDCW Investor Education Plan;;;10.0000;;;02-Oct-2024
149443;Franklin India Overnight Fund- Unclaimed IDCW Plan;;;11.7099;;;02-Oct-2024
149444;Franklin India Overnight Fund- Unclaimed Redemption Investor EducationPlan;;;10.0000;;;02-Oct-2024
149446;Franklin India Overnight Fund- Unclaimed Redemption Plan;;;11.7099;;;02-Oct-2024

Groww Mutual Fund
147458;Groww Overnight Fund (formerly known as Indiabulls Overnight Fund)- Direct Plan- - Income Distribution cum capital withdrawal Option ( Reinvestment);;INF666M01GM6;1001.0866;;;02-Oct-2024
147452;Groww Overnight Fund (formerly known as Indiabulls Overnight Fund)- Direct Plan- Fortnightly - Income Distribution cum capital withdrawal Option (Payout & Reinvestment);INF666M01GP9;INF666M01GQ7;1216.4286;;;02-Oct-2024
147450;Groww Overnight Fund (formerly known as Indiabulls Overnight Fund)- Direct Plan- Growth Option;INF666M01GL8;;1276.4899;;;02-Oct-2024
147453;Groww Overnight Fund (formerly known as Indiabulls Overnight Fund)- Direct Plan- Monthly - Income Distribution cum capital withdrawal Option (Payout & Reinvestment);INF666M01GR5;INF666M01GS3;1001.9216;;;02-Oct-2024
147451;Groww Overnight Fund (formerly known as Indiabulls Overnight Fund)- Direct Plan- Weekly - Income Distribution cum capital withdrawal Option (Payout & Reinvestment);INF666M01GN4;INF666M01GO2;1001.8222;;;02-Oct-2024
147455;Groww Overnight Fund (formerly known as Indiabulls Overnight Fund)- Regular Plan- - Income Distribution cum capital withdrawal Option ( Reinvestment);;INF666M01GU9;1001.0161;;;02-Oct-2024
147457;Groww Overnight Fund (formerly known as Indiabulls Overnight Fund)- Regular Plan- Fortnightly - Income Distribution cum capital withdrawal Option (Payout & Reinvestment);INF666M01GX3;INF666M01GY1;1002.1139;;;02-Oct-2024
147454;Groww Overnight Fund (formerly known as Indiabulls Overnight Fund)- Regular Plan- Growth Option;INF666M01GT1;;1270.3891;;;02-Oct-2024
147459;Groww Overnight Fund (formerly known as Indiabulls Overnight Fund)- Regular Plan- Monthly - Income Distribution cum capital withdrawal Option (Payout & Reinvestment);INF666M01GZ8;INF666M01HA9;1001.8695;;;02-Oct-2024
147456;Groww Overnight Fund (formerly known as Indiabulls Overnight Fund)- Regular Plan- Weekly - Income Distribution cum capital withdrawal Option (Payout & Reinvestment);INF666M01GV7;INF666M01GW5;1001.2966;;;02-Oct-2024
149394;Groww Overnight Fund (formerly known as Indiabulls Overnight Fund)- Unclaimed Dividend < 3 years;;;1180.0717;;;02-Oct-2024
149393;Groww Overnight Fund (formerly known as Indiabulls Overnight Fund)- Unclaimed Dividend > 3 Years;;;1171.7456;;;02-Oct-2024
149396;Groww Overnight Fund (formerly known as Indiabulls Overnight Fund)- Unclaimed Redemption < 3 Years;;;1170.5239;;;02-Oct-2024
149395;Groww Overnight Fund (formerly known as Indiabulls Overnight Fund)- Unclaimed Redemption > 3 Years;;;1174.3171;;;02-Oct-2024

HDFC Mutual Fund
119109;HDFC Overnight Fund - Daily IDCW Option - Direct Plan;;INF179KB1HY1;1042.66;;;02-Oct-2024
101996;HDFC Overnight Fund - Growth Option;INF179KB1HS3;;3637.4409;;;02-Oct-2024
119110;HDFC Overnight Fund - Growth Option - Direct Plan;INF179KB1HT1;;3670.5037;;;02-Oct-2024
101997;HDFC Overnight Fund - IDCW Option (Daily);;INF179KB1IF8;1042.66;;;02-Oct-2024

Helios Mutual Fund
152151;Helios Overnight Fund - Direct Plan - Daily IDCW Option;INF0R8701087;;1000.0000;;;02-Oct-2024
152152;Helios Overnight Fund - Direct Plan - Growth Option;INF0R8701079;;1063.4078;;;02-Oct-2024
152154;Helios Overnight Fund - Regular Plan - Daily IDCW Option;INF0R8701103;;1000.0000;;;02-Oct-2024
152153;Helios Overnight Fund - Regular Plan - Growth Option;INF0R8701095;;1062.9066;;;02-Oct-2024

HSBC Mutual Fund
147291;HSBC Overnight Fund - Direct Daily IDCW;;INF336L01OG4;1000.0133;;;02-Oct-2024
147287;HSBC Overnight Fund - Direct Growth;INF336L01OF6;;1294.6898;;;02-Oct-2024
147300;HSBC Overnight Fund - Direct Monthly IDCW;INF336L01OK6;INF336L01OI0;1001.248;;;02-Oct-2024
147296;HSBC Overnight Fund - Direct Weekly IDCW;INF336L01OJ8;INF336L01OH2;1000.1875;;;02-Oct-2024
147289;HSBC Overnight Fund - Regular Daily IDCW;;INF336L01OM2;1000.0133;;;02-Oct-2024
147290;HSBC Overnight Fund - Regular Growth;INF336L01OL4;;1285.4133;;;02-Oct-2024
147301;HSBC Overnight Fund - Regular Monthly IDCW;INF336L01OQ3;INF336L01OO8;1001.227;;;02-Oct-2024
147288;HSBC Overnight Fund - Regular Weekly IDCW;INF336L01OP5;INF336L01ON0;1000.2169;;;02-Oct-2024
150501;HSBC Overnight Fund - Unclaimed IDCW Above three years;;;1000;;;02-Oct-2024
150499;HSBC Overnight Fund - Unclaimed IDCW Below three years;;;1149.0408;;;02-Oct-2024
150500;HSBC Overnight Fund - Unclaimed Redemption above three years;;;1000;;;02-Oct-2024
150502;HSBC Overnight Fund - Unclaimed Redemption Below three years;;;1149.0471;;;02-Oct-2024

ICICI Prudential Mutual Fund
145547;ICICI Prudential Overnight Fund - Daily IDCW;;INF109KC18E1;1000.0050;;;02-Oct-2024
145537;ICICI Prudential Overnight Fund - Direct Plan - Daily IDCW;;INF109KC12G9;1000.0050;;;02-Oct-2024
145536;ICICI Prudential Overnight Fund - Direct Plan - Growth;INF109KC11G1;;1333.3527;;;02-Oct-2024
149411;ICICI Prudential Overnight fund - Direct Plan - Unclaimed IDCW Stable Scheme;INF109KC18H4;;1000.0000;;;02-Oct-2024
149408;ICICI Prudential Overnight fund - Direct Plan - Unclaimed IDCW Transitory Scheme;INF109KC16H8;;1176.4362;;;02-Oct-2024
149409;ICICI Prudential Overnight fund - Direct Plan - Unclaimed Redemption Stable Scheme;INF109KC17H6;;1000.0000;;;02-Oct-2024
149410;ICICI Prudential Overnight fund - Direct Plan - Unclaimed Redemption Transitory Scheme;INF109KC15H0;;1176.4525;;;02-Oct-2024
145539;ICICI Prudential Overnight Fund - Direct Plan - Weekly IDCW;INF109KC16G0;INF109KC15G2;1000.3534;;;02-Oct-2024
145535;ICICI Prudential Overnight Fund - Growth;INF109KC17E3;;1326.5245;;;02-Oct-2024
145538;ICICI Prudential Overnight Fund - Weekly IDCW;INF109KC12F1;INF109KC11F3;1000.3489;;;02-Oct-2024

Invesco Mutual Fund
147884;Invesco India Overnight Fund - Direct Plan - Daily IDCW (Reinvestment);;INF205KA1122;1000.5109;;;02-Oct-2024
147883;Invesco India Overnight Fund - Direct Plan - Growth;INF205KA1163;;1250.1704;;;02-Oct-2024
147886;Invesco India Overnight Fund - Direct Plan - Monthly IDCW (Payout / Reinvestment);INF205KA1155;INF205KA1148;1000.9303;;;02-Oct-2024
147885;Invesco India Overnight Fund - Direct Plan - Weekly IDCW (Reinvestment);;INF205KA1130;1001.9058;;;02-Oct-2024
147880;Invesco India Overnight Fund - Regular Plan - Daily IDCW (Reinvestment);;INF205KA1072;1000.1395;;;02-Oct-2024
147878;Invesco India Overnight Fund - Regular Plan - Growth;INF205KA1114;;1246.8563;;;02-Oct-2024
147879;Invesco India Overnight Fund - Regular Plan - Monthly IDCW (Payout / Reinvestment);INF205KA1106;INF205KA1098;1000.9966;;;02-Oct-2024
147881;Invesco India Overnight Fund - Regular Plan - Weekly IDCW (Reinvestment);;INF205KA1080;1000.5056;;;02-Oct-2024

ITI Mutual Fund
147713;ITI Overnight Fund - Direct Plan - Growth Option;INF00XX01564;;1256.3274;;;02-Oct-2024
147717;ITI Overnight Fund - Direct Plan - Monthly IDCW Option;INF00XX01630;INF00XX01606;1002.0341;;;02-Oct-2024
147715;ITI Overnight Fund - Regular Plan - Annual IDCW Option;INF00XX01556;INF00XX01523;1172.1431;;;02-Oct-2024
147709;ITI Overnight Fund - Regular Plan - Daily IDCW Option;;INF00XX01481;1001.0000;;;02-Oct-2024
147716;ITI Overnight Fund - Regular Plan - Fortnightly IDCW Option;INF00XX01531;INF00XX01507;1002.0566;;;02-Oct-2024
147714;ITI Overnight Fund - Regular Plan - Growth Option;INF00XX01473;;1250.0231;;;02-Oct-2024
147718;ITI Overnight Fund - Regular Plan - Monthly IDCW Option;INF00XX01549;INF00XX01515;1001.4286;;;02-Oct-2024
147712;ITI Overnight Fund - Regular Plan - Weekly IDCW Option;;INF00XX01499;1001.1665;;;02-Oct-2024

JM Financial Mutual Fund
147838;JM Overnight Fund (Direct) - Daily IDCW;;INF192K01LY2;1000.0000;;;02-Oct-2024
147835;JM Overnight Fund (Direct) - Weekly IDCW;INF192K01LZ9;INF192K01MA0;1000.1736;;;02-Oct-2024
147839;JM Overnight Fund (Regular) - Daily IDCW;;INF192K01LU0;1000.0000;;;02-Oct-2024
147836;JM Overnight Fund (Regular) - Growth;INF192K01LX4;;1251.9343;;;02-Oct-2024
147834;JM Overnight Fund (Regular) - Weekly IDCW;INF192K01LV8;INF192K01LW6;1000.1737;;;02-Oct-2024
147837;JM Overnight Fund - (Direct) - Growth;INF192K01MB8;;1256.1590;;;02-Oct-2024
149828;JM Overnight Fund - (Direct) - Unclaimed IDCW - Growth Plan;;;1262.3541;;;02-Oct-2024
149827;JM Overnight Fund - (Direct) - Unclaimed IDCW I.E.F. - Growth Plan;;;1073.9936;;;02-Oct-2024
149829;JM Overnight Fund - (Direct) - Unclaimed Redemption - Growth Plan;;;1256.1771;;;02-Oct-2024
149826;JM Overnight Fund - (Direct) - Unclaimed Redemption I.E.F. - Growth Plan;;;1073.9936;;;02-Oct-2024

Kotak Mahindra Mutual Fund
146141;Kotak Overnight Fund -Direct Plan-Growth Option;INF174KA1BF9;;1319.8317;;;02-Oct-2024
146142;Kotak Overnight Fund -Regular plan-Growth Option;INF174KA1BC6;;1312.8075;;;02-Oct-2024
146140;Kotak Overnight Fund-Direct Plan- Daily Reinvestment of Income Distribution cum capital withdrawal option;;INF174KA1BE2;1003.6055;;;02-Oct-2024
146138;Kotak Overnight Fund-Regular Plan- Daily Reinvestment of Income Distribution cum capital withdrawal option;;INF174KA1BB8;1004.7568;;;02-Oct-2024

LIC Mutual Fund
147516;LIC MF Overnight Fund-Direct Plan-Daily IDCW;;INF767K01QG7;1028.963;;;02-Oct-2024
147515;LIC MF Overnight Fund-Direct Plan-Growth;INF767K01QI3;;1282.4391;;;02-Oct-2024
147513;LIC MF Overnight Fund-Direct Plan-IDCW;INF767K01QE2;INF767K01QF9;1282.1443;;;02-Oct-2024
147514;LIC MF Overnight Fund-Direct Plan-Weekly IDCW;;INF767K01QH5;1000.5822;;;02-Oct-2024
147519;LIC MF Overnight Fund-Regular Plan-Growth;INF767K01QD4;;1273.7751;;;02-Oct-2024
147512;LIC MF Overnight Fund-Regular Plan-IDCW;INF767K01PZ9;INF767K01QA0;1126.2353;;;02-Oct-2024
147518;LIC MF Overnight Fund-Regular Plan-Weekly IDCW;;INF767K01QC6;1120.1525;;;02-Oct-2024

Mahindra Manulife Mutual Fund
147563;Mahindra Manulife Overnight Fund - Direct Plan - Daily IDCW;;INF174V01846;1284.0296;;;02-Oct-2024
147564;Mahindra Manulife Overnight Fund - Direct Plan -Growth;INF174V01838;;1280.6669;;;02-Oct-2024
147566;Mahindra Manulife Overnight Fund - Regular Plan - Daily IDCW;;INF174V01820;1131.1206;;;02-Oct-2024
147565;Mahindra Manulife Overnight Fund - Regular Plan - Growth;INF174V01812;;1273.9468;;;02-Oct-2024
149471;Mahindra Manulife Overnight Fund - Unclaimed Redemption/IDCW beyond 3 years;;;1000.0000;;;02-Oct-2024
149470;Mahindra Manulife Overnight Fund - Unclaimed Redemption/IDCW upto 3 years;;;1174.3548;;;02-Oct-2024

Mirae Asset Mutual Fund
147737;Mirae Asset Overnight Fund Direct Daily IDCW;;INF769K01FJ0;1000.0015;;;02-Oct-2024
147738;Mirae Asset Overnight Fund Direct Monthly IDCW;INF769K01FF8;INF769K01FI2;1001.4161;;;02-Oct-2024
147736;Mirae Asset Overnight Fund Direct Plan Growth;INF769K01FG6;;1268.7210;;;02-Oct-2024
147740;Mirae Asset Overnight Fund Direct Weekly IDCW;;INF769K01FK8;1001.2401;;;02-Oct-2024
147743;Mirae Asset Overnight Fund Regular Daily  IDCW ;;INF769K01FL6;1000.0010;;;02-Oct-2024
147742;Mirae Asset Overnight Fund Regular Monthly IDCW;INF769K01FD3;INF769K01FH4;1001.3953;;;02-Oct-2024
147739;Mirae Asset Overnight Fund Regular Plan Growth;INF769K01FE1;;1262.8195;;;02-Oct-2024
147741;Mirae Asset Overnight Fund Regular Weekly IDCW;;INF769K01FM4;1001.2143;;;02-Oct-2024

Navi Mutual Fund
151866;NAVI Overnight Fund Direct Plan Daily IDCW Reinvestment;;INF959L01GW6;10.0129;;;02-Oct-2024
151875;NAVI Overnight Fund Direct Plan Growth;INF959L01GV8;;10.7741;;;02-Oct-2024
151874;NAVI Overnight Fund Direct Plan Monthly IDCW Reinvestment;;INF959L01GY2;10.02;;;02-Oct-2024
151876;NAVI Overnight Fund Direct Plan Weekly IDCW Reinvestment;;INF959L01GX4;10.0069;;;02-Oct-2024
151870;NAVI Overnight Fund Regular Plan Daily IDCW Reinvestment;;INF959L01HE2;10.0129;;;02-Oct-2024
151868;NAVI Overnight Fund Regular Plan Growth;INF959L01HB8;;10.7506;;;02-Oct-2024
151869;NAVI Overnight Fund Regular Plan Monthly IDCW Reinvestment;;INF959L01HD4;10.0197;;;02-Oct-2024
151873;NAVI Overnight Fund Regular Plan Weekly IDCW Reinvestment;;INF959L01HC6;10.0072;;;02-Oct-2024

Nippon India Mutual Fund
145830;NIPPON INDIA OVERNIGHT FUND - DAILY IDCW Option;;INF204KB1Q73;100.0050;;;02-Oct-2024
145812;NIPPON INDIA OVERNIGHT FUND - DIRECT Plan - DAILY IDCW Option;;INF204KB1R49;100.0050;;;02-Oct-2024
145810;Nippon India Overnight Fund - Direct Plan - Growth Option;INF204KB1R31;;132.8676;;;02-Oct-2024
145824;NIPPON INDIA OVERNIGHT FUND - DIRECT Plan - MONTHLY IDCW Option;INF204KB1R64;INF204KB1R72;100.2459;;;02-Oct-2024
145825;NIPPON INDIA OVERNIGHT FUND - DIRECT Plan - QUARTERLY IDCW Option;INF204KB1R80;INF204KB1R98;100.4976;;;02-Oct-2024
145823;NIPPON INDIA OVERNIGHT FUND - DIRECT Plan - WEEKLY IDCW Option;;INF204KB1R56;100.0943;;;02-Oct-2024
145827;NIPPON INDIA OVERNIGHT FUND - MONTHLY IDCW Option;INF204KB1Q99;INF204KB1R07;100.2355;;;02-Oct-2024
145833;NIPPON INDIA OVERNIGHT FUND - QUARTERLY IDCW Option;INF204KB1R15;INF204KB1R23;100.4926;;;02-Oct-2024
145811;Nippon India Overnight Fund - Regular Plan - Growth Option;INF204KB1Q65;;132.1346;;;02-Oct-2024
145826;NIPPON INDIA OVERNIGHT FUND - WEEKLY IDCW Option;;INF204KB1Q81;100.0932;;;02-Oct-2024

NJ Mutual Fund
150369;NJ Overnight Fund - Direct Plan - Growth Option;INF0J8L01081;;1146.2228;;;02-Oct-2024
150368;NJ Overnight Fund - Regular Plan - Growth Option;INF0J8L01073;;1143.7083;;;02-Oct-2024

PGIM India Mutual Fund
147605;PGIM India Overnight Fund - Direct Plan - Daily Dividend Option;;INF663L01T35;1000.0094;;;02-Oct-2024
147606;PGIM India Overnight Fund - Direct Plan - Growth Option;INF663L01T01;;1276.7436;;;02-Oct-2024
147608;PGIM India Overnight Fund - Direct Plan - Weekly Dividend Option;INF663L01T19;INF663L01T27;1002.8912;;;02-Oct-2024
147609;PGIM India Overnight Fund - Regular Plan - Daily Dividend Option;;INF663L01T76;1000;;;02-Oct-2024
147607;PGIM India Overnight Fund - Regular Plan - Weekly Dividend Option;INF663L01T50;INF663L01T68;1009.1687;;;02-Oct-2024
147600;PGIM India Overnight Fund - Regular Plan- Growth Option;INF663L01T43;;1271.8161;;;02-Oct-2024

quant Mutual Fund
151190;quant Overnight Fund - Growth Option - Direct Plan;INF966L01AZ7;;11.3243;;;02-Oct-2024
151195;quant Overnight Fund - Growth Option - Regular Plan;INF966L01BC4;;11.2998;;;02-Oct-2024
151193;quant Overnight Fund - IDCW Option - Direct Plan;INF966L01BA8;INF966L01BB6;11.3282;;;02-Oct-2024
151191;quant Overnight Fund - IDCW Option - Regular Plan;INF966L01BD2;INF966L01BE0;11.2879;;;02-Oct-2024

Samco Mutual Fund
150631;Samco Overnight Fund - Direct Plan - Growth Option;INF0K1H01040;;1134.1620;;;02-Oct-2024
150632;Samco Overnight Fund - Regular Plan - Growth Option;INF0K1H01032;;1129.0863;;;02-Oct-2024

SBI Mutual Fund
119831;SBI Overnight Fund - Direct Plan - Daily Income Distribution cum Capital Withdrawal Option (IDCW);;INF200K01TJ7;1249.2846;;;02-Oct-2024
119833;SBI OVERNIGHT FUND - DIRECT PLAN - GROWTH;INF200K01TK5;;4024.9259;;;02-Oct-2024
119832;SBI Overnight Fund - Direct Plan - Weekly Income Distribution cum Capital Withdrawal Option (IDCW);INF200K01TL3;INF200K01TM1;1275.7013;;;02-Oct-2024
114297;SBI Overnight Fund - Regular Plan - Daily Income Distribution cum Capital Withdrawal Option (IDCW);;INF200K01LN6;1244.9510;;;02-Oct-2024
101206;SBI OVERNIGHT FUND - REGULAR PLAN - GROWTH;INF200K01LQ9;;3974.9744;;;02-Oct-2024
103140;SBI Overnight Fund - Regular Plan - Weekly Income Distribution cum Capital Withdrawal Option (IDCW);INF200K01LO4;INF200K01LP1;1271.1815;;;02-Oct-2024

Shriram Mutual Fund
150562;Shriram Overnight Fund -  Direct Growth;INF680P01323;;11.4418;;;02-Oct-2024
150561;Shriram Overnight Fund - Direct Daily IDCW;;INF680P01331;10;;;02-Oct-2024
150567;Shriram Overnight Fund - Direct Monthly IDCW;INF680P01380;INF680P01398;10.0267;;;02-Oct-2024
150558;Shriram Overnight Fund - Regular Daily IDCW;;INF680P01257;10;;;02-Oct-2024
150565;Shriram Overnight Fund - Regular Growth;INF680P01232;;11.4177;;;02-Oct-2024
150560;Shriram Overnight Fund - Regular Monthly IDCW;INF680P01307;INF680P01315;10.0264;;;02-Oct-2024

Sundaram Mutual Fund
146963;Sundaram Overnight Fund Direct Plan - Growth;INF903JA1HG5;;1314.5480;;;02-Oct-2024
146962;Sundaram Overnight Fund Direct Plan - Monthly Payout of Income Distribution cum Capital Withdrawal (IDCW);INF903JA1HH3;;1045.1074;;;02-Oct-2024
146957;Sundaram Overnight Fund Direct Plan - Monthly Reinvestment of Income Distribution cum Capital Withdrawal (IDCW);INF903JA1HM3;;1045.1074;;;02-Oct-2024
146959;Sundaram Overnight Fund Regular Plan - Growth;INF903JA1GZ7;;1307.3128;;;02-Oct-2024
146960;Sundaram Overnight Fund Regular Plan - Monthly Payout of Income Distribution cum Capital Withdrawal (IDCW);INF903JA1HA8;;1041.3736;;;02-Oct-2024
146961;Sundaram Overnight Fund Regular Plan - Monthly Reinvestment of Income Distribution cum Capital Withdrawal (IDCW);INF903JA1HF7;;1041.3736;;;02-Oct-2024
149820;Sundaram Overnight Fund Unclaimed IDCW beyond three years;INF903JA1KX4;;1000.0000;;;02-Oct-2024
149821;Sundaram Overnight Fund Unclaimed IDCW upto three years;INF903JA1KZ9;;1170.8716;;;02-Oct-2024
149819;Sundaram Overnight Fund Unclaimed Redemption  beyond three years;INF903JA1KY2;;1000.0000;;;02-Oct-2024
149818;Sundaram Overnight Fund Unclaimed Redemption upto three years;INF903JA1LA0;;1170.8570;;;02-Oct-2024

Tata Mutual Fund
146978;TATA Overnight Fund Direct Plan - Daily Reinvestment of Income Distribution cum capital withdrawal option   ;;INF277K019T3;1000.0002;;;02-Oct-2024
146979;TATA Overnight Fund Regular Plan - Daily Reinvestment of Income Distribution cum capital withdrawal option   ;;INF277K017T7;1000.0002;;;02-Oct-2024
146980;Tata Overnight Fund-Direct Plan-Growth;INF277K018T5;;1305.4174;;;02-Oct-2024
146977;Tata Overnight Fund-Regular Plan-Growth;INF277K016T9;;1297.4681;;;02-Oct-2024

Trust Mutual Fund
149796;TRUST MF OVERNIGHT FUND-DIRECT PLAN-DAILY IDCW REINVESTMENT;;INF0GCD01461;1164.7255;;;02-Oct-2024
149797;TRUST MF OVERNIGHT FUND-DIRECT PLAN-GROWTH;INF0GCD01453;;1171.2085;;;02-Oct-2024
149798;TRUST MF OVERNIGHT FUND-REGULAR PLAN-DAILY IDCW REINVESTMENT;;INF0GCD01446;1163.2707;;;02-Oct-2024
149795;TRUST MF OVERNIGHT FUND-REGULAR-GROWTH;INF0GCD01438;;1169.5755;;;02-Oct-2024

Union Mutual Fund
147002;Union Overnight Fund - Direct Plan - Daily IDCW Option;;INF582M01FB0;1000.7812;;;02-Oct-2024
147003;Union Overnight Fund - Direct Plan - Growth Option;INF582M01FA2;;1302.5965;;;02-Oct-2024
147006;Union Overnight Fund - Direct Plan - Monthly IDCW Option;INF582M01FG9;INF582M01FE4;1001.8201;;;02-Oct-2024
146998;Union Overnight Fund - Regular Plan - Daily IDCW Option;;INF582M01FK1;1001.2517;;;02-Oct-2024
146997;Union Overnight Fund - Regular Plan - Growth Option;INF582M01FJ3;;1295.5228;;;02-Oct-2024
147000;Union Overnight Fund - Regular Plan - Monthly IDCW Option;INF582M01FP0;INF582M01FN5;1001.7975;;;02-Oct-2024
149451;Union Overnight Fund - Unclaimed Amounts Plan - IDCW Beyond 3 years;;;1000.0000;;;02-Oct-2024
149452;Union Overnight Fund - Unclaimed Amounts Plan - IDCW Upto 3 years;;;1174.3926;;;02-Oct-2024
149453;Union Overnight Fund - Unclaimed Amounts Plan - Redemption Beyond 3 years;;;1000.0000;;;02-Oct-2024
149454;Union Overnight Fund - Unclaimed Amounts Plan - Redemption Upto 3 years;;;1174.3487;;;02-Oct-2024

UTI Mutual Fund
100814;UTI - Overnight  Fund - Regular Plan - Growth Option;INF789F01604;;3351.581;;;02-Oct-2024
120785;UTI - Overnight Fund - Direct Plan - Growth Option;INF789FB1S71;;3386.6729;;;02-Oct-2024
124266;UTI Overnight Fund - Direct Plan - Daily IDCW;;INF789FB1S89;1371.6621;;;02-Oct-2024
120786;UTI Overnight Fund - Direct Plan - Periodic IDCW;INF789FB1T05;INF789FB1S97;1777.3732;;;02-Oct-2024
124265;UTI Overnight Fund - Regular Plan - Daily IDCW;;INF789FB1T13;1370.8617;;;02-Oct-2024
100813;UTI Overnight Fund - Regular Plan - Periodic IDCW;INF789F01588;INF789F01596;1726.618;;;02-Oct-2024

Open Ended Schemes ( Debt Scheme - Liquid Fund )


360 ONE Mutual Fund
125349;360 ONE LIQUID FUND DIRECT PLAN  DAILY DIVIDEND REINVESTMENT;;INF579M01688;1000.2317;;;02-Oct-2024
125345;360 ONE LIQUID FUND DIRECT PLAN  GROWTH;INF579M01621;;1923.2980;;;02-Oct-2024
125343;360 ONE LIQUID FUND DIRECT PLAN  WEEKLY DIVIDEND;INF579M01639;INF579M01696;1005.1912;;;02-Oct-2024
125342;360 ONE LIQUID FUND REGULAR PLAN  DAILY DIVIDEND REINVESTMENT;;INF579M01563;1000.2317;;;02-Oct-2024
125259;360 ONE LIQUID FUND REGULAR PLAN  GROWTH;INF579M01506;;1912.8264;;;02-Oct-2024
125337;360 ONE LIQUID FUND REGULAR PLAN  WEEKLY DIVIDEND;INF579M01514;INF579M01571;1005.1783;;;02-Oct-2024

Aditya Birla Sun Life Mutual Fund
100047;Aditya Birla Sun Life Liquid Fund - Growth;INF209K01RU9;;399.7413;;;02-Oct-2024
119568;Aditya Birla Sun Life Liquid Fund - Growth - Direct Plan;INF209K01VA3;;404.1662;;;02-Oct-2024
100046;Aditya Birla Sun Life Liquid Fund -Daily IDCW;INF209K01KQ2;INF209K01SQ5;100.195;;;02-Oct-2024
119569;Aditya Birla Sun Life Liquid Fund -Direct - daily IDCW;INF209K01UZ2;;100.195;;;02-Oct-2024
119571;Aditya Birla Sun Life Liquid Fund -DIRECT - IDCW;INF209K01VD7;;188.8;;;02-Oct-2024
119570;Aditya Birla Sun Life Liquid Fund -Direct - weekly IDCW;INF209K01VC9;;100.3412;;;02-Oct-2024
100041;Aditya Birla Sun Life Liquid Fund -Institutional - IDCW;;INF209K01KN9;108.023;;;02-Oct-2024
100048;Aditya Birla Sun Life Liquid Fund -Institutional - weekly  IDCW;INF209KA1LK7;INF209K01KY6;108.1982;;;02-Oct-2024
103885;Aditya Birla Sun Life Liquid Fund -Regular - IDCW;INF209KA1LI1;;143.9106;;;02-Oct-2024
100044;Aditya Birla Sun Life Liquid Fund -Retail - IDCW;;INF209K01KP4;163.694;;;02-Oct-2024
100051;Aditya Birla Sun Life Liquid Fund -weekly IDCW;INF209K01KU4;INF209KA1LJ9;100.3395;;;02-Oct-2024
112014;Aditya Birla Sun Life Liquid Fund- Discipline Advantage Plan;INF209K01KZ3;;269.8087;;;02-Oct-2024
100043;Aditya Birla Sun Life Liquid Fund-Institutional (Growth);INF209K01RT1;;665.6972;;;02-Oct-2024
100042;Aditya Birla Sun Life Liquid Fund-Retail (Growth);INF209K01ME4;;648.6969;;;02-Oct-2024

Axis Mutual Fund
120388;Axis Liquid Fund - Direct Plan - Daily IDCW;;INF846K01DA0;1000.9560;;;02-Oct-2024
120389;Axis Liquid Fund - Direct Plan - Growth Option;INF846K01CX4;;2782.8884;;;02-Oct-2024
120391;Axis Liquid Fund - Direct Plan - Monthly IDCW;INF846K01CY2;INF846K01CZ9;1002.2294;;;02-Oct-2024
120390;Axis Liquid Fund - Direct Plan - Weekly IDCW;INF846K01DB8;INF846K01DC6;1002.5171;;;02-Oct-2024
112211;Axis Liquid Fund - Regular Plan - Daily IDCW;;INF846K01420;1001.3998;;;02-Oct-2024
112210;Axis Liquid Fund - Regular Plan - Growth Option;INF846K01412;;2761.1353;;;02-Oct-2024
112213;Axis Liquid Fund - Regular Plan - Monthly IDCW;INF846K01453;INF846K01461;1002.8033;;;02-Oct-2024
112212;Axis Liquid Fund - Regular Plan - Weekly IDCW;INF846K01438;INF846K01446;1002.5120;;;02-Oct-2024
112712;Axis Liquid Fund - Retail Plan - Daily IDCW;;INF846K01362;1000.9559;;;02-Oct-2024
112713;Axis Liquid Fund - Retail Plan - Growth Option;INF846K01354;;2537.8038;;;02-Oct-2024
112714;Axis Liquid Fund - Retail Plan - Monthly IDCW;INF846K01396;INF846K01404;1002.1229;;;02-Oct-2024
112715;Axis Liquid Fund - Retail Plan - Weekly IDCW;INF846K01370;INF846K01388;1000.9804;;;02-Oct-2024

Bajaj Finserv Mutual Fund
151835;Bajaj Finserv Liquid Fund - Direct Plan - Daily - IDCW;;INF0QA701029;1034.6939;;;02-Oct-2024
151838;Bajaj Finserv Liquid Fund - Direct Plan - Fortnightly - IDCW;INF0QA701078;INF0QA701045;1036.7083;;;02-Oct-2024
151833;Bajaj Finserv Liquid Fund - Direct Plan - Growth;INF0QA701011;;1092.9215;;;02-Oct-2024
151836;Bajaj Finserv Liquid Fund - Direct Plan - Monthly - IDCW;INF0QA701086;INF0QA701052;1038.1759;;;02-Oct-2024
151834;Bajaj Finserv Liquid Fund - Direct Plan - Weekly - IDCW;INF0QA701060;INF0QA701037;1035.1135;;;02-Oct-2024
151839;Bajaj Finserv Liquid Fund - Regular Plan - Daily - IDCW;;INF0QA701136;1033.8241;;;02-Oct-2024
151841;Bajaj Finserv Liquid Fund - Regular Plan - Fortnightly - IDCW;INF0QA701151;INF0QA701110;1035.7854;;;02-Oct-2024
151837;Bajaj Finserv Liquid Fund - Regular Plan - Growth;INF0QA701094;;1090.6058;;;02-Oct-2024
151842;Bajaj Finserv Liquid Fund - Regular Plan - Monthly - IDCW;INF0QA701169;INF0QA701128;1037.2200;;;02-Oct-2024
151840;Bajaj Finserv Liquid Fund - Regular Plan - Weekly - IDCW;INF0QA701144;INF0QA701102;1034.2649;;;02-Oct-2024

Bandhan Mutual Fund
108692;BANDHAN LIQUID Fund - Regular Plan - Daily IDCW;INF194K01VZ4;INF194K01VY7;1001.0846;;;02-Oct-2024
108690;BANDHAN LIQUID Fund - Regular Plan - Growth;INF194K01VX9;;2998.5306;;;02-Oct-2024
108693;BANDHAN LIQUID Fund - Regular Plan - Monthly IDCW;INF194K01WF4;INF194K01WE7;1001.4370;;;02-Oct-2024
115489;BANDHAN LIQUID Fund - Regular Plan - Periodic IDCW;INF194K01WC1;INF194K01WB3;1294.5733;;;02-Oct-2024
108691;BANDHAN LIQUID Fund - Regular Plan - Weekly IDCW;INF194K01WI8;INF194K01WH0;1002.1938;;;02-Oct-2024
139582;BANDHAN LIQUID Fund - Unclaimed IDCW Less than 3 years;INF194KA14C0;;1.6111;;;02-Oct-2024
139583;BANDHAN LIQUID Fund - Unclaimed IDCW More than 3 years;INF194KA15C7;;1.0000;;;02-Oct-2024
139584;BANDHAN LIQUID Fund - Unclaimed Redemption Less than 3 years;INF194KA12C4;;1.6111;;;02-Oct-2024
139585;BANDHAN LIQUID Fund - Unclaimed Redemption More than 3 years;INF194KA13C2;;1.0000;;;02-Oct-2024
118365;BANDHAN LIQUID Fund -Direct Plan -Monthly IDCW;INF194K01J36;INF194K01J28;1008.1731;;;02-Oct-2024
118367;BANDHAN LIQUID Fund -Direct Plan -Weekly IDCW;INF194KB1JT8;INF194K01J51;1008.0905;;;02-Oct-2024
118366;BANDHAN LIQUID Fund -Direct Plan-Daily IDCW;;INF194K01I78;1001.6663;;;02-Oct-2024
118364;BANDHAN LIQUID Fund -Direct Plan-Growth;INF194K01I60;;3024.6748;;;02-Oct-2024
118363;BANDHAN LIQUID Fund -Direct Plan-Periodic IDCW;INF194K01J02;INF194K01I94;1218.5581;;;02-Oct-2024

Bank of India Mutual Fund
119368;BANK OF INDIA Liquid Fund- Direct Plan- Daily IDCW;;INF761K01CL0;1002.6483;;;02-Oct-2024
119369;BANK OF INDIA Liquid Fund- Direct Plan- Growth;INF761K01785;;2883.3740;;;02-Oct-2024
119370;BANK OF INDIA Liquid Fund- Direct Plan- Weekly IDCW;;INF761K01CM8;1061.9822;;;02-Oct-2024
111971;BANK OF INDIA Liquid Fund- Regular Plan- Daily IDCW;;INF761K01CO4;1002.1069;;;02-Oct-2024
109254;BANK OF INDIA Liquid Fund- Regular Plan- Growth;INF761K01306;;2855.6386;;;02-Oct-2024
109255;BANK OF INDIA Liquid Fund- Regular Plan- Weekly IDCW;;INF761K01CP1;1001.7163;;;02-Oct-2024

Baroda BNP Paribas Mutual Fund
119414;Baroda BNP Paribas LIQUID FUND - DIRECT PLAN - DAILY IDCW OPTION;INF955L01AK2;;1002.0849;;;02-Oct-2024
119415;Baroda BNP Paribas LIQUID FUND - DIRECT PLAN - GROWTH OPTION;INF955L01AL0;;2887.1402;;;02-Oct-2024
119416;Baroda BNP Paribas LIQUID FUND - DIRECT PLAN - WEEKLY IDCW OPTION;INF251K01SL8;;1218.7110;;;02-Oct-2024
111707;Baroda BNP Paribas LIQUID FUND - Regular Plan - DAILY IDCW OPTION;INF955L01468;INF955L01476;1001.1996;;;02-Oct-2024
111704;Baroda BNP Paribas LIQUID FUND - Regular Plan - GROWTH OPTION;INF955L01484;;2853.9326;;;02-Oct-2024
111705;Baroda BNP Paribas LIQUID FUND - Regular Plan - WEEKLY IDCW OPTION;INF251K01SK0;INF955L01500;1000.3375;;;02-Oct-2024
101408;Baroda BNP Paribas LIQUID FUND- Defunct Plan -Growth Option;INF955L01575;;4201.6537;;;02-Oct-2024
101407;Baroda BNP Paribas LIQUID FUND-Defunct Plan- IDCW Option;INF955L01559;INF955L01567;3466.8137;;;02-Oct-2024

Canara Robeco Mutual Fund
118307;CANARA ROBECO LIQUID FUND - DIRECT PLAN - DAILY IDCW (Reinvestment);;INF760K01FS0;1005.5000;;;02-Oct-2024
118305;CANARA ROBECO LIQUID FUND - DIRECT PLAN - GROWTH OPTION;INF760K01FU6;;3000.3975;;;02-Oct-2024
118304;CANARA ROBECO LIQUID FUND - DIRECT PLAN - IDCW (Payout/Reinvestment);INF760K01FT8;;2147.2950;;;02-Oct-2024
118306;CANARA ROBECO LIQUID FUND - DIRECT PLAN - MONTHLY IDCW (Payout/Reinvestment);INF760K01FV4;INF760K01FW2;1001.5992;;;02-Oct-2024
118308;CANARA ROBECO LIQUID FUND - DIRECT PLAN - WEEKLY IDCW (Payout/Reinvestment);INF760K01FY8;INF760K01FX0;1000.2245;;;02-Oct-2024
109349;CANARA ROBECO LIQUID FUND - REGULAR PLAN - DAILY IDCW (Reinvestment);;INF760K01CU3;1005.5000;;;02-Oct-2024
109353;CANARA ROBECO LIQUID FUND - REGULAR PLAN - GROWTH OPTION;INF760K01CW9;;2985.4444;;;02-Oct-2024
109351;CANARA ROBECO LIQUID FUND - REGULAR PLAN - MONTHLY IDCW (Payout/Reinvestment);INF760K01CX7;INF760K01CY5;1001.5857;;;02-Oct-2024
109350;CANARA ROBECO LIQUID FUND - REGULAR PLAN - WEEKLY IDCW (Payout/Reinvestment);INF760K01BZ4;INF760K01CZ2;1000.2245;;;02-Oct-2024
139235;Canara Robeco Liquid Fund -Unclaimed Redemption and Dividend Plan -Direct Growth Option;INF760K01IC8;;1636.2074;;;02-Oct-2024

DSP Mutual Fund
119125;DSP Liquidity Fund - Direct Plan - Growth;INF740K01QL4;;3579.3662;;;02-Oct-2024
119124;DSP Liquidity Fund - Direct Plan - IDCW - Daily;;INF740KA1OB6;1000.9329;;;02-Oct-2024
119123;DSP Liquidity Fund - Direct Plan - IDCW - Weekly;INF740KA1OC4;INF740KA1OD2;1002.2541;;;02-Oct-2024
103347;DSP Liquidity Fund - Regular Plan - Growth;INF740K01FK9;;3541.4610;;;02-Oct-2024
103348;DSP Liquidity Fund - Regular Plan - IDCW - Weekly;INF740K01FM5;INF740K01FL7;1002.2398;;;02-Oct-2024
103349;DSP Liquidity Fund- Regular Plan - IDCW - Daily;;INF740KA1OE0;1000.9329;;;02-Oct-2024

Edelweiss Mutual Fund
140194;Edelweiss Liquid Fund - Direct Plan - Bonus Option;INF754K01GY9;;1881.9062;;;02-Oct-2024
140196;Edelweiss Liquid Fund - Direct Plan - Growth Option;INF754K01GM4;;3234.7303;;;02-Oct-2024
140198;Edelweiss Liquid Fund - Direct Plan - IDCW Option;INF754K01GO0;INF754K01GN2;3234.744;;;02-Oct-2024
140192;Edelweiss Liquid Fund - Direct Plan Annual - IDCW Option;INF754K01GX1;INF754K01GT9;3234.7087;;;02-Oct-2024
140193;Edelweiss Liquid Fund - Direct Plan daily - IDCW Option;;INF754K01GP7;1094.9263;;;02-Oct-2024
140199;Edelweiss Liquid Fund - Direct Plan Fortnightly - IDCW Option;INF754K01GV5;INF754K01GR3;2475.3614;;;02-Oct-2024
140197;Edelweiss Liquid Fund - Direct Plan Monthly - IDCW Option;INF754K01GW3;INF754K01GS1;1005.8169;;;02-Oct-2024
140195;Edelweiss Liquid Fund - Direct Plan weekly - IDCW Option;INF754K01GU7;INF754K01GQ5;2173.4616;;;02-Oct-2024
140189;Edelweiss Liquid Fund - Regular Plan - Bonus Option;INF754K01HR1;;1847.79;;;02-Oct-2024
140182;Edelweiss Liquid Fund - Regular Plan - Growth Option;INF754K01GZ6;;3172.2175;;;02-Oct-2024
140190;Edelweiss Liquid Fund - Regular Plan - IDCW Option;INF754K01GK8;INF754K01GL6;3172.2195;;;02-Oct-2024
140188;Edelweiss Liquid Fund - Regular Plan Annual - IDCW Option;INF754K01HQ3;INF754K01HP5;2194.901;;;02-Oct-2024
140181;Edelweiss Liquid Fund - Regular Plan Daily - IDCW Option;;INF754K01HA7;1174.5806;;;02-Oct-2024
140184;Edelweiss Liquid Fund - Regular Plan Fortnightly - IDCW Option;INF754K01HK6;INF754K01HC3;2154.7168;;;02-Oct-2024
140183;Edelweiss Liquid Fund - Regular Plan Monthly - IDCW Option;INF754K01HL4;INF754K01HD1;1084.0595;;;02-Oct-2024
140185;Edelweiss Liquid Fund - Regular Plan Weekly - IDCW Option;INF754K01HJ8;INF754K01HB5;1185.0133;;;02-Oct-2024
140176;Edelweiss Liquid Fund - Retail Plan - Growth Option;INF754K01HE9;;2884.8704;;;02-Oct-2024
140178;Edelweiss Liquid Fund - Retail Plan - Weekly Dividend Option;;INF754K01HG4;1231.1913;;;02-Oct-2024
140177;Edelweiss Liquid Fund - Retail Plan Daily - IDCW Option;;INF754K01HF6;1057.9813;;;02-Oct-2024
140180;Edelweiss Liquid Fund - Retail Plan Monthly - IDCW Option;;INF754K01HI0;1245.4563;;;02-Oct-2024

Franklin Templeton Mutual Fund
100541;Franklin India Liquid Fund - Regular Plan - Daily - IDCW;;INF090I01BA3;1509.3204;;;02-Oct-2024
100538;Franklin India Liquid Fund - Regular Plan - Growth;INF090I01BB1;;5641.6307;;;02-Oct-2024
100537;Franklin India Liquid Fund - Regular Plan - Weekly - IDCW;INF090I01BL0;INF090I01BI6;1245.1279;;;02-Oct-2024
118577;Franklin India Liquid Fund - Super Institutional - Direct - Growth;INF090I01JV2;;3761.1381;;;02-Oct-2024
100547;Franklin India Liquid Fund - Super Institutional Plan - Daily - IDCW;;INF090I01BF2;1000.0000;;;02-Oct-2024
118578;Franklin India Liquid Fund - Super Institutional Plan - Direct - Daily - IDCW;INF090I01JW0;;1001.6033;;;02-Oct-2024
118579;Franklin India Liquid Fund - Super Institutional Plan - Direct - Weekly - IDCW;INF090I01JX8;INF090I01JY6;1022.1321;;;02-Oct-2024
100546;Franklin India Liquid Fund - Super Institutional Plan - Growth;INF090I01BG0;;3732.2747;;;02-Oct-2024
100548;Franklin India Liquid Fund - Super Institutional Plan - Weekly - IDCW;INF090I01BM8;INF090I01BH8;1026.2627;;;02-Oct-2024
139892;Franklin India Liquid Fund - Unclaimed IDCW Investor Education Plan - Growth;INF090I01LR6;;10.0000;;;02-Oct-2024
139890;Franklin India Liquid Fund - Unclaimed IDCW Plan - Growth;INF090I01LP0;;15.8736;;;02-Oct-2024
139891;Franklin India Liquid Fund - Unclaimed Redemption Investor Education Plan - Growth;INF090I01LQ8;;10.0000;;;02-Oct-2024
139889;Franklin India Liquid Fund - Unclaimed Redemption Plan - Growth;INF090I01LO3;;15.8736;;;02-Oct-2024
102443;Franklin India Liquid Fund - Institutional Plan - Daily - IDCW;;INF090I01BC9;1000.0000;;;02-Oct-2024
102442;Franklin India Liquid Fund - Institutional Plan - Weekly - IDCW;INF090I01BJ4;INF090I01BE5;1055.4427;;;02-Oct-2024

Groww Mutual Fund
119135;Groww Liquid Fund ( formerly known as Indiabulls Liquid )Fund - Direct Plan - Growth Option;INF666M01451;;2425.8253;;;02-Oct-2024
119136;Groww Liquid Fund (formerly known as Indiabulls Liquid Fund) - Direct Plan- - Income Distribution cum capital withdrawal Option ( Reinvestment);;INF666M01469;1001.06;;;02-Oct-2024
115991;Groww Liquid Fund (formerly known as Indiabulls Liquid Fund) - Regular Plan - Growth Option;INF666M01014;;2398.3574;;;02-Oct-2024
119138;Groww Liquid Fund (formerly known as Indiabulls Liquid Fund)- Direct Plan- Fortnightly - Income Distribution cum capital withdrawal Option (Payout & Reinvestment);INF666M01501;INF666M01485;1002.5228;;;02-Oct-2024
119139;Groww Liquid Fund (formerly known as Indiabulls Liquid Fund)- Direct Plan- Monthly - Income Distribution cum capital withdrawal Option (Payout & Reinvestment);INF666M01519;INF666M01493;1029.5557;;;02-Oct-2024
119137;Groww Liquid Fund (formerly known as Indiabulls Liquid Fund)- Direct Plan- Weekly - Income Distribution cum capital withdrawal Option (Payout & Reinvestment);INF666M01527;INF666M01477;1001.3573;;;02-Oct-2024
115992;Groww Liquid Fund (formerly known as Indiabulls Liquid Fund)- Regular Plan- - Income Distribution cum capital withdrawal Option (Reinvestment);;INF666M01022;1001.1452;;;02-Oct-2024
115995;Groww Liquid Fund (formerly known as Indiabulls Liquid Fund)- Regular Plan- Monthly - Income Distribution cum capital withdrawal Option (Payout & Reinvestment);INF666M01071;INF666M01055;1001.0402;;;02-Oct-2024
115993;Groww Liquid Fund (formerly known as Indiabulls Liquid Fund)- Regular Plan- Weekly - Income Distribution cum capital withdrawal Option (Payout & Reinvestment);INF666M01089;INF666M01030;1002.0482;;;02-Oct-2024
115994;Groww Liquid Fund (formerly known as Indiabulls Liquid) Fund- Regular Plan- Fortnightly - Income Distribution cum capital withdrawal Option (Payout & Reinvestment);INF666M01063;INF666M01048;1002.5047;;;02-Oct-2024

HDFC Mutual Fund
119091;HDFC Liquid Fund - Growth Option - Direct Plan;INF179KB1HP9;;4917.7732;;;02-Oct-2024
100868;HDFC Liquid Fund - Growth Plan;INF179KB1HK0;;4868.3555;;;02-Oct-2024
100875;HDFC Liquid Fund - IDCW Daily;;INF179KB1IC5;1019.82;;;02-Oct-2024
119089;HDFC Liquid Fund - IDCW Daily - Direct Plan;;INF179KB1HV7;1019.82;;;02-Oct-2024
100876;HDFC Liquid Fund - IDCW Monthly;INF179KB1HM6;INF179KB1HL8;1026.7408;;;02-Oct-2024
119090;HDFC Liquid Fund - IDCW Monthly - Direct Plan;INF179KB1HO2;INF179KB1HQ7;1026.7556;;;02-Oct-2024
100874;HDFC Liquid Fund - IDCW Plan Weekly;INF179KB1ID3;;1031.4717;;;02-Oct-2024
119088;HDFC Liquid Fund - IDCW Weekly - Direct Plan;;;1031.4765;;;02-Oct-2024

HSBC Mutual Fund
120038;HSBC Liquid Fund -  Growth Direct;INF336L01CC8;;2494.7457;;;02-Oct-2024
120037;HSBC Liquid Fund - Direct Daily IDCW;;INF336L01CB0;1001.576;;;02-Oct-2024
120039;HSBC Liquid Fund - Direct Monthly IDCW;INF336L01BZ1;INF336L01CA2;1039.4867;;;02-Oct-2024
120040;HSBC Liquid Fund - Direct Weekly IDCW;INF336L01LK2;INF336L01CD6;1195.3697;;;02-Oct-2024
118907;HSBC Liquid Fund - Growth;INF336L01BL1;;3568.7703;;;02-Oct-2024
118906;HSBC Liquid Fund - IDCW;;INF336L01BK3;1019.3;;;02-Oct-2024
118909;HSBC Liquid Fund - Institutional Daily IDCW;;INF336L01BS6;1562.8262;;;02-Oct-2024
118901;HSBC Liquid Fund - Regular Daily IDCW;;INF336L01BM9;1001.3789;;;02-Oct-2024
118902;HSBC Liquid Fund - Regular Growth;INF336L01BN7;;2473.4963;;;02-Oct-2024
118903;HSBC Liquid Fund - Regular Monthly IDCW;INF336L01BP2;INF336L01BO5;1003.8281;;;02-Oct-2024
118904;HSBC Liquid Fund - Regular Weekly IDCW;INF336L01LJ4;INF336L01BQ0;1107.6616;;;02-Oct-2024
118908;HSBC Liquid Fund - Weekly IDCW;;INF336L01BR8;1001.0719;;;02-Oct-2024

ICICI Prudential Mutual Fund
103343;ICICI Prudential Liquid Fund - Daily IDCW;INF109K01VP3;;100.1482;;;02-Oct-2024
120191;ICICI Prudential Liquid Fund - Direct Plan -  IDCW Others;INF109K01Q31;INF109K01Q23;171.8980;;;02-Oct-2024
120188;ICICI Prudential Liquid Fund - Direct Plan - Daily IDCW;;INF109K01Q15;100.1082;;;02-Oct-2024
120197;ICICI Prudential Liquid Fund - Direct Plan - Growth;INF109K01Q49;;370.6310;;;02-Oct-2024
120190;ICICI Prudential Liquid Fund - Direct Plan - Weekly IDCW;INF109K01Q98;;100.2259;;;02-Oct-2024
103340;ICICI Prudential Liquid Fund - Growth;INF109K01VQ1;;367.3209;;;02-Oct-2024
115505;ICICI Prudential Liquid Fund - IDCW Others;INF109K01VU3;INF109K01VT5;170.7116;;;02-Oct-2024
103342;ICICI Prudential Liquid Fund - Weekly IDCW;INF109K01VS7;;100.2003;;;02-Oct-2024

Invesco Mutual Fund
122786;Invesco India Liquid Fund - Bonus Option;INF205K01UX5;;3415.9482;;;02-Oct-2024
104484;Invesco India Liquid Fund - Daily IDCW (Reinvestment);;INF205K01HN3;1002.7594;;;02-Oct-2024
120537;Invesco India Liquid Fund - Direct Plan - Growth;INF205K01MF9;;3437.0159;;;02-Oct-2024
120536;Invesco India Liquid Fund - Direct Plan - Monthly IDCW (Payout / Reinvestment);INF205K01MG7;INF205K01MH5;1083.328;;;02-Oct-2024
120535;Invesco India Liquid Fund - Direct Plan - Weekly IDCW (Reinvestment);INF205KA1BE5;INF205K01MI3;1182.7758;;;02-Oct-2024
120534;Invesco India Liquid Fund - Direct Plan- Daily IDCW (Reinvestment);;INF205K01ME2;1000.9596;;;02-Oct-2024
104486;Invesco India Liquid Fund - Growth;INF205K01HM5;;3409.5945;;;02-Oct-2024
104492;Invesco India Liquid Fund - Monthly IDCW (Payout / Reinvestment);INF205K01HQ6;INF205K01HP8;1004.074;;;02-Oct-2024
104488;Invesco India Liquid Fund - Regular - Growth;INF205K01HG7;;3031.1879;;;02-Oct-2024
104489;Invesco India Liquid Fund - Regular - Weekly IDCW (Reinvestment);;INF205K01HH5;1003.1361;;;02-Oct-2024
139390;Invesco India Liquid Fund - Unclaimed Dividend Plan - Above 3 Years;;;1000;;;02-Oct-2024
139389;Invesco India Liquid Fund - Unclaimed Dividend Plan - Below 3 Years;;;1628.8311;;;02-Oct-2024
139388;Invesco India Liquid Fund - Unclaimed Redemption Plan - Above 3 Years;;;1000;;;02-Oct-2024
139387;Invesco India Liquid Fund - Unclaimed Redemption Plan - Below 3 years;;;1628.7455;;;02-Oct-2024
104485;Invesco India Liquid Fund - Weekly IDCW (Reinvestment);INF205KA1BD7;INF205K01HO1;1018.8;;;02-Oct-2024

ITI Mutual Fund
147161;ITI Liquid Fund - Direct Plan - Annually IDCW Option;INF00XX01366;INF00XX01333;1305.0482;;;02-Oct-2024
147158;ITI Liquid Fund - Direct Plan - Daily IDCW Option;;INF00XX01291;1001.0000;;;02-Oct-2024
147157;ITI Liquid Fund - Direct Plan - Growth Option;INF00XX01283;;1303.7119;;;02-Oct-2024
147163;ITI Liquid Fund - Direct Plan - Monthly IDCW Option;INF00XX01358;INF00XX01325;1002.2317;;;02-Oct-2024
147159;ITI Liquid Fund - Direct Plan - Weekly IDCW Option;;INF00XX01309;1001.1776;;;02-Oct-2024
147162;ITI Liquid Fund - Regular Plan - Annually IDCW Option;INF00XX01275;INF00XX01242;1300.7998;;;02-Oct-2024
147154;ITI Liquid Fund - Regular Plan - Daily IDCW Option;;INF00XX01200;1001.0000;;;02-Oct-2024
147155;ITI Liquid Fund - Regular Plan - Fortnightly Income Distribution cum capital withdrawal option Option;INF00XX01259;INF00XX01226;1002.2072;;;02-Oct-2024
147153;ITI Liquid Fund - Regular Plan - Growth Option;INF00XX01192;;1294.2397;;;02-Oct-2024
147156;ITI Liquid Fund - Regular Plan - Monthly IDCW Option;INF00XX01267;INF00XX01234;1001.1538;;;02-Oct-2024
147164;ITI Liquid Fund - Regular Plan - Weekly IDCW Option;;INF00XX01218;1001.1771;;;02-Oct-2024

JM Financial Mutual Fund
120410;JM Liquid Fund (Direct) - Bonus Option - Bonus Option - Principal units;INF192K01CN4;;22.0018;;;02-Oct-2024
120411;JM Liquid Fund (Direct) - Daily IDCW;;INF192K01CH6;10.4302;;;02-Oct-2024
120406;JM Liquid Fund (Direct) - Growth Option;INF192K01CM6;;68.4116;;;02-Oct-2024
120408;JM Liquid Fund (Direct) - Quarterly IDCW;INF192K01CK0;INF192K01CL8;38.8400;;;02-Oct-2024
120407;JM Liquid Fund (Direct) - Weekly IDCW;INF192K01CI4;INF192K01CJ2;11.0080;;;02-Oct-2024
100244;JM Liquid Fund (Regular) - Quarterly IDCW;INF192K01866;INF192K01874;38.3401;;;02-Oct-2024
100247;JM Liquid Fund (Regular) - Super Institutional Plan - Growth Option;INF192K01981;;38.9392;;;02-Oct-2024
100233;JM Liquid Fund (Regular) - Weekly IDCW;INF192K01841;INF192K01858;11.0055;;;02-Oct-2024
100234;JM Liquid Fund - Growth Option;INF192K01882;;67.7376;;;02-Oct-2024
148414;JM Liquid Fund - Unclaimed Application Refund Amount I.E.F. (Direct) - Growth Plan;;;41.4437;;;02-Oct-2024
148413;JM Liquid Fund - Unclaimed Brokerage I.E.F. (Direct) - Growth Plan;;;41.4437;;;02-Oct-2024
148415;JM Liquid Fund - Withheld Brokerage I.E.F. (Direct) - Growth Plan;;;41.4437;;;02-Oct-2024
101549;JM Liquid Fund (Regular) - Bonus Option - Principal Units;INF192K01890;;21.6898;;;02-Oct-2024
101078;JM Liquid Fund (Regular) - Daily IDCW;;INF192K01833;10.4302;;;02-Oct-2024

Kotak Mahindra Mutual Fund
119764;Kotak Liquid Fund - Direct Plan - Daily Reinvestment of Income Distribution cum capital withdrawal option;;INF174K01NH1;1222.81;;;02-Oct-2024
119766;Kotak Liquid Fund - Direct Plan - Growth;INF174K01NE8;;5058.689;;;02-Oct-2024
100833;Kotak Liquid Fund - Regular  - Daily Reinvestment of Income Distribution cum capital withdrawal option;;INF174K01NL3;1222.81;;;02-Oct-2024
100835;Kotak Liquid Fund - Regular Plan - Growth;INF174K01NI9;;5015.2983;;;02-Oct-2024

LIC Mutual Fund
120248;LIC MF Liquid Fund-Direct Plan-Daily IDCW;INF767K01DL5;INF767K01DM3;1033.3725;;;02-Oct-2024
120249;LIC MF Liquid Fund-Direct Plan-Growth;INF767K01DN1;;4547.0953;;;02-Oct-2024
151930;LIC MF Liquid Fund-Direct Plan-Monthly IDCW;INF397L01AK7;INF397L01AJ9;1103.7991;;;02-Oct-2024
151932;LIC MF Liquid Fund-Direct Plan-Weekly IDCW;INF397L01AM3;INF397L01AL5;1015.112;;;02-Oct-2024
101184;LIC MF Liquid Fund-Regular Plan-Daily IDCW;INF767K01IQ3;INF767K01IR1;1000.1751;;;02-Oct-2024
101185;LIC MF Liquid Fund-Regular Plan-Growth;INF767K01IS9;;4487.4271;;;02-Oct-2024
151928;LIC MF Liquid Fund-Regular Plan-Monthly IDCW;INF397L01976;INF397L01968;1087.1349;;;02-Oct-2024
151927;LIC MF Liquid Fund-Regular Plan-Weekly IDCW;INF397L01950;INF397L01943;1000.974;;;02-Oct-2024

Mahindra Manulife Mutual Fund
139535;Mahindra Manulife Liquid Fund - Direct Plan - Daily IDCW;;INF174V01051;1147.7641;;;02-Oct-2024
139536;Mahindra Manulife Liquid Fund - Direct Plan - Weekly IDCW;;INF174V01069;1004.2912;;;02-Oct-2024
139538;Mahindra Manulife Liquid Fund - Direct Plan -Growth;INF174V01044;;1630.4450;;;02-Oct-2024
139534;Mahindra Manulife Liquid Fund - Regular Plan - Daily IDCW;;INF174V01028;1000.5686;;;02-Oct-2024
139537;Mahindra Manulife Liquid Fund - Regular Plan - Growth;INF174V01010;;1614.4768;;;02-Oct-2024
139541;Mahindra Manulife Liquid Fund - Regular Plan - Weekly IDCW;;INF174V01036;1010.6995;;;02-Oct-2024

Mirae Asset Mutual Fund
118859;Mirae Asset Liquid Fund - Direct Plan - Growth;INF769K01CM1;;2644.5748;;;02-Oct-2024
118862;Mirae Asset Liquid Fund - Direct Plan - Weekly IDCW;INF769K01PD2;INF769K01CP4;1218.0547;;;02-Oct-2024
118861;Mirae Asset Liquid Fund - Direct Plan -Daily IDCW;;INF769K01CO7;1075.8332;;;02-Oct-2024
118860;Mirae Asset Liquid Fund - Direct Plan -Monthly IDCW;INF769K01CN9;INF769K01CQ2;1136.5799;;;02-Oct-2024
111647;Mirae Asset Liquid Fund - Regular - Daily IDCW;;INF769K01804;1066.4347;;;02-Oct-2024
111646;Mirae Asset Liquid Fund - Regular Plan - Growth;INF769K01788;;2601.7357;;;02-Oct-2024
111645;Mirae Asset Liquid Fund - Regular Plan - Monthly IDCW;INF769K01838;INF769K01820;1154.2311;;;02-Oct-2024
111644;Mirae Asset Liquid Fund - Regular Plan - Weekly IDCW;INF769K01PC4;INF769K01812;1154.2778;;;02-Oct-2024

Motilal Oswal Mutual Fund
145834;Motilal Oswal Liquid Fund - Direct Growth;INF247L01734;;13.2773;;;02-Oct-2024
145946;Motilal Oswal Liquid Fund - Regular Growth;INF247L01726;;13.1624;;;02-Oct-2024
147442;Motilal Oswal Liquid Fund - Unclaimed Dividend - Greater than 3 years;;;10.0000;;;02-Oct-2024
147441;Motilal Oswal Liquid Fund - Unclaimed Dividend- Upto 3 years;;;12.9084;;;02-Oct-2024
147443;Motilal Oswal Liquid Fund - Unclaimed Redemption - Greater than 3 years;;;10.0000;;;02-Oct-2024
147444;Motilal Oswal Liquid Fund - Unclaimed Redemption - Upto 3 years;;;12.6696;;;02-Oct-2024
146218;Motilal Oswal Liquid Fund Direct - IDCW  Quarterly Payout/Reinvestment;INF247L01791;INF247L01783;10.0135;;;02-Oct-2024
146226;Motilal Oswal Liquid Fund Direct - IDCW Fortnightly Reinvestment;;INF247L01759;10.0144;;;02-Oct-2024
146223;Motilal Oswal Liquid Fund Direct - IDCW Monthly Payout/Reinvestment;INF247L01775;INF247L01767;10.0402;;;02-Oct-2024
146228;Motilal Oswal Liquid Fund Direct - IDCW Reinvestment;;INF247L01742;10.0077;;;02-Oct-2024
146229;Motilal Oswal Liquid Fund Direct - IDCW Weekly Reinvestment;;INF247L01809;10.0159;;;02-Oct-2024
146227;Motilal Oswal Liquid Fund Regular - IDCW Daily Reinvestment;;INF247L01817;10.0055;;;02-Oct-2024
146230;Motilal Oswal Liquid Fund Regular - IDCW Fortnightly Reinvestment;;INF247L01825;10.0141;;;02-Oct-2024
146220;Motilal Oswal Liquid Fund Regular - IDCW Monthly Payout/Reinvestment;INF247L01841;INF247L01833;10.0400;;;02-Oct-2024
146222;Motilal Oswal Liquid Fund Regular - IDCW Quarterly Payout/Reinvestment;INF247L01866;INF247L01858;10.0133;;;02-Oct-2024
146224;Motilal Oswal Liquid Fund Regular - IDCW Weekly Reinvestment;;INF247L01874;10.0229;;;02-Oct-2024

Navi Mutual Fund
119163;Navi Liquid Fund - Direct Plan Daily IDCW - ReInvestment;;INF959L01GK1;10.0129;;;02-Oct-2024
119161;Navi Liquid Fund - Direct Plan Monthly IDCW - Payout;INF959L01GG9;INF959L01GH7;10.0229;;;02-Oct-2024
119162;Navi Liquid Fund - Direct Plan Weekly IDCW - Payout;INF959L01GI5;INF959L01GJ3;10.0082;;;02-Oct-2024
112645;Navi Liquid Fund - Regular Plan Daily IDCW;;INF959L01GM7;10.0129;;;02-Oct-2024
112647;Navi Liquid Fund - Regular Plan Monthly IDCW;INF959L01GN5;INF959L01GO3;10.0228;;;02-Oct-2024
112646;Navi Liquid Fund - Regular Plan Weekly IDCW;INF959L01GP0;INF959L01GQ8;10.0085;;;02-Oct-2024
119164;Navi Liquid Fund-Direct Plan-Growth Option;INF959L01GF1;;27.285;;;02-Oct-2024
112636;Navi Liquid Fund-Regular Plan-Growth Option;INF959L01GL9;;27.0542;;;02-Oct-2024
140437;Navi Liquid Fund-Unclaimed Redemption and Dividend Plan greater than 3 years;INF959L01CO2;;10;;;02-Oct-2024
139386;Navi Liquid Fund-Unclaimed Redemption and Dividend Plan less than 3 years;INF959L01CN4;;26.9904;;;02-Oct-2024

Nippon India Mutual Fund
100852;NIPPON INDIA LIQUID FUND - DAILY IDCW OPTION;;INF204K01UM1;1528.7400;;;02-Oct-2024
118695;NIPPON INDIA LIQUID FUND - DIRECT Plan - DAILY IDCW OPTION;;INF204K01ZG2;1528.7400;;;02-Oct-2024
118696;NIPPON INDIA LIQUID FUND - DIRECT Plan - MONTHLY IDCW OPTION;INF204K01ZI8;INF204K01ZJ6;1589.5706;;;02-Oct-2024
118698;NIPPON INDIA LIQUID FUND - DIRECT Plan - QUARTERLY IDCW OPTION;INF204K01ZK4;INF204K01ZL2;1006.7192;;;02-Oct-2024
118700;NIPPON INDIA LIQUID FUND - DIRECT Plan - WEEKLY IDCW OPTION;INF204KC1FN6;INF204K01ZM0;1532.0418;;;02-Oct-2024
118701;Nippon India Liquid Fund - Direct Plan Growth Plan - Growth Option;INF204K01ZH0;;6127.2603;;;02-Oct-2024
100855;NIPPON INDIA LIQUID FUND - MONTHLY IDCW OPTION;INF204K01UO7;INF204K01UP4;1586.2261;;;02-Oct-2024
112340;NIPPON INDIA LIQUID FUND - QUARTERLY IDCW OPTION;INF204K01UQ2;INF204K01UR0;1005.2556;;;02-Oct-2024
100837;Nippon India Liquid Fund - Retail Option - Growth Plan;INF204K01UL3;;5386.2829;;;02-Oct-2024
100842;NIPPON INDIA LIQUID FUND - RETAIL Plan - DAILY IDCW OPTION;;INF204K01UJ7;1524.2800;;;02-Oct-2024
100843;NIPPON INDIA LIQUID FUND - RETAIL plan - MONTHLY IDCW OPTION;INF204K01UT6;INF204K01UU4;1328.3100;;;02-Oct-2024
100844;NIPPON INDIA LIQUID FUND - RETAIL Plan - QUARTERLY IDCW OPTION;INF204K01UV2;INF204K01UW0;1216.7655;;;02-Oct-2024
100838;NIPPON INDIA LIQUID FUND - RETAIL Plan - WEEKLY IDCW OPTION;;INF204K01UK5;1035.2370;;;02-Oct-2024
100853;NIPPON INDIA LIQUID FUND - WEEKLY IDCW OPTION;INF204KC1FM8;INF204K01US8;1532.0185;;;02-Oct-2024
100851;Nippon India Liquid Fund -Growth Plan;INF204K01UN9;;6055.3761;;;02-Oct-2024

PGIM India Mutual Fund
138285;PGIM India Liquid Fund - Daily Dividend;;INF223J01BO9;100.304;;;02-Oct-2024
138297;PGIM India Liquid Fund - Direct Plan - Daily Dividend;INF223J01NR7;;116.3721;;;02-Oct-2024
138299;PGIM India Liquid Fund - Direct Plan - Growth;INF223J01NS5;;326.5221;;;02-Oct-2024
138298;PGIM India Liquid Fund - Direct Plan - Monthly Dividend;INF223J01NT3;INF223J01NU1;116.3862;;;02-Oct-2024
138301;PGIM India Liquid Fund - Direct Plan - Weekly Dividend;INF223J01NV9;INF223J01NW7;100.6176;;;02-Oct-2024
138288;PGIM India Liquid Fund - Growth;INF223J01BP6;;322.8902;;;02-Oct-2024
138287;PGIM India Liquid Fund - Monthly Dividend;INF223J01BL5;;116.8763;;;02-Oct-2024
138289;PGIM India Liquid Fund - Weekly Dividend;INF223J01BU6;;100.6163;;;02-Oct-2024

PPFAS Mutual Fund
143263;Parag Parikh Liquid Fund- Direct Plan- Daily Reinvestment of IDCW;;INF879O01118;1000.5405;;;02-Oct-2024
143269;Parag Parikh Liquid Fund- Direct Plan- Growth;INF879O01068;;1388.9335;;;02-Oct-2024
143262;Parag Parikh Liquid Fund- Direct Plan- Monthly IDCW;INF879O01076;INF879O01084;1003.3918;;;02-Oct-2024
143265;Parag Parikh Liquid Fund- Direct Plan- Weekly Reinvestment of IDCW;;INF879O01134;1001.3918;;;02-Oct-2024
143264;Parag Parikh Liquid Fund- Regular Plan- Daily Reinvestment of IDCW;;INF879O01126;1000.5404;;;02-Oct-2024
143260;Parag Parikh Liquid Fund- Regular Plan- Growth;INF879O01035;;1379.9616;;;02-Oct-2024
143261;Parag Parikh Liquid Fund- Regular Plan- Monthly IDCW;INF879O01043;INF879O01050;1003.3862;;;02-Oct-2024
143266;Parag Parikh Liquid Fund- Regular Plan- Weekly Reinvestment of IDCW;;INF879O01142;1001.3857;;;02-Oct-2024

quant Mutual Fund
120837;quant Liquid Fund - Growth Option - Direct Plan;INF966L01820;;40.2326;;;02-Oct-2024
103225;quant Liquid Fund - Growth Option - Regular Plan;INF966L01317;;39.2834;;;02-Oct-2024
120838;quant Liquid Fund - Monthly IDCW Option - Direct Plan;INF966L01796;INF966L01812;15.6511;;;02-Oct-2024
103228;quant Liquid Fund - Monthly IDCW Option - Regular Plan;INF966L01291;INF966L01309;15.1717;;;02-Oct-2024
120839;quant Liquid Fund - Weekly IDCW Option - Direct Plan;INF966L01788;INF966L01804;14.3905;;;02-Oct-2024
103227;quant Liquid Fund - Weekly IDCW Option - Regular Plan;INF966L01499;INF966L01283;13.5535;;;02-Oct-2024
120836;quant Liquid Fund-Daily IDCW Option - Direct Plan;;INF966L01770;13.2716;;;02-Oct-2024
103226;quant Liquid Fund-Daily IDCW Option - Regular Plan;;INF966L01275;12.8469;;;02-Oct-2024
148513;quant Liquid Fund-Unclaimed Dividend Investor Education Plan-Growth Option;;;12.5119;;;02-Oct-2024
148510;quant Liquid Fund-Unclaimed Dividend-Growth Option;;;12.5115;;;02-Oct-2024
148511;quant Liquid Fund-Unclaimed Redemption Investor Education Plan-Growth Option;;;12.5119;;;02-Oct-2024
148512;quant Liquid Fund-Unclaimed Redemption Plan-Growth Option;;;12.553;;;02-Oct-2024

Quantum Mutual Fund
103736;Quantum Liquid Fund - Direct Plan Daily IDCW;;INF082J01135;10.0085;;;02-Oct-2024
103734;Quantum Liquid Fund - Direct Plan Growth Option;INF082J01127;;33.5586;;;02-Oct-2024
103735;Quantum Liquid Fund - Direct Plan Monthly IDCW;INF082J01143;INF082J01200;10.0238;;;02-Oct-2024
141065;Quantum Liquid Fund - Regular Plan Daily IDCW;;INF082J01317;10.0002;;;02-Oct-2024
141066;Quantum Liquid Fund - Regular Plan Growth Option;INF082J01309;;33.3490;;;02-Oct-2024
141067;Quantum Liquid Fund - Regular Plan Monthly IDCW;INF082J01325;INF082J01333;10.0212;;;02-Oct-2024
152299;Quantum Liquid Fund - Unclaimed IDCW Plan Above 3 years;;;10.0000;;;02-Oct-2024
152298;Quantum Liquid Fund - Unclaimed IDCW Plan Below 3 years;;;10.5512;;;02-Oct-2024
152301;Quantum Liquid Fund - Unclaimed Redemption Plan Above 3 years;;;10.0000;;;02-Oct-2024
152300;Quantum Liquid Fund - Unclaimed Redemption Plan Below 3 years;;;10.1460;;;02-Oct-2024

SBI Mutual Fund
119804;SBI Liquid Fund - Direct Paln - Fortnightly Income Distribution cum Capital Withdrawal Option (IDCW);INF200K01UR8;INF200K01US6;1279.2566;;;02-Oct-2024
119805;SBI Liquid Fund - Direct Plan - Daily Income Distribution cum Capital Withdrawal Option (IDCW);;INF200K01UQ0;1144.0484;;;02-Oct-2024
119799;SBI Liquid Fund - Direct Plan - Weekly Income Distribution cum Capital Withdrawal Option (IDCW);INF200K01UU2;INF200K01UV0;1337.9520;;;02-Oct-2024
119800;SBI Liquid Fund - DIRECT PLAN -Growth;INF200K01UT4;;3917.4886;;;02-Oct-2024
105274;SBI Liquid Fund - Institutional - Growth;INF200K01LU1;;3917.1908;;;02-Oct-2024
105275;SBI Liquid Fund - Institutional Daily Income Distribution cum Capital Withdrawal Option (IDCW);;INF200K01LR7;1258.4360;;;02-Oct-2024
105281;SBI Liquid Fund - Regular Plan - Daily Income Distribution cum Capital Withdrawal Option (IDCW);;INF200K01LX5;1140.7391;;;02-Oct-2024
105283;SBI Liquid Fund - Regular Plan - Fortnightly Income Distribution cum Capital Withdrawal Option (IDCW);INF200K01LY3;INF200K01LZ0;1273.4996;;;02-Oct-2024
105282;SBI Liquid Fund - Regular Plan - Weekly Income Distribution cum Capital Withdrawal Option (IDCW);INF200K01MB9;INF200K01MC7;1331.9354;;;02-Oct-2024
105280;SBI Liquid Fund - REGULAR PLAN -Growth;INF200K01MA1;;3880.4884;;;02-Oct-2024

Sundaram Mutual Fund
149744;Sundaram  Liquid Fund (Formerly Known as Principal Cash Management Fund) Direct IDCW;;INF903JA1JK3;1125.7682;;;02-Oct-2024
149742;Sundaram Liquid Fund (Formerly Known as  Principal Cash Management Fund) Regular Plan Principal Units;;INF903JA1JI7;1211.8151;;;02-Oct-2024
149664;Sundaram Liquid Fund (Formerly Known as Principal Cash Management Fund) - Direct Plan - Growth Option;INF173K01GU0;;2211.4157;;;02-Oct-2024
149660;Sundaram Liquid Fund (Formerly Known as Principal Cash Management Fund) - Regular Plan IDCW;INF173K01DD3;INF173K01DE1;1027.2581;;;02-Oct-2024
149662;Sundaram Liquid Fund (Formerly Known as Principal Cash Management Fund) -Direct Plan - IDCW;INF173K01GV8;INF173K01GW6;1027.3855;;;02-Oct-2024
149661;Sundaram Liquid Fund (Formerly Known as Principal Cash Management Fund) -Growth Option;INF173K01DA9;;2189.2481;;;02-Oct-2024
149737;Sundaram Liquid Fund (Formerly Known as Principal Cash Management Fund) Direct Principal Units;;INF903JA1JH9;1216.0744;;;02-Oct-2024
149740;Sundaram Liquid Fund (Formerly Known as Principal Cash Management Fund) Regular IDCW;;INF903JA1JG1;1122.0489;;;02-Oct-2024

Tata Mutual Fund
102672;Tata Liquid Fund -Regular Plan - Growth Option;INF277K01YD8;;3906.8342;;;02-Oct-2024
119862;Tata Liquid Fund- Direct Plan - Daily Reinvestment of IDCW Option;;INF277K012D2;1001.5187;;;02-Oct-2024
119861;Tata Liquid Fund- Direct Plan-Growth Option;INF277K01YE6;;3950.4656;;;02-Oct-2024
101714;Tata Liquid Fund- Regular Plan - Daily Reinvestment of IDCW Option;;INF277K011D4;1001.5157;;;02-Oct-2024

Trust Mutual Fund
148842;TRUSTMF Liquid Fund-Direct Plan-Daily Income Distribution cum Capital Withdrawal;;INF0GCD01263;1174.3108;;;02-Oct-2024
148841;TRUSTMF Liquid Fund-Direct Plan-Growth;INF0GCD01255;;1213.2352;;;02-Oct-2024
148839;TRUSTMF Liquid Fund-Direct Plan-Monthly Income Distribution cum Capital Withdrawal;INF0GCD01305;INF0GCD01297;1123.8283;;;02-Oct-2024
148837;TRUSTMF Liquid Fund-Direct Plan-Weekly Income Distribution cum Capital Withdrawal;INF0GCD01271;INF0GCD01289;1146.3115;;;02-Oct-2024
148834;TRUSTMF Liquid Fund-Regular Plan-Daily Income Distribution cum Capital Withdrawal;;INF0GCD01206;1130.7971;;;02-Oct-2024
148833;TRUSTMF Liquid Fund-Regular Plan-Growth;INF0GCD01198;;1206.9313;;;02-Oct-2024
148843;TRUSTMF Liquid Fund-Regular Plan-Monthly Income Distribution cum Capital Withdrawal;INF0GCD01248;INF0GCD01230;1118.7793;;;02-Oct-2024
148836;TRUSTMF Liquid Fund-Regular Plan-Weekly Income Distribution cum Capital Withdrawal;INF0GCD01214;INF0GCD01222;1106.2684;;;02-Oct-2024

Union Mutual Fund
115401;Union Liquid Fund - Daily IDCW Option;;INF582M01021;1000.7927;;;02-Oct-2024
119301;Union Liquid Fund - Direct Plan - Daily IDCW Option;;INF582M01682;1000.7927;;;02-Oct-2024
119305;Union Liquid Fund - Direct Plan - Fortnightly IDCW Option;INF582M01724;INF582M01708;1002.1808;;;02-Oct-2024
119303;Union Liquid Fund - Direct Plan - Growth Option;INF582M01674;;2414.5299;;;02-Oct-2024
119302;Union Liquid Fund - Direct Plan - Monthly IDCW Option;INF582M01732;INF582M01716;1001.9855;;;02-Oct-2024
119304;Union Liquid Fund - Direct Plan - Weekly IDCW Option;;INF582M01690;1000.9691;;;02-Oct-2024
115399;Union Liquid Fund - Fortnightly IDCW Option;INF582M01062;INF582M01047;1001.9714;;;02-Oct-2024
115398;Union Liquid Fund - Growth Option;INF582M01013;;2386.9832;;;02-Oct-2024
115400;Union Liquid Fund - Monthly IDCW Option;INF582M01070;INF582M01054;1001.9682;;;02-Oct-2024
115402;Union Liquid Fund - Weekly IDCW Option;;INF582M01039;1001.1512;;;02-Oct-2024

UTI Mutual Fund
134427;UTI Liquid Fund - Direct Plan - Annual IDCW;INF789FA1K63;INF789FA1K71;1804.8405;;;02-Oct-2024
120558;UTI Liquid Fund - Direct Plan - Daily IDCW (Reinvestment);;INF789F01XP8;1063.1876;;;02-Oct-2024
141768;UTI Liquid Fund - Direct Plan - Flexi IDCW;INF789FA1K89;INF789FA1K97;1486.5478;;;02-Oct-2024
140913;UTI Liquid Fund - Direct Plan - Fortnightly IDCW;INF789FA1K06;INF789FA1K14;1156.6014;;;02-Oct-2024
140504;UTI Liquid Fund - Direct Plan - Half-Yearly IDCW;INF789FA1K48;INF789FA1K55;1409.8165;;;02-Oct-2024
120794;UTI Liquid Fund - Direct Plan - Monthly IDCW;INF789F01XR4;INF789F01XS2;1051.3161;;;02-Oct-2024
140024;UTI Liquid Fund - Direct Plan - Quarterly IDCW;INF789FA1K22;INF789FA1K30;1704.5485;;;02-Oct-2024
120777;UTI Liquid Fund - Direct Plan - Weekly IDCW;;INF789F01XT0;1274.3906;;;02-Oct-2024
133973;UTI Liquid Fund - Regular Plan - Annual IDCW;INF789FA1J66;INF789FA1J74;1794.4397;;;02-Oct-2024
102010;UTI Liquid Fund - Regular Plan - Daily IDCW (Reinvestment);;INF789F01PG3;1081.776;;;02-Oct-2024
140517;UTI Liquid Fund - Regular Plan - Flexi IDCW;INF789FA1J82;INF789FA1J90;1478.9377;;;02-Oct-2024
139838;UTI Liquid Fund - Regular Plan - Fortnightly IDCW;INF789FA1J09;INF789FA1J17;1189.7183;;;02-Oct-2024
144475;UTI Liquid Fund - Regular Plan - Half-Yearly IDCW;INF789FA1J41;INF789FA1J58;1249.3941;;;02-Oct-2024
102011;UTI Liquid Fund - Regular Plan - Monthly IDCW;INF789F01PI9;INF789F01PJ7;1051.0992;;;02-Oct-2024
135721;UTI Liquid Fund - Regular Plan - Quarterly IDCW;INF789FA1J25;INF789FA1J33;1694.3483;;;02-Oct-2024
102013;UTI Liquid Fund - Regular Plan - Weekly IDCW;;INF789F01PK5;1052.9482;;;02-Oct-2024
120304;UTI-  Liquid Cash Plan - Direct Plan - Growth Option;INF789F01XQ6;;4103.8949;;;02-Oct-2024
102012;UTI-  Liquid Cash Plan - Regular Plan - Growth Option;INF789F01PH1;;4069.5708;;;02-Oct-2024
102008;UTI-  Liquid Cash Plan- Discontinued - Regular Plan - Monthly Dividend Option;INF789F01BC2;INF789F01BA6;1069.6908;;;02-Oct-2024
102009;UTI-  Liquid Cash Plan- Discontinued - Regular Plan -Growth;INF789F01BB4;;3694.4005;;;02-Oct-2024
102007;UTI-  Liquid Cash Plan- Discontinued -Regular Plan Periodic Dividend Option;;INF789F01AZ5;1131.8308;;;02-Oct-2024

WhiteOak Capital Mutual Fund
145969;WhiteOak Capital Liquid Fund- Direct plan-Daily Reinvestment of Income Distribution cum capital withdrawal option (IDCW);;INF03VN01019;1000.9932;;;02-Oct-2024
145966;WhiteOak Capital Liquid Fund- Direct plan-Fortnightly Payout/ Reinvestment of Income Distribution cum capital withdrawal option (IDCW);INF03VN01027;INF03VN01035;1002.5196;;;02-Oct-2024
145971;WhiteOak Capital Liquid Fund- Direct plan-Growth Option;INF03VN01043;;1342.3267;;;02-Oct-2024
145967;WhiteOak Capital Liquid Fund- Direct plan-Monthly  Payout/ Reinvestment of Income Distribution cum capital withdrawal option (IDCW);INF03VN01050;INF03VN01068;1003.9437;;;02-Oct-2024
145970;WhiteOak Capital Liquid Fund- Direct plan-Weekly Payout/ Reinvestment of Income Distribution cum capital withdrawal option (IDCW);INF03VN01076;INF03VN01084;1001.5228;;;02-Oct-2024
145963;WhiteOak Capital Liquid Fund- Regular plan-Daily Reinvestment of Income Distribution cum capital withdrawal option (IDCW);;INF03VN01092;1000.9982;;;02-Oct-2024
145965;WhiteOak Capital Liquid Fund- Regular plan-Fortnightly Payout/ Reinvestment of Income Distribution cum capital withdrawal option (IDCW);INF03VN01100;INF03VN01118;1004.4039;;;02-Oct-2024
145968;WhiteOak Capital Liquid Fund- Regular plan-Growth Option;INF03VN01126;;1335.3465;;;02-Oct-2024
145972;WhiteOak Capital Liquid Fund- Regular plan-Monthly Payout/ Reinvestment of Income Distribution cum capital withdrawal option (IDCW);INF03VN01134;INF03VN01142;1004.4183;;;02-Oct-2024
145964;WhiteOak Capital Liquid Fund- Regular plan-Weekly Payout/ Reinvestment of Income Distribution cum capital withdrawal option (IDCW);INF03VN01159;INF03VN01167;1001.5222;;;02-Oct-2024

Open Ended Schemes ( Other Scheme - Other  ETFs )


Aditya Birla Sun Life Mutual Fund
151533;Aditya Birla Sun Life CRISIL Liquid Overnight ETF - IDCW Daily Reinvestment with Weekly Payout;INF209KB18T9;;1000.;;;02-Oct-2024

Bajaj Finserv Mutual Fund
152638;Bajaj Finserv Nifty 1D Rate Liquid ETF;INF0QA701854;;1000.0000;;;02-Oct-2024

DSP Mutual Fund
152555;DSP BSE Liquid Rate ETF;INF740KA1UM0;;1033.5362;;;02-Oct-2024
142589;DSP NIFTY 1D Rate Liquid ETF;;INF740KA1EU7;1000.0000;;;02-Oct-2024

Groww Mutual Fund
152891;Groww Nifty 1D Rate Liquid ETF;INF666M01IP5;;100.2174;;;02-Oct-2024

HDFC Mutual Fund
152049;HDFC NIFTY 1D RATE LIQUID ETF;INF179KC1HE2;;1000;;;02-Oct-2024

ICICI Prudential Mutual Fund
144947;ICICI Prudential BSE Liquid Rate ETF - IDCW;INF109KC1KT9;;1000.0000;;;02-Oct-2024

Kotak Mahindra Mutual Fund
151358;Kotak Nifty 1D Rate Liquid ETF;INF174KA1LV5;;1011.2842;;;02-Oct-2024

Mirae Asset Mutual Fund
151908;Mirae Asset Nifty 1D Rate Liquid ETF-IDCW;;INF769K01KS1;1000.0000;;;02-Oct-2024

Nippon India Mutual Fund
140086;Nippon India ETF Nifty 1D Rate Liquid BeES - DAILY IDCW Option;INF732E01037;;1000.0000;;;02-Oct-2024

Shriram Mutual Fund
152741;Shriram Nifty 1D Rate Liquid ETF - Growth;INF680P01422;;1015.4653;;;02-Oct-2024

Zerodha Mutual Fund
152327;Zerodha Nifty 1D Rate Liquid ETF - Growth Option;INF0R8F01034;;104.6133;;;02-Oct-2024

Close Ended Schemes ( Income )


SBI Mutual Fund
146974;SBI Fixed Maturity Plan (FMP) - Series 1 (3668 Days) - Direct Plan - Growth;INF200KA1D03;;15.6184;;;02-Oct-2024
146975;SBI Fixed Maturity Plan (FMP) - Series 1 (3668 Days) - Direct Plan - Income Distribution cum Capital Withdrawal Option (IDCW);INF200KA1D11;;15.6269;;;02-Oct-2024
146976;SBI Fixed Maturity Plan (FMP) - Series 1 (3668 Days) - Regular Plan - Growth;INF200KA1C87;;15.4377;;;02-Oct-2024
146973;SBI Fixed Maturity Plan (FMP) - Series 1 (3668 Days) - Regular Plan - Income Distribution cum Capital Withdrawal Option (IDCW);INF200KA1C95;;15.4375;;;02-Oct-2024
148387;SBI Fixed Maturity Plan (FMP) - Series 34 (3682 Days) - Direct Plan - Growth;INF200KA1Q73;;13.1525;;;02-Oct-2024
148388;SBI Fixed Maturity Plan (FMP) - Series 34 (3682 Days) - Direct Plan - Income Distribution cum Capital Withdrawal Option (IDCW);INF200KA1Q81;;13.1525;;;02-Oct-2024
148389;SBI Fixed Maturity Plan (FMP) - Series 34 (3682 Days) - Regular Plan - Growth;INF200KA1Q57;;13.0155;;;02-Oct-2024
148390;SBI Fixed Maturity Plan (FMP) - Series 34 (3682 Days) - Regular Plan - Income Distribution cum Capital Withdrawal Option (IDCW);INF200KA1Q65;;13.0155;;;02-Oct-2024
148827;SBI Fixed Maturity Plan (FMP) - Series 41 (1498 Days) - Direct Plan - Growth;INF200KA1U77;;12.1838;;;02-Oct-2024
148825;SBI Fixed Maturity Plan (FMP) - Series 41 (1498 Days) - Regular Plan - Growth;INF200KA1U51;;12.1119;;;02-Oct-2024
148828;SBI Fixed Maturity Plan (FMP) - Series 41 (1498 Days) Direct Plan - Income Distribution cum Capital Withdrawal Option (IDCW);INF200KA1U85;;12.1838;;;02-Oct-2024
148826;SBI Fixed Maturity Plan (FMP) - Series 41 (1498 Days) Regular Plan - Income Distribution cum Capital Withdrawal Option (IDCW);INF200KA1U69;;12.1119;;;02-Oct-2024
149043;SBI Fixed Maturity Plan (FMP) - Series 46 (1850 Days) - Direct Plan - Growth;INF200KA1X41;;12.0938;;;02-Oct-2024
149044;SBI Fixed Maturity Plan (FMP) - Series 46 (1850 Days) - Direct Plan - Income Distribution cum Capital Withdrawal Option (IDCW);INF200KA1X58;;12.0938;;;02-Oct-2024
149045;SBI Fixed Maturity Plan (FMP) - Series 46 (1850 Days) - Regular Plan - Growth;INF200KA1X25;;12.0343;;;02-Oct-2024
149042;SBI Fixed Maturity Plan (FMP) - Series 46 (1850 Days) - Regular Plan - Income Distribution cum Capital Withdrawal Option (IDCW);INF200KA1X33;;12.0344;;;02-Oct-2024
149082;SBI Fixed Maturity Plan (FMP) Series 47 (1434 Days) - Direct Plan - Growth;INF200KA1X82;;11.9331;;;02-Oct-2024
149081;SBI Fixed Maturity Plan (FMP) Series 47 (1434 Days) - Direct Plan - Income Distribution cum Capital Withdrawal Option (IDCW);INF200KA1X90;;11.9331;;;02-Oct-2024
149083;SBI Fixed Maturity Plan (FMP) Series 47 (1434 Days) - Regular Plan - Growth;INF200KA1X66;;11.8760;;;02-Oct-2024
149084;SBI Fixed Maturity Plan (FMP) Series 47 (1434 Days) - Regular Plan - Income Distribution cum Capital Withdrawal Option (IDCW);INF200KA1X74;;11.8760;;;02-Oct-2024
149111;SBI Fixed Maturity Plan (FMP) - Series 48 (1458 Days) - Direct Plan - Growth;INF200KA1Y24;;11.9101;;;02-Oct-2024
149108;SBI Fixed Maturity Plan (FMP) - Series 48 (1458 Days) - Direct Plan - Income Distribution cum Capital Withdrawal Option (IDCW);INF200KA1Y32;;11.9101;;;02-Oct-2024
149109;SBI Fixed Maturity Plan (FMP) - Series 48 (1458 Days) - Regular Plan - Growth;INF200KA1Y08;;11.8497;;;02-Oct-2024
149110;SBI Fixed Maturity Plan (FMP) - Series 48 (1458 Days) - Regular Plan - Income Distribution cum Capital Withdrawal Option (IDCW);INF200KA1Y16;;11.8497;;;02-Oct-2024
149147;SBI Fixed Maturity Plan (FMP) - Series 49 (1823 Days) - Direct Plan - Growth;INF200KA1Z23;;11.9521;;;02-Oct-2024
149144;SBI Fixed Maturity Plan (FMP) - Series 49 (1823 Days) - Direct Plan - Income Distribution cum Capital Withdrawal Option (IDCW);INF200KA1Z31;;11.9521;;;02-Oct-2024
149145;SBI Fixed Maturity Plan (FMP) - Series 49 (1823 Days) - Regular Plan - Growth;INF200KA1Z07;;11.8937;;;02-Oct-2024
149146;SBI Fixed Maturity Plan (FMP) - Series 49 (1823 Days) - Regular Plan - Income Distribution cum Capital Withdrawal Option (IDCW);INF200KA1Z15;;11.8937;;;02-Oct-2024
149174;SBI Fixed Maturity Plan (FMP) - Series 50 (1843 Days) - Direct Plan - Growth;INF200KA1Z64;;11.8266;;;02-Oct-2024
149175;SBI Fixed Maturity Plan (FMP) - Series 50 (1843 Days) - Direct Plan - Income Distribution Capital Withdrawal Option (IDCW);INF200KA1Z72;;11.8267;;;02-Oct-2024
149172;SBI Fixed Maturity Plan (FMP) - Series 50 (1843 Days) - Regular Plan - Growth;INF200KA1Z49;;11.7627;;;02-Oct-2024
149173;SBI Fixed Maturity Plan (FMP) - Series 50 (1843 Days) - Regular Plan -Income Distribution Capital Withdrawal Option (IDCW);INF200KA1Z56;;11.7627;;;02-Oct-2024
149195;SBI Fixed Maturity Plan (FMP) - Series 51 (1846 Days) - Direct Plan - Growth;INF200KA10A7;;11.8124;;;02-Oct-2024
149194;SBI Fixed Maturity Plan (FMP) - Series 51 (1846 Days) - Direct Plan - Income Distribution Capital Withdrawal Option (IDCW);INF200KA11A5;;11.8130;;;02-Oct-2024
149197;SBI Fixed Maturity Plan (FMP) - Series 51 (1846 Days) - Regular Plan - Growth;INF200KA1Z80;;11.7584;;;02-Oct-2024
149196;SBI Fixed Maturity Plan (FMP) - Series 51 (1846 Days) - Regular Plan - Income Distribution Capital Withdrawal Option (IDCW);INF200KA1Z98;;11.7585;;;02-Oct-2024
149232;SBI Fixed Maturity Plan (FMP) - Series 52 (1848 Days) - Direct Plan - Growth;INF200KA14A9;;11.7968;;;02-Oct-2024
149234;SBI Fixed Maturity Plan (FMP) - Series 52 (1848 Days) - Direct Plan - Income Distribution Cum Withdrawal (IDCW);INF200KA15A6;;11.7968;;;02-Oct-2024
149235;SBI Fixed Maturity Plan (FMP) - Series 52 (1848 Days) - Regular Plan - Growth;INF200KA12A3;;11.7459;;;02-Oct-2024
149233;SBI Fixed Maturity Plan (FMP) - Series 52 (1848 Days) - Regular Plan - Income Distribution Cum Withdrawal (IDCW);INF200KA13A1;;11.7459;;;02-Oct-2024
149279;SBI Fixed Maturity Plan (FMP) - Series 53 (1839 Days) - Direct Plan - Growth;INF200KA18A0;;11.8027;;;02-Oct-2024
149277;SBI Fixed Maturity Plan (FMP) - Series 53 (1839 Days) - Direct Plan - Income Distribution Cum Withdrawal Option (IDCW);INF200KA19A8;;11.8027;;;02-Oct-2024
149278;SBI Fixed Maturity Plan (FMP) - Series 53 (1839 Days) - Regular Plan - Growth;INF200KA16A4;;11.7578;;;02-Oct-2024
149280;SBI Fixed Maturity Plan (FMP) - Series 53 (1839 Days) - Regular Plan - Income  Distribution Cum Withdrawal Option (IDCW);INF200KA17A2;;11.7578;;;02-Oct-2024
149307;SBI Fixed Maturity Plan (FMP) - Series 54 (1842 Days) - Direct Plan - Growth;INF200KA12B1;;11.7833;;;02-Oct-2024
149309;SBI Fixed Maturity Plan (FMP) - Series 54 (1842 Days) - Direct Plan - Income Distribution Cum Withdrawal Option (IDCW);INF200KA13B9;;11.7838;;;02-Oct-2024
149308;SBI Fixed Maturity Plan (FMP) - Series 54 (1842 Days) - Regular Plan - Growth;INF200KA10B5;;11.7380;;;02-Oct-2024
149306;SBI Fixed Maturity Plan (FMP) - Series 54 (1842 Days) - Regular Plan - Income Distribution Cum Capital Withdrawal Option (IDCW);INF200KA11B3;;11.7380;;;02-Oct-2024
149345;SBI Fixed Maturity Plan (FMP) - Series 55 (1849 Days) - Direct Plan - Growth;INF200KA16B2;;11.7555;;;02-Oct-2024
149348;SBI Fixed Maturity Plan (FMP) - Series 55 (1849 Days) - Direct Plan - Income Distribution cum Capital Withdrawal Option (IDCW);INF200KA17B0;;11.7556;;;02-Oct-2024
149347;SBI Fixed Maturity Plan (FMP) - Series 55 (1849 Days) - Regular Plan - Growth;INF200KA14B7;;11.7110;;;02-Oct-2024
149346;SBI Fixed Maturity Plan (FMP) - Series 55 (1849 Days) - Regular Plan - Income Distribution Cum Capital Withdrawal Option (IDCW);INF200KA15B4;;11.7110;;;02-Oct-2024
149420;SBI Fixed Maturity Plan (FMP) - Series 56 (1232 Days) - Direct Plan - Growth;INF200KA10C3;;11.6151;;;02-Oct-2024
149423;SBI Fixed Maturity Plan (FMP) - Series 56 (1232 Days) - Direct Plan - Income Distribution cum Capital Withdrawal Option (IDCW);INF200KA11C1;;11.6151;;;02-Oct-2024
149422;SBI Fixed Maturity Plan (FMP) - Series 56 (1232 Days) - Regular Plan - Growth;INF200KA18B8;;11.5729;;;02-Oct-2024
149421;SBI Fixed Maturity Plan (FMP) - Series 56 (1232 Days) - Regular Plan - Income Distribution cum Capital Withdrawal Option (IDCW);INF200KA19B6;;11.5729;;;02-Oct-2024
149431;SBI Fixed Maturity Plan (FMP) - Series 57 (1835 Days) - Direct Plan - Growth;INF200KA14C5;;11.6756;;;02-Oct-2024
149430;SBI Fixed Maturity Plan (FMP) - Series 57 (1835 Days) - Direct Plan - Income Distribution cum Capital Withdrawal Option (IDCW);INF200KA15C2;;11.6755;;;02-Oct-2024
149432;SBI Fixed Maturity Plan (FMP) - Series 57 (1835 Days) - Regular Plan - Growth;INF200KA12C9;;11.6325;;;02-Oct-2024
149433;SBI Fixed Maturity Plan (FMP) - Series 57 (1835 Days) - Regular Plan - Income Distribution cum Capital Withdrawal Option (IDCW);INF200KA13C7;;11.6327;;;02-Oct-2024
149460;SBI Fixed Maturity Plan (FMP) - Series 58 (1842 Days) - Direct Plan - Growth;INF200KA18C6;;11.7730;;;02-Oct-2024
149461;SBI Fixed Maturity Plan (FMP) - Series 58 (1842 Days) - Direct Plan - Income Distribution cum Capital withdrawal option (IDCW);INF200KA19C4;;11.7731;;;02-Oct-2024
149459;SBI Fixed Maturity Plan (FMP) - Series 58 (1842 Days) - Regular Plan - Growth;INF200KA16C0;;11.7312;;;02-Oct-2024
149462;SBI Fixed Maturity Plan (FMP) - Series 58 (1842 Days) - Regular Plan - Income Distribution cum Capital withdrawal option (IDCW);INF200KA17C8;;11.7312;;;02-Oct-2024
149822;SBI Fixed Maturity Plan (FMP) - Series 59 (1618 Days) - Direct Plan - Growth;INF200KA19D2;;11.6563;;;02-Oct-2024
149823;SBI Fixed Maturity Plan (FMP) - Series 59 (1618 Days) - Direct Plan - Income Distribution cum Capital Withdrawal Option (IDCW);INF200KA10E9;;11.6551;;;02-Oct-2024
149825;SBI Fixed Maturity Plan (FMP) - Series 59 (1618 Days) - Regular Plan - Growth;INF200KA17D6;;11.6166;;;02-Oct-2024
149824;SBI Fixed Maturity Plan (FMP) - Series 59 (1618 Days) - Regular Plan - Income Distribution cum Capital Withdrawal Option (IDCW);INF200KA18D4;;11.6166;;;02-Oct-2024
147248;SBI Fixed Maturity Plan (FMP) - Series 6 (3668 Days) - Direct Plan - Growth;INF200KA1F27;;15.2153;;;02-Oct-2024
147249;SBI Fixed Maturity Plan (FMP) - Series 6 (3668 Days) - Direct Plan - Income Distribution cum Capital Withdrawal Option (IDCW);INF200KA1F35;;15.2154;;;02-Oct-2024
147247;SBI Fixed Maturity Plan (FMP) - Series 6 (3668 Days) - Regular Plan - Growth;INF200KA1F01;;15.0163;;;02-Oct-2024
147250;SBI Fixed Maturity Plan (FMP) - Series 6 (3668 Days) - Regular Plan - Income Distribution cum Capital Withdrawal Option (IDCW);INF200KA1F19;;15.0198;;;02-Oct-2024
149878;SBI Fixed Maturity Plan (FMP) - Series 60 (1878 Days) - Direct Plan - Growth;INF200KA13E3;;11.6728;;;02-Oct-2024
149879;SBI Fixed Maturity Plan (FMP) - Series 60 (1878 Days) - Direct Plan - Income Distribution cum Capital Withdrwal Option (IDCW);INF200KA14E1;;11.6732;;;02-Oct-2024
149876;SBI Fixed Maturity Plan (FMP) - Series 60 (1878 Days) - Regular Plan - Growth;INF200KA11E7;;11.6326;;;02-Oct-2024
149877;SBI Fixed Maturity Plan (FMP) - Series 60 (1878 Days) - Regular Plan - Income Distribution cum Capital Withdrawal Option (IDCW);INF200KA12E5;;11.6327;;;02-Oct-2024
149993;SBI Fixed Maturity Plan (FMP)- Series 61 (1927 Days)- Direct Plan- Growth option;INF200KA13F0;;11.7099;;;02-Oct-2024
149995;SBI Fixed Maturity Plan (FMP)- Series 61 (1927 Days)- Direct Plan- Income Distribution Cum Capital withdrawal option;INF200KA14F8;;11.7100;;;02-Oct-2024
149994;SBI Fixed Maturity Plan (FMP)- Series 61 (1927 Days)- Regular Plan- Growth option;INF200KA11F4;;11.6713;;;02-Oct-2024
149992;SBI Fixed Maturity Plan (FMP)- Series 61 (1927 Days)- Regular Plan- Income Distribution Cum Capital withdrawal option;INF200KA12F2;;11.6713;;;02-Oct-2024
150602;SBI Fixed Maturity Plan (FMP) - Series 64 (1169 Days) - Direct Plan - Growth;INF200KA17N5;;11.5123;;;02-Oct-2024
150603;SBI Fixed Maturity Plan (FMP) - Series 64 (1169 Days) - Direct Plan - IDCW Payout;INF200KA18N3;;11.5124;;;02-Oct-2024
150604;SBI Fixed Maturity Plan (FMP) - Series 64 (1169 Days) - Regular Plan - Growth;INF200KA15N9;;11.4822;;;02-Oct-2024
150605;SBI Fixed Maturity Plan (FMP) - Series 64 (1169 Days) - Regular Plan - IDCW Payout;INF200KA16N7;;11.4822;;;02-Oct-2024
150379;SBI Fixed Maturity Plan (FMP) - Series 66 (1361 Days) - Direct Plan - Growth;INF200KA11M0;;11.7337;;;02-Oct-2024
150378;SBI Fixed Maturity Plan (FMP) - Series 66 (1361 Days) - Direct Plan - Income Distribution cum Capital Withdrawal Option (IDCW);INF200KA12M8;;11.7338;;;02-Oct-2024
150377;SBI Fixed Maturity Plan (FMP) - Series 66 (1361 Days) - Regular Plan - Growth;INF200KA19L5;;11.7013;;;02-Oct-2024
150380;SBI Fixed Maturity Plan (FMP) - Series 66 (1361 Days) - Regular Plan - Income Distribution cum Capital Withdrawal Option (IDCW);INF200KA10M2;;11.7014;;;02-Oct-2024
150460;SBI Fixed Maturity Plan (FMP) - Series 67 (1467 Days) - Direct Plan - Growth;INF200KA15M1;;11.6978;;;02-Oct-2024
150458;SBI Fixed Maturity Plan (FMP) - Series 67 (1467 Days) - Direct Plan - IDCW Payout;INF200KA16M9;;11.6978;;;02-Oct-2024
150461;SBI Fixed Maturity Plan (FMP) - Series 67 (1467 Days) - Regular Plan - Growth;INF200KA13M6;;11.6661;;;02-Oct-2024
150459;SBI Fixed Maturity Plan (FMP) - Series 67 (1467 Days) - Regular Plan - IDCW Payout;INF200KA14M4;;11.6665;;;02-Oct-2024
150649;SBI Fixed Maturity Plan (FMP) - Series 68 (1302 Days) - Direct Plan - Growth;INF200KA15O7;;11.5870;;;02-Oct-2024
150650;SBI Fixed Maturity Plan (FMP) - Series 68 (1302 Days) - Direct Plan - IDCW Payout;INF200KA16O5;;11.5905;;;02-Oct-2024
150647;SBI Fixed Maturity Plan (FMP) - Series 68 (1302 Days) - Regular Plan - Growth;INF200KA13O2;;11.5571;;;02-Oct-2024
150648;SBI Fixed Maturity Plan (FMP) - Series 68 (1302 Days) - Regular Plan - IDCW Payout;INF200KA14O0;;11.5571;;;02-Oct-2024
151559;SBI Fixed Maturity Plan (FMP) - Series 79 (1170 Days) - Direct Plan - Growth;INF200KA19W2;;11.2565;;;02-Oct-2024
151558;SBI Fixed Maturity Plan (FMP) - Series 79 (1170 Days) - Direct Plan - Income Distribution cum Capital Withdrawal Payout;INF200KA10X9;;11.2569;;;02-Oct-2024
151556;SBI Fixed Maturity Plan (FMP) - Series 79 (1170 Days) - Regular Plan - Growth;INF200KA17W6;;11.2317;;;02-Oct-2024
151557;SBI Fixed Maturity Plan (FMP) - Series 79 (1170 Days) - Regular Plan - Income Distribution cum Capital Withdrawal Payout;INF200KA18W4;;11.2317;;;02-Oct-2024
148848;SBI Fixed Maturity Plan (FMP) - Series 42 (1857 Days) Direct Plan - Income Distribution cum Capital Withdrawal Option (IDCW);INF200KA1V27;;12.2853;;;02-Oct-2024
148845;SBI Fixed Maturity Plan (FMP) - Series 42 (1857 Days) Regular Plan - Income Distribution cum Capital Withdrawal Option (IDCW);INF200KA1V01;;12.2144;;;02-Oct-2024
148846;SBI Fixed Maturity Plan (FMP) Series 42 (1857 Days) - Direct Plan - Growth;INF200KA1V19;;12.2851;;;02-Oct-2024
148847;SBI Fixed Maturity Plan (FMP) Series 42 (1857 Days) - Regular Plan - Growth;INF200KA1U93;;12.2144;;;02-Oct-2024
148941;SBI Fixed Maturity Plan (FMP) Series 43 (1616 Days) - Direct Plan - Growth;INF200KA1V50;;12.1873;;;02-Oct-2024
148942;SBI Fixed Maturity Plan (FMP) Series 43 (1616 Days) - Direct Plan - Income Distribution cum Capital Withdrawal Option (IDCW);INF200KA1V68;;12.1873;;;02-Oct-2024
148939;SBI Fixed Maturity Plan (FMP) Series 43 (1616 Days) - Regular Plan - Growth;INF200KA1V35;;12.1262;;;02-Oct-2024
148940;SBI Fixed Maturity Plan (FMP) Series 43 (1616 Days) - Regular Plan - Income Distribution cum Capital Withdrawal Option (IDCW);INF200KA1V43;;12.1262;;;02-Oct-2024
148967;SBI Fixed Maturity Plan (FMP) - Series 44 (1855 Days) - Direct Plan - Growth;INF200KA1W59;;12.1113;;;02-Oct-2024
148968;SBI Fixed Maturity Plan (FMP) - Series 44 (1855 Days) - Direct Plan - Income Distribution cum Capital Withdrawal Option (IDCW);INF200KA1W67;;12.1113;;;02-Oct-2024
148966;SBI Fixed Maturity Plan (FMP) - Series 44 (1855 Days) - Regular Plan - Growth;INF200KA1W34;;12.0529;;;02-Oct-2024
148969;SBI Fixed Maturity Plan (FMP) Series 44 (1855 Days) - Regular Plan - Income Distribution cum Capital Withdrawal Option (IDCW);INF200KA1W42;;12.0529;;;02-Oct-2024
148999;SBI Fixed Maturity Plan (FMP) Series 45 (1840 Days) - Direct Plan - Growth;INF200KA1W91;;12.1077;;;02-Oct-2024
148998;SBI Fixed Maturity Plan (FMP) Series 45 (1840 Days) - Direct Plan - Income Distribution cum Capital Withdrawal Option (IDCW);INF200KA1X09;;12.1077;;;02-Oct-2024
148996;SBI Fixed Maturity Plan (FMP) Series 45 (1840 Days) - Regular Plan - Growth;INF200KA1W75;;12.0515;;;02-Oct-2024
148997;SBI Fixed Maturity Plan (FMP) Series 45 (1840Days) - Regular Plan - Income Distribution cum Capital Withdrawal Option (IDCW);INF200KA1W83;;12.0515;;;02-Oct-2024
150919;SBI Fixed Maturity Plan (FMP)-Series 72 (1239 Days) Direct Plan- Growth;INF200KA17S4;;11.4376;;;02-Oct-2024
150916;SBI Fixed Maturity Plan (FMP)-Series 72 (1239 Days) Direct Plan- Income Distribution Cum Capital Withdrawal Payout;INF200KA18S2;;11.4376;;;02-Oct-2024
150917;SBI Fixed Maturity Plan (FMP)-Series 72 (1239 Days) Regular Plan- Growth;INF200KA15S8;;11.4094;;;02-Oct-2024
150918;SBI Fixed Maturity Plan (FMP)-Series 72 (1239 Days) Regular Plan- Income Distribution Cum Capital Withdrawal Payout;INF200KA16S6;;11.4094;;;02-Oct-2024
150984;SBI Fixed Maturity Plan (FMP) - Series 73 (1226 Days) - Direct Plan - Growth;INF200KA11T5;;11.4095;;;02-Oct-2024
150985;SBI Fixed Maturity Plan (FMP) - Series 73 (1226 Days) - Direct Plan - IDCW Payout;INF200KA12T3;;11.4095;;;02-Oct-2024
150986;SBI Fixed Maturity Plan (FMP) - Series 73 (1226 Days) - Regular Plan - Growth;INF200KA19S0;;11.3823;;;02-Oct-2024
150983;SBI Fixed Maturity Plan (FMP) - Series 73 (1226 Days) - Regular Plan - IDCW Payout;INF200KA10T7;;11.3823;;;02-Oct-2024
151252;SBI Fixed Maturity Plan (FMP)-Series 74 (1243 Days)- Direct Plan- Growth;INF200KA11U3;;11.3875;;;02-Oct-2024
151253;SBI Fixed Maturity Plan (FMP)-Series 74 (1243 Days)- Direct Plan- Income Distribution Cum Capital Withdrawal Payout;INF200KA12U1;;11.3875;;;02-Oct-2024
151254;SBI Fixed Maturity Plan (FMP)-Series 74 (1243 Days)- Regular Plan- Growth;INF200KA19T8;;11.3610;;;02-Oct-2024
151255;SBI Fixed Maturity Plan (FMP)-Series 74 (1243 Days)- Regular Plan- Income Distribution Cum Capital Withdrawal Payout;INF200KA10U5;;11.3611;;;02-Oct-2024
151351;SBI Fixed Maturity Plan (FMP) - Series 76 (1221 Days) - Direct Plan - Growth;INF200KA19U6;;11.3205;;;02-Oct-2024
151350;SBI Fixed Maturity Plan (FMP) - Series 76 (1221 Days) - Direct Plan - Income Distribution Cum Capital Withdrawal Payout;INF200KA10V3;;11.3205;;;02-Oct-2024
151349;SBI Fixed Maturity Plan (FMP) - Series 76 (1221 Days) - Regular Plan - Growth;INF200KA17U0;;11.2953;;;02-Oct-2024
151348;SBI Fixed Maturity Plan (FMP) - Series 76 (1221 Days) - Regular Plan - Income Distribution Cum Capital Withdrawal Payout;INF200KA18U8;;11.2953;;;02-Oct-2024
151451;SBI Fixed Maturity Plan (FMP)-Series 78 (1170 Days) Direct Plan- Growth;INF200KA19V4;;11.2960;;;02-Oct-2024
151452;SBI Fixed Maturity Plan (FMP)-Series 78 (1170 Days) Direct Plan- Income Distribution Cum Capital Withdrawal Payout;INF200KA10W1;;11.2951;;;02-Oct-2024
151454;SBI Fixed Maturity Plan (FMP)-Series 78 (1170 Days) Regular Plan- Growth;INF200KA17V8;;11.2702;;;02-Oct-2024
151453;SBI Fixed Maturity Plan (FMP)-Series 78 (1170 Days) Regular Plan- Income Distribution Cum Capital Withdrawal Payout;INF200KA18V6;;11.2700;;;02-Oct-2024
151639;SBI Fixed Maturity Plan (FMP)-Series 81 (1157 Days) Direct Plan- Growth;INF200KA17X4;;11.1971;;;02-Oct-2024
151640;SBI Fixed Maturity Plan (FMP)-Series 81 (1157 Days) Direct Plan- Income Distribution Cum Capital Withdrawal Payout;INF200KA18X2;;11.1967;;;02-Oct-2024
151641;SBI Fixed Maturity Plan (FMP)-Series 81 (1157 Days) Regular Plan- Growth;INF200KA15X8;;11.1732;;;02-Oct-2024
151642;SBI Fixed Maturity Plan (FMP)-Series 81 (1157 Days) Regular Plan- Income Distribution Cum Capital Withdrawal Payout;INF200KA16X6;;11.1732;;;02-Oct-2024
