Scheme Code;Scheme Name;ISIN Div Payout/ISIN Growth;ISIN Div Reinvestment;Net Asset Value;Repurchase Price;Sale Price;Date

Open Ended Schemes ( Liquid )


ING Mutual Fund
100198;ING Liquid Fund-Institutional Daily Dividend Option;INF084M01473;;10.0121;10.0121;10.0121;14-May-2011
100196;ING Liquid Fund-Institutional Growth Option;INF084M01465;;15.5130;15.5130;15.5130;14-May-2011
100197;ING Liquid Fund-Institutional Weekly Dividend Option;INF084M01499;INF084M01481;10.0647;10.0647;10.0647;14-May-2011
100192;ING Liquid Fund-Regular Daily Dividend Option;INF084M01432;;10.7873;10.7873;10.7873;14-May-2011
100190;ING Liquid Fund-Regular Growth Option;INF084M01424;;20.6733;20.6733;20.6733;14-May-2011
100191;ING Liquid Fund-Regular Weekly Dividend Option;INF084M01457;INF084M01440;10.8358;10.8358;10.8358;14-May-2011
100200;ING Liquid Fund-Super Institutional Daily Dividend Option;INF084M01515;;10.0048;10.0048;10.0048;14-May-2011
100199;ING Liquid Fund-Super Institutional Growth Option;INF084M01507;;14.7818;14.7818;14.7818;14-May-2011
100201;ING Liquid Fund-Super Institutional Weekly Dividend Option;INF084M01531;INF084M01523;10.0000;10.0000;10.0000;14-May-2011

PineBridge Mutual Fund
106513;PineBridge India Liquid Fund- Standard Plan-Daily Dividend Option;;INF178L01699;1001.0000;1001.0000;1001.0000;14-May-2011
106508;PineBridge India Liquid Fund- Standard Plan-Growth Option;INF178L01715;;1273.5028;1273.5028;1273.5028;14-May-2011
106509;PineBridge India Liquid Fund- Standard Plan-Weekly Dividend Option;;INF178L01764;1002.1470;1002.1470;1002.1470;14-May-2011
106506;PineBridge India Liquid Fund-Institutional Plan-Daily Dividend Option;;INF178L01616;1001.0000;1001.0000;1001.0000;14-May-2011
106511;PineBridge India Liquid Fund-Institutional Plan-Growth Option;INF178L01632;;1268.8700;1268.8700;1268.8700;14-May-2011
106507;PineBridge India Liquid Fund-Institutional Plan-Weekly Dividend Option;;INF178L01681;1002.1337;1002.1337;1002.1337;14-May-2011
106503;PineBridge India Liquid Fund-Retail Plan-DailyDividend Option;;INF178L01533;1001.0000;1001.0000;1001.0000;14-May-2011
106514;PineBridge India Liquid Fund-Retail Plan-Growth Option;INF178L01558;;1254.8230;1254.8230;1254.8230;14-May-2011
106504;PineBridge India Liquid Fund-Retail Plan-Monthly Dividend Option;INF178L01566;INF178L01574;1004.9976;1004.9976;1004.9976;14-May-2011
106516;PineBridge India Liquid Fund-Retail Plan-Quarterly Dividend Option;INF178L01582;INF178L01590;1013.7148;1013.7148;1013.7148;14-May-2011
106510;PineBridge India Liquid Fund-Retail Plan-Weekly Dividend Option;;INF178L01608;1002.0923;1002.0923;1002.0923;14-May-2011

Sahara Mutual Fund
101397;Sahara Liquid Fund-Fixed Pricing -  Weekly Dividend Option;;INF515L01064;1027.4373;1027.4373;1027.4373;14-May-2011
101393;Sahara Liquid Fund-Fixed Pricing - Daily Dividend Option;;INF515L01049;1024.9307;1024.9307;1024.9307;14-May-2011
101394;Sahara Liquid Fund-Fixed Pricing - Growth option;INF515L01056;;1798.0403;1798.0403;1798.0403;14-May-2011
101398;Sahara Liquid Fund-Fixed Pricing - Monthly Dividend Option;;INF515L01072;1028.2217;1028.2217;1028.2217;14-May-2011
101399;Sahara Liquid Fund-Variable Pricing - Daily Dividend option;;INF515L01080;1024.9505;1024.9505;1024.9505;14-May-2011
101402;Sahara Liquid Fund-Variable Pricing - Growth option;INF515L01114;;1812.8447;1812.8447;1812.8447;14-May-2011
101400;Sahara Liquid Fund-Variable Pricing - Weekly Dividend Option;;INF515L01098;1024.9581;1024.9581;1024.9581;14-May-2011
101401;Sahara Liquid Fund-Variable Pricing- Monthly Dividend Option;;INF515L01106;1028.5431;1028.5431;1028.5431;14-May-2011

Open Ended Schemes ( Debt Scheme - Overnight Fund )


SBI Mutual Fund
114297;SBI Overnight Fund - Regular Plan - Daily Income Distribution cum Capital Withdrawal Option (IDCW);;INF200K01LN6;10.0991;10.0991;10.0991;14-May-2011
101206;SBI OVERNIGHT FUND - REGULAR PLAN - GROWTH;INF200K01LQ9;;17.1035;17.1035;17.1035;14-May-2011
103140;SBI Overnight Fund - Regular Plan - Weekly Income Distribution cum Capital Withdrawal Option (IDCW);INF200K01LO4;INF200K01LP1;10.3119;10.3119;10.3119;14-May-2011

Open Ended Schemes ( Debt Scheme - Liquid Fund )


Bandhan Mutual Fund
108692;BANDHAN LIQUID Fund - Regular Plan - Daily IDCW;INF194K01VZ4;INF194K01VY7;10.0025;10.0025;10.0025;14-May-2011
108690;BANDHAN LIQUID Fund - Regular Plan - Growth;INF194K01VX9;;12.0489;12.0489;12.0489;14-May-2011
108779;BANDHAN Liquid Fund-Plan A-Dividend (Daily);INF194K01VC3;INF194K01VB5;10.5819;10.5819;10.5819;14-May-2011
108778;BANDHAN Liquid Fund-Plan A-Growth;INF194K01UX1;;17.5815;17.5815;17.5815;14-May-2011
108607;BANDHAN Liquid Fund - Plan A-Dividend (Weekly);INF194K01VI0;INF194K01VH2;10.0123;10.0123;10.0123;14-May-2011
108781;BANDHAN Liquid Fund - Plan B (G) (Institutional Plan);INF194K01VK6;;17.7320;17.7320;17.7320;14-May-2011
108681;BANDHAN Liquid Fund - Plan B-Daily-Dividend(Institutional Plan);INF194K01VM2;INF194K01VL4;10.5873;10.5873;10.5873;14-May-2011

Canara Robeco Mutual Fund
109349;CANARA ROBECO LIQUID FUND - REGULAR PLAN - DAILY IDCW (Reinvestment);;INF760K01CU3;10.0550;10.0550;10.0550;14-May-2011
109353;CANARA ROBECO LIQUID FUND - REGULAR PLAN - GROWTH OPTION;INF760K01CW9;;12.0433;12.0433;12.0433;14-May-2011
109350;CANARA ROBECO LIQUID FUND - REGULAR PLAN - WEEKLY IDCW (Payout/Reinvestment);INF760K01BZ4;INF760K01CZ2;10.0231;10.0231;10.0231;14-May-2011
101363;Canara Robeco Liquid Fund- INSTITUTIONAL-Daily Dividend Reinvestment;;INF760K01CC1;10.0550;10.0550;10.0550;14-May-2011
101362;Canara Robeco Liquid Fund- INSTITUTIONAL-Growth;INF760K01CD9;;17.9545;17.9545;17.9545;14-May-2011
101361;Canara Robeco Liquid Fund- INSTITUTIONAL-Weekly dividend;;INF760K01CE7;10.0222;10.0222;10.0222;14-May-2011
109357;Canara Robeco Liquid Fund-Institutional-Fortnightly Div Reinvest;;INF760K01860;10.0000;10.0000;10.0000;14-May-2011
109355;Canara Robeco Liquid Fund-Regular Plan-Fortnightly Div Reinvest.;;INF760K01951;10.0000;10.0000;10.0000;14-May-2011
101364;Canara Robeco Liquid Fund-Retail-DRI;;INF760K01CF4;10.0700;10.0700;10.0700;14-May-2011
109346;Canara Robeco Liquid Fund-Retail-Fortnightly Div Reinvest;;INF760K01CG2;10.0616;10.0616;10.0616;14-May-2011
101365;Canara Robeco Liquid Fund-Retail-Growth;INF760K01CH0;;17.8703;17.8703;17.8703;14-May-2011
109347;Canara Robeco Liquid Fund-Retail-Monthly Div Reinvest;;INF760K01CI8;10.0910;10.0910;10.0910;14-May-2011
109356;Canara Robeco Liquid Fund-Retail-Weekly Div Reinvest;;INF760K01CJ6;10.0615;10.0615;10.0615;14-May-2011

LIC Mutual Fund
101184;LIC MF Liquid Fund-Regular Plan-Daily IDCW;INF767K01IQ3;INF767K01IR1;10.9801;10.9801;10.9801;14-May-2011
101185;LIC MF Liquid Fund-Regular Plan-Growth;INF767K01IS9;;18.1106;18.1106;18.1106;14-May-2011

Principal Mutual Fund
100895;Principal Cash Management Fund - Daily Income Distribution CUM Capital Withdrawal;;INF173K01DB7;10.0007;10.0007;10.0007;14-May-2011
100897;Principal Cash Management Fund - Monthly Income Distribution CUM Capital Withdrawal Option;INF173K01BV9;INF173K01BW7;10.1214;10.1214;10.1214;14-May-2011
100896;Principal Cash Management Fund - Weekly Income Distribution CUM Capital Withdrawal Option;;INF173K01DC5;10.0647;10.0647;10.0647;14-May-2011
100898;Principal Cash Management Fund -Growth Option;INF173K01DA9;;15.4082;15.4082;15.4082;14-May-2011

SBI Mutual Fund
105274;SBI Liquid Fund - Institutional - Growth;INF200K01LU1;;15.7408;15.7408;15.7408;14-May-2011
105275;SBI Liquid Fund - Institutional Daily Income Distribution cum Capital Withdrawal Option (IDCW);;INF200K01LR7;10.0325;10.0325;10.0325;14-May-2011
105279;SBI Liquid Fund - Institutional Fortnightly Income Distribution cum Capital Withdrawal Option (IDCW);INF200K01LS5;INF200K01LT3;10.1879;10.1879;10.1879;14-May-2011
105278;SBI Liquid Fund - Institutional Weekly Income Distribution cum Capital Withdrawal Option (IDCW);INF200K01LV9;INF200K01LW7;10.6035;10.6035;10.6035;14-May-2011
105281;SBI Liquid Fund - Regular Plan - Daily Income Distribution cum Capital Withdrawal Option (IDCW);;INF200K01LX5;10.0325;10.0325;10.0325;14-May-2011
105283;SBI Liquid Fund - Regular Plan - Fortnightly Income Distribution cum Capital Withdrawal Option (IDCW);INF200K01LY3;INF200K01LZ0;N.A.;N.A.;N.A.;14-May-2011
105282;SBI Liquid Fund - Regular Plan - Weekly Income Distribution cum Capital Withdrawal Option (IDCW);INF200K01MB9;INF200K01MC7;N.A.;N.A.;N.A.;14-May-2011
105280;SBI Liquid Fund - REGULAR PLAN -Growth;INF200K01MA1;;15.5746;15.5746;15.5746;14-May-2011

UTI Mutual Fund
102010;UTI Liquid Fund - Regular Plan - Daily IDCW (Reinvestment);;INF789F01PG3;1019.4457;1019.4457;1019.4457;14-May-2011
102011;UTI Liquid Fund - Regular Plan - Monthly IDCW;INF789F01PI9;INF789F01PJ7;1028.0203;1028.0203;1028.0203;14-May-2011
102013;UTI Liquid Fund - Regular Plan - Weekly IDCW;;INF789F01PK5;1043.914;1043.914;1043.914;14-May-2011
102012;UTI-  Liquid Cash Plan - Regular Plan - Growth Option;INF789F01PH1;;1626.1927;1626.1927;1626.1927;14-May-2011
102008;UTI-  Liquid Cash Plan- Discontinued - Regular Plan - Monthly Dividend Option;INF789F01BC2;INF789F01BA6;1086.5095;1086.5095;1086.5095;14-May-2011
102009;UTI-  Liquid Cash Plan- Discontinued - Regular Plan -Growth;INF789F01BB4;;1593.8635;1593.8635;1593.8635;14-May-2011
102007;UTI-  Liquid Cash Plan- Discontinued -Regular Plan Periodic Dividend Option;;INF789F01AZ5;1076.7865;1076.7865;1076.7865;14-May-2011

Open Ended Schemes ( Debt Scheme - Ultra Short Duration Fund )


Principal Mutual Fund
107329;Principal Ultra Short Term Fund-Daily Income Distribution CUM Capital Withdrawal Option;;INF173K01CV7;10.0543;10.0543;10.0543;14-May-2011
107328;Principal Ultra Short Term Fund-Growth Option;INF173K01CU9;;11.161;11.161;11.161;14-May-2011
107332;Principal Ultra Short Term Fund-Weekly Income Distribution CUM Capital Withdrawal Option;;INF173K01CW5;10.1204;10.1204;10.1204;14-May-2011

SBI Mutual Fund
105080;SBI Ultra Short Duration Fund - Regular Plan - Daily Income Distribution cum Capital Withdrawal Option (IDCW);;INF200K01LK2;16.7503;16.7503;16.7503;14-May-2011
100641;SBI ULTRA SHORT DURATION FUND - REGULAR PLAN - GROWTH;INF200K01LJ4;;21.9887;21.9887;21.9887;14-May-2011
103884;SBI Ultra Short Duration Fund - Regular Plan - Weekly Income Distribution cum Capital Withdrawal Option (IDCW);INF200K01LM8;INF200K01LL0;10.7758;10.7758;10.7758;14-May-2011

Open Ended Schemes ( Debt Scheme - Money Market Fund )


UTI Mutual Fund
112077;UTI MMF - Regular Plan - Growth Option;INF789F01PX8;;1109.3348;1109.3348;1109.3348;14-May-2011
100724;UTI MMF- Discontinued - Regular Plan - Flexi Dividend Option;;INF789F01BD0;1897.6399;1897.6399;1897.6399;14-May-2011
100725;UTI MMF- Discontinued - Regular Plan - Periodic Dividend Option;INF789F01BE8;;1886.9723;1886.9723;1886.9723;14-May-2011
100723;UTI MMF-Discontinued - Regular Plan -Growth;INF789F01BF5;;2751.9209;2751.9209;2751.9209;14-May-2011
112076;UTI Money Market Fund - Regular Plan - Daily IDCW (Reinvestment);;INF789F01PW0;1003.3854;1003.3854;1003.3854;14-May-2011
112635;UTI Money Market Fund - Regular Plan - Weekly IDCW;INF789F01PY6;INF789F01PZ3;1011.0237;1011.0237;1011.0237;14-May-2011

Close Ended Schemes ( Income )


SBI Mutual Fund
114781;SBI Capital Protection Oriented Fund - Series II -;INF200K01ED2;;10.0249;N.A.;N.A.;14-May-2011
114554;SBI Debt Fund Series - 15 Months - 6 Dividend;INF200K01EA8;;10.2566;N.A.;N.A.;14-May-2011
114555;SBI Debt Fund Series - 15 Months - 6 Growth;INF200K01DZ7;;10.2566;N.A.;N.A.;14-May-2011
114442;SBI Debt Fund Series - 18 Months - 6 - Dividend Option;INF200K01CI5;;10.2334;N.A.;N.A.;14-May-2011
114443;SBI Debt Fund Series - 18 Months - 6 - Growth Option;INF200K01CH7;;10.2334;N.A.;N.A.;14-May-2011
113275;SBI Debt Fund Series - 24 Months - 2 - Dividend;INF200K01CK1;;10.2880;N.A.;N.A.;14-May-2011
113363;SBI Debt Fund Series - 24 Months - 2 - Growth;INF200K01CJ3;;10.2891;N.A.;N.A.;14-May-2011
115075;SBI Debt Fund Series - 370 Days 13 - Dividend Payout;INF200K01EJ9;;10.0596;N.A.;N.A.;14-May-2011
115076;SBI Debt Fund Series - 370 Days 13 - Growth;INF200K01EI1;;10.0596;N.A.;N.A.;14-May-2011
115012;SBI DEBT FUND SERIES - 370 DAYS 11 - GROWTH;INF200K01EE0;;10.1477;N.A.;N.A.;14-May-2011
115013;SBI DEBT FUND SERIES - 370 DAYS 11- DIVIDEND;INF200K01EF7;;10.1476;N.A.;N.A.;14-May-2011
115048;SBI Debt Fund Series - 370 Days 12 - Dividend Payout;INF200K01EH3;;10.0815;N.A.;N.A.;14-May-2011
115047;SBI Debt Fund Series - 370 Days 12 - Growth;INF200K01EG5;;10.0816;N.A.;N.A.;14-May-2011
113321;SBI Debt Fund Series - 60 Months - 1 - Dividend;INF200K01CQ8;;10.1710;N.A.;N.A.;14-May-2011
113401;SBI Debt Fund Series - 60 Months - 1 - Growth;INF200K01CP0;;10.1710;N.A.;N.A.;14-May-2011
114660;SBI DEBT FUND SERIES - 90 DAYS - 40 - Dividend Payout;;;10.2202;N.A.;N.A.;14-May-2011
114659;SBI DEBT FUND SERIES - 90 DAYS - 40 - GROWTH;;;10.2202;N.A.;N.A.;14-May-2011
115010;SBI DEBT FUND SERIES - 90 DAYS 42 -GROWTH;;;10.1250;N.A.;N.A.;14-May-2011
115011;SBI DEBT FUND SERIES - 90 DAYS 42-DIVIDEND;;;10.1255;N.A.;N.A.;14-May-2011
115180;SBI DEBT FUND SERIES - 90 DAYS 43 -GROWTH;;;10.0244;N.A.;N.A.;14-May-2011
115181;SBI DEBT FUND SERIES - 90 DAYS 43-DIVIDEND;;;10.0244;N.A.;N.A.;14-May-2011
114344;SBI Debt Fund Series - 180 Days - 13 Dividend;;;10.3268;N.A.;N.A.;14-May-2011
114306;SBI Debt Fund Series - 180 Days - 13 Growth;;;10.3778;N.A.;N.A.;14-May-2011
114351;SBI Debt Fund Series - 180 Days - 14 Dividend;;;10.2880;N.A.;N.A.;14-May-2011
114352;SBI Debt Fund Series - 180 Days - 14 Growth;;;10.3386;N.A.;N.A.;14-May-2011
114622;SBI Debt Fund Series - 180 Days - 15 Dividend;;;10.2295;N.A.;N.A.;14-May-2011
114621;SBI Debt Fund Series - 180 Days - 15 Growth;;;10.2550;N.A.;N.A.;14-May-2011
114724;SBI SDFS 180 DAYS 16 - DIVIDEND PAYOUT;;;10.2114;N.A.;N.A.;14-May-2011
114725;SBI SDFS 180 DAYS 16 - GROWTH;;;10.2114;N.A.;N.A.;14-May-2011
115114;SBI SDFS 180 DAYS 17 - DIVIDEND PAYOUT;;;10.0562;N.A.;N.A.;14-May-2011
115115;SBI SDFS 180 DAYS 17 - GROWTH;;;10.0562;N.A.;N.A.;14-May-2011
114723;SBI DEBT FUND SERIES 370 DAYS 10 - GROWTH;INF200K01DV6;;10.2114;N.A.;N.A.;14-May-2011
114722;SBI DEBT FUND SERIES 370 DAYS 10- Dividend;INF200K01DW4;;10.2114;N.A.;N.A.;14-May-2011
114837;SBI Debt Fund Series 90 Days 41 - Dividend Payout;;;10.1609;N.A.;N.A.;14-May-2011
114836;SBI Debt Fund Series 90 Days 41 - Growth;;;10.1610;N.A.;N.A.;14-May-2011
114839;REDEEMED-SBI Debt Fund Series - 13 Months 11 - Dividend Payout;INF200K01DY0;;10.1641;N.A.;N.A.;14-May-2011
114838;REDEEMED-SBI Debt Fund Series 13 Months 11 - Growth;INF200K01DX2;;10.1641;N.A.;N.A.;14-May-2011
112818;REDEEMED-SBI Debt Fund Series - 15 Months - 5 (09/03/2010)-DIVIDEND;;;10.5511;N.A.;N.A.;14-May-2011
112817;REDEEMED-SBI Debt Fund Series - 15 Months - 5 (09/03/2010)-GROWTH;;;10.7390;N.A.;N.A.;14-May-2011
114343;Z-REDEEMED-SBI Debt Fund Series - 18 Months - 4 - Dividend Option;INF200K01CE4;;10.2855;N.A.;N.A.;14-May-2011
114303;Z-REDEEMED-SBI Debt Fund Series - 18 Months - 4 - Growth Option;INF200K01CD6;;10.2854;N.A.;N.A.;14-May-2011
114388;Z-REDEEMED-SBI Debt Fund Series - 18 Months - 5 - Dividend Option;INF200K01CG9;;10.2344;N.A.;N.A.;14-May-2011
114389;Z-REDEEMED-SBI Debt Fund Series - 18 Months - 5 - Growth Option;INF200K01CF1;;10.2344;N.A.;N.A.;14-May-2011
115152;Z-REDEEMED-SBI Debt Fund Series - 370 days - 14 - Dividend Payout;INF200K01EL5;;10.0370;N.A.;N.A.;14-May-2011
115151;Z-REDEEMED-SBI Debt Fund Series - 370 Days - 14 - Growth;INF200K01EK7;;10.0370;N.A.;N.A.;14-May-2011
113182;Z-REDEEMED-SBI Debt Fund Series - 370 Days - 6 - Dividend;;;10.3834;N.A.;N.A.;14-May-2011
113340;Z-REDEEMED-SBI Debt Fund Series - 370 Days - 6 - Growth;;;10.4597;N.A.;N.A.;14-May-2011
113411;Z-REDEEMED-SBI Debt Fund Series - 370 Days - 7 - Dividend;;;10.3417;N.A.;N.A.;14-May-2011
114250;Z-REDEEMED-SBI Debt Fund Series - 370 Days - 7 - Growth;;;10.3925;N.A.;N.A.;14-May-2011
114194;Z-REDEEMED-SBI Debt Fund Series - 370 Days - 8 - Dividend;;;10.2820;N.A.;N.A.;14-May-2011
114311;Z-REDEEMED-SBI Debt Fund Series - 370 Days - 8 - Growth;;;10.3328;N.A.;N.A.;14-May-2011
114620;Z-REDEEMED-SBI Debt Fund Series - 370 Days - 9 - Dividend;INF200K01DU8;;10.2461;N.A.;N.A.;14-May-2011
114619;Z-REDEEMED-SBI Debt Fund Series - 370 Days - 9 - Growth;INF200K01DT0;;10.2456;N.A.;N.A.;14-May-2011
113181;Z-REDEEMED-SBI Debt Fund Series - 370 Days - 5 Dividend;;;10.4038;N.A.;N.A.;14-May-2011
113230;Z-REDEEMED-SBI Debt Fund Series - 370 Days - 5 Growth;;;10.4803;N.A.;N.A.;14-May-2011
