Scheme Code;Scheme Name;ISIN Div Payout/ISIN Growth;ISIN Div Reinvestment;Net Asset Value;Repurchase Price;Sale Price;Date

Open Ended Schemes ( Liquid )


Daiwa Mutual Fund
114516;Daiwa Liquid Fund - Institutional - Daily Dividend;-;INF752K01198;1000.5197;1000.5197;1000.5197;26-Aug-2012
114515;Daiwa Liquid Fund - Institutional - Growth;INF752K01206;-;1248.8173;1248.8173;1248.8173;26-Aug-2012
114517;Daiwa Liquid Fund - Institutional - Weekly Dividend;-;INF752K01214;1002.2310;1002.2310;1002.2310;26-Aug-2012
114519;Daiwa Liquid Fund - Regular - Daily Dividend;;INF752K01222;1000.5200;1000.5200;1000.5200;26-Aug-2012
114514;Daiwa Liquid Fund - Regular - Growth;INF752K01230;;1246.1478;1246.1478;1246.1478;26-Aug-2012
114518;Daiwa Liquid Fund - Regular - Weekly Dividend;;INF752K01248;1002.7354;1002.7354;1002.7354;26-Aug-2012

Deutsche Mutual Fund
116361;DWS Insta Cash Plus Fund - Regular Plan - Annual Dividend Option;INF223J01IH8;INF223J01II6;10.4507;10.4507;10.4507;26-Aug-2012
116369;DWS Insta cash Plus Fund - Regular Plan - Quarterly Dividend Option;INF223J01IF2;INF223J01IG0;10.4509;10.4509;10.4509;26-Aug-2012
105672;DWS INSTA CASH PLUS FUND - Regular Plan BONUS OPTION;INF223J01BH3;;11.3122;11.3122;11.3122;26-Aug-2012
106471;DWS Insta Cash Plus Fund -Growth;INF223J01BP6;;144.9404;144.9404;144.9404;26-Aug-2012
106467;DWS Insta Cash Plus Fund-Daily Dividend;;INF223J01BO9;100.3040;100.3040;100.3040;26-Aug-2012
101718;DWS Insta Cash Plus Fund-DIVIDEND-Daily Dividend;;INF223J01BI1;10.3010;10.3010;10.3010;26-Aug-2012
101717;DWS Insta Cash Plus Fund-DIVIDEND-MONTHLY DIVIDEND;INF223J01BK7;INF223J01BL5;10.4893;10.4893;10.4893;26-Aug-2012
101716;DWS Insta Cash Plus Fund-DIVIDEND-WEEKLY DIVIDEND;INF223J01BM3;INF223J01BN1;10.3567;10.3567;10.3567;26-Aug-2012
101719;DWS Insta Cash Plus Fund-Growth-GROWTH;INF223J01BJ9;;18.4458;18.4458;18.4458;26-Aug-2012
101722;DWS Insta Cash Plus Fund-Institutional Plan-Daily Dividend;;INF223J01BA8;10.0516;10.0516;10.0516;26-Aug-2012
101720;DWS Insta Cash Plus Fund-Institutional Plan-Dividend;INF223J01BE0;INF223J01BD2;10.5529;10.5529;10.5529;26-Aug-2012
101721;DWS Insta Cash Plus Fund-Institutional Plan-Growth;INF223J01BB6;;17.4916;17.4916;17.4916;26-Aug-2012
101723;DWS Insta Cash Plus Fund-Institutional Plan-Weekly Dividend;INF223J01BF7;INF223J01BG5;10.3891;10.3891;10.3891;26-Aug-2012
116370;DWS Treasury Fund - Cash Plan - Annual Dividend;INF223J01SF1;INF223J01SG9;10.5548;10.5548;10.5548;26-Aug-2012
114966;DWS Treasury Fund - Cash Plan - Bonus;INF223J01SA2;;11.2220;11.2220;11.2220;26-Aug-2012
112228;DWS Treasury Fund - Cash Plan - Daily Dividend;;INF223J01SB0;10.0391;10.0391;10.0391;26-Aug-2012
112221;DWS Treasury Fund - Cash Plan - Growth;INF223J01SC8;;12.0574;12.0574;12.0574;26-Aug-2012
112227;DWS Treasury Fund - Cash Plan - Institiutional - Daily Dividend;;INF223J01DZ1;100.4970;100.4970;100.4970;26-Aug-2012
112222;DWS Treasury Fund - Cash Plan - Institiutional - Growth;INF223J01EA2;;124.5360;124.5360;124.5360;26-Aug-2012
112963;DWS Treasury Fund - Cash Plan - Institiutional - Monthly Dividend;INF223J01ED6;INF223J01EE4;102.5175;102.5175;102.5175;26-Aug-2012
112969;DWS Treasury Fund - Cash Plan - Institiutional - Weekly Dividend;INF223J01EB0;INF223J01EC8;100.7535;100.7535;100.7535;26-Aug-2012
116391;DWS Treasury Fund - Cash Plan - Quarterly Dividend;INF223J01SD6;INF223J01SE4;10.5348;10.5348;10.5348;26-Aug-2012
112964;DWS Treasury Fund - Cash Plan - Weekly Dividend;INF223J01RY4;INF223J01RZ1;10.4741;10.4741;10.4741;26-Aug-2012

Edelweiss Mutual Fund
109935;Edelweiss Liquid Fund - Daily Dividend Option;;INF754K01BG7;1000.0030;1000.0030;1000.0030;26-Aug-2012
109946;Edelweiss Liquid Fund - Growth Option;INF754K01BC6;;1103.1695;1103.1695;1103.1695;26-Aug-2012
109941;Edelweiss Liquid Fund - Institutional Plan - Daily Dividend Option;;INF754K01AZ9;1000.0000;1000.0000;1000.0000;26-Aug-2012
109945;Edelweiss Liquid Fund - Institutional Plan - Growth Option;INF754K01AV8;;1026.3956;1026.3956;1026.3956;26-Aug-2012
109936;Edelweiss Liquid Fund - Institutional Plan - Weekly Dividend Option;;INF754K01BA0;1000.2422;1000.2422;1000.2422;26-Aug-2012
109934;Edelweiss Liquid Fund - Retail Plan - Daily Dividend Option;;INF754K01AS4;1000.0000;1000.0000;1000.0000;26-Aug-2012
109940;Edelweiss Liquid Fund - Retail Plan - Growth Option;INF754K01AO3;;1279.3445;1279.3445;1279.3445;26-Aug-2012
109939;Edelweiss Liquid Fund - Retail Plan - Monthly Dividend Option;INF754K01AP0;INF754K01AR6;1005.5389;1005.5389;1005.5389;26-Aug-2012
109937;Edelweiss Liquid Fund - Retail Plan - Weekly Dividend Option;;INF754K01AT2;1000.2276;1000.2276;1000.2276;26-Aug-2012

Fidelity Mutual Fund
104498;Fidelity Cash Fund - Institutional Plan - Daily Dividend Option;;INF677K01AQ1;10.0025;10.0025;10.0025;26-Aug-2012
104497;Fidelity Cash Fund - Institutional Plan - Growth Option;;;15.0598;15.0598;15.0598;26-Aug-2012
104548;Fidelity Cash Fund - Institutional Plan - Monthly Dividend Option;INF677K01AS7;INF677K01AT5;10.0000;10.0000;10.0000;26-Aug-2012
104546;Fidelity Cash Fund - Institutional Plan - Weekly Dividend Option;;INF677K01AR9;10.1679;10.1679;10.1679;26-Aug-2012
104495;Fidelity Cash Fund - Retail Plan - Daily Dividend option;;INF677K01AL2;10.0025;10.0025;10.0025;26-Aug-2012
104493;Fidelity Cash Fund - Retail Plan - Growth option;;;14.7202;14.7202;14.7202;26-Aug-2012
104547;Fidelity Cash Fund - Retail Plan - Monthly Dividend Option;;;10.0751;10.0751;10.0751;26-Aug-2012
104549;Fidelity Cash Fund - Retail Plan - Weekly Dividend Option;;INF677K01AM0;10.0121;10.0121;10.0121;26-Aug-2012
104494;Fidelity Cash Fund - Super Institutional Plan - Daily Dividend Option;;INF677K01AV1;10.2330;10.2330;10.2330;26-Aug-2012
104496;Fidelity Cash Fund - Super Institutional Plan - Growth Option;INF677K01AU3;;15.1775;15.1775;15.1775;26-Aug-2012
104551;Fidelity Cash Fund - Super Institutional Plan - Monthly Dividend Option;INF677K01AX7;INF677K01AY5;10.0000;10.0000;10.0000;26-Aug-2012
104550;Fidelity Cash Fund - Super Institutional Plan - Weekly Dividend Option;;INF677K01AW9;10.0000;10.0000;10.0000;26-Aug-2012

ING Mutual Fund
100198;ING Liquid Fund-Institutional Daily Dividend Option;INF084M01473;;10.0121;10.0121;10.0121;26-Aug-2012
100196;ING Liquid Fund-Institutional Growth Option;INF084M01465;;17.3937;17.3937;17.3937;26-Aug-2012
100197;ING Liquid Fund-Institutional Weekly Dividend Option;INF084M01499;INF084M01481;10.0653;10.0653;10.0653;26-Aug-2012
100192;ING Liquid Fund-Regular Daily Dividend Option;INF084M01432;;10.7873;10.7873;10.7873;26-Aug-2012
100190;ING Liquid Fund-Regular Growth Option;INF084M01424;;23.1311;23.1311;23.1311;26-Aug-2012
100191;ING Liquid Fund-Regular Weekly Dividend Option;INF084M01457;INF084M01440;10.8359;10.8359;10.8359;26-Aug-2012
100200;ING Liquid Fund-Super Institutional Daily Dividend Option;INF084M01515;;10.0048;10.0048;10.0048;26-Aug-2012
100199;ING Liquid Fund-Super Institutional Growth Option;INF084M01507;;16.6164;16.6164;16.6164;26-Aug-2012
100201;ING Liquid Fund-Super Institutional Weekly Dividend Option;INF084M01531;INF084M01523;10.0000;10.0000;10.0000;26-Aug-2012

Invesco Mutual Fund
106502;Religare Invesco Overnight Fund - Daily Dividend Reinvestment;;INF205K01HS2;1000.0048;1000.0048;1000.0048;26-Aug-2012
106501;Religare Invesco Overnight Fund - Growth;INF205K01HR4;;1311.8874;1311.8874;1311.8874;26-Aug-2012

JM Financial Mutual Fund
101420;JM Floater Short Term Fund - Daily Dividend Option;;INF192K01767;10.0883;10.0883;10.0883;26-Aug-2012
101421;JM Floater Short Term Fund - Growth Option;INF192K01775;;17.5989;17.5989;17.5989;26-Aug-2012

JPMorgan Mutual Fund
106562;JPMorgan India Liquid Fund - Retail Plan - Daily Dividend Option;;INF843K01203;10.0150;10.0150;10.0150;26-Aug-2012
109178;JPMorgan India Liquid Fund - Retail Plan - Fortnightly Dividend Option;;INF843K01229;10.0121;10.0121;10.0121;26-Aug-2012
106561;JPMorgan India Liquid Fund - Retail Plan - Growth Option;INF843K01195;;13.2307;13.2307;13.2307;26-Aug-2012
109179;JPMorgan India Liquid Fund - Retail Plan - Monthly Dividend Option;;INF843K01237;10.0939;10.0939;10.0939;26-Aug-2012
109177;JPMorgan India Liquid Fund - Retail Plan - Weekly Dividend Option;;INF843K01211;10.0271;10.0271;10.0271;26-Aug-2012
110149;JPMorgan India Liquid Fund - Super Institutional Plan - Daily Dividend Option;;INF843K01153;10.0079;10.0079;10.0079;26-Aug-2012
110150;JPMorgan India Liquid Fund - Super Institutional Plan - Growth Option;INF843K01146;;14.4545;14.4545;14.4545;26-Aug-2012
110151;JPMorgan India Liquid Fund - Super Institutional Plan - Monthly Dividend Option;INF843K01500;INF843K01187;10.1134;10.1134;10.1134;26-Aug-2012
110153;JPMorgan India Liquid Fund - Super Institutional Plan - Weekly Dividend Option;INF843K01484;INF843K01161;10.1450;10.1450;10.1450;26-Aug-2012

L&T Mutual Fund
112468;L&T Liquid Fund - Regular Weekly Dividend;;INF917K01BE5;1199.7841;1199.7841;1199.7841;26-Aug-2012

Mirae Asset Mutual Fund
107646;Mirae Asset Liquid Fund- Regular Plan - Daily Dividend;;INF769K01606;1092.7450;1092.7450;1092.7450;26-Aug-2012
107648;Mirae Asset Liquid Fund- Regular Plan - Growth;INF769K01572;;1147.6270;1147.6270;1147.6270;26-Aug-2012
107649;Mirae Asset Liquid Fund- Regular Plan - Monthly Dividend;INF769K01630;INF769K01622;1031.6834;1031.6834;1031.6834;26-Aug-2012
107647;Mirae Asset Liquid Fund- Regular Plan - Weekly Dividend;;INF769K01614;1095.4399;1095.4399;1095.4399;26-Aug-2012

Morgan Stanley Mutual Fund
115812;MS Liquid Fund - Regular- Growth;INF063A01274;;1095.4897;1095.4897;1095.4897;26-Aug-2012
115814;MS Liquid Fund - Regular- Weekly Dividend Plan;;INF063A01290;1001.2032;1001.2032;1001.2032;26-Aug-2012
115813;MS Liquid Fund- Regular Daily Dividend Plan;;INF063A01282;1000.4971;1000.4971;1000.4971;26-Aug-2012
115815;MS Liquid Fund- Regular Monthly Dividend Plan;INF063A01316;INF063A01308;1008.4275;1008.4275;1008.4275;26-Aug-2012

PGIM India Mutual Fund
113184;DHFL Pramerica Liquid Fund - Dividend Option - Daily;;INF663L01088;1000.1500;1000.1500;1000.1500;26-Aug-2012
113187;DHFL Pramerica Liquid Fund - Dividend Option - Fortnightly;INF663L01120;INF663L01104;1000.0992;1000.0992;1000.0992;26-Aug-2012
113186;DHFL Pramerica Liquid Fund - Dividend Option - Monthly;INF663L01138;INF663L01112;1000.0570;1000.0570;1000.0570;26-Aug-2012
113183;DHFL Pramerica Liquid Fund - Growth Option;INF663L01070;;1190.2266;1190.2266;1190.2266;26-Aug-2012
113185;DHFL Pramerica Liquid Fund -Dividend Option- Weekly;;INF663L01096;1001.2472;1001.2472;1001.2472;26-Aug-2012

PineBridge Mutual Fund
106513;PineBridge India Liquid Fund- Standard Plan-Daily Dividend Option;;INF178L01699;1001.0000;1001.0000;1001.0000;26-Aug-2012
106508;PineBridge India Liquid Fund- Standard Plan-Growth Option;INF178L01715;;1419.3253;1419.3253;1419.3253;26-Aug-2012
106509;PineBridge India Liquid Fund- Standard Plan-Weekly Dividend Option;;INF178L01764;1001.9936;1001.9936;1001.9936;26-Aug-2012
106506;PineBridge India Liquid Fund-Institutional Plan-Daily Dividend Option;;INF178L01616;1001.0000;1001.0000;1001.0000;26-Aug-2012
106511;PineBridge India Liquid Fund-Institutional Plan-Growth Option;INF178L01632;;1412.3318;1412.3318;1412.3318;26-Aug-2012
106507;PineBridge India Liquid Fund-Institutional Plan-Weekly Dividend Option;;INF178L01681;1001.9795;1001.9795;1001.9795;26-Aug-2012
106503;PineBridge India Liquid Fund-Retail Plan-DailyDividend Option;;INF178L01533;1001.0000;1001.0000;1001.0000;26-Aug-2012
106514;PineBridge India Liquid Fund-Retail Plan-Growth Option;INF178L01558;;1391.3342;1391.3342;1391.3342;26-Aug-2012
106504;PineBridge India Liquid Fund-Retail Plan-Monthly Dividend Option;INF178L01566;INF178L01574;1007.2406;1007.2406;1007.2406;26-Aug-2012
106516;PineBridge India Liquid Fund-Retail Plan-Quarterly Dividend Option;INF178L01582;INF178L01590;1015.3194;1015.3194;1015.3194;26-Aug-2012
106510;PineBridge India Liquid Fund-Retail Plan-Weekly Dividend Option;;INF178L01608;1001.9389;1001.9389;1001.9389;26-Aug-2012

Sahara Mutual Fund
101397;Sahara Liquid Fund-Fixed Pricing -  Weekly Dividend Option;;INF515L01064;1027.4373;1027.4373;1027.4373;26-Aug-2012
101393;Sahara Liquid Fund-Fixed Pricing - Daily Dividend Option;;INF515L01049;1028.8803;1028.8803;1028.8803;26-Aug-2012
101394;Sahara Liquid Fund-Fixed Pricing - Growth option;INF515L01056;;2020.0922;2020.0922;2020.0922;26-Aug-2012
101398;Sahara Liquid Fund-Fixed Pricing - Monthly Dividend Option;;INF515L01072;1033.9058;1033.9058;1033.9058;26-Aug-2012
101399;Sahara Liquid Fund-Variable Pricing - Daily Dividend option;;INF515L01080;1028.8964;1028.8964;1028.8964;26-Aug-2012
101402;Sahara Liquid Fund-Variable Pricing - Growth option;INF515L01114;;2036.9457;2036.9457;2036.9457;26-Aug-2012
101400;Sahara Liquid Fund-Variable Pricing - Weekly Dividend Option;;INF515L01098;1030.3535;1030.3535;1030.3535;26-Aug-2012
101401;Sahara Liquid Fund-Variable Pricing- Monthly Dividend Option;;INF515L01106;1038.3583;1038.3583;1038.3583;26-Aug-2012

Tata Mutual Fund
101987;Tata Liquid Fund Reglar Plan - Monthly Dividend;INF277K01LR5;INF277K01LS3;1006.4183;1006.4183;1006.4183;26-Aug-2012
101861;Tata Liquid Fund-Regular Plan  - Weekly Dividend;INF277K016C5;;1001.8861;1001.8861;1001.8861;26-Aug-2012
101984;Tata Liquid High Investment Plan - Daily;;;1114.3379;1114.3379;1114.3379;26-Aug-2012
101860;Tata Liquid High Investment Plan - Growth;INF277K01LN4;;1835.1531;1835.1531;1835.1531;26-Aug-2012
101985;Tata Liquid High Investment Plan - Monthly;INF277K01LO2;INF277K01LP9;1025.7832;1025.7832;1025.7832;26-Aug-2012
101859;Tata Liquid High Investment Plan - Weekly;;;1147.8287;1147.8287;1147.8287;26-Aug-2012
101982;Tata Liquid Retail Investment PLan - Daily;;;1116.8143;1116.8143;1116.8143;26-Aug-2012
101983;Tata Liquid Retail Investment Plan - Fortnightly;;;1147.4939;1147.4939;1147.4939;26-Aug-2012
101858;Tata Liquid Retail Investment Plan - Growth;INF277K01LM6;;2525.3825;2525.3825;2525.3825;26-Aug-2012
103631;Tata Liquidity Management Fund - Regular Plan - Daily Dividend;;;1002.6089;1000.1024;1002.6089;26-Aug-2012
103632;Tata Liquidity Management Fund - Regular Plan - Growth;INF277K01LW5;;1504.9006;1501.1383;1504.9006;26-Aug-2012
103519;Tata Liquidity Management Fund - Regular Plan  -Weekly Dividend;;;1006.7185;1004.2017;1006.7185;26-Aug-2012

Open Ended Schemes ( Money Market )


Tata Mutual Fund
102152;Tata Money Market Fund Regular (Bonus / Dividend);;;10.1599;10.1599;10.1599;26-Aug-2012
102153;Tata Money Market Fund Regular (Growth);INF277K01LY1;;17.6840;17.6840;17.6840;26-Aug-2012

Open Ended Schemes ( Debt Scheme - Overnight Fund )


HDFC Mutual Fund
101996;HDFC Overnight Fund - Growth Option;INF179KB1HS3;;17.961;17.961;17.961;26-Aug-2012
101997;HDFC Overnight Fund - IDCW Option (Daily);;INF179KB1IF8;10.4266;10.4266;10.4266;26-Aug-2012

SBI Mutual Fund
114297;SBI Overnight Fund - Regular Plan - Daily Income Distribution cum Capital Withdrawal Option (IDCW);;INF200K01LN6;1009.9100;1009.9100;1009.9100;26-Aug-2012
101206;SBI OVERNIGHT FUND - REGULAR PLAN - GROWTH;INF200K01LQ9;;1919.3312;1919.3312;1919.3312;26-Aug-2012
103140;SBI Overnight Fund - Regular Plan - Weekly Income Distribution cum Capital Withdrawal Option (IDCW);INF200K01LO4;INF200K01LP1;1031.4321;1031.4321;1031.4321;26-Aug-2012

Open Ended Schemes ( Debt Scheme - Liquid Fund )


Aditya Birla Sun Life Mutual Fund
100047;Aditya Birla Sun Life Liquid Fund - Growth;INF209K01RU9;;178.6224;178.6224;178.6224;26-Aug-2012
100046;Aditya Birla Sun Life Liquid Fund -Daily IDCW;INF209K01KQ2;INF209K01SQ5;100.195;100.195;100.195;26-Aug-2012
100041;Aditya Birla Sun Life Liquid Fund -Institutional - IDCW;;INF209K01KN9;108.023;108.023;108.023;26-Aug-2012
100048;Aditya Birla Sun Life Liquid Fund -Institutional - weekly  IDCW;INF209KA1LK7;INF209K01KY6;108.119;108.119;108.119;26-Aug-2012
100044;Aditya Birla Sun Life Liquid Fund -Retail - IDCW;;INF209K01KP4;163.694;163.694;163.694;26-Aug-2012
100051;Aditya Birla Sun Life Liquid Fund -weekly IDCW;INF209K01KU4;INF209KA1LJ9;100.2737;100.2737;100.2737;26-Aug-2012
112014;Aditya Birla Sun Life Liquid Fund- Discipline Advantage Plan;INF209K01KZ3;;121.7773;121.7773;121.7773;26-Aug-2012
100043;Aditya Birla Sun Life Liquid Fund-Institutional (Growth);INF209K01RT1;;298.8388;298.8388;298.8388;26-Aug-2012
100042;Aditya Birla Sun Life Liquid Fund-Retail (Growth);INF209K01ME4;;292.4074;292.4074;292.4074;26-Aug-2012

Axis Mutual Fund
112211;Axis Liquid Fund - Regular Plan - Daily IDCW;;INF846K01420;1000.1031;1000.1031;1000.1031;26-Aug-2012
112210;Axis Liquid Fund - Regular Plan - Growth Option;INF846K01412;;1236.1198;1236.1198;1236.1198;26-Aug-2012
112213;Axis Liquid Fund - Regular Plan - Monthly IDCW;INF846K01453;INF846K01461;1008.0122;1008.0122;1008.0122;26-Aug-2012
112212;Axis Liquid Fund - Regular Plan - Weekly IDCW;INF846K01438;INF846K01446;1003.3042;1003.3042;1003.3042;26-Aug-2012
112712;Axis Liquid Fund - Retail Plan - Daily IDCW;;INF846K01362;1000.0875;1000.0875;1000.0875;26-Aug-2012
112713;Axis Liquid Fund - Retail Plan - Growth Option;INF846K01354;;1207.6823;1207.6823;1207.6823;26-Aug-2012
112714;Axis Liquid Fund - Retail Plan - Monthly IDCW;INF846K01396;INF846K01404;1007.6594;1007.6594;1007.6594;26-Aug-2012
112715;Axis Liquid Fund - Retail Plan - Weekly IDCW;INF846K01370;INF846K01388;1001.2308;1001.2308;1001.2308;26-Aug-2012

Bandhan Mutual Fund
108692;BANDHAN LIQUID Fund - Regular Plan - Daily IDCW;INF194K01VZ4;INF194K01VY7;1000.2500;1000.2500;1000.2500;26-Aug-2012
108690;BANDHAN LIQUID Fund - Regular Plan - Growth;INF194K01VX9;;1356.2805;1356.2805;1356.2805;26-Aug-2012
108693;BANDHAN LIQUID Fund - Regular Plan - Monthly IDCW;INF194K01WF4;INF194K01WE7;1006.7022;1006.7022;1006.7022;26-Aug-2012
115489;BANDHAN LIQUID Fund - Regular Plan - Periodic IDCW;INF194K01WC1;INF194K01WB3;1068.4617;1068.4617;1068.4617;26-Aug-2012
108691;BANDHAN LIQUID Fund - Regular Plan - Weekly IDCW;INF194K01WI8;INF194K01WH0;1000.5670;1000.5670;1000.5670;26-Aug-2012
108779;BANDHAN Liquid Fund-Plan A-Dividend (Daily);INF194K01VC3;INF194K01VB5;1058.1900;1058.1900;1058.1900;26-Aug-2012
108778;BANDHAN Liquid Fund-Plan A-Growth;INF194K01UX1;;1965.8780;1965.8780;1965.8780;26-Aug-2012
115486;BANDHAN Liquid Fund-Plan A-Monthly;INF194K01VF6;INF194K01VE9;1006.3020;1006.3020;1006.3020;26-Aug-2012
115487;BANDHAN Liquid Fund-Plan A-Periodic Dividend;INF194K01UZ6;INF194K01UY9;1064.6508;1064.6508;1064.6508;26-Aug-2012
108607;BANDHAN Liquid Fund - Plan A-Dividend (Weekly);INF194K01VI0;INF194K01VH2;1001.4411;1001.4411;1001.4411;26-Aug-2012
108781;BANDHAN Liquid Fund - Plan B (G) (Institutional Plan);INF194K01VK6;;1985.2640;1985.2640;1985.2640;26-Aug-2012
108629;BANDHAN Liquid Fund - Plan B - Dividend-Weekly;INF194K01VS9;INF194K01VR1;1000.5365;1000.5365;1000.5365;26-Aug-2012
108681;BANDHAN Liquid Fund - Plan B-Daily-Dividend(Institutional Plan);INF194K01VM2;INF194K01VL4;1058.7300;1058.7300;1058.7300;26-Aug-2012

Bank of India Mutual Fund
109257;BANK OF INDIA Liquid Fund- Institutional Plan- Daily Dividend;;;1000.0000;1000.0000;1000.0000;26-Aug-2012
109256;BANK OF INDIA Liquid Fund- Institutional Plan-Growth;INF761K01314;;1303.2780;1303.2780;1303.2780;26-Aug-2012
111971;BANK OF INDIA Liquid Fund- Regular Plan- Daily IDCW;;INF761K01CO4;1000.0110;1000.0110;1000.0110;26-Aug-2012
109254;BANK OF INDIA Liquid Fund- Regular Plan- Growth;INF761K01306;;1284.2409;1284.2409;1284.2409;26-Aug-2012
109255;BANK OF INDIA Liquid Fund- Regular Plan- Weekly IDCW;;INF761K01CP1;1001.1344;1001.1344;1001.1344;26-Aug-2012
109263;BANK OF INDIA Liquid Fund- Super Institutional Plan-Daily Dividend;;;1000.0295;1000.0295;1000.0295;26-Aug-2012

Baroda BNP Paribas Mutual Fund
116803;Baroda BNP Paribas Liquid Fund - Regular - Weekly IDCW Option;INF955L01534;INF955L01542;1001.5723;1001.5723;1001.5723;26-Aug-2012
111707;Baroda BNP Paribas LIQUID FUND - Regular Plan - DAILY IDCW OPTION;INF955L01468;INF955L01476;1000.6300;1000.6300;1000.6300;26-Aug-2012
111704;Baroda BNP Paribas LIQUID FUND - Regular Plan - GROWTH OPTION;INF955L01484;;1277.9601;1277.9601;1277.9601;26-Aug-2012
101408;Baroda BNP Paribas LIQUID FUND- Defunct Plan -Growth Option;INF955L01575;;1936.9529;1936.9529;1936.9529;26-Aug-2012
101407;Baroda BNP Paribas LIQUID FUND-Defunct Plan- IDCW Option;INF955L01559;INF955L01567;1659.4849;1659.4849;1659.4849;26-Aug-2012
101409;Baroda BNP Paribas LIQUID FUND-Defunct Plan-Daily IDCW Option;INF955L01518;INF955L01526;1006.0600;1006.0600;1006.0600;26-Aug-2012
111706;BARODA LIQUID FUND PLAN A - MONTHLY IDCW OPTION;;;1000.8359;1000.8359;1000.8359;26-Aug-2012

BNP Paribas Mutual Fund
113641;BNP PARIBAS LIQUID Fund-Institutional Plan-Daily Dividend Option;;;10.0030;10.0030;10.0030;26-Aug-2012
113634;BNP PARIBAS LIQUID Fund-Institutional Plan-Growth Option;;;17.1620;17.1620;17.1620;26-Aug-2012
113638;BNP PARIBAS LIQUID Fund-Institutional Plan-Monthly Dividend Payout Option;;;10.0666;10.0666;10.0666;26-Aug-2012
113642;BNP PARIBAS LIQUID Fund-Institutional Plan-Weekly Dividend Option;;;10.0087;10.0087;10.0087;26-Aug-2012
113640;BNP PARIBAS LIQUID Fund-Regular Plan-Growth Option;INF251K01CI8;;16.5810;16.5810;16.5810;26-Aug-2012
113632;BNP PARIBAS LIQUID Fund-Regular Plan-Monthly Dividend;INF251K01CK4;INF251K01CL2;10.0597;10.0597;10.0597;26-Aug-2012
113637;BNP PARIBAS LIQUID Fund-Regular Plan-Weekly Dividend Option;;INF251K01CJ6;10.0081;10.0081;10.0081;26-Aug-2012

Canara Robeco Mutual Fund
109349;CANARA ROBECO LIQUID FUND - REGULAR PLAN - DAILY IDCW (Reinvestment);;INF760K01CU3;1005.5000;1005.5000;1005.5000;26-Aug-2012
109353;CANARA ROBECO LIQUID FUND - REGULAR PLAN - GROWTH OPTION;INF760K01CW9;;1356.3454;1356.3454;1356.3454;26-Aug-2012
109350;CANARA ROBECO LIQUID FUND - REGULAR PLAN - WEEKLY IDCW (Payout/Reinvestment);INF760K01BZ4;INF760K01CZ2;1000.9843;1000.9843;1000.9843;26-Aug-2012
101363;Canara Robeco Liquid Fund- INSTITUTIONAL-Daily Dividend Reinvestment;;INF760K01CC1;1005.5000;1005.5000;1005.5000;26-Aug-2012
101362;Canara Robeco Liquid Fund- INSTITUTIONAL-Growth;INF760K01CD9;;2011.9633;2011.9633;2011.9633;26-Aug-2012
101361;Canara Robeco Liquid Fund- INSTITUTIONAL-Weekly dividend;;INF760K01CE7;1000.9838;1000.9838;1000.9838;26-Aug-2012
109357;Canara Robeco Liquid Fund-Institutional-Fortnightly Div Reinvest;;INF760K01860;1000.0000;1000.0000;1000.0000;26-Aug-2012
109352;Canara Robeco Liquid Fund-Institutional-Monthly Div Reinvest;;INF760K01894;1000.0000;1000.0000;1000.0000;26-Aug-2012
109355;Canara Robeco Liquid Fund-Regular Plan-Fortnightly Div Reinvest.;;INF760K01951;1000.0000;1000.0000;1000.0000;26-Aug-2012
101364;Canara Robeco Liquid Fund-Retail-DRI;;INF760K01CF4;1007.0000;1007.0000;1007.0000;26-Aug-2012
109346;Canara Robeco Liquid Fund-Retail-Fortnightly Div Reinvest;;INF760K01CG2;1002.7546;1002.7546;1002.7546;26-Aug-2012
101365;Canara Robeco Liquid Fund-Retail-Growth;INF760K01CH0;;1988.4443;1988.4443;1988.4443;26-Aug-2012
109347;Canara Robeco Liquid Fund-Retail-Monthly Div Reinvest;;INF760K01CI8;1012.6046;1012.6046;1012.6046;26-Aug-2012
109356;Canara Robeco Liquid Fund-Retail-Weekly Div Reinvest;;INF760K01CJ6;1006.3795;1006.3795;1006.3795;26-Aug-2012

DSP Mutual Fund
103347;DSP Liquidity Fund - Regular Plan - Growth;INF740K01FK9;;1596.3448;1596.3448;1596.3448;26-Aug-2012
103348;DSP Liquidity Fund - Regular Plan - IDCW - Weekly;INF740K01FM5;INF740K01FL7;1000.9194;1000.9194;1000.9194;26-Aug-2012
103349;DSP Liquidity Fund- Regular Plan - IDCW - Daily;;INF740KA1OE0;1000.3161;1000.3161;1000.3161;26-Aug-2012
100943;DSP BlackRock Liquidity Fund - Regular Plan - Daily Dividend;;;10.0100;10.0100;10.0100;26-Aug-2012
100940;DSP BlackRock Liquidity Fund - Regular Plan - Growth;INF740K01CN0;;26.3847;26.3847;26.3847;26-Aug-2012
100941;DSP BlackRock Liquidity Fund - Regular Plan Weekly Dividend;;;12.4191;12.4191;12.4191;26-Aug-2012

Franklin Templeton Mutual Fund
100541;Franklin India Liquid Fund - Regular Plan - Daily - IDCW;;INF090I01BA3;1512.3400;1512.3400;1512.3400;26-Aug-2012
100538;Franklin India Liquid Fund - Regular Plan - Growth;INF090I01BB1;;2714.0833;2714.0833;2714.0833;26-Aug-2012
100537;Franklin India Liquid Fund - Regular Plan - Weekly - IDCW;INF090I01BL0;INF090I01BI6;1244.3238;1244.3238;1244.3238;26-Aug-2012
100547;Franklin India Liquid Fund - Super Institutional Plan - Daily - IDCW;;INF090I01BF2;1000.6730;1000.6730;1000.6730;26-Aug-2012
100546;Franklin India Liquid Fund - Super Institutional Plan - Growth;INF090I01BG0;;1659.9531;1659.9531;1659.9531;26-Aug-2012
100548;Franklin India Liquid Fund - Super Institutional Plan - Weekly - IDCW;INF090I01BM8;INF090I01BH8;1021.1243;1021.1243;1021.1243;26-Aug-2012
102441;Franklin India Liquid Fund - Institution-Growth;INF090I01BD7;;1731.0053;1731.0053;1731.0053;26-Aug-2012
102443;Franklin India Liquid Fund - Institutional Plan - Daily - IDCW;;INF090I01BC9;1000.6730;1000.6730;1000.6730;26-Aug-2012
102442;Franklin India Liquid Fund - Institutional Plan - Weekly - IDCW;INF090I01BJ4;INF090I01BE5;1054.7186;1054.7186;1054.7186;26-Aug-2012

Groww Mutual Fund
115991;Groww Liquid Fund (formerly known as Indiabulls Liquid Fund) - Regular Plan - Growth Option;INF666M01014;;1084.4367;1084.4367;1084.4367;26-Aug-2012
115992;Groww Liquid Fund (formerly known as Indiabulls Liquid Fund)- Regular Plan- - Income Distribution cum capital withdrawal Option (Reinvestment);;INF666M01022;1000.0000;1000.0000;1000.0000;26-Aug-2012
115995;Groww Liquid Fund (formerly known as Indiabulls Liquid Fund)- Regular Plan- Monthly - Income Distribution cum capital withdrawal Option (Payout & Reinvestment);INF666M01071;INF666M01055;1006.2573;1006.2573;1006.2573;26-Aug-2012

HDFC Mutual Fund
100868;HDFC Liquid Fund - Growth Plan;INF179KB1HK0;;21.9966;21.9966;21.9966;26-Aug-2012
100875;HDFC Liquid Fund - IDCW Daily;;INF179KB1IC5;10.1982;10.1982;10.1982;26-Aug-2012
100876;HDFC Liquid Fund - IDCW Monthly;INF179KB1HM6;INF179KB1HL8;10.3302;10.3302;10.3302;26-Aug-2012
100874;HDFC Liquid Fund - IDCW Plan Weekly;INF179KB1ID3;;10.3229;10.3229;10.3229;26-Aug-2012
100877;HDFC Liquid Fund-Premium Plan - Dividend-Daily;;INF179K01KN4;12.2598;12.2598;12.2598;26-Aug-2012
100878;HDFC Liquid Fund-Premium Plan - Dividend-Weekly;INF179K01KP9;;10.1125;10.1125;10.1125;26-Aug-2012
100872;HDFC Liquid Fund-PREMIUM PLUS- Growth;INF179K01KQ7;;22.3831;22.3831;22.3831;26-Aug-2012
100873;HDFC Liquid Fund-PREMIUM- Growth;INF179KB1HN4;;22.3379;22.3379;22.3379;26-Aug-2012

HSBC Mutual Fund
101700;HSBC Cash Fund - Dividend - Daily;;INF336L01321;10.0056;10.0056;10.0056;26-Aug-2012
101702;HSBC Cash Fund - Dividend - Monthly;INF336L01305;INF336L01297;0.0000;0.0000;0.0000;26-Aug-2012
101701;HSBC Cash Fund - Dividend - Weekly;;INF336L01347;10.9533;10.9533;10.9533;26-Aug-2012
101692;HSBC Cash Fund - Inst. - Dividend - Daily;;INF336L01354;10.4401;10.4401;10.4401;26-Aug-2012
101694;HSBC Cash Fund - Inst. - Dividend - Monthly;INF336L01370;INF336L01362;10.5955;10.5955;10.5955;26-Aug-2012
101693;HSBC Cash Fund - Inst. - Dividend - Weekly;;INF336L01388;0.0000;0.0000;0.0000;26-Aug-2012
101691;HSBC Cash Fund - Inst. - Growth;INF336L01289;;17.7879;17.7879;17.7879;26-Aug-2012
101697;HSBC Cash Fund - Regular - Dividend - Daily;;INF336L01263;10.1930;10.1930;10.1930;26-Aug-2012
101698;HSBC Cash Fund - Regular - Dividend - Weekly;;INF336L01313;10.0211;10.0211;10.0211;26-Aug-2012
101696;HSBC Liquid Fund - Growth closed plan;INF336L01271;;17.5277;17.5277;17.5277;26-Aug-2012
101699;HSBC Liquid Fund Closed;INF336L01339;;11.1267;11.1267;11.1267;26-Aug-2012

ICICI Prudential Mutual Fund
100357;ICICI Prudential Liquid Fund -Quarterly IDCW;INF109K01UU5;INF109K01UT7;101.5265;101.5265;101.5265;26-Aug-2012
100359;ICICI Prudential Liquid Institutional Plus Fund - Div - Daily;INF109K01VJ6;;118.5150;118.5150;118.5150;26-Aug-2012
100360;ICICI Prudential Liquid Institutional Plus Fund - Div - Weekly;INF109K01VM0;;118.7461;118.7461;118.7461;26-Aug-2012
100362;ICICI Prudential Liquid Institutional Plus Fund - Growth;INF109K01VK4;;273.9643;273.9643;273.9643;26-Aug-2012
103343;ICICI Prudential Liquid Fund - Daily IDCW;INF109K01VP3;;100.0226;100.0226;100.0226;26-Aug-2012
103340;ICICI Prudential Liquid Fund - Growth;INF109K01VQ1;;164.9387;164.9387;164.9387;26-Aug-2012
104308;ICICI Prudential Liquid Fund - Half Yearly IDCW;INF109K01UX9;INF109K01UW1;103.7544;103.7544;103.7544;26-Aug-2012
103344;ICICI Prudential Liquid Fund - Institutional Option - I;INF109K01VH0;;160.7688;160.7688;160.7688;26-Aug-2012
103342;ICICI Prudential Liquid Fund - Weekly IDCW;INF109K01VS7;;100.3053;100.3053;100.3053;26-Aug-2012
103341;ICICI Prudential Liquid Fund -Monthly IDCW;INF109K01VR9;;100.6227;100.6227;100.6227;26-Aug-2012
101748;ICICI Prudential Liquid Fund - Institutional - Daily - Div;INF109K01VE7;;118.5020;118.5020;118.5020;26-Aug-2012
101749;ICICI Prudential Liquid Fund - Institutional - Monthly - Div;;INF109K01VG2;100.6243;100.6243;100.6243;26-Aug-2012
101753;ICICI Prudential Liquid Fund - Institutional - Weekly - Div;INF109K01VI8;;118.6118;118.6118;118.6118;26-Aug-2012
101754;ICICI Prudential Liquid Fund Retail Daily Dividend;INF109K01UR1;;118.5140;118.5140;118.5140;26-Aug-2012
101750;ICICI Prudential Liquid Fund Retail Growth;INF109K01UQ3;;264.8690;264.8690;264.8690;26-Aug-2012
101755;ICICI Prudential Liquid Fund Retail Monthly Dividend;INF109K01US9;;100.7133;100.7133;100.7133;26-Aug-2012
101752;ICICI Prudential Liquid Fund Retail Weekly Dividend;INF109K01UV3;;118.9801;118.9801;118.9801;26-Aug-2012
101751;ICICI Prudential Liquid Institutional Fund - Growth;INF109K01VF4;;271.1893;271.1893;271.1893;26-Aug-2012

IDBI Mutual Fund
113104;IDBI Liquid Fund- Monthly IDCW;INF397L01976;INF397L01968;1007.9787;1007.9787;1007.9787;26-Aug-2012
113102;IDBI Liquid Fund-Daily IDCW;;INF397L01935;1000.0326;1000.0326;1000.0326;26-Aug-2012
113096;IDBI Liquid Fund-Growth;INF397L01984;;1196.8784;1196.8784;1196.8784;26-Aug-2012
113103;IDBI Liquid Fund-Weekly IDCW;INF397L01950;INF397L01943;1000.2200;1000.2200;1000.2200;26-Aug-2012

Invesco Mutual Fund
104484;Invesco India Liquid Fund - Daily IDCW (Reinvestment);;INF205K01HN3;1000.7849;1000.7849;1000.7849;26-Aug-2012
104486;Invesco India Liquid Fund - Growth;INF205K01HM5;;1533.1160;1533.1160;1533.1160;26-Aug-2012
104488;Invesco India Liquid Fund - Regular - Growth;INF205K01HG7;;1486.9666;1486.9666;1486.9666;26-Aug-2012
104489;Invesco India Liquid Fund - Regular - Weekly IDCW (Reinvestment);;INF205K01HH5;1001.4204;1001.4204;1001.4204;26-Aug-2012
104485;Invesco India Liquid Fund - Weekly IDCW (Reinvestment);INF205KA1BD7;INF205K01HO1;1001.2280;1001.2280;1001.2280;26-Aug-2012
104483;Religare Invesco Liquid Fund - Institutional - Daily Dividend;;INF205K01HJ1;1000.2250;1000.2250;1000.2250;26-Aug-2012
104491;Religare Invesco Liquid Fund - Institutional - Growth;INF205K01HI3;;1516.2595;1516.2595;1516.2595;26-Aug-2012

JM Financial Mutual Fund
100241;JM High Liquidity Fund-- Institutional Plan - Dividend;INF192K01924;INF192K01932;10.7637;10.7637;10.7637;26-Aug-2012
100237;JM High Liquidity Fund-- Institutional Plan - Growth;INF192K01940;;18.3658;18.3658;18.3658;26-Aug-2012
100238;JM High Liquidity Fund-Institutional Plan - Daily Dividend;;INF192K01916;10.0159;10.0159;10.0159;26-Aug-2012
100245;JM High Liquidity Fund-Super Institutional Plan- Daily Dividend;;INF192K01957;10.0165;10.0165;10.0165;26-Aug-2012
100246;JM High Liquidity Fund-Super Institutional Plan- Weekly  Dividend;INF192K01965;INF192K01973;10.1577;10.1577;10.1577;26-Aug-2012
100244;JM Liquid Fund (Regular) - Quarterly IDCW;INF192K01866;INF192K01874;17.2094;17.2094;17.2094;26-Aug-2012
100247;JM Liquid Fund (Regular) - Super Institutional Plan - Growth Option;INF192K01981;;17.4828;17.4828;17.4828;26-Aug-2012
100233;JM Liquid Fund (Regular) - Weekly IDCW;INF192K01841;INF192K01858;11.0114;11.0114;11.0114;26-Aug-2012
100234;JM Liquid Fund - Growth Option;INF192K01882;;30.4048;30.4048;30.4048;26-Aug-2012
101549;JM Liquid Fund (Regular) - Bonus Option - Principal Units;INF192K01890;;15.9667;15.9667;15.9667;26-Aug-2012
101078;JM Liquid Fund (Regular) - Daily IDCW;;INF192K01833;10.4302;10.4302;10.4302;26-Aug-2012

Kotak Mahindra Mutual Fund
100833;Kotak Liquid Fund - Regular  - Daily Reinvestment of Income Distribution cum capital withdrawal option;;INF174K01NL3;12.2281;12.2281;12.2281;26-Aug-2012
100835;Kotak Liquid Fund - Regular Plan - Growth;INF174K01NI9;;22.625;22.625;22.625;26-Aug-2012
100831;Kotak Liquid Fund -Institutional Plan - (Daily Dividend);;INF174K01GA0;12.2281;12.2281;12.2281;26-Aug-2012
100834;Kotak Liquid Fund Regular Plan Weekly Reinvestment of Income Distribution cum capital withdrawal option Dividend;INF174K01NK5;;10.0123;10.0123;10.0123;26-Aug-2012
100830;Kotak Liquid-Institutional Plan  (Growth);INF174K01FZ9;;21.8308;21.8308;21.8308;26-Aug-2012
100832;Kotak Liquid-Institutional Plan (Weekly Dividend);;INF174K01GB8;10.1022;10.1022;10.1022;26-Aug-2012
100828;Kotak Liquid-Regular (Dividend);;INF174K01FY2;10.0331;10.0331;10.0331;26-Aug-2012
100829;Kotak Liquid-Regular (Growth);INF174K01NM1;;21.2048;21.2048;21.2048;26-Aug-2012

L&T Mutual Fund
112445;L&T Liquid Fund -Regular Plan - Daily IDCW;INF917K01JB4;;1011.6349;1011.6349;1011.6349;26-Aug-2012
112457;L&T Liquid Fund -Regular Plan - Growth;INF917K01JH1;;1529.8398;1529.8398;1529.8398;26-Aug-2012
112456;L&T Liquid Fund-Cum -Institutional Plus;INF917K01BJ4;;2239.6031;2239.6031;2239.6031;26-Aug-2012
112442;L&T Liquid Fund-Regular Cumulative;INF917K01BF2;;2187.5485;2187.5485;2187.5485;26-Aug-2012
112483;L&T Liquid Fund - Institutional Plus Weekly Dividend;INF917K01BH8;INF917K01BI6;1458.4091;1458.4091;1458.4091;26-Aug-2012

LIC Mutual Fund
101184;LIC MF Liquid Fund-Regular Plan-Daily IDCW;INF767K01IQ3;INF767K01IR1;10.9801;10.9801;10.9801;26-Aug-2012
101185;LIC MF Liquid Fund-Regular Plan-Growth;INF767K01IS9;;20.2602;20.2602;20.2602;26-Aug-2012

Mirae Asset Mutual Fund
111647;Mirae Asset Liquid Fund - Regular - Daily IDCW;;INF769K01804;1042.4202;1042.4202;1042.4202;26-Aug-2012
111646;Mirae Asset Liquid Fund - Regular Plan - Growth;INF769K01788;;1200.3177;1200.3177;1200.3177;26-Aug-2012
111645;Mirae Asset Liquid Fund - Regular Plan - Monthly IDCW;INF769K01838;INF769K01820;1126.4654;1126.4654;1126.4654;26-Aug-2012
111644;Mirae Asset Liquid Fund - Regular Plan - Weekly IDCW;INF769K01PC4;INF769K01812;1127.4493;1127.4493;1127.4493;26-Aug-2012

Navi Mutual Fund
112645;Navi Liquid Fund - Regular Plan Daily IDCW;;INF959L01GM7;10.0015;10.0015;10.0015;26-Aug-2012
112647;Navi Liquid Fund - Regular Plan Monthly IDCW;INF959L01GN5;INF959L01GO3;10.0766;10.0766;10.0766;26-Aug-2012
112646;Navi Liquid Fund - Regular Plan Weekly IDCW;INF959L01GP0;INF959L01GQ8;10.0138;10.0138;10.0138;26-Aug-2012
112637;Navi Liquid Fund-Institutional Plan-Dividend Option-Daily;;INF959L01197;10.0015;10.0015;10.0015;26-Aug-2012
112640;Navi Liquid Fund-Institutional Plan-Growth;INF959L01247;;12.1005;12.1005;12.1005;26-Aug-2012
112636;Navi Liquid Fund-Regular Plan-Growth Option;INF959L01GL9;;12.1909;12.1909;12.1909;26-Aug-2012
112641;Navi Liquid Fund-Retail Plan-Dividend Option-Daily;;INF959L01254;10.0015;10.0015;10.0015;26-Aug-2012
112643;Navi Liquid Fund-Retail Plan-Dividend Option-Monthly;INF959L01262;INF959L01270;10.0614;10.0614;10.0614;26-Aug-2012
112642;Navi Liquid Fund-Retail Plan-Dividend Option-Weekly;INF959L01288;INF959L01296;10.0108;10.0108;10.0108;26-Aug-2012
112644;Navi Liquid Fund-Retail Plan-Growth;INF959L01304;;11.8937;11.8937;11.8937;26-Aug-2012

Nippon India Mutual Fund
100852;NIPPON INDIA LIQUID FUND - DAILY IDCW OPTION;;INF204K01UM1;1528.7400;1528.7400;1528.7400;26-Aug-2012
100855;NIPPON INDIA LIQUID FUND - MONTHLY IDCW OPTION;INF204K01UO7;INF204K01UP4;2192.0099;2192.0099;2192.0099;26-Aug-2012
112340;NIPPON INDIA LIQUID FUND - QUARTERLY IDCW OPTION;INF204K01UQ2;INF204K01UR0;1001.2210;1001.2210;1001.2210;26-Aug-2012
100837;Nippon India Liquid Fund - Retail Option - Growth Plan;INF204K01UL3;;2646.6196;2646.6196;2646.6196;26-Aug-2012
100842;NIPPON INDIA LIQUID FUND - RETAIL Plan - DAILY IDCW OPTION;;INF204K01UJ7;1524.2800;1524.2800;1524.2800;26-Aug-2012
100843;NIPPON INDIA LIQUID FUND - RETAIL plan - MONTHLY IDCW OPTION;INF204K01UT6;INF204K01UU4;1340.8999;1340.8999;1340.8999;26-Aug-2012
100844;NIPPON INDIA LIQUID FUND - RETAIL Plan - QUARTERLY IDCW OPTION;INF204K01UV2;INF204K01UW0;1235.2309;1235.2309;1235.2309;26-Aug-2012
100838;NIPPON INDIA LIQUID FUND - RETAIL Plan - WEEKLY IDCW OPTION;;INF204K01UK5;1034.6257;1034.6257;1034.6257;26-Aug-2012
100853;NIPPON INDIA LIQUID FUND - WEEKLY IDCW OPTION;INF204KC1FM8;INF204K01US8;1531.0273;1531.0273;1531.0273;26-Aug-2012
100851;Nippon India Liquid Fund -Growth Plan;INF204K01UN9;;2716.3717;2716.3717;2716.3717;26-Aug-2012
100849;Reliance Liquid Fund-Cash Plan-Daily Dividend Reinvestment Option;;;1114.1500;1114.1500;1114.1500;26-Aug-2012
100845;Reliance Liquid Fund-Cash Plan-Growth Plan;;;1803.0901;1803.0901;1803.0901;26-Aug-2012
114251;Reliance Liquid Fund-Cash Plan-Monthly Dividend Plan;;;1010.4316;1010.4316;1010.4316;26-Aug-2012
114252;Reliance Liquid Fund-Cash Plan-Quarterly Dividend Plan;;;1019.8175;1019.8175;1019.8175;26-Aug-2012
100848;Reliance Liquid Fund-Cash Plan-Weekly Dividend Reinvestment Option;;;1092.1833;1092.1833;1092.1833;26-Aug-2012

Principal Mutual Fund
100895;Principal Cash Management Fund - Daily Income Distribution CUM Capital Withdrawal;;INF173K01DB7;1000.07;1000.07;1000.07;26-Aug-2012
100897;Principal Cash Management Fund - Monthly Income Distribution CUM Capital Withdrawal Option;INF173K01BV9;INF173K01BW7;1023.4537;1023.4537;1023.4537;26-Aug-2012
100896;Principal Cash Management Fund - Weekly Income Distribution CUM Capital Withdrawal Option;;INF173K01DC5;1006.7421;1006.7421;1006.7421;26-Aug-2012
100898;Principal Cash Management Fund -Growth Option;INF173K01DA9;;1734.7929;1734.7929;1734.7929;26-Aug-2012

Quantum Mutual Fund
103736;Quantum Liquid Fund - Direct Plan Daily IDCW;;INF082J01135;10.0038;10.0038;10.0038;26-Aug-2012
103734;Quantum Liquid Fund - Direct Plan Growth Option;INF082J01127;;15.8165;15.8165;15.8165;26-Aug-2012
103735;Quantum Liquid Fund - Direct Plan Monthly IDCW;INF082J01143;INF082J01200;10.0783;10.0783;10.0783;26-Aug-2012

SBI Mutual Fund
105274;SBI Liquid Fund - Institutional - Growth;INF200K01LU1;;1771.0143;1771.0143;1771.0143;26-Aug-2012
105275;SBI Liquid Fund - Institutional Daily Income Distribution cum Capital Withdrawal Option (IDCW);;INF200K01LR7;1003.2500;1003.2500;1003.2500;26-Aug-2012
105279;SBI Liquid Fund - Institutional Fortnightly Income Distribution cum Capital Withdrawal Option (IDCW);INF200K01LS5;INF200K01LT3;1025.1471;1025.1471;1025.1471;26-Aug-2012
105278;SBI Liquid Fund - Institutional Weekly Income Distribution cum Capital Withdrawal Option (IDCW);INF200K01LV9;INF200K01LW7;1060.6050;1060.6050;1060.6050;26-Aug-2012
105281;SBI Liquid Fund - Regular Plan - Daily Income Distribution cum Capital Withdrawal Option (IDCW);;INF200K01LX5;1003.2500;1003.2500;1003.2500;26-Aug-2012
105283;SBI Liquid Fund - Regular Plan - Fortnightly Income Distribution cum Capital Withdrawal Option (IDCW);INF200K01LY3;INF200K01LZ0;N.A.;N.A.;N.A.;26-Aug-2012
105282;SBI Liquid Fund - Regular Plan - Weekly Income Distribution cum Capital Withdrawal Option (IDCW);INF200K01MB9;INF200K01MC7;1061.3151;1061.3151;1061.3151;26-Aug-2012
105280;SBI Liquid Fund - REGULAR PLAN -Growth;INF200K01MA1;;1753.4146;1753.4146;1753.4146;26-Aug-2012

Sundaram Mutual Fund
102701;Sundaram Money Fund Institutional Plan - Daily Reinvestment of Income Distribution cum Capital Withdrawal (IDCW);;INF903J01GP2;10.0953;10.0953;10.0953;26-Aug-2012
102702;Sundaram Money Fund Institutional Plan - Fortnightly Reinvestment of Income Distribution cum Capital Withdrawal (IDCW);;INF903J01GR8;0.0000;0.0000;0.0000;26-Aug-2012
102703;Sundaram Money Fund Institutional Plan - Growth;INF903J01GN7;;22.9681;22.9681;22.9681;26-Aug-2012
102704;Sundaram Money Fund Institutional Plan - Monthly Income Distribution cum Capital Withdrawal (IDCW);INF903J01GO5;INF903J01GS6;10.4490;10.4490;10.4490;26-Aug-2012
102705;Sundaram Money Fund Institutional Plan - Quarterly Reinvestment of Income Distribution cum Capital Withdrawal (IDCW);;INF903J01GT4;0.0000;0.0000;0.0000;26-Aug-2012
102706;Sundaram Money Fund Institutional Plan - Weekly Reinvestment of Income Distribution cum Capital Withdrawal (IDCW);;INF903J01GQ0;0.0000;0.0000;0.0000;26-Aug-2012
103392;Sundaram Money Fund Regular Plan - Daily Reinvestment of Income Distribution cum Capital Withdrawal (IDCW);;INF903J01GW8;10.0953;10.0953;10.0953;26-Aug-2012
103395;Sundaram Money Fund Regular Plan - Fortnightly Reinvestment of Income Distribution cum Capital Withdrawal (IDCW);;INF903J01GY4;0.0000;0.0000;0.0000;26-Aug-2012
103397;Sundaram Money Fund Regular Plan - Growth;INF903J01GU2;;23.5123;23.5123;23.5123;26-Aug-2012
103396;Sundaram Money Fund Regular Plan - Monthly Income Distribution cum Capital Withdrawal (IDCW);INF903J01GV0;INF903J01GZ1;0.0000;0.0000;0.0000;26-Aug-2012
103393;Sundaram Money Fund Regular Plan - Quarterly Reinvestment of Income Distribution cum Capital Withdrawal (IDCW);;INF903J01HA2;0.0000;0.0000;0.0000;26-Aug-2012
100620;Sundaram Money Fund Retail Plan - Daily Reinvestment of Income Distribution cum Capital Withdrawal (IDCW);;INF903J01GI7;10.0953;10.0953;10.0953;26-Aug-2012
100622;Sundaram Money Fund Retail Plan - Fortnightly Reinvestment of Income Distribution cum Capital Withdrawal (IDCW);;INF903J01GK3;10.5463;10.5463;10.5463;26-Aug-2012
100618;Sundaram Money Fund Retail Plan - Growth;INF903J01GG1;;22.1009;22.1009;22.1009;26-Aug-2012
100623;Sundaram Money Fund Retail Plan - Monthly Income Distribution cum Capital Withdrawal (IDCW);INF903J01GH9;INF903J01GL1;10.3834;10.3834;10.3834;26-Aug-2012
100619;Sundaram Money Fund Retail Plan - Quarterly Reinvestment of Income Distribution cum Capital Withdrawal (IDCW);;INF903J01GM9;12.3678;12.3678;12.3678;26-Aug-2012
100621;Sundaram Money Fund Retail Plan - Weekly Reinvestment of Income Distribution cum Capital Withdrawal (IDCW);;INF903J01GJ5;10.8831;10.8831;10.8831;26-Aug-2012
103394;Sundaram Money Fund Regular Plan - Weekly Reinvestment of Income Distribution cum Capital Withdrawal (IDCW);;INF903J01GX6;10.9158;10.9158;10.9158;26-Aug-2012

Tata Mutual Fund
102672;Tata Liquid Fund -Regular Plan - Growth Option;INF277K01YD8;;17.5248;17.5248;17.5248;26-Aug-2012
101714;Tata Liquid Fund- Regular Plan - Daily Reinvestment of IDCW Option;;INF277K011D4;10.0152;10.0152;10.0152;26-Aug-2012

Taurus Mutual Fund
111915;Taurus Liquid Fund - Regular Plan - SI Growth Option;INF044D01534;;1202.5993;1202.5993;1202.5993;26-Aug-2012
113248;Taurus Liquid Fund - Regular Plan - SI Weekly Dividend Option;;INF044D01526;1000.7250;1000.7250;1000.7250;26-Aug-2012
111703;Taurus Liquid Fund - Regular Plan -SI Daily Dividend Option;;INF044D01518;1000.0905;1000.0905;1000.0905;26-Aug-2012
111547;Taurus Liquid Fund Insti DDRIP;;INF044D01484;1000.0905;1000.0905;1000.0905;26-Aug-2012
111760;Taurus Liquid Fund Insti Growth;INF044D01500;;1225.4326;1225.4326;1225.4326;26-Aug-2012
104240;Taurus Liquid Fund-Dividend;INF044D01542;INF044D01559;1001.2175;1001.2175;1001.2175;26-Aug-2012
104241;Taurus Liquid Fund-Growth;INF044D01575;;1458.0385;1458.0385;1458.0385;26-Aug-2012

Union Mutual Fund
115401;Union Liquid Fund - Daily IDCW Option;;INF582M01021;1000.1800;1000.1800;1000.1800;26-Aug-2012
115399;Union Liquid Fund - Fortnightly IDCW Option;INF582M01062;INF582M01047;1003.6357;1003.6357;1003.6357;26-Aug-2012
115398;Union Liquid Fund - Growth Option;INF582M01013;;1117.2139;1117.2139;1117.2139;26-Aug-2012
115400;Union Liquid Fund - Monthly IDCW Option;INF582M01070;INF582M01054;1007.9444;1007.9444;1007.9444;26-Aug-2012
115402;Union Liquid Fund - Weekly IDCW Option;;INF582M01039;1001.1610;1001.1610;1001.1610;26-Aug-2012

UTI Mutual Fund
102010;UTI Liquid Fund - Regular Plan - Daily IDCW (Reinvestment);;INF789F01PG3;1019.4457;1019.4457;1019.4457;26-Aug-2012
102011;UTI Liquid Fund - Regular Plan - Monthly IDCW;INF789F01PI9;INF789F01PJ7;1031.4945;1031.4945;1031.4945;26-Aug-2012
102013;UTI Liquid Fund - Regular Plan - Weekly IDCW;;INF789F01PK5;1053.0028;1053.0028;1053.0028;26-Aug-2012
102012;UTI-  Liquid Cash Plan - Regular Plan - Growth Option;INF789F01PH1;;1829.7389;1829.7389;1829.7389;26-Aug-2012
102008;UTI-  Liquid Cash Plan- Discontinued - Regular Plan - Monthly Dividend Option;INF789F01BC2;INF789F01BA6;1119.7408;1119.7408;1119.7408;26-Aug-2012
102009;UTI-  Liquid Cash Plan- Discontinued - Regular Plan -Growth;INF789F01BB4;;1780.4252;1780.4252;1780.4252;26-Aug-2012
102007;UTI-  Liquid Cash Plan- Discontinued -Regular Plan Periodic Dividend Option;;INF789F01AZ5;1125.8833;1125.8833;1125.8833;26-Aug-2012

Open Ended Schemes ( Debt Scheme - Ultra Short Duration Fund )


Principal Mutual Fund
107329;Principal Ultra Short Term Fund-Daily Income Distribution CUM Capital Withdrawal Option;;INF173K01CV7;1005.43;1005.43;1005.43;26-Aug-2012
107328;Principal Ultra Short Term Fund-Growth Option;INF173K01CU9;;1247.1649;1247.1649;1247.1649;26-Aug-2012
107330;Principal Ultra Short Term Fund-Monthly Income Distribution CUM Capital Withdrawal Option;INF173K01CB9;INF173K01CC7;1059.7276;1059.7276;1059.7276;26-Aug-2012
107332;Principal Ultra Short Term Fund-Weekly Income Distribution CUM Capital Withdrawal Option;;INF173K01CW5;1012.5018;1012.5018;1012.5018;26-Aug-2012

SBI Mutual Fund
105080;SBI Ultra Short Duration Fund - Regular Plan - Daily Income Distribution cum Capital Withdrawal Option (IDCW);;INF200K01LK2;1675.0300;1675.0300;1675.0300;26-Aug-2012
100641;SBI ULTRA SHORT DURATION FUND - REGULAR PLAN - GROWTH;INF200K01LJ4;;2468.0725;2468.0725;2468.0725;26-Aug-2012
103884;SBI Ultra Short Duration Fund - Regular Plan - Weekly Income Distribution cum Capital Withdrawal Option (IDCW);INF200K01LM8;INF200K01LL0;1077.8307;1077.8307;1077.8307;26-Aug-2012

Open Ended Schemes ( Debt Scheme - Money Market Fund )


Aditya Birla Sun Life Mutual Fund
101973;Aditya Birla Sun Life Money Manager Fund - Daily IDCW;;INF209K01SZ6;100.02;100.02;100.02;26-Aug-2012
101976;Aditya Birla Sun Life Money Manager Fund - Growth;INF209K01RV7;;148.1406;148.1406;148.1406;26-Aug-2012
101972;Aditya Birla Sun Life Money Manager Fund - Retail - Daily IDCW;;INF209K01JZ5;100.015;100.015;100.015;26-Aug-2012
101970;Aditya Birla Sun Life Money Manager Fund - RETAIL - WEEKLY IDCW;;INF209K01JY8;103.7946;103.7946;103.7946;26-Aug-2012
101971;Aditya Birla Sun Life Money Manager Fund - Retail Growth;INF209K01MJ3;;183.3896;183.3896;183.3896;26-Aug-2012
101974;Aditya Birla Sun Life Money Manager Fund - WEEKLY IDCW;;INF209K01SY9;100.1255;100.1255;100.1255;26-Aug-2012

HDFC Mutual Fund
101994;HDFC Money Market Fund - Daily IDCW Option;;INF179KB1IG6;10.6364;10.6364;10.6364;26-Aug-2012
101993;HDFC Money Market Fund - Growth Option;INF179KB1HR5;;23.2981;23.2981;23.2981;26-Aug-2012
101995;HDFC Money Market Fund - Weekly IDCW Option;INF179KB1IH4;INF179KB1II2;10.6299;10.6299;10.6299;26-Aug-2012

ICICI Prudential Mutual Fund
115328;ICICI Prudential Money Market Fund Dividend;INF109K01I72;;100.0090;100.0090;100.0090;26-Aug-2012
101221;ICICI Prudential Money Market Fund Retail Growth (erstwhile Cash Option);INF109K01TW3;;176.5080;176.5080;176.5080;26-Aug-2012
103634;ICICI Prudential Money Market Fund Option - Daily IDCW;INF109K01TY9;;100.0115;100.0115;100.0115;26-Aug-2012
103633;ICICI Prudential Money Market Fund Option - Growth;INF109K01TX1;;154.2776;154.2776;154.2776;26-Aug-2012
103637;ICICI Prudential Money Market Fund Option - Monthly IDCW;INF109K01UC3;INF109K01UB5;100.9047;100.9047;100.9047;26-Aug-2012
103635;ICICI Prudential Money Market Fund Option - Weekly IDCW;INF109K01TZ6;;100.2140;100.2140;100.2140;26-Aug-2012
103636;ICICI Prudential Money Market Fund Option -Fortnightly IDCW;INF109K01UA7;;100.4515;100.4515;100.4515;26-Aug-2012

Kotak Mahindra Mutual Fund
106842;Kotak Money Market Fund - (Daily Reinvestment of Income Distribution cum capital withdrawal option);INF174K01ND0;;10.1162;10.1162;10.1162;26-Aug-2012
101893;Kotak Money Market Fund - (Growth);INF174K01NA6;;18.265;18.265;18.265;26-Aug-2012
101892;Kotak Money market Fund - (Monthly Payout of Income Distribution cum capital withdrawal option);INF174K018O0;INF174K01NB4;10.0458;10.0458;10.0458;26-Aug-2012
101894;Kotak Money Market Fund - (Weekly Reinvestment of Income Distribution cum capital withdrawal option);INF174K01NC2;;10.1322;10.1322;10.1322;26-Aug-2012

Nippon India Mutual Fund
103050;NIPPON INDIA MONEY MARKET FUND - DAILY IDCW Option;;INF204K01UY6;1000.5100;1000.5100;1000.5100;26-Aug-2012
103052;NIPPON INDIA MONEY MARKET FUND - MONTHLY IDCW Option;INF204K01VB2;INF204K01VC0;1003.1538;1003.1538;1003.1538;26-Aug-2012
103051;NIPPON INDIA MONEY MARKET FUND - WEEKLY IDCW Option;;INF204K01UZ3;1000.8128;1000.8128;1000.8128;26-Aug-2012
103048;Nippon India Money Market Fund-Growth Plan-Growth Option;INF204K01VA4;;1679.9587;1679.9587;1679.9587;26-Aug-2012

Tata Mutual Fund
101986;Tata Money Market Fund- Regular Plan - Daily Reinvestment of IDCW Option;;INF277K014C0;1114.5200;1114.5200;1114.5200;26-Aug-2012
101847;Tata Money Market Fund-Regular Plan - Growth Option;INF277K01LQ7;;2059.2624;2059.2624;2059.2624;26-Aug-2012

UTI Mutual Fund
112077;UTI MMF - Regular Plan - Growth Option;INF789F01PX8;;1249.0764;1249.0764;1249.0764;26-Aug-2012
100724;UTI MMF- Discontinued - Regular Plan - Flexi Dividend Option;;INF789F01BD0;1985.4649;1985.4649;1985.4649;26-Aug-2012
100725;UTI MMF- Discontinued - Regular Plan - Periodic Dividend Option;INF789F01BE8;;1976.3439;1976.3439;1976.3439;26-Aug-2012
100723;UTI MMF-Discontinued - Regular Plan -Growth;INF789F01BF5;;3077.7368;3077.7368;3077.7368;26-Aug-2012
112076;UTI Money Market Fund - Regular Plan - Daily IDCW (Reinvestment);;INF789F01PW0;1003.3854;1003.3854;1003.3854;26-Aug-2012
112635;UTI Money Market Fund - Regular Plan - Weekly IDCW;INF789F01PY6;INF789F01PZ3;1014.5457;1014.5457;1014.5457;26-Aug-2012

Open Ended Schemes ( Debt Scheme - Floater Fund )


Franklin Templeton Mutual Fund
101048;Franklin India Floating Rate Fund - Growth Plan;INF090I01LM7;;18.3740;18.3740;18.3740;26-Aug-2012
101044;Franklin India Floating Rate Fund - IDCW ;INF090I01LN5;;10.0031;10.0031;10.0031;26-Aug-2012

Close Ended Schemes ( Income )


SBI Mutual Fund
114781;SBI Capital Protection Oriented Fund - Series II -;INF200K01ED2;;11.1170;N.A.;N.A.;26-Aug-2012
115824;SBI Capital Protection Oriented Fund - Series III - Growth;INF200K01IH4;;10.8359;N.A.;N.A.;26-Aug-2012
116872;SBI DEBT FUND SERIES - 13 MONTHS - 12 - DIVIDEND;INF200K01KW9;;10.5539;N.A.;N.A.;26-Aug-2012
116873;SBI DEBT FUND SERIES - 13 MONTHS - 12 - GROWTH;INF200K01KV1;;10.5539;N.A.;N.A.;26-Aug-2012
117054;SBI DEBT FUND SERIES - 13 MONTHS - 13 - DIVIDEND;INF200K01KY5;;10.5303;N.A.;N.A.;26-Aug-2012
117055;SBI DEBT FUND SERIES - 13 MONTHS - 13 - GROWTH;INF200K01KX7;;10.5302;N.A.;N.A.;26-Aug-2012
117110;SBI DEBT FUND SERIES - 15 MONTHS - 10 - DIVIDEND;INF200K01LG0;;10.4224;N.A.;N.A.;26-Aug-2012
117111;SBI DEBT FUND SERIES - 15 MONTHS - 10 - GROWTH;INF200K01LF2;;10.4224;N.A.;N.A.;26-Aug-2012
116505;SBI DEBT FUND SERIES - 15 MONTHS - 7 - DIVIDEND;INF200K01LA3;;10.6070;N.A.;N.A.;26-Aug-2012
116506;SBI DEBT FUND SERIES - 15 MONTHS - 7 - GROWTH;INF200K01KZ2;;10.6069;N.A.;N.A.;26-Aug-2012
116546;SBI DEBT FUND SERIES - 15 MONTHS - 8 - DIVIDEND;INF200K01LC9;;10.5605;N.A.;N.A.;26-Aug-2012
116545;SBI DEBT FUND SERIES - 15 MONTHS - 8 - GROWTH;INF200K01LB1;;10.5605;N.A.;N.A.;26-Aug-2012
116750;SBI DEBT FUND SERIES - 15 MONTHS - 9 - DIVIDEND;INF200K01LE5;;10.4641;N.A.;N.A.;26-Aug-2012
116751;SBI DEBT FUND SERIES - 15 MONTHS - 9 - GROWTH;INF200K01LD7;;10.4641;N.A.;N.A.;26-Aug-2012
116408;SBI DEBT FUND SERIES - 18 MONTHS - 10 - DIVIDEND;INF200K01LI6;;10.6109;N.A.;N.A.;26-Aug-2012
116407;SBI DEBT FUND SERIES - 18 MONTHS - 10 - GROWTH;INF200K01LH8;;10.6109;N.A.;N.A.;26-Aug-2012
115899;SBI DEBT FUND SERIES - 18 Months - 7 - DIVIDEND;INF200K01GX5;;10.8394;N.A.;N.A.;26-Aug-2012
115900;SBI DEBT FUND SERIES - 18 Months - 7 - GROWTH;INF200K01GW7;;10.8394;N.A.;N.A.;26-Aug-2012
116016;SBI DEBT FUND SERIES - 18 Months - 8 - DIVIDEND;INF200K01GY3;;10.8410;N.A.;N.A.;26-Aug-2012
116017;SBI DEBT FUND SERIES - 18 Months - 8 - GROWTH;INF200K01GZ0;;10.8449;N.A.;N.A.;26-Aug-2012
116400;SBI DEBT FUND SERIES - 18 MONTHS - 9 - DIVIDEND;INF200K01JI0;;10.6336;N.A.;N.A.;26-Aug-2012
116399;SBI DEBT FUND SERIES - 18 MONTHS - 9 - GROWTH;INF200K01JH2;;10.6336;N.A.;N.A.;26-Aug-2012
117337;SBI DEBT FUND SERIES - 180 DAYS - 24 - DIVIDEND;INF200K01FX7;;10.3043;N.A.;N.A.;26-Aug-2012
117338;SBI DEBT FUND SERIES - 180 DAYS - 24 - GROWTH;INF200K01FW9;;10.3043;N.A.;N.A.;26-Aug-2012
117383;SBI DEBT FUND SERIES - 180 DAYS - 25 - DIVIDEND;INF200K01JY7;;10.2912;N.A.;N.A.;26-Aug-2012
117384;SBI DEBT FUND SERIES - 180 DAYS - 25 - GROWTH;INF200K01JX9;;10.2912;N.A.;N.A.;26-Aug-2012
113275;SBI Debt Fund Series - 24 Months - 2 - Dividend;INF200K01CK1;;11.4989;N.A.;N.A.;26-Aug-2012
113363;SBI Debt Fund Series - 24 Months - 2 - Growth;INF200K01CJ3;;11.5000;N.A.;N.A.;26-Aug-2012
115263;SBI SDFS - 36 MONTHS - 1 - DIVIDEND;INF200K01EC4;;10.6415;N.A.;N.A.;26-Aug-2012
115262;SBI SDFS - 36 MONTHS - 1 - GROWTH;INF200K01EB6;;11.2915;N.A.;N.A.;26-Aug-2012
117252;SBI DEBT FUND SERIES - 366 DAYS - 1 - DIVIDEND;INF200K01NA9;;10.3702;N.A.;N.A.;26-Aug-2012
117253;SBI DEBT FUND SERIES - 366 DAYS - 1 - GROWTH;INF200K01MZ8;;10.3702;N.A.;N.A.;26-Aug-2012
117739;SBI DEBT FUND SERIES - 366 DAYS - 10 - DIVIDEND;INF200K01NY9;;10.0907;N.A.;N.A.;26-Aug-2012
117740;SBI DEBT FUND SERIES - 366 DAYS - 10 - GROWTH;INF200K01NX1;;10.0907;N.A.;N.A.;26-Aug-2012
117780;SBI DEBT FUND SERIES - 366 DAYS - 11 - DIVIDEND;INF200K01OY7;;10.0463;N.A.;N.A.;26-Aug-2012
117781;SBI DEBT FUND SERIES - 366 DAYS - 11 - GROWTH;INF200K01OX9;;10.0463;N.A.;N.A.;26-Aug-2012
117294;SBI DEBT FUND SERIES - 366 DAYS - 2 - DIVIDEND;INF200K01NC5;;10.3467;N.A.;N.A.;26-Aug-2012
117295;SBI DEBT FUND SERIES - 366 DAYS - 2 - GROWTH;INF200K01NB7;;10.3467;N.A.;N.A.;26-Aug-2012
117335;SBI DEBT FUND SERIES - 366 DAYS - 3 - DIVIDEND;INF200K01NE1;;10.3360;N.A.;N.A.;26-Aug-2012
117336;SBI DEBT FUND SERIES - 366 DAYS - 3 - GROWTH;INF200K01ND3;;10.3360;N.A.;N.A.;26-Aug-2012
117408;SBI DEBT FUND SERIES - 366 DAYS - 4 - DIVIDEND;INF200K01NG6;;10.3017;N.A.;N.A.;26-Aug-2012
117407;SBI DEBT FUND SERIES - 366 DAYS - 4 - GROWTH;INF200K01NF8;;10.3017;N.A.;N.A.;26-Aug-2012
117475;SBI DEBT FUND SERIES - 366 DAYS - 5 - DIVIDEND;INF200K01NI2;;10.2892;N.A.;N.A.;26-Aug-2012
117476;SBI DEBT FUND SERIES - 366 DAYS - 5 - GROWTH;INF200K01NH4;;10.2892;N.A.;N.A.;26-Aug-2012
117557;SBI DEBT FUND SERIES - 366 DAYS - 6 - DIVIDEND;INF200K01NQ5;;10.2034;N.A.;N.A.;26-Aug-2012
117558;SBI DEBT FUND SERIES - 366 DAYS - 6 - GROWTH;INF200K01NP7;;10.2034;N.A.;N.A.;26-Aug-2012
117625;SBI DEBT FUND SERIES - 366 DAYS - 7 - DIVIDEND;INF200K01NS1;;10.2084;N.A.;N.A.;26-Aug-2012
117626;SBI DEBT FUND SERIES - 366 DAYS - 7 - GROWTH;INF200K01NR3;;10.2084;N.A.;N.A.;26-Aug-2012
117695;SBI DEBT FUND SERIES - 366 DAYS - 8 - DIVIDEND;INF200K01NU7;;10.1312;N.A.;N.A.;26-Aug-2012
117696;SBI DEBT FUND SERIES - 366 DAYS - 8 - GROWTH;INF200K01NT9;;10.1312;N.A.;N.A.;26-Aug-2012
117707;SBI DEBT FUND SERIES - 366 DAYS - 9 - DIVIDEND;INF200K01NW3;;10.1085;N.A.;N.A.;26-Aug-2012
117708;SBI DEBT FUND SERIES - 366 DAYS - 9 - GROWTH;INF200K01NV5;;10.1085;N.A.;N.A.;26-Aug-2012
116405;SBI DEBT FUND SERIES - 367 DAYS - 12 - DIVIDEND;INF200K01GV9;;10.6593;N.A.;N.A.;26-Aug-2012
116406;SBI DEBT FUND SERIES - 367 DAYS - 12 - GROWTH;INF200K01GU1;;10.6593;N.A.;N.A.;26-Aug-2012
116466;SBI DEBT FUND SERIES - 367 DAYS - 13 - DIVIDEND;INF200K01KI8;;10.6259;N.A.;N.A.;26-Aug-2012
116467;SBI DEBT FUND SERIES - 367 DAYS - 13 - GROWTH;INF200K01KH0;;10.6259;N.A.;N.A.;26-Aug-2012
116602;SBI DEBT FUND SERIES - 367 DAYS - 14 - DIVIDEND;INF200K01KK4;;10.5940;N.A.;N.A.;26-Aug-2012
116603;SBI DEBT FUND SERIES - 367 DAYS - 14 - GROWTH;INF200K01KJ6;;10.5940;N.A.;N.A.;26-Aug-2012
116624;SBI DEBT FUND SERIES - 367 DAYS - 15 - DIVIDEND;INF200K01KM0;;10.5444;N.A.;N.A.;26-Aug-2012
116625;SBI DEBT FUND SERIES - 367 DAYS - 15 - GROWTH;INF200K01KL2;;10.5444;N.A.;N.A.;26-Aug-2012
116687;SBI DEBT FUND SERIES - 367 DAYS - 16 - DIVIDEND;INF200K01KO6;;10.5716;N.A.;N.A.;26-Aug-2012
116686;SBI DEBT FUND SERIES - 367 DAYS - 16 - GROWTH;INF200K01KN8;;10.5716;N.A.;N.A.;26-Aug-2012
117142;SBI DEBT FUND SERIES - 367 DAYS - 17 - DIVIDEND;INf200K01KQ1;;10.4773;N.A.;N.A.;26-Aug-2012
117143;SBI DEBT FUND SERIES - 367 DAYS - 17 - GROWTH;INF200K01KP3;;10.5281;N.A.;N.A.;26-Aug-2012
117184;SBI DEBT FUND SERIES - 367 DAYS - 18 - DIVIDEND;INF200K01KS7;;10.4548;N.A.;N.A.;26-Aug-2012
117183;SBI DEBT FUND SERIES - 367 DAYS - 18 - GROWTH;INF200K01KR9;;10.4548;N.A.;N.A.;26-Aug-2012
117189;SBI DEBT FUND SERIES - 367 DAYS - 19 - DIVIDEND;INF200K01KU3;;10.4943;N.A.;N.A.;26-Aug-2012
117190;SBI DEBT FUND SERIES - 367 DAYS - 19 - GROWTH;INF200K01KT5;;10.4943;N.A.;N.A.;26-Aug-2012
113321;SBI Debt Fund Series - 60 Months - 1 - Dividend;INF200K01CQ8;;11.4023;N.A.;N.A.;26-Aug-2012
113401;SBI Debt Fund Series - 60 Months - 1 - Growth;INF200K01CP0;;11.4022;N.A.;N.A.;26-Aug-2012
117442;SBI DEBT FUND SERIES - 90 DAYS - 64 - DIVIDEND;INF200K01MW5;;10.2327;N.A.;N.A.;26-Aug-2012
117443;SBI DEBT FUND SERIES - 90 DAYS - 64 - GROWTH;INF200K01MV7;;10.2327;N.A.;N.A.;26-Aug-2012
117555;SBI DEBT FUND SERIES - 90 DAYS - 65 - DIVIDEND;INF200K01MY1;;10.1873;N.A.;N.A.;26-Aug-2012
117556;SBI DEBT FUND SERIES - 90 DAYS - 65 - GROWTH;INF200K01MX3;;10.1873;N.A.;N.A.;26-Aug-2012
117603;SBI DEBT FUND SERIES - 90 DAYS - 66 - DIVIDEND;INF200K01NK8;;10.1654;N.A.;N.A.;26-Aug-2012
117602;SBI DEBT FUND SERIES - 90 DAYS - 66 - GROWTH;INF200K01NJ0;;10.1654;N.A.;N.A.;26-Aug-2012
117638;SBI DEBT FUND SERIES - 90 DAYS - 67 - DIVIDEND;INF200K01NM4;;10.1538;N.A.;N.A.;26-Aug-2012
117637;SBI DEBT FUND SERIES - 90 DAYS - 67 - GROWTH;INF200K01NL6;;10.1538;N.A.;N.A.;26-Aug-2012
117799;SBI DEBT FUND SERIES - 90 DAYS - 68 - DIVIDEND;INF200K01NO0;;10.0227;N.A.;N.A.;26-Aug-2012
117798;SBI DEBT FUND SERIES - 90 DAYS - 68 - GROWTH;INF200K01NN2;;10.0227;N.A.;N.A.;26-Aug-2012
116113;SBI DEBT FUND SERIES 367 DAYS - 10 - DIVIDEND;INF200K01GR7;;10.7094;N.A.;N.A.;26-Aug-2012
116114;SBI DEBT FUND SERIES 367 DAYS - 10 - GROWTH;INF200K01GQ9;;10.7094;N.A.;N.A.;26-Aug-2012
116124;SBI DEBT FUND SERIES 367 DAYS - 11 - DIVIDEND;INF200K01GT3;;10.7386;N.A.;N.A.;26-Aug-2012
116123;SBI DEBT FUND SERIES 367 DAYS - 11 - GROWTH;INF200K01GS5;;10.7386;N.A.;N.A.;26-Aug-2012
115855;SBI DEBT FUND SERIES 367 DAYS - 6 - DIVIDEND;INF200K01GJ4;;10.8858;N.A.;N.A.;26-Aug-2012
115856;SBI DEBT FUND SERIES 367 DAYS 6 - GROWTH;INF200K01GI6;;10.8864;N.A.;N.A.;26-Aug-2012
115958;SBI DEBT FUND SERIES 367 DAYS - 7 - DIVIDEND;INF200K01GL0;;10.8208;N.A.;N.A.;26-Aug-2012
115959;SBI DEBT FUND SERIES 367 DAYS 7 - GROWTH;INF200K01GK2;;10.8208;N.A.;N.A.;26-Aug-2012
116021;SBI DEBT FUND SERIES 367 DAYS - 8 - DIVIDEND;INF200K01GM8;;10.7773;N.A.;N.A.;26-Aug-2012
116022;SBI DEBT FUND SERIES 367 DAYS 8 - GROWTH;INF200K01GN6;;10.7773;N.A.;N.A.;26-Aug-2012
116058;SBI DEBT FUND SERIES 367 DAYS - 9 - DIVIDEND;INF200K01GO4;;10.7795;N.A.;N.A.;26-Aug-2012
116059;SBI DEBT FUND SERIES 367 DAYS - 9 - GROWTH;INF200K01GP1;;10.7795;N.A.;N.A.;26-Aug-2012
