Scheme Code;Scheme Name;ISIN Div Payout/ISIN Growth;ISIN Div Reinvestment;Net Asset Value;Repurchase Price;Sale Price;Date

Open Ended Schemes ( Income )


Standard Chartered Mutual Fund
102342;GCF-Plan C-Daily Dividend;;;10;10;10;09-Dec-2006
102340;GCF-Plan C-Growth;;;11.5606;11.5606;11.5606;09-Dec-2006
102343;GCF-Plan C-Monthly Dividend;;;10;10;10;09-Dec-2006
102341;GCF-Plan C-weekly Dividend;;;10.0017;10.0017;10.0017;09-Dec-2006
101780;GCF Daily-Dividend(Institutional Plan);;;10.5816;10.5816;10.5816;09-Dec-2006
101760;GCF Dividend-Weekly(Institutional Plan);;;10.3013;10.3013;10.3013;09-Dec-2006
102348;GFRF-Plan C-Daily Dividend;;;10;10;10;09-Dec-2006
102347;GFRF-Plan C-Growth;;;11.5739;11.5739;11.5739;09-Dec-2006
102350;GFRF-Plan C-Monthly Divdend;;;10;10;10;09-Dec-2006
102349;GFRF-Plan C-Weekly Dividend;;;10;10;10;09-Dec-2006
101947;GFRF (Daily - Dividind);;;10.0699;10.0699;10.0699;09-Dec-2006
101948;GFRF (Dividend - Weekly);;;10.0687;10.0687;10.0687;09-Dec-2006
101773;GFRF - Growth(Institutional Plan);;;12.0017;12.0017;12.0017;09-Dec-2006
101774;GFRF Dividend-Daily (Institutional Plan);;;10.0703;10.0703;10.0703;09-Dec-2006
101776;GFRF Dividend-Monthly(Institutional Plan);;;10.0199;10.0199;10.0199;09-Dec-2006
101775;GFRF Dividend-Weekly(Institutional Plan);;;10.0932;10.0932;10.0932;09-Dec-2006
101100;Grindlays Cash Fund-Dividend (Daily);;;10.5819;10.5819;10.5819;09-Dec-2006
101099;Grindlays Cash Fund-Growth;;;13.5036;13.5036;13.5036;09-Dec-2006
101319;Grindlays Cash Fund - Dividend (Weekly);;;10.1932;10.1932;10.1932;09-Dec-2006
101632;Grindlays Cash Fund - Plan B (D) (Institutional Plan);;;10;10;10;09-Dec-2006
101248;Grindlays Cash Fund - Plan B (G) (Institutional Plan);;;13.5728;13.5728;13.5728;09-Dec-2006

Open Ended Schemes ( Liquid )


ING Mutual Fund
100194;ING Liquid Fund-Auto Sweep Growth Option;;;10.0000;10.0000;10.0000;09-Dec-2006
100195;ING Liquid Fund-Auto Sweep Weekly Dividend Option;;;10.0000;10.0000;10.0000;09-Dec-2006
100198;ING Liquid Fund-Institutional Daily Dividend Option;INF084M01473;;10.0103;10.0103;10.0103;09-Dec-2006
100196;ING Liquid Fund-Institutional Growth Option;INF084M01465;;11.4967;11.4967;11.4967;09-Dec-2006
100197;ING Liquid Fund-Institutional Weekly Dividend Option;INF084M01499;INF084M01481;10.0636;10.0636;10.0636;09-Dec-2006
100192;ING Liquid Fund-Regular Daily Dividend Option;INF084M01432;;10.7849;10.7849;10.7849;09-Dec-2006
100190;ING Liquid Fund-Regular Growth Option;INF084M01424;;15.5131;15.5131;15.5131;09-Dec-2006
100191;ING Liquid Fund-Regular Weekly Dividend Option;INF084M01457;INF084M01440;10.8343;10.8343;10.8343;09-Dec-2006
100200;ING Liquid Fund-Super Institutional Daily Dividend Option;INF084M01515;;10.0024;10.0024;10.0024;09-Dec-2006
100199;ING Liquid Fund-Super Institutional Growth Option;INF084M01507;;10.8805;10.8805;10.8805;09-Dec-2006
100201;ING Liquid Fund-Super Institutional Weekly Dividend Option;INF084M01531;INF084M01523;10.0942;10.0942;10.0942;09-Dec-2006

Sahara Mutual Fund
101397;Sahara Liquid Fund-Fixed Pricing -  Weekly Dividend Option;;INF515L01064;1024.6207;1024.6207;1024.6207;09-Dec-2006
101393;Sahara Liquid Fund-Fixed Pricing - Daily Dividend Option;;INF515L01049;1024.6182;1024.6182;1024.6182;09-Dec-2006
101394;Sahara Liquid Fund-Fixed Pricing - Growth option;INF515L01056;;1310.6884;1310.6884;1310.6884;09-Dec-2006
101398;Sahara Liquid Fund-Fixed Pricing - Monthly Dividend Option;;INF515L01072;1025.8888;1025.8888;1025.8888;09-Dec-2006
101399;Sahara Liquid Fund-Variable Pricing - Daily Dividend option;;INF515L01080;1024.6299;1024.6299;1024.6299;09-Dec-2006
101402;Sahara Liquid Fund-Variable Pricing - Growth option;INF515L01114;;1314.0597;1314.0597;1314.0597;09-Dec-2006
101400;Sahara Liquid Fund-Variable Pricing - Weekly Dividend Option;;INF515L01098;1024.9905;1024.9905;1024.9905;09-Dec-2006
101401;Sahara Liquid Fund-Variable Pricing- Monthly Dividend Option;;INF515L01106;1026.49;1026.4900;1026.4900;09-Dec-2006

SBI Mutual Fund
102960;Z-OLD-SBI Magnum Inst. Income Fund -  Savings - Fortnightly(D)(Upto 22/03/07) Renamed as SBI Premier Liquid Fund;;;10.1016;10.1016;10.1016;09-Dec-2006
102870;Z-OLD-SBI Magnum Inst. Income Fund -  Savings - Wkly(D)(Upto 22/03/07) Renamed as SBI Premier Liquid Fund;;;10.5621;10.5621;10.5621;09-Dec-2006
102058;SBI Magnum Institutional Income Fund - Savings - Dividend(Upto 22/03/07) Renamed as SBI Premier Liquid Fund;;;10.0325;10.0325;10.0325;09-Dec-2006
101929;SBI Magnum Institutional Income Fund - Savings - Growth(Upto 22/03/07) Renamed as SBI Premier Liquid Fund;;;11.7815;11.7815;11.7815;09-Dec-2006

Standard Chartered Mutual Fund
103525;Standard Chartered Liquidity Manager (SCLM)-A-Dividend Daily;;;10.001;10.001;10.001;09-Dec-2006
103527;Standard Chartered Liquidity Manager (SCLM)-A-Dividend Monthly;;;10.0137;10.0137;10.0137;09-Dec-2006
103526;Standard Chartered Liquidity Manager (SCLM)-A-Dividend Weekly;;;10.003;10.003;10.003;09-Dec-2006
103524;Standard Chartered Liquidity Manager (SCLM)-A-Growth;;;10.5212;10.5212;10.5212;09-Dec-2006
103598;Standard Chartered Liquidity Manager Plus-A-Dividend Daily;;;1000.1;1000.1;1000.1;09-Dec-2006
103600;Standard Chartered Liquidity Manager Plus-A-Dividend Monthly;;;1001.8959;1001.8959;1001.8959;09-Dec-2006
103599;Standard Chartered Liquidity Manager Plus-A-Dividend Weekly;;;1000.282;1000.282;1000.282;09-Dec-2006
103597;Standard Chartered Liquidity Manager Plus-A-Growth;;;1048.6927;1048.6927;1048.6927;09-Dec-2006

Open Ended Schemes ( Floating Rate )


Standard Chartered Mutual Fund
101630;Grindlays Floating Rate Fund - Growth;;;12.1527;12.1527;12.1527;09-Dec-2006
101631;Grindlays Floating Rate Fund- Dividend Monthly;;;10.044;10.044;10.044;09-Dec-2006

Open Ended Schemes ( Debt Scheme - Overnight Fund )


SBI Mutual Fund
101206;SBI OVERNIGHT FUND - REGULAR PLAN - GROWTH;INF200K01LQ9;;12.6553;12.6553;12.6553;09-Dec-2006
103140;SBI Overnight Fund - Regular Plan - Weekly Income Distribution cum Capital Withdrawal Option (IDCW);INF200K01LO4;INF200K01LP1;10.2290;10.2290;10.2290;09-Dec-2006

Open Ended Schemes ( Debt Scheme - Liquid Fund )


Baroda BNP Paribas Mutual Fund
101408;Baroda BNP Paribas LIQUID FUND- Defunct Plan -Growth Option;INF955L01575;;13.1120;13.1120;13.1120;09-Dec-2006
101407;Baroda BNP Paribas LIQUID FUND-Defunct Plan- IDCW Option;INF955L01559;INF955L01567;11.2449;11.2449;11.2449;09-Dec-2006
101409;Baroda BNP Paribas LIQUID FUND-Defunct Plan-Daily IDCW Option;INF955L01518;INF955L01526;10.0388;10.0388;10.0388;09-Dec-2006

Canara Robeco Mutual Fund
101363;Canara Robeco Liquid Fund- INSTITUTIONAL-Daily Dividend Reinvestment;;INF760K01CC1;10.0410;10.0410;10.0410;09-Dec-2006
101362;Canara Robeco Liquid Fund- INSTITUTIONAL-Growth;INF760K01CD9;;13.3545;13.3545;13.3545;09-Dec-2006
101361;Canara Robeco Liquid Fund- INSTITUTIONAL-Weekly dividend;;INF760K01CE7;10.0449;10.0449;10.0449;09-Dec-2006
101364;Canara Robeco Liquid Fund-Retail-DRI;;INF760K01CF4;10.0410;10.0410;10.0410;09-Dec-2006
101365;Canara Robeco Liquid Fund-Retail-Growth;INF760K01CH0;;13.3417;13.3417;13.3417;09-Dec-2006

Principal Mutual Fund
100895;Principal Cash Management Fund - Daily Income Distribution CUM Capital Withdrawal;;INF173K01DB7;10.0007;10.0007;10.0007;09-Dec-2006
100897;Principal Cash Management Fund - Monthly Income Distribution CUM Capital Withdrawal Option;INF173K01BV9;INF173K01BW7;10.0204;10.0204;10.0204;09-Dec-2006
100896;Principal Cash Management Fund - Weekly Income Distribution CUM Capital Withdrawal Option;;INF173K01DC5;10.0048;10.0048;10.0048;09-Dec-2006
100898;Principal Cash Management Fund -Growth Option;INF173K01DA9;;11.4103;11.4103;11.4103;09-Dec-2006
100892;Principal Cash Management-Liquid Option-Daily Dividend;;;10.0022;10.0022;10.0022;09-Dec-2006
100887;Principal Cash Management-Liquid Option-Dividend Plan;;;10.1238;10.1238;10.1238;09-Dec-2006
100888;Principal Cash Management-Liquid Option-Growth Plan;;;14.3925;14.3925;14.3925;09-Dec-2006
100894;Principal Cash Management-Liquid Option-Institutional - Daily Dividend Plan;;;10.0022;10.0022;10.0022;09-Dec-2006
100893;Principal Cash Management-Liquid Option-Institutional - Growth Plan;;;12.0887;12.0887;12.0887;09-Dec-2006
100891;Principal Cash Management-Liquid Option-Institutional - Monthly Dividend Plan;;;10.0203;10.0203;10.0203;09-Dec-2006
100890;Principal Cash Management-Liquid Option-Institutional - Weekly Dividend Plan;;;10.0056;10.0056;10.0056;09-Dec-2006
100889;Principal Cash Management-Liquid Option-Monthly Dividend;;;10.0196;10.0196;10.0196;09-Dec-2006

Taurus Mutual Fund
104240;Taurus Liquid Fund-Dividend;INF044D01542;INF044D01559;10.0027;10.0027;10.0027;09-Dec-2006
104241;Taurus Liquid Fund-Growth;INF044D01575;;10.1225;10.1225;10.1225;09-Dec-2006

UTI Mutual Fund
102010;UTI Liquid Fund - Regular Plan - Daily IDCW (Reinvestment);;INF789F01PG3;1019.4457;1019.4457;1019.4457;09-Dec-2006
102011;UTI Liquid Fund - Regular Plan - Monthly IDCW;INF789F01PI9;INF789F01PJ7;1026.8008;1026.8008;1026.8008;09-Dec-2006
102013;UTI Liquid Fund - Regular Plan - Weekly IDCW;;INF789F01PK5;1024.0771;1024.0771;1024.0771;09-Dec-2006
102012;UTI-  Liquid Cash Plan - Regular Plan - Growth Option;INF789F01PH1;;1204.4612;1204.4612;1204.4612;09-Dec-2006
102008;UTI-  Liquid Cash Plan- Discontinued - Regular Plan - Monthly Dividend Option;INF789F01BC2;INF789F01BA6;1029.775;1029.775;1029.775;09-Dec-2006
102009;UTI-  Liquid Cash Plan- Discontinued - Regular Plan -Growth;INF789F01BB4;;1198.368;1198.368;1198.368;09-Dec-2006
102007;UTI-  Liquid Cash Plan- Discontinued -Regular Plan Periodic Dividend Option;;INF789F01AZ5;1017.2536;1017.2536;1017.2536;09-Dec-2006

Open Ended Schemes ( Debt Scheme - Ultra Short Duration Fund )


SBI Mutual Fund
100641;SBI ULTRA SHORT DURATION FUND - REGULAR PLAN - GROWTH;INF200K01LJ4;;16.4151;16.4151;16.4151;09-Dec-2006
103884;SBI Ultra Short Duration Fund - Regular Plan - Weekly Income Distribution cum Capital Withdrawal Option (IDCW);INF200K01LM8;INF200K01LL0;10.6136;10.6136;10.6136;09-Dec-2006

UTI Mutual Fund
102532;UTI Ultra Short Duration Fund - Regular Plan - Growth Option;INF789F01570;;1195.9869;1195.9869;1195.9869;09-Dec-2006
102531;UTI Ultra Short Duration Fund - Regular Plan - Weekly IDCW (Reinvestment);;INF789F01562;1015.5864;1015.5864;1015.5864;09-Dec-2006

Open Ended Schemes ( Debt Scheme - Low Duration Fund )


Canara Robeco Mutual Fund
104559;CANARA ROBECO SAVINGS FUND - REGULAR PLAN - DAILY IDCW (Reinvestment);;INF760K01803;10.2600;10.2600;10.2600;09-Dec-2006
102913;CANARA ROBECO SAVINGS FUND - REGULAR PLAN - GROWTH OPTION;INF760K01795;;11.1809;11.1809;11.1809;09-Dec-2006
102914;CANARA ROBECO SAVINGS FUND - REGULAR PLAN - IDCW (Payout/Reinvestment);INF760K01779;INF760K01787;10.7533;10.7533;10.7533;09-Dec-2006
102915;CANARA ROBECO SAVINGS FUND - REGULAR PLAN - WEEKLY IDCW (Payout/Reinvestment);INF760K01CB3;INF760K01811;10.2640;10.2640;10.2640;09-Dec-2006

Open Ended Schemes ( Debt Scheme - Money Market Fund )


UTI Mutual Fund
100724;UTI MMF- Discontinued - Regular Plan - Flexi Dividend Option;;INF789F01BD0;17.6143;17.6143;17.6143;09-Dec-2006
100725;UTI MMF- Discontinued - Regular Plan - Periodic Dividend Option;INF789F01BE8;;17.4841;17.4841;17.4841;09-Dec-2006
100723;UTI MMF-Discontinued - Regular Plan -Growth;INF789F01BF5;;20.5326;20.5326;20.5326;09-Dec-2006

Open Ended Schemes ( Debt Scheme - Credit Risk Fund )


Principal Mutual Fund
102729;Principal Credit Risk Fund - Regular Plan - Growth Option;INF173K01DM4;;11.3956;11.3956;11.3956;09-Dec-2006
102732;Principal Credit Risk Fund - Regular Plan - Monthly Dividend Option;INF173K01BJ4;INF173K01BK2;10.3336;10.3336;10.3336;09-Dec-2006
102726;Principal Floating Rate Fund - SMP-Daily Dividend;;;10.0007;10.0007;10.0007;09-Dec-2006
102725;Principal Floating Rate Fund - SMP-Growth;;;11.3559;11.3559;11.3559;09-Dec-2006
102730;Principal Floating Rate Fund - SMP-Insti. Daily Dividend;;;10.0007;10.0007;10.0007;09-Dec-2006
102731;Principal Floating Rate Fund - SMP-Insti. Weekly Dividend;;;10.0047;10.0047;10.0047;09-Dec-2006
102728;Principal Floating Rate Fund - SMP-Monthly Dividend;;;10.1509;10.1509;10.1509;09-Dec-2006
102727;Principal Floating Rate Fund - SMP-Weekly Dividend;;;10.0046;10.0046;10.0046;09-Dec-2006
