Scheme Code;Scheme Name;ISIN Div Payout/ISIN Growth;ISIN Div Reinvestment;Net Asset Value;Repurchase Price;Sale Price;Date

Open Ended Schemes ( Liquid )


PGIM India Mutual Fund
120102;DHFL Pramerica Liquid Fund - Direct Plan-Daily Dividend Option;;INF663L01633;1000.4200;1000.4200;1000.4200;16-Aug-2014
120104;DHFL Pramerica Liquid Fund - Direct Plan-Growth Option;INF663L01625;;1415.5825;1415.5825;1415.5825;16-Aug-2014
120105;DHFL Pramerica Liquid Fund - Direct Plan-Monthly Dividend Option;INF663L01682;INF663L01666;1006.4707;1006.4707;1006.4707;16-Aug-2014
120106;DHFL Pramerica Liquid Fund - Direct Plan-Weekly Dividend - Option;;INF663L01641;1001.5072;1001.5072;1001.5072;16-Aug-2014
113184;DHFL Pramerica Liquid Fund - Dividend Option - Daily;;INF663L01088;1000.3700;1000.3700;1000.3700;16-Aug-2014
113187;DHFL Pramerica Liquid Fund - Dividend Option - Fortnightly;INF663L01120;INF663L01104;1001.1562;1001.1562;1001.1562;16-Aug-2014
113186;DHFL Pramerica Liquid Fund - Dividend Option - Monthly;INF663L01138;INF663L01112;1004.8750;1004.8750;1004.8750;16-Aug-2014
113183;DHFL Pramerica Liquid Fund - Growth Option;INF663L01070;;1413.4981;1413.4981;1413.4981;16-Aug-2014
113185;DHFL Pramerica Liquid Fund -Dividend Option- Weekly;;INF663L01096;1000.9238;1000.9238;1000.9238;16-Aug-2014
122257;DHFL Pramerica Liquid Fund-Bonus Option;INF663L01BD5;;1413.2098;1413.2098;1413.2098;16-Aug-2014
122258;DHFL Pramerica Liquid Fund-Direct Plan-Bonus Option;INF663L01BE3;;1415.1879;1415.1879;1415.1879;16-Aug-2014

PineBridge Mutual Fund
119355;PineBridge India Liquid Fund- Direct Plan- Daily Dividend Option;;INF178L01AV8;1001.0000;1001.0000;1001.0000;16-Aug-2014
119360;PineBridge India Liquid Fund- Direct Plan- Growth Option;INF178L01AP0;;1659.5225;1659.5225;1659.5225;16-Aug-2014
106513;PineBridge India Liquid Fund- Standard Plan-Daily Dividend Option;;INF178L01699;1001.0000;1001.0000;1001.0000;16-Aug-2014
106508;PineBridge India Liquid Fund- Standard Plan-Growth Option;INF178L01715;;1657.3435;1657.3435;1657.3435;16-Aug-2014
106519;PineBridge India Liquid Fund- Standard Plan-Monthly Dividend Option;INF178L01723;INF178L01731;1005.8609;1005.8609;1005.8609;16-Aug-2014
106520;PineBridge India Liquid Fund- Standard Plan-Quarterly Dividend Option;INF178L01749;INF178L01756;1012.5820;1012.5820;1012.5820;16-Aug-2014
106509;PineBridge India Liquid Fund- Standard Plan-Weekly Dividend Option;;INF178L01764;1002.1185;1002.1185;1002.1185;16-Aug-2014
106503;PineBridge India Liquid Fund-Retail Plan-DailyDividend Option;;INF178L01533;1001.0000;1001.0000;1001.0000;16-Aug-2014
106514;PineBridge India Liquid Fund-Retail Plan-Growth Option;INF178L01558;;1618.9398;1618.9398;1618.9398;16-Aug-2014
106504;PineBridge India Liquid Fund-Retail Plan-Monthly Dividend Option;INF178L01566;INF178L01574;1018.9496;1018.9496;1018.9496;16-Aug-2014
106510;PineBridge India Liquid Fund-Retail Plan-Weekly Dividend Option;;INF178L01608;1002.1183;1002.1183;1002.1183;16-Aug-2014

Sahara Mutual Fund
101397;Sahara Liquid Fund-Fixed Pricing -  Weekly Dividend Option;;INF515L01064;1027.4373;1027.4373;1027.4373;16-Aug-2014
101393;Sahara Liquid Fund-Fixed Pricing - Daily Dividend Option;;INF515L01049;1038.5713;1038.5713;1038.5713;16-Aug-2014
120265;Sahara Liquid Fund-Fixed Pricing - Direct - Weekly Dividend Option;;INF515L01668;1027.4373;1027.4373;1027.4373;16-Aug-2014
120262;Sahara Liquid Fund-Fixed Pricing - Direct -Growth option;INF515L01650;;2372.2025;2372.2025;2372.2025;16-Aug-2014
101394;Sahara Liquid Fund-Fixed Pricing - Growth option;INF515L01056;;2371.4306;2371.4306;2371.4306;16-Aug-2014
101398;Sahara Liquid Fund-Fixed Pricing - Monthly Dividend Option;;INF515L01072;1043.3721;1043.3721;1043.3721;16-Aug-2014
120253;Sahara Liquid Fund-Fixed Pricing -Direct - Daily Dividend Option- Direct;;INF515L01643;1038.5713;1038.5713;1038.5713;16-Aug-2014
120266;Sahara Liquid Fund-Fixed Pricing -Direct - Monthly Dividend Option;;INF515L01676;1043.3721;1043.3721;1043.3721;16-Aug-2014
101399;Sahara Liquid Fund-Variable Pricing - Daily Dividend option;;INF515L01080;1038.6233;1038.6233;1038.6233;16-Aug-2014
101402;Sahara Liquid Fund-Variable Pricing - Growth option;INF515L01114;;2397.9207;2397.9207;2397.9207;16-Aug-2014
101400;Sahara Liquid Fund-Variable Pricing - Weekly Dividend Option;;INF515L01098;1044.5868;1044.5868;1044.5868;16-Aug-2014
120271;Sahara Liquid Fund-Variable Pricing -Direct - Daily Dividend option;;INF515L01684;1038.6408;1038.6408;1038.6408;16-Aug-2014
120280;Sahara Liquid Fund-Variable Pricing -Direct - Growth option;INF515L01718;;2399.3265;2399.3265;2399.3265;16-Aug-2014
120272;Sahara Liquid Fund-Variable Pricing -Direct - Weekly Dividend Option;;INF515L01692;1044.5868;1044.5868;1044.5868;16-Aug-2014
120273;Sahara Liquid Fund-Variable Pricing- Direct - Monthly Dividend Option;;INF515L01700;1057.0691;1057.0691;1057.0691;16-Aug-2014
101401;Sahara Liquid Fund-Variable Pricing- Monthly Dividend Option;;INF515L01106;1050.0770;1050.0770;1050.0770;16-Aug-2014

Open Ended Schemes ( Debt Scheme - Overnight Fund )


SBI Mutual Fund
119831;SBI Overnight Fund - Direct Plan - Daily Income Distribution cum Capital Withdrawal Option (IDCW);;INF200K01TJ7;1009.9100;1004.8605;1009.9100;16-Aug-2014
119833;SBI OVERNIGHT FUND - DIRECT PLAN - GROWTH;INF200K01TK5;;2272.5359;2261.1732;2272.5359;16-Aug-2014
119832;SBI Overnight Fund - Direct Plan - Weekly Income Distribution cum Capital Withdrawal Option (IDCW);INF200K01TL3;INF200K01TM1;1031.1904;1026.0344;1031.1904;16-Aug-2014
114297;SBI Overnight Fund - Regular Plan - Daily Income Distribution cum Capital Withdrawal Option (IDCW);;INF200K01LN6;1009.9100;1004.8605;1009.9100;16-Aug-2014
101206;SBI OVERNIGHT FUND - REGULAR PLAN - GROWTH;INF200K01LQ9;;2266.4816;2255.1492;2266.4816;16-Aug-2014
103140;SBI Overnight Fund - Regular Plan - Weekly Income Distribution cum Capital Withdrawal Option (IDCW);INF200K01LO4;INF200K01LP1;1031.1903;1026.0343;1031.1903;16-Aug-2014

Open Ended Schemes ( Debt Scheme - Liquid Fund )


Axis Mutual Fund
128954;Axis Liquid Fund - Direct plan - Bonus Option;INF846K01NH4;;1470.3234;1470.3234;1470.3234;16-Aug-2014
120388;Axis Liquid Fund - Direct Plan - Daily IDCW;;INF846K01DA0;1000.3096;1000.3096;1000.3096;16-Aug-2014
120389;Axis Liquid Fund - Direct Plan - Growth Option;INF846K01CX4;;1470.3066;1470.3066;1470.3066;16-Aug-2014
120391;Axis Liquid Fund - Direct Plan - Monthly IDCW;INF846K01CY2;INF846K01CZ9;1005.2050;1005.2050;1005.2050;16-Aug-2014
120390;Axis Liquid Fund - Direct Plan - Weekly IDCW;INF846K01DB8;INF846K01DC6;1003.2543;1003.2543;1003.2543;16-Aug-2014
112211;Axis Liquid Fund - Regular Plan - Daily IDCW;;INF846K01420;1000.3096;1000.3096;1000.3096;16-Aug-2014
112210;Axis Liquid Fund - Regular Plan - Growth Option;INF846K01412;;1468.7156;1468.7156;1468.7156;16-Aug-2014
112213;Axis Liquid Fund - Regular Plan - Monthly IDCW;INF846K01453;INF846K01461;1005.2283;1005.2283;1005.2283;16-Aug-2014
112212;Axis Liquid Fund - Regular Plan - Weekly IDCW;INF846K01438;INF846K01446;1003.2463;1003.2463;1003.2463;16-Aug-2014
112712;Axis Liquid Fund - Retail Plan - Daily IDCW;;INF846K01362;1000.3096;1000.3096;1000.3096;16-Aug-2014
112713;Axis Liquid Fund - Retail Plan - Growth Option;INF846K01354;;1421.5840;1421.5840;1421.5840;16-Aug-2014
112714;Axis Liquid Fund - Retail Plan - Monthly IDCW;INF846K01396;INF846K01404;1004.8678;1004.8678;1004.8678;16-Aug-2014
112715;Axis Liquid Fund - Retail Plan - Weekly IDCW;INF846K01370;INF846K01388;1001.2968;1001.2968;1001.2968;16-Aug-2014

Bank of India Mutual Fund
119368;BANK OF INDIA Liquid Fund- Direct Plan- Daily IDCW;;INF761K01CL0;1002.6483;1002.6483;1002.6483;16-Aug-2014
119369;BANK OF INDIA Liquid Fund- Direct Plan- Growth;INF761K01785;;1528.1636;1528.1636;1528.1636;16-Aug-2014
119370;BANK OF INDIA Liquid Fund- Direct Plan- Weekly IDCW;;INF761K01CM8;1045.0129;1045.0129;1045.0129;16-Aug-2014
111971;BANK OF INDIA Liquid Fund- Regular Plan- Daily IDCW;;INF761K01CO4;1001.2621;1001.2621;1001.2621;16-Aug-2014
109254;BANK OF INDIA Liquid Fund- Regular Plan- Growth;INF761K01306;;1525.7811;1525.7811;1525.7811;16-Aug-2014
109255;BANK OF INDIA Liquid Fund- Regular Plan- Weekly IDCW;;INF761K01CP1;1002.4657;1002.4657;1002.4657;16-Aug-2014

Canara Robeco Mutual Fund
118307;CANARA ROBECO LIQUID FUND - DIRECT PLAN - DAILY IDCW (Reinvestment);;INF760K01FS0;1005.5000;1005.5000;1005.5000;16-Aug-2014
118305;CANARA ROBECO LIQUID FUND - DIRECT PLAN - GROWTH OPTION;INF760K01FU6;;1613.1001;1613.1001;1613.1001;16-Aug-2014
118304;CANARA ROBECO LIQUID FUND - DIRECT PLAN - IDCW (Payout/Reinvestment);INF760K01FT8;;1154.8769;1154.8769;1154.8769;16-Aug-2014
118306;CANARA ROBECO LIQUID FUND - DIRECT PLAN - MONTHLY IDCW (Payout/Reinvestment);INF760K01FV4;INF760K01FW2;1003.9913;1003.9913;1003.9913;16-Aug-2014
118308;CANARA ROBECO LIQUID FUND - DIRECT PLAN - WEEKLY IDCW (Payout/Reinvestment);INF760K01FY8;INF760K01FX0;1000.7020;1000.7020;1000.7020;16-Aug-2014
109349;CANARA ROBECO LIQUID FUND - REGULAR PLAN - DAILY IDCW (Reinvestment);;INF760K01CU3;1005.5000;1005.5000;1005.5000;16-Aug-2014
109353;CANARA ROBECO LIQUID FUND - REGULAR PLAN - GROWTH OPTION;INF760K01CW9;;1611.6047;1611.6047;1611.6047;16-Aug-2014
109351;CANARA ROBECO LIQUID FUND - REGULAR PLAN - MONTHLY IDCW (Payout/Reinvestment);INF760K01CX7;INF760K01CY5;1003.9435;1003.9435;1003.9435;16-Aug-2014
109350;CANARA ROBECO LIQUID FUND - REGULAR PLAN - WEEKLY IDCW (Payout/Reinvestment);INF760K01BZ4;INF760K01CZ2;1000.6964;1000.6964;1000.6964;16-Aug-2014
101363;Canara Robeco Liquid Fund- INSTITUTIONAL-Daily Dividend Reinvestment;;INF760K01CC1;1005.5000;1005.5000;1005.5000;16-Aug-2014
101362;Canara Robeco Liquid Fund- INSTITUTIONAL-Growth;INF760K01CD9;;2366.4935;2366.4935;2366.4935;16-Aug-2014
101364;Canara Robeco Liquid Fund-Retail-DRI;;INF760K01CF4;1007.0000;1007.0000;1007.0000;16-Aug-2014
101365;Canara Robeco Liquid Fund-Retail-Growth;INF760K01CH0;;2311.3174;2311.3174;2311.3174;16-Aug-2014
109347;Canara Robeco Liquid Fund-Retail-Monthly Div Reinvest;;INF760K01CI8;1008.9237;1008.9237;1008.9237;16-Aug-2014
109356;Canara Robeco Liquid Fund-Retail-Weekly Div Reinvest;;INF760K01CJ6;1006.1066;1006.1066;1006.1066;16-Aug-2014

Groww Mutual Fund
119135;Groww Liquid Fund ( formerly known as Indiabulls Liquid )Fund - Direct Plan - Growth Option;INF666M01451;;1290.2733;1290.2733;1290.2733;16-Aug-2014
119136;Groww Liquid Fund (formerly known as Indiabulls Liquid Fund) - Direct Plan- - Income Distribution cum capital withdrawal Option ( Reinvestment);;INF666M01469;1000.4324;1000.4324;1000.4324;16-Aug-2014
115991;Groww Liquid Fund (formerly known as Indiabulls Liquid Fund) - Regular Plan - Growth Option;INF666M01014;;1288.4153;1288.4153;1288.4153;16-Aug-2014
115992;Groww Liquid Fund (formerly known as Indiabulls Liquid Fund)- Regular Plan- - Income Distribution cum capital withdrawal Option (Reinvestment);;INF666M01022;1000.5175;1000.5175;1000.5175;16-Aug-2014

quant Mutual Fund
120837;quant Liquid Fund - Growth Option - Direct Plan;INF966L01820;;20.6239;20.6239;20.6239;16-Aug-2014
103225;quant Liquid Fund - Growth Option - Regular Plan;INF966L01317;;20.5512;20.5512;20.5512;16-Aug-2014
120838;quant Liquid Fund - Monthly IDCW Option - Direct Plan;INF966L01796;INF966L01812;15.1826;15.1826;15.1826;16-Aug-2014
103228;quant Liquid Fund - Monthly IDCW Option - Regular Plan;INF966L01291;INF966L01309;15.1109;15.1109;15.1109;16-Aug-2014
120839;quant Liquid Fund - Weekly IDCW Option - Direct Plan;INF966L01788;INF966L01804;13.5429;13.5429;13.5429;16-Aug-2014
103227;quant Liquid Fund - Weekly IDCW Option - Regular Plan;INF966L01499;INF966L01283;13.525;13.525;13.525;16-Aug-2014
120836;quant Liquid Fund-Daily IDCW Option - Direct Plan;;INF966L01770;13.7995;13.7995;13.7995;16-Aug-2014
103226;quant Liquid Fund-Daily IDCW Option - Regular Plan;;INF966L01275;13.7311;13.7311;13.7311;16-Aug-2014

SBI Mutual Fund
119804;SBI Liquid Fund - Direct Paln - Fortnightly Income Distribution cum Capital Withdrawal Option (IDCW);INF200K01UR8;INF200K01US6;1011.8588;1011.8588;1011.8588;16-Aug-2014
119805;SBI Liquid Fund - Direct Plan - Daily Income Distribution cum Capital Withdrawal Option (IDCW);;INF200K01UQ0;1003.2500;1003.2500;1003.2500;16-Aug-2014
119799;SBI Liquid Fund - Direct Plan - Weekly Income Distribution cum Capital Withdrawal Option (IDCW);INF200K01UU2;INF200K01UV0;1061.0596;1061.0596;1061.0596;16-Aug-2014
119800;SBI Liquid Fund - DIRECT PLAN -Growth;INF200K01UT4;;2085.2268;2085.2268;2085.2268;16-Aug-2014
105274;SBI Liquid Fund - Institutional - Growth;INF200K01LU1;;2102.5683;2102.5683;2102.5683;16-Aug-2014
105275;SBI Liquid Fund - Institutional Daily Income Distribution cum Capital Withdrawal Option (IDCW);;INF200K01LR7;1003.2500;1003.2500;1003.2500;16-Aug-2014
105279;SBI Liquid Fund - Institutional Fortnightly Income Distribution cum Capital Withdrawal Option (IDCW);INF200K01LS5;INF200K01LT3;1023.1633;1023.1633;1023.1633;16-Aug-2014
105278;SBI Liquid Fund - Institutional Weekly Income Distribution cum Capital Withdrawal Option (IDCW);INF200K01LV9;INF200K01LW7;1060.3503;1060.3503;1060.3503;16-Aug-2014
105281;SBI Liquid Fund - Regular Plan - Daily Income Distribution cum Capital Withdrawal Option (IDCW);;INF200K01LX5;1003.2500;1003.2500;1003.2500;16-Aug-2014
105283;SBI Liquid Fund - Regular Plan - Fortnightly Income Distribution cum Capital Withdrawal Option (IDCW);INF200K01LY3;INF200K01LZ0;1011.8588;1011.8588;1011.8588;16-Aug-2014
105282;SBI Liquid Fund - Regular Plan - Weekly Income Distribution cum Capital Withdrawal Option (IDCW);INF200K01MB9;INF200K01MC7;1061.0596;1061.0596;1061.0596;16-Aug-2014
105280;SBI Liquid Fund - REGULAR PLAN -Growth;INF200K01MA1;;2083.0263;2083.0263;2083.0263;16-Aug-2014

Sundaram Mutual Fund
119690;Sundaram Money Fund Direct Plan - Bonus;INF903J01RL8;;17.1358;17.1358;17.1358;16-Aug-2014
119688;Sundaram Money Fund Direct Plan - Daily Reinvestment of Income Distribution cum Capital Withdrawal (IDCW);;INF903J01QA3;10.1025;10.1025;10.1025;16-Aug-2014
119692;Sundaram Money Fund Direct Plan - Fortnightly Reinvestment of Income Distribution cum Capital Withdrawal (IDCW);;INF903J01QB1;25.5341;25.5341;25.5341;16-Aug-2014
119686;Sundaram Money Fund Direct Plan - Growth;INF903J01QF2;;27.9825;27.9825;27.9825;16-Aug-2014
119687;Sundaram Money Fund Direct Plan - Monthly Income Distribution cum Capital Withdrawal (IDCW);INF903J01QC9;INF903J01QD7;10.5900;10.5900;10.5900;16-Aug-2014
119691;Sundaram Money Fund Direct Plan - Weekly Reinvestment of Income Distribution cum Capital Withdrawal (IDCW);;INF903J01QG0;11.4733;11.4733;11.4733;16-Aug-2014
102701;Sundaram Money Fund Institutional Plan - Daily Reinvestment of Income Distribution cum Capital Withdrawal (IDCW);;INF903J01GP2;10.0953;10.0953;10.0953;16-Aug-2014
102703;Sundaram Money Fund Institutional Plan - Growth;INF903J01GN7;;27.2641;27.2641;27.2641;16-Aug-2014
118328;Sundaram Money Fund Regular Plan - Bonus;INF903J01MB0;;17.1176;17.1176;17.1176;16-Aug-2014
103392;Sundaram Money Fund Regular Plan - Daily Reinvestment of Income Distribution cum Capital Withdrawal (IDCW);;INF903J01GW8;10.0953;10.0953;10.0953;16-Aug-2014
103395;Sundaram Money Fund Regular Plan - Fortnightly Reinvestment of Income Distribution cum Capital Withdrawal (IDCW);;INF903J01GY4;10.8045;10.8045;10.8045;16-Aug-2014
103397;Sundaram Money Fund Regular Plan - Growth;INF903J01GU2;;27.9582;27.9582;27.9582;16-Aug-2014
103396;Sundaram Money Fund Regular Plan - Monthly Income Distribution cum Capital Withdrawal (IDCW);INF903J01GV0;INF903J01GZ1;10.4496;10.4496;10.4496;16-Aug-2014
103393;Sundaram Money Fund Regular Plan - Quarterly Reinvestment of Income Distribution cum Capital Withdrawal (IDCW);;INF903J01HA2;14.3956;14.3956;14.3956;16-Aug-2014
100620;Sundaram Money Fund Retail Plan - Daily Reinvestment of Income Distribution cum Capital Withdrawal (IDCW);;INF903J01GI7;10.0953;10.0953;10.0953;16-Aug-2014
100622;Sundaram Money Fund Retail Plan - Fortnightly Reinvestment of Income Distribution cum Capital Withdrawal (IDCW);;INF903J01GK3;10.7813;10.7813;10.7813;16-Aug-2014
100618;Sundaram Money Fund Retail Plan - Growth;INF903J01GG1;;26.1275;26.1275;26.1275;16-Aug-2014
100623;Sundaram Money Fund Retail Plan - Monthly Income Distribution cum Capital Withdrawal (IDCW);INF903J01GH9;INF903J01GL1;10.4624;10.4624;10.4624;16-Aug-2014
100619;Sundaram Money Fund Retail Plan - Quarterly Reinvestment of Income Distribution cum Capital Withdrawal (IDCW);;INF903J01GM9;14.6209;14.6209;14.6209;16-Aug-2014
100621;Sundaram Money Fund Retail Plan - Weekly Reinvestment of Income Distribution cum Capital Withdrawal (IDCW);;INF903J01GJ5;11.1953;11.1953;11.1953;16-Aug-2014
103394;Sundaram Money Fund Regular Plan - Weekly Reinvestment of Income Distribution cum Capital Withdrawal (IDCW);;INF903J01GX6;11.2364;11.2364;11.2364;16-Aug-2014

Union Mutual Fund
115401;Union Liquid Fund - Daily IDCW Option;;INF582M01021;1000.6489;1000.6489;1000.6489;16-Aug-2014
119301;Union Liquid Fund - Direct Plan - Daily IDCW Option;;INF582M01682;1000.6506;1000.6506;1000.6506;16-Aug-2014
119305;Union Liquid Fund - Direct Plan - Fortnightly IDCW Option;INF582M01724;INF582M01708;1001.4324;1001.4324;1001.4324;16-Aug-2014
119303;Union Liquid Fund - Direct Plan - Growth Option;INF582M01674;;1329.4239;1329.4239;1329.4239;16-Aug-2014
119302;Union Liquid Fund - Direct Plan - Monthly IDCW Option;INF582M01732;INF582M01716;1005.3869;1005.3869;1005.3869;16-Aug-2014
119304;Union Liquid Fund - Direct Plan - Weekly IDCW Option;;INF582M01690;1001.4300;1001.4300;1001.4300;16-Aug-2014
115399;Union Liquid Fund - Fortnightly IDCW Option;INF582M01062;INF582M01047;1001.4257;1001.4257;1001.4257;16-Aug-2014
115398;Union Liquid Fund - Growth Option;INF582M01013;;1328.2364;1328.2364;1328.2364;16-Aug-2014
115400;Union Liquid Fund - Monthly IDCW Option;INF582M01070;INF582M01054;1005.3644;1005.3644;1005.3644;16-Aug-2014
115402;Union Liquid Fund - Weekly IDCW Option;;INF582M01039;1001.4257;1001.4257;1001.4257;16-Aug-2014

UTI Mutual Fund
120558;UTI Liquid Fund - Direct Plan - Daily IDCW (Reinvestment);;INF789F01XP8;1019.4457;1019.4457;1019.4457;16-Aug-2014
120794;UTI Liquid Fund - Direct Plan - Monthly IDCW;INF789F01XR4;INF789F01XS2;1028.7657;1028.7657;1028.7657;16-Aug-2014
120777;UTI Liquid Fund - Direct Plan - Weekly IDCW;;INF789F01XT0;1053.7308;1053.7308;1053.7308;16-Aug-2014
102010;UTI Liquid Fund - Regular Plan - Daily IDCW (Reinvestment);;INF789F01PG3;1019.4457;1019.4457;1019.4457;16-Aug-2014
102011;UTI Liquid Fund - Regular Plan - Monthly IDCW;INF789F01PI9;INF789F01PJ7;1028.7446;1028.7446;1028.7446;16-Aug-2014
102013;UTI Liquid Fund - Regular Plan - Weekly IDCW;;INF789F01PK5;1053.725;1053.725;1053.725;16-Aug-2014
120304;UTI-  Liquid Cash Plan - Direct Plan - Growth Option;INF789F01XQ6;;2174.6782;2174.6782;2174.6782;16-Aug-2014
102012;UTI-  Liquid Cash Plan - Regular Plan - Growth Option;INF789F01PH1;;2171.7367;2171.7367;2171.7367;16-Aug-2014
102008;UTI-  Liquid Cash Plan- Discontinued - Regular Plan - Monthly Dividend Option;INF789F01BC2;INF789F01BA6;1152.0217;1152.0217;0;16-Aug-2014
102009;UTI-  Liquid Cash Plan- Discontinued - Regular Plan -Growth;INF789F01BB4;;2088.1302;2088.1302;0;16-Aug-2014
102007;UTI-  Liquid Cash Plan- Discontinued -Regular Plan Periodic Dividend Option;;INF789F01AZ5;1135.2613;1135.2613;0;16-Aug-2014

Open Ended Schemes ( Debt Scheme - Ultra Short Duration Fund )


SBI Mutual Fund
119784;SBI Ultra Short Duration Fund - Direct Plan - Daily Income Distribution cum Capital Withdrawal Option (IDCW);;INF200K01TG3;1675.0300;1673.3550;1675.0300;16-Aug-2014
119828;SBI ULTRA SHORT DURATION FUND - DIRECT PLAN - GROWTH;INF200K01TF5;;2934.8954;2931.9605;2934.8954;16-Aug-2014
119829;SBI Ultra Short Duration Fund - Direct Plan - Weekly Income Distribution cum Capital Withdrawal Option (IDCW);INF200K01TH1;INF200K01TI9;1077.5805;1076.5029;1077.5805;16-Aug-2014
105080;SBI Ultra Short Duration Fund - Regular Plan - Daily Income Distribution cum Capital Withdrawal Option (IDCW);;INF200K01LK2;1675.0300;1673.3550;1675.0300;16-Aug-2014
100641;SBI ULTRA SHORT DURATION FUND - REGULAR PLAN - GROWTH;INF200K01LJ4;;2931.3759;2928.4445;2931.3759;16-Aug-2014
103884;SBI Ultra Short Duration Fund - Regular Plan - Weekly Income Distribution cum Capital Withdrawal Option (IDCW);INF200K01LM8;INF200K01LL0;1077.5805;1076.5029;1077.5805;16-Aug-2014

Open Ended Schemes ( Debt Scheme - Money Market Fund )


UTI Mutual Fund
120299;UTI MMF - Direct Plan - Growth Option;INF789F01XV6;;1486.2188;1486.2188;1486.2188;16-Aug-2014
112077;UTI MMF - Regular Plan - Growth Option;INF789F01PX8;;1483.9656;1483.9656;1483.9656;16-Aug-2014
100724;UTI MMF- Discontinued - Regular Plan - Flexi Dividend Option;;INF789F01BD0;2002.6212;2002.6212;0;16-Aug-2014
100725;UTI MMF- Discontinued - Regular Plan - Periodic Dividend Option;INF789F01BE8;;1993.1757;1993.1757;0;16-Aug-2014
100723;UTI MMF-Discontinued - Regular Plan -Growth;INF789F01BF5;;3614.1584;3614.1584;0;16-Aug-2014
120772;UTI Money Market Fund - Direct Plan - Daily IDCW (Reinvestment);;INF789F01XU8;1003.3854;1003.3854;1003.3854;16-Aug-2014
120793;UTI Money Market Fund - Direct Plan - Weekly IDCW;INF789F01XW4;INF789F01XX2;1015.2497;1015.2497;1015.2497;16-Aug-2014
112076;UTI Money Market Fund - Regular Plan - Daily IDCW (Reinvestment);;INF789F01PW0;1003.3854;1003.3854;1003.3854;16-Aug-2014
112635;UTI Money Market Fund - Regular Plan - Weekly IDCW;INF789F01PY6;INF789F01PZ3;1015.2397;1015.2397;1015.2397;16-Aug-2014

Close Ended Schemes ( Income )


SBI Mutual Fund
114781;SBI Capital Protection Oriented Fund - Series II -;INF200K01ED2;;13.3691;N.A.;N.A.;16-Aug-2014
115824;SBI Capital Protection Oriented Fund - Series III - Growth;INF200K01IH4;;12.6625;N.A.;N.A.;16-Aug-2014
126205;SBI DEBT FUND SERIES - 16 MONTHS - 1 - DIRECT PLAN - GROWTH;INF200KA1CE8;;10.5901;N.A.;N.A.;16-Aug-2014
126206;SBI DEBT FUND SERIES - 16 MONTHS - 1 - REGULAR PLAN - DIVIDEND;INF200KA1CD0;;10.5755;N.A.;N.A.;16-Aug-2014
126207;SBI DEBT FUND SERIES - 16 MONTHS - 1 - REGULAR PLAN - GROWTH;INF200KA1CC2;;10.5755;N.A.;N.A.;16-Aug-2014
126208;SBI DEBT FUND SERIES - 16 MONTHS - 1- DIRECT PLAN - DIVIDEND;INF200KA1CF5;;10.5901;N.A.;N.A.;16-Aug-2014
126209;SBI DEBT FUND SERIES - 16 MONTHS - 2 - DIRECT PLAN - GROWTH;INF200KA1DM9;;10.5600;N.A.;N.A.;16-Aug-2014
126210;SBI DEBT FUND SERIES - 16 MONTHS - 2 - REGULAR PLAN - DIVIDEND;INF200KA1DL1;;10.5473;N.A.;N.A.;16-Aug-2014
126211;SBI DEBT FUND SERIES - 16 MONTHS - 2 - REGULAR PLAN - GROWTH;INF200KA1DK3;;10.5473;N.A.;N.A.;16-Aug-2014
126212;SBI DEBT FUND SERIES - 16 MONTHS - 2- DIRECT PLAN - DIVIDEND;INF200KA1DN7;;10.5600;N.A.;N.A.;16-Aug-2014
125734;SBI DEBT FUND SERIES - 17 MONTHS - 1 - DIRECT PLAN - GROWTH;INF200KA1CQ2;;10.6576;N.A.;N.A.;16-Aug-2014
125735;SBI DEBT FUND SERIES - 17 MONTHS - 1 - REGULAR PLAN - DIVIDEND;INF200KA1CP4;;10.6407;N.A.;N.A.;16-Aug-2014
125736;SBI DEBT FUND SERIES - 17 MONTHS - 1 - REGULAR PLAN - GROWTH;INF200KA1CO7;;10.6407;N.A.;N.A.;16-Aug-2014
125733;SBI DEBT FUND SERIES - 17 MONTHS - 1- DIRECT PLAN - DIVIDEND;INF200KA1CR0;;10.6576;N.A.;N.A.;16-Aug-2014
125008;SBI DEBT FUND SERIES - 18 MONTHS - 12 - DIRECT PLAN - DIVIDEND;INF200KA1BL5;;10.7573;N.A.;N.A.;16-Aug-2014
125005;SBI DEBT FUND SERIES - 18 MONTHS - 12 - DIRECT PLAN - GROWTH;INF200KA1BK7;;10.7573;N.A.;N.A.;16-Aug-2014
125006;SBI DEBT FUND SERIES - 18 MONTHS - 12 - REGULAR PLAN - DIVIDEND;INF200KA1BJ9;;10.7323;N.A.;N.A.;16-Aug-2014
125007;SBI DEBT FUND SERIES - 18 MONTHS - 12 - REGULAR PLAN - GROWTH;INF200KA1BI1;;10.7323;N.A.;N.A.;16-Aug-2014
125460;SBI DEBT FUND SERIES - 18 MONTHS - 13 - DIRECT PLAN - DIVIDEND;INF200KA1DZ1;;N.A.;N.A.;N.A.;16-Aug-2014
125461;SBI DEBT FUND SERIES - 18 MONTHS - 13 - DIRECT PLAN - GROWTH;INF200KA1DY4;;10.7274;N.A.;N.A.;16-Aug-2014
125462;SBI DEBT FUND SERIES - 18 MONTHS - 13 - REGULAR PLAN - DIVIDEND;INF200KA1DX6;;10.7099;N.A.;N.A.;16-Aug-2014
125463;SBI DEBT FUND SERIES - 18 MONTHS - 13 - REGULAR PLAN - GROWTH;INF200KA1DW8;;10.7099;N.A.;N.A.;16-Aug-2014
120908;SBI DEBT FUND SERIES - 36 MONTHS - 2 - DIRECT PLAN - DIVIDEND;INF200K01QM7;;11.3836;N.A.;N.A.;16-Aug-2014
120911;SBI DEBT FUND SERIES - 36 MONTHS - 2 - DIRECT PLAN - GROWTH;INF200K01QL9;;11.3836;N.A.;N.A.;16-Aug-2014
120909;SBI DEBT FUND SERIES - 36 MONTHS - 2 - REGULAR PLAN - DIVIDEND;INF200K01QH7;;11.2809;N.A.;N.A.;16-Aug-2014
120910;SBI DEBT FUND SERIES - 36 MONTHS - 2 - REGULAR PLAN - GROWTH;INF200K01QG9;;11.2809;N.A.;N.A.;16-Aug-2014
123647;SBI DEBT FUND SERIES - 36 MONTHS - 4 - DIRECT PLAN - DIVIDEND;INF200KA1KF8;;11.1197;N.A.;N.A.;16-Aug-2014
123649;SBI DEBT FUND SERIES - 36 MONTHS - 4 - DIRECT PLAN - GROWTH;INF200KA1KE1;;11.1197;N.A.;N.A.;16-Aug-2014
123648;SBI DEBT FUND SERIES - 36 MONTHS - 4 - REGULAR PLAN - DIVIDEND;INF200KA1KD3;;11.1022;N.A.;N.A.;16-Aug-2014
123650;SBI DEBT FUND SERIES - 36 MONTHS - 4 - REGULAR PLAN - GROWTH;INF200KA1KC5;;11.1022;N.A.;N.A.;16-Aug-2014
124000;SBI DEBT FUND SERIES - 36 MONTHS - 5 - DIRECT PLAN - DIVIDEND;INF200K01D91;;N.A.;N.A.;N.A.;16-Aug-2014
124001;SBI DEBT FUND SERIES - 36 MONTHS - 5 - DIRECT PLAN - GROWTH;INF200K01D83;;10.9803;N.A.;N.A.;16-Aug-2014
124003;SBI DEBT FUND SERIES - 36 MONTHS - 5 - REGULAR PLAN - DIVIDEND;INF200K01D75;;10.9647;N.A.;N.A.;16-Aug-2014
124002;SBI DEBT FUND SERIES - 36 MONTHS - 5 - REGULAR PLAN - GROWTH;INF200K01D67;;10.9647;N.A.;N.A.;16-Aug-2014
124373;SBI DEBT FUND SERIES - 36 MONTHS - 6 - DIRECT PLAN - DIVIDEND;INF200KA1KZ6;;10.9594;N.A.;N.A.;16-Aug-2014
124374;SBI DEBT FUND SERIES - 36 MONTHS - 6 - DIRECT PLAN - GROWTH;INF200KA1KY9;;10.9594;N.A.;N.A.;16-Aug-2014
124375;SBI DEBT FUND SERIES - 36 MONTHS - 6 - REGULAR PLAN - DIVIDEND;INF200KA1KX1;;10.9203;N.A.;N.A.;16-Aug-2014
124376;SBI DEBT FUND SERIES - 36 MONTHS - 6 - REGULAR PLAN - GROWTH;INF200KA1KW3;;10.9203;N.A.;N.A.;16-Aug-2014
125719;SBI DEBT FUND SERIES - 36 MONTHS - 7 - DIRECT PLAN - DIVIDEND;INF200K01E74;;10.6660;N.A.;N.A.;16-Aug-2014
125721;SBI DEBT FUND SERIES - 36 MONTHS - 7 - DIRECT PLAN - GROWTH;INF200K01E66;;10.6660;N.A.;N.A.;16-Aug-2014
125720;SBI DEBT FUND SERIES - 36 MONTHS - 7 - REGULAR PLAN - DIVIDEND;INF200K01E58;;10.6528;N.A.;N.A.;16-Aug-2014
125722;SBI DEBT FUND SERIES - 36 MONTHS - 7 - REGULAR PLAN - GROWTH;INF200K01E41;;10.6528;N.A.;N.A.;16-Aug-2014
123167;SBI DEBT FUND SERIES - 366 DAYS - 34 - DIRECT PLAN - DIVIDEND;INF200K015P1;;N.A.;N.A.;N.A.;16-Aug-2014
123169;SBI DEBT FUND SERIES - 366 DAYS - 34 - DIRECT PLAN - GROWTH;INF200K014P4;;11.0085;N.A.;N.A.;16-Aug-2014
123170;SBI DEBT FUND SERIES - 366 DAYS - 34 - REGULAR PLAN - DIVIDEND;INF200K013P6;;10.9923;N.A.;N.A.;16-Aug-2014
123168;SBI DEBT FUND SERIES - 366 DAYS - 34 - REGULAR PLAN - GROWTH;INF200K012P8;;10.9923;N.A.;N.A.;16-Aug-2014
123321;SBI DEBT FUND SERIES - 366 DAYS - 35 - DIRECT PLAN - DIVIDEND;INF200K017O0;;N.A.;N.A.;N.A.;16-Aug-2014
123324;SBI DEBT FUND SERIES - 366 DAYS - 35 - DIRECT PLAN - GROWTH;INF200K016O2;;10.9968;N.A.;N.A.;16-Aug-2014
123323;SBI DEBT FUND SERIES - 366 DAYS - 35 - REGULAR PLAN - DIVIDEND;INF200K015O4;;N.A.;N.A.;N.A.;16-Aug-2014
123322;SBI DEBT FUND SERIES - 366 DAYS - 35 - REGULAR PLAN - GROWTH;INF200K014O7;;10.9818;N.A.;N.A.;16-Aug-2014
123497;SBI DEBT FUND SERIES - 366 DAYS - 36 - DIRECT PLAN - DIVIDEND;INF200K019P3;;N.A.;N.A.;N.A.;16-Aug-2014
123494;SBI DEBT FUND SERIES - 366 DAYS - 36 - DIRECT PLAN - GROWTH;INF200K018P5;;11.0260;N.A.;N.A.;16-Aug-2014
123496;SBI DEBT FUND SERIES - 366 DAYS - 36 - REGULAR PLAN - DIVIDEND;INF200K017P7;;11.0108;N.A.;N.A.;16-Aug-2014
123495;SBI DEBT FUND SERIES - 366 DAYS - 36 - REGULAR PLAN - GROWTH;INF200K016P9;;11.0113;N.A.;N.A.;16-Aug-2014
123728;SBI DEBT FUND SERIES - 366 DAYS - 37 - DIRECT PLAN - DIVIDEND;INF200K011R6;;11.0111;N.A.;N.A.;16-Aug-2014
123729;SBI DEBT FUND SERIES - 366 DAYS - 37 - DIRECT PLAN - GROWTH;INF200K010R8;;11.0111;N.A.;N.A.;16-Aug-2014
123731;SBI DEBT FUND SERIES - 366 DAYS - 37 - REGULAR PLAN - DIVIDEND;INF200K019Q1;;10.9983;N.A.;N.A.;16-Aug-2014
123730;SBI DEBT FUND SERIES - 366 DAYS - 37 - REGULAR PLAN - GROWTH;INF200K018Q3;;10.9983;N.A.;N.A.;16-Aug-2014
123996;SBI DEBT FUND SERIES - 366 DAYS - 38 - DIRECT PLAN - DIVIDEND;INF200K015R7;;11.0221;N.A.;N.A.;16-Aug-2014
123997;SBI DEBT FUND SERIES - 366 DAYS - 38 - DIRECT PLAN - GROWTH;INF200K014R0;;11.0221;N.A.;N.A.;16-Aug-2014
123998;SBI DEBT FUND SERIES - 366 DAYS - 38 - REGULAR PLAN - DIVIDEND;INF200K013R2;;11.0095;N.A.;N.A.;16-Aug-2014
123999;SBI DEBT FUND SERIES - 366 DAYS - 38 - REGULAR PLAN - GROWTH;INF200K012R4;;11.0095;N.A.;N.A.;16-Aug-2014
124369;SBI DEBT FUND SERIES - 366 DAYS - 39 - DIRECT PLAN - DIVIDEND;INF200K013S0;;10.9477;N.A.;N.A.;16-Aug-2014
124370;SBI DEBT FUND SERIES - 366 DAYS - 39 - DIRECT PLAN - GROWTH;INF200K012S2;;10.9477;N.A.;N.A.;16-Aug-2014
124371;SBI DEBT FUND SERIES - 366 DAYS - 39 - REGULAR PLAN - DIVIDEND;INF200K011S4;;10.9304;N.A.;N.A.;16-Aug-2014
124372;SBI DEBT FUND SERIES - 366 DAYS - 39 - REGULAR PLAN - GROWTH;INF200K010S6;;10.9304;N.A.;N.A.;16-Aug-2014
124527;SBI DEBT FUND SERIES - 366 DAYS - 40 - DIRECT PLAN - DIVIDEND;INF200K015T3;;10.9291;N.A.;N.A.;16-Aug-2014
124525;SBI DEBT FUND SERIES - 366 DAYS - 40 - DIRECT PLAN - GROWTH;INF200K014T6;;10.9291;N.A.;N.A.;16-Aug-2014
124526;SBI DEBT FUND SERIES - 366 DAYS - 40 - REGULAR PLAN - DIVIDEND;INF200K013T8;;10.9081;N.A.;N.A.;16-Aug-2014
124528;SBI DEBT FUND SERIES - 366 DAYS - 40 - REGULAR PLAN - GROWTH;INF200K012T0;;10.9081;N.A.;N.A.;16-Aug-2014
124726;SBI DEBT FUND SERIES - 366 DAYS - 41 - DIRECT PLAN - DIVIDEND;INF200K010U2;;10.8494;N.A.;N.A.;16-Aug-2014
124728;SBI DEBT FUND SERIES - 366 DAYS - 41 - DIRECT PLAN - GROWTH;INF200K019T5;;10.8494;N.A.;N.A.;16-Aug-2014
124727;SBI DEBT FUND SERIES - 366 DAYS - 41 - REGULAR PLAN - DIVIDEND;INF200K018T7;;10.8300;N.A.;N.A.;16-Aug-2014
124729;SBI DEBT FUND SERIES - 366 DAYS - 41 - REGULAR PLAN - GROWTH;INF200K016T1;;10.8300;N.A.;N.A.;16-Aug-2014
124938;SBI DEBT FUND SERIES - 366 DAYS - 42 - DIRECT PLAN - DIVIDEND;INF200K012V6;;10.7413;N.A.;N.A.;16-Aug-2014
124940;SBI DEBT FUND SERIES - 366 DAYS - 42 - DIRECT PLAN - GROWTH;INF200K011V8;;10.7413;N.A.;N.A.;16-Aug-2014
124939;SBI DEBT FUND SERIES - 366 DAYS - 42 - REGULAR PLAN - DIVIDEND;INF200K010V0;;10.7230;N.A.;N.A.;16-Aug-2014
124941;SBI DEBT FUND SERIES - 366 DAYS - 42 - REGULAR PLAN - GROWTH;INF200K019U3;;10.7230;N.A.;N.A.;16-Aug-2014
125138;SBI DEBT FUND SERIES - 366 DAYS - 43 - DIRECT PLAN - DIVIDEND;INF200K01C35;;10.7120;N.A.;N.A.;16-Aug-2014
125139;SBI DEBT FUND SERIES - 366 DAYS - 43 - DIRECT PLAN - GROWTH;INF200K01C27;;10.7120;N.A.;N.A.;16-Aug-2014
125140;SBI DEBT FUND SERIES - 366 DAYS - 43 - REGULAR PLAN - DIVIDEND;INF200K01C19;;10.6989;N.A.;N.A.;16-Aug-2014
125141;SBI DEBT FUND SERIES - 366 DAYS - 43 - REGULAR PLAN - GROWTH;INF200K01C01;;10.6989;N.A.;N.A.;16-Aug-2014
125243;SBI DEBT FUND SERIES - 366 DAYS - 44 - DIRECT PLAN - DIVIDEND;INF200K011X4;;10.7010;N.A.;N.A.;16-Aug-2014
125244;SBI DEBT FUND SERIES - 366 DAYS - 44 - DIRECT PLAN - GROWTH;INF200K010X6;;10.7010;N.A.;N.A.;16-Aug-2014
125246;SBI DEBT FUND SERIES - 366 DAYS - 44 - REGULAR PLAN - DIVIDEND;INF200K019W9;;10.6882;N.A.;N.A.;16-Aug-2014
125245;SBI DEBT FUND SERIES - 366 DAYS - 44 - REGULAR PLAN - GROWTH;INF200K018W1;;10.6882;N.A.;N.A.;16-Aug-2014
125406;SBI DEBT FUND SERIES - 366 DAYS - 45 - DIRECT PLAN - DIVIDEND;INF200K014Y6;;10.6873;N.A.;N.A.;16-Aug-2014
125409;SBI DEBT FUND SERIES - 366 DAYS - 45 - DIRECT PLAN - GROWTH;INF200K015Y3;;10.6873;N.A.;N.A.;16-Aug-2014
125407;SBI DEBT FUND SERIES - 366 DAYS - 45 - REGULAR PLAN - DIVIDEND;INF200K016Y1;;10.6752;N.A.;N.A.;16-Aug-2014
125408;SBI DEBT FUND SERIES - 366 DAYS - 45 - REGULAR PLAN - GROWTH;INF200K017Y9;;10.6752;N.A.;N.A.;16-Aug-2014
125519;SBI DEBT FUND SERIES - 366 DAYS - 46 - DIRECT PLAN - DIVIDEND;INF200K012Z7;;10.6663;N.A.;N.A.;16-Aug-2014
125522;SBI DEBT FUND SERIES - 366 DAYS - 46 - DIRECT PLAN - GROWTH;INF200K013Z5;;10.6669;N.A.;N.A.;16-Aug-2014
125520;SBI DEBT FUND SERIES - 366 DAYS - 46 - REGULAR PLAN - DIVIDEND;INF200K014Z3;;10.6552;N.A.;N.A.;16-Aug-2014
125521;SBI DEBT FUND SERIES - 366 DAYS - 46 - REGULAR PLAN - GROWTH;INF200K015Z0;;10.6552;N.A.;N.A.;16-Aug-2014
125657;SBI DEBT FUND SERIES - 366 DAYS - 47 - DIRECT PLAN - DIVIDEND;INF200KA1077;;10.6679;N.A.;N.A.;16-Aug-2014
125658;SBI DEBT FUND SERIES - 366 DAYS - 47 - DIRECT PLAN - GROWTH;INF200KA1085;;10.6679;N.A.;N.A.;16-Aug-2014
125659;SBI DEBT FUND SERIES - 366 DAYS - 47 - REGULAR PLAN - DIVIDEND;INF200KA1093;;10.6510;N.A.;N.A.;16-Aug-2014
125660;SBI DEBT FUND SERIES - 366 DAYS - 47 - REGULAR PLAN - GROWTH;INF200KA1101;;10.6510;N.A.;N.A.;16-Aug-2014
125793;SBI DEBT FUND SERIES - 366 DAYS - 48 - DIRECT PLAN - DIVIDEND;INF200KA1192;;10.6247;N.A.;N.A.;16-Aug-2014
125794;SBI DEBT FUND SERIES - 366 DAYS - 48 - DIRECT PLAN - GROWTH;INF200KA1200;;10.6247;N.A.;N.A.;16-Aug-2014
125795;SBI DEBT FUND SERIES - 366 DAYS - 48 - REGULAR PLAN - DIVIDEND;INF200KA1218;;10.6139;N.A.;N.A.;16-Aug-2014
125796;SBI DEBT FUND SERIES - 366 DAYS - 48 - REGULAR PLAN - GROWTH;INF200KA1226;;10.6139;N.A.;N.A.;16-Aug-2014
126093;SBI DEBT FUND SERIES - 366 DAYS - 49 - DIRECT PLAN - DIVIDEND;INF200KA1275;;10.6116;N.A.;N.A.;16-Aug-2014
126094;SBI DEBT FUND SERIES - 366 DAYS - 49 - DIRECT PLAN - GROWTH;INF200KA1283;;10.6116;N.A.;N.A.;16-Aug-2014
126096;SBI DEBT FUND SERIES - 366 DAYS - 49 - REGULAR PLAN - DIVIDEND;INF200KA1291;;10.6010;N.A.;N.A.;16-Aug-2014
126095;SBI DEBT FUND SERIES - 366 DAYS - 49 - REGULAR PLAN - GROWTH;INF200KA1309;;10.6010;N.A.;N.A.;16-Aug-2014
126511;SBI DEBT FUND SERIES - 366 DAYS - 50 - DIRECT PLAN - DIVIDEND;INF200K01L59;;10.5452;N.A.;N.A.;16-Aug-2014
126512;SBI DEBT FUND SERIES - 366 DAYS - 50 - DIRECT PLAN - GROWTH;INF200K01L42;;10.5457;N.A.;N.A.;16-Aug-2014
126514;SBI DEBT FUND SERIES - 366 DAYS - 50 - REGULAR PLAN - DIVIDEND;INF200K01L34;;10.5362;N.A.;N.A.;16-Aug-2014
126513;SBI DEBT FUND SERIES - 366 DAYS - 50 - REGULAR PLAN - GROWTH;INF200K01L26;;10.5362;N.A.;N.A.;16-Aug-2014
126750;SBI DEBT FUND SERIES - 366 DAYS - 51 DIRECT PLAN - DIVIDEND;INF200KA1358;;10.5170;N.A.;N.A.;16-Aug-2014
126748;SBI DEBT FUND SERIES - 366 DAYS - 51 DIRECT PLAN - GROWTH;INF200KA1366;;10.5170;N.A.;N.A.;16-Aug-2014
126747;SBI DEBT FUND SERIES - 366 DAYS - 51 REGULAR PLAN - DIVIDEND;INF200KA1374;;10.5080;N.A.;N.A.;16-Aug-2014
126749;SBI DEBT FUND SERIES - 366 DAYS - 51 REGULAR PLAN - GROWTH;INF200KA1382;;10.5080;N.A.;N.A.;16-Aug-2014
127343;SBI DEBT FUND SERIES - 366 DAYS - 52 - DIRECT PLAN - DIVIDEND;INF200KA1531;;10.4961;N.A.;N.A.;16-Aug-2014
127344;SBI DEBT FUND SERIES - 366 DAYS - 52 - DIRECT PLAN - GROWTH;INF200KA1549;;10.4961;N.A.;N.A.;16-Aug-2014
127341;SBI DEBT FUND SERIES - 366 DAYS - 52 - REGULAR PLAN - DIVIDEND;INF200KA1556;;10.4908;N.A.;N.A.;16-Aug-2014
127342;SBI DEBT FUND SERIES - 366 DAYS - 52 - REGULAR PLAN - GROWTH;INF200KA1564;;10.4908;N.A.;N.A.;16-Aug-2014
127810;SBI DEBT FUND SERIES - 366 DAYS - 53 - DIRECT PLAN - DIVIDEND;INF200KA1606;;10.4727;N.A.;N.A.;16-Aug-2014
127811;SBI DEBT FUND SERIES - 366 DAYS - 53 - DIRECT PLAN - GROWTH;INF200KA1614;;10.4727;N.A.;N.A.;16-Aug-2014
127812;SBI DEBT FUND SERIES - 366 DAYS - 53 - REGULAR PLAN - DIVIDEND;INF200KA1622;;10.4654;N.A.;N.A.;16-Aug-2014
127813;SBI DEBT FUND SERIES - 366 DAYS - 53 - REGULAR PLAN - GROWTH;INF200KA1630;;10.4654;N.A.;N.A.;16-Aug-2014
128165;SBI DEBT FUND SERIES - 366 DAYS - 54 - DIRECT PLAN - DIVIDEND;INF200KA1788;;10.4194;N.A.;N.A.;16-Aug-2014
128167;SBI DEBT FUND SERIES - 366 DAYS - 54 - REGULAR PLAN - DIVIDEND;INF200KA1804;;10.4081;N.A.;N.A.;16-Aug-2014
128168;SBI DEBT FUND SERIES - 366 DAYS - 54 - REGULAR PLAN - GROWTH;INF200KA1812;;10.4081;N.A.;N.A.;16-Aug-2014
128166;SBI DEBT FUND SERIES - 366 DAYS - 54- DIRECT PLAN - GROWTH;INF200KA1796;;10.4194;N.A.;N.A.;16-Aug-2014
113321;SBI Debt Fund Series - 60 Months - 1 - Dividend;INF200K01CQ8;;13.3826;N.A.;N.A.;16-Aug-2014
113401;SBI Debt Fund Series - 60 Months - 1 - Growth;INF200K01CP0;;13.3825;N.A.;N.A.;16-Aug-2014
118220;SBI DEBT FUND SERIES - 60 MONTHS - 2 - DIVIDEND;INF200K01QD6;;11.3245;N.A.;N.A.;16-Aug-2014
118221;SBI DEBT FUND SERIES - 60 MONTHS - 2 - GROWTH;INF200K01QC8;;11.3245;N.A.;N.A.;16-Aug-2014
120901;SBI DEBT FUND SERIES - 60 MONTHS - 3 - DIRECT PLAN - DIVIDEND;INF200K01QQ8;;11.3003;N.A.;N.A.;16-Aug-2014
120900;SBI DEBT FUND SERIES - 60 MONTHS - 3 - DIRECT PLAN - GROWTH;INF200K01QP0;;11.3002;N.A.;N.A.;16-Aug-2014
120899;SBI DEBT FUND SERIES - 60 MONTHS - 3 - REGULAR PLAN - DIVIDEND;INF200K01QF1;;11.2088;N.A.;N.A.;16-Aug-2014
120898;SBI DEBT FUND SERIES - 60 MONTHS - 3 - REGULAR PLAN - GROWTH;INF200K01QE4;;11.2089;N.A.;N.A.;16-Aug-2014
126581;SBI DEBT FUND SERIES A - 1 DIRECT - GROWTH;INF200KA1AY0;;10.5477;N.A.;N.A.;16-Aug-2014
126582;SBI DEBT FUND SERIES A - 1 DIRECT PLAN - DIVIDEND;INF200KA1AZ7;;10.5477;N.A.;N.A.;16-Aug-2014
126580;SBI DEBT FUND SERIES A - 1 REGULAR PLAN - GROWTH;INF200KA1AW4;;10.5217;N.A.;N.A.;16-Aug-2014
126583;SBI DEBT FUND SERIES A - 1 REGULAR PLAN DIVIDEND;INF200KA1AX2;;10.5217;N.A.;N.A.;16-Aug-2014
128325;SBI DEBT FUND SERIES A - 10 DIRECT - GROWTH;INF200KA1BC4;;10.4146;N.A.;N.A.;16-Aug-2014
128326;SBI DEBT FUND SERIES A - 10 DIRECT PLAN - DIVIDEND;INF200KA1BD2;;10.4146;N.A.;N.A.;16-Aug-2014
128327;SBI DEBT FUND SERIES A - 10 REGULAR PLAN - DIVIDEND;INF200KA1BB6;;10.3940;N.A.;N.A.;16-Aug-2014
128328;SBI DEBT FUND SERIES A - 10 REGULAR PLAN - GROWTH;INF200KA1BA8;;10.3940;N.A.;N.A.;16-Aug-2014
128389;SBI DEBT FUND SERIES A - 11 DIRECT PLAN - DIVIDEND;INF200KA1AF9;;10.4065;N.A.;N.A.;16-Aug-2014
128388;SBI DEBT FUND SERIES A - 11 DIRECT PLAN - GROWTH;INF200KA1AE2;;10.4065;N.A.;N.A.;16-Aug-2014
128391;SBI DEBT FUND SERIES A - 11 REGULAR PLAN - DIVIDEND;INF200KA1AD4;;10.3843;N.A.;N.A.;16-Aug-2014
128390;SBI DEBT FUND SERIES A - 11 REGULAR PLAN - GROWTH;INF200KA1AC6;;10.3843;N.A.;N.A.;16-Aug-2014
128597;SBI DEBT FUND SERIES A - 12 DIRECT PLAN - DIVIDEND;INF200K013C4;;10.3881;N.A.;N.A.;16-Aug-2014
128594;SBI DEBT FUND SERIES A - 12 DIRECT PLAN - GROWTH;INF200K012C6;;10.3880;N.A.;N.A.;16-Aug-2014
128595;SBI DEBT FUND SERIES A - 12 REGULAR PLAN - DIVIDEND;INF200K011C8;;10.3751;N.A.;N.A.;16-Aug-2014
128596;SBI DEBT FUND SERIES A - 12 REGULAR PLAN - GROWTH;INF200K010C0;;10.3751;N.A.;N.A.;16-Aug-2014
128672;SBI DEBT FUND SERIES A - 13 DIRECT PLAN - DIVIDEND;INF200KA1978;;N.A.;N.A.;N.A.;16-Aug-2014
128674;SBI DEBT FUND SERIES A - 13 DIRECT PLAN - GROWTH;INF200KA1960;;10.3756;N.A.;N.A.;16-Aug-2014
128673;SBI DEBT FUND SERIES A - 13 REGULAR PLAN - DIVIDEND;INF200KA1952;;10.3629;N.A.;N.A.;16-Aug-2014
128671;SBI DEBT FUND SERIES A - 13 REGULAR PLAN - GROWTH;INF200KA1945;;10.3629;N.A.;N.A.;16-Aug-2014
128696;SBI DEBT FUND SERIES A - 14 DIRECT PLAN - DIVIDEND;INF200KA1AJ1;;10.3514;N.A.;N.A.;16-Aug-2014
128693;SBI DEBT FUND SERIES A - 14 DIRECT PLAN - GROWTH;INF200KA1AI3;;10.3514;N.A.;N.A.;16-Aug-2014
128694;SBI DEBT FUND SERIES A - 14 REGULAR PLAN - DIVIDEND;INF200KA1AH5;;10.3307;N.A.;N.A.;16-Aug-2014
128695;SBI DEBT FUND SERIES A - 14 REGULAR PLAN - GROWTH;INF200KA1AG7;;10.3307;N.A.;N.A.;16-Aug-2014
128701;SBI DEBT FUND SERIES A - 15 DIRECT PLAN - DIVIDEND;INF200K015D7;;10.3890;N.A.;N.A.;16-Aug-2014
128702;SBI DEBT FUND SERIES A - 15 DIRECT PLAN - GROWTH;INF200K014D0;;10.3890;N.A.;N.A.;16-Aug-2014
128703;SBI DEBT FUND SERIES A - 15 REGULAR PLAN - DIVIDEND;INF200K013D2;;10.3676;N.A.;N.A.;16-Aug-2014
128704;SBI DEBT FUND SERIES A - 15 REGULAR PLAN - GROWTH;INF200K012D4;;10.3676;N.A.;N.A.;16-Aug-2014
128930;SBI DEBT FUND SERIES A - 16 DIRECT PLAN - DIVIDEND;INF200KA1AB8;;N.A.;N.A.;N.A.;16-Aug-2014
128931;SBI DEBT FUND SERIES A - 16 DIRECT PLAN - GROWTH;INF200KA1AA0;;10.3367;N.A.;N.A.;16-Aug-2014
128932;SBI DEBT FUND SERIES A - 16 REGULAR PLAN - DIVIDEND;INF200KA1994;;10.3347;N.A.;N.A.;16-Aug-2014
128933;SBI DEBT FUND SERIES A - 16 REGULAR PLAN - GROWTH;INF200KA1986;;10.3347;N.A.;N.A.;16-Aug-2014
129120;SBI DEBT FUND SERIES A - 17 DIRECT PLAN - DIVIDEND;INF200KA1AV6;;10.2936;N.A.;N.A.;16-Aug-2014
129117;SBI DEBT FUND SERIES A - 17 DIRECT PLAN - GROWTH;INF200KA1AU8;;10.2936;N.A.;N.A.;16-Aug-2014
129119;SBI DEBT FUND SERIES A - 17 REGULAR PLAN - DIVIDEND;INF200KA1AT0;;10.2901;N.A.;N.A.;16-Aug-2014
129118;SBI DEBT FUND SERIES A - 17 REGULAR PLAN - GROWTH;INF200KA1AS2;;10.2901;N.A.;N.A.;16-Aug-2014
129297;SBI DEBT FUND SERIES A - 18 DIRECT PLAN - DIVIDEND;INF200KA1BH3;;10.2899;N.A.;N.A.;16-Aug-2014
129299;SBI DEBT FUND SERIES A - 18 DIRECT PLAN - GROWTH;INF200KA1BG5;;10.2899;N.A.;N.A.;16-Aug-2014
129300;SBI DEBT FUND SERIES A - 18 REGULAR PLAN - DIVIDEND;INF200KA1BF7;;10.2864;N.A.;N.A.;16-Aug-2014
129298;SBI DEBT FUND SERIES A - 18 REGULAR PLAN - GROWTH;INF200KA1BE0;;10.2864;N.A.;N.A.;16-Aug-2014
129366;SBI DEBT FUND SERIES A - 19 DIRECT PLAN - DIVIDEND;INF200KA1BP6;;10.2804;N.A.;N.A.;16-Aug-2014
129363;SBI DEBT FUND SERIES A - 19 DIRECT PLAN - GROWTH;INF200KA1BO9;;10.2804;N.A.;N.A.;16-Aug-2014
129364;SBI DEBT FUND SERIES A - 19 REGULAR PLAN - DIVIDEND;INF200KA1BN1;;10.2771;N.A.;N.A.;16-Aug-2014
129365;SBI DEBT FUND SERIES A - 19 REGULAR PLAN - GROWTH;INF200KA1BM3;;10.2771;N.A.;N.A.;16-Aug-2014
126912;SBI DEBT FUND SERIES A - 2 DIRECT - GROWTH;INF200KA1CI9;;10.5173;N.A.;N.A.;16-Aug-2014
126913;SBI DEBT FUND SERIES A - 2 DIRECT PLAN - DIVIDEND;INF200KA1CJ7;;N.A.;N.A.;N.A.;16-Aug-2014
126915;SBI DEBT FUND SERIES A - 2 REGULAR PLAN - DIVIDEND;INF200KA1CH1;;10.4961;N.A.;N.A.;16-Aug-2014
126914;SBI DEBT FUND SERIES A - 2 REGULAR PLAN - GROWTH;INF200KA1CG3;;10.4961;N.A.;N.A.;16-Aug-2014
129391;SBI DEBT FUND SERIES A - 20 DIRECT PLAN - DIVIDEND;INF200KA1BT8;;10.2749;N.A.;N.A.;16-Aug-2014
129392;SBI DEBT FUND SERIES A - 20 DIRECT PLAN - GROWTH;INF200KA1BS0;;10.2749;N.A.;N.A.;16-Aug-2014
129393;SBI DEBT FUND SERIES A - 20 REGULAR PLAN - DIVIDEND;INF200KA1BR2;;10.2717;N.A.;N.A.;16-Aug-2014
129394;SBI DEBT FUND SERIES A - 20 REGULAR PLAN - GROWTH;INF200KA1BQ4;;10.2717;N.A.;N.A.;16-Aug-2014
129442;SBI DEBT FUND SERIES A - 21 DIRECT PLAN - DIVIDEND;INF200KA1BX0;;10.2622;N.A.;N.A.;16-Aug-2014
129443;SBI DEBT FUND SERIES A - 21 DIRECT PLAN - GROWTH;INF200KA1BW2;;10.2622;N.A.;N.A.;16-Aug-2014
129445;SBI DEBT FUND SERIES A - 21 REGULAR PLAN - DIVIDEND;INF200KA1BV4;;10.2591;N.A.;N.A.;16-Aug-2014
129444;SBI DEBT FUND SERIES A - 21 REGULAR PLAN - GROWTH;INF200KA1BU6;;10.2591;N.A.;N.A.;16-Aug-2014
129658;SBI DEBT FUND SERIES A - 22 DIRECT PLAN - DIVIDEND;INF200KA1CV2;;10.2393;N.A.;N.A.;16-Aug-2014
129661;SBI DEBT FUND SERIES A - 22 DIRECT PLAN - GROWTH;INF200KA1CU4;;10.2393;N.A.;N.A.;16-Aug-2014
129659;SBI DEBT FUND SERIES A - 22 REGULAR PLAN - DIVIDEND;INF200KA1CT6;;10.2351;N.A.;N.A.;16-Aug-2014
129660;SBI DEBT FUND SERIES A - 22 REGULAR PLAN - GROWTH;INF200KA1CS8;;10.2351;N.A.;N.A.;16-Aug-2014
129662;SBI DEBT FUND SERIES A - 23 DIRECT PLAN - DIVIDEND;INF200K011H7;;10.2067;N.A.;N.A.;16-Aug-2014
129663;SBI DEBT FUND SERIES A - 23 DIRECT PLAN - GROWTH;INF200K010H9;;10.2067;N.A.;N.A.;16-Aug-2014
129664;SBI DEBT FUND SERIES A - 23 REGULAR PLAN - DIVIDEND;INF200K019G2;;10.1975;N.A.;N.A.;16-Aug-2014
129665;SBI DEBT FUND SERIES A - 23 REGULAR PLAN - GROWTH;INF200K018G4;;10.1976;N.A.;N.A.;16-Aug-2014
129707;SBI DEBT FUND SERIES A - 24 DIRECT PLAN - DIVIDEND;INF200KA1DR8;;10.2237;N.A.;N.A.;16-Aug-2014
129708;SBI DEBT FUND SERIES A - 24 DIRECT PLAN - GROWTH;INF200KA1DQ0;;10.2237;N.A.;N.A.;16-Aug-2014
129709;SBI DEBT FUND SERIES A - 24 REGULAR PLAN - DIVIDEND;INF200KA1DP2;;10.2196;N.A.;N.A.;16-Aug-2014
129710;SBI DEBT FUND SERIES A - 24 REGULAR PLAN - GROWTH;INF200KA1DO5;;10.2196;N.A.;N.A.;16-Aug-2014
129845;SBI DEBT FUND SERIES A - 25 DIRECT PLAN - DIVIDEND;INF200KA1DV0;;10.1985;N.A.;N.A.;16-Aug-2014
129848;SBI DEBT FUND SERIES A - 25 DIRECT PLAN - GROWTH;INF200KA1DU2;;10.1985;N.A.;N.A.;16-Aug-2014
129846;SBI DEBT FUND SERIES A - 25 REGULAR PLAN - DIVIDEND;INF200KA1DT4;;10.1955;N.A.;N.A.;16-Aug-2014
129847;SBI DEBT FUND SERIES A - 25 REGULAR PLAN - GROWTH;INF200KA1DS6;;10.1955;N.A.;N.A.;16-Aug-2014
129872;SBI DEBT FUND SERIES A - 26 (682 DAYS) DIRECT PLAN - DIVIDEND;INF200K013I1;;N.A.;N.A.;N.A.;16-Aug-2014
129869;SBI DEBT FUND SERIES A - 26 (682 DAYS) DIRECT PLAN - GROWTH;INF200K012I3;;10.1660;N.A.;N.A.;16-Aug-2014
129870;SBI DEBT FUND SERIES A - 26 (682 DAYS) REGULAR PLAN - DIVIDEND;INF200K011I5;;10.1595;N.A.;N.A.;16-Aug-2014
129871;SBI DEBT FUND SERIES A - 26 (682 DAYS) REGULAR PLAN - GROWTH;INF200K010I7;;10.1595;N.A.;N.A.;16-Aug-2014
129971;SBI DEBT FUND SERIES A - 27 (366 DAYS) DIRECT PLAN - DIVIDEND;INF200KA1EE4;;10.1757;N.A.;N.A.;16-Aug-2014
129972;SBI DEBT FUND SERIES A - 27 (366 DAYS) DIRECT PLAN - GROWTH;INF200KA1EF1;;10.1757;N.A.;N.A.;16-Aug-2014
129973;SBI DEBT FUND SERIES A - 27 (366 DAYS) REGULAR PLAN - DIVIDEND;INF200KA1EG9;;10.1732;N.A.;N.A.;16-Aug-2014
129974;SBI DEBT FUND SERIES A - 27 (366 DAYS) REGULAR PLAN - GROWTH;INF200KA1EH7;;10.1732;N.A.;N.A.;16-Aug-2014
130027;SBI DEBT FUND SERIES A - 28 (367 DAYS) - DIRECT PLAN - DIVIDEND;INF200KA1EP0;;10.1547;N.A.;N.A.;16-Aug-2014
130026;SBI DEBT FUND SERIES A - 28 (367 DAYS) - DIRECT PLAN - GROWTH;INF200KA1EO3;;10.1547;N.A.;N.A.;16-Aug-2014
130028;SBI DEBT FUND SERIES A - 28 (367 DAYS) - REGULAR PLAN - DIVIDEND;INF200KA1EN5;;10.1525;N.A.;N.A.;16-Aug-2014
130025;SBI DEBT FUND SERIES A - 28 (367 DAYS) - REGULAR PLAN - GROWTH;INF200KA1EM7;;10.1525;N.A.;N.A.;16-Aug-2014
130160;SBI Debt Fund Series A - 29 (91 Days)  Direct - Dividend;INF200K019J6;;10.1557;N.A.;N.A.;16-Aug-2014
130157;SBI Debt Fund Series A - 29 (91 Days)  Direct - Growth;INF200K018J8;;10.1557;N.A.;N.A.;16-Aug-2014
130159;SBI Debt Fund Series A - 29 (91 Days)  Regular Plan - Dividend;INF200K017J0;;10.1538;N.A.;N.A.;16-Aug-2014
130158;SBI Debt Fund Series A - 29 (91 Days)  Regular Plan - Growth;INF200K016J2;;10.1538;N.A.;N.A.;16-Aug-2014
127111;SBI DEBT FUND SERIES A - 3 DIRECT - GROWTH;INF200KA1AQ6;;10.4946;N.A.;N.A.;16-Aug-2014
127112;SBI DEBT FUND SERIES A - 3 DIRECT PLAN - DIVIDEND;INF200KA1AR4;;10.4954;N.A.;N.A.;16-Aug-2014
127113;SBI DEBT FUND SERIES A - 3 REGULAR PLAN - DIVIDEND;INF200KA1AP8;;10.4801;N.A.;N.A.;16-Aug-2014
127114;SBI DEBT FUND SERIES A - 3 REGULAR PLAN - GROWTH;INF200KA1AO1;;10.4801;N.A.;N.A.;16-Aug-2014
130232;SBI DEBT FUND SERIES A - 30 (91 DAYS) DIRECT PLAN - DIVIDEND;INF200K013K7;;10.1393;N.A.;N.A.;16-Aug-2014
130231;SBI DEBT FUND SERIES A - 30 (91 DAYS) DIRECT PLAN - GROWTH;INF200K012K9;;10.1393;N.A.;N.A.;16-Aug-2014
130233;SBI DEBT FUND SERIES A - 30 (91 DAYS) REGULAR PLAN - DIVIDEND;INF200K011K1;;10.1376;N.A.;N.A.;16-Aug-2014
130234;SBI DEBT FUND SERIES A - 30 (91 DAYS) REGULAR PLAN - GROWTH;INF200K010K3;;10.1376;N.A.;N.A.;16-Aug-2014
130236;SBI DEBT FUND SERIES A - 31 (367 DAYS) DIRECT PLAN - DIVIDEND;INF200KA1EX4;;10.1232;N.A.;N.A.;16-Aug-2014
130238;SBI DEBT FUND SERIES A - 31 (367 DAYS) DIRECT PLAN - GROWTH;INF200KA1EW6;;10.1232;N.A.;N.A.;16-Aug-2014
130235;SBI DEBT FUND SERIES A - 31 (367 DAYS) REGULAR PLAN - DIVIDEND;INF200KA1EV8;;10.1215;N.A.;N.A.;16-Aug-2014
130237;SBI DEBT FUND SERIES A - 31 (367 DAYS) REGULAR PLAN - GROWTH;INF200KA1EU0;;10.1215;N.A.;N.A.;16-Aug-2014
130282;SBI DEBT FUND SERIES A - 32 (367 DAYS) DIRECT PLAN - DIVIDEND;INF200KA1FB7;;10.1076;N.A.;N.A.;16-Aug-2014
130283;SBI DEBT FUND SERIES A - 32 (367 DAYS) DIRECT PLAN - GROWTH;INF200KA1FA9;;10.1076;N.A.;N.A.;16-Aug-2014
130284;SBI DEBT FUND SERIES A - 32 (367 DAYS) REGULAR PLAN - DIVIDEND;INF200KA1EZ9;;10.1061;N.A.;N.A.;16-Aug-2014
130281;SBI DEBT FUND SERIES A - 32 (367 DAYS) REGULAR PLAN - GROWTH;INF200KA1EY2;;10.1060;N.A.;N.A.;16-Aug-2014
130285;SBI DEBT FUND SERIES A - 33 (36 Months) DIRECT PLAN - DIVIDEND;INF200K015L0;;10.0967;N.A.;N.A.;16-Aug-2014
130286;SBI DEBT FUND SERIES A - 33 (36 Months) DIRECT PLAN - GROWTH;INF200K014L3;;10.0967;N.A.;N.A.;16-Aug-2014
130287;SBI DEBT FUND SERIES A - 33 (36 Months) REGULAR PLAN - DIVIDEND;INF200K013L5;;10.0917;N.A.;N.A.;16-Aug-2014
130288;SBI DEBT FUND SERIES A - 33 (36 Months) REGULAR PLAN - GROWTH;INF200K012L7;;10.0917;N.A.;N.A.;16-Aug-2014
130321;SBI DEBT FUND SERIES A - 34 (367 Days)  REGULAR PLAN - DIVIDEND;INF200KA1FD3;;10.0999;N.A.;N.A.;16-Aug-2014
130324;SBI DEBT FUND SERIES A - 34 (367 DAYS) DIRECT PLAN - DIVIDEND;INF200KA1FF8;;10.1035;N.A.;N.A.;16-Aug-2014
130322;SBI DEBT FUND SERIES A - 34 (367 DAYS) DIRECT PLAN - GROWTH;INF200KA1FE1;;10.1035;N.A.;N.A.;16-Aug-2014
130323;SBI DEBT FUND SERIES A - 34 (367 DAYS) REGULAR PLAN - GROWTH;INF200KA1FC5;;10.1019;N.A.;N.A.;16-Aug-2014
130444;SBI DEBT FUND SERIES A - 35 (369 DAYS) DIRECT PLAN - DIVIDEND;INF200KA1FN2;;N.A.;N.A.;N.A.;16-Aug-2014
130445;SBI DEBT FUND SERIES A - 35 (369 DAYS) DIRECT PLAN - GROWTH;INF200KA1FM4;;10.0771;N.A.;N.A.;16-Aug-2014
130443;SBI DEBT FUND SERIES A - 35 (369 Days) REGULAR PLAN - DIVIDEND;INF200KA1FL6;;10.0758;N.A.;N.A.;16-Aug-2014
130442;SBI DEBT FUND SERIES A - 35 (369 DAYS) REGULAR PLAN - GROWTH;INF200KA1FK8;;10.0758;N.A.;N.A.;16-Aug-2014
130599;SBI DEBT FUND SERIES A - 36 (36 Months) DIRECT PLAN - DIVIDEND;INF200K017M4;;10.0995;N.A.;N.A.;16-Aug-2014
130601;SBI DEBT FUND SERIES A - 36 (36 Months) DIRECT PLAN - GROWTH;INF200K016M6;;10.0994;N.A.;N.A.;16-Aug-2014
130600;SBI DEBT FUND SERIES A - 36 (36 Months) REGULAR PLAN - DIVIDEND;INF200K015M8;;10.0958;N.A.;N.A.;16-Aug-2014
130602;SBI DEBT FUND SERIES A - 36 (36 Months) REGULAR PLAN - GROWTH;INF200K014M1;;10.0958;N.A.;N.A.;16-Aug-2014
130830;SBI DEBT FUND SERIES A - 38 (1100 DAYS) DIRECT PLAN - DIVIDEND;INF200K019N8;;10.0212;N.A.;N.A.;16-Aug-2014
130831;SBI DEBT FUND SERIES A - 38 (1100 DAYS) DIRECT PLAN - GROWTH;INF200K018N0;;10.0212;N.A.;N.A.;16-Aug-2014
130832;SBI DEBT FUND SERIES A - 38 (1100 Days) REGULAR PLAN - DIVIDEND;INF200K017N2;;10.0197;N.A.;N.A.;16-Aug-2014
130833;SBI DEBT FUND SERIES A - 38 (1100 DAYS) REGULAR PLAN - GROWTH;INF200K016N4;;10.0197;N.A.;N.A.;16-Aug-2014
127337;SBI DEBT FUND SERIES A - 4 DIRECT - GROWTH;INF200K01Z04;;10.5108;N.A.;N.A.;16-Aug-2014
127340;SBI DEBT FUND SERIES A - 4 DIRECT PLAN - DIVIDEND;INF200K01Z12;;10.5108;N.A.;N.A.;16-Aug-2014
127338;SBI DEBT FUND SERIES A - 4 REGULAR PLAN - DIVIDEND;INF200K01Y96;;10.4915;N.A.;N.A.;16-Aug-2014
127339;SBI DEBT FUND SERIES A - 4 REGULAR PLAN - GROWTH;INF200K01Y88;;10.4915;N.A.;N.A.;16-Aug-2014
130868;SBI DEBT FUND SERIES A - 41 (91 DAYS) - DIRECT PLAN - DIVIDEND;INF200K013O9;;10.0255;N.A.;N.A.;16-Aug-2014
130867;SBI DEBT FUND SERIES A - 41 (91 DAYS) - DIRECT PLAN - GROWTH;INF200K012O1;;10.0255;N.A.;N.A.;16-Aug-2014
130869;SBI DEBT FUND SERIES A - 41 (91 DAYS) - REGULAR PLAN - DIVIDEND;INF200K011O3;;10.0252;N.A.;N.A.;16-Aug-2014
130866;SBI DEBT FUND SERIES A - 41 (91 DAYS) - REGULAR PLAN - GROWTH;INF200K010O5;;10.0250;N.A.;N.A.;16-Aug-2014
127516;SBI DEBT FUND SERIES A - 5 DIRECT - GROWTH;INF200KA1AM5;;10.4810;N.A.;N.A.;16-Aug-2014
127517;SBI DEBT FUND SERIES A - 5 DIRECT PLAN - DIVIDEND;INF200KA1AN3;;10.4809;N.A.;N.A.;16-Aug-2014
127514;SBI DEBT FUND SERIES A - 5 REGULAR PLAN - DIVIDEND;INF200KA1AL7;;10.4693;N.A.;N.A.;16-Aug-2014
127515;SBI DEBT FUND SERIES A - 5 REGULAR PLAN - GROWTH;INF200KA1AK9;;10.4693;N.A.;N.A.;16-Aug-2014
128158;SBI DEBT FUND SERIES A - 6 DIRECT - GROWTH;INF200K01Z87;;10.4718;N.A.;N.A.;16-Aug-2014
128159;SBI DEBT FUND SERIES A - 6 DIRECT PLAN - DIVIDEND;INF200K01Z95;;N.A.;N.A.;N.A.;16-Aug-2014
128160;SBI DEBT FUND SERIES A - 6 REGULAR PLAN - DIVIDEND;INF200K01Z79;;10.4483;N.A.;N.A.;16-Aug-2014
128157;SBI DEBT FUND SERIES A - 6 REGULAR PLAN - GROWTH;INF200K01Z61;;10.4483;N.A.;N.A.;16-Aug-2014
128161;SBI DEBT FUND SERIES A - 7 DIRECT - GROWTH;INF200K012A0;;10.4618;N.A.;N.A.;16-Aug-2014
128162;SBI DEBT FUND SERIES A - 7 DIRECT PLAN - DIVIDEND;INF200K013A8;;10.4618;N.A.;N.A.;16-Aug-2014
128163;SBI DEBT FUND SERIES A - 7 REGULAR PLAN - DIVIDEND;INF200K011A2;;10.4419;N.A.;N.A.;16-Aug-2014
128164;SBI DEBT FUND SERIES A - 7 REGULAR PLAN - GROWTH;INF200K010A4;;10.4419;N.A.;N.A.;16-Aug-2014
128321;SBI DEBT FUND SERIES A - 9 DIRECT - GROWTH;INF200KA1713;;10.4202;N.A.;N.A.;16-Aug-2014
128322;SBI DEBT FUND SERIES A - 9 DIRECT PLAN - DIVIDEND;INF200KA1721;;N.A.;N.A.;N.A.;16-Aug-2014
128324;SBI DEBT FUND SERIES A - 9 REGULAR PLAN - DIVIDEND;INF200KA1739;;10.4083;N.A.;N.A.;16-Aug-2014
128323;SBI DEBT FUND SERIES A - 9 REGULAR PLAN - GROWTH;INF200KA1705;;10.4083;N.A.;N.A.;16-Aug-2014
126466;SBI Dual Advantage Fund Series - I - Direct Plan - Dividend;INF200K01X55;;10.9888;N.A.;N.A.;16-Aug-2014
126465;SBI Dual Advantage Fund Series - I - Direct Plan - Growth;INF200K01X48;;11.0045;N.A.;N.A.;16-Aug-2014
126464;SBI Dual Advantage Fund Series - I - Regular Plan - Dividend;INF200K01X30;;10.9737;N.A.;N.A.;16-Aug-2014
126463;SBI Dual Advantage Fund Series - I - Regular Plan - Growth;INF200K01X22;;10.9736;N.A.;N.A.;16-Aug-2014
129423;SBI Dual Advantage Fund Series - II Direct Plan - Dividend;INF200K015F2;;10.2974;N.A.;N.A.;16-Aug-2014
129421;SBI Dual Advantage Fund Series - II Direct Plan - Growth;INF200K014F5;;10.2974;N.A.;N.A.;16-Aug-2014
129422;SBI Dual Advantage Fund Series - II Regular Plan - Dividend;INF200K013F7;;10.2946;N.A.;N.A.;16-Aug-2014
129424;SBI Dual Advantage Fund Series - II Regular Plan - Growth;INF200K012F9;;10.2946;N.A.;N.A.;16-Aug-2014
130023;SBI Dual Advantage Fund - Series III - Direct Plan - Dividend;INF200K015J4;;10.1047;N.A.;N.A.;16-Aug-2014
130024;SBI Dual Advantage Fund - Series III - Direct Plan - Growth;INF200K014J7;;10.1047;N.A.;N.A.;16-Aug-2014
130022;SBI Dual Advantage Fund - Series III - Regular Plan - Dividend;INF200K013J9;;10.1031;N.A.;N.A.;16-Aug-2014
130021;SBI Dual Advantage Fund - Series III - Regular Plan - Growth;INF200K012J1;;10.1030;N.A.;N.A.;16-Aug-2014
