Scheme Code;Scheme Name;ISIN Div Payout/ISIN Growth;ISIN Div Reinvestment;Net Asset Value;Repurchase Price;Sale Price;Date

Open Ended Schemes ( Liquid )


ING Mutual Fund
119935;ING Liquid Fund - Super Institutional Plan - Direct Plan - Growth Option;INF084M01BY8;;19.1319;19.1319;19.1319;30-Mar-2014
119933;ING Liquid Fund - Super Institutional Plan - Direct Plan- Daily Dividend Option;;INF084M01BZ5;10.0171;10.0171;10.0171;30-Mar-2014
119934;ING Liquid Fund - Super Institutional Plan - Direct Plan- Weekly Dividend Option;INF084M01CB4;INF084M01CA6;10.0313;10.0313;10.0313;30-Mar-2014
100198;ING Liquid Fund-Institutional Daily Dividend Option;INF084M01473;;10.0171;10.0171;10.0171;30-Mar-2014
100196;ING Liquid Fund-Institutional Growth Option;INF084M01465;;19.9093;19.9093;19.9093;30-Mar-2014
100197;ING Liquid Fund-Institutional Weekly Dividend Option;INF084M01499;INF084M01481;10.0774;10.0774;10.0774;30-Mar-2014
100192;ING Liquid Fund-Regular Daily Dividend Option;INF084M01432;;10.7873;10.7873;10.7873;30-Mar-2014
100190;ING Liquid Fund-Regular Growth Option;INF084M01424;;26.2665;26.2665;26.2665;30-Mar-2014
100191;ING Liquid Fund-Regular Weekly Dividend Option;INF084M01457;INF084M01440;10.8487;10.8487;10.8487;30-Mar-2014
100200;ING Liquid Fund-Super Institutional Daily Dividend Option;INF084M01515;;10.0171;10.0171;10.0171;30-Mar-2014
100199;ING Liquid Fund-Super Institutional Growth Option;INF084M01507;;19.0802;19.0802;19.0802;30-Mar-2014
100201;ING Liquid Fund-Super Institutional Weekly Dividend Option;INF084M01531;INF084M01523;10.0307;10.0307;10.0307;30-Mar-2014

JM Financial Mutual Fund
122314;JM Floater Short Term Fund (Direct) - Bonus Option - Principal Units;INF192K01EV3;;19.9819;19.9819;19.9819;30-Mar-2014
120414;JM Floater Short Term Fund (Direct) - Daily Dividend Option;;INF192K01CF0;10.0884;10.0884;10.0884;30-Mar-2014
120415;JM Floater Short Term Fund (Direct) - Growth Option;INF192K01CG8;;19.9825;19.9825;19.9825;30-Mar-2014
122322;JM Floater Short Term Fund - Bonus Option - Principal Units;INF192K01ET7;;19.9408;19.9408;19.9408;30-Mar-2014
101420;JM Floater Short Term Fund - Daily Dividend Option;;INF192K01767;10.0883;10.0883;10.0883;30-Mar-2014
101421;JM Floater Short Term Fund - Growth Option;INF192K01775;;19.9408;19.9408;19.9408;30-Mar-2014

PGIM India Mutual Fund
120102;DHFL Pramerica Liquid Fund - Direct Plan-Daily Dividend Option;;INF663L01633;1000.4200;1000.4200;1000.4200;30-Mar-2014
120104;DHFL Pramerica Liquid Fund - Direct Plan-Growth Option;INF663L01625;;1368.8831;1368.8831;1368.8831;30-Mar-2014
120105;DHFL Pramerica Liquid Fund - Direct Plan-Monthly Dividend Option;INF663L01682;INF663L01666;1001.2129;1001.2129;1001.2129;30-Mar-2014
120106;DHFL Pramerica Liquid Fund - Direct Plan-Weekly Dividend - Option;;INF663L01641;1001.4727;1001.4727;1001.4727;30-Mar-2014
113184;DHFL Pramerica Liquid Fund - Dividend Option - Daily;;INF663L01088;1000.3700;1000.3700;1000.3700;30-Mar-2014
113187;DHFL Pramerica Liquid Fund - Dividend Option - Fortnightly;INF663L01120;INF663L01104;1001.1106;1001.1106;1001.1106;30-Mar-2014
113186;DHFL Pramerica Liquid Fund - Dividend Option - Monthly;INF663L01138;INF663L01112;1001.1085;1001.1085;1001.1085;30-Mar-2014
113183;DHFL Pramerica Liquid Fund - Growth Option;INF663L01070;;1367.1510;1367.1510;1367.1510;30-Mar-2014
113185;DHFL Pramerica Liquid Fund -Dividend Option- Weekly;;INF663L01096;1001.3280;1001.3280;1001.3280;30-Mar-2014
122257;DHFL Pramerica Liquid Fund-Bonus Option;INF663L01BD5;;1366.9825;1366.9825;1366.9825;30-Mar-2014
122258;DHFL Pramerica Liquid Fund-Direct Plan-Bonus Option;INF663L01BE3;;1368.6440;1368.6440;1368.6440;30-Mar-2014

PineBridge Mutual Fund
119355;PineBridge India Liquid Fund- Direct Plan- Daily Dividend Option;;INF178L01AV8;1001.0000;1001.0000;1001.0000;30-Mar-2014
119360;PineBridge India Liquid Fund- Direct Plan- Growth Option;INF178L01AP0;;1609.4757;1609.4757;1609.4757;30-Mar-2014
106513;PineBridge India Liquid Fund- Standard Plan-Daily Dividend Option;;INF178L01699;1001.0000;1001.0000;1001.0000;30-Mar-2014
106508;PineBridge India Liquid Fund- Standard Plan-Growth Option;INF178L01715;;1607.9770;1607.9770;1607.9770;30-Mar-2014
106519;PineBridge India Liquid Fund- Standard Plan-Monthly Dividend Option;INF178L01723;INF178L01731;1002.2935;1002.2935;1002.2935;30-Mar-2014
106520;PineBridge India Liquid Fund- Standard Plan-Quarterly Dividend Option;INF178L01749;INF178L01756;1002.3031;1002.3031;1002.3031;30-Mar-2014
106509;PineBridge India Liquid Fund- Standard Plan-Weekly Dividend Option;;INF178L01764;1002.5290;1002.5290;1002.5290;30-Mar-2014
106503;PineBridge India Liquid Fund-Retail Plan-DailyDividend Option;;INF178L01533;1001.0000;1001.0000;1001.0000;30-Mar-2014
106514;PineBridge India Liquid Fund-Retail Plan-Growth Option;INF178L01558;;1570.7178;1570.7178;1570.7178;30-Mar-2014
106504;PineBridge India Liquid Fund-Retail Plan-Monthly Dividend Option;INF178L01566;INF178L01574;1002.2911;1002.2911;1002.2911;30-Mar-2014
106510;PineBridge India Liquid Fund-Retail Plan-Weekly Dividend Option;;INF178L01608;1002.5300;1002.5300;1002.5300;30-Mar-2014

Sahara Mutual Fund
101397;Sahara Liquid Fund-Fixed Pricing -  Weekly Dividend Option;;INF515L01064;1027.4373;1027.4373;1027.4373;30-Mar-2014
101393;Sahara Liquid Fund-Fixed Pricing - Daily Dividend Option;;INF515L01049;1037.9204;1037.9204;1037.9204;30-Mar-2014
120265;Sahara Liquid Fund-Fixed Pricing - Direct - Weekly Dividend Option;;INF515L01668;1027.4373;1027.4373;1027.4373;30-Mar-2014
120262;Sahara Liquid Fund-Fixed Pricing - Direct -Growth option;INF515L01650;;2299.2670;2299.2670;2299.2670;30-Mar-2014
101394;Sahara Liquid Fund-Fixed Pricing - Growth option;INF515L01056;;2298.5848;2298.5848;2298.5848;30-Mar-2014
101398;Sahara Liquid Fund-Fixed Pricing - Monthly Dividend Option;;INF515L01072;1040.1714;1040.1714;1040.1714;30-Mar-2014
120253;Sahara Liquid Fund-Fixed Pricing -Direct - Daily Dividend Option- Direct;;INF515L01643;1037.9204;1037.9204;1037.9204;30-Mar-2014
120266;Sahara Liquid Fund-Fixed Pricing -Direct - Monthly Dividend Option;;INF515L01676;1040.1714;1040.1714;1040.1714;30-Mar-2014
101399;Sahara Liquid Fund-Variable Pricing - Daily Dividend option;;INF515L01080;1037.9720;1037.9720;1037.9720;30-Mar-2014
101402;Sahara Liquid Fund-Variable Pricing - Growth option;INF515L01114;;2322.6164;2322.6164;2322.6164;30-Mar-2014
101400;Sahara Liquid Fund-Variable Pricing - Weekly Dividend Option;;INF515L01098;1043.8456;1043.8456;1043.8456;30-Mar-2014
120271;Sahara Liquid Fund-Variable Pricing -Direct - Daily Dividend option;;INF515L01684;1037.9720;1037.9720;1037.9720;30-Mar-2014
120280;Sahara Liquid Fund-Variable Pricing -Direct - Growth option;INF515L01718;;2323.7533;2323.7533;2323.7533;30-Mar-2014
120272;Sahara Liquid Fund-Variable Pricing -Direct - Weekly Dividend Option;;INF515L01692;1043.8456;1043.8456;1043.8456;30-Mar-2014
120273;Sahara Liquid Fund-Variable Pricing- Direct - Monthly Dividend Option;;INF515L01700;1049.1074;1049.1074;1049.1074;30-Mar-2014
101401;Sahara Liquid Fund-Variable Pricing- Monthly Dividend Option;;INF515L01106;1044.7557;1044.7557;1044.7557;30-Mar-2014

Tata Mutual Fund
101987;Tata Liquid Fund Reglar Plan - Monthly Dividend;INF277K01LR5;INF277K01LS3;1000.8058;1000.8058;1000.8058;30-Mar-2014
101861;Tata Liquid Fund-Regular Plan  - Weekly Dividend;INF277K016C5;;1002.0463;1002.0463;1002.0463;30-Mar-2014
101984;Tata Liquid High Investment Plan - Daily;;;1114.3379;1114.3379;1114.3379;30-Mar-2014
101860;Tata Liquid High Investment Plan - Growth;INF277K01LN4;;2096.4971;2096.4971;2096.4971;30-Mar-2014
101985;Tata Liquid High Investment Plan - Monthly;INF277K01LO2;INF277K01LP9;1020.4703;1020.4703;1020.4703;30-Mar-2014
101859;Tata Liquid High Investment Plan - Weekly;;;1148.1630;1148.1630;1148.1630;30-Mar-2014
101982;Tata Liquid Retail Investment PLan - Daily;;;1116.8143;1116.8143;1116.8143;30-Mar-2014
101983;Tata Liquid Retail Investment Plan - Fortnightly;;;1145.9621;1145.9621;1145.9621;30-Mar-2014
101858;Tata Liquid Retail Investment Plan - Growth;INF277K01LM6;;2871.4997;2871.4997;2871.4997;30-Mar-2014
103631;Tata Liquidity Management Fund - Regular Plan - Daily Dividend;;;1002.6089;1002.6089;1002.6089;30-Mar-2014
103632;Tata Liquidity Management Fund - Regular Plan - Growth;INF277K01LW5;;1721.9582;1721.9582;1721.9582;30-Mar-2014
103519;Tata Liquidity Management Fund - Regular Plan  -Weekly Dividend;;;1007.0981;1007.0981;1007.0981;30-Mar-2014
119443;Tata Liquidity Management Fund- Direct Plan-Daily Dividend;;;1002.6089;1002.6089;1002.6089;30-Mar-2014
119444;Tata Liquidity Management Fund- Direct Plan-Growth;INF277K01PU0;;1723.3050;1723.3050;1723.3050;30-Mar-2014
119442;Tata Liquidity Management Fund- Direct Plan-Weekly Dividend;;;1007.1081;1007.1081;1007.1081;30-Mar-2014

Open Ended Schemes ( Money Market )


Tata Mutual Fund
102152;Tata Money Market Fund Regular (Bonus / Dividend);;;1016.4723;1016.4723;1016.4723;30-Mar-2014
102153;Tata Money Market Fund Regular (Growth);INF277K01LY1;;2013.6135;2013.6135;2013.6135;30-Mar-2014

Open Ended Schemes ( Debt Scheme - Overnight Fund )


SBI Mutual Fund
119831;SBI Overnight Fund - Direct Plan - Daily Income Distribution cum Capital Withdrawal Option (IDCW);;INF200K01TJ7;1009.9100;1004.8605;1009.9100;30-Mar-2014
119833;SBI OVERNIGHT FUND - DIRECT PLAN - GROWTH;INF200K01TK5;;2201.5552;2190.5474;2201.5552;30-Mar-2014
119832;SBI Overnight Fund - Direct Plan - Weekly Income Distribution cum Capital Withdrawal Option (IDCW);INF200K01TL3;INF200K01TM1;1031.4282;1026.2711;1031.4282;30-Mar-2014
114297;SBI Overnight Fund - Regular Plan - Daily Income Distribution cum Capital Withdrawal Option (IDCW);;INF200K01LN6;1009.9100;1004.8605;1009.9100;30-Mar-2014
101206;SBI OVERNIGHT FUND - REGULAR PLAN - GROWTH;INF200K01LQ9;;2197.6736;2186.6852;2197.6736;30-Mar-2014
103140;SBI Overnight Fund - Regular Plan - Weekly Income Distribution cum Capital Withdrawal Option (IDCW);INF200K01LO4;INF200K01LP1;1031.4160;1026.2589;1031.4160;30-Mar-2014

Open Ended Schemes ( Debt Scheme - Liquid Fund )


Axis Mutual Fund
120388;Axis Liquid Fund - Direct Plan - Daily IDCW;;INF846K01DA0;1000.3052;1000.3052;1000.3052;30-Mar-2014
120389;Axis Liquid Fund - Direct Plan - Growth Option;INF846K01CX4;;1421.8535;1421.8535;1421.8535;30-Mar-2014
120391;Axis Liquid Fund - Direct Plan - Monthly IDCW;INF846K01CY2;INF846K01CZ9;1001.6274;1001.6274;1001.6274;30-Mar-2014
120390;Axis Liquid Fund - Direct Plan - Weekly IDCW;INF846K01DB8;INF846K01DC6;1003.9048;1003.9048;1003.9048;30-Mar-2014
112211;Axis Liquid Fund - Regular Plan - Daily IDCW;;INF846K01420;1000.3052;1000.3052;1000.3052;30-Mar-2014
112210;Axis Liquid Fund - Regular Plan - Growth Option;INF846K01412;;1420.6456;1420.6456;1420.6456;30-Mar-2014
112213;Axis Liquid Fund - Regular Plan - Monthly IDCW;INF846K01453;INF846K01461;1001.6226;1001.6226;1001.6226;30-Mar-2014
112212;Axis Liquid Fund - Regular Plan - Weekly IDCW;INF846K01438;INF846K01446;1003.8948;1003.8948;1003.8948;30-Mar-2014
112712;Axis Liquid Fund - Retail Plan - Daily IDCW;;INF846K01362;1000.3052;1000.3052;1000.3052;30-Mar-2014
112713;Axis Liquid Fund - Retail Plan - Growth Option;INF846K01354;;1377.6772;1377.6772;1377.6772;30-Mar-2014
112714;Axis Liquid Fund - Retail Plan - Monthly IDCW;INF846K01396;INF846K01404;1001.5511;1001.5511;1001.5511;30-Mar-2014
112715;Axis Liquid Fund - Retail Plan - Weekly IDCW;INF846K01370;INF846K01388;1001.8285;1001.8285;1001.8285;30-Mar-2014

Canara Robeco Mutual Fund
118307;CANARA ROBECO LIQUID FUND - DIRECT PLAN - DAILY IDCW (Reinvestment);;INF760K01FS0;1005.5000;1005.5000;1005.5000;30-Mar-2014
118305;CANARA ROBECO LIQUID FUND - DIRECT PLAN - GROWTH OPTION;INF760K01FU6;;1560.0164;1560.0164;1560.0164;30-Mar-2014
118304;CANARA ROBECO LIQUID FUND - DIRECT PLAN - IDCW (Payout/Reinvestment);INF760K01FT8;;1116.8733;1116.8733;1116.8733;30-Mar-2014
118306;CANARA ROBECO LIQUID FUND - DIRECT PLAN - MONTHLY IDCW (Payout/Reinvestment);INF760K01FV4;INF760K01FW2;1001.1330;1001.1330;1001.1330;30-Mar-2014
118308;CANARA ROBECO LIQUID FUND - DIRECT PLAN - WEEKLY IDCW (Payout/Reinvestment);INF760K01FY8;INF760K01FX0;1001.1320;1001.1320;1001.1320;30-Mar-2014
109349;CANARA ROBECO LIQUID FUND - REGULAR PLAN - DAILY IDCW (Reinvestment);;INF760K01CU3;1005.5000;1005.5000;1005.5000;30-Mar-2014
109353;CANARA ROBECO LIQUID FUND - REGULAR PLAN - GROWTH OPTION;INF760K01CW9;;1558.9051;1558.9051;1558.9051;30-Mar-2014
109351;CANARA ROBECO LIQUID FUND - REGULAR PLAN - MONTHLY IDCW (Payout/Reinvestment);INF760K01CX7;INF760K01CY5;1001.1137;1001.1137;1001.1137;30-Mar-2014
109350;CANARA ROBECO LIQUID FUND - REGULAR PLAN - WEEKLY IDCW (Payout/Reinvestment);INF760K01BZ4;INF760K01CZ2;1001.1136;1001.1136;1001.1136;30-Mar-2014
101363;Canara Robeco Liquid Fund- INSTITUTIONAL-Daily Dividend Reinvestment;;INF760K01CC1;1005.5000;1005.5000;1005.5000;30-Mar-2014
101362;Canara Robeco Liquid Fund- INSTITUTIONAL-Growth;INF760K01CD9;;2294.0290;2294.0290;2294.0290;30-Mar-2014
101364;Canara Robeco Liquid Fund-Retail-DRI;;INF760K01CF4;1007.0000;1007.0000;1007.0000;30-Mar-2014
101365;Canara Robeco Liquid Fund-Retail-Growth;INF760K01CH0;;2245.6677;2245.6677;2245.6677;30-Mar-2014
109347;Canara Robeco Liquid Fund-Retail-Monthly Div Reinvest;;INF760K01CI8;1006.4637;1006.4637;1006.4637;30-Mar-2014
109356;Canara Robeco Liquid Fund-Retail-Weekly Div Reinvest;;INF760K01CJ6;1006.4638;1006.4638;1006.4638;30-Mar-2014

JM Financial Mutual Fund
100237;JM High Liquidity Fund-- Institutional Plan - Growth;INF192K01940;;21.1286;21.1286;21.1286;30-Mar-2014
100238;JM High Liquidity Fund-Institutional Plan - Daily Dividend;;INF192K01916;10.0159;10.0159;10.0159;30-Mar-2014
120410;JM Liquid Fund (Direct) - Bonus Option - Bonus Option - Principal units;INF192K01CN4;;11.2244;11.2244;11.2244;30-Mar-2014
120411;JM Liquid Fund (Direct) - Daily IDCW;;INF192K01CH6;10.4302;10.4302;10.4302;30-Mar-2014
120406;JM Liquid Fund (Direct) - Growth Option;INF192K01CM6;;35.0269;35.0269;35.0269;30-Mar-2014
120408;JM Liquid Fund (Direct) - Quarterly IDCW;INF192K01CK0;INF192K01CL8;19.8419;19.8419;19.8419;30-Mar-2014
120407;JM Liquid Fund (Direct) - Weekly IDCW;INF192K01CI4;INF192K01CJ2;11.0251;11.0251;11.0251;30-Mar-2014
100244;JM Liquid Fund (Regular) - Quarterly IDCW;INF192K01866;INF192K01874;19.8023;19.8023;19.8023;30-Mar-2014
100247;JM Liquid Fund (Regular) - Super Institutional Plan - Growth Option;INF192K01981;;20.1179;20.1179;20.1179;30-Mar-2014
100233;JM Liquid Fund (Regular) - Weekly IDCW;INF192K01841;INF192K01858;11.0223;11.0223;11.0223;30-Mar-2014
100234;JM Liquid Fund - Growth Option;INF192K01882;;34.9859;34.9859;34.9859;30-Mar-2014
101549;JM Liquid Fund (Regular) - Bonus Option - Principal Units;INF192K01890;;11.2026;11.2026;11.2026;30-Mar-2014
101078;JM Liquid Fund (Regular) - Daily IDCW;;INF192K01833;10.4302;10.4302;10.4302;30-Mar-2014

quant Mutual Fund
120837;quant Liquid Fund - Growth Option - Direct Plan;INF966L01820;;19.9021;19.9021;19.9021;30-Mar-2014
103225;quant Liquid Fund - Growth Option - Regular Plan;INF966L01317;;19.8504;19.8504;19.8504;30-Mar-2014
120838;quant Liquid Fund - Monthly IDCW Option - Direct Plan;INF966L01796;INF966L01812;15.1026;15.1026;15.1026;30-Mar-2014
103228;quant Liquid Fund - Monthly IDCW Option - Regular Plan;INF966L01291;INF966L01309;15.0477;15.0477;15.0477;30-Mar-2014
120839;quant Liquid Fund - Weekly IDCW Option - Direct Plan;INF966L01788;INF966L01804;13.535;13.535;13.535;30-Mar-2014
103227;quant Liquid Fund - Weekly IDCW Option - Regular Plan;INF966L01499;INF966L01283;13.5275;13.5275;13.5275;30-Mar-2014
120836;quant Liquid Fund-Daily IDCW Option - Direct Plan;;INF966L01770;13.7945;13.7945;13.7945;30-Mar-2014
103226;quant Liquid Fund-Daily IDCW Option - Regular Plan;;INF966L01275;13.7434;13.7434;13.7434;30-Mar-2014

SBI Mutual Fund
119804;SBI Liquid Fund - Direct Paln - Fortnightly Income Distribution cum Capital Withdrawal Option (IDCW);INF200K01UR8;INF200K01US6;1012.1222;1012.1222;1012.1222;30-Mar-2014
119805;SBI Liquid Fund - Direct Plan - Daily Income Distribution cum Capital Withdrawal Option (IDCW);;INF200K01UQ0;1003.2500;1003.2500;1003.2500;30-Mar-2014
119799;SBI Liquid Fund - Direct Plan - Weekly Income Distribution cum Capital Withdrawal Option (IDCW);INF200K01UU2;INF200K01UV0;1061.3358;1061.3358;1061.3358;30-Mar-2014
119800;SBI Liquid Fund - DIRECT PLAN -Growth;INF200K01UT4;;2016.7392;2016.7392;2016.7392;30-Mar-2014
105274;SBI Liquid Fund - Institutional - Growth;INF200K01LU1;;2034.1020;2034.1020;2034.1020;30-Mar-2014
105275;SBI Liquid Fund - Institutional Daily Income Distribution cum Capital Withdrawal Option (IDCW);;INF200K01LR7;1003.2500;1003.2500;1003.2500;30-Mar-2014
105279;SBI Liquid Fund - Institutional Fortnightly Income Distribution cum Capital Withdrawal Option (IDCW);INF200K01LS5;INF200K01LT3;1023.4282;1023.4282;1023.4282;30-Mar-2014
105278;SBI Liquid Fund - Institutional Weekly Income Distribution cum Capital Withdrawal Option (IDCW);INF200K01LV9;INF200K01LW7;1060.6248;1060.6248;1060.6248;30-Mar-2014
105281;SBI Liquid Fund - Regular Plan - Daily Income Distribution cum Capital Withdrawal Option (IDCW);;INF200K01LX5;1003.2500;1003.2500;1003.2500;30-Mar-2014
105283;SBI Liquid Fund - Regular Plan - Fortnightly Income Distribution cum Capital Withdrawal Option (IDCW);INF200K01LY3;INF200K01LZ0;1012.1207;1012.1207;1012.1207;30-Mar-2014
105282;SBI Liquid Fund - Regular Plan - Weekly Income Distribution cum Capital Withdrawal Option (IDCW);INF200K01MB9;INF200K01MC7;1061.3343;1061.3343;1061.3343;30-Mar-2014
105280;SBI Liquid Fund - REGULAR PLAN -Growth;INF200K01MA1;;2015.2103;2015.2103;2015.2103;30-Mar-2014

Sundaram Mutual Fund
119690;Sundaram Money Fund Direct Plan - Bonus;INF903J01RL8;;16.5708;16.5708;16.5708;30-Mar-2014
119688;Sundaram Money Fund Direct Plan - Daily Reinvestment of Income Distribution cum Capital Withdrawal (IDCW);;INF903J01QA3;10.1025;10.1025;10.1025;30-Mar-2014
119692;Sundaram Money Fund Direct Plan - Fortnightly Reinvestment of Income Distribution cum Capital Withdrawal (IDCW);;INF903J01QB1;25.3594;25.3594;25.3594;30-Mar-2014
119686;Sundaram Money Fund Direct Plan - Growth;INF903J01QF2;;27.0597;27.0597;27.0597;30-Mar-2014
119687;Sundaram Money Fund Direct Plan - Monthly Income Distribution cum Capital Withdrawal (IDCW);INF903J01QC9;INF903J01QD7;10.6195;10.6195;10.6195;30-Mar-2014
119691;Sundaram Money Fund Direct Plan - Weekly Reinvestment of Income Distribution cum Capital Withdrawal (IDCW);;INF903J01QG0;11.4240;11.4240;11.4240;30-Mar-2014
102701;Sundaram Money Fund Institutional Plan - Daily Reinvestment of Income Distribution cum Capital Withdrawal (IDCW);;INF903J01GP2;10.0953;10.0953;10.0953;30-Mar-2014
102703;Sundaram Money Fund Institutional Plan - Growth;INF903J01GN7;;26.3717;26.3717;26.3717;30-Mar-2014
118328;Sundaram Money Fund Regular Plan - Bonus;INF903J01MB0;;16.5573;16.5573;16.5573;30-Mar-2014
103392;Sundaram Money Fund Regular Plan - Daily Reinvestment of Income Distribution cum Capital Withdrawal (IDCW);;INF903J01GW8;10.0953;10.0953;10.0953;30-Mar-2014
103395;Sundaram Money Fund Regular Plan - Fortnightly Reinvestment of Income Distribution cum Capital Withdrawal (IDCW);;INF903J01GY4;10.7589;10.7589;10.7589;30-Mar-2014
103397;Sundaram Money Fund Regular Plan - Growth;INF903J01GU2;;27.0431;27.0431;27.0431;30-Mar-2014
103396;Sundaram Money Fund Regular Plan - Monthly Income Distribution cum Capital Withdrawal (IDCW);INF903J01GV0;INF903J01GZ1;10.4785;10.4785;10.4785;30-Mar-2014
103393;Sundaram Money Fund Regular Plan - Quarterly Reinvestment of Income Distribution cum Capital Withdrawal (IDCW);;INF903J01HA2;13.9249;13.9249;13.9249;30-Mar-2014
100620;Sundaram Money Fund Retail Plan - Daily Reinvestment of Income Distribution cum Capital Withdrawal (IDCW);;INF903J01GI7;10.0953;10.0953;10.0953;30-Mar-2014
100622;Sundaram Money Fund Retail Plan - Fortnightly Reinvestment of Income Distribution cum Capital Withdrawal (IDCW);;INF903J01GK3;10.7083;10.7083;10.7083;30-Mar-2014
100618;Sundaram Money Fund Retail Plan - Growth;INF903J01GG1;;25.2717;25.2717;25.2717;30-Mar-2014
100623;Sundaram Money Fund Retail Plan - Monthly Income Distribution cum Capital Withdrawal (IDCW);INF903J01GH9;INF903J01GL1;10.4914;10.4914;10.4914;30-Mar-2014
100619;Sundaram Money Fund Retail Plan - Quarterly Reinvestment of Income Distribution cum Capital Withdrawal (IDCW);;INF903J01GM9;14.1423;14.1423;14.1423;30-Mar-2014
100621;Sundaram Money Fund Retail Plan - Weekly Reinvestment of Income Distribution cum Capital Withdrawal (IDCW);;INF903J01GJ5;11.1476;11.1476;11.1476;30-Mar-2014
103394;Sundaram Money Fund Regular Plan - Weekly Reinvestment of Income Distribution cum Capital Withdrawal (IDCW);;INF903J01GX6;11.1884;11.1884;11.1884;30-Mar-2014

Tata Mutual Fund
102672;Tata Liquid Fund -Regular Plan - Growth Option;INF277K01YD8;;2017.8714;2017.8714;2017.8714;30-Mar-2014
119862;Tata Liquid Fund- Direct Plan - Daily Reinvestment of IDCW Option;;INF277K012D2;1001.5187;1001.5187;1001.5187;30-Mar-2014
119861;Tata Liquid Fund- Direct Plan-Growth Option;INF277K01YE6;;2020.9646;2020.9646;2020.9646;30-Mar-2014
101714;Tata Liquid Fund- Regular Plan - Daily Reinvestment of IDCW Option;;INF277K011D4;1001.5158;1001.5158;1001.5158;30-Mar-2014

Union Mutual Fund
115401;Union Liquid Fund - Daily IDCW Option;;INF582M01021;1000.6489;1000.6489;1000.6489;30-Mar-2014
119301;Union Liquid Fund - Direct Plan - Daily IDCW Option;;INF582M01682;1000.6506;1000.6506;1000.6506;30-Mar-2014
119305;Union Liquid Fund - Direct Plan - Fortnightly IDCW Option;INF582M01724;INF582M01708;1001.6590;1001.6590;1001.6590;30-Mar-2014
119303;Union Liquid Fund - Direct Plan - Growth Option;INF582M01674;;1285.7175;1285.7175;1285.7175;30-Mar-2014
119302;Union Liquid Fund - Direct Plan - Monthly IDCW Option;INF582M01732;INF582M01716;1001.6554;1001.6554;1001.6554;30-Mar-2014
119304;Union Liquid Fund - Direct Plan - Weekly IDCW Option;;INF582M01690;1001.9274;1001.9274;1001.9274;30-Mar-2014
115399;Union Liquid Fund - Fortnightly IDCW Option;INF582M01062;INF582M01047;1001.6603;1001.6603;1001.6603;30-Mar-2014
115398;Union Liquid Fund - Growth Option;INF582M01013;;1284.8748;1284.8748;1284.8748;30-Mar-2014
115400;Union Liquid Fund - Monthly IDCW Option;INF582M01070;INF582M01054;1001.6594;1001.6594;1001.6594;30-Mar-2014
115402;Union Liquid Fund - Weekly IDCW Option;;INF582M01039;1001.9190;1001.9190;1001.9190;30-Mar-2014

UTI Mutual Fund
120558;UTI Liquid Fund - Direct Plan - Daily IDCW (Reinvestment);;INF789F01XP8;1019.4457;1019.4457;1019.4457;30-Mar-2014
120794;UTI Liquid Fund - Direct Plan - Monthly IDCW;INF789F01XR4;INF789F01XS2;1032.6178;1032.6178;1032.6178;30-Mar-2014
120777;UTI Liquid Fund - Direct Plan - Weekly IDCW;;INF789F01XT0;1054.4858;1054.4858;1054.4858;30-Mar-2014
102010;UTI Liquid Fund - Regular Plan - Daily IDCW (Reinvestment);;INF789F01PG3;1019.4457;1019.4457;1019.4457;30-Mar-2014
102011;UTI Liquid Fund - Regular Plan - Monthly IDCW;INF789F01PI9;INF789F01PJ7;1032.5796;1032.5796;1032.5796;30-Mar-2014
102013;UTI Liquid Fund - Regular Plan - Weekly IDCW;;INF789F01PK5;1054.4786;1054.4786;1054.4786;30-Mar-2014
120304;UTI-  Liquid Cash Plan - Direct Plan - Growth Option;INF789F01XQ6;;2103.288;2103.288;2103.288;30-Mar-2014
102012;UTI-  Liquid Cash Plan - Regular Plan - Growth Option;INF789F01PH1;;2100.8429;2100.8429;2100.8429;30-Mar-2014
102008;UTI-  Liquid Cash Plan- Discontinued - Regular Plan - Monthly Dividend Option;INF789F01BC2;INF789F01BA6;1147.8082;1147.8082;0;30-Mar-2014
102009;UTI-  Liquid Cash Plan- Discontinued - Regular Plan -Growth;INF789F01BB4;;2024.6743;2024.6743;0;30-Mar-2014
102007;UTI-  Liquid Cash Plan- Discontinued -Regular Plan Periodic Dividend Option;;INF789F01AZ5;1139.3243;1139.3243;0;30-Mar-2014

Open Ended Schemes ( Debt Scheme - Ultra Short Duration Fund )


SBI Mutual Fund
119784;SBI Ultra Short Duration Fund - Direct Plan - Daily Income Distribution cum Capital Withdrawal Option (IDCW);;INF200K01TG3;1675.0300;1673.3550;1675.0300;30-Mar-2014
119828;SBI ULTRA SHORT DURATION FUND - DIRECT PLAN - GROWTH;INF200K01TF5;;2838.8855;2836.0466;2838.8855;30-Mar-2014
119829;SBI Ultra Short Duration Fund - Direct Plan - Weekly Income Distribution cum Capital Withdrawal Option (IDCW);INF200K01TH1;INF200K01TI9;1077.8611;1076.7832;1077.8611;30-Mar-2014
105080;SBI Ultra Short Duration Fund - Regular Plan - Daily Income Distribution cum Capital Withdrawal Option (IDCW);;INF200K01LK2;1675.0300;1673.3550;1675.0300;30-Mar-2014
100641;SBI ULTRA SHORT DURATION FUND - REGULAR PLAN - GROWTH;INF200K01LJ4;;2836.5016;2833.6651;2836.5016;30-Mar-2014
103884;SBI Ultra Short Duration Fund - Regular Plan - Weekly Income Distribution cum Capital Withdrawal Option (IDCW);INF200K01LM8;INF200K01LL0;1077.8581;1076.7802;1077.8581;30-Mar-2014

Open Ended Schemes ( Debt Scheme - Money Market Fund )


Tata Mutual Fund
119423;Tata Liquid Fund- Direct Plan- Monthly Dividend;INF277K01PS4;INF277K01PT2;1000.8020;1000.8020;1000.8020;30-Mar-2014
119422;Tata Liquid Fund- Direct Plan- Weekly Dividend;INF277K013C2;;1002.0473;1002.0473;1002.0473;30-Mar-2014
119421;Tata Money Market Fund- Direct Plan - Daily Reinvestment of IDCW Option;;INF277K011C6;1114.5200;1114.5200;1114.5200;30-Mar-2014
119424;Tata Money Market Fund- Direct Plan- Growth Option;INF277K01PR6;;2368.7143;2368.7143;2368.7143;30-Mar-2014
101986;Tata Money Market Fund- Regular Plan - Daily Reinvestment of IDCW Option;;INF277K014C0;1114.5200;1114.5200;1114.5200;30-Mar-2014
101847;Tata Money Market Fund-Regular Plan - Growth Option;INF277K01LQ7;;2366.3102;2366.3102;2366.3102;30-Mar-2014

UTI Mutual Fund
120299;UTI MMF - Direct Plan - Growth Option;INF789F01XV6;;1437.1722;1437.1722;1437.1722;30-Mar-2014
112077;UTI MMF - Regular Plan - Growth Option;INF789F01PX8;;1435.433;1435.433;1435.433;30-Mar-2014
100724;UTI MMF- Discontinued - Regular Plan - Flexi Dividend Option;;INF789F01BD0;2009.5721;2009.5721;0;30-Mar-2014
100725;UTI MMF- Discontinued - Regular Plan - Periodic Dividend Option;INF789F01BE8;;2000.0939;2000.0939;0;30-Mar-2014
100723;UTI MMF-Discontinued - Regular Plan -Growth;INF789F01BF5;;3503.3564;3503.3564;0;30-Mar-2014
120772;UTI Money Market Fund - Direct Plan - Daily IDCW (Reinvestment);;INF789F01XU8;1003.3854;1003.3854;1003.3854;30-Mar-2014
120793;UTI Money Market Fund - Direct Plan - Weekly IDCW;INF789F01XW4;INF789F01XX2;1015.9314;1015.9314;1015.9314;30-Mar-2014
112076;UTI Money Market Fund - Regular Plan - Daily IDCW (Reinvestment);;INF789F01PW0;1003.3854;1003.3854;1003.3854;30-Mar-2014
112635;UTI Money Market Fund - Regular Plan - Weekly IDCW;INF789F01PY6;INF789F01PZ3;1015.9202;1015.9202;1015.9202;30-Mar-2014

Close Ended Schemes ( Income )


SBI Mutual Fund
114781;SBI Capital Protection Oriented Fund - Series II -;INF200K01ED2;;12.5146;N.A.;N.A.;30-Mar-2014
115824;SBI Capital Protection Oriented Fund - Series III - Growth;INF200K01IH4;;12.1002;N.A.;N.A.;30-Mar-2014
121468;SBI DEBT FUND SERIES - 13 MONTHS - 14 - DIRECT PLAN - DIVIDEND;INF200K01WZ7;;N.A.;N.A.;N.A.;30-Mar-2014
121469;SBI DEBT FUND SERIES - 13 MONTHS - 14 - DIRECT PLAN - GROWTH;INF200K01WY0;;10.9862;N.A.;N.A.;30-Mar-2014
121470;SBI DEBT FUND SERIES - 13 MONTHS - 14 - REGULAR PLAN - DIVIDEND;INF200K01WX2;;10.9744;N.A.;N.A.;30-Mar-2014
121471;SBI DEBT FUND SERIES - 13 MONTHS - 14 - REGULAR PLAN - GROWTH;INF200K01WW4;;10.9744;N.A.;N.A.;30-Mar-2014
121695;SBI DEBT FUND SERIES - 13 MONTHS - 15 - DIRECT PLAN - DIVIDEND;INF200K01XD2;;10.9649;N.A.;N.A.;30-Mar-2014
121696;SBI DEBT FUND SERIES - 13 MONTHS - 15 - REGULAR PLAN - DIVIDEND;INF200K01XB6;;10.9591;N.A.;N.A.;30-Mar-2014
121697;SBI DEBT FUND SERIES - 13 MONTHS - 15 - REGULAR PLAN - GROWTH;INF200K01XA8;;10.9598;N.A.;N.A.;30-Mar-2014
121698;SBI DEBT FUND SERIES - 13 MONTHS - 15- DIRECT PLAN - GROWTH;INF200K01XC4;;10.9649;N.A.;N.A.;30-Mar-2014
121305;SBI DEBT FUND SERIES - 14 MONTHS - 1 - DIRECT PLAN - DIVIDEND;INF200K01XH3;;11.0115;N.A.;N.A.;30-Mar-2014
121306;SBI DEBT FUND SERIES - 14 MONTHS - 1 - DIRECT PLAN - GROWTH;INF200K01XG5;;11.0115;N.A.;N.A.;30-Mar-2014
121303;SBI DEBT FUND SERIES - 14 MONTHS - 1 - REGULAR PLAN - DIVIDEND;INF200K01XF7;;10.9995;N.A.;N.A.;30-Mar-2014
121304;SBI DEBT FUND SERIES - 14 MONTHS - 1 - REGULAR PLAN - GROWTH;INF200K01XE0;;10.9995;N.A.;N.A.;30-Mar-2014
122015;SBI DEBT FUND SERIES - 14 MONTHS - 2 - DIRECT PLAN - DIVIDEND;INF200K01XL5;;10.8911;N.A.;N.A.;30-Mar-2014
122017;SBI DEBT FUND SERIES - 14 MONTHS - 2 - DIRECT PLAN - GROWTH;INF200K01XK7;;10.8911;N.A.;N.A.;30-Mar-2014
122016;SBI DEBT FUND SERIES - 14 MONTHS - 2 - REGULAR PLAN - DIVIDEND;INF200K01XJ9;;10.8856;N.A.;N.A.;30-Mar-2014
122018;SBI DEBT FUND SERIES - 14 MONTHS - 2 - REGULAR PLAN - GROWTH;INF200K01XI1;;10.8856;N.A.;N.A.;30-Mar-2014
126205;SBI DEBT FUND SERIES - 16 MONTHS - 1 - DIRECT PLAN - GROWTH;INF200KA1CE8;;10.2289;N.A.;N.A.;30-Mar-2014
126206;SBI DEBT FUND SERIES - 16 MONTHS - 1 - REGULAR PLAN - DIVIDEND;INF200KA1CD0;;10.2234;N.A.;N.A.;30-Mar-2014
126207;SBI DEBT FUND SERIES - 16 MONTHS - 1 - REGULAR PLAN - GROWTH;INF200KA1CC2;;10.2234;N.A.;N.A.;30-Mar-2014
126208;SBI DEBT FUND SERIES - 16 MONTHS - 1- DIRECT PLAN - DIVIDEND;INF200KA1CF5;;10.2289;N.A.;N.A.;30-Mar-2014
126209;SBI DEBT FUND SERIES - 16 MONTHS - 2 - DIRECT PLAN - GROWTH;INF200KA1DM9;;10.1998;N.A.;N.A.;30-Mar-2014
126210;SBI DEBT FUND SERIES - 16 MONTHS - 2 - REGULAR PLAN - DIVIDEND;INF200KA1DL1;;10.1953;N.A.;N.A.;30-Mar-2014
126211;SBI DEBT FUND SERIES - 16 MONTHS - 2 - REGULAR PLAN - GROWTH;INF200KA1DK3;;10.1953;N.A.;N.A.;30-Mar-2014
126212;SBI DEBT FUND SERIES - 16 MONTHS - 2- DIRECT PLAN - DIVIDEND;INF200KA1DN7;;10.1998;N.A.;N.A.;30-Mar-2014
125734;SBI DEBT FUND SERIES - 17 MONTHS - 1 - DIRECT PLAN - GROWTH;INF200KA1CQ2;;10.2941;N.A.;N.A.;30-Mar-2014
125735;SBI DEBT FUND SERIES - 17 MONTHS - 1 - REGULAR PLAN - DIVIDEND;INF200KA1CP4;;10.2869;N.A.;N.A.;30-Mar-2014
125736;SBI DEBT FUND SERIES - 17 MONTHS - 1 - REGULAR PLAN - GROWTH;INF200KA1CO7;;10.2869;N.A.;N.A.;30-Mar-2014
125733;SBI DEBT FUND SERIES - 17 MONTHS - 1- DIRECT PLAN - DIVIDEND;INF200KA1CR0;;10.2941;N.A.;N.A.;30-Mar-2014
117983;SBI DEBT FUND SERIES - 18 MONTHS - 11 - DIVIDEND;INF200K01PW8;;11.2405;N.A.;N.A.;30-Mar-2014
117984;SBI DEBT FUND SERIES - 18 MONTHS - 11 - GROWTH;INF200K01PV0;;11.2405;N.A.;N.A.;30-Mar-2014
125008;SBI DEBT FUND SERIES - 18 MONTHS - 12 - DIRECT PLAN - DIVIDEND;INF200KA1BL5;;10.3919;N.A.;N.A.;30-Mar-2014
125005;SBI DEBT FUND SERIES - 18 MONTHS - 12 - DIRECT PLAN - GROWTH;INF200KA1BK7;;10.3919;N.A.;N.A.;30-Mar-2014
125006;SBI DEBT FUND SERIES - 18 MONTHS - 12 - REGULAR PLAN - DIVIDEND;INF200KA1BJ9;;10.3788;N.A.;N.A.;30-Mar-2014
125007;SBI DEBT FUND SERIES - 18 MONTHS - 12 - REGULAR PLAN - GROWTH;INF200KA1BI1;;10.3788;N.A.;N.A.;30-Mar-2014
125460;SBI DEBT FUND SERIES - 18 MONTHS - 13 - DIRECT PLAN - DIVIDEND;INF200KA1DZ1;;N.A.;N.A.;N.A.;30-Mar-2014
125461;SBI DEBT FUND SERIES - 18 MONTHS - 13 - DIRECT PLAN - GROWTH;INF200KA1DY4;;10.3617;N.A.;N.A.;30-Mar-2014
125462;SBI DEBT FUND SERIES - 18 MONTHS - 13 - REGULAR PLAN - DIVIDEND;INF200KA1DX6;;10.3534;N.A.;N.A.;30-Mar-2014
125463;SBI DEBT FUND SERIES - 18 MONTHS - 13 - REGULAR PLAN - GROWTH;INF200KA1DW8;;10.3534;N.A.;N.A.;30-Mar-2014
115263;SBI SDFS - 36 MONTHS - 1 - DIVIDEND;INF200K01EC4;;11.4444;N.A.;N.A.;30-Mar-2014
115262;SBI SDFS - 36 MONTHS - 1 - GROWTH;INF200K01EB6;;12.9418;N.A.;N.A.;30-Mar-2014
120908;SBI DEBT FUND SERIES - 36 MONTHS - 2 - DIRECT PLAN - DIVIDEND;INF200K01QM7;;10.9815;N.A.;N.A.;30-Mar-2014
120911;SBI DEBT FUND SERIES - 36 MONTHS - 2 - DIRECT PLAN - GROWTH;INF200K01QL9;;10.9815;N.A.;N.A.;30-Mar-2014
120909;SBI DEBT FUND SERIES - 36 MONTHS - 2 - REGULAR PLAN - DIVIDEND;INF200K01QH7;;10.9065;N.A.;N.A.;30-Mar-2014
120910;SBI DEBT FUND SERIES - 36 MONTHS - 2 - REGULAR PLAN - GROWTH;INF200K01QG9;;10.9065;N.A.;N.A.;30-Mar-2014
123647;SBI DEBT FUND SERIES - 36 MONTHS - 4 - DIRECT PLAN - DIVIDEND;INF200KA1KF8;;10.7441;N.A.;N.A.;30-Mar-2014
123649;SBI DEBT FUND SERIES - 36 MONTHS - 4 - DIRECT PLAN - GROWTH;INF200KA1KE1;;10.7441;N.A.;N.A.;30-Mar-2014
123648;SBI DEBT FUND SERIES - 36 MONTHS - 4 - REGULAR PLAN - DIVIDEND;INF200KA1KD3;;10.7338;N.A.;N.A.;30-Mar-2014
123650;SBI DEBT FUND SERIES - 36 MONTHS - 4 - REGULAR PLAN - GROWTH;INF200KA1KC5;;10.7338;N.A.;N.A.;30-Mar-2014
124000;SBI DEBT FUND SERIES - 36 MONTHS - 5 - DIRECT PLAN - DIVIDEND;INF200K01D91;;N.A.;N.A.;N.A.;30-Mar-2014
124001;SBI DEBT FUND SERIES - 36 MONTHS - 5 - DIRECT PLAN - GROWTH;INF200K01D83;;10.5986;N.A.;N.A.;30-Mar-2014
124003;SBI DEBT FUND SERIES - 36 MONTHS - 5 - REGULAR PLAN - DIVIDEND;INF200K01D75;;10.5895;N.A.;N.A.;30-Mar-2014
124002;SBI DEBT FUND SERIES - 36 MONTHS - 5 - REGULAR PLAN - GROWTH;INF200K01D67;;10.5895;N.A.;N.A.;30-Mar-2014
124373;SBI DEBT FUND SERIES - 36 MONTHS - 6 - DIRECT PLAN - DIVIDEND;INF200KA1KZ6;;10.5672;N.A.;N.A.;30-Mar-2014
124374;SBI DEBT FUND SERIES - 36 MONTHS - 6 - DIRECT PLAN - GROWTH;INF200KA1KY9;;10.5672;N.A.;N.A.;30-Mar-2014
124375;SBI DEBT FUND SERIES - 36 MONTHS - 6 - REGULAR PLAN - DIVIDEND;INF200KA1KX1;;10.5451;N.A.;N.A.;30-Mar-2014
124376;SBI DEBT FUND SERIES - 36 MONTHS - 6 - REGULAR PLAN - GROWTH;INF200KA1KW3;;10.5451;N.A.;N.A.;30-Mar-2014
125719;SBI DEBT FUND SERIES - 36 MONTHS - 7 - DIRECT PLAN - DIVIDEND;INF200K01E74;;10.2793;N.A.;N.A.;30-Mar-2014
125721;SBI DEBT FUND SERIES - 36 MONTHS - 7 - DIRECT PLAN - GROWTH;INF200K01E66;;10.2793;N.A.;N.A.;30-Mar-2014
125720;SBI DEBT FUND SERIES - 36 MONTHS - 7 - REGULAR PLAN - DIVIDEND;INF200K01E58;;10.2736;N.A.;N.A.;30-Mar-2014
125722;SBI DEBT FUND SERIES - 36 MONTHS - 7 - REGULAR PLAN - GROWTH;INF200K01E41;;10.2736;N.A.;N.A.;30-Mar-2014
122145;SBI DEBT FUND SERIES - 366 DAYS - 25 - DIRECT PLAN - DIVIDEND;INF200K01WF9;;10.8597;N.A.;N.A.;30-Mar-2014
122146;SBI DEBT FUND SERIES - 366 DAYS - 25 - DIRECT PLAN - GROWTH;INF200K01WE2;;10.8597;N.A.;N.A.;30-Mar-2014
122147;SBI DEBT FUND SERIES - 366 DAYS - 25 - REGULAR PLAN - DIVIDEND;INF200K01WD4;;10.8542;N.A.;N.A.;30-Mar-2014
122144;SBI DEBT FUND SERIES - 366 DAYS - 25 - REGULAR PLAN - GROWTH;INF200K01WC6;;10.8542;N.A.;N.A.;30-Mar-2014
122253;SBI DEBT FUND SERIES - 366 DAYS - 26 - DIRECT PLAN - DIVIDEND;INF200K01WJ1;;10.7825;N.A.;N.A.;30-Mar-2014
122254;SBI DEBT FUND SERIES - 366 DAYS - 26 - DIRECT PLAN - GROWTH;INF200K01WI3;;10.7825;N.A.;N.A.;30-Mar-2014
122255;SBI DEBT FUND SERIES - 366 DAYS - 26 - REGULAR PLAN - DIVIDEND;INF200K01WH5;;10.7774;N.A.;N.A.;30-Mar-2014
122256;SBI DEBT FUND SERIES - 366 DAYS - 26 - REGULAR PLAN - GROWTH;INF200K01WG7;;10.7774;N.A.;N.A.;30-Mar-2014
122348;SBI DEBT FUND SERIES - 366 DAYS - 27 - DIRECT PLAN - DIVIDEND;INF200K01WN3;;10.7656;N.A.;N.A.;30-Mar-2014
122349;SBI DEBT FUND SERIES - 366 DAYS - 27 - DIRECT PLAN - GROWTH;INF200K01WM5;;10.7656;N.A.;N.A.;30-Mar-2014
122346;SBI DEBT FUND SERIES - 366 DAYS - 27 - REGULAR PLAN - DIVIDEND;INF200K01WL7;;10.7606;N.A.;N.A.;30-Mar-2014
122347;SBI DEBT FUND SERIES - 366 DAYS - 27 - REGULAR PLAN - GROWTH;INF200K01WK9;;10.7606;N.A.;N.A.;30-Mar-2014
122406;SBI DEBT FUND SERIES - 366 DAYS - 28 - DIRECT PLAN - DIVIDEND;INF200K01WR4;;10.7795;N.A.;N.A.;30-Mar-2014
122407;SBI DEBT FUND SERIES - 366 DAYS - 28 - DIRECT PLAN - GROWTH;INF200K01WQ6;;10.7795;N.A.;N.A.;30-Mar-2014
122405;SBI DEBT FUND SERIES - 366 DAYS - 28 - REGULAR PLAN - DIVIDEND;INF200K01WP8;;10.7744;N.A.;N.A.;30-Mar-2014
122408;SBI DEBT FUND SERIES - 366 DAYS - 28 - REGULAR PLAN - GROWTH;INF200K01WO1;;10.7744;N.A.;N.A.;30-Mar-2014
122619;SBI DEBT FUND SERIES - 366 DAYS - 29 - DIRECT PLAN - DIVIDEND;INF200K01WV6;;N.A.;N.A.;N.A.;30-Mar-2014
122621;SBI DEBT FUND SERIES - 366 DAYS - 29 - DIRECT PLAN - GROWTH;INF200K01WU8;;10.6728;N.A.;N.A.;30-Mar-2014
122620;SBI DEBT FUND SERIES - 366 DAYS - 29 - REGULAR PLAN - DIVIDEND;INF200K01WT0;;10.6684;N.A.;N.A.;30-Mar-2014
122622;SBI DEBT FUND SERIES - 366 DAYS - 29 - REGULAR PLAN - GROWTH;INF200K01WS2;;10.6684;N.A.;N.A.;30-Mar-2014
122788;SBI DEBT FUND SERIES - 366 DAYS - 30 - DIRECT PLAN - DIVIDEND;INF200K01YX8;;10.6228;N.A.;N.A.;30-Mar-2014
122790;SBI DEBT FUND SERIES - 366 DAYS - 30 - DIRECT PLAN - GROWTH;INF200K01YW0;;10.6228;N.A.;N.A.;30-Mar-2014
122791;SBI DEBT FUND SERIES - 366 DAYS - 30 - REGULAR PLAN - DIVIDEND;INF200K01YV2;;10.6187;N.A.;N.A.;30-Mar-2014
122789;SBI DEBT FUND SERIES - 366 DAYS - 30 - REGULAR PLAN - GROWTH;INF200K01YU4;;10.6187;N.A.;N.A.;30-Mar-2014
122812;SBI DEBT FUND SERIES - 366 DAYS - 31 - DIRECT PLAN - DIVIDEND;INF200K01ZB1;;10.6183;N.A.;N.A.;30-Mar-2014
122813;SBI DEBT FUND SERIES - 366 DAYS - 31 - DIRECT PLAN - GROWTH;INF200K01ZA3;;10.6183;N.A.;N.A.;30-Mar-2014
122814;SBI DEBT FUND SERIES - 366 DAYS - 31 - REGULAR PLAN - DIVIDEND;INF200K01YZ3;;10.6142;N.A.;N.A.;30-Mar-2014
122815;SBI DEBT FUND SERIES - 366 DAYS - 31 - REGULAR PLAN - GROWTH;INF200K01YY6;;10.6142;N.A.;N.A.;30-Mar-2014
122907;SBI DEBT FUND SERIES - 366 DAYS - 32 - DIRECT PLAN - DIVIDEND;INF200K01ZF2;;10.5514;N.A.;N.A.;30-Mar-2014
122905;SBI DEBT FUND SERIES - 366 DAYS - 32 - DIRECT PLAN - GROWTH;INF200K01ZE5;;10.5514;N.A.;N.A.;30-Mar-2014
122908;SBI DEBT FUND SERIES - 366 DAYS - 32 - REGULAR PLAN - DIVIDEND;INF200K01ZD7;;10.5477;N.A.;N.A.;30-Mar-2014
122906;SBI DEBT FUND SERIES - 366 DAYS - 32 - REGULAR PLAN - GROWTH;INF200K01ZC9;;10.5477;N.A.;N.A.;30-Mar-2014
122991;SBI DEBT FUND SERIES - 366 DAYS - 33 - DIRECT PLAN - DIVIDEND;INF200K01ZJ4;;10.6256;N.A.;N.A.;30-Mar-2014
122994;SBI DEBT FUND SERIES - 366 DAYS - 33 - DIRECT PLAN - GROWTH;INF200K01ZI6;;10.6256;N.A.;N.A.;30-Mar-2014
122993;SBI DEBT FUND SERIES - 366 DAYS - 33 - REGULAR PLAN - DIVIDEND;INF200K01ZH8;;10.6219;N.A.;N.A.;30-Mar-2014
122992;SBI DEBT FUND SERIES - 366 DAYS - 33 - REGULAR PLAN - GROWTH;INF200K01ZG0;;10.6219;N.A.;N.A.;30-Mar-2014
123167;SBI DEBT FUND SERIES - 366 DAYS - 34 - DIRECT PLAN - DIVIDEND;INF200K015P1;;10.6498;N.A.;N.A.;30-Mar-2014
123169;SBI DEBT FUND SERIES - 366 DAYS - 34 - DIRECT PLAN - GROWTH;INF200K014P4;;10.6498;N.A.;N.A.;30-Mar-2014
123170;SBI DEBT FUND SERIES - 366 DAYS - 34 - REGULAR PLAN - DIVIDEND;INF200K013P6;;10.6399;N.A.;N.A.;30-Mar-2014
123168;SBI DEBT FUND SERIES - 366 DAYS - 34 - REGULAR PLAN - GROWTH;INF200K012P8;;10.6399;N.A.;N.A.;30-Mar-2014
123321;SBI DEBT FUND SERIES - 366 DAYS - 35 - DIRECT PLAN - DIVIDEND;INF200K017O0;;10.6428;N.A.;N.A.;30-Mar-2014
123324;SBI DEBT FUND SERIES - 366 DAYS - 35 - DIRECT PLAN - GROWTH;INF200K016O2;;10.6428;N.A.;N.A.;30-Mar-2014
123323;SBI DEBT FUND SERIES - 366 DAYS - 35 - REGULAR PLAN - DIVIDEND;INF200K015O4;;10.6336;N.A.;N.A.;30-Mar-2014
123322;SBI DEBT FUND SERIES - 366 DAYS - 35 - REGULAR PLAN - GROWTH;INF200K014O7;;10.6336;N.A.;N.A.;30-Mar-2014
123497;SBI DEBT FUND SERIES - 366 DAYS - 36 - DIRECT PLAN - DIVIDEND;INF200K019P3;;10.6631;N.A.;N.A.;30-Mar-2014
123494;SBI DEBT FUND SERIES - 366 DAYS - 36 - DIRECT PLAN - GROWTH;INF200K018P5;;10.6631;N.A.;N.A.;30-Mar-2014
123496;SBI DEBT FUND SERIES - 366 DAYS - 36 - REGULAR PLAN - DIVIDEND;INF200K017P7;;10.6543;N.A.;N.A.;30-Mar-2014
123495;SBI DEBT FUND SERIES - 366 DAYS - 36 - REGULAR PLAN - GROWTH;INF200K016P9;;10.6543;N.A.;N.A.;30-Mar-2014
123728;SBI DEBT FUND SERIES - 366 DAYS - 37 - DIRECT PLAN - DIVIDEND;INF200K011R6;;10.6525;N.A.;N.A.;30-Mar-2014
123729;SBI DEBT FUND SERIES - 366 DAYS - 37 - DIRECT PLAN - GROWTH;INF200K010R8;;10.6525;N.A.;N.A.;30-Mar-2014
123731;SBI DEBT FUND SERIES - 366 DAYS - 37 - REGULAR PLAN - DIVIDEND;INF200K019Q1;;10.6450;N.A.;N.A.;30-Mar-2014
123730;SBI DEBT FUND SERIES - 366 DAYS - 37 - REGULAR PLAN - GROWTH;INF200K018Q3;;10.6450;N.A.;N.A.;30-Mar-2014
123996;SBI DEBT FUND SERIES - 366 DAYS - 38 - DIRECT PLAN - DIVIDEND;INF200K015R7;;10.6579;N.A.;N.A.;30-Mar-2014
123997;SBI DEBT FUND SERIES - 366 DAYS - 38 - DIRECT PLAN - GROWTH;INF200K014R0;;10.6579;N.A.;N.A.;30-Mar-2014
123998;SBI DEBT FUND SERIES - 366 DAYS - 38 - REGULAR PLAN - DIVIDEND;INF200K013R2;;10.6505;N.A.;N.A.;30-Mar-2014
123999;SBI DEBT FUND SERIES - 366 DAYS - 38 - REGULAR PLAN - GROWTH;INF200K012R4;;10.6505;N.A.;N.A.;30-Mar-2014
124369;SBI DEBT FUND SERIES - 366 DAYS - 39 - DIRECT PLAN - DIVIDEND;INF200K013S0;;10.5765;N.A.;N.A.;30-Mar-2014
124370;SBI DEBT FUND SERIES - 366 DAYS - 39 - DIRECT PLAN - GROWTH;INF200K012S2;;10.5765;N.A.;N.A.;30-Mar-2014
124371;SBI DEBT FUND SERIES - 366 DAYS - 39 - REGULAR PLAN - DIVIDEND;INF200K011S4;;10.5666;N.A.;N.A.;30-Mar-2014
124372;SBI DEBT FUND SERIES - 366 DAYS - 39 - REGULAR PLAN - GROWTH;INF200K010S6;;10.5666;N.A.;N.A.;30-Mar-2014
124527;SBI DEBT FUND SERIES - 366 DAYS - 40 - DIRECT PLAN - DIVIDEND;INF200K015T3;;10.5501;N.A.;N.A.;30-Mar-2014
124525;SBI DEBT FUND SERIES - 366 DAYS - 40 - DIRECT PLAN - GROWTH;INF200K014T6;;10.5501;N.A.;N.A.;30-Mar-2014
124526;SBI DEBT FUND SERIES - 366 DAYS - 40 - REGULAR PLAN - DIVIDEND;INF200K013T8;;10.5383;N.A.;N.A.;30-Mar-2014
124528;SBI DEBT FUND SERIES - 366 DAYS - 40 - REGULAR PLAN - GROWTH;INF200K012T0;;10.5383;N.A.;N.A.;30-Mar-2014
124726;SBI DEBT FUND SERIES - 366 DAYS - 41 - DIRECT PLAN - DIVIDEND;INF200K010U2;;10.4819;N.A.;N.A.;30-Mar-2014
124728;SBI DEBT FUND SERIES - 366 DAYS - 41 - DIRECT PLAN - GROWTH;INF200K019T5;;10.4819;N.A.;N.A.;30-Mar-2014
124727;SBI DEBT FUND SERIES - 366 DAYS - 41 - REGULAR PLAN - DIVIDEND;INF200K018T7;;10.4711;N.A.;N.A.;30-Mar-2014
124729;SBI DEBT FUND SERIES - 366 DAYS - 41 - REGULAR PLAN - GROWTH;INF200K016T1;;10.4711;N.A.;N.A.;30-Mar-2014
124938;SBI DEBT FUND SERIES - 366 DAYS - 42 - DIRECT PLAN - DIVIDEND;INF200K012V6;;10.3853;N.A.;N.A.;30-Mar-2014
124940;SBI DEBT FUND SERIES - 366 DAYS - 42 - DIRECT PLAN - GROWTH;INF200K011V8;;10.3853;N.A.;N.A.;30-Mar-2014
124939;SBI DEBT FUND SERIES - 366 DAYS - 42 - REGULAR PLAN - DIVIDEND;INF200K010V0;;10.3755;N.A.;N.A.;30-Mar-2014
124941;SBI DEBT FUND SERIES - 366 DAYS - 42 - REGULAR PLAN - GROWTH;INF200K019U3;;10.3755;N.A.;N.A.;30-Mar-2014
125138;SBI DEBT FUND SERIES - 366 DAYS - 43 - DIRECT PLAN - DIVIDEND;INF200K01C35;;10.3567;N.A.;N.A.;30-Mar-2014
125139;SBI DEBT FUND SERIES - 366 DAYS - 43 - DIRECT PLAN - GROWTH;INF200K01C27;;10.3567;N.A.;N.A.;30-Mar-2014
125140;SBI DEBT FUND SERIES - 366 DAYS - 43 - REGULAR PLAN - DIVIDEND;INF200K01C19;;10.3500;N.A.;N.A.;30-Mar-2014
125141;SBI DEBT FUND SERIES - 366 DAYS - 43 - REGULAR PLAN - GROWTH;INF200K01C01;;10.3500;N.A.;N.A.;30-Mar-2014
125243;SBI DEBT FUND SERIES - 366 DAYS - 44 - DIRECT PLAN - DIVIDEND;INF200K011X4;;10.3489;N.A.;N.A.;30-Mar-2014
125244;SBI DEBT FUND SERIES - 366 DAYS - 44 - DIRECT PLAN - GROWTH;INF200K010X6;;10.3489;N.A.;N.A.;30-Mar-2014
125246;SBI DEBT FUND SERIES - 366 DAYS - 44 - REGULAR PLAN - DIVIDEND;INF200K019W9;;10.3424;N.A.;N.A.;30-Mar-2014
125245;SBI DEBT FUND SERIES - 366 DAYS - 44 - REGULAR PLAN - GROWTH;INF200K018W1;;10.3424;N.A.;N.A.;30-Mar-2014
125406;SBI DEBT FUND SERIES - 366 DAYS - 45 - DIRECT PLAN - DIVIDEND;INF200K014Y6;;10.3341;N.A.;N.A.;30-Mar-2014
125409;SBI DEBT FUND SERIES - 366 DAYS - 45 - DIRECT PLAN - GROWTH;INF200K015Y3;;10.3341;N.A.;N.A.;30-Mar-2014
125407;SBI DEBT FUND SERIES - 366 DAYS - 45 - REGULAR PLAN - DIVIDEND;INF200K016Y1;;10.3282;N.A.;N.A.;30-Mar-2014
125408;SBI DEBT FUND SERIES - 366 DAYS - 45 - REGULAR PLAN - GROWTH;INF200K017Y9;;10.3282;N.A.;N.A.;30-Mar-2014
125519;SBI DEBT FUND SERIES - 366 DAYS - 46 - DIRECT PLAN - DIVIDEND;INF200K012Z7;;10.3152;N.A.;N.A.;30-Mar-2014
125522;SBI DEBT FUND SERIES - 366 DAYS - 46 - DIRECT PLAN - GROWTH;INF200K013Z5;;10.3154;N.A.;N.A.;30-Mar-2014
125520;SBI DEBT FUND SERIES - 366 DAYS - 46 - REGULAR PLAN - DIVIDEND;INF200K014Z3;;10.3099;N.A.;N.A.;30-Mar-2014
125521;SBI DEBT FUND SERIES - 366 DAYS - 46 - REGULAR PLAN - GROWTH;INF200K015Z0;;10.3099;N.A.;N.A.;30-Mar-2014
125657;SBI DEBT FUND SERIES - 366 DAYS - 47 - DIRECT PLAN - DIVIDEND;INF200KA1077;;10.3120;N.A.;N.A.;30-Mar-2014
125658;SBI DEBT FUND SERIES - 366 DAYS - 47 - DIRECT PLAN - GROWTH;INF200KA1085;;10.3120;N.A.;N.A.;30-Mar-2014
125659;SBI DEBT FUND SERIES - 366 DAYS - 47 - REGULAR PLAN - DIVIDEND;INF200KA1093;;10.3043;N.A.;N.A.;30-Mar-2014
125660;SBI DEBT FUND SERIES - 366 DAYS - 47 - REGULAR PLAN - GROWTH;INF200KA1101;;10.3043;N.A.;N.A.;30-Mar-2014
125793;SBI DEBT FUND SERIES - 366 DAYS - 48 - DIRECT PLAN - DIVIDEND;INF200KA1192;;10.2728;N.A.;N.A.;30-Mar-2014
125794;SBI DEBT FUND SERIES - 366 DAYS - 48 - DIRECT PLAN - GROWTH;INF200KA1200;;10.2728;N.A.;N.A.;30-Mar-2014
125795;SBI DEBT FUND SERIES - 366 DAYS - 48 - REGULAR PLAN - DIVIDEND;INF200KA1218;;10.2683;N.A.;N.A.;30-Mar-2014
125796;SBI DEBT FUND SERIES - 366 DAYS - 48 - REGULAR PLAN - GROWTH;INF200KA1226;;10.2683;N.A.;N.A.;30-Mar-2014
126093;SBI DEBT FUND SERIES - 366 DAYS - 49 - DIRECT PLAN - DIVIDEND;INF200KA1275;;10.2605;N.A.;N.A.;30-Mar-2014
126094;SBI DEBT FUND SERIES - 366 DAYS - 49 - DIRECT PLAN - GROWTH;INF200KA1283;;10.2605;N.A.;N.A.;30-Mar-2014
126096;SBI DEBT FUND SERIES - 366 DAYS - 49 - REGULAR PLAN - DIVIDEND;INF200KA1291;;10.2562;N.A.;N.A.;30-Mar-2014
126095;SBI DEBT FUND SERIES - 366 DAYS - 49 - REGULAR PLAN - GROWTH;INF200KA1309;;10.2562;N.A.;N.A.;30-Mar-2014
126511;SBI DEBT FUND SERIES - 366 DAYS - 50 - DIRECT PLAN - DIVIDEND;INF200K01L59;;10.2017;N.A.;N.A.;30-Mar-2014
126512;SBI DEBT FUND SERIES - 366 DAYS - 50 - DIRECT PLAN - GROWTH;INF200K01L42;;10.2018;N.A.;N.A.;30-Mar-2014
126514;SBI DEBT FUND SERIES - 366 DAYS - 50 - REGULAR PLAN - DIVIDEND;INF200K01L34;;10.1984;N.A.;N.A.;30-Mar-2014
126513;SBI DEBT FUND SERIES - 366 DAYS - 50 - REGULAR PLAN - GROWTH;INF200K01L26;;10.1984;N.A.;N.A.;30-Mar-2014
126750;SBI DEBT FUND SERIES - 366 DAYS - 51 DIRECT PLAN - DIVIDEND;INF200KA1358;;10.1726;N.A.;N.A.;30-Mar-2014
126748;SBI DEBT FUND SERIES - 366 DAYS - 51 DIRECT PLAN - GROWTH;INF200KA1366;;10.1726;N.A.;N.A.;30-Mar-2014
126747;SBI DEBT FUND SERIES - 366 DAYS - 51 REGULAR PLAN - DIVIDEND;INF200KA1374;;10.1697;N.A.;N.A.;30-Mar-2014
126749;SBI DEBT FUND SERIES - 366 DAYS - 51 REGULAR PLAN - GROWTH;INF200KA1382;;10.1697;N.A.;N.A.;30-Mar-2014
127343;SBI DEBT FUND SERIES - 366 DAYS - 52 - DIRECT PLAN - DIVIDEND;INF200KA1531;;10.1574;N.A.;N.A.;30-Mar-2014
127344;SBI DEBT FUND SERIES - 366 DAYS - 52 - DIRECT PLAN - GROWTH;INF200KA1549;;10.1574;N.A.;N.A.;30-Mar-2014
127341;SBI DEBT FUND SERIES - 366 DAYS - 52 - REGULAR PLAN - DIVIDEND;INF200KA1556;;10.1562;N.A.;N.A.;30-Mar-2014
127342;SBI DEBT FUND SERIES - 366 DAYS - 52 - REGULAR PLAN - GROWTH;INF200KA1564;;10.1562;N.A.;N.A.;30-Mar-2014
127810;SBI DEBT FUND SERIES - 366 DAYS - 53 - DIRECT PLAN - DIVIDEND;INF200KA1606;;10.1303;N.A.;N.A.;30-Mar-2014
127811;SBI DEBT FUND SERIES - 366 DAYS - 53 - DIRECT PLAN - GROWTH;INF200KA1614;;10.1303;N.A.;N.A.;30-Mar-2014
127812;SBI DEBT FUND SERIES - 366 DAYS - 53 - REGULAR PLAN - DIVIDEND;INF200KA1622;;10.1290;N.A.;N.A.;30-Mar-2014
127813;SBI DEBT FUND SERIES - 366 DAYS - 53 - REGULAR PLAN - GROWTH;INF200KA1630;;10.1290;N.A.;N.A.;30-Mar-2014
128165;SBI DEBT FUND SERIES - 366 DAYS - 54 - DIRECT PLAN - DIVIDEND;INF200KA1788;;10.0778;N.A.;N.A.;30-Mar-2014
128167;SBI DEBT FUND SERIES - 366 DAYS - 54 - REGULAR PLAN - DIVIDEND;INF200KA1804;;10.0764;N.A.;N.A.;30-Mar-2014
128168;SBI DEBT FUND SERIES - 366 DAYS - 54 - REGULAR PLAN - GROWTH;INF200KA1812;;10.0764;N.A.;N.A.;30-Mar-2014
128166;SBI DEBT FUND SERIES - 366 DAYS - 54- DIRECT PLAN - GROWTH;INF200KA1796;;10.0778;N.A.;N.A.;30-Mar-2014
113321;SBI Debt Fund Series - 60 Months - 1 - Dividend;INF200K01CQ8;;12.9546;N.A.;N.A.;30-Mar-2014
113401;SBI Debt Fund Series - 60 Months - 1 - Growth;INF200K01CP0;;12.9545;N.A.;N.A.;30-Mar-2014
118220;SBI DEBT FUND SERIES - 60 MONTHS - 2 - DIVIDEND;INF200K01QD6;;10.9231;N.A.;N.A.;30-Mar-2014
118221;SBI DEBT FUND SERIES - 60 MONTHS - 2 - GROWTH;INF200K01QC8;;10.9231;N.A.;N.A.;30-Mar-2014
120901;SBI DEBT FUND SERIES - 60 MONTHS - 3 - DIRECT PLAN - DIVIDEND;INF200K01QQ8;;10.8626;N.A.;N.A.;30-Mar-2014
120900;SBI DEBT FUND SERIES - 60 MONTHS - 3 - DIRECT PLAN - GROWTH;INF200K01QP0;;10.8626;N.A.;N.A.;30-Mar-2014
120899;SBI DEBT FUND SERIES - 60 MONTHS - 3 - REGULAR PLAN - DIVIDEND;INF200K01QF1;;10.7961;N.A.;N.A.;30-Mar-2014
120898;SBI DEBT FUND SERIES - 60 MONTHS - 3 - REGULAR PLAN - GROWTH;INF200K01QE4;;10.7961;N.A.;N.A.;30-Mar-2014
128196;SBI DEBT FUND SERIES - 90 DAYS - 84 - DIRECT PLAN - DIVIDEND;INF200K01H14;;10.0665;N.A.;N.A.;30-Mar-2014
128193;SBI DEBT FUND SERIES - 90 DAYS - 84 - DIRECT PLAN - GROWTH;INF200K01H06;;10.0665;N.A.;N.A.;30-Mar-2014
128195;SBI DEBT FUND SERIES - 90 DAYS - 84 - REGULAR PLAN - GROWTH;INF200K01G80;;10.0660;N.A.;N.A.;30-Mar-2014
128194;SBI DEBT FUND SERIES - 90 DAYS - 84- REGULAR PLAN - DIVIDEND;INF200K01G98;;10.0660;N.A.;N.A.;30-Mar-2014
128229;SBI DEBT FUND SERIES - 90 DAYS - 85 - DIRECT PLAN - DIVIDEND;INF200K01H55;;10.0476;N.A.;N.A.;30-Mar-2014
128231;SBI DEBT FUND SERIES - 90 DAYS - 85 - DIRECT PLAN - GROWTH;INF200K01H48;;10.0476;N.A.;N.A.;30-Mar-2014
128230;SBI DEBT FUND SERIES - 90 DAYS - 85 - REGULAR PLAN - DIVIDEND;INF200K01H30;;10.0473;N.A.;N.A.;30-Mar-2014
128232;SBI DEBT FUND SERIES - 90 DAYS - 85 - REGULAR PLAN - GROWTH;INF200K01H22;;10.0473;N.A.;N.A.;30-Mar-2014
126581;SBI DEBT FUND SERIES A - 1 DIRECT - GROWTH;INF200KA1AY0;;10.1919;N.A.;N.A.;30-Mar-2014
126582;SBI DEBT FUND SERIES A - 1 DIRECT PLAN - DIVIDEND;INF200KA1AZ7;;10.1919;N.A.;N.A.;30-Mar-2014
126580;SBI DEBT FUND SERIES A - 1 REGULAR PLAN - GROWTH;INF200KA1AW4;;10.1831;N.A.;N.A.;30-Mar-2014
126583;SBI DEBT FUND SERIES A - 1 REGULAR PLAN DIVIDEND;INF200KA1AX2;;10.1831;N.A.;N.A.;30-Mar-2014
128325;SBI DEBT FUND SERIES A - 10 DIRECT - GROWTH;INF200KA1BC4;;10.0699;N.A.;N.A.;30-Mar-2014
128326;SBI DEBT FUND SERIES A - 10 DIRECT PLAN - DIVIDEND;INF200KA1BD2;;10.0699;N.A.;N.A.;30-Mar-2014
128327;SBI DEBT FUND SERIES A - 10 REGULAR PLAN - DIVIDEND;INF200KA1BB6;;10.0676;N.A.;N.A.;30-Mar-2014
128328;SBI DEBT FUND SERIES A - 10 REGULAR PLAN - GROWTH;INF200KA1BA8;;10.0676;N.A.;N.A.;30-Mar-2014
128389;SBI DEBT FUND SERIES A - 11 DIRECT PLAN - DIVIDEND;INF200KA1AF9;;10.0692;N.A.;N.A.;30-Mar-2014
128388;SBI DEBT FUND SERIES A - 11 DIRECT PLAN - GROWTH;INF200KA1AE2;;10.0692;N.A.;N.A.;30-Mar-2014
128391;SBI DEBT FUND SERIES A - 11 REGULAR PLAN - DIVIDEND;INF200KA1AD4;;10.0668;N.A.;N.A.;30-Mar-2014
128390;SBI DEBT FUND SERIES A - 11 REGULAR PLAN - GROWTH;INF200KA1AC6;;10.0668;N.A.;N.A.;30-Mar-2014
128597;SBI DEBT FUND SERIES A - 12 DIRECT PLAN - DIVIDEND;INF200K013C4;;10.0515;N.A.;N.A.;30-Mar-2014
128594;SBI DEBT FUND SERIES A - 12 DIRECT PLAN - GROWTH;INF200K012C6;;10.0515;N.A.;N.A.;30-Mar-2014
128595;SBI DEBT FUND SERIES A - 12 REGULAR PLAN - DIVIDEND;INF200K011C8;;10.0505;N.A.;N.A.;30-Mar-2014
128596;SBI DEBT FUND SERIES A - 12 REGULAR PLAN - GROWTH;INF200K010C0;;10.0505;N.A.;N.A.;30-Mar-2014
128672;SBI DEBT FUND SERIES A - 13 DIRECT PLAN - DIVIDEND;INF200KA1978;;N.A.;N.A.;N.A.;30-Mar-2014
128674;SBI DEBT FUND SERIES A - 13 DIRECT PLAN - GROWTH;INF200KA1960;;10.0382;N.A.;N.A.;30-Mar-2014
128673;SBI DEBT FUND SERIES A - 13 REGULAR PLAN - DIVIDEND;INF200KA1952;;10.0374;N.A.;N.A.;30-Mar-2014
128671;SBI DEBT FUND SERIES A - 13 REGULAR PLAN - GROWTH;INF200KA1945;;10.0374;N.A.;N.A.;30-Mar-2014
126912;SBI DEBT FUND SERIES A - 2 DIRECT - GROWTH;INF200KA1CI9;;10.1621;N.A.;N.A.;30-Mar-2014
126913;SBI DEBT FUND SERIES A - 2 DIRECT PLAN - DIVIDEND;INF200KA1CJ7;;N.A.;N.A.;N.A.;30-Mar-2014
126915;SBI DEBT FUND SERIES A - 2 REGULAR PLAN - DIVIDEND;INF200KA1CH1;;10.1563;N.A.;N.A.;30-Mar-2014
126914;SBI DEBT FUND SERIES A - 2 REGULAR PLAN - GROWTH;INF200KA1CG3;;10.1563;N.A.;N.A.;30-Mar-2014
127111;SBI DEBT FUND SERIES A - 3 DIRECT - GROWTH;INF200KA1AQ6;;10.1435;N.A.;N.A.;30-Mar-2014
127112;SBI DEBT FUND SERIES A - 3 DIRECT PLAN - DIVIDEND;INF200KA1AR4;;10.1438;N.A.;N.A.;30-Mar-2014
127113;SBI DEBT FUND SERIES A - 3 REGULAR PLAN - DIVIDEND;INF200KA1AP8;;10.1399;N.A.;N.A.;30-Mar-2014
127114;SBI DEBT FUND SERIES A - 3 REGULAR PLAN - GROWTH;INF200KA1AO1;;10.1399;N.A.;N.A.;30-Mar-2014
127337;SBI DEBT FUND SERIES A - 4 DIRECT - GROWTH;INF200K01Z04;;10.1152;N.A.;N.A.;30-Mar-2014
127340;SBI DEBT FUND SERIES A - 4 DIRECT PLAN - DIVIDEND;INF200K01Z12;;10.1152;N.A.;N.A.;30-Mar-2014
127338;SBI DEBT FUND SERIES A - 4 REGULAR PLAN - DIVIDEND;INF200K01Y96;;10.1112;N.A.;N.A.;30-Mar-2014
127339;SBI DEBT FUND SERIES A - 4 REGULAR PLAN - GROWTH;INF200K01Y88;;10.1112;N.A.;N.A.;30-Mar-2014
127516;SBI DEBT FUND SERIES A - 5 DIRECT - GROWTH;INF200KA1AM5;;10.1284;N.A.;N.A.;30-Mar-2014
127517;SBI DEBT FUND SERIES A - 5 DIRECT PLAN - DIVIDEND;INF200KA1AN3;;10.1282;N.A.;N.A.;30-Mar-2014
127514;SBI DEBT FUND SERIES A - 5 REGULAR PLAN - DIVIDEND;INF200KA1AL7;;10.1259;N.A.;N.A.;30-Mar-2014
127515;SBI DEBT FUND SERIES A - 5 REGULAR PLAN - GROWTH;INF200KA1AK9;;10.1259;N.A.;N.A.;30-Mar-2014
128158;SBI DEBT FUND SERIES A - 6 DIRECT - GROWTH;INF200K01Z87;;10.0809;N.A.;N.A.;30-Mar-2014
128159;SBI DEBT FUND SERIES A - 6 DIRECT PLAN - DIVIDEND;INF200K01Z95;;N.A.;N.A.;N.A.;30-Mar-2014
128160;SBI DEBT FUND SERIES A - 6 REGULAR PLAN - DIVIDEND;INF200K01Z79;;10.0775;N.A.;N.A.;30-Mar-2014
128157;SBI DEBT FUND SERIES A - 6 REGULAR PLAN - GROWTH;INF200K01Z61;;10.0775;N.A.;N.A.;30-Mar-2014
128161;SBI DEBT FUND SERIES A - 7 DIRECT - GROWTH;INF200K012A0;;10.0649;N.A.;N.A.;30-Mar-2014
128162;SBI DEBT FUND SERIES A - 7 DIRECT PLAN - DIVIDEND;INF200K013A8;;10.0649;N.A.;N.A.;30-Mar-2014
128163;SBI DEBT FUND SERIES A - 7 REGULAR PLAN - DIVIDEND;INF200K011A2;;10.0626;N.A.;N.A.;30-Mar-2014
128164;SBI DEBT FUND SERIES A - 7 REGULAR PLAN - GROWTH;INF200K010A4;;10.0626;N.A.;N.A.;30-Mar-2014
128313;SBI DEBT FUND SERIES A - 8 DIRECT - GROWTH;INF200K016A1;;10.0587;N.A.;N.A.;30-Mar-2014
128314;SBI DEBT FUND SERIES A - 8 DIRECT PLAN - DIVIDEND;INF200K017A9;;10.0587;N.A.;N.A.;30-Mar-2014
128316;SBI DEBT FUND SERIES A - 8 REGULAR PLAN - DIVIDEND;INF200K015A3;;10.0581;N.A.;N.A.;30-Mar-2014
128315;SBI DEBT FUND SERIES A - 8 REGULAR PLAN - GROWTH;INF200K014A6;;10.0581;N.A.;N.A.;30-Mar-2014
128321;SBI DEBT FUND SERIES A - 9 DIRECT - GROWTH;INF200KA1713;;10.0833;N.A.;N.A.;30-Mar-2014
128322;SBI DEBT FUND SERIES A - 9 DIRECT PLAN - DIVIDEND;INF200KA1721;;N.A.;N.A.;N.A.;30-Mar-2014
128324;SBI DEBT FUND SERIES A - 9 REGULAR PLAN - DIVIDEND;INF200KA1739;;10.0818;N.A.;N.A.;30-Mar-2014
128323;SBI DEBT FUND SERIES A - 9 REGULAR PLAN - GROWTH;INF200KA1705;;10.0818;N.A.;N.A.;30-Mar-2014
126466;SBI Dual Advantage Fund Series - I - Direct Plan - Dividend;INF200K01X55;;10.2525;N.A.;N.A.;30-Mar-2014
126465;SBI Dual Advantage Fund Series - I - Direct Plan - Growth;INF200K01X48;;10.2525;N.A.;N.A.;30-Mar-2014
126464;SBI Dual Advantage Fund Series - I - Regular Plan - Dividend;INF200K01X30;;10.2525;N.A.;N.A.;30-Mar-2014
126463;SBI Dual Advantage Fund Series - I - Regular Plan - Growth;INF200K01X22;;10.2525;N.A.;N.A.;30-Mar-2014
