Scheme Code;Scheme Name;ISIN Div Payout/ISIN Growth;ISIN Div Reinvestment;Net Asset Value;Repurchase Price;Sale Price;Date

Open Ended Schemes ( Liquid )


Sahara Mutual Fund
101397;Sahara Liquid Fund-Fixed Pricing -  Weekly Dividend Option;;INF515L01064;1027.4373;1027.4373;1027.4373;25-Jun-2016
101393;Sahara Liquid Fund-Fixed Pricing - Daily Dividend Option;;INF515L01049;1099.4599;1099.4599;1099.4599;25-Jun-2016
120265;Sahara Liquid Fund-Fixed Pricing - Direct - Weekly Dividend Option;;INF515L01668;1027.4373;1027.4373;1027.4373;25-Jun-2016
120262;Sahara Liquid Fund-Fixed Pricing - Direct -Growth option;INF515L01650;;2692.1373;2692.1373;2692.1373;25-Jun-2016
101394;Sahara Liquid Fund-Fixed Pricing - Growth option;INF515L01056;;2690.4962;2690.4962;2690.4962;25-Jun-2016
101398;Sahara Liquid Fund-Fixed Pricing - Monthly Dividend Option;;INF515L01072;1043.3721;1043.3721;1043.3721;25-Jun-2016
120253;Sahara Liquid Fund-Fixed Pricing -Direct - Daily Dividend Option- Direct;;INF515L01643;1099.4599;1099.4599;1099.4599;25-Jun-2016
120266;Sahara Liquid Fund-Fixed Pricing -Direct - Monthly Dividend Option;;INF515L01676;1043.3721;1043.3721;1043.3721;25-Jun-2016
101399;Sahara Liquid Fund-Variable Pricing - Daily Dividend option;;INF515L01080;1102.1519;1102.1519;1102.1519;25-Jun-2016
101402;Sahara Liquid Fund-Variable Pricing - Growth option;INF515L01114;;2733.5882;2733.5882;2733.5882;25-Jun-2016
101400;Sahara Liquid Fund-Variable Pricing - Weekly Dividend Option;;INF515L01098;1109.3609;1109.3609;1109.3609;25-Jun-2016
120271;Sahara Liquid Fund-Variable Pricing -Direct - Daily Dividend option;;INF515L01684;1038.8267;1038.8267;1038.8267;25-Jun-2016
120280;Sahara Liquid Fund-Variable Pricing -Direct - Growth option;INF515L01718;;2736.5921;2736.5921;2736.5921;25-Jun-2016
120272;Sahara Liquid Fund-Variable Pricing -Direct - Weekly Dividend Option;;INF515L01692;1109.3609;1109.3609;1109.3609;25-Jun-2016
120273;Sahara Liquid Fund-Variable Pricing- Direct - Monthly Dividend Option;;INF515L01700;1055.8972;1055.8972;1055.8972;25-Jun-2016
101401;Sahara Liquid Fund-Variable Pricing- Monthly Dividend Option;;INF515L01106;1119.5033;1119.5033;1119.5033;25-Jun-2016

Tata Mutual Fund
101987;Tata Liquid Fund Reglar Plan - Monthly Dividend;INF277K01LR5;INF277K01LS3;1005.9674;1005.9674;1005.9674;25-Jun-2016
101861;Tata Liquid Fund-Regular Plan  - Weekly Dividend;INF277K016C5;;1001.4991;1001.4991;1001.4991;25-Jun-2016
101984;Tata Liquid High Investment Plan - Daily;;;1114.3379;1114.3379;1114.3379;25-Jun-2016
101860;Tata Liquid High Investment Plan - Growth;INF277K01LN4;;2495.6716;2495.6716;2495.6716;25-Jun-2016
101859;Tata Liquid High Investment Plan - Weekly;;;1147.3967;1147.3967;1147.3967;25-Jun-2016
101982;Tata Liquid Retail Investment PLan - Daily;;;1116.8143;1116.8143;1116.8143;25-Jun-2016
101983;Tata Liquid Retail Investment Plan - Fortnightly;;;1147.2815;1147.2815;1147.2815;25-Jun-2016
101858;Tata Liquid Retail Investment Plan - Growth;INF277K01LM6;;3395.4584;3395.4584;3395.4584;25-Jun-2016
103631;Tata Liquidity Management Fund - Regular Plan - Daily Dividend;;;1002.6089;1002.6089;1002.6089;25-Jun-2016
103632;Tata Liquidity Management Fund - Regular Plan - Growth;INF277K01LW5;;2037.9332;2037.9332;2037.9332;25-Jun-2016
103519;Tata Liquidity Management Fund - Regular Plan  -Weekly Dividend;;;1006.1950;1006.1950;1006.1950;25-Jun-2016
119443;Tata Liquidity Management Fund- Direct Plan-Daily Dividend;;;1002.6089;1002.6089;1002.6089;25-Jun-2016
119444;Tata Liquidity Management Fund- Direct Plan-Growth;INF277K01PU0;;2041.1382;2041.1382;2041.1382;25-Jun-2016

Open Ended Schemes ( Money Market )


Tata Mutual Fund
102152;Tata Money Market Fund Regular (Bonus / Dividend);;;1015.6346;1015.6346;1015.6346;25-Jun-2016
102153;Tata Money Market Fund Regular (Growth);INF277K01LY1;;2383.8757;2383.8757;2383.8757;25-Jun-2016

Open Ended Schemes ( Debt Scheme - Overnight Fund )


SBI Mutual Fund
119831;SBI Overnight Fund - Direct Plan - Daily Income Distribution cum Capital Withdrawal Option (IDCW);;INF200K01TJ7;1009.91;1007.3852;1009.91;25-Jun-2016
119833;SBI OVERNIGHT FUND - DIRECT PLAN - GROWTH;INF200K01TK5;;2620.6349;2614.0833;2620.6349;25-Jun-2016
119832;SBI Overnight Fund - Direct Plan - Weekly Income Distribution cum Capital Withdrawal Option (IDCW);INF200K01TL3;INF200K01TM1;1031.1904;1028.6124;1031.1904;25-Jun-2016
114297;SBI Overnight Fund - Regular Plan - Daily Income Distribution cum Capital Withdrawal Option (IDCW);;INF200K01LN6;1009.91;1007.3852;1009.91;25-Jun-2016
101206;SBI OVERNIGHT FUND - REGULAR PLAN - GROWTH;INF200K01LQ9;;2605.9194;2599.4046;2605.9194;25-Jun-2016
103140;SBI Overnight Fund - Regular Plan - Weekly Income Distribution cum Capital Withdrawal Option (IDCW);INF200K01LO4;INF200K01LP1;1031.1903;1028.6123;1031.1903;25-Jun-2016

Open Ended Schemes ( Debt Scheme - Liquid Fund )


Axis Mutual Fund
128954;Axis Liquid Fund - Direct plan - Bonus Option;INF846K01NH4;;1710.8498;1710.8498;1710.8498;25-Jun-2016
120388;Axis Liquid Fund - Direct Plan - Daily IDCW;;INF846K01DA0;1000.6413;1000.6413;1000.6413;25-Jun-2016
120389;Axis Liquid Fund - Direct Plan - Growth Option;INF846K01CX4;;1710.9445;1710.9445;1710.9445;25-Jun-2016
120391;Axis Liquid Fund - Direct Plan - Monthly IDCW;INF846K01CY2;INF846K01CZ9;1006.6930;1006.6930;1006.6930;25-Jun-2016
120390;Axis Liquid Fund - Direct Plan - Weekly IDCW;INF846K01DB8;INF846K01DC6;1003.1137;1003.1137;1003.1137;25-Jun-2016
112211;Axis Liquid Fund - Regular Plan - Daily IDCW;;INF846K01420;1000.8759;1000.8759;1000.8759;25-Jun-2016
112210;Axis Liquid Fund - Regular Plan - Growth Option;INF846K01412;;1707.0940;1707.0940;1707.0940;25-Jun-2016
112213;Axis Liquid Fund - Regular Plan - Monthly IDCW;INF846K01453;INF846K01461;1006.9998;1006.9998;1006.9998;25-Jun-2016
112212;Axis Liquid Fund - Regular Plan - Weekly IDCW;INF846K01438;INF846K01446;1003.1015;1003.1015;1003.1015;25-Jun-2016
112712;Axis Liquid Fund - Retail Plan - Daily IDCW;;INF846K01362;1000.6413;1000.6413;1000.6413;25-Jun-2016
112713;Axis Liquid Fund - Retail Plan - Growth Option;INF846K01354;;1636.5959;1636.5959;1636.5959;25-Jun-2016
112714;Axis Liquid Fund - Retail Plan - Monthly IDCW;INF846K01396;INF846K01404;1006.1663;1006.1663;1006.1663;25-Jun-2016
112715;Axis Liquid Fund - Retail Plan - Weekly IDCW;INF846K01370;INF846K01388;1001.4576;1001.4576;1001.4576;25-Jun-2016

Bank of India Mutual Fund
119368;BANK OF INDIA Liquid Fund- Direct Plan- Daily IDCW;;INF761K01CL0;1002.6483;1002.6483;1002.6483;25-Jun-2016
119369;BANK OF INDIA Liquid Fund- Direct Plan- Growth;INF761K01785;;1777.9568;1777.9568;1777.9568;25-Jun-2016
119370;BANK OF INDIA Liquid Fund- Direct Plan- Weekly IDCW;;INF761K01CM8;1062.6377;1062.6377;1062.6377;25-Jun-2016
111971;BANK OF INDIA Liquid Fund- Regular Plan- Daily IDCW;;INF761K01CO4;1002.1069;1002.1069;1002.1069;25-Jun-2016
109254;BANK OF INDIA Liquid Fund- Regular Plan- Growth;INF761K01306;;1771.6506;1771.6506;1771.6506;25-Jun-2016
109255;BANK OF INDIA Liquid Fund- Regular Plan- Weekly IDCW;;INF761K01CP1;1002.3193;1002.3193;1002.3193;25-Jun-2016

Canara Robeco Mutual Fund
118307;CANARA ROBECO LIQUID FUND - DIRECT PLAN - DAILY IDCW (Reinvestment);;INF760K01FS0;1005.5000;1005.5000;1005.5000;25-Jun-2016
118305;CANARA ROBECO LIQUID FUND - DIRECT PLAN - GROWTH OPTION;INF760K01FU6;;1872.5368;1872.5368;1872.5368;25-Jun-2016
118304;CANARA ROBECO LIQUID FUND - DIRECT PLAN - IDCW (Payout/Reinvestment);INF760K01FT8;;1340.6186;1340.6186;1340.6186;25-Jun-2016
118306;CANARA ROBECO LIQUID FUND - DIRECT PLAN - MONTHLY IDCW (Payout/Reinvestment);INF760K01FV4;INF760K01FW2;1006.4293;1006.4293;1006.4293;25-Jun-2016
118308;CANARA ROBECO LIQUID FUND - DIRECT PLAN - WEEKLY IDCW (Payout/Reinvestment);INF760K01FY8;INF760K01FX0;1000.6821;1000.6821;1000.6821;25-Jun-2016
109349;CANARA ROBECO LIQUID FUND - REGULAR PLAN - DAILY IDCW (Reinvestment);;INF760K01CU3;1005.5000;1005.5000;1005.5000;25-Jun-2016
109353;CANARA ROBECO LIQUID FUND - REGULAR PLAN - GROWTH OPTION;INF760K01CW9;;1869.4742;1869.4742;1869.4742;25-Jun-2016
109351;CANARA ROBECO LIQUID FUND - REGULAR PLAN - MONTHLY IDCW (Payout/Reinvestment);INF760K01CX7;INF760K01CY5;1006.4122;1006.4122;1006.4122;25-Jun-2016
109350;CANARA ROBECO LIQUID FUND - REGULAR PLAN - WEEKLY IDCW (Payout/Reinvestment);INF760K01BZ4;INF760K01CZ2;1000.6805;1000.6805;1000.6805;25-Jun-2016
139235;Canara Robeco Liquid Fund -Unclaimed Redemption and Dividend Plan -Direct Growth Option;INF760K01IC8;;1017.0949;1017.0949;1017.0949;25-Jun-2016
101363;Canara Robeco Liquid Fund- INSTITUTIONAL-Daily Dividend Reinvestment;;INF760K01CC1;1005.5000;1005.5000;1005.5000;25-Jun-2016
101362;Canara Robeco Liquid Fund- INSTITUTIONAL-Growth;INF760K01CD9;;2742.9592;2742.9592;2742.9592;25-Jun-2016
101364;Canara Robeco Liquid Fund-Retail-DRI;;INF760K01CF4;1007.0000;1007.0000;1007.0000;25-Jun-2016
101365;Canara Robeco Liquid Fund-Retail-Growth;INF760K01CH0;;2666.0084;2666.0084;2666.0084;25-Jun-2016
109347;Canara Robeco Liquid Fund-Retail-Monthly Div Reinvest;;INF760K01CI8;1011.6244;1011.6244;1011.6244;25-Jun-2016
109356;Canara Robeco Liquid Fund-Retail-Weekly Div Reinvest;;INF760K01CJ6;1006.0745;1006.0745;1006.0745;25-Jun-2016

quant Mutual Fund
120837;quant Liquid Fund - Growth Option - Direct Plan;INF966L01820;;24.185;24.185;24.185;25-Jun-2016
103225;quant Liquid Fund - Growth Option - Regular Plan;INF966L01317;;24.0758;24.0758;24.0758;25-Jun-2016
120838;quant Liquid Fund - Monthly IDCW Option - Direct Plan;INF966L01796;INF966L01812;15.2602;15.2602;15.2602;25-Jun-2016
103228;quant Liquid Fund - Monthly IDCW Option - Regular Plan;INF966L01291;INF966L01309;15.1628;15.1628;15.1628;25-Jun-2016
120839;quant Liquid Fund - Weekly IDCW Option - Direct Plan;INF966L01788;INF966L01804;13.7152;13.7152;13.7152;25-Jun-2016
103227;quant Liquid Fund - Weekly IDCW Option - Regular Plan;INF966L01499;INF966L01283;13.5914;13.5914;13.5914;25-Jun-2016
120836;quant Liquid Fund-Daily IDCW Option - Direct Plan;;INF966L01770;13.8024;13.8024;13.8024;25-Jun-2016
103226;quant Liquid Fund-Daily IDCW Option - Regular Plan;;INF966L01275;13.7219;13.7219;13.7219;25-Jun-2016

SBI Mutual Fund
119804;SBI Liquid Fund - Direct Paln - Fortnightly Income Distribution cum Capital Withdrawal Option (IDCW);INF200K01UR8;INF200K01US6;1013.269;1013.269;1013.269;25-Jun-2016
119805;SBI Liquid Fund - Direct Plan - Daily Income Distribution cum Capital Withdrawal Option (IDCW);;INF200K01UQ0;1003.25;1003.25;1003.25;25-Jun-2016
119799;SBI Liquid Fund - Direct Plan - Weekly Income Distribution cum Capital Withdrawal Option (IDCW);INF200K01UU2;INF200K01UV0;1061.0596;1061.0596;1061.0596;25-Jun-2016
119800;SBI Liquid Fund - DIRECT PLAN -Growth;INF200K01UT4;;2424.7748;2424.7748;2424.7748;25-Jun-2016
105274;SBI Liquid Fund - Institutional - Growth;INF200K01LU1;;2442.2022;2442.2022;2442.2022;25-Jun-2016
105275;SBI Liquid Fund - Institutional Daily Income Distribution cum Capital Withdrawal Option (IDCW);;INF200K01LR7;1003.25;1003.25;1003.25;25-Jun-2016
105279;SBI Liquid Fund - Institutional Fortnightly Income Distribution cum Capital Withdrawal Option (IDCW);INF200K01LS5;INF200K01LT3;1024.5779;1024.5779;1024.5779;25-Jun-2016
105278;SBI Liquid Fund - Institutional Weekly Income Distribution cum Capital Withdrawal Option (IDCW);INF200K01LV9;INF200K01LW7;1060.3503;1060.3503;1060.3503;25-Jun-2016
105281;SBI Liquid Fund - Regular Plan - Daily Income Distribution cum Capital Withdrawal Option (IDCW);;INF200K01LX5;1003.25;1003.25;1003.25;25-Jun-2016
105283;SBI Liquid Fund - Regular Plan - Fortnightly Income Distribution cum Capital Withdrawal Option (IDCW);INF200K01LY3;INF200K01LZ0;1013.2512;1013.2512;1013.2512;25-Jun-2016
105282;SBI Liquid Fund - Regular Plan - Weekly Income Distribution cum Capital Withdrawal Option (IDCW);INF200K01MB9;INF200K01MC7;1061.0596;1061.0596;1061.0596;25-Jun-2016
105280;SBI Liquid Fund - REGULAR PLAN -Growth;INF200K01MA1;;2419.4768;2419.4768;2419.4768;25-Jun-2016

Sundaram Mutual Fund
119690;Sundaram Money Fund Direct Plan - Bonus;INF903J01RL8;;11.6497;11.6497;11.6497;25-Jun-2016
119688;Sundaram Money Fund Direct Plan - Daily Reinvestment of Income Distribution cum Capital Withdrawal (IDCW);;INF903J01QA3;10.1025;10.1025;10.1025;25-Jun-2016
119692;Sundaram Money Fund Direct Plan - Fortnightly Reinvestment of Income Distribution cum Capital Withdrawal (IDCW);;INF903J01QB1;25.7413;25.7413;25.7413;25-Jun-2016
119686;Sundaram Money Fund Direct Plan - Growth;INF903J01QF2;;32.5532;32.5532;32.5532;25-Jun-2016
119687;Sundaram Money Fund Direct Plan - Monthly Income Distribution cum Capital Withdrawal (IDCW);INF903J01QC9;INF903J01QD7;10.6289;10.6289;10.6289;25-Jun-2016
119689;Sundaram Money Fund Direct Plan - Quarterly Reinvestment of Income Distribution cum Capital Withdrawal (IDCW);;INF903J01QE5;32.2108;32.2108;32.2108;25-Jun-2016
119691;Sundaram Money Fund Direct Plan - Weekly Reinvestment of Income Distribution cum Capital Withdrawal (IDCW);;INF903J01QG0;11.5112;11.5112;11.5112;25-Jun-2016
102701;Sundaram Money Fund Institutional Plan - Daily Reinvestment of Income Distribution cum Capital Withdrawal (IDCW);;INF903J01GP2;10.0953;10.0953;10.0953;25-Jun-2016
102703;Sundaram Money Fund Institutional Plan - Growth;INF903J01GN7;;31.6715;31.6715;31.6715;25-Jun-2016
118328;Sundaram Money Fund Regular Plan - Bonus;INF903J01MB0;;11.6090;11.6090;11.6090;25-Jun-2016
103392;Sundaram Money Fund Regular Plan - Daily Reinvestment of Income Distribution cum Capital Withdrawal (IDCW);;INF903J01GW8;10.0953;10.0953;10.0953;25-Jun-2016
103395;Sundaram Money Fund Regular Plan - Fortnightly Reinvestment of Income Distribution cum Capital Withdrawal (IDCW);;INF903J01GY4;10.8917;10.8917;10.8917;25-Jun-2016
103397;Sundaram Money Fund Regular Plan - Growth;INF903J01GU2;;32.4778;32.4778;32.4778;25-Jun-2016
103396;Sundaram Money Fund Regular Plan - Monthly Income Distribution cum Capital Withdrawal (IDCW);INF903J01GV0;INF903J01GZ1;10.4874;10.4874;10.4874;25-Jun-2016
103393;Sundaram Money Fund Regular Plan - Quarterly Reinvestment of Income Distribution cum Capital Withdrawal (IDCW);;INF903J01HA2;32.1749;32.1749;32.1749;25-Jun-2016
100620;Sundaram Money Fund Retail Plan - Daily Reinvestment of Income Distribution cum Capital Withdrawal (IDCW);;INF903J01GI7;10.0953;10.0953;10.0953;25-Jun-2016
100622;Sundaram Money Fund Retail Plan - Fortnightly Reinvestment of Income Distribution cum Capital Withdrawal (IDCW);;INF903J01GK3;10.8588;10.8588;10.8588;25-Jun-2016
100618;Sundaram Money Fund Retail Plan - Growth;INF903J01GG1;;30.3511;30.3511;30.3511;25-Jun-2016
100623;Sundaram Money Fund Retail Plan - Monthly Income Distribution cum Capital Withdrawal (IDCW);INF903J01GH9;INF903J01GL1;10.5005;10.5005;10.5005;25-Jun-2016
100619;Sundaram Money Fund Retail Plan - Quarterly Reinvestment of Income Distribution cum Capital Withdrawal (IDCW);;INF903J01GM9;11.8179;11.8179;11.8179;25-Jun-2016
100621;Sundaram Money Fund Retail Plan - Weekly Reinvestment of Income Distribution cum Capital Withdrawal (IDCW);;INF903J01GJ5;11.4527;11.4527;11.4527;25-Jun-2016
103394;Sundaram Money Fund Regular Plan - Weekly Reinvestment of Income Distribution cum Capital Withdrawal (IDCW);;INF903J01GX6;11.4946;11.4946;11.4946;25-Jun-2016

Tata Mutual Fund
102672;Tata Liquid Fund -Regular Plan - Growth Option;INF277K01YD8;;2424.6482;2424.6482;2424.6482;25-Jun-2016
119862;Tata Liquid Fund- Direct Plan - Daily Reinvestment of IDCW Option;;INF277K012D2;1001.5187;1001.5187;1001.5187;25-Jun-2016
119861;Tata Liquid Fund- Direct Plan-Growth Option;INF277K01YE6;;2432.1871;2432.1871;2432.1871;25-Jun-2016
101714;Tata Liquid Fund- Regular Plan - Daily Reinvestment of IDCW Option;;INF277K011D4;1001.5157;1001.5157;1001.5157;25-Jun-2016

Union Mutual Fund
115401;Union Liquid Fund - Daily IDCW Option;;INF582M01021;1000.6489;1000.6489;1000.6489;25-Jun-2016
119301;Union Liquid Fund - Direct Plan - Daily IDCW Option;;INF582M01682;1000.6506;1000.6506;1000.6506;25-Jun-2016
119305;Union Liquid Fund - Direct Plan - Fortnightly IDCW Option;INF582M01724;INF582M01708;1003.2799;1003.2799;1003.2799;25-Jun-2016
119303;Union Liquid Fund - Direct Plan - Growth Option;INF582M01674;;1543.8771;1543.8771;1543.8771;25-Jun-2016
119302;Union Liquid Fund - Direct Plan - Monthly IDCW Option;INF582M01732;INF582M01716;1006.5862;1006.5862;1006.5862;25-Jun-2016
119304;Union Liquid Fund - Direct Plan - Weekly IDCW Option;;INF582M01690;1001.2800;1001.2800;1001.2800;25-Jun-2016
115399;Union Liquid Fund - Fortnightly IDCW Option;INF582M01062;INF582M01047;1003.2269;1003.2269;1003.2269;25-Jun-2016
115398;Union Liquid Fund - Growth Option;INF582M01013;;1539.5490;1539.5490;1539.5490;25-Jun-2016
115400;Union Liquid Fund - Monthly IDCW Option;INF582M01070;INF582M01054;1006.5060;1006.5060;1006.5060;25-Jun-2016
115402;Union Liquid Fund - Weekly IDCW Option;;INF582M01039;1001.2633;1001.2633;1001.2633;25-Jun-2016

UTI Mutual Fund
134427;UTI Liquid Fund - Direct Plan - Annual IDCW;INF789FA1K63;INF789FA1K71;1112.4475;1112.4475;1112.4475;25-Jun-2016
120558;UTI Liquid Fund - Direct Plan - Daily IDCW (Reinvestment);;INF789F01XP8;1019.4457;1019.4457;1019.4457;25-Jun-2016
120794;UTI Liquid Fund - Direct Plan - Monthly IDCW;INF789F01XR4;INF789F01XS2;1030.228;1030.228;1030.228;25-Jun-2016
120777;UTI Liquid Fund - Direct Plan - Weekly IDCW;;INF789F01XT0;1053.6153;1053.6153;1053.6153;25-Jun-2016
133973;UTI Liquid Fund - Regular Plan - Annual IDCW;INF789FA1J66;INF789FA1J74;1112.2989;1112.2989;1112.2989;25-Jun-2016
102010;UTI Liquid Fund - Regular Plan - Daily IDCW (Reinvestment);;INF789F01PG3;1019.4457;1019.4457;1019.4457;25-Jun-2016
102011;UTI Liquid Fund - Regular Plan - Monthly IDCW;INF789F01PI9;INF789F01PJ7;1030.2009;1030.2009;1030.2009;25-Jun-2016
135721;UTI Liquid Fund - Regular Plan - Quarterly IDCW;INF789FA1J25;INF789FA1J33;1050.2121;1050.2121;0;25-Jun-2016
102013;UTI Liquid Fund - Regular Plan - Weekly IDCW;;INF789F01PK5;1053.6108;1053.6108;1053.6108;25-Jun-2016
120304;UTI-  Liquid Cash Plan - Direct Plan - Growth Option;INF789F01XQ6;;2528.1966;2528.1966;2528.1966;25-Jun-2016
102012;UTI-  Liquid Cash Plan - Regular Plan - Growth Option;INF789F01PH1;;2522.5344;2522.5344;2522.5344;25-Jun-2016
102008;UTI-  Liquid Cash Plan- Discontinued - Regular Plan - Monthly Dividend Option;INF789F01BC2;INF789F01BA6;1178.3322;1178.3322;0;25-Jun-2016
102009;UTI-  Liquid Cash Plan- Discontinued - Regular Plan -Growth;INF789F01BB4;;2398.6777;2398.6777;0;25-Jun-2016
102007;UTI-  Liquid Cash Plan- Discontinued -Regular Plan Periodic Dividend Option;;INF789F01AZ5;1136.7182;1136.7182;0;25-Jun-2016

Open Ended Schemes ( Debt Scheme - Ultra Short Duration Fund )


SBI Mutual Fund
119784;SBI Ultra Short Duration Fund - Direct Plan - Daily Income Distribution cum Capital Withdrawal Option (IDCW);;INF200K01TG3;1675.03;1673.355;1675.03;25-Jun-2016
119828;SBI ULTRA SHORT DURATION FUND - DIRECT PLAN - GROWTH;INF200K01TF5;;3414.0706;3410.6565;3414.0706;25-Jun-2016
119829;SBI Ultra Short Duration Fund - Direct Plan - Weekly Income Distribution cum Capital Withdrawal Option (IDCW);INF200K01TH1;INF200K01TI9;1077.5805;1076.5029;1077.5805;25-Jun-2016
105080;SBI Ultra Short Duration Fund - Regular Plan - Daily Income Distribution cum Capital Withdrawal Option (IDCW);;INF200K01LK2;1675.03;1673.355;1675.03;25-Jun-2016
100641;SBI ULTRA SHORT DURATION FUND - REGULAR PLAN - GROWTH;INF200K01LJ4;;3406.1082;3402.7021;3406.1082;25-Jun-2016
103884;SBI Ultra Short Duration Fund - Regular Plan - Weekly Income Distribution cum Capital Withdrawal Option (IDCW);INF200K01LM8;INF200K01LL0;1077.5805;1076.5029;1077.5805;25-Jun-2016

Open Ended Schemes ( Debt Scheme - Money Market Fund )


Tata Mutual Fund
119423;Tata Liquid Fund- Direct Plan- Monthly Dividend;INF277K01PS4;INF277K01PT2;1006.0065;1006.0065;1006.0065;25-Jun-2016
119422;Tata Liquid Fund- Direct Plan- Weekly Dividend;INF277K013C2;;1001.5045;1001.5045;1001.5045;25-Jun-2016
119421;Tata Money Market Fund- Direct Plan - Daily Reinvestment of IDCW Option;;INF277K011C6;1114.5200;1114.5200;1114.5200;25-Jun-2016
119424;Tata Money Market Fund- Direct Plan- Growth Option;INF277K01PR6;;2848.1574;2848.1574;2848.1574;25-Jun-2016
101986;Tata Money Market Fund- Regular Plan - Daily Reinvestment of IDCW Option;;INF277K014C0;1114.5200;1114.5200;1114.5200;25-Jun-2016
101847;Tata Money Market Fund-Regular Plan - Growth Option;INF277K01LQ7;;2840.4675;2840.4675;2840.4675;25-Jun-2016

UTI Mutual Fund
120299;UTI MMF - Direct Plan - Growth Option;INF789F01XV6;;1730.7615;1730.7615;1730.7615;25-Jun-2016
112077;UTI MMF - Regular Plan - Growth Option;INF789F01PX8;;1725.1315;1725.1315;1725.1315;25-Jun-2016
100724;UTI MMF- Discontinued - Regular Plan - Flexi Dividend Option;;INF789F01BD0;2244.015;2244.015;0;25-Jun-2016
100725;UTI MMF- Discontinued - Regular Plan - Periodic Dividend Option;INF789F01BE8;;1995.9242;1995.9242;0;25-Jun-2016
100723;UTI MMF-Discontinued - Regular Plan -Growth;INF789F01BF5;;4158.7132;4158.7132;0;25-Jun-2016
120772;UTI Money Market Fund - Direct Plan - Daily IDCW (Reinvestment);;INF789F01XU8;1003.3854;1003.3854;1003.3854;25-Jun-2016
135606;UTI Money Market Fund - Direct Plan - Fortnightly IDCW;INF789FA1M20;INF789FA1M38;1066.2808;1066.2808;0;25-Jun-2016
133387;UTI Money Market Fund - Direct Plan - Monthly IDCW;INF789FA1M46;INF789FA1M53;1064.7361;1064.7361;1064.7361;25-Jun-2016
120793;UTI Money Market Fund - Direct Plan - Weekly IDCW;INF789F01XW4;INF789F01XX2;1015.1271;1015.1271;1015.1271;25-Jun-2016
134972;UTI Money Market Fund - Regular Plan - Annual IDCW;INF789FA1L88;INF789FA1L96;1027.5248;1027.5248;0;25-Jun-2016
112076;UTI Money Market Fund - Regular Plan - Daily IDCW (Reinvestment);;INF789F01PW0;1003.3854;1003.3854;1003.3854;25-Jun-2016
133484;UTI Money Market Fund - Regular Plan - Monthly IDCW;INF789FA1L21;INF789FA1L39;1042.0775;1042.0775;1042.0775;25-Jun-2016
112635;UTI Money Market Fund - Regular Plan - Weekly IDCW;INF789F01PY6;INF789F01PZ3;1015.116;1015.116;1015.116;25-Jun-2016

Close Ended Schemes ( Income )


SBI Mutual Fund
126205;SBI DEBT FUND SERIES - 16 MONTHS - 1 - DIRECT PLAN - GROWTH;INF200KA1CE8;;12.3747;N.A.;N.A.;25-Jun-2016
126206;SBI DEBT FUND SERIES - 16 MONTHS - 1 - REGULAR PLAN - DIVIDEND;INF200KA1CD0;;12.3047;N.A.;N.A.;25-Jun-2016
126207;SBI DEBT FUND SERIES - 16 MONTHS - 1 - REGULAR PLAN - GROWTH;INF200KA1CC2;;12.3046;N.A.;N.A.;25-Jun-2016
126208;SBI DEBT FUND SERIES - 16 MONTHS - 1- DIRECT PLAN - DIVIDEND;INF200KA1CF5;;12.3676;N.A.;N.A.;25-Jun-2016
126209;SBI DEBT FUND SERIES - 16 MONTHS - 2 - DIRECT PLAN - GROWTH;INF200KA1DM9;;12.3399;N.A.;N.A.;25-Jun-2016
126210;SBI DEBT FUND SERIES - 16 MONTHS - 2 - REGULAR PLAN - DIVIDEND;INF200KA1DL1;;12.28;N.A.;N.A.;25-Jun-2016
126211;SBI DEBT FUND SERIES - 16 MONTHS - 2 - REGULAR PLAN - GROWTH;INF200KA1DK3;;12.2794;N.A.;N.A.;25-Jun-2016
126212;SBI DEBT FUND SERIES - 16 MONTHS - 2- DIRECT PLAN - DIVIDEND;INF200KA1DN7;;12.3409;N.A.;N.A.;25-Jun-2016
125734;SBI DEBT FUND SERIES - 17 MONTHS - 1 - DIRECT PLAN - GROWTH;INF200KA1CQ2;;12.4293;N.A.;N.A.;25-Jun-2016
125735;SBI DEBT FUND SERIES - 17 MONTHS - 1 - REGULAR PLAN - DIVIDEND;INF200KA1CP4;;12.3565;N.A.;N.A.;25-Jun-2016
125736;SBI DEBT FUND SERIES - 17 MONTHS - 1 - REGULAR PLAN - GROWTH;INF200KA1CO7;;12.3564;N.A.;N.A.;25-Jun-2016
125733;SBI DEBT FUND SERIES - 17 MONTHS - 1- DIRECT PLAN - DIVIDEND;INF200KA1CR0;;12.4289;N.A.;N.A.;25-Jun-2016
125008;SBI DEBT FUND SERIES - 18 MONTHS - 12 - DIRECT PLAN - DIVIDEND;INF200KA1BL5;;N.A.;N.A.;N.A.;25-Jun-2016
125005;SBI DEBT FUND SERIES - 18 MONTHS - 12 - DIRECT PLAN - GROWTH;INF200KA1BK7;;12.4894;N.A.;N.A.;25-Jun-2016
125006;SBI DEBT FUND SERIES - 18 MONTHS - 12 - REGULAR PLAN - DIVIDEND;INF200KA1BJ9;;12.3957;N.A.;N.A.;25-Jun-2016
125007;SBI DEBT FUND SERIES - 18 MONTHS - 12 - REGULAR PLAN - GROWTH;INF200KA1BI1;;12.3961;N.A.;N.A.;25-Jun-2016
125460;SBI DEBT FUND SERIES - 18 MONTHS - 13 - DIRECT PLAN - DIVIDEND;INF200KA1DZ1;;N.A.;N.A.;N.A.;25-Jun-2016
125461;SBI DEBT FUND SERIES - 18 MONTHS - 13 - DIRECT PLAN - GROWTH;INF200KA1DY4;;12.4988;N.A.;N.A.;25-Jun-2016
125462;SBI DEBT FUND SERIES - 18 MONTHS - 13 - REGULAR PLAN - DIVIDEND;INF200KA1DX6;;N.A.;N.A.;N.A.;25-Jun-2016
125463;SBI DEBT FUND SERIES - 18 MONTHS - 13 - REGULAR PLAN - GROWTH;INF200KA1DW8;;12.4276;N.A.;N.A.;25-Jun-2016
123647;SBI DEBT FUND SERIES - 36 MONTHS - 4 - DIRECT PLAN - DIVIDEND;INF200KA1KF8;;12.8808;N.A.;N.A.;25-Jun-2016
123649;SBI DEBT FUND SERIES - 36 MONTHS - 4 - DIRECT PLAN - GROWTH;INF200KA1KE1;;12.8808;N.A.;N.A.;25-Jun-2016
123648;SBI DEBT FUND SERIES - 36 MONTHS - 4 - REGULAR PLAN - DIVIDEND;INF200KA1KD3;;12.8224;N.A.;N.A.;25-Jun-2016
123650;SBI DEBT FUND SERIES - 36 MONTHS - 4 - REGULAR PLAN - GROWTH;INF200KA1KC5;;12.8224;N.A.;N.A.;25-Jun-2016
124000;SBI DEBT FUND SERIES - 36 MONTHS - 5 - DIRECT PLAN - DIVIDEND;INF200K01D91;;N.A.;N.A.;N.A.;25-Jun-2016
124001;SBI DEBT FUND SERIES - 36 MONTHS - 5 - DIRECT PLAN - GROWTH;INF200K01D83;;12.7514;N.A.;N.A.;25-Jun-2016
124003;SBI DEBT FUND SERIES - 36 MONTHS - 5 - REGULAR PLAN - DIVIDEND;INF200K01D75;;12.6977;N.A.;N.A.;25-Jun-2016
124002;SBI DEBT FUND SERIES - 36 MONTHS - 5 - REGULAR PLAN - GROWTH;INF200K01D67;;12.6977;N.A.;N.A.;25-Jun-2016
124373;SBI DEBT FUND SERIES - 36 MONTHS - 6 - DIRECT PLAN - DIVIDEND;INF200KA1KZ6;;12.8699;N.A.;N.A.;25-Jun-2016
124374;SBI DEBT FUND SERIES - 36 MONTHS - 6 - DIRECT PLAN - GROWTH;INF200KA1KY9;;12.8699;N.A.;N.A.;25-Jun-2016
124375;SBI DEBT FUND SERIES - 36 MONTHS - 6 - REGULAR PLAN - DIVIDEND;INF200KA1KX1;;12.7313;N.A.;N.A.;25-Jun-2016
124376;SBI DEBT FUND SERIES - 36 MONTHS - 6 - REGULAR PLAN - GROWTH;INF200KA1KW3;;12.7313;N.A.;N.A.;25-Jun-2016
125719;SBI DEBT FUND SERIES - 36 MONTHS - 7 - DIRECT PLAN - DIVIDEND;INF200K01E74;;12.5302;N.A.;N.A.;25-Jun-2016
125721;SBI DEBT FUND SERIES - 36 MONTHS - 7 - DIRECT PLAN - GROWTH;INF200K01E66;;12.5302;N.A.;N.A.;25-Jun-2016
125720;SBI DEBT FUND SERIES - 36 MONTHS - 7 - REGULAR PLAN - DIVIDEND;INF200K01E58;;12.4729;N.A.;N.A.;25-Jun-2016
125722;SBI DEBT FUND SERIES - 36 MONTHS - 7 - REGULAR PLAN - GROWTH;INF200K01E41;;12.4729;N.A.;N.A.;25-Jun-2016
123167;SBI DEBT FUND SERIES - 366 DAYS - 34 - DIRECT PLAN - DIVIDEND;INF200K015P1;;N.A.;N.A.;N.A.;25-Jun-2016
123169;SBI DEBT FUND SERIES - 366 DAYS - 34 - DIRECT PLAN - GROWTH;INF200K014P4;;12.9428;N.A.;N.A.;25-Jun-2016
123170;SBI DEBT FUND SERIES - 366 DAYS - 34 - REGULAR PLAN - DIVIDEND;INF200K013P6;;12.8903;N.A.;N.A.;25-Jun-2016
123168;SBI DEBT FUND SERIES - 366 DAYS - 34 - REGULAR PLAN - GROWTH;INF200K012P8;;12.8917;N.A.;N.A.;25-Jun-2016
123321;SBI DEBT FUND SERIES - 366 DAYS - 35 - DIRECT PLAN - DIVIDEND;INF200K017O0;;N.A.;N.A.;N.A.;25-Jun-2016
123324;SBI DEBT FUND SERIES - 366 DAYS - 35 - DIRECT PLAN - GROWTH;INF200K016O2;;12.8955;N.A.;N.A.;25-Jun-2016
123323;SBI DEBT FUND SERIES - 366 DAYS - 35 - REGULAR PLAN - DIVIDEND;INF200K015O4;;N.A.;N.A.;N.A.;25-Jun-2016
123322;SBI DEBT FUND SERIES - 366 DAYS - 35 - REGULAR PLAN - GROWTH;INF200K014O7;;12.8464;N.A.;N.A.;25-Jun-2016
123497;SBI DEBT FUND SERIES - 366 DAYS - 36 - DIRECT PLAN - DIVIDEND;INF200K019P3;;N.A.;N.A.;N.A.;25-Jun-2016
123494;SBI DEBT FUND SERIES - 366 DAYS - 36 - DIRECT PLAN - GROWTH;INF200K018P5;;13.0165;N.A.;N.A.;25-Jun-2016
123496;SBI DEBT FUND SERIES - 366 DAYS - 36 - REGULAR PLAN - DIVIDEND;INF200K017P7;;12.9672;N.A.;N.A.;25-Jun-2016
123495;SBI DEBT FUND SERIES - 366 DAYS - 36 - REGULAR PLAN - GROWTH;INF200K016P9;;12.9679;N.A.;N.A.;25-Jun-2016
123728;SBI DEBT FUND SERIES - 366 DAYS - 37 - DIRECT PLAN - DIVIDEND;INF200K011R6;;12.9271;N.A.;N.A.;25-Jun-2016
123729;SBI DEBT FUND SERIES - 366 DAYS - 37 - DIRECT PLAN - GROWTH;INF200K010R8;;12.9279;N.A.;N.A.;25-Jun-2016
123731;SBI DEBT FUND SERIES - 366 DAYS - 37 - REGULAR PLAN - DIVIDEND;INF200K019Q1;;12.8841;N.A.;N.A.;25-Jun-2016
123730;SBI DEBT FUND SERIES - 366 DAYS - 37 - REGULAR PLAN - GROWTH;INF200K018Q3;;12.8842;N.A.;N.A.;25-Jun-2016
123996;SBI DEBT FUND SERIES - 366 DAYS - 38 - DIRECT PLAN - DIVIDEND;INF200K015R7;;N.A.;N.A.;N.A.;25-Jun-2016
123997;SBI DEBT FUND SERIES - 366 DAYS - 38 - DIRECT PLAN - GROWTH;INF200K014R0;;12.9639;N.A.;N.A.;25-Jun-2016
123998;SBI DEBT FUND SERIES - 366 DAYS - 38 - REGULAR PLAN - DIVIDEND;INF200K013R2;;12.9202;N.A.;N.A.;25-Jun-2016
123999;SBI DEBT FUND SERIES - 366 DAYS - 38 - REGULAR PLAN - GROWTH;INF200K012R4;;12.9201;N.A.;N.A.;25-Jun-2016
124369;SBI DEBT FUND SERIES - 366 DAYS - 39 - DIRECT PLAN - DIVIDEND;INF200K013S0;;11.7514;N.A.;N.A.;25-Jun-2016
124370;SBI DEBT FUND SERIES - 366 DAYS - 39 - DIRECT PLAN - GROWTH;INF200K012S2;;12.9497;N.A.;N.A.;25-Jun-2016
124371;SBI DEBT FUND SERIES - 366 DAYS - 39 - REGULAR PLAN - DIVIDEND;INF200K011S4;;N.A.;N.A.;N.A.;25-Jun-2016
124372;SBI DEBT FUND SERIES - 366 DAYS - 39 - REGULAR PLAN - GROWTH;INF200K010S6;;12.8885;N.A.;N.A.;25-Jun-2016
124527;SBI DEBT FUND SERIES - 366 DAYS - 40 - DIRECT PLAN - DIVIDEND;INF200K015T3;;N.A.;N.A.;N.A.;25-Jun-2016
124525;SBI DEBT FUND SERIES - 366 DAYS - 40 - DIRECT PLAN - GROWTH;INF200K014T6;;12.8894;N.A.;N.A.;25-Jun-2016
124526;SBI DEBT FUND SERIES - 366 DAYS - 40 - REGULAR PLAN - DIVIDEND;INF200K013T8;;N.A.;N.A.;N.A.;25-Jun-2016
124528;SBI DEBT FUND SERIES - 366 DAYS - 40 - REGULAR PLAN - GROWTH;INF200K012T0;;12.8149;N.A.;N.A.;25-Jun-2016
124726;SBI DEBT FUND SERIES - 366 DAYS - 41 - DIRECT PLAN - DIVIDEND;INF200K010U2;;N.A.;N.A.;N.A.;25-Jun-2016
124728;SBI DEBT FUND SERIES - 366 DAYS - 41 - DIRECT PLAN - GROWTH;INF200K019T5;;12.7797;N.A.;N.A.;25-Jun-2016
124727;SBI DEBT FUND SERIES - 366 DAYS - 41 - REGULAR PLAN - DIVIDEND;INF200K018T7;;N.A.;N.A.;N.A.;25-Jun-2016
124729;SBI DEBT FUND SERIES - 366 DAYS - 41 - REGULAR PLAN - GROWTH;INF200K016T1;;12.7099;N.A.;N.A.;25-Jun-2016
124938;SBI DEBT FUND SERIES - 366 DAYS - 42 - DIRECT PLAN - DIVIDEND;INF200K012V6;;N.A.;N.A.;N.A.;25-Jun-2016
124940;SBI DEBT FUND SERIES - 366 DAYS - 42 - DIRECT PLAN - GROWTH;INF200K011V8;;12.6541;N.A.;N.A.;25-Jun-2016
124939;SBI DEBT FUND SERIES - 366 DAYS - 42 - REGULAR PLAN - DIVIDEND;INF200K010V0;;11.6182;N.A.;N.A.;25-Jun-2016
124941;SBI DEBT FUND SERIES - 366 DAYS - 42 - REGULAR PLAN - GROWTH;INF200K019U3;;12.5856;N.A.;N.A.;25-Jun-2016
125243;SBI DEBT FUND SERIES - 366 DAYS - 44 - DIRECT PLAN - DIVIDEND;INF200K011X4;;N.A.;N.A.;N.A.;25-Jun-2016
125244;SBI DEBT FUND SERIES - 366 DAYS - 44 - DIRECT PLAN - GROWTH;INF200K010X6;;12.5016;N.A.;N.A.;25-Jun-2016
125246;SBI DEBT FUND SERIES - 366 DAYS - 44 - REGULAR PLAN - DIVIDEND;INF200K019W9;;11.5336;N.A.;N.A.;25-Jun-2016
125245;SBI DEBT FUND SERIES - 366 DAYS - 44 - REGULAR PLAN - GROWTH;INF200K018W1;;12.4528;N.A.;N.A.;25-Jun-2016
125406;SBI DEBT FUND SERIES - 366 DAYS - 45 - DIRECT PLAN - DIVIDEND;INF200K014Y6;;N.A.;N.A.;N.A.;25-Jun-2016
125409;SBI DEBT FUND SERIES - 366 DAYS - 45 - DIRECT PLAN - GROWTH;INF200K015Y3;;12.5017;N.A.;N.A.;25-Jun-2016
125407;SBI DEBT FUND SERIES - 366 DAYS - 45 - REGULAR PLAN - DIVIDEND;INF200K016Y1;;11.5434;N.A.;N.A.;25-Jun-2016
125408;SBI DEBT FUND SERIES - 366 DAYS - 45 - REGULAR PLAN - GROWTH;INF200K017Y9;;12.4529;N.A.;N.A.;25-Jun-2016
125519;SBI DEBT FUND SERIES - 366 DAYS - 46 - DIRECT PLAN - DIVIDEND;INF200K012Z7;;N.A.;N.A.;N.A.;25-Jun-2016
125522;SBI DEBT FUND SERIES - 366 DAYS - 46 - DIRECT PLAN - GROWTH;INF200K013Z5;;12.4555;N.A.;N.A.;25-Jun-2016
125520;SBI DEBT FUND SERIES - 366 DAYS - 46 - REGULAR PLAN - DIVIDEND;INF200K014Z3;;11.5216;N.A.;N.A.;25-Jun-2016
125521;SBI DEBT FUND SERIES - 366 DAYS - 46 - REGULAR PLAN - GROWTH;INF200K015Z0;;12.4072;N.A.;N.A.;25-Jun-2016
125657;SBI DEBT FUND SERIES - 366 DAYS - 47 - DIRECT PLAN - DIVIDEND;INF200KA1077;;11.5613;N.A.;N.A.;25-Jun-2016
125658;SBI DEBT FUND SERIES - 366 DAYS - 47 - DIRECT PLAN - GROWTH;INF200KA1085;;12.4674;N.A.;N.A.;25-Jun-2016
125659;SBI DEBT FUND SERIES - 366 DAYS - 47 - REGULAR PLAN - DIVIDEND;INF200KA1093;;11.5171;N.A.;N.A.;25-Jun-2016
125660;SBI DEBT FUND SERIES - 366 DAYS - 47 - REGULAR PLAN - GROWTH;INF200KA1101;;12.3971;N.A.;N.A.;25-Jun-2016
125793;SBI DEBT FUND SERIES - 366 DAYS - 48 - DIRECT PLAN - DIVIDEND;INF200KA1192;;11.5659;N.A.;N.A.;25-Jun-2016
125794;SBI DEBT FUND SERIES - 366 DAYS - 48 - DIRECT PLAN - GROWTH;INF200KA1200;;12.4207;N.A.;N.A.;25-Jun-2016
125795;SBI DEBT FUND SERIES - 366 DAYS - 48 - REGULAR PLAN - DIVIDEND;INF200KA1218;;11.5358;N.A.;N.A.;25-Jun-2016
125796;SBI DEBT FUND SERIES - 366 DAYS - 48 - REGULAR PLAN - GROWTH;INF200KA1226;;12.3737;N.A.;N.A.;25-Jun-2016
126093;SBI DEBT FUND SERIES - 366 DAYS - 49 - DIRECT PLAN - DIVIDEND;INF200KA1275;;11.5706;N.A.;N.A.;25-Jun-2016
126094;SBI DEBT FUND SERIES - 366 DAYS - 49 - DIRECT PLAN - GROWTH;INF200KA1283;;12.4105;N.A.;N.A.;25-Jun-2016
126096;SBI DEBT FUND SERIES - 366 DAYS - 49 - REGULAR PLAN - DIVIDEND;INF200KA1291;;11.5406;N.A.;N.A.;25-Jun-2016
126095;SBI DEBT FUND SERIES - 366 DAYS - 49 - REGULAR PLAN - GROWTH;INF200KA1309;;12.364;N.A.;N.A.;25-Jun-2016
126750;SBI DEBT FUND SERIES - 366 DAYS - 51 DIRECT PLAN - DIVIDEND;INF200KA1358;;N.A.;N.A.;N.A.;25-Jun-2016
126748;SBI DEBT FUND SERIES - 366 DAYS - 51 DIRECT PLAN - GROWTH;INF200KA1366;;12.27;N.A.;N.A.;25-Jun-2016
126747;SBI DEBT FUND SERIES - 366 DAYS - 51 REGULAR PLAN - DIVIDEND;INF200KA1374;;N.A.;N.A.;N.A.;25-Jun-2016
126749;SBI DEBT FUND SERIES - 366 DAYS - 51 REGULAR PLAN - GROWTH;INF200KA1382;;12.2257;N.A.;N.A.;25-Jun-2016
127343;SBI DEBT FUND SERIES - 366 DAYS - 52 - DIRECT PLAN - DIVIDEND;INF200KA1531;;12.2483;N.A.;N.A.;25-Jun-2016
127344;SBI DEBT FUND SERIES - 366 DAYS - 52 - DIRECT PLAN - GROWTH;INF200KA1549;;12.2481;N.A.;N.A.;25-Jun-2016
127341;SBI DEBT FUND SERIES - 366 DAYS - 52 - REGULAR PLAN - DIVIDEND;INF200KA1556;;N.A.;N.A.;N.A.;25-Jun-2016
127342;SBI DEBT FUND SERIES - 366 DAYS - 52 - REGULAR PLAN - GROWTH;INF200KA1564;;12.2195;N.A.;N.A.;25-Jun-2016
127810;SBI DEBT FUND SERIES - 366 DAYS - 53 - DIRECT PLAN - DIVIDEND;INF200KA1606;;12.256;N.A.;N.A.;25-Jun-2016
127811;SBI DEBT FUND SERIES - 366 DAYS - 53 - DIRECT PLAN - GROWTH;INF200KA1614;;12.2563;N.A.;N.A.;25-Jun-2016
127812;SBI DEBT FUND SERIES - 366 DAYS - 53 - REGULAR PLAN - DIVIDEND;INF200KA1622;;N.A.;N.A.;N.A.;25-Jun-2016
127813;SBI DEBT FUND SERIES - 366 DAYS - 53 - REGULAR PLAN - GROWTH;INF200KA1630;;12.2136;N.A.;N.A.;25-Jun-2016
128165;SBI DEBT FUND SERIES - 366 DAYS - 54 - DIRECT PLAN - DIVIDEND;INF200KA1788;;12.1852;N.A.;N.A.;25-Jun-2016
128167;SBI DEBT FUND SERIES - 366 DAYS - 54 - REGULAR PLAN - DIVIDEND;INF200KA1804;;12.1148;N.A.;N.A.;25-Jun-2016
128168;SBI DEBT FUND SERIES - 366 DAYS - 54 - REGULAR PLAN - GROWTH;INF200KA1812;;12.1149;N.A.;N.A.;25-Jun-2016
128166;SBI DEBT FUND SERIES - 366 DAYS - 54- DIRECT PLAN - GROWTH;INF200KA1796;;12.1846;N.A.;N.A.;25-Jun-2016
118220;SBI DEBT FUND SERIES - 60 MONTHS - 2 - DIVIDEND;INF200K01QD6;;13.3222;N.A.;N.A.;25-Jun-2016
118221;SBI DEBT FUND SERIES - 60 MONTHS - 2 - GROWTH;INF200K01QC8;;13.3223;N.A.;N.A.;25-Jun-2016
120901;SBI DEBT FUND SERIES - 60 MONTHS - 3 - DIRECT PLAN - DIVIDEND;INF200K01QQ8;;13.4408;N.A.;N.A.;25-Jun-2016
120900;SBI DEBT FUND SERIES - 60 MONTHS - 3 - DIRECT PLAN - GROWTH;INF200K01QP0;;13.4408;N.A.;N.A.;25-Jun-2016
120899;SBI DEBT FUND SERIES - 60 MONTHS - 3 - REGULAR PLAN - DIVIDEND;INF200K01QF1;;13.2039;N.A.;N.A.;25-Jun-2016
120898;SBI DEBT FUND SERIES - 60 MONTHS - 3 - REGULAR PLAN - GROWTH;INF200K01QE4;;13.204;N.A.;N.A.;25-Jun-2016
126581;SBI DEBT FUND SERIES A - 1 DIRECT - GROWTH;INF200KA1AY0;;12.3115;N.A.;N.A.;25-Jun-2016
126582;SBI DEBT FUND SERIES A - 1 DIRECT PLAN - DIVIDEND;INF200KA1AZ7;;12.3115;N.A.;N.A.;25-Jun-2016
126580;SBI DEBT FUND SERIES A - 1 REGULAR PLAN - GROWTH;INF200KA1AW4;;12.1891;N.A.;N.A.;25-Jun-2016
126583;SBI DEBT FUND SERIES A - 1 REGULAR PLAN DIVIDEND;INF200KA1AX2;;12.1902;N.A.;N.A.;25-Jun-2016
128325;SBI DEBT FUND SERIES A - 10 DIRECT - GROWTH;INF200KA1BC4;;12.159;N.A.;N.A.;25-Jun-2016
128326;SBI DEBT FUND SERIES A - 10 DIRECT PLAN - DIVIDEND;INF200KA1BD2;;12.159;N.A.;N.A.;25-Jun-2016
128327;SBI DEBT FUND SERIES A - 10 REGULAR PLAN - DIVIDEND;INF200KA1BB6;;12.0373;N.A.;N.A.;25-Jun-2016
128328;SBI DEBT FUND SERIES A - 10 REGULAR PLAN - GROWTH;INF200KA1BA8;;12.0375;N.A.;N.A.;25-Jun-2016
128389;SBI DEBT FUND SERIES A - 11 DIRECT PLAN - DIVIDEND;INF200KA1AF9;;N.A.;N.A.;N.A.;25-Jun-2016
128388;SBI DEBT FUND SERIES A - 11 DIRECT PLAN - GROWTH;INF200KA1AE2;;12.1479;N.A.;N.A.;25-Jun-2016
128391;SBI DEBT FUND SERIES A - 11 REGULAR PLAN - DIVIDEND;INF200KA1AD4;;N.A.;N.A.;N.A.;25-Jun-2016
128390;SBI DEBT FUND SERIES A - 11 REGULAR PLAN - GROWTH;INF200KA1AC6;;12.0093;N.A.;N.A.;25-Jun-2016
128672;SBI DEBT FUND SERIES A - 13 DIRECT PLAN - DIVIDEND;INF200KA1978;;N.A.;N.A.;N.A.;25-Jun-2016
128674;SBI DEBT FUND SERIES A - 13 DIRECT PLAN - GROWTH;INF200KA1960;;12.1019;N.A.;N.A.;25-Jun-2016
128673;SBI DEBT FUND SERIES A - 13 REGULAR PLAN - DIVIDEND;INF200KA1952;;12.0231;N.A.;N.A.;25-Jun-2016
128671;SBI DEBT FUND SERIES A - 13 REGULAR PLAN - GROWTH;INF200KA1945;;12.0197;N.A.;N.A.;25-Jun-2016
128696;SBI DEBT FUND SERIES A - 14 DIRECT PLAN - DIVIDEND;INF200KA1AJ1;;N.A.;N.A.;N.A.;25-Jun-2016
128693;SBI DEBT FUND SERIES A - 14 DIRECT PLAN - GROWTH;INF200KA1AI3;;12.0944;N.A.;N.A.;25-Jun-2016
128694;SBI DEBT FUND SERIES A - 14 REGULAR PLAN - DIVIDEND;INF200KA1AH5;;11.9587;N.A.;N.A.;25-Jun-2016
128695;SBI DEBT FUND SERIES A - 14 REGULAR PLAN - GROWTH;INF200KA1AG7;;11.9587;N.A.;N.A.;25-Jun-2016
128701;SBI DEBT FUND SERIES A - 15 DIRECT PLAN - DIVIDEND;INF200K015D7;;12.1942;N.A.;N.A.;25-Jun-2016
128702;SBI DEBT FUND SERIES A - 15 DIRECT PLAN - GROWTH;INF200K014D0;;12.1942;N.A.;N.A.;25-Jun-2016
128703;SBI DEBT FUND SERIES A - 15 REGULAR PLAN - DIVIDEND;INF200K013D2;;12.0521;N.A.;N.A.;25-Jun-2016
128704;SBI DEBT FUND SERIES A - 15 REGULAR PLAN - GROWTH;INF200K012D4;;12.0517;N.A.;N.A.;25-Jun-2016
128930;SBI DEBT FUND SERIES A - 16 DIRECT PLAN - DIVIDEND;INF200KA1AB8;;N.A.;N.A.;N.A.;25-Jun-2016
128931;SBI DEBT FUND SERIES A - 16 DIRECT PLAN - GROWTH;INF200KA1AA0;;12.0103;N.A.;N.A.;25-Jun-2016
128932;SBI DEBT FUND SERIES A - 16 REGULAR PLAN - DIVIDEND;INF200KA1994;;N.A.;N.A.;N.A.;25-Jun-2016
128933;SBI DEBT FUND SERIES A - 16 REGULAR PLAN - GROWTH;INF200KA1986;;11.9966;N.A.;N.A.;25-Jun-2016
129120;SBI DEBT FUND SERIES A - 17 DIRECT PLAN - DIVIDEND;INF200KA1AV6;;12.0056;N.A.;N.A.;25-Jun-2016
129117;SBI DEBT FUND SERIES A - 17 DIRECT PLAN - GROWTH;INF200KA1AU8;;12.0056;N.A.;N.A.;25-Jun-2016
129119;SBI DEBT FUND SERIES A - 17 REGULAR PLAN - DIVIDEND;INF200KA1AT0;;11.9829;N.A.;N.A.;25-Jun-2016
129118;SBI DEBT FUND SERIES A - 17 REGULAR PLAN - GROWTH;INF200KA1AS2;;11.9829;N.A.;N.A.;25-Jun-2016
129297;SBI DEBT FUND SERIES A - 18 DIRECT PLAN - DIVIDEND;INF200KA1BH3;;12.0015;N.A.;N.A.;25-Jun-2016
129299;SBI DEBT FUND SERIES A - 18 DIRECT PLAN - GROWTH;INF200KA1BG5;;12.0014;N.A.;N.A.;25-Jun-2016
129300;SBI DEBT FUND SERIES A - 18 REGULAR PLAN - DIVIDEND;INF200KA1BF7;;11.9782;N.A.;N.A.;25-Jun-2016
129298;SBI DEBT FUND SERIES A - 18 REGULAR PLAN - GROWTH;INF200KA1BE0;;11.9781;N.A.;N.A.;25-Jun-2016
129366;SBI DEBT FUND SERIES A - 19 DIRECT PLAN - DIVIDEND;INF200KA1BP6;;N.A.;N.A.;N.A.;25-Jun-2016
129363;SBI DEBT FUND SERIES A - 19 DIRECT PLAN - GROWTH;INF200KA1BO9;;12.0154;N.A.;N.A.;25-Jun-2016
129364;SBI DEBT FUND SERIES A - 19 REGULAR PLAN - DIVIDEND;INF200KA1BN1;;11.9894;N.A.;N.A.;25-Jun-2016
129365;SBI DEBT FUND SERIES A - 19 REGULAR PLAN - GROWTH;INF200KA1BM3;;11.9893;N.A.;N.A.;25-Jun-2016
126912;SBI DEBT FUND SERIES A - 2 DIRECT - GROWTH;INF200KA1CI9;;12.3116;N.A.;N.A.;25-Jun-2016
126913;SBI DEBT FUND SERIES A - 2 DIRECT PLAN - DIVIDEND;INF200KA1CJ7;;N.A.;N.A.;N.A.;25-Jun-2016
126915;SBI DEBT FUND SERIES A - 2 REGULAR PLAN - DIVIDEND;INF200KA1CH1;;12.2003;N.A.;N.A.;25-Jun-2016
126914;SBI DEBT FUND SERIES A - 2 REGULAR PLAN - GROWTH;INF200KA1CG3;;12.2003;N.A.;N.A.;25-Jun-2016
129391;SBI DEBT FUND SERIES A - 20 DIRECT PLAN - DIVIDEND;INF200KA1BT8;;12.0108;N.A.;N.A.;25-Jun-2016
129392;SBI DEBT FUND SERIES A - 20 DIRECT PLAN - GROWTH;INF200KA1BS0;;12.0108;N.A.;N.A.;25-Jun-2016
129393;SBI DEBT FUND SERIES A - 20 REGULAR PLAN - DIVIDEND;INF200KA1BR2;;11.9853;N.A.;N.A.;25-Jun-2016
129394;SBI DEBT FUND SERIES A - 20 REGULAR PLAN - GROWTH;INF200KA1BQ4;;11.9849;N.A.;N.A.;25-Jun-2016
129442;SBI DEBT FUND SERIES A - 21 DIRECT PLAN - DIVIDEND;INF200KA1BX0;;N.A.;N.A.;N.A.;25-Jun-2016
129443;SBI DEBT FUND SERIES A - 21 DIRECT PLAN - GROWTH;INF200KA1BW2;;11.9835;N.A.;N.A.;25-Jun-2016
129445;SBI DEBT FUND SERIES A - 21 REGULAR PLAN - DIVIDEND;INF200KA1BV4;;11.9575;N.A.;N.A.;25-Jun-2016
129444;SBI DEBT FUND SERIES A - 21 REGULAR PLAN - GROWTH;INF200KA1BU6;;11.9576;N.A.;N.A.;25-Jun-2016
129658;SBI DEBT FUND SERIES A - 22 DIRECT PLAN - DIVIDEND;INF200KA1CV2;;11.9986;N.A.;N.A.;25-Jun-2016
129661;SBI DEBT FUND SERIES A - 22 DIRECT PLAN - GROWTH;INF200KA1CU4;;11.9987;N.A.;N.A.;25-Jun-2016
129659;SBI DEBT FUND SERIES A - 22 REGULAR PLAN - DIVIDEND;INF200KA1CT6;;11.9603;N.A.;N.A.;25-Jun-2016
129660;SBI DEBT FUND SERIES A - 22 REGULAR PLAN - GROWTH;INF200KA1CS8;;11.9604;N.A.;N.A.;25-Jun-2016
129662;SBI DEBT FUND SERIES A - 23 DIRECT PLAN - DIVIDEND;INF200K011H7;;12.1487;N.A.;N.A.;25-Jun-2016
129663;SBI DEBT FUND SERIES A - 23 DIRECT PLAN - GROWTH;INF200K010H9;;12.1487;N.A.;N.A.;25-Jun-2016
129664;SBI DEBT FUND SERIES A - 23 REGULAR PLAN - DIVIDEND;INF200K019G2;;12.0591;N.A.;N.A.;25-Jun-2016
129665;SBI DEBT FUND SERIES A - 23 REGULAR PLAN - GROWTH;INF200K018G4;;12.0591;N.A.;N.A.;25-Jun-2016
129707;SBI DEBT FUND SERIES A - 24 DIRECT PLAN - DIVIDEND;INF200KA1DR8;;11.9943;N.A.;N.A.;25-Jun-2016
129708;SBI DEBT FUND SERIES A - 24 DIRECT PLAN - GROWTH;INF200KA1DQ0;;11.9941;N.A.;N.A.;25-Jun-2016
129709;SBI DEBT FUND SERIES A - 24 REGULAR PLAN - DIVIDEND;INF200KA1DP2;;11.9563;N.A.;N.A.;25-Jun-2016
129710;SBI DEBT FUND SERIES A - 24 REGULAR PLAN - GROWTH;INF200KA1DO5;;11.956;N.A.;N.A.;25-Jun-2016
129845;SBI DEBT FUND SERIES A - 25 DIRECT PLAN - DIVIDEND;INF200KA1DV0;;N.A.;N.A.;N.A.;25-Jun-2016
129848;SBI DEBT FUND SERIES A - 25 DIRECT PLAN - GROWTH;INF200KA1DU2;;11.9525;N.A.;N.A.;25-Jun-2016
129846;SBI DEBT FUND SERIES A - 25 REGULAR PLAN - DIVIDEND;INF200KA1DT4;;11.9228;N.A.;N.A.;25-Jun-2016
129847;SBI DEBT FUND SERIES A - 25 REGULAR PLAN - GROWTH;INF200KA1DS6;;11.9224;N.A.;N.A.;25-Jun-2016
129872;SBI DEBT FUND SERIES A - 26 (682 DAYS) DIRECT PLAN - DIVIDEND;INF200K013I1;;N.A.;N.A.;N.A.;25-Jun-2016
129869;SBI DEBT FUND SERIES A - 26 (682 DAYS) DIRECT PLAN - GROWTH;INF200K012I3;;11.952;N.A.;N.A.;25-Jun-2016
129870;SBI DEBT FUND SERIES A - 26 (682 DAYS) REGULAR PLAN - DIVIDEND;INF200K011I5;;N.A.;N.A.;N.A.;25-Jun-2016
129871;SBI DEBT FUND SERIES A - 26 (682 DAYS) REGULAR PLAN - GROWTH;INF200K010I7;;11.8824;N.A.;N.A.;25-Jun-2016
129971;SBI DEBT FUND SERIES A - 27 (366 DAYS) DIRECT PLAN - DIVIDEND;INF200KA1EE4;;11.9013;N.A.;N.A.;25-Jun-2016
129972;SBI DEBT FUND SERIES A - 27 (366 DAYS) DIRECT PLAN - GROWTH;INF200KA1EF1;;11.9013;N.A.;N.A.;25-Jun-2016
129973;SBI DEBT FUND SERIES A - 27 (366 DAYS) REGULAR PLAN - DIVIDEND;INF200KA1EG9;;11.8738;N.A.;N.A.;25-Jun-2016
129974;SBI DEBT FUND SERIES A - 27 (366 DAYS) REGULAR PLAN - GROWTH;INF200KA1EH7;;11.8741;N.A.;N.A.;25-Jun-2016
130027;SBI DEBT FUND SERIES A - 28 (367 DAYS) - DIRECT PLAN - DIVIDEND;INF200KA1EP0;;N.A.;N.A.;N.A.;25-Jun-2016
130026;SBI DEBT FUND SERIES A - 28 (367 DAYS) - DIRECT PLAN - GROWTH;INF200KA1EO3;;11.8894;N.A.;N.A.;25-Jun-2016
130028;SBI DEBT FUND SERIES A - 28 (367 DAYS) - REGULAR PLAN - DIVIDEND;INF200KA1EN5;;11.8626;N.A.;N.A.;25-Jun-2016
130025;SBI DEBT FUND SERIES A - 28 (367 DAYS) - REGULAR PLAN - GROWTH;INF200KA1EM7;;11.8626;N.A.;N.A.;25-Jun-2016
127111;SBI DEBT FUND SERIES A - 3 DIRECT - GROWTH;INF200KA1AQ6;;12.2744;N.A.;N.A.;25-Jun-2016
127112;SBI DEBT FUND SERIES A - 3 DIRECT PLAN - DIVIDEND;INF200KA1AR4;;N.A.;N.A.;N.A.;25-Jun-2016
127113;SBI DEBT FUND SERIES A - 3 REGULAR PLAN - DIVIDEND;INF200KA1AP8;;12.196;N.A.;N.A.;25-Jun-2016
127114;SBI DEBT FUND SERIES A - 3 REGULAR PLAN - GROWTH;INF200KA1AO1;;12.1962;N.A.;N.A.;25-Jun-2016
130236;SBI DEBT FUND SERIES A - 31 (367 DAYS) DIRECT PLAN - DIVIDEND;INF200KA1EX4;;N.A.;N.A.;N.A.;25-Jun-2016
130238;SBI DEBT FUND SERIES A - 31 (367 DAYS) DIRECT PLAN - GROWTH;INF200KA1EW6;;11.8444;N.A.;N.A.;25-Jun-2016
130235;SBI DEBT FUND SERIES A - 31 (367 DAYS) REGULAR PLAN - DIVIDEND;INF200KA1EV8;;N.A.;N.A.;N.A.;25-Jun-2016
130237;SBI DEBT FUND SERIES A - 31 (367 DAYS) REGULAR PLAN - GROWTH;INF200KA1EU0;;11.8205;N.A.;N.A.;25-Jun-2016
130282;SBI DEBT FUND SERIES A - 32 (367 DAYS) DIRECT PLAN - DIVIDEND;INF200KA1FB7;;11.822;N.A.;N.A.;25-Jun-2016
130283;SBI DEBT FUND SERIES A - 32 (367 DAYS) DIRECT PLAN - GROWTH;INF200KA1FA9;;11.822;N.A.;N.A.;25-Jun-2016
130284;SBI DEBT FUND SERIES A - 32 (367 DAYS) REGULAR PLAN - DIVIDEND;INF200KA1EZ9;;11.7981;N.A.;N.A.;25-Jun-2016
130281;SBI DEBT FUND SERIES A - 32 (367 DAYS) REGULAR PLAN - GROWTH;INF200KA1EY2;;11.7983;N.A.;N.A.;25-Jun-2016
130285;SBI DEBT FUND SERIES A - 33 (36 Months) DIRECT PLAN - DIVIDEND;INF200K015L0;;11.9725;N.A.;N.A.;25-Jun-2016
130286;SBI DEBT FUND SERIES A - 33 (36 Months) DIRECT PLAN - GROWTH;INF200K014L3;;11.9725;N.A.;N.A.;25-Jun-2016
130287;SBI DEBT FUND SERIES A - 33 (36 Months) REGULAR PLAN - DIVIDEND;INF200K013L5;;11.889;N.A.;N.A.;25-Jun-2016
130288;SBI DEBT FUND SERIES A - 33 (36 Months) REGULAR PLAN - GROWTH;INF200K012L7;;11.889;N.A.;N.A.;25-Jun-2016
130321;SBI DEBT FUND SERIES A - 34 (367 Days)  REGULAR PLAN - DIVIDEND;INF200KA1FD3;;N.A.;N.A.;N.A.;25-Jun-2016
130324;SBI DEBT FUND SERIES A - 34 (367 DAYS) DIRECT PLAN - DIVIDEND;INF200KA1FF8;;11.8156;N.A.;N.A.;25-Jun-2016
130322;SBI DEBT FUND SERIES A - 34 (367 DAYS) DIRECT PLAN - GROWTH;INF200KA1FE1;;11.8156;N.A.;N.A.;25-Jun-2016
130323;SBI DEBT FUND SERIES A - 34 (367 DAYS) REGULAR PLAN - GROWTH;INF200KA1FC5;;11.7919;N.A.;N.A.;25-Jun-2016
130444;SBI DEBT FUND SERIES A - 35 (369 DAYS) DIRECT PLAN - DIVIDEND;INF200KA1FN2;;N.A.;N.A.;N.A.;25-Jun-2016
130445;SBI DEBT FUND SERIES A - 35 (369 DAYS) DIRECT PLAN - GROWTH;INF200KA1FM4;;11.8043;N.A.;N.A.;25-Jun-2016
130443;SBI DEBT FUND SERIES A - 35 (369 Days) REGULAR PLAN - DIVIDEND;INF200KA1FL6;;11.7847;N.A.;N.A.;25-Jun-2016
130442;SBI DEBT FUND SERIES A - 35 (369 DAYS) REGULAR PLAN - GROWTH;INF200KA1FK8;;11.7809;N.A.;N.A.;25-Jun-2016
130599;SBI DEBT FUND SERIES A - 36 (36 Months) DIRECT PLAN - DIVIDEND;INF200K017M4;;11.9782;N.A.;N.A.;25-Jun-2016
130601;SBI DEBT FUND SERIES A - 36 (36 Months) DIRECT PLAN - GROWTH;INF200K016M6;;11.9782;N.A.;N.A.;25-Jun-2016
130600;SBI DEBT FUND SERIES A - 36 (36 Months) REGULAR PLAN - DIVIDEND;INF200K015M8;;11.8963;N.A.;N.A.;25-Jun-2016
130602;SBI DEBT FUND SERIES A - 36 (36 Months) REGULAR PLAN - GROWTH;INF200K014M1;;11.8963;N.A.;N.A.;25-Jun-2016
130830;SBI DEBT FUND SERIES A - 38 (1100 DAYS) DIRECT PLAN - DIVIDEND;INF200K019N8;;11.9147;N.A.;N.A.;25-Jun-2016
130831;SBI DEBT FUND SERIES A - 38 (1100 DAYS) DIRECT PLAN - GROWTH;INF200K018N0;;11.9147;N.A.;N.A.;25-Jun-2016
130832;SBI DEBT FUND SERIES A - 38 (1100 Days) REGULAR PLAN - DIVIDEND;INF200K017N2;;11.8356;N.A.;N.A.;25-Jun-2016
130833;SBI DEBT FUND SERIES A - 38 (1100 DAYS) REGULAR PLAN - GROWTH;INF200K016N4;;11.8357;N.A.;N.A.;25-Jun-2016
130984;SBI DEBT FUND SERIES A - 39 (1100 DAYS) - DIRECT PLAN - DIVIDEND;INF200K011P0;;11.8675;N.A.;N.A.;25-Jun-2016
130982;SBI DEBT FUND SERIES A - 39 (1100 DAYS) - REGULAR PLAN - DIVIDEND;INF200K019O6;;11.7902;N.A.;N.A.;25-Jun-2016
130981;SBI DEBT FUND SERIES A - 39 (1100 DAYS) - REGULAR PLAN - GROWTH;INF200K018O8;;11.7901;N.A.;N.A.;25-Jun-2016
130983;SBI DEBT FUNDS SERIES A - 39 (1100 DAYS) - DIRECT PLAN - GROWTH;INF200K010P2;;11.8674;N.A.;N.A.;25-Jun-2016
127337;SBI DEBT FUND SERIES A - 4 DIRECT - GROWTH;INF200K01Z04;;12.3781;N.A.;N.A.;25-Jun-2016
127340;SBI DEBT FUND SERIES A - 4 DIRECT PLAN - DIVIDEND;INF200K01Z12;;12.5964;N.A.;N.A.;25-Jun-2016
127338;SBI DEBT FUND SERIES A - 4 REGULAR PLAN - DIVIDEND;INF200K01Y96;;12.2797;N.A.;N.A.;25-Jun-2016
127339;SBI DEBT FUND SERIES A - 4 REGULAR PLAN - GROWTH;INF200K01Y88;;12.2693;N.A.;N.A.;25-Jun-2016
131129;SBI DEBT FUND SERIES A - 40 (1100 DAYS) - DIRECT PLAN - DIVIDEND;INF200K017Q5;;N.A.;N.A.;N.A.;25-Jun-2016
131128;SBI DEBT FUND SERIES A - 40 (1100 DAYS) - DIRECT PLAN - GROWTH;INF200K016Q7;;11.8147;N.A.;N.A.;25-Jun-2016
131127;SBI DEBT FUND SERIES A - 40 (1100 DAYS) - REGULAR PLAN - DIVIDEND;INF200K015Q9;;11.7413;N.A.;N.A.;25-Jun-2016
131130;SBI DEBT FUND SERIES A - 40 (1100 DAYS) - REGULAR PLAN - GROWTH;INF200K014Q2;;11.7393;N.A.;N.A.;25-Jun-2016
131275;SBI DEBT FUND SERIES A - 42 (1111 DAYS) - DIRECT PLAN - DIVIDEND;INF200K019R9;;N.A.;N.A.;N.A.;25-Jun-2016
131276;SBI DEBT FUND SERIES A - 42 (1111 DAYS) - DIRECT PLAN - GROWTH;INF200K018R1;;11.8218;N.A.;N.A.;25-Jun-2016
131274;SBI DEBT FUND SERIES A - 42 (1111 DAYS) - REGULAR PLAN - DIVIDEND;INF200K017R3;;11.7479;N.A.;N.A.;25-Jun-2016
131273;SBI DEBT FUND SERIES A - 42 (1111 DAYS) - REGULAR PLAN - GROWTH;INF200K016R5;;11.7479;N.A.;N.A.;25-Jun-2016
131403;SBI DEBT FUND SERIES A - 43 (1111 DAYS) - DIRECT PLAN - DIVIDEND;INF200K011T2;;11.7375;N.A.;N.A.;25-Jun-2016
131401;SBI DEBT FUND SERIES A - 43 (1111 DAYS) - DIRECT PLAN - GROWTH;INF200K010T4;;11.7376;N.A.;N.A.;25-Jun-2016
131400;SBI DEBT FUND SERIES A - 43 (1111 DAYS) - REGULAR PLAN - DIVIDEND;INF200K019S7;;11.666;N.A.;N.A.;25-Jun-2016
131402;SBI DEBT FUND SERIES A - 43 (1111 DAYS) - REGULAR PLAN - GROWTH;INF200K018S9;;11.666;N.A.;N.A.;25-Jun-2016
131468;SBI DEBT FUND SERIES A - 44 (1111 DAYS) - DIRECT PLAN - DIVIDEND;INF200K014U4;;11.6521;N.A.;N.A.;25-Jun-2016
131469;SBI DEBT FUND SERIES A - 44 (1111 DAYS) - DIRECT PLAN - GROWTH;INF200K013U6;;11.6533;N.A.;N.A.;25-Jun-2016
131467;SBI DEBT FUND SERIES A - 44 (1111 DAYS) - REGULAR PLAN - DIVIDEND;INF200K012U8;;11.5835;N.A.;N.A.;25-Jun-2016
131466;SBI DEBT FUND SERIES A - 44 (1111 DAYS) - REGULAR PLAN - GROWTH;INF200K011U0;;11.5835;N.A.;N.A.;25-Jun-2016
127516;SBI DEBT FUND SERIES A - 5 DIRECT - GROWTH;INF200KA1AM5;;12.2439;N.A.;N.A.;25-Jun-2016
127517;SBI DEBT FUND SERIES A - 5 DIRECT PLAN - DIVIDEND;INF200KA1AN3;;N.A.;N.A.;N.A.;25-Jun-2016
127514;SBI DEBT FUND SERIES A - 5 REGULAR PLAN - DIVIDEND;INF200KA1AL7;;12.1781;N.A.;N.A.;25-Jun-2016
127515;SBI DEBT FUND SERIES A - 5 REGULAR PLAN - GROWTH;INF200KA1AK9;;12.1781;N.A.;N.A.;25-Jun-2016
128158;SBI DEBT FUND SERIES A - 6 DIRECT - GROWTH;INF200K01Z87;;12.3593;N.A.;N.A.;25-Jun-2016
128159;SBI DEBT FUND SERIES A - 6 DIRECT PLAN - DIVIDEND;INF200K01Z95;;N.A.;N.A.;N.A.;25-Jun-2016
128160;SBI DEBT FUND SERIES A - 6 REGULAR PLAN - DIVIDEND;INF200K01Z79;;12.2175;N.A.;N.A.;25-Jun-2016
128157;SBI DEBT FUND SERIES A - 6 REGULAR PLAN - GROWTH;INF200K01Z61;;12.218;N.A.;N.A.;25-Jun-2016
128161;SBI DEBT FUND SERIES A - 7 DIRECT - GROWTH;INF200K012A0;;12.3974;N.A.;N.A.;25-Jun-2016
128162;SBI DEBT FUND SERIES A - 7 DIRECT PLAN - DIVIDEND;INF200K013A8;;12.3973;N.A.;N.A.;25-Jun-2016
128163;SBI DEBT FUND SERIES A - 7 REGULAR PLAN - DIVIDEND;INF200K011A2;;12.273;N.A.;N.A.;25-Jun-2016
128164;SBI DEBT FUND SERIES A - 7 REGULAR PLAN - GROWTH;INF200K010A4;;12.273;N.A.;N.A.;25-Jun-2016
128321;SBI DEBT FUND SERIES A - 9 DIRECT - GROWTH;INF200KA1713;;12.1801;N.A.;N.A.;25-Jun-2016
128322;SBI DEBT FUND SERIES A - 9 DIRECT PLAN - DIVIDEND;INF200KA1721;;N.A.;N.A.;N.A.;25-Jun-2016
128324;SBI DEBT FUND SERIES A - 9 REGULAR PLAN - DIVIDEND;INF200KA1739;;N.A.;N.A.;N.A.;25-Jun-2016
128323;SBI DEBT FUND SERIES A - 9 REGULAR PLAN - GROWTH;INF200KA1705;;12.1079;N.A.;N.A.;25-Jun-2016
131594;SBI DEBT FUND SERIES B - 1 (1111 DAYS) - DIRECT PLAN - DIVIDEND;INF200K018U5;;11.6445;N.A.;N.A.;25-Jun-2016
131596;SBI DEBT FUND SERIES B - 1 (1111 DAYS) - DIRECT PLAN - GROWTH;INF200K017U7;;11.6445;N.A.;N.A.;25-Jun-2016
131597;SBI DEBT FUND SERIES B - 1 (1111 DAYS) - REGULAR PLAN - DIVIDEND;INF200K016U9;;11.5778;N.A.;N.A.;25-Jun-2016
131595;SBI DEBT FUND SERIES B - 1 (1111 DAYS) - REGULAR PLAN - GROWTH;INF200K015U1;;11.5778;N.A.;N.A.;25-Jun-2016
134626;SBI Debt Fund Series B - 16 (1100 Days) - Direct Plan - Dividend;INF200KA1CN9;;10.9773;N.A.;N.A.;25-Jun-2016
134623;SBI Debt Fund Series B - 16 (1100 Days) - Regular Plan - Growth;INF200KA1CK5;;10.9355;N.A.;N.A.;25-Jun-2016
134624;SBI Debt Fund Series B -16 (1100 Days) - Direct Plan - Growth;INF200KA1CM1;;10.9773;N.A.;N.A.;25-Jun-2016
134625;SBI Debt Fund Series B -16 (1100 Days) - Regular Plan - Dividend;INF200KA1CL3;;10.9355;N.A.;N.A.;25-Jun-2016
134671;SBI DEBT FUND SERIES B - 17 (1100 DAYS) - DIRECT PLAN - DIVIDEND;INF200KA1CZ3;;10.955;N.A.;N.A.;25-Jun-2016
134670;SBI DEBT FUND SERIES B - 17 (1100 DAYS) - DIRECT PLAN - GROWTH;INF200KA1CY6;;10.9538;N.A.;N.A.;25-Jun-2016
134669;SBI DEBT FUND SERIES B - 17 (1100 DAYS) - REGULAR PLAN - DIVIDEND;INF200KA1CX8;;10.9128;N.A.;N.A.;25-Jun-2016
134672;SBI DEBT FUND SERIES B - 17 (1100 DAYS) - REGULAR PLAN - GROWTH;INF200KA1CW0;;10.9128;N.A.;N.A.;25-Jun-2016
134688;SBI DEBT FUND SERIES B - 18 (1100 DAYS) - DIRECT PLAN - DIVIDEND;INF200KA1ED6;;10.9559;N.A.;N.A.;25-Jun-2016
134689;SBI DEBT FUND SERIES B - 18 (1100 DAYS) - DIRECT PLAN - GROWTH;INF200KA1EC8;;10.9547;N.A.;N.A.;25-Jun-2016
134687;SBI DEBT FUND SERIES B - 18 (1100 DAYS) - REGULAR PLAN - DIVIDEND;INF200KA1EB0;;10.9144;N.A.;N.A.;25-Jun-2016
134690;SBI DEBT FUND SERIES B - 18 (1100 DAYS) - REGULAR PLAN - GROWTH;INF200KA1EA2;;10.9144;N.A.;N.A.;25-Jun-2016
134771;SBI DEBT FUND SERIES B - 19 (1100 Days) - DIRECT PLAN - DIVIDEND;INF200KA1EI5;;10.9231;N.A.;N.A.;25-Jun-2016
134770;SBI DEBT FUND SERIES B - 19 (1100 Days) - DIRECT PLAN - GROWTH;INF200KA1EJ3;;10.9231;N.A.;N.A.;25-Jun-2016
134769;SBI DEBT FUND SERIES B - 19 (1100 Days) - REGULAR PLAN - DIVIDEND;INF200KA1EK1;;10.8843;N.A.;N.A.;25-Jun-2016
134768;SBI DEBT FUND SERIES B - 19 (1100 Days) - REGULAR PLAN - GROWTH;INF200KA1EL9;;10.8843;N.A.;N.A.;25-Jun-2016
132858;SBI DEBT FUND SERIES B - 2 (1111 DAYS) - DIRECT PLAN - DIVIDEND;INF200K010W8;;11.559;N.A.;N.A.;25-Jun-2016
132856;SBI DEBT FUND SERIES B - 2 (1111 DAYS) - DIRECT PLAN - GROWTH;INF200K013W2;;11.559;N.A.;N.A.;25-Jun-2016
132855;SBI DEBT FUND SERIES B - 2 (1111 DAYS) - REGULAR PLAN - DIVIDEND;INF200K012W4;;11.4941;N.A.;N.A.;25-Jun-2016
132857;SBI DEBT FUND SERIES B - 2 (1111 DAYS) - REGULAR PLAN - GROWTH;INF200K011W6;;11.4941;N.A.;N.A.;25-Jun-2016
134810;SBI DEBT FUND SERIES B - 20 (1100 DAYS) - DIRECT PLAN - DIVIDEND;INF200KA1ET2;;10.9088;N.A.;N.A.;25-Jun-2016
134809;SBI DEBT FUND SERIES B - 20 (1100 DAYS) - DIRECT PLAN - GROWTH;INF200KA1ES4;;10.9088;N.A.;N.A.;25-Jun-2016
134811;SBI DEBT FUND SERIES B - 20 (1100 DAYS) - REGULAR PLAN - DIVIDEND;INF200KA1ER6;;10.8708;N.A.;N.A.;25-Jun-2016
134808;SBI DEBT FUND SERIES B - 20 (1100 DAYS) - REGULAR PLAN - GROWTH;INF200KA1EQ8;;10.8708;N.A.;N.A.;25-Jun-2016
135065;SBI DEBT FUND SERIES B - 22 (1100 DAYS) - DIRECT PLAN - DIVIDEND;INF200KA1FR3;;10.8136;N.A.;N.A.;25-Jun-2016
135063;SBI DEBT FUND SERIES B - 22 (1100 DAYS) - DIRECT PLAN - GROWTH;INF200KA1FQ5;;10.8136;N.A.;N.A.;25-Jun-2016
135062;SBI DEBT FUND SERIES B - 22 (1100 DAYS) - REGULAR PLAN - DIVIDEND;INF200KA1FP7;;10.7789;N.A.;N.A.;25-Jun-2016
135064;SBI DEBT FUND SERIES B - 22 (1100 DAYS) - REGULAR PLAN - GROWTH;INF200KA1FO0;;10.7789;N.A.;N.A.;25-Jun-2016
135104;SBI DEBT FUND SERIES B - 23 (1100 DAYS) - DIRECT PLAN - GROWTH;INF200KA1FV5;;10.7798;N.A.;N.A.;25-Jun-2016
135103;SBI DEBT FUND SERIES B - 23 (1100 DAYS) - DIRECT PLAN -DIVIDEND;INF200KA1FW3;;10.782;N.A.;N.A.;25-Jun-2016
135102;SBI DEBT FUND SERIES B - 23 (1100 DAYS) - REGULAR PLAN - DIVIDEND;INF200KA1FU7;;10.7469;N.A.;N.A.;25-Jun-2016
135105;SBI DEBT FUND SERIES B - 23 (1100 DAYS) - REGULAR PLAN - GROWTH;INF200KA1FT9;;10.7469;N.A.;N.A.;25-Jun-2016
135326;SBI DEBT FUND SERIES B - 25 (1100 DAYS) - DIRECT PLAN - DIVIDEND;INF200KA1GI0;;10.7171;N.A.;N.A.;25-Jun-2016
135324;SBI DEBT FUND SERIES B - 25 (1100 DAYS) - DIRECT PLAN - GROWTH;INF200KA1GH2;;10.7171;N.A.;N.A.;25-Jun-2016
135327;SBI DEBT FUND SERIES B - 25 (1100 DAYS) - REGULAR PLAN - DIVIDEND;INF200KA1GG4;;10.687;N.A.;N.A.;25-Jun-2016
135325;SBI DEBT FUND SERIES B - 25 (1100 DAYS) - REGULAR PLAN - GROWTH;INF200KA1GF6;;10.687;N.A.;N.A.;25-Jun-2016
135565;SBI DEBT FUND SERIES B - 26 (1100 DAYS) - DIRECT PLAN - DIVIDEND;INF200KA1GU5;;10.5294;N.A.;N.A.;25-Jun-2016
135564;SBI DEBT FUND SERIES B - 26 (1100 DAYS) - DIRECT PLAN - GROWTH;INF200KA1GT7;;10.5294;N.A.;N.A.;25-Jun-2016
135563;SBI DEBT FUND SERIES B - 26 (1100 DAYS) - REGULAR PLAN - DIVIDEND;INF200KA1GS9;;10.505;N.A.;N.A.;25-Jun-2016
135566;SBI DEBT FUND SERIES B - 26 (1100 DAYS) - REGULAR PLAN - GROWTH;INF200KA1GR1;;10.505;N.A.;N.A.;25-Jun-2016
135708;SBI DEBT FUND SERIES B - 27 (1100 DAYS) - DIRECT PLAN - DIVIDEND;INF200KA1GY7;;10.4767;N.A.;N.A.;25-Jun-2016
135710;SBI DEBT FUND SERIES B - 27 (1100 DAYS) - DIRECT PLAN - GROWTH;INF200KA1GX9;;10.4767;N.A.;N.A.;25-Jun-2016
135707;SBI DEBT FUND SERIES B - 27 (1100 DAYS) - REGULAR PLAN - DIVIDEND;INF200KA1GW1;;10.4551;N.A.;N.A.;25-Jun-2016
135709;SBI DEBT FUND SERIES B - 27 (1100 DAYS) - REGULAR PLAN - GROWTH;INF200KA1GV3;;10.4551;N.A.;N.A.;25-Jun-2016
135788;SBI DEBT FUND SERIES B - 28 (1100 DAYS) - DIRECT PLAN - DIVIDEND;INF200KA1HG2;;10.457;N.A.;N.A.;25-Jun-2016
135786;SBI DEBT FUND SERIES B - 28 (1100 DAYS) - DIRECT PLAN - GROWTH;INF200KA1HF4;;10.4572;N.A.;N.A.;25-Jun-2016
135785;SBI DEBT FUND SERIES B - 28 (1100 DAYS) - REGULAR PLAN - DIVIDEND;INF200KA1HE7;;10.4366;N.A.;N.A.;25-Jun-2016
135787;SBI DEBT FUND SERIES B - 28 (1100 DAYS) - REGULAR PLAN - GROWTH;INF200KA1HD9;;10.4367;N.A.;N.A.;25-Jun-2016
135904;SBI DEBT FUND SERIES B - 29 (1200 DAYS) - DIRECT PLAN - DIVIDEND;INF200KA1HK4;;10.4359;N.A.;N.A.;25-Jun-2016
135905;SBI DEBT FUND SERIES B - 29 (1200 DAYS) - DIRECT PLAN - GROWTH;INF200KA1HJ6;;10.4359;N.A.;N.A.;25-Jun-2016
135903;SBI DEBT FUND SERIES B - 29 (1200 DAYS) - REGULAR PLAN - DIVIDEND;INF200KA1HI8;;10.4178;N.A.;N.A.;25-Jun-2016
135902;SBI DEBT FUND SERIES B - 29 (1200 DAYS) - REGULAR PLAN - GROWTH;INF200KA1HH0;;10.4178;N.A.;N.A.;25-Jun-2016
132991;SBI DEBT FUND SERIES B - 3 (1111 DAYS) - DIRECT PLAN - DIVIDEND;INF200K013Y8;;11.5064;N.A.;N.A.;25-Jun-2016
132994;SBI DEBT FUND SERIES B - 3 (1111 DAYS) - DIRECT PLAN - GROWTH;INF200K012Y0;;11.5064;N.A.;N.A.;25-Jun-2016
132993;SBI DEBT FUND SERIES B - 3 (1111 DAYS) - REGULAR PLAN - DIVIDEND;INF200K011Y2;;11.443;N.A.;N.A.;25-Jun-2016
132992;SBI DEBT FUND SERIES B - 3 (1111 DAYS) - REGULAR PLAN - GROWTH;INF200K010Y4;;11.443;N.A.;N.A.;25-Jun-2016
136143;SBI DEBT FUND SERIES B - 31 (1200 DAYS) - DIRECT PLAN - DIVIDEND;INF200KA1HW9;;10.355;N.A.;N.A.;25-Jun-2016
136142;SBI DEBT FUND SERIES B - 31 (1200 DAYS) - DIRECT PLAN - GROWTH;INF200KA1HV1;;10.3549;N.A.;N.A.;25-Jun-2016
136144;SBI DEBT FUND SERIES B - 31 (1200 DAYS) - REGULAR PLAN - DIVIDEND;INF200KA1HU3;;10.3416;N.A.;N.A.;25-Jun-2016
136141;SBI DEBT FUND SERIES B - 31 (1200 DAYS) - REGULAR PLAN - GROWTH;INF200KA1HT5;;10.3416;N.A.;N.A.;25-Jun-2016
136431;SBI DEBT FUND SERIES B - 33 (1131 DAYS) - DIRECT PLAN - DIVIDEND PAYOUT;INF200KA1II6;;10.3093;N.A.;N.A.;25-Jun-2016
136432;SBI DEBT FUND SERIES B - 33 (1131 DAYS) - DIRECT PLAN - GROWTH;INF200KA1IH8;;10.3087;N.A.;N.A.;25-Jun-2016
136434;SBI DEBT FUND SERIES B - 33 (1131 DAYS) - REGULAR PLAN - DIVIDEND PAYOUT;INF200KA1IG0;;10.2975;N.A.;N.A.;25-Jun-2016
136433;SBI DEBT FUND SERIES B - 33 (1131 DAYS) - REGULAR PLAN - GROWTH;INF200KA1IF2;;10.2975;N.A.;N.A.;25-Jun-2016
136477;SBI DEBT FUND SERIES B - 34 (1131 DAYS) - DIRECT PLAN - DIVIDEND PAYOUT;INF200KA1IM8;;10.278;N.A.;N.A.;25-Jun-2016
136476;SBI DEBT FUND SERIES B - 34 (1131 DAYS) - DIRECT PLAN - GROWTH;INF200KA1IL0;;10.2774;N.A.;N.A.;25-Jun-2016
136475;SBI DEBT FUND SERIES B - 34 (1131 DAYS) - REGULAR PLAN - DIVIDEND PAYOUT;INF200KA1IK2;;10.2671;N.A.;N.A.;25-Jun-2016
136474;SBI DEBT FUND SERIES B - 34 (1131 DAYS) - REGULAR PLAN - GROWTH;INF200KA1IJ4;;10.2671;N.A.;N.A.;25-Jun-2016
136547;SBI DEBT FUND SERIES B - 35 (1131 DAYS) - DIRECT PLAN - DIVIDEND PAYOUT;INF200KA1IQ9;;10.2412;N.A.;N.A.;25-Jun-2016
136548;SBI DEBT FUND SERIES B - 35 (1131 DAYS) - DIRECT PLAN - GROWTH;INF200KA1IP1;;10.2413;N.A.;N.A.;25-Jun-2016
136546;SBI DEBT FUND SERIES B - 35 (1131 DAYS) - REGULAR PLAN - DIVIDEND PAYOUT;INF200KA1IO4;;10.2318;N.A.;N.A.;25-Jun-2016
136545;SBI DEBT FUND SERIES B - 35 (1131 DAYS) - REGULAR PLAN - GROWTH;INF200KA1IN6;;10.2316;N.A.;N.A.;25-Jun-2016
139226;SBI DEBT FUND SERIES B - 36 (1131 DAYS) - DIRECT PLAN - DIVIDEND PAYOUT;INF200KA1IY3;;10.1833;N.A.;N.A.;25-Jun-2016
139227;SBI DEBT FUND SERIES B - 36 (1131 DAYS) - DIRECT PLAN - GROWTH;INF200KA1IX5;;10.1834;N.A.;N.A.;25-Jun-2016
139225;SBI DEBT FUND SERIES B - 36 (1131 DAYS) - REGULAR PLAN - DIVIDEND PAYOUT;INF200KA1IW7;;10.175;N.A.;N.A.;25-Jun-2016
139228;SBI DEBT FUND SERIES B- 36 (1131 DAYS) - REGULAR PLAN - GROWTH;INF200KA1IV9;;10.175;N.A.;N.A.;25-Jun-2016
133196;SBI DEBT FUND SERIES B - 4 (1111 DAYS) - DIRECT PLAN - DIVIDEND;INF200K019Z2;;11.4181;N.A.;N.A.;25-Jun-2016
133198;SBI DEBT FUND SERIES B - 4 (1111 DAYS) - DIRECT PLAN - GROWTH;INF200K018Z4;;11.4182;N.A.;N.A.;25-Jun-2016
133197;SBI DEBT FUND SERIES B - 4 (1111 DAYS) - REGULAR PLAN - DIVIDEND;INF200K017Z6;;11.3577;N.A.;N.A.;25-Jun-2016
133195;SBI DEBT FUND SERIES B - 4 (1111 DAYS) - REGULAR PLAN - GROWTH;INF200K016Z8;;11.3577;N.A.;N.A.;25-Jun-2016
139403;SBI DEBT FUND SERIES B - 41(1100 DAYS)- DIRECT PLAN - DIVIDEND PAYOUT;INF200KA1JS3;;10.0356;N.A.;N.A.;25-Jun-2016
139406;SBI DEBT FUND SERIES B - 41(1100 DAYS)- DIRECT PLAN - GROWTH;INF200KA1JR5;;10.0356;N.A.;N.A.;25-Jun-2016
139405;SBI DEBT FUND SERIES B - 41(1100 DAYS)- REGULAR PALN - GROWTH;INF200KA1JP9;;10.0338;N.A.;N.A.;25-Jun-2016
139404;SBI DEBT FUND SERIES B - 41(1100 DAYS)- REGULAR PLAN - DIVIDEND PAYOUT;INF200KA1JQ7;;10.0338;N.A.;N.A.;25-Jun-2016
133333;SBI DEBT FUND SERIES B - 6 (1111 DAYS) - DIRECT PLAN - DIVIDEND;INF200KA1267;;11.3395;N.A.;N.A.;25-Jun-2016
133332;SBI DEBT FUND SERIES B - 6 (1111 DAYS) - DIRECT PLAN - GROWTH;INF200KA1259;;11.3406;N.A.;N.A.;25-Jun-2016
133331;SBI DEBT FUND SERIES B - 6 (1111 DAYS) - REGULAR PLAN - DIVIDEND;INF200KA1242;;11.2818;N.A.;N.A.;25-Jun-2016
133330;SBI DEBT FUND SERIES B - 6 (1111 DAYS) - REGULAR PLAN - GROWTH;INF200KA1234;;11.2818;N.A.;N.A.;25-Jun-2016
133853;SBI DEBT FUND SERIES B - 7 (38 MONTHS) - DIRECT PLAN - DIVIDEND;INF200KA1465;;N.A.;N.A.;N.A.;25-Jun-2016
133856;SBI DEBT FUND SERIES B - 7 (38 MONTHS) - DIRECT PLAN - GROWTH;INF200KA1457;;11.1498;N.A.;N.A.;25-Jun-2016
133854;SBI DEBT FUND SERIES B - 7 (38 MONTHS) - REGUALR PLAN - DIVIDEND;INF200KA1440;;11.099;N.A.;N.A.;25-Jun-2016
133855;SBI DEBT FUNS SERIES B - 7 (38 MONTHS) - REGULAR PLAN - GROWTH;INF200KA1432;;11.0998;N.A.;N.A.;25-Jun-2016
134316;SBI DEBT FUND SERIES B - 8 (1105 DAYS) - DIRECT PLAN - DIVIDEND;INF200KA1895;;11.1127;N.A.;N.A.;25-Jun-2016
134313;SBI DEBT FUND SERIES B - 8 (1105 DAYS) - DIRECT PLAN - GROWTH;INF200KA1887;;11.1116;N.A.;N.A.;25-Jun-2016
134314;SBI DEBT FUND SERIES B - 8 (1105 DAYS) - REGULAR PLAN - DIVIDEND;INF200KA1879;;11.0644;N.A.;N.A.;25-Jun-2016
134315;SBI DEBT FUND SERIES B - 8 (1105 DAYS) - REGULAR PLAN - GROWTH;INF200KA1861;;11.0644;N.A.;N.A.;25-Jun-2016
134319;SBI DEBT FUND SERIES B - 9 (1105 DAYS) - DIRECT PLAN - DIVIDEND;INF200KA1937;;11.0553;N.A.;N.A.;25-Jun-2016
134320;SBI DEBT FUND SERIES B - 9 (1105 DAYS) - DIRECT PLAN - GROWTH;INF200KA1929;;11.0541;N.A.;N.A.;25-Jun-2016
134318;SBI DEBT FUND SERIES B - 9 (1105 DAYS) - REGULAR PLAN - DIVIDEND;INF200KA1911;;11.0077;N.A.;N.A.;25-Jun-2016
134317;SBI DEBT FUND SERIES B - 9 (1105 DAYS) - REGULAR PLAN - GROWTH;INF200KA1903;;11.0077;N.A.;N.A.;25-Jun-2016
126466;SBI Dual Advantage Fund Series - I - Direct Plan - Dividend;INF200K01X55;;12.7594;N.A.;N.A.;25-Jun-2016
126465;SBI Dual Advantage Fund Series - I - Direct Plan - Growth;INF200K01X48;;12.7777;N.A.;N.A.;25-Jun-2016
126464;SBI Dual Advantage Fund Series - I - Regular Plan - Dividend;INF200K01X30;;12.6691;N.A.;N.A.;25-Jun-2016
126463;SBI Dual Advantage Fund Series - I - Regular Plan - Growth;INF200K01X22;;12.6689;N.A.;N.A.;25-Jun-2016
129423;SBI Dual Advantage Fund Series - II Direct Plan - Dividend;INF200K015F2;;11.9237;N.A.;N.A.;25-Jun-2016
129421;SBI Dual Advantage Fund Series - II Direct Plan - Growth;INF200K014F5;;11.9242;N.A.;N.A.;25-Jun-2016
129422;SBI Dual Advantage Fund Series - II Regular Plan - Dividend;INF200K013F7;;11.8935;N.A.;N.A.;25-Jun-2016
129424;SBI Dual Advantage Fund Series - II Regular Plan - Growth;INF200K012F9;;11.8935;N.A.;N.A.;25-Jun-2016
130023;SBI Dual Advantage Fund - Series III - Direct Plan - Dividend;INF200K015J4;;11.6511;N.A.;N.A.;25-Jun-2016
130024;SBI Dual Advantage Fund - Series III - Direct Plan - Growth;INF200K014J7;;11.6511;N.A.;N.A.;25-Jun-2016
130022;SBI Dual Advantage Fund - Series III - Regular Plan - Dividend;INF200K013J9;;11.6265;N.A.;N.A.;25-Jun-2016
130021;SBI Dual Advantage Fund - Series III - Regular Plan - Growth;INF200K012J1;;11.6265;N.A.;N.A.;25-Jun-2016
131132;SBI DUAL ADVANTAGE FUND - SERIES IV - DIRECT PLAN - DIVIDEND;INF200K013Q4;;11.5255;N.A.;N.A.;25-Jun-2016
131131;SBI DUAL ADVANTAGE FUND - SERIES IV - DIRECT PLAN - GROWTH;INF200K012Q6;;11.5307;N.A.;N.A.;25-Jun-2016
131134;SBI DUAL ADVANTAGE FUND - SERIES IV - REGULAR PLAN - DIVIDEND;INF200K011Q8;;11.5152;N.A.;N.A.;25-Jun-2016
131133;SBI DUAL ADVANTAGE FUND - SERIES IV - REGULAR PLAN - GROWTH;INF200K010Q0;;11.515;N.A.;N.A.;25-Jun-2016
134613;SBI DUAL ADVANTAGE FUND - SERIES IX - DIRECT PLAN - DIVIDEND;INF200KA1CB4;;10.7584;N.A.;N.A.;25-Jun-2016
134614;SBI DUAL ADVANTAGE FUND - SERIES IX - DIRECT PLAN - GROWTH;INF200KA1CA6;;10.7584;N.A.;N.A.;25-Jun-2016
134612;SBI DUAL ADVANTAGE FUND - SERIES IX - REGULAR PLAN - DIVIDEND;INF200KA1BZ5;;10.6049;N.A.;N.A.;25-Jun-2016
134611;SBI DUAL ADVANTAGE FUND - SERIES IX - REGULAR PLAN - GROWTH;INF200KA1BY8;;10.6049;N.A.;N.A.;25-Jun-2016
132920;SBI DUAL ADVANTAGE FUND - SERIES V - DIRECT PLAN - DIVIDEND;INF200K015X5;;11.0309;N.A.;N.A.;25-Jun-2016
132919;SBI DUAL ADVANTAGE FUND - SERIES V - DIRECT PLAN - GROWTH;INF200K014X8;;11.0306;N.A.;N.A.;25-Jun-2016
132922;SBI DUAL ADVANTAGE FUND - SERIES V - REGULAR PLAN - DIVIDEND;INF200K013X0;;10.9914;N.A.;N.A.;25-Jun-2016
132921;SBI DUAL ADVANTAGE FUND - SERIES V - REGULAR PLAN - GROWTH;INF200K012X2;;10.9914;N.A.;N.A.;25-Jun-2016
133283;SBI DUAL ADVANTAGE FUND - SERIES VI - DIRECT PLAN - DIVIDEND;INF200KA1184;;11.0053;N.A.;N.A.;25-Jun-2016
133282;SBI DUAL ADVANTAGE FUND - SERIES VI - DIRECT PLAN - GROWTH;INF200KA1176;;11.0053;N.A.;N.A.;25-Jun-2016
133284;SBI DUAL ADVANTAGE FUND - SERIES VI - REGULAR PLAN - DIVIDEND;INF200KA1168;;10.9689;N.A.;N.A.;25-Jun-2016
133281;SBI DUAL ADVANTAGE FUND - SERIES VI - REGULAR PLAN - GROWTH;INF200KA1150;;10.9689;N.A.;N.A.;25-Jun-2016
133717;SBI DUAL ADVANTAGE FUND - SERIES VII - DIRECT PLAN - DIVIDEND;INF200KA1424;;10.7388;N.A.;N.A.;25-Jun-2016
133716;SBI DUAL ADVANTAGE FUND - SERIES VII - DIRECT PLAN - GROWTH;INF200KA1416;;10.7388;N.A.;N.A.;25-Jun-2016
133715;SBI DUAL ADVANTAGE FUND - SERIES VII - REGULAR PLAN - DIVIDEND;INF200KA1408;;10.7013;N.A.;N.A.;25-Jun-2016
133718;SBI DUAL ADVANTAGE FUND - SERIES VII - REGULAR PLAN - GROWTH;INF200KA1390;;10.7011;N.A.;N.A.;25-Jun-2016
134193;SBI DUAL ADVANTAGE FUND - SERIES VIII - DIRECT PLAN - DIVIDEND;INF200KA1770;;10.571;N.A.;N.A.;25-Jun-2016
134196;SBI DUAL ADVANTAGE FUND - SERIES VIII - DIRECT PLAN - GROWTH;INF200KA1762;;10.571;N.A.;N.A.;25-Jun-2016
134194;SBI DUAL ADVANTAGE FUND - SERIES VIII - REGULAR PLAN - DIVIDEND;INF200KA1754;;10.5341;N.A.;N.A.;25-Jun-2016
134195;SBI DUAL ADVANTAGE FUND - SERIES VIII - REGULAR PLAN - GROWTH;INF200KA1747;;10.5338;N.A.;N.A.;25-Jun-2016
135155;SBI DUAL ADVANTAGE FUND - SERIES X - DIRECT PLAN - DIVIDEND;INF200KA1GE9;;10.5955;N.A.;N.A.;25-Jun-2016
135154;SBI DUAL ADVANTAGE FUND - SERIES X - DIRECT PLAN - GROWTH;INF200KA1GD1;;10.5955;N.A.;N.A.;25-Jun-2016
135156;SBI DUAL ADVANTAGE FUND - SERIES X - REGULAR PLAN - DIVIDEND;INF200KA1GC3;;10.4741;N.A.;N.A.;25-Jun-2016
135153;SBI DUAL ADVANTAGE FUND - SERIES X - REGULAR PLAN - GROWTH;INF200KA1GB5;;10.4741;N.A.;N.A.;25-Jun-2016
135377;SBI DUAL ADVANTAGE FUND - SERIES XI - DIRECT PLAN - DIVIDEND;INF200KA1GM2;;10.5428;N.A.;N.A.;25-Jun-2016
135376;SBI DUAL ADVANTAGE FUND - SERIES XI - DIRECT PLAN - GROWTH;INF200KA1GL4;;10.5428;N.A.;N.A.;25-Jun-2016
135379;SBI DUAL ADVANTAGE FUND - SERIES XI - REGULAR PLAN - DIVIDEND;INF200KA1GK6;;10.4487;N.A.;N.A.;25-Jun-2016
135378;SBI DUAL ADVANTAGE FUND - SERIES XI - REGULAR PLAN - GROWTH;INF200KA1GJ8;;10.4486;N.A.;N.A.;25-Jun-2016
135777;SBI DUAL ADVANATGE FUND - SERIES XII - REGULAR PLAN - DIVIDEND;INF200KA1HA5;;10.4372;N.A.;N.A.;25-Jun-2016
135780;SBI DUAL ADVANTAGE FUND - SERIES XII - DIRECT PLAN - DIVIDEND;INF200KA1HC1;;10.4967;N.A.;N.A.;25-Jun-2016
135778;SBI DUAL ADVANTAGE FUND - SERIES XII - DIRECT PLAN - GROWTH;INF200KA1HB3;;10.4967;N.A.;N.A.;25-Jun-2016
135779;SBI DUAL ADVANTAGE FUND - SERIES XII - REGULAR PLAN - GROWTH;INF200KA1GZ4;;10.4376;N.A.;N.A.;25-Jun-2016
136044;SBI DUAL ADVANTAGE FUND - SERIES XIII - DIRECT PLAN - DIVIDEND;INF200KA1HS7;;10.5367;N.A.;N.A.;25-Jun-2016
136043;SBI DUAL ADVANTAGE FUND - SERIES XIII - DIRECT PLAN - GROWTH;INF200KA1HR9;;10.5367;N.A.;N.A.;25-Jun-2016
136045;SBI DUAL ADVANTAGE FUND - SERIES XIII - REGULAR PLAN - DIVIDEND;INF200KA1HQ1;;10.4896;N.A.;N.A.;25-Jun-2016
136042;SBI DUAL ADVANTAGE FUND - SERIES XIII - REGULAR PLAN - GROWTH;INF200KA1HP3;;10.4895;N.A.;N.A.;25-Jun-2016
139123;SBI Dual Advantage Fund - Series XV- Direct Plan - Growth;INF200KA1IT3;;10.2036;N.A.;N.A.;25-Jun-2016
139120;SBI Dual Advantage Fund - Series XV- Direct Plan -Dividend Payout;INF200KA1IU1;;10.2036;N.A.;N.A.;25-Jun-2016
139122;SBI Dual Advantage Fund - Series XV- Regular Plan - Dividend Payout;INF200KA1IS5;;10.1778;N.A.;N.A.;25-Jun-2016
139121;SBI Dual Advantage Fund - Series XV- Regular Plan - Growth;INF200KA1IR7;;10.1771;N.A.;N.A.;25-Jun-2016
136358;SBI DUAL ADVANTAGE FUND SERIES XIV- DIRECT PLAN - DIVIDEND PAYOUT;INF200KA1IA3;;10.4048;N.A.;N.A.;25-Jun-2016
136359;SBI DUAL ADVANTAGE FUND SERIES XIV- DIRECT PLAN - GROWTH;INF200KA1HZ2;;10.4048;N.A.;N.A.;25-Jun-2016
136361;SBI DUAL ADVANTAGE FUND SERIES XIV- REGULAR PLAN - DIVIDEND PAYOUT;INF200KA1HY5;;10.372;N.A.;N.A.;25-Jun-2016
136360;SBI DUAL ADVANTAGE FUND SERIES XIV- REGULAR PLAN - GROWTH;INF200KA1HX7;;10.3697;N.A.;N.A.;25-Jun-2016

Close Ended Schemes ( Growth )


SBI Mutual Fund
131339;SBI EQUITY OPPORTUNITIES FUND - SERIES I - DIRECT PLAN - DIVIDEND;INF200K017S1;;12.342;N.A.;N.A.;25-Jun-2016
131338;SBI EQUITY OPPORTUNITIES FUND - SERIES I - DIRECT PLAN - GROWTH;INF200K016S3;;12.3355;N.A.;N.A.;25-Jun-2016
131337;SBI EQUITY OPPORTUNITIES FUND - SERIES I - REGULAR PLAN - DIVIDEND;INF200K015S5;;12.2922;N.A.;N.A.;25-Jun-2016
131336;SBI EQUITY OPPORTUNITIES FUND - SERIES I - REGULAR PLAN - GROWTH;INF200K014S8;;12.2923;N.A.;N.A.;25-Jun-2016
133109;SBI EQUITY OPPORTUNITIES FUND - SERIES II - DIRECT PLAN - DIVIDEND;INF200K011Z9;;10.692;N.A.;N.A.;25-Jun-2016
133108;SBI EQUITY OPPORTUNITIES FUND - SERIES II - DIRECT PLAN - GROWTH;INF200K010Z1;;10.6929;N.A.;N.A.;25-Jun-2016
133107;SBI EQUITY OPPORTUNITIES FUND - SERIES II - REGULAR PLAN - DIVIDEND;INF200K019Y5;;10.6529;N.A.;N.A.;25-Jun-2016
133106;SBI EQUITY OPPORTUNITIES FUND - SERIES II - REGULAR PLAN - GROWTH;INF200K018Y7;;10.6532;N.A.;N.A.;25-Jun-2016
135507;SBI EQUITY OPPORTUNITIES FUND -  SERIES IV - REGULAR PLAN - GROWTH;INF200KA1GP5;;10.7612;N.A.;N.A.;25-Jun-2016
135506;SBI EQUITY OPPORTUNITIES FUND - SERIES IV - DIRECT PLAN - GROWTH;INF200KA1GN0;;10.872;N.A.;N.A.;25-Jun-2016
135509;SBI Equity Opportunities Fund-Series IV - Direct Plan - Income Distribution cum Capital Withdrawal Option (IDCW);INF200KA1GO8;;10.8694;N.A.;N.A.;25-Jun-2016
135508;SBI Equity Opportunities Fund-Series IV - Regular Plan - Income Distribution cum Capital Withdrawal Option (IDCW);INF200KA1GQ3;;10.761;N.A.;N.A.;25-Jun-2016
