Scheme Code;Scheme Name;ISIN Div Payout/ISIN Growth;ISIN Div Reinvestment;Net Asset Value;Repurchase Price;Sale Price;Date

Open Ended Schemes ( Liquid )


JM Financial Mutual Fund
122314;JM Floater Short Term Fund (Direct) - Bonus Option - Principal Units;INF192K01EV3;;18.7407;18.6938;18.7407;30-Jun-2013
120414;JM Floater Short Term Fund (Direct) - Daily Dividend Option;;INF192K01CF0;10.0882;10.0630;10.0882;30-Jun-2013
120415;JM Floater Short Term Fund (Direct) - Growth Option;INF192K01CG8;;18.7399;18.6931;18.7399;30-Jun-2013
122322;JM Floater Short Term Fund - Bonus Option - Principal Units;INF192K01ET7;;18.7209;18.6741;18.7209;30-Jun-2013
101420;JM Floater Short Term Fund - Daily Dividend Option;;INF192K01767;10.0883;10.0631;10.0883;30-Jun-2013
101421;JM Floater Short Term Fund - Growth Option;INF192K01775;;18.7209;18.6741;18.7209;30-Jun-2013

PGIM India Mutual Fund
120102;DHFL Pramerica Liquid Fund - Direct Plan-Daily Dividend Option;;INF663L01633;1000.4200;1000.4200;1000.4200;30-Jun-2013
120104;DHFL Pramerica Liquid Fund - Direct Plan-Growth Option;INF663L01625;;1278.8210;1278.8210;1278.8210;30-Jun-2013
120105;DHFL Pramerica Liquid Fund - Direct Plan-Monthly Dividend Option;INF663L01682;INF663L01666;1001.3131;1001.3131;1001.3131;30-Jun-2013
120106;DHFL Pramerica Liquid Fund - Direct Plan-Weekly Dividend - Option;;INF663L01641;1001.4522;1001.4522;1001.4522;30-Jun-2013
113184;DHFL Pramerica Liquid Fund - Dividend Option - Daily;;INF663L01088;1000.3700;1000.3700;1000.3700;30-Jun-2013
113187;DHFL Pramerica Liquid Fund - Dividend Option - Fortnightly;INF663L01120;INF663L01104;1001.1518;1001.1518;1001.1518;30-Jun-2013
113186;DHFL Pramerica Liquid Fund - Dividend Option - Monthly;INF663L01138;INF663L01112;1001.1505;1001.1505;1001.1505;30-Jun-2013
113183;DHFL Pramerica Liquid Fund - Growth Option;INF663L01070;;1278.3621;1278.3621;1278.3621;30-Jun-2013
113185;DHFL Pramerica Liquid Fund -Dividend Option- Weekly;;INF663L01096;1001.3203;1001.3203;1001.3203;30-Jun-2013
122257;DHFL Pramerica Liquid Fund-Bonus Option;INF663L01BD5;;1278.3461;1278.3461;1278.3461;30-Jun-2013
122258;DHFL Pramerica Liquid Fund-Direct Plan-Bonus Option;INF663L01BE3;;1278.8388;1278.8388;1278.8388;30-Jun-2013

PineBridge Mutual Fund
119360;PineBridge India Liquid Fund- Direct Plan- Growth Option;INF178L01AP0;;1512.4482;1512.4482;1512.4482;30-Jun-2013
106513;PineBridge India Liquid Fund- Standard Plan-Daily Dividend Option;;INF178L01699;1001.0000;1001.0000;1001.0000;30-Jun-2013
106508;PineBridge India Liquid Fund- Standard Plan-Growth Option;INF178L01715;;1511.9862;1511.9862;1511.9862;30-Jun-2013
106519;PineBridge India Liquid Fund- Standard Plan-Monthly Dividend Option;INF178L01723;INF178L01731;1001.8426;1001.8426;1001.8426;30-Jun-2013
106520;PineBridge India Liquid Fund- Standard Plan-Quarterly Dividend Option;INF178L01749;INF178L01756;1000.8468;1000.8468;1000.8468;30-Jun-2013
106509;PineBridge India Liquid Fund- Standard Plan-Weekly Dividend Option;;INF178L01764;1002.0273;1002.0273;1002.0273;30-Jun-2013
106503;PineBridge India Liquid Fund-Retail Plan-DailyDividend Option;;INF178L01533;1001.0000;1001.0000;1001.0000;30-Jun-2013
106514;PineBridge India Liquid Fund-Retail Plan-Growth Option;INF178L01558;;1477.1771;1477.1771;1477.1771;30-Jun-2013
106504;PineBridge India Liquid Fund-Retail Plan-Monthly Dividend Option;INF178L01566;INF178L01574;1001.7894;1001.7894;1001.7894;30-Jun-2013
106510;PineBridge India Liquid Fund-Retail Plan-Weekly Dividend Option;;INF178L01608;1001.9613;1001.9613;1001.9613;30-Jun-2013

Sahara Mutual Fund
101397;Sahara Liquid Fund-Fixed Pricing -  Weekly Dividend Option;;INF515L01064;1027.4373;1027.4373;1027.4373;30-Jun-2013
101393;Sahara Liquid Fund-Fixed Pricing - Daily Dividend Option;;INF515L01049;1033.0311;1033.0311;1033.0311;30-Jun-2013
120265;Sahara Liquid Fund-Fixed Pricing - Direct - Weekly Dividend Option;;INF515L01668;1027.4373;1027.4373;1027.4373;30-Jun-2013
120262;Sahara Liquid Fund-Fixed Pricing - Direct -Growth option;INF515L01650;;2159.9888;2159.9888;2159.9888;30-Jun-2013
101394;Sahara Liquid Fund-Fixed Pricing - Growth option;INF515L01056;;2159.9407;2159.9407;2159.9407;30-Jun-2013
101398;Sahara Liquid Fund-Fixed Pricing - Monthly Dividend Option;;INF515L01072;1031.4285;1031.4285;1031.4285;30-Jun-2013
120253;Sahara Liquid Fund-Fixed Pricing -Direct - Daily Dividend Option- Direct;;INF515L01643;1033.0311;1033.0311;1033.0311;30-Jun-2013
120266;Sahara Liquid Fund-Fixed Pricing -Direct - Monthly Dividend Option;;INF515L01676;1031.4285;1031.4285;1031.4285;30-Jun-2013
101399;Sahara Liquid Fund-Variable Pricing - Daily Dividend option;;INF515L01080;1033.0506;1033.0506;1033.0506;30-Jun-2013
101402;Sahara Liquid Fund-Variable Pricing - Growth option;INF515L01114;;2180.1505;2180.1505;2180.1505;30-Jun-2013
101400;Sahara Liquid Fund-Variable Pricing - Weekly Dividend Option;;INF515L01098;1036.1145;1036.1145;1036.1145;30-Jun-2013
120271;Sahara Liquid Fund-Variable Pricing -Direct - Daily Dividend option;;INF515L01684;1033.0506;1033.0506;1033.0506;30-Jun-2013
120280;Sahara Liquid Fund-Variable Pricing -Direct - Growth option;INF515L01718;;2180.6289;2180.6289;2180.6289;30-Jun-2013
120272;Sahara Liquid Fund-Variable Pricing -Direct - Weekly Dividend Option;;INF515L01692;1036.1145;1036.1145;1036.1145;30-Jun-2013
120273;Sahara Liquid Fund-Variable Pricing- Direct - Monthly Dividend Option;;INF515L01700;1035.6178;1035.6178;1035.6178;30-Jun-2013
101401;Sahara Liquid Fund-Variable Pricing- Monthly Dividend Option;;INF515L01106;1035.6178;1035.6178;1035.6178;30-Jun-2013

Tata Mutual Fund
101987;Tata Liquid Fund Reglar Plan - Monthly Dividend;INF277K01LR5;INF277K01LS3;1000.4376;1000.4376;1000.4376;30-Jun-2013
101861;Tata Liquid Fund-Regular Plan  - Weekly Dividend;INF277K016C5;;1001.8236;1001.8236;1001.8236;30-Jun-2013
101984;Tata Liquid High Investment Plan - Daily;;;1114.3379;1114.3379;1114.3379;30-Jun-2013
101860;Tata Liquid High Investment Plan - Growth;INF277K01LN4;;1964.5213;1964.5213;1964.5213;30-Jun-2013
101985;Tata Liquid High Investment Plan - Monthly;INF277K01LO2;INF277K01LP9;1019.9947;1019.9947;1019.9947;30-Jun-2013
101859;Tata Liquid High Investment Plan - Weekly;;;1147.7686;1147.7686;1147.7686;30-Jun-2013
101982;Tata Liquid Retail Investment PLan - Daily;;;1116.8143;1116.8143;1116.8143;30-Jun-2013
101983;Tata Liquid Retail Investment Plan - Fortnightly;;;1145.4374;1145.4374;1145.4374;30-Jun-2013
101858;Tata Liquid Retail Investment Plan - Growth;INF277K01LM6;;2696.6426;2696.6426;2696.6426;30-Jun-2013
103631;Tata Liquidity Management Fund - Regular Plan - Daily Dividend;;;1002.6089;1000.1024;1002.6089;30-Jun-2013
103632;Tata Liquidity Management Fund - Regular Plan - Growth;INF277K01LW5;;1618.7533;1614.7064;1618.7533;30-Jun-2013
103519;Tata Liquidity Management Fund - Regular Plan  -Weekly Dividend;;;1006.4803;1003.9641;1006.4803;30-Jun-2013
119443;Tata Liquidity Management Fund- Direct Plan-Daily Dividend;;;1002.6089;1000.1024;1002.6089;30-Jun-2013
119444;Tata Liquidity Management Fund- Direct Plan-Growth;INF277K01PU0;;1619.3896;1615.3411;1619.3896;30-Jun-2013

Open Ended Schemes ( Money Market )


Tata Mutual Fund
102152;Tata Money Market Fund Regular (Bonus / Dividend);;;10.1605;10.1605;10.1605;30-Jun-2013
102153;Tata Money Market Fund Regular (Growth);INF277K01LY1;;18.8838;18.8838;18.8838;30-Jun-2013

Open Ended Schemes ( Debt Scheme - Overnight Fund )


SBI Mutual Fund
119831;SBI Overnight Fund - Direct Plan - Daily Income Distribution cum Capital Withdrawal Option (IDCW);;INF200K01TJ7;1009.91;1009.91;1009.91;30-Jun-2013
119833;SBI OVERNIGHT FUND - DIRECT PLAN - GROWTH;INF200K01TK5;;2059.226;2059.226;2059.226;30-Jun-2013
119832;SBI Overnight Fund - Direct Plan - Weekly Income Distribution cum Capital Withdrawal Option (IDCW);INF200K01TL3;INF200K01TM1;1031.4143;1031.4143;1031.4143;30-Jun-2013
114297;SBI Overnight Fund - Regular Plan - Daily Income Distribution cum Capital Withdrawal Option (IDCW);;INF200K01LN6;1009.91;1009.91;1009.91;30-Jun-2013
101206;SBI OVERNIGHT FUND - REGULAR PLAN - GROWTH;INF200K01LQ9;;2057.4784;2057.4784;2057.4784;30-Jun-2013
103140;SBI Overnight Fund - Regular Plan - Weekly Income Distribution cum Capital Withdrawal Option (IDCW);INF200K01LO4;INF200K01LP1;1031.4094;1031.4094;1031.4094;30-Jun-2013

Open Ended Schemes ( Debt Scheme - Liquid Fund )


Axis Mutual Fund
120388;Axis Liquid Fund - Direct Plan - Daily IDCW;;INF846K01DA0;1000.1107;1000.1107;1000.1107;30-Jun-2013
120389;Axis Liquid Fund - Direct Plan - Growth Option;INF846K01CX4;;1327.8012;1327.8012;1327.8012;30-Jun-2013
120391;Axis Liquid Fund - Direct Plan - Monthly IDCW;INF846K01CY2;INF846K01CZ9;1001.1837;1001.1837;1001.1837;30-Jun-2013
120390;Axis Liquid Fund - Direct Plan - Weekly IDCW;INF846K01DB8;INF846K01DC6;1003.4767;1003.4767;1003.4767;30-Jun-2013
112211;Axis Liquid Fund - Regular Plan - Daily IDCW;;INF846K01420;1000.1107;1000.1107;1000.1107;30-Jun-2013
112210;Axis Liquid Fund - Regular Plan - Growth Option;INF846K01412;;1327.3626;1327.3626;1327.3626;30-Jun-2013
112213;Axis Liquid Fund - Regular Plan - Monthly IDCW;INF846K01453;INF846K01461;1001.1937;1001.1937;1001.1937;30-Jun-2013
112212;Axis Liquid Fund - Regular Plan - Weekly IDCW;INF846K01438;INF846K01446;1003.4564;1003.4564;1003.4564;30-Jun-2013
112712;Axis Liquid Fund - Retail Plan - Daily IDCW;;INF846K01362;1000.1107;1000.1107;1000.1107;30-Jun-2013
112713;Axis Liquid Fund - Retail Plan - Growth Option;INF846K01354;;1292.0370;1292.0370;1292.0370;30-Jun-2013
112714;Axis Liquid Fund - Retail Plan - Monthly IDCW;INF846K01396;INF846K01404;1001.1260;1001.1260;1001.1260;30-Jun-2013
112715;Axis Liquid Fund - Retail Plan - Weekly IDCW;INF846K01370;INF846K01388;1001.3911;1001.3911;1001.3911;30-Jun-2013

Bandhan Mutual Fund
108692;BANDHAN LIQUID Fund - Regular Plan - Daily IDCW;INF194K01VZ4;INF194K01VY7;1000.2500;1000.2500;1000.2500;30-Jun-2013
108690;BANDHAN LIQUID Fund - Regular Plan - Growth;INF194K01VX9;;1456.3963;1456.3963;1456.3963;30-Jun-2013
108693;BANDHAN LIQUID Fund - Regular Plan - Monthly IDCW;INF194K01WF4;INF194K01WE7;1000.8548;1000.8548;1000.8548;30-Jun-2013
115489;BANDHAN LIQUID Fund - Regular Plan - Periodic IDCW;INF194K01WC1;INF194K01WB3;1147.6480;1147.6480;1147.6480;30-Jun-2013
108691;BANDHAN LIQUID Fund - Regular Plan - Weekly IDCW;INF194K01WI8;INF194K01WH0;1000.6358;1000.6358;1000.6358;30-Jun-2013
118365;BANDHAN LIQUID Fund -Direct Plan -Monthly IDCW;INF194K01J36;INF194K01J28;1007.7503;1007.7503;1007.7503;30-Jun-2013
118367;BANDHAN LIQUID Fund -Direct Plan -Weekly IDCW;INF194KB1JT8;INF194K01J51;1003.0203;1003.0203;1003.0203;30-Jun-2013
118366;BANDHAN LIQUID Fund -Direct Plan-Daily IDCW;;INF194K01I78;1000.3400;1000.3400;1000.3400;30-Jun-2013
118364;BANDHAN LIQUID Fund -Direct Plan-Growth;INF194K01I60;;1456.4785;1456.4785;1456.4785;30-Jun-2013
118363;BANDHAN LIQUID Fund -Direct Plan-Periodic IDCW;INF194K01J02;INF194K01I94;1000.7010;1000.7010;1000.7010;30-Jun-2013
108779;BANDHAN Liquid Fund-Plan A-Dividend (Daily);INF194K01VC3;INF194K01VB5;1058.1900;1058.1900;1058.1900;30-Jun-2013
108778;BANDHAN Liquid Fund-Plan A-Growth;INF194K01UX1;;2100.0195;2100.0195;2100.0195;30-Jun-2013
115486;BANDHAN Liquid Fund-Plan A-Monthly;INF194K01VF6;INF194K01VE9;1000.8733;1000.8733;1000.8733;30-Jun-2013
115487;BANDHAN Liquid Fund-Plan A-Periodic Dividend;INF194K01UZ6;INF194K01UY9;1012.9316;1012.9316;1012.9316;30-Jun-2013
108607;BANDHAN Liquid Fund - Plan A-Dividend (Weekly);INF194K01VI0;INF194K01VH2;1001.4282;1001.4282;1001.4282;30-Jun-2013
108781;BANDHAN Liquid Fund - Plan B (G) (Institutional Plan);INF194K01VK6;;2122.4126;2122.4126;2122.4126;30-Jun-2013
108629;BANDHAN Liquid Fund - Plan B - Dividend-Weekly;INF194K01VS9;INF194K01VR1;1000.6397;1000.6397;1000.6397;30-Jun-2013

Canara Robeco Mutual Fund
118307;CANARA ROBECO LIQUID FUND - DIRECT PLAN - DAILY IDCW (Reinvestment);;INF760K01FS0;1005.5000;1005.5000;1005.5000;30-Jun-2013
118305;CANARA ROBECO LIQUID FUND - DIRECT PLAN - GROWTH OPTION;INF760K01FU6;;1456.5368;1456.5368;1456.5368;30-Jun-2013
118304;CANARA ROBECO LIQUID FUND - DIRECT PLAN - IDCW (Payout/Reinvestment);INF760K01FT8;;1042.7890;1042.7890;1042.7890;30-Jun-2013
118306;CANARA ROBECO LIQUID FUND - DIRECT PLAN - MONTHLY IDCW (Payout/Reinvestment);INF760K01FV4;INF760K01FW2;1001.1914;1001.1914;1001.1914;30-Jun-2013
118308;CANARA ROBECO LIQUID FUND - DIRECT PLAN - WEEKLY IDCW (Payout/Reinvestment);INF760K01FY8;INF760K01FX0;1000.9606;1000.9606;1000.9606;30-Jun-2013
109349;CANARA ROBECO LIQUID FUND - REGULAR PLAN - DAILY IDCW (Reinvestment);;INF760K01CU3;1005.5000;1005.5000;1005.5000;30-Jun-2013
109353;CANARA ROBECO LIQUID FUND - REGULAR PLAN - GROWTH OPTION;INF760K01CW9;;1456.0808;1456.0808;1456.0808;30-Jun-2013
109351;CANARA ROBECO LIQUID FUND - REGULAR PLAN - MONTHLY IDCW (Payout/Reinvestment);INF760K01CX7;INF760K01CY5;1000.9494;1000.9494;1000.9494;30-Jun-2013
109350;CANARA ROBECO LIQUID FUND - REGULAR PLAN - WEEKLY IDCW (Payout/Reinvestment);INF760K01BZ4;INF760K01CZ2;1000.9493;1000.9493;1000.9493;30-Jun-2013
101363;Canara Robeco Liquid Fund- INSTITUTIONAL-Daily Dividend Reinvestment;;INF760K01CC1;1005.5000;1005.5000;1005.5000;30-Jun-2013
101362;Canara Robeco Liquid Fund- INSTITUTIONAL-Growth;INF760K01CD9;;2151.1456;2151.1456;2151.1456;30-Jun-2013
101364;Canara Robeco Liquid Fund-Retail-DRI;;INF760K01CF4;1007.0000;1007.0000;1007.0000;30-Jun-2013
101365;Canara Robeco Liquid Fund-Retail-Growth;INF760K01CH0;;2115.2678;2115.2678;2115.2678;30-Jun-2013
109347;Canara Robeco Liquid Fund-Retail-Monthly Div Reinvest;;INF760K01CI8;1006.3100;1006.3100;1006.3100;30-Jun-2013
109356;Canara Robeco Liquid Fund-Retail-Weekly Div Reinvest;;INF760K01CJ6;1006.3101;1006.3101;1006.3101;30-Jun-2013

Franklin Templeton Mutual Fund
100541;Franklin India Liquid Fund - Regular Plan - Daily - IDCW;;INF090I01BA3;1512.3400;1512.3400;1512.3400;30-Jun-2013
100538;Franklin India Liquid Fund - Regular Plan - Growth;INF090I01BB1;;2903.6466;2903.6466;2903.6466;30-Jun-2013
100537;Franklin India Liquid Fund - Regular Plan - Weekly - IDCW;INF090I01BL0;INF090I01BI6;1244.3238;1244.3238;1244.3238;30-Jun-2013
118577;Franklin India Liquid Fund - Super Institutional - Direct - Growth;INF090I01JV2;;1784.5422;1784.5422;1784.5422;30-Jun-2013
100547;Franklin India Liquid Fund - Super Institutional Plan - Daily - IDCW;;INF090I01BF2;1000.6730;1000.6730;1000.6730;30-Jun-2013
118578;Franklin India Liquid Fund - Super Institutional Plan - Direct - Daily - IDCW;INF090I01JW0;;1001.0741;1001.0741;1001.0741;30-Jun-2013
118579;Franklin India Liquid Fund - Super Institutional Plan - Direct - Weekly - IDCW;INF090I01JX8;INF090I01JY6;1021.3891;1021.3891;1021.3891;30-Jun-2013
100546;Franklin India Liquid Fund - Super Institutional Plan - Growth;INF090I01BG0;;1784.1604;1784.1604;1784.1604;30-Jun-2013
100548;Franklin India Liquid Fund - Super Institutional Plan - Weekly - IDCW;INF090I01BM8;INF090I01BH8;1021.1243;1021.1243;1021.1243;30-Jun-2013
102441;Franklin India Liquid Fund - Institution-Growth;INF090I01BD7;;1855.8174;1855.8174;1855.8174;30-Jun-2013
102443;Franklin India Liquid Fund - Institutional Plan - Daily - IDCW;;INF090I01BC9;1000.6730;1000.6730;1000.6730;30-Jun-2013
102442;Franklin India Liquid Fund - Institutional Plan - Weekly - IDCW;INF090I01BJ4;INF090I01BE5;1054.7184;1054.7184;1054.7184;30-Jun-2013

IDBI Mutual Fund
118345;IDBI Liquid Fund Growth Direct;INF397L01AH3;;1285.7901;1285.7901;1285.7901;30-Jun-2013
113104;IDBI Liquid Fund- Monthly IDCW;INF397L01976;INF397L01968;1001.3462;1001.3462;1001.3462;30-Jun-2013
118449;IDBI Liquid Fund- Monthly IDCW Direct;INF397L01AK7;INF397L01AJ9;1001.6544;1001.6544;1001.6544;30-Jun-2013
113102;IDBI Liquid Fund-Daily IDCW;;INF397L01935;1000.3214;1000.3214;1000.3214;30-Jun-2013
118450;IDBI Liquid Fund-Daily IDCW Direct;;INF397L01AI1;1000.3171;1000.3171;1000.3171;30-Jun-2013
113096;IDBI Liquid Fund-Growth;INF397L01984;;1285.3815;1285.3815;1285.3815;30-Jun-2013
113103;IDBI Liquid Fund-Weekly IDCW;INF397L01950;INF397L01943;1000.2222;1000.2222;1000.2222;30-Jun-2013
118451;IDBI Liquid Fund-Weekly IDCW Direct;INF397L01AM3;INF397L01AL5;1003.6540;1003.6540;1003.6540;30-Jun-2013

JM Financial Mutual Fund
100241;JM High Liquidity Fund-- Institutional Plan - Dividend;INF192K01924;INF192K01932;10.7682;10.7682;10.7682;30-Jun-2013
100237;JM High Liquidity Fund-- Institutional Plan - Growth;INF192K01940;;19.7226;19.7226;19.7226;30-Jun-2013
100238;JM High Liquidity Fund-Institutional Plan - Daily Dividend;;INF192K01916;10.0159;10.0159;10.0159;30-Jun-2013
100246;JM High Liquidity Fund-Super Institutional Plan- Weekly  Dividend;INF192K01965;INF192K01973;10.1619;10.1619;10.1619;30-Jun-2013
120410;JM Liquid Fund (Direct) - Bonus Option - Bonus Option - Principal units;INF192K01CN4;;10.4633;10.4633;10.4633;30-Jun-2013
120411;JM Liquid Fund (Direct) - Daily IDCW;;INF192K01CH6;10.4302;10.4302;10.4302;30-Jun-2013
120406;JM Liquid Fund (Direct) - Growth Option;INF192K01CM6;;32.6721;32.6721;32.6721;30-Jun-2013
120408;JM Liquid Fund (Direct) - Quarterly IDCW;INF192K01CK0;INF192K01CL8;18.4956;18.4956;18.4956;30-Jun-2013
120407;JM Liquid Fund (Direct) - Weekly IDCW;INF192K01CI4;INF192K01CJ2;11.0189;11.0189;11.0189;30-Jun-2013
100244;JM Liquid Fund (Regular) - Quarterly IDCW;INF192K01866;INF192K01874;18.4843;18.4843;18.4843;30-Jun-2013
100247;JM Liquid Fund (Regular) - Super Institutional Plan - Growth Option;INF192K01981;;18.7790;18.7790;18.7790;30-Jun-2013
100233;JM Liquid Fund (Regular) - Weekly IDCW;INF192K01841;INF192K01858;11.0162;11.0162;11.0162;30-Jun-2013
100234;JM Liquid Fund - Growth Option;INF192K01882;;32.6572;32.6572;32.6572;30-Jun-2013
101549;JM Liquid Fund (Regular) - Bonus Option - Principal Units;INF192K01890;;10.4570;10.4570;10.4570;30-Jun-2013
101078;JM Liquid Fund (Regular) - Daily IDCW;;INF192K01833;10.4302;10.4302;10.4302;30-Jun-2013

quant Mutual Fund
120837;quant Liquid Fund - Growth Option - Direct Plan;INF966L01820;;18.5263;18.5263;18.5263;30-Jun-2013
103225;quant Liquid Fund - Growth Option - Regular Plan;INF966L01317;;18.5036;18.5036;18.5036;30-Jun-2013
120838;quant Liquid Fund - Monthly IDCW Option - Direct Plan;INF966L01796;INF966L01812;15.0649;15.0649;15.0649;30-Jun-2013
103228;quant Liquid Fund - Monthly IDCW Option - Regular Plan;INF966L01291;INF966L01309;15.0404;15.0404;15.0404;30-Jun-2013
120839;quant Liquid Fund - Weekly IDCW Option - Direct Plan;INF966L01788;INF966L01804;13.4588;13.4588;13.4588;30-Jun-2013
103227;quant Liquid Fund - Weekly IDCW Option - Regular Plan;INF966L01499;INF966L01283;13.4515;13.4515;13.4515;30-Jun-2013
120836;quant Liquid Fund-Daily IDCW Option - Direct Plan;;INF966L01770;13.7572;13.7572;13.7572;30-Jun-2013
103226;quant Liquid Fund-Daily IDCW Option - Regular Plan;;INF966L01275;13.7339;13.7339;13.7339;30-Jun-2013

SBI Mutual Fund
119804;SBI Liquid Fund - Direct Paln - Fortnightly Income Distribution cum Capital Withdrawal Option (IDCW);INF200K01UR8;INF200K01US6;N.A.;N.A.;N.A.;30-Jun-2013
119805;SBI Liquid Fund - Direct Plan - Daily Income Distribution cum Capital Withdrawal Option (IDCW);;INF200K01UQ0;1003.25;1003.25;1003.25;30-Jun-2013
119799;SBI Liquid Fund - Direct Plan - Weekly Income Distribution cum Capital Withdrawal Option (IDCW);INF200K01UU2;INF200K01UV0;1061.2929;1061.2929;1061.2929;30-Jun-2013
119800;SBI Liquid Fund - DIRECT PLAN -Growth;INF200K01UT4;;1883.4399;1883.4399;1883.4399;30-Jun-2013
105274;SBI Liquid Fund - Institutional - Growth;INF200K01LU1;;1900.6448;1900.6448;1900.6448;30-Jun-2013
105275;SBI Liquid Fund - Institutional Daily Income Distribution cum Capital Withdrawal Option (IDCW);;INF200K01LR7;1003.25;1003.25;1003.25;30-Jun-2013
105279;SBI Liquid Fund - Institutional Fortnightly Income Distribution cum Capital Withdrawal Option (IDCW);INF200K01LS5;INF200K01LT3;1025.0423;1025.0423;1025.0423;30-Jun-2013
105278;SBI Liquid Fund - Institutional Weekly Income Distribution cum Capital Withdrawal Option (IDCW);INF200K01LV9;INF200K01LW7;1060.5823;1060.5823;1060.5823;30-Jun-2013
105281;SBI Liquid Fund - Regular Plan - Daily Income Distribution cum Capital Withdrawal Option (IDCW);;INF200K01LX5;1003.25;1003.25;1003.25;30-Jun-2013
105283;SBI Liquid Fund - Regular Plan - Fortnightly Income Distribution cum Capital Withdrawal Option (IDCW);INF200K01LY3;INF200K01LZ0;1013.7174;1013.7174;1013.7174;30-Jun-2013
105282;SBI Liquid Fund - Regular Plan - Weekly Income Distribution cum Capital Withdrawal Option (IDCW);INF200K01MB9;INF200K01MC7;1061.2918;1061.2918;1061.2918;30-Jun-2013
105280;SBI Liquid Fund - REGULAR PLAN -Growth;INF200K01MA1;;1882.999;1882.999;1882.999;30-Jun-2013

Sundaram Mutual Fund
119690;Sundaram Money Fund Direct Plan - Bonus;INF903J01RL8;;25.2682;25.2682;25.2682;30-Jun-2013
119688;Sundaram Money Fund Direct Plan - Daily Reinvestment of Income Distribution cum Capital Withdrawal (IDCW);;INF903J01QA3;10.1025;10.1025;10.1025;30-Jun-2013
119692;Sundaram Money Fund Direct Plan - Fortnightly Reinvestment of Income Distribution cum Capital Withdrawal (IDCW);;INF903J01QB1;25.1965;25.1965;25.1965;30-Jun-2013
119686;Sundaram Money Fund Direct Plan - Growth;INF903J01QF2;;25.2662;25.2662;25.2662;30-Jun-2013
119687;Sundaram Money Fund Direct Plan - Monthly Income Distribution cum Capital Withdrawal (IDCW);INF903J01QC9;INF903J01QD7;10.5419;10.5419;10.5419;30-Jun-2013
119689;Sundaram Money Fund Direct Plan - Quarterly Reinvestment of Income Distribution cum Capital Withdrawal (IDCW);;INF903J01QE5;13.0077;13.0077;13.0077;30-Jun-2013
119691;Sundaram Money Fund Direct Plan - Weekly Reinvestment of Income Distribution cum Capital Withdrawal (IDCW);;INF903J01QG0;11.2602;11.2602;11.2602;30-Jun-2013
102701;Sundaram Money Fund Institutional Plan - Daily Reinvestment of Income Distribution cum Capital Withdrawal (IDCW);;INF903J01GP2;10.0953;10.0953;10.0953;30-Jun-2013
102703;Sundaram Money Fund Institutional Plan - Growth;INF903J01GN7;;24.6347;24.6347;24.6347;30-Jun-2013
118328;Sundaram Money Fund Regular Plan - Bonus;INF903J01MB0;;25.2635;25.2635;25.2635;30-Jun-2013
103392;Sundaram Money Fund Regular Plan - Daily Reinvestment of Income Distribution cum Capital Withdrawal (IDCW);;INF903J01GW8;10.0953;10.0953;10.0953;30-Jun-2013
103395;Sundaram Money Fund Regular Plan - Fortnightly Reinvestment of Income Distribution cum Capital Withdrawal (IDCW);;INF903J01GY4;10.6910;10.6910;10.6910;30-Jun-2013
103397;Sundaram Money Fund Regular Plan - Growth;INF903J01GU2;;25.2618;25.2618;25.2618;30-Jun-2013
103396;Sundaram Money Fund Regular Plan - Monthly Income Distribution cum Capital Withdrawal (IDCW);INF903J01GV0;INF903J01GZ1;10.4018;10.4018;10.4018;30-Jun-2013
103393;Sundaram Money Fund Regular Plan - Quarterly Reinvestment of Income Distribution cum Capital Withdrawal (IDCW);;INF903J01HA2;13.0063;13.0063;13.0063;30-Jun-2013
100620;Sundaram Money Fund Retail Plan - Daily Reinvestment of Income Distribution cum Capital Withdrawal (IDCW);;INF903J01GI7;10.0953;10.0953;10.0953;30-Jun-2013
100622;Sundaram Money Fund Retail Plan - Fortnightly Reinvestment of Income Distribution cum Capital Withdrawal (IDCW);;INF903J01GK3;10.6411;10.6411;10.6411;30-Jun-2013
100618;Sundaram Money Fund Retail Plan - Growth;INF903J01GG1;;23.6071;23.6071;23.6071;30-Jun-2013
100623;Sundaram Money Fund Retail Plan - Monthly Income Distribution cum Capital Withdrawal (IDCW);INF903J01GH9;INF903J01GL1;10.4154;10.4154;10.4154;30-Jun-2013
100619;Sundaram Money Fund Retail Plan - Quarterly Reinvestment of Income Distribution cum Capital Withdrawal (IDCW);;INF903J01GM9;13.2108;13.2108;13.2108;30-Jun-2013
100621;Sundaram Money Fund Retail Plan - Weekly Reinvestment of Income Distribution cum Capital Withdrawal (IDCW);;INF903J01GJ5;10.9889;10.9889;10.9889;30-Jun-2013
103394;Sundaram Money Fund Regular Plan - Weekly Reinvestment of Income Distribution cum Capital Withdrawal (IDCW);;INF903J01GX6;11.0292;11.0292;11.0292;30-Jun-2013

Tata Mutual Fund
102672;Tata Liquid Fund -Regular Plan - Growth Option;INF277K01YD8;;18.8315;18.8315;18.8315;30-Jun-2013
119862;Tata Liquid Fund- Direct Plan - Daily Reinvestment of IDCW Option;;INF277K012D2;10.0152;10.0152;10.0152;30-Jun-2013
119861;Tata Liquid Fund- Direct Plan-Growth Option;INF277K01YE6;;18.8478;18.8478;18.8478;30-Jun-2013
101714;Tata Liquid Fund- Regular Plan - Daily Reinvestment of IDCW Option;;INF277K011D4;10.0152;10.0152;10.0152;30-Jun-2013

Taurus Mutual Fund
111915;Taurus Liquid Fund - Regular Plan - SI Growth Option;INF044D01534;;1293.0022;1293.0022;1293.0022;30-Jun-2013
113248;Taurus Liquid Fund - Regular Plan - SI Weekly Dividend Option;;INF044D01526;1000.7052;1000.7052;1000.7052;30-Jun-2013
111703;Taurus Liquid Fund - Regular Plan -SI Daily Dividend Option;;INF044D01518;1000.0905;1000.0905;1000.0905;30-Jun-2013
111547;Taurus Liquid Fund Insti DDRIP;;INF044D01484;1000.0905;1000.0905;1000.0905;30-Jun-2013
111760;Taurus Liquid Fund Insti Growth;INF044D01500;;1316.4440;1316.4440;1316.4440;30-Jun-2013
118891;Taurus Liquid Fund-Direct Plan-SI Daily Dividend Option;;INF044D01DI0;1000.0905;1000.0905;1000.0905;30-Jun-2013
118893;Taurus Liquid Fund-Direct Plan-SI Growth Option;INF044D01DK6;;1293.3358;1293.3358;1293.3358;30-Jun-2013
118892;Taurus Liquid Fund-Direct Plan-SI Weekly Dividend Option;;INF044D01DJ8;1000.7071;1000.7071;1000.7071;30-Jun-2013
104240;Taurus Liquid Fund-Dividend;INF044D01542;INF044D01559;1001.2175;1001.2175;1001.2175;30-Jun-2013
104241;Taurus Liquid Fund-Growth;INF044D01575;;1556.7676;1556.7676;1556.7676;30-Jun-2013

UTI Mutual Fund
120558;UTI Liquid Fund - Direct Plan - Daily IDCW (Reinvestment);;INF789F01XP8;1019.4457;1019.4457;1019.4457;30-Jun-2013
120794;UTI Liquid Fund - Direct Plan - Monthly IDCW;INF789F01XR4;INF789F01XS2;1031.4432;1031.4432;1031.4432;30-Jun-2013
102010;UTI Liquid Fund - Regular Plan - Daily IDCW (Reinvestment);;INF789F01PG3;1019.4457;1019.4457;1019.4457;30-Jun-2013
102011;UTI Liquid Fund - Regular Plan - Monthly IDCW;INF789F01PI9;INF789F01PJ7;1031.367;1031.367;1031.367;30-Jun-2013
102013;UTI Liquid Fund - Regular Plan - Weekly IDCW;;INF789F01PK5;1053.996;1053.996;1053.996;30-Jun-2013
120304;UTI-  Liquid Cash Plan - Direct Plan - Growth Option;INF789F01XQ6;;1965.1281;1965.1281;1965.1281;30-Jun-2013
102012;UTI-  Liquid Cash Plan - Regular Plan - Growth Option;INF789F01PH1;;1964.1552;1964.1552;1964.1552;30-Jun-2013
102008;UTI-  Liquid Cash Plan- Discontinued - Regular Plan - Monthly Dividend Option;INF789F01BC2;INF789F01BA6;1135.7307;1135.7307;0;30-Jun-2013
102009;UTI-  Liquid Cash Plan- Discontinued - Regular Plan -Growth;INF789F01BB4;;1900.9545;1900.9545;0;30-Jun-2013
102007;UTI-  Liquid Cash Plan- Discontinued -Regular Plan Periodic Dividend Option;;INF789F01AZ5;1137.9426;1137.9426;0;30-Jun-2013

Open Ended Schemes ( Debt Scheme - Ultra Short Duration Fund )


SBI Mutual Fund
119784;SBI Ultra Short Duration Fund - Direct Plan - Daily Income Distribution cum Capital Withdrawal Option (IDCW);;INF200K01TG3;1675.03;1673.355;1675.03;30-Jun-2013
119828;SBI ULTRA SHORT DURATION FUND - DIRECT PLAN - GROWTH;INF200K01TF5;;2647.4074;2644.76;2647.4074;30-Jun-2013
119829;SBI Ultra Short Duration Fund - Direct Plan - Weekly Income Distribution cum Capital Withdrawal Option (IDCW);INF200K01TH1;INF200K01TI9;1077.8171;1076.7393;1077.8171;30-Jun-2013
105080;SBI Ultra Short Duration Fund - Regular Plan - Daily Income Distribution cum Capital Withdrawal Option (IDCW);;INF200K01LK2;1675.03;1673.355;1675.03;30-Jun-2013
100641;SBI ULTRA SHORT DURATION FUND - REGULAR PLAN - GROWTH;INF200K01LJ4;;2646.974;2644.327;2646.974;30-Jun-2013
103884;SBI Ultra Short Duration Fund - Regular Plan - Weekly Income Distribution cum Capital Withdrawal Option (IDCW);INF200K01LM8;INF200K01LL0;1077.8162;1076.7384;1077.8162;30-Jun-2013

Open Ended Schemes ( Debt Scheme - Money Market Fund )


Tata Mutual Fund
119423;Tata Liquid Fund- Direct Plan- Monthly Dividend;INF277K01PS4;INF277K01PT2;1000.4965;1000.4965;1000.4965;30-Jun-2013
119422;Tata Liquid Fund- Direct Plan- Weekly Dividend;INF277K013C2;;1001.8345;1001.8345;1001.8345;30-Jun-2013
119421;Tata Money Market Fund- Direct Plan - Daily Reinvestment of IDCW Option;;INF277K011C6;1114.5200;1114.5200;1114.5200;30-Jun-2013
119424;Tata Money Market Fund- Direct Plan- Growth Option;INF277K01PR6;;2212.5469;2212.5469;2212.5469;30-Jun-2013
101986;Tata Money Market Fund- Regular Plan - Daily Reinvestment of IDCW Option;;INF277K014C0;1114.5200;1114.5200;1114.5200;30-Jun-2013
101847;Tata Money Market Fund-Regular Plan - Growth Option;INF277K01LQ7;;2211.6666;2211.6666;2211.6666;30-Jun-2013

UTI Mutual Fund
120299;UTI MMF - Direct Plan - Growth Option;INF789F01XV6;;1342.2122;1342.2122;1342.2122;30-Jun-2013
112077;UTI MMF - Regular Plan - Growth Option;INF789F01PX8;;1341.5483;1341.5483;1341.5483;30-Jun-2013
100724;UTI MMF- Discontinued - Regular Plan - Flexi Dividend Option;;INF789F01BD0;2007.1211;2007.1211;0;30-Jun-2013
100725;UTI MMF- Discontinued - Regular Plan - Periodic Dividend Option;INF789F01BE8;;1997.6545;1997.6545;0;30-Jun-2013
100723;UTI MMF-Discontinued - Regular Plan -Growth;INF789F01BF5;;3288.348;3288.348;0;30-Jun-2013
120772;UTI Money Market Fund - Direct Plan - Daily IDCW (Reinvestment);;INF789F01XU8;1003.3854;1003.3854;1003.3854;30-Jun-2013
120793;UTI Money Market Fund - Direct Plan - Weekly IDCW;INF789F01XW4;INF789F01XX2;1015.4437;1015.4437;1015.4437;30-Jun-2013
112076;UTI Money Market Fund - Regular Plan - Daily IDCW (Reinvestment);;INF789F01PW0;1003.3854;1003.3854;1003.3854;30-Jun-2013
112635;UTI Money Market Fund - Regular Plan - Weekly IDCW;INF789F01PY6;INF789F01PZ3;1015.4297;1015.4297;1015.4297;30-Jun-2013

Open Ended Schemes ( Debt Scheme - Floater Fund )


Franklin Templeton Mutual Fund
118508;Franklin India Floating Rate Fund - Direct - Growth;INF090I01LK1;;19.4381;19.4381;19.4381;30-Jun-2013
118507;Franklin India Floating Rate Fund - Direct - IDCW ;INF090I01LL9;;10.0099;10.0099;10.0099;30-Jun-2013
101048;Franklin India Floating Rate Fund - Growth Plan;INF090I01LM7;;19.3856;19.3856;19.3856;30-Jun-2013
101044;Franklin India Floating Rate Fund - IDCW ;INF090I01LN5;;10.0091;10.0091;10.0091;30-Jun-2013

Close Ended Schemes ( Income )


SBI Mutual Fund
114781;SBI Capital Protection Oriented Fund - Series II -;INF200K01ED2;;11.8097;N.A.;N.A.;30-Jun-2013
115824;SBI Capital Protection Oriented Fund - Series III - Growth;INF200K01IH4;;11.4933;N.A.;N.A.;30-Jun-2013
121468;SBI DEBT FUND SERIES - 13 MONTHS - 14 - DIRECT PLAN - DIVIDEND;INF200K01WZ7;;N.A.;N.A.;N.A.;30-Jun-2013
121469;SBI DEBT FUND SERIES - 13 MONTHS - 14 - DIRECT PLAN - GROWTH;INF200K01WY0;;10.3409;N.A.;N.A.;30-Jun-2013
121470;SBI DEBT FUND SERIES - 13 MONTHS - 14 - REGULAR PLAN - DIVIDEND;INF200K01WX2;;10.3376;N.A.;N.A.;30-Jun-2013
121471;SBI DEBT FUND SERIES - 13 MONTHS - 14 - REGULAR PLAN - GROWTH;INF200K01WW4;;10.3376;N.A.;N.A.;30-Jun-2013
121695;SBI DEBT FUND SERIES - 13 MONTHS - 15 - DIRECT PLAN - DIVIDEND;INF200K01XD2;;10.3211;N.A.;N.A.;30-Jun-2013
121696;SBI DEBT FUND SERIES - 13 MONTHS - 15 - REGULAR PLAN - DIVIDEND;INF200K01XB6;;10.3196;N.A.;N.A.;30-Jun-2013
121697;SBI DEBT FUND SERIES - 13 MONTHS - 15 - REGULAR PLAN - GROWTH;INF200K01XA8;;10.3202;N.A.;N.A.;30-Jun-2013
121698;SBI DEBT FUND SERIES - 13 MONTHS - 15- DIRECT PLAN - GROWTH;INF200K01XC4;;10.3212;N.A.;N.A.;30-Jun-2013
121305;SBI DEBT FUND SERIES - 14 MONTHS - 1 - DIRECT PLAN - DIVIDEND;INF200K01XH3;;10.3717;N.A.;N.A.;30-Jun-2013
121306;SBI DEBT FUND SERIES - 14 MONTHS - 1 - DIRECT PLAN - GROWTH;INF200K01XG5;;10.3717;N.A.;N.A.;30-Jun-2013
121303;SBI DEBT FUND SERIES - 14 MONTHS - 1 - REGULAR PLAN - DIVIDEND;INF200K01XF7;;10.3681;N.A.;N.A.;30-Jun-2013
121304;SBI DEBT FUND SERIES - 14 MONTHS - 1 - REGULAR PLAN - GROWTH;INF200K01XE0;;10.3681;N.A.;N.A.;30-Jun-2013
122015;SBI DEBT FUND SERIES - 14 MONTHS - 2 - DIRECT PLAN - DIVIDEND;INF200K01XL5;;10.2613;N.A.;N.A.;30-Jun-2013
122017;SBI DEBT FUND SERIES - 14 MONTHS - 2 - DIRECT PLAN - GROWTH;INF200K01XK7;;10.2613;N.A.;N.A.;30-Jun-2013
122016;SBI DEBT FUND SERIES - 14 MONTHS - 2 - REGULAR PLAN - DIVIDEND;INF200K01XJ9;;10.2599;N.A.;N.A.;30-Jun-2013
122018;SBI DEBT FUND SERIES - 14 MONTHS - 2 - REGULAR PLAN - GROWTH;INF200K01XI1;;10.2599;N.A.;N.A.;30-Jun-2013
116408;SBI DEBT FUND SERIES - 18 MONTHS - 10 - DIVIDEND;INF200K01LI6;;11.369;N.A.;N.A.;30-Jun-2013
116407;SBI DEBT FUND SERIES - 18 MONTHS - 10 - GROWTH;INF200K01LH8;;11.369;N.A.;N.A.;30-Jun-2013
117983;SBI DEBT FUND SERIES - 18 MONTHS - 11 - DIVIDEND;INF200K01PW8;;10.6097;N.A.;N.A.;30-Jun-2013
117984;SBI DEBT FUND SERIES - 18 MONTHS - 11 - GROWTH;INF200K01PV0;;10.6097;N.A.;N.A.;30-Jun-2013
115263;SBI SDFS - 36 MONTHS - 1 - DIVIDEND;INF200K01EC4;;10.8023;N.A.;N.A.;30-Jun-2013
115262;SBI SDFS - 36 MONTHS - 1 - GROWTH;INF200K01EB6;;12.2158;N.A.;N.A.;30-Jun-2013
120908;SBI DEBT FUND SERIES - 36 MONTHS - 2 - DIRECT PLAN - DIVIDEND;INF200K01QM7;;10.4203;N.A.;N.A.;30-Jun-2013
120911;SBI DEBT FUND SERIES - 36 MONTHS - 2 - DIRECT PLAN - GROWTH;INF200K01QL9;;10.4203;N.A.;N.A.;30-Jun-2013
120909;SBI DEBT FUND SERIES - 36 MONTHS - 2 - REGULAR PLAN - DIVIDEND;INF200K01QH7;;10.3941;N.A.;N.A.;30-Jun-2013
120910;SBI DEBT FUND SERIES - 36 MONTHS - 2 - REGULAR PLAN - GROWTH;INF200K01QG9;;10.3941;N.A.;N.A.;30-Jun-2013
117739;SBI DEBT FUND SERIES - 366 DAYS - 10 - DIVIDEND;INF200K01NY9;;10.8363;N.A.;N.A.;30-Jun-2013
117740;SBI DEBT FUND SERIES - 366 DAYS - 10 - GROWTH;INF200K01NX1;;10.8363;N.A.;N.A.;30-Jun-2013
117780;SBI DEBT FUND SERIES - 366 DAYS - 11 - DIVIDEND;INF200K01OY7;;10.7918;N.A.;N.A.;30-Jun-2013
117781;SBI DEBT FUND SERIES - 366 DAYS - 11 - GROWTH;INF200K01OX9;;10.7918;N.A.;N.A.;30-Jun-2013
117822;SBI DEBT FUND SERIES - 366 DAYS - 12 - DIVIDEND;INF200K01PA4;;10.7602;N.A.;N.A.;30-Jun-2013
117821;SBI DEBT FUND SERIES - 366 DAYS - 12 - GROWTH;INF200K01OZ4;;10.7602;N.A.;N.A.;30-Jun-2013
117833;SBI DEBT FUND SERIES - 366 DAYS - 13 - DIVIDEND;INF200K01PC0;;10.6999;N.A.;N.A.;30-Jun-2013
117832;SBI DEBT FUND SERIES - 366 DAYS - 13 - GROWTH;INF200K01PB2;;10.6999;N.A.;N.A.;30-Jun-2013
117857;SBI DEBT FUND SERIES - 366 DAYS - 14 - DIVIDEND;INF200K01PE6;;10.718;N.A.;N.A.;30-Jun-2013
117858;SBI DEBT FUND SERIES - 366 DAYS - 14 - GROWTH;INF200K01PD8;;10.718;N.A.;N.A.;30-Jun-2013
117917;SBI DEBT FUND SERIES - 366 DAYS - 15 - DIVIDEND;INF200K01PG1;;10.6651;N.A.;N.A.;30-Jun-2013
117918;SBI DEBT FUND SERIES - 366 DAYS - 15 - GROWTH;INF200K01PF3;;10.6651;N.A.;N.A.;30-Jun-2013
117987;SBI DEBT FUND SERIES - 366 DAYS - 16 - DIVIDEND;INF200K01PI7;;10.5654;N.A.;N.A.;30-Jun-2013
117986;SBI DEBT FUND SERIES - 366 DAYS - 16 - GROWTH;INF200K01PH9;;10.5654;N.A.;N.A.;30-Jun-2013
117997;SBI DEBT FUND SERIES - 366 DAYS - 17 - DIVIDEND;INF200K01PK3;;10.5435;N.A.;N.A.;30-Jun-2013
117996;SBI DEBT FUND SERIES - 366 DAYS - 17 - GROWTH;INF200K01PJ5;;10.5435;N.A.;N.A.;30-Jun-2013
118011;SBI DEBT FUND SERIES - 366 DAYS - 18 - DIVIDEND;INF200K01PM9;;10.5242;N.A.;N.A.;30-Jun-2013
118012;SBI DEBT FUND SERIES - 366 DAYS - 18 - GROWTH;INF200K01PL1;;10.5242;N.A.;N.A.;30-Jun-2013
118218;SBI DEBT FUND SERIES - 366 DAYS - 19 - DIVIDEND;INF200K01PO5;;10.489;N.A.;N.A.;30-Jun-2013
118219;SBI DEBT FUND SERIES - 366 DAYS - 19 - GROWTH;INF200K01PN7;;10.489;N.A.;N.A.;30-Jun-2013
118352;SBI DEBT FUND SERIES - 366 DAYS - 20 - DIVIDEND;INF200K01PQ0;;10.4383;N.A.;N.A.;30-Jun-2013
118351;SBI DEBT FUND SERIES - 366 DAYS - 20 - GROWTH;INF200K01PP2;;10.4376;N.A.;N.A.;30-Jun-2013
118333;SBI DEBT FUND SERIES - 366 DAYS - 21 - DIVIDEND;INF200K01PS6;;10.4483;N.A.;N.A.;30-Jun-2013
118334;SBI DEBT FUND SERIES - 366 DAYS - 21 - GROWTH;INF200K01PR8;;10.454;N.A.;N.A.;30-Jun-2013
121395;SBI DEBT FUND SERIES - 366 DAYS - 22 - DIRECT PLAN - DIVIDEND;INF200K01YP4;;N.A.;N.A.;N.A.;30-Jun-2013
121396;SBI DEBT FUND SERIES - 366 DAYS - 22 - DIRECT PLAN - GROWTH;INF200K01YO7;;10.3865;N.A.;N.A.;30-Jun-2013
121397;SBI DEBT FUND SERIES - 366 DAYS - 22 - REGULAR PLAN - DIVIDEND;INF200K01PU2;;10.3829;N.A.;N.A.;30-Jun-2013
121398;SBI DEBT FUND SERIES - 366 DAYS - 22 - REGULAR PLAN - GROWTH;INF200K01PT4;;10.3829;N.A.;N.A.;30-Jun-2013
121923;SBI DEBT FUND SERIES - 366 DAYS - 23 - DIRECT PLAN - DIVIDEND;INF200K01VX4;;10.296;N.A.;N.A.;30-Jun-2013
121924;SBI DEBT FUND SERIES - 366 DAYS - 23 - DIRECT PLAN - GROWTH;INF200K01VW6;;10.296;N.A.;N.A.;30-Jun-2013
121926;SBI DEBT FUND SERIES - 366 DAYS - 23 - REGULAR PLAN - DIVIDEND;INF200K01VV8;;10.2946;N.A.;N.A.;30-Jun-2013
121925;SBI DEBT FUND SERIES - 366 DAYS - 23 - REGULAR PLAN - GROWTH;INF200K01VU0;;10.2946;N.A.;N.A.;30-Jun-2013
122011;SBI DEBT FUND SERIES - 366 DAYS - 24 - DIRECT PLAN - DIVIDEND;INF200K01WB8;;10.2787;N.A.;N.A.;30-Jun-2013
122012;SBI DEBT FUND SERIES - 366 DAYS - 24 - DIRECT PLAN - GROWTH;INF200K01WA0;;10.2754;N.A.;N.A.;30-Jun-2013
122013;SBI DEBT FUND SERIES - 366 DAYS - 24 - REGULAR PLAN - DIVIDEND;INF200K01VZ9;;10.2772;N.A.;N.A.;30-Jun-2013
122014;SBI DEBT FUND SERIES - 366 DAYS - 24 - REGULAR PLAN - GROWTH;INF200K01VY2;;10.2772;N.A.;N.A.;30-Jun-2013
122145;SBI DEBT FUND SERIES - 366 DAYS - 25 - DIRECT PLAN - DIVIDEND;INF200K01WF9;;10.2417;N.A.;N.A.;30-Jun-2013
122146;SBI DEBT FUND SERIES - 366 DAYS - 25 - DIRECT PLAN - GROWTH;INF200K01WE2;;10.2417;N.A.;N.A.;30-Jun-2013
122147;SBI DEBT FUND SERIES - 366 DAYS - 25 - REGULAR PLAN - DIVIDEND;INF200K01WD4;;10.2404;N.A.;N.A.;30-Jun-2013
122144;SBI DEBT FUND SERIES - 366 DAYS - 25 - REGULAR PLAN - GROWTH;INF200K01WC6;;10.2404;N.A.;N.A.;30-Jun-2013
122253;SBI DEBT FUND SERIES - 366 DAYS - 26 - DIRECT PLAN - DIVIDEND;INF200K01WJ1;;10.1869;N.A.;N.A.;30-Jun-2013
122254;SBI DEBT FUND SERIES - 366 DAYS - 26 - DIRECT PLAN - GROWTH;INF200K01WI3;;10.1869;N.A.;N.A.;30-Jun-2013
122255;SBI DEBT FUND SERIES - 366 DAYS - 26 - REGULAR PLAN - DIVIDEND;INF200K01WH5;;10.1858;N.A.;N.A.;30-Jun-2013
122256;SBI DEBT FUND SERIES - 366 DAYS - 26 - REGULAR PLAN - GROWTH;INF200K01WG7;;10.1858;N.A.;N.A.;30-Jun-2013
122348;SBI DEBT FUND SERIES - 366 DAYS - 27 - DIRECT PLAN - DIVIDEND;INF200K01WN3;;10.1747;N.A.;N.A.;30-Jun-2013
122349;SBI DEBT FUND SERIES - 366 DAYS - 27 - DIRECT PLAN - GROWTH;INF200K01WM5;;10.1747;N.A.;N.A.;30-Jun-2013
122346;SBI DEBT FUND SERIES - 366 DAYS - 27 - REGULAR PLAN - DIVIDEND;INF200K01WL7;;10.1738;N.A.;N.A.;30-Jun-2013
122347;SBI DEBT FUND SERIES - 366 DAYS - 27 - REGULAR PLAN - GROWTH;INF200K01WK9;;10.1738;N.A.;N.A.;30-Jun-2013
122406;SBI DEBT FUND SERIES - 366 DAYS - 28 - DIRECT PLAN - DIVIDEND;INF200K01WR4;;10.1799;N.A.;N.A.;30-Jun-2013
122407;SBI DEBT FUND SERIES - 366 DAYS - 28 - DIRECT PLAN - GROWTH;INF200K01WQ6;;10.1799;N.A.;N.A.;30-Jun-2013
122405;SBI DEBT FUND SERIES - 366 DAYS - 28 - REGULAR PLAN - DIVIDEND;INF200K01WP8;;10.1789;N.A.;N.A.;30-Jun-2013
122408;SBI DEBT FUND SERIES - 366 DAYS - 28 - REGULAR PLAN - GROWTH;INF200K01WO1;;10.1789;N.A.;N.A.;30-Jun-2013
122619;SBI DEBT FUND SERIES - 366 DAYS - 29 - DIRECT PLAN - DIVIDEND;INF200K01WV6;;N.A.;N.A.;N.A.;30-Jun-2013
122621;SBI DEBT FUND SERIES - 366 DAYS - 29 - DIRECT PLAN - GROWTH;INF200K01WU8;;10.0793;N.A.;N.A.;30-Jun-2013
122620;SBI DEBT FUND SERIES - 366 DAYS - 29 - REGULAR PLAN - DIVIDEND;INF200K01WT0;;10.0789;N.A.;N.A.;30-Jun-2013
122622;SBI DEBT FUND SERIES - 366 DAYS - 29 - REGULAR PLAN - GROWTH;INF200K01WS2;;10.0789;N.A.;N.A.;30-Jun-2013
122788;SBI DEBT FUND SERIES - 366 DAYS - 30 - DIRECT PLAN - DIVIDEND;INF200K01YX8;;10.044;N.A.;N.A.;30-Jun-2013
122790;SBI DEBT FUND SERIES - 366 DAYS - 30 - DIRECT PLAN - GROWTH;INF200K01YW0;;10.044;N.A.;N.A.;30-Jun-2013
122791;SBI DEBT FUND SERIES - 366 DAYS - 30 - REGULAR PLAN - DIVIDEND;INF200K01YV2;;10.0439;N.A.;N.A.;30-Jun-2013
122789;SBI DEBT FUND SERIES - 366 DAYS - 30 - REGULAR PLAN - GROWTH;INF200K01YU4;;10.0439;N.A.;N.A.;30-Jun-2013
117695;SBI DEBT FUND SERIES - 366 DAYS - 8 - DIVIDEND;INF200K01NU7;;10.8824;N.A.;N.A.;30-Jun-2013
117696;SBI DEBT FUND SERIES - 366 DAYS - 8 - GROWTH;INF200K01NT9;;10.8824;N.A.;N.A.;30-Jun-2013
117707;SBI DEBT FUND SERIES - 366 DAYS - 9 - DIVIDEND;INF200K01NW3;;10.8334;N.A.;N.A.;30-Jun-2013
117708;SBI DEBT FUND SERIES - 366 DAYS - 9 - GROWTH;INF200K01NV5;;10.8334;N.A.;N.A.;30-Jun-2013
113321;SBI Debt Fund Series - 60 Months - 1 - Dividend;INF200K01CQ8;;12.3229;N.A.;N.A.;30-Jun-2013
113401;SBI Debt Fund Series - 60 Months - 1 - Growth;INF200K01CP0;;12.3228;N.A.;N.A.;30-Jun-2013
118220;SBI DEBT FUND SERIES - 60 MONTHS - 2 - DIVIDEND;INF200K01QD6;;10.5407;N.A.;N.A.;30-Jun-2013
118221;SBI DEBT FUND SERIES - 60 MONTHS - 2 - GROWTH;INF200K01QC8;;10.5407;N.A.;N.A.;30-Jun-2013
120901;SBI DEBT FUND SERIES - 60 MONTHS - 3 - DIRECT PLAN - DIVIDEND;INF200K01QQ8;;10.4376;N.A.;N.A.;30-Jun-2013
120900;SBI DEBT FUND SERIES - 60 MONTHS - 3 - DIRECT PLAN - GROWTH;INF200K01QP0;;10.4375;N.A.;N.A.;30-Jun-2013
120899;SBI DEBT FUND SERIES - 60 MONTHS - 3 - REGULAR PLAN - DIVIDEND;INF200K01QF1;;10.4141;N.A.;N.A.;30-Jun-2013
120898;SBI DEBT FUND SERIES - 60 MONTHS - 3 - REGULAR PLAN - GROWTH;INF200K01QE4;;10.4141;N.A.;N.A.;30-Jun-2013
