Scheme Code;Scheme Name;ISIN Div Payout/ISIN Growth;ISIN Div Reinvestment;Net Asset Value;Repurchase Price;Sale Price;Date

Open Ended Schemes ( Liquid )


PGIM India Mutual Fund
120102;DHFL Pramerica Liquid Fund - Direct Plan-Daily Dividend Option;;INF663L01633;1000.4200;1000.4200;1000.4200;21-Jun-2014
120104;DHFL Pramerica Liquid Fund - Direct Plan-Growth Option;INF663L01625;;1397.0261;1397.0261;1397.0261;21-Jun-2014
120105;DHFL Pramerica Liquid Fund - Direct Plan-Monthly Dividend Option;INF663L01682;INF663L01666;1006.4201;1006.4201;1006.4201;21-Jun-2014
120106;DHFL Pramerica Liquid Fund - Direct Plan-Weekly Dividend - Option;;INF663L01641;1000.9892;1000.9892;1000.9892;21-Jun-2014
113184;DHFL Pramerica Liquid Fund - Dividend Option - Daily;;INF663L01088;1000.3700;1000.3700;1000.3700;21-Jun-2014
113187;DHFL Pramerica Liquid Fund - Dividend Option - Fortnightly;INF663L01120;INF663L01104;1002.3707;1002.3707;1002.3707;21-Jun-2014
113186;DHFL Pramerica Liquid Fund - Dividend Option - Monthly;INF663L01138;INF663L01112;1006.2055;1006.2055;1006.2055;21-Jun-2014
113183;DHFL Pramerica Liquid Fund - Growth Option;INF663L01070;;1395.0923;1395.0923;1395.0923;21-Jun-2014
113185;DHFL Pramerica Liquid Fund -Dividend Option- Weekly;;INF663L01096;1000.9404;1000.9404;1000.9404;21-Jun-2014
122257;DHFL Pramerica Liquid Fund-Bonus Option;INF663L01BD5;;1394.8649;1394.8649;1394.8649;21-Jun-2014
122258;DHFL Pramerica Liquid Fund-Direct Plan-Bonus Option;INF663L01BE3;;1396.6759;1396.6759;1396.6759;21-Jun-2014

PineBridge Mutual Fund
119355;PineBridge India Liquid Fund- Direct Plan- Daily Dividend Option;;INF178L01AV8;1001.0000;1001.0000;1001.0000;21-Jun-2014
119360;PineBridge India Liquid Fund- Direct Plan- Growth Option;INF178L01AP0;;1638.9005;1638.9005;1638.9005;21-Jun-2014
106513;PineBridge India Liquid Fund- Standard Plan-Daily Dividend Option;;INF178L01699;1001.0000;1001.0000;1001.0000;21-Jun-2014
106508;PineBridge India Liquid Fund- Standard Plan-Growth Option;INF178L01715;;1637.0001;1637.0001;1637.0001;21-Jun-2014
106519;PineBridge India Liquid Fund- Standard Plan-Monthly Dividend Option;INF178L01723;INF178L01731;1006.4644;1006.4644;1006.4644;21-Jun-2014
106520;PineBridge India Liquid Fund- Standard Plan-Quarterly Dividend Option;INF178L01749;INF178L01756;1020.3981;1020.3981;1020.3981;21-Jun-2014
106509;PineBridge India Liquid Fund- Standard Plan-Weekly Dividend Option;;INF178L01764;1002.0690;1002.0690;1002.0690;21-Jun-2014
106503;PineBridge India Liquid Fund-Retail Plan-DailyDividend Option;;INF178L01533;1001.0000;1001.0000;1001.0000;21-Jun-2014
106514;PineBridge India Liquid Fund-Retail Plan-Growth Option;INF178L01558;;1599.0682;1599.0682;1599.0682;21-Jun-2014
106504;PineBridge India Liquid Fund-Retail Plan-Monthly Dividend Option;INF178L01566;INF178L01574;1006.4564;1006.4564;1006.4564;21-Jun-2014
106510;PineBridge India Liquid Fund-Retail Plan-Weekly Dividend Option;;INF178L01608;1002.0686;1002.0686;1002.0686;21-Jun-2014

Sahara Mutual Fund
101397;Sahara Liquid Fund-Fixed Pricing -  Weekly Dividend Option;;INF515L01064;1027.4373;1027.4373;1027.4373;21-Jun-2014
101393;Sahara Liquid Fund-Fixed Pricing - Daily Dividend Option;;INF515L01049;1038.5715;1038.5715;1038.5715;21-Jun-2014
120265;Sahara Liquid Fund-Fixed Pricing - Direct - Weekly Dividend Option;;INF515L01668;1027.4373;1027.4373;1027.4373;21-Jun-2014
120262;Sahara Liquid Fund-Fixed Pricing - Direct -Growth option;INF515L01650;;2343.5612;2343.5612;2343.5612;21-Jun-2014
101394;Sahara Liquid Fund-Fixed Pricing - Growth option;INF515L01056;;2342.8413;2342.8413;2342.8413;21-Jun-2014
101398;Sahara Liquid Fund-Fixed Pricing - Monthly Dividend Option;;INF515L01072;1043.3721;1043.3721;1043.3721;21-Jun-2014
120253;Sahara Liquid Fund-Fixed Pricing -Direct - Daily Dividend Option- Direct;;INF515L01643;1038.5715;1038.5715;1038.5715;21-Jun-2014
120266;Sahara Liquid Fund-Fixed Pricing -Direct - Monthly Dividend Option;;INF515L01676;1043.3721;1043.3721;1043.3721;21-Jun-2014
101399;Sahara Liquid Fund-Variable Pricing - Daily Dividend option;;INF515L01080;1038.6234;1038.6234;1038.6234;21-Jun-2014
101402;Sahara Liquid Fund-Variable Pricing - Growth option;INF515L01114;;2368.2414;2368.2414;2368.2414;21-Jun-2014
101400;Sahara Liquid Fund-Variable Pricing - Weekly Dividend Option;;INF515L01098;1044.3133;1044.3133;1044.3133;21-Jun-2014
120271;Sahara Liquid Fund-Variable Pricing -Direct - Daily Dividend option;;INF515L01684;1038.6400;1038.6400;1038.6400;21-Jun-2014
120280;Sahara Liquid Fund-Variable Pricing -Direct - Growth option;INF515L01718;;2369.5546;2369.5546;2369.5546;21-Jun-2014
120272;Sahara Liquid Fund-Variable Pricing -Direct - Weekly Dividend Option;;INF515L01692;1044.3133;1044.3133;1044.3133;21-Jun-2014
120273;Sahara Liquid Fund-Variable Pricing- Direct - Monthly Dividend Option;;INF515L01700;1053.0762;1053.0762;1053.0762;21-Jun-2014
101401;Sahara Liquid Fund-Variable Pricing- Monthly Dividend Option;;INF515L01106;1049.8844;1049.8844;1049.8844;21-Jun-2014

Open Ended Schemes ( Debt Scheme - Overnight Fund )


SBI Mutual Fund
119831;SBI Overnight Fund - Direct Plan - Daily Income Distribution cum Capital Withdrawal Option (IDCW);;INF200K01TJ7;1009.9100;1004.8605;1009.9100;21-Jun-2014
119833;SBI OVERNIGHT FUND - DIRECT PLAN - GROWTH;INF200K01TK5;;2243.7227;2232.5041;2243.7227;21-Jun-2014
119832;SBI Overnight Fund - Direct Plan - Weekly Income Distribution cum Capital Withdrawal Option (IDCW);INF200K01TL3;INF200K01TM1;1031.1904;1026.0344;1031.1904;21-Jun-2014
114297;SBI Overnight Fund - Regular Plan - Daily Income Distribution cum Capital Withdrawal Option (IDCW);;INF200K01LN6;1009.9100;1004.8605;1009.9100;21-Jun-2014
101206;SBI OVERNIGHT FUND - REGULAR PLAN - GROWTH;INF200K01LQ9;;2238.4944;2227.3019;2238.4944;21-Jun-2014
103140;SBI Overnight Fund - Regular Plan - Weekly Income Distribution cum Capital Withdrawal Option (IDCW);INF200K01LO4;INF200K01LP1;1031.1903;1026.0343;1031.1903;21-Jun-2014

Open Ended Schemes ( Debt Scheme - Liquid Fund )


Axis Mutual Fund
128954;Axis Liquid Fund - Direct plan - Bonus Option;INF846K01NH4;;1451.1432;1451.1432;1451.1432;21-Jun-2014
120388;Axis Liquid Fund - Direct Plan - Daily IDCW;;INF846K01DA0;1000.3096;1000.3096;1000.3096;21-Jun-2014
120389;Axis Liquid Fund - Direct Plan - Growth Option;INF846K01CX4;;1451.1430;1451.1430;1451.1430;21-Jun-2014
120391;Axis Liquid Fund - Direct Plan - Monthly IDCW;INF846K01CY2;INF846K01CZ9;1006.2736;1006.2736;1006.2736;21-Jun-2014
120390;Axis Liquid Fund - Direct Plan - Weekly IDCW;INF846K01DB8;INF846K01DC6;1003.2743;1003.2743;1003.2743;21-Jun-2014
112211;Axis Liquid Fund - Regular Plan - Daily IDCW;;INF846K01420;1000.3096;1000.3096;1000.3096;21-Jun-2014
112210;Axis Liquid Fund - Regular Plan - Growth Option;INF846K01412;;1449.7094;1449.7094;1449.7094;21-Jun-2014
112213;Axis Liquid Fund - Regular Plan - Monthly IDCW;INF846K01453;INF846K01461;1006.2891;1006.2891;1006.2891;21-Jun-2014
112212;Axis Liquid Fund - Regular Plan - Weekly IDCW;INF846K01438;INF846K01446;1003.2660;1003.2660;1003.2660;21-Jun-2014
112712;Axis Liquid Fund - Retail Plan - Daily IDCW;;INF846K01362;1000.3096;1000.3096;1000.3096;21-Jun-2014
112713;Axis Liquid Fund - Retail Plan - Growth Option;INF846K01354;;1404.2646;1404.2646;1404.2646;21-Jun-2014
112714;Axis Liquid Fund - Retail Plan - Monthly IDCW;INF846K01396;INF846K01404;1005.8730;1005.8730;1005.8730;21-Jun-2014
112715;Axis Liquid Fund - Retail Plan - Weekly IDCW;INF846K01370;INF846K01388;1001.3165;1001.3165;1001.3165;21-Jun-2014

Canara Robeco Mutual Fund
118307;CANARA ROBECO LIQUID FUND - DIRECT PLAN - DAILY IDCW (Reinvestment);;INF760K01FS0;1005.5000;1005.5000;1005.5000;21-Jun-2014
118305;CANARA ROBECO LIQUID FUND - DIRECT PLAN - GROWTH OPTION;INF760K01FU6;;1592.0009;1592.0009;1592.0009;21-Jun-2014
118304;CANARA ROBECO LIQUID FUND - DIRECT PLAN - IDCW (Payout/Reinvestment);INF760K01FT8;;1139.7738;1139.7738;1139.7738;21-Jun-2014
118306;CANARA ROBECO LIQUID FUND - DIRECT PLAN - MONTHLY IDCW (Payout/Reinvestment);INF760K01FV4;INF760K01FW2;1005.7307;1005.7307;1005.7307;21-Jun-2014
118308;CANARA ROBECO LIQUID FUND - DIRECT PLAN - WEEKLY IDCW (Payout/Reinvestment);INF760K01FY8;INF760K01FX0;1000.7086;1000.7086;1000.7086;21-Jun-2014
109349;CANARA ROBECO LIQUID FUND - REGULAR PLAN - DAILY IDCW (Reinvestment);;INF760K01CU3;1005.5000;1005.5000;1005.5000;21-Jun-2014
109353;CANARA ROBECO LIQUID FUND - REGULAR PLAN - GROWTH OPTION;INF760K01CW9;;1590.6959;1590.6959;1590.6959;21-Jun-2014
109351;CANARA ROBECO LIQUID FUND - REGULAR PLAN - MONTHLY IDCW (Payout/Reinvestment);INF760K01CX7;INF760K01CY5;1005.6772;1005.6772;1005.6772;21-Jun-2014
109350;CANARA ROBECO LIQUID FUND - REGULAR PLAN - WEEKLY IDCW (Payout/Reinvestment);INF760K01BZ4;INF760K01CZ2;1000.7028;1000.7028;1000.7028;21-Jun-2014
101363;Canara Robeco Liquid Fund- INSTITUTIONAL-Daily Dividend Reinvestment;;INF760K01CC1;1005.5000;1005.5000;1005.5000;21-Jun-2014
101362;Canara Robeco Liquid Fund- INSTITUTIONAL-Growth;INF760K01CD9;;2337.8156;2337.8156;2337.8156;21-Jun-2014
101364;Canara Robeco Liquid Fund-Retail-DRI;;INF760K01CF4;1007.0000;1007.0000;1007.0000;21-Jun-2014
101365;Canara Robeco Liquid Fund-Retail-Growth;INF760K01CH0;;2285.4111;2285.4111;2285.4111;21-Jun-2014
109347;Canara Robeco Liquid Fund-Retail-Monthly Div Reinvest;;INF760K01CI8;1010.4270;1010.4270;1010.4270;21-Jun-2014
109356;Canara Robeco Liquid Fund-Retail-Weekly Div Reinvest;;INF760K01CJ6;1006.1054;1006.1054;1006.1054;21-Jun-2014

Groww Mutual Fund
119135;Groww Liquid Fund ( formerly known as Indiabulls Liquid )Fund - Direct Plan - Growth Option;INF666M01451;;1273.3669;1273.3669;1273.3669;21-Jun-2014
119136;Groww Liquid Fund (formerly known as Indiabulls Liquid Fund) - Direct Plan- - Income Distribution cum capital withdrawal Option ( Reinvestment);;INF666M01469;1000.4324;1000.4324;1000.4324;21-Jun-2014
115991;Groww Liquid Fund (formerly known as Indiabulls Liquid Fund) - Regular Plan - Growth Option;INF666M01014;;1271.6465;1271.6465;1271.6465;21-Jun-2014
115992;Groww Liquid Fund (formerly known as Indiabulls Liquid Fund)- Regular Plan- - Income Distribution cum capital withdrawal Option (Reinvestment);;INF666M01022;1000.5175;1000.5175;1000.5175;21-Jun-2014
115993;Groww Liquid Fund (formerly known as Indiabulls Liquid Fund)- Regular Plan- Weekly - Income Distribution cum capital withdrawal Option (Payout & Reinvestment);INF666M01089;INF666M01030;1001.3332;1001.3332;1001.3332;21-Jun-2014

quant Mutual Fund
120837;quant Liquid Fund - Growth Option - Direct Plan;INF966L01820;;20.3304;20.3304;20.3304;21-Jun-2014
103225;quant Liquid Fund - Growth Option - Regular Plan;INF966L01317;;20.2663;20.2663;20.2663;21-Jun-2014
120838;quant Liquid Fund - Monthly IDCW Option - Direct Plan;INF966L01796;INF966L01812;15.1951;15.1951;15.1951;21-Jun-2014
103228;quant Liquid Fund - Monthly IDCW Option - Regular Plan;INF966L01291;INF966L01309;15.1303;15.1303;15.1303;21-Jun-2014
120839;quant Liquid Fund - Weekly IDCW Option - Direct Plan;INF966L01788;INF966L01804;13.5299;13.5299;13.5299;21-Jun-2014
103227;quant Liquid Fund - Weekly IDCW Option - Regular Plan;INF966L01499;INF966L01283;13.5174;13.5174;13.5174;21-Jun-2014
120836;quant Liquid Fund-Daily IDCW Option - Direct Plan;;INF966L01770;13.7916;13.7916;13.7916;21-Jun-2014
103226;quant Liquid Fund-Daily IDCW Option - Regular Plan;;INF966L01275;13.7317;13.7317;13.7317;21-Jun-2014

SBI Mutual Fund
119804;SBI Liquid Fund - Direct Paln - Fortnightly Income Distribution cum Capital Withdrawal Option (IDCW);INF200K01UR8;INF200K01US6;1011.8588;1011.8588;1011.8588;21-Jun-2014
119805;SBI Liquid Fund - Direct Plan - Daily Income Distribution cum Capital Withdrawal Option (IDCW);;INF200K01UQ0;1003.2500;1003.2500;1003.2500;21-Jun-2014
119799;SBI Liquid Fund - Direct Plan - Weekly Income Distribution cum Capital Withdrawal Option (IDCW);INF200K01UU2;INF200K01UV0;1061.0596;1061.0596;1061.0596;21-Jun-2014
119800;SBI Liquid Fund - DIRECT PLAN -Growth;INF200K01UT4;;2058.1342;2058.1342;2058.1342;21-Jun-2014
105274;SBI Liquid Fund - Institutional - Growth;INF200K01LU1;;2075.4866;2075.4866;2075.4866;21-Jun-2014
105275;SBI Liquid Fund - Institutional Daily Income Distribution cum Capital Withdrawal Option (IDCW);;INF200K01LR7;1003.2500;1003.2500;1003.2500;21-Jun-2014
105279;SBI Liquid Fund - Institutional Fortnightly Income Distribution cum Capital Withdrawal Option (IDCW);INF200K01LS5;INF200K01LT3;1023.1633;1023.1633;1023.1633;21-Jun-2014
105278;SBI Liquid Fund - Institutional Weekly Income Distribution cum Capital Withdrawal Option (IDCW);INF200K01LV9;INF200K01LW7;1060.3503;1060.3503;1060.3503;21-Jun-2014
105281;SBI Liquid Fund - Regular Plan - Daily Income Distribution cum Capital Withdrawal Option (IDCW);;INF200K01LX5;1003.2500;1003.2500;1003.2500;21-Jun-2014
105283;SBI Liquid Fund - Regular Plan - Fortnightly Income Distribution cum Capital Withdrawal Option (IDCW);INF200K01LY3;INF200K01LZ0;1011.8588;1011.8588;1011.8588;21-Jun-2014
105282;SBI Liquid Fund - Regular Plan - Weekly Income Distribution cum Capital Withdrawal Option (IDCW);INF200K01MB9;INF200K01MC7;1061.0596;1061.0596;1061.0596;21-Jun-2014
105280;SBI Liquid Fund - REGULAR PLAN -Growth;INF200K01MA1;;2056.1964;2056.1964;2056.1964;21-Jun-2014

Sundaram Mutual Fund
119690;Sundaram Money Fund Direct Plan - Bonus;INF903J01RL8;;16.9118;16.9118;16.9118;21-Jun-2014
119688;Sundaram Money Fund Direct Plan - Daily Reinvestment of Income Distribution cum Capital Withdrawal (IDCW);;INF903J01QA3;10.1025;10.1025;10.1025;21-Jun-2014
119692;Sundaram Money Fund Direct Plan - Fortnightly Reinvestment of Income Distribution cum Capital Withdrawal (IDCW);;INF903J01QB1;25.3597;25.3597;25.3597;21-Jun-2014
119686;Sundaram Money Fund Direct Plan - Growth;INF903J01QF2;;27.6168;27.6168;27.6168;21-Jun-2014
119687;Sundaram Money Fund Direct Plan - Monthly Income Distribution cum Capital Withdrawal (IDCW);INF903J01QC9;INF903J01QD7;10.6004;10.6004;10.6004;21-Jun-2014
119691;Sundaram Money Fund Direct Plan - Weekly Reinvestment of Income Distribution cum Capital Withdrawal (IDCW);;INF903J01QG0;11.4519;11.4519;11.4519;21-Jun-2014
102701;Sundaram Money Fund Institutional Plan - Daily Reinvestment of Income Distribution cum Capital Withdrawal (IDCW);;INF903J01GP2;10.0953;10.0953;10.0953;21-Jun-2014
102703;Sundaram Money Fund Institutional Plan - Growth;INF903J01GN7;;26.9105;26.9105;26.9105;21-Jun-2014
118328;Sundaram Money Fund Regular Plan - Bonus;INF903J01MB0;;16.8956;16.8956;16.8956;21-Jun-2014
103392;Sundaram Money Fund Regular Plan - Daily Reinvestment of Income Distribution cum Capital Withdrawal (IDCW);;INF903J01GW8;10.0953;10.0953;10.0953;21-Jun-2014
103395;Sundaram Money Fund Regular Plan - Fortnightly Reinvestment of Income Distribution cum Capital Withdrawal (IDCW);;INF903J01GY4;10.7538;10.7538;10.7538;21-Jun-2014
103397;Sundaram Money Fund Regular Plan - Growth;INF903J01GU2;;27.5957;27.5957;27.5957;21-Jun-2014
103396;Sundaram Money Fund Regular Plan - Monthly Income Distribution cum Capital Withdrawal (IDCW);INF903J01GV0;INF903J01GZ1;10.4597;10.4597;10.4597;21-Jun-2014
103393;Sundaram Money Fund Regular Plan - Quarterly Reinvestment of Income Distribution cum Capital Withdrawal (IDCW);;INF903J01HA2;14.2093;14.2093;14.2093;21-Jun-2014
100620;Sundaram Money Fund Retail Plan - Daily Reinvestment of Income Distribution cum Capital Withdrawal (IDCW);;INF903J01GI7;10.0953;10.0953;10.0953;21-Jun-2014
100622;Sundaram Money Fund Retail Plan - Fortnightly Reinvestment of Income Distribution cum Capital Withdrawal (IDCW);;INF903J01GK3;10.7032;10.7032;10.7032;21-Jun-2014
100618;Sundaram Money Fund Retail Plan - Growth;INF903J01GG1;;25.7887;25.7887;25.7887;21-Jun-2014
100623;Sundaram Money Fund Retail Plan - Monthly Income Distribution cum Capital Withdrawal (IDCW);INF903J01GH9;INF903J01GL1;10.4725;10.4725;10.4725;21-Jun-2014
100619;Sundaram Money Fund Retail Plan - Quarterly Reinvestment of Income Distribution cum Capital Withdrawal (IDCW);;INF903J01GM9;14.4313;14.4313;14.4313;21-Jun-2014
100621;Sundaram Money Fund Retail Plan - Weekly Reinvestment of Income Distribution cum Capital Withdrawal (IDCW);;INF903J01GJ5;11.1745;11.1745;11.1745;21-Jun-2014
103394;Sundaram Money Fund Regular Plan - Weekly Reinvestment of Income Distribution cum Capital Withdrawal (IDCW);;INF903J01GX6;11.2156;11.2156;11.2156;21-Jun-2014

Union Mutual Fund
115401;Union Liquid Fund - Daily IDCW Option;;INF582M01021;1000.6489;1000.6489;1000.6489;21-Jun-2014
119301;Union Liquid Fund - Direct Plan - Daily IDCW Option;;INF582M01682;1000.6506;1000.6506;1000.6506;21-Jun-2014
119305;Union Liquid Fund - Direct Plan - Fortnightly IDCW Option;INF582M01724;INF582M01708;1002.8659;1002.8659;1002.8659;21-Jun-2014
119303;Union Liquid Fund - Direct Plan - Growth Option;INF582M01674;;1312.1640;1312.1640;1312.1640;21-Jun-2014
119302;Union Liquid Fund - Direct Plan - Monthly IDCW Option;INF582M01732;INF582M01716;1006.4612;1006.4612;1006.4612;21-Jun-2014
119304;Union Liquid Fund - Direct Plan - Weekly IDCW Option;;INF582M01690;1001.4282;1001.4282;1001.4282;21-Jun-2014
115399;Union Liquid Fund - Fortnightly IDCW Option;INF582M01062;INF582M01047;1002.8269;1002.8269;1002.8269;21-Jun-2014
115398;Union Liquid Fund - Growth Option;INF582M01013;;1311.0752;1311.0752;1311.0752;21-Jun-2014
115400;Union Liquid Fund - Monthly IDCW Option;INF582M01070;INF582M01054;1006.3817;1006.3817;1006.3817;21-Jun-2014
115402;Union Liquid Fund - Weekly IDCW Option;;INF582M01039;1001.4150;1001.4150;1001.4150;21-Jun-2014

UTI Mutual Fund
120558;UTI Liquid Fund - Direct Plan - Daily IDCW (Reinvestment);;INF789F01XP8;1019.4457;1019.4457;1019.4457;21-Jun-2014
120794;UTI Liquid Fund - Direct Plan - Monthly IDCW;INF789F01XR4;INF789F01XS2;1029.7789;1029.7789;1029.7789;21-Jun-2014
120777;UTI Liquid Fund - Direct Plan - Weekly IDCW;;INF789F01XT0;1053.7397;1053.7397;1053.7397;21-Jun-2014
102010;UTI Liquid Fund - Regular Plan - Daily IDCW (Reinvestment);;INF789F01PG3;1019.4457;1019.4457;1019.4457;21-Jun-2014
102011;UTI Liquid Fund - Regular Plan - Monthly IDCW;INF789F01PI9;INF789F01PJ7;1029.7521;1029.7521;1029.7521;21-Jun-2014
102013;UTI Liquid Fund - Regular Plan - Weekly IDCW;;INF789F01PK5;1053.7339;1053.7339;1053.7339;21-Jun-2014
120304;UTI-  Liquid Cash Plan - Direct Plan - Growth Option;INF789F01XQ6;;2146.4286;2146.4286;2146.4286;21-Jun-2014
102012;UTI-  Liquid Cash Plan - Regular Plan - Growth Option;INF789F01PH1;;2143.6898;2143.6898;2143.6898;21-Jun-2014
102008;UTI-  Liquid Cash Plan- Discontinued - Regular Plan - Monthly Dividend Option;INF789F01BC2;INF789F01BA6;1150.6707;1150.6707;0;21-Jun-2014
102009;UTI-  Liquid Cash Plan- Discontinued - Regular Plan -Growth;INF789F01BB4;;2063.1564;2063.1564;0;21-Jun-2014
102007;UTI-  Liquid Cash Plan- Discontinued -Regular Plan Periodic Dividend Option;;INF789F01AZ5;1136.2736;1136.2736;0;21-Jun-2014

Open Ended Schemes ( Debt Scheme - Ultra Short Duration Fund )


SBI Mutual Fund
119784;SBI Ultra Short Duration Fund - Direct Plan - Daily Income Distribution cum Capital Withdrawal Option (IDCW);;INF200K01TG3;1675.0300;1673.3550;1675.0300;21-Jun-2014
119828;SBI ULTRA SHORT DURATION FUND - DIRECT PLAN - GROWTH;INF200K01TF5;;2896.8632;2893.9663;2896.8632;21-Jun-2014
119829;SBI Ultra Short Duration Fund - Direct Plan - Weekly Income Distribution cum Capital Withdrawal Option (IDCW);INF200K01TH1;INF200K01TI9;1077.5805;1076.5029;1077.5805;21-Jun-2014
105080;SBI Ultra Short Duration Fund - Regular Plan - Daily Income Distribution cum Capital Withdrawal Option (IDCW);;INF200K01LK2;1675.0300;1673.3550;1675.0300;21-Jun-2014
100641;SBI ULTRA SHORT DURATION FUND - REGULAR PLAN - GROWTH;INF200K01LJ4;;2893.7829;2890.8891;2893.7829;21-Jun-2014
103884;SBI Ultra Short Duration Fund - Regular Plan - Weekly Income Distribution cum Capital Withdrawal Option (IDCW);INF200K01LM8;INF200K01LL0;1077.5805;1076.5029;1077.5805;21-Jun-2014

Open Ended Schemes ( Debt Scheme - Money Market Fund )


UTI Mutual Fund
120299;UTI MMF - Direct Plan - Growth Option;INF789F01XV6;;1466.8138;1466.8138;1466.8138;21-Jun-2014
112077;UTI MMF - Regular Plan - Growth Option;INF789F01PX8;;1464.7717;1464.7717;1464.7717;21-Jun-2014
100724;UTI MMF- Discontinued - Regular Plan - Flexi Dividend Option;;INF789F01BD0;2004.4417;2004.4417;0;21-Jun-2014
100725;UTI MMF- Discontinued - Regular Plan - Periodic Dividend Option;INF789F01BE8;;1994.9875;1994.9875;0;21-Jun-2014
100723;UTI MMF-Discontinued - Regular Plan -Growth;INF789F01BF5;;3570.6523;3570.6523;0;21-Jun-2014
120772;UTI Money Market Fund - Direct Plan - Daily IDCW (Reinvestment);;INF789F01XU8;1003.3854;1003.3854;1003.3854;21-Jun-2014
120793;UTI Money Market Fund - Direct Plan - Weekly IDCW;INF789F01XW4;INF789F01XX2;1015.2622;1015.2622;1015.2622;21-Jun-2014
112076;UTI Money Market Fund - Regular Plan - Daily IDCW (Reinvestment);;INF789F01PW0;1003.3854;1003.3854;1003.3854;21-Jun-2014
112635;UTI Money Market Fund - Regular Plan - Weekly IDCW;INF789F01PY6;INF789F01PZ3;1015.2533;1015.2533;1015.2533;21-Jun-2014

Close Ended Schemes ( Income )


SBI Mutual Fund
114781;SBI Capital Protection Oriented Fund - Series II -;INF200K01ED2;;13.1483;N.A.;N.A.;21-Jun-2014
115824;SBI Capital Protection Oriented Fund - Series III - Growth;INF200K01IH4;;12.4788;N.A.;N.A.;21-Jun-2014
126205;SBI DEBT FUND SERIES - 16 MONTHS - 1 - DIRECT PLAN - GROWTH;INF200KA1CE8;;10.4650;N.A.;N.A.;21-Jun-2014
126206;SBI DEBT FUND SERIES - 16 MONTHS - 1 - REGULAR PLAN - DIVIDEND;INF200KA1CD0;;10.4541;N.A.;N.A.;21-Jun-2014
126207;SBI DEBT FUND SERIES - 16 MONTHS - 1 - REGULAR PLAN - GROWTH;INF200KA1CC2;;10.4541;N.A.;N.A.;21-Jun-2014
126208;SBI DEBT FUND SERIES - 16 MONTHS - 1- DIRECT PLAN - DIVIDEND;INF200KA1CF5;;10.4649;N.A.;N.A.;21-Jun-2014
126209;SBI DEBT FUND SERIES - 16 MONTHS - 2 - DIRECT PLAN - GROWTH;INF200KA1DM9;;10.4357;N.A.;N.A.;21-Jun-2014
126210;SBI DEBT FUND SERIES - 16 MONTHS - 2 - REGULAR PLAN - DIVIDEND;INF200KA1DL1;;10.4264;N.A.;N.A.;21-Jun-2014
126211;SBI DEBT FUND SERIES - 16 MONTHS - 2 - REGULAR PLAN - GROWTH;INF200KA1DK3;;10.4264;N.A.;N.A.;21-Jun-2014
126212;SBI DEBT FUND SERIES - 16 MONTHS - 2- DIRECT PLAN - DIVIDEND;INF200KA1DN7;;10.4357;N.A.;N.A.;21-Jun-2014
125734;SBI DEBT FUND SERIES - 17 MONTHS - 1 - DIRECT PLAN - GROWTH;INF200KA1CQ2;;10.5317;N.A.;N.A.;21-Jun-2014
125735;SBI DEBT FUND SERIES - 17 MONTHS - 1 - REGULAR PLAN - DIVIDEND;INF200KA1CP4;;10.5187;N.A.;N.A.;21-Jun-2014
125736;SBI DEBT FUND SERIES - 17 MONTHS - 1 - REGULAR PLAN - GROWTH;INF200KA1CO7;;10.5187;N.A.;N.A.;21-Jun-2014
125733;SBI DEBT FUND SERIES - 17 MONTHS - 1- DIRECT PLAN - DIVIDEND;INF200KA1CR0;;10.5317;N.A.;N.A.;21-Jun-2014
125008;SBI DEBT FUND SERIES - 18 MONTHS - 12 - DIRECT PLAN - DIVIDEND;INF200KA1BL5;;10.6319;N.A.;N.A.;21-Jun-2014
125005;SBI DEBT FUND SERIES - 18 MONTHS - 12 - DIRECT PLAN - GROWTH;INF200KA1BK7;;10.6319;N.A.;N.A.;21-Jun-2014
125006;SBI DEBT FUND SERIES - 18 MONTHS - 12 - REGULAR PLAN - DIVIDEND;INF200KA1BJ9;;10.6118;N.A.;N.A.;21-Jun-2014
125007;SBI DEBT FUND SERIES - 18 MONTHS - 12 - REGULAR PLAN - GROWTH;INF200KA1BI1;;10.6118;N.A.;N.A.;21-Jun-2014
125460;SBI DEBT FUND SERIES - 18 MONTHS - 13 - DIRECT PLAN - DIVIDEND;INF200KA1DZ1;;N.A.;N.A.;N.A.;21-Jun-2014
125461;SBI DEBT FUND SERIES - 18 MONTHS - 13 - DIRECT PLAN - GROWTH;INF200KA1DY4;;10.6023;N.A.;N.A.;21-Jun-2014
125462;SBI DEBT FUND SERIES - 18 MONTHS - 13 - REGULAR PLAN - DIVIDEND;INF200KA1DX6;;10.5885;N.A.;N.A.;21-Jun-2014
125463;SBI DEBT FUND SERIES - 18 MONTHS - 13 - REGULAR PLAN - GROWTH;INF200KA1DW8;;10.5885;N.A.;N.A.;21-Jun-2014
120908;SBI DEBT FUND SERIES - 36 MONTHS - 2 - DIRECT PLAN - DIVIDEND;INF200K01QM7;;11.2489;N.A.;N.A.;21-Jun-2014
120911;SBI DEBT FUND SERIES - 36 MONTHS - 2 - DIRECT PLAN - GROWTH;INF200K01QL9;;11.2489;N.A.;N.A.;21-Jun-2014
120909;SBI DEBT FUND SERIES - 36 MONTHS - 2 - REGULAR PLAN - DIVIDEND;INF200K01QH7;;11.1574;N.A.;N.A.;21-Jun-2014
120910;SBI DEBT FUND SERIES - 36 MONTHS - 2 - REGULAR PLAN - GROWTH;INF200K01QG9;;11.1574;N.A.;N.A.;21-Jun-2014
123647;SBI DEBT FUND SERIES - 36 MONTHS - 4 - DIRECT PLAN - DIVIDEND;INF200KA1KF8;;11.0059;N.A.;N.A.;21-Jun-2014
123649;SBI DEBT FUND SERIES - 36 MONTHS - 4 - DIRECT PLAN - GROWTH;INF200KA1KE1;;11.0059;N.A.;N.A.;21-Jun-2014
123648;SBI DEBT FUND SERIES - 36 MONTHS - 4 - REGULAR PLAN - DIVIDEND;INF200KA1KD3;;10.9913;N.A.;N.A.;21-Jun-2014
123650;SBI DEBT FUND SERIES - 36 MONTHS - 4 - REGULAR PLAN - GROWTH;INF200KA1KC5;;10.9913;N.A.;N.A.;21-Jun-2014
124000;SBI DEBT FUND SERIES - 36 MONTHS - 5 - DIRECT PLAN - DIVIDEND;INF200K01D91;;N.A.;N.A.;N.A.;21-Jun-2014
124001;SBI DEBT FUND SERIES - 36 MONTHS - 5 - DIRECT PLAN - GROWTH;INF200K01D83;;10.8593;N.A.;N.A.;21-Jun-2014
124003;SBI DEBT FUND SERIES - 36 MONTHS - 5 - REGULAR PLAN - DIVIDEND;INF200K01D75;;10.8463;N.A.;N.A.;21-Jun-2014
124002;SBI DEBT FUND SERIES - 36 MONTHS - 5 - REGULAR PLAN - GROWTH;INF200K01D67;;10.8463;N.A.;N.A.;21-Jun-2014
124373;SBI DEBT FUND SERIES - 36 MONTHS - 6 - DIRECT PLAN - DIVIDEND;INF200KA1KZ6;;10.8368;N.A.;N.A.;21-Jun-2014
124374;SBI DEBT FUND SERIES - 36 MONTHS - 6 - DIRECT PLAN - GROWTH;INF200KA1KY9;;10.8368;N.A.;N.A.;21-Jun-2014
124375;SBI DEBT FUND SERIES - 36 MONTHS - 6 - REGULAR PLAN - DIVIDEND;INF200KA1KX1;;10.8046;N.A.;N.A.;21-Jun-2014
124376;SBI DEBT FUND SERIES - 36 MONTHS - 6 - REGULAR PLAN - GROWTH;INF200KA1KW3;;10.8046;N.A.;N.A.;21-Jun-2014
125719;SBI DEBT FUND SERIES - 36 MONTHS - 7 - DIRECT PLAN - DIVIDEND;INF200K01E74;;10.5483;N.A.;N.A.;21-Jun-2014
125721;SBI DEBT FUND SERIES - 36 MONTHS - 7 - DIRECT PLAN - GROWTH;INF200K01E66;;10.5483;N.A.;N.A.;21-Jun-2014
125720;SBI DEBT FUND SERIES - 36 MONTHS - 7 - REGULAR PLAN - DIVIDEND;INF200K01E58;;10.5381;N.A.;N.A.;21-Jun-2014
125722;SBI DEBT FUND SERIES - 36 MONTHS - 7 - REGULAR PLAN - GROWTH;INF200K01E41;;10.5381;N.A.;N.A.;21-Jun-2014
122812;SBI DEBT FUND SERIES - 366 DAYS - 31 - DIRECT PLAN - DIVIDEND;INF200K01ZB1;;10.8288;N.A.;N.A.;21-Jun-2014
122813;SBI DEBT FUND SERIES - 366 DAYS - 31 - DIRECT PLAN - GROWTH;INF200K01ZA3;;10.8288;N.A.;N.A.;21-Jun-2014
122814;SBI DEBT FUND SERIES - 366 DAYS - 31 - REGULAR PLAN - DIVIDEND;INF200K01YZ3;;10.8234;N.A.;N.A.;21-Jun-2014
122815;SBI DEBT FUND SERIES - 366 DAYS - 31 - REGULAR PLAN - GROWTH;INF200K01YY6;;10.8234;N.A.;N.A.;21-Jun-2014
122907;SBI DEBT FUND SERIES - 366 DAYS - 32 - DIRECT PLAN - DIVIDEND;INF200K01ZF2;;10.7698;N.A.;N.A.;21-Jun-2014
122905;SBI DEBT FUND SERIES - 366 DAYS - 32 - DIRECT PLAN - GROWTH;INF200K01ZE5;;10.7698;N.A.;N.A.;21-Jun-2014
122908;SBI DEBT FUND SERIES - 366 DAYS - 32 - REGULAR PLAN - DIVIDEND;INF200K01ZD7;;10.7648;N.A.;N.A.;21-Jun-2014
122906;SBI DEBT FUND SERIES - 366 DAYS - 32 - REGULAR PLAN - GROWTH;INF200K01ZC9;;10.7648;N.A.;N.A.;21-Jun-2014
122991;SBI DEBT FUND SERIES - 366 DAYS - 33 - DIRECT PLAN - DIVIDEND;INF200K01ZJ4;;10.8432;N.A.;N.A.;21-Jun-2014
122994;SBI DEBT FUND SERIES - 366 DAYS - 33 - DIRECT PLAN - GROWTH;INF200K01ZI6;;10.8432;N.A.;N.A.;21-Jun-2014
122993;SBI DEBT FUND SERIES - 366 DAYS - 33 - REGULAR PLAN - DIVIDEND;INF200K01ZH8;;10.8382;N.A.;N.A.;21-Jun-2014
122992;SBI DEBT FUND SERIES - 366 DAYS - 33 - REGULAR PLAN - GROWTH;INF200K01ZG0;;10.8382;N.A.;N.A.;21-Jun-2014
123167;SBI DEBT FUND SERIES - 366 DAYS - 34 - DIRECT PLAN - DIVIDEND;INF200K015P1;;10.8726;N.A.;N.A.;21-Jun-2014
123169;SBI DEBT FUND SERIES - 366 DAYS - 34 - DIRECT PLAN - GROWTH;INF200K014P4;;10.8726;N.A.;N.A.;21-Jun-2014
123170;SBI DEBT FUND SERIES - 366 DAYS - 34 - REGULAR PLAN - DIVIDEND;INF200K013P6;;10.8590;N.A.;N.A.;21-Jun-2014
123168;SBI DEBT FUND SERIES - 366 DAYS - 34 - REGULAR PLAN - GROWTH;INF200K012P8;;10.8590;N.A.;N.A.;21-Jun-2014
123321;SBI DEBT FUND SERIES - 366 DAYS - 35 - DIRECT PLAN - DIVIDEND;INF200K017O0;;10.8620;N.A.;N.A.;21-Jun-2014
123324;SBI DEBT FUND SERIES - 366 DAYS - 35 - DIRECT PLAN - GROWTH;INF200K016O2;;10.8620;N.A.;N.A.;21-Jun-2014
123323;SBI DEBT FUND SERIES - 366 DAYS - 35 - REGULAR PLAN - DIVIDEND;INF200K015O4;;10.8495;N.A.;N.A.;21-Jun-2014
123322;SBI DEBT FUND SERIES - 366 DAYS - 35 - REGULAR PLAN - GROWTH;INF200K014O7;;10.8495;N.A.;N.A.;21-Jun-2014
123497;SBI DEBT FUND SERIES - 366 DAYS - 36 - DIRECT PLAN - DIVIDEND;INF200K019P3;;10.8839;N.A.;N.A.;21-Jun-2014
123494;SBI DEBT FUND SERIES - 366 DAYS - 36 - DIRECT PLAN - GROWTH;INF200K018P5;;10.8839;N.A.;N.A.;21-Jun-2014
123496;SBI DEBT FUND SERIES - 366 DAYS - 36 - REGULAR PLAN - DIVIDEND;INF200K017P7;;10.8718;N.A.;N.A.;21-Jun-2014
123495;SBI DEBT FUND SERIES - 366 DAYS - 36 - REGULAR PLAN - GROWTH;INF200K016P9;;10.8718;N.A.;N.A.;21-Jun-2014
123728;SBI DEBT FUND SERIES - 366 DAYS - 37 - DIRECT PLAN - DIVIDEND;INF200K011R6;;10.8729;N.A.;N.A.;21-Jun-2014
123729;SBI DEBT FUND SERIES - 366 DAYS - 37 - DIRECT PLAN - GROWTH;INF200K010R8;;10.8729;N.A.;N.A.;21-Jun-2014
123731;SBI DEBT FUND SERIES - 366 DAYS - 37 - REGULAR PLAN - DIVIDEND;INF200K019Q1;;10.8622;N.A.;N.A.;21-Jun-2014
123730;SBI DEBT FUND SERIES - 366 DAYS - 37 - REGULAR PLAN - GROWTH;INF200K018Q3;;10.8622;N.A.;N.A.;21-Jun-2014
123996;SBI DEBT FUND SERIES - 366 DAYS - 38 - DIRECT PLAN - DIVIDEND;INF200K015R7;;10.8814;N.A.;N.A.;21-Jun-2014
123997;SBI DEBT FUND SERIES - 366 DAYS - 38 - DIRECT PLAN - GROWTH;INF200K014R0;;10.8814;N.A.;N.A.;21-Jun-2014
123998;SBI DEBT FUND SERIES - 366 DAYS - 38 - REGULAR PLAN - DIVIDEND;INF200K013R2;;10.8709;N.A.;N.A.;21-Jun-2014
123999;SBI DEBT FUND SERIES - 366 DAYS - 38 - REGULAR PLAN - GROWTH;INF200K012R4;;10.8709;N.A.;N.A.;21-Jun-2014
124369;SBI DEBT FUND SERIES - 366 DAYS - 39 - DIRECT PLAN - DIVIDEND;INF200K013S0;;10.8046;N.A.;N.A.;21-Jun-2014
124370;SBI DEBT FUND SERIES - 366 DAYS - 39 - DIRECT PLAN - GROWTH;INF200K012S2;;10.8046;N.A.;N.A.;21-Jun-2014
124371;SBI DEBT FUND SERIES - 366 DAYS - 39 - REGULAR PLAN - DIVIDEND;INF200K011S4;;10.7903;N.A.;N.A.;21-Jun-2014
124372;SBI DEBT FUND SERIES - 366 DAYS - 39 - REGULAR PLAN - GROWTH;INF200K010S6;;10.7903;N.A.;N.A.;21-Jun-2014
124527;SBI DEBT FUND SERIES - 366 DAYS - 40 - DIRECT PLAN - DIVIDEND;INF200K015T3;;10.7830;N.A.;N.A.;21-Jun-2014
124525;SBI DEBT FUND SERIES - 366 DAYS - 40 - DIRECT PLAN - GROWTH;INF200K014T6;;10.7830;N.A.;N.A.;21-Jun-2014
124526;SBI DEBT FUND SERIES - 366 DAYS - 40 - REGULAR PLAN - DIVIDEND;INF200K013T8;;10.7658;N.A.;N.A.;21-Jun-2014
124528;SBI DEBT FUND SERIES - 366 DAYS - 40 - REGULAR PLAN - GROWTH;INF200K012T0;;10.7658;N.A.;N.A.;21-Jun-2014
124726;SBI DEBT FUND SERIES - 366 DAYS - 41 - DIRECT PLAN - DIVIDEND;INF200K010U2;;10.7083;N.A.;N.A.;21-Jun-2014
124728;SBI DEBT FUND SERIES - 366 DAYS - 41 - DIRECT PLAN - GROWTH;INF200K019T5;;10.7084;N.A.;N.A.;21-Jun-2014
124727;SBI DEBT FUND SERIES - 366 DAYS - 41 - REGULAR PLAN - DIVIDEND;INF200K018T7;;10.6925;N.A.;N.A.;21-Jun-2014
124729;SBI DEBT FUND SERIES - 366 DAYS - 41 - REGULAR PLAN - GROWTH;INF200K016T1;;10.6925;N.A.;N.A.;21-Jun-2014
124938;SBI DEBT FUND SERIES - 366 DAYS - 42 - DIRECT PLAN - DIVIDEND;INF200K012V6;;10.6041;N.A.;N.A.;21-Jun-2014
124940;SBI DEBT FUND SERIES - 366 DAYS - 42 - DIRECT PLAN - GROWTH;INF200K011V8;;10.6041;N.A.;N.A.;21-Jun-2014
124939;SBI DEBT FUND SERIES - 366 DAYS - 42 - REGULAR PLAN - DIVIDEND;INF200K010V0;;10.5893;N.A.;N.A.;21-Jun-2014
124941;SBI DEBT FUND SERIES - 366 DAYS - 42 - REGULAR PLAN - GROWTH;INF200K019U3;;10.5893;N.A.;N.A.;21-Jun-2014
125138;SBI DEBT FUND SERIES - 366 DAYS - 43 - DIRECT PLAN - DIVIDEND;INF200K01C35;;10.5765;N.A.;N.A.;21-Jun-2014
125139;SBI DEBT FUND SERIES - 366 DAYS - 43 - DIRECT PLAN - GROWTH;INF200K01C27;;10.5765;N.A.;N.A.;21-Jun-2014
125140;SBI DEBT FUND SERIES - 366 DAYS - 43 - REGULAR PLAN - DIVIDEND;INF200K01C19;;10.5660;N.A.;N.A.;21-Jun-2014
125141;SBI DEBT FUND SERIES - 366 DAYS - 43 - REGULAR PLAN - GROWTH;INF200K01C01;;10.5660;N.A.;N.A.;21-Jun-2014
125243;SBI DEBT FUND SERIES - 366 DAYS - 44 - DIRECT PLAN - DIVIDEND;INF200K011X4;;10.5661;N.A.;N.A.;21-Jun-2014
125244;SBI DEBT FUND SERIES - 366 DAYS - 44 - DIRECT PLAN - GROWTH;INF200K010X6;;10.5661;N.A.;N.A.;21-Jun-2014
125246;SBI DEBT FUND SERIES - 366 DAYS - 44 - REGULAR PLAN - DIVIDEND;INF200K019W9;;10.5559;N.A.;N.A.;21-Jun-2014
125245;SBI DEBT FUND SERIES - 366 DAYS - 44 - REGULAR PLAN - GROWTH;INF200K018W1;;10.5559;N.A.;N.A.;21-Jun-2014
125406;SBI DEBT FUND SERIES - 366 DAYS - 45 - DIRECT PLAN - DIVIDEND;INF200K014Y6;;10.5543;N.A.;N.A.;21-Jun-2014
125409;SBI DEBT FUND SERIES - 366 DAYS - 45 - DIRECT PLAN - GROWTH;INF200K015Y3;;10.5543;N.A.;N.A.;21-Jun-2014
125407;SBI DEBT FUND SERIES - 366 DAYS - 45 - REGULAR PLAN - DIVIDEND;INF200K016Y1;;10.5447;N.A.;N.A.;21-Jun-2014
125408;SBI DEBT FUND SERIES - 366 DAYS - 45 - REGULAR PLAN - GROWTH;INF200K017Y9;;10.5447;N.A.;N.A.;21-Jun-2014
125519;SBI DEBT FUND SERIES - 366 DAYS - 46 - DIRECT PLAN - DIVIDEND;INF200K012Z7;;10.5345;N.A.;N.A.;21-Jun-2014
125522;SBI DEBT FUND SERIES - 366 DAYS - 46 - DIRECT PLAN - GROWTH;INF200K013Z5;;10.5349;N.A.;N.A.;21-Jun-2014
125520;SBI DEBT FUND SERIES - 366 DAYS - 46 - REGULAR PLAN - DIVIDEND;INF200K014Z3;;10.5257;N.A.;N.A.;21-Jun-2014
125521;SBI DEBT FUND SERIES - 366 DAYS - 46 - REGULAR PLAN - GROWTH;INF200K015Z0;;10.5257;N.A.;N.A.;21-Jun-2014
125657;SBI DEBT FUND SERIES - 366 DAYS - 47 - DIRECT PLAN - DIVIDEND;INF200KA1077;;10.5349;N.A.;N.A.;21-Jun-2014
125658;SBI DEBT FUND SERIES - 366 DAYS - 47 - DIRECT PLAN - GROWTH;INF200KA1085;;10.5349;N.A.;N.A.;21-Jun-2014
125659;SBI DEBT FUND SERIES - 366 DAYS - 47 - REGULAR PLAN - DIVIDEND;INF200KA1093;;10.5217;N.A.;N.A.;21-Jun-2014
125660;SBI DEBT FUND SERIES - 366 DAYS - 47 - REGULAR PLAN - GROWTH;INF200KA1101;;10.5217;N.A.;N.A.;21-Jun-2014
125793;SBI DEBT FUND SERIES - 366 DAYS - 48 - DIRECT PLAN - DIVIDEND;INF200KA1192;;10.4919;N.A.;N.A.;21-Jun-2014
125794;SBI DEBT FUND SERIES - 366 DAYS - 48 - DIRECT PLAN - GROWTH;INF200KA1200;;10.4919;N.A.;N.A.;21-Jun-2014
125795;SBI DEBT FUND SERIES - 366 DAYS - 48 - REGULAR PLAN - DIVIDEND;INF200KA1218;;10.4837;N.A.;N.A.;21-Jun-2014
125796;SBI DEBT FUND SERIES - 366 DAYS - 48 - REGULAR PLAN - GROWTH;INF200KA1226;;10.4837;N.A.;N.A.;21-Jun-2014
126093;SBI DEBT FUND SERIES - 366 DAYS - 49 - DIRECT PLAN - DIVIDEND;INF200KA1275;;10.4793;N.A.;N.A.;21-Jun-2014
126094;SBI DEBT FUND SERIES - 366 DAYS - 49 - DIRECT PLAN - GROWTH;INF200KA1283;;10.4793;N.A.;N.A.;21-Jun-2014
126096;SBI DEBT FUND SERIES - 366 DAYS - 49 - REGULAR PLAN - DIVIDEND;INF200KA1291;;10.4713;N.A.;N.A.;21-Jun-2014
126095;SBI DEBT FUND SERIES - 366 DAYS - 49 - REGULAR PLAN - GROWTH;INF200KA1309;;10.4713;N.A.;N.A.;21-Jun-2014
126511;SBI DEBT FUND SERIES - 366 DAYS - 50 - DIRECT PLAN - DIVIDEND;INF200K01L59;;10.4143;N.A.;N.A.;21-Jun-2014
126512;SBI DEBT FUND SERIES - 366 DAYS - 50 - DIRECT PLAN - GROWTH;INF200K01L42;;10.4146;N.A.;N.A.;21-Jun-2014
126514;SBI DEBT FUND SERIES - 366 DAYS - 50 - REGULAR PLAN - DIVIDEND;INF200K01L34;;10.4076;N.A.;N.A.;21-Jun-2014
126513;SBI DEBT FUND SERIES - 366 DAYS - 50 - REGULAR PLAN - GROWTH;INF200K01L26;;10.4076;N.A.;N.A.;21-Jun-2014
126750;SBI DEBT FUND SERIES - 366 DAYS - 51 DIRECT PLAN - DIVIDEND;INF200KA1358;;10.3864;N.A.;N.A.;21-Jun-2014
126748;SBI DEBT FUND SERIES - 366 DAYS - 51 DIRECT PLAN - GROWTH;INF200KA1366;;10.3864;N.A.;N.A.;21-Jun-2014
126747;SBI DEBT FUND SERIES - 366 DAYS - 51 REGULAR PLAN - DIVIDEND;INF200KA1374;;10.3799;N.A.;N.A.;21-Jun-2014
126749;SBI DEBT FUND SERIES - 366 DAYS - 51 REGULAR PLAN - GROWTH;INF200KA1382;;10.3799;N.A.;N.A.;21-Jun-2014
127343;SBI DEBT FUND SERIES - 366 DAYS - 52 - DIRECT PLAN - DIVIDEND;INF200KA1531;;10.3688;N.A.;N.A.;21-Jun-2014
127344;SBI DEBT FUND SERIES - 366 DAYS - 52 - DIRECT PLAN - GROWTH;INF200KA1549;;10.3688;N.A.;N.A.;21-Jun-2014
127341;SBI DEBT FUND SERIES - 366 DAYS - 52 - REGULAR PLAN - DIVIDEND;INF200KA1556;;10.3652;N.A.;N.A.;21-Jun-2014
127342;SBI DEBT FUND SERIES - 366 DAYS - 52 - REGULAR PLAN - GROWTH;INF200KA1564;;10.3652;N.A.;N.A.;21-Jun-2014
127810;SBI DEBT FUND SERIES - 366 DAYS - 53 - DIRECT PLAN - DIVIDEND;INF200KA1606;;10.3447;N.A.;N.A.;21-Jun-2014
127811;SBI DEBT FUND SERIES - 366 DAYS - 53 - DIRECT PLAN - GROWTH;INF200KA1614;;10.3447;N.A.;N.A.;21-Jun-2014
127812;SBI DEBT FUND SERIES - 366 DAYS - 53 - REGULAR PLAN - DIVIDEND;INF200KA1622;;10.3399;N.A.;N.A.;21-Jun-2014
127813;SBI DEBT FUND SERIES - 366 DAYS - 53 - REGULAR PLAN - GROWTH;INF200KA1630;;10.3399;N.A.;N.A.;21-Jun-2014
128165;SBI DEBT FUND SERIES - 366 DAYS - 54 - DIRECT PLAN - DIVIDEND;INF200KA1788;;10.2932;N.A.;N.A.;21-Jun-2014
128167;SBI DEBT FUND SERIES - 366 DAYS - 54 - REGULAR PLAN - DIVIDEND;INF200KA1804;;10.2859;N.A.;N.A.;21-Jun-2014
128168;SBI DEBT FUND SERIES - 366 DAYS - 54 - REGULAR PLAN - GROWTH;INF200KA1812;;10.2859;N.A.;N.A.;21-Jun-2014
128166;SBI DEBT FUND SERIES - 366 DAYS - 54- DIRECT PLAN - GROWTH;INF200KA1796;;10.2932;N.A.;N.A.;21-Jun-2014
113321;SBI Debt Fund Series - 60 Months - 1 - Dividend;INF200K01CQ8;;13.2335;N.A.;N.A.;21-Jun-2014
113401;SBI Debt Fund Series - 60 Months - 1 - Growth;INF200K01CP0;;13.2334;N.A.;N.A.;21-Jun-2014
118220;SBI DEBT FUND SERIES - 60 MONTHS - 2 - DIVIDEND;INF200K01QD6;;11.2191;N.A.;N.A.;21-Jun-2014
118221;SBI DEBT FUND SERIES - 60 MONTHS - 2 - GROWTH;INF200K01QC8;;11.2192;N.A.;N.A.;21-Jun-2014
120901;SBI DEBT FUND SERIES - 60 MONTHS - 3 - DIRECT PLAN - DIVIDEND;INF200K01QQ8;;11.1785;N.A.;N.A.;21-Jun-2014
120900;SBI DEBT FUND SERIES - 60 MONTHS - 3 - DIRECT PLAN - GROWTH;INF200K01QP0;;11.1785;N.A.;N.A.;21-Jun-2014
120899;SBI DEBT FUND SERIES - 60 MONTHS - 3 - REGULAR PLAN - DIVIDEND;INF200K01QF1;;11.0969;N.A.;N.A.;21-Jun-2014
120898;SBI DEBT FUND SERIES - 60 MONTHS - 3 - REGULAR PLAN - GROWTH;INF200K01QE4;;11.0969;N.A.;N.A.;21-Jun-2014
126581;SBI DEBT FUND SERIES A - 1 DIRECT - GROWTH;INF200KA1AY0;;10.4221;N.A.;N.A.;21-Jun-2014
126582;SBI DEBT FUND SERIES A - 1 DIRECT PLAN - DIVIDEND;INF200KA1AZ7;;10.4221;N.A.;N.A.;21-Jun-2014
126580;SBI DEBT FUND SERIES A - 1 REGULAR PLAN - GROWTH;INF200KA1AW4;;10.4031;N.A.;N.A.;21-Jun-2014
126583;SBI DEBT FUND SERIES A - 1 REGULAR PLAN DIVIDEND;INF200KA1AX2;;10.4031;N.A.;N.A.;21-Jun-2014
128325;SBI DEBT FUND SERIES A - 10 DIRECT - GROWTH;INF200KA1BC4;;10.2894;N.A.;N.A.;21-Jun-2014
128326;SBI DEBT FUND SERIES A - 10 DIRECT PLAN - DIVIDEND;INF200KA1BD2;;10.2894;N.A.;N.A.;21-Jun-2014
128327;SBI DEBT FUND SERIES A - 10 REGULAR PLAN - DIVIDEND;INF200KA1BB6;;10.2764;N.A.;N.A.;21-Jun-2014
128328;SBI DEBT FUND SERIES A - 10 REGULAR PLAN - GROWTH;INF200KA1BA8;;10.2764;N.A.;N.A.;21-Jun-2014
128389;SBI DEBT FUND SERIES A - 11 DIRECT PLAN - DIVIDEND;INF200KA1AF9;;10.2809;N.A.;N.A.;21-Jun-2014
128388;SBI DEBT FUND SERIES A - 11 DIRECT PLAN - GROWTH;INF200KA1AE2;;10.2810;N.A.;N.A.;21-Jun-2014
128391;SBI DEBT FUND SERIES A - 11 REGULAR PLAN - DIVIDEND;INF200KA1AD4;;10.2669;N.A.;N.A.;21-Jun-2014
128390;SBI DEBT FUND SERIES A - 11 REGULAR PLAN - GROWTH;INF200KA1AC6;;10.2669;N.A.;N.A.;21-Jun-2014
128597;SBI DEBT FUND SERIES A - 12 DIRECT PLAN - DIVIDEND;INF200K013C4;;10.2628;N.A.;N.A.;21-Jun-2014
128594;SBI DEBT FUND SERIES A - 12 DIRECT PLAN - GROWTH;INF200K012C6;;10.2628;N.A.;N.A.;21-Jun-2014
128595;SBI DEBT FUND SERIES A - 12 REGULAR PLAN - DIVIDEND;INF200K011C8;;10.2548;N.A.;N.A.;21-Jun-2014
128596;SBI DEBT FUND SERIES A - 12 REGULAR PLAN - GROWTH;INF200K010C0;;10.2548;N.A.;N.A.;21-Jun-2014
128672;SBI DEBT FUND SERIES A - 13 DIRECT PLAN - DIVIDEND;INF200KA1978;;N.A.;N.A.;N.A.;21-Jun-2014
128674;SBI DEBT FUND SERIES A - 13 DIRECT PLAN - GROWTH;INF200KA1960;;10.2499;N.A.;N.A.;21-Jun-2014
128673;SBI DEBT FUND SERIES A - 13 REGULAR PLAN - DIVIDEND;INF200KA1952;;10.2421;N.A.;N.A.;21-Jun-2014
128671;SBI DEBT FUND SERIES A - 13 REGULAR PLAN - GROWTH;INF200KA1945;;10.2421;N.A.;N.A.;21-Jun-2014
128696;SBI DEBT FUND SERIES A - 14 DIRECT PLAN - DIVIDEND;INF200KA1AJ1;;10.2264;N.A.;N.A.;21-Jun-2014
128693;SBI DEBT FUND SERIES A - 14 DIRECT PLAN - GROWTH;INF200KA1AI3;;10.2264;N.A.;N.A.;21-Jun-2014
128694;SBI DEBT FUND SERIES A - 14 REGULAR PLAN - DIVIDEND;INF200KA1AH5;;10.2138;N.A.;N.A.;21-Jun-2014
128695;SBI DEBT FUND SERIES A - 14 REGULAR PLAN - GROWTH;INF200KA1AG7;;10.2138;N.A.;N.A.;21-Jun-2014
128701;SBI DEBT FUND SERIES A - 15 DIRECT PLAN - DIVIDEND;INF200K015D7;;10.2689;N.A.;N.A.;21-Jun-2014
128702;SBI DEBT FUND SERIES A - 15 DIRECT PLAN - GROWTH;INF200K014D0;;10.2689;N.A.;N.A.;21-Jun-2014
128703;SBI DEBT FUND SERIES A - 15 REGULAR PLAN - DIVIDEND;INF200K013D2;;10.2559;N.A.;N.A.;21-Jun-2014
128704;SBI DEBT FUND SERIES A - 15 REGULAR PLAN - GROWTH;INF200K012D4;;10.2559;N.A.;N.A.;21-Jun-2014
128930;SBI DEBT FUND SERIES A - 16 DIRECT PLAN - DIVIDEND;INF200KA1AB8;;N.A.;N.A.;N.A.;21-Jun-2014
128931;SBI DEBT FUND SERIES A - 16 DIRECT PLAN - GROWTH;INF200KA1AA0;;10.2168;N.A.;N.A.;21-Jun-2014
128932;SBI DEBT FUND SERIES A - 16 REGULAR PLAN - DIVIDEND;INF200KA1994;;10.2155;N.A.;N.A.;21-Jun-2014
128933;SBI DEBT FUND SERIES A - 16 REGULAR PLAN - GROWTH;INF200KA1986;;10.2155;N.A.;N.A.;21-Jun-2014
129120;SBI DEBT FUND SERIES A - 17 DIRECT PLAN - DIVIDEND;INF200KA1AV6;;10.1728;N.A.;N.A.;21-Jun-2014
129117;SBI DEBT FUND SERIES A - 17 DIRECT PLAN - GROWTH;INF200KA1AU8;;10.1728;N.A.;N.A.;21-Jun-2014
129119;SBI DEBT FUND SERIES A - 17 REGULAR PLAN - DIVIDEND;INF200KA1AT0;;10.1709;N.A.;N.A.;21-Jun-2014
129118;SBI DEBT FUND SERIES A - 17 REGULAR PLAN - GROWTH;INF200KA1AS2;;10.1709;N.A.;N.A.;21-Jun-2014
129297;SBI DEBT FUND SERIES A - 18 DIRECT PLAN - DIVIDEND;INF200KA1BH3;;10.1687;N.A.;N.A.;21-Jun-2014
129299;SBI DEBT FUND SERIES A - 18 DIRECT PLAN - GROWTH;INF200KA1BG5;;10.1687;N.A.;N.A.;21-Jun-2014
129300;SBI DEBT FUND SERIES A - 18 REGULAR PLAN - DIVIDEND;INF200KA1BF7;;10.1669;N.A.;N.A.;21-Jun-2014
129298;SBI DEBT FUND SERIES A - 18 REGULAR PLAN - GROWTH;INF200KA1BE0;;10.1669;N.A.;N.A.;21-Jun-2014
129366;SBI DEBT FUND SERIES A - 19 DIRECT PLAN - DIVIDEND;INF200KA1BP6;;10.1574;N.A.;N.A.;21-Jun-2014
129363;SBI DEBT FUND SERIES A - 19 DIRECT PLAN - GROWTH;INF200KA1BO9;;10.1574;N.A.;N.A.;21-Jun-2014
129364;SBI DEBT FUND SERIES A - 19 REGULAR PLAN - DIVIDEND;INF200KA1BN1;;10.1557;N.A.;N.A.;21-Jun-2014
129365;SBI DEBT FUND SERIES A - 19 REGULAR PLAN - GROWTH;INF200KA1BM3;;10.1557;N.A.;N.A.;21-Jun-2014
126912;SBI DEBT FUND SERIES A - 2 DIRECT - GROWTH;INF200KA1CI9;;10.3913;N.A.;N.A.;21-Jun-2014
126913;SBI DEBT FUND SERIES A - 2 DIRECT PLAN - DIVIDEND;INF200KA1CJ7;;N.A.;N.A.;N.A.;21-Jun-2014
126915;SBI DEBT FUND SERIES A - 2 REGULAR PLAN - DIVIDEND;INF200KA1CH1;;10.3764;N.A.;N.A.;21-Jun-2014
126914;SBI DEBT FUND SERIES A - 2 REGULAR PLAN - GROWTH;INF200KA1CG3;;10.3764;N.A.;N.A.;21-Jun-2014
129391;SBI DEBT FUND SERIES A - 20 DIRECT PLAN - DIVIDEND;INF200KA1BT8;;10.1518;N.A.;N.A.;21-Jun-2014
129392;SBI DEBT FUND SERIES A - 20 DIRECT PLAN - GROWTH;INF200KA1BS0;;10.1518;N.A.;N.A.;21-Jun-2014
129393;SBI DEBT FUND SERIES A - 20 REGULAR PLAN - DIVIDEND;INF200KA1BR2;;10.1502;N.A.;N.A.;21-Jun-2014
129394;SBI DEBT FUND SERIES A - 20 REGULAR PLAN - GROWTH;INF200KA1BQ4;;10.1502;N.A.;N.A.;21-Jun-2014
129442;SBI DEBT FUND SERIES A - 21 DIRECT PLAN - DIVIDEND;INF200KA1BX0;;10.1410;N.A.;N.A.;21-Jun-2014
129443;SBI DEBT FUND SERIES A - 21 DIRECT PLAN - GROWTH;INF200KA1BW2;;10.1410;N.A.;N.A.;21-Jun-2014
129445;SBI DEBT FUND SERIES A - 21 REGULAR PLAN - DIVIDEND;INF200KA1BV4;;10.1395;N.A.;N.A.;21-Jun-2014
129444;SBI DEBT FUND SERIES A - 21 REGULAR PLAN - GROWTH;INF200KA1BU6;;10.1395;N.A.;N.A.;21-Jun-2014
129658;SBI DEBT FUND SERIES A - 22 DIRECT PLAN - DIVIDEND;INF200KA1CV2;;10.1184;N.A.;N.A.;21-Jun-2014
129661;SBI DEBT FUND SERIES A - 22 DIRECT PLAN - GROWTH;INF200KA1CU4;;10.1184;N.A.;N.A.;21-Jun-2014
129659;SBI DEBT FUND SERIES A - 22 REGULAR PLAN - DIVIDEND;INF200KA1CT6;;10.1165;N.A.;N.A.;21-Jun-2014
129660;SBI DEBT FUND SERIES A - 22 REGULAR PLAN - GROWTH;INF200KA1CS8;;10.1165;N.A.;N.A.;21-Jun-2014
129662;SBI DEBT FUND SERIES A - 23 DIRECT PLAN - DIVIDEND;INF200K011H7;;10.1052;N.A.;N.A.;21-Jun-2014
129663;SBI DEBT FUND SERIES A - 23 DIRECT PLAN - GROWTH;INF200K010H9;;10.1052;N.A.;N.A.;21-Jun-2014
129664;SBI DEBT FUND SERIES A - 23 REGULAR PLAN - DIVIDEND;INF200K019G2;;10.1015;N.A.;N.A.;21-Jun-2014
129665;SBI DEBT FUND SERIES A - 23 REGULAR PLAN - GROWTH;INF200K018G4;;10.1015;N.A.;N.A.;21-Jun-2014
129707;SBI DEBT FUND SERIES A - 24 DIRECT PLAN - DIVIDEND;INF200KA1DR8;;10.1031;N.A.;N.A.;21-Jun-2014
129708;SBI DEBT FUND SERIES A - 24 DIRECT PLAN - GROWTH;INF200KA1DQ0;;10.1031;N.A.;N.A.;21-Jun-2014
129709;SBI DEBT FUND SERIES A - 24 REGULAR PLAN - DIVIDEND;INF200KA1DP2;;10.1015;N.A.;N.A.;21-Jun-2014
129710;SBI DEBT FUND SERIES A - 24 REGULAR PLAN - GROWTH;INF200KA1DO5;;10.1015;N.A.;N.A.;21-Jun-2014
129845;SBI DEBT FUND SERIES A - 25 DIRECT PLAN - DIVIDEND;INF200KA1DV0;;10.0794;N.A.;N.A.;21-Jun-2014
129848;SBI DEBT FUND SERIES A - 25 DIRECT PLAN - GROWTH;INF200KA1DU2;;10.0794;N.A.;N.A.;21-Jun-2014
129846;SBI DEBT FUND SERIES A - 25 REGULAR PLAN - DIVIDEND;INF200KA1DT4;;10.0783;N.A.;N.A.;21-Jun-2014
129847;SBI DEBT FUND SERIES A - 25 REGULAR PLAN - GROWTH;INF200KA1DS6;;10.0783;N.A.;N.A.;21-Jun-2014
129872;SBI DEBT FUND SERIES A - 26 (682 DAYS) DIRECT PLAN - DIVIDEND;INF200K013I1;;N.A.;N.A.;N.A.;21-Jun-2014
129869;SBI DEBT FUND SERIES A - 26 (682 DAYS) DIRECT PLAN - GROWTH;INF200K012I3;;10.0460;N.A.;N.A.;21-Jun-2014
129870;SBI DEBT FUND SERIES A - 26 (682 DAYS) REGULAR PLAN - DIVIDEND;INF200K011I5;;10.0440;N.A.;N.A.;21-Jun-2014
129871;SBI DEBT FUND SERIES A - 26 (682 DAYS) REGULAR PLAN - GROWTH;INF200K010I7;;10.0440;N.A.;N.A.;21-Jun-2014
129971;SBI DEBT FUND SERIES A - 27 (366 DAYS) DIRECT PLAN - DIVIDEND;INF200KA1EE4;;10.0570;N.A.;N.A.;21-Jun-2014
129972;SBI DEBT FUND SERIES A - 27 (366 DAYS) DIRECT PLAN - GROWTH;INF200KA1EF1;;10.0571;N.A.;N.A.;21-Jun-2014
129973;SBI DEBT FUND SERIES A - 27 (366 DAYS) REGULAR PLAN - DIVIDEND;INF200KA1EG9;;10.0563;N.A.;N.A.;21-Jun-2014
129974;SBI DEBT FUND SERIES A - 27 (366 DAYS) REGULAR PLAN - GROWTH;INF200KA1EH7;;10.0563;N.A.;N.A.;21-Jun-2014
130027;SBI DEBT FUND SERIES A - 28 (367 DAYS) - DIRECT PLAN - DIVIDEND;INF200KA1EP0;;10.0367;N.A.;N.A.;21-Jun-2014
130026;SBI DEBT FUND SERIES A - 28 (367 DAYS) - DIRECT PLAN - GROWTH;INF200KA1EO3;;10.0367;N.A.;N.A.;21-Jun-2014
130028;SBI DEBT FUND SERIES A - 28 (367 DAYS) - REGULAR PLAN - DIVIDEND;INF200KA1EN5;;10.0362;N.A.;N.A.;21-Jun-2014
130025;SBI DEBT FUND SERIES A - 28 (367 DAYS) - REGULAR PLAN - GROWTH;INF200KA1EM7;;10.0362;N.A.;N.A.;21-Jun-2014
130160;SBI Debt Fund Series A - 29 (91 Days)  Direct - Dividend;INF200K019J6;;10.0248;N.A.;N.A.;21-Jun-2014
130157;SBI Debt Fund Series A - 29 (91 Days)  Direct - Growth;INF200K018J8;;10.0248;N.A.;N.A.;21-Jun-2014
130159;SBI Debt Fund Series A - 29 (91 Days)  Regular Plan - Dividend;INF200K017J0;;10.0244;N.A.;N.A.;21-Jun-2014
130158;SBI Debt Fund Series A - 29 (91 Days)  Regular Plan - Growth;INF200K016J2;;10.0244;N.A.;N.A.;21-Jun-2014
127111;SBI DEBT FUND SERIES A - 3 DIRECT - GROWTH;INF200KA1AQ6;;10.3684;N.A.;N.A.;21-Jun-2014
127112;SBI DEBT FUND SERIES A - 3 DIRECT PLAN - DIVIDEND;INF200KA1AR4;;10.3691;N.A.;N.A.;21-Jun-2014
127113;SBI DEBT FUND SERIES A - 3 REGULAR PLAN - DIVIDEND;INF200KA1AP8;;10.3584;N.A.;N.A.;21-Jun-2014
127114;SBI DEBT FUND SERIES A - 3 REGULAR PLAN - GROWTH;INF200KA1AO1;;10.3584;N.A.;N.A.;21-Jun-2014
127337;SBI DEBT FUND SERIES A - 4 DIRECT - GROWTH;INF200K01Z04;;10.3834;N.A.;N.A.;21-Jun-2014
127340;SBI DEBT FUND SERIES A - 4 DIRECT PLAN - DIVIDEND;INF200K01Z12;;10.3834;N.A.;N.A.;21-Jun-2014
127338;SBI DEBT FUND SERIES A - 4 REGULAR PLAN - DIVIDEND;INF200K01Y96;;10.3703;N.A.;N.A.;21-Jun-2014
127339;SBI DEBT FUND SERIES A - 4 REGULAR PLAN - GROWTH;INF200K01Y88;;10.3703;N.A.;N.A.;21-Jun-2014
127516;SBI DEBT FUND SERIES A - 5 DIRECT - GROWTH;INF200KA1AM5;;10.3542;N.A.;N.A.;21-Jun-2014
127517;SBI DEBT FUND SERIES A - 5 DIRECT PLAN - DIVIDEND;INF200KA1AN3;;10.3539;N.A.;N.A.;21-Jun-2014
127514;SBI DEBT FUND SERIES A - 5 REGULAR PLAN - DIVIDEND;INF200KA1AL7;;10.3464;N.A.;N.A.;21-Jun-2014
127515;SBI DEBT FUND SERIES A - 5 REGULAR PLAN - GROWTH;INF200KA1AK9;;10.3464;N.A.;N.A.;21-Jun-2014
128158;SBI DEBT FUND SERIES A - 6 DIRECT - GROWTH;INF200K01Z87;;10.3347;N.A.;N.A.;21-Jun-2014
128159;SBI DEBT FUND SERIES A - 6 DIRECT PLAN - DIVIDEND;INF200K01Z95;;N.A.;N.A.;N.A.;21-Jun-2014
128160;SBI DEBT FUND SERIES A - 6 REGULAR PLAN - DIVIDEND;INF200K01Z79;;10.3194;N.A.;N.A.;21-Jun-2014
128157;SBI DEBT FUND SERIES A - 6 REGULAR PLAN - GROWTH;INF200K01Z61;;10.3194;N.A.;N.A.;21-Jun-2014
128161;SBI DEBT FUND SERIES A - 7 DIRECT - GROWTH;INF200K012A0;;10.3515;N.A.;N.A.;21-Jun-2014
128162;SBI DEBT FUND SERIES A - 7 DIRECT PLAN - DIVIDEND;INF200K013A8;;10.3515;N.A.;N.A.;21-Jun-2014
128163;SBI DEBT FUND SERIES A - 7 REGULAR PLAN - DIVIDEND;INF200K011A2;;10.3388;N.A.;N.A.;21-Jun-2014
128164;SBI DEBT FUND SERIES A - 7 REGULAR PLAN - GROWTH;INF200K010A4;;10.3388;N.A.;N.A.;21-Jun-2014
128321;SBI DEBT FUND SERIES A - 9 DIRECT - GROWTH;INF200KA1713;;10.2942;N.A.;N.A.;21-Jun-2014
128322;SBI DEBT FUND SERIES A - 9 DIRECT PLAN - DIVIDEND;INF200KA1721;;N.A.;N.A.;N.A.;21-Jun-2014
128324;SBI DEBT FUND SERIES A - 9 REGULAR PLAN - DIVIDEND;INF200KA1739;;10.2866;N.A.;N.A.;21-Jun-2014
128323;SBI DEBT FUND SERIES A - 9 REGULAR PLAN - GROWTH;INF200KA1705;;10.2866;N.A.;N.A.;21-Jun-2014
126466;SBI Dual Advantage Fund Series - I - Direct Plan - Dividend;INF200K01X55;;10.8213;N.A.;N.A.;21-Jun-2014
126465;SBI Dual Advantage Fund Series - I - Direct Plan - Growth;INF200K01X48;;10.8213;N.A.;N.A.;21-Jun-2014
126464;SBI Dual Advantage Fund Series - I - Regular Plan - Dividend;INF200K01X30;;10.8105;N.A.;N.A.;21-Jun-2014
126463;SBI Dual Advantage Fund Series - I - Regular Plan - Growth;INF200K01X22;;10.8106;N.A.;N.A.;21-Jun-2014
129423;SBI Dual Advantage Fund Series - II Direct Plan - Dividend;INF200K015F2;;10.1592;N.A.;N.A.;21-Jun-2014
129421;SBI Dual Advantage Fund Series - II Direct Plan - Growth;INF200K014F5;;10.1592;N.A.;N.A.;21-Jun-2014
129422;SBI Dual Advantage Fund Series - II Regular Plan - Dividend;INF200K013F7;;10.1579;N.A.;N.A.;21-Jun-2014
129424;SBI Dual Advantage Fund Series - II Regular Plan - Growth;INF200K012F9;;10.1579;N.A.;N.A.;21-Jun-2014
