Scheme Code;Scheme Name;ISIN Div Payout/ISIN Growth;ISIN Div Reinvestment;Net Asset Value;Repurchase Price;Sale Price;Date

Open Ended Schemes ( Liquid )


Sahara Mutual Fund
101397;Sahara Liquid Fund-Fixed Pricing -  Weekly Dividend Option;;INF515L01064;1027.4373;;;03-Mar-2019
101393;Sahara Liquid Fund-Fixed Pricing - Daily Dividend Option;;INF515L01049;1271.9743;;;03-Mar-2019
120265;Sahara Liquid Fund-Fixed Pricing - Direct - Weekly Dividend Option;;INF515L01668;1027.4373;;;03-Mar-2019
120262;Sahara Liquid Fund-Fixed Pricing - Direct -Growth option;INF515L01650;;3024.287;;;03-Mar-2019
101394;Sahara Liquid Fund-Fixed Pricing - Growth option;INF515L01056;;3112.6918;;;03-Mar-2019
101398;Sahara Liquid Fund-Fixed Pricing - Monthly Dividend Option;;INF515L01072;1043.3721;;;03-Mar-2019
120253;Sahara Liquid Fund-Fixed Pricing -Direct - Daily Dividend Option- Direct;;INF515L01643;1271.9743;;;03-Mar-2019
120266;Sahara Liquid Fund-Fixed Pricing -Direct - Monthly Dividend Option;;INF515L01676;1043.3721;;;03-Mar-2019
101399;Sahara Liquid Fund-Variable Pricing - Daily Dividend option;;INF515L01080;1283.9269;;;03-Mar-2019
101402;Sahara Liquid Fund-Variable Pricing - Growth option;INF515L01114;;3184.4317;;;03-Mar-2019
101400;Sahara Liquid Fund-Variable Pricing - Weekly Dividend Option;;INF515L01098;1295.2941;;;03-Mar-2019
120271;Sahara Liquid Fund-Variable Pricing -Direct - Daily Dividend option;;INF515L01684;1038.8267;;;03-Mar-2019
120280;Sahara Liquid Fund-Variable Pricing -Direct - Growth option;INF515L01718;;3191.1172;;;03-Mar-2019
120272;Sahara Liquid Fund-Variable Pricing -Direct - Weekly Dividend Option;;INF515L01692;1295.2941;;;03-Mar-2019
120273;Sahara Liquid Fund-Variable Pricing- Direct - Monthly Dividend Option;;INF515L01700;1055.8972;;;03-Mar-2019
101401;Sahara Liquid Fund-Variable Pricing- Monthly Dividend Option;;INF515L01106;1307.8447;;;03-Mar-2019

Open Ended Schemes ( Debt Scheme - Overnight Fund )


Aditya Birla Sun Life Mutual Fund
145488;ADITYA BIRLA SUN LIFE OVERNIGHT FUND-  Direct - Monthly Payout of IDCW;INF209KB1ZL4;;1001.5628;;;03-Mar-2019
145489;ADITYA BIRLA SUN LIFE OVERNIGHT FUND-  Direct - Weekly Reinvestment of IDCW;;INF209KB1ZJ8;1000.3544;;;03-Mar-2019
145482;ADITYA BIRLA SUN LIFE OVERNIGHT FUND-  Regular - Weekly Reinvestment of IDCW option;;INF209KB1ZE9;1000.3545;;;03-Mar-2019
145487;ADITYA BIRLA SUN LIFE OVERNIGHT FUND- Direct - Daily Reinvestment of IDCW;;INF209KB1ZI0;1000.3616;;;03-Mar-2019
145483;ADITYA BIRLA SUN LIFE OVERNIGHT FUND- Regular - Daily Reinvestment of IDCW;;INF209KB1ZD1;1000.3545;;;03-Mar-2019
145485;ADITYA BIRLA SUN LIFE OVERNIGHT FUND- Regular- Monthly Payout of IDCW option;INF209KB1ZG4;;1001.5234;;;03-Mar-2019
145486;ADITYA BIRLA SUN LIFE OVERNIGHT FUND-DIRECT PLAN-GROWTH;INF209KB1ZH2;;1021.4191;;;03-Mar-2019
145481;ADITYA BIRLA SUNLIFE OVERNIGHT FUND-REGULAR PLAN-GROWTH;INF209KB1ZC3;;1020.929;;;03-Mar-2019

Bandhan Mutual Fund
146190;BANDHAN Overnight Fund - Direct Plan - Daily IDCW;INF194KB1462;INF194KB1470;1000.3373;;;03-Mar-2019
146191;BANDHAN Overnight Fund - Direct Plan - Growth;INF194KB1447;;1007.7684;;;03-Mar-2019
146192;BANDHAN Overnight Fund - Direct Plan - Weekly IDCW;INF194KB1553;INF194KB1561;1000.3362;;;03-Mar-2019
146188;BANDHAN Overnight Fund - Regular Plan - Daily IDCW;INF194KB1330;INF194KB1348;1000.3318;;;03-Mar-2019
146187;BANDHAN Overnight Fund - Regular Plan - Growth;INF194KB1314;;1007.6411;;;03-Mar-2019
146185;BANDHAN Overnight Fund - Regular Plan - Monthly IDCW;INF194KB1363;INF194KB1371;1000.6671;;;03-Mar-2019
146189;BANDHAN Overnight Fund - Regular Plan - Weekly IDCW;INF194KB1421;INF194KB1439;1000.3270;;;03-Mar-2019

SBI Mutual Fund
119831;SBI Overnight Fund - Direct Plan - Daily Income Distribution cum Capital Withdrawal Option (IDCW);;INF200K01TJ7;1009.9100;;;03-Mar-2019
119833;SBI OVERNIGHT FUND - DIRECT PLAN - GROWTH;INF200K01TK5;;3077.7263;;;03-Mar-2019
119832;SBI Overnight Fund - Direct Plan - Weekly Income Distribution cum Capital Withdrawal Option (IDCW);INF200K01TL3;INF200K01TM1;1031.3648;;;03-Mar-2019
114297;SBI Overnight Fund - Regular Plan - Daily Income Distribution cum Capital Withdrawal Option (IDCW);;INF200K01LN6;1009.9100;;;03-Mar-2019
101206;SBI OVERNIGHT FUND - REGULAR PLAN - GROWTH;INF200K01LQ9;;3052.4144;;;03-Mar-2019
103140;SBI Overnight Fund - Regular Plan - Weekly Income Distribution cum Capital Withdrawal Option (IDCW);INF200K01LO4;INF200K01LP1;1031.3820;;;03-Mar-2019

UTI Mutual Fund
100814;UTI - Overnight  Fund - Regular Plan - Growth Option;INF789F01604;;2566.8134;;;03-Mar-2019
120785;UTI - Overnight Fund - Direct Plan - Growth Option;INF789FB1S71;;2585.0311;;;03-Mar-2019
124266;UTI Overnight Fund - Direct Plan - Daily IDCW;;INF789FB1S89;1371.6621;;;03-Mar-2019
120786;UTI Overnight Fund - Direct Plan - Periodic IDCW;INF789FB1T05;INF789FB1S97;1479.2754;;;03-Mar-2019
124265;UTI Overnight Fund - Regular Plan - Daily IDCW;;INF789FB1T13;1370.8617;;;03-Mar-2019
100813;UTI Overnight Fund - Regular Plan - Periodic IDCW;INF789F01588;INF789F01596;1445.1487;;;03-Mar-2019

Open Ended Schemes ( Debt Scheme - Liquid Fund )


Aditya Birla Sun Life Mutual Fund
100047;Aditya Birla Sun Life Liquid Fund - Growth;INF209K01RU9;;297.2421;;;03-Mar-2019
119568;Aditya Birla Sun Life Liquid Fund - Growth - Direct Plan;INF209K01VA3;;298.6438;;;03-Mar-2019
100046;Aditya Birla Sun Life Liquid Fund -Daily IDCW;INF209K01KQ2;INF209K01SQ5;100.2328;;;03-Mar-2019
119569;Aditya Birla Sun Life Liquid Fund -Direct - daily IDCW;INF209K01UZ2;;100.2333;;;03-Mar-2019
119571;Aditya Birla Sun Life Liquid Fund -DIRECT - IDCW;INF209K01VD7;;162.1419;;;03-Mar-2019
119570;Aditya Birla Sun Life Liquid Fund -Direct - weekly IDCW;INF209K01VC9;;100.2633;;;03-Mar-2019
100041;Aditya Birla Sun Life Liquid Fund -Institutional - IDCW;;INF209K01KN9;108.0637;;;03-Mar-2019
100048;Aditya Birla Sun Life Liquid Fund -Institutional - weekly  IDCW;INF209KA1LK7;INF209K01KY6;108.1088;;;03-Mar-2019
103885;Aditya Birla Sun Life Liquid Fund -Regular - IDCW;INF209KA1LI1;;124.3768;;;03-Mar-2019
100044;Aditya Birla Sun Life Liquid Fund -Retail - IDCW;;INF209K01KP4;163.7557;;;03-Mar-2019
100051;Aditya Birla Sun Life Liquid Fund -weekly IDCW;INF209K01KU4;INF209KA1LJ9;100.2628;;;03-Mar-2019
112014;Aditya Birla Sun Life Liquid Fund- Discipline Advantage Plan;INF209K01KZ3;;200.3506;;;03-Mar-2019
100043;Aditya Birla Sun Life Liquid Fund-Institutional (Growth);INF209K01RT1;;494.9994;;;03-Mar-2019
100042;Aditya Birla Sun Life Liquid Fund-Retail (Growth);INF209K01ME4;;482.3584;;;03-Mar-2019

Axis Mutual Fund
128954;Axis Liquid Fund - Direct plan - Bonus Option;INF846K01NH4;;2060.7238;;;03-Mar-2019
120388;Axis Liquid Fund - Direct Plan - Daily IDCW;;INF846K01DA0;1000.9560;;;03-Mar-2019
120389;Axis Liquid Fund - Direct Plan - Growth Option;INF846K01CX4;;2060.8337;;;03-Mar-2019
120391;Axis Liquid Fund - Direct Plan - Monthly IDCW;INF846K01CY2;INF846K01CZ9;1001.4231;;;03-Mar-2019
120390;Axis Liquid Fund - Direct Plan - Weekly IDCW;INF846K01DB8;INF846K01DC6;1003.2355;;;03-Mar-2019
112211;Axis Liquid Fund - Regular Plan - Daily IDCW;;INF846K01420;1001.3998;;;03-Mar-2019
112210;Axis Liquid Fund - Regular Plan - Growth Option;INF846K01412;;2052.5408;;;03-Mar-2019
112213;Axis Liquid Fund - Regular Plan - Monthly IDCW;INF846K01453;INF846K01461;1002.0089;;;03-Mar-2019
112212;Axis Liquid Fund - Regular Plan - Weekly IDCW;INF846K01438;INF846K01446;1003.2274;;;03-Mar-2019
112712;Axis Liquid Fund - Retail Plan - Daily IDCW;;INF846K01362;1000.9559;;;03-Mar-2019
112713;Axis Liquid Fund - Retail Plan - Growth Option;INF846K01354;;1938.7804;;;03-Mar-2019
112714;Axis Liquid Fund - Retail Plan - Monthly IDCW;INF846K01396;INF846K01404;1001.3333;;;03-Mar-2019
112715;Axis Liquid Fund - Retail Plan - Weekly IDCW;INF846K01370;INF846K01388;1001.6779;;;03-Mar-2019

Bandhan Mutual Fund
108692;BANDHAN LIQUID Fund - Regular Plan - Daily IDCW;INF194K01VZ4;INF194K01VY7;1001.4446;;;03-Mar-2019
108690;BANDHAN LIQUID Fund - Regular Plan - Growth;INF194K01VX9;;2244.4646;;;03-Mar-2019
108693;BANDHAN LIQUID Fund - Regular Plan - Monthly IDCW;INF194K01WF4;INF194K01WE7;1001.0513;;;03-Mar-2019
115489;BANDHAN LIQUID Fund - Regular Plan - Periodic IDCW;INF194K01WC1;INF194K01WB3;1480.0752;;;03-Mar-2019
108691;BANDHAN LIQUID Fund - Regular Plan - Weekly IDCW;INF194K01WI8;INF194K01WH0;1001.4465;;;03-Mar-2019
139582;BANDHAN LIQUID Fund - Unclaimed IDCW Less than 3 years;INF194KA14C0;;1.2002;;;03-Mar-2019
139583;BANDHAN LIQUID Fund - Unclaimed IDCW More than 3 years;INF194KA15C7;;1.0000;;;03-Mar-2019
139584;BANDHAN LIQUID Fund - Unclaimed Redemption Less than 3 years;INF194KA12C4;;1.2002;;;03-Mar-2019
139585;BANDHAN LIQUID Fund - Unclaimed Redemption More than 3 years;INF194KA13C2;;1.0000;;;03-Mar-2019
118365;BANDHAN LIQUID Fund -Direct Plan -Monthly IDCW;INF194K01J36;INF194K01J28;1007.7799;;;03-Mar-2019
118367;BANDHAN LIQUID Fund -Direct Plan -Weekly IDCW;INF194KB1JT8;INF194K01J51;1007.3229;;;03-Mar-2019
118366;BANDHAN LIQUID Fund -Direct Plan-Daily IDCW;;INF194K01I78;1002.0285;;;03-Mar-2019
118364;BANDHAN LIQUID Fund -Direct Plan-Growth;INF194K01I60;;2253.4220;;;03-Mar-2019
118363;BANDHAN LIQUID Fund -Direct Plan-Periodic IDCW;INF194K01J02;INF194K01I94;1392.6988;;;03-Mar-2019

Bank of India Mutual Fund
141887;BANK OF INDIA Liquid Fund  Unclaimed Dividend greater than  3 years;;;1000.0000;;;03-Mar-2019
141889;BANK OF INDIA Liquid Fund  Unclaimed Dividend Upto 3 years;;;1098.1401;;;03-Mar-2019
141888;BANK OF INDIA Liquid Fund  Unclaimed Redemption greater than  3 years;;;1000.0000;;;03-Mar-2019
141890;BANK OF INDIA Liquid Fund  Unclaimed Redemption Upto 3 years;;;1098.0263;;;03-Mar-2019
119368;BANK OF INDIA Liquid Fund- Direct Plan- Daily IDCW;;INF761K01CL0;1002.6483;;;03-Mar-2019
119369;BANK OF INDIA Liquid Fund- Direct Plan- Growth;INF761K01785;;2141.5380;;;03-Mar-2019
119370;BANK OF INDIA Liquid Fund- Direct Plan- Weekly IDCW;;INF761K01CM8;1062.7387;;;03-Mar-2019
111971;BANK OF INDIA Liquid Fund- Regular Plan- Daily IDCW;;INF761K01CO4;1002.1069;;;03-Mar-2019
109254;BANK OF INDIA Liquid Fund- Regular Plan- Growth;INF761K01306;;2128.6981;;;03-Mar-2019
109255;BANK OF INDIA Liquid Fund- Regular Plan- Weekly IDCW;;INF761K01CP1;1002.4191;;;03-Mar-2019

Baroda BNP Paribas Mutual Fund
119414;Baroda BNP Paribas LIQUID FUND - DIRECT PLAN - DAILY IDCW OPTION;INF955L01AK2;;1002.0849;;;03-Mar-2019
119415;Baroda BNP Paribas LIQUID FUND - DIRECT PLAN - GROWTH OPTION;INF955L01AL0;;2138.5478;;;03-Mar-2019
119416;Baroda BNP Paribas LIQUID FUND - DIRECT PLAN - WEEKLY IDCW OPTION;INF251K01SL8;;1220.3959;;;03-Mar-2019
111707;Baroda BNP Paribas LIQUID FUND - Regular Plan - DAILY IDCW OPTION;INF955L01468;INF955L01476;1001.1996;;;03-Mar-2019
111704;Baroda BNP Paribas LIQUID FUND - Regular Plan - GROWTH OPTION;INF955L01484;;2126.0489;;;03-Mar-2019
111705;Baroda BNP Paribas LIQUID FUND - Regular Plan - WEEKLY IDCW OPTION;INF251K01SK0;INF955L01500;1001.0940;;;03-Mar-2019
101408;Baroda BNP Paribas LIQUID FUND- Defunct Plan -Growth Option;INF955L01575;;3128.4720;;;03-Mar-2019
101407;Baroda BNP Paribas LIQUID FUND-Defunct Plan- IDCW Option;INF955L01559;INF955L01567;2680.3487;;;03-Mar-2019
101409;Baroda BNP Paribas LIQUID FUND-Defunct Plan-Daily IDCW Option;INF955L01518;INF955L01526;1006.0602;;;03-Mar-2019

Canara Robeco Mutual Fund
118307;CANARA ROBECO LIQUID FUND - DIRECT PLAN - DAILY IDCW (Reinvestment);;INF760K01FS0;1005.5000;;;03-Mar-2019
118305;CANARA ROBECO LIQUID FUND - DIRECT PLAN - GROWTH OPTION;INF760K01FU6;;2245.4336;;;03-Mar-2019
118304;CANARA ROBECO LIQUID FUND - DIRECT PLAN - IDCW (Payout/Reinvestment);INF760K01FT8;;1607.5599;;;03-Mar-2019
118306;CANARA ROBECO LIQUID FUND - DIRECT PLAN - MONTHLY IDCW (Payout/Reinvestment);INF760K01FV4;INF760K01FW2;1000.7641;;;03-Mar-2019
118308;CANARA ROBECO LIQUID FUND - DIRECT PLAN - WEEKLY IDCW (Payout/Reinvestment);INF760K01FY8;INF760K01FX0;1000.7642;;;03-Mar-2019
109349;CANARA ROBECO LIQUID FUND - REGULAR PLAN - DAILY IDCW (Reinvestment);;INF760K01CU3;1005.5000;;;03-Mar-2019
109353;CANARA ROBECO LIQUID FUND - REGULAR PLAN - GROWTH OPTION;INF760K01CW9;;2239.5731;;;03-Mar-2019
109351;CANARA ROBECO LIQUID FUND - REGULAR PLAN - MONTHLY IDCW (Payout/Reinvestment);INF760K01CX7;INF760K01CY5;1000.7619;;;03-Mar-2019
109350;CANARA ROBECO LIQUID FUND - REGULAR PLAN - WEEKLY IDCW (Payout/Reinvestment);INF760K01BZ4;INF760K01CZ2;1000.7619;;;03-Mar-2019
139235;Canara Robeco Liquid Fund -Unclaimed Redemption and Dividend Plan -Direct Growth Option;INF760K01IC8;;1220.4566;;;03-Mar-2019

DSP Mutual Fund
119125;DSP Liquidity Fund - Direct Plan - Growth;INF740K01QL4;;2657.7328;;;03-Mar-2019
119124;DSP Liquidity Fund - Direct Plan - IDCW - Daily;;INF740KA1OB6;1001.3143;;;03-Mar-2019
119123;DSP Liquidity Fund - Direct Plan - IDCW - Weekly;INF740KA1OC4;INF740KA1OD2;1001.4720;;;03-Mar-2019
103347;DSP Liquidity Fund - Regular Plan - Growth;INF740K01FK9;;2643.1737;;;03-Mar-2019
103348;DSP Liquidity Fund - Regular Plan - IDCW - Weekly;INF740K01FM5;INF740K01FL7;1001.4638;;;03-Mar-2019
103349;DSP Liquidity Fund- Regular Plan - IDCW - Daily;;INF740KA1OE0;1001.3088;;;03-Mar-2019

Edelweiss Mutual Fund
140194;Edelweiss Liquid Fund - Direct Plan - Bonus Option;INF754K01GY9;;1389.9394;;;03-Mar-2019
140196;Edelweiss Liquid Fund - Direct Plan - Growth Option;INF754K01GM4;;2389.0997;;;03-Mar-2019
140198;Edelweiss Liquid Fund - Direct Plan - IDCW Option;INF754K01GO0;INF754K01GN2;2389.1124;;;03-Mar-2019
140192;Edelweiss Liquid Fund - Direct Plan Annual - IDCW Option;INF754K01GX1;INF754K01GT9;2389.0958;;;03-Mar-2019
140193;Edelweiss Liquid Fund - Direct Plan daily - IDCW Option;;INF754K01GP7;1002.9603;;;03-Mar-2019
140199;Edelweiss Liquid Fund - Direct Plan Fortnightly - IDCW Option;INF754K01GV5;INF754K01GR3;2171.5612;;;03-Mar-2019
140197;Edelweiss Liquid Fund - Direct Plan Monthly - IDCW Option;INF754K01GW3;INF754K01GS1;1022.7227;;;03-Mar-2019
140195;Edelweiss Liquid Fund - Direct Plan weekly - IDCW Option;INF754K01GU7;INF754K01GQ5;2173.1655;;;03-Mar-2019
140189;Edelweiss Liquid Fund - Regular Plan - Bonus Option;INF754K01HR1;;1382.4906;;;03-Mar-2019
140182;Edelweiss Liquid Fund - Regular Plan - Growth Option;INF754K01GZ6;;2373.4067;;;03-Mar-2019
140190;Edelweiss Liquid Fund - Regular Plan - IDCW Option;INF754K01GK8;INF754K01GL6;2373.4097;;;03-Mar-2019
140188;Edelweiss Liquid Fund - Regular Plan Annual - IDCW Option;INF754K01HQ3;INF754K01HP5;1642.1888;;;03-Mar-2019
140181;Edelweiss Liquid Fund - Regular Plan Daily - IDCW Option;;INF754K01HA7;1002.79;;;03-Mar-2019
140184;Edelweiss Liquid Fund - Regular Plan Fortnightly - IDCW Option;INF754K01HK6;INF754K01HC3;2153.5026;;;03-Mar-2019
140183;Edelweiss Liquid Fund - Regular Plan Monthly - IDCW Option;INF754K01HL4;INF754K01HD1;1004.1992;;;03-Mar-2019
140185;Edelweiss Liquid Fund - Regular Plan Weekly - IDCW Option;INF754K01HJ8;INF754K01HB5;1018.7607;;;03-Mar-2019
140176;Edelweiss Liquid Fund - Retail Plan - Growth Option;INF754K01HE9;;2158.454;;;03-Mar-2019
140178;Edelweiss Liquid Fund - Retail Plan - Weekly Dividend Option;;INF754K01HG4;1112.4368;;;03-Mar-2019
140177;Edelweiss Liquid Fund - Retail Plan Daily - IDCW Option;;INF754K01HF6;1002.1564;;;03-Mar-2019
140180;Edelweiss Liquid Fund - Retail Plan Monthly - IDCW Option;;INF754K01HI0;1125.5682;;;03-Mar-2019
141159;Edelweiss Liquid Fund - Unclaimed Dividend Plan- Above 3 years;;;1000;;;03-Mar-2019
141161;Edelweiss Liquid Fund - Unclaimed Dividend Plan- Upto 3 years;;;1142.5158;;;03-Mar-2019
141162;Edelweiss Liquid Fund - Unclaimed Redemption Plan- Above 3 years;;;1000;;;03-Mar-2019
141160;Edelweiss Liquid Fund - Unclaimed Redemption Plan- Upto 3 years;;;1142.5249;;;03-Mar-2019

Franklin Templeton Mutual Fund
100541;Franklin India Liquid Fund - Regular Plan - Daily - IDCW;;INF090I01BA3;1512.2956;;;03-Mar-2019
100538;Franklin India Liquid Fund - Regular Plan - Growth;INF090I01BB1;;4347.6041;;;03-Mar-2019
100537;Franklin India Liquid Fund - Regular Plan - Weekly - IDCW;INF090I01BL0;INF090I01BI6;1244.3238;;;03-Mar-2019
118577;Franklin India Liquid Fund - Super Institutional - Direct - Growth;INF090I01JV2;;2781.2694;;;03-Mar-2019
100547;Franklin India Liquid Fund - Super Institutional Plan - Daily - IDCW;;INF090I01BF2;1000.7051;;;03-Mar-2019
118578;Franklin India Liquid Fund - Super Institutional Plan - Direct - Daily - IDCW;INF090I01JW0;;1001.8422;;;03-Mar-2019
118579;Franklin India Liquid Fund - Super Institutional Plan - Direct - Weekly - IDCW;INF090I01JX8;INF090I01JY6;1021.3891;;;03-Mar-2019
100546;Franklin India Liquid Fund - Super Institutional Plan - Growth;INF090I01BG0;;2771.0782;;;03-Mar-2019
100548;Franklin India Liquid Fund - Super Institutional Plan - Weekly - IDCW;INF090I01BM8;INF090I01BH8;1021.1243;;;03-Mar-2019
139890;Franklin India Liquid Fund - Unclaimed IDCW Plan - Growth;INF090I01LP0;;11.7650;;;03-Mar-2019
139889;Franklin India Liquid Fund - Unclaimed Redemption Plan - Growth;INF090I01LO3;;11.7650;;;03-Mar-2019
102441;Franklin India Liquid Fund - Institution-Growth;INF090I01BD7;;2818.3624;;;03-Mar-2019
102443;Franklin India Liquid Fund - Institutional Plan - Daily - IDCW;;INF090I01BC9;1000.6505;;;03-Mar-2019
102442;Franklin India Liquid Fund - Institutional Plan - Weekly - IDCW;INF090I01BJ4;INF090I01BE5;1054.7184;;;03-Mar-2019

Groww Mutual Fund
119135;Groww Liquid Fund ( formerly known as Indiabulls Liquid )Fund - Direct Plan - Growth Option;INF666M01451;;1814.8239;;;03-Mar-2019
119136;Groww Liquid Fund (formerly known as Indiabulls Liquid Fund) - Direct Plan- - Income Distribution cum capital withdrawal Option ( Reinvestment);;INF666M01469;1001.0600;;;03-Mar-2019
115991;Groww Liquid Fund (formerly known as Indiabulls Liquid Fund) - Regular Plan - Growth Option;INF666M01014;;1803.9735;;;03-Mar-2019
119138;Groww Liquid Fund (formerly known as Indiabulls Liquid Fund)- Direct Plan- Fortnightly - Income Distribution cum capital withdrawal Option (Payout & Reinvestment);INF666M01501;INF666M01485;1001.5353;;;03-Mar-2019
119139;Groww Liquid Fund (formerly known as Indiabulls Liquid Fund)- Direct Plan- Monthly - Income Distribution cum capital withdrawal Option (Payout & Reinvestment);INF666M01519;INF666M01493;1029.7670;;;03-Mar-2019
119137;Groww Liquid Fund (formerly known as Indiabulls Liquid Fund)- Direct Plan- Weekly - Income Distribution cum capital withdrawal Option (Payout & Reinvestment);INF666M01527;INF666M01477;1001.6178;;;03-Mar-2019
115992;Groww Liquid Fund (formerly known as Indiabulls Liquid Fund)- Regular Plan- - Income Distribution cum capital withdrawal Option (Reinvestment);;INF666M01022;1001.1451;;;03-Mar-2019
115995;Groww Liquid Fund (formerly known as Indiabulls Liquid Fund)- Regular Plan- Monthly - Income Distribution cum capital withdrawal Option (Payout & Reinvestment);INF666M01071;INF666M01055;1001.2564;;;03-Mar-2019
115993;Groww Liquid Fund (formerly known as Indiabulls Liquid Fund)- Regular Plan- Weekly - Income Distribution cum capital withdrawal Option (Payout & Reinvestment);INF666M01089;INF666M01030;1002.6735;;;03-Mar-2019
115994;Groww Liquid Fund (formerly known as Indiabulls Liquid) Fund- Regular Plan- Fortnightly - Income Distribution cum capital withdrawal Option (Payout & Reinvestment);INF666M01063;INF666M01048;1001.4136;;;03-Mar-2019

ICICI Prudential Mutual Fund
120197;ICICI Prudential Liquid Fund - Direct Plan - Growth;INF109K01Q49;;274.761;;;03-Mar-2019
103340;ICICI Prudential Liquid Fund - Growth;INF109K01VQ1;;273.7839;;;03-Mar-2019
103344;ICICI Prudential Liquid Fund - Institutional Option - I;INF109K01VH0;;257.697;;;03-Mar-2019
101750;ICICI Prudential Liquid Fund Retail Growth;INF109K01UQ3;;421.9427;;;03-Mar-2019
101751;ICICI Prudential Liquid Institutional Fund - Growth;INF109K01VF4;;432.7542;;;03-Mar-2019

IDBI Mutual Fund
126163;IDBI Liquid Fund Bonus Direct;INF397L01FP5;;1491.0406;;;03-Mar-2019
126164;IDBI Liquid Fund Bonus Regular;INF397L01FO8;;1483.7561;;;03-Mar-2019
118345;IDBI Liquid Fund Growth Direct;INF397L01AH3;;1991.0981;;;03-Mar-2019
113104;IDBI Liquid Fund- Monthly IDCW;INF397L01976;INF397L01968;1004.8090;;;03-Mar-2019
118449;IDBI Liquid Fund- Monthly IDCW Direct;INF397L01AK7;INF397L01AJ9;1003.2657;;;03-Mar-2019
113102;IDBI Liquid Fund-Daily IDCW;;INF397L01935;1005.2683;;;03-Mar-2019
118450;IDBI Liquid Fund-Daily IDCW Direct;;INF397L01AI1;1002.3548;;;03-Mar-2019
113096;IDBI Liquid Fund-Growth;INF397L01984;;1978.3359;;;03-Mar-2019
113103;IDBI Liquid Fund-Weekly IDCW;INF397L01950;INF397L01943;1024.3958;;;03-Mar-2019
118451;IDBI Liquid Fund-Weekly IDCW Direct;INF397L01AM3;INF397L01AL5;1004.2618;;;03-Mar-2019

Invesco Mutual Fund
122786;Invesco India Liquid Fund - Bonus Option;INF205K01UX5;;2547.2581;;;03-Mar-2019
104484;Invesco India Liquid Fund - Daily IDCW (Reinvestment);;INF205K01HN3;1001.7798;;;03-Mar-2019
120537;Invesco India Liquid Fund - Direct Plan - Growth;INF205K01MF9;;2557.7531;;;03-Mar-2019
120536;Invesco India Liquid Fund - Direct Plan - Monthly IDCW (Payout / Reinvestment);INF205K01MG7;INF205K01MH5;1028.2906;;;03-Mar-2019
120535;Invesco India Liquid Fund - Direct Plan - Weekly IDCW (Reinvestment);INF205KA1BE5;INF205K01MI3;1001.6396;;;03-Mar-2019
120534;Invesco India Liquid Fund - Direct Plan- Daily IDCW (Reinvestment);;INF205K01ME2;1000.79;;;03-Mar-2019
104486;Invesco India Liquid Fund - Growth;INF205K01HM5;;2547.1378;;;03-Mar-2019
104492;Invesco India Liquid Fund - Monthly IDCW (Payout / Reinvestment);INF205K01HQ6;INF205K01HP8;1003.7052;;;03-Mar-2019
104488;Invesco India Liquid Fund - Regular - Growth;INF205K01HG7;;2332.3477;;;03-Mar-2019
104489;Invesco India Liquid Fund - Regular - Weekly IDCW (Reinvestment);;INF205K01HH5;1002.0209;;;03-Mar-2019
139389;Invesco India Liquid Fund - Unclaimed Dividend Plan - Below 3 Years;;;1212.0695;;;03-Mar-2019
139387;Invesco India Liquid Fund - Unclaimed Redemption Plan - Below 3 years;;;1212.0236;;;03-Mar-2019
104485;Invesco India Liquid Fund - Weekly IDCW (Reinvestment);INF205KA1BD7;INF205K01HO1;1003.7563;;;03-Mar-2019

LIC Mutual Fund
120248;LIC MF Liquid Fund-Direct Plan-Daily IDCW;INF767K01DL5;INF767K01DM3;1098;;;03-Mar-2019
120249;LIC MF Liquid Fund-Direct Plan-Growth;INF767K01DN1;;3368.7182;;;03-Mar-2019
101184;LIC MF Liquid Fund-Regular Plan-Daily IDCW;INF767K01IQ3;INF767K01IR1;1098;;;03-Mar-2019
101185;LIC MF Liquid Fund-Regular Plan-Growth;INF767K01IS9;;3347.5685;;;03-Mar-2019

Mahindra Manulife Mutual Fund
139535;Mahindra Manulife Liquid Fund - Direct Plan - Daily IDCW;;INF174V01051;1000.3285;;;03-Mar-2019
139536;Mahindra Manulife Liquid Fund - Direct Plan - Weekly IDCW;;INF174V01069;1003.5504;;;03-Mar-2019
139538;Mahindra Manulife Liquid Fund - Direct Plan -Growth;INF174V01044;;1203.9576;;;03-Mar-2019
139534;Mahindra Manulife Liquid Fund - Regular Plan - Daily IDCW;;INF174V01028;1000.3285;;;03-Mar-2019
139537;Mahindra Manulife Liquid Fund - Regular Plan - Growth;INF174V01010;;1199.5384;;;03-Mar-2019
139541;Mahindra Manulife Liquid Fund - Regular Plan - Weekly IDCW;;INF174V01036;1009.9629;;;03-Mar-2019
139539;Mahindra Manulife Liquid Fund - Unclaimed Redemption / IDCW Upto three years;;;1069.3256;;;03-Mar-2019

Nippon India Mutual Fund
100852;NIPPON INDIA LIQUID FUND - DAILY IDCW OPTION;;INF204K01UM1;1529.3349;;;03-Mar-2019
118695;NIPPON INDIA LIQUID FUND - DIRECT Plan - DAILY IDCW OPTION;;INF204K01ZG2;1529.3416;;;03-Mar-2019
118696;NIPPON INDIA LIQUID FUND - DIRECT Plan - MONTHLY IDCW OPTION;INF204K01ZI8;INF204K01ZJ6;1590.4724;;;03-Mar-2019
118698;NIPPON INDIA LIQUID FUND - DIRECT Plan - QUARTERLY IDCW OPTION;INF204K01ZK4;INF204K01ZL2;1020.9178;;;03-Mar-2019
118700;NIPPON INDIA LIQUID FUND - DIRECT Plan - WEEKLY IDCW OPTION;INF204KC1FN6;INF204K01ZM0;1530.9021;;;03-Mar-2019
118701;Nippon India Liquid Fund - Direct Plan Growth Plan - Growth Option;INF204K01ZH0;;4534.3587;;;03-Mar-2019
100855;NIPPON INDIA LIQUID FUND - MONTHLY IDCW OPTION;INF204K01UO7;INF204K01UP4;1587.1398;;;03-Mar-2019
112340;NIPPON INDIA LIQUID FUND - QUARTERLY IDCW OPTION;INF204K01UQ2;INF204K01UR0;1018.4557;;;03-Mar-2019
100837;Nippon India Liquid Fund - Retail Option - Growth Plan;INF204K01UL3;;4156.3522;;;03-Mar-2019
100842;NIPPON INDIA LIQUID FUND - RETAIL Plan - DAILY IDCW OPTION;;INF204K01UJ7;1524.8004;;;03-Mar-2019
100843;NIPPON INDIA LIQUID FUND - RETAIL plan - MONTHLY IDCW OPTION;INF204K01UT6;INF204K01UU4;1329.0140;;;03-Mar-2019
100844;NIPPON INDIA LIQUID FUND - RETAIL Plan - QUARTERLY IDCW OPTION;INF204K01UV2;INF204K01UW0;1231.8329;;;03-Mar-2019
100838;NIPPON INDIA LIQUID FUND - RETAIL Plan - WEEKLY IDCW OPTION;;INF204K01UK5;1034.5202;;;03-Mar-2019
100853;NIPPON INDIA LIQUID FUND - WEEKLY IDCW OPTION;INF204KC1FM8;INF204K01US8;1530.8957;;;03-Mar-2019
100851;Nippon India Liquid Fund -Growth Plan;INF204K01UN9;;4512.0933;;;03-Mar-2019

PGIM India Mutual Fund
138306;PGIM India INSTA CASH FUND - Annual Bonus Option;INF223J01WV0;;143.0085;;;03-Mar-2019
138305;PGIM India Insta Cash Fund - Direct Plan -  Annual Bonus Option;INF223J01WW8;;145.9964;;;03-Mar-2019
138296;PGIM India Insta Cash Fund - Direct Plan - Annual Dividend;INF223J01NO4;INF223J01NP1;140.625;;;03-Mar-2019
138300;PGIM India Insta Cash Fund - Direct Plan - Quarterly Dividend;INF223J01NX5;;146.0457;;;03-Mar-2019
138294;PGIM India Insta Cash Fund - Quarterly Dividend Option;INF223J01IN6;INF223J01IO4;144.1745;;;03-Mar-2019
139603;PGIM India Insta Cash Fund - Unclaimed Dividend Plan - Below 3 years;;;118.4816;;;03-Mar-2019
139604;PGIM India Insta Cash Fund - Unclaimed Redemption Plan - Above 3 years;;;100.0564;;;03-Mar-2019
139605;PGIM India Insta Cash Fund - Unclamied Dividend Plan - Above 3 years;;;100.0564;;;03-Mar-2019
139602;PGIM India Insta Cash Fund - Unlcaimed Redemption Plan - Below 3 years;;;118.3328;;;03-Mar-2019
138292;PGIM India Insta Cash Fund- Annual Dividend Option;INF223J01IP1;INF223J01IQ9;140.6387;;;03-Mar-2019
138278;PGIM India Insta Cash Fund-DIVIDEND-WEEKLY DIVIDEND;INF223J01BN1;;10.3549;;;03-Mar-2019
138283;PGIM India Insta Cash Fund-Institutional Plan-Daily Dividend;INF223J01BA8;;10.0516;;;03-Mar-2019
138282;PGIM India Insta Cash Fund-Institutional Plan-Growth;INF223J01BB6;;25.5258;;;03-Mar-2019
138304;PGIM India INSTA CASH FUND-Monthly Bonus Option;INF223J01VD0;;136.5044;;;03-Mar-2019
138286;PGIM India Liquid Fund - Bonus Option;INF223J01BQ4;;164.477;;;03-Mar-2019
138285;PGIM India Liquid Fund - Daily Dividend;;INF223J01BO9;100.304;;;03-Mar-2019
138297;PGIM India Liquid Fund - Direct Plan - Daily Dividend;INF223J01NR7;;100.7847;;;03-Mar-2019
138299;PGIM India Liquid Fund - Direct Plan - Growth;INF223J01NS5;;241.554;;;03-Mar-2019
138298;PGIM India Liquid Fund - Direct Plan - Monthly Dividend;INF223J01NT3;INF223J01NU1;107.4842;;;03-Mar-2019
138301;PGIM India Liquid Fund - Direct Plan - Weekly Dividend;INF223J01NV9;INF223J01NW7;100.5432;;;03-Mar-2019
138288;PGIM India Liquid Fund - Growth;INF223J01BP6;;240.5892;;;03-Mar-2019
138287;PGIM India Liquid Fund - Monthly Dividend;INF223J01BL5;;107.9119;;;03-Mar-2019
138289;PGIM India Liquid Fund - Weekly Dividend;INF223J01BU6;;100.543;;;03-Mar-2019
138280;PGIM India Liquid Fund-DIVIDEND-Daily Dividend;;INF223J01BI1;10.301;;;03-Mar-2019
138281;PGIM India Liquid Fund-Growth-GROWTH;INF223J01BJ9;;26.9168;;;03-Mar-2019

Principal Mutual Fund
100895;Principal Cash Management Fund - Daily Income Distribution CUM Capital Withdrawal;;INF173K01DB7;946.6935;;;03-Mar-2019
119468;Principal Cash Management Fund - Direct Plan - Growth Option;INF173K01GU0;;1653.9320;;;03-Mar-2019
119467;Principal Cash Management Fund - Direct Plan - Income Distribution CUM Capital Withdrawal Option - Daily;;INF173K01GT2;946.8754;;;03-Mar-2019
119469;Principal Cash Management Fund - Direct Plan - Income Distribution CUM Capital Withdrawal Option - Weekly;;INF173K01GY2;953.0432;;;03-Mar-2019
100897;Principal Cash Management Fund - Monthly Income Distribution CUM Capital Withdrawal Option;INF173K01BV9;INF173K01BW7;971.5658;;;03-Mar-2019
100896;Principal Cash Management Fund - Weekly Income Distribution CUM Capital Withdrawal Option;;INF173K01DC5;952.1895;;;03-Mar-2019
119466;Principal Cash Management Fund -Direct Plan - Income Distribution CUM Capital Withdrawal Option - Monthly;INF173K01GV8;INF173K01GW6;972.0491;;;03-Mar-2019
100898;Principal Cash Management Fund -Growth Option;INF173K01DA9;;1645.9658;;;03-Mar-2019

Quantum Mutual Fund
103736;Quantum Liquid Fund - Direct Plan Daily IDCW;;INF082J01135;10.0094;;;03-Mar-2019
103734;Quantum Liquid Fund - Direct Plan Growth Option;INF082J01127;;25.3499;;;03-Mar-2019
103735;Quantum Liquid Fund - Direct Plan Monthly IDCW;INF082J01143;INF082J01200;10.0164;;;03-Mar-2019
141065;Quantum Liquid Fund - Regular Plan Daily IDCW;;INF082J01317;10.0042;;;03-Mar-2019
141066;Quantum Liquid Fund - Regular Plan Growth Option;INF082J01309;;25.3233;;;03-Mar-2019
141067;Quantum Liquid Fund - Regular Plan Monthly IDCW;INF082J01325;INF082J01333;10.0160;;;03-Mar-2019

SBI Mutual Fund
119804;SBI Liquid Fund - Direct Paln - Fortnightly Income Distribution cum Capital Withdrawal Option (IDCW);INF200K01UR8;INF200K01US6;1013.3855;;;03-Mar-2019
119805;SBI Liquid Fund - Direct Plan - Daily Income Distribution cum Capital Withdrawal Option (IDCW);;INF200K01UQ0;1003.2500;;;03-Mar-2019
119799;SBI Liquid Fund - Direct Plan - Weekly Income Distribution cum Capital Withdrawal Option (IDCW);INF200K01UU2;INF200K01UV0;1061.2621;;;03-Mar-2019
119800;SBI Liquid Fund - DIRECT PLAN -Growth;INF200K01UT4;;2910.7175;;;03-Mar-2019
105274;SBI Liquid Fund - Institutional - Growth;INF200K01LU1;;2926.0008;;;03-Mar-2019
105275;SBI Liquid Fund - Institutional Daily Income Distribution cum Capital Withdrawal Option (IDCW);;INF200K01LR7;1003.2500;;;03-Mar-2019
105279;SBI Liquid Fund - Institutional Fortnightly Income Distribution cum Capital Withdrawal Option (IDCW);INF200K01LS5;INF200K01LT3;1024.6952;;;03-Mar-2019
105278;SBI Liquid Fund - Institutional Weekly Income Distribution cum Capital Withdrawal Option (IDCW);INF200K01LV9;INF200K01LW7;1060.5507;;;03-Mar-2019
105281;SBI Liquid Fund - Regular Plan - Daily Income Distribution cum Capital Withdrawal Option (IDCW);;INF200K01LX5;1003.2500;;;03-Mar-2019
105283;SBI Liquid Fund - Regular Plan - Fortnightly Income Distribution cum Capital Withdrawal Option (IDCW);INF200K01LY3;INF200K01LZ0;1013.2408;;;03-Mar-2019
105282;SBI Liquid Fund - Regular Plan - Weekly Income Distribution cum Capital Withdrawal Option (IDCW);INF200K01MB9;INF200K01MC7;1061.2605;;;03-Mar-2019
105280;SBI Liquid Fund - REGULAR PLAN -Growth;INF200K01MA1;;2898.6633;;;03-Mar-2019

Sundaram Mutual Fund
119690;Sundaram Money Fund Direct Plan - Bonus;INF903J01RL8;;14.0190;;;03-Mar-2019
119688;Sundaram Money Fund Direct Plan - Daily Reinvestment of Income Distribution cum Capital Withdrawal (IDCW);;INF903J01QA3;10.1025;;;03-Mar-2019
119692;Sundaram Money Fund Direct Plan - Fortnightly Reinvestment of Income Distribution cum Capital Withdrawal (IDCW);;INF903J01QB1;26.1322;;;03-Mar-2019
119686;Sundaram Money Fund Direct Plan - Growth;INF903J01QF2;;39.1723;;;03-Mar-2019
119687;Sundaram Money Fund Direct Plan - Monthly Income Distribution cum Capital Withdrawal (IDCW);INF903J01QC9;INF903J01QD7;10.7243;;;03-Mar-2019
119689;Sundaram Money Fund Direct Plan - Quarterly Reinvestment of Income Distribution cum Capital Withdrawal (IDCW);;INF903J01QE5;37.1139;;;03-Mar-2019
119691;Sundaram Money Fund Direct Plan - Weekly Reinvestment of Income Distribution cum Capital Withdrawal (IDCW);;INF903J01QG0;11.8412;;;03-Mar-2019
102701;Sundaram Money Fund Institutional Plan - Daily Reinvestment of Income Distribution cum Capital Withdrawal (IDCW);;INF903J01GP2;10.0953;;;03-Mar-2019
102703;Sundaram Money Fund Institutional Plan - Growth;INF903J01GN7;;38.0231;;;03-Mar-2019
118328;Sundaram Money Fund Regular Plan - Bonus;INF903J01MB0;;13.9373;;;03-Mar-2019
103392;Sundaram Money Fund Regular Plan - Daily Reinvestment of Income Distribution cum Capital Withdrawal (IDCW);;INF903J01GW8;10.0953;;;03-Mar-2019
103395;Sundaram Money Fund Regular Plan - Fortnightly Reinvestment of Income Distribution cum Capital Withdrawal (IDCW);;INF903J01GY4;11.0556;;;03-Mar-2019
103397;Sundaram Money Fund Regular Plan - Growth;INF903J01GU2;;38.9902;;;03-Mar-2019
103396;Sundaram Money Fund Regular Plan - Monthly Income Distribution cum Capital Withdrawal (IDCW);INF903J01GV0;INF903J01GZ1;10.5807;;;03-Mar-2019
103393;Sundaram Money Fund Regular Plan - Quarterly Reinvestment of Income Distribution cum Capital Withdrawal (IDCW);;INF903J01HA2;36.9827;;;03-Mar-2019
100620;Sundaram Money Fund Retail Plan - Daily Reinvestment of Income Distribution cum Capital Withdrawal (IDCW);;INF903J01GI7;10.0953;;;03-Mar-2019
100622;Sundaram Money Fund Retail Plan - Fortnightly Reinvestment of Income Distribution cum Capital Withdrawal (IDCW);;INF903J01GK3;11.0380;;;03-Mar-2019
100618;Sundaram Money Fund Retail Plan - Growth;INF903J01GG1;;36.4383;;;03-Mar-2019
100623;Sundaram Money Fund Retail Plan - Monthly Income Distribution cum Capital Withdrawal (IDCW);INF903J01GH9;INF903J01GL1;10.5939;;;03-Mar-2019
100619;Sundaram Money Fund Retail Plan - Quarterly Reinvestment of Income Distribution cum Capital Withdrawal (IDCW);;INF903J01GM9;12.5431;;;03-Mar-2019
100621;Sundaram Money Fund Retail Plan - Weekly Reinvestment of Income Distribution cum Capital Withdrawal (IDCW);;INF903J01GJ5;11.7765;;;03-Mar-2019
140006;Sundaram Money Fund Unclaimed Amount Plan - Unclaimed Dividend Less Than Three Years;INF903JA1567;;11.7198;;;03-Mar-2019
140005;Sundaram Money Fund Unclaimed Amount Plan - Unclaimed Dividend More Than Three Years;INF903JA1575;;10.0000;;;03-Mar-2019
140003;Sundaram Money Fund Unclaimed Amount Plan - Unclaimed Redemption Less Than Three Years;INF903JA1542;;11.7287;;;03-Mar-2019
140004;Sundaram Money Fund Unclaimed Amount Plan - Unclaimed Redemption More Than Three Years;INF903JA1559;;10.0000;;;03-Mar-2019
103394;Sundaram Money Fund Regular Plan - Weekly Reinvestment of Income Distribution cum Capital Withdrawal (IDCW);;INF903J01GX6;11.8200;;;03-Mar-2019

Tata Mutual Fund
102672;Tata Liquid Fund -Regular Plan - Growth Option;INF277K01YD8;;2914.1021;;;03-Mar-2019
119862;Tata Liquid Fund- Direct Plan - Daily Reinvestment of IDCW Option;;INF277K012D2;1001.5187;;;03-Mar-2019
119861;Tata Liquid Fund- Direct Plan-Growth Option;INF277K01YE6;;2927.6376;;;03-Mar-2019
101714;Tata Liquid Fund- Regular Plan - Daily Reinvestment of IDCW Option;;INF277K011D4;1001.5157;;;03-Mar-2019

Union Mutual Fund
115401;Union Liquid Fund - Daily IDCW Option;;INF582M01021;998.1729;;;03-Mar-2019
119301;Union Liquid Fund - Direct Plan - Daily IDCW Option;;INF582M01682;998.8313;;;03-Mar-2019
119305;Union Liquid Fund - Direct Plan - Fortnightly IDCW Option;INF582M01724;INF582M01708;998.9067;;;03-Mar-2019
119303;Union Liquid Fund - Direct Plan - Growth Option;INF582M01674;;1788.7790;;;03-Mar-2019
119302;Union Liquid Fund - Direct Plan - Monthly IDCW Option;INF582M01732;INF582M01716;1001.4348;;;03-Mar-2019
119304;Union Liquid Fund - Direct Plan - Weekly IDCW Option;;INF582M01690;999.0938;;;03-Mar-2019
115399;Union Liquid Fund - Fortnightly IDCW Option;INF582M01062;INF582M01047;998.4959;;;03-Mar-2019
115398;Union Liquid Fund - Growth Option;INF582M01013;;1778.0981;;;03-Mar-2019
115400;Union Liquid Fund - Monthly IDCW Option;INF582M01070;INF582M01054;1001.0667;;;03-Mar-2019
142345;Union Liquid Fund - Unclaimed Amounts Plan - IDCW Beyond 3 years;;;992.0600;;;03-Mar-2019
142344;Union Liquid Fund - Unclaimed Amounts Plan - IDCW Upto 3 years;;;1040.9657;;;03-Mar-2019
142343;Union Liquid Fund - Unclaimed Amounts Plan - Redemption Beyond 3 years;;;996.1756;;;03-Mar-2019
142342;Union Liquid Fund - Unclaimed Amounts Plan - Redemption Upto 3 years;;;1040.9390;;;03-Mar-2019
115402;Union Liquid Fund - Weekly IDCW Option;;INF582M01039;998.5039;;;03-Mar-2019

UTI Mutual Fund
134427;UTI Liquid Fund - Direct Plan - Annual IDCW;INF789FA1K63;INF789FA1K71;1337.8424;;;03-Mar-2019
120558;UTI Liquid Fund - Direct Plan - Daily IDCW (Reinvestment);;INF789F01XP8;1019.4457;;;03-Mar-2019
141768;UTI Liquid Fund - Direct Plan - Flexi IDCW;INF789FA1K89;INF789FA1K97;1101.9205;;;03-Mar-2019
140913;UTI Liquid Fund - Direct Plan - Fortnightly IDCW;INF789FA1K06;INF789FA1K14;1156.1602;;;03-Mar-2019
140504;UTI Liquid Fund - Direct Plan - Half-Yearly IDCW;INF789FA1K48;INF789FA1K55;1045.027;;;03-Mar-2019
120794;UTI Liquid Fund - Direct Plan - Monthly IDCW;INF789F01XR4;INF789F01XS2;1025.5832;;;03-Mar-2019
140024;UTI Liquid Fund - Direct Plan - Quarterly IDCW;INF789FA1K22;INF789FA1K30;1263.5104;;;03-Mar-2019
120777;UTI Liquid Fund - Direct Plan - Weekly IDCW;;INF789F01XT0;1053.7631;;;03-Mar-2019
133973;UTI Liquid Fund - Regular Plan - Annual IDCW;INF789FA1J66;INF789FA1J74;1336.7038;;;03-Mar-2019
102010;UTI Liquid Fund - Regular Plan - Daily IDCW (Reinvestment);;INF789F01PG3;1019.4457;;;03-Mar-2019
140517;UTI Liquid Fund - Regular Plan - Flexi IDCW;INF789FA1J82;INF789FA1J90;1101.6704;;;03-Mar-2019
139838;UTI Liquid Fund - Regular Plan - Fortnightly IDCW;INF789FA1J09;INF789FA1J17;1155.3312;;;03-Mar-2019
144475;UTI Liquid Fund - Regular Plan - Half-Yearly IDCW;INF789FA1J41;INF789FA1J58;1044.6059;;;03-Mar-2019
102011;UTI Liquid Fund - Regular Plan - Monthly IDCW;INF789F01PI9;INF789F01PJ7;1025.5797;;;03-Mar-2019
135721;UTI Liquid Fund - Regular Plan - Quarterly IDCW;INF789FA1J25;INF789FA1J33;1262.0893;;;03-Mar-2019
102013;UTI Liquid Fund - Regular Plan - Weekly IDCW;;INF789F01PK5;1053.7545;;;03-Mar-2019
120304;UTI-  Liquid Cash Plan - Direct Plan - Growth Option;INF789F01XQ6;;3042.0369;;;03-Mar-2019
102012;UTI-  Liquid Cash Plan - Regular Plan - Growth Option;INF789F01PH1;;3031.4279;;;03-Mar-2019
102008;UTI-  Liquid Cash Plan- Discontinued - Regular Plan - Monthly Dividend Option;INF789F01BC2;INF789F01BA6;1176.9407;;;03-Mar-2019
102009;UTI-  Liquid Cash Plan- Discontinued - Regular Plan -Growth;INF789F01BB4;;2834.8463;;;03-Mar-2019
102007;UTI-  Liquid Cash Plan- Discontinued -Regular Plan Periodic Dividend Option;;INF789F01AZ5;1132.0258;;;03-Mar-2019

Close Ended Schemes ( Income )


SBI Mutual Fund
135904;SBI DEBT FUND SERIES B - 29 (1200 DAYS) - DIRECT PLAN - DIVIDEND;INF200KA1HK4;;12.8133;;;03-Mar-2019
135905;SBI DEBT FUND SERIES B - 29 (1200 DAYS) - DIRECT PLAN - GROWTH;INF200KA1HJ6;;12.8139;;;03-Mar-2019
135903;SBI DEBT FUND SERIES B - 29 (1200 DAYS) - REGULAR PLAN - DIVIDEND;INF200KA1HI8;;12.6649;;;03-Mar-2019
135902;SBI DEBT FUND SERIES B - 29 (1200 DAYS) - REGULAR PLAN - GROWTH;INF200KA1HH0;;12.6649;;;03-Mar-2019
136143;SBI DEBT FUND SERIES B - 31 (1200 DAYS) - DIRECT PLAN - DIVIDEND;INF200KA1HW9;;12.6715;;;03-Mar-2019
136142;SBI DEBT FUND SERIES B - 31 (1200 DAYS) - DIRECT PLAN - GROWTH;INF200KA1HV1;;12.6723;;;03-Mar-2019
136144;SBI DEBT FUND SERIES B - 31 (1200 DAYS) - REGULAR PLAN - DIVIDEND;INF200KA1HU3;;12.5304;;;03-Mar-2019
136141;SBI DEBT FUND SERIES B - 31 (1200 DAYS) - REGULAR PLAN - GROWTH;INF200KA1HT5;;12.5306;;;03-Mar-2019
136431;SBI DEBT FUND SERIES B - 33 (1131 DAYS) - DIRECT PLAN - DIVIDEND PAYOUT;INF200KA1II6;;12.6125;;;03-Mar-2019
136432;SBI DEBT FUND SERIES B - 33 (1131 DAYS) - DIRECT PLAN - GROWTH;INF200KA1IH8;;12.6076;;;03-Mar-2019
136434;SBI DEBT FUND SERIES B - 33 (1131 DAYS) - REGULAR PLAN - DIVIDEND PAYOUT;INF200KA1IG0;;12.4691;;;03-Mar-2019
136433;SBI DEBT FUND SERIES B - 33 (1131 DAYS) - REGULAR PLAN - GROWTH;INF200KA1IF2;;12.4692;;;03-Mar-2019
136477;SBI DEBT FUND SERIES B - 34 (1131 DAYS) - DIRECT PLAN - DIVIDEND PAYOUT;INF200KA1IM8;;12.5715;;;03-Mar-2019
136476;SBI DEBT FUND SERIES B - 34 (1131 DAYS) - DIRECT PLAN - GROWTH;INF200KA1IL0;;12.5691;;;03-Mar-2019
136475;SBI DEBT FUND SERIES B - 34 (1131 DAYS) - REGULAR PLAN - DIVIDEND PAYOUT;INF200KA1IK2;;12.4330;;;03-Mar-2019
136474;SBI DEBT FUND SERIES B - 34 (1131 DAYS) - REGULAR PLAN - GROWTH;INF200KA1IJ4;;12.4321;;;03-Mar-2019
136547;SBI DEBT FUND SERIES B - 35 (1131 DAYS) - DIRECT PLAN - DIVIDEND PAYOUT;INF200KA1IQ9;;12.5583;;;03-Mar-2019
136548;SBI DEBT FUND SERIES B - 35 (1131 DAYS) - DIRECT PLAN - GROWTH;INF200KA1IP1;;12.5590;;;03-Mar-2019
136546;SBI DEBT FUND SERIES B - 35 (1131 DAYS) - REGULAR PLAN - DIVIDEND PAYOUT;INF200KA1IO4;;12.4230;;;03-Mar-2019
136545;SBI DEBT FUND SERIES B - 35 (1131 DAYS) - REGULAR PLAN - GROWTH;INF200KA1IN6;;12.4228;;;03-Mar-2019
139226;SBI DEBT FUND SERIES B - 36 (1131 DAYS) - DIRECT PLAN - DIVIDEND PAYOUT;INF200KA1IY3;;12.4878;;;03-Mar-2019
139227;SBI DEBT FUND SERIES B - 36 (1131 DAYS) - DIRECT PLAN - GROWTH;INF200KA1IX5;;12.4852;;;03-Mar-2019
139225;SBI DEBT FUND SERIES B - 36 (1131 DAYS) - REGULAR PLAN - DIVIDEND PAYOUT;INF200KA1IW7;;12.3514;;;03-Mar-2019
139228;SBI DEBT FUND SERIES B- 36 (1131 DAYS) - REGULAR PLAN - GROWTH;INF200KA1IV9;;12.3513;;;03-Mar-2019
139403;SBI DEBT FUND SERIES B - 41(1100 DAYS)- DIRECT PLAN - DIVIDEND PAYOUT;INF200KA1JS3;;12.2695;;;03-Mar-2019
139406;SBI DEBT FUND SERIES B - 41(1100 DAYS)- DIRECT PLAN - GROWTH;INF200KA1JR5;;12.2692;;;03-Mar-2019
139405;SBI DEBT FUND SERIES B - 41(1100 DAYS)- REGULAR PALN - GROWTH;INF200KA1JP9;;12.1456;;;03-Mar-2019
139404;SBI DEBT FUND SERIES B - 41(1100 DAYS)- REGULAR PLAN - DIVIDEND PAYOUT;INF200KA1JQ7;;12.1456;;;03-Mar-2019
139565;SBI DEBT FUNDS SERIES B - 42 (1100 DAYS) - DIRECT PLAN - DIVIDEND PAYOUT;INF200KA1KB7;;12.1095;;;03-Mar-2019
139567;SBI DEBT FUNDS SERIES B - 42 (1100 DAYS) - DIRECT PLAN - GROWTH;INF200KA1KA9;;12.1095;;;03-Mar-2019
139564;SBI DEBT FUNDS SERIES B - 42 (1100 DAYS) - REGULAR PLAN - DIVIDEND PAYOUT;INF200KA1JZ8;;11.9919;;;03-Mar-2019
139566;SBI DEBT FUNDS SERIES B - 42 (1100 DAYS) - REGULAR PLAN - GROWTH;INF200KA1JY1;;11.9919;;;03-Mar-2019
139790;SBI DEBT FUND SERIES B - 43(1100 DAYS)- DIRECT PLAN - DIVIDEND PAYOUT;INF200KA1KR3;;11.9325;;;03-Mar-2019
139791;SBI DEBT FUND SERIES B - 43(1100 DAYS)- DIRECT PLAN - GROWTH;INF200KA1KQ5;;11.9325;;;03-Mar-2019
139789;SBI DEBT FUND SERIES B - 43(1100 DAYS)- REGULAR PLAN - GROWTH;INF200KA1KO0;;11.8216;;;03-Mar-2019
139788;SBI DEBT FUND SERIES B - 43(1100 DAYS)-REGULAR PLAN - DIVIDEND PAYOUT;INF200KA1KP7;;11.8216;;;03-Mar-2019
140012;SBI Debt Fund Series B - 44 (1100 Days) - Direct Plan - Dividend;INF200KA1LD1;;11.7247;;;03-Mar-2019
140011;SBI Debt Fund Series B - 44 (1100 Days) - Direct plan - Growth;INF200KA1LC3;;11.7248;;;03-Mar-2019
140014;SBI Debt Fund Series B - 44 (1100 Days) - Regular Plan - Dividend;INF200KA1LB5;;11.6288;;;03-Mar-2019
140013;SBI Debt Fund Series B - 44 (1100 Days) - Regular Plan - Growth;INF200KA1LA7;;11.6288;;;03-Mar-2019
140736;SBI DEBT FUND SERIES B - 46 (1155 DAYS) - DIRECT PLAN - DIVIDEND PAYOUT;INF200KA1MB3;;11.4142;;;03-Mar-2019
140735;SBI DEBT FUND SERIES B - 46 (1155 DAYS) - DIRECT PLAN - GROWTH;INF200KA1MA5;;11.4134;;;03-Mar-2019
140734;SBI DEBT FUND SERIES B - 46 (1155 DAYS) - REGULAR PLAN - DIVIDEND PAYOUT;INF200KA1LZ4;;11.3488;;;03-Mar-2019
140733;SBI DEBT FUND SERIES B - 46 (1155 DAYS) - REGULAR PLAN - GROWTH;INF200KA1LY7;;11.3492;;;03-Mar-2019
140764;SBI DEBT FUND SERIES B - 49 (1170 DAYS) - DIRECT PLAN - DIVIDEND PAYOUT;INF200KA1MV1;;11.4300;;;03-Mar-2019
140761;SBI DEBT FUND SERIES B - 49 (1170 DAYS) - DIRECT PLAN - GROWTH;INF200KA1MU3;;11.4301;;;03-Mar-2019
140762;SBI DEBT FUND SERIES B - 49 (1170 DAYS) - REGULAR PLAN - DIVIDEND PAYOUT;INF200KA1MT5;;11.3670;;;03-Mar-2019
140763;SBI DEBT FUND SERIES B - 49 (1170 DAYS) - REGULAR PLAN - GROWTH;INF200KA1MS7;;11.3665;;;03-Mar-2019
141525;SBI DEBT FUND SERIES C - 1 (1100 DAYS) - DIRECT PLAN - DIVIDEND PAYOUT;INF200KA1PX0;;11.1313;;;03-Mar-2019
141524;SBI DEBT FUND SERIES C - 1 (1100 DAYS) - DIRECT PLAN - GROWTH;INF200KA1PW2;;11.1313;;;03-Mar-2019
141523;SBI DEBT FUND SERIES C - 1 (1100 DAYS) - REGULAR PLAN - DIVIDEND PAYOUT;INF200KA1PV4;;11.0583;;;03-Mar-2019
141522;SBI DEBT FUND SERIES C - 1 (1100 DAYS) - REGULAR PLAN - GROWTH;INF200KA1PU6;;11.0578;;;03-Mar-2019
142551;SBI Debt Fund Series - C - 10 (1150 Days) - Direct Plan - Income Distribution cum Capital Withdrawal Option (IDCW);INF200KA1SR6;;10.7092;;;03-Mar-2019
142552;SBI Debt Fund Series - C - 10 (1150 Days) - Regular Plan - Income Distribution cum Capital Withdrawal Option (IDCW);INF200KA1SP0;;10.6702;;;03-Mar-2019
142550;SBI DEBT FUND SERIES C - 10 (1150 DAYS) - DIRECT PLAN - GROWTH;INF200KA1SQ8;;10.7092;;;03-Mar-2019
142553;SBI DEBT FUND SERIES C - 10 (1150 DAYS) - REGULAR PLAN - GROWTH;INF200KA1SO3;;10.6702;;;03-Mar-2019
142872;SBI Debt Fund Series - C - 12 (1122 Days) - Direct Plan - Income Distribution cum Capital Withdrawal Option (IDCW);INF200KA1TD4;;10.6307;;;03-Mar-2019
142870;SBI Debt Fund Series - C - 12 (1122 Days) - Regular Plan - Income Distribution cum Capital Withdrawal Option (IDCW);INF200KA1TB8;;10.5941;;;03-Mar-2019
142871;SBI DEBT FUND SERIES C - 12 (1122 DAYS) - DIRECT PLAN - GROWTH;INF200KA1TC6;;10.6309;;;03-Mar-2019
142869;SBI DEBT FUND SERIES C - 12 (1122 DAYS) - REGULAR PLAN - GROWTH;INF200KA1TA0;;10.5943;;;03-Mar-2019
142960;SBI Debt Fund Series - C - 14 (1122 Days) - Direct Plan - Income Distribution cum Capital Withdrawal Option (IDCW);INF200KA1TL7;;10.6278;;;03-Mar-2019
142957;SBI Debt Fund Series - C - 14 (1122 Days) - Regular Plan - Income Distribution cum Capital Withdrawal Option (IDCW);INF200KA1TJ1;;10.5956;;;03-Mar-2019
142959;SBI DEBT FUND SERIES C - 14 (1122 DAYS) - DIRECT PLAN - GROWTH;INF200KA1TK9;;10.6280;;;03-Mar-2019
142958;SBI DEBT FUND SERIES C - 14 (1122 DAYS) - REGULAR PLAN - GROWTH;INF200KA1TI3;;10.5922;;;03-Mar-2019
143486;SBI DEBT FUND SERIES C -15 (91 DAYS) - DIRECT PLAN - GROWTH;INF200KA1VG3;;10.6240;;;03-Mar-2019
143488;SBI DEBT FUND SERIES C -15 (91 DAYS) - REGULAR PLAN - GROWTH;INF200KA1VE8;;10.6119;;;03-Mar-2019
143492;SBI Debt Fund Series - C - 16 (1100 Days) - Direct Plan - Income Distribution cum Capital Withdrawal Option (IDCW);INF200KA1UB6;;10.6716;;;03-Mar-2019
143490;SBI Debt Fund Series - C - 16 (1100 Days) - Regular Plan - Income Distribution cum Capital Withdrawal Option (IDCW);INF200KA1TZ7;;10.6469;;;03-Mar-2019
143489;SBI DEBT FUND SERIES C -16 (1100 DAYS) - DIRECT PLAN - GROWTH;INF200KA1UA8;;10.6716;;;03-Mar-2019
143491;SBI DEBT FUND SERIES C -16 (1100 DAYS) - REGULAR PLAN - GROWTH;INF200KA1TY0;;10.6469;;;03-Mar-2019
143776;SBI Debt Fund Series - C - 18 (1100 Days) - Direct Plan - Income Distribution cum Capital Withdrawal Option (IDCW);INF200KA1UJ9;;10.6359;;;03-Mar-2019
143774;SBI Debt Fund Series - C - 18 (1100 Days) - Regular Plan - Income Distribution cum Capital Withdrawal Option (IDCW);INF200KA1UH3;;10.6118;;;03-Mar-2019
143775;SBI DEBT FUND SERIES C - 18 (1100 DAYS) - DIRECT PLAN - GROWTH;INF200KA1UI1;;10.6346;;;03-Mar-2019
143773;SBI DEBT FUND SERIES C - 18 (1100 DAYS) - REGULAR PLAN - GROWTH;INF200KA1UG5;;10.6118;;;03-Mar-2019
144038;SBI Debt Fund Series - C - 19 (1100 Days) - Direct Plan - Income Distribution cum Capital Withdrawal Option (IDCW);INF200KA1UN1;;10.5807;;;03-Mar-2019
144036;SBI Debt Fund Series - C - 19 (1100 Days) - Regular Plan - Income Distribution cum Capital Withdrawal Option (IDCW);INF200KA1UL5;;10.5562;;;03-Mar-2019
144037;SBI Debt Fund Series C - 19 (1100 Days) - Direct Plan - Growth;INF200KA1UM3;;10.5807;;;03-Mar-2019
144035;SBI Debt Fund Series C - 19 (1100 Days) - Regular Plan - Growth;INF200KA1UK7;;10.5562;;;03-Mar-2019
141746;SBI DEBT FUND SERIES C - 2 (1100 DAYS) - DIRECT PLAN - DIVIDEND PAYOUT;INF200KA1RH9;;10.9445;;;03-Mar-2019
141745;SBI DEBT FUND SERIES C - 2 (1100 DAYS) - DIRECT PLAN - GROWTH;INF200KA1RG1;;10.9445;;;03-Mar-2019
141744;SBI DEBT FUND SERIES C - 2 (1100 DAYS) - REGULAR PLAN - DIVIDEND PAYOUT;INF200KA1RF3;;10.8787;;;03-Mar-2019
141747;SBI DEBT FUND SERIES C - 2 (1100 DAYS) - REGULAR PLAN - GROWTH;INF200KA1RE6;;10.8787;;;03-Mar-2019
144350;SBI Debt Fund Series - C - 20 (1100 Days) - Direct Plan - Income Distribution cum Capital Withdrawal Option (IDCW);INF200KA1UV4;;10.5285;;;03-Mar-2019
144348;SBI Debt Fund Series - C - 20 (1100 Days) - Regular Plan - Income Distribution cum Capital Withdrawal Option (IDCW);INF200KA1UT8;;10.5072;;;03-Mar-2019
144349;SBI Debt Fund Series C - 20 - (1100 Days) - Direct Plan - Growth;INF200KA1UU6;;10.5286;;;03-Mar-2019
144347;SBI Debt Fund Series C - 20 - (1100 Days) - Regular Plan - Growth;INF200KA1US0;;10.5073;;;03-Mar-2019
144368;SBI Debt Fund Series - C - 21 (1100 Days) - Direct Plan - Income Distribution cum Capital Withdrawal Option (IDCW);INF200KA1UZ5;;10.4719;;;03-Mar-2019
144367;SBI Debt Fund Series - C - 21 (1100 Days) - Regular Plan - Income Distribution cum Capital Withdrawal Option (IDCW);INF200KA1UX0;;10.4502;;;03-Mar-2019
144366;SBI Debt Fund Series C - 21 (1100 Days) - Direct Plan - Growth;INF200KA1UY8;;10.4719;;;03-Mar-2019
144365;SBI Debt Fund Series C - 21 (1100 Days) - Regular Plan - Growth;INF200KA1UW2;;10.4502;;;03-Mar-2019
144495;SBI Debt Fund Series - C - 22 (1100 Days) - Direct Plan - Income Distribution cum Capital Withdrawal Option (IDCW);INF200KA1VD0;;10.3804;;;03-Mar-2019
144493;SBI Debt Fund Series - C - 22 (1100 Days) - Regular Plan - Income Distribution cum Capital Withdrawal Option (IDCW);INF200KA1VB4;;10.3635;;;03-Mar-2019
144494;SBI Debt Fund Series C - 22 (1100 Days) - Direct Plan - Growth;INF200KA1VC2;;10.3804;;;03-Mar-2019
144492;SBI Debt Fund Series C - 22 (1100 Days) - Regular Plan - Growth;INF200KA1VA6;;10.3634;;;03-Mar-2019
144843;SBI Debt Fund Series - C - 23 (1100 Days) - Direct Plan - Income Distribution cum Capital Withdrawal Option (IDCW);INF200KA1VL3;;10.4450;;;03-Mar-2019
144841;SBI Debt Fund Series - C - 23 (1100 Days) - Regular Plan - Income Distribution cum Capital Withdrawal Option (IDCW);INF200KA1VJ7;;10.4267;;;03-Mar-2019
144842;SBI Debt Fund Series C - 23 - (1100 Days) - Direct Plan - Growth;INF200KA1VK5;;10.4450;;;03-Mar-2019
144840;SBI Debt Fund Series C - 23 - (1100 Days) - Regular Plan - Growth;INF200KA1VI9;;10.4267;;;03-Mar-2019
144920;SBI Debt Fund Series - C - 24 (1100 Days) - Direct Plan - Income Distribution cum Capital Withdrawal Option (IDCW);INF200KA1VP4;;10.4804;;;03-Mar-2019
144917;SBI Debt Fund Series - C - 24 (1100 Days) - Regular Plan - Income Distribution cum Capital Withdrawal Option (IDCW);INF200KA1VN9;;10.4650;;;03-Mar-2019
144918;SBI Debt Fund Series C - 24 - (1100 Days) - Direct Plan - Growth;INF200KA1VO7;;10.4804;;;03-Mar-2019
144919;SBI Debt Fund Series C - 24 - (1100 Days) - Regular Plan - Growth;INF200KA1VM1;;10.4643;;;03-Mar-2019
144993;SBI Debt Fund Series - C - 25 (1100 Days) - Direct Plan - Income Distribution cum Capital Withdrawal Option (IDCW);INF200KA1VU4;;10.4439;;;03-Mar-2019
144991;SBI Debt Fund Series - C - 25 (1100 Days) - Regular Plan - Income Distribution cum Capital Withdrawal Option (IDCW);INF200KA1VS8;;10.4172;;;03-Mar-2019
144992;SBI Debt Fund Series C - 25 - (1100 Days) - Direct Plan - Growth;INF200KA1VT6;;10.4439;;;03-Mar-2019
144990;SBI Debt Fund Series C - 25 - (1100 Days) - Regular Plan - Growth;INF200KA1VR0;;10.4165;;;03-Mar-2019
145230;SBI Debt Fund Series - C - 26 (1125 Days) - Direct Plan - Income Distribution cum Capital Withdrawal Option (IDCW);INF200KA1WC0;;10.4552;;;03-Mar-2019
145231;SBI Debt Fund Series - C - 26 (1125 Days) - Regular Plan - Income Distribution cum Capital Withdrawal Option (IDCW);INF200KA1WA4;;10.4458;;;03-Mar-2019
145229;SBI Debt Fund Series C - 26 - (1125 Days) - Direct Plan - Growth;INF200KA1WB2;;10.4558;;;03-Mar-2019
145232;SBI Debt Fund Series C - 26 - (1125 Days) - Regular Plan - Growth;INF200KA1VZ3;;10.4406;;;03-Mar-2019
145373;SBI Debt Fund Series - C - 27 (391 Days) - Direct Plan - Income Distribution cum Capital Withdrawal Option (IDCW);INF200KA12G0;;10.4251;;;03-Mar-2019
145374;SBI Debt Fund Series - C - 27 (391 Days) - Regular Plan - Income Distribution cum Capital Withdrawal Option (IDCW);INF200KA10G4;;10.4139;;;03-Mar-2019
145372;SBI Debt Fund Series C - 27 - (391 Days) - Direct Plan - Growth;INF200KA11G2;;10.4251;;;03-Mar-2019
145371;SBI Debt Fund Series C - 27 - (391 Days) - Regular Plan - Growth;INF200KA19F7;;10.4139;;;03-Mar-2019
145497;SBI Debt Fund Series - C - 28 (386 Days) - Direct Plan - Income Distribution cum Capital Withdrawal Option (IDCW);INF200KA16G1;;10.3324;;;03-Mar-2019
145498;SBI Debt Fund Series - C - 28 (386 Days) - Regular Plan - Income Distribution cum Capital Withdrawal Option (IDCW);INF200KA14G6;;10.3189;;;03-Mar-2019
145499;SBI Debt Fund Series C - 28 - (386 Days) - Direct Plan - Growth;INF200KA15G3;;10.3293;;;03-Mar-2019
145500;SBI Debt Fund Series C - 28 - (386 Days) - Regular Plan - Growth;INF200KA13G8;;10.3190;;;03-Mar-2019
145502;SBI Debt Fund Series C - 29 - (366 Days) - Direct Plan - Dividend Payout;INF200KA1WS6;;10.2695;;;03-Mar-2019
145504;SBI Debt Fund Series C - 29 - (366 Days) - Direct Plan - Growth;INF200KA1WR8;;10.2694;;;03-Mar-2019
145503;SBI Debt Fund Series C - 29 - (366 Days) - Regular Plan - Dividend Payout;INF200KA1WQ0;;10.2592;;;03-Mar-2019
145501;SBI Debt Fund Series C - 29 - (366 Days) - Regular Plan - Growth;INF200KA1WP2;;10.2592;;;03-Mar-2019
145645;SBI Debt Fund Series - C - 30 (385 Days) - Direct Plan - Income Distribution cum Capital Withdrawal Option (IDCW);INF200KA10H2;;10.2654;;;03-Mar-2019
145644;SBI Debt Fund Series - C - 30 (385 Days) - Regular Plan - Income Distribution cum Capital Withdrawal Option (IDCW);INF200KA18G7;;10.2577;;;03-Mar-2019
145647;SBI Debt Fund Series C - 30 - (385 Days) - Direct Plan - Growth;INF200KA19G5;;10.2654;;;03-Mar-2019
145646;SBI Debt Fund Series C - 30 - (385 Days) - Regular Plan - Growth;INF200KA17G9;;10.2577;;;03-Mar-2019
145741;SBI Debt Fund Series C - 31 - (365 Days) - Direct Plan - Dividend Payout;INF200KA1XJ3;;10.2183;;;03-Mar-2019
145740;SBI Debt Fund Series C - 31 - (365 Days) - Direct Plan - Growth;INF200KA1XI5;;10.2183;;;03-Mar-2019
145739;SBI Debt Fund Series C - 31 - (365 Days) - Regular Plan - Dividend Payout;INF200KA1XH7;;10.2113;;;03-Mar-2019
145742;SBI Debt Fund Series C - 31 - (365 Days) - Regular Plan - Growth;INF200KA1XG9;;10.2113;;;03-Mar-2019
145744;SBI Debt Fund Series - C - 32 (380 Days) - Direct Plan - Income Distribution cum Capital Withdrawal Option (IDCW);INF200KA14H4;;10.1958;;;03-Mar-2019
145743;SBI Debt Fund Series - C - 32 (380 Days) - Regular Plan - Income Distribution cum Capital Withdrawal Option (IDCW);INF200KA12H8;;10.1890;;;03-Mar-2019
145746;SBI Debt Fund Series C - 32 - (380 Days) - Direct Plan - Growth;INF200KA13H6;;10.1958;;;03-Mar-2019
145745;SBI Debt Fund Series C - 32 - (380 Days) - Regular Plan - Growth;INF200KA11H0;;10.1890;;;03-Mar-2019
145858;SBI Debt Fund Series - C - 33 (1216 Days) - Direct Plan - Income Distribution cum Capital Withdrawal Option (IDCW);INF200KA1XN5;;10.1587;;;03-Mar-2019
145857;SBI Debt Fund Series - C - 33 (1216 Days) - Regular Plan - Income Distribution cum Capital Withdrawal Option (IDCW);INF200KA1XL9;;10.1526;;;03-Mar-2019
145855;SBI Debt Fund Series C - 33 (1216 Days) - Direct Plan - Growth;INF200KA1XM7;;10.1587;;;03-Mar-2019
145856;SBI Debt Fund Series C - 33 (1216 Days) - Regular Plan - Growth;INF200KA1XK1;;10.1526;;;03-Mar-2019
145948;SBI Debt Fund Series - C - 34 (1211 Days) - Direct Plan - Income Distribution cum Capital Withdrawal Option (IDCW);INF200KA1XR6;;10.1213;;;03-Mar-2019
145950;SBI Debt Fund Series - C - 34 (1211 Days) - Regular Plan - Income Distribution cum Capital Withdrawal Option (IDCW);INF200KA1XP0;;10.1162;;;03-Mar-2019
145947;SBI DEBT FUND SERIES C - 34 (1211 DAYS) - DIRECT PLAN - GROWTH;INF200KA1XQ8;;10.1214;;;03-Mar-2019
145949;SBI DEBT FUND SERIES C - 34 (1211 DAYS) - REGULAR PLAN - GROWTH;INF200KA1XO3;;10.1162;;;03-Mar-2019
145988;SBI Debt Fund Series - C - 35 (376 Days) - Direct Plan - Income Distribution cum Capital Withdrawal Option (IDCW);INF200KA18J1;;10.1209;;;03-Mar-2019
145990;SBI Debt Fund Series - C - 35 (376 Days) - Regular Plan - Income Distribution cum Capital Withdrawal Option (IDCW);INF200KA16J5;;10.1171;;;03-Mar-2019
145987;SBI Debt Fund Series C - 35 (376 Days) - Direct Plan - Growth;INF200KA17J3;;10.1209;;;03-Mar-2019
145989;SBI Debt Fund Series C - 35 (376 Days) - Regular Plan - Growth;INF200KA15J7;;10.1171;;;03-Mar-2019
145993;SBI Debt Fund Series C - 36 (365 Days) - Direct Plan - Dividend;INF200KA1XZ9;;10.1316;;;03-Mar-2019
145994;SBI Debt Fund Series C - 36 (365 Days) - Direct Plan - Growth;INF200KA1XY2;;10.1316;;;03-Mar-2019
145992;SBI Debt Fund Series C - 36 (365 Days) - Regular Plan - Dividend;INF200KA1XX4;;10.1274;;;03-Mar-2019
145991;SBI Debt Fund Series C - 36 (365 Days) - Regular Plan - Growth;INF200KA1XW6;;10.1274;;;03-Mar-2019
146026;SBI Debt Fund Series C - 37 - (365 Days) - Direct Plan - Dividend Payout;INF200KA1YD4;;10.1026;;;03-Mar-2019
146023;SBI Debt Fund Series C - 37 - (365 Days) - Direct Plan - Growth;INF200KA1YC6;;10.1026;;;03-Mar-2019
146025;SBI Debt Fund Series C - 37 - (365 Days) - Regular Plan - Dividend Payout;INF200KA1YB8;;10.0992;;;03-Mar-2019
146024;SBI Debt Fund Series C - 37- (365 Days) - Regular Plan - Growth;INF200KA1YA0;;10.0992;;;03-Mar-2019
146175;SBI Debt Fund Series - C - 38 (389 Days) - Direct Plan - Income Distribution cum Capital Withdrawal Option (IDCW);INF200KA16K3;;10.0941;;;03-Mar-2019
146176;SBI Debt Fund Series - C - 38 (389 Days) - Regular Plan - Income Distribution cum Capital Withdrawal Option (IDCW);INF200KA14K8;;10.0913;;;03-Mar-2019
146174;SBI Debt Fund Series C - 38 (389 Days) - Direct Plan - Growth;INF200KA15K5;;10.0940;;;03-Mar-2019
146173;SBI Debt Fund Series C - 38 (389 Days) - Regular Plan - Growth;INF200KA13K0;;10.0913;;;03-Mar-2019
146180;SBI Debt Fund Series C - 39 (88 Days) - Direct Plan - Dividend Payout;INF200KA1YL7;;10.0931;;;03-Mar-2019
146177;SBI Debt Fund Series C - 39 (88 Days) - Direct Plan - Growth;INF200KA1YK9;;10.0931;;;03-Mar-2019
146179;SBI Debt Fund Series C - 39 (88 Days) - Regular Plan - Dividend Payout;INF200KA1YJ1;;10.0919;;;03-Mar-2019
146178;SBI Debt Fund Series C - 39 (88 Days) - Regular Plan - Growth;INF200KA1YI3;;10.0919;;;03-Mar-2019
146286;SBI Debt Fund Series - C - 40 (1177 Days) - Direct Plan - Income Distribution cum Capital Withdrawal Option (IDCW);INF200KA1YZ7;;10.0886;;;03-Mar-2019
146287;SBI Debt Fund Series - C - 40 (1177 Days) - Regular Plan - Income Distribution cum Capital Withdrawal Option (IDCW);INF200KA1YX2;;10.0864;;;03-Mar-2019
146288;SBI Debt Fund Series C - 40 - (1177 Days) - Regular Plan - Growth;INF200KA1YW4;;10.0864;;;03-Mar-2019
146289;SBI Debt Fund Series C - 40- (1177 Days) - Direct Plan - Growth;INF200KA1YY0;;10.0886;;;03-Mar-2019
146313;SBI Debt Fund Series - C - 41 (1178 Days) - Direct Plan - Income Distribution cum Capital Withdrawal Option (IDCW);INF200KA1ZD1;;10.0685;;;03-Mar-2019
146315;SBI Debt Fund Series - C - 41 (1178 Days) - Regular Plan - Income Distribution cum Capital Withdrawal Option (IDCW);INF200KA1ZB5;;10.0666;;;03-Mar-2019
146312;SBI Debt Fund Series C - 41 (1178 Days) - Direct Plan - Growth;INF200KA1ZC3;;10.0685;;;03-Mar-2019
146314;SBI Debt Fund Series C - 41 (1178 Days) - Regular Plan - Growth;INF200KA1ZA7;;10.0666;;;03-Mar-2019
146364;SBI Debt Fund Series C - 42 (365 Days) - Direct Plan - Dividend Payout;INF200KA1ZH2;;10.0319;;;03-Mar-2019
146365;SBI Debt Fund Series C - 42 (365 Days) - Direct Plan - Growth;INF200KA1ZG4;;10.0319;;;03-Mar-2019
146363;SBI Debt Fund Series C - 42 (365 Days) - Regular Plan - Dividend Payout;INF200KA1ZF6;;10.0306;;;03-Mar-2019
146362;SBI Debt Fund Series C - 42 (365 Days) - Regular Plan - Growth;INF200KA1ZE9;;10.0306;;;03-Mar-2019
146368;SBI Debt Fund Series - C - 43 (384 Days) - Direct Plan - Income Distribution cum Capital Withdrawal Option (IDCW);INF200KA10J8;;10.0313;;;03-Mar-2019
146366;SBI Debt Fund Series - C - 43 (384 Days) - Regular Plan - Income Distribution cum Capital Withdrawal Option (IDCW);INF200KA18I3;;10.0301;;;03-Mar-2019
146367;SBI Debt Fund Series C - 43 (384 Days) - Direct Plan - Growth;INF200KA19I1;;10.0313;;;03-Mar-2019
146369;SBI Debt Fund Series C - 43 (384 Days) - Regular Plan - Growth;INF200KA17I5;;10.0301;;;03-Mar-2019
146494;SBI Debt Fund Series - C - 44 (378 Days) - Direct Plan - Income Distribution cum Capital Withdrawal Option (IDCW);INF200KA14J0;;10.0179;;;03-Mar-2019
146496;SBI Debt Fund Series - C - 44 (378 Days) - Regular Plan - Income Distribution cum Capital Withdrawal Option (IDCW);INF200KA12J4;;10.0171;;;03-Mar-2019
146495;SBI Debt Fund Series C - 44 (378 Days) - Direct Plan - Growth;INF200KA13J2;;10.0179;;;03-Mar-2019
146493;SBI Debt Fund Series C - 44 (378 Days) - Regular Plan - Growth;INF200KA11J6;;10.0171;;;03-Mar-2019
142178;SBI Debt Fund Series - C - 7 (1190 Days) - Direct Plan - Income Distribution cum Capital Withdrawal Option (IDCW);INF200KA1SB0;;10.7407;;;03-Mar-2019
142180;SBI Debt Fund Series - C - 7 (1190 Days) - Regular Plan - Income Distribution cum Capital Withdrawal Option (IDCW);INF200KA1RZ1;;10.6965;;;03-Mar-2019
142177;SBI DEBT FUND SERIES C - 7 (1190 DAYS) - DIRECT PLAN - GROWTH;INF200KA1SA2;;10.7407;;;03-Mar-2019
142179;SBI DEBT FUND SERIES C - 7 (1190 DAYS) - REGULAR PLAN - GROWTH;INF200KA1RY4;;10.6965;;;03-Mar-2019
142333;SBI Debt Fund Series - C - 8 (1175 Days) - Direct Plan - Income Distribution cum Capital Withdrawal Option (IDCW);INF200KA1SJ3;;10.7446;;;03-Mar-2019
142331;SBI Debt Fund Series - C - 8 (1175 Days) - Regular Plan - Income Distribution cum Capital Withdrawal Option (IDCW);INF200KA1SH7;;10.7026;;;03-Mar-2019
142330;SBI DEBT FUND SERIES C - 8 (1175 DAYS) - REGULAR PLAN - GROWTH;INF200KA1SG9;;10.7026;;;03-Mar-2019
142332;SBI DEBT FUND SERIES C -8 (1175 DAYS) - DIRECT PLAN - GROWTH;INF200KA1SI5;;10.7446;;;03-Mar-2019
142487;SBI Debt Fund Series - C - 9 (1150 Days) - Direct Plan - Income Distribution cum Capital Withdrawal Option (IDCW);INF200KA1SN5;;10.7156;;;03-Mar-2019
142486;SBI Debt Fund Series - C - 9 (1150 Days) - Regular Plan - Income Distribution cum Capital Withdrawal Option (IDCW);INF200KA1SL9;;10.6775;;;03-Mar-2019
142485;SBI DEBT FUND SERIES C - 9 (1150 DAYS) - DIRECT PLAN - GROWTH;INF200KA1SM7;;10.7156;;;03-Mar-2019
142488;SBI DEBT FUND SERIES C - 9 (1150 DAYS) - REGULAR PLAN - GROWTH;INF200KA1SK1;;10.6775;;;03-Mar-2019
135777;SBI DUAL ADVANATGE FUND - SERIES XII - REGULAR PLAN - DIVIDEND;INF200KA1HA5;;12.4800;;;03-Mar-2019
135780;SBI DUAL ADVANTAGE FUND - SERIES XII - DIRECT PLAN - DIVIDEND;INF200KA1HC1;;12.8514;;;03-Mar-2019
135778;SBI DUAL ADVANTAGE FUND - SERIES XII - DIRECT PLAN - GROWTH;INF200KA1HB3;;12.8515;;;03-Mar-2019
135779;SBI DUAL ADVANTAGE FUND - SERIES XII - REGULAR PLAN - GROWTH;INF200KA1GZ4;;12.4806;;;03-Mar-2019
136044;SBI DUAL ADVANTAGE FUND - SERIES XIII - DIRECT PLAN - DIVIDEND;INF200KA1HS7;;12.8257;;;03-Mar-2019
136043;SBI DUAL ADVANTAGE FUND - SERIES XIII - DIRECT PLAN - GROWTH;INF200KA1HR9;;12.8257;;;03-Mar-2019
136045;SBI DUAL ADVANTAGE FUND - SERIES XIII - REGULAR PLAN - DIVIDEND;INF200KA1HQ1;;12.4706;;;03-Mar-2019
136042;SBI DUAL ADVANTAGE FUND - SERIES XIII - REGULAR PLAN - GROWTH;INF200KA1HP3;;12.4704;;;03-Mar-2019
140596;SBI DUAL ADVANTAGE FUND - SERIES XIX - DIRECT PLAN - DIVIDEND PAYOUT;INF200KA1LX9;;11.1668;;;03-Mar-2019
140597;SBI DUAL ADVANTAGE FUND - SERIES XIX - DIRECT PLAN - GROWTH;INF200KA1LW1;;11.1666;;;03-Mar-2019
140598;SBI DUAL ADVANTAGE FUND - SERIES XIX - REGULAR PLAN - DIVIDEND PAYOUT;INF200KA1LV3;;11.0001;;;03-Mar-2019
140595;SBI DUAL ADVANTAGE FUND - SERIES XIX - REGULAR PLAN - GROWTH;INF200KA1LU5;;10.9997;;;03-Mar-2019
139123;SBI Dual Advantage Fund - Series XV- Direct Plan - Growth;INF200KA1IT3;;12.3492;;;03-Mar-2019
139120;SBI Dual Advantage Fund - Series XV- Direct Plan -Dividend Payout;INF200KA1IU1;;12.3492;;;03-Mar-2019
139122;SBI Dual Advantage Fund - Series XV- Regular Plan - Dividend Payout;INF200KA1IS5;;12.0173;;;03-Mar-2019
139121;SBI Dual Advantage Fund - Series XV- Regular Plan - Growth;INF200KA1IR7;;12.0165;;;03-Mar-2019
139531;SBI Dual Advantage Fund - Series XVI - Direct Plan - Dividend Payout;INF200KA1JX3;;11.7843;;;03-Mar-2019
139526;SBI Dual Advantage Fund - Series XVI - Direct Plan - Growth;INF200KA1JW5;;11.7864;;;03-Mar-2019
139532;SBI Dual Advantage Fund - Series XVI - Regular Plan - Dividend Payout;INF200KA1JV7;;11.5531;;;03-Mar-2019
139533;SBI Dual Advantage Fund - Series XVI - Regular Plan - Growth;INF200KA1JU9;;11.5520;;;03-Mar-2019
139793;SBI Dual Advantage Fund  XVII - Direct Plan - Dividend Payout;INF200KA1KN2;;11.6483;;;03-Mar-2019
139792;SBI Dual Advantage Fund  XVII - Regular Plan - Growth;INF200KA1KK8;;11.4360;;;03-Mar-2019
139794;SBI Dual Advantage Fund - Series XVII - Direct Plan - growth;INF200KA1KM4;;11.6480;;;03-Mar-2019
139795;SBI Dual Advantage Fund - Series XVII - Regular Plan - Dividend Payout;INF200KA1KL6;;11.4380;;;03-Mar-2019
140393;SBI Dual Advantage Fund - Series XVIII - Direct Plan - Dividend Payout;INF200KA1LL4;;11.4214;;;03-Mar-2019
140396;SBI Dual Advantage Fund - Series XVIII - Direct Plan - Growth;INF200KA1LK6;;11.5147;;;03-Mar-2019
140395;SBI Dual Advantage Fund - Series XVIII - Regular Plan - Dividend Payout;INF200KA1LJ8;;11.2384;;;03-Mar-2019
140394;SBI Dual Advantage Fund - Series XVIII - Regular Plan - Growth;INF200KA1LI0;;11.2413;;;03-Mar-2019
141350;SBI DUAL ADVANTAGE FUND - SERIES XXII - DIRECT PLAN - DIVIDEND PAYOUT;INF200KA1OR5;;10.9474;;;03-Mar-2019
141348;SBI DUAL ADVANTAGE FUND - SERIES XXII - DIRECT PLAN - GROWTH;INF200KA1OQ7;;10.9474;;;03-Mar-2019
141347;SBI DUAL ADVANTAGE FUND - SERIES XXII - REGULAR PLAN - DIVIDEND PAYOUT;INF200KA1OP9;;10.7951;;;03-Mar-2019
141349;SBI DUAL ADVANTAGE FUND - SERIES XXII - REGULAR PLAN - GROWTH;INF200KA1OO2;;10.7998;;;03-Mar-2019
141633;SBI DUAL ADVANTAGE FUND - SERIES XXIII - DIRECT PLAN - DIVIDEND PAYOUT;INF200KA1QZ3;;10.6388;;;03-Mar-2019
141634;SBI DUAL ADVANTAGE FUND - SERIES XXIII - DIRECT PLAN - GROWTH;INF200KA1QY6;;10.6402;;;03-Mar-2019
141632;SBI DUAL ADVANTAGE FUND - SERIES XXIII - REGULAR PLAN - DIVIDEND PAYOUT;INF200KA1QX8;;10.5141;;;03-Mar-2019
141631;SBI DUAL ADVANTAGE FUND - SERIES XXIII - REGULAR PLAN - GROWTH;INF200KA1QW0;;10.5130;;;03-Mar-2019
141834;SBI DUAL ADVANTAGE FUND - SERIES XXIV - DIRECT PLAN - DIVIDEND PAYOUT;INF200KA1RL1;;10.4827;;;03-Mar-2019
141832;SBI DUAL ADVANTAGE FUND - SERIES XXIV - DIRECT PLAN - GROWTH;INF200KA1RK3;;10.4826;;;03-Mar-2019
141831;SBI DUAL ADVANTAGE FUND - SERIES XXIV - REGULAR PLAN - DIVIDEND PAYOUT;INF200KA1RJ5;;10.3729;;;03-Mar-2019
141833;SBI DUAL ADVANTAGE FUND - SERIES XXIV - REGULAR PLAN - GROWTH;INF200KA1RI7;;10.3699;;;03-Mar-2019
144114;SBI Dual Advantage Fund - Series XXIX - Direct Plan - Growth;INF200KA1UQ4;;10.2636;;;03-Mar-2019
144112;SBI Dual Advantage Fund - Series XXIX - Direct Plan - Income Distribution cum Capital Withdrawal Option (IDCW);INF200KA1UR2;;10.2623;;;03-Mar-2019
144111;SBI Dual Advantage Fund - Series XXIX - Regular Plan - Growth;INF200KA1UO9;;10.2107;;;03-Mar-2019
144113;SBI Dual Advantage Fund - Series XXIX - Regular Plan - Income Distribution cum Capital Withdrawal Option (IDCW);INF200KA1UP6;;10.2115;;;03-Mar-2019
141960;SBI DUAL ADVANTAGE FUND - SERIES XXV - DIRECT PLAN - GROWTH;INF200KA1RS6;;10.3070;;;03-Mar-2019
141962;SBI Dual Advantage Fund - Series XXV - Direct Plan - Income Distribution cum Capital Withdrawal Option (IDCW);INF200KA1RT4;;10.3070;;;03-Mar-2019
141959;SBI DUAL ADVANTAGE FUND - SERIES XXV - REGULAR PLAN - GROWTH;INF200KA1RQ0;;10.2101;;;03-Mar-2019
141961;SBI Dual Advantage Fund - Series XXV - Regular Plan - Income Distribution cum Capital Withdrawal Option (IDCW);INF200KA1RR8;;10.2096;;;03-Mar-2019
142259;SBI DUAL ADVANTAGE FUND - SERIES XXVI - DIRECT PLAN - GROWTH;INF200KA1SE4;;10.3422;;;03-Mar-2019
142256;SBI Dual Advantage Fund - Series XXVI - Direct Plan - Income Distribution cum Capital Withdrawal Option (IDCW);INF200KA1SF1;;10.3424;;;03-Mar-2019
142257;SBI DUAL ADVANTAGE FUND - SERIES XXVI - REGULAR PLAN - GROWTH;INF200KA1SC8;;10.2570;;;03-Mar-2019
142258;SBI Dual Advantage Fund - Series XXVI - Regular Plan - Income Distribution cum Capital Withdrawal Option (IDCW);INF200KA1SD6;;10.2572;;;03-Mar-2019
142751;SBI DUAL ADVANTAGE FUND - SERIES XXVII - DIRECT PLAN - GROWTH;INF200KA1SU0;;10.3005;;;03-Mar-2019
142752;SBI Dual Advantage Fund - Series XXVII - Direct Plan - Income Distribution cum Capital Withdrawal Option (IDCW);INF200KA1SV8;;10.3005;;;03-Mar-2019
142749;SBI DUAL ADVANTAGE FUND - SERIES XXVII - REGULAR PLAN - GROWTH;INF200KA1SS4;;10.2249;;;03-Mar-2019
142750;SBI Dual Advantage Fund - Series XXVII - Regular Plan - Income Distribution cum Capital Withdrawal Option (IDCW);INF200KA1ST2;;10.2253;;;03-Mar-2019
143363;SBI DUAL ADVANTAGE FUND - SERIES XXVIII - DIRECT PLAN - GROWTH;INF200KA1TS2;;10.3835;;;03-Mar-2019
143364;SBI Dual Advantage Fund - Series XXVIII - Direct Plan - Income Distribution cum Capital Withdrawal Option (IDCW);INF200KA1TT0;;10.3553;;;03-Mar-2019
143362;SBI DUAL ADVANTAGE FUND - SERIES XXVIII - REGULAR PLAN - GROWTH;INF200KA1TQ6;;10.2919;;;03-Mar-2019
143365;SBI Dual Advantage Fund - Series XXVIII - Regular Plan - Income Distribution cum Capital Withdrawal Option (IDCW);INF200KA1TR4;;10.2923;;;03-Mar-2019
145160;SBI Dual Advantage Fund - Series XXX - Direct Plan - Income Distribution cum Capital Withdrawal Option (IDCW);INF200KA1VY6;;10.3280;;;03-Mar-2019
145159;SBI Dual Advantage Fund - Series XXX - Regular Plan - Income Distribution cum Capital Withdrawal Option (IDCW);INF200KA1VW0;;10.2972;;;03-Mar-2019
145161;SBI Dual Advantage Fund Series XXX - Direct Plan - Growth;INF200KA1VX8;;10.3280;;;03-Mar-2019
145162;SBI Dual Advantage Fund Series XXX - Regular Plan - Growth;INF200KA1VV2;;10.2972;;;03-Mar-2019
136358;SBI DUAL ADVANTAGE FUND SERIES XIV- DIRECT PLAN - DIVIDEND PAYOUT;INF200KA1IA3;;12.6514;;;03-Mar-2019
136359;SBI DUAL ADVANTAGE FUND SERIES XIV- DIRECT PLAN - GROWTH;INF200KA1HZ2;;12.6513;;;03-Mar-2019
136361;SBI DUAL ADVANTAGE FUND SERIES XIV- REGULAR PLAN - DIVIDEND PAYOUT;INF200KA1HY5;;12.3017;;;03-Mar-2019
136360;SBI DUAL ADVANTAGE FUND SERIES XIV- REGULAR PLAN - GROWTH;INF200KA1HX7;;12.2990;;;03-Mar-2019

Close Ended Schemes ( Growth )


SBI Mutual Fund
131339;SBI EQUITY OPPORTUNITIES FUND - SERIES I - DIRECT PLAN - DIVIDEND;INF200K017S1;;10.7169;;;03-Mar-2019
131338;SBI EQUITY OPPORTUNITIES FUND - SERIES I - DIRECT PLAN - GROWTH;INF200K016S3;;15.1068;;;03-Mar-2019
131337;SBI EQUITY OPPORTUNITIES FUND - SERIES I - REGULAR PLAN - DIVIDEND;INF200K015S5;;10.5168;;;03-Mar-2019
131336;SBI EQUITY OPPORTUNITIES FUND - SERIES I - REGULAR PLAN - GROWTH;INF200K014S8;;14.8210;;;03-Mar-2019
135507;SBI EQUITY OPPORTUNITIES FUND -  SERIES IV - REGULAR PLAN - GROWTH;INF200KA1GP5;;14.2810;;;03-Mar-2019
135506;SBI EQUITY OPPORTUNITIES FUND - SERIES IV - DIRECT PLAN - GROWTH;INF200KA1GN0;;14.8861;;;03-Mar-2019
135509;SBI Equity Opportunities Fund-Series IV - Direct Plan - Income Distribution cum Capital Withdrawal Option (IDCW);INF200KA1GO8;;12.6519;;;03-Mar-2019
135508;SBI Equity Opportunities Fund-Series IV - Regular Plan - Income Distribution cum Capital Withdrawal Option (IDCW);INF200KA1GQ3;;12.1173;;;03-Mar-2019
