Scheme Code;Scheme Name;ISIN Div Payout/ISIN Growth;ISIN Div Reinvestment;Net Asset Value;Repurchase Price;Sale Price;Date

Open Ended Schemes ( Liquid )


Daiwa Mutual Fund
119179;Daiwa Liquid Fund - Direct - Daily Dividend;;;1000.5200;1000.5200;1000.5200;02-Jun-2013
119181;Daiwa Liquid Fund - Direct - Growth;;;1328.1407;1328.1407;1328.1407;02-Jun-2013
114519;Daiwa Liquid Fund - Regular - Daily Dividend;;INF752K01222;1000.5200;1000.5200;1000.5200;02-Jun-2013
114514;Daiwa Liquid Fund - Regular - Growth;INF752K01230;;1327.9172;1327.9172;1327.9172;02-Jun-2013
114518;Daiwa Liquid Fund - Regular - Weekly Dividend;;INF752K01248;1006.4894;1006.4894;1006.4894;02-Jun-2013

Deutsche Mutual Fund
116363;DWS Insta Cash Plus Fund - Annual Dividend Option;INF223J01IP1;INF223J01IQ9;106.3721;106.3721;106.3721;02-Jun-2013
106468;DWS INSTA CASH PLUS FUND - BONUS OPTION;INF223J01BQ4;;105.7503;105.7503;105.7503;02-Jun-2013
119003;DWS Insta Cash Plus Fund - Direct Plan -  Regular Bonus;INF223J01NQ9;;105.7561;105.7561;105.7561;02-Jun-2013
118997;DWS Insta Cash Plus Fund - Direct Plan - Annual Dividend;INF223J01NO4;INF223J01NP1;106.4226;106.4226;106.4226;02-Jun-2013
118998;DWS Insta Cash Plus Fund - Direct Plan - Daily Dividend;;INF223J01NR7;100.304;100.304;100.304;02-Jun-2013
119000;DWS Insta Cash Plus Fund - Direct Plan - Growth;INF223J01NS5;;154.768;154.768;154.768;02-Jun-2013
119002;DWS Insta Cash Plus Fund - Direct Plan - Weekly Dividend;INF223J01NV9;INF223J01NW7;100.0453;100.0453;100.0453;02-Jun-2013
122205;DWS Insta Cash Plus Fund - Direct Plan -Monthly Bonus;INF223J01VE8;;101.4114;101.4114;101.4114;02-Jun-2013
106470;DWS Insta Cash Plus Fund - Monthly Dividend;INF223J01BR2;INF223J01BS0;103.6455;103.6455;103.6455;02-Jun-2013
105672;DWS INSTA CASH PLUS FUND - Regular Plan BONUS OPTION;INF223J01BH3;;10.3645;10.3645;10.3645;02-Jun-2013
106472;DWS Insta Cash Plus Fund - Weekly Dividend;INF223J01BT8;INF223J01BU6;100.5493;100.5493;100.5493;02-Jun-2013
106471;DWS Insta Cash Plus Fund -Growth;INF223J01BP6;;154.6881;154.6881;154.6881;02-Jun-2013
106467;DWS Insta Cash Plus Fund-Daily Dividend;;INF223J01BO9;100.304;100.304;100.304;02-Jun-2013
101718;DWS Insta Cash Plus Fund-DIVIDEND-Daily Dividend;;INF223J01BI1;10.301;10.301;10.301;02-Jun-2013
101717;DWS Insta Cash Plus Fund-DIVIDEND-MONTHLY DIVIDEND;INF223J01BK7;INF223J01BL5;10.4038;10.4038;10.4038;02-Jun-2013
101716;DWS Insta Cash Plus Fund-DIVIDEND-WEEKLY DIVIDEND;INF223J01BM3;INF223J01BN1;10.3566;10.3566;10.3566;02-Jun-2013
101719;DWS Insta Cash Plus Fund-Growth-GROWTH;INF223J01BJ9;;19.6329;19.6329;19.6329;02-Jun-2013
101722;DWS Insta Cash Plus Fund-Institutional Plan-Daily Dividend;;INF223J01BA8;10.0516;10.0516;10.0516;02-Jun-2013
101721;DWS Insta Cash Plus Fund-Institutional Plan-Growth;INF223J01BB6;;18.6203;18.6203;18.6203;02-Jun-2013
122206;DWS INSTA CASH PLUS FUND-Monthly Bonus Option;INF223J01VD0;;101.398;101.398;101.398;02-Jun-2013
116368;DWS Insta CashPlus Fund - Quarterly Dividend Option;INF223J01IN6;INF223J01IO4;105.7668;105.7668;105.7668;02-Jun-2013
116370;DWS Treasury Fund - Cash Plan - Annual Dividend;INF223J01SF1;INF223J01SG9;112.4172;112.4172;112.4172;02-Jun-2013
114966;DWS Treasury Fund - Cash Plan - Bonus;INF223J01SA2;;101.9658;101.9658;101.9658;02-Jun-2013
112228;DWS Treasury Fund - Cash Plan - Daily Dividend;;INF223J01SB0;100.391;100.391;100.391;02-Jun-2013
119014;DWS Treasury Fund - Cash Plan - Direct Plan - Bonus;INF223J01PE0;;174.7253;174.7253;174.7253;02-Jun-2013
119008;DWS Treasury Fund - Cash Plan - Direct Plan - Daily Dividend;;INF223J01PH3;100.391;100.391;100.391;02-Jun-2013
119009;DWS Treasury Fund - Cash Plan - Direct Plan - Growth;INF223J01PI1;;128.5358;128.5358;128.5358;02-Jun-2013
122210;DWS Treasury Fund - Cash Plan - Direct Plan - Monthly Bonus;INF223J01VO7;;101.454;101.454;101.454;02-Jun-2013
119013;DWS Treasury Fund - Cash Plan - Direct Plan - Weekly Dividend;INF223J01PN1;INF223J01PO9;109.5957;109.5957;109.5957;02-Jun-2013
112221;DWS Treasury Fund - Cash Plan - Growth;INF223J01SC8;;128.4219;128.4219;128.4219;02-Jun-2013
112227;DWS Treasury Fund - Cash Plan - Institiutional - Daily Dividend;;INF223J01DZ1;100.497;100.497;100.497;02-Jun-2013
112222;DWS Treasury Fund - Cash Plan - Institiutional - Growth;INF223J01EA2;;132.86;132.86;132.86;02-Jun-2013
122209;DWS Treasury Fund - Cash Plan - Monthly Bonus;INF223J01VN9;;101.3936;101.3936;101.3936;02-Jun-2013
112965;DWS Treasury Fund - Cash Plan - Monthly Dividend;INF223J01RW8;INF223J01RX6;104.3289;104.3289;104.3289;02-Jun-2013
116391;DWS Treasury Fund - Cash Plan - Quarterly Dividend;INF223J01SD6;INF223J01SE4;110.1723;110.1723;110.1723;02-Jun-2013
112964;DWS Treasury Fund - Cash Plan - Weekly Dividend;INF223J01RY4;INF223J01RZ1;109.5439;109.5439;109.5439;02-Jun-2013

Edelweiss Mutual Fund
109935;Edelweiss Liquid Fund - Daily Dividend Option;;INF754K01BG7;1000.0001;999.0001;1000.0001;02-Jun-2013
109946;Edelweiss Liquid Fund - Growth Option;INF754K01BC6;;1175.2296;1174.0544;1175.2296;02-Jun-2013
109941;Edelweiss Liquid Fund - Institutional Plan - Daily Dividend Option;;INF754K01AZ9;1000.0001;999.0001;1000.0001;02-Jun-2013
109944;Edelweiss Liquid Fund - Monthly Dividend Option;INF754K01BD4;INF754K01BF9;1000.7612;999.7604;1000.7612;02-Jun-2013
109934;Edelweiss Liquid Fund - Retail Plan - Daily Dividend Option;;INF754K01AS4;1000.0000;999.0000;1000.0000;02-Jun-2013
109940;Edelweiss Liquid Fund - Retail Plan - Growth Option;INF754K01AO3;;1352.8688;1351.5159;1352.8688;02-Jun-2013
109939;Edelweiss Liquid Fund - Retail Plan - Monthly Dividend Option;INF754K01AP0;INF754K01AR6;1000.1703;999.1701;1000.1703;02-Jun-2013
109937;Edelweiss Liquid Fund - Retail Plan - Weekly Dividend Option;;INF754K01AT2;1000.1703;999.1701;1000.1703;02-Jun-2013
109942;Edelweiss Liquid Fund - Weekly Dividend Option;;INF754K01BH5;1000.1950;999.1948;1000.1950;02-Jun-2013
118637;Edelweiss Liquid Fund-Direct Plan-Daily Dividend Option;;INF754K01DB4;1000.3667;999.3663;1000.3667;02-Jun-2013
118636;Edelweiss Liquid Fund-Direct Plan-Growth Option;INF754K01CX0;;1175.3519;1174.1765;1175.3519;02-Jun-2013

ING Mutual Fund
119935;ING Liquid Fund - Super Institutional Plan - Direct Plan - Growth Option;INF084M01BY8;;17.7307;17.7307;17.7307;02-Jun-2013
119933;ING Liquid Fund - Super Institutional Plan - Direct Plan- Daily Dividend Option;;INF084M01BZ5;10.0048;10.0048;10.0048;02-Jun-2013
119934;ING Liquid Fund - Super Institutional Plan - Direct Plan- Weekly Dividend Option;INF084M01CB4;INF084M01CA6;10.0203;10.0203;10.0203;02-Jun-2013
100198;ING Liquid Fund-Institutional Daily Dividend Option;INF084M01473;;10.0121;10.0121;10.0121;02-Jun-2013
100196;ING Liquid Fund-Institutional Growth Option;INF084M01465;;18.5150;18.5150;18.5150;02-Jun-2013
100197;ING Liquid Fund-Institutional Weekly Dividend Option;INF084M01499;INF084M01481;10.0669;10.0669;10.0669;02-Jun-2013
100192;ING Liquid Fund-Regular Daily Dividend Option;INF084M01432;;10.7873;10.7873;10.7873;02-Jun-2013
100190;ING Liquid Fund-Regular Growth Option;INF084M01424;;24.5280;24.5280;24.5280;02-Jun-2013
100191;ING Liquid Fund-Regular Weekly Dividend Option;INF084M01457;INF084M01440;10.8374;10.8374;10.8374;02-Jun-2013
100200;ING Liquid Fund-Super Institutional Daily Dividend Option;INF084M01515;;10.0048;10.0048;10.0048;02-Jun-2013
100199;ING Liquid Fund-Super Institutional Growth Option;INF084M01507;;17.7148;17.7148;17.7148;02-Jun-2013
100201;ING Liquid Fund-Super Institutional Weekly Dividend Option;INF084M01531;INF084M01523;10.0178;10.0178;10.0178;02-Jun-2013

Invesco Mutual Fund
106502;Religare Invesco Overnight Fund - Daily Dividend Reinvestment;;INF205K01HS2;1000.0048;1000.0048;1000.0048;02-Jun-2013
120556;Religare Invesco Overnight Fund - Direct Plan - Daily Dividend Reinvestment;;INF205K01NC4;1000.0048;1000.0048;1000.0048;02-Jun-2013
120557;Religare Invesco Overnight Fund - Direct Plan - Growth;INF205K01ND2;;1407.5387;1407.5387;1407.5387;02-Jun-2013
106501;Religare Invesco Overnight Fund - Growth;INF205K01HR4;;1404.7334;1404.7334;1404.7334;02-Jun-2013

JM Financial Mutual Fund
122314;JM Floater Short Term Fund (Direct) - Bonus Option - Principal Units;INF192K01EV3;;18.6456;18.5990;18.6456;02-Jun-2013
120414;JM Floater Short Term Fund (Direct) - Daily Dividend Option;;INF192K01CF0;10.0884;10.0632;10.0884;02-Jun-2013
120415;JM Floater Short Term Fund (Direct) - Growth Option;INF192K01CG8;;18.6449;18.5983;18.6449;02-Jun-2013
122322;JM Floater Short Term Fund - Bonus Option - Principal Units;INF192K01ET7;;18.6290;18.5824;18.6290;02-Jun-2013
101420;JM Floater Short Term Fund - Daily Dividend Option;;INF192K01767;10.0883;10.0631;10.0883;02-Jun-2013
101421;JM Floater Short Term Fund - Growth Option;INF192K01775;;18.6290;18.5824;18.6290;02-Jun-2013

JPMorgan Mutual Fund
119902;JPMorgan India Liquid Fund - Direct Plan - Daily Dividend Option;;INF843K01BA1;10.0079;10.0079;10.0079;02-Jun-2013
119908;JPMorgan India Liquid Fund - Direct Plan - Fortnightly Dividend Option;INF843K01BG8;INF843K01BC7;10.0188;10.0188;10.0188;02-Jun-2013
119905;JPMorgan India Liquid Fund - Direct Plan - Growth Option;INF843K01AX5;;15.4399;15.4399;15.4399;02-Jun-2013
119906;JPMorgan India Liquid Fund - Direct Plan - Monthly Dividend Option;INF843K01BH6;INF843K01BD5;10.0458;10.0458;10.0458;02-Jun-2013
119904;JPMorgan India Liquid Fund - Direct Plan - Weekly Dividend Option;INF843K01BF0;INF843K01BB9;10.1435;10.1435;10.1435;02-Jun-2013
106562;JPMorgan India Liquid Fund - Retail Plan - Daily Dividend Option;;INF843K01203;10.015;10.015;10.015;02-Jun-2013
106561;JPMorgan India Liquid Fund - Retail Plan - Growth Option;INF843K01195;;14.1051;14.1051;14.1051;02-Jun-2013
109179;JPMorgan India Liquid Fund - Retail Plan - Monthly Dividend Option;;INF843K01237;10.0277;10.0277;10.0277;02-Jun-2013
109177;JPMorgan India Liquid Fund - Retail Plan - Weekly Dividend Option;;INF843K01211;10.0255;10.0255;10.0255;02-Jun-2013
117751;JPMorgan India Liquid Fund - Super Institutional Plan - Annual Dividend Option;INF843K01831;INF843K01823;10.6743;10.6743;10.6743;02-Jun-2013
110149;JPMorgan India Liquid Fund - Super Institutional Plan - Daily Dividend Option;;INF843K01153;10.0079;10.0079;10.0079;02-Jun-2013
110150;JPMorgan India Liquid Fund - Super Institutional Plan - Growth Option;INF843K01146;;15.4334;15.4334;15.4334;02-Jun-2013
110151;JPMorgan India Liquid Fund - Super Institutional Plan - Monthly Dividend Option;INF843K01500;INF843K01187;10.0456;10.0456;10.0456;02-Jun-2013
110153;JPMorgan India Liquid Fund - Super Institutional Plan - Weekly Dividend Option;INF843K01484;INF843K01161;10.172;10.172;10.172;02-Jun-2013

Mirae Asset Mutual Fund
118857;Mirae Asset Liquid Fund - Direct Plan - Growth;INF769K01CF5;;1050.0648;1050.0648;1050.0648;02-Jun-2013
107659;Mirae Asset Liquid Fund- Institutional Plan - Growth;INF769K01648;;1049.8291;1049.8291;1049.8291;02-Jun-2013
107656;Mirae Asset Liquid Fund- Institutional Plan - Monthly Dividend;INF769K01705;INF769K01697;1040.6532;1040.6532;1040.6532;02-Jun-2013
107658;Mirae Asset Liquid Fund- Institutional Plan - Weekly Dividend;;INF769K01689;1033.2979;1033.2979;1033.2979;02-Jun-2013
107646;Mirae Asset Liquid Fund- Regular Plan - Daily Dividend;;INF769K01606;1155.9116;1155.9116;1155.9116;02-Jun-2013
107648;Mirae Asset Liquid Fund- Regular Plan - Growth;INF769K01572;;1213.9666;1213.9666;1213.9666;02-Jun-2013
107649;Mirae Asset Liquid Fund- Regular Plan - Monthly Dividend;INF769K01630;INF769K01622;1038.7012;1038.7012;1038.7012;02-Jun-2013
107647;Mirae Asset Liquid Fund- Regular Plan - Weekly Dividend;;INF769K01614;1158.7630;1158.7630;1158.7630;02-Jun-2013

Morgan Stanley Mutual Fund
119197;Morgan Stanley Liquid Fund - Direct Daily Dividend;;INF063A01563;1000.4971;1000.4971;1000.4971;02-Jun-2013
119173;Morgan Stanley Liquid Fund - Direct Growth Plan;INF063A01555;;1169.6545;1169.6545;1169.6545;02-Jun-2013
119200;Morgan Stanley Liquid Fund - Direct Monthly Dividend;INF063A01597;INF063A01589;1002.9896;1002.9896;1002.9896;02-Jun-2013
119198;Morgan Stanley Liquid Fund - Direct Weekly Dividend;INF063A01571;;1001.1691;1001.1691;1001.1691;02-Jun-2013
115812;MS Liquid Fund - Regular- Growth;INF063A01274;;1169.4108;1169.4108;1169.4108;02-Jun-2013
115814;MS Liquid Fund - Regular- Weekly Dividend Plan;;INF063A01290;1001.1662;1001.1662;1001.1662;02-Jun-2013
115813;MS Liquid Fund- Regular Daily Dividend Plan;;INF063A01282;1000.4971;1000.4971;1000.4971;02-Jun-2013
115815;MS Liquid Fund- Regular Monthly Dividend Plan;INF063A01316;INF063A01308;1001.4466;1001.4466;1001.4466;02-Jun-2013

PGIM India Mutual Fund
120102;DHFL Pramerica Liquid Fund - Direct Plan-Daily Dividend Option;;INF663L01633;1000.4200;1000.4200;1000.4200;02-Jun-2013
120104;DHFL Pramerica Liquid Fund - Direct Plan-Growth Option;INF663L01625;;1270.8068;1270.8068;1270.8068;02-Jun-2013
120105;DHFL Pramerica Liquid Fund - Direct Plan-Monthly Dividend Option;INF663L01682;INF663L01666;1001.9069;1001.9069;1001.9069;02-Jun-2013
120106;DHFL Pramerica Liquid Fund - Direct Plan-Weekly Dividend - Option;;INF663L01641;1001.4233;1001.4233;1001.4233;02-Jun-2013
113184;DHFL Pramerica Liquid Fund - Dividend Option - Daily;;INF663L01088;1000.3700;1000.3700;1000.3700;02-Jun-2013
113187;DHFL Pramerica Liquid Fund - Dividend Option - Fortnightly;INF663L01120;INF663L01104;1001.7475;1001.7475;1001.7475;02-Jun-2013
113186;DHFL Pramerica Liquid Fund - Dividend Option - Monthly;INF663L01138;INF663L01112;1001.7471;1001.7471;1001.7471;02-Jun-2013
113183;DHFL Pramerica Liquid Fund - Growth Option;INF663L01070;;1270.4559;1270.4559;1270.4559;02-Jun-2013
113185;DHFL Pramerica Liquid Fund -Dividend Option- Weekly;;INF663L01096;1001.2968;1001.2968;1001.2968;02-Jun-2013
122257;DHFL Pramerica Liquid Fund-Bonus Option;INF663L01BD5;;1270.4374;1270.4374;1270.4374;02-Jun-2013
122258;DHFL Pramerica Liquid Fund-Direct Plan-Bonus Option;INF663L01BE3;;1270.8257;1270.8257;1270.8257;02-Jun-2013

PineBridge Mutual Fund
119360;PineBridge India Liquid Fund- Direct Plan- Growth Option;INF178L01AP0;;1504.8425;1504.8425;1504.8425;02-Jun-2013
106513;PineBridge India Liquid Fund- Standard Plan-Daily Dividend Option;;INF178L01699;1001.0000;1001.0000;1001.0000;02-Jun-2013
106508;PineBridge India Liquid Fund- Standard Plan-Growth Option;INF178L01715;;1504.4653;1504.4653;1504.4653;02-Jun-2013
106519;PineBridge India Liquid Fund- Standard Plan-Monthly Dividend Option;INF178L01723;INF178L01731;1002.0002;1002.0002;1002.0002;02-Jun-2013
106520;PineBridge India Liquid Fund- Standard Plan-Quarterly Dividend Option;INF178L01749;INF178L01756;1013.4568;1013.4568;1013.4568;02-Jun-2013
106509;PineBridge India Liquid Fund- Standard Plan-Weekly Dividend Option;;INF178L01764;1002.0092;1002.0092;1002.0092;02-Jun-2013
106503;PineBridge India Liquid Fund-Retail Plan-DailyDividend Option;;INF178L01533;1001.0000;1001.0000;1001.0000;02-Jun-2013
106514;PineBridge India Liquid Fund-Retail Plan-Growth Option;INF178L01558;;1470.2801;1470.2801;1470.2801;02-Jun-2013
106504;PineBridge India Liquid Fund-Retail Plan-Monthly Dividend Option;INF178L01566;INF178L01574;1001.9429;1001.9429;1001.9429;02-Jun-2013
106510;PineBridge India Liquid Fund-Retail Plan-Weekly Dividend Option;;INF178L01608;1001.9433;1001.9433;1001.9433;02-Jun-2013

Sahara Mutual Fund
101397;Sahara Liquid Fund-Fixed Pricing -  Weekly Dividend Option;;INF515L01064;1027.4373;1027.4373;1027.4373;02-Jun-2013
101393;Sahara Liquid Fund-Fixed Pricing - Daily Dividend Option;;INF515L01049;1032.6454;1032.6454;1032.6454;02-Jun-2013
120265;Sahara Liquid Fund-Fixed Pricing - Direct - Weekly Dividend Option;;INF515L01668;1027.4373;1027.4373;1027.4373;02-Jun-2013
120262;Sahara Liquid Fund-Fixed Pricing - Direct -Growth option;INF515L01650;;2148.5434;2148.5434;2148.5434;02-Jun-2013
101394;Sahara Liquid Fund-Fixed Pricing - Growth option;INF515L01056;;2147.8327;2147.8327;2147.8327;02-Jun-2013
101398;Sahara Liquid Fund-Fixed Pricing - Monthly Dividend Option;;INF515L01072;1030.9726;1030.9726;1030.9726;02-Jun-2013
120253;Sahara Liquid Fund-Fixed Pricing -Direct - Daily Dividend Option- Direct;;INF515L01643;1032.6454;1032.6454;1032.6454;02-Jun-2013
120266;Sahara Liquid Fund-Fixed Pricing -Direct - Monthly Dividend Option;;INF515L01676;1030.9726;1030.9726;1030.9726;02-Jun-2013
101399;Sahara Liquid Fund-Variable Pricing - Daily Dividend option;;INF515L01080;1032.6650;1032.6650;1032.6650;02-Jun-2013
101402;Sahara Liquid Fund-Variable Pricing - Growth option;INF515L01114;;2167.6778;2167.6778;2167.6778;02-Jun-2013
101400;Sahara Liquid Fund-Variable Pricing - Weekly Dividend Option;;INF515L01098;1035.6883;1035.6883;1035.6883;02-Jun-2013
120271;Sahara Liquid Fund-Variable Pricing -Direct - Daily Dividend option;;INF515L01684;1034.2168;1034.2168;1034.2168;02-Jun-2013
120280;Sahara Liquid Fund-Variable Pricing -Direct - Growth option;INF515L01718;;2168.0946;2168.0946;2168.0946;02-Jun-2013
120272;Sahara Liquid Fund-Variable Pricing -Direct - Weekly Dividend Option;;INF515L01692;1035.6883;1035.6883;1035.6883;02-Jun-2013
120273;Sahara Liquid Fund-Variable Pricing- Direct - Monthly Dividend Option;;INF515L01700;1035.5794;1035.5794;1035.5794;02-Jun-2013
101401;Sahara Liquid Fund-Variable Pricing- Monthly Dividend Option;;INF515L01106;1035.5794;1035.5794;1035.5794;02-Jun-2013

Tata Mutual Fund
101987;Tata Liquid Fund Reglar Plan - Monthly Dividend;INF277K01LR5;INF277K01LS3;1000.4375;1000.4375;1000.4375;02-Jun-2013
101861;Tata Liquid Fund-Regular Plan  - Weekly Dividend;INF277K016C5;;1001.7795;1001.7795;1001.7795;02-Jun-2013
101984;Tata Liquid High Investment Plan - Daily;;;1114.3379;1114.3379;1114.3379;02-Jun-2013
101860;Tata Liquid High Investment Plan - Growth;INF277K01LN4;;1953.0316;1953.0316;1953.0316;02-Jun-2013
101985;Tata Liquid High Investment Plan - Monthly;INF277K01LO2;INF277K01LP9;1019.9897;1019.9897;1019.9897;02-Jun-2013
101859;Tata Liquid High Investment Plan - Weekly;;;1147.7102;1147.7102;1147.7102;02-Jun-2013
101982;Tata Liquid Retail Investment PLan - Daily;;;1116.8143;1116.8143;1116.8143;02-Jun-2013
101983;Tata Liquid Retail Investment Plan - Fortnightly;;;1145.4305;1145.4305;1145.4305;02-Jun-2013
101858;Tata Liquid Retail Investment Plan - Growth;INF277K01LM6;;2681.4369;2681.4369;2681.4369;02-Jun-2013
103631;Tata Liquidity Management Fund - Regular Plan - Daily Dividend;;;1002.6089;1000.1024;1002.6089;02-Jun-2013
103632;Tata Liquidity Management Fund - Regular Plan - Growth;INF277K01LW5;;1609.6540;1605.6299;1609.6540;02-Jun-2013
103519;Tata Liquidity Management Fund - Regular Plan  -Weekly Dividend;;;1006.5519;1004.0355;1006.5519;02-Jun-2013
119443;Tata Liquidity Management Fund- Direct Plan-Daily Dividend;;;1002.6089;1000.1024;1002.6089;02-Jun-2013
119444;Tata Liquidity Management Fund- Direct Plan-Growth;INF277K01PU0;;1610.2255;1606.1999;1610.2255;02-Jun-2013

Open Ended Schemes ( Money Market )


Tata Mutual Fund
102152;Tata Money Market Fund Regular (Bonus / Dividend);;;10.1597;10.1597;10.1597;02-Jun-2013
102153;Tata Money Market Fund Regular (Growth);INF277K01LY1;;18.7747;18.7747;18.7747;02-Jun-2013

Open Ended Schemes ( Debt Scheme - Overnight Fund )


HDFC Mutual Fund
119109;HDFC Overnight Fund - Daily IDCW Option - Direct Plan;;INF179KB1HY1;10.4266;10.4266;10.4266;02-Jun-2013
101996;HDFC Overnight Fund - Growth Option;INF179KB1HS3;;19.0328;19.0328;19.0328;02-Jun-2013
119110;HDFC Overnight Fund - Growth Option - Direct Plan;INF179KB1HT1;;19.0369;19.0369;19.0369;02-Jun-2013
101997;HDFC Overnight Fund - IDCW Option (Daily);;INF179KB1IF8;10.4266;10.4266;10.4266;02-Jun-2013

L&T Mutual Fund
118059;L&T Cash Fund - Institutional Plan - Growth Option;INF677K01AP3;;1603.1811;1603.1811;1603.1811;02-Jun-2013
118055;L&T Cash Fund - Retail Plan - Growth option;INF677K01AK4;;1562.2262;1562.2262;1562.2262;02-Jun-2013
118062;L&T Cash Fund - Retail Plan - Monthly Dividend Option;INF677K01AN8;INF677K01AO6;1008.6018;1008.6018;1008.6018;02-Jun-2013
118066;L&T Overnight Fund  - Regular Plan - Monthly IDCW;INF917K01EL4;INF917K01EM2;1007.5992;1007.5992;1007.5992;02-Jun-2013
119283;L&T Overnight Fund - Direct Plan - Growth;INF917K01EN0;;1619.2864;1619.2864;1619.2864;02-Jun-2013
119284;L&T Overnight Fund - Direct Plan- Daily IDCW;;INF917K01EO8;1023.3000;1023.3000;1023.3000;02-Jun-2013
119282;L&T Overnight Fund - Direct Plan- Monthly IDCW;INF917K01ER1;;1008.2731;1008.2731;1008.2731;02-Jun-2013
119285;L&T Overnight Fund - Direct Plan- Weekly IDCW;;INF917K01EP5;1001.5941;1001.5941;1001.5941;02-Jun-2013
118056;L&T Overnight Fund - Regular Plan - Daily IDCW;;INF917K01EJ8;1023.3000;1023.3000;1023.3000;02-Jun-2013
118058;L&T Overnight Fund - Regular Plan - Growth;INF917K01EI0;;1619.2820;1619.2820;1619.2820;02-Jun-2013
118065;L&T Overnight Fund - Regular Plan - Weekly IDCW;;INF917K01EK6;1001.3632;1001.3632;1001.3632;02-Jun-2013

SBI Mutual Fund
119831;SBI Overnight Fund - Direct Plan - Daily Income Distribution cum Capital Withdrawal Option (IDCW);;INF200K01TJ7;1009.9100;1009.9100;1009.9100;02-Jun-2013
119833;SBI OVERNIGHT FUND - DIRECT PLAN - GROWTH;INF200K01TK5;;2046.5796;2046.5796;2046.5796;02-Jun-2013
119832;SBI Overnight Fund - Direct Plan - Weekly Income Distribution cum Capital Withdrawal Option (IDCW);INF200K01TL3;INF200K01TM1;1031.4104;1031.4104;1031.4104;02-Jun-2013
114297;SBI Overnight Fund - Regular Plan - Daily Income Distribution cum Capital Withdrawal Option (IDCW);;INF200K01LN6;1009.9100;1009.9100;1009.9100;02-Jun-2013
101206;SBI OVERNIGHT FUND - REGULAR PLAN - GROWTH;INF200K01LQ9;;2045.1043;2045.1043;2045.1043;02-Jun-2013
103140;SBI Overnight Fund - Regular Plan - Weekly Income Distribution cum Capital Withdrawal Option (IDCW);INF200K01LO4;INF200K01LP1;1031.4058;1031.4058;1031.4058;02-Jun-2013

Open Ended Schemes ( Debt Scheme - Liquid Fund )


Aditya Birla Sun Life Mutual Fund
100047;Aditya Birla Sun Life Liquid Fund - Growth;INF209K01RU9;;190.7471;190.7471;190.7471;02-Jun-2013
119568;Aditya Birla Sun Life Liquid Fund - Growth - Direct Plan;INF209K01VA3;;190.7854;190.7854;190.7854;02-Jun-2013
100046;Aditya Birla Sun Life Liquid Fund -Daily IDCW;INF209K01KQ2;INF209K01SQ5;100.1950;100.1950;100.1950;02-Jun-2013
119569;Aditya Birla Sun Life Liquid Fund -Direct - daily IDCW;INF209K01UZ2;;100.1950;100.1950;100.1950;02-Jun-2013
119571;Aditya Birla Sun Life Liquid Fund -DIRECT - IDCW;INF209K01VD7;;101.8208;101.8208;101.8208;02-Jun-2013
119570;Aditya Birla Sun Life Liquid Fund -Direct - weekly IDCW;INF209K01VC9;;100.2717;100.2717;100.2717;02-Jun-2013
100041;Aditya Birla Sun Life Liquid Fund -Institutional - IDCW;;INF209K01KN9;108.0230;108.0230;108.0230;02-Jun-2013
100048;Aditya Birla Sun Life Liquid Fund -Institutional - weekly  IDCW;INF209KA1LK7;INF209K01KY6;108.1169;108.1169;108.1169;02-Jun-2013
100044;Aditya Birla Sun Life Liquid Fund -Retail - IDCW;;INF209K01KP4;163.6940;163.6940;163.6940;02-Jun-2013
100051;Aditya Birla Sun Life Liquid Fund -weekly IDCW;INF209K01KU4;INF209KA1LJ9;100.2717;100.2717;100.2717;02-Jun-2013
112014;Aditya Birla Sun Life Liquid Fund- Discipline Advantage Plan;INF209K01KZ3;;128.9067;128.9067;128.9067;02-Jun-2013
100043;Aditya Birla Sun Life Liquid Fund-Institutional (Growth);INF209K01RT1;;318.5389;318.5389;318.5389;02-Jun-2013
100042;Aditya Birla Sun Life Liquid Fund-Retail (Growth);INF209K01ME4;;310.8925;310.8925;310.8925;02-Jun-2013

Axis Mutual Fund
120388;Axis Liquid Fund - Direct Plan - Daily IDCW;;INF846K01DA0;1000.1107;1000.1107;1000.1107;02-Jun-2013
120389;Axis Liquid Fund - Direct Plan - Growth Option;INF846K01CX4;;1319.5313;1319.5313;1319.5313;02-Jun-2013
120391;Axis Liquid Fund - Direct Plan - Monthly IDCW;INF846K01CY2;INF846K01CZ9;1001.3907;1001.3907;1001.3907;02-Jun-2013
120390;Axis Liquid Fund - Direct Plan - Weekly IDCW;INF846K01DB8;INF846K01DC6;1003.4544;1003.4544;1003.4544;02-Jun-2013
112211;Axis Liquid Fund - Regular Plan - Daily IDCW;;INF846K01420;1000.1107;1000.1107;1000.1107;02-Jun-2013
112210;Axis Liquid Fund - Regular Plan - Growth Option;INF846K01412;;1319.1563;1319.1563;1319.1563;02-Jun-2013
112213;Axis Liquid Fund - Regular Plan - Monthly IDCW;INF846K01453;INF846K01461;1001.4023;1001.4023;1001.4023;02-Jun-2013
112212;Axis Liquid Fund - Regular Plan - Weekly IDCW;INF846K01438;INF846K01446;1003.4444;1003.4444;1003.4444;02-Jun-2013
112712;Axis Liquid Fund - Retail Plan - Daily IDCW;;INF846K01362;1000.1107;1000.1107;1000.1107;02-Jun-2013
112713;Axis Liquid Fund - Retail Plan - Growth Option;INF846K01354;;1284.5417;1284.5417;1284.5417;02-Jun-2013
112714;Axis Liquid Fund - Retail Plan - Monthly IDCW;INF846K01396;INF846K01404;1001.3208;1001.3208;1001.3208;02-Jun-2013
112715;Axis Liquid Fund - Retail Plan - Weekly IDCW;INF846K01370;INF846K01388;1001.3792;1001.3792;1001.3792;02-Jun-2013

Bandhan Mutual Fund
108692;BANDHAN LIQUID Fund - Regular Plan - Daily IDCW;INF194K01VZ4;INF194K01VY7;1000.2500;1000.2500;1000.2500;02-Jun-2013
108690;BANDHAN LIQUID Fund - Regular Plan - Growth;INF194K01VX9;;1447.3850;1447.3850;1447.3850;02-Jun-2013
108693;BANDHAN LIQUID Fund - Regular Plan - Monthly IDCW;INF194K01WF4;INF194K01WE7;1000.8176;1000.8176;1000.8176;02-Jun-2013
115489;BANDHAN LIQUID Fund - Regular Plan - Periodic IDCW;INF194K01WC1;INF194K01WB3;1140.5469;1140.5469;1140.5469;02-Jun-2013
108691;BANDHAN LIQUID Fund - Regular Plan - Weekly IDCW;INF194K01WI8;INF194K01WH0;1000.6552;1000.6552;1000.6552;02-Jun-2013
118365;BANDHAN LIQUID Fund -Direct Plan -Monthly IDCW;INF194K01J36;INF194K01J28;1007.7127;1007.7127;1007.7127;02-Jun-2013
118367;BANDHAN LIQUID Fund -Direct Plan -Weekly IDCW;INF194KB1JT8;INF194K01J51;1001.4521;1001.4521;1001.4521;02-Jun-2013
118366;BANDHAN LIQUID Fund -Direct Plan-Daily IDCW;;INF194K01I78;1000.3400;1000.3400;1000.3400;02-Jun-2013
118364;BANDHAN LIQUID Fund -Direct Plan-Growth;INF194K01I60;;1447.4543;1447.4543;1447.4543;02-Jun-2013
118363;BANDHAN LIQUID Fund -Direct Plan-Periodic IDCW;INF194K01J02;INF194K01I94;1140.5405;1140.5405;1140.5405;02-Jun-2013
108779;BANDHAN Liquid Fund-Plan A-Dividend (Daily);INF194K01VC3;INF194K01VB5;1058.1900;1058.1900;1058.1900;02-Jun-2013
108778;BANDHAN Liquid Fund-Plan A-Growth;INF194K01UX1;;2087.8391;2087.8391;2087.8391;02-Jun-2013
115486;BANDHAN Liquid Fund-Plan A-Monthly;INF194K01VF6;INF194K01VE9;1000.7928;1000.7928;1000.7928;02-Jun-2013
115487;BANDHAN Liquid Fund-Plan A-Periodic Dividend;INF194K01UZ6;INF194K01UY9;1007.0566;1007.0566;1007.0566;02-Jun-2013
108607;BANDHAN Liquid Fund - Plan A-Dividend (Weekly);INF194K01VI0;INF194K01VH2;1001.4184;1001.4184;1001.4184;02-Jun-2013
108781;BANDHAN Liquid Fund - Plan B (G) (Institutional Plan);INF194K01VK6;;2109.9614;2109.9614;2109.9614;02-Jun-2013
108629;BANDHAN Liquid Fund - Plan B - Dividend-Weekly;INF194K01VS9;INF194K01VR1;1000.6236;1000.6236;1000.6236;02-Jun-2013

Bank of India Mutual Fund
119368;BANK OF INDIA Liquid Fund- Direct Plan- Daily IDCW;;INF761K01CL0;1002.6483;1002.6483;1002.6483;02-Jun-2013
119369;BANK OF INDIA Liquid Fund- Direct Plan- Growth;INF761K01785;;1369.7219;1369.7219;1369.7219;02-Jun-2013
111971;BANK OF INDIA Liquid Fund- Regular Plan- Daily IDCW;;INF761K01CO4;1000.5950;1000.5950;1000.5950;02-Jun-2013
109254;BANK OF INDIA Liquid Fund- Regular Plan- Growth;INF761K01306;;1369.3792;1369.3792;1369.3792;02-Jun-2013
109255;BANK OF INDIA Liquid Fund- Regular Plan- Weekly IDCW;;INF761K01CP1;1002.6532;1002.6532;1002.6532;02-Jun-2013

Baroda BNP Paribas Mutual Fund
119414;Baroda BNP Paribas LIQUID FUND - DIRECT PLAN - DAILY IDCW OPTION;INF955L01AK2;;1000.6300;1000.6300;1000.6300;02-Jun-2013
119415;Baroda BNP Paribas LIQUID FUND - DIRECT PLAN - GROWTH OPTION;INF955L01AL0;;1364.8416;1364.8416;1364.8416;02-Jun-2013
119416;Baroda BNP Paribas LIQUID FUND - DIRECT PLAN - WEEKLY IDCW OPTION;INF251K01SL8;;1001.7961;1001.7961;1001.7961;02-Jun-2013
111707;Baroda BNP Paribas LIQUID FUND - Regular Plan - DAILY IDCW OPTION;INF955L01468;INF955L01476;1000.6300;1000.6300;1000.6300;02-Jun-2013
111704;Baroda BNP Paribas LIQUID FUND - Regular Plan - GROWTH OPTION;INF955L01484;;1364.4469;1364.4469;1364.4469;02-Jun-2013
111705;Baroda BNP Paribas LIQUID FUND - Regular Plan - WEEKLY IDCW OPTION;INF251K01SK0;INF955L01500;1001.3721;1001.3721;1001.3721;02-Jun-2013
101408;Baroda BNP Paribas LIQUID FUND- Defunct Plan -Growth Option;INF955L01575;;2064.5757;2064.5757;2064.5757;02-Jun-2013
101407;Baroda BNP Paribas LIQUID FUND-Defunct Plan- IDCW Option;INF955L01559;INF955L01567;1768.8173;1768.8173;1768.8173;02-Jun-2013
101409;Baroda BNP Paribas LIQUID FUND-Defunct Plan-Daily IDCW Option;INF955L01518;INF955L01526;1006.0600;1006.0600;1006.0600;02-Jun-2013
111706;BARODA LIQUID FUND PLAN A - MONTHLY IDCW OPTION;;;1002.4317;1002.4317;1002.4317;02-Jun-2013

BNP Paribas Mutual Fund
117941;BNP PARIBAS LIQUID FUND  GROWTH OPTION;INF251K01CM0;;18.3129;18.3129;18.3129;02-Jun-2013
117940;BNP PARIBAS LIQUID FUND  MONTHLY DIVIDEND OPTION;INF251K01CP3;INF251K01CQ1;10.0044;10.0044;10.0044;02-Jun-2013
117942;BNP PARIBAS LIQUID FUND  WEEKLY DIVIDEND OPTION;;INF251K01CO6;10.0088;10.0088;10.0088;02-Jun-2013
120122;BNP Paribas LIQUID Fund - Direct Plan - Daily Dividend Option;;INF251K01FY8;10.0049;10.0049;10.0049;02-Jun-2013
120123;BNP Paribas LIQUID Fund - Direct Plan - Growth Option;;INF251K01FX0;18.3184;18.3184;18.3184;02-Jun-2013
120124;BNP Paribas LIQUID Fund - Direct Plan - Monthly Dividend Option;INF251K01GA6;INF251K01GB4;10.0045;10.0045;10.0045;02-Jun-2013
120125;BNP Paribas LIQUID Fund - Direct Plan - Weekly Dividend Option;;INF251K01FZ5;10.0090;10.0090;10.0090;02-Jun-2013
117943;BNP PARIBAS LIQUID FUND DAILY DIVIDEND OPTION;;INF251K01CN8;10.0049;10.0049;10.0049;02-Jun-2013
113640;BNP PARIBAS LIQUID Fund-Regular Plan-Growth Option;INF251K01CI8;;17.5596;17.5596;17.5596;02-Jun-2013
113632;BNP PARIBAS LIQUID Fund-Regular Plan-Monthly Dividend;INF251K01CK4;INF251K01CL2;10.0038;10.0038;10.0038;02-Jun-2013
113637;BNP PARIBAS LIQUID Fund-Regular Plan-Weekly Dividend Option;;INF251K01CJ6;10.0079;10.0079;10.0079;02-Jun-2013

Canara Robeco Mutual Fund
118307;CANARA ROBECO LIQUID FUND - DIRECT PLAN - DAILY IDCW (Reinvestment);;INF760K01FS0;1005.5000;1005.5000;1005.5000;02-Jun-2013
118305;CANARA ROBECO LIQUID FUND - DIRECT PLAN - GROWTH OPTION;INF760K01FU6;;1447.5527;1447.5527;1447.5527;02-Jun-2013
118304;CANARA ROBECO LIQUID FUND - DIRECT PLAN - IDCW (Payout/Reinvestment);INF760K01FT8;;1036.3559;1036.3559;1036.3559;02-Jun-2013
118306;CANARA ROBECO LIQUID FUND - DIRECT PLAN - MONTHLY IDCW (Payout/Reinvestment);INF760K01FV4;INF760K01FW2;1001.1695;1001.1695;1001.1695;02-Jun-2013
118308;CANARA ROBECO LIQUID FUND - DIRECT PLAN - WEEKLY IDCW (Payout/Reinvestment);INF760K01FY8;INF760K01FX0;1000.9350;1000.9350;1000.9350;02-Jun-2013
109349;CANARA ROBECO LIQUID FUND - REGULAR PLAN - DAILY IDCW (Reinvestment);;INF760K01CU3;1005.5000;1005.5000;1005.5000;02-Jun-2013
109353;CANARA ROBECO LIQUID FUND - REGULAR PLAN - GROWTH OPTION;INF760K01CW9;;1447.1773;1447.1773;1447.1773;02-Jun-2013
109351;CANARA ROBECO LIQUID FUND - REGULAR PLAN - MONTHLY IDCW (Payout/Reinvestment);INF760K01CX7;INF760K01CY5;1000.9455;1000.9455;1000.9455;02-Jun-2013
109350;CANARA ROBECO LIQUID FUND - REGULAR PLAN - WEEKLY IDCW (Payout/Reinvestment);INF760K01BZ4;INF760K01CZ2;1000.8913;1000.8913;1000.8913;02-Jun-2013
101363;Canara Robeco Liquid Fund- INSTITUTIONAL-Daily Dividend Reinvestment;;INF760K01CC1;1005.5000;1005.5000;1005.5000;02-Jun-2013
101362;Canara Robeco Liquid Fund- INSTITUTIONAL-Growth;INF760K01CD9;;2138.8678;2138.8678;2138.8678;02-Jun-2013
101364;Canara Robeco Liquid Fund-Retail-DRI;;INF760K01CF4;1007.0000;1007.0000;1007.0000;02-Jun-2013
101365;Canara Robeco Liquid Fund-Retail-Growth;INF760K01CH0;;2104.1631;2104.1631;2104.1631;02-Jun-2013
109347;Canara Robeco Liquid Fund-Retail-Monthly Div Reinvest;;INF760K01CI8;1006.2694;1006.2694;1006.2694;02-Jun-2013
109356;Canara Robeco Liquid Fund-Retail-Weekly Div Reinvest;;INF760K01CJ6;1006.2694;1006.2694;1006.2694;02-Jun-2013

DSP Mutual Fund
119125;DSP Liquidity Fund - Direct Plan - Growth;INF740K01QL4;;1704.2493;1704.2493;1704.2493;02-Jun-2013
119124;DSP Liquidity Fund - Direct Plan - IDCW - Daily;;INF740KA1OB6;1000.3161;1000.3161;1000.3161;02-Jun-2013
119123;DSP Liquidity Fund - Direct Plan - IDCW - Weekly;INF740KA1OC4;INF740KA1OD2;1000.9103;1000.9103;1000.9103;02-Jun-2013
103347;DSP Liquidity Fund - Regular Plan - Growth;INF740K01FK9;;1703.9002;1703.9002;1703.9002;02-Jun-2013
103348;DSP Liquidity Fund - Regular Plan - IDCW - Weekly;INF740K01FM5;INF740K01FL7;1000.9061;1000.9061;1000.9061;02-Jun-2013
103349;DSP Liquidity Fund- Regular Plan - IDCW - Daily;;INF740KA1OE0;1000.3161;1000.3161;1000.3161;02-Jun-2013
100943;DSP BlackRock Liquidity Fund - Regular Plan - Daily Dividend;;;10.0164;10.0164;10.0164;02-Jun-2013
100940;DSP BlackRock Liquidity Fund - Regular Plan - Growth;INF740K01CN0;;28.1021;28.1021;28.1021;02-Jun-2013
100941;DSP BlackRock Liquidity Fund - Regular Plan Weekly Dividend;;;12.4183;12.4183;12.4183;02-Jun-2013

Franklin Templeton Mutual Fund
100541;Franklin India Liquid Fund - Regular Plan - Daily - IDCW;;INF090I01BA3;1512.3400;1512.3400;1512.3400;02-Jun-2013
100538;Franklin India Liquid Fund - Regular Plan - Growth;INF090I01BB1;;2886.7817;2886.7817;2886.7817;02-Jun-2013
100537;Franklin India Liquid Fund - Regular Plan - Weekly - IDCW;INF090I01BL0;INF090I01BI6;1244.3238;1244.3238;1244.3238;02-Jun-2013
118577;Franklin India Liquid Fund - Super Institutional - Direct - Growth;INF090I01JV2;;1773.3628;1773.3628;1773.3628;02-Jun-2013
100547;Franklin India Liquid Fund - Super Institutional Plan - Daily - IDCW;;INF090I01BF2;1000.6730;1000.6730;1000.6730;02-Jun-2013
118578;Franklin India Liquid Fund - Super Institutional Plan - Direct - Daily - IDCW;INF090I01JW0;;1001.0741;1001.0741;1001.0741;02-Jun-2013
118579;Franklin India Liquid Fund - Super Institutional Plan - Direct - Weekly - IDCW;INF090I01JX8;INF090I01JY6;1021.3891;1021.3891;1021.3891;02-Jun-2013
100546;Franklin India Liquid Fund - Super Institutional Plan - Growth;INF090I01BG0;;1773.0498;1773.0498;1773.0498;02-Jun-2013
100548;Franklin India Liquid Fund - Super Institutional Plan - Weekly - IDCW;INF090I01BM8;INF090I01BH8;1021.1243;1021.1243;1021.1243;02-Jun-2013
102441;Franklin India Liquid Fund - Institution-Growth;INF090I01BD7;;1844.6848;1844.6848;1844.6848;02-Jun-2013
102443;Franklin India Liquid Fund - Institutional Plan - Daily - IDCW;;INF090I01BC9;1000.6730;1000.6730;1000.6730;02-Jun-2013
102442;Franklin India Liquid Fund - Institutional Plan - Weekly - IDCW;INF090I01BJ4;INF090I01BE5;1054.7184;1054.7184;1054.7184;02-Jun-2013

Groww Mutual Fund
119135;Groww Liquid Fund ( formerly known as Indiabulls Liquid )Fund - Direct Plan - Growth Option;INF666M01451;;1158.6115;1158.6115;1158.6115;02-Jun-2013
119136;Groww Liquid Fund (formerly known as Indiabulls Liquid Fund) - Direct Plan- - Income Distribution cum capital withdrawal Option ( Reinvestment);;INF666M01469;1000.0434;1000.0434;1000.0434;02-Jun-2013
115991;Groww Liquid Fund (formerly known as Indiabulls Liquid Fund) - Regular Plan - Growth Option;INF666M01014;;1158.3197;1158.3197;1158.3197;02-Jun-2013
115992;Groww Liquid Fund (formerly known as Indiabulls Liquid Fund)- Regular Plan- - Income Distribution cum capital withdrawal Option (Reinvestment);;INF666M01022;1000.0434;1000.0434;1000.0434;02-Jun-2013
115995;Groww Liquid Fund (formerly known as Indiabulls Liquid Fund)- Regular Plan- Monthly - Income Distribution cum capital withdrawal Option (Payout & Reinvestment);INF666M01071;INF666M01055;1007.3050;1007.3050;1007.3050;02-Jun-2013
115993;Groww Liquid Fund (formerly known as Indiabulls Liquid Fund)- Regular Plan- Weekly - Income Distribution cum capital withdrawal Option (Payout & Reinvestment);INF666M01089;INF666M01030;1001.4151;1001.4151;1001.4151;02-Jun-2013

HDFC Mutual Fund
119091;HDFC Liquid Fund - Growth Option - Direct Plan;INF179KB1HP9;;23.4901;23.4901;23.4901;02-Jun-2013
100868;HDFC Liquid Fund - Growth Plan;INF179KB1HK0;;23.4807;23.4807;23.4807;02-Jun-2013
100875;HDFC Liquid Fund - IDCW Daily;;INF179KB1IC5;10.1982;10.1982;10.1982;02-Jun-2013
119089;HDFC Liquid Fund - IDCW Daily - Direct Plan;;INF179KB1HV7;10.1982;10.1982;10.1982;02-Jun-2013
100876;HDFC Liquid Fund - IDCW Monthly;INF179KB1HM6;INF179KB1HL8;10.2769;10.2769;10.2769;02-Jun-2013
119090;HDFC Liquid Fund - IDCW Monthly - Direct Plan;INF179KB1HO2;INF179KB1HQ7;10.2769;10.2769;10.2769;02-Jun-2013
100874;HDFC Liquid Fund - IDCW Plan Weekly;INF179KB1ID3;;10.3242;10.3242;10.3242;02-Jun-2013
119088;HDFC Liquid Fund - IDCW Weekly - Direct Plan;;;10.3243;10.3243;10.3243;02-Jun-2013
100877;HDFC Liquid Fund-Premium Plan - Dividend-Daily;;INF179K01KN4;12.2598;12.2598;12.2598;02-Jun-2013
100878;HDFC Liquid Fund-Premium Plan - Dividend-Weekly;INF179K01KP9;;10;10;10;02-Jun-2013
100873;HDFC Liquid Fund-PREMIUM- Growth;INF179KB1HN4;;23.857;23.857;23.857;02-Jun-2013

HSBC Mutual Fund
118910;HSBC Cash Fund - Institutional Plan - Growth;INF336L01BT4;;1892.8341;1892.8341;1892.8341;02-Jun-2013
120038;HSBC Liquid Fund -  Growth Direct;INF336L01CC8;;1186.6815;1186.6815;1186.6815;02-Jun-2013
120037;HSBC Liquid Fund - Direct Daily IDCW;;INF336L01CB0;1000.56;1000.56;1000.56;02-Jun-2013
120039;HSBC Liquid Fund - Direct Monthly IDCW;INF336L01BZ1;INF336L01CA2;1000.4264;1000.4264;1000.4264;02-Jun-2013
120040;HSBC Liquid Fund - Direct Weekly IDCW;INF336L01LK2;INF336L01CD6;1110.9644;1110.9644;1110.9644;02-Jun-2013
118907;HSBC Liquid Fund - Growth;INF336L01BL1;;1855.8545;1855.8545;1855.8545;02-Jun-2013
118906;HSBC Liquid Fund - IDCW;;INF336L01BK3;1019.3;1019.3;1019.3;02-Jun-2013
118909;HSBC Liquid Fund - Institutional Daily IDCW;;INF336L01BS6;1096.4277;1096.4277;1096.4277;02-Jun-2013
118901;HSBC Liquid Fund - Regular Daily IDCW;;INF336L01BM9;1000.56;1000.56;1000.56;02-Jun-2013
118902;HSBC Liquid Fund - Regular Growth;INF336L01BN7;;1186.6632;1186.6632;1186.6632;02-Jun-2013
118903;HSBC Liquid Fund - Regular Monthly IDCW;INF336L01BP2;INF336L01BO5;1000.4834;1000.4834;1000.4834;02-Jun-2013
118904;HSBC Liquid Fund - Regular Weekly IDCW;INF336L01LJ4;INF336L01BQ0;1110.9622;1110.9622;1110.9622;02-Jun-2013
118908;HSBC Liquid Fund - Weekly IDCW;;INF336L01BR8;1002.0633;1002.0633;1002.0633;02-Jun-2013

ICICI Prudential Mutual Fund
100357;ICICI Prudential Liquid Fund -Quarterly IDCW;INF109K01UU5;INF109K01UT7;101.8470;101.8470;101.8470;02-Jun-2013
100359;ICICI Prudential Liquid Institutional Plus Fund - Div - Daily;INF109K01VJ6;;118.5150;118.5150;118.5150;02-Jun-2013
100360;ICICI Prudential Liquid Institutional Plus Fund - Div - Weekly;INF109K01VM0;;118.7267;118.7267;118.7267;02-Jun-2013
100362;ICICI Prudential Liquid Institutional Plus Fund - Growth;INF109K01VK4;;291.2652;291.2652;291.2652;02-Jun-2013
103343;ICICI Prudential Liquid Fund - Daily IDCW;INF109K01VP3;;100.0496;100.0496;100.0496;02-Jun-2013
120188;ICICI Prudential Liquid Fund - Direct Plan - Daily IDCW;;INF109K01Q15;100.0535;100.0535;100.0535;02-Jun-2013
120197;ICICI Prudential Liquid Fund - Direct Plan - Growth;INF109K01Q49;;176.1461;176.1461;176.1461;02-Jun-2013
120189;ICICI Prudential Liquid Fund - Direct Plan - Monthly IDCW;INF109K01R06;;100.4195;100.4195;100.4195;02-Jun-2013
120196;ICICI Prudential Liquid Fund - Direct Plan - Quarterly IDCW;INF109K01Q72;INF109K01Q80;102.6156;102.6156;102.6156;02-Jun-2013
120190;ICICI Prudential Liquid Fund - Direct Plan - Weekly IDCW;INF109K01Q98;;100.3201;100.3201;100.3201;02-Jun-2013
103340;ICICI Prudential Liquid Fund - Growth;INF109K01VQ1;;176.1057;176.1057;176.1057;02-Jun-2013
104308;ICICI Prudential Liquid Fund - Half Yearly IDCW;INF109K01UX9;INF109K01UW1;101.7282;101.7282;101.7282;02-Jun-2013
103344;ICICI Prudential Liquid Fund - Institutional Option - I;INF109K01VH0;;171.3154;171.3154;171.3154;02-Jun-2013
103342;ICICI Prudential Liquid Fund - Weekly IDCW;INF109K01VS7;;100.2940;100.2940;100.2940;02-Jun-2013
103341;ICICI Prudential Liquid Fund -Monthly IDCW;INF109K01VR9;;100.2498;100.2498;100.2498;02-Jun-2013
101748;ICICI Prudential Liquid Fund - Institutional - Daily - Div;INF109K01VE7;;118.5020;118.5020;118.5020;02-Jun-2013
101753;ICICI Prudential Liquid Fund - Institutional - Weekly - Div;INF109K01VI8;;118.5945;118.5945;118.5945;02-Jun-2013
101754;ICICI Prudential Liquid Fund Retail Daily Dividend;INF109K01UR1;;118.5140;118.5140;118.5140;02-Jun-2013
101750;ICICI Prudential Liquid Fund Retail Growth;INF109K01UQ3;;280.7282;280.7282;280.7282;02-Jun-2013
101755;ICICI Prudential Liquid Fund Retail Monthly Dividend;INF109K01US9;;100.3082;100.3082;100.3082;02-Jun-2013
101752;ICICI Prudential Liquid Fund Retail Weekly Dividend;INF109K01UV3;;118.9652;118.9652;118.9652;02-Jun-2013
101751;ICICI Prudential Liquid Institutional Fund - Growth;INF109K01VF4;;287.9196;287.9196;287.9196;02-Jun-2013

IDBI Mutual Fund
118345;IDBI Liquid Fund Growth Direct;INF397L01AH3;;1277.7815;1277.7815;1277.7815;02-Jun-2013
113104;IDBI Liquid Fund- Monthly IDCW;INF397L01976;INF397L01968;1001.5100;1001.5100;1001.5100;02-Jun-2013
118449;IDBI Liquid Fund- Monthly IDCW Direct;INF397L01AK7;INF397L01AJ9;1001.8279;1001.8279;1001.8279;02-Jun-2013
113102;IDBI Liquid Fund-Daily IDCW;;INF397L01935;1000.3214;1000.3214;1000.3214;02-Jun-2013
118450;IDBI Liquid Fund-Daily IDCW Direct;;INF397L01AI1;1000.3171;1000.3171;1000.3171;02-Jun-2013
113096;IDBI Liquid Fund-Growth;INF397L01984;;1277.5299;1277.5299;1277.5299;02-Jun-2013
113103;IDBI Liquid Fund-Weekly IDCW;INF397L01950;INF397L01943;1000.2223;1000.2223;1000.2223;02-Jun-2013
118451;IDBI Liquid Fund-Weekly IDCW Direct;INF397L01AM3;INF397L01AL5;1003.6538;1003.6538;1003.6538;02-Jun-2013

Invesco Mutual Fund
104484;Invesco India Liquid Fund - Daily IDCW (Reinvestment);;INF205K01HN3;1000.7849;1000.7849;1000.7849;02-Jun-2013
120537;Invesco India Liquid Fund - Direct Plan - Growth;INF205K01MF9;;1637.0095;1637.0095;1637.0095;02-Jun-2013
120536;Invesco India Liquid Fund - Direct Plan - Monthly IDCW (Payout / Reinvestment);INF205K01MG7;INF205K01MH5;1003.6201;1003.6201;1003.6201;02-Jun-2013
120535;Invesco India Liquid Fund - Direct Plan - Weekly IDCW (Reinvestment);INF205KA1BE5;INF205K01MI3;1001.8484;1001.8484;1001.8484;02-Jun-2013
120534;Invesco India Liquid Fund - Direct Plan- Daily IDCW (Reinvestment);;INF205K01ME2;1000.7849;1000.7849;1000.7849;02-Jun-2013
104486;Invesco India Liquid Fund - Growth;INF205K01HM5;;1636.7744;1636.7744;1636.7744;02-Jun-2013
104492;Invesco India Liquid Fund - Monthly IDCW (Payout / Reinvestment);INF205K01HQ6;INF205K01HP8;1003.6176;1003.6176;1003.6176;02-Jun-2013
104488;Invesco India Liquid Fund - Regular - Growth;INF205K01HG7;;1571.3319;1571.3319;1571.3319;02-Jun-2013
104489;Invesco India Liquid Fund - Regular - Weekly IDCW (Reinvestment);;INF205K01HH5;1001.4821;1001.4821;1001.4821;02-Jun-2013
104485;Invesco India Liquid Fund - Weekly IDCW (Reinvestment);INF205KA1BD7;INF205K01HO1;1001.8470;1001.8470;1001.8470;02-Jun-2013
104483;Religare Invesco Liquid Fund - Institutional - Daily Dividend;;INF205K01HJ1;1000.2250;1000.2250;1000.2250;02-Jun-2013
104491;Religare Invesco Liquid Fund - Institutional - Growth;INF205K01HI3;;1605.7469;1605.7469;1605.7469;02-Jun-2013

JM Financial Mutual Fund
100241;JM High Liquidity Fund-- Institutional Plan - Dividend;INF192K01924;INF192K01932;10.7679;10.7679;10.7679;02-Jun-2013
100237;JM High Liquidity Fund-- Institutional Plan - Growth;INF192K01940;;19.6004;19.6004;19.6004;02-Jun-2013
100238;JM High Liquidity Fund-Institutional Plan - Daily Dividend;;INF192K01916;10.0159;10.0159;10.0159;02-Jun-2013
100246;JM High Liquidity Fund-Super Institutional Plan- Weekly  Dividend;INF192K01965;INF192K01973;10.1616;10.1616;10.1616;02-Jun-2013
120410;JM Liquid Fund (Direct) - Bonus Option - Bonus Option - Principal units;INF192K01CN4;;10.3975;10.3975;10.3975;02-Jun-2013
120411;JM Liquid Fund (Direct) - Daily IDCW;;INF192K01CH6;10.4302;10.4302;10.4302;02-Jun-2013
120406;JM Liquid Fund (Direct) - Growth Option;INF192K01CM6;;32.4678;32.4678;32.4678;02-Jun-2013
120408;JM Liquid Fund (Direct) - Quarterly IDCW;INF192K01CK0;INF192K01CL8;18.3793;18.3793;18.3793;02-Jun-2013
120407;JM Liquid Fund (Direct) - Weekly IDCW;INF192K01CI4;INF192K01CJ2;11.0186;11.0186;11.0186;02-Jun-2013
100244;JM Liquid Fund (Regular) - Quarterly IDCW;INF192K01866;INF192K01874;18.3698;18.3698;18.3698;02-Jun-2013
100247;JM Liquid Fund (Regular) - Super Institutional Plan - Growth Option;INF192K01981;;18.6626;18.6626;18.6626;02-Jun-2013
100233;JM Liquid Fund (Regular) - Weekly IDCW;INF192K01841;INF192K01858;11.0158;11.0158;11.0158;02-Jun-2013
100234;JM Liquid Fund - Growth Option;INF192K01882;;32.4549;32.4549;32.4549;02-Jun-2013
101549;JM Liquid Fund (Regular) - Bonus Option - Principal Units;INF192K01890;;10.3923;10.3923;10.3923;02-Jun-2013
101078;JM Liquid Fund (Regular) - Daily IDCW;;INF192K01833;10.4302;10.4302;10.4302;02-Jun-2013

Kotak Mahindra Mutual Fund
119764;Kotak Liquid Fund - Direct Plan - Daily Reinvestment of Income Distribution cum capital withdrawal option;;INF174K01NH1;1222.81;1222.81;1222.81;02-Jun-2013
119766;Kotak Liquid Fund - Direct Plan - Growth;INF174K01NE8;;2416.1265;2416.1265;2416.1265;02-Jun-2013
100833;Kotak Liquid Fund - Regular  - Daily Reinvestment of Income Distribution cum capital withdrawal option;;INF174K01NL3;1222.81;1222.81;1222.81;02-Jun-2013
100835;Kotak Liquid Fund - Regular Plan - Growth;INF174K01NI9;;2415.638;2415.638;2415.638;02-Jun-2013
119765;Kotak Liquid Fund - Weekly  Payout of Income Distribution cum capital withdrawal option - Direct;INF174K01NF5;INF174K01NG3;1002.9876;1002.9876;1002.9876;02-Jun-2013
100831;Kotak Liquid Fund -Institutional Plan - (Daily Dividend);;INF174K01GA0;1222.81;1222.81;1222.81;02-Jun-2013
100834;Kotak Liquid Fund Regular Plan Weekly Reinvestment of Income Distribution cum capital withdrawal option Dividend;INF174K01NK5;;1001.3535;1001.3535;1001.3535;02-Jun-2013
100830;Kotak Liquid-Institutional Plan  (Growth);INF174K01FZ9;;2324.8587;2324.8587;2324.8587;02-Jun-2013
100832;Kotak Liquid-Institutional Plan (Weekly Dividend);;INF174K01GB8;1010.3291;1010.3291;1010.3291;02-Jun-2013
100828;Kotak Liquid-Regular (Dividend);;INF174K01FY2;1003.4031;1003.4031;1003.4031;02-Jun-2013
100829;Kotak Liquid-Regular (Growth);INF174K01NM1;;2247.0734;2247.0734;2247.0734;02-Jun-2013

L&T Mutual Fund
122235;L&T Liquid Fund - Direct Plan - Weekly IDCW;;INF917K01HE2;1001.7896;1001.7896;1001.7896;02-Jun-2013
119791;L&T Liquid Fund - Direct Plan -Daily IDCW;INF917K01HG7;;1011.9470;1011.9470;1011.9470;02-Jun-2013
119790;L&T Liquid Fund - Direct Plan -Growth;INF917K01HF9;;1633.3323;1633.3323;1633.3323;02-Jun-2013
112458;L&T Liquid Fund - Regular Plan - Weekly IDCW;INF917K01BK2;INF917K01JG3;1001.8542;1001.8542;1001.8542;02-Jun-2013
112445;L&T Liquid Fund -Regular Plan - Daily IDCW;INF917K01JB4;;1011.6349;1011.6349;1011.6349;02-Jun-2013
112457;L&T Liquid Fund -Regular Plan - Growth;INF917K01JH1;;1633.2033;1633.2033;1633.2033;02-Jun-2013
112456;L&T Liquid Fund-Cum -Institutional Plus;INF917K01BJ4;;2384.3011;2384.3011;2384.3011;02-Jun-2013
112442;L&T Liquid Fund-Regular Cumulative;INF917K01BF2;;2312.8990;2312.8990;2312.8990;02-Jun-2013

LIC Mutual Fund
120248;LIC MF Liquid Fund-Direct Plan-Daily IDCW;INF767K01DL5;INF767K01DM3;1098.0000;1098.0000;1098.0000;02-Jun-2013
120249;LIC MF Liquid Fund-Direct Plan-Growth;INF767K01DN1;;2158.7964;2158.7964;2158.7964;02-Jun-2013
101184;LIC MF Liquid Fund-Regular Plan-Daily IDCW;INF767K01IQ3;INF767K01IR1;1098.0000;1098.0000;1098.0000;02-Jun-2013
101185;LIC MF Liquid Fund-Regular Plan-Growth;INF767K01IS9;;2158.3804;2158.3804;2158.3804;02-Jun-2013

Mirae Asset Mutual Fund
118859;Mirae Asset Liquid Fund - Direct Plan - Growth;INF769K01CM1;;1270.0707;1270.0707;1270.0707;02-Jun-2013
118862;Mirae Asset Liquid Fund - Direct Plan - Weekly IDCW;INF769K01PD2;INF769K01CP4;1165.4863;1165.4863;1165.4863;02-Jun-2013
118861;Mirae Asset Liquid Fund - Direct Plan -Daily IDCW;;INF769K01CO7;1055.0912;1055.0912;1055.0912;02-Jun-2013
118860;Mirae Asset Liquid Fund - Direct Plan -Monthly IDCW;INF769K01CN9;INF769K01CQ2;1165.3992;1165.3992;1165.3992;02-Jun-2013
111647;Mirae Asset Liquid Fund - Regular - Daily IDCW;;INF769K01804;1048.2839;1048.2839;1048.2839;02-Jun-2013
111646;Mirae Asset Liquid Fund - Regular Plan - Growth;INF769K01788;;1269.4647;1269.4647;1269.4647;02-Jun-2013
111645;Mirae Asset Liquid Fund - Regular Plan - Monthly IDCW;INF769K01838;INF769K01820;1134.0770;1134.0770;1134.0770;02-Jun-2013
111644;Mirae Asset Liquid Fund - Regular Plan - Weekly IDCW;INF769K01PC4;INF769K01812;1133.6999;1133.6999;1133.6999;02-Jun-2013

Navi Mutual Fund
119163;Navi Liquid Fund - Direct Plan Daily IDCW - ReInvestment;;INF959L01GK1;10.0047;10.0047;10.0047;02-Jun-2013
119161;Navi Liquid Fund - Direct Plan Monthly IDCW - Payout;INF959L01GG9;INF959L01GH7;10.0094;10.0094;10.0094;02-Jun-2013
119162;Navi Liquid Fund - Direct Plan Weekly IDCW - Payout;INF959L01GI5;INF959L01GJ3;10.0180;10.0180;10.0180;02-Jun-2013
112645;Navi Liquid Fund - Regular Plan Daily IDCW;;INF959L01GM7;10.0047;10.0047;10.0047;02-Jun-2013
112647;Navi Liquid Fund - Regular Plan Monthly IDCW;INF959L01GN5;INF959L01GO3;10.0090;10.0090;10.0090;02-Jun-2013
112646;Navi Liquid Fund - Regular Plan Weekly IDCW;INF959L01GP0;INF959L01GQ8;10.0178;10.0178;10.0178;02-Jun-2013
119164;Navi Liquid Fund-Direct Plan-Growth Option;INF959L01GF1;;13.0328;13.0328;13.0328;02-Jun-2013
112637;Navi Liquid Fund-Institutional Plan-Dividend Option-Daily;;INF959L01197;10.0047;10.0047;10.0047;02-Jun-2013
112640;Navi Liquid Fund-Institutional Plan-Growth;INF959L01247;;12.7273;12.7273;12.7273;02-Jun-2013
112636;Navi Liquid Fund-Regular Plan-Growth Option;INF959L01GL9;;13.0296;13.0296;13.0296;02-Jun-2013
112641;Navi Liquid Fund-Retail Plan-Dividend Option-Daily;;INF959L01254;10.0047;10.0047;10.0047;02-Jun-2013
112643;Navi Liquid Fund-Retail Plan-Dividend Option-Monthly;INF959L01262;INF959L01270;10.0074;10.0074;10.0074;02-Jun-2013
112642;Navi Liquid Fund-Retail Plan-Dividend Option-Weekly;INF959L01288;INF959L01296;10.0136;10.0136;10.0136;02-Jun-2013
112644;Navi Liquid Fund-Retail Plan-Growth;INF959L01304;;12.4883;12.4883;12.4883;02-Jun-2013

Nippon India Mutual Fund
100852;NIPPON INDIA LIQUID FUND - DAILY IDCW OPTION;;INF204K01UM1;1528.7400;1528.7400;1528.7400;02-Jun-2013
118695;NIPPON INDIA LIQUID FUND - DIRECT Plan - DAILY IDCW OPTION;;INF204K01ZG2;1528.7400;1528.7400;1528.7400;02-Jun-2013
118696;NIPPON INDIA LIQUID FUND - DIRECT Plan - MONTHLY IDCW OPTION;INF204K01ZI8;INF204K01ZJ6;1594.5049;1594.5049;1594.5049;02-Jun-2013
118698;NIPPON INDIA LIQUID FUND - DIRECT Plan - QUARTERLY IDCW OPTION;INF204K01ZK4;INF204K01ZL2;1023.9447;1023.9447;1023.9447;02-Jun-2013
118700;NIPPON INDIA LIQUID FUND - DIRECT Plan - WEEKLY IDCW OPTION;INF204KC1FN6;INF204K01ZM0;1530.9950;1530.9950;1530.9950;02-Jun-2013
118701;Nippon India Liquid Fund - Direct Plan Growth Plan - Growth Option;INF204K01ZH0;;2901.1063;2901.1063;2901.1063;02-Jun-2013
100855;NIPPON INDIA LIQUID FUND - MONTHLY IDCW OPTION;INF204K01UO7;INF204K01UP4;1591.1430;1591.1430;1591.1430;02-Jun-2013
112340;NIPPON INDIA LIQUID FUND - QUARTERLY IDCW OPTION;INF204K01UQ2;INF204K01UR0;1020.8398;1020.8398;1020.8398;02-Jun-2013
100837;Nippon India Liquid Fund - Retail Option - Growth Plan;INF204K01UL3;;2808.5975;2808.5975;2808.5975;02-Jun-2013
100842;NIPPON INDIA LIQUID FUND - RETAIL Plan - DAILY IDCW OPTION;;INF204K01UJ7;1524.2800;1524.2800;1524.2800;02-Jun-2013
100843;NIPPON INDIA LIQUID FUND - RETAIL plan - MONTHLY IDCW OPTION;INF204K01UT6;INF204K01UU4;1332.5113;1332.5113;1332.5113;02-Jun-2013
100844;NIPPON INDIA LIQUID FUND - RETAIL Plan - QUARTERLY IDCW OPTION;INF204K01UV2;INF204K01UW0;1235.6536;1235.6536;1235.6536;02-Jun-2013
100838;NIPPON INDIA LIQUID FUND - RETAIL Plan - WEEKLY IDCW OPTION;;INF204K01UK5;1034.5887;1034.5887;1034.5887;02-Jun-2013
100853;NIPPON INDIA LIQUID FUND - WEEKLY IDCW OPTION;INF204KC1FM8;INF204K01US8;1530.9893;1530.9893;1530.9893;02-Jun-2013
100851;Nippon India Liquid Fund -Growth Plan;INF204K01UN9;;2900.1042;2900.1042;2900.1042;02-Jun-2013
118610;Reliance Liquid Fund - Cash Plan - Direct Plan - Growth Plan - Growth Option;;;1919.3073;1919.3073;1919.3073;02-Jun-2013
118618;Reliance Liquid Fund - Cash Plan - Direct Plan Daily Dividend Reinvestment Option;;;1114.1500;1114.1500;1114.1500;02-Jun-2013
118609;Reliance Liquid Fund - Cash Plan - Direct Plan Monthly Dividend Plan;;;1006.7972;1006.7972;1006.7972;02-Jun-2013
118612;Reliance Liquid Fund - Cash Plan - Direct Plan Quarterly Dividend Plan;;;1026.7049;1026.7049;1026.7049;02-Jun-2013
118611;Reliance Liquid Fund - Cash Plan - Direct Plan Weekly Dividend Reinvestment Option;;;1092.1527;1092.1527;1092.1527;02-Jun-2013
100849;Reliance Liquid Fund-Cash Plan-Daily Dividend Reinvestment Option;;;1114.1500;1114.1500;1114.1500;02-Jun-2013
100845;Reliance Liquid Fund-Cash Plan-Growth Plan;;;1916.5752;1916.5752;1916.5752;02-Jun-2013
114251;Reliance Liquid Fund-Cash Plan-Monthly Dividend Plan;;;1004.0110;1004.0110;1004.0110;02-Jun-2013
114252;Reliance Liquid Fund-Cash Plan-Quarterly Dividend Plan;;;1020.1612;1020.1612;1020.1612;02-Jun-2013
100848;Reliance Liquid Fund-Cash Plan-Weekly Dividend Reinvestment Option;;;1092.1302;1092.1302;1092.1302;02-Jun-2013

Principal Mutual Fund
100895;Principal Cash Management Fund - Daily Income Distribution CUM Capital Withdrawal;;INF173K01DB7;1000.0700;1000.0700;1000.0700;02-Jun-2013
119468;Principal Cash Management Fund - Direct Plan - Growth Option;INF173K01GU0;;1157.7732;1157.7732;1157.7732;02-Jun-2013
119467;Principal Cash Management Fund - Direct Plan - Income Distribution CUM Capital Withdrawal Option - Daily;;INF173K01GT2;1000.0700;1000.0700;1000.0700;02-Jun-2013
119469;Principal Cash Management Fund - Direct Plan - Income Distribution CUM Capital Withdrawal Option - Weekly;;INF173K01GY2;1006.7615;1006.7615;1006.7615;02-Jun-2013
100897;Principal Cash Management Fund - Monthly Income Distribution CUM Capital Withdrawal Option;INF173K01BV9;INF173K01BW7;1023.0761;1023.0761;1023.0761;02-Jun-2013
100896;Principal Cash Management Fund - Weekly Income Distribution CUM Capital Withdrawal Option;;INF173K01DC5;1006.6827;1006.6827;1006.6827;02-Jun-2013
119466;Principal Cash Management Fund -Direct Plan - Income Distribution CUM Capital Withdrawal Option - Monthly;INF173K01GV8;INF173K01GW6;1023.0495;1023.0495;1023.0495;02-Jun-2013
100898;Principal Cash Management Fund -Growth Option;INF173K01DA9;;1157.2635;1157.2635;1157.2635;02-Jun-2013

quant Mutual Fund
120837;quant Liquid Fund - Growth Option - Direct Plan;INF966L01820;;18.3951;18.3951;18.3951;02-Jun-2013
103225;quant Liquid Fund - Growth Option - Regular Plan;INF966L01317;;18.3759;18.3759;18.3759;02-Jun-2013
120838;quant Liquid Fund - Monthly IDCW Option - Direct Plan;INF966L01796;INF966L01812;15.0578;15.0578;15.0578;02-Jun-2013
103228;quant Liquid Fund - Monthly IDCW Option - Regular Plan;INF966L01291;INF966L01309;15.0361;15.0361;15.0361;02-Jun-2013
120839;quant Liquid Fund - Weekly IDCW Option - Direct Plan;INF966L01788;INF966L01804;13.4422;13.4422;13.4422;02-Jun-2013
103227;quant Liquid Fund - Weekly IDCW Option - Regular Plan;INF966L01499;INF966L01283;13.4375;13.4375;13.4375;02-Jun-2013
120836;quant Liquid Fund-Daily IDCW Option - Direct Plan;;INF966L01770;13.7523;13.7523;13.7523;02-Jun-2013
103226;quant Liquid Fund-Daily IDCW Option - Regular Plan;;INF966L01275;13.7303;13.7303;13.7303;02-Jun-2013

Quantum Mutual Fund
103736;Quantum Liquid Fund - Direct Plan Daily IDCW;;INF082J01135;10.0032;10.0032;10.0032;02-Jun-2013
103734;Quantum Liquid Fund - Direct Plan Growth Option;INF082J01127;;16.8229;16.8229;16.8229;02-Jun-2013
103735;Quantum Liquid Fund - Direct Plan Monthly IDCW;INF082J01143;INF082J01200;10.0172;10.0172;10.0172;02-Jun-2013

SBI Mutual Fund
119804;SBI Liquid Fund - Direct Paln - Fortnightly Income Distribution cum Capital Withdrawal Option (IDCW);INF200K01UR8;INF200K01US6;N.A.;N.A.;N.A.;02-Jun-2013
119805;SBI Liquid Fund - Direct Plan - Daily Income Distribution cum Capital Withdrawal Option (IDCW);;INF200K01UQ0;1003.2500;1003.2500;1003.2500;02-Jun-2013
119799;SBI Liquid Fund - Direct Plan - Weekly Income Distribution cum Capital Withdrawal Option (IDCW);INF200K01UU2;INF200K01UV0;1061.2991;1061.2991;1061.2991;02-Jun-2013
119800;SBI Liquid Fund - DIRECT PLAN -Growth;INF200K01UT4;;1871.6919;1871.6919;1871.6919;02-Jun-2013
105274;SBI Liquid Fund - Institutional - Growth;INF200K01LU1;;1888.8474;1888.8474;1888.8474;02-Jun-2013
105275;SBI Liquid Fund - Institutional Daily Income Distribution cum Capital Withdrawal Option (IDCW);;INF200K01LR7;1003.2500;1003.2500;1003.2500;02-Jun-2013
105279;SBI Liquid Fund - Institutional Fortnightly Income Distribution cum Capital Withdrawal Option (IDCW);INF200K01LS5;INF200K01LT3;1025.0171;1025.0171;1025.0171;02-Jun-2013
105278;SBI Liquid Fund - Institutional Weekly Income Distribution cum Capital Withdrawal Option (IDCW);INF200K01LV9;INF200K01LW7;1060.5884;1060.5884;1060.5884;02-Jun-2013
105281;SBI Liquid Fund - Regular Plan - Daily Income Distribution cum Capital Withdrawal Option (IDCW);;INF200K01LX5;1003.2500;1003.2500;1003.2500;02-Jun-2013
105283;SBI Liquid Fund - Regular Plan - Fortnightly Income Distribution cum Capital Withdrawal Option (IDCW);INF200K01LY3;INF200K01LZ0;1013.6942;1013.6942;1013.6942;02-Jun-2013
105282;SBI Liquid Fund - Regular Plan - Weekly Income Distribution cum Capital Withdrawal Option (IDCW);INF200K01MB9;INF200K01MC7;1061.2979;1061.2979;1061.2979;02-Jun-2013
105280;SBI Liquid Fund - REGULAR PLAN -Growth;INF200K01MA1;;1871.3111;1871.3111;1871.3111;02-Jun-2013

Sundaram Mutual Fund
119688;Sundaram Money Fund Direct Plan - Daily Reinvestment of Income Distribution cum Capital Withdrawal (IDCW);;INF903J01QA3;10.1025;10.1025;10.1025;02-Jun-2013
119692;Sundaram Money Fund Direct Plan - Fortnightly Reinvestment of Income Distribution cum Capital Withdrawal (IDCW);;INF903J01QB1;25.1183;25.1183;25.1183;02-Jun-2013
119686;Sundaram Money Fund Direct Plan - Growth;INF903J01QF2;;25.1080;25.1080;25.1080;02-Jun-2013
119687;Sundaram Money Fund Direct Plan - Monthly Income Distribution cum Capital Withdrawal (IDCW);INF903J01QC9;INF903J01QD7;10.5532;10.5532;10.5532;02-Jun-2013
119689;Sundaram Money Fund Direct Plan - Quarterly Reinvestment of Income Distribution cum Capital Withdrawal (IDCW);;INF903J01QE5;12.9265;12.9265;12.9265;02-Jun-2013
119691;Sundaram Money Fund Direct Plan - Weekly Reinvestment of Income Distribution cum Capital Withdrawal (IDCW);;INF903J01QG0;11.2494;11.2494;11.2494;02-Jun-2013
102701;Sundaram Money Fund Institutional Plan - Daily Reinvestment of Income Distribution cum Capital Withdrawal (IDCW);;INF903J01GP2;10.0953;10.0953;10.0953;02-Jun-2013
102702;Sundaram Money Fund Institutional Plan - Fortnightly Reinvestment of Income Distribution cum Capital Withdrawal (IDCW);;INF903J01GR8;0.0000;0.0000;0.0000;02-Jun-2013
102703;Sundaram Money Fund Institutional Plan - Growth;INF903J01GN7;;24.4812;24.4812;24.4812;02-Jun-2013
102704;Sundaram Money Fund Institutional Plan - Monthly Income Distribution cum Capital Withdrawal (IDCW);INF903J01GO5;INF903J01GS6;0.0000;0.0000;0.0000;02-Jun-2013
102705;Sundaram Money Fund Institutional Plan - Quarterly Reinvestment of Income Distribution cum Capital Withdrawal (IDCW);;INF903J01GT4;0.0000;0.0000;0.0000;02-Jun-2013
102706;Sundaram Money Fund Institutional Plan - Weekly Reinvestment of Income Distribution cum Capital Withdrawal (IDCW);;INF903J01GQ0;0.0000;0.0000;0.0000;02-Jun-2013
103392;Sundaram Money Fund Regular Plan - Daily Reinvestment of Income Distribution cum Capital Withdrawal (IDCW);;INF903J01GW8;10.0953;10.0953;10.0953;02-Jun-2013
103395;Sundaram Money Fund Regular Plan - Fortnightly Reinvestment of Income Distribution cum Capital Withdrawal (IDCW);;INF903J01GY4;10.6581;10.6581;10.6581;02-Jun-2013
103397;Sundaram Money Fund Regular Plan - Growth;INF903J01GU2;;25.1045;25.1045;25.1045;02-Jun-2013
103396;Sundaram Money Fund Regular Plan - Monthly Income Distribution cum Capital Withdrawal (IDCW);INF903J01GV0;INF903J01GZ1;10.4139;10.4139;10.4139;02-Jun-2013
103393;Sundaram Money Fund Regular Plan - Quarterly Reinvestment of Income Distribution cum Capital Withdrawal (IDCW);;INF903J01HA2;12.9250;12.9250;12.9250;02-Jun-2013
100620;Sundaram Money Fund Retail Plan - Daily Reinvestment of Income Distribution cum Capital Withdrawal (IDCW);;INF903J01GI7;10.0953;10.0953;10.0953;02-Jun-2013
100622;Sundaram Money Fund Retail Plan - Fortnightly Reinvestment of Income Distribution cum Capital Withdrawal (IDCW);;INF903J01GK3;10.6084;10.6084;10.6084;02-Jun-2013
100618;Sundaram Money Fund Retail Plan - Growth;INF903J01GG1;;23.4601;23.4601;23.4601;02-Jun-2013
100623;Sundaram Money Fund Retail Plan - Monthly Income Distribution cum Capital Withdrawal (IDCW);INF903J01GH9;INF903J01GL1;10.4267;10.4267;10.4267;02-Jun-2013
100619;Sundaram Money Fund Retail Plan - Quarterly Reinvestment of Income Distribution cum Capital Withdrawal (IDCW);;INF903J01GM9;13.1285;13.1285;13.1285;02-Jun-2013
100621;Sundaram Money Fund Retail Plan - Weekly Reinvestment of Income Distribution cum Capital Withdrawal (IDCW);;INF903J01GJ5;10.9784;10.9784;10.9784;02-Jun-2013
103394;Sundaram Money Fund Regular Plan - Weekly Reinvestment of Income Distribution cum Capital Withdrawal (IDCW);;INF903J01GX6;11.0187;11.0187;11.0187;02-Jun-2013

Tata Mutual Fund
102672;Tata Liquid Fund -Regular Plan - Growth Option;INF277K01YD8;;18.7131;18.7131;18.7131;02-Jun-2013
119862;Tata Liquid Fund- Direct Plan - Daily Reinvestment of IDCW Option;;INF277K012D2;10.0152;10.0152;10.0152;02-Jun-2013
119861;Tata Liquid Fund- Direct Plan-Growth Option;INF277K01YE6;;18.7281;18.7281;18.7281;02-Jun-2013
101714;Tata Liquid Fund- Regular Plan - Daily Reinvestment of IDCW Option;;INF277K011D4;10.0152;10.0152;10.0152;02-Jun-2013

Taurus Mutual Fund
111915;Taurus Liquid Fund - Regular Plan - SI Growth Option;INF044D01534;;1284.8942;1284.8942;1284.8942;02-Jun-2013
113248;Taurus Liquid Fund - Regular Plan - SI Weekly Dividend Option;;INF044D01526;1000.6966;1000.6966;1000.6966;02-Jun-2013
111703;Taurus Liquid Fund - Regular Plan -SI Daily Dividend Option;;INF044D01518;1000.0905;1000.0905;1000.0905;02-Jun-2013
111547;Taurus Liquid Fund Insti DDRIP;;INF044D01484;1000.0905;1000.0905;1000.0905;02-Jun-2013
111760;Taurus Liquid Fund Insti Growth;INF044D01500;;1308.2893;1308.2893;1308.2893;02-Jun-2013
118891;Taurus Liquid Fund-Direct Plan-SI Daily Dividend Option;;INF044D01DI0;1000.0905;1000.0905;1000.0905;02-Jun-2013
118893;Taurus Liquid Fund-Direct Plan-SI Growth Option;INF044D01DK6;;1285.1765;1285.1765;1285.1765;02-Jun-2013
118892;Taurus Liquid Fund-Direct Plan-SI Weekly Dividend Option;;INF044D01DJ8;1000.7032;1000.7032;1000.7032;02-Jun-2013
104240;Taurus Liquid Fund-Dividend;INF044D01542;INF044D01559;1001.2175;1001.2175;1001.2175;02-Jun-2013
104241;Taurus Liquid Fund-Growth;INF044D01575;;1547.9552;1547.9552;1547.9552;02-Jun-2013

Union Mutual Fund
115401;Union Liquid Fund - Daily IDCW Option;;INF582M01021;1000.6489;1000.6489;1000.6489;02-Jun-2013
119301;Union Liquid Fund - Direct Plan - Daily IDCW Option;;INF582M01682;1000.6506;1000.6506;1000.6506;02-Jun-2013
119305;Union Liquid Fund - Direct Plan - Fortnightly IDCW Option;INF582M01724;INF582M01708;1001.6670;1001.6670;1001.6670;02-Jun-2013
119303;Union Liquid Fund - Direct Plan - Growth Option;INF582M01674;;1192.8424;1192.8424;1192.8424;02-Jun-2013
119302;Union Liquid Fund - Direct Plan - Monthly IDCW Option;INF582M01732;INF582M01716;1001.6344;1001.6344;1001.6344;02-Jun-2013
119304;Union Liquid Fund - Direct Plan - Weekly IDCW Option;;INF582M01690;1001.6367;1001.6367;1001.6367;02-Jun-2013
115399;Union Liquid Fund - Fortnightly IDCW Option;INF582M01062;INF582M01047;1001.6326;1001.6326;1001.6326;02-Jun-2013
115398;Union Liquid Fund - Growth Option;INF582M01013;;1192.6585;1192.6585;1192.6585;02-Jun-2013
115400;Union Liquid Fund - Monthly IDCW Option;INF582M01070;INF582M01054;1001.6325;1001.6325;1001.6325;02-Jun-2013
115402;Union Liquid Fund - Weekly IDCW Option;;INF582M01039;1001.6324;1001.6324;1001.6324;02-Jun-2013

UTI Mutual Fund
120558;UTI Liquid Fund - Direct Plan - Daily IDCW (Reinvestment);;INF789F01XP8;1019.4457;1019.4457;1019.4457;02-Jun-2013
120794;UTI Liquid Fund - Direct Plan - Monthly IDCW;INF789F01XR4;INF789F01XS2;1032.4819;1032.4819;1032.4819;02-Jun-2013
120777;UTI Liquid Fund - Direct Plan - Weekly IDCW;;INF789F01XT0;1053.9316;1053.9316;1053.9316;02-Jun-2013
102010;UTI Liquid Fund - Regular Plan - Daily IDCW (Reinvestment);;INF789F01PG3;1019.4457;1019.4457;1019.4457;02-Jun-2013
102011;UTI Liquid Fund - Regular Plan - Monthly IDCW;INF789F01PI9;INF789F01PJ7;1032.3944;1032.3944;1032.3944;02-Jun-2013
102013;UTI Liquid Fund - Regular Plan - Weekly IDCW;;INF789F01PK5;1053.9172;1053.9172;1053.9172;02-Jun-2013
120304;UTI-  Liquid Cash Plan - Direct Plan - Growth Option;INF789F01XQ6;;1952.782;1952.782;1952.782;02-Jun-2013
102012;UTI-  Liquid Cash Plan - Regular Plan - Growth Option;INF789F01PH1;;1951.9647;1951.9647;1951.9647;02-Jun-2013
102008;UTI-  Liquid Cash Plan- Discontinued - Regular Plan - Monthly Dividend Option;INF789F01BC2;INF789F01BA6;1134.953;1134.953;0;02-Jun-2013
102009;UTI-  Liquid Cash Plan- Discontinued - Regular Plan -Growth;INF789F01BB4;;1890.0318;1890.0318;0;02-Jun-2013
102007;UTI-  Liquid Cash Plan- Discontinued -Regular Plan Periodic Dividend Option;;INF789F01AZ5;1138.9718;1138.9718;0;02-Jun-2013

Open Ended Schemes ( Debt Scheme - Ultra Short Duration Fund )


Principal Mutual Fund
119475;Principal Ultra Short Term Fund- Direct Plan - Income Distribution CUM Capital Withdrawal Option - Monthly;INF173K01HK9;INF173K01HJ1;1059.2493;1053.9531;1059.2493;02-Jun-2013
119474;Principal Ultra Short Term Fund- Direct Plan -Growth Option;INF173K01HI3;;1335.7559;1329.0771;1335.7559;02-Jun-2013
107329;Principal Ultra Short Term Fund-Daily Income Distribution CUM Capital Withdrawal Option;;INF173K01CV7;1005.4300;1000.4029;1005.4300;02-Jun-2013
107328;Principal Ultra Short Term Fund-Growth Option;INF173K01CU9;;1335.2012;1328.5252;1335.2012;02-Jun-2013
107330;Principal Ultra Short Term Fund-Monthly Income Distribution CUM Capital Withdrawal Option;INF173K01CB9;INF173K01CC7;1059.2039;1053.9079;1059.2039;02-Jun-2013
107332;Principal Ultra Short Term Fund-Weekly Income Distribution CUM Capital Withdrawal Option;;INF173K01CW5;1012.5729;1007.5100;1012.5729;02-Jun-2013

SBI Mutual Fund
119784;SBI Ultra Short Duration Fund - Direct Plan - Daily Income Distribution cum Capital Withdrawal Option (IDCW);;INF200K01TG3;1675.0300;1673.3550;1675.0300;02-Jun-2013
119828;SBI ULTRA SHORT DURATION FUND - DIRECT PLAN - GROWTH;INF200K01TF5;;2630.5305;2627.9000;2630.5305;02-Jun-2013
119829;SBI Ultra Short Duration Fund - Direct Plan - Weekly Income Distribution cum Capital Withdrawal Option (IDCW);INF200K01TH1;INF200K01TI9;1077.8215;1076.7437;1077.8215;02-Jun-2013
105080;SBI Ultra Short Duration Fund - Regular Plan - Daily Income Distribution cum Capital Withdrawal Option (IDCW);;INF200K01LK2;1675.0300;1673.3550;1675.0300;02-Jun-2013
100641;SBI ULTRA SHORT DURATION FUND - REGULAR PLAN - GROWTH;INF200K01LJ4;;2630.1623;2627.5321;2630.1623;02-Jun-2013
103884;SBI Ultra Short Duration Fund - Regular Plan - Weekly Income Distribution cum Capital Withdrawal Option (IDCW);INF200K01LM8;INF200K01LL0;1077.8195;1076.7417;1077.8195;02-Jun-2013

Open Ended Schemes ( Debt Scheme - Money Market Fund )


Aditya Birla Sun Life Mutual Fund
101973;Aditya Birla Sun Life Money Manager Fund - Daily IDCW;;INF209K01SZ6;100.0200;100.0200;100.0200;02-Jun-2013
119513;Aditya Birla Sun Life Money Manager Fund - Direct - daily IDCW;;INF209K01UT5;100.0200;100.0200;100.0200;02-Jun-2013
119512;Aditya Birla Sun Life Money Manager Fund - Direct - weekly IDCW;INF209K01UV1;INF209KA1LM3;100.1248;100.1248;100.1248;02-Jun-2013
101976;Aditya Birla Sun Life Money Manager Fund - Growth;INF209K01RV7;;158.2074;158.2074;158.2074;02-Jun-2013
119511;Aditya Birla Sun Life Money Manager Fund - Growth - Direct Plan;INF209K01UU3;;158.2336;158.2336;158.2336;02-Jun-2013
101972;Aditya Birla Sun Life Money Manager Fund - Retail - Daily IDCW;;INF209K01JZ5;100.0150;100.0150;100.0150;02-Jun-2013
101970;Aditya Birla Sun Life Money Manager Fund - RETAIL - WEEKLY IDCW;;INF209K01JY8;103.7939;103.7939;103.7939;02-Jun-2013
101971;Aditya Birla Sun Life Money Manager Fund - Retail Growth;INF209K01MJ3;;195.4187;195.4187;195.4187;02-Jun-2013
101974;Aditya Birla Sun Life Money Manager Fund - WEEKLY IDCW;;INF209K01SY9;100.1248;100.1248;100.1248;02-Jun-2013

HDFC Mutual Fund
101994;HDFC Money Market Fund - Daily IDCW Option;;INF179KB1IG6;10.6364;10.6364;10.6364;02-Jun-2013
119093;HDFC Money Market Fund - Daily IDCW Option - Direct Plan;;INF179KB1HZ8;10.6364;10.6364;10.6364;02-Jun-2013
101993;HDFC Money Market Fund - Growth Option;INF179KB1HR5;;24.8719;24.8719;24.8719;02-Jun-2013
119092;HDFC Money Market Fund - Growth Option - Direct Plan;INF179KB1HU9;;24.8791;24.8791;24.8791;02-Jun-2013
101995;HDFC Money Market Fund - Weekly IDCW Option;INF179KB1IH4;INF179KB1II2;10.6295;10.6295;10.6295;02-Jun-2013
119094;HDFC Money Market Fund - Weekly IDCW Option -Direct Plan;INF179KB1IA9;INF179KB1IB7;10.6295;10.6295;10.6295;02-Jun-2013

ICICI Prudential Mutual Fund
115328;ICICI Prudential Money Market Fund Dividend;INF109K01I72;;100.1063;100.1063;100.1063;02-Jun-2013
120209;ICICI Prudential Money Market Fund Option - Direct Plan -  Daily IDCW;;INF109K01R22;100.1428;100.1428;100.1428;02-Jun-2013
120211;ICICI Prudential Money Market Fund Option - Direct Plan -  Growth;INF109K01R14;;164.8442;164.8442;164.8442;02-Jun-2013
120213;ICICI Prudential Money Market Fund Option - Direct Plan -  Monthly IDCW;INF109K01R63;INF109K01R71;100.6047;100.6047;100.6047;02-Jun-2013
120212;ICICI Prudential Money Market Fund Option - Direct Plan -  Weekly IDCW;INF109K01R89;;100.5031;100.5031;100.5031;02-Jun-2013
101221;ICICI Prudential Money Market Fund Retail Growth (erstwhile Cash Option);INF109K01TW3;;187.3145;187.3145;187.3145;02-Jun-2013
103634;ICICI Prudential Money Market Fund Option - Daily IDCW;INF109K01TY9;;100.1288;100.1288;100.1288;02-Jun-2013
103633;ICICI Prudential Money Market Fund Option - Growth;INF109K01TX1;;164.8067;164.8067;164.8067;02-Jun-2013
103637;ICICI Prudential Money Market Fund Option - Monthly IDCW;INF109K01UC3;INF109K01UB5;100.4558;100.4558;100.4558;02-Jun-2013
103635;ICICI Prudential Money Market Fund Option - Weekly IDCW;INF109K01TZ6;;100.2017;100.2017;100.2017;02-Jun-2013
103636;ICICI Prudential Money Market Fund Option -Fortnightly IDCW;INF109K01UA7;;100.2965;100.2965;100.2965;02-Jun-2013

Kotak Mahindra Mutual Fund
106842;Kotak Money Market Fund - (Daily Reinvestment of Income Distribution cum capital withdrawal option);INF174K01ND0;;1011.62;1011.62;1011.62;02-Jun-2013
119745;Kotak Money Market Fund - (Daily Reinvestment of Income Distribution cum capital withdrawal option) - Direct;INF174K01MZ5;;1011.62;1011.62;1011.62;02-Jun-2013
101893;Kotak Money Market Fund - (Growth);INF174K01NA6;;1951.1822;1951.1822;1951.1822;02-Jun-2013
119746;Kotak Money Market Fund - (Growth) - Direct;INF174K01MW2;;1951.5936;1951.5936;1951.5936;02-Jun-2013
101892;Kotak Money market Fund - (Monthly Payout of Income Distribution cum capital withdrawal option);INF174K018O0;INF174K01NB4;1005.9284;1005.9284;1005.9284;02-Jun-2013
119747;Kotak Money Market Fund - (Monthly Payout of Income Distribution cum capital withdrawal option) - Direct;INF174K019O8;INF174K01MX0;1008.0825;1008.0825;1008.0825;02-Jun-2013
101894;Kotak Money Market Fund - (Weekly Reinvestment of Income Distribution cum capital withdrawal option);INF174K01NC2;;1013.3296;1013.3296;1013.3296;02-Jun-2013
119748;Kotak Money Market Fund - (Weekly Reinvestment of Income Distribution cum capital withdrawal option) - Direct;INF174K01MY8;;1015.0009;1015.0009;1015.0009;02-Jun-2013

Nippon India Mutual Fund
103050;NIPPON INDIA MONEY MARKET FUND - DAILY IDCW Option;;INF204K01UY6;1000.5100;1000.5100;1000.5100;02-Jun-2013
118718;NIPPON INDIA MONEY MARKET FUND - DIRECT Plan - DAILY IDCW Option;;INF204K01ZN8;1000.5100;1000.5100;1000.5100;02-Jun-2013
118720;NIPPON INDIA MONEY MARKET FUND - DIRECT Plan - MONTHLY IDCW Option;INF204K01ZQ1;INF204K01ZR9;1003.8677;1003.8677;1003.8677;02-Jun-2013
118717;NIPPON INDIA MONEY MARKET FUND - DIRECT Plan - WEEKLY IDCW Option;;INF204K01ZO6;1000.8005;1000.8005;1000.8005;02-Jun-2013
118715;Nippon India Money Market Fund - Direct Plan Growth Plan - Bonus Option;INF204K01G11;;1054.6951;1054.6951;1054.6951;02-Jun-2013
118719;Nippon India Money Market Fund - Direct Plan Growth Plan - Growth Option;INF204K01ZP3;;1793.6526;1793.6526;1793.6526;02-Jun-2013
103052;NIPPON INDIA MONEY MARKET FUND - MONTHLY IDCW Option;INF204K01VB2;INF204K01VC0;1002.7213;1002.7213;1002.7213;02-Jun-2013
112341;NIPPON INDIA MONEY MARKET FUND - QUARTERLY IDCW Option;INF204K01VD8;INF204K01VE6;1020.7776;1020.7776;1020.7776;02-Jun-2013
103051;NIPPON INDIA MONEY MARKET FUND - WEEKLY IDCW Option;;INF204K01UZ3;1000.7962;1000.7962;1000.7962;02-Jun-2013
103049;Nippon India Money Market Fund-Growth Plan-Bonus Option;INF204K01UX8;;1054.3685;1054.3685;1054.3685;02-Jun-2013
103048;Nippon India Money Market Fund-Growth Plan-Growth Option;INF204K01VA4;;1792.9899;1792.9899;1792.9899;02-Jun-2013

Tata Mutual Fund
119423;Tata Liquid Fund- Direct Plan- Monthly Dividend;INF277K01PS4;INF277K01PT2;1000.5086;1000.5086;1000.5086;02-Jun-2013
119422;Tata Liquid Fund- Direct Plan- Weekly Dividend;INF277K013C2;;1001.7916;1001.7916;1001.7916;02-Jun-2013
119421;Tata Money Market Fund- Direct Plan - Daily Reinvestment of IDCW Option;;INF277K011C6;1114.5200;1114.5200;1114.5200;02-Jun-2013
119424;Tata Money Market Fund- Direct Plan- Growth Option;INF277K01PR6;;2198.7953;2198.7953;2198.7953;02-Jun-2013
101986;Tata Money Market Fund- Regular Plan - Daily Reinvestment of IDCW Option;;INF277K014C0;1114.5200;1114.5200;1114.5200;02-Jun-2013
101847;Tata Money Market Fund-Regular Plan - Growth Option;INF277K01LQ7;;2198.0611;2198.0611;2198.0611;02-Jun-2013

UTI Mutual Fund
120299;UTI MMF - Direct Plan - Growth Option;INF789F01XV6;;1333.8564;1333.8564;1333.8564;02-Jun-2013
112077;UTI MMF - Regular Plan - Growth Option;INF789F01PX8;;1333.299;1333.299;1333.299;02-Jun-2013
100724;UTI MMF- Discontinued - Regular Plan - Flexi Dividend Option;;INF789F01BD0;2009.2826;2009.2826;0;02-Jun-2013
100725;UTI MMF- Discontinued - Regular Plan - Periodic Dividend Option;INF789F01BE8;;1999.8062;1999.8062;0;02-Jun-2013
100723;UTI MMF-Discontinued - Regular Plan -Growth;INF789F01BF5;;3269.7197;3269.7197;0;02-Jun-2013
120772;UTI Money Market Fund - Direct Plan - Daily IDCW (Reinvestment);;INF789F01XU8;1003.3854;1003.3854;1003.3854;02-Jun-2013
120793;UTI Money Market Fund - Direct Plan - Weekly IDCW;INF789F01XW4;INF789F01XX2;1015.4656;1015.4656;1015.4656;02-Jun-2013
112076;UTI Money Market Fund - Regular Plan - Daily IDCW (Reinvestment);;INF789F01PW0;1003.3854;1003.3854;1003.3854;02-Jun-2013
112635;UTI Money Market Fund - Regular Plan - Weekly IDCW;INF789F01PY6;INF789F01PZ3;1015.4514;1015.4514;1015.4514;02-Jun-2013

Open Ended Schemes ( Debt Scheme - Floater Fund )


Franklin Templeton Mutual Fund
118508;Franklin India Floating Rate Fund - Direct - Growth;INF090I01LK1;;19.3425;19.3425;19.3425;02-Jun-2013
118507;Franklin India Floating Rate Fund - Direct - IDCW ;INF090I01LL9;;10.0099;10.0099;10.0099;02-Jun-2013
101048;Franklin India Floating Rate Fund - Growth Plan;INF090I01LM7;;19.2989;19.2989;19.2989;02-Jun-2013
101044;Franklin India Floating Rate Fund - IDCW ;INF090I01LN5;;10.0091;10.0091;10.0091;02-Jun-2013

Close Ended Schemes ( Income )


SBI Mutual Fund
114781;SBI Capital Protection Oriented Fund - Series II -;INF200K01ED2;;11.8964;N.A.;N.A.;02-Jun-2013
115824;SBI Capital Protection Oriented Fund - Series III - Growth;INF200K01IH4;;11.4932;N.A.;N.A.;02-Jun-2013
121468;SBI DEBT FUND SERIES - 13 MONTHS - 14 - DIRECT PLAN - DIVIDEND;INF200K01WZ7;;N.A.;N.A.;N.A.;02-Jun-2013
121469;SBI DEBT FUND SERIES - 13 MONTHS - 14 - DIRECT PLAN - GROWTH;INF200K01WY0;;10.2701;N.A.;N.A.;02-Jun-2013
121470;SBI DEBT FUND SERIES - 13 MONTHS - 14 - REGULAR PLAN - DIVIDEND;INF200K01WX2;;10.2676;N.A.;N.A.;02-Jun-2013
121471;SBI DEBT FUND SERIES - 13 MONTHS - 14 - REGULAR PLAN - GROWTH;INF200K01WW4;;10.2676;N.A.;N.A.;02-Jun-2013
121695;SBI DEBT FUND SERIES - 13 MONTHS - 15 - DIRECT PLAN - DIVIDEND;INF200K01XD2;;10.2503;N.A.;N.A.;02-Jun-2013
121696;SBI DEBT FUND SERIES - 13 MONTHS - 15 - REGULAR PLAN - DIVIDEND;INF200K01XB6;;10.2492;N.A.;N.A.;02-Jun-2013
121697;SBI DEBT FUND SERIES - 13 MONTHS - 15 - REGULAR PLAN - GROWTH;INF200K01XA8;;10.2498;N.A.;N.A.;02-Jun-2013
121698;SBI DEBT FUND SERIES - 13 MONTHS - 15- DIRECT PLAN - GROWTH;INF200K01XC4;;10.2504;N.A.;N.A.;02-Jun-2013
121305;SBI DEBT FUND SERIES - 14 MONTHS - 1 - DIRECT PLAN - DIVIDEND;INF200K01XH3;;10.3034;N.A.;N.A.;02-Jun-2013
121306;SBI DEBT FUND SERIES - 14 MONTHS - 1 - DIRECT PLAN - GROWTH;INF200K01XG5;;10.3033;N.A.;N.A.;02-Jun-2013
121303;SBI DEBT FUND SERIES - 14 MONTHS - 1 - REGULAR PLAN - DIVIDEND;INF200K01XF7;;10.3005;N.A.;N.A.;02-Jun-2013
121304;SBI DEBT FUND SERIES - 14 MONTHS - 1 - REGULAR PLAN - GROWTH;INF200K01XE0;;10.3005;N.A.;N.A.;02-Jun-2013
122015;SBI DEBT FUND SERIES - 14 MONTHS - 2 - DIRECT PLAN - DIVIDEND;INF200K01XL5;;10.1921;N.A.;N.A.;02-Jun-2013
122017;SBI DEBT FUND SERIES - 14 MONTHS - 2 - DIRECT PLAN - GROWTH;INF200K01XK7;;10.1921;N.A.;N.A.;02-Jun-2013
122016;SBI DEBT FUND SERIES - 14 MONTHS - 2 - REGULAR PLAN - DIVIDEND;INF200K01XJ9;;10.1911;N.A.;N.A.;02-Jun-2013
122018;SBI DEBT FUND SERIES - 14 MONTHS - 2 - REGULAR PLAN - GROWTH;INF200K01XI1;;10.1911;N.A.;N.A.;02-Jun-2013
117110;SBI DEBT FUND SERIES - 15 MONTHS - 10 - DIVIDEND;INF200K01LG0;;11.0846;N.A.;N.A.;02-Jun-2013
117111;SBI DEBT FUND SERIES - 15 MONTHS - 10 - GROWTH;INF200K01LF2;;11.0846;N.A.;N.A.;02-Jun-2013
116408;SBI DEBT FUND SERIES - 18 MONTHS - 10 - DIVIDEND;INF200K01LI6;;11.3214;N.A.;N.A.;02-Jun-2013
116407;SBI DEBT FUND SERIES - 18 MONTHS - 10 - GROWTH;INF200K01LH8;;11.3214;N.A.;N.A.;02-Jun-2013
117983;SBI DEBT FUND SERIES - 18 MONTHS - 11 - DIVIDEND;INF200K01PW8;;10.5459;N.A.;N.A.;02-Jun-2013
117984;SBI DEBT FUND SERIES - 18 MONTHS - 11 - GROWTH;INF200K01PV0;;10.5459;N.A.;N.A.;02-Jun-2013
116400;SBI DEBT FUND SERIES - 18 MONTHS - 9 - DIVIDEND;INF200K01JI0;;11.3687;N.A.;N.A.;02-Jun-2013
116399;SBI DEBT FUND SERIES - 18 MONTHS - 9 - GROWTH;INF200K01JH2;;11.3687;N.A.;N.A.;02-Jun-2013
115263;SBI SDFS - 36 MONTHS - 1 - DIVIDEND;INF200K01EC4;;10.7350;N.A.;N.A.;02-Jun-2013
115262;SBI SDFS - 36 MONTHS - 1 - GROWTH;INF200K01EB6;;12.1397;N.A.;N.A.;02-Jun-2013
120908;SBI DEBT FUND SERIES - 36 MONTHS - 2 - DIRECT PLAN - DIVIDEND;INF200K01QM7;;10.4226;N.A.;N.A.;02-Jun-2013
120911;SBI DEBT FUND SERIES - 36 MONTHS - 2 - DIRECT PLAN - GROWTH;INF200K01QL9;;10.4226;N.A.;N.A.;02-Jun-2013
120909;SBI DEBT FUND SERIES - 36 MONTHS - 2 - REGULAR PLAN - DIVIDEND;INF200K01QH7;;10.4011;N.A.;N.A.;02-Jun-2013
120910;SBI DEBT FUND SERIES - 36 MONTHS - 2 - REGULAR PLAN - GROWTH;INF200K01QG9;;10.4011;N.A.;N.A.;02-Jun-2013
117739;SBI DEBT FUND SERIES - 366 DAYS - 10 - DIVIDEND;INF200K01NY9;;10.7729;N.A.;N.A.;02-Jun-2013
117740;SBI DEBT FUND SERIES - 366 DAYS - 10 - GROWTH;INF200K01NX1;;10.7729;N.A.;N.A.;02-Jun-2013
117780;SBI DEBT FUND SERIES - 366 DAYS - 11 - DIVIDEND;INF200K01OY7;;10.7274;N.A.;N.A.;02-Jun-2013
117781;SBI DEBT FUND SERIES - 366 DAYS - 11 - GROWTH;INF200K01OX9;;10.7274;N.A.;N.A.;02-Jun-2013
117822;SBI DEBT FUND SERIES - 366 DAYS - 12 - DIVIDEND;INF200K01PA4;;10.6960;N.A.;N.A.;02-Jun-2013
117821;SBI DEBT FUND SERIES - 366 DAYS - 12 - GROWTH;INF200K01OZ4;;10.6960;N.A.;N.A.;02-Jun-2013
117833;SBI DEBT FUND SERIES - 366 DAYS - 13 - DIVIDEND;INF200K01PC0;;10.6360;N.A.;N.A.;02-Jun-2013
117832;SBI DEBT FUND SERIES - 366 DAYS - 13 - GROWTH;INF200K01PB2;;10.6360;N.A.;N.A.;02-Jun-2013
117857;SBI DEBT FUND SERIES - 366 DAYS - 14 - DIVIDEND;INF200K01PE6;;10.6484;N.A.;N.A.;02-Jun-2013
117858;SBI DEBT FUND SERIES - 366 DAYS - 14 - GROWTH;INF200K01PD8;;10.6484;N.A.;N.A.;02-Jun-2013
117917;SBI DEBT FUND SERIES - 366 DAYS - 15 - DIVIDEND;INF200K01PG1;;10.5964;N.A.;N.A.;02-Jun-2013
117918;SBI DEBT FUND SERIES - 366 DAYS - 15 - GROWTH;INF200K01PF3;;10.5964;N.A.;N.A.;02-Jun-2013
117987;SBI DEBT FUND SERIES - 366 DAYS - 16 - DIVIDEND;INF200K01PI7;;10.4980;N.A.;N.A.;02-Jun-2013
117986;SBI DEBT FUND SERIES - 366 DAYS - 16 - GROWTH;INF200K01PH9;;10.4980;N.A.;N.A.;02-Jun-2013
117997;SBI DEBT FUND SERIES - 366 DAYS - 17 - DIVIDEND;INF200K01PK3;;10.4754;N.A.;N.A.;02-Jun-2013
117996;SBI DEBT FUND SERIES - 366 DAYS - 17 - GROWTH;INF200K01PJ5;;10.4754;N.A.;N.A.;02-Jun-2013
118011;SBI DEBT FUND SERIES - 366 DAYS - 18 - DIVIDEND;INF200K01PM9;;10.4545;N.A.;N.A.;02-Jun-2013
118012;SBI DEBT FUND SERIES - 366 DAYS - 18 - GROWTH;INF200K01PL1;;10.4545;N.A.;N.A.;02-Jun-2013
118218;SBI DEBT FUND SERIES - 366 DAYS - 19 - DIVIDEND;INF200K01PO5;;10.4177;N.A.;N.A.;02-Jun-2013
118219;SBI DEBT FUND SERIES - 366 DAYS - 19 - GROWTH;INF200K01PN7;;10.4177;N.A.;N.A.;02-Jun-2013
118352;SBI DEBT FUND SERIES - 366 DAYS - 20 - DIVIDEND;INF200K01PQ0;;10.3688;N.A.;N.A.;02-Jun-2013
118351;SBI DEBT FUND SERIES - 366 DAYS - 20 - GROWTH;INF200K01PP2;;10.3681;N.A.;N.A.;02-Jun-2013
118333;SBI DEBT FUND SERIES - 366 DAYS - 21 - DIVIDEND;INF200K01PS6;;10.3764;N.A.;N.A.;02-Jun-2013
118334;SBI DEBT FUND SERIES - 366 DAYS - 21 - GROWTH;INF200K01PR8;;10.3820;N.A.;N.A.;02-Jun-2013
121395;SBI DEBT FUND SERIES - 366 DAYS - 22 - DIRECT PLAN - DIVIDEND;INF200K01YP4;;N.A.;N.A.;N.A.;02-Jun-2013
121396;SBI DEBT FUND SERIES - 366 DAYS - 22 - DIRECT PLAN - GROWTH;INF200K01YO7;;10.3164;N.A.;N.A.;02-Jun-2013
121397;SBI DEBT FUND SERIES - 366 DAYS - 22 - REGULAR PLAN - DIVIDEND;INF200K01PU2;;10.3137;N.A.;N.A.;02-Jun-2013
121398;SBI DEBT FUND SERIES - 366 DAYS - 22 - REGULAR PLAN - GROWTH;INF200K01PT4;;10.3137;N.A.;N.A.;02-Jun-2013
121923;SBI DEBT FUND SERIES - 366 DAYS - 23 - DIRECT PLAN - DIVIDEND;INF200K01VX4;;10.2214;N.A.;N.A.;02-Jun-2013
121924;SBI DEBT FUND SERIES - 366 DAYS - 23 - DIRECT PLAN - GROWTH;INF200K01VW6;;10.2214;N.A.;N.A.;02-Jun-2013
121926;SBI DEBT FUND SERIES - 366 DAYS - 23 - REGULAR PLAN - DIVIDEND;INF200K01VV8;;10.2204;N.A.;N.A.;02-Jun-2013
121925;SBI DEBT FUND SERIES - 366 DAYS - 23 - REGULAR PLAN - GROWTH;INF200K01VU0;;10.2204;N.A.;N.A.;02-Jun-2013
122011;SBI DEBT FUND SERIES - 366 DAYS - 24 - DIRECT PLAN - DIVIDEND;INF200K01WB8;;10.2042;N.A.;N.A.;02-Jun-2013
122012;SBI DEBT FUND SERIES - 366 DAYS - 24 - DIRECT PLAN - GROWTH;INF200K01WA0;;10.2010;N.A.;N.A.;02-Jun-2013
122013;SBI DEBT FUND SERIES - 366 DAYS - 24 - REGULAR PLAN - DIVIDEND;INF200K01VZ9;;10.2032;N.A.;N.A.;02-Jun-2013
122014;SBI DEBT FUND SERIES - 366 DAYS - 24 - REGULAR PLAN - GROWTH;INF200K01VY2;;10.2032;N.A.;N.A.;02-Jun-2013
122145;SBI DEBT FUND SERIES - 366 DAYS - 25 - DIRECT PLAN - DIVIDEND;INF200K01WF9;;10.1676;N.A.;N.A.;02-Jun-2013
122146;SBI DEBT FUND SERIES - 366 DAYS - 25 - DIRECT PLAN - GROWTH;INF200K01WE2;;10.1676;N.A.;N.A.;02-Jun-2013
122147;SBI DEBT FUND SERIES - 366 DAYS - 25 - REGULAR PLAN - DIVIDEND;INF200K01WD4;;10.1667;N.A.;N.A.;02-Jun-2013
122144;SBI DEBT FUND SERIES - 366 DAYS - 25 - REGULAR PLAN - GROWTH;INF200K01WC6;;10.1667;N.A.;N.A.;02-Jun-2013
122253;SBI DEBT FUND SERIES - 366 DAYS - 26 - DIRECT PLAN - DIVIDEND;INF200K01WJ1;;10.1167;N.A.;N.A.;02-Jun-2013
122254;SBI DEBT FUND SERIES - 366 DAYS - 26 - DIRECT PLAN - GROWTH;INF200K01WI3;;10.1167;N.A.;N.A.;02-Jun-2013
122255;SBI DEBT FUND SERIES - 366 DAYS - 26 - REGULAR PLAN - DIVIDEND;INF200K01WH5;;10.1160;N.A.;N.A.;02-Jun-2013
122256;SBI DEBT FUND SERIES - 366 DAYS - 26 - REGULAR PLAN - GROWTH;INF200K01WG7;;10.1160;N.A.;N.A.;02-Jun-2013
122348;SBI DEBT FUND SERIES - 366 DAYS - 27 - DIRECT PLAN - DIVIDEND;INF200K01WN3;;10.1038;N.A.;N.A.;02-Jun-2013
122349;SBI DEBT FUND SERIES - 366 DAYS - 27 - DIRECT PLAN - GROWTH;INF200K01WM5;;10.1038;N.A.;N.A.;02-Jun-2013
122346;SBI DEBT FUND SERIES - 366 DAYS - 27 - REGULAR PLAN - DIVIDEND;INF200K01WL7;;10.1032;N.A.;N.A.;02-Jun-2013
122347;SBI DEBT FUND SERIES - 366 DAYS - 27 - REGULAR PLAN - GROWTH;INF200K01WK9;;10.1032;N.A.;N.A.;02-Jun-2013
122406;SBI DEBT FUND SERIES - 366 DAYS - 28 - DIRECT PLAN - DIVIDEND;INF200K01WR4;;10.1086;N.A.;N.A.;02-Jun-2013
122407;SBI DEBT FUND SERIES - 366 DAYS - 28 - DIRECT PLAN - GROWTH;INF200K01WQ6;;10.1086;N.A.;N.A.;02-Jun-2013
122405;SBI DEBT FUND SERIES - 366 DAYS - 28 - REGULAR PLAN - DIVIDEND;INF200K01WP8;;10.1080;N.A.;N.A.;02-Jun-2013
122408;SBI DEBT FUND SERIES - 366 DAYS - 28 - REGULAR PLAN - GROWTH;INF200K01WO1;;10.1080;N.A.;N.A.;02-Jun-2013
117557;SBI DEBT FUND SERIES - 366 DAYS - 6 - DIVIDEND;INF200K01NQ5;;10.8761;N.A.;N.A.;02-Jun-2013
117558;SBI DEBT FUND SERIES - 366 DAYS - 6 - GROWTH;INF200K01NP7;;10.8761;N.A.;N.A.;02-Jun-2013
117625;SBI DEBT FUND SERIES - 366 DAYS - 7 - DIVIDEND;INF200K01NS1;;10.9020;N.A.;N.A.;02-Jun-2013
117626;SBI DEBT FUND SERIES - 366 DAYS - 7 - GROWTH;INF200K01NR3;;10.9020;N.A.;N.A.;02-Jun-2013
117695;SBI DEBT FUND SERIES - 366 DAYS - 8 - DIVIDEND;INF200K01NU7;;10.8190;N.A.;N.A.;02-Jun-2013
117696;SBI DEBT FUND SERIES - 366 DAYS - 8 - GROWTH;INF200K01NT9;;10.8190;N.A.;N.A.;02-Jun-2013
117707;SBI DEBT FUND SERIES - 366 DAYS - 9 - DIVIDEND;INF200K01NW3;;10.7725;N.A.;N.A.;02-Jun-2013
117708;SBI DEBT FUND SERIES - 366 DAYS - 9 - GROWTH;INF200K01NV5;;10.7725;N.A.;N.A.;02-Jun-2013
113321;SBI Debt Fund Series - 60 Months - 1 - Dividend;INF200K01CQ8;;12.2952;N.A.;N.A.;02-Jun-2013
113401;SBI Debt Fund Series - 60 Months - 1 - Growth;INF200K01CP0;;12.2951;N.A.;N.A.;02-Jun-2013
118220;SBI DEBT FUND SERIES - 60 MONTHS - 2 - DIVIDEND;INF200K01QD6;;10.6004;N.A.;N.A.;02-Jun-2013
118221;SBI DEBT FUND SERIES - 60 MONTHS - 2 - GROWTH;INF200K01QC8;;10.6004;N.A.;N.A.;02-Jun-2013
120901;SBI DEBT FUND SERIES - 60 MONTHS - 3 - DIRECT PLAN - DIVIDEND;INF200K01QQ8;;10.5102;N.A.;N.A.;02-Jun-2013
120900;SBI DEBT FUND SERIES - 60 MONTHS - 3 - DIRECT PLAN - GROWTH;INF200K01QP0;;10.5102;N.A.;N.A.;02-Jun-2013
120899;SBI DEBT FUND SERIES - 60 MONTHS - 3 - REGULAR PLAN - DIVIDEND;INF200K01QF1;;10.4908;N.A.;N.A.;02-Jun-2013
120898;SBI DEBT FUND SERIES - 60 MONTHS - 3 - REGULAR PLAN - GROWTH;INF200K01QE4;;10.4908;N.A.;N.A.;02-Jun-2013
