Scheme Code;Scheme Name;ISIN Div Payout/ISIN Growth;ISIN Div Reinvestment;Net Asset Value;Repurchase Price;Sale Price;Date

Open Ended Schemes ( Liquid )


Bandhan Mutual Fund
108794;IDFC Liquid Fund - Daily Dividend;INF194K01GJ9;INF194K01GI1;1000.2313;1000.2313;1000.2313;11-Jun-2011
108793;IDFC Liquid Fund - Growth;INF194K01GE0;;1406.5131;1406.5131;1406.5131;11-Jun-2011
108796;IDFC Liquid Fund - Monthly Dividend;INF194K01GG5;INF194K01GF7;1011.7765;1011.7765;1011.7765;11-Jun-2011
115421;IDFC Liquid Fund-Periodic Dividend Plan;INF194K01GP6;INF194K01GO9;1000.7812;1000.7812;1000.7812;11-Jun-2011
108795;IDFC Liquid Fund-Weekly Dividend;INF194K01GM3;INF194K01GL5;1001.4434;1001.4434;1001.4434;11-Jun-2011
111928;IDFC Liquid Fund  Plan D- Growth;INF194K01GR2;;11.2685;11.2685;11.2685;11-Jun-2011
111927;IDFC Liquid Fund Plan - D  - Daily Dividend;INF194K01GT8;INF194K01GS0;10.0023;10.0023;10.0023;11-Jun-2011
112891;IDFC Liquid Fund- Plan F Dividend;INF194K01HD0;INF194K01HC2;10.1852;10.1852;10.1852;11-Jun-2011
112890;IDFC Liquid Fund- Plan F Growth;INF194K01HB4;;10.7669;10.7669;10.7669;11-Jun-2011

ING Mutual Fund
100198;ING Liquid Fund-Institutional Daily Dividend Option;INF084M01473;;10.0121;10.0121;10.0121;11-Jun-2011
100196;ING Liquid Fund-Institutional Growth Option;INF084M01465;;15.6080;15.6080;15.6080;11-Jun-2011
100197;ING Liquid Fund-Institutional Weekly Dividend Option;INF084M01499;INF084M01481;10.0650;10.0650;10.0650;11-Jun-2011
100192;ING Liquid Fund-Regular Daily Dividend Option;INF084M01432;;10.7873;10.7873;10.7873;11-Jun-2011
100190;ING Liquid Fund-Regular Growth Option;INF084M01424;;20.7984;20.7984;20.7984;11-Jun-2011
100191;ING Liquid Fund-Regular Weekly Dividend Option;INF084M01457;INF084M01440;10.8361;10.8361;10.8361;11-Jun-2011
100200;ING Liquid Fund-Super Institutional Daily Dividend Option;INF084M01515;;10.0048;10.0048;10.0048;11-Jun-2011
100199;ING Liquid Fund-Super Institutional Growth Option;INF084M01507;;14.8748;14.8748;14.8748;11-Jun-2011
100201;ING Liquid Fund-Super Institutional Weekly Dividend Option;INF084M01531;INF084M01523;10.0000;10.0000;10.0000;11-Jun-2011

PineBridge Mutual Fund
106513;PineBridge India Liquid Fund- Standard Plan-Daily Dividend Option;;INF178L01699;1001.0000;1001.0000;1001.0000;11-Jun-2011
106508;PineBridge India Liquid Fund- Standard Plan-Growth Option;INF178L01715;;1281.9691;1281.9691;1281.9691;11-Jun-2011
106509;PineBridge India Liquid Fund- Standard Plan-Weekly Dividend Option;;INF178L01764;1002.1722;1002.1722;1002.1722;11-Jun-2011
106506;PineBridge India Liquid Fund-Institutional Plan-Daily Dividend Option;;INF178L01616;1001.0000;1001.0000;1001.0000;11-Jun-2011
106511;PineBridge India Liquid Fund-Institutional Plan-Growth Option;INF178L01632;;1277.2076;1277.2076;1277.2076;11-Jun-2011
106507;PineBridge India Liquid Fund-Institutional Plan-Weekly Dividend Option;;INF178L01681;1002.1590;1002.1590;1002.1590;11-Jun-2011
106503;PineBridge India Liquid Fund-Retail Plan-DailyDividend Option;;INF178L01533;1001.0000;1001.0000;1001.0000;11-Jun-2011
106514;PineBridge India Liquid Fund-Retail Plan-Growth Option;INF178L01558;;1262.7777;1262.7777;1262.7777;11-Jun-2011
106504;PineBridge India Liquid Fund-Retail Plan-Monthly Dividend Option;INF178L01566;INF178L01574;1004.8511;1004.8511;1004.8511;11-Jun-2011
106516;PineBridge India Liquid Fund-Retail Plan-Quarterly Dividend Option;INF178L01582;INF178L01590;1020.1448;1020.1448;1020.1448;11-Jun-2011
106510;PineBridge India Liquid Fund-Retail Plan-Weekly Dividend Option;;INF178L01608;1002.1173;1002.1173;1002.1173;11-Jun-2011

Sahara Mutual Fund
101397;Sahara Liquid Fund-Fixed Pricing -  Weekly Dividend Option;;INF515L01064;1027.4373;1027.4373;1027.4373;11-Jun-2011
101393;Sahara Liquid Fund-Fixed Pricing - Daily Dividend Option;;INF515L01049;1024.9514;1024.9514;1024.9514;11-Jun-2011
101394;Sahara Liquid Fund-Fixed Pricing - Growth option;INF515L01056;;1809.7019;1809.7019;1809.7019;11-Jun-2011
101398;Sahara Liquid Fund-Fixed Pricing - Monthly Dividend Option;;INF515L01072;1028.0803;1028.0803;1028.0803;11-Jun-2011
101399;Sahara Liquid Fund-Variable Pricing - Daily Dividend option;;INF515L01080;1024.9708;1024.9708;1024.9708;11-Jun-2011
101402;Sahara Liquid Fund-Variable Pricing - Growth option;INF515L01114;;1824.6367;1824.6367;1824.6367;11-Jun-2011
101400;Sahara Liquid Fund-Variable Pricing - Weekly Dividend Option;;INF515L01098;1024.9581;1024.9581;1024.9581;11-Jun-2011
101401;Sahara Liquid Fund-Variable Pricing- Monthly Dividend Option;;INF515L01106;1028.4061;1028.4061;1028.4061;11-Jun-2011

Open Ended Schemes ( Debt Scheme - Overnight Fund )


SBI Mutual Fund
114297;SBI Overnight Fund - Regular Plan - Daily Income Distribution cum Capital Withdrawal Option (IDCW);;INF200K01LN6;10.0991;10.0991;10.0991;11-Jun-2011
101206;SBI OVERNIGHT FUND - REGULAR PLAN - GROWTH;INF200K01LQ9;;17.2175;17.2175;17.2175;11-Jun-2011
103140;SBI Overnight Fund - Regular Plan - Weekly Income Distribution cum Capital Withdrawal Option (IDCW);INF200K01LO4;INF200K01LP1;10.3119;10.3119;10.3119;11-Jun-2011

Open Ended Schemes ( Debt Scheme - Liquid Fund )


Bandhan Mutual Fund
108692;BANDHAN LIQUID Fund - Regular Plan - Daily IDCW;INF194K01VZ4;INF194K01VY7;10.0025;10.0025;10.0025;11-Jun-2011
108690;BANDHAN LIQUID Fund - Regular Plan - Growth;INF194K01VX9;;12.1284;12.1284;12.1284;11-Jun-2011
108691;BANDHAN LIQUID Fund - Regular Plan - Weekly IDCW;INF194K01WI8;INF194K01WH0;10.0024;10.0024;10.0024;11-Jun-2011
108779;BANDHAN Liquid Fund-Plan A-Dividend (Daily);INF194K01VC3;INF194K01VB5;10.5819;10.5819;10.5819;11-Jun-2011
108778;BANDHAN Liquid Fund-Plan A-Growth;INF194K01UX1;;17.6912;17.6912;17.6912;11-Jun-2011
108607;BANDHAN Liquid Fund - Plan A-Dividend (Weekly);INF194K01VI0;INF194K01VH2;10.0123;10.0123;10.0123;11-Jun-2011
108781;BANDHAN Liquid Fund - Plan B (G) (Institutional Plan);INF194K01VK6;;17.8440;17.8440;17.8440;11-Jun-2011
108681;BANDHAN Liquid Fund - Plan B-Daily-Dividend(Institutional Plan);INF194K01VM2;INF194K01VL4;10.5873;10.5873;10.5873;11-Jun-2011

Canara Robeco Mutual Fund
109349;CANARA ROBECO LIQUID FUND - REGULAR PLAN - DAILY IDCW (Reinvestment);;INF760K01CU3;10.0550;10.0550;10.0550;11-Jun-2011
109353;CANARA ROBECO LIQUID FUND - REGULAR PLAN - GROWTH OPTION;INF760K01CW9;;12.1225;12.1225;12.1225;11-Jun-2011
109350;CANARA ROBECO LIQUID FUND - REGULAR PLAN - WEEKLY IDCW (Payout/Reinvestment);INF760K01BZ4;INF760K01CZ2;10.0622;10.0622;10.0622;11-Jun-2011
101363;Canara Robeco Liquid Fund- INSTITUTIONAL-Daily Dividend Reinvestment;;INF760K01CC1;10.0550;10.0550;10.0550;11-Jun-2011
101362;Canara Robeco Liquid Fund- INSTITUTIONAL-Growth;INF760K01CD9;;18.0677;18.0677;18.0677;11-Jun-2011
101361;Canara Robeco Liquid Fund- INSTITUTIONAL-Weekly dividend;;INF760K01CE7;10.0618;10.0618;10.0618;11-Jun-2011
109357;Canara Robeco Liquid Fund-Institutional-Fortnightly Div Reinvest;;INF760K01860;10.0000;10.0000;10.0000;11-Jun-2011
109355;Canara Robeco Liquid Fund-Regular Plan-Fortnightly Div Reinvest.;;INF760K01951;10.0000;10.0000;10.0000;11-Jun-2011
101364;Canara Robeco Liquid Fund-Retail-DRI;;INF760K01CF4;10.0700;10.0700;10.0700;11-Jun-2011
109346;Canara Robeco Liquid Fund-Retail-Fortnightly Div Reinvest;;INF760K01CG2;10.0616;10.0616;10.0616;11-Jun-2011
101365;Canara Robeco Liquid Fund-Retail-Growth;INF760K01CH0;;17.9782;17.9782;17.9782;11-Jun-2011
109347;Canara Robeco Liquid Fund-Retail-Monthly Div Reinvest;;INF760K01CI8;10.0917;10.0917;10.0917;11-Jun-2011
109356;Canara Robeco Liquid Fund-Retail-Weekly Div Reinvest;;INF760K01CJ6;10.0616;10.0616;10.0616;11-Jun-2011

LIC Mutual Fund
101184;LIC MF Liquid Fund-Regular Plan-Daily IDCW;INF767K01IQ3;INF767K01IR1;10.9801;10.9801;10.9801;11-Jun-2011
101185;LIC MF Liquid Fund-Regular Plan-Growth;INF767K01IS9;;18.2187;18.2187;18.2187;11-Jun-2011

Principal Mutual Fund
100895;Principal Cash Management Fund - Daily Income Distribution CUM Capital Withdrawal;;INF173K01DB7;10.0007;10.0007;10.0007;11-Jun-2011
100897;Principal Cash Management Fund - Monthly Income Distribution CUM Capital Withdrawal Option;INF173K01BV9;INF173K01BW7;10.124;10.124;10.124;11-Jun-2011
100896;Principal Cash Management Fund - Weekly Income Distribution CUM Capital Withdrawal Option;;INF173K01DC5;10.0646;10.0646;10.0646;11-Jun-2011
100898;Principal Cash Management Fund -Growth Option;INF173K01DA9;;15.5089;15.5089;15.5089;11-Jun-2011

quant Mutual Fund
103225;quant Liquid Fund - Growth Option - Regular Plan;INF966L01317;;15.1681;15.1681;15.1681;11-Jun-2011
103228;quant Liquid Fund - Monthly IDCW Option - Regular Plan;INF966L01291;INF966L01309;14.7798;14.7798;14.7798;11-Jun-2011
103227;quant Liquid Fund - Weekly IDCW Option - Regular Plan;INF966L01499;INF966L01283;13.1699;13.1699;13.1699;11-Jun-2011
103226;quant Liquid Fund-Daily IDCW Option - Regular Plan;;INF966L01275;13.4760;13.4760;13.4760;11-Jun-2011

SBI Mutual Fund
105274;SBI Liquid Fund - Institutional - Growth;INF200K01LU1;;15.8427;15.8427;15.8427;11-Jun-2011
105275;SBI Liquid Fund - Institutional Daily Income Distribution cum Capital Withdrawal Option (IDCW);;INF200K01LR7;10.0325;10.0325;10.0325;11-Jun-2011
105279;SBI Liquid Fund - Institutional Fortnightly Income Distribution cum Capital Withdrawal Option (IDCW);INF200K01LS5;INF200K01LT3;10.1866;10.1866;10.1866;11-Jun-2011
105278;SBI Liquid Fund - Institutional Weekly Income Distribution cum Capital Withdrawal Option (IDCW);INF200K01LV9;INF200K01LW7;10.6035;10.6035;10.6035;11-Jun-2011
105281;SBI Liquid Fund - Regular Plan - Daily Income Distribution cum Capital Withdrawal Option (IDCW);;INF200K01LX5;10.0325;10.0325;10.0325;11-Jun-2011
105283;SBI Liquid Fund - Regular Plan - Fortnightly Income Distribution cum Capital Withdrawal Option (IDCW);INF200K01LY3;INF200K01LZ0;N.A.;N.A.;N.A.;11-Jun-2011
105282;SBI Liquid Fund - Regular Plan - Weekly Income Distribution cum Capital Withdrawal Option (IDCW);INF200K01MB9;INF200K01MC7;N.A.;N.A.;N.A.;11-Jun-2011
105280;SBI Liquid Fund - REGULAR PLAN -Growth;INF200K01MA1;;15.6760;15.6760;15.6760;11-Jun-2011

UTI Mutual Fund
102010;UTI Liquid Fund - Regular Plan - Daily IDCW (Reinvestment);;INF789F01PG3;1019.4457;1019.4457;1019.4457;11-Jun-2011
102011;UTI Liquid Fund - Regular Plan - Monthly IDCW;INF789F01PI9;INF789F01PJ7;1027.5377;1027.5377;1027.5377;11-Jun-2011
102013;UTI Liquid Fund - Regular Plan - Weekly IDCW;;INF789F01PK5;1043.906;1043.906;1043.906;11-Jun-2011
102012;UTI-  Liquid Cash Plan - Regular Plan - Growth Option;INF789F01PH1;;1636.6847;1636.6847;1636.6847;11-Jun-2011
102008;UTI-  Liquid Cash Plan- Discontinued - Regular Plan - Monthly Dividend Option;INF789F01BC2;INF789F01BA6;1087.4838;1087.4838;1087.4838;11-Jun-2011
102009;UTI-  Liquid Cash Plan- Discontinued - Regular Plan -Growth;INF789F01BB4;;1603.3767;1603.3767;1603.3767;11-Jun-2011
102007;UTI-  Liquid Cash Plan- Discontinued -Regular Plan Periodic Dividend Option;;INF789F01AZ5;1078.8117;1078.8117;1078.8117;11-Jun-2011

Open Ended Schemes ( Debt Scheme - Ultra Short Duration Fund )


Principal Mutual Fund
107329;Principal Ultra Short Term Fund-Daily Income Distribution CUM Capital Withdrawal Option;;INF173K01CV7;10.0543;10.0543;10.0543;11-Jun-2011
107328;Principal Ultra Short Term Fund-Growth Option;INF173K01CU9;;11.2144;11.2144;11.2144;11-Jun-2011
107332;Principal Ultra Short Term Fund-Weekly Income Distribution CUM Capital Withdrawal Option;;INF173K01CW5;10.1205;10.1205;10.1205;11-Jun-2011

SBI Mutual Fund
105080;SBI Ultra Short Duration Fund - Regular Plan - Daily Income Distribution cum Capital Withdrawal Option (IDCW);;INF200K01LK2;16.7503;16.7503;16.7503;11-Jun-2011
100641;SBI ULTRA SHORT DURATION FUND - REGULAR PLAN - GROWTH;INF200K01LJ4;;22.1290;22.1290;22.1290;11-Jun-2011
103884;SBI Ultra Short Duration Fund - Regular Plan - Weekly Income Distribution cum Capital Withdrawal Option (IDCW);INF200K01LM8;INF200K01LL0;10.7758;10.7758;10.7758;11-Jun-2011

Open Ended Schemes ( Debt Scheme - Money Market Fund )


quant Mutual Fund
103465;Quant Money Market Fund-Dividend Option;INF966L01382;INF966L01390;14.3630;14.3630;14.3630;11-Jun-2011
103464;Quant Money Market Fund-Growth Option;INF966L01408;;14.7522;14.7522;14.7522;11-Jun-2011

UTI Mutual Fund
112077;UTI MMF - Regular Plan - Growth Option;INF789F01PX8;;1116.5218;1116.5218;1116.5218;11-Jun-2011
100724;UTI MMF- Discontinued - Regular Plan - Flexi Dividend Option;;INF789F01BD0;1902.3777;1902.3777;1902.3777;11-Jun-2011
100725;UTI MMF- Discontinued - Regular Plan - Periodic Dividend Option;INF789F01BE8;;1891.6596;1891.6596;1891.6596;11-Jun-2011
100723;UTI MMF-Discontinued - Regular Plan -Growth;INF789F01BF5;;2768.7629;2768.7629;2768.7629;11-Jun-2011
112076;UTI Money Market Fund - Regular Plan - Daily IDCW (Reinvestment);;INF789F01PW0;1003.3854;1003.3854;1003.3854;11-Jun-2011
112635;UTI Money Market Fund - Regular Plan - Weekly IDCW;INF789F01PY6;INF789F01PZ3;1015.9335;1015.9335;1015.9335;11-Jun-2011

Close Ended Schemes ( Income )


SBI Mutual Fund
114781;SBI Capital Protection Oriented Fund - Series II -;INF200K01ED2;;10.0414;N.A.;N.A.;11-Jun-2011
114554;SBI Debt Fund Series - 15 Months - 6 Dividend;INF200K01EA8;;10.3309;N.A.;N.A.;11-Jun-2011
114555;SBI Debt Fund Series - 15 Months - 6 Growth;INF200K01DZ7;;10.3310;N.A.;N.A.;11-Jun-2011
114442;SBI Debt Fund Series - 18 Months - 6 - Dividend Option;INF200K01CI5;;10.3058;N.A.;N.A.;11-Jun-2011
114443;SBI Debt Fund Series - 18 Months - 6 - Growth Option;INF200K01CH7;;10.3057;N.A.;N.A.;11-Jun-2011
113275;SBI Debt Fund Series - 24 Months - 2 - Dividend;INF200K01CK1;;10.3533;N.A.;N.A.;11-Jun-2011
113363;SBI Debt Fund Series - 24 Months - 2 - Growth;INF200K01CJ3;;10.3542;N.A.;N.A.;11-Jun-2011
115263;SBI SDFS - 36 MONTHS - 1 - DIVIDEND;INF200K01EC4;;10.0435;N.A.;N.A.;11-Jun-2011
115262;SBI SDFS - 36 MONTHS - 1 - GROWTH;INF200K01EB6;;10.0435;N.A.;N.A.;11-Jun-2011
115075;SBI Debt Fund Series - 370 Days 13 - Dividend Payout;INF200K01EJ9;;10.1278;N.A.;N.A.;11-Jun-2011
115076;SBI Debt Fund Series - 370 Days 13 - Growth;INF200K01EI1;;10.1279;N.A.;N.A.;11-Jun-2011
115012;SBI DEBT FUND SERIES - 370 DAYS 11 - GROWTH;INF200K01EE0;;10.2164;N.A.;N.A.;11-Jun-2011
115013;SBI DEBT FUND SERIES - 370 DAYS 11- DIVIDEND;INF200K01EF7;;10.2162;N.A.;N.A.;11-Jun-2011
115048;SBI Debt Fund Series - 370 Days 12 - Dividend Payout;INF200K01EH3;;10.1479;N.A.;N.A.;11-Jun-2011
115047;SBI Debt Fund Series - 370 Days 12 - Growth;INF200K01EG5;;10.1479;N.A.;N.A.;11-Jun-2011
115260;SBI DEBT FUND SERIES - 370 DAYS - 15 - DIVIDEND;INF200K01EN1;;10.0607;N.A.;N.A.;11-Jun-2011
115261;SBI DEBT FUND SERIES - 370 DAYS - 15 - GROWTH;INF200K01EM3;;10.0608;N.A.;N.A.;11-Jun-2011
113321;SBI Debt Fund Series - 60 Months - 1 - Dividend;INF200K01CQ8;;10.1962;N.A.;N.A.;11-Jun-2011
113401;SBI Debt Fund Series - 60 Months - 1 - Growth;INF200K01CP0;;10.1962;N.A.;N.A.;11-Jun-2011
115010;SBI DEBT FUND SERIES - 90 DAYS 42 -GROWTH;;;10.1996;N.A.;N.A.;11-Jun-2011
115011;SBI DEBT FUND SERIES - 90 DAYS 42-DIVIDEND;;;10.0289;N.A.;N.A.;11-Jun-2011
115180;SBI DEBT FUND SERIES - 90 DAYS 43 -GROWTH;;;10.0938;N.A.;N.A.;11-Jun-2011
115181;SBI DEBT FUND SERIES - 90 DAYS 43-DIVIDEND;;;10.0271;N.A.;N.A.;11-Jun-2011
114351;SBI Debt Fund Series - 180 Days - 14 Dividend;;;10.0292;N.A.;N.A.;11-Jun-2011
114352;SBI Debt Fund Series - 180 Days - 14 Growth;;;10.4154;N.A.;N.A.;11-Jun-2011
114622;SBI Debt Fund Series - 180 Days - 15 Dividend;;;10.0333;N.A.;N.A.;11-Jun-2011
114621;SBI Debt Fund Series - 180 Days - 15 Growth;;;10.3278;N.A.;N.A.;11-Jun-2011
114724;SBI SDFS 180 DAYS 16 - DIVIDEND PAYOUT;;;10.0301;N.A.;N.A.;11-Jun-2011
114725;SBI SDFS 180 DAYS 16 - GROWTH;;;10.2730;N.A.;N.A.;11-Jun-2011
115114;SBI SDFS 180 DAYS 17 - DIVIDEND PAYOUT;;;10.1158;N.A.;N.A.;11-Jun-2011
115115;SBI SDFS 180 DAYS 17 - GROWTH;;;10.1158;N.A.;N.A.;11-Jun-2011
115187;SBI SDFS 180 DAYS 18 - DIVIDEND PAYOUT;;;10.0815;N.A.;N.A.;11-Jun-2011
115188;SBI SDFS 180 DAYS 18 - GROWTH;;;10.0815;N.A.;N.A.;11-Jun-2011
114723;SBI DEBT FUND SERIES 370 DAYS 10 - GROWTH;INF200K01DV6;;10.2871;N.A.;N.A.;11-Jun-2011
114722;SBI DEBT FUND SERIES 370 DAYS 10- Dividend;INF200K01DW4;;10.2871;N.A.;N.A.;11-Jun-2011
114837;SBI Debt Fund Series 90 Days 41 - Dividend Payout;;;10.0288;N.A.;N.A.;11-Jun-2011
114836;SBI Debt Fund Series 90 Days 41 - Growth;;;10.2357;N.A.;N.A.;11-Jun-2011
114839;REDEEMED-SBI Debt Fund Series - 13 Months 11 - Dividend Payout;INF200K01DY0;;10.2318;N.A.;N.A.;11-Jun-2011
114838;REDEEMED-SBI Debt Fund Series 13 Months 11 - Growth;INF200K01DX2;;10.2318;N.A.;N.A.;11-Jun-2011
114343;Z-REDEEMED-SBI Debt Fund Series - 18 Months - 4 - Dividend Option;INF200K01CE4;;10.3559;N.A.;N.A.;11-Jun-2011
114303;Z-REDEEMED-SBI Debt Fund Series - 18 Months - 4 - Growth Option;INF200K01CD6;;10.3558;N.A.;N.A.;11-Jun-2011
114388;Z-REDEEMED-SBI Debt Fund Series - 18 Months - 5 - Dividend Option;INF200K01CG9;;10.3082;N.A.;N.A.;11-Jun-2011
114389;Z-REDEEMED-SBI Debt Fund Series - 18 Months - 5 - Growth Option;INF200K01CF1;;10.3081;N.A.;N.A.;11-Jun-2011
115152;Z-REDEEMED-SBI Debt Fund Series - 370 days - 14 - Dividend Payout;INF200K01EL5;;10.1020;N.A.;N.A.;11-Jun-2011
115151;Z-REDEEMED-SBI Debt Fund Series - 370 Days - 14 - Growth;INF200K01EK7;;10.1020;N.A.;N.A.;11-Jun-2011
113182;Z-REDEEMED-SBI Debt Fund Series - 370 Days - 6 - Dividend;;;10.4475;N.A.;N.A.;11-Jun-2011
113340;Z-REDEEMED-SBI Debt Fund Series - 370 Days - 6 - Growth;;;10.5242;N.A.;N.A.;11-Jun-2011
113411;Z-REDEEMED-SBI Debt Fund Series - 370 Days - 7 - Dividend;;;10.4010;N.A.;N.A.;11-Jun-2011
114250;Z-REDEEMED-SBI Debt Fund Series - 370 Days - 7 - Growth;;;10.4521;N.A.;N.A.;11-Jun-2011
114194;Z-REDEEMED-SBI Debt Fund Series - 370 Days - 8 - Dividend;;;10.3584;N.A.;N.A.;11-Jun-2011
114311;Z-REDEEMED-SBI Debt Fund Series - 370 Days - 8 - Growth;;;10.4096;N.A.;N.A.;11-Jun-2011
114620;Z-REDEEMED-SBI Debt Fund Series - 370 Days - 9 - Dividend;INF200K01DU8;;10.3243;N.A.;N.A.;11-Jun-2011
114619;Z-REDEEMED-SBI Debt Fund Series - 370 Days - 9 - Growth;INF200K01DT0;;10.3237;N.A.;N.A.;11-Jun-2011
113181;Z-REDEEMED-SBI Debt Fund Series - 370 Days - 5 Dividend;;;10.0294;N.A.;N.A.;11-Jun-2011
113230;Z-REDEEMED-SBI Debt Fund Series - 370 Days - 5 Growth;;;10.5464;N.A.;N.A.;11-Jun-2011
