Scheme Code;Scheme Name;ISIN Div Payout/ISIN Growth;ISIN Div Reinvestment;Net Asset Value;Repurchase Price;Sale Price;Date

Open Ended Schemes ( Income )


Bandhan Mutual Fund
108676;IDFC-Money Manager Fund-Treasury Plan-Plan B - Growth;INF194K01LT8;;13.2549;13.2549;13.2549;02-Aug-2008
108677;IDFC-Money Manager Fund-Treasury Plan-Plan B-Daily Div;INF194K01LY8;INF194K01LX0;10.0703;10.0703;10.0703;02-Aug-2008
108679;IDFC-Money Manager Fund-Treasury Plan-Plan B-Mon Div;INF194K01LV4;INF194K01LU6;0;0;0;02-Aug-2008
108678;IDFC-Money Manager Fund-Treasury Plan-Plan B-Weekly Div;INF194K01MB4;INF194K01MA6;10.0931;10.0931;10.0931;02-Aug-2008

Open Ended Schemes ( Liquid )


Bandhan Mutual Fund
108794;IDFC Liquid Fund - Daily Dividend;INF194K01GJ9;INF194K01GI1;1000.2100;1000.2100;1000.2100;02-Aug-2008
108793;IDFC Liquid Fund - Growth;INF194K01GE0;;1190.6634;1190.6634;1190.6634;02-Aug-2008
108796;IDFC Liquid Fund - Monthly Dividend;INF194K01GG5;INF194K01GF7;1000.7503;1000.7503;1000.7503;02-Aug-2008
108795;IDFC Liquid Fund-Weekly Dividend;INF194K01GM3;INF194K01GL5;1000.4207;1000.4207;1000.4207;02-Aug-2008

ING Mutual Fund
106913;ING High Yield Liquidity Fund - Institutional Growth Option;;;10.0000;10.0000;10.0000;02-Aug-2008
106914;ING High Yield Liquidity Fund - Institutional Quarterly Dividend Option;;;10.0000;10.0000;10.0000;02-Aug-2008
106904;ING High Yield Liquidity Fund - Regular Daily Dividend Option;;;10.3193;10.3193;10.3193;02-Aug-2008
106912;ING High Yield Liquidity Fund- Institutional Bonus Option;;;10.0000;10.0000;10.0000;02-Aug-2008
106909;ING High Yield Liquidity Fund- Institutional Daily Dividend Option;;;10.0000;10.0000;10.0000;02-Aug-2008
106911;ING High Yield Liquidity Fund- Institutional Monthly Dividend Option;;;10.0000;10.0000;10.0000;02-Aug-2008
106910;ING High Yield Liquidity Fund- Institutional Weekly Dividend Option;;;10.0000;10.0000;10.0000;02-Aug-2008
106908;ING High Yield Liquidity Fund- Regular Bonus Option;;;10.0000;10.0000;10.0000;02-Aug-2008
106903;ING High Yield Liquidity Fund- Regular Growth Option;;;10.4208;10.4208;10.4208;02-Aug-2008
106907;ING High Yield Liquidity Fund- Regular Monthly Dividend Option;;;10.0000;10.0000;10.0000;02-Aug-2008
106906;ING High Yield Liquidity Fund- Regular Quarterly Dividend Option;;;10.0000;10.0000;10.0000;02-Aug-2008
106905;ING High Yield Liquidity Fund- Regular Weekly Dividend Option;;;10.2818;10.2818;10.2818;02-Aug-2008
100194;ING Liquid Fund-Auto Sweep Growth Option;;;10.0000;10.0000;10.0000;02-Aug-2008
100195;ING Liquid Fund-Auto Sweep Weekly Dividend Option;;;10.0000;10.0000;10.0000;02-Aug-2008
100198;ING Liquid Fund-Institutional Daily Dividend Option;INF084M01473;;10.0121;10.0121;10.0121;02-Aug-2008
100196;ING Liquid Fund-Institutional Growth Option;INF084M01465;;13.0902;13.0902;13.0902;02-Aug-2008
100197;ING Liquid Fund-Institutional Weekly Dividend Option;INF084M01499;INF084M01481;10.0660;10.0660;10.0660;02-Aug-2008
100192;ING Liquid Fund-Regular Daily Dividend Option;INF084M01432;;10.7873;10.7873;10.7873;02-Aug-2008
100190;ING Liquid Fund-Regular Growth Option;INF084M01424;;17.5576;17.5576;17.5576;02-Aug-2008
100191;ING Liquid Fund-Regular Weekly Dividend Option;INF084M01457;INF084M01440;10.8365;10.8365;10.8365;02-Aug-2008
100200;ING Liquid Fund-Super Institutional Daily Dividend Option;INF084M01515;;10.0048;10.0048;10.0048;02-Aug-2008
100199;ING Liquid Fund-Super Institutional Growth Option;INF084M01507;;12.4140;12.4140;12.4140;02-Aug-2008
100201;ING Liquid Fund-Super Institutional Weekly Dividend Option;INF084M01531;INF084M01523;10.0000;10.0000;10.0000;02-Aug-2008
102802;ING Treasury Management Fund-Annual Dividend Option;;;10.6385;10.6385;10.6385;02-Aug-2008
102803;ING Treasury Management Fund-Bonus Option;;;12.8774;12.8774;12.8774;02-Aug-2008
102804;ING Treasury Management Fund-Daily Dividend Option;;;10.3588;10.3588;10.3588;02-Aug-2008
102798;ING Treasury Management Fund-Growth Option;;;12.8774;12.8774;12.8774;02-Aug-2008
102801;ING Treasury Management Fund-Half Yearly Dividend Option;;;10.6149;10.6149;10.6149;02-Aug-2008
102800;ING Treasury Management Fund-Quarterly Dividend Option;;;10.4261;10.4261;10.4261;02-Aug-2008
102799;ING Treasury Management Fund-Weekly Dividend Option;;;10.7888;10.7888;10.7888;02-Aug-2008

PineBridge Mutual Fund
106513;PineBridge India Liquid Fund- Standard Plan-Daily Dividend Option;;INF178L01699;1000.8141;1000.8141;1000.8141;02-Aug-2008
106508;PineBridge India Liquid Fund- Standard Plan-Growth Option;INF178L01715;;1073.2904;1073.2904;1073.2904;02-Aug-2008
106509;PineBridge India Liquid Fund- Standard Plan-Weekly Dividend Option;;INF178L01764;1002.2238;1002.2238;1002.2238;02-Aug-2008
106506;PineBridge India Liquid Fund-Institutional Plan-Daily Dividend Option;;INF178L01616;1000.8059;1000.8059;1000.8059;02-Aug-2008
106511;PineBridge India Liquid Fund-Institutional Plan-Growth Option;INF178L01632;;1072.3602;1072.3602;1072.3602;02-Aug-2008
106507;PineBridge India Liquid Fund-Institutional Plan-Weekly Dividend Option;;INF178L01681;1002.2100;1002.2100;1002.2100;02-Aug-2008
106503;PineBridge India Liquid Fund-Retail Plan-DailyDividend Option;;INF178L01533;1000.7810;1000.7810;1000.7810;02-Aug-2008
106514;PineBridge India Liquid Fund-Retail Plan-Growth Option;INF178L01558;;1069.3952;1069.3952;1069.3952;02-Aug-2008
106504;PineBridge India Liquid Fund-Retail Plan-Monthly Dividend Option;INF178L01566;INF178L01574;1002.6399;1002.6399;1002.6399;02-Aug-2008
106510;PineBridge India Liquid Fund-Retail Plan-Weekly Dividend Option;;INF178L01608;1002.1688;1002.1688;1002.1688;02-Aug-2008

Sahara Mutual Fund
101397;Sahara Liquid Fund-Fixed Pricing -  Weekly Dividend Option;;INF515L01064;1026.2355;1026.2355;1026.2355;02-Aug-2008
101393;Sahara Liquid Fund-Fixed Pricing - Daily Dividend Option;;INF515L01049;1024.9045;1024.9045;1024.9045;02-Aug-2008
101394;Sahara Liquid Fund-Fixed Pricing - Growth option;INF515L01056;;1488.8705;1488.8705;1488.8705;02-Aug-2008
101398;Sahara Liquid Fund-Fixed Pricing - Monthly Dividend Option;;INF515L01072;1026.2695;1026.2695;1026.2695;02-Aug-2008
101399;Sahara Liquid Fund-Variable Pricing - Daily Dividend option;;INF515L01080;1024.9262;1024.9262;1024.9262;02-Aug-2008
101402;Sahara Liquid Fund-Variable Pricing - Growth option;INF515L01114;;1497.5365;1497.5365;1497.5365;02-Aug-2008
101400;Sahara Liquid Fund-Variable Pricing - Weekly Dividend Option;;INF515L01098;1024.9241;1024.9241;1024.9241;02-Aug-2008
101401;Sahara Liquid Fund-Variable Pricing- Monthly Dividend Option;;INF515L01106;1026.6456;1026.6456;1026.6456;02-Aug-2008

Open Ended Schemes ( Debt Scheme - Overnight Fund )


SBI Mutual Fund
101206;SBI OVERNIGHT FUND - REGULAR PLAN - GROWTH;INF200K01LQ9;;14.3780;14.3780;14.3780;02-Aug-2008
103140;SBI Overnight Fund - Regular Plan - Weekly Income Distribution cum Capital Withdrawal Option (IDCW);INF200K01LO4;INF200K01LP1;10.2854;10.2854;10.2854;02-Aug-2008

Open Ended Schemes ( Debt Scheme - Liquid Fund )


Bandhan Mutual Fund
108694;BANDHAN LIQUID FUND - Inst Plan B - Periodic Div;INF194K01VP5;INF194K01VO8;0;0;0;02-Aug-2008
108692;BANDHAN LIQUID Fund - Regular Plan - Daily IDCW;INF194K01VZ4;INF194K01VY7;10.0025;10.0025;10.0025;02-Aug-2008
108690;BANDHAN LIQUID Fund - Regular Plan - Growth;INF194K01VX9;;10.1305;10.1305;10.1305;02-Aug-2008
108693;BANDHAN LIQUID Fund - Regular Plan - Monthly IDCW;INF194K01WF4;INF194K01WE7;0;0;0;02-Aug-2008
108691;BANDHAN LIQUID Fund - Regular Plan - Weekly IDCW;INF194K01WI8;INF194K01WH0;10.0024;10.0024;10.0024;02-Aug-2008
108779;BANDHAN Liquid Fund-Plan A-Dividend (Daily);INF194K01VC3;INF194K01VB5;10.5819;10.5819;10.5819;02-Aug-2008
108778;BANDHAN Liquid Fund-Plan A-Growth;INF194K01UX1;;14.9722;14.9722;14.9722;02-Aug-2008
108607;BANDHAN Liquid Fund - Plan A-Dividend (Weekly);INF194K01VI0;INF194K01VH2;10.1937;10.1937;10.1937;02-Aug-2008
108781;BANDHAN Liquid Fund - Plan B (G) (Institutional Plan);INF194K01VK6;;15.0506;15.0506;15.0506;02-Aug-2008
108629;BANDHAN Liquid Fund - Plan B - Dividend-Weekly;INF194K01VS9;INF194K01VR1;10.3019;10.3019;10.3019;02-Aug-2008
108681;BANDHAN Liquid Fund - Plan B-Daily-Dividend(Institutional Plan);INF194K01VM2;INF194K01VL4;10.5816;10.5816;10.5816;02-Aug-2008

Baroda BNP Paribas Mutual Fund
101408;Baroda BNP Paribas LIQUID FUND- Defunct Plan -Growth Option;INF955L01575;;14.6416;14.6416;14.6416;02-Aug-2008
101407;Baroda BNP Paribas LIQUID FUND-Defunct Plan- IDCW Option;INF955L01559;INF955L01567;12.5503;12.5503;12.5503;02-Aug-2008
101409;Baroda BNP Paribas LIQUID FUND-Defunct Plan-Daily IDCW Option;INF955L01518;INF955L01526;10.0024;10.0024;10.0024;02-Aug-2008

Canara Robeco Mutual Fund
109349;CANARA ROBECO LIQUID FUND - REGULAR PLAN - DAILY IDCW (Reinvestment);;INF760K01CU3;10.041;10.041;10.041;02-Aug-2008
109353;CANARA ROBECO LIQUID FUND - REGULAR PLAN - GROWTH OPTION;INF760K01CW9;;10.0887;10.0887;10.0887;02-Aug-2008
101363;Canara Robeco Liquid Fund- INSTITUTIONAL-Daily Dividend Reinvestment;;INF760K01CC1;10.041;10.041;10.041;02-Aug-2008
101362;Canara Robeco Liquid Fund- INSTITUTIONAL-Growth;INF760K01CD9;;15.1977;15.1977;15.1977;02-Aug-2008
101361;Canara Robeco Liquid Fund- INSTITUTIONAL-Weekly dividend;;INF760K01CE7;10.041;10.041;10.041;02-Aug-2008
101364;Canara Robeco Liquid Fund-Retail-DRI;;INF760K01CF4;10.041;10.041;10.041;02-Aug-2008
101365;Canara Robeco Liquid Fund-Retail-Growth;INF760K01CH0;;15.1753;15.1753;15.1753;02-Aug-2008

Principal Mutual Fund
100895;Principal Cash Management Fund - Daily Income Distribution CUM Capital Withdrawal;;INF173K01DB7;10.0007;10.0007;10.0007;02-Aug-2008
100897;Principal Cash Management Fund - Monthly Income Distribution CUM Capital Withdrawal Option;INF173K01BV9;INF173K01BW7;10.0552;10.0552;10.0552;02-Aug-2008
100896;Principal Cash Management Fund - Weekly Income Distribution CUM Capital Withdrawal Option;;INF173K01DC5;10.0057;10.0057;10.0057;02-Aug-2008
100898;Principal Cash Management Fund -Growth Option;INF173K01DA9;;12.9938;12.9938;12.9938;02-Aug-2008
100892;Principal Cash Management-Liquid Option-Daily Dividend;;;10.0022;10.0022;10.0022;02-Aug-2008
100887;Principal Cash Management-Liquid Option-Dividend Plan;;;10.1245;10.1245;10.1245;02-Aug-2008
100888;Principal Cash Management-Liquid Option-Growth Plan;;;16.2682;16.2682;16.2682;02-Aug-2008
100894;Principal Cash Management-Liquid Option-Institutional - Daily Dividend Plan;;;10.0022;10.0022;10.0022;02-Aug-2008
100893;Principal Cash Management-Liquid Option-Institutional - Growth Plan;;;13.7064;13.7064;13.7064;02-Aug-2008
100891;Principal Cash Management-Liquid Option-Institutional - Monthly Dividend Plan;;;10.0104;10.0104;10.0104;02-Aug-2008
100890;Principal Cash Management-Liquid Option-Institutional - Weekly Dividend Plan;;;10.0063;10.0063;10.0063;02-Aug-2008
100889;Principal Cash Management-Liquid Option-Monthly Dividend;;;10.0099;10.0099;10.0099;02-Aug-2008

SBI Mutual Fund
105274;SBI Liquid Fund - Institutional - Growth;INF200K01LU1;;13.3588;13.3588;13.3588;02-Aug-2008
105275;SBI Liquid Fund - Institutional Daily Income Distribution cum Capital Withdrawal Option (IDCW);;INF200K01LR7;10.0325;10.0325;10.0325;02-Aug-2008
105279;SBI Liquid Fund - Institutional Fortnightly Income Distribution cum Capital Withdrawal Option (IDCW);INF200K01LS5;INF200K01LT3;10.1378;10.1378;10.1378;02-Aug-2008
105278;SBI Liquid Fund - Institutional Weekly Income Distribution cum Capital Withdrawal Option (IDCW);INF200K01LV9;INF200K01LW7;10.5941;10.5941;10.5941;02-Aug-2008
105281;SBI Liquid Fund - Regular Plan - Daily Income Distribution cum Capital Withdrawal Option (IDCW);;INF200K01LX5;10.0325;10.0325;10.0325;02-Aug-2008
105283;SBI Liquid Fund - Regular Plan - Fortnightly Income Distribution cum Capital Withdrawal Option (IDCW);INF200K01LY3;INF200K01LZ0;0;0;0;02-Aug-2008
105282;SBI Liquid Fund - Regular Plan - Weekly Income Distribution cum Capital Withdrawal Option (IDCW);INF200K01MB9;INF200K01MC7;10.5921;10.5921;10.5921;02-Aug-2008
105280;SBI Liquid Fund - REGULAR PLAN -Growth;INF200K01MA1;;13.2059;13.2059;13.2059;02-Aug-2008

Taurus Mutual Fund
104240;Taurus Liquid Fund-Dividend;INF044D01542;INF044D01559;10.0114;10.0114;10.0114;02-Aug-2008
104241;Taurus Liquid Fund-Growth;INF044D01575;;11.1975;11.1975;11.1975;02-Aug-2008

UTI Mutual Fund
102010;UTI Liquid Fund - Regular Plan - Daily IDCW (Reinvestment);;INF789F01PG3;1019.4457;1019.4457;1019.4457;02-Aug-2008
102011;UTI Liquid Fund - Regular Plan - Monthly IDCW;INF789F01PI9;INF789F01PJ7;1025.4335;1025.4335;1025.4335;02-Aug-2008
102013;UTI Liquid Fund - Regular Plan - Weekly IDCW;;INF789F01PK5;1024.3506;1024.3506;1024.3506;02-Aug-2008
102012;UTI-  Liquid Cash Plan - Regular Plan - Growth Option;INF789F01PH1;;1370.0066;1370.0066;1370.0066;02-Aug-2008
102008;UTI-  Liquid Cash Plan- Discontinued - Regular Plan - Monthly Dividend Option;INF789F01BC2;INF789F01BA6;1045.7857;1045.7857;1045.7857;02-Aug-2008
102009;UTI-  Liquid Cash Plan- Discontinued - Regular Plan -Growth;INF789F01BB4;;1357.693;1357.693;1357.693;02-Aug-2008
102007;UTI-  Liquid Cash Plan- Discontinued -Regular Plan Periodic Dividend Option;;INF789F01AZ5;1039.0415;1039.0415;1039.0415;02-Aug-2008

Open Ended Schemes ( Debt Scheme - Ultra Short Duration Fund )


Principal Mutual Fund
107325;Principal Money Manager Fund-Regular Plan-Daily Dividend Option;;;10.0247;9.9746;10.0748;02-Aug-2008
107331;Principal Money Manager Fund-Regular Plan-Growth Option;;;10.4403;10.3881;10.4925;02-Aug-2008
107327;Principal Money Manager Fund-Regular Plan-Monthly Dividend Option;;;10.44;10.3878;10.4922;02-Aug-2008
107326;Principal Money Manager Fund-Regular Plan-Weekly Dividend Option;;;10.1096;10.0591;10.1601;02-Aug-2008
107329;Principal Ultra Short Term Fund-Daily Income Distribution CUM Capital Withdrawal Option;;INF173K01CV7;10.0247;9.9746;10.0748;02-Aug-2008
107328;Principal Ultra Short Term Fund-Growth Option;INF173K01CU9;;10.4403;10.3881;10.4925;02-Aug-2008
107330;Principal Ultra Short Term Fund-Monthly Income Distribution CUM Capital Withdrawal Option;INF173K01CB9;INF173K01CC7;10.4403;10.3881;10.4925;02-Aug-2008
107332;Principal Ultra Short Term Fund-Weekly Income Distribution CUM Capital Withdrawal Option;;INF173K01CW5;10.1161;10.0655;10.1667;02-Aug-2008

SBI Mutual Fund
105080;SBI Ultra Short Duration Fund - Regular Plan - Daily Income Distribution cum Capital Withdrawal Option (IDCW);;INF200K01LK2;16.7503;16.7503;16.7503;02-Aug-2008
100641;SBI ULTRA SHORT DURATION FUND - REGULAR PLAN - GROWTH;INF200K01LJ4;;18.6313;18.6313;18.6313;02-Aug-2008
103884;SBI Ultra Short Duration Fund - Regular Plan - Weekly Income Distribution cum Capital Withdrawal Option (IDCW);INF200K01LM8;INF200K01LL0;10.7230;10.7230;10.7230;02-Aug-2008

Open Ended Schemes ( Debt Scheme - Low Duration Fund )


Bandhan Mutual Fund
108633;BANDHAN Low Duration Fund - Regular Plan - Daily IDCW;INF194K01FW4;INF194K01FV6;10.0125;10.0125;10.0125;02-Aug-2008
108632;BANDHAN Low Duration Fund - Regular Plan - Growth;INF194K01FU8;;11.6694;11.6694;11.6694;02-Aug-2008
108635;BANDHAN Low Duration Fund - Regular Plan - Monthly IDCW;INF194K01FZ7;INF194K01FY0;10.0053;10.0053;10.0053;02-Aug-2008
108634;BANDHAN Low Duration Fund - Regular Plan - Weekly IDCW;INF194K01GC4;INF194K01GB6;10.0036;10.0036;10.0036;02-Aug-2008

Canara Robeco Mutual Fund
104559;CANARA ROBECO SAVINGS FUND - REGULAR PLAN - DAILY IDCW (Reinvestment);;INF760K01803;10.26;10.26;10.26;02-Aug-2008
102913;CANARA ROBECO SAVINGS FUND - REGULAR PLAN - GROWTH OPTION;INF760K01795;;12.7829;12.7829;12.7829;02-Aug-2008
102914;CANARA ROBECO SAVINGS FUND - REGULAR PLAN - IDCW (Payout/Reinvestment);INF760K01779;INF760K01787;12.2911;12.2911;12.2911;02-Aug-2008
102915;CANARA ROBECO SAVINGS FUND - REGULAR PLAN - WEEKLY IDCW (Payout/Reinvestment);INF760K01CB3;INF760K01811;10.2647;10.2647;10.2647;02-Aug-2008

Open Ended Schemes ( Debt Scheme - Money Market Fund )


Bandhan Mutual Fund
108698;Bandhan Money Market Fund - Daily Dividend;INF194K01MF5;INF194K01ME8;10.0015;10.0015;10.0015;02-Aug-2008
108697;Bandhan Money Market Fund - Growth;INF194K01MD0;;0;0;0;02-Aug-2008
108700;Bandhan Money Market Fund - Monthly Dividend;INF194K01ML3;INF194K01MK5;0;0;0;02-Aug-2008
108701;Bandhan Money Market Fund - Regular Plan - Weekly IDCW;INF194K01LR2;INF194K01LQ4;10.0686;10.0686;10.0686;02-Aug-2008
108699;Bandhan Money Market Fund - Weekly Dividend;INF194K01MI9;INF194K01MH1;0;0;0;02-Aug-2008
108650;BANDHAN Money Market Fund - Regular Plan - Daily IDCW;INF194K01LL5;INF194K01LK7;10.0699;10.0699;10.0699;02-Aug-2008
108756;BANDHAN Money Market Fund - Regular Plan - Growth;INF194K01LJ9;;13.4215;13.4215;13.4215;02-Aug-2008
108757;BANDHAN Money Market Fund - Regular Plan - Monthly IDCW;INF194K01LO9;INF194K01LN1;10.0310;10.0310;10.0310;02-Aug-2008

UTI Mutual Fund
100724;UTI MMF- Discontinued - Regular Plan - Flexi Dividend Option;;INF789F01BD0;18.168;18.168;18.168;02-Aug-2008
100725;UTI MMF- Discontinued - Regular Plan - Periodic Dividend Option;INF789F01BE8;;18.0529;18.0529;18.0529;02-Aug-2008
100723;UTI MMF-Discontinued - Regular Plan -Growth;INF789F01BF5;;23.2566;23.2566;23.2566;02-Aug-2008

Open Ended Schemes ( Debt Scheme - Credit Risk Fund )


Principal Mutual Fund
102729;Principal Credit Risk Fund - Regular Plan - Growth Option;INF173K01DM4;;13.0405;13.0405;13.0405;02-Aug-2008
102732;Principal Credit Risk Fund - Regular Plan - Monthly Dividend Option;INF173K01BJ4;INF173K01BK2;11.035;11.035;11.035;02-Aug-2008
102726;Principal Floating Rate Fund - SMP-Daily Dividend;;;10.0007;10.0007;10.0007;02-Aug-2008
102725;Principal Floating Rate Fund - SMP-Growth;;;12.9838;12.9838;12.9838;02-Aug-2008
102730;Principal Floating Rate Fund - SMP-Insti. Daily Dividend;;;10.0007;10.0007;10.0007;02-Aug-2008
102731;Principal Floating Rate Fund - SMP-Insti. Weekly Dividend;;;10.0055;10.0055;10.0055;02-Aug-2008
102728;Principal Floating Rate Fund - SMP-Monthly Dividend;;;10.5372;10.5372;10.5372;02-Aug-2008
102727;Principal Floating Rate Fund - SMP-Weekly Dividend;;;10.0055;10.0055;10.0055;02-Aug-2008
