Scheme Code;Scheme Name;ISIN Div Payout/ISIN Growth;ISIN Div Reinvestment;Net Asset Value;Repurchase Price;Sale Price;Date

Open Ended Schemes ( Debt Scheme - Overnight Fund )


Aditya Birla Sun Life Mutual Fund
145488;ADITYA BIRLA SUN LIFE OVERNIGHT FUND-  Direct - Monthly Payout of IDCW;INF209KB1ZL4;;1000.2108;;;29-Apr-2023
145489;ADITYA BIRLA SUN LIFE OVERNIGHT FUND-  Direct - Weekly Reinvestment of IDCW;;INF209KB1ZJ8;1000.2001;;;29-Apr-2023
145482;ADITYA BIRLA SUN LIFE OVERNIGHT FUND-  Regular - Weekly Reinvestment of IDCW option;;INF209KB1ZE9;1000.2079;;;29-Apr-2023
145487;ADITYA BIRLA SUN LIFE OVERNIGHT FUND- Direct - Daily Reinvestment of IDCW;;INF209KB1ZI0;1000.2107;;;29-Apr-2023
145483;ADITYA BIRLA SUN LIFE OVERNIGHT FUND- Regular - Daily Reinvestment of IDCW;;INF209KB1ZD1;1000.208;;;29-Apr-2023
145485;ADITYA BIRLA SUN LIFE OVERNIGHT FUND- Regular- Monthly Payout of IDCW option;INF209KB1ZG4;;1000.2077;;;29-Apr-2023
145486;ADITYA BIRLA SUN LIFE OVERNIGHT FUND-DIRECT PLAN-GROWTH;INF209KB1ZH2;;1218.7504;;;29-Apr-2023
145481;ADITYA BIRLA SUNLIFE OVERNIGHT FUND-REGULAR PLAN-GROWTH;INF209KB1ZC3;;1212.2698;;;29-Apr-2023

Axis Mutual Fund
146679;Axis Overnight Fund - Direct Plan - Daily IDCW;;INF846K01N99;1000.5073;;;29-Apr-2023
146675;Axis Overnight Fund - Direct Plan - Growth Option;INF846K01N65;;1191.7476;;;29-Apr-2023
146677;Axis Overnight Fund - Direct Plan - Monthly IDCW;INF846K01N73;INF846K01N81;1001.5775;;;29-Apr-2023
146676;Axis Overnight Fund - Direct Plan - Weekly IDCW;INF846K01N40;INF846K01N57;1001.6168;;;29-Apr-2023
146682;Axis Overnight Fund - Regular Plan - Daily IDCW;;INF846K01O56;1000.5032;;;29-Apr-2023
146678;Axis Overnight Fund - Regular Plan - Growth Option;INF846K01O23;;1188.8273;;;29-Apr-2023
146681;Axis Overnight Fund - Regular Plan - Monthly IDCW;INF846K01O31;INF846K01O49;1001.5627;;;29-Apr-2023
146680;Axis Overnight Fund - Regular Plan - Weekly IDCW;INF846K01O07;INF846K01O15;1001.5785;;;29-Apr-2023

Bandhan Mutual Fund
146190;BANDHAN Overnight Fund - Direct Plan - Daily IDCW;INF194KB1462;INF194KB1470;1000.1829;;;29-Apr-2023
146191;BANDHAN Overnight Fund - Direct Plan - Growth;INF194KB1447;;1201.7945;;;29-Apr-2023
146183;BANDHAN Overnight Fund - Direct Plan - Monthly IDCW;INF194KB1496;INF194KB1504;1000.3725;;;29-Apr-2023
146184;BANDHAN Overnight Fund - Direct Plan - Periodic IDCW;INF194KB1520;INF194KB1538;1094.8208;;;29-Apr-2023
146192;BANDHAN Overnight Fund - Direct Plan - Weekly IDCW;INF194KB1553;INF194KB1561;1000.1084;;;29-Apr-2023
146188;BANDHAN Overnight Fund - Regular Plan - Daily IDCW;INF194KB1330;INF194KB1348;1000.1801;;;29-Apr-2023
146187;BANDHAN Overnight Fund - Regular Plan - Growth;INF194KB1314;;1196.0072;;;29-Apr-2023
146185;BANDHAN Overnight Fund - Regular Plan - Monthly IDCW;INF194KB1363;INF194KB1371;1000.3657;;;29-Apr-2023
146189;BANDHAN Overnight Fund - Regular Plan - Weekly IDCW;INF194KB1421;INF194KB1439;1001.1214;;;29-Apr-2023
146186;BANDHAN Overnight Fund - REGULAR PLAN PERIODIC IDCW;INF194KB1397;INF194KB1405;1094.3321;;;29-Apr-2023

Bank of India Mutual Fund
147951;BANK OF INDIA Overnight Fund Direct Plan Growth;INF761K01EU7;;1141.7663;;;29-Apr-2023
147952;BANK OF INDIA Overnight Fund Direct Plan- Daily IDCW;;INF761K01EV5;1000.0024;;;29-Apr-2023
147948;BANK OF INDIA Overnight Fund Direct Plan- Monthly IDCW;INF761K01EY9;INF761K01EX1;1000.5498;;;29-Apr-2023
147950;BANK OF INDIA Overnight Fund Direct Plan- Weekly IDCW;;INF761K01EW3;1000.9161;;;29-Apr-2023
147936;BANK OF INDIA Overnight Fund Regular Plan Growth;INF761K01EZ6;;1139.1341;;;29-Apr-2023
147953;BANK OF INDIA Overnight Fund Regular Plan- Daily IDCW;;INF761K01FA6;1000.0030;;;29-Apr-2023
147949;BANK OF INDIA Overnight Fund Regular Plan- Monthly IDCW;INF761K01FD0;INF761K01FC2;1000.5486;;;29-Apr-2023
149412;BANK OF INDIA Overnight Fund Unclaimed IDCW Plan - Greater than 3 Years;;;1000.0000;;;29-Apr-2023
149414;BANK OF INDIA Overnight Fund Unclaimed IDCW Plan - Up to 3 Years;;;1073.5787;;;29-Apr-2023
149415;BANK OF INDIA Overnight Fund Unclaimed Redemption Plan - Greater than 3 Years;;;1000.0000;;;29-Apr-2023
149413;BANK OF INDIA Overnight Fund Unclaimed Redemption Plan - Upto 3 Years;;;1073.4944;;;29-Apr-2023

Baroda BNP Paribas Mutual Fund
147197;Baroda BNP Paribas Overnight Fund - Direct Plan - Daily IDCW;;INF955L01HW2;1000.0028;;;29-Apr-2023
147196;Baroda BNP Paribas Overnight Fund - Direct Plan - Growth;INF955L01HV4;;1183.3630;;;29-Apr-2023
147195;Baroda BNP Paribas Overnight Fund - Direct Plan - Weekly IDCW;;INF955L01HX0;1000.8413;;;29-Apr-2023
149988;Baroda BNP Paribas Overnight Fund - Plan C - Unclaimed IDCW - Greater than 3 years;;;1000.0000;;;29-Apr-2023
149991;Baroda BNP Paribas Overnight Fund - Plan C - Unclaimed IDCW - Up to 3 years;;;1061.7205;;;29-Apr-2023
149990;Baroda BNP Paribas Overnight Fund - Plan C - Unclaimed Redemption - Greater than 3 years;;;1000.0000;;;29-Apr-2023
149989;Baroda BNP Paribas Overnight Fund - Plan C - Unclaimed Redemption - Up to 3 years;;;1061.7204;;;29-Apr-2023
147194;Baroda BNP Paribas Overnight Fund - Regular Plan - Daily IDCW;;INF955L01HT8;1000.0018;;;29-Apr-2023
147193;Baroda BNP Paribas Overnight Fund - Regular Plan - Growth;INF955L01HS0;;1180.6653;;;29-Apr-2023
147198;Baroda BNP Paribas Overnight Fund - Regular Plan - Weekly IDCW;;INF955L01HU6;1000.8177;;;29-Apr-2023

Canara Robeco Mutual Fund
147532;CANARA ROBECO OVERNIGHT FUND - DIRECT PLAN - DAILY IDCW (Reinvestment);;INF760K01JN3;1001.0007;;;29-Apr-2023
147531;CANARA ROBECO OVERNIGHT FUND - DIRECT PLAN - GROWTH OPTION;INF760K01JM5;;1166.1379;;;29-Apr-2023
147533;CANARA ROBECO OVERNIGHT FUND - REGULAR PLAN - DAILY IDCW (Reinvestment);;INF760K01JP8;1001.0000;;;29-Apr-2023
147534;CANARA ROBECO OVERNIGHT FUND - REGULAR PLAN - GROWTH OPTION;INF760K01JO1;;1165.2623;;;29-Apr-2023

Edelweiss Mutual Fund
147551;Edelweiss Overnight Fund - Direct Plan - Annual - IDCW Option;INF754K01KD5;INF754K01KC7;1167.7303;;;29-Apr-2023
147557;Edelweiss Overnight Fund - Direct Plan - Daily - IDCW Option;;INF754K01JW7;1000.0311;;;29-Apr-2023
147570;Edelweiss Overnight Fund - Direct Plan - Growth;INF754K01JV9;;1167.3136;;;29-Apr-2023
147554;Edelweiss Overnight Fund - Direct Plan - Monthly - IDCW Option;INF754K01KB9;INF754K01KA1;1058.2551;;;29-Apr-2023
147556;Edelweiss Overnight Fund - Regular Plan - Annual - IDCW Option;INF754K01KM6;INF754K01KL8;1164.7608;;;29-Apr-2023
147552;Edelweiss Overnight Fund - Regular Plan - Daily - IDCW Option;;INF754K01KF0;1008.123;;;29-Apr-2023
147549;Edelweiss Overnight Fund - Regular Plan - Fortnightly - IDCW Option;INF754K01KI4;INF754K01KH6;1095.2083;;;29-Apr-2023
147569;Edelweiss Overnight Fund - Regular Plan - Growth;INF754K01KE3;;1164.7608;;;29-Apr-2023
147555;Edelweiss Overnight Fund - Regular Plan - Monthly - IDCW Option;INF754K01KK0;INF754K01KJ2;1004.5678;;;29-Apr-2023
147553;Edelweiss Overnight Fund - Regular Plan - Weekly - IDCW Option;;INF754K01KG8;1016.7337;;;29-Apr-2023
149476;Edelweiss Overnight Fund - Unclaimed IDCW Plan - Above 3 years;;;1000;;;29-Apr-2023
149477;Edelweiss Overnight Fund - Unclaimed IDCW Plan - Upto 3 years;;;1068.0275;;;29-Apr-2023
149479;Edelweiss Overnight Fund - Unclaimed Redemption Plan - Above 3 years;;;1000;;;29-Apr-2023
149478;Edelweiss Overnight Fund - Unclaimed Redemption Plan - Upto 3 years;;;1068.0276;;;29-Apr-2023

Franklin Templeton Mutual Fund
147213;Franklin India Overnight fund- Growth;INF090I01SO8;;1173.6533;;;29-Apr-2023
147214;Franklin India Overnight Fund- Growth - Direct;INF090I01SS9;;1176.1729;;;29-Apr-2023

Groww Mutual Fund
147458;Groww Overnight Fund (formerly known as Indiabulls Overnight Fund)- Direct Plan- - Income Distribution cum capital withdrawal Option ( Reinvestment);;INF666M01GM6;1000.9998;;;29-Apr-2023
147450;Groww Overnight Fund (formerly known as Indiabulls Overnight Fund)- Direct Plan- Growth Option;INF666M01GL8;;1164.6832;;;29-Apr-2023
147453;Groww Overnight Fund (formerly known as Indiabulls Overnight Fund)- Direct Plan- Monthly - Income Distribution cum capital withdrawal Option (Payout & Reinvestment);INF666M01GR5;INF666M01GS3;1006.0607;;;29-Apr-2023
147455;Groww Overnight Fund (formerly known as Indiabulls Overnight Fund)- Regular Plan- - Income Distribution cum capital withdrawal Option ( Reinvestment);;INF666M01GU9;1001.0085;;;29-Apr-2023
147457;Groww Overnight Fund (formerly known as Indiabulls Overnight Fund)- Regular Plan- Fortnightly - Income Distribution cum capital withdrawal Option (Payout & Reinvestment);INF666M01GX3;INF666M01GY1;1001.5156;;;29-Apr-2023
147454;Groww Overnight Fund (formerly known as Indiabulls Overnight Fund)- Regular Plan- Growth Option;INF666M01GT1;;1160.7408;;;29-Apr-2023
147459;Groww Overnight Fund (formerly known as Indiabulls Overnight Fund)- Regular Plan- Monthly - Income Distribution cum capital withdrawal Option (Payout & Reinvestment);INF666M01GZ8;INF666M01HA9;1006.0719;;;29-Apr-2023
147456;Groww Overnight Fund (formerly known as Indiabulls Overnight Fund)- Regular Plan- Weekly - Income Distribution cum capital withdrawal Option (Payout & Reinvestment);INF666M01GV7;INF666M01GW5;1001.6559;;;29-Apr-2023
149394;Groww Overnight Fund (formerly known as Indiabulls Overnight Fund)- Unclaimed Dividend < 3 years;;;1070.2583;;;29-Apr-2023
149393;Groww Overnight Fund (formerly known as Indiabulls Overnight Fund)- Unclaimed Dividend > 3 Years;;;1069.451;;;29-Apr-2023
149396;Groww Overnight Fund (formerly known as Indiabulls Overnight Fund)- Unclaimed Redemption < 3 Years;;;1068.0489;;;29-Apr-2023
149395;Groww Overnight Fund (formerly known as Indiabulls Overnight Fund)- Unclaimed Redemption > 3 Years;;;1069.8618;;;29-Apr-2023

HDFC Mutual Fund
101996;HDFC Overnight Fund - Growth Option;INF179KB1HS3;;3319.2649;;;29-Apr-2023
119110;HDFC Overnight Fund - Growth Option - Direct Plan;INF179KB1HT1;;3345.5989;;;29-Apr-2023

Invesco Mutual Fund
147884;Invesco India Overnight Fund - Direct Plan - Daily IDCW (Reinvestment);;INF205KA1122;1000.5109;;;29-Apr-2023
147883;Invesco India Overnight Fund - Direct Plan - Growth;INF205KA1163;;1138.5791;;;29-Apr-2023
147886;Invesco India Overnight Fund - Direct Plan - Monthly IDCW (Payout / Reinvestment);INF205KA1155;INF205KA1148;1000.4121;;;29-Apr-2023
147885;Invesco India Overnight Fund - Direct Plan - Weekly IDCW (Reinvestment);;INF205KA1130;1000.9691;;;29-Apr-2023
147880;Invesco India Overnight Fund - Regular Plan - Daily IDCW (Reinvestment);;INF205KA1072;1000.1316;;;29-Apr-2023
147878;Invesco India Overnight Fund - Regular Plan - Growth;INF205KA1114;;1136.3149;;;29-Apr-2023
147879;Invesco India Overnight Fund - Regular Plan - Monthly IDCW (Payout / Reinvestment);INF205KA1106;INF205KA1098;1000.4196;;;29-Apr-2023
147881;Invesco India Overnight Fund - Regular Plan - Weekly IDCW (Reinvestment);;INF205KA1080;1000.9187;;;29-Apr-2023

ITI Mutual Fund
147707;ITI Overnight Fund - Direct Plan - Annual IDCW Option;INF00XX01648;INF00XX01614;1140.9535;;;29-Apr-2023
147710;ITI Overnight Fund - Direct Plan - Fortnightly IDCW Option;INF00XX01622;INF00XX01598;1001.5235;;;29-Apr-2023
147713;ITI Overnight Fund - Direct Plan - Growth Option;INF00XX01564;;1147.8956;;;29-Apr-2023
147717;ITI Overnight Fund - Direct Plan - Monthly IDCW Option;INF00XX01630;INF00XX01606;1001.5208;;;29-Apr-2023
147711;ITI Overnight Fund - Direct Plan - Weekly IDCW option;;INF00XX01580;1001.7033;;;29-Apr-2023
147715;ITI Overnight Fund - Regular Plan - Annual IDCW Option;INF00XX01556;INF00XX01523;1072.4811;;;29-Apr-2023
147709;ITI Overnight Fund - Regular Plan - Daily IDCW Option;;INF00XX01481;1001.0000;;;29-Apr-2023
147716;ITI Overnight Fund - Regular Plan - Fortnightly IDCW Option;INF00XX01531;INF00XX01507;1001.5428;;;29-Apr-2023
147714;ITI Overnight Fund - Regular Plan - Growth Option;INF00XX01473;;1143.7644;;;29-Apr-2023
147718;ITI Overnight Fund - Regular Plan - Monthly IDCW Option;INF00XX01549;INF00XX01515;1001.5155;;;29-Apr-2023
147712;ITI Overnight Fund - Regular Plan - Weekly IDCW Option;;INF00XX01499;1001.6937;;;29-Apr-2023

LIC Mutual Fund
147516;LIC MF Overnight Fund-Direct Plan-Daily IDCW;;INF767K01QG7;1064.9461;;;29-Apr-2023
147515;LIC MF Overnight Fund-Direct Plan-Growth;INF767K01QI3;;1168.121;;;29-Apr-2023
147513;LIC MF Overnight Fund-Direct Plan-IDCW;INF767K01QE2;INF767K01QF9;1167.852;;;29-Apr-2023
147514;LIC MF Overnight Fund-Direct Plan-Weekly IDCW;;INF767K01QH5;1001.3175;;;29-Apr-2023
147517;LIC MF Overnight Fund-Regular Plan-Daily IDCW;;INF767K01QB8;1044.7352;;;29-Apr-2023
147519;LIC MF Overnight Fund-Regular Plan-Growth;INF767K01QD4;;1162.3845;;;29-Apr-2023
147518;LIC MF Overnight Fund-Regular Plan-Weekly IDCW;;INF767K01QC6;1046.2999;;;29-Apr-2023

Mahindra Manulife Mutual Fund
147563;Mahindra Manulife Overnight Fund - Direct Plan - Daily IDCW;;INF174V01846;1169.5244;;;29-Apr-2023
147564;Mahindra Manulife Overnight Fund - Direct Plan -Growth;INF174V01838;;1166.5557;;;29-Apr-2023
147566;Mahindra Manulife Overnight Fund - Regular Plan - Daily IDCW;;INF174V01820;1128.6546;;;29-Apr-2023
147565;Mahindra Manulife Overnight Fund - Regular Plan - Growth;INF174V01812;;1162.1026;;;29-Apr-2023
149471;Mahindra Manulife Overnight Fund - Unclaimed Redemption/IDCW beyond 3 years;;;1000.0000;;;29-Apr-2023
149470;Mahindra Manulife Overnight Fund - Unclaimed Redemption/IDCW upto 3 years;;;1069.7878;;;29-Apr-2023

Nippon India Mutual Fund
145830;NIPPON INDIA OVERNIGHT FUND - DAILY IDCW Option;;INF204KB1Q73;100.0233;;;29-Apr-2023
145812;NIPPON INDIA OVERNIGHT FUND - DIRECT Plan - DAILY IDCW Option;;INF204KB1R49;100.0236;;;29-Apr-2023
145810;Nippon India Overnight Fund - Direct Plan - Growth Option;INF204KB1R31;;120.9931;;;29-Apr-2023
145824;NIPPON INDIA OVERNIGHT FUND - DIRECT Plan - MONTHLY IDCW Option;INF204KB1R64;INF204KB1R72;100.1952;;;29-Apr-2023
145825;NIPPON INDIA OVERNIGHT FUND - DIRECT Plan - QUARTERLY IDCW Option;INF204KB1R80;INF204KB1R98;101.0753;;;29-Apr-2023
145823;NIPPON INDIA OVERNIGHT FUND - DIRECT Plan - WEEKLY IDCW Option;;INF204KB1R56;100.0236;;;29-Apr-2023
145827;NIPPON INDIA OVERNIGHT FUND - MONTHLY IDCW Option;INF204KB1Q99;INF204KB1R07;100.1852;;;29-Apr-2023
145833;NIPPON INDIA OVERNIGHT FUND - QUARTERLY IDCW Option;INF204KB1R15;INF204KB1R23;101.0608;;;29-Apr-2023
145811;Nippon India Overnight Fund - Regular Plan - Growth Option;INF204KB1Q65;;120.4798;;;29-Apr-2023
145826;NIPPON INDIA OVERNIGHT FUND - WEEKLY IDCW Option;;INF204KB1Q81;100.0234;;;29-Apr-2023

PGIM India Mutual Fund
147605;PGIM India Overnight Fund - Direct Plan - Daily Dividend Option;;INF663L01T35;1000.0063;;;29-Apr-2023
147606;PGIM India Overnight Fund - Direct Plan - Growth Option;INF663L01T01;;1163.062;;;29-Apr-2023
147608;PGIM India Overnight Fund - Direct Plan - Weekly Dividend Option;INF663L01T19;INF663L01T27;1000.2593;;;29-Apr-2023
147609;PGIM India Overnight Fund - Regular Plan - Daily Dividend Option;;INF663L01T76;1000;;;29-Apr-2023
147607;PGIM India Overnight Fund - Regular Plan - Weekly Dividend Option;INF663L01T50;INF663L01T68;1000.1811;;;29-Apr-2023
147600;PGIM India Overnight Fund - Regular Plan- Growth Option;INF663L01T43;;1159.497;;;29-Apr-2023

Samco Mutual Fund
150631;Samco Overnight Fund - Direct Plan - Growth Option;INF0K1H01040;;1034.7879;;;29-Apr-2023
150632;Samco Overnight Fund - Regular Plan - Growth Option;INF0K1H01032;;1033.6497;;;29-Apr-2023

SBI Mutual Fund
119831;SBI Overnight Fund - Direct Plan - Daily Income Distribution cum Capital Withdrawal Option (IDCW);;INF200K01TJ7;1138.5270;;;29-Apr-2023
119833;SBI OVERNIGHT FUND - DIRECT PLAN - GROWTH;INF200K01TK5;;3668.0909;;;29-Apr-2023
119832;SBI Overnight Fund - Direct Plan - Weekly Income Distribution cum Capital Withdrawal Option (IDCW);INF200K01TL3;INF200K01TM1;1162.6028;;;29-Apr-2023
114297;SBI Overnight Fund - Regular Plan - Daily Income Distribution cum Capital Withdrawal Option (IDCW);;INF200K01LN6;1135.8787;;;29-Apr-2023
101206;SBI OVERNIGHT FUND - REGULAR PLAN - GROWTH;INF200K01LQ9;;3626.7230;;;29-Apr-2023
103140;SBI Overnight Fund - Regular Plan - Weekly Income Distribution cum Capital Withdrawal Option (IDCW);INF200K01LO4;INF200K01LP1;1159.8254;;;29-Apr-2023

Shriram Mutual Fund
150562;Shriram Overnight Fund -  Direct Growth;INF680P01323;;10.4261;;;29-Apr-2023
150561;Shriram Overnight Fund - Direct Daily IDCW;;INF680P01331;10.0000;;;29-Apr-2023
150558;Shriram Overnight Fund - Regular Daily IDCW;;INF680P01257;10.0000;;;29-Apr-2023
150565;Shriram Overnight Fund - Regular Growth;INF680P01232;;10.4192;;;29-Apr-2023
150560;Shriram Overnight Fund - Regular Monthly IDCW;INF680P01307;INF680P01315;10.0213;;;29-Apr-2023
150559;Shriram Overnight Fund - Regular Weekly IDCW;INF680P01265;INF680P01273;10.0090;;;29-Apr-2023

Sundaram Mutual Fund
146964;Sundaram Overnight Fund Direct Plan - Daily Reinvestment of Income Distribution cum Capital Withdrawal (IDCW);INF903JA1HJ9;;1000.2161;;;29-Apr-2023
146956;Sundaram Overnight Fund Direct Plan - Fortnightly Reinvestment of Income Distribution cum Capital Withdrawal (IDCW);INF903JA1HL5;;1063.7712;;;29-Apr-2023
146963;Sundaram Overnight Fund Direct Plan - Growth;INF903JA1HG5;;1197.4375;;;29-Apr-2023
146962;Sundaram Overnight Fund Direct Plan - Monthly Payout of Income Distribution cum Capital Withdrawal (IDCW);INF903JA1HH3;;1044.6231;;;29-Apr-2023
146957;Sundaram Overnight Fund Direct Plan - Monthly Reinvestment of Income Distribution cum Capital Withdrawal (IDCW);INF903JA1HM3;;1044.6231;;;29-Apr-2023
146955;Sundaram Overnight Fund Direct Plan - Weekly Reinvestment of Income Distribution cum Capital Withdrawal (IDCW);INF903JA1HK7;;1048.5007;;;29-Apr-2023
146953;Sundaram Overnight Fund Regular Plan - Daily Reinvestment of Income Distribution cum Capital Withdrawal (IDCW);INF903JA1HC4;;1000.2118;;;29-Apr-2023
146958;Sundaram Overnight Fund Regular Plan - Fortnightly Reinvestment of Income Distribution cum Capital Withdrawal (IDCW);INF903JA1HE0;;1065.1928;;;29-Apr-2023
146959;Sundaram Overnight Fund Regular Plan - Growth;INF903JA1GZ7;;1192.6358;;;29-Apr-2023
146960;Sundaram Overnight Fund Regular Plan - Monthly Payout of Income Distribution cum Capital Withdrawal (IDCW);INF903JA1HA8;;1040.8800;;;29-Apr-2023
146961;Sundaram Overnight Fund Regular Plan - Monthly Reinvestment of Income Distribution cum Capital Withdrawal (IDCW);INF903JA1HF7;;1040.8800;;;29-Apr-2023
146954;Sundaram Overnight Fund Regular Plan - Weekly Payout of Income Distribution cum Capital Withdrawal (IDCW);INF903JA1HD2;;1047.4180;;;29-Apr-2023
149820;Sundaram Overnight Fund Unclaimed IDCW beyond three years;INF903JA1KX4;;1000.0000;;;29-Apr-2023
149821;Sundaram Overnight Fund Unclaimed IDCW upto three years;INF903JA1KZ9;;1066.5605;;;29-Apr-2023
149819;Sundaram Overnight Fund Unclaimed Redemption  beyond three years;INF903JA1KY2;;1000.0000;;;29-Apr-2023
149818;Sundaram Overnight Fund Unclaimed Redemption upto three years;INF903JA1LA0;;1066.5502;;;29-Apr-2023

Tata Mutual Fund
146978;TATA Overnight Fund Direct Plan - Daily Reinvestment of Income Distribution cum capital withdrawal option   ;;INF277K019T3;1000.0000;;;29-Apr-2023
146979;TATA Overnight Fund Regular Plan - Daily Reinvestment of Income Distribution cum capital withdrawal option   ;;INF277K017T7;1000.0000;;;29-Apr-2023
146980;Tata Overnight Fund-Direct Plan-Growth;INF277K018T5;;1188.7301;;;29-Apr-2023
146977;Tata Overnight Fund-Regular Plan-Growth;INF277K016T9;;1183.5298;;;29-Apr-2023

Union Mutual Fund
147002;Union Overnight Fund - Direct Plan - Daily IDCW Option;;INF582M01FB0;1000.7630;;;29-Apr-2023
147003;Union Overnight Fund - Direct Plan - Growth Option;INF582M01FA2;;1186.3868;;;29-Apr-2023
147006;Union Overnight Fund - Direct Plan - Monthly IDCW Option;INF582M01FG9;INF582M01FE4;1001.3029;;;29-Apr-2023
146998;Union Overnight Fund - Regular Plan - Daily IDCW Option;;INF582M01FK1;1001.1199;;;29-Apr-2023
146997;Union Overnight Fund - Regular Plan - Growth Option;INF582M01FJ3;;1181.6258;;;29-Apr-2023
147000;Union Overnight Fund - Regular Plan - Monthly IDCW Option;INF582M01FP0;INF582M01FN5;1001.2774;;;29-Apr-2023
149451;Union Overnight Fund - Unclaimed Amounts Plan - IDCW Beyond 3 years;;;1000.0000;;;29-Apr-2023
149452;Union Overnight Fund - Unclaimed Amounts Plan - IDCW Upto 3 years;;;1069.5527;;;29-Apr-2023
149453;Union Overnight Fund - Unclaimed Amounts Plan - Redemption Beyond 3 years;;;1000.0000;;;29-Apr-2023
149454;Union Overnight Fund - Unclaimed Amounts Plan - Redemption Upto 3 years;;;1069.5782;;;29-Apr-2023

UTI Mutual Fund
100814;UTI - Overnight  Fund - Regular Plan - Growth Option;INF789F01604;;3054.6153;;;29-Apr-2023
120785;UTI - Overnight Fund - Direct Plan - Growth Option;INF789FB1S71;;3084.4018;;;29-Apr-2023
124266;UTI Overnight Fund - Direct Plan - Daily IDCW;;INF789FB1S89;1371.6621;;;29-Apr-2023
120786;UTI Overnight Fund - Direct Plan - Periodic IDCW;INF789FB1T05;INF789FB1S97;1618.7338;;;29-Apr-2023
124265;UTI Overnight Fund - Regular Plan - Daily IDCW;;INF789FB1T13;1370.8617;;;29-Apr-2023
100813;UTI Overnight Fund - Regular Plan - Periodic IDCW;INF789F01588;INF789F01596;1573.6308;;;29-Apr-2023

Open Ended Schemes ( Debt Scheme - Liquid Fund )


Aditya Birla Sun Life Mutual Fund
100047;Aditya Birla Sun Life Liquid Fund - Growth;INF209K01RU9;;361.7649;;;29-Apr-2023
119568;Aditya Birla Sun Life Liquid Fund - Growth - Direct Plan;INF209K01VA3;;365.1063;;;29-Apr-2023
100046;Aditya Birla Sun Life Liquid Fund -Daily IDCW;INF209K01KQ2;INF209K01SQ5;100.2137;;;29-Apr-2023
119569;Aditya Birla Sun Life Liquid Fund -Direct - daily IDCW;INF209K01UZ2;;100.2141;;;29-Apr-2023
119571;Aditya Birla Sun Life Liquid Fund -DIRECT - IDCW;INF209K01VD7;;198.2239;;;29-Apr-2023
119570;Aditya Birla Sun Life Liquid Fund -Direct - weekly IDCW;INF209K01VC9;;100.2441;;;29-Apr-2023
100041;Aditya Birla Sun Life Liquid Fund -Institutional - IDCW;;INF209K01KN9;108.044;;;29-Apr-2023
100048;Aditya Birla Sun Life Liquid Fund -Institutional - weekly  IDCW;INF209KA1LK7;INF209K01KY6;108.0948;;;29-Apr-2023
103885;Aditya Birla Sun Life Liquid Fund -Regular - IDCW;INF209KA1LI1;;151.3722;;;29-Apr-2023
100044;Aditya Birla Sun Life Liquid Fund -Retail - IDCW;;INF209K01KP4;163.7249;;;29-Apr-2023
100051;Aditya Birla Sun Life Liquid Fund -weekly IDCW;INF209K01KU4;INF209KA1LJ9;100.2441;;;29-Apr-2023
112014;Aditya Birla Sun Life Liquid Fund- Discipline Advantage Plan;INF209K01KZ3;;243.3333;;;29-Apr-2023
100043;Aditya Birla Sun Life Liquid Fund-Institutional (Growth);INF209K01RT1;;602.4534;;;29-Apr-2023
100042;Aditya Birla Sun Life Liquid Fund-Retail (Growth);INF209K01ME4;;587.0682;;;29-Apr-2023

Axis Mutual Fund
120388;Axis Liquid Fund - Direct Plan - Daily IDCW;;INF846K01DA0;1000.9560;;;29-Apr-2023
120389;Axis Liquid Fund - Direct Plan - Growth Option;INF846K01CX4;;2514.7972;;;29-Apr-2023
120391;Axis Liquid Fund - Direct Plan - Monthly IDCW;INF846K01CY2;INF846K01CZ9;1001.3712;;;29-Apr-2023
120390;Axis Liquid Fund - Direct Plan - Weekly IDCW;INF846K01DB8;INF846K01DC6;1002.9155;;;29-Apr-2023
112211;Axis Liquid Fund - Regular Plan - Daily IDCW;;INF846K01420;1001.3998;;;29-Apr-2023
112210;Axis Liquid Fund - Regular Plan - Growth Option;INF846K01412;;2497.8297;;;29-Apr-2023
112213;Axis Liquid Fund - Regular Plan - Monthly IDCW;INF846K01453;INF846K01461;1001.9541;;;29-Apr-2023
112212;Axis Liquid Fund - Regular Plan - Weekly IDCW;INF846K01438;INF846K01446;1002.9057;;;29-Apr-2023
112712;Axis Liquid Fund - Retail Plan - Daily IDCW;;INF846K01362;1000.9559;;;29-Apr-2023
112713;Axis Liquid Fund - Retail Plan - Growth Option;INF846K01354;;2312.1750;;;29-Apr-2023
112714;Axis Liquid Fund - Retail Plan - Monthly IDCW;INF846K01396;INF846K01404;1001.3133;;;29-Apr-2023
112715;Axis Liquid Fund - Retail Plan - Weekly IDCW;INF846K01370;INF846K01388;1001.4283;;;29-Apr-2023

Bandhan Mutual Fund
108692;BANDHAN LIQUID Fund - Regular Plan - Daily IDCW;INF194K01VZ4;INF194K01VY7;1001.2705;;;29-Apr-2023
108690;BANDHAN LIQUID Fund - Regular Plan - Growth;INF194K01VX9;;2715.1197;;;29-Apr-2023
108693;BANDHAN LIQUID Fund - Regular Plan - Monthly IDCW;INF194K01WF4;INF194K01WE7;1000.6643;;;29-Apr-2023
115489;BANDHAN LIQUID Fund - Regular Plan - Periodic IDCW;INF194K01WC1;INF194K01WB3;1172.2314;;;29-Apr-2023
108691;BANDHAN LIQUID Fund - Regular Plan - Weekly IDCW;INF194K01WI8;INF194K01WH0;1001.2733;;;29-Apr-2023
139582;BANDHAN LIQUID Fund - Unclaimed IDCW Less than 3 years;INF194KA14C0;;1.4561;;;29-Apr-2023
139583;BANDHAN LIQUID Fund - Unclaimed IDCW More than 3 years;INF194KA15C7;;1.0000;;;29-Apr-2023
139584;BANDHAN LIQUID Fund - Unclaimed Redemption Less than 3 years;INF194KA12C4;;1.4561;;;29-Apr-2023
139585;BANDHAN LIQUID Fund - Unclaimed Redemption More than 3 years;INF194KA13C2;;1.0000;;;29-Apr-2023
118365;BANDHAN LIQUID Fund -Direct Plan -Monthly IDCW;INF194K01J36;INF194K01J28;1007.3872;;;29-Apr-2023
118367;BANDHAN LIQUID Fund -Direct Plan -Weekly IDCW;INF194KB1JT8;INF194K01J51;1007.1493;;;29-Apr-2023
118366;BANDHAN LIQUID Fund -Direct Plan-Daily IDCW;;INF194K01I78;1001.8558;;;29-Apr-2023
118364;BANDHAN LIQUID Fund -Direct Plan-Growth;INF194K01I60;;2733.6602;;;29-Apr-2023
118363;BANDHAN LIQUID Fund -Direct Plan-Periodic IDCW;INF194K01J02;INF194K01I94;1101.3475;;;29-Apr-2023

Bank of India Mutual Fund
119368;BANK OF INDIA Liquid Fund- Direct Plan- Daily IDCW;;INF761K01CL0;1002.6483;;;29-Apr-2023
119369;BANK OF INDIA Liquid Fund- Direct Plan- Growth;INF761K01785;;2605.1996;;;29-Apr-2023
119370;BANK OF INDIA Liquid Fund- Direct Plan- Weekly IDCW;;INF761K01CM8;1062.4029;;;29-Apr-2023
111971;BANK OF INDIA Liquid Fund- Regular Plan- Daily IDCW;;INF761K01CO4;1002.1069;;;29-Apr-2023
109254;BANK OF INDIA Liquid Fund- Regular Plan- Growth;INF761K01306;;2581.4235;;;29-Apr-2023
109255;BANK OF INDIA Liquid Fund- Regular Plan- Weekly IDCW;;INF761K01CP1;1002.1089;;;29-Apr-2023

Baroda BNP Paribas Mutual Fund
119414;Baroda BNP Paribas LIQUID FUND - DIRECT PLAN - DAILY IDCW OPTION;INF955L01AK2;;1002.0849;;;29-Apr-2023
119415;Baroda BNP Paribas LIQUID FUND - DIRECT PLAN - GROWTH OPTION;INF955L01AL0;;2609.7096;;;29-Apr-2023
119416;Baroda BNP Paribas LIQUID FUND - DIRECT PLAN - WEEKLY IDCW OPTION;INF251K01SL8;;1219.6125;;;29-Apr-2023
111707;Baroda BNP Paribas LIQUID FUND - Regular Plan - DAILY IDCW OPTION;INF955L01468;INF955L01476;1001.1996;;;29-Apr-2023
111704;Baroda BNP Paribas LIQUID FUND - Regular Plan - GROWTH OPTION;INF955L01484;;2584.3271;;;29-Apr-2023
111705;Baroda BNP Paribas LIQUID FUND - Regular Plan - WEEKLY IDCW OPTION;INF251K01SK0;INF955L01500;1001.0152;;;29-Apr-2023
101408;Baroda BNP Paribas LIQUID FUND- Defunct Plan -Growth Option;INF955L01575;;3803.7323;;;29-Apr-2023
101407;Baroda BNP Paribas LIQUID FUND-Defunct Plan- IDCW Option;INF955L01559;INF955L01567;3138.4924;;;29-Apr-2023

Canara Robeco Mutual Fund
118307;CANARA ROBECO LIQUID FUND - DIRECT PLAN - DAILY IDCW (Reinvestment);;INF760K01FS0;1005.5000;;;29-Apr-2023
118305;CANARA ROBECO LIQUID FUND - DIRECT PLAN - GROWTH OPTION;INF760K01FU6;;2711.8722;;;29-Apr-2023
118304;CANARA ROBECO LIQUID FUND - DIRECT PLAN - IDCW (Payout/Reinvestment);INF760K01FT8;;1940.9586;;;29-Apr-2023
118306;CANARA ROBECO LIQUID FUND - DIRECT PLAN - MONTHLY IDCW (Payout/Reinvestment);INF760K01FV4;INF760K01FW2;1000.8633;;;29-Apr-2023
118308;CANARA ROBECO LIQUID FUND - DIRECT PLAN - WEEKLY IDCW (Payout/Reinvestment);INF760K01FY8;INF760K01FX0;1000.8617;;;29-Apr-2023
109349;CANARA ROBECO LIQUID FUND - REGULAR PLAN - DAILY IDCW (Reinvestment);;INF760K01CU3;1005.5000;;;29-Apr-2023
109353;CANARA ROBECO LIQUID FUND - REGULAR PLAN - GROWTH OPTION;INF760K01CW9;;2701.0591;;;29-Apr-2023
109351;CANARA ROBECO LIQUID FUND - REGULAR PLAN - MONTHLY IDCW (Payout/Reinvestment);INF760K01CX7;INF760K01CY5;1000.8592;;;29-Apr-2023
109350;CANARA ROBECO LIQUID FUND - REGULAR PLAN - WEEKLY IDCW (Payout/Reinvestment);INF760K01BZ4;INF760K01CZ2;1000.8576;;;29-Apr-2023
139235;Canara Robeco Liquid Fund -Unclaimed Redemption and Dividend Plan -Direct Growth Option;INF760K01IC8;;1477.5043;;;29-Apr-2023

DSP Mutual Fund
119125;DSP Liquidity Fund - Direct Plan - Growth;INF740K01QL4;;3234.8206;;;29-Apr-2023
119124;DSP Liquidity Fund - Direct Plan - IDCW - Daily;;INF740KA1OB6;1001.1210;;;29-Apr-2023
119123;DSP Liquidity Fund - Direct Plan - IDCW - Weekly;INF740KA1OC4;INF740KA1OD2;1001.2230;;;29-Apr-2023
103347;DSP Liquidity Fund - Regular Plan - Growth;INF740K01FK9;;3204.9927;;;29-Apr-2023
103348;DSP Liquidity Fund - Regular Plan - IDCW - Weekly;INF740K01FM5;INF740K01FL7;1001.2184;;;29-Apr-2023
103349;DSP Liquidity Fund- Regular Plan - IDCW - Daily;;INF740KA1OE0;1001.1188;;;29-Apr-2023

Edelweiss Mutual Fund
140194;Edelweiss Liquid Fund - Direct Plan - Bonus Option;INF754K01GY9;;1699.454;;;29-Apr-2023
140196;Edelweiss Liquid Fund - Direct Plan - Growth Option;INF754K01GM4;;2921.1153;;;29-Apr-2023
140198;Edelweiss Liquid Fund - Direct Plan - IDCW Option;INF754K01GO0;INF754K01GN2;2921.1198;;;29-Apr-2023
140192;Edelweiss Liquid Fund - Direct Plan Annual - IDCW Option;INF754K01GX1;INF754K01GT9;2921.0956;;;29-Apr-2023
140193;Edelweiss Liquid Fund - Direct Plan daily - IDCW Option;;INF754K01GP7;1031.0535;;;29-Apr-2023
140199;Edelweiss Liquid Fund - Direct Plan Fortnightly - IDCW Option;INF754K01GV5;INF754K01GR3;2308.6749;;;29-Apr-2023
140197;Edelweiss Liquid Fund - Direct Plan Monthly - IDCW Option;INF754K01GW3;INF754K01GS1;1004.9247;;;29-Apr-2023
140195;Edelweiss Liquid Fund - Direct Plan weekly - IDCW Option;INF754K01GU7;INF754K01GQ5;2174.258;;;29-Apr-2023
140189;Edelweiss Liquid Fund - Regular Plan - Bonus Option;INF754K01HR1;;1673.6112;;;29-Apr-2023
140182;Edelweiss Liquid Fund - Regular Plan - Growth Option;INF754K01GZ6;;2873.3671;;;29-Apr-2023
140190;Edelweiss Liquid Fund - Regular Plan - IDCW Option;INF754K01GK8;INF754K01GL6;2873.3701;;;29-Apr-2023
140188;Edelweiss Liquid Fund - Regular Plan Annual - IDCW Option;INF754K01HQ3;INF754K01HP5;1988.1237;;;29-Apr-2023
140181;Edelweiss Liquid Fund - Regular Plan Daily - IDCW Option;;INF754K01HA7;1063.9244;;;29-Apr-2023
140184;Edelweiss Liquid Fund - Regular Plan Fortnightly - IDCW Option;INF754K01HK6;INF754K01HC3;2153.0779;;;29-Apr-2023
140183;Edelweiss Liquid Fund - Regular Plan Monthly - IDCW Option;INF754K01HL4;INF754K01HD1;1034.1074;;;29-Apr-2023
140185;Edelweiss Liquid Fund - Regular Plan Weekly - IDCW Option;INF754K01HJ8;INF754K01HB5;1078.3784;;;29-Apr-2023
140176;Edelweiss Liquid Fund - Retail Plan - Growth Option;INF754K01HE9;;2613.1138;;;29-Apr-2023
140178;Edelweiss Liquid Fund - Retail Plan - Weekly Dividend Option;;INF754K01HG4;1231.7362;;;29-Apr-2023
140177;Edelweiss Liquid Fund - Retail Plan Daily - IDCW Option;;INF754K01HF6;1056.2834;;;29-Apr-2023
140180;Edelweiss Liquid Fund - Retail Plan Monthly - IDCW Option;;INF754K01HI0;1244.3533;;;29-Apr-2023

Franklin Templeton Mutual Fund
100538;Franklin India Liquid Fund - Regular Plan - Growth;INF090I01BB1;;5153.8345;;;29-Apr-2023
118577;Franklin India Liquid Fund - Super Institutional - Direct - Growth;INF090I01JV2;;3400.1356;;;29-Apr-2023
100546;Franklin India Liquid Fund - Super Institutional Plan - Growth;INF090I01BG0;;3377.2905;;;29-Apr-2023

Groww Mutual Fund
119135;Groww Liquid Fund ( formerly known as Indiabulls Liquid )Fund - Direct Plan - Growth Option;INF666M01451;;2193.9143;;;29-Apr-2023
119136;Groww Liquid Fund (formerly known as Indiabulls Liquid Fund) - Direct Plan- - Income Distribution cum capital withdrawal Option ( Reinvestment);;INF666M01469;1001.06;;;29-Apr-2023
115991;Groww Liquid Fund (formerly known as Indiabulls Liquid Fund) - Regular Plan - Growth Option;INF666M01014;;2172.171;;;29-Apr-2023
119138;Groww Liquid Fund (formerly known as Indiabulls Liquid Fund)- Direct Plan- Fortnightly - Income Distribution cum capital withdrawal Option (Payout & Reinvestment);INF666M01501;INF666M01485;1001.2516;;;29-Apr-2023
119139;Groww Liquid Fund (formerly known as Indiabulls Liquid Fund)- Direct Plan- Monthly - Income Distribution cum capital withdrawal Option (Payout & Reinvestment);INF666M01519;INF666M01493;1033.9581;;;29-Apr-2023
119137;Groww Liquid Fund (formerly known as Indiabulls Liquid Fund)- Direct Plan- Weekly - Income Distribution cum capital withdrawal Option (Payout & Reinvestment);INF666M01527;INF666M01477;1001.3701;;;29-Apr-2023
115992;Groww Liquid Fund (formerly known as Indiabulls Liquid Fund)- Regular Plan- - Income Distribution cum capital withdrawal Option (Reinvestment);;INF666M01022;1001.1451;;;29-Apr-2023
115995;Groww Liquid Fund (formerly known as Indiabulls Liquid Fund)- Regular Plan- Monthly - Income Distribution cum capital withdrawal Option (Payout & Reinvestment);INF666M01071;INF666M01055;1005.2797;;;29-Apr-2023
115993;Groww Liquid Fund (formerly known as Indiabulls Liquid Fund)- Regular Plan- Weekly - Income Distribution cum capital withdrawal Option (Payout & Reinvestment);INF666M01089;INF666M01030;1002.4305;;;29-Apr-2023
115994;Groww Liquid Fund (formerly known as Indiabulls Liquid) Fund- Regular Plan- Fortnightly - Income Distribution cum capital withdrawal Option (Payout & Reinvestment);INF666M01063;INF666M01048;1001.1642;;;29-Apr-2023

HDFC Mutual Fund
119091;HDFC Liquid Fund - Growth Option - Direct Plan;INF179KB1HP9;;4447.6211;;;29-Apr-2023
100868;HDFC Liquid Fund - Growth Plan;INF179KB1HK0;;4407.84;;;29-Apr-2023

ICICI Prudential Mutual Fund
120197;ICICI Prudential Liquid Fund - Direct Plan - Growth;INF109K01Q49;;335.0261;;;29-Apr-2023
103340;ICICI Prudential Liquid Fund - Growth;INF109K01VQ1;;332.4575;;;29-Apr-2023

IDBI Mutual Fund
126163;IDBI Liquid Fund Bonus Direct;INF397L01FP5;;1825.0392;;;29-Apr-2023
118345;IDBI Liquid Fund Growth Direct;INF397L01AH3;;2435.2508;;;29-Apr-2023
113104;IDBI Liquid Fund- Monthly IDCW;INF397L01976;INF397L01968;1004.3310;;;29-Apr-2023
118449;IDBI Liquid Fund- Monthly IDCW Direct;INF397L01AK7;INF397L01AJ9;1002.7759;;;29-Apr-2023
113102;IDBI Liquid Fund-Daily IDCW;;INF397L01935;1005.2683;;;29-Apr-2023
118450;IDBI Liquid Fund-Daily IDCW Direct;;INF397L01AI1;1002.3548;;;29-Apr-2023
113096;IDBI Liquid Fund-Growth;INF397L01984;;2414.5201;;;29-Apr-2023
113103;IDBI Liquid Fund-Weekly IDCW;INF397L01950;INF397L01943;1024.0337;;;29-Apr-2023
118451;IDBI Liquid Fund-Weekly IDCW Direct;INF397L01AM3;INF397L01AL5;1004.7547;;;29-Apr-2023

Invesco Mutual Fund
122786;Invesco India Liquid Fund - Bonus Option;INF205K01UX5;;3089.2917;;;29-Apr-2023
104484;Invesco India Liquid Fund - Daily IDCW (Reinvestment);;INF205K01HN3;1002.7594;;;29-Apr-2023
120537;Invesco India Liquid Fund - Direct Plan - Growth;INF205K01MF9;;3107.0359;;;29-Apr-2023
120536;Invesco India Liquid Fund - Direct Plan - Monthly IDCW (Payout / Reinvestment);INF205K01MG7;INF205K01MH5;1082.454;;;29-Apr-2023
120535;Invesco India Liquid Fund - Direct Plan - Weekly IDCW (Reinvestment);INF205KA1BE5;INF205K01MI3;1068.0228;;;29-Apr-2023
120534;Invesco India Liquid Fund - Direct Plan- Daily IDCW (Reinvestment);;INF205K01ME2;1000.9596;;;29-Apr-2023
104486;Invesco India Liquid Fund - Growth;INF205K01HM5;;3085.102;;;29-Apr-2023
104492;Invesco India Liquid Fund - Monthly IDCW (Payout / Reinvestment);INF205K01HQ6;INF205K01HP8;1003.2697;;;29-Apr-2023
104488;Invesco India Liquid Fund - Regular - Growth;INF205K01HG7;;2763.5371;;;29-Apr-2023
104489;Invesco India Liquid Fund - Regular - Weekly IDCW (Reinvestment);;INF205K01HH5;1003.0062;;;29-Apr-2023
139390;Invesco India Liquid Fund - Unclaimed Dividend Plan - Above 3 Years;;;1000;;;29-Apr-2023
139389;Invesco India Liquid Fund - Unclaimed Dividend Plan - Below 3 Years;;;1472.5104;;;29-Apr-2023
139388;Invesco India Liquid Fund - Unclaimed Redemption Plan - Above 3 Years;;;1000;;;29-Apr-2023
139387;Invesco India Liquid Fund - Unclaimed Redemption Plan - Below 3 years;;;1472.4162;;;29-Apr-2023
104485;Invesco India Liquid Fund - Weekly IDCW (Reinvestment);INF205KA1BD7;INF205K01HO1;1011.7522;;;29-Apr-2023

ITI Mutual Fund
147161;ITI Liquid Fund - Direct Plan - Annually IDCW Option;INF00XX01366;INF00XX01333;1184.2327;;;29-Apr-2023
147158;ITI Liquid Fund - Direct Plan - Daily IDCW Option;;INF00XX01291;1001.0000;;;29-Apr-2023
147157;ITI Liquid Fund - Direct Plan - Growth Option;INF00XX01283;;1183.3551;;;29-Apr-2023
147163;ITI Liquid Fund - Direct Plan - Monthly IDCW Option;INF00XX01358;INF00XX01325;1001.5438;;;29-Apr-2023
147159;ITI Liquid Fund - Direct Plan - Weekly IDCW Option;;INF00XX01309;1001.7004;;;29-Apr-2023
147162;ITI Liquid Fund - Regular Plan - Annually IDCW Option;INF00XX01275;INF00XX01242;1180.3680;;;29-Apr-2023
147154;ITI Liquid Fund - Regular Plan - Daily IDCW Option;;INF00XX01200;1001.0000;;;29-Apr-2023
147155;ITI Liquid Fund - Regular Plan - Fortnightly Income Distribution cum capital withdrawal option Option;INF00XX01259;INF00XX01226;1001.5301;;;29-Apr-2023
147153;ITI Liquid Fund - Regular Plan - Growth Option;INF00XX01192;;1177.4192;;;29-Apr-2023
147156;ITI Liquid Fund - Regular Plan - Monthly IDCW Option;INF00XX01267;INF00XX01234;1001.5291;;;29-Apr-2023
147164;ITI Liquid Fund - Regular Plan - Weekly IDCW Option;;INF00XX01218;1001.6817;;;29-Apr-2023

LIC Mutual Fund
120248;LIC MF Liquid Fund-Direct Plan-Daily IDCW;INF767K01DL5;INF767K01DM3;1014.6694;;;29-Apr-2023
120249;LIC MF Liquid Fund-Direct Plan-Growth;INF767K01DN1;;4110.135;;;29-Apr-2023
101184;LIC MF Liquid Fund-Regular Plan-Daily IDCW;INF767K01IQ3;INF767K01IR1;1000.1751;;;29-Apr-2023
101185;LIC MF Liquid Fund-Regular Plan-Growth;INF767K01IS9;;4060.9629;;;29-Apr-2023

Mahindra Manulife Mutual Fund
139535;Mahindra Manulife Liquid Fund - Direct Plan - Daily IDCW;;INF174V01051;1036.6180;;;29-Apr-2023
139536;Mahindra Manulife Liquid Fund - Direct Plan - Weekly IDCW;;INF174V01069;1003.3520;;;29-Apr-2023
139538;Mahindra Manulife Liquid Fund - Direct Plan -Growth;INF174V01044;;1472.7087;;;29-Apr-2023
139534;Mahindra Manulife Liquid Fund - Regular Plan - Daily IDCW;;INF174V01028;1000.4699;;;29-Apr-2023
139537;Mahindra Manulife Liquid Fund - Regular Plan - Growth;INF174V01010;;1460.6024;;;29-Apr-2023
139541;Mahindra Manulife Liquid Fund - Regular Plan - Weekly IDCW;;INF174V01036;1009.7771;;;29-Apr-2023

Nippon India Mutual Fund
100852;NIPPON INDIA LIQUID FUND - DAILY IDCW OPTION;;INF204K01UM1;1529.0210;;;29-Apr-2023
118695;NIPPON INDIA LIQUID FUND - DIRECT Plan - DAILY IDCW OPTION;;INF204K01ZG2;1529.0265;;;29-Apr-2023
118696;NIPPON INDIA LIQUID FUND - DIRECT Plan - MONTHLY IDCW OPTION;INF204K01ZI8;INF204K01ZJ6;1588.1747;;;29-Apr-2023
118698;NIPPON INDIA LIQUID FUND - DIRECT Plan - QUARTERLY IDCW OPTION;INF204K01ZK4;INF204K01ZL2;1013.3042;;;29-Apr-2023
118700;NIPPON INDIA LIQUID FUND - DIRECT Plan - WEEKLY IDCW OPTION;INF204KC1FN6;INF204K01ZM0;1530.5868;;;29-Apr-2023
118701;Nippon India Liquid Fund - Direct Plan Growth Plan - Growth Option;INF204K01ZH0;;5537.1584;;;29-Apr-2023
100855;NIPPON INDIA LIQUID FUND - MONTHLY IDCW OPTION;INF204K01UO7;INF204K01UP4;1584.8474;;;29-Apr-2023
112340;NIPPON INDIA LIQUID FUND - QUARTERLY IDCW OPTION;INF204K01UQ2;INF204K01UR0;1011.4030;;;29-Apr-2023
100837;Nippon India Liquid Fund - Retail Option - Growth Plan;INF204K01UL3;;4916.3441;;;29-Apr-2023
100842;NIPPON INDIA LIQUID FUND - RETAIL Plan - DAILY IDCW OPTION;;INF204K01UJ7;1524.5350;;;29-Apr-2023
100843;NIPPON INDIA LIQUID FUND - RETAIL plan - MONTHLY IDCW OPTION;INF204K01UT6;INF204K01UU4;1327.2249;;;29-Apr-2023
100844;NIPPON INDIA LIQUID FUND - RETAIL Plan - QUARTERLY IDCW OPTION;INF204K01UV2;INF204K01UW0;1223.8651;;;29-Apr-2023
100838;NIPPON INDIA LIQUID FUND - RETAIL Plan - WEEKLY IDCW OPTION;;INF204K01UK5;1034.3429;;;29-Apr-2023
100853;NIPPON INDIA LIQUID FUND - WEEKLY IDCW OPTION;INF204KC1FM8;INF204K01US8;1530.5826;;;29-Apr-2023
100851;Nippon India Liquid Fund -Growth Plan;INF204K01UN9;;5482.5373;;;29-Apr-2023

PGIM India Mutual Fund
138285;PGIM India Liquid Fund - Daily Dividend;;INF223J01BO9;100.304;;;29-Apr-2023
138297;PGIM India Liquid Fund - Direct Plan - Daily Dividend;INF223J01NR7;;108.57;;;29-Apr-2023
138299;PGIM India Liquid Fund - Direct Plan - Growth;INF223J01NS5;;295.0336;;;29-Apr-2023
138298;PGIM India Liquid Fund - Direct Plan - Monthly Dividend;INF223J01NT3;INF223J01NU1;111.2215;;;29-Apr-2023
138301;PGIM India Liquid Fund - Direct Plan - Weekly Dividend;INF223J01NV9;INF223J01NW7;100.5237;;;29-Apr-2023
138288;PGIM India Liquid Fund - Growth;INF223J01BP6;;292.3673;;;29-Apr-2023
138287;PGIM India Liquid Fund - Monthly Dividend;INF223J01BL5;;111.8571;;;29-Apr-2023
138289;PGIM India Liquid Fund - Weekly Dividend;INF223J01BU6;;100.5232;;;29-Apr-2023

Quantum Mutual Fund
103736;Quantum Liquid Fund - Direct Plan Daily IDCW;;INF082J01135;10.0085;;;29-Apr-2023
103734;Quantum Liquid Fund - Direct Plan Growth Option;INF082J01127;;30.4401;;;29-Apr-2023
103735;Quantum Liquid Fund - Direct Plan Monthly IDCW;INF082J01143;INF082J01200;10.0193;;;29-Apr-2023
141065;Quantum Liquid Fund - Regular Plan Daily IDCW;;INF082J01317;10.0002;;;29-Apr-2023
141066;Quantum Liquid Fund - Regular Plan Growth Option;INF082J01309;;30.2932;;;29-Apr-2023
141067;Quantum Liquid Fund - Regular Plan Monthly IDCW;INF082J01325;INF082J01333;10.0143;;;29-Apr-2023

SBI Mutual Fund
119804;SBI Liquid Fund - Direct Paln - Fortnightly Income Distribution cum Capital Withdrawal Option (IDCW);INF200K01UR8;INF200K01US6;1156.8571;;;29-Apr-2023
119805;SBI Liquid Fund - Direct Plan - Daily Income Distribution cum Capital Withdrawal Option (IDCW);;INF200K01UQ0;1143.1804;;;29-Apr-2023
119799;SBI Liquid Fund - Direct Plan - Weekly Income Distribution cum Capital Withdrawal Option (IDCW);INF200K01UU2;INF200K01UV0;1209.9565;;;29-Apr-2023
119800;SBI Liquid Fund - DIRECT PLAN -Growth;INF200K01UT4;;3542.6591;;;29-Apr-2023
105274;SBI Liquid Fund - Institutional - Growth;INF200K01LU1;;3548.1744;;;29-Apr-2023
105275;SBI Liquid Fund - Institutional Daily Income Distribution cum Capital Withdrawal Option (IDCW);;INF200K01LR7;1139.8910;;;29-Apr-2023
105279;SBI Liquid Fund - Institutional Fortnightly Income Distribution cum Capital Withdrawal Option (IDCW);INF200K01LS5;INF200K01LT3;1166.3991;;;29-Apr-2023
105281;SBI Liquid Fund - Regular Plan - Daily Income Distribution cum Capital Withdrawal Option (IDCW);;INF200K01LX5;1139.8885;;;29-Apr-2023
105283;SBI Liquid Fund - Regular Plan - Fortnightly Income Distribution cum Capital Withdrawal Option (IDCW);INF200K01LY3;INF200K01LZ0;1153.5396;;;29-Apr-2023
105282;SBI Liquid Fund - Regular Plan - Weekly Income Distribution cum Capital Withdrawal Option (IDCW);INF200K01MB9;INF200K01MC7;1206.4667;;;29-Apr-2023
105280;SBI Liquid Fund - REGULAR PLAN -Growth;INF200K01MA1;;3514.9509;;;29-Apr-2023

Sundaram Mutual Fund
149744;Sundaram  Liquid Fund (Formerly Known as Principal Cash Management Fund) Direct IDCW;;INF903JA1JK3;1060.1979;;;29-Apr-2023
149742;Sundaram Liquid Fund (Formerly Known as  Principal Cash Management Fund) Regular Plan Principal Units;;INF903JA1JI7;1097.3292;;;29-Apr-2023
149663;Sundaram Liquid Fund (Formerly Known as Principal Cash Management Fund )- Direct Plan - Income Distribution CUM Capital Withdrawal Option - Daily;;INF173K01GT2;1000.8273;;;29-Apr-2023
149658;Sundaram Liquid Fund (Formerly Known as Principal Cash Management Fund) - Daily Income Distribution CUM Capital Withdrawal;;INF173K01DB7;1001.0778;;;29-Apr-2023
149664;Sundaram Liquid Fund (Formerly Known as Principal Cash Management Fund) - Direct Plan - Growth Option;INF173K01GU0;;1998.7129;;;29-Apr-2023
149660;Sundaram Liquid Fund (Formerly Known as Principal Cash Management Fund) - Regular Plan IDCW;INF173K01DD3;INF173K01DE1;1026.1410;;;29-Apr-2023
149662;Sundaram Liquid Fund (Formerly Known as Principal Cash Management Fund) -Direct Plan - IDCW;INF173K01GV8;INF173K01GW6;1026.2384;;;29-Apr-2023
149661;Sundaram Liquid Fund (Formerly Known as Principal Cash Management Fund) -Growth Option;INF173K01DA9;;1982.4177;;;29-Apr-2023
149738;Sundaram Liquid Fund (Formerly Known as Principal Cash Management Fund) Direct Fortnightly IDCW;;INF903JA1JJ5;1024.3734;;;29-Apr-2023
149737;Sundaram Liquid Fund (Formerly Known as Principal Cash Management Fund) Direct Principal Units;;INF903JA1JH9;1099.1126;;;29-Apr-2023
149739;Sundaram Liquid Fund (Formerly Known as Principal Cash Management Fund) Regular Fortnightly IDCW;;INF903JA1JF3;1024.3155;;;29-Apr-2023
149740;Sundaram Liquid Fund (Formerly Known as Principal Cash Management Fund) Regular IDCW;;INF903JA1JG1;1058.4519;;;29-Apr-2023
149659;Sundaram Liquid Fund (Formerly Principal Cash Management Fund) - Weekly Income Distribution CUM Capital Withdrawal Option;;INF173K01DC5;1006.7604;;;29-Apr-2023
149665;Sundaram Liquid Fund(Formerly Known as Principal Cash Management Fund)- Direct Plan - Income Distribution CUM Capital Withdrawal Option - Weekly;;INF173K01GY2;1007.2240;;;29-Apr-2023

Tata Mutual Fund
102672;Tata Liquid Fund -Regular Plan - Growth Option;INF277K01YD8;;3537.2486;;;29-Apr-2023
119862;Tata Liquid Fund- Direct Plan - Daily Reinvestment of IDCW Option;;INF277K012D2;1001.5187;;;29-Apr-2023
119861;Tata Liquid Fund- Direct Plan-Growth Option;INF277K01YE6;;3570.8239;;;29-Apr-2023
101714;Tata Liquid Fund- Regular Plan - Daily Reinvestment of IDCW Option;;INF277K011D4;1001.5157;;;29-Apr-2023

Union Mutual Fund
115401;Union Liquid Fund - Daily IDCW Option;;INF582M01021;1000.7927;;;29-Apr-2023
119301;Union Liquid Fund - Direct Plan - Daily IDCW Option;;INF582M01682;1000.7927;;;29-Apr-2023
119305;Union Liquid Fund - Direct Plan - Fortnightly IDCW Option;INF582M01724;INF582M01708;1001.1818;;;29-Apr-2023
119303;Union Liquid Fund - Direct Plan - Growth Option;INF582M01674;;2181.5849;;;29-Apr-2023
119302;Union Liquid Fund - Direct Plan - Monthly IDCW Option;INF582M01732;INF582M01716;1001.1807;;;29-Apr-2023
119304;Union Liquid Fund - Direct Plan - Weekly IDCW Option;;INF582M01690;1001.4748;;;29-Apr-2023
115399;Union Liquid Fund - Fortnightly IDCW Option;INF582M01062;INF582M01047;1001.1806;;;29-Apr-2023
115398;Union Liquid Fund - Growth Option;INF582M01013;;2159.7581;;;29-Apr-2023
115400;Union Liquid Fund - Monthly IDCW Option;INF582M01070;INF582M01054;1001.1752;;;29-Apr-2023
115402;Union Liquid Fund - Weekly IDCW Option;;INF582M01039;1001.6437;;;29-Apr-2023

UTI Mutual Fund
134427;UTI Liquid Fund - Direct Plan - Annual IDCW;INF789FA1K63;INF789FA1K71;1631.5479;;;29-Apr-2023
120558;UTI Liquid Fund - Direct Plan - Daily IDCW (Reinvestment);;INF789F01XP8;1063.0079;;;29-Apr-2023
141768;UTI Liquid Fund - Direct Plan - Flexi IDCW;INF789FA1K89;INF789FA1K97;1343.8161;;;29-Apr-2023
140913;UTI Liquid Fund - Direct Plan - Fortnightly IDCW;INF789FA1K06;INF789FA1K14;1155.6207;;;29-Apr-2023
140504;UTI Liquid Fund - Direct Plan - Half-Yearly IDCW;INF789FA1K48;INF789FA1K55;1274.4533;;;29-Apr-2023
120794;UTI Liquid Fund - Direct Plan - Monthly IDCW;INF789F01XR4;INF789F01XS2;1053.3655;;;29-Apr-2023
140024;UTI Liquid Fund - Direct Plan - Quarterly IDCW;INF789FA1K22;INF789FA1K30;1540.8853;;;29-Apr-2023
120777;UTI Liquid Fund - Direct Plan - Weekly IDCW;;INF789F01XT0;1152.0277;;;29-Apr-2023
133973;UTI Liquid Fund - Regular Plan - Annual IDCW;INF789FA1J66;INF789FA1J74;1624.2327;;;29-Apr-2023
102010;UTI Liquid Fund - Regular Plan - Daily IDCW (Reinvestment);;INF789F01PG3;1079.6588;;;29-Apr-2023
140517;UTI Liquid Fund - Regular Plan - Flexi IDCW;INF789FA1J82;INF789FA1J90;1338.6554;;;29-Apr-2023
139838;UTI Liquid Fund - Regular Plan - Fortnightly IDCW;INF789FA1J09;INF789FA1J17;1154.7922;;;29-Apr-2023
144475;UTI Liquid Fund - Regular Plan - Half-Yearly IDCW;INF789FA1J41;INF789FA1J58;1130.8854;;;29-Apr-2023
102011;UTI Liquid Fund - Regular Plan - Monthly IDCW;INF789F01PI9;INF789F01PJ7;1044.2669;;;29-Apr-2023
135721;UTI Liquid Fund - Regular Plan - Quarterly IDCW;INF789FA1J25;INF789FA1J33;1533.639;;;29-Apr-2023
102013;UTI Liquid Fund - Regular Plan - Weekly IDCW;;INF789F01PK5;1053.461;;;29-Apr-2023
120304;UTI-  Liquid Cash Plan - Direct Plan - Growth Option;INF789F01XQ6;;3709.8571;;;29-Apr-2023
102012;UTI-  Liquid Cash Plan - Regular Plan - Growth Option;INF789F01PH1;;3683.5563;;;29-Apr-2023
102008;UTI-  Liquid Cash Plan- Discontinued - Regular Plan - Monthly Dividend Option;INF789F01BC2;INF789F01BA6;1078.4451;;;29-Apr-2023
102009;UTI-  Liquid Cash Plan- Discontinued - Regular Plan -Growth;INF789F01BB4;;3368.3103;;;29-Apr-2023
102007;UTI-  Liquid Cash Plan- Discontinued -Regular Plan Periodic Dividend Option;;INF789F01AZ5;1136.6485;;;29-Apr-2023

Close Ended Schemes ( Income )


SBI Mutual Fund
147242;SBI Capital Protection Oriented Fund - Series A (Plan 3) - Direct Plan - Growth;INF200KA1E51;;13.4543;;;29-Apr-2023
147240;SBI Capital Protection Oriented Fund - Series A (Plan 3) - Regular Plan - Growth;INF200KA1E44;;13.1833;;;29-Apr-2023
147359;SBI Capital Protection Oriented Fund - Series A (Plan 4) - Direct Plan - Growth;INF200KA1G34;;13.3960;;;29-Apr-2023
147360;SBI Capital Protection Oriented Fund - Series A (Plan 4) - Regular Plan - Growth;INF200KA1G26;;13.1352;;;29-Apr-2023
147631;SBI Capital Protection Oriented Fund - Series A (Plan 5) - Direct Plan - Growth;INF200KA1K12;;13.1931;;;29-Apr-2023
147632;SBI Capital Protection Oriented Fund - Series A (Plan 5) - Regular Plan - Growth;INF200KA1K04;;12.9343;;;29-Apr-2023
147644;SBI Capital Protection Oriented Fund - Series A (Plan 6) - Direct Plan - Growth;INF200KA1K87;;13.0201;;;29-Apr-2023
147643;SBI Capital Protection Oriented Fund - Series A (Plan 6) - Regular Plan - Growth;INF200KA1K79;;12.7619;;;29-Apr-2023
147942;SBI Capital Protection Oriented Fund - Series A (Plan 7) - Direct Plan - Growth;INF200KA1O67;;12.5488;;;29-Apr-2023
147941;SBI Capital Protection Oriented Fund - Series A (Plan 7) - Regular Plan - Growth;INF200KA1O59;;12.2861;;;29-Apr-2023
148172;SBI Capital Protection Oriented Fund - Series A (Plan 8) - Direct Plan - Growth;INF200KA1P25;;12.7962;;;29-Apr-2023
148171;SBI Capital Protection Oriented Fund - Series A (Plan 8) - Regular Plan - Growth;INF200KA1P17;;12.5344;;;29-Apr-2023
145372;SBI Debt Fund Series C - 27 - (391 Days) - Direct Plan - Growth;INF200KA11G2;;13.9276;;;29-Apr-2023
145371;SBI Debt Fund Series C - 27 - (391 Days) - Regular Plan - Growth;INF200KA19F7;;13.7453;;;29-Apr-2023
145497;SBI Debt Fund Series - C - 28 (386 Days) - Direct Plan - Income Distribution cum Capital Withdrawal Option (IDCW);INF200KA16G1;;13.7811;;;29-Apr-2023
145499;SBI Debt Fund Series C - 28 - (386 Days) - Direct Plan - Growth;INF200KA15G3;;13.7772;;;29-Apr-2023
145500;SBI Debt Fund Series C - 28 - (386 Days) - Regular Plan - Growth;INF200KA13G8;;13.5783;;;29-Apr-2023
145647;SBI Debt Fund Series C - 30 - (385 Days) - Direct Plan - Growth;INF200KA19G5;;13.7464;;;29-Apr-2023
145646;SBI Debt Fund Series C - 30 - (385 Days) - Regular Plan - Growth;INF200KA17G9;;13.5758;;;29-Apr-2023
145744;SBI Debt Fund Series - C - 32 (380 Days) - Direct Plan - Income Distribution cum Capital Withdrawal Option (IDCW);INF200KA14H4;;13.6886;;;29-Apr-2023
145746;SBI Debt Fund Series C - 32 - (380 Days) - Direct Plan - Growth;INF200KA13H6;;13.6860;;;29-Apr-2023
145745;SBI Debt Fund Series C - 32 - (380 Days) - Regular Plan - Growth;INF200KA11H0;;13.5098;;;29-Apr-2023
145988;SBI Debt Fund Series - C - 35 (376 Days) - Direct Plan - Income Distribution cum Capital Withdrawal Option (IDCW);INF200KA18J1;;13.6115;;;29-Apr-2023
145990;SBI Debt Fund Series - C - 35 (376 Days) - Regular Plan - Income Distribution cum Capital Withdrawal Option (IDCW);INF200KA16J5;;13.4664;;;29-Apr-2023
145987;SBI Debt Fund Series C - 35 (376 Days) - Direct Plan - Growth;INF200KA17J3;;13.6103;;;29-Apr-2023
145989;SBI Debt Fund Series C - 35 (376 Days) - Regular Plan - Growth;INF200KA15J7;;13.4650;;;29-Apr-2023
146175;SBI Debt Fund Series - C - 38 (389 Days) - Direct Plan - Income Distribution cum Capital Withdrawal Option (IDCW);INF200KA16K3;;13.4831;;;29-Apr-2023
146176;SBI Debt Fund Series - C - 38 (389 Days) - Regular Plan - Income Distribution cum Capital Withdrawal Option (IDCW);INF200KA14K8;;13.3364;;;29-Apr-2023
146174;SBI Debt Fund Series C - 38 (389 Days) - Direct Plan - Growth;INF200KA15K5;;13.4782;;;29-Apr-2023
146173;SBI Debt Fund Series C - 38 (389 Days) - Regular Plan - Growth;INF200KA13K0;;13.3361;;;29-Apr-2023
146368;SBI Debt Fund Series - C - 43 (384 Days) - Direct Plan - Income Distribution cum Capital Withdrawal Option (IDCW);INF200KA10J8;;13.5071;;;29-Apr-2023
146366;SBI Debt Fund Series - C - 43 (384 Days) - Regular Plan - Income Distribution cum Capital Withdrawal Option (IDCW);INF200KA18I3;;13.3661;;;29-Apr-2023
146367;SBI Debt Fund Series C - 43 (384 Days) - Direct Plan - Growth;INF200KA19I1;;13.5075;;;29-Apr-2023
146369;SBI Debt Fund Series C - 43 (384 Days) - Regular Plan - Growth;INF200KA17I5;;13.3661;;;29-Apr-2023
146494;SBI Debt Fund Series - C - 44 (378 Days) - Direct Plan - Income Distribution cum Capital Withdrawal Option (IDCW);INF200KA14J0;;13.5110;;;29-Apr-2023
146496;SBI Debt Fund Series - C - 44 (378 Days) - Regular Plan - Income Distribution cum Capital Withdrawal Option (IDCW);INF200KA12J4;;13.3704;;;29-Apr-2023
146495;SBI Debt Fund Series C - 44 (378 Days) - Direct Plan - Growth;INF200KA13J2;;13.5103;;;29-Apr-2023
146493;SBI Debt Fund Series C - 44 (378 Days) - Regular Plan - Growth;INF200KA11J6;;13.3705;;;29-Apr-2023
146591;SBI Debt Fund Series - C - 46 (376 Days) - Direct Plan - Income Distribution cum Capital Withdrawal Option (IDCW);INF200KA12K2;;13.3657;;;29-Apr-2023
146593;SBI Debt Fund Series - C - 46 (376 Days) - Regular Plan - Income Distribution cum Capital Withdrawal Option (IDCW);INF200KA10K6;;13.2280;;;29-Apr-2023
146592;SBI Debt Fund Series C - 46 (376 Days) - Direct Plan- Growth;INF200KA11K4;;13.3675;;;29-Apr-2023
146590;SBI Debt Fund Series C - 46 (376 Days) - Regular Plan - Growth;INF200KA19J9;;13.2279;;;29-Apr-2023
146656;SBI Debt Fund Series C - 48 (385 Days) - Direct Plan - Growth;INF200KA19K7;;13.3911;;;29-Apr-2023
146658;SBI Debt Fund Series C - 48 (385 Days) - Direct Plan - Income Distribution cum Capital Withdrawal Option (IDCW);INF200KA10L4;;13.3920;;;29-Apr-2023
146655;SBI Debt Fund Series C - 48 (385 Days) - Regular Plan - Growth;INF200KA17K1;;13.2529;;;29-Apr-2023
146657;SBI Debt Fund Series C - 48 (385 Days) - Regular Plan - Income Distribution cum Capital Withdrawal Option (IDCW);INF200KA18K9;;13.2529;;;29-Apr-2023
146766;SBI Debt Fund Series - C - 49 (390 Days) - Direct Plan - Income Distribution cum Capital Withdrawal Option (IDCW);INF200KA14L6;;13.3322;;;29-Apr-2023
146767;SBI Debt Fund Series - C - 49 (390 Days) - Regular Plan - Income Distribution cum Capital Withdrawal Option (IDCW);INF200KA12L0;;13.1913;;;29-Apr-2023
146765;SBI Debt Fund Series C - 49 (390 Days) - Direct Plan - Growth;INF200KA13L8;;13.3327;;;29-Apr-2023
146768;SBI Debt Fund Series C - 49 (390 Days) - Regular Plan - Growth;INF200KA11L2;;13.1960;;;29-Apr-2023
146879;SBI Debt Fund Series - C - 50 (383 Days) - Direct Plan - Income Distribution cum Capital Withdrawal Option (IDCW);INF200KA18L7;;13.2675;;;29-Apr-2023
146880;SBI Debt Fund Series - C - 50 (383 Days) - Regular Plan - Income Distribution cum Capital Withdrawal Option (IDCW);INF200KA16L1;;13.1304;;;29-Apr-2023
146878;SBI Debt Fund Series C - 50 (383 Days) - Direct Plan - Growth;INF200KA17L9;;13.2657;;;29-Apr-2023
146877;SBI Debt Fund Series C - 50 (383 Days) - Regular Plan - Growth;INF200KA15L3;;13.1305;;;29-Apr-2023
146974;SBI Fixed Maturity Plan (FMP) - Series 1 (3668 Days) - Direct Plan - Growth;INF200KA1D03;;13.9053;;;29-Apr-2023
146975;SBI Fixed Maturity Plan (FMP) - Series 1 (3668 Days) - Direct Plan - Income Distribution cum Capital Withdrawal Option (IDCW);INF200KA1D11;;13.9072;;;29-Apr-2023
146976;SBI Fixed Maturity Plan (FMP) - Series 1 (3668 Days) - Regular Plan - Growth;INF200KA1C87;;13.7676;;;29-Apr-2023
146973;SBI Fixed Maturity Plan (FMP) - Series 1 (3668 Days) - Regular Plan - Income Distribution cum Capital Withdrawal Option (IDCW);INF200KA1C95;;13.7676;;;29-Apr-2023
147560;SBI Fixed Maturity Plan (FMP) - Series 14 (384 Days) - Direct Plan - Growth;INF200KA13N4;;12.7934;;;29-Apr-2023
147561;SBI Fixed Maturity Plan (FMP) - Series 14 (384 Days) - Direct Plan - Income Distribution cum Capital Withdrawal Option (IDCW);INF200KA14N2;;12.7953;;;29-Apr-2023
147559;SBI Fixed Maturity Plan (FMP) - Series 14 (384 Days) - Regular Plan - Growth;INF200KA11N8;;12.6739;;;29-Apr-2023
147562;SBI Fixed Maturity Plan (FMP) - Series 14 (384 Days) - Regular Plan - Income Distribution cum Capital Withdrawal Option (IDCW);INF200KA12N6;;12.6860;;;29-Apr-2023
148193;SBI Fixed Maturity Plan (FMP) - Series 31 (1160 Days) - Direct Plan - Growth;INF200KA1P58;;12.2656;;;29-Apr-2023
148194;SBI Fixed Maturity Plan (FMP) - Series 31 (1160 Days) - Direct Plan - Income Distribution cum Capital Withdrawal Option (IDCW);INF200KA1P66;;12.2656;;;29-Apr-2023
148195;SBI Fixed Maturity Plan (FMP) - Series 31 (1160 Days) - Regular Plan - Growth;INF200KA1P33;;12.1702;;;29-Apr-2023
148192;SBI Fixed Maturity Plan (FMP) - Series 31 (1160 Days) - Regular Plan - Income Distribution cum Capital Withdrawal Option (IDCW);INF200KA1P41;;12.1702;;;29-Apr-2023
148369;SBI Fixed Maturity Plan (FMP) - Series 32 (1140 Days) - Direct Plan - Growth;INF200KA1P90;;11.8327;;;29-Apr-2023
148368;SBI Fixed Maturity Plan (FMP) - Series 32 (1140 Days) - Direct Plan - Income Distribution cum Capital Withdrawal Option (IDCW);INF200KA1Q08;;11.8327;;;29-Apr-2023
148367;SBI Fixed Maturity Plan (FMP) - Series 32 (1140 Days) - Regular Plan - Growth;INF200KA1P74;;11.7433;;;29-Apr-2023
148370;SBI Fixed Maturity Plan (FMP) - Series 32 (1140 Days) - Regular Plan - Income Distribution cum Capital Withdrawal Option (IDCW);INF200KA1P82;;11.7433;;;29-Apr-2023
148385;SBI Fixed Maturity Plan (FMP) - Series 33 (1128 Days) - Direct Plan - Growth;INF200KA1Q32;;11.6891;;;29-Apr-2023
148386;SBI Fixed Maturity Plan (FMP) - Series 33 (1128 Days) - Direct Plan - Income Distribution cum Capital Withdrawal Option (IDCW);INF200KA1Q40;;11.6880;;;29-Apr-2023
148383;SBI Fixed Maturity Plan (FMP) - Series 33 (1128 Days) - Regular Plan - Growth;INF200KA1Q16;;11.6016;;;29-Apr-2023
148384;SBI Fixed Maturity Plan (FMP) - Series 33 (1128 Days) - Regular Plan - Income Distribution cum Capital Withdrawal Option (IDCW);INF200KA1Q24;;11.6017;;;29-Apr-2023
148387;SBI Fixed Maturity Plan (FMP) - Series 34 (3682 Days) - Direct Plan - Growth;INF200KA1Q73;;11.6994;;;29-Apr-2023
148388;SBI Fixed Maturity Plan (FMP) - Series 34 (3682 Days) - Direct Plan - Income Distribution cum Capital Withdrawal Option (IDCW);INF200KA1Q81;;11.6994;;;29-Apr-2023
148389;SBI Fixed Maturity Plan (FMP) - Series 34 (3682 Days) - Regular Plan - Growth;INF200KA1Q57;;11.6124;;;29-Apr-2023
148390;SBI Fixed Maturity Plan (FMP) - Series 34 (3682 Days) - Regular Plan - Income Distribution cum Capital Withdrawal Option (IDCW);INF200KA1Q65;;11.6124;;;29-Apr-2023
148827;SBI Fixed Maturity Plan (FMP) - Series 41 (1498 Days) - Direct Plan - Growth;INF200KA1U77;;11.0313;;;29-Apr-2023
148825;SBI Fixed Maturity Plan (FMP) - Series 41 (1498 Days) - Regular Plan - Growth;INF200KA1U51;;10.9878;;;29-Apr-2023
148828;SBI Fixed Maturity Plan (FMP) - Series 41 (1498 Days) Direct Plan - Income Distribution cum Capital Withdrawal Option (IDCW);INF200KA1U85;;11.0313;;;29-Apr-2023
148826;SBI Fixed Maturity Plan (FMP) - Series 41 (1498 Days) Regular Plan - Income Distribution cum Capital Withdrawal Option (IDCW);INF200KA1U69;;10.9878;;;29-Apr-2023
149043;SBI Fixed Maturity Plan (FMP) - Series 46 (1850 Days) - Direct Plan - Growth;INF200KA1X41;;10.9095;;;29-Apr-2023
149044;SBI Fixed Maturity Plan (FMP) - Series 46 (1850 Days) - Direct Plan - Income Distribution cum Capital Withdrawal Option (IDCW);INF200KA1X58;;10.9095;;;29-Apr-2023
149045;SBI Fixed Maturity Plan (FMP) - Series 46 (1850 Days) - Regular Plan - Growth;INF200KA1X25;;10.8759;;;29-Apr-2023
149042;SBI Fixed Maturity Plan (FMP) - Series 46 (1850 Days) - Regular Plan - Income Distribution cum Capital Withdrawal Option (IDCW);INF200KA1X33;;10.8759;;;29-Apr-2023
149082;SBI Fixed Maturity Plan (FMP) Series 47 (1434 Days) - Direct Plan - Growth;INF200KA1X82;;10.7878;;;29-Apr-2023
149081;SBI Fixed Maturity Plan (FMP) Series 47 (1434 Days) - Direct Plan - Income Distribution cum Capital Withdrawal Option (IDCW);INF200KA1X90;;10.7878;;;29-Apr-2023
149083;SBI Fixed Maturity Plan (FMP) Series 47 (1434 Days) - Regular Plan - Growth;INF200KA1X66;;10.7559;;;29-Apr-2023
149084;SBI Fixed Maturity Plan (FMP) Series 47 (1434 Days) - Regular Plan - Income Distribution cum Capital Withdrawal Option (IDCW);INF200KA1X74;;10.7559;;;29-Apr-2023
149111;SBI Fixed Maturity Plan (FMP) - Series 48 (1458 Days) - Direct Plan - Growth;INF200KA1Y24;;10.7608;;;29-Apr-2023
149108;SBI Fixed Maturity Plan (FMP) - Series 48 (1458 Days) - Direct Plan - Income Distribution cum Capital Withdrawal Option (IDCW);INF200KA1Y32;;10.7608;;;29-Apr-2023
149109;SBI Fixed Maturity Plan (FMP) - Series 48 (1458 Days) - Regular Plan - Growth;INF200KA1Y08;;10.7272;;;29-Apr-2023
149110;SBI Fixed Maturity Plan (FMP) - Series 48 (1458 Days) - Regular Plan - Income Distribution cum Capital Withdrawal Option (IDCW);INF200KA1Y16;;10.7272;;;29-Apr-2023
149147;SBI Fixed Maturity Plan (FMP) - Series 49 (1823 Days) - Direct Plan - Growth;INF200KA1Z23;;10.7505;;;29-Apr-2023
149144;SBI Fixed Maturity Plan (FMP) - Series 49 (1823 Days) - Direct Plan - Income Distribution cum Capital Withdrawal Option (IDCW);INF200KA1Z31;;10.7505;;;29-Apr-2023
149145;SBI Fixed Maturity Plan (FMP) - Series 49 (1823 Days) - Regular Plan - Growth;INF200KA1Z07;;10.7180;;;29-Apr-2023
149146;SBI Fixed Maturity Plan (FMP) - Series 49 (1823 Days) - Regular Plan - Income Distribution cum Capital Withdrawal Option (IDCW);INF200KA1Z15;;10.7180;;;29-Apr-2023
149174;SBI Fixed Maturity Plan (FMP) - Series 50 (1843 Days) - Direct Plan - Growth;INF200KA1Z64;;10.6511;;;29-Apr-2023
149175;SBI Fixed Maturity Plan (FMP) - Series 50 (1843 Days) - Direct Plan - Income Distribution Capital Withdrawal Option (IDCW);INF200KA1Z72;;10.6511;;;29-Apr-2023
149172;SBI Fixed Maturity Plan (FMP) - Series 50 (1843 Days) - Regular Plan - Growth;INF200KA1Z49;;10.6179;;;29-Apr-2023
149173;SBI Fixed Maturity Plan (FMP) - Series 50 (1843 Days) - Regular Plan -Income Distribution Capital Withdrawal Option (IDCW);INF200KA1Z56;;10.6179;;;29-Apr-2023
149195;SBI Fixed Maturity Plan (FMP) - Series 51 (1846 Days) - Direct Plan - Growth;INF200KA10A7;;10.6320;;;29-Apr-2023
149194;SBI Fixed Maturity Plan (FMP) - Series 51 (1846 Days) - Direct Plan - Income Distribution Capital Withdrawal Option (IDCW);INF200KA11A5;;10.6325;;;29-Apr-2023
149197;SBI Fixed Maturity Plan (FMP) - Series 51 (1846 Days) - Regular Plan - Growth;INF200KA1Z80;;10.6028;;;29-Apr-2023
149196;SBI Fixed Maturity Plan (FMP) - Series 51 (1846 Days) - Regular Plan - Income Distribution Capital Withdrawal Option (IDCW);INF200KA1Z98;;10.6028;;;29-Apr-2023
149232;SBI Fixed Maturity Plan (FMP) - Series 52 (1848 Days) - Direct Plan - Growth;INF200KA14A9;;10.6136;;;29-Apr-2023
149234;SBI Fixed Maturity Plan (FMP) - Series 52 (1848 Days) - Direct Plan - Income Distribution Cum Withdrawal (IDCW);INF200KA15A6;;10.6136;;;29-Apr-2023
149235;SBI Fixed Maturity Plan (FMP) - Series 52 (1848 Days) - Regular Plan - Growth;INF200KA12A3;;10.5867;;;29-Apr-2023
149233;SBI Fixed Maturity Plan (FMP) - Series 52 (1848 Days) - Regular Plan - Income Distribution Cum Withdrawal (IDCW);INF200KA13A1;;10.5867;;;29-Apr-2023
149279;SBI Fixed Maturity Plan (FMP) - Series 53 (1839 Days) - Direct Plan - Growth;INF200KA18A0;;10.6163;;;29-Apr-2023
149277;SBI Fixed Maturity Plan (FMP) - Series 53 (1839 Days) - Direct Plan - Income Distribution Cum Withdrawal Option (IDCW);INF200KA19A8;;10.6163;;;29-Apr-2023
149278;SBI Fixed Maturity Plan (FMP) - Series 53 (1839 Days) - Regular Plan - Growth;INF200KA16A4;;10.5922;;;29-Apr-2023
149280;SBI Fixed Maturity Plan (FMP) - Series 53 (1839 Days) - Regular Plan - Income  Distribution Cum Withdrawal Option (IDCW);INF200KA17A2;;10.5922;;;29-Apr-2023
149307;SBI Fixed Maturity Plan (FMP) - Series 54 (1842 Days) - Direct Plan - Growth;INF200KA12B1;;10.5935;;;29-Apr-2023
149309;SBI Fixed Maturity Plan (FMP) - Series 54 (1842 Days) - Direct Plan - Income Distribution Cum Withdrawal Option (IDCW);INF200KA13B9;;10.5939;;;29-Apr-2023
149308;SBI Fixed Maturity Plan (FMP) - Series 54 (1842 Days) - Regular Plan - Growth;INF200KA10B5;;10.5702;;;29-Apr-2023
149306;SBI Fixed Maturity Plan (FMP) - Series 54 (1842 Days) - Regular Plan - Income Distribution Cum Capital Withdrawal Option (IDCW);INF200KA11B3;;10.5702;;;29-Apr-2023
149345;SBI Fixed Maturity Plan (FMP) - Series 55 (1849 Days) - Direct Plan - Growth;INF200KA16B2;;10.5760;;;29-Apr-2023
149348;SBI Fixed Maturity Plan (FMP) - Series 55 (1849 Days) - Direct Plan - Income Distribution cum Capital Withdrawal Option (IDCW);INF200KA17B0;;10.5760;;;29-Apr-2023
149347;SBI Fixed Maturity Plan (FMP) - Series 55 (1849 Days) - Regular Plan - Growth;INF200KA14B7;;10.5533;;;29-Apr-2023
149346;SBI Fixed Maturity Plan (FMP) - Series 55 (1849 Days) - Regular Plan - Income Distribution Cum Capital Withdrawal Option (IDCW);INF200KA15B4;;10.5533;;;29-Apr-2023
149420;SBI Fixed Maturity Plan (FMP) - Series 56 (1232 Days) - Direct Plan - Growth;INF200KA10C3;;10.5026;;;29-Apr-2023
149423;SBI Fixed Maturity Plan (FMP) - Series 56 (1232 Days) - Direct Plan - Income Distribution cum Capital Withdrawal Option (IDCW);INF200KA11C1;;10.5026;;;29-Apr-2023
149422;SBI Fixed Maturity Plan (FMP) - Series 56 (1232 Days) - Regular Plan - Growth;INF200KA18B8;;10.4810;;;29-Apr-2023
149421;SBI Fixed Maturity Plan (FMP) - Series 56 (1232 Days) - Regular Plan - Income Distribution cum Capital Withdrawal Option (IDCW);INF200KA19B6;;10.4810;;;29-Apr-2023
149431;SBI Fixed Maturity Plan (FMP) - Series 57 (1835 Days) - Direct Plan - Growth;INF200KA14C5;;10.5018;;;29-Apr-2023
149430;SBI Fixed Maturity Plan (FMP) - Series 57 (1835 Days) - Direct Plan - Income Distribution cum Capital Withdrawal Option (IDCW);INF200KA15C2;;10.5018;;;29-Apr-2023
149432;SBI Fixed Maturity Plan (FMP) - Series 57 (1835 Days) - Regular Plan - Growth;INF200KA12C9;;10.4802;;;29-Apr-2023
149433;SBI Fixed Maturity Plan (FMP) - Series 57 (1835 Days) - Regular Plan - Income Distribution cum Capital Withdrawal Option (IDCW);INF200KA13C7;;10.4802;;;29-Apr-2023
149460;SBI Fixed Maturity Plan (FMP) - Series 58 (1842 Days) - Direct Plan - Growth;INF200KA18C6;;10.5891;;;29-Apr-2023
149461;SBI Fixed Maturity Plan (FMP) - Series 58 (1842 Days) - Direct Plan - Income Distribution cum Capital withdrawal option (IDCW);INF200KA19C4;;10.5891;;;29-Apr-2023
149459;SBI Fixed Maturity Plan (FMP) - Series 58 (1842 Days) - Regular Plan - Growth;INF200KA16C0;;10.5682;;;29-Apr-2023
149462;SBI Fixed Maturity Plan (FMP) - Series 58 (1842 Days) - Regular Plan - Income Distribution cum Capital withdrawal option (IDCW);INF200KA17C8;;10.5682;;;29-Apr-2023
149822;SBI Fixed Maturity Plan (FMP) - Series 59 (1618 Days) - Direct Plan - Growth;INF200KA19D2;;10.5414;;;29-Apr-2023
149823;SBI Fixed Maturity Plan (FMP) - Series 59 (1618 Days) - Direct Plan - Income Distribution cum Capital Withdrawal Option (IDCW);INF200KA10E9;;10.5403;;;29-Apr-2023
149825;SBI Fixed Maturity Plan (FMP) - Series 59 (1618 Days) - Regular Plan - Growth;INF200KA17D6;;10.5217;;;29-Apr-2023
149824;SBI Fixed Maturity Plan (FMP) - Series 59 (1618 Days) - Regular Plan - Income Distribution cum Capital Withdrawal Option (IDCW);INF200KA18D4;;10.5217;;;29-Apr-2023
147248;SBI Fixed Maturity Plan (FMP) - Series 6 (3668 Days) - Direct Plan - Growth;INF200KA1F27;;13.5642;;;29-Apr-2023
147249;SBI Fixed Maturity Plan (FMP) - Series 6 (3668 Days) - Direct Plan - Income Distribution cum Capital Withdrawal Option (IDCW);INF200KA1F35;;13.5642;;;29-Apr-2023
147247;SBI Fixed Maturity Plan (FMP) - Series 6 (3668 Days) - Regular Plan - Growth;INF200KA1F01;;13.4307;;;29-Apr-2023
147250;SBI Fixed Maturity Plan (FMP) - Series 6 (3668 Days) - Regular Plan - Income Distribution cum Capital Withdrawal Option (IDCW);INF200KA1F19;;13.4328;;;29-Apr-2023
149878;SBI Fixed Maturity Plan (FMP) - Series 60 (1878 Days) - Direct Plan - Growth;INF200KA13E3;;10.4906;;;29-Apr-2023
149879;SBI Fixed Maturity Plan (FMP) - Series 60 (1878 Days) - Direct Plan - Income Distribution cum Capital Withdrwal Option (IDCW);INF200KA14E1;;10.4912;;;29-Apr-2023
149876;SBI Fixed Maturity Plan (FMP) - Series 60 (1878 Days) - Regular Plan - Growth;INF200KA11E7;;10.4717;;;29-Apr-2023
149877;SBI Fixed Maturity Plan (FMP) - Series 60 (1878 Days) - Regular Plan - Income Distribution cum Capital Withdrawal Option (IDCW);INF200KA12E5;;10.4717;;;29-Apr-2023
149993;SBI Fixed Maturity Plan (FMP)- Series 61 (1927 Days)- Direct Plan- Growth option;INF200KA13F0;;10.5282;;;29-Apr-2023
149995;SBI Fixed Maturity Plan (FMP)- Series 61 (1927 Days)- Direct Plan- Income Distribution Cum Capital withdrawal option;INF200KA14F8;;10.5282;;;29-Apr-2023
149994;SBI Fixed Maturity Plan (FMP)- Series 61 (1927 Days)- Regular Plan- Growth option;INF200KA11F4;;10.5107;;;29-Apr-2023
149992;SBI Fixed Maturity Plan (FMP)- Series 61 (1927 Days)- Regular Plan- Income Distribution Cum Capital withdrawal option;INF200KA12F2;;10.5107;;;29-Apr-2023
150576;SBI Fixed Maturity Plan (FMP) - Series 63 (372 Days) - Direct Plan - Growth;INF200KA19M3;;10.3967;;;29-Apr-2023
150577;SBI Fixed Maturity Plan (FMP) - Series 63 (372 Days) - Direct Plan - IDCW Payout;INF200KA10N0;;10.3967;;;29-Apr-2023
150574;SBI Fixed Maturity Plan (FMP) - Series 63 (372 Days) - Regular Plan - Growth;INF200KA17M7;;10.3895;;;29-Apr-2023
150575;SBI Fixed Maturity Plan (FMP) - Series 63 (372 Days) - Regular Plan - IDCW Payout;INF200KA18M5;;10.3896;;;29-Apr-2023
150602;SBI Fixed Maturity Plan (FMP) - Series 64 (1169 Days) - Direct Plan - Growth;INF200KA17N5;;10.4241;;;29-Apr-2023
150603;SBI Fixed Maturity Plan (FMP) - Series 64 (1169 Days) - Direct Plan - IDCW Payout;INF200KA18N3;;10.4241;;;29-Apr-2023
150604;SBI Fixed Maturity Plan (FMP) - Series 64 (1169 Days) - Regular Plan - Growth;INF200KA15N9;;10.4138;;;29-Apr-2023
150605;SBI Fixed Maturity Plan (FMP) - Series 64 (1169 Days) - Regular Plan - IDCW Payout;INF200KA16N7;;10.4138;;;29-Apr-2023
150614;SBI Fixed Maturity Plan (FMP) - Series 65 (367 Days) - Direct Plan - Growth;INF200KA11O6;;10.3960;;;29-Apr-2023
150613;SBI Fixed Maturity Plan (FMP) - Series 65 (367 Days) - Direct Plan - IDCW Payout;INF200KA12O4;;10.3961;;;29-Apr-2023
150611;SBI Fixed Maturity Plan (FMP) - Series 65 (367 Days) - Regular Plan - Growth;INF200KA19N1;;10.3893;;;29-Apr-2023
150612;SBI Fixed Maturity Plan (FMP) - Series 65 (367 Days) - Regular Plan - IDCW Payout;INF200KA10O8;;10.3893;;;29-Apr-2023
150379;SBI Fixed Maturity Plan (FMP) - Series 66 (1361 Days) - Direct Plan - Growth;INF200KA11M0;;10.5854;;;29-Apr-2023
150378;SBI Fixed Maturity Plan (FMP) - Series 66 (1361 Days) - Direct Plan - Income Distribution cum Capital Withdrawal Option (IDCW);INF200KA12M8;;10.5854;;;29-Apr-2023
150377;SBI Fixed Maturity Plan (FMP) - Series 66 (1361 Days) - Regular Plan - Growth;INF200KA19L5;;10.5730;;;29-Apr-2023
150380;SBI Fixed Maturity Plan (FMP) - Series 66 (1361 Days) - Regular Plan - Income Distribution cum Capital Withdrawal Option (IDCW);INF200KA10M2;;10.5730;;;29-Apr-2023
150460;SBI Fixed Maturity Plan (FMP) - Series 67 (1467 Days) - Direct Plan - Growth;INF200KA15M1;;10.5462;;;29-Apr-2023
150458;SBI Fixed Maturity Plan (FMP) - Series 67 (1467 Days) - Direct Plan - IDCW Payout;INF200KA16M9;;10.5462;;;29-Apr-2023
150461;SBI Fixed Maturity Plan (FMP) - Series 67 (1467 Days) - Regular Plan - Growth;INF200KA13M6;;10.5343;;;29-Apr-2023
150459;SBI Fixed Maturity Plan (FMP) - Series 67 (1467 Days) - Regular Plan - IDCW Payout;INF200KA14M4;;10.5346;;;29-Apr-2023
150649;SBI Fixed Maturity Plan (FMP) - Series 68 (1302 Days) - Direct Plan - Growth;INF200KA15O7;;10.4815;;;29-Apr-2023
150650;SBI Fixed Maturity Plan (FMP) - Series 68 (1302 Days) - Direct Plan - IDCW Payout;INF200KA16O5;;10.4826;;;29-Apr-2023
150647;SBI Fixed Maturity Plan (FMP) - Series 68 (1302 Days) - Regular Plan - Growth;INF200KA13O2;;10.4720;;;29-Apr-2023
150648;SBI Fixed Maturity Plan (FMP) - Series 68 (1302 Days) - Regular Plan - IDCW Payout;INF200KA14O0;;10.4720;;;29-Apr-2023
150809;SBI Fixed Maturity Plan (FMP) - Series 69 (367 Days) - Direct Plan - Growth;INF200KA19R2;;10.3722;;;29-Apr-2023
150810;SBI Fixed Maturity Plan (FMP) - Series 69 (367 Days) - Direct Plan - IDCW Payout;INF200KA10S9;;10.3722;;;29-Apr-2023
150811;SBI Fixed Maturity Plan (FMP) - Series 69 (367 Days) - Regular Plan - Growth;INF200KA17R6;;10.3666;;;29-Apr-2023
150808;SBI Fixed Maturity Plan (FMP) - Series 69 (367 Days) - Regular Plan - IDCW Payout;INF200KA18R4;;10.3666;;;29-Apr-2023
150883;SBI Fixed Maturity Plan (FMP) - Series 71 (364 Days) - Direct Plan - Growth;INF200KA13S3;;10.3385;;;29-Apr-2023
150880;SBI Fixed Maturity Plan (FMP) - Series 71 (364 Days) - Direct Plan - Income Distribution cum Capital Withdrawal Option (IDCW);INF200KA14S1;;10.3385;;;29-Apr-2023
150881;SBI Fixed Maturity Plan (FMP) - Series 71 (364 Days) - Regular Plan - Growth;INF200KA11S7;;10.3318;;;29-Apr-2023
150882;SBI Fixed Maturity Plan (FMP) - Series 71 (364 Days) - Regular Plan - Income Distribution cun Capital Withdrawal Option (IDCW);INF200KA12S5;;10.3318;;;29-Apr-2023
151559;SBI Fixed Maturity Plan (FMP) - Series 79 (1170 Days) - Direct Plan - Growth;INF200KA19W2;;10.1853;;;29-Apr-2023
151558;SBI Fixed Maturity Plan (FMP) - Series 79 (1170 Days) - Direct Plan - Income Distribution cum Capital Withdrawal Payout;INF200KA10X9;;10.1854;;;29-Apr-2023
151556;SBI Fixed Maturity Plan (FMP) - Series 79 (1170 Days) - Regular Plan - Growth;INF200KA17W6;;10.1834;;;29-Apr-2023
151557;SBI Fixed Maturity Plan (FMP) - Series 79 (1170 Days) - Regular Plan - Income Distribution cum Capital Withdrawal Payout;INF200KA18W4;;10.1834;;;29-Apr-2023
148848;SBI Fixed Maturity Plan (FMP) - Series 42 (1857 Days) Direct Plan - Income Distribution cum Capital Withdrawal Option (IDCW);INF200KA1V27;;11.0839;;;29-Apr-2023
148845;SBI Fixed Maturity Plan (FMP) - Series 42 (1857 Days) Regular Plan - Income Distribution cum Capital Withdrawal Option (IDCW);INF200KA1V01;;11.0444;;;29-Apr-2023
148846;SBI Fixed Maturity Plan (FMP) Series 42 (1857 Days) - Direct Plan - Growth;INF200KA1V19;;11.0838;;;29-Apr-2023
148847;SBI Fixed Maturity Plan (FMP) Series 42 (1857 Days) - Regular Plan - Growth;INF200KA1U93;;11.0444;;;29-Apr-2023
148941;SBI Fixed Maturity Plan (FMP) Series 43 (1616 Days) - Direct Plan - Growth;INF200KA1V50;;11.0010;;;29-Apr-2023
148942;SBI Fixed Maturity Plan (FMP) Series 43 (1616 Days) - Direct Plan - Income Distribution cum Capital Withdrawal Option (IDCW);INF200KA1V68;;11.0010;;;29-Apr-2023
148939;SBI Fixed Maturity Plan (FMP) Series 43 (1616 Days) - Regular Plan - Growth;INF200KA1V35;;10.9658;;;29-Apr-2023
148940;SBI Fixed Maturity Plan (FMP) Series 43 (1616 Days) - Regular Plan - Income Distribution cum Capital Withdrawal Option (IDCW);INF200KA1V43;;10.9659;;;29-Apr-2023
148967;SBI Fixed Maturity Plan (FMP) - Series 44 (1855 Days) - Direct Plan - Growth;INF200KA1W59;;10.9198;;;29-Apr-2023
148968;SBI Fixed Maturity Plan (FMP) - Series 44 (1855 Days) - Direct Plan - Income Distribution cum Capital Withdrawal Option (IDCW);INF200KA1W67;;10.9198;;;29-Apr-2023
148966;SBI Fixed Maturity Plan (FMP) - Series 44 (1855 Days) - Regular Plan - Growth;INF200KA1W34;;10.8865;;;29-Apr-2023
148969;SBI Fixed Maturity Plan (FMP) Series 44 (1855 Days) - Regular Plan - Income Distribution cum Capital Withdrawal Option (IDCW);INF200KA1W42;;10.8865;;;29-Apr-2023
148999;SBI Fixed Maturity Plan (FMP) Series 45 (1840 Days) - Direct Plan - Growth;INF200KA1W91;;10.9067;;;29-Apr-2023
148998;SBI Fixed Maturity Plan (FMP) Series 45 (1840 Days) - Direct Plan - Income Distribution cum Capital Withdrawal Option (IDCW);INF200KA1X09;;10.9067;;;29-Apr-2023
148996;SBI Fixed Maturity Plan (FMP) Series 45 (1840 Days) - Regular Plan - Growth;INF200KA1W75;;10.8742;;;29-Apr-2023
148997;SBI Fixed Maturity Plan (FMP) Series 45 (1840Days) - Regular Plan - Income Distribution cum Capital Withdrawal Option (IDCW);INF200KA1W83;;10.8742;;;29-Apr-2023
150919;SBI Fixed Maturity Plan (FMP)-Series 72 (1239 Days) Direct Plan- Growth;INF200KA17S4;;10.3194;;;29-Apr-2023
150916;SBI Fixed Maturity Plan (FMP)-Series 72 (1239 Days) Direct Plan- Income Distribution Cum Capital Withdrawal Payout;INF200KA18S2;;10.3194;;;29-Apr-2023
150917;SBI Fixed Maturity Plan (FMP)-Series 72 (1239 Days) Regular Plan- Growth;INF200KA15S8;;10.3127;;;29-Apr-2023
150918;SBI Fixed Maturity Plan (FMP)-Series 72 (1239 Days) Regular Plan- Income Distribution Cum Capital Withdrawal Payout;INF200KA16S6;;10.3126;;;29-Apr-2023
150984;SBI Fixed Maturity Plan (FMP) - Series 73 (1226 Days) - Direct Plan - Growth;INF200KA11T5;;10.2967;;;29-Apr-2023
150985;SBI Fixed Maturity Plan (FMP) - Series 73 (1226 Days) - Direct Plan - IDCW Payout;INF200KA12T3;;10.2967;;;29-Apr-2023
150986;SBI Fixed Maturity Plan (FMP) - Series 73 (1226 Days) - Regular Plan - Growth;INF200KA19S0;;10.2907;;;29-Apr-2023
150983;SBI Fixed Maturity Plan (FMP) - Series 73 (1226 Days) - Regular Plan - IDCW Payout;INF200KA10T7;;10.2907;;;29-Apr-2023
151252;SBI Fixed Maturity Plan (FMP)-Series 74 (1243 Days)- Direct Plan- Growth;INF200KA11U3;;10.2632;;;29-Apr-2023
151253;SBI Fixed Maturity Plan (FMP)-Series 74 (1243 Days)- Direct Plan- Income Distribution Cum Capital Withdrawal Payout;INF200KA12U1;;10.2632;;;29-Apr-2023
151254;SBI Fixed Maturity Plan (FMP)-Series 74 (1243 Days)- Regular Plan- Growth;INF200KA19T8;;10.2583;;;29-Apr-2023
151255;SBI Fixed Maturity Plan (FMP)-Series 74 (1243 Days)- Regular Plan- Income Distribution Cum Capital Withdrawal Payout;INF200KA10U5;;10.2583;;;29-Apr-2023
151270;SBI Fixed Maturity Plan (FMP)-Series 75 (366 Days) - Direct Plan- Income Distribution Cum Capital Withdrawal Payout;INF200KA16U2;;10.2340;;;29-Apr-2023
151269;SBI Fixed Maturity Plan (FMP)-Series 75 (366 Days)- Direct Plan- Growth;INF200KA15U4;;10.2339;;;29-Apr-2023
151271;SBI Fixed Maturity Plan (FMP)-Series 75 (366 Days)- Regular  Plan- Growth;INF200KA13U9;;10.2308;;;29-Apr-2023
151272;SBI Fixed Maturity Plan (FMP)-Series 75 (366 Days)- Regular Plan- Income Distribution Cum Capital Withdrawal Payout;INF200KA14U7;;10.2308;;;29-Apr-2023
151351;SBI Fixed Maturity Plan (FMP) - Series 76 (1221 Days) - Direct Plan - Growth;INF200KA19U6;;10.2385;;;29-Apr-2023
151350;SBI Fixed Maturity Plan (FMP) - Series 76 (1221 Days) - Direct Plan - Income Distribution Cum Capital Withdrawal Payout;INF200KA10V3;;10.2385;;;29-Apr-2023
151349;SBI Fixed Maturity Plan (FMP) - Series 76 (1221 Days) - Regular Plan - Growth;INF200KA17U0;;10.2344;;;29-Apr-2023
151348;SBI Fixed Maturity Plan (FMP) - Series 76 (1221 Days) - Regular Plan - Income Distribution Cum Capital Withdrawal Payout;INF200KA18U8;;10.2345;;;29-Apr-2023
151403;SBI Fixed Maturity Plan (FMP)-Series 77 (366 Days) Direct Plan- Growth;INF200KA15V2;;10.1778;;;29-Apr-2023
151400;SBI Fixed Maturity Plan (FMP)-Series 77 (366 Days) Direct Plan- Income Distribution Cum Capital Withdrawal Payout;INF200KA16V0;;10.1778;;;29-Apr-2023
151401;SBI Fixed Maturity Plan (FMP)-Series 77 (366 Days)- Regular Plan- Growth;INF200KA13V7;;10.1757;;;29-Apr-2023
151402;SBI Fixed Maturity Plan (FMP)-Series 77 (366 Days)- Regular Plan- Income Distribution Cum Capital Withdrawal Payout;INF200KA14V5;;10.1757;;;29-Apr-2023
151451;SBI Fixed Maturity Plan (FMP)-Series 78 (1170 Days) Direct Plan- Growth;INF200KA19V4;;10.2160;;;29-Apr-2023
151452;SBI Fixed Maturity Plan (FMP)-Series 78 (1170 Days) Direct Plan- Income Distribution Cum Capital Withdrawal Payout;INF200KA10W1;;10.2159;;;29-Apr-2023
151454;SBI Fixed Maturity Plan (FMP)-Series 78 (1170 Days) Regular Plan- Growth;INF200KA17V8;;10.2131;;;29-Apr-2023
151453;SBI Fixed Maturity Plan (FMP)-Series 78 (1170 Days) Regular Plan- Income Distribution Cum Capital Withdrawal Payout;INF200KA18V6;;10.2132;;;29-Apr-2023
151613;SBI Fixed Maturity Plan (FMP)-Series 80 (366 Days) Direct Plan- Growth;INF200KA13X3;;10.1040;;;29-Apr-2023
151614;SBI Fixed Maturity Plan (FMP)-Series 80 (366 Days) Direct Plan- Income Distribution Cum Capital Withdrawal Payout Option;INF200KA14X1;;10.1040;;;29-Apr-2023
151616;SBI Fixed Maturity Plan (FMP)-Series 80 (366 Days) Regular Plan- Growth;INF200KA11X7;;10.1029;;;29-Apr-2023
151615;SBI Fixed Maturity Plan (FMP)-Series 80 (366 Days)- Regular Plan- Income Distribution Cum Capital Withdrawal Payout Option;INF200KA12X5;;10.1029;;;29-Apr-2023
151639;SBI Fixed Maturity Plan (FMP)-Series 81 (1157 Days) Direct Plan- Growth;INF200KA17X4;;10.0979;;;29-Apr-2023
151640;SBI Fixed Maturity Plan (FMP)-Series 81 (1157 Days) Direct Plan- Income Distribution Cum Capital Withdrawal Payout;INF200KA18X2;;10.0978;;;29-Apr-2023
151641;SBI Fixed Maturity Plan (FMP)-Series 81 (1157 Days) Regular Plan- Growth;INF200KA15X8;;10.0967;;;29-Apr-2023
151642;SBI Fixed Maturity Plan (FMP)-Series 81 (1157 Days) Regular Plan- Income Distribution Cum Capital Withdrawal Payout;INF200KA16X6;;10.0967;;;29-Apr-2023
151645;SBI Fixed Maturity Plan (FMP)-Series 82 (91 Days) Direct Plan- Growth;INF200KA11Z2;;10.0792;;;29-Apr-2023
151643;SBI Fixed Maturity Plan (FMP)-Series 82 (91 Days) Direct Plan- Income Distribution Cum Capital Withdrawal Payout;INF200KA12Z0;;10.0792;;;29-Apr-2023
151644;SBI Fixed Maturity Plan (FMP)-Series 82 (91 Days) Regular Plan- Growth;INF200KA19Y8;;10.0782;;;29-Apr-2023
151646;SBI Fixed Maturity Plan (FMP)-Series 82 (91 Days) Regular Plan- Income Distribution Cum Capital Withdrawal Payout;INF200KA10Z4;;10.0782;;;29-Apr-2023
