Scheme Code;Scheme Name;ISIN Div Payout/ISIN Growth;ISIN Div Reinvestment;Net Asset Value;Repurchase Price;Sale Price;Date

Open Ended Schemes ( Liquid )


Bandhan Mutual Fund
108794;IDFC Liquid Fund - Daily Dividend;INF194K01GJ9;INF194K01GI1;1000.2640;1000.2640;1000.2640;01-Sep-2011
108793;IDFC Liquid Fund - Growth;INF194K01GE0;;1434.1795;1434.1795;1434.1795;01-Sep-2011
108796;IDFC Liquid Fund - Monthly Dividend;INF194K01GG5;INF194K01GF7;1009.4143;1009.4143;1009.4143;01-Sep-2011
108795;IDFC Liquid Fund-Weekly Dividend;INF194K01GM3;INF194K01GL5;1002.5938;1002.5938;1002.5938;01-Sep-2011
111928;IDFC Liquid Fund  Plan D- Growth;INF194K01GR2;;11.4851;11.4851;11.4851;01-Sep-2011
111927;IDFC Liquid Fund Plan - D  - Daily Dividend;INF194K01GT8;INF194K01GS0;10.0026;10.0026;10.0026;01-Sep-2011
112891;IDFC Liquid Fund- Plan F Dividend;INF194K01HD0;INF194K01HC2;10.3670;10.3670;10.3670;01-Sep-2011
112890;IDFC Liquid Fund- Plan F Growth;INF194K01HB4;;10.9594;10.9594;10.9594;01-Sep-2011

Daiwa Mutual Fund
114516;Daiwa Liquid Fund - Institutional - Daily Dividend;-;INF752K01198;1000.5197;1000.5197;1000.5197;01-Sep-2011
114515;Daiwa Liquid Fund - Institutional - Growth;INF752K01206;-;1137.8846;1137.8846;1137.8846;01-Sep-2011
114517;Daiwa Liquid Fund - Institutional - Weekly Dividend;-;INF752K01214;1000.7199;1000.7199;1000.7199;01-Sep-2011
114519;Daiwa Liquid Fund - Regular - Daily Dividend;;INF752K01222;1000.5200;1000.5200;1000.5200;01-Sep-2011
114514;Daiwa Liquid Fund - Regular - Growth;INF752K01230;;1136.1156;1136.1156;1136.1156;01-Sep-2011
114518;Daiwa Liquid Fund - Regular - Weekly Dividend;;INF752K01248;1001.1945;1001.1945;1001.1945;01-Sep-2011

Deutsche Mutual Fund
105672;DWS INSTA CASH PLUS FUND - Regular Plan BONUS OPTION;INF223J01BH3;;10.3886;10.3886;10.3886;01-Sep-2011
106471;DWS Insta Cash Plus Fund -Growth;INF223J01BP6;;132.0771;132.0771;132.0771;01-Sep-2011
106467;DWS Insta Cash Plus Fund-Daily Dividend;;INF223J01BO9;100.3040;100.3040;100.3040;01-Sep-2011
101718;DWS Insta Cash Plus Fund-DIVIDEND-Daily Dividend;;INF223J01BI1;10.3010;10.3010;10.3010;01-Sep-2011
101717;DWS Insta Cash Plus Fund-DIVIDEND-MONTHLY DIVIDEND;INF223J01BK7;INF223J01BL5;11.2895;11.2895;11.2895;01-Sep-2011
101716;DWS Insta Cash Plus Fund-DIVIDEND-WEEKLY DIVIDEND;INF223J01BM3;INF223J01BN1;10.3660;10.3660;10.3660;01-Sep-2011
101719;DWS Insta Cash Plus Fund-Growth-GROWTH;INF223J01BJ9;;16.9394;16.9394;16.9394;01-Sep-2011
101722;DWS Insta Cash Plus Fund-Institutional Plan-Daily Dividend;;INF223J01BA8;10.0516;10.0516;10.0516;01-Sep-2011
101720;DWS Insta Cash Plus Fund-Institutional Plan-Dividend;INF223J01BE0;INF223J01BD2;10.3733;10.3733;10.3733;01-Sep-2011
101721;DWS Insta Cash Plus Fund-Institutional Plan-Growth;INF223J01BB6;;15.9730;15.9730;15.9730;01-Sep-2011
101723;DWS Insta Cash Plus Fund-Institutional Plan-Weekly Dividend;INF223J01BF7;INF223J01BG5;10.1402;10.1402;10.1402;01-Sep-2011
114966;DWS Treasury Fund - Cash Plan - Bonus;INF223J01SA2;;10.3643;10.3643;10.3643;01-Sep-2011
112228;DWS Treasury Fund - Cash Plan - Daily Dividend;;INF223J01SB0;10.0391;10.0391;10.0391;01-Sep-2011
112221;DWS Treasury Fund - Cash Plan - Growth;INF223J01SC8;;11.1946;11.1946;11.1946;01-Sep-2011
112227;DWS Treasury Fund - Cash Plan - Institiutional - Daily Dividend;;INF223J01DZ1;100.4970;100.4970;100.4970;01-Sep-2011
112222;DWS Treasury Fund - Cash Plan - Institiutional - Growth;INF223J01EA2;;113.4451;113.4451;113.4451;01-Sep-2011
112969;DWS Treasury Fund - Cash Plan - Institiutional - Weekly Dividend;INF223J01EB0;INF223J01EC8;100.8502;100.8502;100.8502;01-Sep-2011
112965;DWS Treasury Fund - Cash Plan - Monthly Dividend;INF223J01RW8;INF223J01RX6;10.1532;10.1532;10.1532;01-Sep-2011
112964;DWS Treasury Fund - Cash Plan - Weekly Dividend;INF223J01RY4;INF223J01RZ1;10.1147;10.1147;10.1147;01-Sep-2011

Edelweiss Mutual Fund
109935;Edelweiss Liquid Fund - Daily Dividend Option;;INF754K01BG7;10.0000;10.0000;10.0000;01-Sep-2011
109946;Edelweiss Liquid Fund - Growth Option;INF754K01BC6;;10.0507;10.0507;10.0507;01-Sep-2011
109941;Edelweiss Liquid Fund - Institutional Plan - Daily Dividend Option;;INF754K01AZ9;10.0000;10.0000;10.0000;01-Sep-2011
109945;Edelweiss Liquid Fund - Institutional Plan - Growth Option;INF754K01AV8;;10.4917;10.4917;10.4917;01-Sep-2011
109936;Edelweiss Liquid Fund - Institutional Plan - Weekly Dividend Option;;INF754K01BA0;10.0119;10.0119;10.0119;01-Sep-2011
109934;Edelweiss Liquid Fund - Retail Plan - Daily Dividend Option;;INF754K01AS4;10.0000;10.0000;10.0000;01-Sep-2011
109940;Edelweiss Liquid Fund - Retail Plan - Growth Option;INF754K01AO3;;11.7472;11.7472;11.7472;01-Sep-2011
109939;Edelweiss Liquid Fund - Retail Plan - Monthly Dividend Option;INF754K01AP0;INF754K01AR6;10.0022;10.0022;10.0022;01-Sep-2011
109937;Edelweiss Liquid Fund - Retail Plan - Weekly Dividend Option;;INF754K01AT2;10.0065;10.0065;10.0065;01-Sep-2011
109942;Edelweiss Liquid Fund - Weekly Dividend Option;;INF754K01BH5;10.0217;10.0217;10.0217;01-Sep-2011

Fidelity Mutual Fund
104498;Fidelity Cash Fund - Institutional Plan - Daily Dividend Option;;INF677K01AQ1;10.0025;10.0025;10.0025;01-Sep-2011
104497;Fidelity Cash Fund - Institutional Plan - Growth Option;;;13.7665;13.7665;13.7665;01-Sep-2011
104548;Fidelity Cash Fund - Institutional Plan - Monthly Dividend Option;INF677K01AS7;INF677K01AT5;10.0000;10.0000;10.0000;01-Sep-2011
104546;Fidelity Cash Fund - Institutional Plan - Weekly Dividend Option;;INF677K01AR9;10.1631;10.1631;10.1631;01-Sep-2011
104495;Fidelity Cash Fund - Retail Plan - Daily Dividend option;;INF677K01AL2;10.0025;10.0025;10.0025;01-Sep-2011
104493;Fidelity Cash Fund - Retail Plan - Growth option;;;13.5091;13.5091;13.5091;01-Sep-2011
104547;Fidelity Cash Fund - Retail Plan - Monthly Dividend Option;;;10.0181;10.0181;10.0181;01-Sep-2011
104549;Fidelity Cash Fund - Retail Plan - Weekly Dividend Option;;INF677K01AM0;10.0078;10.0078;10.0078;01-Sep-2011
104494;Fidelity Cash Fund - Super Institutional Plan - Daily Dividend Option;;INF677K01AV1;10.2330;10.2330;10.2330;01-Sep-2011
104496;Fidelity Cash Fund - Super Institutional Plan - Growth Option;INF677K01AU3;;13.8534;13.8534;13.8534;01-Sep-2011
104551;Fidelity Cash Fund - Super Institutional Plan - Monthly Dividend Option;INF677K01AX7;INF677K01AY5;10.0000;10.0000;10.0000;01-Sep-2011
104550;Fidelity Cash Fund - Super Institutional Plan - Weekly Dividend Option;;INF677K01AW9;10.0000;10.0000;10.0000;01-Sep-2011

ING Mutual Fund
100198;ING Liquid Fund-Institutional Daily Dividend Option;INF084M01473;;10.0121;10.0121;10.0121;01-Sep-2011
100196;ING Liquid Fund-Institutional Growth Option;INF084M01465;;15.9093;15.9093;15.9093;01-Sep-2011
100197;ING Liquid Fund-Institutional Weekly Dividend Option;INF084M01499;INF084M01481;10.0609;10.0609;10.0609;01-Sep-2011
100192;ING Liquid Fund-Regular Daily Dividend Option;INF084M01432;;10.7873;10.7873;10.7873;01-Sep-2011
100190;ING Liquid Fund-Regular Growth Option;INF084M01424;;21.1950;21.1950;21.1950;01-Sep-2011
100191;ING Liquid Fund-Regular Weekly Dividend Option;INF084M01457;INF084M01440;10.8317;10.8317;10.8317;01-Sep-2011
100200;ING Liquid Fund-Super Institutional Daily Dividend Option;INF084M01515;;10.0048;10.0048;10.0048;01-Sep-2011
100199;ING Liquid Fund-Super Institutional Growth Option;INF084M01507;;15.1687;15.1687;15.1687;01-Sep-2011
100201;ING Liquid Fund-Super Institutional Weekly Dividend Option;INF084M01531;INF084M01523;10.0000;10.0000;10.0000;01-Sep-2011

Invesco Mutual Fund
106502;Religare Invesco Overnight Fund - Daily Dividend Reinvestment;;INF205K01HS2;1000.0048;1000.0048;1000.0048;01-Sep-2011
106501;Religare Invesco Overnight Fund - Growth;INF205K01HR4;;1202.3053;1202.3053;1202.3053;01-Sep-2011

JM Financial Mutual Fund
101420;JM Floater Short Term Fund - Daily Dividend Option;;INF192K01767;10.0883;10.0883;10.0883;01-Sep-2011
101421;JM Floater Short Term Fund - Growth Option;INF192K01775;;16.1770;16.1770;16.1770;01-Sep-2011

JPMorgan Mutual Fund
106562;JPMorgan India Liquid Fund - Retail Plan - Daily Dividend Option;;INF843K01203;10.0150;10.0150;10.0150;01-Sep-2011
109178;JPMorgan India Liquid Fund - Retail Plan - Fortnightly Dividend Option;;INF843K01229;10.0071;10.0071;10.0071;01-Sep-2011
106561;JPMorgan India Liquid Fund - Retail Plan - Growth Option;INF843K01195;;12.0765;12.0765;12.0765;01-Sep-2011
109179;JPMorgan India Liquid Fund - Retail Plan - Monthly Dividend Option;;INF843K01237;10.0316;10.0316;10.0316;01-Sep-2011
109177;JPMorgan India Liquid Fund - Retail Plan - Weekly Dividend Option;;INF843K01211;10.0363;10.0363;10.0363;01-Sep-2011
110149;JPMorgan India Liquid Fund - Super Institutional Plan - Daily Dividend Option;;INF843K01153;10.0079;10.0079;10.0079;01-Sep-2011
110150;JPMorgan India Liquid Fund - Super Institutional Plan - Growth Option;INF843K01146;;13.1682;13.1682;13.1682;01-Sep-2011
110151;JPMorgan India Liquid Fund - Super Institutional Plan - Monthly Dividend Option;INF843K01500;INF843K01187;10.0496;10.0496;10.0496;01-Sep-2011
110153;JPMorgan India Liquid Fund - Super Institutional Plan - Weekly Dividend Option;INF843K01484;INF843K01161;10.1004;10.1004;10.1004;01-Sep-2011

L&T Mutual Fund
112468;L&T Liquid Fund - Regular Weekly Dividend;;INF917K01BE5;12.0099;12.0099;12.0099;01-Sep-2011

Mirae Asset Mutual Fund
107646;Mirae Asset Liquid Fund- Regular Plan - Daily Dividend;;INF769K01606;1016.108;1016.108;1016.108;01-Sep-2011
107648;Mirae Asset Liquid Fund- Regular Plan - Growth;INF769K01572;;1067.1395;1067.1395;1067.1395;01-Sep-2011
107649;Mirae Asset Liquid Fund- Regular Plan - Monthly Dividend;INF769K01630;INF769K01622;1019.6529;1019.6529;1019.6529;01-Sep-2011
107647;Mirae Asset Liquid Fund- Regular Plan - Weekly Dividend;;INF769K01614;1018.6333;1018.6333;1018.6333;01-Sep-2011

PGIM India Mutual Fund
113184;DHFL Pramerica Liquid Fund - Dividend Option - Daily;;INF663L01088;1000.0950;1000.0950;1000.0950;01-Sep-2011
113187;DHFL Pramerica Liquid Fund - Dividend Option - Fortnightly;INF663L01120;INF663L01104;1001.4744;1001.4744;1001.4744;01-Sep-2011
113186;DHFL Pramerica Liquid Fund - Dividend Option - Monthly;INF663L01138;INF663L01112;1001.4756;1001.4756;1001.4756;01-Sep-2011
113183;DHFL Pramerica Liquid Fund - Growth Option;INF663L01070;;1083.8115;1083.8115;1083.8115;01-Sep-2011
113185;DHFL Pramerica Liquid Fund -Dividend Option- Weekly;;INF663L01096;1000.5196;1000.5196;1000.5196;01-Sep-2011

PineBridge Mutual Fund
106513;PineBridge India Liquid Fund- Standard Plan-Daily Dividend Option;;INF178L01699;1001.0000;1001.0000;1001.0000;01-Sep-2011
106508;PineBridge India Liquid Fund- Standard Plan-Growth Option;INF178L01715;;1307.0291;1307.0291;1307.0291;01-Sep-2011
106509;PineBridge India Liquid Fund- Standard Plan-Weekly Dividend Option;;INF178L01764;1001.7053;1001.7053;1001.7053;01-Sep-2011
106506;PineBridge India Liquid Fund-Institutional Plan-Daily Dividend Option;;INF178L01616;1001.0000;1001.0000;1001.0000;01-Sep-2011
106511;PineBridge India Liquid Fund-Institutional Plan-Growth Option;INF178L01632;;1301.8822;1301.8822;1301.8822;01-Sep-2011
106507;PineBridge India Liquid Fund-Institutional Plan-Weekly Dividend Option;;INF178L01681;1001.6974;1001.6974;1001.6974;01-Sep-2011
106503;PineBridge India Liquid Fund-Retail Plan-DailyDividend Option;;INF178L01533;1001.0000;1001.0000;1001.0000;01-Sep-2011
106514;PineBridge India Liquid Fund-Retail Plan-Growth Option;INF178L01558;;1286.3060;1286.3060;1286.3060;01-Sep-2011
106504;PineBridge India Liquid Fund-Retail Plan-Monthly Dividend Option;INF178L01566;INF178L01574;1002.5693;1002.5693;1002.5693;01-Sep-2011
106516;PineBridge India Liquid Fund-Retail Plan-Quarterly Dividend Option;INF178L01582;INF178L01590;1017.7254;1017.7254;1017.7254;01-Sep-2011
106510;PineBridge India Liquid Fund-Retail Plan-Weekly Dividend Option;;INF178L01608;1001.6725;1001.6725;1001.6725;01-Sep-2011

Sahara Mutual Fund
101397;Sahara Liquid Fund-Fixed Pricing -  Weekly Dividend Option;;INF515L01064;1027.4373;1027.4373;1027.4373;01-Sep-2011
101393;Sahara Liquid Fund-Fixed Pricing - Daily Dividend Option;;INF515L01049;1024.9512;1024.9512;1024.9512;01-Sep-2011
101394;Sahara Liquid Fund-Fixed Pricing - Growth option;INF515L01056;;1845.7576;1845.7576;1845.7576;01-Sep-2011
101398;Sahara Liquid Fund-Fixed Pricing - Monthly Dividend Option;;INF515L01072;1025.9508;1025.9508;1025.9508;01-Sep-2011
101399;Sahara Liquid Fund-Variable Pricing - Daily Dividend option;;INF515L01080;1024.9689;1024.9689;1024.9689;01-Sep-2011
101402;Sahara Liquid Fund-Variable Pricing - Growth option;INF515L01114;;1861.0717;1861.0717;1861.0717;01-Sep-2011
101400;Sahara Liquid Fund-Variable Pricing - Weekly Dividend Option;;INF515L01098;1026.1722;1026.1722;1026.1722;01-Sep-2011
101401;Sahara Liquid Fund-Variable Pricing- Monthly Dividend Option;;INF515L01106;1026.2836;1026.2836;1026.2836;01-Sep-2011

Tata Mutual Fund
101987;Tata Liquid Fund Reglar Plan - Monthly Dividend;INF277K01LR5;INF277K01LS3;1011.7291;1011.7291;1011.7291;01-Sep-2011
101861;Tata Liquid Fund-Regular Plan  - Weekly Dividend;INF277K016C5;;1000.5379;1000.5379;1000.5379;01-Sep-2011
101984;Tata Liquid High Investment Plan - Daily;;;1114.3379;1114.3379;1114.3379;01-Sep-2011
101860;Tata Liquid High Investment Plan - Growth;INF277K01LN4;;1680.5313;1680.5313;1680.5313;01-Sep-2011
101985;Tata Liquid High Investment Plan - Monthly;INF277K01LO2;INF277K01LP9;1027.5214;1027.5214;1027.5214;01-Sep-2011
101859;Tata Liquid High Investment Plan - Weekly;;;1147.0362;1147.0362;1147.0362;01-Sep-2011
101982;Tata Liquid Retail Investment PLan - Daily;;;1116.8143;1116.8143;1116.8143;01-Sep-2011
101983;Tata Liquid Retail Investment Plan - Fortnightly;;;1148.9752;1148.9752;1148.9752;01-Sep-2011
101858;Tata Liquid Retail Investment Plan - Growth;INF277K01LM6;;2320.5527;2320.5527;2320.5527;01-Sep-2011
103631;Tata Liquidity Management Fund - Regular Plan - Daily Dividend;;;1002.6089;1002.6089;1002.6089;01-Sep-2011
103632;Tata Liquidity Management Fund - Regular Plan - Growth;INF277K01LW5;;1368.6703;1368.6703;1368.6703;01-Sep-2011
103519;Tata Liquidity Management Fund - Regular Plan  -Weekly Dividend;;;1005.9278;1005.9278;1005.9278;01-Sep-2011

Open Ended Schemes ( Money Market )


Tata Mutual Fund
102152;Tata Money Market Fund Regular (Bonus / Dividend);;;10.1533;10.1533;10.1533;01-Sep-2011
102153;Tata Money Market Fund Regular (Growth);INF277K01LY1;;16.2329;16.2329;16.2329;01-Sep-2011

Open Ended Schemes ( Floating Rate )


HSBC Mutual Fund
102836;HSBC Floating Rate Fund - Short Term - Inst. - Dividend - Daily;;;0.0000;0.0000;0.0000;01-Sep-2011
102838;HSBC Floating Rate Fund - Short Term - Inst. - Dividend - Monthly;;;0.0000;0.0000;0.0000;01-Sep-2011
102837;HSBC Floating Rate Fund - Short Term - Inst. - Dividend - Weekly;;;0.0000;0.0000;0.0000;01-Sep-2011
102835;HSBC Floating Rate Fund - Short Term - Inst. - Growth;;;14.9070;14.9070;14.9070;01-Sep-2011
102840;HSBC Floating Rate Fund - Short Term - Inst. Plus - Dividend - Daily;;;0.0000;0.0000;0.0000;01-Sep-2011
102842;HSBC Floating Rate Fund - Short Term - Inst. Plus - Dividend - Monthly;;;0.0000;0.0000;0.0000;01-Sep-2011
102841;HSBC Floating Rate Fund - Short Term - Inst. Plus - Dividend - Weekly;;;0.0000;0.0000;0.0000;01-Sep-2011
102839;HSBC Floating Rate Fund - Short Term - Inst. Plus - Growth;;;0.0000;0.0000;0.0000;01-Sep-2011
102833;HSBC Floating Rate Fund - Short Term - Regular - Dividend - Daily;;;10.0000;10.0000;10.0000;01-Sep-2011
102834;HSBC Floating Rate Fund - Short Term - Regular - Dividend - Weekly;;;10.0276;10.0276;10.0276;01-Sep-2011
102832;HSBC Floating Rate Fund - Short Term - Regular - Growth;;;14.7347;14.7347;14.7347;01-Sep-2011

Open Ended Schemes ( Debt Scheme - Overnight Fund )


HDFC Mutual Fund
101996;HDFC Overnight Fund - Growth Option;INF179KB1HS3;;16.5963;16.5963;16.5963;01-Sep-2011
101997;HDFC Overnight Fund - IDCW Option (Daily);;INF179KB1IF8;10.4266;10.4266;10.4266;01-Sep-2011

SBI Mutual Fund
114297;SBI Overnight Fund - Regular Plan - Daily Income Distribution cum Capital Withdrawal Option (IDCW);;INF200K01LN6;10.0991;10.0991;10.0991;01-Sep-2011
101206;SBI OVERNIGHT FUND - REGULAR PLAN - GROWTH;INF200K01LQ9;;17.5486;17.5486;17.5486;01-Sep-2011
103140;SBI Overnight Fund - Regular Plan - Weekly Income Distribution cum Capital Withdrawal Option (IDCW);INF200K01LO4;INF200K01LP1;10.3240;10.3240;10.3240;01-Sep-2011

Open Ended Schemes ( Debt Scheme - Liquid Fund )


Aditya Birla Sun Life Mutual Fund
100047;Aditya Birla Sun Life Liquid Fund - Growth;INF209K01RU9;;16.2792;16.2792;16.2792;01-Sep-2011
100046;Aditya Birla Sun Life Liquid Fund -Daily IDCW;INF209K01KQ2;INF209K01SQ5;10.0195;10.0195;10.0195;01-Sep-2011
100041;Aditya Birla Sun Life Liquid Fund -Institutional - IDCW;;INF209K01KN9;10.8023;10.8023;10.8023;01-Sep-2011
100048;Aditya Birla Sun Life Liquid Fund -Institutional - weekly  IDCW;INF209KA1LK7;INF209K01KY6;10.8218;10.8218;10.8218;01-Sep-2011
100044;Aditya Birla Sun Life Liquid Fund -Retail - IDCW;;INF209K01KP4;16.3694;16.3694;16.3694;01-Sep-2011
100051;Aditya Birla Sun Life Liquid Fund -weekly IDCW;INF209K01KU4;INF209KA1LJ9;10.0369;10.0369;10.0369;01-Sep-2011
112014;Aditya Birla Sun Life Liquid Fund- Discipline Advantage Plan;INF209K01KZ3;;11.2153;11.2153;11.2153;01-Sep-2011
100043;Aditya Birla Sun Life Liquid Fund-Institutional (Growth);INF209K01RT1;;27.3304;27.3304;27.3304;01-Sep-2011
100042;Aditya Birla Sun Life Liquid Fund-Retail (Growth);INF209K01ME4;;26.8152;26.8152;26.8152;01-Sep-2011

Axis Mutual Fund
112211;Axis Liquid Fund - Regular Plan - Daily IDCW;;INF846K01420;1000.1031;1000.1031;1000.1031;01-Sep-2011
112210;Axis Liquid Fund - Regular Plan - Growth Option;INF846K01412;;1126.6633;1126.6633;1126.6633;01-Sep-2011
112213;Axis Liquid Fund - Regular Plan - Monthly IDCW;INF846K01453;INF846K01461;1001.7333;1001.7333;1001.7333;01-Sep-2011
112212;Axis Liquid Fund - Regular Plan - Weekly IDCW;INF846K01438;INF846K01446;1002.7906;1002.7906;1002.7906;01-Sep-2011
112712;Axis Liquid Fund - Retail Plan - Daily IDCW;;INF846K01362;1000.0746;1000.0746;1000.0746;01-Sep-2011
112713;Axis Liquid Fund - Retail Plan - Growth Option;INF846K01354;;1105.4114;1105.4114;1105.4114;01-Sep-2011
112714;Axis Liquid Fund - Retail Plan - Monthly IDCW;INF846K01396;INF846K01404;1001.6472;1001.6472;1001.6472;01-Sep-2011
112715;Axis Liquid Fund - Retail Plan - Weekly IDCW;INF846K01370;INF846K01388;1000.7366;1000.7366;1000.7366;01-Sep-2011

Bandhan Mutual Fund
108692;BANDHAN LIQUID Fund - Regular Plan - Daily IDCW;INF194K01VZ4;INF194K01VY7;10.0025;10.0025;10.0025;01-Sep-2011
108690;BANDHAN LIQUID Fund - Regular Plan - Growth;INF194K01VX9;;12.3704;12.3704;12.3704;01-Sep-2011
108691;BANDHAN LIQUID Fund - Regular Plan - Weekly IDCW;INF194K01WI8;INF194K01WH0;10.0143;10.0143;10.0143;01-Sep-2011
108779;BANDHAN Liquid Fund-Plan A-Dividend (Daily);INF194K01VC3;INF194K01VB5;10.5819;10.5819;10.5819;01-Sep-2011
108778;BANDHAN Liquid Fund-Plan A-Growth;INF194K01UX1;;18.0261;18.0261;18.0261;01-Sep-2011
115486;BANDHAN Liquid Fund-Plan A-Monthly;INF194K01VF6;INF194K01VE9;10.0068;10.0068;10.0068;01-Sep-2011
115487;BANDHAN Liquid Fund-Plan A-Periodic Dividend;INF194K01UZ6;INF194K01UY9;10.0231;10.0231;10.0231;01-Sep-2011
108607;BANDHAN Liquid Fund - Plan A-Dividend (Weekly);INF194K01VI0;INF194K01VH2;10.0240;10.0240;10.0240;01-Sep-2011
108781;BANDHAN Liquid Fund - Plan B (G) (Institutional Plan);INF194K01VK6;;18.1859;18.1859;18.1859;01-Sep-2011
108681;BANDHAN Liquid Fund - Plan B-Daily-Dividend(Institutional Plan);INF194K01VM2;INF194K01VL4;10.5873;10.5873;10.5873;01-Sep-2011

Bank of India Mutual Fund
109257;BANK OF INDIA Liquid Fund- Institutional Plan- Daily Dividend;;;1000.0000;1000.0000;1000.0000;01-Sep-2011
109256;BANK OF INDIA Liquid Fund- Institutional Plan-Growth;INF761K01314;;1204.6241;1204.6241;1204.6241;01-Sep-2011
111971;BANK OF INDIA Liquid Fund- Regular Plan- Daily IDCW;;INF761K01CO4;1000.0000;1000.0000;1000.0000;01-Sep-2011
109254;BANK OF INDIA Liquid Fund- Regular Plan- Growth;INF761K01306;;1189.6038;1189.6038;1189.6038;01-Sep-2011
109255;BANK OF INDIA Liquid Fund- Regular Plan- Weekly IDCW;;INF761K01CP1;1000.6452;1000.6452;1000.6452;01-Sep-2011

Baroda BNP Paribas Mutual Fund
111707;Baroda BNP Paribas LIQUID FUND - Regular Plan - DAILY IDCW OPTION;INF955L01468;INF955L01476;1000.6300;1000.6300;1000.6300;01-Sep-2011
111704;Baroda BNP Paribas LIQUID FUND - Regular Plan - GROWTH OPTION;INF955L01484;;1164.5362;1164.5362;1164.5362;01-Sep-2011
101408;Baroda BNP Paribas LIQUID FUND- Defunct Plan -Growth Option;INF955L01575;;1765.0439;1765.0439;1765.0439;01-Sep-2011
101407;Baroda BNP Paribas LIQUID FUND-Defunct Plan- IDCW Option;INF955L01559;INF955L01567;1512.2056;1512.2056;1512.2056;01-Sep-2011
101409;Baroda BNP Paribas LIQUID FUND-Defunct Plan-Daily IDCW Option;INF955L01518;INF955L01526;1006.0600;1006.0600;1006.0600;01-Sep-2011

BNP Paribas Mutual Fund
113641;BNP PARIBAS LIQUID Fund-Institutional Plan-Daily Dividend Option;;;10.0030;10.0030;10.0030;01-Sep-2011
113634;BNP PARIBAS LIQUID Fund-Institutional Plan-Growth Option;;;15.6329;15.6329;15.6329;01-Sep-2011
113638;BNP PARIBAS LIQUID Fund-Institutional Plan-Monthly Dividend Payout Option;;;10.0055;10.0055;10.0055;01-Sep-2011
113642;BNP PARIBAS LIQUID Fund-Institutional Plan-Weekly Dividend Option;;;10.0180;10.0180;10.0180;01-Sep-2011
113633;BNP PARIBAS LIQUID Fund-Institutional Plus Plan-Daily Dividend Option;;;0.0000;0.0000;0.0000;01-Sep-2011
113639;BNP PARIBAS LIQUID Fund-Institutional Plus Plan-Growth Option;;;0.0000;0.0000;0.0000;01-Sep-2011
113635;BNP PARIBAS LIQUID Fund-Institutional Plus Plan-Monthly Dividend Option;;;0.0000;0.0000;0.0000;01-Sep-2011
113636;BNP PARIBAS LIQUID Fund-Institutional Plus Plan-Weekly Dividend Option;;;0.0000;0.0000;0.0000;01-Sep-2011
113640;BNP PARIBAS LIQUID Fund-Regular Plan-Growth Option;INF251K01CI8;;15.2088;15.2088;15.2088;01-Sep-2011
113632;BNP PARIBAS LIQUID Fund-Regular Plan-Monthly Dividend;INF251K01CK4;INF251K01CL2;10.0052;10.0052;10.0052;01-Sep-2011
113637;BNP PARIBAS LIQUID Fund-Regular Plan-Weekly Dividend Option;;INF251K01CJ6;10.0170;10.0170;10.0170;01-Sep-2011

Canara Robeco Mutual Fund
109349;CANARA ROBECO LIQUID FUND - REGULAR PLAN - DAILY IDCW (Reinvestment);;INF760K01CU3;1005.5000;1005.5000;1005.5000;01-Sep-2011
109353;CANARA ROBECO LIQUID FUND - REGULAR PLAN - GROWTH OPTION;INF760K01CW9;;1236.2464;1236.2464;1236.2464;01-Sep-2011
109350;CANARA ROBECO LIQUID FUND - REGULAR PLAN - WEEKLY IDCW (Payout/Reinvestment);INF760K01BZ4;INF760K01CZ2;1000.0000;1000.0000;1000.0000;01-Sep-2011
101363;Canara Robeco Liquid Fund- INSTITUTIONAL-Daily Dividend Reinvestment;;INF760K01CC1;1005.5000;1005.5000;1005.5000;01-Sep-2011
101362;Canara Robeco Liquid Fund- INSTITUTIONAL-Growth;INF760K01CD9;;1841.0742;1841.0742;1841.0742;01-Sep-2011
101361;Canara Robeco Liquid Fund- INSTITUTIONAL-Weekly dividend;;INF760K01CE7;1000.0000;1000.0000;1000.0000;01-Sep-2011
109357;Canara Robeco Liquid Fund-Institutional-Fortnightly Div Reinvest;;INF760K01860;1000.0000;1000.0000;1000.0000;01-Sep-2011
109355;Canara Robeco Liquid Fund-Regular Plan-Fortnightly Div Reinvest.;;INF760K01951;1000.0000;1000.0000;1000.0000;01-Sep-2011
101364;Canara Robeco Liquid Fund-Retail-DRI;;INF760K01CF4;1007.0000;1007.0000;1007.0000;01-Sep-2011
109346;Canara Robeco Liquid Fund-Retail-Fortnightly Div Reinvest;;INF760K01CG2;1005.7119;1005.7119;1005.7119;01-Sep-2011
101365;Canara Robeco Liquid Fund-Retail-Growth;INF760K01CH0;;1830.3306;1830.3306;1830.3306;01-Sep-2011
109347;Canara Robeco Liquid Fund-Retail-Monthly Div Reinvest;;INF760K01CI8;1005.7117;1005.7117;1005.7117;01-Sep-2011
109356;Canara Robeco Liquid Fund-Retail-Weekly Div Reinvest;;INF760K01CJ6;1005.7117;1005.7117;1005.7117;01-Sep-2011

DSP Mutual Fund
103347;DSP Liquidity Fund - Regular Plan - Growth;INF740K01FK9;;1455.2679;1455.2679;1455.2679;01-Sep-2011
103348;DSP Liquidity Fund - Regular Plan - IDCW - Weekly;INF740K01FM5;INF740K01FL7;1000.2000;1000.2000;1000.2000;01-Sep-2011
103349;DSP Liquidity Fund- Regular Plan - IDCW - Daily;;INF740KA1OE0;1000.3161;1000.3161;1000.3161;01-Sep-2011
100943;DSP BlackRock Liquidity Fund - Regular Plan - Daily Dividend;;;10.0100;10.0100;10.0100;01-Sep-2011
100940;DSP BlackRock Liquidity Fund - Regular Plan - Growth;INF740K01CN0;;24.1005;24.1005;24.1005;01-Sep-2011
100941;DSP BlackRock Liquidity Fund - Regular Plan Weekly Dividend;;;12.4104;12.4104;12.4104;01-Sep-2011

Franklin Templeton Mutual Fund
100543;Franklin India Liquid Fund - Liquid Plan - Daily IDCW;;;1000.6730;1000.6730;1000.6730;01-Sep-2011
100544;Franklin India Liquid Fund - Liquid Plan - Growth;;;1513.1966;1513.1966;1513.1966;01-Sep-2011
100542;Franklin India Liquid Fund - Liquid Plan - Weekly Dividend;;;1001.4446;1001.4446;1001.4446;01-Sep-2011
100541;Franklin India Liquid Fund - Regular Plan - Daily - IDCW;;INF090I01BA3;1512.3400;1512.3400;1512.3400;01-Sep-2011
100538;Franklin India Liquid Fund - Regular Plan - Growth;INF090I01BB1;;2487.6805;2487.6805;2487.6805;01-Sep-2011
100537;Franklin India Liquid Fund - Regular Plan - Weekly - IDCW;INF090I01BL0;INF090I01BI6;1245.4395;1245.4395;1245.4395;01-Sep-2011
100547;Franklin India Liquid Fund - Super Institutional Plan - Daily - IDCW;;INF090I01BF2;1000.6730;1000.6730;1000.6730;01-Sep-2011
100546;Franklin India Liquid Fund - Super Institutional Plan - Growth;INF090I01BG0;;1512.0588;1512.0588;1512.0588;01-Sep-2011
100548;Franklin India Liquid Fund - Super Institutional Plan - Weekly - IDCW;INF090I01BM8;INF090I01BH8;1022.1014;1022.1014;1022.1014;01-Sep-2011
102441;Franklin India Liquid Fund - Institution-Growth;INF090I01BD7;;1582.7021;1582.7021;1582.7021;01-Sep-2011
102443;Franklin India Liquid Fund - Institutional Plan - Daily - IDCW;;INF090I01BC9;1000.6730;1000.6730;1000.6730;01-Sep-2011
102442;Franklin India Liquid Fund - Institutional Plan - Weekly - IDCW;INF090I01BJ4;INF090I01BE5;1055.6932;1055.6932;1055.6932;01-Sep-2011

HDFC Mutual Fund
100868;HDFC Liquid Fund - Growth Plan;INF179KB1HK0;;20.0851;20.0851;20.0851;01-Sep-2011
100875;HDFC Liquid Fund - IDCW Daily;;INF179KB1IC5;10.1982;10.1982;10.1982;01-Sep-2011
100876;HDFC Liquid Fund - IDCW Monthly;INF179KB1HM6;INF179KB1HL8;10.2702;10.2702;10.2702;01-Sep-2011
100874;HDFC Liquid Fund - IDCW Plan Weekly;INF179KB1ID3;;10.3176;10.3176;10.3176;01-Sep-2011
100877;HDFC Liquid Fund-Premium Plan - Dividend-Daily;;INF179K01KN4;12.2598;12.2598;12.2598;01-Sep-2011
100878;HDFC Liquid Fund-Premium Plan - Dividend-Weekly;INF179K01KP9;;10.3719;10.3719;10.3719;01-Sep-2011
100881;HDFC Liquid Fund-Premium Plus Plan - Dividend-Weekly;INF179K01KS3;;10;10;10;01-Sep-2011
100872;HDFC Liquid Fund-PREMIUM PLUS- Growth;INF179K01KQ7;;20.4176;20.4176;20.4176;01-Sep-2011
100873;HDFC Liquid Fund-PREMIUM- Growth;INF179KB1HN4;;20.3765;20.3765;20.3765;01-Sep-2011

HSBC Mutual Fund
101700;HSBC Cash Fund - Dividend - Daily;;INF336L01321;10.0056;10.0056;10.0056;01-Sep-2011
101702;HSBC Cash Fund - Dividend - Monthly;INF336L01305;INF336L01297;10.0895;10.0895;10.0895;01-Sep-2011
101701;HSBC Cash Fund - Dividend - Weekly;;INF336L01347;10.5863;10.5863;10.5863;01-Sep-2011
101692;HSBC Cash Fund - Inst. - Dividend - Daily;;INF336L01354;10.4401;10.4401;10.4401;01-Sep-2011
101694;HSBC Cash Fund - Inst. - Dividend - Monthly;INF336L01370;INF336L01362;10.5348;10.5348;10.5348;01-Sep-2011
101693;HSBC Cash Fund - Inst. - Dividend - Weekly;;INF336L01388;10.8126;10.8126;10.8126;01-Sep-2011
101691;HSBC Cash Fund - Inst. - Growth;INF336L01289;;16.3847;16.3847;16.3847;01-Sep-2011
101697;HSBC Cash Fund - Regular - Dividend - Daily;;INF336L01263;10.1930;10.1930;10.1930;01-Sep-2011
101698;HSBC Cash Fund - Regular - Dividend - Weekly;;INF336L01313;10.0295;10.0295;10.0295;01-Sep-2011
101696;HSBC Liquid Fund - Growth closed plan;INF336L01271;;16.1851;16.1851;16.1851;01-Sep-2011
101699;HSBC Liquid Fund Closed;INF336L01339;;10.2242;10.2242;10.2242;01-Sep-2011

ICICI Prudential Mutual Fund
100357;ICICI Prudential Liquid Fund -Quarterly IDCW;INF109K01UU5;INF109K01UT7;101.6185;101.6185;101.6185;01-Sep-2011
100359;ICICI Prudential Liquid Institutional Plus Fund - Div - Daily;INF109K01VJ6;;118.5150;118.5150;118.5150;01-Sep-2011
100360;ICICI Prudential Liquid Institutional Plus Fund - Div - Weekly;INF109K01VM0;;118.6621;118.6621;118.6621;01-Sep-2011
100362;ICICI Prudential Liquid Institutional Plus Fund - Growth;INF109K01VK4;;250.7148;250.7148;250.7148;01-Sep-2011
103343;ICICI Prudential Liquid Fund - Daily IDCW;INF109K01VP3;;100.0226;100.0226;100.0226;01-Sep-2011
103340;ICICI Prudential Liquid Fund - Growth;INF109K01VQ1;;150.3651;150.3651;150.3651;01-Sep-2011
104308;ICICI Prudential Liquid Fund - Half Yearly IDCW;INF109K01UX9;INF109K01UW1;102.2174;102.2174;102.2174;01-Sep-2011
103344;ICICI Prudential Liquid Fund - Institutional Option - I;INF109K01VH0;;146.7184;146.7184;146.7184;01-Sep-2011
103342;ICICI Prudential Liquid Fund - Weekly IDCW;INF109K01VS7;;100.2301;100.2301;100.2301;01-Sep-2011
103341;ICICI Prudential Liquid Fund -Monthly IDCW;INF109K01VR9;;100.0724;100.0724;100.0724;01-Sep-2011
101748;ICICI Prudential Liquid Fund - Institutional - Daily - Div;INF109K01VE7;;118.5020;118.5020;118.5020;01-Sep-2011
101753;ICICI Prudential Liquid Fund - Institutional - Weekly - Div;INF109K01VI8;;118.5299;118.5299;118.5299;01-Sep-2011
101754;ICICI Prudential Liquid Fund Retail Daily Dividend;INF109K01UR1;;118.5140;118.5140;118.5140;01-Sep-2011
101750;ICICI Prudential Liquid Fund Retail Growth;INF109K01UQ3;;243.4346;243.4346;243.4346;01-Sep-2011
101755;ICICI Prudential Liquid Fund Retail Monthly Dividend;INF109K01US9;;100.1735;100.1735;100.1735;01-Sep-2011
101752;ICICI Prudential Liquid Fund Retail Weekly Dividend;INF109K01UV3;;118.9003;118.9003;118.9003;01-Sep-2011
101751;ICICI Prudential Liquid Institutional Fund - Growth;INF109K01VF4;;248.6479;248.6479;248.6479;01-Sep-2011

IDBI Mutual Fund
113104;IDBI Liquid Fund- Monthly IDCW;INF397L01976;INF397L01968;1001.7019;1001.7019;1001.7019;01-Sep-2011
113102;IDBI Liquid Fund-Daily IDCW;;INF397L01935;1000.0000;1000.0000;1000.0000;01-Sep-2011
113096;IDBI Liquid Fund-Growth;INF397L01984;;1090.7750;1090.7750;1090.7750;01-Sep-2011
113103;IDBI Liquid Fund-Weekly IDCW;INF397L01950;INF397L01943;1001.1917;1001.1917;1001.1917;01-Sep-2011

Invesco Mutual Fund
104484;Invesco India Liquid Fund - Daily IDCW (Reinvestment);;INF205K01HN3;1000.7849;1000.7849;1000.7849;01-Sep-2011
104486;Invesco India Liquid Fund - Growth;INF205K01HM5;;1396.7632;1396.7632;1396.7632;01-Sep-2011
104488;Invesco India Liquid Fund - Regular - Growth;INF205K01HG7;;1368.7451;1368.7451;1368.7451;01-Sep-2011
104489;Invesco India Liquid Fund - Regular - Weekly IDCW (Reinvestment);;INF205K01HH5;1001.0200;1001.0200;1001.0200;01-Sep-2011
104483;Religare Invesco Liquid Fund - Institutional - Daily Dividend;;INF205K01HJ1;1000.2250;1000.2250;1000.2250;01-Sep-2011
104491;Religare Invesco Liquid Fund - Institutional - Growth;INF205K01HI3;;1387.2716;1387.2716;1387.2716;01-Sep-2011

JM Financial Mutual Fund
100241;JM High Liquidity Fund-- Institutional Plan - Dividend;INF192K01924;INF192K01932;10.6163;10.6163;10.6163;01-Sep-2011
100237;JM High Liquidity Fund-- Institutional Plan - Growth;INF192K01940;;16.7428;16.7428;16.7428;01-Sep-2011
100238;JM High Liquidity Fund-Institutional Plan - Daily Dividend;;INF192K01916;10.0159;10.0159;10.0159;01-Sep-2011
100245;JM High Liquidity Fund-Super Institutional Plan- Daily Dividend;;INF192K01957;10.0165;10.0165;10.0165;01-Sep-2011
100246;JM High Liquidity Fund-Super Institutional Plan- Weekly  Dividend;INF192K01965;INF192K01973;10.0171;10.0171;10.0171;01-Sep-2011
100244;JM Liquid Fund (Regular) - Quarterly IDCW;INF192K01866;INF192K01874;15.7044;15.7044;15.7044;01-Sep-2011
100247;JM Liquid Fund (Regular) - Super Institutional Plan - Growth Option;INF192K01981;;15.9217;15.9217;15.9217;01-Sep-2011
100233;JM Liquid Fund (Regular) - Weekly IDCW;INF192K01841;INF192K01858;10.8627;10.8627;10.8627;01-Sep-2011
100234;JM Liquid Fund - Growth Option;INF192K01882;;27.7460;27.7460;27.7460;01-Sep-2011
101549;JM Liquid Fund (Regular) - Bonus Option - Principal Units;INF192K01890;;14.5705;14.5705;14.5705;01-Sep-2011
101078;JM Liquid Fund (Regular) - Daily IDCW;;INF192K01833;10.4302;10.4302;10.4302;01-Sep-2011

Kotak Mahindra Mutual Fund
100833;Kotak Liquid Fund - Regular  - Daily Reinvestment of Income Distribution cum capital withdrawal option;;INF174K01NL3;12.2281;12.2281;12.2281;01-Sep-2011
100835;Kotak Liquid Fund - Regular Plan - Growth;INF174K01NI9;;20.6242;20.6242;20.6242;01-Sep-2011
100831;Kotak Liquid Fund -Institutional Plan - (Daily Dividend);;INF174K01GA0;12.2281;12.2281;12.2281;01-Sep-2011
100834;Kotak Liquid Fund Regular Plan Weekly Reinvestment of Income Distribution cum capital withdrawal option Dividend;INF174K01NK5;;10.0693;10.0693;10.0693;01-Sep-2011
100830;Kotak Liquid-Institutional Plan  (Growth);INF174K01FZ9;;19.969;19.969;19.969;01-Sep-2011
100832;Kotak Liquid-Institutional Plan (Weekly Dividend);;INF174K01GB8;10.0812;10.0812;10.0812;01-Sep-2011
100828;Kotak Liquid-Regular (Dividend);;INF174K01FY2;10.0285;10.0285;10.0285;01-Sep-2011
100829;Kotak Liquid-Regular (Growth);INF174K01NM1;;19.5212;19.5212;19.5212;01-Sep-2011

L&T Mutual Fund
112445;L&T Liquid Fund -Regular Plan - Daily IDCW;INF917K01JB4;;10.1163;10.1163;10.1163;01-Sep-2011
112457;L&T Liquid Fund -Regular Plan - Growth;INF917K01JH1;;13.9467;13.9467;13.9467;01-Sep-2011
112456;L&T Liquid Fund-Cum -Institutional Plus;INF917K01BJ4;;20.4521;20.4521;20.4521;01-Sep-2011
112442;L&T Liquid Fund-Regular Cumulative;INF917K01BF2;;20.1684;20.1684;20.1684;01-Sep-2011
112483;L&T Liquid Fund - Institutional Plus Weekly Dividend;INF917K01BH8;INF917K01BI6;13.5073;13.5073;13.5073;01-Sep-2011

LIC Mutual Fund
101184;LIC MF Liquid Fund-Regular Plan-Daily IDCW;INF767K01IQ3;INF767K01IR1;10.9801;10.9801;10.9801;01-Sep-2011
101185;LIC MF Liquid Fund-Regular Plan-Growth;INF767K01IS9;;18.5462;18.5462;18.5462;01-Sep-2011

Mirae Asset Mutual Fund
111647;Mirae Asset Liquid Fund - Regular - Daily IDCW;;INF769K01804;1034.5329;1034.5329;1034.5329;01-Sep-2011
111646;Mirae Asset Liquid Fund - Regular Plan - Growth;INF769K01788;;1112.5875;1112.5875;1112.5875;01-Sep-2011
111645;Mirae Asset Liquid Fund - Regular Plan - Monthly IDCW;INF769K01838;INF769K01820;1112.73;1112.73;1112.73;01-Sep-2011
111644;Mirae Asset Liquid Fund - Regular Plan - Weekly IDCW;INF769K01PC4;INF769K01812;1111.2656;1111.2656;1111.2656;01-Sep-2011

Navi Mutual Fund
112645;Navi Liquid Fund - Regular Plan Daily IDCW;;INF959L01GM7;10.0015;10.0015;10.0015;01-Sep-2011
112646;Navi Liquid Fund - Regular Plan Weekly IDCW;INF959L01GP0;INF959L01GQ8;10.0088;10.0088;10.0088;01-Sep-2011
112637;Navi Liquid Fund-Institutional Plan-Dividend Option-Daily;;INF959L01197;10.0015;10.0015;10.0015;01-Sep-2011
112640;Navi Liquid Fund-Institutional Plan-Growth;INF959L01247;;11.0476;11.0476;11.0476;01-Sep-2011
112636;Navi Liquid Fund-Regular Plan-Growth Option;INF959L01GL9;;11.0955;11.0955;11.0955;01-Sep-2011
112641;Navi Liquid Fund-Retail Plan-Dividend Option-Daily;;INF959L01254;10.0015;10.0015;10.0015;01-Sep-2011
112643;Navi Liquid Fund-Retail Plan-Dividend Option-Monthly;INF959L01262;INF959L01270;10.0121;10.0121;10.0121;01-Sep-2011
112642;Navi Liquid Fund-Retail Plan-Dividend Option-Weekly;INF959L01288;INF959L01296;10.0064;10.0064;10.0064;01-Sep-2011
112644;Navi Liquid Fund-Retail Plan-Growth;INF959L01304;;11.0105;11.0105;11.0105;01-Sep-2011

Nippon India Mutual Fund
100852;NIPPON INDIA LIQUID FUND - DAILY IDCW OPTION;;INF204K01UM1;15.2874;15.2874;15.2874;01-Sep-2011
100855;NIPPON INDIA LIQUID FUND - MONTHLY IDCW OPTION;INF204K01UO7;INF204K01UP4;21.7800;21.7800;21.7800;01-Sep-2011
100837;Nippon India Liquid Fund - Retail Option - Growth Plan;INF204K01UL3;;24.2585;24.2585;24.2585;01-Sep-2011
100842;NIPPON INDIA LIQUID FUND - RETAIL Plan - DAILY IDCW OPTION;;INF204K01UJ7;15.2428;15.2428;15.2428;01-Sep-2011
100843;NIPPON INDIA LIQUID FUND - RETAIL plan - MONTHLY IDCW OPTION;INF204K01UT6;INF204K01UU4;13.3304;13.3304;13.3304;01-Sep-2011
100844;NIPPON INDIA LIQUID FUND - RETAIL Plan - QUARTERLY IDCW OPTION;INF204K01UV2;INF204K01UW0;12.3609;12.3609;12.3609;01-Sep-2011
100838;NIPPON INDIA LIQUID FUND - RETAIL Plan - WEEKLY IDCW OPTION;;INF204K01UK5;10.3560;10.3560;10.3560;01-Sep-2011
100853;NIPPON INDIA LIQUID FUND - WEEKLY IDCW OPTION;INF204KC1FM8;INF204K01US8;15.3249;15.3249;15.3249;01-Sep-2011
100851;Nippon India Liquid Fund -Growth Plan;INF204K01UN9;;24.7598;24.7598;24.7598;01-Sep-2011
100849;Reliance Liquid Fund-Cash Plan-Daily Dividend Reinvestment Option;;;11.1415;11.1415;11.1415;01-Sep-2011
100845;Reliance Liquid Fund-Cash Plan-Growth Plan;;;16.4845;16.4845;16.4845;01-Sep-2011
114251;Reliance Liquid Fund-Cash Plan-Monthly Dividend Plan;;;10.0448;10.0448;10.0448;01-Sep-2011
114252;Reliance Liquid Fund-Cash Plan-Quarterly Dividend Plan;;;10.2062;10.2062;10.2062;01-Sep-2011
100848;Reliance Liquid Fund-Cash Plan-Weekly Dividend Reinvestment Option;;;10.9327;10.9327;10.9327;01-Sep-2011

Principal Mutual Fund
100895;Principal Cash Management Fund - Daily Income Distribution CUM Capital Withdrawal;;INF173K01DB7;10.0007;10.0007;10.0007;01-Sep-2011
100897;Principal Cash Management Fund - Monthly Income Distribution CUM Capital Withdrawal Option;INF173K01BV9;INF173K01BW7;10.1179;10.1179;10.1179;01-Sep-2011
100896;Principal Cash Management Fund - Weekly Income Distribution CUM Capital Withdrawal Option;;INF173K01DC5;10.0771;10.0771;10.0771;01-Sep-2011
100898;Principal Cash Management Fund -Growth Option;INF173K01DA9;;15.8147;15.8147;15.8147;01-Sep-2011

quant Mutual Fund
103225;quant Liquid Fund - Growth Option - Regular Plan;INF966L01317;;15.5106;15.5106;15.5106;01-Sep-2011
103228;quant Liquid Fund - Monthly IDCW Option - Regular Plan;INF966L01291;INF966L01309;14.9637;14.9637;14.9637;01-Sep-2011
103227;quant Liquid Fund - Weekly IDCW Option - Regular Plan;INF966L01499;INF966L01283;13.1640;13.1640;13.1640;01-Sep-2011
103226;quant Liquid Fund-Daily IDCW Option - Regular Plan;;INF966L01275;13.5272;13.5272;13.5272;01-Sep-2011

Quantum Mutual Fund
103736;Quantum Liquid Fund - Direct Plan Daily IDCW;;INF082J01135;10.0000;10.0000;10.0000;01-Sep-2011
103734;Quantum Liquid Fund - Direct Plan Growth Option;INF082J01127;;14.4732;14.4732;14.4732;01-Sep-2011
103735;Quantum Liquid Fund - Direct Plan Monthly IDCW;INF082J01143;INF082J01200;10.0170;10.0170;10.0170;01-Sep-2011

SBI Mutual Fund
105274;SBI Liquid Fund - Institutional - Growth;INF200K01LU1;;16.1559;16.1559;16.1559;01-Sep-2011
105275;SBI Liquid Fund - Institutional Daily Income Distribution cum Capital Withdrawal Option (IDCW);;INF200K01LR7;10.0325;10.0325;10.0325;01-Sep-2011
105279;SBI Liquid Fund - Institutional Fortnightly Income Distribution cum Capital Withdrawal Option (IDCW);INF200K01LS5;INF200K01LT3;10.2197;10.2197;10.2197;01-Sep-2011
105278;SBI Liquid Fund - Institutional Weekly Income Distribution cum Capital Withdrawal Option (IDCW);INF200K01LV9;INF200K01LW7;10.6166;10.6166;10.6166;01-Sep-2011
105281;SBI Liquid Fund - Regular Plan - Daily Income Distribution cum Capital Withdrawal Option (IDCW);;INF200K01LX5;10.0325;10.0325;10.0325;01-Sep-2011
105283;SBI Liquid Fund - Regular Plan - Fortnightly Income Distribution cum Capital Withdrawal Option (IDCW);INF200K01LY3;INF200K01LZ0;N.A.;N.A.;N.A.;01-Sep-2011
105282;SBI Liquid Fund - Regular Plan - Weekly Income Distribution cum Capital Withdrawal Option (IDCW);INF200K01MB9;INF200K01MC7;N.A.;N.A.;N.A.;01-Sep-2011
105280;SBI Liquid Fund - REGULAR PLAN -Growth;INF200K01MA1;;15.9888;15.9888;15.9888;01-Sep-2011

Tata Mutual Fund
102672;Tata Liquid Fund -Regular Plan - Growth Option;INF277K01YD8;;15.9588;15.9588;15.9588;01-Sep-2011
101714;Tata Liquid Fund- Regular Plan - Daily Reinvestment of IDCW Option;;INF277K011D4;10.0152;10.0152;10.0152;01-Sep-2011

Taurus Mutual Fund
111915;Taurus Liquid Fund - Regular Plan - SI Growth Option;INF044D01534;;1094.8884;1094.8884;1094.8884;01-Sep-2011
113248;Taurus Liquid Fund - Regular Plan - SI Weekly Dividend Option;;INF044D01526;1001.7174;1001.7174;1001.7174;01-Sep-2011
111703;Taurus Liquid Fund - Regular Plan -SI Daily Dividend Option;;INF044D01518;1000.0905;1000.0905;1000.0905;01-Sep-2011
111547;Taurus Liquid Fund Insti DDRIP;;INF044D01484;1000.0905;1000.0905;1000.0905;01-Sep-2011
111760;Taurus Liquid Fund Insti Growth;INF044D01500;;1116.7193;1116.7193;1116.7193;01-Sep-2011
104240;Taurus Liquid Fund-Dividend;INF044D01542;INF044D01559;1001.2175;1001.2175;1001.2175;01-Sep-2011
104241;Taurus Liquid Fund-Growth;INF044D01575;;1333.1969;1333.1969;1333.1969;01-Sep-2011

Union Mutual Fund
115401;Union Liquid Fund - Daily IDCW Option;;INF582M01021;10.0018;10.0018;10.0018;01-Sep-2011
115398;Union Liquid Fund - Growth Option;INF582M01013;;10.1820;10.1820;10.1820;01-Sep-2011
115400;Union Liquid Fund - Monthly IDCW Option;INF582M01070;INF582M01054;10.0156;10.0156;10.0156;01-Sep-2011
115402;Union Liquid Fund - Weekly IDCW Option;;INF582M01039;10.0064;10.0064;10.0064;01-Sep-2011

UTI Mutual Fund
102010;UTI Liquid Fund - Regular Plan - Daily IDCW (Reinvestment);;INF789F01PG3;1019.4457;1019.4457;1019.4457;01-Sep-2011
102011;UTI Liquid Fund - Regular Plan - Monthly IDCW;INF789F01PI9;INF789F01PJ7;1032.8168;1032.8168;1032.8168;01-Sep-2011
102013;UTI Liquid Fund - Regular Plan - Weekly IDCW;;INF789F01PK5;1043.4909;1043.4909;1043.4909;01-Sep-2011
102012;UTI-  Liquid Cash Plan - Regular Plan - Growth Option;INF789F01PH1;;1668.8393;1668.8393;1668.8393;01-Sep-2011
102008;UTI-  Liquid Cash Plan- Discontinued - Regular Plan - Monthly Dividend Option;INF789F01BC2;INF789F01BA6;1096.2754;1096.2754;1096.2754;01-Sep-2011
102009;UTI-  Liquid Cash Plan- Discontinued - Regular Plan -Growth;INF789F01BB4;;1633.0896;1633.0896;1633.0896;01-Sep-2011
102007;UTI-  Liquid Cash Plan- Discontinued -Regular Plan Periodic Dividend Option;;INF789F01AZ5;1086.3566;1086.3566;1086.3566;01-Sep-2011

Open Ended Schemes ( Debt Scheme - Ultra Short Duration Fund )


Principal Mutual Fund
107329;Principal Ultra Short Term Fund-Daily Income Distribution CUM Capital Withdrawal Option;;INF173K01CV7;10.0543;10.0543;10.0543;01-Sep-2011
107328;Principal Ultra Short Term Fund-Growth Option;INF173K01CU9;;11.3878;11.3878;11.3878;01-Sep-2011
107332;Principal Ultra Short Term Fund-Weekly Income Distribution CUM Capital Withdrawal Option;;INF173K01CW5;10.1311;10.1311;10.1311;01-Sep-2011

SBI Mutual Fund
105080;SBI Ultra Short Duration Fund - Regular Plan - Daily Income Distribution cum Capital Withdrawal Option (IDCW);;INF200K01LK2;16.7503;16.7503;16.7503;01-Sep-2011
100641;SBI ULTRA SHORT DURATION FUND - REGULAR PLAN - GROWTH;INF200K01LJ4;;22.5605;22.5605;22.5605;01-Sep-2011
103884;SBI Ultra Short Duration Fund - Regular Plan - Weekly Income Distribution cum Capital Withdrawal Option (IDCW);INF200K01LM8;INF200K01LL0;10.7887;10.7887;10.7887;01-Sep-2011

Open Ended Schemes ( Debt Scheme - Money Market Fund )


Aditya Birla Sun Life Mutual Fund
101973;Aditya Birla Sun Life Money Manager Fund - Daily IDCW;;INF209K01SZ6;10.0020;10.0020;10.0020;01-Sep-2011
101976;Aditya Birla Sun Life Money Manager Fund - Growth;INF209K01RV7;;13.4925;13.4925;13.4925;01-Sep-2011
101972;Aditya Birla Sun Life Money Manager Fund - Retail - Daily IDCW;;INF209K01JZ5;10.0015;10.0015;10.0015;01-Sep-2011
101970;Aditya Birla Sun Life Money Manager Fund - RETAIL - WEEKLY IDCW;;INF209K01JY8;10.3893;10.3893;10.3893;01-Sep-2011
101971;Aditya Birla Sun Life Money Manager Fund - Retail Growth;INF209K01MJ3;;16.7411;16.7411;16.7411;01-Sep-2011
101974;Aditya Birla Sun Life Money Manager Fund - WEEKLY IDCW;;INF209K01SY9;10.0220;10.0220;10.0220;01-Sep-2011

HDFC Mutual Fund
101994;HDFC Money Market Fund - Daily IDCW Option;;INF179KB1IG6;10.6364;10.6364;10.6364;01-Sep-2011
101993;HDFC Money Market Fund - Growth Option;INF179KB1HR5;;21.2455;21.2455;21.2455;01-Sep-2011
101995;HDFC Money Market Fund - Weekly IDCW Option;INF179KB1IH4;INF179KB1II2;10.64;10.64;10.64;01-Sep-2011

ICICI Prudential Mutual Fund
115328;ICICI Prudential Money Market Fund Dividend;INF109K01I72;;100.0020;100.0020;100.0020;01-Sep-2011
101221;ICICI Prudential Money Market Fund Retail Growth (erstwhile Cash Option);INF109K01TW3;;162.0319;162.0319;162.0319;01-Sep-2011
103634;ICICI Prudential Money Market Fund Option - Daily IDCW;INF109K01TY9;;100.0115;100.0115;100.0115;01-Sep-2011
103633;ICICI Prudential Money Market Fund Option - Growth;INF109K01TX1;;140.5821;140.5821;140.5821;01-Sep-2011
103637;ICICI Prudential Money Market Fund Option - Monthly IDCW;INF109K01UC3;INF109K01UB5;100.3008;100.3008;100.3008;01-Sep-2011
103635;ICICI Prudential Money Market Fund Option - Weekly IDCW;INF109K01TZ6;;100.1387;100.1387;100.1387;01-Sep-2011
103636;ICICI Prudential Money Market Fund Option -Fortnightly IDCW;INF109K01UA7;;100.2789;100.2789;100.2789;01-Sep-2011

Kotak Mahindra Mutual Fund
106842;Kotak Money Market Fund - (Daily Reinvestment of Income Distribution cum capital withdrawal option);INF174K01ND0;;10.1162;10.1162;10.1162;01-Sep-2011
101893;Kotak Money Market Fund - (Growth);INF174K01NA6;;16.642;16.642;16.642;01-Sep-2011
101892;Kotak Money market Fund - (Monthly Payout of Income Distribution cum capital withdrawal option);INF174K018O0;INF174K01NB4;10.0616;10.0616;10.0616;01-Sep-2011
101894;Kotak Money Market Fund - (Weekly Reinvestment of Income Distribution cum capital withdrawal option);INF174K01NC2;;10.1271;10.1271;10.1271;01-Sep-2011

Nippon India Mutual Fund
103050;NIPPON INDIA MONEY MARKET FUND - DAILY IDCW Option;;INF204K01UY6;10.0051;10.0051;10.0051;01-Sep-2011
103051;NIPPON INDIA MONEY MARKET FUND - WEEKLY IDCW Option;;INF204K01UZ3;10.0179;10.0179;10.0179;01-Sep-2011
103048;Nippon India Money Market Fund-Growth Plan-Growth Option;INF204K01VA4;;15.3142;15.3142;15.3142;01-Sep-2011

quant Mutual Fund
103465;Quant Money Market Fund-Dividend Option;INF966L01382;INF966L01390;14.3821;14.3821;14.3821;01-Sep-2011
103464;Quant Money Market Fund-Growth Option;INF966L01408;;15.0973;15.0973;15.0973;01-Sep-2011

Tata Mutual Fund
101986;Tata Money Market Fund- Regular Plan - Daily Reinvestment of IDCW Option;;INF277K014C0;1114.5200;1114.5200;1114.5200;01-Sep-2011
101847;Tata Money Market Fund-Regular Plan - Growth Option;INF277K01LQ7;;1877.3310;1877.3310;1877.3310;01-Sep-2011

UTI Mutual Fund
112077;UTI MMF - Regular Plan - Growth Option;INF789F01PX8;;1138.3621;1138.3621;1138.3621;01-Sep-2011
100724;UTI MMF- Discontinued - Regular Plan - Flexi Dividend Option;;INF789F01BD0;1915.8422;1915.8422;1915.8422;01-Sep-2011
100725;UTI MMF- Discontinued - Regular Plan - Periodic Dividend Option;INF789F01BE8;;1905.6679;1905.6679;1905.6679;01-Sep-2011
100723;UTI MMF-Discontinued - Regular Plan -Growth;INF789F01BF5;;2819.6058;2819.6058;2819.6058;01-Sep-2011
112076;UTI Money Market Fund - Regular Plan - Daily IDCW (Reinvestment);;INF789F01PW0;1003.3854;1003.3854;1003.3854;01-Sep-2011
112635;UTI Money Market Fund - Regular Plan - Weekly IDCW;INF789F01PY6;INF789F01PZ3;1015.528;1015.528;1015.528;01-Sep-2011

Open Ended Schemes ( Debt Scheme - Floater Fund )


Franklin Templeton Mutual Fund
101048;Franklin India Floating Rate Fund - Growth Plan;INF090I01LM7;;17.1047;17.1047;17.1047;01-Sep-2011
101044;Franklin India Floating Rate Fund - IDCW ;INF090I01LN5;;10.0002;10.0002;10.0002;01-Sep-2011

Close Ended Schemes ( Income )


SBI Mutual Fund
114781;SBI Capital Protection Oriented Fund - Series II -;INF200K01ED2;;10.2596;N.A.;N.A.;01-Sep-2011
114554;SBI Debt Fund Series - 15 Months - 6 Dividend;INF200K01EA8;;10.5470;N.A.;N.A.;01-Sep-2011
114555;SBI Debt Fund Series - 15 Months - 6 Growth;INF200K01DZ7;;10.5725;N.A.;N.A.;01-Sep-2011
114442;SBI Debt Fund Series - 18 Months - 6 - Dividend Option;INF200K01CI5;;10.5437;N.A.;N.A.;01-Sep-2011
114443;SBI Debt Fund Series - 18 Months - 6 - Growth Option;INF200K01CH7;;10.5436;N.A.;N.A.;01-Sep-2011
113275;SBI Debt Fund Series - 24 Months - 2 - Dividend;INF200K01CK1;;10.6036;N.A.;N.A.;01-Sep-2011
113363;SBI Debt Fund Series - 24 Months - 2 - Growth;INF200K01CJ3;;10.6046;N.A.;N.A.;01-Sep-2011
115263;SBI SDFS - 36 MONTHS - 1 - DIVIDEND;INF200K01EC4;;10.3233;N.A.;N.A.;01-Sep-2011
115262;SBI SDFS - 36 MONTHS - 1 - GROWTH;INF200K01EB6;;10.3233;N.A.;N.A.;01-Sep-2011
115598;SBI DEBT FUND SERIES - 367 DAYS - 4 - DIVIDEND;INF200K01GF2;;10.0924;N.A.;N.A.;01-Sep-2011
115599;SBI DEBT FUND SERIES - 367 DAYS 4 - GROWTH;INF200K01GE5;;10.0925;N.A.;N.A.;01-Sep-2011
115075;SBI Debt Fund Series - 370 Days 13 - Dividend Payout;INF200K01EJ9;;10.3551;N.A.;N.A.;01-Sep-2011
115076;SBI Debt Fund Series - 370 Days 13 - Growth;INF200K01EI1;;10.3554;N.A.;N.A.;01-Sep-2011
115012;SBI DEBT FUND SERIES - 370 DAYS 11 - GROWTH;INF200K01EE0;;10.4489;N.A.;N.A.;01-Sep-2011
115013;SBI DEBT FUND SERIES - 370 DAYS 11- DIVIDEND;INF200K01EF7;;10.4486;N.A.;N.A.;01-Sep-2011
115048;SBI Debt Fund Series - 370 Days 12 - Dividend Payout;INF200K01EH3;;10.3730;N.A.;N.A.;01-Sep-2011
115047;SBI Debt Fund Series - 370 Days 12 - Growth;INF200K01EG5;;10.3730;N.A.;N.A.;01-Sep-2011
115260;SBI DEBT FUND SERIES - 370 DAYS - 15 - DIVIDEND;INF200K01EN1;;10.2884;N.A.;N.A.;01-Sep-2011
115261;SBI DEBT FUND SERIES - 370 DAYS - 15 - GROWTH;INF200K01EM3;;10.2885;N.A.;N.A.;01-Sep-2011
113321;SBI Debt Fund Series - 60 Months - 1 - Dividend;INF200K01CQ8;;10.4599;N.A.;N.A.;01-Sep-2011
113401;SBI Debt Fund Series - 60 Months - 1 - Growth;INF200K01CP0;;10.4598;N.A.;N.A.;01-Sep-2011
115386;SBI DEBT FUND SERIES - 90 DAYS 44 -GROWTH;;;10.2063;N.A.;N.A.;01-Sep-2011
115385;SBI DEBT FUND SERIES - 90 DAYS 44-DIVIDEND;;;10.2065;N.A.;N.A.;01-Sep-2011
115532;SBI DEBT FUND SERIES - 90 DAYS - 46 - DIVIDEND;;;10.1323;N.A.;N.A.;01-Sep-2011
115531;SBI DEBT FUND SERIES - 90 DAYS 46 - Growth;;;10.1322;N.A.;N.A.;01-Sep-2011
115593;SBI DEBT FUND SERIES - 90 DAYS - 47 - DIVIDEND;;;10.0983;N.A.;N.A.;01-Sep-2011
115592;SBI DEBT FUND SERIES - 90 DAYS 47 - GROWTH;;;10.0983;N.A.;N.A.;01-Sep-2011
115629;SBI DEBT FUND SERIES - 90 DAYS - 48 - DIVIDEND;;;10.0744;N.A.;N.A.;01-Sep-2011
115630;SBI DEBT FUND SERIES - 90 DAYS 48 - GROWTH;;;10.0744;N.A.;N.A.;01-Sep-2011
115467;SBI SDFS 180 DAYS - 20 - DIVIDEND PAYOUT;;;10.1773;N.A.;N.A.;01-Sep-2011
115468;SBI SDFS 180 DAYS - 20 - GROWTH;;;10.1773;N.A.;N.A.;01-Sep-2011
115679;SBI SDFS 180 DAYS - 21 - DIVIDEND PAYOUT;INF200K01FR9;;10.0454;N.A.;N.A.;01-Sep-2011
115678;SBI SDFS 180 DAYS - 21 - GROWTH;INF200K01FQ1;;10.0454;N.A.;N.A.;01-Sep-2011
115114;SBI SDFS 180 DAYS 17 - DIVIDEND PAYOUT;;;10.3352;N.A.;N.A.;01-Sep-2011
115115;SBI SDFS 180 DAYS 17 - GROWTH;;;10.3353;N.A.;N.A.;01-Sep-2011
115187;SBI SDFS 180 DAYS 18 - DIVIDEND PAYOUT;;;10.3007;N.A.;N.A.;01-Sep-2011
115188;SBI SDFS 180 DAYS 18 - GROWTH;;;10.3009;N.A.;N.A.;01-Sep-2011
115343;SBI SDFS 180 DAYS 19 - DIVIDEND PAYOUT;;;10.2397;N.A.;N.A.;01-Sep-2011
115344;SBI SDFS 180 DAYS 19 - GROWTH;;;10.2397;N.A.;N.A.;01-Sep-2011
115347;SBI SDFS 367 DAYS - 1 - DIVIDEND PAYOUT;INF200K01FZ2;;10.2402;N.A.;N.A.;01-Sep-2011
115348;SBI SDFS 367 DAYS - 1 - GROWTH;INF200K01FY5;;10.2402;N.A.;N.A.;01-Sep-2011
115449;SBI SDFS 367 DAYS - 2 - DIVIDEND PAYOUT;INF200K01GB1;;10.1905;N.A.;N.A.;01-Sep-2011
115450;SBI SDFS 367 DAYS - 2 - GROWTH;INF200K01GA3;;10.1906;N.A.;N.A.;01-Sep-2011
115558;SBI SDFS 367 DAYS - 3 - DIVIDEND PAYOUT;INF200K01GD7;;10.1332;N.A.;N.A.;01-Sep-2011
115559;SBI SDFS 367 DAYS - 3 - GROWTH;INF200K01GC9;;10.1332;N.A.;N.A.;01-Sep-2011
115640;SBI DEBT FUND SERIES 367 DAYS - 5 - DIVIDEND;INF200K01GH8;;10.0519;N.A.;N.A.;01-Sep-2011
115639;SBI DEBT FUND SERIES 367 DAYS 5 - GROWTH;INF200K01GG0;;10.0519;N.A.;N.A.;01-Sep-2011
114723;SBI DEBT FUND SERIES 370 DAYS 10 - GROWTH;INF200K01DV6;;10.5153;N.A.;N.A.;01-Sep-2011
114722;SBI DEBT FUND SERIES 370 DAYS 10- Dividend;INF200K01DW4;;10.5153;N.A.;N.A.;01-Sep-2011
115469;SBI SDFS 90 DAYS - 45 - DIVIDEND PAYOUT;;;10.1577;N.A.;N.A.;01-Sep-2011
115470;SBI SDFS 90 DAYS - 45 - GROWTH;;;10.1577;N.A.;N.A.;01-Sep-2011
114839;REDEEMED-SBI Debt Fund Series - 13 Months 11 - Dividend Payout;INF200K01DY0;;10.4609;N.A.;N.A.;01-Sep-2011
114838;REDEEMED-SBI Debt Fund Series 13 Months 11 - Growth;INF200K01DX2;;10.4611;N.A.;N.A.;01-Sep-2011
114343;Z-REDEEMED-SBI Debt Fund Series - 18 Months - 4 - Dividend Option;INF200K01CE4;;10.5674;N.A.;N.A.;01-Sep-2011
114303;Z-REDEEMED-SBI Debt Fund Series - 18 Months - 4 - Growth Option;INF200K01CD6;;10.5927;N.A.;N.A.;01-Sep-2011
114388;Z-REDEEMED-SBI Debt Fund Series - 18 Months - 5 - Dividend Option;INF200K01CG9;;10.5528;N.A.;N.A.;01-Sep-2011
114389;Z-REDEEMED-SBI Debt Fund Series - 18 Months - 5 - Growth Option;INF200K01CF1;;10.5526;N.A.;N.A.;01-Sep-2011
115152;Z-REDEEMED-SBI Debt Fund Series - 370 days - 14 - Dividend Payout;INF200K01EL5;;10.3268;N.A.;N.A.;01-Sep-2011
115151;Z-REDEEMED-SBI Debt Fund Series - 370 Days - 14 - Growth;INF200K01EK7;;10.3267;N.A.;N.A.;01-Sep-2011
113182;Z-REDEEMED-SBI Debt Fund Series - 370 Days - 6 - Dividend;;;10.6120;N.A.;N.A.;01-Sep-2011
113340;Z-REDEEMED-SBI Debt Fund Series - 370 Days - 6 - Growth;;;10.7413;N.A.;N.A.;01-Sep-2011
113411;Z-REDEEMED-SBI Debt Fund Series - 370 Days - 7 - Dividend;;;10.6190;N.A.;N.A.;01-Sep-2011
114250;Z-REDEEMED-SBI Debt Fund Series - 370 Days - 7 - Growth;;;10.6713;N.A.;N.A.;01-Sep-2011
114194;Z-REDEEMED-SBI Debt Fund Series - 370 Days - 8 - Dividend;;;10.5780;N.A.;N.A.;01-Sep-2011
114311;Z-REDEEMED-SBI Debt Fund Series - 370 Days - 8 - Growth;;;10.6304;N.A.;N.A.;01-Sep-2011
114620;Z-REDEEMED-SBI Debt Fund Series - 370 Days - 9 - Dividend;INF200K01DU8;;10.5591;N.A.;N.A.;01-Sep-2011
114619;Z-REDEEMED-SBI Debt Fund Series - 370 Days - 9 - Growth;INF200K01DT0;;10.5579;N.A.;N.A.;01-Sep-2011
