Scheme Code;Scheme Name;ISIN Div Payout/ISIN Growth;ISIN Div Reinvestment;Net Asset Value;Repurchase Price;Sale Price;Date

Open Ended Schemes ( Income )


ABN  AMRO Mutual Fund
102645;ABN AMRO  Short Term Income Fund-Institutional Plan-Daily Dividend Option;;;10.0000;10.0000;10.0000;05-Aug-2007
102644;ABN AMRO  Short Term Income Fund-Institutional Plan-Growth Option;;;11.7870;11.7870;11.7870;05-Aug-2007
102646;ABN AMRO  Short Term Income Fund-Institutional Plan-Monthly Dividend Option;;;10.0065;10.0065;10.0065;05-Aug-2007
102647;ABN AMRO  Short Term Income Fund-Institutional Plan-Weekly Dividend Option;;;0.0000;0.0000;0.0000;05-Aug-2007
102649;ABN AMRO  Short Term Income Fund-Institutional Plus Plan-Daily Dividend Option;;;10.0000;10.0000;10.0000;05-Aug-2007
102648;ABN AMRO  Short Term Income Fund-Institutional Plus Plan-Growth Option;;;0.0000;0.0000;0.0000;05-Aug-2007
102650;ABN AMRO  Short Term Income Fund-Institutional Plus Plan-Monthly Dividend Option;;;0.0000;0.0000;0.0000;05-Aug-2007
102651;ABN AMRO  Short Term Income Fund-Institutional Plus Plan-Weekly Dividend Option;;;0.0000;0.0000;0.0000;05-Aug-2007
102641;ABN AMRO  Short Term Income Fund-Regular Plan-Growth Option;;;11.6488;11.6488;11.6488;05-Aug-2007
102642;ABN AMRO  Short Term Income Fund-Regular Plan-Monthly Dividend Option;;;10.0062;10.0062;10.0062;05-Aug-2007
102643;ABN AMRO  Short Term Income Fund-Regular Plan-Weekly Dividend Option;;;10.0028;10.0028;10.0028;05-Aug-2007

DBS Chola Mutual Fund
101958;DBS Chola Liquid Fund - Institutional Plus Weekly Dividend;;;11.9623;11.9623;11.9623;05-Aug-2007
103137;DBS Chola Short Term Floating Rate Fund-Cumulative;;;11.4867;11.4867;11.4867;05-Aug-2007
103134;DBS Chola Short Term Floating Rate Fund-Dividend-Daily;;;10.0164;10.0164;10.0164;05-Aug-2007
103136;DBS Chola Short Term Floating Rate Fund-Dividend-Monthly;;;10.2418;10.2418;10.2418;05-Aug-2007
103135;DBS Chola Short Term Floating Rate Fund-Dividend-Weekly;;;10.2525;10.2525;10.2525;05-Aug-2007

DSP Mutual Fund
103275;DSP Credit Risk Fund - Institutional Plan-Daily Dividend Reinvest;;;1001.0600;1001.0600;1001.0600;05-Aug-2007
103277;DSP Credit Risk Fund - Institutional Plan-Growth;INF740K01FN3;;1104.7776;1104.7776;1104.7776;05-Aug-2007

Standard Chartered Mutual Fund
102342;GCF-Plan C-Daily Dividend;;;10.0005;10.0005;10.0005;05-Aug-2007
102340;GCF-Plan C-Growth;;;12.0847;12.0847;12.0847;05-Aug-2007
102343;GCF-Plan C-Monthly Dividend;;;0;0;0;05-Aug-2007
102341;GCF-Plan C-weekly Dividend;;;10.0019;10.0019;10.0019;05-Aug-2007
101780;GCF Daily-Dividend(Institutional Plan);;;10.5816;10.5816;10.5816;05-Aug-2007
101760;GCF Dividend-Weekly(Institutional Plan);;;10.3012;10.3012;10.3012;05-Aug-2007
102348;GFRF-Plan C-Daily Dividend;;;10.0015;10.0015;10.0015;05-Aug-2007
102347;GFRF-Plan C-Growth;;;12.0585;12.0585;12.0585;05-Aug-2007
102350;GFRF-Plan C-Monthly Divdend;;;0;0;0;05-Aug-2007
102349;GFRF-Plan C-Weekly Dividend;;;0;0;0;05-Aug-2007
101947;GFRF (Daily - Dividind);;;10.0699;10.0699;10.0699;05-Aug-2007
101948;GFRF (Dividend - Weekly);;;10.068;10.068;10.068;05-Aug-2007
101773;GFRF - Growth(Institutional Plan);;;12.4798;12.4798;12.4798;05-Aug-2007
101774;GFRF Dividend-Daily (Institutional Plan);;;10.0703;10.0703;10.0703;05-Aug-2007
101776;GFRF Dividend-Monthly(Institutional Plan);;;0;0;0;05-Aug-2007
101775;GFRF Dividend-Weekly(Institutional Plan);;;10.0925;10.0925;10.0925;05-Aug-2007
101100;Grindlays Cash Fund-Dividend (Daily);;;10.5819;10.5819;10.5819;05-Aug-2007
101099;Grindlays Cash Fund-Growth;;;14.079;14.079;14.079;05-Aug-2007
101319;Grindlays Cash Fund - Dividend (Weekly);;;10.1933;10.1933;10.1933;05-Aug-2007
101632;Grindlays Cash Fund - Plan B (D) (Institutional Plan);;;0;0;0;05-Aug-2007
101248;Grindlays Cash Fund - Plan B (G) (Institutional Plan);;;14.1526;14.1526;14.1526;05-Aug-2007

Open Ended Schemes ( Liquid )


Aditya Birla Sun Life Mutual Fund
101294;Birla Sun Life Cash Plus Sweep Plan-Dividend Option;;;10.0537;10.0537;10.0537;05-Aug-2007

DBS Chola Mutual Fund
100989;DBS Chola Liquid Fund-Cum -Institutional Plus;;;15.6140;15.6140;15.6140;05-Aug-2007
104329;DBS Chola Liquid Fund-Cum -Super Institutional;;; 10.6161 ; 10.6161 ; 10.6161 ;05-Aug-2007
100978;DBS Chola Liquid Fund-Daily Dividend Reinvestment Plan;;;10.0317;10.0317;10.0317;05-Aug-2007
100975;DBS Chola Liquid Fund-Regular Cumulative;;;15.4979;15.4979;15.4979;05-Aug-2007
101307;DBS Chola Liquid Fund - Regular Weekly Dividend;;;11.9964;11.9964;11.9964;05-Aug-2007
105295;DBS Chola Treasury Management Fund - Cumulative Option;;;11.4215;11.4215;11.4215;05-Aug-2007
105296;DBS Chola Treasury Management Fund - Daily Dividend Option;;;11.3013;11.3013;11.3013;05-Aug-2007

Deutsche Mutual Fund
105672;DWS INSTA CASH PLUS FUND - Regular Plan BONUS OPTION;INF223J01BH3;;10.1570;10.1570;10.1570;05-Aug-2007
101718;DWS Insta Cash Plus Fund-DIVIDEND-Daily Dividend;;INF223J01BI1;10.3010;10.3010;10.3010;05-Aug-2007
101717;DWS Insta Cash Plus Fund-DIVIDEND-MONTHLY DIVIDEND;INF223J01BK7;INF223J01BL5;10.2406;10.2406;10.2406;05-Aug-2007
101716;DWS Insta Cash Plus Fund-DIVIDEND-WEEKLY DIVIDEND;INF223J01BM3;INF223J01BN1;10.2198;10.2198;10.2198;05-Aug-2007
101719;DWS Insta Cash Plus Fund-Growth-GROWTH;INF223J01BJ9;;12.9136;12.9136;12.9136;05-Aug-2007
101722;DWS Insta Cash Plus Fund-Institutional Plan-Daily Dividend;;INF223J01BA8;10.0195;10.0195;10.0195;05-Aug-2007
101720;DWS Insta Cash Plus Fund-Institutional Plan-Dividend;INF223J01BE0;INF223J01BD2;10.1025;10.1025;10.1025;05-Aug-2007
101721;DWS Insta Cash Plus Fund-Institutional Plan-Growth;INF223J01BB6;;12.0872;12.0872;12.0872;05-Aug-2007
101723;DWS Insta Cash Plus Fund-Institutional Plan-Weekly Dividend;INF223J01BF7;INF223J01BG5;10.1222;10.1222;10.1222;05-Aug-2007

Fidelity Mutual Fund
104498;Fidelity Cash Fund - Institutional Plan - Daily Dividend Option;;INF677K01AQ1;10.0000;10.0000;10.0000;05-Aug-2007
104497;Fidelity Cash Fund - Institutional Plan - Growth Option;;;10.5527;10.5527;10.5527;05-Aug-2007
104548;Fidelity Cash Fund - Institutional Plan - Monthly Dividend Option;INF677K01AS7;INF677K01AT5;10.0190;10.0190;10.0190;05-Aug-2007
104546;Fidelity Cash Fund - Institutional Plan - Weekly Dividend Option;;INF677K01AR9;10.0098;10.0098;10.0098;05-Aug-2007
104495;Fidelity Cash Fund - Retail Plan - Daily Dividend option;;INF677K01AL2;10.0000;10.0000;10.0000;05-Aug-2007
104493;Fidelity Cash Fund - Retail Plan - Growth option;;;10.5237;10.5237;10.5237;05-Aug-2007
104547;Fidelity Cash Fund - Retail Plan - Monthly Dividend Option;;;10.0176;10.0176;10.0176;05-Aug-2007
104549;Fidelity Cash Fund - Retail Plan - Weekly Dividend Option;;INF677K01AM0;10.0111;10.0111;10.0111;05-Aug-2007
104494;Fidelity Cash Fund - Super Institutional Plan - Daily Dividend Option;;INF677K01AV1;10.0001;10.0001;10.0001;05-Aug-2007
104496;Fidelity Cash Fund - Super Institutional Plan - Growth Option;INF677K01AU3;;10.5635;10.5635;10.5635;05-Aug-2007
104551;Fidelity Cash Fund - Super Institutional Plan - Monthly Dividend Option;INF677K01AX7;INF677K01AY5;10.0000;10.0000;10.0000;05-Aug-2007
104550;Fidelity Cash Fund - Super Institutional Plan - Weekly Dividend Option;;INF677K01AW9;10.0103;10.0103;10.0103;05-Aug-2007

ING Mutual Fund
100194;ING Liquid Fund-Auto Sweep Growth Option;;;10.0000;10.0000;10.0000;05-Aug-2007
100195;ING Liquid Fund-Auto Sweep Weekly Dividend Option;;;10.0000;10.0000;10.0000;05-Aug-2007
100198;ING Liquid Fund-Institutional Daily Dividend Option;INF084M01473;;10.0121;10.0121;10.0121;05-Aug-2007
100196;ING Liquid Fund-Institutional Growth Option;INF084M01465;;12.0809;12.0809;12.0809;05-Aug-2007
100197;ING Liquid Fund-Institutional Weekly Dividend Option;INF084M01499;INF084M01481;10.0636;10.0636;10.0636;05-Aug-2007
100192;ING Liquid Fund-Regular Daily Dividend Option;INF084M01432;;10.7873;10.7873;10.7873;05-Aug-2007
100190;ING Liquid Fund-Regular Growth Option;INF084M01424;;16.2616;16.2616;16.2616;05-Aug-2007
100191;ING Liquid Fund-Regular Weekly Dividend Option;INF084M01457;INF084M01440;10.8341;10.8341;10.8341;05-Aug-2007
100200;ING Liquid Fund-Super Institutional Daily Dividend Option;INF084M01515;;10.0048;10.0048;10.0048;05-Aug-2007
100199;ING Liquid Fund-Super Institutional Growth Option;INF084M01507;;11.4425;11.4425;11.4425;05-Aug-2007
100201;ING Liquid Fund-Super Institutional Weekly Dividend Option;INF084M01531;INF084M01523;10.0044;10.0044;10.0044;05-Aug-2007

JM Financial Mutual Fund
101420;JM Floater Short Term Fund - Daily Dividend Option;;INF192K01767;10.0883;10.0883;10.0883;05-Aug-2007
101421;JM Floater Short Term Fund - Growth Option;INF192K01775;;12.6446;12.6446;12.6446;05-Aug-2007

Sahara Mutual Fund
101397;Sahara Liquid Fund-Fixed Pricing -  Weekly Dividend Option;;INF515L01064;1025.5803;1025.5803;1025.5803;05-Aug-2007
101393;Sahara Liquid Fund-Fixed Pricing - Daily Dividend Option;;INF515L01049;1024.9045;1024.9045;1024.9045;05-Aug-2007
101394;Sahara Liquid Fund-Fixed Pricing - Growth option;INF515L01056;;1378.3061;1378.3061;1378.3061;05-Aug-2007
101398;Sahara Liquid Fund-Fixed Pricing - Monthly Dividend Option;;INF515L01072;1026.7963;1026.7963;1026.7963;05-Aug-2007
101399;Sahara Liquid Fund-Variable Pricing - Daily Dividend option;;INF515L01080;1024.9262;1024.9262;1024.9262;05-Aug-2007
101402;Sahara Liquid Fund-Variable Pricing - Growth option;INF515L01114;;1383.6315;1383.6315;1383.6315;05-Aug-2007
101400;Sahara Liquid Fund-Variable Pricing - Weekly Dividend Option;;INF515L01098;1025.5718;1025.5718;1025.5718;05-Aug-2007
101401;Sahara Liquid Fund-Variable Pricing- Monthly Dividend Option;;INF515L01106;1027.1588;1027.1588;1027.1588;05-Aug-2007

Standard Chartered Mutual Fund
103525;Standard Chartered Liquidity Manager (SCLM)-A-Dividend Daily;;;10.0125;10.0125;10.0125;05-Aug-2007
103527;Standard Chartered Liquidity Manager (SCLM)-A-Dividend Monthly;;;10.0019;10.0019;10.0019;05-Aug-2007
103526;Standard Chartered Liquidity Manager (SCLM)-A-Dividend Weekly;;;10.0018;10.0018;10.0018;05-Aug-2007
103524;Standard Chartered Liquidity Manager (SCLM)-A-Growth;;;10.9375;10.9375;10.9375;05-Aug-2007
103598;Standard Chartered Liquidity Manager Plus-A-Dividend Daily;;;1000.21;1000.21;1000.21;05-Aug-2007
103600;Standard Chartered Liquidity Manager Plus-A-Dividend Monthly;;;1000.9356;1000.9356;1000.9356;05-Aug-2007
103599;Standard Chartered Liquidity Manager Plus-A-Dividend Weekly;;;1000.4054;1000.4054;1000.4054;05-Aug-2007
103597;Standard Chartered Liquidity Manager Plus-A-Growth;;;1101.894;1101.894;1101.894;05-Aug-2007

Tata Mutual Fund
101987;Tata Liquid Fund Reglar Plan - Monthly Dividend;INF277K01LR5;INF277K01LS3;1150.1622;1150.1622;1150.1622;05-Aug-2007
101861;Tata Liquid Fund-Regular Plan  - Weekly Dividend;INF277K016C5;;1151.3903;1151.3903;1151.3903;05-Aug-2007
101984;Tata Liquid High Investment Plan - Daily;;;1114.3379;1114.3379;1114.3379;05-Aug-2007
101860;Tata Liquid High Investment Plan - Growth;INF277K01LN4;;1284.1034;1284.1034;1284.1034;05-Aug-2007
101985;Tata Liquid High Investment Plan - Monthly;INF277K01LO2;INF277K01LP9;1020.4773;1020.4773;1020.4773;05-Aug-2007
101859;Tata Liquid High Investment Plan - Weekly;;;1147.3733;1147.3733;1147.3733;05-Aug-2007
101982;Tata Liquid Retail Investment PLan - Daily;;;1116.8143;1116.8143;1116.8143;05-Aug-2007
101983;Tata Liquid Retail Investment Plan - Fortnightly;;;1145.9754;1145.9754;1145.9754;05-Aug-2007
101858;Tata Liquid Retail Investment Plan - Growth;INF277K01LM6;;1780.9345;1780.9345;1780.9345;05-Aug-2007
103631;Tata Liquidity Management Fund - Regular Plan - Daily Dividend;;;1002.2592;1002.2592;1002.2592;05-Aug-2007
103632;Tata Liquidity Management Fund - Regular Plan - Growth;INF277K01LW5;;1106.1495;1106.1495;1106.1495;05-Aug-2007
103519;Tata Liquidity Management Fund - Regular Plan  -Weekly Dividend;;;1006.1648;1006.1648;1006.1648;05-Aug-2007

Open Ended Schemes ( Money Market )


Franklin Templeton Mutual Fund
100561;Templeton India Money Market Account - Bonus Plan;;;1.0000;1.0000;1.0000;05-Aug-2007
104554;Templeton India Money Market Account - Dividend Plan;;;1.0000;1.0000;1.0000;05-Aug-2007

Tata Mutual Fund
102152;Tata Money Market Fund Regular (Bonus / Dividend);;;10.1564;10.1564;10.1564;05-Aug-2007
102153;Tata Money Market Fund Regular (Growth);INF277K01LY1;;12.3431;12.3431;12.3431;05-Aug-2007

Open Ended Schemes ( Floating Rate )


HSBC Mutual Fund
102836;HSBC Floating Rate Fund - Short Term - Inst. - Dividend - Daily;;;10.0132;10.0132;10.0132;05-Aug-2007
102838;HSBC Floating Rate Fund - Short Term - Inst. - Dividend - Monthly;;;10.0538;10.0538;10.0538;05-Aug-2007
102837;HSBC Floating Rate Fund - Short Term - Inst. - Dividend - Weekly;;;10.0342;10.0342;10.0342;05-Aug-2007
102835;HSBC Floating Rate Fund - Short Term - Inst. - Growth;;;11.8668;11.8668;11.8668;05-Aug-2007
102840;HSBC Floating Rate Fund - Short Term - Inst. Plus - Dividend - Daily;;;10.0262;10.0262;10.0262;05-Aug-2007
102842;HSBC Floating Rate Fund - Short Term - Inst. Plus - Dividend - Monthly;;;0.0000;0.0000;0.0000;05-Aug-2007
102841;HSBC Floating Rate Fund - Short Term - Inst. Plus - Dividend - Weekly;;;0.0000;0.0000;0.0000;05-Aug-2007
102839;HSBC Floating Rate Fund - Short Term - Inst. Plus - Growth;;;10.0643;10.0643;10.0643;05-Aug-2007
102833;HSBC Floating Rate Fund - Short Term - Regular - Dividend - Daily;;;10.0000;10.0000;10.0000;05-Aug-2007
102834;HSBC Floating Rate Fund - Short Term - Regular - Dividend - Weekly;;;10.0051;10.0051;10.0051;05-Aug-2007
102832;HSBC Floating Rate Fund - Short Term - Regular - Growth;;;11.7986;11.7986;11.7986;05-Aug-2007

Standard Chartered Mutual Fund
101630;Grindlays Floating Rate Fund - Growth;;;12.6368;12.6368;12.6368;05-Aug-2007
101631;Grindlays Floating Rate Fund- Dividend Monthly;;;10.0301;10.0301;10.0301;05-Aug-2007

Open Ended Schemes ( Fund of Funds - Domestic )


Fidelity Mutual Fund
103419;Fidelity MultiManager Cash Fund-Dividend Re-investment Option;;;10.0123;10.0123;10.0123;05-Aug-2007
103418;Fidelity MultiManager Cash Fund-Growth Option;;;11.1156;11.1156;11.1156;05-Aug-2007

Open Ended Schemes ( Debt Scheme - Overnight Fund )


HDFC Mutual Fund
101996;HDFC Overnight Fund - Growth Option;INF179KB1HS3;;13.2152;13.2152;13.2152;05-Aug-2007
101997;HDFC Overnight Fund - IDCW Option (Daily);;INF179KB1IF8;10.4266;10.4266;10.4266;05-Aug-2007

SBI Mutual Fund
101206;SBI OVERNIGHT FUND - REGULAR PLAN - GROWTH;INF200K01LQ9;;13.3075;13.3075;13.3075;05-Aug-2007
103140;SBI Overnight Fund - Regular Plan - Weekly Income Distribution cum Capital Withdrawal Option (IDCW);INF200K01LO4;INF200K01LP1;10.2521;10.2521;10.2521;05-Aug-2007

Open Ended Schemes ( Debt Scheme - Liquid Fund )


Aditya Birla Sun Life Mutual Fund
100049;Aditya Birla Sun Life Cash Plus-Institutional - Fortnightly Dividend;;;10.8361;10.8361;10.8361;05-Aug-2007
100052;Aditya Birla Sun Life Cash Plus-Institutional Premium - Fortnightly Dividend;;;10.0725;10.0725;10.0725;05-Aug-2007
100053;Aditya Birla Sun Life Cash Plus-Institutional Premium Plan-Monthly Dividend;;;10.0076;10.0076;10.0076;05-Aug-2007
100047;Aditya Birla Sun Life Liquid Fund - Growth;INF209K01RU9;;12.2442;12.2442;12.2442;05-Aug-2007
100046;Aditya Birla Sun Life Liquid Fund -Daily IDCW;INF209K01KQ2;INF209K01SQ5;10.0195;10.0195;10.0195;05-Aug-2007
100041;Aditya Birla Sun Life Liquid Fund -Institutional - IDCW;;INF209K01KN9;10.8023;10.8023;10.8023;05-Aug-2007
100048;Aditya Birla Sun Life Liquid Fund -Institutional - weekly  IDCW;INF209KA1LK7;INF209K01KY6;10.8101;10.8101;10.8101;05-Aug-2007
100044;Aditya Birla Sun Life Liquid Fund -Retail - IDCW;;INF209K01KP4;16.3694;16.3694;16.3694;05-Aug-2007
100051;Aditya Birla Sun Life Liquid Fund -weekly IDCW;INF209K01KU4;INF209KA1LJ9;10.0256;10.0256;10.0256;05-Aug-2007
100043;Aditya Birla Sun Life Liquid Fund-Institutional (Growth);INF209K01RT1;;20.8286;20.8286;20.8286;05-Aug-2007
100042;Aditya Birla Sun Life Liquid Fund-Retail (Growth);INF209K01ME4;;20.6750;20.6750;20.6750;05-Aug-2007

Baroda BNP Paribas Mutual Fund
101408;Baroda BNP Paribas LIQUID FUND- Defunct Plan -Growth Option;INF955L01575;;13.7284;13.7284;13.7284;05-Aug-2007
101407;Baroda BNP Paribas LIQUID FUND-Defunct Plan- IDCW Option;INF955L01559;INF955L01567;11.7678;11.7678;11.7678;05-Aug-2007
101409;Baroda BNP Paribas LIQUID FUND-Defunct Plan-Daily IDCW Option;INF955L01518;INF955L01526;10.0852;10.0852;10.0852;05-Aug-2007

Canara Robeco Mutual Fund
101363;Canara Robeco Liquid Fund- INSTITUTIONAL-Daily Dividend Reinvestment;;INF760K01CC1;10.0410;10.0410;10.0410;05-Aug-2007
101362;Canara Robeco Liquid Fund- INSTITUTIONAL-Growth;INF760K01CD9;;14.0190;14.0190;14.0190;05-Aug-2007
101361;Canara Robeco Liquid Fund- INSTITUTIONAL-Weekly dividend;;INF760K01CE7;10.0465;10.0465;10.0465;05-Aug-2007
101364;Canara Robeco Liquid Fund-Retail-DRI;;INF760K01CF4;10.0410;10.0410;10.0410;05-Aug-2007
101365;Canara Robeco Liquid Fund-Retail-Growth;INF760K01CH0;;14.0047;14.0047;14.0047;05-Aug-2007

DSP Mutual Fund
103347;DSP Liquidity Fund - Regular Plan - Growth;INF740K01FK9;;1116.9850;1116.9850;1116.9850;05-Aug-2007
103348;DSP Liquidity Fund - Regular Plan - IDCW - Weekly;INF740K01FM5;INF740K01FL7;1000.3736;1000.3736;1000.3736;05-Aug-2007
103349;DSP Liquidity Fund- Regular Plan - IDCW - Daily;;INF740KA1OE0;1000.2000;1000.2000;1000.2000;05-Aug-2007
100943;DSP BlackRock Liquidity Fund - Regular Plan - Daily Dividend;;;10.0100;10.0100;10.0100;05-Aug-2007
100940;DSP BlackRock Liquidity Fund - Regular Plan - Growth;INF740K01CN0;;18.6810;18.6810;18.6810;05-Aug-2007
100941;DSP BlackRock Liquidity Fund - Regular Plan Weekly Dividend;;;12.4020;12.4020;12.4020;05-Aug-2007

Franklin Templeton Mutual Fund
100543;Franklin India Liquid Fund - Liquid Plan - Daily IDCW;;;1000.2500;1000.2500;1000.2500;05-Aug-2007
100544;Franklin India Liquid Fund - Liquid Plan - Growth;;;1174.3162;1174.3162;1174.3162;05-Aug-2007
100542;Franklin India Liquid Fund - Liquid Plan - Weekly Dividend;;;1000.5749;1000.5749;1000.5749;05-Aug-2007
100541;Franklin India Liquid Fund - Regular Plan - Daily - IDCW;;INF090I01BA3;1512.3400;1512.3400;1512.3400;05-Aug-2007
100538;Franklin India Liquid Fund - Regular Plan - Growth;INF090I01BB1;;1910.9825;1910.9825;1910.9825;05-Aug-2007
100537;Franklin India Liquid Fund - Regular Plan - Weekly - IDCW;INF090I01BL0;INF090I01BI6;1244.3238;1244.3238;1244.3238;05-Aug-2007
100547;Franklin India Liquid Fund - Super Institutional Plan - Daily - IDCW;;INF090I01BF2;1000.2500;1000.2500;1000.2500;05-Aug-2007
100546;Franklin India Liquid Fund - Super Institutional Plan - Growth;INF090I01BG0;;1138.5970;1138.5970;1138.5970;05-Aug-2007
100548;Franklin India Liquid Fund - Super Institutional Plan - Weekly - IDCW;INF090I01BM8;INF090I01BH8;1016.1409;1016.1409;1016.1409;05-Aug-2007
102441;Franklin India Liquid Fund - Institution-Growth;INF090I01BD7;;1203.5168;1203.5168;1203.5168;05-Aug-2007
102443;Franklin India Liquid Fund - Institutional Plan - Daily - IDCW;;INF090I01BC9;1000.2500;1000.2500;1000.2500;05-Aug-2007
102442;Franklin India Liquid Fund - Institutional Plan - Weekly - IDCW;INF090I01BJ4;INF090I01BE5;1000.6024;1000.6024;1000.6024;05-Aug-2007

HDFC Mutual Fund
100868;HDFC Liquid Fund - Growth Plan;INF179KB1HK0;;15.2744;15.2744;15.2744;05-Aug-2007
100875;HDFC Liquid Fund - IDCW Daily;;INF179KB1IC5;10.1982;10.1982;10.1982;05-Aug-2007
100876;HDFC Liquid Fund - IDCW Monthly;INF179KB1HM6;INF179KB1HL8;10.2735;10.2735;10.2735;05-Aug-2007
100874;HDFC Liquid Fund - IDCW Plan Weekly;INF179KB1ID3;;10.3208;10.3208;10.3208;05-Aug-2007
100877;HDFC Liquid Fund-Premium Plan - Dividend-Daily;;INF179K01KN4;12.2598;12.2598;12.2598;05-Aug-2007
100878;HDFC Liquid Fund-Premium Plan - Dividend-Weekly;INF179K01KP9;;12.4889;12.4889;12.4889;05-Aug-2007
100881;HDFC Liquid Fund-Premium Plus Plan - Dividend-Weekly;INF179K01KS3;;12.4304;12.4304;12.4304;05-Aug-2007
100872;HDFC Liquid Fund-PREMIUM PLUS- Growth;INF179K01KQ7;;15.4092;15.4092;15.4092;05-Aug-2007
100873;HDFC Liquid Fund-PREMIUM- Growth;INF179KB1HN4;;15.3762;15.3762;15.3762;05-Aug-2007

HSBC Mutual Fund
101700;HSBC Cash Fund - Dividend - Daily;;INF336L01321;10.0056;10.0056;10.0056;05-Aug-2007
101702;HSBC Cash Fund - Dividend - Monthly;INF336L01305;INF336L01297;10.0228;10.0228;10.0228;05-Aug-2007
101701;HSBC Cash Fund - Dividend - Weekly;;INF336L01347;10.0097;10.0097;10.0097;05-Aug-2007
101692;HSBC Cash Fund - Inst. - Dividend - Daily;;INF336L01354;10.4401;10.4401;10.4401;05-Aug-2007
101694;HSBC Cash Fund - Inst. - Dividend - Monthly;INF336L01370;INF336L01362;10.4679;10.4679;10.4679;05-Aug-2007
101693;HSBC Cash Fund - Inst. - Dividend - Weekly;;INF336L01388;10.4530;10.4530;10.4530;05-Aug-2007
101691;HSBC Cash Fund - Inst. - Growth;INF336L01289;;12.9794;12.9794;12.9794;05-Aug-2007
101697;HSBC Cash Fund - Regular - Dividend - Daily;;INF336L01263;10.1930;10.1930;10.1930;05-Aug-2007
101698;HSBC Cash Fund - Regular - Dividend - Weekly;;INF336L01313;10.0072;10.0072;10.0072;05-Aug-2007
101696;HSBC Liquid Fund - Growth closed plan;INF336L01271;;12.9320;12.9320;12.9320;05-Aug-2007
101699;HSBC Liquid Fund Closed;INF336L01339;;12.1250;12.1250;12.1250;05-Aug-2007

ICICI Prudential Mutual Fund
100357;ICICI Prudential Liquid Fund -Quarterly IDCW;INF109K01UU5;INF109K01UT7; 10.8258 ; 10.8258 ; 10.8258 ;05-Aug-2007
100361;ICICI Prudential Liquid Fund-Dividend-Institutional Plus - Monthly;;INF109K01VL2; 11.9339 ; 11.9339 ; 11.9339 ;05-Aug-2007
100359;ICICI Prudential Liquid Institutional Plus Fund - Div - Daily;INF109K01VJ6;; 11.8515 ; 11.8515 ; 11.8515 ;05-Aug-2007
100360;ICICI Prudential Liquid Institutional Plus Fund - Div - Weekly;INF109K01VM0;; 11.8655 ; 11.8655 ; 11.8655 ;05-Aug-2007
100362;ICICI Prudential Liquid Institutional Plus Fund - Growth;INF109K01VK4;; 19.1420 ; 19.1420 ; 19.1420 ;05-Aug-2007
103343;ICICI Prudential Liquid Fund - Daily IDCW;INF109K01VP3;; 10.0005 ; 10.0005 ; 10.0005 ;05-Aug-2007
103340;ICICI Prudential Liquid Fund - Growth;INF109K01VQ1;; 11.2963 ; 11.2963 ; 11.2963 ;05-Aug-2007
104308;ICICI Prudential Liquid Fund - Half Yearly IDCW;INF109K01UX9;INF109K01UW1; 10.2794 ; 10.2794 ; 10.2794 ;05-Aug-2007
103344;ICICI Prudential Liquid Fund - Institutional Option - I;INF109K01VH0;; 11.0622 ; 11.0622 ; 11.0622 ;05-Aug-2007
103342;ICICI Prudential Liquid Fund - Weekly IDCW;INF109K01VS7;; 10.0125 ; 10.0125 ; 10.0125 ;05-Aug-2007
103341;ICICI Prudential Liquid Fund -Monthly IDCW;INF109K01VR9;; 10.0188 ; 10.0188 ; 10.0188 ;05-Aug-2007
101748;ICICI Prudential Liquid Fund - Institutional - Daily - Div;INF109K01VE7;; 11.8502 ; 11.8502 ; 11.8502 ;05-Aug-2007
101749;ICICI Prudential Liquid Fund - Institutional - Monthly - Div;;INF109K01VG2; 10.0173 ; 10.0173 ; 10.0173 ;05-Aug-2007
101753;ICICI Prudential Liquid Fund - Institutional - Weekly - Div;INF109K01VI8;; 11.8523 ; 11.8523 ; 11.8523 ;05-Aug-2007
101754;ICICI Prudential Liquid Fund Retail Daily Dividend;INF109K01UR1;; 11.8514 ; 11.8514 ; 11.8514 ;05-Aug-2007
101750;ICICI Prudential Liquid Fund Retail Growth;INF109K01UQ3;; 18.8588 ; 18.8588 ; 18.8588 ;05-Aug-2007
101755;ICICI Prudential Liquid Fund Retail Monthly Dividend;INF109K01US9;; 11.8521 ; 11.8521 ; 11.8521 ;05-Aug-2007
101752;ICICI Prudential Liquid Fund Retail Weekly Dividend;INF109K01UV3;; 11.8426 ; 11.8426 ; 11.8426 ;05-Aug-2007
101751;ICICI Prudential Liquid Institutional Fund - Growth;INF109K01VF4;; 19.0735 ; 19.0735 ; 19.0735 ;05-Aug-2007

Invesco Mutual Fund
104484;Invesco India Liquid Fund - Daily IDCW (Reinvestment);;INF205K01HN3;10.0007;10.0007;10.0007;05-Aug-2007
104486;Invesco India Liquid Fund - Growth;INF205K01HM5;;10.5575;10.5575;10.5575;05-Aug-2007
104488;Invesco India Liquid Fund - Regular - Growth;INF205K01HG7;;10.5237;10.5237;10.5237;05-Aug-2007
104489;Invesco India Liquid Fund - Regular - Weekly IDCW (Reinvestment);;INF205K01HH5;10.0088;10.0088;10.0088;05-Aug-2007
104485;Invesco India Liquid Fund - Weekly IDCW (Reinvestment);INF205KA1BD7;INF205K01HO1;10.0095;10.0095;10.0095;05-Aug-2007
104483;Religare Invesco Liquid Fund - Institutional - Daily Dividend;;INF205K01HJ1;10.0007;10.0007;10.0007;05-Aug-2007
104491;Religare Invesco Liquid Fund - Institutional - Growth;INF205K01HI3;;10.5502;10.5502;10.5502;05-Aug-2007
104490;Religare Invesco Liquid Fund - Institutional - Weekly Dividend;;INF205K01HK9;10.0094;10.0094;10.0094;05-Aug-2007

JM Financial Mutual Fund
100241;JM High Liquidity Fund-- Institutional Plan - Dividend;INF192K01924;INF192K01932;10.2062;10.2062;10.2062;05-Aug-2007
100237;JM High Liquidity Fund-- Institutional Plan - Growth;INF192K01940;;12.7045;12.7045;12.7045;05-Aug-2007
100243;JM High Liquidity Fund-- Premium Plan - Daily Dividend Option;;;10.0000;10.0000;10.0000;05-Aug-2007
100238;JM High Liquidity Fund-Institutional Plan - Daily Dividend;;INF192K01916;10.0159;10.0159;10.0159;05-Aug-2007
100245;JM High Liquidity Fund-Super Institutional Plan- Daily Dividend;;INF192K01957;10.0165;10.0165;10.0165;05-Aug-2007
100246;JM High Liquidity Fund-Super Institutional Plan- Weekly  Dividend;INF192K01965;INF192K01973;10.0130;10.0130;10.0130;05-Aug-2007
100244;JM Liquid Fund (Regular) - Quarterly IDCW;INF192K01866;INF192K01874;12.1238;12.1238;12.1238;05-Aug-2007
100247;JM Liquid Fund (Regular) - Super Institutional Plan - Growth Option;INF192K01981;;12.0808;12.0808;12.0808;05-Aug-2007
100233;JM Liquid Fund (Regular) - Weekly IDCW;INF192K01841;INF192K01858;10.4424;10.4424;10.4424;05-Aug-2007
100234;JM Liquid Fund - Growth Option;INF192K01882;;21.0585;21.0585;21.0585;05-Aug-2007
101549;JM Liquid Fund (Regular) - Bonus Option - Principal Units;INF192K01890;;11.0587;11.0587;11.0587;05-Aug-2007
101078;JM Liquid Fund (Regular) - Daily IDCW;;INF192K01833;10.4302;10.4302;10.4302;05-Aug-2007

Kotak Mahindra Mutual Fund
100833;Kotak Liquid Fund - Regular  - Daily Reinvestment of Income Distribution cum capital withdrawal option;;INF174K01NL3;12.2281;12.2281;12.2281;05-Aug-2007
100835;Kotak Liquid Fund - Regular Plan - Growth;INF174K01NI9;;15.5476;15.5476;15.5476;05-Aug-2007
100831;Kotak Liquid Fund -Institutional Plan - (Daily Dividend);;INF174K01GA0;12.2281;12.2281;12.2281;05-Aug-2007
100834;Kotak Liquid Fund Regular Plan Weekly Reinvestment of Income Distribution cum capital withdrawal option Dividend;INF174K01NK5;;10.0442;10.0442;10.0442;05-Aug-2007
100830;Kotak Liquid-Institutional Plan  (Growth);INF174K01FZ9;;15.4103;15.4103;15.4103;05-Aug-2007
100832;Kotak Liquid-Institutional Plan (Weekly Dividend);;INF174K01GB8;10.0311;10.0311;10.0311;05-Aug-2007
100828;Kotak Liquid-Regular (Dividend);;INF174K01FY2;10.0297;10.0297;10.0297;05-Aug-2007
100829;Kotak Liquid-Regular (Growth);INF174K01NM1;;15.1593;15.1593;15.1593;05-Aug-2007

Nippon India Mutual Fund
100852;NIPPON INDIA LIQUID FUND - DAILY IDCW OPTION;;INF204K01UM1;15.2862;15.2862;15.2862;05-Aug-2007
100837;Nippon India Liquid Fund - Retail Option - Growth Plan;INF204K01UL3;;18.5196;18.5196;18.5196;05-Aug-2007
100842;NIPPON INDIA LIQUID FUND - RETAIL Plan - DAILY IDCW OPTION;;INF204K01UJ7;15.2416;15.2416;15.2416;05-Aug-2007
100843;NIPPON INDIA LIQUID FUND - RETAIL plan - MONTHLY IDCW OPTION;INF204K01UT6;INF204K01UU4;11.6882;11.6882;11.6882;05-Aug-2007
100844;NIPPON INDIA LIQUID FUND - RETAIL Plan - QUARTERLY IDCW OPTION;INF204K01UV2;INF204K01UW0;13.63;13.63;13.63;05-Aug-2007
100838;NIPPON INDIA LIQUID FUND - RETAIL Plan - WEEKLY IDCW OPTION;;INF204K01UK5;10.3446;10.3446;10.3446;05-Aug-2007
100853;NIPPON INDIA LIQUID FUND - WEEKLY IDCW OPTION;INF204KC1FM8;INF204K01US8;15.306;15.306;15.306;05-Aug-2007
100851;Nippon India Liquid Fund -Growth Plan;INF204K01UN9;;18.7168;18.7168;18.7168;05-Aug-2007
100849;Reliance Liquid Fund-Cash Plan-Daily Dividend Reinvestment Option;;;11.1415;11.1415;11.1415;05-Aug-2007
100845;Reliance Liquid Fund-Cash Plan-Growth Plan;;;13.2955;13.2955;13.2955;05-Aug-2007
100848;Reliance Liquid Fund-Cash Plan-Weekly Dividend Reinvestment Option;;;10.9184;10.9184;10.9184;05-Aug-2007

Principal Mutual Fund
100895;Principal Cash Management Fund - Daily Income Distribution CUM Capital Withdrawal;;INF173K01DB7;10.0007;10.0007;10.0007;05-Aug-2007
100897;Principal Cash Management Fund - Monthly Income Distribution CUM Capital Withdrawal Option;INF173K01BV9;INF173K01BW7;10.0123;10.0123;10.0123;05-Aug-2007
100896;Principal Cash Management Fund - Weekly Income Distribution CUM Capital Withdrawal Option;;INF173K01DC5;10.0057;10.0057;10.0057;05-Aug-2007
100898;Principal Cash Management Fund -Growth Option;INF173K01DA9;;11.9917;11.9917;11.9917;05-Aug-2007
100892;Principal Cash Management-Liquid Option-Daily Dividend;;;10.0022;10.0022;10.0022;05-Aug-2007
100887;Principal Cash Management-Liquid Option-Dividend Plan;;;10.1246;10.1246;10.1246;05-Aug-2007
100888;Principal Cash Management-Liquid Option-Growth Plan;;;15.0826;15.0826;15.0826;05-Aug-2007
100894;Principal Cash Management-Liquid Option-Institutional - Daily Dividend Plan;;;10.0022;10.0022;10.0022;05-Aug-2007
100893;Principal Cash Management-Liquid Option-Institutional - Growth Plan;;;12.6830;12.6830;12.6830;05-Aug-2007
100891;Principal Cash Management-Liquid Option-Institutional - Monthly Dividend Plan;;;10.0124;10.0124;10.0124;05-Aug-2007
100890;Principal Cash Management-Liquid Option-Institutional - Weekly Dividend Plan;;;10.0064;10.0064;10.0064;05-Aug-2007
100889;Principal Cash Management-Liquid Option-Monthly Dividend;;;10.0117;10.0117;10.0117;05-Aug-2007

Quantum Mutual Fund
103736;Quantum Liquid Fund - Direct Plan Daily IDCW;;INF082J01135;10.0000;10.0000;10.0000;05-Aug-2007
103734;Quantum Liquid Fund - Direct Plan Growth Option;INF082J01127;;10.9705;10.9705;10.9705;05-Aug-2007
103735;Quantum Liquid Fund - Direct Plan Monthly IDCW;INF082J01143;INF082J01200;10.0131;10.0131;10.0131;05-Aug-2007

SBI Mutual Fund
105274;SBI Liquid Fund - Institutional - Growth;INF200K01LU1;;12.3359;12.3359;12.3359;05-Aug-2007
105275;SBI Liquid Fund - Institutional Daily Income Distribution cum Capital Withdrawal Option (IDCW);;INF200K01LR7;10.0325;10.0325;10.0325;05-Aug-2007
105279;SBI Liquid Fund - Institutional Fortnightly Income Distribution cum Capital Withdrawal Option (IDCW);INF200K01LS5;INF200K01LT3;10.1110;10.1110;10.1110;05-Aug-2007
105278;SBI Liquid Fund - Institutional Weekly Income Distribution cum Capital Withdrawal Option (IDCW);INF200K01LV9;INF200K01LW7;10.5697;10.5697;10.5697;05-Aug-2007
105281;SBI Liquid Fund - Regular Plan - Daily Income Distribution cum Capital Withdrawal Option (IDCW);;INF200K01LX5;10.0325;10.0325;10.0325;05-Aug-2007
105283;SBI Liquid Fund - Regular Plan - Fortnightly Income Distribution cum Capital Withdrawal Option (IDCW);INF200K01LY3;INF200K01LZ0;N.A.;N.A.;N.A.;05-Aug-2007
105282;SBI Liquid Fund - Regular Plan - Weekly Income Distribution cum Capital Withdrawal Option (IDCW);INF200K01MB9;INF200K01MC7;N.A.;N.A.;N.A.;05-Aug-2007
105280;SBI Liquid Fund - REGULAR PLAN -Growth;INF200K01MA1;;N.A.;N.A.;N.A.;05-Aug-2007

Tata Mutual Fund
102672;Tata Liquid Fund -Regular Plan - Growth Option;INF277K01YD8;;12.0437;12.0437;12.0437;05-Aug-2007
101714;Tata Liquid Fund- Regular Plan - Daily Reinvestment of IDCW Option;;INF277K011D4;10.0055;10.0055;10.0055;05-Aug-2007

Taurus Mutual Fund
104240;Taurus Liquid Fund-Dividend;INF044D01542;INF044D01559;9.9288;9.9288;9.9288;05-Aug-2007
104241;Taurus Liquid Fund-Growth;INF044D01575;;10.5515;10.5515;10.5515;05-Aug-2007

UTI Mutual Fund
102010;UTI Liquid Fund - Regular Plan - Daily IDCW (Reinvestment);;INF789F01PG3;1019.4457;1019.4457;1019.4457;05-Aug-2007
102011;UTI Liquid Fund - Regular Plan - Monthly IDCW;INF789F01PI9;INF789F01PJ7;1025.7598;1025.7598;1025.7598;05-Aug-2007
102013;UTI Liquid Fund - Regular Plan - Weekly IDCW;;INF789F01PK5;1022.8199;1022.8199;1022.8199;05-Aug-2007
102012;UTI-  Liquid Cash Plan - Regular Plan - Growth Option;INF789F01PH1;;1263.3071;1263.3071;1263.3071;05-Aug-2007
102008;UTI-  Liquid Cash Plan- Discontinued - Regular Plan - Monthly Dividend Option;INF789F01BC2;INF789F01BA6;1034.6525;1034.6525;1034.6525;05-Aug-2007
102009;UTI-  Liquid Cash Plan- Discontinued - Regular Plan -Growth;INF789F01BB4;;1254.4703;1254.4703;1254.4703;05-Aug-2007
102007;UTI-  Liquid Cash Plan- Discontinued -Regular Plan Periodic Dividend Option;;INF789F01AZ5;1024.8777;1024.8777;1024.8777;05-Aug-2007

Open Ended Schemes ( Debt Scheme - Ultra Short Duration Fund )


SBI Mutual Fund
105080;SBI Ultra Short Duration Fund - Regular Plan - Daily Income Distribution cum Capital Withdrawal Option (IDCW);;INF200K01LK2;16.7503;16.7503;16.7503;05-Aug-2007
100641;SBI ULTRA SHORT DURATION FUND - REGULAR PLAN - GROWTH;INF200K01LJ4;;17.2344;17.2344;17.2344;05-Aug-2007
103884;SBI Ultra Short Duration Fund - Regular Plan - Weekly Income Distribution cum Capital Withdrawal Option (IDCW);INF200K01LM8;INF200K01LL0;10.6524;10.6524;10.6524;05-Aug-2007

UTI Mutual Fund
102532;UTI Ultra Short Duration Fund - Regular Plan - Growth Option;INF789F01570;;1231.4108;1231.4108;1231.4108;05-Aug-2007
102531;UTI Ultra Short Duration Fund - Regular Plan - Weekly IDCW (Reinvestment);;INF789F01562;1021.7198;1021.7198;1021.7198;05-Aug-2007

Open Ended Schemes ( Debt Scheme - Low Duration Fund )


Aditya Birla Sun Life Mutual Fund
103192;Aditya Birla Sun Life Low Duration Fund - Growth Plan;INF209K01LQ0;;18.8789;18.8789;18.8789;05-Aug-2007
103195;Aditya Birla Sun Life Low Duration Fund - Institutional Plan - Growth;INF209K01KE8;;12.8392;12.8392;12.8392;05-Aug-2007
103191;Aditya Birla Sun Life Low Duration Fund -INSTITUTIONAL - DAILY IDCW;;INF209K01KD0;10.0030;10.0030;10.0030;05-Aug-2007
103194;Aditya Birla Sun Life Low Duration Fund -Institutional - weekly  IDCW;;INF209K01KG3;10.0090;10.0090;10.0090;05-Aug-2007
103193;Aditya Birla Sun Life Low Duration Fund -REGULAR - WEEKLY IDCW;;INF209KA1LQ4;10.0087;10.0087;10.0087;05-Aug-2007

Canara Robeco Mutual Fund
104559;CANARA ROBECO SAVINGS FUND - REGULAR PLAN - DAILY IDCW (Reinvestment);;INF760K01803;10.2600;10.2600;10.2600;05-Aug-2007
102913;CANARA ROBECO SAVINGS FUND - REGULAR PLAN - GROWTH OPTION;INF760K01795;;11.7895;11.7895;11.7895;05-Aug-2007
102914;CANARA ROBECO SAVINGS FUND - REGULAR PLAN - IDCW (Payout/Reinvestment);INF760K01779;INF760K01787;11.3386;11.3386;11.3386;05-Aug-2007
102915;CANARA ROBECO SAVINGS FUND - REGULAR PLAN - WEEKLY IDCW (Payout/Reinvestment);INF760K01CB3;INF760K01811;10.2654;10.2654;10.2654;05-Aug-2007

Open Ended Schemes ( Debt Scheme - Money Market Fund )


Aditya Birla Sun Life Mutual Fund
101973;Aditya Birla Sun Life Money Manager Fund - Daily IDCW;;INF209K01SZ6;10.0086;10.0086;10.0086;05-Aug-2007
101976;Aditya Birla Sun Life Money Manager Fund - Growth;INF209K01RV7;;10.1571;10.1571;10.1571;05-Aug-2007
101972;Aditya Birla Sun Life Money Manager Fund - Retail - Daily IDCW;;INF209K01JZ5;10.0015;10.0015;10.0015;05-Aug-2007
101970;Aditya Birla Sun Life Money Manager Fund - RETAIL - WEEKLY IDCW;;INF209K01JY8;10.3784;10.3784;10.3784;05-Aug-2007
101971;Aditya Birla Sun Life Money Manager Fund - Retail Growth;INF209K01MJ3;;12.6371;12.6371;12.6371;05-Aug-2007
101974;Aditya Birla Sun Life Money Manager Fund - WEEKLY IDCW;;INF209K01SY9;10.0115;10.0115;10.0115;05-Aug-2007

Franklin Templeton Mutual Fund
101352;Templeton Floating Rate Income Fund-Short Term Plan-Dividend Option;;;10.0461;10.0461;10.0461;05-Aug-2007
101353;Templeton Floating Rate Income Fund-Short Term Plan-Growth Option;;;13.8966;13.8966;13.8966;05-Aug-2007
101355;Templeton Floating Rate Income Fund-Short Term Plan-Institutional Option - Dividend;;;10.0623;10.0623;10.0623;05-Aug-2007
101354;Templeton Floating Rate Income Fund-Short Term Plan-Institutional Option - Growth;;;11.4016;11.4016;11.4016;05-Aug-2007

HDFC Mutual Fund
101994;HDFC Money Market Fund - Daily IDCW Option;;INF179KB1IG6;10.6364;10.6364;10.6364;05-Aug-2007
101993;HDFC Money Market Fund - Growth Option;INF179KB1HR5;;16.0543;16.0543;16.0543;05-Aug-2007
101995;HDFC Money Market Fund - Weekly IDCW Option;INF179KB1IH4;INF179KB1II2;10.629;10.629;10.629;05-Aug-2007

ICICI Prudential Mutual Fund
101221;ICICI Prudential Money Market Fund Retail Growth (erstwhile Cash Option);INF109K01TW3;; 13.0631 ; 13.0631 ; 13.0631 ;05-Aug-2007
103634;ICICI Prudential Money Market Fund Option - Daily IDCW;INF109K01TY9;; 10.0000 ; 10.0000 ; 10.0000 ;05-Aug-2007
103633;ICICI Prudential Money Market Fund Option - Growth;INF109K01TX1;; 11.0676 ; 11.0676 ; 11.0676 ;05-Aug-2007
103637;ICICI Prudential Money Market Fund Option - Monthly IDCW;INF109K01UC3;INF109K01UB5; 10.0125 ; 10.0125 ; 10.0125 ;05-Aug-2007
103635;ICICI Prudential Money Market Fund Option - Weekly IDCW;INF109K01TZ6;; 10.0081 ; 10.0081 ; 10.0081 ;05-Aug-2007
103636;ICICI Prudential Money Market Fund Option -Fortnightly IDCW;INF109K01UA7;; 10.0126 ; 10.0126 ; 10.0126 ;05-Aug-2007

Kotak Mahindra Mutual Fund
101893;Kotak Money Market Fund - (Growth);INF174K01NA6;;12.643;12.643;12.643;05-Aug-2007
101892;Kotak Money market Fund - (Monthly Payout of Income Distribution cum capital withdrawal option);INF174K018O0;INF174K01NB4;10.0473;10.0473;10.0473;05-Aug-2007
101894;Kotak Money Market Fund - (Weekly Reinvestment of Income Distribution cum capital withdrawal option);INF174K01NC2;;10.0215;10.0215;10.0215;05-Aug-2007

Nippon India Mutual Fund
103050;NIPPON INDIA MONEY MARKET FUND - DAILY IDCW Option;;INF204K01UY6;10.0031;10.0031;10.0031;05-Aug-2007
103052;NIPPON INDIA MONEY MARKET FUND - MONTHLY IDCW Option;INF204K01VB2;INF204K01VC0;10.6783;10.6783;10.6783;05-Aug-2007
103051;NIPPON INDIA MONEY MARKET FUND - WEEKLY IDCW Option;;INF204K01UZ3;10.0053;10.0053;10.0053;05-Aug-2007
103048;Nippon India Money Market Fund-Growth Plan-Growth Option;INF204K01VA4;;11.5454;11.5454;11.5454;05-Aug-2007

Tata Mutual Fund
101986;Tata Money Market Fund- Regular Plan - Daily Reinvestment of IDCW Option;;INF277K014C0;1114.5200;1114.5200;1114.5200;05-Aug-2007
101847;Tata Money Market Fund-Regular Plan - Growth Option;INF277K01LQ7;;1418.8138;1418.8138;1418.8138;05-Aug-2007

UTI Mutual Fund
100724;UTI MMF- Discontinued - Regular Plan - Flexi Dividend Option;;INF789F01BD0;17.8136;17.8136;17.8136;05-Aug-2007
100725;UTI MMF- Discontinued - Regular Plan - Periodic Dividend Option;INF789F01BE8;;17.7071;17.7071;17.7071;05-Aug-2007
100723;UTI MMF-Discontinued - Regular Plan -Growth;INF789F01BF5;;21.5584;21.5584;21.5584;05-Aug-2007

Open Ended Schemes ( Debt Scheme - Credit Risk Fund )


DSP Mutual Fund
101839;DSP Credit Risk Fund - Regular Plan - IDCW;INF740K01581;INF740K01AB9;10.3426;10.3426;10.3426;05-Aug-2007
101840;DSP Credit Risk Fund - Regular Plan - IDCW - Daily;;INF740KA1OA8;10.0312;10.0312;10.0312;05-Aug-2007
101838;DSP Credit Risk Fund - Regular Plan - IDCW - Weekly;INF740K01FR4;INF740K01FQ6;10.0382;10.0382;10.0382;05-Aug-2007
101837;DSP Credit Risk Fund - Regular Plan -Growth;INF740K01599;;12.4189;12.4189;12.4189;05-Aug-2007

Principal Mutual Fund
102729;Principal Credit Risk Fund - Regular Plan - Growth Option;INF173K01DM4;;12.0224;12.0224;12.0224;05-Aug-2007
102732;Principal Credit Risk Fund - Regular Plan - Monthly Dividend Option;INF173K01BJ4;INF173K01BK2;10.6461;10.6461;10.6461;05-Aug-2007
102726;Principal Floating Rate Fund - SMP-Daily Dividend;;;10.0007;10.0007;10.0007;05-Aug-2007
102725;Principal Floating Rate Fund - SMP-Growth;;;11.9761;11.9761;11.9761;05-Aug-2007
102730;Principal Floating Rate Fund - SMP-Insti. Daily Dividend;;;10.0007;10.0007;10.0007;05-Aug-2007
102731;Principal Floating Rate Fund - SMP-Insti. Weekly Dividend;;;10.0059;10.0059;10.0059;05-Aug-2007
102728;Principal Floating Rate Fund - SMP-Monthly Dividend;;;10.2951;10.2951;10.2951;05-Aug-2007
102727;Principal Floating Rate Fund - SMP-Weekly Dividend;;;10.0058;10.0058;10.0058;05-Aug-2007

Open Ended Schemes ( Debt Scheme - Floater Fund )


Franklin Templeton Mutual Fund
101048;Franklin India Floating Rate Fund - Growth Plan;INF090I01LM7;;13.9403;13.9403;13.9403;05-Aug-2007
101044;Franklin India Floating Rate Fund - IDCW ;INF090I01LN5;;10.0000;10.0000;10.0000;05-Aug-2007

Nippon India Mutual Fund
102676;NIPPON INDIA FLOATER FUND - DAILY IDCW REINVESTMENT Option;;INF204K01CI7;10.0697;10.0697;10.0697;05-Aug-2007
102673;Nippon India Floater Fund - Growth Plan-Growth Option;INF204K01CG1;;12.0222;12.0222;12.0222;05-Aug-2007
102675;NIPPON INDIA FLOATER FUND - MONTHLY IDCW Option;INF204K01CH9;INF204K01CK3;10.1571;10.1571;10.1571;05-Aug-2007
102677;NIPPON INDIA FLOATER FUND - WEEKLY IDCW Option;INF204K01OQ5;INF204K01CJ5;10.0854;10.0854;10.0854;05-Aug-2007
