Scheme Code;Scheme Name;ISIN Div Payout/ISIN Growth;ISIN Div Reinvestment;Net Asset Value;Repurchase Price;Sale Price;Date

Open Ended Schemes ( Income )


L&T Mutual Fund
112514;L&T Short Term Floating Rate Fund-Cumulative;;;13.3496;13.3496;13.3496;21-Mar-2010
112511;L&T Short Term Floating Rate Fund-Dividend-Daily;;;10.3650;10.3650;10.3650;21-Mar-2010
112513;L&T Short Term Floating Rate Fund-Dividend-Monthly;;;10.4182;10.4182;10.4182;21-Mar-2010
112512;L&T Short Term Floating Rate Fund-Dividend-Weekly;;;10.8879;10.8879;10.8879;21-Mar-2010

Open Ended Schemes ( Liquid )


Aditya Birla Sun Life Mutual Fund
101294;Birla Sun Life Cash Plus Sweep Plan-Dividend Option;;;10.1189;10.1189;10.1189;21-Mar-2010

Deutsche Mutual Fund
105672;DWS INSTA CASH PLUS FUND - Regular Plan BONUS OPTION;INF223J01BH3;;11.4346;11.4346;11.4346;21-Mar-2010
106471;DWS Insta Cash Plus Fund -Growth;INF223J01BP6;;11.9252;11.9252;11.9252;21-Mar-2010
106467;DWS Insta Cash Plus Fund-Daily Dividend;;INF223J01BO9;10.0304;10.0304;10.0304;21-Mar-2010
101718;DWS Insta Cash Plus Fund-DIVIDEND-Daily Dividend;;INF223J01BI1;10.3010;10.3010;10.3010;21-Mar-2010
101717;DWS Insta Cash Plus Fund-DIVIDEND-MONTHLY DIVIDEND;INF223J01BK7;INF223J01BL5;11.0436;11.0436;11.0436;21-Mar-2010
101716;DWS Insta Cash Plus Fund-DIVIDEND-WEEKLY DIVIDEND;INF223J01BM3;INF223J01BN1;10.3545;10.3545;10.3545;21-Mar-2010
101719;DWS Insta Cash Plus Fund-Growth-GROWTH;INF223J01BJ9;;15.3922;15.3922;15.3922;21-Mar-2010
101722;DWS Insta Cash Plus Fund-Institutional Plan-Daily Dividend;;INF223J01BA8;10.0516;10.0516;10.0516;21-Mar-2010
101721;DWS Insta Cash Plus Fund-Institutional Plan-Growth;INF223J01BB6;;14.4644;14.4644;14.4644;21-Mar-2010
101723;DWS Insta Cash Plus Fund-Institutional Plan-Weekly Dividend;INF223J01BF7;INF223J01BG5;10.0802;10.0802;10.0802;21-Mar-2010

Edelweiss Mutual Fund
109934;Edelweiss Liquid Fund - Retail Plan - Daily Dividend Option;;INF754K01AS4;10.0000;10.0000;10.0000;21-Mar-2010
109940;Edelweiss Liquid Fund - Retail Plan - Growth Option;INF754K01AO3;;10.7706;10.7706;10.7706;21-Mar-2010
109939;Edelweiss Liquid Fund - Retail Plan - Monthly Dividend Option;INF754K01AP0;INF754K01AR6;10.0184;10.0184;10.0184;21-Mar-2010
109937;Edelweiss Liquid Fund - Retail Plan - Weekly Dividend Option;;INF754K01AT2;10.0031;10.0031;10.0031;21-Mar-2010

Fidelity Mutual Fund
104498;Fidelity Cash Fund - Institutional Plan - Daily Dividend Option;;INF677K01AQ1;10.0025;10.0025;10.0025;21-Mar-2010
104497;Fidelity Cash Fund - Institutional Plan - Growth Option;;;12.4799;12.4799;12.4799;21-Mar-2010
104548;Fidelity Cash Fund - Institutional Plan - Monthly Dividend Option;INF677K01AS7;INF677K01AT5;10.0000;10.0000;10.0000;21-Mar-2010
104546;Fidelity Cash Fund - Institutional Plan - Weekly Dividend Option;;INF677K01AR9;10.0943;10.0943;10.0943;21-Mar-2010
104495;Fidelity Cash Fund - Retail Plan - Daily Dividend option;;INF677K01AL2;10.0025;10.0025;10.0025;21-Mar-2010
104493;Fidelity Cash Fund - Retail Plan - Growth option;;;12.3173;12.3173;12.3173;21-Mar-2010
104547;Fidelity Cash Fund - Retail Plan - Monthly Dividend Option;;;10.0253;10.0253;10.0253;21-Mar-2010
104549;Fidelity Cash Fund - Retail Plan - Weekly Dividend Option;;INF677K01AM0;10.0076;10.0076;10.0076;21-Mar-2010
104494;Fidelity Cash Fund - Super Institutional Plan - Daily Dividend Option;;INF677K01AV1;10.1487;10.1487;10.1487;21-Mar-2010
104496;Fidelity Cash Fund - Super Institutional Plan - Growth Option;INF677K01AU3;;12.5308;12.5308;12.5308;21-Mar-2010
104551;Fidelity Cash Fund - Super Institutional Plan - Monthly Dividend Option;INF677K01AX7;INF677K01AY5;10.0000;10.0000;10.0000;21-Mar-2010
104550;Fidelity Cash Fund - Super Institutional Plan - Weekly Dividend Option;;INF677K01AW9;10.0000;10.0000;10.0000;21-Mar-2010

Fortis Mutual Fund
110922;Fortis Overnight Fund-Institutional Plan-Daily Dividend Option;;;10.0030;10.0030;10.0030;21-Mar-2010
110915;Fortis Overnight Fund-Institutional Plan-Growth Option;;;14.0540;14.0540;14.0540;21-Mar-2010
110919;Fortis Overnight Fund-Institutional Plan-Monthly Dividend Payout Option;;;0.0000;0.0000;0.0000;21-Mar-2010
110923;Fortis Overnight Fund-Institutional Plan-Weekly Dividend Option;;;0.0000;0.0000;0.0000;21-Mar-2010
110914;Fortis Overnight Fund-Institutional Plus Plan-Daily Dividend Option;;;10.0030;10.0030;10.0030;21-Mar-2010
110920;Fortis Overnight Fund-Institutional Plus Plan-Growth Option;;;0.0000;0.0000;0.0000;21-Mar-2010
110916;Fortis Overnight Fund-Institutional Plus Plan-Monthly Dividend Option;;;0.0000;0.0000;0.0000;21-Mar-2010
110917;Fortis Overnight Fund-Institutional Plus Plan-Weekly Dividend Option;;;0.0000;0.0000;0.0000;21-Mar-2010
110921;Fortis Overnight Fund-Regular Plan-Growth Option;;;13.7909;13.7909;13.7909;21-Mar-2010
110913;Fortis Overnight Fund-Regular Plan-Monthly Dividend Payout Option;;;10.0231;10.0231;10.0231;21-Mar-2010
110918;Fortis Overnight Fund-Regular Plan-Weekly Dividend Option;;;10.0032;10.0032;10.0032;21-Mar-2010

ING Mutual Fund
100198;ING Liquid Fund-Institutional Daily Dividend Option;INF084M01473;;10.0121;10.0121;10.0121;21-Mar-2010
100196;ING Liquid Fund-Institutional Growth Option;INF084M01465;;14.4158;14.4158;14.4158;21-Mar-2010
100197;ING Liquid Fund-Institutional Weekly Dividend Option;INF084M01499;INF084M01481;10.0607;10.0607;10.0607;21-Mar-2010
100192;ING Liquid Fund-Regular Daily Dividend Option;INF084M01432;;10.7873;10.7873;10.7873;21-Mar-2010
100190;ING Liquid Fund-Regular Growth Option;INF084M01424;;19.2419;19.2419;19.2419;21-Mar-2010
100191;ING Liquid Fund-Regular Weekly Dividend Option;INF084M01457;INF084M01440;10.8312;10.8312;10.8312;21-Mar-2010
100200;ING Liquid Fund-Super Institutional Daily Dividend Option;INF084M01515;;10.0048;10.0048;10.0048;21-Mar-2010
100199;ING Liquid Fund-Super Institutional Growth Option;INF084M01507;;13.7062;13.7062;13.7062;21-Mar-2010
100201;ING Liquid Fund-Super Institutional Weekly Dividend Option;INF084M01531;INF084M01523;10.0000;10.0000;10.0000;21-Mar-2010

Invesco Mutual Fund
106502;Religare Invesco Overnight Fund - Daily Dividend Reinvestment;;INF205K01HS2;10.0000;10.0000;10.0000;21-Mar-2010
106501;Religare Invesco Overnight Fund - Growth;INF205K01HR4;;11.1526;11.1526;11.1526;21-Mar-2010

JM Financial Mutual Fund
101420;JM Floater Short Term Fund - Daily Dividend Option;;INF192K01767;10.0883;10.0883;10.0883;21-Mar-2010
101421;JM Floater Short Term Fund - Growth Option;INF192K01775;;14.8000;14.8000;14.8000;21-Mar-2010

JPMorgan Mutual Fund
106562;JPMorgan India Liquid Fund - Retail Plan - Daily Dividend Option;;INF843K01203;10.0150;10.0150;10.0150;21-Mar-2010
106561;JPMorgan India Liquid Fund - Retail Plan - Growth Option;INF843K01195;;10.9268;10.9268;10.9268;21-Mar-2010
109179;JPMorgan India Liquid Fund - Retail Plan - Monthly Dividend Option;;INF843K01237;10.0378;10.0378;10.0378;21-Mar-2010
109177;JPMorgan India Liquid Fund - Retail Plan - Weekly Dividend Option;;INF843K01211;10.0193;10.0193;10.0193;21-Mar-2010
110149;JPMorgan India Liquid Fund - Super Institutional Plan - Daily Dividend Option;;INF843K01153;10.0079;10.0079;10.0079;21-Mar-2010
110150;JPMorgan India Liquid Fund - Super Institutional Plan - Growth Option;INF843K01146;;11.8796;11.8796;11.8796;21-Mar-2010
110151;JPMorgan India Liquid Fund - Super Institutional Plan - Monthly Dividend Option;INF843K01500;INF843K01187;10.0568;10.0568;10.0568;21-Mar-2010
110153;JPMorgan India Liquid Fund - Super Institutional Plan - Weekly Dividend Option;INF843K01484;INF843K01161;10.0095;10.0095;10.0095;21-Mar-2010

L&T Mutual Fund
112468;L&T Liquid Fund - Regular Weekly Dividend;;INF917K01BE5;11.9928;11.9928;11.9928;21-Mar-2010

Mirae Asset Mutual Fund
107660;Mirae Asset Liquid Fund- Regular Plan - Bonus;INF769K01580;;1001.1206;1001.1206;1001.1206;21-Mar-2010
107646;Mirae Asset Liquid Fund- Regular Plan - Daily Dividend;;INF769K01606;944.9702;944.9702;944.9702;21-Mar-2010
107648;Mirae Asset Liquid Fund- Regular Plan - Growth;INF769K01572;;992.5526;992.5526;992.5526;21-Mar-2010
107649;Mirae Asset Liquid Fund- Regular Plan - Monthly Dividend;INF769K01630;INF769K01622;948.4472;948.4472;948.4472;21-Mar-2010
107647;Mirae Asset Liquid Fund- Regular Plan - Weekly Dividend;;INF769K01614;946.3098;946.3098;946.3098;21-Mar-2010

PineBridge Mutual Fund
106513;PineBridge India Liquid Fund- Standard Plan-Daily Dividend Option;;INF178L01699;1001.0000;1001.0000;1001.0000;21-Mar-2010
106508;PineBridge India Liquid Fund- Standard Plan-Growth Option;INF178L01715;;1184.9584;1184.9584;1184.9584;21-Mar-2010
106509;PineBridge India Liquid Fund- Standard Plan-Weekly Dividend Option;;INF178L01764;1001.7222;1001.7222;1001.7222;21-Mar-2010
106506;PineBridge India Liquid Fund-Institutional Plan-Daily Dividend Option;;INF178L01616;1001.0000;1001.0000;1001.0000;21-Mar-2010
106511;PineBridge India Liquid Fund-Institutional Plan-Growth Option;INF178L01632;;1182.0006;1182.0006;1182.0006;21-Mar-2010
106507;PineBridge India Liquid Fund-Institutional Plan-Weekly Dividend Option;;INF178L01681;1001.7060;1001.7060;1001.7060;21-Mar-2010
106503;PineBridge India Liquid Fund-Retail Plan-DailyDividend Option;;INF178L01533;1001.0000;1001.0000;1001.0000;21-Mar-2010
106514;PineBridge India Liquid Fund-Retail Plan-Growth Option;INF178L01558;;1172.9510;1172.9510;1172.9510;21-Mar-2010
106504;PineBridge India Liquid Fund-Retail Plan-Monthly Dividend Option;INF178L01566;INF178L01574;1003.3680;1003.3680;1003.3680;21-Mar-2010
106516;PineBridge India Liquid Fund-Retail Plan-Quarterly Dividend Option;INF178L01582;INF178L01590;1008.8333;1008.8333;1008.8333;21-Mar-2010
106510;PineBridge India Liquid Fund-Retail Plan-Weekly Dividend Option;;INF178L01608;1001.6568;1001.6568;1001.6568;21-Mar-2010

Sahara Mutual Fund
101397;Sahara Liquid Fund-Fixed Pricing -  Weekly Dividend Option;;INF515L01064;1026.4232;1026.4232;1026.4232;21-Mar-2010
101393;Sahara Liquid Fund-Fixed Pricing - Daily Dividend Option;;INF515L01049;1024.9045;1024.9045;1024.9045;21-Mar-2010
101394;Sahara Liquid Fund-Fixed Pricing - Growth option;INF515L01056;;1663.6308;1663.6308;1663.6308;21-Mar-2010
101398;Sahara Liquid Fund-Fixed Pricing - Monthly Dividend Option;;INF515L01072;1027.1223;1027.1223;1027.1223;21-Mar-2010
101399;Sahara Liquid Fund-Variable Pricing - Daily Dividend option;;INF515L01080;1024.9262;1024.9262;1024.9262;21-Mar-2010
101402;Sahara Liquid Fund-Variable Pricing - Growth option;INF515L01114;;1676.6708;1676.6708;1676.6708;21-Mar-2010
101400;Sahara Liquid Fund-Variable Pricing - Weekly Dividend Option;;INF515L01098;1025.0453;1025.0453;1025.0453;21-Mar-2010
101401;Sahara Liquid Fund-Variable Pricing- Monthly Dividend Option;;INF515L01106;1027.4525;1027.4525;1027.4525;21-Mar-2010

Shinsei Mutual Fund
112049;Shinsei Liquid Fund - Institutional - Daily Dividend;;;1000.5197;1000.5197;1000.5197;21-Mar-2010
112041;Shinsei Liquid Fund - Institutional - Growth;;;1029.5565;1029.5565;1029.5565;21-Mar-2010
112052;Shinsei Liquid Fund - Retail - Daily Dividend;;;1000.5200;1000.5200;1000.5200;21-Mar-2010
112040;Shinsei Liquid Fund - Retail - Growth;;;1028.3479;1028.3479;1028.3479;21-Mar-2010
112051;Shinsei Liquid Fund - Retail - Weekly Dividend;;;1001.2142;1001.2142;1001.2142;21-Mar-2010

Tata Mutual Fund
101987;Tata Liquid Fund Reglar Plan - Monthly Dividend;INF277K01LR5;INF277K01LS3;1005.0812;1005.0812;1005.0812;21-Mar-2010
101861;Tata Liquid Fund-Regular Plan  - Weekly Dividend;INF277K016C5;;1151.1848;1151.1848;1151.1848;21-Mar-2010
101984;Tata Liquid High Investment Plan - Daily;;;1114.3379;1114.3379;1114.3379;21-Mar-2010
101860;Tata Liquid High Investment Plan - Growth;INF277K01LN4;;1525.8485;1525.8485;1525.8485;21-Mar-2010
101985;Tata Liquid High Investment Plan - Monthly;INF277K01LO2;INF277K01LP9;1021.9505;1021.9505;1021.9505;21-Mar-2010
101859;Tata Liquid High Investment Plan - Weekly;;;1147.1476;1147.1476;1147.1476;21-Mar-2010
101982;Tata Liquid Retail Investment PLan - Daily;;;1116.8143;1116.8143;1116.8143;21-Mar-2010
101983;Tata Liquid Retail Investment Plan - Fortnightly;;;1145.7073;1145.7073;1145.7073;21-Mar-2010
101858;Tata Liquid Retail Investment Plan - Growth;INF277K01LM6;;2110.6253;2110.6253;2110.6253;21-Mar-2010
103631;Tata Liquidity Management Fund - Regular Plan - Daily Dividend;;;1002.6089;1002.6089;1002.6089;21-Mar-2010
103632;Tata Liquidity Management Fund - Regular Plan - Growth;INF277K01LW5;;1256.7019;1256.7019;1256.7019;21-Mar-2010
103519;Tata Liquidity Management Fund - Regular Plan  -Weekly Dividend;;;1005.9515;1005.9515;1005.9515;21-Mar-2010

Open Ended Schemes ( Money Market )


Franklin Templeton Mutual Fund
100561;Templeton India Money Market Account - Bonus Plan;;;1.0000;1.0000;1.0000;21-Mar-2010
104554;Templeton India Money Market Account - Dividend Plan;;;1.0000;1.0000;1.0000;21-Mar-2010

Tata Mutual Fund
102152;Tata Money Market Fund Regular (Bonus / Dividend);;;10.1536;10.1536;10.1536;21-Mar-2010
102153;Tata Money Market Fund Regular (Growth);INF277K01LY1;;14.7539;14.7539;14.7539;21-Mar-2010

Open Ended Schemes ( Floating Rate )


HSBC Mutual Fund
102836;HSBC Floating Rate Fund - Short Term - Inst. - Dividend - Daily;;;10.1269;10.1269;10.1269;21-Mar-2010
102838;HSBC Floating Rate Fund - Short Term - Inst. - Dividend - Monthly;;;10.1457;10.1457;10.1457;21-Mar-2010
102837;HSBC Floating Rate Fund - Short Term - Inst. - Dividend - Weekly;;;0.0000;0.0000;0.0000;21-Mar-2010
102835;HSBC Floating Rate Fund - Short Term - Inst. - Growth;;;13.8015;13.8015;13.8015;21-Mar-2010
102840;HSBC Floating Rate Fund - Short Term - Inst. Plus - Dividend - Daily;;;0.0000;0.0000;0.0000;21-Mar-2010
102842;HSBC Floating Rate Fund - Short Term - Inst. Plus - Dividend - Monthly;;;0.0000;0.0000;0.0000;21-Mar-2010
102841;HSBC Floating Rate Fund - Short Term - Inst. Plus - Dividend - Weekly;;;0.0000;0.0000;0.0000;21-Mar-2010
102839;HSBC Floating Rate Fund - Short Term - Inst. Plus - Growth;;;11.7237;11.7237;11.7237;21-Mar-2010
102833;HSBC Floating Rate Fund - Short Term - Regular - Dividend - Daily;;;10.0000;10.0000;10.0000;21-Mar-2010
102834;HSBC Floating Rate Fund - Short Term - Regular - Dividend - Weekly;;;10.0170;10.0170;10.0170;21-Mar-2010
102832;HSBC Floating Rate Fund - Short Term - Regular - Growth;;;13.6549;13.6549;13.6549;21-Mar-2010

Open Ended Schemes ( Debt Scheme - Overnight Fund )


HDFC Mutual Fund
101996;HDFC Overnight Fund - Growth Option;INF179KB1HS3;;15.2437;15.2437;15.2437;21-Mar-2010
101997;HDFC Overnight Fund - IDCW Option (Daily);;INF179KB1IF8;10.4266;10.4266;10.4266;21-Mar-2010

SBI Mutual Fund
101206;SBI OVERNIGHT FUND - REGULAR PLAN - GROWTH;INF200K01LQ9;;15.8269;15.8269;15.8269;21-Mar-2010
103140;SBI Overnight Fund - Regular Plan - Weekly Income Distribution cum Capital Withdrawal Option (IDCW);INF200K01LO4;INF200K01LP1;10.3131;10.3131;10.3131;21-Mar-2010

Open Ended Schemes ( Debt Scheme - Liquid Fund )


Aditya Birla Sun Life Mutual Fund
100049;Aditya Birla Sun Life Cash Plus-Institutional - Fortnightly Dividend;;;10.8320;10.8320;10.8320;21-Mar-2010
100052;Aditya Birla Sun Life Cash Plus-Institutional Premium - Fortnightly Dividend;;;10.0000;10.0000;10.0000;21-Mar-2010
100053;Aditya Birla Sun Life Cash Plus-Institutional Premium Plan-Monthly Dividend;;;10.0252;10.0252;10.0252;21-Mar-2010
100047;Aditya Birla Sun Life Liquid Fund - Growth;INF209K01RU9;;14.7081;14.7081;14.7081;21-Mar-2010
100046;Aditya Birla Sun Life Liquid Fund -Daily IDCW;INF209K01KQ2;INF209K01SQ5;10.0195;10.0195;10.0195;21-Mar-2010
100041;Aditya Birla Sun Life Liquid Fund -Institutional - IDCW;;INF209K01KN9;10.8023;10.8023;10.8023;21-Mar-2010
100048;Aditya Birla Sun Life Liquid Fund -Institutional - weekly  IDCW;INF209KA1LK7;INF209K01KY6;10.8095;10.8095;10.8095;21-Mar-2010
100044;Aditya Birla Sun Life Liquid Fund -Retail - IDCW;;INF209K01KP4;16.3694;16.3694;16.3694;21-Mar-2010
100051;Aditya Birla Sun Life Liquid Fund -weekly IDCW;INF209K01KU4;INF209KA1LJ9;10.0250;10.0250;10.0250;21-Mar-2010
112014;Aditya Birla Sun Life Liquid Fund- Discipline Advantage Plan;INF209K01KZ3;;10.2741;10.2741;10.2741;21-Mar-2010
100043;Aditya Birla Sun Life Liquid Fund-Institutional (Growth);INF209K01RT1;;24.8569;24.8569;24.8569;21-Mar-2010
100042;Aditya Birla Sun Life Liquid Fund-Retail (Growth);INF209K01ME4;;24.4669;24.4669;24.4669;21-Mar-2010

Axis Mutual Fund
112211;Axis Liquid Fund - Regular Plan - Daily IDCW;;INF846K01420;1000.0000;1000.0000;1000.0000;21-Mar-2010
112210;Axis Liquid Fund - Regular Plan - Growth Option;INF846K01412;;1018.0973;1018.0973;1018.0973;21-Mar-2010
112213;Axis Liquid Fund - Regular Plan - Monthly IDCW;INF846K01453;INF846K01461;1002.9602;1002.9602;1002.9602;21-Mar-2010
112212;Axis Liquid Fund - Regular Plan - Weekly IDCW;INF846K01438;INF846K01446;1002.7704;1002.7704;1002.7704;21-Mar-2010
112712;Axis Liquid Fund - Retail Plan - Daily IDCW;;INF846K01362;1000.0000;1000.0000;1000.0000;21-Mar-2010
112713;Axis Liquid Fund - Retail Plan - Growth Option;INF846K01354;;1002.1778;1002.1778;1002.1778;21-Mar-2010
112714;Axis Liquid Fund - Retail Plan - Monthly IDCW;INF846K01396;INF846K01404;0.0000;0.0000;0.0000;21-Mar-2010
112715;Axis Liquid Fund - Retail Plan - Weekly IDCW;INF846K01370;INF846K01388;1000.6651;1000.6651;1000.6651;21-Mar-2010

Bandhan Mutual Fund
108692;BANDHAN LIQUID Fund - Regular Plan - Daily IDCW;INF194K01VZ4;INF194K01VY7;10.0025;10.0025;10.0025;21-Mar-2010
108690;BANDHAN LIQUID Fund - Regular Plan - Growth;INF194K01VX9;;11.1788;11.1788;11.1788;21-Mar-2010
108779;BANDHAN Liquid Fund-Plan A-Dividend (Daily);INF194K01VC3;INF194K01VB5;10.5819;10.5819;10.5819;21-Mar-2010
108778;BANDHAN Liquid Fund-Plan A-Growth;INF194K01UX1;;16.3990;16.3990;16.3990;21-Mar-2010
108607;BANDHAN Liquid Fund - Plan A-Dividend (Weekly);INF194K01VI0;INF194K01VH2;10.0123;10.0123;10.0123;21-Mar-2010
108781;BANDHAN Liquid Fund - Plan B (G) (Institutional Plan);INF194K01VK6;;16.5190;16.5190;16.5190;21-Mar-2010
108681;BANDHAN Liquid Fund - Plan B-Daily-Dividend(Institutional Plan);INF194K01VM2;INF194K01VL4;10.5816;10.5816;10.5816;21-Mar-2010

Bank of India Mutual Fund
109257;BANK OF INDIA Liquid Fund- Institutional Plan- Daily Dividend;;;1000.0000;1000.0000;1000.0000;21-Mar-2010
109256;BANK OF INDIA Liquid Fund- Institutional Plan-Growth;INF761K01314;;1101.0530;1101.0530;1101.0530;21-Mar-2010
111971;BANK OF INDIA Liquid Fund- Regular Plan- Daily IDCW;;INF761K01CO4;1000.0000;1000.0000;1000.0000;21-Mar-2010
109254;BANK OF INDIA Liquid Fund- Regular Plan- Growth;INF761K01306;;1091.8993;1091.8993;1091.8993;21-Mar-2010
109255;BANK OF INDIA Liquid Fund- Regular Plan- Weekly IDCW;;INF761K01CP1;1000.5853;1000.5853;1000.5853;21-Mar-2010
109258;BANK OF INDIA Liquid Fund- Super Institutional Plan-Growth;INF761K01322;;1103.9118;1103.9118;1103.9118;21-Mar-2010
109262;BANK OF INDIA Liquid Fund-Institutional Plan-Weekly Dividend;;;1000.6578;1000.6578;1000.6578;21-Mar-2010

Baroda BNP Paribas Mutual Fund
111707;Baroda BNP Paribas LIQUID FUND - Regular Plan - DAILY IDCW OPTION;INF955L01468;INF955L01476;10.0063;10.0063;10.0063;21-Mar-2010
111704;Baroda BNP Paribas LIQUID FUND - Regular Plan - GROWTH OPTION;INF955L01484;;10.5239;10.5239;10.5239;21-Mar-2010
101408;Baroda BNP Paribas LIQUID FUND- Defunct Plan -Growth Option;INF955L01575;;15.9494;15.9494;15.9494;21-Mar-2010
101407;Baroda BNP Paribas LIQUID FUND-Defunct Plan- IDCW Option;INF955L01559;INF955L01567;13.6661;13.6661;13.6661;21-Mar-2010
101409;Baroda BNP Paribas LIQUID FUND-Defunct Plan-Daily IDCW Option;INF955L01518;INF955L01526;10.0606;10.0606;10.0606;21-Mar-2010

Canara Robeco Mutual Fund
109349;CANARA ROBECO LIQUID FUND - REGULAR PLAN - DAILY IDCW (Reinvestment);;INF760K01CU3;10.0410;10.0410;10.0410;21-Mar-2010
109353;CANARA ROBECO LIQUID FUND - REGULAR PLAN - GROWTH OPTION;INF760K01CW9;;11.1712;11.1712;11.1712;21-Mar-2010
109350;CANARA ROBECO LIQUID FUND - REGULAR PLAN - WEEKLY IDCW (Payout/Reinvestment);INF760K01BZ4;INF760K01CZ2;10.0410;10.0410;10.0410;21-Mar-2010
101363;Canara Robeco Liquid Fund- INSTITUTIONAL-Daily Dividend Reinvestment;;INF760K01CC1;10.0410;10.0410;10.0410;21-Mar-2010
101362;Canara Robeco Liquid Fund- INSTITUTIONAL-Growth;INF760K01CD9;;16.7228;16.7228;16.7228;21-Mar-2010
101361;Canara Robeco Liquid Fund- INSTITUTIONAL-Weekly dividend;;INF760K01CE7;10.0410;10.0410;10.0410;21-Mar-2010
109357;Canara Robeco Liquid Fund-Institutional-Fortnightly Div Reinvest;;INF760K01860;10.0410;10.0410;10.0410;21-Mar-2010
109355;Canara Robeco Liquid Fund-Regular Plan-Fortnightly Div Reinvest.;;INF760K01951;10.0410;10.0410;10.0410;21-Mar-2010
101364;Canara Robeco Liquid Fund-Retail-DRI;;INF760K01CF4;10.0410;10.0410;10.0410;21-Mar-2010
109346;Canara Robeco Liquid Fund-Retail-Fortnightly Div Reinvest;;INF760K01CG2;10.0456;10.0456;10.0456;21-Mar-2010
101365;Canara Robeco Liquid Fund-Retail-Growth;INF760K01CH0;;16.6888;16.6888;16.6888;21-Mar-2010
109347;Canara Robeco Liquid Fund-Retail-Monthly Div Reinvest;;INF760K01CI8;10.0660;10.0660;10.0660;21-Mar-2010
109356;Canara Robeco Liquid Fund-Retail-Weekly Div Reinvest;;INF760K01CJ6;10.0456;10.0456;10.0456;21-Mar-2010

DSP Mutual Fund
103347;DSP Liquidity Fund - Regular Plan - Growth;INF740K01FK9;;1315.2059;1315.2059;1315.2059;21-Mar-2010
103348;DSP Liquidity Fund - Regular Plan - IDCW - Weekly;INF740K01FM5;INF740K01FL7;1000.5797;1000.5797;1000.5797;21-Mar-2010
103349;DSP Liquidity Fund- Regular Plan - IDCW - Daily;;INF740KA1OE0;1000.2000;1000.2000;1000.2000;21-Mar-2010
100943;DSP BlackRock Liquidity Fund - Regular Plan - Daily Dividend;;;10.0100;10.0100;10.0100;21-Mar-2010
100940;DSP BlackRock Liquidity Fund - Regular Plan - Growth;INF740K01CN0;;21.8538;21.8538;21.8538;21-Mar-2010
100941;DSP BlackRock Liquidity Fund - Regular Plan Weekly Dividend;;;12.4045;12.4045;12.4045;21-Mar-2010

Franklin Templeton Mutual Fund
100543;Franklin India Liquid Fund - Liquid Plan - Daily IDCW;;;1000.6730;1000.6730;1000.6730;21-Mar-2010
100544;Franklin India Liquid Fund - Liquid Plan - Growth;;;1382.4877;1382.4877;1382.4877;21-Mar-2010
100542;Franklin India Liquid Fund - Liquid Plan - Weekly Dividend;;;1000.5749;1000.5749;1000.5749;21-Mar-2010
100541;Franklin India Liquid Fund - Regular Plan - Daily - IDCW;;INF090I01BA3;1512.3400;1512.3400;1512.3400;21-Mar-2010
100538;Franklin India Liquid Fund - Regular Plan - Growth;INF090I01BB1;;2264.5772;2264.5772;2264.5772;21-Mar-2010
100537;Franklin India Liquid Fund - Regular Plan - Weekly - IDCW;INF090I01BL0;INF090I01BI6;1244.3238;1244.3238;1244.3238;21-Mar-2010
100547;Franklin India Liquid Fund - Super Institutional Plan - Daily - IDCW;;INF090I01BF2;1000.6730;1000.6730;1000.6730;21-Mar-2010
100546;Franklin India Liquid Fund - Super Institutional Plan - Growth;INF090I01BG0;;1365.5266;1365.5266;1365.5266;21-Mar-2010
100548;Franklin India Liquid Fund - Super Institutional Plan - Weekly - IDCW;INF090I01BM8;INF090I01BH8;1021.1243;1021.1243;1021.1243;21-Mar-2010
102441;Franklin India Liquid Fund - Institution-Growth;INF090I01BD7;;1435.5497;1435.5497;1435.5497;21-Mar-2010
102443;Franklin India Liquid Fund - Institutional Plan - Daily - IDCW;;INF090I01BC9;1000.6730;1000.6730;1000.6730;21-Mar-2010
102442;Franklin India Liquid Fund - Institutional Plan - Weekly - IDCW;INF090I01BJ4;INF090I01BE5;1054.7186;1054.7186;1054.7186;21-Mar-2010

HDFC Mutual Fund
100868;HDFC Liquid Fund - Growth Plan;INF179KB1HK0;;18.2167;18.2167;18.2167;21-Mar-2010
100875;HDFC Liquid Fund - IDCW Daily;;INF179KB1IC5;10.1982;10.1982;10.1982;21-Mar-2010
100876;HDFC Liquid Fund - IDCW Monthly;INF179KB1HM6;INF179KB1HL8;10.291;10.291;10.291;21-Mar-2010
100874;HDFC Liquid Fund - IDCW Plan Weekly;INF179KB1ID3;;10.317;10.317;10.317;21-Mar-2010
100877;HDFC Liquid Fund-Premium Plan - Dividend-Daily;;INF179K01KN4;12.2598;12.2598;12.2598;21-Mar-2010
100878;HDFC Liquid Fund-Premium Plan - Dividend-Weekly;INF179K01KP9;;10;10;10;21-Mar-2010
100881;HDFC Liquid Fund-Premium Plus Plan - Dividend-Weekly;INF179K01KS3;;10;10;10;21-Mar-2010
100872;HDFC Liquid Fund-PREMIUM PLUS- Growth;INF179K01KQ7;;18.4693;18.4693;18.4693;21-Mar-2010
100873;HDFC Liquid Fund-PREMIUM- Growth;INF179KB1HN4;;18.4311;18.4311;18.4311;21-Mar-2010

HSBC Mutual Fund
101700;HSBC Cash Fund - Dividend - Daily;;INF336L01321;10.0056;10.0056;10.0056;21-Mar-2010
101702;HSBC Cash Fund - Dividend - Monthly;INF336L01305;INF336L01297;10.0966;10.0966;10.0966;21-Mar-2010
101701;HSBC Cash Fund - Dividend - Weekly;;INF336L01347;10.2363;10.2363;10.2363;21-Mar-2010
101692;HSBC Cash Fund - Inst. - Dividend - Daily;;INF336L01354;10.4401;10.4401;10.4401;21-Mar-2010
101694;HSBC Cash Fund - Inst. - Dividend - Monthly;INF336L01370;INF336L01362;10.5399;10.5399;10.5399;21-Mar-2010
101693;HSBC Cash Fund - Inst. - Dividend - Weekly;;INF336L01388;10.4653;10.4653;10.4653;21-Mar-2010
101691;HSBC Cash Fund - Inst. - Growth;INF336L01289;;15.0118;15.0118;15.0118;21-Mar-2010
101697;HSBC Cash Fund - Regular - Dividend - Daily;;INF336L01263;10.1930;10.1930;10.1930;21-Mar-2010
101698;HSBC Cash Fund - Regular - Dividend - Weekly;;INF336L01313;10.0185;10.0185;10.0185;21-Mar-2010
101696;HSBC Liquid Fund - Growth closed plan;INF336L01271;;14.8760;14.8760;14.8760;21-Mar-2010
101699;HSBC Liquid Fund Closed;INF336L01339;;14.1395;14.1395;14.1395;21-Mar-2010

ICICI Prudential Mutual Fund
100357;ICICI Prudential Liquid Fund -Quarterly IDCW;INF109K01UU5;INF109K01UT7;100.7800;100.7800;100.7800;21-Mar-2010
100359;ICICI Prudential Liquid Institutional Plus Fund - Div - Daily;INF109K01VJ6;;118.5150;118.5150;118.5150;21-Mar-2010
100360;ICICI Prudential Liquid Institutional Plus Fund - Div - Weekly;INF109K01VM0;;118.6284;118.6284;118.6284;21-Mar-2010
100362;ICICI Prudential Liquid Institutional Plus Fund - Growth;INF109K01VK4;;227.7400;227.7400;227.7400;21-Mar-2010
103343;ICICI Prudential Liquid Fund - Daily IDCW;INF109K01VP3;;100.0221;100.0221;100.0221;21-Mar-2010
103340;ICICI Prudential Liquid Fund - Growth;INF109K01VQ1;;135.9110;135.9110;135.9110;21-Mar-2010
104308;ICICI Prudential Liquid Fund - Half Yearly IDCW;INF109K01UX9;INF109K01UW1;101.5992;101.5992;101.5992;21-Mar-2010
103344;ICICI Prudential Liquid Fund - Institutional Option - I;INF109K01VH0;;132.8158;132.8158;132.8158;21-Mar-2010
103342;ICICI Prudential Liquid Fund - Weekly IDCW;INF109K01VS7;;100.1098;100.1098;100.1098;21-Mar-2010
103341;ICICI Prudential Liquid Fund -Monthly IDCW;INF109K01VR9;;100.1919;100.1919;100.1919;21-Mar-2010
101748;ICICI Prudential Liquid Fund - Institutional - Daily - Div;INF109K01VE7;;118.5020;118.5020;118.5020;21-Mar-2010
101753;ICICI Prudential Liquid Fund - Institutional - Weekly - Div;INF109K01VI8;;118.4985;118.4985;118.4985;21-Mar-2010
101754;ICICI Prudential Liquid Fund Retail Daily Dividend;INF109K01UR1;;118.5140;118.5140;118.5140;21-Mar-2010
101750;ICICI Prudential Liquid Fund Retail Growth;INF109K01UQ3;;222.4062;222.4062;222.4062;21-Mar-2010
101755;ICICI Prudential Liquid Fund Retail Monthly Dividend;INF109K01US9;;100.2697;100.2697;100.2697;21-Mar-2010
101752;ICICI Prudential Liquid Fund Retail Weekly Dividend;INF109K01UV3;;118.8725;118.8725;118.8725;21-Mar-2010
101751;ICICI Prudential Liquid Institutional Fund - Growth;INF109K01VF4;;226.3628;226.3628;226.3628;21-Mar-2010

Invesco Mutual Fund
104484;Invesco India Liquid Fund - Daily IDCW (Reinvestment);;INF205K01HN3;10.0064;10.0064;10.0064;21-Mar-2010
104486;Invesco India Liquid Fund - Growth;INF205K01HM5;;12.6228;12.6228;12.6228;21-Mar-2010
104488;Invesco India Liquid Fund - Regular - Growth;INF205K01HG7;;12.4518;12.4518;12.4518;21-Mar-2010
104489;Invesco India Liquid Fund - Regular - Weekly IDCW (Reinvestment);;INF205K01HH5;10.0035;10.0035;10.0035;21-Mar-2010
104483;Religare Invesco Liquid Fund - Institutional - Daily Dividend;;INF205K01HJ1;10.0064;10.0064;10.0064;21-Mar-2010
104491;Religare Invesco Liquid Fund - Institutional - Growth;INF205K01HI3;;12.5705;12.5705;12.5705;21-Mar-2010
104490;Religare Invesco Liquid Fund - Institutional - Weekly Dividend;;INF205K01HK9;10.0035;10.0035;10.0035;21-Mar-2010

JM Financial Mutual Fund
100241;JM High Liquidity Fund-- Institutional Plan - Dividend;INF192K01924;INF192K01932;10.4630;10.4630;10.4630;21-Mar-2010
100237;JM High Liquidity Fund-- Institutional Plan - Growth;INF192K01940;;15.1261;15.1261;15.1261;21-Mar-2010
100238;JM High Liquidity Fund-Institutional Plan - Daily Dividend;;INF192K01916;10.0159;10.0159;10.0159;21-Mar-2010
100245;JM High Liquidity Fund-Super Institutional Plan- Daily Dividend;;INF192K01957;10.0165;10.0165;10.0165;21-Mar-2010
100246;JM High Liquidity Fund-Super Institutional Plan- Weekly  Dividend;INF192K01965;INF192K01973;10.0000;10.0000;10.0000;21-Mar-2010
100244;JM Liquid Fund (Regular) - Quarterly IDCW;INF192K01866;INF192K01874;14.1889;14.1889;14.1889;21-Mar-2010
100247;JM Liquid Fund (Regular) - Super Institutional Plan - Growth Option;INF192K01981;;14.3817;14.3817;14.3817;21-Mar-2010
100233;JM Liquid Fund (Regular) - Weekly IDCW;INF192K01841;INF192K01858;10.7066;10.7066;10.7066;21-Mar-2010
100234;JM Liquid Fund - Growth Option;INF192K01882;;25.0694;25.0694;25.0694;21-Mar-2010
101549;JM Liquid Fund (Regular) - Bonus Option - Principal Units;INF192K01890;;13.1649;13.1649;13.1649;21-Mar-2010
101078;JM Liquid Fund (Regular) - Daily IDCW;;INF192K01833;10.4302;10.4302;10.4302;21-Mar-2010

Kotak Mahindra Mutual Fund
100833;Kotak Liquid Fund - Regular  - Daily Reinvestment of Income Distribution cum capital withdrawal option;;INF174K01NL3;12.2281;12.2281;12.2281;21-Mar-2010
100835;Kotak Liquid Fund - Regular Plan - Growth;INF174K01NI9;;18.6387;18.6387;18.6387;21-Mar-2010
100831;Kotak Liquid Fund -Institutional Plan - (Daily Dividend);;INF174K01GA0;12.2281;12.2281;12.2281;21-Mar-2010
100834;Kotak Liquid Fund Regular Plan Weekly Reinvestment of Income Distribution cum capital withdrawal option Dividend;INF174K01NK5;;10.0425;10.0425;10.0425;21-Mar-2010
100830;Kotak Liquid-Institutional Plan  (Growth);INF174K01FZ9;;18.2071;18.2071;18.2071;21-Mar-2010
100832;Kotak Liquid-Institutional Plan (Weekly Dividend);;INF174K01GB8;10.0286;10.0286;10.0286;21-Mar-2010
100828;Kotak Liquid-Regular (Dividend);;INF174K01FY2;10.028;10.028;10.028;21-Mar-2010
100829;Kotak Liquid-Regular (Growth);INF174K01NM1;;17.8308;17.8308;17.8308;21-Mar-2010

L&T Mutual Fund
112445;L&T Liquid Fund -Regular Plan - Daily IDCW;INF917K01JB4;;10.1163;10.1163;10.1163;21-Mar-2010
112457;L&T Liquid Fund -Regular Plan - Growth;INF917K01JH1;;12.6360;12.6360;12.6360;21-Mar-2010
112456;L&T Liquid Fund-Cum -Institutional Plus;INF917K01BJ4;;18.5570;18.5570;18.5570;21-Mar-2010
112442;L&T Liquid Fund-Regular Cumulative;INF917K01BF2;;18.3414;18.3414;18.3414;21-Mar-2010
112483;L&T Liquid Fund - Institutional Plus Weekly Dividend;INF917K01BH8;INF917K01BI6;12.4475;12.4475;12.4475;21-Mar-2010

Mirae Asset Mutual Fund
111647;Mirae Asset Liquid Fund - Regular - Daily IDCW;;INF769K01804;1026.9450;1026.9450;1026.9450;21-Mar-2010
111646;Mirae Asset Liquid Fund - Regular Plan - Growth;INF769K01788;;1029.0765;1029.0765;1029.0765;21-Mar-2010
111645;Mirae Asset Liquid Fund - Regular Plan - Monthly IDCW;INF769K01838;INF769K01820;1029.1505;1029.1505;1029.1505;21-Mar-2010
111644;Mirae Asset Liquid Fund - Regular Plan - Weekly IDCW;INF769K01PC4;INF769K01812;1027.9620;1027.9620;1027.9620;21-Mar-2010

Navi Mutual Fund
112645;Navi Liquid Fund - Regular Plan Daily IDCW;;INF959L01GM7;10.0001;10.0001;10.0001;21-Mar-2010
112638;Navi Liquid Fund-Institutional Plan-Dividend Option-Weekly;INF959L01221;INF959L01239;10.0066;10.0066;10.0066;21-Mar-2010
112636;Navi Liquid Fund-Regular Plan-Growth Option;INF959L01GL9;;10.0356;10.0356;10.0356;21-Mar-2010
112641;Navi Liquid Fund-Retail Plan-Dividend Option-Daily;;INF959L01254;10.0001;10.0001;10.0001;21-Mar-2010
112642;Navi Liquid Fund-Retail Plan-Dividend Option-Weekly;INF959L01288;INF959L01296;10.0060;10.0060;10.0060;21-Mar-2010
112644;Navi Liquid Fund-Retail Plan-Growth;INF959L01304;;10.0305;10.0305;10.0305;21-Mar-2010

Nippon India Mutual Fund
100852;NIPPON INDIA LIQUID FUND - DAILY IDCW OPTION;;INF204K01UM1;15.2872;15.2872;15.2872;21-Mar-2010
100855;NIPPON INDIA LIQUID FUND - MONTHLY IDCW OPTION;INF204K01UO7;INF204K01UP4;21.7989;21.7989;21.7989;21-Mar-2010
112340;NIPPON INDIA LIQUID FUND - QUARTERLY IDCW OPTION;INF204K01UQ2;INF204K01UR0;22.4273;22.4273;22.4273;21-Mar-2010
100837;Nippon India Liquid Fund - Retail Option - Growth Plan;INF204K01UL3;;22.0531;22.0531;22.0531;21-Mar-2010
100842;NIPPON INDIA LIQUID FUND - RETAIL Plan - DAILY IDCW OPTION;;INF204K01UJ7;15.2426;15.2426;15.2426;21-Mar-2010
100843;NIPPON INDIA LIQUID FUND - RETAIL plan - MONTHLY IDCW OPTION;INF204K01UT6;INF204K01UU4;13.3404;13.3404;13.3404;21-Mar-2010
100844;NIPPON INDIA LIQUID FUND - RETAIL Plan - QUARTERLY IDCW OPTION;INF204K01UV2;INF204K01UW0;12.1479;12.1479;12.1479;21-Mar-2010
100838;NIPPON INDIA LIQUID FUND - RETAIL Plan - WEEKLY IDCW OPTION;;INF204K01UK5;10.3440;10.3440;10.3440;21-Mar-2010
100853;NIPPON INDIA LIQUID FUND - WEEKLY IDCW OPTION;INF204KC1FM8;INF204K01US8;15.3065;15.3065;15.3065;21-Mar-2010
100851;Nippon India Liquid Fund -Growth Plan;INF204K01UN9;;22.4273;22.4273;22.4273;21-Mar-2010
100849;Reliance Liquid Fund-Cash Plan-Daily Dividend Reinvestment Option;;;11.1415;11.1415;11.1415;21-Mar-2010
100845;Reliance Liquid Fund-Cash Plan-Growth Plan;;;14.9931;14.9931;14.9931;21-Mar-2010
100848;Reliance Liquid Fund-Cash Plan-Weekly Dividend Reinvestment Option;;;10.9182;10.9182;10.9182;21-Mar-2010

Principal Mutual Fund
100895;Principal Cash Management Fund - Daily Income Distribution CUM Capital Withdrawal;;INF173K01DB7;10.0007;10.0007;10.0007;21-Mar-2010
100898;Principal Cash Management Fund -Growth Option;INF173K01DA9;;14.3153;14.3153;14.3153;21-Mar-2010
100892;Principal Cash Management-Liquid Option-Daily Dividend;;;10.0022;10.0022;10.0022;21-Mar-2010
100887;Principal Cash Management-Liquid Option-Dividend Plan;;;10.1237;10.1237;10.1237;21-Mar-2010
100888;Principal Cash Management-Liquid Option-Growth Plan;;;17.7664;17.7664;17.7664;21-Mar-2010
100894;Principal Cash Management-Liquid Option-Institutional - Daily Dividend Plan;;;10.0022;10.0022;10.0022;21-Mar-2010
100893;Principal Cash Management-Liquid Option-Institutional - Growth Plan;;;15.0249;15.0249;15.0249;21-Mar-2010
100891;Principal Cash Management-Liquid Option-Institutional - Monthly Dividend Plan;;;10.0256;10.0256;10.0256;21-Mar-2010
100890;Principal Cash Management-Liquid Option-Institutional - Weekly Dividend Plan;;;10.0056;10.0056;10.0056;21-Mar-2010
100889;Principal Cash Management-Liquid Option-Monthly Dividend;;;10.024;10.024;10.024;21-Mar-2010

Quantum Mutual Fund
103736;Quantum Liquid Fund - Direct Plan Daily IDCW;;INF082J01135;10.0000;10.0000;10.0000;21-Mar-2010
103734;Quantum Liquid Fund - Direct Plan Growth Option;INF082J01127;;13.0755;13.0755;13.0755;21-Mar-2010
103735;Quantum Liquid Fund - Direct Plan Monthly IDCW;INF082J01143;INF082J01200;10.0270;10.0270;10.0270;21-Mar-2010

SBI Mutual Fund
105274;SBI Liquid Fund - Institutional - Growth;INF200K01LU1;;14.6065;14.6065;14.6065;21-Mar-2010
105275;SBI Liquid Fund - Institutional Daily Income Distribution cum Capital Withdrawal Option (IDCW);;INF200K01LR7;10.0325;10.0325;10.0325;21-Mar-2010
105279;SBI Liquid Fund - Institutional Fortnightly Income Distribution cum Capital Withdrawal Option (IDCW);INF200K01LS5;INF200K01LT3;10.1572;10.1572;10.1572;21-Mar-2010
105278;SBI Liquid Fund - Institutional Weekly Income Distribution cum Capital Withdrawal Option (IDCW);INF200K01LV9;INF200K01LW7;10.6051;10.6051;10.6051;21-Mar-2010
105281;SBI Liquid Fund - Regular Plan - Daily Income Distribution cum Capital Withdrawal Option (IDCW);;INF200K01LX5;10.0325;10.0325;10.0325;21-Mar-2010
105283;SBI Liquid Fund - Regular Plan - Fortnightly Income Distribution cum Capital Withdrawal Option (IDCW);INF200K01LY3;INF200K01LZ0;N.A.;N.A.;N.A.;21-Mar-2010
105282;SBI Liquid Fund - Regular Plan - Weekly Income Distribution cum Capital Withdrawal Option (IDCW);INF200K01MB9;INF200K01MC7;N.A.;N.A.;N.A.;21-Mar-2010
105280;SBI Liquid Fund - REGULAR PLAN -Growth;INF200K01MA1;;14.4484;14.4484;14.4484;21-Mar-2010

Tata Mutual Fund
102672;Tata Liquid Fund -Regular Plan - Growth Option;INF277K01YD8;;14.4632;14.4632;14.4632;21-Mar-2010
101714;Tata Liquid Fund- Regular Plan - Daily Reinvestment of IDCW Option;;INF277K011D4;10.0152;10.0152;10.0152;21-Mar-2010

Taurus Mutual Fund
111915;Taurus Liquid Fund - Regular Plan - SI Growth Option;INF044D01534;;1000.4262;1000.4262;1000.4262;21-Mar-2010
111703;Taurus Liquid Fund - Regular Plan -SI Daily Dividend Option;;INF044D01518;1000.0000;1000.0000;1000.0000;21-Mar-2010
111547;Taurus Liquid Fund Insti DDRIP;;INF044D01484;1000.0000;1000.0000;1000.0000;21-Mar-2010
111760;Taurus Liquid Fund Insti Growth;INF044D01500;;1007.8391;1007.8391;1007.8391;21-Mar-2010
104240;Taurus Liquid Fund-Dividend;INF044D01542;INF044D01559;1001.1400;1001.1400;1001.1400;21-Mar-2010
104241;Taurus Liquid Fund-Growth;INF044D01575;;1207.1056;1207.1056;1207.1056;21-Mar-2010

UTI Mutual Fund
102010;UTI Liquid Fund - Regular Plan - Daily IDCW (Reinvestment);;INF789F01PG3;1019.4457;1019.4457;1019.4457;21-Mar-2010
102011;UTI Liquid Fund - Regular Plan - Monthly IDCW;INF789F01PI9;INF789F01PJ7;1027.2836;1027.2836;1027.2836;21-Mar-2010
102013;UTI Liquid Fund - Regular Plan - Weekly IDCW;;INF789F01PK5;1022.7808;1022.7808;1022.7808;21-Mar-2010
102012;UTI-  Liquid Cash Plan - Regular Plan - Growth Option;INF789F01PH1;;1509.9791;1509.9791;1509.9791;21-Mar-2010
102008;UTI-  Liquid Cash Plan- Discontinued - Regular Plan - Monthly Dividend Option;INF789F01BC2;INF789F01BA6;1066.7731;1066.7731;1066.7731;21-Mar-2010
102009;UTI-  Liquid Cash Plan- Discontinued - Regular Plan -Growth;INF789F01BB4;;1488.6162;1488.6162;1488.6162;21-Mar-2010
102007;UTI-  Liquid Cash Plan- Discontinued -Regular Plan Periodic Dividend Option;;INF789F01AZ5;1054.3391;1054.3391;1054.3391;21-Mar-2010

Open Ended Schemes ( Debt Scheme - Ultra Short Duration Fund )


Principal Mutual Fund
107325;Principal Money Manager Fund-Regular Plan-Daily Dividend Option;;;10.0247;10.0247;10.0247;21-Mar-2010
107331;Principal Money Manager Fund-Regular Plan-Growth Option;;;11.1108;11.1108;11.1108;21-Mar-2010
107326;Principal Money Manager Fund-Regular Plan-Weekly Dividend Option;;;10.1076;10.1076;10.1076;21-Mar-2010

SBI Mutual Fund
105080;SBI Ultra Short Duration Fund - Regular Plan - Daily Income Distribution cum Capital Withdrawal Option (IDCW);;INF200K01LK2;16.7503;16.7503;16.7503;21-Mar-2010
100641;SBI ULTRA SHORT DURATION FUND - REGULAR PLAN - GROWTH;INF200K01LJ4;;20.4149;20.4149;20.4149;21-Mar-2010
103884;SBI Ultra Short Duration Fund - Regular Plan - Weekly Income Distribution cum Capital Withdrawal Option (IDCW);INF200K01LM8;INF200K01LL0;10.7769;10.7769;10.7769;21-Mar-2010

Open Ended Schemes ( Debt Scheme - Low Duration Fund )


Aditya Birla Sun Life Mutual Fund
103192;Aditya Birla Sun Life Low Duration Fund - Growth Plan;INF209K01LQ0;;22.4204;22.4204;22.4204;21-Mar-2010
103195;Aditya Birla Sun Life Low Duration Fund - Institutional Plan - Growth;INF209K01KE8;;15.3720;15.3720;15.3720;21-Mar-2010
103191;Aditya Birla Sun Life Low Duration Fund -INSTITUTIONAL - DAILY IDCW;;INF209K01KD0;10.0030;10.0030;10.0030;21-Mar-2010
103194;Aditya Birla Sun Life Low Duration Fund -Institutional - weekly  IDCW;;INF209K01KG3;10.0063;10.0063;10.0063;21-Mar-2010
103193;Aditya Birla Sun Life Low Duration Fund -REGULAR - WEEKLY IDCW;;INF209KA1LQ4;10.0059;10.0059;10.0059;21-Mar-2010

Bandhan Mutual Fund
108633;BANDHAN Low Duration Fund - Regular Plan - Daily IDCW;INF194K01FW4;INF194K01FV6;10.0125;10.0125;10.0125;21-Mar-2010
108632;BANDHAN Low Duration Fund - Regular Plan - Growth;INF194K01FU8;;12.6212;12.6212;12.6212;21-Mar-2010
108635;BANDHAN Low Duration Fund - Regular Plan - Monthly IDCW;INF194K01FZ7;INF194K01FY0;10.0645;10.0645;10.0645;21-Mar-2010
108634;BANDHAN Low Duration Fund - Regular Plan - Weekly IDCW;INF194K01GC4;INF194K01GB6;10.0066;10.0066;10.0066;21-Mar-2010

Canara Robeco Mutual Fund
104559;CANARA ROBECO SAVINGS FUND - REGULAR PLAN - DAILY IDCW (Reinvestment);;INF760K01803;10.2600;10.2600;10.2600;21-Mar-2010
102913;CANARA ROBECO SAVINGS FUND - REGULAR PLAN - GROWTH OPTION;INF760K01795;;14.2067;14.2067;14.2067;21-Mar-2010
102914;CANARA ROBECO SAVINGS FUND - REGULAR PLAN - IDCW (Payout/Reinvestment);INF760K01779;INF760K01787;13.6600;13.6600;13.6600;21-Mar-2010
102915;CANARA ROBECO SAVINGS FUND - REGULAR PLAN - WEEKLY IDCW (Payout/Reinvestment);INF760K01CB3;INF760K01811;10.2651;10.2651;10.2651;21-Mar-2010

Open Ended Schemes ( Debt Scheme - Money Market Fund )


Aditya Birla Sun Life Mutual Fund
101975;Aditya Birla Sun Life Floating Rate Fund-Short Term Plan-Institutional Fortnightly Dividend;;;10.0000;10.0000;10.0000;21-Mar-2010
101973;Aditya Birla Sun Life Money Manager Fund - Daily IDCW;;INF209K01SZ6;10.0000;10.0000;10.0000;21-Mar-2010
101976;Aditya Birla Sun Life Money Manager Fund - Growth;INF209K01RV7;;12.1719;12.1719;12.1719;21-Mar-2010
101972;Aditya Birla Sun Life Money Manager Fund - Retail - Daily IDCW;;INF209K01JZ5;10.0015;10.0015;10.0015;21-Mar-2010
101970;Aditya Birla Sun Life Money Manager Fund - RETAIL - WEEKLY IDCW;;INF209K01JY8;10.3778;10.3778;10.3778;21-Mar-2010
101971;Aditya Birla Sun Life Money Manager Fund - Retail Growth;INF209K01MJ3;;15.1047;15.1047;15.1047;21-Mar-2010
101974;Aditya Birla Sun Life Money Manager Fund - WEEKLY IDCW;;INF209K01SY9;10.0108;10.0108;10.0108;21-Mar-2010

Franklin Templeton Mutual Fund
101352;Templeton Floating Rate Income Fund-Short Term Plan-Dividend Option;;;10.0491;10.0491;10.0491;21-Mar-2010
101353;Templeton Floating Rate Income Fund-Short Term Plan-Growth Option;;;16.6298;16.6298;16.6298;21-Mar-2010
101355;Templeton Floating Rate Income Fund-Short Term Plan-Institutional Option - Dividend;;;10.1505;10.1505;10.1505;21-Mar-2010
101354;Templeton Floating Rate Income Fund-Short Term Plan-Institutional Option - Growth;;;13.7404;13.7404;13.7404;21-Mar-2010

HDFC Mutual Fund
101994;HDFC Money Market Fund - Daily IDCW Option;;INF179KB1IG6;10.6364;10.6364;10.6364;21-Mar-2010
101993;HDFC Money Market Fund - Growth Option;INF179KB1HR5;;19.2224;19.2224;19.2224;21-Mar-2010
101995;HDFC Money Market Fund - Weekly IDCW Option;INF179KB1IH4;INF179KB1II2;10.6273;10.6273;10.6273;21-Mar-2010

ICICI Prudential Mutual Fund
101221;ICICI Prudential Money Market Fund Retail Growth (erstwhile Cash Option);INF109K01TW3;;150.2515;150.2515;150.2515;21-Mar-2010
103634;ICICI Prudential Money Market Fund Option - Daily IDCW;INF109K01TY9;;100.0100;100.0100;100.0100;21-Mar-2010
103633;ICICI Prudential Money Market Fund Option - Growth;INF109K01TX1;;128.8961;128.8961;128.8961;21-Mar-2010
103637;ICICI Prudential Money Market Fund Option - Monthly IDCW;INF109K01UC3;INF109K01UB5;100.4559;100.4559;100.4559;21-Mar-2010
103635;ICICI Prudential Money Market Fund Option - Weekly IDCW;INF109K01TZ6;;100.1020;100.1020;100.1020;21-Mar-2010
103636;ICICI Prudential Money Market Fund Option -Fortnightly IDCW;INF109K01UA7;;100.2672;100.2672;100.2672;21-Mar-2010

Kotak Mahindra Mutual Fund
106842;Kotak Money Market Fund - (Daily Reinvestment of Income Distribution cum capital withdrawal option);INF174K01ND0;;10.0645;10.0645;10.0645;21-Mar-2010
101893;Kotak Money Market Fund - (Growth);INF174K01NA6;;15.0648;15.0648;15.0648;21-Mar-2010
101892;Kotak Money market Fund - (Monthly Payout of Income Distribution cum capital withdrawal option);INF174K018O0;INF174K01NB4;10.0105;10.0105;10.0105;21-Mar-2010
101894;Kotak Money Market Fund - (Weekly Reinvestment of Income Distribution cum capital withdrawal option);INF174K01NC2;;10.0319;10.0319;10.0319;21-Mar-2010

Nippon India Mutual Fund
103050;NIPPON INDIA MONEY MARKET FUND - DAILY IDCW Option;;INF204K01UY6;10.0040;10.0040;10.0040;21-Mar-2010
103052;NIPPON INDIA MONEY MARKET FUND - MONTHLY IDCW Option;INF204K01VB2;INF204K01VC0;13.8441;13.8441;13.8441;21-Mar-2010
112341;NIPPON INDIA MONEY MARKET FUND - QUARTERLY IDCW Option;INF204K01VD8;INF204K01VE6;13.8441;13.8441;13.8441;21-Mar-2010
103051;NIPPON INDIA MONEY MARKET FUND - WEEKLY IDCW Option;;INF204K01UZ3;10.0050;10.0050;10.0050;21-Mar-2010
103049;Nippon India Money Market Fund-Growth Plan-Bonus Option;INF204K01UX8;;13.8441;13.8441;13.8441;21-Mar-2010
103048;Nippon India Money Market Fund-Growth Plan-Growth Option;INF204K01VA4;;13.8441;13.8441;13.8441;21-Mar-2010

Tata Mutual Fund
101986;Tata Money Market Fund- Regular Plan - Daily Reinvestment of IDCW Option;;INF277K014C0;1114.5200;1114.5200;1114.5200;21-Mar-2010
101847;Tata Money Market Fund-Regular Plan - Growth Option;INF277K01LQ7;;1696.4006;1696.4006;1696.4006;21-Mar-2010

UTI Mutual Fund
112077;UTI MMF - Regular Plan - Growth Option;INF789F01PX8;;1030.0441;1030.0441;1030.0441;21-Mar-2010
100724;UTI MMF- Discontinued - Regular Plan - Flexi Dividend Option;;INF789F01BD0;1851.6346;1851.6346;1851.6346;21-Mar-2010
100725;UTI MMF- Discontinued - Regular Plan - Periodic Dividend Option;INF789F01BE8;;1841.6887;1841.6887;1841.6887;21-Mar-2010
100723;UTI MMF-Discontinued - Regular Plan -Growth;INF789F01BF5;;2568.339;2568.339;2568.339;21-Mar-2010
112076;UTI Money Market Fund - Regular Plan - Daily IDCW (Reinvestment);;INF789F01PW0;1003.3854;1003.3854;1003.3854;21-Mar-2010
112635;UTI Money Market Fund - Regular Plan - Weekly IDCW;INF789F01PY6;INF789F01PZ3;1001.3066;1001.3066;1001.3066;21-Mar-2010

Open Ended Schemes ( Debt Scheme - Credit Risk Fund )


Principal Mutual Fund
102729;Principal Credit Risk Fund - Regular Plan - Growth Option;INF173K01DM4;;14.3983;14.3983;14.3983;21-Mar-2010
102726;Principal Floating Rate Fund - SMP-Daily Dividend;;;10.0007;10.0007;10.0007;21-Mar-2010
102725;Principal Floating Rate Fund - SMP-Growth;;;14.3036;14.3036;14.3036;21-Mar-2010
102730;Principal Floating Rate Fund - SMP-Insti. Daily Dividend;;;10.0007;10.0007;10.0007;21-Mar-2010
102731;Principal Floating Rate Fund - SMP-Insti. Weekly Dividend;;;10.0041;10.0041;10.0041;21-Mar-2010
102728;Principal Floating Rate Fund - SMP-Monthly Dividend;;;10.64;10.64;10.64;21-Mar-2010
102727;Principal Floating Rate Fund - SMP-Weekly Dividend;;;10.0039;10.0039;10.0039;21-Mar-2010

Open Ended Schemes ( Debt Scheme - Floater Fund )


Franklin Templeton Mutual Fund
101048;Franklin India Floating Rate Fund - Growth Plan;INF090I01LM7;;15.8928;15.8928;15.8928;21-Mar-2010
101044;Franklin India Floating Rate Fund - IDCW ;INF090I01LN5;;10.0000;10.0000;10.0000;21-Mar-2010

Nippon India Mutual Fund
102676;NIPPON INDIA FLOATER FUND - DAILY IDCW REINVESTMENT Option;;INF204K01CI7;10.0697;10.0697;10.0697;21-Mar-2010
102673;Nippon India Floater Fund - Growth Plan-Growth Option;INF204K01CG1;;14.4722;14.4722;14.4722;21-Mar-2010
102675;NIPPON INDIA FLOATER FUND - MONTHLY IDCW Option;INF204K01CH9;INF204K01CK3;10.1093;10.1093;10.1093;21-Mar-2010
102677;NIPPON INDIA FLOATER FUND - WEEKLY IDCW Option;INF204K01OQ5;INF204K01CJ5;10.0837;10.0837;10.0837;21-Mar-2010

Close Ended Schemes ( Income )


SBI Mutual Fund
111829;SBI Debt Fund Series-13 Months-9(13/03/2009)-Institutional Dividend;;;10.3391;N.A.;N.A.;21-Mar-2010
111828;SBI Debt Fund Series-13 Months-9(13/03/2009)-Institutional Growth;;;10.7123;N.A.;N.A.;21-Mar-2010
111831;SBI Debt Fund Series-13 Months-9(13/03/2009)-Retail Dividend;;;10.1591;N.A.;N.A.;21-Mar-2010
111830;SBI Debt Fund Series-13 Months-9(13/03/2009)-Retail Growth;;;10.7214;N.A.;N.A.;21-Mar-2010
111889;REDEEMED-SBI Debt Fund Series - 13 Months - 10 (24/03/09) - Institutional Dividend;;;10.3156;N.A.;N.A.;21-Mar-2010
111890;REDEEMED-SBI Debt Fund Series - 13 Months - 10 (24/03/09) - Institutional Growth;;;10.7178;N.A.;N.A.;21-Mar-2010
111891;REDEEMED-SBI Debt Fund Series - 13 Months - 10 (24/03/09) - Retail Dividend;;;10.2987;N.A.;N.A.;21-Mar-2010
111892;REDEEMED-SBI Debt Fund Series - 13 Months - 10 (24/03/09) - Retail Growth;;;10.7047;N.A.;N.A.;21-Mar-2010
112818;REDEEMED-SBI Debt Fund Series - 15 Months - 5 (09/03/2010)-DIVIDEND;;;10.0153;N.A.;N.A.;21-Mar-2010
112817;REDEEMED-SBI Debt Fund Series - 15 Months - 5 (09/03/2010)-GROWTH;;;10.0153;N.A.;N.A.;21-Mar-2010
