Scheme Code;Scheme Name;ISIN Div Payout/ISIN Growth;ISIN Div Reinvestment;Net Asset Value;Repurchase Price;Sale Price;Date

Open Ended Schemes ( Liquid )


Bandhan Mutual Fund
108794;IDFC Liquid Fund - Daily Dividend;INF194K01GJ9;INF194K01GI1;1000.2100;1000.2100;1000.2100;21-Mar-2009
108793;IDFC Liquid Fund - Growth;INF194K01GE0;;1238.3778;1238.3778;1238.3778;21-Mar-2009
108796;IDFC Liquid Fund - Monthly Dividend;INF194K01GG5;INF194K01GF7;1003.5290;1003.5290;1003.5290;21-Mar-2009
108795;IDFC Liquid Fund-Weekly Dividend;INF194K01GM3;INF194K01GL5;1000.3460;1000.3460;1000.3460;21-Mar-2009

ING Mutual Fund
100198;ING Liquid Fund-Institutional Daily Dividend Option;INF084M01473;;10.0121;10.0121;10.0121;21-Mar-2009
100196;ING Liquid Fund-Institutional Growth Option;INF084M01465;;13.8269;13.8269;13.8269;21-Mar-2009
100197;ING Liquid Fund-Institutional Weekly Dividend Option;INF084M01499;INF084M01481;10.0626;10.0626;10.0626;21-Mar-2009
100192;ING Liquid Fund-Regular Daily Dividend Option;INF084M01432;;10.7873;10.7873;10.7873;21-Mar-2009
100190;ING Liquid Fund-Regular Growth Option;INF084M01424;;18.5023;18.5023;18.5023;21-Mar-2009
100191;ING Liquid Fund-Regular Weekly Dividend Option;INF084M01457;INF084M01440;10.8333;10.8333;10.8333;21-Mar-2009
100200;ING Liquid Fund-Super Institutional Daily Dividend Option;INF084M01515;;10.0048;10.0048;10.0048;21-Mar-2009
100199;ING Liquid Fund-Super Institutional Growth Option;INF084M01507;;13.1258;13.1258;13.1258;21-Mar-2009
100201;ING Liquid Fund-Super Institutional Weekly Dividend Option;INF084M01531;INF084M01523;10.0000;10.0000;10.0000;21-Mar-2009
102802;ING Treasury Management Fund-Annual Dividend Option;;;11.2485;11.2485;11.2485;21-Mar-2009
102804;ING Treasury Management Fund-Daily Dividend Option;;;10.3588;10.3588;10.3588;21-Mar-2009
102798;ING Treasury Management Fund-Growth Option;;;13.6220;13.6220;13.6220;21-Mar-2009
102801;ING Treasury Management Fund-Half Yearly Dividend Option;;;10.7532;10.7532;10.7532;21-Mar-2009
102800;ING Treasury Management Fund-Quarterly Dividend Option;;;10.5755;10.5755;10.5755;21-Mar-2009
102799;ING Treasury Management Fund-Weekly Dividend Option;;;10.7859;10.7859;10.7859;21-Mar-2009

PineBridge Mutual Fund
106513;PineBridge India Liquid Fund- Standard Plan-Daily Dividend Option;;INF178L01699;1001.0000;1001.0000;1001.0000;21-Mar-2009
106508;PineBridge India Liquid Fund- Standard Plan-Growth Option;INF178L01715;;1135.1826;1135.1826;1135.1826;21-Mar-2009
106509;PineBridge India Liquid Fund- Standard Plan-Weekly Dividend Option;;INF178L01764;1001.8877;1001.8877;1001.8877;21-Mar-2009
106506;PineBridge India Liquid Fund-Institutional Plan-Daily Dividend Option;;INF178L01616;1001.0000;1001.0000;1001.0000;21-Mar-2009
106511;PineBridge India Liquid Fund-Institutional Plan-Growth Option;INF178L01632;;1133.4807;1133.4807;1133.4807;21-Mar-2009
106507;PineBridge India Liquid Fund-Institutional Plan-Weekly Dividend Option;;INF178L01681;1001.8739;1001.8739;1001.8739;21-Mar-2009
106503;PineBridge India Liquid Fund-Retail Plan-DailyDividend Option;;INF178L01533;1001.0000;1001.0000;1001.0000;21-Mar-2009
106514;PineBridge India Liquid Fund-Retail Plan-Growth Option;INF178L01558;;1128.1842;1128.1842;1128.1842;21-Mar-2009
106504;PineBridge India Liquid Fund-Retail Plan-Monthly Dividend Option;INF178L01566;INF178L01574;1005.1260;1005.1260;1005.1260;21-Mar-2009
106516;PineBridge India Liquid Fund-Retail Plan-Quarterly Dividend Option;INF178L01582;INF178L01590;1017.9355;1017.9355;1017.9355;21-Mar-2009
106510;PineBridge India Liquid Fund-Retail Plan-Weekly Dividend Option;;INF178L01608;1001.8328;1001.8328;1001.8328;21-Mar-2009

Sahara Mutual Fund
101397;Sahara Liquid Fund-Fixed Pricing -  Weekly Dividend Option;;INF515L01064;1026.2355;1026.2355;1026.2355;21-Mar-2009
101393;Sahara Liquid Fund-Fixed Pricing - Daily Dividend Option;;INF515L01049;1024.9045;1024.9045;1024.9045;21-Mar-2009
101394;Sahara Liquid Fund-Fixed Pricing - Growth option;INF515L01056;;1576.4433;1576.4433;1576.4433;21-Mar-2009
101398;Sahara Liquid Fund-Fixed Pricing - Monthly Dividend Option;;INF515L01072;1029.6618;1029.6618;1029.6618;21-Mar-2009
101399;Sahara Liquid Fund-Variable Pricing - Daily Dividend option;;INF515L01080;1024.9262;1024.9262;1024.9262;21-Mar-2009
101402;Sahara Liquid Fund-Variable Pricing - Growth option;INF515L01114;;1587.7676;1587.7676;1587.7676;21-Mar-2009
101400;Sahara Liquid Fund-Variable Pricing - Weekly Dividend Option;;INF515L01098;1024.9241;1024.9241;1024.9241;21-Mar-2009
101401;Sahara Liquid Fund-Variable Pricing- Monthly Dividend Option;;INF515L01106;1030.0902;1030.0902;1030.0902;21-Mar-2009

Open Ended Schemes ( Debt Scheme - Overnight Fund )


SBI Mutual Fund
101206;SBI OVERNIGHT FUND - REGULAR PLAN - GROWTH;INF200K01LQ9;;15.1825;15.1825;15.1825;21-Mar-2009
103140;SBI Overnight Fund - Regular Plan - Weekly Income Distribution cum Capital Withdrawal Option (IDCW);INF200K01LO4;INF200K01LP1;10.3076;10.3076;10.3076;21-Mar-2009

Open Ended Schemes ( Debt Scheme - Liquid Fund )


Bandhan Mutual Fund
108692;BANDHAN LIQUID Fund - Regular Plan - Daily IDCW;INF194K01VZ4;INF194K01VY7;10.0025;10.0025;10.0025;21-Mar-2009
108690;BANDHAN LIQUID Fund - Regular Plan - Growth;INF194K01VX9;;10.6915;10.6915;10.6915;21-Mar-2009
108693;BANDHAN LIQUID Fund - Regular Plan - Monthly IDCW;INF194K01WF4;INF194K01WE7;10.0413;10.0413;10.0413;21-Mar-2009
108779;BANDHAN Liquid Fund-Plan A-Dividend (Daily);INF194K01VC3;INF194K01VB5;10.5819;10.5819;10.5819;21-Mar-2009
108778;BANDHAN Liquid Fund-Plan A-Growth;INF194K01UX1;;15.7598;15.7598;15.7598;21-Mar-2009
108607;BANDHAN Liquid Fund - Plan A-Dividend (Weekly);INF194K01VI0;INF194K01VH2;10.1931;10.1931;10.1931;21-Mar-2009
108781;BANDHAN Liquid Fund - Plan B (G) (Institutional Plan);INF194K01VK6;;15.8513;15.8513;15.8513;21-Mar-2009
108629;BANDHAN Liquid Fund - Plan B - Dividend-Weekly;INF194K01VS9;INF194K01VR1;10.0026;10.0026;10.0026;21-Mar-2009
108681;BANDHAN Liquid Fund - Plan B-Daily-Dividend(Institutional Plan);INF194K01VM2;INF194K01VL4;10.5816;10.5816;10.5816;21-Mar-2009

Canara Robeco Mutual Fund
109349;CANARA ROBECO LIQUID FUND - REGULAR PLAN - DAILY IDCW (Reinvestment);;INF760K01CU3;10.0410;10.0410;10.0410;21-Mar-2009
109353;CANARA ROBECO LIQUID FUND - REGULAR PLAN - GROWTH OPTION;INF760K01CW9;;10.6760;10.6760;10.6760;21-Mar-2009
109350;CANARA ROBECO LIQUID FUND - REGULAR PLAN - WEEKLY IDCW (Payout/Reinvestment);INF760K01BZ4;INF760K01CZ2;10.0410;10.0410;10.0410;21-Mar-2009
101363;Canara Robeco Liquid Fund- INSTITUTIONAL-Daily Dividend Reinvestment;;INF760K01CC1;10.0410;10.0410;10.0410;21-Mar-2009
101362;Canara Robeco Liquid Fund- INSTITUTIONAL-Growth;INF760K01CD9;;16.0489;16.0489;16.0489;21-Mar-2009
101361;Canara Robeco Liquid Fund- INSTITUTIONAL-Weekly dividend;;INF760K01CE7;10.0410;10.0410;10.0410;21-Mar-2009
101364;Canara Robeco Liquid Fund-Retail-DRI;;INF760K01CF4;10.0410;10.0410;10.0410;21-Mar-2009
109346;Canara Robeco Liquid Fund-Retail-Fortnightly Div Reinvest;;INF760K01CG2;10.0463;10.0463;10.0463;21-Mar-2009
101365;Canara Robeco Liquid Fund-Retail-Growth;INF760K01CH0;;16.0236;16.0236;16.0236;21-Mar-2009
109347;Canara Robeco Liquid Fund-Retail-Monthly Div Reinvest;;INF760K01CI8;10.0791;10.0791;10.0791;21-Mar-2009
109356;Canara Robeco Liquid Fund-Retail-Weekly Div Reinvest;;INF760K01CJ6;10.0463;10.0463;10.0463;21-Mar-2009

Principal Mutual Fund
100895;Principal Cash Management Fund - Daily Income Distribution CUM Capital Withdrawal;;INF173K01DB7;10.0007;10.0007;10.0007;21-Mar-2009
100897;Principal Cash Management Fund - Monthly Income Distribution CUM Capital Withdrawal Option;INF173K01BV9;INF173K01BW7;10.0552;10.0552;10.0552;21-Mar-2009
100896;Principal Cash Management Fund - Weekly Income Distribution CUM Capital Withdrawal Option;;INF173K01DC5;10.0375;10.0375;10.0375;21-Mar-2009
100898;Principal Cash Management Fund -Growth Option;INF173K01DA9;;13.7172;13.7172;13.7172;21-Mar-2009
100892;Principal Cash Management-Liquid Option-Daily Dividend;;;10.0022;10.0022;10.0022;21-Mar-2009
100887;Principal Cash Management-Liquid Option-Dividend Plan;;;10.1234;10.1234;10.1234;21-Mar-2009
100888;Principal Cash Management-Liquid Option-Growth Plan;;;17.1041;17.1041;17.1041;21-Mar-2009
100894;Principal Cash Management-Liquid Option-Institutional - Daily Dividend Plan;;;10.0022;10.0022;10.0022;21-Mar-2009
100893;Principal Cash Management-Liquid Option-Institutional - Growth Plan;;;14.4289;14.4289;14.4289;21-Mar-2009
100891;Principal Cash Management-Liquid Option-Institutional - Monthly Dividend Plan;;;10.0393;10.0393;10.0393;21-Mar-2009
100890;Principal Cash Management-Liquid Option-Institutional - Weekly Dividend Plan;;;10.0052;10.0052;10.0052;21-Mar-2009
100889;Principal Cash Management-Liquid Option-Monthly Dividend;;;10.0380;10.0380;10.0380;21-Mar-2009

SBI Mutual Fund
105274;SBI Liquid Fund - Institutional - Growth;INF200K01LU1;;14.0257;14.0257;14.0257;21-Mar-2009
105275;SBI Liquid Fund - Institutional Daily Income Distribution cum Capital Withdrawal Option (IDCW);;INF200K01LR7;10.0325;10.0325;10.0325;21-Mar-2009
105279;SBI Liquid Fund - Institutional Fortnightly Income Distribution cum Capital Withdrawal Option (IDCW);INF200K01LS5;INF200K01LT3;10.1356;10.1356;10.1356;21-Mar-2009
105278;SBI Liquid Fund - Institutional Weekly Income Distribution cum Capital Withdrawal Option (IDCW);INF200K01LV9;INF200K01LW7;10.5984;10.5984;10.5984;21-Mar-2009
105281;SBI Liquid Fund - Regular Plan - Daily Income Distribution cum Capital Withdrawal Option (IDCW);;INF200K01LX5;10.0325;10.0325;10.0325;21-Mar-2009
105283;SBI Liquid Fund - Regular Plan - Fortnightly Income Distribution cum Capital Withdrawal Option (IDCW);INF200K01LY3;INF200K01LZ0;0;0;0;21-Mar-2009
105282;SBI Liquid Fund - Regular Plan - Weekly Income Distribution cum Capital Withdrawal Option (IDCW);INF200K01MB9;INF200K01MC7;0;0;0;21-Mar-2009
105280;SBI Liquid Fund - REGULAR PLAN -Growth;INF200K01MA1;;13.8689;13.8689;13.8689;21-Mar-2009

UTI Mutual Fund
102010;UTI Liquid Fund - Regular Plan - Daily IDCW (Reinvestment);;INF789F01PG3;1019.4457;1019.4457;1019.4457;21-Mar-2009
102011;UTI Liquid Fund - Regular Plan - Monthly IDCW;INF789F01PI9;INF789F01PJ7;1028.5659;1028.5659;1028.5659;21-Mar-2009
102013;UTI Liquid Fund - Regular Plan - Weekly IDCW;;INF789F01PK5;1023.8681;1023.8681;1023.8681;21-Mar-2009
102012;UTI-  Liquid Cash Plan - Regular Plan - Growth Option;INF789F01PH1;;1443.2925;1443.2925;1443.2925;21-Mar-2009
102008;UTI-  Liquid Cash Plan- Discontinued - Regular Plan - Monthly Dividend Option;INF789F01BC2;INF789F01BA6;1058.9798;1058.9798;1058.9798;21-Mar-2009
102009;UTI-  Liquid Cash Plan- Discontinued - Regular Plan -Growth;INF789F01BB4;;1428.4966;1428.4966;1428.4966;21-Mar-2009
102007;UTI-  Liquid Cash Plan- Discontinued -Regular Plan Periodic Dividend Option;;INF789F01AZ5;1047.1229;1047.1229;1047.1229;21-Mar-2009

Open Ended Schemes ( Debt Scheme - Ultra Short Duration Fund )


Principal Mutual Fund
107325;Principal Money Manager Fund-Regular Plan-Daily Dividend Option;;;10.0247;10.0247;10.0247;21-Mar-2009
107331;Principal Money Manager Fund-Regular Plan-Growth Option;;;10.8289;10.8289;10.8289;21-Mar-2009
107327;Principal Money Manager Fund-Regular Plan-Monthly Dividend Option;;;10.5379;10.5379;10.5379;21-Mar-2009
107326;Principal Money Manager Fund-Regular Plan-Weekly Dividend Option;;;10.1078;10.1078;10.1078;21-Mar-2009
107329;Principal Ultra Short Term Fund-Daily Income Distribution CUM Capital Withdrawal Option;;INF173K01CV7;10.0247;10.0247;10.0247;21-Mar-2009
107328;Principal Ultra Short Term Fund-Growth Option;INF173K01CU9;;10.4975;10.4975;10.4975;21-Mar-2009
107330;Principal Ultra Short Term Fund-Monthly Income Distribution CUM Capital Withdrawal Option;INF173K01CB9;INF173K01CC7;10.4006;10.4006;10.4006;21-Mar-2009
107332;Principal Ultra Short Term Fund-Weekly Income Distribution CUM Capital Withdrawal Option;;INF173K01CW5;10.1161;10.1161;10.1161;21-Mar-2009

SBI Mutual Fund
105080;SBI Ultra Short Duration Fund - Regular Plan - Daily Income Distribution cum Capital Withdrawal Option (IDCW);;INF200K01LK2;16.7503;16.7503;16.7503;21-Mar-2009
100641;SBI ULTRA SHORT DURATION FUND - REGULAR PLAN - GROWTH;INF200K01LJ4;;19.6116;19.6116;19.6116;21-Mar-2009
103884;SBI Ultra Short Duration Fund - Regular Plan - Weekly Income Distribution cum Capital Withdrawal Option (IDCW);INF200K01LM8;INF200K01LL0;10.7663;10.7663;10.7663;21-Mar-2009

Open Ended Schemes ( Debt Scheme - Low Duration Fund )


Bandhan Mutual Fund
108633;BANDHAN Low Duration Fund - Regular Plan - Daily IDCW;INF194K01FW4;INF194K01FV6;10.0125;10.0125;10.0125;21-Mar-2009
108632;BANDHAN Low Duration Fund - Regular Plan - Growth;INF194K01FU8;;12.1006;12.1006;12.1006;21-Mar-2009
108635;BANDHAN Low Duration Fund - Regular Plan - Monthly IDCW;INF194K01FZ7;INF194K01FY0;10.0298;10.0298;10.0298;21-Mar-2009
108634;BANDHAN Low Duration Fund - Regular Plan - Weekly IDCW;INF194K01GC4;INF194K01GB6;10.0040;10.0040;10.0040;21-Mar-2009

Canara Robeco Mutual Fund
104559;CANARA ROBECO SAVINGS FUND - REGULAR PLAN - DAILY IDCW (Reinvestment);;INF760K01803;10.2600;10.2600;10.2600;21-Mar-2009
102913;CANARA ROBECO SAVINGS FUND - REGULAR PLAN - GROWTH OPTION;INF760K01795;;13.5498;13.5498;13.5498;21-Mar-2009
102914;CANARA ROBECO SAVINGS FUND - REGULAR PLAN - IDCW (Payout/Reinvestment);INF760K01779;INF760K01787;13.0291;13.0291;13.0291;21-Mar-2009
102915;CANARA ROBECO SAVINGS FUND - REGULAR PLAN - WEEKLY IDCW (Payout/Reinvestment);INF760K01CB3;INF760K01811;10.2657;10.2657;10.2657;21-Mar-2009

Open Ended Schemes ( Debt Scheme - Money Market Fund )


UTI Mutual Fund
100724;UTI MMF- Discontinued - Regular Plan - Flexi Dividend Option;;INF789F01BD0;18.3345;18.3345;18.3345;21-Mar-2009
100725;UTI MMF- Discontinued - Regular Plan - Periodic Dividend Option;INF789F01BE8;;18.2193;18.2193;18.2193;21-Mar-2009
100723;UTI MMF-Discontinued - Regular Plan -Growth;INF789F01BF5;;24.5744;24.5744;24.5744;21-Mar-2009

Open Ended Schemes ( Debt Scheme - Credit Risk Fund )


Principal Mutual Fund
102729;Principal Credit Risk Fund - Regular Plan - Growth Option;INF173K01DM4;;13.7738;13.7738;13.7738;21-Mar-2009
102732;Principal Credit Risk Fund - Regular Plan - Monthly Dividend Option;INF173K01BJ4;INF173K01BK2;11.5447;11.5447;11.5447;21-Mar-2009
102726;Principal Floating Rate Fund - SMP-Daily Dividend;;;10.0007;10.0007;10.0007;21-Mar-2009
102725;Principal Floating Rate Fund - SMP-Growth;;;13.7096;13.7096;13.7096;21-Mar-2009
102730;Principal Floating Rate Fund - SMP-Insti. Daily Dividend;;;10.0007;10.0007;10.0007;21-Mar-2009
102731;Principal Floating Rate Fund - SMP-Insti. Weekly Dividend;;;10.0042;10.0042;10.0042;21-Mar-2009
102728;Principal Floating Rate Fund - SMP-Monthly Dividend;;;10.7674;10.7674;10.7674;21-Mar-2009
102727;Principal Floating Rate Fund - SMP-Weekly Dividend;;;10.0042;10.0042;10.0042;21-Mar-2009
