Scheme Code;Scheme Name;ISIN Div Payout/ISIN Growth;ISIN Div Reinvestment;Net Asset Value;Repurchase Price;Sale Price;Date

Open Ended Schemes ( Liquid )


Sahara Mutual Fund
101397;Sahara Liquid Fund-Fixed Pricing -  Weekly Dividend Option;;INF515L01064;1027.4373;1027.4373;1027.4373;13-Jan-2018
101393;Sahara Liquid Fund-Fixed Pricing - Daily Dividend Option;;INF515L01049;1196.1542;1196.1542;1196.1542;13-Jan-2018
120265;Sahara Liquid Fund-Fixed Pricing - Direct - Weekly Dividend Option;;INF515L01668;1027.4373;1027.4373;1027.4373;13-Jan-2018
120262;Sahara Liquid Fund-Fixed Pricing - Direct -Growth option;INF515L01650;;2929.8974;2929.8974;2929.8974;13-Jan-2018
101394;Sahara Liquid Fund-Fixed Pricing - Growth option;INF515L01056;;2927.1219;2927.1219;2927.1219;13-Jan-2018
101398;Sahara Liquid Fund-Fixed Pricing - Monthly Dividend Option;;INF515L01072;1043.3721;1043.3721;1043.3721;13-Jan-2018
120253;Sahara Liquid Fund-Fixed Pricing -Direct - Daily Dividend Option- Direct;;INF515L01643;1196.1542;1196.1542;1196.1542;13-Jan-2018
120266;Sahara Liquid Fund-Fixed Pricing -Direct - Monthly Dividend Option;;INF515L01676;1043.3721;1043.3721;1043.3721;13-Jan-2018
101399;Sahara Liquid Fund-Variable Pricing - Daily Dividend option;;INF515L01080;1204.2492;1204.2492;1204.2492;13-Jan-2018
101402;Sahara Liquid Fund-Variable Pricing - Growth option;INF515L01114;;2986.8129;2986.8129;2986.8129;13-Jan-2018
101400;Sahara Liquid Fund-Variable Pricing - Weekly Dividend Option;;INF515L01098;1212.2042;1212.2042;1212.2042;13-Jan-2018
120271;Sahara Liquid Fund-Variable Pricing -Direct - Daily Dividend option;;INF515L01684;1038.8267;1038.8267;1038.8267;13-Jan-2018
120280;Sahara Liquid Fund-Variable Pricing -Direct - Growth option;INF515L01718;;2992.1180;2992.1180;2992.1180;13-Jan-2018
120272;Sahara Liquid Fund-Variable Pricing -Direct - Weekly Dividend Option;;INF515L01692;1212.2042;1212.2042;1212.2042;13-Jan-2018
120273;Sahara Liquid Fund-Variable Pricing- Direct - Monthly Dividend Option;;INF515L01700;1055.8972;1055.8972;1055.8972;13-Jan-2018
101401;Sahara Liquid Fund-Variable Pricing- Monthly Dividend Option;;INF515L01106;1225.3804;1225.3804;1225.3804;13-Jan-2018

Open Ended Schemes ( Debt Scheme - Overnight Fund )


SBI Mutual Fund
119831;SBI Overnight Fund - Direct Plan - Daily Income Distribution cum Capital Withdrawal Option (IDCW);;INF200K01TJ7;1009.9100;1009.9100;1009.9100;13-Jan-2018
119833;SBI OVERNIGHT FUND - DIRECT PLAN - GROWTH;INF200K01TK5;;2871.2452;2871.2452;2871.2452;13-Jan-2018
119832;SBI Overnight Fund - Direct Plan - Weekly Income Distribution cum Capital Withdrawal Option (IDCW);INF200K01TL3;INF200K01TM1;1031.1904;1031.1904;1031.1904;13-Jan-2018
114297;SBI Overnight Fund - Regular Plan - Daily Income Distribution cum Capital Withdrawal Option (IDCW);;INF200K01LN6;1009.9100;1009.9100;1009.9100;13-Jan-2018
101206;SBI OVERNIGHT FUND - REGULAR PLAN - GROWTH;INF200K01LQ9;;2849.6072;2849.6072;2849.6072;13-Jan-2018
103140;SBI Overnight Fund - Regular Plan - Weekly Income Distribution cum Capital Withdrawal Option (IDCW);INF200K01LO4;INF200K01LP1;1031.1903;1031.1903;1031.1903;13-Jan-2018

Open Ended Schemes ( Debt Scheme - Liquid Fund )


Aditya Birla Sun Life Mutual Fund
100047;Aditya Birla Sun Life Liquid Fund - Growth;INF209K01RU9;;274.0585;274.0585;274.0585;13-Jan-2018
119568;Aditya Birla Sun Life Liquid Fund - Growth - Direct Plan;INF209K01VA3;;275.0741;275.0741;275.0741;13-Jan-2018
100046;Aditya Birla Sun Life Liquid Fund -Daily IDCW;INF209K01KQ2;INF209K01SQ5;100.2125;100.2125;100.2125;13-Jan-2018
119569;Aditya Birla Sun Life Liquid Fund -Direct - daily IDCW;INF209K01UZ2;;100.2127;100.2127;100.2127;13-Jan-2018
119571;Aditya Birla Sun Life Liquid Fund -DIRECT - IDCW;INF209K01VD7;;149.3457;149.3457;149.3457;13-Jan-2018
119570;Aditya Birla Sun Life Liquid Fund -Direct - weekly IDCW;INF209K01VC9;;100.2427;100.2427;100.2427;13-Jan-2018
100041;Aditya Birla Sun Life Liquid Fund -Institutional - IDCW;;INF209K01KN9;108.0419;108.0419;108.0419;13-Jan-2018
100048;Aditya Birla Sun Life Liquid Fund -Institutional - weekly  IDCW;INF209KA1LK7;INF209K01KY6;108.0869;108.0869;108.0869;13-Jan-2018
103885;Aditya Birla Sun Life Liquid Fund -Regular - IDCW;INF209KA1LI1;;114.6626;114.6626;114.6626;13-Jan-2018
100044;Aditya Birla Sun Life Liquid Fund -Retail - IDCW;;INF209K01KP4;163.7226;163.7226;163.7226;13-Jan-2018
100051;Aditya Birla Sun Life Liquid Fund -weekly IDCW;INF209K01KU4;INF209KA1LJ9;100.2425;100.2425;100.2425;13-Jan-2018
112014;Aditya Birla Sun Life Liquid Fund- Discipline Advantage Plan;INF209K01KZ3;;184.1952;184.1952;184.1952;13-Jan-2018
100043;Aditya Birla Sun Life Liquid Fund-Institutional (Growth);INF209K01RT1;;456.3903;456.3903;456.3903;13-Jan-2018
100042;Aditya Birla Sun Life Liquid Fund-Retail (Growth);INF209K01ME4;;444.7354;444.7354;444.7354;13-Jan-2018

Axis Mutual Fund
128954;Axis Liquid Fund - Direct plan - Bonus Option;INF846K01NH4;;1898.1835;1898.1835;1898.1835;13-Jan-2018
120388;Axis Liquid Fund - Direct Plan - Daily IDCW;;INF846K01DA0;1000.6413;1000.6413;1000.6413;13-Jan-2018
120389;Axis Liquid Fund - Direct Plan - Growth Option;INF846K01CX4;;1898.3016;1898.3016;1898.3016;13-Jan-2018
120391;Axis Liquid Fund - Direct Plan - Monthly IDCW;INF846K01CY2;INF846K01CZ9;1003.5130;1003.5130;1003.5130;13-Jan-2018
120390;Axis Liquid Fund - Direct Plan - Weekly IDCW;INF846K01DB8;INF846K01DC6;1002.9861;1002.9861;1002.9861;13-Jan-2018
112211;Axis Liquid Fund - Regular Plan - Daily IDCW;;INF846K01420;1000.8759;1000.8759;1000.8759;13-Jan-2018
112210;Axis Liquid Fund - Regular Plan - Growth Option;INF846K01412;;1891.8348;1891.8348;1891.8348;13-Jan-2018
112213;Axis Liquid Fund - Regular Plan - Monthly IDCW;INF846K01453;INF846K01461;1003.8585;1003.8585;1003.8585;13-Jan-2018
112212;Axis Liquid Fund - Regular Plan - Weekly IDCW;INF846K01438;INF846K01446;1002.9789;1002.9789;1002.9789;13-Jan-2018
112712;Axis Liquid Fund - Retail Plan - Daily IDCW;;INF846K01362;1000.6413;1000.6413;1000.6413;13-Jan-2018
112713;Axis Liquid Fund - Retail Plan - Growth Option;INF846K01354;;1798.3639;1798.3639;1798.3639;13-Jan-2018
112714;Axis Liquid Fund - Retail Plan - Monthly IDCW;INF846K01396;INF846K01404;1003.1877;1003.1877;1003.1877;13-Jan-2018
112715;Axis Liquid Fund - Retail Plan - Weekly IDCW;INF846K01370;INF846K01388;1001.3299;1001.3299;1001.3299;13-Jan-2018

Bandhan Mutual Fund
108692;BANDHAN LIQUID Fund - Regular Plan - Daily IDCW;INF194K01VZ4;INF194K01VY7;1001.2573;1001.2573;1001.2573;13-Jan-2018
108690;BANDHAN LIQUID Fund - Regular Plan - Growth;INF194K01VX9;;2072.3388;2072.3388;2072.3388;13-Jan-2018
108693;BANDHAN LIQUID Fund - Regular Plan - Monthly IDCW;INF194K01WF4;INF194K01WE7;1003.2316;1003.2316;1003.2316;13-Jan-2018
115489;BANDHAN LIQUID Fund - Regular Plan - Periodic IDCW;INF194K01WC1;INF194K01WB3;1366.5715;1366.5715;1366.5715;13-Jan-2018
108691;BANDHAN LIQUID Fund - Regular Plan - Weekly IDCW;INF194K01WI8;INF194K01WH0;1001.2592;1001.2592;1001.2592;13-Jan-2018
139582;BANDHAN LIQUID Fund - Unclaimed IDCW Less than 3 years;INF194KA14C0;;1.1069;1.1069;1.1069;13-Jan-2018
139583;BANDHAN LIQUID Fund - Unclaimed IDCW More than 3 years;INF194KA15C7;;1.0000;1.0000;1.0000;13-Jan-2018
139584;BANDHAN LIQUID Fund - Unclaimed Redemption Less than 3 years;INF194KA12C4;;1.1069;1.1069;1.1069;13-Jan-2018
139585;BANDHAN LIQUID Fund - Unclaimed Redemption More than 3 years;INF194KA13C2;;1.0000;1.0000;1.0000;13-Jan-2018
118365;BANDHAN LIQUID Fund -Direct Plan -Monthly IDCW;INF194K01J36;INF194K01J28;1010.0010;1010.0010;1010.0010;13-Jan-2018
118367;BANDHAN LIQUID Fund -Direct Plan -Weekly IDCW;INF194KB1JT8;INF194K01J51;1007.1346;1007.1346;1007.1346;13-Jan-2018
118366;BANDHAN LIQUID Fund -Direct Plan-Daily IDCW;;INF194K01I78;1001.8413;1001.8413;1001.8413;13-Jan-2018
118364;BANDHAN LIQUID Fund -Direct Plan-Growth;INF194K01I60;;2078.6947;2078.6947;2078.6947;13-Jan-2018
118363;BANDHAN LIQUID Fund -Direct Plan-Periodic IDCW;INF194K01J02;INF194K01I94;1284.7343;1284.7343;1284.7343;13-Jan-2018

Bank of India Mutual Fund
141887;BANK OF INDIA Liquid Fund  Unclaimed Dividend greater than  3 years;;;1000.0000;1000.0000;1000.0000;13-Jan-2018
141889;BANK OF INDIA Liquid Fund  Unclaimed Dividend Upto 3 years;;;1016.8136;1016.8136;1016.8136;13-Jan-2018
141888;BANK OF INDIA Liquid Fund  Unclaimed Redemption greater than  3 years;;;1000.0000;1000.0000;1000.0000;13-Jan-2018
141890;BANK OF INDIA Liquid Fund  Unclaimed Redemption Upto 3 years;;;1016.7461;1016.7461;1016.7461;13-Jan-2018
119368;BANK OF INDIA Liquid Fund- Direct Plan- Daily IDCW;;INF761K01CL0;1002.6483;1002.6483;1002.6483;13-Jan-2018
119369;BANK OF INDIA Liquid Fund- Direct Plan- Growth;INF761K01785;;1972.5706;1972.5706;1972.5706;13-Jan-2018
119370;BANK OF INDIA Liquid Fund- Direct Plan- Weekly IDCW;;INF761K01CM8;1062.4921;1062.4921;1062.4921;13-Jan-2018
111971;BANK OF INDIA Liquid Fund- Regular Plan- Daily IDCW;;INF761K01CO4;1002.1069;1002.1069;1002.1069;13-Jan-2018
109254;BANK OF INDIA Liquid Fund- Regular Plan- Growth;INF761K01306;;1962.7429;1962.7429;1962.7429;13-Jan-2018
109255;BANK OF INDIA Liquid Fund- Regular Plan- Weekly IDCW;;INF761K01CP1;1002.1864;1002.1864;1002.1864;13-Jan-2018

Canara Robeco Mutual Fund
118307;CANARA ROBECO LIQUID FUND - DIRECT PLAN - DAILY IDCW (Reinvestment);;INF760K01FS0;1005.5000;1005.5000;1005.5000;13-Jan-2018
118305;CANARA ROBECO LIQUID FUND - DIRECT PLAN - GROWTH OPTION;INF760K01FU6;;2070.5165;2070.5165;2070.5165;13-Jan-2018
118304;CANARA ROBECO LIQUID FUND - DIRECT PLAN - IDCW (Payout/Reinvestment);INF760K01FT8;;1482.3584;1482.3584;1482.3584;13-Jan-2018
118306;CANARA ROBECO LIQUID FUND - DIRECT PLAN - MONTHLY IDCW (Payout/Reinvestment);INF760K01FV4;INF760K01FW2;1002.9678;1002.9678;1002.9678;13-Jan-2018
118308;CANARA ROBECO LIQUID FUND - DIRECT PLAN - WEEKLY IDCW (Payout/Reinvestment);INF760K01FY8;INF760K01FX0;1000.5248;1000.5248;1000.5248;13-Jan-2018
109349;CANARA ROBECO LIQUID FUND - REGULAR PLAN - DAILY IDCW (Reinvestment);;INF760K01CU3;1005.5000;1005.5000;1005.5000;13-Jan-2018
109353;CANARA ROBECO LIQUID FUND - REGULAR PLAN - GROWTH OPTION;INF760K01CW9;;2066.2604;2066.2604;2066.2604;13-Jan-2018
109351;CANARA ROBECO LIQUID FUND - REGULAR PLAN - MONTHLY IDCW (Payout/Reinvestment);INF760K01CX7;INF760K01CY5;1002.9539;1002.9539;1002.9539;13-Jan-2018
109350;CANARA ROBECO LIQUID FUND - REGULAR PLAN - WEEKLY IDCW (Payout/Reinvestment);INF760K01BZ4;INF760K01CZ2;1000.5224;1000.5224;1000.5224;13-Jan-2018
139235;Canara Robeco Liquid Fund -Unclaimed Redemption and Dividend Plan -Direct Growth Option;INF760K01IC8;;1125.3293;1125.3293;1125.3293;13-Jan-2018

DSP Mutual Fund
119125;DSP Liquidity Fund - Direct Plan - Growth;INF740K01QL4;;2447.9635;2447.9635;2447.9635;13-Jan-2018
119124;DSP Liquidity Fund - Direct Plan - IDCW - Daily;;INF740KA1OB6;1000.9852;1000.9852;1000.9852;13-Jan-2018
119123;DSP Liquidity Fund - Direct Plan - IDCW - Weekly;INF740KA1OC4;INF740KA1OD2;1001.1598;1001.1598;1001.1598;13-Jan-2018
103347;DSP Liquidity Fund - Regular Plan - Growth;INF740K01FK9;;2437.3166;2437.3166;2437.3166;13-Jan-2018
103348;DSP Liquidity Fund - Regular Plan - IDCW - Weekly;INF740K01FM5;INF740K01FL7;1001.1543;1001.1543;1001.1543;13-Jan-2018
103349;DSP Liquidity Fund- Regular Plan - IDCW - Daily;;INF740KA1OE0;1000.9825;1000.9825;1000.9825;13-Jan-2018

Groww Mutual Fund
119135;Groww Liquid Fund ( formerly known as Indiabulls Liquid )Fund - Direct Plan - Growth Option;INF666M01451;;1673.0826;1673.0826;1673.0826;13-Jan-2018
119136;Groww Liquid Fund (formerly known as Indiabulls Liquid Fund) - Direct Plan- - Income Distribution cum capital withdrawal Option ( Reinvestment);;INF666M01469;1001.0600;1001.0600;1001.0600;13-Jan-2018
115991;Groww Liquid Fund (formerly known as Indiabulls Liquid Fund) - Regular Plan - Growth Option;INF666M01014;;1664.9722;1664.9722;1664.9722;13-Jan-2018
119138;Groww Liquid Fund (formerly known as Indiabulls Liquid Fund)- Direct Plan- Fortnightly - Income Distribution cum capital withdrawal Option (Payout & Reinvestment);INF666M01501;INF666M01485;1000.7512;1000.7512;1000.7512;13-Jan-2018
119139;Groww Liquid Fund (formerly known as Indiabulls Liquid Fund)- Direct Plan- Monthly - Income Distribution cum capital withdrawal Option (Payout & Reinvestment);INF666M01519;INF666M01493;1031.5852;1031.5852;1031.5852;13-Jan-2018
119137;Groww Liquid Fund (formerly known as Indiabulls Liquid Fund)- Direct Plan- Weekly - Income Distribution cum capital withdrawal Option (Payout & Reinvestment);INF666M01527;INF666M01477;1001.4266;1001.4266;1001.4266;13-Jan-2018
115992;Groww Liquid Fund (formerly known as Indiabulls Liquid Fund)- Regular Plan- - Income Distribution cum capital withdrawal Option (Reinvestment);;INF666M01022;1001.1451;1001.1451;1001.1451;13-Jan-2018
115995;Groww Liquid Fund (formerly known as Indiabulls Liquid Fund)- Regular Plan- Monthly - Income Distribution cum capital withdrawal Option (Payout & Reinvestment);INF666M01071;INF666M01055;1002.9966;1002.9966;1002.9966;13-Jan-2018
115993;Groww Liquid Fund (formerly known as Indiabulls Liquid Fund)- Regular Plan- Weekly - Income Distribution cum capital withdrawal Option (Payout & Reinvestment);INF666M01089;INF666M01030;1002.4977;1002.4977;1002.4977;13-Jan-2018
115994;Groww Liquid Fund (formerly known as Indiabulls Liquid) Fund- Regular Plan- Fortnightly - Income Distribution cum capital withdrawal Option (Payout & Reinvestment);INF666M01063;INF666M01048;1000.8697;1000.8697;1000.8697;13-Jan-2018

ICICI Prudential Mutual Fund
120197;ICICI Prudential Liquid Fund - Direct Plan - Growth;INF109K01Q49;;253.2109;253.2109;253.2109;13-Jan-2018
103340;ICICI Prudential Liquid Fund - Growth;INF109K01VQ1;;252.5114;252.5114;252.5114;13-Jan-2018
103344;ICICI Prudential Liquid Fund - Institutional Option - I;INF109K01VH0;;238.6018;238.6018;238.6018;13-Jan-2018
101750;ICICI Prudential Liquid Fund Retail Growth;INF109K01UQ3;;390.9266;390.9266;390.9266;13-Jan-2018
101751;ICICI Prudential Liquid Institutional Fund - Growth;INF109K01VF4;;400.9435;400.9435;400.9435;13-Jan-2018

Invesco Mutual Fund
122786;Invesco India Liquid Fund - Bonus Option;INF205K01UX5;;2348.3823;2348.3823;2348.3823;13-Jan-2018
104484;Invesco India Liquid Fund - Daily IDCW (Reinvestment);;INF205K01HN3;1001.6232;1001.6232;1001.6232;13-Jan-2018
120537;Invesco India Liquid Fund - Direct Plan - Growth;INF205K01MF9;;2356.3203;2356.3203;2356.3203;13-Jan-2018
120536;Invesco India Liquid Fund - Direct Plan - Monthly IDCW (Payout / Reinvestment);INF205K01MG7;INF205K01MH5;1024.9135;1024.9135;1024.9135;13-Jan-2018
120535;Invesco India Liquid Fund - Direct Plan - Weekly IDCW (Reinvestment);INF205KA1BE5;INF205K01MI3;1022.5623;1022.5623;1022.5623;13-Jan-2018
120534;Invesco India Liquid Fund - Direct Plan- Daily IDCW (Reinvestment);;INF205K01ME2;1000.79;1000.79;1000.79;13-Jan-2018
104486;Invesco India Liquid Fund - Growth;INF205K01HM5;;2348.4084;2348.4084;2348.4084;13-Jan-2018
104492;Invesco India Liquid Fund - Monthly IDCW (Payout / Reinvestment);INF205K01HQ6;INF205K01HP8;1005.8202;1005.8202;1005.8202;13-Jan-2018
104488;Invesco India Liquid Fund - Regular - Growth;INF205K01HG7;;2163.4928;2163.4928;2163.4928;13-Jan-2018
104489;Invesco India Liquid Fund - Regular - Weekly IDCW (Reinvestment);;INF205K01HH5;1001.6972;1001.6972;1001.6972;13-Jan-2018
139389;Invesco India Liquid Fund - Unclaimed Dividend Plan - Below 3 Years;;;1116.6102;1116.6102;1116.6102;13-Jan-2018
139387;Invesco India Liquid Fund - Unclaimed Redemption Plan - Below 3 years;;;1116.6107;1116.6107;1116.6107;13-Jan-2018
104485;Invesco India Liquid Fund - Weekly IDCW (Reinvestment);INF205KA1BD7;INF205K01HO1;1002.84;1002.84;1002.84;13-Jan-2018

LIC Mutual Fund
120248;LIC MF Liquid Fund-Direct Plan-Daily IDCW;INF767K01DL5;INF767K01DM3;1098;1098;1098;13-Jan-2018
120249;LIC MF Liquid Fund-Direct Plan-Growth;INF767K01DN1;;3104.2171;3104.2171;3104.2171;13-Jan-2018
101184;LIC MF Liquid Fund-Regular Plan-Daily IDCW;INF767K01IQ3;INF767K01IR1;1098;1098;1098;13-Jan-2018
101185;LIC MF Liquid Fund-Regular Plan-Growth;INF767K01IS9;;3089.6329;3089.6329;3089.6329;13-Jan-2018

Nippon India Mutual Fund
100852;NIPPON INDIA LIQUID FUND - DAILY IDCW OPTION;;INF204K01UM1;1529.0038;1529.0038;1529.0038;13-Jan-2018
118695;NIPPON INDIA LIQUID FUND - DIRECT Plan - DAILY IDCW OPTION;;INF204K01ZG2;1529.0072;1529.0072;1529.0072;13-Jan-2018
118696;NIPPON INDIA LIQUID FUND - DIRECT Plan - MONTHLY IDCW OPTION;INF204K01ZI8;INF204K01ZJ6;1594.5672;1594.5672;1594.5672;13-Jan-2018
118698;NIPPON INDIA LIQUID FUND - DIRECT Plan - QUARTERLY IDCW OPTION;INF204K01ZK4;INF204K01ZL2;1010.2155;1010.2155;1010.2155;13-Jan-2018
118700;NIPPON INDIA LIQUID FUND - DIRECT Plan - WEEKLY IDCW OPTION;INF204KC1FN6;INF204K01ZM0;1530.5674;1530.5674;1530.5674;13-Jan-2018
118701;Nippon India Liquid Fund - Direct Plan Growth Plan - Growth Option;INF204K01ZH0;;4175.6894;4175.6894;4175.6894;13-Jan-2018
100855;NIPPON INDIA LIQUID FUND - MONTHLY IDCW OPTION;INF204K01UO7;INF204K01UP4;1591.1858;1591.1858;1591.1858;13-Jan-2018
112340;NIPPON INDIA LIQUID FUND - QUARTERLY IDCW OPTION;INF204K01UQ2;INF204K01UR0;1007.8870;1007.8870;1007.8870;13-Jan-2018
100837;Nippon India Liquid Fund - Retail Option - Growth Plan;INF204K01UL3;;3869.0523;3869.0523;3869.0523;13-Jan-2018
100842;NIPPON INDIA LIQUID FUND - RETAIL Plan - DAILY IDCW OPTION;;INF204K01UJ7;1524.5046;1524.5046;1524.5046;13-Jan-2018
100843;NIPPON INDIA LIQUID FUND - RETAIL plan - MONTHLY IDCW OPTION;INF204K01UT6;INF204K01UU4;1332.0494;1332.0494;1332.0494;13-Jan-2018
100844;NIPPON INDIA LIQUID FUND - RETAIL Plan - QUARTERLY IDCW OPTION;INF204K01UV2;INF204K01UW0;1220.4992;1220.4992;1220.4992;13-Jan-2018
100838;NIPPON INDIA LIQUID FUND - RETAIL Plan - WEEKLY IDCW OPTION;;INF204K01UK5;1034.3204;1034.3204;1034.3204;13-Jan-2018
100853;NIPPON INDIA LIQUID FUND - WEEKLY IDCW OPTION;INF204KC1FM8;INF204K01US8;1530.5642;1530.5642;1530.5642;13-Jan-2018
100851;Nippon India Liquid Fund -Growth Plan;INF204K01UN9;;4158.9683;4158.9683;4158.9683;13-Jan-2018
118610;Reliance Liquid Fund - Cash Plan - Direct Plan - Growth Plan - Growth Option;;;2764.4946;2764.4946;2764.4946;13-Jan-2018
118618;Reliance Liquid Fund - Cash Plan - Direct Plan Daily Dividend Reinvestment Option;;;1114.3505;1114.3505;1114.3505;13-Jan-2018
118609;Reliance Liquid Fund - Cash Plan - Direct Plan Monthly Dividend Plan;;;1006.5116;1006.5116;1006.5116;13-Jan-2018
118612;Reliance Liquid Fund - Cash Plan - Direct Plan Quarterly Dividend Plan;;;1013.9459;1013.9459;1013.9459;13-Jan-2018
118611;Reliance Liquid Fund - Cash Plan - Direct Plan Weekly Dividend Reinvestment Option;;;1091.8864;1091.8864;1091.8864;13-Jan-2018
100849;Reliance Liquid Fund-Cash Plan-Daily Dividend Reinvestment Option;;;1114.3218;1114.3218;1114.3218;13-Jan-2018
100845;Reliance Liquid Fund-Cash Plan-Growth Plan;;;2659.0797;2659.0797;2659.0797;13-Jan-2018
114251;Reliance Liquid Fund-Cash Plan-Monthly Dividend Plan;;;1004.2261;1004.2261;1004.2261;13-Jan-2018
114252;Reliance Liquid Fund-Cash Plan-Quarterly Dividend Plan;;;1007.3547;1007.3547;1007.3547;13-Jan-2018
100848;Reliance Liquid Fund-Cash Plan-Weekly Dividend Reinvestment Option;;;1091.8583;1091.8583;1091.8583;13-Jan-2018

Quantum Mutual Fund
103736;Quantum Liquid Fund - Direct Plan Daily IDCW;;INF082J01135;10.0072;10.0072;10.0072;13-Jan-2018
103734;Quantum Liquid Fund - Direct Plan Growth Option;INF082J01127;;23.5732;23.5732;23.5732;13-Jan-2018
103735;Quantum Liquid Fund - Direct Plan Monthly IDCW;INF082J01143;INF082J01200;10.0362;10.0362;10.0362;13-Jan-2018
141065;Quantum Liquid Fund - Regular Plan Daily IDCW;;INF082J01317;10.0058;10.0058;10.0058;13-Jan-2018
141066;Quantum Liquid Fund - Regular Plan Growth Option;INF082J01309;;23.5633;23.5633;23.5633;13-Jan-2018
141067;Quantum Liquid Fund - Regular Plan Monthly IDCW;INF082J01325;INF082J01333;10.0355;10.0355;10.0355;13-Jan-2018

SBI Mutual Fund
119804;SBI Liquid Fund - Direct Paln - Fortnightly Income Distribution cum Capital Withdrawal Option (IDCW);INF200K01UR8;INF200K01US6;1011.8588;1011.8588;1011.8588;13-Jan-2018
119805;SBI Liquid Fund - Direct Plan - Daily Income Distribution cum Capital Withdrawal Option (IDCW);;INF200K01UQ0;1003.2500;1003.2500;1003.2500;13-Jan-2018
119799;SBI Liquid Fund - Direct Plan - Weekly Income Distribution cum Capital Withdrawal Option (IDCW);INF200K01UU2;INF200K01UV0;1061.0596;1061.0596;1061.0596;13-Jan-2018
119800;SBI Liquid Fund - DIRECT PLAN -Growth;INF200K01UT4;;2683.6995;2683.6995;2683.6995;13-Jan-2018
105274;SBI Liquid Fund - Institutional - Growth;INF200K01LU1;;2700.6505;2700.6505;2700.6505;13-Jan-2018
105275;SBI Liquid Fund - Institutional Daily Income Distribution cum Capital Withdrawal Option (IDCW);;INF200K01LR7;1003.2500;1003.2500;1003.2500;13-Jan-2018
105279;SBI Liquid Fund - Institutional Fortnightly Income Distribution cum Capital Withdrawal Option (IDCW);INF200K01LS5;INF200K01LT3;1023.1633;1023.1633;1023.1633;13-Jan-2018
105278;SBI Liquid Fund - Institutional Weekly Income Distribution cum Capital Withdrawal Option (IDCW);INF200K01LV9;INF200K01LW7;1060.3503;1060.3503;1060.3503;13-Jan-2018
105281;SBI Liquid Fund - Regular Plan - Daily Income Distribution cum Capital Withdrawal Option (IDCW);;INF200K01LX5;1003.2500;1003.2500;1003.2500;13-Jan-2018
105283;SBI Liquid Fund - Regular Plan - Fortnightly Income Distribution cum Capital Withdrawal Option (IDCW);INF200K01LY3;INF200K01LZ0;1011.8588;1011.8588;1011.8588;13-Jan-2018
105282;SBI Liquid Fund - Regular Plan - Weekly Income Distribution cum Capital Withdrawal Option (IDCW);INF200K01MB9;INF200K01MC7;1061.0596;1061.0596;1061.0596;13-Jan-2018
105280;SBI Liquid Fund - REGULAR PLAN -Growth;INF200K01MA1;;2675.4653;2675.4653;2675.4653;13-Jan-2018

Sundaram Mutual Fund
119690;Sundaram Money Fund Direct Plan - Bonus;INF903J01RL8;;12.9157;12.9157;12.9157;13-Jan-2018
119688;Sundaram Money Fund Direct Plan - Daily Reinvestment of Income Distribution cum Capital Withdrawal (IDCW);;INF903J01QA3;10.1025;10.1025;10.1025;13-Jan-2018
119692;Sundaram Money Fund Direct Plan - Fortnightly Reinvestment of Income Distribution cum Capital Withdrawal (IDCW);;INF903J01QB1;25.9221;25.9221;25.9221;13-Jan-2018
119686;Sundaram Money Fund Direct Plan - Growth;INF903J01QF2;;36.0905;36.0905;36.0905;13-Jan-2018
119687;Sundaram Money Fund Direct Plan - Monthly Income Distribution cum Capital Withdrawal (IDCW);INF903J01QC9;INF903J01QD7;10.6930;10.6930;10.6930;13-Jan-2018
119689;Sundaram Money Fund Direct Plan - Quarterly Reinvestment of Income Distribution cum Capital Withdrawal (IDCW);;INF903J01QE5;34.7699;34.7699;34.7699;13-Jan-2018
119691;Sundaram Money Fund Direct Plan - Weekly Reinvestment of Income Distribution cum Capital Withdrawal (IDCW);;INF903J01QG0;11.6871;11.6871;11.6871;13-Jan-2018
102701;Sundaram Money Fund Institutional Plan - Daily Reinvestment of Income Distribution cum Capital Withdrawal (IDCW);;INF903J01GP2;10.0953;10.0953;10.0953;13-Jan-2018
102703;Sundaram Money Fund Institutional Plan - Growth;INF903J01GN7;;35.0630;35.0630;35.0630;13-Jan-2018
118328;Sundaram Money Fund Regular Plan - Bonus;INF903J01MB0;;12.8523;12.8523;12.8523;13-Jan-2018
103392;Sundaram Money Fund Regular Plan - Daily Reinvestment of Income Distribution cum Capital Withdrawal (IDCW);;INF903J01GW8;10.0953;10.0953;10.0953;13-Jan-2018
103395;Sundaram Money Fund Regular Plan - Fortnightly Reinvestment of Income Distribution cum Capital Withdrawal (IDCW);;INF903J01GY4;10.9672;10.9672;10.9672;13-Jan-2018
103397;Sundaram Money Fund Regular Plan - Growth;INF903J01GU2;;35.9547;35.9547;35.9547;13-Jan-2018
103396;Sundaram Money Fund Regular Plan - Monthly Income Distribution cum Capital Withdrawal (IDCW);INF903J01GV0;INF903J01GZ1;10.5498;10.5498;10.5498;13-Jan-2018
103393;Sundaram Money Fund Regular Plan - Quarterly Reinvestment of Income Distribution cum Capital Withdrawal (IDCW);;INF903J01HA2;34.6798;34.6798;34.6798;13-Jan-2018
100620;Sundaram Money Fund Retail Plan - Daily Reinvestment of Income Distribution cum Capital Withdrawal (IDCW);;INF903J01GI7;10.0953;10.0953;10.0953;13-Jan-2018
100622;Sundaram Money Fund Retail Plan - Fortnightly Reinvestment of Income Distribution cum Capital Withdrawal (IDCW);;INF903J01GK3;10.9351;10.9351;10.9351;13-Jan-2018
100618;Sundaram Money Fund Retail Plan - Growth;INF903J01GG1;;33.6015;33.6015;33.6015;13-Jan-2018
100623;Sundaram Money Fund Retail Plan - Monthly Income Distribution cum Capital Withdrawal (IDCW);INF903J01GH9;INF903J01GL1;10.5630;10.5630;10.5630;13-Jan-2018
100619;Sundaram Money Fund Retail Plan - Quarterly Reinvestment of Income Distribution cum Capital Withdrawal (IDCW);;INF903J01GM9;12.1429;12.1429;12.1429;13-Jan-2018
100621;Sundaram Money Fund Retail Plan - Weekly Reinvestment of Income Distribution cum Capital Withdrawal (IDCW);;INF903J01GJ5;11.6253;11.6253;11.6253;13-Jan-2018
140006;Sundaram Money Fund Unclaimed Amount Plan - Unclaimed Dividend Less Than Three Years;INF903JA1567;;10.8195;10.8195;10.8195;13-Jan-2018
140005;Sundaram Money Fund Unclaimed Amount Plan - Unclaimed Dividend More Than Three Years;INF903JA1575;;10.0000;10.0000;10.0000;13-Jan-2018
140003;Sundaram Money Fund Unclaimed Amount Plan - Unclaimed Redemption Less Than Three Years;INF903JA1542;;10.8284;10.8284;10.8284;13-Jan-2018
140004;Sundaram Money Fund Unclaimed Amount Plan - Unclaimed Redemption More Than Three Years;INF903JA1559;;10.0000;10.0000;10.0000;13-Jan-2018
103394;Sundaram Money Fund Regular Plan - Weekly Reinvestment of Income Distribution cum Capital Withdrawal (IDCW);;INF903J01GX6;11.6679;11.6679;11.6679;13-Jan-2018

Tata Mutual Fund
102672;Tata Liquid Fund -Regular Plan - Growth Option;INF277K01YD8;;2686.3999;2686.3999;2686.3999;13-Jan-2018
119862;Tata Liquid Fund- Direct Plan - Daily Reinvestment of IDCW Option;;INF277K012D2;1001.5187;1001.5187;1001.5187;13-Jan-2018
119861;Tata Liquid Fund- Direct Plan-Growth Option;INF277K01YE6;;2697.2342;2697.2342;2697.2342;13-Jan-2018
101714;Tata Liquid Fund- Regular Plan - Daily Reinvestment of IDCW Option;;INF277K011D4;1001.5157;1001.5157;1001.5157;13-Jan-2018

Taurus Mutual Fund
111915;Taurus Liquid Fund - Regular Plan - SI Growth Option;INF044D01534;;1740.3118;1740.3118;1740.3118;13-Jan-2018
113248;Taurus Liquid Fund - Regular Plan - SI Weekly Dividend Option;;INF044D01526;997.0594;997.0594;997.0594;13-Jan-2018
111703;Taurus Liquid Fund - Regular Plan -SI Daily Dividend Option;;INF044D01518;996.6777;996.6777;996.6777;13-Jan-2018
118891;Taurus Liquid Fund-Direct Plan-SI Daily Dividend Option;;INF044D01DI0;997.4963;997.4963;997.4963;13-Jan-2018
118893;Taurus Liquid Fund-Direct Plan-SI Growth Option;INF044D01DK6;;1746.2268;1746.2268;1746.2268;13-Jan-2018
118892;Taurus Liquid Fund-Direct Plan-SI Weekly Dividend Option;;INF044D01DJ8;998.4086;998.4086;998.4086;13-Jan-2018
104240;Taurus Liquid Fund-Dividend;INF044D01542;INF044D01559;995.7620;995.7620;995.7620;13-Jan-2018
104241;Taurus Liquid Fund-Growth;INF044D01575;;2040.8233;2040.8233;2040.8233;13-Jan-2018

Union Mutual Fund
115401;Union Liquid Fund - Daily IDCW Option;;INF582M01021;1000.6489;1000.6489;1000.6489;13-Jan-2018
119301;Union Liquid Fund - Direct Plan - Daily IDCW Option;;INF582M01682;1000.6506;1000.6506;1000.6506;13-Jan-2018
119305;Union Liquid Fund - Direct Plan - Fortnightly IDCW Option;INF582M01724;INF582M01708;1000.8507;1000.8507;1000.8507;13-Jan-2018
119303;Union Liquid Fund - Direct Plan - Growth Option;INF582M01674;;1708.9946;1708.9946;1708.9946;13-Jan-2018
119302;Union Liquid Fund - Direct Plan - Monthly IDCW Option;INF582M01732;INF582M01716;1003.5339;1003.5339;1003.5339;13-Jan-2018
119304;Union Liquid Fund - Direct Plan - Weekly IDCW Option;;INF582M01690;1001.1981;1001.1981;1001.1981;13-Jan-2018
115399;Union Liquid Fund - Fortnightly IDCW Option;INF582M01062;INF582M01047;1000.8469;1000.8469;1000.8469;13-Jan-2018
115398;Union Liquid Fund - Growth Option;INF582M01013;;1700.5154;1700.5154;1700.5154;13-Jan-2018
115400;Union Liquid Fund - Monthly IDCW Option;INF582M01070;INF582M01054;1003.4888;1003.4888;1003.4888;13-Jan-2018
115402;Union Liquid Fund - Weekly IDCW Option;;INF582M01039;1001.1894;1001.1894;1001.1894;13-Jan-2018

UTI Mutual Fund
134427;UTI Liquid Fund - Direct Plan - Annual IDCW;INF789FA1K63;INF789FA1K71;1232.467;1232.467;1232.467;13-Jan-2018
120558;UTI Liquid Fund - Direct Plan - Daily IDCW (Reinvestment);;INF789F01XP8;1019.4457;1019.4457;1019.4457;13-Jan-2018
140913;UTI Liquid Fund - Direct Plan - Fortnightly IDCW;INF789FA1K06;INF789FA1K14;1095.0182;1095.0182;0;13-Jan-2018
140504;UTI Liquid Fund - Direct Plan - Half-Yearly IDCW;INF789FA1K48;INF789FA1K55;1069.2132;1069.2132;0;13-Jan-2018
120794;UTI Liquid Fund - Direct Plan - Monthly IDCW;INF789F01XR4;INF789F01XS2;1027.3681;1027.3681;1027.3681;13-Jan-2018
140024;UTI Liquid Fund - Direct Plan - Quarterly IDCW;INF789FA1K22;INF789FA1K30;1163.9555;1163.9555;0;13-Jan-2018
120777;UTI Liquid Fund - Direct Plan - Weekly IDCW;;INF789F01XT0;1053.487;1053.487;1053.487;13-Jan-2018
133973;UTI Liquid Fund - Regular Plan - Annual IDCW;INF789FA1J66;INF789FA1J74;1232.2114;1232.2114;1232.2114;13-Jan-2018
102010;UTI Liquid Fund - Regular Plan - Daily IDCW (Reinvestment);;INF789F01PG3;1019.4457;1019.4457;1019.4457;13-Jan-2018
140517;UTI Liquid Fund - Regular Plan - Flexi IDCW;INF789FA1J82;INF789FA1J90;1015.5514;1015.5514;0;13-Jan-2018
139838;UTI Liquid Fund - Regular Plan - Fortnightly IDCW;INF789FA1J09;INF789FA1J17;1094.7226;1094.7226;0;13-Jan-2018
102011;UTI Liquid Fund - Regular Plan - Monthly IDCW;INF789F01PI9;INF789F01PJ7;1027.358;1027.358;1027.358;13-Jan-2018
135721;UTI Liquid Fund - Regular Plan - Quarterly IDCW;INF789FA1J25;INF789FA1J33;1163.4257;1163.4257;0;13-Jan-2018
102013;UTI Liquid Fund - Regular Plan - Weekly IDCW;;INF789F01PK5;1053.4835;1053.4835;1053.4835;13-Jan-2018
120304;UTI-  Liquid Cash Plan - Direct Plan - Growth Option;INF789F01XQ6;;2802.345;2802.345;2802.345;13-Jan-2018
102012;UTI-  Liquid Cash Plan - Regular Plan - Growth Option;INF789F01PH1;;2794.4574;2794.4574;2794.4574;13-Jan-2018
102008;UTI-  Liquid Cash Plan- Discontinued - Regular Plan - Monthly Dividend Option;INF789F01BC2;INF789F01BA6;1173.0993;1173.0993;0;13-Jan-2018
102009;UTI-  Liquid Cash Plan- Discontinued - Regular Plan -Growth;INF789F01BB4;;2630.906;2630.906;0;13-Jan-2018
102007;UTI-  Liquid Cash Plan- Discontinued -Regular Plan Periodic Dividend Option;;INF789F01AZ5;1133.7604;1133.7604;0;13-Jan-2018

Open Ended Schemes ( Debt Scheme - Ultra Short Duration Fund )


SBI Mutual Fund
119784;SBI Ultra Short Duration Fund - Direct Plan - Daily Income Distribution cum Capital Withdrawal Option (IDCW);;INF200K01TG3;1675.0300;1675.0300;1675.0300;13-Jan-2018
119828;SBI ULTRA SHORT DURATION FUND - DIRECT PLAN - GROWTH;INF200K01TF5;;3785.3391;3785.3391;3785.3391;13-Jan-2018
119829;SBI Ultra Short Duration Fund - Direct Plan - Weekly Income Distribution cum Capital Withdrawal Option (IDCW);INF200K01TH1;INF200K01TI9;1077.5805;1077.5805;1077.5805;13-Jan-2018
105080;SBI Ultra Short Duration Fund - Regular Plan - Daily Income Distribution cum Capital Withdrawal Option (IDCW);;INF200K01LK2;1675.0300;1675.0300;1675.0300;13-Jan-2018
100641;SBI ULTRA SHORT DURATION FUND - REGULAR PLAN - GROWTH;INF200K01LJ4;;3770.1424;3770.1424;3770.1424;13-Jan-2018
103884;SBI Ultra Short Duration Fund - Regular Plan - Weekly Income Distribution cum Capital Withdrawal Option (IDCW);INF200K01LM8;INF200K01LL0;1077.5805;1077.5805;1077.5805;13-Jan-2018

Open Ended Schemes ( Debt Scheme - Money Market Fund )


Nippon India Mutual Fund
103050;NIPPON INDIA MONEY MARKET FUND - DAILY IDCW Option;;INF204K01UY6;1000.6811;1000.6811;1000.6811;13-Jan-2018
118718;NIPPON INDIA MONEY MARKET FUND - DIRECT Plan - DAILY IDCW Option;;INF204K01ZN8;1000.6838;1000.6838;1000.6838;13-Jan-2018
118720;NIPPON INDIA MONEY MARKET FUND - DIRECT Plan - MONTHLY IDCW Option;INF204K01ZQ1;INF204K01ZR9;1005.0775;1005.0775;1005.0775;13-Jan-2018
118716;NIPPON INDIA MONEY MARKET FUND - DIRECT Plan - QUARTERLY IDCW Option;INF204K01ZS7;INF204K01ZT5;1007.4181;1007.4181;1007.4181;13-Jan-2018
118717;NIPPON INDIA MONEY MARKET FUND - DIRECT Plan - WEEKLY IDCW Option;;INF204K01ZO6;1000.7234;1000.7234;1000.7234;13-Jan-2018
118715;Nippon India Money Market Fund - Direct Plan Growth Plan - Bonus Option;INF204K01G11;;1516.2303;1516.2303;1516.2303;13-Jan-2018
118719;Nippon India Money Market Fund - Direct Plan Growth Plan - Growth Option;INF204K01ZP3;;2578.5276;2578.5276;2578.5276;13-Jan-2018
103052;NIPPON INDIA MONEY MARKET FUND - MONTHLY IDCW Option;INF204K01VB2;INF204K01VC0;1005.0165;1005.0165;1005.0165;13-Jan-2018
112341;NIPPON INDIA MONEY MARKET FUND - QUARTERLY IDCW Option;INF204K01VD8;INF204K01VE6;1007.5933;1007.5933;1007.5933;13-Jan-2018
103051;NIPPON INDIA MONEY MARKET FUND - WEEKLY IDCW Option;;INF204K01UZ3;1000.7481;1000.7481;1000.7481;13-Jan-2018
103049;Nippon India Money Market Fund-Growth Plan-Bonus Option;INF204K01UX8;;1509.5431;1509.5431;1509.5431;13-Jan-2018
103048;Nippon India Money Market Fund-Growth Plan-Growth Option;INF204K01VA4;;2567.0362;2567.0362;2567.0362;13-Jan-2018

Tata Mutual Fund
119421;Tata Money Market Fund- Direct Plan - Daily Reinvestment of IDCW Option;;INF277K011C6;1114.5200;1114.5200;1114.5200;13-Jan-2018
119424;Tata Money Market Fund- Direct Plan- Growth Option;INF277K01PR6;;3156.1760;3156.1760;3156.1760;13-Jan-2018
101986;Tata Money Market Fund- Regular Plan - Daily Reinvestment of IDCW Option;;INF277K014C0;1114.5200;1114.5200;1114.5200;13-Jan-2018
101847;Tata Money Market Fund-Regular Plan - Growth Option;INF277K01LQ7;;3144.7308;3144.7308;3144.7308;13-Jan-2018

UTI Mutual Fund
120299;UTI MMF - Direct Plan - Growth Option;INF789F01XV6;;1920.5055;1920.5055;1920.5055;13-Jan-2018
112077;UTI MMF - Regular Plan - Growth Option;INF789F01PX8;;1911.0592;1911.0592;1911.0592;13-Jan-2018
100724;UTI MMF- Discontinued - Regular Plan - Flexi Dividend Option;;INF789F01BD0;2465.0749;2465.0749;0;13-Jan-2018
100725;UTI MMF- Discontinued - Regular Plan - Periodic Dividend Option;INF789F01BE8;;1990.494;1990.494;0;13-Jan-2018
100723;UTI MMF-Discontinued - Regular Plan -Growth;INF789F01BF5;;4568.3884;4568.3884;0;13-Jan-2018
134973;UTI Money Market Fund - Direct Plan - Annual IDCW;INF789FA1N03;INF789FA1N11;1139.9029;1139.9029;0;13-Jan-2018
120772;UTI Money Market Fund - Direct Plan - Daily IDCW (Reinvestment);;INF789F01XU8;1003.3854;1003.3854;1003.3854;13-Jan-2018
135606;UTI Money Market Fund - Direct Plan - Fortnightly IDCW;INF789FA1M20;INF789FA1M38;1183.1635;1183.1635;0;13-Jan-2018
133387;UTI Money Market Fund - Direct Plan - Monthly IDCW;INF789FA1M46;INF789FA1M53;1114.7128;1114.7128;1114.7128;13-Jan-2018
142249;UTI Money Market Fund - Direct Plan - Quarterly IDCW;INF789FA1M61;INF789FA1M79;1018.6575;1018.6575;0;13-Jan-2018
120793;UTI Money Market Fund - Direct Plan - Weekly IDCW;INF789F01XW4;INF789F01XX2;1015.0199;1015.0199;1015.0199;13-Jan-2018
134972;UTI Money Market Fund - Regular Plan - Annual IDCW;INF789FA1L88;INF789FA1L96;1138.2673;1138.2673;0;13-Jan-2018
112076;UTI Money Market Fund - Regular Plan - Daily IDCW (Reinvestment);;INF789F01PW0;1003.3854;1003.3854;1003.3854;13-Jan-2018
135371;UTI Money Market Fund - Regular Plan - Fortnightly IDCW;INF789FA1L05;INF789FA1L13;1097.3656;1097.3656;0;13-Jan-2018
134763;UTI Money Market Fund - Regular Plan - Half-Yearly IDCW;INF789FA1L62;INF789FA1L70;1073.9696;1073.9696;0;13-Jan-2018
133484;UTI Money Market Fund - Regular Plan - Monthly IDCW;INF789FA1L21;INF789FA1L39;1039.1229;1039.1229;1039.1229;13-Jan-2018
139646;UTI Money Market Fund - Regular Plan - Quarterly IDCW;INF789FA1L47;INF789FA1L54;1017.8744;1017.8744;0;13-Jan-2018
112635;UTI Money Market Fund - Regular Plan - Weekly IDCW;INF789F01PY6;INF789F01PZ3;1015.0077;1015.0077;1015.0077;13-Jan-2018

Close Ended Schemes ( Income )


SBI Mutual Fund
126209;SBI DEBT FUND SERIES - 16 MONTHS - 2 - DIRECT PLAN - GROWTH;INF200KA1DM9;;13.6858;N.A.;N.A.;13-Jan-2018
126210;SBI DEBT FUND SERIES - 16 MONTHS - 2 - REGULAR PLAN - DIVIDEND;INF200KA1DL1;;13.5864;N.A.;N.A.;13-Jan-2018
126211;SBI DEBT FUND SERIES - 16 MONTHS - 2 - REGULAR PLAN - GROWTH;INF200KA1DK3;;13.5839;N.A.;N.A.;13-Jan-2018
127810;SBI DEBT FUND SERIES - 366 DAYS - 53 - DIRECT PLAN - DIVIDEND;INF200KA1606;;13.6315;N.A.;N.A.;13-Jan-2018
127811;SBI DEBT FUND SERIES - 366 DAYS - 53 - DIRECT PLAN - GROWTH;INF200KA1614;;13.6318;N.A.;N.A.;13-Jan-2018
127813;SBI DEBT FUND SERIES - 366 DAYS - 53 - REGULAR PLAN - GROWTH;INF200KA1630;;13.5563;N.A.;N.A.;13-Jan-2018
128165;SBI DEBT FUND SERIES - 366 DAYS - 54 - DIRECT PLAN - DIVIDEND;INF200KA1788;;13.6667;N.A.;N.A.;13-Jan-2018
128167;SBI DEBT FUND SERIES - 366 DAYS - 54 - REGULAR PLAN - DIVIDEND;INF200KA1804;;13.5344;N.A.;N.A.;13-Jan-2018
128168;SBI DEBT FUND SERIES - 366 DAYS - 54 - REGULAR PLAN - GROWTH;INF200KA1812;;13.5345;N.A.;N.A.;13-Jan-2018
128166;SBI DEBT FUND SERIES - 366 DAYS - 54- DIRECT PLAN - GROWTH;INF200KA1796;;13.6666;N.A.;N.A.;13-Jan-2018
120901;SBI DEBT FUND SERIES - 60 MONTHS - 3 - DIRECT PLAN - DIVIDEND;INF200K01QQ8;;14.9775;N.A.;N.A.;13-Jan-2018
120900;SBI DEBT FUND SERIES - 60 MONTHS - 3 - DIRECT PLAN - GROWTH;INF200K01QP0;;14.9775;N.A.;N.A.;13-Jan-2018
120899;SBI DEBT FUND SERIES - 60 MONTHS - 3 - REGULAR PLAN - DIVIDEND;INF200K01QF1;;14.5923;N.A.;N.A.;13-Jan-2018
120898;SBI DEBT FUND SERIES - 60 MONTHS - 3 - REGULAR PLAN - GROWTH;INF200K01QE4;;14.5924;N.A.;N.A.;13-Jan-2018
128388;SBI DEBT FUND SERIES A - 11 DIRECT PLAN - GROWTH;INF200KA1AE2;;13.5281;N.A.;N.A.;13-Jan-2018
128390;SBI DEBT FUND SERIES A - 11 REGULAR PLAN - GROWTH;INF200KA1AC6;;13.3050;N.A.;N.A.;13-Jan-2018
128674;SBI DEBT FUND SERIES A - 13 DIRECT PLAN - GROWTH;INF200KA1960;;13.4412;N.A.;N.A.;13-Jan-2018
128671;SBI DEBT FUND SERIES A - 13 REGULAR PLAN - GROWTH;INF200KA1945;;13.3003;N.A.;N.A.;13-Jan-2018
128693;SBI DEBT FUND SERIES A - 14 DIRECT PLAN - GROWTH;INF200KA1AI3;;13.4620;N.A.;N.A.;13-Jan-2018
128695;SBI DEBT FUND SERIES A - 14 REGULAR PLAN - GROWTH;INF200KA1AG7;;13.2443;N.A.;N.A.;13-Jan-2018
128931;SBI DEBT FUND SERIES A - 16 DIRECT PLAN - GROWTH;INF200KA1AA0;;13.3206;N.A.;N.A.;13-Jan-2018
128933;SBI DEBT FUND SERIES A - 16 REGULAR PLAN - GROWTH;INF200KA1986;;13.2872;N.A.;N.A.;13-Jan-2018
129120;SBI DEBT FUND SERIES A - 17 DIRECT PLAN - DIVIDEND;INF200KA1AV6;;13.3030;N.A.;N.A.;13-Jan-2018
129117;SBI DEBT FUND SERIES A - 17 DIRECT PLAN - GROWTH;INF200KA1AU8;;13.3230;N.A.;N.A.;13-Jan-2018
129119;SBI DEBT FUND SERIES A - 17 REGULAR PLAN - DIVIDEND;INF200KA1AT0;;13.2565;N.A.;N.A.;13-Jan-2018
129118;SBI DEBT FUND SERIES A - 17 REGULAR PLAN - GROWTH;INF200KA1AS2;;13.2565;N.A.;N.A.;13-Jan-2018
129391;SBI DEBT FUND SERIES A - 20 DIRECT PLAN - DIVIDEND;INF200KA1BT8;;13.3686;N.A.;N.A.;13-Jan-2018
129392;SBI DEBT FUND SERIES A - 20 DIRECT PLAN - GROWTH;INF200KA1BS0;;13.3700;N.A.;N.A.;13-Jan-2018
129394;SBI DEBT FUND SERIES A - 20 REGULAR PLAN - GROWTH;INF200KA1BQ4;;13.3182;N.A.;N.A.;13-Jan-2018
129443;SBI DEBT FUND SERIES A - 21 DIRECT PLAN - GROWTH;INF200KA1BW2;;13.3243;N.A.;N.A.;13-Jan-2018
129444;SBI DEBT FUND SERIES A - 21 REGULAR PLAN - GROWTH;INF200KA1BU6;;13.2710;N.A.;N.A.;13-Jan-2018
129658;SBI DEBT FUND SERIES A - 22 DIRECT PLAN - DIVIDEND;INF200KA1CV2;;13.3536;N.A.;N.A.;13-Jan-2018
129661;SBI DEBT FUND SERIES A - 22 DIRECT PLAN - GROWTH;INF200KA1CU4;;13.3545;N.A.;N.A.;13-Jan-2018
129660;SBI DEBT FUND SERIES A - 22 REGULAR PLAN - GROWTH;INF200KA1CS8;;13.2840;N.A.;N.A.;13-Jan-2018
129663;SBI DEBT FUND SERIES A - 23 DIRECT PLAN - GROWTH;INF200K010H9;;13.4986;N.A.;N.A.;13-Jan-2018
129664;SBI DEBT FUND SERIES A - 23 REGULAR PLAN - DIVIDEND;INF200K019G2;;13.3479;N.A.;N.A.;13-Jan-2018
129665;SBI DEBT FUND SERIES A - 23 REGULAR PLAN - GROWTH;INF200K018G4;;13.3482;N.A.;N.A.;13-Jan-2018
129708;SBI DEBT FUND SERIES A - 24 DIRECT PLAN - GROWTH;INF200KA1DQ0;;13.3366;N.A.;N.A.;13-Jan-2018
129710;SBI DEBT FUND SERIES A - 24 REGULAR PLAN - GROWTH;INF200KA1DO5;;13.2659;N.A.;N.A.;13-Jan-2018
129848;SBI DEBT FUND SERIES A - 25 DIRECT PLAN - GROWTH;INF200KA1DU2;;13.2903;N.A.;N.A.;13-Jan-2018
129846;SBI DEBT FUND SERIES A - 25 REGULAR PLAN - DIVIDEND;INF200KA1DT4;;13.2335;N.A.;N.A.;13-Jan-2018
129847;SBI DEBT FUND SERIES A - 25 REGULAR PLAN - GROWTH;INF200KA1DS6;;13.2313;N.A.;N.A.;13-Jan-2018
129869;SBI DEBT FUND SERIES A - 26 (682 DAYS) DIRECT PLAN - GROWTH;INF200K012I3;;13.2041;N.A.;N.A.;13-Jan-2018
129871;SBI DEBT FUND SERIES A - 26 (682 DAYS) REGULAR PLAN - GROWTH;INF200K010I7;;13.0839;N.A.;N.A.;13-Jan-2018
129972;SBI DEBT FUND SERIES A - 27 (366 DAYS) DIRECT PLAN - GROWTH;INF200KA1EF1;;13.2366;N.A.;N.A.;13-Jan-2018
129974;SBI DEBT FUND SERIES A - 27 (366 DAYS) REGULAR PLAN - GROWTH;INF200KA1EH7;;13.1817;N.A.;N.A.;13-Jan-2018
130026;SBI DEBT FUND SERIES A - 28 (367 DAYS) - DIRECT PLAN - GROWTH;INF200KA1EO3;;13.2344;N.A.;N.A.;13-Jan-2018
130025;SBI DEBT FUND SERIES A - 28 (367 DAYS) - REGULAR PLAN - GROWTH;INF200KA1EM7;;13.1823;N.A.;N.A.;13-Jan-2018
130238;SBI DEBT FUND SERIES A - 31 (367 DAYS) DIRECT PLAN - GROWTH;INF200KA1EW6;;13.1408;N.A.;N.A.;13-Jan-2018
130237;SBI DEBT FUND SERIES A - 31 (367 DAYS) REGULAR PLAN - GROWTH;INF200KA1EU0;;13.0931;N.A.;N.A.;13-Jan-2018
130283;SBI DEBT FUND SERIES A - 32 (367 DAYS) DIRECT PLAN - GROWTH;INF200KA1FA9;;13.1221;N.A.;N.A.;13-Jan-2018
130284;SBI DEBT FUND SERIES A - 32 (367 DAYS) REGULAR PLAN - DIVIDEND;INF200KA1EZ9;;13.0747;N.A.;N.A.;13-Jan-2018
130281;SBI DEBT FUND SERIES A - 32 (367 DAYS) REGULAR PLAN - GROWTH;INF200KA1EY2;;13.0746;N.A.;N.A.;13-Jan-2018
130322;SBI DEBT FUND SERIES A - 34 (367 DAYS) DIRECT PLAN - GROWTH;INF200KA1FE1;;13.1096;N.A.;N.A.;13-Jan-2018
130323;SBI DEBT FUND SERIES A - 34 (367 DAYS) REGULAR PLAN - GROWTH;INF200KA1FC5;;13.0621;N.A.;N.A.;13-Jan-2018
130445;SBI DEBT FUND SERIES A - 35 (369 DAYS) DIRECT PLAN - GROWTH;INF200KA1FM4;;13.2093;N.A.;N.A.;13-Jan-2018
130442;SBI DEBT FUND SERIES A - 35 (369 DAYS) REGULAR PLAN - GROWTH;INF200KA1FK8;;13.0867;N.A.;N.A.;13-Jan-2018
130599;SBI DEBT FUND SERIES A - 36 (36 Months) DIRECT PLAN - DIVIDEND;INF200K017M4;;13.2935;N.A.;N.A.;13-Jan-2018
130601;SBI DEBT FUND SERIES A - 36 (36 Months) DIRECT PLAN - GROWTH;INF200K016M6;;13.2925;N.A.;N.A.;13-Jan-2018
130600;SBI DEBT FUND SERIES A - 36 (36 Months) REGULAR PLAN - DIVIDEND;INF200K015M8;;13.1463;N.A.;N.A.;13-Jan-2018
130602;SBI DEBT FUND SERIES A - 36 (36 Months) REGULAR PLAN - GROWTH;INF200K014M1;;13.1463;N.A.;N.A.;13-Jan-2018
127337;SBI DEBT FUND SERIES A - 4 DIRECT - GROWTH;INF200K01Z04;;13.6684;N.A.;N.A.;13-Jan-2018
127339;SBI DEBT FUND SERIES A - 4 REGULAR PLAN - GROWTH;INF200K01Y88;;13.4948;N.A.;N.A.;13-Jan-2018
127516;SBI DEBT FUND SERIES A - 5 DIRECT - GROWTH;INF200KA1AM5;;13.6206;N.A.;N.A.;13-Jan-2018
127515;SBI DEBT FUND SERIES A - 5 REGULAR PLAN - GROWTH;INF200KA1AK9;;13.5107;N.A.;N.A.;13-Jan-2018
128321;SBI DEBT FUND SERIES A - 9 DIRECT - GROWTH;INF200KA1713;;13.6707;N.A.;N.A.;13-Jan-2018
128323;SBI DEBT FUND SERIES A - 9 REGULAR PLAN - GROWTH;INF200KA1705;;13.5336;N.A.;N.A.;13-Jan-2018
134626;SBI Debt Fund Series B - 16 (1100 Days) - Direct Plan - Dividend;INF200KA1CN9;;12.3725;N.A.;N.A.;13-Jan-2018
134623;SBI Debt Fund Series B - 16 (1100 Days) - Regular Plan - Growth;INF200KA1CK5;;12.2588;N.A.;N.A.;13-Jan-2018
134624;SBI Debt Fund Series B -16 (1100 Days) - Direct Plan - Growth;INF200KA1CM1;;12.3725;N.A.;N.A.;13-Jan-2018
134625;SBI Debt Fund Series B -16 (1100 Days) - Regular Plan - Dividend;INF200KA1CL3;;12.2588;N.A.;N.A.;13-Jan-2018
134671;SBI DEBT FUND SERIES B - 17 (1100 DAYS) - DIRECT PLAN - DIVIDEND;INF200KA1CZ3;;12.3551;N.A.;N.A.;13-Jan-2018
134670;SBI DEBT FUND SERIES B - 17 (1100 DAYS) - DIRECT PLAN - GROWTH;INF200KA1CY6;;12.3539;N.A.;N.A.;13-Jan-2018
134669;SBI DEBT FUND SERIES B - 17 (1100 DAYS) - REGULAR PLAN - DIVIDEND;INF200KA1CX8;;12.2413;N.A.;N.A.;13-Jan-2018
134672;SBI DEBT FUND SERIES B - 17 (1100 DAYS) - REGULAR PLAN - GROWTH;INF200KA1CW0;;12.2412;N.A.;N.A.;13-Jan-2018
134688;SBI DEBT FUND SERIES B - 18 (1100 DAYS) - DIRECT PLAN - DIVIDEND;INF200KA1ED6;;12.3179;N.A.;N.A.;13-Jan-2018
134689;SBI DEBT FUND SERIES B - 18 (1100 DAYS) - DIRECT PLAN - GROWTH;INF200KA1EC8;;12.3152;N.A.;N.A.;13-Jan-2018
134687;SBI DEBT FUND SERIES B - 18 (1100 DAYS) - REGULAR PLAN - DIVIDEND;INF200KA1EB0;;12.2045;N.A.;N.A.;13-Jan-2018
134690;SBI DEBT FUND SERIES B - 18 (1100 DAYS) - REGULAR PLAN - GROWTH;INF200KA1EA2;;12.2037;N.A.;N.A.;13-Jan-2018
134771;SBI DEBT FUND SERIES B - 19 (1100 Days) - DIRECT PLAN - DIVIDEND;INF200KA1EI5;;12.3364;N.A.;N.A.;13-Jan-2018
134770;SBI DEBT FUND SERIES B - 19 (1100 Days) - DIRECT PLAN - GROWTH;INF200KA1EJ3;;12.3362;N.A.;N.A.;13-Jan-2018
134769;SBI DEBT FUND SERIES B - 19 (1100 Days) - REGULAR PLAN - DIVIDEND;INF200KA1EK1;;12.2261;N.A.;N.A.;13-Jan-2018
134768;SBI DEBT FUND SERIES B - 19 (1100 Days) - REGULAR PLAN - GROWTH;INF200KA1EL9;;12.2261;N.A.;N.A.;13-Jan-2018
134810;SBI DEBT FUND SERIES B - 20 (1100 DAYS) - DIRECT PLAN - DIVIDEND;INF200KA1ET2;;12.3201;N.A.;N.A.;13-Jan-2018
134809;SBI DEBT FUND SERIES B - 20 (1100 DAYS) - DIRECT PLAN - GROWTH;INF200KA1ES4;;12.3199;N.A.;N.A.;13-Jan-2018
134811;SBI DEBT FUND SERIES B - 20 (1100 DAYS) - REGULAR PLAN - DIVIDEND;INF200KA1ER6;;12.2107;N.A.;N.A.;13-Jan-2018
134808;SBI DEBT FUND SERIES B - 20 (1100 DAYS) - REGULAR PLAN - GROWTH;INF200KA1EQ8;;12.2108;N.A.;N.A.;13-Jan-2018
135065;SBI DEBT FUND SERIES B - 22 (1100 DAYS) - DIRECT PLAN - DIVIDEND;INF200KA1FR3;;12.2210;N.A.;N.A.;13-Jan-2018
135063;SBI DEBT FUND SERIES B - 22 (1100 DAYS) - DIRECT PLAN - GROWTH;INF200KA1FQ5;;12.2209;N.A.;N.A.;13-Jan-2018
135062;SBI DEBT FUND SERIES B - 22 (1100 DAYS) - REGULAR PLAN - DIVIDEND;INF200KA1FP7;;12.1160;N.A.;N.A.;13-Jan-2018
135064;SBI DEBT FUND SERIES B - 22 (1100 DAYS) - REGULAR PLAN - GROWTH;INF200KA1FO0;;12.1160;N.A.;N.A.;13-Jan-2018
135104;SBI DEBT FUND SERIES B - 23 (1100 DAYS) - DIRECT PLAN - GROWTH;INF200KA1FV5;;12.1798;N.A.;N.A.;13-Jan-2018
135103;SBI DEBT FUND SERIES B - 23 (1100 DAYS) - DIRECT PLAN -DIVIDEND;INF200KA1FW3;;12.1799;N.A.;N.A.;13-Jan-2018
135102;SBI DEBT FUND SERIES B - 23 (1100 DAYS) - REGULAR PLAN - DIVIDEND;INF200KA1FU7;;12.0791;N.A.;N.A.;13-Jan-2018
135105;SBI DEBT FUND SERIES B - 23 (1100 DAYS) - REGULAR PLAN - GROWTH;INF200KA1FT9;;12.0791;N.A.;N.A.;13-Jan-2018
135326;SBI DEBT FUND SERIES B - 25 (1100 DAYS) - DIRECT PLAN - DIVIDEND;INF200KA1GI0;;12.1069;N.A.;N.A.;13-Jan-2018
135324;SBI DEBT FUND SERIES B - 25 (1100 DAYS) - DIRECT PLAN - GROWTH;INF200KA1GH2;;12.1068;N.A.;N.A.;13-Jan-2018
135327;SBI DEBT FUND SERIES B - 25 (1100 DAYS) - REGULAR PLAN - DIVIDEND;INF200KA1GG4;;12.0077;N.A.;N.A.;13-Jan-2018
135325;SBI DEBT FUND SERIES B - 25 (1100 DAYS) - REGULAR PLAN - GROWTH;INF200KA1GF6;;12.0076;N.A.;N.A.;13-Jan-2018
135565;SBI DEBT FUND SERIES B - 26 (1100 DAYS) - DIRECT PLAN - DIVIDEND;INF200KA1GU5;;11.8937;N.A.;N.A.;13-Jan-2018
135564;SBI DEBT FUND SERIES B - 26 (1100 DAYS) - DIRECT PLAN - GROWTH;INF200KA1GT7;;11.8938;N.A.;N.A.;13-Jan-2018
135563;SBI DEBT FUND SERIES B - 26 (1100 DAYS) - REGULAR PLAN - DIVIDEND;INF200KA1GS9;;11.8022;N.A.;N.A.;13-Jan-2018
135566;SBI DEBT FUND SERIES B - 26 (1100 DAYS) - REGULAR PLAN - GROWTH;INF200KA1GR1;;11.8022;N.A.;N.A.;13-Jan-2018
135708;SBI DEBT FUND SERIES B - 27 (1100 DAYS) - DIRECT PLAN - DIVIDEND;INF200KA1GY7;;11.8202;N.A.;N.A.;13-Jan-2018
135710;SBI DEBT FUND SERIES B - 27 (1100 DAYS) - DIRECT PLAN - GROWTH;INF200KA1GX9;;11.8201;N.A.;N.A.;13-Jan-2018
135707;SBI DEBT FUND SERIES B - 27 (1100 DAYS) - REGULAR PLAN - DIVIDEND;INF200KA1GW1;;11.7320;N.A.;N.A.;13-Jan-2018
135709;SBI DEBT FUND SERIES B - 27 (1100 DAYS) - REGULAR PLAN - GROWTH;INF200KA1GV3;;11.7321;N.A.;N.A.;13-Jan-2018
135788;SBI DEBT FUND SERIES B - 28 (1100 DAYS) - DIRECT PLAN - DIVIDEND;INF200KA1HG2;;11.7945;N.A.;N.A.;13-Jan-2018
135786;SBI DEBT FUND SERIES B - 28 (1100 DAYS) - DIRECT PLAN - GROWTH;INF200KA1HF4;;11.7944;N.A.;N.A.;13-Jan-2018
135785;SBI DEBT FUND SERIES B - 28 (1100 DAYS) - REGULAR PLAN - DIVIDEND;INF200KA1HE7;;11.7076;N.A.;N.A.;13-Jan-2018
135787;SBI DEBT FUND SERIES B - 28 (1100 DAYS) - REGULAR PLAN - GROWTH;INF200KA1HD9;;11.7078;N.A.;N.A.;13-Jan-2018
135904;SBI DEBT FUND SERIES B - 29 (1200 DAYS) - DIRECT PLAN - DIVIDEND;INF200KA1HK4;;11.8054;N.A.;N.A.;13-Jan-2018
135905;SBI DEBT FUND SERIES B - 29 (1200 DAYS) - DIRECT PLAN - GROWTH;INF200KA1HJ6;;11.8058;N.A.;N.A.;13-Jan-2018
135903;SBI DEBT FUND SERIES B - 29 (1200 DAYS) - REGULAR PLAN - DIVIDEND;INF200KA1HI8;;11.7218;N.A.;N.A.;13-Jan-2018
135902;SBI DEBT FUND SERIES B - 29 (1200 DAYS) - REGULAR PLAN - GROWTH;INF200KA1HH0;;11.7217;N.A.;N.A.;13-Jan-2018
136143;SBI DEBT FUND SERIES B - 31 (1200 DAYS) - DIRECT PLAN - DIVIDEND;INF200KA1HW9;;11.6918;N.A.;N.A.;13-Jan-2018
136142;SBI DEBT FUND SERIES B - 31 (1200 DAYS) - DIRECT PLAN - GROWTH;INF200KA1HV1;;11.6918;N.A.;N.A.;13-Jan-2018
136144;SBI DEBT FUND SERIES B - 31 (1200 DAYS) - REGULAR PLAN - DIVIDEND;INF200KA1HU3;;11.6136;N.A.;N.A.;13-Jan-2018
136141;SBI DEBT FUND SERIES B - 31 (1200 DAYS) - REGULAR PLAN - GROWTH;INF200KA1HT5;;11.6137;N.A.;N.A.;13-Jan-2018
136431;SBI DEBT FUND SERIES B - 33 (1131 DAYS) - DIRECT PLAN - DIVIDEND PAYOUT;INF200KA1II6;;11.6298;N.A.;N.A.;13-Jan-2018
136432;SBI DEBT FUND SERIES B - 33 (1131 DAYS) - DIRECT PLAN - GROWTH;INF200KA1IH8;;11.6304;N.A.;N.A.;13-Jan-2018
136434;SBI DEBT FUND SERIES B - 33 (1131 DAYS) - REGULAR PLAN - DIVIDEND PAYOUT;INF200KA1IG0;;11.5551;N.A.;N.A.;13-Jan-2018
136433;SBI DEBT FUND SERIES B - 33 (1131 DAYS) - REGULAR PLAN - GROWTH;INF200KA1IF2;;11.5551;N.A.;N.A.;13-Jan-2018
136477;SBI DEBT FUND SERIES B - 34 (1131 DAYS) - DIRECT PLAN - DIVIDEND PAYOUT;INF200KA1IM8;;11.5967;N.A.;N.A.;13-Jan-2018
136476;SBI DEBT FUND SERIES B - 34 (1131 DAYS) - DIRECT PLAN - GROWTH;INF200KA1IL0;;11.5957;N.A.;N.A.;13-Jan-2018
136475;SBI DEBT FUND SERIES B - 34 (1131 DAYS) - REGULAR PLAN - DIVIDEND PAYOUT;INF200KA1IK2;;11.5216;N.A.;N.A.;13-Jan-2018
136474;SBI DEBT FUND SERIES B - 34 (1131 DAYS) - REGULAR PLAN - GROWTH;INF200KA1IJ4;;11.5216;N.A.;N.A.;13-Jan-2018
136547;SBI DEBT FUND SERIES B - 35 (1131 DAYS) - DIRECT PLAN - DIVIDEND PAYOUT;INF200KA1IQ9;;11.5729;N.A.;N.A.;13-Jan-2018
136548;SBI DEBT FUND SERIES B - 35 (1131 DAYS) - DIRECT PLAN - GROWTH;INF200KA1IP1;;11.5740;N.A.;N.A.;13-Jan-2018
136546;SBI DEBT FUND SERIES B - 35 (1131 DAYS) - REGULAR PLAN - DIVIDEND PAYOUT;INF200KA1IO4;;11.5009;N.A.;N.A.;13-Jan-2018
136545;SBI DEBT FUND SERIES B - 35 (1131 DAYS) - REGULAR PLAN - GROWTH;INF200KA1IN6;;11.5007;N.A.;N.A.;13-Jan-2018
139226;SBI DEBT FUND SERIES B - 36 (1131 DAYS) - DIRECT PLAN - DIVIDEND PAYOUT;INF200KA1IY3;;11.5049;N.A.;N.A.;13-Jan-2018
139227;SBI DEBT FUND SERIES B - 36 (1131 DAYS) - DIRECT PLAN - GROWTH;INF200KA1IX5;;11.5048;N.A.;N.A.;13-Jan-2018
139225;SBI DEBT FUND SERIES B - 36 (1131 DAYS) - REGULAR PLAN - DIVIDEND PAYOUT;INF200KA1IW7;;11.4334;N.A.;N.A.;13-Jan-2018
139228;SBI DEBT FUND SERIES B- 36 (1131 DAYS) - REGULAR PLAN - GROWTH;INF200KA1IV9;;11.4333;N.A.;N.A.;13-Jan-2018
139403;SBI DEBT FUND SERIES B - 41(1100 DAYS)- DIRECT PLAN - DIVIDEND PAYOUT;INF200KA1JS3;;11.3273;N.A.;N.A.;13-Jan-2018
139406;SBI DEBT FUND SERIES B - 41(1100 DAYS)- DIRECT PLAN - GROWTH;INF200KA1JR5;;11.3272;N.A.;N.A.;13-Jan-2018
139405;SBI DEBT FUND SERIES B - 41(1100 DAYS)- REGULAR PALN - GROWTH;INF200KA1JP9;;11.2641;N.A.;N.A.;13-Jan-2018
139404;SBI DEBT FUND SERIES B - 41(1100 DAYS)- REGULAR PLAN - DIVIDEND PAYOUT;INF200KA1JQ7;;11.2641;N.A.;N.A.;13-Jan-2018
139565;SBI DEBT FUNDS SERIES B - 42 (1100 DAYS) - DIRECT PLAN - DIVIDEND PAYOUT;INF200KA1KB7;;11.1741;N.A.;N.A.;13-Jan-2018
139567;SBI DEBT FUNDS SERIES B - 42 (1100 DAYS) - DIRECT PLAN - GROWTH;INF200KA1KA9;;11.1741;N.A.;N.A.;13-Jan-2018
139564;SBI DEBT FUNDS SERIES B - 42 (1100 DAYS) - REGULAR PLAN - DIVIDEND PAYOUT;INF200KA1JZ8;;11.1159;N.A.;N.A.;13-Jan-2018
139566;SBI DEBT FUNDS SERIES B - 42 (1100 DAYS) - REGULAR PLAN - GROWTH;INF200KA1JY1;;11.1159;N.A.;N.A.;13-Jan-2018
139790;SBI DEBT FUND SERIES B - 43(1100 DAYS)- DIRECT PLAN - DIVIDEND PAYOUT;INF200KA1KR3;;11.0106;N.A.;N.A.;13-Jan-2018
139791;SBI DEBT FUND SERIES B - 43(1100 DAYS)- DIRECT PLAN - GROWTH;INF200KA1KQ5;;11.0106;N.A.;N.A.;13-Jan-2018
139789;SBI DEBT FUND SERIES B - 43(1100 DAYS)- REGULAR PLAN - GROWTH;INF200KA1KO0;;10.9579;N.A.;N.A.;13-Jan-2018
139788;SBI DEBT FUND SERIES B - 43(1100 DAYS)-REGULAR PLAN - DIVIDEND PAYOUT;INF200KA1KP7;;10.9578;N.A.;N.A.;13-Jan-2018
140012;SBI Debt Fund Series B - 44 (1100 Days) - Direct Plan - Dividend;INF200KA1LD1;;10.8333;N.A.;N.A.;13-Jan-2018
140011;SBI Debt Fund Series B - 44 (1100 Days) - Direct plan - Growth;INF200KA1LC3;;10.8334;N.A.;N.A.;13-Jan-2018
140014;SBI Debt Fund Series B - 44 (1100 Days) - Regular Plan - Dividend;INF200KA1LB5;;10.7859;N.A.;N.A.;13-Jan-2018
140013;SBI Debt Fund Series B - 44 (1100 Days) - Regular Plan - Growth;INF200KA1LA7;;10.7859;N.A.;N.A.;13-Jan-2018
140736;SBI DEBT FUND SERIES B - 46 (1155 DAYS) - DIRECT PLAN - DIVIDEND PAYOUT;INF200KA1MB3;;10.5564;N.A.;N.A.;13-Jan-2018
140735;SBI DEBT FUND SERIES B - 46 (1155 DAYS) - DIRECT PLAN - GROWTH;INF200KA1MA5;;10.5563;N.A.;N.A.;13-Jan-2018
140734;SBI DEBT FUND SERIES B - 46 (1155 DAYS) - REGULAR PLAN - DIVIDEND PAYOUT;INF200KA1LZ4;;10.5316;N.A.;N.A.;13-Jan-2018
140733;SBI DEBT FUND SERIES B - 46 (1155 DAYS) - REGULAR PLAN - GROWTH;INF200KA1LY7;;10.5318;N.A.;N.A.;13-Jan-2018
140764;SBI DEBT FUND SERIES B - 49 (1170 DAYS) - DIRECT PLAN - DIVIDEND PAYOUT;INF200KA1MV1;;10.5655;N.A.;N.A.;13-Jan-2018
140761;SBI DEBT FUND SERIES B - 49 (1170 DAYS) - DIRECT PLAN - GROWTH;INF200KA1MU3;;10.5655;N.A.;N.A.;13-Jan-2018
140762;SBI DEBT FUND SERIES B - 49 (1170 DAYS) - REGULAR PLAN - DIVIDEND PAYOUT;INF200KA1MT5;;10.5421;N.A.;N.A.;13-Jan-2018
140763;SBI DEBT FUND SERIES B - 49 (1170 DAYS) - REGULAR PLAN - GROWTH;INF200KA1MS7;;10.5419;N.A.;N.A.;13-Jan-2018
133333;SBI DEBT FUND SERIES B - 6 (1111 DAYS) - DIRECT PLAN - DIVIDEND;INF200KA1267;;12.7558;N.A.;N.A.;13-Jan-2018
133332;SBI DEBT FUND SERIES B - 6 (1111 DAYS) - DIRECT PLAN - GROWTH;INF200KA1259;;12.7522;N.A.;N.A.;13-Jan-2018
133331;SBI DEBT FUND SERIES B - 6 (1111 DAYS) - REGULAR PLAN - DIVIDEND;INF200KA1242;;12.6157;N.A.;N.A.;13-Jan-2018
133330;SBI DEBT FUND SERIES B - 6 (1111 DAYS) - REGULAR PLAN - GROWTH;INF200KA1234;;12.6157;N.A.;N.A.;13-Jan-2018
133856;SBI DEBT FUND SERIES B - 7 (38 MONTHS) - DIRECT PLAN - GROWTH;INF200KA1457;;12.5345;N.A.;N.A.;13-Jan-2018
133854;SBI DEBT FUND SERIES B - 7 (38 MONTHS) - REGUALR PLAN - DIVIDEND;INF200KA1440;;12.4102;N.A.;N.A.;13-Jan-2018
133855;SBI DEBT FUNS SERIES B - 7 (38 MONTHS) - REGULAR PLAN - GROWTH;INF200KA1432;;12.4110;N.A.;N.A.;13-Jan-2018
134316;SBI DEBT FUND SERIES B - 8 (1105 DAYS) - DIRECT PLAN - DIVIDEND;INF200KA1895;;12.5683;N.A.;N.A.;13-Jan-2018
134313;SBI DEBT FUND SERIES B - 8 (1105 DAYS) - DIRECT PLAN - GROWTH;INF200KA1887;;12.5640;N.A.;N.A.;13-Jan-2018
134314;SBI DEBT FUND SERIES B - 8 (1105 DAYS) - REGULAR PLAN - DIVIDEND;INF200KA1879;;12.4432;N.A.;N.A.;13-Jan-2018
134315;SBI DEBT FUND SERIES B - 8 (1105 DAYS) - REGULAR PLAN - GROWTH;INF200KA1861;;12.4432;N.A.;N.A.;13-Jan-2018
134319;SBI DEBT FUND SERIES B - 9 (1105 DAYS) - DIRECT PLAN - DIVIDEND;INF200KA1937;;12.5039;N.A.;N.A.;13-Jan-2018
134320;SBI DEBT FUND SERIES B - 9 (1105 DAYS) - DIRECT PLAN - GROWTH;INF200KA1929;;12.5000;N.A.;N.A.;13-Jan-2018
134318;SBI DEBT FUND SERIES B - 9 (1105 DAYS) - REGULAR PLAN - DIVIDEND;INF200KA1911;;12.3804;N.A.;N.A.;13-Jan-2018
134317;SBI DEBT FUND SERIES B - 9 (1105 DAYS) - REGULAR PLAN - GROWTH;INF200KA1903;;12.3804;N.A.;N.A.;13-Jan-2018
141525;SBI DEBT FUND SERIES C - 1 (1100 DAYS) - DIRECT PLAN - DIVIDEND PAYOUT;INF200KA1PX0;;10.3194;N.A.;N.A.;13-Jan-2018
141524;SBI DEBT FUND SERIES C - 1 (1100 DAYS) - DIRECT PLAN - GROWTH;INF200KA1PW2;;10.3195;N.A.;N.A.;13-Jan-2018
141523;SBI DEBT FUND SERIES C - 1 (1100 DAYS) - REGULAR PLAN - DIVIDEND PAYOUT;INF200KA1PV4;;10.2986;N.A.;N.A.;13-Jan-2018
141522;SBI DEBT FUND SERIES C - 1 (1100 DAYS) - REGULAR PLAN - GROWTH;INF200KA1PU6;;10.2981;N.A.;N.A.;13-Jan-2018
141746;SBI DEBT FUND SERIES C - 2 (1100 DAYS) - DIRECT PLAN - DIVIDEND PAYOUT;INF200KA1RH9;;10.1257;N.A.;N.A.;13-Jan-2018
141745;SBI DEBT FUND SERIES C - 2 (1100 DAYS) - DIRECT PLAN - GROWTH;INF200KA1RG1;;10.1257;N.A.;N.A.;13-Jan-2018
141744;SBI DEBT FUND SERIES C - 2 (1100 DAYS) - REGULAR PLAN - DIVIDEND PAYOUT;INF200KA1RF3;;10.1107;N.A.;N.A.;13-Jan-2018
141747;SBI DEBT FUND SERIES C - 2 (1100 DAYS) - REGULAR PLAN - GROWTH;INF200KA1RE6;;10.1107;N.A.;N.A.;13-Jan-2018
142178;SBI Debt Fund Series - C - 7 (1190 Days) - Direct Plan - Income Distribution cum Capital Withdrawal Option (IDCW);INF200KA1SB0;;10.0069;N.A.;N.A.;13-Jan-2018
142180;SBI Debt Fund Series - C - 7 (1190 Days) - Regular Plan - Income Distribution cum Capital Withdrawal Option (IDCW);INF200KA1RZ1;;10.0060;N.A.;N.A.;13-Jan-2018
142177;SBI DEBT FUND SERIES C - 7 (1190 DAYS) - DIRECT PLAN - GROWTH;INF200KA1SA2;;10.0069;N.A.;N.A.;13-Jan-2018
142179;SBI DEBT FUND SERIES C - 7 (1190 DAYS) - REGULAR PLAN - GROWTH;INF200KA1RY4;;10.0060;N.A.;N.A.;13-Jan-2018
130023;SBI Dual Advantage Fund - Series III - Direct Plan - Dividend;INF200K015J4;;12.6497;N.A.;N.A.;13-Jan-2018
130024;SBI Dual Advantage Fund - Series III - Direct Plan - Growth;INF200K014J7;;12.9113;N.A.;N.A.;13-Jan-2018
130022;SBI Dual Advantage Fund - Series III - Regular Plan - Dividend;INF200K013J9;;12.6024;N.A.;N.A.;13-Jan-2018
130021;SBI Dual Advantage Fund - Series III - Regular Plan - Growth;INF200K012J1;;12.6011;N.A.;N.A.;13-Jan-2018
134613;SBI DUAL ADVANTAGE FUND - SERIES IX - DIRECT PLAN - DIVIDEND;INF200KA1CB4;;12.3625;N.A.;N.A.;13-Jan-2018
134614;SBI DUAL ADVANTAGE FUND - SERIES IX - DIRECT PLAN - GROWTH;INF200KA1CA6;;12.3625;N.A.;N.A.;13-Jan-2018
134612;SBI DUAL ADVANTAGE FUND - SERIES IX - REGULAR PLAN - DIVIDEND;INF200KA1BZ5;;11.9940;N.A.;N.A.;13-Jan-2018
134611;SBI DUAL ADVANTAGE FUND - SERIES IX - REGULAR PLAN - GROWTH;INF200KA1BY8;;11.9940;N.A.;N.A.;13-Jan-2018
133283;SBI DUAL ADVANTAGE FUND - SERIES VI - DIRECT PLAN - DIVIDEND;INF200KA1184;;12.3367;N.A.;N.A.;13-Jan-2018
133282;SBI DUAL ADVANTAGE FUND - SERIES VI - DIRECT PLAN - GROWTH;INF200KA1176;;12.3367;N.A.;N.A.;13-Jan-2018
133284;SBI DUAL ADVANTAGE FUND - SERIES VI - REGULAR PLAN - DIVIDEND;INF200KA1168;;12.2808;N.A.;N.A.;13-Jan-2018
133281;SBI DUAL ADVANTAGE FUND - SERIES VI - REGULAR PLAN - GROWTH;INF200KA1150;;12.2808;N.A.;N.A.;13-Jan-2018
133717;SBI DUAL ADVANTAGE FUND - SERIES VII - DIRECT PLAN - DIVIDEND;INF200KA1424;;12.1777;N.A.;N.A.;13-Jan-2018
133716;SBI DUAL ADVANTAGE FUND - SERIES VII - DIRECT PLAN - GROWTH;INF200KA1416;;12.1777;N.A.;N.A.;13-Jan-2018
133715;SBI DUAL ADVANTAGE FUND - SERIES VII - REGULAR PLAN - DIVIDEND;INF200KA1408;;12.1257;N.A.;N.A.;13-Jan-2018
133718;SBI DUAL ADVANTAGE FUND - SERIES VII - REGULAR PLAN - GROWTH;INF200KA1390;;12.1255;N.A.;N.A.;13-Jan-2018
134193;SBI DUAL ADVANTAGE FUND - SERIES VIII - DIRECT PLAN - DIVIDEND;INF200KA1770;;11.9731;N.A.;N.A.;13-Jan-2018
134196;SBI DUAL ADVANTAGE FUND - SERIES VIII - DIRECT PLAN - GROWTH;INF200KA1762;;11.9731;N.A.;N.A.;13-Jan-2018
134194;SBI DUAL ADVANTAGE FUND - SERIES VIII - REGULAR PLAN - DIVIDEND;INF200KA1754;;11.9168;N.A.;N.A.;13-Jan-2018
134195;SBI DUAL ADVANTAGE FUND - SERIES VIII - REGULAR PLAN - GROWTH;INF200KA1747;;11.9164;N.A.;N.A.;13-Jan-2018
135155;SBI DUAL ADVANTAGE FUND - SERIES X - DIRECT PLAN - DIVIDEND;INF200KA1GE9;;12.3507;N.A.;N.A.;13-Jan-2018
135154;SBI DUAL ADVANTAGE FUND - SERIES X - DIRECT PLAN - GROWTH;INF200KA1GD1;;12.3507;N.A.;N.A.;13-Jan-2018
135156;SBI DUAL ADVANTAGE FUND - SERIES X - REGULAR PLAN - DIVIDEND;INF200KA1GC3;;11.9629;N.A.;N.A.;13-Jan-2018
135153;SBI DUAL ADVANTAGE FUND - SERIES X - REGULAR PLAN - GROWTH;INF200KA1GB5;;11.9629;N.A.;N.A.;13-Jan-2018
135377;SBI DUAL ADVANTAGE FUND - SERIES XI - DIRECT PLAN - DIVIDEND;INF200KA1GM2;;12.2407;N.A.;N.A.;13-Jan-2018
135376;SBI DUAL ADVANTAGE FUND - SERIES XI - DIRECT PLAN - GROWTH;INF200KA1GL4;;12.2408;N.A.;N.A.;13-Jan-2018
135379;SBI DUAL ADVANTAGE FUND - SERIES XI - REGULAR PLAN - DIVIDEND;INF200KA1GK6;;11.9094;N.A.;N.A.;13-Jan-2018
135378;SBI DUAL ADVANTAGE FUND - SERIES XI - REGULAR PLAN - GROWTH;INF200KA1GJ8;;11.9093;N.A.;N.A.;13-Jan-2018
135777;SBI DUAL ADVANATGE FUND - SERIES XII - REGULAR PLAN - DIVIDEND;INF200KA1HA5;;11.9943;N.A.;N.A.;13-Jan-2018
135780;SBI DUAL ADVANTAGE FUND - SERIES XII - DIRECT PLAN - DIVIDEND;INF200KA1HC1;;12.2511;N.A.;N.A.;13-Jan-2018
135778;SBI DUAL ADVANTAGE FUND - SERIES XII - DIRECT PLAN - GROWTH;INF200KA1HB3;;12.2511;N.A.;N.A.;13-Jan-2018
135779;SBI DUAL ADVANTAGE FUND - SERIES XII - REGULAR PLAN - GROWTH;INF200KA1GZ4;;11.9949;N.A.;N.A.;13-Jan-2018
136044;SBI DUAL ADVANTAGE FUND - SERIES XIII - DIRECT PLAN - DIVIDEND;INF200KA1HS7;;12.2213;N.A.;N.A.;13-Jan-2018
136043;SBI DUAL ADVANTAGE FUND - SERIES XIII - DIRECT PLAN - GROWTH;INF200KA1HR9;;12.2213;N.A.;N.A.;13-Jan-2018
136045;SBI DUAL ADVANTAGE FUND - SERIES XIII - REGULAR PLAN - DIVIDEND;INF200KA1HQ1;;11.9793;N.A.;N.A.;13-Jan-2018
136042;SBI DUAL ADVANTAGE FUND - SERIES XIII - REGULAR PLAN - GROWTH;INF200KA1HP3;;11.9792;N.A.;N.A.;13-Jan-2018
140596;SBI DUAL ADVANTAGE FUND - SERIES XIX - DIRECT PLAN - DIVIDEND PAYOUT;INF200KA1LX9;;10.9003;N.A.;N.A.;13-Jan-2018
140597;SBI DUAL ADVANTAGE FUND - SERIES XIX - DIRECT PLAN - GROWTH;INF200KA1LW1;;10.9002;N.A.;N.A.;13-Jan-2018
140598;SBI DUAL ADVANTAGE FUND - SERIES XIX - REGULAR PLAN - DIVIDEND PAYOUT;INF200KA1LV3;;10.8288;N.A.;N.A.;13-Jan-2018
140595;SBI DUAL ADVANTAGE FUND - SERIES XIX - REGULAR PLAN - GROWTH;INF200KA1LU5;;10.8284;N.A.;N.A.;13-Jan-2018
139123;SBI Dual Advantage Fund - Series XV- Direct Plan - Growth;INF200KA1IT3;;11.7330;N.A.;N.A.;13-Jan-2018
139120;SBI Dual Advantage Fund - Series XV- Direct Plan -Dividend Payout;INF200KA1IU1;;11.7329;N.A.;N.A.;13-Jan-2018
139122;SBI Dual Advantage Fund - Series XV- Regular Plan - Dividend Payout;INF200KA1IS5;;11.5114;N.A.;N.A.;13-Jan-2018
139121;SBI Dual Advantage Fund - Series XV- Regular Plan - Growth;INF200KA1IR7;;11.5106;N.A.;N.A.;13-Jan-2018
139531;SBI Dual Advantage Fund - Series XVI - Direct Plan - Dividend Payout;INF200KA1JX3;;11.2795;N.A.;N.A.;13-Jan-2018
139526;SBI Dual Advantage Fund - Series XVI - Direct Plan - Growth;INF200KA1JW5;;11.2815;N.A.;N.A.;13-Jan-2018
139532;SBI Dual Advantage Fund - Series XVI - Regular Plan - Dividend Payout;INF200KA1JV7;;11.1537;N.A.;N.A.;13-Jan-2018
139533;SBI Dual Advantage Fund - Series XVI - Regular Plan - Growth;INF200KA1JU9;;11.1527;N.A.;N.A.;13-Jan-2018
139793;SBI Dual Advantage Fund  XVII - Direct Plan - Dividend Payout;INF200KA1KN2;;11.2128;N.A.;N.A.;13-Jan-2018
139792;SBI Dual Advantage Fund  XVII - Regular Plan - Growth;INF200KA1KK8;;11.1033;N.A.;N.A.;13-Jan-2018
139794;SBI Dual Advantage Fund - Series XVII - Direct Plan - growth;INF200KA1KM4;;11.2125;N.A.;N.A.;13-Jan-2018
139795;SBI Dual Advantage Fund - Series XVII - Regular Plan - Dividend Payout;INF200KA1KL6;;11.1053;N.A.;N.A.;13-Jan-2018
140393;SBI Dual Advantage Fund - Series XVIII - Direct Plan - Dividend Payout;INF200KA1LL4;;11.1232;N.A.;N.A.;13-Jan-2018
140396;SBI Dual Advantage Fund - Series XVIII - Direct Plan - Growth;INF200KA1LK6;;11.2141;N.A.;N.A.;13-Jan-2018
140395;SBI Dual Advantage Fund - Series XVIII - Regular Plan - Dividend Payout;INF200KA1LJ8;;11.0381;N.A.;N.A.;13-Jan-2018
140394;SBI Dual Advantage Fund - Series XVIII - Regular Plan - Growth;INF200KA1LI0;;11.0410;N.A.;N.A.;13-Jan-2018
141350;SBI DUAL ADVANTAGE FUND - SERIES XXII - DIRECT PLAN - DIVIDEND PAYOUT;INF200KA1OR5;;10.5995;N.A.;N.A.;13-Jan-2018
141348;SBI DUAL ADVANTAGE FUND - SERIES XXII - DIRECT PLAN - GROWTH;INF200KA1OQ7;;10.5995;N.A.;N.A.;13-Jan-2018
141347;SBI DUAL ADVANTAGE FUND - SERIES XXII - REGULAR PLAN - DIVIDEND PAYOUT;INF200KA1OP9;;10.5416;N.A.;N.A.;13-Jan-2018
141349;SBI DUAL ADVANTAGE FUND - SERIES XXII - REGULAR PLAN - GROWTH;INF200KA1OO2;;10.5462;N.A.;N.A.;13-Jan-2018
141633;SBI DUAL ADVANTAGE FUND - SERIES XXIII - DIRECT PLAN - DIVIDEND PAYOUT;INF200KA1QZ3;;10.3427;N.A.;N.A.;13-Jan-2018
141634;SBI DUAL ADVANTAGE FUND - SERIES XXIII - DIRECT PLAN - GROWTH;INF200KA1QY6;;10.3441;N.A.;N.A.;13-Jan-2018
141632;SBI DUAL ADVANTAGE FUND - SERIES XXIII - REGULAR PLAN - DIVIDEND PAYOUT;INF200KA1QX8;;10.3097;N.A.;N.A.;13-Jan-2018
141631;SBI DUAL ADVANTAGE FUND - SERIES XXIII - REGULAR PLAN - GROWTH;INF200KA1QW0;;10.3087;N.A.;N.A.;13-Jan-2018
141834;SBI DUAL ADVANTAGE FUND - SERIES XXIV - DIRECT PLAN - DIVIDEND PAYOUT;INF200KA1RL1;;10.2138;N.A.;N.A.;13-Jan-2018
141832;SBI DUAL ADVANTAGE FUND - SERIES XXIV - DIRECT PLAN - GROWTH;INF200KA1RK3;;10.2137;N.A.;N.A.;13-Jan-2018
141831;SBI DUAL ADVANTAGE FUND - SERIES XXIV - REGULAR PLAN - DIVIDEND PAYOUT;INF200KA1RJ5;;10.1931;N.A.;N.A.;13-Jan-2018
141833;SBI DUAL ADVANTAGE FUND - SERIES XXIV - REGULAR PLAN - GROWTH;INF200KA1RI7;;10.1902;N.A.;N.A.;13-Jan-2018
141960;SBI DUAL ADVANTAGE FUND - SERIES XXV - DIRECT PLAN - GROWTH;INF200KA1RS6;;10.0628;N.A.;N.A.;13-Jan-2018
141962;SBI Dual Advantage Fund - Series XXV - Direct Plan - Income Distribution cum Capital Withdrawal Option (IDCW);INF200KA1RT4;;10.0628;N.A.;N.A.;13-Jan-2018
141959;SBI DUAL ADVANTAGE FUND - SERIES XXV - REGULAR PLAN - GROWTH;INF200KA1RQ0;;10.0542;N.A.;N.A.;13-Jan-2018
141961;SBI Dual Advantage Fund - Series XXV - Regular Plan - Income Distribution cum Capital Withdrawal Option (IDCW);INF200KA1RR8;;10.0537;N.A.;N.A.;13-Jan-2018
136358;SBI DUAL ADVANTAGE FUND SERIES XIV- DIRECT PLAN - DIVIDEND PAYOUT;INF200KA1IA3;;12.0273;N.A.;N.A.;13-Jan-2018
136359;SBI DUAL ADVANTAGE FUND SERIES XIV- DIRECT PLAN - GROWTH;INF200KA1HZ2;;12.0272;N.A.;N.A.;13-Jan-2018
136361;SBI DUAL ADVANTAGE FUND SERIES XIV- REGULAR PLAN - DIVIDEND PAYOUT;INF200KA1HY5;;11.7932;N.A.;N.A.;13-Jan-2018
136360;SBI DUAL ADVANTAGE FUND SERIES XIV- REGULAR PLAN - GROWTH;INF200KA1HX7;;11.7906;N.A.;N.A.;13-Jan-2018

Close Ended Schemes ( Growth )


SBI Mutual Fund
131339;SBI EQUITY OPPORTUNITIES FUND - SERIES I - DIRECT PLAN - DIVIDEND;INF200K017S1;;14.1251;N.A.;N.A.;13-Jan-2018
131338;SBI EQUITY OPPORTUNITIES FUND - SERIES I - DIRECT PLAN - GROWTH;INF200K016S3;;16.9308;N.A.;N.A.;13-Jan-2018
131337;SBI EQUITY OPPORTUNITIES FUND - SERIES I - REGULAR PLAN - DIVIDEND;INF200K015S5;;14.0481;N.A.;N.A.;13-Jan-2018
131336;SBI EQUITY OPPORTUNITIES FUND - SERIES I - REGULAR PLAN - GROWTH;INF200K014S8;;16.8106;N.A.;N.A.;13-Jan-2018
135507;SBI EQUITY OPPORTUNITIES FUND -  SERIES IV - REGULAR PLAN - GROWTH;INF200KA1GP5;;17.1562;N.A.;N.A.;13-Jan-2018
135506;SBI EQUITY OPPORTUNITIES FUND - SERIES IV - DIRECT PLAN - GROWTH;INF200KA1GN0;;17.6910;N.A.;N.A.;13-Jan-2018
135509;SBI Equity Opportunities Fund-Series IV - Direct Plan - Income Distribution cum Capital Withdrawal Option (IDCW);INF200KA1GO8;;17.6868;N.A.;N.A.;13-Jan-2018
135508;SBI Equity Opportunities Fund-Series IV - Regular Plan - Income Distribution cum Capital Withdrawal Option (IDCW);INF200KA1GQ3;;17.1559;N.A.;N.A.;13-Jan-2018
