Scheme Code;Scheme Name;ISIN Div Payout/ISIN Growth;ISIN Div Reinvestment;Net Asset Value;Repurchase Price;Sale Price;Date

Open Ended Schemes ( Liquid )


Daiwa Mutual Fund
114516;Daiwa Liquid Fund - Institutional - Daily Dividend;-;INF752K01198;1000.5197;1000.5197;1000.5197;13-Mar-2011
114515;Daiwa Liquid Fund - Institutional - Growth;INF752K01206;-;1092.7464;1092.7464;1092.7464;13-Mar-2011
114517;Daiwa Liquid Fund - Institutional - Weekly Dividend;-;INF752K01214;1000.0000;1000.0000;1000.0000;13-Mar-2011
114519;Daiwa Liquid Fund - Regular - Daily Dividend;;INF752K01222;1000.5200;1000.5200;1000.5200;13-Mar-2011
114514;Daiwa Liquid Fund - Regular - Growth;INF752K01230;;1091.5026;1091.5026;1091.5026;13-Mar-2011
114518;Daiwa Liquid Fund - Regular - Weekly Dividend;;INF752K01248;1001.8765;1001.8765;1001.8765;13-Mar-2011

Deutsche Mutual Fund
105672;DWS INSTA CASH PLUS FUND - Regular Plan BONUS OPTION;INF223J01BH3;;12.1098;12.1098;12.1098;13-Mar-2011
106471;DWS Insta Cash Plus Fund -Growth;INF223J01BP6;;126.7975;126.7975;126.7975;13-Mar-2011
106467;DWS Insta Cash Plus Fund-Daily Dividend;;INF223J01BO9;100.3040;100.3040;100.3040;13-Mar-2011
101718;DWS Insta Cash Plus Fund-DIVIDEND-Daily Dividend;;INF223J01BI1;10.3010;10.3010;10.3010;13-Mar-2011
101717;DWS Insta Cash Plus Fund-DIVIDEND-MONTHLY DIVIDEND;INF223J01BK7;INF223J01BL5;11.2244;11.2244;11.2244;13-Mar-2011
101716;DWS Insta Cash Plus Fund-DIVIDEND-WEEKLY DIVIDEND;INF223J01BM3;INF223J01BN1;10.3565;10.3565;10.3565;13-Mar-2011
101719;DWS Insta Cash Plus Fund-Growth-GROWTH;INF223J01BJ9;;16.3055;16.3055;16.3055;13-Mar-2011
101722;DWS Insta Cash Plus Fund-Institutional Plan-Daily Dividend;;INF223J01BA8;10.0516;10.0516;10.0516;13-Mar-2011
101720;DWS Insta Cash Plus Fund-Institutional Plan-Dividend;INF223J01BE0;INF223J01BD2;10.3348;10.3348;10.3348;13-Mar-2011
101721;DWS Insta Cash Plus Fund-Institutional Plan-Growth;INF223J01BB6;;15.3491;15.3491;15.3491;13-Mar-2011
101723;DWS Insta Cash Plus Fund-Institutional Plan-Weekly Dividend;INF223J01BF7;INF223J01BG5;10.0821;10.0821;10.0821;13-Mar-2011

Edelweiss Mutual Fund
109941;Edelweiss Liquid Fund - Institutional Plan - Daily Dividend Option;;INF754K01AZ9;10.0000;10.0000;10.0000;13-Mar-2011
109945;Edelweiss Liquid Fund - Institutional Plan - Growth Option;INF754K01AV8;;10.0808;10.0808;10.0808;13-Mar-2011
109934;Edelweiss Liquid Fund - Retail Plan - Daily Dividend Option;;INF754K01AS4;10.0000;10.0000;10.0000;13-Mar-2011
109940;Edelweiss Liquid Fund - Retail Plan - Growth Option;INF754K01AO3;;11.3205;11.3205;11.3205;13-Mar-2011
109939;Edelweiss Liquid Fund - Retail Plan - Monthly Dividend Option;INF754K01AP0;INF754K01AR6;10.0251;10.0251;10.0251;13-Mar-2011

Fidelity Mutual Fund
104498;Fidelity Cash Fund - Institutional Plan - Daily Dividend Option;;INF677K01AQ1;10.0025;10.0025;10.0025;13-Mar-2011
104497;Fidelity Cash Fund - Institutional Plan - Growth Option;;;13.2310;13.2310;13.2310;13-Mar-2011
104548;Fidelity Cash Fund - Institutional Plan - Monthly Dividend Option;INF677K01AS7;INF677K01AT5;10.0000;10.0000;10.0000;13-Mar-2011
104546;Fidelity Cash Fund - Institutional Plan - Weekly Dividend Option;;INF677K01AR9;10.1810;10.1810;10.1810;13-Mar-2011
104495;Fidelity Cash Fund - Retail Plan - Daily Dividend option;;INF677K01AL2;10.0025;10.0025;10.0025;13-Mar-2011
104493;Fidelity Cash Fund - Retail Plan - Growth option;;;13.0074;13.0074;13.0074;13-Mar-2011
104547;Fidelity Cash Fund - Retail Plan - Monthly Dividend Option;;;10.0360;10.0360;10.0360;13-Mar-2011
104549;Fidelity Cash Fund - Retail Plan - Weekly Dividend Option;;INF677K01AM0;10.0133;10.0133;10.0133;13-Mar-2011
104494;Fidelity Cash Fund - Super Institutional Plan - Daily Dividend Option;;INF677K01AV1;10.2330;10.2330;10.2330;13-Mar-2011
104496;Fidelity Cash Fund - Super Institutional Plan - Growth Option;INF677K01AU3;;13.3045;13.3045;13.3045;13-Mar-2011
104551;Fidelity Cash Fund - Super Institutional Plan - Monthly Dividend Option;INF677K01AX7;INF677K01AY5;10.0000;10.0000;10.0000;13-Mar-2011
104550;Fidelity Cash Fund - Super Institutional Plan - Weekly Dividend Option;;INF677K01AW9;10.0000;10.0000;10.0000;13-Mar-2011

ING Mutual Fund
100198;ING Liquid Fund-Institutional Daily Dividend Option;INF084M01473;;10.0121;10.0121;10.0121;13-Mar-2011
100196;ING Liquid Fund-Institutional Growth Option;INF084M01465;;15.3031;15.3031;15.3031;13-Mar-2011
100197;ING Liquid Fund-Institutional Weekly Dividend Option;INF084M01499;INF084M01481;10.0670;10.0670;10.0670;13-Mar-2011
100192;ING Liquid Fund-Regular Daily Dividend Option;INF084M01432;;10.7873;10.7873;10.7873;13-Mar-2011
100190;ING Liquid Fund-Regular Growth Option;INF084M01424;;20.3972;20.3972;20.3972;13-Mar-2011
100191;ING Liquid Fund-Regular Weekly Dividend Option;INF084M01457;INF084M01440;10.8382;10.8382;10.8382;13-Mar-2011
100200;ING Liquid Fund-Super Institutional Daily Dividend Option;INF084M01515;;10.0048;10.0048;10.0048;13-Mar-2011
100199;ING Liquid Fund-Super Institutional Growth Option;INF084M01507;;14.5770;14.5770;14.5770;13-Mar-2011
100201;ING Liquid Fund-Super Institutional Weekly Dividend Option;INF084M01531;INF084M01523;10.0000;10.0000;10.0000;13-Mar-2011

Invesco Mutual Fund
106502;Religare Invesco Overnight Fund - Daily Dividend Reinvestment;;INF205K01HS2;1000.0048;1000.0048;1000.0048;13-Mar-2011
106501;Religare Invesco Overnight Fund - Growth;INF205K01HR4;;1167.4744;1167.4744;1167.4744;13-Mar-2011

JM Financial Mutual Fund
101420;JM Floater Short Term Fund - Daily Dividend Option;;INF192K01767;10.0883;10.0883;10.0883;13-Mar-2011
101421;JM Floater Short Term Fund - Growth Option;INF192K01775;;15.6365;15.6365;15.6365;13-Mar-2011

JPMorgan Mutual Fund
106562;JPMorgan India Liquid Fund - Retail Plan - Daily Dividend Option;;INF843K01203;10.0150;10.0150;10.0150;13-Mar-2011
109178;JPMorgan India Liquid Fund - Retail Plan - Fortnightly Dividend Option;;INF843K01229;10.0277;10.0277;10.0277;13-Mar-2011
106561;JPMorgan India Liquid Fund - Retail Plan - Growth Option;INF843K01195;;11.6118;11.6118;11.6118;13-Mar-2011
109179;JPMorgan India Liquid Fund - Retail Plan - Monthly Dividend Option;;INF843K01237;10.0487;10.0487;10.0487;13-Mar-2011
109177;JPMorgan India Liquid Fund - Retail Plan - Weekly Dividend Option;;INF843K01211;10.0259;10.0259;10.0259;13-Mar-2011
110149;JPMorgan India Liquid Fund - Super Institutional Plan - Daily Dividend Option;;INF843K01153;10.0079;10.0079;10.0079;13-Mar-2011
110150;JPMorgan India Liquid Fund - Super Institutional Plan - Growth Option;INF843K01146;;12.6495;12.6495;12.6495;13-Mar-2011
110151;JPMorgan India Liquid Fund - Super Institutional Plan - Monthly Dividend Option;INF843K01500;INF843K01187;10.0672;10.0672;10.0672;13-Mar-2011
110153;JPMorgan India Liquid Fund - Super Institutional Plan - Weekly Dividend Option;INF843K01484;INF843K01161;10.0502;10.0502;10.0502;13-Mar-2011

L&T Mutual Fund
112468;L&T Liquid Fund - Regular Weekly Dividend;;INF917K01BE5;11.9984;11.9984;11.9984;13-Mar-2011

Mirae Asset Mutual Fund
107646;Mirae Asset Liquid Fund- Regular Plan - Daily Dividend;;INF769K01606;987.4336;987.4336;987.4336;13-Mar-2011
107648;Mirae Asset Liquid Fund- Regular Plan - Growth;INF769K01572;;1037.0253;1037.0253;1037.0253;13-Mar-2011
107649;Mirae Asset Liquid Fund- Regular Plan - Monthly Dividend;INF769K01630;INF769K01622;990.8808;990.8808;990.8808;13-Mar-2011
107647;Mirae Asset Liquid Fund- Regular Plan - Weekly Dividend;;INF769K01614;989.8865;989.8865;989.8865;13-Mar-2011

PGIM India Mutual Fund
113184;DHFL Pramerica Liquid Fund - Dividend Option - Daily;;INF663L01088;1000.0450;1000.0450;1000.0450;13-Mar-2011
113187;DHFL Pramerica Liquid Fund - Dividend Option - Fortnightly;INF663L01120;INF663L01104;1000.4516;1000.4516;1000.4516;13-Mar-2011
113186;DHFL Pramerica Liquid Fund - Dividend Option - Monthly;INF663L01138;INF663L01112;1003.1929;1003.1929;1003.1929;13-Mar-2011
113183;DHFL Pramerica Liquid Fund - Growth Option;INF663L01070;;1041.0186;1041.0186;1041.0186;13-Mar-2011
113185;DHFL Pramerica Liquid Fund -Dividend Option- Weekly;;INF663L01096;1001.1391;1001.1391;1001.1391;13-Mar-2011

PineBridge Mutual Fund
106513;PineBridge India Liquid Fund- Standard Plan-Daily Dividend Option;;INF178L01699;1001.0000;1001.0000;1001.0000;13-Mar-2011
106508;PineBridge India Liquid Fund- Standard Plan-Growth Option;INF178L01715;;1255.4303;1255.4303;1255.4303;13-Mar-2011
106509;PineBridge India Liquid Fund- Standard Plan-Weekly Dividend Option;;INF178L01764;1002.3628;1002.3628;1002.3628;13-Mar-2011
106506;PineBridge India Liquid Fund-Institutional Plan-Daily Dividend Option;;INF178L01616;1001.0000;1001.0000;1001.0000;13-Mar-2011
106511;PineBridge India Liquid Fund-Institutional Plan-Growth Option;INF178L01632;;1251.0758;1251.0758;1251.0758;13-Mar-2011
106507;PineBridge India Liquid Fund-Institutional Plan-Weekly Dividend Option;;INF178L01681;1002.3466;1002.3466;1002.3466;13-Mar-2011
106503;PineBridge India Liquid Fund-Retail Plan-DailyDividend Option;;INF178L01533;1001.0000;1001.0000;1001.0000;13-Mar-2011
106514;PineBridge India Liquid Fund-Retail Plan-Growth Option;INF178L01558;;1237.8560;1237.8560;1237.8560;13-Mar-2011
106504;PineBridge India Liquid Fund-Retail Plan-Monthly Dividend Option;INF178L01566;INF178L01574;1004.4328;1004.4328;1004.4328;13-Mar-2011
106516;PineBridge India Liquid Fund-Retail Plan-Quarterly Dividend Option;INF178L01582;INF178L01590;1019.6354;1019.6354;1019.6354;13-Mar-2011
106510;PineBridge India Liquid Fund-Retail Plan-Weekly Dividend Option;;INF178L01608;1002.2971;1002.2971;1002.2971;13-Mar-2011

Sahara Mutual Fund
101397;Sahara Liquid Fund-Fixed Pricing -  Weekly Dividend Option;;INF515L01064;1027.4373;1027.4373;1027.4373;13-Mar-2011
101393;Sahara Liquid Fund-Fixed Pricing - Daily Dividend Option;;INF515L01049;1024.9075;1024.9075;1024.9075;13-Mar-2011
101394;Sahara Liquid Fund-Fixed Pricing - Growth option;INF515L01056;;1769.0649;1769.0649;1769.0649;13-Mar-2011
101398;Sahara Liquid Fund-Fixed Pricing - Monthly Dividend Option;;INF515L01072;1028.3131;1028.3131;1028.3131;13-Mar-2011
101399;Sahara Liquid Fund-Variable Pricing - Daily Dividend option;;INF515L01080;1024.9282;1024.9282;1024.9282;13-Mar-2011
101402;Sahara Liquid Fund-Variable Pricing - Growth option;INF515L01114;;1783.1352;1783.1352;1783.1352;13-Mar-2011
101400;Sahara Liquid Fund-Variable Pricing - Weekly Dividend Option;;INF515L01098;1025.1723;1025.1723;1025.1723;13-Mar-2011
101401;Sahara Liquid Fund-Variable Pricing- Monthly Dividend Option;;INF515L01106;1028.6386;1028.6386;1028.6386;13-Mar-2011

Tata Mutual Fund
101987;Tata Liquid Fund Reglar Plan - Monthly Dividend;INF277K01LR5;INF277K01LS3;1006.4279;1006.4279;1006.4279;13-Mar-2011
101861;Tata Liquid Fund-Regular Plan  - Weekly Dividend;INF277K016C5;;1151.7918;1151.7918;1151.7918;13-Mar-2011
101984;Tata Liquid High Investment Plan - Daily;;;1114.3379;1114.3379;1114.3379;13-Mar-2011
101860;Tata Liquid High Investment Plan - Growth;INF277K01LN4;;1615.7493;1615.7493;1615.7493;13-Mar-2011
101985;Tata Liquid High Investment Plan - Monthly;INF277K01LO2;INF277K01LP9;1022.3923;1022.3923;1022.3923;13-Mar-2011
101859;Tata Liquid High Investment Plan - Weekly;;;1147.7449;1147.7449;1147.7449;13-Mar-2011
101982;Tata Liquid Retail Investment PLan - Daily;;;1116.8143;1116.8143;1116.8143;13-Mar-2011
101983;Tata Liquid Retail Investment Plan - Fortnightly;;;1148.1065;1148.1065;1148.1065;13-Mar-2011
101858;Tata Liquid Retail Investment Plan - Growth;INF277K01LM6;;2232.5454;2232.5454;2232.5454;13-Mar-2011
103631;Tata Liquidity Management Fund - Regular Plan - Daily Dividend;;;1002.6089;1002.6089;1002.6089;13-Mar-2011
103632;Tata Liquidity Management Fund - Regular Plan - Growth;INF277K01LW5;;1321.1233;1321.1233;1321.1233;13-Mar-2011
103519;Tata Liquidity Management Fund - Regular Plan  -Weekly Dividend;;;1006.3316;1006.3316;1006.3316;13-Mar-2011

Open Ended Schemes ( Money Market )


Tata Mutual Fund
102152;Tata Money Market Fund Regular (Bonus / Dividend);;;10.1605;10.1605;10.1605;13-Mar-2011
102153;Tata Money Market Fund Regular (Growth);INF277K01LY1;;15.6041;15.6041;15.6041;13-Mar-2011

Open Ended Schemes ( Floating Rate )


HSBC Mutual Fund
102836;HSBC Floating Rate Fund - Short Term - Inst. - Dividend - Daily;;;0.0000;0.0000;0.0000;13-Mar-2011
102838;HSBC Floating Rate Fund - Short Term - Inst. - Dividend - Monthly;;;0.0000;0.0000;0.0000;13-Mar-2011
102837;HSBC Floating Rate Fund - Short Term - Inst. - Dividend - Weekly;;;0.0000;0.0000;0.0000;13-Mar-2011
102835;HSBC Floating Rate Fund - Short Term - Inst. - Growth;;;14.4624;14.4624;14.4624;13-Mar-2011
102840;HSBC Floating Rate Fund - Short Term - Inst. Plus - Dividend - Daily;;;0.0000;0.0000;0.0000;13-Mar-2011
102842;HSBC Floating Rate Fund - Short Term - Inst. Plus - Dividend - Monthly;;;0.0000;0.0000;0.0000;13-Mar-2011
102841;HSBC Floating Rate Fund - Short Term - Inst. Plus - Dividend - Weekly;;;0.0000;0.0000;0.0000;13-Mar-2011
102839;HSBC Floating Rate Fund - Short Term - Inst. Plus - Growth;;;0.0000;0.0000;0.0000;13-Mar-2011
102833;HSBC Floating Rate Fund - Short Term - Regular - Dividend - Daily;;;10.0000;10.0000;10.0000;13-Mar-2011
102834;HSBC Floating Rate Fund - Short Term - Regular - Dividend - Weekly;;;10.0186;10.0186;10.0186;13-Mar-2011
102832;HSBC Floating Rate Fund - Short Term - Regular - Growth;;;14.2996;14.2996;14.2996;13-Mar-2011

Open Ended Schemes ( Debt Scheme - Overnight Fund )


HDFC Mutual Fund
101996;HDFC Overnight Fund - Growth Option;INF179KB1HS3;;16.0516;16.0516;16.0516;13-Mar-2011
101997;HDFC Overnight Fund - IDCW Option (Daily);;INF179KB1IF8;10.4266;10.4266;10.4266;13-Mar-2011

SBI Mutual Fund
114297;SBI Overnight Fund - Regular Plan - Daily Income Distribution cum Capital Withdrawal Option (IDCW);;INF200K01LN6;10.0991;10.0991;10.0991;13-Mar-2011
101206;SBI OVERNIGHT FUND - REGULAR PLAN - GROWTH;INF200K01LQ9;;16.8530;16.8530;16.8530;13-Mar-2011
103140;SBI Overnight Fund - Regular Plan - Weekly Income Distribution cum Capital Withdrawal Option (IDCW);INF200K01LO4;INF200K01LP1;10.3139;10.3139;10.3139;13-Mar-2011

Open Ended Schemes ( Debt Scheme - Liquid Fund )


Aditya Birla Sun Life Mutual Fund
100047;Aditya Birla Sun Life Liquid Fund - Growth;INF209K01RU9;;15.6274;15.6274;15.6274;13-Mar-2011
100046;Aditya Birla Sun Life Liquid Fund -Daily IDCW;INF209K01KQ2;INF209K01SQ5;10.0195;10.0195;10.0195;13-Mar-2011
100041;Aditya Birla Sun Life Liquid Fund -Institutional - IDCW;;INF209K01KN9;10.8023;10.8023;10.8023;13-Mar-2011
100048;Aditya Birla Sun Life Liquid Fund -Institutional - weekly  IDCW;INF209KA1LK7;INF209K01KY6;10.8114;10.8114;10.8114;13-Mar-2011
100044;Aditya Birla Sun Life Liquid Fund -Retail - IDCW;;INF209K01KP4;16.3694;16.3694;16.3694;13-Mar-2011
100051;Aditya Birla Sun Life Liquid Fund -weekly IDCW;INF209K01KU4;INF209KA1LJ9;10.0270;10.0270;10.0270;13-Mar-2011
112014;Aditya Birla Sun Life Liquid Fund- Discipline Advantage Plan;INF209K01KZ3;;10.8096;10.8096;10.8096;13-Mar-2011
100043;Aditya Birla Sun Life Liquid Fund-Institutional (Growth);INF209K01RT1;;26.2692;26.2692;26.2692;13-Mar-2011
100042;Aditya Birla Sun Life Liquid Fund-Retail (Growth);INF209K01ME4;;25.7945;25.7945;25.7945;13-Mar-2011

Axis Mutual Fund
112211;Axis Liquid Fund - Regular Plan - Daily IDCW;;INF846K01420;1000.0684;1000.0684;1000.0684;13-Mar-2011
112210;Axis Liquid Fund - Regular Plan - Growth Option;INF846K01412;;1081.9519;1081.9519;1081.9519;13-Mar-2011
112213;Axis Liquid Fund - Regular Plan - Monthly IDCW;INF846K01453;INF846K01461;1003.6179;1003.6179;1003.6179;13-Mar-2011
112212;Axis Liquid Fund - Regular Plan - Weekly IDCW;INF846K01438;INF846K01446;1003.4169;1003.4169;1003.4169;13-Mar-2011
112712;Axis Liquid Fund - Retail Plan - Daily IDCW;;INF846K01362;1000.0597;1000.0597;1000.0597;13-Mar-2011
112713;Axis Liquid Fund - Retail Plan - Growth Option;INF846K01354;;1063.1041;1063.1041;1063.1041;13-Mar-2011
112714;Axis Liquid Fund - Retail Plan - Monthly IDCW;INF846K01396;INF846K01404;1003.5296;1003.5296;1003.5296;13-Mar-2011
112715;Axis Liquid Fund - Retail Plan - Weekly IDCW;INF846K01370;INF846K01388;1001.3580;1001.3580;1001.3580;13-Mar-2011

Bandhan Mutual Fund
108692;BANDHAN LIQUID Fund - Regular Plan - Daily IDCW;INF194K01VZ4;INF194K01VY7;10.0025;10.0025;10.0025;13-Mar-2011
108690;BANDHAN LIQUID Fund - Regular Plan - Growth;INF194K01VX9;;11.8751;11.8751;11.8751;13-Mar-2011
108779;BANDHAN Liquid Fund-Plan A-Dividend (Daily);INF194K01VC3;INF194K01VB5;10.5819;10.5819;10.5819;13-Mar-2011
108778;BANDHAN Liquid Fund-Plan A-Growth;INF194K01UX1;;17.3413;17.3413;17.3413;13-Mar-2011
108607;BANDHAN Liquid Fund - Plan A-Dividend (Weekly);INF194K01VI0;INF194K01VH2;10.0144;10.0144;10.0144;13-Mar-2011
108781;BANDHAN Liquid Fund - Plan B (G) (Institutional Plan);INF194K01VK6;;17.4865;17.4865;17.4865;13-Mar-2011
108681;BANDHAN Liquid Fund - Plan B-Daily-Dividend(Institutional Plan);INF194K01VM2;INF194K01VL4;10.5873;10.5873;10.5873;13-Mar-2011

Bank of India Mutual Fund
109257;BANK OF INDIA Liquid Fund- Institutional Plan- Daily Dividend;;;1000.0000;1000.0000;1000.0000;13-Mar-2011
109256;BANK OF INDIA Liquid Fund- Institutional Plan-Growth;INF761K01314;;1163.5152;1163.5152;1163.5152;13-Mar-2011
111971;BANK OF INDIA Liquid Fund- Regular Plan- Daily IDCW;;INF761K01CO4;1000.0000;1000.0000;1000.0000;13-Mar-2011
109254;BANK OF INDIA Liquid Fund- Regular Plan- Growth;INF761K01306;;1148.9136;1148.9136;1148.9136;13-Mar-2011
109255;BANK OF INDIA Liquid Fund- Regular Plan- Weekly IDCW;;INF761K01CP1;1000.9999;1000.9999;1000.9999;13-Mar-2011
109263;BANK OF INDIA Liquid Fund- Super Institutional Plan-Daily Dividend;;;1000.0000;1000.0000;1000.0000;13-Mar-2011
109258;BANK OF INDIA Liquid Fund- Super Institutional Plan-Growth;INF761K01322;;1167.8105;1167.8105;1167.8105;13-Mar-2011
109262;BANK OF INDIA Liquid Fund-Institutional Plan-Weekly Dividend;;;1001.0013;1001.0013;1001.0013;13-Mar-2011

Baroda BNP Paribas Mutual Fund
111707;Baroda BNP Paribas LIQUID FUND - Regular Plan - DAILY IDCW OPTION;INF955L01468;INF955L01476;1000.6300;1000.6300;1000.6300;13-Mar-2011
111704;Baroda BNP Paribas LIQUID FUND - Regular Plan - GROWTH OPTION;INF955L01484;;1118.2741;1118.2741;1118.2741;13-Mar-2011
101408;Baroda BNP Paribas LIQUID FUND- Defunct Plan -Growth Option;INF955L01575;;1694.9259;1694.9259;1694.9259;13-Mar-2011
101407;Baroda BNP Paribas LIQUID FUND-Defunct Plan- IDCW Option;INF955L01559;INF955L01567;1452.1410;1452.1410;1452.1410;13-Mar-2011
101409;Baroda BNP Paribas LIQUID FUND-Defunct Plan-Daily IDCW Option;INF955L01518;INF955L01526;1006.0600;1006.0600;1006.0600;13-Mar-2011

BNP Paribas Mutual Fund
113641;BNP PARIBAS LIQUID Fund-Institutional Plan-Daily Dividend Option;;;10.0030;10.0030;10.0030;13-Mar-2011
113634;BNP PARIBAS LIQUID Fund-Institutional Plan-Growth Option;;;14.9969;14.9969;14.9969;13-Mar-2011
113638;BNP PARIBAS LIQUID Fund-Institutional Plan-Monthly Dividend Payout Option;;;10.0297;10.0297;10.0297;13-Mar-2011
113642;BNP PARIBAS LIQUID Fund-Institutional Plan-Weekly Dividend Option;;;10.0070;10.0070;10.0070;13-Mar-2011
113633;BNP PARIBAS LIQUID Fund-Institutional Plus Plan-Daily Dividend Option;;;0.0000;0.0000;0.0000;13-Mar-2011
113639;BNP PARIBAS LIQUID Fund-Institutional Plus Plan-Growth Option;;;0.0000;0.0000;0.0000;13-Mar-2011
113635;BNP PARIBAS LIQUID Fund-Institutional Plus Plan-Monthly Dividend Option;;;0.0000;0.0000;0.0000;13-Mar-2011
113636;BNP PARIBAS LIQUID Fund-Institutional Plus Plan-Weekly Dividend Option;;;0.0000;0.0000;0.0000;13-Mar-2011
113640;BNP PARIBAS LIQUID Fund-Regular Plan-Growth Option;INF251K01CI8;;14.6179;14.6179;14.6179;13-Mar-2011
113632;BNP PARIBAS LIQUID Fund-Regular Plan-Monthly Dividend;INF251K01CK4;INF251K01CL2;10.0277;10.0277;10.0277;13-Mar-2011
113637;BNP PARIBAS LIQUID Fund-Regular Plan-Weekly Dividend Option;;INF251K01CJ6;10.0067;10.0067;10.0067;13-Mar-2011

Canara Robeco Mutual Fund
109349;CANARA ROBECO LIQUID FUND - REGULAR PLAN - DAILY IDCW (Reinvestment);;INF760K01CU3;10.0550;10.0550;10.0550;13-Mar-2011
109353;CANARA ROBECO LIQUID FUND - REGULAR PLAN - GROWTH OPTION;INF760K01CW9;;11.8708;11.8708;11.8708;13-Mar-2011
109350;CANARA ROBECO LIQUID FUND - REGULAR PLAN - WEEKLY IDCW (Payout/Reinvestment);INF760K01BZ4;INF760K01CZ2;10.0550;10.0550;10.0550;13-Mar-2011
101363;Canara Robeco Liquid Fund- INSTITUTIONAL-Daily Dividend Reinvestment;;INF760K01CC1;10.0550;10.0550;10.0550;13-Mar-2011
101362;Canara Robeco Liquid Fund- INSTITUTIONAL-Growth;INF760K01CD9;;17.7087;17.7087;17.7087;13-Mar-2011
101361;Canara Robeco Liquid Fund- INSTITUTIONAL-Weekly dividend;;INF760K01CE7;10.0550;10.0550;10.0550;13-Mar-2011
109357;Canara Robeco Liquid Fund-Institutional-Fortnightly Div Reinvest;;INF760K01860;10.0550;10.0550;10.0550;13-Mar-2011
109355;Canara Robeco Liquid Fund-Regular Plan-Fortnightly Div Reinvest.;;INF760K01951;10.0550;10.0550;10.0550;13-Mar-2011
101364;Canara Robeco Liquid Fund-Retail-DRI;;INF760K01CF4;10.0700;10.0700;10.0700;13-Mar-2011
109346;Canara Robeco Liquid Fund-Retail-Fortnightly Div Reinvest;;INF760K01CG2;10.0775;10.0775;10.0775;13-Mar-2011
101365;Canara Robeco Liquid Fund-Retail-Growth;INF760K01CH0;;17.6363;17.6363;17.6363;13-Mar-2011
109347;Canara Robeco Liquid Fund-Retail-Monthly Div Reinvest;;INF760K01CI8;10.0919;10.0919;10.0919;13-Mar-2011
109356;Canara Robeco Liquid Fund-Retail-Weekly Div Reinvest;;INF760K01CJ6;10.0633;10.0633;10.0633;13-Mar-2011

DSP Mutual Fund
103347;DSP Liquidity Fund - Regular Plan - Growth;INF740K01FK9;;1397.9206;1397.9206;1397.9206;13-Mar-2011
103348;DSP Liquidity Fund - Regular Plan - IDCW - Weekly;INF740K01FM5;INF740K01FL7;1000.8841;1000.8841;1000.8841;13-Mar-2011
103349;DSP Liquidity Fund- Regular Plan - IDCW - Daily;;INF740KA1OE0;1000.3161;1000.3161;1000.3161;13-Mar-2011
100943;DSP BlackRock Liquidity Fund - Regular Plan - Daily Dividend;;;10.0100;10.0100;10.0100;13-Mar-2011
100940;DSP BlackRock Liquidity Fund - Regular Plan - Growth;INF740K01CN0;;23.1726;23.1726;23.1726;13-Mar-2011
100941;DSP BlackRock Liquidity Fund - Regular Plan Weekly Dividend;;;12.4187;12.4187;12.4187;13-Mar-2011

Franklin Templeton Mutual Fund
100543;Franklin India Liquid Fund - Liquid Plan - Daily IDCW;;;1000.6730;1000.6730;1000.6730;13-Mar-2011
100544;Franklin India Liquid Fund - Liquid Plan - Growth;;;1458.0787;1458.0787;1458.0787;13-Mar-2011
100542;Franklin India Liquid Fund - Liquid Plan - Weekly Dividend;;;1000.5749;1000.5749;1000.5749;13-Mar-2011
100541;Franklin India Liquid Fund - Regular Plan - Daily - IDCW;;INF090I01BA3;1512.3400;1512.3400;1512.3400;13-Mar-2011
100538;Franklin India Liquid Fund - Regular Plan - Growth;INF090I01BB1;;2394.2454;2394.2454;2394.2454;13-Mar-2011
100537;Franklin India Liquid Fund - Regular Plan - Weekly - IDCW;INF090I01BL0;INF090I01BI6;1244.3238;1244.3238;1244.3238;13-Mar-2011
100547;Franklin India Liquid Fund - Super Institutional Plan - Daily - IDCW;;INF090I01BF2;1000.6730;1000.6730;1000.6730;13-Mar-2011
100546;Franklin India Liquid Fund - Super Institutional Plan - Growth;INF090I01BG0;;1451.5018;1451.5018;1451.5018;13-Mar-2011
100548;Franklin India Liquid Fund - Super Institutional Plan - Weekly - IDCW;INF090I01BM8;INF090I01BH8;1021.1243;1021.1243;1021.1243;13-Mar-2011
102441;Franklin India Liquid Fund - Institution-Growth;INF090I01BD7;;1521.4649;1521.4649;1521.4649;13-Mar-2011
102443;Franklin India Liquid Fund - Institutional Plan - Daily - IDCW;;INF090I01BC9;1000.6730;1000.6730;1000.6730;13-Mar-2011
102442;Franklin India Liquid Fund - Institutional Plan - Weekly - IDCW;INF090I01BJ4;INF090I01BE5;1054.7186;1054.7186;1054.7186;13-Mar-2011

HDFC Mutual Fund
100868;HDFC Liquid Fund - Growth Plan;INF179KB1HK0;;19.2976;19.2976;19.2976;13-Mar-2011
100875;HDFC Liquid Fund - IDCW Daily;;INF179KB1IC5;10.1982;10.1982;10.1982;13-Mar-2011
100876;HDFC Liquid Fund - IDCW Monthly;INF179KB1HM6;INF179KB1HL8;10.2924;10.2924;10.2924;13-Mar-2011
100874;HDFC Liquid Fund - IDCW Plan Weekly;INF179KB1ID3;;10.3238;10.3238;10.3238;13-Mar-2011
100877;HDFC Liquid Fund-Premium Plan - Dividend-Daily;;INF179K01KN4;12.2598;12.2598;12.2598;13-Mar-2011
100878;HDFC Liquid Fund-Premium Plan - Dividend-Weekly;INF179K01KP9;;10.1382;10.1382;10.1382;13-Mar-2011
100881;HDFC Liquid Fund-Premium Plus Plan - Dividend-Weekly;INF179K01KS3;;10;10;10;13-Mar-2011
100872;HDFC Liquid Fund-PREMIUM PLUS- Growth;INF179K01KQ7;;19.6083;19.6083;19.6083;13-Mar-2011
100873;HDFC Liquid Fund-PREMIUM- Growth;INF179KB1HN4;;19.5688;19.5688;19.5688;13-Mar-2011

HSBC Mutual Fund
101700;HSBC Cash Fund - Dividend - Daily;;INF336L01321;10.0056;10.0056;10.0056;13-Mar-2011
101702;HSBC Cash Fund - Dividend - Monthly;INF336L01305;INF336L01297;10.1094;10.1094;10.1094;13-Mar-2011
101701;HSBC Cash Fund - Dividend - Weekly;;INF336L01347;10.2385;10.2385;10.2385;13-Mar-2011
101692;HSBC Cash Fund - Inst. - Dividend - Daily;;INF336L01354;10.4401;10.4401;10.4401;13-Mar-2011
101694;HSBC Cash Fund - Inst. - Dividend - Monthly;INF336L01370;INF336L01362;10.5541;10.5541;10.5541;13-Mar-2011
101693;HSBC Cash Fund - Inst. - Dividend - Weekly;;INF336L01388;10.4676;10.4676;10.4676;13-Mar-2011
101691;HSBC Cash Fund - Inst. - Growth;INF336L01289;;15.8186;15.8186;15.8186;13-Mar-2011
101697;HSBC Cash Fund - Regular - Dividend - Daily;;INF336L01263;10.1930;10.1930;10.1930;13-Mar-2011
101698;HSBC Cash Fund - Regular - Dividend - Weekly;;INF336L01313;10.0207;10.0207;10.0207;13-Mar-2011
101696;HSBC Liquid Fund - Growth closed plan;INF336L01271;;15.6374;15.6374;15.6374;13-Mar-2011
101699;HSBC Liquid Fund Closed;INF336L01339;;14.9580;14.9580;14.9580;13-Mar-2011

ICICI Prudential Mutual Fund
100357;ICICI Prudential Liquid Fund -Quarterly IDCW;INF109K01UU5;INF109K01UT7;101.7063;101.7063;101.7063;13-Mar-2011
100359;ICICI Prudential Liquid Institutional Plus Fund - Div - Daily;INF109K01VJ6;;118.5150;118.5150;118.5150;13-Mar-2011
100360;ICICI Prudential Liquid Institutional Plus Fund - Div - Weekly;INF109K01VM0;;118.7371;118.7371;118.7371;13-Mar-2011
100362;ICICI Prudential Liquid Institutional Plus Fund - Growth;INF109K01VK4;;241.1345;241.1345;241.1345;13-Mar-2011
103343;ICICI Prudential Liquid Fund - Daily IDCW;INF109K01VP3;;100.0226;100.0226;100.0226;13-Mar-2011
103340;ICICI Prudential Liquid Fund - Growth;INF109K01VQ1;;144.3915;144.3915;144.3915;13-Mar-2011
104308;ICICI Prudential Liquid Fund - Half Yearly IDCW;INF109K01UX9;INF109K01UW1;103.1494;103.1494;103.1494;13-Mar-2011
103344;ICICI Prudential Liquid Fund - Institutional Option - I;INF109K01VH0;;140.9615;140.9615;140.9615;13-Mar-2011
103342;ICICI Prudential Liquid Fund - Weekly IDCW;INF109K01VS7;;100.2948;100.2948;100.2948;13-Mar-2011
103341;ICICI Prudential Liquid Fund -Monthly IDCW;INF109K01VR9;;100.4153;100.4153;100.4153;13-Mar-2011
101748;ICICI Prudential Liquid Fund - Institutional - Daily - Div;INF109K01VE7;;118.5020;118.5020;118.5020;13-Mar-2011
101749;ICICI Prudential Liquid Fund - Institutional - Monthly - Div;;INF109K01VG2;100.4444;100.4444;100.4444;13-Mar-2011
101753;ICICI Prudential Liquid Fund - Institutional - Weekly - Div;INF109K01VI8;;118.6059;118.6059;118.6059;13-Mar-2011
101754;ICICI Prudential Liquid Fund Retail Daily Dividend;INF109K01UR1;;118.5140;118.5140;118.5140;13-Mar-2011
101750;ICICI Prudential Liquid Fund Retail Growth;INF109K01UQ3;;234.5802;234.5802;234.5802;13-Mar-2011
101755;ICICI Prudential Liquid Fund Retail Monthly Dividend;INF109K01US9;;100.4608;100.4608;100.4608;13-Mar-2011
101752;ICICI Prudential Liquid Fund Retail Weekly Dividend;INF109K01UV3;;118.9721;118.9721;118.9721;13-Mar-2011
101751;ICICI Prudential Liquid Institutional Fund - Growth;INF109K01VF4;;239.5518;239.5518;239.5518;13-Mar-2011

IDBI Mutual Fund
113104;IDBI Liquid Fund- Monthly IDCW;INF397L01976;INF397L01968;1003.4914;1003.4914;1003.4914;13-Mar-2011
113102;IDBI Liquid Fund-Daily IDCW;;INF397L01935;1000.0000;1000.0000;1000.0000;13-Mar-2011
113096;IDBI Liquid Fund-Growth;INF397L01984;;1047.5315;1047.5315;1047.5315;13-Mar-2011
113103;IDBI Liquid Fund-Weekly IDCW;INF397L01950;INF397L01943;1000.2200;1000.2200;1000.2200;13-Mar-2011

Invesco Mutual Fund
104484;Invesco India Liquid Fund - Daily IDCW (Reinvestment);;INF205K01HN3;1000.7849;1000.7849;1000.7849;13-Mar-2011
104486;Invesco India Liquid Fund - Growth;INF205K01HM5;;1341.2007;1341.2007;1341.2007;13-Mar-2011
104488;Invesco India Liquid Fund - Regular - Growth;INF205K01HG7;;1318.8815;1318.8815;1318.8815;13-Mar-2011
104489;Invesco India Liquid Fund - Regular - Weekly IDCW (Reinvestment);;INF205K01HH5;1001.6141;1001.6141;1001.6141;13-Mar-2011
104483;Religare Invesco Liquid Fund - Institutional - Daily Dividend;;INF205K01HJ1;1000.2250;1000.2250;1000.2250;13-Mar-2011
104491;Religare Invesco Liquid Fund - Institutional - Growth;INF205K01HI3;;1333.6446;1333.6446;1333.6446;13-Mar-2011

JM Financial Mutual Fund
100241;JM High Liquidity Fund-- Institutional Plan - Dividend;INF192K01924;INF192K01932;10.5599;10.5599;10.5599;13-Mar-2011
100237;JM High Liquidity Fund-- Institutional Plan - Growth;INF192K01940;;16.0736;16.0736;16.0736;13-Mar-2011
100238;JM High Liquidity Fund-Institutional Plan - Daily Dividend;;INF192K01916;10.0159;10.0159;10.0159;13-Mar-2011
100245;JM High Liquidity Fund-Super Institutional Plan- Daily Dividend;;INF192K01957;10.0165;10.0165;10.0165;13-Mar-2011
100246;JM High Liquidity Fund-Super Institutional Plan- Weekly  Dividend;INF192K01965;INF192K01973;10.0000;10.0000;10.0000;13-Mar-2011
100244;JM Liquid Fund (Regular) - Quarterly IDCW;INF192K01866;INF192K01874;15.0791;15.0791;15.0791;13-Mar-2011
100247;JM Liquid Fund (Regular) - Super Institutional Plan - Growth Option;INF192K01981;;15.2836;15.2836;15.2836;13-Mar-2011
100233;JM Liquid Fund (Regular) - Weekly IDCW;INF192K01841;INF192K01858;10.8054;10.8054;10.8054;13-Mar-2011
100234;JM Liquid Fund - Growth Option;INF192K01882;;26.6412;26.6412;26.6412;13-Mar-2011
101549;JM Liquid Fund (Regular) - Bonus Option - Principal Units;INF192K01890;;13.9903;13.9903;13.9903;13-Mar-2011
101078;JM Liquid Fund (Regular) - Daily IDCW;;INF192K01833;10.4302;10.4302;10.4302;13-Mar-2011

Kotak Mahindra Mutual Fund
100833;Kotak Liquid Fund - Regular  - Daily Reinvestment of Income Distribution cum capital withdrawal option;;INF174K01NL3;12.2281;12.2281;12.2281;13-Mar-2011
100835;Kotak Liquid Fund - Regular Plan - Growth;INF174K01NI9;;19.8013;19.8013;19.8013;13-Mar-2011
100831;Kotak Liquid Fund -Institutional Plan - (Daily Dividend);;INF174K01GA0;12.2281;12.2281;12.2281;13-Mar-2011
100834;Kotak Liquid Fund Regular Plan Weekly Reinvestment of Income Distribution cum capital withdrawal option Dividend;INF174K01NK5;;10.0758;10.0758;10.0758;13-Mar-2011
100830;Kotak Liquid-Institutional Plan  (Growth);INF174K01FZ9;;19.2084;19.2084;19.2084;13-Mar-2011
100832;Kotak Liquid-Institutional Plan (Weekly Dividend);;INF174K01GB8;10.0356;10.0356;10.0356;13-Mar-2011
100828;Kotak Liquid-Regular (Dividend);;INF174K01FY2;10.035;10.035;10.035;13-Mar-2011
100829;Kotak Liquid-Regular (Growth);INF174K01NM1;;18.8016;18.8016;18.8016;13-Mar-2011

L&T Mutual Fund
112445;L&T Liquid Fund -Regular Plan - Daily IDCW;INF917K01JB4;;10.1163;10.1163;10.1163;13-Mar-2011
112457;L&T Liquid Fund -Regular Plan - Growth;INF917K01JH1;;13.3951;13.3951;13.3951;13-Mar-2011
112456;L&T Liquid Fund-Cum -Institutional Plus;INF917K01BJ4;;19.6514;19.6514;19.6514;13-Mar-2011
112442;L&T Liquid Fund-Regular Cumulative;INF917K01BF2;;19.3932;19.3932;19.3932;13-Mar-2011
112483;L&T Liquid Fund - Institutional Plus Weekly Dividend;INF917K01BH8;INF917K01BI6;13.0231;13.0231;13.0231;13-Mar-2011

LIC Mutual Fund
101184;LIC MF Liquid Fund-Regular Plan-Daily IDCW;INF767K01IQ3;INF767K01IR1;10.9801;10.9801;10.9801;13-Mar-2011
101185;LIC MF Liquid Fund-Regular Plan-Growth;INF767K01IS9;;17.8601;17.8601;17.8601;13-Mar-2011

Mirae Asset Mutual Fund
111647;Mirae Asset Liquid Fund - Regular - Daily IDCW;;INF769K01804;1031.3944;1031.3944;1031.3944;13-Mar-2011
111646;Mirae Asset Liquid Fund - Regular Plan - Growth;INF769K01788;;1079.3065;1079.3065;1079.3065;13-Mar-2011
111645;Mirae Asset Liquid Fund - Regular Plan - Monthly IDCW;INF769K01838;INF769K01820;1079.4490;1079.4490;1079.4490;13-Mar-2011
111644;Mirae Asset Liquid Fund - Regular Plan - Weekly IDCW;INF769K01PC4;INF769K01812;1078.0237;1078.0237;1078.0237;13-Mar-2011

Navi Mutual Fund
112645;Navi Liquid Fund - Regular Plan Daily IDCW;;INF959L01GM7;10.0015;10.0015;10.0015;13-Mar-2011
112646;Navi Liquid Fund - Regular Plan Weekly IDCW;INF959L01GP0;INF959L01GQ8;10.0155;10.0155;10.0155;13-Mar-2011
112637;Navi Liquid Fund-Institutional Plan-Dividend Option-Daily;;INF959L01197;10.0015;10.0015;10.0015;13-Mar-2011
112640;Navi Liquid Fund-Institutional Plan-Growth;INF959L01247;;10.6136;10.6136;10.6136;13-Mar-2011
112636;Navi Liquid Fund-Regular Plan-Growth Option;INF959L01GL9;;10.6445;10.6445;10.6445;13-Mar-2011
112641;Navi Liquid Fund-Retail Plan-Dividend Option-Daily;;INF959L01254;10.0015;10.0015;10.0015;13-Mar-2011
112643;Navi Liquid Fund-Retail Plan-Dividend Option-Monthly;INF959L01262;INF959L01270;10.0337;10.0337;10.0337;13-Mar-2011
112642;Navi Liquid Fund-Retail Plan-Dividend Option-Weekly;INF959L01288;INF959L01296;10.0132;10.0132;10.0132;13-Mar-2011
112644;Navi Liquid Fund-Retail Plan-Growth;INF959L01304;;10.6317;10.6317;10.6317;13-Mar-2011

Nippon India Mutual Fund
100852;NIPPON INDIA LIQUID FUND - DAILY IDCW OPTION;;INF204K01UM1;15.2874;15.2874;15.2874;13-Mar-2011
100855;NIPPON INDIA LIQUID FUND - MONTHLY IDCW OPTION;INF204K01UO7;INF204K01UP4;21.8249;21.8249;21.8249;13-Mar-2011
100837;Nippon India Liquid Fund - Retail Option - Growth Plan;INF204K01UL3;;23.3226;23.3226;23.3226;13-Mar-2011
100842;NIPPON INDIA LIQUID FUND - RETAIL Plan - DAILY IDCW OPTION;;INF204K01UJ7;15.2428;15.2428;15.2428;13-Mar-2011
100843;NIPPON INDIA LIQUID FUND - RETAIL plan - MONTHLY IDCW OPTION;INF204K01UT6;INF204K01UU4;13.3572;13.3572;13.3572;13-Mar-2011
100844;NIPPON INDIA LIQUID FUND - RETAIL Plan - QUARTERLY IDCW OPTION;INF204K01UV2;INF204K01UW0;12.3649;12.3649;12.3649;13-Mar-2011
100838;NIPPON INDIA LIQUID FUND - RETAIL Plan - WEEKLY IDCW OPTION;;INF204K01UK5;10.3467;10.3467;10.3467;13-Mar-2011
100853;NIPPON INDIA LIQUID FUND - WEEKLY IDCW OPTION;INF204KC1FM8;INF204K01US8;15.3106;15.3106;15.3106;13-Mar-2011
100851;Nippon India Liquid Fund -Growth Plan;INF204K01UN9;;23.7766;23.7766;23.7766;13-Mar-2011
100849;Reliance Liquid Fund-Cash Plan-Daily Dividend Reinvestment Option;;;11.1415;11.1415;11.1415;13-Mar-2011
100845;Reliance Liquid Fund-Cash Plan-Growth Plan;;;15.8258;15.8258;15.8258;13-Mar-2011
114251;Reliance Liquid Fund-Cash Plan-Monthly Dividend Plan;;;10.0652;10.0652;10.0652;13-Mar-2011
114252;Reliance Liquid Fund-Cash Plan-Quarterly Dividend Plan;;;10.0416;10.0416;10.0416;13-Mar-2011
100848;Reliance Liquid Fund-Cash Plan-Weekly Dividend Reinvestment Option;;;10.9221;10.9221;10.9221;13-Mar-2011

Principal Mutual Fund
100895;Principal Cash Management Fund - Daily Income Distribution CUM Capital Withdrawal;;INF173K01DB7;10.0007;10.0007;10.0007;13-Mar-2011
100897;Principal Cash Management Fund - Monthly Income Distribution CUM Capital Withdrawal Option;INF173K01BV9;INF173K01BW7;10.11;10.11;10.11;13-Mar-2011
100896;Principal Cash Management Fund - Weekly Income Distribution CUM Capital Withdrawal Option;;INF173K01DC5;10.0667;10.0667;10.0667;13-Mar-2011
100898;Principal Cash Management Fund -Growth Option;INF173K01DA9;;15.1888;15.1888;15.1888;13-Mar-2011

Quantum Mutual Fund
103736;Quantum Liquid Fund - Direct Plan Daily IDCW;;INF082J01135;10.0000;10.0000;10.0000;13-Mar-2011
103734;Quantum Liquid Fund - Direct Plan Growth Option;INF082J01127;;13.9093;13.9093;13.9093;13-Mar-2011
103735;Quantum Liquid Fund - Direct Plan Monthly IDCW;INF082J01143;INF082J01200;10.0359;10.0359;10.0359;13-Mar-2011

SBI Mutual Fund
105274;SBI Liquid Fund - Institutional - Growth;INF200K01LU1;;15.5167;15.5167;15.5167;13-Mar-2011
105275;SBI Liquid Fund - Institutional Daily Income Distribution cum Capital Withdrawal Option (IDCW);;INF200K01LR7;10.0325;10.0325;10.0325;13-Mar-2011
105279;SBI Liquid Fund - Institutional Fortnightly Income Distribution cum Capital Withdrawal Option (IDCW);INF200K01LS5;INF200K01LT3;10.1985;10.1985;10.1985;13-Mar-2011
105278;SBI Liquid Fund - Institutional Weekly Income Distribution cum Capital Withdrawal Option (IDCW);INF200K01LV9;INF200K01LW7;10.6059;10.6059;10.6059;13-Mar-2011
105281;SBI Liquid Fund - Regular Plan - Daily Income Distribution cum Capital Withdrawal Option (IDCW);;INF200K01LX5;10.0325;10.0325;10.0325;13-Mar-2011
105283;SBI Liquid Fund - Regular Plan - Fortnightly Income Distribution cum Capital Withdrawal Option (IDCW);INF200K01LY3;INF200K01LZ0;N.A.;N.A.;N.A.;13-Mar-2011
105282;SBI Liquid Fund - Regular Plan - Weekly Income Distribution cum Capital Withdrawal Option (IDCW);INF200K01MB9;INF200K01MC7;N.A.;N.A.;N.A.;13-Mar-2011
105280;SBI Liquid Fund - REGULAR PLAN -Growth;INF200K01MA1;;15.3519;15.3519;15.3519;13-Mar-2011

Tata Mutual Fund
102672;Tata Liquid Fund -Regular Plan - Growth Option;INF277K01YD8;;15.3244;15.3244;15.3244;13-Mar-2011
101714;Tata Liquid Fund- Regular Plan - Daily Reinvestment of IDCW Option;;INF277K011D4;10.0152;10.0152;10.0152;13-Mar-2011

Taurus Mutual Fund
111915;Taurus Liquid Fund - Regular Plan - SI Growth Option;INF044D01534;;1050.5569;1050.5569;1050.5569;13-Mar-2011
113248;Taurus Liquid Fund - Regular Plan - SI Weekly Dividend Option;;INF044D01526;1000.6837;1000.6837;1000.6837;13-Mar-2011
111703;Taurus Liquid Fund - Regular Plan -SI Daily Dividend Option;;INF044D01518;1000.0639;1000.0639;1000.0639;13-Mar-2011
111547;Taurus Liquid Fund Insti DDRIP;;INF044D01484;1000.0639;1000.0639;1000.0639;13-Mar-2011
111760;Taurus Liquid Fund Insti Growth;INF044D01500;;1071.9038;1071.9038;1071.9038;13-Mar-2011
104240;Taurus Liquid Fund-Dividend;INF044D01542;INF044D01559;1001.2175;1001.2175;1001.2175;13-Mar-2011
104241;Taurus Liquid Fund-Growth;INF044D01575;;1282.8485;1282.8485;1282.8485;13-Mar-2011

UTI Mutual Fund
102010;UTI Liquid Fund - Regular Plan - Daily IDCW (Reinvestment);;INF789F01PG3;1019.4457;1019.4457;1019.4457;13-Mar-2011
102011;UTI Liquid Fund - Regular Plan - Monthly IDCW;INF789F01PI9;INF789F01PJ7;1027.908;1027.908;1027.908;13-Mar-2011
102013;UTI Liquid Fund - Regular Plan - Weekly IDCW;;INF789F01PK5;1042.4497;1042.4497;1042.4497;13-Mar-2011
102012;UTI-  Liquid Cash Plan - Regular Plan - Growth Option;INF789F01PH1;;1603.1003;1603.1003;1603.1003;13-Mar-2011
102008;UTI-  Liquid Cash Plan- Discontinued - Regular Plan - Monthly Dividend Option;INF789F01BC2;INF789F01BA6;1082.8704;1082.8704;1082.8704;13-Mar-2011
102009;UTI-  Liquid Cash Plan- Discontinued - Regular Plan -Growth;INF789F01BB4;;1572.5177;1572.5177;1572.5177;13-Mar-2011
102007;UTI-  Liquid Cash Plan- Discontinued -Regular Plan Periodic Dividend Option;;INF789F01AZ5;1071.2905;1071.2905;1071.2905;13-Mar-2011

Open Ended Schemes ( Debt Scheme - Ultra Short Duration Fund )


Principal Mutual Fund
107329;Principal Ultra Short Term Fund-Daily Income Distribution CUM Capital Withdrawal Option;;INF173K01CV7;10.0532;10.0532;10.0532;13-Mar-2011
107328;Principal Ultra Short Term Fund-Growth Option;INF173K01CU9;;11.055;11.055;11.055;13-Mar-2011
107332;Principal Ultra Short Term Fund-Weekly Income Distribution CUM Capital Withdrawal Option;;INF173K01CW5;10.1196;10.1196;10.1196;13-Mar-2011

SBI Mutual Fund
105080;SBI Ultra Short Duration Fund - Regular Plan - Daily Income Distribution cum Capital Withdrawal Option (IDCW);;INF200K01LK2;16.7503;16.7503;16.7503;13-Mar-2011
100641;SBI ULTRA SHORT DURATION FUND - REGULAR PLAN - GROWTH;INF200K01LJ4;;21.6837;21.6837;21.6837;13-Mar-2011
103884;SBI Ultra Short Duration Fund - Regular Plan - Weekly Income Distribution cum Capital Withdrawal Option (IDCW);INF200K01LM8;INF200K01LL0;10.7781;10.7781;10.7781;13-Mar-2011

Open Ended Schemes ( Debt Scheme - Money Market Fund )


Aditya Birla Sun Life Mutual Fund
101973;Aditya Birla Sun Life Money Manager Fund - Daily IDCW;;INF209K01SZ6;10.0000;10.0000;10.0000;13-Mar-2011
101976;Aditya Birla Sun Life Money Manager Fund - Growth;INF209K01RV7;;12.9419;12.9419;12.9419;13-Mar-2011
101972;Aditya Birla Sun Life Money Manager Fund - Retail - Daily IDCW;;INF209K01JZ5;10.0015;10.0015;10.0015;13-Mar-2011
101970;Aditya Birla Sun Life Money Manager Fund - RETAIL - WEEKLY IDCW;;INF209K01JY8;10.3787;10.3787;10.3787;13-Mar-2011
101971;Aditya Birla Sun Life Money Manager Fund - Retail Growth;INF209K01MJ3;;16.0600;16.0600;16.0600;13-Mar-2011
101974;Aditya Birla Sun Life Money Manager Fund - WEEKLY IDCW;;INF209K01SY9;10.0116;10.0116;10.0116;13-Mar-2011

HDFC Mutual Fund
101994;HDFC Money Market Fund - Daily IDCW Option;;INF179KB1IG6;10.6364;10.6364;10.6364;13-Mar-2011
101993;HDFC Money Market Fund - Growth Option;INF179KB1HR5;;20.4037;20.4037;20.4037;13-Mar-2011
101995;HDFC Money Market Fund - Weekly IDCW Option;INF179KB1IH4;INF179KB1II2;10.6294;10.6294;10.6294;13-Mar-2011

ICICI Prudential Mutual Fund
101221;ICICI Prudential Money Market Fund Retail Growth (erstwhile Cash Option);INF109K01TW3;;156.7010;156.7010;156.7010;13-Mar-2011
103634;ICICI Prudential Money Market Fund Option - Daily IDCW;INF109K01TY9;;100.0115;100.0115;100.0115;13-Mar-2011
103633;ICICI Prudential Money Market Fund Option - Growth;INF109K01TX1;;135.5047;135.5047;135.5047;13-Mar-2011
103637;ICICI Prudential Money Market Fund Option - Monthly IDCW;INF109K01UC3;INF109K01UB5;100.5446;100.5446;100.5446;13-Mar-2011
103635;ICICI Prudential Money Market Fund Option - Weekly IDCW;INF109K01TZ6;;100.1542;100.1542;100.1542;13-Mar-2011
103636;ICICI Prudential Money Market Fund Option -Fortnightly IDCW;INF109K01UA7;;100.5161;100.5161;100.5161;13-Mar-2011

Kotak Mahindra Mutual Fund
106842;Kotak Money Market Fund - (Daily Reinvestment of Income Distribution cum capital withdrawal option);INF174K01ND0;;10.1162;10.1162;10.1162;13-Mar-2011
101893;Kotak Money Market Fund - (Growth);INF174K01NA6;;15.9687;15.9687;15.9687;13-Mar-2011
101892;Kotak Money market Fund - (Monthly Payout of Income Distribution cum capital withdrawal option);INF174K018O0;INF174K01NB4;10.0632;10.0632;10.0632;13-Mar-2011
101894;Kotak Money Market Fund - (Weekly Reinvestment of Income Distribution cum capital withdrawal option);INF174K01NC2;;10.1337;10.1337;10.1337;13-Mar-2011

Nippon India Mutual Fund
103050;NIPPON INDIA MONEY MARKET FUND - DAILY IDCW Option;;INF204K01UY6;10.0051;10.0051;10.0051;13-Mar-2011
103051;NIPPON INDIA MONEY MARKET FUND - WEEKLY IDCW Option;;INF204K01UZ3;10.0081;10.0081;10.0081;13-Mar-2011
103048;Nippon India Money Market Fund-Growth Plan-Growth Option;INF204K01VA4;;14.7041;14.7041;14.7041;13-Mar-2011

Tata Mutual Fund
101986;Tata Money Market Fund- Regular Plan - Daily Reinvestment of IDCW Option;;INF277K014C0;1114.5200;1114.5200;1114.5200;13-Mar-2011
101847;Tata Money Market Fund-Regular Plan - Growth Option;INF277K01LQ7;;1802.6890;1802.6890;1802.6890;13-Mar-2011

UTI Mutual Fund
112077;UTI MMF - Regular Plan - Growth Option;INF789F01PX8;;1093.4463;1093.4463;1093.4463;13-Mar-2011
100724;UTI MMF- Discontinued - Regular Plan - Flexi Dividend Option;;INF789F01BD0;1886.056;1886.056;1886.056;13-Mar-2011
100725;UTI MMF- Discontinued - Regular Plan - Periodic Dividend Option;INF789F01BE8;;1876.9555;1876.9555;1876.9555;13-Mar-2011
100723;UTI MMF-Discontinued - Regular Plan -Growth;INF789F01BF5;;2714.4124;2714.4124;2714.4124;13-Mar-2011
112076;UTI Money Market Fund - Regular Plan - Daily IDCW (Reinvestment);;INF789F01PW0;1003.3854;1003.3854;1003.3854;13-Mar-2011

Open Ended Schemes ( Debt Scheme - Floater Fund )


Franklin Templeton Mutual Fund
101048;Franklin India Floating Rate Fund - Growth Plan;INF090I01LM7;;16.5974;16.5974;16.5974;13-Mar-2011
101044;Franklin India Floating Rate Fund - IDCW ;INF090I01LN5;;10.0002;10.0002;10.0002;13-Mar-2011

Close Ended Schemes ( Income )


SBI Mutual Fund
114554;SBI Debt Fund Series - 15 Months - 6 Dividend;INF200K01EA8;;10.0744;N.A.;N.A.;13-Mar-2011
114555;SBI Debt Fund Series - 15 Months - 6 Growth;INF200K01DZ7;;10.0744;N.A.;N.A.;13-Mar-2011
114442;SBI Debt Fund Series - 18 Months - 6 - Dividend Option;INF200K01CI5;;10.0945;N.A.;N.A.;13-Mar-2011
114443;SBI Debt Fund Series - 18 Months - 6 - Growth Option;INF200K01CH7;;10.0945;N.A.;N.A.;13-Mar-2011
113275;SBI Debt Fund Series - 24 Months - 2 - Dividend;INF200K01CK1;;10.1456;N.A.;N.A.;13-Mar-2011
113363;SBI Debt Fund Series - 24 Months - 2 - Growth;INF200K01CJ3;;10.1466;N.A.;N.A.;13-Mar-2011
113321;SBI Debt Fund Series - 60 Months - 1 - Dividend;INF200K01CQ8;;10.0859;N.A.;N.A.;13-Mar-2011
113401;SBI Debt Fund Series - 60 Months - 1 - Growth;INF200K01CP0;;10.0859;N.A.;N.A.;13-Mar-2011
114320;SBI Debt Fund Series - 90 Days - 36 Dividend;;;10.2160;N.A.;N.A.;13-Mar-2011
114321;SBI Debt Fund Series - 90 Days - 36 Growth;;;10.2161;N.A.;N.A.;13-Mar-2011
114373;SBI Debt Fund Series - 90 Days - 37 Dividend;;;10.1844;N.A.;N.A.;13-Mar-2011
114374;SBI Debt Fund Series - 90 Days - 37 Growth;;;10.1843;N.A.;N.A.;13-Mar-2011
114482;SBI Debt Fund Series - 90 Days - 38 Dividend;;;10.1306;N.A.;N.A.;13-Mar-2011
114483;SBI Debt Fund Series - 90 Days - 38 Growth;;;10.1306;N.A.;N.A.;13-Mar-2011
114556;SBI Debt Fund Series - 90 Days - 39 Dividend;;;10.1047;N.A.;N.A.;13-Mar-2011
114557;SBI Debt Fund Series - 90 Days - 39 Growth;;;10.1046;N.A.;N.A.;13-Mar-2011
114660;SBI DEBT FUND SERIES - 90 DAYS - 40 - Dividend Payout;;;10.0534;N.A.;N.A.;13-Mar-2011
114659;SBI DEBT FUND SERIES - 90 DAYS - 40 - GROWTH;;;10.0534;N.A.;N.A.;13-Mar-2011
114344;SBI Debt Fund Series - 180 Days - 13 Dividend;;;10.2108;N.A.;N.A.;13-Mar-2011
114306;SBI Debt Fund Series - 180 Days - 13 Growth;;;10.2112;N.A.;N.A.;13-Mar-2011
114351;SBI Debt Fund Series - 180 Days - 14 Dividend;;;10.1812;N.A.;N.A.;13-Mar-2011
114352;SBI Debt Fund Series - 180 Days - 14 Growth;;;10.1812;N.A.;N.A.;13-Mar-2011
114622;SBI Debt Fund Series - 180 Days - 15 Dividend;;;10.0867;N.A.;N.A.;13-Mar-2011
114621;SBI Debt Fund Series - 180 Days - 15 Growth;;;10.0866;N.A.;N.A.;13-Mar-2011
114724;SBI SDFS 180 DAYS 16 - DIVIDEND PAYOUT;;;10.0366;N.A.;N.A.;13-Mar-2011
114725;SBI SDFS 180 DAYS 16 - GROWTH;;;10.0366;N.A.;N.A.;13-Mar-2011
114723;SBI DEBT FUND SERIES 370 DAYS 10 - GROWTH;INF200K01DV6;;10.0571;N.A.;N.A.;13-Mar-2011
114722;SBI DEBT FUND SERIES 370 DAYS 10- Dividend;INF200K01DW4;;10.0571;N.A.;N.A.;13-Mar-2011
112820;SBI Debt Fund Series -370 Days 3- Dividend (Payout);;;10.4333;N.A.;N.A.;13-Mar-2011
112819;SBI Debt Fund Series -370 Days 3- Growth;;;10.5599;N.A.;N.A.;13-Mar-2011
112818;REDEEMED-SBI Debt Fund Series - 15 Months - 5 (09/03/2010)-DIVIDEND;;;10.4375;N.A.;N.A.;13-Mar-2011
112817;REDEEMED-SBI Debt Fund Series - 15 Months - 5 (09/03/2010)-GROWTH;;;10.5726;N.A.;N.A.;13-Mar-2011
114343;Z-REDEEMED-SBI Debt Fund Series - 18 Months - 4 - Dividend Option;INF200K01CE4;;10.1320;N.A.;N.A.;13-Mar-2011
114303;Z-REDEEMED-SBI Debt Fund Series - 18 Months - 4 - Growth Option;INF200K01CD6;;10.1319;N.A.;N.A.;13-Mar-2011
114388;Z-REDEEMED-SBI Debt Fund Series - 18 Months - 5 - Dividend Option;INF200K01CG9;;10.0908;N.A.;N.A.;13-Mar-2011
114389;Z-REDEEMED-SBI Debt Fund Series - 18 Months - 5 - Growth Option;INF200K01CF1;;10.0907;N.A.;N.A.;13-Mar-2011
114193;Z-REDEEMED-SBI Debt Fund Series - 180 Days 12 - Dividend;;;10.2581;N.A.;N.A.;13-Mar-2011
114283;Z-REDEEMED-SBI Debt Fund Series - 180 Days 12 - Growth;;;10.2580;N.A.;N.A.;13-Mar-2011
113182;Z-REDEEMED-SBI Debt Fund Series - 370 Days - 6 - Dividend;;;10.2582;N.A.;N.A.;13-Mar-2011
113340;Z-REDEEMED-SBI Debt Fund Series - 370 Days - 6 - Growth;;;10.2834;N.A.;N.A.;13-Mar-2011
113411;Z-REDEEMED-SBI Debt Fund Series - 370 Days - 7 - Dividend;;;10.2132;N.A.;N.A.;13-Mar-2011
114250;Z-REDEEMED-SBI Debt Fund Series - 370 Days - 7 - Growth;;;10.2131;N.A.;N.A.;13-Mar-2011
114194;Z-REDEEMED-SBI Debt Fund Series - 370 Days - 8 - Dividend;;;10.1736;N.A.;N.A.;13-Mar-2011
114311;Z-REDEEMED-SBI Debt Fund Series - 370 Days - 8 - Growth;;;10.1736;N.A.;N.A.;13-Mar-2011
114620;Z-REDEEMED-SBI Debt Fund Series - 370 Days - 9 - Dividend;INF200K01DU8;;10.0913;N.A.;N.A.;13-Mar-2011
114619;Z-REDEEMED-SBI Debt Fund Series - 370 Days - 9 - Growth;INF200K01DT0;;10.0911;N.A.;N.A.;13-Mar-2011
112916;Z-REDEEMED-SBI Debt Fund Series - 370 Days -4- Growth;;;10.4914;N.A.;N.A.;13-Mar-2011
112893;Z-REDEEMED-SBI Debt Fund Series - 370 Days -4-Dividend;;;10.3625;N.A.;N.A.;13-Mar-2011
113181;Z-REDEEMED-SBI Debt Fund Series - 370 Days - 5 Dividend;;;10.2867;N.A.;N.A.;13-Mar-2011
113230;Z-REDEEMED-SBI Debt Fund Series - 370 Days - 5 Growth;;;10.3120;N.A.;N.A.;13-Mar-2011
