Scheme Code;Scheme Name;ISIN Div Payout/ISIN Growth;ISIN Div Reinvestment;Net Asset Value;Repurchase Price;Sale Price;Date

Open Ended Schemes ( Debt Scheme - Overnight Fund )


Aditya Birla Sun Life Mutual Fund
145488;ADITYA BIRLA SUN LIFE OVERNIGHT FUND-  Direct - Monthly Payout of IDCW;INF209KB1ZL4;;1001.4254;;;06-Jul-2024
145489;ADITYA BIRLA SUN LIFE OVERNIGHT FUND-  Direct - Weekly Reinvestment of IDCW;;INF209KB1ZJ8;1000.1777;;;06-Jul-2024
145482;ADITYA BIRLA SUN LIFE OVERNIGHT FUND-  Regular - Weekly Reinvestment of IDCW option;;INF209KB1ZE9;1000.1907;;;06-Jul-2024
145487;ADITYA BIRLA SUN LIFE OVERNIGHT FUND- Direct - Daily Reinvestment of IDCW;;INF209KB1ZI0;1000.1937;;;06-Jul-2024
145483;ADITYA BIRLA SUN LIFE OVERNIGHT FUND- Regular - Daily Reinvestment of IDCW;;INF209KB1ZD1;1000.192;;;06-Jul-2024
145485;ADITYA BIRLA SUN LIFE OVERNIGHT FUND- Regular- Monthly Payout of IDCW option;INF209KB1ZG4;;1001.4027;;;06-Jul-2024
145486;ADITYA BIRLA SUN LIFE OVERNIGHT FUND-DIRECT PLAN-GROWTH;INF209KB1ZH2;;1317.6864;;;06-Jul-2024
145481;ADITYA BIRLA SUNLIFE OVERNIGHT FUND-REGULAR PLAN-GROWTH;INF209KB1ZC3;;1308.996;;;06-Jul-2024

Axis Mutual Fund
146679;Axis Overnight Fund - Direct Plan - Daily IDCW;;INF846K01N99;1000.5073;;;06-Jul-2024
146675;Axis Overnight Fund - Direct Plan - Growth Option;INF846K01N65;;1288.7623;;;06-Jul-2024
146677;Axis Overnight Fund - Direct Plan - Monthly IDCW;INF846K01N73;INF846K01N81;1002.8166;;;06-Jul-2024
146676;Axis Overnight Fund - Direct Plan - Weekly IDCW;INF846K01N40;INF846K01N57;1001.5681;;;06-Jul-2024
146682;Axis Overnight Fund - Regular Plan - Daily IDCW;;INF846K01O56;1000.5032;;;06-Jul-2024
146678;Axis Overnight Fund - Regular Plan - Growth Option;INF846K01O23;;1284.9509;;;06-Jul-2024
146681;Axis Overnight Fund - Regular Plan - Monthly IDCW;INF846K01O31;INF846K01O49;1002.7896;;;06-Jul-2024
146680;Axis Overnight Fund - Regular Plan - Weekly IDCW;INF846K01O07;INF846K01O15;1001.5290;;;06-Jul-2024

Bajaj Finserv Mutual Fund
151843;Bajaj Finserv Overnight Fund - Direct Plan - Daily - IDCW;;INF0QA701185;1033.1412;;;06-Jul-2024
151850;Bajaj Finserv Overnight Fund - Direct Plan - Fortnightly - IDCW;INF0QA701235;INF0QA701201;1034.0592;;;06-Jul-2024
151849;Bajaj Finserv Overnight Fund - Direct Plan - Growth;INF0QA701177;;1068.4066;;;06-Jul-2024
151845;Bajaj Finserv Overnight Fund - Direct Plan - Monthly - IDCW;INF0QA701243;INF0QA701219;1036.4930;;;06-Jul-2024
151844;Bajaj Finserv Overnight Fund - Direct Plan - Weekly - IDCW;INF0QA701227;INF0QA701193;1034.0431;;;06-Jul-2024
151852;Bajaj Finserv Overnight Fund - Regular Plan - Daily - IDCW;;INF0QA701292;1032.8859;;;06-Jul-2024
151847;Bajaj Finserv Overnight Fund - Regular Plan - Fortnightly - IDCW;INF0QA701318;INF0QA701276;1033.9275;;;06-Jul-2024
151851;Bajaj Finserv Overnight Fund - Regular Plan - Growth;INF0QA701250;;1067.8694;;;06-Jul-2024
151848;Bajaj Finserv Overnight Fund - Regular Plan - Monthly - IDCW;INF0QA701326;INF0QA701284;1036.1725;;;06-Jul-2024
151846;Bajaj Finserv Overnight Fund - Regular Plan - Weekly - IDCW;INF0QA701300;INF0QA701268;1033.7840;;;06-Jul-2024

Bandhan Mutual Fund
146190;BANDHAN Overnight Fund - Direct Plan - Daily IDCW;INF194KB1462;INF194KB1470;1000.1826;;;06-Jul-2024
146191;BANDHAN Overnight Fund - Direct Plan - Growth;INF194KB1447;;1299.3177;;;06-Jul-2024
146183;BANDHAN Overnight Fund - Direct Plan - Monthly IDCW;INF194KB1496;INF194KB1504;1001.6054;;;06-Jul-2024
146184;BANDHAN Overnight Fund - Direct Plan - Periodic IDCW;INF194KB1520;INF194KB1538;1183.6850;;;06-Jul-2024
146192;BANDHAN Overnight Fund - Direct Plan - Weekly IDCW;INF194KB1553;INF194KB1561;1000.1597;;;06-Jul-2024
146188;BANDHAN Overnight Fund - Regular Plan - Daily IDCW;INF194KB1330;INF194KB1348;1000.1721;;;06-Jul-2024
146187;BANDHAN Overnight Fund - Regular Plan - Growth;INF194KB1314;;1291.5186;;;06-Jul-2024
146185;BANDHAN Overnight Fund - Regular Plan - Monthly IDCW;INF194KB1363;INF194KB1371;1001.8243;;;06-Jul-2024
146189;BANDHAN Overnight Fund - Regular Plan - Weekly IDCW;INF194KB1421;INF194KB1439;1001.1053;;;06-Jul-2024
146186;BANDHAN Overnight Fund - REGULAR PLAN PERIODIC IDCW;INF194KB1397;INF194KB1405;1181.7497;;;06-Jul-2024

Bank of India Mutual Fund
147951;BANK OF INDIA Overnight Fund Direct Plan Growth;INF761K01EU7;;1235.3567;;;06-Jul-2024
147952;BANK OF INDIA Overnight Fund Direct Plan- Daily IDCW;;INF761K01EV5;1000.0056;;;06-Jul-2024
147948;BANK OF INDIA Overnight Fund Direct Plan- Monthly IDCW;INF761K01EY9;INF761K01EX1;1001.8215;;;06-Jul-2024
147950;BANK OF INDIA Overnight Fund Direct Plan- Weekly IDCW;;INF761K01EW3;1000.8917;;;06-Jul-2024
147936;BANK OF INDIA Overnight Fund Regular Plan Growth;INF761K01EZ6;;1232.2534;;;06-Jul-2024
147953;BANK OF INDIA Overnight Fund Regular Plan- Daily IDCW;;INF761K01FA6;1000.0007;;;06-Jul-2024
147949;BANK OF INDIA Overnight Fund Regular Plan- Monthly IDCW;INF761K01FD0;INF761K01FC2;1001.8096;;;06-Jul-2024
147947;BANK OF INDIA Overnight Fund Regular Plan- Weekly IDCW;;INF761K01FB4;1000.9538;;;06-Jul-2024
149412;BANK OF INDIA Overnight Fund Unclaimed IDCW Plan - Greater than 3 Years;;;1000.0000;;;06-Jul-2024
149414;BANK OF INDIA Overnight Fund Unclaimed IDCW Plan - Up to 3 Years;;;1161.5550;;;06-Jul-2024
149415;BANK OF INDIA Overnight Fund Unclaimed Redemption Plan - Greater than 3 Years;;;1000.0000;;;06-Jul-2024
149413;BANK OF INDIA Overnight Fund Unclaimed Redemption Plan - Upto 3 Years;;;1161.4535;;;06-Jul-2024

Baroda BNP Paribas Mutual Fund
147197;Baroda BNP Paribas Overnight Fund - Direct Plan - Daily IDCW;;INF955L01HW2;1000.0028;;;06-Jul-2024
147196;Baroda BNP Paribas Overnight Fund - Direct Plan - Growth;INF955L01HV4;;1279.4373;;;06-Jul-2024
147195;Baroda BNP Paribas Overnight Fund - Direct Plan - Weekly IDCW;;INF955L01HX0;1000.8052;;;06-Jul-2024
149988;Baroda BNP Paribas Overnight Fund - Plan C - Unclaimed IDCW - Greater than 3 years;;;1000;;;06-Jul-2024
149991;Baroda BNP Paribas Overnight Fund - Plan C - Unclaimed IDCW - Up to 3 years;;;1147.9192;;;06-Jul-2024
149990;Baroda BNP Paribas Overnight Fund - Plan C - Unclaimed Redemption - Greater than 3 years;;;1000;;;06-Jul-2024
149989;Baroda BNP Paribas Overnight Fund - Plan C - Unclaimed Redemption - Up to 3 years;;;1147.9183;;;06-Jul-2024
147194;Baroda BNP Paribas Overnight Fund - Regular Plan - Daily IDCW;;INF955L01HT8;1000.0018;;;06-Jul-2024
147193;Baroda BNP Paribas Overnight Fund - Regular Plan - Growth;INF955L01HS0;;1275.3202;;;06-Jul-2024
147198;Baroda BNP Paribas Overnight Fund - Regular Plan - Weekly IDCW;;INF955L01HU6;1001.7837;;;06-Jul-2024

Canara Robeco Mutual Fund
147532;CANARA ROBECO OVERNIGHT FUND - DIRECT PLAN - DAILY IDCW (Reinvestment);;INF760K01JN3;1001.0012;;;06-Jul-2024
147531;CANARA ROBECO OVERNIGHT FUND - DIRECT PLAN - GROWTH OPTION;INF760K01JM5;;1259.4533;;;06-Jul-2024
147533;CANARA ROBECO OVERNIGHT FUND - REGULAR PLAN - DAILY IDCW (Reinvestment);;INF760K01JP8;1001.0000;;;06-Jul-2024
147534;CANARA ROBECO OVERNIGHT FUND - REGULAR PLAN - GROWTH OPTION;INF760K01JO1;;1258.3543;;;06-Jul-2024

Edelweiss Mutual Fund
147551;Edelweiss Overnight Fund - Direct Plan - Annual - IDCW Option;INF754K01KD5;INF754K01KC7;1261.9168;;;06-Jul-2024
147557;Edelweiss Overnight Fund - Direct Plan - Daily - IDCW Option;;INF754K01JW7;1000.0465;;;06-Jul-2024
147570;Edelweiss Overnight Fund - Direct Plan - Growth;INF754K01JV9;;1261.4788;;;06-Jul-2024
147554;Edelweiss Overnight Fund - Direct Plan - Monthly - IDCW Option;INF754K01KB9;INF754K01KA1;1059.5667;;;06-Jul-2024
147556;Edelweiss Overnight Fund - Regular Plan - Annual - IDCW Option;INF754K01KM6;INF754K01KL8;1257.9455;;;06-Jul-2024
147552;Edelweiss Overnight Fund - Regular Plan - Daily - IDCW Option;;INF754K01KF0;1008.2352;;;06-Jul-2024
147549;Edelweiss Overnight Fund - Regular Plan - Fortnightly - IDCW Option;INF754K01KI4;INF754K01KH6;1096.5785;;;06-Jul-2024
147569;Edelweiss Overnight Fund - Regular Plan - Growth;INF754K01KE3;;1257.9445;;;06-Jul-2024
147555;Edelweiss Overnight Fund - Regular Plan - Monthly - IDCW Option;INF754K01KK0;INF754K01KJ2;1006.3542;;;06-Jul-2024
147553;Edelweiss Overnight Fund - Regular Plan - Weekly - IDCW Option;;INF754K01KG8;1017.1208;;;06-Jul-2024
149476;Edelweiss Overnight Fund - Unclaimed IDCW Plan - Above 3 years;;;1000;;;06-Jul-2024
149477;Edelweiss Overnight Fund - Unclaimed IDCW Plan - Upto 3 years;;;1154.1851;;;06-Jul-2024
149479;Edelweiss Overnight Fund - Unclaimed Redemption Plan - Above 3 years;;;1000;;;06-Jul-2024
149478;Edelweiss Overnight Fund - Unclaimed Redemption Plan - Upto 3 years;;;1154.1836;;;06-Jul-2024

Franklin Templeton Mutual Fund
147213;Franklin India Overnight fund- Growth;INF090I01SO8;;1267.2688;;;06-Jul-2024
147214;Franklin India Overnight Fund- Growth - Direct;INF090I01SS9;;1270.6750;;;06-Jul-2024

HDFC Mutual Fund
101996;HDFC Overnight Fund - Growth Option;INF179KB1HS3;;3583.0932;;;06-Jul-2024
119110;HDFC Overnight Fund - Growth Option - Direct Plan;INF179KB1HT1;;3614.8769;;;06-Jul-2024

HSBC Mutual Fund
147291;HSBC Overnight Fund - Direct Daily IDCW;;INF336L01OG4;1000.1611;;;06-Jul-2024
147287;HSBC Overnight Fund - Direct Growth;INF336L01OF6;;1274.8671;;;06-Jul-2024
147300;HSBC Overnight Fund - Direct Monthly IDCW;INF336L01OK6;INF336L01OI0;1001.9788;;;06-Jul-2024
147296;HSBC Overnight Fund - Direct Weekly IDCW;INF336L01OJ8;INF336L01OH2;1000.7146;;;06-Jul-2024
147289;HSBC Overnight Fund - Regular Daily IDCW;;INF336L01OM2;1000.1837;;;06-Jul-2024
147290;HSBC Overnight Fund - Regular Growth;INF336L01OL4;;1266.0378;;;06-Jul-2024
147301;HSBC Overnight Fund - Regular Monthly IDCW;INF336L01OQ3;INF336L01OO8;1001.9473;;;06-Jul-2024
147288;HSBC Overnight Fund - Regular Weekly IDCW;INF336L01OP5;INF336L01ON0;1000.7348;;;06-Jul-2024
150501;HSBC Overnight Fund - Unclaimed IDCW Above three years;;;1000;;;06-Jul-2024
150499;HSBC Overnight Fund - Unclaimed IDCW Below three years;;;1131.4477;;;06-Jul-2024
150500;HSBC Overnight Fund - Unclaimed Redemption above three years;;;1000;;;06-Jul-2024
150502;HSBC Overnight Fund - Unclaimed Redemption Below three years;;;1131.4543;;;06-Jul-2024

ICICI Prudential Mutual Fund
145536;ICICI Prudential Overnight Fund - Direct Plan - Growth;INF109KC11G1;;1313.0024;;;06-Jul-2024
145535;ICICI Prudential Overnight Fund - Growth;INF109KC17E3;;1306.5304;;;06-Jul-2024

Invesco Mutual Fund
147884;Invesco India Overnight Fund - Direct Plan - Daily IDCW (Reinvestment);;INF205KA1122;1000.5109;;;06-Jul-2024
147883;Invesco India Overnight Fund - Direct Plan - Growth;INF205KA1163;;1231.0361;;;06-Jul-2024
147886;Invesco India Overnight Fund - Direct Plan - Monthly IDCW (Payout / Reinvestment);INF205KA1155;INF205KA1148;1001.6603;;;06-Jul-2024
147885;Invesco India Overnight Fund - Direct Plan - Weekly IDCW (Reinvestment);;INF205KA1130;1002.4614;;;06-Jul-2024
147880;Invesco India Overnight Fund - Regular Plan - Daily IDCW (Reinvestment);;INF205KA1072;1000.1316;;;06-Jul-2024
147878;Invesco India Overnight Fund - Regular Plan - Growth;INF205KA1114;;1227.8611;;;06-Jul-2024
147879;Invesco India Overnight Fund - Regular Plan - Monthly IDCW (Payout / Reinvestment);INF205KA1106;INF205KA1098;1001.7125;;;06-Jul-2024
147881;Invesco India Overnight Fund - Regular Plan - Weekly IDCW (Reinvestment);;INF205KA1080;1001.0348;;;06-Jul-2024

ITI Mutual Fund
147713;ITI Overnight Fund - Direct Plan - Growth Option;INF00XX01564;;1237.7507;;;06-Jul-2024
147717;ITI Overnight Fund - Direct Plan - Monthly IDCW Option;INF00XX01630;INF00XX01606;1002.8265;;;06-Jul-2024
147715;ITI Overnight Fund - Regular Plan - Annual IDCW Option;INF00XX01556;INF00XX01523;1155.0933;;;06-Jul-2024
147709;ITI Overnight Fund - Regular Plan - Daily IDCW Option;;INF00XX01481;1001.0000;;;06-Jul-2024
147716;ITI Overnight Fund - Regular Plan - Fortnightly IDCW Option;INF00XX01531;INF00XX01507;1002.8397;;;06-Jul-2024
147714;ITI Overnight Fund - Regular Plan - Growth Option;INF00XX01473;;1231.8389;;;06-Jul-2024
147718;ITI Overnight Fund - Regular Plan - Monthly IDCW Option;INF00XX01549;INF00XX01515;1002.7844;;;06-Jul-2024
147712;ITI Overnight Fund - Regular Plan - Weekly IDCW Option;;INF00XX01499;1001.7478;;;06-Jul-2024

LIC Mutual Fund
147516;LIC MF Overnight Fund-Direct Plan-Daily IDCW;;INF767K01QG7;1020.9007;;;06-Jul-2024
147515;LIC MF Overnight Fund-Direct Plan-Growth;INF767K01QI3;;1262.7567;;;06-Jul-2024
147513;LIC MF Overnight Fund-Direct Plan-IDCW;INF767K01QE2;INF767K01QF9;1262.4668;;;06-Jul-2024
147514;LIC MF Overnight Fund-Direct Plan-Weekly IDCW;;INF767K01QH5;1001.1305;;;06-Jul-2024
147519;LIC MF Overnight Fund-Regular Plan-Growth;INF767K01QD4;;1254.6188;;;06-Jul-2024
147512;LIC MF Overnight Fund-Regular Plan-IDCW;INF767K01PZ9;INF767K01QA0;1109.2899;;;06-Jul-2024
147518;LIC MF Overnight Fund-Regular Plan-Weekly IDCW;;INF767K01QC6;1103.0305;;;06-Jul-2024

Mahindra Manulife Mutual Fund
147563;Mahindra Manulife Overnight Fund - Direct Plan - Daily IDCW;;INF174V01846;1264.3446;;;06-Jul-2024
147564;Mahindra Manulife Overnight Fund - Direct Plan -Growth;INF174V01838;;1261.0372;;;06-Jul-2024
147566;Mahindra Manulife Overnight Fund - Regular Plan - Daily IDCW;;INF174V01820;1131.1206;;;06-Jul-2024
147565;Mahindra Manulife Overnight Fund - Regular Plan - Growth;INF174V01812;;1254.7233;;;06-Jul-2024
149471;Mahindra Manulife Overnight Fund - Unclaimed Redemption/IDCW beyond 3 years;;;1000.0000;;;06-Jul-2024
149470;Mahindra Manulife Overnight Fund - Unclaimed Redemption/IDCW upto 3 years;;;1156.4733;;;06-Jul-2024

Mirae Asset Mutual Fund
147737;Mirae Asset Overnight Fund Direct Daily IDCW;;INF769K01FJ0;1000.0004;;;06-Jul-2024
147738;Mirae Asset Overnight Fund Direct Monthly IDCW;INF769K01FF8;INF769K01FI2;1002.1493;;;06-Jul-2024
147736;Mirae Asset Overnight Fund Direct Plan Growth;INF769K01FG6;;1249.2622;;;06-Jul-2024
147740;Mirae Asset Overnight Fund Direct Weekly IDCW;;INF769K01FK8;1000.5338;;;06-Jul-2024
147743;Mirae Asset Overnight Fund Regular Daily  IDCW ;;INF769K01FL6;1000.0006;;;06-Jul-2024
147742;Mirae Asset Overnight Fund Regular Monthly IDCW;INF769K01FD3;INF769K01FH4;1002.1170;;;06-Jul-2024
147739;Mirae Asset Overnight Fund Regular Plan Growth;INF769K01FE1;;1243.6070;;;06-Jul-2024
147741;Mirae Asset Overnight Fund Regular Weekly IDCW;;INF769K01FM4;1000.4045;;;06-Jul-2024

Nippon India Mutual Fund
145830;NIPPON INDIA OVERNIGHT FUND - DAILY IDCW Option;;INF204KB1Q73;100.0223;;;06-Jul-2024
145812;NIPPON INDIA OVERNIGHT FUND - DIRECT Plan - DAILY IDCW Option;;INF204KB1R49;100.0225;;;06-Jul-2024
145810;Nippon India Overnight Fund - Direct Plan - Growth Option;INF204KB1R31;;130.8258;;;06-Jul-2024
145824;NIPPON INDIA OVERNIGHT FUND - DIRECT Plan - MONTHLY IDCW Option;INF204KB1R64;INF204KB1R72;100.3182;;;06-Jul-2024
145825;NIPPON INDIA OVERNIGHT FUND - DIRECT Plan - QUARTERLY IDCW Option;INF204KB1R80;INF204KB1R98;100.5662;;;06-Jul-2024
145823;NIPPON INDIA OVERNIGHT FUND - DIRECT Plan - WEEKLY IDCW Option;;INF204KB1R56;100.0225;;;06-Jul-2024
145827;NIPPON INDIA OVERNIGHT FUND - MONTHLY IDCW Option;INF204KB1Q99;INF204KB1R07;100.3066;;;06-Jul-2024
145833;NIPPON INDIA OVERNIGHT FUND - QUARTERLY IDCW Option;INF204KB1R15;INF204KB1R23;100.5599;;;06-Jul-2024
145811;Nippon India Overnight Fund - Regular Plan - Growth Option;INF204KB1Q65;;130.1321;;;06-Jul-2024
145826;NIPPON INDIA OVERNIGHT FUND - WEEKLY IDCW Option;;INF204KB1Q81;100.0223;;;06-Jul-2024

PGIM India Mutual Fund
147605;PGIM India Overnight Fund - Direct Plan - Daily Dividend Option;;INF663L01T35;1000.0095;;;06-Jul-2024
147606;PGIM India Overnight Fund - Direct Plan - Growth Option;INF663L01T01;;1257.2107;;;06-Jul-2024
147608;PGIM India Overnight Fund - Direct Plan - Weekly Dividend Option;INF663L01T19;INF663L01T27;1000.2106;;;06-Jul-2024
147609;PGIM India Overnight Fund - Regular Plan - Daily Dividend Option;;INF663L01T76;1000;;;06-Jul-2024
147607;PGIM India Overnight Fund - Regular Plan - Weekly Dividend Option;INF663L01T50;INF663L01T68;1008.5044;;;06-Jul-2024
147600;PGIM India Overnight Fund - Regular Plan- Growth Option;INF663L01T43;;1252.5105;;;06-Jul-2024

Samco Mutual Fund
150631;Samco Overnight Fund - Direct Plan - Growth Option;INF0K1H01040;;1117.5054;;;06-Jul-2024
150632;Samco Overnight Fund - Regular Plan - Growth Option;INF0K1H01032;;1113.0423;;;06-Jul-2024

SBI Mutual Fund
119831;SBI Overnight Fund - Direct Plan - Daily Income Distribution cum Capital Withdrawal Option (IDCW);;INF200K01TJ7;1230.2539;;;06-Jul-2024
119833;SBI OVERNIGHT FUND - DIRECT PLAN - GROWTH;INF200K01TK5;;3963.6137;;;06-Jul-2024
119832;SBI Overnight Fund - Direct Plan - Weekly Income Distribution cum Capital Withdrawal Option (IDCW);INF200K01TL3;INF200K01TM1;1256.2698;;;06-Jul-2024
114297;SBI Overnight Fund - Regular Plan - Daily Income Distribution cum Capital Withdrawal Option (IDCW);;INF200K01LN6;1226.2247;;;06-Jul-2024
101206;SBI OVERNIGHT FUND - REGULAR PLAN - GROWTH;INF200K01LQ9;;3915.1814;;;06-Jul-2024
103140;SBI Overnight Fund - Regular Plan - Weekly Income Distribution cum Capital Withdrawal Option (IDCW);INF200K01LO4;INF200K01LP1;1252.0584;;;06-Jul-2024

Shriram Mutual Fund
150562;Shriram Overnight Fund -  Direct Growth;INF680P01323;;11.2685;;;06-Jul-2024
150561;Shriram Overnight Fund - Direct Daily IDCW;;INF680P01331;10;;;06-Jul-2024
150567;Shriram Overnight Fund - Direct Monthly IDCW;INF680P01380;INF680P01398;10.032;;;06-Jul-2024
150558;Shriram Overnight Fund - Regular Daily IDCW;;INF680P01257;10;;;06-Jul-2024
150565;Shriram Overnight Fund - Regular Growth;INF680P01232;;11.2468;;;06-Jul-2024
150560;Shriram Overnight Fund - Regular Monthly IDCW;INF680P01307;INF680P01315;10.0317;;;06-Jul-2024

Sundaram Mutual Fund
146964;Sundaram Overnight Fund Direct Plan - Daily Reinvestment of Income Distribution cum Capital Withdrawal (IDCW);INF903JA1HJ9;;1000.2047;;;06-Jul-2024
146956;Sundaram Overnight Fund Direct Plan - Fortnightly Reinvestment of Income Distribution cum Capital Withdrawal (IDCW);INF903JA1HL5;;1065.0786;;;06-Jul-2024
146963;Sundaram Overnight Fund Direct Plan - Growth;INF903JA1HG5;;1294.4413;;;06-Jul-2024
146962;Sundaram Overnight Fund Direct Plan - Monthly Payout of Income Distribution cum Capital Withdrawal (IDCW);INF903JA1HH3;;1046.4403;;;06-Jul-2024
146957;Sundaram Overnight Fund Direct Plan - Monthly Reinvestment of Income Distribution cum Capital Withdrawal (IDCW);INF903JA1HM3;;1046.4403;;;06-Jul-2024
146955;Sundaram Overnight Fund Direct Plan - Weekly Reinvestment of Income Distribution cum Capital Withdrawal (IDCW);INF903JA1HK7;;1048.4910;;;06-Jul-2024
146953;Sundaram Overnight Fund Regular Plan - Daily Reinvestment of Income Distribution cum Capital Withdrawal (IDCW);INF903JA1HC4;;1000.2014;;;06-Jul-2024
146958;Sundaram Overnight Fund Regular Plan - Fortnightly Reinvestment of Income Distribution cum Capital Withdrawal (IDCW);INF903JA1HE0;;1066.4823;;;06-Jul-2024
146959;Sundaram Overnight Fund Regular Plan - Growth;INF903JA1GZ7;;1287.6581;;;06-Jul-2024
146960;Sundaram Overnight Fund Regular Plan - Monthly Payout of Income Distribution cum Capital Withdrawal (IDCW);INF903JA1HA8;;1042.6584;;;06-Jul-2024
146961;Sundaram Overnight Fund Regular Plan - Monthly Reinvestment of Income Distribution cum Capital Withdrawal (IDCW);INF903JA1HF7;;1042.6584;;;06-Jul-2024
146954;Sundaram Overnight Fund Regular Plan - Weekly Payout of Income Distribution cum Capital Withdrawal (IDCW);INF903JA1HD2;;1047.3939;;;06-Jul-2024
149820;Sundaram Overnight Fund Unclaimed IDCW beyond three years;INF903JA1KX4;;1000.0000;;;06-Jul-2024
149821;Sundaram Overnight Fund Unclaimed IDCW upto three years;INF903JA1KZ9;;1152.9629;;;06-Jul-2024
149819;Sundaram Overnight Fund Unclaimed Redemption  beyond three years;INF903JA1KY2;;1000.0000;;;06-Jul-2024
149818;Sundaram Overnight Fund Unclaimed Redemption upto three years;INF903JA1LA0;;1152.9483;;;06-Jul-2024

Tata Mutual Fund
146978;TATA Overnight Fund Direct Plan - Daily Reinvestment of Income Distribution cum capital withdrawal option   ;;INF277K019T3;1000.0012;;;06-Jul-2024
146979;TATA Overnight Fund Regular Plan - Daily Reinvestment of Income Distribution cum capital withdrawal option   ;;INF277K017T7;1000.0013;;;06-Jul-2024
146980;Tata Overnight Fund-Direct Plan-Growth;INF277K018T5;;1285.3195;;;06-Jul-2024
146977;Tata Overnight Fund-Regular Plan-Growth;INF277K016T9;;1277.8668;;;06-Jul-2024

Trust Mutual Fund
149796;TRUST MF OVERNIGHT FUND-DIRECT PLAN-DAILY IDCW REINVESTMENT;;INF0GCD01461;1150.006;;;06-Jul-2024
149797;TRUST MF OVERNIGHT FUND-DIRECT PLAN-GROWTH;INF0GCD01453;;1153.4081;;;06-Jul-2024
149798;TRUST MF OVERNIGHT FUND-REGULAR PLAN-DAILY IDCW REINVESTMENT;;INF0GCD01446;1148.7996;;;06-Jul-2024
149795;TRUST MF OVERNIGHT FUND-REGULAR-GROWTH;INF0GCD01438;;1151.9376;;;06-Jul-2024

Union Mutual Fund
147002;Union Overnight Fund - Direct Plan - Daily IDCW Option;;INF582M01FB0;1000.7740;;;06-Jul-2024
147003;Union Overnight Fund - Direct Plan - Growth Option;INF582M01FA2;;1282.6638;;;06-Jul-2024
147006;Union Overnight Fund - Direct Plan - Monthly IDCW Option;INF582M01FG9;INF582M01FE4;1002.5632;;;06-Jul-2024
146998;Union Overnight Fund - Regular Plan - Daily IDCW Option;;INF582M01FK1;1001.2517;;;06-Jul-2024
146997;Union Overnight Fund - Regular Plan - Growth Option;INF582M01FJ3;;1276.0059;;;06-Jul-2024
147000;Union Overnight Fund - Regular Plan - Monthly IDCW Option;INF582M01FP0;INF582M01FN5;1002.4965;;;06-Jul-2024
149451;Union Overnight Fund - Unclaimed Amounts Plan - IDCW Beyond 3 years;;;1000.0000;;;06-Jul-2024
149452;Union Overnight Fund - Unclaimed Amounts Plan - IDCW Upto 3 years;;;1156.3885;;;06-Jul-2024
149453;Union Overnight Fund - Unclaimed Amounts Plan - Redemption Beyond 3 years;;;1000.0000;;;06-Jul-2024
149454;Union Overnight Fund - Unclaimed Amounts Plan - Redemption Upto 3 years;;;1156.3785;;;06-Jul-2024

UTI Mutual Fund
100814;UTI - Overnight  Fund - Regular Plan - Growth Option;INF789F01604;;3300.6385;;;06-Jul-2024
120785;UTI - Overnight Fund - Direct Plan - Growth Option;INF789FB1S71;;3334.795;;;06-Jul-2024
124266;UTI Overnight Fund - Direct Plan - Daily IDCW;;INF789FB1S89;1371.6621;;;06-Jul-2024
120786;UTI Overnight Fund - Direct Plan - Periodic IDCW;INF789FB1T05;INF789FB1S97;1750.1455;;;06-Jul-2024
124265;UTI Overnight Fund - Regular Plan - Daily IDCW;;INF789FB1T13;1370.8617;;;06-Jul-2024
100813;UTI Overnight Fund - Regular Plan - Periodic IDCW;INF789F01588;INF789F01596;1700.3741;;;06-Jul-2024

Open Ended Schemes ( Debt Scheme - Liquid Fund )


Aditya Birla Sun Life Mutual Fund
100047;Aditya Birla Sun Life Liquid Fund - Growth;INF209K01RU9;;393.128;;;06-Jul-2024
119568;Aditya Birla Sun Life Liquid Fund - Growth - Direct Plan;INF209K01VA3;;397.3579;;;06-Jul-2024
100046;Aditya Birla Sun Life Liquid Fund -Daily IDCW;INF209K01KQ2;INF209K01SQ5;100.2136;;;06-Jul-2024
119569;Aditya Birla Sun Life Liquid Fund -Direct - daily IDCW;INF209K01UZ2;;100.2139;;;06-Jul-2024
119571;Aditya Birla Sun Life Liquid Fund -DIRECT - IDCW;INF209K01VD7;;200.6481;;;06-Jul-2024
119570;Aditya Birla Sun Life Liquid Fund -Direct - weekly IDCW;INF209K01VC9;;100.2439;;;06-Jul-2024
100041;Aditya Birla Sun Life Liquid Fund -Institutional - IDCW;;INF209K01KN9;108.0438;;;06-Jul-2024
100048;Aditya Birla Sun Life Liquid Fund -Institutional - weekly  IDCW;INF209KA1LK7;INF209K01KY6;108.0963;;;06-Jul-2024
103885;Aditya Birla Sun Life Liquid Fund -Regular - IDCW;INF209KA1LI1;;152.9888;;;06-Jul-2024
100044;Aditya Birla Sun Life Liquid Fund -Retail - IDCW;;INF209K01KP4;163.7246;;;06-Jul-2024
100051;Aditya Birla Sun Life Liquid Fund -weekly IDCW;INF209K01KU4;INF209KA1LJ9;100.2436;;;06-Jul-2024
112014;Aditya Birla Sun Life Liquid Fund- Discipline Advantage Plan;INF209K01KZ3;;265.2869;;;06-Jul-2024
100043;Aditya Birla Sun Life Liquid Fund-Institutional (Growth);INF209K01RT1;;654.6839;;;06-Jul-2024
100042;Aditya Birla Sun Life Liquid Fund-Retail (Growth);INF209K01ME4;;637.9648;;;06-Jul-2024

Axis Mutual Fund
120388;Axis Liquid Fund - Direct Plan - Daily IDCW;;INF846K01DA0;1000.9560;;;06-Jul-2024
120389;Axis Liquid Fund - Direct Plan - Growth Option;INF846K01CX4;;2736.0898;;;06-Jul-2024
120391;Axis Liquid Fund - Direct Plan - Monthly IDCW;INF846K01CY2;INF846K01CZ9;1003.0531;;;06-Jul-2024
120390;Axis Liquid Fund - Direct Plan - Weekly IDCW;INF846K01DB8;INF846K01DC6;1003.1162;;;06-Jul-2024
112211;Axis Liquid Fund - Regular Plan - Daily IDCW;;INF846K01420;1001.3998;;;06-Jul-2024
112210;Axis Liquid Fund - Regular Plan - Growth Option;INF846K01412;;2715.5140;;;06-Jul-2024
112213;Axis Liquid Fund - Regular Plan - Monthly IDCW;INF846K01453;INF846K01461;1003.5933;;;06-Jul-2024
112212;Axis Liquid Fund - Regular Plan - Weekly IDCW;INF846K01438;INF846K01446;1003.0924;;;06-Jul-2024
112712;Axis Liquid Fund - Retail Plan - Daily IDCW;;INF846K01362;1000.9559;;;06-Jul-2024
112713;Axis Liquid Fund - Retail Plan - Growth Option;INF846K01354;;2498.6741;;;06-Jul-2024
112714;Axis Liquid Fund - Retail Plan - Monthly IDCW;INF846K01396;INF846K01404;1002.8934;;;06-Jul-2024
112715;Axis Liquid Fund - Retail Plan - Weekly IDCW;INF846K01370;INF846K01388;1001.7647;;;06-Jul-2024

Bajaj Finserv Mutual Fund
151835;Bajaj Finserv Liquid Fund - Direct Plan - Daily - IDCW;;INF0QA701029;1034.6939;;;06-Jul-2024
151838;Bajaj Finserv Liquid Fund - Direct Plan - Fortnightly - IDCW;INF0QA701078;INF0QA701045;1035.7971;;;06-Jul-2024
151833;Bajaj Finserv Liquid Fund - Direct Plan - Growth;INF0QA701011;;1074.4884;;;06-Jul-2024
151836;Bajaj Finserv Liquid Fund - Direct Plan - Monthly - IDCW;INF0QA701086;INF0QA701052;1038.4701;;;06-Jul-2024
151834;Bajaj Finserv Liquid Fund - Direct Plan - Weekly - IDCW;INF0QA701060;INF0QA701037;1035.8189;;;06-Jul-2024
151839;Bajaj Finserv Liquid Fund - Regular Plan - Daily - IDCW;;INF0QA701136;1033.8241;;;06-Jul-2024
151841;Bajaj Finserv Liquid Fund - Regular Plan - Fortnightly - IDCW;INF0QA701151;INF0QA701110;1034.8945;;;06-Jul-2024
151837;Bajaj Finserv Liquid Fund - Regular Plan - Growth;INF0QA701094;;1072.6515;;;06-Jul-2024
151842;Bajaj Finserv Liquid Fund - Regular Plan - Monthly - IDCW;INF0QA701169;INF0QA701128;1037.4900;;;06-Jul-2024
151840;Bajaj Finserv Liquid Fund - Regular Plan - Weekly - IDCW;INF0QA701144;INF0QA701102;1034.9072;;;06-Jul-2024

Bandhan Mutual Fund
108692;BANDHAN LIQUID Fund - Regular Plan - Daily IDCW;INF194K01VZ4;INF194K01VY7;1001.2694;;;06-Jul-2024
108690;BANDHAN LIQUID Fund - Regular Plan - Growth;INF194K01VX9;;2949.2570;;;06-Jul-2024
108693;BANDHAN LIQUID Fund - Regular Plan - Monthly IDCW;INF194K01WF4;INF194K01WE7;1002.2787;;;06-Jul-2024
115489;BANDHAN LIQUID Fund - Regular Plan - Periodic IDCW;INF194K01WC1;INF194K01WB3;1273.3175;;;06-Jul-2024
108691;BANDHAN LIQUID Fund - Regular Plan - Weekly IDCW;INF194K01WI8;INF194K01WH0;1001.2721;;;06-Jul-2024
139582;BANDHAN LIQUID Fund - Unclaimed IDCW Less than 3 years;INF194KA14C0;;1.5841;;;06-Jul-2024
139583;BANDHAN LIQUID Fund - Unclaimed IDCW More than 3 years;INF194KA15C7;;1.0000;;;06-Jul-2024
139584;BANDHAN LIQUID Fund - Unclaimed Redemption Less than 3 years;INF194KA12C4;;1.5841;;;06-Jul-2024
139585;BANDHAN LIQUID Fund - Unclaimed Redemption More than 3 years;INF194KA13C2;;1.0000;;;06-Jul-2024
118365;BANDHAN LIQUID Fund -Direct Plan -Monthly IDCW;INF194K01J36;INF194K01J28;1009.0361;;;06-Jul-2024
118367;BANDHAN LIQUID Fund -Direct Plan -Weekly IDCW;INF194KB1JT8;INF194K01J51;1007.1481;;;06-Jul-2024
118366;BANDHAN LIQUID Fund -Direct Plan-Daily IDCW;;INF194K01I78;1001.8546;;;06-Jul-2024
118364;BANDHAN LIQUID Fund -Direct Plan-Growth;INF194K01I60;;2974.0385;;;06-Jul-2024
118363;BANDHAN LIQUID Fund -Direct Plan-Periodic IDCW;INF194K01J02;INF194K01I94;1198.1515;;;06-Jul-2024

Bank of India Mutual Fund
119368;BANK OF INDIA Liquid Fund- Direct Plan- Daily IDCW;;INF761K01CL0;1002.6483;;;06-Jul-2024
119369;BANK OF INDIA Liquid Fund- Direct Plan- Growth;INF761K01785;;2834.8715;;;06-Jul-2024
119370;BANK OF INDIA Liquid Fund- Direct Plan- Weekly IDCW;;INF761K01CM8;1062.6538;;;06-Jul-2024
111971;BANK OF INDIA Liquid Fund- Regular Plan- Daily IDCW;;INF761K01CO4;1002.1069;;;06-Jul-2024
109254;BANK OF INDIA Liquid Fund- Regular Plan- Growth;INF761K01306;;2807.8160;;;06-Jul-2024
109255;BANK OF INDIA Liquid Fund- Regular Plan- Weekly IDCW;;INF761K01CP1;1002.3466;;;06-Jul-2024

Baroda BNP Paribas Mutual Fund
119414;Baroda BNP Paribas LIQUID FUND - DIRECT PLAN - DAILY IDCW OPTION;INF955L01AK2;;1002.0849;;;06-Jul-2024
119415;Baroda BNP Paribas LIQUID FUND - DIRECT PLAN - GROWTH OPTION;INF955L01AL0;;2838.789;;;06-Jul-2024
119416;Baroda BNP Paribas LIQUID FUND - DIRECT PLAN - WEEKLY IDCW OPTION;INF251K01SL8;;1219.3642;;;06-Jul-2024
111707;Baroda BNP Paribas LIQUID FUND - Regular Plan - DAILY IDCW OPTION;INF955L01468;INF955L01476;1001.1996;;;06-Jul-2024
111704;Baroda BNP Paribas LIQUID FUND - Regular Plan - GROWTH OPTION;INF955L01484;;2807.0983;;;06-Jul-2024
111705;Baroda BNP Paribas LIQUID FUND - Regular Plan - WEEKLY IDCW OPTION;INF251K01SK0;INF955L01500;1000.9158;;;06-Jul-2024
101408;Baroda BNP Paribas LIQUID FUND- Defunct Plan -Growth Option;INF955L01575;;4132.5545;;;06-Jul-2024
101407;Baroda BNP Paribas LIQUID FUND-Defunct Plan- IDCW Option;INF955L01559;INF955L01567;3409.7957;;;06-Jul-2024

Canara Robeco Mutual Fund
118307;CANARA ROBECO LIQUID FUND - DIRECT PLAN - DAILY IDCW (Reinvestment);;INF760K01FS0;1005.5000;;;06-Jul-2024
118305;CANARA ROBECO LIQUID FUND - DIRECT PLAN - GROWTH OPTION;INF760K01FU6;;2950.0986;;;06-Jul-2024
118304;CANARA ROBECO LIQUID FUND - DIRECT PLAN - IDCW (Payout/Reinvestment);INF760K01FT8;;2111.3236;;;06-Jul-2024
118306;CANARA ROBECO LIQUID FUND - DIRECT PLAN - MONTHLY IDCW (Payout/Reinvestment);INF760K01FV4;INF760K01FW2;1002.1881;;;06-Jul-2024
118308;CANARA ROBECO LIQUID FUND - DIRECT PLAN - WEEKLY IDCW (Payout/Reinvestment);INF760K01FY8;INF760K01FX0;1000.7652;;;06-Jul-2024
109349;CANARA ROBECO LIQUID FUND - REGULAR PLAN - DAILY IDCW (Reinvestment);;INF760K01CU3;1005.5000;;;06-Jul-2024
109353;CANARA ROBECO LIQUID FUND - REGULAR PLAN - GROWTH OPTION;INF760K01CW9;;2935.9308;;;06-Jul-2024
109351;CANARA ROBECO LIQUID FUND - REGULAR PLAN - MONTHLY IDCW (Payout/Reinvestment);INF760K01CX7;INF760K01CY5;1002.1660;;;06-Jul-2024
109350;CANARA ROBECO LIQUID FUND - REGULAR PLAN - WEEKLY IDCW (Payout/Reinvestment);INF760K01BZ4;INF760K01CZ2;1000.7586;;;06-Jul-2024
139235;Canara Robeco Liquid Fund -Unclaimed Redemption and Dividend Plan -Direct Growth Option;INF760K01IC8;;1608.5261;;;06-Jul-2024

DSP Mutual Fund
119125;DSP Liquidity Fund - Direct Plan - Growth;INF740K01QL4;;3518.6385;;;06-Jul-2024
119124;DSP Liquidity Fund - Direct Plan - IDCW - Daily;;INF740KA1OB6;1001.1223;;;06-Jul-2024
119123;DSP Liquidity Fund - Direct Plan - IDCW - Weekly;INF740KA1OC4;INF740KA1OD2;1001.2422;;;06-Jul-2024
103347;DSP Liquidity Fund - Regular Plan - Growth;INF740K01FK9;;3482.2091;;;06-Jul-2024
103348;DSP Liquidity Fund - Regular Plan - IDCW - Weekly;INF740K01FM5;INF740K01FL7;1001.2364;;;06-Jul-2024
103349;DSP Liquidity Fund- Regular Plan - IDCW - Daily;;INF740KA1OE0;1001.1196;;;06-Jul-2024

Edelweiss Mutual Fund
140194;Edelweiss Liquid Fund - Direct Plan - Bonus Option;INF754K01GY9;;1850.0973;;;06-Jul-2024
140196;Edelweiss Liquid Fund - Direct Plan - Growth Option;INF754K01GM4;;3180.053;;;06-Jul-2024
140198;Edelweiss Liquid Fund - Direct Plan - IDCW Option;INF754K01GO0;INF754K01GN2;3180.0573;;;06-Jul-2024
140192;Edelweiss Liquid Fund - Direct Plan Annual - IDCW Option;INF754K01GX1;INF754K01GT9;3180.0318;;;06-Jul-2024
140193;Edelweiss Liquid Fund - Direct Plan daily - IDCW Option;;INF754K01GP7;1080.1596;;;06-Jul-2024
140199;Edelweiss Liquid Fund - Direct Plan Fortnightly - IDCW Option;INF754K01GV5;INF754K01GR3;2477.1525;;;06-Jul-2024
140197;Edelweiss Liquid Fund - Direct Plan Monthly - IDCW Option;INF754K01GW3;INF754K01GS1;1006.5806;;;06-Jul-2024
140195;Edelweiss Liquid Fund - Direct Plan weekly - IDCW Option;INF754K01GU7;INF754K01GQ5;2174.6612;;;06-Jul-2024
140189;Edelweiss Liquid Fund - Regular Plan - Bonus Option;INF754K01HR1;;1817.2169;;;06-Jul-2024
140182;Edelweiss Liquid Fund - Regular Plan - Growth Option;INF754K01GZ6;;3119.778;;;06-Jul-2024
140190;Edelweiss Liquid Fund - Regular Plan - IDCW Option;INF754K01GK8;INF754K01GL6;3119.78;;;06-Jul-2024
140188;Edelweiss Liquid Fund - Regular Plan Annual - IDCW Option;INF754K01HQ3;INF754K01HP5;2158.6157;;;06-Jul-2024
140181;Edelweiss Liquid Fund - Regular Plan Daily - IDCW Option;;INF754K01HA7;1155.1637;;;06-Jul-2024
140184;Edelweiss Liquid Fund - Regular Plan Fortnightly - IDCW Option;INF754K01HK6;INF754K01HC3;2156.2353;;;06-Jul-2024
140183;Edelweiss Liquid Fund - Regular Plan Monthly - IDCW Option;INF754K01HL4;INF754K01HD1;1084.8563;;;06-Jul-2024
140185;Edelweiss Liquid Fund - Regular Plan Weekly - IDCW Option;INF754K01HJ8;INF754K01HB5;1166.9647;;;06-Jul-2024
140176;Edelweiss Liquid Fund - Retail Plan - Growth Option;INF754K01HE9;;2837.1798;;;06-Jul-2024
140178;Edelweiss Liquid Fund - Retail Plan - Weekly Dividend Option;;INF754K01HG4;1231.8525;;;06-Jul-2024
140177;Edelweiss Liquid Fund - Retail Plan Daily - IDCW Option;;INF754K01HF6;1057.9813;;;06-Jul-2024
140180;Edelweiss Liquid Fund - Retail Plan Monthly - IDCW Option;;INF754K01HI0;1246.3711;;;06-Jul-2024

Franklin Templeton Mutual Fund
100538;Franklin India Liquid Fund - Regular Plan - Growth;INF090I01BB1;;5556.3751;;;06-Jul-2024
118577;Franklin India Liquid Fund - Super Institutional - Direct - Growth;INF090I01JV2;;3697.7796;;;06-Jul-2024
100546;Franklin India Liquid Fund - Super Institutional Plan - Growth;INF090I01BG0;;3669.9733;;;06-Jul-2024

HDFC Mutual Fund
119091;HDFC Liquid Fund - Growth Option - Direct Plan;INF179KB1HP9;;4835.7433;;;06-Jul-2024
100868;HDFC Liquid Fund - Growth Plan;INF179KB1HK0;;4788.0706;;;06-Jul-2024

HSBC Mutual Fund
120038;HSBC Liquid Fund -  Growth Direct;INF336L01CC8;;2452.8012;;;06-Jul-2024
120037;HSBC Liquid Fund - Direct Daily IDCW;;INF336L01CB0;1001.7638;;;06-Jul-2024
120039;HSBC Liquid Fund - Direct Monthly IDCW;INF336L01BZ1;INF336L01CA2;1040.3353;;;06-Jul-2024
120040;HSBC Liquid Fund - Direct Weekly IDCW;INF336L01LK2;INF336L01CD6;1196.0129;;;06-Jul-2024
118907;HSBC Liquid Fund - Growth;INF336L01BL1;;3509.614;;;06-Jul-2024
118906;HSBC Liquid Fund - IDCW;;INF336L01BK3;1019.4884;;;06-Jul-2024
118909;HSBC Liquid Fund - Institutional Daily IDCW;;INF336L01BS6;1563.1155;;;06-Jul-2024
118901;HSBC Liquid Fund - Regular Daily IDCW;;INF336L01BM9;1001.564;;;06-Jul-2024
118902;HSBC Liquid Fund - Regular Growth;INF336L01BN7;;2432.4954;;;06-Jul-2024
118903;HSBC Liquid Fund - Regular Monthly IDCW;INF336L01BP2;INF336L01BO5;1004.6364;;;06-Jul-2024
118904;HSBC Liquid Fund - Regular Weekly IDCW;INF336L01LJ4;INF336L01BQ0;1108.2488;;;06-Jul-2024
118908;HSBC Liquid Fund - Weekly IDCW;;INF336L01BR8;1001.6025;;;06-Jul-2024

ICICI Prudential Mutual Fund
120197;ICICI Prudential Liquid Fund - Direct Plan - Growth;INF109K01Q49;;364.4168;;;06-Jul-2024
103340;ICICI Prudential Liquid Fund - Growth;INF109K01VQ1;;361.2407;;;06-Jul-2024

Invesco Mutual Fund
122786;Invesco India Liquid Fund - Bonus Option;INF205K01UX5;;3358.7472;;;06-Jul-2024
104484;Invesco India Liquid Fund - Daily IDCW (Reinvestment);;INF205K01HN3;1002.7594;;;06-Jul-2024
120537;Invesco India Liquid Fund - Direct Plan - Growth;INF205K01MF9;;3379.1552;;;06-Jul-2024
120536;Invesco India Liquid Fund - Direct Plan - Monthly IDCW (Payout / Reinvestment);INF205K01MG7;INF205K01MH5;1084.2661;;;06-Jul-2024
120535;Invesco India Liquid Fund - Direct Plan - Weekly IDCW (Reinvestment);INF205KA1BE5;INF205K01MI3;1162.6684;;;06-Jul-2024
120534;Invesco India Liquid Fund - Direct Plan- Daily IDCW (Reinvestment);;INF205K01ME2;1000.9596;;;06-Jul-2024
104486;Invesco India Liquid Fund - Growth;INF205K01HM5;;3352.7531;;;06-Jul-2024
104492;Invesco India Liquid Fund - Monthly IDCW (Payout / Reinvestment);INF205K01HQ6;INF205K01HP8;1004.9358;;;06-Jul-2024
104488;Invesco India Liquid Fund - Regular - Growth;INF205K01HG7;;2984.4653;;;06-Jul-2024
104489;Invesco India Liquid Fund - Regular - Weekly IDCW (Reinvestment);;INF205K01HH5;1003.6817;;;06-Jul-2024
139390;Invesco India Liquid Fund - Unclaimed Dividend Plan - Above 3 Years;;;1000;;;06-Jul-2024
139389;Invesco India Liquid Fund - Unclaimed Dividend Plan - Below 3 Years;;;1601.4119;;;06-Jul-2024
139388;Invesco India Liquid Fund - Unclaimed Redemption Plan - Above 3 Years;;;1000;;;06-Jul-2024
139387;Invesco India Liquid Fund - Unclaimed Redemption Plan - Below 3 years;;;1601.3572;;;06-Jul-2024
104485;Invesco India Liquid Fund - Weekly IDCW (Reinvestment);INF205KA1BD7;INF205K01HO1;1019.3984;;;06-Jul-2024

ITI Mutual Fund
147161;ITI Liquid Fund - Direct Plan - Annually IDCW Option;INF00XX01366;INF00XX01333;1283.8432;;;06-Jul-2024
147158;ITI Liquid Fund - Direct Plan - Daily IDCW Option;;INF00XX01291;1001.0000;;;06-Jul-2024
147157;ITI Liquid Fund - Direct Plan - Growth Option;INF00XX01283;;1282.6076;;;06-Jul-2024
147163;ITI Liquid Fund - Direct Plan - Monthly IDCW Option;INF00XX01358;INF00XX01325;1002.9188;;;06-Jul-2024
147159;ITI Liquid Fund - Direct Plan - Weekly IDCW Option;;INF00XX01309;1001.6775;;;06-Jul-2024
147162;ITI Liquid Fund - Regular Plan - Annually IDCW Option;INF00XX01275;INF00XX01242;1280.1549;;;06-Jul-2024
147154;ITI Liquid Fund - Regular Plan - Daily IDCW Option;;INF00XX01200;1001.0000;;;06-Jul-2024
147155;ITI Liquid Fund - Regular Plan - Fortnightly Income Distribution cum capital withdrawal option Option;INF00XX01259;INF00XX01226;1002.8757;;;06-Jul-2024
147153;ITI Liquid Fund - Regular Plan - Growth Option;INF00XX01192;;1273.7605;;;06-Jul-2024
147156;ITI Liquid Fund - Regular Plan - Monthly IDCW Option;INF00XX01267;INF00XX01234;1001.1538;;;06-Jul-2024
147164;ITI Liquid Fund - Regular Plan - Weekly IDCW Option;;INF00XX01218;1001.6618;;;06-Jul-2024

LIC Mutual Fund
120248;LIC MF Liquid Fund-Direct Plan-Daily IDCW;INF767K01DL5;INF767K01DM3;1033.3725;;;06-Jul-2024
120249;LIC MF Liquid Fund-Direct Plan-Growth;INF767K01DN1;;4470.9951;;;06-Jul-2024
151930;LIC MF Liquid Fund-Direct Plan-Monthly IDCW;INF397L01AK7;INF397L01AJ9;1085.3276;;;06-Jul-2024
151932;LIC MF Liquid Fund-Direct Plan-Weekly IDCW;INF397L01AM3;INF397L01AL5;1015.6389;;;06-Jul-2024
101184;LIC MF Liquid Fund-Regular Plan-Daily IDCW;INF767K01IQ3;INF767K01IR1;1000.1751;;;06-Jul-2024
101185;LIC MF Liquid Fund-Regular Plan-Growth;INF767K01IS9;;4412.8641;;;06-Jul-2024
151928;LIC MF Liquid Fund-Regular Plan-Monthly IDCW;INF397L01976;INF397L01968;1069.0699;;;06-Jul-2024
151927;LIC MF Liquid Fund-Regular Plan-Weekly IDCW;INF397L01950;INF397L01943;1001.4901;;;06-Jul-2024

Mahindra Manulife Mutual Fund
139535;Mahindra Manulife Liquid Fund - Direct Plan - Daily IDCW;;INF174V01051;1128.4343;;;06-Jul-2024
139536;Mahindra Manulife Liquid Fund - Direct Plan - Weekly IDCW;;INF174V01069;1003.3490;;;06-Jul-2024
139538;Mahindra Manulife Liquid Fund - Direct Plan -Growth;INF174V01044;;1602.9927;;;06-Jul-2024
139534;Mahindra Manulife Liquid Fund - Regular Plan - Daily IDCW;;INF174V01028;1000.5686;;;06-Jul-2024
139537;Mahindra Manulife Liquid Fund - Regular Plan - Growth;INF174V01010;;1587.7190;;;06-Jul-2024
139541;Mahindra Manulife Liquid Fund - Regular Plan - Weekly IDCW;;INF174V01036;1009.7639;;;06-Jul-2024

Mirae Asset Mutual Fund
118859;Mirae Asset Liquid Fund - Direct Plan - Growth;INF769K01CM1;;2600.0800;;;06-Jul-2024
118862;Mirae Asset Liquid Fund - Direct Plan - Weekly IDCW;INF769K01PD2;INF769K01CP4;1216.8546;;;06-Jul-2024
118861;Mirae Asset Liquid Fund - Direct Plan -Daily IDCW;;INF769K01CO7;1075.8332;;;06-Jul-2024
118860;Mirae Asset Liquid Fund - Direct Plan -Monthly IDCW;INF769K01CN9;INF769K01CQ2;1137.4739;;;06-Jul-2024
111647;Mirae Asset Liquid Fund - Regular - Daily IDCW;;INF769K01804;1066.4347;;;06-Jul-2024
111646;Mirae Asset Liquid Fund - Regular Plan - Growth;INF769K01788;;2558.5993;;;06-Jul-2024
111645;Mirae Asset Liquid Fund - Regular Plan - Monthly IDCW;INF769K01838;INF769K01820;1155.1289;;;06-Jul-2024
111644;Mirae Asset Liquid Fund - Regular Plan - Weekly IDCW;INF769K01PC4;INF769K01812;1153.1549;;;06-Jul-2024

Nippon India Mutual Fund
100852;NIPPON INDIA LIQUID FUND - DAILY IDCW OPTION;;INF204K01UM1;1529.0202;;;06-Jul-2024
118695;NIPPON INDIA LIQUID FUND - DIRECT Plan - DAILY IDCW OPTION;;INF204K01ZG2;1529.0259;;;06-Jul-2024
118696;NIPPON INDIA LIQUID FUND - DIRECT Plan - MONTHLY IDCW OPTION;INF204K01ZI8;INF204K01ZJ6;1590.9094;;;06-Jul-2024
118698;NIPPON INDIA LIQUID FUND - DIRECT Plan - QUARTERLY IDCW OPTION;INF204K01ZK4;INF204K01ZL2;1007.4049;;;06-Jul-2024
118700;NIPPON INDIA LIQUID FUND - DIRECT Plan - WEEKLY IDCW OPTION;INF204KC1FN6;INF204K01ZM0;1530.5863;;;06-Jul-2024
118701;Nippon India Liquid Fund - Direct Plan Growth Plan - Growth Option;INF204K01ZH0;;6024.7196;;;06-Jul-2024
100855;NIPPON INDIA LIQUID FUND - MONTHLY IDCW OPTION;INF204K01UO7;INF204K01UP4;1587.5340;;;06-Jul-2024
112340;NIPPON INDIA LIQUID FUND - QUARTERLY IDCW OPTION;INF204K01UQ2;INF204K01UR0;1005.9199;;;06-Jul-2024
100837;Nippon India Liquid Fund - Retail Option - Growth Plan;INF204K01UL3;;5305.6015;;;06-Jul-2024
100842;NIPPON INDIA LIQUID FUND - RETAIL Plan - DAILY IDCW OPTION;;INF204K01UJ7;1524.5341;;;06-Jul-2024
100843;NIPPON INDIA LIQUID FUND - RETAIL plan - MONTHLY IDCW OPTION;INF204K01UT6;INF204K01UU4;1329.3212;;;06-Jul-2024
100844;NIPPON INDIA LIQUID FUND - RETAIL Plan - QUARTERLY IDCW OPTION;INF204K01UV2;INF204K01UW0;1217.4965;;;06-Jul-2024
100838;NIPPON INDIA LIQUID FUND - RETAIL Plan - WEEKLY IDCW OPTION;;INF204K01UK5;1034.3363;;;06-Jul-2024
100853;NIPPON INDIA LIQUID FUND - WEEKLY IDCW OPTION;INF204KC1FM8;INF204K01US8;1530.5814;;;06-Jul-2024
100851;Nippon India Liquid Fund -Growth Plan;INF204K01UN9;;5956.0236;;;06-Jul-2024

PGIM India Mutual Fund
138285;PGIM India Liquid Fund - Daily Dividend;;INF223J01BO9;100.304;;;06-Jul-2024
138297;PGIM India Liquid Fund - Direct Plan - Daily Dividend;INF223J01NR7;;114.4163;;;06-Jul-2024
138299;PGIM India Liquid Fund - Direct Plan - Growth;INF223J01NS5;;321.034;;;06-Jul-2024
138298;PGIM India Liquid Fund - Direct Plan - Monthly Dividend;INF223J01NT3;INF223J01NU1;115.9857;;;06-Jul-2024
138301;PGIM India Liquid Fund - Direct Plan - Weekly Dividend;INF223J01NV9;INF223J01NW7;100.5241;;;06-Jul-2024
138288;PGIM India Liquid Fund - Growth;INF223J01BP6;;317.5734;;;06-Jul-2024
138287;PGIM India Liquid Fund - Monthly Dividend;INF223J01BL5;;116.4785;;;06-Jul-2024
138289;PGIM India Liquid Fund - Weekly Dividend;INF223J01BU6;;100.5238;;;06-Jul-2024

PPFAS Mutual Fund
143263;Parag Parikh Liquid Fund- Direct Plan- Daily Reinvestment of IDCW;;INF879O01118;1000.5405;;;06-Jul-2024
143269;Parag Parikh Liquid Fund- Direct Plan- Growth;INF879O01068;;1366.6520;;;06-Jul-2024
143262;Parag Parikh Liquid Fund- Direct Plan- Monthly IDCW;INF879O01076;INF879O01084;1005.3460;;;06-Jul-2024
143265;Parag Parikh Liquid Fund- Direct Plan- Weekly Reinvestment of IDCW;;INF879O01134;1001.9786;;;06-Jul-2024
143264;Parag Parikh Liquid Fund- Regular Plan- Daily Reinvestment of IDCW;;INF879O01126;1000.5404;;;06-Jul-2024
143260;Parag Parikh Liquid Fund- Regular Plan- Growth;INF879O01035;;1358.1513;;;06-Jul-2024
143261;Parag Parikh Liquid Fund- Regular Plan- Monthly IDCW;INF879O01043;INF879O01050;1005.3125;;;06-Jul-2024
143266;Parag Parikh Liquid Fund- Regular Plan- Weekly Reinvestment of IDCW;;INF879O01142;1001.9641;;;06-Jul-2024

Quantum Mutual Fund
103736;Quantum Liquid Fund - Direct Plan Daily IDCW;;INF082J01135;10.0105;;;06-Jul-2024
103734;Quantum Liquid Fund - Direct Plan Growth Option;INF082J01127;;33.0173;;;06-Jul-2024
103735;Quantum Liquid Fund - Direct Plan Monthly IDCW;INF082J01143;INF082J01200;10.0349;;;06-Jul-2024
141065;Quantum Liquid Fund - Regular Plan Daily IDCW;;INF082J01317;10.0002;;;06-Jul-2024
141066;Quantum Liquid Fund - Regular Plan Growth Option;INF082J01309;;32.8190;;;06-Jul-2024
141067;Quantum Liquid Fund - Regular Plan Monthly IDCW;INF082J01325;INF082J01333;10.0320;;;06-Jul-2024
152299;Quantum Liquid Fund - Unclaimed IDCW Plan Above 3 years;;;10.0000;;;06-Jul-2024
152298;Quantum Liquid Fund - Unclaimed IDCW Plan Below 3 years;;;10.3810;;;06-Jul-2024
152301;Quantum Liquid Fund - Unclaimed Redemption Plan Above 3 years;;;10.0000;;;06-Jul-2024
152300;Quantum Liquid Fund - Unclaimed Redemption Plan Below 3 years;;;10.0000;;;06-Jul-2024

SBI Mutual Fund
119804;SBI Liquid Fund - Direct Paln - Fortnightly Income Distribution cum Capital Withdrawal Option (IDCW);INF200K01UR8;INF200K01US6;1257.9913;;;06-Jul-2024
119805;SBI Liquid Fund - Direct Plan - Daily Income Distribution cum Capital Withdrawal Option (IDCW);;INF200K01UQ0;1144.0484;;;06-Jul-2024
119799;SBI Liquid Fund - Direct Plan - Weekly Income Distribution cum Capital Withdrawal Option (IDCW);INF200K01UU2;INF200K01UV0;1315.7105;;;06-Jul-2024
119800;SBI Liquid Fund - DIRECT PLAN -Growth;INF200K01UT4;;3852.3675;;;06-Jul-2024
105274;SBI Liquid Fund - Institutional - Growth;INF200K01LU1;;3853.0928;;;06-Jul-2024
105275;SBI Liquid Fund - Institutional Daily Income Distribution cum Capital Withdrawal Option (IDCW);;INF200K01LR7;1237.8441;;;06-Jul-2024
105281;SBI Liquid Fund - Regular Plan - Daily Income Distribution cum Capital Withdrawal Option (IDCW);;INF200K01LX5;1140.7391;;;06-Jul-2024
105283;SBI Liquid Fund - Regular Plan - Fortnightly Income Distribution cum Capital Withdrawal Option (IDCW);INF200K01LY3;INF200K01LZ0;1252.6622;;;06-Jul-2024
105282;SBI Liquid Fund - Regular Plan - Weekly Income Distribution cum Capital Withdrawal Option (IDCW);INF200K01MB9;INF200K01MC7;1310.1421;;;06-Jul-2024
105280;SBI Liquid Fund - REGULAR PLAN -Growth;INF200K01MA1;;3816.9966;;;06-Jul-2024

Sundaram Mutual Fund
149744;Sundaram  Liquid Fund (Formerly Known as Principal Cash Management Fund) Direct IDCW;;INF903JA1JK3;1114.2399;;;06-Jul-2024
149742;Sundaram Liquid Fund (Formerly Known as  Principal Cash Management Fund) Regular Plan Principal Units;;INF903JA1JI7;1191.8957;;;06-Jul-2024
149663;Sundaram Liquid Fund (Formerly Known as Principal Cash Management Fund )- Direct Plan - Income Distribution CUM Capital Withdrawal Option - Daily;;INF173K01GT2;1000.8256;;;06-Jul-2024
149658;Sundaram Liquid Fund (Formerly Known as Principal Cash Management Fund) - Daily Income Distribution CUM Capital Withdrawal;;INF173K01DB7;1001.0743;;;06-Jul-2024
149664;Sundaram Liquid Fund (Formerly Known as Principal Cash Management Fund) - Direct Plan - Growth Option;INF173K01GU0;;2174.2028;;;06-Jul-2024
149660;Sundaram Liquid Fund (Formerly Known as Principal Cash Management Fund) - Regular Plan IDCW;INF173K01DD3;INF173K01DE1;1028.5135;;;06-Jul-2024
149662;Sundaram Liquid Fund (Formerly Known as Principal Cash Management Fund) -Direct Plan - IDCW;INF173K01GV8;INF173K01GW6;1028.6563;;;06-Jul-2024
149661;Sundaram Liquid Fund (Formerly Known as Principal Cash Management Fund) -Growth Option;INF173K01DA9;;2153.2624;;;06-Jul-2024
149738;Sundaram Liquid Fund (Formerly Known as Principal Cash Management Fund) Direct Fortnightly IDCW;;INF903JA1JJ5;1025.9412;;;06-Jul-2024
149737;Sundaram Liquid Fund (Formerly Known as Principal Cash Management Fund) Direct Principal Units;;INF903JA1JH9;1195.6164;;;06-Jul-2024
149739;Sundaram Liquid Fund (Formerly Known as Principal Cash Management Fund) Regular Fortnightly IDCW;;INF903JA1JF3;1025.8597;;;06-Jul-2024
149740;Sundaram Liquid Fund (Formerly Known as Principal Cash Management Fund) Regular IDCW;;INF903JA1JG1;1111.0187;;;06-Jul-2024
149659;Sundaram Liquid Fund (Formerly Principal Cash Management Fund) - Weekly Income Distribution CUM Capital Withdrawal Option;;INF173K01DC5;1006.7589;;;06-Jul-2024
149665;Sundaram Liquid Fund(Formerly Known as Principal Cash Management Fund)- Direct Plan - Income Distribution CUM Capital Withdrawal Option - Weekly;;INF173K01GY2;1007.2197;;;06-Jul-2024

Tata Mutual Fund
102672;Tata Liquid Fund -Regular Plan - Growth Option;INF277K01YD8;;3842.5067;;;06-Jul-2024
119862;Tata Liquid Fund- Direct Plan - Daily Reinvestment of IDCW Option;;INF277K012D2;1001.5187;;;06-Jul-2024
119861;Tata Liquid Fund- Direct Plan-Growth Option;INF277K01YE6;;3884.3309;;;06-Jul-2024
101714;Tata Liquid Fund- Regular Plan - Daily Reinvestment of IDCW Option;;INF277K011D4;1001.5157;;;06-Jul-2024

Trust Mutual Fund
148842;TRUSTMF Liquid Fund-Direct Plan-Daily Income Distribution cum Capital Withdrawal;;INF0GCD01263;1156.6752;;;06-Jul-2024
148841;TRUSTMF Liquid Fund-Direct Plan-Growth;INF0GCD01255;;1193.0415;;;06-Jul-2024
148839;TRUSTMF Liquid Fund-Direct Plan-Monthly Income Distribution cum Capital Withdrawal;INF0GCD01305;INF0GCD01297;1111.083;;;06-Jul-2024
148837;TRUSTMF Liquid Fund-Direct Plan-Weekly Income Distribution cum Capital Withdrawal;INF0GCD01271;INF0GCD01289;1131.8226;;;06-Jul-2024
148834;TRUSTMF Liquid Fund-Regular Plan-Daily Income Distribution cum Capital Withdrawal;;INF0GCD01206;1115.6753;;;06-Jul-2024
148833;TRUSTMF Liquid Fund-Regular Plan-Growth;INF0GCD01198;;1187.2694;;;06-Jul-2024
148843;TRUSTMF Liquid Fund-Regular Plan-Monthly Income Distribution cum Capital Withdrawal;INF0GCD01248;INF0GCD01230;1106.6342;;;06-Jul-2024
148836;TRUSTMF Liquid Fund-Regular Plan-Weekly Income Distribution cum Capital Withdrawal;INF0GCD01214;INF0GCD01222;1093.8388;;;06-Jul-2024

Union Mutual Fund
115401;Union Liquid Fund - Daily IDCW Option;;INF582M01021;1000.7927;;;06-Jul-2024
119301;Union Liquid Fund - Direct Plan - Daily IDCW Option;;INF582M01682;1000.7927;;;06-Jul-2024
119305;Union Liquid Fund - Direct Plan - Fortnightly IDCW Option;INF582M01724;INF582M01708;1003.0441;;;06-Jul-2024
119303;Union Liquid Fund - Direct Plan - Growth Option;INF582M01674;;2373.9119;;;06-Jul-2024
119302;Union Liquid Fund - Direct Plan - Monthly IDCW Option;INF582M01732;INF582M01716;1002.8475;;;06-Jul-2024
119304;Union Liquid Fund - Direct Plan - Weekly IDCW Option;;INF582M01690;1001.5349;;;06-Jul-2024
115399;Union Liquid Fund - Fortnightly IDCW Option;INF582M01062;INF582M01047;1002.8268;;;06-Jul-2024
115398;Union Liquid Fund - Growth Option;INF582M01013;;2347.3944;;;06-Jul-2024
115400;Union Liquid Fund - Monthly IDCW Option;INF582M01070;INF582M01054;1002.8228;;;06-Jul-2024
115402;Union Liquid Fund - Weekly IDCW Option;;INF582M01039;1001.6866;;;06-Jul-2024

UTI Mutual Fund
134427;UTI Liquid Fund - Direct Plan - Annual IDCW;INF789FA1K63;INF789FA1K71;1774.6569;;;06-Jul-2024
120558;UTI Liquid Fund - Direct Plan - Daily IDCW (Reinvestment);;INF789F01XP8;1063.1666;;;06-Jul-2024
141768;UTI Liquid Fund - Direct Plan - Flexi IDCW;INF789FA1K89;INF789FA1K97;1461.6873;;;06-Jul-2024
140913;UTI Liquid Fund - Direct Plan - Fortnightly IDCW;INF789FA1K06;INF789FA1K14;1157.5534;;;06-Jul-2024
140504;UTI Liquid Fund - Direct Plan - Half-Yearly IDCW;INF789FA1K48;INF789FA1K55;1386.2392;;;06-Jul-2024
120794;UTI Liquid Fund - Direct Plan - Monthly IDCW;INF789F01XR4;INF789F01XS2;1041.0073;;;06-Jul-2024
140024;UTI Liquid Fund - Direct Plan - Quarterly IDCW;INF789FA1K22;INF789FA1K30;1676.0423;;;06-Jul-2024
120777;UTI Liquid Fund - Direct Plan - Weekly IDCW;;INF789F01XT0;1253.0776;;;06-Jul-2024
133973;UTI Liquid Fund - Regular Plan - Annual IDCW;INF789FA1J66;INF789FA1J74;1764.8129;;;06-Jul-2024
102010;UTI Liquid Fund - Regular Plan - Daily IDCW (Reinvestment);;INF789F01PG3;1085.5923;;;06-Jul-2024
140517;UTI Liquid Fund - Regular Plan - Flexi IDCW;INF789FA1J82;INF789FA1J90;1454.52;;;06-Jul-2024
139838;UTI Liquid Fund - Regular Plan - Fortnightly IDCW;INF789FA1J09;INF789FA1J17;1170.0759;;;06-Jul-2024
144475;UTI Liquid Fund - Regular Plan - Half-Yearly IDCW;INF789FA1J41;INF789FA1J58;1228.7665;;;06-Jul-2024
102011;UTI Liquid Fund - Regular Plan - Monthly IDCW;INF789F01PI9;INF789F01PJ7;1043.2208;;;06-Jul-2024
135721;UTI Liquid Fund - Regular Plan - Quarterly IDCW;INF789FA1J25;INF789FA1J33;1666.3797;;;06-Jul-2024
102013;UTI Liquid Fund - Regular Plan - Weekly IDCW;;INF789F01PK5;1053.505;;;06-Jul-2024
120304;UTI-  Liquid Cash Plan - Direct Plan - Growth Option;INF789F01XQ6;;4035.2627;;;06-Jul-2024
102012;UTI-  Liquid Cash Plan - Regular Plan - Growth Option;INF789F01PH1;;4002.3809;;;06-Jul-2024
102008;UTI-  Liquid Cash Plan- Discontinued - Regular Plan - Monthly Dividend Option;INF789F01BC2;INF789F01BA6;1071.1292;;;06-Jul-2024
102009;UTI-  Liquid Cash Plan- Discontinued - Regular Plan -Growth;INF789F01BB4;;3637.8258;;;06-Jul-2024
102007;UTI-  Liquid Cash Plan- Discontinued -Regular Plan Periodic Dividend Option;;INF789F01AZ5;1132.7167;;;06-Jul-2024

Open Ended Schemes ( Other Scheme - Other  ETFs )


Bajaj Finserv Mutual Fund
152638;Bajaj Finserv Nifty 1D Rate Liquid ETF;INF0QA701854;;1000.0000;;;06-Jul-2024

Mirae Asset Mutual Fund
151908;Mirae Asset Nifty 1D Rate Liquid ETF-IDCW;;INF769K01KS1;1000.0000;;;06-Jul-2024

Close Ended Schemes ( Income )


SBI Mutual Fund
146974;SBI Fixed Maturity Plan (FMP) - Series 1 (3668 Days) - Direct Plan - Growth;INF200KA1D03;;15.1846;;;06-Jul-2024
146975;SBI Fixed Maturity Plan (FMP) - Series 1 (3668 Days) - Direct Plan - Income Distribution cum Capital Withdrawal Option (IDCW);INF200KA1D11;;15.1921;;;06-Jul-2024
146976;SBI Fixed Maturity Plan (FMP) - Series 1 (3668 Days) - Regular Plan - Growth;INF200KA1C87;;15.0114;;;06-Jul-2024
146973;SBI Fixed Maturity Plan (FMP) - Series 1 (3668 Days) - Regular Plan - Income Distribution cum Capital Withdrawal Option (IDCW);INF200KA1C95;;15.0111;;;06-Jul-2024
148387;SBI Fixed Maturity Plan (FMP) - Series 34 (3682 Days) - Direct Plan - Growth;INF200KA1Q73;;12.7652;;;06-Jul-2024
148388;SBI Fixed Maturity Plan (FMP) - Series 34 (3682 Days) - Direct Plan - Income Distribution cum Capital Withdrawal Option (IDCW);INF200KA1Q81;;12.7652;;;06-Jul-2024
148389;SBI Fixed Maturity Plan (FMP) - Series 34 (3682 Days) - Regular Plan - Growth;INF200KA1Q57;;12.6383;;;06-Jul-2024
148390;SBI Fixed Maturity Plan (FMP) - Series 34 (3682 Days) - Regular Plan - Income Distribution cum Capital Withdrawal Option (IDCW);INF200KA1Q65;;12.6384;;;06-Jul-2024
148827;SBI Fixed Maturity Plan (FMP) - Series 41 (1498 Days) - Direct Plan - Growth;INF200KA1U77;;11.9719;;;06-Jul-2024
148825;SBI Fixed Maturity Plan (FMP) - Series 41 (1498 Days) - Regular Plan - Growth;INF200KA1U51;;11.9047;;;06-Jul-2024
148828;SBI Fixed Maturity Plan (FMP) - Series 41 (1498 Days) Direct Plan - Income Distribution cum Capital Withdrawal Option (IDCW);INF200KA1U85;;11.9719;;;06-Jul-2024
148826;SBI Fixed Maturity Plan (FMP) - Series 41 (1498 Days) Regular Plan - Income Distribution cum Capital Withdrawal Option (IDCW);INF200KA1U69;;11.9047;;;06-Jul-2024
149043;SBI Fixed Maturity Plan (FMP) - Series 46 (1850 Days) - Direct Plan - Growth;INF200KA1X41;;11.8418;;;06-Jul-2024
149044;SBI Fixed Maturity Plan (FMP) - Series 46 (1850 Days) - Direct Plan - Income Distribution cum Capital Withdrawal Option (IDCW);INF200KA1X58;;11.8418;;;06-Jul-2024
149045;SBI Fixed Maturity Plan (FMP) - Series 46 (1850 Days) - Regular Plan - Growth;INF200KA1X25;;11.7869;;;06-Jul-2024
149042;SBI Fixed Maturity Plan (FMP) - Series 46 (1850 Days) - Regular Plan - Income Distribution cum Capital Withdrawal Option (IDCW);INF200KA1X33;;11.7870;;;06-Jul-2024
149082;SBI Fixed Maturity Plan (FMP) Series 47 (1434 Days) - Direct Plan - Growth;INF200KA1X82;;11.7140;;;06-Jul-2024
149081;SBI Fixed Maturity Plan (FMP) Series 47 (1434 Days) - Direct Plan - Income Distribution cum Capital Withdrawal Option (IDCW);INF200KA1X90;;11.7140;;;06-Jul-2024
149083;SBI Fixed Maturity Plan (FMP) Series 47 (1434 Days) - Regular Plan - Growth;INF200KA1X66;;11.6610;;;06-Jul-2024
149084;SBI Fixed Maturity Plan (FMP) Series 47 (1434 Days) - Regular Plan - Income Distribution cum Capital Withdrawal Option (IDCW);INF200KA1X74;;11.6610;;;06-Jul-2024
149111;SBI Fixed Maturity Plan (FMP) - Series 48 (1458 Days) - Direct Plan - Growth;INF200KA1Y24;;11.6834;;;06-Jul-2024
149108;SBI Fixed Maturity Plan (FMP) - Series 48 (1458 Days) - Direct Plan - Income Distribution cum Capital Withdrawal Option (IDCW);INF200KA1Y32;;11.6834;;;06-Jul-2024
149109;SBI Fixed Maturity Plan (FMP) - Series 48 (1458 Days) - Regular Plan - Growth;INF200KA1Y08;;11.6276;;;06-Jul-2024
149110;SBI Fixed Maturity Plan (FMP) - Series 48 (1458 Days) - Regular Plan - Income Distribution cum Capital Withdrawal Option (IDCW);INF200KA1Y16;;11.6276;;;06-Jul-2024
149147;SBI Fixed Maturity Plan (FMP) - Series 49 (1823 Days) - Direct Plan - Growth;INF200KA1Z23;;11.6998;;;06-Jul-2024
149144;SBI Fixed Maturity Plan (FMP) - Series 49 (1823 Days) - Direct Plan - Income Distribution cum Capital Withdrawal Option (IDCW);INF200KA1Z31;;11.6998;;;06-Jul-2024
149145;SBI Fixed Maturity Plan (FMP) - Series 49 (1823 Days) - Regular Plan - Growth;INF200KA1Z07;;11.6456;;;06-Jul-2024
149146;SBI Fixed Maturity Plan (FMP) - Series 49 (1823 Days) - Regular Plan - Income Distribution cum Capital Withdrawal Option (IDCW);INF200KA1Z15;;11.6456;;;06-Jul-2024
149174;SBI Fixed Maturity Plan (FMP) - Series 50 (1843 Days) - Direct Plan - Growth;INF200KA1Z64;;11.5738;;;06-Jul-2024
149175;SBI Fixed Maturity Plan (FMP) - Series 50 (1843 Days) - Direct Plan - Income Distribution Capital Withdrawal Option (IDCW);INF200KA1Z72;;11.5738;;;06-Jul-2024
149172;SBI Fixed Maturity Plan (FMP) - Series 50 (1843 Days) - Regular Plan - Growth;INF200KA1Z49;;11.5154;;;06-Jul-2024
149173;SBI Fixed Maturity Plan (FMP) - Series 50 (1843 Days) - Regular Plan -Income Distribution Capital Withdrawal Option (IDCW);INF200KA1Z56;;11.5154;;;06-Jul-2024
149195;SBI Fixed Maturity Plan (FMP) - Series 51 (1846 Days) - Direct Plan - Growth;INF200KA10A7;;11.5578;;;06-Jul-2024
149194;SBI Fixed Maturity Plan (FMP) - Series 51 (1846 Days) - Direct Plan - Income Distribution Capital Withdrawal Option (IDCW);INF200KA11A5;;11.5584;;;06-Jul-2024
149197;SBI Fixed Maturity Plan (FMP) - Series 51 (1846 Days) - Regular Plan - Growth;INF200KA1Z80;;11.5080;;;06-Jul-2024
149196;SBI Fixed Maturity Plan (FMP) - Series 51 (1846 Days) - Regular Plan - Income Distribution Capital Withdrawal Option (IDCW);INF200KA1Z98;;11.5080;;;06-Jul-2024
149232;SBI Fixed Maturity Plan (FMP) - Series 52 (1848 Days) - Direct Plan - Growth;INF200KA14A9;;11.5457;;;06-Jul-2024
149234;SBI Fixed Maturity Plan (FMP) - Series 52 (1848 Days) - Direct Plan - Income Distribution Cum Withdrawal (IDCW);INF200KA15A6;;11.5456;;;06-Jul-2024
149235;SBI Fixed Maturity Plan (FMP) - Series 52 (1848 Days) - Regular Plan - Growth;INF200KA12A3;;11.4989;;;06-Jul-2024
149233;SBI Fixed Maturity Plan (FMP) - Series 52 (1848 Days) - Regular Plan - Income Distribution Cum Withdrawal (IDCW);INF200KA13A1;;11.4989;;;06-Jul-2024
149279;SBI Fixed Maturity Plan (FMP) - Series 53 (1839 Days) - Direct Plan - Growth;INF200KA18A0;;11.5456;;;06-Jul-2024
149277;SBI Fixed Maturity Plan (FMP) - Series 53 (1839 Days) - Direct Plan - Income Distribution Cum Withdrawal Option (IDCW);INF200KA19A8;;11.5456;;;06-Jul-2024
149278;SBI Fixed Maturity Plan (FMP) - Series 53 (1839 Days) - Regular Plan - Growth;INF200KA16A4;;11.5042;;;06-Jul-2024
149280;SBI Fixed Maturity Plan (FMP) - Series 53 (1839 Days) - Regular Plan - Income  Distribution Cum Withdrawal Option (IDCW);INF200KA17A2;;11.5042;;;06-Jul-2024
149307;SBI Fixed Maturity Plan (FMP) - Series 54 (1842 Days) - Direct Plan - Growth;INF200KA12B1;;11.5279;;;06-Jul-2024
149309;SBI Fixed Maturity Plan (FMP) - Series 54 (1842 Days) - Direct Plan - Income Distribution Cum Withdrawal Option (IDCW);INF200KA13B9;;11.5285;;;06-Jul-2024
149308;SBI Fixed Maturity Plan (FMP) - Series 54 (1842 Days) - Regular Plan - Growth;INF200KA10B5;;11.4864;;;06-Jul-2024
149306;SBI Fixed Maturity Plan (FMP) - Series 54 (1842 Days) - Regular Plan - Income Distribution Cum Capital Withdrawal Option (IDCW);INF200KA11B3;;11.4864;;;06-Jul-2024
149345;SBI Fixed Maturity Plan (FMP) - Series 55 (1849 Days) - Direct Plan - Growth;INF200KA16B2;;11.5005;;;06-Jul-2024
149348;SBI Fixed Maturity Plan (FMP) - Series 55 (1849 Days) - Direct Plan - Income Distribution cum Capital Withdrawal Option (IDCW);INF200KA17B0;;11.5005;;;06-Jul-2024
149347;SBI Fixed Maturity Plan (FMP) - Series 55 (1849 Days) - Regular Plan - Growth;INF200KA14B7;;11.4597;;;06-Jul-2024
149346;SBI Fixed Maturity Plan (FMP) - Series 55 (1849 Days) - Regular Plan - Income Distribution Cum Capital Withdrawal Option (IDCW);INF200KA15B4;;11.4597;;;06-Jul-2024
149420;SBI Fixed Maturity Plan (FMP) - Series 56 (1232 Days) - Direct Plan - Growth;INF200KA10C3;;11.4032;;;06-Jul-2024
149423;SBI Fixed Maturity Plan (FMP) - Series 56 (1232 Days) - Direct Plan - Income Distribution cum Capital Withdrawal Option (IDCW);INF200KA11C1;;11.4032;;;06-Jul-2024
149422;SBI Fixed Maturity Plan (FMP) - Series 56 (1232 Days) - Regular Plan - Growth;INF200KA18B8;;11.3645;;;06-Jul-2024
149421;SBI Fixed Maturity Plan (FMP) - Series 56 (1232 Days) - Regular Plan - Income Distribution cum Capital Withdrawal Option (IDCW);INF200KA19B6;;11.3645;;;06-Jul-2024
149431;SBI Fixed Maturity Plan (FMP) - Series 57 (1835 Days) - Direct Plan - Growth;INF200KA14C5;;11.4166;;;06-Jul-2024
149430;SBI Fixed Maturity Plan (FMP) - Series 57 (1835 Days) - Direct Plan - Income Distribution cum Capital Withdrawal Option (IDCW);INF200KA15C2;;11.4164;;;06-Jul-2024
149432;SBI Fixed Maturity Plan (FMP) - Series 57 (1835 Days) - Regular Plan - Growth;INF200KA12C9;;11.3771;;;06-Jul-2024
149433;SBI Fixed Maturity Plan (FMP) - Series 57 (1835 Days) - Regular Plan - Income Distribution cum Capital Withdrawal Option (IDCW);INF200KA13C7;;11.3773;;;06-Jul-2024
149460;SBI Fixed Maturity Plan (FMP) - Series 58 (1842 Days) - Direct Plan - Growth;INF200KA18C6;;11.5092;;;06-Jul-2024
149461;SBI Fixed Maturity Plan (FMP) - Series 58 (1842 Days) - Direct Plan - Income Distribution cum Capital withdrawal option (IDCW);INF200KA19C4;;11.5093;;;06-Jul-2024
149459;SBI Fixed Maturity Plan (FMP) - Series 58 (1842 Days) - Regular Plan - Growth;INF200KA16C0;;11.4711;;;06-Jul-2024
149462;SBI Fixed Maturity Plan (FMP) - Series 58 (1842 Days) - Regular Plan - Income Distribution cum Capital withdrawal option (IDCW);INF200KA17C8;;11.4711;;;06-Jul-2024
149822;SBI Fixed Maturity Plan (FMP) - Series 59 (1618 Days) - Direct Plan - Growth;INF200KA19D2;;11.4131;;;06-Jul-2024
149823;SBI Fixed Maturity Plan (FMP) - Series 59 (1618 Days) - Direct Plan - Income Distribution cum Capital Withdrawal Option (IDCW);INF200KA10E9;;11.4118;;;06-Jul-2024
149825;SBI Fixed Maturity Plan (FMP) - Series 59 (1618 Days) - Regular Plan - Growth;INF200KA17D6;;11.3767;;;06-Jul-2024
149824;SBI Fixed Maturity Plan (FMP) - Series 59 (1618 Days) - Regular Plan - Income Distribution cum Capital Withdrawal Option (IDCW);INF200KA18D4;;11.3767;;;06-Jul-2024
147248;SBI Fixed Maturity Plan (FMP) - Series 6 (3668 Days) - Direct Plan - Growth;INF200KA1F27;;14.7977;;;06-Jul-2024
147249;SBI Fixed Maturity Plan (FMP) - Series 6 (3668 Days) - Direct Plan - Income Distribution cum Capital Withdrawal Option (IDCW);INF200KA1F35;;14.7978;;;06-Jul-2024
147247;SBI Fixed Maturity Plan (FMP) - Series 6 (3668 Days) - Regular Plan - Growth;INF200KA1F01;;14.6120;;;06-Jul-2024
147250;SBI Fixed Maturity Plan (FMP) - Series 6 (3668 Days) - Regular Plan - Income Distribution cum Capital Withdrawal Option (IDCW);INF200KA1F19;;14.6153;;;06-Jul-2024
149878;SBI Fixed Maturity Plan (FMP) - Series 60 (1878 Days) - Direct Plan - Growth;INF200KA13E3;;11.4052;;;06-Jul-2024
149879;SBI Fixed Maturity Plan (FMP) - Series 60 (1878 Days) - Direct Plan - Income Distribution cum Capital Withdrwal Option (IDCW);INF200KA14E1;;11.4056;;;06-Jul-2024
149876;SBI Fixed Maturity Plan (FMP) - Series 60 (1878 Days) - Regular Plan - Growth;INF200KA11E7;;11.3687;;;06-Jul-2024
149877;SBI Fixed Maturity Plan (FMP) - Series 60 (1878 Days) - Regular Plan - Income Distribution cum Capital Withdrawal Option (IDCW);INF200KA12E5;;11.3687;;;06-Jul-2024
149993;SBI Fixed Maturity Plan (FMP)- Series 61 (1927 Days)- Direct Plan- Growth option;INF200KA13F0;;11.4396;;;06-Jul-2024
149995;SBI Fixed Maturity Plan (FMP)- Series 61 (1927 Days)- Direct Plan- Income Distribution Cum Capital withdrawal option;INF200KA14F8;;11.4397;;;06-Jul-2024
149994;SBI Fixed Maturity Plan (FMP)- Series 61 (1927 Days)- Regular Plan- Growth option;INF200KA11F4;;11.4046;;;06-Jul-2024
149992;SBI Fixed Maturity Plan (FMP)- Series 61 (1927 Days)- Regular Plan- Income Distribution Cum Capital withdrawal option;INF200KA12F2;;11.4045;;;06-Jul-2024
150602;SBI Fixed Maturity Plan (FMP) - Series 64 (1169 Days) - Direct Plan - Growth;INF200KA17N5;;11.2963;;;06-Jul-2024
150603;SBI Fixed Maturity Plan (FMP) - Series 64 (1169 Days) - Direct Plan - IDCW Payout;INF200KA18N3;;11.2964;;;06-Jul-2024
150604;SBI Fixed Maturity Plan (FMP) - Series 64 (1169 Days) - Regular Plan - Growth;INF200KA15N9;;11.2685;;;06-Jul-2024
150605;SBI Fixed Maturity Plan (FMP) - Series 64 (1169 Days) - Regular Plan - IDCW Payout;INF200KA16N7;;11.2685;;;06-Jul-2024
150379;SBI Fixed Maturity Plan (FMP) - Series 66 (1361 Days) - Direct Plan - Growth;INF200KA11M0;;11.4978;;;06-Jul-2024
150378;SBI Fixed Maturity Plan (FMP) - Series 66 (1361 Days) - Direct Plan - Income Distribution cum Capital Withdrawal Option (IDCW);INF200KA12M8;;11.4978;;;06-Jul-2024
150377;SBI Fixed Maturity Plan (FMP) - Series 66 (1361 Days) - Regular Plan - Growth;INF200KA19L5;;11.4688;;;06-Jul-2024
150380;SBI Fixed Maturity Plan (FMP) - Series 66 (1361 Days) - Regular Plan - Income Distribution cum Capital Withdrawal Option (IDCW);INF200KA10M2;;11.4688;;;06-Jul-2024
150460;SBI Fixed Maturity Plan (FMP) - Series 67 (1467 Days) - Direct Plan - Growth;INF200KA15M1;;11.4518;;;06-Jul-2024
150458;SBI Fixed Maturity Plan (FMP) - Series 67 (1467 Days) - Direct Plan - IDCW Payout;INF200KA16M9;;11.4518;;;06-Jul-2024
150461;SBI Fixed Maturity Plan (FMP) - Series 67 (1467 Days) - Regular Plan - Growth;INF200KA13M6;;11.4235;;;06-Jul-2024
150459;SBI Fixed Maturity Plan (FMP) - Series 67 (1467 Days) - Regular Plan - IDCW Payout;INF200KA14M4;;11.4239;;;06-Jul-2024
150649;SBI Fixed Maturity Plan (FMP) - Series 68 (1302 Days) - Direct Plan - Growth;INF200KA15O7;;11.3485;;;06-Jul-2024
150650;SBI Fixed Maturity Plan (FMP) - Series 68 (1302 Days) - Direct Plan - IDCW Payout;INF200KA16O5;;11.3517;;;06-Jul-2024
150647;SBI Fixed Maturity Plan (FMP) - Series 68 (1302 Days) - Regular Plan - Growth;INF200KA13O2;;11.3215;;;06-Jul-2024
150648;SBI Fixed Maturity Plan (FMP) - Series 68 (1302 Days) - Regular Plan - IDCW Payout;INF200KA14O0;;11.3215;;;06-Jul-2024
151559;SBI Fixed Maturity Plan (FMP) - Series 79 (1170 Days) - Direct Plan - Growth;INF200KA19W2;;11.0344;;;06-Jul-2024
151558;SBI Fixed Maturity Plan (FMP) - Series 79 (1170 Days) - Direct Plan - Income Distribution cum Capital Withdrawal Payout;INF200KA10X9;;11.0348;;;06-Jul-2024
151556;SBI Fixed Maturity Plan (FMP) - Series 79 (1170 Days) - Regular Plan - Growth;INF200KA17W6;;11.0127;;;06-Jul-2024
151557;SBI Fixed Maturity Plan (FMP) - Series 79 (1170 Days) - Regular Plan - Income Distribution cum Capital Withdrawal Payout;INF200KA18W4;;11.0128;;;06-Jul-2024
148848;SBI Fixed Maturity Plan (FMP) - Series 42 (1857 Days) Direct Plan - Income Distribution cum Capital Withdrawal Option (IDCW);INF200KA1V27;;12.0397;;;06-Jul-2024
148845;SBI Fixed Maturity Plan (FMP) - Series 42 (1857 Days) Regular Plan - Income Distribution cum Capital Withdrawal Option (IDCW);INF200KA1V01;;11.9746;;;06-Jul-2024
148846;SBI Fixed Maturity Plan (FMP) Series 42 (1857 Days) - Direct Plan - Growth;INF200KA1V19;;12.0395;;;06-Jul-2024
148847;SBI Fixed Maturity Plan (FMP) Series 42 (1857 Days) - Regular Plan - Growth;INF200KA1U93;;11.9746;;;06-Jul-2024
148941;SBI Fixed Maturity Plan (FMP) Series 43 (1616 Days) - Direct Plan - Growth;INF200KA1V50;;11.9508;;;06-Jul-2024
148942;SBI Fixed Maturity Plan (FMP) Series 43 (1616 Days) - Direct Plan - Income Distribution cum Capital Withdrawal Option (IDCW);INF200KA1V68;;11.9508;;;06-Jul-2024
148939;SBI Fixed Maturity Plan (FMP) Series 43 (1616 Days) - Regular Plan - Growth;INF200KA1V35;;11.8943;;;06-Jul-2024
148940;SBI Fixed Maturity Plan (FMP) Series 43 (1616 Days) - Regular Plan - Income Distribution cum Capital Withdrawal Option (IDCW);INF200KA1V43;;11.8944;;;06-Jul-2024
148967;SBI Fixed Maturity Plan (FMP) - Series 44 (1855 Days) - Direct Plan - Growth;INF200KA1W59;;11.8593;;;06-Jul-2024
148968;SBI Fixed Maturity Plan (FMP) - Series 44 (1855 Days) - Direct Plan - Income Distribution cum Capital Withdrawal Option (IDCW);INF200KA1W67;;11.8593;;;06-Jul-2024
148966;SBI Fixed Maturity Plan (FMP) - Series 44 (1855 Days) - Regular Plan - Growth;INF200KA1W34;;11.8053;;;06-Jul-2024
148969;SBI Fixed Maturity Plan (FMP) Series 44 (1855 Days) - Regular Plan - Income Distribution cum Capital Withdrawal Option (IDCW);INF200KA1W42;;11.8053;;;06-Jul-2024
148999;SBI Fixed Maturity Plan (FMP) Series 45 (1840 Days) - Direct Plan - Growth;INF200KA1W91;;11.8580;;;06-Jul-2024
148998;SBI Fixed Maturity Plan (FMP) Series 45 (1840 Days) - Direct Plan - Income Distribution cum Capital Withdrawal Option (IDCW);INF200KA1X09;;11.8580;;;06-Jul-2024
148996;SBI Fixed Maturity Plan (FMP) Series 45 (1840 Days) - Regular Plan - Growth;INF200KA1W75;;11.8061;;;06-Jul-2024
148997;SBI Fixed Maturity Plan (FMP) Series 45 (1840Days) - Regular Plan - Income Distribution cum Capital Withdrawal Option (IDCW);INF200KA1W83;;11.8061;;;06-Jul-2024
150919;SBI Fixed Maturity Plan (FMP)-Series 72 (1239 Days) Direct Plan- Growth;INF200KA17S4;;11.1965;;;06-Jul-2024
150916;SBI Fixed Maturity Plan (FMP)-Series 72 (1239 Days) Direct Plan- Income Distribution Cum Capital Withdrawal Payout;INF200KA18S2;;11.1964;;;06-Jul-2024
150917;SBI Fixed Maturity Plan (FMP)-Series 72 (1239 Days) Regular Plan- Growth;INF200KA15S8;;11.1716;;;06-Jul-2024
150918;SBI Fixed Maturity Plan (FMP)-Series 72 (1239 Days) Regular Plan- Income Distribution Cum Capital Withdrawal Payout;INF200KA16S6;;11.1715;;;06-Jul-2024
150984;SBI Fixed Maturity Plan (FMP) - Series 73 (1226 Days) - Direct Plan - Growth;INF200KA11T5;;11.1697;;;06-Jul-2024
150985;SBI Fixed Maturity Plan (FMP) - Series 73 (1226 Days) - Direct Plan - IDCW Payout;INF200KA12T3;;11.1696;;;06-Jul-2024
150986;SBI Fixed Maturity Plan (FMP) - Series 73 (1226 Days) - Regular Plan - Growth;INF200KA19S0;;11.1457;;;06-Jul-2024
150983;SBI Fixed Maturity Plan (FMP) - Series 73 (1226 Days) - Regular Plan - IDCW Payout;INF200KA10T7;;11.1457;;;06-Jul-2024
151252;SBI Fixed Maturity Plan (FMP)-Series 74 (1243 Days)- Direct Plan- Growth;INF200KA11U3;;11.1550;;;06-Jul-2024
151253;SBI Fixed Maturity Plan (FMP)-Series 74 (1243 Days)- Direct Plan- Income Distribution Cum Capital Withdrawal Payout;INF200KA12U1;;11.1549;;;06-Jul-2024
151254;SBI Fixed Maturity Plan (FMP)-Series 74 (1243 Days)- Regular Plan- Growth;INF200KA19T8;;11.1317;;;06-Jul-2024
151255;SBI Fixed Maturity Plan (FMP)-Series 74 (1243 Days)- Regular Plan- Income Distribution Cum Capital Withdrawal Payout;INF200KA10U5;;11.1317;;;06-Jul-2024
151351;SBI Fixed Maturity Plan (FMP) - Series 76 (1221 Days) - Direct Plan - Growth;INF200KA19U6;;11.0954;;;06-Jul-2024
151350;SBI Fixed Maturity Plan (FMP) - Series 76 (1221 Days) - Direct Plan - Income Distribution Cum Capital Withdrawal Payout;INF200KA10V3;;11.0954;;;06-Jul-2024
151349;SBI Fixed Maturity Plan (FMP) - Series 76 (1221 Days) - Regular Plan - Growth;INF200KA17U0;;11.0733;;;06-Jul-2024
151348;SBI Fixed Maturity Plan (FMP) - Series 76 (1221 Days) - Regular Plan - Income Distribution Cum Capital Withdrawal Payout;INF200KA18U8;;11.0733;;;06-Jul-2024
151451;SBI Fixed Maturity Plan (FMP)-Series 78 (1170 Days) Direct Plan- Growth;INF200KA19V4;;11.0784;;;06-Jul-2024
151452;SBI Fixed Maturity Plan (FMP)-Series 78 (1170 Days) Direct Plan- Income Distribution Cum Capital Withdrawal Payout;INF200KA10W1;;11.0776;;;06-Jul-2024
151454;SBI Fixed Maturity Plan (FMP)-Series 78 (1170 Days) Regular Plan- Growth;INF200KA17V8;;11.0557;;;06-Jul-2024
151453;SBI Fixed Maturity Plan (FMP)-Series 78 (1170 Days) Regular Plan- Income Distribution Cum Capital Withdrawal Payout;INF200KA18V6;;11.0554;;;06-Jul-2024
151639;SBI Fixed Maturity Plan (FMP)-Series 81 (1157 Days) Direct Plan- Growth;INF200KA17X4;;10.9703;;;06-Jul-2024
151640;SBI Fixed Maturity Plan (FMP)-Series 81 (1157 Days) Direct Plan- Income Distribution Cum Capital Withdrawal Payout;INF200KA18X2;;10.9699;;;06-Jul-2024
151641;SBI Fixed Maturity Plan (FMP)-Series 81 (1157 Days) Regular Plan- Growth;INF200KA15X8;;10.9495;;;06-Jul-2024
151642;SBI Fixed Maturity Plan (FMP)-Series 81 (1157 Days) Regular Plan- Income Distribution Cum Capital Withdrawal Payout;INF200KA16X6;;10.9495;;;06-Jul-2024
