Scheme Code;Scheme Name;ISIN Div Payout/ISIN Growth;ISIN Div Reinvestment;Net Asset Value;Repurchase Price;Sale Price;Date

Open Ended Schemes ( Liquid )


Sahara Mutual Fund
101397;Sahara Liquid Fund-Fixed Pricing -  Weekly Dividend Option;;INF515L01064;1027.4373;1027.4373;1027.4373;29-Apr-2018
101393;Sahara Liquid Fund-Fixed Pricing - Daily Dividend Option;;INF515L01049;1213.2495;1213.2495;1213.2495;29-Apr-2018
120265;Sahara Liquid Fund-Fixed Pricing - Direct - Weekly Dividend Option;;INF515L01668;1027.4373;1027.4373;1027.4373;29-Apr-2018
120262;Sahara Liquid Fund-Fixed Pricing - Direct -Growth option;INF515L01650;;2971.9615;2971.9615;2971.9615;29-Apr-2018
101394;Sahara Liquid Fund-Fixed Pricing - Growth option;INF515L01056;;2968.9613;2968.9613;2968.9613;29-Apr-2018
101398;Sahara Liquid Fund-Fixed Pricing - Monthly Dividend Option;;INF515L01072;1043.3721;1043.3721;1043.3721;29-Apr-2018
120253;Sahara Liquid Fund-Fixed Pricing -Direct - Daily Dividend Option- Direct;;INF515L01643;1213.2495;1213.2495;1213.2495;29-Apr-2018
120266;Sahara Liquid Fund-Fixed Pricing -Direct - Monthly Dividend Option;;INF515L01676;1043.3721;1043.3721;1043.3721;29-Apr-2018
101399;Sahara Liquid Fund-Variable Pricing - Daily Dividend option;;INF515L01080;1222.6583;1222.6583;1222.6583;29-Apr-2018
101402;Sahara Liquid Fund-Variable Pricing - Growth option;INF515L01114;;3032.4716;3032.4716;3032.4716;29-Apr-2018
101400;Sahara Liquid Fund-Variable Pricing - Weekly Dividend Option;;INF515L01098;1230.8885;1230.8885;1230.8885;29-Apr-2018
120271;Sahara Liquid Fund-Variable Pricing -Direct - Daily Dividend option;;INF515L01684;1038.8267;1038.8267;1038.8267;29-Apr-2018
120280;Sahara Liquid Fund-Variable Pricing -Direct - Growth option;INF515L01718;;3037.8579;3037.8579;3037.8579;29-Apr-2018
120272;Sahara Liquid Fund-Variable Pricing -Direct - Weekly Dividend Option;;INF515L01692;1230.8885;1230.8885;1230.8885;29-Apr-2018
120273;Sahara Liquid Fund-Variable Pricing- Direct - Monthly Dividend Option;;INF515L01700;1055.8972;1055.8972;1055.8972;29-Apr-2018
101401;Sahara Liquid Fund-Variable Pricing- Monthly Dividend Option;;INF515L01106;1244.4790;1244.4790;1244.4790;29-Apr-2018

Open Ended Schemes ( Debt Scheme - Overnight Fund )


SBI Mutual Fund
119831;SBI Overnight Fund - Direct Plan - Daily Income Distribution cum Capital Withdrawal Option (IDCW);;INF200K01TJ7;1009.9100;1007.8902;1009.9100;29-Apr-2018
119833;SBI OVERNIGHT FUND - DIRECT PLAN - GROWTH;INF200K01TK5;;2922.4634;2916.6185;2922.4634;29-Apr-2018
119832;SBI Overnight Fund - Direct Plan - Weekly Income Distribution cum Capital Withdrawal Option (IDCW);INF200K01TL3;INF200K01TM1;1031.3270;1029.2643;1031.3270;29-Apr-2018
114297;SBI Overnight Fund - Regular Plan - Daily Income Distribution cum Capital Withdrawal Option (IDCW);;INF200K01LN6;1009.9100;1007.8902;1009.9100;29-Apr-2018
101206;SBI OVERNIGHT FUND - REGULAR PLAN - GROWTH;INF200K01LQ9;;2899.7638;2893.9643;2899.7638;29-Apr-2018
103140;SBI Overnight Fund - Regular Plan - Weekly Income Distribution cum Capital Withdrawal Option (IDCW);INF200K01LO4;INF200K01LP1;1031.3255;1029.2628;1031.3255;29-Apr-2018

Open Ended Schemes ( Debt Scheme - Liquid Fund )


Aditya Birla Sun Life Mutual Fund
100047;Aditya Birla Sun Life Liquid Fund - Growth;INF209K01RU9;;279.7627;279.7627;279.7627;29-Apr-2018
119568;Aditya Birla Sun Life Liquid Fund - Growth - Direct Plan;INF209K01VA3;;280.8692;280.8692;280.8692;29-Apr-2018
100046;Aditya Birla Sun Life Liquid Fund -Daily IDCW;INF209K01KQ2;INF209K01SQ5;100.2324;100.2324;100.2324;29-Apr-2018
119569;Aditya Birla Sun Life Liquid Fund -Direct - daily IDCW;INF209K01UZ2;;100.2329;100.2329;100.2329;29-Apr-2018
119571;Aditya Birla Sun Life Liquid Fund -DIRECT - IDCW;INF209K01VD7;;152.4913;152.4913;152.4913;29-Apr-2018
119570;Aditya Birla Sun Life Liquid Fund -Direct - weekly IDCW;INF209K01VC9;;100.2629;100.2629;100.2629;29-Apr-2018
100041;Aditya Birla Sun Life Liquid Fund -Institutional - IDCW;;INF209K01KN9;108.0633;108.0633;108.0633;29-Apr-2018
100048;Aditya Birla Sun Life Liquid Fund -Institutional - weekly  IDCW;INF209KA1LK7;INF209K01KY6;108.1083;108.1083;108.1083;29-Apr-2018
103885;Aditya Birla Sun Life Liquid Fund -Regular - IDCW;INF209KA1LI1;;117.0499;117.0499;117.0499;29-Apr-2018
100044;Aditya Birla Sun Life Liquid Fund -Retail - IDCW;;INF209K01KP4;163.7550;163.7550;163.7550;29-Apr-2018
100051;Aditya Birla Sun Life Liquid Fund -weekly IDCW;INF209K01KU4;INF209KA1LJ9;100.2624;100.2624;100.2624;29-Apr-2018
112014;Aditya Birla Sun Life Liquid Fund- Discipline Advantage Plan;INF209K01KZ3;;188.0555;188.0555;188.0555;29-Apr-2018
100043;Aditya Birla Sun Life Liquid Fund-Institutional (Growth);INF209K01RT1;;465.8898;465.8898;465.8898;29-Apr-2018
100042;Aditya Birla Sun Life Liquid Fund-Retail (Growth);INF209K01ME4;;453.9923;453.9923;453.9923;29-Apr-2018

Axis Mutual Fund
128954;Axis Liquid Fund - Direct plan - Bonus Option;INF846K01NH4;;1938.0311;1938.0311;1938.0311;29-Apr-2018
120388;Axis Liquid Fund - Direct Plan - Daily IDCW;;INF846K01DA0;1000.9560;1000.9560;1000.9560;29-Apr-2018
120389;Axis Liquid Fund - Direct Plan - Growth Option;INF846K01CX4;;1938.1513;1938.1513;1938.1513;29-Apr-2018
120391;Axis Liquid Fund - Direct Plan - Monthly IDCW;INF846K01CY2;INF846K01CZ9;1001.0276;1001.0276;1001.0276;29-Apr-2018
120390;Axis Liquid Fund - Direct Plan - Weekly IDCW;INF846K01DB8;INF846K01DC6;1003.2111;1003.2111;1003.2111;29-Apr-2018
112211;Axis Liquid Fund - Regular Plan - Daily IDCW;;INF846K01420;1001.3998;1001.3998;1001.3998;29-Apr-2018
112210;Axis Liquid Fund - Regular Plan - Growth Option;INF846K01412;;1931.2325;1931.2325;1931.2325;29-Apr-2018
112213;Axis Liquid Fund - Regular Plan - Monthly IDCW;INF846K01453;INF846K01461;1001.6152;1001.6152;1001.6152;29-Apr-2018
112212;Axis Liquid Fund - Regular Plan - Weekly IDCW;INF846K01438;INF846K01446;1003.2017;1003.2017;1003.2017;29-Apr-2018
112712;Axis Liquid Fund - Retail Plan - Daily IDCW;;INF846K01362;1000.9559;1000.9559;1000.9559;29-Apr-2018
112713;Axis Liquid Fund - Retail Plan - Growth Option;INF846K01354;;1832.7535;1832.7535;1832.7535;29-Apr-2018
112714;Axis Liquid Fund - Retail Plan - Monthly IDCW;INF846K01396;INF846K01404;1000.9564;1000.9564;1000.9564;29-Apr-2018
112715;Axis Liquid Fund - Retail Plan - Weekly IDCW;INF846K01370;INF846K01388;1001.6392;1001.6392;1001.6392;29-Apr-2018

Bandhan Mutual Fund
108692;BANDHAN LIQUID Fund - Regular Plan - Daily IDCW;INF194K01VZ4;INF194K01VY7;1001.4605;1001.4605;1001.4605;29-Apr-2018
108690;BANDHAN LIQUID Fund - Regular Plan - Growth;INF194K01VX9;;2114.8058;2114.8058;2114.8058;29-Apr-2018
108693;BANDHAN LIQUID Fund - Regular Plan - Monthly IDCW;INF194K01WF4;INF194K01WE7;1000.8981;1000.8981;1000.8981;29-Apr-2018
115489;BANDHAN LIQUID Fund - Regular Plan - Periodic IDCW;INF194K01WC1;INF194K01WB3;1394.5626;1394.5626;1394.5626;29-Apr-2018
108691;BANDHAN LIQUID Fund - Regular Plan - Weekly IDCW;INF194K01WI8;INF194K01WH0;1001.4625;1001.4625;1001.4625;29-Apr-2018
139582;BANDHAN LIQUID Fund - Unclaimed IDCW Less than 3 years;INF194KA14C0;;1.1301;1.1301;1.1301;29-Apr-2018
139583;BANDHAN LIQUID Fund - Unclaimed IDCW More than 3 years;INF194KA15C7;;1.0000;1.0000;1.0000;29-Apr-2018
139584;BANDHAN LIQUID Fund - Unclaimed Redemption Less than 3 years;INF194KA12C4;;1.1301;1.1301;1.1301;29-Apr-2018
139585;BANDHAN LIQUID Fund - Unclaimed Redemption More than 3 years;INF194KA13C2;;1.0000;1.0000;1.0000;29-Apr-2018
118365;BANDHAN LIQUID Fund -Direct Plan -Monthly IDCW;INF194K01J36;INF194K01J28;1007.6224;1007.6224;1007.6224;29-Apr-2018
118367;BANDHAN LIQUID Fund -Direct Plan -Weekly IDCW;INF194KB1JT8;INF194K01J51;1007.3407;1007.3407;1007.3407;29-Apr-2018
118366;BANDHAN LIQUID Fund -Direct Plan-Daily IDCW;;INF194K01I78;1002.0463;1002.0463;1002.0463;29-Apr-2018
118364;BANDHAN LIQUID Fund -Direct Plan-Growth;INF194K01I60;;2121.7508;2121.7508;2121.7508;29-Apr-2018
118363;BANDHAN LIQUID Fund -Direct Plan-Periodic IDCW;INF194K01J02;INF194K01I94;1311.3236;1311.3236;1311.3236;29-Apr-2018

Bank of India Mutual Fund
141887;BANK OF INDIA Liquid Fund  Unclaimed Dividend greater than  3 years;;;1000.0000;1000.0000;1000.0000;29-Apr-2018
141889;BANK OF INDIA Liquid Fund  Unclaimed Dividend Upto 3 years;;;1036.9866;1036.9866;1036.9866;29-Apr-2018
141888;BANK OF INDIA Liquid Fund  Unclaimed Redemption greater than  3 years;;;1000.0000;1000.0000;1000.0000;29-Apr-2018
141890;BANK OF INDIA Liquid Fund  Unclaimed Redemption Upto 3 years;;;1036.9176;1036.9176;1036.9176;29-Apr-2018
119368;BANK OF INDIA Liquid Fund- Direct Plan- Daily IDCW;;INF761K01CL0;1002.6483;1002.6483;1002.6483;29-Apr-2018
119369;BANK OF INDIA Liquid Fund- Direct Plan- Growth;INF761K01785;;2014.3853;2014.3853;2014.3853;29-Apr-2018
119370;BANK OF INDIA Liquid Fund- Direct Plan- Weekly IDCW;;INF761K01CM8;1062.7586;1062.7586;1062.7586;29-Apr-2018
111971;BANK OF INDIA Liquid Fund- Regular Plan- Daily IDCW;;INF761K01CO4;1002.1069;1002.1069;1002.1069;29-Apr-2018
109254;BANK OF INDIA Liquid Fund- Regular Plan- Growth;INF761K01306;;2003.8168;2003.8168;2003.8168;29-Apr-2018
109255;BANK OF INDIA Liquid Fund- Regular Plan- Weekly IDCW;;INF761K01CP1;1002.4361;1002.4361;1002.4361;29-Apr-2018

Canara Robeco Mutual Fund
118307;CANARA ROBECO LIQUID FUND - DIRECT PLAN - DAILY IDCW (Reinvestment);;INF760K01FS0;1005.5000;1005.5000;1005.5000;29-Apr-2018
118305;CANARA ROBECO LIQUID FUND - DIRECT PLAN - GROWTH OPTION;INF760K01FU6;;2113.2466;2113.2466;2113.2466;29-Apr-2018
118304;CANARA ROBECO LIQUID FUND - DIRECT PLAN - IDCW (Payout/Reinvestment);INF760K01FT8;;1512.9507;1512.9507;1512.9507;29-Apr-2018
118306;CANARA ROBECO LIQUID FUND - DIRECT PLAN - MONTHLY IDCW (Payout/Reinvestment);INF760K01FV4;INF760K01FW2;1001.0082;1001.0082;1001.0082;29-Apr-2018
118308;CANARA ROBECO LIQUID FUND - DIRECT PLAN - WEEKLY IDCW (Payout/Reinvestment);INF760K01FY8;INF760K01FX0;1001.0071;1001.0071;1001.0071;29-Apr-2018
109349;CANARA ROBECO LIQUID FUND - REGULAR PLAN - DAILY IDCW (Reinvestment);;INF760K01CU3;1005.5000;1005.5000;1005.5000;29-Apr-2018
109353;CANARA ROBECO LIQUID FUND - REGULAR PLAN - GROWTH OPTION;INF760K01CW9;;2108.5607;2108.5607;2108.5607;29-Apr-2018
109351;CANARA ROBECO LIQUID FUND - REGULAR PLAN - MONTHLY IDCW (Payout/Reinvestment);INF760K01CX7;INF760K01CY5;1001.0017;1001.0017;1001.0017;29-Apr-2018
109350;CANARA ROBECO LIQUID FUND - REGULAR PLAN - WEEKLY IDCW (Payout/Reinvestment);INF760K01BZ4;INF760K01CZ2;1001.0005;1001.0005;1001.0005;29-Apr-2018
139235;Canara Robeco Liquid Fund -Unclaimed Redemption and Dividend Plan -Direct Growth Option;INF760K01IC8;;1148.5307;1148.5307;1148.5307;29-Apr-2018

DSP Mutual Fund
119125;DSP Liquidity Fund - Direct Plan - Growth;INF740K01QL4;;2498.9405;2498.9405;2498.9405;29-Apr-2018
119124;DSP Liquidity Fund - Direct Plan - IDCW - Daily;;INF740KA1OB6;1001.3045;1001.3045;1001.3045;29-Apr-2018
119123;DSP Liquidity Fund - Direct Plan - IDCW - Weekly;INF740KA1OC4;INF740KA1OD2;1001.4488;1001.4488;1001.4488;29-Apr-2018
103347;DSP Liquidity Fund - Regular Plan - Growth;INF740K01FK9;;2487.3494;2487.3494;2487.3494;29-Apr-2018
103348;DSP Liquidity Fund - Regular Plan - IDCW - Weekly;INF740K01FM5;INF740K01FL7;1001.4405;1001.4405;1001.4405;29-Apr-2018
103349;DSP Liquidity Fund- Regular Plan - IDCW - Daily;;INF740KA1OE0;1001.2991;1001.2991;1001.2991;29-Apr-2018

Groww Mutual Fund
119135;Groww Liquid Fund ( formerly known as Indiabulls Liquid )Fund - Direct Plan - Growth Option;INF666M01451;;1707.6879;1707.6879;1707.6879;29-Apr-2018
119136;Groww Liquid Fund (formerly known as Indiabulls Liquid Fund) - Direct Plan- - Income Distribution cum capital withdrawal Option ( Reinvestment);;INF666M01469;1001.0600;1001.0600;1001.0600;29-Apr-2018
115991;Groww Liquid Fund (formerly known as Indiabulls Liquid Fund) - Regular Plan - Growth Option;INF666M01014;;1698.9156;1698.9156;1698.9156;29-Apr-2018
119138;Groww Liquid Fund (formerly known as Indiabulls Liquid Fund)- Direct Plan- Fortnightly - Income Distribution cum capital withdrawal Option (Payout & Reinvestment);INF666M01501;INF666M01485;1001.2086;1001.2086;1001.2086;29-Apr-2018
119139;Groww Liquid Fund (formerly known as Indiabulls Liquid Fund)- Direct Plan- Monthly - Income Distribution cum capital withdrawal Option (Payout & Reinvestment);INF666M01519;INF666M01493;1034.4308;1034.4308;1034.4308;29-Apr-2018
119137;Groww Liquid Fund (formerly known as Indiabulls Liquid Fund)- Direct Plan- Weekly - Income Distribution cum capital withdrawal Option (Payout & Reinvestment);INF666M01527;INF666M01477;1001.6631;1001.6631;1001.6631;29-Apr-2018
115992;Groww Liquid Fund (formerly known as Indiabulls Liquid Fund)- Regular Plan- - Income Distribution cum capital withdrawal Option (Reinvestment);;INF666M01022;1001.1451;1001.1451;1001.1451;29-Apr-2018
115995;Groww Liquid Fund (formerly known as Indiabulls Liquid Fund)- Regular Plan- Monthly - Income Distribution cum capital withdrawal Option (Payout & Reinvestment);INF666M01071;INF666M01055;1005.7519;1005.7519;1005.7519;29-Apr-2018
115993;Groww Liquid Fund (formerly known as Indiabulls Liquid Fund)- Regular Plan- Weekly - Income Distribution cum capital withdrawal Option (Payout & Reinvestment);INF666M01089;INF666M01030;1002.7192;1002.7192;1002.7192;29-Apr-2018
115994;Groww Liquid Fund (formerly known as Indiabulls Liquid) Fund- Regular Plan- Fortnightly - Income Distribution cum capital withdrawal Option (Payout & Reinvestment);INF666M01063;INF666M01048;1001.0921;1001.0921;1001.0921;29-Apr-2018

ICICI Prudential Mutual Fund
120197;ICICI Prudential Liquid Fund - Direct Plan - Growth;INF109K01Q49;;258.5296;258.5296;258.5296;29-Apr-2018
103340;ICICI Prudential Liquid Fund - Growth;INF109K01VQ1;;257.7627;257.7627;257.7627;29-Apr-2018
103344;ICICI Prudential Liquid Fund - Institutional Option - I;INF109K01VH0;;243.2889;243.2889;243.2889;29-Apr-2018
101750;ICICI Prudential Liquid Fund Retail Growth;INF109K01UQ3;;398.5599;398.5599;398.5599;29-Apr-2018
101751;ICICI Prudential Liquid Institutional Fund - Growth;INF109K01VF4;;408.7723;408.7723;408.7723;29-Apr-2018

Invesco Mutual Fund
122786;Invesco India Liquid Fund - Bonus Option;INF205K01UX5;;2396.6527;2396.6527;2396.6527;29-Apr-2018
104484;Invesco India Liquid Fund - Daily IDCW (Reinvestment);;INF205K01HN3;1001.7798;1001.7798;1001.7798;29-Apr-2018
120537;Invesco India Liquid Fund - Direct Plan - Growth;INF205K01MF9;;2405.2174;2405.2174;2405.2174;29-Apr-2018
120536;Invesco India Liquid Fund - Direct Plan - Monthly IDCW (Payout / Reinvestment);INF205K01MG7;INF205K01MH5;1028.0651;1028.0651;1028.0651;29-Apr-2018
120535;Invesco India Liquid Fund - Direct Plan - Weekly IDCW (Reinvestment);INF205KA1BE5;INF205K01MI3;1001.5981;1001.5981;1001.5981;29-Apr-2018
120534;Invesco India Liquid Fund - Direct Plan- Daily IDCW (Reinvestment);;INF205K01ME2;1000.79;1000.79;1000.79;29-Apr-2018
104486;Invesco India Liquid Fund - Growth;INF205K01HM5;;2396.653;2396.653;2396.653;29-Apr-2018
104492;Invesco India Liquid Fund - Monthly IDCW (Payout / Reinvestment);INF205K01HQ6;INF205K01HP8;1003.487;1003.487;1003.487;29-Apr-2018
104488;Invesco India Liquid Fund - Regular - Growth;INF205K01HG7;;2204.39;2204.39;2204.39;29-Apr-2018
104489;Invesco India Liquid Fund - Regular - Weekly IDCW (Reinvestment);;INF205K01HH5;1002.0899;1002.0899;1002.0899;29-Apr-2018
139389;Invesco India Liquid Fund - Unclaimed Dividend Plan - Below 3 Years;;;1139.7807;1139.7807;1139.7807;29-Apr-2018
139387;Invesco India Liquid Fund - Unclaimed Redemption Plan - Below 3 years;;;1139.7768;1139.7768;1139.7768;29-Apr-2018
104485;Invesco India Liquid Fund - Weekly IDCW (Reinvestment);INF205KA1BD7;INF205K01HO1;1003.523;1003.523;1003.523;29-Apr-2018

JM Financial Mutual Fund
120410;JM Liquid Fund (Direct) - Bonus Option - Bonus Option - Principal units;INF192K01CN4;;15.3744;15.3744;15.3744;29-Apr-2018
120411;JM Liquid Fund (Direct) - Daily IDCW;;INF192K01CH6;10.4302;10.4302;10.4302;29-Apr-2018
120406;JM Liquid Fund (Direct) - Growth Option;INF192K01CM6;;47.8333;47.8333;47.8333;29-Apr-2018
120408;JM Liquid Fund (Direct) - Quarterly IDCW;INF192K01CK0;INF192K01CL8;27.1568;27.1568;27.1568;29-Apr-2018
120407;JM Liquid Fund (Direct) - Weekly IDCW;INF192K01CI4;INF192K01CJ2;11.0164;11.0164;11.0164;29-Apr-2018
100244;JM Liquid Fund (Regular) - Quarterly IDCW;INF192K01866;INF192K01874;26.9604;26.9604;26.9604;29-Apr-2018
100247;JM Liquid Fund (Regular) - Super Institutional Plan - Growth Option;INF192K01981;;27.3897;27.3897;27.3897;29-Apr-2018
100233;JM Liquid Fund (Regular) - Weekly IDCW;INF192K01841;INF192K01858;11.0137;11.0137;11.0137;29-Apr-2018
100234;JM Liquid Fund - Growth Option;INF192K01882;;47.6326;47.6326;47.6326;29-Apr-2018
139258;JM Liquid Fund Unclaimed Dividend (Direct) Growth Plan;INF192K01LB0;;47.8352;47.8352;47.8352;29-Apr-2018
139260;JM Liquid Fund Unclaimed Dividend IEF (Direct) Growth Plan;INF192K01LD6;;41.4437;41.4437;41.4437;29-Apr-2018
139257;JM Liquid Fund Unclaimed Redemption (Direct) Growth Plan;INF192K01LA2;;47.8352;47.8352;47.8352;29-Apr-2018
139259;JM Liquid Fund Unclaimed Redemption IEF (Direct) Growth Plan;INF192K01LC8;;41.4437;41.4437;41.4437;29-Apr-2018
101549;JM Liquid Fund (Regular) - Bonus Option - Principal Units;INF192K01890;;15.2520;15.2520;15.2520;29-Apr-2018
101078;JM Liquid Fund (Regular) - Daily IDCW;;INF192K01833;10.4302;10.4302;10.4302;29-Apr-2018

LIC Mutual Fund
120248;LIC MF Liquid Fund-Direct Plan-Daily IDCW;INF767K01DL5;INF767K01DM3;1098;1098;1098;29-Apr-2018
120249;LIC MF Liquid Fund-Direct Plan-Growth;INF767K01DN1;;3168.8334;3168.8334;3168.8334;29-Apr-2018
101184;LIC MF Liquid Fund-Regular Plan-Daily IDCW;INF767K01IQ3;INF767K01IR1;1098;1098;1098;29-Apr-2018
101185;LIC MF Liquid Fund-Regular Plan-Growth;INF767K01IS9;;3152.6614;3152.6614;3152.6614;29-Apr-2018

Nippon India Mutual Fund
100852;NIPPON INDIA LIQUID FUND - DAILY IDCW OPTION;;INF204K01UM1;1529.2999;1529.2999;1529.2999;29-Apr-2018
118695;NIPPON INDIA LIQUID FUND - DIRECT Plan - DAILY IDCW OPTION;;INF204K01ZG2;1529.3065;1529.3065;1529.3065;29-Apr-2018
118696;NIPPON INDIA LIQUID FUND - DIRECT Plan - MONTHLY IDCW OPTION;INF204K01ZI8;INF204K01ZJ6;1590.2661;1590.2661;1590.2661;29-Apr-2018
118698;NIPPON INDIA LIQUID FUND - DIRECT Plan - QUARTERLY IDCW OPTION;INF204K01ZK4;INF204K01ZL2;1014.6573;1014.6573;1014.6573;29-Apr-2018
118700;NIPPON INDIA LIQUID FUND - DIRECT Plan - WEEKLY IDCW OPTION;INF204KC1FN6;INF204K01ZM0;1530.8672;1530.8672;1530.8672;29-Apr-2018
118701;Nippon India Liquid Fund - Direct Plan Growth Plan - Growth Option;INF204K01ZH0;;4263.2119;4263.2119;4263.2119;29-Apr-2018
100855;NIPPON INDIA LIQUID FUND - MONTHLY IDCW OPTION;INF204K01UO7;INF204K01UP4;1586.9427;1586.9427;1586.9427;29-Apr-2018
112340;NIPPON INDIA LIQUID FUND - QUARTERLY IDCW OPTION;INF204K01UQ2;INF204K01UR0;1012.2827;1012.2827;1012.2827;29-Apr-2018
100837;Nippon India Liquid Fund - Retail Option - Growth Plan;INF204K01UL3;;3939.2618;3939.2618;3939.2618;29-Apr-2018
100842;NIPPON INDIA LIQUID FUND - RETAIL Plan - DAILY IDCW OPTION;;INF204K01UJ7;1524.7656;1524.7656;1524.7656;29-Apr-2018
100843;NIPPON INDIA LIQUID FUND - RETAIL plan - MONTHLY IDCW OPTION;INF204K01UT6;INF204K01UU4;1328.9180;1328.9180;1328.9180;29-Apr-2018
100844;NIPPON INDIA LIQUID FUND - RETAIL Plan - QUARTERLY IDCW OPTION;INF204K01UV2;INF204K01UW0;1225.3432;1225.3432;1225.3432;29-Apr-2018
100838;NIPPON INDIA LIQUID FUND - RETAIL Plan - WEEKLY IDCW OPTION;;INF204K01UK5;1034.4971;1034.4971;1034.4971;29-Apr-2018
100853;NIPPON INDIA LIQUID FUND - WEEKLY IDCW OPTION;INF204KC1FM8;INF204K01US8;1530.8605;1530.8605;1530.8605;29-Apr-2018
100851;Nippon India Liquid Fund -Growth Plan;INF204K01UN9;;4245.1470;4245.1470;4245.1470;29-Apr-2018
118610;Reliance Liquid Fund - Cash Plan - Direct Plan - Growth Plan - Growth Option;;;2822.1282;2822.1282;2822.1282;29-Apr-2018
118618;Reliance Liquid Fund - Cash Plan - Direct Plan Daily Dividend Reinvestment Option;;;1114.5568;1114.5568;1114.5568;29-Apr-2018
118609;Reliance Liquid Fund - Cash Plan - Direct Plan Monthly Dividend Plan;;;1003.5707;1003.5707;1003.5707;29-Apr-2018
118612;Reliance Liquid Fund - Cash Plan - Direct Plan Quarterly Dividend Plan;;;1018.0043;1018.0043;1018.0043;29-Apr-2018
118611;Reliance Liquid Fund - Cash Plan - Direct Plan Weekly Dividend Reinvestment Option;;;1092.0885;1092.0885;1092.0885;29-Apr-2018
100849;Reliance Liquid Fund-Cash Plan-Daily Dividend Reinvestment Option;;;1114.4994;1114.4994;1114.4994;29-Apr-2018
100845;Reliance Liquid Fund-Cash Plan-Growth Plan;;;2707.1096;2707.1096;2707.1096;29-Apr-2018
114251;Reliance Liquid Fund-Cash Plan-Monthly Dividend Plan;;;1001.6515;1001.6515;1001.6515;29-Apr-2018
114252;Reliance Liquid Fund-Cash Plan-Quarterly Dividend Plan;;;1010.9691;1010.9691;1010.9691;29-Apr-2018
100848;Reliance Liquid Fund-Cash Plan-Weekly Dividend Reinvestment Option;;;1092.0324;1092.0324;1092.0324;29-Apr-2018

Quantum Mutual Fund
103736;Quantum Liquid Fund - Direct Plan Daily IDCW;;INF082J01135;10.0094;10.0094;10.0094;29-Apr-2018
103734;Quantum Liquid Fund - Direct Plan Growth Option;INF082J01127;;24.0004;24.0004;24.0004;29-Apr-2018
103735;Quantum Liquid Fund - Direct Plan Monthly IDCW;INF082J01143;INF082J01200;10.0132;10.0132;10.0132;29-Apr-2018
141065;Quantum Liquid Fund - Regular Plan Daily IDCW;;INF082J01317;10.0042;10.0042;10.0042;29-Apr-2018
141066;Quantum Liquid Fund - Regular Plan Growth Option;INF082J01309;;23.9867;23.9867;23.9867;29-Apr-2018
141067;Quantum Liquid Fund - Regular Plan Monthly IDCW;INF082J01325;INF082J01333;10.0128;10.0128;10.0128;29-Apr-2018

SBI Mutual Fund
119804;SBI Liquid Fund - Direct Paln - Fortnightly Income Distribution cum Capital Withdrawal Option (IDCW);INF200K01UR8;INF200K01US6;1013.3571;1013.3571;1013.3571;29-Apr-2018
119805;SBI Liquid Fund - Direct Plan - Daily Income Distribution cum Capital Withdrawal Option (IDCW);;INF200K01UQ0;1003.2500;1003.2500;1003.2500;29-Apr-2018
119799;SBI Liquid Fund - Direct Plan - Weekly Income Distribution cum Capital Withdrawal Option (IDCW);INF200K01UU2;INF200K01UV0;1061.2582;1061.2582;1061.2582;29-Apr-2018
119800;SBI Liquid Fund - DIRECT PLAN -Growth;INF200K01UT4;;2739.1390;2739.1390;2739.1390;29-Apr-2018
105274;SBI Liquid Fund - Institutional - Growth;INF200K01LU1;;2755.7895;2755.7895;2755.7895;29-Apr-2018
105275;SBI Liquid Fund - Institutional Daily Income Distribution cum Capital Withdrawal Option (IDCW);;INF200K01LR7;1003.2500;1003.2500;1003.2500;29-Apr-2018
105279;SBI Liquid Fund - Institutional Fortnightly Income Distribution cum Capital Withdrawal Option (IDCW);INF200K01LS5;INF200K01LT3;1024.6559;1024.6559;1024.6559;29-Apr-2018
105278;SBI Liquid Fund - Institutional Weekly Income Distribution cum Capital Withdrawal Option (IDCW);INF200K01LV9;INF200K01LW7;1060.5460;1060.5460;1060.5460;29-Apr-2018
105281;SBI Liquid Fund - Regular Plan - Daily Income Distribution cum Capital Withdrawal Option (IDCW);;INF200K01LX5;1003.2500;1003.2500;1003.2500;29-Apr-2018
105283;SBI Liquid Fund - Regular Plan - Fortnightly Income Distribution cum Capital Withdrawal Option (IDCW);INF200K01LY3;INF200K01LZ0;1013.3346;1013.3346;1013.3346;29-Apr-2018
105282;SBI Liquid Fund - Regular Plan - Weekly Income Distribution cum Capital Withdrawal Option (IDCW);INF200K01MB9;INF200K01MC7;1061.2553;1061.2553;1061.2553;29-Apr-2018
105280;SBI Liquid Fund - REGULAR PLAN -Growth;INF200K01MA1;;2730.0647;2730.0647;2730.0647;29-Apr-2018

Sundaram Mutual Fund
119690;Sundaram Money Fund Direct Plan - Bonus;INF903J01RL8;;13.1815;13.1815;13.1815;29-Apr-2018
119688;Sundaram Money Fund Direct Plan - Daily Reinvestment of Income Distribution cum Capital Withdrawal (IDCW);;INF903J01QA3;10.1025;10.1025;10.1025;29-Apr-2018
119692;Sundaram Money Fund Direct Plan - Fortnightly Reinvestment of Income Distribution cum Capital Withdrawal (IDCW);;INF903J01QB1;25.9814;25.9814;25.9814;29-Apr-2018
119686;Sundaram Money Fund Direct Plan - Growth;INF903J01QF2;;36.8332;36.8332;36.8332;29-Apr-2018
119687;Sundaram Money Fund Direct Plan - Monthly Income Distribution cum Capital Withdrawal (IDCW);INF903J01QC9;INF903J01QD7;10.6846;10.6846;10.6846;29-Apr-2018
119689;Sundaram Money Fund Direct Plan - Quarterly Reinvestment of Income Distribution cum Capital Withdrawal (IDCW);;INF903J01QE5;35.3344;35.3344;35.3344;29-Apr-2018
119691;Sundaram Money Fund Direct Plan - Weekly Reinvestment of Income Distribution cum Capital Withdrawal (IDCW);;INF903J01QG0;11.7311;11.7311;11.7311;29-Apr-2018
102701;Sundaram Money Fund Institutional Plan - Daily Reinvestment of Income Distribution cum Capital Withdrawal (IDCW);;INF903J01GP2;10.0953;10.0953;10.0953;29-Apr-2018
102703;Sundaram Money Fund Institutional Plan - Growth;INF903J01GN7;;35.7752;35.7752;35.7752;29-Apr-2018
118328;Sundaram Money Fund Regular Plan - Bonus;INF903J01MB0;;13.1133;13.1133;13.1133;29-Apr-2018
103392;Sundaram Money Fund Regular Plan - Daily Reinvestment of Income Distribution cum Capital Withdrawal (IDCW);;INF903J01GW8;10.0953;10.0953;10.0953;29-Apr-2018
103395;Sundaram Money Fund Regular Plan - Fortnightly Reinvestment of Income Distribution cum Capital Withdrawal (IDCW);;INF903J01GY4;10.9921;10.9921;10.9921;29-Apr-2018
103397;Sundaram Money Fund Regular Plan - Growth;INF903J01GU2;;36.6850;36.6850;36.6850;29-Apr-2018
103396;Sundaram Money Fund Regular Plan - Monthly Income Distribution cum Capital Withdrawal (IDCW);INF903J01GV0;INF903J01GZ1;10.5417;10.5417;10.5417;29-Apr-2018
103393;Sundaram Money Fund Regular Plan - Quarterly Reinvestment of Income Distribution cum Capital Withdrawal (IDCW);;INF903J01HA2;35.2333;35.2333;35.2333;29-Apr-2018
100620;Sundaram Money Fund Retail Plan - Daily Reinvestment of Income Distribution cum Capital Withdrawal (IDCW);;INF903J01GI7;10.0953;10.0953;10.0953;29-Apr-2018
100622;Sundaram Money Fund Retail Plan - Fortnightly Reinvestment of Income Distribution cum Capital Withdrawal (IDCW);;INF903J01GK3;10.9601;10.9601;10.9601;29-Apr-2018
100618;Sundaram Money Fund Retail Plan - Growth;INF903J01GG1;;34.2840;34.2840;34.2840;29-Apr-2018
100623;Sundaram Money Fund Retail Plan - Monthly Income Distribution cum Capital Withdrawal (IDCW);INF903J01GH9;INF903J01GL1;10.5549;10.5549;10.5549;29-Apr-2018
100619;Sundaram Money Fund Retail Plan - Quarterly Reinvestment of Income Distribution cum Capital Withdrawal (IDCW);;INF903J01GM9;12.2387;12.2387;12.2387;29-Apr-2018
100621;Sundaram Money Fund Retail Plan - Weekly Reinvestment of Income Distribution cum Capital Withdrawal (IDCW);;INF903J01GJ5;11.6686;11.6686;11.6686;29-Apr-2018
140006;Sundaram Money Fund Unclaimed Amount Plan - Unclaimed Dividend Less Than Three Years;INF903JA1567;;11.0299;11.0299;11.0299;29-Apr-2018
140005;Sundaram Money Fund Unclaimed Amount Plan - Unclaimed Dividend More Than Three Years;INF903JA1575;;10.0000;10.0000;10.0000;29-Apr-2018
140003;Sundaram Money Fund Unclaimed Amount Plan - Unclaimed Redemption Less Than Three Years;INF903JA1542;;11.0389;11.0389;11.0389;29-Apr-2018
140004;Sundaram Money Fund Unclaimed Amount Plan - Unclaimed Redemption More Than Three Years;INF903JA1559;;10.0000;10.0000;10.0000;29-Apr-2018
103394;Sundaram Money Fund Regular Plan - Weekly Reinvestment of Income Distribution cum Capital Withdrawal (IDCW);;INF903J01GX6;11.7114;11.7114;11.7114;29-Apr-2018

Tata Mutual Fund
102672;Tata Liquid Fund -Regular Plan - Growth Option;INF277K01YD8;;2741.8620;2741.8620;2741.8620;29-Apr-2018
119862;Tata Liquid Fund- Direct Plan - Daily Reinvestment of IDCW Option;;INF277K012D2;1001.5187;1001.5187;1001.5187;29-Apr-2018
119861;Tata Liquid Fund- Direct Plan-Growth Option;INF277K01YE6;;2753.4690;2753.4690;2753.4690;29-Apr-2018
101714;Tata Liquid Fund- Regular Plan - Daily Reinvestment of IDCW Option;;INF277K011D4;1001.5157;1001.5157;1001.5157;29-Apr-2018

Taurus Mutual Fund
111915;Taurus Liquid Fund - Regular Plan - SI Growth Option;INF044D01534;;1767.0752;1767.0752;1767.0752;29-Apr-2018
113248;Taurus Liquid Fund - Regular Plan - SI Weekly Dividend Option;;INF044D01526;1000.7282;1000.7282;1000.7282;29-Apr-2018
111703;Taurus Liquid Fund - Regular Plan -SI Daily Dividend Option;;INF044D01518;1000.7587;1000.7587;1000.7587;29-Apr-2018
118891;Taurus Liquid Fund-Direct Plan-SI Daily Dividend Option;;INF044D01DI0;1000.7587;1000.7587;1000.7587;29-Apr-2018
118893;Taurus Liquid Fund-Direct Plan-SI Growth Option;INF044D01DK6;;1773.6991;1773.6991;1773.6991;29-Apr-2018
118892;Taurus Liquid Fund-Direct Plan-SI Weekly Dividend Option;;INF044D01DJ8;1001.2013;1001.2013;1001.2013;29-Apr-2018
104240;Taurus Liquid Fund-Dividend;INF044D01542;INF044D01559;1001.2243;1001.2243;1001.2243;29-Apr-2018
104241;Taurus Liquid Fund-Growth;INF044D01575;;2071.4190;2071.4190;2071.4190;29-Apr-2018

Union Mutual Fund
115401;Union Liquid Fund - Daily IDCW Option;;INF582M01021;1000.6489;1000.6489;1000.6489;29-Apr-2018
119301;Union Liquid Fund - Direct Plan - Daily IDCW Option;;INF582M01682;1000.7830;1000.7830;1000.7830;29-Apr-2018
119305;Union Liquid Fund - Direct Plan - Fortnightly IDCW Option;INF582M01724;INF582M01708;1001.0728;1001.0728;1001.0728;29-Apr-2018
119303;Union Liquid Fund - Direct Plan - Growth Option;INF582M01674;;1744.4284;1744.4284;1744.4284;29-Apr-2018
119302;Union Liquid Fund - Direct Plan - Monthly IDCW Option;INF582M01732;INF582M01716;1001.0736;1001.0736;1001.0736;29-Apr-2018
119304;Union Liquid Fund - Direct Plan - Weekly IDCW Option;;INF582M01690;1001.5259;1001.5259;1001.5259;29-Apr-2018
115399;Union Liquid Fund - Fortnightly IDCW Option;INF582M01062;INF582M01047;1001.0724;1001.0724;1001.0724;29-Apr-2018
115398;Union Liquid Fund - Growth Option;INF582M01013;;1735.4843;1735.4843;1735.4843;29-Apr-2018
115400;Union Liquid Fund - Monthly IDCW Option;INF582M01070;INF582M01054;1001.0706;1001.0706;1001.0706;29-Apr-2018
142345;Union Liquid Fund - Unclaimed Amounts Plan - IDCW Beyond 3 years;;;1000.0000;1000.0000;1000.0000;29-Apr-2018
142344;Union Liquid Fund - Unclaimed Amounts Plan - IDCW Upto 3 years;;;1018.5744;1018.5744;1018.5744;29-Apr-2018
142343;Union Liquid Fund - Unclaimed Amounts Plan - Redemption Beyond 3 years;;;1000.0000;1000.0000;1000.0000;29-Apr-2018
142342;Union Liquid Fund - Unclaimed Amounts Plan - Redemption Upto 3 years;;;1018.5766;1018.5766;1018.5766;29-Apr-2018
115402;Union Liquid Fund - Weekly IDCW Option;;INF582M01039;1001.5335;1001.5335;1001.5335;29-Apr-2018

UTI Mutual Fund
134427;UTI Liquid Fund - Direct Plan - Annual IDCW;INF789FA1K63;INF789FA1K71;1258.2315;1258.2315;1258.2315;29-Apr-2018
120558;UTI Liquid Fund - Direct Plan - Daily IDCW (Reinvestment);;INF789F01XP8;1019.4457;1019.4457;1019.4457;29-Apr-2018
140913;UTI Liquid Fund - Direct Plan - Fortnightly IDCW;INF789FA1K06;INF789FA1K14;1117.9224;1117.9224;0;29-Apr-2018
120794;UTI Liquid Fund - Direct Plan - Monthly IDCW;INF789F01XR4;INF789F01XS2;1030.1892;1030.1892;1030.1892;29-Apr-2018
140024;UTI Liquid Fund - Direct Plan - Quarterly IDCW;INF789FA1K22;INF789FA1K30;1188.2986;1188.2986;0;29-Apr-2018
120777;UTI Liquid Fund - Direct Plan - Weekly IDCW;;INF789F01XT0;1053.7327;1053.7327;1053.7327;29-Apr-2018
133973;UTI Liquid Fund - Regular Plan - Annual IDCW;INF789FA1J66;INF789FA1J74;1257.7838;1257.7838;1257.7838;29-Apr-2018
102010;UTI Liquid Fund - Regular Plan - Daily IDCW (Reinvestment);;INF789F01PG3;1019.4457;1019.4457;1019.4457;29-Apr-2018
140517;UTI Liquid Fund - Regular Plan - Flexi IDCW;INF789FA1J82;INF789FA1J90;1036.6273;1036.6273;0;29-Apr-2018
139838;UTI Liquid Fund - Regular Plan - Fortnightly IDCW;INF789FA1J09;INF789FA1J17;1117.4414;1117.4414;0;29-Apr-2018
102011;UTI Liquid Fund - Regular Plan - Monthly IDCW;INF789F01PI9;INF789F01PJ7;1030.1378;1030.1378;1030.1378;29-Apr-2018
135721;UTI Liquid Fund - Regular Plan - Quarterly IDCW;INF789FA1J25;INF789FA1J33;1187.5705;1187.5705;0;29-Apr-2018
102013;UTI Liquid Fund - Regular Plan - Weekly IDCW;;INF789F01PK5;1053.7226;1053.7226;1053.7226;29-Apr-2018
120304;UTI-  Liquid Cash Plan - Direct Plan - Growth Option;INF789F01XQ6;;2860.9616;2860.9616;2860.9616;29-Apr-2018
102012;UTI-  Liquid Cash Plan - Regular Plan - Growth Option;INF789F01PH1;;2852.4513;2852.4513;2852.4513;29-Apr-2018
102008;UTI-  Liquid Cash Plan- Discontinued - Regular Plan - Monthly Dividend Option;INF789F01BC2;INF789F01BA6;1177.0976;1177.0976;0;29-Apr-2018
102009;UTI-  Liquid Cash Plan- Discontinued - Regular Plan -Growth;INF789F01BB4;;2680.659;2680.659;0;29-Apr-2018
102007;UTI-  Liquid Cash Plan- Discontinued -Regular Plan Periodic Dividend Option;;INF789F01AZ5;1136.6247;1136.6247;0;29-Apr-2018

Open Ended Schemes ( Debt Scheme - Ultra Short Duration Fund )


SBI Mutual Fund
119784;SBI Ultra Short Duration Fund - Direct Plan - Daily Income Distribution cum Capital Withdrawal Option (IDCW);;INF200K01TG3;1675.0300;1675.0300;1675.0300;29-Apr-2018
119828;SBI ULTRA SHORT DURATION FUND - DIRECT PLAN - GROWTH;INF200K01TF5;;3864.1381;3864.1381;3864.1381;29-Apr-2018
119829;SBI Ultra Short Duration Fund - Direct Plan - Weekly Income Distribution cum Capital Withdrawal Option (IDCW);INF200K01TH1;INF200K01TI9;1077.7836;1077.7836;1077.7836;29-Apr-2018
105080;SBI Ultra Short Duration Fund - Regular Plan - Daily Income Distribution cum Capital Withdrawal Option (IDCW);;INF200K01LK2;1675.0300;1675.0300;1675.0300;29-Apr-2018
100641;SBI ULTRA SHORT DURATION FUND - REGULAR PLAN - GROWTH;INF200K01LJ4;;3847.4406;3847.4406;3847.4406;29-Apr-2018
103884;SBI Ultra Short Duration Fund - Regular Plan - Weekly Income Distribution cum Capital Withdrawal Option (IDCW);INF200K01LM8;INF200K01LL0;1077.7806;1077.7806;1077.7806;29-Apr-2018

Open Ended Schemes ( Debt Scheme - Money Market Fund )


Nippon India Mutual Fund
103050;NIPPON INDIA MONEY MARKET FUND - DAILY IDCW Option;;INF204K01UY6;1000.8987;1000.8987;1000.8987;29-Apr-2018
118718;NIPPON INDIA MONEY MARKET FUND - DIRECT Plan - DAILY IDCW Option;;INF204K01ZN8;1000.9242;1000.9242;1000.9242;29-Apr-2018
118720;NIPPON INDIA MONEY MARKET FUND - DIRECT Plan - MONTHLY IDCW Option;INF204K01ZQ1;INF204K01ZR9;1002.4395;1002.4395;1002.4395;29-Apr-2018
118716;NIPPON INDIA MONEY MARKET FUND - DIRECT Plan - QUARTERLY IDCW Option;INF204K01ZS7;INF204K01ZT5;1011.8107;1011.8107;1011.8107;29-Apr-2018
118717;NIPPON INDIA MONEY MARKET FUND - DIRECT Plan - WEEKLY IDCW Option;;INF204K01ZO6;1001.2830;1001.2830;1001.2830;29-Apr-2018
118715;Nippon India Money Market Fund - Direct Plan Growth Plan - Bonus Option;INF204K01G11;;1547.6847;1547.6847;1547.6847;29-Apr-2018
118719;Nippon India Money Market Fund - Direct Plan Growth Plan - Growth Option;INF204K01ZP3;;2632.0177;2632.0177;2632.0177;29-Apr-2018
103052;NIPPON INDIA MONEY MARKET FUND - MONTHLY IDCW Option;INF204K01VB2;INF204K01VC0;1002.4245;1002.4245;1002.4245;29-Apr-2018
112341;NIPPON INDIA MONEY MARKET FUND - QUARTERLY IDCW Option;INF204K01VD8;INF204K01VE6;1011.9504;1011.9504;1011.9504;29-Apr-2018
103051;NIPPON INDIA MONEY MARKET FUND - WEEKLY IDCW Option;;INF204K01UZ3;1001.3057;1001.3057;1001.3057;29-Apr-2018
103049;Nippon India Money Market Fund-Growth Plan-Bonus Option;INF204K01UX8;;1540.5624;1540.5624;1540.5624;29-Apr-2018
103048;Nippon India Money Market Fund-Growth Plan-Growth Option;INF204K01VA4;;2619.5217;2619.5217;2619.5217;29-Apr-2018

Tata Mutual Fund
119421;Tata Money Market Fund- Direct Plan - Daily Reinvestment of IDCW Option;;INF277K011C6;1114.5200;1114.5200;1114.5200;29-Apr-2018
119424;Tata Money Market Fund- Direct Plan- Growth Option;INF277K01PR6;;3221.2530;3221.2530;3221.2530;29-Apr-2018
101986;Tata Money Market Fund- Regular Plan - Daily Reinvestment of IDCW Option;;INF277K014C0;1114.5200;1114.5200;1114.5200;29-Apr-2018
101847;Tata Money Market Fund-Regular Plan - Growth Option;INF277K01LQ7;;3208.9631;3208.9631;3208.9631;29-Apr-2018

UTI Mutual Fund
120299;UTI MMF - Direct Plan - Growth Option;INF789F01XV6;;1960.4681;1960.4681;1960.4681;29-Apr-2018
112077;UTI MMF - Regular Plan - Growth Option;INF789F01PX8;;1950.0789;1950.0789;1950.0789;29-Apr-2018
100724;UTI MMF- Discontinued - Regular Plan - Flexi Dividend Option;;INF789F01BD0;2511.4298;2511.4298;0;29-Apr-2018
100725;UTI MMF- Discontinued - Regular Plan - Periodic Dividend Option;INF789F01BE8;;1995.6111;1995.6111;0;29-Apr-2018
100723;UTI MMF-Discontinued - Regular Plan -Growth;INF789F01BF5;;4654.2952;4654.2952;0;29-Apr-2018
134973;UTI Money Market Fund - Direct Plan - Annual IDCW;INF789FA1N03;INF789FA1N11;1163.6246;1163.6246;0;29-Apr-2018
120772;UTI Money Market Fund - Direct Plan - Daily IDCW (Reinvestment);;INF789F01XU8;1003.3854;1003.3854;1003.3854;29-Apr-2018
135606;UTI Money Market Fund - Direct Plan - Fortnightly IDCW;INF789FA1M20;INF789FA1M38;1207.7967;1207.7967;0;29-Apr-2018
140023;UTI Money Market Fund - Direct Plan - Half-Yearly IDCW;INF789FA1M87;INF789FA1M95;1005.1175;1005.1175;0;29-Apr-2018
133387;UTI Money Market Fund - Direct Plan - Monthly IDCW;INF789FA1M46;INF789FA1M53;1137.9121;1137.9121;1137.9121;29-Apr-2018
142249;UTI Money Market Fund - Direct Plan - Quarterly IDCW;INF789FA1M61;INF789FA1M79;1039.8632;1039.8632;0;29-Apr-2018
120793;UTI Money Market Fund - Direct Plan - Weekly IDCW;INF789F01XW4;INF789F01XX2;1015.2135;1015.2135;1015.2135;29-Apr-2018
134972;UTI Money Market Fund - Regular Plan - Annual IDCW;INF789FA1L88;INF789FA1L96;1161.5082;1161.5082;0;29-Apr-2018
112076;UTI Money Market Fund - Regular Plan - Daily IDCW (Reinvestment);;INF789F01PW0;1003.3854;1003.3854;1003.3854;29-Apr-2018
135371;UTI Money Market Fund - Regular Plan - Fortnightly IDCW;INF789FA1L05;INF789FA1L13;1119.7706;1119.7706;0;29-Apr-2018
134763;UTI Money Market Fund - Regular Plan - Half-Yearly IDCW;INF789FA1L62;INF789FA1L70;1095.8978;1095.8978;0;29-Apr-2018
133484;UTI Money Market Fund - Regular Plan - Monthly IDCW;INF789FA1L21;INF789FA1L39;1041.9602;1041.9602;1041.9602;29-Apr-2018
112635;UTI Money Market Fund - Regular Plan - Weekly IDCW;INF789F01PY6;INF789F01PZ3;1015.1927;1015.1927;1015.1927;29-Apr-2018

Open Ended Schemes ( Other Scheme - Other  ETFs )


Nippon India Mutual Fund
140086;Nippon India ETF Nifty 1D Rate Liquid BeES - DAILY IDCW Option;INF732E01037;;1000.0000;1000.0000;1000.0000;29-Apr-2018

Close Ended Schemes ( Income )


SBI Mutual Fund
128674;SBI DEBT FUND SERIES A - 13 DIRECT PLAN - GROWTH;INF200KA1960;;13.6832;N.A.;N.A.;29-Apr-2018
128671;SBI DEBT FUND SERIES A - 13 REGULAR PLAN - GROWTH;INF200KA1945;;13.5351;N.A.;N.A.;29-Apr-2018
128931;SBI DEBT FUND SERIES A - 16 DIRECT PLAN - GROWTH;INF200KA1AA0;;13.5540;N.A.;N.A.;29-Apr-2018
128933;SBI DEBT FUND SERIES A - 16 REGULAR PLAN - GROWTH;INF200KA1986;;13.5153;N.A.;N.A.;29-Apr-2018
129391;SBI DEBT FUND SERIES A - 20 DIRECT PLAN - DIVIDEND;INF200KA1BT8;;13.6173;N.A.;N.A.;29-Apr-2018
129392;SBI DEBT FUND SERIES A - 20 DIRECT PLAN - GROWTH;INF200KA1BS0;;13.6187;N.A.;N.A.;29-Apr-2018
129394;SBI DEBT FUND SERIES A - 20 REGULAR PLAN - GROWTH;INF200KA1BQ4;;13.5613;N.A.;N.A.;29-Apr-2018
129443;SBI DEBT FUND SERIES A - 21 DIRECT PLAN - GROWTH;INF200KA1BW2;;13.5647;N.A.;N.A.;29-Apr-2018
129444;SBI DEBT FUND SERIES A - 21 REGULAR PLAN - GROWTH;INF200KA1BU6;;13.5058;N.A.;N.A.;29-Apr-2018
129658;SBI DEBT FUND SERIES A - 22 DIRECT PLAN - DIVIDEND;INF200KA1CV2;;13.5941;N.A.;N.A.;29-Apr-2018
129661;SBI DEBT FUND SERIES A - 22 DIRECT PLAN - GROWTH;INF200KA1CU4;;13.5950;N.A.;N.A.;29-Apr-2018
129660;SBI DEBT FUND SERIES A - 22 REGULAR PLAN - GROWTH;INF200KA1CS8;;13.5186;N.A.;N.A.;29-Apr-2018
129663;SBI DEBT FUND SERIES A - 23 DIRECT PLAN - GROWTH;INF200K010H9;;13.7435;N.A.;N.A.;29-Apr-2018
129664;SBI DEBT FUND SERIES A - 23 REGULAR PLAN - DIVIDEND;INF200K019G2;;13.5854;N.A.;N.A.;29-Apr-2018
129665;SBI DEBT FUND SERIES A - 23 REGULAR PLAN - GROWTH;INF200K018G4;;13.5857;N.A.;N.A.;29-Apr-2018
129708;SBI DEBT FUND SERIES A - 24 DIRECT PLAN - GROWTH;INF200KA1DQ0;;13.5783;N.A.;N.A.;29-Apr-2018
129710;SBI DEBT FUND SERIES A - 24 REGULAR PLAN - GROWTH;INF200KA1DO5;;13.5019;N.A.;N.A.;29-Apr-2018
129848;SBI DEBT FUND SERIES A - 25 DIRECT PLAN - GROWTH;INF200KA1DU2;;13.5240;N.A.;N.A.;29-Apr-2018
129846;SBI DEBT FUND SERIES A - 25 REGULAR PLAN - DIVIDEND;INF200KA1DT4;;13.4612;N.A.;N.A.;29-Apr-2018
129847;SBI DEBT FUND SERIES A - 25 REGULAR PLAN - GROWTH;INF200KA1DS6;;13.4593;N.A.;N.A.;29-Apr-2018
129869;SBI DEBT FUND SERIES A - 26 (682 DAYS) DIRECT PLAN - GROWTH;INF200K012I3;;13.4328;N.A.;N.A.;29-Apr-2018
129871;SBI DEBT FUND SERIES A - 26 (682 DAYS) REGULAR PLAN - GROWTH;INF200K010I7;;13.3060;N.A.;N.A.;29-Apr-2018
129972;SBI DEBT FUND SERIES A - 27 (366 DAYS) DIRECT PLAN - GROWTH;INF200KA1EF1;;13.4860;N.A.;N.A.;29-Apr-2018
129974;SBI DEBT FUND SERIES A - 27 (366 DAYS) REGULAR PLAN - GROWTH;INF200KA1EH7;;13.4256;N.A.;N.A.;29-Apr-2018
130026;SBI DEBT FUND SERIES A - 28 (367 DAYS) - DIRECT PLAN - GROWTH;INF200KA1EO3;;13.4902;N.A.;N.A.;29-Apr-2018
130025;SBI DEBT FUND SERIES A - 28 (367 DAYS) - REGULAR PLAN - GROWTH;INF200KA1EM7;;13.4325;N.A.;N.A.;29-Apr-2018
130238;SBI DEBT FUND SERIES A - 31 (367 DAYS) DIRECT PLAN - GROWTH;INF200KA1EW6;;13.3768;N.A.;N.A.;29-Apr-2018
130237;SBI DEBT FUND SERIES A - 31 (367 DAYS) REGULAR PLAN - GROWTH;INF200KA1EU0;;13.3236;N.A.;N.A.;29-Apr-2018
130283;SBI DEBT FUND SERIES A - 32 (367 DAYS) DIRECT PLAN - GROWTH;INF200KA1FA9;;13.3591;N.A.;N.A.;29-Apr-2018
130284;SBI DEBT FUND SERIES A - 32 (367 DAYS) REGULAR PLAN - DIVIDEND;INF200KA1EZ9;;13.3063;N.A.;N.A.;29-Apr-2018
130281;SBI DEBT FUND SERIES A - 32 (367 DAYS) REGULAR PLAN - GROWTH;INF200KA1EY2;;13.3061;N.A.;N.A.;29-Apr-2018
130322;SBI DEBT FUND SERIES A - 34 (367 DAYS) DIRECT PLAN - GROWTH;INF200KA1FE1;;13.3357;N.A.;N.A.;29-Apr-2018
130323;SBI DEBT FUND SERIES A - 34 (367 DAYS) REGULAR PLAN - GROWTH;INF200KA1FC5;;13.2828;N.A.;N.A.;29-Apr-2018
130445;SBI DEBT FUND SERIES A - 35 (369 DAYS) DIRECT PLAN - GROWTH;INF200KA1FM4;;13.4473;N.A.;N.A.;29-Apr-2018
130442;SBI DEBT FUND SERIES A - 35 (369 DAYS) REGULAR PLAN - GROWTH;INF200KA1FK8;;13.3180;N.A.;N.A.;29-Apr-2018
130599;SBI DEBT FUND SERIES A - 36 (36 Months) DIRECT PLAN - DIVIDEND;INF200K017M4;;13.5319;N.A.;N.A.;29-Apr-2018
130601;SBI DEBT FUND SERIES A - 36 (36 Months) DIRECT PLAN - GROWTH;INF200K016M6;;13.5311;N.A.;N.A.;29-Apr-2018
130600;SBI DEBT FUND SERIES A - 36 (36 Months) REGULAR PLAN - DIVIDEND;INF200K015M8;;13.3778;N.A.;N.A.;29-Apr-2018
130602;SBI DEBT FUND SERIES A - 36 (36 Months) REGULAR PLAN - GROWTH;INF200K014M1;;13.3777;N.A.;N.A.;29-Apr-2018
134626;SBI Debt Fund Series B - 16 (1100 Days) - Direct Plan - Dividend;INF200KA1CN9;;12.6327;N.A.;N.A.;29-Apr-2018
134623;SBI Debt Fund Series B - 16 (1100 Days) - Regular Plan - Growth;INF200KA1CK5;;12.5018;N.A.;N.A.;29-Apr-2018
134624;SBI Debt Fund Series B -16 (1100 Days) - Direct Plan - Growth;INF200KA1CM1;;12.6324;N.A.;N.A.;29-Apr-2018
134625;SBI Debt Fund Series B -16 (1100 Days) - Regular Plan - Dividend;INF200KA1CL3;;12.5018;N.A.;N.A.;29-Apr-2018
134671;SBI DEBT FUND SERIES B - 17 (1100 DAYS) - DIRECT PLAN - DIVIDEND;INF200KA1CZ3;;12.6200;N.A.;N.A.;29-Apr-2018
134670;SBI DEBT FUND SERIES B - 17 (1100 DAYS) - DIRECT PLAN - GROWTH;INF200KA1CY6;;12.6179;N.A.;N.A.;29-Apr-2018
134669;SBI DEBT FUND SERIES B - 17 (1100 DAYS) - REGULAR PLAN - DIVIDEND;INF200KA1CX8;;12.4883;N.A.;N.A.;29-Apr-2018
134672;SBI DEBT FUND SERIES B - 17 (1100 DAYS) - REGULAR PLAN - GROWTH;INF200KA1CW0;;12.4883;N.A.;N.A.;29-Apr-2018
134688;SBI DEBT FUND SERIES B - 18 (1100 DAYS) - DIRECT PLAN - DIVIDEND;INF200KA1ED6;;12.5760;N.A.;N.A.;29-Apr-2018
134689;SBI DEBT FUND SERIES B - 18 (1100 DAYS) - DIRECT PLAN - GROWTH;INF200KA1EC8;;12.5726;N.A.;N.A.;29-Apr-2018
134687;SBI DEBT FUND SERIES B - 18 (1100 DAYS) - REGULAR PLAN - DIVIDEND;INF200KA1EB0;;12.4459;N.A.;N.A.;29-Apr-2018
134690;SBI DEBT FUND SERIES B - 18 (1100 DAYS) - REGULAR PLAN - GROWTH;INF200KA1EA2;;12.4443;N.A.;N.A.;29-Apr-2018
134771;SBI DEBT FUND SERIES B - 19 (1100 Days) - DIRECT PLAN - DIVIDEND;INF200KA1EI5;;12.6113;N.A.;N.A.;29-Apr-2018
134770;SBI DEBT FUND SERIES B - 19 (1100 Days) - DIRECT PLAN - GROWTH;INF200KA1EJ3;;12.6109;N.A.;N.A.;29-Apr-2018
134769;SBI DEBT FUND SERIES B - 19 (1100 Days) - REGULAR PLAN - DIVIDEND;INF200KA1EK1;;12.4837;N.A.;N.A.;29-Apr-2018
134768;SBI DEBT FUND SERIES B - 19 (1100 Days) - REGULAR PLAN - GROWTH;INF200KA1EL9;;12.4837;N.A.;N.A.;29-Apr-2018
134810;SBI DEBT FUND SERIES B - 20 (1100 DAYS) - DIRECT PLAN - DIVIDEND;INF200KA1ET2;;12.5907;N.A.;N.A.;29-Apr-2018
134809;SBI DEBT FUND SERIES B - 20 (1100 DAYS) - DIRECT PLAN - GROWTH;INF200KA1ES4;;12.5907;N.A.;N.A.;29-Apr-2018
134811;SBI DEBT FUND SERIES B - 20 (1100 DAYS) - REGULAR PLAN - DIVIDEND;INF200KA1ER6;;12.4646;N.A.;N.A.;29-Apr-2018
134808;SBI DEBT FUND SERIES B - 20 (1100 DAYS) - REGULAR PLAN - GROWTH;INF200KA1EQ8;;12.4646;N.A.;N.A.;29-Apr-2018
135065;SBI DEBT FUND SERIES B - 22 (1100 DAYS) - DIRECT PLAN - DIVIDEND;INF200KA1FR3;;12.4884;N.A.;N.A.;29-Apr-2018
135063;SBI DEBT FUND SERIES B - 22 (1100 DAYS) - DIRECT PLAN - GROWTH;INF200KA1FQ5;;12.4883;N.A.;N.A.;29-Apr-2018
135062;SBI DEBT FUND SERIES B - 22 (1100 DAYS) - REGULAR PLAN - DIVIDEND;INF200KA1FP7;;12.3667;N.A.;N.A.;29-Apr-2018
135064;SBI DEBT FUND SERIES B - 22 (1100 DAYS) - REGULAR PLAN - GROWTH;INF200KA1FO0;;12.3667;N.A.;N.A.;29-Apr-2018
135104;SBI DEBT FUND SERIES B - 23 (1100 DAYS) - DIRECT PLAN - GROWTH;INF200KA1FV5;;12.4478;N.A.;N.A.;29-Apr-2018
135103;SBI DEBT FUND SERIES B - 23 (1100 DAYS) - DIRECT PLAN -DIVIDEND;INF200KA1FW3;;12.4477;N.A.;N.A.;29-Apr-2018
135102;SBI DEBT FUND SERIES B - 23 (1100 DAYS) - REGULAR PLAN - DIVIDEND;INF200KA1FU7;;12.3309;N.A.;N.A.;29-Apr-2018
135105;SBI DEBT FUND SERIES B - 23 (1100 DAYS) - REGULAR PLAN - GROWTH;INF200KA1FT9;;12.3309;N.A.;N.A.;29-Apr-2018
135326;SBI DEBT FUND SERIES B - 25 (1100 DAYS) - DIRECT PLAN - DIVIDEND;INF200KA1GI0;;12.3708;N.A.;N.A.;29-Apr-2018
135324;SBI DEBT FUND SERIES B - 25 (1100 DAYS) - DIRECT PLAN - GROWTH;INF200KA1GH2;;12.3705;N.A.;N.A.;29-Apr-2018
135327;SBI DEBT FUND SERIES B - 25 (1100 DAYS) - REGULAR PLAN - DIVIDEND;INF200KA1GG4;;12.2549;N.A.;N.A.;29-Apr-2018
135325;SBI DEBT FUND SERIES B - 25 (1100 DAYS) - REGULAR PLAN - GROWTH;INF200KA1GF6;;12.2549;N.A.;N.A.;29-Apr-2018
135565;SBI DEBT FUND SERIES B - 26 (1100 DAYS) - DIRECT PLAN - DIVIDEND;INF200KA1GU5;;12.1363;N.A.;N.A.;29-Apr-2018
135564;SBI DEBT FUND SERIES B - 26 (1100 DAYS) - DIRECT PLAN - GROWTH;INF200KA1GT7;;12.1363;N.A.;N.A.;29-Apr-2018
135563;SBI DEBT FUND SERIES B - 26 (1100 DAYS) - REGULAR PLAN - DIVIDEND;INF200KA1GS9;;12.0289;N.A.;N.A.;29-Apr-2018
135566;SBI DEBT FUND SERIES B - 26 (1100 DAYS) - REGULAR PLAN - GROWTH;INF200KA1GR1;;12.0289;N.A.;N.A.;29-Apr-2018
135708;SBI DEBT FUND SERIES B - 27 (1100 DAYS) - DIRECT PLAN - DIVIDEND;INF200KA1GY7;;12.0544;N.A.;N.A.;29-Apr-2018
135710;SBI DEBT FUND SERIES B - 27 (1100 DAYS) - DIRECT PLAN - GROWTH;INF200KA1GX9;;12.0543;N.A.;N.A.;29-Apr-2018
135707;SBI DEBT FUND SERIES B - 27 (1100 DAYS) - REGULAR PLAN - DIVIDEND;INF200KA1GW1;;11.9506;N.A.;N.A.;29-Apr-2018
135709;SBI DEBT FUND SERIES B - 27 (1100 DAYS) - REGULAR PLAN - GROWTH;INF200KA1GV3;;11.9506;N.A.;N.A.;29-Apr-2018
135788;SBI DEBT FUND SERIES B - 28 (1100 DAYS) - DIRECT PLAN - DIVIDEND;INF200KA1HG2;;12.0291;N.A.;N.A.;29-Apr-2018
135786;SBI DEBT FUND SERIES B - 28 (1100 DAYS) - DIRECT PLAN - GROWTH;INF200KA1HF4;;12.0293;N.A.;N.A.;29-Apr-2018
135785;SBI DEBT FUND SERIES B - 28 (1100 DAYS) - REGULAR PLAN - DIVIDEND;INF200KA1HE7;;11.9266;N.A.;N.A.;29-Apr-2018
135787;SBI DEBT FUND SERIES B - 28 (1100 DAYS) - REGULAR PLAN - GROWTH;INF200KA1HD9;;11.9271;N.A.;N.A.;29-Apr-2018
135904;SBI DEBT FUND SERIES B - 29 (1200 DAYS) - DIRECT PLAN - DIVIDEND;INF200KA1HK4;;12.0222;N.A.;N.A.;29-Apr-2018
135905;SBI DEBT FUND SERIES B - 29 (1200 DAYS) - DIRECT PLAN - GROWTH;INF200KA1HJ6;;12.0227;N.A.;N.A.;29-Apr-2018
135903;SBI DEBT FUND SERIES B - 29 (1200 DAYS) - REGULAR PLAN - DIVIDEND;INF200KA1HI8;;11.9232;N.A.;N.A.;29-Apr-2018
135902;SBI DEBT FUND SERIES B - 29 (1200 DAYS) - REGULAR PLAN - GROWTH;INF200KA1HH0;;11.9232;N.A.;N.A.;29-Apr-2018
136143;SBI DEBT FUND SERIES B - 31 (1200 DAYS) - DIRECT PLAN - DIVIDEND;INF200KA1HW9;;11.9010;N.A.;N.A.;29-Apr-2018
136142;SBI DEBT FUND SERIES B - 31 (1200 DAYS) - DIRECT PLAN - GROWTH;INF200KA1HV1;;11.9012;N.A.;N.A.;29-Apr-2018
136144;SBI DEBT FUND SERIES B - 31 (1200 DAYS) - REGULAR PLAN - DIVIDEND;INF200KA1HU3;;11.8078;N.A.;N.A.;29-Apr-2018
136141;SBI DEBT FUND SERIES B - 31 (1200 DAYS) - REGULAR PLAN - GROWTH;INF200KA1HT5;;11.8080;N.A.;N.A.;29-Apr-2018
136431;SBI DEBT FUND SERIES B - 33 (1131 DAYS) - DIRECT PLAN - DIVIDEND PAYOUT;INF200KA1II6;;11.8319;N.A.;N.A.;29-Apr-2018
136432;SBI DEBT FUND SERIES B - 33 (1131 DAYS) - DIRECT PLAN - GROWTH;INF200KA1IH8;;11.8361;N.A.;N.A.;29-Apr-2018
136434;SBI DEBT FUND SERIES B - 33 (1131 DAYS) - REGULAR PLAN - DIVIDEND PAYOUT;INF200KA1IG0;;11.7457;N.A.;N.A.;29-Apr-2018
136433;SBI DEBT FUND SERIES B - 33 (1131 DAYS) - REGULAR PLAN - GROWTH;INF200KA1IF2;;11.7457;N.A.;N.A.;29-Apr-2018
136477;SBI DEBT FUND SERIES B - 34 (1131 DAYS) - DIRECT PLAN - DIVIDEND PAYOUT;INF200KA1IM8;;11.7991;N.A.;N.A.;29-Apr-2018
136476;SBI DEBT FUND SERIES B - 34 (1131 DAYS) - DIRECT PLAN - GROWTH;INF200KA1IL0;;11.8014;N.A.;N.A.;29-Apr-2018
136475;SBI DEBT FUND SERIES B - 34 (1131 DAYS) - REGULAR PLAN - DIVIDEND PAYOUT;INF200KA1IK2;;11.7123;N.A.;N.A.;29-Apr-2018
136474;SBI DEBT FUND SERIES B - 34 (1131 DAYS) - REGULAR PLAN - GROWTH;INF200KA1IJ4;;11.7123;N.A.;N.A.;29-Apr-2018
136547;SBI DEBT FUND SERIES B - 35 (1131 DAYS) - DIRECT PLAN - DIVIDEND PAYOUT;INF200KA1IQ9;;11.7806;N.A.;N.A.;29-Apr-2018
136548;SBI DEBT FUND SERIES B - 35 (1131 DAYS) - DIRECT PLAN - GROWTH;INF200KA1IP1;;11.7832;N.A.;N.A.;29-Apr-2018
136546;SBI DEBT FUND SERIES B - 35 (1131 DAYS) - REGULAR PLAN - DIVIDEND PAYOUT;INF200KA1IO4;;11.6951;N.A.;N.A.;29-Apr-2018
136545;SBI DEBT FUND SERIES B - 35 (1131 DAYS) - REGULAR PLAN - GROWTH;INF200KA1IN6;;11.6949;N.A.;N.A.;29-Apr-2018
139226;SBI DEBT FUND SERIES B - 36 (1131 DAYS) - DIRECT PLAN - DIVIDEND PAYOUT;INF200KA1IY3;;11.7118;N.A.;N.A.;29-Apr-2018
139227;SBI DEBT FUND SERIES B - 36 (1131 DAYS) - DIRECT PLAN - GROWTH;INF200KA1IX5;;11.7125;N.A.;N.A.;29-Apr-2018
139225;SBI DEBT FUND SERIES B - 36 (1131 DAYS) - REGULAR PLAN - DIVIDEND PAYOUT;INF200KA1IW7;;11.6263;N.A.;N.A.;29-Apr-2018
139228;SBI DEBT FUND SERIES B- 36 (1131 DAYS) - REGULAR PLAN - GROWTH;INF200KA1IV9;;11.6262;N.A.;N.A.;29-Apr-2018
139403;SBI DEBT FUND SERIES B - 41(1100 DAYS)- DIRECT PLAN - DIVIDEND PAYOUT;INF200KA1JS3;;11.5288;N.A.;N.A.;29-Apr-2018
139406;SBI DEBT FUND SERIES B - 41(1100 DAYS)- DIRECT PLAN - GROWTH;INF200KA1JR5;;11.5287;N.A.;N.A.;29-Apr-2018
139405;SBI DEBT FUND SERIES B - 41(1100 DAYS)- REGULAR PALN - GROWTH;INF200KA1JP9;;11.4511;N.A.;N.A.;29-Apr-2018
139404;SBI DEBT FUND SERIES B - 41(1100 DAYS)- REGULAR PLAN - DIVIDEND PAYOUT;INF200KA1JQ7;;11.4511;N.A.;N.A.;29-Apr-2018
139565;SBI DEBT FUNDS SERIES B - 42 (1100 DAYS) - DIRECT PLAN - DIVIDEND PAYOUT;INF200KA1KB7;;11.3683;N.A.;N.A.;29-Apr-2018
139567;SBI DEBT FUNDS SERIES B - 42 (1100 DAYS) - DIRECT PLAN - GROWTH;INF200KA1KA9;;11.3684;N.A.;N.A.;29-Apr-2018
139564;SBI DEBT FUNDS SERIES B - 42 (1100 DAYS) - REGULAR PLAN - DIVIDEND PAYOUT;INF200KA1JZ8;;11.2959;N.A.;N.A.;29-Apr-2018
139566;SBI DEBT FUNDS SERIES B - 42 (1100 DAYS) - REGULAR PLAN - GROWTH;INF200KA1JY1;;11.2959;N.A.;N.A.;29-Apr-2018
139790;SBI DEBT FUND SERIES B - 43(1100 DAYS)- DIRECT PLAN - DIVIDEND PAYOUT;INF200KA1KR3;;11.1964;N.A.;N.A.;29-Apr-2018
139791;SBI DEBT FUND SERIES B - 43(1100 DAYS)- DIRECT PLAN - GROWTH;INF200KA1KQ5;;11.1964;N.A.;N.A.;29-Apr-2018
139789;SBI DEBT FUND SERIES B - 43(1100 DAYS)- REGULAR PLAN - GROWTH;INF200KA1KO0;;11.1298;N.A.;N.A.;29-Apr-2018
139788;SBI DEBT FUND SERIES B - 43(1100 DAYS)-REGULAR PLAN - DIVIDEND PAYOUT;INF200KA1KP7;;11.1298;N.A.;N.A.;29-Apr-2018
140012;SBI Debt Fund Series B - 44 (1100 Days) - Direct Plan - Dividend;INF200KA1LD1;;11.0151;N.A.;N.A.;29-Apr-2018
140011;SBI Debt Fund Series B - 44 (1100 Days) - Direct plan - Growth;INF200KA1LC3;;11.0152;N.A.;N.A.;29-Apr-2018
140014;SBI Debt Fund Series B - 44 (1100 Days) - Regular Plan - Dividend;INF200KA1LB5;;10.9541;N.A.;N.A.;29-Apr-2018
140013;SBI Debt Fund Series B - 44 (1100 Days) - Regular Plan - Growth;INF200KA1LA7;;10.9541;N.A.;N.A.;29-Apr-2018
140736;SBI DEBT FUND SERIES B - 46 (1155 DAYS) - DIRECT PLAN - DIVIDEND PAYOUT;INF200KA1MB3;;10.7175;N.A.;N.A.;29-Apr-2018
140735;SBI DEBT FUND SERIES B - 46 (1155 DAYS) - DIRECT PLAN - GROWTH;INF200KA1MA5;;10.7172;N.A.;N.A.;29-Apr-2018
140734;SBI DEBT FUND SERIES B - 46 (1155 DAYS) - REGULAR PLAN - DIVIDEND PAYOUT;INF200KA1LZ4;;10.6829;N.A.;N.A.;29-Apr-2018
140733;SBI DEBT FUND SERIES B - 46 (1155 DAYS) - REGULAR PLAN - GROWTH;INF200KA1LY7;;10.6833;N.A.;N.A.;29-Apr-2018
140764;SBI DEBT FUND SERIES B - 49 (1170 DAYS) - DIRECT PLAN - DIVIDEND PAYOUT;INF200KA1MV1;;10.7150;N.A.;N.A.;29-Apr-2018
140761;SBI DEBT FUND SERIES B - 49 (1170 DAYS) - DIRECT PLAN - GROWTH;INF200KA1MU3;;10.7150;N.A.;N.A.;29-Apr-2018
140762;SBI DEBT FUND SERIES B - 49 (1170 DAYS) - REGULAR PLAN - DIVIDEND PAYOUT;INF200KA1MT5;;10.6823;N.A.;N.A.;29-Apr-2018
140763;SBI DEBT FUND SERIES B - 49 (1170 DAYS) - REGULAR PLAN - GROWTH;INF200KA1MS7;;10.6820;N.A.;N.A.;29-Apr-2018
141525;SBI DEBT FUND SERIES C - 1 (1100 DAYS) - DIRECT PLAN - DIVIDEND PAYOUT;INF200KA1PX0;;10.4591;N.A.;N.A.;29-Apr-2018
141524;SBI DEBT FUND SERIES C - 1 (1100 DAYS) - DIRECT PLAN - GROWTH;INF200KA1PW2;;10.4592;N.A.;N.A.;29-Apr-2018
141523;SBI DEBT FUND SERIES C - 1 (1100 DAYS) - REGULAR PLAN - DIVIDEND PAYOUT;INF200KA1PV4;;10.4258;N.A.;N.A.;29-Apr-2018
141522;SBI DEBT FUND SERIES C - 1 (1100 DAYS) - REGULAR PLAN - GROWTH;INF200KA1PU6;;10.4253;N.A.;N.A.;29-Apr-2018
142551;SBI Debt Fund Series - C - 10 (1150 Days) - Direct Plan - Income Distribution cum Capital Withdrawal Option (IDCW);INF200KA1SR6;;10.0517;N.A.;N.A.;29-Apr-2018
142552;SBI Debt Fund Series - C - 10 (1150 Days) - Regular Plan - Income Distribution cum Capital Withdrawal Option (IDCW);INF200KA1SP0;;10.0451;N.A.;N.A.;29-Apr-2018
142550;SBI DEBT FUND SERIES C - 10 (1150 DAYS) - DIRECT PLAN - GROWTH;INF200KA1SQ8;;10.0517;N.A.;N.A.;29-Apr-2018
142553;SBI DEBT FUND SERIES C - 10 (1150 DAYS) - REGULAR PLAN - GROWTH;INF200KA1SO3;;10.0451;N.A.;N.A.;29-Apr-2018
142866;SBI DEBT FUND SERIES C - 11 (91 DAYS) - DIRECT PLAN - DIVIDEND PAYOUT;INF200KA1SZ9;;10.1017;N.A.;N.A.;29-Apr-2018
142868;SBI DEBT FUND SERIES C - 11 (91 DAYS) - DIRECT PLAN - GROWTH;INF200KA1SY2;;10.1017;N.A.;N.A.;29-Apr-2018
142867;SBI DEBT FUND SERIES C - 11 (91 DAYS) - REGULAR PLAN - DIVIDEND PAYOUT;INF200KA1SX4;;10.1002;N.A.;N.A.;29-Apr-2018
142865;SBI DEBT FUND SERIES C - 11 (91 DAYS) - REGULAR PLAN - GROWTH;INF200KA1SW6;;10.1002;N.A.;N.A.;29-Apr-2018
142872;SBI Debt Fund Series - C - 12 (1122 Days) - Direct Plan - Income Distribution cum Capital Withdrawal Option (IDCW);INF200KA1TD4;;9.9902;N.A.;N.A.;29-Apr-2018
142870;SBI Debt Fund Series - C - 12 (1122 Days) - Regular Plan - Income Distribution cum Capital Withdrawal Option (IDCW);INF200KA1TB8;;9.9856;N.A.;N.A.;29-Apr-2018
142871;SBI DEBT FUND SERIES C - 12 (1122 DAYS) - DIRECT PLAN - GROWTH;INF200KA1TC6;;9.9902;N.A.;N.A.;29-Apr-2018
142869;SBI DEBT FUND SERIES C - 12 (1122 DAYS) - REGULAR PLAN - GROWTH;INF200KA1TA0;;9.9856;N.A.;N.A.;29-Apr-2018
142955;SBI DEBT FUND SERIES C - 13 (91 DAYS) - DIRECT PLAN - DIVIDEND PAYOUT;INF200KA1TH5;;10.0826;N.A.;N.A.;29-Apr-2018
142953;SBI DEBT FUND SERIES C - 13 (91 DAYS) - DIRECT PLAN - GROWTH;INF200KA1TG7;;10.0824;N.A.;N.A.;29-Apr-2018
142956;SBI DEBT FUND SERIES C - 13 (91 DAYS) - REGULAR PLAN - DIVIDEND PAYOUT;INF200KA1TF9;;10.0810;N.A.;N.A.;29-Apr-2018
142954;SBI DEBT FUND SERIES C - 13 (91 DAYS) - REGULAR PLAN - GROWTH;INF200KA1TE2;;10.0810;N.A.;N.A.;29-Apr-2018
142960;SBI Debt Fund Series - C - 14 (1122 Days) - Direct Plan - Income Distribution cum Capital Withdrawal Option (IDCW);INF200KA1TL7;;9.9801;N.A.;N.A.;29-Apr-2018
142957;SBI Debt Fund Series - C - 14 (1122 Days) - Regular Plan - Income Distribution cum Capital Withdrawal Option (IDCW);INF200KA1TJ1;;9.9772;N.A.;N.A.;29-Apr-2018
142959;SBI DEBT FUND SERIES C - 14 (1122 DAYS) - DIRECT PLAN - GROWTH;INF200KA1TK9;;9.9801;N.A.;N.A.;29-Apr-2018
142958;SBI DEBT FUND SERIES C - 14 (1122 DAYS) - REGULAR PLAN - GROWTH;INF200KA1TI3;;9.9762;N.A.;N.A.;29-Apr-2018
141746;SBI DEBT FUND SERIES C - 2 (1100 DAYS) - DIRECT PLAN - DIVIDEND PAYOUT;INF200KA1RH9;;10.2618;N.A.;N.A.;29-Apr-2018
141745;SBI DEBT FUND SERIES C - 2 (1100 DAYS) - DIRECT PLAN - GROWTH;INF200KA1RG1;;10.2618;N.A.;N.A.;29-Apr-2018
141744;SBI DEBT FUND SERIES C - 2 (1100 DAYS) - REGULAR PLAN - DIVIDEND PAYOUT;INF200KA1RF3;;10.2346;N.A.;N.A.;29-Apr-2018
141747;SBI DEBT FUND SERIES C - 2 (1100 DAYS) - REGULAR PLAN - GROWTH;INF200KA1RE6;;10.2346;N.A.;N.A.;29-Apr-2018
142178;SBI Debt Fund Series - C - 7 (1190 Days) - Direct Plan - Income Distribution cum Capital Withdrawal Option (IDCW);INF200KA1SB0;;10.1015;N.A.;N.A.;29-Apr-2018
142180;SBI Debt Fund Series - C - 7 (1190 Days) - Regular Plan - Income Distribution cum Capital Withdrawal Option (IDCW);INF200KA1RZ1;;10.0900;N.A.;N.A.;29-Apr-2018
142177;SBI DEBT FUND SERIES C - 7 (1190 DAYS) - DIRECT PLAN - GROWTH;INF200KA1SA2;;10.1015;N.A.;N.A.;29-Apr-2018
142179;SBI DEBT FUND SERIES C - 7 (1190 DAYS) - REGULAR PLAN - GROWTH;INF200KA1RY4;;10.0900;N.A.;N.A.;29-Apr-2018
142333;SBI Debt Fund Series - C - 8 (1175 Days) - Direct Plan - Income Distribution cum Capital Withdrawal Option (IDCW);INF200KA1SJ3;;10.0860;N.A.;N.A.;29-Apr-2018
142331;SBI Debt Fund Series - C - 8 (1175 Days) - Regular Plan - Income Distribution cum Capital Withdrawal Option (IDCW);INF200KA1SH7;;10.0766;N.A.;N.A.;29-Apr-2018
142330;SBI DEBT FUND SERIES C - 8 (1175 DAYS) - REGULAR PLAN - GROWTH;INF200KA1SG9;;10.0766;N.A.;N.A.;29-Apr-2018
142332;SBI DEBT FUND SERIES C -8 (1175 DAYS) - DIRECT PLAN - GROWTH;INF200KA1SI5;;10.0860;N.A.;N.A.;29-Apr-2018
142487;SBI Debt Fund Series - C - 9 (1150 Days) - Direct Plan - Income Distribution cum Capital Withdrawal Option (IDCW);INF200KA1SN5;;10.0599;N.A.;N.A.;29-Apr-2018
142486;SBI Debt Fund Series - C - 9 (1150 Days) - Regular Plan - Income Distribution cum Capital Withdrawal Option (IDCW);INF200KA1SL9;;10.0527;N.A.;N.A.;29-Apr-2018
142485;SBI DEBT FUND SERIES C - 9 (1150 DAYS) - DIRECT PLAN - GROWTH;INF200KA1SM7;;10.0599;N.A.;N.A.;29-Apr-2018
142488;SBI DEBT FUND SERIES C - 9 (1150 DAYS) - REGULAR PLAN - GROWTH;INF200KA1SK1;;10.0527;N.A.;N.A.;29-Apr-2018
130023;SBI Dual Advantage Fund - Series III - Direct Plan - Dividend;INF200K015J4;;12.8689;N.A.;N.A.;29-Apr-2018
130024;SBI Dual Advantage Fund - Series III - Direct Plan - Growth;INF200K014J7;;13.1350;N.A.;N.A.;29-Apr-2018
130022;SBI Dual Advantage Fund - Series III - Regular Plan - Dividend;INF200K013J9;;12.8033;N.A.;N.A.;29-Apr-2018
130021;SBI Dual Advantage Fund - Series III - Regular Plan - Growth;INF200K012J1;;12.8020;N.A.;N.A.;29-Apr-2018
134613;SBI DUAL ADVANTAGE FUND - SERIES IX - DIRECT PLAN - DIVIDEND;INF200KA1CB4;;12.4436;N.A.;N.A.;29-Apr-2018
134614;SBI DUAL ADVANTAGE FUND - SERIES IX - DIRECT PLAN - GROWTH;INF200KA1CA6;;12.4436;N.A.;N.A.;29-Apr-2018
134612;SBI DUAL ADVANTAGE FUND - SERIES IX - REGULAR PLAN - DIVIDEND;INF200KA1BZ5;;12.0378;N.A.;N.A.;29-Apr-2018
134611;SBI DUAL ADVANTAGE FUND - SERIES IX - REGULAR PLAN - GROWTH;INF200KA1BY8;;12.0378;N.A.;N.A.;29-Apr-2018
135155;SBI DUAL ADVANTAGE FUND - SERIES X - DIRECT PLAN - DIVIDEND;INF200KA1GE9;;12.4511;N.A.;N.A.;29-Apr-2018
135154;SBI DUAL ADVANTAGE FUND - SERIES X - DIRECT PLAN - GROWTH;INF200KA1GD1;;12.4511;N.A.;N.A.;29-Apr-2018
135156;SBI DUAL ADVANTAGE FUND - SERIES X - REGULAR PLAN - DIVIDEND;INF200KA1GC3;;12.0289;N.A.;N.A.;29-Apr-2018
135153;SBI DUAL ADVANTAGE FUND - SERIES X - REGULAR PLAN - GROWTH;INF200KA1GB5;;12.0290;N.A.;N.A.;29-Apr-2018
135377;SBI DUAL ADVANTAGE FUND - SERIES XI - DIRECT PLAN - DIVIDEND;INF200KA1GM2;;12.3495;N.A.;N.A.;29-Apr-2018
135376;SBI DUAL ADVANTAGE FUND - SERIES XI - DIRECT PLAN - GROWTH;INF200KA1GL4;;12.3496;N.A.;N.A.;29-Apr-2018
135379;SBI DUAL ADVANTAGE FUND - SERIES XI - REGULAR PLAN - DIVIDEND;INF200KA1GK6;;11.9876;N.A.;N.A.;29-Apr-2018
135378;SBI DUAL ADVANTAGE FUND - SERIES XI - REGULAR PLAN - GROWTH;INF200KA1GJ8;;11.9875;N.A.;N.A.;29-Apr-2018
135777;SBI DUAL ADVANATGE FUND - SERIES XII - REGULAR PLAN - DIVIDEND;INF200KA1HA5;;12.0303;N.A.;N.A.;29-Apr-2018
135780;SBI DUAL ADVANTAGE FUND - SERIES XII - DIRECT PLAN - DIVIDEND;INF200KA1HC1;;12.3093;N.A.;N.A.;29-Apr-2018
135778;SBI DUAL ADVANTAGE FUND - SERIES XII - DIRECT PLAN - GROWTH;INF200KA1HB3;;12.3093;N.A.;N.A.;29-Apr-2018
135779;SBI DUAL ADVANTAGE FUND - SERIES XII - REGULAR PLAN - GROWTH;INF200KA1GZ4;;12.0309;N.A.;N.A.;29-Apr-2018
136044;SBI DUAL ADVANTAGE FUND - SERIES XIII - DIRECT PLAN - DIVIDEND;INF200KA1HS7;;12.2845;N.A.;N.A.;29-Apr-2018
136043;SBI DUAL ADVANTAGE FUND - SERIES XIII - DIRECT PLAN - GROWTH;INF200KA1HR9;;12.2845;N.A.;N.A.;29-Apr-2018
136045;SBI DUAL ADVANTAGE FUND - SERIES XIII - REGULAR PLAN - DIVIDEND;INF200KA1HQ1;;12.0210;N.A.;N.A.;29-Apr-2018
136042;SBI DUAL ADVANTAGE FUND - SERIES XIII - REGULAR PLAN - GROWTH;INF200KA1HP3;;12.0209;N.A.;N.A.;29-Apr-2018
140596;SBI DUAL ADVANTAGE FUND - SERIES XIX - DIRECT PLAN - DIVIDEND PAYOUT;INF200KA1LX9;;10.9259;N.A.;N.A.;29-Apr-2018
140597;SBI DUAL ADVANTAGE FUND - SERIES XIX - DIRECT PLAN - GROWTH;INF200KA1LW1;;10.9257;N.A.;N.A.;29-Apr-2018
140598;SBI DUAL ADVANTAGE FUND - SERIES XIX - REGULAR PLAN - DIVIDEND PAYOUT;INF200KA1LV3;;10.8320;N.A.;N.A.;29-Apr-2018
140595;SBI DUAL ADVANTAGE FUND - SERIES XIX - REGULAR PLAN - GROWTH;INF200KA1LU5;;10.8316;N.A.;N.A.;29-Apr-2018
139123;SBI Dual Advantage Fund - Series XV- Direct Plan - Growth;INF200KA1IT3;;11.8061;N.A.;N.A.;29-Apr-2018
139120;SBI Dual Advantage Fund - Series XV- Direct Plan -Dividend Payout;INF200KA1IU1;;11.8061;N.A.;N.A.;29-Apr-2018
139122;SBI Dual Advantage Fund - Series XV- Regular Plan - Dividend Payout;INF200KA1IS5;;11.5628;N.A.;N.A.;29-Apr-2018
139121;SBI Dual Advantage Fund - Series XV- Regular Plan - Growth;INF200KA1IR7;;11.5620;N.A.;N.A.;29-Apr-2018
139531;SBI Dual Advantage Fund - Series XVI - Direct Plan - Dividend Payout;INF200KA1JX3;;11.3517;N.A.;N.A.;29-Apr-2018
139526;SBI Dual Advantage Fund - Series XVI - Direct Plan - Growth;INF200KA1JW5;;11.3537;N.A.;N.A.;29-Apr-2018
139532;SBI Dual Advantage Fund - Series XVI - Regular Plan - Dividend Payout;INF200KA1JV7;;11.2014;N.A.;N.A.;29-Apr-2018
139533;SBI Dual Advantage Fund - Series XVI - Regular Plan - Growth;INF200KA1JU9;;11.2003;N.A.;N.A.;29-Apr-2018
139793;SBI Dual Advantage Fund  XVII - Direct Plan - Dividend Payout;INF200KA1KN2;;11.2773;N.A.;N.A.;29-Apr-2018
139792;SBI Dual Advantage Fund  XVII - Regular Plan - Growth;INF200KA1KK8;;11.1440;N.A.;N.A.;29-Apr-2018
139794;SBI Dual Advantage Fund - Series XVII - Direct Plan - growth;INF200KA1KM4;;11.2770;N.A.;N.A.;29-Apr-2018
139795;SBI Dual Advantage Fund - Series XVII - Regular Plan - Dividend Payout;INF200KA1KL6;;11.1460;N.A.;N.A.;29-Apr-2018
140393;SBI Dual Advantage Fund - Series XVIII - Direct Plan - Dividend Payout;INF200KA1LL4;;11.1467;N.A.;N.A.;29-Apr-2018
140396;SBI Dual Advantage Fund - Series XVIII - Direct Plan - Growth;INF200KA1LK6;;11.2377;N.A.;N.A.;29-Apr-2018
140395;SBI Dual Advantage Fund - Series XVIII - Regular Plan - Dividend Payout;INF200KA1LJ8;;11.0387;N.A.;N.A.;29-Apr-2018
140394;SBI Dual Advantage Fund - Series XVIII - Regular Plan - Growth;INF200KA1LI0;;11.0416;N.A.;N.A.;29-Apr-2018
141350;SBI DUAL ADVANTAGE FUND - SERIES XXII - DIRECT PLAN - DIVIDEND PAYOUT;INF200KA1OR5;;10.6435;N.A.;N.A.;29-Apr-2018
141348;SBI DUAL ADVANTAGE FUND - SERIES XXII - DIRECT PLAN - GROWTH;INF200KA1OQ7;;10.6435;N.A.;N.A.;29-Apr-2018
141347;SBI DUAL ADVANTAGE FUND - SERIES XXII - REGULAR PLAN - DIVIDEND PAYOUT;INF200KA1OP9;;10.5645;N.A.;N.A.;29-Apr-2018
141349;SBI DUAL ADVANTAGE FUND - SERIES XXII - REGULAR PLAN - GROWTH;INF200KA1OO2;;10.5691;N.A.;N.A.;29-Apr-2018
141633;SBI DUAL ADVANTAGE FUND - SERIES XXIII - DIRECT PLAN - DIVIDEND PAYOUT;INF200KA1QZ3;;10.3776;N.A.;N.A.;29-Apr-2018
141634;SBI DUAL ADVANTAGE FUND - SERIES XXIII - DIRECT PLAN - GROWTH;INF200KA1QY6;;10.3790;N.A.;N.A.;29-Apr-2018
141632;SBI DUAL ADVANTAGE FUND - SERIES XXIII - REGULAR PLAN - DIVIDEND PAYOUT;INF200KA1QX8;;10.3232;N.A.;N.A.;29-Apr-2018
141631;SBI DUAL ADVANTAGE FUND - SERIES XXIII - REGULAR PLAN - GROWTH;INF200KA1QW0;;10.3222;N.A.;N.A.;29-Apr-2018
141834;SBI DUAL ADVANTAGE FUND - SERIES XXIV - DIRECT PLAN - DIVIDEND PAYOUT;INF200KA1RL1;;10.2287;N.A.;N.A.;29-Apr-2018
141832;SBI DUAL ADVANTAGE FUND - SERIES XXIV - DIRECT PLAN - GROWTH;INF200KA1RK3;;10.2286;N.A.;N.A.;29-Apr-2018
141831;SBI DUAL ADVANTAGE FUND - SERIES XXIV - REGULAR PLAN - DIVIDEND PAYOUT;INF200KA1RJ5;;10.1864;N.A.;N.A.;29-Apr-2018
141833;SBI DUAL ADVANTAGE FUND - SERIES XXIV - REGULAR PLAN - GROWTH;INF200KA1RI7;;10.1835;N.A.;N.A.;29-Apr-2018
141960;SBI DUAL ADVANTAGE FUND - SERIES XXV - DIRECT PLAN - GROWTH;INF200KA1RS6;;10.0671;N.A.;N.A.;29-Apr-2018
141962;SBI Dual Advantage Fund - Series XXV - Direct Plan - Income Distribution cum Capital Withdrawal Option (IDCW);INF200KA1RT4;;10.0672;N.A.;N.A.;29-Apr-2018
141959;SBI DUAL ADVANTAGE FUND - SERIES XXV - REGULAR PLAN - GROWTH;INF200KA1RQ0;;10.0373;N.A.;N.A.;29-Apr-2018
141961;SBI Dual Advantage Fund - Series XXV - Regular Plan - Income Distribution cum Capital Withdrawal Option (IDCW);INF200KA1RR8;;10.0368;N.A.;N.A.;29-Apr-2018
142259;SBI DUAL ADVANTAGE FUND - SERIES XXVI - DIRECT PLAN - GROWTH;INF200KA1SE4;;10.1070;N.A.;N.A.;29-Apr-2018
142256;SBI Dual Advantage Fund - Series XXVI - Direct Plan - Income Distribution cum Capital Withdrawal Option (IDCW);INF200KA1SF1;;10.1071;N.A.;N.A.;29-Apr-2018
142257;SBI DUAL ADVANTAGE FUND - SERIES XXVI - REGULAR PLAN - GROWTH;INF200KA1SC8;;10.0889;N.A.;N.A.;29-Apr-2018
142258;SBI Dual Advantage Fund - Series XXVI - Regular Plan - Income Distribution cum Capital Withdrawal Option (IDCW);INF200KA1SD6;;10.0891;N.A.;N.A.;29-Apr-2018
142751;SBI DUAL ADVANTAGE FUND - SERIES XXVII - DIRECT PLAN - GROWTH;INF200KA1SU0;;10.0479;N.A.;N.A.;29-Apr-2018
142752;SBI Dual Advantage Fund - Series XXVII - Direct Plan - Income Distribution cum Capital Withdrawal Option (IDCW);INF200KA1SV8;;10.0479;N.A.;N.A.;29-Apr-2018
142749;SBI DUAL ADVANTAGE FUND - SERIES XXVII - REGULAR PLAN - GROWTH;INF200KA1SS4;;10.0400;N.A.;N.A.;29-Apr-2018
142750;SBI Dual Advantage Fund - Series XXVII - Regular Plan - Income Distribution cum Capital Withdrawal Option (IDCW);INF200KA1ST2;;10.0403;N.A.;N.A.;29-Apr-2018
136358;SBI DUAL ADVANTAGE FUND SERIES XIV- DIRECT PLAN - DIVIDEND PAYOUT;INF200KA1IA3;;12.0970;N.A.;N.A.;29-Apr-2018
136359;SBI DUAL ADVANTAGE FUND SERIES XIV- DIRECT PLAN - GROWTH;INF200KA1HZ2;;12.0970;N.A.;N.A.;29-Apr-2018
136361;SBI DUAL ADVANTAGE FUND SERIES XIV- REGULAR PLAN - DIVIDEND PAYOUT;INF200KA1HY5;;11.8385;N.A.;N.A.;29-Apr-2018
136360;SBI DUAL ADVANTAGE FUND SERIES XIV- REGULAR PLAN - GROWTH;INF200KA1HX7;;11.8359;N.A.;N.A.;29-Apr-2018

Close Ended Schemes ( Growth )


SBI Mutual Fund
131339;SBI EQUITY OPPORTUNITIES FUND - SERIES I - DIRECT PLAN - DIVIDEND;INF200K017S1;;11.9893;N.A.;N.A.;29-Apr-2018
131338;SBI EQUITY OPPORTUNITIES FUND - SERIES I - DIRECT PLAN - GROWTH;INF200K016S3;;16.9005;N.A.;N.A.;29-Apr-2018
131337;SBI EQUITY OPPORTUNITIES FUND - SERIES I - REGULAR PLAN - DIVIDEND;INF200K015S5;;11.8704;N.A.;N.A.;29-Apr-2018
131336;SBI EQUITY OPPORTUNITIES FUND - SERIES I - REGULAR PLAN - GROWTH;INF200K014S8;;16.7308;N.A.;N.A.;29-Apr-2018
135507;SBI EQUITY OPPORTUNITIES FUND -  SERIES IV - REGULAR PLAN - GROWTH;INF200KA1GP5;;16.5335;N.A.;N.A.;29-Apr-2018
135506;SBI EQUITY OPPORTUNITIES FUND - SERIES IV - DIRECT PLAN - GROWTH;INF200KA1GN0;;17.0952;N.A.;N.A.;29-Apr-2018
135509;SBI Equity Opportunities Fund-Series IV - Direct Plan - Income Distribution cum Capital Withdrawal Option (IDCW);INF200KA1GO8;;14.5295;N.A.;N.A.;29-Apr-2018
135508;SBI Equity Opportunities Fund-Series IV - Regular Plan - Income Distribution cum Capital Withdrawal Option (IDCW);INF200KA1GQ3;;14.0268;N.A.;N.A.;29-Apr-2018
