Scheme Code;Scheme Name;ISIN Div Payout/ISIN Growth;ISIN Div Reinvestment;Net Asset Value;Repurchase Price;Sale Price;Date

Open Ended Schemes ( Income )


DBS Chola Mutual Fund
101958;DBS Chola Liquid Fund - Institutional Plus Weekly Dividend;;;11.9663;11.9663;11.9663;26-Oct-2008
103137;DBS Chola Short Term Floating Rate Fund-Cumulative;;;12.6809;12.6809;12.6809;26-Oct-2008
103134;DBS Chola Short Term Floating Rate Fund-Dividend-Daily;;;10.1220;10.1220;10.1220;26-Oct-2008
103136;DBS Chola Short Term Floating Rate Fund-Dividend-Monthly;;;10.4655;10.4655;10.4655;26-Oct-2008
103135;DBS Chola Short Term Floating Rate Fund-Dividend-Weekly;;;10.3426;10.3426;10.3426;26-Oct-2008

DSP Mutual Fund
103277;DSP Credit Risk Fund - Institutional Plan-Growth;INF740K01FN3;;1215.4996;1215.4996;1215.4996;26-Oct-2008

Open Ended Schemes ( Liquid )


ABN  AMRO Mutual Fund
108955;ABN AMRO Overnight Fund-Institutional Plan-Daily Dividend Option;;;10.0030;10.0030;10.0030;26-Oct-2008
108961;ABN AMRO Overnight Fund-Institutional Plan-Growth Option;;;12.8827;12.8827;12.8827;26-Oct-2008
108958;ABN AMRO Overnight Fund-Institutional Plan-Monthly Dividend Payout Option;;;10.0871;10.0871;10.0871;26-Oct-2008
108964;ABN AMRO Overnight Fund-Institutional Plan-Weekly Dividend Option;;;0.0000;0.0000;0.0000;26-Oct-2008
108959;ABN AMRO Overnight Fund-Institutional Plus Plan-Daily Dividend Option;;;10.0030;10.0030;10.0030;26-Oct-2008
108960;ABN AMRO Overnight Fund-Institutional Plus Plan-Growth Option;;;10.5037;10.5037;10.5037;26-Oct-2008
108963;ABN AMRO Overnight Fund-Institutional Plus Plan-Monthly Dividend Option;;;0.0000;0.0000;0.0000;26-Oct-2008
108954;ABN AMRO Overnight Fund-Institutional Plus Plan-Weekly Dividend Option;;;0.0000;0.0000;0.0000;26-Oct-2008
108962;ABN AMRO Overnight Fund-Regular Plan-Growth Option;;;12.6878;12.6878;12.6878;26-Oct-2008
108956;ABN AMRO Overnight Fund-Regular Plan-Monthly Dividend Payout Option;;;10.0849;10.0849;10.0849;26-Oct-2008
108957;ABN AMRO Overnight Fund-Regular Plan-Weekly Dividend Option;;;10.0079;10.0079;10.0079;26-Oct-2008

Aditya Birla Sun Life Mutual Fund
101294;Birla Sun Life Cash Plus Sweep Plan-Dividend Option;;;10.0921;10.0921;10.0921;26-Oct-2008

Bandhan Mutual Fund
108794;IDFC Liquid Fund - Daily Dividend;INF194K01GJ9;INF194K01GI1;1000.2100;1000.2100;1000.2100;26-Oct-2008
108793;IDFC Liquid Fund - Growth;INF194K01GE0;;1210.6358;1210.6358;1210.6358;26-Oct-2008
108796;IDFC Liquid Fund - Monthly Dividend;INF194K01GG5;INF194K01GF7;1004.7879;1004.7879;1004.7879;26-Oct-2008
108795;IDFC Liquid Fund-Weekly Dividend;INF194K01GM3;INF194K01GL5;1000.5266;1000.5266;1000.5266;26-Oct-2008

DBS Chola Mutual Fund
100989;DBS Chola Liquid Fund-Cum -Institutional Plus;;;17.2424;17.2424;17.2424;26-Oct-2008
104329;DBS Chola Liquid Fund-Cum -Super Institutional;;; 11.7252 ; 11.7252 ; 11.7252 ;26-Oct-2008
100978;DBS Chola Liquid Fund-Daily Dividend Reinvestment Plan;;;10.0326;10.0326;10.0326;26-Oct-2008
100975;DBS Chola Liquid Fund-Regular Cumulative;;;17.0753;17.0753;17.0753;26-Oct-2008
101307;DBS Chola Liquid Fund - Regular Weekly Dividend;;;12.0004;12.0004;12.0004;26-Oct-2008

Deutsche Mutual Fund
105672;DWS INSTA CASH PLUS FUND - Regular Plan BONUS OPTION;INF223J01BH3;;10.6007;10.6007;10.6007;26-Oct-2008
106472;DWS Insta Cash Plus Fund - Weekly Dividend;INF223J01BT8;INF223J01BU6;10.0000;10.0000;10.0000;26-Oct-2008
106471;DWS Insta Cash Plus Fund -Growth;INF223J01BP6;;11.0238;11.0238;11.0238;26-Oct-2008
106467;DWS Insta Cash Plus Fund-Daily Dividend;;INF223J01BO9;10.0200;10.0200;10.0200;26-Oct-2008
101718;DWS Insta Cash Plus Fund-DIVIDEND-Daily Dividend;;INF223J01BI1;10.3010;10.3010;10.3010;26-Oct-2008
101717;DWS Insta Cash Plus Fund-DIVIDEND-MONTHLY DIVIDEND;INF223J01BK7;INF223J01BL5;10.8547;10.8547;10.8547;26-Oct-2008
101716;DWS Insta Cash Plus Fund-DIVIDEND-WEEKLY DIVIDEND;INF223J01BM3;INF223J01BN1;10.3572;10.3572;10.3572;26-Oct-2008
101719;DWS Insta Cash Plus Fund-Growth-GROWTH;INF223J01BJ9;;14.2805;14.2805;14.2805;26-Oct-2008
101722;DWS Insta Cash Plus Fund-Institutional Plan-Daily Dividend;;INF223J01BA8;10.0195;10.0195;10.0195;26-Oct-2008
101720;DWS Insta Cash Plus Fund-Institutional Plan-Dividend;INF223J01BE0;INF223J01BD2;10.0000;10.0000;10.0000;26-Oct-2008
101721;DWS Insta Cash Plus Fund-Institutional Plan-Growth;INF223J01BB6;;13.3905;13.3905;13.3905;26-Oct-2008
101723;DWS Insta Cash Plus Fund-Institutional Plan-Weekly Dividend;INF223J01BF7;INF223J01BG5;10.0000;10.0000;10.0000;26-Oct-2008

DSP Mutual Fund
106861;DSP BlackRock Cash Manager Fund - Institutional Plan - Daily Dividend Reinvest;;;1000.1000;1000.1000;1000.1000;26-Oct-2008
106863;DSP BlackRock Cash Manager Fund - Institutional Plan - Growth;;;1091.2301;1091.2301;1091.2301;26-Oct-2008
106862;DSP BlackRock Cash Manager Fund - Institutional Plan - Weekly Dividend Reinvest;;;1000.9750;1000.9750;1000.9750;26-Oct-2008
106859;DSP BlackRock Cash Manager Fund - Regular Plan - Growth;;;1090.5996;1090.5996;1090.5996;26-Oct-2008
106860;DSP BlackRock Cash Manager Fund - Regular Plan - Weekly Dividend Reinvest;;;1000.9709;1000.9709;1000.9709;26-Oct-2008

Edelweiss Mutual Fund
109946;Edelweiss Liquid Fund - Growth Option;INF754K01BC6;;10.1496;10.1496;10.1496;26-Oct-2008
109941;Edelweiss Liquid Fund - Institutional Plan - Daily Dividend Option;;INF754K01AZ9;10.0000;10.0000;10.0000;26-Oct-2008
109934;Edelweiss Liquid Fund - Retail Plan - Daily Dividend Option;;INF754K01AS4;10.0000;10.0000;10.0000;26-Oct-2008
109940;Edelweiss Liquid Fund - Retail Plan - Growth Option;INF754K01AO3;;10.1495;10.1495;10.1495;26-Oct-2008
109939;Edelweiss Liquid Fund - Retail Plan - Monthly Dividend Option;INF754K01AP0;INF754K01AR6;10.0788;10.0788;10.0788;26-Oct-2008
109937;Edelweiss Liquid Fund - Retail Plan - Weekly Dividend Option;;INF754K01AT2;10.0119;10.0119;10.0119;26-Oct-2008

Fidelity Mutual Fund
104498;Fidelity Cash Fund - Institutional Plan - Daily Dividend Option;;INF677K01AQ1;10.0024;10.0024;10.0024;26-Oct-2008
104497;Fidelity Cash Fund - Institutional Plan - Growth Option;;;11.6383;11.6383;11.6383;26-Oct-2008
104548;Fidelity Cash Fund - Institutional Plan - Monthly Dividend Option;INF677K01AS7;INF677K01AT5;10.0928;10.0928;10.0928;26-Oct-2008
104546;Fidelity Cash Fund - Institutional Plan - Weekly Dividend Option;;INF677K01AR9;10.0268;10.0268;10.0268;26-Oct-2008
104495;Fidelity Cash Fund - Retail Plan - Daily Dividend option;;INF677K01AL2;10.0022;10.0022;10.0022;26-Oct-2008
104493;Fidelity Cash Fund - Retail Plan - Growth option;;;11.5511;11.5511;11.5511;26-Oct-2008
104547;Fidelity Cash Fund - Retail Plan - Monthly Dividend Option;;;10.0891;10.0891;10.0891;26-Oct-2008
104549;Fidelity Cash Fund - Retail Plan - Weekly Dividend Option;;INF677K01AM0;10.0158;10.0158;10.0158;26-Oct-2008
104494;Fidelity Cash Fund - Super Institutional Plan - Daily Dividend Option;;INF677K01AV1;10.0027;10.0027;10.0027;26-Oct-2008
104496;Fidelity Cash Fund - Super Institutional Plan - Growth Option;INF677K01AU3;;11.6616;11.6616;11.6616;26-Oct-2008
104551;Fidelity Cash Fund - Super Institutional Plan - Monthly Dividend Option;INF677K01AX7;INF677K01AY5;10.0000;10.0000;10.0000;26-Oct-2008
104550;Fidelity Cash Fund - Super Institutional Plan - Weekly Dividend Option;;INF677K01AW9;10.0000;10.0000;10.0000;26-Oct-2008

ING Mutual Fund
106913;ING High Yield Liquidity Fund - Institutional Growth Option;;;10.0000;10.0000;10.0000;26-Oct-2008
106914;ING High Yield Liquidity Fund - Institutional Quarterly Dividend Option;;;10.0000;10.0000;10.0000;26-Oct-2008
106904;ING High Yield Liquidity Fund - Regular Daily Dividend Option;;;10.5126;10.5126;10.5126;26-Oct-2008
106912;ING High Yield Liquidity Fund- Institutional Bonus Option;;;10.0000;10.0000;10.0000;26-Oct-2008
106909;ING High Yield Liquidity Fund- Institutional Daily Dividend Option;;;10.0000;10.0000;10.0000;26-Oct-2008
106911;ING High Yield Liquidity Fund- Institutional Monthly Dividend Option;;;10.0000;10.0000;10.0000;26-Oct-2008
106910;ING High Yield Liquidity Fund- Institutional Weekly Dividend Option;;;10.0000;10.0000;10.0000;26-Oct-2008
106908;ING High Yield Liquidity Fund- Regular Bonus Option;;;10.0000;10.0000;10.0000;26-Oct-2008
106903;ING High Yield Liquidity Fund- Regular Growth Option;;;10.6160;10.6160;10.6160;26-Oct-2008
106907;ING High Yield Liquidity Fund- Regular Monthly Dividend Option;;;10.0000;10.0000;10.0000;26-Oct-2008
106906;ING High Yield Liquidity Fund- Regular Quarterly Dividend Option;;;10.0000;10.0000;10.0000;26-Oct-2008
106905;ING High Yield Liquidity Fund- Regular Weekly Dividend Option;;;10.4744;10.4744;10.4744;26-Oct-2008
100194;ING Liquid Fund-Auto Sweep Growth Option;;;10.0000;10.0000;10.0000;26-Oct-2008
100195;ING Liquid Fund-Auto Sweep Weekly Dividend Option;;;10.0000;10.0000;10.0000;26-Oct-2008
100198;ING Liquid Fund-Institutional Daily Dividend Option;INF084M01473;;10.0121;10.0121;10.0121;26-Oct-2008
100196;ING Liquid Fund-Institutional Growth Option;INF084M01465;;13.3834;13.3834;13.3834;26-Oct-2008
100197;ING Liquid Fund-Institutional Weekly Dividend Option;INF084M01499;INF084M01481;10.0709;10.0709;10.0709;26-Oct-2008
100192;ING Liquid Fund-Regular Daily Dividend Option;INF084M01432;;10.7873;10.7873;10.7873;26-Oct-2008
100190;ING Liquid Fund-Regular Growth Option;INF084M01424;;17.9281;17.9281;17.9281;26-Oct-2008
100191;ING Liquid Fund-Regular Weekly Dividend Option;INF084M01457;INF084M01440;10.8418;10.8418;10.8418;26-Oct-2008
100200;ING Liquid Fund-Super Institutional Daily Dividend Option;INF084M01515;;10.0048;10.0048;10.0048;26-Oct-2008
100199;ING Liquid Fund-Super Institutional Growth Option;INF084M01507;;12.6951;12.6951;12.6951;26-Oct-2008
100201;ING Liquid Fund-Super Institutional Weekly Dividend Option;INF084M01531;INF084M01523;10.0000;10.0000;10.0000;26-Oct-2008
102802;ING Treasury Management Fund-Annual Dividend Option;;;10.8788;10.8788;10.8788;26-Oct-2008
102803;ING Treasury Management Fund-Bonus Option;;;13.1744;13.1744;13.1744;26-Oct-2008
102804;ING Treasury Management Fund-Daily Dividend Option;;;10.3588;10.3588;10.3588;26-Oct-2008
102798;ING Treasury Management Fund-Growth Option;;;13.1744;13.1744;13.1744;26-Oct-2008
102801;ING Treasury Management Fund-Half Yearly Dividend Option;;;10.3997;10.3997;10.3997;26-Oct-2008
102800;ING Treasury Management Fund-Quarterly Dividend Option;;;10.4463;10.4463;10.4463;26-Oct-2008
102799;ING Treasury Management Fund-Weekly Dividend Option;;;10.7902;10.7902;10.7902;26-Oct-2008

Invesco Mutual Fund
106502;Religare Invesco Overnight Fund - Daily Dividend Reinvestment;;INF205K01HS2;10.0000;10.0000;10.0000;26-Oct-2008
106501;Religare Invesco Overnight Fund - Growth;INF205K01HR4;;10.7701;10.7701;10.7701;26-Oct-2008

JM Financial Mutual Fund
101420;JM Floater Short Term Fund - Daily Dividend Option;;INF192K01767;10.0883;10.0883;10.0883;26-Oct-2008
101421;JM Floater Short Term Fund - Growth Option;INF192K01775;;13.8585;13.8585;13.8585;26-Oct-2008

JPMorgan Mutual Fund
106562;JPMorgan India Liquid Fund - Retail Plan - Daily Dividend Option;;INF843K01203;10.0150;10.0150;10.0150;26-Oct-2008
106561;JPMorgan India Liquid Fund - Retail Plan - Growth Option;INF843K01195;;10.1247;10.1247;10.1247;26-Oct-2008
109179;JPMorgan India Liquid Fund - Retail Plan - Monthly Dividend Option;;INF843K01237;10.0360;10.0360;10.0360;26-Oct-2008
109177;JPMorgan India Liquid Fund - Retail Plan - Weekly Dividend Option;;INF843K01211;10.0299;10.0299;10.0299;26-Oct-2008
110149;JPMorgan India Liquid Fund - Super Institutional Plan - Daily Dividend Option;;INF843K01153;10.0079;10.0079;10.0079;26-Oct-2008
110150;JPMorgan India Liquid Fund - Super Institutional Plan - Growth Option;INF843K01146;;10.9763;10.9763;10.9763;26-Oct-2008
110151;JPMorgan India Liquid Fund - Super Institutional Plan - Monthly Dividend Option;INF843K01500;INF843K01187;10.1087;10.1087;10.1087;26-Oct-2008
110153;JPMorgan India Liquid Fund - Super Institutional Plan - Weekly Dividend Option;INF843K01484;INF843K01161;10.0202;10.0202;10.0202;26-Oct-2008

Mirae Asset Mutual Fund
107657;Mirae Asset Liquid Fund- Institutional Plan - Daily Dividend;;INF769K01671;917.4953;917.4953;917.4953;26-Oct-2008
107660;Mirae Asset Liquid Fund- Regular Plan - Bonus;INF769K01580;;949.3337;949.3337;949.3337;26-Oct-2008
107646;Mirae Asset Liquid Fund- Regular Plan - Daily Dividend;;INF769K01606;917.7608;917.7608;917.7608;26-Oct-2008
107648;Mirae Asset Liquid Fund- Regular Plan - Growth;INF769K01572;;963.9652;963.9652;963.9652;26-Oct-2008
107649;Mirae Asset Liquid Fund- Regular Plan - Monthly Dividend;INF769K01630;INF769K01622;921.0943;921.0943;921.0943;26-Oct-2008
107647;Mirae Asset Liquid Fund- Regular Plan - Weekly Dividend;;INF769K01614;919.0328;919.0328;919.0328;26-Oct-2008
107673;Mirae Asset Liquid Fund- Super Institutional Plan - Daily Dividend;;INF769K01747;917.5023;917.5023;917.5023;26-Oct-2008

PineBridge Mutual Fund
106513;PineBridge India Liquid Fund- Standard Plan-Daily Dividend Option;;INF178L01699;1001.0000;1001.0000;1001.0000;26-Oct-2008
106508;PineBridge India Liquid Fund- Standard Plan-Growth Option;INF178L01715;;1097.2779;1097.2779;1097.2779;26-Oct-2008
106509;PineBridge India Liquid Fund- Standard Plan-Weekly Dividend Option;;INF178L01764;1002.7246;1002.7246;1002.7246;26-Oct-2008
106506;PineBridge India Liquid Fund-Institutional Plan-Daily Dividend Option;;INF178L01616;1000.8059;1000.8059;1000.8059;26-Oct-2008
106511;PineBridge India Liquid Fund-Institutional Plan-Growth Option;INF178L01632;;1096.0716;1096.0716;1096.0716;26-Oct-2008
106507;PineBridge India Liquid Fund-Institutional Plan-Weekly Dividend Option;;INF178L01681;1002.7083;1002.7083;1002.7083;26-Oct-2008
106503;PineBridge India Liquid Fund-Retail Plan-DailyDividend Option;;INF178L01533;1000.7810;1000.7810;1000.7810;26-Oct-2008
106514;PineBridge India Liquid Fund-Retail Plan-Growth Option;INF178L01558;;1092.2730;1092.2730;1092.2730;26-Oct-2008
106504;PineBridge India Liquid Fund-Retail Plan-Monthly Dividend Option;INF178L01566;INF178L01574;1009.1237;1009.1237;1009.1237;26-Oct-2008
106510;PineBridge India Liquid Fund-Retail Plan-Weekly Dividend Option;;INF178L01608;1002.6588;1002.6588;1002.6588;26-Oct-2008

Sahara Mutual Fund
101397;Sahara Liquid Fund-Fixed Pricing -  Weekly Dividend Option;;INF515L01064;1026.2355;1026.2355;1026.2355;26-Oct-2008
101393;Sahara Liquid Fund-Fixed Pricing - Daily Dividend Option;;INF515L01049;1024.9045;1024.9045;1024.9045;26-Oct-2008
101394;Sahara Liquid Fund-Fixed Pricing - Growth option;INF515L01056;;1520.1931;1520.1931;1520.1931;26-Oct-2008
101398;Sahara Liquid Fund-Fixed Pricing - Monthly Dividend Option;;INF515L01072;1024.9649;1024.9649;1024.9649;26-Oct-2008
101399;Sahara Liquid Fund-Variable Pricing - Daily Dividend option;;INF515L01080;1024.9262;1024.9262;1024.9262;26-Oct-2008
101402;Sahara Liquid Fund-Variable Pricing - Growth option;INF515L01114;;1529.9464;1529.9464;1529.9464;26-Oct-2008
101400;Sahara Liquid Fund-Variable Pricing - Weekly Dividend Option;;INF515L01098;1025.2041;1025.2041;1025.2041;26-Oct-2008
101401;Sahara Liquid Fund-Variable Pricing- Monthly Dividend Option;;INF515L01106;1025.2949;1025.2949;1025.2949;26-Oct-2008

Tata Mutual Fund
101987;Tata Liquid Fund Reglar Plan - Monthly Dividend;INF277K01LR5;INF277K01LS3;1158.0494;1158.0494;1158.0494;26-Oct-2008
101861;Tata Liquid Fund-Regular Plan  - Weekly Dividend;INF277K016C5;;1152.1353;1152.1353;1152.1353;26-Oct-2008
101984;Tata Liquid High Investment Plan - Daily;;;1114.3379;1114.3379;1114.3379;26-Oct-2008
101860;Tata Liquid High Investment Plan - Growth;INF277K01LN4;;1420.7351;1420.7351;1420.7351;26-Oct-2008
101985;Tata Liquid High Investment Plan - Monthly;INF277K01LO2;INF277K01LP9;1027.2706;1027.2706;1027.2706;26-Oct-2008
101859;Tata Liquid High Investment Plan - Weekly;;;1148.0874;1148.0874;1148.0874;26-Oct-2008
101982;Tata Liquid Retail Investment PLan - Daily;;;1116.8143;1116.8143;1116.8143;26-Oct-2008
101983;Tata Liquid Retail Investment Plan - Fortnightly;;;1148.6044;1148.6044;1148.6044;26-Oct-2008
101858;Tata Liquid Retail Investment Plan - Growth;INF277K01LM6;;1967.8893;1967.8893;1967.8893;26-Oct-2008
103631;Tata Liquidity Management Fund - Regular Plan - Daily Dividend;;;1002.6089;1002.6089;1002.6089;26-Oct-2008
103632;Tata Liquidity Management Fund - Regular Plan - Growth;INF277K01LW5;;1203.3657;1203.3657;1203.3657;26-Oct-2008
103519;Tata Liquidity Management Fund - Regular Plan  -Weekly Dividend;;;1006.2374;1006.2374;1006.2374;26-Oct-2008

Open Ended Schemes ( Money Market )


Franklin Templeton Mutual Fund
100561;Templeton India Money Market Account - Bonus Plan;;;1.0000;1.0000;1.0000;26-Oct-2008
104554;Templeton India Money Market Account - Dividend Plan;;;1.0000;1.0000;1.0000;26-Oct-2008

Tata Mutual Fund
102152;Tata Money Market Fund Regular (Bonus / Dividend);;;10.1623;10.1623;10.1623;26-Oct-2008
102153;Tata Money Market Fund Regular (Growth);INF277K01LY1;;13.6821;13.6821;13.6821;26-Oct-2008

Open Ended Schemes ( Floating Rate )


HSBC Mutual Fund
102836;HSBC Floating Rate Fund - Short Term - Inst. - Dividend - Daily;;;10.0623;10.0623;10.0623;26-Oct-2008
102838;HSBC Floating Rate Fund - Short Term - Inst. - Dividend - Monthly;;;10.1347;10.1347;10.1347;26-Oct-2008
102837;HSBC Floating Rate Fund - Short Term - Inst. - Dividend - Weekly;;;10.3248;10.3248;10.3248;26-Oct-2008
102835;HSBC Floating Rate Fund - Short Term - Inst. - Growth;;;13.1497;13.1497;13.1497;26-Oct-2008
102840;HSBC Floating Rate Fund - Short Term - Inst. Plus - Dividend - Daily;;;0.0000;0.0000;0.0000;26-Oct-2008
102842;HSBC Floating Rate Fund - Short Term - Inst. Plus - Dividend - Monthly;;;0.0000;0.0000;0.0000;26-Oct-2008
102841;HSBC Floating Rate Fund - Short Term - Inst. Plus - Dividend - Weekly;;;10.0207;10.0207;10.0207;26-Oct-2008
102839;HSBC Floating Rate Fund - Short Term - Inst. Plus - Growth;;;11.1592;11.1592;11.1592;26-Oct-2008
102833;HSBC Floating Rate Fund - Short Term - Regular - Dividend - Daily;;;10.0000;10.0000;10.0000;26-Oct-2008
102834;HSBC Floating Rate Fund - Short Term - Regular - Dividend - Weekly;;;10.0047;10.0047;10.0047;26-Oct-2008
102832;HSBC Floating Rate Fund - Short Term - Regular - Growth;;;13.0342;13.0342;13.0342;26-Oct-2008

Open Ended Schemes ( Fund of Funds - Domestic )


Fidelity Mutual Fund
103419;Fidelity MultiManager Cash Fund-Dividend Re-investment Option;;;10.0160;10.0160;10.0160;26-Oct-2008
103418;Fidelity MultiManager Cash Fund-Growth Option;;;12.2518;12.2518;12.2518;26-Oct-2008

Open Ended Schemes ( Debt Scheme - Overnight Fund )


HDFC Mutual Fund
101996;HDFC Overnight Fund - Growth Option;INF179KB1HS3;;14.485;14.485;14.485;26-Oct-2008
101997;HDFC Overnight Fund - IDCW Option (Daily);;INF179KB1IF8;10.4266;10.4266;10.4266;26-Oct-2008

SBI Mutual Fund
101206;SBI OVERNIGHT FUND - REGULAR PLAN - GROWTH;INF200K01LQ9;;14.6602;14.6602;14.6602;26-Oct-2008
103140;SBI Overnight Fund - Regular Plan - Weekly Income Distribution cum Capital Withdrawal Option (IDCW);INF200K01LO4;INF200K01LP1;10.2968;10.2968;10.2968;26-Oct-2008

Open Ended Schemes ( Debt Scheme - Liquid Fund )


Aditya Birla Sun Life Mutual Fund
100049;Aditya Birla Sun Life Cash Plus-Institutional - Fortnightly Dividend;;;10.8255;10.8255;10.8255;26-Oct-2008
100052;Aditya Birla Sun Life Cash Plus-Institutional Premium - Fortnightly Dividend;;;10.0000;10.0000;10.0000;26-Oct-2008
100053;Aditya Birla Sun Life Cash Plus-Institutional Premium Plan-Monthly Dividend;;;10.0692;10.0692;10.0692;26-Oct-2008
100047;Aditya Birla Sun Life Liquid Fund - Growth;INF209K01RU9;;13.5978;13.5978;13.5978;26-Oct-2008
100046;Aditya Birla Sun Life Liquid Fund -Daily IDCW;INF209K01KQ2;INF209K01SQ5;10.0195;10.0195;10.0195;26-Oct-2008
100041;Aditya Birla Sun Life Liquid Fund -Institutional - IDCW;;INF209K01KN9;10.8023;10.8023;10.8023;26-Oct-2008
100048;Aditya Birla Sun Life Liquid Fund -Institutional - weekly  IDCW;INF209KA1LK7;INF209K01KY6;10.8113;10.8113;10.8113;26-Oct-2008
100044;Aditya Birla Sun Life Liquid Fund -Retail - IDCW;;INF209K01KP4;16.3694;16.3694;16.3694;26-Oct-2008
100051;Aditya Birla Sun Life Liquid Fund -weekly IDCW;INF209K01KU4;INF209KA1LJ9;10.0269;10.0269;10.0269;26-Oct-2008
100043;Aditya Birla Sun Life Liquid Fund-Institutional (Growth);INF209K01RT1;;23.0769;23.0769;23.0769;26-Oct-2008
100042;Aditya Birla Sun Life Liquid Fund-Retail (Growth);INF209K01ME4;;22.8677;22.8677;22.8677;26-Oct-2008

Bandhan Mutual Fund
108694;BANDHAN LIQUID FUND - Inst Plan B - Periodic Div;INF194K01VP5;INF194K01VO8;0;0;0;26-Oct-2008
108692;BANDHAN LIQUID Fund - Regular Plan - Daily IDCW;INF194K01VZ4;INF194K01VY7;10.0025;10.0025;10.0025;26-Oct-2008
108690;BANDHAN LIQUID Fund - Regular Plan - Growth;INF194K01VX9;;10.3619;10.3619;10.3619;26-Oct-2008
108693;BANDHAN LIQUID Fund - Regular Plan - Monthly IDCW;INF194K01WF4;INF194K01WE7;10.0469;10.0469;10.0469;26-Oct-2008
108691;BANDHAN LIQUID Fund - Regular Plan - Weekly IDCW;INF194K01WI8;INF194K01WH0;10.0127;10.0127;10.0127;26-Oct-2008
108779;BANDHAN Liquid Fund-Plan A-Dividend (Daily);INF194K01VC3;INF194K01VB5;10.5819;10.5819;10.5819;26-Oct-2008
108778;BANDHAN Liquid Fund-Plan A-Growth;INF194K01UX1;;15.2972;15.2972;15.2972;26-Oct-2008
108607;BANDHAN Liquid Fund - Plan A-Dividend (Weekly);INF194K01VI0;INF194K01VH2;10.1967;10.1967;10.1967;26-Oct-2008
108781;BANDHAN Liquid Fund - Plan B (G) (Institutional Plan);INF194K01VK6;;15.3778;15.3778;15.3778;26-Oct-2008
108629;BANDHAN Liquid Fund - Plan B - Dividend-Weekly;INF194K01VS9;INF194K01VR1;10.0126;10.0126;10.0126;26-Oct-2008
108681;BANDHAN Liquid Fund - Plan B-Daily-Dividend(Institutional Plan);INF194K01VM2;INF194K01VL4;10.5816;10.5816;10.5816;26-Oct-2008

Bank of India Mutual Fund
109257;BANK OF INDIA Liquid Fund- Institutional Plan- Daily Dividend;;;1000.0024;1000.0024;1000.0024;26-Oct-2008
109256;BANK OF INDIA Liquid Fund- Institutional Plan-Growth;INF761K01314;;1028.7675;1028.7675;1028.7675;26-Oct-2008
109254;BANK OF INDIA Liquid Fund- Regular Plan- Growth;INF761K01306;;1027.0485;1027.0485;1027.0485;26-Oct-2008
109255;BANK OF INDIA Liquid Fund- Regular Plan- Weekly IDCW;;INF761K01CP1;1001.5368;1001.5368;1001.5368;26-Oct-2008
109263;BANK OF INDIA Liquid Fund- Super Institutional Plan-Daily Dividend;;;1000.0024;1000.0024;1000.0024;26-Oct-2008
109258;BANK OF INDIA Liquid Fund- Super Institutional Plan-Growth;INF761K01322;;1029.2280;1029.2280;1029.2280;26-Oct-2008

Baroda BNP Paribas Mutual Fund
101408;Baroda BNP Paribas LIQUID FUND- Defunct Plan -Growth Option;INF955L01575;;14.9161;14.9161;14.9161;26-Oct-2008
101407;Baroda BNP Paribas LIQUID FUND-Defunct Plan- IDCW Option;INF955L01559;INF955L01567;12.7819;12.7819;12.7819;26-Oct-2008

Canara Robeco Mutual Fund
109349;CANARA ROBECO LIQUID FUND - REGULAR PLAN - DAILY IDCW (Reinvestment);;INF760K01CU3;10.041;10.041;10.041;26-Oct-2008
109353;CANARA ROBECO LIQUID FUND - REGULAR PLAN - GROWTH OPTION;INF760K01CW9;;10.338;10.338;10.338;26-Oct-2008
109350;CANARA ROBECO LIQUID FUND - REGULAR PLAN - WEEKLY IDCW (Payout/Reinvestment);INF760K01BZ4;INF760K01CZ2;10.0533;10.0533;10.0533;26-Oct-2008
101363;Canara Robeco Liquid Fund- INSTITUTIONAL-Daily Dividend Reinvestment;;INF760K01CC1;10.041;10.041;10.041;26-Oct-2008
101362;Canara Robeco Liquid Fund- INSTITUTIONAL-Growth;INF760K01CD9;;15.5654;15.5654;15.5654;26-Oct-2008
101361;Canara Robeco Liquid Fund- INSTITUTIONAL-Weekly dividend;;INF760K01CE7;10.053;10.053;10.053;26-Oct-2008
101364;Canara Robeco Liquid Fund-Retail-DRI;;INF760K01CF4;10.041;10.041;10.041;26-Oct-2008
109346;Canara Robeco Liquid Fund-Retail-Fortnightly Div Reinvest;;INF760K01CG2;10.0984;10.0984;10.0984;26-Oct-2008
101365;Canara Robeco Liquid Fund-Retail-Growth;INF760K01CH0;;15.5423;15.5423;15.5423;26-Oct-2008
109347;Canara Robeco Liquid Fund-Retail-Monthly Div Reinvest;;INF760K01CI8;10.1414;10.1414;10.1414;26-Oct-2008
109356;Canara Robeco Liquid Fund-Retail-Weekly Div Reinvest;;INF760K01CJ6;10.053;10.053;10.053;26-Oct-2008

DSP Mutual Fund
103347;DSP Liquidity Fund - Regular Plan - Growth;INF740K01FK9;;1231.4456;1231.4456;1231.4456;26-Oct-2008
103348;DSP Liquidity Fund - Regular Plan - IDCW - Weekly;INF740K01FM5;INF740K01FL7;1000.8686;1000.8686;1000.8686;26-Oct-2008
103349;DSP Liquidity Fund- Regular Plan - IDCW - Daily;;INF740KA1OE0;1000.2000;1000.2000;1000.2000;26-Oct-2008
100943;DSP BlackRock Liquidity Fund - Regular Plan - Daily Dividend;;;10.0100;10.0100;10.0100;26-Oct-2008
100940;DSP BlackRock Liquidity Fund - Regular Plan - Growth;INF740K01CN0;;20.5321;20.5321;20.5321;26-Oct-2008
100941;DSP BlackRock Liquidity Fund - Regular Plan Weekly Dividend;;;12.4080;12.4080;12.4080;26-Oct-2008

Franklin Templeton Mutual Fund
100543;Franklin India Liquid Fund - Liquid Plan - Daily IDCW;;;1000.6730;1000.6730;1000.6730;26-Oct-2008
100544;Franklin India Liquid Fund - Liquid Plan - Growth;;;1291.4423;1291.4423;1291.4423;26-Oct-2008
100542;Franklin India Liquid Fund - Liquid Plan - Weekly Dividend;;;1000.5749;1000.5749;1000.5749;26-Oct-2008
100541;Franklin India Liquid Fund - Regular Plan - Daily - IDCW;;INF090I01BA3;1512.3400;1512.3400;1512.3400;26-Oct-2008
100538;Franklin India Liquid Fund - Regular Plan - Growth;INF090I01BB1;;2108.0336;2108.0336;2108.0336;26-Oct-2008
100537;Franklin India Liquid Fund - Regular Plan - Weekly - IDCW;INF090I01BL0;INF090I01BI6;1244.3238;1244.3238;1244.3238;26-Oct-2008
100547;Franklin India Liquid Fund - Super Institutional Plan - Daily - IDCW;;INF090I01BF2;1000.6730;1000.6730;1000.6730;26-Oct-2008
100546;Franklin India Liquid Fund - Super Institutional Plan - Growth;INF090I01BG0;;1262.9245;1262.9245;1262.9245;26-Oct-2008
100548;Franklin India Liquid Fund - Super Institutional Plan - Weekly - IDCW;INF090I01BM8;INF090I01BH8;1021.1243;1021.1243;1021.1243;26-Oct-2008
102441;Franklin India Liquid Fund - Institution-Growth;INF090I01BD7;;1331.6683;1331.6683;1331.6683;26-Oct-2008
102443;Franklin India Liquid Fund - Institutional Plan - Daily - IDCW;;INF090I01BC9;1000.6730;1000.6730;1000.6730;26-Oct-2008
102442;Franklin India Liquid Fund - Institutional Plan - Weekly - IDCW;INF090I01BJ4;INF090I01BE5;1039.9088;1039.9088;1039.9088;26-Oct-2008

HDFC Mutual Fund
100868;HDFC Liquid Fund - Growth Plan;INF179KB1HK0;;16.9097;16.9097;16.9097;26-Oct-2008
100875;HDFC Liquid Fund - IDCW Daily;;INF179KB1IC5;10.1982;10.1982;10.1982;26-Oct-2008
100876;HDFC Liquid Fund - IDCW Monthly;INF179KB1HM6;INF179KB1HL8;10.3332;10.3332;10.3332;26-Oct-2008
100874;HDFC Liquid Fund - IDCW Plan Weekly;INF179KB1ID3;;10.3243;10.3243;10.3243;26-Oct-2008
100877;HDFC Liquid Fund-Premium Plan - Dividend-Daily;;INF179K01KN4;12.2598;12.2598;12.2598;26-Oct-2008
100881;HDFC Liquid Fund-Premium Plus Plan - Dividend-Weekly;INF179K01KS3;;12.435;12.435;12.435;26-Oct-2008
100872;HDFC Liquid Fund-PREMIUM PLUS- Growth;INF179K01KQ7;;17.085;17.085;17.085;26-Oct-2008
100873;HDFC Liquid Fund-PREMIUM- Growth;INF179KB1HN4;;17.0495;17.0495;17.0495;26-Oct-2008

HSBC Mutual Fund
101700;HSBC Cash Fund - Dividend - Daily;;INF336L01321;10.0056;10.0056;10.0056;26-Oct-2008
101702;HSBC Cash Fund - Dividend - Monthly;INF336L01305;INF336L01297;10.0779;10.0779;10.0779;26-Oct-2008
101701;HSBC Cash Fund - Dividend - Weekly;;INF336L01347;10.2235;10.2235;10.2235;26-Oct-2008
101692;HSBC Cash Fund - Inst. - Dividend - Daily;;INF336L01354;10.4401;10.4401;10.4401;26-Oct-2008
101694;HSBC Cash Fund - Inst. - Dividend - Monthly;INF336L01370;INF336L01362;10.5227;10.5227;10.5227;26-Oct-2008
101693;HSBC Cash Fund - Inst. - Dividend - Weekly;;INF336L01388;10.4530;10.4530;10.4530;26-Oct-2008
101691;HSBC Cash Fund - Inst. - Growth;INF336L01289;;14.3146;14.3146;14.3146;26-Oct-2008
101697;HSBC Cash Fund - Regular - Dividend - Daily;;INF336L01263;10.1930;10.1930;10.1930;26-Oct-2008
101698;HSBC Cash Fund - Regular - Dividend - Weekly;;INF336L01313;10.0071;10.0071;10.0071;26-Oct-2008
101696;HSBC Liquid Fund - Growth closed plan;INF336L01271;;14.2348;14.2348;14.2348;26-Oct-2008
101699;HSBC Liquid Fund Closed;INF336L01339;;13.4075;13.4075;13.4075;26-Oct-2008

ICICI Prudential Mutual Fund
100357;ICICI Prudential Liquid Fund -Quarterly IDCW;INF109K01UU5;INF109K01UT7;10.0722;10.0722;10.0722;26-Oct-2008
100359;ICICI Prudential Liquid Institutional Plus Fund - Div - Daily;INF109K01VJ6;;11.8515;11.8515;11.8515;26-Oct-2008
100360;ICICI Prudential Liquid Institutional Plus Fund - Div - Weekly;INF109K01VM0;;11.8717;11.8717;11.8717;26-Oct-2008
100362;ICICI Prudential Liquid Institutional Plus Fund - Growth;INF109K01VK4;;21.1905;21.1905;21.1905;26-Oct-2008
103343;ICICI Prudential Liquid Fund - Daily IDCW;INF109K01VP3;;10.0005;10.0005;10.0005;26-Oct-2008
103340;ICICI Prudential Liquid Fund - Growth;INF109K01VQ1;;12.5524;12.5524;12.5524;26-Oct-2008
104308;ICICI Prudential Liquid Fund - Half Yearly IDCW;INF109K01UX9;INF109K01UW1;10.0717;10.0717;10.0717;26-Oct-2008
103344;ICICI Prudential Liquid Fund - Institutional Option - I;INF109K01VH0;;12.2899;12.2899;12.2899;26-Oct-2008
103342;ICICI Prudential Liquid Fund - Weekly IDCW;INF109K01VS7;;10.0186;10.0186;10.0186;26-Oct-2008
103341;ICICI Prudential Liquid Fund -Monthly IDCW;INF109K01VR9;;10.0755;10.0755;10.0755;26-Oct-2008
101748;ICICI Prudential Liquid Fund - Institutional - Daily - Div;INF109K01VE7;;11.8502;11.8502;11.8502;26-Oct-2008
101749;ICICI Prudential Liquid Fund - Institutional - Monthly - Div;;INF109K01VG2;10.0702;10.0702;10.0702;26-Oct-2008
101753;ICICI Prudential Liquid Fund - Institutional - Weekly - Div;INF109K01VI8;;11.8585;11.8585;11.8585;26-Oct-2008
101754;ICICI Prudential Liquid Fund Retail Daily Dividend;INF109K01UR1;;11.8514;11.8514;11.8514;26-Oct-2008
101750;ICICI Prudential Liquid Fund Retail Growth;INF109K01UQ3;;20.7962;20.7962;20.7962;26-Oct-2008
101755;ICICI Prudential Liquid Fund Retail Monthly Dividend;INF109K01US9;;11.9092;11.9092;11.9092;26-Oct-2008
101752;ICICI Prudential Liquid Fund Retail Weekly Dividend;INF109K01UV3;;11.8471;11.8471;11.8471;26-Oct-2008
101751;ICICI Prudential Liquid Institutional Fund - Growth;INF109K01VF4;;21.0828;21.0828;21.0828;26-Oct-2008

Invesco Mutual Fund
104484;Invesco India Liquid Fund - Daily IDCW (Reinvestment);;INF205K01HN3;10.0033;10.0033;10.0033;26-Oct-2008
104486;Invesco India Liquid Fund - Growth;INF205K01HM5;;11.6786;11.6786;11.6786;26-Oct-2008
104488;Invesco India Liquid Fund - Regular - Growth;INF205K01HG7;;11.6036;11.6036;11.6036;26-Oct-2008
104489;Invesco India Liquid Fund - Regular - Weekly IDCW (Reinvestment);;INF205K01HH5;10.0189;10.0189;10.0189;26-Oct-2008
104485;Invesco India Liquid Fund - Weekly IDCW (Reinvestment);INF205KA1BD7;INF205K01HO1;10.0193;10.0193;10.0193;26-Oct-2008
104483;Religare Invesco Liquid Fund - Institutional - Daily Dividend;;INF205K01HJ1;10.0033;10.0033;10.0033;26-Oct-2008
104491;Religare Invesco Liquid Fund - Institutional - Growth;INF205K01HI3;;11.6634;11.6634;11.6634;26-Oct-2008
104490;Religare Invesco Liquid Fund - Institutional - Weekly Dividend;;INF205K01HK9;10.0192;10.0192;10.0192;26-Oct-2008

JM Financial Mutual Fund
100241;JM High Liquidity Fund-- Institutional Plan - Dividend;INF192K01924;INF192K01932;10.3619;10.3619;10.3619;26-Oct-2008
100237;JM High Liquidity Fund-- Institutional Plan - Growth;INF192K01940;;14.0405;14.0405;14.0405;26-Oct-2008
100243;JM High Liquidity Fund-- Premium Plan - Daily Dividend Option;;;10.0000;10.0000;10.0000;26-Oct-2008
100238;JM High Liquidity Fund-Institutional Plan - Daily Dividend;;INF192K01916;10.0159;10.0159;10.0159;26-Oct-2008
100245;JM High Liquidity Fund-Super Institutional Plan- Daily Dividend;;INF192K01957;10.0165;10.0165;10.0165;26-Oct-2008
100246;JM High Liquidity Fund-Super Institutional Plan- Weekly  Dividend;INF192K01965;INF192K01973;10.0000;10.0000;10.0000;26-Oct-2008
100244;JM Liquid Fund (Regular) - Quarterly IDCW;INF192K01866;INF192K01874;13.3985;13.3985;13.3985;26-Oct-2008
100247;JM Liquid Fund (Regular) - Super Institutional Plan - Growth Option;INF192K01981;;13.3500;13.3500;13.3500;26-Oct-2008
100233;JM Liquid Fund (Regular) - Weekly IDCW;INF192K01841;INF192K01858;10.6019;10.6019;10.6019;26-Oct-2008
100234;JM Liquid Fund - Growth Option;INF192K01882;;23.2711;23.2711;23.2711;26-Oct-2008
101549;JM Liquid Fund (Regular) - Bonus Option - Principal Units;INF192K01890;;12.2206;12.2206;12.2206;26-Oct-2008
101078;JM Liquid Fund (Regular) - Daily IDCW;;INF192K01833;10.4302;10.4302;10.4302;26-Oct-2008

Kotak Mahindra Mutual Fund
100833;Kotak Liquid Fund - Regular  - Daily Reinvestment of Income Distribution cum capital withdrawal option;;INF174K01NL3;12.2281;12.2281;12.2281;26-Oct-2008
100835;Kotak Liquid Fund - Regular Plan - Growth;INF174K01NI9;;17.2326;17.2326;17.2326;26-Oct-2008
100831;Kotak Liquid Fund -Institutional Plan - (Daily Dividend);;INF174K01GA0;12.2281;12.2281;12.2281;26-Oct-2008
100834;Kotak Liquid Fund Regular Plan Weekly Reinvestment of Income Distribution cum capital withdrawal option Dividend;INF174K01NK5;;10.0519;10.0519;10.0519;26-Oct-2008
100830;Kotak Liquid-Institutional Plan  (Growth);INF174K01FZ9;;16.9873;16.9873;16.9873;26-Oct-2008
100832;Kotak Liquid-Institutional Plan (Weekly Dividend);;INF174K01GB8;10.0375;10.0375;10.0375;26-Oct-2008
100828;Kotak Liquid-Regular (Dividend);;INF174K01FY2;10.0368;10.0368;10.0368;26-Oct-2008
100829;Kotak Liquid-Regular (Growth);INF174K01NM1;;16.6608;16.6608;16.6608;26-Oct-2008

Nippon India Mutual Fund
100852;NIPPON INDIA LIQUID FUND - DAILY IDCW OPTION;;INF204K01UM1;15.2872;15.2872;15.2872;26-Oct-2008
100855;NIPPON INDIA LIQUID FUND - MONTHLY IDCW OPTION;INF204K01UO7;INF204K01UP4;20.7213;20.7213;20.7213;26-Oct-2008
100837;Nippon India Liquid Fund - Retail Option - Growth Plan;INF204K01UL3;;20.4244;20.4244;20.4244;26-Oct-2008
100842;NIPPON INDIA LIQUID FUND - RETAIL Plan - DAILY IDCW OPTION;;INF204K01UJ7;15.2426;15.2426;15.2426;26-Oct-2008
100843;NIPPON INDIA LIQUID FUND - RETAIL plan - MONTHLY IDCW OPTION;INF204K01UT6;INF204K01UU4;12.8140;12.8140;12.8140;26-Oct-2008
100844;NIPPON INDIA LIQUID FUND - RETAIL Plan - QUARTERLY IDCW OPTION;INF204K01UV2;INF204K01UW0;12.2569;12.2569;12.2569;26-Oct-2008
100838;NIPPON INDIA LIQUID FUND - RETAIL Plan - WEEKLY IDCW OPTION;;INF204K01UK5;10.3468;10.3468;10.3468;26-Oct-2008
100853;NIPPON INDIA LIQUID FUND - WEEKLY IDCW OPTION;INF204KC1FM8;INF204K01US8;15.3107;15.3107;15.3107;26-Oct-2008
100851;Nippon India Liquid Fund -Growth Plan;INF204K01UN9;;20.7213;20.7213;20.7213;26-Oct-2008
100849;Reliance Liquid Fund-Cash Plan-Daily Dividend Reinvestment Option;;;11.1415;11.1415;11.1415;26-Oct-2008
100845;Reliance Liquid Fund-Cash Plan-Growth Plan;;;14.3869;14.3869;14.3869;26-Oct-2008
100848;Reliance Liquid Fund-Cash Plan-Weekly Dividend Reinvestment Option;;;10.9204;10.9204;10.9204;26-Oct-2008

Principal Mutual Fund
100895;Principal Cash Management Fund - Daily Income Distribution CUM Capital Withdrawal;;INF173K01DB7;10.0007;10.0007;10.0007;26-Oct-2008
100897;Principal Cash Management Fund - Monthly Income Distribution CUM Capital Withdrawal Option;INF173K01BV9;INF173K01BW7;10.0552;10.0552;10.0552;26-Oct-2008
100896;Principal Cash Management Fund - Weekly Income Distribution CUM Capital Withdrawal Option;;INF173K01DC5;10.0253;10.0253;10.0253;26-Oct-2008
100898;Principal Cash Management Fund -Growth Option;INF173K01DA9;;13.2879;13.2879;13.2879;26-Oct-2008
100892;Principal Cash Management-Liquid Option-Daily Dividend;;;10.0022;10.0022;10.0022;26-Oct-2008
100887;Principal Cash Management-Liquid Option-Dividend Plan;;;10.1277;10.1277;10.1277;26-Oct-2008
100888;Principal Cash Management-Liquid Option-Growth Plan;;;16.6107;16.6107;16.6107;26-Oct-2008
100894;Principal Cash Management-Liquid Option-Institutional - Daily Dividend Plan;;;10.0022;10.0022;10.0022;26-Oct-2008
100893;Principal Cash Management-Liquid Option-Institutional - Growth Plan;;;14.0015;14.0015;14.0015;26-Oct-2008
100891;Principal Cash Management-Liquid Option-Institutional - Monthly Dividend Plan;;;10.0799;10.0799;10.0799;26-Oct-2008
100890;Principal Cash Management-Liquid Option-Institutional - Weekly Dividend Plan;;;10.0095;10.0095;10.0095;26-Oct-2008
100889;Principal Cash Management-Liquid Option-Monthly Dividend;;;10.0781;10.0781;10.0781;26-Oct-2008

Quantum Mutual Fund
103736;Quantum Liquid Fund - Direct Plan Daily IDCW;;INF082J01135;10.0000;10.0000;10.0000;26-Oct-2008
103734;Quantum Liquid Fund - Direct Plan Growth Option;INF082J01127;;12.1461;12.1461;12.1461;26-Oct-2008
103735;Quantum Liquid Fund - Direct Plan Monthly IDCW;INF082J01143;INF082J01200;10.0033;10.0033;10.0033;26-Oct-2008

SBI Mutual Fund
105274;SBI Liquid Fund - Institutional - Growth;INF200K01LU1;;13.6131;13.6131;13.6131;26-Oct-2008
105275;SBI Liquid Fund - Institutional Daily Income Distribution cum Capital Withdrawal Option (IDCW);;INF200K01LR7;10.0325;10.0325;10.0325;26-Oct-2008
105279;SBI Liquid Fund - Institutional Fortnightly Income Distribution cum Capital Withdrawal Option (IDCW);INF200K01LS5;INF200K01LT3;10.1457;10.1457;10.1457;26-Oct-2008
105278;SBI Liquid Fund - Institutional Weekly Income Distribution cum Capital Withdrawal Option (IDCW);INF200K01LV9;INF200K01LW7;10.5982;10.5982;10.5982;26-Oct-2008
105281;SBI Liquid Fund - Regular Plan - Daily Income Distribution cum Capital Withdrawal Option (IDCW);;INF200K01LX5;10.0325;10.0325;10.0325;26-Oct-2008
105283;SBI Liquid Fund - Regular Plan - Fortnightly Income Distribution cum Capital Withdrawal Option (IDCW);INF200K01LY3;INF200K01LZ0;0;0;0;26-Oct-2008
105282;SBI Liquid Fund - Regular Plan - Weekly Income Distribution cum Capital Withdrawal Option (IDCW);INF200K01MB9;INF200K01MC7;0;0;0;26-Oct-2008
105280;SBI Liquid Fund - REGULAR PLAN -Growth;INF200K01MA1;;13.4582;13.4582;13.4582;26-Oct-2008

Tata Mutual Fund
102672;Tata Liquid Fund -Regular Plan - Growth Option;INF277K01YD8;;13.3749;13.3749;13.3749;26-Oct-2008
101714;Tata Liquid Fund- Regular Plan - Daily Reinvestment of IDCW Option;;INF277K011D4;10.0152;10.0152;10.0152;26-Oct-2008

Taurus Mutual Fund
104240;Taurus Liquid Fund-Dividend;INF044D01542;INF044D01559;10.0114;10.0114;10.0114;26-Oct-2008
104241;Taurus Liquid Fund-Growth;INF044D01575;;11.4509;11.4509;11.4509;26-Oct-2008

UTI Mutual Fund
102010;UTI Liquid Fund - Regular Plan - Daily IDCW (Reinvestment);;INF789F01PG3;1019.4457;1019.4457;1019.4457;26-Oct-2008
102011;UTI Liquid Fund - Regular Plan - Monthly IDCW;INF789F01PI9;INF789F01PJ7;1031.8214;1031.8214;1031.8214;26-Oct-2008
102013;UTI Liquid Fund - Regular Plan - Weekly IDCW;;INF789F01PK5;1022.9334;1022.9334;1022.9334;26-Oct-2008
102012;UTI-  Liquid Cash Plan - Regular Plan - Growth Option;INF789F01PH1;;1398.6129;1398.6129;1398.6129;26-Oct-2008
102008;UTI-  Liquid Cash Plan- Discontinued - Regular Plan - Monthly Dividend Option;INF789F01BC2;INF789F01BA6;1055.0998;1055.0998;1055.0998;26-Oct-2008
102009;UTI-  Liquid Cash Plan- Discontinued - Regular Plan -Growth;INF789F01BB4;;1385.3836;1385.3836;1385.3836;26-Oct-2008
102007;UTI-  Liquid Cash Plan- Discontinued -Regular Plan Periodic Dividend Option;;INF789F01AZ5;1042.6629;1042.6629;1042.6629;26-Oct-2008

Open Ended Schemes ( Debt Scheme - Ultra Short Duration Fund )


Principal Mutual Fund
107325;Principal Money Manager Fund-Regular Plan-Daily Dividend Option;;;10.0247;10.0247;10.0247;26-Oct-2008
107331;Principal Money Manager Fund-Regular Plan-Growth Option;;;10.6307;10.6307;10.6307;26-Oct-2008
107327;Principal Money Manager Fund-Regular Plan-Monthly Dividend Option;;;10.5073;10.5073;10.5073;26-Oct-2008
107326;Principal Money Manager Fund-Regular Plan-Weekly Dividend Option;;;10.1075;10.1075;10.1075;26-Oct-2008
107329;Principal Ultra Short Term Fund-Daily Income Distribution CUM Capital Withdrawal Option;;INF173K01CV7;10.0247;10.0247;10.0247;26-Oct-2008
107328;Principal Ultra Short Term Fund-Growth Option;INF173K01CU9;;10.4975;10.4975;10.4975;26-Oct-2008
107330;Principal Ultra Short Term Fund-Monthly Income Distribution CUM Capital Withdrawal Option;INF173K01CB9;INF173K01CC7;10.4006;10.4006;10.4006;26-Oct-2008
107332;Principal Ultra Short Term Fund-Weekly Income Distribution CUM Capital Withdrawal Option;;INF173K01CW5;10.1161;10.1161;10.1161;26-Oct-2008

SBI Mutual Fund
105080;SBI Ultra Short Duration Fund - Regular Plan - Daily Income Distribution cum Capital Withdrawal Option (IDCW);;INF200K01LK2;16.7503;16.7503;16.7503;26-Oct-2008
100641;SBI ULTRA SHORT DURATION FUND - REGULAR PLAN - GROWTH;INF200K01LJ4;;19.0130;19.0130;19.0130;26-Oct-2008
103884;SBI Ultra Short Duration Fund - Regular Plan - Weekly Income Distribution cum Capital Withdrawal Option (IDCW);INF200K01LM8;INF200K01LL0;10.7426;10.7426;10.7426;26-Oct-2008

Open Ended Schemes ( Debt Scheme - Low Duration Fund )


Aditya Birla Sun Life Mutual Fund
103192;Aditya Birla Sun Life Low Duration Fund - Growth Plan;INF209K01LQ0;;20.8227;20.8227;20.8227;26-Oct-2008
103195;Aditya Birla Sun Life Low Duration Fund - Institutional Plan - Growth;INF209K01KE8;;14.2050;14.2050;14.2050;26-Oct-2008
103191;Aditya Birla Sun Life Low Duration Fund -INSTITUTIONAL - DAILY IDCW;;INF209K01KD0;10.0030;10.0030;10.0030;26-Oct-2008
103194;Aditya Birla Sun Life Low Duration Fund -Institutional - weekly  IDCW;;INF209K01KG3;10.0128;10.0128;10.0128;26-Oct-2008
103193;Aditya Birla Sun Life Low Duration Fund -REGULAR - WEEKLY IDCW;;INF209KA1LQ4;10.0125;10.0125;10.0125;26-Oct-2008

Bandhan Mutual Fund
108633;BANDHAN Low Duration Fund - Regular Plan - Daily IDCW;INF194K01FW4;INF194K01FV6;10.0125;10.0125;10.0125;26-Oct-2008
108632;BANDHAN Low Duration Fund - Regular Plan - Growth;INF194K01FU8;;11.8865;11.8865;11.8865;26-Oct-2008
108635;BANDHAN Low Duration Fund - Regular Plan - Monthly IDCW;INF194K01FZ7;INF194K01FY0;10.0601;10.0601;10.0601;26-Oct-2008
108634;BANDHAN Low Duration Fund - Regular Plan - Weekly IDCW;INF194K01GC4;INF194K01GB6;10.0040;10.0040;10.0040;26-Oct-2008

Canara Robeco Mutual Fund
104559;CANARA ROBECO SAVINGS FUND - REGULAR PLAN - DAILY IDCW (Reinvestment);;INF760K01803;10.26;10.26;10.26;26-Oct-2008
102913;CANARA ROBECO SAVINGS FUND - REGULAR PLAN - GROWTH OPTION;INF760K01795;;13.0756;13.0756;13.0756;26-Oct-2008
102914;CANARA ROBECO SAVINGS FUND - REGULAR PLAN - IDCW (Payout/Reinvestment);INF760K01779;INF760K01787;12.5725;12.5725;12.5725;26-Oct-2008
102915;CANARA ROBECO SAVINGS FUND - REGULAR PLAN - WEEKLY IDCW (Payout/Reinvestment);INF760K01CB3;INF760K01811;10.273;10.273;10.273;26-Oct-2008

Open Ended Schemes ( Debt Scheme - Money Market Fund )


Aditya Birla Sun Life Mutual Fund
101975;Aditya Birla Sun Life Floating Rate Fund-Short Term Plan-Institutional Fortnightly Dividend;;;10.0000;10.0000;10.0000;26-Oct-2008
101973;Aditya Birla Sun Life Money Manager Fund - Daily IDCW;;INF209K01SZ6;10.0000;10.0000;10.0000;26-Oct-2008
101976;Aditya Birla Sun Life Money Manager Fund - Growth;INF209K01RV7;;11.2685;11.2685;11.2685;26-Oct-2008
101972;Aditya Birla Sun Life Money Manager Fund - Retail - Daily IDCW;;INF209K01JZ5;10.0015;10.0015;10.0015;26-Oct-2008
101970;Aditya Birla Sun Life Money Manager Fund - RETAIL - WEEKLY IDCW;;INF209K01JY8;10.3798;10.3798;10.3798;26-Oct-2008
101971;Aditya Birla Sun Life Money Manager Fund - Retail Growth;INF209K01MJ3;;14.0025;14.0025;14.0025;26-Oct-2008
101974;Aditya Birla Sun Life Money Manager Fund - WEEKLY IDCW;;INF209K01SY9;10.0128;10.0128;10.0128;26-Oct-2008

Franklin Templeton Mutual Fund
101352;Templeton Floating Rate Income Fund-Short Term Plan-Dividend Option;;;10.0491;10.0491;10.0491;26-Oct-2008
101353;Templeton Floating Rate Income Fund-Short Term Plan-Growth Option;;;15.3986;15.3986;15.3986;26-Oct-2008
101355;Templeton Floating Rate Income Fund-Short Term Plan-Institutional Option - Dividend;;;10.1353;10.1353;10.1353;26-Oct-2008
101354;Templeton Floating Rate Income Fund-Short Term Plan-Institutional Option - Growth;;;12.6703;12.6703;12.6703;26-Oct-2008

HDFC Mutual Fund
101994;HDFC Money Market Fund - Daily IDCW Option;;INF179KB1IG6;10.6364;10.6364;10.6364;26-Oct-2008
101993;HDFC Money Market Fund - Growth Option;INF179KB1HR5;;17.7853;17.7853;17.7853;26-Oct-2008
101995;HDFC Money Market Fund - Weekly IDCW Option;INF179KB1IH4;INF179KB1II2;10.6297;10.6297;10.6297;26-Oct-2008

ICICI Prudential Mutual Fund
101221;ICICI Prudential Money Market Fund Retail Growth (erstwhile Cash Option);INF109K01TW3;;14.3005;14.3005;14.3005;26-Oct-2008
103634;ICICI Prudential Money Market Fund Option - Daily IDCW;INF109K01TY9;;10.0010;10.0010;10.0010;26-Oct-2008
103633;ICICI Prudential Money Market Fund Option - Growth;INF109K01TX1;;12.1453;12.1453;12.1453;26-Oct-2008
103637;ICICI Prudential Money Market Fund Option - Monthly IDCW;INF109K01UC3;INF109K01UB5;10.0839;10.0839;10.0839;26-Oct-2008
103635;ICICI Prudential Money Market Fund Option - Weekly IDCW;INF109K01TZ6;;10.0193;10.0193;10.0193;26-Oct-2008
103636;ICICI Prudential Money Market Fund Option -Fortnightly IDCW;INF109K01UA7;;10.0402;10.0402;10.0402;26-Oct-2008

Kotak Mahindra Mutual Fund
106842;Kotak Money Market Fund - (Daily Reinvestment of Income Distribution cum capital withdrawal option);INF174K01ND0;;10.0428;10.0428;10.0428;26-Oct-2008
101893;Kotak Money Market Fund - (Growth);INF174K01NA6;;14.0477;14.0477;14.0477;26-Oct-2008
101892;Kotak Money market Fund - (Monthly Payout of Income Distribution cum capital withdrawal option);INF174K018O0;INF174K01NB4;10.0338;10.0338;10.0338;26-Oct-2008
101894;Kotak Money Market Fund - (Weekly Reinvestment of Income Distribution cum capital withdrawal option);INF174K01NC2;;10.0325;10.0325;10.0325;26-Oct-2008

Nippon India Mutual Fund
103050;NIPPON INDIA MONEY MARKET FUND - DAILY IDCW Option;;INF204K01UY6;10.0031;10.0031;10.0031;26-Oct-2008
103051;NIPPON INDIA MONEY MARKET FUND - WEEKLY IDCW Option;;INF204K01UZ3;10.0070;10.0070;10.0070;26-Oct-2008
103048;Nippon India Money Market Fund-Growth Plan-Growth Option;INF204K01VA4;;12.7971;12.7971;12.7971;26-Oct-2008

Tata Mutual Fund
101986;Tata Money Market Fund- Regular Plan - Daily Reinvestment of IDCW Option;;INF277K014C0;1114.5200;1114.5200;1114.5200;26-Oct-2008
101847;Tata Money Market Fund-Regular Plan - Growth Option;INF277K01LQ7;;1573.3504;1573.3504;1573.3504;26-Oct-2008

UTI Mutual Fund
100724;UTI MMF- Discontinued - Regular Plan - Flexi Dividend Option;;INF789F01BD0;18.2261;18.2261;18.2261;26-Oct-2008
100725;UTI MMF- Discontinued - Regular Plan - Periodic Dividend Option;INF789F01BE8;;18.1357;18.1357;18.1357;26-Oct-2008
100723;UTI MMF-Discontinued - Regular Plan -Growth;INF789F01BF5;;23.7858;23.7858;23.7858;26-Oct-2008

Open Ended Schemes ( Debt Scheme - Credit Risk Fund )


DSP Mutual Fund
101839;DSP Credit Risk Fund - Regular Plan - IDCW;INF740K01581;INF740K01AB9;10.4926;10.4926;10.4926;26-Oct-2008
101840;DSP Credit Risk Fund - Regular Plan - IDCW - Daily;;INF740KA1OA8;10.0312;10.0312;10.0312;26-Oct-2008
101838;DSP Credit Risk Fund - Regular Plan - IDCW - Weekly;INF740K01FR4;INF740K01FQ6;10.0425;10.0425;10.0425;26-Oct-2008
101837;DSP Credit Risk Fund - Regular Plan -Growth;INF740K01599;;13.6171;13.6171;13.6171;26-Oct-2008

Principal Mutual Fund
102729;Principal Credit Risk Fund - Regular Plan - Growth Option;INF173K01DM4;;13.3355;13.3355;13.3355;26-Oct-2008
102732;Principal Credit Risk Fund - Regular Plan - Monthly Dividend Option;INF173K01BJ4;INF173K01BK2;11.2846;11.2846;11.2846;26-Oct-2008
102726;Principal Floating Rate Fund - SMP-Daily Dividend;;;10.0007;10.0007;10.0007;26-Oct-2008
102725;Principal Floating Rate Fund - SMP-Growth;;;13.2759;13.2759;13.2759;26-Oct-2008
102730;Principal Floating Rate Fund - SMP-Insti. Daily Dividend;;;10.0007;10.0007;10.0007;26-Oct-2008
102731;Principal Floating Rate Fund - SMP-Insti. Weekly Dividend;;;10.0086;10.0086;10.0086;26-Oct-2008
102728;Principal Floating Rate Fund - SMP-Monthly Dividend;;;10.6730;10.6730;10.6730;26-Oct-2008
102727;Principal Floating Rate Fund - SMP-Weekly Dividend;;;10.0085;10.0085;10.0085;26-Oct-2008

Open Ended Schemes ( Debt Scheme - Floater Fund )


Franklin Templeton Mutual Fund
101048;Franklin India Floating Rate Fund - Growth Plan;INF090I01LM7;;15.1197;15.1197;15.1197;26-Oct-2008
101044;Franklin India Floating Rate Fund - IDCW ;INF090I01LN5;;10.0000;10.0000;10.0000;26-Oct-2008

Nippon India Mutual Fund
102676;NIPPON INDIA FLOATER FUND - DAILY IDCW REINVESTMENT Option;;INF204K01CI7;10.0697;10.0697;10.0697;26-Oct-2008
102673;Nippon India Floater Fund - Growth Plan-Growth Option;INF204K01CG1;;13.3230;13.3230;13.3230;26-Oct-2008
102675;NIPPON INDIA FLOATER FUND - MONTHLY IDCW Option;INF204K01CH9;INF204K01CK3;10.1242;10.1242;10.1242;26-Oct-2008
102677;NIPPON INDIA FLOATER FUND - WEEKLY IDCW Option;INF204K01OQ5;INF204K01CJ5;10.0869;10.0869;10.0869;26-Oct-2008
