Scheme Code;Scheme Name;ISIN Div Payout/ISIN Growth;ISIN Div Reinvestment;Net Asset Value;Repurchase Price;Sale Price;Date

Open Ended Schemes ( Liquid )


Daiwa Mutual Fund
114516;Daiwa Liquid Fund - Institutional - Daily Dividend;-;INF752K01198;1000.5197;1000.5197;1000.5197;13-Nov-2011
114515;Daiwa Liquid Fund - Institutional - Growth;INF752K01206;-;1158.4476;1158.4476;1158.4476;13-Nov-2011
114517;Daiwa Liquid Fund - Institutional - Weekly Dividend;-;INF752K01214;1000.0000;1000.0000;1000.0000;13-Nov-2011
114519;Daiwa Liquid Fund - Regular - Daily Dividend;;INF752K01222;1000.5200;1000.5200;1000.5200;13-Nov-2011
114514;Daiwa Liquid Fund - Regular - Growth;INF752K01230;;1156.0440;1156.0440;1156.0440;13-Nov-2011
114518;Daiwa Liquid Fund - Regular - Weekly Dividend;;INF752K01248;1002.7536;1002.7536;1002.7536;13-Nov-2011

Deutsche Mutual Fund
105672;DWS INSTA CASH PLUS FUND - Regular Plan BONUS OPTION;INF223J01BH3;;10.5613;10.5613;10.5613;13-Nov-2011
106471;DWS Insta Cash Plus Fund -Growth;INF223J01BP6;;134.4611;134.4611;134.4611;13-Nov-2011
106467;DWS Insta Cash Plus Fund-Daily Dividend;;INF223J01BO9;100.3040;100.3040;100.3040;13-Nov-2011
101718;DWS Insta Cash Plus Fund-DIVIDEND-Daily Dividend;;INF223J01BI1;10.3010;10.3010;10.3010;13-Nov-2011
101717;DWS Insta Cash Plus Fund-DIVIDEND-MONTHLY DIVIDEND;INF223J01BK7;INF223J01BL5;11.3464;11.3464;11.3464;13-Nov-2011
101716;DWS Insta Cash Plus Fund-DIVIDEND-WEEKLY DIVIDEND;INF223J01BM3;INF223J01BN1;10.3569;10.3569;10.3569;13-Nov-2011
101719;DWS Insta Cash Plus Fund-Growth-GROWTH;INF223J01BJ9;;17.2211;17.2211;17.2211;13-Nov-2011
101722;DWS Insta Cash Plus Fund-Institutional Plan-Daily Dividend;;INF223J01BA8;10.0516;10.0516;10.0516;13-Nov-2011
101720;DWS Insta Cash Plus Fund-Institutional Plan-Dividend;INF223J01BE0;INF223J01BD2;10.4153;10.4153;10.4153;13-Nov-2011
101721;DWS Insta Cash Plus Fund-Institutional Plan-Growth;INF223J01BB6;;16.2549;16.2549;16.2549;13-Nov-2011
101723;DWS Insta Cash Plus Fund-Institutional Plan-Weekly Dividend;INF223J01BF7;INF223J01BG5;10.3191;10.3191;10.3191;13-Nov-2011
114966;DWS Treasury Fund - Cash Plan - Bonus;INF223J01SA2;;10.5111;10.5111;10.5111;13-Nov-2011
112228;DWS Treasury Fund - Cash Plan - Daily Dividend;;INF223J01SB0;10.0391;10.0391;10.0391;13-Nov-2011
112221;DWS Treasury Fund - Cash Plan - Growth;INF223J01SC8;;11.3528;11.3528;11.3528;13-Nov-2011
112227;DWS Treasury Fund - Cash Plan - Institiutional - Daily Dividend;;INF223J01DZ1;100.4970;100.4970;100.4970;13-Nov-2011
112222;DWS Treasury Fund - Cash Plan - Institiutional - Growth;INF223J01EA2;;115.4964;115.4964;115.4964;13-Nov-2011
112963;DWS Treasury Fund - Cash Plan - Institiutional - Monthly Dividend;INF223J01ED6;INF223J01EE4;100.3213;100.3213;100.3213;13-Nov-2011
112969;DWS Treasury Fund - Cash Plan - Institiutional - Weekly Dividend;INF223J01EB0;INF223J01EC8;100.7546;100.7546;100.7546;13-Nov-2011
112965;DWS Treasury Fund - Cash Plan - Monthly Dividend;INF223J01RW8;INF223J01RX6;10.1659;10.1659;10.1659;13-Nov-2011
112964;DWS Treasury Fund - Cash Plan - Weekly Dividend;INF223J01RY4;INF223J01RZ1;10.1073;10.1073;10.1073;13-Nov-2011

Edelweiss Mutual Fund
109935;Edelweiss Liquid Fund - Daily Dividend Option;;INF754K01BG7;10.0000;10.0000;10.0000;13-Nov-2011
109946;Edelweiss Liquid Fund - Growth Option;INF754K01BC6;;10.2329;10.2329;10.2329;13-Nov-2011
109941;Edelweiss Liquid Fund - Institutional Plan - Daily Dividend Option;;INF754K01AZ9;10.0000;10.0000;10.0000;13-Nov-2011
109945;Edelweiss Liquid Fund - Institutional Plan - Growth Option;INF754K01AV8;;10.6804;10.6804;10.6804;13-Nov-2011
109936;Edelweiss Liquid Fund - Institutional Plan - Weekly Dividend Option;;INF754K01BA0;10.0025;10.0025;10.0025;13-Nov-2011
109934;Edelweiss Liquid Fund - Retail Plan - Daily Dividend Option;;INF754K01AS4;10.0000;10.0000;10.0000;13-Nov-2011
109940;Edelweiss Liquid Fund - Retail Plan - Growth Option;INF754K01AO3;;11.9406;11.9406;11.9406;13-Nov-2011
109939;Edelweiss Liquid Fund - Retail Plan - Monthly Dividend Option;INF754K01AP0;INF754K01AR6;10.0270;10.0270;10.0270;13-Nov-2011
109937;Edelweiss Liquid Fund - Retail Plan - Weekly Dividend Option;;INF754K01AT2;10.0022;10.0022;10.0022;13-Nov-2011

Fidelity Mutual Fund
104498;Fidelity Cash Fund - Institutional Plan - Daily Dividend Option;;INF677K01AQ1;10.0025;10.0025;10.0025;13-Nov-2011
104497;Fidelity Cash Fund - Institutional Plan - Growth Option;;;14.0049;14.0049;14.0049;13-Nov-2011
104548;Fidelity Cash Fund - Institutional Plan - Monthly Dividend Option;INF677K01AS7;INF677K01AT5;10.0000;10.0000;10.0000;13-Nov-2011
104546;Fidelity Cash Fund - Institutional Plan - Weekly Dividend Option;;INF677K01AR9;10.1681;10.1681;10.1681;13-Nov-2011
104495;Fidelity Cash Fund - Retail Plan - Daily Dividend option;;INF677K01AL2;10.0025;10.0025;10.0025;13-Nov-2011
104493;Fidelity Cash Fund - Retail Plan - Growth option;;;13.7321;13.7321;13.7321;13-Nov-2011
104547;Fidelity Cash Fund - Retail Plan - Monthly Dividend Option;;;10.0406;10.0406;10.0406;13-Nov-2011
104549;Fidelity Cash Fund - Retail Plan - Weekly Dividend Option;;INF677K01AM0;10.0124;10.0124;10.0124;13-Nov-2011
104494;Fidelity Cash Fund - Super Institutional Plan - Daily Dividend Option;;INF677K01AV1;10.2330;10.2330;10.2330;13-Nov-2011
104496;Fidelity Cash Fund - Super Institutional Plan - Growth Option;INF677K01AU3;;14.0975;14.0975;14.0975;13-Nov-2011
104551;Fidelity Cash Fund - Super Institutional Plan - Monthly Dividend Option;INF677K01AX7;INF677K01AY5;10.0000;10.0000;10.0000;13-Nov-2011
104550;Fidelity Cash Fund - Super Institutional Plan - Weekly Dividend Option;;INF677K01AW9;10.0000;10.0000;10.0000;13-Nov-2011

ING Mutual Fund
100198;ING Liquid Fund-Institutional Daily Dividend Option;INF084M01473;;10.0121;10.0121;10.0121;13-Nov-2011
100196;ING Liquid Fund-Institutional Growth Option;INF084M01465;;16.1850;16.1850;16.1850;13-Nov-2011
100197;ING Liquid Fund-Institutional Weekly Dividend Option;INF084M01499;INF084M01481;10.0658;10.0658;10.0658;13-Nov-2011
100192;ING Liquid Fund-Regular Daily Dividend Option;INF084M01432;;10.7873;10.7873;10.7873;13-Nov-2011
100190;ING Liquid Fund-Regular Growth Option;INF084M01424;;21.5582;21.5582;21.5582;13-Nov-2011
100191;ING Liquid Fund-Regular Weekly Dividend Option;INF084M01457;INF084M01440;10.8370;10.8370;10.8370;13-Nov-2011
100200;ING Liquid Fund-Super Institutional Daily Dividend Option;INF084M01515;;10.0048;10.0048;10.0048;13-Nov-2011
100199;ING Liquid Fund-Super Institutional Growth Option;INF084M01507;;15.4378;15.4378;15.4378;13-Nov-2011
100201;ING Liquid Fund-Super Institutional Weekly Dividend Option;INF084M01531;INF084M01523;10.0000;10.0000;10.0000;13-Nov-2011

Invesco Mutual Fund
106502;Religare Invesco Overnight Fund - Daily Dividend Reinvestment;;INF205K01HS2;1000.0048;1000.0048;1000.0048;13-Nov-2011
106501;Religare Invesco Overnight Fund - Growth;INF205K01HR4;;1220.2085;1220.2085;1220.2085;13-Nov-2011

JM Financial Mutual Fund
101420;JM Floater Short Term Fund - Daily Dividend Option;;INF192K01767;10.0883;10.0883;10.0883;13-Nov-2011
101421;JM Floater Short Term Fund - Growth Option;INF192K01775;;16.4276;16.4276;16.4276;13-Nov-2011

JPMorgan Mutual Fund
106562;JPMorgan India Liquid Fund - Retail Plan - Daily Dividend Option;;INF843K01203;10.0150;10.0150;10.0150;13-Nov-2011
109178;JPMorgan India Liquid Fund - Retail Plan - Fortnightly Dividend Option;;INF843K01229;10.0391;10.0391;10.0391;13-Nov-2011
106561;JPMorgan India Liquid Fund - Retail Plan - Growth Option;INF843K01195;;12.2916;12.2916;12.2916;13-Nov-2011
109179;JPMorgan India Liquid Fund - Retail Plan - Monthly Dividend Option;;INF843K01237;10.0616;10.0616;10.0616;13-Nov-2011
109177;JPMorgan India Liquid Fund - Retail Plan - Weekly Dividend Option;;INF843K01211;10.0272;10.0272;10.0272;13-Nov-2011
110149;JPMorgan India Liquid Fund - Super Institutional Plan - Daily Dividend Option;;INF843K01153;10.0079;10.0079;10.0079;13-Nov-2011
110150;JPMorgan India Liquid Fund - Super Institutional Plan - Growth Option;INF843K01146;;13.4081;13.4081;13.4081;13-Nov-2011
110151;JPMorgan India Liquid Fund - Super Institutional Plan - Monthly Dividend Option;INF843K01500;INF843K01187;10.0803;10.0803;10.0803;13-Nov-2011
110153;JPMorgan India Liquid Fund - Super Institutional Plan - Weekly Dividend Option;INF843K01484;INF843K01161;10.0960;10.0960;10.0960;13-Nov-2011

L&T Mutual Fund
112468;L&T Liquid Fund - Regular Weekly Dividend;;INF917K01BE5;11.9982;11.9982;11.9982;13-Nov-2011

Mirae Asset Mutual Fund
107646;Mirae Asset Liquid Fund- Regular Plan - Daily Dividend;;INF769K01606;1030.5174;1030.5174;1030.5174;13-Nov-2011
107648;Mirae Asset Liquid Fund- Regular Plan - Growth;INF769K01572;;1082.2733;1082.2733;1082.2733;13-Nov-2011
107649;Mirae Asset Liquid Fund- Regular Plan - Monthly Dividend;INF769K01630;INF769K01622;1028.9655;1028.9655;1028.9655;13-Nov-2011
107647;Mirae Asset Liquid Fund- Regular Plan - Weekly Dividend;;INF769K01614;1033.0574;1033.0574;1033.0574;13-Nov-2011

Morgan Stanley Mutual Fund
115812;MS Liquid Fund - Regular- Growth;INF063A01274;;1016.3403;1016.3403;1016.3403;13-Nov-2011
115814;MS Liquid Fund - Regular- Weekly Dividend Plan;;INF063A01290;1001.2134;1001.2134;1001.2134;13-Nov-2011
115813;MS Liquid Fund- Regular Daily Dividend Plan;;INF063A01282;1000.4971;1000.4971;1000.4971;13-Nov-2011
115815;MS Liquid Fund- Regular Monthly Dividend Plan;INF063A01316;INF063A01308;1004.9329;1004.9329;1004.9329;13-Nov-2011

PGIM India Mutual Fund
113184;DHFL Pramerica Liquid Fund - Dividend Option - Daily;;INF663L01088;1000.0950;1000.0950;1000.0950;13-Nov-2011
113187;DHFL Pramerica Liquid Fund - Dividend Option - Fortnightly;INF663L01120;INF663L01104;1000.5510;1000.5510;1000.5510;13-Nov-2011
113186;DHFL Pramerica Liquid Fund - Dividend Option - Monthly;INF663L01138;INF663L01112;1004.5242;1004.5242;1004.5242;13-Nov-2011
113183;DHFL Pramerica Liquid Fund - Growth Option;INF663L01070;;1103.6584;1103.6584;1103.6584;13-Nov-2011
113185;DHFL Pramerica Liquid Fund -Dividend Option- Weekly;;INF663L01096;1001.2486;1001.2486;1001.2486;13-Nov-2011

PineBridge Mutual Fund
106513;PineBridge India Liquid Fund- Standard Plan-Daily Dividend Option;;INF178L01699;1001.0000;1001.0000;1001.0000;13-Nov-2011
106508;PineBridge India Liquid Fund- Standard Plan-Growth Option;INF178L01715;;1330.1748;1330.1748;1330.1748;13-Nov-2011
106509;PineBridge India Liquid Fund- Standard Plan-Weekly Dividend Option;;INF178L01764;1002.2277;1002.2277;1002.2277;13-Nov-2011
106506;PineBridge India Liquid Fund-Institutional Plan-Daily Dividend Option;;INF178L01616;1001.0000;1001.0000;1001.0000;13-Nov-2011
106511;PineBridge India Liquid Fund-Institutional Plan-Growth Option;INF178L01632;;1324.6717;1324.6717;1324.6717;13-Nov-2011
106507;PineBridge India Liquid Fund-Institutional Plan-Weekly Dividend Option;;INF178L01681;1002.2147;1002.2147;1002.2147;13-Nov-2011
106503;PineBridge India Liquid Fund-Retail Plan-DailyDividend Option;;INF178L01533;1001.0000;1001.0000;1001.0000;13-Nov-2011
106514;PineBridge India Liquid Fund-Retail Plan-Growth Option;INF178L01558;;1308.0381;1308.0381;1308.0381;13-Nov-2011
106504;PineBridge India Liquid Fund-Retail Plan-Monthly Dividend Option;INF178L01566;INF178L01574;1005.4579;1005.4579;1005.4579;13-Nov-2011
106516;PineBridge India Liquid Fund-Retail Plan-Quarterly Dividend Option;INF178L01582;INF178L01590;1013.9276;1013.9276;1013.9276;13-Nov-2011
106510;PineBridge India Liquid Fund-Retail Plan-Weekly Dividend Option;;INF178L01608;1002.1733;1002.1733;1002.1733;13-Nov-2011

Sahara Mutual Fund
101397;Sahara Liquid Fund-Fixed Pricing -  Weekly Dividend Option;;INF515L01064;1027.4373;1027.4373;1027.4373;13-Nov-2011
101393;Sahara Liquid Fund-Fixed Pricing - Daily Dividend Option;;INF515L01049;1024.9572;1024.9572;1024.9572;13-Nov-2011
101394;Sahara Liquid Fund-Fixed Pricing - Growth option;INF515L01056;;1878.1119;1878.1119;1878.1119;13-Nov-2011
101398;Sahara Liquid Fund-Fixed Pricing - Monthly Dividend Option;;INF515L01072;1028.4221;1028.4221;1028.4221;13-Nov-2011
101399;Sahara Liquid Fund-Variable Pricing - Daily Dividend option;;INF515L01080;1024.9745;1024.9745;1024.9745;13-Nov-2011
101402;Sahara Liquid Fund-Variable Pricing - Growth option;INF515L01114;;1893.7228;1893.7228;1893.7228;13-Nov-2011
101400;Sahara Liquid Fund-Variable Pricing - Weekly Dividend Option;;INF515L01098;1025.6626;1025.6626;1025.6626;13-Nov-2011
101401;Sahara Liquid Fund-Variable Pricing- Monthly Dividend Option;;INF515L01106;1028.7459;1028.7459;1028.7459;13-Nov-2011

Tata Mutual Fund
101987;Tata Liquid Fund Reglar Plan - Monthly Dividend;INF277K01LR5;INF277K01LS3;1006.7141;1006.7141;1006.7141;13-Nov-2011
101861;Tata Liquid Fund-Regular Plan  - Weekly Dividend;INF277K016C5;;1001.3213;1001.3213;1001.3213;13-Nov-2011
101984;Tata Liquid High Investment Plan - Daily;;;1114.3379;1114.3379;1114.3379;13-Nov-2011
101860;Tata Liquid High Investment Plan - Growth;INF277K01LN4;;1709.0711;1709.0711;1709.0711;13-Nov-2011
101985;Tata Liquid High Investment Plan - Monthly;INF277K01LO2;INF277K01LP9;1022.6483;1022.6483;1022.6483;13-Nov-2011
101859;Tata Liquid High Investment Plan - Weekly;;;1147.8486;1147.8486;1147.8486;13-Nov-2011
101982;Tata Liquid Retail Investment PLan - Daily;;;1116.8143;1116.8143;1116.8143;13-Nov-2011
101983;Tata Liquid Retail Investment Plan - Fortnightly;;;1148.2898;1148.2898;1148.2898;13-Nov-2011
101858;Tata Liquid Retail Investment Plan - Growth;INF277K01LM6;;2358.3081;2358.3081;2358.3081;13-Nov-2011
103631;Tata Liquidity Management Fund - Regular Plan - Daily Dividend;;;1002.6089;1002.6089;1002.6089;13-Nov-2011
103632;Tata Liquidity Management Fund - Regular Plan - Growth;INF277K01LW5;;1392.8903;1392.8903;1392.8903;13-Nov-2011
103519;Tata Liquidity Management Fund - Regular Plan  -Weekly Dividend;;;1006.6276;1006.6276;1006.6276;13-Nov-2011

Open Ended Schemes ( Money Market )


Tata Mutual Fund
102152;Tata Money Market Fund Regular (Bonus / Dividend);;;10.1601;10.1601;10.1601;13-Nov-2011
102153;Tata Money Market Fund Regular (Growth);INF277K01LY1;;16.4977;16.4977;16.4977;13-Nov-2011

Open Ended Schemes ( Debt Scheme - Overnight Fund )


HDFC Mutual Fund
101996;HDFC Overnight Fund - Growth Option;INF179KB1HS3;;16.8583;16.8583;16.8583;13-Nov-2011
101997;HDFC Overnight Fund - IDCW Option (Daily);;INF179KB1IF8;10.4266;10.4266;10.4266;13-Nov-2011

SBI Mutual Fund
114297;SBI Overnight Fund - Regular Plan - Daily Income Distribution cum Capital Withdrawal Option (IDCW);;INF200K01LN6;10.0991;10.0991;10.0991;13-Nov-2011
101206;SBI OVERNIGHT FUND - REGULAR PLAN - GROWTH;INF200K01LQ9;;17.8498;17.8498;17.8498;13-Nov-2011
103140;SBI Overnight Fund - Regular Plan - Weekly Income Distribution cum Capital Withdrawal Option (IDCW);INF200K01LO4;INF200K01LP1;10.3143;10.3143;10.3143;13-Nov-2011

Open Ended Schemes ( Debt Scheme - Liquid Fund )


Aditya Birla Sun Life Mutual Fund
100047;Aditya Birla Sun Life Liquid Fund - Growth;INF209K01RU9;;165.7077;165.7077;165.7077;13-Nov-2011
100046;Aditya Birla Sun Life Liquid Fund -Daily IDCW;INF209K01KQ2;INF209K01SQ5;100.1950;100.1950;100.1950;13-Nov-2011
100041;Aditya Birla Sun Life Liquid Fund -Institutional - IDCW;;INF209K01KN9;108.0230;108.0230;108.0230;13-Nov-2011
100048;Aditya Birla Sun Life Liquid Fund -Institutional - weekly  IDCW;INF209KA1LK7;INF209K01KY6;108.1176;108.1176;108.1176;13-Nov-2011
100044;Aditya Birla Sun Life Liquid Fund -Retail - IDCW;;INF209K01KP4;163.6940;163.6940;163.6940;13-Nov-2011
100051;Aditya Birla Sun Life Liquid Fund -weekly IDCW;INF209K01KU4;INF209KA1LJ9;100.2740;100.2740;100.2740;13-Nov-2011
112014;Aditya Birla Sun Life Liquid Fund- Discipline Advantage Plan;INF209K01KZ3;;113.9000;113.9000;113.9000;13-Nov-2011
100043;Aditya Birla Sun Life Liquid Fund-Institutional (Growth);INF209K01RT1;;277.8879;277.8879;277.8879;13-Nov-2011
100042;Aditya Birla Sun Life Liquid Fund-Retail (Growth);INF209K01ME4;;272.5962;272.5962;272.5962;13-Nov-2011

Axis Mutual Fund
112211;Axis Liquid Fund - Regular Plan - Daily IDCW;;INF846K01420;1000.1031;1000.1031;1000.1031;13-Nov-2011
112210;Axis Liquid Fund - Regular Plan - Growth Option;INF846K01412;;1146.9396;1146.9396;1146.9396;13-Nov-2011
112213;Axis Liquid Fund - Regular Plan - Monthly IDCW;INF846K01453;INF846K01461;1004.7883;1004.7883;1004.7883;13-Nov-2011
112212;Axis Liquid Fund - Regular Plan - Weekly IDCW;INF846K01438;INF846K01446;1003.2990;1003.2990;1003.2990;13-Nov-2011
112712;Axis Liquid Fund - Retail Plan - Daily IDCW;;INF846K01362;1000.0746;1000.0746;1000.0746;13-Nov-2011
112713;Axis Liquid Fund - Retail Plan - Growth Option;INF846K01354;;1124.2939;1124.2939;1124.2939;13-Nov-2011
112714;Axis Liquid Fund - Retail Plan - Monthly IDCW;INF846K01396;INF846K01404;1004.5537;1004.5537;1004.5537;13-Nov-2011
112715;Axis Liquid Fund - Retail Plan - Weekly IDCW;INF846K01370;INF846K01388;1001.2195;1001.2195;1001.2195;13-Nov-2011

Bandhan Mutual Fund
108692;BANDHAN LIQUID Fund - Regular Plan - Daily IDCW;INF194K01VZ4;INF194K01VY7;1000.2500;1000.2500;1000.2500;13-Nov-2011
108690;BANDHAN LIQUID Fund - Regular Plan - Growth;INF194K01VX9;;1259.1255;1259.1255;1259.1255;13-Nov-2011
108693;BANDHAN LIQUID Fund - Regular Plan - Monthly IDCW;INF194K01WF4;INF194K01WE7;1003.9097;1003.9097;1003.9097;13-Nov-2011
115489;BANDHAN LIQUID Fund - Regular Plan - Periodic IDCW;INF194K01WC1;INF194K01WB3;1009.3263;1009.3263;1009.3263;13-Nov-2011
108691;BANDHAN LIQUID Fund - Regular Plan - Weekly IDCW;INF194K01WI8;INF194K01WH0;1000.4924;1000.4924;1000.4924;13-Nov-2011
108779;BANDHAN Liquid Fund-Plan A-Dividend (Daily);INF194K01VC3;INF194K01VB5;1058.1900;1058.1900;1058.1900;13-Nov-2011
108778;BANDHAN Liquid Fund-Plan A-Growth;INF194K01UX1;;1832.9528;1832.9528;1832.9528;13-Nov-2011
115486;BANDHAN Liquid Fund-Plan A-Monthly;INF194K01VF6;INF194K01VE9;1003.6694;1003.6694;1003.6694;13-Nov-2011
115487;BANDHAN Liquid Fund-Plan A-Periodic Dividend;INF194K01UZ6;INF194K01UY9;1019.1888;1019.1888;1019.1888;13-Nov-2011
108607;BANDHAN Liquid Fund - Plan A-Dividend (Weekly);INF194K01VI0;INF194K01VH2;1001.4698;1001.4698;1001.4698;13-Nov-2011
108781;BANDHAN Liquid Fund - Plan B (G) (Institutional Plan);INF194K01VK6;;1849.5775;1849.5775;1849.5775;13-Nov-2011
108681;BANDHAN Liquid Fund - Plan B-Daily-Dividend(Institutional Plan);INF194K01VM2;INF194K01VL4;1058.7300;1058.7300;1058.7300;13-Nov-2011

Bank of India Mutual Fund
109257;BANK OF INDIA Liquid Fund- Institutional Plan- Daily Dividend;;;1000.0000;1000.0000;1000.0000;13-Nov-2011
109256;BANK OF INDIA Liquid Fund- Institutional Plan-Growth;INF761K01314;;1222.8852;1222.8852;1222.8852;13-Nov-2011
111971;BANK OF INDIA Liquid Fund- Regular Plan- Daily IDCW;;INF761K01CO4;1000.0000;1000.0000;1000.0000;13-Nov-2011
109254;BANK OF INDIA Liquid Fund- Regular Plan- Growth;INF761K01306;;1207.0371;1207.0371;1207.0371;13-Nov-2011
109255;BANK OF INDIA Liquid Fund- Regular Plan- Weekly IDCW;;INF761K01CP1;1001.0532;1001.0532;1001.0532;13-Nov-2011

Baroda BNP Paribas Mutual Fund
111707;Baroda BNP Paribas LIQUID FUND - Regular Plan - DAILY IDCW OPTION;INF955L01468;INF955L01476;1000.6300;1000.6300;1000.6300;13-Nov-2011
111704;Baroda BNP Paribas LIQUID FUND - Regular Plan - GROWTH OPTION;INF955L01484;;1185.5402;1185.5402;1185.5402;13-Nov-2011
101408;Baroda BNP Paribas LIQUID FUND- Defunct Plan -Growth Option;INF955L01575;;1796.8789;1796.8789;1796.8789;13-Nov-2011
101407;Baroda BNP Paribas LIQUID FUND-Defunct Plan- IDCW Option;INF955L01559;INF955L01567;1539.4802;1539.4802;1539.4802;13-Nov-2011
101409;Baroda BNP Paribas LIQUID FUND-Defunct Plan-Daily IDCW Option;INF955L01518;INF955L01526;1006.0600;1006.0600;1006.0600;13-Nov-2011

BNP Paribas Mutual Fund
113641;BNP PARIBAS LIQUID Fund-Institutional Plan-Daily Dividend Option;;;10.0030;10.0030;10.0030;13-Nov-2011
113634;BNP PARIBAS LIQUID Fund-Institutional Plan-Growth Option;;;15.9135;15.9135;15.9135;13-Nov-2011
113638;BNP PARIBAS LIQUID Fund-Institutional Plan-Monthly Dividend Payout Option;;;10.0326;10.0326;10.0326;13-Nov-2011
113642;BNP PARIBAS LIQUID Fund-Institutional Plan-Weekly Dividend Option;;;10.0087;10.0087;10.0087;13-Nov-2011
113640;BNP PARIBAS LIQUID Fund-Regular Plan-Growth Option;INF251K01CI8;;15.4640;15.4640;15.4640;13-Nov-2011
113632;BNP PARIBAS LIQUID Fund-Regular Plan-Monthly Dividend;INF251K01CK4;INF251K01CL2;10.0297;10.0297;10.0297;13-Nov-2011
113637;BNP PARIBAS LIQUID Fund-Regular Plan-Weekly Dividend Option;;INF251K01CJ6;10.0082;10.0082;10.0082;13-Nov-2011

Canara Robeco Mutual Fund
109349;CANARA ROBECO LIQUID FUND - REGULAR PLAN - DAILY IDCW (Reinvestment);;INF760K01CU3;1005.5000;1005.5000;1005.5000;13-Nov-2011
109353;CANARA ROBECO LIQUID FUND - REGULAR PLAN - GROWTH OPTION;INF760K01CW9;;1258.4544;1258.4544;1258.4544;13-Nov-2011
109350;CANARA ROBECO LIQUID FUND - REGULAR PLAN - WEEKLY IDCW (Payout/Reinvestment);INF760K01BZ4;INF760K01CZ2;1000.0000;1000.0000;1000.0000;13-Nov-2011
101363;Canara Robeco Liquid Fund- INSTITUTIONAL-Daily Dividend Reinvestment;;INF760K01CC1;1005.5000;1005.5000;1005.5000;13-Nov-2011
101362;Canara Robeco Liquid Fund- INSTITUTIONAL-Growth;INF760K01CD9;;1872.6705;1872.6705;1872.6705;13-Nov-2011
101361;Canara Robeco Liquid Fund- INSTITUTIONAL-Weekly dividend;;INF760K01CE7;1000.9475;1000.9475;1000.9475;13-Nov-2011
109357;Canara Robeco Liquid Fund-Institutional-Fortnightly Div Reinvest;;INF760K01860;1000.0000;1000.0000;1000.0000;13-Nov-2011
109352;Canara Robeco Liquid Fund-Institutional-Monthly Div Reinvest;;INF760K01894;1001.4238;1001.4238;1001.4238;13-Nov-2011
109355;Canara Robeco Liquid Fund-Regular Plan-Fortnightly Div Reinvest.;;INF760K01951;1000.0000;1000.0000;1000.0000;13-Nov-2011
101364;Canara Robeco Liquid Fund-Retail-DRI;;INF760K01CF4;1007.0000;1007.0000;1007.0000;13-Nov-2011
109346;Canara Robeco Liquid Fund-Retail-Fortnightly Div Reinvest;;INF760K01CG2;1006.3856;1006.3856;1006.3856;13-Nov-2011
101365;Canara Robeco Liquid Fund-Retail-Growth;INF760K01CH0;;1859.5166;1859.5166;1859.5166;13-Nov-2011
109347;Canara Robeco Liquid Fund-Retail-Monthly Div Reinvest;;INF760K01CI8;1009.4673;1009.4673;1009.4673;13-Nov-2011
109356;Canara Robeco Liquid Fund-Retail-Weekly Div Reinvest;;INF760K01CJ6;1006.3856;1006.3856;1006.3856;13-Nov-2011

DSP Mutual Fund
103347;DSP Liquidity Fund - Regular Plan - Growth;INF740K01FK9;;1481.4746;1481.4746;1481.4746;13-Nov-2011
103348;DSP Liquidity Fund - Regular Plan - IDCW - Weekly;INF740K01FM5;INF740K01FL7;1000.9526;1000.9526;1000.9526;13-Nov-2011
103349;DSP Liquidity Fund- Regular Plan - IDCW - Daily;;INF740KA1OE0;1000.3161;1000.3161;1000.3161;13-Nov-2011
100943;DSP BlackRock Liquidity Fund - Regular Plan - Daily Dividend;;;10.0100;10.0100;10.0100;13-Nov-2011
100940;DSP BlackRock Liquidity Fund - Regular Plan - Growth;INF740K01CN0;;24.5248;24.5248;24.5248;13-Nov-2011
100941;DSP BlackRock Liquidity Fund - Regular Plan Weekly Dividend;;;12.4195;12.4195;12.4195;13-Nov-2011

Franklin Templeton Mutual Fund
100541;Franklin India Liquid Fund - Regular Plan - Daily - IDCW;;INF090I01BA3;1512.3400;1512.3400;1512.3400;13-Nov-2011
100538;Franklin India Liquid Fund - Regular Plan - Growth;INF090I01BB1;;2529.6099;2529.6099;2529.6099;13-Nov-2011
100537;Franklin India Liquid Fund - Regular Plan - Weekly - IDCW;INF090I01BL0;INF090I01BI6;1244.3238;1244.3238;1244.3238;13-Nov-2011
100547;Franklin India Liquid Fund - Super Institutional Plan - Daily - IDCW;;INF090I01BF2;1000.6730;1000.6730;1000.6730;13-Nov-2011
100546;Franklin India Liquid Fund - Super Institutional Plan - Growth;INF090I01BG0;;1539.4426;1539.4426;1539.4426;13-Nov-2011
100548;Franklin India Liquid Fund - Super Institutional Plan - Weekly - IDCW;INF090I01BM8;INF090I01BH8;1021.1243;1021.1243;1021.1243;13-Nov-2011
102441;Franklin India Liquid Fund - Institution-Growth;INF090I01BD7;;1610.1831;1610.1831;1610.1831;13-Nov-2011
102443;Franklin India Liquid Fund - Institutional Plan - Daily - IDCW;;INF090I01BC9;1000.6730;1000.6730;1000.6730;13-Nov-2011
102442;Franklin India Liquid Fund - Institutional Plan - Weekly - IDCW;INF090I01BJ4;INF090I01BE5;1054.7186;1054.7186;1054.7186;13-Nov-2011

Groww Mutual Fund
115991;Groww Liquid Fund (formerly known as Indiabulls Liquid Fund) - Regular Plan - Growth Option;INF666M01014;;1004.9997;1004.9997;1004.9997;13-Nov-2011
115992;Groww Liquid Fund (formerly known as Indiabulls Liquid Fund)- Regular Plan- - Income Distribution cum capital withdrawal Option (Reinvestment);;INF666M01022;1000.0000;1000.0000;1000.0000;13-Nov-2011
115995;Groww Liquid Fund (formerly known as Indiabulls Liquid Fund)- Regular Plan- Monthly - Income Distribution cum capital withdrawal Option (Payout & Reinvestment);INF666M01071;INF666M01055;1002.9914;1002.9914;1002.9914;13-Nov-2011
115993;Groww Liquid Fund (formerly known as Indiabulls Liquid Fund)- Regular Plan- Weekly - Income Distribution cum capital withdrawal Option (Payout & Reinvestment);INF666M01089;INF666M01030;1000.0000;1000.0000;1000.0000;13-Nov-2011
115994;Groww Liquid Fund (formerly known as Indiabulls Liquid) Fund- Regular Plan- Fortnightly - Income Distribution cum capital withdrawal Option (Payout & Reinvestment);INF666M01063;INF666M01048;1000.0000;1000.0000;1000.0000;13-Nov-2011

HDFC Mutual Fund
100868;HDFC Liquid Fund - Growth Plan;INF179KB1HK0;;20.439;20.439;20.439;13-Nov-2011
100875;HDFC Liquid Fund - IDCW Daily;;INF179KB1IC5;10.1982;10.1982;10.1982;13-Nov-2011
100876;HDFC Liquid Fund - IDCW Monthly;INF179KB1HM6;INF179KB1HL8;10.2951;10.2951;10.2951;13-Nov-2011
100874;HDFC Liquid Fund - IDCW Plan Weekly;INF179KB1ID3;;10.3227;10.3227;10.3227;13-Nov-2011
100877;HDFC Liquid Fund-Premium Plan - Dividend-Daily;;INF179K01KN4;12.2598;12.2598;12.2598;13-Nov-2011
100878;HDFC Liquid Fund-Premium Plan - Dividend-Weekly;INF179K01KP9;;10.377;10.377;10.377;13-Nov-2011
100881;HDFC Liquid Fund-Premium Plus Plan - Dividend-Weekly;INF179K01KS3;;10.0422;10.0422;10.0422;13-Nov-2011
100872;HDFC Liquid Fund-PREMIUM PLUS- Growth;INF179K01KQ7;;20.7816;20.7816;20.7816;13-Nov-2011
100873;HDFC Liquid Fund-PREMIUM- Growth;INF179KB1HN4;;20.7398;20.7398;20.7398;13-Nov-2011

HSBC Mutual Fund
101700;HSBC Cash Fund - Dividend - Daily;;INF336L01321;10.0056;10.0056;10.0056;13-Nov-2011
101702;HSBC Cash Fund - Dividend - Monthly;INF336L01305;INF336L01297;10.1132;10.1132;10.1132;13-Nov-2011
101701;HSBC Cash Fund - Dividend - Weekly;;INF336L01347;10.4896;10.4896;10.4896;13-Nov-2011
101692;HSBC Cash Fund - Inst. - Dividend - Daily;;INF336L01354;10.4401;10.4401;10.4401;13-Nov-2011
101694;HSBC Cash Fund - Inst. - Dividend - Monthly;INF336L01370;INF336L01362;10.5588;10.5588;10.5588;13-Nov-2011
101693;HSBC Cash Fund - Inst. - Dividend - Weekly;;INF336L01388;10.8674;10.8674;10.8674;13-Nov-2011
101691;HSBC Cash Fund - Inst. - Growth;INF336L01289;;16.6459;16.6459;16.6459;13-Nov-2011
101697;HSBC Cash Fund - Regular - Dividend - Daily;;INF336L01263;10.1930;10.1930;10.1930;13-Nov-2011
101698;HSBC Cash Fund - Regular - Dividend - Weekly;;INF336L01313;10.0213;10.0213;10.0213;13-Nov-2011
101696;HSBC Liquid Fund - Growth closed plan;INF336L01271;;16.4382;16.4382;16.4382;13-Nov-2011
101699;HSBC Liquid Fund Closed;INF336L01339;;10.3924;10.3924;10.3924;13-Nov-2011

ICICI Prudential Mutual Fund
100357;ICICI Prudential Liquid Fund -Quarterly IDCW;INF109K01UU5;INF109K01UT7;101.2659;101.2659;101.2659;13-Nov-2011
100359;ICICI Prudential Liquid Institutional Plus Fund - Div - Daily;INF109K01VJ6;;118.5150;118.5150;118.5150;13-Nov-2011
100360;ICICI Prudential Liquid Institutional Plus Fund - Div - Weekly;INF109K01VM0;;118.7489;118.7489;118.7489;13-Nov-2011
100362;ICICI Prudential Liquid Institutional Plus Fund - Growth;INF109K01VK4;;255.0137;255.0137;255.0137;13-Nov-2011
103343;ICICI Prudential Liquid Fund - Daily IDCW;INF109K01VP3;;100.0226;100.0226;100.0226;13-Nov-2011
103340;ICICI Prudential Liquid Fund - Growth;INF109K01VQ1;;153.0451;153.0451;153.0451;13-Nov-2011
104308;ICICI Prudential Liquid Fund - Half Yearly IDCW;INF109K01UX9;INF109K01UW1;101.1475;101.1475;101.1475;13-Nov-2011
103344;ICICI Prudential Liquid Fund - Institutional Option - I;INF109K01VH0;;149.3009;149.3009;149.3009;13-Nov-2011
103342;ICICI Prudential Liquid Fund - Weekly IDCW;INF109K01VS7;;100.3049;100.3049;100.3049;13-Nov-2011
103341;ICICI Prudential Liquid Fund -Monthly IDCW;INF109K01VR9;;100.5879;100.5879;100.5879;13-Nov-2011
101748;ICICI Prudential Liquid Fund - Institutional - Daily - Div;INF109K01VE7;;118.5020;118.5020;118.5020;13-Nov-2011
101753;ICICI Prudential Liquid Fund - Institutional - Weekly - Div;INF109K01VI8;;118.6149;118.6149;118.6149;13-Nov-2011
101754;ICICI Prudential Liquid Fund Retail Daily Dividend;INF109K01UR1;;118.5140;118.5140;118.5140;13-Nov-2011
101750;ICICI Prudential Liquid Fund Retail Growth;INF109K01UQ3;;247.3867;247.3867;247.3867;13-Nov-2011
101755;ICICI Prudential Liquid Fund Retail Monthly Dividend;INF109K01US9;;100.6470;100.6470;100.6470;13-Nov-2011
101752;ICICI Prudential Liquid Fund Retail Weekly Dividend;INF109K01UV3;;118.9831;118.9831;118.9831;13-Nov-2011
101751;ICICI Prudential Liquid Institutional Fund - Growth;INF109K01VF4;;252.8116;252.8116;252.8116;13-Nov-2011

IDBI Mutual Fund
113104;IDBI Liquid Fund- Monthly IDCW;INF397L01976;INF397L01968;1004.7116;1004.7116;1004.7116;13-Nov-2011
113102;IDBI Liquid Fund-Daily IDCW;;INF397L01935;1000.0000;1000.0000;1000.0000;13-Nov-2011
113096;IDBI Liquid Fund-Growth;INF397L01984;;1110.4886;1110.4886;1110.4886;13-Nov-2011
113103;IDBI Liquid Fund-Weekly IDCW;INF397L01950;INF397L01943;1000.2200;1000.2200;1000.2200;13-Nov-2011

Invesco Mutual Fund
104484;Invesco India Liquid Fund - Daily IDCW (Reinvestment);;INF205K01HN3;1000.7849;1000.7849;1000.7849;13-Nov-2011
104486;Invesco India Liquid Fund - Growth;INF205K01HM5;;1422.0278;1422.0278;1422.0278;13-Nov-2011
104488;Invesco India Liquid Fund - Regular - Growth;INF205K01HG7;;1391.1585;1391.1585;1391.1585;13-Nov-2011
104489;Invesco India Liquid Fund - Regular - Weekly IDCW (Reinvestment);;INF205K01HH5;1001.4585;1001.4585;1001.4585;13-Nov-2011
104483;Religare Invesco Liquid Fund - Institutional - Daily Dividend;;INF205K01HJ1;1000.2250;1000.2250;1000.2250;13-Nov-2011
104491;Religare Invesco Liquid Fund - Institutional - Growth;INF205K01HI3;;1411.6739;1411.6739;1411.6739;13-Nov-2011

JM Financial Mutual Fund
100241;JM High Liquidity Fund-- Institutional Plan - Dividend;INF192K01924;INF192K01932;10.6503;10.6503;10.6503;13-Nov-2011
100237;JM High Liquidity Fund-- Institutional Plan - Growth;INF192K01940;;17.0450;17.0450;17.0450;13-Nov-2011
100238;JM High Liquidity Fund-Institutional Plan - Daily Dividend;;INF192K01916;10.0159;10.0159;10.0159;13-Nov-2011
100245;JM High Liquidity Fund-Super Institutional Plan- Daily Dividend;;INF192K01957;10.0165;10.0165;10.0165;13-Nov-2011
100246;JM High Liquidity Fund-Super Institutional Plan- Weekly  Dividend;INF192K01965;INF192K01973;10.0496;10.0496;10.0496;13-Nov-2011
100244;JM Liquid Fund (Regular) - Quarterly IDCW;INF192K01866;INF192K01874;15.9842;15.9842;15.9842;13-Nov-2011
100247;JM Liquid Fund (Regular) - Super Institutional Plan - Growth Option;INF192K01981;;16.2120;16.2120;16.2120;13-Nov-2011
100233;JM Liquid Fund (Regular) - Weekly IDCW;INF192K01841;INF192K01858;10.8970;10.8970;10.8970;13-Nov-2011
100234;JM Liquid Fund - Growth Option;INF192K01882;;28.2403;28.2403;28.2403;13-Nov-2011
101549;JM Liquid Fund (Regular) - Bonus Option - Principal Units;INF192K01890;;14.8301;14.8301;14.8301;13-Nov-2011
101078;JM Liquid Fund (Regular) - Daily IDCW;;INF192K01833;10.4302;10.4302;10.4302;13-Nov-2011

Kotak Mahindra Mutual Fund
100833;Kotak Liquid Fund - Regular  - Daily Reinvestment of Income Distribution cum capital withdrawal option;;INF174K01NL3;12.2281;12.2281;12.2281;13-Nov-2011
100835;Kotak Liquid Fund - Regular Plan - Growth;INF174K01NI9;;20.9931;20.9931;20.9931;13-Nov-2011
100831;Kotak Liquid Fund -Institutional Plan - (Daily Dividend);;INF174K01GA0;12.2281;12.2281;12.2281;13-Nov-2011
100834;Kotak Liquid Fund Regular Plan Weekly Reinvestment of Income Distribution cum capital withdrawal option Dividend;INF174K01NK5;;10.0746;10.0746;10.0746;13-Nov-2011
100830;Kotak Liquid-Institutional Plan  (Growth);INF174K01FZ9;;20.3099;20.3099;20.3099;13-Nov-2011
100832;Kotak Liquid-Institutional Plan (Weekly Dividend);;INF174K01GB8;10.1021;10.1021;10.1021;13-Nov-2011
100828;Kotak Liquid-Regular (Dividend);;INF174K01FY2;10.0331;10.0331;10.0331;13-Nov-2011
100829;Kotak Liquid-Regular (Growth);INF174K01NM1;;19.8286;19.8286;19.8286;13-Nov-2011

L&T Mutual Fund
112445;L&T Liquid Fund -Regular Plan - Daily IDCW;INF917K01JB4;;10.1163;10.1163;10.1163;13-Nov-2011
112457;L&T Liquid Fund -Regular Plan - Growth;INF917K01JH1;;14.1987;14.1987;14.1987;13-Nov-2011
112456;L&T Liquid Fund-Cum -Institutional Plus;INF917K01BJ4;;20.8174;20.8174;20.8174;13-Nov-2011
112442;L&T Liquid Fund-Regular Cumulative;INF917K01BF2;;20.4789;20.4789;20.4789;13-Nov-2011
112483;L&T Liquid Fund - Institutional Plus Weekly Dividend;INF917K01BH8;INF917K01BI6;13.7035;13.7035;13.7035;13-Nov-2011

LIC Mutual Fund
101184;LIC MF Liquid Fund-Regular Plan-Daily IDCW;INF767K01IQ3;INF767K01IR1;10.9801;10.9801;10.9801;13-Nov-2011
101185;LIC MF Liquid Fund-Regular Plan-Growth;INF767K01IS9;;18.8593;18.8593;18.8593;13-Nov-2011

Mirae Asset Mutual Fund
111647;Mirae Asset Liquid Fund - Regular - Daily IDCW;;INF769K01804;1036.0689;1036.0689;1036.0689;13-Nov-2011
111646;Mirae Asset Liquid Fund - Regular Plan - Growth;INF769K01788;;1129.2125;1129.2125;1129.2125;13-Nov-2011
111645;Mirae Asset Liquid Fund - Regular Plan - Monthly IDCW;INF769K01838;INF769K01820;1123.4136;1123.4136;1123.4136;13-Nov-2011
111644;Mirae Asset Liquid Fund - Regular Plan - Weekly IDCW;INF769K01PC4;INF769K01812;1120.6976;1120.6976;1120.6976;13-Nov-2011

Navi Mutual Fund
112645;Navi Liquid Fund - Regular Plan Daily IDCW;;INF959L01GM7;10.0015;10.0015;10.0015;13-Nov-2011
112647;Navi Liquid Fund - Regular Plan Monthly IDCW;INF959L01GN5;INF959L01GO3;10.0401;10.0401;10.0401;13-Nov-2011
112646;Navi Liquid Fund - Regular Plan Weekly IDCW;INF959L01GP0;INF959L01GQ8;10.0140;10.0140;10.0140;13-Nov-2011
112637;Navi Liquid Fund-Institutional Plan-Dividend Option-Daily;;INF959L01197;10.0015;10.0015;10.0015;13-Nov-2011
112640;Navi Liquid Fund-Institutional Plan-Growth;INF959L01247;;11.2441;11.2441;11.2441;13-Nov-2011
112636;Navi Liquid Fund-Regular Plan-Growth Option;INF959L01GL9;;11.2987;11.2987;11.2987;13-Nov-2011
112641;Navi Liquid Fund-Retail Plan-Dividend Option-Daily;;INF959L01254;10.0015;10.0015;10.0015;13-Nov-2011
112643;Navi Liquid Fund-Retail Plan-Dividend Option-Monthly;INF959L01262;INF959L01270;10.0333;10.0333;10.0333;13-Nov-2011
112642;Navi Liquid Fund-Retail Plan-Dividend Option-Weekly;INF959L01288;INF959L01296;10.0108;10.0108;10.0108;13-Nov-2011
112644;Navi Liquid Fund-Retail Plan-Growth;INF959L01304;;11.1753;11.1753;11.1753;13-Nov-2011

Nippon India Mutual Fund
100852;NIPPON INDIA LIQUID FUND - DAILY IDCW OPTION;;INF204K01UM1;15.2874;15.2874;15.2874;13-Nov-2011
100855;NIPPON INDIA LIQUID FUND - MONTHLY IDCW OPTION;INF204K01UO7;INF204K01UP4;21.8418;21.8418;21.8418;13-Nov-2011
100837;Nippon India Liquid Fund - Retail Option - Growth Plan;INF204K01UL3;;24.6700;24.6700;24.6700;13-Nov-2011
100842;NIPPON INDIA LIQUID FUND - RETAIL Plan - DAILY IDCW OPTION;;INF204K01UJ7;15.2428;15.2428;15.2428;13-Nov-2011
100843;NIPPON INDIA LIQUID FUND - RETAIL plan - MONTHLY IDCW OPTION;INF204K01UT6;INF204K01UU4;13.3672;13.3672;13.3672;13-Nov-2011
100844;NIPPON INDIA LIQUID FUND - RETAIL Plan - QUARTERLY IDCW OPTION;INF204K01UV2;INF204K01UW0;12.3106;12.3106;12.3106;13-Nov-2011
100838;NIPPON INDIA LIQUID FUND - RETAIL Plan - WEEKLY IDCW OPTION;;INF204K01UK5;10.3465;10.3465;10.3465;13-Nov-2011
100853;NIPPON INDIA LIQUID FUND - WEEKLY IDCW OPTION;INF204KC1FM8;INF204K01US8;15.3103;15.3103;15.3103;13-Nov-2011
100851;Nippon India Liquid Fund -Growth Plan;INF204K01UN9;;25.1923;25.1923;25.1923;13-Nov-2011
100849;Reliance Liquid Fund-Cash Plan-Daily Dividend Reinvestment Option;;;11.1415;11.1415;11.1415;13-Nov-2011
100845;Reliance Liquid Fund-Cash Plan-Growth Plan;;;16.7747;16.7747;16.7747;13-Nov-2011
114251;Reliance Liquid Fund-Cash Plan-Monthly Dividend Plan;;;10.0738;10.0738;10.0738;13-Nov-2011
114252;Reliance Liquid Fund-Cash Plan-Quarterly Dividend Plan;;;10.1648;10.1648;10.1648;13-Nov-2011
100848;Reliance Liquid Fund-Cash Plan-Weekly Dividend Reinvestment Option;;;10.9221;10.9221;10.9221;13-Nov-2011

Principal Mutual Fund
100895;Principal Cash Management Fund - Daily Income Distribution CUM Capital Withdrawal;;INF173K01DB7;10.0007;10.0007;10.0007;13-Nov-2011
100897;Principal Cash Management Fund - Monthly Income Distribution CUM Capital Withdrawal Option;INF173K01BV9;INF173K01BW7;10.1527;10.1527;10.1527;13-Nov-2011
100896;Principal Cash Management Fund - Weekly Income Distribution CUM Capital Withdrawal Option;;INF173K01DC5;10.0698;10.0698;10.0698;13-Nov-2011
100898;Principal Cash Management Fund -Growth Option;INF173K01DA9;;16.0965;16.0965;16.0965;13-Nov-2011

quant Mutual Fund
103225;quant Liquid Fund - Growth Option - Regular Plan;INF966L01317;;15.8131;15.8131;15.8131;13-Nov-2011
103228;quant Liquid Fund - Monthly IDCW Option - Regular Plan;INF966L01291;INF966L01309;15.0227;15.0227;15.0227;13-Nov-2011
103227;quant Liquid Fund - Weekly IDCW Option - Regular Plan;INF966L01499;INF966L01283;13.1722;13.1722;13.1722;13-Nov-2011
103226;quant Liquid Fund-Daily IDCW Option - Regular Plan;;INF966L01275;13.5584;13.5584;13.5584;13-Nov-2011

Quantum Mutual Fund
103736;Quantum Liquid Fund - Direct Plan Daily IDCW;;INF082J01135;10.0000;10.0000;10.0000;13-Nov-2011
103734;Quantum Liquid Fund - Direct Plan Growth Option;INF082J01127;;14.7223;14.7223;14.7223;13-Nov-2011
103735;Quantum Liquid Fund - Direct Plan Monthly IDCW;INF082J01143;INF082J01200;10.0453;10.0453;10.0453;13-Nov-2011

SBI Mutual Fund
105274;SBI Liquid Fund - Institutional - Growth;INF200K01LU1;;16.4413;16.4413;16.4413;13-Nov-2011
105275;SBI Liquid Fund - Institutional Daily Income Distribution cum Capital Withdrawal Option (IDCW);;INF200K01LR7;10.0325;10.0325;10.0325;13-Nov-2011
105279;SBI Liquid Fund - Institutional Fortnightly Income Distribution cum Capital Withdrawal Option (IDCW);INF200K01LS5;INF200K01LT3;10.1995;10.1995;10.1995;13-Nov-2011
105278;SBI Liquid Fund - Institutional Weekly Income Distribution cum Capital Withdrawal Option (IDCW);INF200K01LV9;INF200K01LW7;10.6061;10.6061;10.6061;13-Nov-2011
105281;SBI Liquid Fund - Regular Plan - Daily Income Distribution cum Capital Withdrawal Option (IDCW);;INF200K01LX5;10.0325;10.0325;10.0325;13-Nov-2011
105283;SBI Liquid Fund - Regular Plan - Fortnightly Income Distribution cum Capital Withdrawal Option (IDCW);INF200K01LY3;INF200K01LZ0;N.A.;N.A.;N.A.;13-Nov-2011
105282;SBI Liquid Fund - Regular Plan - Weekly Income Distribution cum Capital Withdrawal Option (IDCW);INF200K01MB9;INF200K01MC7;N.A.;N.A.;N.A.;13-Nov-2011
105280;SBI Liquid Fund - REGULAR PLAN -Growth;INF200K01MA1;;16.2740;16.2740;16.2740;13-Nov-2011

Sundaram Mutual Fund
102701;Sundaram Money Fund Institutional Plan - Daily Reinvestment of Income Distribution cum Capital Withdrawal (IDCW);;INF903J01GP2;10.0953;10.0953;10.0953;13-Nov-2011
102702;Sundaram Money Fund Institutional Plan - Fortnightly Reinvestment of Income Distribution cum Capital Withdrawal (IDCW);;INF903J01GR8;0.0000;0.0000;0.0000;13-Nov-2011
102703;Sundaram Money Fund Institutional Plan - Growth;INF903J01GN7;;21.4019;21.4019;21.4019;13-Nov-2011
102704;Sundaram Money Fund Institutional Plan - Monthly Income Distribution cum Capital Withdrawal (IDCW);INF903J01GO5;INF903J01GS6;10.3938;10.3938;10.3938;13-Nov-2011
102705;Sundaram Money Fund Institutional Plan - Quarterly Reinvestment of Income Distribution cum Capital Withdrawal (IDCW);;INF903J01GT4;0.0000;0.0000;0.0000;13-Nov-2011
102706;Sundaram Money Fund Institutional Plan - Weekly Reinvestment of Income Distribution cum Capital Withdrawal (IDCW);;INF903J01GQ0;0.0000;0.0000;0.0000;13-Nov-2011
103392;Sundaram Money Fund Regular Plan - Daily Reinvestment of Income Distribution cum Capital Withdrawal (IDCW);;INF903J01GW8;10.0953;10.0953;10.0953;13-Nov-2011
103395;Sundaram Money Fund Regular Plan - Fortnightly Reinvestment of Income Distribution cum Capital Withdrawal (IDCW);;INF903J01GY4;0.0000;0.0000;0.0000;13-Nov-2011
103397;Sundaram Money Fund Regular Plan - Growth;INF903J01GU2;;21.8170;21.8170;21.8170;13-Nov-2011
103396;Sundaram Money Fund Regular Plan - Monthly Income Distribution cum Capital Withdrawal (IDCW);INF903J01GV0;INF903J01GZ1;0.0000;0.0000;0.0000;13-Nov-2011
103393;Sundaram Money Fund Regular Plan - Quarterly Reinvestment of Income Distribution cum Capital Withdrawal (IDCW);;INF903J01HA2;0.0000;0.0000;0.0000;13-Nov-2011
100620;Sundaram Money Fund Retail Plan - Daily Reinvestment of Income Distribution cum Capital Withdrawal (IDCW);;INF903J01GI7;10.0953;10.0953;10.0953;13-Nov-2011
100622;Sundaram Money Fund Retail Plan - Fortnightly Reinvestment of Income Distribution cum Capital Withdrawal (IDCW);;INF903J01GK3;10.5068;10.5068;10.5068;13-Nov-2011
100618;Sundaram Money Fund Retail Plan - Growth;INF903J01GG1;;20.7940;20.7940;20.7940;13-Nov-2011
100623;Sundaram Money Fund Retail Plan - Monthly Income Distribution cum Capital Withdrawal (IDCW);INF903J01GH9;INF903J01GL1;10.3367;10.3367;10.3367;13-Nov-2011
100619;Sundaram Money Fund Retail Plan - Quarterly Reinvestment of Income Distribution cum Capital Withdrawal (IDCW);;INF903J01GM9;11.6374;11.6374;11.6374;13-Nov-2011
100621;Sundaram Money Fund Retail Plan - Weekly Reinvestment of Income Distribution cum Capital Withdrawal (IDCW);;INF903J01GJ5;10.7864;10.7864;10.7864;13-Nov-2011
103394;Sundaram Money Fund Regular Plan - Weekly Reinvestment of Income Distribution cum Capital Withdrawal (IDCW);;INF903J01GX6;0.0000;0.0000;0.0000;13-Nov-2011

Tata Mutual Fund
102672;Tata Liquid Fund -Regular Plan - Growth Option;INF277K01YD8;;16.2450;16.2450;16.2450;13-Nov-2011
101714;Tata Liquid Fund- Regular Plan - Daily Reinvestment of IDCW Option;;INF277K011D4;10.0152;10.0152;10.0152;13-Nov-2011

Taurus Mutual Fund
111915;Taurus Liquid Fund - Regular Plan - SI Growth Option;INF044D01534;;1114.9162;1114.9162;1114.9162;13-Nov-2011
113248;Taurus Liquid Fund - Regular Plan - SI Weekly Dividend Option;;INF044D01526;1000.7380;1000.7380;1000.7380;13-Nov-2011
111703;Taurus Liquid Fund - Regular Plan -SI Daily Dividend Option;;INF044D01518;1000.0905;1000.0905;1000.0905;13-Nov-2011
111547;Taurus Liquid Fund Insti DDRIP;;INF044D01484;1000.0905;1000.0905;1000.0905;13-Nov-2011
111760;Taurus Liquid Fund Insti Growth;INF044D01500;;1136.9197;1136.9197;1136.9197;13-Nov-2011
104240;Taurus Liquid Fund-Dividend;INF044D01542;INF044D01559;1001.2175;1001.2175;1001.2175;13-Nov-2011
104241;Taurus Liquid Fund-Growth;INF044D01575;;1357.0422;1357.0422;1357.0422;13-Nov-2011

Union Mutual Fund
115401;Union Liquid Fund - Daily IDCW Option;;INF582M01021;1000.1800;1000.1800;1000.1800;13-Nov-2011
115399;Union Liquid Fund - Fortnightly IDCW Option;INF582M01062;INF582M01047;1000.1800;1000.1800;1000.1800;13-Nov-2011
115398;Union Liquid Fund - Growth Option;INF582M01013;;1036.2391;1036.2391;1036.2391;13-Nov-2011
115400;Union Liquid Fund - Monthly IDCW Option;INF582M01070;INF582M01054;1004.4035;1004.4035;1004.4035;13-Nov-2011
115402;Union Liquid Fund - Weekly IDCW Option;;INF582M01039;1001.1723;1001.1723;1001.1723;13-Nov-2011

UTI Mutual Fund
102010;UTI Liquid Fund - Regular Plan - Daily IDCW (Reinvestment);;INF789F01PG3;1019.4457;1019.4457;1019.4457;13-Nov-2011
102011;UTI Liquid Fund - Regular Plan - Monthly IDCW;INF789F01PI9;INF789F01PJ7;1028.1909;1028.1909;1028.1909;13-Nov-2011
102013;UTI Liquid Fund - Regular Plan - Weekly IDCW;;INF789F01PK5;1042.4816;1042.4816;1042.4816;13-Nov-2011
102012;UTI-  Liquid Cash Plan - Regular Plan - Growth Option;INF789F01PH1;;1698.6314;1698.6314;1698.6314;13-Nov-2011
102008;UTI-  Liquid Cash Plan- Discontinued - Regular Plan - Monthly Dividend Option;INF789F01BC2;INF789F01BA6;1096.4694;1096.4694;1096.4694;13-Nov-2011
102009;UTI-  Liquid Cash Plan- Discontinued - Regular Plan -Growth;INF789F01BB4;;1660.444;1660.444;1660.444;13-Nov-2011
102007;UTI-  Liquid Cash Plan- Discontinued -Regular Plan Periodic Dividend Option;;INF789F01AZ5;1093.246;1093.246;1093.246;13-Nov-2011

Open Ended Schemes ( Debt Scheme - Ultra Short Duration Fund )


Principal Mutual Fund
107329;Principal Ultra Short Term Fund-Daily Income Distribution CUM Capital Withdrawal Option;;INF173K01CV7;10.0543;10.0543;10.0543;13-Nov-2011
107328;Principal Ultra Short Term Fund-Growth Option;INF173K01CU9;;11.5611;11.5611;11.5611;13-Nov-2011
107332;Principal Ultra Short Term Fund-Weekly Income Distribution CUM Capital Withdrawal Option;;INF173K01CW5;10.1259;10.1259;10.1259;13-Nov-2011

SBI Mutual Fund
105080;SBI Ultra Short Duration Fund - Regular Plan - Daily Income Distribution cum Capital Withdrawal Option (IDCW);;INF200K01LK2;16.7503;16.7503;16.7503;13-Nov-2011
100641;SBI ULTRA SHORT DURATION FUND - REGULAR PLAN - GROWTH;INF200K01LJ4;;22.9510;22.9510;22.9510;13-Nov-2011
103884;SBI Ultra Short Duration Fund - Regular Plan - Weekly Income Distribution cum Capital Withdrawal Option (IDCW);INF200K01LM8;INF200K01LL0;10.7784;10.7784;10.7784;13-Nov-2011

Open Ended Schemes ( Debt Scheme - Money Market Fund )


Aditya Birla Sun Life Mutual Fund
101973;Aditya Birla Sun Life Money Manager Fund - Daily IDCW;;INF209K01SZ6;100.0200;100.0200;100.0200;13-Nov-2011
101976;Aditya Birla Sun Life Money Manager Fund - Growth;INF209K01RV7;;137.3437;137.3437;137.3437;13-Nov-2011
101972;Aditya Birla Sun Life Money Manager Fund - Retail - Daily IDCW;;INF209K01JZ5;100.0150;100.0150;100.0150;13-Nov-2011
101970;Aditya Birla Sun Life Money Manager Fund - RETAIL - WEEKLY IDCW;;INF209K01JY8;103.7953;103.7953;103.7953;13-Nov-2011
101971;Aditya Birla Sun Life Money Manager Fund - Retail Growth;INF209K01MJ3;;170.3270;170.3270;170.3270;13-Nov-2011
101974;Aditya Birla Sun Life Money Manager Fund - WEEKLY IDCW;;INF209K01SY9;100.1260;100.1260;100.1260;13-Nov-2011

HDFC Mutual Fund
101994;HDFC Money Market Fund - Daily IDCW Option;;INF179KB1IG6;10.6364;10.6364;10.6364;13-Nov-2011
101993;HDFC Money Market Fund - Growth Option;INF179KB1HR5;;21.6177;21.6177;21.6177;13-Nov-2011
101995;HDFC Money Market Fund - Weekly IDCW Option;INF179KB1IH4;INF179KB1II2;10.6298;10.6298;10.6298;13-Nov-2011

ICICI Prudential Mutual Fund
115328;ICICI Prudential Money Market Fund Dividend;INF109K01I72;;100.0020;100.0020;100.0020;13-Nov-2011
101221;ICICI Prudential Money Market Fund Retail Growth (erstwhile Cash Option);INF109K01TW3;;164.7067;164.7067;164.7067;13-Nov-2011
103634;ICICI Prudential Money Market Fund Option - Daily IDCW;INF109K01TY9;;100.0115;100.0115;100.0115;13-Nov-2011
103633;ICICI Prudential Money Market Fund Option - Growth;INF109K01TX1;;143.1031;143.1031;143.1031;13-Nov-2011
103637;ICICI Prudential Money Market Fund Option - Monthly IDCW;INF109K01UC3;INF109K01UB5;100.8190;100.8190;100.8190;13-Nov-2011
103635;ICICI Prudential Money Market Fund Option - Weekly IDCW;INF109K01TZ6;;100.2140;100.2140;100.2140;13-Nov-2011
103636;ICICI Prudential Money Market Fund Option -Fortnightly IDCW;INF109K01UA7;;100.6998;100.6998;100.6998;13-Nov-2011

Kotak Mahindra Mutual Fund
106842;Kotak Money Market Fund - (Daily Reinvestment of Income Distribution cum capital withdrawal option);INF174K01ND0;;10.1162;10.1162;10.1162;13-Nov-2011
101893;Kotak Money Market Fund - (Growth);INF174K01NA6;;16.9411;16.9411;16.9411;13-Nov-2011
101892;Kotak Money market Fund - (Monthly Payout of Income Distribution cum capital withdrawal option);INF174K018O0;INF174K01NB4;10.0927;10.0927;10.0927;13-Nov-2011
101894;Kotak Money Market Fund - (Weekly Reinvestment of Income Distribution cum capital withdrawal option);INF174K01NC2;;10.1321;10.1321;10.1321;13-Nov-2011

Nippon India Mutual Fund
103050;NIPPON INDIA MONEY MARKET FUND - DAILY IDCW Option;;INF204K01UY6;10.0051;10.0051;10.0051;13-Nov-2011
103051;NIPPON INDIA MONEY MARKET FUND - WEEKLY IDCW Option;;INF204K01UZ3;10.0084;10.0084;10.0084;13-Nov-2011
103048;Nippon India Money Market Fund-Growth Plan-Growth Option;INF204K01VA4;;15.5891;15.5891;15.5891;13-Nov-2011

quant Mutual Fund
103465;Quant Money Market Fund-Dividend Option;INF966L01382;INF966L01390;14.4442;14.4442;14.4442;13-Nov-2011
103464;Quant Money Market Fund-Growth Option;INF966L01408;;15.3979;15.3979;15.3979;13-Nov-2011

Tata Mutual Fund
101986;Tata Money Market Fund- Regular Plan - Daily Reinvestment of IDCW Option;;INF277K014C0;1114.5200;1114.5200;1114.5200;13-Nov-2011
101847;Tata Money Market Fund-Regular Plan - Growth Option;INF277K01LQ7;;1910.9809;1910.9809;1910.9809;13-Nov-2011

UTI Mutual Fund
112077;UTI MMF - Regular Plan - Growth Option;INF789F01PX8;;1159.0495;1159.0495;1159.0495;13-Nov-2011
100724;UTI MMF- Discontinued - Regular Plan - Flexi Dividend Option;;INF789F01BD0;1927.1274;1927.1274;1927.1274;13-Nov-2011
100725;UTI MMF- Discontinued - Regular Plan - Periodic Dividend Option;INF789F01BE8;;1918.1107;1918.1107;1918.1107;13-Nov-2011
100723;UTI MMF-Discontinued - Regular Plan -Growth;INF789F01BF5;;2867.6681;2867.6681;2867.6681;13-Nov-2011
112076;UTI Money Market Fund - Regular Plan - Daily IDCW (Reinvestment);;INF789F01PW0;1003.3854;1003.3854;1003.3854;13-Nov-2011
112635;UTI Money Market Fund - Regular Plan - Weekly IDCW;INF789F01PY6;INF789F01PZ3;1014.5507;1014.5507;1014.5507;13-Nov-2011

Open Ended Schemes ( Debt Scheme - Floater Fund )


Franklin Templeton Mutual Fund
101048;Franklin India Floating Rate Fund - Growth Plan;INF090I01LM7;;17.3363;17.3363;17.3363;13-Nov-2011
101044;Franklin India Floating Rate Fund - IDCW ;INF090I01LN5;;10.0002;10.0002;10.0002;13-Nov-2011

Close Ended Schemes ( Income )


SBI Mutual Fund
114781;SBI Capital Protection Oriented Fund - Series II -;INF200K01ED2;;10.3607;N.A.;N.A.;13-Nov-2011
115824;SBI Capital Protection Oriented Fund - Series III - Growth;INF200K01IH4;;10.0736;N.A.;N.A.;13-Nov-2011
114554;SBI Debt Fund Series - 15 Months - 6 Dividend;INF200K01EA8;;10.7114;N.A.;N.A.;13-Nov-2011
114555;SBI Debt Fund Series - 15 Months - 6 Growth;INF200K01DZ7;;10.7626;N.A.;N.A.;13-Nov-2011
114442;SBI Debt Fund Series - 18 Months - 6 - Dividend Option;INF200K01CI5;;10.7232;N.A.;N.A.;13-Nov-2011
114443;SBI Debt Fund Series - 18 Months - 6 - Growth Option;INF200K01CH7;;10.7230;N.A.;N.A.;13-Nov-2011
115899;SBI DEBT FUND SERIES - 18 Months - 7 - DIVIDEND;INF200K01GX5;;10.0867;N.A.;N.A.;13-Nov-2011
115900;SBI DEBT FUND SERIES - 18 Months - 7 - GROWTH;INF200K01GW7;;10.0867;N.A.;N.A.;13-Nov-2011
116016;SBI DEBT FUND SERIES - 18 Months - 8 - DIVIDEND;INF200K01GY3;;10.0516;N.A.;N.A.;13-Nov-2011
116017;SBI DEBT FUND SERIES - 18 Months - 8 - GROWTH;INF200K01GZ0;;10.0516;N.A.;N.A.;13-Nov-2011
113275;SBI Debt Fund Series - 24 Months - 2 - Dividend;INF200K01CK1;;10.7798;N.A.;N.A.;13-Nov-2011
113363;SBI Debt Fund Series - 24 Months - 2 - Growth;INF200K01CJ3;;10.7809;N.A.;N.A.;13-Nov-2011
115263;SBI SDFS - 36 MONTHS - 1 - DIVIDEND;INF200K01EC4;;10.4575;N.A.;N.A.;13-Nov-2011
115262;SBI SDFS - 36 MONTHS - 1 - GROWTH;INF200K01EB6;;10.4576;N.A.;N.A.;13-Nov-2011
115598;SBI DEBT FUND SERIES - 367 DAYS - 4 - DIVIDEND;INF200K01GF2;;10.2698;N.A.;N.A.;13-Nov-2011
115599;SBI DEBT FUND SERIES - 367 DAYS 4 - GROWTH;INF200K01GE5;;10.2698;N.A.;N.A.;13-Nov-2011
115075;SBI Debt Fund Series - 370 Days 13 - Dividend Payout;INF200K01EJ9;;10.5391;N.A.;N.A.;13-Nov-2011
115076;SBI Debt Fund Series - 370 Days 13 - Growth;INF200K01EI1;;10.5394;N.A.;N.A.;13-Nov-2011
115012;SBI DEBT FUND SERIES - 370 DAYS 11 - GROWTH;INF200K01EE0;;10.6352;N.A.;N.A.;13-Nov-2011
115013;SBI DEBT FUND SERIES - 370 DAYS 11- DIVIDEND;INF200K01EF7;;10.6349;N.A.;N.A.;13-Nov-2011
115048;SBI Debt Fund Series - 370 Days 12 - Dividend Payout;INF200K01EH3;;10.5528;N.A.;N.A.;13-Nov-2011
115047;SBI Debt Fund Series - 370 Days 12 - Growth;INF200K01EG5;;10.5528;N.A.;N.A.;13-Nov-2011
115260;SBI DEBT FUND SERIES - 370 DAYS - 15 - DIVIDEND;INF200K01EN1;;10.4662;N.A.;N.A.;13-Nov-2011
115261;SBI DEBT FUND SERIES - 370 DAYS - 15 - GROWTH;INF200K01EM3;;10.4663;N.A.;N.A.;13-Nov-2011
113321;SBI Debt Fund Series - 60 Months - 1 - Dividend;INF200K01CQ8;;10.5550;N.A.;N.A.;13-Nov-2011
113401;SBI Debt Fund Series - 60 Months - 1 - Growth;INF200K01CP0;;10.5549;N.A.;N.A.;13-Nov-2011
115879;SBI DEBT FUND SERIES - 90 DAYS - 49 - DIVIDEND;;;10.1192;N.A.;N.A.;13-Nov-2011
115880;SBI DEBT FUND SERIES - 90 DAYS 49 - GROWTH;;;10.1192;N.A.;N.A.;13-Nov-2011
115919;SBI DEBT FUND SERIES - 90 DAYS - 50 - DIVIDEND;INF200K01FB3;;10.0862;N.A.;N.A.;13-Nov-2011
115920;SBI DEBT FUND SERIES - 90 DAYS 50 - GROWTH;INF200K01FA5;;10.0862;N.A.;N.A.;13-Nov-2011
115467;SBI SDFS 180 DAYS - 20 - DIVIDEND PAYOUT;;;10.3635;N.A.;N.A.;13-Nov-2011
115468;SBI SDFS 180 DAYS - 20 - GROWTH;;;10.3636;N.A.;N.A.;13-Nov-2011
115679;SBI SDFS 180 DAYS - 21 - DIVIDEND PAYOUT;INF200K01FR9;;10.1808;N.A.;N.A.;13-Nov-2011
115678;SBI SDFS 180 DAYS - 21 - GROWTH;INF200K01FQ1;;10.2187;N.A.;N.A.;13-Nov-2011
115343;SBI SDFS 180 DAYS 19 - DIVIDEND PAYOUT;;;10.4248;N.A.;N.A.;13-Nov-2011
115344;SBI SDFS 180 DAYS 19 - GROWTH;;;10.4248;N.A.;N.A.;13-Nov-2011
115347;SBI SDFS 367 DAYS - 1 - DIVIDEND PAYOUT;INF200K01FZ2;;10.4195;N.A.;N.A.;13-Nov-2011
115348;SBI SDFS 367 DAYS - 1 - GROWTH;INF200K01FY5;;10.4196;N.A.;N.A.;13-Nov-2011
115449;SBI SDFS 367 DAYS - 2 - DIVIDEND PAYOUT;INF200K01GB1;;10.3188;N.A.;N.A.;13-Nov-2011
115450;SBI SDFS 367 DAYS - 2 - GROWTH;INF200K01GA3;;10.3692;N.A.;N.A.;13-Nov-2011
115558;SBI SDFS 367 DAYS - 3 - DIVIDEND PAYOUT;INF200K01GD7;;10.3093;N.A.;N.A.;13-Nov-2011
115559;SBI SDFS 367 DAYS - 3 - GROWTH;INF200K01GC9;;10.3092;N.A.;N.A.;13-Nov-2011
115640;SBI DEBT FUND SERIES 367 DAYS - 5 - DIVIDEND;INF200K01GH8;;10.2222;N.A.;N.A.;13-Nov-2011
115639;SBI DEBT FUND SERIES 367 DAYS 5 - GROWTH;INF200K01GG0;;10.2222;N.A.;N.A.;13-Nov-2011
115855;SBI DEBT FUND SERIES 367 DAYS - 6 - DIVIDEND;INF200K01GJ4;;10.1330;N.A.;N.A.;13-Nov-2011
115856;SBI DEBT FUND SERIES 367 DAYS 6 - GROWTH;INF200K01GI6;;10.1335;N.A.;N.A.;13-Nov-2011
115958;SBI DEBT FUND SERIES 367 DAYS - 7 - DIVIDEND;INF200K01GL0;;10.0758;N.A.;N.A.;13-Nov-2011
115959;SBI DEBT FUND SERIES 367 DAYS 7 - GROWTH;INF200K01GK2;;10.0758;N.A.;N.A.;13-Nov-2011
116021;SBI DEBT FUND SERIES 367 DAYS - 8 - DIVIDEND;INF200K01GM8;;10.0475;N.A.;N.A.;13-Nov-2011
116022;SBI DEBT FUND SERIES 367 DAYS 8 - GROWTH;INF200K01GN6;;10.0475;N.A.;N.A.;13-Nov-2011
116058;SBI DEBT FUND SERIES 367 DAYS - 9 - DIVIDEND;INF200K01GO4;;10.0303;N.A.;N.A.;13-Nov-2011
116059;SBI DEBT FUND SERIES 367 DAYS - 9 - GROWTH;INF200K01GP1;;10.0303;N.A.;N.A.;13-Nov-2011
114723;SBI DEBT FUND SERIES 370 DAYS 10 - GROWTH;INF200K01DV6;;10.7050;N.A.;N.A.;13-Nov-2011
114722;SBI DEBT FUND SERIES 370 DAYS 10- Dividend;INF200K01DW4;;10.7049;N.A.;N.A.;13-Nov-2011
114839;REDEEMED-SBI Debt Fund Series - 13 Months 11 - Dividend Payout;INF200K01DY0;;10.6446;N.A.;N.A.;13-Nov-2011
114838;REDEEMED-SBI Debt Fund Series 13 Months 11 - Growth;INF200K01DX2;;10.6448;N.A.;N.A.;13-Nov-2011
114343;Z-REDEEMED-SBI Debt Fund Series - 18 Months - 4 - Dividend Option;INF200K01CE4;;10.7235;N.A.;N.A.;13-Nov-2011
114303;Z-REDEEMED-SBI Debt Fund Series - 18 Months - 4 - Growth Option;INF200K01CD6;;10.7745;N.A.;N.A.;13-Nov-2011
114388;Z-REDEEMED-SBI Debt Fund Series - 18 Months - 5 - Dividend Option;INF200K01CG9;;10.7347;N.A.;N.A.;13-Nov-2011
114389;Z-REDEEMED-SBI Debt Fund Series - 18 Months - 5 - Growth Option;INF200K01CF1;;10.7345;N.A.;N.A.;13-Nov-2011
115978;Z-REDEEMED-SBI DEBT FUND SERIES - 180 DAYS - 22 - DIVIDEND;INF200K01FS7;;10.0686;N.A.;N.A.;13-Nov-2011
115979;Z-REDEEMED-SBI DEBT FUND SERIES - 180 DAYS - 22 - GROWTH;INF200K01FT5;;10.0694;N.A.;N.A.;13-Nov-2011
115152;Z-REDEEMED-SBI Debt Fund Series - 370 days - 14 - Dividend Payout;INF200K01EL5;;10.5034;N.A.;N.A.;13-Nov-2011
115151;Z-REDEEMED-SBI Debt Fund Series - 370 Days - 14 - Growth;INF200K01EK7;;10.5033;N.A.;N.A.;13-Nov-2011
114194;Z-REDEEMED-SBI Debt Fund Series - 370 Days - 8 - Dividend;;;10.7668;N.A.;N.A.;13-Nov-2011
114311;Z-REDEEMED-SBI Debt Fund Series - 370 Days - 8 - Growth;;;10.8201;N.A.;N.A.;13-Nov-2011
114620;Z-REDEEMED-SBI Debt Fund Series - 370 Days - 9 - Dividend;INF200K01DU8;;10.7402;N.A.;N.A.;13-Nov-2011
114619;Z-REDEEMED-SBI Debt Fund Series - 370 Days - 9 - Growth;INF200K01DT0;;10.7389;N.A.;N.A.;13-Nov-2011
