Scheme Code;Scheme Name;ISIN Div Payout/ISIN Growth;ISIN Div Reinvestment;Net Asset Value;Repurchase Price;Sale Price;Date

Open Ended Schemes ( Liquid )


ING Mutual Fund
100198;ING Liquid Fund-Institutional Daily Dividend Option;INF084M01473;;10.0121;10.0121;10.0121;21-Aug-2010
100196;ING Liquid Fund-Institutional Growth Option;INF084M01465;;14.7172;14.7172;14.7172;21-Aug-2010
100197;ING Liquid Fund-Institutional Weekly Dividend Option;INF084M01499;INF084M01481;10.0615;10.0615;10.0615;21-Aug-2010
100192;ING Liquid Fund-Regular Daily Dividend Option;INF084M01432;;10.7873;10.7873;10.7873;21-Aug-2010
100190;ING Liquid Fund-Regular Growth Option;INF084M01424;;19.6271;19.6271;19.6271;21-Aug-2010
100191;ING Liquid Fund-Regular Weekly Dividend Option;INF084M01457;INF084M01440;10.8323;10.8323;10.8323;21-Aug-2010
100200;ING Liquid Fund-Super Institutional Daily Dividend Option;INF084M01515;;10.0048;10.0048;10.0048;21-Aug-2010
100199;ING Liquid Fund-Super Institutional Growth Option;INF084M01507;;14.0025;14.0025;14.0025;21-Aug-2010
100201;ING Liquid Fund-Super Institutional Weekly Dividend Option;INF084M01531;INF084M01523;10.0000;10.0000;10.0000;21-Aug-2010

PineBridge Mutual Fund
106513;PineBridge India Liquid Fund- Standard Plan-Daily Dividend Option;;INF178L01699;1001.0000;1001.0000;1001.0000;21-Aug-2010
106508;PineBridge India Liquid Fund- Standard Plan-Growth Option;INF178L01715;;1206.4655;1206.4655;1206.4655;21-Aug-2010
106509;PineBridge India Liquid Fund- Standard Plan-Weekly Dividend Option;;INF178L01764;1001.7413;1001.7413;1001.7413;21-Aug-2010
106506;PineBridge India Liquid Fund-Institutional Plan-Daily Dividend Option;;INF178L01616;1001.0000;1001.0000;1001.0000;21-Aug-2010
106511;PineBridge India Liquid Fund-Institutional Plan-Growth Option;INF178L01632;;1202.9524;1202.9524;1202.9524;21-Aug-2010
106507;PineBridge India Liquid Fund-Institutional Plan-Weekly Dividend Option;;INF178L01681;1001.7276;1001.7276;1001.7276;21-Aug-2010
106503;PineBridge India Liquid Fund-Retail Plan-DailyDividend Option;;INF178L01533;1001.0000;1001.0000;1001.0000;21-Aug-2010
106514;PineBridge India Liquid Fund-Retail Plan-Growth Option;INF178L01558;;1192.2411;1192.2411;1192.2411;21-Aug-2010
106504;PineBridge India Liquid Fund-Retail Plan-Monthly Dividend Option;INF178L01566;INF178L01574;1004.2094;1004.2094;1004.2094;21-Aug-2010
106516;PineBridge India Liquid Fund-Retail Plan-Quarterly Dividend Option;INF178L01582;INF178L01590;1008.8627;1008.8627;1008.8627;21-Aug-2010
106510;PineBridge India Liquid Fund-Retail Plan-Weekly Dividend Option;;INF178L01608;1001.6864;1001.6864;1001.6864;21-Aug-2010

Sahara Mutual Fund
101397;Sahara Liquid Fund-Fixed Pricing -  Weekly Dividend Option;;INF515L01064;1026.4232;1026.4232;1026.4232;21-Aug-2010
101393;Sahara Liquid Fund-Fixed Pricing - Daily Dividend Option;;INF515L01049;1024.9045;1024.9045;1024.9045;21-Aug-2010
101394;Sahara Liquid Fund-Fixed Pricing - Growth option;INF515L01056;;1700.3159;1700.3159;1700.3159;21-Aug-2010
101398;Sahara Liquid Fund-Fixed Pricing - Monthly Dividend Option;;INF515L01072;1027.9781;1027.9781;1027.9781;21-Aug-2010
101399;Sahara Liquid Fund-Variable Pricing - Daily Dividend option;;INF515L01080;1024.9262;1024.9262;1024.9262;21-Aug-2010
101402;Sahara Liquid Fund-Variable Pricing - Growth option;INF515L01114;;1713.6724;1713.6724;1713.6724;21-Aug-2010
101400;Sahara Liquid Fund-Variable Pricing - Weekly Dividend Option;;INF515L01098;1024.9240;1024.9240;1024.9240;21-Aug-2010
101401;Sahara Liquid Fund-Variable Pricing- Monthly Dividend Option;;INF515L01106;1028.3045;1028.3045;1028.3045;21-Aug-2010

Open Ended Schemes ( Debt Scheme - Overnight Fund )


SBI Mutual Fund
101206;SBI OVERNIGHT FUND - REGULAR PLAN - GROWTH;INF200K01LQ9;;16.1821;16.1821;16.1821;21-Aug-2010
103140;SBI Overnight Fund - Regular Plan - Weekly Income Distribution cum Capital Withdrawal Option (IDCW);INF200K01LO4;INF200K01LP1;10.3119;10.3119;10.3119;21-Aug-2010

Open Ended Schemes ( Debt Scheme - Liquid Fund )


Bandhan Mutual Fund
108692;BANDHAN LIQUID Fund - Regular Plan - Daily IDCW;INF194K01VZ4;INF194K01VY7;10.0025;10.0025;10.0025;21-Aug-2010
108690;BANDHAN LIQUID Fund - Regular Plan - Growth;INF194K01VX9;;11.4175;11.4175;11.4175;21-Aug-2010
108691;BANDHAN LIQUID Fund - Regular Plan - Weekly IDCW;INF194K01WI8;INF194K01WH0;10.0016;10.0016;10.0016;21-Aug-2010
108779;BANDHAN Liquid Fund-Plan A-Dividend (Daily);INF194K01VC3;INF194K01VB5;10.5819;10.5819;10.5819;21-Aug-2010
108778;BANDHAN Liquid Fund-Plan A-Growth;INF194K01UX1;;16.7163;16.7163;16.7163;21-Aug-2010
108607;BANDHAN Liquid Fund - Plan A-Dividend (Weekly);INF194K01VI0;INF194K01VH2;10.0115;10.0115;10.0115;21-Aug-2010
108781;BANDHAN Liquid Fund - Plan B (G) (Institutional Plan);INF194K01VK6;;16.8457;16.8457;16.8457;21-Aug-2010
108681;BANDHAN Liquid Fund - Plan B-Daily-Dividend(Institutional Plan);INF194K01VM2;INF194K01VL4;10.5873;10.5873;10.5873;21-Aug-2010

Canara Robeco Mutual Fund
109349;CANARA ROBECO LIQUID FUND - REGULAR PLAN - DAILY IDCW (Reinvestment);;INF760K01CU3;10.0550;10.0550;10.0550;21-Aug-2010
109353;CANARA ROBECO LIQUID FUND - REGULAR PLAN - GROWTH OPTION;INF760K01CW9;;11.4123;11.4123;11.4123;21-Aug-2010
109350;CANARA ROBECO LIQUID FUND - REGULAR PLAN - WEEKLY IDCW (Payout/Reinvestment);INF760K01BZ4;INF760K01CZ2;10.0598;10.0598;10.0598;21-Aug-2010
101363;Canara Robeco Liquid Fund- INSTITUTIONAL-Daily Dividend Reinvestment;;INF760K01CC1;10.0550;10.0550;10.0550;21-Aug-2010
101362;Canara Robeco Liquid Fund- INSTITUTIONAL-Growth;INF760K01CD9;;17.0588;17.0588;17.0588;21-Aug-2010
101361;Canara Robeco Liquid Fund- INSTITUTIONAL-Weekly dividend;;INF760K01CE7;10.0550;10.0550;10.0550;21-Aug-2010
109357;Canara Robeco Liquid Fund-Institutional-Fortnightly Div Reinvest;;INF760K01860;10.0550;10.0550;10.0550;21-Aug-2010
109355;Canara Robeco Liquid Fund-Regular Plan-Fortnightly Div Reinvest.;;INF760K01951;10.0550;10.0550;10.0550;21-Aug-2010
101364;Canara Robeco Liquid Fund-Retail-DRI;;INF760K01CF4;10.0700;10.0700;10.0700;21-Aug-2010
109346;Canara Robeco Liquid Fund-Retail-Fortnightly Div Reinvest;;INF760K01CG2;10.0594;10.0594;10.0594;21-Aug-2010
101365;Canara Robeco Liquid Fund-Retail-Growth;INF760K01CH0;;17.0211;17.0211;17.0211;21-Aug-2010
109347;Canara Robeco Liquid Fund-Retail-Monthly Div Reinvest;;INF760K01CI8;10.0891;10.0891;10.0891;21-Aug-2010
109356;Canara Robeco Liquid Fund-Retail-Weekly Div Reinvest;;INF760K01CJ6;10.0595;10.0595;10.0595;21-Aug-2010

Principal Mutual Fund
100895;Principal Cash Management Fund - Daily Income Distribution CUM Capital Withdrawal;;INF173K01DB7;10.0007;10.0007;10.0007;21-Aug-2010
100896;Principal Cash Management Fund - Weekly Income Distribution CUM Capital Withdrawal Option;;INF173K01DC5;10.063;10.063;10.063;21-Aug-2010
100898;Principal Cash Management Fund -Growth Option;INF173K01DA9;;14.6052;14.6052;14.6052;21-Aug-2010
100892;Principal Cash Management-Liquid Option-Daily Dividend;;;10.0022;10.0022;10.0022;21-Aug-2010
100887;Principal Cash Management-Liquid Option-Dividend Plan;;;10.1227;10.1227;10.1227;21-Aug-2010
100888;Principal Cash Management-Liquid Option-Growth Plan;;;18.0913;18.0913;18.0913;21-Aug-2010
100894;Principal Cash Management-Liquid Option-Institutional - Daily Dividend Plan;;;10.0022;10.0022;10.0022;21-Aug-2010
100893;Principal Cash Management-Liquid Option-Institutional - Growth Plan;;;15.3157;15.3157;15.3157;21-Aug-2010
100891;Principal Cash Management-Liquid Option-Institutional - Monthly Dividend Plan;;;10.0379;10.0379;10.0379;21-Aug-2010
100890;Principal Cash Management-Liquid Option-Institutional - Weekly Dividend Plan;;;10.0045;10.0045;10.0045;21-Aug-2010
100889;Principal Cash Management-Liquid Option-Monthly Dividend;;;10.0359;10.0359;10.0359;21-Aug-2010

SBI Mutual Fund
105274;SBI Liquid Fund - Institutional - Growth;INF200K01LU1;;14.9199;14.9199;14.9199;21-Aug-2010
105275;SBI Liquid Fund - Institutional Daily Income Distribution cum Capital Withdrawal Option (IDCW);;INF200K01LR7;10.0325;10.0325;10.0325;21-Aug-2010
105279;SBI Liquid Fund - Institutional Fortnightly Income Distribution cum Capital Withdrawal Option (IDCW);INF200K01LS5;INF200K01LT3;10.1652;10.1652;10.1652;21-Aug-2010
105278;SBI Liquid Fund - Institutional Weekly Income Distribution cum Capital Withdrawal Option (IDCW);INF200K01LV9;INF200K01LW7;10.6035;10.6035;10.6035;21-Aug-2010
105281;SBI Liquid Fund - Regular Plan - Daily Income Distribution cum Capital Withdrawal Option (IDCW);;INF200K01LX5;10.0325;10.0325;10.0325;21-Aug-2010
105283;SBI Liquid Fund - Regular Plan - Fortnightly Income Distribution cum Capital Withdrawal Option (IDCW);INF200K01LY3;INF200K01LZ0;N.A.;N.A.;N.A.;21-Aug-2010
105282;SBI Liquid Fund - Regular Plan - Weekly Income Distribution cum Capital Withdrawal Option (IDCW);INF200K01MB9;INF200K01MC7;N.A.;N.A.;N.A.;21-Aug-2010
105280;SBI Liquid Fund - REGULAR PLAN -Growth;INF200K01MA1;;14.7595;14.7595;14.7595;21-Aug-2010

UTI Mutual Fund
102010;UTI Liquid Fund - Regular Plan - Daily IDCW (Reinvestment);;INF789F01PG3;1019.4457;1019.4457;1019.4457;21-Aug-2010
102011;UTI Liquid Fund - Regular Plan - Monthly IDCW;INF789F01PI9;INF789F01PJ7;1028.1502;1028.1502;1028.1502;21-Aug-2010
102013;UTI Liquid Fund - Regular Plan - Weekly IDCW;;INF789F01PK5;1028.5723;1028.5723;1028.5723;21-Aug-2010
102012;UTI-  Liquid Cash Plan - Regular Plan - Growth Option;INF789F01PH1;;1541.7023;1541.7023;1541.7023;21-Aug-2010
102008;UTI-  Liquid Cash Plan- Discontinued - Regular Plan - Monthly Dividend Option;INF789F01BC2;INF789F01BA6;1071.9778;1071.9778;1071.9778;21-Aug-2010
102009;UTI-  Liquid Cash Plan- Discontinued - Regular Plan -Growth;INF789F01BB4;;1516.4455;1516.4455;1516.4455;21-Aug-2010
102007;UTI-  Liquid Cash Plan- Discontinued -Regular Plan Periodic Dividend Option;;INF789F01AZ5;1058.4124;1058.4124;1058.4124;21-Aug-2010

Open Ended Schemes ( Debt Scheme - Ultra Short Duration Fund )


Principal Mutual Fund
107325;Principal Money Manager Fund-Regular Plan-Daily Dividend Option;;;10.0247;10.0247;10.0247;21-Aug-2010
107331;Principal Money Manager Fund-Regular Plan-Growth Option;;;11.3544;11.3544;11.3544;21-Aug-2010
107327;Principal Money Manager Fund-Regular Plan-Monthly Dividend Option;;;10.5823;10.5823;10.5823;21-Aug-2010
107326;Principal Money Manager Fund-Regular Plan-Weekly Dividend Option;;;10.1078;10.1078;10.1078;21-Aug-2010
107329;Principal Ultra Short Term Fund-Daily Income Distribution CUM Capital Withdrawal Option;;INF173K01CV7;10.0247;10.0247;10.0247;21-Aug-2010
107328;Principal Ultra Short Term Fund-Growth Option;INF173K01CU9;;10.6925;10.6925;10.6925;21-Aug-2010
107330;Principal Ultra Short Term Fund-Monthly Income Distribution CUM Capital Withdrawal Option;INF173K01CB9;INF173K01CC7;10.4562;10.4562;10.4562;21-Aug-2010

SBI Mutual Fund
105080;SBI Ultra Short Duration Fund - Regular Plan - Daily Income Distribution cum Capital Withdrawal Option (IDCW);;INF200K01LK2;16.7503;16.7503;16.7503;21-Aug-2010
100641;SBI ULTRA SHORT DURATION FUND - REGULAR PLAN - GROWTH;INF200K01LJ4;;20.8520;20.8520;20.8520;21-Aug-2010
103884;SBI Ultra Short Duration Fund - Regular Plan - Weekly Income Distribution cum Capital Withdrawal Option (IDCW);INF200K01LM8;INF200K01LL0;10.7758;10.7758;10.7758;21-Aug-2010

Open Ended Schemes ( Debt Scheme - Money Market Fund )


UTI Mutual Fund
112077;UTI MMF - Regular Plan - Growth Option;INF789F01PX8;;1051.2789;1051.2789;1051.2789;21-Aug-2010
100724;UTI MMF- Discontinued - Regular Plan - Flexi Dividend Option;;INF789F01BD0;1861.6409;1861.6409;1861.6409;21-Aug-2010
100725;UTI MMF- Discontinued - Regular Plan - Periodic Dividend Option;INF789F01BE8;;1850.951;1850.951;1850.951;21-Aug-2010
100723;UTI MMF-Discontinued - Regular Plan -Growth;INF789F01BF5;;2616.4691;2616.4691;2616.4691;21-Aug-2010
112076;UTI Money Market Fund - Regular Plan - Daily IDCW (Reinvestment);;INF789F01PW0;1003.3854;1003.3854;1003.3854;21-Aug-2010

Open Ended Schemes ( Debt Scheme - Credit Risk Fund )


Principal Mutual Fund
102729;Principal Credit Risk Fund - Regular Plan - Growth Option;INF173K01DM4;;14.6896;14.6896;14.6896;21-Aug-2010
102726;Principal Floating Rate Fund - SMP-Daily Dividend;;;10.0007;10.0007;10.0007;21-Aug-2010
102725;Principal Floating Rate Fund - SMP-Growth;;;14.5805;14.5805;14.5805;21-Aug-2010
102730;Principal Floating Rate Fund - SMP-Insti. Daily Dividend;;;10.0007;10.0007;10.0007;21-Aug-2010
102731;Principal Floating Rate Fund - SMP-Insti. Weekly Dividend;;;10.0035;10.0035;10.0035;21-Aug-2010
102728;Principal Floating Rate Fund - SMP-Monthly Dividend;;;10.6596;10.6596;10.6596;21-Aug-2010
102727;Principal Floating Rate Fund - SMP-Weekly Dividend;;;10.0034;10.0034;10.0034;21-Aug-2010

Close Ended Schemes ( Income )


SBI Mutual Fund
112820;SBI Debt Fund Series -370 Days 3- Dividend (Payout);;;10.1269;N.A.;N.A.;21-Aug-2010
112819;SBI Debt Fund Series -370 Days 3- Growth;;;10.1749;N.A.;N.A.;21-Aug-2010
112818;REDEEMED-SBI Debt Fund Series - 15 Months - 5 (09/03/2010)-DIVIDEND;;;10.1504;N.A.;N.A.;21-Aug-2010
112817;REDEEMED-SBI Debt Fund Series - 15 Months - 5 (09/03/2010)-GROWTH;;;10.2069;N.A.;N.A.;21-Aug-2010
113066;Z-REDEEMED-SBI Debt Fund Series - 180 Days - 10 - Dividend;;;10.0670;N.A.;N.A.;21-Aug-2010
113094;Z-REDEEMED-SBI Debt Fund Series - 180 Days - 10 - Growth;;;10.0670;N.A.;N.A.;21-Aug-2010
112860;Z-REDEEMED-SBI Debt Fund Series - 180 Days - 9 Dividend;;;10.1885;N.A.;N.A.;21-Aug-2010
112764;Z-REDEEMED-SBI Debt Fund Series - 180 days - 9 Growth;;;10.2341;N.A.;N.A.;21-Aug-2010
112916;Z-REDEEMED-SBI Debt Fund Series - 370 Days -4- Growth;;;10.1328;N.A.;N.A.;21-Aug-2010
112893;Z-REDEEMED-SBI Debt Fund Series - 370 Days -4-Dividend;;;10.0825;N.A.;N.A.;21-Aug-2010
