Scheme Code;Scheme Name;ISIN Div Payout/ISIN Growth;ISIN Div Reinvestment;Net Asset Value;Repurchase Price;Sale Price;Date

Open Ended Schemes ( Income )


DSP Mutual Fund
103275;DSP Credit Risk Fund - Institutional Plan-Daily Dividend Reinvest;;;1001.0600;1001.0600;1001.0600;21-Apr-2007
103277;DSP Credit Risk Fund - Institutional Plan-Growth;INF740K01FN3;;1097.7714;1097.7714;1097.7714;21-Apr-2007

Standard Chartered Mutual Fund
102342;GCF-Plan C-Daily Dividend;;;10.0005;10.0005;10.0005;21-Apr-2007
102340;GCF-Plan C-Growth;;;11.8741;11.8741;11.8741;21-Apr-2007
102343;GCF-Plan C-Monthly Dividend;;;0;0;0;21-Apr-2007
102341;GCF-Plan C-weekly Dividend;;;10.0021;10.0021;10.0021;21-Apr-2007
101780;GCF Daily-Dividend(Institutional Plan);;;10.5816;10.5816;10.5816;21-Apr-2007
101760;GCF Dividend-Weekly(Institutional Plan);;;10.3015;10.3015;10.3015;21-Apr-2007
102348;GFRF-Plan C-Daily Dividend;;;10.0015;10.0015;10.0015;21-Apr-2007
102347;GFRF-Plan C-Growth;;;11.861;11.861;11.861;21-Apr-2007
102350;GFRF-Plan C-Monthly Divdend;;;0;0;0;21-Apr-2007
102349;GFRF-Plan C-Weekly Dividend;;;0;0;0;21-Apr-2007
101947;GFRF (Daily - Dividind);;;10.0699;10.0699;10.0699;21-Apr-2007
101948;GFRF (Dividend - Weekly);;;10.0687;10.0687;10.0687;21-Apr-2007
101773;GFRF - Growth(Institutional Plan);;;12.2861;12.2861;12.2861;21-Apr-2007
101774;GFRF Dividend-Daily (Institutional Plan);;;10.0703;10.0703;10.0703;21-Apr-2007
101776;GFRF Dividend-Monthly(Institutional Plan);;;0;0;0;21-Apr-2007
101775;GFRF Dividend-Weekly(Institutional Plan);;;10.0932;10.0932;10.0932;21-Apr-2007
101100;Grindlays Cash Fund-Dividend (Daily);;;10.5819;10.5819;10.5819;21-Apr-2007
101099;Grindlays Cash Fund-Growth;;;13.8492;13.8492;13.8492;21-Apr-2007
101319;Grindlays Cash Fund - Dividend (Weekly);;;10.1936;10.1936;10.1936;21-Apr-2007
101632;Grindlays Cash Fund - Plan B (D) (Institutional Plan);;;0;0;0;21-Apr-2007
101248;Grindlays Cash Fund - Plan B (G) (Institutional Plan);;;13.9212;13.9212;13.9212;21-Apr-2007

Open Ended Schemes ( Liquid )


ING Mutual Fund
100194;ING Liquid Fund-Auto Sweep Growth Option;;;10.0000;10.0000;10.0000;21-Apr-2007
100195;ING Liquid Fund-Auto Sweep Weekly Dividend Option;;;10.0000;10.0000;10.0000;21-Apr-2007
100198;ING Liquid Fund-Institutional Daily Dividend Option;INF084M01473;;10.0121;10.0121;10.0121;21-Apr-2007
100196;ING Liquid Fund-Institutional Growth Option;INF084M01465;;11.8348;11.8348;11.8348;21-Apr-2007
100197;ING Liquid Fund-Institutional Weekly Dividend Option;INF084M01499;INF084M01481;10.0659;10.0659;10.0659;21-Apr-2007
100192;ING Liquid Fund-Regular Daily Dividend Option;INF084M01432;;10.7873;10.7873;10.7873;21-Apr-2007
100190;ING Liquid Fund-Regular Growth Option;INF084M01424;;15.9474;15.9474;15.9474;21-Apr-2007
100191;ING Liquid Fund-Regular Weekly Dividend Option;INF084M01457;INF084M01440;10.8367;10.8367;10.8367;21-Apr-2007
100200;ING Liquid Fund-Super Institutional Daily Dividend Option;INF084M01515;;10.0048;10.0048;10.0048;21-Apr-2007
100199;ING Liquid Fund-Super Institutional Growth Option;INF084M01507;;11.2045;11.2045;11.2045;21-Apr-2007
100201;ING Liquid Fund-Super Institutional Weekly Dividend Option;INF084M01531;INF084M01523;10.0138;10.0138;10.0138;21-Apr-2007

Sahara Mutual Fund
101397;Sahara Liquid Fund-Fixed Pricing -  Weekly Dividend Option;;INF515L01064;1025.2815;1025.2815;1025.2815;21-Apr-2007
101393;Sahara Liquid Fund-Fixed Pricing - Daily Dividend Option;;INF515L01049;1024.7862;1024.7862;1024.7862;21-Apr-2007
101394;Sahara Liquid Fund-Fixed Pricing - Growth option;INF515L01056;;1348.4386;1348.4386;1348.4386;21-Apr-2007
101398;Sahara Liquid Fund-Fixed Pricing - Monthly Dividend Option;;INF515L01072;1030.086;1030.0860;1030.0860;21-Apr-2007
101399;Sahara Liquid Fund-Variable Pricing - Daily Dividend option;;INF515L01080;1024.8026;1024.8026;1024.8026;21-Apr-2007
101402;Sahara Liquid Fund-Variable Pricing - Growth option;INF515L01114;;1352.8836;1352.8836;1352.8836;21-Apr-2007
101400;Sahara Liquid Fund-Variable Pricing - Weekly Dividend Option;;INF515L01098;1025.235;1025.2350;1025.2350;21-Apr-2007
101401;Sahara Liquid Fund-Variable Pricing- Monthly Dividend Option;;INF515L01106;1030.6076;1030.6076;1030.6076;21-Apr-2007

Standard Chartered Mutual Fund
103525;Standard Chartered Liquidity Manager (SCLM)-A-Dividend Daily;;;10.0125;10.0125;10.0125;21-Apr-2007
103527;Standard Chartered Liquidity Manager (SCLM)-A-Dividend Monthly;;;10.0575;10.0575;10.0575;21-Apr-2007
103526;Standard Chartered Liquidity Manager (SCLM)-A-Dividend Weekly;;;10.003;10.003;10.003;21-Apr-2007
103524;Standard Chartered Liquidity Manager (SCLM)-A-Growth;;;10.818;10.818;10.818;21-Apr-2007
103598;Standard Chartered Liquidity Manager Plus-A-Dividend Daily;;;1000.2;1000.2;1000.2;21-Apr-2007
103600;Standard Chartered Liquidity Manager Plus-A-Dividend Monthly;;;1005.2656;1005.2656;1005.2656;21-Apr-2007
103599;Standard Chartered Liquidity Manager Plus-A-Dividend Weekly;;;1000.309;1000.309;1000.309;21-Apr-2007
103597;Standard Chartered Liquidity Manager Plus-A-Growth;;;1079.5676;1079.5676;1079.5676;21-Apr-2007

Open Ended Schemes ( Floating Rate )


Standard Chartered Mutual Fund
101630;Grindlays Floating Rate Fund - Growth;;;12.4407;12.4407;12.4407;21-Apr-2007
101631;Grindlays Floating Rate Fund- Dividend Monthly;;;10.0657;10.0657;10.0657;21-Apr-2007

Open Ended Schemes ( Debt Scheme - Overnight Fund )


SBI Mutual Fund
101206;SBI OVERNIGHT FUND - REGULAR PLAN - GROWTH;INF200K01LQ9;;13.0268;13.0268;13.0268;21-Apr-2007
103140;SBI Overnight Fund - Regular Plan - Weekly Income Distribution cum Capital Withdrawal Option (IDCW);INF200K01LO4;INF200K01LP1;10.2434;10.2434;10.2434;21-Apr-2007

Open Ended Schemes ( Debt Scheme - Liquid Fund )


Baroda BNP Paribas Mutual Fund
101408;Baroda BNP Paribas LIQUID FUND- Defunct Plan -Growth Option;INF955L01575;;13.4726;13.4726;13.4726;21-Apr-2007
101407;Baroda BNP Paribas LIQUID FUND-Defunct Plan- IDCW Option;INF955L01559;INF955L01567;11.5486;11.5486;11.5486;21-Apr-2007
101409;Baroda BNP Paribas LIQUID FUND-Defunct Plan-Daily IDCW Option;INF955L01518;INF955L01526;10.0536;10.0536;10.0536;21-Apr-2007

Canara Robeco Mutual Fund
101363;Canara Robeco Liquid Fund- INSTITUTIONAL-Daily Dividend Reinvestment;;INF760K01CC1;10.0410;10.0410;10.0410;21-Apr-2007
101362;Canara Robeco Liquid Fund- INSTITUTIONAL-Growth;INF760K01CD9;;13.7359;13.7359;13.7359;21-Apr-2007
101361;Canara Robeco Liquid Fund- INSTITUTIONAL-Weekly dividend;;INF760K01CE7;10.0457;10.0457;10.0457;21-Apr-2007
101364;Canara Robeco Liquid Fund-Retail-DRI;;INF760K01CF4;10.0410;10.0410;10.0410;21-Apr-2007
101365;Canara Robeco Liquid Fund-Retail-Growth;INF760K01CH0;;13.7225;13.7225;13.7225;21-Apr-2007

DSP Mutual Fund
103347;DSP Liquidity Fund - Regular Plan - Growth;INF740K01FK9;;1098.2319;1098.2319;1098.2319;21-Apr-2007
103348;DSP Liquidity Fund - Regular Plan - IDCW - Weekly;INF740K01FM5;INF740K01FL7;1000.4091;1000.4091;1000.4091;21-Apr-2007
103349;DSP Liquidity Fund- Regular Plan - IDCW - Daily;;INF740KA1OE0;1000.2000;1000.2000;1000.2000;21-Apr-2007
100943;DSP BlackRock Liquidity Fund - Regular Plan - Daily Dividend;;;10.0100;10.0100;10.0100;21-Apr-2007
100940;DSP BlackRock Liquidity Fund - Regular Plan - Growth;INF740K01CN0;;18.3823;18.3823;18.3823;21-Apr-2007
100941;DSP BlackRock Liquidity Fund - Regular Plan Weekly Dividend;;;12.4025;12.4025;12.4025;21-Apr-2007

Principal Mutual Fund
100895;Principal Cash Management Fund - Daily Income Distribution CUM Capital Withdrawal;;INF173K01DB7;10.0007;10.0007;10.0007;21-Apr-2007
100897;Principal Cash Management Fund - Monthly Income Distribution CUM Capital Withdrawal Option;INF173K01BV9;INF173K01BW7;10.0566;10.0566;10.0566;21-Apr-2007
100896;Principal Cash Management Fund - Weekly Income Distribution CUM Capital Withdrawal Option;;INF173K01DC5;10.0057;10.0057;10.0057;21-Apr-2007
100898;Principal Cash Management Fund -Growth Option;INF173K01DA9;;11.7459;11.7459;11.7459;21-Apr-2007
100892;Principal Cash Management-Liquid Option-Daily Dividend;;;10.0022;10.0022;10.0022;21-Apr-2007
100887;Principal Cash Management-Liquid Option-Dividend Plan;;;10.1247;10.1247;10.1247;21-Apr-2007
100888;Principal Cash Management-Liquid Option-Growth Plan;;;14.7922;14.7922;14.7922;21-Apr-2007
100894;Principal Cash Management-Liquid Option-Institutional - Daily Dividend Plan;;;10.0022;10.0022;10.0022;21-Apr-2007
100893;Principal Cash Management-Liquid Option-Institutional - Growth Plan;;;12.4324;12.4324;12.4324;21-Apr-2007
100891;Principal Cash Management-Liquid Option-Institutional - Monthly Dividend Plan;;;10.0555;10.0555;10.0555;21-Apr-2007
100890;Principal Cash Management-Liquid Option-Institutional - Weekly Dividend Plan;;;10.0065;10.0065;10.0065;21-Apr-2007
100889;Principal Cash Management-Liquid Option-Monthly Dividend;;;10.0541;10.0541;10.0541;21-Apr-2007

SBI Mutual Fund
105274;SBI Liquid Fund - Institutional - Growth;INF200K01LU1;;12.1035;12.1035;12.1035;21-Apr-2007
105275;SBI Liquid Fund - Institutional Daily Income Distribution cum Capital Withdrawal Option (IDCW);;INF200K01LR7;10.0325;10.0325;10.0325;21-Apr-2007
105279;SBI Liquid Fund - Institutional Fortnightly Income Distribution cum Capital Withdrawal Option (IDCW);INF200K01LS5;INF200K01LT3;10.0969;10.0969;10.0969;21-Apr-2007
105278;SBI Liquid Fund - Institutional Weekly Income Distribution cum Capital Withdrawal Option (IDCW);INF200K01LV9;INF200K01LW7;10.5659;10.5659;10.5659;21-Apr-2007
105281;SBI Liquid Fund - Regular Plan - Daily Income Distribution cum Capital Withdrawal Option (IDCW);;INF200K01LX5;10.0325;10.0325;10.0325;21-Apr-2007
105283;SBI Liquid Fund - Regular Plan - Fortnightly Income Distribution cum Capital Withdrawal Option (IDCW);INF200K01LY3;INF200K01LZ0;0;0;0;21-Apr-2007
105282;SBI Liquid Fund - Regular Plan - Weekly Income Distribution cum Capital Withdrawal Option (IDCW);INF200K01MB9;INF200K01MC7;0;0;0;21-Apr-2007
105280;SBI Liquid Fund - REGULAR PLAN -Growth;INF200K01MA1;;12.1045;12.1045;12.1045;21-Apr-2007

Taurus Mutual Fund
104240;Taurus Liquid Fund-Dividend;INF044D01542;INF044D01559;10.0038;10.0038;10.0038;21-Apr-2007
104241;Taurus Liquid Fund-Growth;INF044D01575;;10.3946;10.3946;10.3946;21-Apr-2007

UTI Mutual Fund
102010;UTI Liquid Fund - Regular Plan - Daily IDCW (Reinvestment);;INF789F01PG3;1019.4457;1019.4457;1019.4457;21-Apr-2007
102011;UTI Liquid Fund - Regular Plan - Monthly IDCW;INF789F01PI9;INF789F01PJ7;1030.6031;1030.6031;1030.6031;21-Apr-2007
102013;UTI Liquid Fund - Regular Plan - Weekly IDCW;;INF789F01PK5;1024.3644;1024.3644;1024.3644;21-Apr-2007
102012;UTI-  Liquid Cash Plan - Regular Plan - Growth Option;INF789F01PH1;;1240.2731;1240.2731;1240.2731;21-Apr-2007
102008;UTI-  Liquid Cash Plan- Discontinued - Regular Plan - Monthly Dividend Option;INF789F01BC2;INF789F01BA6;1037.1343;1037.1343;1037.1343;21-Apr-2007
102009;UTI-  Liquid Cash Plan- Discontinued - Regular Plan -Growth;INF789F01BB4;;1232.4338;1232.4338;1232.4338;21-Apr-2007
102007;UTI-  Liquid Cash Plan- Discontinued -Regular Plan Periodic Dividend Option;;INF789F01AZ5;1022.1426;1022.1426;1022.1426;21-Apr-2007

Open Ended Schemes ( Debt Scheme - Ultra Short Duration Fund )


SBI Mutual Fund
105080;SBI Ultra Short Duration Fund - Regular Plan - Daily Income Distribution cum Capital Withdrawal Option (IDCW);;INF200K01LK2;16.7503;16.7503;16.7503;21-Apr-2007
100641;SBI ULTRA SHORT DURATION FUND - REGULAR PLAN - GROWTH;INF200K01LJ4;;16.9082;16.9082;16.9082;21-Apr-2007
103884;SBI Ultra Short Duration Fund - Regular Plan - Weekly Income Distribution cum Capital Withdrawal Option (IDCW);INF200K01LM8;INF200K01LL0;10.6375;10.6375;10.6375;21-Apr-2007

UTI Mutual Fund
102532;UTI Ultra Short Duration Fund - Regular Plan - Growth Option;INF789F01570;;1228.3252;1228.3252;1228.3252;21-Apr-2007
102531;UTI Ultra Short Duration Fund - Regular Plan - Weekly IDCW (Reinvestment);;INF789F01562;1022.9516;1022.9516;1022.9516;21-Apr-2007

Open Ended Schemes ( Debt Scheme - Low Duration Fund )


Canara Robeco Mutual Fund
104559;CANARA ROBECO SAVINGS FUND - REGULAR PLAN - DAILY IDCW (Reinvestment);;INF760K01803;10.2600;10.2600;10.2600;21-Apr-2007
102913;CANARA ROBECO SAVINGS FUND - REGULAR PLAN - GROWTH OPTION;INF760K01795;;11.5347;11.5347;11.5347;21-Apr-2007
102914;CANARA ROBECO SAVINGS FUND - REGULAR PLAN - IDCW (Payout/Reinvestment);INF760K01779;INF760K01787;11.0936;11.0936;11.0936;21-Apr-2007
102915;CANARA ROBECO SAVINGS FUND - REGULAR PLAN - WEEKLY IDCW (Payout/Reinvestment);INF760K01CB3;INF760K01811;10.2653;10.2653;10.2653;21-Apr-2007

Open Ended Schemes ( Debt Scheme - Money Market Fund )


UTI Mutual Fund
100724;UTI MMF- Discontinued - Regular Plan - Flexi Dividend Option;;INF789F01BD0;17.7435;17.7435;17.7435;21-Apr-2007
100725;UTI MMF- Discontinued - Regular Plan - Periodic Dividend Option;INF789F01BE8;;17.6175;17.6175;17.6175;21-Apr-2007
100723;UTI MMF-Discontinued - Regular Plan -Growth;INF789F01BF5;;21.1649;21.1649;21.1649;21-Apr-2007

Open Ended Schemes ( Debt Scheme - Credit Risk Fund )


DSP Mutual Fund
101839;DSP Credit Risk Fund - Regular Plan - IDCW;INF740K01581;INF740K01AB9;10.2887;10.2887;10.2887;21-Apr-2007
101840;DSP Credit Risk Fund - Regular Plan - IDCW - Daily;;INF740KA1OA8;10.0312;10.0312;10.0312;21-Apr-2007
101838;DSP Credit Risk Fund - Regular Plan - IDCW - Weekly;INF740K01FR4;INF740K01FQ6;10.0367;10.0367;10.0367;21-Apr-2007
101837;DSP Credit Risk Fund - Regular Plan -Growth;INF740K01599;;12.3541;12.3541;12.3541;21-Apr-2007

Principal Mutual Fund
102729;Principal Credit Risk Fund - Regular Plan - Growth Option;INF173K01DM4;;11.7527;11.7527;11.7527;21-Apr-2007
102732;Principal Credit Risk Fund - Regular Plan - Monthly Dividend Option;INF173K01BJ4;INF173K01BK2;10.5551;10.5551;10.5551;21-Apr-2007
102726;Principal Floating Rate Fund - SMP-Daily Dividend;;;10.0007;10.0007;10.0007;21-Apr-2007
102725;Principal Floating Rate Fund - SMP-Growth;;;11.7096;11.7096;11.7096;21-Apr-2007
102730;Principal Floating Rate Fund - SMP-Insti. Daily Dividend;;;10.0007;10.0007;10.0007;21-Apr-2007
102731;Principal Floating Rate Fund - SMP-Insti. Weekly Dividend;;;10.0058;10.0058;10.0058;21-Apr-2007
102728;Principal Floating Rate Fund - SMP-Monthly Dividend;;;10.2636;10.2636;10.2636;21-Apr-2007
102727;Principal Floating Rate Fund - SMP-Weekly Dividend;;;10.0058;10.0058;10.0058;21-Apr-2007
