Scheme Code;Scheme Name;ISIN Div Payout/ISIN Growth;ISIN Div Reinvestment;Net Asset Value;Repurchase Price;Sale Price;Date

Open Ended Schemes ( Income )


Standard Chartered Mutual Fund
102342;GCF-Plan C-Daily Dividend;;;10.0005;10.0005;10.0005;18-Apr-2008
102340;GCF-Plan C-Growth;;;0;0;0;18-Apr-2008
102343;GCF-Plan C-Monthly Dividend;;;0;0;0;18-Apr-2008
102341;GCF-Plan C-weekly Dividend;;;0;0;0;18-Apr-2008
101780;GCF Daily-Dividend(Institutional Plan);;;10.5816;10.5816;10.5816;18-Apr-2008
101760;GCF Dividend-Weekly(Institutional Plan);;;10.2995;10.2995;10.2995;18-Apr-2008
102348;GFRF-Plan C-Daily Dividend;;;10.0015;10.0015;10.0015;18-Apr-2008
102347;GFRF-Plan C-Growth;;;0;0;0;18-Apr-2008
102350;GFRF-Plan C-Monthly Divdend;;;0;0;0;18-Apr-2008
102349;GFRF-Plan C-Weekly Dividend;;;0;0;0;18-Apr-2008
101947;GFRF (Daily - Dividind);;;10.0699;10.0699;10.0699;18-Apr-2008
101948;GFRF (Dividend - Weekly);;;10.0669;10.0669;10.0669;18-Apr-2008
101773;GFRF - Growth(Institutional Plan);;;13.0169;13.0169;13.0169;18-Apr-2008
101774;GFRF Dividend-Daily (Institutional Plan);;;10.0703;10.0703;10.0703;18-Apr-2008
101776;GFRF Dividend-Monthly(Institutional Plan);;;0;0;0;18-Apr-2008
101775;GFRF Dividend-Weekly(Institutional Plan);;;10.0914;10.0914;10.0914;18-Apr-2008
101100;Grindlays Cash Fund-Dividend (Daily);;;10.5819;10.5819;10.5819;18-Apr-2008
101099;Grindlays Cash Fund-Growth;;;14.6641;14.6641;14.6641;18-Apr-2008
101319;Grindlays Cash Fund - Dividend (Weekly);;;10.1915;10.1915;10.1915;18-Apr-2008
101632;Grindlays Cash Fund - Plan B (D) (Institutional Plan);;;0;0;0;18-Apr-2008
101248;Grindlays Cash Fund - Plan B (G) (Institutional Plan);;;14.7407;14.7407;14.7407;18-Apr-2008

Open Ended Schemes ( Liquid )


ING Mutual Fund
106913;ING High Yield Liquidity Fund - Institutional Growth Option;;;10.0000;10.0000;10.0000;18-Apr-2008
106914;ING High Yield Liquidity Fund - Institutional Quarterly Dividend Option;;;10.0000;10.0000;10.0000;18-Apr-2008
106904;ING High Yield Liquidity Fund - Regular Daily Dividend Option;;;10.1360;10.1360;10.1360;18-Apr-2008
106912;ING High Yield Liquidity Fund- Institutional Bonus Option;;;10.0000;10.0000;10.0000;18-Apr-2008
106909;ING High Yield Liquidity Fund- Institutional Daily Dividend Option;;;10.0000;10.0000;10.0000;18-Apr-2008
106911;ING High Yield Liquidity Fund- Institutional Monthly Dividend Option;;;10.0000;10.0000;10.0000;18-Apr-2008
106910;ING High Yield Liquidity Fund- Institutional Weekly Dividend Option;;;10.0000;10.0000;10.0000;18-Apr-2008
106908;ING High Yield Liquidity Fund- Regular Bonus Option;;;10.0000;10.0000;10.0000;18-Apr-2008
106903;ING High Yield Liquidity Fund- Regular Growth Option;;;10.2358;10.2358;10.2358;18-Apr-2008
106907;ING High Yield Liquidity Fund- Regular Monthly Dividend Option;;;10.1932;10.1932;10.1932;18-Apr-2008
106906;ING High Yield Liquidity Fund- Regular Quarterly Dividend Option;;;10.0000;10.0000;10.0000;18-Apr-2008
106905;ING High Yield Liquidity Fund- Regular Weekly Dividend Option;;;10.0993;10.0993;10.0993;18-Apr-2008
100194;ING Liquid Fund-Auto Sweep Growth Option;;;10.0000;10.0000;10.0000;18-Apr-2008
100195;ING Liquid Fund-Auto Sweep Weekly Dividend Option;;;10.0000;10.0000;10.0000;18-Apr-2008
100198;ING Liquid Fund-Institutional Daily Dividend Option;INF084M01473;;10.0121;10.0121;10.0121;18-Apr-2008
100196;ING Liquid Fund-Institutional Growth Option;INF084M01465;;12.7748;12.7748;12.7748;18-Apr-2008
100197;ING Liquid Fund-Institutional Weekly Dividend Option;INF084M01499;INF084M01481;10.0607;10.0607;10.0607;18-Apr-2008
100192;ING Liquid Fund-Regular Daily Dividend Option;INF084M01432;;10.7873;10.7873;10.7873;18-Apr-2008
100190;ING Liquid Fund-Regular Growth Option;INF084M01424;;17.1536;17.1536;17.1536;18-Apr-2008
100191;ING Liquid Fund-Regular Weekly Dividend Option;INF084M01457;INF084M01440;10.8313;10.8313;10.8313;18-Apr-2008
100200;ING Liquid Fund-Super Institutional Daily Dividend Option;INF084M01515;;10.0048;10.0048;10.0048;18-Apr-2008
100199;ING Liquid Fund-Super Institutional Growth Option;INF084M01507;;12.1123;12.1123;12.1123;18-Apr-2008
100201;ING Liquid Fund-Super Institutional Weekly Dividend Option;INF084M01531;INF084M01523;10.0086;10.0086;10.0086;18-Apr-2008
102802;ING Treasury Management Fund-Annual Dividend Option;;;10.3757;10.3757;10.3757;18-Apr-2008
102803;ING Treasury Management Fund-Bonus Option;;;12.5596;12.5596;12.5596;18-Apr-2008
102804;ING Treasury Management Fund-Daily Dividend Option;;;10.3588;10.3588;10.3588;18-Apr-2008
102798;ING Treasury Management Fund-Growth Option;;;12.5596;12.5596;12.5596;18-Apr-2008
102801;ING Treasury Management Fund-Half Yearly Dividend Option;;;10.3527;10.3527;10.3527;18-Apr-2008
102800;ING Treasury Management Fund-Quarterly Dividend Option;;;10.3797;10.3797;10.3797;18-Apr-2008
102799;ING Treasury Management Fund-Weekly Dividend Option;;;10.7821;10.7821;10.7821;18-Apr-2008

PineBridge Mutual Fund
106513;PineBridge India Liquid Fund- Standard Plan-Daily Dividend Option;;INF178L01699;1000.8141;1000.8141;1000.8141;18-Apr-2008
106508;PineBridge India Liquid Fund- Standard Plan-Growth Option;INF178L01715;;1047.5054;1047.5054;1047.5054;18-Apr-2008
106509;PineBridge India Liquid Fund- Standard Plan-Weekly Dividend Option;;INF178L01764;1001.6685;1001.6685;1001.6685;18-Apr-2008
106506;PineBridge India Liquid Fund-Institutional Plan-Daily Dividend Option;;INF178L01616;1000.8059;1000.8059;1000.8059;18-Apr-2008
106511;PineBridge India Liquid Fund-Institutional Plan-Growth Option;INF178L01632;;1046.9008;1046.9008;1046.9008;18-Apr-2008
106507;PineBridge India Liquid Fund-Institutional Plan-Weekly Dividend Option;;INF178L01681;1001.6601;1001.6601;1001.6601;18-Apr-2008
106503;PineBridge India Liquid Fund-Retail Plan-DailyDividend Option;;INF178L01533;1000.7810;1000.7810;1000.7810;18-Apr-2008
106514;PineBridge India Liquid Fund-Retail Plan-Growth Option;INF178L01558;;1044.9352;1044.9352;1044.9352;18-Apr-2008
106504;PineBridge India Liquid Fund-Retail Plan-Monthly Dividend Option;INF178L01566;INF178L01574;1005.8743;1005.8743;1005.8743;18-Apr-2008
106510;PineBridge India Liquid Fund-Retail Plan-Weekly Dividend Option;;INF178L01608;1001.6354;1001.6354;1001.6354;18-Apr-2008

Sahara Mutual Fund
101397;Sahara Liquid Fund-Fixed Pricing -  Weekly Dividend Option;;INF515L01064;1026.2355;1026.2355;1026.2355;18-Apr-2008
101393;Sahara Liquid Fund-Fixed Pricing - Daily Dividend Option;;INF515L01049;1024.9045;1024.9045;1024.9045;18-Apr-2008
101394;Sahara Liquid Fund-Fixed Pricing - Growth option;INF515L01056;;1454.8117;1454.8117;1454.8117;18-Apr-2008
101398;Sahara Liquid Fund-Fixed Pricing - Monthly Dividend Option;;INF515L01072;1029.3005;1029.3005;1029.3005;18-Apr-2008
101399;Sahara Liquid Fund-Variable Pricing - Daily Dividend option;;INF515L01080;1024.9262;1024.9262;1024.9262;18-Apr-2008
101402;Sahara Liquid Fund-Variable Pricing - Growth option;INF515L01114;;1462.3731;1462.3731;1462.3731;18-Apr-2008
101400;Sahara Liquid Fund-Variable Pricing - Weekly Dividend Option;;INF515L01098;1024.9241;1024.9241;1024.9241;18-Apr-2008
101401;Sahara Liquid Fund-Variable Pricing- Monthly Dividend Option;;INF515L01106;1029.7267;1029.7267;1029.7267;18-Apr-2008

Standard Chartered Mutual Fund
103525;Standard Chartered Liquidity Manager (SCLM)-A-Dividend Daily;;;10.0125;10.0125;10.0125;18-Apr-2008
103527;Standard Chartered Liquidity Manager (SCLM)-A-Dividend Monthly;;;10.0273;10.0273;10.0273;18-Apr-2008
103526;Standard Chartered Liquidity Manager (SCLM)-A-Dividend Weekly;;;10.0015;10.0015;10.0015;18-Apr-2008
103524;Standard Chartered Liquidity Manager (SCLM)-A-Growth;;;11.4381;11.4381;11.4381;18-Apr-2008
103598;Standard Chartered Liquidity Manager Plus-A-Dividend Daily;;;1000.2100;1000.2100;1000.2100;18-Apr-2008
103600;Standard Chartered Liquidity Manager Plus-A-Dividend Monthly;;;1004.2118;1004.2118;1004.2118;18-Apr-2008
103599;Standard Chartered Liquidity Manager Plus-A-Dividend Weekly;;;1000.2000;1000.2000;1000.2000;18-Apr-2008
103597;Standard Chartered Liquidity Manager Plus-A-Growth;;;1162.7774;1162.7774;1162.7774;18-Apr-2008

Open Ended Schemes ( Floating Rate )


Standard Chartered Mutual Fund
101630;Grindlays Floating Rate Fund - Growth;;;13.1806;13.1806;13.1806;18-Apr-2008
101631;Grindlays Floating Rate Fund- Dividend Monthly;;;10.0580;10.0580;10.0580;18-Apr-2008

Open Ended Schemes ( Debt Scheme - Overnight Fund )


SBI Mutual Fund
101206;SBI OVERNIGHT FUND - REGULAR PLAN - GROWTH;INF200K01LQ9;;14.0469;14.0469;14.0469;18-Apr-2008
103140;SBI Overnight Fund - Regular Plan - Weekly Income Distribution cum Capital Withdrawal Option (IDCW);INF200K01LO4;INF200K01LP1;10.2729;10.2729;10.2729;18-Apr-2008

Open Ended Schemes ( Debt Scheme - Liquid Fund )


Baroda BNP Paribas Mutual Fund
101408;Baroda BNP Paribas LIQUID FUND- Defunct Plan -Growth Option;INF955L01575;;14.3635;14.3635;14.3635;18-Apr-2008
101407;Baroda BNP Paribas LIQUID FUND-Defunct Plan- IDCW Option;INF955L01559;INF955L01567;12.3129;12.3129;12.3129;18-Apr-2008

ICICI Prudential Mutual Fund
100357;ICICI Prudential Liquid Fund -Quarterly IDCW;INF109K01UU5;INF109K01UT7;10.0469;10.0469;10.0469;18-Apr-2008
100361;ICICI Prudential Liquid Fund-Dividend-Institutional Plus - Monthly;;INF109K01VL2;11.9607;11.9607;11.9607;18-Apr-2008
100359;ICICI Prudential Liquid Institutional Plus Fund - Div - Daily;INF109K01VJ6;;11.8515;11.8515;11.8515;18-Apr-2008
100360;ICICI Prudential Liquid Institutional Plus Fund - Div - Weekly;INF109K01VM0;;11.8643;11.8643;11.8643;18-Apr-2008
100362;ICICI Prudential Liquid Institutional Plus Fund - Growth;INF109K01VK4;;20.2311;20.2311;20.2311;18-Apr-2008
103343;ICICI Prudential Liquid Fund - Daily IDCW;INF109K01VP3;;10.0005;10.0005;10.0005;18-Apr-2008
103340;ICICI Prudential Liquid Fund - Growth;INF109K01VQ1;;11.9667;11.9667;11.9667;18-Apr-2008
104308;ICICI Prudential Liquid Fund - Half Yearly IDCW;INF109K01UX9;INF109K01UW1;10.0463;10.0463;10.0463;18-Apr-2008
103344;ICICI Prudential Liquid Fund - Institutional Option - I;INF109K01VH0;;11.7198;11.7198;11.7198;18-Apr-2008
103342;ICICI Prudential Liquid Fund - Weekly IDCW;INF109K01VS7;;10.0119;10.0119;10.0119;18-Apr-2008
103341;ICICI Prudential Liquid Fund -Monthly IDCW;INF109K01VR9;;10.0439;10.0439;10.0439;18-Apr-2008
101748;ICICI Prudential Liquid Fund - Institutional - Daily - Div;INF109K01VE7;;11.8502;11.8502;11.8502;18-Apr-2008
101749;ICICI Prudential Liquid Fund - Institutional - Monthly - Div;;INF109K01VG2;10.0430;10.0430;10.0430;18-Apr-2008
101753;ICICI Prudential Liquid Fund - Institutional - Weekly - Div;INF109K01VI8;;11.8515;11.8515;11.8515;18-Apr-2008
101754;ICICI Prudential Liquid Fund Retail Daily Dividend;INF109K01UR1;;11.8514;11.8514;11.8514;18-Apr-2008
101750;ICICI Prudential Liquid Fund Retail Growth;INF109K01UQ3;;19.8890;19.8890;19.8890;18-Apr-2008
101755;ICICI Prudential Liquid Fund Retail Monthly Dividend;INF109K01US9;;11.8791;11.8791;11.8791;18-Apr-2008
101752;ICICI Prudential Liquid Fund Retail Weekly Dividend;INF109K01UV3;;11.8407;11.8407;11.8407;18-Apr-2008
101751;ICICI Prudential Liquid Institutional Fund - Growth;INF109K01VF4;;20.1384;20.1384;20.1384;18-Apr-2008

Nippon India Mutual Fund
100852;NIPPON INDIA LIQUID FUND - DAILY IDCW OPTION;;INF204K01UM1;15.2872;15.2872;15.2872;18-Apr-2008
100837;Nippon India Liquid Fund - Retail Option - Growth Plan;INF204K01UL3;;19.5319;19.5319;19.5319;18-Apr-2008
100842;NIPPON INDIA LIQUID FUND - RETAIL Plan - DAILY IDCW OPTION;;INF204K01UJ7;15.2426;15.2426;15.2426;18-Apr-2008
100843;NIPPON INDIA LIQUID FUND - RETAIL plan - MONTHLY IDCW OPTION;INF204K01UT6;INF204K01UU4;12.2512;12.2512;12.2512;18-Apr-2008
100844;NIPPON INDIA LIQUID FUND - RETAIL Plan - QUARTERLY IDCW OPTION;INF204K01UV2;INF204K01UW0;11.7155;11.7155;11.7155;18-Apr-2008
100838;NIPPON INDIA LIQUID FUND - RETAIL Plan - WEEKLY IDCW OPTION;;INF204K01UK5;10.3569;10.3569;10.3569;18-Apr-2008
100853;NIPPON INDIA LIQUID FUND - WEEKLY IDCW OPTION;INF204KC1FM8;INF204K01US8;15.3264;15.3264;15.3264;18-Apr-2008
100851;Nippon India Liquid Fund -Growth Plan;INF204K01UN9;;19.7842;19.7842;19.7842;18-Apr-2008
100849;Reliance Liquid Fund-Cash Plan-Daily Dividend Reinvestment Option;;;11.1415;11.1415;11.1415;18-Apr-2008
100845;Reliance Liquid Fund-Cash Plan-Growth Plan;;;13.8366;13.8366;13.8366;18-Apr-2008
100848;Reliance Liquid Fund-Cash Plan-Weekly Dividend Reinvestment Option;;;10.9277;10.9277;10.9277;18-Apr-2008

Principal Mutual Fund
100895;Principal Cash Management Fund - Daily Income Distribution CUM Capital Withdrawal;;INF173K01DB7;10.0007;10.0007;10.0007;18-Apr-2008
100897;Principal Cash Management Fund - Monthly Income Distribution CUM Capital Withdrawal Option;INF173K01BV9;INF173K01BW7;10.0462;10.0462;10.0462;18-Apr-2008
100896;Principal Cash Management Fund - Weekly Income Distribution CUM Capital Withdrawal Option;;INF173K01DC5;10.0150;10.0150;10.0150;18-Apr-2008
100898;Principal Cash Management Fund -Growth Option;INF173K01DA9;;12.6807;12.6807;12.6807;18-Apr-2008
100892;Principal Cash Management-Liquid Option-Daily Dividend;;;10.0022;10.0022;10.0022;18-Apr-2008
100887;Principal Cash Management-Liquid Option-Dividend Plan;;;10.1222;10.1222;10.1222;18-Apr-2008
100888;Principal Cash Management-Liquid Option-Growth Plan;;;15.8991;15.8991;15.8991;18-Apr-2008
100894;Principal Cash Management-Liquid Option-Institutional - Daily Dividend Plan;;;10.0022;10.0022;10.0022;18-Apr-2008
100893;Principal Cash Management-Liquid Option-Institutional - Growth Plan;;;13.3875;13.3875;13.3875;18-Apr-2008
100891;Principal Cash Management-Liquid Option-Institutional - Monthly Dividend Plan;;;10.0455;10.0455;10.0455;18-Apr-2008
100890;Principal Cash Management-Liquid Option-Institutional - Weekly Dividend Plan;;;10.0039;10.0039;10.0039;18-Apr-2008
100889;Principal Cash Management-Liquid Option-Monthly Dividend;;;10.0441;10.0441;10.0441;18-Apr-2008

SBI Mutual Fund
105274;SBI Liquid Fund - Institutional - Growth;INF200K01LU1;;13.0368;13.0368;13.0368;18-Apr-2008
105275;SBI Liquid Fund - Institutional Daily Income Distribution cum Capital Withdrawal Option (IDCW);;INF200K01LR7;10.0325;10.0325;10.0325;18-Apr-2008
105279;SBI Liquid Fund - Institutional Fortnightly Income Distribution cum Capital Withdrawal Option (IDCW);INF200K01LS5;INF200K01LT3;10.1432;10.1432;10.1432;18-Apr-2008
105278;SBI Liquid Fund - Institutional Weekly Income Distribution cum Capital Withdrawal Option (IDCW);INF200K01LV9;INF200K01LW7;10.6044;10.6044;10.6044;18-Apr-2008
105281;SBI Liquid Fund - Regular Plan - Daily Income Distribution cum Capital Withdrawal Option (IDCW);;INF200K01LX5;10.0325;10.0325;10.0325;18-Apr-2008
105283;SBI Liquid Fund - Regular Plan - Fortnightly Income Distribution cum Capital Withdrawal Option (IDCW);INF200K01LY3;INF200K01LZ0;0;0;0;18-Apr-2008
105282;SBI Liquid Fund - Regular Plan - Weekly Income Distribution cum Capital Withdrawal Option (IDCW);INF200K01MB9;INF200K01MC7;10.5886;10.5886;10.5886;18-Apr-2008
105280;SBI Liquid Fund - REGULAR PLAN -Growth;INF200K01MA1;;12.8862;12.8862;12.8862;18-Apr-2008

Taurus Mutual Fund
104240;Taurus Liquid Fund-Dividend;INF044D01542;INF044D01559;10.0076;10.0076;10.0076;18-Apr-2008
104241;Taurus Liquid Fund-Growth;INF044D01575;;10.9800;10.9800;10.9800;18-Apr-2008

UTI Mutual Fund
102010;UTI Liquid Fund - Regular Plan - Daily IDCW (Reinvestment);;INF789F01PG3;1019.4457;1019.4457;1019.4457;18-Apr-2008
102011;UTI Liquid Fund - Regular Plan - Monthly IDCW;INF789F01PI9;INF789F01PJ7;1028.8078;1028.8078;1028.8078;18-Apr-2008
102013;UTI Liquid Fund - Regular Plan - Weekly IDCW;;INF789F01PK5;1024.0545;1024.0545;1024.0545;18-Apr-2008
102012;UTI-  Liquid Cash Plan - Regular Plan - Growth Option;INF789F01PH1;;1337.2822;1337.2822;1337.2822;18-Apr-2008
102008;UTI-  Liquid Cash Plan- Discontinued - Regular Plan - Monthly Dividend Option;INF789F01BC2;INF789F01BA6;1045.1357;1045.1357;1045.1357;18-Apr-2008
102009;UTI-  Liquid Cash Plan- Discontinued - Regular Plan -Growth;INF789F01BB4;;1326.0443;1326.0443;1326.0443;18-Apr-2008
102007;UTI-  Liquid Cash Plan- Discontinued -Regular Plan Periodic Dividend Option;;INF789F01AZ5;1035.1573;1035.1573;1035.1573;18-Apr-2008

Open Ended Schemes ( Debt Scheme - Ultra Short Duration Fund )


Principal Mutual Fund
107325;Principal Money Manager Fund-Regular Plan-Daily Dividend Option;;;10.0247;10.0247;10.0247;18-Apr-2008
107331;Principal Money Manager Fund-Regular Plan-Growth Option;;;10.2246;10.2246;10.2246;18-Apr-2008
107327;Principal Money Manager Fund-Regular Plan-Monthly Dividend Option;;;10.2246;10.2246;10.2246;18-Apr-2008
107326;Principal Money Manager Fund-Regular Plan-Weekly Dividend Option;;;10.1070;10.1070;10.1070;18-Apr-2008
107329;Principal Ultra Short Term Fund-Daily Income Distribution CUM Capital Withdrawal Option;;INF173K01CV7;10.0247;10.0247;10.0247;18-Apr-2008
107328;Principal Ultra Short Term Fund-Growth Option;INF173K01CU9;;10.2246;10.2246;10.2246;18-Apr-2008
107330;Principal Ultra Short Term Fund-Monthly Income Distribution CUM Capital Withdrawal Option;INF173K01CB9;INF173K01CC7;10.2246;10.2246;10.2246;18-Apr-2008
107332;Principal Ultra Short Term Fund-Weekly Income Distribution CUM Capital Withdrawal Option;;INF173K01CW5;10.1161;10.1161;10.1161;18-Apr-2008

SBI Mutual Fund
105080;SBI Ultra Short Duration Fund - Regular Plan - Daily Income Distribution cum Capital Withdrawal Option (IDCW);;INF200K01LK2;16.7503;16.7503;16.7503;18-Apr-2008
100641;SBI ULTRA SHORT DURATION FUND - REGULAR PLAN - GROWTH;INF200K01LJ4;;18.1882;18.1882;18.1882;18-Apr-2008
103884;SBI Ultra Short Duration Fund - Regular Plan - Weekly Income Distribution cum Capital Withdrawal Option (IDCW);INF200K01LM8;INF200K01LL0;10.6996;10.6996;10.6996;18-Apr-2008

Open Ended Schemes ( Debt Scheme - Money Market Fund )


ICICI Prudential Mutual Fund
101221;ICICI Prudential Money Market Fund Retail Growth (erstwhile Cash Option);INF109K01TW3;;13.7392;13.7392;13.7392;18-Apr-2008
103634;ICICI Prudential Money Market Fund Option - Daily IDCW;INF109K01TY9;;10.0010;10.0010;10.0010;18-Apr-2008
103633;ICICI Prudential Money Market Fund Option - Growth;INF109K01TX1;;11.6392;11.6392;11.6392;18-Apr-2008
103637;ICICI Prudential Money Market Fund Option - Monthly IDCW;INF109K01UC3;INF109K01UB5;10.0332;10.0332;10.0332;18-Apr-2008
103635;ICICI Prudential Money Market Fund Option - Weekly IDCW;INF109K01TZ6;;10.0101;10.0101;10.0101;18-Apr-2008
103636;ICICI Prudential Money Market Fund Option -Fortnightly IDCW;INF109K01UA7;;10.0084;10.0084;10.0084;18-Apr-2008

Nippon India Mutual Fund
103050;NIPPON INDIA MONEY MARKET FUND - DAILY IDCW Option;;INF204K01UY6;10.0031;10.0031;10.0031;18-Apr-2008
103051;NIPPON INDIA MONEY MARKET FUND - WEEKLY IDCW Option;;INF204K01UZ3;10.0174;10.0174;10.0174;18-Apr-2008
103048;Nippon India Money Market Fund-Growth Plan-Growth Option;INF204K01VA4;;12.2089;12.2089;12.2089;18-Apr-2008

UTI Mutual Fund
100724;UTI MMF- Discontinued - Regular Plan - Flexi Dividend Option;;INF789F01BD0;18.0399;18.0399;18.0399;18-Apr-2008
100725;UTI MMF- Discontinued - Regular Plan - Periodic Dividend Option;INF789F01BE8;;17.9267;17.9267;17.9267;18-Apr-2008
100723;UTI MMF-Discontinued - Regular Plan -Growth;INF789F01BF5;;22.7131;22.7131;22.7131;18-Apr-2008

Open Ended Schemes ( Debt Scheme - Credit Risk Fund )


Principal Mutual Fund
102729;Principal Credit Risk Fund - Regular Plan - Growth Option;INF173K01DM4;;12.7260;12.7260;12.7260;18-Apr-2008
102732;Principal Credit Risk Fund - Regular Plan - Monthly Dividend Option;INF173K01BJ4;INF173K01BK2;10.8783;10.8783;10.8783;18-Apr-2008
102726;Principal Floating Rate Fund - SMP-Daily Dividend;;;10.0007;10.0007;10.0007;18-Apr-2008
102725;Principal Floating Rate Fund - SMP-Growth;;;12.6728;12.6728;12.6728;18-Apr-2008
102730;Principal Floating Rate Fund - SMP-Insti. Daily Dividend;;;10.0007;10.0007;10.0007;18-Apr-2008
102731;Principal Floating Rate Fund - SMP-Insti. Weekly Dividend;;;10.0029;10.0029;10.0029;18-Apr-2008
102728;Principal Floating Rate Fund - SMP-Monthly Dividend;;;10.4821;10.4821;10.4821;18-Apr-2008
102727;Principal Floating Rate Fund - SMP-Weekly Dividend;;;10.0029;10.0029;10.0029;18-Apr-2008

Open Ended Schemes ( Debt Scheme - Floater Fund )


Franklin Templeton Mutual Fund
101048;Franklin India Floating Rate Fund - Growth Plan;INF090I01LM7;;14.5613;14.5613;14.5613;18-Apr-2008
101044;Franklin India Floating Rate Fund - IDCW ;INF090I01LN5;;10.0000;10.0000;10.0000;18-Apr-2008

Nippon India Mutual Fund
102676;NIPPON INDIA FLOATER FUND - DAILY IDCW REINVESTMENT Option;;INF204K01CI7;10.0697;10.0697;10.0697;18-Apr-2008
102673;Nippon India Floater Fund - Growth Plan-Growth Option;INF204K01CG1;;12.7166;12.7166;12.7166;18-Apr-2008
102675;NIPPON INDIA FLOATER FUND - MONTHLY IDCW Option;INF204K01CH9;INF204K01CK3;10.1782;10.1782;10.1782;18-Apr-2008
102677;NIPPON INDIA FLOATER FUND - WEEKLY IDCW Option;INF204K01OQ5;INF204K01CJ5;10.0971;10.0971;10.0971;18-Apr-2008
