Scheme Code;Scheme Name;ISIN Div Payout/ISIN Growth;ISIN Div Reinvestment;Net Asset Value;Repurchase Price;Sale Price;Date

Open Ended Schemes ( Debt Scheme - Overnight Fund )


Aditya Birla Sun Life Mutual Fund
145488;ADITYA BIRLA SUN LIFE OVERNIGHT FUND-  Direct - Monthly Payout of IDCW;INF209KB1ZL4;;1002.4917;;;24-May-2020
145489;ADITYA BIRLA SUN LIFE OVERNIGHT FUND-  Direct - Weekly Reinvestment of IDCW;;INF209KB1ZJ8;1000.1532;;;24-May-2020
145482;ADITYA BIRLA SUN LIFE OVERNIGHT FUND-  Regular - Weekly Reinvestment of IDCW option;;INF209KB1ZE9;1000.1466;;;24-May-2020
145487;ADITYA BIRLA SUN LIFE OVERNIGHT FUND- Direct - Daily Reinvestment of IDCW;;INF209KB1ZI0;1000.1531;;;24-May-2020
145483;ADITYA BIRLA SUN LIFE OVERNIGHT FUND- Regular - Daily Reinvestment of IDCW;;INF209KB1ZD1;1000.1466;;;24-May-2020
145485;ADITYA BIRLA SUN LIFE OVERNIGHT FUND- Regular- Monthly Payout of IDCW option;INF209KB1ZG4;;1002.3928;;;24-May-2020
145486;ADITYA BIRLA SUN LIFE OVERNIGHT FUND-DIRECT PLAN-GROWTH;INF209KB1ZH2;;1084.8101;;;24-May-2020
145481;ADITYA BIRLA SUNLIFE OVERNIGHT FUND-REGULAR PLAN-GROWTH;INF209KB1ZC3;;1082.5905;;;24-May-2020

Axis Mutual Fund
146679;Axis Overnight Fund - Direct Plan - Daily IDCW;;INF846K01N99;1000.5073;;;24-May-2020
146675;Axis Overnight Fund - Direct Plan - Growth Option;INF846K01N65;;1060.1804;;;24-May-2020
146677;Axis Overnight Fund - Direct Plan - Monthly IDCW;INF846K01N73;INF846K01N81;1003.2395;;;24-May-2020
146676;Axis Overnight Fund - Direct Plan - Weekly IDCW;INF846K01N40;INF846K01N57;1001.2010;;;24-May-2020
146682;Axis Overnight Fund - Regular Plan - Daily IDCW;;INF846K01O56;1000.5032;;;24-May-2020
146678;Axis Overnight Fund - Regular Plan - Growth Option;INF846K01O23;;1059.3619;;;24-May-2020
146681;Axis Overnight Fund - Regular Plan - Monthly IDCW;INF846K01O31;INF846K01O49;1003.1939;;;24-May-2020
146680;Axis Overnight Fund - Regular Plan - Weekly IDCW;INF846K01O07;INF846K01O15;1001.1620;;;24-May-2020

Bandhan Mutual Fund
146190;BANDHAN Overnight Fund - Direct Plan - Daily IDCW;INF194KB1462;INF194KB1470;1000.1426;;;24-May-2020
146191;BANDHAN Overnight Fund - Direct Plan - Growth;INF194KB1447;;1070.2321;;;24-May-2020
146183;BANDHAN Overnight Fund - Direct Plan - Monthly IDCW;INF194KB1496;INF194KB1504;1002.1927;;;24-May-2020
146192;BANDHAN Overnight Fund - Direct Plan - Weekly IDCW;INF194KB1553;INF194KB1561;1000.1464;;;24-May-2020
146188;BANDHAN Overnight Fund - Regular Plan - Daily IDCW;INF194KB1330;INF194KB1348;1000.1359;;;24-May-2020
146187;BANDHAN Overnight Fund - Regular Plan - Growth;INF194KB1314;;1068.4430;;;24-May-2020
146185;BANDHAN Overnight Fund - Regular Plan - Monthly IDCW;INF194KB1363;INF194KB1371;1002.0992;;;24-May-2020
146189;BANDHAN Overnight Fund - Regular Plan - Weekly IDCW;INF194KB1421;INF194KB1439;1001.0670;;;24-May-2020

Bank of India Mutual Fund
147951;BANK OF INDIA Overnight Fund Direct Plan Growth;INF761K01EU7;;1013.5442;;;24-May-2020
147948;BANK OF INDIA Overnight Fund Direct Plan- Monthly IDCW;INF761K01EY9;INF761K01EX1;1002.6179;;;24-May-2020
147936;BANK OF INDIA Overnight Fund Regular Plan Growth;INF761K01EZ6;;1013.2230;;;24-May-2020
147953;BANK OF INDIA Overnight Fund Regular Plan- Daily IDCW;;INF761K01FA6;1000.0000;;;24-May-2020

Baroda BNP Paribas Mutual Fund
147197;Baroda BNP Paribas Overnight Fund - Direct Plan - Daily IDCW;;INF955L01HW2;1000.0000;;;24-May-2020
147196;Baroda BNP Paribas Overnight Fund - Direct Plan - Growth;INF955L01HV4;;1053.3209;;;24-May-2020
147195;Baroda BNP Paribas Overnight Fund - Direct Plan - Weekly IDCW;;INF955L01HX0;1000.5571;;;24-May-2020
147194;Baroda BNP Paribas Overnight Fund - Regular Plan - Daily IDCW;;INF955L01HT8;1000.0000;;;24-May-2020
147193;Baroda BNP Paribas Overnight Fund - Regular Plan - Growth;INF955L01HS0;;1052.7532;;;24-May-2020
147198;Baroda BNP Paribas Overnight Fund - Regular Plan - Weekly IDCW;;INF955L01HU6;1000.5159;;;24-May-2020

Canara Robeco Mutual Fund
147532;CANARA ROBECO OVERNIGHT FUND - DIRECT PLAN - DAILY IDCW (Reinvestment);;INF760K01JN3;1001.0057;;;24-May-2020
147531;CANARA ROBECO OVERNIGHT FUND - DIRECT PLAN - GROWTH OPTION;INF760K01JM5;;1038.7801;;;24-May-2020
147533;CANARA ROBECO OVERNIGHT FUND - REGULAR PLAN - DAILY IDCW (Reinvestment);;INF760K01JP8;1001.0000;;;24-May-2020
147534;CANARA ROBECO OVERNIGHT FUND - REGULAR PLAN - GROWTH OPTION;INF760K01JO1;;1038.4380;;;24-May-2020

Edelweiss Mutual Fund
147551;Edelweiss Overnight Fund - Direct Plan - Annual - IDCW Option;INF754K01KD5;INF754K01KC7;1040.0355;;;24-May-2020
147557;Edelweiss Overnight Fund - Direct Plan - Daily - IDCW Option;;INF754K01JW7;1000;;;24-May-2020
147570;Edelweiss Overnight Fund - Direct Plan - Growth;INF754K01JV9;;1039.9847;;;24-May-2020
147552;Edelweiss Overnight Fund - Regular Plan - Daily - IDCW Option;;INF754K01KF0;1008.0163;;;24-May-2020
147569;Edelweiss Overnight Fund - Regular Plan - Growth;INF754K01KE3;;1039.2487;;;24-May-2020
147555;Edelweiss Overnight Fund - Regular Plan - Monthly - IDCW Option;INF754K01KK0;INF754K01KJ2;1006.0825;;;24-May-2020
147553;Edelweiss Overnight Fund - Regular Plan - Weekly - IDCW Option;;INF754K01KG8;1015.5431;;;24-May-2020

Groww Mutual Fund
147458;Groww Overnight Fund (formerly known as Indiabulls Overnight Fund)- Direct Plan- - Income Distribution cum capital withdrawal Option ( Reinvestment);;INF666M01GM6;1000.9773;;;24-May-2020
147452;Groww Overnight Fund (formerly known as Indiabulls Overnight Fund)- Direct Plan- Fortnightly - Income Distribution cum capital withdrawal Option (Payout & Reinvestment);INF666M01GP9;INF666M01GQ7;1002.4927;;;24-May-2020
147450;Groww Overnight Fund (formerly known as Indiabulls Overnight Fund)- Direct Plan- Growth Option;INF666M01GL8;;1040.7618;;;24-May-2020
147453;Groww Overnight Fund (formerly known as Indiabulls Overnight Fund)- Direct Plan- Monthly - Income Distribution cum capital withdrawal Option (Payout & Reinvestment);INF666M01GR5;INF666M01GS3;1002.4767;;;24-May-2020
147451;Groww Overnight Fund (formerly known as Indiabulls Overnight Fund)- Direct Plan- Weekly - Income Distribution cum capital withdrawal Option (Payout & Reinvestment);INF666M01GN4;INF666M01GO2;1001.4452;;;24-May-2020
147455;Groww Overnight Fund (formerly known as Indiabulls Overnight Fund)- Regular Plan- - Income Distribution cum capital withdrawal Option ( Reinvestment);;INF666M01GU9;1000.9164;;;24-May-2020
147457;Groww Overnight Fund (formerly known as Indiabulls Overnight Fund)- Regular Plan- Fortnightly - Income Distribution cum capital withdrawal Option (Payout & Reinvestment);INF666M01GX3;INF666M01GY1;1001.8144;;;24-May-2020
147454;Groww Overnight Fund (formerly known as Indiabulls Overnight Fund)- Regular Plan- Growth Option;INF666M01GT1;;1039.837;;;24-May-2020
147459;Groww Overnight Fund (formerly known as Indiabulls Overnight Fund)- Regular Plan- Monthly - Income Distribution cum capital withdrawal Option (Payout & Reinvestment);INF666M01GZ8;INF666M01HA9;1002.3715;;;24-May-2020
147456;Groww Overnight Fund (formerly known as Indiabulls Overnight Fund)- Regular Plan- Weekly - Income Distribution cum capital withdrawal Option (Payout & Reinvestment);INF666M01GV7;INF666M01GW5;1001.3705;;;24-May-2020

Invesco Mutual Fund
147884;Invesco India Overnight Fund - Direct Plan - Daily IDCW (Reinvestment);;INF205KA1122;1000.4881;;;24-May-2020
147883;Invesco India Overnight Fund - Direct Plan - Growth;INF205KA1163;;1014.3141;;;24-May-2020
147886;Invesco India Overnight Fund - Direct Plan - Monthly IDCW (Payout / Reinvestment);INF205KA1155;INF205KA1148;1002.0862;;;24-May-2020
147885;Invesco India Overnight Fund - Direct Plan - Weekly IDCW (Reinvestment);;INF205KA1130;1000.4879;;;24-May-2020
147880;Invesco India Overnight Fund - Regular Plan - Daily IDCW (Reinvestment);;INF205KA1072;1000.0018;;;24-May-2020
147878;Invesco India Overnight Fund - Regular Plan - Growth;INF205KA1114;;1014.0829;;;24-May-2020
147879;Invesco India Overnight Fund - Regular Plan - Monthly IDCW (Payout / Reinvestment);INF205KA1106;INF205KA1098;1002.0378;;;24-May-2020
147881;Invesco India Overnight Fund - Regular Plan - Weekly IDCW (Reinvestment);;INF205KA1080;1000.4847;;;24-May-2020

ITI Mutual Fund
147707;ITI Overnight Fund - Direct Plan - Annual IDCW Option;INF00XX01648;INF00XX01614;1017.1200;;;24-May-2020
147708;ITI Overnight Fund - Direct Plan - Daily IDCW Option;;INF00XX01572;1001.0038;;;24-May-2020
147710;ITI Overnight Fund - Direct Plan - Fortnightly IDCW Option;INF00XX01622;INF00XX01598;1001.9512;;;24-May-2020
147713;ITI Overnight Fund - Direct Plan - Growth Option;INF00XX01564;;1024.5277;;;24-May-2020
147717;ITI Overnight Fund - Direct Plan - Monthly IDCW Option;INF00XX01630;INF00XX01606;1003.1905;;;24-May-2020
147711;ITI Overnight Fund - Direct Plan - Weekly IDCW option;;INF00XX01580;1001.4034;;;24-May-2020
147715;ITI Overnight Fund - Regular Plan - Annual IDCW Option;INF00XX01556;INF00XX01523;1023.9860;;;24-May-2020
147709;ITI Overnight Fund - Regular Plan - Daily IDCW Option;;INF00XX01481;1001.0000;;;24-May-2020
147716;ITI Overnight Fund - Regular Plan - Fortnightly IDCW Option;INF00XX01531;INF00XX01507;1001.9044;;;24-May-2020
147714;ITI Overnight Fund - Regular Plan - Growth Option;INF00XX01473;;1023.9292;;;24-May-2020
147718;ITI Overnight Fund - Regular Plan - Monthly IDCW Option;INF00XX01549;INF00XX01515;1003.1348;;;24-May-2020
147712;ITI Overnight Fund - Regular Plan - Weekly IDCW Option;;INF00XX01499;1001.3828;;;24-May-2020

L&T Mutual Fund
118066;L&T Overnight Fund  - Regular Plan - Monthly IDCW;INF917K01EL4;INF917K01EM2;1002.5621;;;24-May-2020
119283;L&T Overnight Fund - Direct Plan - Growth;INF917K01EN0;;1565.1112;;;24-May-2020
119284;L&T Overnight Fund - Direct Plan- Daily IDCW;;INF917K01EO8;1023.4453;;;24-May-2020
119282;L&T Overnight Fund - Direct Plan- Monthly IDCW;INF917K01ER1;;1056.0991;;;24-May-2020
119285;L&T Overnight Fund - Direct Plan- Weekly IDCW;;INF917K01EP5;1001.8902;;;24-May-2020
118056;L&T Overnight Fund - Regular Plan - Daily IDCW;;INF917K01EJ8;1023.4399;;;24-May-2020
118058;L&T Overnight Fund - Regular Plan - Growth;INF917K01EI0;;1491.8273;;;24-May-2020
118065;L&T Overnight Fund - Regular Plan - Weekly IDCW;;INF917K01EK6;1000.482;;;24-May-2020

LIC Mutual Fund
147516;LIC MF Overnight Fund-Direct Plan-Daily IDCW;;INF767K01QG7;1000;;;24-May-2020
147515;LIC MF Overnight Fund-Direct Plan-Growth;INF767K01QI3;;1039.7097;;;24-May-2020
147513;LIC MF Overnight Fund-Direct Plan-IDCW;INF767K01QE2;INF767K01QF9;1039.4303;;;24-May-2020
147514;LIC MF Overnight Fund-Direct Plan-Weekly IDCW;;INF767K01QH5;1000.3657;;;24-May-2020
147517;LIC MF Overnight Fund-Regular Plan-Daily IDCW;;INF767K01QB8;1000;;;24-May-2020
147519;LIC MF Overnight Fund-Regular Plan-Growth;INF767K01QD4;;1038.5564;;;24-May-2020
147512;LIC MF Overnight Fund-Regular Plan-IDCW;INF767K01PZ9;INF767K01QA0;1038.706;;;24-May-2020

Mahindra Manulife Mutual Fund
147563;Mahindra Manulife Overnight Fund - Direct Plan - Daily IDCW;;INF174V01846;1000.1689;;;24-May-2020
147564;Mahindra Manulife Overnight Fund - Direct Plan -Growth;INF174V01838;;1037.5958;;;24-May-2020
147566;Mahindra Manulife Overnight Fund - Regular Plan - Daily IDCW;;INF174V01820;1000.2146;;;24-May-2020
147565;Mahindra Manulife Overnight Fund - Regular Plan - Growth;INF174V01812;;1036.7020;;;24-May-2020

PGIM India Mutual Fund
147605;PGIM India Overnight Fund - Direct Plan - Daily Dividend Option;;INF663L01T35;1000;;;24-May-2020
147606;PGIM India Overnight Fund - Direct Plan - Growth Option;INF663L01T01;;1034.6418;;;24-May-2020
147608;PGIM India Overnight Fund - Direct Plan - Weekly Dividend Option;INF663L01T19;INF663L01T27;1000.152;;;24-May-2020
147609;PGIM India Overnight Fund - Regular Plan - Daily Dividend Option;;INF663L01T76;1000;;;24-May-2020
147607;PGIM India Overnight Fund - Regular Plan - Weekly Dividend Option;INF663L01T50;INF663L01T68;1000.1564;;;24-May-2020
147600;PGIM India Overnight Fund - Regular Plan- Growth Option;INF663L01T43;;1033.7775;;;24-May-2020

SBI Mutual Fund
119831;SBI Overnight Fund - Direct Plan - Daily Income Distribution cum Capital Withdrawal Option (IDCW);;INF200K01TJ7;1014.1836;;;24-May-2020
119833;SBI OVERNIGHT FUND - DIRECT PLAN - GROWTH;INF200K01TK5;;3267.4852;;;24-May-2020
119832;SBI Overnight Fund - Direct Plan - Weekly Income Distribution cum Capital Withdrawal Option (IDCW);INF200K01TL3;INF200K01TM1;1035.6328;;;24-May-2020
114297;SBI Overnight Fund - Regular Plan - Daily Income Distribution cum Capital Withdrawal Option (IDCW);;INF200K01LN6;1014.0784;;;24-May-2020
101206;SBI OVERNIGHT FUND - REGULAR PLAN - GROWTH;INF200K01LQ9;;3237.8252;;;24-May-2020
103140;SBI Overnight Fund - Regular Plan - Weekly Income Distribution cum Capital Withdrawal Option (IDCW);INF200K01LO4;INF200K01LP1;1035.5199;;;24-May-2020

Sundaram Mutual Fund
146964;Sundaram Overnight Fund Direct Plan - Daily Reinvestment of Income Distribution cum Capital Withdrawal (IDCW);INF903JA1HJ9;;1000.1563;;;24-May-2020
146956;Sundaram Overnight Fund Direct Plan - Fortnightly Reinvestment of Income Distribution cum Capital Withdrawal (IDCW);INF903JA1HL5;;1062.7031;;;24-May-2020
146963;Sundaram Overnight Fund Direct Plan - Growth;INF903JA1HG5;;1067.1294;;;24-May-2020
146962;Sundaram Overnight Fund Direct Plan - Monthly Payout of Income Distribution cum Capital Withdrawal (IDCW);INF903JA1HH3;;1043.8674;;;24-May-2020
146957;Sundaram Overnight Fund Direct Plan - Monthly Reinvestment of Income Distribution cum Capital Withdrawal (IDCW);INF903JA1HM3;;1043.8674;;;24-May-2020
146953;Sundaram Overnight Fund Regular Plan - Daily Reinvestment of Income Distribution cum Capital Withdrawal (IDCW);INF903JA1HC4;;1000.1502;;;24-May-2020
146958;Sundaram Overnight Fund Regular Plan - Fortnightly Reinvestment of Income Distribution cum Capital Withdrawal (IDCW);INF903JA1HE0;;1064.6463;;;24-May-2020
146959;Sundaram Overnight Fund Regular Plan - Growth;INF903JA1GZ7;;1065.8214;;;24-May-2020
146960;Sundaram Overnight Fund Regular Plan - Monthly Payout of Income Distribution cum Capital Withdrawal (IDCW);INF903JA1HA8;;1039.8955;;;24-May-2020
146961;Sundaram Overnight Fund Regular Plan - Monthly Reinvestment of Income Distribution cum Capital Withdrawal (IDCW);INF903JA1HF7;;1039.8955;;;24-May-2020
146954;Sundaram Overnight Fund Regular Plan - Weekly Payout of Income Distribution cum Capital Withdrawal (IDCW);INF903JA1HD2;;1043.3064;;;24-May-2020

Tata Mutual Fund
146978;TATA Overnight Fund Direct Plan - Daily Reinvestment of Income Distribution cum capital withdrawal option   ;;INF277K019T3;1000.0000;;;24-May-2020
146979;TATA Overnight Fund Regular Plan - Daily Reinvestment of Income Distribution cum capital withdrawal option   ;;INF277K017T7;1000.0000;;;24-May-2020
146980;Tata Overnight Fund-Direct Plan-Growth;INF277K018T5;;1058.2120;;;24-May-2020
146977;Tata Overnight Fund-Regular Plan-Growth;INF277K016T9;;1056.9474;;;24-May-2020

Union Mutual Fund
147002;Union Overnight Fund - Direct Plan - Daily IDCW Option;;INF582M01FB0;1000.7630;;;24-May-2020
147003;Union Overnight Fund - Direct Plan - Growth Option;INF582M01FA2;;1056.5297;;;24-May-2020
147006;Union Overnight Fund - Direct Plan - Monthly IDCW Option;INF582M01FG9;INF582M01FE4;1002.8880;;;24-May-2020
146998;Union Overnight Fund - Regular Plan - Daily IDCW Option;;INF582M01FK1;1000.7533;;;24-May-2020
146997;Union Overnight Fund - Regular Plan - Growth Option;INF582M01FJ3;;1055.3061;;;24-May-2020

UTI Mutual Fund
100814;UTI - Overnight  Fund - Regular Plan - Growth Option;INF789F01604;;2724.1963;;;24-May-2020
120785;UTI - Overnight Fund - Direct Plan - Growth Option;INF789FB1S71;;2746.2037;;;24-May-2020
124266;UTI Overnight Fund - Direct Plan - Daily IDCW;;INF789FB1S89;1371.6621;;;24-May-2020
120786;UTI Overnight Fund - Direct Plan - Periodic IDCW;INF789FB1T05;INF789FB1S97;1489.0883;;;24-May-2020
124265;UTI Overnight Fund - Regular Plan - Daily IDCW;;INF789FB1T13;1370.8617;;;24-May-2020
100813;UTI Overnight Fund - Regular Plan - Periodic IDCW;INF789F01588;INF789F01596;1451.2884;;;24-May-2020

Open Ended Schemes ( Debt Scheme - Liquid Fund )


Aditya Birla Sun Life Mutual Fund
100047;Aditya Birla Sun Life Liquid Fund - Growth;INF209K01RU9;;320.3176;;;24-May-2020
119568;Aditya Birla Sun Life Liquid Fund - Growth - Direct Plan;INF209K01VA3;;322.1887;;;24-May-2020
100046;Aditya Birla Sun Life Liquid Fund -Daily IDCW;INF209K01KQ2;INF209K01SQ5;100.2141;;;24-May-2020
119569;Aditya Birla Sun Life Liquid Fund -Direct - daily IDCW;INF209K01UZ2;;100.2146;;;24-May-2020
119571;Aditya Birla Sun Life Liquid Fund -DIRECT - IDCW;INF209K01VD7;;174.9233;;;24-May-2020
119570;Aditya Birla Sun Life Liquid Fund -Direct - weekly IDCW;INF209K01VC9;;100.2446;;;24-May-2020
100041;Aditya Birla Sun Life Liquid Fund -Institutional - IDCW;;INF209K01KN9;108.0436;;;24-May-2020
100048;Aditya Birla Sun Life Liquid Fund -Institutional - weekly  IDCW;INF209KA1LK7;INF209K01KY6;108.0886;;;24-May-2020
103885;Aditya Birla Sun Life Liquid Fund -Regular - IDCW;INF209KA1LI1;;134.0297;;;24-May-2020
100044;Aditya Birla Sun Life Liquid Fund -Retail - IDCW;;INF209K01KP4;163.7252;;;24-May-2020
100051;Aditya Birla Sun Life Liquid Fund -weekly IDCW;INF209K01KU4;INF209KA1LJ9;100.2441;;;24-May-2020
112014;Aditya Birla Sun Life Liquid Fund- Discipline Advantage Plan;INF209K01KZ3;;215.6421;;;24-May-2020
100043;Aditya Birla Sun Life Liquid Fund-Institutional (Growth);INF209K01RT1;;533.429;;;24-May-2020
100042;Aditya Birla Sun Life Liquid Fund-Retail (Growth);INF209K01ME4;;519.8066;;;24-May-2020

Axis Mutual Fund
120388;Axis Liquid Fund - Direct Plan - Daily IDCW;;INF846K01DA0;1000.9560;;;24-May-2020
120389;Axis Liquid Fund - Direct Plan - Growth Option;INF846K01CX4;;2222.0601;;;24-May-2020
120391;Axis Liquid Fund - Direct Plan - Monthly IDCW;INF846K01CY2;INF846K01CZ9;1004.4466;;;24-May-2020
120390;Axis Liquid Fund - Direct Plan - Weekly IDCW;INF846K01DB8;INF846K01DC6;1002.9941;;;24-May-2020
112211;Axis Liquid Fund - Regular Plan - Daily IDCW;;INF846K01420;1001.3998;;;24-May-2020
112210;Axis Liquid Fund - Regular Plan - Growth Option;INF846K01412;;2211.6656;;;24-May-2020
112213;Axis Liquid Fund - Regular Plan - Monthly IDCW;INF846K01453;INF846K01461;1005.0012;;;24-May-2020
112212;Axis Liquid Fund - Regular Plan - Weekly IDCW;INF846K01438;INF846K01446;1002.9859;;;24-May-2020
112712;Axis Liquid Fund - Retail Plan - Daily IDCW;;INF846K01362;1000.9559;;;24-May-2020
112713;Axis Liquid Fund - Retail Plan - Growth Option;INF846K01354;;2077.5113;;;24-May-2020
112714;Axis Liquid Fund - Retail Plan - Monthly IDCW;INF846K01396;INF846K01404;1004.0449;;;24-May-2020
112715;Axis Liquid Fund - Retail Plan - Weekly IDCW;INF846K01370;INF846K01388;1001.4938;;;24-May-2020

Bandhan Mutual Fund
108692;BANDHAN LIQUID Fund - Regular Plan - Daily IDCW;INF194K01VZ4;INF194K01VY7;1001.2701;;;24-May-2020
108690;BANDHAN LIQUID Fund - Regular Plan - Growth;INF194K01VX9;;2408.7935;;;24-May-2020
108693;BANDHAN LIQUID Fund - Regular Plan - Monthly IDCW;INF194K01WF4;INF194K01WE7;1003.7897;;;24-May-2020
115489;BANDHAN LIQUID Fund - Regular Plan - Periodic IDCW;INF194K01WC1;INF194K01WB3;1079.6804;;;24-May-2020
108691;BANDHAN LIQUID Fund - Regular Plan - Weekly IDCW;INF194K01WI8;INF194K01WH0;1001.2719;;;24-May-2020
139582;BANDHAN LIQUID Fund - Unclaimed IDCW Less than 3 years;INF194KA14C0;;1.2889;;;24-May-2020
139583;BANDHAN LIQUID Fund - Unclaimed IDCW More than 3 years;INF194KA15C7;;1.0000;;;24-May-2020
139584;BANDHAN LIQUID Fund - Unclaimed Redemption Less than 3 years;INF194KA12C4;;1.2889;;;24-May-2020
139585;BANDHAN LIQUID Fund - Unclaimed Redemption More than 3 years;INF194KA13C2;;1.0000;;;24-May-2020
118365;BANDHAN LIQUID Fund -Direct Plan -Monthly IDCW;INF194K01J36;INF194K01J28;1010.5659;;;24-May-2020
118367;BANDHAN LIQUID Fund -Direct Plan -Weekly IDCW;INF194KB1JT8;INF194K01J51;1007.1481;;;24-May-2020
118366;BANDHAN LIQUID Fund -Direct Plan-Daily IDCW;;INF194K01I78;1001.8548;;;24-May-2020
118364;BANDHAN LIQUID Fund -Direct Plan-Growth;INF194K01I60;;2419.9414;;;24-May-2020
118363;BANDHAN LIQUID Fund -Direct Plan-Periodic IDCW;INF194K01J02;INF194K01I94;1012.6741;;;24-May-2020

Bank of India Mutual Fund
141887;BANK OF INDIA Liquid Fund  Unclaimed Dividend greater than  3 years;;;1000.0000;;;24-May-2020
141889;BANK OF INDIA Liquid Fund  Unclaimed Dividend Upto 3 years;;;1175.0500;;;24-May-2020
141888;BANK OF INDIA Liquid Fund  Unclaimed Redemption greater than  3 years;;;1000.0000;;;24-May-2020
141890;BANK OF INDIA Liquid Fund  Unclaimed Redemption Upto 3 years;;;1174.9290;;;24-May-2020
119368;BANK OF INDIA Liquid Fund- Direct Plan- Daily IDCW;;INF761K01CL0;1002.6483;;;24-May-2020
119369;BANK OF INDIA Liquid Fund- Direct Plan- Growth;INF761K01785;;2303.3706;;;24-May-2020
119370;BANK OF INDIA Liquid Fund- Direct Plan- Weekly IDCW;;INF761K01CM8;1062.7850;;;24-May-2020
111971;BANK OF INDIA Liquid Fund- Regular Plan- Daily IDCW;;INF761K01CO4;1002.1069;;;24-May-2020
109254;BANK OF INDIA Liquid Fund- Regular Plan- Growth;INF761K01306;;2287.2235;;;24-May-2020
109255;BANK OF INDIA Liquid Fund- Regular Plan- Weekly IDCW;;INF761K01CP1;1002.4619;;;24-May-2020

Baroda BNP Paribas Mutual Fund
119414;Baroda BNP Paribas LIQUID FUND - DIRECT PLAN - DAILY IDCW OPTION;INF955L01AK2;;1002.0849;;;24-May-2020
119415;Baroda BNP Paribas LIQUID FUND - DIRECT PLAN - GROWTH OPTION;INF955L01AL0;;2305.0704;;;24-May-2020
119416;Baroda BNP Paribas LIQUID FUND - DIRECT PLAN - WEEKLY IDCW OPTION;INF251K01SL8;;1220.0252;;;24-May-2020
111707;Baroda BNP Paribas LIQUID FUND - Regular Plan - DAILY IDCW OPTION;INF955L01468;INF955L01476;1001.1996;;;24-May-2020
111704;Baroda BNP Paribas LIQUID FUND - Regular Plan - GROWTH OPTION;INF955L01484;;2288.8818;;;24-May-2020
111705;Baroda BNP Paribas LIQUID FUND - Regular Plan - WEEKLY IDCW OPTION;INF251K01SK0;INF955L01500;1001.1939;;;24-May-2020
101408;Baroda BNP Paribas LIQUID FUND- Defunct Plan -Growth Option;INF955L01575;;3368.0803;;;24-May-2020
101407;Baroda BNP Paribas LIQUID FUND-Defunct Plan- IDCW Option;INF955L01559;INF955L01567;2885.6164;;;24-May-2020
101409;Baroda BNP Paribas LIQUID FUND-Defunct Plan-Daily IDCW Option;INF955L01518;INF955L01526;1006.0602;;;24-May-2020

Canara Robeco Mutual Fund
118307;CANARA ROBECO LIQUID FUND - DIRECT PLAN - DAILY IDCW (Reinvestment);;INF760K01FS0;1005.5000;;;24-May-2020
118305;CANARA ROBECO LIQUID FUND - DIRECT PLAN - GROWTH OPTION;INF760K01FU6;;2402.9219;;;24-May-2020
118304;CANARA ROBECO LIQUID FUND - DIRECT PLAN - IDCW (Payout/Reinvestment);INF760K01FT8;;1720.2453;;;24-May-2020
118306;CANARA ROBECO LIQUID FUND - DIRECT PLAN - MONTHLY IDCW (Payout/Reinvestment);INF760K01FV4;INF760K01FW2;1002.4684;;;24-May-2020
118308;CANARA ROBECO LIQUID FUND - DIRECT PLAN - WEEKLY IDCW (Payout/Reinvestment);INF760K01FY8;INF760K01FX0;1000.5166;;;24-May-2020
109349;CANARA ROBECO LIQUID FUND - REGULAR PLAN - DAILY IDCW (Reinvestment);;INF760K01CU3;1005.5000;;;24-May-2020
109353;CANARA ROBECO LIQUID FUND - REGULAR PLAN - GROWTH OPTION;INF760K01CW9;;2395.9985;;;24-May-2020
109351;CANARA ROBECO LIQUID FUND - REGULAR PLAN - MONTHLY IDCW (Payout/Reinvestment);INF760K01CX7;INF760K01CY5;1002.4550;;;24-May-2020
109350;CANARA ROBECO LIQUID FUND - REGULAR PLAN - WEEKLY IDCW (Payout/Reinvestment);INF760K01BZ4;INF760K01CZ2;1000.5144;;;24-May-2020
139235;Canara Robeco Liquid Fund -Unclaimed Redemption and Dividend Plan -Direct Growth Option;INF760K01IC8;;1306.7998;;;24-May-2020

DSP Mutual Fund
119125;DSP Liquidity Fund - Direct Plan - Growth;INF740K01QL4;;2861.5934;;;24-May-2020
119124;DSP Liquidity Fund - Direct Plan - IDCW - Daily;;INF740KA1OB6;1001.1186;;;24-May-2020
119123;DSP Liquidity Fund - Direct Plan - IDCW - Weekly;INF740KA1OC4;INF740KA1OD2;1001.2509;;;24-May-2020
103347;DSP Liquidity Fund - Regular Plan - Growth;INF740K01FK9;;2842.5611;;;24-May-2020
103348;DSP Liquidity Fund - Regular Plan - IDCW - Weekly;INF740K01FM5;INF740K01FL7;1001.2443;;;24-May-2020
103349;DSP Liquidity Fund- Regular Plan - IDCW - Daily;;INF740KA1OE0;1001.1142;;;24-May-2020

Edelweiss Mutual Fund
140194;Edelweiss Liquid Fund - Direct Plan - Bonus Option;INF754K01GY9;;1500.7433;;;24-May-2020
140196;Edelweiss Liquid Fund - Direct Plan - Growth Option;INF754K01GM4;;2579.5552;;;24-May-2020
140198;Edelweiss Liquid Fund - Direct Plan - IDCW Option;INF754K01GO0;INF754K01GN2;2579.571;;;24-May-2020
140192;Edelweiss Liquid Fund - Direct Plan Annual - IDCW Option;INF754K01GX1;INF754K01GT9;2579.5471;;;24-May-2020
140193;Edelweiss Liquid Fund - Direct Plan daily - IDCW Option;;INF754K01GP7;1002.9603;;;24-May-2020
140199;Edelweiss Liquid Fund - Direct Plan Fortnightly - IDCW Option;INF754K01GV5;INF754K01GR3;2174.0641;;;24-May-2020
140197;Edelweiss Liquid Fund - Direct Plan Monthly - IDCW Option;INF754K01GW3;INF754K01GS1;1008.4896;;;24-May-2020
140195;Edelweiss Liquid Fund - Direct Plan weekly - IDCW Option;INF754K01GU7;INF754K01GQ5;2173.3077;;;24-May-2020
140189;Edelweiss Liquid Fund - Regular Plan - Bonus Option;INF754K01HR1;;1488.7053;;;24-May-2020
140182;Edelweiss Liquid Fund - Regular Plan - Growth Option;INF754K01GZ6;;2555.633;;;24-May-2020
140190;Edelweiss Liquid Fund - Regular Plan - IDCW Option;INF754K01GK8;INF754K01GL6;2555.636;;;24-May-2020
140188;Edelweiss Liquid Fund - Regular Plan Annual - IDCW Option;INF754K01HQ3;INF754K01HP5;1768.4249;;;24-May-2020
140181;Edelweiss Liquid Fund - Regular Plan Daily - IDCW Option;;INF754K01HA7;1003.3974;;;24-May-2020
140184;Edelweiss Liquid Fund - Regular Plan Fortnightly - IDCW Option;INF754K01HK6;INF754K01HC3;2155.8488;;;24-May-2020
140183;Edelweiss Liquid Fund - Regular Plan Monthly - IDCW Option;INF754K01HL4;INF754K01HD1;1008.0571;;;24-May-2020
140185;Edelweiss Liquid Fund - Regular Plan Weekly - IDCW Option;INF754K01HJ8;INF754K01HB5;1018.8037;;;24-May-2020
140176;Edelweiss Liquid Fund - Retail Plan - Growth Option;INF754K01HE9;;2324.1594;;;24-May-2020
140178;Edelweiss Liquid Fund - Retail Plan - Weekly Dividend Option;;INF754K01HG4;1197.8346;;;24-May-2020
140177;Edelweiss Liquid Fund - Retail Plan Daily - IDCW Option;;INF754K01HF6;1003.1709;;;24-May-2020
140180;Edelweiss Liquid Fund - Retail Plan Monthly - IDCW Option;;INF754K01HI0;1211.9507;;;24-May-2020
141159;Edelweiss Liquid Fund - Unclaimed Dividend Plan- Above 3 years;;;1000;;;24-May-2020
141161;Edelweiss Liquid Fund - Unclaimed Dividend Plan- Upto 3 years;;;1233.5299;;;24-May-2020
141162;Edelweiss Liquid Fund - Unclaimed Redemption Plan- Above 3 years;;;1000;;;24-May-2020
141160;Edelweiss Liquid Fund - Unclaimed Redemption Plan- Upto 3 years;;;1233.5395;;;24-May-2020

Franklin Templeton Mutual Fund
100538;Franklin India Liquid Fund - Regular Plan - Growth;INF090I01BB1;;4658.4892;;;24-May-2020
118577;Franklin India Liquid Fund - Super Institutional - Direct - Growth;INF090I01JV2;;3007.4601;;;24-May-2020
100546;Franklin India Liquid Fund - Super Institutional Plan - Growth;INF090I01BG0;;2994.0913;;;24-May-2020
102441;Franklin India Liquid Fund - Institution-Growth;INF090I01BD7;;3029.1547;;;24-May-2020

Groww Mutual Fund
119135;Groww Liquid Fund ( formerly known as Indiabulls Liquid )Fund - Direct Plan - Growth Option;INF666M01451;;1952.0649;;;24-May-2020
119136;Groww Liquid Fund (formerly known as Indiabulls Liquid Fund) - Direct Plan- - Income Distribution cum capital withdrawal Option ( Reinvestment);;INF666M01469;1001.06;;;24-May-2020
115991;Groww Liquid Fund (formerly known as Indiabulls Liquid Fund) - Regular Plan - Growth Option;INF666M01014;;1938.0196;;;24-May-2020
119138;Groww Liquid Fund (formerly known as Indiabulls Liquid Fund)- Direct Plan- Fortnightly - Income Distribution cum capital withdrawal Option (Payout & Reinvestment);INF666M01501;INF666M01485;1001.9479;;;24-May-2020
119139;Groww Liquid Fund (formerly known as Indiabulls Liquid Fund)- Direct Plan- Monthly - Income Distribution cum capital withdrawal Option (Payout & Reinvestment);INF666M01519;INF666M01493;1031.5779;;;24-May-2020
119137;Groww Liquid Fund (formerly known as Indiabulls Liquid Fund)- Direct Plan- Weekly - Income Distribution cum capital withdrawal Option (Payout & Reinvestment);INF666M01527;INF666M01477;1001.1698;;;24-May-2020
115992;Groww Liquid Fund (formerly known as Indiabulls Liquid Fund)- Regular Plan- - Income Distribution cum capital withdrawal Option (Reinvestment);;INF666M01022;1001.1451;;;24-May-2020
115995;Groww Liquid Fund (formerly known as Indiabulls Liquid Fund)- Regular Plan- Monthly - Income Distribution cum capital withdrawal Option (Payout & Reinvestment);INF666M01071;INF666M01055;1002.9662;;;24-May-2020
115993;Groww Liquid Fund (formerly known as Indiabulls Liquid Fund)- Regular Plan- Weekly - Income Distribution cum capital withdrawal Option (Payout & Reinvestment);INF666M01089;INF666M01030;1002.225;;;24-May-2020
115994;Groww Liquid Fund (formerly known as Indiabulls Liquid) Fund- Regular Plan- Fortnightly - Income Distribution cum capital withdrawal Option (Payout & Reinvestment);INF666M01063;INF666M01048;1001.8298;;;24-May-2020
147937;Indiabulls Liquid Fund - Direct Plan- Growth -Unclaimed Redemption < 3 Yrs;;;1952.4212;;;24-May-2020
147939;Indiabulls Liquid Fund - Direct Plan- Growth- Unclaimed Redemption> 3Yrs;;;1952.5458;;;24-May-2020
147938;Indiabulls Liquid Fund- Direct Plan-Growth- Unclaimed Dividend < 3 Yrs;;;1950.7519;;;24-May-2020
147940;Indiabulls Liquid Fund-Direct Plan- Growth- Unclaimed Dividend > 3 Yrs;;;1952.7187;;;24-May-2020

HDFC Mutual Fund
119091;HDFC Liquid Fund - Growth Option - Direct Plan;INF179KB1HP9;;3937.5743;;;24-May-2020
100868;HDFC Liquid Fund - Growth Plan;INF179KB1HK0;;3913.8144;;;24-May-2020

ICICI Prudential Mutual Fund
120197;ICICI Prudential Liquid Fund - Direct Plan - Growth;INF109K01Q49;;296.209;;;24-May-2020
103340;ICICI Prudential Liquid Fund - Growth;INF109K01VQ1;;294.8646;;;24-May-2020

IDBI Mutual Fund
126163;IDBI Liquid Fund Bonus Direct;INF397L01FP5;;1609.2882;;;24-May-2020
118345;IDBI Liquid Fund Growth Direct;INF397L01AH3;;2148.4602;;;24-May-2020
113104;IDBI Liquid Fund- Monthly IDCW;INF397L01976;INF397L01968;1007.4469;;;24-May-2020
118449;IDBI Liquid Fund- Monthly IDCW Direct;INF397L01AK7;INF397L01AJ9;1005.9105;;;24-May-2020
113102;IDBI Liquid Fund-Daily IDCW;;INF397L01935;1005.2683;;;24-May-2020
118450;IDBI Liquid Fund-Daily IDCW Direct;;INF397L01AI1;1002.3548;;;24-May-2020
113096;IDBI Liquid Fund-Growth;INF397L01984;;2132.6729;;;24-May-2020
113103;IDBI Liquid Fund-Weekly IDCW;INF397L01950;INF397L01943;1024.0343;;;24-May-2020
118451;IDBI Liquid Fund-Weekly IDCW Direct;INF397L01AM3;INF397L01AL5;1004.7547;;;24-May-2020

Invesco Mutual Fund
122786;Invesco India Liquid Fund - Bonus Option;INF205K01UX5;;2736.9485;;;24-May-2020
104484;Invesco India Liquid Fund - Daily IDCW (Reinvestment);;INF205K01HN3;1002.7827;;;24-May-2020
120537;Invesco India Liquid Fund - Direct Plan - Growth;INF205K01MF9;;2749.9588;;;24-May-2020
120536;Invesco India Liquid Fund - Direct Plan - Monthly IDCW (Payout / Reinvestment);INF205K01MG7;INF205K01MH5;1031.375;;;24-May-2020
120535;Invesco India Liquid Fund - Direct Plan - Weekly IDCW (Reinvestment);INF205KA1BE5;INF205K01MI3;1001.4724;;;24-May-2020
120534;Invesco India Liquid Fund - Direct Plan- Daily IDCW (Reinvestment);;INF205K01ME2;1000.9596;;;24-May-2020
104486;Invesco India Liquid Fund - Growth;INF205K01HM5;;2736.196;;;24-May-2020
104492;Invesco India Liquid Fund - Monthly IDCW (Payout / Reinvestment);INF205K01HQ6;INF205K01HP8;1006.6753;;;24-May-2020
104488;Invesco India Liquid Fund - Regular - Growth;INF205K01HG7;;2489.3598;;;24-May-2020
104489;Invesco India Liquid Fund - Regular - Weekly IDCW (Reinvestment);;INF205K01HH5;1003.0615;;;24-May-2020
139390;Invesco India Liquid Fund - Unclaimed Dividend Plan - Above 3 Years;;;1000;;;24-May-2020
139389;Invesco India Liquid Fund - Unclaimed Dividend Plan - Below 3 Years;;;1303.1976;;;24-May-2020
139388;Invesco India Liquid Fund - Unclaimed Redemption Plan - Above 3 Years;;;1000;;;24-May-2020
139387;Invesco India Liquid Fund - Unclaimed Redemption Plan - Below 3 years;;;1303.1791;;;24-May-2020
104485;Invesco India Liquid Fund - Weekly IDCW (Reinvestment);INF205KA1BD7;INF205K01HO1;1004.6669;;;24-May-2020

ITI Mutual Fund
147161;ITI Liquid Fund - Direct Plan - Annually IDCW Option;INF00XX01366;INF00XX01333;1053.4005;;;24-May-2020
147158;ITI Liquid Fund - Direct Plan - Daily IDCW Option;;INF00XX01291;1001.3233;;;24-May-2020
147160;ITI Liquid Fund - Direct Plan - Fortnightly IDCW Option;INF00XX01341;INF00XX01317;1001.8822;;;24-May-2020
147157;ITI Liquid Fund - Direct Plan - Growth Option;INF00XX01283;;1053.3870;;;24-May-2020
147163;ITI Liquid Fund - Direct Plan - Monthly IDCW Option;INF00XX01358;INF00XX01325;1003.0920;;;24-May-2020
147159;ITI Liquid Fund - Direct Plan - Weekly IDCW Option;;INF00XX01309;1001.3639;;;24-May-2020
147162;ITI Liquid Fund - Regular Plan - Annually IDCW Option;INF00XX01275;INF00XX01242;1053.7013;;;24-May-2020
147154;ITI Liquid Fund - Regular Plan - Daily IDCW Option;;INF00XX01200;1001.0000;;;24-May-2020
147155;ITI Liquid Fund - Regular Plan - Fortnightly Income Distribution cum capital withdrawal option Option;INF00XX01259;INF00XX01226;1008.1016;;;24-May-2020
147153;ITI Liquid Fund - Regular Plan - Growth Option;INF00XX01192;;1052.1311;;;24-May-2020
147156;ITI Liquid Fund - Regular Plan - Monthly IDCW Option;INF00XX01267;INF00XX01234;1003.0162;;;24-May-2020
147164;ITI Liquid Fund - Regular Plan - Weekly IDCW Option;;INF00XX01218;1001.3450;;;24-May-2020

L&T Mutual Fund
122235;L&T Liquid Fund - Direct Plan - Weekly IDCW;;INF917K01HE2;1001.7441;;;24-May-2020
119791;L&T Liquid Fund - Direct Plan -Daily IDCW;INF917K01HG7;;1014.5321;;;24-May-2020
119790;L&T Liquid Fund - Direct Plan -Growth;INF917K01HF9;;2742.4625;;;24-May-2020
112458;L&T Liquid Fund - Regular Plan - Weekly IDCW;INF917K01BK2;INF917K01JG3;1003.5069;;;24-May-2020
112445;L&T Liquid Fund -Regular Plan - Daily IDCW;INF917K01JB4;;1011.9587;;;24-May-2020
112457;L&T Liquid Fund -Regular Plan - Growth;INF917K01JH1;;2731.2689;;;24-May-2020

LIC Mutual Fund
120248;LIC MF Liquid Fund-Direct Plan-Daily IDCW;INF767K01DL5;INF767K01DM3;1098;;;24-May-2020
120249;LIC MF Liquid Fund-Direct Plan-Growth;INF767K01DN1;;3631.5158;;;24-May-2020
101184;LIC MF Liquid Fund-Regular Plan-Daily IDCW;INF767K01IQ3;INF767K01IR1;1098;;;24-May-2020
101185;LIC MF Liquid Fund-Regular Plan-Growth;INF767K01IS9;;3602.7254;;;24-May-2020

Mahindra Manulife Mutual Fund
139535;Mahindra Manulife Liquid Fund - Direct Plan - Daily IDCW;;INF174V01051;1000.9099;;;24-May-2020
139536;Mahindra Manulife Liquid Fund - Direct Plan - Weekly IDCW;;INF174V01069;1003.3695;;;24-May-2020
139538;Mahindra Manulife Liquid Fund - Direct Plan -Growth;INF174V01044;;1298.8165;;;24-May-2020
139534;Mahindra Manulife Liquid Fund - Regular Plan - Daily IDCW;;INF174V01028;1000.9099;;;24-May-2020
139537;Mahindra Manulife Liquid Fund - Regular Plan - Growth;INF174V01010;;1292.3116;;;24-May-2020
139541;Mahindra Manulife Liquid Fund - Regular Plan - Weekly IDCW;;INF174V01036;1009.7812;;;24-May-2020
139539;Mahindra Manulife Liquid Fund - Unclaimed Redemption / IDCW Upto three years;;;1153.4662;;;24-May-2020

Nippon India Mutual Fund
100852;NIPPON INDIA LIQUID FUND - DAILY IDCW OPTION;;INF204K01UM1;1529.0405;;;24-May-2020
118695;NIPPON INDIA LIQUID FUND - DIRECT Plan - DAILY IDCW OPTION;;INF204K01ZG2;1529.0480;;;24-May-2020
118696;NIPPON INDIA LIQUID FUND - DIRECT Plan - MONTHLY IDCW OPTION;INF204K01ZI8;INF204K01ZJ6;1593.8922;;;24-May-2020
118698;NIPPON INDIA LIQUID FUND - DIRECT Plan - QUARTERLY IDCW OPTION;INF204K01ZK4;INF204K01ZL2;1016.8898;;;24-May-2020
118700;NIPPON INDIA LIQUID FUND - DIRECT Plan - WEEKLY IDCW OPTION;INF204KC1FN6;INF204K01ZM0;1530.6081;;;24-May-2020
118701;Nippon India Liquid Fund - Direct Plan Growth Plan - Growth Option;INF204K01ZH0;;4892.7107;;;24-May-2020
100855;NIPPON INDIA LIQUID FUND - MONTHLY IDCW OPTION;INF204K01UO7;INF204K01UP4;1590.4765;;;24-May-2020
112340;NIPPON INDIA LIQUID FUND - QUARTERLY IDCW OPTION;INF204K01UQ2;INF204K01UR0;1014.5155;;;24-May-2020
100837;Nippon India Liquid Fund - Retail Option - Growth Plan;INF204K01UL3;;4441.7773;;;24-May-2020
100842;NIPPON INDIA LIQUID FUND - RETAIL Plan - DAILY IDCW OPTION;;INF204K01UJ7;1524.5228;;;24-May-2020
100843;NIPPON INDIA LIQUID FUND - RETAIL plan - MONTHLY IDCW OPTION;INF204K01UT6;INF204K01UU4;1331.3278;;;24-May-2020
100844;NIPPON INDIA LIQUID FUND - RETAIL Plan - QUARTERLY IDCW OPTION;INF204K01UV2;INF204K01UW0;1227.5385;;;24-May-2020
100838;NIPPON INDIA LIQUID FUND - RETAIL Plan - WEEKLY IDCW OPTION;;INF204K01UK5;1034.3314;;;24-May-2020
100853;NIPPON INDIA LIQUID FUND - WEEKLY IDCW OPTION;INF204KC1FM8;INF204K01US8;1530.6011;;;24-May-2020
100851;Nippon India Liquid Fund -Growth Plan;INF204K01UN9;;4863.4322;;;24-May-2020

PGIM India Mutual Fund
139603;PGIM India Insta Cash Fund - Unclaimed Dividend Plan - Below 3 years;;;127.2373;;;24-May-2020
139604;PGIM India Insta Cash Fund - Unclaimed Redemption Plan - Above 3 years;;;100.3702;;;24-May-2020
139605;PGIM India Insta Cash Fund - Unclamied Dividend Plan - Above 3 years;;;100.3739;;;24-May-2020
139602;PGIM India Insta Cash Fund - Unlcaimed Redemption Plan - Below 3 years;;;127.12;;;24-May-2020
138286;PGIM India Liquid Fund - Bonus Option;INF223J01BQ4;;177.1098;;;24-May-2020
138285;PGIM India Liquid Fund - Daily Dividend;;INF223J01BO9;100.304;;;24-May-2020
138297;PGIM India Liquid Fund - Direct Plan - Daily Dividend;INF223J01NR7;;103.9541;;;24-May-2020
138299;PGIM India Liquid Fund - Direct Plan - Growth;INF223J01NS5;;260.488;;;24-May-2020
138298;PGIM India Liquid Fund - Direct Plan - Monthly Dividend;INF223J01NT3;INF223J01NU1;108.4273;;;24-May-2020
138301;PGIM India Liquid Fund - Direct Plan - Weekly Dividend;INF223J01NV9;INF223J01NW7;100.5278;;;24-May-2020
138288;PGIM India Liquid Fund - Growth;INF223J01BP6;;259.0679;;;24-May-2020
138287;PGIM India Liquid Fund - Monthly Dividend;INF223J01BL5;;109.1692;;;24-May-2020
138289;PGIM India Liquid Fund - Weekly Dividend;INF223J01BU6;;100.5265;;;24-May-2020

Principal Mutual Fund
100895;Principal Cash Management Fund - Daily Income Distribution CUM Capital Withdrawal;;INF173K01DB7;1001.0705;;;24-May-2020
119468;Principal Cash Management Fund - Direct Plan - Growth Option;INF173K01GU0;;1769.2460;;;24-May-2020
119467;Principal Cash Management Fund - Direct Plan - Income Distribution CUM Capital Withdrawal Option - Daily;;INF173K01GT2;1000.8234;;;24-May-2020
119469;Principal Cash Management Fund - Direct Plan - Income Distribution CUM Capital Withdrawal Option - Weekly;;INF173K01GY2;1007.2337;;;24-May-2020
100897;Principal Cash Management Fund - Monthly Income Distribution CUM Capital Withdrawal Option;INF173K01BV9;INF173K01BW7;1023.7583;;;24-May-2020
100896;Principal Cash Management Fund - Weekly Income Distribution CUM Capital Withdrawal Option;;INF173K01DC5;1006.7710;;;24-May-2020
119466;Principal Cash Management Fund -Direct Plan - Income Distribution CUM Capital Withdrawal Option - Monthly;INF173K01GV8;INF173K01GW6;1023.8009;;;24-May-2020
100898;Principal Cash Management Fund -Growth Option;INF173K01DA9;;1759.9642;;;24-May-2020

Quantum Mutual Fund
103736;Quantum Liquid Fund - Direct Plan Daily IDCW;;INF082J01135;10.0076;;;24-May-2020
103734;Quantum Liquid Fund - Direct Plan Growth Option;INF082J01127;;27.0784;;;24-May-2020
103735;Quantum Liquid Fund - Direct Plan Monthly IDCW;INF082J01143;INF082J01200;10.0370;;;24-May-2020
141065;Quantum Liquid Fund - Regular Plan Daily IDCW;;INF082J01317;10.0020;;;24-May-2020
141066;Quantum Liquid Fund - Regular Plan Growth Option;INF082J01309;;27.0269;;;24-May-2020
141067;Quantum Liquid Fund - Regular Plan Monthly IDCW;INF082J01325;INF082J01333;10.0350;;;24-May-2020

SBI Mutual Fund
119804;SBI Liquid Fund - Direct Paln - Fortnightly Income Distribution cum Capital Withdrawal Option (IDCW);INF200K01UR8;INF200K01US6;1023.1504;;;24-May-2020
119805;SBI Liquid Fund - Direct Plan - Daily Income Distribution cum Capital Withdrawal Option (IDCW);;INF200K01UQ0;1011.0476;;;24-May-2020
119799;SBI Liquid Fund - Direct Plan - Weekly Income Distribution cum Capital Withdrawal Option (IDCW);INF200K01UU2;INF200K01UV0;1070.1039;;;24-May-2020
119800;SBI Liquid Fund - DIRECT PLAN -Growth;INF200K01UT4;;3133.1825;;;24-May-2020
105274;SBI Liquid Fund - Institutional - Growth;INF200K01LU1;;3146.7253;;;24-May-2020
105275;SBI Liquid Fund - Institutional Daily Income Distribution cum Capital Withdrawal Option (IDCW);;INF200K01LR7;1010.9278;;;24-May-2020
105279;SBI Liquid Fund - Institutional Fortnightly Income Distribution cum Capital Withdrawal Option (IDCW);INF200K01LS5;INF200K01LT3;1034.4371;;;24-May-2020
105281;SBI Liquid Fund - Regular Plan - Daily Income Distribution cum Capital Withdrawal Option (IDCW);;INF200K01LX5;1010.9226;;;24-May-2020
105283;SBI Liquid Fund - Regular Plan - Fortnightly Income Distribution cum Capital Withdrawal Option (IDCW);INF200K01LY3;INF200K01LZ0;1023.0356;;;24-May-2020
105282;SBI Liquid Fund - Regular Plan - Weekly Income Distribution cum Capital Withdrawal Option (IDCW);INF200K01MB9;INF200K01MC7;1069.9735;;;24-May-2020
105280;SBI Liquid Fund - REGULAR PLAN -Growth;INF200K01MA1;;3117.2888;;;24-May-2020

Sundaram Mutual Fund
119690;Sundaram Money Fund Direct Plan - Bonus;INF903J01RL8;;15.0998;;;24-May-2020
119688;Sundaram Money Fund Direct Plan - Daily Reinvestment of Income Distribution cum Capital Withdrawal (IDCW);;INF903J01QA3;10.1044;;;24-May-2020
119692;Sundaram Money Fund Direct Plan - Fortnightly Reinvestment of Income Distribution cum Capital Withdrawal (IDCW);;INF903J01QB1;26.3411;;;24-May-2020
119686;Sundaram Money Fund Direct Plan - Growth;INF903J01QF2;;42.1932;;;24-May-2020
119687;Sundaram Money Fund Direct Plan - Monthly Income Distribution cum Capital Withdrawal (IDCW);INF903J01QC9;INF903J01QD7;10.7981;;;24-May-2020
119689;Sundaram Money Fund Direct Plan - Quarterly Reinvestment of Income Distribution cum Capital Withdrawal (IDCW);;INF903J01QE5;39.1965;;;24-May-2020
119691;Sundaram Money Fund Direct Plan - Weekly Reinvestment of Income Distribution cum Capital Withdrawal (IDCW);;INF903J01QG0;12.0030;;;24-May-2020
102701;Sundaram Money Fund Institutional Plan - Daily Reinvestment of Income Distribution cum Capital Withdrawal (IDCW);;INF903J01GP2;10.0972;;;24-May-2020
118328;Sundaram Money Fund Regular Plan - Bonus;INF903J01MB0;;14.9977;;;24-May-2020
103392;Sundaram Money Fund Regular Plan - Daily Reinvestment of Income Distribution cum Capital Withdrawal (IDCW);;INF903J01GW8;10.0972;;;24-May-2020
103395;Sundaram Money Fund Regular Plan - Fortnightly Reinvestment of Income Distribution cum Capital Withdrawal (IDCW);;INF903J01GY4;11.1428;;;24-May-2020
103397;Sundaram Money Fund Regular Plan - Growth;INF903J01GU2;;41.9564;;;24-May-2020
103396;Sundaram Money Fund Regular Plan - Monthly Income Distribution cum Capital Withdrawal (IDCW);INF903J01GV0;INF903J01GZ1;10.6531;;;24-May-2020
103393;Sundaram Money Fund Regular Plan - Quarterly Reinvestment of Income Distribution cum Capital Withdrawal (IDCW);;INF903J01HA2;39.0192;;;24-May-2020
100620;Sundaram Money Fund Retail Plan - Daily Reinvestment of Income Distribution cum Capital Withdrawal (IDCW);;INF903J01GI7;10.0972;;;24-May-2020
100622;Sundaram Money Fund Retail Plan - Fortnightly Reinvestment of Income Distribution cum Capital Withdrawal (IDCW);;INF903J01GK3;11.1265;;;24-May-2020
100618;Sundaram Money Fund Retail Plan - Growth;INF903J01GG1;;39.2105;;;24-May-2020
100623;Sundaram Money Fund Retail Plan - Monthly Income Distribution cum Capital Withdrawal (IDCW);INF903J01GH9;INF903J01GL1;10.2979;;;24-May-2020
100619;Sundaram Money Fund Retail Plan - Quarterly Reinvestment of Income Distribution cum Capital Withdrawal (IDCW);;INF903J01GM9;12.7192;;;24-May-2020
100621;Sundaram Money Fund Retail Plan - Weekly Reinvestment of Income Distribution cum Capital Withdrawal (IDCW);;INF903J01GJ5;11.9359;;;24-May-2020
140006;Sundaram Money Fund Unclaimed Amount Plan - Unclaimed Dividend Less Than Three Years;INF903JA1567;;12.5749;;;24-May-2020
140005;Sundaram Money Fund Unclaimed Amount Plan - Unclaimed Dividend More Than Three Years;INF903JA1575;;10.0000;;;24-May-2020
140003;Sundaram Money Fund Unclaimed Amount Plan - Unclaimed Redemption Less Than Three Years;INF903JA1542;;12.5847;;;24-May-2020
140004;Sundaram Money Fund Unclaimed Amount Plan - Unclaimed Redemption More Than Three Years;INF903JA1559;;10.0000;;;24-May-2020
103394;Sundaram Money Fund Regular Plan - Weekly Reinvestment of Income Distribution cum Capital Withdrawal (IDCW);;INF903J01GX6;11.9800;;;24-May-2020

Tata Mutual Fund
102672;Tata Liquid Fund -Regular Plan - Growth Option;INF277K01YD8;;3139.4250;;;24-May-2020
119862;Tata Liquid Fund- Direct Plan - Daily Reinvestment of IDCW Option;;INF277K012D2;1001.5187;;;24-May-2020
119861;Tata Liquid Fund- Direct Plan-Growth Option;INF277K01YE6;;3158.5665;;;24-May-2020
101714;Tata Liquid Fund- Regular Plan - Daily Reinvestment of IDCW Option;;INF277K011D4;1001.5157;;;24-May-2020

Union Mutual Fund
115401;Union Liquid Fund - Daily IDCW Option;;INF582M01021;1000.7927;;;24-May-2020
119301;Union Liquid Fund - Direct Plan - Daily IDCW Option;;INF582M01682;1000.7927;;;24-May-2020
119305;Union Liquid Fund - Direct Plan - Fortnightly IDCW Option;INF582M01724;INF582M01708;1002.5153;;;24-May-2020
119303;Union Liquid Fund - Direct Plan - Growth Option;INF582M01674;;1927.3617;;;24-May-2020
119302;Union Liquid Fund - Direct Plan - Monthly IDCW Option;INF582M01732;INF582M01716;1004.4738;;;24-May-2020
119304;Union Liquid Fund - Direct Plan - Weekly IDCW Option;;INF582M01690;1001.5240;;;24-May-2020
115399;Union Liquid Fund - Fortnightly IDCW Option;INF582M01062;INF582M01047;1002.4918;;;24-May-2020
115398;Union Liquid Fund - Growth Option;INF582M01013;;1913.4354;;;24-May-2020
115400;Union Liquid Fund - Monthly IDCW Option;INF582M01070;INF582M01054;1004.4034;;;24-May-2020
142345;Union Liquid Fund - Unclaimed Amounts Plan - IDCW Beyond 3 years;;;1000.0000;;;24-May-2020
142344;Union Liquid Fund - Unclaimed Amounts Plan - IDCW Upto 3 years;;;1116.9611;;;24-May-2020
142343;Union Liquid Fund - Unclaimed Amounts Plan - Redemption Beyond 3 years;;;1000.0000;;;24-May-2020
142342;Union Liquid Fund - Unclaimed Amounts Plan - Redemption Upto 3 years;;;1116.7498;;;24-May-2020
115402;Union Liquid Fund - Weekly IDCW Option;;INF582M01039;1001.7637;;;24-May-2020

UTI Mutual Fund
134427;UTI Liquid Fund - Direct Plan - Annual IDCW;INF789FA1K63;INF789FA1K71;1441.4456;;;24-May-2020
120558;UTI Liquid Fund - Direct Plan - Daily IDCW (Reinvestment);;INF789F01XP8;1019.4457;;;24-May-2020
141768;UTI Liquid Fund - Direct Plan - Flexi IDCW;INF789FA1K89;INF789FA1K97;1187.2395;;;24-May-2020
140913;UTI Liquid Fund - Direct Plan - Fortnightly IDCW;INF789FA1K06;INF789FA1K14;1157.2614;;;24-May-2020
140504;UTI Liquid Fund - Direct Plan - Half-Yearly IDCW;INF789FA1K48;INF789FA1K55;1125.9566;;;24-May-2020
120794;UTI Liquid Fund - Direct Plan - Monthly IDCW;INF789F01XR4;INF789F01XS2;1028.4815;;;24-May-2020
140024;UTI Liquid Fund - Direct Plan - Quarterly IDCW;INF789FA1K22;INF789FA1K30;1361.346;;;24-May-2020
120777;UTI Liquid Fund - Direct Plan - Weekly IDCW;;INF789F01XT0;1053.5219;;;24-May-2020
133973;UTI Liquid Fund - Regular Plan - Annual IDCW;INF789FA1J66;INF789FA1J74;1438.7586;;;24-May-2020
102010;UTI Liquid Fund - Regular Plan - Daily IDCW (Reinvestment);;INF789F01PG3;1021.7671;;;24-May-2020
140517;UTI Liquid Fund - Regular Plan - Flexi IDCW;INF789FA1J82;INF789FA1J90;1185.7988;;;24-May-2020
139838;UTI Liquid Fund - Regular Plan - Fortnightly IDCW;INF789FA1J09;INF789FA1J17;1156.4017;;;24-May-2020
144475;UTI Liquid Fund - Regular Plan - Half-Yearly IDCW;INF789FA1J41;INF789FA1J58;1001.6545;;;24-May-2020
102011;UTI Liquid Fund - Regular Plan - Monthly IDCW;INF789F01PI9;INF789F01PJ7;1028.4251;;;24-May-2020
135721;UTI Liquid Fund - Regular Plan - Quarterly IDCW;INF789FA1J25;INF789FA1J33;1358.4677;;;24-May-2020
102013;UTI Liquid Fund - Regular Plan - Weekly IDCW;;INF789F01PK5;1053.5074;;;24-May-2020
120304;UTI-  Liquid Cash Plan - Direct Plan - Growth Option;INF789F01XQ6;;3277.5949;;;24-May-2020
102012;UTI-  Liquid Cash Plan - Regular Plan - Growth Option;INF789F01PH1;;3262.9223;;;24-May-2020
102008;UTI-  Liquid Cash Plan- Discontinued - Regular Plan - Monthly Dividend Option;INF789F01BC2;INF789F01BA6;1171.8167;;;24-May-2020
102009;UTI-  Liquid Cash Plan- Discontinued - Regular Plan -Growth;INF789F01BB4;;3031.0322;;;24-May-2020
102007;UTI-  Liquid Cash Plan- Discontinued -Regular Plan Periodic Dividend Option;;INF789F01AZ5;1134.8888;;;24-May-2020

Close Ended Schemes ( Income )


SBI Mutual Fund
146547;SBI Capital Protection Oriented Fund - Series A (Plan 1) - Direct Plan - Growth;INF200KA1ZR1;;10.7846;;;24-May-2020
146546;SBI Capital Protection Oriented Fund - Series A (Plan 1) - Regular Plan - Growth;INF200KA1ZQ3;;10.7177;;;24-May-2020
146704;SBI Capital Protection Oriented Fund - Series A (Plan 2) - Direct Plan - Growth;INF200KA1B96;;10.7496;;;24-May-2020
146705;SBI Capital Protection Oriented Fund - Series A (Plan 2) - Regular Plan - Growth;INF200KA1B88;;10.6756;;;24-May-2020
147242;SBI Capital Protection Oriented Fund - Series A (Plan 3) - Direct Plan - Growth;INF200KA1E51;;10.7857;;;24-May-2020
147240;SBI Capital Protection Oriented Fund - Series A (Plan 3) - Regular Plan - Growth;INF200KA1E44;;10.7188;;;24-May-2020
147359;SBI Capital Protection Oriented Fund - Series A (Plan 4) - Direct Plan - Growth;INF200KA1G34;;10.7071;;;24-May-2020
147360;SBI Capital Protection Oriented Fund - Series A (Plan 4) - Regular Plan - Growth;INF200KA1G26;;10.6463;;;24-May-2020
147631;SBI Capital Protection Oriented Fund - Series A (Plan 5) - Direct Plan - Growth;INF200KA1K12;;10.4654;;;24-May-2020
147632;SBI Capital Protection Oriented Fund - Series A (Plan 5) - Regular Plan - Growth;INF200KA1K04;;10.4118;;;24-May-2020
147644;SBI Capital Protection Oriented Fund - Series A (Plan 6) - Direct Plan - Growth;INF200KA1K87;;10.3630;;;24-May-2020
147643;SBI Capital Protection Oriented Fund - Series A (Plan 6) - Regular Plan - Growth;INF200KA1K79;;10.3134;;;24-May-2020
147942;SBI Capital Protection Oriented Fund - Series A (Plan 7) - Direct Plan - Growth;INF200KA1O67;;10.0784;;;24-May-2020
147941;SBI Capital Protection Oriented Fund - Series A (Plan 7) - Regular Plan - Growth;INF200KA1O59;;10.0569;;;24-May-2020
148172;SBI Capital Protection Oriented Fund - Series A (Plan 8) - Direct Plan - Growth;INF200KA1P25;;10.2652;;;24-May-2020
148171;SBI Capital Protection Oriented Fund - Series A (Plan 8) - Regular Plan - Growth;INF200KA1P17;;10.2522;;;24-May-2020
141525;SBI DEBT FUND SERIES C - 1 (1100 DAYS) - DIRECT PLAN - DIVIDEND PAYOUT;INF200KA1PX0;;11.2691;;;24-May-2020
141524;SBI DEBT FUND SERIES C - 1 (1100 DAYS) - DIRECT PLAN - GROWTH;INF200KA1PW2;;11.2691;;;24-May-2020
141523;SBI DEBT FUND SERIES C - 1 (1100 DAYS) - REGULAR PLAN - DIVIDEND PAYOUT;INF200KA1PV4;;11.1404;;;24-May-2020
141522;SBI DEBT FUND SERIES C - 1 (1100 DAYS) - REGULAR PLAN - GROWTH;INF200KA1PU6;;11.1399;;;24-May-2020
142551;SBI Debt Fund Series - C - 10 (1150 Days) - Direct Plan - Income Distribution cum Capital Withdrawal Option (IDCW);INF200KA1SR6;;12.0717;;;24-May-2020
142552;SBI Debt Fund Series - C - 10 (1150 Days) - Regular Plan - Income Distribution cum Capital Withdrawal Option (IDCW);INF200KA1SP0;;11.9757;;;24-May-2020
142550;SBI DEBT FUND SERIES C - 10 (1150 DAYS) - DIRECT PLAN - GROWTH;INF200KA1SQ8;;12.0717;;;24-May-2020
142553;SBI DEBT FUND SERIES C - 10 (1150 DAYS) - REGULAR PLAN - GROWTH;INF200KA1SO3;;11.9758;;;24-May-2020
142872;SBI Debt Fund Series - C - 12 (1122 Days) - Direct Plan - Income Distribution cum Capital Withdrawal Option (IDCW);INF200KA1TD4;;11.7871;;;24-May-2020
142870;SBI Debt Fund Series - C - 12 (1122 Days) - Regular Plan - Income Distribution cum Capital Withdrawal Option (IDCW);INF200KA1TB8;;11.6958;;;24-May-2020
142871;SBI DEBT FUND SERIES C - 12 (1122 DAYS) - DIRECT PLAN - GROWTH;INF200KA1TC6;;11.7874;;;24-May-2020
142869;SBI DEBT FUND SERIES C - 12 (1122 DAYS) - REGULAR PLAN - GROWTH;INF200KA1TA0;;11.6961;;;24-May-2020
142960;SBI Debt Fund Series - C - 14 (1122 Days) - Direct Plan - Income Distribution cum Capital Withdrawal Option (IDCW);INF200KA1TL7;;11.7699;;;24-May-2020
142957;SBI Debt Fund Series - C - 14 (1122 Days) - Regular Plan - Income Distribution cum Capital Withdrawal Option (IDCW);INF200KA1TJ1;;11.6865;;;24-May-2020
142959;SBI DEBT FUND SERIES C - 14 (1122 DAYS) - DIRECT PLAN - GROWTH;INF200KA1TK9;;11.7700;;;24-May-2020
142958;SBI DEBT FUND SERIES C - 14 (1122 DAYS) - REGULAR PLAN - GROWTH;INF200KA1TI3;;11.6796;;;24-May-2020
143492;SBI Debt Fund Series - C - 16 (1100 Days) - Direct Plan - Income Distribution cum Capital Withdrawal Option (IDCW);INF200KA1UB6;;12.0269;;;24-May-2020
143490;SBI Debt Fund Series - C - 16 (1100 Days) - Regular Plan - Income Distribution cum Capital Withdrawal Option (IDCW);INF200KA1TZ7;;11.9548;;;24-May-2020
143489;SBI DEBT FUND SERIES C -16 (1100 DAYS) - DIRECT PLAN - GROWTH;INF200KA1UA8;;12.0269;;;24-May-2020
143491;SBI DEBT FUND SERIES C -16 (1100 DAYS) - REGULAR PLAN - GROWTH;INF200KA1TY0;;11.9548;;;24-May-2020
143776;SBI Debt Fund Series - C - 18 (1100 Days) - Direct Plan - Income Distribution cum Capital Withdrawal Option (IDCW);INF200KA1UJ9;;11.9956;;;24-May-2020
143774;SBI Debt Fund Series - C - 18 (1100 Days) - Regular Plan - Income Distribution cum Capital Withdrawal Option (IDCW);INF200KA1UH3;;11.9256;;;24-May-2020
143775;SBI DEBT FUND SERIES C - 18 (1100 DAYS) - DIRECT PLAN - GROWTH;INF200KA1UI1;;11.9941;;;24-May-2020
143773;SBI DEBT FUND SERIES C - 18 (1100 DAYS) - REGULAR PLAN - GROWTH;INF200KA1UG5;;11.9256;;;24-May-2020
144038;SBI Debt Fund Series - C - 19 (1100 Days) - Direct Plan - Income Distribution cum Capital Withdrawal Option (IDCW);INF200KA1UN1;;11.9417;;;24-May-2020
144036;SBI Debt Fund Series - C - 19 (1100 Days) - Regular Plan - Income Distribution cum Capital Withdrawal Option (IDCW);INF200KA1UL5;;11.8635;;;24-May-2020
144037;SBI Debt Fund Series C - 19 (1100 Days) - Direct Plan - Growth;INF200KA1UM3;;11.9417;;;24-May-2020
144035;SBI Debt Fund Series C - 19 (1100 Days) - Regular Plan - Growth;INF200KA1UK7;;11.8635;;;24-May-2020
141746;SBI DEBT FUND SERIES C - 2 (1100 DAYS) - DIRECT PLAN - DIVIDEND PAYOUT;INF200KA1RH9;;12.0372;;;24-May-2020
141745;SBI DEBT FUND SERIES C - 2 (1100 DAYS) - DIRECT PLAN - GROWTH;INF200KA1RG1;;12.0372;;;24-May-2020
141744;SBI DEBT FUND SERIES C - 2 (1100 DAYS) - REGULAR PLAN - DIVIDEND PAYOUT;INF200KA1RF3;;11.9062;;;24-May-2020
141747;SBI DEBT FUND SERIES C - 2 (1100 DAYS) - REGULAR PLAN - GROWTH;INF200KA1RE6;;11.9062;;;24-May-2020
144350;SBI Debt Fund Series - C - 20 (1100 Days) - Direct Plan - Income Distribution cum Capital Withdrawal Option (IDCW);INF200KA1UV4;;11.8922;;;24-May-2020
144348;SBI Debt Fund Series - C - 20 (1100 Days) - Regular Plan - Income Distribution cum Capital Withdrawal Option (IDCW);INF200KA1UT8;;11.8202;;;24-May-2020
144349;SBI Debt Fund Series C - 20 - (1100 Days) - Direct Plan - Growth;INF200KA1UU6;;11.8923;;;24-May-2020
144347;SBI Debt Fund Series C - 20 - (1100 Days) - Regular Plan - Growth;INF200KA1US0;;11.8204;;;24-May-2020
144368;SBI Debt Fund Series - C - 21 (1100 Days) - Direct Plan - Income Distribution cum Capital Withdrawal Option (IDCW);INF200KA1UZ5;;11.6888;;;24-May-2020
144367;SBI Debt Fund Series - C - 21 (1100 Days) - Regular Plan - Income Distribution cum Capital Withdrawal Option (IDCW);INF200KA1UX0;;11.6140;;;24-May-2020
144366;SBI Debt Fund Series C - 21 (1100 Days) - Direct Plan - Growth;INF200KA1UY8;;11.6887;;;24-May-2020
144365;SBI Debt Fund Series C - 21 (1100 Days) - Regular Plan - Growth;INF200KA1UW2;;11.6140;;;24-May-2020
144495;SBI Debt Fund Series - C - 22 (1100 Days) - Direct Plan - Income Distribution cum Capital Withdrawal Option (IDCW);INF200KA1VD0;;11.6317;;;24-May-2020
144493;SBI Debt Fund Series - C - 22 (1100 Days) - Regular Plan - Income Distribution cum Capital Withdrawal Option (IDCW);INF200KA1VB4;;11.5685;;;24-May-2020
144494;SBI Debt Fund Series C - 22 (1100 Days) - Direct Plan - Growth;INF200KA1VC2;;11.6317;;;24-May-2020
144492;SBI Debt Fund Series C - 22 (1100 Days) - Regular Plan - Growth;INF200KA1VA6;;11.5684;;;24-May-2020
144843;SBI Debt Fund Series - C - 23 (1100 Days) - Direct Plan - Income Distribution cum Capital Withdrawal Option (IDCW);INF200KA1VL3;;11.8237;;;24-May-2020
144841;SBI Debt Fund Series - C - 23 (1100 Days) - Regular Plan - Income Distribution cum Capital Withdrawal Option (IDCW);INF200KA1VJ7;;11.7535;;;24-May-2020
144842;SBI Debt Fund Series C - 23 - (1100 Days) - Direct Plan - Growth;INF200KA1VK5;;11.8237;;;24-May-2020
144840;SBI Debt Fund Series C - 23 - (1100 Days) - Regular Plan - Growth;INF200KA1VI9;;11.7536;;;24-May-2020
144920;SBI Debt Fund Series - C - 24 (1100 Days) - Direct Plan - Income Distribution cum Capital Withdrawal Option (IDCW);INF200KA1VP4;;11.8686;;;24-May-2020
144917;SBI Debt Fund Series - C - 24 (1100 Days) - Regular Plan - Income Distribution cum Capital Withdrawal Option (IDCW);INF200KA1VN9;;11.8058;;;24-May-2020
144918;SBI Debt Fund Series C - 24 - (1100 Days) - Direct Plan - Growth;INF200KA1VO7;;11.8686;;;24-May-2020
144919;SBI Debt Fund Series C - 24 - (1100 Days) - Regular Plan - Growth;INF200KA1VM1;;11.8051;;;24-May-2020
144993;SBI Debt Fund Series - C - 25 (1100 Days) - Direct Plan - Income Distribution cum Capital Withdrawal Option (IDCW);INF200KA1VU4;;11.7631;;;24-May-2020
144991;SBI Debt Fund Series - C - 25 (1100 Days) - Regular Plan - Income Distribution cum Capital Withdrawal Option (IDCW);INF200KA1VS8;;11.6507;;;24-May-2020
144992;SBI Debt Fund Series C - 25 - (1100 Days) - Direct Plan - Growth;INF200KA1VT6;;11.7631;;;24-May-2020
144990;SBI Debt Fund Series C - 25 - (1100 Days) - Regular Plan - Growth;INF200KA1VR0;;11.6499;;;24-May-2020
145230;SBI Debt Fund Series - C - 26 (1125 Days) - Direct Plan - Income Distribution cum Capital Withdrawal Option (IDCW);INF200KA1WC0;;11.8633;;;24-May-2020
145231;SBI Debt Fund Series - C - 26 (1125 Days) - Regular Plan - Income Distribution cum Capital Withdrawal Option (IDCW);INF200KA1WA4;;11.8213;;;24-May-2020
145229;SBI Debt Fund Series C - 26 - (1125 Days) - Direct Plan - Growth;INF200KA1WB2;;11.8656;;;24-May-2020
145232;SBI Debt Fund Series C - 26 - (1125 Days) - Regular Plan - Growth;INF200KA1VZ3;;11.7971;;;24-May-2020
145373;SBI Debt Fund Series - C - 27 (391 Days) - Direct Plan - Income Distribution cum Capital Withdrawal Option (IDCW);INF200KA12G0;;11.8340;;;24-May-2020
145374;SBI Debt Fund Series - C - 27 (391 Days) - Regular Plan - Income Distribution cum Capital Withdrawal Option (IDCW);INF200KA10G4;;11.7782;;;24-May-2020
145372;SBI Debt Fund Series C - 27 - (391 Days) - Direct Plan - Growth;INF200KA11G2;;11.8340;;;24-May-2020
145371;SBI Debt Fund Series C - 27 - (391 Days) - Regular Plan - Growth;INF200KA19F7;;11.7782;;;24-May-2020
145497;SBI Debt Fund Series - C - 28 (386 Days) - Direct Plan - Income Distribution cum Capital Withdrawal Option (IDCW);INF200KA16G1;;11.7986;;;24-May-2020
145498;SBI Debt Fund Series - C - 28 (386 Days) - Regular Plan - Income Distribution cum Capital Withdrawal Option (IDCW);INF200KA14G6;;11.7400;;;24-May-2020
145499;SBI Debt Fund Series C - 28 - (386 Days) - Direct Plan - Growth;INF200KA15G3;;11.7951;;;24-May-2020
145500;SBI Debt Fund Series C - 28 - (386 Days) - Regular Plan - Growth;INF200KA13G8;;11.7400;;;24-May-2020
145645;SBI Debt Fund Series - C - 30 (385 Days) - Direct Plan - Income Distribution cum Capital Withdrawal Option (IDCW);INF200KA10H2;;11.7145;;;24-May-2020
145644;SBI Debt Fund Series - C - 30 (385 Days) - Regular Plan - Income Distribution cum Capital Withdrawal Option (IDCW);INF200KA18G7;;11.6686;;;24-May-2020
145647;SBI Debt Fund Series C - 30 - (385 Days) - Direct Plan - Growth;INF200KA19G5;;11.7145;;;24-May-2020
145646;SBI Debt Fund Series C - 30 - (385 Days) - Regular Plan - Growth;INF200KA17G9;;11.6686;;;24-May-2020
145744;SBI Debt Fund Series - C - 32 (380 Days) - Direct Plan - Income Distribution cum Capital Withdrawal Option (IDCW);INF200KA14H4;;11.6389;;;24-May-2020
145743;SBI Debt Fund Series - C - 32 (380 Days) - Regular Plan - Income Distribution cum Capital Withdrawal Option (IDCW);INF200KA12H8;;11.5886;;;24-May-2020
145746;SBI Debt Fund Series C - 32 - (380 Days) - Direct Plan - Growth;INF200KA13H6;;11.6389;;;24-May-2020
145745;SBI Debt Fund Series C - 32 - (380 Days) - Regular Plan - Growth;INF200KA11H0;;11.5886;;;24-May-2020
145858;SBI Debt Fund Series - C - 33 (1216 Days) - Direct Plan - Income Distribution cum Capital Withdrawal Option (IDCW);INF200KA1XN5;;11.6058;;;24-May-2020
145857;SBI Debt Fund Series - C - 33 (1216 Days) - Regular Plan - Income Distribution cum Capital Withdrawal Option (IDCW);INF200KA1XL9;;11.5564;;;24-May-2020
145855;SBI Debt Fund Series C - 33 (1216 Days) - Direct Plan - Growth;INF200KA1XM7;;11.6057;;;24-May-2020
145856;SBI Debt Fund Series C - 33 (1216 Days) - Regular Plan - Growth;INF200KA1XK1;;11.5564;;;24-May-2020
145948;SBI Debt Fund Series - C - 34 (1211 Days) - Direct Plan - Income Distribution cum Capital Withdrawal Option (IDCW);INF200KA1XR6;;11.5706;;;24-May-2020
145950;SBI Debt Fund Series - C - 34 (1211 Days) - Regular Plan - Income Distribution cum Capital Withdrawal Option (IDCW);INF200KA1XP0;;11.5223;;;24-May-2020
145947;SBI DEBT FUND SERIES C - 34 (1211 DAYS) - DIRECT PLAN - GROWTH;INF200KA1XQ8;;11.5706;;;24-May-2020
145949;SBI DEBT FUND SERIES C - 34 (1211 DAYS) - REGULAR PLAN - GROWTH;INF200KA1XO3;;11.5223;;;24-May-2020
145988;SBI Debt Fund Series - C - 35 (376 Days) - Direct Plan - Income Distribution cum Capital Withdrawal Option (IDCW);INF200KA18J1;;11.5489;;;24-May-2020
145990;SBI Debt Fund Series - C - 35 (376 Days) - Regular Plan - Income Distribution cum Capital Withdrawal Option (IDCW);INF200KA16J5;;11.5094;;;24-May-2020
145987;SBI Debt Fund Series C - 35 (376 Days) - Direct Plan - Growth;INF200KA17J3;;11.5489;;;24-May-2020
145989;SBI Debt Fund Series C - 35 (376 Days) - Regular Plan - Growth;INF200KA15J7;;11.5094;;;24-May-2020
146175;SBI Debt Fund Series - C - 38 (389 Days) - Direct Plan - Income Distribution cum Capital Withdrawal Option (IDCW);INF200KA16K3;;11.5239;;;24-May-2020
146176;SBI Debt Fund Series - C - 38 (389 Days) - Regular Plan - Income Distribution cum Capital Withdrawal Option (IDCW);INF200KA14K8;;11.4844;;;24-May-2020
146174;SBI Debt Fund Series C - 38 (389 Days) - Direct Plan - Growth;INF200KA15K5;;11.5226;;;24-May-2020
146173;SBI Debt Fund Series C - 38 (389 Days) - Regular Plan - Growth;INF200KA13K0;;11.4844;;;24-May-2020
146286;SBI Debt Fund Series - C - 40 (1177 Days) - Direct Plan - Income Distribution cum Capital Withdrawal Option (IDCW);INF200KA1YZ7;;11.5150;;;24-May-2020
146287;SBI Debt Fund Series - C - 40 (1177 Days) - Regular Plan - Income Distribution cum Capital Withdrawal Option (IDCW);INF200KA1YX2;;11.4772;;;24-May-2020
146288;SBI Debt Fund Series C - 40 - (1177 Days) - Regular Plan - Growth;INF200KA1YW4;;11.4773;;;24-May-2020
146289;SBI Debt Fund Series C - 40- (1177 Days) - Direct Plan - Growth;INF200KA1YY0;;11.5150;;;24-May-2020
146313;SBI Debt Fund Series - C - 41 (1178 Days) - Direct Plan - Income Distribution cum Capital Withdrawal Option (IDCW);INF200KA1ZD1;;11.4965;;;24-May-2020
146315;SBI Debt Fund Series - C - 41 (1178 Days) - Regular Plan - Income Distribution cum Capital Withdrawal Option (IDCW);INF200KA1ZB5;;11.4594;;;24-May-2020
146312;SBI Debt Fund Series C - 41 (1178 Days) - Direct Plan - Growth;INF200KA1ZC3;;11.4965;;;24-May-2020
146314;SBI Debt Fund Series C - 41 (1178 Days) - Regular Plan - Growth;INF200KA1ZA7;;11.4594;;;24-May-2020
146368;SBI Debt Fund Series - C - 43 (384 Days) - Direct Plan - Income Distribution cum Capital Withdrawal Option (IDCW);INF200KA10J8;;11.4537;;;24-May-2020
146366;SBI Debt Fund Series - C - 43 (384 Days) - Regular Plan - Income Distribution cum Capital Withdrawal Option (IDCW);INF200KA18I3;;11.4174;;;24-May-2020
146367;SBI Debt Fund Series C - 43 (384 Days) - Direct Plan - Growth;INF200KA19I1;;11.4537;;;24-May-2020
146369;SBI Debt Fund Series C - 43 (384 Days) - Regular Plan - Growth;INF200KA17I5;;11.4174;;;24-May-2020
146494;SBI Debt Fund Series - C - 44 (378 Days) - Direct Plan - Income Distribution cum Capital Withdrawal Option (IDCW);INF200KA14J0;;11.4196;;;24-May-2020
146496;SBI Debt Fund Series - C - 44 (378 Days) - Regular Plan - Income Distribution cum Capital Withdrawal Option (IDCW);INF200KA12J4;;11.3839;;;24-May-2020
146495;SBI Debt Fund Series C - 44 (378 Days) - Direct Plan - Growth;INF200KA13J2;;11.4196;;;24-May-2020
146493;SBI Debt Fund Series C - 44 (378 Days) - Regular Plan - Growth;INF200KA11J6;;11.3839;;;24-May-2020
146591;SBI Debt Fund Series - C - 46 (376 Days) - Direct Plan - Income Distribution cum Capital Withdrawal Option (IDCW);INF200KA12K2;;11.3760;;;24-May-2020
146593;SBI Debt Fund Series - C - 46 (376 Days) - Regular Plan - Income Distribution cum Capital Withdrawal Option (IDCW);INF200KA10K6;;11.3415;;;24-May-2020
146592;SBI Debt Fund Series C - 46 (376 Days) - Direct Plan- Growth;INF200KA11K4;;11.3761;;;24-May-2020
146590;SBI Debt Fund Series C - 46 (376 Days) - Regular Plan - Growth;INF200KA19J9;;11.3415;;;24-May-2020
146656;SBI Debt Fund Series C - 48 (385 Days) - Direct Plan - Growth;INF200KA19K7;;11.3189;;;24-May-2020
146658;SBI Debt Fund Series C - 48 (385 Days) - Direct Plan - Income Distribution cum Capital Withdrawal Option (IDCW);INF200KA10L4;;11.3189;;;24-May-2020
146655;SBI Debt Fund Series C - 48 (385 Days) - Regular Plan - Growth;INF200KA17K1;;11.2851;;;24-May-2020
146657;SBI Debt Fund Series C - 48 (385 Days) - Regular Plan - Income Distribution cum Capital Withdrawal Option (IDCW);INF200KA18K9;;11.2851;;;24-May-2020
146766;SBI Debt Fund Series - C - 49 (390 Days) - Direct Plan - Income Distribution cum Capital Withdrawal Option (IDCW);INF200KA14L6;;11.2959;;;24-May-2020
146767;SBI Debt Fund Series - C - 49 (390 Days) - Regular Plan - Income Distribution cum Capital Withdrawal Option (IDCW);INF200KA12L0;;11.2586;;;24-May-2020
146765;SBI Debt Fund Series C - 49 (390 Days) - Direct Plan - Growth;INF200KA13L8;;11.2959;;;24-May-2020
146768;SBI Debt Fund Series C - 49 (390 Days) - Regular Plan - Growth;INF200KA11L2;;11.2626;;;24-May-2020
146879;SBI Debt Fund Series - C - 50 (383 Days) - Direct Plan - Income Distribution cum Capital Withdrawal Option (IDCW);INF200KA18L7;;11.2618;;;24-May-2020
146880;SBI Debt Fund Series - C - 50 (383 Days) - Regular Plan - Income Distribution cum Capital Withdrawal Option (IDCW);INF200KA16L1;;11.2293;;;24-May-2020
146878;SBI Debt Fund Series C - 50 (383 Days) - Direct Plan - Growth;INF200KA17L9;;11.2618;;;24-May-2020
146877;SBI Debt Fund Series C - 50 (383 Days) - Regular Plan - Growth;INF200KA15L3;;11.2290;;;24-May-2020
142178;SBI Debt Fund Series - C - 7 (1190 Days) - Direct Plan - Income Distribution cum Capital Withdrawal Option (IDCW);INF200KA1SB0;;12.0693;;;24-May-2020
142180;SBI Debt Fund Series - C - 7 (1190 Days) - Regular Plan - Income Distribution cum Capital Withdrawal Option (IDCW);INF200KA1RZ1;;11.9676;;;24-May-2020
142177;SBI DEBT FUND SERIES C - 7 (1190 DAYS) - DIRECT PLAN - GROWTH;INF200KA1SA2;;12.0693;;;24-May-2020
142179;SBI DEBT FUND SERIES C - 7 (1190 DAYS) - REGULAR PLAN - GROWTH;INF200KA1RY4;;11.9676;;;24-May-2020
142333;SBI Debt Fund Series - C - 8 (1175 Days) - Direct Plan - Income Distribution cum Capital Withdrawal Option (IDCW);INF200KA1SJ3;;12.0885;;;24-May-2020
142331;SBI Debt Fund Series - C - 8 (1175 Days) - Regular Plan - Income Distribution cum Capital Withdrawal Option (IDCW);INF200KA1SH7;;11.9891;;;24-May-2020
142330;SBI DEBT FUND SERIES C - 8 (1175 DAYS) - REGULAR PLAN - GROWTH;INF200KA1SG9;;11.9891;;;24-May-2020
142332;SBI DEBT FUND SERIES C -8 (1175 DAYS) - DIRECT PLAN - GROWTH;INF200KA1SI5;;12.0884;;;24-May-2020
142487;SBI Debt Fund Series - C - 9 (1150 Days) - Direct Plan - Income Distribution cum Capital Withdrawal Option (IDCW);INF200KA1SN5;;12.0668;;;24-May-2020
142486;SBI Debt Fund Series - C - 9 (1150 Days) - Regular Plan - Income Distribution cum Capital Withdrawal Option (IDCW);INF200KA1SL9;;11.9744;;;24-May-2020
142485;SBI DEBT FUND SERIES C - 9 (1150 DAYS) - DIRECT PLAN - GROWTH;INF200KA1SM7;;12.0668;;;24-May-2020
142488;SBI DEBT FUND SERIES C - 9 (1150 DAYS) - REGULAR PLAN - GROWTH;INF200KA1SK1;;11.9744;;;24-May-2020
141350;SBI DUAL ADVANTAGE FUND - SERIES XXII - DIRECT PLAN - DIVIDEND PAYOUT;INF200KA1OR5;;10.8739;;;24-May-2020
141348;SBI DUAL ADVANTAGE FUND - SERIES XXII - DIRECT PLAN - GROWTH;INF200KA1OQ7;;10.8739;;;24-May-2020
141347;SBI DUAL ADVANTAGE FUND - SERIES XXII - REGULAR PLAN - DIVIDEND PAYOUT;INF200KA1OP9;;10.6782;;;24-May-2020
141349;SBI DUAL ADVANTAGE FUND - SERIES XXII - REGULAR PLAN - GROWTH;INF200KA1OO2;;10.6829;;;24-May-2020
141633;SBI DUAL ADVANTAGE FUND - SERIES XXIII - DIRECT PLAN - DIVIDEND PAYOUT;INF200KA1QZ3;;10.8455;;;24-May-2020
141634;SBI DUAL ADVANTAGE FUND - SERIES XXIII - DIRECT PLAN - GROWTH;INF200KA1QY6;;10.8470;;;24-May-2020
141632;SBI DUAL ADVANTAGE FUND - SERIES XXIII - REGULAR PLAN - DIVIDEND PAYOUT;INF200KA1QX8;;10.6740;;;24-May-2020
141631;SBI DUAL ADVANTAGE FUND - SERIES XXIII - REGULAR PLAN - GROWTH;INF200KA1QW0;;10.6730;;;24-May-2020
141834;SBI DUAL ADVANTAGE FUND - SERIES XXIV - DIRECT PLAN - DIVIDEND PAYOUT;INF200KA1RL1;;11.2294;;;24-May-2020
141832;SBI DUAL ADVANTAGE FUND - SERIES XXIV - DIRECT PLAN - GROWTH;INF200KA1RK3;;11.2293;;;24-May-2020
141831;SBI DUAL ADVANTAGE FUND - SERIES XXIV - REGULAR PLAN - DIVIDEND PAYOUT;INF200KA1RJ5;;11.0442;;;24-May-2020
141833;SBI DUAL ADVANTAGE FUND - SERIES XXIV - REGULAR PLAN - GROWTH;INF200KA1RI7;;11.0411;;;24-May-2020
144114;SBI Dual Advantage Fund - Series XXIX - Direct Plan - Growth;INF200KA1UQ4;;11.0116;;;24-May-2020
144112;SBI Dual Advantage Fund - Series XXIX - Direct Plan - Income Distribution cum Capital Withdrawal Option (IDCW);INF200KA1UR2;;11.0102;;;24-May-2020
144111;SBI Dual Advantage Fund - Series XXIX - Regular Plan - Growth;INF200KA1UO9;;10.8915;;;24-May-2020
144113;SBI Dual Advantage Fund - Series XXIX - Regular Plan - Income Distribution cum Capital Withdrawal Option (IDCW);INF200KA1UP6;;10.8924;;;24-May-2020
141960;SBI DUAL ADVANTAGE FUND - SERIES XXV - DIRECT PLAN - GROWTH;INF200KA1RS6;;10.9649;;;24-May-2020
141962;SBI Dual Advantage Fund - Series XXV - Direct Plan - Income Distribution cum Capital Withdrawal Option (IDCW);INF200KA1RT4;;10.9650;;;24-May-2020
141959;SBI DUAL ADVANTAGE FUND - SERIES XXV - REGULAR PLAN - GROWTH;INF200KA1RQ0;;10.7986;;;24-May-2020
141961;SBI Dual Advantage Fund - Series XXV - Regular Plan - Income Distribution cum Capital Withdrawal Option (IDCW);INF200KA1RR8;;10.7980;;;24-May-2020
142259;SBI DUAL ADVANTAGE FUND - SERIES XXVI - DIRECT PLAN - GROWTH;INF200KA1SE4;;11.1636;;;24-May-2020
142256;SBI Dual Advantage Fund - Series XXVI - Direct Plan - Income Distribution cum Capital Withdrawal Option (IDCW);INF200KA1SF1;;11.1637;;;24-May-2020
142257;SBI DUAL ADVANTAGE FUND - SERIES XXVI - REGULAR PLAN - GROWTH;INF200KA1SC8;;11.0074;;;24-May-2020
142258;SBI Dual Advantage Fund - Series XXVI - Regular Plan - Income Distribution cum Capital Withdrawal Option (IDCW);INF200KA1SD6;;11.0076;;;24-May-2020
142751;SBI DUAL ADVANTAGE FUND - SERIES XXVII - DIRECT PLAN - GROWTH;INF200KA1SU0;;11.0835;;;24-May-2020
142752;SBI Dual Advantage Fund - Series XXVII - Direct Plan - Income Distribution cum Capital Withdrawal Option (IDCW);INF200KA1SV8;;11.0835;;;24-May-2020
142749;SBI DUAL ADVANTAGE FUND - SERIES XXVII - REGULAR PLAN - GROWTH;INF200KA1SS4;;10.9373;;;24-May-2020
142750;SBI Dual Advantage Fund - Series XXVII - Regular Plan - Income Distribution cum Capital Withdrawal Option (IDCW);INF200KA1ST2;;10.9377;;;24-May-2020
143363;SBI DUAL ADVANTAGE FUND - SERIES XXVIII - DIRECT PLAN - GROWTH;INF200KA1TS2;;11.1625;;;24-May-2020
143364;SBI Dual Advantage Fund - Series XXVIII - Direct Plan - Income Distribution cum Capital Withdrawal Option (IDCW);INF200KA1TT0;;11.1321;;;24-May-2020
143362;SBI DUAL ADVANTAGE FUND - SERIES XXVIII - REGULAR PLAN - GROWTH;INF200KA1TQ6;;10.9983;;;24-May-2020
143365;SBI Dual Advantage Fund - Series XXVIII - Regular Plan - Income Distribution cum Capital Withdrawal Option (IDCW);INF200KA1TR4;;10.9987;;;24-May-2020
145160;SBI Dual Advantage Fund - Series XXX - Direct Plan - Income Distribution cum Capital Withdrawal Option (IDCW);INF200KA1VY6;;11.1189;;;24-May-2020
145159;SBI Dual Advantage Fund - Series XXX - Regular Plan - Income Distribution cum Capital Withdrawal Option (IDCW);INF200KA1VW0;;11.0157;;;24-May-2020
145161;SBI Dual Advantage Fund Series XXX - Direct Plan - Growth;INF200KA1VX8;;11.1189;;;24-May-2020
145162;SBI Dual Advantage Fund Series XXX - Regular Plan - Growth;INF200KA1VV2;;11.0157;;;24-May-2020
146974;SBI Fixed Maturity Plan (FMP) - Series 1 (3668 Days) - Direct Plan - Growth;INF200KA1D03;;11.9036;;;24-May-2020
146975;SBI Fixed Maturity Plan (FMP) - Series 1 (3668 Days) - Direct Plan - Income Distribution cum Capital Withdrawal Option (IDCW);INF200KA1D11;;11.9010;;;24-May-2020
146976;SBI Fixed Maturity Plan (FMP) - Series 1 (3668 Days) - Regular Plan - Growth;INF200KA1C87;;11.8691;;;24-May-2020
146973;SBI Fixed Maturity Plan (FMP) - Series 1 (3668 Days) - Regular Plan - Income Distribution cum Capital Withdrawal Option (IDCW);INF200KA1C95;;11.8691;;;24-May-2020
147467;SBI Fixed Maturity Plan (FMP) - Series 10 (1178 Days) - Direct Plan - Growth;INF200KA1H09;;11.0240;;;24-May-2020
147464;SBI Fixed Maturity Plan (FMP) - Series 10 (1178 Days) - Direct Plan - Income Distribution cum Capital Withdrawal Option (IDCW);INF200KA1H17;;11.0240;;;24-May-2020
147465;SBI Fixed Maturity Plan (FMP) - Series 10 (1178 Days) - Regular Plan - Growth;INF200KA1G83;;10.9993;;;24-May-2020
147466;SBI Fixed Maturity Plan (FMP) - Series 10 (1178 Days) - Regular Plan - Income Distribution cum Capital Withdrawal Option (IDCW);INF200KA1G91;;10.9993;;;24-May-2020
147486;SBI Fixed Maturity Plan (FMP) - Series 11 (1178 Days) - Direct Plan - Growth;INF200KA1H41;;10.9679;;;24-May-2020
147487;SBI Fixed Maturity Plan (FMP) - Series 11 (1178 Days) - Direct Plan - Income Distribution cum Capital Withdrawal Option (IDCW);INF200KA1H58;;10.9679;;;24-May-2020
147484;SBI Fixed Maturity Plan (FMP) - Series 11 (1178 Days) - Regular Plan - Growth;INF200KA1H25;;10.9439;;;24-May-2020
147485;SBI Fixed Maturity Plan (FMP) - Series 11 (1178 Days) - Regular Plan - Income Distribution cum Capital Withdrawal Option (IDCW);INF200KA1H33;;10.9439;;;24-May-2020
147560;SBI Fixed Maturity Plan (FMP) - Series 14 (384 Days) - Direct Plan - Growth;INF200KA13N4;;10.8918;;;24-May-2020
147561;SBI Fixed Maturity Plan (FMP) - Series 14 (384 Days) - Direct Plan - Income Distribution cum Capital Withdrawal Option (IDCW);INF200KA14N2;;10.8918;;;24-May-2020
147559;SBI Fixed Maturity Plan (FMP) - Series 14 (384 Days) - Regular Plan - Growth;INF200KA11N8;;10.8695;;;24-May-2020
147562;SBI Fixed Maturity Plan (FMP) - Series 14 (384 Days) - Regular Plan - Income Distribution cum Capital Withdrawal Option (IDCW);INF200KA12N6;;10.8695;;;24-May-2020
147582;SBI Fixed Maturity Plan (FMP) - Series 15 (1123 Days) - Direct Plan - Growth;INF200KA1J07;;10.8627;;;24-May-2020
147583;SBI Fixed Maturity Plan (FMP) - Series 15 (1123 Days) - Direct Plan - Income Distribution cum Capital Withdrawal Option (IDCW);INF200KA1J15;;10.8627;;;24-May-2020
147580;SBI Fixed Maturity Plan (FMP) - Series 15 (1123 Days) - Regular Plan - Growth;INF200KA1I81;;10.8410;;;24-May-2020
147581;SBI Fixed Maturity Plan (FMP) - Series 15 (1123 Days) - Regular Plan - Income Distribution cum Capital Withdrawal Option (IDCW);INF200KA1I99;;10.8410;;;24-May-2020
147612;SBI Fixed Maturity Plan (FMP) - Series 16 (1116 Days) - Direct Plan - Growth;INF200KA1J49;;10.8070;;;24-May-2020
147613;SBI Fixed Maturity Plan (FMP) - Series 16 (1116 Days) - Direct Plan - Income Distribution cum Capital Withdrawal Option (IDCW);INF200KA1J56;;10.8070;;;24-May-2020
147611;SBI Fixed Maturity Plan (FMP) - Series 16 (1116 Days) - Regular Plan - Growth;INF200KA1J23;;10.7865;;;24-May-2020
147610;SBI Fixed Maturity Plan (FMP) - Series 16 (1116 Days) - Regular Plan - Income Distribution cum Capital Withdrawal Option (IDCW);INF200KA1J31;;10.7865;;;24-May-2020
147627;SBI Fixed Maturity Plan (FMP) - Series 17 (1116 Days) - Direct Plan - Growth;INF200KA1J80;;10.7678;;;24-May-2020
147628;SBI Fixed Maturity Plan (FMP) - Series 17 (1116 Days) - Direct Plan - Income Distribution cum Capital Withdrawal Option (IDCW);INF200KA1J98;;10.7678;;;24-May-2020
147629;SBI Fixed Maturity Plan (FMP) - Series 17 (1116 Days) - Regular Plan - Growth;INF200KA1J64;;10.7478;;;24-May-2020
147630;SBI Fixed Maturity Plan (FMP) - Series 17 (1116 Days) - Regular Plan - Income Distribution cum Capital Withdrawal Option (IDCW);INF200KA1J72;;10.7478;;;24-May-2020
147641;SBI Fixed Maturity Plan (FMP) - Series 18 (1108 Days) - Direct Plan - Growth;INF200KA1K53;;10.7452;;;24-May-2020
147642;SBI Fixed Maturity Plan (FMP) - Series 18 (1108 Days) - Direct Plan - Income Distribution cum Capital Withdrawal Option (IDCW);INF200KA1K61;;10.7452;;;24-May-2020
147639;SBI Fixed Maturity Plan (FMP) - Series 18 (1108 Days) - Regular Plan - Growth;INF200KA1K38;;10.7268;;;24-May-2020
147640;SBI Fixed Maturity Plan (FMP) - Series 18 (1108 Days) - Regular Plan - Income Distribution cum Capital Withdrawal Option (IDCW);INF200KA1K46;;10.7268;;;24-May-2020
147672;SBI Fixed Maturity Plan (FMP) - Series 19 (1115 Days) - Direct  Plan - Growth;INF200KA1L11;;10.6784;;;24-May-2020
147669;SBI Fixed Maturity Plan (FMP) - Series 19 (1115 Days) - Direct Plan - Income Distribution cum Capital Withdrawal Option (IDCW);INF200KA1L29;;10.6784;;;24-May-2020
147670;SBI Fixed Maturity Plan (FMP) - Series 19 (1115 Days) - Regular Plan - Growth;INF200KA1K95;;10.6617;;;24-May-2020
147671;SBI Fixed Maturity Plan (FMP) - Series 19 (1115 Days) - Regular Plan - Income Distribution cum Capital Withdrawal Option (IDCW);INF200KA1L03;;10.6617;;;24-May-2020
147104;SBI Fixed Maturity Plan (FMP) - Series 2 (1178 Days) - Direct Plan - Growth;INF200KA1D45;;11.2531;;;24-May-2020
147105;SBI Fixed Maturity Plan (FMP) - Series 2 (1178 Days) - Direct Plan - Income Distribution cum Capital Withdrawal Option (IDCW);INF200KA1D52;;11.2531;;;24-May-2020
147103;SBI Fixed Maturity Plan (FMP) - Series 2 (1178 Days) - Regular Plan - Growth;INF200KA1D29;;11.2220;;;24-May-2020
147106;SBI Fixed Maturity Plan (FMP) - Series 2 (1178 Days) - Regular Plan - Income Distribution cum Capital Withdrawal Option (IDCW);INF200KA1D37;;11.2220;;;24-May-2020
147720;SBI Fixed Maturity Plan (FMP) - Series 20 (1109 Days) - Direct Plan - Growth;INF200KA1L52;;10.6604;;;24-May-2020
147721;SBI Fixed Maturity Plan (FMP) - Series 20 (1109 Days) - Regular Plan - Growth;INF200KA1L37;;10.6442;;;24-May-2020
147722;SBI Fixed Maturity Plan (FMP) - Series 20(1109 Days) - Direct Plan - Income Distribution cum Capital Withdrawal Option (IDCW);INF200KA1L60;;10.6604;;;24-May-2020
147719;SBI Fixed Maturity Plan (FMP) - Series 20(1109 Days) - Regular Plan - Income Distribution cum Capital Withdrawal Option (IDCW);INF200KA1L45;;10.6442;;;24-May-2020
147744;SBI Fixed Maturity Plan (FMP) - Series 21 (1109 Days) - Direct Plan - Growth;INF200KA1L94;;10.6105;;;24-May-2020
147746;SBI Fixed Maturity Plan (FMP) - Series 21 (1109 Days) - Direct Plan - Income Distribution cum Capital Withdrawal Option (IDCW);INF200KA1M02;;10.6077;;;24-May-2020
147745;SBI Fixed Maturity Plan (FMP) - Series 21 (1109 Days) - Regular Plan - Growth;INF200KA1L78;;10.5949;;;24-May-2020
147747;SBI Fixed Maturity Plan (FMP) - Series 21 (1109 Days) - Regular Plan - Income Distribution cum Capital Withdrawal Option (IDCW);INF200KA1L86;;10.5949;;;24-May-2020
147754;SBI Fixed Maturity Plan (FMP) - Series 22 (1106 Days) - Direct Plan - Growth;INF200KA1M36;;10.5550;;;24-May-2020
147755;SBI Fixed Maturity Plan (FMP) - Series 22 (1106 Days) - Direct Plan - Income Distribution cum Capital Withdrawal Option (IDCW);INF200KA1M44;;10.5550;;;24-May-2020
147752;SBI Fixed Maturity Plan (FMP) - Series 22 (1106 Days) - Regular Plan - Growth;INF200KA1M10;;10.5404;;;24-May-2020
147753;SBI Fixed Maturity Plan (FMP) - Series 22 (1106 Days) - Regular Plan - Income Distribution cum Capital Withdrawal Option (IDCW);INF200KA1M28;;10.5404;;;24-May-2020
147776;SBI Fixed Maturity Plan (FMP) - Series 24 (1107 Days) - Direct Plan - Income Distribution cum Capital Withdrawal Option (IDCW);INF200KA1N27;;10.5108;;;24-May-2020
147775;SBI Fixed Maturity Plan (FMP) - Series 24 (1107 Days) - Regular Plan - Income Distribution cum Capital Withdrawal Option (IDCW);INF200KA1N01;;10.4974;;;24-May-2020
147777;SBI Fixed Maturity Plan (FMP) - Series 24 (1107) - Direct Plan - Growth;INF200KA1N19;;10.5108;;;24-May-2020
147774;SBI Fixed Maturity Plan (FMP) - Series 24 (1107) - Regular Plan - Growth;INF200KA1M93;;10.4974;;;24-May-2020
147783;SBI Fixed Maturity Plan (FMP) - Series 25 (1120 Days) - Direct Plan - Growth;INF200KA1N50;;10.4828;;;24-May-2020
147784;SBI Fixed Maturity Plan (FMP) - Series 25 (1120 Days) - Direct Plan - Income Distribution cum Capital Withdrawal Option (IDCW);INF200KA1N68;;10.4828;;;24-May-2020
147785;SBI Fixed Maturity Plan (FMP) - Series 25 (1120 Days) - Regular Plan - Growth;INF200KA1N35;;10.4699;;;24-May-2020
147782;SBI Fixed Maturity Plan (FMP) - Series 25 (1120 Days) - Regular Plan - Income Distribution cum Capital Withdrawal Option (IDCW);INF200KA1N43;;10.4699;;;24-May-2020
147792;SBI Fixed Maturity Plan (FMP) - Series 26 (1112 Days) - Direct Plan - Growth;INF200KA1N92;;10.5210;;;24-May-2020
147793;SBI Fixed Maturity Plan (FMP) - Series 26 (1112 Days) - Direct Plan - Income Distribution cum Capital Withdrawal Option (IDCW);INF200KA1O00;;10.5210;;;24-May-2020
147790;SBI Fixed Maturity Plan (FMP) - Series 26 (1112 Days) - Regular Plan - Growth;INF200KA1N76;;10.5085;;;24-May-2020
147791;SBI Fixed Maturity Plan (FMP) - Series 26 (1112 Days) - Regular Plan - Income Distribution cum Capital Withdrawal Option (IDCW);INF200KA1N84;;10.5085;;;24-May-2020
147873;SBI Fixed Maturity Plan (FMP) - Series 27 (1203 Days) - Direct Plan - Growth;INF200KA1O34;;10.4831;;;24-May-2020
147871;SBI Fixed Maturity Plan (FMP) - Series 27 (1203 Days) - Direct Plan - Income Distribution cum Capital Withdrawal Option (IDCW);INF200KA1O42;;10.4831;;;24-May-2020
147872;SBI Fixed Maturity Plan (FMP) - Series 27 (1203 Days) - Regular Plan - Growth;INF200KA1O18;;10.4733;;;24-May-2020
147870;SBI Fixed Maturity Plan (FMP) - Series 27 (1203 Days) - Regular Plan - Income Distribution cum Capital Withdrawal Option (IDCW);INF200KA1O26;;10.4733;;;24-May-2020
148056;SBI Fixed Maturity Plan (FMP) - Series 28 (1163 Days) - Direct Plan - Growth;INF200KA1O91;;10.3155;;;24-May-2020
148058;SBI Fixed Maturity Plan (FMP) - Series 28 (1163 Days) - Direct Plan - Income Distribution cum Capital Withdrawal Option (IDCW);INF200KA1P09;;10.3155;;;24-May-2020
148057;SBI Fixed Maturity Plan (FMP) - Series 28 (1163 Days) - Regular Plan - Growth;INF200KA1O75;;10.3087;;;24-May-2020
148055;SBI Fixed Maturity Plan (FMP) - Series 28 (1163 Days) - Regular Plan - Income Distribution cum Capital Withdrawal Option (IDCW);INF200KA1O83;;10.3087;;;24-May-2020
147135;SBI Fixed Maturity Plan (FMP) - Series 3 (1179 Days) - Direct Plan - Growth;INF200KA1D86;;11.2727;;;24-May-2020
147136;SBI Fixed Maturity Plan (FMP) - Series 3 (1179 Days) - Direct Plan - Income Distribution cum Capital Withdrawal Option (IDCW);INF200KA1D94;;11.2727;;;24-May-2020
147133;SBI Fixed Maturity Plan (FMP) - Series 3 (1179 Days) - Regular Plan - Growth;INF200KA1D60;;11.2421;;;24-May-2020
147134;SBI Fixed Maturity Plan (FMP) - Series 3 (1179 Days) - Regular Plan - Income Distribution cum Capital Withdrawal Option (IDCW);INF200KA1D78;;11.2421;;;24-May-2020
148193;SBI Fixed Maturity Plan (FMP) - Series 31 (1160 Days) - Direct Plan - Growth;INF200KA1P58;;10.4689;;;24-May-2020
148194;SBI Fixed Maturity Plan (FMP) - Series 31 (1160 Days) - Direct Plan - Income Distribution cum Capital Withdrawal Option (IDCW);INF200KA1P66;;10.4689;;;24-May-2020
148195;SBI Fixed Maturity Plan (FMP) - Series 31 (1160 Days) - Regular Plan - Growth;INF200KA1P33;;10.4639;;;24-May-2020
148192;SBI Fixed Maturity Plan (FMP) - Series 31 (1160 Days) - Regular Plan - Income Distribution cum Capital Withdrawal Option (IDCW);INF200KA1P41;;10.4639;;;24-May-2020
148369;SBI Fixed Maturity Plan (FMP) - Series 32 (1140 Days) - Direct Plan - Growth;INF200KA1P90;;10.1834;;;24-May-2020
148368;SBI Fixed Maturity Plan (FMP) - Series 32 (1140 Days) - Direct Plan - Income Distribution cum Capital Withdrawal Option (IDCW);INF200KA1Q08;;10.1834;;;24-May-2020
148367;SBI Fixed Maturity Plan (FMP) - Series 32 (1140 Days) - Regular Plan - Growth;INF200KA1P74;;10.1807;;;24-May-2020
148370;SBI Fixed Maturity Plan (FMP) - Series 32 (1140 Days) - Regular Plan - Income Distribution cum Capital Withdrawal Option (IDCW);INF200KA1P82;;10.1807;;;24-May-2020
148385;SBI Fixed Maturity Plan (FMP) - Series 33 (1128 Days) - Direct Plan - Growth;INF200KA1Q32;;10.1198;;;24-May-2020
148386;SBI Fixed Maturity Plan (FMP) - Series 33 (1128 Days) - Direct Plan - Income Distribution cum Capital Withdrawal Option (IDCW);INF200KA1Q40;;10.1199;;;24-May-2020
148383;SBI Fixed Maturity Plan (FMP) - Series 33 (1128 Days) - Regular Plan - Growth;INF200KA1Q16;;10.1180;;;24-May-2020
148384;SBI Fixed Maturity Plan (FMP) - Series 33 (1128 Days) - Regular Plan - Income Distribution cum Capital Withdrawal Option (IDCW);INF200KA1Q24;;10.1180;;;24-May-2020
148387;SBI Fixed Maturity Plan (FMP) - Series 34 (3682 Days) - Direct Plan - Growth;INF200KA1Q73;;10.1297;;;24-May-2020
148388;SBI Fixed Maturity Plan (FMP) - Series 34 (3682 Days) - Direct Plan - Income Distribution cum Capital Withdrawal Option (IDCW);INF200KA1Q81;;10.1297;;;24-May-2020
148389;SBI Fixed Maturity Plan (FMP) - Series 34 (3682 Days) - Regular Plan - Growth;INF200KA1Q57;;10.1283;;;24-May-2020
148390;SBI Fixed Maturity Plan (FMP) - Series 34 (3682 Days) - Regular Plan - Income Distribution cum Capital Withdrawal Option (IDCW);INF200KA1Q65;;10.1283;;;24-May-2020
147248;SBI Fixed Maturity Plan (FMP) - Series 6 (3668 Days) - Direct Plan - Growth;INF200KA1F27;;11.6818;;;24-May-2020
147249;SBI Fixed Maturity Plan (FMP) - Series 6 (3668 Days) - Direct Plan - Income Distribution cum Capital Withdrawal Option (IDCW);INF200KA1F35;;11.6818;;;24-May-2020
147247;SBI Fixed Maturity Plan (FMP) - Series 6 (3668 Days) - Regular Plan - Growth;INF200KA1F01;;11.6519;;;24-May-2020
147250;SBI Fixed Maturity Plan (FMP) - Series 6 (3668 Days) - Regular Plan - Income Distribution cum Capital Withdrawal Option (IDCW);INF200KA1F19;;11.6518;;;24-May-2020
147318;SBI Fixed Maturity Plan (FMP) - Series 7 (1175 Days) - Direct Plan - Growth;INF200KA1F68;;11.1441;;;24-May-2020
147319;SBI Fixed Maturity Plan (FMP) - Series 7 (1175 Days) - Direct Plan - Income Distribution cum Capital Withdrawal Option (IDCW);INF200KA1F76;;11.1441;;;24-May-2020
147320;SBI Fixed Maturity Plan (FMP) - Series 7 (1175 Days) - Regular Plan - Growth;INF200KA1F43;;11.1161;;;24-May-2020
147317;SBI Fixed Maturity Plan (FMP) - Series 7 (1175 Days) - Regular Plan - Income Distribution cum Capital Withdrawal Option (IDCW);INF200KA1F50;;11.1161;;;24-May-2020
147333;SBI Fixed Maturity Plan (FMP) - Series 8 (1178 Days) - Direct Plan - Growth;INF200KA1G00;;11.0709;;;24-May-2020
147334;SBI Fixed Maturity Plan (FMP) - Series 8 (1178 Days) - Direct Plan - Income Distribution cum Capital Withdrawal Option (IDCW);INF200KA1G18;;11.0709;;;24-May-2020
147331;SBI Fixed Maturity Plan (FMP) - Series 8 (1178 Days) - Regular Plan - Growth;INF200KA1F84;;11.0440;;;24-May-2020
147332;SBI Fixed Maturity Plan (FMP) - Series 8 (1178 Days) - Regular Plan - Income Distribution cum Capital Withdrawal Option (IDCW);INF200KA1F92;;11.0440;;;24-May-2020
147422;SBI Fixed Maturity Plan (FMP) - Series 9 (1178 Days) - Direct Plan - Growth;INF200KA1G67;;11.0329;;;24-May-2020
147424;SBI Fixed Maturity Plan (FMP) - Series 9 (1178 Days) - Direct Plan - Income Distribution cum Capital Withdrawal Option (IDCW);INF200KA1G75;;11.0329;;;24-May-2020
147423;SBI Fixed Maturity Plan (FMP) - Series 9 (1178 Days) - Regular Plan - Growth;INF200KA1G42;;11.0077;;;24-May-2020
147421;SBI Fixed Maturity Plan (FMP) - Series 9 (1178 Days) - Regular Plan - Income Distribution cum Capital Withdrawal Option (IDCW);INF200KA1G59;;11.0077;;;24-May-2020
147764;SBI Fixed Maturity Plan (FMP) - Series 23 (1106 Days) - Direct Plan - Growth;INF200KA1M77;;10.5337;;;24-May-2020
147765;SBI Fixed Maturity Plan (FMP) - Series 23 (1106 Days) - Direct Plan - Income Distribution cum Capital Withdrawal Option (IDCW);INF200KA1M85;;10.5337;;;24-May-2020
147762;SBI Fixed Maturity Plan (FMP) - Series 23 (1106 Days) - Regular Plan - Growth;INF200KA1M51;;10.5198;;;24-May-2020
147763;SBI Fixed Maturity Plan (FMP) - Series 23 (1106 Days) - Regular Plan - Income Distribution cum Capital Withdrawal Option (IDCW);INF200KA1M69;;10.5198;;;24-May-2020
147509;SBI Fixed Maturity Plan (FMP) - Series 12 (1179 Days) - Direct Plan - Growth;INF200KA1H82;;10.9232;;;24-May-2020
147510;SBI Fixed Maturity Plan (FMP) - Series 12 (1179 Days) - Direct Plan - Income Distribution cum Capital Withdrawal Option (IDCW);INF200KA1H90;;10.9232;;;24-May-2020
147508;SBI Fixed Maturity Plan (FMP) - Series 12 (1179 Days) - Regular Plan - Growth;INF200KA1H66;;10.8998;;;24-May-2020
147511;SBI Fixed Maturity Plan (FMP) - Series 12 (1179 Days) - Regular Plan - Income Distribution cum Capital Withdrawal Option (IDCW);INF200KA1H74;;10.8998;;;24-May-2020
147520;SBI Fixed Maturity Plan (FMP) - Series 13 (1108 Days) - Direct Plan - Growth;INF200KA1I24;;10.9146;;;24-May-2020
147521;SBI Fixed Maturity Plan (FMP) - Series 13 (1108 Days) - Direct Plan - Income Distribution cum Capital Withdrawal Option (IDCW);INF200KA1I32;;10.9146;;;24-May-2020
147523;SBI Fixed Maturity Plan (FMP) - Series 13 (1108 Days) - Regular Plan - Growth;INF200KA1I08;;10.8917;;;24-May-2020
147522;SBI Fixed Maturity Plan (FMP) - Series 13 (1108 Days) - Regular Plan - Income Distribution cum Capital Withdrawal Option (IDCW);INF200KA1I16;;10.8917;;;24-May-2020

Close Ended Schemes ( Growth )


SBI Mutual Fund
131339;SBI EQUITY OPPORTUNITIES FUND - SERIES I - DIRECT PLAN - DIVIDEND;INF200K017S1;;9.4162;;;24-May-2020
131338;SBI EQUITY OPPORTUNITIES FUND - SERIES I - DIRECT PLAN - GROWTH;INF200K016S3;;13.2733;;;24-May-2020
131337;SBI EQUITY OPPORTUNITIES FUND - SERIES I - REGULAR PLAN - DIVIDEND;INF200K015S5;;9.1388;;;24-May-2020
131336;SBI EQUITY OPPORTUNITIES FUND - SERIES I - REGULAR PLAN - GROWTH;INF200K014S8;;12.8787;;;24-May-2020
135507;SBI EQUITY OPPORTUNITIES FUND -  SERIES IV - REGULAR PLAN - GROWTH;INF200KA1GP5;;11.9838;;;24-May-2020
135506;SBI EQUITY OPPORTUNITIES FUND - SERIES IV - DIRECT PLAN - GROWTH;INF200KA1GN0;;12.6009;;;24-May-2020
135509;SBI Equity Opportunities Fund-Series IV - Direct Plan - Income Distribution cum Capital Withdrawal Option (IDCW);INF200KA1GO8;;10.7096;;;24-May-2020
135508;SBI Equity Opportunities Fund-Series IV - Regular Plan - Income Distribution cum Capital Withdrawal Option (IDCW);INF200KA1GQ3;;10.1682;;;24-May-2020
