Scheme Code;Scheme Name;ISIN Div Payout/ISIN Growth;ISIN Div Reinvestment;Net Asset Value;Repurchase Price;Sale Price;Date

Open Ended Schemes ( Liquid )


Sahara Mutual Fund
101397;Sahara Liquid Fund-Fixed Pricing -  Weekly Dividend Option;;INF515L01064;1027.4373;1027.4373;1027.4373;19-Aug-2017
101393;Sahara Liquid Fund-Fixed Pricing - Daily Dividend Option;;INF515L01049;1170.6023;1170.6023;1170.6023;19-Aug-2017
120265;Sahara Liquid Fund-Fixed Pricing - Direct - Weekly Dividend Option;;INF515L01668;1027.4373;1027.4373;1027.4373;19-Aug-2017
120262;Sahara Liquid Fund-Fixed Pricing - Direct -Growth option;INF515L01650;;2867.0464;2867.0464;2867.0464;19-Aug-2017
101394;Sahara Liquid Fund-Fixed Pricing - Growth option;INF515L01056;;2864.5918;2864.5918;2864.5918;19-Aug-2017
101398;Sahara Liquid Fund-Fixed Pricing - Monthly Dividend Option;;INF515L01072;1043.3721;1043.3721;1043.3721;19-Aug-2017
120253;Sahara Liquid Fund-Fixed Pricing -Direct - Daily Dividend Option- Direct;;INF515L01643;1170.6023;1170.6023;1170.6023;19-Aug-2017
120266;Sahara Liquid Fund-Fixed Pricing -Direct - Monthly Dividend Option;;INF515L01676;1043.3721;1043.3721;1043.3721;19-Aug-2017
101399;Sahara Liquid Fund-Variable Pricing - Daily Dividend option;;INF515L01080;1177.0677;1177.0677;1177.0677;19-Aug-2017
101402;Sahara Liquid Fund-Variable Pricing - Growth option;INF515L01114;;2919.3967;2919.3967;2919.3967;19-Aug-2017
101400;Sahara Liquid Fund-Variable Pricing - Weekly Dividend Option;;INF515L01098;1184.8188;1184.8188;1184.8188;19-Aug-2017
120271;Sahara Liquid Fund-Variable Pricing -Direct - Daily Dividend option;;INF515L01684;1038.8267;1038.8267;1038.8267;19-Aug-2017
120280;Sahara Liquid Fund-Variable Pricing -Direct - Growth option;INF515L01718;;2924.1722;2924.1722;2924.1722;19-Aug-2017
120272;Sahara Liquid Fund-Variable Pricing -Direct - Weekly Dividend Option;;INF515L01692;1184.8188;1184.8188;1184.8188;19-Aug-2017
120273;Sahara Liquid Fund-Variable Pricing- Direct - Monthly Dividend Option;;INF515L01700;1055.8972;1055.8972;1055.8972;19-Aug-2017
101401;Sahara Liquid Fund-Variable Pricing- Monthly Dividend Option;;INF515L01106;1197.1600;1197.1600;1197.1600;19-Aug-2017

Tata Mutual Fund
101987;Tata Liquid Fund Reglar Plan - Monthly Dividend;INF277K01LR5;INF277K01LS3;1004.0483;1004.0483;1004.0483;19-Aug-2017
101861;Tata Liquid Fund-Regular Plan  - Weekly Dividend;INF277K016C5;;1001.3706;1001.3706;1001.3706;19-Aug-2017
101984;Tata Liquid High Investment Plan - Daily;;;1114.3379;1114.3379;1114.3379;19-Aug-2017
101860;Tata Liquid High Investment Plan - Growth;INF277K01LN4;;2679.5082;2679.5082;2679.5082;19-Aug-2017
101982;Tata Liquid Retail Investment PLan - Daily;;;1116.8143;1116.8143;1116.8143;19-Aug-2017
101983;Tata Liquid Retail Investment Plan - Fortnightly;;;1146.3756;1146.3756;1146.3756;19-Aug-2017
101858;Tata Liquid Retail Investment Plan - Growth;INF277K01LM6;;3633.7129;3633.7129;3633.7129;19-Aug-2017

Open Ended Schemes ( Money Market )


Tata Mutual Fund
102152;Tata Money Market Fund Regular (Bonus / Dividend);;;1015.5114;1015.5114;1015.5114;19-Aug-2017
102153;Tata Money Market Fund Regular (Growth);INF277K01LY1;;2555.1629;2555.1629;2555.1629;19-Aug-2017

Open Ended Schemes ( Debt Scheme - Overnight Fund )


SBI Mutual Fund
119831;SBI Overnight Fund - Direct Plan - Daily Income Distribution cum Capital Withdrawal Option (IDCW);;INF200K01TJ7;1009.9100;1009.9100;1009.9100;19-Aug-2017
119833;SBI OVERNIGHT FUND - DIRECT PLAN - GROWTH;INF200K01TK5;;2806.6366;2806.6366;2806.6366;19-Aug-2017
119832;SBI Overnight Fund - Direct Plan - Weekly Income Distribution cum Capital Withdrawal Option (IDCW);INF200K01TL3;INF200K01TM1;1031.1904;1031.1904;1031.1904;19-Aug-2017
114297;SBI Overnight Fund - Regular Plan - Daily Income Distribution cum Capital Withdrawal Option (IDCW);;INF200K01LN6;1009.9100;1009.9100;1009.9100;19-Aug-2017
101206;SBI OVERNIGHT FUND - REGULAR PLAN - GROWTH;INF200K01LQ9;;2786.6761;2786.6761;2786.6761;19-Aug-2017
103140;SBI Overnight Fund - Regular Plan - Weekly Income Distribution cum Capital Withdrawal Option (IDCW);INF200K01LO4;INF200K01LP1;1031.1903;1031.1903;1031.1903;19-Aug-2017

Open Ended Schemes ( Debt Scheme - Liquid Fund )


Aditya Birla Sun Life Mutual Fund
100047;Aditya Birla Sun Life Liquid Fund - Growth;INF209K01RU9;;267.1317;267.1317;267.1317;19-Aug-2017
119568;Aditya Birla Sun Life Liquid Fund - Growth - Direct Plan;INF209K01VA3;;268.0252;268.0252;268.0252;19-Aug-2017
100046;Aditya Birla Sun Life Liquid Fund -Daily IDCW;INF209K01KQ2;INF209K01SQ5;100.2124;100.2124;100.2124;19-Aug-2017
119569;Aditya Birla Sun Life Liquid Fund -Direct - daily IDCW;INF209K01UZ2;;100.2126;100.2126;100.2126;19-Aug-2017
119571;Aditya Birla Sun Life Liquid Fund -DIRECT - IDCW;INF209K01VD7;;145.5182;145.5182;145.5182;19-Aug-2017
119570;Aditya Birla Sun Life Liquid Fund -Direct - weekly IDCW;INF209K01VC9;;100.2426;100.2426;100.2426;19-Aug-2017
100041;Aditya Birla Sun Life Liquid Fund -Institutional - IDCW;;INF209K01KN9;108.0417;108.0417;108.0417;19-Aug-2017
100048;Aditya Birla Sun Life Liquid Fund -Institutional - weekly  IDCW;INF209KA1LK7;INF209K01KY6;108.0867;108.0867;108.0867;19-Aug-2017
103885;Aditya Birla Sun Life Liquid Fund -Regular - IDCW;INF209KA1LI1;;111.7641;111.7641;111.7641;19-Aug-2017
100044;Aditya Birla Sun Life Liquid Fund -Retail - IDCW;;INF209K01KP4;163.7224;163.7224;163.7224;19-Aug-2017
100051;Aditya Birla Sun Life Liquid Fund -weekly IDCW;INF209K01KU4;INF209KA1LJ9;100.2424;100.2424;100.2424;19-Aug-2017
112014;Aditya Birla Sun Life Liquid Fund- Discipline Advantage Plan;INF209K01KZ3;;179.5109;179.5109;179.5109;19-Aug-2017
100043;Aditya Birla Sun Life Liquid Fund-Institutional (Growth);INF209K01RT1;;444.8533;444.8533;444.8533;19-Aug-2017
100042;Aditya Birla Sun Life Liquid Fund-Retail (Growth);INF209K01ME4;;433.4930;433.4930;433.4930;19-Aug-2017

Axis Mutual Fund
128954;Axis Liquid Fund - Direct plan - Bonus Option;INF846K01NH4;;1849.5794;1849.5794;1849.5794;19-Aug-2017
120388;Axis Liquid Fund - Direct Plan - Daily IDCW;;INF846K01DA0;1000.6413;1000.6413;1000.6413;19-Aug-2017
120389;Axis Liquid Fund - Direct Plan - Growth Option;INF846K01CX4;;1849.6957;1849.6957;1849.6957;19-Aug-2017
120391;Axis Liquid Fund - Direct Plan - Monthly IDCW;INF846K01CY2;INF846K01CZ9;1004.6944;1004.6944;1004.6944;19-Aug-2017
120390;Axis Liquid Fund - Direct Plan - Weekly IDCW;INF846K01DB8;INF846K01DC6;1002.9707;1002.9707;1002.9707;19-Aug-2017
112211;Axis Liquid Fund - Regular Plan - Daily IDCW;;INF846K01420;1000.8759;1000.8759;1000.8759;19-Aug-2017
112210;Axis Liquid Fund - Regular Plan - Growth Option;INF846K01412;;1843.8010;1843.8010;1843.8010;19-Aug-2017
112213;Axis Liquid Fund - Regular Plan - Monthly IDCW;INF846K01453;INF846K01461;1005.0289;1005.0289;1005.0289;19-Aug-2017
112212;Axis Liquid Fund - Regular Plan - Weekly IDCW;INF846K01438;INF846K01446;1002.9631;1002.9631;1002.9631;19-Aug-2017
112712;Axis Liquid Fund - Retail Plan - Daily IDCW;;INF846K01362;1000.6413;1000.6413;1000.6413;19-Aug-2017
112713;Axis Liquid Fund - Retail Plan - Growth Option;INF846K01354;;1756.8282;1756.8282;1756.8282;19-Aug-2017
112714;Axis Liquid Fund - Retail Plan - Monthly IDCW;INF846K01396;INF846K01404;1004.2283;1004.2283;1004.2283;19-Aug-2017
112715;Axis Liquid Fund - Retail Plan - Weekly IDCW;INF846K01370;INF846K01388;1001.3135;1001.3135;1001.3135;19-Aug-2017

Bank of India Mutual Fund
119368;BANK OF INDIA Liquid Fund- Direct Plan- Daily IDCW;;INF761K01CL0;1002.6483;1002.6483;1002.6483;19-Aug-2017
119369;BANK OF INDIA Liquid Fund- Direct Plan- Growth;INF761K01785;;1921.9326;1921.9326;1921.9326;19-Aug-2017
119370;BANK OF INDIA Liquid Fund- Direct Plan- Weekly IDCW;;INF761K01CM8;1062.4982;1062.4982;1062.4982;19-Aug-2017
111971;BANK OF INDIA Liquid Fund- Regular Plan- Daily IDCW;;INF761K01CO4;1002.1069;1002.1069;1002.1069;19-Aug-2017
109254;BANK OF INDIA Liquid Fund- Regular Plan- Growth;INF761K01306;;1913.0891;1913.0891;1913.0891;19-Aug-2017
109255;BANK OF INDIA Liquid Fund- Regular Plan- Weekly IDCW;;INF761K01CP1;1002.1921;1002.1921;1002.1921;19-Aug-2017

Canara Robeco Mutual Fund
118307;CANARA ROBECO LIQUID FUND - DIRECT PLAN - DAILY IDCW (Reinvestment);;INF760K01FS0;1005.5000;1005.5000;1005.5000;19-Aug-2017
118305;CANARA ROBECO LIQUID FUND - DIRECT PLAN - GROWTH OPTION;INF760K01FU6;;2018.9422;2018.9422;2018.9422;19-Aug-2017
118304;CANARA ROBECO LIQUID FUND - DIRECT PLAN - IDCW (Payout/Reinvestment);INF760K01FT8;;1445.4355;1445.4355;1445.4355;19-Aug-2017
118306;CANARA ROBECO LIQUID FUND - DIRECT PLAN - MONTHLY IDCW (Payout/Reinvestment);INF760K01FV4;INF760K01FW2;1004.1845;1004.1845;1004.1845;19-Aug-2017
118308;CANARA ROBECO LIQUID FUND - DIRECT PLAN - WEEKLY IDCW (Payout/Reinvestment);INF760K01FY8;INF760K01FX0;1000.5468;1000.5468;1000.5468;19-Aug-2017
109349;CANARA ROBECO LIQUID FUND - REGULAR PLAN - DAILY IDCW (Reinvestment);;INF760K01CU3;1005.5000;1005.5000;1005.5000;19-Aug-2017
109353;CANARA ROBECO LIQUID FUND - REGULAR PLAN - GROWTH OPTION;INF760K01CW9;;2015.0377;2015.0377;2015.0377;19-Aug-2017
109351;CANARA ROBECO LIQUID FUND - REGULAR PLAN - MONTHLY IDCW (Payout/Reinvestment);INF760K01CX7;INF760K01CY5;1004.1647;1004.1647;1004.1647;19-Aug-2017
109350;CANARA ROBECO LIQUID FUND - REGULAR PLAN - WEEKLY IDCW (Payout/Reinvestment);INF760K01BZ4;INF760K01CZ2;1000.5444;1000.5444;1000.5444;19-Aug-2017
139235;Canara Robeco Liquid Fund -Unclaimed Redemption and Dividend Plan -Direct Growth Option;INF760K01IC8;;1097.1218;1097.1218;1097.1218;19-Aug-2017

DSP Mutual Fund
119125;DSP Liquidity Fund - Direct Plan - Growth;INF740K01QL4;;2385.4435;2385.4435;2385.4435;19-Aug-2017
119124;DSP Liquidity Fund - Direct Plan - IDCW - Daily;;INF740KA1OB6;1000.9828;1000.9828;1000.9828;19-Aug-2017
119123;DSP Liquidity Fund - Direct Plan - IDCW - Weekly;INF740KA1OC4;INF740KA1OD2;1001.1588;1001.1588;1001.1588;19-Aug-2017
103347;DSP Liquidity Fund - Regular Plan - Growth;INF740K01FK9;;2376.1114;2376.1114;2376.1114;19-Aug-2017
103348;DSP Liquidity Fund - Regular Plan - IDCW - Weekly;INF740K01FM5;INF740K01FL7;1001.1509;1001.1509;1001.1509;19-Aug-2017
103349;DSP Liquidity Fund- Regular Plan - IDCW - Daily;;INF740KA1OE0;1000.9785;1000.9785;1000.9785;19-Aug-2017
100943;DSP BlackRock Liquidity Fund - Regular Plan - Daily Dividend;;;10.0134;10.0134;10.0134;19-Aug-2017
100940;DSP BlackRock Liquidity Fund - Regular Plan - Growth;INF740K01CN0;;38.9769;38.9769;38.9769;19-Aug-2017
100941;DSP BlackRock Liquidity Fund - Regular Plan Weekly Dividend;;;12.4146;12.4146;12.4146;19-Aug-2017

Groww Mutual Fund
119135;Groww Liquid Fund ( formerly known as Indiabulls Liquid )Fund - Direct Plan - Growth Option;INF666M01451;;1630.0697;1630.0697;1630.0697;19-Aug-2017
119136;Groww Liquid Fund (formerly known as Indiabulls Liquid Fund) - Direct Plan- - Income Distribution cum capital withdrawal Option ( Reinvestment);;INF666M01469;1001.0600;1001.0600;1001.0600;19-Aug-2017
115991;Groww Liquid Fund (formerly known as Indiabulls Liquid Fund) - Regular Plan - Growth Option;INF666M01014;;1622.8223;1622.8223;1622.8223;19-Aug-2017
119138;Groww Liquid Fund (formerly known as Indiabulls Liquid Fund)- Direct Plan- Fortnightly - Income Distribution cum capital withdrawal Option (Payout & Reinvestment);INF666M01501;INF666M01485;1001.7850;1001.7850;1001.7850;19-Aug-2017
119139;Groww Liquid Fund (formerly known as Indiabulls Liquid Fund)- Direct Plan- Monthly - Income Distribution cum capital withdrawal Option (Payout & Reinvestment);INF666M01519;INF666M01493;1032.6855;1032.6855;1032.6855;19-Aug-2017
119137;Groww Liquid Fund (formerly known as Indiabulls Liquid Fund)- Direct Plan- Weekly - Income Distribution cum capital withdrawal Option (Payout & Reinvestment);INF666M01527;INF666M01477;1001.4207;1001.4207;1001.4207;19-Aug-2017
115992;Groww Liquid Fund (formerly known as Indiabulls Liquid Fund)- Regular Plan- - Income Distribution cum capital withdrawal Option (Reinvestment);;INF666M01022;1001.1451;1001.1451;1001.1451;19-Aug-2017
115995;Groww Liquid Fund (formerly known as Indiabulls Liquid Fund)- Regular Plan- Monthly - Income Distribution cum capital withdrawal Option (Payout & Reinvestment);INF666M01071;INF666M01055;1004.0671;1004.0671;1004.0671;19-Aug-2017
115993;Groww Liquid Fund (formerly known as Indiabulls Liquid Fund)- Regular Plan- Weekly - Income Distribution cum capital withdrawal Option (Payout & Reinvestment);INF666M01089;INF666M01030;1002.4785;1002.4785;1002.4785;19-Aug-2017
115994;Groww Liquid Fund (formerly known as Indiabulls Liquid) Fund- Regular Plan- Fortnightly - Income Distribution cum capital withdrawal Option (Payout & Reinvestment);INF666M01063;INF666M01048;1001.9186;1001.9186;1001.9186;19-Aug-2017

ICICI Prudential Mutual Fund
100357;ICICI Prudential Liquid Fund -Quarterly IDCW;INF109K01UU5;INF109K01UT7;101.2724;101.2724;101.2724;19-Aug-2017
100359;ICICI Prudential Liquid Institutional Plus Fund - Div - Daily;INF109K01VJ6;;118.5336;118.5336;118.5336;19-Aug-2017
103343;ICICI Prudential Liquid Fund - Daily IDCW;INF109K01VP3;;100.1158;100.1158;100.1158;19-Aug-2017
120198;ICICI Prudential Liquid Fund - Direct Plan -  Annual IDCW;INF109K01P99;INF109K01Q07;106.1471;106.1471;106.1471;19-Aug-2017
120187;ICICI Prudential Liquid Fund - Direct Plan -  Half Yearly IDCW;INF109K01Q56;INF109K01Q64;107.2118;107.2118;107.2118;19-Aug-2017
120191;ICICI Prudential Liquid Fund - Direct Plan -  IDCW Others;INF109K01Q31;INF109K01Q23;124.5444;124.5444;124.5444;19-Aug-2017
120188;ICICI Prudential Liquid Fund - Direct Plan - Daily IDCW;;INF109K01Q15;100.0855;100.0855;100.0855;19-Aug-2017
120197;ICICI Prudential Liquid Fund - Direct Plan - Growth;INF109K01Q49;;246.8241;246.8241;246.8241;19-Aug-2017
120189;ICICI Prudential Liquid Fund - Direct Plan - Monthly IDCW;INF109K01R06;;100.5946;100.5946;100.5946;19-Aug-2017
120196;ICICI Prudential Liquid Fund - Direct Plan - Quarterly IDCW;INF109K01Q72;INF109K01Q80;102.0328;102.0328;102.0328;19-Aug-2017
120190;ICICI Prudential Liquid Fund - Direct Plan - Weekly IDCW;INF109K01Q98;;100.2698;100.2698;100.2698;19-Aug-2017
130934;ICICI Prudential Liquid Fund - Direct Plan Bonus;INF109KA1G86;;124.8458;124.8458;124.8458;19-Aug-2017
103340;ICICI Prudential Liquid Fund - Growth;INF109K01VQ1;;246.2109;246.2109;246.2109;19-Aug-2017
104308;ICICI Prudential Liquid Fund - Half Yearly IDCW;INF109K01UX9;INF109K01UW1;106.15;106.15;106.15;19-Aug-2017
115505;ICICI Prudential Liquid Fund - IDCW Others;INF109K01VU3;INF109K01VT5;124.369;124.369;124.369;19-Aug-2017
103344;ICICI Prudential Liquid Fund - Institutional Option - I;INF109K01VH0;;233.0425;233.0425;233.0425;19-Aug-2017
139434;ICICI Prudential Liquid Fund - Unclaimed IDCW;INF109KB1WR9;;108.6313;108.6313;108.6313;19-Aug-2017
139433;ICICI Prudential Liquid Fund - Unclaimed Redemption;INF109KB1WQ1;;108.6313;108.6313;108.6313;19-Aug-2017
103342;ICICI Prudential Liquid Fund - Weekly IDCW;INF109K01VS7;;100.2441;100.2441;100.2441;19-Aug-2017
103341;ICICI Prudential Liquid Fund -Monthly IDCW;INF109K01VR9;;100.458;100.458;100.458;19-Aug-2017
112119;ICICI Prudential Liquid Fund-Annual IDCW;INF109K01VD9;INF109K01VC1;106.1089;106.1089;106.1089;19-Aug-2017
101748;ICICI Prudential Liquid Fund - Institutional - Daily - Div;INF109K01VE7;;118.5206;118.5206;118.5206;19-Aug-2017
101754;ICICI Prudential Liquid Fund Retail Daily Dividend;INF109K01UR1;;118.5326;118.5326;118.5326;19-Aug-2017
101750;ICICI Prudential Liquid Fund Retail Growth;INF109K01UQ3;;381.8719;381.8719;381.8719;19-Aug-2017
101755;ICICI Prudential Liquid Fund Retail Monthly Dividend;INF109K01US9;;100.4801;100.4801;100.4801;19-Aug-2017
101752;ICICI Prudential Liquid Fund Retail Weekly Dividend;INF109K01UV3;;118.9181;118.9181;118.9181;19-Aug-2017
101751;ICICI Prudential Liquid Institutional Fund - Growth;INF109K01VF4;;391.6567;391.6567;391.6567;19-Aug-2017

LIC Mutual Fund
120248;LIC MF Liquid Fund-Direct Plan-Daily IDCW;INF767K01DL5;INF767K01DM3;1098.0000;1098.0000;1098.0000;19-Aug-2017
120249;LIC MF Liquid Fund-Direct Plan-Growth;INF767K01DN1;;3024.8237;3024.8237;3024.8237;19-Aug-2017
101184;LIC MF Liquid Fund-Regular Plan-Daily IDCW;INF767K01IQ3;INF767K01IR1;1098.0000;1098.0000;1098.0000;19-Aug-2017
101185;LIC MF Liquid Fund-Regular Plan-Growth;INF767K01IS9;;3012.3105;3012.3105;3012.3105;19-Aug-2017

Nippon India Mutual Fund
100852;NIPPON INDIA LIQUID FUND - DAILY IDCW OPTION;;INF204K01UM1;1529.0049;1529.0049;1529.0049;19-Aug-2017
118695;NIPPON INDIA LIQUID FUND - DIRECT Plan - DAILY IDCW OPTION;;INF204K01ZG2;1529.0082;1529.0082;1529.0082;19-Aug-2017
118696;NIPPON INDIA LIQUID FUND - DIRECT Plan - MONTHLY IDCW OPTION;INF204K01ZI8;INF204K01ZJ6;1596.5516;1596.5516;1596.5516;19-Aug-2017
118698;NIPPON INDIA LIQUID FUND - DIRECT Plan - QUARTERLY IDCW OPTION;INF204K01ZK4;INF204K01ZL2;1016.9282;1016.9282;1016.9282;19-Aug-2017
118700;NIPPON INDIA LIQUID FUND - DIRECT Plan - WEEKLY IDCW OPTION;INF204KC1FN6;INF204K01ZM0;1530.5684;1530.5684;1530.5684;19-Aug-2017
118701;Nippon India Liquid Fund - Direct Plan Growth Plan - Growth Option;INF204K01ZH0;;4069.3896;4069.3896;4069.3896;19-Aug-2017
100855;NIPPON INDIA LIQUID FUND - MONTHLY IDCW OPTION;INF204K01UO7;INF204K01UP4;1593.1445;1593.1445;1593.1445;19-Aug-2017
112340;NIPPON INDIA LIQUID FUND - QUARTERLY IDCW OPTION;INF204K01UQ2;INF204K01UR0;1014.5078;1014.5078;1014.5078;19-Aug-2017
100837;Nippon India Liquid Fund - Retail Option - Growth Plan;INF204K01UL3;;3784.6732;3784.6732;3784.6732;19-Aug-2017
100842;NIPPON INDIA LIQUID FUND - RETAIL Plan - DAILY IDCW OPTION;;INF204K01UJ7;1524.5077;1524.5077;1524.5077;19-Aug-2017
100843;NIPPON INDIA LIQUID FUND - RETAIL plan - MONTHLY IDCW OPTION;INF204K01UT6;INF204K01UU4;1333.5170;1333.5170;1333.5170;19-Aug-2017
100844;NIPPON INDIA LIQUID FUND - RETAIL Plan - QUARTERLY IDCW OPTION;INF204K01UV2;INF204K01UW0;1227.4402;1227.4402;1227.4402;19-Aug-2017
100838;NIPPON INDIA LIQUID FUND - RETAIL Plan - WEEKLY IDCW OPTION;;INF204K01UK5;1034.3229;1034.3229;1034.3229;19-Aug-2017
100853;NIPPON INDIA LIQUID FUND - WEEKLY IDCW OPTION;INF204KC1FM8;INF204K01US8;1530.5654;1530.5654;1530.5654;19-Aug-2017
100851;Nippon India Liquid Fund -Growth Plan;INF204K01UN9;;4054.4068;4054.4068;4054.4068;19-Aug-2017
118610;Reliance Liquid Fund - Cash Plan - Direct Plan - Growth Plan - Growth Option;;;2692.9831;2692.9831;2692.9831;19-Aug-2017
118618;Reliance Liquid Fund - Cash Plan - Direct Plan Daily Dividend Reinvestment Option;;;1114.3468;1114.3468;1114.3468;19-Aug-2017
118609;Reliance Liquid Fund - Cash Plan - Direct Plan Monthly Dividend Plan;;;1007.7294;1007.7294;1007.7294;19-Aug-2017
118612;Reliance Liquid Fund - Cash Plan - Direct Plan Quarterly Dividend Plan;;;1020.8056;1020.8056;1020.8056;19-Aug-2017
118611;Reliance Liquid Fund - Cash Plan - Direct Plan Weekly Dividend Reinvestment Option;;;1091.8828;1091.8828;1091.8828;19-Aug-2017
100849;Reliance Liquid Fund-Cash Plan-Daily Dividend Reinvestment Option;;;1114.3182;1114.3182;1114.3182;19-Aug-2017
100845;Reliance Liquid Fund-Cash Plan-Growth Plan;;;2600.1186;2600.1186;2600.1186;19-Aug-2017
114251;Reliance Liquid Fund-Cash Plan-Monthly Dividend Plan;;;1005.2710;1005.2710;1005.2710;19-Aug-2017
114252;Reliance Liquid Fund-Cash Plan-Quarterly Dividend Plan;;;1013.2353;1013.2353;1013.2353;19-Aug-2017
100848;Reliance Liquid Fund-Cash Plan-Weekly Dividend Reinvestment Option;;;1091.8547;1091.8547;1091.8547;19-Aug-2017

quant Mutual Fund
120837;quant Liquid Fund - Growth Option - Direct Plan;INF966L01820;;26.1739;26.1739;26.1739;19-Aug-2017
103225;quant Liquid Fund - Growth Option - Regular Plan;INF966L01317;;26.0554;26.0554;26.0554;19-Aug-2017
120838;quant Liquid Fund - Monthly IDCW Option - Direct Plan;INF966L01796;INF966L01812;15.2738;15.2738;15.2738;19-Aug-2017
103228;quant Liquid Fund - Monthly IDCW Option - Regular Plan;INF966L01291;INF966L01309;15.1675;15.1675;15.1675;19-Aug-2017
120839;quant Liquid Fund - Weekly IDCW Option - Direct Plan;INF966L01788;INF966L01804;13.7699;13.7699;13.7699;19-Aug-2017
103227;quant Liquid Fund - Weekly IDCW Option - Regular Plan;INF966L01499;INF966L01283;13.5534;13.5534;13.5534;19-Aug-2017
120836;quant Liquid Fund-Daily IDCW Option - Direct Plan;;INF966L01770;13.7673;13.7673;13.7673;19-Aug-2017
103226;quant Liquid Fund-Daily IDCW Option - Regular Plan;;INF966L01275;13.6785;13.6785;13.6785;19-Aug-2017

Quantum Mutual Fund
103736;Quantum Liquid Fund - Direct Plan Daily IDCW;;INF082J01135;10.0071;10.0071;10.0071;19-Aug-2017
103734;Quantum Liquid Fund - Direct Plan Growth Option;INF082J01127;;23.0330;23.0330;23.0330;19-Aug-2017
103735;Quantum Liquid Fund - Direct Plan Monthly IDCW;INF082J01143;INF082J01200;10.0464;10.0464;10.0464;19-Aug-2017
141065;Quantum Liquid Fund - Regular Plan Daily IDCW;;INF082J01317;10.0057;10.0057;10.0057;19-Aug-2017
141066;Quantum Liquid Fund - Regular Plan Growth Option;INF082J01309;;23.0280;23.0280;23.0280;19-Aug-2017
141067;Quantum Liquid Fund - Regular Plan Monthly IDCW;INF082J01325;INF082J01333;10.0456;10.0456;10.0456;19-Aug-2017

SBI Mutual Fund
119804;SBI Liquid Fund - Direct Paln - Fortnightly Income Distribution cum Capital Withdrawal Option (IDCW);INF200K01UR8;INF200K01US6;1013.0660;1013.0660;1013.0660;19-Aug-2017
119805;SBI Liquid Fund - Direct Plan - Daily Income Distribution cum Capital Withdrawal Option (IDCW);;INF200K01UQ0;1003.2500;1003.2500;1003.2500;19-Aug-2017
119799;SBI Liquid Fund - Direct Plan - Weekly Income Distribution cum Capital Withdrawal Option (IDCW);INF200K01UU2;INF200K01UV0;1061.0596;1061.0596;1061.0596;19-Aug-2017
119800;SBI Liquid Fund - DIRECT PLAN -Growth;INF200K01UT4;;2616.4450;2616.4450;2616.4450;19-Aug-2017
105274;SBI Liquid Fund - Institutional - Growth;INF200K01LU1;;2633.5851;2633.5851;2633.5851;19-Aug-2017
105275;SBI Liquid Fund - Institutional Daily Income Distribution cum Capital Withdrawal Option (IDCW);;INF200K01LR7;1003.2500;1003.2500;1003.2500;19-Aug-2017
105279;SBI Liquid Fund - Institutional Fortnightly Income Distribution cum Capital Withdrawal Option (IDCW);INF200K01LS5;INF200K01LT3;1024.3721;1024.3721;1024.3721;19-Aug-2017
105278;SBI Liquid Fund - Institutional Weekly Income Distribution cum Capital Withdrawal Option (IDCW);INF200K01LV9;INF200K01LW7;1060.3504;1060.3504;1060.3504;19-Aug-2017
105281;SBI Liquid Fund - Regular Plan - Daily Income Distribution cum Capital Withdrawal Option (IDCW);;INF200K01LX5;1003.2500;1003.2500;1003.2500;19-Aug-2017
105283;SBI Liquid Fund - Regular Plan - Fortnightly Income Distribution cum Capital Withdrawal Option (IDCW);INF200K01LY3;INF200K01LZ0;1013.0543;1013.0543;1013.0543;19-Aug-2017
105282;SBI Liquid Fund - Regular Plan - Weekly Income Distribution cum Capital Withdrawal Option (IDCW);INF200K01MB9;INF200K01MC7;1061.0596;1061.0596;1061.0596;19-Aug-2017
105280;SBI Liquid Fund - REGULAR PLAN -Growth;INF200K01MA1;;2609.0467;2609.0467;2609.0467;19-Aug-2017

Sundaram Mutual Fund
119690;Sundaram Money Fund Direct Plan - Bonus;INF903J01RL8;;12.5875;12.5875;12.5875;19-Aug-2017
119688;Sundaram Money Fund Direct Plan - Daily Reinvestment of Income Distribution cum Capital Withdrawal (IDCW);;INF903J01QA3;10.1025;10.1025;10.1025;19-Aug-2017
119692;Sundaram Money Fund Direct Plan - Fortnightly Reinvestment of Income Distribution cum Capital Withdrawal (IDCW);;INF903J01QB1;25.9089;25.9089;25.9089;19-Aug-2017
119686;Sundaram Money Fund Direct Plan - Growth;INF903J01QF2;;35.1733;35.1733;35.1733;19-Aug-2017
119687;Sundaram Money Fund Direct Plan - Monthly Income Distribution cum Capital Withdrawal (IDCW);INF903J01QC9;INF903J01QD7;10.6967;10.6967;10.6967;19-Aug-2017
119689;Sundaram Money Fund Direct Plan - Quarterly Reinvestment of Income Distribution cum Capital Withdrawal (IDCW);;INF903J01QE5;34.1822;34.1822;34.1822;19-Aug-2017
119691;Sundaram Money Fund Direct Plan - Weekly Reinvestment of Income Distribution cum Capital Withdrawal (IDCW);;INF903J01QG0;11.6443;11.6443;11.6443;19-Aug-2017
102701;Sundaram Money Fund Institutional Plan - Daily Reinvestment of Income Distribution cum Capital Withdrawal (IDCW);;INF903J01GP2;10.0953;10.0953;10.0953;19-Aug-2017
102703;Sundaram Money Fund Institutional Plan - Growth;INF903J01GN7;;34.1856;34.1856;34.1856;19-Aug-2017
118328;Sundaram Money Fund Regular Plan - Bonus;INF903J01MB0;;12.5306;12.5306;12.5306;19-Aug-2017
103392;Sundaram Money Fund Regular Plan - Daily Reinvestment of Income Distribution cum Capital Withdrawal (IDCW);;INF903J01GW8;10.0953;10.0953;10.0953;19-Aug-2017
103395;Sundaram Money Fund Regular Plan - Fortnightly Reinvestment of Income Distribution cum Capital Withdrawal (IDCW);;INF903J01GY4;10.9617;10.9617;10.9617;19-Aug-2017
103397;Sundaram Money Fund Regular Plan - Growth;INF903J01GU2;;35.0549;35.0549;35.0549;19-Aug-2017
103396;Sundaram Money Fund Regular Plan - Monthly Income Distribution cum Capital Withdrawal (IDCW);INF903J01GV0;INF903J01GZ1;10.5534;10.5534;10.5534;19-Aug-2017
103393;Sundaram Money Fund Regular Plan - Quarterly Reinvestment of Income Distribution cum Capital Withdrawal (IDCW);;INF903J01HA2;34.1080;34.1080;34.1080;19-Aug-2017
100620;Sundaram Money Fund Retail Plan - Daily Reinvestment of Income Distribution cum Capital Withdrawal (IDCW);;INF903J01GI7;10.0953;10.0953;10.0953;19-Aug-2017
100622;Sundaram Money Fund Retail Plan - Fortnightly Reinvestment of Income Distribution cum Capital Withdrawal (IDCW);;INF903J01GK3;10.9293;10.9293;10.9293;19-Aug-2017
100618;Sundaram Money Fund Retail Plan - Growth;INF903J01GG1;;32.7606;32.7606;32.7606;19-Aug-2017
100623;Sundaram Money Fund Retail Plan - Monthly Income Distribution cum Capital Withdrawal (IDCW);INF903J01GH9;INF903J01GL1;10.5666;10.5666;10.5666;19-Aug-2017
100619;Sundaram Money Fund Retail Plan - Quarterly Reinvestment of Income Distribution cum Capital Withdrawal (IDCW);;INF903J01GM9;12.1350;12.1350;12.1350;19-Aug-2017
100621;Sundaram Money Fund Retail Plan - Weekly Reinvestment of Income Distribution cum Capital Withdrawal (IDCW);;INF903J01GJ5;11.5833;11.5833;11.5833;19-Aug-2017
140006;Sundaram Money Fund Unclaimed Amount Plan - Unclaimed Dividend Less Than Three Years;INF903JA1567;;10.5633;10.5633;10.5633;19-Aug-2017
140005;Sundaram Money Fund Unclaimed Amount Plan - Unclaimed Dividend More Than Three Years;INF903JA1575;;10.0000;10.0000;10.0000;19-Aug-2017
140003;Sundaram Money Fund Unclaimed Amount Plan - Unclaimed Redemption Less Than Three Years;INF903JA1542;;10.5721;10.5721;10.5721;19-Aug-2017
140004;Sundaram Money Fund Unclaimed Amount Plan - Unclaimed Redemption More Than Three Years;INF903JA1559;;10.0000;10.0000;10.0000;19-Aug-2017
103394;Sundaram Money Fund Regular Plan - Weekly Reinvestment of Income Distribution cum Capital Withdrawal (IDCW);;INF903J01GX6;11.6258;11.6258;11.6258;19-Aug-2017

Tata Mutual Fund
102672;Tata Liquid Fund -Regular Plan - Growth Option;INF277K01YD8;;2618.5835;2618.5835;2618.5835;19-Aug-2017
119862;Tata Liquid Fund- Direct Plan - Daily Reinvestment of IDCW Option;;INF277K012D2;1001.5187;1001.5187;1001.5187;19-Aug-2017
119861;Tata Liquid Fund- Direct Plan-Growth Option;INF277K01YE6;;2628.5878;2628.5878;2628.5878;19-Aug-2017
101714;Tata Liquid Fund- Regular Plan - Daily Reinvestment of IDCW Option;;INF277K011D4;1001.5157;1001.5157;1001.5157;19-Aug-2017

Union Mutual Fund
115401;Union Liquid Fund - Daily IDCW Option;;INF582M01021;1000.6489;1000.6489;1000.6489;19-Aug-2017
119301;Union Liquid Fund - Direct Plan - Daily IDCW Option;;INF582M01682;1000.6506;1000.6506;1000.6506;19-Aug-2017
119305;Union Liquid Fund - Direct Plan - Fortnightly IDCW Option;INF582M01724;INF582M01708;1001.8886;1001.8886;1001.8886;19-Aug-2017
119303;Union Liquid Fund - Direct Plan - Growth Option;INF582M01674;;1666.1684;1666.1684;1666.1684;19-Aug-2017
119302;Union Liquid Fund - Direct Plan - Monthly IDCW Option;INF582M01732;INF582M01716;1004.6939;1004.6939;1004.6939;19-Aug-2017
119304;Union Liquid Fund - Direct Plan - Weekly IDCW Option;;INF582M01690;1001.1918;1001.1918;1001.1918;19-Aug-2017
115399;Union Liquid Fund - Fortnightly IDCW Option;INF582M01062;INF582M01047;1001.8780;1001.8780;1001.8780;19-Aug-2017
115398;Union Liquid Fund - Growth Option;INF582M01013;;1658.6616;1658.6616;1658.6616;19-Aug-2017
115400;Union Liquid Fund - Monthly IDCW Option;INF582M01070;INF582M01054;1004.6616;1004.6616;1004.6616;19-Aug-2017
115402;Union Liquid Fund - Weekly IDCW Option;;INF582M01039;1001.1864;1001.1864;1001.1864;19-Aug-2017

UTI Mutual Fund
120558;UTI Liquid Fund - Direct Plan - Daily IDCW (Reinvestment);;INF789F01XP8;1019.4457;1019.4457;1019.4457;19-Aug-2017
141768;UTI Liquid Fund - Direct Plan - Flexi IDCW;INF789FA1K89;INF789FA1K97;1001.038;1001.038;0;19-Aug-2017
140913;UTI Liquid Fund - Direct Plan - Fortnightly IDCW;INF789FA1K06;INF789FA1K14;1067.252;1067.252;0;19-Aug-2017
140504;UTI Liquid Fund - Direct Plan - Half-Yearly IDCW;INF789FA1K48;INF789FA1K55;1042.1228;1042.1228;0;19-Aug-2017
120794;UTI Liquid Fund - Direct Plan - Monthly IDCW;INF789F01XR4;INF789F01XS2;1028.4726;1028.4726;1028.4726;19-Aug-2017
140024;UTI Liquid Fund - Direct Plan - Quarterly IDCW;INF789FA1K22;INF789FA1K30;1134.4529;1134.4529;0;19-Aug-2017
120777;UTI Liquid Fund - Direct Plan - Weekly IDCW;;INF789F01XT0;1053.3056;1053.3056;1053.3056;19-Aug-2017
133973;UTI Liquid Fund - Regular Plan - Annual IDCW;INF789FA1J66;INF789FA1J74;1201.1558;1201.1558;1201.1558;19-Aug-2017
102010;UTI Liquid Fund - Regular Plan - Daily IDCW (Reinvestment);;INF789F01PG3;1019.4457;1019.4457;1019.4457;19-Aug-2017
139838;UTI Liquid Fund - Regular Plan - Fortnightly IDCW;INF789FA1J09;INF789FA1J17;1067.1333;1067.1333;0;19-Aug-2017
102011;UTI Liquid Fund - Regular Plan - Monthly IDCW;INF789F01PI9;INF789F01PJ7;1028.4472;1028.4472;1028.4472;19-Aug-2017
135721;UTI Liquid Fund - Regular Plan - Quarterly IDCW;INF789FA1J25;INF789FA1J33;1134.1068;1134.1068;0;19-Aug-2017
102013;UTI Liquid Fund - Regular Plan - Weekly IDCW;;INF789F01PK5;1053.3013;1053.3013;1053.3013;19-Aug-2017
120304;UTI-  Liquid Cash Plan - Direct Plan - Growth Option;INF789F01XQ6;;2731.2851;2731.2851;2731.2851;19-Aug-2017
102012;UTI-  Liquid Cash Plan - Regular Plan - Growth Option;INF789F01PH1;;2724.0355;2724.0355;2724.0355;19-Aug-2017
102008;UTI-  Liquid Cash Plan- Discontinued - Regular Plan - Monthly Dividend Option;INF789F01BC2;INF789F01BA6;1176.3539;1176.3539;0;19-Aug-2017
102009;UTI-  Liquid Cash Plan- Discontinued - Regular Plan -Growth;INF789F01BB4;;2571.7086;2571.7086;0;19-Aug-2017
102007;UTI-  Liquid Cash Plan- Discontinued -Regular Plan Periodic Dividend Option;;INF789F01AZ5;1134.865;1134.865;0;19-Aug-2017

Open Ended Schemes ( Debt Scheme - Ultra Short Duration Fund )


SBI Mutual Fund
119784;SBI Ultra Short Duration Fund - Direct Plan - Daily Income Distribution cum Capital Withdrawal Option (IDCW);;INF200K01TG3;1675.0300;1675.0300;1675.0300;19-Aug-2017
119828;SBI ULTRA SHORT DURATION FUND - DIRECT PLAN - GROWTH;INF200K01TF5;;3689.5431;3689.5431;3689.5431;19-Aug-2017
119829;SBI Ultra Short Duration Fund - Direct Plan - Weekly Income Distribution cum Capital Withdrawal Option (IDCW);INF200K01TH1;INF200K01TI9;1077.5805;1077.5805;1077.5805;19-Aug-2017
105080;SBI Ultra Short Duration Fund - Regular Plan - Daily Income Distribution cum Capital Withdrawal Option (IDCW);;INF200K01LK2;1675.0300;1675.0300;1675.0300;19-Aug-2017
100641;SBI ULTRA SHORT DURATION FUND - REGULAR PLAN - GROWTH;INF200K01LJ4;;3676.3864;3676.3864;3676.3864;19-Aug-2017
103884;SBI Ultra Short Duration Fund - Regular Plan - Weekly Income Distribution cum Capital Withdrawal Option (IDCW);INF200K01LM8;INF200K01LL0;1077.5805;1077.5805;1077.5805;19-Aug-2017

Open Ended Schemes ( Debt Scheme - Money Market Fund )


Nippon India Mutual Fund
103050;NIPPON INDIA MONEY MARKET FUND - DAILY IDCW Option;;INF204K01UY6;1000.6814;1000.6814;1000.6814;19-Aug-2017
118718;NIPPON INDIA MONEY MARKET FUND - DIRECT Plan - DAILY IDCW Option;;INF204K01ZN8;1000.6841;1000.6841;1000.6841;19-Aug-2017
118720;NIPPON INDIA MONEY MARKET FUND - DIRECT Plan - MONTHLY IDCW Option;INF204K01ZQ1;INF204K01ZR9;1006.2983;1006.2983;1006.2983;19-Aug-2017
118716;NIPPON INDIA MONEY MARKET FUND - DIRECT Plan - QUARTERLY IDCW Option;INF204K01ZS7;INF204K01ZT5;1013.9673;1013.9673;1013.9673;19-Aug-2017
118717;NIPPON INDIA MONEY MARKET FUND - DIRECT Plan - WEEKLY IDCW Option;;INF204K01ZO6;1000.7724;1000.7724;1000.7724;19-Aug-2017
118715;Nippon India Money Market Fund - Direct Plan Growth Plan - Bonus Option;INF204K01G11;;1477.9760;1477.9760;1477.9760;19-Aug-2017
118719;Nippon India Money Market Fund - Direct Plan Growth Plan - Growth Option;INF204K01ZP3;;2513.4692;2513.4692;2513.4692;19-Aug-2017
103052;NIPPON INDIA MONEY MARKET FUND - MONTHLY IDCW Option;INF204K01VB2;INF204K01VC0;1006.2167;1006.2167;1006.2167;19-Aug-2017
112341;NIPPON INDIA MONEY MARKET FUND - QUARTERLY IDCW Option;INF204K01VD8;INF204K01VE6;1014.0440;1014.0440;1014.0440;19-Aug-2017
103051;NIPPON INDIA MONEY MARKET FUND - WEEKLY IDCW Option;;INF204K01UZ3;1000.7593;1000.7593;1000.7593;19-Aug-2017
103049;Nippon India Money Market Fund-Growth Plan-Bonus Option;INF204K01UX8;;1472.0900;1472.0900;1472.0900;19-Aug-2017
103048;Nippon India Money Market Fund-Growth Plan-Growth Option;INF204K01VA4;;2503.2801;2503.2801;2503.2801;19-Aug-2017

Tata Mutual Fund
119423;Tata Liquid Fund- Direct Plan- Monthly Dividend;INF277K01PS4;INF277K01PT2;1004.0804;1004.0804;1004.0804;19-Aug-2017
119422;Tata Liquid Fund- Direct Plan- Weekly Dividend;INF277K013C2;;1001.3760;1001.3760;1001.3760;19-Aug-2017
119421;Tata Money Market Fund- Direct Plan - Daily Reinvestment of IDCW Option;;INF277K011C6;1114.5200;1114.5200;1114.5200;19-Aug-2017
119424;Tata Money Market Fund- Direct Plan- Growth Option;INF277K01PR6;;3076.0249;3076.0249;3076.0249;19-Aug-2017
101986;Tata Money Market Fund- Regular Plan - Daily Reinvestment of IDCW Option;;INF277K014C0;1114.5200;1114.5200;1114.5200;19-Aug-2017
101847;Tata Money Market Fund-Regular Plan - Growth Option;INF277K01LQ7;;3065.5027;3065.5027;3065.5027;19-Aug-2017

UTI Mutual Fund
120299;UTI MMF - Direct Plan - Growth Option;INF789F01XV6;;1871.2839;1871.2839;1871.2839;19-Aug-2017
112077;UTI MMF - Regular Plan - Growth Option;INF789F01PX8;;1862.9418;1862.9418;1862.9418;19-Aug-2017
100724;UTI MMF- Discontinued - Regular Plan - Flexi Dividend Option;;INF789F01BD0;2408.7855;2408.7855;0;19-Aug-2017
100725;UTI MMF- Discontinued - Regular Plan - Periodic Dividend Option;INF789F01BE8;;1992.5092;1992.5092;0;19-Aug-2017
100723;UTI MMF-Discontinued - Regular Plan -Growth;INF789F01BF5;;4464.0701;4464.0701;0;19-Aug-2017
134973;UTI Money Market Fund - Direct Plan - Annual IDCW;INF789FA1N03;INF789FA1N11;1110.6847;1110.6847;0;19-Aug-2017
120772;UTI Money Market Fund - Direct Plan - Daily IDCW (Reinvestment);;INF789F01XU8;1003.3854;1003.3854;1003.3854;19-Aug-2017
135606;UTI Money Market Fund - Direct Plan - Fortnightly IDCW;INF789FA1M20;INF789FA1M38;1152.8327;1152.8327;0;19-Aug-2017
133387;UTI Money Market Fund - Direct Plan - Monthly IDCW;INF789FA1M46;INF789FA1M53;1086.1408;1086.1408;1086.1408;19-Aug-2017
120793;UTI Money Market Fund - Direct Plan - Weekly IDCW;INF789F01XW4;INF789F01XX2;1014.8347;1014.8347;1014.8347;19-Aug-2017
134972;UTI Money Market Fund - Regular Plan - Annual IDCW;INF789FA1L88;INF789FA1L96;1109.6076;1109.6076;0;19-Aug-2017
112076;UTI Money Market Fund - Regular Plan - Daily IDCW (Reinvestment);;INF789F01PW0;1003.3854;1003.3854;1003.3854;19-Aug-2017
135371;UTI Money Market Fund - Regular Plan - Fortnightly IDCW;INF789FA1L05;INF789FA1L13;1069.7335;1069.7335;0;19-Aug-2017
134763;UTI Money Market Fund - Regular Plan - Half-Yearly IDCW;INF789FA1L62;INF789FA1L70;1046.9282;1046.9282;0;19-Aug-2017
133484;UTI Money Market Fund - Regular Plan - Monthly IDCW;INF789FA1L21;INF789FA1L39;1040.2689;1040.2689;1040.2689;19-Aug-2017
112635;UTI Money Market Fund - Regular Plan - Weekly IDCW;INF789F01PY6;INF789F01PZ3;1014.8247;1014.8247;1014.8247;19-Aug-2017

Close Ended Schemes ( Income )


SBI Mutual Fund
126209;SBI DEBT FUND SERIES - 16 MONTHS - 2 - DIRECT PLAN - GROWTH;INF200KA1DM9;;13.3571;N.A.;N.A.;19-Aug-2017
126210;SBI DEBT FUND SERIES - 16 MONTHS - 2 - REGULAR PLAN - DIVIDEND;INF200KA1DL1;;13.2659;N.A.;N.A.;19-Aug-2017
126211;SBI DEBT FUND SERIES - 16 MONTHS - 2 - REGULAR PLAN - GROWTH;INF200KA1DK3;;13.2635;N.A.;N.A.;19-Aug-2017
126212;SBI DEBT FUND SERIES - 16 MONTHS - 2- DIRECT PLAN - DIVIDEND;INF200KA1DN7;;N.A.;N.A.;N.A.;19-Aug-2017
127810;SBI DEBT FUND SERIES - 366 DAYS - 53 - DIRECT PLAN - DIVIDEND;INF200KA1606;;13.3019;N.A.;N.A.;19-Aug-2017
127811;SBI DEBT FUND SERIES - 366 DAYS - 53 - DIRECT PLAN - GROWTH;INF200KA1614;;13.3023;N.A.;N.A.;19-Aug-2017
127812;SBI DEBT FUND SERIES - 366 DAYS - 53 - REGULAR PLAN - DIVIDEND;INF200KA1622;;N.A.;N.A.;N.A.;19-Aug-2017
127813;SBI DEBT FUND SERIES - 366 DAYS - 53 - REGULAR PLAN - GROWTH;INF200KA1630;;13.2344;N.A.;N.A.;19-Aug-2017
128165;SBI DEBT FUND SERIES - 366 DAYS - 54 - DIRECT PLAN - DIVIDEND;INF200KA1788;;13.3316;N.A.;N.A.;19-Aug-2017
128167;SBI DEBT FUND SERIES - 366 DAYS - 54 - REGULAR PLAN - DIVIDEND;INF200KA1804;;13.2167;N.A.;N.A.;19-Aug-2017
128168;SBI DEBT FUND SERIES - 366 DAYS - 54 - REGULAR PLAN - GROWTH;INF200KA1812;;13.2168;N.A.;N.A.;19-Aug-2017
128166;SBI DEBT FUND SERIES - 366 DAYS - 54- DIRECT PLAN - GROWTH;INF200KA1796;;13.3311;N.A.;N.A.;19-Aug-2017
118220;SBI DEBT FUND SERIES - 60 MONTHS - 2 - DIVIDEND;INF200K01QD6;;14.4076;N.A.;N.A.;19-Aug-2017
118221;SBI DEBT FUND SERIES - 60 MONTHS - 2 - GROWTH;INF200K01QC8;;14.4077;N.A.;N.A.;19-Aug-2017
120901;SBI DEBT FUND SERIES - 60 MONTHS - 3 - DIRECT PLAN - DIVIDEND;INF200K01QQ8;;14.6319;N.A.;N.A.;19-Aug-2017
120900;SBI DEBT FUND SERIES - 60 MONTHS - 3 - DIRECT PLAN - GROWTH;INF200K01QP0;;14.6319;N.A.;N.A.;19-Aug-2017
120899;SBI DEBT FUND SERIES - 60 MONTHS - 3 - REGULAR PLAN - DIVIDEND;INF200K01QF1;;14.2883;N.A.;N.A.;19-Aug-2017
120898;SBI DEBT FUND SERIES - 60 MONTHS - 3 - REGULAR PLAN - GROWTH;INF200K01QE4;;14.2883;N.A.;N.A.;19-Aug-2017
128389;SBI DEBT FUND SERIES A - 11 DIRECT PLAN - DIVIDEND;INF200KA1AF9;;N.A.;N.A.;N.A.;19-Aug-2017
128388;SBI DEBT FUND SERIES A - 11 DIRECT PLAN - GROWTH;INF200KA1AE2;;13.2011;N.A.;N.A.;19-Aug-2017
128391;SBI DEBT FUND SERIES A - 11 REGULAR PLAN - DIVIDEND;INF200KA1AD4;;N.A.;N.A.;N.A.;19-Aug-2017
128390;SBI DEBT FUND SERIES A - 11 REGULAR PLAN - GROWTH;INF200KA1AC6;;12.9891;N.A.;N.A.;19-Aug-2017
128672;SBI DEBT FUND SERIES A - 13 DIRECT PLAN - DIVIDEND;INF200KA1978;;N.A.;N.A.;N.A.;19-Aug-2017
128674;SBI DEBT FUND SERIES A - 13 DIRECT PLAN - GROWTH;INF200KA1960;;13.1265;N.A.;N.A.;19-Aug-2017
128673;SBI DEBT FUND SERIES A - 13 REGULAR PLAN - DIVIDEND;INF200KA1952;;N.A.;N.A.;N.A.;19-Aug-2017
128671;SBI DEBT FUND SERIES A - 13 REGULAR PLAN - GROWTH;INF200KA1945;;12.9946;N.A.;N.A.;19-Aug-2017
128696;SBI DEBT FUND SERIES A - 14 DIRECT PLAN - DIVIDEND;INF200KA1AJ1;;N.A.;N.A.;N.A.;19-Aug-2017
128693;SBI DEBT FUND SERIES A - 14 DIRECT PLAN - GROWTH;INF200KA1AI3;;13.1384;N.A.;N.A.;19-Aug-2017
128694;SBI DEBT FUND SERIES A - 14 REGULAR PLAN - DIVIDEND;INF200KA1AH5;;N.A.;N.A.;N.A.;19-Aug-2017
128695;SBI DEBT FUND SERIES A - 14 REGULAR PLAN - GROWTH;INF200KA1AG7;;12.9316;N.A.;N.A.;19-Aug-2017
128930;SBI DEBT FUND SERIES A - 16 DIRECT PLAN - DIVIDEND;INF200KA1AB8;;N.A.;N.A.;N.A.;19-Aug-2017
128931;SBI DEBT FUND SERIES A - 16 DIRECT PLAN - GROWTH;INF200KA1AA0;;13.0060;N.A.;N.A.;19-Aug-2017
128932;SBI DEBT FUND SERIES A - 16 REGULAR PLAN - DIVIDEND;INF200KA1994;;N.A.;N.A.;N.A.;19-Aug-2017
128933;SBI DEBT FUND SERIES A - 16 REGULAR PLAN - GROWTH;INF200KA1986;;12.9790;N.A.;N.A.;19-Aug-2017
129120;SBI DEBT FUND SERIES A - 17 DIRECT PLAN - DIVIDEND;INF200KA1AV6;;13.0068;N.A.;N.A.;19-Aug-2017
129117;SBI DEBT FUND SERIES A - 17 DIRECT PLAN - GROWTH;INF200KA1AU8;;13.0263;N.A.;N.A.;19-Aug-2017
129119;SBI DEBT FUND SERIES A - 17 REGULAR PLAN - DIVIDEND;INF200KA1AT0;;12.9670;N.A.;N.A.;19-Aug-2017
129118;SBI DEBT FUND SERIES A - 17 REGULAR PLAN - GROWTH;INF200KA1AS2;;12.9670;N.A.;N.A.;19-Aug-2017
129391;SBI DEBT FUND SERIES A - 20 DIRECT PLAN - DIVIDEND;INF200KA1BT8;;13.0469;N.A.;N.A.;19-Aug-2017
129392;SBI DEBT FUND SERIES A - 20 DIRECT PLAN - GROWTH;INF200KA1BS0;;13.0484;N.A.;N.A.;19-Aug-2017
129393;SBI DEBT FUND SERIES A - 20 REGULAR PLAN - DIVIDEND;INF200KA1BR2;;N.A.;N.A.;N.A.;19-Aug-2017
129394;SBI DEBT FUND SERIES A - 20 REGULAR PLAN - GROWTH;INF200KA1BQ4;;13.0035;N.A.;N.A.;19-Aug-2017
129442;SBI DEBT FUND SERIES A - 21 DIRECT PLAN - DIVIDEND;INF200KA1BX0;;N.A.;N.A.;N.A.;19-Aug-2017
129443;SBI DEBT FUND SERIES A - 21 DIRECT PLAN - GROWTH;INF200KA1BW2;;13.0119;N.A.;N.A.;19-Aug-2017
129445;SBI DEBT FUND SERIES A - 21 REGULAR PLAN - DIVIDEND;INF200KA1BV4;;N.A.;N.A.;N.A.;19-Aug-2017
129444;SBI DEBT FUND SERIES A - 21 REGULAR PLAN - GROWTH;INF200KA1BU6;;12.9655;N.A.;N.A.;19-Aug-2017
129658;SBI DEBT FUND SERIES A - 22 DIRECT PLAN - DIVIDEND;INF200KA1CV2;;13.0368;N.A.;N.A.;19-Aug-2017
129661;SBI DEBT FUND SERIES A - 22 DIRECT PLAN - GROWTH;INF200KA1CU4;;13.0377;N.A.;N.A.;19-Aug-2017
129659;SBI DEBT FUND SERIES A - 22 REGULAR PLAN - DIVIDEND;INF200KA1CT6;;N.A.;N.A.;N.A.;19-Aug-2017
129660;SBI DEBT FUND SERIES A - 22 REGULAR PLAN - GROWTH;INF200KA1CS8;;12.9746;N.A.;N.A.;19-Aug-2017
129662;SBI DEBT FUND SERIES A - 23 DIRECT PLAN - DIVIDEND;INF200K011H7;;N.A.;N.A.;N.A.;19-Aug-2017
129663;SBI DEBT FUND SERIES A - 23 DIRECT PLAN - GROWTH;INF200K010H9;;13.1849;N.A.;N.A.;19-Aug-2017
129664;SBI DEBT FUND SERIES A - 23 REGULAR PLAN - DIVIDEND;INF200K019G2;;13.0434;N.A.;N.A.;19-Aug-2017
129665;SBI DEBT FUND SERIES A - 23 REGULAR PLAN - GROWTH;INF200K018G4;;13.0437;N.A.;N.A.;19-Aug-2017
129707;SBI DEBT FUND SERIES A - 24 DIRECT PLAN - DIVIDEND;INF200KA1DR8;;N.A.;N.A.;N.A.;19-Aug-2017
129708;SBI DEBT FUND SERIES A - 24 DIRECT PLAN - GROWTH;INF200KA1DQ0;;13.0260;N.A.;N.A.;19-Aug-2017
129709;SBI DEBT FUND SERIES A - 24 REGULAR PLAN - DIVIDEND;INF200KA1DP2;;N.A.;N.A.;N.A.;19-Aug-2017
129710;SBI DEBT FUND SERIES A - 24 REGULAR PLAN - GROWTH;INF200KA1DO5;;12.9626;N.A.;N.A.;19-Aug-2017
129845;SBI DEBT FUND SERIES A - 25 DIRECT PLAN - DIVIDEND;INF200KA1DV0;;N.A.;N.A.;N.A.;19-Aug-2017
129848;SBI DEBT FUND SERIES A - 25 DIRECT PLAN - GROWTH;INF200KA1DU2;;12.9816;N.A.;N.A.;19-Aug-2017
129846;SBI DEBT FUND SERIES A - 25 REGULAR PLAN - DIVIDEND;INF200KA1DT4;;12.9320;N.A.;N.A.;19-Aug-2017
129847;SBI DEBT FUND SERIES A - 25 REGULAR PLAN - GROWTH;INF200KA1DS6;;12.9296;N.A.;N.A.;19-Aug-2017
129872;SBI DEBT FUND SERIES A - 26 (682 DAYS) DIRECT PLAN - DIVIDEND;INF200K013I1;;N.A.;N.A.;N.A.;19-Aug-2017
129869;SBI DEBT FUND SERIES A - 26 (682 DAYS) DIRECT PLAN - GROWTH;INF200K012I3;;12.8981;N.A.;N.A.;19-Aug-2017
129870;SBI DEBT FUND SERIES A - 26 (682 DAYS) REGULAR PLAN - DIVIDEND;INF200K011I5;;N.A.;N.A.;N.A.;19-Aug-2017
129871;SBI DEBT FUND SERIES A - 26 (682 DAYS) REGULAR PLAN - GROWTH;INF200K010I7;;12.7863;N.A.;N.A.;19-Aug-2017
129971;SBI DEBT FUND SERIES A - 27 (366 DAYS) DIRECT PLAN - DIVIDEND;INF200KA1EE4;;N.A.;N.A.;N.A.;19-Aug-2017
129972;SBI DEBT FUND SERIES A - 27 (366 DAYS) DIRECT PLAN - GROWTH;INF200KA1EF1;;12.9327;N.A.;N.A.;19-Aug-2017
129973;SBI DEBT FUND SERIES A - 27 (366 DAYS) REGULAR PLAN - DIVIDEND;INF200KA1EG9;;N.A.;N.A.;N.A.;19-Aug-2017
129974;SBI DEBT FUND SERIES A - 27 (366 DAYS) REGULAR PLAN - GROWTH;INF200KA1EH7;;12.8848;N.A.;N.A.;19-Aug-2017
130027;SBI DEBT FUND SERIES A - 28 (367 DAYS) - DIRECT PLAN - DIVIDEND;INF200KA1EP0;;N.A.;N.A.;N.A.;19-Aug-2017
130026;SBI DEBT FUND SERIES A - 28 (367 DAYS) - DIRECT PLAN - GROWTH;INF200KA1EO3;;12.9222;N.A.;N.A.;19-Aug-2017
130028;SBI DEBT FUND SERIES A - 28 (367 DAYS) - REGULAR PLAN - DIVIDEND;INF200KA1EN5;;N.A.;N.A.;N.A.;19-Aug-2017
130025;SBI DEBT FUND SERIES A - 28 (367 DAYS) - REGULAR PLAN - GROWTH;INF200KA1EM7;;12.8770;N.A.;N.A.;19-Aug-2017
130236;SBI DEBT FUND SERIES A - 31 (367 DAYS) DIRECT PLAN - DIVIDEND;INF200KA1EX4;;N.A.;N.A.;N.A.;19-Aug-2017
130238;SBI DEBT FUND SERIES A - 31 (367 DAYS) DIRECT PLAN - GROWTH;INF200KA1EW6;;12.8502;N.A.;N.A.;19-Aug-2017
130235;SBI DEBT FUND SERIES A - 31 (367 DAYS) REGULAR PLAN - DIVIDEND;INF200KA1EV8;;N.A.;N.A.;N.A.;19-Aug-2017
130237;SBI DEBT FUND SERIES A - 31 (367 DAYS) REGULAR PLAN - GROWTH;INF200KA1EU0;;12.8092;N.A.;N.A.;19-Aug-2017
130282;SBI DEBT FUND SERIES A - 32 (367 DAYS) DIRECT PLAN - DIVIDEND;INF200KA1FB7;;N.A.;N.A.;N.A.;19-Aug-2017
130283;SBI DEBT FUND SERIES A - 32 (367 DAYS) DIRECT PLAN - GROWTH;INF200KA1FA9;;12.8318;N.A.;N.A.;19-Aug-2017
130284;SBI DEBT FUND SERIES A - 32 (367 DAYS) REGULAR PLAN - DIVIDEND;INF200KA1EZ9;;12.7911;N.A.;N.A.;19-Aug-2017
130281;SBI DEBT FUND SERIES A - 32 (367 DAYS) REGULAR PLAN - GROWTH;INF200KA1EY2;;12.7909;N.A.;N.A.;19-Aug-2017
130321;SBI DEBT FUND SERIES A - 34 (367 Days)  REGULAR PLAN - DIVIDEND;INF200KA1FD3;;N.A.;N.A.;N.A.;19-Aug-2017
130324;SBI DEBT FUND SERIES A - 34 (367 DAYS) DIRECT PLAN - DIVIDEND;INF200KA1FF8;;N.A.;N.A.;N.A.;19-Aug-2017
130322;SBI DEBT FUND SERIES A - 34 (367 DAYS) DIRECT PLAN - GROWTH;INF200KA1FE1;;12.8211;N.A.;N.A.;19-Aug-2017
130323;SBI DEBT FUND SERIES A - 34 (367 DAYS) REGULAR PLAN - GROWTH;INF200KA1FC5;;12.7802;N.A.;N.A.;19-Aug-2017
130444;SBI DEBT FUND SERIES A - 35 (369 DAYS) DIRECT PLAN - DIVIDEND;INF200KA1FN2;;N.A.;N.A.;N.A.;19-Aug-2017
130445;SBI DEBT FUND SERIES A - 35 (369 DAYS) DIRECT PLAN - GROWTH;INF200KA1FM4;;12.8479;N.A.;N.A.;19-Aug-2017
130443;SBI DEBT FUND SERIES A - 35 (369 Days) REGULAR PLAN - DIVIDEND;INF200KA1FL6;;N.A.;N.A.;N.A.;19-Aug-2017
130442;SBI DEBT FUND SERIES A - 35 (369 DAYS) REGULAR PLAN - GROWTH;INF200KA1FK8;;12.8049;N.A.;N.A.;19-Aug-2017
130599;SBI DEBT FUND SERIES A - 36 (36 Months) DIRECT PLAN - DIVIDEND;INF200K017M4;;13.0020;N.A.;N.A.;19-Aug-2017
130601;SBI DEBT FUND SERIES A - 36 (36 Months) DIRECT PLAN - GROWTH;INF200K016M6;;13.0008;N.A.;N.A.;19-Aug-2017
130600;SBI DEBT FUND SERIES A - 36 (36 Months) REGULAR PLAN - DIVIDEND;INF200K015M8;;12.8635;N.A.;N.A.;19-Aug-2017
130602;SBI DEBT FUND SERIES A - 36 (36 Months) REGULAR PLAN - GROWTH;INF200K014M1;;12.8635;N.A.;N.A.;19-Aug-2017
127337;SBI DEBT FUND SERIES A - 4 DIRECT - GROWTH;INF200K01Z04;;13.3642;N.A.;N.A.;19-Aug-2017
127340;SBI DEBT FUND SERIES A - 4 DIRECT PLAN - DIVIDEND;INF200K01Z12;;N.A.;N.A.;N.A.;19-Aug-2017
127338;SBI DEBT FUND SERIES A - 4 REGULAR PLAN - DIVIDEND;INF200K01Y96;;N.A.;N.A.;N.A.;19-Aug-2017
127339;SBI DEBT FUND SERIES A - 4 REGULAR PLAN - GROWTH;INF200K01Y88;;13.2003;N.A.;N.A.;19-Aug-2017
131129;SBI DEBT FUND SERIES A - 40 (1100 DAYS) - DIRECT PLAN - DIVIDEND;INF200K017Q5;;N.A.;N.A.;N.A.;19-Aug-2017
131128;SBI DEBT FUND SERIES A - 40 (1100 DAYS) - DIRECT PLAN - GROWTH;INF200K016Q7;;12.9457;N.A.;N.A.;19-Aug-2017
131127;SBI DEBT FUND SERIES A - 40 (1100 DAYS) - REGULAR PLAN - DIVIDEND;INF200K015Q9;;12.8136;N.A.;N.A.;19-Aug-2017
131130;SBI DEBT FUND SERIES A - 40 (1100 DAYS) - REGULAR PLAN - GROWTH;INF200K014Q2;;12.8115;N.A.;N.A.;19-Aug-2017
131275;SBI DEBT FUND SERIES A - 42 (1111 DAYS) - DIRECT PLAN - DIVIDEND;INF200K019R9;;N.A.;N.A.;N.A.;19-Aug-2017
131276;SBI DEBT FUND SERIES A - 42 (1111 DAYS) - DIRECT PLAN - GROWTH;INF200K018R1;;12.9799;N.A.;N.A.;19-Aug-2017
131274;SBI DEBT FUND SERIES A - 42 (1111 DAYS) - REGULAR PLAN - DIVIDEND;INF200K017R3;;12.8469;N.A.;N.A.;19-Aug-2017
131273;SBI DEBT FUND SERIES A - 42 (1111 DAYS) - REGULAR PLAN - GROWTH;INF200K016R5;;12.8469;N.A.;N.A.;19-Aug-2017
131403;SBI DEBT FUND SERIES A - 43 (1111 DAYS) - DIRECT PLAN - DIVIDEND;INF200K011T2;;12.8835;N.A.;N.A.;19-Aug-2017
131401;SBI DEBT FUND SERIES A - 43 (1111 DAYS) - DIRECT PLAN - GROWTH;INF200K010T4;;12.8836;N.A.;N.A.;19-Aug-2017
131400;SBI DEBT FUND SERIES A - 43 (1111 DAYS) - REGULAR PLAN - DIVIDEND;INF200K019S7;;12.7535;N.A.;N.A.;19-Aug-2017
131402;SBI DEBT FUND SERIES A - 43 (1111 DAYS) - REGULAR PLAN - GROWTH;INF200K018S9;;12.7535;N.A.;N.A.;19-Aug-2017
131468;SBI DEBT FUND SERIES A - 44 (1111 DAYS) - DIRECT PLAN - DIVIDEND;INF200K014U4;;12.7939;N.A.;N.A.;19-Aug-2017
131469;SBI DEBT FUND SERIES A - 44 (1111 DAYS) - DIRECT PLAN - GROWTH;INF200K013U6;;12.7940;N.A.;N.A.;19-Aug-2017
131467;SBI DEBT FUND SERIES A - 44 (1111 DAYS) - REGULAR PLAN - DIVIDEND;INF200K012U8;;12.6663;N.A.;N.A.;19-Aug-2017
131466;SBI DEBT FUND SERIES A - 44 (1111 DAYS) - REGULAR PLAN - GROWTH;INF200K011U0;;12.6663;N.A.;N.A.;19-Aug-2017
127516;SBI DEBT FUND SERIES A - 5 DIRECT - GROWTH;INF200KA1AM5;;13.2958;N.A.;N.A.;19-Aug-2017
127517;SBI DEBT FUND SERIES A - 5 DIRECT PLAN - DIVIDEND;INF200KA1AN3;;N.A.;N.A.;N.A.;19-Aug-2017
127514;SBI DEBT FUND SERIES A - 5 REGULAR PLAN - DIVIDEND;INF200KA1AL7;;N.A.;N.A.;N.A.;19-Aug-2017
127515;SBI DEBT FUND SERIES A - 5 REGULAR PLAN - GROWTH;INF200KA1AK9;;13.1944;N.A.;N.A.;19-Aug-2017
128321;SBI DEBT FUND SERIES A - 9 DIRECT - GROWTH;INF200KA1713;;13.3360;N.A.;N.A.;19-Aug-2017
128322;SBI DEBT FUND SERIES A - 9 DIRECT PLAN - DIVIDEND;INF200KA1721;;N.A.;N.A.;N.A.;19-Aug-2017
128324;SBI DEBT FUND SERIES A - 9 REGULAR PLAN - DIVIDEND;INF200KA1739;;N.A.;N.A.;N.A.;19-Aug-2017
128323;SBI DEBT FUND SERIES A - 9 REGULAR PLAN - GROWTH;INF200KA1705;;13.2173;N.A.;N.A.;19-Aug-2017
131594;SBI DEBT FUND SERIES B - 1 (1111 DAYS) - DIRECT PLAN - DIVIDEND;INF200K018U5;;12.8076;N.A.;N.A.;19-Aug-2017
131596;SBI DEBT FUND SERIES B - 1 (1111 DAYS) - DIRECT PLAN - GROWTH;INF200K017U7;;12.8076;N.A.;N.A.;19-Aug-2017
131597;SBI DEBT FUND SERIES B - 1 (1111 DAYS) - REGULAR PLAN - DIVIDEND;INF200K016U9;;12.6845;N.A.;N.A.;19-Aug-2017
131595;SBI DEBT FUND SERIES B - 1 (1111 DAYS) - REGULAR PLAN - GROWTH;INF200K015U1;;12.6845;N.A.;N.A.;19-Aug-2017
134626;SBI Debt Fund Series B - 16 (1100 Days) - Direct Plan - Dividend;INF200KA1CN9;;12.0733;N.A.;N.A.;19-Aug-2017
134623;SBI Debt Fund Series B - 16 (1100 Days) - Regular Plan - Growth;INF200KA1CK5;;11.9803;N.A.;N.A.;19-Aug-2017
134624;SBI Debt Fund Series B -16 (1100 Days) - Direct Plan - Growth;INF200KA1CM1;;12.0733;N.A.;N.A.;19-Aug-2017
134625;SBI Debt Fund Series B -16 (1100 Days) - Regular Plan - Dividend;INF200KA1CL3;;11.9803;N.A.;N.A.;19-Aug-2017
134671;SBI DEBT FUND SERIES B - 17 (1100 DAYS) - DIRECT PLAN - DIVIDEND;INF200KA1CZ3;;12.0565;N.A.;N.A.;19-Aug-2017
134670;SBI DEBT FUND SERIES B - 17 (1100 DAYS) - DIRECT PLAN - GROWTH;INF200KA1CY6;;12.0565;N.A.;N.A.;19-Aug-2017
134669;SBI DEBT FUND SERIES B - 17 (1100 DAYS) - REGULAR PLAN - DIVIDEND;INF200KA1CX8;;11.9644;N.A.;N.A.;19-Aug-2017
134672;SBI DEBT FUND SERIES B - 17 (1100 DAYS) - REGULAR PLAN - GROWTH;INF200KA1CW0;;11.9644;N.A.;N.A.;19-Aug-2017
134688;SBI DEBT FUND SERIES B - 18 (1100 DAYS) - DIRECT PLAN - DIVIDEND;INF200KA1ED6;;12.0246;N.A.;N.A.;19-Aug-2017
134689;SBI DEBT FUND SERIES B - 18 (1100 DAYS) - DIRECT PLAN - GROWTH;INF200KA1EC8;;12.0248;N.A.;N.A.;19-Aug-2017
134687;SBI DEBT FUND SERIES B - 18 (1100 DAYS) - REGULAR PLAN - DIVIDEND;INF200KA1EB0;;11.9337;N.A.;N.A.;19-Aug-2017
134690;SBI DEBT FUND SERIES B - 18 (1100 DAYS) - REGULAR PLAN - GROWTH;INF200KA1EA2;;11.9337;N.A.;N.A.;19-Aug-2017
134771;SBI DEBT FUND SERIES B - 19 (1100 Days) - DIRECT PLAN - DIVIDEND;INF200KA1EI5;;12.0461;N.A.;N.A.;19-Aug-2017
134770;SBI DEBT FUND SERIES B - 19 (1100 Days) - DIRECT PLAN - GROWTH;INF200KA1EJ3;;12.0462;N.A.;N.A.;19-Aug-2017
134769;SBI DEBT FUND SERIES B - 19 (1100 Days) - REGULAR PLAN - DIVIDEND;INF200KA1EK1;;11.9565;N.A.;N.A.;19-Aug-2017
134768;SBI DEBT FUND SERIES B - 19 (1100 Days) - REGULAR PLAN - GROWTH;INF200KA1EL9;;11.9565;N.A.;N.A.;19-Aug-2017
132858;SBI DEBT FUND SERIES B - 2 (1111 DAYS) - DIRECT PLAN - DIVIDEND;INF200K010W8;;12.6236;N.A.;N.A.;19-Aug-2017
132856;SBI DEBT FUND SERIES B - 2 (1111 DAYS) - DIRECT PLAN - GROWTH;INF200K013W2;;12.6236;N.A.;N.A.;19-Aug-2017
132855;SBI DEBT FUND SERIES B - 2 (1111 DAYS) - REGULAR PLAN - DIVIDEND;INF200K012W4;;12.5038;N.A.;N.A.;19-Aug-2017
132857;SBI DEBT FUND SERIES B - 2 (1111 DAYS) - REGULAR PLAN - GROWTH;INF200K011W6;;12.5038;N.A.;N.A.;19-Aug-2017
134810;SBI DEBT FUND SERIES B - 20 (1100 DAYS) - DIRECT PLAN - DIVIDEND;INF200KA1ET2;;12.0321;N.A.;N.A.;19-Aug-2017
134809;SBI DEBT FUND SERIES B - 20 (1100 DAYS) - DIRECT PLAN - GROWTH;INF200KA1ES4;;12.0321;N.A.;N.A.;19-Aug-2017
134811;SBI DEBT FUND SERIES B - 20 (1100 DAYS) - REGULAR PLAN - DIVIDEND;INF200KA1ER6;;11.9433;N.A.;N.A.;19-Aug-2017
134808;SBI DEBT FUND SERIES B - 20 (1100 DAYS) - REGULAR PLAN - GROWTH;INF200KA1EQ8;;11.9433;N.A.;N.A.;19-Aug-2017
135065;SBI DEBT FUND SERIES B - 22 (1100 DAYS) - DIRECT PLAN - DIVIDEND;INF200KA1FR3;;11.9349;N.A.;N.A.;19-Aug-2017
135063;SBI DEBT FUND SERIES B - 22 (1100 DAYS) - DIRECT PLAN - GROWTH;INF200KA1FQ5;;11.9349;N.A.;N.A.;19-Aug-2017
135062;SBI DEBT FUND SERIES B - 22 (1100 DAYS) - REGULAR PLAN - DIVIDEND;INF200KA1FP7;;11.8501;N.A.;N.A.;19-Aug-2017
135064;SBI DEBT FUND SERIES B - 22 (1100 DAYS) - REGULAR PLAN - GROWTH;INF200KA1FO0;;11.8501;N.A.;N.A.;19-Aug-2017
135104;SBI DEBT FUND SERIES B - 23 (1100 DAYS) - DIRECT PLAN - GROWTH;INF200KA1FV5;;11.8985;N.A.;N.A.;19-Aug-2017
135103;SBI DEBT FUND SERIES B - 23 (1100 DAYS) - DIRECT PLAN -DIVIDEND;INF200KA1FW3;;11.8997;N.A.;N.A.;19-Aug-2017
135102;SBI DEBT FUND SERIES B - 23 (1100 DAYS) - REGULAR PLAN - DIVIDEND;INF200KA1FU7;;11.8172;N.A.;N.A.;19-Aug-2017
135105;SBI DEBT FUND SERIES B - 23 (1100 DAYS) - REGULAR PLAN - GROWTH;INF200KA1FT9;;11.8172;N.A.;N.A.;19-Aug-2017
135326;SBI DEBT FUND SERIES B - 25 (1100 DAYS) - DIRECT PLAN - DIVIDEND;INF200KA1GI0;;11.8268;N.A.;N.A.;19-Aug-2017
135324;SBI DEBT FUND SERIES B - 25 (1100 DAYS) - DIRECT PLAN - GROWTH;INF200KA1GH2;;11.8268;N.A.;N.A.;19-Aug-2017
135327;SBI DEBT FUND SERIES B - 25 (1100 DAYS) - REGULAR PLAN - DIVIDEND;INF200KA1GG4;;11.7474;N.A.;N.A.;19-Aug-2017
135325;SBI DEBT FUND SERIES B - 25 (1100 DAYS) - REGULAR PLAN - GROWTH;INF200KA1GF6;;11.7474;N.A.;N.A.;19-Aug-2017
135565;SBI DEBT FUND SERIES B - 26 (1100 DAYS) - DIRECT PLAN - DIVIDEND;INF200KA1GU5;;11.6404;N.A.;N.A.;19-Aug-2017
135564;SBI DEBT FUND SERIES B - 26 (1100 DAYS) - DIRECT PLAN - GROWTH;INF200KA1GT7;;11.6404;N.A.;N.A.;19-Aug-2017
135563;SBI DEBT FUND SERIES B - 26 (1100 DAYS) - REGULAR PLAN - DIVIDEND;INF200KA1GS9;;11.5680;N.A.;N.A.;19-Aug-2017
135566;SBI DEBT FUND SERIES B - 26 (1100 DAYS) - REGULAR PLAN - GROWTH;INF200KA1GR1;;11.5680;N.A.;N.A.;19-Aug-2017
135708;SBI DEBT FUND SERIES B - 27 (1100 DAYS) - DIRECT PLAN - DIVIDEND;INF200KA1GY7;;11.5696;N.A.;N.A.;19-Aug-2017
135710;SBI DEBT FUND SERIES B - 27 (1100 DAYS) - DIRECT PLAN - GROWTH;INF200KA1GX9;;11.5696;N.A.;N.A.;19-Aug-2017
135707;SBI DEBT FUND SERIES B - 27 (1100 DAYS) - REGULAR PLAN - DIVIDEND;INF200KA1GW1;;11.5007;N.A.;N.A.;19-Aug-2017
135709;SBI DEBT FUND SERIES B - 27 (1100 DAYS) - REGULAR PLAN - GROWTH;INF200KA1GV3;;11.5007;N.A.;N.A.;19-Aug-2017
135788;SBI DEBT FUND SERIES B - 28 (1100 DAYS) - DIRECT PLAN - DIVIDEND;INF200KA1HG2;;11.5446;N.A.;N.A.;19-Aug-2017
135786;SBI DEBT FUND SERIES B - 28 (1100 DAYS) - DIRECT PLAN - GROWTH;INF200KA1HF4;;11.5450;N.A.;N.A.;19-Aug-2017
135785;SBI DEBT FUND SERIES B - 28 (1100 DAYS) - REGULAR PLAN - DIVIDEND;INF200KA1HE7;;11.4772;N.A.;N.A.;19-Aug-2017
135787;SBI DEBT FUND SERIES B - 28 (1100 DAYS) - REGULAR PLAN - GROWTH;INF200KA1HD9;;11.4773;N.A.;N.A.;19-Aug-2017
135904;SBI DEBT FUND SERIES B - 29 (1200 DAYS) - DIRECT PLAN - DIVIDEND;INF200KA1HK4;;11.5685;N.A.;N.A.;19-Aug-2017
135905;SBI DEBT FUND SERIES B - 29 (1200 DAYS) - DIRECT PLAN - GROWTH;INF200KA1HJ6;;11.5686;N.A.;N.A.;19-Aug-2017
135903;SBI DEBT FUND SERIES B - 29 (1200 DAYS) - REGULAR PLAN - DIVIDEND;INF200KA1HI8;;11.5034;N.A.;N.A.;19-Aug-2017
135902;SBI DEBT FUND SERIES B - 29 (1200 DAYS) - REGULAR PLAN - GROWTH;INF200KA1HH0;;11.5034;N.A.;N.A.;19-Aug-2017
132991;SBI DEBT FUND SERIES B - 3 (1111 DAYS) - DIRECT PLAN - DIVIDEND;INF200K013Y8;;12.5777;N.A.;N.A.;19-Aug-2017
132994;SBI DEBT FUND SERIES B - 3 (1111 DAYS) - DIRECT PLAN - GROWTH;INF200K012Y0;;12.5777;N.A.;N.A.;19-Aug-2017
132993;SBI DEBT FUND SERIES B - 3 (1111 DAYS) - REGULAR PLAN - DIVIDEND;INF200K011Y2;;12.4595;N.A.;N.A.;19-Aug-2017
132992;SBI DEBT FUND SERIES B - 3 (1111 DAYS) - REGULAR PLAN - GROWTH;INF200K010Y4;;12.4595;N.A.;N.A.;19-Aug-2017
136143;SBI DEBT FUND SERIES B - 31 (1200 DAYS) - DIRECT PLAN - DIVIDEND;INF200KA1HW9;;11.4620;N.A.;N.A.;19-Aug-2017
136142;SBI DEBT FUND SERIES B - 31 (1200 DAYS) - DIRECT PLAN - GROWTH;INF200KA1HV1;;11.4619;N.A.;N.A.;19-Aug-2017
136144;SBI DEBT FUND SERIES B - 31 (1200 DAYS) - REGULAR PLAN - DIVIDEND;INF200KA1HU3;;11.4024;N.A.;N.A.;19-Aug-2017
136141;SBI DEBT FUND SERIES B - 31 (1200 DAYS) - REGULAR PLAN - GROWTH;INF200KA1HT5;;11.4024;N.A.;N.A.;19-Aug-2017
136431;SBI DEBT FUND SERIES B - 33 (1131 DAYS) - DIRECT PLAN - DIVIDEND PAYOUT;INF200KA1II6;;11.4019;N.A.;N.A.;19-Aug-2017
136432;SBI DEBT FUND SERIES B - 33 (1131 DAYS) - DIRECT PLAN - GROWTH;INF200KA1IH8;;11.4019;N.A.;N.A.;19-Aug-2017
136434;SBI DEBT FUND SERIES B - 33 (1131 DAYS) - REGULAR PLAN - DIVIDEND PAYOUT;INF200KA1IG0;;11.3450;N.A.;N.A.;19-Aug-2017
136433;SBI DEBT FUND SERIES B - 33 (1131 DAYS) - REGULAR PLAN - GROWTH;INF200KA1IF2;;11.3450;N.A.;N.A.;19-Aug-2017
136477;SBI DEBT FUND SERIES B - 34 (1131 DAYS) - DIRECT PLAN - DIVIDEND PAYOUT;INF200KA1IM8;;11.3683;N.A.;N.A.;19-Aug-2017
136476;SBI DEBT FUND SERIES B - 34 (1131 DAYS) - DIRECT PLAN - GROWTH;INF200KA1IL0;;11.3682;N.A.;N.A.;19-Aug-2017
136475;SBI DEBT FUND SERIES B - 34 (1131 DAYS) - REGULAR PLAN - DIVIDEND PAYOUT;INF200KA1IK2;;11.3124;N.A.;N.A.;19-Aug-2017
136474;SBI DEBT FUND SERIES B - 34 (1131 DAYS) - REGULAR PLAN - GROWTH;INF200KA1IJ4;;11.3124;N.A.;N.A.;19-Aug-2017
136547;SBI DEBT FUND SERIES B - 35 (1131 DAYS) - DIRECT PLAN - DIVIDEND PAYOUT;INF200KA1IQ9;;11.3453;N.A.;N.A.;19-Aug-2017
136548;SBI DEBT FUND SERIES B - 35 (1131 DAYS) - DIRECT PLAN - GROWTH;INF200KA1IP1;;11.3454;N.A.;N.A.;19-Aug-2017
136546;SBI DEBT FUND SERIES B - 35 (1131 DAYS) - REGULAR PLAN - DIVIDEND PAYOUT;INF200KA1IO4;;11.2906;N.A.;N.A.;19-Aug-2017
136545;SBI DEBT FUND SERIES B - 35 (1131 DAYS) - REGULAR PLAN - GROWTH;INF200KA1IN6;;11.2904;N.A.;N.A.;19-Aug-2017
139226;SBI DEBT FUND SERIES B - 36 (1131 DAYS) - DIRECT PLAN - DIVIDEND PAYOUT;INF200KA1IY3;;11.2794;N.A.;N.A.;19-Aug-2017
139227;SBI DEBT FUND SERIES B - 36 (1131 DAYS) - DIRECT PLAN - GROWTH;INF200KA1IX5;;11.2795;N.A.;N.A.;19-Aug-2017
139225;SBI DEBT FUND SERIES B - 36 (1131 DAYS) - REGULAR PLAN - DIVIDEND PAYOUT;INF200KA1IW7;;11.2262;N.A.;N.A.;19-Aug-2017
139228;SBI DEBT FUND SERIES B- 36 (1131 DAYS) - REGULAR PLAN - GROWTH;INF200KA1IV9;;11.2262;N.A.;N.A.;19-Aug-2017
133196;SBI DEBT FUND SERIES B - 4 (1111 DAYS) - DIRECT PLAN - DIVIDEND;INF200K019Z2;;12.5060;N.A.;N.A.;19-Aug-2017
133198;SBI DEBT FUND SERIES B - 4 (1111 DAYS) - DIRECT PLAN - GROWTH;INF200K018Z4;;12.5061;N.A.;N.A.;19-Aug-2017
133197;SBI DEBT FUND SERIES B - 4 (1111 DAYS) - REGULAR PLAN - DIVIDEND;INF200K017Z6;;12.3913;N.A.;N.A.;19-Aug-2017
133195;SBI DEBT FUND SERIES B - 4 (1111 DAYS) - REGULAR PLAN - GROWTH;INF200K016Z8;;12.3913;N.A.;N.A.;19-Aug-2017
139403;SBI DEBT FUND SERIES B - 41(1100 DAYS)- DIRECT PLAN - DIVIDEND PAYOUT;INF200KA1JS3;;11.1054;N.A.;N.A.;19-Aug-2017
139406;SBI DEBT FUND SERIES B - 41(1100 DAYS)- DIRECT PLAN - GROWTH;INF200KA1JR5;;11.1053;N.A.;N.A.;19-Aug-2017
139405;SBI DEBT FUND SERIES B - 41(1100 DAYS)- REGULAR PALN - GROWTH;INF200KA1JP9;;11.0599;N.A.;N.A.;19-Aug-2017
139404;SBI DEBT FUND SERIES B - 41(1100 DAYS)- REGULAR PLAN - DIVIDEND PAYOUT;INF200KA1JQ7;;11.0600;N.A.;N.A.;19-Aug-2017
139565;SBI DEBT FUNDS SERIES B - 42 (1100 DAYS) - DIRECT PLAN - DIVIDEND PAYOUT;INF200KA1KB7;;10.9601;N.A.;N.A.;19-Aug-2017
139567;SBI DEBT FUNDS SERIES B - 42 (1100 DAYS) - DIRECT PLAN - GROWTH;INF200KA1KA9;;10.9601;N.A.;N.A.;19-Aug-2017
139564;SBI DEBT FUNDS SERIES B - 42 (1100 DAYS) - REGULAR PLAN - DIVIDEND PAYOUT;INF200KA1JZ8;;10.9192;N.A.;N.A.;19-Aug-2017
139566;SBI DEBT FUNDS SERIES B - 42 (1100 DAYS) - REGULAR PLAN - GROWTH;INF200KA1JY1;;10.9192;N.A.;N.A.;19-Aug-2017
139790;SBI DEBT FUND SERIES B - 43(1100 DAYS)- DIRECT PLAN - DIVIDEND PAYOUT;INF200KA1KR3;;10.8101;N.A.;N.A.;19-Aug-2017
139791;SBI DEBT FUND SERIES B - 43(1100 DAYS)- DIRECT PLAN - GROWTH;INF200KA1KQ5;;10.8101;N.A.;N.A.;19-Aug-2017
139789;SBI DEBT FUND SERIES B - 43(1100 DAYS)- REGULAR PLAN - GROWTH;INF200KA1KO0;;10.7744;N.A.;N.A.;19-Aug-2017
139788;SBI DEBT FUND SERIES B - 43(1100 DAYS)-REGULAR PLAN - DIVIDEND PAYOUT;INF200KA1KP7;;10.7744;N.A.;N.A.;19-Aug-2017
140012;SBI Debt Fund Series B - 44 (1100 Days) - Direct Plan - Dividend;INF200KA1LD1;;10.6257;N.A.;N.A.;19-Aug-2017
140011;SBI Debt Fund Series B - 44 (1100 Days) - Direct plan - Growth;INF200KA1LC3;;10.6257;N.A.;N.A.;19-Aug-2017
140014;SBI Debt Fund Series B - 44 (1100 Days) - Regular Plan - Dividend;INF200KA1LB5;;10.5949;N.A.;N.A.;19-Aug-2017
140013;SBI Debt Fund Series B - 44 (1100 Days) - Regular Plan - Growth;INF200KA1LA7;;10.5949;N.A.;N.A.;19-Aug-2017
140736;SBI DEBT FUND SERIES B - 46 (1155 DAYS) - DIRECT PLAN - DIVIDEND PAYOUT;INF200KA1MB3;;10.3866;N.A.;N.A.;19-Aug-2017
140735;SBI DEBT FUND SERIES B - 46 (1155 DAYS) - DIRECT PLAN - GROWTH;INF200KA1MA5;;10.3866;N.A.;N.A.;19-Aug-2017
140734;SBI DEBT FUND SERIES B - 46 (1155 DAYS) - REGULAR PLAN - DIVIDEND PAYOUT;INF200KA1LZ4;;10.3739;N.A.;N.A.;19-Aug-2017
140733;SBI DEBT FUND SERIES B - 46 (1155 DAYS) - REGULAR PLAN - GROWTH;INF200KA1LY7;;10.3739;N.A.;N.A.;19-Aug-2017
140764;SBI DEBT FUND SERIES B - 49 (1170 DAYS) - DIRECT PLAN - DIVIDEND PAYOUT;INF200KA1MV1;;10.4153;N.A.;N.A.;19-Aug-2017
140761;SBI DEBT FUND SERIES B - 49 (1170 DAYS) - DIRECT PLAN - GROWTH;INF200KA1MU3;;10.4153;N.A.;N.A.;19-Aug-2017
140762;SBI DEBT FUND SERIES B - 49 (1170 DAYS) - REGULAR PLAN - DIVIDEND PAYOUT;INF200KA1MT5;;10.4036;N.A.;N.A.;19-Aug-2017
140763;SBI DEBT FUND SERIES B - 49 (1170 DAYS) - REGULAR PLAN - GROWTH;INF200KA1MS7;;10.4035;N.A.;N.A.;19-Aug-2017
133333;SBI DEBT FUND SERIES B - 6 (1111 DAYS) - DIRECT PLAN - DIVIDEND;INF200KA1267;;12.4387;N.A.;N.A.;19-Aug-2017
133332;SBI DEBT FUND SERIES B - 6 (1111 DAYS) - DIRECT PLAN - GROWTH;INF200KA1259;;12.4383;N.A.;N.A.;19-Aug-2017
133331;SBI DEBT FUND SERIES B - 6 (1111 DAYS) - REGULAR PLAN - DIVIDEND;INF200KA1242;;12.3241;N.A.;N.A.;19-Aug-2017
133330;SBI DEBT FUND SERIES B - 6 (1111 DAYS) - REGULAR PLAN - GROWTH;INF200KA1234;;12.3241;N.A.;N.A.;19-Aug-2017
133853;SBI DEBT FUND SERIES B - 7 (38 MONTHS) - DIRECT PLAN - DIVIDEND;INF200KA1465;;N.A.;N.A.;N.A.;19-Aug-2017
133856;SBI DEBT FUND SERIES B - 7 (38 MONTHS) - DIRECT PLAN - GROWTH;INF200KA1457;;12.2212;N.A.;N.A.;19-Aug-2017
133854;SBI DEBT FUND SERIES B - 7 (38 MONTHS) - REGUALR PLAN - DIVIDEND;INF200KA1440;;12.1179;N.A.;N.A.;19-Aug-2017
133855;SBI DEBT FUNS SERIES B - 7 (38 MONTHS) - REGULAR PLAN - GROWTH;INF200KA1432;;12.1188;N.A.;N.A.;19-Aug-2017
134316;SBI DEBT FUND SERIES B - 8 (1105 DAYS) - DIRECT PLAN - DIVIDEND;INF200KA1895;;12.2403;N.A.;N.A.;19-Aug-2017
134313;SBI DEBT FUND SERIES B - 8 (1105 DAYS) - DIRECT PLAN - GROWTH;INF200KA1887;;12.2396;N.A.;N.A.;19-Aug-2017
134314;SBI DEBT FUND SERIES B - 8 (1105 DAYS) - REGULAR PLAN - DIVIDEND;INF200KA1879;;12.1400;N.A.;N.A.;19-Aug-2017
134315;SBI DEBT FUND SERIES B - 8 (1105 DAYS) - REGULAR PLAN - GROWTH;INF200KA1861;;12.1400;N.A.;N.A.;19-Aug-2017
134319;SBI DEBT FUND SERIES B - 9 (1105 DAYS) - DIRECT PLAN - DIVIDEND;INF200KA1937;;12.1798;N.A.;N.A.;19-Aug-2017
134320;SBI DEBT FUND SERIES B - 9 (1105 DAYS) - DIRECT PLAN - GROWTH;INF200KA1929;;12.1792;N.A.;N.A.;19-Aug-2017
134318;SBI DEBT FUND SERIES B - 9 (1105 DAYS) - REGULAR PLAN - DIVIDEND;INF200KA1911;;12.0807;N.A.;N.A.;19-Aug-2017
134317;SBI DEBT FUND SERIES B - 9 (1105 DAYS) - REGULAR PLAN - GROWTH;INF200KA1903;;12.0807;N.A.;N.A.;19-Aug-2017
141525;SBI DEBT FUND SERIES C - 1 (1100 DAYS) - DIRECT PLAN - DIVIDEND PAYOUT;INF200KA1PX0;;10.1547;N.A.;N.A.;19-Aug-2017
141524;SBI DEBT FUND SERIES C - 1 (1100 DAYS) - DIRECT PLAN - GROWTH;INF200KA1PW2;;10.1547;N.A.;N.A.;19-Aug-2017
141523;SBI DEBT FUND SERIES C - 1 (1100 DAYS) - REGULAR PLAN - DIVIDEND PAYOUT;INF200KA1PV4;;10.1492;N.A.;N.A.;19-Aug-2017
141522;SBI DEBT FUND SERIES C - 1 (1100 DAYS) - REGULAR PLAN - GROWTH;INF200KA1PU6;;10.1488;N.A.;N.A.;19-Aug-2017
130023;SBI Dual Advantage Fund - Series III - Direct Plan - Dividend;INF200K015J4;;12.4796;N.A.;N.A.;19-Aug-2017
130024;SBI Dual Advantage Fund - Series III - Direct Plan - Growth;INF200K014J7;;12.7376;N.A.;N.A.;19-Aug-2017
130022;SBI Dual Advantage Fund - Series III - Regular Plan - Dividend;INF200K013J9;;12.4379;N.A.;N.A.;19-Aug-2017
130021;SBI Dual Advantage Fund - Series III - Regular Plan - Growth;INF200K012J1;;12.4365;N.A.;N.A.;19-Aug-2017
131132;SBI DUAL ADVANTAGE FUND - SERIES IV - DIRECT PLAN - DIVIDEND;INF200K013Q4;;12.5632;N.A.;N.A.;19-Aug-2017
131131;SBI DUAL ADVANTAGE FUND - SERIES IV - DIRECT PLAN - GROWTH;INF200K012Q6;;12.5689;N.A.;N.A.;19-Aug-2017
131134;SBI DUAL ADVANTAGE FUND - SERIES IV - REGULAR PLAN - DIVIDEND;INF200K011Q8;;12.5448;N.A.;N.A.;19-Aug-2017
131133;SBI DUAL ADVANTAGE FUND - SERIES IV - REGULAR PLAN - GROWTH;INF200K010Q0;;12.5446;N.A.;N.A.;19-Aug-2017
134613;SBI DUAL ADVANTAGE FUND - SERIES IX - DIRECT PLAN - DIVIDEND;INF200KA1CB4;;11.9346;N.A.;N.A.;19-Aug-2017
134614;SBI DUAL ADVANTAGE FUND - SERIES IX - DIRECT PLAN - GROWTH;INF200KA1CA6;;11.9346;N.A.;N.A.;19-Aug-2017
134612;SBI DUAL ADVANTAGE FUND - SERIES IX - REGULAR PLAN - DIVIDEND;INF200KA1BZ5;;11.6252;N.A.;N.A.;19-Aug-2017
134611;SBI DUAL ADVANTAGE FUND - SERIES IX - REGULAR PLAN - GROWTH;INF200KA1BY8;;11.6252;N.A.;N.A.;19-Aug-2017
132920;SBI DUAL ADVANTAGE FUND - SERIES V - DIRECT PLAN - DIVIDEND;INF200K015X5;;12.0461;N.A.;N.A.;19-Aug-2017
132919;SBI DUAL ADVANTAGE FUND - SERIES V - DIRECT PLAN - GROWTH;INF200K014X8;;12.0457;N.A.;N.A.;19-Aug-2017
132922;SBI DUAL ADVANTAGE FUND - SERIES V - REGULAR PLAN - DIVIDEND;INF200K013X0;;11.9960;N.A.;N.A.;19-Aug-2017
132921;SBI DUAL ADVANTAGE FUND - SERIES V - REGULAR PLAN - GROWTH;INF200K012X2;;11.9960;N.A.;N.A.;19-Aug-2017
133283;SBI DUAL ADVANTAGE FUND - SERIES VI - DIRECT PLAN - DIVIDEND;INF200KA1184;;12.0214;N.A.;N.A.;19-Aug-2017
133282;SBI DUAL ADVANTAGE FUND - SERIES VI - DIRECT PLAN - GROWTH;INF200KA1176;;12.0214;N.A.;N.A.;19-Aug-2017
133284;SBI DUAL ADVANTAGE FUND - SERIES VI - REGULAR PLAN - DIVIDEND;INF200KA1168;;11.9748;N.A.;N.A.;19-Aug-2017
133281;SBI DUAL ADVANTAGE FUND - SERIES VI - REGULAR PLAN - GROWTH;INF200KA1150;;11.9748;N.A.;N.A.;19-Aug-2017
133717;SBI DUAL ADVANTAGE FUND - SERIES VII - DIRECT PLAN - DIVIDEND;INF200KA1424;;11.8321;N.A.;N.A.;19-Aug-2017
133716;SBI DUAL ADVANTAGE FUND - SERIES VII - DIRECT PLAN - GROWTH;INF200KA1416;;11.8322;N.A.;N.A.;19-Aug-2017
133715;SBI DUAL ADVANTAGE FUND - SERIES VII - REGULAR PLAN - DIVIDEND;INF200KA1408;;11.7840;N.A.;N.A.;19-Aug-2017
133718;SBI DUAL ADVANTAGE FUND - SERIES VII - REGULAR PLAN - GROWTH;INF200KA1390;;11.7838;N.A.;N.A.;19-Aug-2017
134193;SBI DUAL ADVANTAGE FUND - SERIES VIII - DIRECT PLAN - DIVIDEND;INF200KA1770;;11.5984;N.A.;N.A.;19-Aug-2017
134196;SBI DUAL ADVANTAGE FUND - SERIES VIII - DIRECT PLAN - GROWTH;INF200KA1762;;11.5985;N.A.;N.A.;19-Aug-2017
134194;SBI DUAL ADVANTAGE FUND - SERIES VIII - REGULAR PLAN - DIVIDEND;INF200KA1754;;11.5515;N.A.;N.A.;19-Aug-2017
134195;SBI DUAL ADVANTAGE FUND - SERIES VIII - REGULAR PLAN - GROWTH;INF200KA1747;;11.5511;N.A.;N.A.;19-Aug-2017
135155;SBI DUAL ADVANTAGE FUND - SERIES X - DIRECT PLAN - DIVIDEND;INF200KA1GE9;;11.9357;N.A.;N.A.;19-Aug-2017
135154;SBI DUAL ADVANTAGE FUND - SERIES X - DIRECT PLAN - GROWTH;INF200KA1GD1;;11.9357;N.A.;N.A.;19-Aug-2017
135156;SBI DUAL ADVANTAGE FUND - SERIES X - REGULAR PLAN - DIVIDEND;INF200KA1GC3;;11.6151;N.A.;N.A.;19-Aug-2017
135153;SBI DUAL ADVANTAGE FUND - SERIES X - REGULAR PLAN - GROWTH;INF200KA1GB5;;11.6152;N.A.;N.A.;19-Aug-2017
135377;SBI DUAL ADVANTAGE FUND - SERIES XI - DIRECT PLAN - DIVIDEND;INF200KA1GM2;;11.8009;N.A.;N.A.;19-Aug-2017
135376;SBI DUAL ADVANTAGE FUND - SERIES XI - DIRECT PLAN - GROWTH;INF200KA1GL4;;11.8010;N.A.;N.A.;19-Aug-2017
135379;SBI DUAL ADVANTAGE FUND - SERIES XI - REGULAR PLAN - DIVIDEND;INF200KA1GK6;;11.5289;N.A.;N.A.;19-Aug-2017
135378;SBI DUAL ADVANTAGE FUND - SERIES XI - REGULAR PLAN - GROWTH;INF200KA1GJ8;;11.5288;N.A.;N.A.;19-Aug-2017
135777;SBI DUAL ADVANATGE FUND - SERIES XII - REGULAR PLAN - DIVIDEND;INF200KA1HA5;;11.5893;N.A.;N.A.;19-Aug-2017
135780;SBI DUAL ADVANTAGE FUND - SERIES XII - DIRECT PLAN - DIVIDEND;INF200KA1HC1;;11.7960;N.A.;N.A.;19-Aug-2017
135778;SBI DUAL ADVANTAGE FUND - SERIES XII - DIRECT PLAN - GROWTH;INF200KA1HB3;;11.7960;N.A.;N.A.;19-Aug-2017
135779;SBI DUAL ADVANTAGE FUND - SERIES XII - REGULAR PLAN - GROWTH;INF200KA1GZ4;;11.5898;N.A.;N.A.;19-Aug-2017
136044;SBI DUAL ADVANTAGE FUND - SERIES XIII - DIRECT PLAN - DIVIDEND;INF200KA1HS7;;11.7817;N.A.;N.A.;19-Aug-2017
136043;SBI DUAL ADVANTAGE FUND - SERIES XIII - DIRECT PLAN - GROWTH;INF200KA1HR9;;11.7817;N.A.;N.A.;19-Aug-2017
136045;SBI DUAL ADVANTAGE FUND - SERIES XIII - REGULAR PLAN - DIVIDEND;INF200KA1HQ1;;11.5887;N.A.;N.A.;19-Aug-2017
136042;SBI DUAL ADVANTAGE FUND - SERIES XIII - REGULAR PLAN - GROWTH;INF200KA1HP3;;11.5886;N.A.;N.A.;19-Aug-2017
140596;SBI DUAL ADVANTAGE FUND - SERIES XIX - DIRECT PLAN - DIVIDEND PAYOUT;INF200KA1LX9;;10.5374;N.A.;N.A.;19-Aug-2017
140597;SBI DUAL ADVANTAGE FUND - SERIES XIX - DIRECT PLAN - GROWTH;INF200KA1LW1;;10.5373;N.A.;N.A.;19-Aug-2017
140598;SBI DUAL ADVANTAGE FUND - SERIES XIX - REGULAR PLAN - DIVIDEND PAYOUT;INF200KA1LV3;;10.4982;N.A.;N.A.;19-Aug-2017
140595;SBI DUAL ADVANTAGE FUND - SERIES XIX - REGULAR PLAN - GROWTH;INF200KA1LU5;;10.4978;N.A.;N.A.;19-Aug-2017
139123;SBI Dual Advantage Fund - Series XV- Direct Plan - Growth;INF200KA1IT3;;11.3379;N.A.;N.A.;19-Aug-2017
139120;SBI Dual Advantage Fund - Series XV- Direct Plan -Dividend Payout;INF200KA1IU1;;11.3379;N.A.;N.A.;19-Aug-2017
139122;SBI Dual Advantage Fund - Series XV- Regular Plan - Dividend Payout;INF200KA1IS5;;11.1654;N.A.;N.A.;19-Aug-2017
139121;SBI Dual Advantage Fund - Series XV- Regular Plan - Growth;INF200KA1IR7;;11.1646;N.A.;N.A.;19-Aug-2017
139531;SBI Dual Advantage Fund - Series XVI - Direct Plan - Dividend Payout;INF200KA1JX3;;10.9429;N.A.;N.A.;19-Aug-2017
139526;SBI Dual Advantage Fund - Series XVI - Direct Plan - Growth;INF200KA1JW5;;10.9449;N.A.;N.A.;19-Aug-2017
139532;SBI Dual Advantage Fund - Series XVI - Regular Plan - Dividend Payout;INF200KA1JV7;;10.8527;N.A.;N.A.;19-Aug-2017
139533;SBI Dual Advantage Fund - Series XVI - Regular Plan - Growth;INF200KA1JU9;;10.8516;N.A.;N.A.;19-Aug-2017
139793;SBI Dual Advantage Fund  XVII - Direct Plan - Dividend Payout;INF200KA1KN2;;10.8662;N.A.;N.A.;19-Aug-2017
139792;SBI Dual Advantage Fund  XVII - Regular Plan - Growth;INF200KA1KK8;;10.7903;N.A.;N.A.;19-Aug-2017
139794;SBI Dual Advantage Fund - Series XVII - Direct Plan - growth;INF200KA1KM4;;10.8658;N.A.;N.A.;19-Aug-2017
139795;SBI Dual Advantage Fund - Series XVII - Regular Plan - Dividend Payout;INF200KA1KL6;;10.7923;N.A.;N.A.;19-Aug-2017
140393;SBI Dual Advantage Fund - Series XVIII - Direct Plan - Dividend Payout;INF200KA1LL4;;10.7463;N.A.;N.A.;19-Aug-2017
140396;SBI Dual Advantage Fund - Series XVIII - Direct Plan - Growth;INF200KA1LK6;;10.8341;N.A.;N.A.;19-Aug-2017
140395;SBI Dual Advantage Fund - Series XVIII - Regular Plan - Dividend Payout;INF200KA1LJ8;;10.6940;N.A.;N.A.;19-Aug-2017
140394;SBI Dual Advantage Fund - Series XVIII - Regular Plan - Growth;INF200KA1LI0;;10.6968;N.A.;N.A.;19-Aug-2017
141350;SBI DUAL ADVANTAGE FUND - SERIES XXII - DIRECT PLAN - DIVIDEND PAYOUT;INF200KA1OR5;;10.2598;N.A.;N.A.;19-Aug-2017
141348;SBI DUAL ADVANTAGE FUND - SERIES XXII - DIRECT PLAN - GROWTH;INF200KA1OQ7;;10.2598;N.A.;N.A.;19-Aug-2017
141347;SBI DUAL ADVANTAGE FUND - SERIES XXII - REGULAR PLAN - DIVIDEND PAYOUT;INF200KA1OP9;;10.2334;N.A.;N.A.;19-Aug-2017
141349;SBI DUAL ADVANTAGE FUND - SERIES XXII - REGULAR PLAN - GROWTH;INF200KA1OO2;;10.2379;N.A.;N.A.;19-Aug-2017
141633;SBI DUAL ADVANTAGE FUND - SERIES XXIII - DIRECT PLAN - DIVIDEND PAYOUT;INF200KA1QZ3;;10.0590;N.A.;N.A.;19-Aug-2017
141634;SBI DUAL ADVANTAGE FUND - SERIES XXIII - DIRECT PLAN - GROWTH;INF200KA1QY6;;10.0591;N.A.;N.A.;19-Aug-2017
141632;SBI DUAL ADVANTAGE FUND - SERIES XXIII - REGULAR PLAN - DIVIDEND PAYOUT;INF200KA1QX8;;10.0548;N.A.;N.A.;19-Aug-2017
141631;SBI DUAL ADVANTAGE FUND - SERIES XXIII - REGULAR PLAN - GROWTH;INF200KA1QW0;;10.0547;N.A.;N.A.;19-Aug-2017
136358;SBI DUAL ADVANTAGE FUND SERIES XIV- DIRECT PLAN - DIVIDEND PAYOUT;INF200KA1IA3;;11.6400;N.A.;N.A.;19-Aug-2017
136359;SBI DUAL ADVANTAGE FUND SERIES XIV- DIRECT PLAN - GROWTH;INF200KA1HZ2;;11.6401;N.A.;N.A.;19-Aug-2017
136361;SBI DUAL ADVANTAGE FUND SERIES XIV- REGULAR PLAN - DIVIDEND PAYOUT;INF200KA1HY5;;11.4549;N.A.;N.A.;19-Aug-2017
136360;SBI DUAL ADVANTAGE FUND SERIES XIV- REGULAR PLAN - GROWTH;INF200KA1HX7;;11.4524;N.A.;N.A.;19-Aug-2017

Close Ended Schemes ( Growth )


SBI Mutual Fund
131339;SBI EQUITY OPPORTUNITIES FUND - SERIES I - DIRECT PLAN - DIVIDEND;INF200K017S1;;15.3672;N.A.;N.A.;19-Aug-2017
131338;SBI EQUITY OPPORTUNITIES FUND - SERIES I - DIRECT PLAN - GROWTH;INF200K016S3;;15.3591;N.A.;N.A.;19-Aug-2017
131337;SBI EQUITY OPPORTUNITIES FUND - SERIES I - REGULAR PLAN - DIVIDEND;INF200K015S5;;15.2964;N.A.;N.A.;19-Aug-2017
131336;SBI EQUITY OPPORTUNITIES FUND - SERIES I - REGULAR PLAN - GROWTH;INF200K014S8;;15.2964;N.A.;N.A.;19-Aug-2017
133109;SBI EQUITY OPPORTUNITIES FUND - SERIES II - DIRECT PLAN - DIVIDEND;INF200K011Z9;;13.4183;N.A.;N.A.;19-Aug-2017
133108;SBI EQUITY OPPORTUNITIES FUND - SERIES II - DIRECT PLAN - GROWTH;INF200K010Z1;;13.4195;N.A.;N.A.;19-Aug-2017
133107;SBI EQUITY OPPORTUNITIES FUND - SERIES II - REGULAR PLAN - DIVIDEND;INF200K019Y5;;13.3615;N.A.;N.A.;19-Aug-2017
133106;SBI EQUITY OPPORTUNITIES FUND - SERIES II - REGULAR PLAN - GROWTH;INF200K018Y7;;13.3619;N.A.;N.A.;19-Aug-2017
135507;SBI EQUITY OPPORTUNITIES FUND -  SERIES IV - REGULAR PLAN - GROWTH;INF200KA1GP5;;14.1803;N.A.;N.A.;19-Aug-2017
135506;SBI EQUITY OPPORTUNITIES FUND - SERIES IV - DIRECT PLAN - GROWTH;INF200KA1GN0;;14.5546;N.A.;N.A.;19-Aug-2017
135509;SBI Equity Opportunities Fund-Series IV - Direct Plan - Income Distribution cum Capital Withdrawal Option (IDCW);INF200KA1GO8;;14.5512;N.A.;N.A.;19-Aug-2017
135508;SBI Equity Opportunities Fund-Series IV - Regular Plan - Income Distribution cum Capital Withdrawal Option (IDCW);INF200KA1GQ3;;14.1800;N.A.;N.A.;19-Aug-2017
