Scheme Code;Scheme Name;ISIN Div Payout/ISIN Growth;ISIN Div Reinvestment;Net Asset Value;Repurchase Price;Sale Price;Date

Open Ended Schemes ( Liquid )


Sahara Mutual Fund
101397;Sahara Liquid Fund-Fixed Pricing -  Weekly Dividend Option;;INF515L01064;1027.4373;1027.4373;1027.4373;20-May-2018
101393;Sahara Liquid Fund-Fixed Pricing - Daily Dividend Option;;INF515L01049;1216.5034;1216.5034;1216.5034;20-May-2018
120265;Sahara Liquid Fund-Fixed Pricing - Direct - Weekly Dividend Option;;INF515L01668;1027.4373;1027.4373;1027.4373;20-May-2018
120262;Sahara Liquid Fund-Fixed Pricing - Direct -Growth option;INF515L01650;;2979.9722;2979.9722;2979.9722;20-May-2018
101394;Sahara Liquid Fund-Fixed Pricing - Growth option;INF515L01056;;2976.9249;2976.9249;2976.9249;20-May-2018
101398;Sahara Liquid Fund-Fixed Pricing - Monthly Dividend Option;;INF515L01072;1043.3721;1043.3721;1043.3721;20-May-2018
120253;Sahara Liquid Fund-Fixed Pricing -Direct - Daily Dividend Option- Direct;;INF515L01643;1216.5034;1216.5034;1216.5034;20-May-2018
120266;Sahara Liquid Fund-Fixed Pricing -Direct - Monthly Dividend Option;;INF515L01676;1043.3721;1043.3721;1043.3721;20-May-2018
101399;Sahara Liquid Fund-Variable Pricing - Daily Dividend option;;INF515L01080;1226.1787;1226.1787;1226.1787;20-May-2018
101402;Sahara Liquid Fund-Variable Pricing - Growth option;INF515L01114;;3041.2031;3041.2031;3041.2031;20-May-2018
101400;Sahara Liquid Fund-Variable Pricing - Weekly Dividend Option;;INF515L01098;1234.4923;1234.4923;1234.4923;20-May-2018
120271;Sahara Liquid Fund-Variable Pricing -Direct - Daily Dividend option;;INF515L01684;1038.8267;1038.8267;1038.8267;20-May-2018
120280;Sahara Liquid Fund-Variable Pricing -Direct - Growth option;INF515L01718;;3046.6049;3046.6049;3046.6049;20-May-2018
120272;Sahara Liquid Fund-Variable Pricing -Direct - Weekly Dividend Option;;INF515L01692;1234.4923;1234.4923;1234.4923;20-May-2018
120273;Sahara Liquid Fund-Variable Pricing- Direct - Monthly Dividend Option;;INF515L01700;1055.8972;1055.8972;1055.8972;20-May-2018
101401;Sahara Liquid Fund-Variable Pricing- Monthly Dividend Option;;INF515L01106;1248.1332;1248.1332;1248.1332;20-May-2018

Open Ended Schemes ( Debt Scheme - Overnight Fund )


HDFC Mutual Fund
119109;HDFC Overnight Fund - Daily IDCW Option - Direct Plan;;INF179KB1HY1;1042.6600;1042.6600;1042.6600;20-May-2018
101996;HDFC Overnight Fund - Growth Option;INF179KB1HS3;;2668.5043;2668.5043;2668.5043;20-May-2018
119110;HDFC Overnight Fund - Growth Option - Direct Plan;INF179KB1HT1;;2676.7300;2676.7300;2676.7300;20-May-2018
101997;HDFC Overnight Fund - IDCW Option (Daily);;INF179KB1IF8;1042.6600;1042.6600;1042.6600;20-May-2018

L&T Mutual Fund
118066;L&T Overnight Fund  - Regular Plan - Monthly IDCW;INF917K01EL4;INF917K01EM2;1026.3945;1026.3945;1026.3945;20-May-2018
119283;L&T Overnight Fund - Direct Plan - Growth;INF917K01EN0;;1404.2201;1404.2201;1404.2201;20-May-2018
119284;L&T Overnight Fund - Direct Plan- Daily IDCW;;INF917K01EO8;1023.3;1023.3;1023.3;20-May-2018
119282;L&T Overnight Fund - Direct Plan- Monthly IDCW;INF917K01ER1;;1060.9185;1060.9185;1060.9185;20-May-2018
119285;L&T Overnight Fund - Direct Plan- Weekly IDCW;;INF917K01EP5;1002.3611;1002.3611;1002.3611;20-May-2018
118056;L&T Overnight Fund - Regular Plan - Daily IDCW;;INF917K01EJ8;1023.3;1023.3;1023.3;20-May-2018
118058;L&T Overnight Fund - Regular Plan - Growth;INF917K01EI0;;1357.573;1357.573;1357.573;20-May-2018
118065;L&T Overnight Fund - Regular Plan - Weekly IDCW;;INF917K01EK6;1000.8358;1000.8358;1000.8358;20-May-2018

SBI Mutual Fund
119831;SBI Overnight Fund - Direct Plan - Daily Income Distribution cum Capital Withdrawal Option (IDCW);;INF200K01TJ7;1009.9100;1009.9100;1009.9100;20-May-2018
119833;SBI OVERNIGHT FUND - DIRECT PLAN - GROWTH;INF200K01TK5;;2931.8227;2931.8227;2931.8227;20-May-2018
119832;SBI Overnight Fund - Direct Plan - Weekly Income Distribution cum Capital Withdrawal Option (IDCW);INF200K01TL3;INF200K01TM1;1031.3555;1031.3555;1031.3555;20-May-2018
114297;SBI Overnight Fund - Regular Plan - Daily Income Distribution cum Capital Withdrawal Option (IDCW);;INF200K01LN6;1009.9100;1009.9100;1009.9100;20-May-2018
101206;SBI OVERNIGHT FUND - REGULAR PLAN - GROWTH;INF200K01LQ9;;2908.9646;2908.9646;2908.9646;20-May-2018
103140;SBI Overnight Fund - Regular Plan - Weekly Income Distribution cum Capital Withdrawal Option (IDCW);INF200K01LO4;INF200K01LP1;1031.3540;1031.3540;1031.3540;20-May-2018

UTI Mutual Fund
100814;UTI - Overnight  Fund - Regular Plan - Growth Option;INF789F01604;;2445.6369;2445.6369;2445.6369;20-May-2018
120785;UTI - Overnight Fund - Direct Plan - Growth Option;INF789FB1S71;;2461.9529;2461.9529;2461.9529;20-May-2018
124266;UTI Overnight Fund - Direct Plan - Daily IDCW;;INF789FB1S89;1341.3635;1341.3635;0;20-May-2018
120786;UTI Overnight Fund - Direct Plan - Periodic IDCW;INF789FB1T05;INF789FB1S97;1408.8444;1408.8444;1408.8444;20-May-2018
124265;UTI Overnight Fund - Regular Plan - Daily IDCW;;INF789FB1T13;1340.828;1340.828;0;20-May-2018
100813;UTI Overnight Fund - Regular Plan - Periodic IDCW;INF789F01588;INF789F01596;1376.9243;1376.9243;1376.9243;20-May-2018

Open Ended Schemes ( Debt Scheme - Liquid Fund )


360 ONE Mutual Fund
125349;360 ONE LIQUID FUND DIRECT PLAN  DAILY DIVIDEND REINVESTMENT;;INF579M01688;1000.0427;1000.0427;1000.0427;20-May-2018
125345;360 ONE LIQUID FUND DIRECT PLAN  GROWTH;INF579M01621;;1381.1247;1381.1247;1381.1247;20-May-2018
125343;360 ONE LIQUID FUND DIRECT PLAN  WEEKLY DIVIDEND;INF579M01639;INF579M01696;1005.8257;1005.8257;1005.8257;20-May-2018
125342;360 ONE LIQUID FUND REGULAR PLAN  DAILY DIVIDEND REINVESTMENT;;INF579M01563;1000.1145;1000.1145;1000.1145;20-May-2018
125259;360 ONE LIQUID FUND REGULAR PLAN  GROWTH;INF579M01506;;1378.0004;1378.0004;1378.0004;20-May-2018
125337;360 ONE LIQUID FUND REGULAR PLAN  WEEKLY DIVIDEND;INF579M01514;INF579M01571;1005.8055;1005.8055;1005.8055;20-May-2018

Aditya Birla Sun Life Mutual Fund
100047;Aditya Birla Sun Life Liquid Fund - Growth;INF209K01RU9;;280.7952;280.7952;280.7952;20-May-2018
119568;Aditya Birla Sun Life Liquid Fund - Growth - Direct Plan;INF209K01VA3;;281.9203;281.9203;281.9203;20-May-2018
100046;Aditya Birla Sun Life Liquid Fund -Daily IDCW;INF209K01KQ2;INF209K01SQ5;100.1950;100.1950;100.1950;20-May-2018
119569;Aditya Birla Sun Life Liquid Fund -Direct - daily IDCW;INF209K01UZ2;;100.1950;100.1950;100.1950;20-May-2018
119571;Aditya Birla Sun Life Liquid Fund -DIRECT - IDCW;INF209K01VD7;;153.0620;153.0620;153.0620;20-May-2018
119570;Aditya Birla Sun Life Liquid Fund -Direct - weekly IDCW;INF209K01VC9;;100.2637;100.2637;100.2637;20-May-2018
100041;Aditya Birla Sun Life Liquid Fund -Institutional - IDCW;;INF209K01KN9;108.0230;108.0230;108.0230;20-May-2018
100048;Aditya Birla Sun Life Liquid Fund -Institutional - weekly  IDCW;INF209KA1LK7;INF209K01KY6;108.1092;108.1092;108.1092;20-May-2018
103885;Aditya Birla Sun Life Liquid Fund -Regular - IDCW;INF209KA1LI1;;117.4956;117.4956;117.4956;20-May-2018
100044;Aditya Birla Sun Life Liquid Fund -Retail - IDCW;;INF209K01KP4;163.6940;163.6940;163.6940;20-May-2018
100051;Aditya Birla Sun Life Liquid Fund -weekly IDCW;INF209K01KU4;INF209KA1LJ9;100.2632;100.2632;100.2632;20-May-2018
112014;Aditya Birla Sun Life Liquid Fund- Discipline Advantage Plan;INF209K01KZ3;;188.7473;188.7473;188.7473;20-May-2018
100043;Aditya Birla Sun Life Liquid Fund-Institutional (Growth);INF209K01RT1;;467.6091;467.6091;467.6091;20-May-2018
100042;Aditya Birla Sun Life Liquid Fund-Retail (Growth);INF209K01ME4;;455.6677;455.6677;455.6677;20-May-2018

Axis Mutual Fund
128954;Axis Liquid Fund - Direct plan - Bonus Option;INF846K01NH4;;1945.4623;1945.4623;1945.4623;20-May-2018
120388;Axis Liquid Fund - Direct Plan - Daily IDCW;;INF846K01DA0;1000.9560;1000.9560;1000.9560;20-May-2018
120389;Axis Liquid Fund - Direct Plan - Growth Option;INF846K01CX4;;1945.5800;1945.5800;1945.5800;20-May-2018
120391;Axis Liquid Fund - Direct Plan - Monthly IDCW;INF846K01CY2;INF846K01CZ9;1004.8640;1004.8640;1004.8640;20-May-2018
120390;Axis Liquid Fund - Direct Plan - Weekly IDCW;INF846K01DB8;INF846K01DC6;1003.1846;1003.1846;1003.1846;20-May-2018
112211;Axis Liquid Fund - Regular Plan - Daily IDCW;;INF846K01420;1001.3998;1001.3998;1001.3998;20-May-2018
112210;Axis Liquid Fund - Regular Plan - Growth Option;INF846K01412;;1938.5706;1938.5706;1938.5706;20-May-2018
112213;Axis Liquid Fund - Regular Plan - Monthly IDCW;INF846K01453;INF846K01461;1005.4211;1005.4211;1005.4211;20-May-2018
112212;Axis Liquid Fund - Regular Plan - Weekly IDCW;INF846K01438;INF846K01446;1003.1752;1003.1752;1003.1752;20-May-2018
112712;Axis Liquid Fund - Retail Plan - Daily IDCW;;INF846K01362;1000.9559;1000.9559;1000.9559;20-May-2018
112713;Axis Liquid Fund - Retail Plan - Growth Option;INF846K01354;;1839.1162;1839.1162;1839.1162;20-May-2018
112714;Axis Liquid Fund - Retail Plan - Monthly IDCW;INF846K01396;INF846K01404;1004.4334;1004.4334;1004.4334;20-May-2018
112715;Axis Liquid Fund - Retail Plan - Weekly IDCW;INF846K01370;INF846K01388;1001.6126;1001.6126;1001.6126;20-May-2018

Bandhan Mutual Fund
108692;BANDHAN LIQUID Fund - Regular Plan - Daily IDCW;INF194K01VZ4;INF194K01VY7;1001.0846;1001.0846;1001.0846;20-May-2018
108690;BANDHAN LIQUID Fund - Regular Plan - Growth;INF194K01VX9;;2122.6750;2122.6750;2122.6750;20-May-2018
108693;BANDHAN LIQUID Fund - Regular Plan - Monthly IDCW;INF194K01WF4;INF194K01WE7;1004.6223;1004.6223;1004.6223;20-May-2018
115489;BANDHAN LIQUID Fund - Regular Plan - Periodic IDCW;INF194K01WC1;INF194K01WB3;1399.7507;1399.7507;1399.7507;20-May-2018
108691;BANDHAN LIQUID Fund - Regular Plan - Weekly IDCW;INF194K01WI8;INF194K01WH0;1001.4717;1001.4717;1001.4717;20-May-2018
139582;BANDHAN LIQUID Fund - Unclaimed IDCW Less than 3 years;INF194KA14C0;;1.1343;1.1343;1.1343;20-May-2018
139583;BANDHAN LIQUID Fund - Unclaimed IDCW More than 3 years;INF194KA15C7;;1.0000;1.0000;1.0000;20-May-2018
139584;BANDHAN LIQUID Fund - Unclaimed Redemption Less than 3 years;INF194KA12C4;;1.1343;1.1343;1.1343;20-May-2018
139585;BANDHAN LIQUID Fund - Unclaimed Redemption More than 3 years;INF194KA13C2;;1.0000;1.0000;1.0000;20-May-2018
118365;BANDHAN LIQUID Fund -Direct Plan -Monthly IDCW;INF194K01J36;INF194K01J28;1011.4040;1011.4040;1011.4040;20-May-2018
118367;BANDHAN LIQUID Fund -Direct Plan -Weekly IDCW;INF194KB1JT8;INF194K01J51;1007.3500;1007.3500;1007.3500;20-May-2018
118366;BANDHAN LIQUID Fund -Direct Plan-Daily IDCW;;INF194K01I78;1001.6663;1001.6663;1001.6663;20-May-2018
118364;BANDHAN LIQUID Fund -Direct Plan-Growth;INF194K01I60;;2129.7318;2129.7318;2129.7318;20-May-2018
118363;BANDHAN LIQUID Fund -Direct Plan-Periodic IDCW;INF194K01J02;INF194K01I94;1316.2562;1316.2562;1316.2562;20-May-2018

Bank of India Mutual Fund
141887;BANK OF INDIA Liquid Fund  Unclaimed Dividend greater than  3 years;;;1000.0000;1000.0000;1000.0000;20-May-2018
141889;BANK OF INDIA Liquid Fund  Unclaimed Dividend Upto 3 years;;;1040.8132;1040.8132;1040.8132;20-May-2018
141888;BANK OF INDIA Liquid Fund  Unclaimed Redemption greater than  3 years;;;1000.0000;1000.0000;1000.0000;20-May-2018
141890;BANK OF INDIA Liquid Fund  Unclaimed Redemption Upto 3 years;;;1040.7441;1040.7441;1040.7441;20-May-2018
119368;BANK OF INDIA Liquid Fund- Direct Plan- Daily IDCW;;INF761K01CL0;1002.6483;1002.6483;1002.6483;20-May-2018
119369;BANK OF INDIA Liquid Fund- Direct Plan- Growth;INF761K01785;;2022.3347;2022.3347;2022.3347;20-May-2018
119370;BANK OF INDIA Liquid Fund- Direct Plan- Weekly IDCW;;INF761K01CM8;1062.7612;1062.7612;1062.7612;20-May-2018
111971;BANK OF INDIA Liquid Fund- Regular Plan- Daily IDCW;;INF761K01CO4;1002.1069;1002.1069;1002.1069;20-May-2018
109254;BANK OF INDIA Liquid Fund- Regular Plan- Growth;INF761K01306;;2011.6212;2011.6212;2011.6212;20-May-2018
109255;BANK OF INDIA Liquid Fund- Regular Plan- Weekly IDCW;;INF761K01CP1;1002.4385;1002.4385;1002.4385;20-May-2018

Baroda BNP Paribas Mutual Fund
119414;Baroda BNP Paribas LIQUID FUND - DIRECT PLAN - DAILY IDCW OPTION;INF955L01AK2;;1002.0849;1002.0849;1002.0849;20-May-2018
119415;Baroda BNP Paribas LIQUID FUND - DIRECT PLAN - GROWTH OPTION;INF955L01AL0;;2017.8835;2017.8835;2017.8835;20-May-2018
119416;Baroda BNP Paribas LIQUID FUND - DIRECT PLAN - WEEKLY IDCW OPTION;INF251K01SL8;;1220.6526;1220.6526;1220.6526;20-May-2018
125129;Baroda BNP Paribas Liquid Fund - Plan B (Direct) - Bonus Option;INF955L01DS9;;2018.2320;2018.2320;2018.2320;20-May-2018
111707;Baroda BNP Paribas LIQUID FUND - Regular Plan - DAILY IDCW OPTION;INF955L01468;INF955L01476;1001.1996;1001.1996;1001.1996;20-May-2018
111704;Baroda BNP Paribas LIQUID FUND - Regular Plan - GROWTH OPTION;INF955L01484;;2007.6678;2007.6678;2007.6678;20-May-2018
111705;Baroda BNP Paribas LIQUID FUND - Regular Plan - WEEKLY IDCW OPTION;INF251K01SK0;INF955L01500;1001.1202;1001.1202;1001.1202;20-May-2018
101408;Baroda BNP Paribas LIQUID FUND- Defunct Plan -Growth Option;INF955L01575;;2954.2753;2954.2753;2954.2753;20-May-2018
101407;Baroda BNP Paribas LIQUID FUND-Defunct Plan- IDCW Option;INF955L01559;INF955L01567;2531.0951;2531.0951;2531.0951;20-May-2018
101409;Baroda BNP Paribas LIQUID FUND-Defunct Plan-Daily IDCW Option;INF955L01518;INF955L01526;1006.0602;1006.0602;1006.0602;20-May-2018

BNP Paribas Mutual Fund
130473;BNP PARIBAS LIQUID FUND - DAILY Income Distribution cum Capital Withdrawal OPTION;;INF251K01NK1;1000.4900;1000.4900;1000.4900;20-May-2018
130489;BNP PARIBAS LIQUID Fund - DIRECT PLAN - MONTHLY Income Distribution cum Capital Withdrawal OPTION;INF251K01NR6;INF251K01NS4;1004.6002;1004.6002;1004.6002;20-May-2018
130486;BNP PARIBAS LIQUID FUND - DIRECT PLAN -- DAILY Income Distribution cum Capital Withdrawal OPTION;;INF251K01NP0;1001.3201;1001.3201;1001.3201;20-May-2018
130472;BNP PARIBAS LIQUID FUND - GROWTH OPTION;INF251K01NJ3;;2681.7885;2681.7885;2681.7885;20-May-2018
130476;BNP PARIBAS LIQUID FUND - MONTHLY Income Distribution cum Capital Withdrawal OPTION;INF251K01NM7;INF251K01NN5;1004.5256;1004.5256;1004.5256;20-May-2018
130459;BNP PARIBAS LIQUID FUND - REGULAR PLAN - GROWTH OPTION;INF251K01NF1;;2537.6541;2537.6541;2537.6541;20-May-2018
130471;BNP PARIBAS LIQUID FUND - REGULAR PLAN - MONTHLY DIVIDEND OPTION;INF251K01NH7;INF251K01NI5;1004.4619;1004.4619;1004.4619;20-May-2018
130465;BNP PARIBAS LIQUID FUND - REGULAR PLAN - WEEKLY Income Distribution cum Capital Withdrawal OPTION;;INF251K01NG9;1000.7631;1000.7631;1000.7631;20-May-2018
130474;BNP PARIBAS LIQUID FUND - WEEKLY Income Distribution cum Capital Withdrawal OPTION;;INF251K01NL9;1000.7687;1000.7687;1000.7687;20-May-2018
130479;BNP PARIBAS LIQUID FUND -- DIRECT PLAN - GROWTH OPTION;INF251K01NO3;;2694.4841;2694.4841;2694.4841;20-May-2018
130487;BNP PARIBAS LIQUID FUND -- DIRECT PLAN - WEEKLY Income Distribution cum Capital Withdrawal OPTION;;INF251K01NQ8;1000.7792;1000.7792;1000.7792;20-May-2018
139562;BNP PARIBAS LIQUID FUND SPECIAL UNCLAIMED DIV 36A -- GROWTH OPTION;INF251K01OL7;;1130.7005;1130.7005;1130.7005;20-May-2018
139561;BNP PARIBAS LIQUID FUND SPECIAL UNCLAIMED DIV 36B -- GROWTH OPTION;INF251K01OM5;;1135.4475;1135.4475;1135.4475;20-May-2018
139560;BNP PARIBAS LIQUID FUND SPECIAL UNCLAIMED RED 36A-- GROWTH OPTION;INF251K01OJ1;;1129.6906;1129.6906;1129.6906;20-May-2018
139563;BNP PARIBAS LIQUID FUND SPECIAL UNCLAIMED RED 36B -- GROWTH OPTION;INF251K01OK9;;1132.2201;1132.2201;1132.2201;20-May-2018

Canara Robeco Mutual Fund
118307;CANARA ROBECO LIQUID FUND - DIRECT PLAN - DAILY IDCW (Reinvestment);;INF760K01FS0;1005.5000;1005.5000;1005.5000;20-May-2018
118305;CANARA ROBECO LIQUID FUND - DIRECT PLAN - GROWTH OPTION;INF760K01FU6;;2121.5040;2121.5040;2121.5040;20-May-2018
118304;CANARA ROBECO LIQUID FUND - DIRECT PLAN - IDCW (Payout/Reinvestment);INF760K01FT8;;1518.8626;1518.8626;1518.8626;20-May-2018
118306;CANARA ROBECO LIQUID FUND - DIRECT PLAN - MONTHLY IDCW (Payout/Reinvestment);INF760K01FV4;INF760K01FW2;1004.9197;1004.9197;1004.9197;20-May-2018
118308;CANARA ROBECO LIQUID FUND - DIRECT PLAN - WEEKLY IDCW (Payout/Reinvestment);INF760K01FY8;INF760K01FX0;1000.8485;1000.8485;1000.8485;20-May-2018
109349;CANARA ROBECO LIQUID FUND - REGULAR PLAN - DAILY IDCW (Reinvestment);;INF760K01CU3;1005.5000;1005.5000;1005.5000;20-May-2018
109353;CANARA ROBECO LIQUID FUND - REGULAR PLAN - GROWTH OPTION;INF760K01CW9;;2116.7265;2116.7265;2116.7265;20-May-2018
109351;CANARA ROBECO LIQUID FUND - REGULAR PLAN - MONTHLY IDCW (Payout/Reinvestment);INF760K01CX7;INF760K01CY5;1004.8785;1004.8785;1004.8785;20-May-2018
109350;CANARA ROBECO LIQUID FUND - REGULAR PLAN - WEEKLY IDCW (Payout/Reinvestment);INF760K01BZ4;INF760K01CZ2;1000.8419;1000.8419;1000.8419;20-May-2018
139235;Canara Robeco Liquid Fund -Unclaimed Redemption and Dividend Plan -Direct Growth Option;INF760K01IC8;;1153.0120;1153.0120;1153.0120;20-May-2018

DSP Mutual Fund
119125;DSP Liquidity Fund - Direct Plan - Growth;INF740K01QL4;;2508.5041;2508.5041;2508.5041;20-May-2018
119124;DSP Liquidity Fund - Direct Plan - IDCW - Daily;;INF740KA1OB6;1000.9329;1000.9329;1000.9329;20-May-2018
119123;DSP Liquidity Fund - Direct Plan - IDCW - Weekly;INF740KA1OC4;INF740KA1OD2;1001.4457;1001.4457;1001.4457;20-May-2018
103347;DSP Liquidity Fund - Regular Plan - Growth;INF740K01FK9;;2496.7249;2496.7249;2496.7249;20-May-2018
103348;DSP Liquidity Fund - Regular Plan - IDCW - Weekly;INF740K01FM5;INF740K01FL7;1001.4375;1001.4375;1001.4375;20-May-2018
103349;DSP Liquidity Fund- Regular Plan - IDCW - Daily;;INF740KA1OE0;1000.9329;1000.9329;1000.9329;20-May-2018

Edelweiss Mutual Fund
140194;Edelweiss Liquid Fund - Direct Plan - Bonus Option;INF754K01GY9;;1311.8743;1311.8743;1311.8743;20-May-2018
140196;Edelweiss Liquid Fund - Direct Plan - Growth Option;INF754K01GM4;;2254.9177;2254.9177;2254.9177;20-May-2018
140193;Edelweiss Liquid Fund - Direct Plan daily - IDCW Option;;INF754K01GP7;1002.9603;1002.9603;1002.9603;20-May-2018
140199;Edelweiss Liquid Fund - Direct Plan Fortnightly - IDCW Option;INF754K01GV5;INF754K01GR3;2172.6782;2172.6782;2172.6782;20-May-2018
140197;Edelweiss Liquid Fund - Direct Plan Monthly - IDCW Option;INF754K01GW3;INF754K01GS1;1065.4959;1065.4959;1065.4959;20-May-2018
140195;Edelweiss Liquid Fund - Direct Plan weekly - IDCW Option;INF754K01GU7;INF754K01GQ5;2173.1049;2173.1049;2173.1049;20-May-2018
140189;Edelweiss Liquid Fund - Regular Plan - Bonus Option;INF754K01HR1;;1305.9268;1305.9268;1305.9268;20-May-2018
140182;Edelweiss Liquid Fund - Regular Plan - Growth Option;INF754K01GZ6;;2241.9387;2241.9387;2241.9387;20-May-2018
140188;Edelweiss Liquid Fund - Regular Plan Annual - IDCW Option;INF754K01HQ3;INF754K01HP5;1551.2391;1551.2391;1551.2391;20-May-2018
140181;Edelweiss Liquid Fund - Regular Plan Daily - IDCW Option;;INF754K01HA7;1002.79;1002.79;1002.79;20-May-2018
140184;Edelweiss Liquid Fund - Regular Plan Fortnightly - IDCW Option;INF754K01HK6;INF754K01HC3;2154.5895;2154.5895;2154.5895;20-May-2018
140183;Edelweiss Liquid Fund - Regular Plan Monthly - IDCW Option;INF754K01HL4;INF754K01HD1;1007.6001;1007.6001;1007.6001;20-May-2018
140185;Edelweiss Liquid Fund - Regular Plan Weekly - IDCW Option;INF754K01HJ8;INF754K01HB5;1018.7312;1018.7312;1018.7312;20-May-2018
140176;Edelweiss Liquid Fund - Retail Plan - Growth Option;INF754K01HE9;;2038.8913;2038.8913;2038.8913;20-May-2018
140178;Edelweiss Liquid Fund - Retail Plan - Weekly Dividend Option;;INF754K01HG4;1050.8193;1050.8193;1050.8193;20-May-2018
140177;Edelweiss Liquid Fund - Retail Plan Daily - IDCW Option;;INF754K01HF6;1002.1564;1002.1564;1002.1564;20-May-2018
140180;Edelweiss Liquid Fund - Retail Plan Monthly - IDCW Option;;INF754K01HI0;1063.2302;1063.2302;1063.2302;20-May-2018
141159;Edelweiss Liquid Fund - Unclaimed Dividend Plan- Above 3 years;;;1000;1000;1000;20-May-2018
141161;Edelweiss Liquid Fund - Unclaimed Dividend Plan- Upto 3 years;;;1078.6926;1078.6926;1078.6926;20-May-2018
141162;Edelweiss Liquid Fund - Unclaimed Redemption Plan- Above 3 years;;;1000;1000;1000;20-May-2018
141160;Edelweiss Liquid Fund - Unclaimed Redemption Plan- Upto 3 years;;;1078.7012;1078.7012;1078.7012;20-May-2018

Franklin Templeton Mutual Fund
100541;Franklin India Liquid Fund - Regular Plan - Daily - IDCW;;INF090I01BA3;1512.2956;1512.2956;1512.2956;20-May-2018
100538;Franklin India Liquid Fund - Regular Plan - Growth;INF090I01BB1;;4124.6674;4124.6674;4124.6674;20-May-2018
100537;Franklin India Liquid Fund - Regular Plan - Weekly - IDCW;INF090I01BL0;INF090I01BI6;1244.3238;1244.3238;1244.3238;20-May-2018
118577;Franklin India Liquid Fund - Super Institutional - Direct - Growth;INF090I01JV2;;2623.3318;2623.3318;2623.3318;20-May-2018
100547;Franklin India Liquid Fund - Super Institutional Plan - Daily - IDCW;;INF090I01BF2;1000.7051;1000.7051;1000.7051;20-May-2018
118578;Franklin India Liquid Fund - Super Institutional Plan - Direct - Daily - IDCW;INF090I01JW0;;1001.8422;1001.8422;1001.8422;20-May-2018
118579;Franklin India Liquid Fund - Super Institutional Plan - Direct - Weekly - IDCW;INF090I01JX8;INF090I01JY6;1021.3891;1021.3891;1021.3891;20-May-2018
100546;Franklin India Liquid Fund - Super Institutional Plan - Growth;INF090I01BG0;;2614.8918;2614.8918;2614.8918;20-May-2018
100548;Franklin India Liquid Fund - Super Institutional Plan - Weekly - IDCW;INF090I01BM8;INF090I01BH8;1021.1243;1021.1243;1021.1243;20-May-2018
139890;Franklin India Liquid Fund - Unclaimed IDCW Plan - Growth;INF090I01LP0;;11.1302;11.1302;11.1302;20-May-2018
139889;Franklin India Liquid Fund - Unclaimed Redemption Plan - Growth;INF090I01LO3;;11.1302;11.1302;11.1302;20-May-2018
102441;Franklin India Liquid Fund - Institution-Growth;INF090I01BD7;;2668.5915;2668.5915;2668.5915;20-May-2018
102443;Franklin India Liquid Fund - Institutional Plan - Daily - IDCW;;INF090I01BC9;1000.6505;1000.6505;1000.6505;20-May-2018
102442;Franklin India Liquid Fund - Institutional Plan - Weekly - IDCW;INF090I01BJ4;INF090I01BE5;1054.7184;1054.7184;1054.7184;20-May-2018

Groww Mutual Fund
119135;Groww Liquid Fund ( formerly known as Indiabulls Liquid )Fund - Direct Plan - Growth Option;INF666M01451;;1714.3357;1714.3357;1714.3357;20-May-2018
119136;Groww Liquid Fund (formerly known as Indiabulls Liquid Fund) - Direct Plan- - Income Distribution cum capital withdrawal Option ( Reinvestment);;INF666M01469;1001.0600;1001.0600;1001.0600;20-May-2018
115991;Groww Liquid Fund (formerly known as Indiabulls Liquid Fund) - Regular Plan - Growth Option;INF666M01014;;1705.4310;1705.4310;1705.4310;20-May-2018
119138;Groww Liquid Fund (formerly known as Indiabulls Liquid Fund)- Direct Plan- Fortnightly - Income Distribution cum capital withdrawal Option (Payout & Reinvestment);INF666M01501;INF666M01485;1002.2949;1002.2949;1002.2949;20-May-2018
119139;Groww Liquid Fund (formerly known as Indiabulls Liquid Fund)- Direct Plan- Monthly - Income Distribution cum capital withdrawal Option (Payout & Reinvestment);INF666M01519;INF666M01493;1032.7815;1032.7815;1032.7815;20-May-2018
119137;Groww Liquid Fund (formerly known as Indiabulls Liquid Fund)- Direct Plan- Weekly - Income Distribution cum capital withdrawal Option (Payout & Reinvestment);INF666M01527;INF666M01477;1001.6261;1001.6261;1001.6261;20-May-2018
115992;Groww Liquid Fund (formerly known as Indiabulls Liquid Fund)- Regular Plan- - Income Distribution cum capital withdrawal Option (Reinvestment);;INF666M01022;1001.1451;1001.1451;1001.1451;20-May-2018
115995;Groww Liquid Fund (formerly known as Indiabulls Liquid Fund)- Regular Plan- Monthly - Income Distribution cum capital withdrawal Option (Payout & Reinvestment);INF666M01071;INF666M01055;1004.1383;1004.1383;1004.1383;20-May-2018
115993;Groww Liquid Fund (formerly known as Indiabulls Liquid Fund)- Regular Plan- Weekly - Income Distribution cum capital withdrawal Option (Payout & Reinvestment);INF666M01089;INF666M01030;1002.6819;1002.6819;1002.6819;20-May-2018
115994;Groww Liquid Fund (formerly known as Indiabulls Liquid) Fund- Regular Plan- Fortnightly - Income Distribution cum capital withdrawal Option (Payout & Reinvestment);INF666M01063;INF666M01048;1002.1623;1002.1623;1002.1623;20-May-2018

HDFC Mutual Fund
119091;HDFC Liquid Fund - Growth Option - Direct Plan;INF179KB1HP9;;3455.3345;3455.3345;3455.3345;20-May-2018
100868;HDFC Liquid Fund - Growth Plan;INF179KB1HK0;;3441.4213;3441.4213;3441.4213;20-May-2018
100875;HDFC Liquid Fund - IDCW Daily;;INF179KB1IC5;1019.8200;1019.8200;1019.8200;20-May-2018
119089;HDFC Liquid Fund - IDCW Daily - Direct Plan;;INF179KB1HV7;1019.8200;1019.8200;1019.8200;20-May-2018
100876;HDFC Liquid Fund - IDCW Monthly;INF179KB1HM6;INF179KB1HL8;1029.5295;1029.5295;1029.5295;20-May-2018
119090;HDFC Liquid Fund - IDCW Monthly - Direct Plan;INF179KB1HO2;INF179KB1HQ7;1029.5797;1029.5797;1029.5797;20-May-2018
100874;HDFC Liquid Fund - IDCW Plan Weekly;INF179KB1ID3;;1032.0992;1032.0992;1032.0992;20-May-2018
119088;HDFC Liquid Fund - IDCW Weekly - Direct Plan;;;1032.1120;1032.1120;1032.1120;20-May-2018
100877;HDFC Liquid Fund-Premium Plan - Dividend-Daily;;INF179K01KN4;1225.9800;1225.9800;1225.9800;20-May-2018
100873;HDFC Liquid Fund-PREMIUM- Growth;INF179KB1HN4;;3509.2770;3509.2770;3509.2770;20-May-2018

HSBC Mutual Fund
118910;HSBC Cash Fund - Institutional Plan - Growth;INF336L01BT4;;2746.6585;2746.6585;2746.6585;20-May-2018
139238;HSBC Cash Fund - Unclaimed Dividend Above 3 years;;;1000;1000;1000;20-May-2018
139237;HSBC Cash Fund - Unclaimed Dividend Below 3 years;;;1145.6734;1145.6734;1145.6734;20-May-2018
139239;HSBC Cash Fund - Unclaimed Redemption Above 3 years;;;1000;1000;1000;20-May-2018
139240;HSBC Cash Fund - Unclaimed Redemption Below 3 years;;;1145.6734;1145.6734;1145.6734;20-May-2018
120038;HSBC Liquid Fund -  Growth Direct;INF336L01CC8;;1747.4488;1747.4488;1747.4488;20-May-2018
120037;HSBC Liquid Fund - Direct Daily IDCW;;INF336L01CB0;1000.6485;1000.6485;1000.6485;20-May-2018
120039;HSBC Liquid Fund - Direct Monthly IDCW;INF336L01BZ1;INF336L01CA2;1036.9235;1036.9235;1036.9235;20-May-2018
120040;HSBC Liquid Fund - Direct Weekly IDCW;INF336L01LK2;INF336L01CD6;1111.4972;1111.4972;1111.4972;20-May-2018
118907;HSBC Liquid Fund - Growth;INF336L01BL1;;2607.4872;2607.4872;2607.4872;20-May-2018
118906;HSBC Liquid Fund - IDCW;;INF336L01BK3;1019.3;1019.3;1019.3;20-May-2018
118909;HSBC Liquid Fund - Institutional Daily IDCW;;INF336L01BS6;1293.2503;1293.2503;1293.2503;20-May-2018
118901;HSBC Liquid Fund - Regular Daily IDCW;;INF336L01BM9;1000.6702;1000.6702;1000.6702;20-May-2018
118902;HSBC Liquid Fund - Regular Growth;INF336L01BN7;;1742.8009;1742.8009;1742.8009;20-May-2018
118903;HSBC Liquid Fund - Regular Monthly IDCW;INF336L01BP2;INF336L01BO5;1005.0453;1005.0453;1005.0453;20-May-2018
118904;HSBC Liquid Fund - Regular Weekly IDCW;INF336L01LJ4;INF336L01BQ0;1111.4866;1111.4866;1111.4866;20-May-2018
118908;HSBC Liquid Fund - Weekly IDCW;;INF336L01BR8;1002.345;1002.345;1002.345;20-May-2018

ICICI Prudential Mutual Fund
100357;ICICI Prudential Liquid Fund -Quarterly IDCW;INF109K01UU5;INF109K01UT7;101.4496;101.4496;101.4496;20-May-2018
100359;ICICI Prudential Liquid Institutional Plus Fund - Div - Daily;INF109K01VJ6;;118.5152;118.5152;118.5152;20-May-2018
103343;ICICI Prudential Liquid Fund - Daily IDCW;INF109K01VP3;;100.1482;100.1482;100.1482;20-May-2018
120198;ICICI Prudential Liquid Fund - Direct Plan -  Annual IDCW;INF109K01P99;INF109K01Q07;104.5481;104.5481;104.5481;20-May-2018
120187;ICICI Prudential Liquid Fund - Direct Plan -  Half Yearly IDCW;INF109K01Q56;INF109K01Q64;105.6720;105.6720;105.6720;20-May-2018
120191;ICICI Prudential Liquid Fund - Direct Plan -  IDCW Others;INF109K01Q31;INF109K01Q23;130.9420;130.9420;130.9420;20-May-2018
120188;ICICI Prudential Liquid Fund - Direct Plan - Daily IDCW;;INF109K01Q15;100.1082;100.1082;100.1082;20-May-2018
120197;ICICI Prudential Liquid Fund - Direct Plan - Growth;INF109K01Q49;;259.5028;259.5028;259.5028;20-May-2018
120189;ICICI Prudential Liquid Fund - Direct Plan - Monthly IDCW;INF109K01R06;;100.6219;100.6219;100.6219;20-May-2018
120196;ICICI Prudential Liquid Fund - Direct Plan - Quarterly IDCW;INF109K01Q72;INF109K01Q80;102.2162;102.2162;102.2162;20-May-2018
120190;ICICI Prudential Liquid Fund - Direct Plan - Weekly IDCW;INF109K01Q98;;100.2905;100.2905;100.2905;20-May-2018
130934;ICICI Prudential Liquid Fund - Direct Plan Bonus;INF109KA1G86;;131.2589;131.2589;131.2589;20-May-2018
103340;ICICI Prudential Liquid Fund - Growth;INF109K01VQ1;;258.7227;258.7227;258.7227;20-May-2018
104308;ICICI Prudential Liquid Fund - Half Yearly IDCW;INF109K01UX9;INF109K01UW1;104.6307;104.6307;104.6307;20-May-2018
115505;ICICI Prudential Liquid Fund - IDCW Others;INF109K01VU3;INF109K01VT5;130.6891;130.6891;130.6891;20-May-2018
103344;ICICI Prudential Liquid Fund - Institutional Option - I;INF109K01VH0;;244.1467;244.1467;244.1467;20-May-2018
139434;ICICI Prudential Liquid Fund - Unclaimed IDCW;INF109KB1WR9;;114.2145;114.2145;114.2145;20-May-2018
139433;ICICI Prudential Liquid Fund - Unclaimed Redemption;INF109KB1WQ1;;114.2145;114.2145;114.2145;20-May-2018
103342;ICICI Prudential Liquid Fund - Weekly IDCW;INF109K01VS7;;100.2642;100.2642;100.2642;20-May-2018
103341;ICICI Prudential Liquid Fund -Monthly IDCW;INF109K01VR9;;100.4926;100.4926;100.4926;20-May-2018
112119;ICICI Prudential Liquid Fund-Annual IDCW;INF109K01VD9;INF109K01VC1;104.4997;104.4997;104.4997;20-May-2018
101748;ICICI Prudential Liquid Fund - Institutional - Daily - Div;INF109K01VE7;;118.5022;118.5022;118.5022;20-May-2018
101754;ICICI Prudential Liquid Fund Retail Daily Dividend;INF109K01UR1;;118.5142;118.5142;118.5142;20-May-2018
101750;ICICI Prudential Liquid Fund Retail Growth;INF109K01UQ3;;399.9546;399.9546;399.9546;20-May-2018
101755;ICICI Prudential Liquid Fund Retail Monthly Dividend;INF109K01US9;;100.5095;100.5095;100.5095;20-May-2018
101752;ICICI Prudential Liquid Fund Retail Weekly Dividend;INF109K01UV3;;118.9419;118.9419;118.9419;20-May-2018
101751;ICICI Prudential Liquid Institutional Fund - Growth;INF109K01VF4;;410.2027;410.2027;410.2027;20-May-2018

IDBI Mutual Fund
126163;IDBI Liquid Fund Bonus Direct;INF397L01FP5;;1408.5234;1408.5234;1408.5234;20-May-2018
126164;IDBI Liquid Fund Bonus Regular;INF397L01FO8;;1400.7637;1400.7637;1400.7637;20-May-2018
118345;IDBI Liquid Fund Growth Direct;INF397L01AH3;;1878.0340;1878.0340;1878.0340;20-May-2018
113104;IDBI Liquid Fund- Monthly IDCW;INF397L01976;INF397L01968;1008.1577;1008.1577;1008.1577;20-May-2018
118449;IDBI Liquid Fund- Monthly IDCW Direct;INF397L01AK7;INF397L01AJ9;1006.6722;1006.6722;1006.6722;20-May-2018
113102;IDBI Liquid Fund-Daily IDCW;;INF397L01935;1005.2683;1005.2683;1005.2683;20-May-2018
118450;IDBI Liquid Fund-Daily IDCW Direct;;INF397L01AI1;1002.3548;1002.3548;1002.3548;20-May-2018
113096;IDBI Liquid Fund-Growth;INF397L01984;;1867.6796;1867.6796;1867.6796;20-May-2018
113103;IDBI Liquid Fund-Weekly IDCW;INF397L01950;INF397L01943;1023.0085;1023.0085;1023.0085;20-May-2018
118451;IDBI Liquid Fund-Weekly IDCW Direct;INF397L01AM3;INF397L01AL5;1002.8616;1002.8616;1002.8616;20-May-2018

Invesco Mutual Fund
122786;Invesco India Liquid Fund - Bonus Option;INF205K01UX5;;2405.7262;2405.7262;2405.7262;20-May-2018
104484;Invesco India Liquid Fund - Daily IDCW (Reinvestment);;INF205K01HN3;1001.7798;1001.7798;1001.7798;20-May-2018
120537;Invesco India Liquid Fund - Direct Plan - Growth;INF205K01MF9;;2414.416;2414.416;2414.416;20-May-2018
120536;Invesco India Liquid Fund - Direct Plan - Monthly IDCW (Payout / Reinvestment);INF205K01MG7;INF205K01MH5;1031.9967;1031.9967;1031.9967;20-May-2018
120535;Invesco India Liquid Fund - Direct Plan - Weekly IDCW (Reinvestment);INF205KA1BE5;INF205K01MI3;1001.5948;1001.5948;1001.5948;20-May-2018
120534;Invesco India Liquid Fund - Direct Plan- Daily IDCW (Reinvestment);;INF205K01ME2;1000.79;1000.79;1000.79;20-May-2018
104486;Invesco India Liquid Fund - Growth;INF205K01HM5;;2405.7218;2405.7218;2405.7218;20-May-2018
104492;Invesco India Liquid Fund - Monthly IDCW (Payout / Reinvestment);INF205K01HQ6;INF205K01HP8;1007.284;1007.284;1007.284;20-May-2018
104488;Invesco India Liquid Fund - Regular - Growth;INF205K01HG7;;2212.0565;2212.0565;2212.0565;20-May-2018
104489;Invesco India Liquid Fund - Regular - Weekly IDCW (Reinvestment);;INF205K01HH5;1001.9041;1001.9041;1001.9041;20-May-2018
139389;Invesco India Liquid Fund - Unclaimed Dividend Plan - Below 3 Years;;;1144.1396;1144.1396;1144.1396;20-May-2018
139387;Invesco India Liquid Fund - Unclaimed Redemption Plan - Below 3 years;;;1144.1359;1144.1359;1144.1359;20-May-2018
104485;Invesco India Liquid Fund - Weekly IDCW (Reinvestment);INF205KA1BD7;INF205K01HO1;1003.3601;1003.3601;1003.3601;20-May-2018

JM Financial Mutual Fund
120410;JM Liquid Fund (Direct) - Bonus Option - Bonus Option - Principal units;INF192K01CN4;;15.4343;15.4343;15.4343;20-May-2018
120411;JM Liquid Fund (Direct) - Daily IDCW;;INF192K01CH6;10.4302;10.4302;10.4302;20-May-2018
120406;JM Liquid Fund (Direct) - Growth Option;INF192K01CM6;;48.0189;48.0189;48.0189;20-May-2018
120408;JM Liquid Fund (Direct) - Quarterly IDCW;INF192K01CK0;INF192K01CL8;27.2622;27.2622;27.2622;20-May-2018
120407;JM Liquid Fund (Direct) - Weekly IDCW;INF192K01CI4;INF192K01CJ2;11.0162;11.0162;11.0162;20-May-2018
100244;JM Liquid Fund (Regular) - Quarterly IDCW;INF192K01866;INF192K01874;27.0638;27.0638;27.0638;20-May-2018
100247;JM Liquid Fund (Regular) - Super Institutional Plan - Growth Option;INF192K01981;;27.4948;27.4948;27.4948;20-May-2018
100233;JM Liquid Fund (Regular) - Weekly IDCW;INF192K01841;INF192K01858;11.0136;11.0136;11.0136;20-May-2018
100234;JM Liquid Fund - Growth Option;INF192K01882;;47.8153;47.8153;47.8153;20-May-2018
139258;JM Liquid Fund Unclaimed Dividend (Direct) Growth Plan;INF192K01LB0;;48.0208;48.0208;48.0208;20-May-2018
139260;JM Liquid Fund Unclaimed Dividend IEF (Direct) Growth Plan;INF192K01LD6;;41.4437;41.4437;41.4437;20-May-2018
139257;JM Liquid Fund Unclaimed Redemption (Direct) Growth Plan;INF192K01LA2;;48.0208;48.0208;48.0208;20-May-2018
139259;JM Liquid Fund Unclaimed Redemption IEF (Direct) Growth Plan;INF192K01LC8;;41.4437;41.4437;41.4437;20-May-2018
101549;JM Liquid Fund (Regular) - Bonus Option - Principal Units;INF192K01890;;15.3105;15.3105;15.3105;20-May-2018
101078;JM Liquid Fund (Regular) - Daily IDCW;;INF192K01833;10.4302;10.4302;10.4302;20-May-2018

Kotak Mahindra Mutual Fund
119764;Kotak Liquid Fund - Direct Plan - Daily Reinvestment of Income Distribution cum capital withdrawal option;;INF174K01NH1;1222.81;1222.81;1222.81;20-May-2018
119766;Kotak Liquid Fund - Direct Plan - Growth;INF174K01NE8;;3554.1755;3554.1755;3554.1755;20-May-2018
100833;Kotak Liquid Fund - Regular  - Daily Reinvestment of Income Distribution cum capital withdrawal option;;INF174K01NL3;1222.81;1222.81;1222.81;20-May-2018
100835;Kotak Liquid Fund - Regular Plan - Growth;INF174K01NI9;;3544.7857;3544.7857;3544.7857;20-May-2018
119765;Kotak Liquid Fund - Weekly  Payout of Income Distribution cum capital withdrawal option - Direct;INF174K01NF5;INF174K01NG3;1006.214;1006.214;1006.214;20-May-2018
100834;Kotak Liquid Fund Regular Plan Weekly Reinvestment of Income Distribution cum capital withdrawal option Dividend;INF174K01NK5;;1001.105;1001.105;1001.105;20-May-2018

L&T Mutual Fund
122235;L&T Liquid Fund - Direct Plan - Weekly IDCW;;INF917K01HE2;1001.5252;1001.5252;1001.5252;20-May-2018
119791;L&T Liquid Fund - Direct Plan -Daily IDCW;INF917K01HG7;;1012.8887;1012.8887;1012.8887;20-May-2018
119790;L&T Liquid Fund - Direct Plan -Growth;INF917K01HF9;;2405.5072;2405.5072;2405.5072;20-May-2018
112458;L&T Liquid Fund - Regular Plan - Weekly IDCW;INF917K01BK2;INF917K01JG3;1002.7014;1002.7014;1002.7014;20-May-2018
112445;L&T Liquid Fund -Regular Plan - Daily IDCW;INF917K01JB4;;1011.7794;1011.7794;1011.7794;20-May-2018
112457;L&T Liquid Fund -Regular Plan - Growth;INF917K01JH1;;2398.1896;2398.1896;2398.1896;20-May-2018

LIC Mutual Fund
120248;LIC MF Liquid Fund-Direct Plan-Daily IDCW;INF767K01DL5;INF767K01DM3;1098;1098;1098;20-May-2018
120249;LIC MF Liquid Fund-Direct Plan-Growth;INF767K01DN1;;3181.1381;3181.1381;3181.1381;20-May-2018
101184;LIC MF Liquid Fund-Regular Plan-Daily IDCW;INF767K01IQ3;INF767K01IR1;1098;1098;1098;20-May-2018
101185;LIC MF Liquid Fund-Regular Plan-Growth;INF767K01IS9;;3164.6484;3164.6484;3164.6484;20-May-2018

Mahindra Manulife Mutual Fund
139535;Mahindra Manulife Liquid Fund - Direct Plan - Daily IDCW;;INF174V01051;1000.3285;1000.3285;1000.3285;20-May-2018
139536;Mahindra Manulife Liquid Fund - Direct Plan - Weekly IDCW;;INF174V01069;1003.5410;1003.5410;1003.5410;20-May-2018
139538;Mahindra Manulife Liquid Fund - Direct Plan -Growth;INF174V01044;;1135.8195;1135.8195;1135.8195;20-May-2018
139534;Mahindra Manulife Liquid Fund - Regular Plan - Daily IDCW;;INF174V01028;1000.3285;1000.3285;1000.3285;20-May-2018
139537;Mahindra Manulife Liquid Fund - Regular Plan - Growth;INF174V01010;;1132.7849;1132.7849;1132.7849;20-May-2018
139541;Mahindra Manulife Liquid Fund - Regular Plan - Weekly IDCW;;INF174V01036;1009.9519;1009.9519;1009.9519;20-May-2018
139539;Mahindra Manulife Liquid Fund - Unclaimed Redemption / IDCW Upto three years;;;1008.9281;1008.9281;1008.9281;20-May-2018

Mirae Asset Mutual Fund
118859;Mirae Asset Liquid Fund - Direct Plan - Growth;INF769K01CM1;;1850.8323;1850.8323;1850.8323;20-May-2018
118862;Mirae Asset Liquid Fund - Direct Plan - Weekly IDCW;INF769K01PD2;INF769K01CP4;1217.1109;1217.1109;1217.1109;20-May-2018
118861;Mirae Asset Liquid Fund - Direct Plan -Daily IDCW;;INF769K01CO7;1075.8332;1075.8332;1075.8332;20-May-2018
118860;Mirae Asset Liquid Fund - Direct Plan -Monthly IDCW;INF769K01CN9;INF769K01CQ2;1140.1671;1140.1671;1140.1671;20-May-2018
111647;Mirae Asset Liquid Fund - Regular - Daily IDCW;;INF769K01804;1066.4347;1066.4347;1066.4347;20-May-2018
111646;Mirae Asset Liquid Fund - Regular Plan - Growth;INF769K01788;;1831.6164;1831.6164;1831.6164;20-May-2018
111645;Mirae Asset Liquid Fund - Regular Plan - Monthly IDCW;INF769K01838;INF769K01820;1157.7452;1157.7452;1157.7452;20-May-2018
111644;Mirae Asset Liquid Fund - Regular Plan - Weekly IDCW;INF769K01PC4;INF769K01812;1153.3855;1153.3855;1153.3855;20-May-2018

Navi Mutual Fund
119163;Navi Liquid Fund - Direct Plan Daily IDCW - ReInvestment;;INF959L01GK1;1001.2900;1001.2900;1001.2900;20-May-2018
119161;Navi Liquid Fund - Direct Plan Monthly IDCW - Payout;INF959L01GG9;INF959L01GH7;1005.5729;1005.5729;1005.5729;20-May-2018
119162;Navi Liquid Fund - Direct Plan Weekly IDCW - Payout;INF959L01GI5;INF959L01GJ3;1001.5389;1001.5389;1001.5389;20-May-2018
112645;Navi Liquid Fund - Regular Plan Daily IDCW;;INF959L01GM7;1001.2900;1001.2900;1001.2900;20-May-2018
112647;Navi Liquid Fund - Regular Plan Monthly IDCW;INF959L01GN5;INF959L01GO3;1005.5032;1005.5032;1005.5032;20-May-2018
112646;Navi Liquid Fund - Regular Plan Weekly IDCW;INF959L01GP0;INF959L01GQ8;1001.5608;1001.5608;1001.5608;20-May-2018
119164;Navi Liquid Fund-Direct Plan-Growth Option;INF959L01GF1;;1932.8260;1932.8260;1932.8260;20-May-2018
112636;Navi Liquid Fund-Regular Plan-Growth Option;INF959L01GL9;;1923.9226;1923.9226;1923.9226;20-May-2018
140437;Navi Liquid Fund-Unclaimed Redemption and Dividend Plan greater than 3 years;INF959L01CO2;;1000.0000;1000.0000;1000.0000;20-May-2018
139386;Navi Liquid Fund-Unclaimed Redemption and Dividend Plan less than 3 years;INF959L01CN4;;1927.9371;1927.9371;1927.9371;20-May-2018

Nippon India Mutual Fund
100852;NIPPON INDIA LIQUID FUND - DAILY IDCW OPTION;;INF204K01UM1;1528.7400;1528.7400;1528.7400;20-May-2018
118695;NIPPON INDIA LIQUID FUND - DIRECT Plan - DAILY IDCW OPTION;;INF204K01ZG2;1528.7400;1528.7400;1528.7400;20-May-2018
118696;NIPPON INDIA LIQUID FUND - DIRECT Plan - MONTHLY IDCW OPTION;INF204K01ZI8;INF204K01ZJ6;1596.2563;1596.2563;1596.2563;20-May-2018
118698;NIPPON INDIA LIQUID FUND - DIRECT Plan - QUARTERLY IDCW OPTION;INF204K01ZK4;INF204K01ZL2;1018.4794;1018.4794;1018.4794;20-May-2018
118700;NIPPON INDIA LIQUID FUND - DIRECT Plan - WEEKLY IDCW OPTION;INF204KC1FN6;INF204K01ZM0;1530.8750;1530.8750;1530.8750;20-May-2018
118701;Nippon India Liquid Fund - Direct Plan Growth Plan - Growth Option;INF204K01ZH0;;4279.2710;4279.2710;4279.2710;20-May-2018
100855;NIPPON INDIA LIQUID FUND - MONTHLY IDCW OPTION;INF204K01UO7;INF204K01UP4;1592.8471;1592.8471;1592.8471;20-May-2018
112340;NIPPON INDIA LIQUID FUND - QUARTERLY IDCW OPTION;INF204K01UQ2;INF204K01UR0;1016.0491;1016.0491;1016.0491;20-May-2018
100837;Nippon India Liquid Fund - Retail Option - Growth Plan;INF204K01UL3;;3951.9394;3951.9394;3951.9394;20-May-2018
100842;NIPPON INDIA LIQUID FUND - RETAIL Plan - DAILY IDCW OPTION;;INF204K01UJ7;1524.2800;1524.2800;1524.2800;20-May-2018
100843;NIPPON INDIA LIQUID FUND - RETAIL plan - MONTHLY IDCW OPTION;INF204K01UT6;INF204K01UU4;1333.1948;1333.1948;1333.1948;20-May-2018
100844;NIPPON INDIA LIQUID FUND - RETAIL Plan - QUARTERLY IDCW OPTION;INF204K01UV2;INF204K01UW0;1229.2868;1229.2868;1229.2868;20-May-2018
100838;NIPPON INDIA LIQUID FUND - RETAIL Plan - WEEKLY IDCW OPTION;;INF204K01UK5;1034.5026;1034.5026;1034.5026;20-May-2018
100853;NIPPON INDIA LIQUID FUND - WEEKLY IDCW OPTION;INF204KC1FM8;INF204K01US8;1530.8684;1530.8684;1530.8684;20-May-2018
100851;Nippon India Liquid Fund -Growth Plan;INF204K01UN9;;4260.9401;4260.9401;4260.9401;20-May-2018
118610;Reliance Liquid Fund - Cash Plan - Direct Plan - Growth Plan - Growth Option;;;2831.6355;2831.6355;2831.6355;20-May-2018
118618;Reliance Liquid Fund - Cash Plan - Direct Plan Daily Dividend Reinvestment Option;;;1114.1500;1114.1500;1114.1500;20-May-2018
118609;Reliance Liquid Fund - Cash Plan - Direct Plan Monthly Dividend Plan;;;1006.9502;1006.9502;1006.9502;20-May-2018
118612;Reliance Liquid Fund - Cash Plan - Direct Plan Quarterly Dividend Plan;;;1021.4341;1021.4341;1021.4341;20-May-2018
118611;Reliance Liquid Fund - Cash Plan - Direct Plan Weekly Dividend Reinvestment Option;;;1092.1200;1092.1200;1092.1200;20-May-2018

PGIM India Mutual Fund
138306;PGIM India INSTA CASH FUND - Annual Bonus Option;INF223J01WV0;;134.9936;134.9936;134.9936;20-May-2018
138305;PGIM India Insta Cash Fund - Direct Plan -  Annual Bonus Option;INF223J01WW8;;137.7582;137.7582;137.7582;20-May-2018
138300;PGIM India Insta Cash Fund - Direct Plan - Quarterly Dividend;INF223J01NX5;;144.524;144.524;144.524;20-May-2018
138294;PGIM India Insta Cash Fund - Quarterly Dividend Option;INF223J01IN6;INF223J01IO4;142.5241;142.5241;142.5241;20-May-2018
138284;PGIM India INSTA CASH FUND - Regular Plan BONUS OPTION;INF223J01BH3;;13.5937;13.5937;13.5937;20-May-2018
139603;PGIM India Insta Cash Fund - Unclaimed Dividend Plan - Below 3 years;;;112.1173;112.1173;112.1173;20-May-2018
139604;PGIM India Insta Cash Fund - Unclaimed Redemption Plan - Above 3 years;;;100.3432;100.3432;100.3432;20-May-2018
139605;PGIM India Insta Cash Fund - Unclamied Dividend Plan - Above 3 years;;;100.3428;100.3428;100.3428;20-May-2018
139602;PGIM India Insta Cash Fund - Unlcaimed Redemption Plan - Below 3 years;;;112.073;112.073;112.073;20-May-2018
138292;PGIM India Insta Cash Fund- Annual Dividend Option;INF223J01IP1;INF223J01IQ9;132.7688;132.7688;132.7688;20-May-2018
138278;PGIM India Insta Cash Fund-DIVIDEND-WEEKLY DIVIDEND;INF223J01BN1;;10.3546;10.3546;10.3546;20-May-2018
138283;PGIM India Insta Cash Fund-Institutional Plan-Daily Dividend;INF223J01BA8;;10.0789;10.0789;10.0789;20-May-2018
138282;PGIM India Insta Cash Fund-Institutional Plan-Growth;INF223J01BB6;;24.4196;24.4196;24.4196;20-May-2018
138304;PGIM India INSTA CASH FUND-Monthly Bonus Option;INF223J01VD0;;129.6892;129.6892;129.6892;20-May-2018
138286;PGIM India Liquid Fund - Bonus Option;INF223J01BQ4;;155.2589;155.2589;155.2589;20-May-2018
138285;PGIM India Liquid Fund - Daily Dividend;;INF223J01BO9;100.304;100.304;100.304;20-May-2018
138297;PGIM India Liquid Fund - Direct Plan - Daily Dividend;INF223J01NR7;;100.304;100.304;100.304;20-May-2018
138299;PGIM India Liquid Fund - Direct Plan - Growth;INF223J01NS5;;227.9232;227.9232;227.9232;20-May-2018
138298;PGIM India Liquid Fund - Direct Plan - Monthly Dividend;INF223J01NT3;INF223J01NU1;106.7599;106.7599;106.7599;20-May-2018
138301;PGIM India Liquid Fund - Direct Plan - Weekly Dividend;INF223J01NV9;INF223J01NW7;100.5426;100.5426;100.5426;20-May-2018
138288;PGIM India Liquid Fund - Growth;INF223J01BP6;;227.1053;227.1053;227.1053;20-May-2018
138287;PGIM India Liquid Fund - Monthly Dividend;INF223J01BL5;;106.7204;106.7204;106.7204;20-May-2018
138289;PGIM India Liquid Fund - Weekly Dividend;INF223J01BU6;;100.5424;100.5424;100.5424;20-May-2018
138280;PGIM India Liquid Fund-DIVIDEND-Daily Dividend;;INF223J01BI1;10.301;10.301;10.301;20-May-2018
138279;PGIM India Liquid Fund-DIVIDEND-MONTHLY DIVIDEND;INF223J01BR2;INF223J01BS0;10.0517;10.0517;10.0517;20-May-2018
138281;PGIM India Liquid Fund-Growth-GROWTH;INF223J01BJ9;;25.7503;25.7503;25.7503;20-May-2018

PPFAS Mutual Fund
143263;Parag Parikh Liquid Fund- Direct Plan- Daily Reinvestment of IDCW;;INF879O01118;1000.2000;1000.2000;1000.2000;20-May-2018
143269;Parag Parikh Liquid Fund- Direct Plan- Growth;INF879O01068;;1001.7508;1001.7508;1001.7508;20-May-2018
143262;Parag Parikh Liquid Fund- Direct Plan- Monthly IDCW;INF879O01076;INF879O01084;1001.7370;1001.7370;1001.7370;20-May-2018
143265;Parag Parikh Liquid Fund- Direct Plan- Weekly Reinvestment of IDCW;;INF879O01134;1001.7443;1001.7443;1001.7443;20-May-2018
143264;Parag Parikh Liquid Fund- Regular Plan- Daily Reinvestment of IDCW;;INF879O01126;1000.2000;1000.2000;1000.2000;20-May-2018
143260;Parag Parikh Liquid Fund- Regular Plan- Growth;INF879O01035;;1001.7168;1001.7168;1001.7168;20-May-2018
143261;Parag Parikh Liquid Fund- Regular Plan- Monthly IDCW;INF879O01043;INF879O01050;1001.7167;1001.7167;1001.7167;20-May-2018
143266;Parag Parikh Liquid Fund- Regular Plan- Weekly Reinvestment of IDCW;;INF879O01142;1001.7167;1001.7167;1001.7167;20-May-2018

Principal Mutual Fund
100895;Principal Cash Management Fund - Daily Income Distribution CUM Capital Withdrawal;;INF173K01DB7;1000.8893;1000.8893;1000.8893;20-May-2018
119468;Principal Cash Management Fund - Direct Plan - Growth Option;INF173K01GU0;;1709.6331;1709.6331;1709.6331;20-May-2018
119467;Principal Cash Management Fund - Direct Plan - Income Distribution CUM Capital Withdrawal Option - Daily;;INF173K01GT2;1000.6367;1000.6367;1000.6367;20-May-2018
119469;Principal Cash Management Fund - Direct Plan - Income Distribution CUM Capital Withdrawal Option - Weekly;;INF173K01GY2;1007.5419;1007.5419;1007.5419;20-May-2018
100897;Principal Cash Management Fund - Monthly Income Distribution CUM Capital Withdrawal Option;INF173K01BV9;INF173K01BW7;1023.3648;1023.3648;1023.3648;20-May-2018
100896;Principal Cash Management Fund - Weekly Income Distribution CUM Capital Withdrawal Option;;INF173K01DC5;1007.0837;1007.0837;1007.0837;20-May-2018
119466;Principal Cash Management Fund -Direct Plan - Income Distribution CUM Capital Withdrawal Option - Monthly;INF173K01GV8;INF173K01GW6;1023.3868;1023.3868;1023.3868;20-May-2018
100898;Principal Cash Management Fund -Growth Option;INF173K01DA9;;1702.4630;1702.4630;1702.4630;20-May-2018

quant Mutual Fund
120837;quant Liquid Fund - Growth Option - Direct Plan;INF966L01820;;27.4797;27.4797;27.4797;20-May-2018
103225;quant Liquid Fund - Growth Option - Regular Plan;INF966L01317;;27.3255;27.3255;27.3255;20-May-2018
120838;quant Liquid Fund - Monthly IDCW Option - Direct Plan;INF966L01796;INF966L01812;15.3158;15.3158;15.3158;20-May-2018
103228;quant Liquid Fund - Monthly IDCW Option - Regular Plan;INF966L01291;INF966L01309;15.1888;15.1888;15.1888;20-May-2018
120839;quant Liquid Fund - Weekly IDCW Option - Direct Plan;INF966L01788;INF966L01804;13.8882;13.8882;13.8882;20-May-2018
103227;quant Liquid Fund - Weekly IDCW Option - Regular Plan;INF966L01499;INF966L01283;13.6018;13.6018;13.6018;20-May-2018
120836;quant Liquid Fund-Daily IDCW Option - Direct Plan;;INF966L01770;13.7764;13.7764;13.7764;20-May-2018
103226;quant Liquid Fund-Daily IDCW Option - Regular Plan;;INF966L01275;13.6677;13.6677;13.6677;20-May-2018

Quantum Mutual Fund
103736;Quantum Liquid Fund - Direct Plan Daily IDCW;;INF082J01135;10.0094;10.0094;10.0094;20-May-2018
103734;Quantum Liquid Fund - Direct Plan Growth Option;INF082J01127;;24.0815;24.0815;24.0815;20-May-2018
103735;Quantum Liquid Fund - Direct Plan Monthly IDCW;INF082J01143;INF082J01200;10.0471;10.0471;10.0471;20-May-2018
141065;Quantum Liquid Fund - Regular Plan Daily IDCW;;INF082J01317;10.0042;10.0042;10.0042;20-May-2018
141066;Quantum Liquid Fund - Regular Plan Growth Option;INF082J01309;;24.0671;24.0671;24.0671;20-May-2018
141067;Quantum Liquid Fund - Regular Plan Monthly IDCW;INF082J01325;INF082J01333;10.0463;10.0463;10.0463;20-May-2018

SBI Mutual Fund
119804;SBI Liquid Fund - Direct Paln - Fortnightly Income Distribution cum Capital Withdrawal Option (IDCW);INF200K01UR8;INF200K01US6;1012.0434;1012.0434;1012.0434;20-May-2018
119805;SBI Liquid Fund - Direct Plan - Daily Income Distribution cum Capital Withdrawal Option (IDCW);;INF200K01UQ0;1003.2500;1003.2500;1003.2500;20-May-2018
119799;SBI Liquid Fund - Direct Plan - Weekly Income Distribution cum Capital Withdrawal Option (IDCW);INF200K01UU2;INF200K01UV0;1061.2532;1061.2532;1061.2532;20-May-2018
119800;SBI Liquid Fund - DIRECT PLAN -Growth;INF200K01UT4;;2749.6516;2749.6516;2749.6516;20-May-2018
105274;SBI Liquid Fund - Institutional - Growth;INF200K01LU1;;2766.2018;2766.2018;2766.2018;20-May-2018
105275;SBI Liquid Fund - Institutional Daily Income Distribution cum Capital Withdrawal Option (IDCW);;INF200K01LR7;1003.2500;1003.2500;1003.2500;20-May-2018
105279;SBI Liquid Fund - Institutional Fortnightly Income Distribution cum Capital Withdrawal Option (IDCW);INF200K01LS5;INF200K01LT3;1023.3470;1023.3470;1023.3470;20-May-2018
105278;SBI Liquid Fund - Institutional Weekly Income Distribution cum Capital Withdrawal Option (IDCW);INF200K01LV9;INF200K01LW7;1060.5413;1060.5413;1060.5413;20-May-2018
105281;SBI Liquid Fund - Regular Plan - Daily Income Distribution cum Capital Withdrawal Option (IDCW);;INF200K01LX5;1003.2500;1003.2500;1003.2500;20-May-2018
105283;SBI Liquid Fund - Regular Plan - Fortnightly Income Distribution cum Capital Withdrawal Option (IDCW);INF200K01LY3;INF200K01LZ0;1012.0405;1012.0405;1012.0405;20-May-2018
105282;SBI Liquid Fund - Regular Plan - Weekly Income Distribution cum Capital Withdrawal Option (IDCW);INF200K01MB9;INF200K01MC7;1061.2501;1061.2501;1061.2501;20-May-2018
105280;SBI Liquid Fund - REGULAR PLAN -Growth;INF200K01MA1;;2740.3782;2740.3782;2740.3782;20-May-2018

Sundaram Mutual Fund
119690;Sundaram Money Fund Direct Plan - Bonus;INF903J01RL8;;13.2322;13.2322;13.2322;20-May-2018
119688;Sundaram Money Fund Direct Plan - Daily Reinvestment of Income Distribution cum Capital Withdrawal (IDCW);;INF903J01QA3;10.1025;10.1025;10.1025;20-May-2018
119692;Sundaram Money Fund Direct Plan - Fortnightly Reinvestment of Income Distribution cum Capital Withdrawal (IDCW);;INF903J01QB1;26.0195;26.0195;26.0195;20-May-2018
119686;Sundaram Money Fund Direct Plan - Growth;INF903J01QF2;;36.9749;36.9749;36.9749;20-May-2018
119687;Sundaram Money Fund Direct Plan - Monthly Income Distribution cum Capital Withdrawal (IDCW);INF903J01QC9;INF903J01QD7;10.7257;10.7257;10.7257;20-May-2018
119689;Sundaram Money Fund Direct Plan - Quarterly Reinvestment of Income Distribution cum Capital Withdrawal (IDCW);;INF903J01QE5;35.4703;35.4703;35.4703;20-May-2018
119691;Sundaram Money Fund Direct Plan - Weekly Reinvestment of Income Distribution cum Capital Withdrawal (IDCW);;INF903J01QG0;11.7377;11.7377;11.7377;20-May-2018
102701;Sundaram Money Fund Institutional Plan - Daily Reinvestment of Income Distribution cum Capital Withdrawal (IDCW);;INF903J01GP2;10.0953;10.0953;10.0953;20-May-2018
102703;Sundaram Money Fund Institutional Plan - Growth;INF903J01GN7;;35.9109;35.9109;35.9109;20-May-2018
118328;Sundaram Money Fund Regular Plan - Bonus;INF903J01MB0;;13.1630;13.1630;13.1630;20-May-2018
103392;Sundaram Money Fund Regular Plan - Daily Reinvestment of Income Distribution cum Capital Withdrawal (IDCW);;INF903J01GW8;10.0953;10.0953;10.0953;20-May-2018
103395;Sundaram Money Fund Regular Plan - Fortnightly Reinvestment of Income Distribution cum Capital Withdrawal (IDCW);;INF903J01GY4;11.0079;11.0079;11.0079;20-May-2018
103397;Sundaram Money Fund Regular Plan - Growth;INF903J01GU2;;36.8242;36.8242;36.8242;20-May-2018
103396;Sundaram Money Fund Regular Plan - Monthly Income Distribution cum Capital Withdrawal (IDCW);INF903J01GV0;INF903J01GZ1;10.5817;10.5817;10.5817;20-May-2018
103393;Sundaram Money Fund Regular Plan - Quarterly Reinvestment of Income Distribution cum Capital Withdrawal (IDCW);;INF903J01HA2;35.3670;35.3670;35.3670;20-May-2018
100620;Sundaram Money Fund Retail Plan - Daily Reinvestment of Income Distribution cum Capital Withdrawal (IDCW);;INF903J01GI7;10.0953;10.0953;10.0953;20-May-2018
100622;Sundaram Money Fund Retail Plan - Fortnightly Reinvestment of Income Distribution cum Capital Withdrawal (IDCW);;INF903J01GK3;10.9760;10.9760;10.9760;20-May-2018
100618;Sundaram Money Fund Retail Plan - Growth;INF903J01GG1;;34.4141;34.4141;34.4141;20-May-2018
100623;Sundaram Money Fund Retail Plan - Monthly Income Distribution cum Capital Withdrawal (IDCW);INF903J01GH9;INF903J01GL1;10.5950;10.5950;10.5950;20-May-2018
100619;Sundaram Money Fund Retail Plan - Quarterly Reinvestment of Income Distribution cum Capital Withdrawal (IDCW);;INF903J01GM9;12.2851;12.2851;12.2851;20-May-2018
100621;Sundaram Money Fund Retail Plan - Weekly Reinvestment of Income Distribution cum Capital Withdrawal (IDCW);;INF903J01GJ5;11.6750;11.6750;11.6750;20-May-2018
140006;Sundaram Money Fund Unclaimed Amount Plan - Unclaimed Dividend Less Than Three Years;INF903JA1567;;11.0702;11.0702;11.0702;20-May-2018
140005;Sundaram Money Fund Unclaimed Amount Plan - Unclaimed Dividend More Than Three Years;INF903JA1575;;10.0000;10.0000;10.0000;20-May-2018
140003;Sundaram Money Fund Unclaimed Amount Plan - Unclaimed Redemption Less Than Three Years;INF903JA1542;;11.0793;11.0793;11.0793;20-May-2018
140004;Sundaram Money Fund Unclaimed Amount Plan - Unclaimed Redemption More Than Three Years;INF903JA1559;;10.0000;10.0000;10.0000;20-May-2018
103394;Sundaram Money Fund Regular Plan - Weekly Reinvestment of Income Distribution cum Capital Withdrawal (IDCW);;INF903J01GX6;11.7178;11.7178;11.7178;20-May-2018

Tata Mutual Fund
102672;Tata Liquid Fund -Regular Plan - Growth Option;INF277K01YD8;;2752.1949;2752.1949;2752.1949;20-May-2018
119862;Tata Liquid Fund- Direct Plan - Daily Reinvestment of IDCW Option;;INF277K012D2;1001.5187;1001.5187;1001.5187;20-May-2018
119861;Tata Liquid Fund- Direct Plan-Growth Option;INF277K01YE6;;2763.9297;2763.9297;2763.9297;20-May-2018
101714;Tata Liquid Fund- Regular Plan - Daily Reinvestment of IDCW Option;;INF277K011D4;1001.5157;1001.5157;1001.5157;20-May-2018

Taurus Mutual Fund
111915;Taurus Liquid Fund - Regular Plan - SI Growth Option;INF044D01534;;1772.4751;1772.4751;1772.4751;20-May-2018
113248;Taurus Liquid Fund - Regular Plan - SI Weekly Dividend Option;;INF044D01526;1000.7514;1000.7514;1000.7514;20-May-2018
111703;Taurus Liquid Fund - Regular Plan -SI Daily Dividend Option;;INF044D01518;1000.7587;1000.7587;1000.7587;20-May-2018
118891;Taurus Liquid Fund-Direct Plan-SI Daily Dividend Option;;INF044D01DI0;1000.7587;1000.7587;1000.7587;20-May-2018
118893;Taurus Liquid Fund-Direct Plan-SI Growth Option;INF044D01DK6;;1779.2419;1779.2419;1779.2419;20-May-2018
118892;Taurus Liquid Fund-Direct Plan-SI Weekly Dividend Option;;INF044D01DJ8;1001.2247;1001.2247;1001.2247;20-May-2018
104240;Taurus Liquid Fund-Dividend;INF044D01542;INF044D01559;1001.2253;1001.2253;1001.2253;20-May-2018
104241;Taurus Liquid Fund-Growth;INF044D01575;;2077.5938;2077.5938;2077.5938;20-May-2018

Union Mutual Fund
115401;Union Liquid Fund - Daily IDCW Option;;INF582M01021;1000.6489;1000.6489;1000.6489;20-May-2018
119301;Union Liquid Fund - Direct Plan - Daily IDCW Option;;INF582M01682;1000.7830;1000.7830;1000.7830;20-May-2018
119305;Union Liquid Fund - Direct Plan - Fortnightly IDCW Option;INF582M01724;INF582M01708;1002.1446;1002.1446;1002.1446;20-May-2018
119303;Union Liquid Fund - Direct Plan - Growth Option;INF582M01674;;1751.1952;1751.1952;1751.1952;20-May-2018
119302;Union Liquid Fund - Direct Plan - Monthly IDCW Option;INF582M01732;INF582M01716;1004.9569;1004.9569;1004.9569;20-May-2018
119304;Union Liquid Fund - Direct Plan - Weekly IDCW Option;;INF582M01690;1001.4868;1001.4868;1001.4868;20-May-2018
115399;Union Liquid Fund - Fortnightly IDCW Option;INF582M01062;INF582M01047;1002.1417;1002.1417;1002.1417;20-May-2018
115398;Union Liquid Fund - Growth Option;INF582M01013;;1742.1864;1742.1864;1742.1864;20-May-2018
115400;Union Liquid Fund - Monthly IDCW Option;INF582M01070;INF582M01054;1004.9365;1004.9365;1004.9365;20-May-2018
142345;Union Liquid Fund - Unclaimed Amounts Plan - IDCW Beyond 3 years;;;1000.0000;1000.0000;1000.0000;20-May-2018
142344;Union Liquid Fund - Unclaimed Amounts Plan - IDCW Upto 3 years;;;1022.2905;1022.2905;1022.2905;20-May-2018
142343;Union Liquid Fund - Unclaimed Amounts Plan - Redemption Beyond 3 years;;;1000.0000;1000.0000;1000.0000;20-May-2018
142342;Union Liquid Fund - Unclaimed Amounts Plan - Redemption Upto 3 years;;;1022.2933;1022.2933;1022.2933;20-May-2018
115402;Union Liquid Fund - Weekly IDCW Option;;INF582M01039;1001.4942;1001.4942;1001.4942;20-May-2018

UTI Mutual Fund
134427;UTI Liquid Fund - Direct Plan - Annual IDCW;INF789FA1K63;INF789FA1K71;1262.9868;1262.9868;1262.9868;20-May-2018
120558;UTI Liquid Fund - Direct Plan - Daily IDCW (Reinvestment);;INF789F01XP8;1019.4457;1019.4457;1019.4457;20-May-2018
140913;UTI Liquid Fund - Direct Plan - Fortnightly IDCW;INF789FA1K06;INF789FA1K14;1122.1317;1122.1317;0;20-May-2018
120794;UTI Liquid Fund - Direct Plan - Monthly IDCW;INF789F01XR4;INF789F01XS2;1028.4926;1028.4926;1028.4926;20-May-2018
140024;UTI Liquid Fund - Direct Plan - Quarterly IDCW;INF789FA1K22;INF789FA1K30;1192.7881;1192.7881;0;20-May-2018
120777;UTI Liquid Fund - Direct Plan - Weekly IDCW;;INF789F01XT0;1053.6957;1053.6957;1053.6957;20-May-2018
133973;UTI Liquid Fund - Regular Plan - Annual IDCW;INF789FA1J66;INF789FA1J74;1262.4706;1262.4706;1262.4706;20-May-2018
102010;UTI Liquid Fund - Regular Plan - Daily IDCW (Reinvestment);;INF789F01PG3;1019.4457;1019.4457;1019.4457;20-May-2018
140517;UTI Liquid Fund - Regular Plan - Flexi IDCW;INF789FA1J82;INF789FA1J90;1040.4887;1040.4887;0;20-May-2018
139838;UTI Liquid Fund - Regular Plan - Fortnightly IDCW;INF789FA1J09;INF789FA1J17;1121.6038;1121.6038;0;20-May-2018
102011;UTI Liquid Fund - Regular Plan - Monthly IDCW;INF789F01PI9;INF789F01PJ7;1028.4571;1028.4571;1028.4571;20-May-2018
135721;UTI Liquid Fund - Regular Plan - Quarterly IDCW;INF789FA1J25;INF789FA1J33;1191.9941;1191.9941;0;20-May-2018
102013;UTI Liquid Fund - Regular Plan - Weekly IDCW;;INF789F01PK5;1053.6856;1053.6856;1053.6856;20-May-2018
120304;UTI-  Liquid Cash Plan - Direct Plan - Growth Option;INF789F01XQ6;;2871.7343;2871.7343;2871.7343;20-May-2018
102012;UTI-  Liquid Cash Plan - Regular Plan - Growth Option;INF789F01PH1;;2863.0767;2863.0767;2863.0767;20-May-2018
102008;UTI-  Liquid Cash Plan- Discontinued - Regular Plan - Monthly Dividend Option;INF789F01BC2;INF789F01BA6;1175.0702;1175.0702;0;20-May-2018
102009;UTI-  Liquid Cash Plan- Discontinued - Regular Plan -Growth;INF789F01BB4;;2689.7429;2689.7429;0;20-May-2018
102007;UTI-  Liquid Cash Plan- Discontinued -Regular Plan Periodic Dividend Option;;INF789F01AZ5;1134.912;1134.912;0;20-May-2018

Open Ended Schemes ( Debt Scheme - Money Market Fund )


Aditya Birla Sun Life Mutual Fund
101973;Aditya Birla Sun Life Money Manager Fund - Daily IDCW;;INF209K01SZ6;100.0200;100.0200;100.0200;20-May-2018
119513;Aditya Birla Sun Life Money Manager Fund - Direct - daily IDCW;;INF209K01UT5;100.0200;100.0200;100.0200;20-May-2018
119512;Aditya Birla Sun Life Money Manager Fund - Direct - weekly IDCW;INF209K01UV1;INF209KA1LM3;100.1164;100.1164;100.1164;20-May-2018
101976;Aditya Birla Sun Life Money Manager Fund - Growth;INF209K01RV7;;233.2098;233.2098;233.2098;20-May-2018
119511;Aditya Birla Sun Life Money Manager Fund - Growth - Direct Plan;INF209K01UU3;;234.1726;234.1726;234.1726;20-May-2018
101972;Aditya Birla Sun Life Money Manager Fund - Retail - Daily IDCW;;INF209K01JZ5;100.0150;100.0150;100.0150;20-May-2018
101970;Aditya Birla Sun Life Money Manager Fund - RETAIL - WEEKLY IDCW;;INF209K01JY8;103.7861;103.7861;103.7861;20-May-2018
101971;Aditya Birla Sun Life Money Manager Fund - Retail Growth;INF209K01MJ3;;287.3938;287.3938;287.3938;20-May-2018
101974;Aditya Birla Sun Life Money Manager Fund - WEEKLY IDCW;;INF209K01SY9;100.1157;100.1157;100.1157;20-May-2018

HDFC Mutual Fund
101994;HDFC Money Market Fund - Daily IDCW Option;;INF179KB1IG6;1063.6400;1063.6400;1063.6400;20-May-2018
119093;HDFC Money Market Fund - Daily IDCW Option - Direct Plan;;INF179KB1HZ8;1063.6400;1063.6400;1063.6400;20-May-2018
101993;HDFC Money Market Fund - Growth Option;INF179KB1HR5;;3631.4588;3631.4588;3631.4588;20-May-2018
119092;HDFC Money Market Fund - Growth Option - Direct Plan;INF179KB1HU9;;3657.6351;3657.6351;3657.6351;20-May-2018
101995;HDFC Money Market Fund - Weekly IDCW Option;INF179KB1IH4;INF179KB1II2;1062.8720;1062.8720;1062.8720;20-May-2018
119094;HDFC Money Market Fund - Weekly IDCW Option -Direct Plan;INF179KB1IA9;INF179KB1IB7;1062.8836;1062.8836;1062.8836;20-May-2018

ICICI Prudential Mutual Fund
130946;ICICI Prudential Money Market Fund - Direct Plan Bonus;INF109KA1H85;;130.5367;130.5367;130.5367;20-May-2018
115328;ICICI Prudential Money Market Fund Dividend;INF109K01I72;;100.1098;100.1098;100.1098;20-May-2018
120209;ICICI Prudential Money Market Fund Option - Direct Plan -  Daily IDCW;;INF109K01R22;100.1435;100.1435;100.1435;20-May-2018
120210;ICICI Prudential Money Market Fund Option - Direct Plan -  Fortnightly IDCW;INF109K01R55;;100.6851;100.6851;100.6851;20-May-2018
120211;ICICI Prudential Money Market Fund Option - Direct Plan -  Growth;INF109K01R14;;242.7338;242.7338;242.7338;20-May-2018
120216;ICICI Prudential Money Market Fund Option - Direct Plan -  IDCW Others;INF109K01R30;;123.5731;123.5731;123.5731;20-May-2018
120213;ICICI Prudential Money Market Fund Option - Direct Plan -  Monthly IDCW;INF109K01R63;INF109K01R71;100.8187;100.8187;100.8187;20-May-2018
120212;ICICI Prudential Money Market Fund Option - Direct Plan -  Weekly IDCW;INF109K01R89;;100.5685;100.5685;100.5685;20-May-2018
101221;ICICI Prudential Money Market Fund Retail Growth (erstwhile Cash Option);INF109K01TW3;;267.1074;267.1074;267.1074;20-May-2018
103634;ICICI Prudential Money Market Fund Option - Daily IDCW;INF109K01TY9;;100.1295;100.1295;100.1295;20-May-2018
103633;ICICI Prudential Money Market Fund Option - Growth;INF109K01TX1;;241.7441;241.7441;241.7441;20-May-2018
130013;ICICI Prudential Money Market Fund Option - IDCW Others;INF109K01I64;;123.2617;123.2617;123.2617;20-May-2018
103637;ICICI Prudential Money Market Fund Option - Monthly IDCW;INF109K01UC3;INF109K01UB5;100.6629;100.6629;100.6629;20-May-2018
103635;ICICI Prudential Money Market Fund Option - Weekly IDCW;INF109K01TZ6;;100.1889;100.1889;100.1889;20-May-2018
103636;ICICI Prudential Money Market Fund Option -Fortnightly IDCW;INF109K01UA7;;100.2974;100.2974;100.2974;20-May-2018

Kotak Mahindra Mutual Fund
106842;Kotak Money Market Fund - (Daily Reinvestment of Income Distribution cum capital withdrawal option);INF174K01ND0;;1011.62;1011.62;1011.62;20-May-2018
119745;Kotak Money Market Fund - (Daily Reinvestment of Income Distribution cum capital withdrawal option) - Direct;INF174K01MZ5;;1011.62;1011.62;1011.62;20-May-2018
101893;Kotak Money Market Fund - (Growth);INF174K01NA6;;2870.4329;2870.4329;2870.4329;20-May-2018
119746;Kotak Money Market Fund - (Growth) - Direct;INF174K01MW2;;2878.0748;2878.0748;2878.0748;20-May-2018
101892;Kotak Money market Fund - (Monthly Payout of Income Distribution cum capital withdrawal option);INF174K018O0;INF174K01NB4;1002.3749;1002.3749;1002.3749;20-May-2018
119747;Kotak Money Market Fund - (Monthly Payout of Income Distribution cum capital withdrawal option) - Direct;INF174K019O8;INF174K01MX0;1007.6913;1007.6913;1007.6913;20-May-2018
101894;Kotak Money Market Fund - (Weekly Reinvestment of Income Distribution cum capital withdrawal option);INF174K01NC2;;1013.0051;1013.0051;1013.0051;20-May-2018
119748;Kotak Money Market Fund - (Weekly Reinvestment of Income Distribution cum capital withdrawal option) - Direct;INF174K01MY8;;1022.6814;1022.6814;1022.6814;20-May-2018

Nippon India Mutual Fund
103050;NIPPON INDIA MONEY MARKET FUND - DAILY IDCW Option;;INF204K01UY6;1000.5100;1000.5100;1000.5100;20-May-2018
118718;NIPPON INDIA MONEY MARKET FUND - DIRECT Plan - DAILY IDCW Option;;INF204K01ZN8;1000.5100;1000.5100;1000.5100;20-May-2018
118720;NIPPON INDIA MONEY MARKET FUND - DIRECT Plan - MONTHLY IDCW Option;INF204K01ZQ1;INF204K01ZR9;1006.0148;1006.0148;1006.0148;20-May-2018
118716;NIPPON INDIA MONEY MARKET FUND - DIRECT Plan - QUARTERLY IDCW Option;INF204K01ZS7;INF204K01ZT5;1015.4208;1015.4208;1015.4208;20-May-2018
118717;NIPPON INDIA MONEY MARKET FUND - DIRECT Plan - WEEKLY IDCW Option;;INF204K01ZO6;1000.8798;1000.8798;1000.8798;20-May-2018
118715;Nippon India Money Market Fund - Direct Plan Growth Plan - Bonus Option;INF204K01G11;;1553.2062;1553.2062;1553.2062;20-May-2018
118719;Nippon India Money Market Fund - Direct Plan Growth Plan - Growth Option;INF204K01ZP3;;2641.4073;2641.4073;2641.4073;20-May-2018
103052;NIPPON INDIA MONEY MARKET FUND - MONTHLY IDCW Option;INF204K01VB2;INF204K01VC0;1005.9428;1005.9428;1005.9428;20-May-2018
112341;NIPPON INDIA MONEY MARKET FUND - QUARTERLY IDCW Option;INF204K01VD8;INF204K01VE6;1015.5021;1015.5021;1015.5021;20-May-2018
103051;NIPPON INDIA MONEY MARKET FUND - WEEKLY IDCW Option;;INF204K01UZ3;1000.8986;1000.8986;1000.8986;20-May-2018
103049;Nippon India Money Market Fund-Growth Plan-Bonus Option;INF204K01UX8;;1545.9754;1545.9754;1545.9754;20-May-2018
103048;Nippon India Money Market Fund-Growth Plan-Growth Option;INF204K01VA4;;2628.7149;2628.7149;2628.7149;20-May-2018

Open Ended Schemes ( Debt Scheme - Floater Fund )


Franklin Templeton Mutual Fund
118508;Franklin India Floating Rate Fund - Direct - Growth;INF090I01LK1;;27.3606;27.3606;27.3606;20-May-2018
118507;Franklin India Floating Rate Fund - Direct - IDCW ;INF090I01LL9;;10.0146;10.0146;10.0146;20-May-2018
101048;Franklin India Floating Rate Fund - Growth Plan;INF090I01LM7;;26.2719;26.2719;26.2719;20-May-2018
101044;Franklin India Floating Rate Fund - IDCW ;INF090I01LN5;;10.0127;10.0127;10.0127;20-May-2018

Open Ended Schemes ( Other Scheme - Other  ETFs )


DSP Mutual Fund
142589;DSP NIFTY 1D Rate Liquid ETF;;INF740KA1EU7;1000.0000;1000.0000;1000.0000;20-May-2018

Nippon India Mutual Fund
140086;Nippon India ETF Nifty 1D Rate Liquid BeES - DAILY IDCW Option;INF732E01037;;1000.0000;1000.0000;1000.0000;20-May-2018

Close Ended Schemes ( Income )


SBI Mutual Fund
129972;SBI DEBT FUND SERIES A - 27 (366 DAYS) DIRECT PLAN - GROWTH;INF200KA1EF1;;13.5319;N.A.;N.A.;20-May-2018
129974;SBI DEBT FUND SERIES A - 27 (366 DAYS) REGULAR PLAN - GROWTH;INF200KA1EH7;;13.4704;N.A.;N.A.;20-May-2018
130026;SBI DEBT FUND SERIES A - 28 (367 DAYS) - DIRECT PLAN - GROWTH;INF200KA1EO3;;13.5368;N.A.;N.A.;20-May-2018
130025;SBI DEBT FUND SERIES A - 28 (367 DAYS) - REGULAR PLAN - GROWTH;INF200KA1EM7;;13.4785;N.A.;N.A.;20-May-2018
130238;SBI DEBT FUND SERIES A - 31 (367 DAYS) DIRECT PLAN - GROWTH;INF200KA1EW6;;13.4217;N.A.;N.A.;20-May-2018
130237;SBI DEBT FUND SERIES A - 31 (367 DAYS) REGULAR PLAN - GROWTH;INF200KA1EU0;;13.3675;N.A.;N.A.;20-May-2018
130283;SBI DEBT FUND SERIES A - 32 (367 DAYS) DIRECT PLAN - GROWTH;INF200KA1FA9;;13.4041;N.A.;N.A.;20-May-2018
130284;SBI DEBT FUND SERIES A - 32 (367 DAYS) REGULAR PLAN - DIVIDEND;INF200KA1EZ9;;13.3502;N.A.;N.A.;20-May-2018
130281;SBI DEBT FUND SERIES A - 32 (367 DAYS) REGULAR PLAN - GROWTH;INF200KA1EY2;;13.3500;N.A.;N.A.;20-May-2018
130322;SBI DEBT FUND SERIES A - 34 (367 DAYS) DIRECT PLAN - GROWTH;INF200KA1FE1;;13.3799;N.A.;N.A.;20-May-2018
130323;SBI DEBT FUND SERIES A - 34 (367 DAYS) REGULAR PLAN - GROWTH;INF200KA1FC5;;13.3259;N.A.;N.A.;20-May-2018
130445;SBI DEBT FUND SERIES A - 35 (369 DAYS) DIRECT PLAN - GROWTH;INF200KA1FM4;;13.4924;N.A.;N.A.;20-May-2018
130442;SBI DEBT FUND SERIES A - 35 (369 DAYS) REGULAR PLAN - GROWTH;INF200KA1FK8;;13.3617;N.A.;N.A.;20-May-2018
130599;SBI DEBT FUND SERIES A - 36 (36 Months) DIRECT PLAN - DIVIDEND;INF200K017M4;;13.5772;N.A.;N.A.;20-May-2018
130601;SBI DEBT FUND SERIES A - 36 (36 Months) DIRECT PLAN - GROWTH;INF200K016M6;;13.5764;N.A.;N.A.;20-May-2018
130600;SBI DEBT FUND SERIES A - 36 (36 Months) REGULAR PLAN - DIVIDEND;INF200K015M8;;13.4217;N.A.;N.A.;20-May-2018
130602;SBI DEBT FUND SERIES A - 36 (36 Months) REGULAR PLAN - GROWTH;INF200K014M1;;13.4216;N.A.;N.A.;20-May-2018
134671;SBI DEBT FUND SERIES B - 17 (1100 DAYS) - DIRECT PLAN - DIVIDEND;INF200KA1CZ3;;12.6687;N.A.;N.A.;20-May-2018
134670;SBI DEBT FUND SERIES B - 17 (1100 DAYS) - DIRECT PLAN - GROWTH;INF200KA1CY6;;12.6666;N.A.;N.A.;20-May-2018
134669;SBI DEBT FUND SERIES B - 17 (1100 DAYS) - REGULAR PLAN - DIVIDEND;INF200KA1CX8;;12.5335;N.A.;N.A.;20-May-2018
134672;SBI DEBT FUND SERIES B - 17 (1100 DAYS) - REGULAR PLAN - GROWTH;INF200KA1CW0;;12.5335;N.A.;N.A.;20-May-2018
134688;SBI DEBT FUND SERIES B - 18 (1100 DAYS) - DIRECT PLAN - DIVIDEND;INF200KA1ED6;;12.6244;N.A.;N.A.;20-May-2018
134689;SBI DEBT FUND SERIES B - 18 (1100 DAYS) - DIRECT PLAN - GROWTH;INF200KA1EC8;;12.6210;N.A.;N.A.;20-May-2018
134687;SBI DEBT FUND SERIES B - 18 (1100 DAYS) - REGULAR PLAN - DIVIDEND;INF200KA1EB0;;12.4910;N.A.;N.A.;20-May-2018
134690;SBI DEBT FUND SERIES B - 18 (1100 DAYS) - REGULAR PLAN - GROWTH;INF200KA1EA2;;12.4892;N.A.;N.A.;20-May-2018
134771;SBI DEBT FUND SERIES B - 19 (1100 Days) - DIRECT PLAN - DIVIDEND;INF200KA1EI5;;12.6599;N.A.;N.A.;20-May-2018
134770;SBI DEBT FUND SERIES B - 19 (1100 Days) - DIRECT PLAN - GROWTH;INF200KA1EJ3;;12.6595;N.A.;N.A.;20-May-2018
134769;SBI DEBT FUND SERIES B - 19 (1100 Days) - REGULAR PLAN - DIVIDEND;INF200KA1EK1;;12.5292;N.A.;N.A.;20-May-2018
134768;SBI DEBT FUND SERIES B - 19 (1100 Days) - REGULAR PLAN - GROWTH;INF200KA1EL9;;12.5292;N.A.;N.A.;20-May-2018
134810;SBI DEBT FUND SERIES B - 20 (1100 DAYS) - DIRECT PLAN - DIVIDEND;INF200KA1ET2;;12.6387;N.A.;N.A.;20-May-2018
134809;SBI DEBT FUND SERIES B - 20 (1100 DAYS) - DIRECT PLAN - GROWTH;INF200KA1ES4;;12.6386;N.A.;N.A.;20-May-2018
134811;SBI DEBT FUND SERIES B - 20 (1100 DAYS) - REGULAR PLAN - DIVIDEND;INF200KA1ER6;;12.5092;N.A.;N.A.;20-May-2018
134808;SBI DEBT FUND SERIES B - 20 (1100 DAYS) - REGULAR PLAN - GROWTH;INF200KA1EQ8;;12.5091;N.A.;N.A.;20-May-2018
135065;SBI DEBT FUND SERIES B - 22 (1100 DAYS) - DIRECT PLAN - DIVIDEND;INF200KA1FR3;;12.5322;N.A.;N.A.;20-May-2018
135063;SBI DEBT FUND SERIES B - 22 (1100 DAYS) - DIRECT PLAN - GROWTH;INF200KA1FQ5;;12.5321;N.A.;N.A.;20-May-2018
135062;SBI DEBT FUND SERIES B - 22 (1100 DAYS) - REGULAR PLAN - DIVIDEND;INF200KA1FP7;;12.4072;N.A.;N.A.;20-May-2018
135064;SBI DEBT FUND SERIES B - 22 (1100 DAYS) - REGULAR PLAN - GROWTH;INF200KA1FO0;;12.4072;N.A.;N.A.;20-May-2018
135104;SBI DEBT FUND SERIES B - 23 (1100 DAYS) - DIRECT PLAN - GROWTH;INF200KA1FV5;;12.4916;N.A.;N.A.;20-May-2018
135103;SBI DEBT FUND SERIES B - 23 (1100 DAYS) - DIRECT PLAN -DIVIDEND;INF200KA1FW3;;12.4915;N.A.;N.A.;20-May-2018
135102;SBI DEBT FUND SERIES B - 23 (1100 DAYS) - REGULAR PLAN - DIVIDEND;INF200KA1FU7;;12.3715;N.A.;N.A.;20-May-2018
135105;SBI DEBT FUND SERIES B - 23 (1100 DAYS) - REGULAR PLAN - GROWTH;INF200KA1FT9;;12.3715;N.A.;N.A.;20-May-2018
135326;SBI DEBT FUND SERIES B - 25 (1100 DAYS) - DIRECT PLAN - DIVIDEND;INF200KA1GI0;;12.4169;N.A.;N.A.;20-May-2018
135324;SBI DEBT FUND SERIES B - 25 (1100 DAYS) - DIRECT PLAN - GROWTH;INF200KA1GH2;;12.4165;N.A.;N.A.;20-May-2018
135327;SBI DEBT FUND SERIES B - 25 (1100 DAYS) - REGULAR PLAN - DIVIDEND;INF200KA1GG4;;12.2976;N.A.;N.A.;20-May-2018
135325;SBI DEBT FUND SERIES B - 25 (1100 DAYS) - REGULAR PLAN - GROWTH;INF200KA1GF6;;12.2977;N.A.;N.A.;20-May-2018
135565;SBI DEBT FUND SERIES B - 26 (1100 DAYS) - DIRECT PLAN - DIVIDEND;INF200KA1GU5;;12.1679;N.A.;N.A.;20-May-2018
135564;SBI DEBT FUND SERIES B - 26 (1100 DAYS) - DIRECT PLAN - GROWTH;INF200KA1GT7;;12.1680;N.A.;N.A.;20-May-2018
135563;SBI DEBT FUND SERIES B - 26 (1100 DAYS) - REGULAR PLAN - DIVIDEND;INF200KA1GS9;;12.0574;N.A.;N.A.;20-May-2018
135566;SBI DEBT FUND SERIES B - 26 (1100 DAYS) - REGULAR PLAN - GROWTH;INF200KA1GR1;;12.0574;N.A.;N.A.;20-May-2018
135708;SBI DEBT FUND SERIES B - 27 (1100 DAYS) - DIRECT PLAN - DIVIDEND;INF200KA1GY7;;12.0846;N.A.;N.A.;20-May-2018
135710;SBI DEBT FUND SERIES B - 27 (1100 DAYS) - DIRECT PLAN - GROWTH;INF200KA1GX9;;12.0844;N.A.;N.A.;20-May-2018
135707;SBI DEBT FUND SERIES B - 27 (1100 DAYS) - REGULAR PLAN - DIVIDEND;INF200KA1GW1;;11.9777;N.A.;N.A.;20-May-2018
135709;SBI DEBT FUND SERIES B - 27 (1100 DAYS) - REGULAR PLAN - GROWTH;INF200KA1GV3;;11.9778;N.A.;N.A.;20-May-2018
135788;SBI DEBT FUND SERIES B - 28 (1100 DAYS) - DIRECT PLAN - DIVIDEND;INF200KA1HG2;;12.0582;N.A.;N.A.;20-May-2018
135786;SBI DEBT FUND SERIES B - 28 (1100 DAYS) - DIRECT PLAN - GROWTH;INF200KA1HF4;;12.0585;N.A.;N.A.;20-May-2018
135785;SBI DEBT FUND SERIES B - 28 (1100 DAYS) - REGULAR PLAN - DIVIDEND;INF200KA1HE7;;11.9526;N.A.;N.A.;20-May-2018
135787;SBI DEBT FUND SERIES B - 28 (1100 DAYS) - REGULAR PLAN - GROWTH;INF200KA1HD9;;11.9532;N.A.;N.A.;20-May-2018
135904;SBI DEBT FUND SERIES B - 29 (1200 DAYS) - DIRECT PLAN - DIVIDEND;INF200KA1HK4;;12.0405;N.A.;N.A.;20-May-2018
135905;SBI DEBT FUND SERIES B - 29 (1200 DAYS) - DIRECT PLAN - GROWTH;INF200KA1HJ6;;12.0409;N.A.;N.A.;20-May-2018
135903;SBI DEBT FUND SERIES B - 29 (1200 DAYS) - REGULAR PLAN - DIVIDEND;INF200KA1HI8;;11.9385;N.A.;N.A.;20-May-2018
135902;SBI DEBT FUND SERIES B - 29 (1200 DAYS) - REGULAR PLAN - GROWTH;INF200KA1HH0;;11.9385;N.A.;N.A.;20-May-2018
136143;SBI DEBT FUND SERIES B - 31 (1200 DAYS) - DIRECT PLAN - DIVIDEND;INF200KA1HW9;;11.9162;N.A.;N.A.;20-May-2018
136142;SBI DEBT FUND SERIES B - 31 (1200 DAYS) - DIRECT PLAN - GROWTH;INF200KA1HV1;;11.9164;N.A.;N.A.;20-May-2018
136144;SBI DEBT FUND SERIES B - 31 (1200 DAYS) - REGULAR PLAN - DIVIDEND;INF200KA1HU3;;11.8201;N.A.;N.A.;20-May-2018
136141;SBI DEBT FUND SERIES B - 31 (1200 DAYS) - REGULAR PLAN - GROWTH;INF200KA1HT5;;11.8203;N.A.;N.A.;20-May-2018
136431;SBI DEBT FUND SERIES B - 33 (1131 DAYS) - DIRECT PLAN - DIVIDEND PAYOUT;INF200KA1II6;;11.8461;N.A.;N.A.;20-May-2018
136432;SBI DEBT FUND SERIES B - 33 (1131 DAYS) - DIRECT PLAN - GROWTH;INF200KA1IH8;;11.8493;N.A.;N.A.;20-May-2018
136434;SBI DEBT FUND SERIES B - 33 (1131 DAYS) - REGULAR PLAN - DIVIDEND PAYOUT;INF200KA1IG0;;11.7561;N.A.;N.A.;20-May-2018
136433;SBI DEBT FUND SERIES B - 33 (1131 DAYS) - REGULAR PLAN - GROWTH;INF200KA1IF2;;11.7561;N.A.;N.A.;20-May-2018
136477;SBI DEBT FUND SERIES B - 34 (1131 DAYS) - DIRECT PLAN - DIVIDEND PAYOUT;INF200KA1IM8;;11.8142;N.A.;N.A.;20-May-2018
136476;SBI DEBT FUND SERIES B - 34 (1131 DAYS) - DIRECT PLAN - GROWTH;INF200KA1IL0;;11.8157;N.A.;N.A.;20-May-2018
136475;SBI DEBT FUND SERIES B - 34 (1131 DAYS) - REGULAR PLAN - DIVIDEND PAYOUT;INF200KA1IK2;;11.7239;N.A.;N.A.;20-May-2018
136474;SBI DEBT FUND SERIES B - 34 (1131 DAYS) - REGULAR PLAN - GROWTH;INF200KA1IJ4;;11.7238;N.A.;N.A.;20-May-2018
136547;SBI DEBT FUND SERIES B - 35 (1131 DAYS) - DIRECT PLAN - DIVIDEND PAYOUT;INF200KA1IQ9;;11.7945;N.A.;N.A.;20-May-2018
136548;SBI DEBT FUND SERIES B - 35 (1131 DAYS) - DIRECT PLAN - GROWTH;INF200KA1IP1;;11.7970;N.A.;N.A.;20-May-2018
136546;SBI DEBT FUND SERIES B - 35 (1131 DAYS) - REGULAR PLAN - DIVIDEND PAYOUT;INF200KA1IO4;;11.7062;N.A.;N.A.;20-May-2018
136545;SBI DEBT FUND SERIES B - 35 (1131 DAYS) - REGULAR PLAN - GROWTH;INF200KA1IN6;;11.7060;N.A.;N.A.;20-May-2018
139226;SBI DEBT FUND SERIES B - 36 (1131 DAYS) - DIRECT PLAN - DIVIDEND PAYOUT;INF200KA1IY3;;11.7280;N.A.;N.A.;20-May-2018
139227;SBI DEBT FUND SERIES B - 36 (1131 DAYS) - DIRECT PLAN - GROWTH;INF200KA1IX5;;11.7285;N.A.;N.A.;20-May-2018
139225;SBI DEBT FUND SERIES B - 36 (1131 DAYS) - REGULAR PLAN - DIVIDEND PAYOUT;INF200KA1IW7;;11.6394;N.A.;N.A.;20-May-2018
139228;SBI DEBT FUND SERIES B- 36 (1131 DAYS) - REGULAR PLAN - GROWTH;INF200KA1IV9;;11.6394;N.A.;N.A.;20-May-2018
139403;SBI DEBT FUND SERIES B - 41(1100 DAYS)- DIRECT PLAN - DIVIDEND PAYOUT;INF200KA1JS3;;11.5450;N.A.;N.A.;20-May-2018
139406;SBI DEBT FUND SERIES B - 41(1100 DAYS)- DIRECT PLAN - GROWTH;INF200KA1JR5;;11.5448;N.A.;N.A.;20-May-2018
139405;SBI DEBT FUND SERIES B - 41(1100 DAYS)- REGULAR PALN - GROWTH;INF200KA1JP9;;11.4645;N.A.;N.A.;20-May-2018
139404;SBI DEBT FUND SERIES B - 41(1100 DAYS)- REGULAR PLAN - DIVIDEND PAYOUT;INF200KA1JQ7;;11.4645;N.A.;N.A.;20-May-2018
139565;SBI DEBT FUNDS SERIES B - 42 (1100 DAYS) - DIRECT PLAN - DIVIDEND PAYOUT;INF200KA1KB7;;11.3846;N.A.;N.A.;20-May-2018
139567;SBI DEBT FUNDS SERIES B - 42 (1100 DAYS) - DIRECT PLAN - GROWTH;INF200KA1KA9;;11.3846;N.A.;N.A.;20-May-2018
139564;SBI DEBT FUNDS SERIES B - 42 (1100 DAYS) - REGULAR PLAN - DIVIDEND PAYOUT;INF200KA1JZ8;;11.3095;N.A.;N.A.;20-May-2018
139566;SBI DEBT FUNDS SERIES B - 42 (1100 DAYS) - REGULAR PLAN - GROWTH;INF200KA1JY1;;11.3095;N.A.;N.A.;20-May-2018
139790;SBI DEBT FUND SERIES B - 43(1100 DAYS)- DIRECT PLAN - DIVIDEND PAYOUT;INF200KA1KR3;;11.2105;N.A.;N.A.;20-May-2018
139791;SBI DEBT FUND SERIES B - 43(1100 DAYS)- DIRECT PLAN - GROWTH;INF200KA1KQ5;;11.2105;N.A.;N.A.;20-May-2018
139789;SBI DEBT FUND SERIES B - 43(1100 DAYS)- REGULAR PLAN - GROWTH;INF200KA1KO0;;11.1413;N.A.;N.A.;20-May-2018
139788;SBI DEBT FUND SERIES B - 43(1100 DAYS)-REGULAR PLAN - DIVIDEND PAYOUT;INF200KA1KP7;;11.1413;N.A.;N.A.;20-May-2018
140012;SBI Debt Fund Series B - 44 (1100 Days) - Direct Plan - Dividend;INF200KA1LD1;;11.0350;N.A.;N.A.;20-May-2018
140011;SBI Debt Fund Series B - 44 (1100 Days) - Direct plan - Growth;INF200KA1LC3;;11.0350;N.A.;N.A.;20-May-2018
140014;SBI Debt Fund Series B - 44 (1100 Days) - Regular Plan - Dividend;INF200KA1LB5;;10.9718;N.A.;N.A.;20-May-2018
140013;SBI Debt Fund Series B - 44 (1100 Days) - Regular Plan - Growth;INF200KA1LA7;;10.9718;N.A.;N.A.;20-May-2018
140736;SBI DEBT FUND SERIES B - 46 (1155 DAYS) - DIRECT PLAN - DIVIDEND PAYOUT;INF200KA1MB3;;10.7158;N.A.;N.A.;20-May-2018
140735;SBI DEBT FUND SERIES B - 46 (1155 DAYS) - DIRECT PLAN - GROWTH;INF200KA1MA5;;10.7155;N.A.;N.A.;20-May-2018
140734;SBI DEBT FUND SERIES B - 46 (1155 DAYS) - REGULAR PLAN - DIVIDEND PAYOUT;INF200KA1LZ4;;10.6793;N.A.;N.A.;20-May-2018
140733;SBI DEBT FUND SERIES B - 46 (1155 DAYS) - REGULAR PLAN - GROWTH;INF200KA1LY7;;10.6797;N.A.;N.A.;20-May-2018
140764;SBI DEBT FUND SERIES B - 49 (1170 DAYS) - DIRECT PLAN - DIVIDEND PAYOUT;INF200KA1MV1;;10.7008;N.A.;N.A.;20-May-2018
140761;SBI DEBT FUND SERIES B - 49 (1170 DAYS) - DIRECT PLAN - GROWTH;INF200KA1MU3;;10.7008;N.A.;N.A.;20-May-2018
140762;SBI DEBT FUND SERIES B - 49 (1170 DAYS) - REGULAR PLAN - DIVIDEND PAYOUT;INF200KA1MT5;;10.6663;N.A.;N.A.;20-May-2018
140763;SBI DEBT FUND SERIES B - 49 (1170 DAYS) - REGULAR PLAN - GROWTH;INF200KA1MS7;;10.6660;N.A.;N.A.;20-May-2018
141525;SBI DEBT FUND SERIES C - 1 (1100 DAYS) - DIRECT PLAN - DIVIDEND PAYOUT;INF200KA1PX0;;10.4461;N.A.;N.A.;20-May-2018
141524;SBI DEBT FUND SERIES C - 1 (1100 DAYS) - DIRECT PLAN - GROWTH;INF200KA1PW2;;10.4462;N.A.;N.A.;20-May-2018
141523;SBI DEBT FUND SERIES C - 1 (1100 DAYS) - REGULAR PLAN - DIVIDEND PAYOUT;INF200KA1PV4;;10.4104;N.A.;N.A.;20-May-2018
141522;SBI DEBT FUND SERIES C - 1 (1100 DAYS) - REGULAR PLAN - GROWTH;INF200KA1PU6;;10.4099;N.A.;N.A.;20-May-2018
142551;SBI Debt Fund Series - C - 10 (1150 Days) - Direct Plan - Income Distribution cum Capital Withdrawal Option (IDCW);INF200KA1SR6;;10.0230;N.A.;N.A.;20-May-2018
142552;SBI Debt Fund Series - C - 10 (1150 Days) - Regular Plan - Income Distribution cum Capital Withdrawal Option (IDCW);INF200KA1SP0;;10.0144;N.A.;N.A.;20-May-2018
142550;SBI DEBT FUND SERIES C - 10 (1150 DAYS) - DIRECT PLAN - GROWTH;INF200KA1SQ8;;10.0230;N.A.;N.A.;20-May-2018
142553;SBI DEBT FUND SERIES C - 10 (1150 DAYS) - REGULAR PLAN - GROWTH;INF200KA1SO3;;10.0144;N.A.;N.A.;20-May-2018
142866;SBI DEBT FUND SERIES C - 11 (91 DAYS) - DIRECT PLAN - DIVIDEND PAYOUT;INF200KA1SZ9;;10.1399;N.A.;N.A.;20-May-2018
142868;SBI DEBT FUND SERIES C - 11 (91 DAYS) - DIRECT PLAN - GROWTH;INF200KA1SY2;;10.1399;N.A.;N.A.;20-May-2018
142867;SBI DEBT FUND SERIES C - 11 (91 DAYS) - REGULAR PLAN - DIVIDEND PAYOUT;INF200KA1SX4;;10.1377;N.A.;N.A.;20-May-2018
142865;SBI DEBT FUND SERIES C - 11 (91 DAYS) - REGULAR PLAN - GROWTH;INF200KA1SW6;;10.1377;N.A.;N.A.;20-May-2018
142872;SBI Debt Fund Series - C - 12 (1122 Days) - Direct Plan - Income Distribution cum Capital Withdrawal Option (IDCW);INF200KA1TD4;;9.9665;N.A.;N.A.;20-May-2018
142870;SBI Debt Fund Series - C - 12 (1122 Days) - Regular Plan - Income Distribution cum Capital Withdrawal Option (IDCW);INF200KA1TB8;;9.9599;N.A.;N.A.;20-May-2018
142871;SBI DEBT FUND SERIES C - 12 (1122 DAYS) - DIRECT PLAN - GROWTH;INF200KA1TC6;;9.9665;N.A.;N.A.;20-May-2018
142869;SBI DEBT FUND SERIES C - 12 (1122 DAYS) - REGULAR PLAN - GROWTH;INF200KA1TA0;;9.9599;N.A.;N.A.;20-May-2018
142955;SBI DEBT FUND SERIES C - 13 (91 DAYS) - DIRECT PLAN - DIVIDEND PAYOUT;INF200KA1TH5;;10.1201;N.A.;N.A.;20-May-2018
142953;SBI DEBT FUND SERIES C - 13 (91 DAYS) - DIRECT PLAN - GROWTH;INF200KA1TG7;;10.1198;N.A.;N.A.;20-May-2018
142956;SBI DEBT FUND SERIES C - 13 (91 DAYS) - REGULAR PLAN - DIVIDEND PAYOUT;INF200KA1TF9;;10.1179;N.A.;N.A.;20-May-2018
142954;SBI DEBT FUND SERIES C - 13 (91 DAYS) - REGULAR PLAN - GROWTH;INF200KA1TE2;;10.1179;N.A.;N.A.;20-May-2018
142960;SBI Debt Fund Series - C - 14 (1122 Days) - Direct Plan - Income Distribution cum Capital Withdrawal Option (IDCW);INF200KA1TL7;;9.9588;N.A.;N.A.;20-May-2018
142957;SBI Debt Fund Series - C - 14 (1122 Days) - Regular Plan - Income Distribution cum Capital Withdrawal Option (IDCW);INF200KA1TJ1;;9.9540;N.A.;N.A.;20-May-2018
142959;SBI DEBT FUND SERIES C - 14 (1122 DAYS) - DIRECT PLAN - GROWTH;INF200KA1TK9;;9.9588;N.A.;N.A.;20-May-2018
142958;SBI DEBT FUND SERIES C - 14 (1122 DAYS) - REGULAR PLAN - GROWTH;INF200KA1TI3;;9.9529;N.A.;N.A.;20-May-2018
141746;SBI DEBT FUND SERIES C - 2 (1100 DAYS) - DIRECT PLAN - DIVIDEND PAYOUT;INF200KA1RH9;;10.2472;N.A.;N.A.;20-May-2018
141745;SBI DEBT FUND SERIES C - 2 (1100 DAYS) - DIRECT PLAN - GROWTH;INF200KA1RG1;;10.2472;N.A.;N.A.;20-May-2018
141744;SBI DEBT FUND SERIES C - 2 (1100 DAYS) - REGULAR PLAN - DIVIDEND PAYOUT;INF200KA1RF3;;10.2178;N.A.;N.A.;20-May-2018
141747;SBI DEBT FUND SERIES C - 2 (1100 DAYS) - REGULAR PLAN - GROWTH;INF200KA1RE6;;10.2178;N.A.;N.A.;20-May-2018
142178;SBI Debt Fund Series - C - 7 (1190 Days) - Direct Plan - Income Distribution cum Capital Withdrawal Option (IDCW);INF200KA1SB0;;10.0731;N.A.;N.A.;20-May-2018
142180;SBI Debt Fund Series - C - 7 (1190 Days) - Regular Plan - Income Distribution cum Capital Withdrawal Option (IDCW);INF200KA1RZ1;;10.0597;N.A.;N.A.;20-May-2018
142177;SBI DEBT FUND SERIES C - 7 (1190 DAYS) - DIRECT PLAN - GROWTH;INF200KA1SA2;;10.0731;N.A.;N.A.;20-May-2018
142179;SBI DEBT FUND SERIES C - 7 (1190 DAYS) - REGULAR PLAN - GROWTH;INF200KA1RY4;;10.0597;N.A.;N.A.;20-May-2018
142333;SBI Debt Fund Series - C - 8 (1175 Days) - Direct Plan - Income Distribution cum Capital Withdrawal Option (IDCW);INF200KA1SJ3;;10.0569;N.A.;N.A.;20-May-2018
142331;SBI Debt Fund Series - C - 8 (1175 Days) - Regular Plan - Income Distribution cum Capital Withdrawal Option (IDCW);INF200KA1SH7;;10.0455;N.A.;N.A.;20-May-2018
142330;SBI DEBT FUND SERIES C - 8 (1175 DAYS) - REGULAR PLAN - GROWTH;INF200KA1SG9;;10.0455;N.A.;N.A.;20-May-2018
142332;SBI DEBT FUND SERIES C -8 (1175 DAYS) - DIRECT PLAN - GROWTH;INF200KA1SI5;;10.0569;N.A.;N.A.;20-May-2018
142487;SBI Debt Fund Series - C - 9 (1150 Days) - Direct Plan - Income Distribution cum Capital Withdrawal Option (IDCW);INF200KA1SN5;;10.0303;N.A.;N.A.;20-May-2018
142486;SBI Debt Fund Series - C - 9 (1150 Days) - Regular Plan - Income Distribution cum Capital Withdrawal Option (IDCW);INF200KA1SL9;;10.0212;N.A.;N.A.;20-May-2018
142485;SBI DEBT FUND SERIES C - 9 (1150 DAYS) - DIRECT PLAN - GROWTH;INF200KA1SM7;;10.0303;N.A.;N.A.;20-May-2018
142488;SBI DEBT FUND SERIES C - 9 (1150 DAYS) - REGULAR PLAN - GROWTH;INF200KA1SK1;;10.0212;N.A.;N.A.;20-May-2018
130023;SBI Dual Advantage Fund - Series III - Direct Plan - Dividend;INF200K015J4;;12.9077;N.A.;N.A.;20-May-2018
130024;SBI Dual Advantage Fund - Series III - Direct Plan - Growth;INF200K014J7;;13.1747;N.A.;N.A.;20-May-2018
130022;SBI Dual Advantage Fund - Series III - Regular Plan - Dividend;INF200K013J9;;12.8355;N.A.;N.A.;20-May-2018
130021;SBI Dual Advantage Fund - Series III - Regular Plan - Growth;INF200K012J1;;12.8342;N.A.;N.A.;20-May-2018
134613;SBI DUAL ADVANTAGE FUND - SERIES IX - DIRECT PLAN - DIVIDEND;INF200KA1CB4;;12.4855;N.A.;N.A.;20-May-2018
134614;SBI DUAL ADVANTAGE FUND - SERIES IX - DIRECT PLAN - GROWTH;INF200KA1CA6;;12.4855;N.A.;N.A.;20-May-2018
134612;SBI DUAL ADVANTAGE FUND - SERIES IX - REGULAR PLAN - DIVIDEND;INF200KA1BZ5;;12.0711;N.A.;N.A.;20-May-2018
134611;SBI DUAL ADVANTAGE FUND - SERIES IX - REGULAR PLAN - GROWTH;INF200KA1BY8;;12.0711;N.A.;N.A.;20-May-2018
135155;SBI DUAL ADVANTAGE FUND - SERIES X - DIRECT PLAN - DIVIDEND;INF200KA1GE9;;12.3981;N.A.;N.A.;20-May-2018
135154;SBI DUAL ADVANTAGE FUND - SERIES X - DIRECT PLAN - GROWTH;INF200KA1GD1;;12.3981;N.A.;N.A.;20-May-2018
135156;SBI DUAL ADVANTAGE FUND - SERIES X - REGULAR PLAN - DIVIDEND;INF200KA1GC3;;11.9705;N.A.;N.A.;20-May-2018
135153;SBI DUAL ADVANTAGE FUND - SERIES X - REGULAR PLAN - GROWTH;INF200KA1GB5;;11.9706;N.A.;N.A.;20-May-2018
135377;SBI DUAL ADVANTAGE FUND - SERIES XI - DIRECT PLAN - DIVIDEND;INF200KA1GM2;;12.2934;N.A.;N.A.;20-May-2018
135376;SBI DUAL ADVANTAGE FUND - SERIES XI - DIRECT PLAN - GROWTH;INF200KA1GL4;;12.2934;N.A.;N.A.;20-May-2018
135379;SBI DUAL ADVANTAGE FUND - SERIES XI - REGULAR PLAN - DIVIDEND;INF200KA1GK6;;11.9260;N.A.;N.A.;20-May-2018
135378;SBI DUAL ADVANTAGE FUND - SERIES XI - REGULAR PLAN - GROWTH;INF200KA1GJ8;;11.9259;N.A.;N.A.;20-May-2018
135777;SBI DUAL ADVANATGE FUND - SERIES XII - REGULAR PLAN - DIVIDEND;INF200KA1HA5;;11.9189;N.A.;N.A.;20-May-2018
135780;SBI DUAL ADVANTAGE FUND - SERIES XII - DIRECT PLAN - DIVIDEND;INF200KA1HC1;;12.2006;N.A.;N.A.;20-May-2018
135778;SBI DUAL ADVANTAGE FUND - SERIES XII - DIRECT PLAN - GROWTH;INF200KA1HB3;;12.2006;N.A.;N.A.;20-May-2018
135779;SBI DUAL ADVANTAGE FUND - SERIES XII - REGULAR PLAN - GROWTH;INF200KA1GZ4;;11.9194;N.A.;N.A.;20-May-2018
136044;SBI DUAL ADVANTAGE FUND - SERIES XIII - DIRECT PLAN - DIVIDEND;INF200KA1HS7;;12.1916;N.A.;N.A.;20-May-2018
136043;SBI DUAL ADVANTAGE FUND - SERIES XIII - DIRECT PLAN - GROWTH;INF200KA1HR9;;12.1916;N.A.;N.A.;20-May-2018
136045;SBI DUAL ADVANTAGE FUND - SERIES XIII - REGULAR PLAN - DIVIDEND;INF200KA1HQ1;;11.9249;N.A.;N.A.;20-May-2018
136042;SBI DUAL ADVANTAGE FUND - SERIES XIII - REGULAR PLAN - GROWTH;INF200KA1HP3;;11.9247;N.A.;N.A.;20-May-2018
140596;SBI DUAL ADVANTAGE FUND - SERIES XIX - DIRECT PLAN - DIVIDEND PAYOUT;INF200KA1LX9;;10.8133;N.A.;N.A.;20-May-2018
140597;SBI DUAL ADVANTAGE FUND - SERIES XIX - DIRECT PLAN - GROWTH;INF200KA1LW1;;10.8132;N.A.;N.A.;20-May-2018
140598;SBI DUAL ADVANTAGE FUND - SERIES XIX - REGULAR PLAN - DIVIDEND PAYOUT;INF200KA1LV3;;10.7157;N.A.;N.A.;20-May-2018
140595;SBI DUAL ADVANTAGE FUND - SERIES XIX - REGULAR PLAN - GROWTH;INF200KA1LU5;;10.7153;N.A.;N.A.;20-May-2018
139123;SBI Dual Advantage Fund - Series XV- Direct Plan - Growth;INF200KA1IT3;;11.7213;N.A.;N.A.;20-May-2018
139120;SBI Dual Advantage Fund - Series XV- Direct Plan -Dividend Payout;INF200KA1IU1;;11.7213;N.A.;N.A.;20-May-2018
139122;SBI Dual Advantage Fund - Series XV- Regular Plan - Dividend Payout;INF200KA1IS5;;11.4747;N.A.;N.A.;20-May-2018
139121;SBI Dual Advantage Fund - Series XV- Regular Plan - Growth;INF200KA1IR7;;11.4739;N.A.;N.A.;20-May-2018
139531;SBI Dual Advantage Fund - Series XVI - Direct Plan - Dividend Payout;INF200KA1JX3;;11.2830;N.A.;N.A.;20-May-2018
139526;SBI Dual Advantage Fund - Series XVI - Direct Plan - Growth;INF200KA1JW5;;11.2850;N.A.;N.A.;20-May-2018
139532;SBI Dual Advantage Fund - Series XVI - Regular Plan - Dividend Payout;INF200KA1JV7;;11.1286;N.A.;N.A.;20-May-2018
139533;SBI Dual Advantage Fund - Series XVI - Regular Plan - Growth;INF200KA1JU9;;11.1275;N.A.;N.A.;20-May-2018
139793;SBI Dual Advantage Fund  XVII - Direct Plan - Dividend Payout;INF200KA1KN2;;11.1914;N.A.;N.A.;20-May-2018
139792;SBI Dual Advantage Fund  XVII - Regular Plan - Growth;INF200KA1KK8;;11.0541;N.A.;N.A.;20-May-2018
139794;SBI Dual Advantage Fund - Series XVII - Direct Plan - growth;INF200KA1KM4;;11.1911;N.A.;N.A.;20-May-2018
139795;SBI Dual Advantage Fund - Series XVII - Regular Plan - Dividend Payout;INF200KA1KL6;;11.0561;N.A.;N.A.;20-May-2018
140393;SBI Dual Advantage Fund - Series XVIII - Direct Plan - Dividend Payout;INF200KA1LL4;;11.0332;N.A.;N.A.;20-May-2018
140396;SBI Dual Advantage Fund - Series XVIII - Direct Plan - Growth;INF200KA1LK6;;11.1233;N.A.;N.A.;20-May-2018
140395;SBI Dual Advantage Fund - Series XVIII - Regular Plan - Dividend Payout;INF200KA1LJ8;;10.9215;N.A.;N.A.;20-May-2018
140394;SBI Dual Advantage Fund - Series XVIII - Regular Plan - Growth;INF200KA1LI0;;10.9244;N.A.;N.A.;20-May-2018
141350;SBI DUAL ADVANTAGE FUND - SERIES XXII - DIRECT PLAN - DIVIDEND PAYOUT;INF200KA1OR5;;10.5494;N.A.;N.A.;20-May-2018
141348;SBI DUAL ADVANTAGE FUND - SERIES XXII - DIRECT PLAN - GROWTH;INF200KA1OQ7;;10.5494;N.A.;N.A.;20-May-2018
141347;SBI DUAL ADVANTAGE FUND - SERIES XXII - REGULAR PLAN - DIVIDEND PAYOUT;INF200KA1OP9;;10.4663;N.A.;N.A.;20-May-2018
141349;SBI DUAL ADVANTAGE FUND - SERIES XXII - REGULAR PLAN - GROWTH;INF200KA1OO2;;10.4708;N.A.;N.A.;20-May-2018
141633;SBI DUAL ADVANTAGE FUND - SERIES XXIII - DIRECT PLAN - DIVIDEND PAYOUT;INF200KA1QZ3;;10.2825;N.A.;N.A.;20-May-2018
141634;SBI DUAL ADVANTAGE FUND - SERIES XXIII - DIRECT PLAN - GROWTH;INF200KA1QY6;;10.2838;N.A.;N.A.;20-May-2018
141632;SBI DUAL ADVANTAGE FUND - SERIES XXIII - REGULAR PLAN - DIVIDEND PAYOUT;INF200KA1QX8;;10.2239;N.A.;N.A.;20-May-2018
141631;SBI DUAL ADVANTAGE FUND - SERIES XXIII - REGULAR PLAN - GROWTH;INF200KA1QW0;;10.2229;N.A.;N.A.;20-May-2018
141834;SBI DUAL ADVANTAGE FUND - SERIES XXIV - DIRECT PLAN - DIVIDEND PAYOUT;INF200KA1RL1;;10.1207;N.A.;N.A.;20-May-2018
141832;SBI DUAL ADVANTAGE FUND - SERIES XXIV - DIRECT PLAN - GROWTH;INF200KA1RK3;;10.1206;N.A.;N.A.;20-May-2018
141831;SBI DUAL ADVANTAGE FUND - SERIES XXIV - REGULAR PLAN - DIVIDEND PAYOUT;INF200KA1RJ5;;10.0745;N.A.;N.A.;20-May-2018
141833;SBI DUAL ADVANTAGE FUND - SERIES XXIV - REGULAR PLAN - GROWTH;INF200KA1RI7;;10.0716;N.A.;N.A.;20-May-2018
141960;SBI DUAL ADVANTAGE FUND - SERIES XXV - DIRECT PLAN - GROWTH;INF200KA1RS6;;9.9605;N.A.;N.A.;20-May-2018
141962;SBI Dual Advantage Fund - Series XXV - Direct Plan - Income Distribution cum Capital Withdrawal Option (IDCW);INF200KA1RT4;;9.9606;N.A.;N.A.;20-May-2018
141959;SBI DUAL ADVANTAGE FUND - SERIES XXV - REGULAR PLAN - GROWTH;INF200KA1RQ0;;9.9266;N.A.;N.A.;20-May-2018
141961;SBI Dual Advantage Fund - Series XXV - Regular Plan - Income Distribution cum Capital Withdrawal Option (IDCW);INF200KA1RR8;;9.9261;N.A.;N.A.;20-May-2018
142259;SBI DUAL ADVANTAGE FUND - SERIES XXVI - DIRECT PLAN - GROWTH;INF200KA1SE4;;10.0066;N.A.;N.A.;20-May-2018
142256;SBI Dual Advantage Fund - Series XXVI - Direct Plan - Income Distribution cum Capital Withdrawal Option (IDCW);INF200KA1SF1;;10.0068;N.A.;N.A.;20-May-2018
142257;SBI DUAL ADVANTAGE FUND - SERIES XXVI - REGULAR PLAN - GROWTH;INF200KA1SC8;;9.9843;N.A.;N.A.;20-May-2018
142258;SBI Dual Advantage Fund - Series XXVI - Regular Plan - Income Distribution cum Capital Withdrawal Option (IDCW);INF200KA1SD6;;9.9845;N.A.;N.A.;20-May-2018
142751;SBI DUAL ADVANTAGE FUND - SERIES XXVII - DIRECT PLAN - GROWTH;INF200KA1SU0;;9.9629;N.A.;N.A.;20-May-2018
142752;SBI Dual Advantage Fund - Series XXVII - Direct Plan - Income Distribution cum Capital Withdrawal Option (IDCW);INF200KA1SV8;;9.9629;N.A.;N.A.;20-May-2018
142749;SBI DUAL ADVANTAGE FUND - SERIES XXVII - REGULAR PLAN - GROWTH;INF200KA1SS4;;9.9503;N.A.;N.A.;20-May-2018
142750;SBI Dual Advantage Fund - Series XXVII - Regular Plan - Income Distribution cum Capital Withdrawal Option (IDCW);INF200KA1ST2;;9.9506;N.A.;N.A.;20-May-2018
136358;SBI DUAL ADVANTAGE FUND SERIES XIV- DIRECT PLAN - DIVIDEND PAYOUT;INF200KA1IA3;;12.0060;N.A.;N.A.;20-May-2018
136359;SBI DUAL ADVANTAGE FUND SERIES XIV- DIRECT PLAN - GROWTH;INF200KA1HZ2;;12.0060;N.A.;N.A.;20-May-2018
136361;SBI DUAL ADVANTAGE FUND SERIES XIV- REGULAR PLAN - DIVIDEND PAYOUT;INF200KA1HY5;;11.7443;N.A.;N.A.;20-May-2018
136360;SBI DUAL ADVANTAGE FUND SERIES XIV- REGULAR PLAN - GROWTH;INF200KA1HX7;;11.7417;N.A.;N.A.;20-May-2018

Close Ended Schemes ( Growth )


SBI Mutual Fund
131339;SBI EQUITY OPPORTUNITIES FUND - SERIES I - DIRECT PLAN - DIVIDEND;INF200K017S1;;11.6579;N.A.;N.A.;20-May-2018
131338;SBI EQUITY OPPORTUNITIES FUND - SERIES I - DIRECT PLAN - GROWTH;INF200K016S3;;16.4333;N.A.;N.A.;20-May-2018
131337;SBI EQUITY OPPORTUNITIES FUND - SERIES I - REGULAR PLAN - DIVIDEND;INF200K015S5;;11.5371;N.A.;N.A.;20-May-2018
131336;SBI EQUITY OPPORTUNITIES FUND - SERIES I - REGULAR PLAN - GROWTH;INF200K014S8;;16.2590;N.A.;N.A.;20-May-2018
135507;SBI EQUITY OPPORTUNITIES FUND -  SERIES IV - REGULAR PLAN - GROWTH;INF200KA1GP5;;16.1101;N.A.;N.A.;20-May-2018
135506;SBI EQUITY OPPORTUNITIES FUND - SERIES IV - DIRECT PLAN - GROWTH;INF200KA1GN0;;16.6662;N.A.;N.A.;20-May-2018
135509;SBI Equity Opportunities Fund-Series IV - Direct Plan - Income Distribution cum Capital Withdrawal Option (IDCW);INF200KA1GO8;;14.1649;N.A.;N.A.;20-May-2018
135508;SBI Equity Opportunities Fund-Series IV - Regular Plan - Income Distribution cum Capital Withdrawal Option (IDCW);INF200KA1GQ3;;13.6676;N.A.;N.A.;20-May-2018
