Scheme Code;Scheme Name;ISIN Div Payout/ISIN Growth;ISIN Div Reinvestment;Net Asset Value;Repurchase Price;Sale Price;Date

Open Ended Schemes ( Liquid )


PGIM India Mutual Fund
120102;DHFL Pramerica Liquid Fund - Direct Plan-Daily Dividend Option;;INF663L01633;1000.4200;1000.4200;1000.4200;25-Jan-2014
120104;DHFL Pramerica Liquid Fund - Direct Plan-Growth Option;INF663L01625;;1347.4807;1347.4807;1347.4807;25-Jan-2014
120105;DHFL Pramerica Liquid Fund - Direct Plan-Monthly Dividend Option;INF663L01682;INF663L01666;1007.4154;1007.4154;1007.4154;25-Jan-2014
120106;DHFL Pramerica Liquid Fund - Direct Plan-Weekly Dividend - Option;;INF663L01641;1001.1470;1001.1470;1001.1470;25-Jan-2014
113184;DHFL Pramerica Liquid Fund - Dividend Option - Daily;;INF663L01088;1000.3700;1000.3700;1000.3700;25-Jan-2014
113187;DHFL Pramerica Liquid Fund - Dividend Option - Fortnightly;INF663L01120;INF663L01104;1003.3764;1003.3764;1003.3764;25-Jan-2014
113186;DHFL Pramerica Liquid Fund - Dividend Option - Monthly;INF663L01138;INF663L01112;1007.2366;1007.2366;1007.2366;25-Jan-2014
113183;DHFL Pramerica Liquid Fund - Growth Option;INF663L01070;;1345.9209;1345.9209;1345.9209;25-Jan-2014
113185;DHFL Pramerica Liquid Fund -Dividend Option- Weekly;;INF663L01096;1001.0041;1001.0041;1001.0041;25-Jan-2014
122257;DHFL Pramerica Liquid Fund-Bonus Option;INF663L01BD5;;1345.7899;1345.7899;1345.7899;25-Jan-2014
122258;DHFL Pramerica Liquid Fund-Direct Plan-Bonus Option;INF663L01BE3;;1347.3105;1347.3105;1347.3105;25-Jan-2014

PineBridge Mutual Fund
119355;PineBridge India Liquid Fund- Direct Plan- Daily Dividend Option;;INF178L01AV8;1001.0000;1001.0000;1001.0000;25-Jan-2014
119360;PineBridge India Liquid Fund- Direct Plan- Growth Option;INF178L01AP0;;1586.7024;1586.7024;1586.7024;25-Jan-2014
106513;PineBridge India Liquid Fund- Standard Plan-Daily Dividend Option;;INF178L01699;1001.0000;1001.0000;1001.0000;25-Jan-2014
106508;PineBridge India Liquid Fund- Standard Plan-Growth Option;INF178L01715;;1585.5039;1585.5039;1585.5039;25-Jan-2014
106519;PineBridge India Liquid Fund- Standard Plan-Monthly Dividend Option;INF178L01723;INF178L01731;1007.5237;1007.5237;1007.5237;25-Jan-2014
106520;PineBridge India Liquid Fund- Standard Plan-Quarterly Dividend Option;INF178L01749;INF178L01756;1007.5286;1007.5286;1007.5286;25-Jan-2014
106509;PineBridge India Liquid Fund- Standard Plan-Weekly Dividend Option;;INF178L01764;1002.0263;1002.0263;1002.0263;25-Jan-2014
106503;PineBridge India Liquid Fund-Retail Plan-DailyDividend Option;;INF178L01533;1001.0000;1001.0000;1001.0000;25-Jan-2014
106514;PineBridge India Liquid Fund-Retail Plan-Growth Option;INF178L01558;;1548.7632;1548.7632;1548.7632;25-Jan-2014
106504;PineBridge India Liquid Fund-Retail Plan-Monthly Dividend Option;INF178L01566;INF178L01574;1007.5203;1007.5203;1007.5203;25-Jan-2014
106510;PineBridge India Liquid Fund-Retail Plan-Weekly Dividend Option;;INF178L01608;1002.0275;1002.0275;1002.0275;25-Jan-2014

Sahara Mutual Fund
101397;Sahara Liquid Fund-Fixed Pricing -  Weekly Dividend Option;;INF515L01064;1027.4373;1027.4373;1027.4373;25-Jan-2014
101393;Sahara Liquid Fund-Fixed Pricing - Daily Dividend Option;;INF515L01049;1037.0157;1037.0157;1037.0157;25-Jan-2014
120265;Sahara Liquid Fund-Fixed Pricing - Direct - Weekly Dividend Option;;INF515L01668;1027.4373;1027.4373;1027.4373;25-Jan-2014
120262;Sahara Liquid Fund-Fixed Pricing - Direct -Growth option;INF515L01650;;2267.4952;2267.4952;2267.4952;25-Jan-2014
101394;Sahara Liquid Fund-Fixed Pricing - Growth option;INF515L01056;;2266.8821;2266.8821;2266.8821;25-Jan-2014
101398;Sahara Liquid Fund-Fixed Pricing - Monthly Dividend Option;;INF515L01072;1045.4978;1045.4978;1045.4978;25-Jan-2014
120253;Sahara Liquid Fund-Fixed Pricing -Direct - Daily Dividend Option- Direct;;INF515L01643;1037.0157;1037.0157;1037.0157;25-Jan-2014
120266;Sahara Liquid Fund-Fixed Pricing -Direct - Monthly Dividend Option;;INF515L01676;1045.4978;1045.4978;1045.4978;25-Jan-2014
101399;Sahara Liquid Fund-Variable Pricing - Daily Dividend option;;INF515L01080;1037.0608;1037.0608;1037.0608;25-Jan-2014
101402;Sahara Liquid Fund-Variable Pricing - Growth option;INF515L01114;;2289.9806;2289.9806;2289.9806;25-Jan-2014
101400;Sahara Liquid Fund-Variable Pricing - Weekly Dividend Option;;INF515L01098;1042.5528;1042.5528;1042.5528;25-Jan-2014
120271;Sahara Liquid Fund-Variable Pricing -Direct - Daily Dividend option;;INF515L01684;1037.0608;1037.0608;1037.0608;25-Jan-2014
120280;Sahara Liquid Fund-Variable Pricing -Direct - Growth option;INF515L01718;;2290.9634;2290.9634;2290.9634;25-Jan-2014
120272;Sahara Liquid Fund-Variable Pricing -Direct - Weekly Dividend Option;;INF515L01692;1042.5528;1042.5528;1042.5528;25-Jan-2014
120273;Sahara Liquid Fund-Variable Pricing- Direct - Monthly Dividend Option;;INF515L01700;1052.3882;1052.3882;1052.3882;25-Jan-2014
101401;Sahara Liquid Fund-Variable Pricing- Monthly Dividend Option;;INF515L01106;1049.6743;1049.6743;1049.6743;25-Jan-2014

Open Ended Schemes ( Debt Scheme - Overnight Fund )


SBI Mutual Fund
119831;SBI Overnight Fund - Direct Plan - Daily Income Distribution cum Capital Withdrawal Option (IDCW);;INF200K01TJ7;1009.9100;1009.9100;1009.9100;25-Jan-2014
119833;SBI OVERNIGHT FUND - DIRECT PLAN - GROWTH;INF200K01TK5;;2164.6029;2164.6029;2164.6029;25-Jan-2014
119832;SBI Overnight Fund - Direct Plan - Weekly Income Distribution cum Capital Withdrawal Option (IDCW);INF200K01TL3;INF200K01TM1;1031.1904;1031.1904;1031.1904;25-Jan-2014
114297;SBI Overnight Fund - Regular Plan - Daily Income Distribution cum Capital Withdrawal Option (IDCW);;INF200K01LN6;1009.9100;1009.9100;1009.9100;25-Jan-2014
101206;SBI OVERNIGHT FUND - REGULAR PLAN - GROWTH;INF200K01LQ9;;2161.3636;2161.3636;2161.3636;25-Jan-2014
103140;SBI Overnight Fund - Regular Plan - Weekly Income Distribution cum Capital Withdrawal Option (IDCW);INF200K01LO4;INF200K01LP1;1031.1903;1031.1903;1031.1903;25-Jan-2014

Open Ended Schemes ( Debt Scheme - Liquid Fund )


Axis Mutual Fund
120388;Axis Liquid Fund - Direct Plan - Daily IDCW;;INF846K01DA0;1000.1178;1000.1178;1000.1178;25-Jan-2014
120389;Axis Liquid Fund - Direct Plan - Growth Option;INF846K01CX4;;1399.4581;1399.4581;1399.4581;25-Jan-2014
120391;Axis Liquid Fund - Direct Plan - Monthly IDCW;INF846K01CY2;INF846K01CZ9;1007.4021;1007.4021;1007.4021;25-Jan-2014
120390;Axis Liquid Fund - Direct Plan - Weekly IDCW;INF846K01DB8;INF846K01DC6;1003.2973;1003.2973;1003.2973;25-Jan-2014
112211;Axis Liquid Fund - Regular Plan - Daily IDCW;;INF846K01420;1000.1178;1000.1178;1000.1178;25-Jan-2014
112210;Axis Liquid Fund - Regular Plan - Growth Option;INF846K01412;;1398.4290;1398.4290;1398.4290;25-Jan-2014
112213;Axis Liquid Fund - Regular Plan - Monthly IDCW;INF846K01453;INF846K01461;1007.3379;1007.3379;1007.3379;25-Jan-2014
112212;Axis Liquid Fund - Regular Plan - Weekly IDCW;INF846K01438;INF846K01446;1003.2865;1003.2865;1003.2865;25-Jan-2014
112712;Axis Liquid Fund - Retail Plan - Daily IDCW;;INF846K01362;1000.1178;1000.1178;1000.1178;25-Jan-2014
112713;Axis Liquid Fund - Retail Plan - Growth Option;INF846K01354;;1357.3219;1357.3219;1357.3219;25-Jan-2014
112714;Axis Liquid Fund - Retail Plan - Monthly IDCW;INF846K01396;INF846K01404;1006.9208;1006.9208;1006.9208;25-Jan-2014
112715;Axis Liquid Fund - Retail Plan - Weekly IDCW;INF846K01370;INF846K01388;1001.2351;1001.2351;1001.2351;25-Jan-2014

Canara Robeco Mutual Fund
118307;CANARA ROBECO LIQUID FUND - DIRECT PLAN - DAILY IDCW (Reinvestment);;INF760K01FS0;1005.5000;1005.5000;1005.5000;25-Jan-2014
118305;CANARA ROBECO LIQUID FUND - DIRECT PLAN - GROWTH OPTION;INF760K01FU6;;1535.8276;1535.8276;1535.8276;25-Jan-2014
118304;CANARA ROBECO LIQUID FUND - DIRECT PLAN - IDCW (Payout/Reinvestment);INF760K01FT8;;1099.5545;1099.5545;1099.5545;25-Jan-2014
118306;CANARA ROBECO LIQUID FUND - DIRECT PLAN - MONTHLY IDCW (Payout/Reinvestment);INF760K01FV4;INF760K01FW2;1007.7648;1007.7648;1007.7648;25-Jan-2014
118308;CANARA ROBECO LIQUID FUND - DIRECT PLAN - WEEKLY IDCW (Payout/Reinvestment);INF760K01FY8;INF760K01FX0;1000.7635;1000.7635;1000.7635;25-Jan-2014
109349;CANARA ROBECO LIQUID FUND - REGULAR PLAN - DAILY IDCW (Reinvestment);;INF760K01CU3;1005.5000;1005.5000;1005.5000;25-Jan-2014
109353;CANARA ROBECO LIQUID FUND - REGULAR PLAN - GROWTH OPTION;INF760K01CW9;;1534.8290;1534.8290;1534.8290;25-Jan-2014
109351;CANARA ROBECO LIQUID FUND - REGULAR PLAN - MONTHLY IDCW (Payout/Reinvestment);INF760K01CX7;INF760K01CY5;1007.5996;1007.5996;1007.5996;25-Jan-2014
109350;CANARA ROBECO LIQUID FUND - REGULAR PLAN - WEEKLY IDCW (Payout/Reinvestment);INF760K01BZ4;INF760K01CZ2;1000.7374;1000.7374;1000.7374;25-Jan-2014
101363;Canara Robeco Liquid Fund- INSTITUTIONAL-Daily Dividend Reinvestment;;INF760K01CC1;1005.5000;1005.5000;1005.5000;25-Jan-2014
101362;Canara Robeco Liquid Fund- INSTITUTIONAL-Growth;INF760K01CD9;;2260.7610;2260.7610;2260.7610;25-Jan-2014
101364;Canara Robeco Liquid Fund-Retail-DRI;;INF760K01CF4;1007.0000;1007.0000;1007.0000;25-Jan-2014
101365;Canara Robeco Liquid Fund-Retail-Growth;INF760K01CH0;;2215.4305;2215.4305;2215.4305;25-Jan-2014
109347;Canara Robeco Liquid Fund-Retail-Monthly Div Reinvest;;INF760K01CI8;1012.0694;1012.0694;1012.0694;25-Jan-2014
109356;Canara Robeco Liquid Fund-Retail-Weekly Div Reinvest;;INF760K01CJ6;1006.1273;1006.1273;1006.1273;25-Jan-2014

SBI Mutual Fund
119804;SBI Liquid Fund - Direct Paln - Fortnightly Income Distribution cum Capital Withdrawal Option (IDCW);INF200K01UR8;INF200K01US6;1013.5481;1013.5481;1013.5481;25-Jan-2014
119805;SBI Liquid Fund - Direct Plan - Daily Income Distribution cum Capital Withdrawal Option (IDCW);;INF200K01UQ0;1003.2500;1003.2500;1003.2500;25-Jan-2014
119799;SBI Liquid Fund - Direct Plan - Weekly Income Distribution cum Capital Withdrawal Option (IDCW);INF200K01UU2;INF200K01UV0;1061.0596;1061.0596;1061.0596;25-Jan-2014
119800;SBI Liquid Fund - DIRECT PLAN -Growth;INF200K01UT4;;1985.1660;1985.1660;1985.1660;25-Jan-2014
105274;SBI Liquid Fund - Institutional - Growth;INF200K01LU1;;2002.4323;2002.4323;2002.4323;25-Jan-2014
105275;SBI Liquid Fund - Institutional Daily Income Distribution cum Capital Withdrawal Option (IDCW);;INF200K01LR7;1003.2500;1003.2500;1003.2500;25-Jan-2014
105279;SBI Liquid Fund - Institutional Fortnightly Income Distribution cum Capital Withdrawal Option (IDCW);INF200K01LS5;INF200K01LT3;1024.8613;1024.8613;1024.8613;25-Jan-2014
105278;SBI Liquid Fund - Institutional Weekly Income Distribution cum Capital Withdrawal Option (IDCW);INF200K01LV9;INF200K01LW7;1060.3503;1060.3503;1060.3503;25-Jan-2014
105281;SBI Liquid Fund - Regular Plan - Daily Income Distribution cum Capital Withdrawal Option (IDCW);;INF200K01LX5;1003.2500;1003.2500;1003.2500;25-Jan-2014
105283;SBI Liquid Fund - Regular Plan - Fortnightly Income Distribution cum Capital Withdrawal Option (IDCW);INF200K01LY3;INF200K01LZ0;1013.5381;1013.5381;1013.5381;25-Jan-2014
105282;SBI Liquid Fund - Regular Plan - Weekly Income Distribution cum Capital Withdrawal Option (IDCW);INF200K01MB9;INF200K01MC7;1061.0596;1061.0596;1061.0596;25-Jan-2014
105280;SBI Liquid Fund - REGULAR PLAN -Growth;INF200K01MA1;;1983.8341;1983.8341;1983.8341;25-Jan-2014

Sundaram Mutual Fund
119690;Sundaram Money Fund Direct Plan - Bonus;INF903J01RL8;;16.3098;16.3098;16.3098;25-Jan-2014
119688;Sundaram Money Fund Direct Plan - Daily Reinvestment of Income Distribution cum Capital Withdrawal (IDCW);;INF903J01QA3;10.1025;10.1025;10.1025;25-Jan-2014
119692;Sundaram Money Fund Direct Plan - Fortnightly Reinvestment of Income Distribution cum Capital Withdrawal (IDCW);;INF903J01QB1;25.3025;25.3025;25.3025;25-Jan-2014
119686;Sundaram Money Fund Direct Plan - Growth;INF903J01QF2;;26.6335;26.6335;26.6335;25-Jan-2014
119687;Sundaram Money Fund Direct Plan - Monthly Income Distribution cum Capital Withdrawal (IDCW);INF903J01QC9;INF903J01QD7;10.5981;10.5981;10.5981;25-Jan-2014
119689;Sundaram Money Fund Direct Plan - Quarterly Reinvestment of Income Distribution cum Capital Withdrawal (IDCW);;INF903J01QE5;13.7115;13.7115;13.7115;25-Jan-2014
119691;Sundaram Money Fund Direct Plan - Weekly Reinvestment of Income Distribution cum Capital Withdrawal (IDCW);;INF903J01QG0;11.3916;11.3916;11.3916;25-Jan-2014
102701;Sundaram Money Fund Institutional Plan - Daily Reinvestment of Income Distribution cum Capital Withdrawal (IDCW);;INF903J01GP2;10.0953;10.0953;10.0953;25-Jan-2014
102703;Sundaram Money Fund Institutional Plan - Growth;INF903J01GN7;;25.9595;25.9595;25.9595;25-Jan-2014
118328;Sundaram Money Fund Regular Plan - Bonus;INF903J01MB0;;16.2985;16.2985;16.2985;25-Jan-2014
103392;Sundaram Money Fund Regular Plan - Daily Reinvestment of Income Distribution cum Capital Withdrawal (IDCW);;INF903J01GW8;10.0953;10.0953;10.0953;25-Jan-2014
103395;Sundaram Money Fund Regular Plan - Fortnightly Reinvestment of Income Distribution cum Capital Withdrawal (IDCW);;INF903J01GY4;10.7349;10.7349;10.7349;25-Jan-2014
103397;Sundaram Money Fund Regular Plan - Growth;INF903J01GU2;;26.6204;26.6204;26.6204;25-Jan-2014
103396;Sundaram Money Fund Regular Plan - Monthly Income Distribution cum Capital Withdrawal (IDCW);INF903J01GV0;INF903J01GZ1;10.4575;10.4575;10.4575;25-Jan-2014
103393;Sundaram Money Fund Regular Plan - Quarterly Reinvestment of Income Distribution cum Capital Withdrawal (IDCW);;INF903J01HA2;13.7073;13.7073;13.7073;25-Jan-2014
100620;Sundaram Money Fund Retail Plan - Daily Reinvestment of Income Distribution cum Capital Withdrawal (IDCW);;INF903J01GI7;10.0953;10.0953;10.0953;25-Jan-2014
100622;Sundaram Money Fund Retail Plan - Fortnightly Reinvestment of Income Distribution cum Capital Withdrawal (IDCW);;INF903J01GK3;10.6845;10.6845;10.6845;25-Jan-2014
100618;Sundaram Money Fund Retail Plan - Growth;INF903J01GG1;;24.8767;24.8767;24.8767;25-Jan-2014
100623;Sundaram Money Fund Retail Plan - Monthly Income Distribution cum Capital Withdrawal (IDCW);INF903J01GH9;INF903J01GL1;10.4704;10.4704;10.4704;25-Jan-2014
100619;Sundaram Money Fund Retail Plan - Quarterly Reinvestment of Income Distribution cum Capital Withdrawal (IDCW);;INF903J01GM9;13.9213;13.9213;13.9213;25-Jan-2014
100621;Sundaram Money Fund Retail Plan - Weekly Reinvestment of Income Distribution cum Capital Withdrawal (IDCW);;INF903J01GJ5;11.1162;11.1162;11.1162;25-Jan-2014
103394;Sundaram Money Fund Regular Plan - Weekly Reinvestment of Income Distribution cum Capital Withdrawal (IDCW);;INF903J01GX6;11.1570;11.1570;11.1570;25-Jan-2014

Taurus Mutual Fund
111915;Taurus Liquid Fund - Regular Plan - SI Growth Option;INF044D01534;;1363.9083;1363.9083;1363.9083;25-Jan-2014
113248;Taurus Liquid Fund - Regular Plan - SI Weekly Dividend Option;;INF044D01526;1000.4799;1000.4799;1000.4799;25-Jan-2014
111703;Taurus Liquid Fund - Regular Plan -SI Daily Dividend Option;;INF044D01518;1000.2620;1000.2620;1000.2620;25-Jan-2014
111760;Taurus Liquid Fund Insti Growth;INF044D01500;;1387.8409;1387.8409;1387.8409;25-Jan-2014
118891;Taurus Liquid Fund-Direct Plan-SI Daily Dividend Option;;INF044D01DI0;1000.2620;1000.2620;1000.2620;25-Jan-2014
118893;Taurus Liquid Fund-Direct Plan-SI Growth Option;INF044D01DK6;;1364.6534;1364.6534;1364.6534;25-Jan-2014
118892;Taurus Liquid Fund-Direct Plan-SI Weekly Dividend Option;;INF044D01DJ8;1000.4830;1000.4830;1000.4830;25-Jan-2014
104240;Taurus Liquid Fund-Dividend;INF044D01542;INF044D01559;1001.2175;1001.2175;1001.2175;25-Jan-2014
104241;Taurus Liquid Fund-Growth;INF044D01575;;1634.6288;1634.6288;1634.6288;25-Jan-2014

Union Mutual Fund
115401;Union Liquid Fund - Daily IDCW Option;;INF582M01021;1000.6489;1000.6489;1000.6489;25-Jan-2014
119301;Union Liquid Fund - Direct Plan - Daily IDCW Option;;INF582M01682;1000.6506;1000.6506;1000.6506;25-Jan-2014
119305;Union Liquid Fund - Direct Plan - Fortnightly IDCW Option;INF582M01724;INF582M01708;1003.8805;1003.8805;1003.8805;25-Jan-2014
119303;Union Liquid Fund - Direct Plan - Growth Option;INF582M01674;;1265.6343;1265.6343;1265.6343;25-Jan-2014
119302;Union Liquid Fund - Direct Plan - Monthly IDCW Option;INF582M01732;INF582M01716;1007.5271;1007.5271;1007.5271;25-Jan-2014
119304;Union Liquid Fund - Direct Plan - Weekly IDCW Option;;INF582M01690;1001.4570;1001.4570;1001.4570;25-Jan-2014
115399;Union Liquid Fund - Fortnightly IDCW Option;INF582M01062;INF582M01047;1003.8549;1003.8549;1003.8549;25-Jan-2014
115398;Union Liquid Fund - Growth Option;INF582M01013;;1264.8945;1264.8945;1264.8945;25-Jan-2014
115400;Union Liquid Fund - Monthly IDCW Option;INF582M01070;INF582M01054;1007.4791;1007.4791;1007.4791;25-Jan-2014
115402;Union Liquid Fund - Weekly IDCW Option;;INF582M01039;1001.4503;1001.4503;1001.4503;25-Jan-2014

UTI Mutual Fund
120558;UTI Liquid Fund - Direct Plan - Daily IDCW (Reinvestment);;INF789F01XP8;1019.4457;1019.4457;1019.4457;25-Jan-2014
120794;UTI Liquid Fund - Direct Plan - Monthly IDCW;INF789F01XR4;INF789F01XS2;1031.16;1031.16;1031.16;25-Jan-2014
120777;UTI Liquid Fund - Direct Plan - Weekly IDCW;;INF789F01XT0;1053.7608;1053.7608;1053.7608;25-Jan-2014
102010;UTI Liquid Fund - Regular Plan - Daily IDCW (Reinvestment);;INF789F01PG3;1019.4457;1019.4457;1019.4457;25-Jan-2014
102011;UTI Liquid Fund - Regular Plan - Monthly IDCW;INF789F01PI9;INF789F01PJ7;1031.0922;1031.0922;1031.0922;25-Jan-2014
102013;UTI Liquid Fund - Regular Plan - Weekly IDCW;;INF789F01PK5;1053.7493;1053.7493;1053.7493;25-Jan-2014
120304;UTI-  Liquid Cash Plan - Direct Plan - Growth Option;INF789F01XQ6;;2070.0407;2070.0407;2070.0407;25-Jan-2014
102012;UTI-  Liquid Cash Plan - Regular Plan - Growth Option;INF789F01PH1;;2067.8328;2067.8328;2067.8328;25-Jan-2014
102008;UTI-  Liquid Cash Plan- Discontinued - Regular Plan - Monthly Dividend Option;INF789F01BC2;INF789F01BA6;1143.8724;1143.8724;0;25-Jan-2014
102009;UTI-  Liquid Cash Plan- Discontinued - Regular Plan -Growth;INF789F01BB4;;1994.9171;1994.9171;0;25-Jan-2014
102007;UTI-  Liquid Cash Plan- Discontinued -Regular Plan Periodic Dividend Option;;INF789F01AZ5;1137.6667;1137.6667;0;25-Jan-2014

Open Ended Schemes ( Debt Scheme - Ultra Short Duration Fund )


SBI Mutual Fund
119784;SBI Ultra Short Duration Fund - Direct Plan - Daily Income Distribution cum Capital Withdrawal Option (IDCW);;INF200K01TG3;1675.0300;1673.3550;1675.0300;25-Jan-2014
119828;SBI ULTRA SHORT DURATION FUND - DIRECT PLAN - GROWTH;INF200K01TF5;;2794.3401;2791.5458;2794.3401;25-Jan-2014
119829;SBI Ultra Short Duration Fund - Direct Plan - Weekly Income Distribution cum Capital Withdrawal Option (IDCW);INF200K01TH1;INF200K01TI9;1077.5805;1076.5029;1077.5805;25-Jan-2014
105080;SBI Ultra Short Duration Fund - Regular Plan - Daily Income Distribution cum Capital Withdrawal Option (IDCW);;INF200K01LK2;1675.0300;1673.3550;1675.0300;25-Jan-2014
100641;SBI ULTRA SHORT DURATION FUND - REGULAR PLAN - GROWTH;INF200K01LJ4;;2792.2868;2789.4945;2792.2868;25-Jan-2014
103884;SBI Ultra Short Duration Fund - Regular Plan - Weekly Income Distribution cum Capital Withdrawal Option (IDCW);INF200K01LM8;INF200K01LL0;1077.5805;1076.5029;1077.5805;25-Jan-2014

Open Ended Schemes ( Debt Scheme - Money Market Fund )


UTI Mutual Fund
120299;UTI MMF - Direct Plan - Growth Option;INF789F01XV6;;1414.4459;1414.4459;1414.4459;25-Jan-2014
112077;UTI MMF - Regular Plan - Growth Option;INF789F01PX8;;1412.9371;1412.9371;1412.9371;25-Jan-2014
100724;UTI MMF- Discontinued - Regular Plan - Flexi Dividend Option;;INF789F01BD0;2006.8526;2006.8526;0;25-Jan-2014
100725;UTI MMF- Discontinued - Regular Plan - Periodic Dividend Option;INF789F01BE8;;1997.3871;1997.3871;0;25-Jan-2014
100723;UTI MMF-Discontinued - Regular Plan -Growth;INF789F01BF5;;3451.814;3451.814;0;25-Jan-2014
120772;UTI Money Market Fund - Direct Plan - Daily IDCW (Reinvestment);;INF789F01XU8;1003.3854;1003.3854;1003.3854;25-Jan-2014
120793;UTI Money Market Fund - Direct Plan - Weekly IDCW;INF789F01XW4;INF789F01XX2;1015.2672;1015.2672;1015.2672;25-Jan-2014
112076;UTI Money Market Fund - Regular Plan - Daily IDCW (Reinvestment);;INF789F01PW0;1003.3854;1003.3854;1003.3854;25-Jan-2014
112635;UTI Money Market Fund - Regular Plan - Weekly IDCW;INF789F01PY6;INF789F01PZ3;1015.2561;1015.2561;1015.2561;25-Jan-2014

Close Ended Schemes ( Income )


SBI Mutual Fund
114781;SBI Capital Protection Oriented Fund - Series II -;INF200K01ED2;;12.2317;N.A.;N.A.;25-Jan-2014
115824;SBI Capital Protection Oriented Fund - Series III - Growth;INF200K01IH4;;11.8979;N.A.;N.A.;25-Jan-2014
121468;SBI DEBT FUND SERIES - 13 MONTHS - 14 - DIRECT PLAN - DIVIDEND;INF200K01WZ7;;N.A.;N.A.;N.A.;25-Jan-2014
121469;SBI DEBT FUND SERIES - 13 MONTHS - 14 - DIRECT PLAN - GROWTH;INF200K01WY0;;10.8113;N.A.;N.A.;25-Jan-2014
121470;SBI DEBT FUND SERIES - 13 MONTHS - 14 - REGULAR PLAN - DIVIDEND;INF200K01WX2;;10.8016;N.A.;N.A.;25-Jan-2014
121471;SBI DEBT FUND SERIES - 13 MONTHS - 14 - REGULAR PLAN - GROWTH;INF200K01WW4;;10.8017;N.A.;N.A.;25-Jan-2014
121695;SBI DEBT FUND SERIES - 13 MONTHS - 15 - DIRECT PLAN - DIVIDEND;INF200K01XD2;;10.7849;N.A.;N.A.;25-Jan-2014
121696;SBI DEBT FUND SERIES - 13 MONTHS - 15 - REGULAR PLAN - DIVIDEND;INF200K01XB6;;10.7801;N.A.;N.A.;25-Jan-2014
121697;SBI DEBT FUND SERIES - 13 MONTHS - 15 - REGULAR PLAN - GROWTH;INF200K01XA8;;10.7808;N.A.;N.A.;25-Jan-2014
121698;SBI DEBT FUND SERIES - 13 MONTHS - 15- DIRECT PLAN - GROWTH;INF200K01XC4;;10.7849;N.A.;N.A.;25-Jan-2014
121305;SBI DEBT FUND SERIES - 14 MONTHS - 1 - DIRECT PLAN - DIVIDEND;INF200K01XH3;;10.8386;N.A.;N.A.;25-Jan-2014
121306;SBI DEBT FUND SERIES - 14 MONTHS - 1 - DIRECT PLAN - GROWTH;INF200K01XG5;;10.8386;N.A.;N.A.;25-Jan-2014
121303;SBI DEBT FUND SERIES - 14 MONTHS - 1 - REGULAR PLAN - DIVIDEND;INF200K01XF7;;10.8286;N.A.;N.A.;25-Jan-2014
121304;SBI DEBT FUND SERIES - 14 MONTHS - 1 - REGULAR PLAN - GROWTH;INF200K01XE0;;10.8286;N.A.;N.A.;25-Jan-2014
122015;SBI DEBT FUND SERIES - 14 MONTHS - 2 - DIRECT PLAN - DIVIDEND;INF200K01XL5;;10.7189;N.A.;N.A.;25-Jan-2014
122017;SBI DEBT FUND SERIES - 14 MONTHS - 2 - DIRECT PLAN - GROWTH;INF200K01XK7;;10.7189;N.A.;N.A.;25-Jan-2014
122016;SBI DEBT FUND SERIES - 14 MONTHS - 2 - REGULAR PLAN - DIVIDEND;INF200K01XJ9;;10.7144;N.A.;N.A.;25-Jan-2014
122018;SBI DEBT FUND SERIES - 14 MONTHS - 2 - REGULAR PLAN - GROWTH;INF200K01XI1;;10.7144;N.A.;N.A.;25-Jan-2014
126205;SBI DEBT FUND SERIES - 16 MONTHS - 1 - DIRECT PLAN - GROWTH;INF200KA1CE8;;10.0509;N.A.;N.A.;25-Jan-2014
126206;SBI DEBT FUND SERIES - 16 MONTHS - 1 - REGULAR PLAN - DIVIDEND;INF200KA1CD0;;10.0493;N.A.;N.A.;25-Jan-2014
126207;SBI DEBT FUND SERIES - 16 MONTHS - 1 - REGULAR PLAN - GROWTH;INF200KA1CC2;;10.0493;N.A.;N.A.;25-Jan-2014
126208;SBI DEBT FUND SERIES - 16 MONTHS - 1- DIRECT PLAN - DIVIDEND;INF200KA1CF5;;10.0509;N.A.;N.A.;25-Jan-2014
126209;SBI DEBT FUND SERIES - 16 MONTHS - 2 - DIRECT PLAN - GROWTH;INF200KA1DM9;;10.0234;N.A.;N.A.;25-Jan-2014
126210;SBI DEBT FUND SERIES - 16 MONTHS - 2 - REGULAR PLAN - DIVIDEND;INF200KA1DL1;;10.0225;N.A.;N.A.;25-Jan-2014
126211;SBI DEBT FUND SERIES - 16 MONTHS - 2 - REGULAR PLAN - GROWTH;INF200KA1DK3;;10.0225;N.A.;N.A.;25-Jan-2014
126212;SBI DEBT FUND SERIES - 16 MONTHS - 2- DIRECT PLAN - DIVIDEND;INF200KA1DN7;;10.0234;N.A.;N.A.;25-Jan-2014
125734;SBI DEBT FUND SERIES - 17 MONTHS - 1 - DIRECT PLAN - GROWTH;INF200KA1CQ2;;10.1201;N.A.;N.A.;25-Jan-2014
125735;SBI DEBT FUND SERIES - 17 MONTHS - 1 - REGULAR PLAN - DIVIDEND;INF200KA1CP4;;10.1171;N.A.;N.A.;25-Jan-2014
125736;SBI DEBT FUND SERIES - 17 MONTHS - 1 - REGULAR PLAN - GROWTH;INF200KA1CO7;;10.1171;N.A.;N.A.;25-Jan-2014
125733;SBI DEBT FUND SERIES - 17 MONTHS - 1- DIRECT PLAN - DIVIDEND;INF200KA1CR0;;10.1201;N.A.;N.A.;25-Jan-2014
117983;SBI DEBT FUND SERIES - 18 MONTHS - 11 - DIVIDEND;INF200K01PW8;;11.0728;N.A.;N.A.;25-Jan-2014
117984;SBI DEBT FUND SERIES - 18 MONTHS - 11 - GROWTH;INF200K01PV0;;11.0728;N.A.;N.A.;25-Jan-2014
125008;SBI DEBT FUND SERIES - 18 MONTHS - 12 - DIRECT PLAN - DIVIDEND;INF200KA1BL5;;10.2171;N.A.;N.A.;25-Jan-2014
125005;SBI DEBT FUND SERIES - 18 MONTHS - 12 - DIRECT PLAN - GROWTH;INF200KA1BK7;;10.2171;N.A.;N.A.;25-Jan-2014
125006;SBI DEBT FUND SERIES - 18 MONTHS - 12 - REGULAR PLAN - DIVIDEND;INF200KA1BJ9;;10.2092;N.A.;N.A.;25-Jan-2014
125007;SBI DEBT FUND SERIES - 18 MONTHS - 12 - REGULAR PLAN - GROWTH;INF200KA1BI1;;10.2092;N.A.;N.A.;25-Jan-2014
125460;SBI DEBT FUND SERIES - 18 MONTHS - 13 - DIRECT PLAN - DIVIDEND;INF200KA1DZ1;;N.A.;N.A.;N.A.;25-Jan-2014
125461;SBI DEBT FUND SERIES - 18 MONTHS - 13 - DIRECT PLAN - GROWTH;INF200KA1DY4;;10.1875;N.A.;N.A.;25-Jan-2014
125462;SBI DEBT FUND SERIES - 18 MONTHS - 13 - REGULAR PLAN - DIVIDEND;INF200KA1DX6;;10.1834;N.A.;N.A.;25-Jan-2014
125463;SBI DEBT FUND SERIES - 18 MONTHS - 13 - REGULAR PLAN - GROWTH;INF200KA1DW8;;10.1834;N.A.;N.A.;25-Jan-2014
123474;SBI DEBT FUND SERIES - 180 DAYS - 26 - DIRECT PLAN - DIVIDEND;INF200K01YH1;;10.4675;N.A.;N.A.;25-Jan-2014
123477;SBI DEBT FUND SERIES - 180 DAYS - 26 - DIRECT PLAN - GROWTH;INF200K01YG3;;10.4675;N.A.;N.A.;25-Jan-2014
123475;SBI DEBT FUND SERIES - 180 DAYS - 26 - REGULAR PLAN - DIVIDEND;INF200K01KA5;;10.4650;N.A.;N.A.;25-Jan-2014
123476;SBI DEBT FUND SERIES - 180 DAYS - 26 - REGULAR PLAN - GROWTH;INF200K01JZ4;;10.4650;N.A.;N.A.;25-Jan-2014
115263;SBI SDFS - 36 MONTHS - 1 - DIVIDEND;INF200K01EC4;;11.2606;N.A.;N.A.;25-Jan-2014
115262;SBI SDFS - 36 MONTHS - 1 - GROWTH;INF200K01EB6;;12.7340;N.A.;N.A.;25-Jan-2014
120908;SBI DEBT FUND SERIES - 36 MONTHS - 2 - DIRECT PLAN - DIVIDEND;INF200K01QM7;;10.7904;N.A.;N.A.;25-Jan-2014
120911;SBI DEBT FUND SERIES - 36 MONTHS - 2 - DIRECT PLAN - GROWTH;INF200K01QL9;;10.7904;N.A.;N.A.;25-Jan-2014
120909;SBI DEBT FUND SERIES - 36 MONTHS - 2 - REGULAR PLAN - DIVIDEND;INF200K01QH7;;10.7276;N.A.;N.A.;25-Jan-2014
120910;SBI DEBT FUND SERIES - 36 MONTHS - 2 - REGULAR PLAN - GROWTH;INF200K01QG9;;10.7276;N.A.;N.A.;25-Jan-2014
123647;SBI DEBT FUND SERIES - 36 MONTHS - 4 - DIRECT PLAN - DIVIDEND;INF200KA1KF8;;10.5659;N.A.;N.A.;25-Jan-2014
123649;SBI DEBT FUND SERIES - 36 MONTHS - 4 - DIRECT PLAN - GROWTH;INF200KA1KE1;;10.5659;N.A.;N.A.;25-Jan-2014
123648;SBI DEBT FUND SERIES - 36 MONTHS - 4 - REGULAR PLAN - DIVIDEND;INF200KA1KD3;;10.5586;N.A.;N.A.;25-Jan-2014
123650;SBI DEBT FUND SERIES - 36 MONTHS - 4 - REGULAR PLAN - GROWTH;INF200KA1KC5;;10.5586;N.A.;N.A.;25-Jan-2014
124000;SBI DEBT FUND SERIES - 36 MONTHS - 5 - DIRECT PLAN - DIVIDEND;INF200K01D91;;N.A.;N.A.;N.A.;25-Jan-2014
124001;SBI DEBT FUND SERIES - 36 MONTHS - 5 - DIRECT PLAN - GROWTH;INF200K01D83;;10.4166;N.A.;N.A.;25-Jan-2014
124003;SBI DEBT FUND SERIES - 36 MONTHS - 5 - REGULAR PLAN - DIVIDEND;INF200K01D75;;10.4104;N.A.;N.A.;25-Jan-2014
124002;SBI DEBT FUND SERIES - 36 MONTHS - 5 - REGULAR PLAN - GROWTH;INF200K01D67;;10.4104;N.A.;N.A.;25-Jan-2014
124373;SBI DEBT FUND SERIES - 36 MONTHS - 6 - DIRECT PLAN - DIVIDEND;INF200KA1KZ6;;10.3780;N.A.;N.A.;25-Jan-2014
124374;SBI DEBT FUND SERIES - 36 MONTHS - 6 - DIRECT PLAN - GROWTH;INF200KA1KY9;;10.3780;N.A.;N.A.;25-Jan-2014
124375;SBI DEBT FUND SERIES - 36 MONTHS - 6 - REGULAR PLAN - DIVIDEND;INF200KA1KX1;;10.3634;N.A.;N.A.;25-Jan-2014
124376;SBI DEBT FUND SERIES - 36 MONTHS - 6 - REGULAR PLAN - GROWTH;INF200KA1KW3;;10.3634;N.A.;N.A.;25-Jan-2014
125719;SBI DEBT FUND SERIES - 36 MONTHS - 7 - DIRECT PLAN - DIVIDEND;INF200K01E74;;10.1004;N.A.;N.A.;25-Jan-2014
125721;SBI DEBT FUND SERIES - 36 MONTHS - 7 - DIRECT PLAN - GROWTH;INF200K01E66;;10.1004;N.A.;N.A.;25-Jan-2014
125720;SBI DEBT FUND SERIES - 36 MONTHS - 7 - REGULAR PLAN - DIVIDEND;INF200K01E58;;10.0980;N.A.;N.A.;25-Jan-2014
125722;SBI DEBT FUND SERIES - 36 MONTHS - 7 - REGULAR PLAN - GROWTH;INF200K01E41;;10.0980;N.A.;N.A.;25-Jan-2014
121395;SBI DEBT FUND SERIES - 366 DAYS - 22 - DIRECT PLAN - DIVIDEND;INF200K01YP4;;N.A.;N.A.;N.A.;25-Jan-2014
121396;SBI DEBT FUND SERIES - 366 DAYS - 22 - DIRECT PLAN - GROWTH;INF200K01YO7;;10.8483;N.A.;N.A.;25-Jan-2014
121397;SBI DEBT FUND SERIES - 366 DAYS - 22 - REGULAR PLAN - DIVIDEND;INF200K01PU2;;10.8384;N.A.;N.A.;25-Jan-2014
121398;SBI DEBT FUND SERIES - 366 DAYS - 22 - REGULAR PLAN - GROWTH;INF200K01PT4;;10.8384;N.A.;N.A.;25-Jan-2014
121923;SBI DEBT FUND SERIES - 366 DAYS - 23 - DIRECT PLAN - DIVIDEND;INF200K01VX4;;10.7510;N.A.;N.A.;25-Jan-2014
121924;SBI DEBT FUND SERIES - 366 DAYS - 23 - DIRECT PLAN - GROWTH;INF200K01VW6;;10.7510;N.A.;N.A.;25-Jan-2014
121926;SBI DEBT FUND SERIES - 366 DAYS - 23 - REGULAR PLAN - DIVIDEND;INF200K01VV8;;10.7464;N.A.;N.A.;25-Jan-2014
121925;SBI DEBT FUND SERIES - 366 DAYS - 23 - REGULAR PLAN - GROWTH;INF200K01VU0;;10.7464;N.A.;N.A.;25-Jan-2014
122011;SBI DEBT FUND SERIES - 366 DAYS - 24 - DIRECT PLAN - DIVIDEND;INF200K01WB8;;10.7296;N.A.;N.A.;25-Jan-2014
122012;SBI DEBT FUND SERIES - 366 DAYS - 24 - DIRECT PLAN - GROWTH;INF200K01WA0;;10.7294;N.A.;N.A.;25-Jan-2014
122013;SBI DEBT FUND SERIES - 366 DAYS - 24 - REGULAR PLAN - DIVIDEND;INF200K01VZ9;;10.7249;N.A.;N.A.;25-Jan-2014
122014;SBI DEBT FUND SERIES - 366 DAYS - 24 - REGULAR PLAN - GROWTH;INF200K01VY2;;10.7249;N.A.;N.A.;25-Jan-2014
122145;SBI DEBT FUND SERIES - 366 DAYS - 25 - DIRECT PLAN - DIVIDEND;INF200K01WF9;;10.6972;N.A.;N.A.;25-Jan-2014
122146;SBI DEBT FUND SERIES - 366 DAYS - 25 - DIRECT PLAN - GROWTH;INF200K01WE2;;10.6972;N.A.;N.A.;25-Jan-2014
122147;SBI DEBT FUND SERIES - 366 DAYS - 25 - REGULAR PLAN - DIVIDEND;INF200K01WD4;;10.6927;N.A.;N.A.;25-Jan-2014
122144;SBI DEBT FUND SERIES - 366 DAYS - 25 - REGULAR PLAN - GROWTH;INF200K01WC6;;10.6927;N.A.;N.A.;25-Jan-2014
122253;SBI DEBT FUND SERIES - 366 DAYS - 26 - DIRECT PLAN - DIVIDEND;INF200K01WJ1;;10.6160;N.A.;N.A.;25-Jan-2014
122254;SBI DEBT FUND SERIES - 366 DAYS - 26 - DIRECT PLAN - GROWTH;INF200K01WI3;;10.6161;N.A.;N.A.;25-Jan-2014
122255;SBI DEBT FUND SERIES - 366 DAYS - 26 - REGULAR PLAN - DIVIDEND;INF200K01WH5;;10.6119;N.A.;N.A.;25-Jan-2014
122256;SBI DEBT FUND SERIES - 366 DAYS - 26 - REGULAR PLAN - GROWTH;INF200K01WG7;;10.6119;N.A.;N.A.;25-Jan-2014
122348;SBI DEBT FUND SERIES - 366 DAYS - 27 - DIRECT PLAN - DIVIDEND;INF200K01WN3;;10.5997;N.A.;N.A.;25-Jan-2014
122349;SBI DEBT FUND SERIES - 366 DAYS - 27 - DIRECT PLAN - GROWTH;INF200K01WM5;;10.5997;N.A.;N.A.;25-Jan-2014
122346;SBI DEBT FUND SERIES - 366 DAYS - 27 - REGULAR PLAN - DIVIDEND;INF200K01WL7;;10.5957;N.A.;N.A.;25-Jan-2014
122347;SBI DEBT FUND SERIES - 366 DAYS - 27 - REGULAR PLAN - GROWTH;INF200K01WK9;;10.5957;N.A.;N.A.;25-Jan-2014
122406;SBI DEBT FUND SERIES - 366 DAYS - 28 - DIRECT PLAN - DIVIDEND;INF200K01WR4;;10.6106;N.A.;N.A.;25-Jan-2014
122407;SBI DEBT FUND SERIES - 366 DAYS - 28 - DIRECT PLAN - GROWTH;INF200K01WQ6;;10.6106;N.A.;N.A.;25-Jan-2014
122405;SBI DEBT FUND SERIES - 366 DAYS - 28 - REGULAR PLAN - DIVIDEND;INF200K01WP8;;10.6065;N.A.;N.A.;25-Jan-2014
122408;SBI DEBT FUND SERIES - 366 DAYS - 28 - REGULAR PLAN - GROWTH;INF200K01WO1;;10.6065;N.A.;N.A.;25-Jan-2014
122619;SBI DEBT FUND SERIES - 366 DAYS - 29 - DIRECT PLAN - DIVIDEND;INF200K01WV6;;N.A.;N.A.;N.A.;25-Jan-2014
122621;SBI DEBT FUND SERIES - 366 DAYS - 29 - DIRECT PLAN - GROWTH;INF200K01WU8;;10.4919;N.A.;N.A.;25-Jan-2014
122620;SBI DEBT FUND SERIES - 366 DAYS - 29 - REGULAR PLAN - DIVIDEND;INF200K01WT0;;10.4885;N.A.;N.A.;25-Jan-2014
122622;SBI DEBT FUND SERIES - 366 DAYS - 29 - REGULAR PLAN - GROWTH;INF200K01WS2;;10.4885;N.A.;N.A.;25-Jan-2014
122788;SBI DEBT FUND SERIES - 366 DAYS - 30 - DIRECT PLAN - DIVIDEND;INF200K01YX8;;10.4452;N.A.;N.A.;25-Jan-2014
122790;SBI DEBT FUND SERIES - 366 DAYS - 30 - DIRECT PLAN - GROWTH;INF200K01YW0;;10.4452;N.A.;N.A.;25-Jan-2014
122791;SBI DEBT FUND SERIES - 366 DAYS - 30 - REGULAR PLAN - DIVIDEND;INF200K01YV2;;10.4421;N.A.;N.A.;25-Jan-2014
122789;SBI DEBT FUND SERIES - 366 DAYS - 30 - REGULAR PLAN - GROWTH;INF200K01YU4;;10.4421;N.A.;N.A.;25-Jan-2014
122812;SBI DEBT FUND SERIES - 366 DAYS - 31 - DIRECT PLAN - DIVIDEND;INF200K01ZB1;;10.4341;N.A.;N.A.;25-Jan-2014
122813;SBI DEBT FUND SERIES - 366 DAYS - 31 - DIRECT PLAN - GROWTH;INF200K01ZA3;;10.4341;N.A.;N.A.;25-Jan-2014
122814;SBI DEBT FUND SERIES - 366 DAYS - 31 - REGULAR PLAN - DIVIDEND;INF200K01YZ3;;10.4311;N.A.;N.A.;25-Jan-2014
122815;SBI DEBT FUND SERIES - 366 DAYS - 31 - REGULAR PLAN - GROWTH;INF200K01YY6;;10.4311;N.A.;N.A.;25-Jan-2014
122907;SBI DEBT FUND SERIES - 366 DAYS - 32 - DIRECT PLAN - DIVIDEND;INF200K01ZF2;;10.3761;N.A.;N.A.;25-Jan-2014
122905;SBI DEBT FUND SERIES - 366 DAYS - 32 - DIRECT PLAN - GROWTH;INF200K01ZE5;;10.3761;N.A.;N.A.;25-Jan-2014
122908;SBI DEBT FUND SERIES - 366 DAYS - 32 - REGULAR PLAN - DIVIDEND;INF200K01ZD7;;10.3734;N.A.;N.A.;25-Jan-2014
122906;SBI DEBT FUND SERIES - 366 DAYS - 32 - REGULAR PLAN - GROWTH;INF200K01ZC9;;10.3734;N.A.;N.A.;25-Jan-2014
122991;SBI DEBT FUND SERIES - 366 DAYS - 33 - DIRECT PLAN - DIVIDEND;INF200K01ZJ4;;10.4535;N.A.;N.A.;25-Jan-2014
122994;SBI DEBT FUND SERIES - 366 DAYS - 33 - DIRECT PLAN - GROWTH;INF200K01ZI6;;10.4535;N.A.;N.A.;25-Jan-2014
122993;SBI DEBT FUND SERIES - 366 DAYS - 33 - REGULAR PLAN - DIVIDEND;INF200K01ZH8;;10.4508;N.A.;N.A.;25-Jan-2014
122992;SBI DEBT FUND SERIES - 366 DAYS - 33 - REGULAR PLAN - GROWTH;INF200K01ZG0;;10.4508;N.A.;N.A.;25-Jan-2014
123167;SBI DEBT FUND SERIES - 366 DAYS - 34 - DIRECT PLAN - DIVIDEND;INF200K015P1;;10.4762;N.A.;N.A.;25-Jan-2014
123169;SBI DEBT FUND SERIES - 366 DAYS - 34 - DIRECT PLAN - GROWTH;INF200K014P4;;10.4762;N.A.;N.A.;25-Jan-2014
123170;SBI DEBT FUND SERIES - 366 DAYS - 34 - REGULAR PLAN - DIVIDEND;INF200K013P6;;10.4690;N.A.;N.A.;25-Jan-2014
123168;SBI DEBT FUND SERIES - 366 DAYS - 34 - REGULAR PLAN - GROWTH;INF200K012P8;;10.4690;N.A.;N.A.;25-Jan-2014
123321;SBI DEBT FUND SERIES - 366 DAYS - 35 - DIRECT PLAN - DIVIDEND;INF200K017O0;;10.4701;N.A.;N.A.;25-Jan-2014
123324;SBI DEBT FUND SERIES - 366 DAYS - 35 - DIRECT PLAN - GROWTH;INF200K016O2;;10.4701;N.A.;N.A.;25-Jan-2014
123323;SBI DEBT FUND SERIES - 366 DAYS - 35 - REGULAR PLAN - DIVIDEND;INF200K015O4;;10.4634;N.A.;N.A.;25-Jan-2014
123322;SBI DEBT FUND SERIES - 366 DAYS - 35 - REGULAR PLAN - GROWTH;INF200K014O7;;10.4634;N.A.;N.A.;25-Jan-2014
123497;SBI DEBT FUND SERIES - 366 DAYS - 36 - DIRECT PLAN - DIVIDEND;INF200K019P3;;10.4917;N.A.;N.A.;25-Jan-2014
123494;SBI DEBT FUND SERIES - 366 DAYS - 36 - DIRECT PLAN - GROWTH;INF200K018P5;;10.4917;N.A.;N.A.;25-Jan-2014
123496;SBI DEBT FUND SERIES - 366 DAYS - 36 - REGULAR PLAN - DIVIDEND;INF200K017P7;;10.4855;N.A.;N.A.;25-Jan-2014
123495;SBI DEBT FUND SERIES - 366 DAYS - 36 - REGULAR PLAN - GROWTH;INF200K016P9;;10.4855;N.A.;N.A.;25-Jan-2014
123728;SBI DEBT FUND SERIES - 366 DAYS - 37 - DIRECT PLAN - DIVIDEND;INF200K011R6;;10.4813;N.A.;N.A.;25-Jan-2014
123729;SBI DEBT FUND SERIES - 366 DAYS - 37 - DIRECT PLAN - GROWTH;INF200K010R8;;10.4813;N.A.;N.A.;25-Jan-2014
123731;SBI DEBT FUND SERIES - 366 DAYS - 37 - REGULAR PLAN - DIVIDEND;INF200K019Q1;;10.4761;N.A.;N.A.;25-Jan-2014
123730;SBI DEBT FUND SERIES - 366 DAYS - 37 - REGULAR PLAN - GROWTH;INF200K018Q3;;10.4761;N.A.;N.A.;25-Jan-2014
123996;SBI DEBT FUND SERIES - 366 DAYS - 38 - DIRECT PLAN - DIVIDEND;INF200K015R7;;10.4839;N.A.;N.A.;25-Jan-2014
123997;SBI DEBT FUND SERIES - 366 DAYS - 38 - DIRECT PLAN - GROWTH;INF200K014R0;;10.4839;N.A.;N.A.;25-Jan-2014
123998;SBI DEBT FUND SERIES - 366 DAYS - 38 - REGULAR PLAN - DIVIDEND;INF200K013R2;;10.4789;N.A.;N.A.;25-Jan-2014
123999;SBI DEBT FUND SERIES - 366 DAYS - 38 - REGULAR PLAN - GROWTH;INF200K012R4;;10.4789;N.A.;N.A.;25-Jan-2014
124369;SBI DEBT FUND SERIES - 366 DAYS - 39 - DIRECT PLAN - DIVIDEND;INF200K013S0;;10.4147;N.A.;N.A.;25-Jan-2014
124370;SBI DEBT FUND SERIES - 366 DAYS - 39 - DIRECT PLAN - GROWTH;INF200K012S2;;10.4147;N.A.;N.A.;25-Jan-2014
124371;SBI DEBT FUND SERIES - 366 DAYS - 39 - REGULAR PLAN - DIVIDEND;INF200K011S4;;10.4081;N.A.;N.A.;25-Jan-2014
124372;SBI DEBT FUND SERIES - 366 DAYS - 39 - REGULAR PLAN - GROWTH;INF200K010S6;;10.4081;N.A.;N.A.;25-Jan-2014
124527;SBI DEBT FUND SERIES - 366 DAYS - 40 - DIRECT PLAN - DIVIDEND;INF200K015T3;;10.3840;N.A.;N.A.;25-Jan-2014
124525;SBI DEBT FUND SERIES - 366 DAYS - 40 - DIRECT PLAN - GROWTH;INF200K014T6;;10.3840;N.A.;N.A.;25-Jan-2014
124526;SBI DEBT FUND SERIES - 366 DAYS - 40 - REGULAR PLAN - DIVIDEND;INF200K013T8;;10.3762;N.A.;N.A.;25-Jan-2014
124528;SBI DEBT FUND SERIES - 366 DAYS - 40 - REGULAR PLAN - GROWTH;INF200K012T0;;10.3762;N.A.;N.A.;25-Jan-2014
124726;SBI DEBT FUND SERIES - 366 DAYS - 41 - DIRECT PLAN - DIVIDEND;INF200K010U2;;10.3220;N.A.;N.A.;25-Jan-2014
124728;SBI DEBT FUND SERIES - 366 DAYS - 41 - DIRECT PLAN - GROWTH;INF200K019T5;;10.3220;N.A.;N.A.;25-Jan-2014
124727;SBI DEBT FUND SERIES - 366 DAYS - 41 - REGULAR PLAN - DIVIDEND;INF200K018T7;;10.3150;N.A.;N.A.;25-Jan-2014
124729;SBI DEBT FUND SERIES - 366 DAYS - 41 - REGULAR PLAN - GROWTH;INF200K016T1;;10.3150;N.A.;N.A.;25-Jan-2014
124938;SBI DEBT FUND SERIES - 366 DAYS - 42 - DIRECT PLAN - DIVIDEND;INF200K012V6;;10.2149;N.A.;N.A.;25-Jan-2014
124940;SBI DEBT FUND SERIES - 366 DAYS - 42 - DIRECT PLAN - GROWTH;INF200K011V8;;10.2149;N.A.;N.A.;25-Jan-2014
124939;SBI DEBT FUND SERIES - 366 DAYS - 42 - REGULAR PLAN - DIVIDEND;INF200K010V0;;10.2089;N.A.;N.A.;25-Jan-2014
124941;SBI DEBT FUND SERIES - 366 DAYS - 42 - REGULAR PLAN - GROWTH;INF200K019U3;;10.2089;N.A.;N.A.;25-Jan-2014
125138;SBI DEBT FUND SERIES - 366 DAYS - 43 - DIRECT PLAN - DIVIDEND;INF200K01C35;;10.1842;N.A.;N.A.;25-Jan-2014
125139;SBI DEBT FUND SERIES - 366 DAYS - 43 - DIRECT PLAN - GROWTH;INF200K01C27;;10.1843;N.A.;N.A.;25-Jan-2014
125140;SBI DEBT FUND SERIES - 366 DAYS - 43 - REGULAR PLAN - DIVIDEND;INF200K01C19;;10.1803;N.A.;N.A.;25-Jan-2014
125141;SBI DEBT FUND SERIES - 366 DAYS - 43 - REGULAR PLAN - GROWTH;INF200K01C01;;10.1803;N.A.;N.A.;25-Jan-2014
125243;SBI DEBT FUND SERIES - 366 DAYS - 44 - DIRECT PLAN - DIVIDEND;INF200K011X4;;10.1805;N.A.;N.A.;25-Jan-2014
125244;SBI DEBT FUND SERIES - 366 DAYS - 44 - DIRECT PLAN - GROWTH;INF200K010X6;;10.1805;N.A.;N.A.;25-Jan-2014
125246;SBI DEBT FUND SERIES - 366 DAYS - 44 - REGULAR PLAN - DIVIDEND;INF200K019W9;;10.1768;N.A.;N.A.;25-Jan-2014
125245;SBI DEBT FUND SERIES - 366 DAYS - 44 - REGULAR PLAN - GROWTH;INF200K018W1;;10.1768;N.A.;N.A.;25-Jan-2014
125406;SBI DEBT FUND SERIES - 366 DAYS - 45 - DIRECT PLAN - DIVIDEND;INF200K014Y6;;10.1594;N.A.;N.A.;25-Jan-2014
125409;SBI DEBT FUND SERIES - 366 DAYS - 45 - DIRECT PLAN - GROWTH;INF200K015Y3;;10.1594;N.A.;N.A.;25-Jan-2014
125407;SBI DEBT FUND SERIES - 366 DAYS - 45 - REGULAR PLAN - DIVIDEND;INF200K016Y1;;10.1563;N.A.;N.A.;25-Jan-2014
125408;SBI DEBT FUND SERIES - 366 DAYS - 45 - REGULAR PLAN - GROWTH;INF200K017Y9;;10.1563;N.A.;N.A.;25-Jan-2014
125519;SBI DEBT FUND SERIES - 366 DAYS - 46 - DIRECT PLAN - DIVIDEND;INF200K012Z7;;10.1431;N.A.;N.A.;25-Jan-2014
125522;SBI DEBT FUND SERIES - 366 DAYS - 46 - DIRECT PLAN - GROWTH;INF200K013Z5;;10.1432;N.A.;N.A.;25-Jan-2014
125520;SBI DEBT FUND SERIES - 366 DAYS - 46 - REGULAR PLAN - DIVIDEND;INF200K014Z3;;10.1404;N.A.;N.A.;25-Jan-2014
125521;SBI DEBT FUND SERIES - 366 DAYS - 46 - REGULAR PLAN - GROWTH;INF200K015Z0;;10.1404;N.A.;N.A.;25-Jan-2014
125657;SBI DEBT FUND SERIES - 366 DAYS - 47 - DIRECT PLAN - DIVIDEND;INF200KA1077;;10.1352;N.A.;N.A.;25-Jan-2014
125658;SBI DEBT FUND SERIES - 366 DAYS - 47 - DIRECT PLAN - GROWTH;INF200KA1085;;10.1352;N.A.;N.A.;25-Jan-2014
125659;SBI DEBT FUND SERIES - 366 DAYS - 47 - REGULAR PLAN - DIVIDEND;INF200KA1093;;10.1315;N.A.;N.A.;25-Jan-2014
125660;SBI DEBT FUND SERIES - 366 DAYS - 47 - REGULAR PLAN - GROWTH;INF200KA1101;;10.1315;N.A.;N.A.;25-Jan-2014
125793;SBI DEBT FUND SERIES - 366 DAYS - 48 - DIRECT PLAN - DIVIDEND;INF200KA1192;;10.0988;N.A.;N.A.;25-Jan-2014
125794;SBI DEBT FUND SERIES - 366 DAYS - 48 - DIRECT PLAN - GROWTH;INF200KA1200;;10.0988;N.A.;N.A.;25-Jan-2014
125795;SBI DEBT FUND SERIES - 366 DAYS - 48 - REGULAR PLAN - DIVIDEND;INF200KA1218;;10.0969;N.A.;N.A.;25-Jan-2014
125796;SBI DEBT FUND SERIES - 366 DAYS - 48 - REGULAR PLAN - GROWTH;INF200KA1226;;10.0969;N.A.;N.A.;25-Jan-2014
126093;SBI DEBT FUND SERIES - 366 DAYS - 49 - DIRECT PLAN - DIVIDEND;INF200KA1275;;10.0872;N.A.;N.A.;25-Jan-2014
126094;SBI DEBT FUND SERIES - 366 DAYS - 49 - DIRECT PLAN - GROWTH;INF200KA1283;;10.0872;N.A.;N.A.;25-Jan-2014
126096;SBI DEBT FUND SERIES - 366 DAYS - 49 - REGULAR PLAN - DIVIDEND;INF200KA1291;;10.0856;N.A.;N.A.;25-Jan-2014
126095;SBI DEBT FUND SERIES - 366 DAYS - 49 - REGULAR PLAN - GROWTH;INF200KA1309;;10.0856;N.A.;N.A.;25-Jan-2014
126511;SBI DEBT FUND SERIES - 366 DAYS - 50 - DIRECT PLAN - DIVIDEND;INF200K01L59;;10.0308;N.A.;N.A.;25-Jan-2014
126512;SBI DEBT FUND SERIES - 366 DAYS - 50 - DIRECT PLAN - GROWTH;INF200K01L42;;10.0308;N.A.;N.A.;25-Jan-2014
126514;SBI DEBT FUND SERIES - 366 DAYS - 50 - REGULAR PLAN - DIVIDEND;INF200K01L34;;10.0301;N.A.;N.A.;25-Jan-2014
126513;SBI DEBT FUND SERIES - 366 DAYS - 50 - REGULAR PLAN - GROWTH;INF200K01L26;;10.0301;N.A.;N.A.;25-Jan-2014
113321;SBI Debt Fund Series - 60 Months - 1 - Dividend;INF200K01CQ8;;12.7552;N.A.;N.A.;25-Jan-2014
113401;SBI Debt Fund Series - 60 Months - 1 - Growth;INF200K01CP0;;12.7551;N.A.;N.A.;25-Jan-2014
118220;SBI DEBT FUND SERIES - 60 MONTHS - 2 - DIVIDEND;INF200K01QD6;;10.7371;N.A.;N.A.;25-Jan-2014
118221;SBI DEBT FUND SERIES - 60 MONTHS - 2 - GROWTH;INF200K01QC8;;10.7371;N.A.;N.A.;25-Jan-2014
120901;SBI DEBT FUND SERIES - 60 MONTHS - 3 - DIRECT PLAN - DIVIDEND;INF200K01QQ8;;10.6692;N.A.;N.A.;25-Jan-2014
120900;SBI DEBT FUND SERIES - 60 MONTHS - 3 - DIRECT PLAN - GROWTH;INF200K01QP0;;10.6692;N.A.;N.A.;25-Jan-2014
120899;SBI DEBT FUND SERIES - 60 MONTHS - 3 - REGULAR PLAN - DIVIDEND;INF200K01QF1;;10.6135;N.A.;N.A.;25-Jan-2014
120898;SBI DEBT FUND SERIES - 60 MONTHS - 3 - REGULAR PLAN - GROWTH;INF200K01QE4;;10.6135;N.A.;N.A.;25-Jan-2014
125239;SBI DEBT FUND SERIES - 90 DAYS - 80 - DIRECT PLAN - DIVIDEND;INF200K01F57;;10.2074;N.A.;N.A.;25-Jan-2014
125241;SBI DEBT FUND SERIES - 90 DAYS - 80 - DIRECT PLAN - GROWTH;INF200K01F40;;10.2074;N.A.;N.A.;25-Jan-2014
125240;SBI DEBT FUND SERIES - 90 DAYS - 80 - REGULAR PLAN - DIVIDEND;INF200K01F32;;10.2050;N.A.;N.A.;25-Jan-2014
125242;SBI DEBT FUND SERIES - 90 DAYS - 80 - REGULAR PLAN - GROWTH;INF200K01F24;;10.2050;N.A.;N.A.;25-Jan-2014
125789;SBI DEBT FUND SERIES - 90 DAYS - 81 - DIRECT PLAN - DIVIDEND;INF200K01F99;;10.1077;N.A.;N.A.;25-Jan-2014
125790;SBI DEBT FUND SERIES - 90 DAYS - 81 - DIRECT PLAN - GROWTH;INF200K01F81;;10.1077;N.A.;N.A.;25-Jan-2014
125791;SBI DEBT FUND SERIES - 90 DAYS - 81 - REGULAR PLAN - DIVIDEND;INF200K01F73;;10.1064;N.A.;N.A.;25-Jan-2014
125792;SBI DEBT FUND SERIES - 90 DAYS - 81 - REGULAR PLAN - GROWTH;INF200K01F65;;10.1064;N.A.;N.A.;25-Jan-2014
125968;SBI DEBT FUND SERIES - 90 DAYS - 82 - DIRECT PLAN - DIVIDEND;INF200K01G31;;10.0935;N.A.;N.A.;25-Jan-2014
125965;SBI DEBT FUND SERIES - 90 DAYS - 82 - DIRECT PLAN - GROWTH;INF200K01G23;;10.0935;N.A.;N.A.;25-Jan-2014
125966;SBI DEBT FUND SERIES - 90 DAYS - 82 - REGULAR PLAN - DIVIDEND;INF200K01G15;;10.0929;N.A.;N.A.;25-Jan-2014
125967;SBI DEBT FUND SERIES - 90 DAYS - 82 - REGULAR PLAN - GROWTH;INF200K01G07;;10.0929;N.A.;N.A.;25-Jan-2014
126581;SBI DEBT FUND SERIES A - 1 DIRECT - GROWTH;INF200KA1AY0;;10.0147;N.A.;N.A.;25-Jan-2014
126582;SBI DEBT FUND SERIES A - 1 DIRECT PLAN - DIVIDEND;INF200KA1AZ7;;10.0147;N.A.;N.A.;25-Jan-2014
126580;SBI DEBT FUND SERIES A - 1 REGULAR PLAN - GROWTH;INF200KA1AW4;;10.0134;N.A.;N.A.;25-Jan-2014
126583;SBI DEBT FUND SERIES A - 1 REGULAR PLAN DIVIDEND;INF200KA1AX2;;10.0134;N.A.;N.A.;25-Jan-2014
