Scheme Code;Scheme Name;ISIN Div Payout/ISIN Growth;ISIN Div Reinvestment;Net Asset Value;Repurchase Price;Sale Price;Date

Open Ended Schemes ( Liquid )


Bandhan Mutual Fund
108794;IDFC Liquid Fund - Daily Dividend;INF194K01GJ9;INF194K01GI1;1000.2313;1000.2313;1000.2313;04-Jun-2011
108793;IDFC Liquid Fund - Growth;INF194K01GE0;;1403.9545;1403.9545;1403.9545;04-Jun-2011
108796;IDFC Liquid Fund - Monthly Dividend;INF194K01GG5;INF194K01GF7;1009.9367;1009.9367;1009.9367;04-Jun-2011
108795;IDFC Liquid Fund-Weekly Dividend;INF194K01GM3;INF194K01GL5;1001.4426;1001.4426;1001.4426;04-Jun-2011
111928;IDFC Liquid Fund  Plan D- Growth;INF194K01GR2;;11.2485;11.2485;11.2485;04-Jun-2011
111927;IDFC Liquid Fund Plan - D  - Daily Dividend;INF194K01GT8;INF194K01GS0;10.0023;10.0023;10.0023;04-Jun-2011
112891;IDFC Liquid Fund- Plan F Dividend;INF194K01HD0;INF194K01HC2;10.1683;10.1683;10.1683;04-Jun-2011
112890;IDFC Liquid Fund- Plan F Growth;INF194K01HB4;;10.7489;10.7489;10.7489;04-Jun-2011

ING Mutual Fund
100198;ING Liquid Fund-Institutional Daily Dividend Option;INF084M01473;;10.0121;10.0121;10.0121;04-Jun-2011
100196;ING Liquid Fund-Institutional Growth Option;INF084M01465;;15.5841;15.5841;15.5841;04-Jun-2011
100197;ING Liquid Fund-Institutional Weekly Dividend Option;INF084M01499;INF084M01481;10.0645;10.0645;10.0645;04-Jun-2011
100192;ING Liquid Fund-Regular Daily Dividend Option;INF084M01432;;10.7873;10.7873;10.7873;04-Jun-2011
100190;ING Liquid Fund-Regular Growth Option;INF084M01424;;20.7668;20.7668;20.7668;04-Jun-2011
100191;ING Liquid Fund-Regular Weekly Dividend Option;INF084M01457;INF084M01440;10.8356;10.8356;10.8356;04-Jun-2011
100200;ING Liquid Fund-Super Institutional Daily Dividend Option;INF084M01515;;10.0048;10.0048;10.0048;04-Jun-2011
100199;ING Liquid Fund-Super Institutional Growth Option;INF084M01507;;14.8514;14.8514;14.8514;04-Jun-2011
100201;ING Liquid Fund-Super Institutional Weekly Dividend Option;INF084M01531;INF084M01523;10.0000;10.0000;10.0000;04-Jun-2011

PineBridge Mutual Fund
106513;PineBridge India Liquid Fund- Standard Plan-Daily Dividend Option;;INF178L01699;1001.0000;1001.0000;1001.0000;04-Jun-2011
106508;PineBridge India Liquid Fund- Standard Plan-Growth Option;INF178L01715;;1279.8602;1279.8602;1279.8602;04-Jun-2011
106509;PineBridge India Liquid Fund- Standard Plan-Weekly Dividend Option;;INF178L01764;1002.1890;1002.1890;1002.1890;04-Jun-2011
106506;PineBridge India Liquid Fund-Institutional Plan-Daily Dividend Option;;INF178L01616;1001.0000;1001.0000;1001.0000;04-Jun-2011
106511;PineBridge India Liquid Fund-Institutional Plan-Growth Option;INF178L01632;;1275.1309;1275.1309;1275.1309;04-Jun-2011
106507;PineBridge India Liquid Fund-Institutional Plan-Weekly Dividend Option;;INF178L01681;1002.1754;1002.1754;1002.1754;04-Jun-2011
106503;PineBridge India Liquid Fund-Retail Plan-DailyDividend Option;;INF178L01533;1001.0000;1001.0000;1001.0000;04-Jun-2011
106514;PineBridge India Liquid Fund-Retail Plan-Growth Option;INF178L01558;;1260.7968;1260.7968;1260.7968;04-Jun-2011
106504;PineBridge India Liquid Fund-Retail Plan-Monthly Dividend Option;INF178L01566;INF178L01574;1003.2749;1003.2749;1003.2749;04-Jun-2011
106516;PineBridge India Liquid Fund-Retail Plan-Quarterly Dividend Option;INF178L01582;INF178L01590;1018.5434;1018.5434;1018.5434;04-Jun-2011
106510;PineBridge India Liquid Fund-Retail Plan-Weekly Dividend Option;;INF178L01608;1002.1342;1002.1342;1002.1342;04-Jun-2011

Sahara Mutual Fund
101397;Sahara Liquid Fund-Fixed Pricing -  Weekly Dividend Option;;INF515L01064;1027.4373;1027.4373;1027.4373;04-Jun-2011
101393;Sahara Liquid Fund-Fixed Pricing - Daily Dividend Option;;INF515L01049;1024.9492;1024.9492;1024.9492;04-Jun-2011
101394;Sahara Liquid Fund-Fixed Pricing - Growth option;INF515L01056;;1806.7426;1806.7426;1806.7426;04-Jun-2011
101398;Sahara Liquid Fund-Fixed Pricing - Monthly Dividend Option;;INF515L01072;1026.3974;1026.3974;1026.3974;04-Jun-2011
101399;Sahara Liquid Fund-Variable Pricing - Daily Dividend option;;INF515L01080;1024.9687;1024.9687;1024.9687;04-Jun-2011
101402;Sahara Liquid Fund-Variable Pricing - Growth option;INF515L01114;;1821.6459;1821.6459;1821.6459;04-Jun-2011
101400;Sahara Liquid Fund-Variable Pricing - Weekly Dividend Option;;INF515L01098;1024.9581;1024.9581;1024.9581;04-Jun-2011
101401;Sahara Liquid Fund-Variable Pricing- Monthly Dividend Option;;INF515L01106;1026.7227;1026.7227;1026.7227;04-Jun-2011

Open Ended Schemes ( Debt Scheme - Overnight Fund )


SBI Mutual Fund
114297;SBI Overnight Fund - Regular Plan - Daily Income Distribution cum Capital Withdrawal Option (IDCW);;INF200K01LN6;10.0991;10.0991;10.0991;04-Jun-2011
101206;SBI OVERNIGHT FUND - REGULAR PLAN - GROWTH;INF200K01LQ9;;17.1886;17.1886;17.1886;04-Jun-2011
103140;SBI Overnight Fund - Regular Plan - Weekly Income Distribution cum Capital Withdrawal Option (IDCW);INF200K01LO4;INF200K01LP1;10.3119;10.3119;10.3119;04-Jun-2011

Open Ended Schemes ( Debt Scheme - Liquid Fund )


Bandhan Mutual Fund
108692;BANDHAN LIQUID Fund - Regular Plan - Daily IDCW;INF194K01VZ4;INF194K01VY7;10.0025;10.0025;10.0025;04-Jun-2011
108690;BANDHAN LIQUID Fund - Regular Plan - Growth;INF194K01VX9;;12.1084;12.1084;12.1084;04-Jun-2011
108691;BANDHAN LIQUID Fund - Regular Plan - Weekly IDCW;INF194K01WI8;INF194K01WH0;10.0024;10.0024;10.0024;04-Jun-2011
108779;BANDHAN Liquid Fund-Plan A-Dividend (Daily);INF194K01VC3;INF194K01VB5;10.5819;10.5819;10.5819;04-Jun-2011
108778;BANDHAN Liquid Fund-Plan A-Growth;INF194K01UX1;;17.6637;17.6637;17.6637;04-Jun-2011
108607;BANDHAN Liquid Fund - Plan A-Dividend (Weekly);INF194K01VI0;INF194K01VH2;10.0124;10.0124;10.0124;04-Jun-2011
108781;BANDHAN Liquid Fund - Plan B (G) (Institutional Plan);INF194K01VK6;;17.8158;17.8158;17.8158;04-Jun-2011
108681;BANDHAN Liquid Fund - Plan B-Daily-Dividend(Institutional Plan);INF194K01VM2;INF194K01VL4;10.5873;10.5873;10.5873;04-Jun-2011

Canara Robeco Mutual Fund
109349;CANARA ROBECO LIQUID FUND - REGULAR PLAN - DAILY IDCW (Reinvestment);;INF760K01CU3;10.0550;10.0550;10.0550;04-Jun-2011
109353;CANARA ROBECO LIQUID FUND - REGULAR PLAN - GROWTH OPTION;INF760K01CW9;;12.1027;12.1027;12.1027;04-Jun-2011
109350;CANARA ROBECO LIQUID FUND - REGULAR PLAN - WEEKLY IDCW (Payout/Reinvestment);INF760K01BZ4;INF760K01CZ2;10.0622;10.0622;10.0622;04-Jun-2011
101363;Canara Robeco Liquid Fund- INSTITUTIONAL-Daily Dividend Reinvestment;;INF760K01CC1;10.0550;10.0550;10.0550;04-Jun-2011
101362;Canara Robeco Liquid Fund- INSTITUTIONAL-Growth;INF760K01CD9;;18.0394;18.0394;18.0394;04-Jun-2011
101361;Canara Robeco Liquid Fund- INSTITUTIONAL-Weekly dividend;;INF760K01CE7;10.0619;10.0619;10.0619;04-Jun-2011
109357;Canara Robeco Liquid Fund-Institutional-Fortnightly Div Reinvest;;INF760K01860;10.0000;10.0000;10.0000;04-Jun-2011
109355;Canara Robeco Liquid Fund-Regular Plan-Fortnightly Div Reinvest.;;INF760K01951;10.0000;10.0000;10.0000;04-Jun-2011
101364;Canara Robeco Liquid Fund-Retail-DRI;;INF760K01CF4;10.0700;10.0700;10.0700;04-Jun-2011
109346;Canara Robeco Liquid Fund-Retail-Fortnightly Div Reinvest;;INF760K01CG2;10.0765;10.0765;10.0765;04-Jun-2011
101365;Canara Robeco Liquid Fund-Retail-Growth;INF760K01CH0;;17.9513;17.9513;17.9513;04-Jun-2011
109347;Canara Robeco Liquid Fund-Retail-Monthly Div Reinvest;;INF760K01CI8;10.0766;10.0766;10.0766;04-Jun-2011
109356;Canara Robeco Liquid Fund-Retail-Weekly Div Reinvest;;INF760K01CJ6;10.0615;10.0615;10.0615;04-Jun-2011

LIC Mutual Fund
101184;LIC MF Liquid Fund-Regular Plan-Daily IDCW;INF767K01IQ3;INF767K01IR1;10.9801;10.9801;10.9801;04-Jun-2011
101185;LIC MF Liquid Fund-Regular Plan-Growth;INF767K01IS9;;18.1919;18.1919;18.1919;04-Jun-2011

Principal Mutual Fund
100895;Principal Cash Management Fund - Daily Income Distribution CUM Capital Withdrawal;;INF173K01DB7;10.0007;10.0007;10.0007;04-Jun-2011
100897;Principal Cash Management Fund - Monthly Income Distribution CUM Capital Withdrawal Option;INF173K01BV9;INF173K01BW7;10.1074;10.1074;10.1074;04-Jun-2011
100896;Principal Cash Management Fund - Weekly Income Distribution CUM Capital Withdrawal Option;;INF173K01DC5;10.0647;10.0647;10.0647;04-Jun-2011
100898;Principal Cash Management Fund -Growth Option;INF173K01DA9;;15.4836;15.4836;15.4836;04-Jun-2011

SBI Mutual Fund
105274;SBI Liquid Fund - Institutional - Growth;INF200K01LU1;;15.8173;15.8173;15.8173;04-Jun-2011
105275;SBI Liquid Fund - Institutional Daily Income Distribution cum Capital Withdrawal Option (IDCW);;INF200K01LR7;10.0325;10.0325;10.0325;04-Jun-2011
105279;SBI Liquid Fund - Institutional Fortnightly Income Distribution cum Capital Withdrawal Option (IDCW);INF200K01LS5;INF200K01LT3;10.2031;10.2031;10.2031;04-Jun-2011
105278;SBI Liquid Fund - Institutional Weekly Income Distribution cum Capital Withdrawal Option (IDCW);INF200K01LV9;INF200K01LW7;10.6035;10.6035;10.6035;04-Jun-2011
105281;SBI Liquid Fund - Regular Plan - Daily Income Distribution cum Capital Withdrawal Option (IDCW);;INF200K01LX5;10.0325;10.0325;10.0325;04-Jun-2011
105283;SBI Liquid Fund - Regular Plan - Fortnightly Income Distribution cum Capital Withdrawal Option (IDCW);INF200K01LY3;INF200K01LZ0;N.A.;N.A.;N.A.;04-Jun-2011
105282;SBI Liquid Fund - Regular Plan - Weekly Income Distribution cum Capital Withdrawal Option (IDCW);INF200K01MB9;INF200K01MC7;N.A.;N.A.;N.A.;04-Jun-2011
105280;SBI Liquid Fund - REGULAR PLAN -Growth;INF200K01MA1;;15.6508;15.6508;15.6508;04-Jun-2011

UTI Mutual Fund
102010;UTI Liquid Fund - Regular Plan - Daily IDCW (Reinvestment);;INF789F01PG3;1019.4457;1019.4457;1019.4457;04-Jun-2011
102011;UTI Liquid Fund - Regular Plan - Monthly IDCW;INF789F01PI9;INF789F01PJ7;1025.8843;1025.8843;1025.8843;04-Jun-2011
102013;UTI Liquid Fund - Regular Plan - Weekly IDCW;;INF789F01PK5;1043.8857;1043.8857;1043.8857;04-Jun-2011
102012;UTI-  Liquid Cash Plan - Regular Plan - Growth Option;INF789F01PH1;;1634.051;1634.051;1634.051;04-Jun-2011
102008;UTI-  Liquid Cash Plan- Discontinued - Regular Plan - Monthly Dividend Option;INF789F01BC2;INF789F01BA6;1085.8698;1085.8698;1085.8698;04-Jun-2011
102009;UTI-  Liquid Cash Plan- Discontinued - Regular Plan -Growth;INF789F01BB4;;1600.9971;1600.9971;1600.9971;04-Jun-2011
102007;UTI-  Liquid Cash Plan- Discontinued -Regular Plan Periodic Dividend Option;;INF789F01AZ5;1078.5544;1078.5544;1078.5544;04-Jun-2011

Open Ended Schemes ( Debt Scheme - Ultra Short Duration Fund )


Principal Mutual Fund
107329;Principal Ultra Short Term Fund-Daily Income Distribution CUM Capital Withdrawal Option;;INF173K01CV7;10.0759;10.0759;10.0759;04-Jun-2011
107328;Principal Ultra Short Term Fund-Growth Option;INF173K01CU9;;11.2001;11.2001;11.2001;04-Jun-2011
107332;Principal Ultra Short Term Fund-Weekly Income Distribution CUM Capital Withdrawal Option;;INF173K01CW5;10.12;10.12;10.12;04-Jun-2011

SBI Mutual Fund
105080;SBI Ultra Short Duration Fund - Regular Plan - Daily Income Distribution cum Capital Withdrawal Option (IDCW);;INF200K01LK2;16.7503;16.7503;16.7503;04-Jun-2011
100641;SBI ULTRA SHORT DURATION FUND - REGULAR PLAN - GROWTH;INF200K01LJ4;;22.0939;22.0939;22.0939;04-Jun-2011
103884;SBI Ultra Short Duration Fund - Regular Plan - Weekly Income Distribution cum Capital Withdrawal Option (IDCW);INF200K01LM8;INF200K01LL0;10.7758;10.7758;10.7758;04-Jun-2011

Open Ended Schemes ( Debt Scheme - Money Market Fund )


UTI Mutual Fund
112077;UTI MMF - Regular Plan - Growth Option;INF789F01PX8;;1114.7236;1114.7236;1114.7236;04-Jun-2011
100724;UTI MMF- Discontinued - Regular Plan - Flexi Dividend Option;;INF789F01BD0;1900.9363;1900.9363;1900.9363;04-Jun-2011
100725;UTI MMF- Discontinued - Regular Plan - Periodic Dividend Option;INF789F01BE8;;1890.2684;1890.2684;1890.2684;04-Jun-2011
100723;UTI MMF-Discontinued - Regular Plan -Growth;INF789F01BF5;;2764.5547;2764.5547;2764.5547;04-Jun-2011
112076;UTI Money Market Fund - Regular Plan - Daily IDCW (Reinvestment);;INF789F01PW0;1003.3854;1003.3854;1003.3854;04-Jun-2011
112635;UTI Money Market Fund - Regular Plan - Weekly IDCW;INF789F01PY6;INF789F01PZ3;1015.9326;1015.9326;1015.9326;04-Jun-2011

Close Ended Schemes ( Income )


SBI Mutual Fund
114781;SBI Capital Protection Oriented Fund - Series II -;INF200K01ED2;;10.0054;N.A.;N.A.;04-Jun-2011
114554;SBI Debt Fund Series - 15 Months - 6 Dividend;INF200K01EA8;;10.2980;N.A.;N.A.;04-Jun-2011
114555;SBI Debt Fund Series - 15 Months - 6 Growth;INF200K01DZ7;;10.2981;N.A.;N.A.;04-Jun-2011
114442;SBI Debt Fund Series - 18 Months - 6 - Dividend Option;INF200K01CI5;;10.2750;N.A.;N.A.;04-Jun-2011
114443;SBI Debt Fund Series - 18 Months - 6 - Growth Option;INF200K01CH7;;10.2749;N.A.;N.A.;04-Jun-2011
113275;SBI Debt Fund Series - 24 Months - 2 - Dividend;INF200K01CK1;;10.3230;N.A.;N.A.;04-Jun-2011
113363;SBI Debt Fund Series - 24 Months - 2 - Growth;INF200K01CJ3;;10.3240;N.A.;N.A.;04-Jun-2011
115075;SBI Debt Fund Series - 370 Days 13 - Dividend Payout;INF200K01EJ9;;10.0967;N.A.;N.A.;04-Jun-2011
115076;SBI Debt Fund Series - 370 Days 13 - Growth;INF200K01EI1;;10.0967;N.A.;N.A.;04-Jun-2011
115012;SBI DEBT FUND SERIES - 370 DAYS 11 - GROWTH;INF200K01EE0;;10.1851;N.A.;N.A.;04-Jun-2011
115013;SBI DEBT FUND SERIES - 370 DAYS 11- DIVIDEND;INF200K01EF7;;10.1850;N.A.;N.A.;04-Jun-2011
115048;SBI Debt Fund Series - 370 Days 12 - Dividend Payout;INF200K01EH3;;10.1174;N.A.;N.A.;04-Jun-2011
115047;SBI Debt Fund Series - 370 Days 12 - Growth;INF200K01EG5;;10.1174;N.A.;N.A.;04-Jun-2011
115260;SBI DEBT FUND SERIES - 370 DAYS - 15 - DIVIDEND;INF200K01EN1;;10.0277;N.A.;N.A.;04-Jun-2011
115261;SBI DEBT FUND SERIES - 370 DAYS - 15 - GROWTH;INF200K01EM3;;10.0277;N.A.;N.A.;04-Jun-2011
113321;SBI Debt Fund Series - 60 Months - 1 - Dividend;INF200K01CQ8;;10.1660;N.A.;N.A.;04-Jun-2011
113401;SBI Debt Fund Series - 60 Months - 1 - Growth;INF200K01CP0;;10.1659;N.A.;N.A.;04-Jun-2011
115010;SBI DEBT FUND SERIES - 90 DAYS 42 -GROWTH;;;10.1809;N.A.;N.A.;04-Jun-2011
115011;SBI DEBT FUND SERIES - 90 DAYS 42-DIVIDEND;;;10.0106;N.A.;N.A.;04-Jun-2011
115180;SBI DEBT FUND SERIES - 90 DAYS 43 -GROWTH;;;10.0764;N.A.;N.A.;04-Jun-2011
115181;SBI DEBT FUND SERIES - 90 DAYS 43-DIVIDEND;;;10.0099;N.A.;N.A.;04-Jun-2011
114351;SBI Debt Fund Series - 180 Days - 14 Dividend;;;10.0107;N.A.;N.A.;04-Jun-2011
114352;SBI Debt Fund Series - 180 Days - 14 Growth;;;10.3962;N.A.;N.A.;04-Jun-2011
114622;SBI Debt Fund Series - 180 Days - 15 Dividend;;;10.0156;N.A.;N.A.;04-Jun-2011
114621;SBI Debt Fund Series - 180 Days - 15 Growth;;;10.3096;N.A.;N.A.;04-Jun-2011
114724;SBI SDFS 180 DAYS 16 - DIVIDEND PAYOUT;;;10.0110;N.A.;N.A.;04-Jun-2011
114725;SBI SDFS 180 DAYS 16 - GROWTH;;;10.2534;N.A.;N.A.;04-Jun-2011
115114;SBI SDFS 180 DAYS 17 - DIVIDEND PAYOUT;;;10.0904;N.A.;N.A.;04-Jun-2011
115115;SBI SDFS 180 DAYS 17 - GROWTH;;;10.0904;N.A.;N.A.;04-Jun-2011
115187;SBI SDFS 180 DAYS 18 - DIVIDEND PAYOUT;;;10.0550;N.A.;N.A.;04-Jun-2011
115188;SBI SDFS 180 DAYS 18 - GROWTH;;;10.0550;N.A.;N.A.;04-Jun-2011
114723;SBI DEBT FUND SERIES 370 DAYS 10 - GROWTH;INF200K01DV6;;10.2507;N.A.;N.A.;04-Jun-2011
114722;SBI DEBT FUND SERIES 370 DAYS 10- Dividend;INF200K01DW4;;10.2507;N.A.;N.A.;04-Jun-2011
114837;SBI Debt Fund Series 90 Days 41 - Dividend Payout;;;10.0105;N.A.;N.A.;04-Jun-2011
114836;SBI Debt Fund Series 90 Days 41 - Growth;;;10.2170;N.A.;N.A.;04-Jun-2011
114839;REDEEMED-SBI Debt Fund Series - 13 Months 11 - Dividend Payout;INF200K01DY0;;10.2010;N.A.;N.A.;04-Jun-2011
114838;REDEEMED-SBI Debt Fund Series 13 Months 11 - Growth;INF200K01DX2;;10.2010;N.A.;N.A.;04-Jun-2011
112818;REDEEMED-SBI Debt Fund Series - 15 Months - 5 (09/03/2010)-DIVIDEND;;;10.0097;N.A.;N.A.;04-Jun-2011
112817;REDEEMED-SBI Debt Fund Series - 15 Months - 5 (09/03/2010)-GROWTH;;;10.7935;N.A.;N.A.;04-Jun-2011
114343;Z-REDEEMED-SBI Debt Fund Series - 18 Months - 4 - Dividend Option;INF200K01CE4;;10.3227;N.A.;N.A.;04-Jun-2011
114303;Z-REDEEMED-SBI Debt Fund Series - 18 Months - 4 - Growth Option;INF200K01CD6;;10.3226;N.A.;N.A.;04-Jun-2011
114388;Z-REDEEMED-SBI Debt Fund Series - 18 Months - 5 - Dividend Option;INF200K01CG9;;10.2760;N.A.;N.A.;04-Jun-2011
114389;Z-REDEEMED-SBI Debt Fund Series - 18 Months - 5 - Growth Option;INF200K01CF1;;10.2759;N.A.;N.A.;04-Jun-2011
115152;Z-REDEEMED-SBI Debt Fund Series - 370 days - 14 - Dividend Payout;INF200K01EL5;;10.0704;N.A.;N.A.;04-Jun-2011
115151;Z-REDEEMED-SBI Debt Fund Series - 370 Days - 14 - Growth;INF200K01EK7;;10.0704;N.A.;N.A.;04-Jun-2011
113182;Z-REDEEMED-SBI Debt Fund Series - 370 Days - 6 - Dividend;;;10.4235;N.A.;N.A.;04-Jun-2011
113340;Z-REDEEMED-SBI Debt Fund Series - 370 Days - 6 - Growth;;;10.5001;N.A.;N.A.;04-Jun-2011
113411;Z-REDEEMED-SBI Debt Fund Series - 370 Days - 7 - Dividend;;;10.3748;N.A.;N.A.;04-Jun-2011
114250;Z-REDEEMED-SBI Debt Fund Series - 370 Days - 7 - Growth;;;10.4258;N.A.;N.A.;04-Jun-2011
114194;Z-REDEEMED-SBI Debt Fund Series - 370 Days - 8 - Dividend;;;10.3308;N.A.;N.A.;04-Jun-2011
114311;Z-REDEEMED-SBI Debt Fund Series - 370 Days - 8 - Growth;;;10.3819;N.A.;N.A.;04-Jun-2011
114620;Z-REDEEMED-SBI Debt Fund Series - 370 Days - 9 - Dividend;INF200K01DU8;;10.2929;N.A.;N.A.;04-Jun-2011
114619;Z-REDEEMED-SBI Debt Fund Series - 370 Days - 9 - Growth;INF200K01DT0;;10.2923;N.A.;N.A.;04-Jun-2011
113181;Z-REDEEMED-SBI Debt Fund Series - 370 Days - 5 Dividend;;;10.0107;N.A.;N.A.;04-Jun-2011
113230;Z-REDEEMED-SBI Debt Fund Series - 370 Days - 5 Growth;;;10.5268;N.A.;N.A.;04-Jun-2011
