Scheme Code;Scheme Name;ISIN Div Payout/ISIN Growth;ISIN Div Reinvestment;Net Asset Value;Repurchase Price;Sale Price;Date

Open Ended Schemes ( Income )


Standard Chartered Mutual Fund
102342;GCF-Plan C-Daily Dividend;;;10.0005;10.0005;10.0005;07-Jul-2007
102340;GCF-Plan C-Growth;;;12.0446;12.0446;12.0446;07-Jul-2007
102343;GCF-Plan C-Monthly Dividend;;;0;0;0;07-Jul-2007
102341;GCF-Plan C-weekly Dividend;;;10.0019;10.0019;10.0019;07-Jul-2007
101780;GCF Daily-Dividend(Institutional Plan);;;10.5816;10.5816;10.5816;07-Jul-2007
101760;GCF Dividend-Weekly(Institutional Plan);;;10.3013;10.3013;10.3013;07-Jul-2007
102348;GFRF-Plan C-Daily Dividend;;;10.0015;10.0015;10.0015;07-Jul-2007
102347;GFRF-Plan C-Growth;;;12.0221;12.0221;12.0221;07-Jul-2007
102350;GFRF-Plan C-Monthly Divdend;;;0;0;0;07-Jul-2007
102349;GFRF-Plan C-Weekly Dividend;;;0;0;0;07-Jul-2007
101947;GFRF (Daily - Dividind);;;10.0699;10.0699;10.0699;07-Jul-2007
101948;GFRF (Dividend - Weekly);;;10.0685;10.0685;10.0685;07-Jul-2007
101773;GFRF - Growth(Institutional Plan);;;12.4451;12.4451;12.4451;07-Jul-2007
101774;GFRF Dividend-Daily (Institutional Plan);;;10.0703;10.0703;10.0703;07-Jul-2007
101776;GFRF Dividend-Monthly(Institutional Plan);;;0;0;0;07-Jul-2007
101775;GFRF Dividend-Weekly(Institutional Plan);;;10.0931;10.0931;10.0931;07-Jul-2007
101100;Grindlays Cash Fund-Dividend (Daily);;;10.5819;10.5819;10.5819;07-Jul-2007
101099;Grindlays Cash Fund-Growth;;;14.0366;14.0366;14.0366;07-Jul-2007
101319;Grindlays Cash Fund - Dividend (Weekly);;;10.1933;10.1933;10.1933;07-Jul-2007
101632;Grindlays Cash Fund - Plan B (D) (Institutional Plan);;;0;0;0;07-Jul-2007
101248;Grindlays Cash Fund - Plan B (G) (Institutional Plan);;;14.1099;14.1099;14.1099;07-Jul-2007

Open Ended Schemes ( Liquid )


ING Mutual Fund
100194;ING Liquid Fund-Auto Sweep Growth Option;;;10.0000;10.0000;10.0000;07-Jul-2007
100195;ING Liquid Fund-Auto Sweep Weekly Dividend Option;;;10.0000;10.0000;10.0000;07-Jul-2007
100198;ING Liquid Fund-Institutional Daily Dividend Option;INF084M01473;;10.0121;10.0121;10.0121;07-Jul-2007
100196;ING Liquid Fund-Institutional Growth Option;INF084M01465;;12.0226;12.0226;12.0226;07-Jul-2007
100197;ING Liquid Fund-Institutional Weekly Dividend Option;INF084M01499;INF084M01481;10.0623;10.0623;10.0623;07-Jul-2007
100192;ING Liquid Fund-Regular Daily Dividend Option;INF084M01432;;10.7873;10.7873;10.7873;07-Jul-2007
100190;ING Liquid Fund-Regular Growth Option;INF084M01424;;16.1880;16.1880;16.1880;07-Jul-2007
100191;ING Liquid Fund-Regular Weekly Dividend Option;INF084M01457;INF084M01440;10.8329;10.8329;10.8329;07-Jul-2007
100200;ING Liquid Fund-Super Institutional Daily Dividend Option;INF084M01515;;10.0048;10.0048;10.0048;07-Jul-2007
100199;ING Liquid Fund-Super Institutional Growth Option;INF084M01507;;11.3859;11.3859;11.3859;07-Jul-2007
100201;ING Liquid Fund-Super Institutional Weekly Dividend Option;INF084M01531;INF084M01523;10.0126;10.0126;10.0126;07-Jul-2007

Sahara Mutual Fund
101397;Sahara Liquid Fund-Fixed Pricing -  Weekly Dividend Option;;INF515L01064;1025.3548;1025.3548;1025.3548;07-Jul-2007
101393;Sahara Liquid Fund-Fixed Pricing - Daily Dividend Option;;INF515L01049;1024.8954;1024.8954;1024.8954;07-Jul-2007
101394;Sahara Liquid Fund-Fixed Pricing - Growth option;INF515L01056;;1370.4249;1370.4249;1370.4249;07-Jul-2007
101398;Sahara Liquid Fund-Fixed Pricing - Monthly Dividend Option;;INF515L01072;1026.5387;1026.5387;1026.5387;07-Jul-2007
101399;Sahara Liquid Fund-Variable Pricing - Daily Dividend option;;INF515L01080;1024.9159;1024.9159;1024.9159;07-Jul-2007
101402;Sahara Liquid Fund-Variable Pricing - Growth option;INF515L01114;;1375.5234;1375.5234;1375.5234;07-Jul-2007
101400;Sahara Liquid Fund-Variable Pricing - Weekly Dividend Option;;INF515L01098;1025.3322;1025.3322;1025.3322;07-Jul-2007
101401;Sahara Liquid Fund-Variable Pricing- Monthly Dividend Option;;INF515L01106;1026.9132;1026.9132;1026.9132;07-Jul-2007

Standard Chartered Mutual Fund
103525;Standard Chartered Liquidity Manager (SCLM)-A-Dividend Daily;;;10.0125;10.0125;10.0125;07-Jul-2007
103527;Standard Chartered Liquidity Manager (SCLM)-A-Dividend Monthly;;;10.0101;10.0101;10.0101;07-Jul-2007
103526;Standard Chartered Liquidity Manager (SCLM)-A-Dividend Weekly;;;10.0025;10.0025;10.0025;07-Jul-2007
103524;Standard Chartered Liquidity Manager (SCLM)-A-Growth;;;10.9227;10.9227;10.9227;07-Jul-2007
103598;Standard Chartered Liquidity Manager Plus-A-Dividend Daily;;;1000.2100;1000.2100;1000.2100;07-Jul-2007
103600;Standard Chartered Liquidity Manager Plus-A-Dividend Monthly;;;1001.8817;1001.8817;1001.8817;07-Jul-2007
103599;Standard Chartered Liquidity Manager Plus-A-Dividend Weekly;;;1000.2920;1000.2920;1000.2920;07-Jul-2007
103597;Standard Chartered Liquidity Manager Plus-A-Growth;;;1096.8593;1096.8593;1096.8593;07-Jul-2007

Open Ended Schemes ( Floating Rate )


Standard Chartered Mutual Fund
101630;Grindlays Floating Rate Fund - Growth;;;12.6017;12.6017;12.6017;07-Jul-2007
101631;Grindlays Floating Rate Fund- Dividend Monthly;;;10.0407;10.0407;10.0407;07-Jul-2007

Open Ended Schemes ( Debt Scheme - Overnight Fund )


SBI Mutual Fund
101206;SBI OVERNIGHT FUND - REGULAR PLAN - GROWTH;INF200K01LQ9;;13.2403;13.2403;13.2403;07-Jul-2007
103140;SBI Overnight Fund - Regular Plan - Weekly Income Distribution cum Capital Withdrawal Option (IDCW);INF200K01LO4;INF200K01LP1;10.2500;10.2500;10.2500;07-Jul-2007

Open Ended Schemes ( Debt Scheme - Liquid Fund )


Baroda BNP Paribas Mutual Fund
101408;Baroda BNP Paribas LIQUID FUND- Defunct Plan -Growth Option;INF955L01575;;13.6782;13.6782;13.6782;07-Jul-2007
101407;Baroda BNP Paribas LIQUID FUND-Defunct Plan- IDCW Option;INF955L01559;INF955L01567;11.7248;11.7248;11.7248;07-Jul-2007
101409;Baroda BNP Paribas LIQUID FUND-Defunct Plan-Daily IDCW Option;INF955L01518;INF955L01526;10.0601;10.0601;10.0601;07-Jul-2007

Canara Robeco Mutual Fund
101363;Canara Robeco Liquid Fund- INSTITUTIONAL-Daily Dividend Reinvestment;;INF760K01CC1;10.0410;10.0410;10.0410;07-Jul-2007
101362;Canara Robeco Liquid Fund- INSTITUTIONAL-Growth;INF760K01CD9;;13.9574;13.9574;13.9574;07-Jul-2007
101361;Canara Robeco Liquid Fund- INSTITUTIONAL-Weekly dividend;;INF760K01CE7;10.0442;10.0442;10.0442;07-Jul-2007
101364;Canara Robeco Liquid Fund-Retail-DRI;;INF760K01CF4;10.0410;10.0410;10.0410;07-Jul-2007
101365;Canara Robeco Liquid Fund-Retail-Growth;INF760K01CH0;;13.9434;13.9434;13.9434;07-Jul-2007

Principal Mutual Fund
100895;Principal Cash Management Fund - Daily Income Distribution CUM Capital Withdrawal;;INF173K01DB7;10.0007;10.0007;10.0007;07-Jul-2007
100897;Principal Cash Management Fund - Monthly Income Distribution CUM Capital Withdrawal Option;INF173K01BV9;INF173K01BW7;10.0169;10.0169;10.0169;07-Jul-2007
100896;Principal Cash Management Fund - Weekly Income Distribution CUM Capital Withdrawal Option;;INF173K01DC5;10.0038;10.0038;10.0038;07-Jul-2007
100898;Principal Cash Management Fund -Growth Option;INF173K01DA9;;11.9373;11.9373;11.9373;07-Jul-2007
100892;Principal Cash Management-Liquid Option-Daily Dividend;;;10.0022;10.0022;10.0022;07-Jul-2007
100887;Principal Cash Management-Liquid Option-Dividend Plan;;;10.1228;10.1228;10.1228;07-Jul-2007
100888;Principal Cash Management-Liquid Option-Growth Plan;;;15.0193;15.0193;15.0193;07-Jul-2007
100894;Principal Cash Management-Liquid Option-Institutional - Daily Dividend Plan;;;10.0022;10.0022;10.0022;07-Jul-2007
100893;Principal Cash Management-Liquid Option-Institutional - Growth Plan;;;12.6280;12.6280;12.6280;07-Jul-2007
100891;Principal Cash Management-Liquid Option-Institutional - Monthly Dividend Plan;;;10.0169;10.0169;10.0169;07-Jul-2007
100890;Principal Cash Management-Liquid Option-Institutional - Weekly Dividend Plan;;;10.0045;10.0045;10.0045;07-Jul-2007
100889;Principal Cash Management-Liquid Option-Monthly Dividend;;;10.0163;10.0163;10.0163;07-Jul-2007

SBI Mutual Fund
105274;SBI Liquid Fund - Institutional - Growth;INF200K01LU1;;12.2800;12.2800;12.2800;07-Jul-2007
105275;SBI Liquid Fund - Institutional Daily Income Distribution cum Capital Withdrawal Option (IDCW);;INF200K01LR7;10.0325;10.0325;10.0325;07-Jul-2007
105279;SBI Liquid Fund - Institutional Fortnightly Income Distribution cum Capital Withdrawal Option (IDCW);INF200K01LS5;INF200K01LT3;10.1118;10.1118;10.1118;07-Jul-2007
105278;SBI Liquid Fund - Institutional Weekly Income Distribution cum Capital Withdrawal Option (IDCW);INF200K01LV9;INF200K01LW7;10.5676;10.5676;10.5676;07-Jul-2007
105281;SBI Liquid Fund - Regular Plan - Daily Income Distribution cum Capital Withdrawal Option (IDCW);;INF200K01LX5;10.0325;10.0325;10.0325;07-Jul-2007
105283;SBI Liquid Fund - Regular Plan - Fortnightly Income Distribution cum Capital Withdrawal Option (IDCW);INF200K01LY3;INF200K01LZ0;N.A.;N.A.;N.A.;07-Jul-2007
105282;SBI Liquid Fund - Regular Plan - Weekly Income Distribution cum Capital Withdrawal Option (IDCW);INF200K01MB9;INF200K01MC7;0;0;0;07-Jul-2007
105280;SBI Liquid Fund - REGULAR PLAN -Growth;INF200K01MA1;;0;0;0;07-Jul-2007

Taurus Mutual Fund
104240;Taurus Liquid Fund-Dividend;INF044D01542;INF044D01559;10.0018;10.0018;10.0018;07-Jul-2007
104241;Taurus Liquid Fund-Growth;INF044D01575;;10.5498;10.5498;10.5498;07-Jul-2007

UTI Mutual Fund
102010;UTI Liquid Fund - Regular Plan - Daily IDCW (Reinvestment);;INF789F01PG3;1019.4457;1019.4457;1019.4457;07-Jul-2007
102011;UTI Liquid Fund - Regular Plan - Monthly IDCW;INF789F01PI9;INF789F01PJ7;1025.695;1025.695;1025.695;07-Jul-2007
102013;UTI Liquid Fund - Regular Plan - Weekly IDCW;;INF789F01PK5;1023.7181;1023.7181;1023.7181;07-Jul-2007
102012;UTI-  Liquid Cash Plan - Regular Plan - Growth Option;INF789F01PH1;;1258.6433;1258.6433;1258.6433;07-Jul-2007
102008;UTI-  Liquid Cash Plan- Discontinued - Regular Plan - Monthly Dividend Option;INF789F01BC2;INF789F01BA6;1035.0574;1035.0574;1035.0574;07-Jul-2007
102009;UTI-  Liquid Cash Plan- Discontinued - Regular Plan -Growth;INF789F01BB4;;1250.1255;1250.1255;1250.1255;07-Jul-2007
102007;UTI-  Liquid Cash Plan- Discontinued -Regular Plan Periodic Dividend Option;;INF789F01AZ5;1024.0316;1024.0316;1024.0316;07-Jul-2007

Open Ended Schemes ( Debt Scheme - Ultra Short Duration Fund )


SBI Mutual Fund
105080;SBI Ultra Short Duration Fund - Regular Plan - Daily Income Distribution cum Capital Withdrawal Option (IDCW);;INF200K01LK2;16.7503;16.7503;16.7503;07-Jul-2007
100641;SBI ULTRA SHORT DURATION FUND - REGULAR PLAN - GROWTH;INF200K01LJ4;;17.1687;17.1687;17.1687;07-Jul-2007
103884;SBI Ultra Short Duration Fund - Regular Plan - Weekly Income Distribution cum Capital Withdrawal Option (IDCW);INF200K01LM8;INF200K01LL0;10.6481;10.6481;10.6481;07-Jul-2007

UTI Mutual Fund
102532;UTI Ultra Short Duration Fund - Regular Plan - Growth Option;INF789F01570;;1222.7802;1222.7802;1222.7802;07-Jul-2007
102531;UTI Ultra Short Duration Fund - Regular Plan - Weekly IDCW (Reinvestment);;INF789F01562;1014.5549;1014.5549;1014.5549;07-Jul-2007

Open Ended Schemes ( Debt Scheme - Low Duration Fund )


Canara Robeco Mutual Fund
104559;CANARA ROBECO SAVINGS FUND - REGULAR PLAN - DAILY IDCW (Reinvestment);;INF760K01803;10.2600;10.2600;10.2600;07-Jul-2007
102913;CANARA ROBECO SAVINGS FUND - REGULAR PLAN - GROWTH OPTION;INF760K01795;;11.7338;11.7338;11.7338;07-Jul-2007
102914;CANARA ROBECO SAVINGS FUND - REGULAR PLAN - IDCW (Payout/Reinvestment);INF760K01779;INF760K01787;11.2850;11.2850;11.2850;07-Jul-2007
102915;CANARA ROBECO SAVINGS FUND - REGULAR PLAN - WEEKLY IDCW (Payout/Reinvestment);INF760K01CB3;INF760K01811;10.2634;10.2634;10.2634;07-Jul-2007

Open Ended Schemes ( Debt Scheme - Money Market Fund )


UTI Mutual Fund
100724;UTI MMF- Discontinued - Regular Plan - Flexi Dividend Option;;INF789F01BD0;17.8112;17.8112;17.8112;07-Jul-2007
100725;UTI MMF- Discontinued - Regular Plan - Periodic Dividend Option;INF789F01BE8;;17.6859;17.6859;17.6859;07-Jul-2007
100723;UTI MMF-Discontinued - Regular Plan -Growth;INF789F01BF5;;21.493;21.493;21.493;07-Jul-2007

Open Ended Schemes ( Debt Scheme - Credit Risk Fund )


Principal Mutual Fund
102729;Principal Credit Risk Fund - Regular Plan - Growth Option;INF173K01DM4;;11.9589;11.9589;11.9589;07-Jul-2007
102732;Principal Credit Risk Fund - Regular Plan - Monthly Dividend Option;INF173K01BJ4;INF173K01BK2;10.6397;10.6397;10.6397;07-Jul-2007
102726;Principal Floating Rate Fund - SMP-Daily Dividend;;;10.0007;10.0007;10.0007;07-Jul-2007
102725;Principal Floating Rate Fund - SMP-Growth;;;11.9136;11.9136;11.9136;07-Jul-2007
102730;Principal Floating Rate Fund - SMP-Insti. Daily Dividend;;;10.0007;10.0007;10.0007;07-Jul-2007
102731;Principal Floating Rate Fund - SMP-Insti. Weekly Dividend;;;10.0045;10.0045;10.0045;07-Jul-2007
102728;Principal Floating Rate Fund - SMP-Monthly Dividend;;;10.2912;10.2912;10.2912;07-Jul-2007
102727;Principal Floating Rate Fund - SMP-Weekly Dividend;;;10.0044;10.0044;10.0044;07-Jul-2007
