Scheme Code;Scheme Name;ISIN Div Payout/ISIN Growth;ISIN Div Reinvestment;Net Asset Value;Repurchase Price;Sale Price;Date

Open Ended Schemes ( Income )


Fortis Mutual Fund
111315;Fortis Bond Fund - Institutional Plan -Annual-Dividend Option;;;0.0000;0.0000;0.0000;29-Nov-2008
111310;Fortis Bond Fund - Institutional Plan -Growth Option;;;10.1587;10.0571;10.1587;29-Nov-2008
111309;Fortis Bond Fund - Regular Plan - Annual-Dividend Option;;;10.1517;10.0502;10.1517;29-Nov-2008
111307;Fortis Bond Fund - Regular Plan - Fortnightly-Dividend Option;;;10.1517;10.0502;10.1517;29-Nov-2008
111308;Fortis Bond Fund - Regular Plan - Growth Option;;;10.1505;10.0490;10.1505;29-Nov-2008
111314;Fortis Bond Fund - Regular Plan - Monthly-Dividend Option;;;10.0620;9.9614;10.0620;29-Nov-2008
111306;Fortis Bond Fund - Regular Plan - Quarterly-Dividend Option;;;10.1517;10.0502;10.1517;29-Nov-2008
111313;Fortis Bond Fund -Institutional Plan - Fortnightly-Dividend Option;;;10.1579;10.0563;10.1579;29-Nov-2008
111311;Fortis Bond Fund -Institutional Plan - Monthly-Dividend Option;;;0.0000;0.0000;0.0000;29-Nov-2008
111312;Fortis Bond Fund -Institutional Plan - Quarterly-Dividend Option;;;0.0000;0.0000;0.0000;29-Nov-2008
110808;Fortis Flexi Debt Fund-Regular Plan-Daily Dividend Option;;;10.1090;10.1090;10.1090;29-Nov-2008
110805;Fortis Flexi Debt Fund-Regular Plan-Growth Option;;;13.6255;13.6255;13.6255;29-Nov-2008
110807;Fortis Flexi Debt Fund-Regular Plan-Half-Yearly Dividend Option;;;10.4012;10.4012;10.4012;29-Nov-2008
110806;Fortis Flexi Debt Fund-Regular Plan-Quarterly Dividend Option;;;10.3994;10.3994;10.3994;29-Nov-2008
110809;Fortis Flexi Debt Fund-Regular Plan-Weekly Dividend Option;;;10.1143;10.1143;10.1143;29-Nov-2008
110974;Fortis Flexible Short Term Plan - Series A - Regular Plan - Calendar Quarterly Dividend Option- Automatic Redemption;;;10.0900;9.6864;10.0900;29-Nov-2008
110975;Fortis Flexible Short Term Plan - Series A - Regular Plan - Calendar Quarterly Dividend Option- Automatic Renewal;;;10.0900;9.6864;10.0900;29-Nov-2008
110972;Fortis Flexible Short Term Plan - Series A - Regular Plan - Growth Option - Automatic Redemption;;;11.5452;11.0834;11.5452;29-Nov-2008
110968;Fortis Flexible Short Term Plan - Series A - Regular Plan - Growth Option - Automatic Renewal;;;11.5464;11.0845;11.5464;29-Nov-2008
110971;Fortis Flexible Short Term Plan - Series A - Regular Plan - Monthly Dividend Option- Automatic Redemption;;;10.0126;9.6121;10.0126;29-Nov-2008
110970;Fortis Flexible Short Term Plan - Series A - Regular Plan - Monthly Dividend Option- Automatic Renewal;;;10.0126;9.6121;10.0126;29-Nov-2008
110973;Fortis Flexible Short Term Plan - Series A - Regular Plan - Quarterly Dividend Option- Automatic Redemption;;;10.0900;9.6864;10.0900;29-Nov-2008
110969;Fortis Flexible Short Term Plan - Series A - Regular Plan - Quarterly Dividend Option- Automatic Renewal;;;10.0900;9.6864;10.0900;29-Nov-2008
110989;Fortis FLEXIBLE SHORT TERM PLAN - SERIES B - Regular Plan - Growth Option - Compulsory Redemption;;;11.5116;11.0511;11.5116;29-Nov-2008
110984;FORTIS FLEXIBLE SHORT TERM PLAN - SERIES B - Regular Plan - Growth Option - Compulsory Renewal;;;11.5103;11.0499;11.5103;29-Nov-2008
110986;FORTIS FLEXIBLE SHORT TERM PLAN - SERIES B - Regular Plan - Monthly Dividend Option - Compulsory Redemption;;;10.0126;9.6121;10.0126;29-Nov-2008
110987;FORTIS FLEXIBLE SHORT TERM PLAN - SERIES B - Regular Plan - Monthly Dividend Option - Compulsory Renewal;;;10.0126;9.6121;10.0126;29-Nov-2008
110988;FORTIS FLEXIBLE SHORT TERM PLAN - SERIES B - Regular Plan - Quarterly Dividend Option - Compulsory Redemption;;;10.0191;9.6183;10.0191;29-Nov-2008
110985;FORTIS FLEXIBLE SHORT TERM PLAN - SERIES B - Regular Plan - Quarterly Dividend Option - Compulsory Renewal;;;10.0191;9.6183;10.0191;29-Nov-2008
110999;FORTIS FLEXIBLE SHORT TERM PLAN - SERIES C- Regular Plan - Calendar Quarterly Dividend Option - Automatic Redemption;;;10.2125;9.8040;10.2125;29-Nov-2008
110998;FORTIS FLEXIBLE SHORT TERM PLAN - SERIES C- Regular Plan - Calendar Quarterly Dividend Option - Automatic Renewal;;;10.2126;9.8041;10.2126;29-Nov-2008
110993;FORTIS FLEXIBLE SHORT TERM PLAN - SERIES C- Regular Plan - Growth Option - Automatic Redemption;;;11.4659;11.0073;11.4659;29-Nov-2008
110992;FORTIS FLEXIBLE SHORT TERM PLAN - SERIES C- Regular Plan - Growth Option - Automatic Renewal;;;11.4648;11.0062;11.4648;29-Nov-2008
110997;FORTIS FLEXIBLE SHORT TERM PLAN - SERIES C- Regular Plan - Monthly Dividend Option - Automatic Redemption;;;10.0108;9.6104;10.0108;29-Nov-2008
110996;FORTIS FLEXIBLE SHORT TERM PLAN - SERIES C- Regular Plan - Monthly Dividend Option - Automatic Renewal;;;10.0108;9.6104;10.0108;29-Nov-2008
110994;FORTIS FLEXIBLE SHORT TERM PLAN - SERIES C- Regular Plan - Quarterly Dividend Option - Automatic Redemption;;;10.2545;9.8443;10.2545;29-Nov-2008
110995;FORTIS FLEXIBLE SHORT TERM PLAN - SERIES C- Regular Plan - Quarterly Dividend Option - Automatic Renewal;;;10.2545;9.8443;10.2545;29-Nov-2008
110983;FORTIS FLEXIBLE SHORT TERM PLAN - SERIES- D - Regular Plan - Calendar  Quarterly Dividend Option - Compulsory Redemption;;;0.0000;0.0000;0.0000;29-Nov-2008
110982;FORTIS FLEXIBLE SHORT TERM PLAN - SERIES- D - Regular Plan - Calendar Quarterly Dividend Option - Compulsory Renewal;;;10.2273;9.8182;10.2273;29-Nov-2008
110978;FORTIS FLEXIBLE SHORT TERM PLAN - SERIES- D - Regular Plan - Growth Option - Compulsory Redemption;;;0.0000;0.0000;0.0000;29-Nov-2008
110980;FORTIS FLEXIBLE SHORT TERM PLAN - SERIES- D - Regular Plan - Growth Option - Compulsory Renewal;;;11.4650;11.0064;11.4650;29-Nov-2008
110981;FORTIS FLEXIBLE SHORT TERM PLAN - SERIES- D - Regular Plan - Monthly Dividend Option - Compulsory Redemption;;;0.0000;0.0000;0.0000;29-Nov-2008
110977;FORTIS FLEXIBLE SHORT TERM PLAN - SERIES- D - Regular Plan - Monthly Dividend Option - Compulsory Renewal;;;10.0135;9.6130;10.0135;29-Nov-2008
110976;FORTIS FLEXIBLE SHORT TERM PLAN - SERIES- D - Regular Plan - Quarterly Dividend Option - Compulsory Redemption;;;10.2678;9.8571;10.2678;29-Nov-2008
110979;FORTIS FLEXIBLE SHORT TERM PLAN - SERIES- D - Regular Plan - Quarterly Dividend Option - Compulsory Renewal;;;10.2670;9.8563;10.2670;29-Nov-2008
111116;Fortis Interval Fund - Monthly Plan A - Calender Monthly Dividend Option -  Automatic Redemption;;;0.0000;0.0000;0.0000;29-Nov-2008
111117;Fortis Interval Fund - Monthly Plan A - Calender Monthly Dividend Option -  Automatic Renewal;;;10.0123;9.6118;10.0123;29-Nov-2008
111112;Fortis Interval Fund - Monthly Plan A - Growth Option - Automatic Redemption;;;0.0000;0.0000;0.0000;29-Nov-2008
111115;Fortis Interval Fund - Monthly Plan A - Growth Option - Automatic Renewal;;;11.0269;10.5858;11.0269;29-Nov-2008
111114;Fortis Interval Fund - Monthly Plan A - Interval Period Dividend Option - Automatic Redemption;;;10.0498;9.6478;10.0498;29-Nov-2008
111113;Fortis Interval Fund - Monthly Plan A - Interval Period Dividend Option - Automatic Renewal;;;10.0498;9.6478;10.0498;29-Nov-2008
111038;Fortis Interval Fund - Quarterly Plan H -  Regular Plan Quarterly Dividend Option - Compulsory Redemption;;;0.0000;0.0000;0.0000;29-Nov-2008
111035;Fortis Interval Fund - Quarterly Plan H - Regular Plan  Growth Option - Compulsory Redemption;;;10.8107;10.3783;10.8107;29-Nov-2008
111040;Fortis Interval Fund - Quarterly Plan H - Regular Plan  Growth Option - Compulsory Renewal;;;11.3039;10.8517;11.3039;29-Nov-2008
111036;Fortis Interval Fund - Quarterly Plan H - Regular Plan  Interval Period Dividend Option - Compulsory Redemption;;;10.0962;9.6924;10.0962;29-Nov-2008
111039;Fortis Interval Fund - Quarterly Plan H - Regular Plan  Interval Period Dividend Option - Compulsory Renewal;;;10.0770;9.6739;10.0770;29-Nov-2008
111037;Fortis Interval Fund - Quarterly Plan H - Regular Plan  Monthly Dividend Option - Compulsory Redemption;;;0.0000;0.0000;0.0000;29-Nov-2008
111034;Fortis Interval Fund - Quarterly Plan H - Regular Plan  Quarterly Dividend Option - Compulsory Renewal;;;0.0000;0.0000;0.0000;29-Nov-2008
111041;Fortis Interval Fund - Quarterly Plan H - Regular Plan Monthly Dividend Option - Compulsory Renewal;;;0.0000;0.0000;0.0000;29-Nov-2008
111072;Fortis Interval Fund - Quarterly Plan I - Regular Plan -  Monthly Dividend Option - Compulsory Renewal;;;10.0130;9.6125;10.0130;29-Nov-2008
111076;Fortis Interval Fund - Quarterly Plan I - Regular Plan - Growth Option - Compulsory Redemption;;;11.1593;10.7129;11.1593;29-Nov-2008
111077;Fortis Interval Fund - Quarterly Plan I - Regular Plan - Growth Option - Compulsory Renewal;;;11.1594;10.7130;11.1594;29-Nov-2008
111070;Fortis Interval Fund - Quarterly Plan I - Regular Plan - Interval Period Dividend Option - Compulsory Redemption;;;10.1910;9.7834;10.1910;29-Nov-2008
111073;Fortis Interval Fund - Quarterly Plan I - Regular Plan - Interval Period Dividend Option - Compulsory Renewal;;;10.1911;9.7835;10.1911;29-Nov-2008
111071;Fortis Interval Fund - Quarterly Plan I - Regular Plan - Monthly Dividend Option - Compulsory Redemption;;;10.0131;9.6126;10.0131;29-Nov-2008
111074;Fortis Interval Fund - Quarterly Plan I - Regular Plan - Quarterly Dividend Option - Compulsory Redemption;;;10.1702;9.7634;10.1702;29-Nov-2008
111075;Fortis Interval Fund - Quarterly Plan I - Regular Plan - Quarterly Dividend Option - Compulsory Renewal;;;10.1702;9.7634;10.1702;29-Nov-2008
111121;Fortis Interval Fund - Quarterly Plan K - Regular Plan - Growth Option - Automatic Redemption;;;10.0925;9.6888;10.0925;29-Nov-2008
111123;Fortis Interval Fund - Quarterly Plan K - Regular Plan - Growth Option - Automatic Renewal;;;10.0926;9.6889;10.0926;29-Nov-2008
111120;Fortis Interval Fund - Quarterly Plan K - Regular Plan - Interval Period Dividend Option - Automatic Redemption;;;10.0933;9.6896;10.0933;29-Nov-2008
111118;Fortis Interval Fund - Quarterly Plan K - Regular Plan - Interval Period Dividend Option - Automatic Renewal;;;10.0944;9.6906;10.0944;29-Nov-2008
111124;Fortis Interval Fund - Quarterly Plan K - Regular Plan - Monthly Dividend Option - Automatic Redemption;;;10.0066;9.6063;10.0066;29-Nov-2008
111125;Fortis Interval Fund - Quarterly Plan K - Regular Plan - Monthly Dividend Option - Automatic Renewal;;;0.0000;0.0000;0.0000;29-Nov-2008
111122;Fortis Interval Fund - Quarterly Plan K - Regular Plan - Quarterly Dividend Option- Automatic Redemption;;;0.0000;0.0000;0.0000;29-Nov-2008
111119;Fortis Interval Fund - Quarterly Plan K - Regular Plan - Quarterly Dividend Option- Automatic Renewal;;;0.0000;0.0000;0.0000;29-Nov-2008
111132;Fortis Interval Fund - Quarterly Plan L - Regular Plan - Calendar  Monthly Dividend Option - Automatic Redemption;;;10.0149;9.6143;10.0149;29-Nov-2008
111131;Fortis Interval Fund - Quarterly Plan L - Regular Plan - Calendar  Monthly Dividend Option - Automatic Renewal;;;0.0000;0.0000;0.0000;29-Nov-2008
111129;Fortis Interval Fund - Quarterly Plan L - Regular Plan - Calendar  Quarterly Dividend Option- Automatic Renewal;;;10.1570;9.7507;10.1570;29-Nov-2008
111133;Fortis Interval Fund - Quarterly Plan L - Regular Plan - Calendar Quarterly Dividend Option- Automatic Redemption;;;0.0000;0.0000;0.0000;29-Nov-2008
111127;Fortis Interval Fund - Quarterly Plan L - Regular Plan - Growth Option - Automatic Redemption;;;10.8953;10.4595;10.8953;29-Nov-2008
111130;Fortis Interval Fund - Quarterly Plan L - Regular Plan - Growth Option - Automatic Renewal;;;10.8925;10.4568;10.8925;29-Nov-2008
111126;Fortis Interval Fund - Quarterly Plan L - Regular Plan - Interval Period Dividend Option - Automatic Redemption;;;10.1571;9.7508;10.1571;29-Nov-2008
111128;Fortis Interval Fund - Quarterly Plan L - Regular Plan - Interval Period Dividend Option - Automatic Renewal;;;10.1573;9.7510;10.1573;29-Nov-2008
111162;Fortis Interval Fund Sr 2 - Quarterly Plan M - Regular Plan - Calendar  Monthly Dividend Option - Automatic Redemption;;;10.0131;9.6126;10.0131;29-Nov-2008
111160;Fortis Interval Fund Sr 2 - Quarterly Plan M - Regular Plan - Calendar  Monthly Dividend Option - Automatic Renewal;;;10.0132;9.6127;10.0132;29-Nov-2008
111159;Fortis Interval Fund Sr 2 - Quarterly Plan M - Regular Plan - Growth Option - Automatic Redemption;;;10.4182;10.0015;10.4182;29-Nov-2008
111161;Fortis Interval Fund Sr 2 - Quarterly Plan M - Regular Plan - Growth Option - Automatic Renewal;;;10.4205;10.0037;10.4205;29-Nov-2008
111163;Fortis Interval Fund Sr 2 - Quarterly Plan M - Regular Plan - Interval Period Dividend Option - Automatic Redemption;;;10.1671;9.7604;10.1671;29-Nov-2008
111158;Fortis Interval Fund Sr 2 - Quarterly Plan M - Regular Plan - Interval Period Dividend Option - Automatic Renewal;;;10.1671;9.7604;10.1671;29-Nov-2008
111168;Fortis Interval Fund Sr 2 - Quarterly Plan N - Regular Plan - Calendar  Monthly Dividend Option - Automatic Redemption;;;10.0105;9.6101;10.0105;29-Nov-2008
111171;Fortis Interval Fund Sr 2 - Quarterly Plan N - Regular Plan - Calendar  Monthly Dividend Option - Automatic Renewal;;;10.0105;9.6101;10.0105;29-Nov-2008
111170;Fortis Interval Fund Sr 2 - Quarterly Plan N - Regular Plan - Growth Option - Automatic Redemption;;;10.4062;9.9900;10.4062;29-Nov-2008
111166;Fortis Interval Fund Sr 2 - Quarterly Plan N - Regular Plan - Growth Option - Automatic Renewal;;;10.4064;9.9901;10.4064;29-Nov-2008
111167;Fortis Interval Fund Sr 2 - Quarterly Plan N - Regular Plan - Interval Period Dividend Option - Automatic Redemption;;;10.1396;9.7340;10.1396;29-Nov-2008
111169;Fortis Interval Fund Sr 2 - Quarterly Plan N - Regular Plan - Interval Period Dividend Option - Automatic Renewal;;;10.1395;9.7339;10.1395;29-Nov-2008
110770;Fortis Money Plus Fund-Institutional Plan- Daily Dividend Option (Compulsory Reinvestment);;;10.0031;10.0031;10.0031;29-Nov-2008
110767;Fortis Money Plus Fund-Institutional Plan-Growth Option;;;12.7567;12.7567;12.7567;29-Nov-2008
110769;Fortis Money Plus Fund-Institutional Plan-Monthly Dividend Option;;;10.0105;10.0105;10.0105;29-Nov-2008
110768;Fortis Money Plus Fund-Institutional Plan-Weekly Dividend Option;;;10.0032;10.0032;10.0032;29-Nov-2008
110771;Fortis Money Plus Fund-Regular Plan- Daily Dividend Option (Compulsory Reinvestment);;;10.0030;10.0030;10.0030;29-Nov-2008
110764;Fortis Money Plus Fund-Regular Plan-Growth Option;;;12.6491;12.6491;12.6491;29-Nov-2008
110766;Fortis Money Plus Fund-Regular Plan-Monthly Dividend Option;;;10.0101;10.0101;10.0101;29-Nov-2008
110765;Fortis Money Plus Fund-Regular Plan-Weekly Dividend Option;;;10.0031;10.0031;10.0031;29-Nov-2008
110841;Fortis Monthly Income Plan-Regular Plan-Growth Option;;;12.9316;12.9316;12.9316;29-Nov-2008
110842;Fortis Monthly Income Plan-Regular Plan-Monthly Dividend Option;;;9.7204;9.7204;9.7204;29-Nov-2008
110843;Fortis Monthly Income Plan-Regular Plan-Quarterly Dividend Option;;;9.7678;9.7678;9.7678;29-Nov-2008
110832;Fortis Short Term Income Fund-Institutional Plan-Daily Dividend Option;;;10.0031;10.0031;10.0031;29-Nov-2008
110831;Fortis Short Term Income Fund-Institutional Plan-Growth Option;;;0.0000;0.0000;0.0000;29-Nov-2008
110827;Fortis Short Term Income Fund-Institutional Plan-Monthly Dividend Option;;;10.0119;10.0119;10.0119;29-Nov-2008
110840;Fortis Short Term Income Fund-Institutional Plan-Quarterly Dividend Option;;;0.0000;0.0000;0.0000;29-Nov-2008
110833;Fortis Short Term Income Fund-Institutional Plan-Weekly Dividend Option;;;0.0000;0.0000;0.0000;29-Nov-2008
110835;Fortis Short Term Income Fund-Institutional Plus Plan-Daily Dividend Option;;;10.0030;10.0030;10.0030;29-Nov-2008
110834;Fortis Short Term Income Fund-Institutional Plus Plan-Growth Option;;;10.5148;10.5148;10.5148;29-Nov-2008
110836;Fortis Short Term Income Fund-Institutional Plus Plan-Monthly Dividend Option;;;10.0126;10.0126;10.0126;29-Nov-2008
110839;Fortis Short Term Income Fund-Institutional Plus Plan-Quarterly Dividend Option;;;0.0000;0.0000;0.0000;29-Nov-2008
110837;Fortis Short Term Income Fund-Institutional Plus Plan-Weekly Dividend Option;;;0.0000;0.0000;0.0000;29-Nov-2008
110828;Fortis Short Term Income Fund-Regular Plan-Growth Option;;;13.0553;13.0553;13.0553;29-Nov-2008
110829;Fortis Short Term Income Fund-Regular Plan-Monthly Dividend Option;;;10.0119;10.0119;10.0119;29-Nov-2008
110838;Fortis Short Term Income Fund-Regular Plan-Quarterly Dividend Option;;;0.0000;0.0000;0.0000;29-Nov-2008
110830;Fortis Short Term Income Fund-Regular Plan-Weekly Dividend Option;;;10.0033;10.0033;10.0033;29-Nov-2008

Open Ended Schemes ( Liquid )


Bandhan Mutual Fund
108794;IDFC Liquid Fund - Daily Dividend;INF194K01GJ9;INF194K01GI1;1000.2100;1000.2100;1000.2100;29-Nov-2008
108793;IDFC Liquid Fund - Growth;INF194K01GE0;;1217.0867;1217.0867;1217.0867;29-Nov-2008
108796;IDFC Liquid Fund - Monthly Dividend;INF194K01GG5;INF194K01GF7;1000.4548;1000.4548;1000.4548;29-Nov-2008
108795;IDFC Liquid Fund-Weekly Dividend;INF194K01GM3;INF194K01GL5;1000.3549;1000.3549;1000.3549;29-Nov-2008

Fortis Mutual Fund
110922;Fortis Overnight Fund-Institutional Plan-Daily Dividend Option;;;10.0030;10.0030;10.0030;29-Nov-2008
110915;Fortis Overnight Fund-Institutional Plan-Growth Option;;;13.0064;13.0064;13.0064;29-Nov-2008
110919;Fortis Overnight Fund-Institutional Plan-Monthly Dividend Payout Option;;;10.0097;10.0097;10.0097;29-Nov-2008
110923;Fortis Overnight Fund-Institutional Plan-Weekly Dividend Option;;;0.0000;0.0000;0.0000;29-Nov-2008
110914;Fortis Overnight Fund-Institutional Plus Plan-Daily Dividend Option;;;10.0030;10.0030;10.0030;29-Nov-2008
110920;Fortis Overnight Fund-Institutional Plus Plan-Growth Option;;;10.6066;10.6066;10.6066;29-Nov-2008
110916;Fortis Overnight Fund-Institutional Plus Plan-Monthly Dividend Option;;;0.0000;0.0000;0.0000;29-Nov-2008
110917;Fortis Overnight Fund-Institutional Plus Plan-Weekly Dividend Option;;;0.0000;0.0000;0.0000;29-Nov-2008
110921;Fortis Overnight Fund-Regular Plan-Growth Option;;;12.8067;12.8067;12.8067;29-Nov-2008
110913;Fortis Overnight Fund-Regular Plan-Monthly Dividend Payout Option;;;10.0278;10.0278;10.0278;29-Nov-2008
110918;Fortis Overnight Fund-Regular Plan-Weekly Dividend Option;;;10.0058;10.0058;10.0058;29-Nov-2008

ING Mutual Fund
106913;ING High Yield Liquidity Fund - Institutional Growth Option;;;10.0000;10.0000;10.0000;29-Nov-2008
106914;ING High Yield Liquidity Fund - Institutional Quarterly Dividend Option;;;10.0000;10.0000;10.0000;29-Nov-2008
106904;ING High Yield Liquidity Fund - Regular Daily Dividend Option;;;10.5221;10.5221;10.5221;29-Nov-2008
106912;ING High Yield Liquidity Fund- Institutional Bonus Option;;;10.0000;10.0000;10.0000;29-Nov-2008
106909;ING High Yield Liquidity Fund- Institutional Daily Dividend Option;;;10.0000;10.0000;10.0000;29-Nov-2008
106911;ING High Yield Liquidity Fund- Institutional Monthly Dividend Option;;;10.0000;10.0000;10.0000;29-Nov-2008
106910;ING High Yield Liquidity Fund- Institutional Weekly Dividend Option;;;10.0000;10.0000;10.0000;29-Nov-2008
106908;ING High Yield Liquidity Fund- Regular Bonus Option;;;10.0000;10.0000;10.0000;29-Nov-2008
106903;ING High Yield Liquidity Fund- Regular Growth Option;;;10.6712;10.6712;10.6712;29-Nov-2008
106907;ING High Yield Liquidity Fund- Regular Monthly Dividend Option;;;10.0000;10.0000;10.0000;29-Nov-2008
106906;ING High Yield Liquidity Fund- Regular Quarterly Dividend Option;;;10.0000;10.0000;10.0000;29-Nov-2008
106905;ING High Yield Liquidity Fund- Regular Weekly Dividend Option;;;10.0000;10.0000;10.0000;29-Nov-2008
100194;ING Liquid Fund-Auto Sweep Growth Option;;;10.0000;10.0000;10.0000;29-Nov-2008
100195;ING Liquid Fund-Auto Sweep Weekly Dividend Option;;;10.0000;10.0000;10.0000;29-Nov-2008
100198;ING Liquid Fund-Institutional Daily Dividend Option;INF084M01473;;10.0121;10.0121;10.0121;29-Nov-2008
100196;ING Liquid Fund-Institutional Growth Option;INF084M01465;;13.5042;13.5042;13.5042;29-Nov-2008
100197;ING Liquid Fund-Institutional Weekly Dividend Option;INF084M01499;INF084M01481;10.0673;10.0673;10.0673;29-Nov-2008
100192;ING Liquid Fund-Regular Daily Dividend Option;INF084M01432;;10.7873;10.7873;10.7873;29-Nov-2008
100190;ING Liquid Fund-Regular Growth Option;INF084M01424;;18.0851;18.0851;18.0851;29-Nov-2008
100191;ING Liquid Fund-Regular Weekly Dividend Option;INF084M01457;INF084M01440;10.8383;10.8383;10.8383;29-Nov-2008
100200;ING Liquid Fund-Super Institutional Daily Dividend Option;INF084M01515;;10.0048;10.0048;10.0048;29-Nov-2008
100199;ING Liquid Fund-Super Institutional Growth Option;INF084M01507;;12.8119;12.8119;12.8119;29-Nov-2008
100201;ING Liquid Fund-Super Institutional Weekly Dividend Option;INF084M01531;INF084M01523;10.0000;10.0000;10.0000;29-Nov-2008
102802;ING Treasury Management Fund-Annual Dividend Option;;;10.9642;10.9642;10.9642;29-Nov-2008
102803;ING Treasury Management Fund-Bonus Option;;;13.2777;13.2777;13.2777;29-Nov-2008
102804;ING Treasury Management Fund-Daily Dividend Option;;;10.3588;10.3588;10.3588;29-Nov-2008
102798;ING Treasury Management Fund-Growth Option;;;13.2777;13.2777;13.2777;29-Nov-2008
102801;ING Treasury Management Fund-Half Yearly Dividend Option;;;10.4814;10.4814;10.4814;29-Nov-2008
102800;ING Treasury Management Fund-Quarterly Dividend Option;;;10.5283;10.5283;10.5283;29-Nov-2008
102799;ING Treasury Management Fund-Weekly Dividend Option;;;10.7891;10.7891;10.7891;29-Nov-2008

PineBridge Mutual Fund
106513;PineBridge India Liquid Fund- Standard Plan-Daily Dividend Option;;INF178L01699;1001.0000;1001.0000;1001.0000;29-Nov-2008
106508;PineBridge India Liquid Fund- Standard Plan-Growth Option;INF178L01715;;1107.8962;1107.8962;1107.8962;29-Nov-2008
106509;PineBridge India Liquid Fund- Standard Plan-Weekly Dividend Option;;INF178L01764;1002.3396;1002.3396;1002.3396;29-Nov-2008
106506;PineBridge India Liquid Fund-Institutional Plan-Daily Dividend Option;;INF178L01616;1001.0000;1001.0000;1001.0000;29-Nov-2008
106511;PineBridge India Liquid Fund-Institutional Plan-Growth Option;INF178L01632;;1106.5751;1106.5751;1106.5751;29-Nov-2008
106507;PineBridge India Liquid Fund-Institutional Plan-Weekly Dividend Option;;INF178L01681;1002.3257;1002.3257;1002.3257;29-Nov-2008
106503;PineBridge India Liquid Fund-Retail Plan-DailyDividend Option;;INF178L01533;1001.0000;1001.0000;1001.0000;29-Nov-2008
106514;PineBridge India Liquid Fund-Retail Plan-Growth Option;INF178L01558;;1102.4252;1102.4252;1102.4252;29-Nov-2008
106504;PineBridge India Liquid Fund-Retail Plan-Monthly Dividend Option;INF178L01566;INF178L01574;1002.0241;1002.0241;1002.0241;29-Nov-2008
106516;PineBridge India Liquid Fund-Retail Plan-Quarterly Dividend Option;INF178L01582;INF178L01590;1002.3750;1002.3750;1002.3750;29-Nov-2008
106510;PineBridge India Liquid Fund-Retail Plan-Weekly Dividend Option;;INF178L01608;1002.2848;1002.2848;1002.2848;29-Nov-2008

Sahara Mutual Fund
101397;Sahara Liquid Fund-Fixed Pricing -  Weekly Dividend Option;;INF515L01064;1026.2355;1026.2355;1026.2355;29-Nov-2008
101393;Sahara Liquid Fund-Fixed Pricing - Daily Dividend Option;;INF515L01049;1024.9045;1024.9045;1024.9045;29-Nov-2008
101394;Sahara Liquid Fund-Fixed Pricing - Growth option;INF515L01056;;1534.0568;1534.0568;1534.0568;29-Nov-2008
101398;Sahara Liquid Fund-Fixed Pricing - Monthly Dividend Option;;INF515L01072;1024.6771;1024.6771;1024.6771;29-Nov-2008
101399;Sahara Liquid Fund-Variable Pricing - Daily Dividend option;;INF515L01080;1024.9262;1024.9262;1024.9262;29-Nov-2008
101402;Sahara Liquid Fund-Variable Pricing - Growth option;INF515L01114;;1544.1934;1544.1934;1544.1934;29-Nov-2008
101400;Sahara Liquid Fund-Variable Pricing - Weekly Dividend Option;;INF515L01098;1024.9241;1024.9241;1024.9241;29-Nov-2008
101401;Sahara Liquid Fund-Variable Pricing- Monthly Dividend Option;;INF515L01106;1025.0024;1025.0024;1025.0024;29-Nov-2008

Open Ended Schemes ( Debt Scheme - Overnight Fund )


SBI Mutual Fund
101206;SBI OVERNIGHT FUND - REGULAR PLAN - GROWTH;INF200K01LQ9;;14.7925;14.7925;14.7925;29-Nov-2008
103140;SBI Overnight Fund - Regular Plan - Weekly Income Distribution cum Capital Withdrawal Option (IDCW);INF200K01LO4;INF200K01LP1;10.2974;10.2974;10.2974;29-Nov-2008

Open Ended Schemes ( Debt Scheme - Liquid Fund )


Bandhan Mutual Fund
108692;BANDHAN LIQUID Fund - Regular Plan - Daily IDCW;INF194K01VZ4;INF194K01VY7;10.0025;10.0025;10.0025;29-Nov-2008
108690;BANDHAN LIQUID Fund - Regular Plan - Growth;INF194K01VX9;;10.4519;10.4519;10.4519;29-Nov-2008
108693;BANDHAN LIQUID Fund - Regular Plan - Monthly IDCW;INF194K01WF4;INF194K01WE7;10.0054;10.0054;10.0054;29-Nov-2008
108779;BANDHAN Liquid Fund-Plan A-Dividend (Daily);INF194K01VC3;INF194K01VB5;10.5819;10.5819;10.5819;29-Nov-2008
108778;BANDHAN Liquid Fund-Plan A-Growth;INF194K01UX1;;15.4268;15.4268;15.4268;29-Nov-2008
108607;BANDHAN Liquid Fund - Plan A-Dividend (Weekly);INF194K01VI0;INF194K01VH2;10.1940;10.1940;10.1940;29-Nov-2008
108781;BANDHAN Liquid Fund - Plan B (G) (Institutional Plan);INF194K01VK6;;15.5079;15.5079;15.5079;29-Nov-2008
108629;BANDHAN Liquid Fund - Plan B - Dividend-Weekly;INF194K01VS9;INF194K01VR1;10.0034;10.0034;10.0034;29-Nov-2008
108681;BANDHAN Liquid Fund - Plan B-Daily-Dividend(Institutional Plan);INF194K01VM2;INF194K01VL4;10.5816;10.5816;10.5816;29-Nov-2008

Canara Robeco Mutual Fund
109349;CANARA ROBECO LIQUID FUND - REGULAR PLAN - DAILY IDCW (Reinvestment);;INF760K01CU3;10.0410;10.0410;10.0410;29-Nov-2008
109353;CANARA ROBECO LIQUID FUND - REGULAR PLAN - GROWTH OPTION;INF760K01CW9;;10.4314;10.4314;10.4314;29-Nov-2008
109350;CANARA ROBECO LIQUID FUND - REGULAR PLAN - WEEKLY IDCW (Payout/Reinvestment);INF760K01BZ4;INF760K01CZ2;10.0482;10.0482;10.0482;29-Nov-2008
101363;Canara Robeco Liquid Fund- INSTITUTIONAL-Daily Dividend Reinvestment;;INF760K01CC1;10.0410;10.0410;10.0410;29-Nov-2008
101362;Canara Robeco Liquid Fund- INSTITUTIONAL-Growth;INF760K01CD9;;15.7020;15.7020;15.7020;29-Nov-2008
101361;Canara Robeco Liquid Fund- INSTITUTIONAL-Weekly dividend;;INF760K01CE7;10.0478;10.0478;10.0478;29-Nov-2008
101364;Canara Robeco Liquid Fund-Retail-DRI;;INF760K01CF4;10.0410;10.0410;10.0410;29-Nov-2008
109346;Canara Robeco Liquid Fund-Retail-Fortnightly Div Reinvest;;INF760K01CG2;10.0481;10.0481;10.0481;29-Nov-2008
101365;Canara Robeco Liquid Fund-Retail-Growth;INF760K01CH0;;15.6789;15.6789;15.6789;29-Nov-2008
109347;Canara Robeco Liquid Fund-Retail-Monthly Div Reinvest;;INF760K01CI8;10.0480;10.0480;10.0480;29-Nov-2008
109356;Canara Robeco Liquid Fund-Retail-Weekly Div Reinvest;;INF760K01CJ6;10.0480;10.0480;10.0480;29-Nov-2008

Principal Mutual Fund
100895;Principal Cash Management Fund - Daily Income Distribution CUM Capital Withdrawal;;INF173K01DB7;10.0007;10.0007;10.0007;29-Nov-2008
100897;Principal Cash Management Fund - Monthly Income Distribution CUM Capital Withdrawal Option;INF173K01BV9;INF173K01BW7;10.0552;10.0552;10.0552;29-Nov-2008
100896;Principal Cash Management Fund - Weekly Income Distribution CUM Capital Withdrawal Option;;INF173K01DC5;10.0278;10.0278;10.0278;29-Nov-2008
100898;Principal Cash Management Fund -Growth Option;INF173K01DA9;;13.4051;13.4051;13.4051;29-Nov-2008
100892;Principal Cash Management-Liquid Option-Daily Dividend;;;10.0022;10.0022;10.0022;29-Nov-2008
100887;Principal Cash Management-Liquid Option-Dividend Plan;;;10.1224;10.1224;10.1224;29-Nov-2008
100888;Principal Cash Management-Liquid Option-Growth Plan;;;16.7480;16.7480;16.7480;29-Nov-2008
100894;Principal Cash Management-Liquid Option-Institutional - Daily Dividend Plan;;;10.0022;10.0022;10.0022;29-Nov-2008
100893;Principal Cash Management-Liquid Option-Institutional - Growth Plan;;;14.1198;14.1198;14.1198;29-Nov-2008
100891;Principal Cash Management-Liquid Option-Institutional - Monthly Dividend Plan;;;10.0013;10.0013;10.0013;29-Nov-2008
100890;Principal Cash Management-Liquid Option-Institutional - Weekly Dividend Plan;;;10.0041;10.0041;10.0041;29-Nov-2008
100889;Principal Cash Management-Liquid Option-Monthly Dividend;;;10.0011;10.0011;10.0011;29-Nov-2008

SBI Mutual Fund
105274;SBI Liquid Fund - Institutional - Growth;INF200K01LU1;;13.7220;13.7220;13.7220;29-Nov-2008
105275;SBI Liquid Fund - Institutional Daily Income Distribution cum Capital Withdrawal Option (IDCW);;INF200K01LR7;10.0325;10.0325;10.0325;29-Nov-2008
105279;SBI Liquid Fund - Institutional Fortnightly Income Distribution cum Capital Withdrawal Option (IDCW);INF200K01LS5;INF200K01LT3;10.1295;10.1295;10.1295;29-Nov-2008
105278;SBI Liquid Fund - Institutional Weekly Income Distribution cum Capital Withdrawal Option (IDCW);INF200K01LV9;INF200K01LW7;10.5969;10.5969;10.5969;29-Nov-2008
105281;SBI Liquid Fund - Regular Plan - Daily Income Distribution cum Capital Withdrawal Option (IDCW);;INF200K01LX5;10.0325;10.0325;10.0325;29-Nov-2008
105283;SBI Liquid Fund - Regular Plan - Fortnightly Income Distribution cum Capital Withdrawal Option (IDCW);INF200K01LY3;INF200K01LZ0;0;0;0;29-Nov-2008
105282;SBI Liquid Fund - Regular Plan - Weekly Income Distribution cum Capital Withdrawal Option (IDCW);INF200K01MB9;INF200K01MC7;0;0;0;29-Nov-2008
105280;SBI Liquid Fund - REGULAR PLAN -Growth;INF200K01MA1;;13.5662;13.5662;13.5662;29-Nov-2008

UTI Mutual Fund
102010;UTI Liquid Fund - Regular Plan - Daily IDCW (Reinvestment);;INF789F01PG3;1019.4457;1019.4457;1019.4457;29-Nov-2008
102011;UTI Liquid Fund - Regular Plan - Monthly IDCW;INF789F01PI9;INF789F01PJ7;1031.8055;1031.8055;1031.8055;29-Nov-2008
102013;UTI Liquid Fund - Regular Plan - Weekly IDCW;;INF789F01PK5;1024.3864;1024.3864;1024.3864;29-Nov-2008
102012;UTI-  Liquid Cash Plan - Regular Plan - Growth Option;INF789F01PH1;;1410.5644;1410.5644;1410.5644;29-Nov-2008
102008;UTI-  Liquid Cash Plan- Discontinued - Regular Plan - Monthly Dividend Option;INF789F01BC2;INF789F01BA6;1057.7807;1057.7807;1057.7807;29-Nov-2008
102009;UTI-  Liquid Cash Plan- Discontinued - Regular Plan -Growth;INF789F01BB4;;1396.9607;1396.9607;1396.9607;29-Nov-2008
102007;UTI-  Liquid Cash Plan- Discontinued -Regular Plan Periodic Dividend Option;;INF789F01AZ5;1044.3395;1044.3395;1044.3395;29-Nov-2008

Open Ended Schemes ( Debt Scheme - Ultra Short Duration Fund )


Principal Mutual Fund
107325;Principal Money Manager Fund-Regular Plan-Daily Dividend Option;;;10.0247;10.0247;10.0247;29-Nov-2008
107331;Principal Money Manager Fund-Regular Plan-Growth Option;;;10.6593;10.6593;10.6593;29-Nov-2008
107327;Principal Money Manager Fund-Regular Plan-Monthly Dividend Option;;;10.5355;10.5355;10.5355;29-Nov-2008
107326;Principal Money Manager Fund-Regular Plan-Weekly Dividend Option;;;10.1050;10.1050;10.1050;29-Nov-2008
107329;Principal Ultra Short Term Fund-Daily Income Distribution CUM Capital Withdrawal Option;;INF173K01CV7;10.0247;10.0247;10.0247;29-Nov-2008
107328;Principal Ultra Short Term Fund-Growth Option;INF173K01CU9;;10.4975;10.4975;10.4975;29-Nov-2008
107330;Principal Ultra Short Term Fund-Monthly Income Distribution CUM Capital Withdrawal Option;INF173K01CB9;INF173K01CC7;10.4006;10.4006;10.4006;29-Nov-2008
107332;Principal Ultra Short Term Fund-Weekly Income Distribution CUM Capital Withdrawal Option;;INF173K01CW5;10.1161;10.1161;10.1161;29-Nov-2008

SBI Mutual Fund
105080;SBI Ultra Short Duration Fund - Regular Plan - Daily Income Distribution cum Capital Withdrawal Option (IDCW);;INF200K01LK2;16.7503;16.7503;16.7503;29-Nov-2008
100641;SBI ULTRA SHORT DURATION FUND - REGULAR PLAN - GROWTH;INF200K01LJ4;;19.1782;19.1782;19.1782;29-Nov-2008
103884;SBI Ultra Short Duration Fund - Regular Plan - Weekly Income Distribution cum Capital Withdrawal Option (IDCW);INF200K01LM8;INF200K01LL0;10.7475;10.7475;10.7475;29-Nov-2008

Open Ended Schemes ( Debt Scheme - Low Duration Fund )


Bandhan Mutual Fund
108633;BANDHAN Low Duration Fund - Regular Plan - Daily IDCW;INF194K01FW4;INF194K01FV6;10.0125;10.0125;10.0125;29-Nov-2008
108632;BANDHAN Low Duration Fund - Regular Plan - Growth;INF194K01FU8;;11.9521;11.9521;11.9521;29-Nov-2008
108635;BANDHAN Low Duration Fund - Regular Plan - Monthly IDCW;INF194K01FZ7;INF194K01FY0;10.0037;10.0037;10.0037;29-Nov-2008
108634;BANDHAN Low Duration Fund - Regular Plan - Weekly IDCW;INF194K01GC4;INF194K01GB6;10.0037;10.0037;10.0037;29-Nov-2008

Canara Robeco Mutual Fund
104559;CANARA ROBECO SAVINGS FUND - REGULAR PLAN - DAILY IDCW (Reinvestment);;INF760K01803;10.2600;10.2600;10.2600;29-Nov-2008
102913;CANARA ROBECO SAVINGS FUND - REGULAR PLAN - GROWTH OPTION;INF760K01795;;13.1989;13.1989;13.1989;29-Nov-2008
102914;CANARA ROBECO SAVINGS FUND - REGULAR PLAN - IDCW (Payout/Reinvestment);INF760K01779;INF760K01787;12.6917;12.6917;12.6917;29-Nov-2008
102915;CANARA ROBECO SAVINGS FUND - REGULAR PLAN - WEEKLY IDCW (Payout/Reinvestment);INF760K01CB3;INF760K01811;10.2678;10.2678;10.2678;29-Nov-2008

Open Ended Schemes ( Debt Scheme - Money Market Fund )


UTI Mutual Fund
100724;UTI MMF- Discontinued - Regular Plan - Flexi Dividend Option;;INF789F01BD0;18.2811;18.2811;18.2811;29-Nov-2008
100725;UTI MMF- Discontinued - Regular Plan - Periodic Dividend Option;INF789F01BE8;;18.1677;18.1677;18.1677;29-Nov-2008
100723;UTI MMF-Discontinued - Regular Plan -Growth;INF789F01BF5;;24.0002;24.0002;24.0002;29-Nov-2008

Open Ended Schemes ( Debt Scheme - Credit Risk Fund )


Principal Mutual Fund
102729;Principal Credit Risk Fund - Regular Plan - Growth Option;INF173K01DM4;;13.4535;13.4535;13.4535;29-Nov-2008
102732;Principal Credit Risk Fund - Regular Plan - Monthly Dividend Option;INF173K01BJ4;INF173K01BK2;11.3845;11.3845;11.3845;29-Nov-2008
102726;Principal Floating Rate Fund - SMP-Daily Dividend;;;10.0007;10.0007;10.0007;29-Nov-2008
102725;Principal Floating Rate Fund - SMP-Growth;;;13.3928;13.3928;13.3928;29-Nov-2008
102730;Principal Floating Rate Fund - SMP-Insti. Daily Dividend;;;10.0007;10.0007;10.0007;29-Nov-2008
102731;Principal Floating Rate Fund - SMP-Insti. Weekly Dividend;;;10.0033;10.0033;10.0033;29-Nov-2008
102728;Principal Floating Rate Fund - SMP-Monthly Dividend;;;10.6666;10.6666;10.6666;29-Nov-2008
102727;Principal Floating Rate Fund - SMP-Weekly Dividend;;;10.0033;10.0033;10.0033;29-Nov-2008

Close Ended Schemes ( Income )


Fortis Mutual Fund
111140;Fortis FIXED TERM PLAN - SERIES 10 -  PLAN B - Instl Plan - Calendar Half Yearly  Dividend Option;;;0.0000;0.0000;0.0000;29-Nov-2008
111139;Fortis FIXED TERM PLAN - SERIES 10 -  PLAN B - Instl Plan - Calendar Quarterly Dividend Option;;;0.0000;0.0000;0.0000;29-Nov-2008
111141;Fortis FIXED TERM PLAN - SERIES 10 -  PLAN B - Instl Plan - Calendar Yearly Dividend Option;;;0.0000;0.0000;0.0000;29-Nov-2008
111142;Fortis FIXED TERM PLAN - SERIES 10 -  PLAN B - Instl Plan - Growth Option.;;;10.5451;10.3342;10.5451;29-Nov-2008
111144;Fortis FIXED TERM PLAN - SERIES 10 -  PLAN B - Regular Plan - Calendar Half Yearly  Dividend Option;;;10.0400;9.8392;10.0400;29-Nov-2008
111143;Fortis FIXED TERM PLAN - SERIES 10 -  PLAN B - Regular Plan - Calendar Quarterly Dividend Option;;;0.0000;0.0000;0.0000;29-Nov-2008
111137;Fortis FIXED TERM PLAN - SERIES 10 -  PLAN B - Regular Plan - Calendar Yearly Dividend Option;;;10.4157;10.2074;10.4157;29-Nov-2008
111145;Fortis FIXED TERM PLAN - SERIES 10 -  PLAN B - Regular Plan - Growth Option.;;;10.5195;10.3091;10.5195;29-Nov-2008
111134;Fortis FIXED TERM PLAN - SERIES 10 - PLAN B - Instl Plan - Calendar Monthly Dividend Option;;;0.0000;0.0000;0.0000;29-Nov-2008
111135;Fortis FIXED TERM PLAN - SERIES 10 - PLAN B - Instl Plan - Dividend on Maturity Option;;;10.5451;10.3342;10.5451;29-Nov-2008
111136;Fortis FIXED TERM PLAN - SERIES 10 - PLAN B - Regular Plan - Calendar Monthly Dividend Option;;;0.0000;0.0000;0.0000;29-Nov-2008
111138;Fortis FIXED TERM PLAN - SERIES 10 - PLAN B - Regular Plan - Dividend on Maturity Option;;;10.5192;10.3088;10.5192;29-Nov-2008
111182;Fortis FIXED TERM PLAN - SERIES 10 -  PLAN E - Instl Plan - Calendar Half Yearly  Dividend Option;;;0.0000;0.0000;0.0000;29-Nov-2008
111180;Fortis FIXED TERM PLAN - SERIES 10 -  PLAN E - Instl Plan - Calendar Quarterly Dividend Option;;;0.0000;0.0000;0.0000;29-Nov-2008
111179;Fortis FIXED TERM PLAN - SERIES 10 -  PLAN E - Instl Plan - Calendar Yearly Dividend Option;;;0.0000;0.0000;0.0000;29-Nov-2008
111181;Fortis FIXED TERM PLAN - SERIES 10 -  PLAN E - Instl Plan - Growth Option;;;10.3982;10.1902;10.3982;29-Nov-2008
111175;Fortis FIXED TERM PLAN - SERIES 10 -  PLAN E - Regular Plan - Calendar Half Yearly  Dividend Option;;;0.0000;0.0000;0.0000;29-Nov-2008
111184;Fortis FIXED TERM PLAN - SERIES 10 -  PLAN E - Regular Plan - Calendar Quarterly Dividend Option;;;9.8814;9.6838;9.8814;29-Nov-2008
111178;Fortis FIXED TERM PLAN - SERIES 10 -  PLAN E - Regular Plan - Calendar Yearly Dividend Option;;;0.0000;0.0000;0.0000;29-Nov-2008
111183;Fortis FIXED TERM PLAN - SERIES 10 -  PLAN E - Regular Plan - Growth Option;;;10.3768;10.1693;10.3768;29-Nov-2008
111174;Fortis FIXED TERM PLAN - SERIES 10 - PLAN E - Instl Plan - Calendar Monthly Dividend Option;;;0.0000;0.0000;0.0000;29-Nov-2008
111176;Fortis FIXED TERM PLAN - SERIES 10 - PLAN E - Instl Plan - Dividend on Maturity Option;;;0.0000;0.0000;0.0000;29-Nov-2008
111177;Fortis FIXED TERM PLAN - SERIES 10 - PLAN E - Regular Plan - Calendar Monthly Dividend Option;;;9.8706;9.6732;9.8706;29-Nov-2008
111185;Fortis FIXED TERM PLAN - SERIES 10 - PLAN E - Regular Plan - Dividend on Maturity Option;;;10.3766;10.1691;10.3766;29-Nov-2008
111197;Fortis FIXED TERM PLAN - SERIES 10 -  PLAN F - Instl Plan - Calendar Half Yearly  Dividend Option;;;0.0000;0.0000;0.0000;29-Nov-2008
111195;Fortis FIXED TERM PLAN - SERIES 10 -  PLAN F - Instl Plan - Calendar Quarterly Dividend Option;;;9.8385;9.6417;9.8385;29-Nov-2008
111187;Fortis FIXED TERM PLAN - SERIES 10 -  PLAN F - Instl Plan - Calendar Yearly Dividend Option;;;0.0000;0.0000;0.0000;29-Nov-2008
111190;Fortis FIXED TERM PLAN - SERIES 10 -  PLAN F - Instl Plan - Growth Option;;;10.3076;10.1014;10.3076;29-Nov-2008
111191;Fortis FIXED TERM PLAN - SERIES 10 -  PLAN F - Regular Plan - Calendar Half Yearly  Dividend Option;;;9.8383;9.6415;9.8383;29-Nov-2008
111193;Fortis FIXED TERM PLAN - SERIES 10 -  PLAN F - Regular Plan - Calendar Quarterly Dividend Option;;;9.8376;9.6408;9.8376;29-Nov-2008
111189;Fortis FIXED TERM PLAN - SERIES 10 -  PLAN F - Regular Plan - Calendar Yearly Dividend Option;;;10.2788;10.0732;10.2788;29-Nov-2008
111186;Fortis FIXED TERM PLAN - SERIES 10 -  PLAN F - Regular Plan - Growth Option;;;10.2792;10.0736;10.2792;29-Nov-2008
111194;Fortis FIXED TERM PLAN - SERIES 10 - PLAN F - Instl Plan - Calendar Monthly Dividend Option;;;0.0000;0.0000;0.0000;29-Nov-2008
111196;Fortis FIXED TERM PLAN - SERIES 10 - PLAN F - Instl Plan - Dividend on Maturity Option;;;0.0000;0.0000;0.0000;29-Nov-2008
111192;Fortis FIXED TERM PLAN - SERIES 10 - PLAN F - Regular Plan - Calendar Monthly Dividend Option;;;9.8259;9.6294;9.8259;29-Nov-2008
111188;Fortis FIXED TERM PLAN - SERIES 10 - PLAN F - Regular Plan - Dividend on Maturity Option;;;10.2788;10.0732;10.2788;29-Nov-2008
111208;Fortis FIXED TERM PLAN - SERIES 11 -  PLAN A - Instl Plan - Calendar Half Yearly  Dividend Option;;;0.0000;0.0000;0.0000;29-Nov-2008
111206;Fortis FIXED TERM PLAN - SERIES 11 -  PLAN A - Instl Plan - Calendar Quarterly Dividend Option;;;0.0000;0.0000;0.0000;29-Nov-2008
111207;Fortis FIXED TERM PLAN - SERIES 11 -  PLAN A - Instl Plan - Calendar Yearly Dividend Option;;;0.0000;0.0000;0.0000;29-Nov-2008
111204;Fortis FIXED TERM PLAN - SERIES 11 -  PLAN A - Instl Plan - Growth Option;;;10.4441;10.2352;10.4441;29-Nov-2008
111199;Fortis FIXED TERM PLAN - SERIES 11 -  PLAN A - Regular Plan - Calendar Half Yearly  Dividend Option;;;9.9383;9.7395;9.9383;29-Nov-2008
111203;Fortis FIXED TERM PLAN - SERIES 11 -  PLAN A - Regular Plan - Calendar Quarterly Dividend Option;;;9.9811;9.7815;9.9811;29-Nov-2008
111200;Fortis FIXED TERM PLAN - SERIES 11 -  PLAN A - Regular Plan - Calendar Yearly Dividend Option;;;0.0000;0.0000;0.0000;29-Nov-2008
111198;Fortis FIXED TERM PLAN - SERIES 11 -  PLAN A - Regular Plan - Growth Option;;;10.4121;10.2039;10.4121;29-Nov-2008
111205;Fortis FIXED TERM PLAN - SERIES 11 - PLAN A - Instl Plan - Calendar Monthly Dividend Option;;;9.9567;9.7576;9.9567;29-Nov-2008
111209;Fortis FIXED TERM PLAN - SERIES 11 - PLAN A - Instl Plan - Dividend on Maturity Option;;;0.0000;0.0000;0.0000;29-Nov-2008
111201;Fortis FIXED TERM PLAN - SERIES 11 - PLAN A - Regular Plan - Calendar Monthly Dividend Option;;;9.9560;9.7569;9.9560;29-Nov-2008
111202;Fortis FIXED TERM PLAN - SERIES 11 - PLAN A - Regular Plan - Dividend on Maturity Option;;;10.4167;10.2084;10.4167;29-Nov-2008
111211;Fortis FIXED TERM PLAN - SERIES 11 -  PLAN B - Instl Plan - Calendar Half Yearly  Dividend Option;;;0.0000;0.0000;0.0000;29-Nov-2008
111221;Fortis FIXED TERM PLAN - SERIES 11 -  PLAN B - Instl Plan - Calendar Quarterly Dividend Option;;;0.0000;0.0000;0.0000;29-Nov-2008
111212;Fortis FIXED TERM PLAN - SERIES 11 -  PLAN B - Instl Plan - Calendar Yearly Dividend Option;;;0.0000;0.0000;0.0000;29-Nov-2008
111215;Fortis FIXED TERM PLAN - SERIES 11 -  PLAN B - Instl Plan - Growth Option;;;10.2616;10.0564;10.2616;29-Nov-2008
111217;Fortis FIXED TERM PLAN - SERIES 11 -  PLAN B - Regular Plan - Calendar Half Yearly  Dividend Option;;;9.9967;9.7968;9.9967;29-Nov-2008
111219;Fortis FIXED TERM PLAN - SERIES 11 -  PLAN B - Regular Plan - Calendar Quarterly Dividend Option;;;9.9965;9.7966;9.9965;29-Nov-2008
111214;Fortis FIXED TERM PLAN - SERIES 11 -  PLAN B - Regular Plan - Calendar Yearly Dividend Option;;;10.2433;10.0384;10.2433;29-Nov-2008
111218;Fortis FIXED TERM PLAN - SERIES 11 -  PLAN B - Regular Plan - Growth Option;;;10.2435;10.0386;10.2435;29-Nov-2008
111220;Fortis FIXED TERM PLAN - SERIES 11 - PLAN B - Instl Plan - Calendar Monthly Dividend Option;;;0.0000;0.0000;0.0000;29-Nov-2008
111210;Fortis FIXED TERM PLAN - SERIES 11 - PLAN B - Instl Plan - Dividend on Maturity Option;;;10.2614;10.0562;10.2614;29-Nov-2008
111213;Fortis FIXED TERM PLAN - SERIES 11 - PLAN B - Regular Plan - Calendar Monthly Dividend Option;;;9.9767;9.7772;9.9767;29-Nov-2008
111216;Fortis FIXED TERM PLAN - SERIES 11 - PLAN B - Regular Plan - Dividend on Maturity Option;;;10.2434;10.0385;10.2434;29-Nov-2008
111228;Fortis FIXED TERM PLAN - SERIES 12 -  PLAN A - Instl Plan - Calendar Half Yearly  Dividend Option;;;0.0000;0.0000;0.0000;29-Nov-2008
111232;Fortis FIXED TERM PLAN - SERIES 12 -  PLAN A - Instl Plan - Calendar Quarterly Dividend Option;;;9.9992;9.7992;9.9992;29-Nov-2008
111229;Fortis FIXED TERM PLAN - SERIES 12 -  PLAN A - Instl Plan - Calendar Yearly Dividend Option;;;0.0000;0.0000;0.0000;29-Nov-2008
111231;Fortis FIXED TERM PLAN - SERIES 12 -  PLAN A - Instl Plan - Growth Option;;;10.2525;10.0475;10.2525;29-Nov-2008
111225;Fortis FIXED TERM PLAN - SERIES 12 -  PLAN A - Regular Plan - Calendar Half Yearly  Dividend Option;;;9.9982;9.7982;9.9982;29-Nov-2008
111227;Fortis FIXED TERM PLAN - SERIES 12 -  PLAN A - Regular Plan - Calendar Quarterly Dividend Option;;;9.9979;9.7979;9.9979;29-Nov-2008
111230;Fortis FIXED TERM PLAN - SERIES 12 -  PLAN A - Regular Plan - Calendar Yearly Dividend Option;;;0.0000;0.0000;0.0000;29-Nov-2008
111223;Fortis FIXED TERM PLAN - SERIES 12 -  PLAN A - Regular Plan - Growth Option;;;10.2342;10.0295;10.2342;29-Nov-2008
111224;Fortis FIXED TERM PLAN - SERIES 12 - PLAN A - Instl Plan - Calendar Monthly Dividend Option;;;9.9880;9.7882;9.9880;29-Nov-2008
111226;Fortis FIXED TERM PLAN - SERIES 12 - PLAN A - Instl Plan - Dividend on Maturity Option;;;10.2525;10.0475;10.2525;29-Nov-2008
111233;Fortis FIXED TERM PLAN - SERIES 12 - PLAN A - Regular Plan - Calendar Monthly Dividend Option;;;9.9872;9.7875;9.9872;29-Nov-2008
111222;Fortis FIXED TERM PLAN - SERIES 12 - PLAN A - Regular Plan - Dividend on Maturity Option;;;10.2347;10.0300;10.2347;29-Nov-2008
111102;Fortis FIXED TERM PLAN - SERIES 12 -  PLAN B - Instl Plan - Calendar Half Yearly  Dividend Option;;;10.0722;9.8708;10.0722;29-Nov-2008
111100;Fortis FIXED TERM PLAN - SERIES 12 -  PLAN B - Instl Plan - Calendar Quarterly Dividend Option;;;10.0720;9.8706;10.0720;29-Nov-2008
111108;Fortis FIXED TERM PLAN - SERIES 12 -  PLAN B - Instl Plan - Calendar Yearly Dividend Option;;;0.0000;0.0000;0.0000;29-Nov-2008
111109;Fortis FIXED TERM PLAN - SERIES 12 -  PLAN B - Instl Plan - Growth Option;;;10.2675;10.0622;10.2675;29-Nov-2008
111111;Fortis FIXED TERM PLAN - SERIES 12 -  PLAN B - Regular Plan - Calendar Half Yearly  Dividend Option;;;10.0712;9.8698;10.0712;29-Nov-2008
111107;Fortis FIXED TERM PLAN - SERIES 12 -  PLAN B - Regular Plan - Calendar Quarterly Dividend Option;;;10.0712;9.8698;10.0712;29-Nov-2008
111105;Fortis FIXED TERM PLAN - SERIES 12 -  PLAN B - Regular Plan - Calendar Yearly Dividend Option;;;10.2561;10.0510;10.2561;29-Nov-2008
111104;Fortis FIXED TERM PLAN - SERIES 12 -  PLAN B - Regular Plan - Growth Option;;;10.2564;10.0513;10.2564;29-Nov-2008
111101;Fortis FIXED TERM PLAN - SERIES 12 - PLAN B - Instl Plan - Calendar Monthly Dividend Option;;;0.0000;0.0000;0.0000;29-Nov-2008
111110;Fortis FIXED TERM PLAN - SERIES 12 - PLAN B - Instl Plan - Dividend on Maturity Option;;;10.2673;10.0620;10.2673;29-Nov-2008
111106;Fortis FIXED TERM PLAN - SERIES 12 - PLAN B - Regular Plan - Calendar Monthly Dividend Option;;;10.0035;9.8034;10.0035;29-Nov-2008
111103;Fortis FIXED TERM PLAN - SERIES 12 - PLAN B - Regular Plan - Dividend on Maturity Option;;;10.2560;10.0509;10.2560;29-Nov-2008
111262;Fortis FIXED TERM PLAN - SERIES 12 -  PLAN C - Instl Plan - Calendar Half Yearly  Dividend Option;;;0.0000;0.0000;0.0000;29-Nov-2008
111261;Fortis FIXED TERM PLAN - SERIES 12 -  PLAN C - Instl Plan - Calendar Monthly Dividend Option;;;0.0000;0.0000;0.0000;29-Nov-2008
111264;Fortis FIXED TERM PLAN - SERIES 12 -  PLAN C - Instl Plan - Calendar Quarterly Dividend Option;;;0.0000;0.0000;0.0000;29-Nov-2008
111265;Fortis FIXED TERM PLAN - SERIES 12 -  PLAN C - Instl Plan - Calendar Yearly Dividend Option;;;0.0000;0.0000;0.0000;29-Nov-2008
111269;Fortis FIXED TERM PLAN - SERIES 12 -  PLAN C - Instl Plan - Dividend on Maturity Option;;;0.0000;0.0000;0.0000;29-Nov-2008
111268;Fortis FIXED TERM PLAN - SERIES 12 -  PLAN C - Instl Plan - Growth Option;;;0.0000;0.0000;0.0000;29-Nov-2008
111266;Fortis FIXED TERM PLAN - SERIES 12 -  PLAN C - Regular Plan - Calendar Half Yearly  Dividend Option;;;0.0000;0.0000;0.0000;29-Nov-2008
111259;Fortis FIXED TERM PLAN - SERIES 12 -  PLAN C - Regular Plan - Calendar Monthly Dividend Option;;;0.0000;0.0000;0.0000;29-Nov-2008
111263;Fortis FIXED TERM PLAN - SERIES 12 -  PLAN C - Regular Plan - Calendar Quarterly Dividend Option;;;0.0000;0.0000;0.0000;29-Nov-2008
111267;Fortis FIXED TERM PLAN - SERIES 12 -  PLAN C - Regular Plan - Calendar Yearly Dividend Option;;;0.0000;0.0000;0.0000;29-Nov-2008
111260;Fortis FIXED TERM PLAN - SERIES 12 -  PLAN C - Regular Plan - Dividend on Maturity Option;;;0.0000;0.0000;0.0000;29-Nov-2008
111258;Fortis FIXED TERM PLAN - SERIES 12 -  PLAN C - Regular Plan - Growth Option;;;10.2524;10.0474;10.2524;29-Nov-2008
111239;Fortis FIXED TERM PLAN - SERIES 13 -  PLAN A - Instl Plan - Calendar Half Yearly  Dividend Option;;;0.0000;0.0000;0.0000;29-Nov-2008
111240;Fortis FIXED TERM PLAN - SERIES 13 -  PLAN A - Instl Plan - Calendar Quarterly Dividend Option;;;0.0000;0.0000;0.0000;29-Nov-2008
111241;Fortis FIXED TERM PLAN - SERIES 13 -  PLAN A - Instl Plan - Calendar Yearly Dividend Option;;;0.0000;0.0000;0.0000;29-Nov-2008
111244;Fortis FIXED TERM PLAN - SERIES 13 -  PLAN A - Instl Plan - Growth Option;;;10.1126;9.9103;10.1126;29-Nov-2008
111237;Fortis FIXED TERM PLAN - SERIES 13 -  PLAN A - Regular Plan - Calendar Half Yearly  Dividend Option;;;9.9811;9.7815;9.9811;29-Nov-2008
111238;Fortis FIXED TERM PLAN - SERIES 13 -  PLAN A - Regular Plan - Calendar Quarterly Dividend Option;;;9.9810;9.7814;9.9810;29-Nov-2008
111243;Fortis FIXED TERM PLAN - SERIES 13 -  PLAN A - Regular Plan - Calendar Yearly Dividend Option;;;10.1006;9.8986;10.1006;29-Nov-2008
111234;Fortis FIXED TERM PLAN - SERIES 13 -  PLAN A - Regular Plan - Growth Option;;;10.1005;9.8985;10.1005;29-Nov-2008
111245;Fortis FIXED TERM PLAN - SERIES 13 - PLAN A - Instl Plan - Calendar Monthly Dividend Option;;;0.0000;0.0000;0.0000;29-Nov-2008
111236;Fortis FIXED TERM PLAN - SERIES 13 - PLAN A - Instl Plan - Dividend on Maturity Option;;;10.1127;9.9104;10.1127;29-Nov-2008
111235;Fortis FIXED TERM PLAN - SERIES 13 - PLAN A - Regular Plan - Calendar Monthly Dividend Option;;;9.9707;9.7713;9.9707;29-Nov-2008
111242;Fortis FIXED TERM PLAN - SERIES 13 - PLAN A - Regular Plan - Dividend on Maturity Option;;;10.1006;9.8986;10.1006;29-Nov-2008
111256;Fortis FIXED TERM PLAN - SERIES 13 -  PLAN B - Instl Plan - Calendar Half Yearly  Dividend Option;;;0.0000;0.0000;0.0000;29-Nov-2008
111250;Fortis FIXED TERM PLAN - SERIES 13 -  PLAN B - Instl Plan - Calendar Quarterly Dividend Option;;;0.0000;0.0000;0.0000;29-Nov-2008
111253;Fortis FIXED TERM PLAN - SERIES 13 -  PLAN B - Instl Plan - Calendar Yearly Dividend Option;;;0.0000;0.0000;0.0000;29-Nov-2008
111257;Fortis FIXED TERM PLAN - SERIES 13 -  PLAN B - Instl Plan - Growth Option;;;10.0315;9.8309;10.0315;29-Nov-2008
111255;Fortis FIXED TERM PLAN - SERIES 13 -  PLAN B - Regular Plan - Calendar Half Yearly  Dividend Option;;;9.9893;9.7895;9.9893;29-Nov-2008
111249;Fortis FIXED TERM PLAN - SERIES 13 -  PLAN B - Regular Plan - Calendar Quarterly Dividend Option;;;9.9905;9.7907;9.9905;29-Nov-2008
111246;Fortis FIXED TERM PLAN - SERIES 13 -  PLAN B - Regular Plan - Calendar Yearly Dividend Option;;;0.0000;0.0000;0.0000;29-Nov-2008
111252;Fortis FIXED TERM PLAN - SERIES 13 -  PLAN B - Regular Plan - Growth Option;;;10.0247;9.8242;10.0247;29-Nov-2008
111251;Fortis FIXED TERM PLAN - SERIES 13 - PLAN B - Instl Plan - Calendar Monthly Dividend Option;;;0.0000;0.0000;0.0000;29-Nov-2008
111248;Fortis FIXED TERM PLAN - SERIES 13 - PLAN B - Instl Plan - Dividend on Maturity Option;;;10.0315;9.8309;10.0315;29-Nov-2008
111247;Fortis FIXED TERM PLAN - SERIES 13 - PLAN B - Regular Plan - Calendar Monthly Dividend Option;;;9.9788;9.7792;9.9788;29-Nov-2008
111254;Fortis FIXED TERM PLAN - SERIES 13 - PLAN B - Regular Plan - Dividend on Maturity Option;;;10.0249;9.8244;10.0249;29-Nov-2008
111280;Fortis FIXED TERM PLAN - SERIES 13 -  PLAN C - Instl Plan - Calendar Half Yearly  Dividend Option;;;0.0000;0.0000;0.0000;29-Nov-2008
111272;Fortis FIXED TERM PLAN - SERIES 13 -  PLAN C - Instl Plan - Calendar Monthly Dividend Option;;;0.0000;0.0000;0.0000;29-Nov-2008
111273;Fortis FIXED TERM PLAN - SERIES 13 -  PLAN C - Instl Plan - Calendar Quarterly Dividend Option;;;0.0000;0.0000;0.0000;29-Nov-2008
111274;Fortis FIXED TERM PLAN - SERIES 13 -  PLAN C - Instl Plan - Calendar Yearly Dividend Option;;;0.0000;0.0000;0.0000;29-Nov-2008
111277;Fortis FIXED TERM PLAN - SERIES 13 -  PLAN C - Instl Plan - Dividend on Maturity Option;;;10.0813;9.8797;10.0813;29-Nov-2008
111281;Fortis FIXED TERM PLAN - SERIES 13 -  PLAN C - Instl Plan - Growth Option;;;10.0812;9.8796;10.0812;29-Nov-2008
111270;Fortis FIXED TERM PLAN - SERIES 13 -  PLAN C - Regular Plan - Calendar Half Yearly  Dividend Option;;;10.0453;9.8444;10.0453;29-Nov-2008
111275;Fortis FIXED TERM PLAN - SERIES 13 -  PLAN C - Regular Plan - Calendar Monthly Dividend Option;;;9.9981;9.7981;9.9981;29-Nov-2008
111278;Fortis FIXED TERM PLAN - SERIES 13 -  PLAN C - Regular Plan - Calendar Quarterly Dividend Option;;;10.0452;9.8443;10.0452;29-Nov-2008
111271;Fortis FIXED TERM PLAN - SERIES 13 -  PLAN C - Regular Plan - Calendar Yearly Dividend Option;;;10.0753;9.8738;10.0753;29-Nov-2008
111276;Fortis FIXED TERM PLAN - SERIES 13 -  PLAN C - Regular Plan - Dividend on Maturity Option;;;10.0753;9.8738;10.0753;29-Nov-2008
111279;Fortis FIXED TERM PLAN - SERIES 13 -  PLAN C - Regular Plan - Growth Option;;;10.0753;9.8738;10.0753;29-Nov-2008
111291;Fortis FIXED TERM PLAN - SERIES 13 -  PLAN D - Instl Plan - Calendar Half Yearly  Dividend Option;;;0.0000;0.0000;0.0000;29-Nov-2008
111292;Fortis FIXED TERM PLAN - SERIES 13 -  PLAN D - Instl Plan - Calendar Quarterly Dividend Option;;;0.0000;0.0000;0.0000;29-Nov-2008
111282;Fortis FIXED TERM PLAN - SERIES 13 -  PLAN D - Instl Plan - Calendar Yearly Dividend Option;;;0.0000;0.0000;0.0000;29-Nov-2008
111290;Fortis FIXED TERM PLAN - SERIES 13 -  PLAN D - Instl Plan - Growth Option;;;10.0487;9.8477;10.0487;29-Nov-2008
111289;Fortis FIXED TERM PLAN - SERIES 13 -  PLAN D - Regular Plan - Calendar Half Yearly  Dividend Option;;;10.0472;9.8463;10.0472;29-Nov-2008
111288;Fortis FIXED TERM PLAN - SERIES 13 -  PLAN D - Regular Plan - Calendar Quarterly Dividend Option;;;10.0472;9.8463;10.0472;29-Nov-2008
111284;Fortis FIXED TERM PLAN - SERIES 13 -  PLAN D - Regular Plan - Calendar Yearly Dividend Option;;;10.0472;9.8463;10.0472;29-Nov-2008
111293;Fortis FIXED TERM PLAN - SERIES 13 -  PLAN D - Regular Plan - Growth Option;;;10.0472;9.8463;10.0472;29-Nov-2008
111286;Fortis FIXED TERM PLAN - SERIES 13 - PLAN D - Instl Plan - Calendar Monthly Dividend Option;;;9.9568;9.7577;9.9568;29-Nov-2008
111285;Fortis FIXED TERM PLAN - SERIES 13 - PLAN D - Instl Plan - Dividend on Maturity Option;;;10.0487;9.8477;10.0487;29-Nov-2008
111287;Fortis FIXED TERM PLAN - SERIES 13 - PLAN D - Regular Plan - Calendar Monthly Dividend Option;;;9.9569;9.7578;9.9569;29-Nov-2008
111283;Fortis FIXED TERM PLAN - SERIES 13 - PLAN D - Regular Plan - Dividend on Maturity Option;;;10.0472;9.8463;10.0472;29-Nov-2008
111294;Fortis FIXED TERM PLAN - SERIES 14 -  PLAN A - Instl Plan - Calendar Half Yearly  Dividend Option;;;0.0000;0.0000;0.0000;29-Nov-2008
111301;Fortis FIXED TERM PLAN - SERIES 14 -  PLAN A - Instl Plan - Calendar Quarterly Dividend Option;;;0.0000;0.0000;0.0000;29-Nov-2008
111302;Fortis FIXED TERM PLAN - SERIES 14 -  PLAN A - Instl Plan - Calendar Yearly Dividend Option;;;0.0000;0.0000;0.0000;29-Nov-2008
111297;Fortis FIXED TERM PLAN - SERIES 14 -  PLAN A - Instl Plan - Growth Option;;;10.1698;9.9664;10.1698;29-Nov-2008
111300;Fortis FIXED TERM PLAN - SERIES 14 -  PLAN A - Regular Plan - Calendar Half Yearly  Dividend Option;;;10.1610;9.9578;10.1610;29-Nov-2008
111296;Fortis FIXED TERM PLAN - SERIES 14 -  PLAN A - Regular Plan - Calendar Quarterly Dividend Option;;;10.1610;9.9578;10.1610;29-Nov-2008
111304;Fortis FIXED TERM PLAN - SERIES 14 -  PLAN A - Regular Plan - Calendar Yearly Dividend Option;;;10.1610;9.9578;10.1610;29-Nov-2008
111295;Fortis FIXED TERM PLAN - SERIES 14 -  PLAN A - Regular Plan - Growth Option;;;10.1610;9.9578;10.1610;29-Nov-2008
111303;Fortis FIXED TERM PLAN - SERIES 14 - PLAN A - Instl Plan - Calendar Monthly Dividend Option;;;0.0000;0.0000;0.0000;29-Nov-2008
111299;Fortis FIXED TERM PLAN - SERIES 14 - PLAN A - Instl Plan - Dividend on Maturity Option;;;10.1698;9.9664;10.1698;29-Nov-2008
111305;Fortis FIXED TERM PLAN - SERIES 14 - PLAN A - Regular Plan - Calendar Monthly Dividend Option;;;10.0097;9.8095;10.0097;29-Nov-2008
111298;Fortis FIXED TERM PLAN - SERIES 14 - PLAN A - Regular Plan - Dividend on Maturity Option;;;10.1610;9.9578;10.1610;29-Nov-2008
111086;Fortis FIXED TERM PLAN - SERIES 9: THREE YEARLY PLAN A - Institutional Plan - Dividend on Maturity Option;;;0.0000;0.0000;0.0000;29-Nov-2008
111085;Fortis FIXED TERM PLAN - SERIES 9: THREE YEARLY PLAN A - Institutional Plan - Growth Option;;;0.0000;0.0000;0.0000;29-Nov-2008
111082;Fortis FIXED TERM PLAN - SERIES 9: THREE YEARLY PLAN A - Institutional Plan - Half Yearly Dividend Option;;;0.0000;0.0000;0.0000;29-Nov-2008
111089;Fortis FIXED TERM PLAN - SERIES 9: THREE YEARLY PLAN A - Institutional Plan - Monthly Dividend Option;;;0.0000;0.0000;0.0000;29-Nov-2008
111078;Fortis FIXED TERM PLAN - SERIES 9: THREE YEARLY PLAN A - Institutional Plan - Quarterly Dividend Option;;;0.0000;0.0000;0.0000;29-Nov-2008
111087;Fortis FIXED TERM PLAN - SERIES 9: THREE YEARLY PLAN A - Institutional Plan - Yearly Dividend Option;;;0.0000;0.0000;0.0000;29-Nov-2008
111083;Fortis FIXED TERM PLAN - SERIES 9: THREE YEARLY PLAN A - Regular Plan - Dividend on Maturity Option;;;10.5548;10.3437;10.5548;29-Nov-2008
111081;Fortis FIXED TERM PLAN - SERIES 9: THREE YEARLY PLAN A - Regular Plan - Growth Option;;;10.5550;10.3439;10.5550;29-Nov-2008
111084;Fortis FIXED TERM PLAN - SERIES 9: THREE YEARLY PLAN A - Regular Plan - Half Yearly Dividend Option;;;10.1026;9.9005;10.1026;29-Nov-2008
111080;Fortis FIXED TERM PLAN - SERIES 9: THREE YEARLY PLAN A - Regular Plan - Monthly Dividend Option;;;9.9458;9.7469;9.9458;29-Nov-2008
111079;Fortis FIXED TERM PLAN - SERIES 9: THREE YEARLY PLAN A - Regular Plan - Quarterly Dividend Option;;;10.1026;9.9005;10.1026;29-Nov-2008
111088;Fortis FIXED TERM PLAN - SERIES 9: THREE YEARLY PLAN A - Regular Plan - Yearly Dividend Option;;;10.1219;9.9195;10.1219;29-Nov-2008
