Scheme Code;Scheme Name;ISIN Div Payout/ISIN Growth;ISIN Div Reinvestment;Net Asset Value;Repurchase Price;Sale Price;Date

Open Ended Schemes ( Liquid )


Sahara Mutual Fund
101397;Sahara Liquid Fund-Fixed Pricing -  Weekly Dividend Option;;INF515L01064;1027.4373;1027.4373;1027.4373;05-Aug-2017
101393;Sahara Liquid Fund-Fixed Pricing - Daily Dividend Option;;INF515L01049;1168.1804;1168.1804;1168.1804;05-Aug-2017
120265;Sahara Liquid Fund-Fixed Pricing - Direct - Weekly Dividend Option;;INF515L01668;1027.4373;1027.4373;1027.4373;05-Aug-2017
120262;Sahara Liquid Fund-Fixed Pricing - Direct -Growth option;INF515L01650;;2861.0901;2861.0901;2861.0901;05-Aug-2017
101394;Sahara Liquid Fund-Fixed Pricing - Growth option;INF515L01056;;2858.6650;2858.6650;2858.6650;05-Aug-2017
101398;Sahara Liquid Fund-Fixed Pricing - Monthly Dividend Option;;INF515L01072;1043.3721;1043.3721;1043.3721;05-Aug-2017
120253;Sahara Liquid Fund-Fixed Pricing -Direct - Daily Dividend Option- Direct;;INF515L01643;1168.1804;1168.1804;1168.1804;05-Aug-2017
120266;Sahara Liquid Fund-Fixed Pricing -Direct - Monthly Dividend Option;;INF515L01676;1043.3721;1043.3721;1043.3721;05-Aug-2017
101399;Sahara Liquid Fund-Variable Pricing - Daily Dividend option;;INF515L01080;1174.4992;1174.4992;1174.4992;05-Aug-2017
101402;Sahara Liquid Fund-Variable Pricing - Growth option;INF515L01114;;2913.0261;2913.0261;2913.0261;05-Aug-2017
101400;Sahara Liquid Fund-Variable Pricing - Weekly Dividend Option;;INF515L01098;1182.2314;1182.2314;1182.2314;05-Aug-2017
120271;Sahara Liquid Fund-Variable Pricing -Direct - Daily Dividend option;;INF515L01684;1038.8267;1038.8267;1038.8267;05-Aug-2017
120280;Sahara Liquid Fund-Variable Pricing -Direct - Growth option;INF515L01718;;2917.7378;2917.7378;2917.7378;05-Aug-2017
120272;Sahara Liquid Fund-Variable Pricing -Direct - Weekly Dividend Option;;INF515L01692;1182.2314;1182.2314;1182.2314;05-Aug-2017
120273;Sahara Liquid Fund-Variable Pricing- Direct - Monthly Dividend Option;;INF515L01700;1055.8972;1055.8972;1055.8972;05-Aug-2017
101401;Sahara Liquid Fund-Variable Pricing- Monthly Dividend Option;;INF515L01106;1194.4915;1194.4915;1194.4915;05-Aug-2017

Tata Mutual Fund
101987;Tata Liquid Fund Reglar Plan - Monthly Dividend;INF277K01LR5;INF277K01LS3;1001.5779;1001.5779;1001.5779;05-Aug-2017
101861;Tata Liquid Fund-Regular Plan  - Weekly Dividend;INF277K016C5;;1001.3886;1001.3886;1001.3886;05-Aug-2017
101984;Tata Liquid High Investment Plan - Daily;;;1114.3379;1114.3379;1114.3379;05-Aug-2017
101860;Tata Liquid High Investment Plan - Growth;INF277K01LN4;;2673.3777;2673.3777;2673.3777;05-Aug-2017
101982;Tata Liquid Retail Investment PLan - Daily;;;1116.8143;1116.8143;1116.8143;05-Aug-2017
101983;Tata Liquid Retail Investment Plan - Fortnightly;;;1146.5725;1146.5725;1146.5725;05-Aug-2017
101858;Tata Liquid Retail Investment Plan - Growth;INF277K01LM6;;3625.7994;3625.7994;3625.7994;05-Aug-2017

Open Ended Schemes ( Money Market )


Tata Mutual Fund
102152;Tata Money Market Fund Regular (Bonus / Dividend);;;1015.5416;1015.5416;1015.5416;05-Aug-2017
102153;Tata Money Market Fund Regular (Growth);INF277K01LY1;;2549.4875;2549.4875;2549.4875;05-Aug-2017

Open Ended Schemes ( Debt Scheme - Overnight Fund )


SBI Mutual Fund
119831;SBI Overnight Fund - Direct Plan - Daily Income Distribution cum Capital Withdrawal Option (IDCW);;INF200K01TJ7;1009.9100;1009.9100;1009.9100;05-Aug-2017
119833;SBI OVERNIGHT FUND - DIRECT PLAN - GROWTH;INF200K01TK5;;2800.4781;2800.4781;2800.4781;05-Aug-2017
119832;SBI Overnight Fund - Direct Plan - Weekly Income Distribution cum Capital Withdrawal Option (IDCW);INF200K01TL3;INF200K01TM1;1031.1904;1031.1904;1031.1904;05-Aug-2017
114297;SBI Overnight Fund - Regular Plan - Daily Income Distribution cum Capital Withdrawal Option (IDCW);;INF200K01LN6;1009.9100;1009.9100;1009.9100;05-Aug-2017
101206;SBI OVERNIGHT FUND - REGULAR PLAN - GROWTH;INF200K01LQ9;;2780.6681;2780.6681;2780.6681;05-Aug-2017
103140;SBI Overnight Fund - Regular Plan - Weekly Income Distribution cum Capital Withdrawal Option (IDCW);INF200K01LO4;INF200K01LP1;1031.1903;1031.1903;1031.1903;05-Aug-2017

Open Ended Schemes ( Debt Scheme - Liquid Fund )


Aditya Birla Sun Life Mutual Fund
100047;Aditya Birla Sun Life Liquid Fund - Growth;INF209K01RU9;;266.4791;266.4791;266.4791;05-Aug-2017
119568;Aditya Birla Sun Life Liquid Fund - Growth - Direct Plan;INF209K01VA3;;267.3623;267.3623;267.3623;05-Aug-2017
100046;Aditya Birla Sun Life Liquid Fund -Daily IDCW;INF209K01KQ2;INF209K01SQ5;100.2130;100.2130;100.2130;05-Aug-2017
119569;Aditya Birla Sun Life Liquid Fund -Direct - daily IDCW;INF209K01UZ2;;100.2133;100.2133;100.2133;05-Aug-2017
119571;Aditya Birla Sun Life Liquid Fund -DIRECT - IDCW;INF209K01VD7;;145.1583;145.1583;145.1583;05-Aug-2017
119570;Aditya Birla Sun Life Liquid Fund -Direct - weekly IDCW;INF209K01VC9;;100.2433;100.2433;100.2433;05-Aug-2017
100041;Aditya Birla Sun Life Liquid Fund -Institutional - IDCW;;INF209K01KN9;108.0424;108.0424;108.0424;05-Aug-2017
100048;Aditya Birla Sun Life Liquid Fund -Institutional - weekly  IDCW;INF209KA1LK7;INF209K01KY6;108.0875;108.0875;108.0875;05-Aug-2017
103885;Aditya Birla Sun Life Liquid Fund -Regular - IDCW;INF209KA1LI1;;111.4910;111.4910;111.4910;05-Aug-2017
100044;Aditya Birla Sun Life Liquid Fund -Retail - IDCW;;INF209K01KP4;163.7235;163.7235;163.7235;05-Aug-2017
100051;Aditya Birla Sun Life Liquid Fund -weekly IDCW;INF209K01KU4;INF209KA1LJ9;100.2430;100.2430;100.2430;05-Aug-2017
112014;Aditya Birla Sun Life Liquid Fund- Discipline Advantage Plan;INF209K01KZ3;;179.0696;179.0696;179.0696;05-Aug-2017
100043;Aditya Birla Sun Life Liquid Fund-Institutional (Growth);INF209K01RT1;;443.7665;443.7665;443.7665;05-Aug-2017
100042;Aditya Birla Sun Life Liquid Fund-Retail (Growth);INF209K01ME4;;432.4340;432.4340;432.4340;05-Aug-2017

Axis Mutual Fund
128954;Axis Liquid Fund - Direct plan - Bonus Option;INF846K01NH4;;1844.9668;1844.9668;1844.9668;05-Aug-2017
120388;Axis Liquid Fund - Direct Plan - Daily IDCW;;INF846K01DA0;1000.6413;1000.6413;1000.6413;05-Aug-2017
120389;Axis Liquid Fund - Direct Plan - Growth Option;INF846K01CX4;;1845.0821;1845.0821;1845.0821;05-Aug-2017
120391;Axis Liquid Fund - Direct Plan - Monthly IDCW;INF846K01CY2;INF846K01CZ9;1002.1884;1002.1884;1002.1884;05-Aug-2017
120390;Axis Liquid Fund - Direct Plan - Weekly IDCW;INF846K01DB8;INF846K01DC6;1002.9996;1002.9996;1002.9996;05-Aug-2017
112211;Axis Liquid Fund - Regular Plan - Daily IDCW;;INF846K01420;1000.8759;1000.8759;1000.8759;05-Aug-2017
112210;Axis Liquid Fund - Regular Plan - Growth Option;INF846K01412;;1839.2416;1839.2416;1839.2416;05-Aug-2017
112213;Axis Liquid Fund - Regular Plan - Monthly IDCW;INF846K01453;INF846K01461;1002.5437;1002.5437;1002.5437;05-Aug-2017
112212;Axis Liquid Fund - Regular Plan - Weekly IDCW;INF846K01438;INF846K01446;1002.9925;1002.9925;1002.9925;05-Aug-2017
112712;Axis Liquid Fund - Retail Plan - Daily IDCW;;INF846K01362;1000.6413;1000.6413;1000.6413;05-Aug-2017
112713;Axis Liquid Fund - Retail Plan - Growth Option;INF846K01354;;1752.8766;1752.8766;1752.8766;05-Aug-2017
112714;Axis Liquid Fund - Retail Plan - Monthly IDCW;INF846K01396;INF846K01404;1001.9845;1001.9845;1001.9845;05-Aug-2017
112715;Axis Liquid Fund - Retail Plan - Weekly IDCW;INF846K01370;INF846K01388;1001.3426;1001.3426;1001.3426;05-Aug-2017

Bank of India Mutual Fund
119368;BANK OF INDIA Liquid Fund- Direct Plan- Daily IDCW;;INF761K01CL0;1002.6483;1002.6483;1002.6483;05-Aug-2017
119369;BANK OF INDIA Liquid Fund- Direct Plan- Growth;INF761K01785;;1917.1135;1917.1135;1917.1135;05-Aug-2017
119370;BANK OF INDIA Liquid Fund- Direct Plan- Weekly IDCW;;INF761K01CM8;1062.5357;1062.5357;1062.5357;05-Aug-2017
111971;BANK OF INDIA Liquid Fund- Regular Plan- Daily IDCW;;INF761K01CO4;1002.1069;1002.1069;1002.1069;05-Aug-2017
109254;BANK OF INDIA Liquid Fund- Regular Plan- Growth;INF761K01306;;1908.3606;1908.3606;1908.3606;05-Aug-2017
109255;BANK OF INDIA Liquid Fund- Regular Plan- Weekly IDCW;;INF761K01CP1;1002.2275;1002.2275;1002.2275;05-Aug-2017

Canara Robeco Mutual Fund
118307;CANARA ROBECO LIQUID FUND - DIRECT PLAN - DAILY IDCW (Reinvestment);;INF760K01FS0;1005.5000;1005.5000;1005.5000;05-Aug-2017
118305;CANARA ROBECO LIQUID FUND - DIRECT PLAN - GROWTH OPTION;INF760K01FU6;;2014.1028;2014.1028;2014.1028;05-Aug-2017
118304;CANARA ROBECO LIQUID FUND - DIRECT PLAN - IDCW (Payout/Reinvestment);INF760K01FT8;;1441.9705;1441.9705;1441.9705;05-Aug-2017
118306;CANARA ROBECO LIQUID FUND - DIRECT PLAN - MONTHLY IDCW (Payout/Reinvestment);INF760K01FV4;INF760K01FW2;1001.7775;1001.7775;1001.7775;05-Aug-2017
118308;CANARA ROBECO LIQUID FUND - DIRECT PLAN - WEEKLY IDCW (Payout/Reinvestment);INF760K01FY8;INF760K01FX0;1000.5664;1000.5664;1000.5664;05-Aug-2017
109349;CANARA ROBECO LIQUID FUND - REGULAR PLAN - DAILY IDCW (Reinvestment);;INF760K01CU3;1005.5000;1005.5000;1005.5000;05-Aug-2017
109353;CANARA ROBECO LIQUID FUND - REGULAR PLAN - GROWTH OPTION;INF760K01CW9;;2010.2304;2010.2304;2010.2304;05-Aug-2017
109351;CANARA ROBECO LIQUID FUND - REGULAR PLAN - MONTHLY IDCW (Payout/Reinvestment);INF760K01CX7;INF760K01CY5;1001.7692;1001.7692;1001.7692;05-Aug-2017
109350;CANARA ROBECO LIQUID FUND - REGULAR PLAN - WEEKLY IDCW (Payout/Reinvestment);INF760K01BZ4;INF760K01CZ2;1000.5639;1000.5639;1000.5639;05-Aug-2017
139235;Canara Robeco Liquid Fund -Unclaimed Redemption and Dividend Plan -Direct Growth Option;INF760K01IC8;;1094.4752;1094.4752;1094.4752;05-Aug-2017

DSP Mutual Fund
119125;DSP Liquidity Fund - Direct Plan - Growth;INF740K01QL4;;2379.5069;2379.5069;2379.5069;05-Aug-2017
119124;DSP Liquidity Fund - Direct Plan - IDCW - Daily;;INF740KA1OB6;1000.9908;1000.9908;1000.9908;05-Aug-2017
119123;DSP Liquidity Fund - Direct Plan - IDCW - Weekly;INF740KA1OC4;INF740KA1OD2;1001.1708;1001.1708;1001.1708;05-Aug-2017
103347;DSP Liquidity Fund - Regular Plan - Growth;INF740K01FK9;;2370.3435;2370.3435;2370.3435;05-Aug-2017
103348;DSP Liquidity Fund - Regular Plan - IDCW - Weekly;INF740K01FM5;INF740K01FL7;1001.1620;1001.1620;1001.1620;05-Aug-2017
103349;DSP Liquidity Fund- Regular Plan - IDCW - Daily;;INF740KA1OE0;1000.9864;1000.9864;1000.9864;05-Aug-2017
100943;DSP BlackRock Liquidity Fund - Regular Plan - Daily Dividend;;;10.0135;10.0135;10.0135;05-Aug-2017
100940;DSP BlackRock Liquidity Fund - Regular Plan - Growth;INF740K01CN0;;38.8833;38.8833;38.8833;05-Aug-2017
100941;DSP BlackRock Liquidity Fund - Regular Plan Weekly Dividend;;;12.4147;12.4147;12.4147;05-Aug-2017

Groww Mutual Fund
119135;Groww Liquid Fund ( formerly known as Indiabulls Liquid )Fund - Direct Plan - Growth Option;INF666M01451;;1625.9817;1625.9817;1625.9817;05-Aug-2017
119136;Groww Liquid Fund (formerly known as Indiabulls Liquid Fund) - Direct Plan- - Income Distribution cum capital withdrawal Option ( Reinvestment);;INF666M01469;1001.0600;1001.0600;1001.0600;05-Aug-2017
115991;Groww Liquid Fund (formerly known as Indiabulls Liquid Fund) - Regular Plan - Growth Option;INF666M01014;;1618.8145;1618.8145;1618.8145;05-Aug-2017
119138;Groww Liquid Fund (formerly known as Indiabulls Liquid Fund)- Direct Plan- Fortnightly - Income Distribution cum capital withdrawal Option (Payout & Reinvestment);INF666M01501;INF666M01485;1002.1829;1002.1829;1002.1829;05-Aug-2017
119139;Groww Liquid Fund (formerly known as Indiabulls Liquid Fund)- Direct Plan- Monthly - Income Distribution cum capital withdrawal Option (Payout & Reinvestment);INF666M01519;INF666M01493;1030.0959;1030.0959;1030.0959;05-Aug-2017
119137;Groww Liquid Fund (formerly known as Indiabulls Liquid Fund)- Direct Plan- Weekly - Income Distribution cum capital withdrawal Option (Payout & Reinvestment);INF666M01527;INF666M01477;1001.4439;1001.4439;1001.4439;05-Aug-2017
115992;Groww Liquid Fund (formerly known as Indiabulls Liquid Fund)- Regular Plan- - Income Distribution cum capital withdrawal Option (Reinvestment);;INF666M01022;1001.1451;1001.1451;1001.1451;05-Aug-2017
115995;Groww Liquid Fund (formerly known as Indiabulls Liquid Fund)- Regular Plan- Monthly - Income Distribution cum capital withdrawal Option (Payout & Reinvestment);INF666M01071;INF666M01055;1001.5874;1001.5874;1001.5874;05-Aug-2017
115993;Groww Liquid Fund (formerly known as Indiabulls Liquid Fund)- Regular Plan- Weekly - Income Distribution cum capital withdrawal Option (Payout & Reinvestment);INF666M01089;INF666M01030;1002.5018;1002.5018;1002.5018;05-Aug-2017
115994;Groww Liquid Fund (formerly known as Indiabulls Liquid) Fund- Regular Plan- Fortnightly - Income Distribution cum capital withdrawal Option (Payout & Reinvestment);INF666M01063;INF666M01048;1002.3108;1002.3108;1002.3108;05-Aug-2017

ICICI Prudential Mutual Fund
100357;ICICI Prudential Liquid Fund -Quarterly IDCW;INF109K01UU5;INF109K01UT7;101.0257;101.0257;101.0257;05-Aug-2017
100359;ICICI Prudential Liquid Institutional Plus Fund - Div - Daily;INF109K01VJ6;;118.5342;118.5342;118.5342;05-Aug-2017
103343;ICICI Prudential Liquid Fund - Daily IDCW;INF109K01VP3;;100.1162;100.1162;100.1162;05-Aug-2017
120198;ICICI Prudential Liquid Fund - Direct Plan -  Annual IDCW;INF109K01P99;INF109K01Q07;105.8869;105.8869;105.8869;05-Aug-2017
120187;ICICI Prudential Liquid Fund - Direct Plan -  Half Yearly IDCW;INF109K01Q56;INF109K01Q64;106.9489;106.9489;106.9489;05-Aug-2017
120191;ICICI Prudential Liquid Fund - Direct Plan -  IDCW Others;INF109K01Q31;INF109K01Q23;124.2391;124.2391;124.2391;05-Aug-2017
120188;ICICI Prudential Liquid Fund - Direct Plan - Daily IDCW;;INF109K01Q15;100.0859;100.0859;100.0859;05-Aug-2017
120197;ICICI Prudential Liquid Fund - Direct Plan - Growth;INF109K01Q49;;246.2189;246.2189;246.2189;05-Aug-2017
120189;ICICI Prudential Liquid Fund - Direct Plan - Monthly IDCW;INF109K01R06;;100.348;100.348;100.348;05-Aug-2017
120196;ICICI Prudential Liquid Fund - Direct Plan - Quarterly IDCW;INF109K01Q72;INF109K01Q80;101.7826;101.7826;101.7826;05-Aug-2017
120190;ICICI Prudential Liquid Fund - Direct Plan - Weekly IDCW;INF109K01Q98;;100.2717;100.2717;100.2717;05-Aug-2017
130934;ICICI Prudential Liquid Fund - Direct Plan Bonus;INF109KA1G86;;124.5396;124.5396;124.5396;05-Aug-2017
103340;ICICI Prudential Liquid Fund - Growth;INF109K01VQ1;;245.611;245.611;245.611;05-Aug-2017
104308;ICICI Prudential Liquid Fund - Half Yearly IDCW;INF109K01UX9;INF109K01UW1;105.8913;105.8913;105.8913;05-Aug-2017
115505;ICICI Prudential Liquid Fund - IDCW Others;INF109K01VU3;INF109K01VT5;124.0659;124.0659;124.0659;05-Aug-2017
103344;ICICI Prudential Liquid Fund - Institutional Option - I;INF109K01VH0;;232.5174;232.5174;232.5174;05-Aug-2017
139434;ICICI Prudential Liquid Fund - Unclaimed IDCW;INF109KB1WR9;;108.3647;108.3647;108.3647;05-Aug-2017
139433;ICICI Prudential Liquid Fund - Unclaimed Redemption;INF109KB1WQ1;;108.3647;108.3647;108.3647;05-Aug-2017
103342;ICICI Prudential Liquid Fund - Weekly IDCW;INF109K01VS7;;100.246;100.246;100.246;05-Aug-2017
103341;ICICI Prudential Liquid Fund -Monthly IDCW;INF109K01VR9;;100.2132;100.2132;100.2132;05-Aug-2017
112119;ICICI Prudential Liquid Fund-Annual IDCW;INF109K01VD9;INF109K01VC1;105.8503;105.8503;105.8503;05-Aug-2017
101748;ICICI Prudential Liquid Fund - Institutional - Daily - Div;INF109K01VE7;;118.5212;118.5212;118.5212;05-Aug-2017
101754;ICICI Prudential Liquid Fund Retail Daily Dividend;INF109K01UR1;;118.5332;118.5332;118.5332;05-Aug-2017
101750;ICICI Prudential Liquid Fund Retail Growth;INF109K01UQ3;;381.0097;381.0097;381.0097;05-Aug-2017
101755;ICICI Prudential Liquid Fund Retail Monthly Dividend;INF109K01US9;;100.2532;100.2532;100.2532;05-Aug-2017
101752;ICICI Prudential Liquid Fund Retail Weekly Dividend;INF109K01UV3;;118.9202;118.9202;118.9202;05-Aug-2017
101751;ICICI Prudential Liquid Institutional Fund - Growth;INF109K01VF4;;390.7724;390.7724;390.7724;05-Aug-2017

LIC Mutual Fund
120248;LIC MF Liquid Fund-Direct Plan-Daily IDCW;INF767K01DL5;INF767K01DM3;1098.0000;1098.0000;1098.0000;05-Aug-2017
120249;LIC MF Liquid Fund-Direct Plan-Growth;INF767K01DN1;;3017.2876;3017.2876;3017.2876;05-Aug-2017
101184;LIC MF Liquid Fund-Regular Plan-Daily IDCW;INF767K01IQ3;INF767K01IR1;1098.0000;1098.0000;1098.0000;05-Aug-2017
101185;LIC MF Liquid Fund-Regular Plan-Growth;INF767K01IS9;;3004.9669;3004.9669;3004.9669;05-Aug-2017

Nippon India Mutual Fund
100852;NIPPON INDIA LIQUID FUND - DAILY IDCW OPTION;;INF204K01UM1;1529.0075;1529.0075;1529.0075;05-Aug-2017
118695;NIPPON INDIA LIQUID FUND - DIRECT Plan - DAILY IDCW OPTION;;INF204K01ZG2;1529.0109;1529.0109;1529.0109;05-Aug-2017
118696;NIPPON INDIA LIQUID FUND - DIRECT Plan - MONTHLY IDCW OPTION;INF204K01ZI8;INF204K01ZJ6;1592.5530;1592.5530;1592.5530;05-Aug-2017
118698;NIPPON INDIA LIQUID FUND - DIRECT Plan - QUARTERLY IDCW OPTION;INF204K01ZK4;INF204K01ZL2;1014.3828;1014.3828;1014.3828;05-Aug-2017
118700;NIPPON INDIA LIQUID FUND - DIRECT Plan - WEEKLY IDCW OPTION;INF204KC1FN6;INF204K01ZM0;1530.5712;1530.5712;1530.5712;05-Aug-2017
118701;Nippon India Liquid Fund - Direct Plan Growth Plan - Growth Option;INF204K01ZH0;;4059.1992;4059.1992;4059.1992;05-Aug-2017
100855;NIPPON INDIA LIQUID FUND - MONTHLY IDCW OPTION;INF204K01UO7;INF204K01UP4;1589.2037;1589.2037;1589.2037;05-Aug-2017
112340;NIPPON INDIA LIQUID FUND - QUARTERLY IDCW OPTION;INF204K01UQ2;INF204K01UR0;1011.9984;1011.9984;1011.9984;05-Aug-2017
100837;Nippon India Liquid Fund - Retail Option - Growth Plan;INF204K01UL3;;3776.5816;3776.5816;3776.5816;05-Aug-2017
100842;NIPPON INDIA LIQUID FUND - RETAIL Plan - DAILY IDCW OPTION;;INF204K01UJ7;1524.5104;1524.5104;1524.5104;05-Aug-2017
100843;NIPPON INDIA LIQUID FUND - RETAIL plan - MONTHLY IDCW OPTION;INF204K01UT6;INF204K01UU4;1330.6661;1330.6661;1330.6661;05-Aug-2017
100844;NIPPON INDIA LIQUID FUND - RETAIL Plan - QUARTERLY IDCW OPTION;INF204K01UV2;INF204K01UW0;1224.8159;1224.8159;1224.8159;05-Aug-2017
100838;NIPPON INDIA LIQUID FUND - RETAIL Plan - WEEKLY IDCW OPTION;;INF204K01UK5;1034.3246;1034.3246;1034.3246;05-Aug-2017
100853;NIPPON INDIA LIQUID FUND - WEEKLY IDCW OPTION;INF204KC1FM8;INF204K01US8;1530.5680;1530.5680;1530.5680;05-Aug-2017
100851;Nippon India Liquid Fund -Growth Plan;INF204K01UN9;;4044.3798;4044.3798;4044.3798;05-Aug-2017
118610;Reliance Liquid Fund - Cash Plan - Direct Plan - Growth Plan - Growth Option;;;2686.1041;2686.1041;2686.1041;05-Aug-2017
118618;Reliance Liquid Fund - Cash Plan - Direct Plan Daily Dividend Reinvestment Option;;;1114.3508;1114.3508;1114.3508;05-Aug-2017
118609;Reliance Liquid Fund - Cash Plan - Direct Plan Monthly Dividend Plan;;;1005.1556;1005.1556;1005.1556;05-Aug-2017
118612;Reliance Liquid Fund - Cash Plan - Direct Plan Quarterly Dividend Plan;;;1018.1981;1018.1981;1018.1981;05-Aug-2017
118611;Reliance Liquid Fund - Cash Plan - Direct Plan Weekly Dividend Reinvestment Option;;;1091.8969;1091.8969;1091.8969;05-Aug-2017
100849;Reliance Liquid Fund-Cash Plan-Daily Dividend Reinvestment Option;;;1114.3222;1114.3222;1114.3222;05-Aug-2017
100845;Reliance Liquid Fund-Cash Plan-Growth Plan;;;2594.4012;2594.4012;2594.4012;05-Aug-2017
114251;Reliance Liquid Fund-Cash Plan-Monthly Dividend Plan;;;1003.0607;1003.0607;1003.0607;05-Aug-2017
114252;Reliance Liquid Fund-Cash Plan-Quarterly Dividend Plan;;;1011.0073;1011.0073;1011.0073;05-Aug-2017
100848;Reliance Liquid Fund-Cash Plan-Weekly Dividend Reinvestment Option;;;1091.8587;1091.8587;1091.8587;05-Aug-2017

quant Mutual Fund
120837;quant Liquid Fund - Growth Option - Direct Plan;INF966L01820;;26.1101;26.1101;26.1101;05-Aug-2017
103225;quant Liquid Fund - Growth Option - Regular Plan;INF966L01317;;25.9917;25.9917;25.9917;05-Aug-2017
120838;quant Liquid Fund - Monthly IDCW Option - Direct Plan;INF966L01796;INF966L01812;15.2364;15.2364;15.2364;05-Aug-2017
103228;quant Liquid Fund - Monthly IDCW Option - Regular Plan;INF966L01291;INF966L01309;15.1304;15.1304;15.1304;05-Aug-2017
120839;quant Liquid Fund - Weekly IDCW Option - Direct Plan;INF966L01788;INF966L01804;13.7693;13.7693;13.7693;05-Aug-2017
103227;quant Liquid Fund - Weekly IDCW Option - Regular Plan;INF966L01499;INF966L01283;13.5522;13.5522;13.5522;05-Aug-2017
120836;quant Liquid Fund-Daily IDCW Option - Direct Plan;;INF966L01770;13.7675;13.7675;13.7675;05-Aug-2017
103226;quant Liquid Fund-Daily IDCW Option - Regular Plan;;INF966L01275;13.6793;13.6793;13.6793;05-Aug-2017

Quantum Mutual Fund
103736;Quantum Liquid Fund - Direct Plan Daily IDCW;;INF082J01135;10.0072;10.0072;10.0072;05-Aug-2017
103734;Quantum Liquid Fund - Direct Plan Growth Option;INF082J01127;;22.9817;22.9817;22.9817;05-Aug-2017
103735;Quantum Liquid Fund - Direct Plan Monthly IDCW;INF082J01143;INF082J01200;10.0240;10.0240;10.0240;05-Aug-2017
141065;Quantum Liquid Fund - Regular Plan Daily IDCW;;INF082J01317;10.0057;10.0057;10.0057;05-Aug-2017
141066;Quantum Liquid Fund - Regular Plan Growth Option;INF082J01309;;22.9771;22.9771;22.9771;05-Aug-2017
141067;Quantum Liquid Fund - Regular Plan Monthly IDCW;INF082J01325;INF082J01333;10.0234;10.0234;10.0234;05-Aug-2017

SBI Mutual Fund
119804;SBI Liquid Fund - Direct Paln - Fortnightly Income Distribution cum Capital Withdrawal Option (IDCW);INF200K01UR8;INF200K01US6;1013.1131;1013.1131;1013.1131;05-Aug-2017
119805;SBI Liquid Fund - Direct Plan - Daily Income Distribution cum Capital Withdrawal Option (IDCW);;INF200K01UQ0;1003.2500;1003.2500;1003.2500;05-Aug-2017
119799;SBI Liquid Fund - Direct Plan - Weekly Income Distribution cum Capital Withdrawal Option (IDCW);INF200K01UU2;INF200K01UV0;1061.0596;1061.0596;1061.0596;05-Aug-2017
119800;SBI Liquid Fund - DIRECT PLAN -Growth;INF200K01UT4;;2610.0588;2610.0588;2610.0588;05-Aug-2017
105274;SBI Liquid Fund - Institutional - Growth;INF200K01LU1;;2627.2152;2627.2152;2627.2152;05-Aug-2017
105275;SBI Liquid Fund - Institutional Daily Income Distribution cum Capital Withdrawal Option (IDCW);;INF200K01LR7;1003.2500;1003.2500;1003.2500;05-Aug-2017
105279;SBI Liquid Fund - Institutional Fortnightly Income Distribution cum Capital Withdrawal Option (IDCW);INF200K01LS5;INF200K01LT3;1024.4202;1024.4202;1024.4202;05-Aug-2017
105278;SBI Liquid Fund - Institutional Weekly Income Distribution cum Capital Withdrawal Option (IDCW);INF200K01LV9;INF200K01LW7;1060.3503;1060.3503;1060.3503;05-Aug-2017
105281;SBI Liquid Fund - Regular Plan - Daily Income Distribution cum Capital Withdrawal Option (IDCW);;INF200K01LX5;1003.2500;1003.2500;1003.2500;05-Aug-2017
105283;SBI Liquid Fund - Regular Plan - Fortnightly Income Distribution cum Capital Withdrawal Option (IDCW);INF200K01LY3;INF200K01LZ0;1013.1007;1013.1007;1013.1007;05-Aug-2017
105282;SBI Liquid Fund - Regular Plan - Weekly Income Distribution cum Capital Withdrawal Option (IDCW);INF200K01MB9;INF200K01MC7;1061.0596;1061.0596;1061.0596;05-Aug-2017
105280;SBI Liquid Fund - REGULAR PLAN -Growth;INF200K01MA1;;2602.7381;2602.7381;2602.7381;05-Aug-2017

Sundaram Mutual Fund
119690;Sundaram Money Fund Direct Plan - Bonus;INF903J01RL8;;12.5561;12.5561;12.5561;05-Aug-2017
119688;Sundaram Money Fund Direct Plan - Daily Reinvestment of Income Distribution cum Capital Withdrawal (IDCW);;INF903J01QA3;10.1025;10.1025;10.1025;05-Aug-2017
119692;Sundaram Money Fund Direct Plan - Fortnightly Reinvestment of Income Distribution cum Capital Withdrawal (IDCW);;INF903J01QB1;25.9047;25.9047;25.9047;05-Aug-2017
119686;Sundaram Money Fund Direct Plan - Growth;INF903J01QF2;;35.0857;35.0857;35.0857;05-Aug-2017
119687;Sundaram Money Fund Direct Plan - Monthly Income Distribution cum Capital Withdrawal (IDCW);INF903J01QC9;INF903J01QD7;10.6700;10.6700;10.6700;05-Aug-2017
119689;Sundaram Money Fund Direct Plan - Quarterly Reinvestment of Income Distribution cum Capital Withdrawal (IDCW);;INF903J01QE5;34.0970;34.0970;34.0970;05-Aug-2017
119691;Sundaram Money Fund Direct Plan - Weekly Reinvestment of Income Distribution cum Capital Withdrawal (IDCW);;INF903J01QG0;11.6402;11.6402;11.6402;05-Aug-2017
102701;Sundaram Money Fund Institutional Plan - Daily Reinvestment of Income Distribution cum Capital Withdrawal (IDCW);;INF903J01GP2;10.0953;10.0953;10.0953;05-Aug-2017
102703;Sundaram Money Fund Institutional Plan - Growth;INF903J01GN7;;34.1015;34.1015;34.1015;05-Aug-2017
118328;Sundaram Money Fund Regular Plan - Bonus;INF903J01MB0;;12.4998;12.4998;12.4998;05-Aug-2017
103392;Sundaram Money Fund Regular Plan - Daily Reinvestment of Income Distribution cum Capital Withdrawal (IDCW);;INF903J01GW8;10.0953;10.0953;10.0953;05-Aug-2017
103395;Sundaram Money Fund Regular Plan - Fortnightly Reinvestment of Income Distribution cum Capital Withdrawal (IDCW);;INF903J01GY4;10.9599;10.9599;10.9599;05-Aug-2017
103397;Sundaram Money Fund Regular Plan - Growth;INF903J01GU2;;34.9691;34.9691;34.9691;05-Aug-2017
103396;Sundaram Money Fund Regular Plan - Monthly Income Distribution cum Capital Withdrawal (IDCW);INF903J01GV0;INF903J01GZ1;10.5275;10.5275;10.5275;05-Aug-2017
103393;Sundaram Money Fund Regular Plan - Quarterly Reinvestment of Income Distribution cum Capital Withdrawal (IDCW);;INF903J01HA2;34.0241;34.0241;34.0241;05-Aug-2017
100620;Sundaram Money Fund Retail Plan - Daily Reinvestment of Income Distribution cum Capital Withdrawal (IDCW);;INF903J01GI7;10.0953;10.0953;10.0953;05-Aug-2017
100622;Sundaram Money Fund Retail Plan - Fortnightly Reinvestment of Income Distribution cum Capital Withdrawal (IDCW);;INF903J01GK3;10.9275;10.9275;10.9275;05-Aug-2017
100618;Sundaram Money Fund Retail Plan - Growth;INF903J01GG1;;32.6801;32.6801;32.6801;05-Aug-2017
100623;Sundaram Money Fund Retail Plan - Monthly Income Distribution cum Capital Withdrawal (IDCW);INF903J01GH9;INF903J01GL1;10.5406;10.5406;10.5406;05-Aug-2017
100619;Sundaram Money Fund Retail Plan - Quarterly Reinvestment of Income Distribution cum Capital Withdrawal (IDCW);;INF903J01GM9;12.1052;12.1052;12.1052;05-Aug-2017
100621;Sundaram Money Fund Retail Plan - Weekly Reinvestment of Income Distribution cum Capital Withdrawal (IDCW);;INF903J01GJ5;11.5793;11.5793;11.5793;05-Aug-2017
140006;Sundaram Money Fund Unclaimed Amount Plan - Unclaimed Dividend Less Than Three Years;INF903JA1567;;10.5377;10.5377;10.5377;05-Aug-2017
140005;Sundaram Money Fund Unclaimed Amount Plan - Unclaimed Dividend More Than Three Years;INF903JA1575;;10.0000;10.0000;10.0000;05-Aug-2017
140003;Sundaram Money Fund Unclaimed Amount Plan - Unclaimed Redemption Less Than Three Years;INF903JA1542;;10.5465;10.5465;10.5465;05-Aug-2017
140004;Sundaram Money Fund Unclaimed Amount Plan - Unclaimed Redemption More Than Three Years;INF903JA1559;;10.0000;10.0000;10.0000;05-Aug-2017
103394;Sundaram Money Fund Regular Plan - Weekly Reinvestment of Income Distribution cum Capital Withdrawal (IDCW);;INF903J01GX6;11.6217;11.6217;11.6217;05-Aug-2017

Tata Mutual Fund
102672;Tata Liquid Fund -Regular Plan - Growth Option;INF277K01YD8;;2612.1074;2612.1074;2612.1074;05-Aug-2017
119862;Tata Liquid Fund- Direct Plan - Daily Reinvestment of IDCW Option;;INF277K012D2;1001.5187;1001.5187;1001.5187;05-Aug-2017
119861;Tata Liquid Fund- Direct Plan-Growth Option;INF277K01YE6;;2622.0356;2622.0356;2622.0356;05-Aug-2017
101714;Tata Liquid Fund- Regular Plan - Daily Reinvestment of IDCW Option;;INF277K011D4;1001.5157;1001.5157;1001.5157;05-Aug-2017

Union Mutual Fund
115401;Union Liquid Fund - Daily IDCW Option;;INF582M01021;1000.6489;1000.6489;1000.6489;05-Aug-2017
119301;Union Liquid Fund - Direct Plan - Daily IDCW Option;;INF582M01682;1000.6506;1000.6506;1000.6506;05-Aug-2017
119305;Union Liquid Fund - Direct Plan - Fortnightly IDCW Option;INF582M01724;INF582M01708;1002.2359;1002.2359;1002.2359;05-Aug-2017
119303;Union Liquid Fund - Direct Plan - Growth Option;INF582M01674;;1662.0928;1662.0928;1662.0928;05-Aug-2017
119302;Union Liquid Fund - Direct Plan - Monthly IDCW Option;INF582M01732;INF582M01716;1002.2362;1002.2362;1002.2362;05-Aug-2017
119304;Union Liquid Fund - Direct Plan - Weekly IDCW Option;;INF582M01690;1001.2077;1001.2077;1001.2077;05-Aug-2017
115399;Union Liquid Fund - Fortnightly IDCW Option;INF582M01062;INF582M01047;1002.2230;1002.2230;1002.2230;05-Aug-2017
115398;Union Liquid Fund - Growth Option;INF582M01013;;1654.6356;1654.6356;1654.6356;05-Aug-2017
115400;Union Liquid Fund - Monthly IDCW Option;INF582M01070;INF582M01054;1002.2230;1002.2230;1002.2230;05-Aug-2017
115402;Union Liquid Fund - Weekly IDCW Option;;INF582M01039;1001.2029;1001.2029;1001.2029;05-Aug-2017

UTI Mutual Fund
120558;UTI Liquid Fund - Direct Plan - Daily IDCW (Reinvestment);;INF789F01XP8;1019.4457;1019.4457;1019.4457;05-Aug-2017
140913;UTI Liquid Fund - Direct Plan - Fortnightly IDCW;INF789FA1K06;INF789FA1K14;1064.6036;1064.6036;0;05-Aug-2017
140504;UTI Liquid Fund - Direct Plan - Half-Yearly IDCW;INF789FA1K48;INF789FA1K55;1039.5264;1039.5264;0;05-Aug-2017
120794;UTI Liquid Fund - Direct Plan - Monthly IDCW;INF789F01XR4;INF789F01XS2;1025.92;1025.92;1025.92;05-Aug-2017
140024;UTI Liquid Fund - Direct Plan - Quarterly IDCW;INF789FA1K22;INF789FA1K30;1131.6405;1131.6405;0;05-Aug-2017
120777;UTI Liquid Fund - Direct Plan - Weekly IDCW;;INF789F01XT0;1053.4977;1053.4977;1053.4977;05-Aug-2017
133973;UTI Liquid Fund - Regular Plan - Annual IDCW;INF789FA1J66;INF789FA1J74;1198.1981;1198.1981;1198.1981;05-Aug-2017
102010;UTI Liquid Fund - Regular Plan - Daily IDCW (Reinvestment);;INF789F01PG3;1019.4457;1019.4457;1019.4457;05-Aug-2017
139838;UTI Liquid Fund - Regular Plan - Fortnightly IDCW;INF789FA1J09;INF789FA1J17;1064.5051;1064.5051;0;05-Aug-2017
102011;UTI Liquid Fund - Regular Plan - Monthly IDCW;INF789F01PI9;INF789F01PJ7;1025.9143;1025.9143;1025.9143;05-Aug-2017
135721;UTI Liquid Fund - Regular Plan - Quarterly IDCW;INF789FA1J25;INF789FA1J33;1131.3137;1131.3137;0;05-Aug-2017
102013;UTI Liquid Fund - Regular Plan - Weekly IDCW;;INF789F01PK5;1053.492;1053.492;1053.492;05-Aug-2017
120304;UTI-  Liquid Cash Plan - Direct Plan - Growth Option;INF789F01XQ6;;2724.5063;2724.5063;2724.5063;05-Aug-2017
102012;UTI-  Liquid Cash Plan - Regular Plan - Growth Option;INF789F01PH1;;2717.3268;2717.3268;2717.3268;05-Aug-2017
102008;UTI-  Liquid Cash Plan- Discontinued - Regular Plan - Monthly Dividend Option;INF789F01BC2;INF789F01BA6;1173.7428;1173.7428;0;05-Aug-2017
102009;UTI-  Liquid Cash Plan- Discontinued - Regular Plan -Growth;INF789F01BB4;;2566.0005;2566.0005;0;05-Aug-2017
102007;UTI-  Liquid Cash Plan- Discontinued -Regular Plan Periodic Dividend Option;;INF789F01AZ5;1132.3461;1132.3461;0;05-Aug-2017

Open Ended Schemes ( Debt Scheme - Ultra Short Duration Fund )


SBI Mutual Fund
119784;SBI Ultra Short Duration Fund - Direct Plan - Daily Income Distribution cum Capital Withdrawal Option (IDCW);;INF200K01TG3;1675.0300;1675.0300;1675.0300;05-Aug-2017
119828;SBI ULTRA SHORT DURATION FUND - DIRECT PLAN - GROWTH;INF200K01TF5;;3680.4295;3680.4295;3680.4295;05-Aug-2017
119829;SBI Ultra Short Duration Fund - Direct Plan - Weekly Income Distribution cum Capital Withdrawal Option (IDCW);INF200K01TH1;INF200K01TI9;1077.5805;1077.5805;1077.5805;05-Aug-2017
105080;SBI Ultra Short Duration Fund - Regular Plan - Daily Income Distribution cum Capital Withdrawal Option (IDCW);;INF200K01LK2;1675.0300;1675.0300;1675.0300;05-Aug-2017
100641;SBI ULTRA SHORT DURATION FUND - REGULAR PLAN - GROWTH;INF200K01LJ4;;3667.4617;3667.4617;3667.4617;05-Aug-2017
103884;SBI Ultra Short Duration Fund - Regular Plan - Weekly Income Distribution cum Capital Withdrawal Option (IDCW);INF200K01LM8;INF200K01LL0;1077.5805;1077.5805;1077.5805;05-Aug-2017

Open Ended Schemes ( Debt Scheme - Money Market Fund )


Nippon India Mutual Fund
103050;NIPPON INDIA MONEY MARKET FUND - DAILY IDCW Option;;INF204K01UY6;1000.6837;1000.6837;1000.6837;05-Aug-2017
118718;NIPPON INDIA MONEY MARKET FUND - DIRECT Plan - DAILY IDCW Option;;INF204K01ZN8;1000.6864;1000.6864;1000.6864;05-Aug-2017
118720;NIPPON INDIA MONEY MARKET FUND - DIRECT Plan - MONTHLY IDCW Option;INF204K01ZQ1;INF204K01ZR9;1003.8187;1003.8187;1003.8187;05-Aug-2017
118716;NIPPON INDIA MONEY MARKET FUND - DIRECT Plan - QUARTERLY IDCW Option;INF204K01ZS7;INF204K01ZT5;1011.4682;1011.4682;1011.4682;05-Aug-2017
118717;NIPPON INDIA MONEY MARKET FUND - DIRECT Plan - WEEKLY IDCW Option;;INF204K01ZO6;1000.7745;1000.7745;1000.7745;05-Aug-2017
118715;Nippon India Money Market Fund - Direct Plan Growth Plan - Bonus Option;INF204K01G11;;1474.3336;1474.3336;1474.3336;05-Aug-2017
118719;Nippon India Money Market Fund - Direct Plan Growth Plan - Growth Option;INF204K01ZP3;;2507.2749;2507.2749;2507.2749;05-Aug-2017
103052;NIPPON INDIA MONEY MARKET FUND - MONTHLY IDCW Option;INF204K01VB2;INF204K01VC0;1003.7753;1003.7753;1003.7753;05-Aug-2017
112341;NIPPON INDIA MONEY MARKET FUND - QUARTERLY IDCW Option;INF204K01VD8;INF204K01VE6;1011.5838;1011.5838;1011.5838;05-Aug-2017
103051;NIPPON INDIA MONEY MARKET FUND - WEEKLY IDCW Option;;INF204K01UZ3;1000.7616;1000.7616;1000.7616;05-Aug-2017
103049;Nippon India Money Market Fund-Growth Plan-Bonus Option;INF204K01UX8;;1468.5186;1468.5186;1468.5186;05-Aug-2017
103048;Nippon India Money Market Fund-Growth Plan-Growth Option;INF204K01VA4;;2497.2071;2497.2071;2497.2071;05-Aug-2017

Tata Mutual Fund
119423;Tata Liquid Fund- Direct Plan- Monthly Dividend;INF277K01PS4;INF277K01PT2;1001.5904;1001.5904;1001.5904;05-Aug-2017
119422;Tata Liquid Fund- Direct Plan- Weekly Dividend;INF277K013C2;;1001.3943;1001.3943;1001.3943;05-Aug-2017
119421;Tata Money Market Fund- Direct Plan - Daily Reinvestment of IDCW Option;;INF277K011C6;1114.5200;1114.5200;1114.5200;05-Aug-2017
119424;Tata Money Market Fund- Direct Plan- Growth Option;INF277K01PR6;;3068.3965;3068.3965;3068.3965;05-Aug-2017
101986;Tata Money Market Fund- Regular Plan - Daily Reinvestment of IDCW Option;;INF277K014C0;1114.5200;1114.5200;1114.5200;05-Aug-2017
101847;Tata Money Market Fund-Regular Plan - Growth Option;INF277K01LQ7;;3057.9600;3057.9600;3057.9600;05-Aug-2017

UTI Mutual Fund
120299;UTI MMF - Direct Plan - Growth Option;INF789F01XV6;;1866.6009;1866.6009;1866.6009;05-Aug-2017
112077;UTI MMF - Regular Plan - Growth Option;INF789F01PX8;;1858.3652;1858.3652;1858.3652;05-Aug-2017
100724;UTI MMF- Discontinued - Regular Plan - Flexi Dividend Option;;INF789F01BD0;2403.4119;2403.4119;0;05-Aug-2017
100725;UTI MMF- Discontinued - Regular Plan - Periodic Dividend Option;INF789F01BE8;;1988.0643;1988.0643;0;05-Aug-2017
100723;UTI MMF-Discontinued - Regular Plan -Growth;INF789F01BF5;;4454.1118;4454.1118;0;05-Aug-2017
134973;UTI Money Market Fund - Direct Plan - Annual IDCW;INF789FA1N03;INF789FA1N11;1107.9054;1107.9054;0;05-Aug-2017
120772;UTI Money Market Fund - Direct Plan - Daily IDCW (Reinvestment);;INF789F01XU8;1003.3854;1003.3854;1003.3854;05-Aug-2017
135606;UTI Money Market Fund - Direct Plan - Fortnightly IDCW;INF789FA1M20;INF789FA1M38;1149.9515;1149.9515;0;05-Aug-2017
133387;UTI Money Market Fund - Direct Plan - Monthly IDCW;INF789FA1M46;INF789FA1M53;1083.4228;1083.4228;1083.4228;05-Aug-2017
120793;UTI Money Market Fund - Direct Plan - Weekly IDCW;INF789F01XW4;INF789F01XX2;1015.0499;1015.0499;1015.0499;05-Aug-2017
134972;UTI Money Market Fund - Regular Plan - Annual IDCW;INF789FA1L88;INF789FA1L96;1106.8817;1106.8817;0;05-Aug-2017
112076;UTI Money Market Fund - Regular Plan - Daily IDCW (Reinvestment);;INF789F01PW0;1003.3854;1003.3854;1003.3854;05-Aug-2017
135371;UTI Money Market Fund - Regular Plan - Fortnightly IDCW;INF789FA1L05;INF789FA1L13;1067.1047;1067.1047;0;05-Aug-2017
134763;UTI Money Market Fund - Regular Plan - Half-Yearly IDCW;INF789FA1L62;INF789FA1L70;1044.3561;1044.3561;0;05-Aug-2017
133484;UTI Money Market Fund - Regular Plan - Monthly IDCW;INF789FA1L21;INF789FA1L39;1037.7133;1037.7133;1037.7133;05-Aug-2017
112635;UTI Money Market Fund - Regular Plan - Weekly IDCW;INF789F01PY6;INF789F01PZ3;1015.0366;1015.0366;1015.0366;05-Aug-2017

Close Ended Schemes ( Income )


SBI Mutual Fund
126209;SBI DEBT FUND SERIES - 16 MONTHS - 2 - DIRECT PLAN - GROWTH;INF200KA1DM9;;13.3281;N.A.;N.A.;05-Aug-2017
126210;SBI DEBT FUND SERIES - 16 MONTHS - 2 - REGULAR PLAN - DIVIDEND;INF200KA1DL1;;13.2376;N.A.;N.A.;05-Aug-2017
126211;SBI DEBT FUND SERIES - 16 MONTHS - 2 - REGULAR PLAN - GROWTH;INF200KA1DK3;;13.2352;N.A.;N.A.;05-Aug-2017
126212;SBI DEBT FUND SERIES - 16 MONTHS - 2- DIRECT PLAN - DIVIDEND;INF200KA1DN7;;N.A.;N.A.;N.A.;05-Aug-2017
127810;SBI DEBT FUND SERIES - 366 DAYS - 53 - DIRECT PLAN - DIVIDEND;INF200KA1606;;13.2730;N.A.;N.A.;05-Aug-2017
127811;SBI DEBT FUND SERIES - 366 DAYS - 53 - DIRECT PLAN - GROWTH;INF200KA1614;;13.2733;N.A.;N.A.;05-Aug-2017
127812;SBI DEBT FUND SERIES - 366 DAYS - 53 - REGULAR PLAN - DIVIDEND;INF200KA1622;;N.A.;N.A.;N.A.;05-Aug-2017
127813;SBI DEBT FUND SERIES - 366 DAYS - 53 - REGULAR PLAN - GROWTH;INF200KA1630;;13.2061;N.A.;N.A.;05-Aug-2017
128165;SBI DEBT FUND SERIES - 366 DAYS - 54 - DIRECT PLAN - DIVIDEND;INF200KA1788;;13.3013;N.A.;N.A.;05-Aug-2017
128167;SBI DEBT FUND SERIES - 366 DAYS - 54 - REGULAR PLAN - DIVIDEND;INF200KA1804;;13.1880;N.A.;N.A.;05-Aug-2017
128168;SBI DEBT FUND SERIES - 366 DAYS - 54 - REGULAR PLAN - GROWTH;INF200KA1812;;13.1881;N.A.;N.A.;05-Aug-2017
128166;SBI DEBT FUND SERIES - 366 DAYS - 54- DIRECT PLAN - GROWTH;INF200KA1796;;13.3009;N.A.;N.A.;05-Aug-2017
118220;SBI DEBT FUND SERIES - 60 MONTHS - 2 - DIVIDEND;INF200K01QD6;;14.3780;N.A.;N.A.;05-Aug-2017
118221;SBI DEBT FUND SERIES - 60 MONTHS - 2 - GROWTH;INF200K01QC8;;14.3780;N.A.;N.A.;05-Aug-2017
120901;SBI DEBT FUND SERIES - 60 MONTHS - 3 - DIRECT PLAN - DIVIDEND;INF200K01QQ8;;14.5985;N.A.;N.A.;05-Aug-2017
120900;SBI DEBT FUND SERIES - 60 MONTHS - 3 - DIRECT PLAN - GROWTH;INF200K01QP0;;14.5985;N.A.;N.A.;05-Aug-2017
120899;SBI DEBT FUND SERIES - 60 MONTHS - 3 - REGULAR PLAN - DIVIDEND;INF200K01QF1;;14.2585;N.A.;N.A.;05-Aug-2017
120898;SBI DEBT FUND SERIES - 60 MONTHS - 3 - REGULAR PLAN - GROWTH;INF200K01QE4;;14.2585;N.A.;N.A.;05-Aug-2017
128389;SBI DEBT FUND SERIES A - 11 DIRECT PLAN - DIVIDEND;INF200KA1AF9;;N.A.;N.A.;N.A.;05-Aug-2017
128388;SBI DEBT FUND SERIES A - 11 DIRECT PLAN - GROWTH;INF200KA1AE2;;13.1723;N.A.;N.A.;05-Aug-2017
128391;SBI DEBT FUND SERIES A - 11 REGULAR PLAN - DIVIDEND;INF200KA1AD4;;N.A.;N.A.;N.A.;05-Aug-2017
128390;SBI DEBT FUND SERIES A - 11 REGULAR PLAN - GROWTH;INF200KA1AC6;;12.9613;N.A.;N.A.;05-Aug-2017
128672;SBI DEBT FUND SERIES A - 13 DIRECT PLAN - DIVIDEND;INF200KA1978;;N.A.;N.A.;N.A.;05-Aug-2017
128674;SBI DEBT FUND SERIES A - 13 DIRECT PLAN - GROWTH;INF200KA1960;;13.0986;N.A.;N.A.;05-Aug-2017
128673;SBI DEBT FUND SERIES A - 13 REGULAR PLAN - DIVIDEND;INF200KA1952;;N.A.;N.A.;N.A.;05-Aug-2017
128671;SBI DEBT FUND SERIES A - 13 REGULAR PLAN - GROWTH;INF200KA1945;;12.9675;N.A.;N.A.;05-Aug-2017
128696;SBI DEBT FUND SERIES A - 14 DIRECT PLAN - DIVIDEND;INF200KA1AJ1;;N.A.;N.A.;N.A.;05-Aug-2017
128693;SBI DEBT FUND SERIES A - 14 DIRECT PLAN - GROWTH;INF200KA1AI3;;13.1110;N.A.;N.A.;05-Aug-2017
128694;SBI DEBT FUND SERIES A - 14 REGULAR PLAN - DIVIDEND;INF200KA1AH5;;N.A.;N.A.;N.A.;05-Aug-2017
128695;SBI DEBT FUND SERIES A - 14 REGULAR PLAN - GROWTH;INF200KA1AG7;;12.9051;N.A.;N.A.;05-Aug-2017
128930;SBI DEBT FUND SERIES A - 16 DIRECT PLAN - DIVIDEND;INF200KA1AB8;;N.A.;N.A.;N.A.;05-Aug-2017
128931;SBI DEBT FUND SERIES A - 16 DIRECT PLAN - GROWTH;INF200KA1AA0;;12.9782;N.A.;N.A.;05-Aug-2017
128932;SBI DEBT FUND SERIES A - 16 REGULAR PLAN - DIVIDEND;INF200KA1994;;N.A.;N.A.;N.A.;05-Aug-2017
128933;SBI DEBT FUND SERIES A - 16 REGULAR PLAN - GROWTH;INF200KA1986;;12.9518;N.A.;N.A.;05-Aug-2017
129120;SBI DEBT FUND SERIES A - 17 DIRECT PLAN - DIVIDEND;INF200KA1AV6;;12.9789;N.A.;N.A.;05-Aug-2017
129117;SBI DEBT FUND SERIES A - 17 DIRECT PLAN - GROWTH;INF200KA1AU8;;12.9984;N.A.;N.A.;05-Aug-2017
129119;SBI DEBT FUND SERIES A - 17 REGULAR PLAN - DIVIDEND;INF200KA1AT0;;12.9397;N.A.;N.A.;05-Aug-2017
129118;SBI DEBT FUND SERIES A - 17 REGULAR PLAN - GROWTH;INF200KA1AS2;;12.9397;N.A.;N.A.;05-Aug-2017
129391;SBI DEBT FUND SERIES A - 20 DIRECT PLAN - DIVIDEND;INF200KA1BT8;;13.0188;N.A.;N.A.;05-Aug-2017
129392;SBI DEBT FUND SERIES A - 20 DIRECT PLAN - GROWTH;INF200KA1BS0;;13.0202;N.A.;N.A.;05-Aug-2017
129393;SBI DEBT FUND SERIES A - 20 REGULAR PLAN - DIVIDEND;INF200KA1BR2;;N.A.;N.A.;N.A.;05-Aug-2017
129394;SBI DEBT FUND SERIES A - 20 REGULAR PLAN - GROWTH;INF200KA1BQ4;;12.9760;N.A.;N.A.;05-Aug-2017
129442;SBI DEBT FUND SERIES A - 21 DIRECT PLAN - DIVIDEND;INF200KA1BX0;;N.A.;N.A.;N.A.;05-Aug-2017
129443;SBI DEBT FUND SERIES A - 21 DIRECT PLAN - GROWTH;INF200KA1BW2;;12.9845;N.A.;N.A.;05-Aug-2017
129445;SBI DEBT FUND SERIES A - 21 REGULAR PLAN - DIVIDEND;INF200KA1BV4;;N.A.;N.A.;N.A.;05-Aug-2017
129444;SBI DEBT FUND SERIES A - 21 REGULAR PLAN - GROWTH;INF200KA1BU6;;12.9387;N.A.;N.A.;05-Aug-2017
129658;SBI DEBT FUND SERIES A - 22 DIRECT PLAN - DIVIDEND;INF200KA1CV2;;13.0091;N.A.;N.A.;05-Aug-2017
129661;SBI DEBT FUND SERIES A - 22 DIRECT PLAN - GROWTH;INF200KA1CU4;;13.0100;N.A.;N.A.;05-Aug-2017
129659;SBI DEBT FUND SERIES A - 22 REGULAR PLAN - DIVIDEND;INF200KA1CT6;;N.A.;N.A.;N.A.;05-Aug-2017
129660;SBI DEBT FUND SERIES A - 22 REGULAR PLAN - GROWTH;INF200KA1CS8;;12.9475;N.A.;N.A.;05-Aug-2017
129662;SBI DEBT FUND SERIES A - 23 DIRECT PLAN - DIVIDEND;INF200K011H7;;N.A.;N.A.;N.A.;05-Aug-2017
129663;SBI DEBT FUND SERIES A - 23 DIRECT PLAN - GROWTH;INF200K010H9;;13.1567;N.A.;N.A.;05-Aug-2017
129664;SBI DEBT FUND SERIES A - 23 REGULAR PLAN - DIVIDEND;INF200K019G2;;13.0160;N.A.;N.A.;05-Aug-2017
129665;SBI DEBT FUND SERIES A - 23 REGULAR PLAN - GROWTH;INF200K018G4;;13.0163;N.A.;N.A.;05-Aug-2017
129707;SBI DEBT FUND SERIES A - 24 DIRECT PLAN - DIVIDEND;INF200KA1DR8;;N.A.;N.A.;N.A.;05-Aug-2017
129708;SBI DEBT FUND SERIES A - 24 DIRECT PLAN - GROWTH;INF200KA1DQ0;;12.9980;N.A.;N.A.;05-Aug-2017
129709;SBI DEBT FUND SERIES A - 24 REGULAR PLAN - DIVIDEND;INF200KA1DP2;;N.A.;N.A.;N.A.;05-Aug-2017
129710;SBI DEBT FUND SERIES A - 24 REGULAR PLAN - GROWTH;INF200KA1DO5;;12.9353;N.A.;N.A.;05-Aug-2017
129845;SBI DEBT FUND SERIES A - 25 DIRECT PLAN - DIVIDEND;INF200KA1DV0;;N.A.;N.A.;N.A.;05-Aug-2017
129848;SBI DEBT FUND SERIES A - 25 DIRECT PLAN - GROWTH;INF200KA1DU2;;12.9544;N.A.;N.A.;05-Aug-2017
129846;SBI DEBT FUND SERIES A - 25 REGULAR PLAN - DIVIDEND;INF200KA1DT4;;12.9055;N.A.;N.A.;05-Aug-2017
129847;SBI DEBT FUND SERIES A - 25 REGULAR PLAN - GROWTH;INF200KA1DS6;;12.9030;N.A.;N.A.;05-Aug-2017
129872;SBI DEBT FUND SERIES A - 26 (682 DAYS) DIRECT PLAN - DIVIDEND;INF200K013I1;;N.A.;N.A.;N.A.;05-Aug-2017
129869;SBI DEBT FUND SERIES A - 26 (682 DAYS) DIRECT PLAN - GROWTH;INF200K012I3;;12.8712;N.A.;N.A.;05-Aug-2017
129870;SBI DEBT FUND SERIES A - 26 (682 DAYS) REGULAR PLAN - DIVIDEND;INF200K011I5;;N.A.;N.A.;N.A.;05-Aug-2017
129871;SBI DEBT FUND SERIES A - 26 (682 DAYS) REGULAR PLAN - GROWTH;INF200K010I7;;12.7602;N.A.;N.A.;05-Aug-2017
129971;SBI DEBT FUND SERIES A - 27 (366 DAYS) DIRECT PLAN - DIVIDEND;INF200KA1EE4;;N.A.;N.A.;N.A.;05-Aug-2017
129972;SBI DEBT FUND SERIES A - 27 (366 DAYS) DIRECT PLAN - GROWTH;INF200KA1EF1;;12.9050;N.A.;N.A.;05-Aug-2017
129973;SBI DEBT FUND SERIES A - 27 (366 DAYS) REGULAR PLAN - DIVIDEND;INF200KA1EG9;;N.A.;N.A.;N.A.;05-Aug-2017
129974;SBI DEBT FUND SERIES A - 27 (366 DAYS) REGULAR PLAN - GROWTH;INF200KA1EH7;;12.8577;N.A.;N.A.;05-Aug-2017
130027;SBI DEBT FUND SERIES A - 28 (367 DAYS) - DIRECT PLAN - DIVIDEND;INF200KA1EP0;;N.A.;N.A.;N.A.;05-Aug-2017
130026;SBI DEBT FUND SERIES A - 28 (367 DAYS) - DIRECT PLAN - GROWTH;INF200KA1EO3;;12.8940;N.A.;N.A.;05-Aug-2017
130028;SBI DEBT FUND SERIES A - 28 (367 DAYS) - REGULAR PLAN - DIVIDEND;INF200KA1EN5;;N.A.;N.A.;N.A.;05-Aug-2017
130025;SBI DEBT FUND SERIES A - 28 (367 DAYS) - REGULAR PLAN - GROWTH;INF200KA1EM7;;12.8493;N.A.;N.A.;05-Aug-2017
130236;SBI DEBT FUND SERIES A - 31 (367 DAYS) DIRECT PLAN - DIVIDEND;INF200KA1EX4;;N.A.;N.A.;N.A.;05-Aug-2017
130238;SBI DEBT FUND SERIES A - 31 (367 DAYS) DIRECT PLAN - GROWTH;INF200KA1EW6;;12.8232;N.A.;N.A.;05-Aug-2017
130235;SBI DEBT FUND SERIES A - 31 (367 DAYS) REGULAR PLAN - DIVIDEND;INF200KA1EV8;;N.A.;N.A.;N.A.;05-Aug-2017
130237;SBI DEBT FUND SERIES A - 31 (367 DAYS) REGULAR PLAN - GROWTH;INF200KA1EU0;;12.7827;N.A.;N.A.;05-Aug-2017
130282;SBI DEBT FUND SERIES A - 32 (367 DAYS) DIRECT PLAN - DIVIDEND;INF200KA1FB7;;N.A.;N.A.;N.A.;05-Aug-2017
130283;SBI DEBT FUND SERIES A - 32 (367 DAYS) DIRECT PLAN - GROWTH;INF200KA1FA9;;12.8048;N.A.;N.A.;05-Aug-2017
130284;SBI DEBT FUND SERIES A - 32 (367 DAYS) REGULAR PLAN - DIVIDEND;INF200KA1EZ9;;12.7647;N.A.;N.A.;05-Aug-2017
130281;SBI DEBT FUND SERIES A - 32 (367 DAYS) REGULAR PLAN - GROWTH;INF200KA1EY2;;12.7644;N.A.;N.A.;05-Aug-2017
130321;SBI DEBT FUND SERIES A - 34 (367 Days)  REGULAR PLAN - DIVIDEND;INF200KA1FD3;;N.A.;N.A.;N.A.;05-Aug-2017
130324;SBI DEBT FUND SERIES A - 34 (367 DAYS) DIRECT PLAN - DIVIDEND;INF200KA1FF8;;N.A.;N.A.;N.A.;05-Aug-2017
130322;SBI DEBT FUND SERIES A - 34 (367 DAYS) DIRECT PLAN - GROWTH;INF200KA1FE1;;12.7941;N.A.;N.A.;05-Aug-2017
130323;SBI DEBT FUND SERIES A - 34 (367 DAYS) REGULAR PLAN - GROWTH;INF200KA1FC5;;12.7538;N.A.;N.A.;05-Aug-2017
130444;SBI DEBT FUND SERIES A - 35 (369 DAYS) DIRECT PLAN - DIVIDEND;INF200KA1FN2;;N.A.;N.A.;N.A.;05-Aug-2017
130445;SBI DEBT FUND SERIES A - 35 (369 DAYS) DIRECT PLAN - GROWTH;INF200KA1FM4;;12.8209;N.A.;N.A.;05-Aug-2017
130443;SBI DEBT FUND SERIES A - 35 (369 Days) REGULAR PLAN - DIVIDEND;INF200KA1FL6;;N.A.;N.A.;N.A.;05-Aug-2017
130442;SBI DEBT FUND SERIES A - 35 (369 DAYS) REGULAR PLAN - GROWTH;INF200KA1FK8;;12.7784;N.A.;N.A.;05-Aug-2017
130599;SBI DEBT FUND SERIES A - 36 (36 Months) DIRECT PLAN - DIVIDEND;INF200K017M4;;12.9746;N.A.;N.A.;05-Aug-2017
130601;SBI DEBT FUND SERIES A - 36 (36 Months) DIRECT PLAN - GROWTH;INF200K016M6;;12.9735;N.A.;N.A.;05-Aug-2017
130600;SBI DEBT FUND SERIES A - 36 (36 Months) REGULAR PLAN - DIVIDEND;INF200K015M8;;12.8369;N.A.;N.A.;05-Aug-2017
130602;SBI DEBT FUND SERIES A - 36 (36 Months) REGULAR PLAN - GROWTH;INF200K014M1;;12.8369;N.A.;N.A.;05-Aug-2017
130984;SBI DEBT FUND SERIES A - 39 (1100 DAYS) - DIRECT PLAN - DIVIDEND;INF200K011P0;;12.9610;N.A.;N.A.;05-Aug-2017
130982;SBI DEBT FUND SERIES A - 39 (1100 DAYS) - REGULAR PLAN - DIVIDEND;INF200K019O6;;12.8265;N.A.;N.A.;05-Aug-2017
130981;SBI DEBT FUND SERIES A - 39 (1100 DAYS) - REGULAR PLAN - GROWTH;INF200K018O8;;12.8264;N.A.;N.A.;05-Aug-2017
130983;SBI DEBT FUNDS SERIES A - 39 (1100 DAYS) - DIRECT PLAN - GROWTH;INF200K010P2;;12.9609;N.A.;N.A.;05-Aug-2017
127337;SBI DEBT FUND SERIES A - 4 DIRECT - GROWTH;INF200K01Z04;;13.3358;N.A.;N.A.;05-Aug-2017
127340;SBI DEBT FUND SERIES A - 4 DIRECT PLAN - DIVIDEND;INF200K01Z12;;N.A.;N.A.;N.A.;05-Aug-2017
127338;SBI DEBT FUND SERIES A - 4 REGULAR PLAN - DIVIDEND;INF200K01Y96;;N.A.;N.A.;N.A.;05-Aug-2017
127339;SBI DEBT FUND SERIES A - 4 REGULAR PLAN - GROWTH;INF200K01Y88;;13.1727;N.A.;N.A.;05-Aug-2017
131129;SBI DEBT FUND SERIES A - 40 (1100 DAYS) - DIRECT PLAN - DIVIDEND;INF200K017Q5;;N.A.;N.A.;N.A.;05-Aug-2017
131128;SBI DEBT FUND SERIES A - 40 (1100 DAYS) - DIRECT PLAN - GROWTH;INF200K016Q7;;12.9154;N.A.;N.A.;05-Aug-2017
131127;SBI DEBT FUND SERIES A - 40 (1100 DAYS) - REGULAR PLAN - DIVIDEND;INF200K015Q9;;12.7853;N.A.;N.A.;05-Aug-2017
131130;SBI DEBT FUND SERIES A - 40 (1100 DAYS) - REGULAR PLAN - GROWTH;INF200K014Q2;;12.7831;N.A.;N.A.;05-Aug-2017
131275;SBI DEBT FUND SERIES A - 42 (1111 DAYS) - DIRECT PLAN - DIVIDEND;INF200K019R9;;N.A.;N.A.;N.A.;05-Aug-2017
131276;SBI DEBT FUND SERIES A - 42 (1111 DAYS) - DIRECT PLAN - GROWTH;INF200K018R1;;12.9496;N.A.;N.A.;05-Aug-2017
131274;SBI DEBT FUND SERIES A - 42 (1111 DAYS) - REGULAR PLAN - DIVIDEND;INF200K017R3;;12.8186;N.A.;N.A.;05-Aug-2017
131273;SBI DEBT FUND SERIES A - 42 (1111 DAYS) - REGULAR PLAN - GROWTH;INF200K016R5;;12.8186;N.A.;N.A.;05-Aug-2017
131403;SBI DEBT FUND SERIES A - 43 (1111 DAYS) - DIRECT PLAN - DIVIDEND;INF200K011T2;;12.8527;N.A.;N.A.;05-Aug-2017
131401;SBI DEBT FUND SERIES A - 43 (1111 DAYS) - DIRECT PLAN - GROWTH;INF200K010T4;;12.8528;N.A.;N.A.;05-Aug-2017
131400;SBI DEBT FUND SERIES A - 43 (1111 DAYS) - REGULAR PLAN - DIVIDEND;INF200K019S7;;12.7248;N.A.;N.A.;05-Aug-2017
131402;SBI DEBT FUND SERIES A - 43 (1111 DAYS) - REGULAR PLAN - GROWTH;INF200K018S9;;12.7248;N.A.;N.A.;05-Aug-2017
131468;SBI DEBT FUND SERIES A - 44 (1111 DAYS) - DIRECT PLAN - DIVIDEND;INF200K014U4;;12.7631;N.A.;N.A.;05-Aug-2017
131469;SBI DEBT FUND SERIES A - 44 (1111 DAYS) - DIRECT PLAN - GROWTH;INF200K013U6;;12.7632;N.A.;N.A.;05-Aug-2017
131467;SBI DEBT FUND SERIES A - 44 (1111 DAYS) - REGULAR PLAN - DIVIDEND;INF200K012U8;;12.6375;N.A.;N.A.;05-Aug-2017
131466;SBI DEBT FUND SERIES A - 44 (1111 DAYS) - REGULAR PLAN - GROWTH;INF200K011U0;;12.6375;N.A.;N.A.;05-Aug-2017
127516;SBI DEBT FUND SERIES A - 5 DIRECT - GROWTH;INF200KA1AM5;;13.2667;N.A.;N.A.;05-Aug-2017
127517;SBI DEBT FUND SERIES A - 5 DIRECT PLAN - DIVIDEND;INF200KA1AN3;;N.A.;N.A.;N.A.;05-Aug-2017
127514;SBI DEBT FUND SERIES A - 5 REGULAR PLAN - DIVIDEND;INF200KA1AL7;;N.A.;N.A.;N.A.;05-Aug-2017
127515;SBI DEBT FUND SERIES A - 5 REGULAR PLAN - GROWTH;INF200KA1AK9;;13.1660;N.A.;N.A.;05-Aug-2017
128321;SBI DEBT FUND SERIES A - 9 DIRECT - GROWTH;INF200KA1713;;13.3060;N.A.;N.A.;05-Aug-2017
128322;SBI DEBT FUND SERIES A - 9 DIRECT PLAN - DIVIDEND;INF200KA1721;;N.A.;N.A.;N.A.;05-Aug-2017
128324;SBI DEBT FUND SERIES A - 9 REGULAR PLAN - DIVIDEND;INF200KA1739;;N.A.;N.A.;N.A.;05-Aug-2017
128323;SBI DEBT FUND SERIES A - 9 REGULAR PLAN - GROWTH;INF200KA1705;;13.1888;N.A.;N.A.;05-Aug-2017
131594;SBI DEBT FUND SERIES B - 1 (1111 DAYS) - DIRECT PLAN - DIVIDEND;INF200K018U5;;12.7757;N.A.;N.A.;05-Aug-2017
131596;SBI DEBT FUND SERIES B - 1 (1111 DAYS) - DIRECT PLAN - GROWTH;INF200K017U7;;12.7757;N.A.;N.A.;05-Aug-2017
131597;SBI DEBT FUND SERIES B - 1 (1111 DAYS) - REGULAR PLAN - DIVIDEND;INF200K016U9;;12.6546;N.A.;N.A.;05-Aug-2017
131595;SBI DEBT FUND SERIES B - 1 (1111 DAYS) - REGULAR PLAN - GROWTH;INF200K015U1;;12.6546;N.A.;N.A.;05-Aug-2017
134626;SBI Debt Fund Series B - 16 (1100 Days) - Direct Plan - Dividend;INF200KA1CN9;;12.0450;N.A.;N.A.;05-Aug-2017
134623;SBI Debt Fund Series B - 16 (1100 Days) - Regular Plan - Growth;INF200KA1CK5;;11.9538;N.A.;N.A.;05-Aug-2017
134624;SBI Debt Fund Series B -16 (1100 Days) - Direct Plan - Growth;INF200KA1CM1;;12.0451;N.A.;N.A.;05-Aug-2017
134625;SBI Debt Fund Series B -16 (1100 Days) - Regular Plan - Dividend;INF200KA1CL3;;11.9538;N.A.;N.A.;05-Aug-2017
134671;SBI DEBT FUND SERIES B - 17 (1100 DAYS) - DIRECT PLAN - DIVIDEND;INF200KA1CZ3;;12.0283;N.A.;N.A.;05-Aug-2017
134670;SBI DEBT FUND SERIES B - 17 (1100 DAYS) - DIRECT PLAN - GROWTH;INF200KA1CY6;;12.0284;N.A.;N.A.;05-Aug-2017
134669;SBI DEBT FUND SERIES B - 17 (1100 DAYS) - REGULAR PLAN - DIVIDEND;INF200KA1CX8;;11.9381;N.A.;N.A.;05-Aug-2017
134672;SBI DEBT FUND SERIES B - 17 (1100 DAYS) - REGULAR PLAN - GROWTH;INF200KA1CW0;;11.9381;N.A.;N.A.;05-Aug-2017
134688;SBI DEBT FUND SERIES B - 18 (1100 DAYS) - DIRECT PLAN - DIVIDEND;INF200KA1ED6;;11.9967;N.A.;N.A.;05-Aug-2017
134689;SBI DEBT FUND SERIES B - 18 (1100 DAYS) - DIRECT PLAN - GROWTH;INF200KA1EC8;;11.9970;N.A.;N.A.;05-Aug-2017
134687;SBI DEBT FUND SERIES B - 18 (1100 DAYS) - REGULAR PLAN - DIVIDEND;INF200KA1EB0;;11.9077;N.A.;N.A.;05-Aug-2017
134690;SBI DEBT FUND SERIES B - 18 (1100 DAYS) - REGULAR PLAN - GROWTH;INF200KA1EA2;;11.9077;N.A.;N.A.;05-Aug-2017
134771;SBI DEBT FUND SERIES B - 19 (1100 Days) - DIRECT PLAN - DIVIDEND;INF200KA1EI5;;12.0181;N.A.;N.A.;05-Aug-2017
134770;SBI DEBT FUND SERIES B - 19 (1100 Days) - DIRECT PLAN - GROWTH;INF200KA1EJ3;;12.0181;N.A.;N.A.;05-Aug-2017
134769;SBI DEBT FUND SERIES B - 19 (1100 Days) - REGULAR PLAN - DIVIDEND;INF200KA1EK1;;11.9302;N.A.;N.A.;05-Aug-2017
134768;SBI DEBT FUND SERIES B - 19 (1100 Days) - REGULAR PLAN - GROWTH;INF200KA1EL9;;11.9302;N.A.;N.A.;05-Aug-2017
132858;SBI DEBT FUND SERIES B - 2 (1111 DAYS) - DIRECT PLAN - DIVIDEND;INF200K010W8;;12.5931;N.A.;N.A.;05-Aug-2017
132856;SBI DEBT FUND SERIES B - 2 (1111 DAYS) - DIRECT PLAN - GROWTH;INF200K013W2;;12.5931;N.A.;N.A.;05-Aug-2017
132855;SBI DEBT FUND SERIES B - 2 (1111 DAYS) - REGULAR PLAN - DIVIDEND;INF200K012W4;;12.4752;N.A.;N.A.;05-Aug-2017
132857;SBI DEBT FUND SERIES B - 2 (1111 DAYS) - REGULAR PLAN - GROWTH;INF200K011W6;;12.4752;N.A.;N.A.;05-Aug-2017
134810;SBI DEBT FUND SERIES B - 20 (1100 DAYS) - DIRECT PLAN - DIVIDEND;INF200KA1ET2;;12.0040;N.A.;N.A.;05-Aug-2017
134809;SBI DEBT FUND SERIES B - 20 (1100 DAYS) - DIRECT PLAN - GROWTH;INF200KA1ES4;;12.0040;N.A.;N.A.;05-Aug-2017
134811;SBI DEBT FUND SERIES B - 20 (1100 DAYS) - REGULAR PLAN - DIVIDEND;INF200KA1ER6;;11.9170;N.A.;N.A.;05-Aug-2017
134808;SBI DEBT FUND SERIES B - 20 (1100 DAYS) - REGULAR PLAN - GROWTH;INF200KA1EQ8;;11.9170;N.A.;N.A.;05-Aug-2017
135065;SBI DEBT FUND SERIES B - 22 (1100 DAYS) - DIRECT PLAN - DIVIDEND;INF200KA1FR3;;11.9068;N.A.;N.A.;05-Aug-2017
135063;SBI DEBT FUND SERIES B - 22 (1100 DAYS) - DIRECT PLAN - GROWTH;INF200KA1FQ5;;11.9068;N.A.;N.A.;05-Aug-2017
135062;SBI DEBT FUND SERIES B - 22 (1100 DAYS) - REGULAR PLAN - DIVIDEND;INF200KA1FP7;;11.8238;N.A.;N.A.;05-Aug-2017
135064;SBI DEBT FUND SERIES B - 22 (1100 DAYS) - REGULAR PLAN - GROWTH;INF200KA1FO0;;11.8238;N.A.;N.A.;05-Aug-2017
135104;SBI DEBT FUND SERIES B - 23 (1100 DAYS) - DIRECT PLAN - GROWTH;INF200KA1FV5;;11.8704;N.A.;N.A.;05-Aug-2017
135103;SBI DEBT FUND SERIES B - 23 (1100 DAYS) - DIRECT PLAN -DIVIDEND;INF200KA1FW3;;11.8718;N.A.;N.A.;05-Aug-2017
135102;SBI DEBT FUND SERIES B - 23 (1100 DAYS) - REGULAR PLAN - DIVIDEND;INF200KA1FU7;;11.7908;N.A.;N.A.;05-Aug-2017
135105;SBI DEBT FUND SERIES B - 23 (1100 DAYS) - REGULAR PLAN - GROWTH;INF200KA1FT9;;11.7908;N.A.;N.A.;05-Aug-2017
135326;SBI DEBT FUND SERIES B - 25 (1100 DAYS) - DIRECT PLAN - DIVIDEND;INF200KA1GI0;;11.7997;N.A.;N.A.;05-Aug-2017
135324;SBI DEBT FUND SERIES B - 25 (1100 DAYS) - DIRECT PLAN - GROWTH;INF200KA1GH2;;11.7997;N.A.;N.A.;05-Aug-2017
135327;SBI DEBT FUND SERIES B - 25 (1100 DAYS) - REGULAR PLAN - DIVIDEND;INF200KA1GG4;;11.7221;N.A.;N.A.;05-Aug-2017
135325;SBI DEBT FUND SERIES B - 25 (1100 DAYS) - REGULAR PLAN - GROWTH;INF200KA1GF6;;11.7221;N.A.;N.A.;05-Aug-2017
135565;SBI DEBT FUND SERIES B - 26 (1100 DAYS) - DIRECT PLAN - DIVIDEND;INF200KA1GU5;;11.6150;N.A.;N.A.;05-Aug-2017
135564;SBI DEBT FUND SERIES B - 26 (1100 DAYS) - DIRECT PLAN - GROWTH;INF200KA1GT7;;11.6150;N.A.;N.A.;05-Aug-2017
135563;SBI DEBT FUND SERIES B - 26 (1100 DAYS) - REGULAR PLAN - DIVIDEND;INF200KA1GS9;;11.5443;N.A.;N.A.;05-Aug-2017
135566;SBI DEBT FUND SERIES B - 26 (1100 DAYS) - REGULAR PLAN - GROWTH;INF200KA1GR1;;11.5443;N.A.;N.A.;05-Aug-2017
135708;SBI DEBT FUND SERIES B - 27 (1100 DAYS) - DIRECT PLAN - DIVIDEND;INF200KA1GY7;;11.5449;N.A.;N.A.;05-Aug-2017
135710;SBI DEBT FUND SERIES B - 27 (1100 DAYS) - DIRECT PLAN - GROWTH;INF200KA1GX9;;11.5449;N.A.;N.A.;05-Aug-2017
135707;SBI DEBT FUND SERIES B - 27 (1100 DAYS) - REGULAR PLAN - DIVIDEND;INF200KA1GW1;;11.4776;N.A.;N.A.;05-Aug-2017
135709;SBI DEBT FUND SERIES B - 27 (1100 DAYS) - REGULAR PLAN - GROWTH;INF200KA1GV3;;11.4776;N.A.;N.A.;05-Aug-2017
135788;SBI DEBT FUND SERIES B - 28 (1100 DAYS) - DIRECT PLAN - DIVIDEND;INF200KA1HG2;;11.5192;N.A.;N.A.;05-Aug-2017
135786;SBI DEBT FUND SERIES B - 28 (1100 DAYS) - DIRECT PLAN - GROWTH;INF200KA1HF4;;11.5196;N.A.;N.A.;05-Aug-2017
135785;SBI DEBT FUND SERIES B - 28 (1100 DAYS) - REGULAR PLAN - DIVIDEND;INF200KA1HE7;;11.4535;N.A.;N.A.;05-Aug-2017
135787;SBI DEBT FUND SERIES B - 28 (1100 DAYS) - REGULAR PLAN - GROWTH;INF200KA1HD9;;11.4536;N.A.;N.A.;05-Aug-2017
135904;SBI DEBT FUND SERIES B - 29 (1200 DAYS) - DIRECT PLAN - DIVIDEND;INF200KA1HK4;;11.5439;N.A.;N.A.;05-Aug-2017
135905;SBI DEBT FUND SERIES B - 29 (1200 DAYS) - DIRECT PLAN - GROWTH;INF200KA1HJ6;;11.5439;N.A.;N.A.;05-Aug-2017
135903;SBI DEBT FUND SERIES B - 29 (1200 DAYS) - REGULAR PLAN - DIVIDEND;INF200KA1HI8;;11.4804;N.A.;N.A.;05-Aug-2017
135902;SBI DEBT FUND SERIES B - 29 (1200 DAYS) - REGULAR PLAN - GROWTH;INF200KA1HH0;;11.4804;N.A.;N.A.;05-Aug-2017
132991;SBI DEBT FUND SERIES B - 3 (1111 DAYS) - DIRECT PLAN - DIVIDEND;INF200K013Y8;;12.5474;N.A.;N.A.;05-Aug-2017
132994;SBI DEBT FUND SERIES B - 3 (1111 DAYS) - DIRECT PLAN - GROWTH;INF200K012Y0;;12.5474;N.A.;N.A.;05-Aug-2017
132993;SBI DEBT FUND SERIES B - 3 (1111 DAYS) - REGULAR PLAN - DIVIDEND;INF200K011Y2;;12.4311;N.A.;N.A.;05-Aug-2017
132992;SBI DEBT FUND SERIES B - 3 (1111 DAYS) - REGULAR PLAN - GROWTH;INF200K010Y4;;12.4311;N.A.;N.A.;05-Aug-2017
136143;SBI DEBT FUND SERIES B - 31 (1200 DAYS) - DIRECT PLAN - DIVIDEND;INF200KA1HW9;;11.4369;N.A.;N.A.;05-Aug-2017
136142;SBI DEBT FUND SERIES B - 31 (1200 DAYS) - DIRECT PLAN - GROWTH;INF200KA1HV1;;11.4368;N.A.;N.A.;05-Aug-2017
136144;SBI DEBT FUND SERIES B - 31 (1200 DAYS) - REGULAR PLAN - DIVIDEND;INF200KA1HU3;;11.3789;N.A.;N.A.;05-Aug-2017
136141;SBI DEBT FUND SERIES B - 31 (1200 DAYS) - REGULAR PLAN - GROWTH;INF200KA1HT5;;11.3789;N.A.;N.A.;05-Aug-2017
136431;SBI DEBT FUND SERIES B - 33 (1131 DAYS) - DIRECT PLAN - DIVIDEND PAYOUT;INF200KA1II6;;11.3780;N.A.;N.A.;05-Aug-2017
136432;SBI DEBT FUND SERIES B - 33 (1131 DAYS) - DIRECT PLAN - GROWTH;INF200KA1IH8;;11.3779;N.A.;N.A.;05-Aug-2017
136434;SBI DEBT FUND SERIES B - 33 (1131 DAYS) - REGULAR PLAN - DIVIDEND PAYOUT;INF200KA1IG0;;11.3226;N.A.;N.A.;05-Aug-2017
136433;SBI DEBT FUND SERIES B - 33 (1131 DAYS) - REGULAR PLAN - GROWTH;INF200KA1IF2;;11.3226;N.A.;N.A.;05-Aug-2017
136477;SBI DEBT FUND SERIES B - 34 (1131 DAYS) - DIRECT PLAN - DIVIDEND PAYOUT;INF200KA1IM8;;11.3447;N.A.;N.A.;05-Aug-2017
136476;SBI DEBT FUND SERIES B - 34 (1131 DAYS) - DIRECT PLAN - GROWTH;INF200KA1IL0;;11.3445;N.A.;N.A.;05-Aug-2017
136475;SBI DEBT FUND SERIES B - 34 (1131 DAYS) - REGULAR PLAN - DIVIDEND PAYOUT;INF200KA1IK2;;11.2904;N.A.;N.A.;05-Aug-2017
136474;SBI DEBT FUND SERIES B - 34 (1131 DAYS) - REGULAR PLAN - GROWTH;INF200KA1IJ4;;11.2904;N.A.;N.A.;05-Aug-2017
136547;SBI DEBT FUND SERIES B - 35 (1131 DAYS) - DIRECT PLAN - DIVIDEND PAYOUT;INF200KA1IQ9;;11.3204;N.A.;N.A.;05-Aug-2017
136548;SBI DEBT FUND SERIES B - 35 (1131 DAYS) - DIRECT PLAN - GROWTH;INF200KA1IP1;;11.3205;N.A.;N.A.;05-Aug-2017
136546;SBI DEBT FUND SERIES B - 35 (1131 DAYS) - REGULAR PLAN - DIVIDEND PAYOUT;INF200KA1IO4;;11.2673;N.A.;N.A.;05-Aug-2017
136545;SBI DEBT FUND SERIES B - 35 (1131 DAYS) - REGULAR PLAN - GROWTH;INF200KA1IN6;;11.2671;N.A.;N.A.;05-Aug-2017
139226;SBI DEBT FUND SERIES B - 36 (1131 DAYS) - DIRECT PLAN - DIVIDEND PAYOUT;INF200KA1IY3;;11.2546;N.A.;N.A.;05-Aug-2017
139227;SBI DEBT FUND SERIES B - 36 (1131 DAYS) - DIRECT PLAN - GROWTH;INF200KA1IX5;;11.2547;N.A.;N.A.;05-Aug-2017
139225;SBI DEBT FUND SERIES B - 36 (1131 DAYS) - REGULAR PLAN - DIVIDEND PAYOUT;INF200KA1IW7;;11.2031;N.A.;N.A.;05-Aug-2017
139228;SBI DEBT FUND SERIES B- 36 (1131 DAYS) - REGULAR PLAN - GROWTH;INF200KA1IV9;;11.2030;N.A.;N.A.;05-Aug-2017
133196;SBI DEBT FUND SERIES B - 4 (1111 DAYS) - DIRECT PLAN - DIVIDEND;INF200K019Z2;;12.4750;N.A.;N.A.;05-Aug-2017
133198;SBI DEBT FUND SERIES B - 4 (1111 DAYS) - DIRECT PLAN - GROWTH;INF200K018Z4;;12.4750;N.A.;N.A.;05-Aug-2017
133197;SBI DEBT FUND SERIES B - 4 (1111 DAYS) - REGULAR PLAN - DIVIDEND;INF200K017Z6;;12.3621;N.A.;N.A.;05-Aug-2017
133195;SBI DEBT FUND SERIES B - 4 (1111 DAYS) - REGULAR PLAN - GROWTH;INF200K016Z8;;12.3621;N.A.;N.A.;05-Aug-2017
139403;SBI DEBT FUND SERIES B - 41(1100 DAYS)- DIRECT PLAN - DIVIDEND PAYOUT;INF200KA1JS3;;11.0801;N.A.;N.A.;05-Aug-2017
139406;SBI DEBT FUND SERIES B - 41(1100 DAYS)- DIRECT PLAN - GROWTH;INF200KA1JR5;;11.0800;N.A.;N.A.;05-Aug-2017
139405;SBI DEBT FUND SERIES B - 41(1100 DAYS)- REGULAR PALN - GROWTH;INF200KA1JP9;;11.0362;N.A.;N.A.;05-Aug-2017
139404;SBI DEBT FUND SERIES B - 41(1100 DAYS)- REGULAR PLAN - DIVIDEND PAYOUT;INF200KA1JQ7;;11.0363;N.A.;N.A.;05-Aug-2017
139565;SBI DEBT FUNDS SERIES B - 42 (1100 DAYS) - DIRECT PLAN - DIVIDEND PAYOUT;INF200KA1KB7;;10.9350;N.A.;N.A.;05-Aug-2017
139567;SBI DEBT FUNDS SERIES B - 42 (1100 DAYS) - DIRECT PLAN - GROWTH;INF200KA1KA9;;10.9350;N.A.;N.A.;05-Aug-2017
139564;SBI DEBT FUNDS SERIES B - 42 (1100 DAYS) - REGULAR PLAN - DIVIDEND PAYOUT;INF200KA1JZ8;;10.8957;N.A.;N.A.;05-Aug-2017
139566;SBI DEBT FUNDS SERIES B - 42 (1100 DAYS) - REGULAR PLAN - GROWTH;INF200KA1JY1;;10.8957;N.A.;N.A.;05-Aug-2017
139790;SBI DEBT FUND SERIES B - 43(1100 DAYS)- DIRECT PLAN - DIVIDEND PAYOUT;INF200KA1KR3;;10.7837;N.A.;N.A.;05-Aug-2017
139791;SBI DEBT FUND SERIES B - 43(1100 DAYS)- DIRECT PLAN - GROWTH;INF200KA1KQ5;;10.7837;N.A.;N.A.;05-Aug-2017
139789;SBI DEBT FUND SERIES B - 43(1100 DAYS)- REGULAR PLAN - GROWTH;INF200KA1KO0;;10.7495;N.A.;N.A.;05-Aug-2017
139788;SBI DEBT FUND SERIES B - 43(1100 DAYS)-REGULAR PLAN - DIVIDEND PAYOUT;INF200KA1KP7;;10.7495;N.A.;N.A.;05-Aug-2017
140012;SBI Debt Fund Series B - 44 (1100 Days) - Direct Plan - Dividend;INF200KA1LD1;;10.6010;N.A.;N.A.;05-Aug-2017
140011;SBI Debt Fund Series B - 44 (1100 Days) - Direct plan - Growth;INF200KA1LC3;;10.6010;N.A.;N.A.;05-Aug-2017
140014;SBI Debt Fund Series B - 44 (1100 Days) - Regular Plan - Dividend;INF200KA1LB5;;10.5718;N.A.;N.A.;05-Aug-2017
140013;SBI Debt Fund Series B - 44 (1100 Days) - Regular Plan - Growth;INF200KA1LA7;;10.5718;N.A.;N.A.;05-Aug-2017
140736;SBI DEBT FUND SERIES B - 46 (1155 DAYS) - DIRECT PLAN - DIVIDEND PAYOUT;INF200KA1MB3;;10.3631;N.A.;N.A.;05-Aug-2017
140735;SBI DEBT FUND SERIES B - 46 (1155 DAYS) - DIRECT PLAN - GROWTH;INF200KA1MA5;;10.3631;N.A.;N.A.;05-Aug-2017
140734;SBI DEBT FUND SERIES B - 46 (1155 DAYS) - REGULAR PLAN - DIVIDEND PAYOUT;INF200KA1LZ4;;10.3515;N.A.;N.A.;05-Aug-2017
140733;SBI DEBT FUND SERIES B - 46 (1155 DAYS) - REGULAR PLAN - GROWTH;INF200KA1LY7;;10.3515;N.A.;N.A.;05-Aug-2017
140764;SBI DEBT FUND SERIES B - 49 (1170 DAYS) - DIRECT PLAN - DIVIDEND PAYOUT;INF200KA1MV1;;10.3927;N.A.;N.A.;05-Aug-2017
140761;SBI DEBT FUND SERIES B - 49 (1170 DAYS) - DIRECT PLAN - GROWTH;INF200KA1MU3;;10.3927;N.A.;N.A.;05-Aug-2017
140762;SBI DEBT FUND SERIES B - 49 (1170 DAYS) - REGULAR PLAN - DIVIDEND PAYOUT;INF200KA1MT5;;10.3820;N.A.;N.A.;05-Aug-2017
140763;SBI DEBT FUND SERIES B - 49 (1170 DAYS) - REGULAR PLAN - GROWTH;INF200KA1MS7;;10.3819;N.A.;N.A.;05-Aug-2017
133333;SBI DEBT FUND SERIES B - 6 (1111 DAYS) - DIRECT PLAN - DIVIDEND;INF200KA1267;;12.4083;N.A.;N.A.;05-Aug-2017
133332;SBI DEBT FUND SERIES B - 6 (1111 DAYS) - DIRECT PLAN - GROWTH;INF200KA1259;;12.4079;N.A.;N.A.;05-Aug-2017
133331;SBI DEBT FUND SERIES B - 6 (1111 DAYS) - REGULAR PLAN - DIVIDEND;INF200KA1242;;12.2956;N.A.;N.A.;05-Aug-2017
133330;SBI DEBT FUND SERIES B - 6 (1111 DAYS) - REGULAR PLAN - GROWTH;INF200KA1234;;12.2956;N.A.;N.A.;05-Aug-2017
133853;SBI DEBT FUND SERIES B - 7 (38 MONTHS) - DIRECT PLAN - DIVIDEND;INF200KA1465;;N.A.;N.A.;N.A.;05-Aug-2017
133856;SBI DEBT FUND SERIES B - 7 (38 MONTHS) - DIRECT PLAN - GROWTH;INF200KA1457;;12.1933;N.A.;N.A.;05-Aug-2017
133854;SBI DEBT FUND SERIES B - 7 (38 MONTHS) - REGUALR PLAN - DIVIDEND;INF200KA1440;;12.0918;N.A.;N.A.;05-Aug-2017
133855;SBI DEBT FUNS SERIES B - 7 (38 MONTHS) - REGULAR PLAN - GROWTH;INF200KA1432;;12.0928;N.A.;N.A.;05-Aug-2017
134316;SBI DEBT FUND SERIES B - 8 (1105 DAYS) - DIRECT PLAN - DIVIDEND;INF200KA1895;;12.2108;N.A.;N.A.;05-Aug-2017
134313;SBI DEBT FUND SERIES B - 8 (1105 DAYS) - DIRECT PLAN - GROWTH;INF200KA1887;;12.2102;N.A.;N.A.;05-Aug-2017
134314;SBI DEBT FUND SERIES B - 8 (1105 DAYS) - REGULAR PLAN - DIVIDEND;INF200KA1879;;12.1124;N.A.;N.A.;05-Aug-2017
134315;SBI DEBT FUND SERIES B - 8 (1105 DAYS) - REGULAR PLAN - GROWTH;INF200KA1861;;12.1124;N.A.;N.A.;05-Aug-2017
134319;SBI DEBT FUND SERIES B - 9 (1105 DAYS) - DIRECT PLAN - DIVIDEND;INF200KA1937;;12.1497;N.A.;N.A.;05-Aug-2017
134320;SBI DEBT FUND SERIES B - 9 (1105 DAYS) - DIRECT PLAN - GROWTH;INF200KA1929;;12.1492;N.A.;N.A.;05-Aug-2017
134318;SBI DEBT FUND SERIES B - 9 (1105 DAYS) - REGULAR PLAN - DIVIDEND;INF200KA1911;;12.0525;N.A.;N.A.;05-Aug-2017
134317;SBI DEBT FUND SERIES B - 9 (1105 DAYS) - REGULAR PLAN - GROWTH;INF200KA1903;;12.0525;N.A.;N.A.;05-Aug-2017
141525;SBI DEBT FUND SERIES C - 1 (1100 DAYS) - DIRECT PLAN - DIVIDEND PAYOUT;INF200KA1PX0;;10.1306;N.A.;N.A.;05-Aug-2017
141524;SBI DEBT FUND SERIES C - 1 (1100 DAYS) - DIRECT PLAN - GROWTH;INF200KA1PW2;;10.1306;N.A.;N.A.;05-Aug-2017
141523;SBI DEBT FUND SERIES C - 1 (1100 DAYS) - REGULAR PLAN - DIVIDEND PAYOUT;INF200KA1PV4;;10.1264;N.A.;N.A.;05-Aug-2017
141522;SBI DEBT FUND SERIES C - 1 (1100 DAYS) - REGULAR PLAN - GROWTH;INF200KA1PU6;;10.1260;N.A.;N.A.;05-Aug-2017
130023;SBI Dual Advantage Fund - Series III - Direct Plan - Dividend;INF200K015J4;;12.4654;N.A.;N.A.;05-Aug-2017
130024;SBI Dual Advantage Fund - Series III - Direct Plan - Growth;INF200K014J7;;12.6594;N.A.;N.A.;05-Aug-2017
130022;SBI Dual Advantage Fund - Series III - Regular Plan - Dividend;INF200K013J9;;12.4243;N.A.;N.A.;05-Aug-2017
130021;SBI Dual Advantage Fund - Series III - Regular Plan - Growth;INF200K012J1;;12.4229;N.A.;N.A.;05-Aug-2017
131132;SBI DUAL ADVANTAGE FUND - SERIES IV - DIRECT PLAN - DIVIDEND;INF200K013Q4;;12.5664;N.A.;N.A.;05-Aug-2017
131131;SBI DUAL ADVANTAGE FUND - SERIES IV - DIRECT PLAN - GROWTH;INF200K012Q6;;12.5721;N.A.;N.A.;05-Aug-2017
131134;SBI DUAL ADVANTAGE FUND - SERIES IV - REGULAR PLAN - DIVIDEND;INF200K011Q8;;12.5482;N.A.;N.A.;05-Aug-2017
131133;SBI DUAL ADVANTAGE FUND - SERIES IV - REGULAR PLAN - GROWTH;INF200K010Q0;;12.5480;N.A.;N.A.;05-Aug-2017
134613;SBI DUAL ADVANTAGE FUND - SERIES IX - DIRECT PLAN - DIVIDEND;INF200KA1CB4;;11.9365;N.A.;N.A.;05-Aug-2017
134614;SBI DUAL ADVANTAGE FUND - SERIES IX - DIRECT PLAN - GROWTH;INF200KA1CA6;;11.9365;N.A.;N.A.;05-Aug-2017
134612;SBI DUAL ADVANTAGE FUND - SERIES IX - REGULAR PLAN - DIVIDEND;INF200KA1BZ5;;11.6317;N.A.;N.A.;05-Aug-2017
134611;SBI DUAL ADVANTAGE FUND - SERIES IX - REGULAR PLAN - GROWTH;INF200KA1BY8;;11.6316;N.A.;N.A.;05-Aug-2017
132920;SBI DUAL ADVANTAGE FUND - SERIES V - DIRECT PLAN - DIVIDEND;INF200K015X5;;12.0411;N.A.;N.A.;05-Aug-2017
132919;SBI DUAL ADVANTAGE FUND - SERIES V - DIRECT PLAN - GROWTH;INF200K014X8;;12.0407;N.A.;N.A.;05-Aug-2017
132922;SBI DUAL ADVANTAGE FUND - SERIES V - REGULAR PLAN - DIVIDEND;INF200K013X0;;11.9913;N.A.;N.A.;05-Aug-2017
132921;SBI DUAL ADVANTAGE FUND - SERIES V - REGULAR PLAN - GROWTH;INF200K012X2;;11.9913;N.A.;N.A.;05-Aug-2017
133283;SBI DUAL ADVANTAGE FUND - SERIES VI - DIRECT PLAN - DIVIDEND;INF200KA1184;;12.0191;N.A.;N.A.;05-Aug-2017
133282;SBI DUAL ADVANTAGE FUND - SERIES VI - DIRECT PLAN - GROWTH;INF200KA1176;;12.0191;N.A.;N.A.;05-Aug-2017
133284;SBI DUAL ADVANTAGE FUND - SERIES VI - REGULAR PLAN - DIVIDEND;INF200KA1168;;11.9727;N.A.;N.A.;05-Aug-2017
133281;SBI DUAL ADVANTAGE FUND - SERIES VI - REGULAR PLAN - GROWTH;INF200KA1150;;11.9727;N.A.;N.A.;05-Aug-2017
133717;SBI DUAL ADVANTAGE FUND - SERIES VII - DIRECT PLAN - DIVIDEND;INF200KA1424;;11.8188;N.A.;N.A.;05-Aug-2017
133716;SBI DUAL ADVANTAGE FUND - SERIES VII - DIRECT PLAN - GROWTH;INF200KA1416;;11.8188;N.A.;N.A.;05-Aug-2017
133715;SBI DUAL ADVANTAGE FUND - SERIES VII - REGULAR PLAN - DIVIDEND;INF200KA1408;;11.7709;N.A.;N.A.;05-Aug-2017
133718;SBI DUAL ADVANTAGE FUND - SERIES VII - REGULAR PLAN - GROWTH;INF200KA1390;;11.7707;N.A.;N.A.;05-Aug-2017
134193;SBI DUAL ADVANTAGE FUND - SERIES VIII - DIRECT PLAN - DIVIDEND;INF200KA1770;;11.5855;N.A.;N.A.;05-Aug-2017
134196;SBI DUAL ADVANTAGE FUND - SERIES VIII - DIRECT PLAN - GROWTH;INF200KA1762;;11.5856;N.A.;N.A.;05-Aug-2017
134194;SBI DUAL ADVANTAGE FUND - SERIES VIII - REGULAR PLAN - DIVIDEND;INF200KA1754;;11.5389;N.A.;N.A.;05-Aug-2017
134195;SBI DUAL ADVANTAGE FUND - SERIES VIII - REGULAR PLAN - GROWTH;INF200KA1747;;11.5385;N.A.;N.A.;05-Aug-2017
135155;SBI DUAL ADVANTAGE FUND - SERIES X - DIRECT PLAN - DIVIDEND;INF200KA1GE9;;11.9597;N.A.;N.A.;05-Aug-2017
135154;SBI DUAL ADVANTAGE FUND - SERIES X - DIRECT PLAN - GROWTH;INF200KA1GD1;;11.9597;N.A.;N.A.;05-Aug-2017
135156;SBI DUAL ADVANTAGE FUND - SERIES X - REGULAR PLAN - DIVIDEND;INF200KA1GC3;;11.6445;N.A.;N.A.;05-Aug-2017
135153;SBI DUAL ADVANTAGE FUND - SERIES X - REGULAR PLAN - GROWTH;INF200KA1GB5;;11.6446;N.A.;N.A.;05-Aug-2017
135377;SBI DUAL ADVANTAGE FUND - SERIES XI - DIRECT PLAN - DIVIDEND;INF200KA1GM2;;11.8209;N.A.;N.A.;05-Aug-2017
135376;SBI DUAL ADVANTAGE FUND - SERIES XI - DIRECT PLAN - GROWTH;INF200KA1GL4;;11.8209;N.A.;N.A.;05-Aug-2017
135379;SBI DUAL ADVANTAGE FUND - SERIES XI - REGULAR PLAN - DIVIDEND;INF200KA1GK6;;11.5539;N.A.;N.A.;05-Aug-2017
135378;SBI DUAL ADVANTAGE FUND - SERIES XI - REGULAR PLAN - GROWTH;INF200KA1GJ8;;11.5539;N.A.;N.A.;05-Aug-2017
135777;SBI DUAL ADVANATGE FUND - SERIES XII - REGULAR PLAN - DIVIDEND;INF200KA1HA5;;11.5997;N.A.;N.A.;05-Aug-2017
135780;SBI DUAL ADVANTAGE FUND - SERIES XII - DIRECT PLAN - DIVIDEND;INF200KA1HC1;;11.8019;N.A.;N.A.;05-Aug-2017
135778;SBI DUAL ADVANTAGE FUND - SERIES XII - DIRECT PLAN - GROWTH;INF200KA1HB3;;11.8019;N.A.;N.A.;05-Aug-2017
135779;SBI DUAL ADVANTAGE FUND - SERIES XII - REGULAR PLAN - GROWTH;INF200KA1GZ4;;11.6003;N.A.;N.A.;05-Aug-2017
136044;SBI DUAL ADVANTAGE FUND - SERIES XIII - DIRECT PLAN - DIVIDEND;INF200KA1HS7;;11.7900;N.A.;N.A.;05-Aug-2017
136043;SBI DUAL ADVANTAGE FUND - SERIES XIII - DIRECT PLAN - GROWTH;INF200KA1HR9;;11.7900;N.A.;N.A.;05-Aug-2017
136045;SBI DUAL ADVANTAGE FUND - SERIES XIII - REGULAR PLAN - DIVIDEND;INF200KA1HQ1;;11.6015;N.A.;N.A.;05-Aug-2017
136042;SBI DUAL ADVANTAGE FUND - SERIES XIII - REGULAR PLAN - GROWTH;INF200KA1HP3;;11.6014;N.A.;N.A.;05-Aug-2017
140596;SBI DUAL ADVANTAGE FUND - SERIES XIX - DIRECT PLAN - DIVIDEND PAYOUT;INF200KA1LX9;;10.5393;N.A.;N.A.;05-Aug-2017
140597;SBI DUAL ADVANTAGE FUND - SERIES XIX - DIRECT PLAN - GROWTH;INF200KA1LW1;;10.5392;N.A.;N.A.;05-Aug-2017
140598;SBI DUAL ADVANTAGE FUND - SERIES XIX - REGULAR PLAN - DIVIDEND PAYOUT;INF200KA1LV3;;10.5031;N.A.;N.A.;05-Aug-2017
140595;SBI DUAL ADVANTAGE FUND - SERIES XIX - REGULAR PLAN - GROWTH;INF200KA1LU5;;10.5027;N.A.;N.A.;05-Aug-2017
139123;SBI Dual Advantage Fund - Series XV- Direct Plan - Growth;INF200KA1IT3;;11.3334;N.A.;N.A.;05-Aug-2017
139120;SBI Dual Advantage Fund - Series XV- Direct Plan -Dividend Payout;INF200KA1IU1;;11.3334;N.A.;N.A.;05-Aug-2017
139122;SBI Dual Advantage Fund - Series XV- Regular Plan - Dividend Payout;INF200KA1IS5;;11.1657;N.A.;N.A.;05-Aug-2017
139121;SBI Dual Advantage Fund - Series XV- Regular Plan - Growth;INF200KA1IR7;;11.1650;N.A.;N.A.;05-Aug-2017
139531;SBI Dual Advantage Fund - Series XVI - Direct Plan - Dividend Payout;INF200KA1JX3;;10.9504;N.A.;N.A.;05-Aug-2017
139526;SBI Dual Advantage Fund - Series XVI - Direct Plan - Growth;INF200KA1JW5;;10.9523;N.A.;N.A.;05-Aug-2017
139532;SBI Dual Advantage Fund - Series XVI - Regular Plan - Dividend Payout;INF200KA1JV7;;10.8633;N.A.;N.A.;05-Aug-2017
139533;SBI Dual Advantage Fund - Series XVI - Regular Plan - Growth;INF200KA1JU9;;10.8622;N.A.;N.A.;05-Aug-2017
139793;SBI Dual Advantage Fund  XVII - Direct Plan - Dividend Payout;INF200KA1KN2;;10.8632;N.A.;N.A.;05-Aug-2017
139792;SBI Dual Advantage Fund  XVII - Regular Plan - Growth;INF200KA1KK8;;10.7905;N.A.;N.A.;05-Aug-2017
139794;SBI Dual Advantage Fund - Series XVII - Direct Plan - growth;INF200KA1KM4;;10.8629;N.A.;N.A.;05-Aug-2017
139795;SBI Dual Advantage Fund - Series XVII - Regular Plan - Dividend Payout;INF200KA1KL6;;10.7924;N.A.;N.A.;05-Aug-2017
140393;SBI Dual Advantage Fund - Series XVIII - Direct Plan - Dividend Payout;INF200KA1LL4;;10.7530;N.A.;N.A.;05-Aug-2017
140396;SBI Dual Advantage Fund - Series XVIII - Direct Plan - Growth;INF200KA1LK6;;10.8409;N.A.;N.A.;05-Aug-2017
140395;SBI Dual Advantage Fund - Series XVIII - Regular Plan - Dividend Payout;INF200KA1LJ8;;10.7037;N.A.;N.A.;05-Aug-2017
140394;SBI Dual Advantage Fund - Series XVIII - Regular Plan - Growth;INF200KA1LI0;;10.7065;N.A.;N.A.;05-Aug-2017
141350;SBI DUAL ADVANTAGE FUND - SERIES XXII - DIRECT PLAN - DIVIDEND PAYOUT;INF200KA1OR5;;10.2576;N.A.;N.A.;05-Aug-2017
141348;SBI DUAL ADVANTAGE FUND - SERIES XXII - DIRECT PLAN - GROWTH;INF200KA1OQ7;;10.2575;N.A.;N.A.;05-Aug-2017
141347;SBI DUAL ADVANTAGE FUND - SERIES XXII - REGULAR PLAN - DIVIDEND PAYOUT;INF200KA1OP9;;10.2341;N.A.;N.A.;05-Aug-2017
141349;SBI DUAL ADVANTAGE FUND - SERIES XXII - REGULAR PLAN - GROWTH;INF200KA1OO2;;10.2386;N.A.;N.A.;05-Aug-2017
136358;SBI DUAL ADVANTAGE FUND SERIES XIV- DIRECT PLAN - DIVIDEND PAYOUT;INF200KA1IA3;;11.6489;N.A.;N.A.;05-Aug-2017
136359;SBI DUAL ADVANTAGE FUND SERIES XIV- DIRECT PLAN - GROWTH;INF200KA1HZ2;;11.6489;N.A.;N.A.;05-Aug-2017
136361;SBI DUAL ADVANTAGE FUND SERIES XIV- REGULAR PLAN - DIVIDEND PAYOUT;INF200KA1HY5;;11.4686;N.A.;N.A.;05-Aug-2017
136360;SBI DUAL ADVANTAGE FUND SERIES XIV- REGULAR PLAN - GROWTH;INF200KA1HX7;;11.4661;N.A.;N.A.;05-Aug-2017

Close Ended Schemes ( Growth )


SBI Mutual Fund
131339;SBI EQUITY OPPORTUNITIES FUND - SERIES I - DIRECT PLAN - DIVIDEND;INF200K017S1;;15.5533;N.A.;N.A.;05-Aug-2017
131338;SBI EQUITY OPPORTUNITIES FUND - SERIES I - DIRECT PLAN - GROWTH;INF200K016S3;;15.5452;N.A.;N.A.;05-Aug-2017
131337;SBI EQUITY OPPORTUNITIES FUND - SERIES I - REGULAR PLAN - DIVIDEND;INF200K015S5;;15.4820;N.A.;N.A.;05-Aug-2017
131336;SBI EQUITY OPPORTUNITIES FUND - SERIES I - REGULAR PLAN - GROWTH;INF200K014S8;;15.4821;N.A.;N.A.;05-Aug-2017
133109;SBI EQUITY OPPORTUNITIES FUND - SERIES II - DIRECT PLAN - DIVIDEND;INF200K011Z9;;13.6331;N.A.;N.A.;05-Aug-2017
133108;SBI EQUITY OPPORTUNITIES FUND - SERIES II - DIRECT PLAN - GROWTH;INF200K010Z1;;13.6342;N.A.;N.A.;05-Aug-2017
133107;SBI EQUITY OPPORTUNITIES FUND - SERIES II - REGULAR PLAN - DIVIDEND;INF200K019Y5;;13.5756;N.A.;N.A.;05-Aug-2017
133106;SBI EQUITY OPPORTUNITIES FUND - SERIES II - REGULAR PLAN - GROWTH;INF200K018Y7;;13.5760;N.A.;N.A.;05-Aug-2017
135507;SBI EQUITY OPPORTUNITIES FUND -  SERIES IV - REGULAR PLAN - GROWTH;INF200KA1GP5;;14.3248;N.A.;N.A.;05-Aug-2017
135506;SBI EQUITY OPPORTUNITIES FUND - SERIES IV - DIRECT PLAN - GROWTH;INF200KA1GN0;;14.6955;N.A.;N.A.;05-Aug-2017
135509;SBI Equity Opportunities Fund-Series IV - Direct Plan - Income Distribution cum Capital Withdrawal Option (IDCW);INF200KA1GO8;;14.6920;N.A.;N.A.;05-Aug-2017
135508;SBI Equity Opportunities Fund-Series IV - Regular Plan - Income Distribution cum Capital Withdrawal Option (IDCW);INF200KA1GQ3;;14.3245;N.A.;N.A.;05-Aug-2017
