Scheme Code;Scheme Name;ISIN Div Payout/ISIN Growth;ISIN Div Reinvestment;Net Asset Value;Repurchase Price;Sale Price;Date

Open Ended Schemes ( Liquid )


PGIM India Mutual Fund
120102;DHFL Pramerica Liquid Fund - Direct Plan-Daily Dividend Option;;INF663L01633;1000.4200;1000.4200;1000.4200;15-Feb-2014
120104;DHFL Pramerica Liquid Fund - Direct Plan-Growth Option;INF663L01625;;1354.2687;1354.2687;1354.2687;15-Feb-2014
120105;DHFL Pramerica Liquid Fund - Direct Plan-Monthly Dividend Option;INF663L01682;INF663L01666;1004.9657;1004.9657;1004.9657;15-Feb-2014
120106;DHFL Pramerica Liquid Fund - Direct Plan-Weekly Dividend - Option;;INF663L01641;1001.4477;1001.4477;1001.4477;15-Feb-2014
113184;DHFL Pramerica Liquid Fund - Dividend Option - Daily;;INF663L01088;1000.3700;1000.3700;1000.3700;15-Feb-2014
113187;DHFL Pramerica Liquid Fund - Dividend Option - Fortnightly;INF663L01120;INF663L01104;1000.9736;1000.9736;1000.9736;15-Feb-2014
113186;DHFL Pramerica Liquid Fund - Dividend Option - Monthly;INF663L01138;INF663L01112;1004.8110;1004.8110;1004.8110;15-Feb-2014
113183;DHFL Pramerica Liquid Fund - Growth Option;INF663L01070;;1352.6621;1352.6621;1352.6621;15-Feb-2014
113185;DHFL Pramerica Liquid Fund -Dividend Option- Weekly;;INF663L01096;1000.9735;1000.9735;1000.9735;15-Feb-2014
122257;DHFL Pramerica Liquid Fund-Bonus Option;INF663L01BD5;;1352.5211;1352.5211;1352.5211;15-Feb-2014
122258;DHFL Pramerica Liquid Fund-Direct Plan-Bonus Option;INF663L01BE3;;1354.0794;1354.0794;1354.0794;15-Feb-2014

PineBridge Mutual Fund
119355;PineBridge India Liquid Fund- Direct Plan- Daily Dividend Option;;INF178L01AV8;1001.0000;1001.0000;1001.0000;15-Feb-2014
119360;PineBridge India Liquid Fund- Direct Plan- Growth Option;INF178L01AP0;;1594.1273;1594.1273;1594.1273;15-Feb-2014
106513;PineBridge India Liquid Fund- Standard Plan-Daily Dividend Option;;INF178L01699;1001.0000;1001.0000;1001.0000;15-Feb-2014
106508;PineBridge India Liquid Fund- Standard Plan-Growth Option;INF178L01715;;1592.8317;1592.8317;1592.8317;15-Feb-2014
106519;PineBridge India Liquid Fund- Standard Plan-Monthly Dividend Option;INF178L01723;INF178L01731;1005.2097;1005.2097;1005.2097;15-Feb-2014
106520;PineBridge India Liquid Fund- Standard Plan-Quarterly Dividend Option;INF178L01749;INF178L01756;1012.1796;1012.1796;1012.1796;15-Feb-2014
106509;PineBridge India Liquid Fund- Standard Plan-Weekly Dividend Option;;INF178L01764;1002.1894;1002.1894;1002.1894;15-Feb-2014
106503;PineBridge India Liquid Fund-Retail Plan-DailyDividend Option;;INF178L01533;1001.0000;1001.0000;1001.0000;15-Feb-2014
106514;PineBridge India Liquid Fund-Retail Plan-Growth Option;INF178L01558;;1555.9207;1555.9207;1555.9207;15-Feb-2014
106504;PineBridge India Liquid Fund-Retail Plan-Monthly Dividend Option;INF178L01566;INF178L01574;1005.2038;1005.2038;1005.2038;15-Feb-2014
106510;PineBridge India Liquid Fund-Retail Plan-Weekly Dividend Option;;INF178L01608;1002.1899;1002.1899;1002.1899;15-Feb-2014

Sahara Mutual Fund
101397;Sahara Liquid Fund-Fixed Pricing -  Weekly Dividend Option;;INF515L01064;1027.4373;1027.4373;1027.4373;15-Feb-2014
101393;Sahara Liquid Fund-Fixed Pricing - Daily Dividend Option;;INF515L01049;1037.1091;1037.1091;1037.1091;15-Feb-2014
120265;Sahara Liquid Fund-Fixed Pricing - Direct - Weekly Dividend Option;;INF515L01668;1027.4373;1027.4373;1027.4373;15-Feb-2014
120262;Sahara Liquid Fund-Fixed Pricing - Direct -Growth option;INF515L01650;;2277.5090;2277.5090;2277.5090;15-Feb-2014
101394;Sahara Liquid Fund-Fixed Pricing - Growth option;INF515L01056;;2276.8523;2276.8523;2276.8523;15-Feb-2014
101398;Sahara Liquid Fund-Fixed Pricing - Monthly Dividend Option;;INF515L01072;1042.4941;1042.4941;1042.4941;15-Feb-2014
120253;Sahara Liquid Fund-Fixed Pricing -Direct - Daily Dividend Option- Direct;;INF515L01643;1037.1091;1037.1091;1037.1091;15-Feb-2014
120266;Sahara Liquid Fund-Fixed Pricing -Direct - Monthly Dividend Option;;INF515L01676;1042.4941;1042.4941;1042.4941;15-Feb-2014
101399;Sahara Liquid Fund-Variable Pricing - Daily Dividend option;;INF515L01080;1037.1543;1037.1543;1037.1543;15-Feb-2014
101402;Sahara Liquid Fund-Variable Pricing - Growth option;INF515L01114;;2300.3031;2300.3031;2300.3031;15-Feb-2014
101400;Sahara Liquid Fund-Variable Pricing - Weekly Dividend Option;;INF515L01098;1042.6762;1042.6762;1042.6762;15-Feb-2014
120271;Sahara Liquid Fund-Variable Pricing -Direct - Daily Dividend option;;INF515L01684;1037.1543;1037.1543;1037.1543;15-Feb-2014
120280;Sahara Liquid Fund-Variable Pricing -Direct - Growth option;INF515L01718;;2301.3175;2301.3175;2301.3175;15-Feb-2014
120272;Sahara Liquid Fund-Variable Pricing -Direct - Weekly Dividend Option;;INF515L01692;1042.6762;1042.6762;1042.6762;15-Feb-2014
120273;Sahara Liquid Fund-Variable Pricing- Direct - Monthly Dividend Option;;INF515L01700;1048.9311;1048.9311;1048.9311;15-Feb-2014
101401;Sahara Liquid Fund-Variable Pricing- Monthly Dividend Option;;INF515L01106;1046.5985;1046.5985;1046.5985;15-Feb-2014

Open Ended Schemes ( Debt Scheme - Overnight Fund )


SBI Mutual Fund
119831;SBI Overnight Fund - Direct Plan - Daily Income Distribution cum Capital Withdrawal Option (IDCW);;INF200K01TJ7;1009.9100;1009.9100;1009.9100;15-Feb-2014
119833;SBI OVERNIGHT FUND - DIRECT PLAN - GROWTH;INF200K01TK5;;2175.2337;2175.2337;2175.2337;15-Feb-2014
119832;SBI Overnight Fund - Direct Plan - Weekly Income Distribution cum Capital Withdrawal Option (IDCW);INF200K01TL3;INF200K01TM1;1031.1904;1031.1904;1031.1904;15-Feb-2014
114297;SBI Overnight Fund - Regular Plan - Daily Income Distribution cum Capital Withdrawal Option (IDCW);;INF200K01LN6;1009.9100;1009.9100;1009.9100;15-Feb-2014
101206;SBI OVERNIGHT FUND - REGULAR PLAN - GROWTH;INF200K01LQ9;;2171.8253;2171.8253;2171.8253;15-Feb-2014
103140;SBI Overnight Fund - Regular Plan - Weekly Income Distribution cum Capital Withdrawal Option (IDCW);INF200K01LO4;INF200K01LP1;1031.1903;1031.1903;1031.1903;15-Feb-2014

Open Ended Schemes ( Debt Scheme - Liquid Fund )


Axis Mutual Fund
120388;Axis Liquid Fund - Direct Plan - Daily IDCW;;INF846K01DA0;1000.1178;1000.1178;1000.1178;15-Feb-2014
120389;Axis Liquid Fund - Direct Plan - Growth Option;INF846K01CX4;;1406.4112;1406.4112;1406.4112;15-Feb-2014
120391;Axis Liquid Fund - Direct Plan - Monthly IDCW;INF846K01CY2;INF846K01CZ9;1004.5663;1004.5663;1004.5663;15-Feb-2014
120390;Axis Liquid Fund - Direct Plan - Weekly IDCW;INF846K01DB8;INF846K01DC6;1003.2752;1003.2752;1003.2752;15-Feb-2014
112211;Axis Liquid Fund - Regular Plan - Daily IDCW;;INF846K01420;1000.1178;1000.1178;1000.1178;15-Feb-2014
112210;Axis Liquid Fund - Regular Plan - Growth Option;INF846K01412;;1405.3167;1405.3167;1405.3167;15-Feb-2014
112213;Axis Liquid Fund - Regular Plan - Monthly IDCW;INF846K01453;INF846K01461;1004.5314;1004.5314;1004.5314;15-Feb-2014
112212;Axis Liquid Fund - Regular Plan - Weekly IDCW;INF846K01438;INF846K01446;1003.2674;1003.2674;1003.2674;15-Feb-2014
112712;Axis Liquid Fund - Retail Plan - Daily IDCW;;INF846K01362;1000.1178;1000.1178;1000.1178;15-Feb-2014
112713;Axis Liquid Fund - Retail Plan - Growth Option;INF846K01354;;1363.6148;1363.6148;1363.6148;15-Feb-2014
112714;Axis Liquid Fund - Retail Plan - Monthly IDCW;INF846K01396;INF846K01404;1004.2667;1004.2667;1004.2667;15-Feb-2014
112715;Axis Liquid Fund - Retail Plan - Weekly IDCW;INF846K01370;INF846K01388;1001.2159;1001.2159;1001.2159;15-Feb-2014

Canara Robeco Mutual Fund
118307;CANARA ROBECO LIQUID FUND - DIRECT PLAN - DAILY IDCW (Reinvestment);;INF760K01FS0;1005.5000;1005.5000;1005.5000;15-Feb-2014
118305;CANARA ROBECO LIQUID FUND - DIRECT PLAN - GROWTH OPTION;INF760K01FU6;;1543.4582;1543.4582;1543.4582;15-Feb-2014
118304;CANARA ROBECO LIQUID FUND - DIRECT PLAN - IDCW (Payout/Reinvestment);INF760K01FT8;;1105.0180;1105.0180;1105.0180;15-Feb-2014
118306;CANARA ROBECO LIQUID FUND - DIRECT PLAN - MONTHLY IDCW (Payout/Reinvestment);INF760K01FV4;INF760K01FW2;1004.2373;1004.2373;1004.2373;15-Feb-2014
118308;CANARA ROBECO LIQUID FUND - DIRECT PLAN - WEEKLY IDCW (Payout/Reinvestment);INF760K01FY8;INF760K01FX0;1000.7447;1000.7447;1000.7447;15-Feb-2014
109349;CANARA ROBECO LIQUID FUND - REGULAR PLAN - DAILY IDCW (Reinvestment);;INF760K01CU3;1005.5000;1005.5000;1005.5000;15-Feb-2014
109353;CANARA ROBECO LIQUID FUND - REGULAR PLAN - GROWTH OPTION;INF760K01CW9;;1542.4217;1542.4217;1542.4217;15-Feb-2014
109351;CANARA ROBECO LIQUID FUND - REGULAR PLAN - MONTHLY IDCW (Payout/Reinvestment);INF760K01CX7;INF760K01CY5;1004.0966;1004.0966;1004.0966;15-Feb-2014
109350;CANARA ROBECO LIQUID FUND - REGULAR PLAN - WEEKLY IDCW (Payout/Reinvestment);INF760K01BZ4;INF760K01CZ2;1000.7193;1000.7193;1000.7193;15-Feb-2014
101363;Canara Robeco Liquid Fund- INSTITUTIONAL-Daily Dividend Reinvestment;;INF760K01CC1;1005.5000;1005.5000;1005.5000;15-Feb-2014
101362;Canara Robeco Liquid Fund- INSTITUTIONAL-Growth;INF760K01CD9;;2271.2485;2271.2485;2271.2485;15-Feb-2014
101364;Canara Robeco Liquid Fund-Retail-DRI;;INF760K01CF4;1007.0000;1007.0000;1007.0000;15-Feb-2014
101365;Canara Robeco Liquid Fund-Retail-Growth;INF760K01CH0;;2224.9395;2224.9395;2224.9395;15-Feb-2014
109347;Canara Robeco Liquid Fund-Retail-Monthly Div Reinvest;;INF760K01CI8;1008.9894;1008.9894;1008.9894;15-Feb-2014
109356;Canara Robeco Liquid Fund-Retail-Weekly Div Reinvest;;INF760K01CJ6;1006.1233;1006.1233;1006.1233;15-Feb-2014

quant Mutual Fund
120837;quant Liquid Fund - Growth Option - Direct Plan;INF966L01820;;19.6326;19.6326;19.6326;15-Feb-2014
103225;quant Liquid Fund - Growth Option - Regular Plan;INF966L01317;;19.6782;19.6782;19.6782;15-Feb-2014
120838;quant Liquid Fund - Monthly IDCW Option - Direct Plan;INF966L01796;INF966L01812;15.1414;15.1414;15.1414;15-Feb-2014
103228;quant Liquid Fund - Monthly IDCW Option - Regular Plan;INF966L01291;INF966L01309;15.0914;15.0914;15.0914;15-Feb-2014
120839;quant Liquid Fund - Weekly IDCW Option - Direct Plan;INF966L01788;INF966L01804;13.5121;13.5121;13.5121;15-Feb-2014
103227;quant Liquid Fund - Weekly IDCW Option - Regular Plan;INF966L01499;INF966L01283;13.5084;13.5084;13.5084;15-Feb-2014
120836;quant Liquid Fund-Daily IDCW Option - Direct Plan;;INF966L01770;13.7856;13.7856;13.7856;15-Feb-2014
103226;quant Liquid Fund-Daily IDCW Option - Regular Plan;;INF966L01275;13.7383;13.7383;13.7383;15-Feb-2014

SBI Mutual Fund
119804;SBI Liquid Fund - Direct Paln - Fortnightly Income Distribution cum Capital Withdrawal Option (IDCW);INF200K01UR8;INF200K01US6;1011.8588;1011.8588;1011.8588;15-Feb-2014
119805;SBI Liquid Fund - Direct Plan - Daily Income Distribution cum Capital Withdrawal Option (IDCW);;INF200K01UQ0;1003.2500;1003.2500;1003.2500;15-Feb-2014
119799;SBI Liquid Fund - Direct Plan - Weekly Income Distribution cum Capital Withdrawal Option (IDCW);INF200K01UU2;INF200K01UV0;1061.0596;1061.0596;1061.0596;15-Feb-2014
119800;SBI Liquid Fund - DIRECT PLAN -Growth;INF200K01UT4;;1995.0143;1995.0143;1995.0143;15-Feb-2014
105274;SBI Liquid Fund - Institutional - Growth;INF200K01LU1;;2012.3085;2012.3085;2012.3085;15-Feb-2014
105275;SBI Liquid Fund - Institutional Daily Income Distribution cum Capital Withdrawal Option (IDCW);;INF200K01LR7;1003.2500;1003.2500;1003.2500;15-Feb-2014
105279;SBI Liquid Fund - Institutional Fortnightly Income Distribution cum Capital Withdrawal Option (IDCW);INF200K01LS5;INF200K01LT3;1023.1633;1023.1633;1023.1633;15-Feb-2014
105278;SBI Liquid Fund - Institutional Weekly Income Distribution cum Capital Withdrawal Option (IDCW);INF200K01LV9;INF200K01LW7;1060.3503;1060.3503;1060.3503;15-Feb-2014
105281;SBI Liquid Fund - Regular Plan - Daily Income Distribution cum Capital Withdrawal Option (IDCW);;INF200K01LX5;1003.2500;1003.2500;1003.2500;15-Feb-2014
105283;SBI Liquid Fund - Regular Plan - Fortnightly Income Distribution cum Capital Withdrawal Option (IDCW);INF200K01LY3;INF200K01LZ0;1011.8588;1011.8588;1011.8588;15-Feb-2014
105282;SBI Liquid Fund - Regular Plan - Weekly Income Distribution cum Capital Withdrawal Option (IDCW);INF200K01MB9;INF200K01MC7;1061.0596;1061.0596;1061.0596;15-Feb-2014
105280;SBI Liquid Fund - REGULAR PLAN -Growth;INF200K01MA1;;1993.6181;1993.6181;1993.6181;15-Feb-2014

Sundaram Mutual Fund
119690;Sundaram Money Fund Direct Plan - Bonus;INF903J01RL8;;16.3917;16.3917;16.3917;15-Feb-2014
119688;Sundaram Money Fund Direct Plan - Daily Reinvestment of Income Distribution cum Capital Withdrawal (IDCW);;INF903J01QA3;10.1025;10.1025;10.1025;15-Feb-2014
119692;Sundaram Money Fund Direct Plan - Fortnightly Reinvestment of Income Distribution cum Capital Withdrawal (IDCW);;INF903J01QB1;25.3322;25.3322;25.3322;15-Feb-2014
119686;Sundaram Money Fund Direct Plan - Growth;INF903J01QF2;;26.7673;26.7673;26.7673;15-Feb-2014
119687;Sundaram Money Fund Direct Plan - Monthly Income Distribution cum Capital Withdrawal (IDCW);INF903J01QC9;INF903J01QD7;10.5746;10.5746;10.5746;15-Feb-2014
119691;Sundaram Money Fund Direct Plan - Weekly Reinvestment of Income Distribution cum Capital Withdrawal (IDCW);;INF903J01QG0;11.3998;11.3998;11.3998;15-Feb-2014
102701;Sundaram Money Fund Institutional Plan - Daily Reinvestment of Income Distribution cum Capital Withdrawal (IDCW);;INF903J01GP2;10.0953;10.0953;10.0953;15-Feb-2014
102703;Sundaram Money Fund Institutional Plan - Growth;INF903J01GN7;;26.0888;26.0888;26.0888;15-Feb-2014
118328;Sundaram Money Fund Regular Plan - Bonus;INF903J01MB0;;16.3797;16.3797;16.3797;15-Feb-2014
103392;Sundaram Money Fund Regular Plan - Daily Reinvestment of Income Distribution cum Capital Withdrawal (IDCW);;INF903J01GW8;10.0953;10.0953;10.0953;15-Feb-2014
103395;Sundaram Money Fund Regular Plan - Fortnightly Reinvestment of Income Distribution cum Capital Withdrawal (IDCW);;INF903J01GY4;10.7474;10.7474;10.7474;15-Feb-2014
103397;Sundaram Money Fund Regular Plan - Growth;INF903J01GU2;;26.7530;26.7530;26.7530;15-Feb-2014
103396;Sundaram Money Fund Regular Plan - Monthly Income Distribution cum Capital Withdrawal (IDCW);INF903J01GV0;INF903J01GZ1;10.4345;10.4345;10.4345;15-Feb-2014
103393;Sundaram Money Fund Regular Plan - Quarterly Reinvestment of Income Distribution cum Capital Withdrawal (IDCW);;INF903J01HA2;13.7755;13.7755;13.7755;15-Feb-2014
100620;Sundaram Money Fund Retail Plan - Daily Reinvestment of Income Distribution cum Capital Withdrawal (IDCW);;INF903J01GI7;10.0953;10.0953;10.0953;15-Feb-2014
100622;Sundaram Money Fund Retail Plan - Fortnightly Reinvestment of Income Distribution cum Capital Withdrawal (IDCW);;INF903J01GK3;10.6969;10.6969;10.6969;15-Feb-2014
100618;Sundaram Money Fund Retail Plan - Growth;INF903J01GG1;;25.0006;25.0006;25.0006;15-Feb-2014
100623;Sundaram Money Fund Retail Plan - Monthly Income Distribution cum Capital Withdrawal (IDCW);INF903J01GH9;INF903J01GL1;10.4473;10.4473;10.4473;15-Feb-2014
100619;Sundaram Money Fund Retail Plan - Quarterly Reinvestment of Income Distribution cum Capital Withdrawal (IDCW);;INF903J01GM9;13.9906;13.9906;13.9906;15-Feb-2014
100621;Sundaram Money Fund Retail Plan - Weekly Reinvestment of Income Distribution cum Capital Withdrawal (IDCW);;INF903J01GJ5;11.1240;11.1240;11.1240;15-Feb-2014
103394;Sundaram Money Fund Regular Plan - Weekly Reinvestment of Income Distribution cum Capital Withdrawal (IDCW);;INF903J01GX6;11.1649;11.1649;11.1649;15-Feb-2014

Taurus Mutual Fund
111915;Taurus Liquid Fund - Regular Plan - SI Growth Option;INF044D01534;;1370.7985;1370.7985;1370.7985;15-Feb-2014
113248;Taurus Liquid Fund - Regular Plan - SI Weekly Dividend Option;;INF044D01526;1000.4810;1000.4810;1000.4810;15-Feb-2014
111703;Taurus Liquid Fund - Regular Plan -SI Daily Dividend Option;;INF044D01518;1000.2620;1000.2620;1000.2620;15-Feb-2014
111760;Taurus Liquid Fund Insti Growth;INF044D01500;;1394.7717;1394.7717;1394.7717;15-Feb-2014
118891;Taurus Liquid Fund-Direct Plan-SI Daily Dividend Option;;INF044D01DI0;1000.2620;1000.2620;1000.2620;15-Feb-2014
118893;Taurus Liquid Fund-Direct Plan-SI Growth Option;INF044D01DK6;;1371.5868;1371.5868;1371.5868;15-Feb-2014
118892;Taurus Liquid Fund-Direct Plan-SI Weekly Dividend Option;;INF044D01DJ8;1000.4840;1000.4840;1000.4840;15-Feb-2014
104240;Taurus Liquid Fund-Dividend;INF044D01542;INF044D01559;1001.2175;1001.2175;1001.2175;15-Feb-2014
104241;Taurus Liquid Fund-Growth;INF044D01575;;1642.1306;1642.1306;1642.1306;15-Feb-2014

Union Mutual Fund
115401;Union Liquid Fund - Daily IDCW Option;;INF582M01021;1000.6489;1000.6489;1000.6489;15-Feb-2014
119301;Union Liquid Fund - Direct Plan - Daily IDCW Option;;INF582M01682;1000.6506;1000.6506;1000.6506;15-Feb-2014
119305;Union Liquid Fund - Direct Plan - Fortnightly IDCW Option;INF582M01724;INF582M01708;1001.4452;1001.4452;1001.4452;15-Feb-2014
119303;Union Liquid Fund - Direct Plan - Growth Option;INF582M01674;;1271.8979;1271.8979;1271.8979;15-Feb-2014
119302;Union Liquid Fund - Direct Plan - Monthly IDCW Option;INF582M01732;INF582M01716;1004.7368;1004.7368;1004.7368;15-Feb-2014
119304;Union Liquid Fund - Direct Plan - Weekly IDCW Option;;INF582M01690;1001.4509;1001.4509;1001.4509;15-Feb-2014
115399;Union Liquid Fund - Fortnightly IDCW Option;INF582M01062;INF582M01047;1001.4514;1001.4514;1001.4514;15-Feb-2014
115398;Union Liquid Fund - Growth Option;INF582M01013;;1271.1331;1271.1331;1271.1331;15-Feb-2014
115400;Union Liquid Fund - Monthly IDCW Option;INF582M01070;INF582M01054;1004.7249;1004.7249;1004.7249;15-Feb-2014
115402;Union Liquid Fund - Weekly IDCW Option;;INF582M01039;1001.4500;1001.4500;1001.4500;15-Feb-2014

UTI Mutual Fund
120558;UTI Liquid Fund - Direct Plan - Daily IDCW (Reinvestment);;INF789F01XP8;1019.4457;1019.4457;1019.4457;15-Feb-2014
120794;UTI Liquid Fund - Direct Plan - Monthly IDCW;INF789F01XR4;INF789F01XS2;1028.0513;1028.0513;1028.0513;15-Feb-2014
120777;UTI Liquid Fund - Direct Plan - Weekly IDCW;;INF789F01XT0;1053.7286;1053.7286;1053.7286;15-Feb-2014
102010;UTI Liquid Fund - Regular Plan - Daily IDCW (Reinvestment);;INF789F01PG3;1019.4457;1019.4457;1019.4457;15-Feb-2014
102011;UTI Liquid Fund - Regular Plan - Monthly IDCW;INF789F01PI9;INF789F01PJ7;1028.0344;1028.0344;1028.0344;15-Feb-2014
102013;UTI Liquid Fund - Regular Plan - Weekly IDCW;;INF789F01PK5;1053.7228;1053.7228;1053.7228;15-Feb-2014
120304;UTI-  Liquid Cash Plan - Direct Plan - Growth Option;INF789F01XQ6;;2080.2241;2080.2241;2080.2241;15-Feb-2014
102012;UTI-  Liquid Cash Plan - Regular Plan - Growth Option;INF789F01PH1;;2077.9285;2077.9285;2077.9285;15-Feb-2014
102008;UTI-  Liquid Cash Plan- Discontinued - Regular Plan - Monthly Dividend Option;INF789F01BC2;INF789F01BA6;1142.3069;1142.3069;0;15-Feb-2014
102009;UTI-  Liquid Cash Plan- Discontinued - Regular Plan -Growth;INF789F01BB4;;2003.9866;2003.9866;0;15-Feb-2014
102007;UTI-  Liquid Cash Plan- Discontinued -Regular Plan Periodic Dividend Option;;INF789F01AZ5;1134.5649;1134.5649;0;15-Feb-2014

Open Ended Schemes ( Debt Scheme - Ultra Short Duration Fund )


SBI Mutual Fund
119784;SBI Ultra Short Duration Fund - Direct Plan - Daily Income Distribution cum Capital Withdrawal Option (IDCW);;INF200K01TG3;1675.0300;1673.3550;1675.0300;15-Feb-2014
119828;SBI ULTRA SHORT DURATION FUND - DIRECT PLAN - GROWTH;INF200K01TF5;;2808.3823;2805.5739;2808.3823;15-Feb-2014
119829;SBI Ultra Short Duration Fund - Direct Plan - Weekly Income Distribution cum Capital Withdrawal Option (IDCW);INF200K01TH1;INF200K01TI9;1077.5805;1076.5029;1077.5805;15-Feb-2014
105080;SBI Ultra Short Duration Fund - Regular Plan - Daily Income Distribution cum Capital Withdrawal Option (IDCW);;INF200K01LK2;1675.0300;1673.3550;1675.0300;15-Feb-2014
100641;SBI ULTRA SHORT DURATION FUND - REGULAR PLAN - GROWTH;INF200K01LJ4;;2806.1572;2803.3510;2806.1572;15-Feb-2014
103884;SBI Ultra Short Duration Fund - Regular Plan - Weekly Income Distribution cum Capital Withdrawal Option (IDCW);INF200K01LM8;INF200K01LL0;1077.5805;1076.5029;1077.5805;15-Feb-2014

Open Ended Schemes ( Debt Scheme - Money Market Fund )


UTI Mutual Fund
120299;UTI MMF - Direct Plan - Growth Option;INF789F01XV6;;1421.4765;1421.4765;1421.4765;15-Feb-2014
112077;UTI MMF - Regular Plan - Growth Option;INF789F01PX8;;1419.8902;1419.8902;1419.8902;15-Feb-2014
100724;UTI MMF- Discontinued - Regular Plan - Flexi Dividend Option;;INF789F01BD0;2001.4187;2001.4187;0;15-Feb-2014
100725;UTI MMF- Discontinued - Regular Plan - Periodic Dividend Option;INF789F01BE8;;1991.9788;1991.9788;0;15-Feb-2014
100723;UTI MMF-Discontinued - Regular Plan -Growth;INF789F01BF5;;3467.6951;3467.6951;0;15-Feb-2014
120772;UTI Money Market Fund - Direct Plan - Daily IDCW (Reinvestment);;INF789F01XU8;1003.3854;1003.3854;1003.3854;15-Feb-2014
120793;UTI Money Market Fund - Direct Plan - Weekly IDCW;INF789F01XW4;INF789F01XX2;1015.2537;1015.2537;1015.2537;15-Feb-2014
112076;UTI Money Market Fund - Regular Plan - Daily IDCW (Reinvestment);;INF789F01PW0;1003.3854;1003.3854;1003.3854;15-Feb-2014
112635;UTI Money Market Fund - Regular Plan - Weekly IDCW;INF789F01PY6;INF789F01PZ3;1015.2448;1015.2448;1015.2448;15-Feb-2014

Close Ended Schemes ( Income )


SBI Mutual Fund
114781;SBI Capital Protection Oriented Fund - Series II -;INF200K01ED2;;12.1382;N.A.;N.A.;15-Feb-2014
115824;SBI Capital Protection Oriented Fund - Series III - Growth;INF200K01IH4;;11.8684;N.A.;N.A.;15-Feb-2014
121468;SBI DEBT FUND SERIES - 13 MONTHS - 14 - DIRECT PLAN - DIVIDEND;INF200K01WZ7;;N.A.;N.A.;N.A.;15-Feb-2014
121469;SBI DEBT FUND SERIES - 13 MONTHS - 14 - DIRECT PLAN - GROWTH;INF200K01WY0;;10.8662;N.A.;N.A.;15-Feb-2014
121470;SBI DEBT FUND SERIES - 13 MONTHS - 14 - REGULAR PLAN - DIVIDEND;INF200K01WX2;;10.8558;N.A.;N.A.;15-Feb-2014
121471;SBI DEBT FUND SERIES - 13 MONTHS - 14 - REGULAR PLAN - GROWTH;INF200K01WW4;;10.8559;N.A.;N.A.;15-Feb-2014
121695;SBI DEBT FUND SERIES - 13 MONTHS - 15 - DIRECT PLAN - DIVIDEND;INF200K01XD2;;10.8405;N.A.;N.A.;15-Feb-2014
121696;SBI DEBT FUND SERIES - 13 MONTHS - 15 - REGULAR PLAN - DIVIDEND;INF200K01XB6;;10.8354;N.A.;N.A.;15-Feb-2014
121697;SBI DEBT FUND SERIES - 13 MONTHS - 15 - REGULAR PLAN - GROWTH;INF200K01XA8;;10.8360;N.A.;N.A.;15-Feb-2014
121698;SBI DEBT FUND SERIES - 13 MONTHS - 15- DIRECT PLAN - GROWTH;INF200K01XC4;;10.8405;N.A.;N.A.;15-Feb-2014
121305;SBI DEBT FUND SERIES - 14 MONTHS - 1 - DIRECT PLAN - DIVIDEND;INF200K01XH3;;10.8917;N.A.;N.A.;15-Feb-2014
121306;SBI DEBT FUND SERIES - 14 MONTHS - 1 - DIRECT PLAN - GROWTH;INF200K01XG5;;10.8917;N.A.;N.A.;15-Feb-2014
121303;SBI DEBT FUND SERIES - 14 MONTHS - 1 - REGULAR PLAN - DIVIDEND;INF200K01XF7;;10.8811;N.A.;N.A.;15-Feb-2014
121304;SBI DEBT FUND SERIES - 14 MONTHS - 1 - REGULAR PLAN - GROWTH;INF200K01XE0;;10.8811;N.A.;N.A.;15-Feb-2014
122015;SBI DEBT FUND SERIES - 14 MONTHS - 2 - DIRECT PLAN - DIVIDEND;INF200K01XL5;;10.7704;N.A.;N.A.;15-Feb-2014
122017;SBI DEBT FUND SERIES - 14 MONTHS - 2 - DIRECT PLAN - GROWTH;INF200K01XK7;;10.7704;N.A.;N.A.;15-Feb-2014
122016;SBI DEBT FUND SERIES - 14 MONTHS - 2 - REGULAR PLAN - DIVIDEND;INF200K01XJ9;;10.7656;N.A.;N.A.;15-Feb-2014
122018;SBI DEBT FUND SERIES - 14 MONTHS - 2 - REGULAR PLAN - GROWTH;INF200K01XI1;;10.7656;N.A.;N.A.;15-Feb-2014
126205;SBI DEBT FUND SERIES - 16 MONTHS - 1 - DIRECT PLAN - GROWTH;INF200KA1CE8;;10.0781;N.A.;N.A.;15-Feb-2014
126206;SBI DEBT FUND SERIES - 16 MONTHS - 1 - REGULAR PLAN - DIVIDEND;INF200KA1CD0;;10.0752;N.A.;N.A.;15-Feb-2014
126207;SBI DEBT FUND SERIES - 16 MONTHS - 1 - REGULAR PLAN - GROWTH;INF200KA1CC2;;10.0752;N.A.;N.A.;15-Feb-2014
126208;SBI DEBT FUND SERIES - 16 MONTHS - 1- DIRECT PLAN - DIVIDEND;INF200KA1CF5;;10.0781;N.A.;N.A.;15-Feb-2014
126209;SBI DEBT FUND SERIES - 16 MONTHS - 2 - DIRECT PLAN - GROWTH;INF200KA1DM9;;10.0509;N.A.;N.A.;15-Feb-2014
126210;SBI DEBT FUND SERIES - 16 MONTHS - 2 - REGULAR PLAN - DIVIDEND;INF200KA1DL1;;10.0489;N.A.;N.A.;15-Feb-2014
126211;SBI DEBT FUND SERIES - 16 MONTHS - 2 - REGULAR PLAN - GROWTH;INF200KA1DK3;;10.0489;N.A.;N.A.;15-Feb-2014
126212;SBI DEBT FUND SERIES - 16 MONTHS - 2- DIRECT PLAN - DIVIDEND;INF200KA1DN7;;10.0509;N.A.;N.A.;15-Feb-2014
125734;SBI DEBT FUND SERIES - 17 MONTHS - 1 - DIRECT PLAN - GROWTH;INF200KA1CQ2;;10.1437;N.A.;N.A.;15-Feb-2014
125735;SBI DEBT FUND SERIES - 17 MONTHS - 1 - REGULAR PLAN - DIVIDEND;INF200KA1CP4;;10.1393;N.A.;N.A.;15-Feb-2014
125736;SBI DEBT FUND SERIES - 17 MONTHS - 1 - REGULAR PLAN - GROWTH;INF200KA1CO7;;10.1393;N.A.;N.A.;15-Feb-2014
125733;SBI DEBT FUND SERIES - 17 MONTHS - 1- DIRECT PLAN - DIVIDEND;INF200KA1CR0;;10.1437;N.A.;N.A.;15-Feb-2014
117983;SBI DEBT FUND SERIES - 18 MONTHS - 11 - DIVIDEND;INF200K01PW8;;11.1251;N.A.;N.A.;15-Feb-2014
117984;SBI DEBT FUND SERIES - 18 MONTHS - 11 - GROWTH;INF200K01PV0;;11.1251;N.A.;N.A.;15-Feb-2014
125008;SBI DEBT FUND SERIES - 18 MONTHS - 12 - DIRECT PLAN - DIVIDEND;INF200KA1BL5;;10.2415;N.A.;N.A.;15-Feb-2014
125005;SBI DEBT FUND SERIES - 18 MONTHS - 12 - DIRECT PLAN - GROWTH;INF200KA1BK7;;10.2415;N.A.;N.A.;15-Feb-2014
125006;SBI DEBT FUND SERIES - 18 MONTHS - 12 - REGULAR PLAN - DIVIDEND;INF200KA1BJ9;;10.2320;N.A.;N.A.;15-Feb-2014
125007;SBI DEBT FUND SERIES - 18 MONTHS - 12 - REGULAR PLAN - GROWTH;INF200KA1BI1;;10.2320;N.A.;N.A.;15-Feb-2014
125460;SBI DEBT FUND SERIES - 18 MONTHS - 13 - DIRECT PLAN - DIVIDEND;INF200KA1DZ1;;N.A.;N.A.;N.A.;15-Feb-2014
125461;SBI DEBT FUND SERIES - 18 MONTHS - 13 - DIRECT PLAN - GROWTH;INF200KA1DY4;;10.2111;N.A.;N.A.;15-Feb-2014
125462;SBI DEBT FUND SERIES - 18 MONTHS - 13 - REGULAR PLAN - DIVIDEND;INF200KA1DX6;;10.2057;N.A.;N.A.;15-Feb-2014
125463;SBI DEBT FUND SERIES - 18 MONTHS - 13 - REGULAR PLAN - GROWTH;INF200KA1DW8;;10.2057;N.A.;N.A.;15-Feb-2014
115263;SBI SDFS - 36 MONTHS - 1 - DIVIDEND;INF200K01EC4;;11.3083;N.A.;N.A.;15-Feb-2014
115262;SBI SDFS - 36 MONTHS - 1 - GROWTH;INF200K01EB6;;12.7879;N.A.;N.A.;15-Feb-2014
120908;SBI DEBT FUND SERIES - 36 MONTHS - 2 - DIRECT PLAN - DIVIDEND;INF200K01QM7;;10.8107;N.A.;N.A.;15-Feb-2014
120911;SBI DEBT FUND SERIES - 36 MONTHS - 2 - DIRECT PLAN - GROWTH;INF200K01QL9;;10.8107;N.A.;N.A.;15-Feb-2014
120909;SBI DEBT FUND SERIES - 36 MONTHS - 2 - REGULAR PLAN - DIVIDEND;INF200K01QH7;;10.7442;N.A.;N.A.;15-Feb-2014
120910;SBI DEBT FUND SERIES - 36 MONTHS - 2 - REGULAR PLAN - GROWTH;INF200K01QG9;;10.7442;N.A.;N.A.;15-Feb-2014
123647;SBI DEBT FUND SERIES - 36 MONTHS - 4 - DIRECT PLAN - DIVIDEND;INF200KA1KF8;;10.5593;N.A.;N.A.;15-Feb-2014
123649;SBI DEBT FUND SERIES - 36 MONTHS - 4 - DIRECT PLAN - GROWTH;INF200KA1KE1;;10.5593;N.A.;N.A.;15-Feb-2014
123648;SBI DEBT FUND SERIES - 36 MONTHS - 4 - REGULAR PLAN - DIVIDEND;INF200KA1KD3;;10.5511;N.A.;N.A.;15-Feb-2014
123650;SBI DEBT FUND SERIES - 36 MONTHS - 4 - REGULAR PLAN - GROWTH;INF200KA1KC5;;10.5511;N.A.;N.A.;15-Feb-2014
124000;SBI DEBT FUND SERIES - 36 MONTHS - 5 - DIRECT PLAN - DIVIDEND;INF200K01D91;;N.A.;N.A.;N.A.;15-Feb-2014
124001;SBI DEBT FUND SERIES - 36 MONTHS - 5 - DIRECT PLAN - GROWTH;INF200K01D83;;10.4195;N.A.;N.A.;15-Feb-2014
124003;SBI DEBT FUND SERIES - 36 MONTHS - 5 - REGULAR PLAN - DIVIDEND;INF200K01D75;;10.4124;N.A.;N.A.;15-Feb-2014
124002;SBI DEBT FUND SERIES - 36 MONTHS - 5 - REGULAR PLAN - GROWTH;INF200K01D67;;10.4124;N.A.;N.A.;15-Feb-2014
124373;SBI DEBT FUND SERIES - 36 MONTHS - 6 - DIRECT PLAN - DIVIDEND;INF200KA1KZ6;;10.3772;N.A.;N.A.;15-Feb-2014
124374;SBI DEBT FUND SERIES - 36 MONTHS - 6 - DIRECT PLAN - GROWTH;INF200KA1KY9;;10.3772;N.A.;N.A.;15-Feb-2014
124375;SBI DEBT FUND SERIES - 36 MONTHS - 6 - REGULAR PLAN - DIVIDEND;INF200KA1KX1;;10.3603;N.A.;N.A.;15-Feb-2014
124376;SBI DEBT FUND SERIES - 36 MONTHS - 6 - REGULAR PLAN - GROWTH;INF200KA1KW3;;10.3603;N.A.;N.A.;15-Feb-2014
125719;SBI DEBT FUND SERIES - 36 MONTHS - 7 - DIRECT PLAN - DIVIDEND;INF200K01E74;;10.0931;N.A.;N.A.;15-Feb-2014
125721;SBI DEBT FUND SERIES - 36 MONTHS - 7 - DIRECT PLAN - GROWTH;INF200K01E66;;10.0931;N.A.;N.A.;15-Feb-2014
125720;SBI DEBT FUND SERIES - 36 MONTHS - 7 - REGULAR PLAN - DIVIDEND;INF200K01E58;;10.0897;N.A.;N.A.;15-Feb-2014
125722;SBI DEBT FUND SERIES - 36 MONTHS - 7 - REGULAR PLAN - GROWTH;INF200K01E41;;10.0897;N.A.;N.A.;15-Feb-2014
121395;SBI DEBT FUND SERIES - 366 DAYS - 22 - DIRECT PLAN - DIVIDEND;INF200K01YP4;;N.A.;N.A.;N.A.;15-Feb-2014
121396;SBI DEBT FUND SERIES - 366 DAYS - 22 - DIRECT PLAN - GROWTH;INF200K01YO7;;10.9013;N.A.;N.A.;15-Feb-2014
121397;SBI DEBT FUND SERIES - 366 DAYS - 22 - REGULAR PLAN - DIVIDEND;INF200K01PU2;;10.8906;N.A.;N.A.;15-Feb-2014
121398;SBI DEBT FUND SERIES - 366 DAYS - 22 - REGULAR PLAN - GROWTH;INF200K01PT4;;10.8906;N.A.;N.A.;15-Feb-2014
121923;SBI DEBT FUND SERIES - 366 DAYS - 23 - DIRECT PLAN - DIVIDEND;INF200K01VX4;;10.8035;N.A.;N.A.;15-Feb-2014
121924;SBI DEBT FUND SERIES - 366 DAYS - 23 - DIRECT PLAN - GROWTH;INF200K01VW6;;10.8035;N.A.;N.A.;15-Feb-2014
121926;SBI DEBT FUND SERIES - 366 DAYS - 23 - REGULAR PLAN - DIVIDEND;INF200K01VV8;;10.7985;N.A.;N.A.;15-Feb-2014
121925;SBI DEBT FUND SERIES - 366 DAYS - 23 - REGULAR PLAN - GROWTH;INF200K01VU0;;10.7985;N.A.;N.A.;15-Feb-2014
122011;SBI DEBT FUND SERIES - 366 DAYS - 24 - DIRECT PLAN - DIVIDEND;INF200K01WB8;;10.7824;N.A.;N.A.;15-Feb-2014
122012;SBI DEBT FUND SERIES - 366 DAYS - 24 - DIRECT PLAN - GROWTH;INF200K01WA0;;10.7822;N.A.;N.A.;15-Feb-2014
122013;SBI DEBT FUND SERIES - 366 DAYS - 24 - REGULAR PLAN - DIVIDEND;INF200K01VZ9;;10.7774;N.A.;N.A.;15-Feb-2014
122014;SBI DEBT FUND SERIES - 366 DAYS - 24 - REGULAR PLAN - GROWTH;INF200K01VY2;;10.7774;N.A.;N.A.;15-Feb-2014
122145;SBI DEBT FUND SERIES - 366 DAYS - 25 - DIRECT PLAN - DIVIDEND;INF200K01WF9;;10.7480;N.A.;N.A.;15-Feb-2014
122146;SBI DEBT FUND SERIES - 366 DAYS - 25 - DIRECT PLAN - GROWTH;INF200K01WE2;;10.7480;N.A.;N.A.;15-Feb-2014
122147;SBI DEBT FUND SERIES - 366 DAYS - 25 - REGULAR PLAN - DIVIDEND;INF200K01WD4;;10.7433;N.A.;N.A.;15-Feb-2014
122144;SBI DEBT FUND SERIES - 366 DAYS - 25 - REGULAR PLAN - GROWTH;INF200K01WC6;;10.7433;N.A.;N.A.;15-Feb-2014
122253;SBI DEBT FUND SERIES - 366 DAYS - 26 - DIRECT PLAN - DIVIDEND;INF200K01WJ1;;10.6626;N.A.;N.A.;15-Feb-2014
122254;SBI DEBT FUND SERIES - 366 DAYS - 26 - DIRECT PLAN - GROWTH;INF200K01WI3;;10.6626;N.A.;N.A.;15-Feb-2014
122255;SBI DEBT FUND SERIES - 366 DAYS - 26 - REGULAR PLAN - DIVIDEND;INF200K01WH5;;10.6581;N.A.;N.A.;15-Feb-2014
122256;SBI DEBT FUND SERIES - 366 DAYS - 26 - REGULAR PLAN - GROWTH;INF200K01WG7;;10.6581;N.A.;N.A.;15-Feb-2014
122348;SBI DEBT FUND SERIES - 366 DAYS - 27 - DIRECT PLAN - DIVIDEND;INF200K01WN3;;10.6448;N.A.;N.A.;15-Feb-2014
122349;SBI DEBT FUND SERIES - 366 DAYS - 27 - DIRECT PLAN - GROWTH;INF200K01WM5;;10.6448;N.A.;N.A.;15-Feb-2014
122346;SBI DEBT FUND SERIES - 366 DAYS - 27 - REGULAR PLAN - DIVIDEND;INF200K01WL7;;10.6404;N.A.;N.A.;15-Feb-2014
122347;SBI DEBT FUND SERIES - 366 DAYS - 27 - REGULAR PLAN - GROWTH;INF200K01WK9;;10.6404;N.A.;N.A.;15-Feb-2014
122406;SBI DEBT FUND SERIES - 366 DAYS - 28 - DIRECT PLAN - DIVIDEND;INF200K01WR4;;10.6566;N.A.;N.A.;15-Feb-2014
122407;SBI DEBT FUND SERIES - 366 DAYS - 28 - DIRECT PLAN - GROWTH;INF200K01WQ6;;10.6566;N.A.;N.A.;15-Feb-2014
122405;SBI DEBT FUND SERIES - 366 DAYS - 28 - REGULAR PLAN - DIVIDEND;INF200K01WP8;;10.6523;N.A.;N.A.;15-Feb-2014
122408;SBI DEBT FUND SERIES - 366 DAYS - 28 - REGULAR PLAN - GROWTH;INF200K01WO1;;10.6523;N.A.;N.A.;15-Feb-2014
122619;SBI DEBT FUND SERIES - 366 DAYS - 29 - DIRECT PLAN - DIVIDEND;INF200K01WV6;;N.A.;N.A.;N.A.;15-Feb-2014
122621;SBI DEBT FUND SERIES - 366 DAYS - 29 - DIRECT PLAN - GROWTH;INF200K01WU8;;10.5319;N.A.;N.A.;15-Feb-2014
122620;SBI DEBT FUND SERIES - 366 DAYS - 29 - REGULAR PLAN - DIVIDEND;INF200K01WT0;;10.5282;N.A.;N.A.;15-Feb-2014
122622;SBI DEBT FUND SERIES - 366 DAYS - 29 - REGULAR PLAN - GROWTH;INF200K01WS2;;10.5282;N.A.;N.A.;15-Feb-2014
122788;SBI DEBT FUND SERIES - 366 DAYS - 30 - DIRECT PLAN - DIVIDEND;INF200K01YX8;;10.4760;N.A.;N.A.;15-Feb-2014
122790;SBI DEBT FUND SERIES - 366 DAYS - 30 - DIRECT PLAN - GROWTH;INF200K01YW0;;10.4760;N.A.;N.A.;15-Feb-2014
122791;SBI DEBT FUND SERIES - 366 DAYS - 30 - REGULAR PLAN - DIVIDEND;INF200K01YV2;;10.4726;N.A.;N.A.;15-Feb-2014
122789;SBI DEBT FUND SERIES - 366 DAYS - 30 - REGULAR PLAN - GROWTH;INF200K01YU4;;10.4726;N.A.;N.A.;15-Feb-2014
122812;SBI DEBT FUND SERIES - 366 DAYS - 31 - DIRECT PLAN - DIVIDEND;INF200K01ZB1;;10.4713;N.A.;N.A.;15-Feb-2014
122813;SBI DEBT FUND SERIES - 366 DAYS - 31 - DIRECT PLAN - GROWTH;INF200K01ZA3;;10.4713;N.A.;N.A.;15-Feb-2014
122814;SBI DEBT FUND SERIES - 366 DAYS - 31 - REGULAR PLAN - DIVIDEND;INF200K01YZ3;;10.4679;N.A.;N.A.;15-Feb-2014
122815;SBI DEBT FUND SERIES - 366 DAYS - 31 - REGULAR PLAN - GROWTH;INF200K01YY6;;10.4679;N.A.;N.A.;15-Feb-2014
122907;SBI DEBT FUND SERIES - 366 DAYS - 32 - DIRECT PLAN - DIVIDEND;INF200K01ZF2;;10.4118;N.A.;N.A.;15-Feb-2014
122905;SBI DEBT FUND SERIES - 366 DAYS - 32 - DIRECT PLAN - GROWTH;INF200K01ZE5;;10.4118;N.A.;N.A.;15-Feb-2014
122908;SBI DEBT FUND SERIES - 366 DAYS - 32 - REGULAR PLAN - DIVIDEND;INF200K01ZD7;;10.4087;N.A.;N.A.;15-Feb-2014
122906;SBI DEBT FUND SERIES - 366 DAYS - 32 - REGULAR PLAN - GROWTH;INF200K01ZC9;;10.4087;N.A.;N.A.;15-Feb-2014
122991;SBI DEBT FUND SERIES - 366 DAYS - 33 - DIRECT PLAN - DIVIDEND;INF200K01ZJ4;;10.4856;N.A.;N.A.;15-Feb-2014
122994;SBI DEBT FUND SERIES - 366 DAYS - 33 - DIRECT PLAN - GROWTH;INF200K01ZI6;;10.4856;N.A.;N.A.;15-Feb-2014
122993;SBI DEBT FUND SERIES - 366 DAYS - 33 - REGULAR PLAN - DIVIDEND;INF200K01ZH8;;10.4826;N.A.;N.A.;15-Feb-2014
122992;SBI DEBT FUND SERIES - 366 DAYS - 33 - REGULAR PLAN - GROWTH;INF200K01ZG0;;10.4826;N.A.;N.A.;15-Feb-2014
123167;SBI DEBT FUND SERIES - 366 DAYS - 34 - DIRECT PLAN - DIVIDEND;INF200K015P1;;10.5079;N.A.;N.A.;15-Feb-2014
123169;SBI DEBT FUND SERIES - 366 DAYS - 34 - DIRECT PLAN - GROWTH;INF200K014P4;;10.5079;N.A.;N.A.;15-Feb-2014
123170;SBI DEBT FUND SERIES - 366 DAYS - 34 - REGULAR PLAN - DIVIDEND;INF200K013P6;;10.4998;N.A.;N.A.;15-Feb-2014
123168;SBI DEBT FUND SERIES - 366 DAYS - 34 - REGULAR PLAN - GROWTH;INF200K012P8;;10.4998;N.A.;N.A.;15-Feb-2014
123321;SBI DEBT FUND SERIES - 366 DAYS - 35 - DIRECT PLAN - DIVIDEND;INF200K017O0;;10.5021;N.A.;N.A.;15-Feb-2014
123324;SBI DEBT FUND SERIES - 366 DAYS - 35 - DIRECT PLAN - GROWTH;INF200K016O2;;10.5021;N.A.;N.A.;15-Feb-2014
123323;SBI DEBT FUND SERIES - 366 DAYS - 35 - REGULAR PLAN - DIVIDEND;INF200K015O4;;10.4947;N.A.;N.A.;15-Feb-2014
123322;SBI DEBT FUND SERIES - 366 DAYS - 35 - REGULAR PLAN - GROWTH;INF200K014O7;;10.4947;N.A.;N.A.;15-Feb-2014
123497;SBI DEBT FUND SERIES - 366 DAYS - 36 - DIRECT PLAN - DIVIDEND;INF200K019P3;;10.5210;N.A.;N.A.;15-Feb-2014
123494;SBI DEBT FUND SERIES - 366 DAYS - 36 - DIRECT PLAN - GROWTH;INF200K018P5;;10.5210;N.A.;N.A.;15-Feb-2014
123496;SBI DEBT FUND SERIES - 366 DAYS - 36 - REGULAR PLAN - DIVIDEND;INF200K017P7;;10.5140;N.A.;N.A.;15-Feb-2014
123495;SBI DEBT FUND SERIES - 366 DAYS - 36 - REGULAR PLAN - GROWTH;INF200K016P9;;10.5140;N.A.;N.A.;15-Feb-2014
123728;SBI DEBT FUND SERIES - 366 DAYS - 37 - DIRECT PLAN - DIVIDEND;INF200K011R6;;10.5086;N.A.;N.A.;15-Feb-2014
123729;SBI DEBT FUND SERIES - 366 DAYS - 37 - DIRECT PLAN - GROWTH;INF200K010R8;;10.5086;N.A.;N.A.;15-Feb-2014
123731;SBI DEBT FUND SERIES - 366 DAYS - 37 - REGULAR PLAN - DIVIDEND;INF200K019Q1;;10.5026;N.A.;N.A.;15-Feb-2014
123730;SBI DEBT FUND SERIES - 366 DAYS - 37 - REGULAR PLAN - GROWTH;INF200K018Q3;;10.5026;N.A.;N.A.;15-Feb-2014
123996;SBI DEBT FUND SERIES - 366 DAYS - 38 - DIRECT PLAN - DIVIDEND;INF200K015R7;;10.5115;N.A.;N.A.;15-Feb-2014
123997;SBI DEBT FUND SERIES - 366 DAYS - 38 - DIRECT PLAN - GROWTH;INF200K014R0;;10.5115;N.A.;N.A.;15-Feb-2014
123998;SBI DEBT FUND SERIES - 366 DAYS - 38 - REGULAR PLAN - DIVIDEND;INF200K013R2;;10.5057;N.A.;N.A.;15-Feb-2014
123999;SBI DEBT FUND SERIES - 366 DAYS - 38 - REGULAR PLAN - GROWTH;INF200K012R4;;10.5057;N.A.;N.A.;15-Feb-2014
124369;SBI DEBT FUND SERIES - 366 DAYS - 39 - DIRECT PLAN - DIVIDEND;INF200K013S0;;10.4302;N.A.;N.A.;15-Feb-2014
124370;SBI DEBT FUND SERIES - 366 DAYS - 39 - DIRECT PLAN - GROWTH;INF200K012S2;;10.4302;N.A.;N.A.;15-Feb-2014
124371;SBI DEBT FUND SERIES - 366 DAYS - 39 - REGULAR PLAN - DIVIDEND;INF200K011S4;;10.4225;N.A.;N.A.;15-Feb-2014
124372;SBI DEBT FUND SERIES - 366 DAYS - 39 - REGULAR PLAN - GROWTH;INF200K010S6;;10.4225;N.A.;N.A.;15-Feb-2014
124527;SBI DEBT FUND SERIES - 366 DAYS - 40 - DIRECT PLAN - DIVIDEND;INF200K015T3;;10.4011;N.A.;N.A.;15-Feb-2014
124525;SBI DEBT FUND SERIES - 366 DAYS - 40 - DIRECT PLAN - GROWTH;INF200K014T6;;10.4011;N.A.;N.A.;15-Feb-2014
124526;SBI DEBT FUND SERIES - 366 DAYS - 40 - REGULAR PLAN - DIVIDEND;INF200K013T8;;10.3921;N.A.;N.A.;15-Feb-2014
124528;SBI DEBT FUND SERIES - 366 DAYS - 40 - REGULAR PLAN - GROWTH;INF200K012T0;;10.3921;N.A.;N.A.;15-Feb-2014
124726;SBI DEBT FUND SERIES - 366 DAYS - 41 - DIRECT PLAN - DIVIDEND;INF200K010U2;;10.3352;N.A.;N.A.;15-Feb-2014
124728;SBI DEBT FUND SERIES - 366 DAYS - 41 - DIRECT PLAN - GROWTH;INF200K019T5;;10.3352;N.A.;N.A.;15-Feb-2014
124727;SBI DEBT FUND SERIES - 366 DAYS - 41 - REGULAR PLAN - DIVIDEND;INF200K018T7;;10.3270;N.A.;N.A.;15-Feb-2014
124729;SBI DEBT FUND SERIES - 366 DAYS - 41 - REGULAR PLAN - GROWTH;INF200K016T1;;10.3270;N.A.;N.A.;15-Feb-2014
124938;SBI DEBT FUND SERIES - 366 DAYS - 42 - DIRECT PLAN - DIVIDEND;INF200K012V6;;10.2374;N.A.;N.A.;15-Feb-2014
124940;SBI DEBT FUND SERIES - 366 DAYS - 42 - DIRECT PLAN - GROWTH;INF200K011V8;;10.2374;N.A.;N.A.;15-Feb-2014
124939;SBI DEBT FUND SERIES - 366 DAYS - 42 - REGULAR PLAN - DIVIDEND;INF200K010V0;;10.2301;N.A.;N.A.;15-Feb-2014
124941;SBI DEBT FUND SERIES - 366 DAYS - 42 - REGULAR PLAN - GROWTH;INF200K019U3;;10.2301;N.A.;N.A.;15-Feb-2014
125138;SBI DEBT FUND SERIES - 366 DAYS - 43 - DIRECT PLAN - DIVIDEND;INF200K01C35;;10.2080;N.A.;N.A.;15-Feb-2014
125139;SBI DEBT FUND SERIES - 366 DAYS - 43 - DIRECT PLAN - GROWTH;INF200K01C27;;10.2080;N.A.;N.A.;15-Feb-2014
125140;SBI DEBT FUND SERIES - 366 DAYS - 43 - REGULAR PLAN - DIVIDEND;INF200K01C19;;10.2032;N.A.;N.A.;15-Feb-2014
125141;SBI DEBT FUND SERIES - 366 DAYS - 43 - REGULAR PLAN - GROWTH;INF200K01C01;;10.2032;N.A.;N.A.;15-Feb-2014
125243;SBI DEBT FUND SERIES - 366 DAYS - 44 - DIRECT PLAN - DIVIDEND;INF200K011X4;;10.2019;N.A.;N.A.;15-Feb-2014
125244;SBI DEBT FUND SERIES - 366 DAYS - 44 - DIRECT PLAN - GROWTH;INF200K010X6;;10.2019;N.A.;N.A.;15-Feb-2014
125246;SBI DEBT FUND SERIES - 366 DAYS - 44 - REGULAR PLAN - DIVIDEND;INF200K019W9;;10.1973;N.A.;N.A.;15-Feb-2014
125245;SBI DEBT FUND SERIES - 366 DAYS - 44 - REGULAR PLAN - GROWTH;INF200K018W1;;10.1973;N.A.;N.A.;15-Feb-2014
125406;SBI DEBT FUND SERIES - 366 DAYS - 45 - DIRECT PLAN - DIVIDEND;INF200K014Y6;;10.1816;N.A.;N.A.;15-Feb-2014
125409;SBI DEBT FUND SERIES - 366 DAYS - 45 - DIRECT PLAN - GROWTH;INF200K015Y3;;10.1816;N.A.;N.A.;15-Feb-2014
125407;SBI DEBT FUND SERIES - 366 DAYS - 45 - REGULAR PLAN - DIVIDEND;INF200K016Y1;;10.1776;N.A.;N.A.;15-Feb-2014
125408;SBI DEBT FUND SERIES - 366 DAYS - 45 - REGULAR PLAN - GROWTH;INF200K017Y9;;10.1776;N.A.;N.A.;15-Feb-2014
125519;SBI DEBT FUND SERIES - 366 DAYS - 46 - DIRECT PLAN - DIVIDEND;INF200K012Z7;;10.1625;N.A.;N.A.;15-Feb-2014
125522;SBI DEBT FUND SERIES - 366 DAYS - 46 - DIRECT PLAN - GROWTH;INF200K013Z5;;10.1627;N.A.;N.A.;15-Feb-2014
125520;SBI DEBT FUND SERIES - 366 DAYS - 46 - REGULAR PLAN - DIVIDEND;INF200K014Z3;;10.1590;N.A.;N.A.;15-Feb-2014
125521;SBI DEBT FUND SERIES - 366 DAYS - 46 - REGULAR PLAN - GROWTH;INF200K015Z0;;10.1590;N.A.;N.A.;15-Feb-2014
125657;SBI DEBT FUND SERIES - 366 DAYS - 47 - DIRECT PLAN - DIVIDEND;INF200KA1077;;10.1560;N.A.;N.A.;15-Feb-2014
125658;SBI DEBT FUND SERIES - 366 DAYS - 47 - DIRECT PLAN - GROWTH;INF200KA1085;;10.1560;N.A.;N.A.;15-Feb-2014
125659;SBI DEBT FUND SERIES - 366 DAYS - 47 - REGULAR PLAN - DIVIDEND;INF200KA1093;;10.1511;N.A.;N.A.;15-Feb-2014
125660;SBI DEBT FUND SERIES - 366 DAYS - 47 - REGULAR PLAN - GROWTH;INF200KA1101;;10.1511;N.A.;N.A.;15-Feb-2014
125793;SBI DEBT FUND SERIES - 366 DAYS - 48 - DIRECT PLAN - DIVIDEND;INF200KA1192;;10.1168;N.A.;N.A.;15-Feb-2014
125794;SBI DEBT FUND SERIES - 366 DAYS - 48 - DIRECT PLAN - GROWTH;INF200KA1200;;10.1168;N.A.;N.A.;15-Feb-2014
125795;SBI DEBT FUND SERIES - 366 DAYS - 48 - REGULAR PLAN - DIVIDEND;INF200KA1218;;10.1141;N.A.;N.A.;15-Feb-2014
125796;SBI DEBT FUND SERIES - 366 DAYS - 48 - REGULAR PLAN - GROWTH;INF200KA1226;;10.1141;N.A.;N.A.;15-Feb-2014
126093;SBI DEBT FUND SERIES - 366 DAYS - 49 - DIRECT PLAN - DIVIDEND;INF200KA1275;;10.1043;N.A.;N.A.;15-Feb-2014
126094;SBI DEBT FUND SERIES - 366 DAYS - 49 - DIRECT PLAN - GROWTH;INF200KA1283;;10.1043;N.A.;N.A.;15-Feb-2014
126096;SBI DEBT FUND SERIES - 366 DAYS - 49 - REGULAR PLAN - DIVIDEND;INF200KA1291;;10.1018;N.A.;N.A.;15-Feb-2014
126095;SBI DEBT FUND SERIES - 366 DAYS - 49 - REGULAR PLAN - GROWTH;INF200KA1309;;10.1018;N.A.;N.A.;15-Feb-2014
126511;SBI DEBT FUND SERIES - 366 DAYS - 50 - DIRECT PLAN - DIVIDEND;INF200K01L59;;10.0498;N.A.;N.A.;15-Feb-2014
126512;SBI DEBT FUND SERIES - 366 DAYS - 50 - DIRECT PLAN - GROWTH;INF200K01L42;;10.0498;N.A.;N.A.;15-Feb-2014
126514;SBI DEBT FUND SERIES - 366 DAYS - 50 - REGULAR PLAN - DIVIDEND;INF200K01L34;;10.0482;N.A.;N.A.;15-Feb-2014
126513;SBI DEBT FUND SERIES - 366 DAYS - 50 - REGULAR PLAN - GROWTH;INF200K01L26;;10.0482;N.A.;N.A.;15-Feb-2014
126750;SBI DEBT FUND SERIES - 366 DAYS - 51 DIRECT PLAN - DIVIDEND;INF200KA1358;;10.0157;N.A.;N.A.;15-Feb-2014
126748;SBI DEBT FUND SERIES - 366 DAYS - 51 DIRECT PLAN - GROWTH;INF200KA1366;;10.0157;N.A.;N.A.;15-Feb-2014
126747;SBI DEBT FUND SERIES - 366 DAYS - 51 REGULAR PLAN - DIVIDEND;INF200KA1374;;10.0147;N.A.;N.A.;15-Feb-2014
126749;SBI DEBT FUND SERIES - 366 DAYS - 51 REGULAR PLAN - GROWTH;INF200KA1382;;10.0147;N.A.;N.A.;15-Feb-2014
113321;SBI Debt Fund Series - 60 Months - 1 - Dividend;INF200K01CQ8;;12.7794;N.A.;N.A.;15-Feb-2014
113401;SBI Debt Fund Series - 60 Months - 1 - Growth;INF200K01CP0;;12.7793;N.A.;N.A.;15-Feb-2014
118220;SBI DEBT FUND SERIES - 60 MONTHS - 2 - DIVIDEND;INF200K01QD6;;10.7188;N.A.;N.A.;15-Feb-2014
118221;SBI DEBT FUND SERIES - 60 MONTHS - 2 - GROWTH;INF200K01QC8;;10.7188;N.A.;N.A.;15-Feb-2014
120901;SBI DEBT FUND SERIES - 60 MONTHS - 3 - DIRECT PLAN - DIVIDEND;INF200K01QQ8;;10.6531;N.A.;N.A.;15-Feb-2014
120900;SBI DEBT FUND SERIES - 60 MONTHS - 3 - DIRECT PLAN - GROWTH;INF200K01QP0;;10.6531;N.A.;N.A.;15-Feb-2014
120899;SBI DEBT FUND SERIES - 60 MONTHS - 3 - REGULAR PLAN - DIVIDEND;INF200K01QF1;;10.5943;N.A.;N.A.;15-Feb-2014
120898;SBI DEBT FUND SERIES - 60 MONTHS - 3 - REGULAR PLAN - GROWTH;INF200K01QE4;;10.5943;N.A.;N.A.;15-Feb-2014
125789;SBI DEBT FUND SERIES - 90 DAYS - 81 - DIRECT PLAN - DIVIDEND;INF200K01F99;;10.1563;N.A.;N.A.;15-Feb-2014
125790;SBI DEBT FUND SERIES - 90 DAYS - 81 - DIRECT PLAN - GROWTH;INF200K01F81;;10.1563;N.A.;N.A.;15-Feb-2014
125791;SBI DEBT FUND SERIES - 90 DAYS - 81 - REGULAR PLAN - DIVIDEND;INF200K01F73;;10.1544;N.A.;N.A.;15-Feb-2014
125792;SBI DEBT FUND SERIES - 90 DAYS - 81 - REGULAR PLAN - GROWTH;INF200K01F65;;10.1544;N.A.;N.A.;15-Feb-2014
125968;SBI DEBT FUND SERIES - 90 DAYS - 82 - DIRECT PLAN - DIVIDEND;INF200K01G31;;10.1423;N.A.;N.A.;15-Feb-2014
125965;SBI DEBT FUND SERIES - 90 DAYS - 82 - DIRECT PLAN - GROWTH;INF200K01G23;;10.1423;N.A.;N.A.;15-Feb-2014
125966;SBI DEBT FUND SERIES - 90 DAYS - 82 - REGULAR PLAN - DIVIDEND;INF200K01G15;;10.1415;N.A.;N.A.;15-Feb-2014
125967;SBI DEBT FUND SERIES - 90 DAYS - 82 - REGULAR PLAN - GROWTH;INF200K01G07;;10.1415;N.A.;N.A.;15-Feb-2014
126581;SBI DEBT FUND SERIES A - 1 DIRECT - GROWTH;INF200KA1AY0;;10.0403;N.A.;N.A.;15-Feb-2014
126582;SBI DEBT FUND SERIES A - 1 DIRECT PLAN - DIVIDEND;INF200KA1AZ7;;10.0402;N.A.;N.A.;15-Feb-2014
126580;SBI DEBT FUND SERIES A - 1 REGULAR PLAN - GROWTH;INF200KA1AW4;;10.0366;N.A.;N.A.;15-Feb-2014
126583;SBI DEBT FUND SERIES A - 1 REGULAR PLAN DIVIDEND;INF200KA1AX2;;10.0366;N.A.;N.A.;15-Feb-2014
126912;SBI DEBT FUND SERIES A - 2 DIRECT - GROWTH;INF200KA1CI9;;10.0085;N.A.;N.A.;15-Feb-2014
126913;SBI DEBT FUND SERIES A - 2 DIRECT PLAN - DIVIDEND;INF200KA1CJ7;;N.A.;N.A.;N.A.;15-Feb-2014
126915;SBI DEBT FUND SERIES A - 2 REGULAR PLAN - DIVIDEND;INF200KA1CH1;;10.0072;N.A.;N.A.;15-Feb-2014
126914;SBI DEBT FUND SERIES A - 2 REGULAR PLAN - GROWTH;INF200KA1CG3;;10.0072;N.A.;N.A.;15-Feb-2014
126466;SBI Dual Advantage Fund Series - I - Direct Plan - Dividend;INF200K01X55;;9.9663;N.A.;N.A.;15-Feb-2014
126465;SBI Dual Advantage Fund Series - I - Direct Plan - Growth;INF200K01X48;;9.9663;N.A.;N.A.;15-Feb-2014
126464;SBI Dual Advantage Fund Series - I - Regular Plan - Dividend;INF200K01X30;;9.9663;N.A.;N.A.;15-Feb-2014
126463;SBI Dual Advantage Fund Series - I - Regular Plan - Growth;INF200K01X22;;9.9663;N.A.;N.A.;15-Feb-2014
