Scheme Code;Scheme Name;ISIN Div Payout/ISIN Growth;ISIN Div Reinvestment;Net Asset Value;Repurchase Price;Sale Price;Date

Open Ended Schemes ( Liquid )


Sahara Mutual Fund
101397;Sahara Liquid Fund-Fixed Pricing -  Weekly Dividend Option;;INF515L01064;1027.4373;1027.4373;1027.4373;30-Dec-2017
101393;Sahara Liquid Fund-Fixed Pricing - Daily Dividend Option;;INF515L01049;1193.6884;1193.6884;1193.6884;30-Dec-2017
120265;Sahara Liquid Fund-Fixed Pricing - Direct - Weekly Dividend Option;;INF515L01668;1027.4373;1027.4373;1027.4373;30-Dec-2017
120262;Sahara Liquid Fund-Fixed Pricing - Direct -Growth option;INF515L01650;;2923.8346;2923.8346;2923.8346;30-Dec-2017
101394;Sahara Liquid Fund-Fixed Pricing - Growth option;INF515L01056;;2921.0886;2921.0886;2921.0886;30-Dec-2017
101398;Sahara Liquid Fund-Fixed Pricing - Monthly Dividend Option;;INF515L01072;1043.3721;1043.3721;1043.3721;30-Dec-2017
120253;Sahara Liquid Fund-Fixed Pricing -Direct - Daily Dividend Option- Direct;;INF515L01643;1193.6884;1193.6884;1193.6884;30-Dec-2017
120266;Sahara Liquid Fund-Fixed Pricing -Direct - Monthly Dividend Option;;INF515L01676;1043.3721;1043.3721;1043.3721;30-Dec-2017
101399;Sahara Liquid Fund-Variable Pricing - Daily Dividend option;;INF515L01080;1201.6313;1201.6313;1201.6313;30-Dec-2017
101402;Sahara Liquid Fund-Variable Pricing - Growth option;INF515L01114;;2980.3201;2980.3201;2980.3201;30-Dec-2017
101400;Sahara Liquid Fund-Variable Pricing - Weekly Dividend Option;;INF515L01098;1209.5664;1209.5664;1209.5664;30-Dec-2017
120271;Sahara Liquid Fund-Variable Pricing -Direct - Daily Dividend option;;INF515L01684;1038.8267;1038.8267;1038.8267;30-Dec-2017
120280;Sahara Liquid Fund-Variable Pricing -Direct - Growth option;INF515L01718;;2985.5589;2985.5589;2985.5589;30-Dec-2017
120272;Sahara Liquid Fund-Variable Pricing -Direct - Weekly Dividend Option;;INF515L01692;1209.5664;1209.5664;1209.5664;30-Dec-2017
120273;Sahara Liquid Fund-Variable Pricing- Direct - Monthly Dividend Option;;INF515L01700;1055.8972;1055.8972;1055.8972;30-Dec-2017
101401;Sahara Liquid Fund-Variable Pricing- Monthly Dividend Option;;INF515L01106;1222.6604;1222.6604;1222.6604;30-Dec-2017

Open Ended Schemes ( Equity Scheme - Large Cap Fund )


JM Financial Mutual Fund
134958;JM Large Cap Fund (Direct) - Annual IDCW;INF192K01JU4;INF192K01JV2;28.0948;28.0948;28.0948;30-Dec-2017
120490;JM Large Cap Fund (Direct) - Growth Option;INF192K01BZ0;;67.9929;67.9929;67.9929;30-Dec-2017
134957;JM Large Cap Fund (Direct) - Half Yearly IDCW ;INF192K01JR0;INF192K01JZ3;27.8961;27.8961;27.8961;30-Dec-2017
120489;JM Large Cap Fund (Direct) - IDCW;INF192K01BX5;INF192K01BY3;27.3828;27.3828;27.3828;30-Dec-2017
134956;JM Large Cap Fund (Direct) - Monthly IDCW ;INF192K01JJ7;INF192K01JK5;28.0948;28.0948;28.0948;30-Dec-2017
134960;JM Large Cap Fund (Direct) - Quarterly IDCW;INF192K01JN9;INF192K01JO7;28.0962;28.0962;28.0962;30-Dec-2017
134961;JM Large Cap Fund (Regular) - Annual IDCW;INF192K01JS8;INF192K01JT6;26.9504;26.9504;26.9504;30-Dec-2017
100219;JM Large Cap Fund (Regular) - Growth Option;INF192K01601;;64.4647;64.4647;64.4647;30-Dec-2017
134955;JM Large Cap Fund (Regular) - Half Yearly IDCW;INF192K01JP4;INF192K01JQ2;11.6946;11.6946;11.6946;30-Dec-2017
100218;JM Large Cap Fund (Regular) - IDCW ;INF192K01585;INF192K01593;26.2410;26.2410;26.2410;30-Dec-2017
134959;JM Large Cap Fund (Regular) - Monthly IDCW;INF192K01JH1;INF192K01JI9;21.6014;21.6014;21.6014;30-Dec-2017
134954;JM Large Cap Fund (Regular) - Quarterly IDCW;INF192K01JL3;INF192K01JM1;18.5059;18.5059;18.5059;30-Dec-2017

Open Ended Schemes ( Debt Scheme - Overnight Fund )


SBI Mutual Fund
119831;SBI Overnight Fund - Direct Plan - Daily Income Distribution cum Capital Withdrawal Option (IDCW);;INF200K01TJ7;1009.9100;1009.9100;1009.9100;30-Dec-2017
119833;SBI OVERNIGHT FUND - DIRECT PLAN - GROWTH;INF200K01TK5;;2865.4020;2865.4020;2865.4020;30-Dec-2017
119832;SBI Overnight Fund - Direct Plan - Weekly Income Distribution cum Capital Withdrawal Option (IDCW);INF200K01TL3;INF200K01TM1;1031.1904;1031.1904;1031.1904;30-Dec-2017
114297;SBI Overnight Fund - Regular Plan - Daily Income Distribution cum Capital Withdrawal Option (IDCW);;INF200K01LN6;1009.9100;1009.9100;1009.9100;30-Dec-2017
101206;SBI OVERNIGHT FUND - REGULAR PLAN - GROWTH;INF200K01LQ9;;2843.8893;2843.8893;2843.8893;30-Dec-2017
103140;SBI Overnight Fund - Regular Plan - Weekly Income Distribution cum Capital Withdrawal Option (IDCW);INF200K01LO4;INF200K01LP1;1031.1903;1031.1903;1031.1903;30-Dec-2017

Open Ended Schemes ( Debt Scheme - Liquid Fund )


Aditya Birla Sun Life Mutual Fund
100047;Aditya Birla Sun Life Liquid Fund - Growth;INF209K01RU9;;273.3815;273.3815;273.3815;30-Dec-2017
119568;Aditya Birla Sun Life Liquid Fund - Growth - Direct Plan;INF209K01VA3;;274.3859;274.3859;274.3859;30-Dec-2017
100046;Aditya Birla Sun Life Liquid Fund -Daily IDCW;INF209K01KQ2;INF209K01SQ5;100.2161;100.2161;100.2161;30-Dec-2017
119569;Aditya Birla Sun Life Liquid Fund -Direct - daily IDCW;INF209K01UZ2;;100.2164;100.2164;100.2164;30-Dec-2017
119571;Aditya Birla Sun Life Liquid Fund -DIRECT - IDCW;INF209K01VD7;;148.9719;148.9719;148.9719;30-Dec-2017
119570;Aditya Birla Sun Life Liquid Fund -Direct - weekly IDCW;INF209K01VC9;;100.2464;100.2464;100.2464;30-Dec-2017
100041;Aditya Birla Sun Life Liquid Fund -Institutional - IDCW;;INF209K01KN9;108.0458;108.0458;108.0458;30-Dec-2017
100048;Aditya Birla Sun Life Liquid Fund -Institutional - weekly  IDCW;INF209KA1LK7;INF209K01KY6;108.0908;108.0908;108.0908;30-Dec-2017
103885;Aditya Birla Sun Life Liquid Fund -Regular - IDCW;INF209KA1LI1;;114.3793;114.3793;114.3793;30-Dec-2017
100044;Aditya Birla Sun Life Liquid Fund -Retail - IDCW;;INF209K01KP4;163.7285;163.7285;163.7285;30-Dec-2017
100051;Aditya Birla Sun Life Liquid Fund -weekly IDCW;INF209K01KU4;INF209KA1LJ9;100.2461;100.2461;100.2461;30-Dec-2017
112014;Aditya Birla Sun Life Liquid Fund- Discipline Advantage Plan;INF209K01KZ3;;183.7469;183.7469;183.7469;30-Dec-2017
100043;Aditya Birla Sun Life Liquid Fund-Institutional (Growth);INF209K01RT1;;455.2624;455.2624;455.2624;30-Dec-2017
100042;Aditya Birla Sun Life Liquid Fund-Retail (Growth);INF209K01ME4;;443.6363;443.6363;443.6363;30-Dec-2017

Axis Mutual Fund
128954;Axis Liquid Fund - Direct plan - Bonus Option;INF846K01NH4;;1893.4120;1893.4120;1893.4120;30-Dec-2017
120388;Axis Liquid Fund - Direct Plan - Daily IDCW;;INF846K01DA0;1000.6413;1000.6413;1000.6413;30-Dec-2017
120389;Axis Liquid Fund - Direct Plan - Growth Option;INF846K01CX4;;1893.5304;1893.5304;1893.5304;30-Dec-2017
120391;Axis Liquid Fund - Direct Plan - Monthly IDCW;INF846K01CY2;INF846K01CZ9;1000.9907;1000.9907;1000.9907;30-Dec-2017
120390;Axis Liquid Fund - Direct Plan - Weekly IDCW;INF846K01DB8;INF846K01DC6;1002.8643;1002.8643;1002.8643;30-Dec-2017
112211;Axis Liquid Fund - Regular Plan - Daily IDCW;;INF846K01420;1000.8759;1000.8759;1000.8759;30-Dec-2017
112210;Axis Liquid Fund - Regular Plan - Growth Option;INF846K01412;;1887.1179;1887.1179;1887.1179;30-Dec-2017
112213;Axis Liquid Fund - Regular Plan - Monthly IDCW;INF846K01453;INF846K01461;1001.3556;1001.3556;1001.3556;30-Dec-2017
112212;Axis Liquid Fund - Regular Plan - Weekly IDCW;INF846K01438;INF846K01446;1002.8585;1002.8585;1002.8585;30-Dec-2017
112712;Axis Liquid Fund - Retail Plan - Daily IDCW;;INF846K01362;1000.6413;1000.6413;1000.6413;30-Dec-2017
112713;Axis Liquid Fund - Retail Plan - Growth Option;INF846K01354;;1794.2782;1794.2782;1794.2782;30-Dec-2017
112714;Axis Liquid Fund - Retail Plan - Monthly IDCW;INF846K01396;INF846K01404;1000.9255;1000.9255;1000.9255;30-Dec-2017
112715;Axis Liquid Fund - Retail Plan - Weekly IDCW;INF846K01370;INF846K01388;1001.2254;1001.2254;1001.2254;30-Dec-2017

Bandhan Mutual Fund
108692;BANDHAN LIQUID Fund - Regular Plan - Daily IDCW;INF194K01VZ4;INF194K01VY7;1001.2792;1001.2792;1001.2792;30-Dec-2017
108690;BANDHAN LIQUID Fund - Regular Plan - Growth;INF194K01VX9;;2067.2249;2067.2249;2067.2249;30-Dec-2017
108693;BANDHAN LIQUID Fund - Regular Plan - Monthly IDCW;INF194K01WF4;INF194K01WE7;1000.7560;1000.7560;1000.7560;30-Dec-2017
115489;BANDHAN LIQUID Fund - Regular Plan - Periodic IDCW;INF194K01WC1;INF194K01WB3;1363.1992;1363.1992;1363.1992;30-Dec-2017
108691;BANDHAN LIQUID Fund - Regular Plan - Weekly IDCW;INF194K01WI8;INF194K01WH0;1001.2812;1001.2812;1001.2812;30-Dec-2017
139582;BANDHAN LIQUID Fund - Unclaimed IDCW Less than 3 years;INF194KA14C0;;1.1041;1.1041;1.1041;30-Dec-2017
139583;BANDHAN LIQUID Fund - Unclaimed IDCW More than 3 years;INF194KA15C7;;1.0000;1.0000;1.0000;30-Dec-2017
139584;BANDHAN LIQUID Fund - Unclaimed Redemption Less than 3 years;INF194KA12C4;;1.1041;1.1041;1.1041;30-Dec-2017
139585;BANDHAN LIQUID Fund - Unclaimed Redemption More than 3 years;INF194KA13C2;;1.0000;1.0000;1.0000;30-Dec-2017
118365;BANDHAN LIQUID Fund -Direct Plan -Monthly IDCW;INF194K01J36;INF194K01J28;1007.4777;1007.4777;1007.4777;30-Dec-2017
118367;BANDHAN LIQUID Fund -Direct Plan -Weekly IDCW;INF194KB1JT8;INF194K01J51;1007.1567;1007.1567;1007.1567;30-Dec-2017
118366;BANDHAN LIQUID Fund -Direct Plan-Daily IDCW;;INF194K01I78;1001.8632;1001.8632;1001.8632;30-Dec-2017
118364;BANDHAN LIQUID Fund -Direct Plan-Growth;INF194K01I60;;2073.5015;2073.5015;2073.5015;30-Dec-2017
118363;BANDHAN LIQUID Fund -Direct Plan-Periodic IDCW;INF194K01J02;INF194K01I94;1281.5247;1281.5247;1281.5247;30-Dec-2017

Bank of India Mutual Fund
141887;BANK OF INDIA Liquid Fund  Unclaimed Dividend greater than  3 years;;;1000.0000;1000.0000;1000.0000;30-Dec-2017
141889;BANK OF INDIA Liquid Fund  Unclaimed Dividend Upto 3 years;;;1014.4877;1014.4877;1014.4877;30-Dec-2017
141888;BANK OF INDIA Liquid Fund  Unclaimed Redemption greater than  3 years;;;1000.0000;1000.0000;1000.0000;30-Dec-2017
141890;BANK OF INDIA Liquid Fund  Unclaimed Redemption Upto 3 years;;;1014.4874;1014.4874;1014.4874;30-Dec-2017
119368;BANK OF INDIA Liquid Fund- Direct Plan- Daily IDCW;;INF761K01CL0;1002.6483;1002.6483;1002.6483;30-Dec-2017
119369;BANK OF INDIA Liquid Fund- Direct Plan- Growth;INF761K01785;;1967.7012;1967.7012;1967.7012;30-Dec-2017
119370;BANK OF INDIA Liquid Fund- Direct Plan- Weekly IDCW;;INF761K01CM8;1062.3650;1062.3650;1062.3650;30-Dec-2017
111971;BANK OF INDIA Liquid Fund- Regular Plan- Daily IDCW;;INF761K01CO4;1002.1069;1002.1069;1002.1069;30-Dec-2017
109254;BANK OF INDIA Liquid Fund- Regular Plan- Growth;INF761K01306;;1957.9691;1957.9691;1957.9691;30-Dec-2017
109255;BANK OF INDIA Liquid Fund- Regular Plan- Weekly IDCW;;INF761K01CP1;1002.0691;1002.0691;1002.0691;30-Dec-2017

Canara Robeco Mutual Fund
118307;CANARA ROBECO LIQUID FUND - DIRECT PLAN - DAILY IDCW (Reinvestment);;INF760K01FS0;1005.5000;1005.5000;1005.5000;30-Dec-2017
118305;CANARA ROBECO LIQUID FUND - DIRECT PLAN - GROWTH OPTION;INF760K01FU6;;2065.4777;2065.4777;2065.4777;30-Dec-2017
118304;CANARA ROBECO LIQUID FUND - DIRECT PLAN - IDCW (Payout/Reinvestment);INF760K01FT8;;1478.7509;1478.7509;1478.7509;30-Dec-2017
118306;CANARA ROBECO LIQUID FUND - DIRECT PLAN - MONTHLY IDCW (Payout/Reinvestment);INF760K01FV4;INF760K01FW2;1000.5269;1000.5269;1000.5269;30-Dec-2017
118308;CANARA ROBECO LIQUID FUND - DIRECT PLAN - WEEKLY IDCW (Payout/Reinvestment);INF760K01FY8;INF760K01FX0;1000.5269;1000.5269;1000.5269;30-Dec-2017
109349;CANARA ROBECO LIQUID FUND - REGULAR PLAN - DAILY IDCW (Reinvestment);;INF760K01CU3;1005.5000;1005.5000;1005.5000;30-Dec-2017
109353;CANARA ROBECO LIQUID FUND - REGULAR PLAN - GROWTH OPTION;INF760K01CW9;;2061.2576;2061.2576;2061.2576;30-Dec-2017
109351;CANARA ROBECO LIQUID FUND - REGULAR PLAN - MONTHLY IDCW (Payout/Reinvestment);INF760K01CX7;INF760K01CY5;1000.5245;1000.5245;1000.5245;30-Dec-2017
109350;CANARA ROBECO LIQUID FUND - REGULAR PLAN - WEEKLY IDCW (Payout/Reinvestment);INF760K01BZ4;INF760K01CZ2;1000.5244;1000.5244;1000.5244;30-Dec-2017
139235;Canara Robeco Liquid Fund -Unclaimed Redemption and Dividend Plan -Direct Growth Option;INF760K01IC8;;1122.5734;1122.5734;1122.5734;30-Dec-2017

DSP Mutual Fund
119125;DSP Liquidity Fund - Direct Plan - Growth;INF740K01QL4;;2441.8654;2441.8654;2441.8654;30-Dec-2017
119124;DSP Liquidity Fund - Direct Plan - IDCW - Daily;;INF740KA1OB6;1000.9922;1000.9922;1000.9922;30-Dec-2017
119123;DSP Liquidity Fund - Direct Plan - IDCW - Weekly;INF740KA1OC4;INF740KA1OD2;1001.2034;1001.2034;1001.2034;30-Dec-2017
103347;DSP Liquidity Fund - Regular Plan - Growth;INF740K01FK9;;2431.3382;2431.3382;2431.3382;30-Dec-2017
103348;DSP Liquidity Fund - Regular Plan - IDCW - Weekly;INF740K01FM5;INF740K01FL7;1001.1979;1001.1979;1001.1979;30-Dec-2017
103349;DSP Liquidity Fund- Regular Plan - IDCW - Daily;;INF740KA1OE0;1000.9895;1000.9895;1000.9895;30-Dec-2017

Groww Mutual Fund
119135;Groww Liquid Fund ( formerly known as Indiabulls Liquid )Fund - Direct Plan - Growth Option;INF666M01451;;1668.8504;1668.8504;1668.8504;30-Dec-2017
119136;Groww Liquid Fund (formerly known as Indiabulls Liquid Fund) - Direct Plan- - Income Distribution cum capital withdrawal Option ( Reinvestment);;INF666M01469;1001.0600;1001.0600;1001.0600;30-Dec-2017
115991;Groww Liquid Fund (formerly known as Indiabulls Liquid Fund) - Regular Plan - Growth Option;INF666M01014;;1660.8243;1660.8243;1660.8243;30-Dec-2017
119138;Groww Liquid Fund (formerly known as Indiabulls Liquid Fund)- Direct Plan- Fortnightly - Income Distribution cum capital withdrawal Option (Payout & Reinvestment);INF666M01501;INF666M01485;1001.0037;1001.0037;1001.0037;30-Dec-2017
119139;Groww Liquid Fund (formerly known as Indiabulls Liquid Fund)- Direct Plan- Monthly - Income Distribution cum capital withdrawal Option (Payout & Reinvestment);INF666M01519;INF666M01493;1034.1477;1034.1477;1034.1477;30-Dec-2017
119137;Groww Liquid Fund (formerly known as Indiabulls Liquid Fund)- Direct Plan- Weekly - Income Distribution cum capital withdrawal Option (Payout & Reinvestment);INF666M01527;INF666M01477;1001.3184;1001.3184;1001.3184;30-Dec-2017
115992;Groww Liquid Fund (formerly known as Indiabulls Liquid Fund)- Regular Plan- - Income Distribution cum capital withdrawal Option (Reinvestment);;INF666M01022;1001.1451;1001.1451;1001.1451;30-Dec-2017
115995;Groww Liquid Fund (formerly known as Indiabulls Liquid Fund)- Regular Plan- Monthly - Income Distribution cum capital withdrawal Option (Payout & Reinvestment);INF666M01071;INF666M01055;1005.4489;1005.4489;1005.4489;30-Dec-2017
115993;Groww Liquid Fund (formerly known as Indiabulls Liquid Fund)- Regular Plan- Weekly - Income Distribution cum capital withdrawal Option (Payout & Reinvestment);INF666M01089;INF666M01030;1002.3789;1002.3789;1002.3789;30-Dec-2017
115994;Groww Liquid Fund (formerly known as Indiabulls Liquid) Fund- Regular Plan- Fortnightly - Income Distribution cum capital withdrawal Option (Payout & Reinvestment);INF666M01063;INF666M01048;1001.1187;1001.1187;1001.1187;30-Dec-2017

ICICI Prudential Mutual Fund
120197;ICICI Prudential Liquid Fund - Direct Plan - Growth;INF109K01Q49;;252.5835;252.5835;252.5835;30-Dec-2017
103340;ICICI Prudential Liquid Fund - Growth;INF109K01VQ1;;251.8925;251.8925;251.8925;30-Dec-2017
103344;ICICI Prudential Liquid Fund - Institutional Option - I;INF109K01VH0;;238.0557;238.0557;238.0557;30-Dec-2017
101750;ICICI Prudential Liquid Fund Retail Growth;INF109K01UQ3;;390.0374;390.0374;390.0374;30-Dec-2017
101751;ICICI Prudential Liquid Institutional Fund - Growth;INF109K01VF4;;400.0315;400.0315;400.0315;30-Dec-2017

Invesco Mutual Fund
122786;Invesco India Liquid Fund - Bonus Option;INF205K01UX5;;2342.5528;2342.5528;2342.5528;30-Dec-2017
104484;Invesco India Liquid Fund - Daily IDCW (Reinvestment);;INF205K01HN3;1001.6232;1001.6232;1001.6232;30-Dec-2017
120537;Invesco India Liquid Fund - Direct Plan - Growth;INF205K01MF9;;2350.4109;2350.4109;2350.4109;30-Dec-2017
120536;Invesco India Liquid Fund - Direct Plan - Monthly IDCW (Payout / Reinvestment);INF205K01MG7;INF205K01MH5;1022.3431;1022.3431;1022.3431;30-Dec-2017
120535;Invesco India Liquid Fund - Direct Plan - Weekly IDCW (Reinvestment);INF205KA1BE5;INF205K01MI3;1019.9979;1019.9979;1019.9979;30-Dec-2017
120534;Invesco India Liquid Fund - Direct Plan- Daily IDCW (Reinvestment);;INF205K01ME2;1000.79;1000.79;1000.79;30-Dec-2017
104486;Invesco India Liquid Fund - Growth;INF205K01HM5;;2342.5818;2342.5818;2342.5818;30-Dec-2017
104492;Invesco India Liquid Fund - Monthly IDCW (Payout / Reinvestment);INF205K01HQ6;INF205K01HP8;1003.3246;1003.3246;1003.3246;30-Dec-2017
104488;Invesco India Liquid Fund - Regular - Growth;INF205K01HG7;;2158.5767;2158.5767;2158.5767;30-Dec-2017
104489;Invesco India Liquid Fund - Regular - Weekly IDCW (Reinvestment);;INF205K01HH5;1001.5771;1001.5771;1001.5771;30-Dec-2017
139389;Invesco India Liquid Fund - Unclaimed Dividend Plan - Below 3 Years;;;1113.8071;1113.8071;1113.8071;30-Dec-2017
139387;Invesco India Liquid Fund - Unclaimed Redemption Plan - Below 3 years;;;1113.8076;1113.8076;1113.8076;30-Dec-2017
104485;Invesco India Liquid Fund - Weekly IDCW (Reinvestment);INF205KA1BD7;INF205K01HO1;1002.6698;1002.6698;1002.6698;30-Dec-2017

LIC Mutual Fund
120248;LIC MF Liquid Fund-Direct Plan-Daily IDCW;INF767K01DL5;INF767K01DM3;1098.0000;1098.0000;1098.0000;30-Dec-2017
120249;LIC MF Liquid Fund-Direct Plan-Growth;INF767K01DN1;;3096.4467;3096.4467;3096.4467;30-Dec-2017
101184;LIC MF Liquid Fund-Regular Plan-Daily IDCW;INF767K01IQ3;INF767K01IR1;1098.0000;1098.0000;1098.0000;30-Dec-2017
101185;LIC MF Liquid Fund-Regular Plan-Growth;INF767K01IS9;;3082.0645;3082.0645;3082.0645;30-Dec-2017

Nippon India Mutual Fund
100852;NIPPON INDIA LIQUID FUND - DAILY IDCW OPTION;;INF204K01UM1;1529.0295;1529.0295;1529.0295;30-Dec-2017
118695;NIPPON INDIA LIQUID FUND - DIRECT Plan - DAILY IDCW OPTION;;INF204K01ZG2;1529.0328;1529.0328;1529.0328;30-Dec-2017
118696;NIPPON INDIA LIQUID FUND - DIRECT Plan - MONTHLY IDCW OPTION;INF204K01ZI8;INF204K01ZJ6;1590.5801;1590.5801;1590.5801;30-Dec-2017
118698;NIPPON INDIA LIQUID FUND - DIRECT Plan - QUARTERLY IDCW OPTION;INF204K01ZK4;INF204K01ZL2;1007.6896;1007.6896;1007.6896;30-Dec-2017
118700;NIPPON INDIA LIQUID FUND - DIRECT Plan - WEEKLY IDCW OPTION;INF204KC1FN6;INF204K01ZM0;1530.5931;1530.5931;1530.5931;30-Dec-2017
118701;Nippon India Liquid Fund - Direct Plan Growth Plan - Growth Option;INF204K01ZH0;;4165.2484;4165.2484;4165.2484;30-Dec-2017
100855;NIPPON INDIA LIQUID FUND - MONTHLY IDCW OPTION;INF204K01UO7;INF204K01UP4;1587.2558;1587.2558;1587.2558;30-Dec-2017
112340;NIPPON INDIA LIQUID FUND - QUARTERLY IDCW OPTION;INF204K01UQ2;INF204K01UR0;1005.3976;1005.3976;1005.3976;30-Dec-2017
100837;Nippon India Liquid Fund - Retail Option - Growth Plan;INF204K01UL3;;3860.7843;3860.7843;3860.7843;30-Dec-2017
100842;NIPPON INDIA LIQUID FUND - RETAIL Plan - DAILY IDCW OPTION;;INF204K01UJ7;1524.5323;1524.5323;1524.5323;30-Dec-2017
100843;NIPPON INDIA LIQUID FUND - RETAIL plan - MONTHLY IDCW OPTION;INF204K01UT6;INF204K01UU4;1329.2027;1329.2027;1329.2027;30-Dec-2017
100844;NIPPON INDIA LIQUID FUND - RETAIL Plan - QUARTERLY IDCW OPTION;INF204K01UV2;INF204K01UW0;1217.8910;1217.8910;1217.8910;30-Dec-2017
100838;NIPPON INDIA LIQUID FUND - RETAIL Plan - WEEKLY IDCW OPTION;;INF204K01UK5;1034.3391;1034.3391;1034.3391;30-Dec-2017
100853;NIPPON INDIA LIQUID FUND - WEEKLY IDCW OPTION;INF204KC1FM8;INF204K01US8;1530.5898;1530.5898;1530.5898;30-Dec-2017
100851;Nippon India Liquid Fund -Growth Plan;INF204K01UN9;;4148.6962;4148.6962;4148.6962;30-Dec-2017
118610;Reliance Liquid Fund - Cash Plan - Direct Plan - Growth Plan - Growth Option;;;2757.4351;2757.4351;2757.4351;30-Dec-2017
118618;Reliance Liquid Fund - Cash Plan - Direct Plan Daily Dividend Reinvestment Option;;;1114.3732;1114.3732;1114.3732;30-Dec-2017
118609;Reliance Liquid Fund - Cash Plan - Direct Plan Monthly Dividend Plan;;;1003.9414;1003.9414;1003.9414;30-Dec-2017
118612;Reliance Liquid Fund - Cash Plan - Direct Plan Quarterly Dividend Plan;;;1011.3569;1011.3569;1011.3569;30-Dec-2017
118611;Reliance Liquid Fund - Cash Plan - Direct Plan Weekly Dividend Reinvestment Option;;;1091.9089;1091.9089;1091.9089;30-Dec-2017
100849;Reliance Liquid Fund-Cash Plan-Daily Dividend Reinvestment Option;;;1114.3442;1114.3442;1114.3442;30-Dec-2017
100845;Reliance Liquid Fund-Cash Plan-Growth Plan;;;2653.2483;2653.2483;2653.2483;30-Dec-2017
114251;Reliance Liquid Fund-Cash Plan-Monthly Dividend Plan;;;1002.0238;1002.0238;1002.0238;30-Dec-2017
114252;Reliance Liquid Fund-Cash Plan-Quarterly Dividend Plan;;;1005.1454;1005.1454;1005.1454;30-Dec-2017
100848;Reliance Liquid Fund-Cash Plan-Weekly Dividend Reinvestment Option;;;1091.8804;1091.8804;1091.8804;30-Dec-2017

Quantum Mutual Fund
103736;Quantum Liquid Fund - Direct Plan Daily IDCW;;INF082J01135;10.0072;10.0072;10.0072;30-Dec-2017
103734;Quantum Liquid Fund - Direct Plan Growth Option;INF082J01127;;23.5200;23.5200;23.5200;30-Dec-2017
103735;Quantum Liquid Fund - Direct Plan Monthly IDCW;INF082J01143;INF082J01200;10.0135;10.0135;10.0135;30-Dec-2017
141065;Quantum Liquid Fund - Regular Plan Daily IDCW;;INF082J01317;10.0058;10.0058;10.0058;30-Dec-2017
141066;Quantum Liquid Fund - Regular Plan Growth Option;INF082J01309;;23.5107;23.5107;23.5107;30-Dec-2017
141067;Quantum Liquid Fund - Regular Plan Monthly IDCW;INF082J01325;INF082J01333;10.0131;10.0131;10.0131;30-Dec-2017

SBI Mutual Fund
119804;SBI Liquid Fund - Direct Paln - Fortnightly Income Distribution cum Capital Withdrawal Option (IDCW);INF200K01UR8;INF200K01US6;1011.8588;1011.8588;1011.8588;30-Dec-2017
119805;SBI Liquid Fund - Direct Plan - Daily Income Distribution cum Capital Withdrawal Option (IDCW);;INF200K01UQ0;1003.2500;1003.2500;1003.2500;30-Dec-2017
119799;SBI Liquid Fund - Direct Plan - Weekly Income Distribution cum Capital Withdrawal Option (IDCW);INF200K01UU2;INF200K01UV0;1061.0596;1061.0596;1061.0596;30-Dec-2017
119800;SBI Liquid Fund - DIRECT PLAN -Growth;INF200K01UT4;;2677.1101;2677.1101;2677.1101;30-Dec-2017
105274;SBI Liquid Fund - Institutional - Growth;INF200K01LU1;;2694.0791;2694.0791;2694.0791;30-Dec-2017
105275;SBI Liquid Fund - Institutional Daily Income Distribution cum Capital Withdrawal Option (IDCW);;INF200K01LR7;1003.2500;1003.2500;1003.2500;30-Dec-2017
105279;SBI Liquid Fund - Institutional Fortnightly Income Distribution cum Capital Withdrawal Option (IDCW);INF200K01LS5;INF200K01LT3;1023.1633;1023.1633;1023.1633;30-Dec-2017
105278;SBI Liquid Fund - Institutional Weekly Income Distribution cum Capital Withdrawal Option (IDCW);INF200K01LV9;INF200K01LW7;1060.3503;1060.3503;1060.3503;30-Dec-2017
105281;SBI Liquid Fund - Regular Plan - Daily Income Distribution cum Capital Withdrawal Option (IDCW);;INF200K01LX5;1003.2500;1003.2500;1003.2500;30-Dec-2017
105283;SBI Liquid Fund - Regular Plan - Fortnightly Income Distribution cum Capital Withdrawal Option (IDCW);INF200K01LY3;INF200K01LZ0;1011.8588;1011.8588;1011.8588;30-Dec-2017
105282;SBI Liquid Fund - Regular Plan - Weekly Income Distribution cum Capital Withdrawal Option (IDCW);INF200K01MB9;INF200K01MC7;1061.0596;1061.0596;1061.0596;30-Dec-2017
105280;SBI Liquid Fund - REGULAR PLAN -Growth;INF200K01MA1;;2668.9587;2668.9587;2668.9587;30-Dec-2017

Sundaram Mutual Fund
119690;Sundaram Money Fund Direct Plan - Bonus;INF903J01RL8;;12.8831;12.8831;12.8831;30-Dec-2017
119688;Sundaram Money Fund Direct Plan - Daily Reinvestment of Income Distribution cum Capital Withdrawal (IDCW);;INF903J01QA3;10.1025;10.1025;10.1025;30-Dec-2017
119692;Sundaram Money Fund Direct Plan - Fortnightly Reinvestment of Income Distribution cum Capital Withdrawal (IDCW);;INF903J01QB1;25.9176;25.9176;25.9176;30-Dec-2017
119686;Sundaram Money Fund Direct Plan - Growth;INF903J01QF2;;35.9995;35.9995;35.9995;30-Dec-2017
119687;Sundaram Money Fund Direct Plan - Monthly Income Distribution cum Capital Withdrawal (IDCW);INF903J01QC9;INF903J01QD7;10.6660;10.6660;10.6660;30-Dec-2017
119689;Sundaram Money Fund Direct Plan - Quarterly Reinvestment of Income Distribution cum Capital Withdrawal (IDCW);;INF903J01QE5;34.6822;34.6822;34.6822;30-Dec-2017
119691;Sundaram Money Fund Direct Plan - Weekly Reinvestment of Income Distribution cum Capital Withdrawal (IDCW);;INF903J01QG0;11.6829;11.6829;11.6829;30-Dec-2017
102701;Sundaram Money Fund Institutional Plan - Daily Reinvestment of Income Distribution cum Capital Withdrawal (IDCW);;INF903J01GP2;10.0953;10.0953;10.0953;30-Dec-2017
102703;Sundaram Money Fund Institutional Plan - Growth;INF903J01GN7;;34.9758;34.9758;34.9758;30-Dec-2017
118328;Sundaram Money Fund Regular Plan - Bonus;INF903J01MB0;;12.8203;12.8203;12.8203;30-Dec-2017
103392;Sundaram Money Fund Regular Plan - Daily Reinvestment of Income Distribution cum Capital Withdrawal (IDCW);;INF903J01GW8;10.0953;10.0953;10.0953;30-Dec-2017
103395;Sundaram Money Fund Regular Plan - Fortnightly Reinvestment of Income Distribution cum Capital Withdrawal (IDCW);;INF903J01GY4;10.9653;10.9653;10.9653;30-Dec-2017
103397;Sundaram Money Fund Regular Plan - Growth;INF903J01GU2;;35.8652;35.8652;35.8652;30-Dec-2017
103396;Sundaram Money Fund Regular Plan - Monthly Income Distribution cum Capital Withdrawal (IDCW);INF903J01GV0;INF903J01GZ1;10.5236;10.5236;10.5236;30-Dec-2017
103393;Sundaram Money Fund Regular Plan - Quarterly Reinvestment of Income Distribution cum Capital Withdrawal (IDCW);;INF903J01HA2;34.5935;34.5935;34.5935;30-Dec-2017
100620;Sundaram Money Fund Retail Plan - Daily Reinvestment of Income Distribution cum Capital Withdrawal (IDCW);;INF903J01GI7;10.0953;10.0953;10.0953;30-Dec-2017
100622;Sundaram Money Fund Retail Plan - Fortnightly Reinvestment of Income Distribution cum Capital Withdrawal (IDCW);;INF903J01GK3;10.9332;10.9332;10.9332;30-Dec-2017
100618;Sundaram Money Fund Retail Plan - Growth;INF903J01GG1;;33.5179;33.5179;33.5179;30-Dec-2017
100623;Sundaram Money Fund Retail Plan - Monthly Income Distribution cum Capital Withdrawal (IDCW);INF903J01GH9;INF903J01GL1;10.5367;10.5367;10.5367;30-Dec-2017
100619;Sundaram Money Fund Retail Plan - Quarterly Reinvestment of Income Distribution cum Capital Withdrawal (IDCW);;INF903J01GM9;12.1127;12.1127;12.1127;30-Dec-2017
100621;Sundaram Money Fund Retail Plan - Weekly Reinvestment of Income Distribution cum Capital Withdrawal (IDCW);;INF903J01GJ5;11.6212;11.6212;11.6212;30-Dec-2017
140006;Sundaram Money Fund Unclaimed Amount Plan - Unclaimed Dividend Less Than Three Years;INF903JA1567;;10.7941;10.7941;10.7941;30-Dec-2017
140005;Sundaram Money Fund Unclaimed Amount Plan - Unclaimed Dividend More Than Three Years;INF903JA1575;;10.0000;10.0000;10.0000;30-Dec-2017
140003;Sundaram Money Fund Unclaimed Amount Plan - Unclaimed Redemption Less Than Three Years;INF903JA1542;;10.8030;10.8030;10.8030;30-Dec-2017
140004;Sundaram Money Fund Unclaimed Amount Plan - Unclaimed Redemption More Than Three Years;INF903JA1559;;10.0000;10.0000;10.0000;30-Dec-2017
103394;Sundaram Money Fund Regular Plan - Weekly Reinvestment of Income Distribution cum Capital Withdrawal (IDCW);;INF903J01GX6;11.6638;11.6638;11.6638;30-Dec-2017

Tata Mutual Fund
102672;Tata Liquid Fund -Regular Plan - Growth Option;INF277K01YD8;;2679.8344;2679.8344;2679.8344;30-Dec-2017
119862;Tata Liquid Fund- Direct Plan - Daily Reinvestment of IDCW Option;;INF277K012D2;1001.5187;1001.5187;1001.5187;30-Dec-2017
119861;Tata Liquid Fund- Direct Plan-Growth Option;INF277K01YE6;;2690.5792;2690.5792;2690.5792;30-Dec-2017
101714;Tata Liquid Fund- Regular Plan - Daily Reinvestment of IDCW Option;;INF277K011D4;1001.5157;1001.5157;1001.5157;30-Dec-2017

Taurus Mutual Fund
111915;Taurus Liquid Fund - Regular Plan - SI Growth Option;INF044D01534;;1736.9376;1736.9376;1736.9376;30-Dec-2017
113248;Taurus Liquid Fund - Regular Plan - SI Weekly Dividend Option;;INF044D01526;995.1258;995.1258;995.1258;30-Dec-2017
111703;Taurus Liquid Fund - Regular Plan -SI Daily Dividend Option;;INF044D01518;994.7453;994.7453;994.7453;30-Dec-2017
118891;Taurus Liquid Fund-Direct Plan-SI Daily Dividend Option;;INF044D01DI0;995.5165;995.5165;995.5165;30-Dec-2017
118893;Taurus Liquid Fund-Direct Plan-SI Growth Option;INF044D01DK6;;1742.7609;1742.7609;1742.7609;30-Dec-2017
118892;Taurus Liquid Fund-Direct Plan-SI Weekly Dividend Option;;INF044D01DJ8;996.4174;996.4174;996.4174;30-Dec-2017
104240;Taurus Liquid Fund-Dividend;INF044D01542;INF044D01559;993.8795;993.8795;993.8795;30-Dec-2017
104241;Taurus Liquid Fund-Growth;INF044D01575;;2036.9686;2036.9686;2036.9686;30-Dec-2017

Union Mutual Fund
115401;Union Liquid Fund - Daily IDCW Option;;INF582M01021;1000.6489;1000.6489;1000.6489;30-Dec-2017
119301;Union Liquid Fund - Direct Plan - Daily IDCW Option;;INF582M01682;1000.6506;1000.6506;1000.6506;30-Dec-2017
119305;Union Liquid Fund - Direct Plan - Fortnightly IDCW Option;INF582M01724;INF582M01708;1001.0891;1001.0891;1001.0891;30-Dec-2017
119303;Union Liquid Fund - Direct Plan - Growth Option;INF582M01674;;1704.8342;1704.8342;1704.8342;30-Dec-2017
119302;Union Liquid Fund - Direct Plan - Monthly IDCW Option;INF582M01732;INF582M01716;1001.0907;1001.0907;1001.0907;30-Dec-2017
119304;Union Liquid Fund - Direct Plan - Weekly IDCW Option;;INF582M01690;1001.0898;1001.0898;1001.0898;30-Dec-2017
115399;Union Liquid Fund - Fortnightly IDCW Option;INF582M01062;INF582M01047;1001.0816;1001.0816;1001.0816;30-Dec-2017
115398;Union Liquid Fund - Growth Option;INF582M01013;;1696.4361;1696.4361;1696.4361;30-Dec-2017
115400;Union Liquid Fund - Monthly IDCW Option;INF582M01070;INF582M01054;1001.0817;1001.0817;1001.0817;30-Dec-2017
115402;Union Liquid Fund - Weekly IDCW Option;;INF582M01039;1001.0814;1001.0814;1001.0814;30-Dec-2017

UTI Mutual Fund
134427;UTI Liquid Fund - Direct Plan - Annual IDCW;INF789FA1K63;INF789FA1K71;1229.3996;1229.3996;1229.3996;30-Dec-2017
120558;UTI Liquid Fund - Direct Plan - Daily IDCW (Reinvestment);;INF789F01XP8;1019.4457;1019.4457;1019.4457;30-Dec-2017
140913;UTI Liquid Fund - Direct Plan - Fortnightly IDCW;INF789FA1K06;INF789FA1K14;1092.3064;1092.3064;0;30-Dec-2017
140504;UTI Liquid Fund - Direct Plan - Half-Yearly IDCW;INF789FA1K48;INF789FA1K55;1066.5616;1066.5616;0;30-Dec-2017
120794;UTI Liquid Fund - Direct Plan - Monthly IDCW;INF789F01XR4;INF789F01XS2;1029.878;1029.878;1029.878;30-Dec-2017
140024;UTI Liquid Fund - Direct Plan - Quarterly IDCW;INF789FA1K22;INF789FA1K30;1161.0744;1161.0744;0;30-Dec-2017
120777;UTI Liquid Fund - Direct Plan - Weekly IDCW;;INF789F01XT0;1053.5631;1053.5631;1053.5631;30-Dec-2017
133973;UTI Liquid Fund - Regular Plan - Annual IDCW;INF789FA1J66;INF789FA1J74;1229.1733;1229.1733;1229.1733;30-Dec-2017
102010;UTI Liquid Fund - Regular Plan - Daily IDCW (Reinvestment);;INF789F01PG3;1019.4457;1019.4457;1019.4457;30-Dec-2017
140517;UTI Liquid Fund - Regular Plan - Flexi IDCW;INF789FA1J82;INF789FA1J90;1013.0479;1013.0479;0;30-Dec-2017
139838;UTI Liquid Fund - Regular Plan - Fortnightly IDCW;INF789FA1J09;INF789FA1J17;1092.0238;1092.0238;0;30-Dec-2017
102011;UTI Liquid Fund - Regular Plan - Monthly IDCW;INF789F01PI9;INF789F01PJ7;1029.8561;1029.8561;1029.8561;30-Dec-2017
135721;UTI Liquid Fund - Regular Plan - Quarterly IDCW;INF789FA1J25;INF789FA1J33;1160.5578;1160.5578;0;30-Dec-2017
102013;UTI Liquid Fund - Regular Plan - Weekly IDCW;;INF789F01PK5;1053.5596;1053.5596;1053.5596;30-Dec-2017
120304;UTI-  Liquid Cash Plan - Direct Plan - Growth Option;INF789F01XQ6;;2795.4049;2795.4049;2795.4049;30-Dec-2017
102012;UTI-  Liquid Cash Plan - Regular Plan - Growth Option;INF789F01PH1;;2787.5688;2787.5688;2787.5688;30-Dec-2017
102008;UTI-  Liquid Cash Plan- Discontinued - Regular Plan - Monthly Dividend Option;INF789F01BC2;INF789F01BA6;1176.5253;1176.5253;0;30-Dec-2017
102009;UTI-  Liquid Cash Plan- Discontinued - Regular Plan -Growth;INF789F01BB4;;2625.1399;2625.1399;0;30-Dec-2017
102007;UTI-  Liquid Cash Plan- Discontinued -Regular Plan Periodic Dividend Option;;INF789F01AZ5;1136.2123;1136.2123;0;30-Dec-2017

Open Ended Schemes ( Debt Scheme - Ultra Short Duration Fund )


SBI Mutual Fund
119784;SBI Ultra Short Duration Fund - Direct Plan - Daily Income Distribution cum Capital Withdrawal Option (IDCW);;INF200K01TG3;1675.0300;1675.0300;1675.0300;30-Dec-2017
119828;SBI ULTRA SHORT DURATION FUND - DIRECT PLAN - GROWTH;INF200K01TF5;;3776.0089;3776.0089;3776.0089;30-Dec-2017
119829;SBI Ultra Short Duration Fund - Direct Plan - Weekly Income Distribution cum Capital Withdrawal Option (IDCW);INF200K01TH1;INF200K01TI9;1077.5805;1077.5805;1077.5805;30-Dec-2017
105080;SBI Ultra Short Duration Fund - Regular Plan - Daily Income Distribution cum Capital Withdrawal Option (IDCW);;INF200K01LK2;1675.0300;1675.0300;1675.0300;30-Dec-2017
100641;SBI ULTRA SHORT DURATION FUND - REGULAR PLAN - GROWTH;INF200K01LJ4;;3761.0123;3761.0123;3761.0123;30-Dec-2017
103884;SBI Ultra Short Duration Fund - Regular Plan - Weekly Income Distribution cum Capital Withdrawal Option (IDCW);INF200K01LM8;INF200K01LL0;1077.5805;1077.5805;1077.5805;30-Dec-2017

Open Ended Schemes ( Debt Scheme - Money Market Fund )


Nippon India Mutual Fund
103050;NIPPON INDIA MONEY MARKET FUND - DAILY IDCW Option;;INF204K01UY6;1000.6857;1000.6857;1000.6857;30-Dec-2017
118718;NIPPON INDIA MONEY MARKET FUND - DIRECT Plan - DAILY IDCW Option;;INF204K01ZN8;1000.6884;1000.6884;1000.6884;30-Dec-2017
118720;NIPPON INDIA MONEY MARKET FUND - DIRECT Plan - MONTHLY IDCW Option;INF204K01ZQ1;INF204K01ZR9;1002.6093;1002.6093;1002.6093;30-Dec-2017
118716;NIPPON INDIA MONEY MARKET FUND - DIRECT Plan - QUARTERLY IDCW Option;INF204K01ZS7;INF204K01ZT5;1004.9435;1004.9435;1004.9435;30-Dec-2017
118717;NIPPON INDIA MONEY MARKET FUND - DIRECT Plan - WEEKLY IDCW Option;;INF204K01ZO6;1000.7280;1000.7280;1000.7280;30-Dec-2017
118715;Nippon India Money Market Fund - Direct Plan Growth Plan - Bonus Option;INF204K01G11;;1512.5068;1512.5068;1512.5068;30-Dec-2017
118719;Nippon India Money Market Fund - Direct Plan Growth Plan - Growth Option;INF204K01ZP3;;2572.1954;2572.1954;2572.1954;30-Dec-2017
103052;NIPPON INDIA MONEY MARKET FUND - MONTHLY IDCW Option;INF204K01VB2;INF204K01VC0;1002.5858;1002.5858;1002.5858;30-Dec-2017
112341;NIPPON INDIA MONEY MARKET FUND - QUARTERLY IDCW Option;INF204K01VD8;INF204K01VE6;1005.1575;1005.1575;1005.1575;30-Dec-2017
103051;NIPPON INDIA MONEY MARKET FUND - WEEKLY IDCW Option;;INF204K01UZ3;1000.7526;1000.7526;1000.7526;30-Dec-2017
103049;Nippon India Money Market Fund-Growth Plan-Bonus Option;INF204K01UX8;;1505.9402;1505.9402;1505.9402;30-Dec-2017
103048;Nippon India Money Market Fund-Growth Plan-Growth Option;INF204K01VA4;;2560.8308;2560.8308;2560.8308;30-Dec-2017

Tata Mutual Fund
119421;Tata Money Market Fund- Direct Plan - Daily Reinvestment of IDCW Option;;INF277K011C6;1114.5200;1114.5200;1114.5200;30-Dec-2017
119424;Tata Money Market Fund- Direct Plan- Growth Option;INF277K01PR6;;3148.3661;3148.3661;3148.3661;30-Dec-2017
101986;Tata Money Market Fund- Regular Plan - Daily Reinvestment of IDCW Option;;INF277K014C0;1114.5200;1114.5200;1114.5200;30-Dec-2017
101847;Tata Money Market Fund-Regular Plan - Growth Option;INF277K01LQ7;;3137.0113;3137.0113;3137.0113;30-Dec-2017

UTI Mutual Fund
120299;UTI MMF - Direct Plan - Growth Option;INF789F01XV6;;1915.7177;1915.7177;1915.7177;30-Dec-2017
112077;UTI MMF - Regular Plan - Growth Option;INF789F01PX8;;1906.3753;1906.3753;1906.3753;30-Dec-2017
100724;UTI MMF- Discontinued - Regular Plan - Flexi Dividend Option;;INF789F01BD0;2459.6149;2459.6149;0;30-Dec-2017
100725;UTI MMF- Discontinued - Regular Plan - Periodic Dividend Option;INF789F01BE8;;1995.004;1995.004;0;30-Dec-2017
100723;UTI MMF-Discontinued - Regular Plan -Growth;INF789F01BF5;;4558.2688;4558.2688;0;30-Dec-2017
134973;UTI Money Market Fund - Direct Plan - Annual IDCW;INF789FA1N03;INF789FA1N11;1137.0591;1137.0591;0;30-Dec-2017
120772;UTI Money Market Fund - Direct Plan - Daily IDCW (Reinvestment);;INF789F01XU8;1003.3854;1003.3854;1003.3854;30-Dec-2017
135606;UTI Money Market Fund - Direct Plan - Fortnightly IDCW;INF789FA1M20;INF789FA1M38;1180.2116;1180.2116;0;30-Dec-2017
133387;UTI Money Market Fund - Direct Plan - Monthly IDCW;INF789FA1M46;INF789FA1M53;1111.9329;1111.9329;1111.9329;30-Dec-2017
120793;UTI Money Market Fund - Direct Plan - Weekly IDCW;INF789F01XW4;INF789F01XX2;1015.1042;1015.1042;1015.1042;30-Dec-2017
134972;UTI Money Market Fund - Regular Plan - Annual IDCW;INF789FA1L88;INF789FA1L96;1135.4775;1135.4775;0;30-Dec-2017
112076;UTI Money Market Fund - Regular Plan - Daily IDCW (Reinvestment);;INF789F01PW0;1003.3854;1003.3854;1003.3854;30-Dec-2017
135371;UTI Money Market Fund - Regular Plan - Fortnightly IDCW;INF789FA1L05;INF789FA1L13;1094.6764;1094.6764;0;30-Dec-2017
134763;UTI Money Market Fund - Regular Plan - Half-Yearly IDCW;INF789FA1L62;INF789FA1L70;1071.3372;1071.3372;0;30-Dec-2017
133484;UTI Money Market Fund - Regular Plan - Monthly IDCW;INF789FA1L21;INF789FA1L39;1041.7213;1041.7213;1041.7213;30-Dec-2017
139646;UTI Money Market Fund - Regular Plan - Quarterly IDCW;INF789FA1L47;INF789FA1L54;1015.3716;1015.3716;0;30-Dec-2017
112635;UTI Money Market Fund - Regular Plan - Weekly IDCW;INF789F01PY6;INF789F01PZ3;1015.0919;1015.0919;1015.0919;30-Dec-2017

Close Ended Schemes ( Income )


SBI Mutual Fund
126209;SBI DEBT FUND SERIES - 16 MONTHS - 2 - DIRECT PLAN - GROWTH;INF200KA1DM9;;13.6551;N.A.;N.A.;30-Dec-2017
126210;SBI DEBT FUND SERIES - 16 MONTHS - 2 - REGULAR PLAN - DIVIDEND;INF200KA1DL1;;13.5565;N.A.;N.A.;30-Dec-2017
126211;SBI DEBT FUND SERIES - 16 MONTHS - 2 - REGULAR PLAN - GROWTH;INF200KA1DK3;;13.5540;N.A.;N.A.;30-Dec-2017
127810;SBI DEBT FUND SERIES - 366 DAYS - 53 - DIRECT PLAN - DIVIDEND;INF200KA1606;;13.6008;N.A.;N.A.;30-Dec-2017
127811;SBI DEBT FUND SERIES - 366 DAYS - 53 - DIRECT PLAN - GROWTH;INF200KA1614;;13.6011;N.A.;N.A.;30-Dec-2017
127813;SBI DEBT FUND SERIES - 366 DAYS - 53 - REGULAR PLAN - GROWTH;INF200KA1630;;13.5264;N.A.;N.A.;30-Dec-2017
128165;SBI DEBT FUND SERIES - 366 DAYS - 54 - DIRECT PLAN - DIVIDEND;INF200KA1788;;13.6346;N.A.;N.A.;30-Dec-2017
128167;SBI DEBT FUND SERIES - 366 DAYS - 54 - REGULAR PLAN - DIVIDEND;INF200KA1804;;13.5040;N.A.;N.A.;30-Dec-2017
128168;SBI DEBT FUND SERIES - 366 DAYS - 54 - REGULAR PLAN - GROWTH;INF200KA1812;;13.5041;N.A.;N.A.;30-Dec-2017
128166;SBI DEBT FUND SERIES - 366 DAYS - 54- DIRECT PLAN - GROWTH;INF200KA1796;;13.6344;N.A.;N.A.;30-Dec-2017
120901;SBI DEBT FUND SERIES - 60 MONTHS - 3 - DIRECT PLAN - DIVIDEND;INF200K01QQ8;;14.9457;N.A.;N.A.;30-Dec-2017
120900;SBI DEBT FUND SERIES - 60 MONTHS - 3 - DIRECT PLAN - GROWTH;INF200K01QP0;;14.9457;N.A.;N.A.;30-Dec-2017
120899;SBI DEBT FUND SERIES - 60 MONTHS - 3 - REGULAR PLAN - DIVIDEND;INF200K01QF1;;14.5648;N.A.;N.A.;30-Dec-2017
120898;SBI DEBT FUND SERIES - 60 MONTHS - 3 - REGULAR PLAN - GROWTH;INF200K01QE4;;14.5648;N.A.;N.A.;30-Dec-2017
128388;SBI DEBT FUND SERIES A - 11 DIRECT PLAN - GROWTH;INF200KA1AE2;;13.4977;N.A.;N.A.;30-Dec-2017
128390;SBI DEBT FUND SERIES A - 11 REGULAR PLAN - GROWTH;INF200KA1AC6;;13.2757;N.A.;N.A.;30-Dec-2017
128674;SBI DEBT FUND SERIES A - 13 DIRECT PLAN - GROWTH;INF200KA1960;;13.4120;N.A.;N.A.;30-Dec-2017
128671;SBI DEBT FUND SERIES A - 13 REGULAR PLAN - GROWTH;INF200KA1945;;13.2720;N.A.;N.A.;30-Dec-2017
128693;SBI DEBT FUND SERIES A - 14 DIRECT PLAN - GROWTH;INF200KA1AI3;;13.4316;N.A.;N.A.;30-Dec-2017
128695;SBI DEBT FUND SERIES A - 14 REGULAR PLAN - GROWTH;INF200KA1AG7;;13.2149;N.A.;N.A.;30-Dec-2017
128931;SBI DEBT FUND SERIES A - 16 DIRECT PLAN - GROWTH;INF200KA1AA0;;13.2912;N.A.;N.A.;30-Dec-2017
128933;SBI DEBT FUND SERIES A - 16 REGULAR PLAN - GROWTH;INF200KA1986;;13.2584;N.A.;N.A.;30-Dec-2017
129120;SBI DEBT FUND SERIES A - 17 DIRECT PLAN - DIVIDEND;INF200KA1AV6;;13.2757;N.A.;N.A.;30-Dec-2017
129117;SBI DEBT FUND SERIES A - 17 DIRECT PLAN - GROWTH;INF200KA1AU8;;13.2956;N.A.;N.A.;30-Dec-2017
129119;SBI DEBT FUND SERIES A - 17 REGULAR PLAN - DIVIDEND;INF200KA1AT0;;13.2298;N.A.;N.A.;30-Dec-2017
129118;SBI DEBT FUND SERIES A - 17 REGULAR PLAN - GROWTH;INF200KA1AS2;;13.2299;N.A.;N.A.;30-Dec-2017
129391;SBI DEBT FUND SERIES A - 20 DIRECT PLAN - DIVIDEND;INF200KA1BT8;;13.3384;N.A.;N.A.;30-Dec-2017
129392;SBI DEBT FUND SERIES A - 20 DIRECT PLAN - GROWTH;INF200KA1BS0;;13.3398;N.A.;N.A.;30-Dec-2017
129394;SBI DEBT FUND SERIES A - 20 REGULAR PLAN - GROWTH;INF200KA1BQ4;;13.2887;N.A.;N.A.;30-Dec-2017
129443;SBI DEBT FUND SERIES A - 21 DIRECT PLAN - GROWTH;INF200KA1BW2;;13.2951;N.A.;N.A.;30-Dec-2017
129444;SBI DEBT FUND SERIES A - 21 REGULAR PLAN - GROWTH;INF200KA1BU6;;13.2425;N.A.;N.A.;30-Dec-2017
129658;SBI DEBT FUND SERIES A - 22 DIRECT PLAN - DIVIDEND;INF200KA1CV2;;13.3239;N.A.;N.A.;30-Dec-2017
129661;SBI DEBT FUND SERIES A - 22 DIRECT PLAN - GROWTH;INF200KA1CU4;;13.3248;N.A.;N.A.;30-Dec-2017
129660;SBI DEBT FUND SERIES A - 22 REGULAR PLAN - GROWTH;INF200KA1CS8;;13.2550;N.A.;N.A.;30-Dec-2017
129663;SBI DEBT FUND SERIES A - 23 DIRECT PLAN - GROWTH;INF200K010H9;;13.4694;N.A.;N.A.;30-Dec-2017
129664;SBI DEBT FUND SERIES A - 23 REGULAR PLAN - DIVIDEND;INF200K019G2;;13.3196;N.A.;N.A.;30-Dec-2017
129665;SBI DEBT FUND SERIES A - 23 REGULAR PLAN - GROWTH;INF200K018G4;;13.3199;N.A.;N.A.;30-Dec-2017
129708;SBI DEBT FUND SERIES A - 24 DIRECT PLAN - GROWTH;INF200KA1DQ0;;13.3076;N.A.;N.A.;30-Dec-2017
129710;SBI DEBT FUND SERIES A - 24 REGULAR PLAN - GROWTH;INF200KA1DO5;;13.2376;N.A.;N.A.;30-Dec-2017
129848;SBI DEBT FUND SERIES A - 25 DIRECT PLAN - GROWTH;INF200KA1DU2;;13.2615;N.A.;N.A.;30-Dec-2017
129846;SBI DEBT FUND SERIES A - 25 REGULAR PLAN - DIVIDEND;INF200KA1DT4;;13.2055;N.A.;N.A.;30-Dec-2017
129847;SBI DEBT FUND SERIES A - 25 REGULAR PLAN - GROWTH;INF200KA1DS6;;13.2032;N.A.;N.A.;30-Dec-2017
129869;SBI DEBT FUND SERIES A - 26 (682 DAYS) DIRECT PLAN - GROWTH;INF200K012I3;;13.1754;N.A.;N.A.;30-Dec-2017
129871;SBI DEBT FUND SERIES A - 26 (682 DAYS) REGULAR PLAN - GROWTH;INF200K010I7;;13.0561;N.A.;N.A.;30-Dec-2017
129972;SBI DEBT FUND SERIES A - 27 (366 DAYS) DIRECT PLAN - GROWTH;INF200KA1EF1;;13.2090;N.A.;N.A.;30-Dec-2017
129974;SBI DEBT FUND SERIES A - 27 (366 DAYS) REGULAR PLAN - GROWTH;INF200KA1EH7;;13.1549;N.A.;N.A.;30-Dec-2017
130026;SBI DEBT FUND SERIES A - 28 (367 DAYS) - DIRECT PLAN - GROWTH;INF200KA1EO3;;13.2058;N.A.;N.A.;30-Dec-2017
130025;SBI DEBT FUND SERIES A - 28 (367 DAYS) - REGULAR PLAN - GROWTH;INF200KA1EM7;;13.1543;N.A.;N.A.;30-Dec-2017
130238;SBI DEBT FUND SERIES A - 31 (367 DAYS) DIRECT PLAN - GROWTH;INF200KA1EW6;;13.1146;N.A.;N.A.;30-Dec-2017
130237;SBI DEBT FUND SERIES A - 31 (367 DAYS) REGULAR PLAN - GROWTH;INF200KA1EU0;;13.0676;N.A.;N.A.;30-Dec-2017
130283;SBI DEBT FUND SERIES A - 32 (367 DAYS) DIRECT PLAN - GROWTH;INF200KA1FA9;;13.0960;N.A.;N.A.;30-Dec-2017
130284;SBI DEBT FUND SERIES A - 32 (367 DAYS) REGULAR PLAN - DIVIDEND;INF200KA1EZ9;;13.0493;N.A.;N.A.;30-Dec-2017
130281;SBI DEBT FUND SERIES A - 32 (367 DAYS) REGULAR PLAN - GROWTH;INF200KA1EY2;;13.0491;N.A.;N.A.;30-Dec-2017
130322;SBI DEBT FUND SERIES A - 34 (367 DAYS) DIRECT PLAN - GROWTH;INF200KA1FE1;;13.0835;N.A.;N.A.;30-Dec-2017
130323;SBI DEBT FUND SERIES A - 34 (367 DAYS) REGULAR PLAN - GROWTH;INF200KA1FC5;;13.0367;N.A.;N.A.;30-Dec-2017
130445;SBI DEBT FUND SERIES A - 35 (369 DAYS) DIRECT PLAN - GROWTH;INF200KA1FM4;;13.1826;N.A.;N.A.;30-Dec-2017
130442;SBI DEBT FUND SERIES A - 35 (369 DAYS) REGULAR PLAN - GROWTH;INF200KA1FK8;;13.0609;N.A.;N.A.;30-Dec-2017
130599;SBI DEBT FUND SERIES A - 36 (36 Months) DIRECT PLAN - DIVIDEND;INF200K017M4;;13.2665;N.A.;N.A.;30-Dec-2017
130601;SBI DEBT FUND SERIES A - 36 (36 Months) DIRECT PLAN - GROWTH;INF200K016M6;;13.2654;N.A.;N.A.;30-Dec-2017
130600;SBI DEBT FUND SERIES A - 36 (36 Months) REGULAR PLAN - DIVIDEND;INF200K015M8;;13.1202;N.A.;N.A.;30-Dec-2017
130602;SBI DEBT FUND SERIES A - 36 (36 Months) REGULAR PLAN - GROWTH;INF200K014M1;;13.1201;N.A.;N.A.;30-Dec-2017
127337;SBI DEBT FUND SERIES A - 4 DIRECT - GROWTH;INF200K01Z04;;13.6403;N.A.;N.A.;30-Dec-2017
127339;SBI DEBT FUND SERIES A - 4 REGULAR PLAN - GROWTH;INF200K01Y88;;13.4677;N.A.;N.A.;30-Dec-2017
127516;SBI DEBT FUND SERIES A - 5 DIRECT - GROWTH;INF200KA1AM5;;13.5902;N.A.;N.A.;30-Dec-2017
127515;SBI DEBT FUND SERIES A - 5 REGULAR PLAN - GROWTH;INF200KA1AK9;;13.4813;N.A.;N.A.;30-Dec-2017
128321;SBI DEBT FUND SERIES A - 9 DIRECT - GROWTH;INF200KA1713;;13.6384;N.A.;N.A.;30-Dec-2017
128323;SBI DEBT FUND SERIES A - 9 REGULAR PLAN - GROWTH;INF200KA1705;;13.5032;N.A.;N.A.;30-Dec-2017
134626;SBI Debt Fund Series B - 16 (1100 Days) - Direct Plan - Dividend;INF200KA1CN9;;12.3436;N.A.;N.A.;30-Dec-2017
134623;SBI Debt Fund Series B - 16 (1100 Days) - Regular Plan - Growth;INF200KA1CK5;;12.2321;N.A.;N.A.;30-Dec-2017
134624;SBI Debt Fund Series B -16 (1100 Days) - Direct Plan - Growth;INF200KA1CM1;;12.3436;N.A.;N.A.;30-Dec-2017
134625;SBI Debt Fund Series B -16 (1100 Days) - Regular Plan - Dividend;INF200KA1CL3;;12.2321;N.A.;N.A.;30-Dec-2017
134671;SBI DEBT FUND SERIES B - 17 (1100 DAYS) - DIRECT PLAN - DIVIDEND;INF200KA1CZ3;;12.3271;N.A.;N.A.;30-Dec-2017
134670;SBI DEBT FUND SERIES B - 17 (1100 DAYS) - DIRECT PLAN - GROWTH;INF200KA1CY6;;12.3260;N.A.;N.A.;30-Dec-2017
134669;SBI DEBT FUND SERIES B - 17 (1100 DAYS) - REGULAR PLAN - DIVIDEND;INF200KA1CX8;;12.2155;N.A.;N.A.;30-Dec-2017
134672;SBI DEBT FUND SERIES B - 17 (1100 DAYS) - REGULAR PLAN - GROWTH;INF200KA1CW0;;12.2155;N.A.;N.A.;30-Dec-2017
134688;SBI DEBT FUND SERIES B - 18 (1100 DAYS) - DIRECT PLAN - DIVIDEND;INF200KA1ED6;;12.2913;N.A.;N.A.;30-Dec-2017
134689;SBI DEBT FUND SERIES B - 18 (1100 DAYS) - DIRECT PLAN - GROWTH;INF200KA1EC8;;12.2888;N.A.;N.A.;30-Dec-2017
134687;SBI DEBT FUND SERIES B - 18 (1100 DAYS) - REGULAR PLAN - DIVIDEND;INF200KA1EB0;;12.1802;N.A.;N.A.;30-Dec-2017
134690;SBI DEBT FUND SERIES B - 18 (1100 DAYS) - REGULAR PLAN - GROWTH;INF200KA1EA2;;12.1794;N.A.;N.A.;30-Dec-2017
134771;SBI DEBT FUND SERIES B - 19 (1100 Days) - DIRECT PLAN - DIVIDEND;INF200KA1EI5;;12.3101;N.A.;N.A.;30-Dec-2017
134770;SBI DEBT FUND SERIES B - 19 (1100 Days) - DIRECT PLAN - GROWTH;INF200KA1EJ3;;12.3099;N.A.;N.A.;30-Dec-2017
134769;SBI DEBT FUND SERIES B - 19 (1100 Days) - REGULAR PLAN - DIVIDEND;INF200KA1EK1;;12.2019;N.A.;N.A.;30-Dec-2017
134768;SBI DEBT FUND SERIES B - 19 (1100 Days) - REGULAR PLAN - GROWTH;INF200KA1EL9;;12.2019;N.A.;N.A.;30-Dec-2017
134810;SBI DEBT FUND SERIES B - 20 (1100 DAYS) - DIRECT PLAN - DIVIDEND;INF200KA1ET2;;12.2935;N.A.;N.A.;30-Dec-2017
134809;SBI DEBT FUND SERIES B - 20 (1100 DAYS) - DIRECT PLAN - GROWTH;INF200KA1ES4;;12.2934;N.A.;N.A.;30-Dec-2017
134811;SBI DEBT FUND SERIES B - 20 (1100 DAYS) - REGULAR PLAN - DIVIDEND;INF200KA1ER6;;12.1863;N.A.;N.A.;30-Dec-2017
134808;SBI DEBT FUND SERIES B - 20 (1100 DAYS) - REGULAR PLAN - GROWTH;INF200KA1EQ8;;12.1863;N.A.;N.A.;30-Dec-2017
135065;SBI DEBT FUND SERIES B - 22 (1100 DAYS) - DIRECT PLAN - DIVIDEND;INF200KA1FR3;;12.1949;N.A.;N.A.;30-Dec-2017
135063;SBI DEBT FUND SERIES B - 22 (1100 DAYS) - DIRECT PLAN - GROWTH;INF200KA1FQ5;;12.1949;N.A.;N.A.;30-Dec-2017
135062;SBI DEBT FUND SERIES B - 22 (1100 DAYS) - REGULAR PLAN - DIVIDEND;INF200KA1FP7;;12.0920;N.A.;N.A.;30-Dec-2017
135064;SBI DEBT FUND SERIES B - 22 (1100 DAYS) - REGULAR PLAN - GROWTH;INF200KA1FO0;;12.0920;N.A.;N.A.;30-Dec-2017
135104;SBI DEBT FUND SERIES B - 23 (1100 DAYS) - DIRECT PLAN - GROWTH;INF200KA1FV5;;12.1542;N.A.;N.A.;30-Dec-2017
135103;SBI DEBT FUND SERIES B - 23 (1100 DAYS) - DIRECT PLAN -DIVIDEND;INF200KA1FW3;;12.1548;N.A.;N.A.;30-Dec-2017
135102;SBI DEBT FUND SERIES B - 23 (1100 DAYS) - REGULAR PLAN - DIVIDEND;INF200KA1FU7;;12.0555;N.A.;N.A.;30-Dec-2017
135105;SBI DEBT FUND SERIES B - 23 (1100 DAYS) - REGULAR PLAN - GROWTH;INF200KA1FT9;;12.0555;N.A.;N.A.;30-Dec-2017
135326;SBI DEBT FUND SERIES B - 25 (1100 DAYS) - DIRECT PLAN - DIVIDEND;INF200KA1GI0;;12.0797;N.A.;N.A.;30-Dec-2017
135324;SBI DEBT FUND SERIES B - 25 (1100 DAYS) - DIRECT PLAN - GROWTH;INF200KA1GH2;;12.0796;N.A.;N.A.;30-Dec-2017
135327;SBI DEBT FUND SERIES B - 25 (1100 DAYS) - REGULAR PLAN - DIVIDEND;INF200KA1GG4;;11.9826;N.A.;N.A.;30-Dec-2017
135325;SBI DEBT FUND SERIES B - 25 (1100 DAYS) - REGULAR PLAN - GROWTH;INF200KA1GF6;;11.9826;N.A.;N.A.;30-Dec-2017
135565;SBI DEBT FUND SERIES B - 26 (1100 DAYS) - DIRECT PLAN - DIVIDEND;INF200KA1GU5;;11.8695;N.A.;N.A.;30-Dec-2017
135564;SBI DEBT FUND SERIES B - 26 (1100 DAYS) - DIRECT PLAN - GROWTH;INF200KA1GT7;;11.8696;N.A.;N.A.;30-Dec-2017
135563;SBI DEBT FUND SERIES B - 26 (1100 DAYS) - REGULAR PLAN - DIVIDEND;INF200KA1GS9;;11.7800;N.A.;N.A.;30-Dec-2017
135566;SBI DEBT FUND SERIES B - 26 (1100 DAYS) - REGULAR PLAN - GROWTH;INF200KA1GR1;;11.7800;N.A.;N.A.;30-Dec-2017
135708;SBI DEBT FUND SERIES B - 27 (1100 DAYS) - DIRECT PLAN - DIVIDEND;INF200KA1GY7;;11.7949;N.A.;N.A.;30-Dec-2017
135710;SBI DEBT FUND SERIES B - 27 (1100 DAYS) - DIRECT PLAN - GROWTH;INF200KA1GX9;;11.7948;N.A.;N.A.;30-Dec-2017
135707;SBI DEBT FUND SERIES B - 27 (1100 DAYS) - REGULAR PLAN - DIVIDEND;INF200KA1GW1;;11.7088;N.A.;N.A.;30-Dec-2017
135709;SBI DEBT FUND SERIES B - 27 (1100 DAYS) - REGULAR PLAN - GROWTH;INF200KA1GV3;;11.7088;N.A.;N.A.;30-Dec-2017
135788;SBI DEBT FUND SERIES B - 28 (1100 DAYS) - DIRECT PLAN - DIVIDEND;INF200KA1HG2;;11.7706;N.A.;N.A.;30-Dec-2017
135786;SBI DEBT FUND SERIES B - 28 (1100 DAYS) - DIRECT PLAN - GROWTH;INF200KA1HF4;;11.7705;N.A.;N.A.;30-Dec-2017
135785;SBI DEBT FUND SERIES B - 28 (1100 DAYS) - REGULAR PLAN - DIVIDEND;INF200KA1HE7;;11.6857;N.A.;N.A.;30-Dec-2017
135787;SBI DEBT FUND SERIES B - 28 (1100 DAYS) - REGULAR PLAN - GROWTH;INF200KA1HD9;;11.6858;N.A.;N.A.;30-Dec-2017
135904;SBI DEBT FUND SERIES B - 29 (1200 DAYS) - DIRECT PLAN - DIVIDEND;INF200KA1HK4;;11.7757;N.A.;N.A.;30-Dec-2017
135905;SBI DEBT FUND SERIES B - 29 (1200 DAYS) - DIRECT PLAN - GROWTH;INF200KA1HJ6;;11.7761;N.A.;N.A.;30-Dec-2017
135903;SBI DEBT FUND SERIES B - 29 (1200 DAYS) - REGULAR PLAN - DIVIDEND;INF200KA1HI8;;11.6941;N.A.;N.A.;30-Dec-2017
135902;SBI DEBT FUND SERIES B - 29 (1200 DAYS) - REGULAR PLAN - GROWTH;INF200KA1HH0;;11.6940;N.A.;N.A.;30-Dec-2017
136143;SBI DEBT FUND SERIES B - 31 (1200 DAYS) - DIRECT PLAN - DIVIDEND;INF200KA1HW9;;11.6607;N.A.;N.A.;30-Dec-2017
136142;SBI DEBT FUND SERIES B - 31 (1200 DAYS) - DIRECT PLAN - GROWTH;INF200KA1HV1;;11.6606;N.A.;N.A.;30-Dec-2017
136144;SBI DEBT FUND SERIES B - 31 (1200 DAYS) - REGULAR PLAN - DIVIDEND;INF200KA1HU3;;11.5845;N.A.;N.A.;30-Dec-2017
136141;SBI DEBT FUND SERIES B - 31 (1200 DAYS) - REGULAR PLAN - GROWTH;INF200KA1HT5;;11.5846;N.A.;N.A.;30-Dec-2017
136431;SBI DEBT FUND SERIES B - 33 (1131 DAYS) - DIRECT PLAN - DIVIDEND PAYOUT;INF200KA1II6;;11.6014;N.A.;N.A.;30-Dec-2017
136432;SBI DEBT FUND SERIES B - 33 (1131 DAYS) - DIRECT PLAN - GROWTH;INF200KA1IH8;;11.6017;N.A.;N.A.;30-Dec-2017
136434;SBI DEBT FUND SERIES B - 33 (1131 DAYS) - REGULAR PLAN - DIVIDEND PAYOUT;INF200KA1IG0;;11.5284;N.A.;N.A.;30-Dec-2017
136433;SBI DEBT FUND SERIES B - 33 (1131 DAYS) - REGULAR PLAN - GROWTH;INF200KA1IF2;;11.5284;N.A.;N.A.;30-Dec-2017
136477;SBI DEBT FUND SERIES B - 34 (1131 DAYS) - DIRECT PLAN - DIVIDEND PAYOUT;INF200KA1IM8;;11.5677;N.A.;N.A.;30-Dec-2017
136476;SBI DEBT FUND SERIES B - 34 (1131 DAYS) - DIRECT PLAN - GROWTH;INF200KA1IL0;;11.5665;N.A.;N.A.;30-Dec-2017
136475;SBI DEBT FUND SERIES B - 34 (1131 DAYS) - REGULAR PLAN - DIVIDEND PAYOUT;INF200KA1IK2;;11.4944;N.A.;N.A.;30-Dec-2017
136474;SBI DEBT FUND SERIES B - 34 (1131 DAYS) - REGULAR PLAN - GROWTH;INF200KA1IJ4;;11.4944;N.A.;N.A.;30-Dec-2017
136547;SBI DEBT FUND SERIES B - 35 (1131 DAYS) - DIRECT PLAN - DIVIDEND PAYOUT;INF200KA1IQ9;;11.5440;N.A.;N.A.;30-Dec-2017
136548;SBI DEBT FUND SERIES B - 35 (1131 DAYS) - DIRECT PLAN - GROWTH;INF200KA1IP1;;11.5450;N.A.;N.A.;30-Dec-2017
136546;SBI DEBT FUND SERIES B - 35 (1131 DAYS) - REGULAR PLAN - DIVIDEND PAYOUT;INF200KA1IO4;;11.4738;N.A.;N.A.;30-Dec-2017
136545;SBI DEBT FUND SERIES B - 35 (1131 DAYS) - REGULAR PLAN - GROWTH;INF200KA1IN6;;11.4736;N.A.;N.A.;30-Dec-2017
139226;SBI DEBT FUND SERIES B - 36 (1131 DAYS) - DIRECT PLAN - DIVIDEND PAYOUT;INF200KA1IY3;;11.4763;N.A.;N.A.;30-Dec-2017
139227;SBI DEBT FUND SERIES B - 36 (1131 DAYS) - DIRECT PLAN - GROWTH;INF200KA1IX5;;11.4761;N.A.;N.A.;30-Dec-2017
139225;SBI DEBT FUND SERIES B - 36 (1131 DAYS) - REGULAR PLAN - DIVIDEND PAYOUT;INF200KA1IW7;;11.4066;N.A.;N.A.;30-Dec-2017
139228;SBI DEBT FUND SERIES B- 36 (1131 DAYS) - REGULAR PLAN - GROWTH;INF200KA1IV9;;11.4066;N.A.;N.A.;30-Dec-2017
139403;SBI DEBT FUND SERIES B - 41(1100 DAYS)- DIRECT PLAN - DIVIDEND PAYOUT;INF200KA1JS3;;11.2995;N.A.;N.A.;30-Dec-2017
139406;SBI DEBT FUND SERIES B - 41(1100 DAYS)- DIRECT PLAN - GROWTH;INF200KA1JR5;;11.2994;N.A.;N.A.;30-Dec-2017
139405;SBI DEBT FUND SERIES B - 41(1100 DAYS)- REGULAR PALN - GROWTH;INF200KA1JP9;;11.2382;N.A.;N.A.;30-Dec-2017
139404;SBI DEBT FUND SERIES B - 41(1100 DAYS)- REGULAR PLAN - DIVIDEND PAYOUT;INF200KA1JQ7;;11.2382;N.A.;N.A.;30-Dec-2017
139565;SBI DEBT FUNDS SERIES B - 42 (1100 DAYS) - DIRECT PLAN - DIVIDEND PAYOUT;INF200KA1KB7;;11.1471;N.A.;N.A.;30-Dec-2017
139567;SBI DEBT FUNDS SERIES B - 42 (1100 DAYS) - DIRECT PLAN - GROWTH;INF200KA1KA9;;11.1472;N.A.;N.A.;30-Dec-2017
139564;SBI DEBT FUNDS SERIES B - 42 (1100 DAYS) - REGULAR PLAN - DIVIDEND PAYOUT;INF200KA1JZ8;;11.0908;N.A.;N.A.;30-Dec-2017
139566;SBI DEBT FUNDS SERIES B - 42 (1100 DAYS) - REGULAR PLAN - GROWTH;INF200KA1JY1;;11.0908;N.A.;N.A.;30-Dec-2017
139790;SBI DEBT FUND SERIES B - 43(1100 DAYS)- DIRECT PLAN - DIVIDEND PAYOUT;INF200KA1KR3;;10.9855;N.A.;N.A.;30-Dec-2017
139791;SBI DEBT FUND SERIES B - 43(1100 DAYS)- DIRECT PLAN - GROWTH;INF200KA1KQ5;;10.9855;N.A.;N.A.;30-Dec-2017
139789;SBI DEBT FUND SERIES B - 43(1100 DAYS)- REGULAR PLAN - GROWTH;INF200KA1KO0;;10.9346;N.A.;N.A.;30-Dec-2017
139788;SBI DEBT FUND SERIES B - 43(1100 DAYS)-REGULAR PLAN - DIVIDEND PAYOUT;INF200KA1KP7;;10.9346;N.A.;N.A.;30-Dec-2017
140012;SBI Debt Fund Series B - 44 (1100 Days) - Direct Plan - Dividend;INF200KA1LD1;;10.8094;N.A.;N.A.;30-Dec-2017
140011;SBI Debt Fund Series B - 44 (1100 Days) - Direct plan - Growth;INF200KA1LC3;;10.8094;N.A.;N.A.;30-Dec-2017
140014;SBI Debt Fund Series B - 44 (1100 Days) - Regular Plan - Dividend;INF200KA1LB5;;10.7637;N.A.;N.A.;30-Dec-2017
140013;SBI Debt Fund Series B - 44 (1100 Days) - Regular Plan - Growth;INF200KA1LA7;;10.7637;N.A.;N.A.;30-Dec-2017
140736;SBI DEBT FUND SERIES B - 46 (1155 DAYS) - DIRECT PLAN - DIVIDEND PAYOUT;INF200KA1MB3;;10.5339;N.A.;N.A.;30-Dec-2017
140735;SBI DEBT FUND SERIES B - 46 (1155 DAYS) - DIRECT PLAN - GROWTH;INF200KA1MA5;;10.5338;N.A.;N.A.;30-Dec-2017
140734;SBI DEBT FUND SERIES B - 46 (1155 DAYS) - REGULAR PLAN - DIVIDEND PAYOUT;INF200KA1LZ4;;10.5103;N.A.;N.A.;30-Dec-2017
140733;SBI DEBT FUND SERIES B - 46 (1155 DAYS) - REGULAR PLAN - GROWTH;INF200KA1LY7;;10.5106;N.A.;N.A.;30-Dec-2017
140764;SBI DEBT FUND SERIES B - 49 (1170 DAYS) - DIRECT PLAN - DIVIDEND PAYOUT;INF200KA1MV1;;10.5397;N.A.;N.A.;30-Dec-2017
140761;SBI DEBT FUND SERIES B - 49 (1170 DAYS) - DIRECT PLAN - GROWTH;INF200KA1MU3;;10.5397;N.A.;N.A.;30-Dec-2017
140762;SBI DEBT FUND SERIES B - 49 (1170 DAYS) - REGULAR PLAN - DIVIDEND PAYOUT;INF200KA1MT5;;10.5175;N.A.;N.A.;30-Dec-2017
140763;SBI DEBT FUND SERIES B - 49 (1170 DAYS) - REGULAR PLAN - GROWTH;INF200KA1MS7;;10.5174;N.A.;N.A.;30-Dec-2017
133333;SBI DEBT FUND SERIES B - 6 (1111 DAYS) - DIRECT PLAN - DIVIDEND;INF200KA1267;;12.7270;N.A.;N.A.;30-Dec-2017
133332;SBI DEBT FUND SERIES B - 6 (1111 DAYS) - DIRECT PLAN - GROWTH;INF200KA1259;;12.7238;N.A.;N.A.;30-Dec-2017
133331;SBI DEBT FUND SERIES B - 6 (1111 DAYS) - REGULAR PLAN - DIVIDEND;INF200KA1242;;12.5896;N.A.;N.A.;30-Dec-2017
133330;SBI DEBT FUND SERIES B - 6 (1111 DAYS) - REGULAR PLAN - GROWTH;INF200KA1234;;12.5896;N.A.;N.A.;30-Dec-2017
133856;SBI DEBT FUND SERIES B - 7 (38 MONTHS) - DIRECT PLAN - GROWTH;INF200KA1457;;12.5044;N.A.;N.A.;30-Dec-2017
133854;SBI DEBT FUND SERIES B - 7 (38 MONTHS) - REGUALR PLAN - DIVIDEND;INF200KA1440;;12.3823;N.A.;N.A.;30-Dec-2017
133855;SBI DEBT FUNS SERIES B - 7 (38 MONTHS) - REGULAR PLAN - GROWTH;INF200KA1432;;12.3831;N.A.;N.A.;30-Dec-2017
134316;SBI DEBT FUND SERIES B - 8 (1105 DAYS) - DIRECT PLAN - DIVIDEND;INF200KA1895;;12.5367;N.A.;N.A.;30-Dec-2017
134313;SBI DEBT FUND SERIES B - 8 (1105 DAYS) - DIRECT PLAN - GROWTH;INF200KA1887;;12.5327;N.A.;N.A.;30-Dec-2017
134314;SBI DEBT FUND SERIES B - 8 (1105 DAYS) - REGULAR PLAN - DIVIDEND;INF200KA1879;;12.4141;N.A.;N.A.;30-Dec-2017
134315;SBI DEBT FUND SERIES B - 8 (1105 DAYS) - REGULAR PLAN - GROWTH;INF200KA1861;;12.4141;N.A.;N.A.;30-Dec-2017
134319;SBI DEBT FUND SERIES B - 9 (1105 DAYS) - DIRECT PLAN - DIVIDEND;INF200KA1937;;12.4737;N.A.;N.A.;30-Dec-2017
134320;SBI DEBT FUND SERIES B - 9 (1105 DAYS) - DIRECT PLAN - GROWTH;INF200KA1929;;12.4701;N.A.;N.A.;30-Dec-2017
134318;SBI DEBT FUND SERIES B - 9 (1105 DAYS) - REGULAR PLAN - DIVIDEND;INF200KA1911;;12.3526;N.A.;N.A.;30-Dec-2017
134317;SBI DEBT FUND SERIES B - 9 (1105 DAYS) - REGULAR PLAN - GROWTH;INF200KA1903;;12.3526;N.A.;N.A.;30-Dec-2017
141525;SBI DEBT FUND SERIES C - 1 (1100 DAYS) - DIRECT PLAN - DIVIDEND PAYOUT;INF200KA1PX0;;10.2897;N.A.;N.A.;30-Dec-2017
141524;SBI DEBT FUND SERIES C - 1 (1100 DAYS) - DIRECT PLAN - GROWTH;INF200KA1PW2;;10.2897;N.A.;N.A.;30-Dec-2017
141523;SBI DEBT FUND SERIES C - 1 (1100 DAYS) - REGULAR PLAN - DIVIDEND PAYOUT;INF200KA1PV4;;10.2704;N.A.;N.A.;30-Dec-2017
141522;SBI DEBT FUND SERIES C - 1 (1100 DAYS) - REGULAR PLAN - GROWTH;INF200KA1PU6;;10.2700;N.A.;N.A.;30-Dec-2017
141746;SBI DEBT FUND SERIES C - 2 (1100 DAYS) - DIRECT PLAN - DIVIDEND PAYOUT;INF200KA1RH9;;10.1033;N.A.;N.A.;30-Dec-2017
141745;SBI DEBT FUND SERIES C - 2 (1100 DAYS) - DIRECT PLAN - GROWTH;INF200KA1RG1;;10.1033;N.A.;N.A.;30-Dec-2017
141744;SBI DEBT FUND SERIES C - 2 (1100 DAYS) - REGULAR PLAN - DIVIDEND PAYOUT;INF200KA1RF3;;10.0899;N.A.;N.A.;30-Dec-2017
141747;SBI DEBT FUND SERIES C - 2 (1100 DAYS) - REGULAR PLAN - GROWTH;INF200KA1RE6;;10.0899;N.A.;N.A.;30-Dec-2017
130023;SBI Dual Advantage Fund - Series III - Direct Plan - Dividend;INF200K015J4;;12.6350;N.A.;N.A.;30-Dec-2017
130024;SBI Dual Advantage Fund - Series III - Direct Plan - Growth;INF200K014J7;;12.8963;N.A.;N.A.;30-Dec-2017
130022;SBI Dual Advantage Fund - Series III - Regular Plan - Dividend;INF200K013J9;;12.5882;N.A.;N.A.;30-Dec-2017
130021;SBI Dual Advantage Fund - Series III - Regular Plan - Growth;INF200K012J1;;12.5869;N.A.;N.A.;30-Dec-2017
134613;SBI DUAL ADVANTAGE FUND - SERIES IX - DIRECT PLAN - DIVIDEND;INF200KA1CB4;;12.3297;N.A.;N.A.;30-Dec-2017
134614;SBI DUAL ADVANTAGE FUND - SERIES IX - DIRECT PLAN - GROWTH;INF200KA1CA6;;12.3297;N.A.;N.A.;30-Dec-2017
134612;SBI DUAL ADVANTAGE FUND - SERIES IX - REGULAR PLAN - DIVIDEND;INF200KA1BZ5;;11.9662;N.A.;N.A.;30-Dec-2017
134611;SBI DUAL ADVANTAGE FUND - SERIES IX - REGULAR PLAN - GROWTH;INF200KA1BY8;;11.9662;N.A.;N.A.;30-Dec-2017
133283;SBI DUAL ADVANTAGE FUND - SERIES VI - DIRECT PLAN - DIVIDEND;INF200KA1184;;12.3095;N.A.;N.A.;30-Dec-2017
133282;SBI DUAL ADVANTAGE FUND - SERIES VI - DIRECT PLAN - GROWTH;INF200KA1176;;12.3095;N.A.;N.A.;30-Dec-2017
133284;SBI DUAL ADVANTAGE FUND - SERIES VI - REGULAR PLAN - DIVIDEND;INF200KA1168;;12.2551;N.A.;N.A.;30-Dec-2017
133281;SBI DUAL ADVANTAGE FUND - SERIES VI - REGULAR PLAN - GROWTH;INF200KA1150;;12.2550;N.A.;N.A.;30-Dec-2017
133717;SBI DUAL ADVANTAGE FUND - SERIES VII - DIRECT PLAN - DIVIDEND;INF200KA1424;;12.1613;N.A.;N.A.;30-Dec-2017
133716;SBI DUAL ADVANTAGE FUND - SERIES VII - DIRECT PLAN - GROWTH;INF200KA1416;;12.1613;N.A.;N.A.;30-Dec-2017
133715;SBI DUAL ADVANTAGE FUND - SERIES VII - REGULAR PLAN - DIVIDEND;INF200KA1408;;12.1096;N.A.;N.A.;30-Dec-2017
133718;SBI DUAL ADVANTAGE FUND - SERIES VII - REGULAR PLAN - GROWTH;INF200KA1390;;12.1094;N.A.;N.A.;30-Dec-2017
134193;SBI DUAL ADVANTAGE FUND - SERIES VIII - DIRECT PLAN - DIVIDEND;INF200KA1770;;11.9494;N.A.;N.A.;30-Dec-2017
134196;SBI DUAL ADVANTAGE FUND - SERIES VIII - DIRECT PLAN - GROWTH;INF200KA1762;;11.9494;N.A.;N.A.;30-Dec-2017
134194;SBI DUAL ADVANTAGE FUND - SERIES VIII - REGULAR PLAN - DIVIDEND;INF200KA1754;;11.8946;N.A.;N.A.;30-Dec-2017
134195;SBI DUAL ADVANTAGE FUND - SERIES VIII - REGULAR PLAN - GROWTH;INF200KA1747;;11.8942;N.A.;N.A.;30-Dec-2017
135155;SBI DUAL ADVANTAGE FUND - SERIES X - DIRECT PLAN - DIVIDEND;INF200KA1GE9;;12.3161;N.A.;N.A.;30-Dec-2017
135154;SBI DUAL ADVANTAGE FUND - SERIES X - DIRECT PLAN - GROWTH;INF200KA1GD1;;12.3161;N.A.;N.A.;30-Dec-2017
135156;SBI DUAL ADVANTAGE FUND - SERIES X - REGULAR PLAN - DIVIDEND;INF200KA1GC3;;11.9329;N.A.;N.A.;30-Dec-2017
135153;SBI DUAL ADVANTAGE FUND - SERIES X - REGULAR PLAN - GROWTH;INF200KA1GB5;;11.9330;N.A.;N.A.;30-Dec-2017
135377;SBI DUAL ADVANTAGE FUND - SERIES XI - DIRECT PLAN - DIVIDEND;INF200KA1GM2;;12.2002;N.A.;N.A.;30-Dec-2017
135376;SBI DUAL ADVANTAGE FUND - SERIES XI - DIRECT PLAN - GROWTH;INF200KA1GL4;;12.2002;N.A.;N.A.;30-Dec-2017
135379;SBI DUAL ADVANTAGE FUND - SERIES XI - REGULAR PLAN - DIVIDEND;INF200KA1GK6;;11.8724;N.A.;N.A.;30-Dec-2017
135378;SBI DUAL ADVANTAGE FUND - SERIES XI - REGULAR PLAN - GROWTH;INF200KA1GJ8;;11.8723;N.A.;N.A.;30-Dec-2017
135777;SBI DUAL ADVANATGE FUND - SERIES XII - REGULAR PLAN - DIVIDEND;INF200KA1HA5;;11.9440;N.A.;N.A.;30-Dec-2017
135780;SBI DUAL ADVANTAGE FUND - SERIES XII - DIRECT PLAN - DIVIDEND;INF200KA1HC1;;12.1970;N.A.;N.A.;30-Dec-2017
135778;SBI DUAL ADVANTAGE FUND - SERIES XII - DIRECT PLAN - GROWTH;INF200KA1HB3;;12.1970;N.A.;N.A.;30-Dec-2017
135779;SBI DUAL ADVANTAGE FUND - SERIES XII - REGULAR PLAN - GROWTH;INF200KA1GZ4;;11.9445;N.A.;N.A.;30-Dec-2017
136044;SBI DUAL ADVANTAGE FUND - SERIES XIII - DIRECT PLAN - DIVIDEND;INF200KA1HS7;;12.1717;N.A.;N.A.;30-Dec-2017
136043;SBI DUAL ADVANTAGE FUND - SERIES XIII - DIRECT PLAN - GROWTH;INF200KA1HR9;;12.1717;N.A.;N.A.;30-Dec-2017
136045;SBI DUAL ADVANTAGE FUND - SERIES XIII - REGULAR PLAN - DIVIDEND;INF200KA1HQ1;;11.9332;N.A.;N.A.;30-Dec-2017
136042;SBI DUAL ADVANTAGE FUND - SERIES XIII - REGULAR PLAN - GROWTH;INF200KA1HP3;;11.9330;N.A.;N.A.;30-Dec-2017
140596;SBI DUAL ADVANTAGE FUND - SERIES XIX - DIRECT PLAN - DIVIDEND PAYOUT;INF200KA1LX9;;10.8532;N.A.;N.A.;30-Dec-2017
140597;SBI DUAL ADVANTAGE FUND - SERIES XIX - DIRECT PLAN - GROWTH;INF200KA1LW1;;10.8531;N.A.;N.A.;30-Dec-2017
140598;SBI DUAL ADVANTAGE FUND - SERIES XIX - REGULAR PLAN - DIVIDEND PAYOUT;INF200KA1LV3;;10.7841;N.A.;N.A.;30-Dec-2017
140595;SBI DUAL ADVANTAGE FUND - SERIES XIX - REGULAR PLAN - GROWTH;INF200KA1LU5;;10.7837;N.A.;N.A.;30-Dec-2017
139123;SBI Dual Advantage Fund - Series XV- Direct Plan - Growth;INF200KA1IT3;;11.6839;N.A.;N.A.;30-Dec-2017
139120;SBI Dual Advantage Fund - Series XV- Direct Plan -Dividend Payout;INF200KA1IU1;;11.6839;N.A.;N.A.;30-Dec-2017
139122;SBI Dual Advantage Fund - Series XV- Regular Plan - Dividend Payout;INF200KA1IS5;;11.4658;N.A.;N.A.;30-Dec-2017
139121;SBI Dual Advantage Fund - Series XV- Regular Plan - Growth;INF200KA1IR7;;11.4650;N.A.;N.A.;30-Dec-2017
139531;SBI Dual Advantage Fund - Series XVI - Direct Plan - Dividend Payout;INF200KA1JX3;;11.2387;N.A.;N.A.;30-Dec-2017
139526;SBI Dual Advantage Fund - Series XVI - Direct Plan - Growth;INF200KA1JW5;;11.2407;N.A.;N.A.;30-Dec-2017
139532;SBI Dual Advantage Fund - Series XVI - Regular Plan - Dividend Payout;INF200KA1JV7;;11.1158;N.A.;N.A.;30-Dec-2017
139533;SBI Dual Advantage Fund - Series XVI - Regular Plan - Growth;INF200KA1JU9;;11.1147;N.A.;N.A.;30-Dec-2017
139793;SBI Dual Advantage Fund  XVII - Direct Plan - Dividend Payout;INF200KA1KN2;;11.1721;N.A.;N.A.;30-Dec-2017
139792;SBI Dual Advantage Fund  XVII - Regular Plan - Growth;INF200KA1KK8;;11.0650;N.A.;N.A.;30-Dec-2017
139794;SBI Dual Advantage Fund - Series XVII - Direct Plan - growth;INF200KA1KM4;;11.1718;N.A.;N.A.;30-Dec-2017
139795;SBI Dual Advantage Fund - Series XVII - Regular Plan - Dividend Payout;INF200KA1KL6;;11.0670;N.A.;N.A.;30-Dec-2017
140393;SBI Dual Advantage Fund - Series XVIII - Direct Plan - Dividend Payout;INF200KA1LL4;;11.0773;N.A.;N.A.;30-Dec-2017
140396;SBI Dual Advantage Fund - Series XVIII - Direct Plan - Growth;INF200KA1LK6;;11.1678;N.A.;N.A.;30-Dec-2017
140395;SBI Dual Advantage Fund - Series XVIII - Regular Plan - Dividend Payout;INF200KA1LJ8;;10.9945;N.A.;N.A.;30-Dec-2017
140394;SBI Dual Advantage Fund - Series XVIII - Regular Plan - Growth;INF200KA1LI0;;10.9974;N.A.;N.A.;30-Dec-2017
141350;SBI DUAL ADVANTAGE FUND - SERIES XXII - DIRECT PLAN - DIVIDEND PAYOUT;INF200KA1OR5;;10.5543;N.A.;N.A.;30-Dec-2017
141348;SBI DUAL ADVANTAGE FUND - SERIES XXII - DIRECT PLAN - GROWTH;INF200KA1OQ7;;10.5543;N.A.;N.A.;30-Dec-2017
141347;SBI DUAL ADVANTAGE FUND - SERIES XXII - REGULAR PLAN - DIVIDEND PAYOUT;INF200KA1OP9;;10.4991;N.A.;N.A.;30-Dec-2017
141349;SBI DUAL ADVANTAGE FUND - SERIES XXII - REGULAR PLAN - GROWTH;INF200KA1OO2;;10.5037;N.A.;N.A.;30-Dec-2017
141633;SBI DUAL ADVANTAGE FUND - SERIES XXIII - DIRECT PLAN - DIVIDEND PAYOUT;INF200KA1QZ3;;10.3035;N.A.;N.A.;30-Dec-2017
141634;SBI DUAL ADVANTAGE FUND - SERIES XXIII - DIRECT PLAN - GROWTH;INF200KA1QY6;;10.3048;N.A.;N.A.;30-Dec-2017
141632;SBI DUAL ADVANTAGE FUND - SERIES XXIII - REGULAR PLAN - DIVIDEND PAYOUT;INF200KA1QX8;;10.2734;N.A.;N.A.;30-Dec-2017
141631;SBI DUAL ADVANTAGE FUND - SERIES XXIII - REGULAR PLAN - GROWTH;INF200KA1QW0;;10.2723;N.A.;N.A.;30-Dec-2017
141834;SBI DUAL ADVANTAGE FUND - SERIES XXIV - DIRECT PLAN - DIVIDEND PAYOUT;INF200KA1RL1;;10.1739;N.A.;N.A.;30-Dec-2017
141832;SBI DUAL ADVANTAGE FUND - SERIES XXIV - DIRECT PLAN - GROWTH;INF200KA1RK3;;10.1737;N.A.;N.A.;30-Dec-2017
141831;SBI DUAL ADVANTAGE FUND - SERIES XXIV - REGULAR PLAN - DIVIDEND PAYOUT;INF200KA1RJ5;;10.1562;N.A.;N.A.;30-Dec-2017
141833;SBI DUAL ADVANTAGE FUND - SERIES XXIV - REGULAR PLAN - GROWTH;INF200KA1RI7;;10.1533;N.A.;N.A.;30-Dec-2017
141960;SBI DUAL ADVANTAGE FUND - SERIES XXV - DIRECT PLAN - GROWTH;INF200KA1RS6;;10.0429;N.A.;N.A.;30-Dec-2017
141962;SBI Dual Advantage Fund - Series XXV - Direct Plan - Income Distribution cum Capital Withdrawal Option (IDCW);INF200KA1RT4;;10.0429;N.A.;N.A.;30-Dec-2017
141959;SBI DUAL ADVANTAGE FUND - SERIES XXV - REGULAR PLAN - GROWTH;INF200KA1RQ0;;10.0372;N.A.;N.A.;30-Dec-2017
141961;SBI Dual Advantage Fund - Series XXV - Regular Plan - Income Distribution cum Capital Withdrawal Option (IDCW);INF200KA1RR8;;10.0367;N.A.;N.A.;30-Dec-2017
136358;SBI DUAL ADVANTAGE FUND SERIES XIV- DIRECT PLAN - DIVIDEND PAYOUT;INF200KA1IA3;;11.9818;N.A.;N.A.;30-Dec-2017
136359;SBI DUAL ADVANTAGE FUND SERIES XIV- DIRECT PLAN - GROWTH;INF200KA1HZ2;;11.9818;N.A.;N.A.;30-Dec-2017
136361;SBI DUAL ADVANTAGE FUND SERIES XIV- REGULAR PLAN - DIVIDEND PAYOUT;INF200KA1HY5;;11.7514;N.A.;N.A.;30-Dec-2017
136360;SBI DUAL ADVANTAGE FUND SERIES XIV- REGULAR PLAN - GROWTH;INF200KA1HX7;;11.7488;N.A.;N.A.;30-Dec-2017

Close Ended Schemes ( Growth )


SBI Mutual Fund
131339;SBI EQUITY OPPORTUNITIES FUND - SERIES I - DIRECT PLAN - DIVIDEND;INF200K017S1;;13.8339;N.A.;N.A.;30-Dec-2017
131338;SBI EQUITY OPPORTUNITIES FUND - SERIES I - DIRECT PLAN - GROWTH;INF200K016S3;;16.5817;N.A.;N.A.;30-Dec-2017
131337;SBI EQUITY OPPORTUNITIES FUND - SERIES I - REGULAR PLAN - DIVIDEND;INF200K015S5;;13.7645;N.A.;N.A.;30-Dec-2017
131336;SBI EQUITY OPPORTUNITIES FUND - SERIES I - REGULAR PLAN - GROWTH;INF200K014S8;;16.4712;N.A.;N.A.;30-Dec-2017
135507;SBI EQUITY OPPORTUNITIES FUND -  SERIES IV - REGULAR PLAN - GROWTH;INF200KA1GP5;;16.8620;N.A.;N.A.;30-Dec-2017
135506;SBI EQUITY OPPORTUNITIES FUND - SERIES IV - DIRECT PLAN - GROWTH;INF200KA1GN0;;17.3820;N.A.;N.A.;30-Dec-2017
135509;SBI Equity Opportunities Fund-Series IV - Direct Plan - Income Distribution cum Capital Withdrawal Option (IDCW);INF200KA1GO8;;17.3779;N.A.;N.A.;30-Dec-2017
135508;SBI Equity Opportunities Fund-Series IV - Regular Plan - Income Distribution cum Capital Withdrawal Option (IDCW);INF200KA1GQ3;;16.8618;N.A.;N.A.;30-Dec-2017
