Scheme Code;Scheme Name;ISIN Div Payout/ISIN Growth;ISIN Div Reinvestment;Net Asset Value;Repurchase Price;Sale Price;Date

Open Ended Schemes ( Liquid )


Sahara Mutual Fund
101397;Sahara Liquid Fund-Fixed Pricing -  Weekly Dividend Option;;INF515L01064;1027.4373;1027.4373;1027.4373;18-Mar-2017
101393;Sahara Liquid Fund-Fixed Pricing - Daily Dividend Option;;INF515L01049;1144.9919;1144.9919;1144.9919;18-Mar-2017
120265;Sahara Liquid Fund-Fixed Pricing - Direct - Weekly Dividend Option;;INF515L01668;1027.4373;1027.4373;1027.4373;18-Mar-2017
120262;Sahara Liquid Fund-Fixed Pricing - Direct -Growth option;INF515L01650;;2804.0835;2804.0835;2804.0835;18-Mar-2017
101394;Sahara Liquid Fund-Fixed Pricing - Growth option;INF515L01056;;2801.9193;2801.9193;2801.9193;18-Mar-2017
101398;Sahara Liquid Fund-Fixed Pricing - Monthly Dividend Option;;INF515L01072;1043.3721;1043.3721;1043.3721;18-Mar-2017
120253;Sahara Liquid Fund-Fixed Pricing -Direct - Daily Dividend Option- Direct;;INF515L01643;1144.9919;1144.9919;1144.9919;18-Mar-2017
120266;Sahara Liquid Fund-Fixed Pricing -Direct - Monthly Dividend Option;;INF515L01676;1043.3721;1043.3721;1043.3721;18-Mar-2017
101399;Sahara Liquid Fund-Variable Pricing - Daily Dividend option;;INF515L01080;1149.8669;1149.8669;1149.8669;18-Mar-2017
101402;Sahara Liquid Fund-Variable Pricing - Growth option;INF515L01114;;2851.9321;2851.9321;2851.9321;18-Mar-2017
101400;Sahara Liquid Fund-Variable Pricing - Weekly Dividend Option;;INF515L01098;1157.4242;1157.4242;1157.4242;18-Mar-2017
120271;Sahara Liquid Fund-Variable Pricing -Direct - Daily Dividend option;;INF515L01684;1038.8267;1038.8267;1038.8267;18-Mar-2017
120280;Sahara Liquid Fund-Variable Pricing -Direct - Growth option;INF515L01718;;2856.1717;2856.1717;2856.1717;18-Mar-2017
120272;Sahara Liquid Fund-Variable Pricing -Direct - Weekly Dividend Option;;INF515L01692;1157.4242;1157.4242;1157.4242;18-Mar-2017
120273;Sahara Liquid Fund-Variable Pricing- Direct - Monthly Dividend Option;;INF515L01700;1055.8972;1055.8972;1055.8972;18-Mar-2017
101401;Sahara Liquid Fund-Variable Pricing- Monthly Dividend Option;;INF515L01106;1168.9367;1168.9367;1168.9367;18-Mar-2017

Tata Mutual Fund
101987;Tata Liquid Fund Reglar Plan - Monthly Dividend;INF277K01LR5;INF277K01LS3;1004.1429;1004.1429;1004.1429;18-Mar-2017
101861;Tata Liquid Fund-Regular Plan  - Weekly Dividend;INF277K016C5;;1001.4402;1001.4402;1001.4402;18-Mar-2017
101984;Tata Liquid High Investment Plan - Daily;;;1114.3379;1114.3379;1114.3379;18-Mar-2017
101860;Tata Liquid High Investment Plan - Growth;INF277K01LN4;;2611.9277;2611.9277;2611.9277;18-Mar-2017
101859;Tata Liquid High Investment Plan - Weekly;;;1147.3342;1147.3342;1147.3342;18-Mar-2017
101982;Tata Liquid Retail Investment PLan - Daily;;;1116.8143;1116.8143;1116.8143;18-Mar-2017
101983;Tata Liquid Retail Investment Plan - Fortnightly;;;1145.7574;1145.7574;1145.7574;18-Mar-2017
101858;Tata Liquid Retail Investment Plan - Growth;INF277K01LM6;;3546.2798;3546.2798;3546.2798;18-Mar-2017

Open Ended Schemes ( Money Market )


Tata Mutual Fund
102152;Tata Money Market Fund Regular (Bonus / Dividend);;;1015.5891;1015.5891;1015.5891;18-Mar-2017
102153;Tata Money Market Fund Regular (Growth);INF277K01LY1;;2492.5515;2492.5515;2492.5515;18-Mar-2017

Open Ended Schemes ( Debt Scheme - Overnight Fund )


SBI Mutual Fund
119831;SBI Overnight Fund - Direct Plan - Daily Income Distribution cum Capital Withdrawal Option (IDCW);;INF200K01TJ7;1009.91;1009.91;1009.91;18-Mar-2017
119833;SBI OVERNIGHT FUND - DIRECT PLAN - GROWTH;INF200K01TK5;;2738.7369;2738.7369;2738.7369;18-Mar-2017
119832;SBI Overnight Fund - Direct Plan - Weekly Income Distribution cum Capital Withdrawal Option (IDCW);INF200K01TL3;INF200K01TM1;1031.1904;1031.1904;1031.1904;18-Mar-2017
114297;SBI Overnight Fund - Regular Plan - Daily Income Distribution cum Capital Withdrawal Option (IDCW);;INF200K01LN6;1009.91;1009.91;1009.91;18-Mar-2017
101206;SBI OVERNIGHT FUND - REGULAR PLAN - GROWTH;INF200K01LQ9;;2720.6331;2720.6331;2720.6331;18-Mar-2017
103140;SBI Overnight Fund - Regular Plan - Weekly Income Distribution cum Capital Withdrawal Option (IDCW);INF200K01LO4;INF200K01LP1;1031.1903;1031.1903;1031.1903;18-Mar-2017

Open Ended Schemes ( Debt Scheme - Liquid Fund )


Axis Mutual Fund
128954;Axis Liquid Fund - Direct plan - Bonus Option;INF846K01NH4;;1798.5993;1798.5993;1798.5993;18-Mar-2017
120388;Axis Liquid Fund - Direct Plan - Daily IDCW;;INF846K01DA0;1000.6413;1000.6413;1000.6413;18-Mar-2017
120389;Axis Liquid Fund - Direct Plan - Growth Option;INF846K01CX4;;1798.7036;1798.7036;1798.7036;18-Mar-2017
120391;Axis Liquid Fund - Direct Plan - Monthly IDCW;INF846K01CY2;INF846K01CZ9;1003.6978;1003.6978;1003.6978;18-Mar-2017
120390;Axis Liquid Fund - Direct Plan - Weekly IDCW;INF846K01DB8;INF846K01DC6;1002.8476;1002.8476;1002.8476;18-Mar-2017
112211;Axis Liquid Fund - Regular Plan - Daily IDCW;;INF846K01420;1000.8759;1000.8759;1000.8759;18-Mar-2017
112210;Axis Liquid Fund - Regular Plan - Growth Option;INF846K01412;;1793.5611;1793.5611;1793.5611;18-Mar-2017
112213;Axis Liquid Fund - Regular Plan - Monthly IDCW;INF846K01453;INF846K01461;1004.0273;1004.0273;1004.0273;18-Mar-2017
112212;Axis Liquid Fund - Regular Plan - Weekly IDCW;INF846K01438;INF846K01446;1002.8387;1002.8387;1002.8387;18-Mar-2017
112712;Axis Liquid Fund - Retail Plan - Daily IDCW;;INF846K01362;1000.6413;1000.6413;1000.6413;18-Mar-2017
112713;Axis Liquid Fund - Retail Plan - Growth Option;INF846K01354;;1712.9238;1712.9238;1712.9238;18-Mar-2017
112714;Axis Liquid Fund - Retail Plan - Monthly IDCW;INF846K01396;INF846K01404;1003.3705;1003.3705;1003.3705;18-Mar-2017
112715;Axis Liquid Fund - Retail Plan - Weekly IDCW;INF846K01370;INF846K01388;1001.2083;1001.2083;1001.2083;18-Mar-2017

Bank of India Mutual Fund
119368;BANK OF INDIA Liquid Fund- Direct Plan- Daily IDCW;;INF761K01CL0;1002.6483;1002.6483;1002.6483;18-Mar-2017
119369;BANK OF INDIA Liquid Fund- Direct Plan- Growth;INF761K01785;;1869.1311;1869.1311;1869.1311;18-Mar-2017
119370;BANK OF INDIA Liquid Fund- Direct Plan- Weekly IDCW;;INF761K01CM8;1062.3519;1062.3519;1062.3519;18-Mar-2017
111971;BANK OF INDIA Liquid Fund- Regular Plan- Daily IDCW;;INF761K01CO4;1002.1069;1002.1069;1002.1069;18-Mar-2017
109254;BANK OF INDIA Liquid Fund- Regular Plan- Growth;INF761K01306;;1861.2418;1861.2418;1861.2418;18-Mar-2017
109255;BANK OF INDIA Liquid Fund- Regular Plan- Weekly IDCW;;INF761K01CP1;1002.0576;1002.0576;1002.0576;18-Mar-2017

Canara Robeco Mutual Fund
118307;CANARA ROBECO LIQUID FUND - DIRECT PLAN - DAILY IDCW (Reinvestment);;INF760K01FS0;1005.5000;1005.5000;1005.5000;18-Mar-2017
118305;CANARA ROBECO LIQUID FUND - DIRECT PLAN - GROWTH OPTION;INF760K01FU6;;1965.6626;1965.6626;1965.6626;18-Mar-2017
118304;CANARA ROBECO LIQUID FUND - DIRECT PLAN - IDCW (Payout/Reinvestment);INF760K01FT8;;1407.2904;1407.2904;1407.2904;18-Mar-2017
118306;CANARA ROBECO LIQUID FUND - DIRECT PLAN - MONTHLY IDCW (Payout/Reinvestment);INF760K01FV4;INF760K01FW2;1004.2828;1004.2828;1004.2828;18-Mar-2017
118308;CANARA ROBECO LIQUID FUND - DIRECT PLAN - WEEKLY IDCW (Payout/Reinvestment);INF760K01FY8;INF760K01FX0;1000.5912;1000.5912;1000.5912;18-Mar-2017
109349;CANARA ROBECO LIQUID FUND - REGULAR PLAN - DAILY IDCW (Reinvestment);;INF760K01CU3;1005.5000;1005.5000;1005.5000;18-Mar-2017
109353;CANARA ROBECO LIQUID FUND - REGULAR PLAN - GROWTH OPTION;INF760K01CW9;;1962.0670;1962.0670;1962.0670;18-Mar-2017
109351;CANARA ROBECO LIQUID FUND - REGULAR PLAN - MONTHLY IDCW (Payout/Reinvestment);INF760K01CX7;INF760K01CY5;1004.2660;1004.2660;1004.2660;18-Mar-2017
109350;CANARA ROBECO LIQUID FUND - REGULAR PLAN - WEEKLY IDCW (Payout/Reinvestment);INF760K01BZ4;INF760K01CZ2;1000.5896;1000.5896;1000.5896;18-Mar-2017
139235;Canara Robeco Liquid Fund -Unclaimed Redemption and Dividend Plan -Direct Growth Option;INF760K01IC8;;1067.9888;1067.9888;1067.9888;18-Mar-2017

quant Mutual Fund
120837;quant Liquid Fund - Growth Option - Direct Plan;INF966L01820;;25.4739;25.4739;25.4739;18-Mar-2017
103225;quant Liquid Fund - Growth Option - Regular Plan;INF966L01317;;25.3572;25.3572;25.3572;18-Mar-2017
120838;quant Liquid Fund - Monthly IDCW Option - Direct Plan;INF966L01796;INF966L01812;15.2553;15.2553;15.2553;18-Mar-2017
103228;quant Liquid Fund - Monthly IDCW Option - Regular Plan;INF966L01291;INF966L01309;15.153;15.153;15.153;18-Mar-2017
120839;quant Liquid Fund - Weekly IDCW Option - Direct Plan;INF966L01788;INF966L01804;13.7025;13.7025;13.7025;18-Mar-2017
103227;quant Liquid Fund - Weekly IDCW Option - Regular Plan;INF966L01499;INF966L01283;13.5518;13.5518;13.5518;18-Mar-2017
120836;quant Liquid Fund-Daily IDCW Option - Direct Plan;;INF966L01770;13.7737;13.7737;13.7737;18-Mar-2017
103226;quant Liquid Fund-Daily IDCW Option - Regular Plan;;INF966L01275;13.6884;13.6884;13.6884;18-Mar-2017

SBI Mutual Fund
119804;SBI Liquid Fund - Direct Paln - Fortnightly Income Distribution cum Capital Withdrawal Option (IDCW);INF200K01UR8;INF200K01US6;1013.2021;1013.2021;1013.2021;18-Mar-2017
119805;SBI Liquid Fund - Direct Plan - Daily Income Distribution cum Capital Withdrawal Option (IDCW);;INF200K01UQ0;1003.25;1003.25;1003.25;18-Mar-2017
119799;SBI Liquid Fund - Direct Plan - Weekly Income Distribution cum Capital Withdrawal Option (IDCW);INF200K01UU2;INF200K01UV0;1061.0596;1061.0596;1061.0596;18-Mar-2017
119800;SBI Liquid Fund - DIRECT PLAN -Growth;INF200K01UT4;;2546.165;2546.165;2546.165;18-Mar-2017
105274;SBI Liquid Fund - Institutional - Growth;INF200K01LU1;;2563.4724;2563.4724;2563.4724;18-Mar-2017
105275;SBI Liquid Fund - Institutional Daily Income Distribution cum Capital Withdrawal Option (IDCW);;INF200K01LR7;1003.25;1003.25;1003.25;18-Mar-2017
105279;SBI Liquid Fund - Institutional Fortnightly Income Distribution cum Capital Withdrawal Option (IDCW);INF200K01LS5;INF200K01LT3;1024.5105;1024.5105;1024.5105;18-Mar-2017
105278;SBI Liquid Fund - Institutional Weekly Income Distribution cum Capital Withdrawal Option (IDCW);INF200K01LV9;INF200K01LW7;1060.3504;1060.3504;1060.3504;18-Mar-2017
105281;SBI Liquid Fund - Regular Plan - Daily Income Distribution cum Capital Withdrawal Option (IDCW);;INF200K01LX5;1003.25;1003.25;1003.25;18-Mar-2017
105283;SBI Liquid Fund - Regular Plan - Fortnightly Income Distribution cum Capital Withdrawal Option (IDCW);INF200K01LY3;INF200K01LZ0;1013.1911;1013.1911;1013.1911;18-Mar-2017
105282;SBI Liquid Fund - Regular Plan - Weekly Income Distribution cum Capital Withdrawal Option (IDCW);INF200K01MB9;INF200K01MC7;1061.0596;1061.0596;1061.0596;18-Mar-2017
105280;SBI Liquid Fund - REGULAR PLAN -Growth;INF200K01MA1;;2539.6056;2539.6056;2539.6056;18-Mar-2017

Sundaram Mutual Fund
119690;Sundaram Money Fund Direct Plan - Bonus;INF903J01RL8;;12.2428;12.2428;12.2428;18-Mar-2017
119688;Sundaram Money Fund Direct Plan - Daily Reinvestment of Income Distribution cum Capital Withdrawal (IDCW);;INF903J01QA3;10.1025;10.1025;10.1025;18-Mar-2017
119692;Sundaram Money Fund Direct Plan - Fortnightly Reinvestment of Income Distribution cum Capital Withdrawal (IDCW);;INF903J01QB1;25.8649;25.8649;25.8649;18-Mar-2017
119686;Sundaram Money Fund Direct Plan - Growth;INF903J01QF2;;34.2107;34.2107;34.2107;18-Mar-2017
119687;Sundaram Money Fund Direct Plan - Monthly Income Distribution cum Capital Withdrawal (IDCW);INF903J01QC9;INF903J01QD7;10.6900;10.6900;10.6900;18-Mar-2017
119689;Sundaram Money Fund Direct Plan - Quarterly Reinvestment of Income Distribution cum Capital Withdrawal (IDCW);;INF903J01QE5;33.5436;33.5436;33.5436;18-Mar-2017
119691;Sundaram Money Fund Direct Plan - Weekly Reinvestment of Income Distribution cum Capital Withdrawal (IDCW);;INF903J01QG0;11.5971;11.5971;11.5971;18-Mar-2017
102701;Sundaram Money Fund Institutional Plan - Daily Reinvestment of Income Distribution cum Capital Withdrawal (IDCW);;INF903J01GP2;10.0953;10.0953;10.0953;18-Mar-2017
102703;Sundaram Money Fund Institutional Plan - Growth;INF903J01GN7;;33.2623;33.2623;33.2623;18-Mar-2017
118328;Sundaram Money Fund Regular Plan - Bonus;INF903J01MB0;;12.1921;12.1921;12.1921;18-Mar-2017
103392;Sundaram Money Fund Regular Plan - Daily Reinvestment of Income Distribution cum Capital Withdrawal (IDCW);;INF903J01GW8;10.0953;10.0953;10.0953;18-Mar-2017
103395;Sundaram Money Fund Regular Plan - Fortnightly Reinvestment of Income Distribution cum Capital Withdrawal (IDCW);;INF903J01GY4;10.9434;10.9434;10.9434;18-Mar-2017
103397;Sundaram Money Fund Regular Plan - Growth;INF903J01GU2;;34.1090;34.1090;34.1090;18-Mar-2017
103396;Sundaram Money Fund Regular Plan - Monthly Income Distribution cum Capital Withdrawal (IDCW);INF903J01GV0;INF903J01GZ1;10.5470;10.5470;10.5470;18-Mar-2017
103393;Sundaram Money Fund Regular Plan - Quarterly Reinvestment of Income Distribution cum Capital Withdrawal (IDCW);;INF903J01HA2;33.4838;33.4838;33.4838;18-Mar-2017
100620;Sundaram Money Fund Retail Plan - Daily Reinvestment of Income Distribution cum Capital Withdrawal (IDCW);;INF903J01GI7;10.0953;10.0953;10.0953;18-Mar-2017
100622;Sundaram Money Fund Retail Plan - Fortnightly Reinvestment of Income Distribution cum Capital Withdrawal (IDCW);;INF903J01GK3;10.9108;10.9108;10.9108;18-Mar-2017
100618;Sundaram Money Fund Retail Plan - Growth;INF903J01GG1;;31.8758;31.8758;31.8758;18-Mar-2017
100623;Sundaram Money Fund Retail Plan - Monthly Income Distribution cum Capital Withdrawal (IDCW);INF903J01GH9;INF903J01GL1;10.5601;10.5601;10.5601;18-Mar-2017
100619;Sundaram Money Fund Retail Plan - Quarterly Reinvestment of Income Distribution cum Capital Withdrawal (IDCW);;INF903J01GM9;12.1043;12.1043;12.1043;18-Mar-2017
100621;Sundaram Money Fund Retail Plan - Weekly Reinvestment of Income Distribution cum Capital Withdrawal (IDCW);;INF903J01GJ5;11.5370;11.5370;11.5370;18-Mar-2017
140006;Sundaram Money Fund Unclaimed Amount Plan - Unclaimed Dividend Less Than Three Years;INF903JA1567;;10.2888;10.2888;10.2888;18-Mar-2017
140005;Sundaram Money Fund Unclaimed Amount Plan - Unclaimed Dividend More Than Three Years;INF903JA1575;;10.0000;10.0000;10.0000;18-Mar-2017
140003;Sundaram Money Fund Unclaimed Amount Plan - Unclaimed Redemption Less Than Three Years;INF903JA1542;;10.2972;10.2972;10.2972;18-Mar-2017
140004;Sundaram Money Fund Unclaimed Amount Plan - Unclaimed Redemption More Than Three Years;INF903JA1559;;10.0000;10.0000;10.0000;18-Mar-2017
103394;Sundaram Money Fund Regular Plan - Weekly Reinvestment of Income Distribution cum Capital Withdrawal (IDCW);;INF903J01GX6;11.5793;11.5793;11.5793;18-Mar-2017

Tata Mutual Fund
102672;Tata Liquid Fund -Regular Plan - Growth Option;INF277K01YD8;;2547.5628;2547.5628;2547.5628;18-Mar-2017
119862;Tata Liquid Fund- Direct Plan - Daily Reinvestment of IDCW Option;;INF277K012D2;1001.5187;1001.5187;1001.5187;18-Mar-2017
119861;Tata Liquid Fund- Direct Plan-Growth Option;INF277K01YE6;;2556.6784;2556.6784;2556.6784;18-Mar-2017
101714;Tata Liquid Fund- Regular Plan - Daily Reinvestment of IDCW Option;;INF277K011D4;1001.5157;1001.5157;1001.5157;18-Mar-2017

Union Mutual Fund
115401;Union Liquid Fund - Daily IDCW Option;;INF582M01021;1000.6489;1000.6489;1000.6489;18-Mar-2017
119301;Union Liquid Fund - Direct Plan - Daily IDCW Option;;INF582M01682;1000.6506;1000.6506;1000.6506;18-Mar-2017
119305;Union Liquid Fund - Direct Plan - Fortnightly IDCW Option;INF582M01724;INF582M01708;1001.7911;1001.7911;1001.7911;18-Mar-2017
119303;Union Liquid Fund - Direct Plan - Growth Option;INF582M01674;;1621.4581;1621.4581;1621.4581;18-Mar-2017
119302;Union Liquid Fund - Direct Plan - Monthly IDCW Option;INF582M01732;INF582M01716;1003.6924;1003.6924;1003.6924;18-Mar-2017
119304;Union Liquid Fund - Direct Plan - Weekly IDCW Option;;INF582M01690;1001.0601;1001.0601;1001.0601;18-Mar-2017
115399;Union Liquid Fund - Fortnightly IDCW Option;INF582M01062;INF582M01047;1001.7471;1001.7471;1001.7471;18-Mar-2017
115398;Union Liquid Fund - Growth Option;INF582M01013;;1615.1853;1615.1853;1615.1853;18-Mar-2017
115400;Union Liquid Fund - Monthly IDCW Option;INF582M01070;INF582M01054;1003.6006;1003.6006;1003.6006;18-Mar-2017
115402;Union Liquid Fund - Weekly IDCW Option;;INF582M01039;1001.0428;1001.0428;1001.0428;18-Mar-2017

UTI Mutual Fund
134427;UTI Liquid Fund - Direct Plan - Annual IDCW;INF789FA1K63;INF789FA1K71;1168.9653;1168.9653;1168.9653;18-Mar-2017
120558;UTI Liquid Fund - Direct Plan - Daily IDCW (Reinvestment);;INF789F01XP8;1019.4457;1019.4457;1019.4457;18-Mar-2017
140913;UTI Liquid Fund - Direct Plan - Fortnightly IDCW;INF789FA1K06;INF789FA1K14;1038.2071;1038.2071;0;18-Mar-2017
140504;UTI Liquid Fund - Direct Plan - Half-Yearly IDCW;INF789FA1K48;INF789FA1K55;1013.5868;1013.5868;0;18-Mar-2017
120794;UTI Liquid Fund - Direct Plan - Monthly IDCW;INF789F01XR4;INF789F01XS2;1028.3441;1028.3441;1028.3441;18-Mar-2017
140024;UTI Liquid Fund - Direct Plan - Quarterly IDCW;INF789FA1K22;INF789FA1K30;1103.4394;1103.4394;0;18-Mar-2017
120777;UTI Liquid Fund - Direct Plan - Weekly IDCW;;INF789F01XT0;1053.56;1053.56;1053.56;18-Mar-2017
133973;UTI Liquid Fund - Regular Plan - Annual IDCW;INF789FA1J66;INF789FA1J74;1168.543;1168.543;1168.543;18-Mar-2017
102010;UTI Liquid Fund - Regular Plan - Daily IDCW (Reinvestment);;INF789F01PG3;1019.4457;1019.4457;1019.4457;18-Mar-2017
139838;UTI Liquid Fund - Regular Plan - Fortnightly IDCW;INF789FA1J09;INF789FA1J17;1038.1627;1038.1627;0;18-Mar-2017
102011;UTI Liquid Fund - Regular Plan - Monthly IDCW;INF789F01PI9;INF789F01PJ7;1028.3297;1028.3297;1028.3297;18-Mar-2017
135721;UTI Liquid Fund - Regular Plan - Quarterly IDCW;INF789FA1J25;INF789FA1J33;1103.3185;1103.3185;0;18-Mar-2017
102013;UTI Liquid Fund - Regular Plan - Weekly IDCW;;INF789F01PK5;1053.5565;1053.5565;1053.5565;18-Mar-2017
120304;UTI-  Liquid Cash Plan - Direct Plan - Growth Option;INF789F01XQ6;;2656.6394;2656.6394;2656.6394;18-Mar-2017
102012;UTI-  Liquid Cash Plan - Regular Plan - Growth Option;INF789F01PH1;;2650.0845;2650.0845;2650.0845;18-Mar-2017
102008;UTI-  Liquid Cash Plan- Discontinued - Regular Plan - Monthly Dividend Option;INF789F01BC2;INF789F01BA6;1177.2759;1177.2759;0;18-Mar-2017
102009;UTI-  Liquid Cash Plan- Discontinued - Regular Plan -Growth;INF789F01BB4;;2508.9484;2508.9484;0;18-Mar-2017
102007;UTI-  Liquid Cash Plan- Discontinued -Regular Plan Periodic Dividend Option;;INF789F01AZ5;1134.7333;1134.7333;0;18-Mar-2017

Open Ended Schemes ( Debt Scheme - Ultra Short Duration Fund )


SBI Mutual Fund
119784;SBI Ultra Short Duration Fund - Direct Plan - Daily Income Distribution cum Capital Withdrawal Option (IDCW);;INF200K01TG3;1675.03;1675.03;1675.03;18-Mar-2017
119828;SBI ULTRA SHORT DURATION FUND - DIRECT PLAN - GROWTH;INF200K01TF5;;3588.7519;3588.7519;3588.7519;18-Mar-2017
119829;SBI Ultra Short Duration Fund - Direct Plan - Weekly Income Distribution cum Capital Withdrawal Option (IDCW);INF200K01TH1;INF200K01TI9;1077.5805;1077.5805;1077.5805;18-Mar-2017
105080;SBI Ultra Short Duration Fund - Regular Plan - Daily Income Distribution cum Capital Withdrawal Option (IDCW);;INF200K01LK2;1675.03;1675.03;1675.03;18-Mar-2017
100641;SBI ULTRA SHORT DURATION FUND - REGULAR PLAN - GROWTH;INF200K01LJ4;;3577.6254;3577.6254;3577.6254;18-Mar-2017
103884;SBI Ultra Short Duration Fund - Regular Plan - Weekly Income Distribution cum Capital Withdrawal Option (IDCW);INF200K01LM8;INF200K01LL0;1077.5805;1077.5805;1077.5805;18-Mar-2017

Open Ended Schemes ( Debt Scheme - Money Market Fund )


Tata Mutual Fund
119423;Tata Liquid Fund- Direct Plan- Monthly Dividend;INF277K01PS4;INF277K01PT2;1004.2182;1004.2182;1004.2182;18-Mar-2017
119422;Tata Liquid Fund- Direct Plan- Weekly Dividend;INF277K013C2;;1001.4532;1001.4532;1001.4532;18-Mar-2017
119421;Tata Money Market Fund- Direct Plan - Daily Reinvestment of IDCW Option;;INF277K011C6;1114.5200;1114.5200;1114.5200;18-Mar-2017
119424;Tata Money Market Fund- Direct Plan- Growth Option;INF277K01PR6;;2992.1176;2992.1176;2992.1176;18-Mar-2017
101986;Tata Money Market Fund- Regular Plan - Daily Reinvestment of IDCW Option;;INF277K014C0;1114.5200;1114.5200;1114.5200;18-Mar-2017
101847;Tata Money Market Fund-Regular Plan - Growth Option;INF277K01LQ7;;2982.5967;2982.5967;2982.5967;18-Mar-2017

UTI Mutual Fund
120299;UTI MMF - Direct Plan - Growth Option;INF789F01XV6;;1819.6469;1819.6469;1819.6469;18-Mar-2017
112077;UTI MMF - Regular Plan - Growth Option;INF789F01PX8;;1812.3396;1812.3396;1812.3396;18-Mar-2017
100724;UTI MMF- Discontinued - Regular Plan - Flexi Dividend Option;;INF789F01BD0;2349.2514;2349.2514;0;18-Mar-2017
100725;UTI MMF- Discontinued - Regular Plan - Periodic Dividend Option;INF789F01BE8;;1992.2565;1992.2565;0;18-Mar-2017
100723;UTI MMF-Discontinued - Regular Plan -Growth;INF789F01BF5;;4353.741;4353.741;0;18-Mar-2017
134973;UTI Money Market Fund - Direct Plan - Annual IDCW;INF789FA1N03;INF789FA1N11;1080.0223;1080.0223;0;18-Mar-2017
120772;UTI Money Market Fund - Direct Plan - Daily IDCW (Reinvestment);;INF789F01XU8;1003.3854;1003.3854;1003.3854;18-Mar-2017
135606;UTI Money Market Fund - Direct Plan - Fortnightly IDCW;INF789FA1M20;INF789FA1M38;1121.0334;1121.0334;0;18-Mar-2017
140023;UTI Money Market Fund - Direct Plan - Half-Yearly IDCW;INF789FA1M87;INF789FA1M95;1041.9458;1041.9458;0;18-Mar-2017
133387;UTI Money Market Fund - Direct Plan - Monthly IDCW;INF789FA1M46;INF789FA1M53;1062.7302;1062.7302;1062.7302;18-Mar-2017
120793;UTI Money Market Fund - Direct Plan - Weekly IDCW;INF789F01XW4;INF789F01XX2;1015.0671;1015.0671;1015.0671;18-Mar-2017
134972;UTI Money Market Fund - Regular Plan - Annual IDCW;INF789FA1L88;INF789FA1L96;1079.468;1079.468;0;18-Mar-2017
112076;UTI Money Market Fund - Regular Plan - Daily IDCW (Reinvestment);;INF789F01PW0;1003.3854;1003.3854;1003.3854;18-Mar-2017
135371;UTI Money Market Fund - Regular Plan - Fortnightly IDCW;INF789FA1L05;INF789FA1L13;1040.6705;1040.6705;0;18-Mar-2017
134763;UTI Money Market Fund - Regular Plan - Half-Yearly IDCW;INF789FA1L62;INF789FA1L70;1018.5008;1018.5008;0;18-Mar-2017
133484;UTI Money Market Fund - Regular Plan - Monthly IDCW;INF789FA1L21;INF789FA1L39;1040.1293;1040.1293;1040.1293;18-Mar-2017
139646;UTI Money Market Fund - Regular Plan - Quarterly IDCW;INF789FA1L47;INF789FA1L54;1045.1164;1045.1164;0;18-Mar-2017
112635;UTI Money Market Fund - Regular Plan - Weekly IDCW;INF789F01PY6;INF789F01PZ3;1015.0549;1015.0549;1015.0549;18-Mar-2017

Close Ended Schemes ( Income )


SBI Mutual Fund
126209;SBI DEBT FUND SERIES - 16 MONTHS - 2 - DIRECT PLAN - GROWTH;INF200KA1DM9;;12.9945;N.A.;N.A.;18-Mar-2017
126210;SBI DEBT FUND SERIES - 16 MONTHS - 2 - REGULAR PLAN - DIVIDEND;INF200KA1DL1;;12.9127;N.A.;N.A.;18-Mar-2017
126211;SBI DEBT FUND SERIES - 16 MONTHS - 2 - REGULAR PLAN - GROWTH;INF200KA1DK3;;12.912;N.A.;N.A.;18-Mar-2017
126212;SBI DEBT FUND SERIES - 16 MONTHS - 2- DIRECT PLAN - DIVIDEND;INF200KA1DN7;;12.9956;N.A.;N.A.;18-Mar-2017
127810;SBI DEBT FUND SERIES - 366 DAYS - 53 - DIRECT PLAN - DIVIDEND;INF200KA1606;;12.9418;N.A.;N.A.;18-Mar-2017
127811;SBI DEBT FUND SERIES - 366 DAYS - 53 - DIRECT PLAN - GROWTH;INF200KA1614;;12.9421;N.A.;N.A.;18-Mar-2017
127812;SBI DEBT FUND SERIES - 366 DAYS - 53 - REGULAR PLAN - DIVIDEND;INF200KA1622;;N.A.;N.A.;N.A.;18-Mar-2017
127813;SBI DEBT FUND SERIES - 366 DAYS - 53 - REGULAR PLAN - GROWTH;INF200KA1630;;12.8828;N.A.;N.A.;18-Mar-2017
128165;SBI DEBT FUND SERIES - 366 DAYS - 54 - DIRECT PLAN - DIVIDEND;INF200KA1788;;12.9367;N.A.;N.A.;18-Mar-2017
128167;SBI DEBT FUND SERIES - 366 DAYS - 54 - REGULAR PLAN - DIVIDEND;INF200KA1804;;12.8385;N.A.;N.A.;18-Mar-2017
128168;SBI DEBT FUND SERIES - 366 DAYS - 54 - REGULAR PLAN - GROWTH;INF200KA1812;;12.8387;N.A.;N.A.;18-Mar-2017
128166;SBI DEBT FUND SERIES - 366 DAYS - 54- DIRECT PLAN - GROWTH;INF200KA1796;;12.9361;N.A.;N.A.;18-Mar-2017
118220;SBI DEBT FUND SERIES - 60 MONTHS - 2 - DIVIDEND;INF200K01QD6;;14.0498;N.A.;N.A.;18-Mar-2017
118221;SBI DEBT FUND SERIES - 60 MONTHS - 2 - GROWTH;INF200K01QC8;;14.0499;N.A.;N.A.;18-Mar-2017
120901;SBI DEBT FUND SERIES - 60 MONTHS - 3 - DIRECT PLAN - DIVIDEND;INF200K01QQ8;;14.2213;N.A.;N.A.;18-Mar-2017
120900;SBI DEBT FUND SERIES - 60 MONTHS - 3 - DIRECT PLAN - GROWTH;INF200K01QP0;;14.2213;N.A.;N.A.;18-Mar-2017
120899;SBI DEBT FUND SERIES - 60 MONTHS - 3 - REGULAR PLAN - DIVIDEND;INF200K01QF1;;13.9178;N.A.;N.A.;18-Mar-2017
120898;SBI DEBT FUND SERIES - 60 MONTHS - 3 - REGULAR PLAN - GROWTH;INF200K01QE4;;13.9178;N.A.;N.A.;18-Mar-2017
126581;SBI DEBT FUND SERIES A - 1 DIRECT - GROWTH;INF200KA1AY0;;12.9957;N.A.;N.A.;18-Mar-2017
126582;SBI DEBT FUND SERIES A - 1 DIRECT PLAN - DIVIDEND;INF200KA1AZ7;;12.9957;N.A.;N.A.;18-Mar-2017
126580;SBI DEBT FUND SERIES A - 1 REGULAR PLAN - GROWTH;INF200KA1AW4;;12.8271;N.A.;N.A.;18-Mar-2017
126583;SBI DEBT FUND SERIES A - 1 REGULAR PLAN DIVIDEND;INF200KA1AX2;;12.8283;N.A.;N.A.;18-Mar-2017
128325;SBI DEBT FUND SERIES A - 10 DIRECT - GROWTH;INF200KA1BC4;;12.847;N.A.;N.A.;18-Mar-2017
128326;SBI DEBT FUND SERIES A - 10 DIRECT PLAN - DIVIDEND;INF200KA1BD2;;12.847;N.A.;N.A.;18-Mar-2017
128327;SBI DEBT FUND SERIES A - 10 REGULAR PLAN - DIVIDEND;INF200KA1BB6;;12.6759;N.A.;N.A.;18-Mar-2017
128328;SBI DEBT FUND SERIES A - 10 REGULAR PLAN - GROWTH;INF200KA1BA8;;12.6761;N.A.;N.A.;18-Mar-2017
128389;SBI DEBT FUND SERIES A - 11 DIRECT PLAN - DIVIDEND;INF200KA1AF9;;N.A.;N.A.;N.A.;18-Mar-2017
128388;SBI DEBT FUND SERIES A - 11 DIRECT PLAN - GROWTH;INF200KA1AE2;;12.8405;N.A.;N.A.;18-Mar-2017
128391;SBI DEBT FUND SERIES A - 11 REGULAR PLAN - DIVIDEND;INF200KA1AD4;;N.A.;N.A.;N.A.;18-Mar-2017
128390;SBI DEBT FUND SERIES A - 11 REGULAR PLAN - GROWTH;INF200KA1AC6;;12.6479;N.A.;N.A.;18-Mar-2017
128672;SBI DEBT FUND SERIES A - 13 DIRECT PLAN - DIVIDEND;INF200KA1978;;N.A.;N.A.;N.A.;18-Mar-2017
128674;SBI DEBT FUND SERIES A - 13 DIRECT PLAN - GROWTH;INF200KA1960;;12.7717;N.A.;N.A.;18-Mar-2017
128673;SBI DEBT FUND SERIES A - 13 REGULAR PLAN - DIVIDEND;INF200KA1952;;12.6609;N.A.;N.A.;18-Mar-2017
128671;SBI DEBT FUND SERIES A - 13 REGULAR PLAN - GROWTH;INF200KA1945;;12.6573;N.A.;N.A.;18-Mar-2017
128696;SBI DEBT FUND SERIES A - 14 DIRECT PLAN - DIVIDEND;INF200KA1AJ1;;N.A.;N.A.;N.A.;18-Mar-2017
128693;SBI DEBT FUND SERIES A - 14 DIRECT PLAN - GROWTH;INF200KA1AI3;;12.7853;N.A.;N.A.;18-Mar-2017
128694;SBI DEBT FUND SERIES A - 14 REGULAR PLAN - DIVIDEND;INF200KA1AH5;;12.5958;N.A.;N.A.;18-Mar-2017
128695;SBI DEBT FUND SERIES A - 14 REGULAR PLAN - GROWTH;INF200KA1AG7;;12.5958;N.A.;N.A.;18-Mar-2017
128701;SBI DEBT FUND SERIES A - 15 DIRECT PLAN - DIVIDEND;INF200K015D7;;12.8369;N.A.;N.A.;18-Mar-2017
128702;SBI DEBT FUND SERIES A - 15 DIRECT PLAN - GROWTH;INF200K014D0;;12.8369;N.A.;N.A.;18-Mar-2017
128703;SBI DEBT FUND SERIES A - 15 REGULAR PLAN - DIVIDEND;INF200K013D2;;12.6393;N.A.;N.A.;18-Mar-2017
128704;SBI DEBT FUND SERIES A - 15 REGULAR PLAN - GROWTH;INF200K012D4;;12.6389;N.A.;N.A.;18-Mar-2017
128930;SBI DEBT FUND SERIES A - 16 DIRECT PLAN - DIVIDEND;INF200KA1AB8;;N.A.;N.A.;N.A.;18-Mar-2017
128931;SBI DEBT FUND SERIES A - 16 DIRECT PLAN - GROWTH;INF200KA1AA0;;12.6708;N.A.;N.A.;18-Mar-2017
128932;SBI DEBT FUND SERIES A - 16 REGULAR PLAN - DIVIDEND;INF200KA1994;;N.A.;N.A.;N.A.;18-Mar-2017
128933;SBI DEBT FUND SERIES A - 16 REGULAR PLAN - GROWTH;INF200KA1986;;12.6517;N.A.;N.A.;18-Mar-2017
129120;SBI DEBT FUND SERIES A - 17 DIRECT PLAN - DIVIDEND;INF200KA1AV6;;12.6857;N.A.;N.A.;18-Mar-2017
129117;SBI DEBT FUND SERIES A - 17 DIRECT PLAN - GROWTH;INF200KA1AU8;;12.6856;N.A.;N.A.;18-Mar-2017
129119;SBI DEBT FUND SERIES A - 17 REGULAR PLAN - DIVIDEND;INF200KA1AT0;;12.6524;N.A.;N.A.;18-Mar-2017
129118;SBI DEBT FUND SERIES A - 17 REGULAR PLAN - GROWTH;INF200KA1AS2;;12.6524;N.A.;N.A.;18-Mar-2017
129297;SBI DEBT FUND SERIES A - 18 DIRECT PLAN - DIVIDEND;INF200KA1BH3;;12.6805;N.A.;N.A.;18-Mar-2017
129299;SBI DEBT FUND SERIES A - 18 DIRECT PLAN - GROWTH;INF200KA1BG5;;12.6804;N.A.;N.A.;18-Mar-2017
129300;SBI DEBT FUND SERIES A - 18 REGULAR PLAN - DIVIDEND;INF200KA1BF7;;12.6467;N.A.;N.A.;18-Mar-2017
129298;SBI DEBT FUND SERIES A - 18 REGULAR PLAN - GROWTH;INF200KA1BE0;;12.6466;N.A.;N.A.;18-Mar-2017
129366;SBI DEBT FUND SERIES A - 19 DIRECT PLAN - DIVIDEND;INF200KA1BP6;;N.A.;N.A.;N.A.;18-Mar-2017
129363;SBI DEBT FUND SERIES A - 19 DIRECT PLAN - GROWTH;INF200KA1BO9;;12.702;N.A.;N.A.;18-Mar-2017
129364;SBI DEBT FUND SERIES A - 19 REGULAR PLAN - DIVIDEND;INF200KA1BN1;;12.6653;N.A.;N.A.;18-Mar-2017
129365;SBI DEBT FUND SERIES A - 19 REGULAR PLAN - GROWTH;INF200KA1BM3;;12.6652;N.A.;N.A.;18-Mar-2017
126912;SBI DEBT FUND SERIES A - 2 DIRECT - GROWTH;INF200KA1CI9;;13.0001;N.A.;N.A.;18-Mar-2017
126913;SBI DEBT FUND SERIES A - 2 DIRECT PLAN - DIVIDEND;INF200KA1CJ7;;N.A.;N.A.;N.A.;18-Mar-2017
126915;SBI DEBT FUND SERIES A - 2 REGULAR PLAN - DIVIDEND;INF200KA1CH1;;12.847;N.A.;N.A.;18-Mar-2017
126914;SBI DEBT FUND SERIES A - 2 REGULAR PLAN - GROWTH;INF200KA1CG3;;12.847;N.A.;N.A.;18-Mar-2017
129391;SBI DEBT FUND SERIES A - 20 DIRECT PLAN - DIVIDEND;INF200KA1BT8;;12.703;N.A.;N.A.;18-Mar-2017
129392;SBI DEBT FUND SERIES A - 20 DIRECT PLAN - GROWTH;INF200KA1BS0;;12.703;N.A.;N.A.;18-Mar-2017
129393;SBI DEBT FUND SERIES A - 20 REGULAR PLAN - DIVIDEND;INF200KA1BR2;;12.6668;N.A.;N.A.;18-Mar-2017
129394;SBI DEBT FUND SERIES A - 20 REGULAR PLAN - GROWTH;INF200KA1BQ4;;12.6663;N.A.;N.A.;18-Mar-2017
129442;SBI DEBT FUND SERIES A - 21 DIRECT PLAN - DIVIDEND;INF200KA1BX0;;N.A.;N.A.;N.A.;18-Mar-2017
129443;SBI DEBT FUND SERIES A - 21 DIRECT PLAN - GROWTH;INF200KA1BW2;;12.6675;N.A.;N.A.;18-Mar-2017
129445;SBI DEBT FUND SERIES A - 21 REGULAR PLAN - DIVIDEND;INF200KA1BV4;;12.6308;N.A.;N.A.;18-Mar-2017
129444;SBI DEBT FUND SERIES A - 21 REGULAR PLAN - GROWTH;INF200KA1BU6;;12.6309;N.A.;N.A.;18-Mar-2017
129658;SBI DEBT FUND SERIES A - 22 DIRECT PLAN - DIVIDEND;INF200KA1CV2;;12.6859;N.A.;N.A.;18-Mar-2017
129661;SBI DEBT FUND SERIES A - 22 DIRECT PLAN - GROWTH;INF200KA1CU4;;12.6859;N.A.;N.A.;18-Mar-2017
129659;SBI DEBT FUND SERIES A - 22 REGULAR PLAN - DIVIDEND;INF200KA1CT6;;12.6316;N.A.;N.A.;18-Mar-2017
129660;SBI DEBT FUND SERIES A - 22 REGULAR PLAN - GROWTH;INF200KA1CS8;;12.6316;N.A.;N.A.;18-Mar-2017
129662;SBI DEBT FUND SERIES A - 23 DIRECT PLAN - DIVIDEND;INF200K011H7;;12.8354;N.A.;N.A.;18-Mar-2017
129663;SBI DEBT FUND SERIES A - 23 DIRECT PLAN - GROWTH;INF200K010H9;;12.8354;N.A.;N.A.;18-Mar-2017
129664;SBI DEBT FUND SERIES A - 23 REGULAR PLAN - DIVIDEND;INF200K019G2;;12.7083;N.A.;N.A.;18-Mar-2017
129665;SBI DEBT FUND SERIES A - 23 REGULAR PLAN - GROWTH;INF200K018G4;;12.7083;N.A.;N.A.;18-Mar-2017
129707;SBI DEBT FUND SERIES A - 24 DIRECT PLAN - DIVIDEND;INF200KA1DR8;;12.6826;N.A.;N.A.;18-Mar-2017
129708;SBI DEBT FUND SERIES A - 24 DIRECT PLAN - GROWTH;INF200KA1DQ0;;12.6824;N.A.;N.A.;18-Mar-2017
129709;SBI DEBT FUND SERIES A - 24 REGULAR PLAN - DIVIDEND;INF200KA1DP2;;12.6286;N.A.;N.A.;18-Mar-2017
129710;SBI DEBT FUND SERIES A - 24 REGULAR PLAN - GROWTH;INF200KA1DO5;;12.6283;N.A.;N.A.;18-Mar-2017
129845;SBI DEBT FUND SERIES A - 25 DIRECT PLAN - DIVIDEND;INF200KA1DV0;;N.A.;N.A.;N.A.;18-Mar-2017
129848;SBI DEBT FUND SERIES A - 25 DIRECT PLAN - GROWTH;INF200KA1DU2;;12.6413;N.A.;N.A.;18-Mar-2017
129846;SBI DEBT FUND SERIES A - 25 REGULAR PLAN - DIVIDEND;INF200KA1DT4;;12.5989;N.A.;N.A.;18-Mar-2017
129847;SBI DEBT FUND SERIES A - 25 REGULAR PLAN - GROWTH;INF200KA1DS6;;12.5985;N.A.;N.A.;18-Mar-2017
129872;SBI DEBT FUND SERIES A - 26 (682 DAYS) DIRECT PLAN - DIVIDEND;INF200K013I1;;N.A.;N.A.;N.A.;18-Mar-2017
129869;SBI DEBT FUND SERIES A - 26 (682 DAYS) DIRECT PLAN - GROWTH;INF200K012I3;;12.5744;N.A.;N.A.;18-Mar-2017
129870;SBI DEBT FUND SERIES A - 26 (682 DAYS) REGULAR PLAN - DIVIDEND;INF200K011I5;;N.A.;N.A.;N.A.;18-Mar-2017
129871;SBI DEBT FUND SERIES A - 26 (682 DAYS) REGULAR PLAN - GROWTH;INF200K010I7;;12.4757;N.A.;N.A.;18-Mar-2017
129971;SBI DEBT FUND SERIES A - 27 (366 DAYS) DIRECT PLAN - DIVIDEND;INF200KA1EE4;;12.5927;N.A.;N.A.;18-Mar-2017
129972;SBI DEBT FUND SERIES A - 27 (366 DAYS) DIRECT PLAN - GROWTH;INF200KA1EF1;;12.5927;N.A.;N.A.;18-Mar-2017
129973;SBI DEBT FUND SERIES A - 27 (366 DAYS) REGULAR PLAN - DIVIDEND;INF200KA1EG9;;12.5535;N.A.;N.A.;18-Mar-2017
129974;SBI DEBT FUND SERIES A - 27 (366 DAYS) REGULAR PLAN - GROWTH;INF200KA1EH7;;12.5538;N.A.;N.A.;18-Mar-2017
130027;SBI DEBT FUND SERIES A - 28 (367 DAYS) - DIRECT PLAN - DIVIDEND;INF200KA1EP0;;N.A.;N.A.;N.A.;18-Mar-2017
130026;SBI DEBT FUND SERIES A - 28 (367 DAYS) - DIRECT PLAN - GROWTH;INF200KA1EO3;;12.5761;N.A.;N.A.;18-Mar-2017
130028;SBI DEBT FUND SERIES A - 28 (367 DAYS) - REGULAR PLAN - DIVIDEND;INF200KA1EN5;;12.5376;N.A.;N.A.;18-Mar-2017
130025;SBI DEBT FUND SERIES A - 28 (367 DAYS) - REGULAR PLAN - GROWTH;INF200KA1EM7;;12.5376;N.A.;N.A.;18-Mar-2017
127111;SBI DEBT FUND SERIES A - 3 DIRECT - GROWTH;INF200KA1AQ6;;12.9531;N.A.;N.A.;18-Mar-2017
127112;SBI DEBT FUND SERIES A - 3 DIRECT PLAN - DIVIDEND;INF200KA1AR4;;N.A.;N.A.;N.A.;18-Mar-2017
127113;SBI DEBT FUND SERIES A - 3 REGULAR PLAN - DIVIDEND;INF200KA1AP8;;12.8451;N.A.;N.A.;18-Mar-2017
127114;SBI DEBT FUND SERIES A - 3 REGULAR PLAN - GROWTH;INF200KA1AO1;;12.8453;N.A.;N.A.;18-Mar-2017
130236;SBI DEBT FUND SERIES A - 31 (367 DAYS) DIRECT PLAN - DIVIDEND;INF200KA1EX4;;N.A.;N.A.;N.A.;18-Mar-2017
130238;SBI DEBT FUND SERIES A - 31 (367 DAYS) DIRECT PLAN - GROWTH;INF200KA1EW6;;12.5218;N.A.;N.A.;18-Mar-2017
130235;SBI DEBT FUND SERIES A - 31 (367 DAYS) REGULAR PLAN - DIVIDEND;INF200KA1EV8;;N.A.;N.A.;N.A.;18-Mar-2017
130237;SBI DEBT FUND SERIES A - 31 (367 DAYS) REGULAR PLAN - GROWTH;INF200KA1EU0;;12.4874;N.A.;N.A.;18-Mar-2017
130282;SBI DEBT FUND SERIES A - 32 (367 DAYS) DIRECT PLAN - DIVIDEND;INF200KA1FB7;;12.5026;N.A.;N.A.;18-Mar-2017
130283;SBI DEBT FUND SERIES A - 32 (367 DAYS) DIRECT PLAN - GROWTH;INF200KA1FA9;;12.5026;N.A.;N.A.;18-Mar-2017
130284;SBI DEBT FUND SERIES A - 32 (367 DAYS) REGULAR PLAN - DIVIDEND;INF200KA1EZ9;;12.4682;N.A.;N.A.;18-Mar-2017
130281;SBI DEBT FUND SERIES A - 32 (367 DAYS) REGULAR PLAN - GROWTH;INF200KA1EY2;;12.4684;N.A.;N.A.;18-Mar-2017
130285;SBI DEBT FUND SERIES A - 33 (36 Months) DIRECT PLAN - DIVIDEND;INF200K015L0;;12.6594;N.A.;N.A.;18-Mar-2017
130286;SBI DEBT FUND SERIES A - 33 (36 Months) DIRECT PLAN - GROWTH;INF200K014L3;;12.6593;N.A.;N.A.;18-Mar-2017
130287;SBI DEBT FUND SERIES A - 33 (36 Months) REGULAR PLAN - DIVIDEND;INF200K013L5;;12.539;N.A.;N.A.;18-Mar-2017
130288;SBI DEBT FUND SERIES A - 33 (36 Months) REGULAR PLAN - GROWTH;INF200K012L7;;12.539;N.A.;N.A.;18-Mar-2017
130321;SBI DEBT FUND SERIES A - 34 (367 Days)  REGULAR PLAN - DIVIDEND;INF200KA1FD3;;N.A.;N.A.;N.A.;18-Mar-2017
130324;SBI DEBT FUND SERIES A - 34 (367 DAYS) DIRECT PLAN - DIVIDEND;INF200KA1FF8;;12.4912;N.A.;N.A.;18-Mar-2017
130322;SBI DEBT FUND SERIES A - 34 (367 DAYS) DIRECT PLAN - GROWTH;INF200KA1FE1;;12.4911;N.A.;N.A.;18-Mar-2017
130323;SBI DEBT FUND SERIES A - 34 (367 DAYS) REGULAR PLAN - GROWTH;INF200KA1FC5;;12.4571;N.A.;N.A.;18-Mar-2017
130444;SBI DEBT FUND SERIES A - 35 (369 DAYS) DIRECT PLAN - DIVIDEND;INF200KA1FN2;;N.A.;N.A.;N.A.;18-Mar-2017
130445;SBI DEBT FUND SERIES A - 35 (369 DAYS) DIRECT PLAN - GROWTH;INF200KA1FM4;;12.5058;N.A.;N.A.;18-Mar-2017
130443;SBI DEBT FUND SERIES A - 35 (369 Days) REGULAR PLAN - DIVIDEND;INF200KA1FL6;;12.4759;N.A.;N.A.;18-Mar-2017
130442;SBI DEBT FUND SERIES A - 35 (369 DAYS) REGULAR PLAN - GROWTH;INF200KA1FK8;;12.4719;N.A.;N.A.;18-Mar-2017
130599;SBI DEBT FUND SERIES A - 36 (36 Months) DIRECT PLAN - DIVIDEND;INF200K017M4;;12.6604;N.A.;N.A.;18-Mar-2017
130601;SBI DEBT FUND SERIES A - 36 (36 Months) DIRECT PLAN - GROWTH;INF200K016M6;;12.6604;N.A.;N.A.;18-Mar-2017
130600;SBI DEBT FUND SERIES A - 36 (36 Months) REGULAR PLAN - DIVIDEND;INF200K015M8;;12.5418;N.A.;N.A.;18-Mar-2017
130602;SBI DEBT FUND SERIES A - 36 (36 Months) REGULAR PLAN - GROWTH;INF200K014M1;;12.5418;N.A.;N.A.;18-Mar-2017
130830;SBI DEBT FUND SERIES A - 38 (1100 DAYS) DIRECT PLAN - DIVIDEND;INF200K019N8;;12.5975;N.A.;N.A.;18-Mar-2017
130831;SBI DEBT FUND SERIES A - 38 (1100 DAYS) DIRECT PLAN - GROWTH;INF200K018N0;;12.5975;N.A.;N.A.;18-Mar-2017
130832;SBI DEBT FUND SERIES A - 38 (1100 Days) REGULAR PLAN - DIVIDEND;INF200K017N2;;12.4821;N.A.;N.A.;18-Mar-2017
130833;SBI DEBT FUND SERIES A - 38 (1100 DAYS) REGULAR PLAN - GROWTH;INF200K016N4;;12.4821;N.A.;N.A.;18-Mar-2017
130984;SBI DEBT FUND SERIES A - 39 (1100 DAYS) - DIRECT PLAN - DIVIDEND;INF200K011P0;;12.6143;N.A.;N.A.;18-Mar-2017
130982;SBI DEBT FUND SERIES A - 39 (1100 DAYS) - REGULAR PLAN - DIVIDEND;INF200K019O6;;12.5002;N.A.;N.A.;18-Mar-2017
130981;SBI DEBT FUND SERIES A - 39 (1100 DAYS) - REGULAR PLAN - GROWTH;INF200K018O8;;12.5001;N.A.;N.A.;18-Mar-2017
130983;SBI DEBT FUNDS SERIES A - 39 (1100 DAYS) - DIRECT PLAN - GROWTH;INF200K010P2;;12.6142;N.A.;N.A.;18-Mar-2017
127337;SBI DEBT FUND SERIES A - 4 DIRECT - GROWTH;INF200K01Z04;;13.0167;N.A.;N.A.;18-Mar-2017
127340;SBI DEBT FUND SERIES A - 4 DIRECT PLAN - DIVIDEND;INF200K01Z12;;13.2462;N.A.;N.A.;18-Mar-2017
127338;SBI DEBT FUND SERIES A - 4 REGULAR PLAN - DIVIDEND;INF200K01Y96;;12.8774;N.A.;N.A.;18-Mar-2017
127339;SBI DEBT FUND SERIES A - 4 REGULAR PLAN - GROWTH;INF200K01Y88;;12.8665;N.A.;N.A.;18-Mar-2017
131129;SBI DEBT FUND SERIES A - 40 (1100 DAYS) - DIRECT PLAN - DIVIDEND;INF200K017Q5;;N.A.;N.A.;N.A.;18-Mar-2017
131128;SBI DEBT FUND SERIES A - 40 (1100 DAYS) - DIRECT PLAN - GROWTH;INF200K016Q7;;12.5652;N.A.;N.A.;18-Mar-2017
131127;SBI DEBT FUND SERIES A - 40 (1100 DAYS) - REGULAR PLAN - DIVIDEND;INF200K015Q9;;12.4554;N.A.;N.A.;18-Mar-2017
131130;SBI DEBT FUND SERIES A - 40 (1100 DAYS) - REGULAR PLAN - GROWTH;INF200K014Q2;;12.4533;N.A.;N.A.;18-Mar-2017
131275;SBI DEBT FUND SERIES A - 42 (1111 DAYS) - DIRECT PLAN - DIVIDEND;INF200K019R9;;N.A.;N.A.;N.A.;18-Mar-2017
131276;SBI DEBT FUND SERIES A - 42 (1111 DAYS) - DIRECT PLAN - GROWTH;INF200K018R1;;12.5946;N.A.;N.A.;18-Mar-2017
131274;SBI DEBT FUND SERIES A - 42 (1111 DAYS) - REGULAR PLAN - DIVIDEND;INF200K017R3;;12.484;N.A.;N.A.;18-Mar-2017
131273;SBI DEBT FUND SERIES A - 42 (1111 DAYS) - REGULAR PLAN - GROWTH;INF200K016R5;;12.484;N.A.;N.A.;18-Mar-2017
131403;SBI DEBT FUND SERIES A - 43 (1111 DAYS) - DIRECT PLAN - DIVIDEND;INF200K011T2;;12.502;N.A.;N.A.;18-Mar-2017
131401;SBI DEBT FUND SERIES A - 43 (1111 DAYS) - DIRECT PLAN - GROWTH;INF200K010T4;;12.5021;N.A.;N.A.;18-Mar-2017
131400;SBI DEBT FUND SERIES A - 43 (1111 DAYS) - REGULAR PLAN - DIVIDEND;INF200K019S7;;12.3941;N.A.;N.A.;18-Mar-2017
131402;SBI DEBT FUND SERIES A - 43 (1111 DAYS) - REGULAR PLAN - GROWTH;INF200K018S9;;12.3941;N.A.;N.A.;18-Mar-2017
131468;SBI DEBT FUND SERIES A - 44 (1111 DAYS) - DIRECT PLAN - DIVIDEND;INF200K014U4;;12.4099;N.A.;N.A.;18-Mar-2017
131469;SBI DEBT FUND SERIES A - 44 (1111 DAYS) - DIRECT PLAN - GROWTH;INF200K013U6;;12.4099;N.A.;N.A.;18-Mar-2017
131467;SBI DEBT FUND SERIES A - 44 (1111 DAYS) - REGULAR PLAN - DIVIDEND;INF200K012U8;;12.3042;N.A.;N.A.;18-Mar-2017
131466;SBI DEBT FUND SERIES A - 44 (1111 DAYS) - REGULAR PLAN - GROWTH;INF200K011U0;;12.3042;N.A.;N.A.;18-Mar-2017
127516;SBI DEBT FUND SERIES A - 5 DIRECT - GROWTH;INF200KA1AM5;;12.9462;N.A.;N.A.;18-Mar-2017
127517;SBI DEBT FUND SERIES A - 5 DIRECT PLAN - DIVIDEND;INF200KA1AN3;;N.A.;N.A.;N.A.;18-Mar-2017
127514;SBI DEBT FUND SERIES A - 5 REGULAR PLAN - DIVIDEND;INF200KA1AL7;;12.855;N.A.;N.A.;18-Mar-2017
127515;SBI DEBT FUND SERIES A - 5 REGULAR PLAN - GROWTH;INF200KA1AK9;;12.855;N.A.;N.A.;18-Mar-2017
128158;SBI DEBT FUND SERIES A - 6 DIRECT - GROWTH;INF200K01Z87;;13.0107;N.A.;N.A.;18-Mar-2017
128159;SBI DEBT FUND SERIES A - 6 DIRECT PLAN - DIVIDEND;INF200K01Z95;;N.A.;N.A.;N.A.;18-Mar-2017
128160;SBI DEBT FUND SERIES A - 6 REGULAR PLAN - DIVIDEND;INF200K01Z79;;12.8146;N.A.;N.A.;18-Mar-2017
128157;SBI DEBT FUND SERIES A - 6 REGULAR PLAN - GROWTH;INF200K01Z61;;12.8151;N.A.;N.A.;18-Mar-2017
128321;SBI DEBT FUND SERIES A - 9 DIRECT - GROWTH;INF200KA1713;;12.9394;N.A.;N.A.;18-Mar-2017
128322;SBI DEBT FUND SERIES A - 9 DIRECT PLAN - DIVIDEND;INF200KA1721;;N.A.;N.A.;N.A.;18-Mar-2017
128324;SBI DEBT FUND SERIES A - 9 REGULAR PLAN - DIVIDEND;INF200KA1739;;N.A.;N.A.;N.A.;18-Mar-2017
128323;SBI DEBT FUND SERIES A - 9 REGULAR PLAN - GROWTH;INF200KA1705;;12.8383;N.A.;N.A.;18-Mar-2017
131594;SBI DEBT FUND SERIES B - 1 (1111 DAYS) - DIRECT PLAN - DIVIDEND;INF200K018U5;;12.4191;N.A.;N.A.;18-Mar-2017
131596;SBI DEBT FUND SERIES B - 1 (1111 DAYS) - DIRECT PLAN - GROWTH;INF200K017U7;;12.4191;N.A.;N.A.;18-Mar-2017
131597;SBI DEBT FUND SERIES B - 1 (1111 DAYS) - REGULAR PLAN - DIVIDEND;INF200K016U9;;12.3174;N.A.;N.A.;18-Mar-2017
131595;SBI DEBT FUND SERIES B - 1 (1111 DAYS) - REGULAR PLAN - GROWTH;INF200K015U1;;12.3174;N.A.;N.A.;18-Mar-2017
134626;SBI Debt Fund Series B - 16 (1100 Days) - Direct Plan - Dividend;INF200KA1CN9;;11.6978;N.A.;N.A.;18-Mar-2017
134623;SBI Debt Fund Series B - 16 (1100 Days) - Regular Plan - Growth;INF200KA1CK5;;11.6243;N.A.;N.A.;18-Mar-2017
134624;SBI Debt Fund Series B -16 (1100 Days) - Direct Plan - Growth;INF200KA1CM1;;11.6978;N.A.;N.A.;18-Mar-2017
134625;SBI Debt Fund Series B -16 (1100 Days) - Regular Plan - Dividend;INF200KA1CL3;;11.6243;N.A.;N.A.;18-Mar-2017
134671;SBI DEBT FUND SERIES B - 17 (1100 DAYS) - DIRECT PLAN - DIVIDEND;INF200KA1CZ3;;11.6773;N.A.;N.A.;18-Mar-2017
134670;SBI DEBT FUND SERIES B - 17 (1100 DAYS) - DIRECT PLAN - GROWTH;INF200KA1CY6;;11.6776;N.A.;N.A.;18-Mar-2017
134669;SBI DEBT FUND SERIES B - 17 (1100 DAYS) - REGULAR PLAN - DIVIDEND;INF200KA1CX8;;11.6051;N.A.;N.A.;18-Mar-2017
134672;SBI DEBT FUND SERIES B - 17 (1100 DAYS) - REGULAR PLAN - GROWTH;INF200KA1CW0;;11.6051;N.A.;N.A.;18-Mar-2017
134688;SBI DEBT FUND SERIES B - 18 (1100 DAYS) - DIRECT PLAN - DIVIDEND;INF200KA1ED6;;11.6591;N.A.;N.A.;18-Mar-2017
134689;SBI DEBT FUND SERIES B - 18 (1100 DAYS) - DIRECT PLAN - GROWTH;INF200KA1EC8;;11.6594;N.A.;N.A.;18-Mar-2017
134687;SBI DEBT FUND SERIES B - 18 (1100 DAYS) - REGULAR PLAN - DIVIDEND;INF200KA1EB0;;11.5877;N.A.;N.A.;18-Mar-2017
134690;SBI DEBT FUND SERIES B - 18 (1100 DAYS) - REGULAR PLAN - GROWTH;INF200KA1EA2;;11.5877;N.A.;N.A.;18-Mar-2017
134771;SBI DEBT FUND SERIES B - 19 (1100 Days) - DIRECT PLAN - DIVIDEND;INF200KA1EI5;;11.6568;N.A.;N.A.;18-Mar-2017
134770;SBI DEBT FUND SERIES B - 19 (1100 Days) - DIRECT PLAN - GROWTH;INF200KA1EJ3;;11.6569;N.A.;N.A.;18-Mar-2017
134769;SBI DEBT FUND SERIES B - 19 (1100 Days) - REGULAR PLAN - DIVIDEND;INF200KA1EK1;;11.5867;N.A.;N.A.;18-Mar-2017
134768;SBI DEBT FUND SERIES B - 19 (1100 Days) - REGULAR PLAN - GROWTH;INF200KA1EL9;;11.5867;N.A.;N.A.;18-Mar-2017
132858;SBI DEBT FUND SERIES B - 2 (1111 DAYS) - DIRECT PLAN - DIVIDEND;INF200K010W8;;12.2702;N.A.;N.A.;18-Mar-2017
132856;SBI DEBT FUND SERIES B - 2 (1111 DAYS) - DIRECT PLAN - GROWTH;INF200K013W2;;12.2702;N.A.;N.A.;18-Mar-2017
132855;SBI DEBT FUND SERIES B - 2 (1111 DAYS) - REGULAR PLAN - DIVIDEND;INF200K012W4;;12.1712;N.A.;N.A.;18-Mar-2017
132857;SBI DEBT FUND SERIES B - 2 (1111 DAYS) - REGULAR PLAN - GROWTH;INF200K011W6;;12.1712;N.A.;N.A.;18-Mar-2017
134810;SBI DEBT FUND SERIES B - 20 (1100 DAYS) - DIRECT PLAN - DIVIDEND;INF200KA1ET2;;11.6424;N.A.;N.A.;18-Mar-2017
134809;SBI DEBT FUND SERIES B - 20 (1100 DAYS) - DIRECT PLAN - GROWTH;INF200KA1ES4;;11.6424;N.A.;N.A.;18-Mar-2017
134811;SBI DEBT FUND SERIES B - 20 (1100 DAYS) - REGULAR PLAN - DIVIDEND;INF200KA1ER6;;11.5731;N.A.;N.A.;18-Mar-2017
134808;SBI DEBT FUND SERIES B - 20 (1100 DAYS) - REGULAR PLAN - GROWTH;INF200KA1EQ8;;11.5731;N.A.;N.A.;18-Mar-2017
135065;SBI DEBT FUND SERIES B - 22 (1100 DAYS) - DIRECT PLAN - DIVIDEND;INF200KA1FR3;;11.5443;N.A.;N.A.;18-Mar-2017
135063;SBI DEBT FUND SERIES B - 22 (1100 DAYS) - DIRECT PLAN - GROWTH;INF200KA1FQ5;;11.5443;N.A.;N.A.;18-Mar-2017
135062;SBI DEBT FUND SERIES B - 22 (1100 DAYS) - REGULAR PLAN - DIVIDEND;INF200KA1FP7;;11.4787;N.A.;N.A.;18-Mar-2017
135064;SBI DEBT FUND SERIES B - 22 (1100 DAYS) - REGULAR PLAN - GROWTH;INF200KA1FO0;;11.4787;N.A.;N.A.;18-Mar-2017
135104;SBI DEBT FUND SERIES B - 23 (1100 DAYS) - DIRECT PLAN - GROWTH;INF200KA1FV5;;11.5072;N.A.;N.A.;18-Mar-2017
135103;SBI DEBT FUND SERIES B - 23 (1100 DAYS) - DIRECT PLAN -DIVIDEND;INF200KA1FW3;;11.5092;N.A.;N.A.;18-Mar-2017
135102;SBI DEBT FUND SERIES B - 23 (1100 DAYS) - REGULAR PLAN - DIVIDEND;INF200KA1FU7;;11.4445;N.A.;N.A.;18-Mar-2017
135105;SBI DEBT FUND SERIES B - 23 (1100 DAYS) - REGULAR PLAN - GROWTH;INF200KA1FT9;;11.4445;N.A.;N.A.;18-Mar-2017
135326;SBI DEBT FUND SERIES B - 25 (1100 DAYS) - DIRECT PLAN - DIVIDEND;INF200KA1GI0;;11.4397;N.A.;N.A.;18-Mar-2017
135324;SBI DEBT FUND SERIES B - 25 (1100 DAYS) - DIRECT PLAN - GROWTH;INF200KA1GH2;;11.4397;N.A.;N.A.;18-Mar-2017
135327;SBI DEBT FUND SERIES B - 25 (1100 DAYS) - REGULAR PLAN - DIVIDEND;INF200KA1GG4;;11.3793;N.A.;N.A.;18-Mar-2017
135325;SBI DEBT FUND SERIES B - 25 (1100 DAYS) - REGULAR PLAN - GROWTH;INF200KA1GF6;;11.3793;N.A.;N.A.;18-Mar-2017
135565;SBI DEBT FUND SERIES B - 26 (1100 DAYS) - DIRECT PLAN - DIVIDEND;INF200KA1GU5;;11.2456;N.A.;N.A.;18-Mar-2017
135564;SBI DEBT FUND SERIES B - 26 (1100 DAYS) - DIRECT PLAN - GROWTH;INF200KA1GT7;;11.2456;N.A.;N.A.;18-Mar-2017
135563;SBI DEBT FUND SERIES B - 26 (1100 DAYS) - REGULAR PLAN - DIVIDEND;INF200KA1GS9;;11.1917;N.A.;N.A.;18-Mar-2017
135566;SBI DEBT FUND SERIES B - 26 (1100 DAYS) - REGULAR PLAN - GROWTH;INF200KA1GR1;;11.1917;N.A.;N.A.;18-Mar-2017
135708;SBI DEBT FUND SERIES B - 27 (1100 DAYS) - DIRECT PLAN - DIVIDEND;INF200KA1GY7;;11.1826;N.A.;N.A.;18-Mar-2017
135710;SBI DEBT FUND SERIES B - 27 (1100 DAYS) - DIRECT PLAN - GROWTH;INF200KA1GX9;;11.1826;N.A.;N.A.;18-Mar-2017
135707;SBI DEBT FUND SERIES B - 27 (1100 DAYS) - REGULAR PLAN - DIVIDEND;INF200KA1GW1;;11.1319;N.A.;N.A.;18-Mar-2017
135709;SBI DEBT FUND SERIES B - 27 (1100 DAYS) - REGULAR PLAN - GROWTH;INF200KA1GV3;;11.1319;N.A.;N.A.;18-Mar-2017
135788;SBI DEBT FUND SERIES B - 28 (1100 DAYS) - DIRECT PLAN - DIVIDEND;INF200KA1HG2;;11.1548;N.A.;N.A.;18-Mar-2017
135786;SBI DEBT FUND SERIES B - 28 (1100 DAYS) - DIRECT PLAN - GROWTH;INF200KA1HF4;;11.1554;N.A.;N.A.;18-Mar-2017
135785;SBI DEBT FUND SERIES B - 28 (1100 DAYS) - REGULAR PLAN - DIVIDEND;INF200KA1HE7;;11.1058;N.A.;N.A.;18-Mar-2017
135787;SBI DEBT FUND SERIES B - 28 (1100 DAYS) - REGULAR PLAN - GROWTH;INF200KA1HD9;;11.1059;N.A.;N.A.;18-Mar-2017
135904;SBI DEBT FUND SERIES B - 29 (1200 DAYS) - DIRECT PLAN - DIVIDEND;INF200KA1HK4;;11.1641;N.A.;N.A.;18-Mar-2017
135905;SBI DEBT FUND SERIES B - 29 (1200 DAYS) - DIRECT PLAN - GROWTH;INF200KA1HJ6;;11.1642;N.A.;N.A.;18-Mar-2017
135903;SBI DEBT FUND SERIES B - 29 (1200 DAYS) - REGULAR PLAN - DIVIDEND;INF200KA1HI8;;11.1172;N.A.;N.A.;18-Mar-2017
135902;SBI DEBT FUND SERIES B - 29 (1200 DAYS) - REGULAR PLAN - GROWTH;INF200KA1HH0;;11.1172;N.A.;N.A.;18-Mar-2017
132991;SBI DEBT FUND SERIES B - 3 (1111 DAYS) - DIRECT PLAN - DIVIDEND;INF200K013Y8;;12.2215;N.A.;N.A.;18-Mar-2017
132994;SBI DEBT FUND SERIES B - 3 (1111 DAYS) - DIRECT PLAN - GROWTH;INF200K012Y0;;12.2215;N.A.;N.A.;18-Mar-2017
132993;SBI DEBT FUND SERIES B - 3 (1111 DAYS) - REGULAR PLAN - DIVIDEND;INF200K011Y2;;12.1241;N.A.;N.A.;18-Mar-2017
132992;SBI DEBT FUND SERIES B - 3 (1111 DAYS) - REGULAR PLAN - GROWTH;INF200K010Y4;;12.1241;N.A.;N.A.;18-Mar-2017
136143;SBI DEBT FUND SERIES B - 31 (1200 DAYS) - DIRECT PLAN - DIVIDEND;INF200KA1HW9;;11.0659;N.A.;N.A.;18-Mar-2017
136142;SBI DEBT FUND SERIES B - 31 (1200 DAYS) - DIRECT PLAN - GROWTH;INF200KA1HV1;;11.0658;N.A.;N.A.;18-Mar-2017
136144;SBI DEBT FUND SERIES B - 31 (1200 DAYS) - REGULAR PLAN - DIVIDEND;INF200KA1HU3;;11.0241;N.A.;N.A.;18-Mar-2017
136141;SBI DEBT FUND SERIES B - 31 (1200 DAYS) - REGULAR PLAN - GROWTH;INF200KA1HT5;;11.0241;N.A.;N.A.;18-Mar-2017
136431;SBI DEBT FUND SERIES B - 33 (1131 DAYS) - DIRECT PLAN - DIVIDEND PAYOUT;INF200KA1II6;;11.0106;N.A.;N.A.;18-Mar-2017
136432;SBI DEBT FUND SERIES B - 33 (1131 DAYS) - DIRECT PLAN - GROWTH;INF200KA1IH8;;11.01;N.A.;N.A.;18-Mar-2017
136434;SBI DEBT FUND SERIES B - 33 (1131 DAYS) - REGULAR PLAN - DIVIDEND PAYOUT;INF200KA1IG0;;10.9708;N.A.;N.A.;18-Mar-2017
136433;SBI DEBT FUND SERIES B - 33 (1131 DAYS) - REGULAR PLAN - GROWTH;INF200KA1IF2;;10.9708;N.A.;N.A.;18-Mar-2017
136477;SBI DEBT FUND SERIES B - 34 (1131 DAYS) - DIRECT PLAN - DIVIDEND PAYOUT;INF200KA1IM8;;10.9776;N.A.;N.A.;18-Mar-2017
136476;SBI DEBT FUND SERIES B - 34 (1131 DAYS) - DIRECT PLAN - GROWTH;INF200KA1IL0;;10.9769;N.A.;N.A.;18-Mar-2017
136475;SBI DEBT FUND SERIES B - 34 (1131 DAYS) - REGULAR PLAN - DIVIDEND PAYOUT;INF200KA1IK2;;10.9388;N.A.;N.A.;18-Mar-2017
136474;SBI DEBT FUND SERIES B - 34 (1131 DAYS) - REGULAR PLAN - GROWTH;INF200KA1IJ4;;10.9388;N.A.;N.A.;18-Mar-2017
136547;SBI DEBT FUND SERIES B - 35 (1131 DAYS) - DIRECT PLAN - DIVIDEND PAYOUT;INF200KA1IQ9;;10.9486;N.A.;N.A.;18-Mar-2017
136548;SBI DEBT FUND SERIES B - 35 (1131 DAYS) - DIRECT PLAN - GROWTH;INF200KA1IP1;;10.9488;N.A.;N.A.;18-Mar-2017
136546;SBI DEBT FUND SERIES B - 35 (1131 DAYS) - REGULAR PLAN - DIVIDEND PAYOUT;INF200KA1IO4;;10.9115;N.A.;N.A.;18-Mar-2017
136545;SBI DEBT FUND SERIES B - 35 (1131 DAYS) - REGULAR PLAN - GROWTH;INF200KA1IN6;;10.9113;N.A.;N.A.;18-Mar-2017
139226;SBI DEBT FUND SERIES B - 36 (1131 DAYS) - DIRECT PLAN - DIVIDEND PAYOUT;INF200KA1IY3;;10.8836;N.A.;N.A.;18-Mar-2017
139227;SBI DEBT FUND SERIES B - 36 (1131 DAYS) - DIRECT PLAN - GROWTH;INF200KA1IX5;;10.8836;N.A.;N.A.;18-Mar-2017
139225;SBI DEBT FUND SERIES B - 36 (1131 DAYS) - REGULAR PLAN - DIVIDEND PAYOUT;INF200KA1IW7;;10.8478;N.A.;N.A.;18-Mar-2017
139228;SBI DEBT FUND SERIES B- 36 (1131 DAYS) - REGULAR PLAN - GROWTH;INF200KA1IV9;;10.8478;N.A.;N.A.;18-Mar-2017
133196;SBI DEBT FUND SERIES B - 4 (1111 DAYS) - DIRECT PLAN - DIVIDEND;INF200K019Z2;;12.1429;N.A.;N.A.;18-Mar-2017
133198;SBI DEBT FUND SERIES B - 4 (1111 DAYS) - DIRECT PLAN - GROWTH;INF200K018Z4;;12.1429;N.A.;N.A.;18-Mar-2017
133197;SBI DEBT FUND SERIES B - 4 (1111 DAYS) - REGULAR PLAN - DIVIDEND;INF200K017Z6;;12.0487;N.A.;N.A.;18-Mar-2017
133195;SBI DEBT FUND SERIES B - 4 (1111 DAYS) - REGULAR PLAN - GROWTH;INF200K016Z8;;12.0487;N.A.;N.A.;18-Mar-2017
139403;SBI DEBT FUND SERIES B - 41(1100 DAYS)- DIRECT PLAN - DIVIDEND PAYOUT;INF200KA1JS3;;10.7206;N.A.;N.A.;18-Mar-2017
139406;SBI DEBT FUND SERIES B - 41(1100 DAYS)- DIRECT PLAN - GROWTH;INF200KA1JR5;;10.7205;N.A.;N.A.;18-Mar-2017
139405;SBI DEBT FUND SERIES B - 41(1100 DAYS)- REGULAR PALN - GROWTH;INF200KA1JP9;;10.692;N.A.;N.A.;18-Mar-2017
139404;SBI DEBT FUND SERIES B - 41(1100 DAYS)- REGULAR PLAN - DIVIDEND PAYOUT;INF200KA1JQ7;;10.6921;N.A.;N.A.;18-Mar-2017
139565;SBI DEBT FUNDS SERIES B - 42 (1100 DAYS) - DIRECT PLAN - DIVIDEND PAYOUT;INF200KA1KB7;;10.5713;N.A.;N.A.;18-Mar-2017
139567;SBI DEBT FUNDS SERIES B - 42 (1100 DAYS) - DIRECT PLAN - GROWTH;INF200KA1KA9;;10.5713;N.A.;N.A.;18-Mar-2017
139564;SBI DEBT FUNDS SERIES B - 42 (1100 DAYS) - REGULAR PLAN - DIVIDEND PAYOUT;INF200KA1JZ8;;10.547;N.A.;N.A.;18-Mar-2017
139566;SBI DEBT FUNDS SERIES B - 42 (1100 DAYS) - REGULAR PLAN - GROWTH;INF200KA1JY1;;10.547;N.A.;N.A.;18-Mar-2017
139790;SBI DEBT FUND SERIES B - 43(1100 DAYS)- DIRECT PLAN - DIVIDEND PAYOUT;INF200KA1KR3;;10.4187;N.A.;N.A.;18-Mar-2017
139791;SBI DEBT FUND SERIES B - 43(1100 DAYS)- DIRECT PLAN - GROWTH;INF200KA1KQ5;;10.4187;N.A.;N.A.;18-Mar-2017
139789;SBI DEBT FUND SERIES B - 43(1100 DAYS)- REGULAR PLAN - GROWTH;INF200KA1KO0;;10.3992;N.A.;N.A.;18-Mar-2017
139788;SBI DEBT FUND SERIES B - 43(1100 DAYS)-REGULAR PLAN - DIVIDEND PAYOUT;INF200KA1KP7;;10.3992;N.A.;N.A.;18-Mar-2017
140012;SBI Debt Fund Series B - 44 (1100 Days) - Direct Plan - Dividend;INF200KA1LD1;;10.2714;N.A.;N.A.;18-Mar-2017
140011;SBI Debt Fund Series B - 44 (1100 Days) - Direct plan - Growth;INF200KA1LC3;;10.2714;N.A.;N.A.;18-Mar-2017
140014;SBI Debt Fund Series B - 44 (1100 Days) - Regular Plan - Dividend;INF200KA1LB5;;10.2564;N.A.;N.A.;18-Mar-2017
140013;SBI Debt Fund Series B - 44 (1100 Days) - Regular Plan - Growth;INF200KA1LA7;;10.2564;N.A.;N.A.;18-Mar-2017
140736;SBI DEBT FUND SERIES B - 46 (1155 DAYS) - DIRECT PLAN - DIVIDEND PAYOUT;INF200KA1MB3;;10.0123;N.A.;N.A.;18-Mar-2017
140735;SBI DEBT FUND SERIES B - 46 (1155 DAYS) - DIRECT PLAN - GROWTH;INF200KA1MA5;;10.0123;N.A.;N.A.;18-Mar-2017
140734;SBI DEBT FUND SERIES B - 46 (1155 DAYS) - REGULAR PLAN - DIVIDEND PAYOUT;INF200KA1LZ4;;10.0107;N.A.;N.A.;18-Mar-2017
140733;SBI DEBT FUND SERIES B - 46 (1155 DAYS) - REGULAR PLAN - GROWTH;INF200KA1LY7;;10.0107;N.A.;N.A.;18-Mar-2017
140764;SBI DEBT FUND SERIES B - 49 (1170 DAYS) - DIRECT PLAN - DIVIDEND PAYOUT;INF200KA1MV1;;10.0185;N.A.;N.A.;18-Mar-2017
140761;SBI DEBT FUND SERIES B - 49 (1170 DAYS) - DIRECT PLAN - GROWTH;INF200KA1MU3;;10.0185;N.A.;N.A.;18-Mar-2017
140762;SBI DEBT FUND SERIES B - 49 (1170 DAYS) - REGULAR PLAN - DIVIDEND PAYOUT;INF200KA1MT5;;10.0178;N.A.;N.A.;18-Mar-2017
140763;SBI DEBT FUND SERIES B - 49 (1170 DAYS) - REGULAR PLAN - GROWTH;INF200KA1MS7;;10.0178;N.A.;N.A.;18-Mar-2017
133333;SBI DEBT FUND SERIES B - 6 (1111 DAYS) - DIRECT PLAN - DIVIDEND;INF200KA1267;;12.0706;N.A.;N.A.;18-Mar-2017
133332;SBI DEBT FUND SERIES B - 6 (1111 DAYS) - DIRECT PLAN - GROWTH;INF200KA1259;;12.0705;N.A.;N.A.;18-Mar-2017
133331;SBI DEBT FUND SERIES B - 6 (1111 DAYS) - REGULAR PLAN - DIVIDEND;INF200KA1242;;11.9774;N.A.;N.A.;18-Mar-2017
133330;SBI DEBT FUND SERIES B - 6 (1111 DAYS) - REGULAR PLAN - GROWTH;INF200KA1234;;11.9774;N.A.;N.A.;18-Mar-2017
133853;SBI DEBT FUND SERIES B - 7 (38 MONTHS) - DIRECT PLAN - DIVIDEND;INF200KA1465;;N.A.;N.A.;N.A.;18-Mar-2017
133856;SBI DEBT FUND SERIES B - 7 (38 MONTHS) - DIRECT PLAN - GROWTH;INF200KA1457;;11.8621;N.A.;N.A.;18-Mar-2017
133854;SBI DEBT FUND SERIES B - 7 (38 MONTHS) - REGUALR PLAN - DIVIDEND;INF200KA1440;;11.7787;N.A.;N.A.;18-Mar-2017
133855;SBI DEBT FUNS SERIES B - 7 (38 MONTHS) - REGULAR PLAN - GROWTH;INF200KA1432;;11.7796;N.A.;N.A.;18-Mar-2017
134316;SBI DEBT FUND SERIES B - 8 (1105 DAYS) - DIRECT PLAN - DIVIDEND;INF200KA1895;;11.8538;N.A.;N.A.;18-Mar-2017
134313;SBI DEBT FUND SERIES B - 8 (1105 DAYS) - DIRECT PLAN - GROWTH;INF200KA1887;;11.8542;N.A.;N.A.;18-Mar-2017
134314;SBI DEBT FUND SERIES B - 8 (1105 DAYS) - REGULAR PLAN - DIVIDEND;INF200KA1879;;11.7747;N.A.;N.A.;18-Mar-2017
134315;SBI DEBT FUND SERIES B - 8 (1105 DAYS) - REGULAR PLAN - GROWTH;INF200KA1861;;11.7747;N.A.;N.A.;18-Mar-2017
134319;SBI DEBT FUND SERIES B - 9 (1105 DAYS) - DIRECT PLAN - DIVIDEND;INF200KA1937;;11.7936;N.A.;N.A.;18-Mar-2017
134320;SBI DEBT FUND SERIES B - 9 (1105 DAYS) - DIRECT PLAN - GROWTH;INF200KA1929;;11.7942;N.A.;N.A.;18-Mar-2017
134318;SBI DEBT FUND SERIES B - 9 (1105 DAYS) - REGULAR PLAN - DIVIDEND;INF200KA1911;;11.7155;N.A.;N.A.;18-Mar-2017
134317;SBI DEBT FUND SERIES B - 9 (1105 DAYS) - REGULAR PLAN - GROWTH;INF200KA1903;;11.7155;N.A.;N.A.;18-Mar-2017
129423;SBI Dual Advantage Fund Series - II Direct Plan - Dividend;INF200K015F2;;12.5395;N.A.;N.A.;18-Mar-2017
129421;SBI Dual Advantage Fund Series - II Direct Plan - Growth;INF200K014F5;;12.54;N.A.;N.A.;18-Mar-2017
129422;SBI Dual Advantage Fund Series - II Regular Plan - Dividend;INF200K013F7;;12.4987;N.A.;N.A.;18-Mar-2017
129424;SBI Dual Advantage Fund Series - II Regular Plan - Growth;INF200K012F9;;12.4987;N.A.;N.A.;18-Mar-2017
130023;SBI Dual Advantage Fund - Series III - Direct Plan - Dividend;INF200K015J4;;12.2369;N.A.;N.A.;18-Mar-2017
130024;SBI Dual Advantage Fund - Series III - Direct Plan - Growth;INF200K014J7;;12.2369;N.A.;N.A.;18-Mar-2017
130022;SBI Dual Advantage Fund - Series III - Regular Plan - Dividend;INF200K013J9;;12.2021;N.A.;N.A.;18-Mar-2017
130021;SBI Dual Advantage Fund - Series III - Regular Plan - Growth;INF200K012J1;;12.2021;N.A.;N.A.;18-Mar-2017
131132;SBI DUAL ADVANTAGE FUND - SERIES IV - DIRECT PLAN - DIVIDEND;INF200K013Q4;;12.1975;N.A.;N.A.;18-Mar-2017
131131;SBI DUAL ADVANTAGE FUND - SERIES IV - DIRECT PLAN - GROWTH;INF200K012Q6;;12.203;N.A.;N.A.;18-Mar-2017
131134;SBI DUAL ADVANTAGE FUND - SERIES IV - REGULAR PLAN - DIVIDEND;INF200K011Q8;;12.1822;N.A.;N.A.;18-Mar-2017
131133;SBI DUAL ADVANTAGE FUND - SERIES IV - REGULAR PLAN - GROWTH;INF200K010Q0;;12.182;N.A.;N.A.;18-Mar-2017
134613;SBI DUAL ADVANTAGE FUND - SERIES IX - DIRECT PLAN - DIVIDEND;INF200KA1CB4;;11.4979;N.A.;N.A.;18-Mar-2017
134614;SBI DUAL ADVANTAGE FUND - SERIES IX - DIRECT PLAN - GROWTH;INF200KA1CA6;;11.4979;N.A.;N.A.;18-Mar-2017
134612;SBI DUAL ADVANTAGE FUND - SERIES IX - REGULAR PLAN - DIVIDEND;INF200KA1BZ5;;11.2472;N.A.;N.A.;18-Mar-2017
134611;SBI DUAL ADVANTAGE FUND - SERIES IX - REGULAR PLAN - GROWTH;INF200KA1BY8;;11.2472;N.A.;N.A.;18-Mar-2017
132920;SBI DUAL ADVANTAGE FUND - SERIES V - DIRECT PLAN - DIVIDEND;INF200K015X5;;11.663;N.A.;N.A.;18-Mar-2017
132919;SBI DUAL ADVANTAGE FUND - SERIES V - DIRECT PLAN - GROWTH;INF200K014X8;;11.6626;N.A.;N.A.;18-Mar-2017
132922;SBI DUAL ADVANTAGE FUND - SERIES V - REGULAR PLAN - DIVIDEND;INF200K013X0;;11.617;N.A.;N.A.;18-Mar-2017
132921;SBI DUAL ADVANTAGE FUND - SERIES V - REGULAR PLAN - GROWTH;INF200K012X2;;11.617;N.A.;N.A.;18-Mar-2017
133283;SBI DUAL ADVANTAGE FUND - SERIES VI - DIRECT PLAN - DIVIDEND;INF200KA1184;;11.6351;N.A.;N.A.;18-Mar-2017
133282;SBI DUAL ADVANTAGE FUND - SERIES VI - DIRECT PLAN - GROWTH;INF200KA1176;;11.6351;N.A.;N.A.;18-Mar-2017
133284;SBI DUAL ADVANTAGE FUND - SERIES VI - REGULAR PLAN - DIVIDEND;INF200KA1168;;11.5924;N.A.;N.A.;18-Mar-2017
133281;SBI DUAL ADVANTAGE FUND - SERIES VI - REGULAR PLAN - GROWTH;INF200KA1150;;11.5924;N.A.;N.A.;18-Mar-2017
133717;SBI DUAL ADVANTAGE FUND - SERIES VII - DIRECT PLAN - DIVIDEND;INF200KA1424;;11.4287;N.A.;N.A.;18-Mar-2017
133716;SBI DUAL ADVANTAGE FUND - SERIES VII - DIRECT PLAN - GROWTH;INF200KA1416;;11.4288;N.A.;N.A.;18-Mar-2017
133715;SBI DUAL ADVANTAGE FUND - SERIES VII - REGULAR PLAN - DIVIDEND;INF200KA1408;;11.3847;N.A.;N.A.;18-Mar-2017
133718;SBI DUAL ADVANTAGE FUND - SERIES VII - REGULAR PLAN - GROWTH;INF200KA1390;;11.3844;N.A.;N.A.;18-Mar-2017
134193;SBI DUAL ADVANTAGE FUND - SERIES VIII - DIRECT PLAN - DIVIDEND;INF200KA1770;;11.2091;N.A.;N.A.;18-Mar-2017
134196;SBI DUAL ADVANTAGE FUND - SERIES VIII - DIRECT PLAN - GROWTH;INF200KA1762;;11.2091;N.A.;N.A.;18-Mar-2017
134194;SBI DUAL ADVANTAGE FUND - SERIES VIII - REGULAR PLAN - DIVIDEND;INF200KA1754;;11.1661;N.A.;N.A.;18-Mar-2017
134195;SBI DUAL ADVANTAGE FUND - SERIES VIII - REGULAR PLAN - GROWTH;INF200KA1747;;11.1657;N.A.;N.A.;18-Mar-2017
135155;SBI DUAL ADVANTAGE FUND - SERIES X - DIRECT PLAN - DIVIDEND;INF200KA1GE9;;11.4087;N.A.;N.A.;18-Mar-2017
135154;SBI DUAL ADVANTAGE FUND - SERIES X - DIRECT PLAN - GROWTH;INF200KA1GD1;;11.4087;N.A.;N.A.;18-Mar-2017
135156;SBI DUAL ADVANTAGE FUND - SERIES X - REGULAR PLAN - DIVIDEND;INF200KA1GC3;;11.1646;N.A.;N.A.;18-Mar-2017
135153;SBI DUAL ADVANTAGE FUND - SERIES X - REGULAR PLAN - GROWTH;INF200KA1GB5;;11.1647;N.A.;N.A.;18-Mar-2017
135377;SBI DUAL ADVANTAGE FUND - SERIES XI - DIRECT PLAN - DIVIDEND;INF200KA1GM2;;11.3185;N.A.;N.A.;18-Mar-2017
135376;SBI DUAL ADVANTAGE FUND - SERIES XI - DIRECT PLAN - GROWTH;INF200KA1GL4;;11.3185;N.A.;N.A.;18-Mar-2017
135379;SBI DUAL ADVANTAGE FUND - SERIES XI - REGULAR PLAN - DIVIDEND;INF200KA1GK6;;11.1144;N.A.;N.A.;18-Mar-2017
135378;SBI DUAL ADVANTAGE FUND - SERIES XI - REGULAR PLAN - GROWTH;INF200KA1GJ8;;11.1143;N.A.;N.A.;18-Mar-2017
135777;SBI DUAL ADVANATGE FUND - SERIES XII - REGULAR PLAN - DIVIDEND;INF200KA1HA5;;11.1112;N.A.;N.A.;18-Mar-2017
135780;SBI DUAL ADVANTAGE FUND - SERIES XII - DIRECT PLAN - DIVIDEND;INF200KA1HC1;;11.261;N.A.;N.A.;18-Mar-2017
135778;SBI DUAL ADVANTAGE FUND - SERIES XII - DIRECT PLAN - GROWTH;INF200KA1HB3;;11.261;N.A.;N.A.;18-Mar-2017
135779;SBI DUAL ADVANTAGE FUND - SERIES XII - REGULAR PLAN - GROWTH;INF200KA1GZ4;;11.1117;N.A.;N.A.;18-Mar-2017
136044;SBI DUAL ADVANTAGE FUND - SERIES XIII - DIRECT PLAN - DIVIDEND;INF200KA1HS7;;11.2968;N.A.;N.A.;18-Mar-2017
136043;SBI DUAL ADVANTAGE FUND - SERIES XIII - DIRECT PLAN - GROWTH;INF200KA1HR9;;11.2968;N.A.;N.A.;18-Mar-2017
136045;SBI DUAL ADVANTAGE FUND - SERIES XIII - REGULAR PLAN - DIVIDEND;INF200KA1HQ1;;11.1598;N.A.;N.A.;18-Mar-2017
136042;SBI DUAL ADVANTAGE FUND - SERIES XIII - REGULAR PLAN - GROWTH;INF200KA1HP3;;11.1596;N.A.;N.A.;18-Mar-2017
140596;SBI DUAL ADVANTAGE FUND - SERIES XIX - DIRECT PLAN - DIVIDEND PAYOUT;INF200KA1LX9;;10.0333;N.A.;N.A.;18-Mar-2017
140597;SBI DUAL ADVANTAGE FUND - SERIES XIX - DIRECT PLAN - GROWTH;INF200KA1LW1;;10.0333;N.A.;N.A.;18-Mar-2017
140598;SBI DUAL ADVANTAGE FUND - SERIES XIX - REGULAR PLAN - DIVIDEND PAYOUT;INF200KA1LV3;;10.0282;N.A.;N.A.;18-Mar-2017
140595;SBI DUAL ADVANTAGE FUND - SERIES XIX - REGULAR PLAN - GROWTH;INF200KA1LU5;;10.0281;N.A.;N.A.;18-Mar-2017
139123;SBI Dual Advantage Fund - Series XV- Direct Plan - Growth;INF200KA1IT3;;10.8802;N.A.;N.A.;18-Mar-2017
139120;SBI Dual Advantage Fund - Series XV- Direct Plan -Dividend Payout;INF200KA1IU1;;10.8802;N.A.;N.A.;18-Mar-2017
139122;SBI Dual Advantage Fund - Series XV- Regular Plan - Dividend Payout;INF200KA1IS5;;10.7636;N.A.;N.A.;18-Mar-2017
139121;SBI Dual Advantage Fund - Series XV- Regular Plan - Growth;INF200KA1IR7;;10.7628;N.A.;N.A.;18-Mar-2017
139531;SBI Dual Advantage Fund - Series XVI - Direct Plan - Dividend Payout;INF200KA1JX3;;10.5055;N.A.;N.A.;18-Mar-2017
139526;SBI Dual Advantage Fund - Series XVI - Direct Plan - Growth;INF200KA1JW5;;10.5074;N.A.;N.A.;18-Mar-2017
139532;SBI Dual Advantage Fund - Series XVI - Regular Plan - Dividend Payout;INF200KA1JV7;;10.4514;N.A.;N.A.;18-Mar-2017
139533;SBI Dual Advantage Fund - Series XVI - Regular Plan - Growth;INF200KA1JU9;;10.4504;N.A.;N.A.;18-Mar-2017
139793;SBI Dual Advantage Fund  XVII - Direct Plan - Dividend Payout;INF200KA1KN2;;10.4028;N.A.;N.A.;18-Mar-2017
139792;SBI Dual Advantage Fund  XVII - Regular Plan - Growth;INF200KA1KK8;;10.3613;N.A.;N.A.;18-Mar-2017
139794;SBI Dual Advantage Fund - Series XVII - Direct Plan - growth;INF200KA1KM4;;10.4025;N.A.;N.A.;18-Mar-2017
139795;SBI Dual Advantage Fund - Series XVII - Regular Plan - Dividend Payout;INF200KA1KL6;;10.3632;N.A.;N.A.;18-Mar-2017
140393;SBI Dual Advantage Fund - Series XVIII - Direct Plan - Dividend Payout;INF200KA1LL4;;10.2205;N.A.;N.A.;18-Mar-2017
140396;SBI Dual Advantage Fund - Series XVIII - Direct Plan - Growth;INF200KA1LK6;;10.3037;N.A.;N.A.;18-Mar-2017
140395;SBI Dual Advantage Fund - Series XVIII - Regular Plan - Dividend Payout;INF200KA1LJ8;;10.2014;N.A.;N.A.;18-Mar-2017
140394;SBI Dual Advantage Fund - Series XVIII - Regular Plan - Growth;INF200KA1LI0;;10.2041;N.A.;N.A.;18-Mar-2017
136358;SBI DUAL ADVANTAGE FUND SERIES XIV- DIRECT PLAN - DIVIDEND PAYOUT;INF200KA1IA3;;11.1915;N.A.;N.A.;18-Mar-2017
136359;SBI DUAL ADVANTAGE FUND SERIES XIV- DIRECT PLAN - GROWTH;INF200KA1HZ2;;11.1915;N.A.;N.A.;18-Mar-2017
136361;SBI DUAL ADVANTAGE FUND SERIES XIV- REGULAR PLAN - DIVIDEND PAYOUT;INF200KA1HY5;;11.0642;N.A.;N.A.;18-Mar-2017
136360;SBI DUAL ADVANTAGE FUND SERIES XIV- REGULAR PLAN - GROWTH;INF200KA1HX7;;11.0618;N.A.;N.A.;18-Mar-2017

Close Ended Schemes ( Growth )


SBI Mutual Fund
131339;SBI EQUITY OPPORTUNITIES FUND - SERIES I - DIRECT PLAN - DIVIDEND;INF200K017S1;;14.0291;N.A.;N.A.;18-Mar-2017
131338;SBI EQUITY OPPORTUNITIES FUND - SERIES I - DIRECT PLAN - GROWTH;INF200K016S3;;14.0217;N.A.;N.A.;18-Mar-2017
131337;SBI EQUITY OPPORTUNITIES FUND - SERIES I - REGULAR PLAN - DIVIDEND;INF200K015S5;;13.9674;N.A.;N.A.;18-Mar-2017
131336;SBI EQUITY OPPORTUNITIES FUND - SERIES I - REGULAR PLAN - GROWTH;INF200K014S8;;13.9675;N.A.;N.A.;18-Mar-2017
133109;SBI EQUITY OPPORTUNITIES FUND - SERIES II - DIRECT PLAN - DIVIDEND;INF200K011Z9;;12.2809;N.A.;N.A.;18-Mar-2017
133108;SBI EQUITY OPPORTUNITIES FUND - SERIES II - DIRECT PLAN - GROWTH;INF200K010Z1;;12.2819;N.A.;N.A.;18-Mar-2017
133107;SBI EQUITY OPPORTUNITIES FUND - SERIES II - REGULAR PLAN - DIVIDEND;INF200K019Y5;;12.2314;N.A.;N.A.;18-Mar-2017
133106;SBI EQUITY OPPORTUNITIES FUND - SERIES II - REGULAR PLAN - GROWTH;INF200K018Y7;;12.2318;N.A.;N.A.;18-Mar-2017
135507;SBI EQUITY OPPORTUNITIES FUND -  SERIES IV - REGULAR PLAN - GROWTH;INF200KA1GP5;;12.1958;N.A.;N.A.;18-Mar-2017
135506;SBI EQUITY OPPORTUNITIES FUND - SERIES IV - DIRECT PLAN - GROWTH;INF200KA1GN0;;12.4497;N.A.;N.A.;18-Mar-2017
135509;SBI Equity Opportunities Fund-Series IV - Direct Plan - Income Distribution cum Capital Withdrawal Option (IDCW);INF200KA1GO8;;12.4468;N.A.;N.A.;18-Mar-2017
135508;SBI Equity Opportunities Fund-Series IV - Regular Plan - Income Distribution cum Capital Withdrawal Option (IDCW);INF200KA1GQ3;;12.1956;N.A.;N.A.;18-Mar-2017
