Scheme Code;Scheme Name;ISIN Div Payout/ISIN Growth;ISIN Div Reinvestment;Net Asset Value;Repurchase Price;Sale Price;Date

Open Ended Schemes ( Debt Scheme - Overnight Fund )


360 ONE Mutual Fund
153703;360 ONE Overnight Fund - Direct Plan - Growth;INF579M01BG4;;1006.8347;;;24-Aug-2025
153700;360 ONE Overnight Fund - Regular Plan - Growth;INF579M01BD1;;1006.7330;;;24-Aug-2025
153702;360 ONE Overnight Fund - Regular Plan - IDCW;INF579M01BE9;INF579M01BF6;1006.7330;;;24-Aug-2025
153701;360 ONE Overnight Fund- Direct Plan - IDCW;INF579M01BH2;INF579M01BI0;1006.8347;;;24-Aug-2025

Aditya Birla Sun Life Mutual Fund
145488;ADITYA BIRLA SUN LIFE OVERNIGHT FUND-  Direct - Monthly Payout of IDCW;INF209KB1ZL4;;1004.4171;;;24-Aug-2025
145489;ADITYA BIRLA SUN LIFE OVERNIGHT FUND-  Direct - Weekly Reinvestment of IDCW;;INF209KB1ZJ8;1000.3211;;;24-Aug-2025
145482;ADITYA BIRLA SUN LIFE OVERNIGHT FUND-  Regular - Weekly Reinvestment of IDCW option;;INF209KB1ZE9;1000.3165;;;24-Aug-2025
145487;ADITYA BIRLA SUN LIFE OVERNIGHT FUND- Direct - Daily Reinvestment of IDCW;;INF209KB1ZI0;1000.02;;;24-Aug-2025
145483;ADITYA BIRLA SUN LIFE OVERNIGHT FUND- Regular - Daily Reinvestment of IDCW;;INF209KB1ZD1;1000.02;;;24-Aug-2025
145485;ADITYA BIRLA SUN LIFE OVERNIGHT FUND- Regular- Monthly Payout of IDCW option;INF209KB1ZG4;;1004.3278;;;24-Aug-2025
145486;ADITYA BIRLA SUN LIFE OVERNIGHT FUND-DIRECT PLAN-GROWTH;INF209KB1ZH2;;1411.9161;;;24-Aug-2025
145481;ADITYA BIRLA SUNLIFE OVERNIGHT FUND-REGULAR PLAN-GROWTH;INF209KB1ZC3;;1400.8943;;;24-Aug-2025

Axis Mutual Fund
146679;Axis Overnight Fund - Direct Plan - Daily IDCW;;INF846K01N99;1000.5073;;;24-Aug-2025
146675;Axis Overnight Fund - Direct Plan - Growth Option;INF846K01N65;;1381.4863;;;24-Aug-2025
146677;Axis Overnight Fund - Direct Plan - Monthly IDCW;INF846K01N73;INF846K01N81;1005.2515;;;24-Aug-2025
146676;Axis Overnight Fund - Direct Plan - Weekly IDCW;INF846K01N40;INF846K01N57;1001.5953;;;24-Aug-2025
146682;Axis Overnight Fund - Regular Plan - Daily IDCW;;INF846K01O56;1000.5032;;;24-Aug-2025
146678;Axis Overnight Fund - Regular Plan - Growth Option;INF846K01O23;;1376.7045;;;24-Aug-2025
146681;Axis Overnight Fund - Regular Plan - Monthly IDCW;INF846K01O31;INF846K01O49;1005.2097;;;24-Aug-2025
146680;Axis Overnight Fund - Regular Plan - Weekly IDCW;INF846K01O07;INF846K01O15;1001.5579;;;24-Aug-2025

Bajaj Finserv Mutual Fund
153437;Bajaj Finserv Overnight Fund - Direct - Unclaimed less than 3 years IDCW Plan;INF0QA701AE3;;1017.4138;;;24-Aug-2025
153438;Bajaj Finserv Overnight Fund - Direct - Unclaimed less than 3 years Redemption Plan;INF0QA701AF0;;1022.8919;;;24-Aug-2025
151843;Bajaj Finserv Overnight Fund - Direct Plan - Daily - IDCW;;INF0QA701185;1033.1412;;;24-Aug-2025
151850;Bajaj Finserv Overnight Fund - Direct Plan - Fortnightly - IDCW;INF0QA701235;INF0QA701201;1035.1396;;;24-Aug-2025
151849;Bajaj Finserv Overnight Fund - Direct Plan - Growth;INF0QA701177;;1144.8413;;;24-Aug-2025
151845;Bajaj Finserv Overnight Fund - Direct Plan - Monthly - IDCW;INF0QA701243;INF0QA701219;1034.0807;;;24-Aug-2025
151844;Bajaj Finserv Overnight Fund - Direct Plan - Weekly - IDCW;INF0QA701227;INF0QA701193;1034.0633;;;24-Aug-2025
151852;Bajaj Finserv Overnight Fund - Regular Plan - Daily - IDCW;;INF0QA701292;1032.8859;;;24-Aug-2025
151847;Bajaj Finserv Overnight Fund - Regular Plan - Fortnightly - IDCW;INF0QA701318;INF0QA701276;1034.8988;;;24-Aug-2025
151851;Bajaj Finserv Overnight Fund - Regular Plan - Growth;INF0QA701250;;1143.6177;;;24-Aug-2025
151848;Bajaj Finserv Overnight Fund - Regular Plan - Monthly - IDCW;INF0QA701326;INF0QA701284;1033.8037;;;24-Aug-2025
151846;Bajaj Finserv Overnight Fund - Regular Plan - Weekly - IDCW;INF0QA701300;INF0QA701268;1033.8424;;;24-Aug-2025

Bandhan Mutual Fund
146190;BANDHAN Overnight Fund - Direct Plan - Daily IDCW;INF194KB1462;INF194KB1470;1000.0073;;;24-Aug-2025
146191;BANDHAN Overnight Fund - Direct Plan - Growth;INF194KB1447;;1392.1590;;;24-Aug-2025
146183;BANDHAN Overnight Fund - Direct Plan - Monthly IDCW;INF194KB1496;INF194KB1504;1003.7037;;;24-Aug-2025
146184;BANDHAN Overnight Fund - Direct Plan - Periodic IDCW;INF194KB1520;INF194KB1538;1268.5112;;;24-Aug-2025
146192;BANDHAN Overnight Fund - Direct Plan - Weekly IDCW;INF194KB1553;INF194KB1561;1000.3276;;;24-Aug-2025
146188;BANDHAN Overnight Fund - Regular Plan - Daily IDCW;INF194KB1330;INF194KB1348;1000.0073;;;24-Aug-2025
146187;BANDHAN Overnight Fund - Regular Plan - Growth;INF194KB1314;;1382.2270;;;24-Aug-2025
146185;BANDHAN Overnight Fund - Regular Plan - Monthly IDCW;INF194KB1363;INF194KB1371;1003.6746;;;24-Aug-2025
146189;BANDHAN Overnight Fund - Regular Plan - Weekly IDCW;INF194KB1421;INF194KB1439;1001.2308;;;24-Aug-2025
146186;BANDHAN Overnight Fund - REGULAR PLAN PERIODIC IDCW;INF194KB1397;INF194KB1405;1264.7373;;;24-Aug-2025

Bank of India Mutual Fund
147951;BANK OF INDIA Overnight Fund Direct Plan Growth;INF761K01EU7;;1325.0574;;;24-Aug-2025
147952;BANK OF INDIA Overnight Fund Direct Plan- Daily IDCW;;INF761K01EV5;1000.0000;;;24-Aug-2025
147948;BANK OF INDIA Overnight Fund Direct Plan- Monthly IDCW;INF761K01EY9;INF761K01EX1;1004.0759;;;24-Aug-2025
147936;BANK OF INDIA Overnight Fund Regular Plan Growth;INF761K01EZ6;;1321.3686;;;24-Aug-2025
147953;BANK OF INDIA Overnight Fund Regular Plan- Daily IDCW;;INF761K01FA6;1000.0000;;;24-Aug-2025
147949;BANK OF INDIA Overnight Fund Regular Plan- Monthly IDCW;INF761K01FD0;INF761K01FC2;1004.0513;;;24-Aug-2025
149412;BANK OF INDIA Overnight Fund Unclaimed IDCW Plan - Greater than 3 Years;;;1000.0000;;;24-Aug-2025
149414;BANK OF INDIA Overnight Fund Unclaimed IDCW Plan - Up to 3 Years;;;1245.8652;;;24-Aug-2025
149415;BANK OF INDIA Overnight Fund Unclaimed Redemption Plan - Greater than 3 Years;;;1000.0000;;;24-Aug-2025
149413;BANK OF INDIA Overnight Fund Unclaimed Redemption Plan - Upto 3 Years;;;1246.1606;;;24-Aug-2025

Baroda BNP Paribas Mutual Fund
147197;Baroda BNP Paribas Overnight Fund - Direct Plan - Daily IDCW;;INF955L01HW2;1000.0028;;;24-Aug-2025
147196;Baroda BNP Paribas Overnight Fund - Direct Plan - Growth;INF955L01HV4;;1370.9326;;;24-Aug-2025
147195;Baroda BNP Paribas Overnight Fund - Direct Plan - Weekly IDCW;;INF955L01HX0;1000.8549;;;24-Aug-2025
149988;Baroda BNP Paribas Overnight Fund - Plan C - Unclaimed IDCW - Greater than 3 years;;;1000.0000;;;24-Aug-2025
149991;Baroda BNP Paribas Overnight Fund - Plan C - Unclaimed IDCW - Up to 3 years;;;1230.0381;;;24-Aug-2025
149990;Baroda BNP Paribas Overnight Fund - Plan C - Unclaimed Redemption - Greater than 3 years;;;1000.0000;;;24-Aug-2025
149989;Baroda BNP Paribas Overnight Fund - Plan C - Unclaimed Redemption - Up to 3 years;;;1230.0093;;;24-Aug-2025
147194;Baroda BNP Paribas Overnight Fund - Regular Plan - Daily IDCW;;INF955L01HT8;1000.0018;;;24-Aug-2025
147193;Baroda BNP Paribas Overnight Fund - Regular Plan - Growth;INF955L01HS0;;1365.2817;;;24-Aug-2025
147198;Baroda BNP Paribas Overnight Fund - Regular Plan - Weekly IDCW;;INF955L01HU6;1001.3279;;;24-Aug-2025

Canara Robeco Mutual Fund
147532;CANARA ROBECO OVERNIGHT FUND - DIRECT PLAN - DAILY IDCW (Reinvestment);;INF760K01JN3;1001.0012;;;24-Aug-2025
147531;CANARA ROBECO OVERNIGHT FUND - DIRECT PLAN - GROWTH OPTION;INF760K01JM5;;1348.0655;;;24-Aug-2025
147533;CANARA ROBECO OVERNIGHT FUND - REGULAR PLAN - DAILY IDCW (Reinvestment);;INF760K01JP8;1001.0000;;;24-Aug-2025
147534;CANARA ROBECO OVERNIGHT FUND - REGULAR PLAN - GROWTH OPTION;INF760K01JO1;;1346.7283;;;24-Aug-2025

DSP Mutual Fund
146062;DSP Overnight Fund - Direct Plan - Growth;INF740KA1MC8;;1398.1507;;;24-Aug-2025
146065;DSP Overnight Fund - Direct Plan - IDCW - Daily;;INF740KA1OR2;1000.0099;;;24-Aug-2025
146061;DSP Overnight Fund - Regular Plan - Growth;INF740KA1MB0;;1390.7260;;;24-Aug-2025
146066;DSP Overnight Fund - Regular Plan - IDCW - Daily;;INF740KA1OU6;1000.0099;;;24-Aug-2025
146063;DSP Overnight Fund - Regular Plan - IDCW - Weekly;INF740KA1OV4;INF740KA1OW2;1000.6781;;;24-Aug-2025
149313;Unclaimed IDCW - Beyond 3 years (Invested in DSP Overnight Fund);;;10.0000;;;24-Aug-2025
149312;Unclaimed IDCW - Upto 3 years (Invested in DSP Overnight Fund);;;12.4544;;;24-Aug-2025
149311;Unclaimed Redemption - Beyond 3 years (Invested in DSP Overnight Fund);;;10.0000;;;24-Aug-2025
149310;Unclaimed Redemption - Upto 3 years (Invested in DSP Overnight Fund);;;12.4544;;;24-Aug-2025

Edelweiss Mutual Fund
147551;Edelweiss Overnight Fund - Direct Plan - Annual - IDCW Option;INF754K01KD5;INF754K01KC7;1351.0684;;;24-Aug-2025
147557;Edelweiss Overnight Fund - Direct Plan - Daily - IDCW Option;;INF754K01JW7;1000.1506;;;24-Aug-2025
147570;Edelweiss Overnight Fund - Direct Plan - Growth;INF754K01JV9;;1350.6082;;;24-Aug-2025
147554;Edelweiss Overnight Fund - Direct Plan - Monthly - IDCW Option;INF754K01KB9;INF754K01KA1;1062.0859;;;24-Aug-2025
147556;Edelweiss Overnight Fund - Regular Plan - Annual - IDCW Option;INF754K01KM6;INF754K01KL8;1346.0659;;;24-Aug-2025
147552;Edelweiss Overnight Fund - Regular Plan - Daily - IDCW Option;;INF754K01KF0;1008.333;;;24-Aug-2025
147549;Edelweiss Overnight Fund - Regular Plan - Fortnightly - IDCW Option;INF754K01KI4;INF754K01KH6;1096.7038;;;24-Aug-2025
147569;Edelweiss Overnight Fund - Regular Plan - Growth;INF754K01KE3;;1346.0602;;;24-Aug-2025
147555;Edelweiss Overnight Fund - Regular Plan - Monthly - IDCW Option;INF754K01KK0;INF754K01KJ2;1008.7235;;;24-Aug-2025
147553;Edelweiss Overnight Fund - Regular Plan - Weekly - IDCW Option;;INF754K01KG8;1017.2435;;;24-Aug-2025
149476;Edelweiss Overnight Fund - Unclaimed IDCW Plan - Above 3 years;;;1000;;;24-Aug-2025
149477;Edelweiss Overnight Fund - Unclaimed IDCW Plan - Upto 3 years;;;1235.7334;;;24-Aug-2025
149479;Edelweiss Overnight Fund - Unclaimed Redemption Plan - Above 3 years;;;1000;;;24-Aug-2025
149478;Edelweiss Overnight Fund - Unclaimed Redemption Plan - Upto 3 years;;;1235.7319;;;24-Aug-2025

Franklin Templeton Mutual Fund
147215;Franklin India Overnight Fund - Daily Dividend Plan - Daily - IDCW;;INF090I01SM2;1000.0001;;;24-Aug-2025
147212;Franklin India Overnight Fund - Direct Daily Dividend Plan - Daily - IDCW;;INF090I01ST7;1000.0008;;;24-Aug-2025
147211;Franklin India Overnight Fund - Direct Weekly Dividend Plan - Weekly - IDCW;INF090I01SR1;INF090I01SQ3;1000.0026;;;24-Aug-2025
147216;Franklin India Overnight Fund - Weekly Dividend Plan - Weekly - IDCW;INF090I01SN0;INF090I01SP5;1000.0066;;;24-Aug-2025
147213;Franklin India Overnight fund- Growth;INF090I01SO8;;1356.8129;;;24-Aug-2025
147214;Franklin India Overnight Fund- Growth - Direct;INF090I01SS9;;1361.1475;;;24-Aug-2025
149445;Franklin India Overnight Fund- Unclaimed IDCW Investor Education Plan;;;10.0000;;;24-Aug-2025
149443;Franklin India Overnight Fund- Unclaimed IDCW Plan;;;12.3539;;;24-Aug-2025
149444;Franklin India Overnight Fund- Unclaimed Redemption Investor EducationPlan;;;10.0000;;;24-Aug-2025
149446;Franklin India Overnight Fund- Unclaimed Redemption Plan;;;12.3539;;;24-Aug-2025

Groww Mutual Fund
147458;Groww Overnight Fund (formerly known as Indiabulls Overnight Fund)- Direct Plan- - Income Distribution cum capital withdrawal Option ( Reinvestment);;INF666M01GM6;1001.217;;;24-Aug-2025
147452;Groww Overnight Fund (formerly known as Indiabulls Overnight Fund)- Direct Plan- Fortnightly - Income Distribution cum capital withdrawal Option (Payout & Reinvestment);INF666M01GP9;INF666M01GQ7;1217.1101;;;24-Aug-2025
147450;Groww Overnight Fund (formerly known as Indiabulls Overnight Fund)- Direct Plan- Growth Option;INF666M01GL8;;1345.7074;;;24-Aug-2025
147453;Groww Overnight Fund (formerly known as Indiabulls Overnight Fund)- Direct Plan- Monthly - Income Distribution cum capital withdrawal Option (Payout & Reinvestment);INF666M01GR5;INF666M01GS3;1004.7424;;;24-Aug-2025
147451;Groww Overnight Fund (formerly known as Indiabulls Overnight Fund)- Direct Plan- Weekly - Income Distribution cum capital withdrawal Option (Payout & Reinvestment);INF666M01GN4;INF666M01GO2;1002.9099;;;24-Aug-2025
147455;Groww Overnight Fund (formerly known as Indiabulls Overnight Fund)- Regular Plan- - Income Distribution cum capital withdrawal Option ( Reinvestment);;INF666M01GU9;1001.0359;;;24-Aug-2025
147457;Groww Overnight Fund (formerly known as Indiabulls Overnight Fund)- Regular Plan- Fortnightly - Income Distribution cum capital withdrawal Option (Payout & Reinvestment);INF666M01GX3;INF666M01GY1;1002.7536;;;24-Aug-2025
147454;Groww Overnight Fund (formerly known as Indiabulls Overnight Fund)- Regular Plan- Growth Option;INF666M01GT1;;1338.0747;;;24-Aug-2025
147459;Groww Overnight Fund (formerly known as Indiabulls Overnight Fund)- Regular Plan- Monthly - Income Distribution cum capital withdrawal Option (Payout & Reinvestment);INF666M01GZ8;INF666M01HA9;1004.6974;;;24-Aug-2025
147456;Groww Overnight Fund (formerly known as Indiabulls Overnight Fund)- Regular Plan- Weekly - Income Distribution cum capital withdrawal Option (Payout & Reinvestment);INF666M01GV7;INF666M01GW5;1001.8351;;;24-Aug-2025
149394;Groww Overnight Fund (formerly known as Indiabulls Overnight Fund)- Unclaimed Dividend < 3 years;;;1239.6175;;;24-Aug-2025
149396;Groww Overnight Fund (formerly known as Indiabulls Overnight Fund)- Unclaimed Redemption < 3 Years;;;1233.4561;;;24-Aug-2025

HDFC Mutual Fund
119109;HDFC Overnight Fund - Daily IDCW Option - Direct Plan;;INF179KB1HY1;1042.66;;;24-Aug-2025
101996;HDFC Overnight Fund - Growth Option;INF179KB1HS3;;3833.0196;;;24-Aug-2025
119110;HDFC Overnight Fund - Growth Option - Direct Plan;INF179KB1HT1;;3870.5157;;;24-Aug-2025
101997;HDFC Overnight Fund - IDCW Option (Daily);;INF179KB1IF8;1042.66;;;24-Aug-2025

Helios Mutual Fund
152151;Helios Overnight Fund - Direct Plan - Daily IDCW Option;INF0R8701087;;1000.0000;;;24-Aug-2025
152152;Helios Overnight Fund - Direct Plan - Growth Option;INF0R8701079;;1120.8031;;;24-Aug-2025
152154;Helios Overnight Fund - Regular Plan - Daily IDCW Option;INF0R8701103;;1000.0000;;;24-Aug-2025
152153;Helios Overnight Fund - Regular Plan - Growth Option;INF0R8701095;;1119.7743;;;24-Aug-2025

HSBC Mutual Fund
147291;HSBC Overnight Fund - Direct Daily IDCW;;INF336L01OG4;1000.0149;;;24-Aug-2025
147287;HSBC Overnight Fund - Direct Growth;INF336L01OF6;;1365.9884;;;24-Aug-2025
147300;HSBC Overnight Fund - Direct Monthly IDCW;INF336L01OK6;INF336L01OI0;1004.4046;;;24-Aug-2025
147296;HSBC Overnight Fund - Direct Weekly IDCW;INF336L01OJ8;INF336L01OH2;1000.7748;;;24-Aug-2025
147289;HSBC Overnight Fund - Regular Daily IDCW;;INF336L01OM2;1000.0149;;;24-Aug-2025
147290;HSBC Overnight Fund - Regular Growth;INF336L01OL4;;1355.0192;;;24-Aug-2025
147301;HSBC Overnight Fund - Regular Monthly IDCW;INF336L01OQ3;INF336L01OO8;1004.3395;;;24-Aug-2025
147288;HSBC Overnight Fund - Regular Weekly IDCW;INF336L01OP5;INF336L01ON0;1000.7737;;;24-Aug-2025
150501;HSBC Overnight Fund - Unclaimed IDCW Above three years;;;1000;;;24-Aug-2025
150499;HSBC Overnight Fund - Unclaimed IDCW Below three years;;;1212.3069;;;24-Aug-2025
150500;HSBC Overnight Fund - Unclaimed Redemption above three years;;;1000;;;24-Aug-2025
150502;HSBC Overnight Fund - Unclaimed Redemption Below three years;;;1212.3226;;;24-Aug-2025

ICICI Prudential Mutual Fund
145547;ICICI Prudential Overnight Fund - Daily IDCW;;INF109KC18E1;1000.0050;;;24-Aug-2025
145537;ICICI Prudential Overnight Fund - Direct Plan - Daily IDCW;;INF109KC12G9;1000.0050;;;24-Aug-2025
145536;ICICI Prudential Overnight Fund - Direct Plan - Growth;INF109KC11G1;;1406.5763;;;24-Aug-2025
149411;ICICI Prudential Overnight fund - Direct Plan - Unclaimed IDCW Stable Scheme;INF109KC18H4;;1000.0000;;;24-Aug-2025
149408;ICICI Prudential Overnight fund - Direct Plan - Unclaimed IDCW Transitory Scheme;INF109KC16H8;;1241.0414;;;24-Aug-2025
149409;ICICI Prudential Overnight fund - Direct Plan - Unclaimed Redemption Stable Scheme;INF109KC17H6;;1000.0000;;;24-Aug-2025
149410;ICICI Prudential Overnight fund - Direct Plan - Unclaimed Redemption Transitory Scheme;INF109KC15H0;;1241.0599;;;24-Aug-2025
145539;ICICI Prudential Overnight Fund - Direct Plan - Weekly IDCW;INF109KC16G0;INF109KC15G2;1000.8967;;;24-Aug-2025
145535;ICICI Prudential Overnight Fund - Growth;INF109KC17E3;;1398.5704;;;24-Aug-2025
145538;ICICI Prudential Overnight Fund - Weekly IDCW;INF109KC12F1;INF109KC11F3;1000.8853;;;24-Aug-2025

Invesco Mutual Fund
147884;Invesco India Overnight Fund - Direct Plan - Daily IDCW (Reinvestment);;INF205KA1122;1000.5303;;;24-Aug-2025
147883;Invesco India Overnight Fund - Direct Plan - Growth;INF205KA1163;;1318.8824;;;24-Aug-2025
147886;Invesco India Overnight Fund - Direct Plan - Monthly IDCW (Payout / Reinvestment);INF205KA1155;INF205KA1148;1003.7112;;;24-Aug-2025
147880;Invesco India Overnight Fund - Regular Plan - Daily IDCW (Reinvestment);;INF205KA1072;1000.1395;;;24-Aug-2025
147878;Invesco India Overnight Fund - Regular Plan - Growth;INF205KA1114;;1314.7057;;;24-Aug-2025
147879;Invesco India Overnight Fund - Regular Plan - Monthly IDCW (Payout / Reinvestment);INF205KA1106;INF205KA1098;1003.835;;;24-Aug-2025
147881;Invesco India Overnight Fund - Regular Plan - Weekly IDCW (Reinvestment);;INF205KA1080;1001.1107;;;24-Aug-2025

ITI Mutual Fund
147713;ITI Overnight Fund - Direct Plan - Growth Option;INF00XX01564;;1323.0802;;;24-Aug-2025
147717;ITI Overnight Fund - Direct Plan - Monthly IDCW Option;INF00XX01630;INF00XX01606;1005.1576;;;24-Aug-2025
147709;ITI Overnight Fund - Regular Plan - Daily IDCW Option;;INF00XX01481;1000.9997;;;24-Aug-2025
147716;ITI Overnight Fund - Regular Plan - Fortnightly IDCW Option;INF00XX01531;INF00XX01507;1002.7620;;;24-Aug-2025
147714;ITI Overnight Fund - Regular Plan - Growth Option;INF00XX01473;;1315.2664;;;24-Aug-2025
147718;ITI Overnight Fund - Regular Plan - Monthly IDCW Option;INF00XX01549;INF00XX01515;1001.0714;;;24-Aug-2025
147712;ITI Overnight Fund - Regular Plan - Weekly IDCW Option;;INF00XX01499;1001.7144;;;24-Aug-2025

Jio BlackRock Mutual Fund
153650;JioBlackRock Overnight Fund - Direct Plan - Growth Option;INF22M001036;;1007.9274;;;24-Aug-2025

JM Financial Mutual Fund
147838;JM Overnight Fund (Direct) - Daily IDCW;;INF192K01LY2;1000;;;24-Aug-2025
147835;JM Overnight Fund (Direct) - Weekly IDCW;INF192K01LZ9;INF192K01MA0;1000.738;;;24-Aug-2025
147839;JM Overnight Fund (Regular) - Daily IDCW;;INF192K01LU0;1000;;;24-Aug-2025
147836;JM Overnight Fund (Regular) - Growth;INF192K01LX4;;1318.9843;;;24-Aug-2025
147834;JM Overnight Fund (Regular) - Weekly IDCW;INF192K01LV8;INF192K01LW6;1000.7265;;;24-Aug-2025
147837;JM Overnight Fund - (Direct) - Growth;INF192K01MB8;;1324.2641;;;24-Aug-2025
149828;JM Overnight Fund - (Direct) - Unclaimed IDCW - Growth Plan;;;1331.9673;;;24-Aug-2025
149827;JM Overnight Fund - (Direct) - Unclaimed IDCW I.E.F. - Growth Plan;;;1073.9936;;;24-Aug-2025
149829;JM Overnight Fund - (Direct) - Unclaimed Redemption - Growth Plan;;;1324.284;;;24-Aug-2025
149826;JM Overnight Fund - (Direct) - Unclaimed Redemption I.E.F. - Growth Plan;;;1073.9936;;;24-Aug-2025

Kotak Mahindra Mutual Fund
146141;Kotak Overnight Fund -Direct Plan-Growth Option;INF174KA1BF9;;1392.5921;;;24-Aug-2025
146142;Kotak Overnight Fund -Regular plan-Growth Option;INF174KA1BC6;;1384.1902;;;24-Aug-2025
146140;Kotak Overnight Fund-Direct Plan- Daily Reinvestment of Income Distribution cum capital withdrawal option;;INF174KA1BE2;1003.6055;;;24-Aug-2025
146138;Kotak Overnight Fund-Regular Plan- Daily Reinvestment of Income Distribution cum capital withdrawal option;;INF174KA1BB8;1004.7568;;;24-Aug-2025

LIC Mutual Fund
147516;LIC MF Overnight Fund-Direct Plan-Daily IDCW;;INF767K01QG7;1075.7214;;;24-Aug-2025
147515;LIC MF Overnight Fund-Direct Plan-Growth;INF767K01QI3;;1353.0818;;;24-Aug-2025
147513;LIC MF Overnight Fund-Direct Plan-IDCW;INF767K01QE2;INF767K01QF9;1353.1251;;;24-Aug-2025
147514;LIC MF Overnight Fund-Direct Plan-Weekly IDCW;;INF767K01QH5;1054.5477;;;24-Aug-2025
147519;LIC MF Overnight Fund-Regular Plan-Growth;INF767K01QD4;;1342.5796;;;24-Aug-2025
147512;LIC MF Overnight Fund-Regular Plan-IDCW;INF767K01PZ9;INF767K01QA0;1187.5209;;;24-Aug-2025
147518;LIC MF Overnight Fund-Regular Plan-Weekly IDCW;;INF767K01QC6;1180.1747;;;24-Aug-2025

Mahindra Manulife Mutual Fund
147563;Mahindra Manulife Overnight Fund - Direct Plan - Daily IDCW;;INF174V01846;1354.4724;;;24-Aug-2025
147564;Mahindra Manulife Overnight Fund - Direct Plan -Growth;INF174V01838;;1351.1539;;;24-Aug-2025
147566;Mahindra Manulife Overnight Fund - Regular Plan - Daily IDCW;;INF174V01820;1190.9084;;;24-Aug-2025
147565;Mahindra Manulife Overnight Fund - Regular Plan - Growth;INF174V01812;;1342.8521;;;24-Aug-2025
149471;Mahindra Manulife Overnight Fund - Unclaimed Redemption/IDCW beyond 3 years;;;1000.0000;;;24-Aug-2025
149470;Mahindra Manulife Overnight Fund - Unclaimed Redemption/IDCW upto 3 years;;;1239.0590;;;24-Aug-2025

Mirae Asset Mutual Fund
147737;Mirae Asset Overnight Fund Direct Daily IDCW;;INF769K01FJ0;1000.0002;;;24-Aug-2025
147738;Mirae Asset Overnight Fund Direct Monthly IDCW;INF769K01FF8;INF769K01FI2;1004.5767;;;24-Aug-2025
147736;Mirae Asset Overnight Fund Direct Plan Growth;INF769K01FG6;;1338.6467;;;24-Aug-2025
147740;Mirae Asset Overnight Fund Direct Weekly IDCW;;INF769K01FK8;1000.6127;;;24-Aug-2025
147743;Mirae Asset Overnight Fund Regular Daily  IDCW ;;INF769K01FL6;1000.0137;;;24-Aug-2025
147742;Mirae Asset Overnight Fund Regular Monthly IDCW;INF769K01FD3;INF769K01FH4;1004.5169;;;24-Aug-2025
147739;Mirae Asset Overnight Fund Regular Plan Growth;INF769K01FE1;;1331.3917;;;24-Aug-2025
147741;Mirae Asset Overnight Fund Regular Weekly IDCW;;INF769K01FM4;1000.6065;;;24-Aug-2025

Nippon India Mutual Fund
145830;NIPPON INDIA OVERNIGHT FUND - DAILY IDCW Option;;INF204KB1Q73;100.0050;;;24-Aug-2025
145812;NIPPON INDIA OVERNIGHT FUND - DIRECT Plan - DAILY IDCW Option;;INF204KB1R49;100.0050;;;24-Aug-2025
145810;Nippon India Overnight Fund - Direct Plan - Growth Option;INF204KB1R31;;140.2136;;;24-Aug-2025
145824;NIPPON INDIA OVERNIGHT FUND - DIRECT Plan - MONTHLY IDCW Option;INF204KB1R64;INF204KB1R72;100.5617;;;24-Aug-2025
145825;NIPPON INDIA OVERNIGHT FUND - DIRECT Plan - QUARTERLY IDCW Option;INF204KB1R80;INF204KB1R98;101.2350;;;24-Aug-2025
145823;NIPPON INDIA OVERNIGHT FUND - DIRECT Plan - WEEKLY IDCW Option;;INF204KB1R56;100.0352;;;24-Aug-2025
145827;NIPPON INDIA OVERNIGHT FUND - MONTHLY IDCW Option;INF204KB1Q99;INF204KB1R07;100.5461;;;24-Aug-2025
145833;NIPPON INDIA OVERNIGHT FUND - QUARTERLY IDCW Option;INF204KB1R15;INF204KB1R23;101.2187;;;24-Aug-2025
145811;Nippon India Overnight Fund - Regular Plan - Growth Option;INF204KB1Q65;;139.3434;;;24-Aug-2025
145826;NIPPON INDIA OVERNIGHT FUND - WEEKLY IDCW Option;;INF204KB1Q81;100.0348;;;24-Aug-2025

NJ Mutual Fund
150369;NJ Overnight Fund - Direct Plan - Growth Option;INF0J8L01081;;1208.7084;;;24-Aug-2025
150368;NJ Overnight Fund - Regular Plan - Growth Option;INF0J8L01073;;1204.9801;;;24-Aug-2025
152116;NJ Overnight Fund - Unclaimed Redemption Plan - Upto 3 Years;;;1050.0986;;;24-Aug-2025

PGIM India Mutual Fund
147605;PGIM India Overnight Fund - Direct Plan - Daily Dividend Option;;INF663L01T35;1000.0087;;;24-Aug-2025
147606;PGIM India Overnight Fund - Direct Plan - Growth Option;INF663L01T01;;1346.7755;;;24-Aug-2025
147608;PGIM India Overnight Fund - Direct Plan - Weekly Dividend Option;INF663L01T19;INF663L01T27;1000.3637;;;24-Aug-2025
147609;PGIM India Overnight Fund - Regular Plan - Daily Dividend Option;;INF663L01T76;1000;;;24-Aug-2025
147607;PGIM India Overnight Fund - Regular Plan - Weekly Dividend Option;INF663L01T50;INF663L01T68;1007.4716;;;24-Aug-2025
147600;PGIM India Overnight Fund - Regular Plan- Growth Option;INF663L01T43;;1341.0503;;;24-Aug-2025

quant Mutual Fund
151190;quant Overnight Fund - Growth Option - Direct Plan;INF966L01AZ7;;11.9468;;;24-Aug-2025
151195;quant Overnight Fund - Growth Option - Regular Plan;INF966L01BC4;;11.9122;;;24-Aug-2025
151193;quant Overnight Fund - IDCW Option - Direct Plan;INF966L01BA8;INF966L01BB6;11.9509;;;24-Aug-2025
151191;quant Overnight Fund - IDCW Option - Regular Plan;INF966L01BD2;INF966L01BE0;11.9004;;;24-Aug-2025

Samco Mutual Fund
150631;Samco Overnight Fund - Direct Plan - Growth Option;INF0K1H01040;;1194.2060;;;24-Aug-2025
150632;Samco Overnight Fund - Regular Plan - Growth Option;INF0K1H01032;;1186.7211;;;24-Aug-2025
153021;Samco Overnight Fund - Unclaimed Redemption Upto 3 years;;;1044.5400;;;24-Aug-2025

SBI Mutual Fund
119831;SBI Overnight Fund - Direct Plan - Daily Income Distribution cum Capital Withdrawal Option (IDCW);;INF200K01TJ7;1317.7594;;;24-Aug-2025
119833;SBI OVERNIGHT FUND - DIRECT PLAN - GROWTH;INF200K01TK5;;4245.5299;;;24-Aug-2025
119832;SBI Overnight Fund - Direct Plan - Weekly Income Distribution cum Capital Withdrawal Option (IDCW);INF200K01TL3;INF200K01TM1;1345.6221;;;24-Aug-2025
114297;SBI Overnight Fund - Regular Plan - Daily Income Distribution cum Capital Withdrawal Option (IDCW);;INF200K01LN6;1312.3508;;;24-Aug-2025
101206;SBI OVERNIGHT FUND - REGULAR PLAN - GROWTH;INF200K01LQ9;;4190.1686;;;24-Aug-2025
103140;SBI Overnight Fund - Regular Plan - Weekly Income Distribution cum Capital Withdrawal Option (IDCW);INF200K01LO4;INF200K01LP1;1340.0004;;;24-Aug-2025

Shriram Mutual Fund
150562;Shriram Overnight Fund -  Direct Growth;INF680P01323;;12.0559;;;24-Aug-2025
150561;Shriram Overnight Fund - Direct Daily IDCW;;INF680P01331;10;;;24-Aug-2025
150567;Shriram Overnight Fund - Direct Monthly IDCW;INF680P01380;INF680P01398;10.0088;;;24-Aug-2025
150558;Shriram Overnight Fund - Regular Daily IDCW;;INF680P01257;10;;;24-Aug-2025
150565;Shriram Overnight Fund - Regular Growth;INF680P01232;;12.0244;;;24-Aug-2025
150560;Shriram Overnight Fund - Regular Monthly IDCW;INF680P01307;INF680P01315;10.0089;;;24-Aug-2025

Sundaram Mutual Fund
146963;Sundaram Overnight Fund Direct Plan - Growth;INF903JA1HG5;;1386.8472;;;24-Aug-2025
146962;Sundaram Overnight Fund Direct Plan - Monthly Payout of Income Distribution cum Capital Withdrawal (IDCW);INF903JA1HH3;;1052.0360;;;24-Aug-2025
146957;Sundaram Overnight Fund Direct Plan - Monthly Reinvestment of Income Distribution cum Capital Withdrawal (IDCW);INF903JA1HM3;;1052.0360;;;24-Aug-2025
146959;Sundaram Overnight Fund Regular Plan - Growth;INF903JA1GZ7;;1378.1242;;;24-Aug-2025
146960;Sundaram Overnight Fund Regular Plan - Monthly Payout of Income Distribution cum Capital Withdrawal (IDCW);INF903JA1HA8;;1047.9146;;;24-Aug-2025
146961;Sundaram Overnight Fund Regular Plan - Monthly Reinvestment of Income Distribution cum Capital Withdrawal (IDCW);INF903JA1HF7;;1047.9146;;;24-Aug-2025

Tata Mutual Fund
146978;TATA Overnight Fund Direct Plan - Daily Reinvestment of Income Distribution cum capital withdrawal option   ;;INF277K019T3;1000.0000;;;24-Aug-2025
146979;TATA Overnight Fund Regular Plan - Daily Reinvestment of Income Distribution cum capital withdrawal option   ;;INF277K017T7;1000.0000;;;24-Aug-2025
146980;Tata Overnight Fund-Direct Plan-Growth;INF277K018T5;;1377.7120;;;24-Aug-2025
146977;Tata Overnight Fund-Regular Plan-Growth;INF277K016T9;;1367.8422;;;24-Aug-2025

Trust Mutual Fund
149796;TRUST MF OVERNIGHT FUND-DIRECT PLAN-DAILY IDCW REINVESTMENT;;INF0GCD01461;1215.5218;;;24-Aug-2025
149797;TRUST MF OVERNIGHT FUND-DIRECT PLAN-GROWTH;INF0GCD01453;;1235.3499;;;24-Aug-2025
149798;TRUST MF OVERNIGHT FUND-REGULAR PLAN-DAILY IDCW REINVESTMENT;;INF0GCD01446;1215.1402;;;24-Aug-2025
149795;TRUST MF OVERNIGHT FUND-REGULAR-GROWTH;INF0GCD01438;;1233.1464;;;24-Aug-2025

Union Mutual Fund
147002;Union Overnight Fund - Direct Plan - Daily IDCW Option;;INF582M01FB0;1000.7998;;;24-Aug-2025
147003;Union Overnight Fund - Direct Plan - Growth Option;INF582M01FA2;;1374.1091;;;24-Aug-2025
147006;Union Overnight Fund - Direct Plan - Monthly IDCW Option;INF582M01FG9;INF582M01FE4;1005.0266;;;24-Aug-2025
146998;Union Overnight Fund - Regular Plan - Daily IDCW Option;;INF582M01FK1;1001.2597;;;24-Aug-2025
146997;Union Overnight Fund - Regular Plan - Growth Option;INF582M01FJ3;;1365.4362;;;24-Aug-2025
147000;Union Overnight Fund - Regular Plan - Monthly IDCW Option;INF582M01FP0;INF582M01FN5;1004.9390;;;24-Aug-2025
149451;Union Overnight Fund - Unclaimed Amounts Plan - IDCW Beyond 3 years;;;1000.0000;;;24-Aug-2025
149452;Union Overnight Fund - Unclaimed Amounts Plan - IDCW Upto 3 years;;;1238.9846;;;24-Aug-2025
149453;Union Overnight Fund - Unclaimed Amounts Plan - Redemption Beyond 3 years;;;1000.0000;;;24-Aug-2025
149454;Union Overnight Fund - Unclaimed Amounts Plan - Redemption Upto 3 years;;;1238.1148;;;24-Aug-2025

UTI Mutual Fund
100814;UTI - Overnight  Fund - Regular Plan - Growth Option;INF789F01604;;3534.4669;;;24-Aug-2025
120785;UTI - Overnight Fund - Direct Plan - Growth Option;INF789FB1S71;;3573.0692;;;24-Aug-2025
124266;UTI Overnight Fund - Direct Plan - Daily IDCW;;INF789FB1S89;1371.6621;;;24-Aug-2025
120786;UTI Overnight Fund - Direct Plan - Periodic IDCW;INF789FB1T05;INF789FB1S97;1875.1964;;;24-Aug-2025
124265;UTI Overnight Fund - Regular Plan - Daily IDCW;;INF789FB1T13;1370.8617;;;24-Aug-2025
100813;UTI Overnight Fund - Regular Plan - Periodic IDCW;INF789F01588;INF789F01596;1820.8345;;;24-Aug-2025

Zerodha Mutual Fund
153436;Zerodha Overnight Fund - Direct Plan - Growth Option;INF0R8F01075;;10.225;;;24-Aug-2025

Open Ended Schemes ( Debt Scheme - Liquid Fund )


360 ONE Mutual Fund
125349;360 ONE LIQUID FUND DIRECT PLAN  DAILY DIVIDEND REINVESTMENT;;INF579M01688;1000.2569;;;24-Aug-2025
125345;360 ONE LIQUID FUND DIRECT PLAN  GROWTH;INF579M01621;;2039.7079;;;24-Aug-2025
125343;360 ONE LIQUID FUND DIRECT PLAN  WEEKLY DIVIDEND;INF579M01639;INF579M01696;1005.8113;;;24-Aug-2025
125342;360 ONE LIQUID FUND REGULAR PLAN  DAILY DIVIDEND REINVESTMENT;;INF579M01563;1000.2569;;;24-Aug-2025
125259;360 ONE LIQUID FUND REGULAR PLAN  GROWTH;INF579M01506;;2027.0436;;;24-Aug-2025
125337;360 ONE LIQUID FUND REGULAR PLAN  WEEKLY DIVIDEND;INF579M01514;INF579M01571;1005.7478;;;24-Aug-2025

Aditya Birla Sun Life Mutual Fund
100047;Aditya Birla Sun Life Liquid Fund - Growth;INF209K01RU9;;424.3383;;;24-Aug-2025
119568;Aditya Birla Sun Life Liquid Fund - Growth - Direct Plan;INF209K01VA3;;429.5244;;;24-Aug-2025
100046;Aditya Birla Sun Life Liquid Fund -Daily IDCW;INF209K01KQ2;INF209K01SQ5;100.195;;;24-Aug-2025
119569;Aditya Birla Sun Life Liquid Fund -Direct - daily IDCW;INF209K01UZ2;;100.195;;;24-Aug-2025
119571;Aditya Birla Sun Life Liquid Fund -DIRECT - IDCW;INF209K01VD7;;164.8552;;;24-Aug-2025
119570;Aditya Birla Sun Life Liquid Fund -Direct - weekly IDCW;INF209K01VC9;;100.2561;;;24-Aug-2025
100041;Aditya Birla Sun Life Liquid Fund -Institutional - IDCW;;INF209K01KN9;108.023;;;24-Aug-2025
100048;Aditya Birla Sun Life Liquid Fund -Institutional - weekly  IDCW;INF209KA1LK7;INF209K01KY6;108.205;;;24-Aug-2025
103885;Aditya Birla Sun Life Liquid Fund -Regular - IDCW;INF209KA1LI1;;125.5674;;;24-Aug-2025
100044;Aditya Birla Sun Life Liquid Fund -Retail - IDCW;;INF209K01KP4;163.694;;;24-Aug-2025
100051;Aditya Birla Sun Life Liquid Fund -weekly IDCW;INF209K01KU4;INF209KA1LJ9;100.2553;;;24-Aug-2025
112014;Aditya Birla Sun Life Liquid Fund- Discipline Advantage Plan;INF209K01KZ3;;287.3179;;;24-Aug-2025
100043;Aditya Birla Sun Life Liquid Fund-Institutional (Growth);INF209K01RT1;;706.6595;;;24-Aug-2025
100042;Aditya Birla Sun Life Liquid Fund-Retail (Growth);INF209K01ME4;;688.6131;;;24-Aug-2025

Axis Mutual Fund
120388;Axis Liquid Fund - Direct Plan - Daily IDCW;;INF846K01DA0;1000.9560;;;24-Aug-2025
120389;Axis Liquid Fund - Direct Plan - Growth Option;INF846K01CX4;;2957.8490;;;24-Aug-2025
120391;Axis Liquid Fund - Direct Plan - Monthly IDCW;INF846K01CY2;INF846K01CZ9;1005.3176;;;24-Aug-2025
120390;Axis Liquid Fund - Direct Plan - Weekly IDCW;INF846K01DB8;INF846K01DC6;1003.0265;;;24-Aug-2025
112211;Axis Liquid Fund - Regular Plan - Daily IDCW;;INF846K01420;1001.3998;;;24-Aug-2025
112210;Axis Liquid Fund - Regular Plan - Growth Option;INF846K01412;;2932.3775;;;24-Aug-2025
112213;Axis Liquid Fund - Regular Plan - Monthly IDCW;INF846K01453;INF846K01461;1005.8278;;;24-Aug-2025
112212;Axis Liquid Fund - Regular Plan - Weekly IDCW;INF846K01438;INF846K01446;1003.0098;;;24-Aug-2025
112712;Axis Liquid Fund - Retail Plan - Daily IDCW;;INF846K01362;1000.9559;;;24-Aug-2025
112713;Axis Liquid Fund - Retail Plan - Growth Option;INF846K01354;;2683.1681;;;24-Aug-2025
112714;Axis Liquid Fund - Retail Plan - Monthly IDCW;INF846K01396;INF846K01404;1004.8470;;;24-Aug-2025
112715;Axis Liquid Fund - Retail Plan - Weekly IDCW;INF846K01370;INF846K01388;1001.7647;;;24-Aug-2025

Bajaj Finserv Mutual Fund
151835;Bajaj Finserv Liquid Fund - Direct Plan - Daily - IDCW;;INF0QA701029;1034.6939;;;24-Aug-2025
151838;Bajaj Finserv Liquid Fund - Direct Plan - Fortnightly - IDCW;INF0QA701078;INF0QA701045;1036.8307;;;24-Aug-2025
151833;Bajaj Finserv Liquid Fund - Direct Plan - Growth;INF0QA701011;;1160.9869;;;24-Aug-2025
151836;Bajaj Finserv Liquid Fund - Direct Plan - Monthly - IDCW;INF0QA701086;INF0QA701052;1035.6598;;;24-Aug-2025
151834;Bajaj Finserv Liquid Fund - Direct Plan - Weekly - IDCW;INF0QA701060;INF0QA701037;1035.6585;;;24-Aug-2025
151839;Bajaj Finserv Liquid Fund - Regular Plan - Daily - IDCW;;INF0QA701136;1033.8241;;;24-Aug-2025
151841;Bajaj Finserv Liquid Fund - Regular Plan - Fortnightly - IDCW;INF0QA701151;INF0QA701110;1035.8940;;;24-Aug-2025
151837;Bajaj Finserv Liquid Fund - Regular Plan - Growth;INF0QA701094;;1156.7690;;;24-Aug-2025
151842;Bajaj Finserv Liquid Fund - Regular Plan - Monthly - IDCW;INF0QA701169;INF0QA701128;1034.7590;;;24-Aug-2025
151840;Bajaj Finserv Liquid Fund - Regular Plan - Weekly - IDCW;INF0QA701144;INF0QA701102;1034.7677;;;24-Aug-2025

Bandhan Mutual Fund
108692;BANDHAN LIQUID Fund - Regular Plan - Daily IDCW;INF194K01VZ4;INF194K01VY7;1001.4161;;;24-Aug-2025
108690;BANDHAN LIQUID Fund - Regular Plan - Growth;INF194K01VX9;;3180.5913;;;24-Aug-2025
108693;BANDHAN LIQUID Fund - Regular Plan - Monthly IDCW;INF194K01WF4;INF194K01WE7;1004.5356;;;24-Aug-2025
115489;BANDHAN LIQUID Fund - Regular Plan - Periodic IDCW;INF194K01WC1;INF194K01WB3;1373.1700;;;24-Aug-2025
108691;BANDHAN LIQUID Fund - Regular Plan - Weekly IDCW;INF194K01WI8;INF194K01WH0;1001.6757;;;24-Aug-2025
139582;BANDHAN LIQUID Fund - Unclaimed IDCW Less than 3 years;INF194KA14C0;;1.7108;;;24-Aug-2025
139583;BANDHAN LIQUID Fund - Unclaimed IDCW More than 3 years;INF194KA15C7;;1.0000;;;24-Aug-2025
139584;BANDHAN LIQUID Fund - Unclaimed Redemption Less than 3 years;INF194KA12C4;;1.7108;;;24-Aug-2025
139585;BANDHAN LIQUID Fund - Unclaimed Redemption More than 3 years;INF194KA13C2;;1.0000;;;24-Aug-2025
118365;BANDHAN LIQUID Fund -Direct Plan -Monthly IDCW;INF194K01J36;INF194K01J28;1010.9327;;;24-Aug-2025
118367;BANDHAN LIQUID Fund -Direct Plan -Weekly IDCW;INF194KB1JT8;INF194K01J51;1007.4232;;;24-Aug-2025
118366;BANDHAN LIQUID Fund -Direct Plan-Daily IDCW;;INF194K01I78;1001.6663;;;24-Aug-2025
118364;BANDHAN LIQUID Fund -Direct Plan-Growth;INF194K01I60;;3212.0516;;;24-Aug-2025
118363;BANDHAN LIQUID Fund -Direct Plan-Periodic IDCW;INF194K01J02;INF194K01I94;1294.0329;;;24-Aug-2025

Bank of India Mutual Fund
119368;BANK OF INDIA Liquid Fund- Direct Plan- Daily IDCW;;INF761K01CL0;1002.6483;;;24-Aug-2025
119369;BANK OF INDIA Liquid Fund- Direct Plan- Growth;INF761K01785;;3063.3754;;;24-Aug-2025
119370;BANK OF INDIA Liquid Fund- Direct Plan- Weekly IDCW;;INF761K01CM8;1062.5494;;;24-Aug-2025
111971;BANK OF INDIA Liquid Fund- Regular Plan- Daily IDCW;;INF761K01CO4;1002.1069;;;24-Aug-2025
109254;BANK OF INDIA Liquid Fund- Regular Plan- Growth;INF761K01306;;3033.0066;;;24-Aug-2025
109255;BANK OF INDIA Liquid Fund- Regular Plan- Weekly IDCW;;INF761K01CP1;1002.2475;;;24-Aug-2025

Baroda BNP Paribas Mutual Fund
119414;Baroda BNP Paribas LIQUID FUND - DIRECT PLAN - DAILY IDCW OPTION;INF955L01AK2;;1002.0849;;;24-Aug-2025
119415;Baroda BNP Paribas LIQUID FUND - DIRECT PLAN - GROWTH OPTION;INF955L01AL0;;3066.3205;;;24-Aug-2025
119416;Baroda BNP Paribas LIQUID FUND - DIRECT PLAN - WEEKLY IDCW OPTION;INF251K01SL8;;1219.4184;;;24-Aug-2025
111707;Baroda BNP Paribas LIQUID FUND - Regular Plan - DAILY IDCW OPTION;INF955L01468;INF955L01476;1001.1996;;;24-Aug-2025
111704;Baroda BNP Paribas LIQUID FUND - Regular Plan - GROWTH OPTION;INF955L01484;;3027.3898;;;24-Aug-2025
111705;Baroda BNP Paribas LIQUID FUND - Regular Plan - WEEKLY IDCW OPTION;INF251K01SK0;INF955L01500;1000.8690;;;24-Aug-2025
101408;Baroda BNP Paribas LIQUID FUND- Defunct Plan -Growth Option;INF955L01575;;4457.0236;;;24-Aug-2025
101407;Baroda BNP Paribas LIQUID FUND-Defunct Plan- IDCW Option;INF955L01559;INF955L01567;3677.5210;;;24-Aug-2025

Canara Robeco Mutual Fund
118307;CANARA ROBECO LIQUID FUND - DIRECT PLAN - DAILY IDCW (Reinvestment);;INF760K01FS0;1005.5000;;;24-Aug-2025
118305;CANARA ROBECO LIQUID FUND - DIRECT PLAN - GROWTH OPTION;INF760K01FU6;;3188.2542;;;24-Aug-2025
118304;CANARA ROBECO LIQUID FUND - DIRECT PLAN - IDCW (Payout/Reinvestment);INF760K01FT8;;2281.6560;;;24-Aug-2025
118306;CANARA ROBECO LIQUID FUND - DIRECT PLAN - MONTHLY IDCW (Payout/Reinvestment);INF760K01FV4;INF760K01FW2;1004.1503;;;24-Aug-2025
118308;CANARA ROBECO LIQUID FUND - DIRECT PLAN - WEEKLY IDCW (Payout/Reinvestment);INF760K01FY8;INF760K01FX0;1000.7867;;;24-Aug-2025
109349;CANARA ROBECO LIQUID FUND - REGULAR PLAN - DAILY IDCW (Reinvestment);;INF760K01CU3;1005.5000;;;24-Aug-2025
109353;CANARA ROBECO LIQUID FUND - REGULAR PLAN - GROWTH OPTION;INF760K01CW9;;3169.7748;;;24-Aug-2025
109351;CANARA ROBECO LIQUID FUND - REGULAR PLAN - MONTHLY IDCW (Payout/Reinvestment);INF760K01CX7;INF760K01CY5;1004.0528;;;24-Aug-2025
109350;CANARA ROBECO LIQUID FUND - REGULAR PLAN - WEEKLY IDCW (Payout/Reinvestment);INF760K01BZ4;INF760K01CZ2;1000.7735;;;24-Aug-2025
139235;Canara Robeco Liquid Fund -Unclaimed Redemption and Dividend Plan -Direct Growth Option;INF760K01IC8;;1739.4798;;;24-Aug-2025

DSP Mutual Fund
119125;DSP Liquidity Fund - Direct Plan - Growth;INF740K01QL4;;3803.2430;;;24-Aug-2025
119124;DSP Liquidity Fund - Direct Plan - IDCW - Daily;;INF740KA1OB6;1001.1542;;;24-Aug-2025
119123;DSP Liquidity Fund - Direct Plan - IDCW - Weekly;INF740KA1OC4;INF740KA1OD2;1001.6189;;;24-Aug-2025
103347;DSP Liquidity Fund - Regular Plan - Growth;INF740K01FK9;;3759.8137;;;24-Aug-2025
103348;DSP Liquidity Fund - Regular Plan - IDCW - Weekly;INF740K01FM5;INF740K01FL7;1001.6090;;;24-Aug-2025
103349;DSP Liquidity Fund- Regular Plan - IDCW - Daily;;INF740KA1OE0;1001.1542;;;24-Aug-2025

Edelweiss Mutual Fund
140194;Edelweiss Liquid Fund - Direct Plan - Bonus Option;INF754K01GY9;;1999.8041;;;24-Aug-2025
140196;Edelweiss Liquid Fund - Direct Plan - Growth Option;INF754K01GM4;;3437.3778;;;24-Aug-2025
140198;Edelweiss Liquid Fund - Direct Plan - IDCW Option;INF754K01GO0;INF754K01GN2;3437.3915;;;24-Aug-2025
140192;Edelweiss Liquid Fund - Direct Plan Annual - IDCW Option;INF754K01GX1;INF754K01GT9;3437.354;;;24-Aug-2025
140193;Edelweiss Liquid Fund - Direct Plan daily - IDCW Option;;INF754K01GP7;1147.8419;;;24-Aug-2025
140199;Edelweiss Liquid Fund - Direct Plan Fortnightly - IDCW Option;INF754K01GV5;INF754K01GR3;2476.9013;;;24-Aug-2025
140197;Edelweiss Liquid Fund - Direct Plan Monthly - IDCW Option;INF754K01GW3;INF754K01GS1;1008.9214;;;24-Aug-2025
140195;Edelweiss Liquid Fund - Direct Plan weekly - IDCW Option;INF754K01GU7;INF754K01GQ5;2174.7707;;;24-Aug-2025
140189;Edelweiss Liquid Fund - Regular Plan - Bonus Option;INF754K01HR1;;1961.8426;;;24-Aug-2025
140182;Edelweiss Liquid Fund - Regular Plan - Growth Option;INF754K01GZ6;;3367.7684;;;24-Aug-2025
140190;Edelweiss Liquid Fund - Regular Plan - IDCW Option;INF754K01GK8;INF754K01GL6;3367.771;;;24-Aug-2025
140188;Edelweiss Liquid Fund - Regular Plan Annual - IDCW Option;INF754K01HQ3;INF754K01HP5;2330.2052;;;24-Aug-2025
140181;Edelweiss Liquid Fund - Regular Plan Daily - IDCW Option;;INF754K01HA7;1246.9874;;;24-Aug-2025
140184;Edelweiss Liquid Fund - Regular Plan Fortnightly - IDCW Option;INF754K01HK6;INF754K01HC3;2156.0422;;;24-Aug-2025
140183;Edelweiss Liquid Fund - Regular Plan Monthly - IDCW Option;INF754K01HL4;INF754K01HD1;1087.3587;;;24-Aug-2025
140185;Edelweiss Liquid Fund - Regular Plan Weekly - IDCW Option;INF754K01HJ8;INF754K01HB5;1216.1502;;;24-Aug-2025
140176;Edelweiss Liquid Fund - Retail Plan - Growth Option;INF754K01HE9;;3062.7111;;;24-Aug-2025
140178;Edelweiss Liquid Fund - Retail Plan - Weekly Dividend Option;;INF754K01HG4;1231.9232;;;24-Aug-2025
140177;Edelweiss Liquid Fund - Retail Plan Daily - IDCW Option;;INF754K01HF6;1097.4053;;;24-Aug-2025
140180;Edelweiss Liquid Fund - Retail Plan Monthly - IDCW Option;;INF754K01HI0;1249.2508;;;24-Aug-2025

Franklin Templeton Mutual Fund
100541;Franklin India Liquid Fund - Regular Plan - Daily - IDCW;;INF090I01BA3;1509.2342;;;24-Aug-2025
100538;Franklin India Liquid Fund - Regular Plan - Growth;INF090I01BB1;;5957.5508;;;24-Aug-2025
100537;Franklin India Liquid Fund - Regular Plan - Weekly - IDCW;INF090I01BL0;INF090I01BI6;1244.2967;;;24-Aug-2025
118577;Franklin India Liquid Fund - Super Institutional - Direct - Growth;INF090I01JV2;;3997.9579;;;24-Aug-2025
100547;Franklin India Liquid Fund - Super Institutional Plan - Daily - IDCW;;INF090I01BF2;1000.0000;;;24-Aug-2025
118578;Franklin India Liquid Fund - Super Institutional Plan - Direct - Daily - IDCW;INF090I01JW0;;1002.2720;;;24-Aug-2025
118579;Franklin India Liquid Fund - Super Institutional Plan - Direct - Weekly - IDCW;INF090I01JX8;INF090I01JY6;1021.4598;;;24-Aug-2025
100546;Franklin India Liquid Fund - Super Institutional Plan - Growth;INF090I01BG0;;3964.7453;;;24-Aug-2025
100548;Franklin India Liquid Fund - Super Institutional Plan - Weekly - IDCW;INF090I01BM8;INF090I01BH8;1030.9992;;;24-Aug-2025
139892;Franklin India Liquid Fund - Unclaimed IDCW Investor Education Plan - Growth;INF090I01LR6;;10.0000;;;24-Aug-2025
139890;Franklin India Liquid Fund - Unclaimed IDCW Plan - Growth;INF090I01LP0;;16.8713;;;24-Aug-2025
139891;Franklin India Liquid Fund - Unclaimed Redemption Investor Education Plan - Growth;INF090I01LQ8;;10.0000;;;24-Aug-2025
139889;Franklin India Liquid Fund - Unclaimed Redemption Plan - Growth;INF090I01LO3;;16.8713;;;24-Aug-2025
102443;Franklin India Liquid Fund - Institutional Plan - Daily - IDCW;;INF090I01BC9;1000.0000;;;24-Aug-2025
102442;Franklin India Liquid Fund - Institutional Plan - Weekly - IDCW;INF090I01BJ4;INF090I01BE5;1054.7184;;;24-Aug-2025

Groww Mutual Fund
119135;Groww Liquid Fund ( formerly known as Indiabulls Liquid )Fund - Direct Plan - Growth Option;INF666M01451;;2578.3379;;;24-Aug-2025
119136;Groww Liquid Fund (formerly known as Indiabulls Liquid Fund) - Direct Plan- - Income Distribution cum capital withdrawal Option ( Reinvestment);;INF666M01469;1002.0907;;;24-Aug-2025
115991;Groww Liquid Fund (formerly known as Indiabulls Liquid Fund) - Regular Plan - Growth Option;INF666M01014;;2546.8608;;;24-Aug-2025
119138;Groww Liquid Fund (formerly known as Indiabulls Liquid Fund)- Direct Plan- Fortnightly - Income Distribution cum capital withdrawal Option (Payout & Reinvestment);INF666M01501;INF666M01485;1003.847;;;24-Aug-2025
119139;Groww Liquid Fund (formerly known as Indiabulls Liquid Fund)- Direct Plan- Monthly - Income Distribution cum capital withdrawal Option (Payout & Reinvestment);INF666M01519;INF666M01493;1033.0464;;;24-Aug-2025
119137;Groww Liquid Fund (formerly known as Indiabulls Liquid Fund)- Direct Plan- Weekly - Income Distribution cum capital withdrawal Option (Payout & Reinvestment);INF666M01527;INF666M01477;1002.7041;;;24-Aug-2025
115992;Groww Liquid Fund (formerly known as Indiabulls Liquid Fund)- Regular Plan- - Income Distribution cum capital withdrawal Option (Reinvestment);;INF666M01022;1002.0894;;;24-Aug-2025
115995;Groww Liquid Fund (formerly known as Indiabulls Liquid Fund)- Regular Plan- Monthly - Income Distribution cum capital withdrawal Option (Payout & Reinvestment);INF666M01071;INF666M01055;1005.2251;;;24-Aug-2025
115993;Groww Liquid Fund (formerly known as Indiabulls Liquid Fund)- Regular Plan- Weekly - Income Distribution cum capital withdrawal Option (Payout & Reinvestment);INF666M01089;INF666M01030;1002.6892;;;24-Aug-2025
115994;Groww Liquid Fund (formerly known as Indiabulls Liquid) Fund- Regular Plan- Fortnightly - Income Distribution cum capital withdrawal Option (Payout & Reinvestment);INF666M01063;INF666M01048;1003.814;;;24-Aug-2025

HDFC Mutual Fund
119091;HDFC Liquid Fund - Growth Option - Direct Plan;INF179KB1HP9;;5223.6068;;;24-Aug-2025
100868;HDFC Liquid Fund - Growth Plan;INF179KB1HK0;;5166.82;;;24-Aug-2025
100875;HDFC Liquid Fund - IDCW Daily;;INF179KB1IC5;1019.82;;;24-Aug-2025
119089;HDFC Liquid Fund - IDCW Daily - Direct Plan;;INF179KB1HV7;1019.82;;;24-Aug-2025
100876;HDFC Liquid Fund - IDCW Monthly;INF179KB1HM6;INF179KB1HL8;1030.4508;;;24-Aug-2025
119090;HDFC Liquid Fund - IDCW Monthly - Direct Plan;INF179KB1HO2;INF179KB1HQ7;1030.5194;;;24-Aug-2025
100874;HDFC Liquid Fund - IDCW Plan Weekly;INF179KB1ID3;;1031.9609;;;24-Aug-2025
119088;HDFC Liquid Fund - IDCW Weekly - Direct Plan;;;1031.9764;;;24-Aug-2025

HSBC Mutual Fund
120038;HSBC Liquid Fund -  Growth Direct;INF336L01CC8;;2650.8001;;;24-Aug-2025
120037;HSBC Liquid Fund - Direct Daily IDCW;;INF336L01CB0;1001.576;;;24-Aug-2025
120039;HSBC Liquid Fund - Direct Monthly IDCW;INF336L01BZ1;INF336L01CA2;1042.6512;;;24-Aug-2025
120040;HSBC Liquid Fund - Direct Weekly IDCW;INF336L01LK2;INF336L01CD6;1196.0786;;;24-Aug-2025
118907;HSBC Liquid Fund - Growth;INF336L01BL1;;3788.6392;;;24-Aug-2025
118906;HSBC Liquid Fund - IDCW;;INF336L01BK3;1019.3;;;24-Aug-2025
118909;HSBC Liquid Fund - Institutional Daily IDCW;;INF336L01BS6;1562.8262;;;24-Aug-2025
118901;HSBC Liquid Fund - Regular Daily IDCW;;INF336L01BM9;1001.3789;;;24-Aug-2025
118902;HSBC Liquid Fund - Regular Growth;INF336L01BN7;;2625.8859;;;24-Aug-2025
118903;HSBC Liquid Fund - Regular Monthly IDCW;INF336L01BP2;INF336L01BO5;1006.8238;;;24-Aug-2025
118904;HSBC Liquid Fund - Regular Weekly IDCW;INF336L01LJ4;INF336L01BQ0;1108.3072;;;24-Aug-2025
118908;HSBC Liquid Fund - Weekly IDCW;;INF336L01BR8;1002.0654;;;24-Aug-2025

ICICI Prudential Mutual Fund
103343;ICICI Prudential Liquid Fund - Daily IDCW;INF109K01VP3;;100.1482;;;24-Aug-2025
120191;ICICI Prudential Liquid Fund - Direct Plan -  IDCW Others;INF109K01Q31;INF109K01Q23;182.5889;;;24-Aug-2025
120188;ICICI Prudential Liquid Fund - Direct Plan - Daily IDCW;;INF109K01Q15;100.1082;;;24-Aug-2025
120197;ICICI Prudential Liquid Fund - Direct Plan - Growth;INF109K01Q49;;393.6818;;;24-Aug-2025
120190;ICICI Prudential Liquid Fund - Direct Plan - Weekly IDCW;INF109K01Q98;;100.2746;;;24-Aug-2025
103340;ICICI Prudential Liquid Fund - Growth;INF109K01VQ1;;389.8359;;;24-Aug-2025
115505;ICICI Prudential Liquid Fund - IDCW Others;INF109K01VU3;INF109K01VT5;181.1755;;;24-Aug-2025
103342;ICICI Prudential Liquid Fund - Weekly IDCW;INF109K01VS7;;100.2480;;;24-Aug-2025

Invesco Mutual Fund
122786;Invesco India Liquid Fund - Bonus Option;INF205K01UX5;;3627.5087;;;24-Aug-2025
104484;Invesco India Liquid Fund - Daily IDCW (Reinvestment);;INF205K01HN3;1002.7594;;;24-Aug-2025
120537;Invesco India Liquid Fund - Direct Plan - Growth;INF205K01MF9;;3650.8828;;;24-Aug-2025
120536;Invesco India Liquid Fund - Direct Plan - Monthly IDCW (Payout / Reinvestment);INF205K01MG7;INF205K01MH5;1086.2929;;;24-Aug-2025
120535;Invesco India Liquid Fund - Direct Plan - Weekly IDCW (Reinvestment);INF205KA1BE5;INF205K01MI3;1101.0451;;;24-Aug-2025
120534;Invesco India Liquid Fund - Direct Plan- Daily IDCW (Reinvestment);;INF205K01ME2;1005.8604;;;24-Aug-2025
104486;Invesco India Liquid Fund - Growth;INF205K01HM5;;3619.7277;;;24-Aug-2025
104492;Invesco India Liquid Fund - Monthly IDCW (Payout / Reinvestment);INF205K01HQ6;INF205K01HP8;1006.7937;;;24-Aug-2025
104488;Invesco India Liquid Fund - Regular - Growth;INF205K01HG7;;3202.8067;;;24-Aug-2025
104489;Invesco India Liquid Fund - Regular - Weekly IDCW (Reinvestment);;INF205K01HH5;1004.4002;;;24-Aug-2025
139390;Invesco India Liquid Fund - Unclaimed Dividend Plan - Above 3 Years;;;1000;;;24-Aug-2025
139389;Invesco India Liquid Fund - Unclaimed Dividend Plan - Below 3 Years;;;1730.4326;;;24-Aug-2025
139388;Invesco India Liquid Fund - Unclaimed Redemption Plan - Above 3 Years;;;1000;;;24-Aug-2025
139387;Invesco India Liquid Fund - Unclaimed Redemption Plan - Below 3 years;;;1730.0668;;;24-Aug-2025
104485;Invesco India Liquid Fund - Weekly IDCW (Reinvestment);INF205KA1BD7;INF205K01HO1;1019.5233;;;24-Aug-2025

ITI Mutual Fund
147161;ITI Liquid Fund - Direct Plan - Annually IDCW Option;INF00XX01366;INF00XX01333;1385.8028;;;24-Aug-2025
147158;ITI Liquid Fund - Direct Plan - Daily IDCW Option;;INF00XX01291;1001.0716;;;24-Aug-2025
147157;ITI Liquid Fund - Direct Plan - Growth Option;INF00XX01283;;1384.1330;;;24-Aug-2025
147163;ITI Liquid Fund - Direct Plan - Monthly IDCW Option;INF00XX01358;INF00XX01325;1006.0479;;;24-Aug-2025
147159;ITI Liquid Fund - Direct Plan - Weekly IDCW Option;;INF00XX01309;1001.7745;;;24-Aug-2025
147162;ITI Liquid Fund - Regular Plan - Annually IDCW Option;INF00XX01275;INF00XX01242;1379.2166;;;24-Aug-2025
147154;ITI Liquid Fund - Regular Plan - Daily IDCW Option;;INF00XX01200;1001.0000;;;24-Aug-2025
147155;ITI Liquid Fund - Regular Plan - Fortnightly Income Distribution cum capital withdrawal option Option;INF00XX01259;INF00XX01226;1002.8646;;;24-Aug-2025
147153;ITI Liquid Fund - Regular Plan - Growth Option;INF00XX01192;;1372.1183;;;24-Aug-2025
147156;ITI Liquid Fund - Regular Plan - Monthly IDCW Option;INF00XX01267;INF00XX01234;1001.9231;;;24-Aug-2025
147164;ITI Liquid Fund - Regular Plan - Weekly IDCW Option;;INF00XX01218;1001.7531;;;24-Aug-2025

Jio BlackRock Mutual Fund
153651;JioBlackRock Liquid Fund - Direct Plan - Growth Option;INF22M001010;;1008.2288;;;24-Aug-2025

JM Financial Mutual Fund
120411;JM Liquid Fund (Direct) - Daily IDCW;;INF192K01CH6;10.4302;;;24-Aug-2025
120406;JM Liquid Fund (Direct) - Growth Option;INF192K01CM6;;72.6263;;;24-Aug-2025
120408;JM Liquid Fund (Direct) - Quarterly IDCW;INF192K01CK0;INF192K01CL8;41.2329;;;24-Aug-2025
120407;JM Liquid Fund (Direct) - Weekly IDCW;INF192K01CI4;INF192K01CJ2;11.0144;;;24-Aug-2025
100244;JM Liquid Fund (Regular) - Quarterly IDCW;INF192K01866;INF192K01874;40.6659;;;24-Aug-2025
100247;JM Liquid Fund (Regular) - Super Institutional Plan - Growth Option;INF192K01981;;41.3043;;;24-Aug-2025
100233;JM Liquid Fund (Regular) - Weekly IDCW;INF192K01841;INF192K01858;11.0117;;;24-Aug-2025
100234;JM Liquid Fund - Growth Option;INF192K01882;;71.8466;;;24-Aug-2025
148414;JM Liquid Fund - Unclaimed Application Refund Amount I.E.F. (Direct) - Growth Plan;;;41.4437;;;24-Aug-2025
148413;JM Liquid Fund - Unclaimed Brokerage I.E.F. (Direct) - Growth Plan;;;41.4437;;;24-Aug-2025
101549;JM Liquid Fund (Regular) - Bonus Option - Principal Units;INF192K01890;;23.0055;;;24-Aug-2025
101078;JM Liquid Fund (Regular) - Daily IDCW;;INF192K01833;10.4302;;;24-Aug-2025

Kotak Mahindra Mutual Fund
119764;Kotak Liquid Fund - Direct Plan - Daily Reinvestment of Income Distribution cum capital withdrawal option;;INF174K01NH1;1222.81;;;24-Aug-2025
119766;Kotak Liquid Fund - Direct Plan - Growth;INF174K01NE8;;5374.2807;;;24-Aug-2025
100833;Kotak Liquid Fund - Regular  - Daily Reinvestment of Income Distribution cum capital withdrawal option;;INF174K01NL3;1222.81;;;24-Aug-2025
100835;Kotak Liquid Fund - Regular Plan - Growth;INF174K01NI9;;5322.9463;;;24-Aug-2025

LIC Mutual Fund
120248;LIC MF Liquid Fund-Direct Plan-Daily IDCW;INF767K01DL5;INF767K01DM3;1034.6038;;;24-Aug-2025
120249;LIC MF Liquid Fund-Direct Plan-Growth;INF767K01DN1;;4828.7605;;;24-Aug-2025
151930;LIC MF Liquid Fund-Direct Plan-Monthly IDCW;INF397L01AK7;INF397L01AJ9;1172.1657;;;24-Aug-2025
151932;LIC MF Liquid Fund-Direct Plan-Weekly IDCW;INF397L01AM3;INF397L01AL5;1047.0006;;;24-Aug-2025
101184;LIC MF Liquid Fund-Regular Plan-Daily IDCW;INF767K01IQ3;INF767K01IR1;1000.1751;;;24-Aug-2025
101185;LIC MF Liquid Fund-Regular Plan-Growth;INF767K01IS9;;4760.2;;;24-Aug-2025
151928;LIC MF Liquid Fund-Regular Plan-Monthly IDCW;INF397L01976;INF397L01968;1153.2165;;;24-Aug-2025
151927;LIC MF Liquid Fund-Regular Plan-Weekly IDCW;INF397L01950;INF397L01943;1002.2249;;;24-Aug-2025

Mahindra Manulife Mutual Fund
139535;Mahindra Manulife Liquid Fund - Direct Plan - Daily IDCW;;INF174V01051;1216.0867;;;24-Aug-2025
139536;Mahindra Manulife Liquid Fund - Direct Plan - Weekly IDCW;;INF174V01069;1003.4713;;;24-Aug-2025
139538;Mahindra Manulife Liquid Fund - Direct Plan -Growth;INF174V01044;;1732.3482;;;24-Aug-2025
139534;Mahindra Manulife Liquid Fund - Regular Plan - Daily IDCW;;INF174V01028;1001.0440;;;24-Aug-2025
139537;Mahindra Manulife Liquid Fund - Regular Plan - Growth;INF174V01010;;1713.6708;;;24-Aug-2025
139541;Mahindra Manulife Liquid Fund - Regular Plan - Weekly IDCW;;INF174V01036;1009.8855;;;24-Aug-2025

Mirae Asset Mutual Fund
118859;Mirae Asset Liquid Fund - Direct Plan - Growth;INF769K01CM1;;2809.7360;;;24-Aug-2025
118862;Mirae Asset Liquid Fund - Direct Plan - Weekly IDCW;INF769K01PD2;INF769K01CP4;1216.9632;;;24-Aug-2025
118861;Mirae Asset Liquid Fund - Direct Plan -Daily IDCW;;INF769K01CO7;1075.8332;;;24-Aug-2025
118860;Mirae Asset Liquid Fund - Direct Plan -Monthly IDCW;INF769K01CN9;INF769K01CQ2;1140.0589;;;24-Aug-2025
111647;Mirae Asset Liquid Fund - Regular - Daily IDCW;;INF769K01804;1066.4347;;;24-Aug-2025
111646;Mirae Asset Liquid Fund - Regular Plan - Growth;INF769K01788;;2761.5179;;;24-Aug-2025
111645;Mirae Asset Liquid Fund - Regular Plan - Monthly IDCW;INF769K01838;INF769K01820;1157.7098;;;24-Aug-2025
111644;Mirae Asset Liquid Fund - Regular Plan - Weekly IDCW;INF769K01PC4;INF769K01812;1153.2703;;;24-Aug-2025

Motilal Oswal Mutual Fund
145834;Motilal Oswal Liquid Fund - Direct Growth;INF247L01734;;14.0516;;;24-Aug-2025
145946;Motilal Oswal Liquid Fund - Regular Growth;INF247L01726;;13.9097;;;24-Aug-2025
147442;Motilal Oswal Liquid Fund - Unclaimed Dividend - Greater than 3 years;;;10.0000;;;24-Aug-2025
147441;Motilal Oswal Liquid Fund - Unclaimed Dividend- Upto 3 years;;;13.6837;;;24-Aug-2025
147443;Motilal Oswal Liquid Fund - Unclaimed Redemption - Greater than 3 years;;;10.0000;;;24-Aug-2025
147444;Motilal Oswal Liquid Fund - Unclaimed Redemption - Upto 3 years;;;13.4113;;;24-Aug-2025
146218;Motilal Oswal Liquid Fund Direct - IDCW  Quarterly Payout/Reinvestment;INF247L01791;INF247L01783;10.0908;;;24-Aug-2025
146226;Motilal Oswal Liquid Fund Direct - IDCW Fortnightly Reinvestment;;INF247L01759;10.0081;;;24-Aug-2025
146223;Motilal Oswal Liquid Fund Direct - IDCW Monthly Payout/Reinvestment;INF247L01775;INF247L01767;10.0746;;;24-Aug-2025
146228;Motilal Oswal Liquid Fund Direct - IDCW Reinvestment;;INF247L01742;10.0077;;;24-Aug-2025
146229;Motilal Oswal Liquid Fund Direct - IDCW Weekly Reinvestment;;INF247L01809;10.0103;;;24-Aug-2025
146227;Motilal Oswal Liquid Fund Regular - IDCW Daily Reinvestment;;INF247L01817;10.0055;;;24-Aug-2025
146230;Motilal Oswal Liquid Fund Regular - IDCW Fortnightly Reinvestment;;INF247L01825;10.0071;;;24-Aug-2025
146220;Motilal Oswal Liquid Fund Regular - IDCW Monthly Payout/Reinvestment;INF247L01841;INF247L01833;10.0729;;;24-Aug-2025
146222;Motilal Oswal Liquid Fund Regular - IDCW Quarterly Payout/Reinvestment;INF247L01866;INF247L01858;10.0880;;;24-Aug-2025
146224;Motilal Oswal Liquid Fund Regular - IDCW Weekly Reinvestment;;INF247L01874;10.0198;;;24-Aug-2025

Navi Mutual Fund
119163;Navi Liquid Fund - Direct Plan Daily IDCW - ReInvestment;;INF959L01GK1;10.0129;;;24-Aug-2025
119161;Navi Liquid Fund - Direct Plan Monthly IDCW - Payout;INF959L01GG9;INF959L01GH7;10.0565;;;24-Aug-2025
119162;Navi Liquid Fund - Direct Plan Weekly IDCW - Payout;INF959L01GI5;INF959L01GJ3;10.0132;;;24-Aug-2025
112645;Navi Liquid Fund - Regular Plan Daily IDCW;;INF959L01GM7;10.0129;;;24-Aug-2025
112647;Navi Liquid Fund - Regular Plan Monthly IDCW;INF959L01GN5;INF959L01GO3;10.056;;;24-Aug-2025
112646;Navi Liquid Fund - Regular Plan Weekly IDCW;INF959L01GP0;INF959L01GQ8;10.0135;;;24-Aug-2025
119164;Navi Liquid Fund-Direct Plan-Growth Option;INF959L01GF1;;28.879;;;24-Aug-2025
112636;Navi Liquid Fund-Regular Plan-Growth Option;INF959L01GL9;;28.622;;;24-Aug-2025
140437;Navi Liquid Fund-Unclaimed Redemption and Dividend Plan greater than 3 years;INF959L01CO2;;10;;;24-Aug-2025
139386;Navi Liquid Fund-Unclaimed Redemption and Dividend Plan less than 3 years;INF959L01CN4;;28.7782;;;24-Aug-2025

Nippon India Mutual Fund
100852;NIPPON INDIA LIQUID FUND - DAILY IDCW OPTION;;INF204K01UM1;1528.7400;;;24-Aug-2025
118695;NIPPON INDIA LIQUID FUND - DIRECT Plan - DAILY IDCW OPTION;;INF204K01ZG2;1528.7400;;;24-Aug-2025
118696;NIPPON INDIA LIQUID FUND - DIRECT Plan - MONTHLY IDCW OPTION;INF204K01ZI8;INF204K01ZJ6;1594.3965;;;24-Aug-2025
118698;NIPPON INDIA LIQUID FUND - DIRECT Plan - QUARTERLY IDCW OPTION;INF204K01ZK4;INF204K01ZL2;1014.0246;;;24-Aug-2025
118700;NIPPON INDIA LIQUID FUND - DIRECT Plan - WEEKLY IDCW OPTION;INF204KC1FN6;INF204K01ZM0;1531.2404;;;24-Aug-2025
118701;Nippon India Liquid Fund - Direct Plan Growth Plan - Growth Option;INF204K01ZH0;;6510.4573;;;24-Aug-2025
100855;NIPPON INDIA LIQUID FUND - MONTHLY IDCW OPTION;INF204K01UO7;INF204K01UP4;1590.9099;;;24-Aug-2025
112340;NIPPON INDIA LIQUID FUND - QUARTERLY IDCW OPTION;INF204K01UQ2;INF204K01UR0;1013.7233;;;24-Aug-2025
100837;Nippon India Liquid Fund - Retail Option - Growth Plan;INF204K01UL3;;5685.8138;;;24-Aug-2025
100842;NIPPON INDIA LIQUID FUND - RETAIL Plan - DAILY IDCW OPTION;;INF204K01UJ7;1524.2800;;;24-Aug-2025
100843;NIPPON INDIA LIQUID FUND - RETAIL plan - MONTHLY IDCW OPTION;INF204K01UT6;INF204K01UU4;1331.7220;;;24-Aug-2025
100844;NIPPON INDIA LIQUID FUND - RETAIL Plan - QUARTERLY IDCW OPTION;INF204K01UV2;INF204K01UW0;1224.2737;;;24-Aug-2025
100838;NIPPON INDIA LIQUID FUND - RETAIL Plan - WEEKLY IDCW OPTION;;INF204K01UK5;1034.7174;;;24-Aug-2025
100853;NIPPON INDIA LIQUID FUND - WEEKLY IDCW OPTION;INF204KC1FM8;INF204K01US8;1531.2205;;;24-Aug-2025
100851;Nippon India Liquid Fund -Growth Plan;INF204K01UN9;;6426.9336;;;24-Aug-2025

PGIM India Mutual Fund
138285;PGIM India Liquid Fund - Daily Dividend;;INF223J01BO9;100.304;;;24-Aug-2025
138297;PGIM India Liquid Fund - Direct Plan - Daily Dividend;INF223J01NR7;;123.6689;;;24-Aug-2025
138299;PGIM India Liquid Fund - Direct Plan - Growth;INF223J01NS5;;346.9985;;;24-Aug-2025
138298;PGIM India Liquid Fund - Direct Plan - Monthly Dividend;INF223J01NT3;INF223J01NU1;117.0392;;;24-Aug-2025
138301;PGIM India Liquid Fund - Direct Plan - Weekly Dividend;INF223J01NV9;INF223J01NW7;100.5354;;;24-Aug-2025
138288;PGIM India Liquid Fund - Growth;INF223J01BP6;;342.8316;;;24-Aug-2025
138287;PGIM India Liquid Fund - Monthly Dividend;INF223J01BL5;;117.5112;;;24-Aug-2025
138289;PGIM India Liquid Fund - Weekly Dividend;INF223J01BU6;;100.5348;;;24-Aug-2025

PPFAS Mutual Fund
143263;Parag Parikh Liquid Fund- Direct Plan- Daily Reinvestment of IDCW;;INF879O01118;1000.5405;;;24-Aug-2025
143269;Parag Parikh Liquid Fund- Direct Plan- Growth;INF879O01068;;1471.5730;;;24-Aug-2025
143262;Parag Parikh Liquid Fund- Direct Plan- Monthly IDCW;INF879O01076;INF879O01084;1007.0977;;;24-Aug-2025
143265;Parag Parikh Liquid Fund- Direct Plan- Weekly Reinvestment of IDCW;;INF879O01134;1001.9423;;;24-Aug-2025
143264;Parag Parikh Liquid Fund- Regular Plan- Daily Reinvestment of IDCW;;INF879O01126;1000.5404;;;24-Aug-2025
143260;Parag Parikh Liquid Fund- Regular Plan- Growth;INF879O01035;;1460.7689;;;24-Aug-2025
143261;Parag Parikh Liquid Fund- Regular Plan- Monthly IDCW;INF879O01043;INF879O01050;1007.0236;;;24-Aug-2025
143266;Parag Parikh Liquid Fund- Regular Plan- Weekly Reinvestment of IDCW;;INF879O01142;1001.9248;;;24-Aug-2025

quant Mutual Fund
120837;quant Liquid Fund - Growth Option - Direct Plan;INF966L01820;;42.7435;;;24-Aug-2025
103225;quant Liquid Fund - Growth Option - Regular Plan;INF966L01317;;41.6341;;;24-Aug-2025
120838;quant Liquid Fund - Monthly IDCW Option - Direct Plan;INF966L01796;INF966L01812;15.7471;;;24-Aug-2025
103228;quant Liquid Fund - Monthly IDCW Option - Regular Plan;INF966L01291;INF966L01309;15.2101;;;24-Aug-2025
120839;quant Liquid Fund - Weekly IDCW Option - Direct Plan;INF966L01788;INF966L01804;14.6325;;;24-Aug-2025
103227;quant Liquid Fund - Weekly IDCW Option - Regular Plan;INF966L01499;INF966L01283;14.4894;;;24-Aug-2025
120836;quant Liquid Fund-Daily IDCW Option - Direct Plan;;INF966L01770;13.2787;;;24-Aug-2025
103226;quant Liquid Fund-Daily IDCW Option - Regular Plan;;INF966L01275;12.7995;;;24-Aug-2025
148513;quant Liquid Fund-Unclaimed Dividend Investor Education Plan-Growth Option;;;13.2904;;;24-Aug-2025
148510;quant Liquid Fund-Unclaimed Dividend-Growth Option;;;13.2898;;;24-Aug-2025
148511;quant Liquid Fund-Unclaimed Redemption Investor Education Plan-Growth Option;;;13.2904;;;24-Aug-2025
148512;quant Liquid Fund-Unclaimed Redemption Plan-Growth Option;;;13.109;;;24-Aug-2025

Quantum Mutual Fund
103736;Quantum Liquid Fund - Direct Plan Daily IDCW;;INF082J01135;10.0085;;;24-Aug-2025
103734;Quantum Liquid Fund - Direct Plan Growth Option;INF082J01127;;35.5249;;;24-Aug-2025
103735;Quantum Liquid Fund - Direct Plan Monthly IDCW;INF082J01143;INF082J01200;10.0562;;;24-Aug-2025
141065;Quantum Liquid Fund - Regular Plan Daily IDCW;;INF082J01317;10.0002;;;24-Aug-2025
141066;Quantum Liquid Fund - Regular Plan Growth Option;INF082J01309;;35.2710;;;24-Aug-2025
141067;Quantum Liquid Fund - Regular Plan Monthly IDCW;INF082J01325;INF082J01333;10.0527;;;24-Aug-2025
152299;Quantum Liquid Fund - Unclaimed IDCW Plan Above 3 years;;;10.0000;;;24-Aug-2025
152298;Quantum Liquid Fund - Unclaimed IDCW Plan Below 3 years;;;11.1693;;;24-Aug-2025
152301;Quantum Liquid Fund - Unclaimed Redemption Plan Above 3 years;;;10.0000;;;24-Aug-2025
152300;Quantum Liquid Fund - Unclaimed Redemption Plan Below 3 years;;;10.7400;;;24-Aug-2025

SBI Mutual Fund
119804;SBI Liquid Fund - Direct Paln - Fortnightly Income Distribution cum Capital Withdrawal Option (IDCW);INF200K01UR8;INF200K01US6;1358.0755;;;24-Aug-2025
119805;SBI Liquid Fund - Direct Plan - Daily Income Distribution cum Capital Withdrawal Option (IDCW);;INF200K01UQ0;1144.0484;;;24-Aug-2025
119799;SBI Liquid Fund - Direct Plan - Weekly Income Distribution cum Capital Withdrawal Option (IDCW);INF200K01UU2;INF200K01UV0;1385.9207;;;24-Aug-2025
119800;SBI Liquid Fund - DIRECT PLAN -Growth;INF200K01UT4;;4158.8563;;;24-Aug-2025
105274;SBI Liquid Fund - Institutional - Growth;INF200K01LU1;;4154.8840;;;24-Aug-2025
105275;SBI Liquid Fund - Institutional Daily Income Distribution cum Capital Withdrawal Option (IDCW);;INF200K01LR7;1334.8114;;;24-Aug-2025
105281;SBI Liquid Fund - Regular Plan - Daily Income Distribution cum Capital Withdrawal Option (IDCW);;INF200K01LX5;1140.7391;;;24-Aug-2025
105283;SBI Liquid Fund - Regular Plan - Fortnightly Income Distribution cum Capital Withdrawal Option (IDCW);INF200K01LY3;INF200K01LZ0;1350.7806;;;24-Aug-2025
105282;SBI Liquid Fund - Regular Plan - Weekly Income Distribution cum Capital Withdrawal Option (IDCW);INF200K01MB9;INF200K01MC7;1379.0195;;;24-Aug-2025
105280;SBI Liquid Fund - REGULAR PLAN -Growth;INF200K01MA1;;4115.9638;;;24-Aug-2025

Shriram Mutual Fund
153035;Shriram Liquid Fund - Direct Plan Growth Option;INF680P01430;;1051.8581;;;24-Aug-2025
153036;Shriram Liquid Fund - Regular Plan Growth Option;INF680P01448;;1050.6754;;;24-Aug-2025
153282;Shriram Unclaimed IDCW Liquid Fund;;;1027.0313;;;24-Aug-2025
153283;Shriram Unclaimed IDCW Stable Scheme Liquid Fund;;;1000;;;24-Aug-2025
153280;Shriram Unclaimed Redemption Liquid Fund;;;1037.8755;;;24-Aug-2025
153281;Shriram Unclaimed Redemption Stable Scheme Liquid Fund;;;1000;;;24-Aug-2025

Sundaram Mutual Fund
149664;Sundaram Liquid Fund (Formerly Known as Principal Cash Management Fund) - Direct Plan - Growth Option;INF173K01GU0;;2350.4315;;;24-Aug-2025
149660;Sundaram Liquid Fund (Formerly Known as Principal Cash Management Fund) - Regular Plan IDCW;INF173K01DD3;INF173K01DE1;1038.0142;;;24-Aug-2025
149662;Sundaram Liquid Fund (Formerly Known as Principal Cash Management Fund) -Direct Plan - IDCW;INF173K01GV8;INF173K01GW6;1039.0981;;;24-Aug-2025
149661;Sundaram Liquid Fund (Formerly Known as Principal Cash Management Fund) -Growth Option;INF173K01DA9;;2322.6114;;;24-Aug-2025

Tata Mutual Fund
153689;Tata Liquid Fund - Direct Plan - Weekly IDCW Reinvestment;;INF277KA1EE2;1009.4025;;;24-Aug-2025
153688;Tata Liquid Fund - Regular Plan - Weekly IDCW Reinvestment;;INF277KA1EF9;1005.6459;;;24-Aug-2025
102672;Tata Liquid Fund -Regular Plan - Growth Option;INF277K01YD8;;4147.7357;;;24-Aug-2025
119862;Tata Liquid Fund- Direct Plan - Daily Reinvestment of IDCW Option;;INF277K012D2;1001.5187;;;24-Aug-2025
119861;Tata Liquid Fund- Direct Plan-Growth Option;INF277K01YE6;;4198.4118;;;24-Aug-2025
101714;Tata Liquid Fund- Regular Plan - Daily Reinvestment of IDCW Option;;INF277K011D4;1001.5157;;;24-Aug-2025

Trust Mutual Fund
148842;TRUSTMF Liquid Fund-Direct Plan-Daily Income Distribution cum Capital Withdrawal;;INF0GCD01263;1235.4211;;;24-Aug-2025
148841;TRUSTMF Liquid Fund-Direct Plan-Growth;INF0GCD01255;;1288.1267;;;24-Aug-2025
148839;TRUSTMF Liquid Fund-Direct Plan-Monthly Income Distribution cum Capital Withdrawal;INF0GCD01305;INF0GCD01297;1172.473;;;24-Aug-2025
148837;TRUSTMF Liquid Fund-Direct Plan-Weekly Income Distribution cum Capital Withdrawal;INF0GCD01271;INF0GCD01289;1199.1488;;;24-Aug-2025
148834;TRUSTMF Liquid Fund-Regular Plan-Daily Income Distribution cum Capital Withdrawal;;INF0GCD01206;1175.013;;;24-Aug-2025
148833;TRUSTMF Liquid Fund-Regular Plan-Growth;INF0GCD01198;;1279.6939;;;24-Aug-2025
148843;TRUSTMF Liquid Fund-Regular Plan-Monthly Income Distribution cum Capital Withdrawal;INF0GCD01248;INF0GCD01230;1165.0081;;;24-Aug-2025
148836;TRUSTMF Liquid Fund-Regular Plan-Weekly Income Distribution cum Capital Withdrawal;INF0GCD01214;INF0GCD01222;1151.0011;;;24-Aug-2025

Unifi Mutual Fund
153570;Unifi Liquid Fund- Direct Growth;INF1MIY01056;;1012.3834;;;24-Aug-2025
153571;Unifi Liquid Fund- Regular Growth;INF1MIY01064;;1012.2585;;;24-Aug-2025

Union Mutual Fund
115401;Union Liquid Fund - Daily IDCW Option;;INF582M01021;1001.1995;;;24-Aug-2025
119301;Union Liquid Fund - Direct Plan - Daily IDCW Option;;INF582M01682;1001.1995;;;24-Aug-2025
119305;Union Liquid Fund - Direct Plan - Fortnightly IDCW Option;INF582M01724;INF582M01708;1002.9842;;;24-Aug-2025
119303;Union Liquid Fund - Direct Plan - Growth Option;INF582M01674;;2565.4007;;;24-Aug-2025
119302;Union Liquid Fund - Direct Plan - Monthly IDCW Option;INF582M01732;INF582M01716;1005.6448;;;24-Aug-2025
119304;Union Liquid Fund - Direct Plan - Weekly IDCW Option;;INF582M01690;1001.9797;;;24-Aug-2025
115399;Union Liquid Fund - Fortnightly IDCW Option;INF582M01062;INF582M01047;1002.9542;;;24-Aug-2025
115398;Union Liquid Fund - Growth Option;INF582M01013;;2533.9075;;;24-Aug-2025
115400;Union Liquid Fund - Monthly IDCW Option;INF582M01070;INF582M01054;1005.1739;;;24-Aug-2025
115402;Union Liquid Fund - Weekly IDCW Option;;INF582M01039;1002.2052;;;24-Aug-2025

UTI Mutual Fund
134427;UTI Liquid Fund - Direct Plan - Annual IDCW;INF789FA1K63;INF789FA1K71;1917.4238;;;24-Aug-2025
120558;UTI Liquid Fund - Direct Plan - Daily IDCW (Reinvestment);;INF789F01XP8;1063.5167;;;24-Aug-2025
141768;UTI Liquid Fund - Direct Plan - Flexi IDCW;INF789FA1K89;INF789FA1K97;1579.2765;;;24-Aug-2025
140913;UTI Liquid Fund - Direct Plan - Fortnightly IDCW;INF789FA1K06;INF789FA1K14;1157.2125;;;24-Aug-2025
140504;UTI Liquid Fund - Direct Plan - Half-Yearly IDCW;INF789FA1K48;INF789FA1K55;1497.7583;;;24-Aug-2025
120794;UTI Liquid Fund - Direct Plan - Monthly IDCW;INF789F01XR4;INF789F01XS2;1046.5533;;;24-Aug-2025
140024;UTI Liquid Fund - Direct Plan - Quarterly IDCW;INF789FA1K22;INF789FA1K30;1810.8755;;;24-Aug-2025
120777;UTI Liquid Fund - Direct Plan - Weekly IDCW;;INF789F01XT0;1353.885;;;24-Aug-2025
133973;UTI Liquid Fund - Regular Plan - Annual IDCW;INF789FA1J66;INF789FA1J74;1904.9848;;;24-Aug-2025
102010;UTI Liquid Fund - Regular Plan - Daily IDCW (Reinvestment);;INF789F01PG3;1137.241;;;24-Aug-2025
140517;UTI Liquid Fund - Regular Plan - Flexi IDCW;INF789FA1J82;INF789FA1J90;1570.0466;;;24-Aug-2025
139838;UTI Liquid Fund - Regular Plan - Fortnightly IDCW;INF789FA1J09;INF789FA1J17;1156.3572;;;24-Aug-2025
144475;UTI Liquid Fund - Regular Plan - Half-Yearly IDCW;INF789FA1J41;INF789FA1J58;1326.3341;;;24-Aug-2025
102011;UTI Liquid Fund - Regular Plan - Monthly IDCW;INF789F01PI9;INF789F01PJ7;1083.6455;;;24-Aug-2025
135721;UTI Liquid Fund - Regular Plan - Quarterly IDCW;INF789FA1J25;INF789FA1J33;1798.7289;;;24-Aug-2025
102013;UTI Liquid Fund - Regular Plan - Weekly IDCW;;INF789F01PK5;1053.5519;;;24-Aug-2025
120304;UTI-  Liquid Cash Plan - Direct Plan - Growth Option;INF789F01XQ6;;4359.8897;;;24-Aug-2025
102012;UTI-  Liquid Cash Plan - Regular Plan - Growth Option;INF789F01PH1;;4320.2739;;;24-Aug-2025
102008;UTI-  Liquid Cash Plan- Discontinued - Regular Plan - Monthly Dividend Option;INF789F01BC2;INF789F01BA6;1073.4264;;;24-Aug-2025
102009;UTI-  Liquid Cash Plan- Discontinued - Regular Plan -Growth;INF789F01BB4;;3920.3897;;;24-Aug-2025
102007;UTI-  Liquid Cash Plan- Discontinued -Regular Plan Periodic Dividend Option;;INF789F01AZ5;1135.6078;;;24-Aug-2025

WhiteOak Capital Mutual Fund
145969;WhiteOak Capital Liquid Fund- Direct plan-Daily Reinvestment of Income Distribution cum capital withdrawal option (IDCW);;INF03VN01019;1001.5963;;;24-Aug-2025
145966;WhiteOak Capital Liquid Fund- Direct plan-Fortnightly Payout/ Reinvestment of Income Distribution cum capital withdrawal option (IDCW);INF03VN01027;INF03VN01035;1003.3841;;;24-Aug-2025
145971;WhiteOak Capital Liquid Fund- Direct plan-Growth Option;INF03VN01043;;1424.9255;;;24-Aug-2025
145967;WhiteOak Capital Liquid Fund- Direct plan-Monthly  Payout/ Reinvestment of Income Distribution cum capital withdrawal option (IDCW);INF03VN01050;INF03VN01068;1002.4301;;;24-Aug-2025
145970;WhiteOak Capital Liquid Fund- Direct plan-Weekly Payout/ Reinvestment of Income Distribution cum capital withdrawal option (IDCW);INF03VN01076;INF03VN01084;1002.3623;;;24-Aug-2025
145963;WhiteOak Capital Liquid Fund- Regular plan-Daily Reinvestment of Income Distribution cum capital withdrawal option (IDCW);;INF03VN01092;1001.5950;;;24-Aug-2025
145965;WhiteOak Capital Liquid Fund- Regular plan-Fortnightly Payout/ Reinvestment of Income Distribution cum capital withdrawal option (IDCW);INF03VN01100;INF03VN01118;1004.6151;;;24-Aug-2025
145968;WhiteOak Capital Liquid Fund- Regular plan-Growth Option;INF03VN01126;;1416.2952;;;24-Aug-2025
145972;WhiteOak Capital Liquid Fund- Regular plan-Monthly Payout/ Reinvestment of Income Distribution cum capital withdrawal option (IDCW);INF03VN01134;INF03VN01142;1002.1573;;;24-Aug-2025
145964;WhiteOak Capital Liquid Fund- Regular plan-Weekly Payout/ Reinvestment of Income Distribution cum capital withdrawal option (IDCW);INF03VN01159;INF03VN01167;1002.3510;;;24-Aug-2025

Open Ended Schemes ( Other Scheme - Other  ETFs )


Aditya Birla Sun Life Mutual Fund
151533;Aditya Birla Sun Life CRISIL Liquid Overnight ETF - IDCW Daily Reinvestment with Weekly Payout;INF209KB18T9;;1000.;;;24-Aug-2025

Angel One Mutual Fund
153451;ANGEL ONE NIFTY 1D RATE LIQUID ETF - GROWTH;INF1J2R01056;;1022.3832;;;24-Aug-2025

Bajaj Finserv Mutual Fund
152638;Bajaj Finserv Nifty 1D Rate Liquid ETF;INF0QA701854;;1044.8076;;;24-Aug-2025

DSP Mutual Fund
152555;DSP BSE Liquid Rate ETF;INF740KA1UM0;;1087.4979;;;24-Aug-2025
142589;DSP NIFTY 1D Rate Liquid ETF;;INF740KA1EU7;1000.0000;;;24-Aug-2025

Groww Mutual Fund
152891;Groww Nifty 1D Rate Liquid ETF;INF666M01IP5;;105.4317;;;24-Aug-2025

HDFC Mutual Fund
153403;HDFC NIFTY 1D RATE LIQUID ETF GROWTH;INF179KC1JG3;;1024.7007;;;24-Aug-2025

ICICI Prudential Mutual Fund
153378;ICICI Prudential BSE Liquid Rate ETF - Growth;INF109K1A021;;1024.8635;;;24-Aug-2025
144947;ICICI Prudential BSE Liquid Rate ETF - IDCW;INF109KC1KT9;;1000.0000;;;24-Aug-2025

Kotak Mahindra Mutual Fund
151358;Kotak Nifty 1D Rate Liquid ETF;INF174KA1LV5;;1065.3031;;;24-Aug-2025

Mirae Asset Mutual Fund
153045;Mirae Asset Nifty 1D Rate Liquid ETF - Growth;INF769K01MY5;;1047.1761;;;24-Aug-2025
151908;Mirae Asset Nifty 1D Rate Liquid ETF-IDCW;;INF769K01KS1;1000.0000;;;24-Aug-2025

Nippon India Mutual Fund
140086;Nippon India ETF Nifty 1D Rate Liquid BeES - DAILY IDCW Option;INF732E01037;;1000.0000;;;24-Aug-2025
153725;Nippon India Nifty 1D Rate Liquid ETF-Growth;INF204KC1FU1;;1004.8851;;;24-Aug-2025

SBI Mutual Fund
153796;SBI Nifty 1D Rate Liquid ETF - Growth;INF200KB1969;;1002.5539;;;24-Aug-2025

Shriram Mutual Fund
152741;Shriram Nifty 1D Rate Liquid ETF - Growth;INF680P01422;;1067.3664;;;24-Aug-2025

Zerodha Mutual Fund
152327;Zerodha Nifty 1D Rate Liquid ETF - Growth Option;INF0R8F01034;;110.0995;;;24-Aug-2025

Close Ended Schemes ( Income )


SBI Mutual Fund
146974;SBI Fixed Maturity Plan (FMP) - Series 1 (3668 Days) - Direct Plan - Growth;INF200KA1D03;;16.7728;;;24-Aug-2025
146975;SBI Fixed Maturity Plan (FMP) - Series 1 (3668 Days) - Direct Plan - Income Distribution cum Capital Withdrawal Option (IDCW);INF200KA1D11;;16.7858;;;24-Aug-2025
146976;SBI Fixed Maturity Plan (FMP) - Series 1 (3668 Days) - Regular Plan - Growth;INF200KA1C87;;16.5685;;;24-Aug-2025
146973;SBI Fixed Maturity Plan (FMP) - Series 1 (3668 Days) - Regular Plan - Income Distribution cum Capital Withdrawal Option (IDCW);INF200KA1C95;;16.5683;;;24-Aug-2025
148387;SBI Fixed Maturity Plan (FMP) - Series 34 (3682 Days) - Direct Plan - Growth;INF200KA1Q73;;14.1000;;;24-Aug-2025
148388;SBI Fixed Maturity Plan (FMP) - Series 34 (3682 Days) - Direct Plan - Income Distribution cum Capital Withdrawal Option (IDCW);INF200KA1Q81;;14.1000;;;24-Aug-2025
148389;SBI Fixed Maturity Plan (FMP) - Series 34 (3682 Days) - Regular Plan - Growth;INF200KA1Q57;;13.9284;;;24-Aug-2025
148390;SBI Fixed Maturity Plan (FMP) - Series 34 (3682 Days) - Regular Plan - Income Distribution cum Capital Withdrawal Option (IDCW);INF200KA1Q65;;13.9285;;;24-Aug-2025
149043;SBI Fixed Maturity Plan (FMP) - Series 46 (1850 Days) - Direct Plan - Growth;INF200KA1X41;;12.9054;;;24-Aug-2025
149044;SBI Fixed Maturity Plan (FMP) - Series 46 (1850 Days) - Direct Plan - Income Distribution cum Capital Withdrawal Option (IDCW);INF200KA1X58;;12.9054;;;24-Aug-2025
149045;SBI Fixed Maturity Plan (FMP) - Series 46 (1850 Days) - Regular Plan - Growth;INF200KA1X25;;12.8283;;;24-Aug-2025
149042;SBI Fixed Maturity Plan (FMP) - Series 46 (1850 Days) - Regular Plan - Income Distribution cum Capital Withdrawal Option (IDCW);INF200KA1X33;;12.8283;;;24-Aug-2025
149147;SBI Fixed Maturity Plan (FMP) - Series 49 (1823 Days) - Direct Plan - Growth;INF200KA1Z23;;12.7771;;;24-Aug-2025
149144;SBI Fixed Maturity Plan (FMP) - Series 49 (1823 Days) - Direct Plan - Income Distribution cum Capital Withdrawal Option (IDCW);INF200KA1Z31;;12.7771;;;24-Aug-2025
149145;SBI Fixed Maturity Plan (FMP) - Series 49 (1823 Days) - Regular Plan - Growth;INF200KA1Z07;;12.7032;;;24-Aug-2025
149146;SBI Fixed Maturity Plan (FMP) - Series 49 (1823 Days) - Regular Plan - Income Distribution cum Capital Withdrawal Option (IDCW);INF200KA1Z15;;12.7032;;;24-Aug-2025
149174;SBI Fixed Maturity Plan (FMP) - Series 50 (1843 Days) - Direct Plan - Growth;INF200KA1Z64;;12.6431;;;24-Aug-2025
149175;SBI Fixed Maturity Plan (FMP) - Series 50 (1843 Days) - Direct Plan - Income Distribution Capital Withdrawal Option (IDCW);INF200KA1Z72;;12.6431;;;24-Aug-2025
149172;SBI Fixed Maturity Plan (FMP) - Series 50 (1843 Days) - Regular Plan - Growth;INF200KA1Z49;;12.5590;;;24-Aug-2025
149173;SBI Fixed Maturity Plan (FMP) - Series 50 (1843 Days) - Regular Plan -Income Distribution Capital Withdrawal Option (IDCW);INF200KA1Z56;;12.5590;;;24-Aug-2025
149195;SBI Fixed Maturity Plan (FMP) - Series 51 (1846 Days) - Direct Plan - Growth;INF200KA10A7;;12.6324;;;24-Aug-2025
149194;SBI Fixed Maturity Plan (FMP) - Series 51 (1846 Days) - Direct Plan - Income Distribution Capital Withdrawal Option (IDCW);INF200KA11A5;;12.6328;;;24-Aug-2025
149197;SBI Fixed Maturity Plan (FMP) - Series 51 (1846 Days) - Regular Plan - Growth;INF200KA1Z80;;12.5632;;;24-Aug-2025
149196;SBI Fixed Maturity Plan (FMP) - Series 51 (1846 Days) - Regular Plan - Income Distribution Capital Withdrawal Option (IDCW);INF200KA1Z98;;12.5633;;;24-Aug-2025
149232;SBI Fixed Maturity Plan (FMP) - Series 52 (1848 Days) - Direct Plan - Growth;INF200KA14A9;;12.6112;;;24-Aug-2025
149234;SBI Fixed Maturity Plan (FMP) - Series 52 (1848 Days) - Direct Plan - Income Distribution Cum Withdrawal (IDCW);INF200KA15A6;;12.6112;;;24-Aug-2025
149235;SBI Fixed Maturity Plan (FMP) - Series 52 (1848 Days) - Regular Plan - Growth;INF200KA12A3;;12.5445;;;24-Aug-2025
149233;SBI Fixed Maturity Plan (FMP) - Series 52 (1848 Days) - Regular Plan - Income Distribution Cum Withdrawal (IDCW);INF200KA13A1;;12.5445;;;24-Aug-2025
149279;SBI Fixed Maturity Plan (FMP) - Series 53 (1839 Days) - Direct Plan - Growth;INF200KA18A0;;12.6226;;;24-Aug-2025
149277;SBI Fixed Maturity Plan (FMP) - Series 53 (1839 Days) - Direct Plan - Income Distribution Cum Withdrawal Option (IDCW);INF200KA19A8;;12.6226;;;24-Aug-2025
149278;SBI Fixed Maturity Plan (FMP) - Series 53 (1839 Days) - Regular Plan - Growth;INF200KA16A4;;12.5654;;;24-Aug-2025
149280;SBI Fixed Maturity Plan (FMP) - Series 53 (1839 Days) - Regular Plan - Income  Distribution Cum Withdrawal Option (IDCW);INF200KA17A2;;12.5654;;;24-Aug-2025
149307;SBI Fixed Maturity Plan (FMP) - Series 54 (1842 Days) - Direct Plan - Growth;INF200KA12B1;;12.6036;;;24-Aug-2025
149309;SBI Fixed Maturity Plan (FMP) - Series 54 (1842 Days) - Direct Plan - Income Distribution Cum Withdrawal Option (IDCW);INF200KA13B9;;12.6040;;;24-Aug-2025
149308;SBI Fixed Maturity Plan (FMP) - Series 54 (1842 Days) - Regular Plan - Growth;INF200KA10B5;;12.5440;;;24-Aug-2025
149306;SBI Fixed Maturity Plan (FMP) - Series 54 (1842 Days) - Regular Plan - Income Distribution Cum Capital Withdrawal Option (IDCW);INF200KA11B3;;12.5440;;;24-Aug-2025
149345;SBI Fixed Maturity Plan (FMP) - Series 55 (1849 Days) - Direct Plan - Growth;INF200KA16B2;;12.5772;;;24-Aug-2025
149348;SBI Fixed Maturity Plan (FMP) - Series 55 (1849 Days) - Direct Plan - Income Distribution cum Capital Withdrawal Option (IDCW);INF200KA17B0;;12.5773;;;24-Aug-2025
149347;SBI Fixed Maturity Plan (FMP) - Series 55 (1849 Days) - Regular Plan - Growth;INF200KA14B7;;12.5185;;;24-Aug-2025
149346;SBI Fixed Maturity Plan (FMP) - Series 55 (1849 Days) - Regular Plan - Income Distribution Cum Capital Withdrawal Option (IDCW);INF200KA15B4;;12.5185;;;24-Aug-2025
149431;SBI Fixed Maturity Plan (FMP) - Series 57 (1835 Days) - Direct Plan - Growth;INF200KA14C5;;12.4988;;;24-Aug-2025
149430;SBI Fixed Maturity Plan (FMP) - Series 57 (1835 Days) - Direct Plan - Income Distribution cum Capital Withdrawal Option (IDCW);INF200KA15C2;;12.4989;;;24-Aug-2025
149432;SBI Fixed Maturity Plan (FMP) - Series 57 (1835 Days) - Regular Plan - Growth;INF200KA12C9;;12.4416;;;24-Aug-2025
149433;SBI Fixed Maturity Plan (FMP) - Series 57 (1835 Days) - Regular Plan - Income Distribution cum Capital Withdrawal Option (IDCW);INF200KA13C7;;12.4418;;;24-Aug-2025
149460;SBI Fixed Maturity Plan (FMP) - Series 58 (1842 Days) - Direct Plan - Growth;INF200KA18C6;;12.5990;;;24-Aug-2025
149461;SBI Fixed Maturity Plan (FMP) - Series 58 (1842 Days) - Direct Plan - Income Distribution cum Capital withdrawal option (IDCW);INF200KA19C4;;12.5992;;;24-Aug-2025
149459;SBI Fixed Maturity Plan (FMP) - Series 58 (1842 Days) - Regular Plan - Growth;INF200KA16C0;;12.5431;;;24-Aug-2025
149462;SBI Fixed Maturity Plan (FMP) - Series 58 (1842 Days) - Regular Plan - Income Distribution cum Capital withdrawal option (IDCW);INF200KA17C8;;12.5431;;;24-Aug-2025
149822;SBI Fixed Maturity Plan (FMP) - Series 59 (1618 Days) - Direct Plan - Growth;INF200KA19D2;;12.4278;;;24-Aug-2025
149823;SBI Fixed Maturity Plan (FMP) - Series 59 (1618 Days) - Direct Plan - Income Distribution cum Capital Withdrawal Option (IDCW);INF200KA10E9;;12.4272;;;24-Aug-2025
149825;SBI Fixed Maturity Plan (FMP) - Series 59 (1618 Days) - Regular Plan - Growth;INF200KA17D6;;12.3756;;;24-Aug-2025
149824;SBI Fixed Maturity Plan (FMP) - Series 59 (1618 Days) - Regular Plan - Income Distribution cum Capital Withdrawal Option (IDCW);INF200KA18D4;;12.3756;;;24-Aug-2025
147248;SBI Fixed Maturity Plan (FMP) - Series 6 (3668 Days) - Direct Plan - Growth;INF200KA1F27;;16.3294;;;24-Aug-2025
147249;SBI Fixed Maturity Plan (FMP) - Series 6 (3668 Days) - Direct Plan - Income Distribution cum Capital Withdrawal Option (IDCW);INF200KA1F35;;16.3296;;;24-Aug-2025
147247;SBI Fixed Maturity Plan (FMP) - Series 6 (3668 Days) - Regular Plan - Growth;INF200KA1F01;;16.0843;;;24-Aug-2025
147250;SBI Fixed Maturity Plan (FMP) - Series 6 (3668 Days) - Regular Plan - Income Distribution cum Capital Withdrawal Option (IDCW);INF200KA1F19;;16.0870;;;24-Aug-2025
149878;SBI Fixed Maturity Plan (FMP) - Series 60 (1878 Days) - Direct Plan - Growth;INF200KA13E3;;12.5071;;;24-Aug-2025
149879;SBI Fixed Maturity Plan (FMP) - Series 60 (1878 Days) - Direct Plan - Income Distribution cum Capital Withdrwal Option (IDCW);INF200KA14E1;;12.5073;;;24-Aug-2025
149876;SBI Fixed Maturity Plan (FMP) - Series 60 (1878 Days) - Regular Plan - Growth;INF200KA11E7;;12.4529;;;24-Aug-2025
149877;SBI Fixed Maturity Plan (FMP) - Series 60 (1878 Days) - Regular Plan - Income Distribution cum Capital Withdrawal Option (IDCW);INF200KA12E5;;12.4530;;;24-Aug-2025
149993;SBI Fixed Maturity Plan (FMP)- Series 61 (1927 Days)- Direct Plan- Growth option;INF200KA13F0;;12.5477;;;24-Aug-2025
149995;SBI Fixed Maturity Plan (FMP)- Series 61 (1927 Days)- Direct Plan- Income Distribution Cum Capital withdrawal option;INF200KA14F8;;12.5478;;;24-Aug-2025
149994;SBI Fixed Maturity Plan (FMP)- Series 61 (1927 Days)- Regular Plan- Growth option;INF200KA11F4;;12.4951;;;24-Aug-2025
149992;SBI Fixed Maturity Plan (FMP)- Series 61 (1927 Days)- Regular Plan- Income Distribution Cum Capital withdrawal option;INF200KA12F2;;12.4950;;;24-Aug-2025
150602;SBI Fixed Maturity Plan (FMP) - Series 64 (1169 Days) - Direct Plan - Growth;INF200KA17N5;;12.1973;;;24-Aug-2025
150603;SBI Fixed Maturity Plan (FMP) - Series 64 (1169 Days) - Direct Plan - IDCW Payout;INF200KA18N3;;12.1976;;;24-Aug-2025
150604;SBI Fixed Maturity Plan (FMP) - Series 64 (1169 Days) - Regular Plan - Growth;INF200KA15N9;;12.1547;;;24-Aug-2025
150605;SBI Fixed Maturity Plan (FMP) - Series 64 (1169 Days) - Regular Plan - IDCW Payout;INF200KA16N7;;12.1546;;;24-Aug-2025
150379;SBI Fixed Maturity Plan (FMP) - Series 66 (1361 Days) - Direct Plan - Growth;INF200KA11M0;;12.4986;;;24-Aug-2025
150378;SBI Fixed Maturity Plan (FMP) - Series 66 (1361 Days) - Direct Plan - Income Distribution cum Capital Withdrawal Option (IDCW);INF200KA12M8;;12.4986;;;24-Aug-2025
150377;SBI Fixed Maturity Plan (FMP) - Series 66 (1361 Days) - Regular Plan - Growth;INF200KA19L5;;12.4531;;;24-Aug-2025
150380;SBI Fixed Maturity Plan (FMP) - Series 66 (1361 Days) - Regular Plan - Income Distribution cum Capital Withdrawal Option (IDCW);INF200KA10M2;;12.4531;;;24-Aug-2025
150460;SBI Fixed Maturity Plan (FMP) - Series 67 (1467 Days) - Direct Plan - Growth;INF200KA15M1;;12.4911;;;24-Aug-2025
150458;SBI Fixed Maturity Plan (FMP) - Series 67 (1467 Days) - Direct Plan - IDCW Payout;INF200KA16M9;;12.4912;;;24-Aug-2025
150461;SBI Fixed Maturity Plan (FMP) - Series 67 (1467 Days) - Regular Plan - Growth;INF200KA13M6;;12.4465;;;24-Aug-2025
150459;SBI Fixed Maturity Plan (FMP) - Series 67 (1467 Days) - Regular Plan - IDCW Payout;INF200KA14M4;;12.4469;;;24-Aug-2025
150649;SBI Fixed Maturity Plan (FMP) - Series 68 (1302 Days) - Direct Plan - Growth;INF200KA15O7;;12.3369;;;24-Aug-2025
150650;SBI Fixed Maturity Plan (FMP) - Series 68 (1302 Days) - Direct Plan - IDCW Payout;INF200KA16O5;;12.3399;;;24-Aug-2025
150647;SBI Fixed Maturity Plan (FMP) - Series 68 (1302 Days) - Regular Plan - Growth;INF200KA13O2;;12.2942;;;24-Aug-2025
150648;SBI Fixed Maturity Plan (FMP) - Series 68 (1302 Days) - Regular Plan - IDCW Payout;INF200KA14O0;;12.2941;;;24-Aug-2025
151559;SBI Fixed Maturity Plan (FMP) - Series 79 (1170 Days) - Direct Plan - Growth;INF200KA19W2;;12.0065;;;24-Aug-2025
151558;SBI Fixed Maturity Plan (FMP) - Series 79 (1170 Days) - Direct Plan - Income Distribution cum Capital Withdrawal Payout;INF200KA10X9;;12.0068;;;24-Aug-2025
151556;SBI Fixed Maturity Plan (FMP) - Series 79 (1170 Days) - Regular Plan - Growth;INF200KA17W6;;11.9700;;;24-Aug-2025
151557;SBI Fixed Maturity Plan (FMP) - Series 79 (1170 Days) - Regular Plan - Income Distribution cum Capital Withdrawal Payout;INF200KA18W4;;11.9701;;;24-Aug-2025
148848;SBI Fixed Maturity Plan (FMP) - Series 42 (1857 Days) Direct Plan - Income Distribution cum Capital Withdrawal Option (IDCW);INF200KA1V27;;13.0905;;;24-Aug-2025
148845;SBI Fixed Maturity Plan (FMP) - Series 42 (1857 Days) Regular Plan - Income Distribution cum Capital Withdrawal Option (IDCW);INF200KA1V01;;12.9977;;;24-Aug-2025
148846;SBI Fixed Maturity Plan (FMP) Series 42 (1857 Days) - Direct Plan - Growth;INF200KA1V19;;13.0902;;;24-Aug-2025
148847;SBI Fixed Maturity Plan (FMP) Series 42 (1857 Days) - Regular Plan - Growth;INF200KA1U93;;12.9977;;;24-Aug-2025
148941;SBI Fixed Maturity Plan (FMP) Series 43 (1616 Days) - Direct Plan - Growth;INF200KA1V50;;12.9066;;;24-Aug-2025
148942;SBI Fixed Maturity Plan (FMP) Series 43 (1616 Days) - Direct Plan - Income Distribution cum Capital Withdrawal Option (IDCW);INF200KA1V68;;12.9066;;;24-Aug-2025
148939;SBI Fixed Maturity Plan (FMP) Series 43 (1616 Days) - Regular Plan - Growth;INF200KA1V35;;12.8283;;;24-Aug-2025
148940;SBI Fixed Maturity Plan (FMP) Series 43 (1616 Days) - Regular Plan - Income Distribution cum Capital Withdrawal Option (IDCW);INF200KA1V43;;12.8284;;;24-Aug-2025
148967;SBI Fixed Maturity Plan (FMP) - Series 44 (1855 Days) - Direct Plan - Growth;INF200KA1W59;;12.9285;;;24-Aug-2025
148968;SBI Fixed Maturity Plan (FMP) - Series 44 (1855 Days) - Direct Plan - Income Distribution cum Capital Withdrawal Option (IDCW);INF200KA1W67;;12.9285;;;24-Aug-2025
148966;SBI Fixed Maturity Plan (FMP) - Series 44 (1855 Days) - Regular Plan - Growth;INF200KA1W34;;12.8537;;;24-Aug-2025
148969;SBI Fixed Maturity Plan (FMP) Series 44 (1855 Days) - Regular Plan - Income Distribution cum Capital Withdrawal Option (IDCW);INF200KA1W42;;12.8537;;;24-Aug-2025
148999;SBI Fixed Maturity Plan (FMP) Series 45 (1840 Days) - Direct Plan - Growth;INF200KA1W91;;12.9171;;;24-Aug-2025
148998;SBI Fixed Maturity Plan (FMP) Series 45 (1840 Days) - Direct Plan - Income Distribution cum Capital Withdrawal Option (IDCW);INF200KA1X09;;12.9171;;;24-Aug-2025
148996;SBI Fixed Maturity Plan (FMP) Series 45 (1840 Days) - Regular Plan - Growth;INF200KA1W75;;12.8456;;;24-Aug-2025
148997;SBI Fixed Maturity Plan (FMP) Series 45 (1840Days) - Regular Plan - Income Distribution cum Capital Withdrawal Option (IDCW);INF200KA1W83;;12.8457;;;24-Aug-2025
150919;SBI Fixed Maturity Plan (FMP)-Series 72 (1239 Days) Direct Plan- Growth;INF200KA17S4;;12.1967;;;24-Aug-2025
150916;SBI Fixed Maturity Plan (FMP)-Series 72 (1239 Days) Direct Plan- Income Distribution Cum Capital Withdrawal Payout;INF200KA18S2;;12.1967;;;24-Aug-2025
150917;SBI Fixed Maturity Plan (FMP)-Series 72 (1239 Days) Regular Plan- Growth;INF200KA15S8;;12.1559;;;24-Aug-2025
150918;SBI Fixed Maturity Plan (FMP)-Series 72 (1239 Days) Regular Plan- Income Distribution Cum Capital Withdrawal Payout;INF200KA16S6;;12.1558;;;24-Aug-2025
150984;SBI Fixed Maturity Plan (FMP) - Series 73 (1226 Days) - Direct Plan - Growth;INF200KA11T5;;12.1654;;;24-Aug-2025
150985;SBI Fixed Maturity Plan (FMP) - Series 73 (1226 Days) - Direct Plan - IDCW Payout;INF200KA12T3;;12.1653;;;24-Aug-2025
150986;SBI Fixed Maturity Plan (FMP) - Series 73 (1226 Days) - Regular Plan - Growth;INF200KA19S0;;12.1257;;;24-Aug-2025
150983;SBI Fixed Maturity Plan (FMP) - Series 73 (1226 Days) - Regular Plan - IDCW Payout;INF200KA10T7;;12.1257;;;24-Aug-2025
151252;SBI Fixed Maturity Plan (FMP)-Series 74 (1243 Days)- Direct Plan- Growth;INF200KA11U3;;12.1472;;;24-Aug-2025
151253;SBI Fixed Maturity Plan (FMP)-Series 74 (1243 Days)- Direct Plan- Income Distribution Cum Capital Withdrawal Payout;INF200KA12U1;;12.1472;;;24-Aug-2025
151254;SBI Fixed Maturity Plan (FMP)-Series 74 (1243 Days)- Regular Plan- Growth;INF200KA19T8;;12.1083;;;24-Aug-2025
151255;SBI Fixed Maturity Plan (FMP)-Series 74 (1243 Days)- Regular Plan- Income Distribution Cum Capital Withdrawal Payout;INF200KA10U5;;12.1083;;;24-Aug-2025
151351;SBI Fixed Maturity Plan (FMP) - Series 76 (1221 Days) - Direct Plan - Growth;INF200KA19U6;;12.0654;;;24-Aug-2025
151350;SBI Fixed Maturity Plan (FMP) - Series 76 (1221 Days) - Direct Plan - Income Distribution Cum Capital Withdrawal Payout;INF200KA10V3;;12.0655;;;24-Aug-2025
151349;SBI Fixed Maturity Plan (FMP) - Series 76 (1221 Days) - Regular Plan - Growth;INF200KA17U0;;12.0279;;;24-Aug-2025
151348;SBI Fixed Maturity Plan (FMP) - Series 76 (1221 Days) - Regular Plan - Income Distribution Cum Capital Withdrawal Payout;INF200KA18U8;;12.0279;;;24-Aug-2025
151451;SBI Fixed Maturity Plan (FMP)-Series 78 (1170 Days) Direct Plan- Growth;INF200KA19V4;;12.0508;;;24-Aug-2025
151452;SBI Fixed Maturity Plan (FMP)-Series 78 (1170 Days) Direct Plan- Income Distribution Cum Capital Withdrawal Payout;INF200KA10W1;;12.0498;;;24-Aug-2025
151454;SBI Fixed Maturity Plan (FMP)-Series 78 (1170 Days) Regular Plan- Growth;INF200KA17V8;;12.0130;;;24-Aug-2025
151453;SBI Fixed Maturity Plan (FMP)-Series 78 (1170 Days) Regular Plan- Income Distribution Cum Capital Withdrawal Payout;INF200KA18V6;;12.0122;;;24-Aug-2025
151639;SBI Fixed Maturity Plan (FMP)-Series 81 (1157 Days) Direct Plan- Growth;INF200KA17X4;;11.9594;;;24-Aug-2025
151640;SBI Fixed Maturity Plan (FMP)-Series 81 (1157 Days) Direct Plan- Income Distribution Cum Capital Withdrawal Payout;INF200KA18X2;;11.9593;;;24-Aug-2025
151641;SBI Fixed Maturity Plan (FMP)-Series 81 (1157 Days) Regular Plan- Growth;INF200KA15X8;;11.9242;;;24-Aug-2025
151642;SBI Fixed Maturity Plan (FMP)-Series 81 (1157 Days) Regular Plan- Income Distribution Cum Capital Withdrawal Payout;INF200KA16X6;;11.9242;;;24-Aug-2025
