Scheme Code;Scheme Name;ISIN Div Payout/ISIN Growth;ISIN Div Reinvestment;Net Asset Value;Repurchase Price;Sale Price;Date

Open Ended Schemes ( Income )


DBS Chola Mutual Fund
101958;DBS Chola Liquid Fund - Institutional Plus Weekly Dividend;;;11.9634;11.9634;11.9634;06-Jan-2008
103137;DBS Chola Short Term Floating Rate Fund-Cumulative;;;11.8856;11.8856;11.8856;06-Jan-2008
103134;DBS Chola Short Term Floating Rate Fund-Dividend-Daily;;;10.0164;10.0164;10.0164;06-Jan-2008
103136;DBS Chola Short Term Floating Rate Fund-Dividend-Monthly;;;10.2846;10.2846;10.2846;06-Jan-2008
103135;DBS Chola Short Term Floating Rate Fund-Dividend-Weekly;;;10.2545;10.2545;10.2545;06-Jan-2008

DSP Mutual Fund
103277;DSP Credit Risk Fund - Institutional Plan-Growth;INF740K01FN3;;1136.0464;1136.0464;1136.0464;06-Jan-2008

Standard Chartered Mutual Fund
102342;GCF-Plan C-Daily Dividend;;;10.0005;10.0005;10.0005;06-Jan-2008
102340;GCF-Plan C-Growth;;;0;0;0;06-Jan-2008
102343;GCF-Plan C-Monthly Dividend;;;0;0;0;06-Jan-2008
102341;GCF-Plan C-weekly Dividend;;;0;0;0;06-Jan-2008
101780;GCF Daily-Dividend(Institutional Plan);;;10.5816;10.5816;10.5816;06-Jan-2008
101760;GCF Dividend-Weekly(Institutional Plan);;;10.3027;10.3027;10.3027;06-Jan-2008
102348;GFRF-Plan C-Daily Dividend;;;10.0015;10.0015;10.0015;06-Jan-2008
102347;GFRF-Plan C-Growth;;;0;0;0;06-Jan-2008
102350;GFRF-Plan C-Monthly Divdend;;;0;0;0;06-Jan-2008
102349;GFRF-Plan C-Weekly Dividend;;;0;0;0;06-Jan-2008
101947;GFRF (Daily - Dividind);;;10.0699;10.0699;10.0699;06-Jan-2008
101948;GFRF (Dividend - Weekly);;;10.0704;10.0704;10.0704;06-Jan-2008
101773;GFRF - Growth(Institutional Plan);;;12.7940;12.7940;12.7940;06-Jan-2008
101774;GFRF Dividend-Daily (Institutional Plan);;;10.0703;10.0703;10.0703;06-Jan-2008
101776;GFRF Dividend-Monthly(Institutional Plan);;;0;0;0;06-Jan-2008
101775;GFRF Dividend-Weekly(Institutional Plan);;;10.0948;10.0948;10.0948;06-Jan-2008
101100;Grindlays Cash Fund-Dividend (Daily);;;10.5819;10.5819;10.5819;06-Jan-2008
101099;Grindlays Cash Fund-Growth;;;14.4270;14.4270;14.4270;06-Jan-2008
101319;Grindlays Cash Fund - Dividend (Weekly);;;10.1947;10.1947;10.1947;06-Jan-2008
101632;Grindlays Cash Fund - Plan B (D) (Institutional Plan);;;0;0;0;06-Jan-2008
101248;Grindlays Cash Fund - Plan B (G) (Institutional Plan);;;14.5022;14.5022;14.5022;06-Jan-2008

Open Ended Schemes ( Liquid )


Aditya Birla Sun Life Mutual Fund
101294;Birla Sun Life Cash Plus Sweep Plan-Dividend Option;;;10.0572;10.0572;10.0572;06-Jan-2008

DBS Chola Mutual Fund
100989;DBS Chola Liquid Fund-Cum -Institutional Plus;;;16.0999;16.0999;16.0999;06-Jan-2008
104329;DBS Chola Liquid Fund-Cum -Super Institutional;;; 10.9469 ; 10.9469 ; 10.9469 ;06-Jan-2008
100978;DBS Chola Liquid Fund-Daily Dividend Reinvestment Plan;;;10.0317;10.0317;10.0317;06-Jan-2008
100975;DBS Chola Liquid Fund-Regular Cumulative;;;15.9646;15.9646;15.9646;06-Jan-2008
101307;DBS Chola Liquid Fund - Regular Weekly Dividend;;;11.9976;11.9976;11.9976;06-Jan-2008
105295;DBS Chola Treasury Management Fund - Cumulative Option;;;11.7582;11.7582;11.7582;06-Jan-2008
105296;DBS Chola Treasury Management Fund - Daily Dividend Option;;;11.6361;11.6361;11.6361;06-Jan-2008

Deutsche Mutual Fund
105672;DWS INSTA CASH PLUS FUND - Regular Plan BONUS OPTION;INF223J01BH3;;10.4916;10.4916;10.4916;06-Jan-2008
106472;DWS Insta Cash Plus Fund - Weekly Dividend;INF223J01BT8;INF223J01BU6;10.0148;10.0148;10.0148;06-Jan-2008
106471;DWS Insta Cash Plus Fund -Growth;INF223J01BP6;;10.2763;10.2763;10.2763;06-Jan-2008
106467;DWS Insta Cash Plus Fund-Daily Dividend;;INF223J01BO9;10.0200;10.0200;10.0200;06-Jan-2008
101718;DWS Insta Cash Plus Fund-DIVIDEND-Daily Dividend;;INF223J01BI1;10.3010;10.3010;10.3010;06-Jan-2008
101717;DWS Insta Cash Plus Fund-DIVIDEND-MONTHLY DIVIDEND;INF223J01BK7;INF223J01BL5;10.4598;10.4598;10.4598;06-Jan-2008
101716;DWS Insta Cash Plus Fund-DIVIDEND-WEEKLY DIVIDEND;INF223J01BM3;INF223J01BN1;10.2429;10.2429;10.2429;06-Jan-2008
101719;DWS Insta Cash Plus Fund-Growth-GROWTH;INF223J01BJ9;;13.3387;13.3387;13.3387;06-Jan-2008
101722;DWS Insta Cash Plus Fund-Institutional Plan-Daily Dividend;;INF223J01BA8;10.0195;10.0195;10.0195;06-Jan-2008
101720;DWS Insta Cash Plus Fund-Institutional Plan-Dividend;INF223J01BE0;INF223J01BD2;10.1328;10.1328;10.1328;06-Jan-2008
101721;DWS Insta Cash Plus Fund-Institutional Plan-Growth;INF223J01BB6;;12.4926;12.4926;12.4926;06-Jan-2008
101723;DWS Insta Cash Plus Fund-Institutional Plan-Weekly Dividend;INF223J01BF7;INF223J01BG5;10.1486;10.1486;10.1486;06-Jan-2008

DSP Mutual Fund
106861;DSP BlackRock Cash Manager Fund - Institutional Plan - Daily Dividend Reinvest;;;1000.1000;1000.1000;1000.1000;06-Jan-2008
106863;DSP BlackRock Cash Manager Fund - Institutional Plan - Growth;;;1017.3754;1017.3754;1017.3754;06-Jan-2008
106862;DSP BlackRock Cash Manager Fund - Institutional Plan - Weekly Dividend Reinvest;;;1000.6724;1000.6724;1000.6724;06-Jan-2008
106859;DSP BlackRock Cash Manager Fund - Regular Plan - Growth;;;1017.2637;1017.2637;1017.2637;06-Jan-2008
106860;DSP BlackRock Cash Manager Fund - Regular Plan - Weekly Dividend Reinvest;;;1000.6697;1000.6697;1000.6697;06-Jan-2008

Fidelity Mutual Fund
104498;Fidelity Cash Fund - Institutional Plan - Daily Dividend Option;;INF677K01AQ1;10.0001;10.0001;10.0001;06-Jan-2008
104497;Fidelity Cash Fund - Institutional Plan - Growth Option;;;10.8895;10.8895;10.8895;06-Jan-2008
104548;Fidelity Cash Fund - Institutional Plan - Monthly Dividend Option;INF677K01AS7;INF677K01AT5;10.0246;10.0246;10.0246;06-Jan-2008
104546;Fidelity Cash Fund - Institutional Plan - Weekly Dividend Option;;INF677K01AR9;10.0132;10.0132;10.0132;06-Jan-2008
104495;Fidelity Cash Fund - Retail Plan - Daily Dividend option;;INF677K01AL2;10.0000;10.0000;10.0000;06-Jan-2008
104493;Fidelity Cash Fund - Retail Plan - Growth option;;;10.8429;10.8429;10.8429;06-Jan-2008
104547;Fidelity Cash Fund - Retail Plan - Monthly Dividend Option;;;10.0243;10.0243;10.0243;06-Jan-2008
104549;Fidelity Cash Fund - Retail Plan - Weekly Dividend Option;;INF677K01AM0;10.0154;10.0154;10.0154;06-Jan-2008
104494;Fidelity Cash Fund - Super Institutional Plan - Daily Dividend Option;;INF677K01AV1;10.0000;10.0000;10.0000;06-Jan-2008
104496;Fidelity Cash Fund - Super Institutional Plan - Growth Option;INF677K01AU3;;10.9070;10.9070;10.9070;06-Jan-2008
104551;Fidelity Cash Fund - Super Institutional Plan - Monthly Dividend Option;INF677K01AX7;INF677K01AY5;10.0000;10.0000;10.0000;06-Jan-2008
104550;Fidelity Cash Fund - Super Institutional Plan - Weekly Dividend Option;;INF677K01AW9;10.0000;10.0000;10.0000;06-Jan-2008

ING Mutual Fund
106913;ING High Yield Liquidity Fund - Institutional Growth Option;;;10.0000;10.0000;10.0000;06-Jan-2008
106914;ING High Yield Liquidity Fund - Institutional Quarterly Dividend Option;;;10.0000;10.0000;10.0000;06-Jan-2008
106904;ING High Yield Liquidity Fund - Regular Daily Dividend Option;;;10.0137;10.0137;10.0137;06-Jan-2008
106912;ING High Yield Liquidity Fund- Institutional Bonus Option;;;10.0000;10.0000;10.0000;06-Jan-2008
106909;ING High Yield Liquidity Fund- Institutional Daily Dividend Option;;;10.0000;10.0000;10.0000;06-Jan-2008
106911;ING High Yield Liquidity Fund- Institutional Monthly Dividend Option;;;10.0000;10.0000;10.0000;06-Jan-2008
106910;ING High Yield Liquidity Fund- Institutional Weekly Dividend Option;;;10.0000;10.0000;10.0000;06-Jan-2008
106908;ING High Yield Liquidity Fund- Regular Bonus Option;;;10.0000;10.0000;10.0000;06-Jan-2008
106903;ING High Yield Liquidity Fund- Regular Growth Option;;;10.0947;10.0947;10.0947;06-Jan-2008
106907;ING High Yield Liquidity Fund- Regular Monthly Dividend Option;;;10.0513;10.0513;10.0513;06-Jan-2008
106906;ING High Yield Liquidity Fund- Regular Quarterly Dividend Option;;;10.0000;10.0000;10.0000;06-Jan-2008
106905;ING High Yield Liquidity Fund- Regular Weekly Dividend Option;;;10.0000;10.0000;10.0000;06-Jan-2008
100194;ING Liquid Fund-Auto Sweep Growth Option;;;10.0000;10.0000;10.0000;06-Jan-2008
100195;ING Liquid Fund-Auto Sweep Weekly Dividend Option;;;10.0000;10.0000;10.0000;06-Jan-2008
100198;ING Liquid Fund-Institutional Daily Dividend Option;INF084M01473;;10.0121;10.0121;10.0121;06-Jan-2008
100196;ING Liquid Fund-Institutional Growth Option;INF084M01465;;12.4833;12.4833;12.4833;06-Jan-2008
100197;ING Liquid Fund-Institutional Weekly Dividend Option;INF084M01499;INF084M01481;10.0665;10.0665;10.0665;06-Jan-2008
100192;ING Liquid Fund-Regular Daily Dividend Option;INF084M01432;;10.7873;10.7873;10.7873;06-Jan-2008
100190;ING Liquid Fund-Regular Growth Option;INF084M01424;;16.7782;16.7782;16.7782;06-Jan-2008
100191;ING Liquid Fund-Regular Weekly Dividend Option;INF084M01457;INF084M01440;10.8372;10.8372;10.8372;06-Jan-2008
100200;ING Liquid Fund-Super Institutional Daily Dividend Option;INF084M01515;;10.0048;10.0048;10.0048;06-Jan-2008
100199;ING Liquid Fund-Super Institutional Growth Option;INF084M01507;;11.8316;11.8316;11.8316;06-Jan-2008
100201;ING Liquid Fund-Super Institutional Weekly Dividend Option;INF084M01531;INF084M01523;10.0157;10.0157;10.0157;06-Jan-2008

Invesco Mutual Fund
106502;Religare Invesco Overnight Fund - Daily Dividend Reinvestment;;INF205K01HS2;10.0000;10.0000;10.0000;06-Jan-2008
106501;Religare Invesco Overnight Fund - Growth;INF205K01HR4;;10.2180;10.2180;10.2180;06-Jan-2008

JM Financial Mutual Fund
101420;JM Floater Short Term Fund - Daily Dividend Option;;INF192K01767;10.0883;10.0883;10.0883;06-Jan-2008
101421;JM Floater Short Term Fund - Growth Option;INF192K01775;;13.0191;13.0191;13.0191;06-Jan-2008

JPMorgan Mutual Fund
106562;JPMorgan India Liquid Fund - Retail Plan - Daily Dividend Option;;INF843K01203;10.0079;10.0079;10.0079;06-Jan-2008
106561;JPMorgan India Liquid Fund - Retail Plan - Growth Option;INF843K01195;;10.2291;10.2291;10.2291;06-Jan-2008

PineBridge Mutual Fund
106513;PineBridge India Liquid Fund- Standard Plan-Daily Dividend Option;;INF178L01699;1000.8141;1000.8141;1000.8141;06-Jan-2008
106508;PineBridge India Liquid Fund- Standard Plan-Growth Option;INF178L01715;;1023.7560;1023.7560;1023.7560;06-Jan-2008
106509;PineBridge India Liquid Fund- Standard Plan-Weekly Dividend Option;;INF178L01764;1002.3031;1002.3031;1002.3031;06-Jan-2008
106506;PineBridge India Liquid Fund-Institutional Plan-Daily Dividend Option;;INF178L01616;1000.8059;1000.8059;1000.8059;06-Jan-2008
106511;PineBridge India Liquid Fund-Institutional Plan-Growth Option;INF178L01632;;1023.4534;1023.4534;1023.4534;06-Jan-2008
106503;PineBridge India Liquid Fund-Retail Plan-DailyDividend Option;;INF178L01533;1000.7810;1000.7810;1000.7810;06-Jan-2008
106514;PineBridge India Liquid Fund-Retail Plan-Growth Option;INF178L01558;;1022.4076;1022.4076;1022.4076;06-Jan-2008
106504;PineBridge India Liquid Fund-Retail Plan-Monthly Dividend Option;INF178L01566;INF178L01574;1003.0923;1003.0923;1003.0923;06-Jan-2008
106510;PineBridge India Liquid Fund-Retail Plan-Weekly Dividend Option;;INF178L01608;1002.2373;1002.2373;1002.2373;06-Jan-2008

Sahara Mutual Fund
101397;Sahara Liquid Fund-Fixed Pricing -  Weekly Dividend Option;;INF515L01064;1026.2355;1026.2355;1026.2355;06-Jan-2008
101393;Sahara Liquid Fund-Fixed Pricing - Daily Dividend Option;;INF515L01049;1024.9045;1024.9045;1024.9045;06-Jan-2008
101394;Sahara Liquid Fund-Fixed Pricing - Growth option;INF515L01056;;1422.9302;1422.9302;1422.9302;06-Jan-2008
101398;Sahara Liquid Fund-Fixed Pricing - Monthly Dividend Option;;INF515L01072;1026.8404;1026.8404;1026.8404;06-Jan-2008
101399;Sahara Liquid Fund-Variable Pricing - Daily Dividend option;;INF515L01080;1024.9262;1024.9262;1024.9262;06-Jan-2008
101402;Sahara Liquid Fund-Variable Pricing - Growth option;INF515L01114;;1429.5427;1429.5427;1429.5427;06-Jan-2008
101400;Sahara Liquid Fund-Variable Pricing - Weekly Dividend Option;;INF515L01098;1025.5838;1025.5838;1025.5838;06-Jan-2008
101401;Sahara Liquid Fund-Variable Pricing- Monthly Dividend Option;;INF515L01106;1027.2111;1027.2111;1027.2111;06-Jan-2008

Standard Chartered Mutual Fund
103525;Standard Chartered Liquidity Manager (SCLM)-A-Dividend Daily;;;10.0125;10.0125;10.0125;06-Jan-2008
103527;Standard Chartered Liquidity Manager (SCLM)-A-Dividend Monthly;;;10.0104;10.0104;10.0104;06-Jan-2008
103526;Standard Chartered Liquidity Manager (SCLM)-A-Dividend Weekly;;;10.0044;10.0044;10.0044;06-Jan-2008
103524;Standard Chartered Liquidity Manager (SCLM)-A-Growth;;;11.2084;11.2084;11.2084;06-Jan-2008
103598;Standard Chartered Liquidity Manager Plus-A-Dividend Daily;;;1000.2100;1000.2100;1000.2100;06-Jan-2008
103600;Standard Chartered Liquidity Manager Plus-A-Dividend Monthly;;;1001.4538;1001.4538;1001.4538;06-Jan-2008
103599;Standard Chartered Liquidity Manager Plus-A-Dividend Weekly;;;1000.6093;1000.6093;1000.6093;06-Jan-2008
103597;Standard Chartered Liquidity Manager Plus-A-Growth;;;1137.8124;1137.8124;1137.8124;06-Jan-2008

Tata Mutual Fund
101987;Tata Liquid Fund Reglar Plan - Monthly Dividend;INF277K01LR5;INF277K01LS3;1150.6037;1150.6037;1150.6037;06-Jan-2008
101861;Tata Liquid Fund-Regular Plan  - Weekly Dividend;INF277K016C5;;1151.7485;1151.7485;1151.7485;06-Jan-2008
101984;Tata Liquid High Investment Plan - Daily;;;1114.3379;1114.3379;1114.3379;06-Jan-2008
101860;Tata Liquid High Investment Plan - Growth;INF277K01LN4;;1326.7350;1326.7350;1326.7350;06-Jan-2008
101985;Tata Liquid High Investment Plan - Monthly;INF277K01LO2;INF277K01LP9;1020.8684;1020.8684;1020.8684;06-Jan-2008
101859;Tata Liquid High Investment Plan - Weekly;;;1147.8610;1147.8610;1147.8610;06-Jan-2008
101982;Tata Liquid Retail Investment PLan - Daily;;;1116.8143;1116.8143;1116.8143;06-Jan-2008
101983;Tata Liquid Retail Investment Plan - Fortnightly;;;1146.4142;1146.4142;1146.4142;06-Jan-2008
101858;Tata Liquid Retail Investment Plan - Growth;INF277K01LM6;;1839.2841;1839.2841;1839.2841;06-Jan-2008
103631;Tata Liquidity Management Fund - Regular Plan - Daily Dividend;;;1002.6089;1002.6089;1002.6089;06-Jan-2008
103632;Tata Liquidity Management Fund - Regular Plan - Growth;INF277K01LW5;;1139.1562;1139.1562;1139.1562;06-Jan-2008
103519;Tata Liquidity Management Fund - Regular Plan  -Weekly Dividend;;;1006.3063;1006.3063;1006.3063;06-Jan-2008

Open Ended Schemes ( Money Market )


Franklin Templeton Mutual Fund
100561;Templeton India Money Market Account - Bonus Plan;;;1.0000;1.0000;1.0000;06-Jan-2008
104554;Templeton India Money Market Account - Dividend Plan;;;1.0000;1.0000;1.0000;06-Jan-2008

Tata Mutual Fund
102152;Tata Money Market Fund Regular (Bonus / Dividend);;;10.1608;10.1608;10.1608;06-Jan-2008
102153;Tata Money Market Fund Regular (Growth);INF277K01LY1;;12.7595;12.7595;12.7595;06-Jan-2008

Open Ended Schemes ( Floating Rate )


HSBC Mutual Fund
102836;HSBC Floating Rate Fund - Short Term - Inst. - Dividend - Daily;;;10.0165;10.0165;10.0165;06-Jan-2008
102838;HSBC Floating Rate Fund - Short Term - Inst. - Dividend - Monthly;;;10.0807;10.0807;10.0807;06-Jan-2008
102837;HSBC Floating Rate Fund - Short Term - Inst. - Dividend - Weekly;;;10.0531;10.0531;10.0531;06-Jan-2008
102835;HSBC Floating Rate Fund - Short Term - Inst. - Growth;;;12.2791;12.2791;12.2791;06-Jan-2008
102840;HSBC Floating Rate Fund - Short Term - Inst. Plus - Dividend - Daily;;;10.0262;10.0262;10.0262;06-Jan-2008
102842;HSBC Floating Rate Fund - Short Term - Inst. Plus - Dividend - Monthly;;;0.0000;0.0000;0.0000;06-Jan-2008
102841;HSBC Floating Rate Fund - Short Term - Inst. Plus - Dividend - Weekly;;;0.0000;0.0000;0.0000;06-Jan-2008
102839;HSBC Floating Rate Fund - Short Term - Inst. Plus - Growth;;;10.4162;10.4162;10.4162;06-Jan-2008
102833;HSBC Floating Rate Fund - Short Term - Regular - Dividend - Daily;;;10.0000;10.0000;10.0000;06-Jan-2008
102834;HSBC Floating Rate Fund - Short Term - Regular - Dividend - Weekly;;;10.0052;10.0052;10.0052;06-Jan-2008
102832;HSBC Floating Rate Fund - Short Term - Regular - Growth;;;12.1957;12.1957;12.1957;06-Jan-2008

Standard Chartered Mutual Fund
101630;Grindlays Floating Rate Fund - Growth;;;12.9549;12.9549;12.9549;06-Jan-2008
101631;Grindlays Floating Rate Fund- Dividend Monthly;;;10.0379;10.0379;10.0379;06-Jan-2008

Open Ended Schemes ( Fund of Funds - Domestic )


Fidelity Mutual Fund
103419;Fidelity MultiManager Cash Fund-Dividend Re-investment Option;;;10.0206;10.0206;10.0206;06-Jan-2008
103418;Fidelity MultiManager Cash Fund-Growth Option;;;11.4696;11.4696;11.4696;06-Jan-2008

Open Ended Schemes ( Debt Scheme - Overnight Fund )


HDFC Mutual Fund
101996;HDFC Overnight Fund - Growth Option;INF179KB1HS3;;13.6379;13.6379;13.6379;06-Jan-2008
101997;HDFC Overnight Fund - IDCW Option (Daily);;INF179KB1IF8;10.4266;10.4266;10.4266;06-Jan-2008

SBI Mutual Fund
101206;SBI OVERNIGHT FUND - REGULAR PLAN - GROWTH;INF200K01LQ9;;13.7393;13.7393;13.7393;06-Jan-2008
103140;SBI Overnight Fund - Regular Plan - Weekly Income Distribution cum Capital Withdrawal Option (IDCW);INF200K01LO4;INF200K01LP1;10.2674;10.2674;10.2674;06-Jan-2008

Open Ended Schemes ( Debt Scheme - Liquid Fund )


Aditya Birla Sun Life Mutual Fund
100049;Aditya Birla Sun Life Cash Plus-Institutional - Fortnightly Dividend;;;10.8422;10.8422;10.8422;06-Jan-2008
100052;Aditya Birla Sun Life Cash Plus-Institutional Premium - Fortnightly Dividend;;;10.0000;10.0000;10.0000;06-Jan-2008
100053;Aditya Birla Sun Life Cash Plus-Institutional Premium Plan-Monthly Dividend;;;10.0130;10.0130;10.0130;06-Jan-2008
100047;Aditya Birla Sun Life Liquid Fund - Growth;INF209K01RU9;;12.6619;12.6619;12.6619;06-Jan-2008
100046;Aditya Birla Sun Life Liquid Fund -Daily IDCW;INF209K01KQ2;INF209K01SQ5;10.0195;10.0195;10.0195;06-Jan-2008
100041;Aditya Birla Sun Life Liquid Fund -Institutional - IDCW;;INF209K01KN9;10.8023;10.8023;10.8023;06-Jan-2008
100048;Aditya Birla Sun Life Liquid Fund -Institutional - weekly  IDCW;INF209KA1LK7;INF209K01KY6;10.8117;10.8117;10.8117;06-Jan-2008
100044;Aditya Birla Sun Life Liquid Fund -Retail - IDCW;;INF209K01KP4;16.3694;16.3694;16.3694;06-Jan-2008
100051;Aditya Birla Sun Life Liquid Fund -weekly IDCW;INF209K01KU4;INF209KA1LJ9;10.0271;10.0271;10.0271;06-Jan-2008
100043;Aditya Birla Sun Life Liquid Fund-Institutional (Growth);INF209K01RT1;;21.5221;21.5221;21.5221;06-Jan-2008
100042;Aditya Birla Sun Life Liquid Fund-Retail (Growth);INF209K01ME4;;21.3541;21.3541;21.3541;06-Jan-2008

Baroda BNP Paribas Mutual Fund
101408;Baroda BNP Paribas LIQUID FUND- Defunct Plan -Growth Option;INF955L01575;;14.0993;14.0993;14.0993;06-Jan-2008
101407;Baroda BNP Paribas LIQUID FUND-Defunct Plan- IDCW Option;INF955L01559;INF955L01567;12.0856;12.0856;12.0856;06-Jan-2008
101409;Baroda BNP Paribas LIQUID FUND-Defunct Plan-Daily IDCW Option;INF955L01518;INF955L01526;10.0927;10.0927;10.0927;06-Jan-2008

Canara Robeco Mutual Fund
101363;Canara Robeco Liquid Fund- INSTITUTIONAL-Daily Dividend Reinvestment;;INF760K01CC1;10.0410;10.0410;10.0410;06-Jan-2008
101362;Canara Robeco Liquid Fund- INSTITUTIONAL-Growth;INF760K01CD9;;14.4780;14.4780;14.4780;06-Jan-2008
101361;Canara Robeco Liquid Fund- INSTITUTIONAL-Weekly dividend;;INF760K01CE7;10.0410;10.0410;10.0410;06-Jan-2008
101364;Canara Robeco Liquid Fund-Retail-DRI;;INF760K01CF4;10.0410;10.0410;10.0410;06-Jan-2008
101365;Canara Robeco Liquid Fund-Retail-Growth;INF760K01CH0;;14.4625;14.4625;14.4625;06-Jan-2008

DSP Mutual Fund
103347;DSP Liquidity Fund - Regular Plan - Growth;INF740K01FK9;;1150.5797;1150.5797;1150.5797;06-Jan-2008
103348;DSP Liquidity Fund - Regular Plan - IDCW - Weekly;INF740K01FM5;INF740K01FL7;1000.5752;1000.5752;1000.5752;06-Jan-2008
103349;DSP Liquidity Fund- Regular Plan - IDCW - Daily;;INF740KA1OE0;1000.2000;1000.2000;1000.2000;06-Jan-2008
100943;DSP BlackRock Liquidity Fund - Regular Plan - Daily Dividend;;;10.0100;10.0100;10.0100;06-Jan-2008
100940;DSP BlackRock Liquidity Fund - Regular Plan - Growth;INF740K01CN0;;19.2224;19.2224;19.2224;06-Jan-2008
100941;DSP BlackRock Liquidity Fund - Regular Plan Weekly Dividend;;;12.4045;12.4045;12.4045;06-Jan-2008

Franklin Templeton Mutual Fund
100543;Franklin India Liquid Fund - Liquid Plan - Daily IDCW;;;1000.2500;1000.2500;1000.2500;06-Jan-2008
100544;Franklin India Liquid Fund - Liquid Plan - Growth;;;1210.0746;1210.0746;1210.0746;06-Jan-2008
100542;Franklin India Liquid Fund - Liquid Plan - Weekly Dividend;;;1000.5749;1000.5749;1000.5749;06-Jan-2008
100541;Franklin India Liquid Fund - Regular Plan - Daily - IDCW;;INF090I01BA3;1512.3400;1512.3400;1512.3400;06-Jan-2008
100538;Franklin India Liquid Fund - Regular Plan - Growth;INF090I01BB1;;1971.2525;1971.2525;1971.2525;06-Jan-2008
100537;Franklin India Liquid Fund - Regular Plan - Weekly - IDCW;INF090I01BL0;INF090I01BI6;1244.3238;1244.3238;1244.3238;06-Jan-2008
100547;Franklin India Liquid Fund - Super Institutional Plan - Daily - IDCW;;INF090I01BF2;1000.2500;1000.2500;1000.2500;06-Jan-2008
100546;Franklin India Liquid Fund - Super Institutional Plan - Growth;INF090I01BG0;;1176.7388;1176.7388;1176.7388;06-Jan-2008
100548;Franklin India Liquid Fund - Super Institutional Plan - Weekly - IDCW;INF090I01BM8;INF090I01BH8;1016.1409;1016.1409;1016.1409;06-Jan-2008
102441;Franklin India Liquid Fund - Institution-Growth;INF090I01BD7;;1242.7849;1242.7849;1242.7849;06-Jan-2008
102443;Franklin India Liquid Fund - Institutional Plan - Daily - IDCW;;INF090I01BC9;1000.2500;1000.2500;1000.2500;06-Jan-2008
102442;Franklin India Liquid Fund - Institutional Plan - Weekly - IDCW;INF090I01BJ4;INF090I01BE5;1000.6024;1000.6024;1000.6024;06-Jan-2008

HDFC Mutual Fund
100868;HDFC Liquid Fund - Growth Plan;INF179KB1HK0;;15.7835;15.7835;15.7835;06-Jan-2008
100875;HDFC Liquid Fund - IDCW Daily;;INF179KB1IC5;10.1982;10.1982;10.1982;06-Jan-2008
100876;HDFC Liquid Fund - IDCW Monthly;INF179KB1HM6;INF179KB1HL8;10.2761;10.2761;10.2761;06-Jan-2008
100874;HDFC Liquid Fund - IDCW Plan Weekly;INF179KB1ID3;;10.3237;10.3237;10.3237;06-Jan-2008
100877;HDFC Liquid Fund-Premium Plan - Dividend-Daily;;INF179K01KN4;12.2598;12.2598;12.2598;06-Jan-2008
100878;HDFC Liquid Fund-Premium Plan - Dividend-Weekly;INF179K01KP9;;12.4923;12.4923;12.4923;06-Jan-2008
100881;HDFC Liquid Fund-Premium Plus Plan - Dividend-Weekly;INF179K01KS3;;12.4339;12.4339;12.4339;06-Jan-2008
100872;HDFC Liquid Fund-PREMIUM PLUS- Growth;INF179K01KQ7;;15.9303;15.9303;15.9303;06-Jan-2008
100873;HDFC Liquid Fund-PREMIUM- Growth;INF179KB1HN4;;15.896;15.896;15.896;06-Jan-2008

HSBC Mutual Fund
101700;HSBC Cash Fund - Dividend - Daily;;INF336L01321;10.0056;10.0056;10.0056;06-Jan-2008
101702;HSBC Cash Fund - Dividend - Monthly;INF336L01305;INF336L01297;10.0280;10.0280;10.0280;06-Jan-2008
101701;HSBC Cash Fund - Dividend - Weekly;;INF336L01347;10.0318;10.0318;10.0318;06-Jan-2008
101692;HSBC Cash Fund - Inst. - Dividend - Daily;;INF336L01354;10.4401;10.4401;10.4401;06-Jan-2008
101694;HSBC Cash Fund - Inst. - Dividend - Monthly;INF336L01370;INF336L01362;10.4727;10.4727;10.4727;06-Jan-2008
101693;HSBC Cash Fund - Inst. - Dividend - Weekly;;INF336L01388;10.4538;10.4538;10.4538;06-Jan-2008
101691;HSBC Cash Fund - Inst. - Growth;INF336L01289;;13.4043;13.4043;13.4043;06-Jan-2008
101697;HSBC Cash Fund - Regular - Dividend - Daily;;INF336L01263;10.1930;10.1930;10.1930;06-Jan-2008
101698;HSBC Cash Fund - Regular - Dividend - Weekly;;INF336L01313;10.0080;10.0080;10.0080;06-Jan-2008
101696;HSBC Liquid Fund - Growth closed plan;INF336L01271;;13.3469;13.3469;13.3469;06-Jan-2008
101699;HSBC Liquid Fund Closed;INF336L01339;;12.5288;12.5288;12.5288;06-Jan-2008

ICICI Prudential Mutual Fund
100357;ICICI Prudential Liquid Fund -Quarterly IDCW;INF109K01UU5;INF109K01UT7; 10.7725 ; 10.7725 ; 10.7725 ;06-Jan-2008
100361;ICICI Prudential Liquid Fund-Dividend-Institutional Plus - Monthly;;INF109K01VL2; 11.9407 ; 11.9407 ; 11.9407 ;06-Jan-2008
100359;ICICI Prudential Liquid Institutional Plus Fund - Div - Daily;INF109K01VJ6;; 11.8515 ; 11.8515 ; 11.8515 ;06-Jan-2008
100360;ICICI Prudential Liquid Institutional Plus Fund - Div - Weekly;INF109K01VM0;; 11.8687 ; 11.8687 ; 11.8687 ;06-Jan-2008
100362;ICICI Prudential Liquid Institutional Plus Fund - Growth;INF109K01VK4;; 19.7823 ; 19.7823 ; 19.7823 ;06-Jan-2008
103343;ICICI Prudential Liquid Fund - Daily IDCW;INF109K01VP3;; 10.0005 ; 10.0005 ; 10.0005 ;06-Jan-2008
103340;ICICI Prudential Liquid Fund - Growth;INF109K01VQ1;; 11.6883 ; 11.6883 ; 11.6883 ;06-Jan-2008
104308;ICICI Prudential Liquid Fund - Half Yearly IDCW;INF109K01UX9;INF109K01UW1; 10.2111 ; 10.2111 ; 10.2111 ;06-Jan-2008
103344;ICICI Prudential Liquid Fund - Institutional Option - I;INF109K01VH0;; 11.4476 ; 11.4476 ; 11.4476 ;06-Jan-2008
103342;ICICI Prudential Liquid Fund - Weekly IDCW;INF109K01VS7;; 10.0152 ; 10.0152 ; 10.0152 ;06-Jan-2008
103341;ICICI Prudential Liquid Fund -Monthly IDCW;INF109K01VR9;; 10.0255 ; 10.0255 ; 10.0255 ;06-Jan-2008
101748;ICICI Prudential Liquid Fund - Institutional - Daily - Div;INF109K01VE7;; 11.8502 ; 11.8502 ; 11.8502 ;06-Jan-2008
101749;ICICI Prudential Liquid Fund - Institutional - Monthly - Div;;INF109K01VG2; 10.0239 ; 10.0239 ; 10.0239 ;06-Jan-2008
101753;ICICI Prudential Liquid Fund - Institutional - Weekly - Div;INF109K01VI8;; 11.8558 ; 11.8558 ; 11.8558 ;06-Jan-2008
101754;ICICI Prudential Liquid Fund Retail Daily Dividend;INF109K01UR1;; 11.8514 ; 11.8514 ; 11.8514 ;06-Jan-2008
101750;ICICI Prudential Liquid Fund Retail Growth;INF109K01UQ3;; 19.4679 ; 19.4679 ; 19.4679 ;06-Jan-2008
101755;ICICI Prudential Liquid Fund Retail Monthly Dividend;INF109K01US9;; 11.8570 ; 11.8570 ; 11.8570 ;06-Jan-2008
101752;ICICI Prudential Liquid Fund Retail Weekly Dividend;INF109K01UV3;; 11.8447 ; 11.8447 ; 11.8447 ;06-Jan-2008
101751;ICICI Prudential Liquid Institutional Fund - Growth;INF109K01VF4;; 19.6994 ; 19.6994 ; 19.6994 ;06-Jan-2008

Invesco Mutual Fund
104484;Invesco India Liquid Fund - Daily IDCW (Reinvestment);;INF205K01HN3;10.0012;10.0012;10.0012;06-Jan-2008
104486;Invesco India Liquid Fund - Growth;INF205K01HM5;;10.9066;10.9066;10.9066;06-Jan-2008
104488;Invesco India Liquid Fund - Regular - Growth;INF205K01HG7;;10.8582;10.8582;10.8582;06-Jan-2008
104489;Invesco India Liquid Fund - Regular - Weekly IDCW (Reinvestment);;INF205K01HH5;10.0136;10.0136;10.0136;06-Jan-2008
104485;Invesco India Liquid Fund - Weekly IDCW (Reinvestment);INF205KA1BD7;INF205K01HO1;10.0141;10.0141;10.0141;06-Jan-2008
104483;Religare Invesco Liquid Fund - Institutional - Daily Dividend;;INF205K01HJ1;10.0012;10.0012;10.0012;06-Jan-2008
104491;Religare Invesco Liquid Fund - Institutional - Growth;INF205K01HI3;;10.8966;10.8966;10.8966;06-Jan-2008
104490;Religare Invesco Liquid Fund - Institutional - Weekly Dividend;;INF205K01HK9;10.0139;10.0139;10.0139;06-Jan-2008

JM Financial Mutual Fund
100241;JM High Liquidity Fund-- Institutional Plan - Dividend;INF192K01924;INF192K01932;10.2558;10.2558;10.2558;06-Jan-2008
100237;JM High Liquidity Fund-- Institutional Plan - Growth;INF192K01940;;13.1002;13.1002;13.1002;06-Jan-2008
100243;JM High Liquidity Fund-- Premium Plan - Daily Dividend Option;;;10.0000;10.0000;10.0000;06-Jan-2008
100238;JM High Liquidity Fund-Institutional Plan - Daily Dividend;;INF192K01916;10.0159;10.0159;10.0159;06-Jan-2008
100245;JM High Liquidity Fund-Super Institutional Plan- Daily Dividend;;INF192K01957;10.0165;10.0165;10.0165;06-Jan-2008
100246;JM High Liquidity Fund-Super Institutional Plan- Weekly  Dividend;INF192K01965;INF192K01973;10.0283;10.0283;10.0283;06-Jan-2008
100244;JM Liquid Fund (Regular) - Quarterly IDCW;INF192K01866;INF192K01874;12.5015;12.5015;12.5015;06-Jan-2008
100247;JM Liquid Fund (Regular) - Super Institutional Plan - Growth Option;INF192K01981;;12.4571;12.4571;12.4571;06-Jan-2008
100233;JM Liquid Fund (Regular) - Weekly IDCW;INF192K01841;INF192K01858;10.4934;10.4934;10.4934;06-Jan-2008
100234;JM Liquid Fund - Growth Option;INF192K01882;;21.7146;21.7146;21.7146;06-Jan-2008
101549;JM Liquid Fund (Regular) - Bonus Option - Principal Units;INF192K01890;;11.4032;11.4032;11.4032;06-Jan-2008
101078;JM Liquid Fund (Regular) - Daily IDCW;;INF192K01833;10.4302;10.4302;10.4302;06-Jan-2008

Kotak Mahindra Mutual Fund
100833;Kotak Liquid Fund - Regular  - Daily Reinvestment of Income Distribution cum capital withdrawal option;;INF174K01NL3;12.2281;12.2281;12.2281;06-Jan-2008
100835;Kotak Liquid Fund - Regular Plan - Growth;INF174K01NI9;;16.0586;16.0586;16.0586;06-Jan-2008
100831;Kotak Liquid Fund -Institutional Plan - (Daily Dividend);;INF174K01GA0;12.2281;12.2281;12.2281;06-Jan-2008
100834;Kotak Liquid Fund Regular Plan Weekly Reinvestment of Income Distribution cum capital withdrawal option Dividend;INF174K01NK5;;10.0492;10.0492;10.0492;06-Jan-2008
100830;Kotak Liquid-Institutional Plan  (Growth);INF174K01FZ9;;15.8907;15.8907;15.8907;06-Jan-2008
100832;Kotak Liquid-Institutional Plan (Weekly Dividend);;INF174K01GB8;10.0359;10.0359;10.0359;06-Jan-2008
100828;Kotak Liquid-Regular (Dividend);;INF174K01FY2;10.0347;10.0347;10.0347;06-Jan-2008
100829;Kotak Liquid-Regular (Growth);INF174K01NM1;;15.6151;15.6151;15.6151;06-Jan-2008

Nippon India Mutual Fund
100852;NIPPON INDIA LIQUID FUND - DAILY IDCW OPTION;;INF204K01UM1;15.2872;15.2872;15.2872;06-Jan-2008
100855;NIPPON INDIA LIQUID FUND - MONTHLY IDCW OPTION;INF204K01UO7;INF204K01UP4;19.0144;19.0144;19.0144;06-Jan-2008
100837;Nippon India Liquid Fund - Retail Option - Growth Plan;INF204K01UL3;;19.1047;19.1047;19.1047;06-Jan-2008
100842;NIPPON INDIA LIQUID FUND - RETAIL Plan - DAILY IDCW OPTION;;INF204K01UJ7;15.2426;15.2426;15.2426;06-Jan-2008
100843;NIPPON INDIA LIQUID FUND - RETAIL plan - MONTHLY IDCW OPTION;INF204K01UT6;INF204K01UU4;11.9827;11.9827;11.9827;06-Jan-2008
100844;NIPPON INDIA LIQUID FUND - RETAIL Plan - QUARTERLY IDCW OPTION;INF204K01UV2;INF204K01UW0;11.4584;11.4584;11.4584;06-Jan-2008
100838;NIPPON INDIA LIQUID FUND - RETAIL Plan - WEEKLY IDCW OPTION;;INF204K01UK5;10.3460;10.3460;10.3460;06-Jan-2008
100853;NIPPON INDIA LIQUID FUND - WEEKLY IDCW OPTION;INF204KC1FM8;INF204K01US8;15.3094;15.3094;15.3094;06-Jan-2008
100851;Nippon India Liquid Fund -Growth Plan;INF204K01UN9;;19.3342;19.3342;19.3342;06-Jan-2008
100849;Reliance Liquid Fund-Cash Plan-Daily Dividend Reinvestment Option;;;11.1415;11.1415;11.1415;06-Jan-2008
100845;Reliance Liquid Fund-Cash Plan-Growth Plan;;;13.6186;13.6186;13.6186;06-Jan-2008
100848;Reliance Liquid Fund-Cash Plan-Weekly Dividend Reinvestment Option;;;10.9183;10.9183;10.9183;06-Jan-2008

Principal Mutual Fund
100895;Principal Cash Management Fund - Daily Income Distribution CUM Capital Withdrawal;;INF173K01DB7;10.0007;10.0007;10.0007;06-Jan-2008
100897;Principal Cash Management Fund - Monthly Income Distribution CUM Capital Withdrawal Option;INF173K01BV9;INF173K01BW7;10.0181;10.0181;10.0181;06-Jan-2008
100896;Principal Cash Management Fund - Weekly Income Distribution CUM Capital Withdrawal Option;;INF173K01DC5;10.0073;10.0073;10.0073;06-Jan-2008
100898;Principal Cash Management Fund -Growth Option;INF173K01DA9;;12.3911;12.3911;12.3911;06-Jan-2008
100892;Principal Cash Management-Liquid Option-Daily Dividend;;;10.0022;10.0022;10.0022;06-Jan-2008
100887;Principal Cash Management-Liquid Option-Dividend Plan;;;10.1262;10.1262;10.1262;06-Jan-2008
100888;Principal Cash Management-Liquid Option-Growth Plan;;;15.5560;15.5560;15.5560;06-Jan-2008
100894;Principal Cash Management-Liquid Option-Institutional - Daily Dividend Plan;;;10.0022;10.0022;10.0022;06-Jan-2008
100893;Principal Cash Management-Liquid Option-Institutional - Growth Plan;;;13.0909;13.0909;13.0909;06-Jan-2008
100891;Principal Cash Management-Liquid Option-Institutional - Monthly Dividend Plan;;;10.0181;10.0181;10.0181;06-Jan-2008
100890;Principal Cash Management-Liquid Option-Institutional - Weekly Dividend Plan;;;10.0080;10.0080;10.0080;06-Jan-2008
100889;Principal Cash Management-Liquid Option-Monthly Dividend;;;10.0176;10.0176;10.0176;06-Jan-2008

Quantum Mutual Fund
103736;Quantum Liquid Fund - Direct Plan Daily IDCW;;INF082J01135;10.0000;10.0000;10.0000;06-Jan-2008
103734;Quantum Liquid Fund - Direct Plan Growth Option;INF082J01127;;11.3068;11.3068;11.3068;06-Jan-2008
103735;Quantum Liquid Fund - Direct Plan Monthly IDCW;INF082J01143;INF082J01200;10.0247;10.0247;10.0247;06-Jan-2008

SBI Mutual Fund
105274;SBI Liquid Fund - Institutional - Growth;INF200K01LU1;;12.7316;12.7316;12.7316;06-Jan-2008
105275;SBI Liquid Fund - Institutional Daily Income Distribution cum Capital Withdrawal Option (IDCW);;INF200K01LR7;10.0325;10.0325;10.0325;06-Jan-2008
105279;SBI Liquid Fund - Institutional Fortnightly Income Distribution cum Capital Withdrawal Option (IDCW);INF200K01LS5;INF200K01LT3;10.1258;10.1258;10.1258;06-Jan-2008
105278;SBI Liquid Fund - Institutional Weekly Income Distribution cum Capital Withdrawal Option (IDCW);INF200K01LV9;INF200K01LW7;10.5755;10.5755;10.5755;06-Jan-2008
105281;SBI Liquid Fund - Regular Plan - Daily Income Distribution cum Capital Withdrawal Option (IDCW);;INF200K01LX5;10.0325;10.0325;10.0325;06-Jan-2008
105283;SBI Liquid Fund - Regular Plan - Fortnightly Income Distribution cum Capital Withdrawal Option (IDCW);INF200K01LY3;INF200K01LZ0;0;0;0;06-Jan-2008
105282;SBI Liquid Fund - Regular Plan - Weekly Income Distribution cum Capital Withdrawal Option (IDCW);INF200K01MB9;INF200K01MC7;0;0;0;06-Jan-2008
105280;SBI Liquid Fund - REGULAR PLAN -Growth;INF200K01MA1;;12.5831;12.5831;12.5831;06-Jan-2008

Tata Mutual Fund
102672;Tata Liquid Fund -Regular Plan - Growth Option;INF277K01YD8;;12.4581;12.4581;12.4581;06-Jan-2008
101714;Tata Liquid Fund- Regular Plan - Daily Reinvestment of IDCW Option;;INF277K011D4;10.0055;10.0055;10.0055;06-Jan-2008

Taurus Mutual Fund
104240;Taurus Liquid Fund-Dividend;INF044D01542;INF044D01559;10.0042;10.0042;10.0042;06-Jan-2008
104241;Taurus Liquid Fund-Growth;INF044D01575;;10.8214;10.8214;10.8214;06-Jan-2008

UTI Mutual Fund
102010;UTI Liquid Fund - Regular Plan - Daily IDCW (Reinvestment);;INF789F01PG3;1019.4457;1019.4457;1019.4457;06-Jan-2008
102011;UTI Liquid Fund - Regular Plan - Monthly IDCW;INF789F01PI9;INF789F01PJ7;1026.2978;1026.2978;1026.2978;06-Jan-2008
102013;UTI Liquid Fund - Regular Plan - Weekly IDCW;;INF789F01PK5;1022.8927;1022.8927;1022.8927;06-Jan-2008
102012;UTI-  Liquid Cash Plan - Regular Plan - Growth Option;INF789F01PH1;;1306.4264;1306.4264;1306.4264;06-Jan-2008
102008;UTI-  Liquid Cash Plan- Discontinued - Regular Plan - Monthly Dividend Option;INF789F01BC2;INF789F01BA6;1039.9789;1039.9789;1039.9789;06-Jan-2008
102009;UTI-  Liquid Cash Plan- Discontinued - Regular Plan -Growth;INF789F01BB4;;1296.1757;1296.1757;1296.1757;06-Jan-2008
102007;UTI-  Liquid Cash Plan- Discontinued -Regular Plan Periodic Dividend Option;;INF789F01AZ5;1031.7239;1031.7239;1031.7239;06-Jan-2008

Open Ended Schemes ( Debt Scheme - Ultra Short Duration Fund )


Principal Mutual Fund
107325;Principal Money Manager Fund-Regular Plan-Daily Dividend Option;;;10.0195;10.0195;10.0195;06-Jan-2008
107331;Principal Money Manager Fund-Regular Plan-Growth Option;;;10.0195;10.0195;10.0195;06-Jan-2008
107327;Principal Money Manager Fund-Regular Plan-Monthly Dividend Option;;;10.0195;10.0195;10.0195;06-Jan-2008
107326;Principal Money Manager Fund-Regular Plan-Weekly Dividend Option;;;10.0195;10.0195;10.0195;06-Jan-2008
107329;Principal Ultra Short Term Fund-Daily Income Distribution CUM Capital Withdrawal Option;;INF173K01CV7;10.0195;10.0195;10.0195;06-Jan-2008
107328;Principal Ultra Short Term Fund-Growth Option;INF173K01CU9;;10.0195;10.0195;10.0195;06-Jan-2008
107330;Principal Ultra Short Term Fund-Monthly Income Distribution CUM Capital Withdrawal Option;INF173K01CB9;INF173K01CC7;10.0195;10.0195;10.0195;06-Jan-2008
107332;Principal Ultra Short Term Fund-Weekly Income Distribution CUM Capital Withdrawal Option;;INF173K01CW5;10.0195;10.0195;10.0195;06-Jan-2008

SBI Mutual Fund
105080;SBI Ultra Short Duration Fund - Regular Plan - Daily Income Distribution cum Capital Withdrawal Option (IDCW);;INF200K01LK2;16.7503;16.7503;16.7503;06-Jan-2008
100641;SBI ULTRA SHORT DURATION FUND - REGULAR PLAN - GROWTH;INF200K01LJ4;;17.7726;17.7726;17.7726;06-Jan-2008
103884;SBI Ultra Short Duration Fund - Regular Plan - Weekly Income Distribution cum Capital Withdrawal Option (IDCW);INF200K01LM8;INF200K01LL0;10.6811;10.6811;10.6811;06-Jan-2008

UTI Mutual Fund
102532;UTI Ultra Short Duration Fund - Regular Plan - Growth Option;INF789F01570;;1277.6083;1277.6083;1277.6083;06-Jan-2008
102531;UTI Ultra Short Duration Fund - Regular Plan - Weekly IDCW (Reinvestment);;INF789F01562;1027.4338;1027.4338;1027.4338;06-Jan-2008

Open Ended Schemes ( Debt Scheme - Low Duration Fund )


Aditya Birla Sun Life Mutual Fund
103192;Aditya Birla Sun Life Low Duration Fund - Growth Plan;INF209K01LQ0;;19.4789;19.4789;19.4789;06-Jan-2008
103195;Aditya Birla Sun Life Low Duration Fund - Institutional Plan - Growth;INF209K01KE8;;13.2612;13.2612;13.2612;06-Jan-2008
103191;Aditya Birla Sun Life Low Duration Fund -INSTITUTIONAL - DAILY IDCW;;INF209K01KD0;10.0030;10.0030;10.0030;06-Jan-2008
103194;Aditya Birla Sun Life Low Duration Fund -Institutional - weekly  IDCW;;INF209K01KG3;10.0107;10.0107;10.0107;06-Jan-2008
103193;Aditya Birla Sun Life Low Duration Fund -REGULAR - WEEKLY IDCW;;INF209KA1LQ4;10.0104;10.0104;10.0104;06-Jan-2008

Canara Robeco Mutual Fund
104559;CANARA ROBECO SAVINGS FUND - REGULAR PLAN - DAILY IDCW (Reinvestment);;INF760K01803;10.2600;10.2600;10.2600;06-Jan-2008
102913;CANARA ROBECO SAVINGS FUND - REGULAR PLAN - GROWTH OPTION;INF760K01795;;12.1823;12.1823;12.1823;06-Jan-2008
102914;CANARA ROBECO SAVINGS FUND - REGULAR PLAN - IDCW (Payout/Reinvestment);INF760K01779;INF760K01787;11.7139;11.7139;11.7139;06-Jan-2008
102915;CANARA ROBECO SAVINGS FUND - REGULAR PLAN - WEEKLY IDCW (Payout/Reinvestment);INF760K01CB3;INF760K01811;10.2666;10.2666;10.2666;06-Jan-2008

Open Ended Schemes ( Debt Scheme - Money Market Fund )


Aditya Birla Sun Life Mutual Fund
101973;Aditya Birla Sun Life Money Manager Fund - Daily IDCW;;INF209K01SZ6;10.0086;10.0086;10.0086;06-Jan-2008
101976;Aditya Birla Sun Life Money Manager Fund - Growth;INF209K01RV7;;10.4924;10.4924;10.4924;06-Jan-2008
101972;Aditya Birla Sun Life Money Manager Fund - Retail - Daily IDCW;;INF209K01JZ5;10.0015;10.0015;10.0015;06-Jan-2008
101970;Aditya Birla Sun Life Money Manager Fund - RETAIL - WEEKLY IDCW;;INF209K01JY8;10.3792;10.3792;10.3792;06-Jan-2008
101971;Aditya Birla Sun Life Money Manager Fund - Retail Growth;INF209K01MJ3;;13.0487;13.0487;13.0487;06-Jan-2008
101974;Aditya Birla Sun Life Money Manager Fund - WEEKLY IDCW;;INF209K01SY9;10.0122;10.0122;10.0122;06-Jan-2008

Franklin Templeton Mutual Fund
101352;Templeton Floating Rate Income Fund-Short Term Plan-Dividend Option;;;10.0491;10.0491;10.0491;06-Jan-2008
101353;Templeton Floating Rate Income Fund-Short Term Plan-Growth Option;;;14.3648;14.3648;14.3648;06-Jan-2008
101355;Templeton Floating Rate Income Fund-Short Term Plan-Institutional Option - Dividend;;;10.0623;10.0623;10.0623;06-Jan-2008
101354;Templeton Floating Rate Income Fund-Short Term Plan-Institutional Option - Growth;;;11.7957;11.7957;11.7957;06-Jan-2008

HDFC Mutual Fund
101994;HDFC Money Market Fund - Daily IDCW Option;;INF179KB1IG6;10.6364;10.6364;10.6364;06-Jan-2008
101993;HDFC Money Market Fund - Growth Option;INF179KB1HR5;;16.5935;16.5935;16.5935;06-Jan-2008
101995;HDFC Money Market Fund - Weekly IDCW Option;INF179KB1IH4;INF179KB1II2;10.6305;10.6305;10.6305;06-Jan-2008

ICICI Prudential Mutual Fund
101221;ICICI Prudential Money Market Fund Retail Growth (erstwhile Cash Option);INF109K01TW3;; 13.5074 ; 13.5074 ; 13.5074 ;06-Jan-2008
103634;ICICI Prudential Money Market Fund Option - Daily IDCW;INF109K01TY9;; 10.0005 ; 10.0005 ; 10.0005 ;06-Jan-2008
103633;ICICI Prudential Money Market Fund Option - Growth;INF109K01TX1;; 11.4284 ; 11.4284 ; 11.4284 ;06-Jan-2008
103637;ICICI Prudential Money Market Fund Option - Monthly IDCW;INF109K01UC3;INF109K01UB5; 10.0187 ; 10.0187 ; 10.0187 ;06-Jan-2008
103635;ICICI Prudential Money Market Fund Option - Weekly IDCW;INF109K01TZ6;; 10.0102 ; 10.0102 ; 10.0102 ;06-Jan-2008
103636;ICICI Prudential Money Market Fund Option -Fortnightly IDCW;INF109K01UA7;; 10.0195 ; 10.0195 ; 10.0195 ;06-Jan-2008

Kotak Mahindra Mutual Fund
106842;Kotak Money Market Fund - (Daily Reinvestment of Income Distribution cum capital withdrawal option);INF174K01ND0;;10.0428;10.0428;10.0428;06-Jan-2008
101893;Kotak Money Market Fund - (Growth);INF174K01NA6;;13.0837;13.0837;13.0837;06-Jan-2008
101892;Kotak Money market Fund - (Monthly Payout of Income Distribution cum capital withdrawal option);INF174K018O0;INF174K01NB4;10.0605;10.0605;10.0605;06-Jan-2008
101894;Kotak Money Market Fund - (Weekly Reinvestment of Income Distribution cum capital withdrawal option);INF174K01NC2;;10.0275;10.0275;10.0275;06-Jan-2008

Nippon India Mutual Fund
103050;NIPPON INDIA MONEY MARKET FUND - DAILY IDCW Option;;INF204K01UY6;10.0031;10.0031;10.0031;06-Jan-2008
103052;NIPPON INDIA MONEY MARKET FUND - MONTHLY IDCW Option;INF204K01VB2;INF204K01VC0;10.6944;10.6944;10.6944;06-Jan-2008
103051;NIPPON INDIA MONEY MARKET FUND - WEEKLY IDCW Option;;INF204K01UZ3;10.0060;10.0060;10.0060;06-Jan-2008
103048;Nippon India Money Market Fund-Growth Plan-Growth Option;INF204K01VA4;;11.9330;11.9330;11.9330;06-Jan-2008

Tata Mutual Fund
101986;Tata Money Market Fund- Regular Plan - Daily Reinvestment of IDCW Option;;INF277K014C0;1114.5200;1114.5200;1114.5200;06-Jan-2008
101847;Tata Money Market Fund-Regular Plan - Growth Option;INF277K01LQ7;;1466.9681;1466.9681;1466.9681;06-Jan-2008

UTI Mutual Fund
100724;UTI MMF- Discontinued - Regular Plan - Flexi Dividend Option;;INF789F01BD0;17.9527;17.9527;17.9527;06-Jan-2008
100725;UTI MMF- Discontinued - Regular Plan - Periodic Dividend Option;INF789F01BE8;;17.8555;17.8555;17.8555;06-Jan-2008
100723;UTI MMF-Discontinued - Regular Plan -Growth;INF789F01BF5;;22.2598;22.2598;22.2598;06-Jan-2008

Open Ended Schemes ( Debt Scheme - Credit Risk Fund )


DSP Mutual Fund
101839;DSP Credit Risk Fund - Regular Plan - IDCW;INF740K01581;INF740K01AB9;10.3095;10.3095;10.3095;06-Jan-2008
101840;DSP Credit Risk Fund - Regular Plan - IDCW - Daily;;INF740KA1OA8;10.0312;10.0312;10.0312;06-Jan-2008
101838;DSP Credit Risk Fund - Regular Plan - IDCW - Weekly;INF740K01FR4;INF740K01FQ6;10.0385;10.0385;10.0385;06-Jan-2008
101837;DSP Credit Risk Fund - Regular Plan -Growth;INF740K01599;;12.7541;12.7541;12.7541;06-Jan-2008

Principal Mutual Fund
102729;Principal Credit Risk Fund - Regular Plan - Growth Option;INF173K01DM4;;12.4299;12.4299;12.4299;06-Jan-2008
102732;Principal Credit Risk Fund - Regular Plan - Monthly Dividend Option;INF173K01BJ4;INF173K01BK2;10.7882;10.7882;10.7882;06-Jan-2008
102726;Principal Floating Rate Fund - SMP-Daily Dividend;;;10.0007;10.0007;10.0007;06-Jan-2008
102725;Principal Floating Rate Fund - SMP-Growth;;;12.3797;12.3797;12.3797;06-Jan-2008
102730;Principal Floating Rate Fund - SMP-Insti. Daily Dividend;;;10.0007;10.0007;10.0007;06-Jan-2008
102731;Principal Floating Rate Fund - SMP-Insti. Weekly Dividend;;;10.0071;10.0071;10.0071;06-Jan-2008
102728;Principal Floating Rate Fund - SMP-Monthly Dividend;;;10.3879;10.3879;10.3879;06-Jan-2008
102727;Principal Floating Rate Fund - SMP-Weekly Dividend;;;10.0071;10.0071;10.0071;06-Jan-2008

Open Ended Schemes ( Debt Scheme - Floater Fund )


Franklin Templeton Mutual Fund
101048;Franklin India Floating Rate Fund - Growth Plan;INF090I01LM7;;14.2942;14.2942;14.2942;06-Jan-2008
101044;Franklin India Floating Rate Fund - IDCW ;INF090I01LN5;;10.0000;10.0000;10.0000;06-Jan-2008

Nippon India Mutual Fund
102676;NIPPON INDIA FLOATER FUND - DAILY IDCW REINVESTMENT Option;;INF204K01CI7;10.0697;10.0697;10.0697;06-Jan-2008
102673;Nippon India Floater Fund - Growth Plan-Growth Option;INF204K01CG1;;12.4256;12.4256;12.4256;06-Jan-2008
102675;NIPPON INDIA FLOATER FUND - MONTHLY IDCW Option;INF204K01CH9;INF204K01CK3;10.1488;10.1488;10.1488;06-Jan-2008
102677;NIPPON INDIA FLOATER FUND - WEEKLY IDCW Option;INF204K01OQ5;INF204K01CJ5;10.0859;10.0859;10.0859;06-Jan-2008
