Scheme Code;Scheme Name;ISIN Div Payout/ISIN Growth;ISIN Div Reinvestment;Net Asset Value;Repurchase Price;Sale Price;Date

Open Ended Schemes ( Income )


DBS Chola Mutual Fund
101958;DBS Chola Liquid Fund - Institutional Plus Weekly Dividend;;;12.4030;12.4030;12.4030;14-Feb-2010
103137;DBS Chola Short Term Floating Rate Fund-Cumulative;;;13.3033;13.3033;13.3033;14-Feb-2010
103134;DBS Chola Short Term Floating Rate Fund-Dividend-Daily;;;10.3650;10.3650;10.3650;14-Feb-2010
103136;DBS Chola Short Term Floating Rate Fund-Dividend-Monthly;;;10.4170;10.4170;10.4170;14-Feb-2010
103135;DBS Chola Short Term Floating Rate Fund-Dividend-Weekly;;;10.8501;10.8501;10.8501;14-Feb-2010

Open Ended Schemes ( Liquid )


Aditya Birla Sun Life Mutual Fund
101294;Birla Sun Life Cash Plus Sweep Plan-Dividend Option;;;10.1183;10.1183;10.1183;14-Feb-2010

Bandhan Mutual Fund
108794;IDFC Liquid Fund - Daily Dividend;INF194K01GJ9;INF194K01GI1;1000.2100;1000.2100;1000.2100;14-Feb-2010
108793;IDFC Liquid Fund - Growth;INF194K01GE0;;1284.9841;1284.9841;1284.9841;14-Feb-2010
108796;IDFC Liquid Fund - Monthly Dividend;INF194K01GG5;INF194K01GF7;1005.1111;1005.1111;1005.1111;14-Feb-2010
108795;IDFC Liquid Fund-Weekly Dividend;INF194K01GM3;INF194K01GL5;1001.4862;1001.4862;1001.4862;14-Feb-2010
111928;IDFC Liquid Fund  Plan D- Growth;INF194K01GR2;;10.3152;10.3152;10.3152;14-Feb-2010

DBS Chola Mutual Fund
100989;DBS Chola Liquid Fund-Cum -Institutional Plus;;;18.4906;18.4906;18.4906;14-Feb-2010
104329;DBS Chola Liquid Fund-Cum -Super Institutional;;;12.5897;12.5897;12.5897;14-Feb-2010
100978;DBS Chola Liquid Fund-Daily Dividend Reinvestment Plan;;;10.1163;10.1163;10.1163;14-Feb-2010
100975;DBS Chola Liquid Fund-Regular Cumulative;;;18.2784;18.2784;18.2784;14-Feb-2010
101307;DBS Chola Liquid Fund - Regular Weekly Dividend;;;11.9914;11.9914;11.9914;14-Feb-2010

Deutsche Mutual Fund
105672;DWS INSTA CASH PLUS FUND - Regular Plan BONUS OPTION;INF223J01BH3;;11.3942;11.3942;11.3942;14-Feb-2010
106471;DWS Insta Cash Plus Fund -Growth;INF223J01BP6;;11.8787;11.8787;11.8787;14-Feb-2010
106467;DWS Insta Cash Plus Fund-Daily Dividend;;INF223J01BO9;10.0304;10.0304;10.0304;14-Feb-2010
101718;DWS Insta Cash Plus Fund-DIVIDEND-Daily Dividend;;INF223J01BI1;10.3010;10.3010;10.3010;14-Feb-2010
101717;DWS Insta Cash Plus Fund-DIVIDEND-MONTHLY DIVIDEND;INF223J01BK7;INF223J01BL5;11.0309;11.0309;11.0309;14-Feb-2010
101716;DWS Insta Cash Plus Fund-DIVIDEND-WEEKLY DIVIDEND;INF223J01BM3;INF223J01BN1;10.3550;10.3550;10.3550;14-Feb-2010
101719;DWS Insta Cash Plus Fund-Growth-GROWTH;INF223J01BJ9;;15.3368;15.3368;15.3368;14-Feb-2010
101722;DWS Insta Cash Plus Fund-Institutional Plan-Daily Dividend;;INF223J01BA8;10.0516;10.0516;10.0516;14-Feb-2010
101721;DWS Insta Cash Plus Fund-Institutional Plan-Growth;INF223J01BB6;;14.4096;14.4096;14.4096;14-Feb-2010
101723;DWS Insta Cash Plus Fund-Institutional Plan-Weekly Dividend;INF223J01BF7;INF223J01BG5;10.0808;10.0808;10.0808;14-Feb-2010

DSP Mutual Fund
106861;DSP BlackRock Cash Manager Fund - Institutional Plan - Daily Dividend Reinvest;;;1000.1000;1000.1000;1000.1000;14-Feb-2010
106863;DSP BlackRock Cash Manager Fund - Institutional Plan - Growth;;;1166.9331;1166.9331;1166.9331;14-Feb-2010
106862;DSP BlackRock Cash Manager Fund - Institutional Plan - Weekly Dividend Reinvest;;;1000.4691;1000.4691;1000.4691;14-Feb-2010
111969;DSP BlackRock Cash Manager Fund - Regular Plan - Daily Dividend Reinvest;;;1000.0000;1000.0000;1000.0000;14-Feb-2010
106859;DSP BlackRock Cash Manager Fund - Regular Plan - Growth;;;1165.5403;1165.5403;1165.5403;14-Feb-2010
106860;DSP BlackRock Cash Manager Fund - Regular Plan - Weekly Dividend Reinvest;;;1000.4649;1000.4649;1000.4649;14-Feb-2010

Edelweiss Mutual Fund
109934;Edelweiss Liquid Fund - Retail Plan - Daily Dividend Option;;INF754K01AS4;10.0000;10.0000;10.0000;14-Feb-2010
109940;Edelweiss Liquid Fund - Retail Plan - Growth Option;INF754K01AO3;;10.7390;10.7390;10.7390;14-Feb-2010
109939;Edelweiss Liquid Fund - Retail Plan - Monthly Dividend Option;INF754K01AP0;INF754K01AR6;10.0132;10.0132;10.0132;14-Feb-2010
109937;Edelweiss Liquid Fund - Retail Plan - Weekly Dividend Option;;INF754K01AT2;10.0028;10.0028;10.0028;14-Feb-2010

Fidelity Mutual Fund
104498;Fidelity Cash Fund - Institutional Plan - Daily Dividend Option;;INF677K01AQ1;10.0025;10.0025;10.0025;14-Feb-2010
104497;Fidelity Cash Fund - Institutional Plan - Growth Option;;;12.4374;12.4374;12.4374;14-Feb-2010
104548;Fidelity Cash Fund - Institutional Plan - Monthly Dividend Option;INF677K01AS7;INF677K01AT5;10.0000;10.0000;10.0000;14-Feb-2010
104546;Fidelity Cash Fund - Institutional Plan - Weekly Dividend Option;;INF677K01AR9;10.0600;10.0600;10.0600;14-Feb-2010
104495;Fidelity Cash Fund - Retail Plan - Daily Dividend option;;INF677K01AL2;10.0025;10.0025;10.0025;14-Feb-2010
104493;Fidelity Cash Fund - Retail Plan - Growth option;;;12.2801;12.2801;12.2801;14-Feb-2010
104547;Fidelity Cash Fund - Retail Plan - Monthly Dividend Option;;;10.0194;10.0194;10.0194;14-Feb-2010
104549;Fidelity Cash Fund - Retail Plan - Weekly Dividend Option;;INF677K01AM0;10.0061;10.0061;10.0061;14-Feb-2010
104494;Fidelity Cash Fund - Super Institutional Plan - Daily Dividend Option;;INF677K01AV1;10.1266;10.1266;10.1266;14-Feb-2010
104496;Fidelity Cash Fund - Super Institutional Plan - Growth Option;INF677K01AU3;;12.4864;12.4864;12.4864;14-Feb-2010
104551;Fidelity Cash Fund - Super Institutional Plan - Monthly Dividend Option;INF677K01AX7;INF677K01AY5;10.0000;10.0000;10.0000;14-Feb-2010
104550;Fidelity Cash Fund - Super Institutional Plan - Weekly Dividend Option;;INF677K01AW9;10.0000;10.0000;10.0000;14-Feb-2010

Fortis Mutual Fund
110922;Fortis Overnight Fund-Institutional Plan-Daily Dividend Option;;;10.0030;10.0030;10.0030;14-Feb-2010
110915;Fortis Overnight Fund-Institutional Plan-Growth Option;;;14.0048;14.0048;14.0048;14-Feb-2010
110919;Fortis Overnight Fund-Institutional Plan-Monthly Dividend Payout Option;;;0.0000;0.0000;0.0000;14-Feb-2010
110923;Fortis Overnight Fund-Institutional Plan-Weekly Dividend Option;;;10.0057;10.0057;10.0057;14-Feb-2010
110914;Fortis Overnight Fund-Institutional Plus Plan-Daily Dividend Option;;;10.0030;10.0030;10.0030;14-Feb-2010
110920;Fortis Overnight Fund-Institutional Plus Plan-Growth Option;;;11.4391;11.4391;11.4391;14-Feb-2010
110916;Fortis Overnight Fund-Institutional Plus Plan-Monthly Dividend Option;;;0.0000;0.0000;0.0000;14-Feb-2010
110917;Fortis Overnight Fund-Institutional Plus Plan-Weekly Dividend Option;;;0.0000;0.0000;0.0000;14-Feb-2010
110921;Fortis Overnight Fund-Regular Plan-Growth Option;;;13.7463;13.7463;13.7463;14-Feb-2010
110913;Fortis Overnight Fund-Regular Plan-Monthly Dividend Payout Option;;;10.0209;10.0209;10.0209;14-Feb-2010
110918;Fortis Overnight Fund-Regular Plan-Weekly Dividend Option;;;10.0055;10.0055;10.0055;14-Feb-2010

ING Mutual Fund
100198;ING Liquid Fund-Institutional Daily Dividend Option;INF084M01473;;10.0121;10.0121;10.0121;14-Feb-2010
100196;ING Liquid Fund-Institutional Growth Option;INF084M01465;;14.3639;14.3639;14.3639;14-Feb-2010
100197;ING Liquid Fund-Institutional Weekly Dividend Option;INF084M01499;INF084M01481;10.0595;10.0595;10.0595;14-Feb-2010
100192;ING Liquid Fund-Regular Daily Dividend Option;INF084M01432;;10.7873;10.7873;10.7873;14-Feb-2010
100190;ING Liquid Fund-Regular Growth Option;INF084M01424;;19.1773;19.1773;19.1773;14-Feb-2010
100191;ING Liquid Fund-Regular Weekly Dividend Option;INF084M01457;INF084M01440;10.8299;10.8299;10.8299;14-Feb-2010
100200;ING Liquid Fund-Super Institutional Daily Dividend Option;INF084M01515;;10.0048;10.0048;10.0048;14-Feb-2010
100199;ING Liquid Fund-Super Institutional Growth Option;INF084M01507;;13.6549;13.6549;13.6549;14-Feb-2010
100201;ING Liquid Fund-Super Institutional Weekly Dividend Option;INF084M01531;INF084M01523;10.0000;10.0000;10.0000;14-Feb-2010

Invesco Mutual Fund
106502;Religare Invesco Overnight Fund - Daily Dividend Reinvestment;;INF205K01HS2;10.0000;10.0000;10.0000;14-Feb-2010
106501;Religare Invesco Overnight Fund - Growth;INF205K01HR4;;11.1303;11.1303;11.1303;14-Feb-2010

JM Financial Mutual Fund
101420;JM Floater Short Term Fund - Daily Dividend Option;;INF192K01767;10.0883;10.0883;10.0883;14-Feb-2010
101421;JM Floater Short Term Fund - Growth Option;INF192K01775;;14.7427;14.7427;14.7427;14-Feb-2010

JPMorgan Mutual Fund
106562;JPMorgan India Liquid Fund - Retail Plan - Daily Dividend Option;;INF843K01203;10.0150;10.0150;10.0150;14-Feb-2010
106561;JPMorgan India Liquid Fund - Retail Plan - Growth Option;INF843K01195;;10.8909;10.8909;10.8909;14-Feb-2010
109179;JPMorgan India Liquid Fund - Retail Plan - Monthly Dividend Option;;INF843K01237;10.0335;10.0335;10.0335;14-Feb-2010
109177;JPMorgan India Liquid Fund - Retail Plan - Weekly Dividend Option;;INF843K01211;10.0197;10.0197;10.0197;14-Feb-2010
110149;JPMorgan India Liquid Fund - Super Institutional Plan - Daily Dividend Option;;INF843K01153;10.0079;10.0079;10.0079;14-Feb-2010
110150;JPMorgan India Liquid Fund - Super Institutional Plan - Growth Option;INF843K01146;;11.8373;11.8373;11.8373;14-Feb-2010
110151;JPMorgan India Liquid Fund - Super Institutional Plan - Monthly Dividend Option;INF843K01500;INF843K01187;10.0523;10.0523;10.0523;14-Feb-2010
110153;JPMorgan India Liquid Fund - Super Institutional Plan - Weekly Dividend Option;INF843K01484;INF843K01161;10.0100;10.0100;10.0100;14-Feb-2010

Mirae Asset Mutual Fund
107646;Mirae Asset Liquid Fund- Regular Plan - Daily Dividend;;INF769K01606;942.8310;942.8310;942.8310;14-Feb-2010
107648;Mirae Asset Liquid Fund- Regular Plan - Growth;INF769K01572;;990.3055;990.3055;990.3055;14-Feb-2010
107649;Mirae Asset Liquid Fund- Regular Plan - Monthly Dividend;INF769K01630;INF769K01622;946.3023;946.3023;946.3023;14-Feb-2010
107647;Mirae Asset Liquid Fund- Regular Plan - Weekly Dividend;;INF769K01614;944.1669;944.1669;944.1669;14-Feb-2010

PineBridge Mutual Fund
106513;PineBridge India Liquid Fund- Standard Plan-Daily Dividend Option;;INF178L01699;1001.0000;1001.0000;1001.0000;14-Feb-2010
106508;PineBridge India Liquid Fund- Standard Plan-Growth Option;INF178L01715;;1180.3899;1180.3899;1180.3899;14-Feb-2010
106509;PineBridge India Liquid Fund- Standard Plan-Weekly Dividend Option;;INF178L01764;1001.6146;1001.6146;1001.6146;14-Feb-2010
106506;PineBridge India Liquid Fund-Institutional Plan-Daily Dividend Option;;INF178L01616;1001.0000;1001.0000;1001.0000;14-Feb-2010
106511;PineBridge India Liquid Fund-Institutional Plan-Growth Option;INF178L01632;;1177.5542;1177.5542;1177.5542;14-Feb-2010
106507;PineBridge India Liquid Fund-Institutional Plan-Weekly Dividend Option;;INF178L01681;1001.5981;1001.5981;1001.5981;14-Feb-2010
106503;PineBridge India Liquid Fund-Retail Plan-DailyDividend Option;;INF178L01533;1001.0000;1001.0000;1001.0000;14-Feb-2010
106514;PineBridge India Liquid Fund-Retail Plan-Growth Option;INF178L01558;;1168.8746;1168.8746;1168.8746;14-Feb-2010
106504;PineBridge India Liquid Fund-Retail Plan-Monthly Dividend Option;INF178L01566;INF178L01574;1002.7768;1002.7768;1002.7768;14-Feb-2010
106516;PineBridge India Liquid Fund-Retail Plan-Quarterly Dividend Option;INF178L01582;INF178L01590;1005.3261;1005.3261;1005.3261;14-Feb-2010
106510;PineBridge India Liquid Fund-Retail Plan-Weekly Dividend Option;;INF178L01608;1001.5488;1001.5488;1001.5488;14-Feb-2010

Sahara Mutual Fund
101397;Sahara Liquid Fund-Fixed Pricing -  Weekly Dividend Option;;INF515L01064;1026.4717;1026.4717;1026.4717;14-Feb-2010
101393;Sahara Liquid Fund-Fixed Pricing - Daily Dividend Option;;INF515L01049;1024.9045;1024.9045;1024.9045;14-Feb-2010
101394;Sahara Liquid Fund-Fixed Pricing - Growth option;INF515L01056;;1657.3573;1657.3573;1657.3573;14-Feb-2010
101398;Sahara Liquid Fund-Fixed Pricing - Monthly Dividend Option;;INF515L01072;1026.3547;1026.3547;1026.3547;14-Feb-2010
101399;Sahara Liquid Fund-Variable Pricing - Daily Dividend option;;INF515L01080;1024.9262;1024.9262;1024.9262;14-Feb-2010
101402;Sahara Liquid Fund-Variable Pricing - Growth option;INF515L01114;;1670.2681;1670.2681;1670.2681;14-Feb-2010
101400;Sahara Liquid Fund-Variable Pricing - Weekly Dividend Option;;INF515L01098;1025.1513;1025.1513;1025.1513;14-Feb-2010
101401;Sahara Liquid Fund-Variable Pricing- Monthly Dividend Option;;INF515L01106;1026.6785;1026.6785;1026.6785;14-Feb-2010

Shinsei Mutual Fund
112049;Shinsei Liquid Fund - Institutional - Daily Dividend;;;1000.5197;1000.5197;1000.5197;14-Feb-2010
112041;Shinsei Liquid Fund - Institutional - Growth;;;1025.6891;1025.6891;1025.6891;14-Feb-2010
112052;Shinsei Liquid Fund - Retail - Daily Dividend;;;1000.5200;1000.5200;1000.5200;14-Feb-2010
112040;Shinsei Liquid Fund - Retail - Growth;;;1024.4873;1024.4873;1024.4873;14-Feb-2010
112051;Shinsei Liquid Fund - Retail - Weekly Dividend;;;1001.1689;1001.1689;1001.1689;14-Feb-2010

Tata Mutual Fund
101987;Tata Liquid Fund Reglar Plan - Monthly Dividend;INF277K01LR5;INF277K01LS3;1001.1470;1001.1470;1001.1470;14-Feb-2010
101861;Tata Liquid Fund-Regular Plan  - Weekly Dividend;INF277K016C5;;1151.0957;1151.0957;1151.0957;14-Feb-2010
101984;Tata Liquid High Investment Plan - Daily;;;1114.3379;1114.3379;1114.3379;14-Feb-2010
101860;Tata Liquid High Investment Plan - Growth;INF277K01LN4;;1520.5339;1520.5339;1520.5339;14-Feb-2010
101985;Tata Liquid High Investment Plan - Monthly;INF277K01LO2;INF277K01LP9;1021.1486;1021.1486;1021.1486;14-Feb-2010
101859;Tata Liquid High Investment Plan - Weekly;;;1147.0589;1147.0589;1147.0589;14-Feb-2010
101982;Tata Liquid Retail Investment PLan - Daily;;;1116.8143;1116.8143;1116.8143;14-Feb-2010
101983;Tata Liquid Retail Investment Plan - Fortnightly;;;1146.6983;1146.6983;1146.6983;14-Feb-2010
101858;Tata Liquid Retail Investment Plan - Growth;INF277K01LM6;;2103.4263;2103.4263;2103.4263;14-Feb-2010
103631;Tata Liquidity Management Fund - Regular Plan - Daily Dividend;;;1002.6089;1002.6089;1002.6089;14-Feb-2010
103632;Tata Liquidity Management Fund - Regular Plan - Growth;INF277K01LW5;;1253.1472;1253.1472;1253.1472;14-Feb-2010
103519;Tata Liquidity Management Fund - Regular Plan  -Weekly Dividend;;;1005.8459;1005.8459;1005.8459;14-Feb-2010

Open Ended Schemes ( Money Market )


Franklin Templeton Mutual Fund
100561;Templeton India Money Market Account - Bonus Plan;;;1.0000;1.0000;1.0000;14-Feb-2010
104554;Templeton India Money Market Account - Dividend Plan;;;1.0000;1.0000;1.0000;14-Feb-2010

Tata Mutual Fund
102152;Tata Money Market Fund Regular (Bonus / Dividend);;;10.1536;10.1536;10.1536;14-Feb-2010
102153;Tata Money Market Fund Regular (Growth);INF277K01LY1;;14.7074;14.7074;14.7074;14-Feb-2010

Open Ended Schemes ( Floating Rate )


HSBC Mutual Fund
102836;HSBC Floating Rate Fund - Short Term - Inst. - Dividend - Daily;;;10.1024;10.1024;10.1024;14-Feb-2010
102838;HSBC Floating Rate Fund - Short Term - Inst. - Dividend - Monthly;;;10.1399;10.1399;10.1399;14-Feb-2010
102837;HSBC Floating Rate Fund - Short Term - Inst. - Dividend - Weekly;;;0.0000;0.0000;0.0000;14-Feb-2010
102835;HSBC Floating Rate Fund - Short Term - Inst. - Growth;;;13.7681;13.7681;13.7681;14-Feb-2010
102840;HSBC Floating Rate Fund - Short Term - Inst. Plus - Dividend - Daily;;;0.0000;0.0000;0.0000;14-Feb-2010
102842;HSBC Floating Rate Fund - Short Term - Inst. Plus - Dividend - Monthly;;;0.0000;0.0000;0.0000;14-Feb-2010
102841;HSBC Floating Rate Fund - Short Term - Inst. Plus - Dividend - Weekly;;;0.0000;0.0000;0.0000;14-Feb-2010
102839;HSBC Floating Rate Fund - Short Term - Inst. Plus - Growth;;;11.6944;11.6944;11.6944;14-Feb-2010
102833;HSBC Floating Rate Fund - Short Term - Regular - Dividend - Daily;;;10.0000;10.0000;10.0000;14-Feb-2010
102834;HSBC Floating Rate Fund - Short Term - Regular - Dividend - Weekly;;;10.0172;10.0172;10.0172;14-Feb-2010
102832;HSBC Floating Rate Fund - Short Term - Regular - Growth;;;13.6227;13.6227;13.6227;14-Feb-2010

Open Ended Schemes ( Debt Scheme - Overnight Fund )


HDFC Mutual Fund
101996;HDFC Overnight Fund - Growth Option;INF179KB1HS3;;15.1987;15.1987;15.1987;14-Feb-2010
101997;HDFC Overnight Fund - IDCW Option (Daily);;INF179KB1IF8;10.4266;10.4266;10.4266;14-Feb-2010

SBI Mutual Fund
101206;SBI OVERNIGHT FUND - REGULAR PLAN - GROWTH;INF200K01LQ9;;15.7681;15.7681;15.7681;14-Feb-2010
103140;SBI Overnight Fund - Regular Plan - Weekly Income Distribution cum Capital Withdrawal Option (IDCW);INF200K01LO4;INF200K01LP1;10.3129;10.3129;10.3129;14-Feb-2010

Open Ended Schemes ( Debt Scheme - Liquid Fund )


Aditya Birla Sun Life Mutual Fund
100049;Aditya Birla Sun Life Cash Plus-Institutional - Fortnightly Dividend;;;10.8446;10.8446;10.8446;14-Feb-2010
100052;Aditya Birla Sun Life Cash Plus-Institutional Premium - Fortnightly Dividend;;;10.0000;10.0000;10.0000;14-Feb-2010
100053;Aditya Birla Sun Life Cash Plus-Institutional Premium Plan-Monthly Dividend;;;10.0164;10.0164;10.0164;14-Feb-2010
100047;Aditya Birla Sun Life Liquid Fund - Growth;INF209K01RU9;;14.6519;14.6519;14.6519;14-Feb-2010
100046;Aditya Birla Sun Life Liquid Fund -Daily IDCW;INF209K01KQ2;INF209K01SQ5;10.0195;10.0195;10.0195;14-Feb-2010
100041;Aditya Birla Sun Life Liquid Fund -Institutional - IDCW;;INF209K01KN9;10.8023;10.8023;10.8023;14-Feb-2010
100048;Aditya Birla Sun Life Liquid Fund -Institutional - weekly  IDCW;INF209KA1LK7;INF209K01KY6;10.8163;10.8163;10.8163;14-Feb-2010
100044;Aditya Birla Sun Life Liquid Fund -Retail - IDCW;;INF209K01KP4;16.3694;16.3694;16.3694;14-Feb-2010
100051;Aditya Birla Sun Life Liquid Fund -weekly IDCW;INF209K01KU4;INF209KA1LJ9;10.0319;10.0319;10.0319;14-Feb-2010
112014;Aditya Birla Sun Life Liquid Fund- Discipline Advantage Plan;INF209K01KZ3;;10.2378;10.2378;10.2378;14-Feb-2010
100043;Aditya Birla Sun Life Liquid Fund-Institutional (Growth);INF209K01RT1;;24.7652;24.7652;24.7652;14-Feb-2010
100042;Aditya Birla Sun Life Liquid Fund-Retail (Growth);INF209K01ME4;;24.3802;24.3802;24.3802;14-Feb-2010

Axis Mutual Fund
112211;Axis Liquid Fund - Regular Plan - Daily IDCW;;INF846K01420;1000.0000;1000.0000;1000.0000;14-Feb-2010
112210;Axis Liquid Fund - Regular Plan - Growth Option;INF846K01412;;1013.8586;1013.8586;1013.8586;14-Feb-2010
112213;Axis Liquid Fund - Regular Plan - Monthly IDCW;INF846K01453;INF846K01461;1002.4184;1002.4184;1002.4184;14-Feb-2010
112212;Axis Liquid Fund - Regular Plan - Weekly IDCW;INF846K01438;INF846K01446;1002.7751;1002.7751;1002.7751;14-Feb-2010

Bandhan Mutual Fund
108692;BANDHAN LIQUID Fund - Regular Plan - Daily IDCW;INF194K01VZ4;INF194K01VY7;10.0025;10.0025;10.0025;14-Feb-2010
108690;BANDHAN LIQUID Fund - Regular Plan - Growth;INF194K01VX9;;11.1361;11.1361;11.1361;14-Feb-2010
108779;BANDHAN Liquid Fund-Plan A-Dividend (Daily);INF194K01VC3;INF194K01VB5;10.5819;10.5819;10.5819;14-Feb-2010
108778;BANDHAN Liquid Fund-Plan A-Growth;INF194K01UX1;;16.3436;16.3436;16.3436;14-Feb-2010
108607;BANDHAN Liquid Fund - Plan A-Dividend (Weekly);INF194K01VI0;INF194K01VH2;10.0128;10.0128;10.0128;14-Feb-2010
108781;BANDHAN Liquid Fund - Plan B (G) (Institutional Plan);INF194K01VK6;;16.4616;16.4616;16.4616;14-Feb-2010
108681;BANDHAN Liquid Fund - Plan B-Daily-Dividend(Institutional Plan);INF194K01VM2;INF194K01VL4;10.5816;10.5816;10.5816;14-Feb-2010

Bank of India Mutual Fund
109257;BANK OF INDIA Liquid Fund- Institutional Plan- Daily Dividend;;;1000.0000;1000.0000;1000.0000;14-Feb-2010
109256;BANK OF INDIA Liquid Fund- Institutional Plan-Growth;INF761K01314;;1096.8934;1096.8934;1096.8934;14-Feb-2010
111971;BANK OF INDIA Liquid Fund- Regular Plan- Daily IDCW;;INF761K01CO4;1000.0000;1000.0000;1000.0000;14-Feb-2010
109254;BANK OF INDIA Liquid Fund- Regular Plan- Growth;INF761K01306;;1088.2637;1088.2637;1088.2637;14-Feb-2010
109255;BANK OF INDIA Liquid Fund- Regular Plan- Weekly IDCW;;INF761K01CP1;1000.5221;1000.5221;1000.5221;14-Feb-2010
109258;BANK OF INDIA Liquid Fund- Super Institutional Plan-Growth;INF761K01322;;1099.5782;1099.5782;1099.5782;14-Feb-2010
109262;BANK OF INDIA Liquid Fund-Institutional Plan-Weekly Dividend;;;1000.4099;1000.4099;1000.4099;14-Feb-2010

Baroda BNP Paribas Mutual Fund
111707;Baroda BNP Paribas LIQUID FUND - Regular Plan - DAILY IDCW OPTION;INF955L01468;INF955L01476;10.0063;10.0063;10.0063;14-Feb-2010
111704;Baroda BNP Paribas LIQUID FUND - Regular Plan - GROWTH OPTION;INF955L01484;;10.4851;10.4851;10.4851;14-Feb-2010
101408;Baroda BNP Paribas LIQUID FUND- Defunct Plan -Growth Option;INF955L01575;;15.8907;15.8907;15.8907;14-Feb-2010
101407;Baroda BNP Paribas LIQUID FUND-Defunct Plan- IDCW Option;INF955L01559;INF955L01567;13.6157;13.6157;13.6157;14-Feb-2010
101409;Baroda BNP Paribas LIQUID FUND-Defunct Plan-Daily IDCW Option;INF955L01518;INF955L01526;10.0606;10.0606;10.0606;14-Feb-2010

Canara Robeco Mutual Fund
109349;CANARA ROBECO LIQUID FUND - REGULAR PLAN - DAILY IDCW (Reinvestment);;INF760K01CU3;10.0410;10.0410;10.0410;14-Feb-2010
109353;CANARA ROBECO LIQUID FUND - REGULAR PLAN - GROWTH OPTION;INF760K01CW9;;11.1283;11.1283;11.1283;14-Feb-2010
109350;CANARA ROBECO LIQUID FUND - REGULAR PLAN - WEEKLY IDCW (Payout/Reinvestment);INF760K01BZ4;INF760K01CZ2;10.0410;10.0410;10.0410;14-Feb-2010
101363;Canara Robeco Liquid Fund- INSTITUTIONAL-Daily Dividend Reinvestment;;INF760K01CC1;10.0410;10.0410;10.0410;14-Feb-2010
101362;Canara Robeco Liquid Fund- INSTITUTIONAL-Growth;INF760K01CD9;;16.6644;16.6644;16.6644;14-Feb-2010
101361;Canara Robeco Liquid Fund- INSTITUTIONAL-Weekly dividend;;INF760K01CE7;10.0410;10.0410;10.0410;14-Feb-2010
109357;Canara Robeco Liquid Fund-Institutional-Fortnightly Div Reinvest;;INF760K01860;10.0410;10.0410;10.0410;14-Feb-2010
109355;Canara Robeco Liquid Fund-Regular Plan-Fortnightly Div Reinvest.;;INF760K01951;10.0410;10.0410;10.0410;14-Feb-2010
101364;Canara Robeco Liquid Fund-Retail-DRI;;INF760K01CF4;10.0410;10.0410;10.0410;14-Feb-2010
109346;Canara Robeco Liquid Fund-Retail-Fortnightly Div Reinvest;;INF760K01CG2;10.0512;10.0512;10.0512;14-Feb-2010
101365;Canara Robeco Liquid Fund-Retail-Growth;INF760K01CH0;;16.6314;16.6314;16.6314;14-Feb-2010
109347;Canara Robeco Liquid Fund-Retail-Monthly Div Reinvest;;INF760K01CI8;10.0604;10.0604;10.0604;14-Feb-2010
109356;Canara Robeco Liquid Fund-Retail-Weekly Div Reinvest;;INF760K01CJ6;10.0447;10.0447;10.0447;14-Feb-2010

DSP Mutual Fund
103347;DSP Liquidity Fund - Regular Plan - Growth;INF740K01FK9;;1309.9914;1309.9914;1309.9914;14-Feb-2010
103348;DSP Liquidity Fund - Regular Plan - IDCW - Weekly;INF740K01FM5;INF740K01FL7;1000.5946;1000.5946;1000.5946;14-Feb-2010
103349;DSP Liquidity Fund- Regular Plan - IDCW - Daily;;INF740KA1OE0;1000.2000;1000.2000;1000.2000;14-Feb-2010
100943;DSP BlackRock Liquidity Fund - Regular Plan - Daily Dividend;;;10.0100;10.0100;10.0100;14-Feb-2010
100940;DSP BlackRock Liquidity Fund - Regular Plan - Growth;INF740K01CN0;;21.7724;21.7724;21.7724;14-Feb-2010
100941;DSP BlackRock Liquidity Fund - Regular Plan Weekly Dividend;;;12.4046;12.4046;12.4046;14-Feb-2010

Franklin Templeton Mutual Fund
100543;Franklin India Liquid Fund - Liquid Plan - Daily IDCW;;;1000.6730;1000.6730;1000.6730;14-Feb-2010
100544;Franklin India Liquid Fund - Liquid Plan - Growth;;;1378.4204;1378.4204;1378.4204;14-Feb-2010
100542;Franklin India Liquid Fund - Liquid Plan - Weekly Dividend;;;1000.5749;1000.5749;1000.5749;14-Feb-2010
100541;Franklin India Liquid Fund - Regular Plan - Daily - IDCW;;INF090I01BA3;1512.3400;1512.3400;1512.3400;14-Feb-2010
100538;Franklin India Liquid Fund - Regular Plan - Growth;INF090I01BB1;;2257.3735;2257.3735;2257.3735;14-Feb-2010
100537;Franklin India Liquid Fund - Regular Plan - Weekly - IDCW;INF090I01BL0;INF090I01BI6;1244.3238;1244.3238;1244.3238;14-Feb-2010
100547;Franklin India Liquid Fund - Super Institutional Plan - Daily - IDCW;;INF090I01BF2;1000.6730;1000.6730;1000.6730;14-Feb-2010
100546;Franklin India Liquid Fund - Super Institutional Plan - Growth;INF090I01BG0;;1360.4650;1360.4650;1360.4650;14-Feb-2010
100548;Franklin India Liquid Fund - Super Institutional Plan - Weekly - IDCW;INF090I01BM8;INF090I01BH8;1021.1243;1021.1243;1021.1243;14-Feb-2010
102441;Franklin India Liquid Fund - Institution-Growth;INF090I01BD7;;1430.6402;1430.6402;1430.6402;14-Feb-2010
102443;Franklin India Liquid Fund - Institutional Plan - Daily - IDCW;;INF090I01BC9;1000.6730;1000.6730;1000.6730;14-Feb-2010
102442;Franklin India Liquid Fund - Institutional Plan - Weekly - IDCW;INF090I01BJ4;INF090I01BE5;1054.7186;1054.7186;1054.7186;14-Feb-2010

HDFC Mutual Fund
100868;HDFC Liquid Fund - Growth Plan;INF179KB1HK0;;18.1529;18.1529;18.1529;14-Feb-2010
100875;HDFC Liquid Fund - IDCW Daily;;INF179KB1IC5;10.1982;10.1982;10.1982;14-Feb-2010
100876;HDFC Liquid Fund - IDCW Monthly;INF179KB1HM6;INF179KB1HL8;10.2831;10.2831;10.2831;14-Feb-2010
100874;HDFC Liquid Fund - IDCW Plan Weekly;INF179KB1ID3;;10.3164;10.3164;10.3164;14-Feb-2010
100877;HDFC Liquid Fund-Premium Plan - Dividend-Daily;;INF179K01KN4;12.2598;12.2598;12.2598;14-Feb-2010
100878;HDFC Liquid Fund-Premium Plan - Dividend-Weekly;INF179K01KP9;;10;10;10;14-Feb-2010
100881;HDFC Liquid Fund-Premium Plus Plan - Dividend-Weekly;INF179K01KS3;;10.0044;10.0044;10.0044;14-Feb-2010
100872;HDFC Liquid Fund-PREMIUM PLUS- Growth;INF179K01KQ7;;18.4003;18.4003;18.4003;14-Feb-2010
100873;HDFC Liquid Fund-PREMIUM- Growth;INF179KB1HN4;;18.3622;18.3622;18.3622;14-Feb-2010

HSBC Mutual Fund
101700;HSBC Cash Fund - Dividend - Daily;;INF336L01321;10.0056;10.0056;10.0056;14-Feb-2010
101702;HSBC Cash Fund - Dividend - Monthly;INF336L01305;INF336L01297;10.0898;10.0898;10.0898;14-Feb-2010
101701;HSBC Cash Fund - Dividend - Weekly;;INF336L01347;10.2368;10.2368;10.2368;14-Feb-2010
101692;HSBC Cash Fund - Inst. - Dividend - Daily;;INF336L01354;10.4401;10.4401;10.4401;14-Feb-2010
101694;HSBC Cash Fund - Inst. - Dividend - Monthly;INF336L01370;INF336L01362;10.5336;10.5336;10.5336;14-Feb-2010
101693;HSBC Cash Fund - Inst. - Dividend - Weekly;;INF336L01388;10.4657;10.4657;10.4657;14-Feb-2010
101691;HSBC Cash Fund - Inst. - Growth;INF336L01289;;14.9714;14.9714;14.9714;14-Feb-2010
101697;HSBC Cash Fund - Regular - Dividend - Daily;;INF336L01263;10.1930;10.1930;10.1930;14-Feb-2010
101698;HSBC Cash Fund - Regular - Dividend - Weekly;;INF336L01313;10.0188;10.0188;10.0188;14-Feb-2010
101696;HSBC Liquid Fund - Growth closed plan;INF336L01271;;14.8395;14.8395;14.8395;14-Feb-2010
101699;HSBC Liquid Fund Closed;INF336L01339;;14.0960;14.0960;14.0960;14-Feb-2010

ICICI Prudential Mutual Fund
100357;ICICI Prudential Liquid Fund -Quarterly IDCW;INF109K01UU5;INF109K01UT7;100.4657;100.4657;100.4657;14-Feb-2010
100359;ICICI Prudential Liquid Institutional Plus Fund - Div - Daily;INF109K01VJ6;;118.5150;118.5150;118.5150;14-Feb-2010
100360;ICICI Prudential Liquid Institutional Plus Fund - Div - Weekly;INF109K01VM0;;118.6101;118.6101;118.6101;14-Feb-2010
100362;ICICI Prudential Liquid Institutional Plus Fund - Growth;INF109K01VK4;;226.9381;226.9381;226.9381;14-Feb-2010
103343;ICICI Prudential Liquid Fund - Daily IDCW;INF109K01VP3;;100.0221;100.0221;100.0221;14-Feb-2010
103340;ICICI Prudential Liquid Fund - Growth;INF109K01VQ1;;135.3840;135.3840;135.3840;14-Feb-2010
104308;ICICI Prudential Liquid Fund - Half Yearly IDCW;INF109K01UX9;INF109K01UW1;101.2823;101.2823;101.2823;14-Feb-2010
103344;ICICI Prudential Liquid Fund - Institutional Option - I;INF109K01VH0;;132.3135;132.3135;132.3135;14-Feb-2010
103342;ICICI Prudential Liquid Fund - Weekly IDCW;INF109K01VS7;;100.1061;100.1061;100.1061;14-Feb-2010
101748;ICICI Prudential Liquid Fund - Institutional - Daily - Div;INF109K01VE7;;118.5020;118.5020;118.5020;14-Feb-2010
101753;ICICI Prudential Liquid Fund - Institutional - Weekly - Div;INF109K01VI8;;118.4799;118.4799;118.4799;14-Feb-2010
101754;ICICI Prudential Liquid Fund Retail Daily Dividend;INF109K01UR1;;118.5140;118.5140;118.5140;14-Feb-2010
101750;ICICI Prudential Liquid Fund Retail Growth;INF109K01UQ3;;221.7127;221.7127;221.7127;14-Feb-2010
101755;ICICI Prudential Liquid Fund Retail Monthly Dividend;INF109K01US9;;100.1670;100.1670;100.1670;14-Feb-2010
101752;ICICI Prudential Liquid Fund Retail Weekly Dividend;INF109K01UV3;;118.8613;118.8613;118.8613;14-Feb-2010
101751;ICICI Prudential Liquid Institutional Fund - Growth;INF109K01VF4;;225.5765;225.5765;225.5765;14-Feb-2010

Invesco Mutual Fund
104484;Invesco India Liquid Fund - Daily IDCW (Reinvestment);;INF205K01HN3;10.0064;10.0064;10.0064;14-Feb-2010
104486;Invesco India Liquid Fund - Growth;INF205K01HM5;;12.5751;12.5751;12.5751;14-Feb-2010
104488;Invesco India Liquid Fund - Regular - Growth;INF205K01HG7;;12.4111;12.4111;12.4111;14-Feb-2010
104489;Invesco India Liquid Fund - Regular - Weekly IDCW (Reinvestment);;INF205K01HH5;10.0035;10.0035;10.0035;14-Feb-2010
104483;Religare Invesco Liquid Fund - Institutional - Daily Dividend;;INF205K01HJ1;10.0064;10.0064;10.0064;14-Feb-2010
104491;Religare Invesco Liquid Fund - Institutional - Growth;INF205K01HI3;;12.5277;12.5277;12.5277;14-Feb-2010
104490;Religare Invesco Liquid Fund - Institutional - Weekly Dividend;;INF205K01HK9;10.0035;10.0035;10.0035;14-Feb-2010

JM Financial Mutual Fund
100241;JM High Liquidity Fund-- Institutional Plan - Dividend;INF192K01924;INF192K01932;10.4574;10.4574;10.4574;14-Feb-2010
100237;JM High Liquidity Fund-- Institutional Plan - Growth;INF192K01940;;15.0728;15.0728;15.0728;14-Feb-2010
100238;JM High Liquidity Fund-Institutional Plan - Daily Dividend;;INF192K01916;10.0159;10.0159;10.0159;14-Feb-2010
100245;JM High Liquidity Fund-Super Institutional Plan- Daily Dividend;;INF192K01957;10.0165;10.0165;10.0165;14-Feb-2010
100246;JM High Liquidity Fund-Super Institutional Plan- Weekly  Dividend;INF192K01965;INF192K01973;10.0000;10.0000;10.0000;14-Feb-2010
100244;JM Liquid Fund (Regular) - Quarterly IDCW;INF192K01866;INF192K01874;14.1387;14.1387;14.1387;14-Feb-2010
100247;JM Liquid Fund (Regular) - Super Institutional Plan - Growth Option;INF192K01981;;14.3307;14.3307;14.3307;14-Feb-2010
100233;JM Liquid Fund (Regular) - Weekly IDCW;INF192K01841;INF192K01858;10.7011;10.7011;10.7011;14-Feb-2010
100234;JM Liquid Fund - Growth Option;INF192K01882;;24.9805;24.9805;24.9805;14-Feb-2010
101549;JM Liquid Fund (Regular) - Bonus Option - Principal Units;INF192K01890;;13.1182;13.1182;13.1182;14-Feb-2010
101078;JM Liquid Fund (Regular) - Daily IDCW;;INF192K01833;10.4302;10.4302;10.4302;14-Feb-2010

Kotak Mahindra Mutual Fund
100833;Kotak Liquid Fund - Regular  - Daily Reinvestment of Income Distribution cum capital withdrawal option;;INF174K01NL3;12.2281;12.2281;12.2281;14-Feb-2010
100835;Kotak Liquid Fund - Regular Plan - Growth;INF174K01NI9;;18.5662;18.5662;18.5662;14-Feb-2010
100831;Kotak Liquid Fund -Institutional Plan - (Daily Dividend);;INF174K01GA0;12.2281;12.2281;12.2281;14-Feb-2010
100834;Kotak Liquid Fund Regular Plan Weekly Reinvestment of Income Distribution cum capital withdrawal option Dividend;INF174K01NK5;;10.0424;10.0424;10.0424;14-Feb-2010
100830;Kotak Liquid-Institutional Plan  (Growth);INF174K01FZ9;;18.1485;18.1485;18.1485;14-Feb-2010
100832;Kotak Liquid-Institutional Plan (Weekly Dividend);;INF174K01GB8;10.0285;10.0285;10.0285;14-Feb-2010
100828;Kotak Liquid-Regular (Dividend);;INF174K01FY2;10.0279;10.0279;10.0279;14-Feb-2010
100829;Kotak Liquid-Regular (Growth);INF174K01NM1;;17.7742;17.7742;17.7742;14-Feb-2010

Mirae Asset Mutual Fund
111647;Mirae Asset Liquid Fund - Regular - Daily IDCW;;INF769K01804;1024.5257;1024.5257;1024.5257;14-Feb-2010
111646;Mirae Asset Liquid Fund - Regular Plan - Growth;INF769K01788;;1026.6490;1026.6490;1026.6490;14-Feb-2010
111645;Mirae Asset Liquid Fund - Regular Plan - Monthly IDCW;INF769K01838;INF769K01820;1026.7163;1026.7163;1026.7163;14-Feb-2010
111644;Mirae Asset Liquid Fund - Regular Plan - Weekly IDCW;INF769K01PC4;INF769K01812;1025.5403;1025.5403;1025.5403;14-Feb-2010

Nippon India Mutual Fund
100852;NIPPON INDIA LIQUID FUND - DAILY IDCW OPTION;;INF204K01UM1;15.2872;15.2872;15.2872;14-Feb-2010
100855;NIPPON INDIA LIQUID FUND - MONTHLY IDCW OPTION;INF204K01UO7;INF204K01UP4;21.7862;21.7862;21.7862;14-Feb-2010
112340;NIPPON INDIA LIQUID FUND - QUARTERLY IDCW OPTION;INF204K01UQ2;INF204K01UR0;22.3399;22.3399;22.3399;14-Feb-2010
100837;Nippon India Liquid Fund - Retail Option - Growth Plan;INF204K01UL3;;21.9726;21.9726;21.9726;14-Feb-2010
100842;NIPPON INDIA LIQUID FUND - RETAIL Plan - DAILY IDCW OPTION;;INF204K01UJ7;15.2426;15.2426;15.2426;14-Feb-2010
100843;NIPPON INDIA LIQUID FUND - RETAIL plan - MONTHLY IDCW OPTION;INF204K01UT6;INF204K01UU4;13.333;13.333;13.333;14-Feb-2010
100844;NIPPON INDIA LIQUID FUND - RETAIL Plan - QUARTERLY IDCW OPTION;INF204K01UV2;INF204K01UW0;12.211;12.211;12.211;14-Feb-2010
100838;NIPPON INDIA LIQUID FUND - RETAIL Plan - WEEKLY IDCW OPTION;;INF204K01UK5;10.3509;10.3509;10.3509;14-Feb-2010
100853;NIPPON INDIA LIQUID FUND - WEEKLY IDCW OPTION;INF204KC1FM8;INF204K01US8;15.3175;15.3175;15.3175;14-Feb-2010
100851;Nippon India Liquid Fund -Growth Plan;INF204K01UN9;;22.3399;22.3399;22.3399;14-Feb-2010
100849;Reliance Liquid Fund-Cash Plan-Daily Dividend Reinvestment Option;;;11.1415;11.1415;11.1415;14-Feb-2010
100845;Reliance Liquid Fund-Cash Plan-Growth Plan;;;14.9539;14.9539;14.9539;14-Feb-2010
100848;Reliance Liquid Fund-Cash Plan-Weekly Dividend Reinvestment Option;;;10.9233;10.9233;10.9233;14-Feb-2010

Principal Mutual Fund
100895;Principal Cash Management Fund - Daily Income Distribution CUM Capital Withdrawal;;INF173K01DB7;10.0007;10.0007;10.0007;14-Feb-2010
100898;Principal Cash Management Fund -Growth Option;INF173K01DA9;;14.2608;14.2608;14.2608;14-Feb-2010
100892;Principal Cash Management-Liquid Option-Daily Dividend;;;10.0022;10.0022;10.0022;14-Feb-2010
100887;Principal Cash Management-Liquid Option-Dividend Plan;;;10.1231;10.1231;10.1231;14-Feb-2010
100888;Principal Cash Management-Liquid Option-Growth Plan;;;17.7066;17.7066;17.7066;14-Feb-2010
100894;Principal Cash Management-Liquid Option-Institutional - Daily Dividend Plan;;;10.0022;10.0022;10.0022;14-Feb-2010
100893;Principal Cash Management-Liquid Option-Institutional - Growth Plan;;;14.9708;14.9708;14.9708;14-Feb-2010
100891;Principal Cash Management-Liquid Option-Institutional - Monthly Dividend Plan;;;10.0187;10.0187;10.0187;14-Feb-2010
100890;Principal Cash Management-Liquid Option-Institutional - Weekly Dividend Plan;;;10.005;10.005;10.005;14-Feb-2010
100889;Principal Cash Management-Liquid Option-Monthly Dividend;;;10.0175;10.0175;10.0175;14-Feb-2010

Quantum Mutual Fund
103736;Quantum Liquid Fund - Direct Plan Daily IDCW;;INF082J01135;10.0000;10.0000;10.0000;14-Feb-2010
103734;Quantum Liquid Fund - Direct Plan Growth Option;INF082J01127;;13.0238;13.0238;13.0238;14-Feb-2010
103735;Quantum Liquid Fund - Direct Plan Monthly IDCW;INF082J01143;INF082J01200;10.0201;10.0201;10.0201;14-Feb-2010

SBI Mutual Fund
105274;SBI Liquid Fund - Institutional - Growth;INF200K01LU1;;14.5519;14.5519;14.5519;14-Feb-2010
105275;SBI Liquid Fund - Institutional Daily Income Distribution cum Capital Withdrawal Option (IDCW);;INF200K01LR7;10.0325;10.0325;10.0325;14-Feb-2010
105279;SBI Liquid Fund - Institutional Fortnightly Income Distribution cum Capital Withdrawal Option (IDCW);INF200K01LS5;INF200K01LT3;10.1604;10.1604;10.1604;14-Feb-2010
105278;SBI Liquid Fund - Institutional Weekly Income Distribution cum Capital Withdrawal Option (IDCW);INF200K01LV9;INF200K01LW7;10.6046;10.6046;10.6046;14-Feb-2010
105281;SBI Liquid Fund - Regular Plan - Daily Income Distribution cum Capital Withdrawal Option (IDCW);;INF200K01LX5;10.0325;10.0325;10.0325;14-Feb-2010
105283;SBI Liquid Fund - Regular Plan - Fortnightly Income Distribution cum Capital Withdrawal Option (IDCW);INF200K01LY3;INF200K01LZ0;N.A.;N.A.;N.A.;14-Feb-2010
105282;SBI Liquid Fund - Regular Plan - Weekly Income Distribution cum Capital Withdrawal Option (IDCW);INF200K01MB9;INF200K01MC7;N.A.;N.A.;N.A.;14-Feb-2010
105280;SBI Liquid Fund - REGULAR PLAN -Growth;INF200K01MA1;;14.3939;14.3939;14.3939;14-Feb-2010

Tata Mutual Fund
102672;Tata Liquid Fund -Regular Plan - Growth Option;INF277K01YD8;;14.4149;14.4149;14.4149;14-Feb-2010
101714;Tata Liquid Fund- Regular Plan - Daily Reinvestment of IDCW Option;;INF277K011D4;10.0152;10.0152;10.0152;14-Feb-2010

Taurus Mutual Fund
111915;Taurus Liquid Fund - Regular Plan - SI Growth Option;INF044D01534;;10.0467;10.0467;10.0467;14-Feb-2010
111703;Taurus Liquid Fund - Regular Plan -SI Daily Dividend Option;;INF044D01518;10.0000;10.0000;10.0000;14-Feb-2010
111547;Taurus Liquid Fund Insti DDRIP;;INF044D01484;10.0000;10.0000;10.0000;14-Feb-2010
111760;Taurus Liquid Fund Insti Growth;INF044D01500;;10.0398;10.0398;10.0398;14-Feb-2010
104240;Taurus Liquid Fund-Dividend;INF044D01542;INF044D01559;10.0114;10.0114;10.0114;14-Feb-2010
104241;Taurus Liquid Fund-Growth;INF044D01575;;12.0284;12.0284;12.0284;14-Feb-2010

UTI Mutual Fund
102010;UTI Liquid Fund - Regular Plan - Daily IDCW (Reinvestment);;INF789F01PG3;1019.4457;1019.4457;1019.4457;14-Feb-2010
102011;UTI Liquid Fund - Regular Plan - Monthly IDCW;INF789F01PI9;INF789F01PJ7;1026.5796;1026.5796;1026.5796;14-Feb-2010
102013;UTI Liquid Fund - Regular Plan - Weekly IDCW;;INF789F01PK5;1022.7740;1022.7740;1022.7740;14-Feb-2010
102012;UTI-  Liquid Cash Plan - Regular Plan - Growth Option;INF789F01PH1;;1504.3517;1504.3517;1504.3517;14-Feb-2010
102008;UTI-  Liquid Cash Plan- Discontinued - Regular Plan - Monthly Dividend Option;INF789F01BC2;INF789F01BA6;1065.5022;1065.5022;1065.5022;14-Feb-2010
102009;UTI-  Liquid Cash Plan- Discontinued - Regular Plan -Growth;INF789F01BB4;;1483.7790;1483.7790;1483.7790;14-Feb-2010
102007;UTI-  Liquid Cash Plan- Discontinued -Regular Plan Periodic Dividend Option;;INF789F01AZ5;1054.0567;1054.0567;1054.0567;14-Feb-2010

Open Ended Schemes ( Debt Scheme - Ultra Short Duration Fund )


Principal Mutual Fund
107325;Principal Money Manager Fund-Regular Plan-Daily Dividend Option;;;10.0247;10.0247;10.0247;14-Feb-2010
107331;Principal Money Manager Fund-Regular Plan-Growth Option;;;11.0811;11.0811;11.0811;14-Feb-2010
107326;Principal Money Manager Fund-Regular Plan-Weekly Dividend Option;;;10.1067;10.1067;10.1067;14-Feb-2010

SBI Mutual Fund
105080;SBI Ultra Short Duration Fund - Regular Plan - Daily Income Distribution cum Capital Withdrawal Option (IDCW);;INF200K01LK2;16.7503;16.7503;16.7503;14-Feb-2010
100641;SBI ULTRA SHORT DURATION FUND - REGULAR PLAN - GROWTH;INF200K01LJ4;;20.3449;20.3449;20.3449;14-Feb-2010
103884;SBI Ultra Short Duration Fund - Regular Plan - Weekly Income Distribution cum Capital Withdrawal Option (IDCW);INF200K01LM8;INF200K01LL0;10.7769;10.7769;10.7769;14-Feb-2010

Open Ended Schemes ( Debt Scheme - Low Duration Fund )


Aditya Birla Sun Life Mutual Fund
103192;Aditya Birla Sun Life Low Duration Fund - Growth Plan;INF209K01LQ0;;22.3458;22.3458;22.3458;14-Feb-2010
103195;Aditya Birla Sun Life Low Duration Fund - Institutional Plan - Growth;INF209K01KE8;;15.3150;15.3150;15.3150;14-Feb-2010
103191;Aditya Birla Sun Life Low Duration Fund -INSTITUTIONAL - DAILY IDCW;;INF209K01KD0;10.0030;10.0030;10.0030;14-Feb-2010
103194;Aditya Birla Sun Life Low Duration Fund -Institutional - weekly  IDCW;;INF209K01KG3;10.0065;10.0065;10.0065;14-Feb-2010
103193;Aditya Birla Sun Life Low Duration Fund -REGULAR - WEEKLY IDCW;;INF209KA1LQ4;10.0060;10.0060;10.0060;14-Feb-2010

Bandhan Mutual Fund
108633;BANDHAN Low Duration Fund - Regular Plan - Daily IDCW;INF194K01FW4;INF194K01FV6;10.0125;10.0125;10.0125;14-Feb-2010
108632;BANDHAN Low Duration Fund - Regular Plan - Growth;INF194K01FU8;;12.5712;12.5712;12.5712;14-Feb-2010
108635;BANDHAN Low Duration Fund - Regular Plan - Monthly IDCW;INF194K01FZ7;INF194K01FY0;10.0557;10.0557;10.0557;14-Feb-2010
108634;BANDHAN Low Duration Fund - Regular Plan - Weekly IDCW;INF194K01GC4;INF194K01GB6;10.0073;10.0073;10.0073;14-Feb-2010

Canara Robeco Mutual Fund
104559;CANARA ROBECO SAVINGS FUND - REGULAR PLAN - DAILY IDCW (Reinvestment);;INF760K01803;10.2600;10.2600;10.2600;14-Feb-2010
102913;CANARA ROBECO SAVINGS FUND - REGULAR PLAN - GROWTH OPTION;INF760K01795;;14.1494;14.1494;14.1494;14-Feb-2010
102914;CANARA ROBECO SAVINGS FUND - REGULAR PLAN - IDCW (Payout/Reinvestment);INF760K01779;INF760K01787;13.6053;13.6053;13.6053;14-Feb-2010
102915;CANARA ROBECO SAVINGS FUND - REGULAR PLAN - WEEKLY IDCW (Payout/Reinvestment);INF760K01CB3;INF760K01811;10.2646;10.2646;10.2646;14-Feb-2010

Open Ended Schemes ( Debt Scheme - Money Market Fund )


Aditya Birla Sun Life Mutual Fund
101975;Aditya Birla Sun Life Floating Rate Fund-Short Term Plan-Institutional Fortnightly Dividend;;;10.0000;9.9500;10.0000;14-Feb-2010
101973;Aditya Birla Sun Life Money Manager Fund - Daily IDCW;;INF209K01SZ6;10.0000;9.9500;10.0000;14-Feb-2010
101976;Aditya Birla Sun Life Money Manager Fund - Growth;INF209K01RV7;;12.1219;12.0613;12.1219;14-Feb-2010
101972;Aditya Birla Sun Life Money Manager Fund - Retail - Daily IDCW;;INF209K01JZ5;10.0015;9.9515;10.0015;14-Feb-2010
101970;Aditya Birla Sun Life Money Manager Fund - RETAIL - WEEKLY IDCW;;INF209K01JY8;10.3842;10.3323;10.3842;14-Feb-2010
101971;Aditya Birla Sun Life Money Manager Fund - Retail Growth;INF209K01MJ3;;15.0432;14.9680;15.0432;14-Feb-2010
101974;Aditya Birla Sun Life Money Manager Fund - WEEKLY IDCW;;INF209K01SY9;10.0172;9.9671;10.0172;14-Feb-2010

Franklin Templeton Mutual Fund
101352;Templeton Floating Rate Income Fund-Short Term Plan-Dividend Option;;;10.0491;10.0491;10.0491;14-Feb-2010
101353;Templeton Floating Rate Income Fund-Short Term Plan-Growth Option;;;16.5741;16.5741;16.5741;14-Feb-2010
101355;Templeton Floating Rate Income Fund-Short Term Plan-Institutional Option - Dividend;;;10.1505;10.1505;10.1505;14-Feb-2010
101354;Templeton Floating Rate Income Fund-Short Term Plan-Institutional Option - Growth;;;13.6905;13.6905;13.6905;14-Feb-2010

HDFC Mutual Fund
101994;HDFC Money Market Fund - Daily IDCW Option;;INF179KB1IG6;10.6364;10.6364;10.6364;14-Feb-2010
101993;HDFC Money Market Fund - Growth Option;INF179KB1HR5;;19.1494;19.1494;19.1494;14-Feb-2010
101995;HDFC Money Market Fund - Weekly IDCW Option;INF179KB1IH4;INF179KB1II2;10.6354;10.6354;10.6354;14-Feb-2010

ICICI Prudential Mutual Fund
101221;ICICI Prudential Money Market Fund Retail Growth (erstwhile Cash Option);INF109K01TW3;;149.8306;149.8306;149.8306;14-Feb-2010
103634;ICICI Prudential Money Market Fund Option - Daily IDCW;INF109K01TY9;;100.0100;100.0100;100.0100;14-Feb-2010
103633;ICICI Prudential Money Market Fund Option - Growth;INF109K01TX1;;128.4525;128.4525;128.4525;14-Feb-2010
103637;ICICI Prudential Money Market Fund Option - Monthly IDCW;INF109K01UC3;INF109K01UB5;100.4013;100.4013;100.4013;14-Feb-2010
103635;ICICI Prudential Money Market Fund Option - Weekly IDCW;INF109K01TZ6;;100.1011;100.1011;100.1011;14-Feb-2010
103636;ICICI Prudential Money Market Fund Option -Fortnightly IDCW;INF109K01UA7;;100.3800;100.3800;100.3800;14-Feb-2010

Kotak Mahindra Mutual Fund
106842;Kotak Money Market Fund - (Daily Reinvestment of Income Distribution cum capital withdrawal option);INF174K01ND0;;10.0614;10.0614;10.0614;14-Feb-2010
101893;Kotak Money Market Fund - (Growth);INF174K01NA6;;15.015;15.015;15.015;14-Feb-2010
101892;Kotak Money market Fund - (Monthly Payout of Income Distribution cum capital withdrawal option);INF174K018O0;INF174K01NB4;10.0358;10.0358;10.0358;14-Feb-2010
101894;Kotak Money Market Fund - (Weekly Reinvestment of Income Distribution cum capital withdrawal option);INF174K01NC2;;10.0319;10.0319;10.0319;14-Feb-2010

Nippon India Mutual Fund
103050;NIPPON INDIA MONEY MARKET FUND - DAILY IDCW Option;;INF204K01UY6;10.0031;10.0031;10.0031;14-Feb-2010
103052;NIPPON INDIA MONEY MARKET FUND - MONTHLY IDCW Option;INF204K01VB2;INF204K01VC0;13.7914;13.7914;13.7914;14-Feb-2010
112341;NIPPON INDIA MONEY MARKET FUND - QUARTERLY IDCW Option;INF204K01VD8;INF204K01VE6;13.7914;13.7914;13.7914;14-Feb-2010
103051;NIPPON INDIA MONEY MARKET FUND - WEEKLY IDCW Option;;INF204K01UZ3;10.0113;10.0113;10.0113;14-Feb-2010
103049;Nippon India Money Market Fund-Growth Plan-Bonus Option;INF204K01UX8;;13.7914;13.7914;13.7914;14-Feb-2010
103048;Nippon India Money Market Fund-Growth Plan-Growth Option;INF204K01VA4;;13.7914;13.7914;13.7914;14-Feb-2010

Tata Mutual Fund
101986;Tata Money Market Fund- Regular Plan - Daily Reinvestment of IDCW Option;;INF277K014C0;1114.5200;1114.5200;1114.5200;14-Feb-2010
101847;Tata Money Market Fund-Regular Plan - Growth Option;INF277K01LQ7;;1690.0079;1690.0079;1690.0079;14-Feb-2010

UTI Mutual Fund
112077;UTI MMF - Regular Plan - Growth Option;INF789F01PX8;;1025.9719;1025.9719;1025.9719;14-Feb-2010
100724;UTI MMF- Discontinued - Regular Plan - Flexi Dividend Option;;INF789F01BD0;1850.4695;1850.4695;1850.4695;14-Feb-2010
100725;UTI MMF- Discontinued - Regular Plan - Periodic Dividend Option;INF789F01BE8;;1840.4610;1840.4610;1840.4610;14-Feb-2010
100723;UTI MMF-Discontinued - Regular Plan -Growth;INF789F01BF5;;2559.3170;2559.3170;2559.3170;14-Feb-2010
112076;UTI Money Market Fund - Regular Plan - Daily IDCW (Reinvestment);;INF789F01PW0;1003.3854;1003.3854;1003.3854;14-Feb-2010

Open Ended Schemes ( Debt Scheme - Credit Risk Fund )


Principal Mutual Fund
102729;Principal Credit Risk Fund - Regular Plan - Growth Option;INF173K01DM4;;14.3411;14.3411;14.3411;14-Feb-2010
102726;Principal Floating Rate Fund - SMP-Daily Dividend;;;10.0007;10.0007;10.0007;14-Feb-2010
102725;Principal Floating Rate Fund - SMP-Growth;;;14.2494;14.2494;14.2494;14-Feb-2010
102730;Principal Floating Rate Fund - SMP-Insti. Daily Dividend;;;10.0007;10.0007;10.0007;14-Feb-2010
102731;Principal Floating Rate Fund - SMP-Insti. Weekly Dividend;;;10.0046;10.0046;10.0046;14-Feb-2010
102728;Principal Floating Rate Fund - SMP-Monthly Dividend;;;10.6311;10.6311;10.6311;14-Feb-2010
102727;Principal Floating Rate Fund - SMP-Weekly Dividend;;;10.0044;10.0044;10.0044;14-Feb-2010

Open Ended Schemes ( Debt Scheme - Floater Fund )


Franklin Templeton Mutual Fund
101048;Franklin India Floating Rate Fund - Growth Plan;INF090I01LM7;;15.8596;15.8596;15.8596;14-Feb-2010
101044;Franklin India Floating Rate Fund - IDCW ;INF090I01LN5;;10.0000;10.0000;10.0000;14-Feb-2010

Nippon India Mutual Fund
102676;NIPPON INDIA FLOATER FUND - DAILY IDCW REINVESTMENT Option;;INF204K01CI7;10.0697;10.0697;10.0697;14-Feb-2010
102673;Nippon India Floater Fund - Growth Plan-Growth Option;INF204K01CG1;;14.4154;14.4154;14.4154;14-Feb-2010
102675;NIPPON INDIA FLOATER FUND - MONTHLY IDCW Option;INF204K01CH9;INF204K01CK3;10.1362;10.1362;10.1362;14-Feb-2010
102677;NIPPON INDIA FLOATER FUND - WEEKLY IDCW Option;INF204K01OQ5;INF204K01CJ5;10.0915;10.0915;10.0915;14-Feb-2010

Close Ended Schemes ( Income )


SBI Mutual Fund
111829;SBI Debt Fund Series-13 Months-9(13/03/2009)-Institutional Dividend;;;10.2819;N.A.;N.A.;14-Feb-2010
111828;SBI Debt Fund Series-13 Months-9(13/03/2009)-Institutional Growth;;;10.6533;N.A.;N.A.;14-Feb-2010
111831;SBI Debt Fund Series-13 Months-9(13/03/2009)-Retail Dividend;;;10.1173;N.A.;N.A.;14-Feb-2010
111830;SBI Debt Fund Series-13 Months-9(13/03/2009)-Retail Growth;;;10.6615;N.A.;N.A.;14-Feb-2010
111889;REDEEMED-SBI Debt Fund Series - 13 Months - 10 (24/03/09) - Institutional Dividend;;;10.2490;N.A.;N.A.;14-Feb-2010
111890;REDEEMED-SBI Debt Fund Series - 13 Months - 10 (24/03/09) - Institutional Growth;;;10.6490;N.A.;N.A.;14-Feb-2010
111891;REDEEMED-SBI Debt Fund Series - 13 Months - 10 (24/03/09) - Retail Dividend;;;10.2323;N.A.;N.A.;14-Feb-2010
111892;REDEEMED-SBI Debt Fund Series - 13 Months - 10 (24/03/09) - Retail Growth;;;10.6371;N.A.;N.A.;14-Feb-2010
