Scheme Code;Scheme Name;ISIN Div Payout/ISIN Growth;ISIN Div Reinvestment;Net Asset Value;Repurchase Price;Sale Price;Date

Open Ended Schemes ( Income )


DBS Chola Mutual Fund
101958;DBS Chola Liquid Fund - Institutional Plus Weekly Dividend;;;11.9633;11.9633;11.9633;20-Apr-2008
103137;DBS Chola Short Term Floating Rate Fund-Cumulative;;;12.1636;12.1636;12.1636;20-Apr-2008
103134;DBS Chola Short Term Floating Rate Fund-Dividend-Daily;;;10.0164;10.0164;10.0164;20-Apr-2008
103136;DBS Chola Short Term Floating Rate Fund-Dividend-Monthly;;;10.3330;10.3330;10.3330;20-Apr-2008
103135;DBS Chola Short Term Floating Rate Fund-Dividend-Weekly;;;10.2562;10.2562;10.2562;20-Apr-2008

DSP Mutual Fund
103277;DSP Credit Risk Fund - Institutional Plan-Growth;INF740K01FN3;;1160.0079;1160.0079;1160.0079;20-Apr-2008

Standard Chartered Mutual Fund
102342;GCF-Plan C-Daily Dividend;;;10.0005;10.0005;10.0005;20-Apr-2008
102340;GCF-Plan C-Growth;;;0;0;0;20-Apr-2008
102343;GCF-Plan C-Monthly Dividend;;;0;0;0;20-Apr-2008
102341;GCF-Plan C-weekly Dividend;;;0;0;0;20-Apr-2008
101780;GCF Daily-Dividend(Institutional Plan);;;10.5816;10.5816;10.5816;20-Apr-2008
101760;GCF Dividend-Weekly(Institutional Plan);;;10.3027;10.3027;10.3027;20-Apr-2008
102348;GFRF-Plan C-Daily Dividend;;;10.0015;10.0015;10.0015;20-Apr-2008
102347;GFRF-Plan C-Growth;;;0;0;0;20-Apr-2008
102350;GFRF-Plan C-Monthly Divdend;;;0;0;0;20-Apr-2008
102349;GFRF-Plan C-Weekly Dividend;;;0;0;0;20-Apr-2008
101947;GFRF (Daily - Dividind);;;10.0699;10.0699;10.0699;20-Apr-2008
101948;GFRF (Dividend - Weekly);;;10.0703;10.0703;10.0703;20-Apr-2008
101773;GFRF - Growth(Institutional Plan);;;13.0214;13.0214;13.0214;20-Apr-2008
101774;GFRF Dividend-Daily (Institutional Plan);;;10.0703;10.0703;10.0703;20-Apr-2008
101776;GFRF Dividend-Monthly(Institutional Plan);;;0;0;0;20-Apr-2008
101775;GFRF Dividend-Weekly(Institutional Plan);;;10.0948;10.0948;10.0948;20-Apr-2008
101100;Grindlays Cash Fund-Dividend (Daily);;;10.5819;10.5819;10.5819;20-Apr-2008
101099;Grindlays Cash Fund-Growth;;;14.6687;14.6687;14.6687;20-Apr-2008
101319;Grindlays Cash Fund - Dividend (Weekly);;;10.1948;10.1948;10.1948;20-Apr-2008
101632;Grindlays Cash Fund - Plan B (D) (Institutional Plan);;;0;0;0;20-Apr-2008
101248;Grindlays Cash Fund - Plan B (G) (Institutional Plan);;;14.7453;14.7453;14.7453;20-Apr-2008

Open Ended Schemes ( Liquid )


Aditya Birla Sun Life Mutual Fund
101294;Birla Sun Life Cash Plus Sweep Plan-Dividend Option;;;10.0660;10.0660;10.0660;20-Apr-2008

DBS Chola Mutual Fund
100989;DBS Chola Liquid Fund-Cum -Institutional Plus;;;16.4741;16.4741;16.4741;20-Apr-2008
104329;DBS Chola Liquid Fund-Cum -Super Institutional;;; 11.2019 ; 11.2019 ; 11.2019 ;20-Apr-2008
100978;DBS Chola Liquid Fund-Daily Dividend Reinvestment Plan;;;10.0317;10.0317;10.0317;20-Apr-2008
100975;DBS Chola Liquid Fund-Regular Cumulative;;;16.3248;16.3248;16.3248;20-Apr-2008
101307;DBS Chola Liquid Fund - Regular Weekly Dividend;;;11.9974;11.9974;11.9974;20-Apr-2008

Deutsche Mutual Fund
105672;DWS INSTA CASH PLUS FUND - Regular Plan BONUS OPTION;INF223J01BH3;;10.1344;10.1344;10.1344;20-Apr-2008
106472;DWS Insta Cash Plus Fund - Weekly Dividend;INF223J01BT8;INF223J01BU6;10.0449;10.0449;10.0449;20-Apr-2008
106471;DWS Insta Cash Plus Fund -Growth;INF223J01BP6;;10.5248;10.5248;10.5248;20-Apr-2008
106467;DWS Insta Cash Plus Fund-Daily Dividend;;INF223J01BO9;10.0200;10.0200;10.0200;20-Apr-2008
101718;DWS Insta Cash Plus Fund-DIVIDEND-Daily Dividend;;INF223J01BI1;10.3010;10.3010;10.3010;20-Apr-2008
101717;DWS Insta Cash Plus Fund-DIVIDEND-MONTHLY DIVIDEND;INF223J01BK7;INF223J01BL5;10.5533;10.5533;10.5533;20-Apr-2008
101716;DWS Insta Cash Plus Fund-DIVIDEND-WEEKLY DIVIDEND;INF223J01BM3;INF223J01BN1;10.2708;10.2708;10.2708;20-Apr-2008
101719;DWS Insta Cash Plus Fund-Growth-GROWTH;INF223J01BJ9;;13.6516;13.6516;13.6516;20-Apr-2008
101722;DWS Insta Cash Plus Fund-Institutional Plan-Daily Dividend;;INF223J01BA8;10.0195;10.0195;10.0195;20-Apr-2008
101720;DWS Insta Cash Plus Fund-Institutional Plan-Dividend;INF223J01BE0;INF223J01BD2;10.0000;10.0000;10.0000;20-Apr-2008
101721;DWS Insta Cash Plus Fund-Institutional Plan-Growth;INF223J01BB6;;12.7911;12.7911;12.7911;20-Apr-2008
101723;DWS Insta Cash Plus Fund-Institutional Plan-Weekly Dividend;INF223J01BF7;INF223J01BG5;10.1787;10.1787;10.1787;20-Apr-2008

DSP Mutual Fund
106861;DSP BlackRock Cash Manager Fund - Institutional Plan - Daily Dividend Reinvest;;;1000.1000;1000.1000;1000.1000;20-Apr-2008
106863;DSP BlackRock Cash Manager Fund - Institutional Plan - Growth;;;1042.2492;1042.2492;1042.2492;20-Apr-2008
106862;DSP BlackRock Cash Manager Fund - Institutional Plan - Weekly Dividend Reinvest;;;1000.8626;1000.8626;1000.8626;20-Apr-2008
106859;DSP BlackRock Cash Manager Fund - Regular Plan - Growth;;;1041.9783;1041.9783;1041.9783;20-Apr-2008
106860;DSP BlackRock Cash Manager Fund - Regular Plan - Weekly Dividend Reinvest;;;1000.8585;1000.8585;1000.8585;20-Apr-2008

Fidelity Mutual Fund
104498;Fidelity Cash Fund - Institutional Plan - Daily Dividend Option;;INF677K01AQ1;10.0001;10.0001;10.0001;20-Apr-2008
104497;Fidelity Cash Fund - Institutional Plan - Growth Option;;;11.1341;11.1341;11.1341;20-Apr-2008
104548;Fidelity Cash Fund - Institutional Plan - Monthly Dividend Option;INF677K01AS7;INF677K01AT5;10.0582;10.0582;10.0582;20-Apr-2008
104546;Fidelity Cash Fund - Institutional Plan - Weekly Dividend Option;;INF677K01AR9;10.0208;10.0208;10.0208;20-Apr-2008
104495;Fidelity Cash Fund - Retail Plan - Daily Dividend option;;INF677K01AL2;10.0001;10.0001;10.0001;20-Apr-2008
104493;Fidelity Cash Fund - Retail Plan - Growth option;;;11.0737;11.0737;11.0737;20-Apr-2008
104547;Fidelity Cash Fund - Retail Plan - Monthly Dividend Option;;;10.0551;10.0551;10.0551;20-Apr-2008
104549;Fidelity Cash Fund - Retail Plan - Weekly Dividend Option;;INF677K01AM0;10.0143;10.0143;10.0143;20-Apr-2008
104494;Fidelity Cash Fund - Super Institutional Plan - Daily Dividend Option;;INF677K01AV1;10.0009;10.0009;10.0009;20-Apr-2008
104496;Fidelity Cash Fund - Super Institutional Plan - Growth Option;INF677K01AU3;;11.1535;11.1535;11.1535;20-Apr-2008
104551;Fidelity Cash Fund - Super Institutional Plan - Monthly Dividend Option;INF677K01AX7;INF677K01AY5;10.0000;10.0000;10.0000;20-Apr-2008
104550;Fidelity Cash Fund - Super Institutional Plan - Weekly Dividend Option;;INF677K01AW9;10.0000;10.0000;10.0000;20-Apr-2008

ING Mutual Fund
106913;ING High Yield Liquidity Fund - Institutional Growth Option;;;10.0000;10.0000;10.0000;20-Apr-2008
106914;ING High Yield Liquidity Fund - Institutional Quarterly Dividend Option;;;10.0000;10.0000;10.0000;20-Apr-2008
106904;ING High Yield Liquidity Fund - Regular Daily Dividend Option;;;10.1386;10.1386;10.1386;20-Apr-2008
106912;ING High Yield Liquidity Fund- Institutional Bonus Option;;;10.0000;10.0000;10.0000;20-Apr-2008
106909;ING High Yield Liquidity Fund- Institutional Daily Dividend Option;;;10.0000;10.0000;10.0000;20-Apr-2008
106911;ING High Yield Liquidity Fund- Institutional Monthly Dividend Option;;;10.0000;10.0000;10.0000;20-Apr-2008
106910;ING High Yield Liquidity Fund- Institutional Weekly Dividend Option;;;10.0000;10.0000;10.0000;20-Apr-2008
106908;ING High Yield Liquidity Fund- Regular Bonus Option;;;10.0000;10.0000;10.0000;20-Apr-2008
106903;ING High Yield Liquidity Fund- Regular Growth Option;;;10.2384;10.2384;10.2384;20-Apr-2008
106907;ING High Yield Liquidity Fund- Regular Monthly Dividend Option;;;10.1958;10.1958;10.1958;20-Apr-2008
106906;ING High Yield Liquidity Fund- Regular Quarterly Dividend Option;;;10.0000;10.0000;10.0000;20-Apr-2008
106905;ING High Yield Liquidity Fund- Regular Weekly Dividend Option;;;10.1019;10.1019;10.1019;20-Apr-2008
100194;ING Liquid Fund-Auto Sweep Growth Option;;;10.0000;10.0000;10.0000;20-Apr-2008
100195;ING Liquid Fund-Auto Sweep Weekly Dividend Option;;;10.0000;10.0000;10.0000;20-Apr-2008
100198;ING Liquid Fund-Institutional Daily Dividend Option;INF084M01473;;10.0121;10.0121;10.0121;20-Apr-2008
100196;ING Liquid Fund-Institutional Growth Option;INF084M01465;;12.7805;12.7805;12.7805;20-Apr-2008
100197;ING Liquid Fund-Institutional Weekly Dividend Option;INF084M01499;INF084M01481;10.0651;10.0651;10.0651;20-Apr-2008
100192;ING Liquid Fund-Regular Daily Dividend Option;INF084M01432;;10.7873;10.7873;10.7873;20-Apr-2008
100190;ING Liquid Fund-Regular Growth Option;INF084M01424;;17.1609;17.1609;17.1609;20-Apr-2008
100191;ING Liquid Fund-Regular Weekly Dividend Option;INF084M01457;INF084M01440;10.8359;10.8359;10.8359;20-Apr-2008
100200;ING Liquid Fund-Super Institutional Daily Dividend Option;INF084M01515;;10.0048;10.0048;10.0048;20-Apr-2008
100199;ING Liquid Fund-Super Institutional Growth Option;INF084M01507;;12.1177;12.1177;12.1177;20-Apr-2008
100201;ING Liquid Fund-Super Institutional Weekly Dividend Option;INF084M01531;INF084M01523;10.0131;10.0131;10.0131;20-Apr-2008
102802;ING Treasury Management Fund-Annual Dividend Option;;;10.3802;10.3802;10.3802;20-Apr-2008
102803;ING Treasury Management Fund-Bonus Option;;;12.5651;12.5651;12.5651;20-Apr-2008
102804;ING Treasury Management Fund-Daily Dividend Option;;;10.3588;10.3588;10.3588;20-Apr-2008
102798;ING Treasury Management Fund-Growth Option;;;12.5651;12.5651;12.5651;20-Apr-2008
102801;ING Treasury Management Fund-Half Yearly Dividend Option;;;10.3572;10.3572;10.3572;20-Apr-2008
102800;ING Treasury Management Fund-Quarterly Dividend Option;;;10.3843;10.3843;10.3843;20-Apr-2008
102799;ING Treasury Management Fund-Weekly Dividend Option;;;10.7868;10.7868;10.7868;20-Apr-2008

Invesco Mutual Fund
106502;Religare Invesco Overnight Fund - Daily Dividend Reinvestment;;INF205K01HS2;10.0000;10.0000;10.0000;20-Apr-2008
106501;Religare Invesco Overnight Fund - Growth;INF205K01HR4;;10.4170;10.4170;10.4170;20-Apr-2008

JM Financial Mutual Fund
101420;JM Floater Short Term Fund - Daily Dividend Option;;INF192K01767;10.0883;10.0883;10.0883;20-Apr-2008
101421;JM Floater Short Term Fund - Growth Option;INF192K01775;;13.2952;13.2952;13.2952;20-Apr-2008

JPMorgan Mutual Fund
106562;JPMorgan India Liquid Fund - Retail Plan - Daily Dividend Option;;INF843K01203;10.0079;10.0079;10.0079;20-Apr-2008
106561;JPMorgan India Liquid Fund - Retail Plan - Growth Option;INF843K01195;;10.4635;10.4635;10.4635;20-Apr-2008

Mirae Asset Mutual Fund
107657;Mirae Asset Liquid Fund- Institutional Plan - Daily Dividend;;INF769K01671;1000.7145;1000.7145;1000.7145;20-Apr-2008
107659;Mirae Asset Liquid Fund- Institutional Plan - Growth;INF769K01648;;1011.2341;1011.2341;1011.2341;20-Apr-2008
107658;Mirae Asset Liquid Fund- Institutional Plan - Weekly Dividend;;INF769K01689;1000.8060;1000.8060;1000.8060;20-Apr-2008
107660;Mirae Asset Liquid Fund- Regular Plan - Bonus;INF769K01580;;1004.4643;1004.4643;1004.4643;20-Apr-2008
107646;Mirae Asset Liquid Fund- Regular Plan - Daily Dividend;;INF769K01606;1000.7145;1000.7145;1000.7145;20-Apr-2008
107648;Mirae Asset Liquid Fund- Regular Plan - Growth;INF769K01572;;1010.8387;1010.8387;1010.8387;20-Apr-2008
107649;Mirae Asset Liquid Fund- Regular Plan - Monthly Dividend;INF769K01630;INF769K01622;1010.8540;1010.8540;1010.8540;20-Apr-2008
107647;Mirae Asset Liquid Fund- Regular Plan - Weekly Dividend;;INF769K01614;1000.7718;1000.7718;1000.7718;20-Apr-2008
107673;Mirae Asset Liquid Fund- Super Institutional Plan - Daily Dividend;;INF769K01747;1000.7145;1000.7145;1000.7145;20-Apr-2008
107672;Mirae Asset Liquid Fund- Super Institutional Plan - Growth;INF769K01713;;1011.4453;1011.4453;1011.4453;20-Apr-2008
107675;Mirae Asset Liquid Fund- Super Institutional Plan - Weekly Dividend;;INF769K01754;1000.8216;1000.8216;1000.8216;20-Apr-2008

PineBridge Mutual Fund
106513;PineBridge India Liquid Fund- Standard Plan-Daily Dividend Option;;INF178L01699;1000.8141;1000.8141;1000.8141;20-Apr-2008
106508;PineBridge India Liquid Fund- Standard Plan-Growth Option;INF178L01715;;1047.9614;1047.9614;1047.9614;20-Apr-2008
106509;PineBridge India Liquid Fund- Standard Plan-Weekly Dividend Option;;INF178L01764;1002.1045;1002.1045;1002.1045;20-Apr-2008
106506;PineBridge India Liquid Fund-Institutional Plan-Daily Dividend Option;;INF178L01616;1000.8059;1000.8059;1000.8059;20-Apr-2008
106511;PineBridge India Liquid Fund-Institutional Plan-Growth Option;INF178L01632;;1047.3508;1047.3508;1047.3508;20-Apr-2008
106507;PineBridge India Liquid Fund-Institutional Plan-Weekly Dividend Option;;INF178L01681;1002.0906;1002.0906;1002.0906;20-Apr-2008
106503;PineBridge India Liquid Fund-Retail Plan-DailyDividend Option;;INF178L01533;1000.7810;1000.7810;1000.7810;20-Apr-2008
106514;PineBridge India Liquid Fund-Retail Plan-Growth Option;INF178L01558;;1045.3671;1045.3671;1045.3671;20-Apr-2008
106504;PineBridge India Liquid Fund-Retail Plan-Monthly Dividend Option;INF178L01566;INF178L01574;1006.2900;1006.2900;1006.2900;20-Apr-2008
106510;PineBridge India Liquid Fund-Retail Plan-Weekly Dividend Option;;INF178L01608;1002.0494;1002.0494;1002.0494;20-Apr-2008

Sahara Mutual Fund
101397;Sahara Liquid Fund-Fixed Pricing -  Weekly Dividend Option;;INF515L01064;1026.2355;1026.2355;1026.2355;20-Apr-2008
101393;Sahara Liquid Fund-Fixed Pricing - Daily Dividend Option;;INF515L01049;1024.9045;1024.9045;1024.9045;20-Apr-2008
101394;Sahara Liquid Fund-Fixed Pricing - Growth option;INF515L01056;;1455.4636;1455.4636;1455.4636;20-Apr-2008
101398;Sahara Liquid Fund-Fixed Pricing - Monthly Dividend Option;;INF515L01072;1029.7616;1029.7616;1029.7616;20-Apr-2008
101399;Sahara Liquid Fund-Variable Pricing - Daily Dividend option;;INF515L01080;1024.9262;1024.9262;1024.9262;20-Apr-2008
101402;Sahara Liquid Fund-Variable Pricing - Growth option;INF515L01114;;1463.0425;1463.0425;1463.0425;20-Apr-2008
101400;Sahara Liquid Fund-Variable Pricing - Weekly Dividend Option;;INF515L01098;1025.3893;1025.3893;1025.3893;20-Apr-2008
101401;Sahara Liquid Fund-Variable Pricing- Monthly Dividend Option;;INF515L01106;1030.1978;1030.1978;1030.1978;20-Apr-2008

Standard Chartered Mutual Fund
103525;Standard Chartered Liquidity Manager (SCLM)-A-Dividend Daily;;;10.0125;10.0125;10.0125;20-Apr-2008
103527;Standard Chartered Liquidity Manager (SCLM)-A-Dividend Monthly;;;10.0310;10.0310;10.0310;20-Apr-2008
103526;Standard Chartered Liquidity Manager (SCLM)-A-Dividend Weekly;;;10.0052;10.0052;10.0052;20-Apr-2008
103524;Standard Chartered Liquidity Manager (SCLM)-A-Growth;;;11.4423;11.4423;11.4423;20-Apr-2008
103598;Standard Chartered Liquidity Manager Plus-A-Dividend Daily;;;1000.2100;1000.2100;1000.2100;20-Apr-2008
103600;Standard Chartered Liquidity Manager Plus-A-Dividend Monthly;;;1004.6383;1004.6383;1004.6383;20-Apr-2008
103599;Standard Chartered Liquidity Manager Plus-A-Dividend Weekly;;;1000.6200;1000.6200;1000.6200;20-Apr-2008
103597;Standard Chartered Liquidity Manager Plus-A-Growth;;;1163.2665;1163.2665;1163.2665;20-Apr-2008

Tata Mutual Fund
101987;Tata Liquid Fund Reglar Plan - Monthly Dividend;INF277K01LR5;INF277K01LS3;1154.2942;1154.2942;1154.2942;20-Apr-2008
101861;Tata Liquid Fund-Regular Plan  - Weekly Dividend;INF277K016C5;;1151.7852;1151.7852;1151.7852;20-Apr-2008
101984;Tata Liquid High Investment Plan - Daily;;;1114.3379;1114.3379;1114.3379;20-Apr-2008
101860;Tata Liquid High Investment Plan - Growth;INF277K01LN4;;1357.3645;1357.3645;1357.3645;20-Apr-2008
101985;Tata Liquid High Investment Plan - Monthly;INF277K01LO2;INF277K01LP9;1024.0718;1024.0718;1024.0718;20-Apr-2008
101859;Tata Liquid High Investment Plan - Weekly;;;1147.7649;1147.7649;1147.7649;20-Apr-2008
101982;Tata Liquid Retail Investment PLan - Daily;;;1116.8143;1116.8143;1116.8143;20-Apr-2008
101983;Tata Liquid Retail Investment Plan - Fortnightly;;;1146.2023;1146.2023;1146.2023;20-Apr-2008
101858;Tata Liquid Retail Investment Plan - Growth;INF277K01LM6;;1881.2454;1881.2454;1881.2454;20-Apr-2008
103631;Tata Liquidity Management Fund - Regular Plan - Daily Dividend;;;1002.6089;1002.6089;1002.6089;20-Apr-2008
103632;Tata Liquidity Management Fund - Regular Plan - Growth;INF277K01LW5;;1159.4403;1159.4403;1159.4403;20-Apr-2008
103519;Tata Liquidity Management Fund - Regular Plan  -Weekly Dividend;;;1006.2860;1006.2860;1006.2860;20-Apr-2008

Open Ended Schemes ( Money Market )


Franklin Templeton Mutual Fund
100561;Templeton India Money Market Account - Bonus Plan;;;1.0000;1.0000;1.0000;20-Apr-2008
104554;Templeton India Money Market Account - Dividend Plan;;;1.0000;1.0000;1.0000;20-Apr-2008

Tata Mutual Fund
102152;Tata Money Market Fund Regular (Bonus / Dividend);;;10.1612;10.1612;10.1612;20-Apr-2008
102153;Tata Money Market Fund Regular (Growth);INF277K01LY1;;13.0691;13.0691;13.0691;20-Apr-2008

Open Ended Schemes ( Floating Rate )


HSBC Mutual Fund
102836;HSBC Floating Rate Fund - Short Term - Inst. - Dividend - Daily;;;10.0598;10.0598;10.0598;20-Apr-2008
102838;HSBC Floating Rate Fund - Short Term - Inst. - Dividend - Monthly;;;10.1141;10.1141;10.1141;20-Apr-2008
102837;HSBC Floating Rate Fund - Short Term - Inst. - Dividend - Weekly;;;10.0659;10.0659;10.0659;20-Apr-2008
102835;HSBC Floating Rate Fund - Short Term - Inst. - Growth;;;12.5757;12.5757;12.5757;20-Apr-2008
102840;HSBC Floating Rate Fund - Short Term - Inst. Plus - Dividend - Daily;;;10.0262;10.0262;10.0262;20-Apr-2008
102842;HSBC Floating Rate Fund - Short Term - Inst. Plus - Dividend - Monthly;;;0.0000;0.0000;0.0000;20-Apr-2008
102841;HSBC Floating Rate Fund - Short Term - Inst. Plus - Dividend - Weekly;;;10.0109;10.0109;10.0109;20-Apr-2008
102839;HSBC Floating Rate Fund - Short Term - Inst. Plus - Growth;;;10.6694;10.6694;10.6694;20-Apr-2008
102833;HSBC Floating Rate Fund - Short Term - Regular - Dividend - Daily;;;10.0000;10.0000;10.0000;20-Apr-2008
102834;HSBC Floating Rate Fund - Short Term - Regular - Dividend - Weekly;;;10.0070;10.0070;10.0070;20-Apr-2008
102832;HSBC Floating Rate Fund - Short Term - Regular - Growth;;;12.4814;12.4814;12.4814;20-Apr-2008

Standard Chartered Mutual Fund
101630;Grindlays Floating Rate Fund - Growth;;;13.1851;13.1851;13.1851;20-Apr-2008
101631;Grindlays Floating Rate Fund- Dividend Monthly;;;10.0615;10.0615;10.0615;20-Apr-2008

Open Ended Schemes ( Fund of Funds - Domestic )


Fidelity Mutual Fund
103419;Fidelity MultiManager Cash Fund-Dividend Re-investment Option;;;10.0127;10.0127;10.0127;20-Apr-2008
103418;Fidelity MultiManager Cash Fund-Growth Option;;;11.7309;11.7309;11.7309;20-Apr-2008

Open Ended Schemes ( Debt Scheme - Overnight Fund )


HDFC Mutual Fund
101996;HDFC Overnight Fund - Growth Option;INF179KB1HS3;;13.8861;13.8861;13.8861;20-Apr-2008
101997;HDFC Overnight Fund - IDCW Option (Daily);;INF179KB1IF8;10.4266;10.4266;10.4266;20-Apr-2008

SBI Mutual Fund
101206;SBI OVERNIGHT FUND - REGULAR PLAN - GROWTH;INF200K01LQ9;;14.0534;14.0534;14.0534;20-Apr-2008
103140;SBI Overnight Fund - Regular Plan - Weekly Income Distribution cum Capital Withdrawal Option (IDCW);INF200K01LO4;INF200K01LP1;10.2777;10.2777;10.2777;20-Apr-2008

Open Ended Schemes ( Debt Scheme - Liquid Fund )


Aditya Birla Sun Life Mutual Fund
100049;Aditya Birla Sun Life Cash Plus-Institutional - Fortnightly Dividend;;;10.8426;10.8426;10.8426;20-Apr-2008
100052;Aditya Birla Sun Life Cash Plus-Institutional Premium - Fortnightly Dividend;;;10.0092;10.0092;10.0092;20-Apr-2008
100053;Aditya Birla Sun Life Cash Plus-Institutional Premium Plan-Monthly Dividend;;;10.0463;10.0463;10.0463;20-Apr-2008
100047;Aditya Birla Sun Life Liquid Fund - Growth;INF209K01RU9;;12.9766;12.9766;12.9766;20-Apr-2008
100046;Aditya Birla Sun Life Liquid Fund -Daily IDCW;INF209K01KQ2;INF209K01SQ5;10.0195;10.0195;10.0195;20-Apr-2008
100041;Aditya Birla Sun Life Liquid Fund -Institutional - IDCW;;INF209K01KN9;10.8023;10.8023;10.8023;20-Apr-2008
100048;Aditya Birla Sun Life Liquid Fund -Institutional - weekly  IDCW;INF209KA1LK7;INF209K01KY6;10.8141;10.8141;10.8141;20-Apr-2008
100044;Aditya Birla Sun Life Liquid Fund -Retail - IDCW;;INF209K01KP4;16.3694;16.3694;16.3694;20-Apr-2008
100051;Aditya Birla Sun Life Liquid Fund -weekly IDCW;INF209K01KU4;INF209KA1LJ9;10.0295;10.0295;10.0295;20-Apr-2008
100043;Aditya Birla Sun Life Liquid Fund-Institutional (Growth);INF209K01RT1;;22.0426;22.0426;22.0426;20-Apr-2008
100042;Aditya Birla Sun Life Liquid Fund-Retail (Growth);INF209K01ME4;;21.8642;21.8642;21.8642;20-Apr-2008

Baroda BNP Paribas Mutual Fund
101408;Baroda BNP Paribas LIQUID FUND- Defunct Plan -Growth Option;INF955L01575;;14.3683;14.3683;14.3683;20-Apr-2008
101407;Baroda BNP Paribas LIQUID FUND-Defunct Plan- IDCW Option;INF955L01559;INF955L01567;12.3170;12.3170;12.3170;20-Apr-2008

Canara Robeco Mutual Fund
101363;Canara Robeco Liquid Fund- INSTITUTIONAL-Daily Dividend Reinvestment;;INF760K01CC1;10.0410;10.0410;10.0410;20-Apr-2008
101362;Canara Robeco Liquid Fund- INSTITUTIONAL-Growth;INF760K01CD9;;14.8358;14.8358;14.8358;20-Apr-2008
101361;Canara Robeco Liquid Fund- INSTITUTIONAL-Weekly dividend;;INF760K01CE7;10.0410;10.0410;10.0410;20-Apr-2008
101364;Canara Robeco Liquid Fund-Retail-DRI;;INF760K01CF4;10.0410;10.0410;10.0410;20-Apr-2008
101365;Canara Robeco Liquid Fund-Retail-Growth;INF760K01CH0;;14.8188;14.8188;14.8188;20-Apr-2008

DSP Mutual Fund
103347;DSP Liquidity Fund - Regular Plan - Growth;INF740K01FK9;;1176.7069;1176.7069;1176.7069;20-Apr-2008
103348;DSP Liquidity Fund - Regular Plan - IDCW - Weekly;INF740K01FM5;INF740K01FL7;1000.8861;1000.8861;1000.8861;20-Apr-2008
103349;DSP Liquidity Fund- Regular Plan - IDCW - Daily;;INF740KA1OE0;1000.2000;1000.2000;1000.2000;20-Apr-2008
100943;DSP BlackRock Liquidity Fund - Regular Plan - Daily Dividend;;;10.0100;10.0100;10.0100;20-Apr-2008
100940;DSP BlackRock Liquidity Fund - Regular Plan - Growth;INF740K01CN0;;19.6450;19.6450;19.6450;20-Apr-2008
100941;DSP BlackRock Liquidity Fund - Regular Plan Weekly Dividend;;;12.4083;12.4083;12.4083;20-Apr-2008

Franklin Templeton Mutual Fund
100543;Franklin India Liquid Fund - Liquid Plan - Daily IDCW;;;1000.3821;1000.3821;1000.3821;20-Apr-2008
100544;Franklin India Liquid Fund - Liquid Plan - Growth;;;1236.5157;1236.5157;1236.5157;20-Apr-2008
100542;Franklin India Liquid Fund - Liquid Plan - Weekly Dividend;;;1000.5749;1000.5749;1000.5749;20-Apr-2008
100541;Franklin India Liquid Fund - Regular Plan - Daily - IDCW;;INF090I01BA3;1512.3400;1512.3400;1512.3400;20-Apr-2008
100538;Franklin India Liquid Fund - Regular Plan - Growth;INF090I01BB1;;2015.7753;2015.7753;2015.7753;20-Apr-2008
100537;Franklin India Liquid Fund - Regular Plan - Weekly - IDCW;INF090I01BL0;INF090I01BI6;1244.3238;1244.3238;1244.3238;20-Apr-2008
100547;Franklin India Liquid Fund - Super Institutional Plan - Daily - IDCW;;INF090I01BF2;1000.3821;1000.3821;1000.3821;20-Apr-2008
100546;Franklin India Liquid Fund - Super Institutional Plan - Growth;INF090I01BG0;;1204.8752;1204.8752;1204.8752;20-Apr-2008
100548;Franklin India Liquid Fund - Super Institutional Plan - Weekly - IDCW;INF090I01BM8;INF090I01BH8;1016.1409;1016.1409;1016.1409;20-Apr-2008
102441;Franklin India Liquid Fund - Institution-Growth;INF090I01BD7;;1271.7682;1271.7682;1271.7682;20-Apr-2008
102443;Franklin India Liquid Fund - Institutional Plan - Daily - IDCW;;INF090I01BC9;1000.3821;1000.3821;1000.3821;20-Apr-2008
102442;Franklin India Liquid Fund - Institutional Plan - Weekly - IDCW;INF090I01BJ4;INF090I01BE5;1003.4838;1003.4838;1003.4838;20-Apr-2008

HDFC Mutual Fund
100868;HDFC Liquid Fund - Growth Plan;INF179KB1HK0;;16.1587;16.1587;16.1587;20-Apr-2008
100875;HDFC Liquid Fund - IDCW Daily;;INF179KB1IC5;10.1982;10.1982;10.1982;20-Apr-2008
100876;HDFC Liquid Fund - IDCW Monthly;INF179KB1HM6;INF179KB1HL8;10.309;10.309;10.309;20-Apr-2008
100874;HDFC Liquid Fund - IDCW Plan Weekly;INF179KB1ID3;;10.3218;10.3218;10.3218;20-Apr-2008
100877;HDFC Liquid Fund-Premium Plan - Dividend-Daily;;INF179K01KN4;12.2598;12.2598;12.2598;20-Apr-2008
100881;HDFC Liquid Fund-Premium Plus Plan - Dividend-Weekly;INF179K01KS3;;12.4317;12.4317;12.4317;20-Apr-2008
100872;HDFC Liquid Fund-PREMIUM PLUS- Growth;INF179K01KQ7;;16.3125;16.3125;16.3125;20-Apr-2008
100873;HDFC Liquid Fund-PREMIUM- Growth;INF179KB1HN4;;16.278;16.278;16.278;20-Apr-2008

HSBC Mutual Fund
101700;HSBC Cash Fund - Dividend - Daily;;INF336L01321;10.0056;10.0056;10.0056;20-Apr-2008
101702;HSBC Cash Fund - Dividend - Monthly;INF336L01305;INF336L01297;10.0612;10.0612;10.0612;20-Apr-2008
101701;HSBC Cash Fund - Dividend - Weekly;;INF336L01347;10.0466;10.0466;10.0466;20-Apr-2008
101692;HSBC Cash Fund - Inst. - Dividend - Daily;;INF336L01354;10.4401;10.4401;10.4401;20-Apr-2008
101694;HSBC Cash Fund - Inst. - Dividend - Monthly;INF336L01370;INF336L01362;10.5067;10.5067;10.5067;20-Apr-2008
101693;HSBC Cash Fund - Inst. - Dividend - Weekly;;INF336L01388;10.4560;10.4560;10.4560;20-Apr-2008
101691;HSBC Cash Fund - Inst. - Growth;INF336L01289;;13.7151;13.7151;13.7151;20-Apr-2008
101697;HSBC Cash Fund - Regular - Dividend - Daily;;INF336L01263;10.1930;10.1930;10.1930;20-Apr-2008
101698;HSBC Cash Fund - Regular - Dividend - Weekly;;INF336L01313;10.0101;10.0101;10.0101;20-Apr-2008
101696;HSBC Liquid Fund - Growth closed plan;INF336L01271;;13.6505;13.6505;13.6505;20-Apr-2008
101699;HSBC Liquid Fund Closed;INF336L01339;;12.8291;12.8291;12.8291;20-Apr-2008

ICICI Prudential Mutual Fund
100357;ICICI Prudential Liquid Fund -Quarterly IDCW;INF109K01UU5;INF109K01UT7;10.0512;10.0512;10.0512;20-Apr-2008
100361;ICICI Prudential Liquid Fund-Dividend-Institutional Plus - Monthly;;INF109K01VL2;11.9660;11.9660;11.9660;20-Apr-2008
100359;ICICI Prudential Liquid Institutional Plus Fund - Div - Daily;INF109K01VJ6;;11.8515;11.8515;11.8515;20-Apr-2008
100360;ICICI Prudential Liquid Institutional Plus Fund - Div - Weekly;INF109K01VM0;;11.8696;11.8696;11.8696;20-Apr-2008
100362;ICICI Prudential Liquid Institutional Plus Fund - Growth;INF109K01VK4;;20.2401;20.2401;20.2401;20-Apr-2008
103343;ICICI Prudential Liquid Fund - Daily IDCW;INF109K01VP3;;10.0005;10.0005;10.0005;20-Apr-2008
103340;ICICI Prudential Liquid Fund - Growth;INF109K01VQ1;;11.9720;11.9720;11.9720;20-Apr-2008
104308;ICICI Prudential Liquid Fund - Half Yearly IDCW;INF109K01UX9;INF109K01UW1;10.0506;10.0506;10.0506;20-Apr-2008
103344;ICICI Prudential Liquid Fund - Institutional Option - I;INF109K01VH0;;11.7250;11.7250;11.7250;20-Apr-2008
103342;ICICI Prudential Liquid Fund - Weekly IDCW;INF109K01VS7;;10.0163;10.0163;10.0163;20-Apr-2008
103341;ICICI Prudential Liquid Fund -Monthly IDCW;INF109K01VR9;;10.0484;10.0484;10.0484;20-Apr-2008
101748;ICICI Prudential Liquid Fund - Institutional - Daily - Div;INF109K01VE7;;11.8502;11.8502;11.8502;20-Apr-2008
101749;ICICI Prudential Liquid Fund - Institutional - Monthly - Div;;INF109K01VG2;10.0474;10.0474;10.0474;20-Apr-2008
101753;ICICI Prudential Liquid Fund - Institutional - Weekly - Div;INF109K01VI8;;11.8567;11.8567;11.8567;20-Apr-2008
101754;ICICI Prudential Liquid Fund Retail Daily Dividend;INF109K01UR1;;11.8514;11.8514;11.8514;20-Apr-2008
101750;ICICI Prudential Liquid Fund Retail Growth;INF109K01UQ3;;19.8975;19.8975;19.8975;20-Apr-2008
101755;ICICI Prudential Liquid Fund Retail Monthly Dividend;INF109K01US9;;11.8842;11.8842;11.8842;20-Apr-2008
101752;ICICI Prudential Liquid Fund Retail Weekly Dividend;INF109K01UV3;;11.8457;11.8457;11.8457;20-Apr-2008
101751;ICICI Prudential Liquid Institutional Fund - Growth;INF109K01VF4;;20.1472;20.1472;20.1472;20-Apr-2008

Invesco Mutual Fund
104484;Invesco India Liquid Fund - Daily IDCW (Reinvestment);;INF205K01HN3;10.0025;10.0025;10.0025;20-Apr-2008
104486;Invesco India Liquid Fund - Growth;INF205K01HM5;;11.1631;11.1631;11.1631;20-Apr-2008
104492;Invesco India Liquid Fund - Monthly IDCW (Payout / Reinvestment);INF205K01HQ6;INF205K01HP8;10.0450;10.0450;10.0450;20-Apr-2008
104488;Invesco India Liquid Fund - Regular - Growth;INF205K01HG7;;11.1057;11.1057;11.1057;20-Apr-2008
104489;Invesco India Liquid Fund - Regular - Weekly IDCW (Reinvestment);;INF205K01HH5;10.0111;10.0111;10.0111;20-Apr-2008
104485;Invesco India Liquid Fund - Weekly IDCW (Reinvestment);INF205KA1BD7;INF205K01HO1;10.0115;10.0115;10.0115;20-Apr-2008
104483;Religare Invesco Liquid Fund - Institutional - Daily Dividend;;INF205K01HJ1;10.0025;10.0025;10.0025;20-Apr-2008
104491;Religare Invesco Liquid Fund - Institutional - Growth;INF205K01HI3;;11.1513;11.1513;11.1513;20-Apr-2008
104490;Religare Invesco Liquid Fund - Institutional - Weekly Dividend;;INF205K01HK9;10.0113;10.0113;10.0113;20-Apr-2008

JM Financial Mutual Fund
100241;JM High Liquidity Fund-- Institutional Plan - Dividend;INF192K01924;INF192K01932;10.2905;10.2905;10.2905;20-Apr-2008
100237;JM High Liquidity Fund-- Institutional Plan - Growth;INF192K01940;;13.4057;13.4057;13.4057;20-Apr-2008
100243;JM High Liquidity Fund-- Premium Plan - Daily Dividend Option;;;10.0000;10.0000;10.0000;20-Apr-2008
100238;JM High Liquidity Fund-Institutional Plan - Daily Dividend;;INF192K01916;10.0159;10.0159;10.0159;20-Apr-2008
100245;JM High Liquidity Fund-Super Institutional Plan- Daily Dividend;;INF192K01957;10.0165;10.0165;10.0165;20-Apr-2008
100246;JM High Liquidity Fund-Super Institutional Plan- Weekly  Dividend;INF192K01965;INF192K01973;10.0131;10.0131;10.0131;20-Apr-2008
100244;JM Liquid Fund (Regular) - Quarterly IDCW;INF192K01866;INF192K01874;12.7934;12.7934;12.7934;20-Apr-2008
100247;JM Liquid Fund (Regular) - Super Institutional Plan - Growth Option;INF192K01981;;12.7474;12.7474;12.7474;20-Apr-2008
100233;JM Liquid Fund (Regular) - Weekly IDCW;INF192K01841;INF192K01858;10.5289;10.5289;10.5289;20-Apr-2008
100234;JM Liquid Fund - Growth Option;INF192K01882;;22.2211;22.2211;22.2211;20-Apr-2008
101549;JM Liquid Fund (Regular) - Bonus Option - Principal Units;INF192K01890;;11.6692;11.6692;11.6692;20-Apr-2008
101078;JM Liquid Fund (Regular) - Daily IDCW;;INF192K01833;10.4302;10.4302;10.4302;20-Apr-2008

Kotak Mahindra Mutual Fund
100833;Kotak Liquid Fund - Regular  - Daily Reinvestment of Income Distribution cum capital withdrawal option;;INF174K01NL3;12.2281;12.2281;12.2281;20-Apr-2008
100835;Kotak Liquid Fund - Regular Plan - Growth;INF174K01NI9;;16.4367;16.4367;16.4367;20-Apr-2008
100831;Kotak Liquid Fund -Institutional Plan - (Daily Dividend);;INF174K01GA0;12.2281;12.2281;12.2281;20-Apr-2008
100834;Kotak Liquid Fund Regular Plan Weekly Reinvestment of Income Distribution cum capital withdrawal option Dividend;INF174K01NK5;;10.0465;10.0465;10.0465;20-Apr-2008
100830;Kotak Liquid-Institutional Plan  (Growth);INF174K01FZ9;;16.2418;16.2418;16.2418;20-Apr-2008
100832;Kotak Liquid-Institutional Plan (Weekly Dividend);;INF174K01GB8;10.033;10.033;10.033;20-Apr-2008
100828;Kotak Liquid-Regular (Dividend);;INF174K01FY2;10.0319;10.0319;10.0319;20-Apr-2008
100829;Kotak Liquid-Regular (Growth);INF174K01NM1;;15.9492;15.9492;15.9492;20-Apr-2008

Nippon India Mutual Fund
100852;NIPPON INDIA LIQUID FUND - DAILY IDCW OPTION;;INF204K01UM1;15.2872;15.2872;15.2872;20-Apr-2008
100837;Nippon India Liquid Fund - Retail Option - Growth Plan;INF204K01UL3;;19.5401;19.5401;19.5401;20-Apr-2008
100842;NIPPON INDIA LIQUID FUND - RETAIL Plan - DAILY IDCW OPTION;;INF204K01UJ7;15.2426;15.2426;15.2426;20-Apr-2008
100843;NIPPON INDIA LIQUID FUND - RETAIL plan - MONTHLY IDCW OPTION;INF204K01UT6;INF204K01UU4;12.2563;12.2563;12.2563;20-Apr-2008
100844;NIPPON INDIA LIQUID FUND - RETAIL Plan - QUARTERLY IDCW OPTION;INF204K01UV2;INF204K01UW0;11.7204;11.7204;11.7204;20-Apr-2008
100838;NIPPON INDIA LIQUID FUND - RETAIL Plan - WEEKLY IDCW OPTION;;INF204K01UK5;10.3613;10.3613;10.3613;20-Apr-2008
100853;NIPPON INDIA LIQUID FUND - WEEKLY IDCW OPTION;INF204KC1FM8;INF204K01US8;15.3330;15.3330;15.3330;20-Apr-2008
100851;Nippon India Liquid Fund -Growth Plan;INF204K01UN9;;19.7928;19.7928;19.7928;20-Apr-2008
100849;Reliance Liquid Fund-Cash Plan-Daily Dividend Reinvestment Option;;;11.1415;11.1415;11.1415;20-Apr-2008
100845;Reliance Liquid Fund-Cash Plan-Growth Plan;;;13.8408;13.8408;13.8408;20-Apr-2008
100848;Reliance Liquid Fund-Cash Plan-Weekly Dividend Reinvestment Option;;;10.9310;10.9310;10.9310;20-Apr-2008

Principal Mutual Fund
100895;Principal Cash Management Fund - Daily Income Distribution CUM Capital Withdrawal;;INF173K01DB7;10.0007;10.0007;10.0007;20-Apr-2008
100897;Principal Cash Management Fund - Monthly Income Distribution CUM Capital Withdrawal Option;INF173K01BV9;INF173K01BW7;10.0508;10.0508;10.0508;20-Apr-2008
100896;Principal Cash Management Fund - Weekly Income Distribution CUM Capital Withdrawal Option;;INF173K01DC5;10.0196;10.0196;10.0196;20-Apr-2008
100898;Principal Cash Management Fund -Growth Option;INF173K01DA9;;12.6865;12.6865;12.6865;20-Apr-2008
100892;Principal Cash Management-Liquid Option-Daily Dividend;;;10.0022;10.0022;10.0022;20-Apr-2008
100887;Principal Cash Management-Liquid Option-Dividend Plan;;;10.1266;10.1266;10.1266;20-Apr-2008
100888;Principal Cash Management-Liquid Option-Growth Plan;;;15.9060;15.9060;15.9060;20-Apr-2008
100894;Principal Cash Management-Liquid Option-Institutional - Daily Dividend Plan;;;10.0022;10.0022;10.0022;20-Apr-2008
100893;Principal Cash Management-Liquid Option-Institutional - Growth Plan;;;13.3934;13.3934;13.3934;20-Apr-2008
100891;Principal Cash Management-Liquid Option-Institutional - Monthly Dividend Plan;;;10.0500;10.0500;10.0500;20-Apr-2008
100890;Principal Cash Management-Liquid Option-Institutional - Weekly Dividend Plan;;;10.0084;10.0084;10.0084;20-Apr-2008
100889;Principal Cash Management-Liquid Option-Monthly Dividend;;;10.0485;10.0485;10.0485;20-Apr-2008

Quantum Mutual Fund
103736;Quantum Liquid Fund - Direct Plan Daily IDCW;;INF082J01135;10.0000;10.0000;10.0000;20-Apr-2008
103734;Quantum Liquid Fund - Direct Plan Growth Option;INF082J01127;;11.5728;11.5728;11.5728;20-Apr-2008
103735;Quantum Liquid Fund - Direct Plan Monthly IDCW;INF082J01143;INF082J01200;10.0618;10.0618;10.0618;20-Apr-2008

SBI Mutual Fund
105274;SBI Liquid Fund - Institutional - Growth;INF200K01LU1;;13.0425;13.0425;13.0425;20-Apr-2008
105275;SBI Liquid Fund - Institutional Daily Income Distribution cum Capital Withdrawal Option (IDCW);;INF200K01LR7;10.0325;10.0325;10.0325;20-Apr-2008
105279;SBI Liquid Fund - Institutional Fortnightly Income Distribution cum Capital Withdrawal Option (IDCW);INF200K01LS5;INF200K01LT3;10.1173;10.1173;10.1173;20-Apr-2008
105278;SBI Liquid Fund - Institutional Weekly Income Distribution cum Capital Withdrawal Option (IDCW);INF200K01LV9;INF200K01LW7;10.5928;10.5928;10.5928;20-Apr-2008
105281;SBI Liquid Fund - Regular Plan - Daily Income Distribution cum Capital Withdrawal Option (IDCW);;INF200K01LX5;10.0325;10.0325;10.0325;20-Apr-2008
105283;SBI Liquid Fund - Regular Plan - Fortnightly Income Distribution cum Capital Withdrawal Option (IDCW);INF200K01LY3;INF200K01LZ0;0;0;0;20-Apr-2008
105282;SBI Liquid Fund - Regular Plan - Weekly Income Distribution cum Capital Withdrawal Option (IDCW);INF200K01MB9;INF200K01MC7;10.5771;10.5771;10.5771;20-Apr-2008
105280;SBI Liquid Fund - REGULAR PLAN -Growth;INF200K01MA1;;12.8919;12.8919;12.8919;20-Apr-2008

Tata Mutual Fund
102672;Tata Liquid Fund -Regular Plan - Growth Option;INF277K01YD8;;12.7657;12.7657;12.7657;20-Apr-2008
101714;Tata Liquid Fund- Regular Plan - Daily Reinvestment of IDCW Option;;INF277K011D4;10.0055;10.0055;10.0055;20-Apr-2008

Taurus Mutual Fund
104240;Taurus Liquid Fund-Dividend;INF044D01542;INF044D01559;10.0027;10.0027;10.0027;20-Apr-2008
104241;Taurus Liquid Fund-Growth;INF044D01575;;10.9821;10.9821;10.9821;20-Apr-2008

UTI Mutual Fund
102010;UTI Liquid Fund - Regular Plan - Daily IDCW (Reinvestment);;INF789F01PG3;1019.4457;1019.4457;1019.4457;20-Apr-2008
102011;UTI Liquid Fund - Regular Plan - Monthly IDCW;INF789F01PI9;INF789F01PJ7;1029.2648;1029.2648;1029.2648;20-Apr-2008
102013;UTI Liquid Fund - Regular Plan - Weekly IDCW;;INF789F01PK5;1022.8998;1022.8998;1022.8998;20-Apr-2008
102012;UTI-  Liquid Cash Plan - Regular Plan - Growth Option;INF789F01PH1;;1337.8762;1337.8762;1337.8762;20-Apr-2008
102008;UTI-  Liquid Cash Plan- Discontinued - Regular Plan - Monthly Dividend Option;INF789F01BC2;INF789F01BA6;1045.5885;1045.5885;1045.5885;20-Apr-2008
102009;UTI-  Liquid Cash Plan- Discontinued - Regular Plan -Growth;INF789F01BB4;;1326.6188;1326.6188;1326.6188;20-Apr-2008
102007;UTI-  Liquid Cash Plan- Discontinued -Regular Plan Periodic Dividend Option;;INF789F01AZ5;1035.2458;1035.2458;1035.2458;20-Apr-2008

Open Ended Schemes ( Debt Scheme - Ultra Short Duration Fund )


Principal Mutual Fund
107325;Principal Money Manager Fund-Regular Plan-Daily Dividend Option;;;10.0247;10.0247;10.0247;20-Apr-2008
107331;Principal Money Manager Fund-Regular Plan-Growth Option;;;10.2290;10.2290;10.2290;20-Apr-2008
107327;Principal Money Manager Fund-Regular Plan-Monthly Dividend Option;;;10.2290;10.2290;10.2290;20-Apr-2008
107326;Principal Money Manager Fund-Regular Plan-Weekly Dividend Option;;;10.1114;10.1114;10.1114;20-Apr-2008
107329;Principal Ultra Short Term Fund-Daily Income Distribution CUM Capital Withdrawal Option;;INF173K01CV7;10.0247;10.0247;10.0247;20-Apr-2008
107328;Principal Ultra Short Term Fund-Growth Option;INF173K01CU9;;10.2290;10.2290;10.2290;20-Apr-2008
107330;Principal Ultra Short Term Fund-Monthly Income Distribution CUM Capital Withdrawal Option;INF173K01CB9;INF173K01CC7;10.2290;10.2290;10.2290;20-Apr-2008
107332;Principal Ultra Short Term Fund-Weekly Income Distribution CUM Capital Withdrawal Option;;INF173K01CW5;10.1161;10.1161;10.1161;20-Apr-2008

SBI Mutual Fund
105080;SBI Ultra Short Duration Fund - Regular Plan - Daily Income Distribution cum Capital Withdrawal Option (IDCW);;INF200K01LK2;16.7503;16.7503;16.7503;20-Apr-2008
100641;SBI ULTRA SHORT DURATION FUND - REGULAR PLAN - GROWTH;INF200K01LJ4;;18.1958;18.1958;18.1958;20-Apr-2008
103884;SBI Ultra Short Duration Fund - Regular Plan - Weekly Income Distribution cum Capital Withdrawal Option (IDCW);INF200K01LM8;INF200K01LL0;10.7041;10.7041;10.7041;20-Apr-2008

Open Ended Schemes ( Debt Scheme - Low Duration Fund )


Aditya Birla Sun Life Mutual Fund
103192;Aditya Birla Sun Life Low Duration Fund - Growth Plan;INF209K01LQ0;;19.9237;19.9237;19.9237;20-Apr-2008
103195;Aditya Birla Sun Life Low Duration Fund - Institutional Plan - Growth;INF209K01KE8;;13.5739;13.5739;13.5739;20-Apr-2008
103191;Aditya Birla Sun Life Low Duration Fund -INSTITUTIONAL - DAILY IDCW;;INF209K01KD0;10.0030;10.0030;10.0030;20-Apr-2008
103194;Aditya Birla Sun Life Low Duration Fund -Institutional - weekly  IDCW;;INF209K01KG3;10.0106;10.0106;10.0106;20-Apr-2008
103193;Aditya Birla Sun Life Low Duration Fund -REGULAR - WEEKLY IDCW;;INF209KA1LQ4;10.0103;10.0103;10.0103;20-Apr-2008

Canara Robeco Mutual Fund
104559;CANARA ROBECO SAVINGS FUND - REGULAR PLAN - DAILY IDCW (Reinvestment);;INF760K01803;10.2600;10.2600;10.2600;20-Apr-2008
102913;CANARA ROBECO SAVINGS FUND - REGULAR PLAN - GROWTH OPTION;INF760K01795;;12.4736;12.4736;12.4736;20-Apr-2008
102914;CANARA ROBECO SAVINGS FUND - REGULAR PLAN - IDCW (Payout/Reinvestment);INF760K01779;INF760K01787;11.9940;11.9940;11.9940;20-Apr-2008
102915;CANARA ROBECO SAVINGS FUND - REGULAR PLAN - WEEKLY IDCW (Payout/Reinvestment);INF760K01CB3;INF760K01811;10.2665;10.2665;10.2665;20-Apr-2008

Open Ended Schemes ( Debt Scheme - Money Market Fund )


Aditya Birla Sun Life Mutual Fund
101973;Aditya Birla Sun Life Money Manager Fund - Daily IDCW;;INF209K01SZ6;10.0086;10.0086;10.0086;20-Apr-2008
101976;Aditya Birla Sun Life Money Manager Fund - Growth;INF209K01RV7;;10.7378;10.7378;10.7378;20-Apr-2008
101972;Aditya Birla Sun Life Money Manager Fund - Retail - Daily IDCW;;INF209K01JZ5;10.0015;10.0015;10.0015;20-Apr-2008
101970;Aditya Birla Sun Life Money Manager Fund - RETAIL - WEEKLY IDCW;;INF209K01JY8;10.3816;10.3816;10.3816;20-Apr-2008
101971;Aditya Birla Sun Life Money Manager Fund - Retail Growth;INF209K01MJ3;;13.3500;13.3500;13.3500;20-Apr-2008
101974;Aditya Birla Sun Life Money Manager Fund - WEEKLY IDCW;;INF209K01SY9;10.0145;10.0145;10.0145;20-Apr-2008

Franklin Templeton Mutual Fund
101352;Templeton Floating Rate Income Fund-Short Term Plan-Dividend Option;;;10.0491;10.0491;10.0491;20-Apr-2008
101353;Templeton Floating Rate Income Fund-Short Term Plan-Growth Option;;;14.7098;14.7098;14.7098;20-Apr-2008
101355;Templeton Floating Rate Income Fund-Short Term Plan-Institutional Option - Dividend;;;10.0623;10.0623;10.0623;20-Apr-2008
101354;Templeton Floating Rate Income Fund-Short Term Plan-Institutional Option - Growth;;;12.0859;12.0859;12.0859;20-Apr-2008

HDFC Mutual Fund
101994;HDFC Money Market Fund - Daily IDCW Option;;INF179KB1IG6;10.6364;10.6364;10.6364;20-Apr-2008
101993;HDFC Money Market Fund - Growth Option;INF179KB1HR5;;16.9872;16.9872;16.9872;20-Apr-2008
101995;HDFC Money Market Fund - Weekly IDCW Option;INF179KB1IH4;INF179KB1II2;10.6468;10.6468;10.6468;20-Apr-2008

ICICI Prudential Mutual Fund
101221;ICICI Prudential Money Market Fund Retail Growth (erstwhile Cash Option);INF109K01TW3;;13.7444;13.7444;13.7444;20-Apr-2008
103634;ICICI Prudential Money Market Fund Option - Daily IDCW;INF109K01TY9;;10.0010;10.0010;10.0010;20-Apr-2008
103633;ICICI Prudential Money Market Fund Option - Growth;INF109K01TX1;;11.6436;11.6436;11.6436;20-Apr-2008
103637;ICICI Prudential Money Market Fund Option - Monthly IDCW;INF109K01UC3;INF109K01UB5;10.0370;10.0370;10.0370;20-Apr-2008
103635;ICICI Prudential Money Market Fund Option - Weekly IDCW;INF109K01TZ6;;10.0139;10.0139;10.0139;20-Apr-2008
103636;ICICI Prudential Money Market Fund Option -Fortnightly IDCW;INF109K01UA7;;10.0122;10.0122;10.0122;20-Apr-2008

Kotak Mahindra Mutual Fund
106842;Kotak Money Market Fund - (Daily Reinvestment of Income Distribution cum capital withdrawal option);INF174K01ND0;;10.0428;10.0428;10.0428;20-Apr-2008
101893;Kotak Money Market Fund - (Growth);INF174K01NA6;;13.3994;13.3994;13.3994;20-Apr-2008
101892;Kotak Money market Fund - (Monthly Payout of Income Distribution cum capital withdrawal option);INF174K018O0;INF174K01NB4;10.013;10.013;10.013;20-Apr-2008
101894;Kotak Money Market Fund - (Weekly Reinvestment of Income Distribution cum capital withdrawal option);INF174K01NC2;;10.0289;10.0289;10.0289;20-Apr-2008

Nippon India Mutual Fund
103050;NIPPON INDIA MONEY MARKET FUND - DAILY IDCW Option;;INF204K01UY6;10.0031;10.0031;10.0031;20-Apr-2008
103051;NIPPON INDIA MONEY MARKET FUND - WEEKLY IDCW Option;;INF204K01UZ3;10.0218;10.0218;10.0218;20-Apr-2008
103048;Nippon India Money Market Fund-Growth Plan-Growth Option;INF204K01VA4;;12.2142;12.2142;12.2142;20-Apr-2008

Tata Mutual Fund
101986;Tata Money Market Fund- Regular Plan - Daily Reinvestment of IDCW Option;;INF277K014C0;1114.5200;1114.5200;1114.5200;20-Apr-2008
101847;Tata Money Market Fund-Regular Plan - Growth Option;INF277K01LQ7;;1501.6531;1501.6531;1501.6531;20-Apr-2008

UTI Mutual Fund
100724;UTI MMF- Discontinued - Regular Plan - Flexi Dividend Option;;INF789F01BD0;18.0328;18.0328;18.0328;20-Apr-2008
100725;UTI MMF- Discontinued - Regular Plan - Periodic Dividend Option;INF789F01BE8;;17.9303;17.9303;17.9303;20-Apr-2008
100723;UTI MMF-Discontinued - Regular Plan -Growth;INF789F01BF5;;22.7238;22.7238;22.7238;20-Apr-2008

Open Ended Schemes ( Debt Scheme - Credit Risk Fund )


DSP Mutual Fund
101839;DSP Credit Risk Fund - Regular Plan - IDCW;INF740K01581;INF740K01AB9;10.3729;10.3729;10.3729;20-Apr-2008
101840;DSP Credit Risk Fund - Regular Plan - IDCW - Daily;;INF740KA1OA8;10.0312;10.0312;10.0312;20-Apr-2008
101838;DSP Credit Risk Fund - Regular Plan - IDCW - Weekly;INF740K01FR4;INF740K01FQ6;10.0413;10.0413;10.0413;20-Apr-2008
101837;DSP Credit Risk Fund - Regular Plan -Growth;INF740K01599;;13.0118;13.0118;13.0118;20-Apr-2008

Principal Mutual Fund
102729;Principal Credit Risk Fund - Regular Plan - Growth Option;INF173K01DM4;;12.7318;12.7318;12.7318;20-Apr-2008
102732;Principal Credit Risk Fund - Regular Plan - Monthly Dividend Option;INF173K01BJ4;INF173K01BK2;10.8832;10.8832;10.8832;20-Apr-2008
102726;Principal Floating Rate Fund - SMP-Daily Dividend;;;10.0007;10.0007;10.0007;20-Apr-2008
102725;Principal Floating Rate Fund - SMP-Growth;;;12.6785;12.6785;12.6785;20-Apr-2008
102730;Principal Floating Rate Fund - SMP-Insti. Daily Dividend;;;10.0007;10.0007;10.0007;20-Apr-2008
102731;Principal Floating Rate Fund - SMP-Insti. Weekly Dividend;;;10.0074;10.0074;10.0074;20-Apr-2008
102728;Principal Floating Rate Fund - SMP-Monthly Dividend;;;10.4868;10.4868;10.4868;20-Apr-2008
102727;Principal Floating Rate Fund - SMP-Weekly Dividend;;;10.0074;10.0074;10.0074;20-Apr-2008

Open Ended Schemes ( Debt Scheme - Floater Fund )


Franklin Templeton Mutual Fund
101048;Franklin India Floating Rate Fund - Growth Plan;INF090I01LM7;;14.5668;14.5668;14.5668;20-Apr-2008
101044;Franklin India Floating Rate Fund - IDCW ;INF090I01LN5;;10.0000;10.0000;10.0000;20-Apr-2008

Nippon India Mutual Fund
102676;NIPPON INDIA FLOATER FUND - DAILY IDCW REINVESTMENT Option;;INF204K01CI7;10.0697;10.0697;10.0697;20-Apr-2008
102673;Nippon India Floater Fund - Growth Plan-Growth Option;INF204K01CG1;;12.7222;12.7222;12.7222;20-Apr-2008
102675;NIPPON INDIA FLOATER FUND - MONTHLY IDCW Option;INF204K01CH9;INF204K01CK3;10.1827;10.1827;10.1827;20-Apr-2008
102677;NIPPON INDIA FLOATER FUND - WEEKLY IDCW Option;INF204K01OQ5;INF204K01CJ5;10.1015;10.1015;10.1015;20-Apr-2008
