Scheme Code;Scheme Name;ISIN Div Payout/ISIN Growth;ISIN Div Reinvestment;Net Asset Value;Repurchase Price;Sale Price;Date

Open Ended Schemes ( Income )


ABN  AMRO Mutual Fund
102645;ABN AMRO  Short Term Income Fund-Institutional Plan-Daily Dividend Option;;;10.0004;10.0004;10.0004;15-Aug-2006
102644;ABN AMRO  Short Term Income Fund-Institutional Plan-Growth Option;;;11.1075;11.1075;11.1075;15-Aug-2006
102646;ABN AMRO  Short Term Income Fund-Institutional Plan-Monthly Dividend Option;;;10.0307;10.0307;10.0307;15-Aug-2006
102647;ABN AMRO  Short Term Income Fund-Institutional Plan-Weekly Dividend Option;;;10.0092;10.0092;10.0092;15-Aug-2006
102649;ABN AMRO  Short Term Income Fund-Institutional Plus Plan-Daily Dividend Option;;;10.0004;10.0004;10.0004;15-Aug-2006
102648;ABN AMRO  Short Term Income Fund-Institutional Plus Plan-Growth Option;;;10.5323;10.5323;10.5323;15-Aug-2006
102650;ABN AMRO  Short Term Income Fund-Institutional Plus Plan-Monthly Dividend Option;;;0.0000;0.0000;0.0000;15-Aug-2006
102651;ABN AMRO  Short Term Income Fund-Institutional Plus Plan-Weekly Dividend Option;;;0.0000;0.0000;0.0000;15-Aug-2006
102641;ABN AMRO  Short Term Income Fund-Regular Plan-Growth Option;;;11.0115;11.0115;11.0115;15-Aug-2006
102642;ABN AMRO  Short Term Income Fund-Regular Plan-Monthly Dividend Option;;;10.0274;10.0274;10.0274;15-Aug-2006
102643;ABN AMRO  Short Term Income Fund-Regular Plan-Weekly Dividend Option;;;10.0086;10.0086;10.0086;15-Aug-2006

DBS Chola Mutual Fund
101958;DBS Chola Liquid Fund - Institutional Plus Weekly Dividend;;;11.8717;11.8717;11.8717;15-Aug-2006
103137;DBS Chola Short Term Floating Rate Fund-Cumulative;;;10.6361;10.6361;10.6361;15-Aug-2006
103134;DBS Chola Short Term Floating Rate Fund-Dividend-Daily;;;10.0154;10.0154;10.0154;15-Aug-2006
103136;DBS Chola Short Term Floating Rate Fund-Dividend-Monthly;;;10.1879;10.1879;10.1879;15-Aug-2006
103135;DBS Chola Short Term Floating Rate Fund-Dividend-Weekly;;;10.1814;10.1814;10.1814;15-Aug-2006

DSP Mutual Fund
104143;DSP BlackRock Ultra Short Fund - Institutional Plan - Daily Dividend Reinvest;;;1000.2000;1000.2000;1000.2000;15-Aug-2006
104142;DSP BlackRock Ultra Short Fund - Institutional Plan - Growth;INF740K01FS2;;1002.7502;1002.7502;1002.7502;15-Aug-2006
104141;DSP BlackRock Ultra Short Fund - Institutional Plan - Weekly Dividend;;;1000.9327;1000.9327;1000.9327;15-Aug-2006
103275;DSP Credit Risk Fund - Institutional Plan-Daily Dividend Reinvest;;;1001.0600;1001.0600;1001.0600;15-Aug-2006
103277;DSP Credit Risk Fund - Institutional Plan-Growth;INF740K01FN3;;1049.0223;1049.0223;1049.0223;15-Aug-2006
103276;DSP Credit Risk Fund - Institutional Plan-Weekly Dividend Reinvest;;;1001.7984;1001.7984;1001.7984;15-Aug-2006

Standard Chartered Mutual Fund
102342;GCF-Plan C-Daily Dividend;;;10;10;10;15-Aug-2006
102340;GCF-Plan C-Growth;;;11.3167;11.3167;11.3167;15-Aug-2006
102343;GCF-Plan C-Monthly Dividend;;;10.0677;10.0677;10.0677;15-Aug-2006
102341;GCF-Plan C-weekly Dividend;;;10.0071;10.0071;10.0071;15-Aug-2006
101780;GCF Daily-Dividend(Institutional Plan);;;10.5816;10.5816;10.5816;15-Aug-2006
101760;GCF Dividend-Weekly(Institutional Plan);;;10.3064;10.3064;10.3064;15-Aug-2006
102348;GFRF-Plan C-Daily Dividend;;;10;10;10;15-Aug-2006
102347;GFRF-Plan C-Growth;;;11.3301;11.3301;11.3301;15-Aug-2006
102350;GFRF-Plan C-Monthly Divdend;;;10.0428;10.0428;10.0428;15-Aug-2006
102349;GFRF-Plan C-Weekly Dividend;;;10;10;10;15-Aug-2006
101947;GFRF (Daily - Dividind);;;10.0699;10.0699;10.0699;15-Aug-2006
101948;GFRF (Dividend - Weekly);;;10.0743;10.0743;10.0743;15-Aug-2006
101773;GFRF - Growth(Institutional Plan);;;11.7602;11.7602;11.7602;15-Aug-2006
101774;GFRF Dividend-Daily (Institutional Plan);;;10.0703;10.0703;10.0703;15-Aug-2006
101776;GFRF Dividend-Monthly(Institutional Plan);;;10.03;10.03;10.03;15-Aug-2006
101775;GFRF Dividend-Weekly(Institutional Plan);;;10.0988;10.0988;10.0988;15-Aug-2006
101100;Grindlays Cash Fund-Dividend (Daily);;;10.5819;10.5819;10.5819;15-Aug-2006
101099;Grindlays Cash Fund-Growth;;;13.235;13.235;13.235;15-Aug-2006
101319;Grindlays Cash Fund - Dividend (Weekly);;;10.1983;10.1983;10.1983;15-Aug-2006
101632;Grindlays Cash Fund - Plan B (D) (Institutional Plan);;;10.034;10.034;10.034;15-Aug-2006
101248;Grindlays Cash Fund - Plan B (G) (Institutional Plan);;;13.3028;13.3028;13.3028;15-Aug-2006

Open Ended Schemes ( Liquid )


Aditya Birla Sun Life Mutual Fund
101294;Birla Sun Life Cash Plus Sweep Plan-Dividend Option;;;10.0506;10.0506;10.0506;15-Aug-2006

DBS Chola Mutual Fund
100989;DBS Chola Liquid Fund-Cum -Institutional Plus;;;14.5773;14.5773;14.5773;15-Aug-2006
100978;DBS Chola Liquid Fund-Daily Dividend Reinvestment Plan;;;10.0315;10.0315;10.0315;15-Aug-2006
100975;DBS Chola Liquid Fund-Regular Cumulative;;;14.4967;14.4967;14.4967;15-Aug-2006
101307;DBS Chola Liquid Fund - Regular Weekly Dividend;;;11.9040;11.9040;11.9040;15-Aug-2006

Deutsche Mutual Fund
101718;DWS Insta Cash Plus Fund-DIVIDEND-Daily Dividend;;INF223J01BI1;10.301;10.301;10.301;15-Aug-2006
101717;DWS Insta Cash Plus Fund-DIVIDEND-MONTHLY DIVIDEND;INF223J01BK7;INF223J01BL5;10.1974;10.1974;10.1974;15-Aug-2006
101716;DWS Insta Cash Plus Fund-DIVIDEND-WEEKLY DIVIDEND;INF223J01BM3;INF223J01BN1;10.1807;10.1807;10.1807;15-Aug-2006
101719;DWS Insta Cash Plus Fund-Growth-GROWTH;INF223J01BJ9;;12.0279;12.0279;12.0279;15-Aug-2006
101722;DWS Insta Cash Plus Fund-Institutional Plan-Daily Dividend;;INF223J01BA8;10.0195;10.0195;10.0195;15-Aug-2006
101720;DWS Insta Cash Plus Fund-Institutional Plan-Dividend;INF223J01BE0;INF223J01BD2;10.0661;10.0661;10.0661;15-Aug-2006
101721;DWS Insta Cash Plus Fund-Institutional Plan-Growth;INF223J01BB6;;11.2418;11.2418;11.2418;15-Aug-2006
101723;DWS Insta Cash Plus Fund-Institutional Plan-Weekly Dividend;INF223J01BF7;INF223J01BG5;10.0864;10.0864;10.0864;15-Aug-2006

ING Mutual Fund
100194;ING Liquid Fund-Auto Sweep Growth Option;;;10.0000;10.0000;10.0000;15-Aug-2006
100195;ING Liquid Fund-Auto Sweep Weekly Dividend Option;;;10.0000;10.0000;10.0000;15-Aug-2006
100198;ING Liquid Fund-Institutional Daily Dividend Option;INF084M01473;;10.0103;10.0103;10.0103;15-Aug-2006
100196;ING Liquid Fund-Institutional Growth Option;INF084M01465;;11.2486;11.2486;11.2486;15-Aug-2006
100197;ING Liquid Fund-Institutional Weekly Dividend Option;INF084M01499;INF084M01481;10.0556;10.0556;10.0556;15-Aug-2006
100192;ING Liquid Fund-Regular Daily Dividend Option;INF084M01432;;10.7849;10.7849;10.7849;15-Aug-2006
100190;ING Liquid Fund-Regular Growth Option;INF084M01424;;15.1913;15.1913;15.1913;15-Aug-2006
100191;ING Liquid Fund-Regular Weekly Dividend Option;INF084M01457;INF084M01440;10.8260;10.8260;10.8260;15-Aug-2006
100200;ING Liquid Fund-Super Institutional Daily Dividend Option;INF084M01515;;10.0024;10.0024;10.0024;15-Aug-2006
100199;ING Liquid Fund-Super Institutional Growth Option;INF084M01507;;10.6410;10.6410;10.6410;15-Aug-2006
100201;ING Liquid Fund-Super Institutional Weekly Dividend Option;INF084M01531;INF084M01523;10.0860;10.0860;10.0860;15-Aug-2006

JM Financial Mutual Fund
101420;JM Floater Short Term Fund - Daily Dividend Option;;INF192K01767;10.0883;10.0883;10.0883;15-Aug-2006
101421;JM Floater Short Term Fund - Growth Option;INF192K01775;;11.8124;11.8124;11.8124;15-Aug-2006

Sahara Mutual Fund
101397;Sahara Liquid Fund-Fixed Pricing -  Weekly Dividend Option;;INF515L01064;1024.6207;1024.6207;1024.6207;15-Aug-2006
101393;Sahara Liquid Fund-Fixed Pricing - Daily Dividend Option;;INF515L01049;1024.4468;1024.4468;1024.4468;15-Aug-2006
101394;Sahara Liquid Fund-Fixed Pricing - Growth option;INF515L01056;;1283.9623;1283.9623;1283.9623;15-Aug-2006
101398;Sahara Liquid Fund-Fixed Pricing - Monthly Dividend Option;;INF515L01072;1025.7366;1025.7366;1025.7366;15-Aug-2006
101399;Sahara Liquid Fund-Variable Pricing - Daily Dividend option;;INF515L01080;1024.459;1024.4590;1024.4590;15-Aug-2006
101402;Sahara Liquid Fund-Variable Pricing - Growth option;INF515L01114;;1286.4345;1286.4345;1286.4345;15-Aug-2006
101400;Sahara Liquid Fund-Variable Pricing - Weekly Dividend Option;;INF515L01098;1025.2643;1025.2643;1025.2643;15-Aug-2006
101401;Sahara Liquid Fund-Variable Pricing- Monthly Dividend Option;;INF515L01106;1027.7162;1027.7162;1027.7162;15-Aug-2006

SBI Mutual Fund
102960;Z-OLD-SBI Magnum Inst. Income Fund -  Savings - Fortnightly(D)(Upto 22/03/07) Renamed as SBI Premier Liquid Fund;;;10.0894;10.0894;10.0894;15-Aug-2006
102870;Z-OLD-SBI Magnum Inst. Income Fund -  Savings - Wkly(D)(Upto 22/03/07) Renamed as SBI Premier Liquid Fund;;;10.5639;10.5639;10.5639;15-Aug-2006
102058;SBI Magnum Institutional Income Fund - Savings - Dividend(Upto 22/03/07) Renamed as SBI Premier Liquid Fund;;;10.0325;10.0325;10.0325;15-Aug-2006
101929;SBI Magnum Institutional Income Fund - Savings - Growth(Upto 22/03/07) Renamed as SBI Premier Liquid Fund;;;11.5284;11.5284;11.5284;15-Aug-2006

Standard Chartered Mutual Fund
103525;Standard Chartered Liquidity Manager (SCLM)-A-Dividend Daily;;;10.001;10.001;10.001;15-Aug-2006
103527;Standard Chartered Liquidity Manager (SCLM)-A-Dividend Monthly;;;10.0233;10.0233;10.0233;15-Aug-2006
103526;Standard Chartered Liquidity Manager (SCLM)-A-Dividend Weekly;;;10.0077;10.0077;10.0077;15-Aug-2006
103524;Standard Chartered Liquidity Manager (SCLM)-A-Growth;;;10.3308;10.3308;10.3308;15-Aug-2006
103598;Standard Chartered Liquidity Manager Plus-A-Dividend Daily;;;1000.1;1000.1;1000.1;15-Aug-2006
103600;Standard Chartered Liquidity Manager Plus-A-Dividend Monthly;;;1002.7487;1002.7487;1002.7487;15-Aug-2006
103599;Standard Chartered Liquidity Manager Plus-A-Dividend Weekly;;;1000.8204;1000.8204;1000.8204;15-Aug-2006
103597;Standard Chartered Liquidity Manager Plus-A-Growth;;;1025.5901;1025.5901;1025.5901;15-Aug-2006

Open Ended Schemes ( Floating Rate )


HSBC Mutual Fund
102836;HSBC Floating Rate Fund - Short Term - Inst. - Dividend - Daily;;;10.0132;10.0132;10.0132;15-Aug-2006
102838;HSBC Floating Rate Fund - Short Term - Inst. - Dividend - Monthly;;;10.0469;10.0469;10.0469;15-Aug-2006
102837;HSBC Floating Rate Fund - Short Term - Inst. - Dividend - Weekly;;;10.0308;10.0308;10.0308;15-Aug-2006
102835;HSBC Floating Rate Fund - Short Term - Inst. - Growth;;;11.0305;11.0305;11.0305;15-Aug-2006
102840;HSBC Floating Rate Fund - Short Term - Inst. Plus - Dividend - Daily;;;10.0262;10.0262;10.0262;15-Aug-2006
102842;HSBC Floating Rate Fund - Short Term - Inst. Plus - Dividend - Monthly;;;0.0000;0.0000;0.0000;15-Aug-2006
102841;HSBC Floating Rate Fund - Short Term - Inst. Plus - Dividend - Weekly;;;0.0000;0.0000;0.0000;15-Aug-2006
102839;HSBC Floating Rate Fund - Short Term - Inst. Plus - Growth;;;10.4483;10.4483;10.4483;15-Aug-2006
102833;HSBC Floating Rate Fund - Short Term - Regular - Dividend - Daily;;;10.0128;10.0128;10.0128;15-Aug-2006
102834;HSBC Floating Rate Fund - Short Term - Regular - Dividend - Weekly;;;10.0088;10.0088;10.0088;15-Aug-2006
102832;HSBC Floating Rate Fund - Short Term - Regular - Growth;;;10.9925;10.9925;10.9925;15-Aug-2006

Standard Chartered Mutual Fund
101630;Grindlays Floating Rate Fund - Growth;;;11.9081;11.9081;11.9081;15-Aug-2006
101631;Grindlays Floating Rate Fund- Dividend Monthly;;;10.054;10.054;10.054;15-Aug-2006

Open Ended Schemes ( Fund of Funds - Domestic )


Fidelity Mutual Fund
103419;Fidelity MultiManager Cash Fund-Dividend Re-investment Option;;;10.0119;10.0119;10.0119;15-Aug-2006
103418;Fidelity MultiManager Cash Fund-Growth Option;;;10.3667;10.3667;10.3667;15-Aug-2006

Open Ended Schemes ( Debt Scheme - Overnight Fund )


HDFC Mutual Fund
101996;HDFC Overnight Fund - Growth Option;INF179KB1HS3;;12.3464;12.3464;12.3464;15-Aug-2006
101997;HDFC Overnight Fund - IDCW Option (Daily);;INF179KB1IF8;10.4266;10.4266;10.4266;15-Aug-2006

SBI Mutual Fund
101206;SBI OVERNIGHT FUND - REGULAR PLAN - GROWTH;INF200K01LQ9;;12.3834;12.3834;12.3834;15-Aug-2006
103140;SBI Overnight Fund - Regular Plan - Weekly Income Distribution cum Capital Withdrawal Option (IDCW);INF200K01LO4;INF200K01LP1;10.2262;10.2262;10.2262;15-Aug-2006

Open Ended Schemes ( Debt Scheme - Liquid Fund )


Aditya Birla Sun Life Mutual Fund
100049;Aditya Birla Sun Life Cash Plus-Institutional - Fortnightly Dividend;;;10.8285;10.8285;10.8285;15-Aug-2006
100052;Aditya Birla Sun Life Cash Plus-Institutional Premium - Fortnightly Dividend;;;10.0658;10.0658;10.0658;15-Aug-2006
100053;Aditya Birla Sun Life Cash Plus-Institutional Premium Plan-Monthly Dividend;;;10.0274;10.0274;10.0274;15-Aug-2006
100047;Aditya Birla Sun Life Liquid Fund - Growth;INF209K01RU9;;11.3806;11.3806;11.3806;15-Aug-2006
100046;Aditya Birla Sun Life Liquid Fund -Daily IDCW;INF209K01KQ2;INF209K01SQ5;10.0195;10.0195;10.0195;15-Aug-2006
100041;Aditya Birla Sun Life Liquid Fund -Institutional - IDCW;;INF209K01KN9;10.8023;10.8023;10.8023;15-Aug-2006
100048;Aditya Birla Sun Life Liquid Fund -Institutional - weekly  IDCW;INF209KA1LK7;INF209K01KY6;10.8143;10.8143;10.8143;15-Aug-2006
100044;Aditya Birla Sun Life Liquid Fund -Retail - IDCW;;INF209K01KP4;16.3694;16.3694;16.3694;15-Aug-2006
100051;Aditya Birla Sun Life Liquid Fund -weekly IDCW;INF209K01KU4;INF209KA1LJ9;10.0297;10.0297;10.0297;15-Aug-2006
100043;Aditya Birla Sun Life Liquid Fund-Institutional (Growth);INF209K01RT1;;19.4022;19.4022;19.4022;15-Aug-2006
100042;Aditya Birla Sun Life Liquid Fund-Retail (Growth);INF209K01ME4;;19.2787;19.2787;19.2787;15-Aug-2006

Baroda BNP Paribas Mutual Fund
101408;Baroda BNP Paribas LIQUID FUND- Defunct Plan -Growth Option;INF955L01575;;12.8423;12.8423;12.8423;15-Aug-2006
101407;Baroda BNP Paribas LIQUID FUND-Defunct Plan- IDCW Option;INF955L01559;INF955L01567;11.0136;11.0136;11.0136;15-Aug-2006
101409;Baroda BNP Paribas LIQUID FUND-Defunct Plan-Daily IDCW Option;INF955L01518;INF955L01526;10.0331;10.0331;10.0331;15-Aug-2006

DSP Mutual Fund
103347;DSP Liquidity Fund - Regular Plan - Growth;INF740K01FK9;;1046.7642;1046.7642;1046.7642;15-Aug-2006
103348;DSP Liquidity Fund - Regular Plan - IDCW - Weekly;INF740K01FM5;INF740K01FL7;1000.9035;1000.9035;1000.9035;15-Aug-2006
103349;DSP Liquidity Fund- Regular Plan - IDCW - Daily;;INF740KA1OE0;1000.2000;1000.2000;1000.2000;15-Aug-2006
100943;DSP BlackRock Liquidity Fund - Regular Plan - Daily Dividend;;;10.0100;10.0100;10.0100;15-Aug-2006
100940;DSP BlackRock Liquidity Fund - Regular Plan - Growth;INF740K01CN0;;17.5479;17.5479;17.5479;15-Aug-2006
100941;DSP BlackRock Liquidity Fund - Regular Plan Weekly Dividend;;;12.4085;12.4085;12.4085;15-Aug-2006

HDFC Mutual Fund
100868;HDFC Liquid Fund - Growth Plan;INF179KB1HK0;;14.2102;14.2102;14.2102;15-Aug-2006
100875;HDFC Liquid Fund - IDCW Daily;;INF179KB1IC5;10.1982;10.1982;10.1982;15-Aug-2006
100876;HDFC Liquid Fund - IDCW Monthly;INF179KB1HM6;INF179KB1HL8;10.2903;10.2903;10.2903;15-Aug-2006
100874;HDFC Liquid Fund - IDCW Plan Weekly;INF179KB1ID3;;10.3114;10.3114;10.3114;15-Aug-2006
100877;HDFC Liquid Fund-Premium Plan - Dividend-Daily;;INF179K01KN4;12.2598;12.2598;12.2598;15-Aug-2006
100878;HDFC Liquid Fund-Premium Plan - Dividend-Weekly;INF179K01KP9;;12.4748;12.4748;12.4748;15-Aug-2006
100881;HDFC Liquid Fund-Premium Plus Plan - Dividend-Weekly;INF179K01KS3;;12.4165;12.4165;12.4165;15-Aug-2006
100872;HDFC Liquid Fund-PREMIUM PLUS- Growth;INF179K01KQ7;;14.3253;14.3253;14.3253;15-Aug-2006
100873;HDFC Liquid Fund-PREMIUM- Growth;INF179KB1HN4;;14.2946;14.2946;14.2946;15-Aug-2006

HSBC Mutual Fund
101700;HSBC Cash Fund - Dividend - Daily;;INF336L01321;10.0056;10.0056;10.0056;15-Aug-2006
101702;HSBC Cash Fund - Dividend - Monthly;INF336L01305;INF336L01297;10.0409;10.0409;10.0409;15-Aug-2006
101701;HSBC Cash Fund - Dividend - Weekly;;INF336L01347;10.0131;10.0131;10.0131;15-Aug-2006
101692;HSBC Cash Fund - Inst. - Dividend - Daily;;INF336L01354;10.4401;10.4401;10.4401;15-Aug-2006
101694;HSBC Cash Fund - Inst. - Dividend - Monthly;INF336L01370;INF336L01362;10.4856;10.4856;10.4856;15-Aug-2006
101693;HSBC Cash Fund - Inst. - Dividend - Weekly;;INF336L01388;10.4566;10.4566;10.4566;15-Aug-2006
101691;HSBC Cash Fund - Inst. - Growth;INF336L01289;;12.0954;12.0954;12.0954;15-Aug-2006
101697;HSBC Cash Fund - Regular - Dividend - Daily;;INF336L01263;10.1930;10.1930;10.1930;15-Aug-2006
101698;HSBC Cash Fund - Regular - Dividend - Weekly;;INF336L01313;10.0106;10.0106;10.0106;15-Aug-2006
101696;HSBC Liquid Fund - Growth closed plan;INF336L01271;;12.0674;12.0674;12.0674;15-Aug-2006
101699;HSBC Liquid Fund Closed;INF336L01339;;11.2767;11.2767;11.2767;15-Aug-2006

ICICI Prudential Mutual Fund
100357;ICICI Prudential Liquid Fund -Quarterly IDCW;INF109K01UU5;INF109K01UT7; 10.8072 ; 10.8072 ; 10.8072 ;15-Aug-2006
100361;ICICI Prudential Liquid Fund-Dividend-Institutional Plus - Monthly;;INF109K01VL2; 11.9497 ; 11.9497 ; 11.9497 ;15-Aug-2006
100359;ICICI Prudential Liquid Institutional Plus Fund - Div - Daily;INF109K01VJ6;; 11.8515 ; 11.8515 ; 11.8515 ;15-Aug-2006
100360;ICICI Prudential Liquid Institutional Plus Fund - Div - Weekly;INF109K01VM0;; 11.8556 ; 11.8556 ; 11.8556 ;15-Aug-2006
100362;ICICI Prudential Liquid Institutional Plus Fund - Growth;INF109K01VK4;; 17.7792 ; 17.7792 ; 17.7792 ;15-Aug-2006
103343;ICICI Prudential Liquid Fund - Daily IDCW;INF109K01VP3;; 10.0000 ; 10.0000 ; 10.0000 ;15-Aug-2006
103340;ICICI Prudential Liquid Fund - Growth;INF109K01VQ1;; 10.4743 ; 10.4743 ; 10.4743 ;15-Aug-2006
103344;ICICI Prudential Liquid Fund - Institutional Option - I;INF109K01VH0;; 10.2492 ; 10.2492 ; 10.2492 ;15-Aug-2006
103342;ICICI Prudential Liquid Fund - Weekly IDCW;INF109K01VS7;; 10.0019 ; 10.0019 ; 10.0019 ;15-Aug-2006
103341;ICICI Prudential Liquid Fund -Monthly IDCW;INF109K01VR9;; 10.0297 ; 10.0297 ; 10.0297 ;15-Aug-2006
101748;ICICI Prudential Liquid Fund - Institutional - Daily - Div;INF109K01VE7;; 11.8502 ; 11.8502 ; 11.8502 ;15-Aug-2006
101749;ICICI Prudential Liquid Fund - Institutional - Monthly - Div;;INF109K01VG2; 10.0291 ; 10.0291 ; 10.0291 ;15-Aug-2006
101753;ICICI Prudential Liquid Fund - Institutional - Weekly - Div;INF109K01VI8;; 11.8433 ; 11.8433 ; 11.8433 ;15-Aug-2006
101754;ICICI Prudential Liquid Fund Retail Daily Dividend;INF109K01UR1;; 11.8514 ; 11.8514 ; 11.8514 ;15-Aug-2006
101750;ICICI Prudential Liquid Fund Retail Growth;INF109K01UQ3;; 17.5683 ; 17.5683 ; 17.5683 ;15-Aug-2006
101755;ICICI Prudential Liquid Fund Retail Monthly Dividend;INF109K01US9;; 11.8654 ; 11.8654 ; 11.8654 ;15-Aug-2006
101752;ICICI Prudential Liquid Fund Retail Weekly Dividend;INF109K01UV3;; 11.8327 ; 11.8327 ; 11.8327 ;15-Aug-2006
101751;ICICI Prudential Liquid Institutional Fund - Growth;INF109K01VF4;; 17.7269 ; 17.7269 ; 17.7269 ;15-Aug-2006

JM Financial Mutual Fund
100241;JM High Liquidity Fund-- Institutional Plan - Dividend;INF192K01924;INF192K01932;10.1029;10.1029;10.1029;15-Aug-2006
100237;JM High Liquidity Fund-- Institutional Plan - Growth;INF192K01940;;11.8659;11.8659;11.8659;15-Aug-2006
100243;JM High Liquidity Fund-- Premium Plan - Daily Dividend Option;;;10.0000;10.0000;10.0000;15-Aug-2006
100238;JM High Liquidity Fund-Institutional Plan - Daily Dividend;;INF192K01916;10.0159;10.0159;10.0159;15-Aug-2006
100245;JM High Liquidity Fund-Super Institutional Plan- Daily Dividend;;INF192K01957;10.0165;10.0165;10.0165;15-Aug-2006
100246;JM High Liquidity Fund-Super Institutional Plan- Weekly  Dividend;INF192K01965;INF192K01973;10.0903;10.0903;10.0903;15-Aug-2006
100244;JM Liquid Fund (Regular) - Quarterly IDCW;INF192K01866;INF192K01874;11.3241;11.3241;11.3241;15-Aug-2006
100247;JM Liquid Fund (Regular) - Super Institutional Plan - Growth Option;INF192K01981;;11.2830;11.2830;11.2830;15-Aug-2006
100233;JM Liquid Fund (Regular) - Weekly IDCW;INF192K01841;INF192K01858;10.3367;10.3367;10.3367;15-Aug-2006
100234;JM Liquid Fund - Growth Option;INF192K01882;;19.6688;19.6688;19.6688;15-Aug-2006
101549;JM Liquid Fund (Regular) - Bonus Option - Principal Units;INF192K01890;;12.2917;12.2917;12.2917;15-Aug-2006
101078;JM Liquid Fund (Regular) - Daily IDCW;;INF192K01833;10.4302;10.4302;10.4302;15-Aug-2006

Kotak Mahindra Mutual Fund
100833;Kotak Liquid Fund - Regular  - Daily Reinvestment of Income Distribution cum capital withdrawal option;;INF174K01NL3;12.2281;12.2281;12.2281;15-Aug-2006
100835;Kotak Liquid Fund - Regular Plan - Growth;INF174K01NI9;;14.4621;14.4621;14.4621;15-Aug-2006
100831;Kotak Liquid Fund -Institutional Plan - (Daily Dividend);;INF174K01GA0;12.2281;12.2281;12.2281;15-Aug-2006
100836;Kotak Liquid Fund -Sweep Daily Dividend;;;10.0071;10.0071;10.0071;15-Aug-2006
100834;Kotak Liquid Fund Regular Plan Weekly Reinvestment of Income Distribution cum capital withdrawal option Dividend;INF174K01NK5;;10.0361;10.0361;10.0361;15-Aug-2006
100830;Kotak Liquid-Institutional Plan  (Growth);INF174K01FZ9;;14.3879;14.3879;14.3879;15-Aug-2006
100832;Kotak Liquid-Institutional Plan (Weekly Dividend);;INF174K01GB8;10.0235;10.0235;10.0235;15-Aug-2006
100828;Kotak Liquid-Regular (Dividend);;INF174K01FY2;10.0206;10.0206;10.0206;15-Aug-2006
100829;Kotak Liquid-Regular (Growth);INF174K01NM1;;14.2005;14.2005;14.2005;15-Aug-2006

Nippon India Mutual Fund
100852;NIPPON INDIA LIQUID FUND - DAILY IDCW OPTION;;INF204K01UM1;15.2834;15.2834;15.2834;15-Aug-2006
100855;NIPPON INDIA LIQUID FUND - MONTHLY IDCW OPTION;INF204K01UO7;INF204K01UP4;17.4315;17.4315;17.4315;15-Aug-2006
100837;Nippon India Liquid Fund - Retail Option - Growth Plan;INF204K01UL3;;17.2985;17.2985;17.2985;15-Aug-2006
100842;NIPPON INDIA LIQUID FUND - RETAIL Plan - DAILY IDCW OPTION;;INF204K01UJ7;15.239;15.239;15.239;15-Aug-2006
100843;NIPPON INDIA LIQUID FUND - RETAIL plan - MONTHLY IDCW OPTION;INF204K01UT6;INF204K01UU4;10.9178;10.9178;10.9178;15-Aug-2006
100844;NIPPON INDIA LIQUID FUND - RETAIL Plan - QUARTERLY IDCW OPTION;INF204K01UV2;INF204K01UW0;17.1767;17.1767;17.1767;15-Aug-2006
100838;NIPPON INDIA LIQUID FUND - RETAIL Plan - WEEKLY IDCW OPTION;;INF204K01UK5;10.3471;10.3471;10.3471;15-Aug-2006
100853;NIPPON INDIA LIQUID FUND - WEEKLY IDCW OPTION;INF204KC1FM8;INF204K01US8;15.3113;15.3113;15.3113;15-Aug-2006
100851;Nippon India Liquid Fund -Growth Plan;INF204K01UN9;;17.4315;17.4315;17.4315;15-Aug-2006
100849;Reliance Liquid Fund-Cash Plan-Daily Dividend Reinvestment Option;;;11.1411;11.1411;11.1411;15-Aug-2006
100845;Reliance Liquid Fund-Cash Plan-Growth Plan;;;12.545;12.545;12.545;15-Aug-2006
100848;Reliance Liquid Fund-Cash Plan-Weekly Dividend Reinvestment Option;;;10.9235;10.9235;10.9235;15-Aug-2006

Principal Mutual Fund
100895;Principal Cash Management Fund - Daily Income Distribution CUM Capital Withdrawal;;INF173K01DB7;10.0007;10.0007;10.0007;15-Aug-2006
100897;Principal Cash Management Fund - Monthly Income Distribution CUM Capital Withdrawal Option;INF173K01BV9;INF173K01BW7;10.0316;10.0316;10.0316;15-Aug-2006
100896;Principal Cash Management Fund - Weekly Income Distribution CUM Capital Withdrawal Option;;INF173K01DC5;10.0099;10.0099;10.0099;15-Aug-2006
100898;Principal Cash Management Fund -Growth Option;INF173K01DA9;;11.1603;11.1603;11.1603;15-Aug-2006
100892;Principal Cash Management-Liquid Option-Daily Dividend;;;10.0022;10.0022;10.0022;15-Aug-2006
100887;Principal Cash Management-Liquid Option-Dividend Plan;;;10.1287;10.1287;10.1287;15-Aug-2006
100888;Principal Cash Management-Liquid Option-Growth Plan;;;14.0967;14.0967;14.0967;15-Aug-2006
100894;Principal Cash Management-Liquid Option-Institutional - Daily Dividend Plan;;;10.0022;10.0022;10.0022;15-Aug-2006
100893;Principal Cash Management-Liquid Option-Institutional - Growth Plan;;;11.8335;11.8335;11.8335;15-Aug-2006
100891;Principal Cash Management-Liquid Option-Institutional - Monthly Dividend Plan;;;10.0311;10.0311;10.0311;15-Aug-2006
100890;Principal Cash Management-Liquid Option-Institutional - Weekly Dividend Plan;;;10.0105;10.0105;10.0105;15-Aug-2006
100889;Principal Cash Management-Liquid Option-Monthly Dividend;;;10.0302;10.0302;10.0302;15-Aug-2006

Quantum Mutual Fund
103736;Quantum Liquid Fund - Direct Plan Daily IDCW;;INF082J01135;10.0000;10.0000;10.0000;15-Aug-2006
103734;Quantum Liquid Fund - Direct Plan Growth Option;INF082J01127;;10.2072;10.2072;10.2072;15-Aug-2006
103735;Quantum Liquid Fund - Direct Plan Monthly IDCW;INF082J01143;INF082J01200;10.0323;10.0323;10.0323;15-Aug-2006

UTI Mutual Fund
102010;UTI Liquid Fund - Regular Plan - Daily IDCW (Reinvestment);;INF789F01PG3;1019.4457;1019.4457;1019.4457;15-Aug-2006
102011;UTI Liquid Fund - Regular Plan - Monthly IDCW;INF789F01PI9;INF789F01PJ7;1024.017;1024.017;1024.017;15-Aug-2006
102013;UTI Liquid Fund - Regular Plan - Weekly IDCW;;INF789F01PK5;1020.9057;1020.9057;1020.9057;15-Aug-2006
102012;UTI-  Liquid Cash Plan - Regular Plan - Growth Option;INF789F01PH1;;1177.5455;1177.5455;1177.5455;15-Aug-2006
102008;UTI-  Liquid Cash Plan- Discontinued - Regular Plan - Monthly Dividend Option;INF789F01BC2;INF789F01BA6;1027.8964;1027.8964;1027.8964;15-Aug-2006
102009;UTI-  Liquid Cash Plan- Discontinued - Regular Plan -Growth;INF789F01BB4;;1172.7136;1172.7136;1172.7136;15-Aug-2006
102007;UTI-  Liquid Cash Plan- Discontinued -Regular Plan Periodic Dividend Option;;INF789F01AZ5;1014.9841;1014.9841;1014.9841;15-Aug-2006

Open Ended Schemes ( Debt Scheme - Ultra Short Duration Fund )


DSP Mutual Fund
104138;DSP Ultra Short Fund - Regular Plan - Growth;INF740K01QQ3;;1002.6454;1002.6454;1002.6454;15-Aug-2006
104140;DSP Ultra Short Fund - Regular Plan - IDCW - Daily Reinvest;;INF740KA1NW4;1000.2000;1000.2000;1000.2000;15-Aug-2006
104139;DSP Ultra Short Fund - Regular Plan - IDCW - Weekly Reinvest;;;1000.9015;1000.9015;1000.9015;15-Aug-2006

SBI Mutual Fund
100641;SBI ULTRA SHORT DURATION FUND - REGULAR PLAN - GROWTH;INF200K01LJ4;;16.0753;16.0753;16.0753;15-Aug-2006
103884;SBI Ultra Short Duration Fund - Regular Plan - Weekly Income Distribution cum Capital Withdrawal Option (IDCW);INF200K01LM8;INF200K01LL0;10.6017;10.6017;10.6017;15-Aug-2006

UTI Mutual Fund
102532;UTI Ultra Short Duration Fund - Regular Plan - Growth Option;INF789F01570;;1170.4683;1170.4683;1170.4683;15-Aug-2006
102531;UTI Ultra Short Duration Fund - Regular Plan - Weekly IDCW (Reinvestment);;INF789F01562;1013.216;1013.216;1013.216;15-Aug-2006

Open Ended Schemes ( Debt Scheme - Low Duration Fund )


Aditya Birla Sun Life Mutual Fund
103192;Aditya Birla Sun Life Low Duration Fund - Growth Plan;INF209K01LQ0;;17.5939;17.5939;17.5939;15-Aug-2006
103195;Aditya Birla Sun Life Low Duration Fund - Institutional Plan - Growth;INF209K01KE8;;11.9359;11.9359;11.9359;15-Aug-2006
103191;Aditya Birla Sun Life Low Duration Fund -INSTITUTIONAL - DAILY IDCW;;INF209K01KD0;10.0020;10.0020;10.0020;15-Aug-2006
103194;Aditya Birla Sun Life Low Duration Fund -Institutional - weekly  IDCW;;INF209K01KG3;10.0125;10.0125;10.0125;15-Aug-2006
103193;Aditya Birla Sun Life Low Duration Fund -REGULAR - WEEKLY IDCW;;INF209KA1LQ4;10.0121;10.0121;10.0121;15-Aug-2006

Open Ended Schemes ( Debt Scheme - Money Market Fund )


Aditya Birla Sun Life Mutual Fund
101973;Aditya Birla Sun Life Money Manager Fund - Daily IDCW;;INF209K01SZ6;10.0086;10.0086;10.0086;15-Aug-2006
101976;Aditya Birla Sun Life Money Manager Fund - Growth;INF209K01RV7;;10.4818;10.4818;10.4818;15-Aug-2006
101972;Aditya Birla Sun Life Money Manager Fund - Retail - Daily IDCW;;INF209K01JZ5;10.0015;10.0015;10.0015;15-Aug-2006
101970;Aditya Birla Sun Life Money Manager Fund - RETAIL - WEEKLY IDCW;;INF209K01JY8;10.3819;10.3819;10.3819;15-Aug-2006
101971;Aditya Birla Sun Life Money Manager Fund - Retail Growth;INF209K01MJ3;;11.7861;11.7861;11.7861;15-Aug-2006
101974;Aditya Birla Sun Life Money Manager Fund - WEEKLY IDCW;;INF209K01SY9;10.0149;10.0149;10.0149;15-Aug-2006

HDFC Mutual Fund
101994;HDFC Money Market Fund - Daily IDCW Option;;INF179KB1IG6;10.6364;10.6364;10.6364;15-Aug-2006
101993;HDFC Money Market Fund - Growth Option;INF179KB1HR5;;14.9194;14.9194;14.9194;15-Aug-2006
101995;HDFC Money Market Fund - Weekly IDCW Option;INF179KB1IH4;INF179KB1II2;10.6324;10.6324;10.6324;15-Aug-2006

ICICI Prudential Mutual Fund
101221;ICICI Prudential Money Market Fund Retail Growth (erstwhile Cash Option);INF109K01TW3;; 12.1601 ; 12.1601 ; 12.1601 ;15-Aug-2006
103634;ICICI Prudential Money Market Fund Option - Daily IDCW;INF109K01TY9;; 10.0000 ; 10.0000 ; 10.0000 ;15-Aug-2006
103633;ICICI Prudential Money Market Fund Option - Growth;INF109K01TX1;; 10.2926 ; 10.2926 ; 10.2926 ;15-Aug-2006
103637;ICICI Prudential Money Market Fund Option - Monthly IDCW;INF109K01UC3;INF109K01UB5; 10.0301 ; 10.0301 ; 10.0301 ;15-Aug-2006
103635;ICICI Prudential Money Market Fund Option - Weekly IDCW;INF109K01TZ6;; 10.0019 ; 10.0019 ; 10.0019 ;15-Aug-2006

Kotak Mahindra Mutual Fund
101893;Kotak Money Market Fund - (Growth);INF174K01NA6;;11.7611;11.7611;11.7611;15-Aug-2006
101892;Kotak Money market Fund - (Monthly Payout of Income Distribution cum capital withdrawal option);INF174K018O0;INF174K01NB4;10.0054;10.0054;10.0054;15-Aug-2006
101894;Kotak Money Market Fund - (Weekly Reinvestment of Income Distribution cum capital withdrawal option);INF174K01NC2;;10.0062;10.0062;10.0062;15-Aug-2006

Nippon India Mutual Fund
103050;NIPPON INDIA MONEY MARKET FUND - DAILY IDCW Option;;INF204K01UY6;10.0031;10.0031;10.0031;15-Aug-2006
103052;NIPPON INDIA MONEY MARKET FUND - MONTHLY IDCW Option;INF204K01VB2;INF204K01VC0;10.6777;10.6777;10.6777;15-Aug-2006
103051;NIPPON INDIA MONEY MARKET FUND - WEEKLY IDCW Option;;INF204K01UZ3;10.0092;10.0092;10.0092;15-Aug-2006
103048;Nippon India Money Market Fund-Growth Plan-Growth Option;INF204K01VA4;;10.7161;10.7161;10.7161;15-Aug-2006

UTI Mutual Fund
100724;UTI MMF- Discontinued - Regular Plan - Flexi Dividend Option;;INF789F01BD0;17.5568;17.5568;17.5568;15-Aug-2006
100725;UTI MMF- Discontinued - Regular Plan - Periodic Dividend Option;INF789F01BE8;;17.4365;17.4365;17.4365;15-Aug-2006
100723;UTI MMF-Discontinued - Regular Plan -Growth;INF789F01BF5;;20.0953;20.0953;20.0953;15-Aug-2006

Open Ended Schemes ( Debt Scheme - Credit Risk Fund )


DSP Mutual Fund
101839;DSP Credit Risk Fund - Regular Plan - IDCW;INF740K01581;INF740K01AB9;10.2559;10.2559;10.2559;15-Aug-2006
101840;DSP Credit Risk Fund - Regular Plan - IDCW - Daily;;INF740KA1OA8;10.0312;10.0312;10.0312;15-Aug-2006
101838;DSP Credit Risk Fund - Regular Plan - IDCW - Weekly;INF740K01FR4;INF740K01FQ6;10.0415;10.0415;10.0415;15-Aug-2006
101837;DSP Credit Risk Fund - Regular Plan -Growth;INF740K01599;;11.8395;11.8395;11.8395;15-Aug-2006

Principal Mutual Fund
102729;Principal Credit Risk Fund - Regular Plan - Growth Option;INF173K01DM4;;11.1448;11.1448;11.1448;15-Aug-2006
102732;Principal Credit Risk Fund - Regular Plan - Monthly Dividend Option;INF173K01BJ4;INF173K01BK2;10.2449;10.2449;10.2449;15-Aug-2006
102726;Principal Floating Rate Fund - SMP-Daily Dividend;;;10.0007;10.0007;10.0007;15-Aug-2006
102725;Principal Floating Rate Fund - SMP-Growth;;;11.108;11.108;11.108;15-Aug-2006
102730;Principal Floating Rate Fund - SMP-Insti. Daily Dividend;;;10.0007;10.0007;10.0007;15-Aug-2006
102731;Principal Floating Rate Fund - SMP-Insti. Weekly Dividend;;;10.01;10.01;10.01;15-Aug-2006
102728;Principal Floating Rate Fund - SMP-Monthly Dividend;;;10.116;10.116;10.116;15-Aug-2006
102727;Principal Floating Rate Fund - SMP-Weekly Dividend;;;10.0099;10.0099;10.0099;15-Aug-2006

Open Ended Schemes ( Debt Scheme - Floater Fund )


Franklin Templeton Mutual Fund
101048;Franklin India Floating Rate Fund - Growth Plan;INF090I01LM7;;13.0985;13.0985;13.0985;15-Aug-2006
101044;Franklin India Floating Rate Fund - IDCW ;INF090I01LN5;;10.0000;10.0000;10.0000;15-Aug-2006

HDFC Mutual Fund
101483;HDFC Floating Rate Debt Fund - Retail Daily Div Option;;INF179K01640;10.0809;10.0809;10.0809;15-Aug-2006
101481;HDFC Floating Rate Debt Fund - Retail Growth Option;INF179K01632;;12.0397;12.0397;12.0397;15-Aug-2006
101484;HDFC Floating Rate Debt Fund - Retail Monthly Div option;INF179K01657;INF179K01665;10.1718;10.1718;10.1718;15-Aug-2006
101482;HDFC Floating Rate Debt Fund - Retail Weekly Div Option;INF179K01681;INF179K01673;10.1371;10.1371;10.1371;15-Aug-2006

ICICI Prudential Mutual Fund
101804;ICICI Prudential Floating Interest Fund - Daily IDCW;INF109K01AW3;; 10.0000 ; 10.0000 ; 10.0000 ;15-Aug-2006
101803;ICICI Prudential Floating Interest Fund - Fortnightly IDCW;INF109K01AZ6;; 10.0023 ; 10.0023 ; 10.0023 ;15-Aug-2006
101802;ICICI Prudential Floating Interest Fund - Growth;INF109K01AX1;; 10.4807 ; 10.4807 ; 10.4807 ;15-Aug-2006
101800;ICICI Prudential Floating Interest Fund Plan A - Dividend Daily;INF109K01928;; 10.0020 ; 9.9520 ; 10.0020 ;15-Aug-2006
101796;ICICI Prudential Floating Interest Fund Plan A - Fortnightly Dividend;INF109K01910;; 10.0034 ; 9.9534 ; 10.0034 ;15-Aug-2006
101795;ICICI Prudential Floating Interest Fund Plan A - Growth;INF109K01936;; 11.1304 ; 11.0747 ; 11.1304 ;15-Aug-2006
101799;ICICI Prudential Floating Interest Fund Plan B - Dividend Daily;INF109K01951;; 10.0020 ; 10.0020 ; 10.0020 ;15-Aug-2006
101794;ICICI Prudential Floating Interest Fund Plan B - Fortnightly Dividend;INF109K01969;; 10.0401 ; 10.0401 ; 10.0401 ;15-Aug-2006
101793;ICICI Prudential Floating Interest Fund Plan B - Growth;INF109K01977;; 11.9274 ; 11.9274 ; 11.9274 ;15-Aug-2006
101801;ICICI Prudential Floating Interest Fund Plan C - Dividend Daily;INF109K01AA9;; 10.0020 ; 10.0020 ; 10.0020 ;15-Aug-2006
101798;ICICI Prudential Floating Interest Fund Plan C - Fortnightly Dividend;INF109K01993;; 10.0033 ; 10.0033 ; 10.0033 ;15-Aug-2006
101797;ICICI Prudential Savings Fund Plan C - Growth;INF109K01AB7;; 11.2097 ; 11.2097 ; 11.2097 ;15-Aug-2006

Close Ended Schemes ( Income )


DSP Mutual Fund
103509;DSP BlackRock Fixed Term Plan - Series 2-Dividend;;;10.2801;10.1773;10.2801;15-Aug-2006
103508;DSP BlackRock Fixed Term Plan - Series 2-Growth;;;10.3623;10.2587;10.3623;15-Aug-2006
