Scheme Code;Scheme Name;ISIN Div Payout/ISIN Growth;ISIN Div Reinvestment;Net Asset Value;Repurchase Price;Sale Price;Date

Open Ended Schemes ( Income )


ABN  AMRO Mutual Fund
102645;ABN AMRO  Short Term Income Fund-Institutional Plan-Daily Dividend Option;;;10.0000;10.0000;10.0000;27-Jan-2007
102644;ABN AMRO  Short Term Income Fund-Institutional Plan-Growth Option;;;11.4437;11.4437;11.4437;27-Jan-2007
102646;ABN AMRO  Short Term Income Fund-Institutional Plan-Monthly Dividend Option;;;10.0513;10.0513;10.0513;27-Jan-2007
102647;ABN AMRO  Short Term Income Fund-Institutional Plan-Weekly Dividend Option;;;10.0035;10.0035;10.0035;27-Jan-2007
102649;ABN AMRO  Short Term Income Fund-Institutional Plus Plan-Daily Dividend Option;;;0.0000;0.0000;0.0000;27-Jan-2007
102648;ABN AMRO  Short Term Income Fund-Institutional Plus Plan-Growth Option;;;0.0000;0.0000;0.0000;27-Jan-2007
102650;ABN AMRO  Short Term Income Fund-Institutional Plus Plan-Monthly Dividend Option;;;0.0000;0.0000;0.0000;27-Jan-2007
102651;ABN AMRO  Short Term Income Fund-Institutional Plus Plan-Weekly Dividend Option;;;0.0000;0.0000;0.0000;27-Jan-2007
102641;ABN AMRO  Short Term Income Fund-Regular Plan-Growth Option;;;11.3241;11.3241;11.3241;27-Jan-2007
102642;ABN AMRO  Short Term Income Fund-Regular Plan-Monthly Dividend Option;;;10.0493;10.0493;10.0493;27-Jan-2007
102643;ABN AMRO  Short Term Income Fund-Regular Plan-Weekly Dividend Option;;;10.0033;10.0033;10.0033;27-Jan-2007

Standard Chartered Mutual Fund
102342;GCF-Plan C-Daily Dividend;;;10.0005;10.0005;10.0005;27-Jan-2007
102340;GCF-Plan C-Growth;;;11.6711;11.6711;11.6711;27-Jan-2007
102343;GCF-Plan C-Monthly Dividend;;;0;0;0;27-Jan-2007
102341;GCF-Plan C-weekly Dividend;;;10.002;10.002;10.002;27-Jan-2007
101780;GCF Daily-Dividend(Institutional Plan);;;10.5816;10.5816;10.5816;27-Jan-2007
101760;GCF Dividend-Weekly(Institutional Plan);;;10.3015;10.3015;10.3015;27-Jan-2007
102348;GFRF-Plan C-Daily Dividend;;;10.0005;10.0005;10.0005;27-Jan-2007
102347;GFRF-Plan C-Growth;;;11.6808;11.6808;11.6808;27-Jan-2007
102350;GFRF-Plan C-Monthly Divdend;;;0;0;0;27-Jan-2007
102349;GFRF-Plan C-Weekly Dividend;;;0;0;0;27-Jan-2007
101947;GFRF (Daily - Dividind);;;10.0699;10.0699;10.0699;27-Jan-2007
101948;GFRF (Dividend - Weekly);;;10.0687;10.0687;10.0687;27-Jan-2007
101773;GFRF - Growth(Institutional Plan);;;12.1077;12.1077;12.1077;27-Jan-2007
101774;GFRF Dividend-Daily (Institutional Plan);;;10.0703;10.0703;10.0703;27-Jan-2007
101776;GFRF Dividend-Monthly(Institutional Plan);;;10.0556;10.0556;10.0556;27-Jan-2007
101775;GFRF Dividend-Weekly(Institutional Plan);;;10.0932;10.0932;10.0932;27-Jan-2007
101100;Grindlays Cash Fund-Dividend (Daily);;;10.5819;10.5819;10.5819;27-Jan-2007
101099;Grindlays Cash Fund-Growth;;;13.6255;13.6255;13.6255;27-Jan-2007
101319;Grindlays Cash Fund - Dividend (Weekly);;;10.1935;10.1935;10.1935;27-Jan-2007
101632;Grindlays Cash Fund - Plan B (D) (Institutional Plan);;;0;0;0;27-Jan-2007
101248;Grindlays Cash Fund - Plan B (G) (Institutional Plan);;;13.6954;13.6954;13.6954;27-Jan-2007

Open Ended Schemes ( Liquid )


ING Mutual Fund
100194;ING Liquid Fund-Auto Sweep Growth Option;;;10.0000;10.0000;10.0000;27-Jan-2007
100195;ING Liquid Fund-Auto Sweep Weekly Dividend Option;;;10.0000;10.0000;10.0000;27-Jan-2007
100198;ING Liquid Fund-Institutional Daily Dividend Option;INF084M01473;;10.0107;10.0107;10.0107;27-Jan-2007
100196;ING Liquid Fund-Institutional Growth Option;INF084M01465;;11.6148;11.6148;11.6148;27-Jan-2007
100197;ING Liquid Fund-Institutional Weekly Dividend Option;INF084M01499;INF084M01481;10.0643;10.0643;10.0643;27-Jan-2007
100192;ING Liquid Fund-Regular Daily Dividend Option;INF084M01432;;10.7854;10.7854;10.7854;27-Jan-2007
100190;ING Liquid Fund-Regular Growth Option;INF084M01424;;15.6634;15.6634;15.6634;27-Jan-2007
100191;ING Liquid Fund-Regular Weekly Dividend Option;INF084M01457;INF084M01440;10.8349;10.8349;10.8349;27-Jan-2007
100200;ING Liquid Fund-Super Institutional Daily Dividend Option;INF084M01515;;10.0032;10.0032;10.0032;27-Jan-2007
100199;ING Liquid Fund-Super Institutional Growth Option;INF084M01507;;10.9929;10.9929;10.9929;27-Jan-2007
100201;ING Liquid Fund-Super Institutional Weekly Dividend Option;INF084M01531;INF084M01523;10.0950;10.0950;10.0950;27-Jan-2007

Sahara Mutual Fund
101397;Sahara Liquid Fund-Fixed Pricing -  Weekly Dividend Option;;INF515L01064;1025.0968;1025.0968;1025.0968;27-Jan-2007
101393;Sahara Liquid Fund-Fixed Pricing - Daily Dividend Option;;INF515L01049;1024.6537;1024.6537;1024.6537;27-Jan-2007
101394;Sahara Liquid Fund-Fixed Pricing - Growth option;INF515L01056;;1323.7756;1323.7756;1323.7756;27-Jan-2007
101398;Sahara Liquid Fund-Fixed Pricing - Monthly Dividend Option;;INF515L01072;1024.6248;1024.6248;1024.6248;27-Jan-2007
101399;Sahara Liquid Fund-Variable Pricing - Daily Dividend option;;INF515L01080;1024.6662;1024.6662;1024.6662;27-Jan-2007
101402;Sahara Liquid Fund-Variable Pricing - Growth option;INF515L01114;;1327.6376;1327.6376;1327.6376;27-Jan-2007
101400;Sahara Liquid Fund-Variable Pricing - Weekly Dividend Option;;INF515L01098;1025.0613;1025.0613;1025.0613;27-Jan-2007
101401;Sahara Liquid Fund-Variable Pricing- Monthly Dividend Option;;INF515L01106;1025.1875;1025.1875;1025.1875;27-Jan-2007

SBI Mutual Fund
102960;Z-OLD-SBI Magnum Inst. Income Fund -  Savings - Fortnightly(D)(Upto 22/03/07) Renamed as SBI Premier Liquid Fund;;;10.0907;10.0907;10.0907;27-Jan-2007
102870;Z-OLD-SBI Magnum Inst. Income Fund -  Savings - Wkly(D)(Upto 22/03/07) Renamed as SBI Premier Liquid Fund;;;10.5643;10.5643;10.5643;27-Jan-2007
102058;SBI Magnum Institutional Income Fund - Savings - Dividend(Upto 22/03/07) Renamed as SBI Premier Liquid Fund;;;10.0325;10.0325;10.0325;27-Jan-2007
101929;SBI Magnum Institutional Income Fund - Savings - Growth(Upto 22/03/07) Renamed as SBI Premier Liquid Fund;;;11.8966;11.8966;11.8966;27-Jan-2007

Standard Chartered Mutual Fund
103525;Standard Chartered Liquidity Manager (SCLM)-A-Dividend Daily;;;10.001;10.001;10.001;27-Jan-2007
103527;Standard Chartered Liquidity Manager (SCLM)-A-Dividend Monthly;;;10.0593;10.0593;10.0593;27-Jan-2007
103526;Standard Chartered Liquidity Manager (SCLM)-A-Dividend Weekly;;;10.0035;10.0035;10.0035;27-Jan-2007
103524;Standard Chartered Liquidity Manager (SCLM)-A-Growth;;;10.6269;10.6269;10.6269;27-Jan-2007
103598;Standard Chartered Liquidity Manager Plus-A-Dividend Daily;;;1000.1;1000.1;1000.1;27-Jan-2007
103600;Standard Chartered Liquidity Manager Plus-A-Dividend Monthly;;;1006.2409;1006.2409;1006.2409;27-Jan-2007
103599;Standard Chartered Liquidity Manager Plus-A-Dividend Weekly;;;1000.3014;1000.3014;1000.3014;27-Jan-2007
103597;Standard Chartered Liquidity Manager Plus-A-Growth;;;1059.3984;1059.3984;1059.3984;27-Jan-2007

Open Ended Schemes ( Floating Rate )


Standard Chartered Mutual Fund
101630;Grindlays Floating Rate Fund - Growth;;;12.26;12.26;12.26;27-Jan-2007
101631;Grindlays Floating Rate Fund- Dividend Monthly;;;10.08;10.08;10.08;27-Jan-2007

Open Ended Schemes ( Debt Scheme - Overnight Fund )


SBI Mutual Fund
101206;SBI OVERNIGHT FUND - REGULAR PLAN - GROWTH;INF200K01LQ9;;12.7808;12.7808;12.7808;27-Jan-2007
103140;SBI Overnight Fund - Regular Plan - Weekly Income Distribution cum Capital Withdrawal Option (IDCW);INF200K01LO4;INF200K01LP1;10.2340;10.2340;10.2340;27-Jan-2007

Open Ended Schemes ( Debt Scheme - Liquid Fund )


Baroda BNP Paribas Mutual Fund
101408;Baroda BNP Paribas LIQUID FUND- Defunct Plan -Growth Option;INF955L01575;;13.2339;13.2339;13.2339;27-Jan-2007
101407;Baroda BNP Paribas LIQUID FUND-Defunct Plan- IDCW Option;INF955L01559;INF955L01567;11.3495;11.3495;11.3495;27-Jan-2007
101409;Baroda BNP Paribas LIQUID FUND-Defunct Plan-Daily IDCW Option;INF955L01518;INF955L01526;10.0448;10.0448;10.0448;27-Jan-2007

Canara Robeco Mutual Fund
101363;Canara Robeco Liquid Fund- INSTITUTIONAL-Daily Dividend Reinvestment;;INF760K01CC1;10.0410;10.0410;10.0410;27-Jan-2007
101362;Canara Robeco Liquid Fund- INSTITUTIONAL-Growth;INF760K01CD9;;13.4868;13.4868;13.4868;27-Jan-2007
101361;Canara Robeco Liquid Fund- INSTITUTIONAL-Weekly dividend;;INF760K01CE7;10.0431;10.0431;10.0431;27-Jan-2007
101364;Canara Robeco Liquid Fund-Retail-DRI;;INF760K01CF4;10.0410;10.0410;10.0410;27-Jan-2007
101365;Canara Robeco Liquid Fund-Retail-Growth;INF760K01CH0;;13.4737;13.4737;13.4737;27-Jan-2007

Principal Mutual Fund
100895;Principal Cash Management Fund - Daily Income Distribution CUM Capital Withdrawal;;INF173K01DB7;10.0007;10.0007;10.0007;27-Jan-2007
100897;Principal Cash Management Fund - Monthly Income Distribution CUM Capital Withdrawal Option;INF173K01BV9;INF173K01BW7;10.0607;10.0607;10.0607;27-Jan-2007
100896;Principal Cash Management Fund - Weekly Income Distribution CUM Capital Withdrawal Option;;INF173K01DC5;10.0050;10.0050;10.0050;27-Jan-2007
100898;Principal Cash Management Fund -Growth Option;INF173K01DA9;;11.5255;11.5255;11.5255;27-Jan-2007
100892;Principal Cash Management-Liquid Option-Daily Dividend;;;10.0022;10.0022;10.0022;27-Jan-2007
100887;Principal Cash Management-Liquid Option-Dividend Plan;;;10.1240;10.1240;10.1240;27-Jan-2007
100888;Principal Cash Management-Liquid Option-Growth Plan;;;14.5294;14.5294;14.5294;27-Jan-2007
100894;Principal Cash Management-Liquid Option-Institutional - Daily Dividend Plan;;;10.0022;10.0022;10.0022;27-Jan-2007
100893;Principal Cash Management-Liquid Option-Institutional - Growth Plan;;;12.2064;12.2064;12.2064;27-Jan-2007
100891;Principal Cash Management-Liquid Option-Institutional - Monthly Dividend Plan;;;10.0592;10.0592;10.0592;27-Jan-2007
100890;Principal Cash Management-Liquid Option-Institutional - Weekly Dividend Plan;;;10.0058;10.0058;10.0058;27-Jan-2007
100889;Principal Cash Management-Liquid Option-Monthly Dividend;;;10.0576;10.0576;10.0576;27-Jan-2007

Taurus Mutual Fund
104240;Taurus Liquid Fund-Dividend;INF044D01542;INF044D01559;10.0027;10.0027;10.0027;27-Jan-2007
104241;Taurus Liquid Fund-Growth;INF044D01575;;10.2163;10.2163;10.2163;27-Jan-2007

UTI Mutual Fund
102010;UTI Liquid Fund - Regular Plan - Daily IDCW (Reinvestment);;INF789F01PG3;1019.4457;1019.4457;1019.4457;27-Jan-2007
102011;UTI Liquid Fund - Regular Plan - Monthly IDCW;INF789F01PI9;INF789F01PJ7;1030.5208;1030.5208;1030.5208;27-Jan-2007
102013;UTI Liquid Fund - Regular Plan - Weekly IDCW;;INF789F01PK5;1024.1645;1024.1645;1024.1645;27-Jan-2007
102012;UTI-  Liquid Cash Plan - Regular Plan - Growth Option;INF789F01PH1;;1216.7862;1216.7862;1216.7862;27-Jan-2007
102008;UTI-  Liquid Cash Plan- Discontinued - Regular Plan - Monthly Dividend Option;INF789F01BC2;INF789F01BA6;1034.7722;1034.7722;1034.7722;27-Jan-2007
102009;UTI-  Liquid Cash Plan- Discontinued - Regular Plan -Growth;INF789F01BB4;;1210.1392;1210.1392;1210.1392;27-Jan-2007
102007;UTI-  Liquid Cash Plan- Discontinued -Regular Plan Periodic Dividend Option;;INF789F01AZ5;1018.8804;1018.8804;1018.8804;27-Jan-2007

Open Ended Schemes ( Debt Scheme - Ultra Short Duration Fund )


SBI Mutual Fund
100641;SBI ULTRA SHORT DURATION FUND - REGULAR PLAN - GROWTH;INF200K01LJ4;;16.5798;16.5798;16.5798;27-Jan-2007
103884;SBI Ultra Short Duration Fund - Regular Plan - Weekly Income Distribution cum Capital Withdrawal Option (IDCW);INF200K01LM8;INF200K01LL0;10.6214;10.6214;10.6214;27-Jan-2007

UTI Mutual Fund
102532;UTI Ultra Short Duration Fund - Regular Plan - Growth Option;INF789F01570;;1207.4341;1207.4341;1207.4341;27-Jan-2007
102531;UTI Ultra Short Duration Fund - Regular Plan - Weekly IDCW (Reinvestment);;INF789F01562;1016.7189;1016.7189;1016.7189;27-Jan-2007

Open Ended Schemes ( Debt Scheme - Low Duration Fund )


Canara Robeco Mutual Fund
104559;CANARA ROBECO SAVINGS FUND - REGULAR PLAN - DAILY IDCW (Reinvestment);;INF760K01803;10.2600;10.2600;10.2600;27-Jan-2007
102913;CANARA ROBECO SAVINGS FUND - REGULAR PLAN - GROWTH OPTION;INF760K01795;;11.2951;11.2951;11.2951;27-Jan-2007
102914;CANARA ROBECO SAVINGS FUND - REGULAR PLAN - IDCW (Payout/Reinvestment);INF760K01779;INF760K01787;10.8631;10.8631;10.8631;27-Jan-2007
102915;CANARA ROBECO SAVINGS FUND - REGULAR PLAN - WEEKLY IDCW (Payout/Reinvestment);INF760K01CB3;INF760K01811;10.2622;10.2622;10.2622;27-Jan-2007

Open Ended Schemes ( Debt Scheme - Money Market Fund )


UTI Mutual Fund
100724;UTI MMF- Discontinued - Regular Plan - Flexi Dividend Option;;INF789F01BD0;17.6649;17.6649;17.6649;27-Jan-2007
100725;UTI MMF- Discontinued - Regular Plan - Periodic Dividend Option;INF789F01BE8;;17.5343;17.5343;17.5343;27-Jan-2007
100723;UTI MMF-Discontinued - Regular Plan -Growth;INF789F01BF5;;20.7599;20.7599;20.7599;27-Jan-2007

Open Ended Schemes ( Debt Scheme - Credit Risk Fund )


Principal Mutual Fund
102729;Principal Credit Risk Fund - Regular Plan - Growth Option;INF173K01DM4;;11.5133;11.5133;11.5133;27-Jan-2007
102732;Principal Credit Risk Fund - Regular Plan - Monthly Dividend Option;INF173K01BJ4;INF173K01BK2;10.3900;10.3900;10.3900;27-Jan-2007
102726;Principal Floating Rate Fund - SMP-Daily Dividend;;;10.0007;10.0007;10.0007;27-Jan-2007
102725;Principal Floating Rate Fund - SMP-Growth;;;11.4724;11.4724;11.4724;27-Jan-2007
102730;Principal Floating Rate Fund - SMP-Insti. Daily Dividend;;;10.0007;10.0007;10.0007;27-Jan-2007
102731;Principal Floating Rate Fund - SMP-Insti. Weekly Dividend;;;10.0050;10.0050;10.0050;27-Jan-2007
102728;Principal Floating Rate Fund - SMP-Monthly Dividend;;;10.2048;10.2048;10.2048;27-Jan-2007
102727;Principal Floating Rate Fund - SMP-Weekly Dividend;;;10.0049;10.0049;10.0049;27-Jan-2007
