Scheme Code;Scheme Name;ISIN Div Payout/ISIN Growth;ISIN Div Reinvestment;Net Asset Value;Repurchase Price;Sale Price;Date

Open Ended Schemes ( Liquid )


PGIM India Mutual Fund
120102;DHFL Pramerica Liquid Fund - Direct Plan-Daily Dividend Option;;INF663L01633;1000.4200;1000.4200;1000.4200;18-Apr-2014
120104;DHFL Pramerica Liquid Fund - Direct Plan-Growth Option;INF663L01625;;1375.5137;1375.5137;1375.5137;18-Apr-2014
120105;DHFL Pramerica Liquid Fund - Direct Plan-Monthly Dividend Option;INF663L01682;INF663L01666;1006.0605;1006.0605;1006.0605;18-Apr-2014
120106;DHFL Pramerica Liquid Fund - Direct Plan-Weekly Dividend - Option;;INF663L01641;1000.8549;1000.8549;1000.8549;18-Apr-2014
113184;DHFL Pramerica Liquid Fund - Dividend Option - Daily;;INF663L01088;1000.3700;1000.3700;1000.3700;18-Apr-2014
113187;DHFL Pramerica Liquid Fund - Dividend Option - Fortnightly;INF663L01120;INF663L01104;1001.7660;1001.7660;1001.7660;18-Apr-2014
113186;DHFL Pramerica Liquid Fund - Dividend Option - Monthly;INF663L01138;INF663L01112;1005.9316;1005.9316;1005.9316;18-Apr-2014
113183;DHFL Pramerica Liquid Fund - Growth Option;INF663L01070;;1373.7350;1373.7350;1373.7350;18-Apr-2014
113185;DHFL Pramerica Liquid Fund -Dividend Option- Weekly;;INF663L01096;1000.7699;1000.7699;1000.7699;18-Apr-2014
122257;DHFL Pramerica Liquid Fund-Bonus Option;INF663L01BD5;;1373.5453;1373.5453;1373.5453;18-Apr-2014
122258;DHFL Pramerica Liquid Fund-Direct Plan-Bonus Option;INF663L01BE3;;1375.2407;1375.2407;1375.2407;18-Apr-2014

PineBridge Mutual Fund
119355;PineBridge India Liquid Fund- Direct Plan- Daily Dividend Option;;INF178L01AV8;1001.0000;1001.0000;1001.0000;18-Apr-2014
119360;PineBridge India Liquid Fund- Direct Plan- Growth Option;INF178L01AP0;;1616.3316;1616.3316;1616.3316;18-Apr-2014
106513;PineBridge India Liquid Fund- Standard Plan-Daily Dividend Option;;INF178L01699;1001.0000;1001.0000;1001.0000;18-Apr-2014
106508;PineBridge India Liquid Fund- Standard Plan-Growth Option;INF178L01715;;1614.7422;1614.7422;1614.7422;18-Apr-2014
106519;PineBridge India Liquid Fund- Standard Plan-Monthly Dividend Option;INF178L01723;INF178L01731;1006.5106;1006.5106;1006.5106;18-Apr-2014
106520;PineBridge India Liquid Fund- Standard Plan-Quarterly Dividend Option;INF178L01749;INF178L01756;1006.5205;1006.5205;1006.5205;18-Apr-2014
106509;PineBridge India Liquid Fund- Standard Plan-Weekly Dividend Option;;INF178L01764;1001.6089;1001.6089;1001.6089;18-Apr-2014
106503;PineBridge India Liquid Fund-Retail Plan-DailyDividend Option;;INF178L01533;1001.0000;1001.0000;1001.0000;18-Apr-2014
106514;PineBridge India Liquid Fund-Retail Plan-Growth Option;INF178L01558;;1577.3259;1577.3259;1577.3259;18-Apr-2014
106504;PineBridge India Liquid Fund-Retail Plan-Monthly Dividend Option;INF178L01566;INF178L01574;1006.5029;1006.5029;1006.5029;18-Apr-2014
106510;PineBridge India Liquid Fund-Retail Plan-Weekly Dividend Option;;INF178L01608;1001.6092;1001.6092;1001.6092;18-Apr-2014

Sahara Mutual Fund
101397;Sahara Liquid Fund-Fixed Pricing -  Weekly Dividend Option;;INF515L01064;1027.4373;1027.4373;1027.4373;18-Apr-2014
101393;Sahara Liquid Fund-Fixed Pricing - Daily Dividend Option;;INF515L01049;1038.5061;1038.5061;1038.5061;18-Apr-2014
120265;Sahara Liquid Fund-Fixed Pricing - Direct - Weekly Dividend Option;;INF515L01668;1027.4373;1027.4373;1027.4373;18-Apr-2014
120262;Sahara Liquid Fund-Fixed Pricing - Direct -Growth option;INF515L01650;;2310.2323;2310.2323;2310.2323;18-Apr-2014
101394;Sahara Liquid Fund-Fixed Pricing - Growth option;INF515L01056;;2309.5361;2309.5361;2309.5361;18-Apr-2014
101398;Sahara Liquid Fund-Fixed Pricing - Monthly Dividend Option;;INF515L01072;1043.3721;1043.3721;1043.3721;18-Apr-2014
120253;Sahara Liquid Fund-Fixed Pricing -Direct - Daily Dividend Option- Direct;;INF515L01643;1038.5061;1038.5061;1038.5061;18-Apr-2014
120266;Sahara Liquid Fund-Fixed Pricing -Direct - Monthly Dividend Option;;INF515L01676;1043.3721;1043.3721;1043.3721;18-Apr-2014
101399;Sahara Liquid Fund-Variable Pricing - Daily Dividend option;;INF515L01080;1038.5576;1038.5576;1038.5576;18-Apr-2014
101402;Sahara Liquid Fund-Variable Pricing - Growth option;INF515L01114;;2333.8644;2333.8644;2333.8644;18-Apr-2014
101400;Sahara Liquid Fund-Variable Pricing - Weekly Dividend Option;;INF515L01098;1044.1862;1044.1862;1044.1862;18-Apr-2014
120271;Sahara Liquid Fund-Variable Pricing -Direct - Daily Dividend option;;INF515L01684;1038.5631;1038.5631;1038.5631;18-Apr-2014
120280;Sahara Liquid Fund-Variable Pricing -Direct - Growth option;INF515L01718;;2335.0561;2335.0561;2335.0561;18-Apr-2014
120272;Sahara Liquid Fund-Variable Pricing -Direct - Weekly Dividend Option;;INF515L01692;1044.1862;1044.1862;1044.1862;18-Apr-2014
120273;Sahara Liquid Fund-Variable Pricing- Direct - Monthly Dividend Option;;INF515L01700;1054.3557;1054.3557;1054.3557;18-Apr-2014
101401;Sahara Liquid Fund-Variable Pricing- Monthly Dividend Option;;INF515L01106;1049.8195;1049.8195;1049.8195;18-Apr-2014

Open Ended Schemes ( Debt Scheme - Overnight Fund )


SBI Mutual Fund
119831;SBI Overnight Fund - Direct Plan - Daily Income Distribution cum Capital Withdrawal Option (IDCW);;INF200K01TJ7;1009.9100;1004.8605;1009.9100;18-Apr-2014
119833;SBI OVERNIGHT FUND - DIRECT PLAN - GROWTH;INF200K01TK5;;2211.2568;2200.2005;2211.2568;18-Apr-2014
119832;SBI Overnight Fund - Direct Plan - Weekly Income Distribution cum Capital Withdrawal Option (IDCW);INF200K01TL3;INF200K01TM1;1032.7144;1027.5508;1032.7144;18-Apr-2014
114297;SBI Overnight Fund - Regular Plan - Daily Income Distribution cum Capital Withdrawal Option (IDCW);;INF200K01LN6;1009.9100;1004.8605;1009.9100;18-Apr-2014
101206;SBI OVERNIGHT FUND - REGULAR PLAN - GROWTH;INF200K01LQ9;;2207.0708;2196.0354;2207.0708;18-Apr-2014
103140;SBI Overnight Fund - Regular Plan - Weekly Income Distribution cum Capital Withdrawal Option (IDCW);INF200K01LO4;INF200K01LP1;1032.6719;1027.5085;1032.6719;18-Apr-2014

Open Ended Schemes ( Debt Scheme - Liquid Fund )


Axis Mutual Fund
120388;Axis Liquid Fund - Direct Plan - Daily IDCW;;INF846K01DA0;1000.3096;1000.3096;1000.3096;18-Apr-2014
120389;Axis Liquid Fund - Direct Plan - Growth Option;INF846K01CX4;;1428.8364;1428.8364;1428.8364;18-Apr-2014
120391;Axis Liquid Fund - Direct Plan - Monthly IDCW;INF846K01CY2;INF846K01CZ9;1006.5462;1006.5462;1006.5462;18-Apr-2014
120390;Axis Liquid Fund - Direct Plan - Weekly IDCW;INF846K01DB8;INF846K01DC6;1002.8467;1002.8467;1002.8467;18-Apr-2014
112211;Axis Liquid Fund - Regular Plan - Daily IDCW;;INF846K01420;1000.3096;1000.3096;1000.3096;18-Apr-2014
112210;Axis Liquid Fund - Regular Plan - Growth Option;INF846K01412;;1427.5774;1427.5774;1427.5774;18-Apr-2014
112213;Axis Liquid Fund - Regular Plan - Monthly IDCW;INF846K01453;INF846K01461;1006.5099;1006.5099;1006.5099;18-Apr-2014
112212;Axis Liquid Fund - Regular Plan - Weekly IDCW;INF846K01438;INF846K01446;1002.8417;1002.8417;1002.8417;18-Apr-2014
112712;Axis Liquid Fund - Retail Plan - Daily IDCW;;INF846K01362;1000.3096;1000.3096;1000.3096;18-Apr-2014
112713;Axis Liquid Fund - Retail Plan - Growth Option;INF846K01354;;1384.0391;1384.0391;1384.0391;18-Apr-2014
112714;Axis Liquid Fund - Retail Plan - Monthly IDCW;INF846K01396;INF846K01404;1006.1762;1006.1762;1006.1762;18-Apr-2014
112715;Axis Liquid Fund - Retail Plan - Weekly IDCW;INF846K01370;INF846K01388;1000.9205;1000.9205;1000.9205;18-Apr-2014

Canara Robeco Mutual Fund
118307;CANARA ROBECO LIQUID FUND - DIRECT PLAN - DAILY IDCW (Reinvestment);;INF760K01FS0;1005.5000;1005.5000;1005.5000;18-Apr-2014
118305;CANARA ROBECO LIQUID FUND - DIRECT PLAN - GROWTH OPTION;INF760K01FU6;;1567.6211;1567.6211;1567.6211;18-Apr-2014
118304;CANARA ROBECO LIQUID FUND - DIRECT PLAN - IDCW (Payout/Reinvestment);INF760K01FT8;;1122.3173;1122.3173;1122.3173;18-Apr-2014
118306;CANARA ROBECO LIQUID FUND - DIRECT PLAN - MONTHLY IDCW (Payout/Reinvestment);INF760K01FV4;INF760K01FW2;1006.0132;1006.0132;1006.0132;18-Apr-2014
118308;CANARA ROBECO LIQUID FUND - DIRECT PLAN - WEEKLY IDCW (Payout/Reinvestment);INF760K01FY8;INF760K01FX0;1000.5131;1000.5131;1000.5131;18-Apr-2014
109349;CANARA ROBECO LIQUID FUND - REGULAR PLAN - DAILY IDCW (Reinvestment);;INF760K01CU3;1005.5000;1005.5000;1005.5000;18-Apr-2014
109353;CANARA ROBECO LIQUID FUND - REGULAR PLAN - GROWTH OPTION;INF760K01CW9;;1566.4741;1566.4741;1566.4741;18-Apr-2014
109351;CANARA ROBECO LIQUID FUND - REGULAR PLAN - MONTHLY IDCW (Payout/Reinvestment);INF760K01CX7;INF760K01CY5;1005.9754;1005.9754;1005.9754;18-Apr-2014
109350;CANARA ROBECO LIQUID FUND - REGULAR PLAN - WEEKLY IDCW (Payout/Reinvestment);INF760K01BZ4;INF760K01CZ2;1000.5109;1000.5109;1000.5109;18-Apr-2014
101363;Canara Robeco Liquid Fund- INSTITUTIONAL-Daily Dividend Reinvestment;;INF760K01CC1;1005.5000;1005.5000;1005.5000;18-Apr-2014
101362;Canara Robeco Liquid Fund- INSTITUTIONAL-Growth;INF760K01CD9;;2304.4995;2304.4995;2304.4995;18-Apr-2014
101364;Canara Robeco Liquid Fund-Retail-DRI;;INF760K01CF4;1007.0000;1007.0000;1007.0000;18-Apr-2014
101365;Canara Robeco Liquid Fund-Retail-Growth;INF760K01CH0;;2255.2132;2255.2132;2255.2132;18-Apr-2014
109347;Canara Robeco Liquid Fund-Retail-Monthly Div Reinvest;;INF760K01CI8;1010.7418;1010.7418;1010.7418;18-Apr-2014
109356;Canara Robeco Liquid Fund-Retail-Weekly Div Reinvest;;INF760K01CJ6;1005.9323;1005.9323;1005.9323;18-Apr-2014

quant Mutual Fund
120837;quant Liquid Fund - Growth Option - Direct Plan;INF966L01820;;20.0032;20.0032;20.0032;18-Apr-2014
103225;quant Liquid Fund - Growth Option - Regular Plan;INF966L01317;;19.9486;19.9486;19.9486;18-Apr-2014
120838;quant Liquid Fund - Monthly IDCW Option - Direct Plan;INF966L01796;INF966L01812;15.1792;15.1792;15.1792;18-Apr-2014
103228;quant Liquid Fund - Monthly IDCW Option - Regular Plan;INF966L01291;INF966L01309;15.1221;15.1221;15.1221;18-Apr-2014
120839;quant Liquid Fund - Weekly IDCW Option - Direct Plan;INF966L01788;INF966L01804;13.5246;13.5246;13.5246;18-Apr-2014
103227;quant Liquid Fund - Weekly IDCW Option - Regular Plan;INF966L01499;INF966L01283;13.5184;13.5184;13.5184;18-Apr-2014
120836;quant Liquid Fund-Daily IDCW Option - Direct Plan;;INF966L01770;13.7919;13.7919;13.7919;18-Apr-2014
103226;quant Liquid Fund-Daily IDCW Option - Regular Plan;;INF966L01275;13.7387;13.7387;13.7387;18-Apr-2014

SBI Mutual Fund
119804;SBI Liquid Fund - Direct Paln - Fortnightly Income Distribution cum Capital Withdrawal Option (IDCW);INF200K01UR8;INF200K01US6;1013.3886;1013.3886;1013.3886;18-Apr-2014
119805;SBI Liquid Fund - Direct Plan - Daily Income Distribution cum Capital Withdrawal Option (IDCW);;INF200K01UQ0;1003.2500;1003.2500;1003.2500;18-Apr-2014
119799;SBI Liquid Fund - Direct Plan - Weekly Income Distribution cum Capital Withdrawal Option (IDCW);INF200K01UU2;INF200K01UV0;1062.6638;1062.6638;1062.6638;18-Apr-2014
119800;SBI Liquid Fund - DIRECT PLAN -Growth;INF200K01UT4;;2026.5593;2026.5593;2026.5593;18-Apr-2014
105274;SBI Liquid Fund - Institutional - Growth;INF200K01LU1;;2043.9271;2043.9271;2043.9271;18-Apr-2014
105275;SBI Liquid Fund - Institutional Daily Income Distribution cum Capital Withdrawal Option (IDCW);;INF200K01LR7;1003.2500;1003.2500;1003.2500;18-Apr-2014
105279;SBI Liquid Fund - Institutional Fortnightly Income Distribution cum Capital Withdrawal Option (IDCW);INF200K01LS5;INF200K01LT3;1024.6967;1024.6967;1024.6967;18-Apr-2014
105278;SBI Liquid Fund - Institutional Weekly Income Distribution cum Capital Withdrawal Option (IDCW);INF200K01LV9;INF200K01LW7;1061.9395;1061.9395;1061.9395;18-Apr-2014
105281;SBI Liquid Fund - Regular Plan - Daily Income Distribution cum Capital Withdrawal Option (IDCW);;INF200K01LX5;1003.2500;1003.2500;1003.2500;18-Apr-2014
105283;SBI Liquid Fund - Regular Plan - Fortnightly Income Distribution cum Capital Withdrawal Option (IDCW);INF200K01LY3;INF200K01LZ0;1013.3753;1013.3753;1013.3753;18-Apr-2014
105282;SBI Liquid Fund - Regular Plan - Weekly Income Distribution cum Capital Withdrawal Option (IDCW);INF200K01MB9;INF200K01MC7;1062.6499;1062.6499;1062.6499;18-Apr-2014
105280;SBI Liquid Fund - REGULAR PLAN -Growth;INF200K01MA1;;2024.9307;2024.9307;2024.9307;18-Apr-2014

Sundaram Mutual Fund
119690;Sundaram Money Fund Direct Plan - Bonus;INF903J01RL8;;16.6514;16.6514;16.6514;18-Apr-2014
119688;Sundaram Money Fund Direct Plan - Daily Reinvestment of Income Distribution cum Capital Withdrawal (IDCW);;INF903J01QA3;10.1025;10.1025;10.1025;18-Apr-2014
119692;Sundaram Money Fund Direct Plan - Fortnightly Reinvestment of Income Distribution cum Capital Withdrawal (IDCW);;INF903J01QB1;25.3055;25.3055;25.3055;18-Apr-2014
119686;Sundaram Money Fund Direct Plan - Growth;INF903J01QF2;;27.1913;27.1913;27.1913;18-Apr-2014
119687;Sundaram Money Fund Direct Plan - Monthly Income Distribution cum Capital Withdrawal (IDCW);INF903J01QC9;INF903J01QD7;10.5902;10.5902;10.5902;18-Apr-2014
119691;Sundaram Money Fund Direct Plan - Weekly Reinvestment of Income Distribution cum Capital Withdrawal (IDCW);;INF903J01QG0;11.4244;11.4244;11.4244;18-Apr-2014
102701;Sundaram Money Fund Institutional Plan - Daily Reinvestment of Income Distribution cum Capital Withdrawal (IDCW);;INF903J01GP2;10.0953;10.0953;10.0953;18-Apr-2014
102703;Sundaram Money Fund Institutional Plan - Growth;INF903J01GN7;;26.4991;26.4991;26.4991;18-Apr-2014
118328;Sundaram Money Fund Regular Plan - Bonus;INF903J01MB0;;16.6373;16.6373;16.6373;18-Apr-2014
103392;Sundaram Money Fund Regular Plan - Daily Reinvestment of Income Distribution cum Capital Withdrawal (IDCW);;INF903J01GW8;10.0953;10.0953;10.0953;18-Apr-2014
103395;Sundaram Money Fund Regular Plan - Fortnightly Reinvestment of Income Distribution cum Capital Withdrawal (IDCW);;INF903J01GY4;10.7362;10.7362;10.7362;18-Apr-2014
103397;Sundaram Money Fund Regular Plan - Growth;INF903J01GU2;;27.1737;27.1737;27.1737;18-Apr-2014
103396;Sundaram Money Fund Regular Plan - Monthly Income Distribution cum Capital Withdrawal (IDCW);INF903J01GV0;INF903J01GZ1;10.4499;10.4499;10.4499;18-Apr-2014
103393;Sundaram Money Fund Regular Plan - Quarterly Reinvestment of Income Distribution cum Capital Withdrawal (IDCW);;INF903J01HA2;13.9921;13.9921;13.9921;18-Apr-2014
100620;Sundaram Money Fund Retail Plan - Daily Reinvestment of Income Distribution cum Capital Withdrawal (IDCW);;INF903J01GI7;10.0953;10.0953;10.0953;18-Apr-2014
100622;Sundaram Money Fund Retail Plan - Fortnightly Reinvestment of Income Distribution cum Capital Withdrawal (IDCW);;INF903J01GK3;10.6857;10.6857;10.6857;18-Apr-2014
100618;Sundaram Money Fund Retail Plan - Growth;INF903J01GG1;;25.3937;25.3937;25.3937;18-Apr-2014
100623;Sundaram Money Fund Retail Plan - Monthly Income Distribution cum Capital Withdrawal (IDCW);INF903J01GH9;INF903J01GL1;10.4627;10.4627;10.4627;18-Apr-2014
100619;Sundaram Money Fund Retail Plan - Quarterly Reinvestment of Income Distribution cum Capital Withdrawal (IDCW);;INF903J01GM9;14.2106;14.2106;14.2106;18-Apr-2014
100621;Sundaram Money Fund Retail Plan - Weekly Reinvestment of Income Distribution cum Capital Withdrawal (IDCW);;INF903J01GJ5;11.1479;11.1479;11.1479;18-Apr-2014
103394;Sundaram Money Fund Regular Plan - Weekly Reinvestment of Income Distribution cum Capital Withdrawal (IDCW);;INF903J01GX6;11.1889;11.1889;11.1889;18-Apr-2014

Union Mutual Fund
115401;Union Liquid Fund - Daily IDCW Option;;INF582M01021;1000.6489;1000.6489;1000.6489;18-Apr-2014
119301;Union Liquid Fund - Direct Plan - Daily IDCW Option;;INF582M01682;1000.6506;1000.6506;1000.6506;18-Apr-2014
119305;Union Liquid Fund - Direct Plan - Fortnightly IDCW Option;INF582M01724;INF582M01708;1002.2751;1002.2751;1002.2751;18-Apr-2014
119303;Union Liquid Fund - Direct Plan - Growth Option;INF582M01674;;1292.0175;1292.0175;1292.0175;18-Apr-2014
119302;Union Liquid Fund - Direct Plan - Monthly IDCW Option;INF582M01732;INF582M01716;1006.5617;1006.5617;1006.5617;18-Apr-2014
119304;Union Liquid Fund - Direct Plan - Weekly IDCW Option;;INF582M01690;1001.0018;1001.0018;1001.0018;18-Apr-2014
115399;Union Liquid Fund - Fortnightly IDCW Option;INF582M01062;INF582M01047;1002.2491;1002.2491;1002.2491;18-Apr-2014
115398;Union Liquid Fund - Growth Option;INF582M01013;;1291.1305;1291.1305;1291.1305;18-Apr-2014
115400;Union Liquid Fund - Monthly IDCW Option;INF582M01070;INF582M01054;1006.5362;1006.5362;1006.5362;18-Apr-2014
115402;Union Liquid Fund - Weekly IDCW Option;;INF582M01039;1000.9985;1000.9985;1000.9985;18-Apr-2014

UTI Mutual Fund
120558;UTI Liquid Fund - Direct Plan - Daily IDCW (Reinvestment);;INF789F01XP8;1019.4457;1019.4457;1019.4457;18-Apr-2014
120794;UTI Liquid Fund - Direct Plan - Monthly IDCW;INF789F01XR4;INF789F01XS2;1029.3121;1029.3121;1029.3121;18-Apr-2014
120777;UTI Liquid Fund - Direct Plan - Weekly IDCW;;INF789F01XT0;1053.5238;1053.5238;1053.5238;18-Apr-2014
102010;UTI Liquid Fund - Regular Plan - Daily IDCW (Reinvestment);;INF789F01PG3;1019.4457;1019.4457;1019.4457;18-Apr-2014
102011;UTI Liquid Fund - Regular Plan - Monthly IDCW;INF789F01PI9;INF789F01PJ7;1029.2895;1029.2895;1029.2895;18-Apr-2014
102013;UTI Liquid Fund - Regular Plan - Weekly IDCW;;INF789F01PK5;1053.5195;1053.5195;1053.5195;18-Apr-2014
120304;UTI-  Liquid Cash Plan - Direct Plan - Growth Option;INF789F01XQ6;;2113.5915;2113.5915;2113.5915;18-Apr-2014
102012;UTI-  Liquid Cash Plan - Regular Plan - Growth Option;INF789F01PH1;;2111.0797;2111.0797;2111.0797;18-Apr-2014
102008;UTI-  Liquid Cash Plan- Discontinued - Regular Plan - Monthly Dividend Option;INF789F01BC2;INF789F01BA6;1146.8206;1146.8206;0;18-Apr-2014
102009;UTI-  Liquid Cash Plan- Discontinued - Regular Plan -Growth;INF789F01BB4;;2033.9948;2033.9948;0;18-Apr-2014
102007;UTI-  Liquid Cash Plan- Discontinued -Regular Plan Periodic Dividend Option;;INF789F01AZ5;1135.8961;1135.8961;0;18-Apr-2014

Open Ended Schemes ( Debt Scheme - Ultra Short Duration Fund )


SBI Mutual Fund
119784;SBI Ultra Short Duration Fund - Direct Plan - Daily Income Distribution cum Capital Withdrawal Option (IDCW);;INF200K01TG3;1675.0300;1673.3550;1675.0300;18-Apr-2014
119828;SBI ULTRA SHORT DURATION FUND - DIRECT PLAN - GROWTH;INF200K01TF5;;2852.7157;2849.8630;2852.7157;18-Apr-2014
119829;SBI Ultra Short Duration Fund - Direct Plan - Weekly Income Distribution cum Capital Withdrawal Option (IDCW);INF200K01TH1;INF200K01TI9;1079.2047;1078.1255;1079.2047;18-Apr-2014
105080;SBI Ultra Short Duration Fund - Regular Plan - Daily Income Distribution cum Capital Withdrawal Option (IDCW);;INF200K01LK2;1675.0300;1673.3550;1675.0300;18-Apr-2014
100641;SBI ULTRA SHORT DURATION FUND - REGULAR PLAN - GROWTH;INF200K01LJ4;;2850.1717;2847.3215;2850.1717;18-Apr-2014
103884;SBI Ultra Short Duration Fund - Regular Plan - Weekly Income Distribution cum Capital Withdrawal Option (IDCW);INF200K01LM8;INF200K01LL0;1079.1870;1078.1078;1079.1870;18-Apr-2014

Open Ended Schemes ( Debt Scheme - Money Market Fund )


UTI Mutual Fund
120299;UTI MMF - Direct Plan - Growth Option;INF789F01XV6;;1444.2544;1444.2544;1444.2544;18-Apr-2014
112077;UTI MMF - Regular Plan - Growth Option;INF789F01PX8;;1442.4459;1442.4459;1442.4459;18-Apr-2014
100724;UTI MMF- Discontinued - Regular Plan - Flexi Dividend Option;;INF789F01BD0;2003.8251;2003.8251;0;18-Apr-2014
100725;UTI MMF- Discontinued - Regular Plan - Periodic Dividend Option;INF789F01BE8;;1994.374;1994.374;0;18-Apr-2014
100723;UTI MMF-Discontinued - Regular Plan -Growth;INF789F01BF5;;3519.7199;3519.7199;0;18-Apr-2014
120772;UTI Money Market Fund - Direct Plan - Daily IDCW (Reinvestment);;INF789F01XU8;1003.3854;1003.3854;1003.3854;18-Apr-2014
120793;UTI Money Market Fund - Direct Plan - Weekly IDCW;INF789F01XW4;INF789F01XX2;1015.0563;1015.0563;1015.0563;18-Apr-2014
112076;UTI Money Market Fund - Regular Plan - Daily IDCW (Reinvestment);;INF789F01PW0;1003.3854;1003.3854;1003.3854;18-Apr-2014
112635;UTI Money Market Fund - Regular Plan - Weekly IDCW;INF789F01PY6;INF789F01PZ3;1015.0497;1015.0497;1015.0497;18-Apr-2014

Open Ended Schemes ( Debt Scheme - Floater Fund )


Franklin Templeton Mutual Fund
118508;Franklin India Floating Rate Fund - Direct - Growth;INF090I01LK1;;20.6915;20.6915;20.6915;18-Apr-2014
118507;Franklin India Floating Rate Fund - Direct - IDCW ;INF090I01LL9;;10.0095;10.0095;10.0095;18-Apr-2014
101048;Franklin India Floating Rate Fund - Growth Plan;INF090I01LM7;;20.5342;20.5342;20.5342;18-Apr-2014
101044;Franklin India Floating Rate Fund - IDCW ;INF090I01LN5;;10.0085;10.0085;10.0085;18-Apr-2014

Close Ended Schemes ( Income )


SBI Mutual Fund
114781;SBI Capital Protection Oriented Fund - Series II -;INF200K01ED2;;12.6009;N.A.;N.A.;18-Apr-2014
115824;SBI Capital Protection Oriented Fund - Series III - Growth;INF200K01IH4;;12.1672;N.A.;N.A.;18-Apr-2014
121305;SBI DEBT FUND SERIES - 14 MONTHS - 1 - DIRECT PLAN - DIVIDEND;INF200K01XH3;;11.0644;N.A.;N.A.;18-Apr-2014
121306;SBI DEBT FUND SERIES - 14 MONTHS - 1 - DIRECT PLAN - GROWTH;INF200K01XG5;;11.0643;N.A.;N.A.;18-Apr-2014
121303;SBI DEBT FUND SERIES - 14 MONTHS - 1 - REGULAR PLAN - DIVIDEND;INF200K01XF7;;11.0516;N.A.;N.A.;18-Apr-2014
121304;SBI DEBT FUND SERIES - 14 MONTHS - 1 - REGULAR PLAN - GROWTH;INF200K01XE0;;11.0516;N.A.;N.A.;18-Apr-2014
122015;SBI DEBT FUND SERIES - 14 MONTHS - 2 - DIRECT PLAN - DIVIDEND;INF200K01XL5;;10.9433;N.A.;N.A.;18-Apr-2014
122017;SBI DEBT FUND SERIES - 14 MONTHS - 2 - DIRECT PLAN - GROWTH;INF200K01XK7;;10.9433;N.A.;N.A.;18-Apr-2014
122016;SBI DEBT FUND SERIES - 14 MONTHS - 2 - REGULAR PLAN - DIVIDEND;INF200K01XJ9;;10.9375;N.A.;N.A.;18-Apr-2014
122018;SBI DEBT FUND SERIES - 14 MONTHS - 2 - REGULAR PLAN - GROWTH;INF200K01XI1;;10.9375;N.A.;N.A.;18-Apr-2014
126205;SBI DEBT FUND SERIES - 16 MONTHS - 1 - DIRECT PLAN - GROWTH;INF200KA1CE8;;10.2714;N.A.;N.A.;18-Apr-2014
126206;SBI DEBT FUND SERIES - 16 MONTHS - 1 - REGULAR PLAN - DIVIDEND;INF200KA1CD0;;10.2647;N.A.;N.A.;18-Apr-2014
126207;SBI DEBT FUND SERIES - 16 MONTHS - 1 - REGULAR PLAN - GROWTH;INF200KA1CC2;;10.2647;N.A.;N.A.;18-Apr-2014
126208;SBI DEBT FUND SERIES - 16 MONTHS - 1- DIRECT PLAN - DIVIDEND;INF200KA1CF5;;10.2714;N.A.;N.A.;18-Apr-2014
126209;SBI DEBT FUND SERIES - 16 MONTHS - 2 - DIRECT PLAN - GROWTH;INF200KA1DM9;;10.2418;N.A.;N.A.;18-Apr-2014
126210;SBI DEBT FUND SERIES - 16 MONTHS - 2 - REGULAR PLAN - DIVIDEND;INF200KA1DL1;;10.2362;N.A.;N.A.;18-Apr-2014
126211;SBI DEBT FUND SERIES - 16 MONTHS - 2 - REGULAR PLAN - GROWTH;INF200KA1DK3;;10.2362;N.A.;N.A.;18-Apr-2014
126212;SBI DEBT FUND SERIES - 16 MONTHS - 2- DIRECT PLAN - DIVIDEND;INF200KA1DN7;;10.2418;N.A.;N.A.;18-Apr-2014
125734;SBI DEBT FUND SERIES - 17 MONTHS - 1 - DIRECT PLAN - GROWTH;INF200KA1CQ2;;10.3377;N.A.;N.A.;18-Apr-2014
125735;SBI DEBT FUND SERIES - 17 MONTHS - 1 - REGULAR PLAN - DIVIDEND;INF200KA1CP4;;10.3292;N.A.;N.A.;18-Apr-2014
125736;SBI DEBT FUND SERIES - 17 MONTHS - 1 - REGULAR PLAN - GROWTH;INF200KA1CO7;;10.3292;N.A.;N.A.;18-Apr-2014
125733;SBI DEBT FUND SERIES - 17 MONTHS - 1- DIRECT PLAN - DIVIDEND;INF200KA1CR0;;10.3377;N.A.;N.A.;18-Apr-2014
117983;SBI DEBT FUND SERIES - 18 MONTHS - 11 - DIVIDEND;INF200K01PW8;;11.2512;N.A.;N.A.;18-Apr-2014
117984;SBI DEBT FUND SERIES - 18 MONTHS - 11 - GROWTH;INF200K01PV0;;11.2512;N.A.;N.A.;18-Apr-2014
125008;SBI DEBT FUND SERIES - 18 MONTHS - 12 - DIRECT PLAN - DIVIDEND;INF200KA1BL5;;10.4358;N.A.;N.A.;18-Apr-2014
125005;SBI DEBT FUND SERIES - 18 MONTHS - 12 - DIRECT PLAN - GROWTH;INF200KA1BK7;;10.4358;N.A.;N.A.;18-Apr-2014
125006;SBI DEBT FUND SERIES - 18 MONTHS - 12 - REGULAR PLAN - DIVIDEND;INF200KA1BJ9;;10.4212;N.A.;N.A.;18-Apr-2014
125007;SBI DEBT FUND SERIES - 18 MONTHS - 12 - REGULAR PLAN - GROWTH;INF200KA1BI1;;10.4212;N.A.;N.A.;18-Apr-2014
125460;SBI DEBT FUND SERIES - 18 MONTHS - 13 - DIRECT PLAN - DIVIDEND;INF200KA1DZ1;;N.A.;N.A.;N.A.;18-Apr-2014
125461;SBI DEBT FUND SERIES - 18 MONTHS - 13 - DIRECT PLAN - GROWTH;INF200KA1DY4;;10.4042;N.A.;N.A.;18-Apr-2014
125462;SBI DEBT FUND SERIES - 18 MONTHS - 13 - REGULAR PLAN - DIVIDEND;INF200KA1DX6;;10.3947;N.A.;N.A.;18-Apr-2014
125463;SBI DEBT FUND SERIES - 18 MONTHS - 13 - REGULAR PLAN - GROWTH;INF200KA1DW8;;10.3947;N.A.;N.A.;18-Apr-2014
115263;SBI SDFS - 36 MONTHS - 1 - DIVIDEND;INF200K01EC4;;11.4947;N.A.;N.A.;18-Apr-2014
115262;SBI SDFS - 36 MONTHS - 1 - GROWTH;INF200K01EB6;;12.9987;N.A.;N.A.;18-Apr-2014
120908;SBI DEBT FUND SERIES - 36 MONTHS - 2 - DIRECT PLAN - DIVIDEND;INF200K01QM7;;11.0205;N.A.;N.A.;18-Apr-2014
120911;SBI DEBT FUND SERIES - 36 MONTHS - 2 - DIRECT PLAN - GROWTH;INF200K01QL9;;11.0205;N.A.;N.A.;18-Apr-2014
120909;SBI DEBT FUND SERIES - 36 MONTHS - 2 - REGULAR PLAN - DIVIDEND;INF200K01QH7;;10.9420;N.A.;N.A.;18-Apr-2014
120910;SBI DEBT FUND SERIES - 36 MONTHS - 2 - REGULAR PLAN - GROWTH;INF200K01QG9;;10.9420;N.A.;N.A.;18-Apr-2014
123647;SBI DEBT FUND SERIES - 36 MONTHS - 4 - DIRECT PLAN - DIVIDEND;INF200KA1KF8;;10.7660;N.A.;N.A.;18-Apr-2014
123649;SBI DEBT FUND SERIES - 36 MONTHS - 4 - DIRECT PLAN - GROWTH;INF200KA1KE1;;10.7660;N.A.;N.A.;18-Apr-2014
123648;SBI DEBT FUND SERIES - 36 MONTHS - 4 - REGULAR PLAN - DIVIDEND;INF200KA1KD3;;10.7548;N.A.;N.A.;18-Apr-2014
123650;SBI DEBT FUND SERIES - 36 MONTHS - 4 - REGULAR PLAN - GROWTH;INF200KA1KC5;;10.7548;N.A.;N.A.;18-Apr-2014
124000;SBI DEBT FUND SERIES - 36 MONTHS - 5 - DIRECT PLAN - DIVIDEND;INF200K01D91;;N.A.;N.A.;N.A.;18-Apr-2014
124001;SBI DEBT FUND SERIES - 36 MONTHS - 5 - DIRECT PLAN - GROWTH;INF200K01D83;;10.6247;N.A.;N.A.;18-Apr-2014
124003;SBI DEBT FUND SERIES - 36 MONTHS - 5 - REGULAR PLAN - DIVIDEND;INF200K01D75;;10.6147;N.A.;N.A.;18-Apr-2014
124002;SBI DEBT FUND SERIES - 36 MONTHS - 5 - REGULAR PLAN - GROWTH;INF200K01D67;;10.6147;N.A.;N.A.;18-Apr-2014
124373;SBI DEBT FUND SERIES - 36 MONTHS - 6 - DIRECT PLAN - DIVIDEND;INF200KA1KZ6;;10.5932;N.A.;N.A.;18-Apr-2014
124374;SBI DEBT FUND SERIES - 36 MONTHS - 6 - DIRECT PLAN - GROWTH;INF200KA1KY9;;10.5932;N.A.;N.A.;18-Apr-2014
124375;SBI DEBT FUND SERIES - 36 MONTHS - 6 - REGULAR PLAN - DIVIDEND;INF200KA1KX1;;10.5689;N.A.;N.A.;18-Apr-2014
124376;SBI DEBT FUND SERIES - 36 MONTHS - 6 - REGULAR PLAN - GROWTH;INF200KA1KW3;;10.5689;N.A.;N.A.;18-Apr-2014
125719;SBI DEBT FUND SERIES - 36 MONTHS - 7 - DIRECT PLAN - DIVIDEND;INF200K01E74;;10.3031;N.A.;N.A.;18-Apr-2014
125721;SBI DEBT FUND SERIES - 36 MONTHS - 7 - DIRECT PLAN - GROWTH;INF200K01E66;;10.3031;N.A.;N.A.;18-Apr-2014
125720;SBI DEBT FUND SERIES - 36 MONTHS - 7 - REGULAR PLAN - DIVIDEND;INF200K01E58;;10.2964;N.A.;N.A.;18-Apr-2014
125722;SBI DEBT FUND SERIES - 36 MONTHS - 7 - REGULAR PLAN - GROWTH;INF200K01E41;;10.2964;N.A.;N.A.;18-Apr-2014
122348;SBI DEBT FUND SERIES - 366 DAYS - 27 - DIRECT PLAN - DIVIDEND;INF200K01WN3;;10.8171;N.A.;N.A.;18-Apr-2014
122349;SBI DEBT FUND SERIES - 366 DAYS - 27 - DIRECT PLAN - GROWTH;INF200K01WM5;;10.8171;N.A.;N.A.;18-Apr-2014
122346;SBI DEBT FUND SERIES - 366 DAYS - 27 - REGULAR PLAN - DIVIDEND;INF200K01WL7;;10.8118;N.A.;N.A.;18-Apr-2014
122347;SBI DEBT FUND SERIES - 366 DAYS - 27 - REGULAR PLAN - GROWTH;INF200K01WK9;;10.8118;N.A.;N.A.;18-Apr-2014
122406;SBI DEBT FUND SERIES - 366 DAYS - 28 - DIRECT PLAN - DIVIDEND;INF200K01WR4;;10.8341;N.A.;N.A.;18-Apr-2014
122407;SBI DEBT FUND SERIES - 366 DAYS - 28 - DIRECT PLAN - GROWTH;INF200K01WQ6;;10.8341;N.A.;N.A.;18-Apr-2014
122405;SBI DEBT FUND SERIES - 366 DAYS - 28 - REGULAR PLAN - DIVIDEND;INF200K01WP8;;10.8287;N.A.;N.A.;18-Apr-2014
122408;SBI DEBT FUND SERIES - 366 DAYS - 28 - REGULAR PLAN - GROWTH;INF200K01WO1;;10.8287;N.A.;N.A.;18-Apr-2014
122619;SBI DEBT FUND SERIES - 366 DAYS - 29 - DIRECT PLAN - DIVIDEND;INF200K01WV6;;N.A.;N.A.;N.A.;18-Apr-2014
122621;SBI DEBT FUND SERIES - 366 DAYS - 29 - DIRECT PLAN - GROWTH;INF200K01WU8;;10.7193;N.A.;N.A.;18-Apr-2014
122620;SBI DEBT FUND SERIES - 366 DAYS - 29 - REGULAR PLAN - DIVIDEND;INF200K01WT0;;10.7146;N.A.;N.A.;18-Apr-2014
122622;SBI DEBT FUND SERIES - 366 DAYS - 29 - REGULAR PLAN - GROWTH;INF200K01WS2;;10.7146;N.A.;N.A.;18-Apr-2014
122788;SBI DEBT FUND SERIES - 366 DAYS - 30 - DIRECT PLAN - DIVIDEND;INF200K01YX8;;10.6714;N.A.;N.A.;18-Apr-2014
122790;SBI DEBT FUND SERIES - 366 DAYS - 30 - DIRECT PLAN - GROWTH;INF200K01YW0;;10.6714;N.A.;N.A.;18-Apr-2014
122791;SBI DEBT FUND SERIES - 366 DAYS - 30 - REGULAR PLAN - DIVIDEND;INF200K01YV2;;10.6670;N.A.;N.A.;18-Apr-2014
122789;SBI DEBT FUND SERIES - 366 DAYS - 30 - REGULAR PLAN - GROWTH;INF200K01YU4;;10.6670;N.A.;N.A.;18-Apr-2014
122812;SBI DEBT FUND SERIES - 366 DAYS - 31 - DIRECT PLAN - DIVIDEND;INF200K01ZB1;;10.6653;N.A.;N.A.;18-Apr-2014
122813;SBI DEBT FUND SERIES - 366 DAYS - 31 - DIRECT PLAN - GROWTH;INF200K01ZA3;;10.6653;N.A.;N.A.;18-Apr-2014
122814;SBI DEBT FUND SERIES - 366 DAYS - 31 - REGULAR PLAN - DIVIDEND;INF200K01YZ3;;10.6609;N.A.;N.A.;18-Apr-2014
122815;SBI DEBT FUND SERIES - 366 DAYS - 31 - REGULAR PLAN - GROWTH;INF200K01YY6;;10.6609;N.A.;N.A.;18-Apr-2014
122907;SBI DEBT FUND SERIES - 366 DAYS - 32 - DIRECT PLAN - DIVIDEND;INF200K01ZF2;;10.6004;N.A.;N.A.;18-Apr-2014
122905;SBI DEBT FUND SERIES - 366 DAYS - 32 - DIRECT PLAN - GROWTH;INF200K01ZE5;;10.6004;N.A.;N.A.;18-Apr-2014
122908;SBI DEBT FUND SERIES - 366 DAYS - 32 - REGULAR PLAN - DIVIDEND;INF200K01ZD7;;10.5964;N.A.;N.A.;18-Apr-2014
122906;SBI DEBT FUND SERIES - 366 DAYS - 32 - REGULAR PLAN - GROWTH;INF200K01ZC9;;10.5964;N.A.;N.A.;18-Apr-2014
122991;SBI DEBT FUND SERIES - 366 DAYS - 33 - DIRECT PLAN - DIVIDEND;INF200K01ZJ4;;10.6738;N.A.;N.A.;18-Apr-2014
122994;SBI DEBT FUND SERIES - 366 DAYS - 33 - DIRECT PLAN - GROWTH;INF200K01ZI6;;10.6738;N.A.;N.A.;18-Apr-2014
122993;SBI DEBT FUND SERIES - 366 DAYS - 33 - REGULAR PLAN - DIVIDEND;INF200K01ZH8;;10.6698;N.A.;N.A.;18-Apr-2014
122992;SBI DEBT FUND SERIES - 366 DAYS - 33 - REGULAR PLAN - GROWTH;INF200K01ZG0;;10.6698;N.A.;N.A.;18-Apr-2014
123167;SBI DEBT FUND SERIES - 366 DAYS - 34 - DIRECT PLAN - DIVIDEND;INF200K015P1;;10.6988;N.A.;N.A.;18-Apr-2014
123169;SBI DEBT FUND SERIES - 366 DAYS - 34 - DIRECT PLAN - GROWTH;INF200K014P4;;10.6988;N.A.;N.A.;18-Apr-2014
123170;SBI DEBT FUND SERIES - 366 DAYS - 34 - REGULAR PLAN - DIVIDEND;INF200K013P6;;10.6881;N.A.;N.A.;18-Apr-2014
123168;SBI DEBT FUND SERIES - 366 DAYS - 34 - REGULAR PLAN - GROWTH;INF200K012P8;;10.6881;N.A.;N.A.;18-Apr-2014
123321;SBI DEBT FUND SERIES - 366 DAYS - 35 - DIRECT PLAN - DIVIDEND;INF200K017O0;;10.6901;N.A.;N.A.;18-Apr-2014
123324;SBI DEBT FUND SERIES - 366 DAYS - 35 - DIRECT PLAN - GROWTH;INF200K016O2;;10.6901;N.A.;N.A.;18-Apr-2014
123323;SBI DEBT FUND SERIES - 366 DAYS - 35 - REGULAR PLAN - DIVIDEND;INF200K015O4;;10.6802;N.A.;N.A.;18-Apr-2014
123322;SBI DEBT FUND SERIES - 366 DAYS - 35 - REGULAR PLAN - GROWTH;INF200K014O7;;10.6802;N.A.;N.A.;18-Apr-2014
123497;SBI DEBT FUND SERIES - 366 DAYS - 36 - DIRECT PLAN - DIVIDEND;INF200K019P3;;10.7099;N.A.;N.A.;18-Apr-2014
123494;SBI DEBT FUND SERIES - 366 DAYS - 36 - DIRECT PLAN - GROWTH;INF200K018P5;;10.7099;N.A.;N.A.;18-Apr-2014
123496;SBI DEBT FUND SERIES - 366 DAYS - 36 - REGULAR PLAN - DIVIDEND;INF200K017P7;;10.7004;N.A.;N.A.;18-Apr-2014
123495;SBI DEBT FUND SERIES - 366 DAYS - 36 - REGULAR PLAN - GROWTH;INF200K016P9;;10.7004;N.A.;N.A.;18-Apr-2014
123728;SBI DEBT FUND SERIES - 366 DAYS - 37 - DIRECT PLAN - DIVIDEND;INF200K011R6;;10.6988;N.A.;N.A.;18-Apr-2014
123729;SBI DEBT FUND SERIES - 366 DAYS - 37 - DIRECT PLAN - GROWTH;INF200K010R8;;10.6988;N.A.;N.A.;18-Apr-2014
123731;SBI DEBT FUND SERIES - 366 DAYS - 37 - REGULAR PLAN - DIVIDEND;INF200K019Q1;;10.6905;N.A.;N.A.;18-Apr-2014
123730;SBI DEBT FUND SERIES - 366 DAYS - 37 - REGULAR PLAN - GROWTH;INF200K018Q3;;10.6905;N.A.;N.A.;18-Apr-2014
123996;SBI DEBT FUND SERIES - 366 DAYS - 38 - DIRECT PLAN - DIVIDEND;INF200K015R7;;10.7054;N.A.;N.A.;18-Apr-2014
123997;SBI DEBT FUND SERIES - 366 DAYS - 38 - DIRECT PLAN - GROWTH;INF200K014R0;;10.7054;N.A.;N.A.;18-Apr-2014
123998;SBI DEBT FUND SERIES - 366 DAYS - 38 - REGULAR PLAN - DIVIDEND;INF200K013R2;;10.6973;N.A.;N.A.;18-Apr-2014
123999;SBI DEBT FUND SERIES - 366 DAYS - 38 - REGULAR PLAN - GROWTH;INF200K012R4;;10.6973;N.A.;N.A.;18-Apr-2014
124369;SBI DEBT FUND SERIES - 366 DAYS - 39 - DIRECT PLAN - DIVIDEND;INF200K013S0;;10.6245;N.A.;N.A.;18-Apr-2014
124370;SBI DEBT FUND SERIES - 366 DAYS - 39 - DIRECT PLAN - GROWTH;INF200K012S2;;10.6245;N.A.;N.A.;18-Apr-2014
124371;SBI DEBT FUND SERIES - 366 DAYS - 39 - REGULAR PLAN - DIVIDEND;INF200K011S4;;10.6136;N.A.;N.A.;18-Apr-2014
124372;SBI DEBT FUND SERIES - 366 DAYS - 39 - REGULAR PLAN - GROWTH;INF200K010S6;;10.6136;N.A.;N.A.;18-Apr-2014
124527;SBI DEBT FUND SERIES - 366 DAYS - 40 - DIRECT PLAN - DIVIDEND;INF200K015T3;;10.5987;N.A.;N.A.;18-Apr-2014
124525;SBI DEBT FUND SERIES - 366 DAYS - 40 - DIRECT PLAN - GROWTH;INF200K014T6;;10.5987;N.A.;N.A.;18-Apr-2014
124526;SBI DEBT FUND SERIES - 366 DAYS - 40 - REGULAR PLAN - DIVIDEND;INF200K013T8;;10.5857;N.A.;N.A.;18-Apr-2014
124528;SBI DEBT FUND SERIES - 366 DAYS - 40 - REGULAR PLAN - GROWTH;INF200K012T0;;10.5857;N.A.;N.A.;18-Apr-2014
124726;SBI DEBT FUND SERIES - 366 DAYS - 41 - DIRECT PLAN - DIVIDEND;INF200K010U2;;10.5292;N.A.;N.A.;18-Apr-2014
124728;SBI DEBT FUND SERIES - 366 DAYS - 41 - DIRECT PLAN - GROWTH;INF200K019T5;;10.5292;N.A.;N.A.;18-Apr-2014
124727;SBI DEBT FUND SERIES - 366 DAYS - 41 - REGULAR PLAN - DIVIDEND;INF200K018T7;;10.5173;N.A.;N.A.;18-Apr-2014
124729;SBI DEBT FUND SERIES - 366 DAYS - 41 - REGULAR PLAN - GROWTH;INF200K016T1;;10.5173;N.A.;N.A.;18-Apr-2014
124938;SBI DEBT FUND SERIES - 366 DAYS - 42 - DIRECT PLAN - DIVIDEND;INF200K012V6;;10.4253;N.A.;N.A.;18-Apr-2014
124940;SBI DEBT FUND SERIES - 366 DAYS - 42 - DIRECT PLAN - GROWTH;INF200K011V8;;10.4253;N.A.;N.A.;18-Apr-2014
124939;SBI DEBT FUND SERIES - 366 DAYS - 42 - REGULAR PLAN - DIVIDEND;INF200K010V0;;10.4144;N.A.;N.A.;18-Apr-2014
124941;SBI DEBT FUND SERIES - 366 DAYS - 42 - REGULAR PLAN - GROWTH;INF200K019U3;;10.4144;N.A.;N.A.;18-Apr-2014
125138;SBI DEBT FUND SERIES - 366 DAYS - 43 - DIRECT PLAN - DIVIDEND;INF200K01C35;;10.3968;N.A.;N.A.;18-Apr-2014
125139;SBI DEBT FUND SERIES - 366 DAYS - 43 - DIRECT PLAN - GROWTH;INF200K01C27;;10.3968;N.A.;N.A.;18-Apr-2014
125140;SBI DEBT FUND SERIES - 366 DAYS - 43 - REGULAR PLAN - DIVIDEND;INF200K01C19;;10.3892;N.A.;N.A.;18-Apr-2014
125141;SBI DEBT FUND SERIES - 366 DAYS - 43 - REGULAR PLAN - GROWTH;INF200K01C01;;10.3892;N.A.;N.A.;18-Apr-2014
125243;SBI DEBT FUND SERIES - 366 DAYS - 44 - DIRECT PLAN - DIVIDEND;INF200K011X4;;10.3898;N.A.;N.A.;18-Apr-2014
125244;SBI DEBT FUND SERIES - 366 DAYS - 44 - DIRECT PLAN - GROWTH;INF200K010X6;;10.3898;N.A.;N.A.;18-Apr-2014
125246;SBI DEBT FUND SERIES - 366 DAYS - 44 - REGULAR PLAN - DIVIDEND;INF200K019W9;;10.3825;N.A.;N.A.;18-Apr-2014
125245;SBI DEBT FUND SERIES - 366 DAYS - 44 - REGULAR PLAN - GROWTH;INF200K018W1;;10.3825;N.A.;N.A.;18-Apr-2014
125406;SBI DEBT FUND SERIES - 366 DAYS - 45 - DIRECT PLAN - DIVIDEND;INF200K014Y6;;10.3716;N.A.;N.A.;18-Apr-2014
125409;SBI DEBT FUND SERIES - 366 DAYS - 45 - DIRECT PLAN - GROWTH;INF200K015Y3;;10.3716;N.A.;N.A.;18-Apr-2014
125407;SBI DEBT FUND SERIES - 366 DAYS - 45 - REGULAR PLAN - DIVIDEND;INF200K016Y1;;10.3649;N.A.;N.A.;18-Apr-2014
125408;SBI DEBT FUND SERIES - 366 DAYS - 45 - REGULAR PLAN - GROWTH;INF200K017Y9;;10.3649;N.A.;N.A.;18-Apr-2014
125519;SBI DEBT FUND SERIES - 366 DAYS - 46 - DIRECT PLAN - DIVIDEND;INF200K012Z7;;10.3522;N.A.;N.A.;18-Apr-2014
125522;SBI DEBT FUND SERIES - 366 DAYS - 46 - DIRECT PLAN - GROWTH;INF200K013Z5;;10.3524;N.A.;N.A.;18-Apr-2014
125520;SBI DEBT FUND SERIES - 366 DAYS - 46 - REGULAR PLAN - DIVIDEND;INF200K014Z3;;10.3461;N.A.;N.A.;18-Apr-2014
125521;SBI DEBT FUND SERIES - 366 DAYS - 46 - REGULAR PLAN - GROWTH;INF200K015Z0;;10.3461;N.A.;N.A.;18-Apr-2014
125657;SBI DEBT FUND SERIES - 366 DAYS - 47 - DIRECT PLAN - DIVIDEND;INF200KA1077;;10.3491;N.A.;N.A.;18-Apr-2014
125658;SBI DEBT FUND SERIES - 366 DAYS - 47 - DIRECT PLAN - GROWTH;INF200KA1085;;10.3491;N.A.;N.A.;18-Apr-2014
125659;SBI DEBT FUND SERIES - 366 DAYS - 47 - REGULAR PLAN - DIVIDEND;INF200KA1093;;10.3402;N.A.;N.A.;18-Apr-2014
125660;SBI DEBT FUND SERIES - 366 DAYS - 47 - REGULAR PLAN - GROWTH;INF200KA1101;;10.3402;N.A.;N.A.;18-Apr-2014
125793;SBI DEBT FUND SERIES - 366 DAYS - 48 - DIRECT PLAN - DIVIDEND;INF200KA1192;;10.3104;N.A.;N.A.;18-Apr-2014
125794;SBI DEBT FUND SERIES - 366 DAYS - 48 - DIRECT PLAN - GROWTH;INF200KA1200;;10.3104;N.A.;N.A.;18-Apr-2014
125795;SBI DEBT FUND SERIES - 366 DAYS - 48 - REGULAR PLAN - DIVIDEND;INF200KA1218;;10.3051;N.A.;N.A.;18-Apr-2014
125796;SBI DEBT FUND SERIES - 366 DAYS - 48 - REGULAR PLAN - GROWTH;INF200KA1226;;10.3051;N.A.;N.A.;18-Apr-2014
126093;SBI DEBT FUND SERIES - 366 DAYS - 49 - DIRECT PLAN - DIVIDEND;INF200KA1275;;10.2979;N.A.;N.A.;18-Apr-2014
126094;SBI DEBT FUND SERIES - 366 DAYS - 49 - DIRECT PLAN - GROWTH;INF200KA1283;;10.2979;N.A.;N.A.;18-Apr-2014
126096;SBI DEBT FUND SERIES - 366 DAYS - 49 - REGULAR PLAN - DIVIDEND;INF200KA1291;;10.2928;N.A.;N.A.;18-Apr-2014
126095;SBI DEBT FUND SERIES - 366 DAYS - 49 - REGULAR PLAN - GROWTH;INF200KA1309;;10.2928;N.A.;N.A.;18-Apr-2014
126511;SBI DEBT FUND SERIES - 366 DAYS - 50 - DIRECT PLAN - DIVIDEND;INF200K01L59;;10.2385;N.A.;N.A.;18-Apr-2014
126512;SBI DEBT FUND SERIES - 366 DAYS - 50 - DIRECT PLAN - GROWTH;INF200K01L42;;10.2387;N.A.;N.A.;18-Apr-2014
126514;SBI DEBT FUND SERIES - 366 DAYS - 50 - REGULAR PLAN - DIVIDEND;INF200K01L34;;10.2345;N.A.;N.A.;18-Apr-2014
126513;SBI DEBT FUND SERIES - 366 DAYS - 50 - REGULAR PLAN - GROWTH;INF200K01L26;;10.2345;N.A.;N.A.;18-Apr-2014
126750;SBI DEBT FUND SERIES - 366 DAYS - 51 DIRECT PLAN - DIVIDEND;INF200KA1358;;10.2083;N.A.;N.A.;18-Apr-2014
126748;SBI DEBT FUND SERIES - 366 DAYS - 51 DIRECT PLAN - GROWTH;INF200KA1366;;10.2083;N.A.;N.A.;18-Apr-2014
126747;SBI DEBT FUND SERIES - 366 DAYS - 51 REGULAR PLAN - DIVIDEND;INF200KA1374;;10.2046;N.A.;N.A.;18-Apr-2014
126749;SBI DEBT FUND SERIES - 366 DAYS - 51 REGULAR PLAN - GROWTH;INF200KA1382;;10.2046;N.A.;N.A.;18-Apr-2014
127343;SBI DEBT FUND SERIES - 366 DAYS - 52 - DIRECT PLAN - DIVIDEND;INF200KA1531;;10.1924;N.A.;N.A.;18-Apr-2014
127344;SBI DEBT FUND SERIES - 366 DAYS - 52 - DIRECT PLAN - GROWTH;INF200KA1549;;10.1924;N.A.;N.A.;18-Apr-2014
127341;SBI DEBT FUND SERIES - 366 DAYS - 52 - REGULAR PLAN - DIVIDEND;INF200KA1556;;10.1906;N.A.;N.A.;18-Apr-2014
127342;SBI DEBT FUND SERIES - 366 DAYS - 52 - REGULAR PLAN - GROWTH;INF200KA1564;;10.1906;N.A.;N.A.;18-Apr-2014
127810;SBI DEBT FUND SERIES - 366 DAYS - 53 - DIRECT PLAN - DIVIDEND;INF200KA1606;;10.1684;N.A.;N.A.;18-Apr-2014
127811;SBI DEBT FUND SERIES - 366 DAYS - 53 - DIRECT PLAN - GROWTH;INF200KA1614;;10.1685;N.A.;N.A.;18-Apr-2014
127812;SBI DEBT FUND SERIES - 366 DAYS - 53 - REGULAR PLAN - DIVIDEND;INF200KA1622;;10.1664;N.A.;N.A.;18-Apr-2014
127813;SBI DEBT FUND SERIES - 366 DAYS - 53 - REGULAR PLAN - GROWTH;INF200KA1630;;10.1664;N.A.;N.A.;18-Apr-2014
128165;SBI DEBT FUND SERIES - 366 DAYS - 54 - DIRECT PLAN - DIVIDEND;INF200KA1788;;10.1164;N.A.;N.A.;18-Apr-2014
128167;SBI DEBT FUND SERIES - 366 DAYS - 54 - REGULAR PLAN - DIVIDEND;INF200KA1804;;10.1137;N.A.;N.A.;18-Apr-2014
128168;SBI DEBT FUND SERIES - 366 DAYS - 54 - REGULAR PLAN - GROWTH;INF200KA1812;;10.1137;N.A.;N.A.;18-Apr-2014
128166;SBI DEBT FUND SERIES - 366 DAYS - 54- DIRECT PLAN - GROWTH;INF200KA1796;;10.1164;N.A.;N.A.;18-Apr-2014
113321;SBI Debt Fund Series - 60 Months - 1 - Dividend;INF200K01CQ8;;13.0061;N.A.;N.A.;18-Apr-2014
113401;SBI Debt Fund Series - 60 Months - 1 - Growth;INF200K01CP0;;13.0060;N.A.;N.A.;18-Apr-2014
118220;SBI DEBT FUND SERIES - 60 MONTHS - 2 - DIVIDEND;INF200K01QD6;;10.9424;N.A.;N.A.;18-Apr-2014
118221;SBI DEBT FUND SERIES - 60 MONTHS - 2 - GROWTH;INF200K01QC8;;10.9424;N.A.;N.A.;18-Apr-2014
120901;SBI DEBT FUND SERIES - 60 MONTHS - 3 - DIRECT PLAN - DIVIDEND;INF200K01QQ8;;10.8900;N.A.;N.A.;18-Apr-2014
120900;SBI DEBT FUND SERIES - 60 MONTHS - 3 - DIRECT PLAN - GROWTH;INF200K01QP0;;10.8900;N.A.;N.A.;18-Apr-2014
120899;SBI DEBT FUND SERIES - 60 MONTHS - 3 - REGULAR PLAN - DIVIDEND;INF200K01QF1;;10.8204;N.A.;N.A.;18-Apr-2014
120898;SBI DEBT FUND SERIES - 60 MONTHS - 3 - REGULAR PLAN - GROWTH;INF200K01QE4;;10.8204;N.A.;N.A.;18-Apr-2014
128196;SBI DEBT FUND SERIES - 90 DAYS - 84 - DIRECT PLAN - DIVIDEND;INF200K01H14;;10.1114;N.A.;N.A.;18-Apr-2014
128193;SBI DEBT FUND SERIES - 90 DAYS - 84 - DIRECT PLAN - GROWTH;INF200K01H06;;10.1114;N.A.;N.A.;18-Apr-2014
128195;SBI DEBT FUND SERIES - 90 DAYS - 84 - REGULAR PLAN - GROWTH;INF200K01G80;;10.1103;N.A.;N.A.;18-Apr-2014
128194;SBI DEBT FUND SERIES - 90 DAYS - 84- REGULAR PLAN - DIVIDEND;INF200K01G98;;10.1103;N.A.;N.A.;18-Apr-2014
128229;SBI DEBT FUND SERIES - 90 DAYS - 85 - DIRECT PLAN - DIVIDEND;INF200K01H55;;10.0920;N.A.;N.A.;18-Apr-2014
128231;SBI DEBT FUND SERIES - 90 DAYS - 85 - DIRECT PLAN - GROWTH;INF200K01H48;;10.0920;N.A.;N.A.;18-Apr-2014
128230;SBI DEBT FUND SERIES - 90 DAYS - 85 - REGULAR PLAN - DIVIDEND;INF200K01H30;;10.0912;N.A.;N.A.;18-Apr-2014
128232;SBI DEBT FUND SERIES - 90 DAYS - 85 - REGULAR PLAN - GROWTH;INF200K01H22;;10.0912;N.A.;N.A.;18-Apr-2014
126581;SBI DEBT FUND SERIES A - 1 DIRECT - GROWTH;INF200KA1AY0;;10.2328;N.A.;N.A.;18-Apr-2014
126582;SBI DEBT FUND SERIES A - 1 DIRECT PLAN - DIVIDEND;INF200KA1AZ7;;10.2328;N.A.;N.A.;18-Apr-2014
126580;SBI DEBT FUND SERIES A - 1 REGULAR PLAN - GROWTH;INF200KA1AW4;;10.2217;N.A.;N.A.;18-Apr-2014
126583;SBI DEBT FUND SERIES A - 1 REGULAR PLAN DIVIDEND;INF200KA1AX2;;10.2217;N.A.;N.A.;18-Apr-2014
128325;SBI DEBT FUND SERIES A - 10 DIRECT - GROWTH;INF200KA1BC4;;10.1091;N.A.;N.A.;18-Apr-2014
128326;SBI DEBT FUND SERIES A - 10 DIRECT PLAN - DIVIDEND;INF200KA1BD2;;10.1091;N.A.;N.A.;18-Apr-2014
128327;SBI DEBT FUND SERIES A - 10 REGULAR PLAN - DIVIDEND;INF200KA1BB6;;10.1044;N.A.;N.A.;18-Apr-2014
128328;SBI DEBT FUND SERIES A - 10 REGULAR PLAN - GROWTH;INF200KA1BA8;;10.1044;N.A.;N.A.;18-Apr-2014
128389;SBI DEBT FUND SERIES A - 11 DIRECT PLAN - DIVIDEND;INF200KA1AF9;;10.1058;N.A.;N.A.;18-Apr-2014
128388;SBI DEBT FUND SERIES A - 11 DIRECT PLAN - GROWTH;INF200KA1AE2;;10.1058;N.A.;N.A.;18-Apr-2014
128391;SBI DEBT FUND SERIES A - 11 REGULAR PLAN - DIVIDEND;INF200KA1AD4;;10.1008;N.A.;N.A.;18-Apr-2014
128390;SBI DEBT FUND SERIES A - 11 REGULAR PLAN - GROWTH;INF200KA1AC6;;10.1008;N.A.;N.A.;18-Apr-2014
128597;SBI DEBT FUND SERIES A - 12 DIRECT PLAN - DIVIDEND;INF200K013C4;;10.0888;N.A.;N.A.;18-Apr-2014
128594;SBI DEBT FUND SERIES A - 12 DIRECT PLAN - GROWTH;INF200K012C6;;10.0889;N.A.;N.A.;18-Apr-2014
128595;SBI DEBT FUND SERIES A - 12 REGULAR PLAN - DIVIDEND;INF200K011C8;;10.0864;N.A.;N.A.;18-Apr-2014
128596;SBI DEBT FUND SERIES A - 12 REGULAR PLAN - GROWTH;INF200K010C0;;10.0864;N.A.;N.A.;18-Apr-2014
128672;SBI DEBT FUND SERIES A - 13 DIRECT PLAN - DIVIDEND;INF200KA1978;;N.A.;N.A.;N.A.;18-Apr-2014
128674;SBI DEBT FUND SERIES A - 13 DIRECT PLAN - GROWTH;INF200KA1960;;10.0753;N.A.;N.A.;18-Apr-2014
128673;SBI DEBT FUND SERIES A - 13 REGULAR PLAN - DIVIDEND;INF200KA1952;;10.0729;N.A.;N.A.;18-Apr-2014
128671;SBI DEBT FUND SERIES A - 13 REGULAR PLAN - GROWTH;INF200KA1945;;10.0729;N.A.;N.A.;18-Apr-2014
128696;SBI DEBT FUND SERIES A - 14 DIRECT PLAN - DIVIDEND;INF200KA1AJ1;;10.0524;N.A.;N.A.;18-Apr-2014
128693;SBI DEBT FUND SERIES A - 14 DIRECT PLAN - GROWTH;INF200KA1AI3;;10.0524;N.A.;N.A.;18-Apr-2014
128694;SBI DEBT FUND SERIES A - 14 REGULAR PLAN - DIVIDEND;INF200KA1AH5;;10.0488;N.A.;N.A.;18-Apr-2014
128695;SBI DEBT FUND SERIES A - 14 REGULAR PLAN - GROWTH;INF200KA1AG7;;10.0488;N.A.;N.A.;18-Apr-2014
128701;SBI DEBT FUND SERIES A - 15 DIRECT PLAN - DIVIDEND;INF200K015D7;;10.0415;N.A.;N.A.;18-Apr-2014
128702;SBI DEBT FUND SERIES A - 15 DIRECT PLAN - GROWTH;INF200K014D0;;10.0415;N.A.;N.A.;18-Apr-2014
128703;SBI DEBT FUND SERIES A - 15 REGULAR PLAN - DIVIDEND;INF200K013D2;;10.0379;N.A.;N.A.;18-Apr-2014
128704;SBI DEBT FUND SERIES A - 15 REGULAR PLAN - GROWTH;INF200K012D4;;10.0379;N.A.;N.A.;18-Apr-2014
128930;SBI DEBT FUND SERIES A - 16 DIRECT PLAN - DIVIDEND;INF200KA1AB8;;N.A.;N.A.;N.A.;18-Apr-2014
128931;SBI DEBT FUND SERIES A - 16 DIRECT PLAN - GROWTH;INF200KA1AA0;;10.0478;N.A.;N.A.;18-Apr-2014
128932;SBI DEBT FUND SERIES A - 16 REGULAR PLAN - DIVIDEND;INF200KA1994;;10.0475;N.A.;N.A.;18-Apr-2014
128933;SBI DEBT FUND SERIES A - 16 REGULAR PLAN - GROWTH;INF200KA1986;;10.0475;N.A.;N.A.;18-Apr-2014
126912;SBI DEBT FUND SERIES A - 2 DIRECT - GROWTH;INF200KA1CI9;;10.2037;N.A.;N.A.;18-Apr-2014
126913;SBI DEBT FUND SERIES A - 2 DIRECT PLAN - DIVIDEND;INF200KA1CJ7;;N.A.;N.A.;N.A.;18-Apr-2014
126915;SBI DEBT FUND SERIES A - 2 REGULAR PLAN - DIVIDEND;INF200KA1CH1;;10.1958;N.A.;N.A.;18-Apr-2014
126914;SBI DEBT FUND SERIES A - 2 REGULAR PLAN - GROWTH;INF200KA1CG3;;10.1958;N.A.;N.A.;18-Apr-2014
127111;SBI DEBT FUND SERIES A - 3 DIRECT - GROWTH;INF200KA1AQ6;;10.1830;N.A.;N.A.;18-Apr-2014
127112;SBI DEBT FUND SERIES A - 3 DIRECT PLAN - DIVIDEND;INF200KA1AR4;;10.1834;N.A.;N.A.;18-Apr-2014
127113;SBI DEBT FUND SERIES A - 3 REGULAR PLAN - DIVIDEND;INF200KA1AP8;;10.1780;N.A.;N.A.;18-Apr-2014
127114;SBI DEBT FUND SERIES A - 3 REGULAR PLAN - GROWTH;INF200KA1AO1;;10.1780;N.A.;N.A.;18-Apr-2014
127337;SBI DEBT FUND SERIES A - 4 DIRECT - GROWTH;INF200K01Z04;;10.1475;N.A.;N.A.;18-Apr-2014
127340;SBI DEBT FUND SERIES A - 4 DIRECT PLAN - DIVIDEND;INF200K01Z12;;10.1475;N.A.;N.A.;18-Apr-2014
127338;SBI DEBT FUND SERIES A - 4 REGULAR PLAN - DIVIDEND;INF200K01Y96;;10.1415;N.A.;N.A.;18-Apr-2014
127339;SBI DEBT FUND SERIES A - 4 REGULAR PLAN - GROWTH;INF200K01Y88;;10.1415;N.A.;N.A.;18-Apr-2014
127516;SBI DEBT FUND SERIES A - 5 DIRECT - GROWTH;INF200KA1AM5;;10.1696;N.A.;N.A.;18-Apr-2014
127517;SBI DEBT FUND SERIES A - 5 DIRECT PLAN - DIVIDEND;INF200KA1AN3;;10.1694;N.A.;N.A.;18-Apr-2014
127514;SBI DEBT FUND SERIES A - 5 REGULAR PLAN - DIVIDEND;INF200KA1AL7;;10.1660;N.A.;N.A.;18-Apr-2014
127515;SBI DEBT FUND SERIES A - 5 REGULAR PLAN - GROWTH;INF200KA1AK9;;10.1660;N.A.;N.A.;18-Apr-2014
128158;SBI DEBT FUND SERIES A - 6 DIRECT - GROWTH;INF200K01Z87;;10.1091;N.A.;N.A.;18-Apr-2014
128159;SBI DEBT FUND SERIES A - 6 DIRECT PLAN - DIVIDEND;INF200K01Z95;;N.A.;N.A.;N.A.;18-Apr-2014
128160;SBI DEBT FUND SERIES A - 6 REGULAR PLAN - DIVIDEND;INF200K01Z79;;10.1030;N.A.;N.A.;18-Apr-2014
128157;SBI DEBT FUND SERIES A - 6 REGULAR PLAN - GROWTH;INF200K01Z61;;10.1030;N.A.;N.A.;18-Apr-2014
128161;SBI DEBT FUND SERIES A - 7 DIRECT - GROWTH;INF200K012A0;;10.0875;N.A.;N.A.;18-Apr-2014
128162;SBI DEBT FUND SERIES A - 7 DIRECT PLAN - DIVIDEND;INF200K013A8;;10.0875;N.A.;N.A.;18-Apr-2014
128163;SBI DEBT FUND SERIES A - 7 REGULAR PLAN - DIVIDEND;INF200K011A2;;10.0829;N.A.;N.A.;18-Apr-2014
128164;SBI DEBT FUND SERIES A - 7 REGULAR PLAN - GROWTH;INF200K010A4;;10.0829;N.A.;N.A.;18-Apr-2014
128321;SBI DEBT FUND SERIES A - 9 DIRECT - GROWTH;INF200KA1713;;10.1204;N.A.;N.A.;18-Apr-2014
128322;SBI DEBT FUND SERIES A - 9 DIRECT PLAN - DIVIDEND;INF200KA1721;;N.A.;N.A.;N.A.;18-Apr-2014
128324;SBI DEBT FUND SERIES A - 9 REGULAR PLAN - DIVIDEND;INF200KA1739;;10.1175;N.A.;N.A.;18-Apr-2014
128323;SBI DEBT FUND SERIES A - 9 REGULAR PLAN - GROWTH;INF200KA1705;;10.1175;N.A.;N.A.;18-Apr-2014
126466;SBI Dual Advantage Fund Series - I - Direct Plan - Dividend;INF200K01X55;;10.3195;N.A.;N.A.;18-Apr-2014
126465;SBI Dual Advantage Fund Series - I - Direct Plan - Growth;INF200K01X48;;10.3195;N.A.;N.A.;18-Apr-2014
126464;SBI Dual Advantage Fund Series - I - Regular Plan - Dividend;INF200K01X30;;10.3138;N.A.;N.A.;18-Apr-2014
126463;SBI Dual Advantage Fund Series - I - Regular Plan - Growth;INF200K01X22;;10.3138;N.A.;N.A.;18-Apr-2014
