Scheme Code;Scheme Name;ISIN Div Payout/ISIN Growth;ISIN Div Reinvestment;Net Asset Value;Repurchase Price;Sale Price;Date

Open Ended Schemes ( Debt Scheme - Overnight Fund )


Aditya Birla Sun Life Mutual Fund
145488;ADITYA BIRLA SUN LIFE OVERNIGHT FUND-  Direct - Monthly Payout of IDCW;INF209KB1ZL4;;1000.7442;;;03-Apr-2021
145489;ADITYA BIRLA SUN LIFE OVERNIGHT FUND-  Direct - Weekly Reinvestment of IDCW;;INF209KB1ZJ8;1000.7449;;;03-Apr-2021
145482;ADITYA BIRLA SUN LIFE OVERNIGHT FUND-  Regular - Weekly Reinvestment of IDCW option;;INF209KB1ZE9;1000.7221;;;03-Apr-2021
145487;ADITYA BIRLA SUN LIFE OVERNIGHT FUND- Direct - Daily Reinvestment of IDCW;;INF209KB1ZI0;1000.2965;;;03-Apr-2021
145483;ADITYA BIRLA SUN LIFE OVERNIGHT FUND- Regular - Daily Reinvestment of IDCW;;INF209KB1ZD1;1000.2883;;;03-Apr-2021
145485;ADITYA BIRLA SUN LIFE OVERNIGHT FUND- Regular- Monthly Payout of IDCW option;INF209KB1ZG4;;1000.7222;;;03-Apr-2021
145486;ADITYA BIRLA SUN LIFE OVERNIGHT FUND-DIRECT PLAN-GROWTH;INF209KB1ZH2;;1113.2449;;;03-Apr-2021
145481;ADITYA BIRLA SUNLIFE OVERNIGHT FUND-REGULAR PLAN-GROWTH;INF209KB1ZC3;;1109.8838;;;03-Apr-2021

Axis Mutual Fund
146679;Axis Overnight Fund - Direct Plan - Daily IDCW;;INF846K01N99;1000.5073;;;03-Apr-2021
146675;Axis Overnight Fund - Direct Plan - Growth Option;INF846K01N65;;1088.2161;;;03-Apr-2021
146677;Axis Overnight Fund - Direct Plan - Monthly IDCW;INF846K01N73;INF846K01N81;1001.6522;;;03-Apr-2021
146676;Axis Overnight Fund - Direct Plan - Weekly IDCW;INF846K01N40;INF846K01N57;1001.0678;;;03-Apr-2021
146682;Axis Overnight Fund - Regular Plan - Daily IDCW;;INF846K01O56;1000.5032;;;03-Apr-2021
146678;Axis Overnight Fund - Regular Plan - Growth Option;INF846K01O23;;1086.8994;;;03-Apr-2021
146681;Axis Overnight Fund - Regular Plan - Monthly IDCW;INF846K01O31;INF846K01O49;1001.6307;;;03-Apr-2021
146680;Axis Overnight Fund - Regular Plan - Weekly IDCW;INF846K01O07;INF846K01O15;1001.0287;;;03-Apr-2021

Bandhan Mutual Fund
146190;BANDHAN Overnight Fund - Direct Plan - Daily IDCW;INF194KB1462;INF194KB1470;1000.2692;;;03-Apr-2021
146191;BANDHAN Overnight Fund - Direct Plan - Growth;INF194KB1447;;1098.1778;;;03-Apr-2021
146183;BANDHAN Overnight Fund - Direct Plan - Monthly IDCW;INF194KB1496;INF194KB1504;1000.7081;;;03-Apr-2021
146184;BANDHAN Overnight Fund - Direct Plan - Periodic IDCW;INF194KB1520;INF194KB1538;1001.5813;;;03-Apr-2021
146192;BANDHAN Overnight Fund - Direct Plan - Weekly IDCW;INF194KB1553;INF194KB1561;1000.2688;;;03-Apr-2021
146188;BANDHAN Overnight Fund - Regular Plan - Daily IDCW;INF194KB1330;INF194KB1348;1000.2609;;;03-Apr-2021
146187;BANDHAN Overnight Fund - Regular Plan - Growth;INF194KB1314;;1095.1847;;;03-Apr-2021
146185;BANDHAN Overnight Fund - Regular Plan - Monthly IDCW;INF194KB1363;INF194KB1371;1000.6857;;;03-Apr-2021
146189;BANDHAN Overnight Fund - Regular Plan - Weekly IDCW;INF194KB1421;INF194KB1439;1001.1899;;;03-Apr-2021

Bank of India Mutual Fund
147951;BANK OF INDIA Overnight Fund Direct Plan Growth;INF761K01EU7;;1041.1443;;;03-Apr-2021
147952;BANK OF INDIA Overnight Fund Direct Plan- Daily IDCW;;INF761K01EV5;1000.0000;;;03-Apr-2021
147948;BANK OF INDIA Overnight Fund Direct Plan- Monthly IDCW;INF761K01EY9;INF761K01EX1;1002.7190;;;03-Apr-2021
147950;BANK OF INDIA Overnight Fund Direct Plan- Weekly IDCW;;INF761K01EW3;1000.3613;;;03-Apr-2021
147936;BANK OF INDIA Overnight Fund Regular Plan Growth;INF761K01EZ6;;1039.9861;;;03-Apr-2021

Baroda BNP Paribas Mutual Fund
147197;Baroda BNP Paribas Overnight Fund - Direct Plan - Daily IDCW;;INF955L01HW2;1000.0000;;;03-Apr-2021
147196;Baroda BNP Paribas Overnight Fund - Direct Plan - Growth;INF955L01HV4;;1081.2405;;;03-Apr-2021
147195;Baroda BNP Paribas Overnight Fund - Direct Plan - Weekly IDCW;;INF955L01HX0;1000.4117;;;03-Apr-2021
147194;Baroda BNP Paribas Overnight Fund - Regular Plan - Daily IDCW;;INF955L01HT8;1000.0000;;;03-Apr-2021
147193;Baroda BNP Paribas Overnight Fund - Regular Plan - Growth;INF955L01HS0;;1080.0776;;;03-Apr-2021
147198;Baroda BNP Paribas Overnight Fund - Regular Plan - Weekly IDCW;;INF955L01HU6;1000.2733;;;03-Apr-2021

Canara Robeco Mutual Fund
147532;CANARA ROBECO OVERNIGHT FUND - DIRECT PLAN - DAILY IDCW (Reinvestment);;INF760K01JN3;1001.0009;;;03-Apr-2021
147531;CANARA ROBECO OVERNIGHT FUND - DIRECT PLAN - GROWTH OPTION;INF760K01JM5;;1066.0316;;;03-Apr-2021
147533;CANARA ROBECO OVERNIGHT FUND - REGULAR PLAN - DAILY IDCW (Reinvestment);;INF760K01JP8;1001.0000;;;03-Apr-2021
147534;CANARA ROBECO OVERNIGHT FUND - REGULAR PLAN - GROWTH OPTION;INF760K01JO1;;1065.5010;;;03-Apr-2021

Edelweiss Mutual Fund
147551;Edelweiss Overnight Fund - Direct Plan - Annual - IDCW Option;INF754K01KD5;INF754K01KC7;1068.178;;;03-Apr-2021
147557;Edelweiss Overnight Fund - Direct Plan - Daily - IDCW Option;;INF754K01JW7;1000;;;03-Apr-2021
147550;Edelweiss Overnight Fund - Direct Plan - Fortnightly - IDCW Option;INF754K01JZ0;INF754K01JY3;1049.834;;;03-Apr-2021
147570;Edelweiss Overnight Fund - Direct Plan - Growth;INF754K01JV9;;1067.9863;;;03-Apr-2021
147554;Edelweiss Overnight Fund - Direct Plan - Monthly - IDCW Option;INF754K01KB9;INF754K01KA1;1058.3246;;;03-Apr-2021
147558;Edelweiss Overnight Fund - Direct Plan - Weekly - IDCW Option;;INF754K01JX5;1065.2473;;;03-Apr-2021
147552;Edelweiss Overnight Fund - Regular Plan - Daily - IDCW Option;;INF754K01KF0;1008.1122;;;03-Apr-2021
147569;Edelweiss Overnight Fund - Regular Plan - Growth;INF754K01KE3;;1066.7719;;;03-Apr-2021
147555;Edelweiss Overnight Fund - Regular Plan - Monthly - IDCW Option;INF754K01KK0;INF754K01KJ2;1004.2182;;;03-Apr-2021
147553;Edelweiss Overnight Fund - Regular Plan - Weekly - IDCW Option;;INF754K01KG8;1015.5074;;;03-Apr-2021

Groww Mutual Fund
147458;Groww Overnight Fund (formerly known as Indiabulls Overnight Fund)- Direct Plan- - Income Distribution cum capital withdrawal Option ( Reinvestment);;INF666M01GM6;1000.9888;;;03-Apr-2021
147452;Groww Overnight Fund (formerly known as Indiabulls Overnight Fund)- Direct Plan- Fortnightly - Income Distribution cum capital withdrawal Option (Payout & Reinvestment);INF666M01GP9;INF666M01GQ7;1001.7737;;;03-Apr-2021
147450;Groww Overnight Fund (formerly known as Indiabulls Overnight Fund)- Direct Plan- Growth Option;INF666M01GL8;;1067.5394;;;03-Apr-2021
147453;Groww Overnight Fund (formerly known as Indiabulls Overnight Fund)- Direct Plan- Monthly - Income Distribution cum capital withdrawal Option (Payout & Reinvestment);INF666M01GR5;INF666M01GS3;1003.72;;;03-Apr-2021
147451;Groww Overnight Fund (formerly known as Indiabulls Overnight Fund)- Direct Plan- Weekly - Income Distribution cum capital withdrawal Option (Payout & Reinvestment);INF666M01GN4;INF666M01GO2;1001.3529;;;03-Apr-2021
147455;Groww Overnight Fund (formerly known as Indiabulls Overnight Fund)- Regular Plan- - Income Distribution cum capital withdrawal Option ( Reinvestment);;INF666M01GU9;1000.9461;;;03-Apr-2021
147457;Groww Overnight Fund (formerly known as Indiabulls Overnight Fund)- Regular Plan- Fortnightly - Income Distribution cum capital withdrawal Option (Payout & Reinvestment);INF666M01GX3;INF666M01GY1;1001.635;;;03-Apr-2021
147454;Groww Overnight Fund (formerly known as Indiabulls Overnight Fund)- Regular Plan- Growth Option;INF666M01GT1;;1065.673;;;03-Apr-2021
147459;Groww Overnight Fund (formerly known as Indiabulls Overnight Fund)- Regular Plan- Monthly - Income Distribution cum capital withdrawal Option (Payout & Reinvestment);INF666M01GZ8;INF666M01HA9;1003.4794;;;03-Apr-2021
147456;Groww Overnight Fund (formerly known as Indiabulls Overnight Fund)- Regular Plan- Weekly - Income Distribution cum capital withdrawal Option (Payout & Reinvestment);INF666M01GV7;INF666M01GW5;1001.2636;;;03-Apr-2021

Invesco Mutual Fund
147884;Invesco India Overnight Fund - Direct Plan - Daily IDCW (Reinvestment);;INF205KA1122;1000.0208;;;03-Apr-2021
147883;Invesco India Overnight Fund - Direct Plan - Growth;INF205KA1163;;1040.7285;;;03-Apr-2021
147886;Invesco India Overnight Fund - Direct Plan - Monthly IDCW (Payout / Reinvestment);INF205KA1155;INF205KA1148;1000.3618;;;03-Apr-2021
147885;Invesco India Overnight Fund - Direct Plan - Weekly IDCW (Reinvestment);;INF205KA1130;1000.3629;;;03-Apr-2021
147880;Invesco India Overnight Fund - Regular Plan - Daily IDCW (Reinvestment);;INF205KA1072;1000.0008;;;03-Apr-2021
147878;Invesco India Overnight Fund - Regular Plan - Growth;INF205KA1114;;1039.9537;;;03-Apr-2021
147879;Invesco India Overnight Fund - Regular Plan - Monthly IDCW (Payout / Reinvestment);INF205KA1106;INF205KA1098;1000.3533;;;03-Apr-2021
147881;Invesco India Overnight Fund - Regular Plan - Weekly IDCW (Reinvestment);;INF205KA1080;1000.3574;;;03-Apr-2021

ITI Mutual Fund
147707;ITI Overnight Fund - Direct Plan - Annual IDCW Option;INF00XX01648;INF00XX01614;1043.2636;;;03-Apr-2021
147708;ITI Overnight Fund - Direct Plan - Daily IDCW Option;;INF00XX01572;1001.0038;;;03-Apr-2021
147713;ITI Overnight Fund - Direct Plan - Growth Option;INF00XX01564;;1050.8259;;;03-Apr-2021
147717;ITI Overnight Fund - Direct Plan - Monthly IDCW Option;INF00XX01630;INF00XX01606;1001.6949;;;03-Apr-2021
147711;ITI Overnight Fund - Direct Plan - Weekly IDCW option;;INF00XX01580;1001.2758;;;03-Apr-2021
147709;ITI Overnight Fund - Regular Plan - Daily IDCW Option;;INF00XX01481;1001.0000;;;03-Apr-2021
147716;ITI Overnight Fund - Regular Plan - Fortnightly IDCW Option;INF00XX01531;INF00XX01507;1001.6839;;;03-Apr-2021
147714;ITI Overnight Fund - Regular Plan - Growth Option;INF00XX01473;;1049.3118;;;03-Apr-2021
147718;ITI Overnight Fund - Regular Plan - Monthly IDCW Option;INF00XX01549;INF00XX01515;1001.6676;;;03-Apr-2021
147712;ITI Overnight Fund - Regular Plan - Weekly IDCW Option;;INF00XX01499;1001.2653;;;03-Apr-2021

L&T Mutual Fund
118066;L&T Overnight Fund  - Regular Plan - Monthly IDCW;INF917K01EL4;INF917K01EM2;1005.6391;;;03-Apr-2021
119283;L&T Overnight Fund - Direct Plan - Growth;INF917K01EN0;;1606.1022;;;03-Apr-2021
119284;L&T Overnight Fund - Direct Plan- Daily IDCW;;INF917K01EO8;1023.5772;;;03-Apr-2021
119282;L&T Overnight Fund - Direct Plan- Monthly IDCW;INF917K01ER1;;1060.3661;;;03-Apr-2021
119285;L&T Overnight Fund - Direct Plan- Weekly IDCW;;INF917K01EP5;1001.873;;;03-Apr-2021
118056;L&T Overnight Fund - Regular Plan - Daily IDCW;;INF917K01EJ8;1023.5686;;;03-Apr-2021
118058;L&T Overnight Fund - Regular Plan - Growth;INF917K01EI0;;1529.5625;;;03-Apr-2021
118065;L&T Overnight Fund - Regular Plan - Weekly IDCW;;INF917K01EK6;1000.4673;;;03-Apr-2021

LIC Mutual Fund
147516;LIC MF Overnight Fund-Direct Plan-Daily IDCW;;INF767K01QG7;1000.2395;;;03-Apr-2021
147515;LIC MF Overnight Fund-Direct Plan-Growth;INF767K01QI3;;1066.8407;;;03-Apr-2021
147513;LIC MF Overnight Fund-Direct Plan-IDCW;INF767K01QE2;INF767K01QF9;1066.5927;;;03-Apr-2021
147514;LIC MF Overnight Fund-Direct Plan-Weekly IDCW;;INF767K01QH5;1000.3619;;;03-Apr-2021
147517;LIC MF Overnight Fund-Regular Plan-Daily IDCW;;INF767K01QB8;1000.2423;;;03-Apr-2021
147519;LIC MF Overnight Fund-Regular Plan-Growth;INF767K01QD4;;1064.4646;;;03-Apr-2021
147512;LIC MF Overnight Fund-Regular Plan-IDCW;INF767K01PZ9;INF767K01QA0;1064.821;;;03-Apr-2021

Mahindra Manulife Mutual Fund
147563;Mahindra Manulife Overnight Fund - Direct Plan - Daily IDCW;;INF174V01846;1000.0000;;;03-Apr-2021
147564;Mahindra Manulife Overnight Fund - Direct Plan -Growth;INF174V01838;;1065.1757;;;03-Apr-2021
147566;Mahindra Manulife Overnight Fund - Regular Plan - Daily IDCW;;INF174V01820;1000.1908;;;03-Apr-2021
147565;Mahindra Manulife Overnight Fund - Regular Plan - Growth;INF174V01812;;1063.3429;;;03-Apr-2021

PGIM India Mutual Fund
147605;PGIM India Overnight Fund - Direct Plan - Daily Dividend Option;;INF663L01T35;1000;;;03-Apr-2021
147606;PGIM India Overnight Fund - Direct Plan - Growth Option;INF663L01T01;;1062.2712;;;03-Apr-2021
147608;PGIM India Overnight Fund - Direct Plan - Weekly Dividend Option;INF663L01T19;INF663L01T27;1000.2412;;;03-Apr-2021
147609;PGIM India Overnight Fund - Regular Plan - Daily Dividend Option;;INF663L01T76;1000;;;03-Apr-2021
147607;PGIM India Overnight Fund - Regular Plan - Weekly Dividend Option;INF663L01T50;INF663L01T68;1000.479;;;03-Apr-2021
147600;PGIM India Overnight Fund - Regular Plan- Growth Option;INF663L01T43;;1060.4625;;;03-Apr-2021

SBI Mutual Fund
119831;SBI Overnight Fund - Direct Plan - Daily Income Distribution cum Capital Withdrawal Option (IDCW);;INF200K01TJ7;1040.6198;;;03-Apr-2021
119833;SBI OVERNIGHT FUND - DIRECT PLAN - GROWTH;INF200K01TK5;;3352.6561;;;03-Apr-2021
119832;SBI Overnight Fund - Direct Plan - Weekly Income Distribution cum Capital Withdrawal Option (IDCW);INF200K01TL3;INF200K01TM1;1062.6281;;;03-Apr-2021
114297;SBI Overnight Fund - Regular Plan - Daily Income Distribution cum Capital Withdrawal Option (IDCW);;INF200K01LN6;1039.8862;;;03-Apr-2021
101206;SBI OVERNIGHT FUND - REGULAR PLAN - GROWTH;INF200K01LQ9;;3320.2230;;;03-Apr-2021
103140;SBI Overnight Fund - Regular Plan - Weekly Income Distribution cum Capital Withdrawal Option (IDCW);INF200K01LO4;INF200K01LP1;1061.8660;;;03-Apr-2021

Sundaram Mutual Fund
146964;Sundaram Overnight Fund Direct Plan - Daily Reinvestment of Income Distribution cum Capital Withdrawal (IDCW);INF903JA1HJ9;;1000.2676;;;03-Apr-2021
146956;Sundaram Overnight Fund Direct Plan - Fortnightly Reinvestment of Income Distribution cum Capital Withdrawal (IDCW);INF903JA1HL5;;1063.8369;;;03-Apr-2021
146963;Sundaram Overnight Fund Direct Plan - Growth;INF903JA1HG5;;1094.6821;;;03-Apr-2021
146962;Sundaram Overnight Fund Direct Plan - Monthly Payout of Income Distribution cum Capital Withdrawal (IDCW);INF903JA1HH3;;1042.5915;;;03-Apr-2021
146957;Sundaram Overnight Fund Direct Plan - Monthly Reinvestment of Income Distribution cum Capital Withdrawal (IDCW);INF903JA1HM3;;1042.5915;;;03-Apr-2021
146955;Sundaram Overnight Fund Direct Plan - Weekly Reinvestment of Income Distribution cum Capital Withdrawal (IDCW);INF903JA1HK7;;1048.5868;;;03-Apr-2021
146953;Sundaram Overnight Fund Regular Plan - Daily Reinvestment of Income Distribution cum Capital Withdrawal (IDCW);INF903JA1HC4;;1000.2585;;;03-Apr-2021
146958;Sundaram Overnight Fund Regular Plan - Fortnightly Reinvestment of Income Distribution cum Capital Withdrawal (IDCW);INF903JA1HE0;;1065.0000;;;03-Apr-2021
146959;Sundaram Overnight Fund Regular Plan - Growth;INF903JA1GZ7;;1092.3949;;;03-Apr-2021
146960;Sundaram Overnight Fund Regular Plan - Monthly Payout of Income Distribution cum Capital Withdrawal (IDCW);INF903JA1HA8;;1038.8990;;;03-Apr-2021
146961;Sundaram Overnight Fund Regular Plan - Monthly Reinvestment of Income Distribution cum Capital Withdrawal (IDCW);INF903JA1HF7;;1038.8990;;;03-Apr-2021
146954;Sundaram Overnight Fund Regular Plan - Weekly Payout of Income Distribution cum Capital Withdrawal (IDCW);INF903JA1HD2;;1047.4862;;;03-Apr-2021

Tata Mutual Fund
146978;TATA Overnight Fund Direct Plan - Daily Reinvestment of Income Distribution cum capital withdrawal option   ;;INF277K019T3;1000.0000;;;03-Apr-2021
146979;TATA Overnight Fund Regular Plan - Daily Reinvestment of Income Distribution cum capital withdrawal option   ;;INF277K017T7;1000.0000;;;03-Apr-2021
146980;Tata Overnight Fund-Direct Plan-Growth;INF277K018T5;;1086.2263;;;03-Apr-2021
146977;Tata Overnight Fund-Regular Plan-Growth;INF277K016T9;;1083.8802;;;03-Apr-2021

Union Mutual Fund
147002;Union Overnight Fund - Direct Plan - Daily IDCW Option;;INF582M01FB0;1000.7630;;;03-Apr-2021
147003;Union Overnight Fund - Direct Plan - Growth Option;INF582M01FA2;;1084.0461;;;03-Apr-2021
147006;Union Overnight Fund - Direct Plan - Monthly IDCW Option;INF582M01FG9;INF582M01FE4;1001.4560;;;03-Apr-2021
146998;Union Overnight Fund - Regular Plan - Daily IDCW Option;;INF582M01FK1;1000.7574;;;03-Apr-2021
146997;Union Overnight Fund - Regular Plan - Growth Option;INF582M01FJ3;;1081.8835;;;03-Apr-2021
147000;Union Overnight Fund - Regular Plan - Monthly IDCW Option;INF582M01FP0;INF582M01FN5;1001.4278;;;03-Apr-2021

UTI Mutual Fund
100814;UTI - Overnight  Fund - Regular Plan - Growth Option;INF789F01604;;2794.368;;;03-Apr-2021
120785;UTI - Overnight Fund - Direct Plan - Growth Option;INF789FB1S71;;2818.3559;;;03-Apr-2021
124266;UTI Overnight Fund - Direct Plan - Daily IDCW;;INF789FB1S89;1371.6621;;;03-Apr-2021
120786;UTI Overnight Fund - Direct Plan - Periodic IDCW;INF789FB1T05;INF789FB1S97;1508.1904;;;03-Apr-2021
124265;UTI Overnight Fund - Regular Plan - Daily IDCW;;INF789FB1T13;1370.8617;;;03-Apr-2021
100813;UTI Overnight Fund - Regular Plan - Periodic IDCW;INF789F01588;INF789F01596;1468.6536;;;03-Apr-2021

Open Ended Schemes ( Debt Scheme - Liquid Fund )


Aditya Birla Sun Life Mutual Fund
100047;Aditya Birla Sun Life Liquid Fund - Growth;INF209K01RU9;;329.3918;;;03-Apr-2021
119568;Aditya Birla Sun Life Liquid Fund - Growth - Direct Plan;INF209K01VA3;;331.6192;;;03-Apr-2021
100046;Aditya Birla Sun Life Liquid Fund -Daily IDCW;INF209K01KQ2;INF209K01SQ5;100.2201;;;03-Apr-2021
119569;Aditya Birla Sun Life Liquid Fund -Direct - daily IDCW;INF209K01UZ2;;100.2211;;;03-Apr-2021
119571;Aditya Birla Sun Life Liquid Fund -DIRECT - IDCW;INF209K01VD7;;180.0434;;;03-Apr-2021
119570;Aditya Birla Sun Life Liquid Fund -Direct - weekly IDCW;INF209K01VC9;;100.3024;;;03-Apr-2021
100041;Aditya Birla Sun Life Liquid Fund -Institutional - IDCW;;INF209K01KN9;108.0501;;;03-Apr-2021
100048;Aditya Birla Sun Life Liquid Fund -Institutional - weekly  IDCW;INF209KA1LK7;INF209K01KY6;108.1488;;;03-Apr-2021
103885;Aditya Birla Sun Life Liquid Fund -Regular - IDCW;INF209KA1LI1;;137.8265;;;03-Apr-2021
100044;Aditya Birla Sun Life Liquid Fund -Retail - IDCW;;INF209K01KP4;163.7351;;;03-Apr-2021
100051;Aditya Birla Sun Life Liquid Fund -weekly IDCW;INF209K01KU4;INF209KA1LJ9;100.2999;;;03-Apr-2021
112014;Aditya Birla Sun Life Liquid Fund- Discipline Advantage Plan;INF209K01KZ3;;221.7668;;;03-Apr-2021
100043;Aditya Birla Sun Life Liquid Fund-Institutional (Growth);INF209K01RT1;;548.5405;;;03-Apr-2021
100042;Aditya Birla Sun Life Liquid Fund-Retail (Growth);INF209K01ME4;;534.5321;;;03-Apr-2021

Axis Mutual Fund
120388;Axis Liquid Fund - Direct Plan - Daily IDCW;;INF846K01DA0;1000.9560;;;03-Apr-2021
120389;Axis Liquid Fund - Direct Plan - Growth Option;INF846K01CX4;;2285.3985;;;03-Apr-2021
120391;Axis Liquid Fund - Direct Plan - Monthly IDCW;INF846K01CY2;INF846K01CZ9;1001.5480;;;03-Apr-2021
120390;Axis Liquid Fund - Direct Plan - Weekly IDCW;INF846K01DB8;INF846K01DC6;1002.4621;;;03-Apr-2021
112211;Axis Liquid Fund - Regular Plan - Daily IDCW;;INF846K01420;1001.3998;;;03-Apr-2021
112210;Axis Liquid Fund - Regular Plan - Growth Option;INF846K01412;;2273.3198;;;03-Apr-2021
112213;Axis Liquid Fund - Regular Plan - Monthly IDCW;INF846K01453;INF846K01461;1002.1213;;;03-Apr-2021
112212;Axis Liquid Fund - Regular Plan - Weekly IDCW;INF846K01438;INF846K01446;1002.4542;;;03-Apr-2021
112712;Axis Liquid Fund - Retail Plan - Daily IDCW;;INF846K01362;1000.9559;;;03-Apr-2021
112713;Axis Liquid Fund - Retail Plan - Growth Option;INF846K01354;;2126.2600;;;03-Apr-2021
112714;Axis Liquid Fund - Retail Plan - Monthly IDCW;INF846K01396;INF846K01404;1001.4217;;;03-Apr-2021
112715;Axis Liquid Fund - Retail Plan - Weekly IDCW;INF846K01370;INF846K01388;1000.9906;;;03-Apr-2021

Bandhan Mutual Fund
108692;BANDHAN LIQUID Fund - Regular Plan - Daily IDCW;INF194K01VZ4;INF194K01VY7;1001.3394;;;03-Apr-2021
108690;BANDHAN LIQUID Fund - Regular Plan - Growth;INF194K01VX9;;2474.1066;;;03-Apr-2021
108693;BANDHAN LIQUID Fund - Regular Plan - Monthly IDCW;INF194K01WF4;INF194K01WE7;1001.0744;;;03-Apr-2021
115489;BANDHAN LIQUID Fund - Regular Plan - Periodic IDCW;INF194K01WC1;INF194K01WB3;1068.1643;;;03-Apr-2021
108691;BANDHAN LIQUID Fund - Regular Plan - Weekly IDCW;INF194K01WI8;INF194K01WH0;1001.3411;;;03-Apr-2021
139582;BANDHAN LIQUID Fund - Unclaimed IDCW Less than 3 years;INF194KA14C0;;1.3245;;;03-Apr-2021
139583;BANDHAN LIQUID Fund - Unclaimed IDCW More than 3 years;INF194KA15C7;;1.0000;;;03-Apr-2021
139584;BANDHAN LIQUID Fund - Unclaimed Redemption Less than 3 years;INF194KA12C4;;1.3245;;;03-Apr-2021
139585;BANDHAN LIQUID Fund - Unclaimed Redemption More than 3 years;INF194KA13C2;;1.0000;;;03-Apr-2021
118365;BANDHAN LIQUID Fund -Direct Plan -Monthly IDCW;INF194K01J36;INF194K01J28;1007.8052;;;03-Apr-2021
118367;BANDHAN LIQUID Fund -Direct Plan -Weekly IDCW;INF194KB1JT8;INF194K01J51;1007.2194;;;03-Apr-2021
118366;BANDHAN LIQUID Fund -Direct Plan-Daily IDCW;;INF194K01I78;1001.9253;;;03-Apr-2021
118364;BANDHAN LIQUID Fund -Direct Plan-Growth;INF194K01I60;;2486.6301;;;03-Apr-2021
118363;BANDHAN LIQUID Fund -Direct Plan-Periodic IDCW;INF194K01J02;INF194K01I94;1001.8179;;;03-Apr-2021

Bank of India Mutual Fund
141887;BANK OF INDIA Liquid Fund  Unclaimed Dividend greater than  3 years;;;1000.0000;;;03-Apr-2021
141889;BANK OF INDIA Liquid Fund  Unclaimed Dividend Upto 3 years;;;1203.7411;;;03-Apr-2021
141888;BANK OF INDIA Liquid Fund  Unclaimed Redemption greater than  3 years;;;1000.0000;;;03-Apr-2021
141890;BANK OF INDIA Liquid Fund  Unclaimed Redemption Upto 3 years;;;1203.6166;;;03-Apr-2021
119368;BANK OF INDIA Liquid Fund- Direct Plan- Daily IDCW;;INF761K01CL0;1002.6483;;;03-Apr-2021
119369;BANK OF INDIA Liquid Fund- Direct Plan- Growth;INF761K01785;;2367.8095;;;03-Apr-2021
119370;BANK OF INDIA Liquid Fund- Direct Plan- Weekly IDCW;;INF761K01CM8;1061.9610;;;03-Apr-2021
111971;BANK OF INDIA Liquid Fund- Regular Plan- Daily IDCW;;INF761K01CO4;1002.1069;;;03-Apr-2021
109254;BANK OF INDIA Liquid Fund- Regular Plan- Growth;INF761K01306;;2349.5463;;;03-Apr-2021
109255;BANK OF INDIA Liquid Fund- Regular Plan- Weekly IDCW;;INF761K01CP1;1001.6896;;;03-Apr-2021

Baroda BNP Paribas Mutual Fund
119414;Baroda BNP Paribas LIQUID FUND - DIRECT PLAN - DAILY IDCW OPTION;INF955L01AK2;;1002.0849;;;03-Apr-2021
119415;Baroda BNP Paribas LIQUID FUND - DIRECT PLAN - GROWTH OPTION;INF955L01AL0;;2370.0618;;;03-Apr-2021
119416;Baroda BNP Paribas LIQUID FUND - DIRECT PLAN - WEEKLY IDCW OPTION;INF251K01SL8;;1218.9464;;;03-Apr-2021
111707;Baroda BNP Paribas LIQUID FUND - Regular Plan - DAILY IDCW OPTION;INF955L01468;INF955L01476;1001.1996;;;03-Apr-2021
111704;Baroda BNP Paribas LIQUID FUND - Regular Plan - GROWTH OPTION;INF955L01484;;2351.3930;;;03-Apr-2021
111705;Baroda BNP Paribas LIQUID FUND - Regular Plan - WEEKLY IDCW OPTION;INF251K01SK0;INF955L01500;1000.4540;;;03-Apr-2021
101408;Baroda BNP Paribas LIQUID FUND- Defunct Plan -Growth Option;INF955L01575;;3460.0656;;;03-Apr-2021
101407;Baroda BNP Paribas LIQUID FUND-Defunct Plan- IDCW Option;INF955L01559;INF955L01567;2964.4642;;;03-Apr-2021
101409;Baroda BNP Paribas LIQUID FUND-Defunct Plan-Daily IDCW Option;INF955L01518;INF955L01526;1006.0602;;;03-Apr-2021

Canara Robeco Mutual Fund
118307;CANARA ROBECO LIQUID FUND - DIRECT PLAN - DAILY IDCW (Reinvestment);;INF760K01FS0;1005.5000;;;03-Apr-2021
118305;CANARA ROBECO LIQUID FUND - DIRECT PLAN - GROWTH OPTION;INF760K01FU6;;2467.6303;;;03-Apr-2021
118304;CANARA ROBECO LIQUID FUND - DIRECT PLAN - IDCW (Payout/Reinvestment);INF760K01FT8;;1766.4980;;;03-Apr-2021
118306;CANARA ROBECO LIQUID FUND - DIRECT PLAN - MONTHLY IDCW (Payout/Reinvestment);INF760K01FV4;INF760K01FW2;1000.3239;;;03-Apr-2021
118308;CANARA ROBECO LIQUID FUND - DIRECT PLAN - WEEKLY IDCW (Payout/Reinvestment);INF760K01FY8;INF760K01FX0;1000.3238;;;03-Apr-2021
109349;CANARA ROBECO LIQUID FUND - REGULAR PLAN - DAILY IDCW (Reinvestment);;INF760K01CU3;1005.5000;;;03-Apr-2021
109353;CANARA ROBECO LIQUID FUND - REGULAR PLAN - GROWTH OPTION;INF760K01CW9;;2459.9325;;;03-Apr-2021
109351;CANARA ROBECO LIQUID FUND - REGULAR PLAN - MONTHLY IDCW (Payout/Reinvestment);INF760K01CX7;INF760K01CY5;1000.3223;;;03-Apr-2021
109350;CANARA ROBECO LIQUID FUND - REGULAR PLAN - WEEKLY IDCW (Payout/Reinvestment);INF760K01BZ4;INF760K01CZ2;1000.3222;;;03-Apr-2021
139235;Canara Robeco Liquid Fund -Unclaimed Redemption and Dividend Plan -Direct Growth Option;INF760K01IC8;;1342.7434;;;03-Apr-2021

DSP Mutual Fund
119125;DSP Liquidity Fund - Direct Plan - Growth;INF740K01QL4;;2941.9729;;;03-Apr-2021
119124;DSP Liquidity Fund - Direct Plan - IDCW - Daily;;INF740KA1OB6;1001.2107;;;03-Apr-2021
119123;DSP Liquidity Fund - Direct Plan - IDCW - Weekly;INF740KA1OC4;INF740KA1OD2;1001.7564;;;03-Apr-2021
103347;DSP Liquidity Fund - Regular Plan - Growth;INF740K01FK9;;2920.4476;;;03-Apr-2021
103348;DSP Liquidity Fund - Regular Plan - IDCW - Weekly;INF740K01FM5;INF740K01FL7;1001.7315;;;03-Apr-2021
103349;DSP Liquidity Fund- Regular Plan - IDCW - Daily;;INF740KA1OE0;1001.2033;;;03-Apr-2021

Edelweiss Mutual Fund
140194;Edelweiss Liquid Fund - Direct Plan - Bonus Option;INF754K01GY9;;1544.2457;;;03-Apr-2021
140196;Edelweiss Liquid Fund - Direct Plan - Growth Option;INF754K01GM4;;2654.3292;;;03-Apr-2021
140198;Edelweiss Liquid Fund - Direct Plan - IDCW Option;INF754K01GO0;INF754K01GN2;2654.343;;;03-Apr-2021
140192;Edelweiss Liquid Fund - Direct Plan Annual - IDCW Option;INF754K01GX1;INF754K01GT9;2654.3214;;;03-Apr-2021
140193;Edelweiss Liquid Fund - Direct Plan daily - IDCW Option;;INF754K01GP7;1002.9603;;;03-Apr-2021
140199;Edelweiss Liquid Fund - Direct Plan Fortnightly - IDCW Option;INF754K01GV5;INF754K01GR3;2171.9631;;;03-Apr-2021
140197;Edelweiss Liquid Fund - Direct Plan Monthly - IDCW Option;INF754K01GW3;INF754K01GS1;1005.1634;;;03-Apr-2021
140195;Edelweiss Liquid Fund - Direct Plan weekly - IDCW Option;INF754K01GU7;INF754K01GQ5;2172.321;;;03-Apr-2021
140189;Edelweiss Liquid Fund - Regular Plan - Bonus Option;INF754K01HR1;;1528.5561;;;03-Apr-2021
140182;Edelweiss Liquid Fund - Regular Plan - Growth Option;INF754K01GZ6;;2624.0639;;;03-Apr-2021
140190;Edelweiss Liquid Fund - Regular Plan - IDCW Option;INF754K01GK8;INF754K01GL6;2624.0669;;;03-Apr-2021
140188;Edelweiss Liquid Fund - Regular Plan Annual - IDCW Option;INF754K01HQ3;INF754K01HP5;1815.6287;;;03-Apr-2021
140181;Edelweiss Liquid Fund - Regular Plan Daily - IDCW Option;;INF754K01HA7;1003.3974;;;03-Apr-2021
140184;Edelweiss Liquid Fund - Regular Plan Fortnightly - IDCW Option;INF754K01HK6;INF754K01HC3;2153.8459;;;03-Apr-2021
140183;Edelweiss Liquid Fund - Regular Plan Monthly - IDCW Option;INF754K01HL4;INF754K01HD1;1004.8734;;;03-Apr-2021
140185;Edelweiss Liquid Fund - Regular Plan Weekly - IDCW Option;INF754K01HJ8;INF754K01HB5;1018.3482;;;03-Apr-2021
140176;Edelweiss Liquid Fund - Retail Plan - Growth Option;INF754K01HE9;;2386.3976;;;03-Apr-2021
140178;Edelweiss Liquid Fund - Retail Plan - Weekly Dividend Option;;INF754K01HG4;1229.917;;;03-Apr-2021
140177;Edelweiss Liquid Fund - Retail Plan Daily - IDCW Option;;INF754K01HF6;1003.1709;;;03-Apr-2021
140180;Edelweiss Liquid Fund - Retail Plan Monthly - IDCW Option;;INF754K01HI0;1244.424;;;03-Apr-2021
141159;Edelweiss Liquid Fund - Unclaimed Dividend Plan- Above 3 years;;;1000;;;03-Apr-2021
141161;Edelweiss Liquid Fund - Unclaimed Dividend Plan- Upto 3 years;;;1269.2865;;;03-Apr-2021
141162;Edelweiss Liquid Fund - Unclaimed Redemption Plan- Above 3 years;;;1000;;;03-Apr-2021
141160;Edelweiss Liquid Fund - Unclaimed Redemption Plan- Upto 3 years;;;1269.2963;;;03-Apr-2021

Franklin Templeton Mutual Fund
100538;Franklin India Liquid Fund - Regular Plan - Growth;INF090I01BB1;;4759.4782;;;03-Apr-2021
118577;Franklin India Liquid Fund - Super Institutional - Direct - Growth;INF090I01JV2;;3092.6286;;;03-Apr-2021
100546;Franklin India Liquid Fund - Super Institutional Plan - Growth;INF090I01BG0;;3076.7100;;;03-Apr-2021

Groww Mutual Fund
119135;Groww Liquid Fund ( formerly known as Indiabulls Liquid )Fund - Direct Plan - Growth Option;INF666M01451;;2006.7363;;;03-Apr-2021
119136;Groww Liquid Fund (formerly known as Indiabulls Liquid Fund) - Direct Plan- - Income Distribution cum capital withdrawal Option ( Reinvestment);;INF666M01469;1001.06;;;03-Apr-2021
115991;Groww Liquid Fund (formerly known as Indiabulls Liquid Fund) - Regular Plan - Growth Option;INF666M01014;;1990.5708;;;03-Apr-2021
119138;Groww Liquid Fund (formerly known as Indiabulls Liquid Fund)- Direct Plan- Fortnightly - Income Distribution cum capital withdrawal Option (Payout & Reinvestment);INF666M01501;INF666M01485;1001.3348;;;03-Apr-2021
119139;Groww Liquid Fund (formerly known as Indiabulls Liquid Fund)- Direct Plan- Monthly - Income Distribution cum capital withdrawal Option (Payout & Reinvestment);INF666M01519;INF666M01493;1032.1155;;;03-Apr-2021
119137;Groww Liquid Fund (formerly known as Indiabulls Liquid Fund)- Direct Plan- Weekly - Income Distribution cum capital withdrawal Option (Payout & Reinvestment);INF666M01527;INF666M01477;1000.8689;;;03-Apr-2021
115992;Groww Liquid Fund (formerly known as Indiabulls Liquid Fund)- Regular Plan- - Income Distribution cum capital withdrawal Option (Reinvestment);;INF666M01022;1001.1451;;;03-Apr-2021
115995;Groww Liquid Fund (formerly known as Indiabulls Liquid Fund)- Regular Plan- Monthly - Income Distribution cum capital withdrawal Option (Payout & Reinvestment);INF666M01071;INF666M01055;1003.4551;;;03-Apr-2021
115993;Groww Liquid Fund (formerly known as Indiabulls Liquid Fund)- Regular Plan- Weekly - Income Distribution cum capital withdrawal Option (Payout & Reinvestment);INF666M01089;INF666M01030;1001.9296;;;03-Apr-2021
115994;Groww Liquid Fund (formerly known as Indiabulls Liquid) Fund- Regular Plan- Fortnightly - Income Distribution cum capital withdrawal Option (Payout & Reinvestment);INF666M01063;INF666M01048;1001.2361;;;03-Apr-2021
147937;Indiabulls Liquid Fund - Direct Plan- Growth -Unclaimed Redemption < 3 Yrs;;;2007.1127;;;03-Apr-2021
147939;Indiabulls Liquid Fund - Direct Plan- Growth- Unclaimed Redemption> 3Yrs;;;2006.7304;;;03-Apr-2021
147938;Indiabulls Liquid Fund- Direct Plan-Growth- Unclaimed Dividend < 3 Yrs;;;1997.3684;;;03-Apr-2021
147940;Indiabulls Liquid Fund-Direct Plan- Growth- Unclaimed Dividend > 3 Yrs;;;2007.0861;;;03-Apr-2021

HDFC Mutual Fund
119091;HDFC Liquid Fund - Growth Option - Direct Plan;INF179KB1HP9;;4046.5282;;;03-Apr-2021
100868;HDFC Liquid Fund - Growth Plan;INF179KB1HK0;;4018.6428;;;03-Apr-2021

ICICI Prudential Mutual Fund
120197;ICICI Prudential Liquid Fund - Direct Plan - Growth;INF109K01Q49;;304.8144;;;03-Apr-2021
103340;ICICI Prudential Liquid Fund - Growth;INF109K01VQ1;;303.1178;;;03-Apr-2021

IDBI Mutual Fund
126163;IDBI Liquid Fund Bonus Direct;INF397L01FP5;;1658.5100;;;03-Apr-2021
118345;IDBI Liquid Fund Growth Direct;INF397L01AH3;;2213.8737;;;03-Apr-2021
113104;IDBI Liquid Fund- Monthly IDCW;INF397L01976;INF397L01968;1004.5468;;;03-Apr-2021
118449;IDBI Liquid Fund- Monthly IDCW Direct;INF397L01AK7;INF397L01AJ9;1002.9947;;;03-Apr-2021
113102;IDBI Liquid Fund-Daily IDCW;;INF397L01935;1005.2683;;;03-Apr-2021
118450;IDBI Liquid Fund-Daily IDCW Direct;;INF397L01AI1;1002.3548;;;03-Apr-2021
113096;IDBI Liquid Fund-Growth;INF397L01984;;2196.8495;;;03-Apr-2021
113103;IDBI Liquid Fund-Weekly IDCW;INF397L01950;INF397L01943;1023.5332;;;03-Apr-2021
118451;IDBI Liquid Fund-Weekly IDCW Direct;INF397L01AM3;INF397L01AL5;1004.2594;;;03-Apr-2021

Invesco Mutual Fund
122786;Invesco India Liquid Fund - Bonus Option;INF205K01UX5;;2812.4799;;;03-Apr-2021
104484;Invesco India Liquid Fund - Daily IDCW (Reinvestment);;INF205K01HN3;1002.7594;;;03-Apr-2021
120537;Invesco India Liquid Fund - Direct Plan - Growth;INF205K01MF9;;2826.802;;;03-Apr-2021
120536;Invesco India Liquid Fund - Direct Plan - Monthly IDCW (Payout / Reinvestment);INF205K01MG7;INF205K01MH5;1052.678;;;03-Apr-2021
120535;Invesco India Liquid Fund - Direct Plan - Weekly IDCW (Reinvestment);INF205KA1BE5;INF205K01MI3;1000.8967;;;03-Apr-2021
120534;Invesco India Liquid Fund - Direct Plan- Daily IDCW (Reinvestment);;INF205K01ME2;1000.9596;;;03-Apr-2021
104486;Invesco India Liquid Fund - Growth;INF205K01HM5;;2810.9559;;;03-Apr-2021
104492;Invesco India Liquid Fund - Monthly IDCW (Payout / Reinvestment);INF205K01HQ6;INF205K01HP8;1003.3322;;;03-Apr-2021
104488;Invesco India Liquid Fund - Regular - Growth;INF205K01HG7;;2545.7419;;;03-Apr-2021
104489;Invesco India Liquid Fund - Regular - Weekly IDCW (Reinvestment);;INF205K01HH5;1002.1735;;;03-Apr-2021
139390;Invesco India Liquid Fund - Unclaimed Dividend Plan - Above 3 Years;;;1000;;;03-Apr-2021
139389;Invesco India Liquid Fund - Unclaimed Dividend Plan - Below 3 Years;;;1339.691;;;03-Apr-2021
139388;Invesco India Liquid Fund - Unclaimed Redemption Plan - Above 3 Years;;;1000;;;03-Apr-2021
139387;Invesco India Liquid Fund - Unclaimed Redemption Plan - Below 3 years;;;1339.5959;;;03-Apr-2021
104485;Invesco India Liquid Fund - Weekly IDCW (Reinvestment);INF205KA1BD7;INF205K01HO1;1003.4103;;;03-Apr-2021

ITI Mutual Fund
147161;ITI Liquid Fund - Direct Plan - Annually IDCW Option;INF00XX01366;INF00XX01333;1080.4025;;;03-Apr-2021
147158;ITI Liquid Fund - Direct Plan - Daily IDCW Option;;INF00XX01291;1001.3233;;;03-Apr-2021
147160;ITI Liquid Fund - Direct Plan - Fortnightly IDCW Option;INF00XX01341;INF00XX01317;1001.7143;;;03-Apr-2021
147157;ITI Liquid Fund - Direct Plan - Growth Option;INF00XX01283;;1080.2757;;;03-Apr-2021
147163;ITI Liquid Fund - Direct Plan - Monthly IDCW Option;INF00XX01358;INF00XX01325;1001.6915;;;03-Apr-2021
147159;ITI Liquid Fund - Direct Plan - Weekly IDCW Option;;INF00XX01309;1001.2645;;;03-Apr-2021
147162;ITI Liquid Fund - Regular Plan - Annually IDCW Option;INF00XX01275;INF00XX01242;1080.0219;;;03-Apr-2021
147154;ITI Liquid Fund - Regular Plan - Daily IDCW Option;;INF00XX01200;1001.0000;;;03-Apr-2021
147155;ITI Liquid Fund - Regular Plan - Fortnightly Income Distribution cum capital withdrawal option Option;INF00XX01259;INF00XX01226;1017.7812;;;03-Apr-2021
147153;ITI Liquid Fund - Regular Plan - Growth Option;INF00XX01192;;1077.9662;;;03-Apr-2021
147156;ITI Liquid Fund - Regular Plan - Monthly IDCW Option;INF00XX01267;INF00XX01234;1001.6780;;;03-Apr-2021
147164;ITI Liquid Fund - Regular Plan - Weekly IDCW Option;;INF00XX01218;1001.2544;;;03-Apr-2021

L&T Mutual Fund
122235;L&T Liquid Fund - Direct Plan - Weekly IDCW;;INF917K01HE2;1001.4356;;;03-Apr-2021
119791;L&T Liquid Fund - Direct Plan -Daily IDCW;INF917K01HG7;;1014.6122;;;03-Apr-2021
119790;L&T Liquid Fund - Direct Plan -Growth;INF917K01HF9;;2819.6564;;;03-Apr-2021
112458;L&T Liquid Fund - Regular Plan - Weekly IDCW;INF917K01BK2;INF917K01JG3;1003.1993;;;03-Apr-2021
112445;L&T Liquid Fund -Regular Plan - Daily IDCW;INF917K01JB4;;1012.0371;;;03-Apr-2021
112457;L&T Liquid Fund -Regular Plan - Growth;INF917K01JH1;;2806.9397;;;03-Apr-2021

LIC Mutual Fund
120248;LIC MF Liquid Fund-Direct Plan-Daily IDCW;INF767K01DL5;INF767K01DM3;1010.5506;;;03-Apr-2021
120249;LIC MF Liquid Fund-Direct Plan-Growth;INF767K01DN1;;3737.8409;;;03-Apr-2021
101184;LIC MF Liquid Fund-Regular Plan-Daily IDCW;INF767K01IQ3;INF767K01IR1;1000.0011;;;03-Apr-2021
101185;LIC MF Liquid Fund-Regular Plan-Growth;INF767K01IS9;;3703.7803;;;03-Apr-2021

Mahindra Manulife Mutual Fund
139535;Mahindra Manulife Liquid Fund - Direct Plan - Daily IDCW;;INF174V01051;1000.8430;;;03-Apr-2021
139536;Mahindra Manulife Liquid Fund - Direct Plan - Weekly IDCW;;INF174V01069;1003.4204;;;03-Apr-2021
139538;Mahindra Manulife Liquid Fund - Direct Plan -Growth;INF174V01044;;1337.5362;;;03-Apr-2021
139534;Mahindra Manulife Liquid Fund - Regular Plan - Daily IDCW;;INF174V01028;1000.8404;;;03-Apr-2021
139537;Mahindra Manulife Liquid Fund - Regular Plan - Growth;INF174V01010;;1329.5748;;;03-Apr-2021
139541;Mahindra Manulife Liquid Fund - Regular Plan - Weekly IDCW;;INF174V01036;1009.8253;;;03-Apr-2021
139539;Mahindra Manulife Liquid Fund - Unclaimed Redemption / IDCW Upto three years;;;1192.1223;;;03-Apr-2021

Nippon India Mutual Fund
100852;NIPPON INDIA LIQUID FUND - DAILY IDCW OPTION;;INF204K01UM1;1529.1186;;;03-Apr-2021
118695;NIPPON INDIA LIQUID FUND - DIRECT Plan - DAILY IDCW OPTION;;INF204K01ZG2;1529.1360;;;03-Apr-2021
118696;NIPPON INDIA LIQUID FUND - DIRECT Plan - MONTHLY IDCW OPTION;INF204K01ZI8;INF204K01ZJ6;1588.5430;;;03-Apr-2021
118698;NIPPON INDIA LIQUID FUND - DIRECT Plan - QUARTERLY IDCW OPTION;INF204K01ZK4;INF204K01ZL2;1005.4800;;;03-Apr-2021
118700;NIPPON INDIA LIQUID FUND - DIRECT Plan - WEEKLY IDCW OPTION;INF204KC1FN6;INF204K01ZM0;1531.4721;;;03-Apr-2021
118701;Nippon India Liquid Fund - Direct Plan Growth Plan - Growth Option;INF204K01ZH0;;5033.8948;;;03-Apr-2021
100855;NIPPON INDIA LIQUID FUND - MONTHLY IDCW OPTION;INF204K01UO7;INF204K01UP4;1585.1559;;;03-Apr-2021
112340;NIPPON INDIA LIQUID FUND - QUARTERLY IDCW OPTION;INF204K01UQ2;INF204K01UR0;1003.6549;;;03-Apr-2021
100837;Nippon India Liquid Fund - Retail Option - Growth Plan;INF204K01UL3;;4539.8116;;;03-Apr-2021
100842;NIPPON INDIA LIQUID FUND - RETAIL Plan - DAILY IDCW OPTION;;INF204K01UJ7;1524.5798;;;03-Apr-2021
100843;NIPPON INDIA LIQUID FUND - RETAIL plan - MONTHLY IDCW OPTION;INF204K01UT6;INF204K01UU4;1327.3691;;;03-Apr-2021
100844;NIPPON INDIA LIQUID FUND - RETAIL Plan - QUARTERLY IDCW OPTION;INF204K01UV2;INF204K01UW0;1215.0923;;;03-Apr-2021
100838;NIPPON INDIA LIQUID FUND - RETAIL Plan - WEEKLY IDCW OPTION;;INF204K01UK5;1034.7757;;;03-Apr-2021
100853;NIPPON INDIA LIQUID FUND - WEEKLY IDCW OPTION;INF204KC1FM8;INF204K01US8;1531.4096;;;03-Apr-2021
100851;Nippon India Liquid Fund -Growth Plan;INF204K01UN9;;4998.6756;;;03-Apr-2021

PGIM India Mutual Fund
139603;PGIM India Insta Cash Fund - Unclaimed Dividend Plan - Below 3 years;;;130.6757;;;03-Apr-2021
139604;PGIM India Insta Cash Fund - Unclaimed Redemption Plan - Above 3 years;;;100;;;03-Apr-2021
139605;PGIM India Insta Cash Fund - Unclamied Dividend Plan - Above 3 years;;;100;;;03-Apr-2021
139602;PGIM India Insta Cash Fund - Unlcaimed Redemption Plan - Below 3 years;;;130.5716;;;03-Apr-2021
138286;PGIM India Liquid Fund - Bonus Option;INF223J01BQ4;;182.0678;;;03-Apr-2021
138285;PGIM India Liquid Fund - Daily Dividend;;INF223J01BO9;100.304;;;03-Apr-2021
138297;PGIM India Liquid Fund - Direct Plan - Daily Dividend;INF223J01NR7;;104.1239;;;03-Apr-2021
138299;PGIM India Liquid Fund - Direct Plan - Growth;INF223J01NS5;;268.1328;;;03-Apr-2021
138298;PGIM India Liquid Fund - Direct Plan - Monthly Dividend;INF223J01NT3;INF223J01NU1;107.6727;;;03-Apr-2021
138301;PGIM India Liquid Fund - Direct Plan - Weekly Dividend;INF223J01NV9;INF223J01NW7;100.5322;;;03-Apr-2021
138288;PGIM India Liquid Fund - Growth;INF223J01BP6;;266.3202;;;03-Apr-2021
138287;PGIM India Liquid Fund - Monthly Dividend;INF223J01BL5;;108.429;;;03-Apr-2021
138289;PGIM India Liquid Fund - Weekly Dividend;INF223J01BU6;;100.5312;;;03-Apr-2021

Principal Mutual Fund
100895;Principal Cash Management Fund - Daily Income Distribution CUM Capital Withdrawal;;INF173K01DB7;1001.1415;;;03-Apr-2021
119468;Principal Cash Management Fund - Direct Plan - Growth Option;INF173K01GU0;;1817.8687;;;03-Apr-2021
119467;Principal Cash Management Fund - Direct Plan - Income Distribution CUM Capital Withdrawal Option - Daily;;INF173K01GT2;1000.8963;;;03-Apr-2021
119469;Principal Cash Management Fund - Direct Plan - Income Distribution CUM Capital Withdrawal Option - Weekly;;INF173K01GY2;1007.7154;;;03-Apr-2021
100897;Principal Cash Management Fund - Monthly Income Distribution CUM Capital Withdrawal Option;INF173K01BV9;INF173K01BW7;1024.3225;;;03-Apr-2021
100896;Principal Cash Management Fund - Weekly Income Distribution CUM Capital Withdrawal Option;;INF173K01DC5;1007.2414;;;03-Apr-2021
119466;Principal Cash Management Fund -Direct Plan - Income Distribution CUM Capital Withdrawal Option - Monthly;INF173K01GV8;INF173K01GW6;1024.3809;;;03-Apr-2021
100898;Principal Cash Management Fund -Growth Option;INF173K01DA9;;1807.0378;;;03-Apr-2021

Quantum Mutual Fund
103736;Quantum Liquid Fund - Direct Plan Daily IDCW;;INF082J01135;10.0063;;;03-Apr-2021
103734;Quantum Liquid Fund - Direct Plan Growth Option;INF082J01127;;27.7932;;;03-Apr-2021
103735;Quantum Liquid Fund - Direct Plan Monthly IDCW;INF082J01143;INF082J01200;10.0162;;;03-Apr-2021
141065;Quantum Liquid Fund - Regular Plan Daily IDCW;;INF082J01317;10.0010;;;03-Apr-2021
141066;Quantum Liquid Fund - Regular Plan Growth Option;INF082J01309;;27.7165;;;03-Apr-2021
141067;Quantum Liquid Fund - Regular Plan Monthly IDCW;INF082J01325;INF082J01333;10.0131;;;03-Apr-2021

SBI Mutual Fund
119804;SBI Liquid Fund - Direct Paln - Fortnightly Income Distribution cum Capital Withdrawal Option (IDCW);INF200K01UR8;INF200K01US6;1052.3013;;;03-Apr-2021
119805;SBI Liquid Fund - Direct Plan - Daily Income Distribution cum Capital Withdrawal Option (IDCW);;INF200K01UQ0;1039.8548;;;03-Apr-2021
119799;SBI Liquid Fund - Direct Plan - Weekly Income Distribution cum Capital Withdrawal Option (IDCW);INF200K01UU2;INF200K01UV0;1100.5941;;;03-Apr-2021
119800;SBI Liquid Fund - DIRECT PLAN -Growth;INF200K01UT4;;3222.4563;;;03-Apr-2021
105274;SBI Liquid Fund - Institutional - Growth;INF200K01LU1;;3234.1688;;;03-Apr-2021
105275;SBI Liquid Fund - Institutional Daily Income Distribution cum Capital Withdrawal Option (IDCW);;INF200K01LR7;1039.0196;;;03-Apr-2021
105279;SBI Liquid Fund - Institutional Fortnightly Income Distribution cum Capital Withdrawal Option (IDCW);INF200K01LS5;INF200K01LT3;1063.1816;;;03-Apr-2021
105281;SBI Liquid Fund - Regular Plan - Daily Income Distribution cum Capital Withdrawal Option (IDCW);;INF200K01LX5;1039.0142;;;03-Apr-2021
105283;SBI Liquid Fund - Regular Plan - Fortnightly Income Distribution cum Capital Withdrawal Option (IDCW);INF200K01LY3;INF200K01LZ0;1051.4608;;;03-Apr-2021
105282;SBI Liquid Fund - Regular Plan - Weekly Income Distribution cum Capital Withdrawal Option (IDCW);INF200K01MB9;INF200K01MC7;1099.7052;;;03-Apr-2021
105280;SBI Liquid Fund - REGULAR PLAN -Growth;INF200K01MA1;;3203.9077;;;03-Apr-2021

Sundaram Mutual Fund
119690;Sundaram Money Fund Direct Plan - Bonus;INF903J01RL8;;15.5348;;;03-Apr-2021
119688;Sundaram Money Fund Direct Plan - Daily Reinvestment of Income Distribution cum Capital Withdrawal (IDCW);;INF903J01QA3;10.1050;;;03-Apr-2021
119692;Sundaram Money Fund Direct Plan - Fortnightly Reinvestment of Income Distribution cum Capital Withdrawal (IDCW);;INF903J01QB1;26.3633;;;03-Apr-2021
119686;Sundaram Money Fund Direct Plan - Growth;INF903J01QF2;;43.4087;;;03-Apr-2021
119687;Sundaram Money Fund Direct Plan - Monthly Income Distribution cum Capital Withdrawal (IDCW);INF903J01QC9;INF903J01QD7;10.7778;;;03-Apr-2021
119689;Sundaram Money Fund Direct Plan - Quarterly Reinvestment of Income Distribution cum Capital Withdrawal (IDCW);;INF903J01QE5;39.7181;;;03-Apr-2021
119691;Sundaram Money Fund Direct Plan - Weekly Reinvestment of Income Distribution cum Capital Withdrawal (IDCW);;INF903J01QG0;12.0678;;;03-Apr-2021
102701;Sundaram Money Fund Institutional Plan - Daily Reinvestment of Income Distribution cum Capital Withdrawal (IDCW);;INF903J01GP2;10.0978;;;03-Apr-2021
118328;Sundaram Money Fund Regular Plan - Bonus;INF903J01MB0;;15.4178;;;03-Apr-2021
103392;Sundaram Money Fund Regular Plan - Daily Reinvestment of Income Distribution cum Capital Withdrawal (IDCW);;INF903J01GW8;10.0977;;;03-Apr-2021
103395;Sundaram Money Fund Regular Plan - Fortnightly Reinvestment of Income Distribution cum Capital Withdrawal (IDCW);;INF903J01GY4;11.1520;;;03-Apr-2021
103397;Sundaram Money Fund Regular Plan - Growth;INF903J01GU2;;43.1317;;;03-Apr-2021
103396;Sundaram Money Fund Regular Plan - Monthly Income Distribution cum Capital Withdrawal (IDCW);INF903J01GV0;INF903J01GZ1;10.6347;;;03-Apr-2021
103393;Sundaram Money Fund Regular Plan - Quarterly Reinvestment of Income Distribution cum Capital Withdrawal (IDCW);;INF903J01HA2;39.5087;;;03-Apr-2021
100620;Sundaram Money Fund Retail Plan - Daily Reinvestment of Income Distribution cum Capital Withdrawal (IDCW);;INF903J01GI7;10.0977;;;03-Apr-2021
100622;Sundaram Money Fund Retail Plan - Fortnightly Reinvestment of Income Distribution cum Capital Withdrawal (IDCW);;INF903J01GK3;11.1364;;;03-Apr-2021
100618;Sundaram Money Fund Retail Plan - Growth;INF903J01GG1;;40.3089;;;03-Apr-2021
100623;Sundaram Money Fund Retail Plan - Monthly Income Distribution cum Capital Withdrawal (IDCW);INF903J01GH9;INF903J01GL1;10.2789;;;03-Apr-2021
100619;Sundaram Money Fund Retail Plan - Quarterly Reinvestment of Income Distribution cum Capital Withdrawal (IDCW);;INF903J01GM9;12.4681;;;03-Apr-2021
100621;Sundaram Money Fund Retail Plan - Weekly Reinvestment of Income Distribution cum Capital Withdrawal (IDCW);;INF903J01GJ5;11.9984;;;03-Apr-2021
140006;Sundaram Money Fund Unclaimed Amount Plan - Unclaimed Dividend Less Than Three Years;INF903JA1567;;12.9011;;;03-Apr-2021
140005;Sundaram Money Fund Unclaimed Amount Plan - Unclaimed Dividend More Than Three Years;INF903JA1575;;10.0000;;;03-Apr-2021
140003;Sundaram Money Fund Unclaimed Amount Plan - Unclaimed Redemption Less Than Three Years;INF903JA1542;;12.9111;;;03-Apr-2021
140004;Sundaram Money Fund Unclaimed Amount Plan - Unclaimed Redemption More Than Three Years;INF903JA1559;;10.0000;;;03-Apr-2021
103394;Sundaram Money Fund Regular Plan - Weekly Reinvestment of Income Distribution cum Capital Withdrawal (IDCW);;INF903J01GX6;12.0433;;;03-Apr-2021

Tata Mutual Fund
102672;Tata Liquid Fund -Regular Plan - Growth Option;INF277K01YD8;;3225.5767;;;03-Apr-2021
119862;Tata Liquid Fund- Direct Plan - Daily Reinvestment of IDCW Option;;INF277K012D2;1001.5187;;;03-Apr-2021
119861;Tata Liquid Fund- Direct Plan-Growth Option;INF277K01YE6;;3248.4788;;;03-Apr-2021
101714;Tata Liquid Fund- Regular Plan - Daily Reinvestment of IDCW Option;;INF277K011D4;1001.5157;;;03-Apr-2021

Union Mutual Fund
115401;Union Liquid Fund - Daily IDCW Option;;INF582M01021;1000.7927;;;03-Apr-2021
119301;Union Liquid Fund - Direct Plan - Daily IDCW Option;;INF582M01682;1000.7927;;;03-Apr-2021
119305;Union Liquid Fund - Direct Plan - Fortnightly IDCW Option;INF582M01724;INF582M01708;1001.4618;;;03-Apr-2021
119303;Union Liquid Fund - Direct Plan - Growth Option;INF582M01674;;1982.6112;;;03-Apr-2021
119302;Union Liquid Fund - Direct Plan - Monthly IDCW Option;INF582M01732;INF582M01716;1001.4523;;;03-Apr-2021
119304;Union Liquid Fund - Direct Plan - Weekly IDCW Option;;INF582M01690;1001.0443;;;03-Apr-2021
115399;Union Liquid Fund - Fortnightly IDCW Option;INF582M01062;INF582M01047;1001.4418;;;03-Apr-2021
115398;Union Liquid Fund - Growth Option;INF582M01013;;1966.6936;;;03-Apr-2021
115400;Union Liquid Fund - Monthly IDCW Option;INF582M01070;INF582M01054;1001.4360;;;03-Apr-2021
142345;Union Liquid Fund - Unclaimed Amounts Plan - IDCW Beyond 3 years;;;1000.0000;;;03-Apr-2021
142344;Union Liquid Fund - Unclaimed Amounts Plan - IDCW Upto 3 years;;;1145.3208;;;03-Apr-2021
142343;Union Liquid Fund - Unclaimed Amounts Plan - Redemption Beyond 3 years;;;1000.0000;;;03-Apr-2021
142342;Union Liquid Fund - Unclaimed Amounts Plan - Redemption Upto 3 years;;;1145.0415;;;03-Apr-2021
115402;Union Liquid Fund - Weekly IDCW Option;;INF582M01039;1001.2351;;;03-Apr-2021

UTI Mutual Fund
134427;UTI Liquid Fund - Direct Plan - Annual IDCW;INF789FA1K63;INF789FA1K71;1482.68;;;03-Apr-2021
120558;UTI Liquid Fund - Direct Plan - Daily IDCW (Reinvestment);;INF789F01XP8;1019.4457;;;03-Apr-2021
141768;UTI Liquid Fund - Direct Plan - Flexi IDCW;INF789FA1K89;INF789FA1K97;1221.2017;;;03-Apr-2021
140913;UTI Liquid Fund - Direct Plan - Fortnightly IDCW;INF789FA1K06;INF789FA1K14;1155.8375;;;03-Apr-2021
140504;UTI Liquid Fund - Direct Plan - Half-Yearly IDCW;INF789FA1K48;INF789FA1K55;1158.1664;;;03-Apr-2021
120794;UTI Liquid Fund - Direct Plan - Monthly IDCW;INF789F01XR4;INF789F01XS2;1028.3049;;;03-Apr-2021
140024;UTI Liquid Fund - Direct Plan - Quarterly IDCW;INF789FA1K22;INF789FA1K30;1400.2898;;;03-Apr-2021
120777;UTI Liquid Fund - Direct Plan - Weekly IDCW;;INF789F01XT0;1054.6492;;;03-Apr-2021
133973;UTI Liquid Fund - Regular Plan - Annual IDCW;INF789FA1J66;INF789FA1J74;1478.9027;;;03-Apr-2021
102010;UTI Liquid Fund - Regular Plan - Daily IDCW (Reinvestment);;INF789F01PG3;1046.002;;;03-Apr-2021
140517;UTI Liquid Fund - Regular Plan - Flexi IDCW;INF789FA1J82;INF789FA1J90;1218.8845;;;03-Apr-2021
139838;UTI Liquid Fund - Regular Plan - Fortnightly IDCW;INF789FA1J09;INF789FA1J17;1154.9974;;;03-Apr-2021
144475;UTI Liquid Fund - Regular Plan - Half-Yearly IDCW;INF789FA1J41;INF789FA1J58;1029.6251;;;03-Apr-2021
102011;UTI Liquid Fund - Regular Plan - Monthly IDCW;INF789F01PI9;INF789F01PJ7;1028.2305;;;03-Apr-2021
135721;UTI Liquid Fund - Regular Plan - Quarterly IDCW;INF789FA1J25;INF789FA1J33;1396.3718;;;03-Apr-2021
102013;UTI Liquid Fund - Regular Plan - Weekly IDCW;;INF789F01PK5;1053.1355;;;03-Apr-2021
120304;UTI-  Liquid Cash Plan - Direct Plan - Growth Option;INF789F01XQ6;;3371.3544;;;03-Apr-2021
102012;UTI-  Liquid Cash Plan - Regular Plan - Growth Option;INF789F01PH1;;3353.9642;;;03-Apr-2021
102008;UTI-  Liquid Cash Plan- Discontinued - Regular Plan - Monthly Dividend Option;INF789F01BC2;INF789F01BA6;1138.2974;;;03-Apr-2021
102009;UTI-  Liquid Cash Plan- Discontinued - Regular Plan -Growth;INF789F01BB4;;3101.3926;;;03-Apr-2021
102007;UTI-  Liquid Cash Plan- Discontinued -Regular Plan Periodic Dividend Option;;INF789F01AZ5;1134.4424;;;03-Apr-2021

Close Ended Schemes ( Income )


SBI Mutual Fund
146547;SBI Capital Protection Oriented Fund - Series A (Plan 1) - Direct Plan - Growth;INF200KA1ZR1;;12.0804;;;03-Apr-2021
146546;SBI Capital Protection Oriented Fund - Series A (Plan 1) - Regular Plan - Growth;INF200KA1ZQ3;;11.9552;;;03-Apr-2021
146704;SBI Capital Protection Oriented Fund - Series A (Plan 2) - Direct Plan - Growth;INF200KA1B96;;12.0158;;;03-Apr-2021
146705;SBI Capital Protection Oriented Fund - Series A (Plan 2) - Regular Plan - Growth;INF200KA1B88;;11.8687;;;03-Apr-2021
147242;SBI Capital Protection Oriented Fund - Series A (Plan 3) - Direct Plan - Growth;INF200KA1E51;;12.0180;;;03-Apr-2021
147240;SBI Capital Protection Oriented Fund - Series A (Plan 3) - Regular Plan - Growth;INF200KA1E44;;11.8860;;;03-Apr-2021
147359;SBI Capital Protection Oriented Fund - Series A (Plan 4) - Direct Plan - Growth;INF200KA1G34;;11.9466;;;03-Apr-2021
147360;SBI Capital Protection Oriented Fund - Series A (Plan 4) - Regular Plan - Growth;INF200KA1G26;;11.8236;;;03-Apr-2021
147631;SBI Capital Protection Oriented Fund - Series A (Plan 5) - Direct Plan - Growth;INF200KA1K12;;11.7661;;;03-Apr-2021
147632;SBI Capital Protection Oriented Fund - Series A (Plan 5) - Regular Plan - Growth;INF200KA1K04;;11.6433;;;03-Apr-2021
147644;SBI Capital Protection Oriented Fund - Series A (Plan 6) - Direct Plan - Growth;INF200KA1K87;;11.6078;;;03-Apr-2021
147643;SBI Capital Protection Oriented Fund - Series A (Plan 6) - Regular Plan - Growth;INF200KA1K79;;11.4842;;;03-Apr-2021
147942;SBI Capital Protection Oriented Fund - Series A (Plan 7) - Direct Plan - Growth;INF200KA1O67;;11.1578;;;03-Apr-2021
147941;SBI Capital Protection Oriented Fund - Series A (Plan 7) - Regular Plan - Growth;INF200KA1O59;;11.0635;;;03-Apr-2021
148172;SBI Capital Protection Oriented Fund - Series A (Plan 8) - Direct Plan - Growth;INF200KA1P25;;11.4048;;;03-Apr-2021
148171;SBI Capital Protection Oriented Fund - Series A (Plan 8) - Regular Plan - Growth;INF200KA1P17;;11.3181;;;03-Apr-2021
142551;SBI Debt Fund Series - C - 10 (1150 Days) - Direct Plan - Income Distribution cum Capital Withdrawal Option (IDCW);INF200KA1SR6;;12.5967;;;03-Apr-2021
142552;SBI Debt Fund Series - C - 10 (1150 Days) - Regular Plan - Income Distribution cum Capital Withdrawal Option (IDCW);INF200KA1SP0;;12.4587;;;03-Apr-2021
142550;SBI DEBT FUND SERIES C - 10 (1150 DAYS) - DIRECT PLAN - GROWTH;INF200KA1SQ8;;12.5969;;;03-Apr-2021
142553;SBI DEBT FUND SERIES C - 10 (1150 DAYS) - REGULAR PLAN - GROWTH;INF200KA1SO3;;12.4587;;;03-Apr-2021
142872;SBI Debt Fund Series - C - 12 (1122 Days) - Direct Plan - Income Distribution cum Capital Withdrawal Option (IDCW);INF200KA1TD4;;12.2932;;;03-Apr-2021
142870;SBI Debt Fund Series - C - 12 (1122 Days) - Regular Plan - Income Distribution cum Capital Withdrawal Option (IDCW);INF200KA1TB8;;12.1611;;;03-Apr-2021
142871;SBI DEBT FUND SERIES C - 12 (1122 DAYS) - DIRECT PLAN - GROWTH;INF200KA1TC6;;12.2936;;;03-Apr-2021
142869;SBI DEBT FUND SERIES C - 12 (1122 DAYS) - REGULAR PLAN - GROWTH;INF200KA1TA0;;12.1613;;;03-Apr-2021
142960;SBI Debt Fund Series - C - 14 (1122 Days) - Direct Plan - Income Distribution cum Capital Withdrawal Option (IDCW);INF200KA1TL7;;12.2523;;;03-Apr-2021
142957;SBI Debt Fund Series - C - 14 (1122 Days) - Regular Plan - Income Distribution cum Capital Withdrawal Option (IDCW);INF200KA1TJ1;;12.1348;;;03-Apr-2021
142959;SBI DEBT FUND SERIES C - 14 (1122 DAYS) - DIRECT PLAN - GROWTH;INF200KA1TK9;;12.2525;;;03-Apr-2021
142958;SBI DEBT FUND SERIES C - 14 (1122 DAYS) - REGULAR PLAN - GROWTH;INF200KA1TI3;;12.1214;;;03-Apr-2021
143492;SBI Debt Fund Series - C - 16 (1100 Days) - Direct Plan - Income Distribution cum Capital Withdrawal Option (IDCW);INF200KA1UB6;;12.5732;;;03-Apr-2021
143490;SBI Debt Fund Series - C - 16 (1100 Days) - Regular Plan - Income Distribution cum Capital Withdrawal Option (IDCW);INF200KA1TZ7;;12.4653;;;03-Apr-2021
143489;SBI DEBT FUND SERIES C -16 (1100 DAYS) - DIRECT PLAN - GROWTH;INF200KA1UA8;;12.5731;;;03-Apr-2021
143491;SBI DEBT FUND SERIES C -16 (1100 DAYS) - REGULAR PLAN - GROWTH;INF200KA1TY0;;12.4653;;;03-Apr-2021
143776;SBI Debt Fund Series - C - 18 (1100 Days) - Direct Plan - Income Distribution cum Capital Withdrawal Option (IDCW);INF200KA1UJ9;;12.5490;;;03-Apr-2021
143774;SBI Debt Fund Series - C - 18 (1100 Days) - Regular Plan - Income Distribution cum Capital Withdrawal Option (IDCW);INF200KA1UH3;;12.4443;;;03-Apr-2021
143775;SBI DEBT FUND SERIES C - 18 (1100 DAYS) - DIRECT PLAN - GROWTH;INF200KA1UI1;;12.5474;;;03-Apr-2021
143773;SBI DEBT FUND SERIES C - 18 (1100 DAYS) - REGULAR PLAN - GROWTH;INF200KA1UG5;;12.4443;;;03-Apr-2021
144038;SBI Debt Fund Series - C - 19 (1100 Days) - Direct Plan - Income Distribution cum Capital Withdrawal Option (IDCW);INF200KA1UN1;;12.5014;;;03-Apr-2021
144036;SBI Debt Fund Series - C - 19 (1100 Days) - Regular Plan - Income Distribution cum Capital Withdrawal Option (IDCW);INF200KA1UL5;;12.3824;;;03-Apr-2021
144037;SBI Debt Fund Series C - 19 (1100 Days) - Direct Plan - Growth;INF200KA1UM3;;12.5014;;;03-Apr-2021
144035;SBI Debt Fund Series C - 19 (1100 Days) - Regular Plan - Growth;INF200KA1UK7;;12.3826;;;03-Apr-2021
144350;SBI Debt Fund Series - C - 20 (1100 Days) - Direct Plan - Income Distribution cum Capital Withdrawal Option (IDCW);INF200KA1UV4;;12.4718;;;03-Apr-2021
144348;SBI Debt Fund Series - C - 20 (1100 Days) - Regular Plan - Income Distribution cum Capital Withdrawal Option (IDCW);INF200KA1UT8;;12.3610;;;03-Apr-2021
144349;SBI Debt Fund Series C - 20 - (1100 Days) - Direct Plan - Growth;INF200KA1UU6;;12.4718;;;03-Apr-2021
144347;SBI Debt Fund Series C - 20 - (1100 Days) - Regular Plan - Growth;INF200KA1US0;;12.3613;;;03-Apr-2021
144368;SBI Debt Fund Series - C - 21 (1100 Days) - Direct Plan - Income Distribution cum Capital Withdrawal Option (IDCW);INF200KA1UZ5;;12.2752;;;03-Apr-2021
144367;SBI Debt Fund Series - C - 21 (1100 Days) - Regular Plan - Income Distribution cum Capital Withdrawal Option (IDCW);INF200KA1UX0;;12.1596;;;03-Apr-2021
144366;SBI Debt Fund Series C - 21 (1100 Days) - Direct Plan - Growth;INF200KA1UY8;;12.2751;;;03-Apr-2021
144365;SBI Debt Fund Series C - 21 (1100 Days) - Regular Plan - Growth;INF200KA1UW2;;12.1595;;;03-Apr-2021
144495;SBI Debt Fund Series - C - 22 (1100 Days) - Direct Plan - Income Distribution cum Capital Withdrawal Option (IDCW);INF200KA1VD0;;12.4722;;;03-Apr-2021
144493;SBI Debt Fund Series - C - 22 (1100 Days) - Regular Plan - Income Distribution cum Capital Withdrawal Option (IDCW);INF200KA1VB4;;12.3713;;;03-Apr-2021
144494;SBI Debt Fund Series C - 22 (1100 Days) - Direct Plan - Growth;INF200KA1VC2;;12.4722;;;03-Apr-2021
144492;SBI Debt Fund Series C - 22 (1100 Days) - Regular Plan - Growth;INF200KA1VA6;;12.3712;;;03-Apr-2021
144843;SBI Debt Fund Series - C - 23 (1100 Days) - Direct Plan - Income Distribution cum Capital Withdrawal Option (IDCW);INF200KA1VL3;;12.4600;;;03-Apr-2021
144841;SBI Debt Fund Series - C - 23 (1100 Days) - Regular Plan - Income Distribution cum Capital Withdrawal Option (IDCW);INF200KA1VJ7;;12.3495;;;03-Apr-2021
144842;SBI Debt Fund Series C - 23 - (1100 Days) - Direct Plan - Growth;INF200KA1VK5;;12.4600;;;03-Apr-2021
144840;SBI Debt Fund Series C - 23 - (1100 Days) - Regular Plan - Growth;INF200KA1VI9;;12.3496;;;03-Apr-2021
144920;SBI Debt Fund Series - C - 24 (1100 Days) - Direct Plan - Income Distribution cum Capital Withdrawal Option (IDCW);INF200KA1VP4;;12.5155;;;03-Apr-2021
144917;SBI Debt Fund Series - C - 24 (1100 Days) - Regular Plan - Income Distribution cum Capital Withdrawal Option (IDCW);INF200KA1VN9;;12.4157;;;03-Apr-2021
144918;SBI Debt Fund Series C - 24 - (1100 Days) - Direct Plan - Growth;INF200KA1VO7;;12.5155;;;03-Apr-2021
144919;SBI Debt Fund Series C - 24 - (1100 Days) - Regular Plan - Growth;INF200KA1VM1;;12.4149;;;03-Apr-2021
144993;SBI Debt Fund Series - C - 25 (1100 Days) - Direct Plan - Income Distribution cum Capital Withdrawal Option (IDCW);INF200KA1VU4;;12.5907;;;03-Apr-2021
144991;SBI Debt Fund Series - C - 25 (1100 Days) - Regular Plan - Income Distribution cum Capital Withdrawal Option (IDCW);INF200KA1VS8;;12.4088;;;03-Apr-2021
144992;SBI Debt Fund Series C - 25 - (1100 Days) - Direct Plan - Growth;INF200KA1VT6;;12.5907;;;03-Apr-2021
144990;SBI Debt Fund Series C - 25 - (1100 Days) - Regular Plan - Growth;INF200KA1VR0;;12.4079;;;03-Apr-2021
145230;SBI Debt Fund Series - C - 26 (1125 Days) - Direct Plan - Income Distribution cum Capital Withdrawal Option (IDCW);INF200KA1WC0;;12.5734;;;03-Apr-2021
145231;SBI Debt Fund Series - C - 26 (1125 Days) - Regular Plan - Income Distribution cum Capital Withdrawal Option (IDCW);INF200KA1WA4;;12.5075;;;03-Apr-2021
145229;SBI Debt Fund Series C - 26 - (1125 Days) - Direct Plan - Growth;INF200KA1WB2;;12.5760;;;03-Apr-2021
145232;SBI Debt Fund Series C - 26 - (1125 Days) - Regular Plan - Growth;INF200KA1VZ3;;12.4654;;;03-Apr-2021
145373;SBI Debt Fund Series - C - 27 (391 Days) - Direct Plan - Income Distribution cum Capital Withdrawal Option (IDCW);INF200KA12G0;;12.6534;;;03-Apr-2021
145374;SBI Debt Fund Series - C - 27 (391 Days) - Regular Plan - Income Distribution cum Capital Withdrawal Option (IDCW);INF200KA10G4;;12.5655;;;03-Apr-2021
145372;SBI Debt Fund Series C - 27 - (391 Days) - Direct Plan - Growth;INF200KA11G2;;12.6534;;;03-Apr-2021
145371;SBI Debt Fund Series C - 27 - (391 Days) - Regular Plan - Growth;INF200KA19F7;;12.5655;;;03-Apr-2021
145497;SBI Debt Fund Series - C - 28 (386 Days) - Direct Plan - Income Distribution cum Capital Withdrawal Option (IDCW);INF200KA16G1;;12.5203;;;03-Apr-2021
145498;SBI Debt Fund Series - C - 28 (386 Days) - Regular Plan - Income Distribution cum Capital Withdrawal Option (IDCW);INF200KA14G6;;12.4250;;;03-Apr-2021
145499;SBI Debt Fund Series C - 28 - (386 Days) - Direct Plan - Growth;INF200KA15G3;;12.5165;;;03-Apr-2021
145500;SBI Debt Fund Series C - 28 - (386 Days) - Regular Plan - Growth;INF200KA13G8;;12.4250;;;03-Apr-2021
145645;SBI Debt Fund Series - C - 30 (385 Days) - Direct Plan - Income Distribution cum Capital Withdrawal Option (IDCW);INF200KA10H2;;12.4878;;;03-Apr-2021
145644;SBI Debt Fund Series - C - 30 (385 Days) - Regular Plan - Income Distribution cum Capital Withdrawal Option (IDCW);INF200KA18G7;;12.4107;;;03-Apr-2021
145647;SBI Debt Fund Series C - 30 - (385 Days) - Direct Plan - Growth;INF200KA19G5;;12.4878;;;03-Apr-2021
145646;SBI Debt Fund Series C - 30 - (385 Days) - Regular Plan - Growth;INF200KA17G9;;12.4107;;;03-Apr-2021
145744;SBI Debt Fund Series - C - 32 (380 Days) - Direct Plan - Income Distribution cum Capital Withdrawal Option (IDCW);INF200KA14H4;;12.4115;;;03-Apr-2021
145743;SBI Debt Fund Series - C - 32 (380 Days) - Regular Plan - Income Distribution cum Capital Withdrawal Option (IDCW);INF200KA12H8;;12.3294;;;03-Apr-2021
145746;SBI Debt Fund Series C - 32 - (380 Days) - Direct Plan - Growth;INF200KA13H6;;12.4115;;;03-Apr-2021
145745;SBI Debt Fund Series C - 32 - (380 Days) - Regular Plan - Growth;INF200KA11H0;;12.3294;;;03-Apr-2021
145858;SBI Debt Fund Series - C - 33 (1216 Days) - Direct Plan - Income Distribution cum Capital Withdrawal Option (IDCW);INF200KA1XN5;;12.3672;;;03-Apr-2021
145857;SBI Debt Fund Series - C - 33 (1216 Days) - Regular Plan - Income Distribution cum Capital Withdrawal Option (IDCW);INF200KA1XL9;;12.2869;;;03-Apr-2021
145855;SBI Debt Fund Series C - 33 (1216 Days) - Direct Plan - Growth;INF200KA1XM7;;12.3671;;;03-Apr-2021
145856;SBI Debt Fund Series C - 33 (1216 Days) - Regular Plan - Growth;INF200KA1XK1;;12.2869;;;03-Apr-2021
145948;SBI Debt Fund Series - C - 34 (1211 Days) - Direct Plan - Income Distribution cum Capital Withdrawal Option (IDCW);INF200KA1XR6;;12.3116;;;03-Apr-2021
145950;SBI Debt Fund Series - C - 34 (1211 Days) - Regular Plan - Income Distribution cum Capital Withdrawal Option (IDCW);INF200KA1XP0;;12.2286;;;03-Apr-2021
145947;SBI DEBT FUND SERIES C - 34 (1211 DAYS) - DIRECT PLAN - GROWTH;INF200KA1XQ8;;12.3116;;;03-Apr-2021
145949;SBI DEBT FUND SERIES C - 34 (1211 DAYS) - REGULAR PLAN - GROWTH;INF200KA1XO3;;12.2287;;;03-Apr-2021
145988;SBI Debt Fund Series - C - 35 (376 Days) - Direct Plan - Income Distribution cum Capital Withdrawal Option (IDCW);INF200KA18J1;;12.2921;;;03-Apr-2021
145990;SBI Debt Fund Series - C - 35 (376 Days) - Regular Plan - Income Distribution cum Capital Withdrawal Option (IDCW);INF200KA16J5;;12.2238;;;03-Apr-2021
145987;SBI Debt Fund Series C - 35 (376 Days) - Direct Plan - Growth;INF200KA17J3;;12.2921;;;03-Apr-2021
145989;SBI Debt Fund Series C - 35 (376 Days) - Regular Plan - Growth;INF200KA15J7;;12.2239;;;03-Apr-2021
146175;SBI Debt Fund Series - C - 38 (389 Days) - Direct Plan - Income Distribution cum Capital Withdrawal Option (IDCW);INF200KA16K3;;12.1886;;;03-Apr-2021
146176;SBI Debt Fund Series - C - 38 (389 Days) - Regular Plan - Income Distribution cum Capital Withdrawal Option (IDCW);INF200KA14K8;;12.1202;;;03-Apr-2021
146174;SBI Debt Fund Series C - 38 (389 Days) - Direct Plan - Growth;INF200KA15K5;;12.1867;;;03-Apr-2021
146173;SBI Debt Fund Series C - 38 (389 Days) - Regular Plan - Growth;INF200KA13K0;;12.1202;;;03-Apr-2021
146286;SBI Debt Fund Series - C - 40 (1177 Days) - Direct Plan - Income Distribution cum Capital Withdrawal Option (IDCW);INF200KA1YZ7;;12.2219;;;03-Apr-2021
146287;SBI Debt Fund Series - C - 40 (1177 Days) - Regular Plan - Income Distribution cum Capital Withdrawal Option (IDCW);INF200KA1YX2;;12.1557;;;03-Apr-2021
146288;SBI Debt Fund Series C - 40 - (1177 Days) - Regular Plan - Growth;INF200KA1YW4;;12.1557;;;03-Apr-2021
146289;SBI Debt Fund Series C - 40- (1177 Days) - Direct Plan - Growth;INF200KA1YY0;;12.2218;;;03-Apr-2021
146313;SBI Debt Fund Series - C - 41 (1178 Days) - Direct Plan - Income Distribution cum Capital Withdrawal Option (IDCW);INF200KA1ZD1;;12.2315;;;03-Apr-2021
146315;SBI Debt Fund Series - C - 41 (1178 Days) - Regular Plan - Income Distribution cum Capital Withdrawal Option (IDCW);INF200KA1ZB5;;12.1658;;;03-Apr-2021
146312;SBI Debt Fund Series C - 41 (1178 Days) - Direct Plan - Growth;INF200KA1ZC3;;12.2315;;;03-Apr-2021
146314;SBI Debt Fund Series C - 41 (1178 Days) - Regular Plan - Growth;INF200KA1ZA7;;12.1658;;;03-Apr-2021
146368;SBI Debt Fund Series - C - 43 (384 Days) - Direct Plan - Income Distribution cum Capital Withdrawal Option (IDCW);INF200KA10J8;;12.2012;;;03-Apr-2021
146366;SBI Debt Fund Series - C - 43 (384 Days) - Regular Plan - Income Distribution cum Capital Withdrawal Option (IDCW);INF200KA18I3;;12.1364;;;03-Apr-2021
146367;SBI Debt Fund Series C - 43 (384 Days) - Direct Plan - Growth;INF200KA19I1;;12.2012;;;03-Apr-2021
146369;SBI Debt Fund Series C - 43 (384 Days) - Regular Plan - Growth;INF200KA17I5;;12.1364;;;03-Apr-2021
146494;SBI Debt Fund Series - C - 44 (378 Days) - Direct Plan - Income Distribution cum Capital Withdrawal Option (IDCW);INF200KA14J0;;12.1940;;;03-Apr-2021
146496;SBI Debt Fund Series - C - 44 (378 Days) - Regular Plan - Income Distribution cum Capital Withdrawal Option (IDCW);INF200KA12J4;;12.1298;;;03-Apr-2021
146495;SBI Debt Fund Series C - 44 (378 Days) - Direct Plan - Growth;INF200KA13J2;;12.1940;;;03-Apr-2021
146493;SBI Debt Fund Series C - 44 (378 Days) - Regular Plan - Growth;INF200KA11J6;;12.1298;;;03-Apr-2021
146591;SBI Debt Fund Series - C - 46 (376 Days) - Direct Plan - Income Distribution cum Capital Withdrawal Option (IDCW);INF200KA12K2;;12.0727;;;03-Apr-2021
146593;SBI Debt Fund Series - C - 46 (376 Days) - Regular Plan - Income Distribution cum Capital Withdrawal Option (IDCW);INF200KA10K6;;12.0102;;;03-Apr-2021
146592;SBI Debt Fund Series C - 46 (376 Days) - Direct Plan- Growth;INF200KA11K4;;12.0728;;;03-Apr-2021
146590;SBI Debt Fund Series C - 46 (376 Days) - Regular Plan - Growth;INF200KA19J9;;12.0102;;;03-Apr-2021
146656;SBI Debt Fund Series C - 48 (385 Days) - Direct Plan - Growth;INF200KA19K7;;12.0697;;;03-Apr-2021
146658;SBI Debt Fund Series C - 48 (385 Days) - Direct Plan - Income Distribution cum Capital Withdrawal Option (IDCW);INF200KA10L4;;12.0698;;;03-Apr-2021
146655;SBI Debt Fund Series C - 48 (385 Days) - Regular Plan - Growth;INF200KA17K1;;12.0079;;;03-Apr-2021
146657;SBI Debt Fund Series C - 48 (385 Days) - Regular Plan - Income Distribution cum Capital Withdrawal Option (IDCW);INF200KA18K9;;12.0079;;;03-Apr-2021
146766;SBI Debt Fund Series - C - 49 (390 Days) - Direct Plan - Income Distribution cum Capital Withdrawal Option (IDCW);INF200KA14L6;;12.0128;;;03-Apr-2021
146767;SBI Debt Fund Series - C - 49 (390 Days) - Regular Plan - Income Distribution cum Capital Withdrawal Option (IDCW);INF200KA12L0;;11.9474;;;03-Apr-2021
146765;SBI Debt Fund Series C - 49 (390 Days) - Direct Plan - Growth;INF200KA13L8;;12.0128;;;03-Apr-2021
146768;SBI Debt Fund Series C - 49 (390 Days) - Regular Plan - Growth;INF200KA11L2;;11.9517;;;03-Apr-2021
146879;SBI Debt Fund Series - C - 50 (383 Days) - Direct Plan - Income Distribution cum Capital Withdrawal Option (IDCW);INF200KA18L7;;11.9573;;;03-Apr-2021
146880;SBI Debt Fund Series - C - 50 (383 Days) - Regular Plan - Income Distribution cum Capital Withdrawal Option (IDCW);INF200KA16L1;;11.8972;;;03-Apr-2021
146878;SBI Debt Fund Series C - 50 (383 Days) - Direct Plan - Growth;INF200KA17L9;;11.9574;;;03-Apr-2021
146877;SBI Debt Fund Series C - 50 (383 Days) - Regular Plan - Growth;INF200KA15L3;;11.8970;;;03-Apr-2021
142178;SBI Debt Fund Series - C - 7 (1190 Days) - Direct Plan - Income Distribution cum Capital Withdrawal Option (IDCW);INF200KA1SB0;;12.6079;;;03-Apr-2021
142180;SBI Debt Fund Series - C - 7 (1190 Days) - Regular Plan - Income Distribution cum Capital Withdrawal Option (IDCW);INF200KA1RZ1;;12.4637;;;03-Apr-2021
142177;SBI DEBT FUND SERIES C - 7 (1190 DAYS) - DIRECT PLAN - GROWTH;INF200KA1SA2;;12.6079;;;03-Apr-2021
142179;SBI DEBT FUND SERIES C - 7 (1190 DAYS) - REGULAR PLAN - GROWTH;INF200KA1RY4;;12.4637;;;03-Apr-2021
142333;SBI Debt Fund Series - C - 8 (1175 Days) - Direct Plan - Income Distribution cum Capital Withdrawal Option (IDCW);INF200KA1SJ3;;12.5946;;;03-Apr-2021
142331;SBI Debt Fund Series - C - 8 (1175 Days) - Regular Plan - Income Distribution cum Capital Withdrawal Option (IDCW);INF200KA1SH7;;12.4531;;;03-Apr-2021
142330;SBI DEBT FUND SERIES C - 8 (1175 DAYS) - REGULAR PLAN - GROWTH;INF200KA1SG9;;12.4531;;;03-Apr-2021
142332;SBI DEBT FUND SERIES C -8 (1175 DAYS) - DIRECT PLAN - GROWTH;INF200KA1SI5;;12.5946;;;03-Apr-2021
142487;SBI Debt Fund Series - C - 9 (1150 Days) - Direct Plan - Income Distribution cum Capital Withdrawal Option (IDCW);INF200KA1SN5;;12.5855;;;03-Apr-2021
142486;SBI Debt Fund Series - C - 9 (1150 Days) - Regular Plan - Income Distribution cum Capital Withdrawal Option (IDCW);INF200KA1SL9;;12.4529;;;03-Apr-2021
142485;SBI DEBT FUND SERIES C - 9 (1150 DAYS) - DIRECT PLAN - GROWTH;INF200KA1SM7;;12.5855;;;03-Apr-2021
142488;SBI DEBT FUND SERIES C - 9 (1150 DAYS) - REGULAR PLAN - GROWTH;INF200KA1SK1;;12.4529;;;03-Apr-2021
144114;SBI Dual Advantage Fund - Series XXIX - Direct Plan - Growth;INF200KA1UQ4;;12.4770;;;03-Apr-2021
144112;SBI Dual Advantage Fund - Series XXIX - Direct Plan - Income Distribution cum Capital Withdrawal Option (IDCW);INF200KA1UR2;;12.4753;;;03-Apr-2021
144111;SBI Dual Advantage Fund - Series XXIX - Regular Plan - Growth;INF200KA1UO9;;12.2958;;;03-Apr-2021
144113;SBI Dual Advantage Fund - Series XXIX - Regular Plan - Income Distribution cum Capital Withdrawal Option (IDCW);INF200KA1UP6;;12.2968;;;03-Apr-2021
141960;SBI DUAL ADVANTAGE FUND - SERIES XXV - DIRECT PLAN - GROWTH;INF200KA1RS6;;11.8583;;;03-Apr-2021
141962;SBI Dual Advantage Fund - Series XXV - Direct Plan - Income Distribution cum Capital Withdrawal Option (IDCW);INF200KA1RT4;;11.8584;;;03-Apr-2021
141959;SBI DUAL ADVANTAGE FUND - SERIES XXV - REGULAR PLAN - GROWTH;INF200KA1RQ0;;11.6358;;;03-Apr-2021
141961;SBI Dual Advantage Fund - Series XXV - Regular Plan - Income Distribution cum Capital Withdrawal Option (IDCW);INF200KA1RR8;;11.6352;;;03-Apr-2021
142259;SBI DUAL ADVANTAGE FUND - SERIES XXVI - DIRECT PLAN - GROWTH;INF200KA1SE4;;12.1317;;;03-Apr-2021
142256;SBI Dual Advantage Fund - Series XXVI - Direct Plan - Income Distribution cum Capital Withdrawal Option (IDCW);INF200KA1SF1;;12.1319;;;03-Apr-2021
142257;SBI DUAL ADVANTAGE FUND - SERIES XXVI - REGULAR PLAN - GROWTH;INF200KA1SC8;;11.9189;;;03-Apr-2021
142258;SBI Dual Advantage Fund - Series XXVI - Regular Plan - Income Distribution cum Capital Withdrawal Option (IDCW);INF200KA1SD6;;11.9191;;;03-Apr-2021
142751;SBI DUAL ADVANTAGE FUND - SERIES XXVII - DIRECT PLAN - GROWTH;INF200KA1SU0;;12.1057;;;03-Apr-2021
142752;SBI Dual Advantage Fund - Series XXVII - Direct Plan - Income Distribution cum Capital Withdrawal Option (IDCW);INF200KA1SV8;;12.1057;;;03-Apr-2021
142749;SBI DUAL ADVANTAGE FUND - SERIES XXVII - REGULAR PLAN - GROWTH;INF200KA1SS4;;11.9007;;;03-Apr-2021
142750;SBI Dual Advantage Fund - Series XXVII - Regular Plan - Income Distribution cum Capital Withdrawal Option (IDCW);INF200KA1ST2;;11.9011;;;03-Apr-2021
143363;SBI DUAL ADVANTAGE FUND - SERIES XXVIII - DIRECT PLAN - GROWTH;INF200KA1TS2;;12.5792;;;03-Apr-2021
143364;SBI Dual Advantage Fund - Series XXVIII - Direct Plan - Income Distribution cum Capital Withdrawal Option (IDCW);INF200KA1TT0;;12.5450;;;03-Apr-2021
143362;SBI DUAL ADVANTAGE FUND - SERIES XXVIII - REGULAR PLAN - GROWTH;INF200KA1TQ6;;12.3479;;;03-Apr-2021
143365;SBI Dual Advantage Fund - Series XXVIII - Regular Plan - Income Distribution cum Capital Withdrawal Option (IDCW);INF200KA1TR4;;12.3483;;;03-Apr-2021
145160;SBI Dual Advantage Fund - Series XXX - Direct Plan - Income Distribution cum Capital Withdrawal Option (IDCW);INF200KA1VY6;;12.7461;;;03-Apr-2021
145159;SBI Dual Advantage Fund - Series XXX - Regular Plan - Income Distribution cum Capital Withdrawal Option (IDCW);INF200KA1VW0;;12.5819;;;03-Apr-2021
145161;SBI Dual Advantage Fund Series XXX - Direct Plan - Growth;INF200KA1VX8;;12.7461;;;03-Apr-2021
145162;SBI Dual Advantage Fund Series XXX - Regular Plan - Growth;INF200KA1VV2;;12.5819;;;03-Apr-2021
146974;SBI Fixed Maturity Plan (FMP) - Series 1 (3668 Days) - Direct Plan - Growth;INF200KA1D03;;12.3846;;;03-Apr-2021
146975;SBI Fixed Maturity Plan (FMP) - Series 1 (3668 Days) - Direct Plan - Income Distribution cum Capital Withdrawal Option (IDCW);INF200KA1D11;;12.3833;;;03-Apr-2021
146976;SBI Fixed Maturity Plan (FMP) - Series 1 (3668 Days) - Regular Plan - Growth;INF200KA1C87;;12.3222;;;03-Apr-2021
146973;SBI Fixed Maturity Plan (FMP) - Series 1 (3668 Days) - Regular Plan - Income Distribution cum Capital Withdrawal Option (IDCW);INF200KA1C95;;12.3223;;;03-Apr-2021
147467;SBI Fixed Maturity Plan (FMP) - Series 10 (1178 Days) - Direct Plan - Growth;INF200KA1H09;;11.7556;;;03-Apr-2021
147464;SBI Fixed Maturity Plan (FMP) - Series 10 (1178 Days) - Direct Plan - Income Distribution cum Capital Withdrawal Option (IDCW);INF200KA1H17;;11.7556;;;03-Apr-2021
147465;SBI Fixed Maturity Plan (FMP) - Series 10 (1178 Days) - Regular Plan - Growth;INF200KA1G83;;11.7041;;;03-Apr-2021
147466;SBI Fixed Maturity Plan (FMP) - Series 10 (1178 Days) - Regular Plan - Income Distribution cum Capital Withdrawal Option (IDCW);INF200KA1G91;;11.7041;;;03-Apr-2021
147486;SBI Fixed Maturity Plan (FMP) - Series 11 (1178 Days) - Direct Plan - Growth;INF200KA1H41;;11.7077;;;03-Apr-2021
147487;SBI Fixed Maturity Plan (FMP) - Series 11 (1178 Days) - Direct Plan - Income Distribution cum Capital Withdrawal Option (IDCW);INF200KA1H58;;11.7077;;;03-Apr-2021
147484;SBI Fixed Maturity Plan (FMP) - Series 11 (1178 Days) - Regular Plan - Growth;INF200KA1H25;;11.6570;;;03-Apr-2021
147485;SBI Fixed Maturity Plan (FMP) - Series 11 (1178 Days) - Regular Plan - Income Distribution cum Capital Withdrawal Option (IDCW);INF200KA1H33;;11.6570;;;03-Apr-2021
147560;SBI Fixed Maturity Plan (FMP) - Series 14 (384 Days) - Direct Plan - Growth;INF200KA13N4;;11.5894;;;03-Apr-2021
147561;SBI Fixed Maturity Plan (FMP) - Series 14 (384 Days) - Direct Plan - Income Distribution cum Capital Withdrawal Option (IDCW);INF200KA14N2;;11.5894;;;03-Apr-2021
147559;SBI Fixed Maturity Plan (FMP) - Series 14 (384 Days) - Regular Plan - Growth;INF200KA11N8;;11.5409;;;03-Apr-2021
147562;SBI Fixed Maturity Plan (FMP) - Series 14 (384 Days) - Regular Plan - Income Distribution cum Capital Withdrawal Option (IDCW);INF200KA12N6;;11.5409;;;03-Apr-2021
147582;SBI Fixed Maturity Plan (FMP) - Series 15 (1123 Days) - Direct Plan - Growth;INF200KA1J07;;11.5719;;;03-Apr-2021
147583;SBI Fixed Maturity Plan (FMP) - Series 15 (1123 Days) - Direct Plan - Income Distribution cum Capital Withdrawal Option (IDCW);INF200KA1J15;;11.5719;;;03-Apr-2021
147580;SBI Fixed Maturity Plan (FMP) - Series 15 (1123 Days) - Regular Plan - Growth;INF200KA1I81;;11.5240;;;03-Apr-2021
147581;SBI Fixed Maturity Plan (FMP) - Series 15 (1123 Days) - Regular Plan - Income Distribution cum Capital Withdrawal Option (IDCW);INF200KA1I99;;11.5240;;;03-Apr-2021
147612;SBI Fixed Maturity Plan (FMP) - Series 16 (1116 Days) - Direct Plan - Growth;INF200KA1J49;;11.5261;;;03-Apr-2021
147613;SBI Fixed Maturity Plan (FMP) - Series 16 (1116 Days) - Direct Plan - Income Distribution cum Capital Withdrawal Option (IDCW);INF200KA1J56;;11.5261;;;03-Apr-2021
147611;SBI Fixed Maturity Plan (FMP) - Series 16 (1116 Days) - Regular Plan - Growth;INF200KA1J23;;11.4794;;;03-Apr-2021
147610;SBI Fixed Maturity Plan (FMP) - Series 16 (1116 Days) - Regular Plan - Income Distribution cum Capital Withdrawal Option (IDCW);INF200KA1J31;;11.4794;;;03-Apr-2021
147627;SBI Fixed Maturity Plan (FMP) - Series 17 (1116 Days) - Direct Plan - Growth;INF200KA1J80;;11.4796;;;03-Apr-2021
147628;SBI Fixed Maturity Plan (FMP) - Series 17 (1116 Days) - Direct Plan - Income Distribution cum Capital Withdrawal Option (IDCW);INF200KA1J98;;11.4796;;;03-Apr-2021
147629;SBI Fixed Maturity Plan (FMP) - Series 17 (1116 Days) - Regular Plan - Growth;INF200KA1J64;;11.4337;;;03-Apr-2021
147630;SBI Fixed Maturity Plan (FMP) - Series 17 (1116 Days) - Regular Plan - Income Distribution cum Capital Withdrawal Option (IDCW);INF200KA1J72;;11.4337;;;03-Apr-2021
147641;SBI Fixed Maturity Plan (FMP) - Series 18 (1108 Days) - Direct Plan - Growth;INF200KA1K53;;11.4497;;;03-Apr-2021
147642;SBI Fixed Maturity Plan (FMP) - Series 18 (1108 Days) - Direct Plan - Income Distribution cum Capital Withdrawal Option (IDCW);INF200KA1K61;;11.4497;;;03-Apr-2021
147639;SBI Fixed Maturity Plan (FMP) - Series 18 (1108 Days) - Regular Plan - Growth;INF200KA1K38;;11.4055;;;03-Apr-2021
147640;SBI Fixed Maturity Plan (FMP) - Series 18 (1108 Days) - Regular Plan - Income Distribution cum Capital Withdrawal Option (IDCW);INF200KA1K46;;11.4055;;;03-Apr-2021
147672;SBI Fixed Maturity Plan (FMP) - Series 19 (1115 Days) - Direct  Plan - Growth;INF200KA1L11;;11.3894;;;03-Apr-2021
147669;SBI Fixed Maturity Plan (FMP) - Series 19 (1115 Days) - Direct Plan - Income Distribution cum Capital Withdrawal Option (IDCW);INF200KA1L29;;11.3894;;;03-Apr-2021
147670;SBI Fixed Maturity Plan (FMP) - Series 19 (1115 Days) - Regular Plan - Growth;INF200KA1K95;;11.3472;;;03-Apr-2021
147671;SBI Fixed Maturity Plan (FMP) - Series 19 (1115 Days) - Regular Plan - Income Distribution cum Capital Withdrawal Option (IDCW);INF200KA1L03;;11.3472;;;03-Apr-2021
147104;SBI Fixed Maturity Plan (FMP) - Series 2 (1178 Days) - Direct Plan - Growth;INF200KA1D45;;11.9889;;;03-Apr-2021
147105;SBI Fixed Maturity Plan (FMP) - Series 2 (1178 Days) - Direct Plan - Income Distribution cum Capital Withdrawal Option (IDCW);INF200KA1D52;;11.9889;;;03-Apr-2021
147103;SBI Fixed Maturity Plan (FMP) - Series 2 (1178 Days) - Regular Plan - Growth;INF200KA1D29;;11.9301;;;03-Apr-2021
147106;SBI Fixed Maturity Plan (FMP) - Series 2 (1178 Days) - Regular Plan - Income Distribution cum Capital Withdrawal Option (IDCW);INF200KA1D37;;11.9301;;;03-Apr-2021
147720;SBI Fixed Maturity Plan (FMP) - Series 20 (1109 Days) - Direct Plan - Growth;INF200KA1L52;;11.3735;;;03-Apr-2021
147721;SBI Fixed Maturity Plan (FMP) - Series 20 (1109 Days) - Regular Plan - Growth;INF200KA1L37;;11.3318;;;03-Apr-2021
147722;SBI Fixed Maturity Plan (FMP) - Series 20(1109 Days) - Direct Plan - Income Distribution cum Capital Withdrawal Option (IDCW);INF200KA1L60;;11.3735;;;03-Apr-2021
147719;SBI Fixed Maturity Plan (FMP) - Series 20(1109 Days) - Regular Plan - Income Distribution cum Capital Withdrawal Option (IDCW);INF200KA1L45;;11.3318;;;03-Apr-2021
147744;SBI Fixed Maturity Plan (FMP) - Series 21 (1109 Days) - Direct Plan - Growth;INF200KA1L94;;11.3301;;;03-Apr-2021
147746;SBI Fixed Maturity Plan (FMP) - Series 21 (1109 Days) - Direct Plan - Income Distribution cum Capital Withdrawal Option (IDCW);INF200KA1M02;;11.3271;;;03-Apr-2021
147745;SBI Fixed Maturity Plan (FMP) - Series 21 (1109 Days) - Regular Plan - Growth;INF200KA1L78;;11.2893;;;03-Apr-2021
147747;SBI Fixed Maturity Plan (FMP) - Series 21 (1109 Days) - Regular Plan - Income Distribution cum Capital Withdrawal Option (IDCW);INF200KA1L86;;11.2893;;;03-Apr-2021
147754;SBI Fixed Maturity Plan (FMP) - Series 22 (1106 Days) - Direct Plan - Growth;INF200KA1M36;;11.2744;;;03-Apr-2021
147755;SBI Fixed Maturity Plan (FMP) - Series 22 (1106 Days) - Direct Plan - Income Distribution cum Capital Withdrawal Option (IDCW);INF200KA1M44;;11.2744;;;03-Apr-2021
147752;SBI Fixed Maturity Plan (FMP) - Series 22 (1106 Days) - Regular Plan - Growth;INF200KA1M10;;11.2347;;;03-Apr-2021
147753;SBI Fixed Maturity Plan (FMP) - Series 22 (1106 Days) - Regular Plan - Income Distribution cum Capital Withdrawal Option (IDCW);INF200KA1M28;;11.2347;;;03-Apr-2021
147776;SBI Fixed Maturity Plan (FMP) - Series 24 (1107 Days) - Direct Plan - Income Distribution cum Capital Withdrawal Option (IDCW);INF200KA1N27;;11.2410;;;03-Apr-2021
147775;SBI Fixed Maturity Plan (FMP) - Series 24 (1107 Days) - Regular Plan - Income Distribution cum Capital Withdrawal Option (IDCW);INF200KA1N01;;11.2026;;;03-Apr-2021
147777;SBI Fixed Maturity Plan (FMP) - Series 24 (1107) - Direct Plan - Growth;INF200KA1N19;;11.2410;;;03-Apr-2021
147774;SBI Fixed Maturity Plan (FMP) - Series 24 (1107) - Regular Plan - Growth;INF200KA1M93;;11.2026;;;03-Apr-2021
147783;SBI Fixed Maturity Plan (FMP) - Series 25 (1120 Days) - Direct Plan - Growth;INF200KA1N50;;11.1959;;;03-Apr-2021
147784;SBI Fixed Maturity Plan (FMP) - Series 25 (1120 Days) - Direct Plan - Income Distribution cum Capital Withdrawal Option (IDCW);INF200KA1N68;;11.1959;;;03-Apr-2021
147785;SBI Fixed Maturity Plan (FMP) - Series 25 (1120 Days) - Regular Plan - Growth;INF200KA1N35;;11.1581;;;03-Apr-2021
147782;SBI Fixed Maturity Plan (FMP) - Series 25 (1120 Days) - Regular Plan - Income Distribution cum Capital Withdrawal Option (IDCW);INF200KA1N43;;11.1581;;;03-Apr-2021
147792;SBI Fixed Maturity Plan (FMP) - Series 26 (1112 Days) - Direct Plan - Growth;INF200KA1N92;;11.2200;;;03-Apr-2021
147793;SBI Fixed Maturity Plan (FMP) - Series 26 (1112 Days) - Direct Plan - Income Distribution cum Capital Withdrawal Option (IDCW);INF200KA1O00;;11.2199;;;03-Apr-2021
147790;SBI Fixed Maturity Plan (FMP) - Series 26 (1112 Days) - Regular Plan - Growth;INF200KA1N76;;11.1826;;;03-Apr-2021
147791;SBI Fixed Maturity Plan (FMP) - Series 26 (1112 Days) - Regular Plan - Income Distribution cum Capital Withdrawal Option (IDCW);INF200KA1N84;;11.1826;;;03-Apr-2021
147873;SBI Fixed Maturity Plan (FMP) - Series 27 (1203 Days) - Direct Plan - Growth;INF200KA1O34;;11.1995;;;03-Apr-2021
147871;SBI Fixed Maturity Plan (FMP) - Series 27 (1203 Days) - Direct Plan - Income Distribution cum Capital Withdrawal Option (IDCW);INF200KA1O42;;11.1995;;;03-Apr-2021
147872;SBI Fixed Maturity Plan (FMP) - Series 27 (1203 Days) - Regular Plan - Growth;INF200KA1O18;;11.1650;;;03-Apr-2021
147870;SBI Fixed Maturity Plan (FMP) - Series 27 (1203 Days) - Regular Plan - Income Distribution cum Capital Withdrawal Option (IDCW);INF200KA1O26;;11.1649;;;03-Apr-2021
148056;SBI Fixed Maturity Plan (FMP) - Series 28 (1163 Days) - Direct Plan - Growth;INF200KA1O91;;11.0042;;;03-Apr-2021
148058;SBI Fixed Maturity Plan (FMP) - Series 28 (1163 Days) - Direct Plan - Income Distribution cum Capital Withdrawal Option (IDCW);INF200KA1P09;;11.0042;;;03-Apr-2021
148057;SBI Fixed Maturity Plan (FMP) - Series 28 (1163 Days) - Regular Plan - Growth;INF200KA1O75;;10.9733;;;03-Apr-2021
148055;SBI Fixed Maturity Plan (FMP) - Series 28 (1163 Days) - Regular Plan - Income Distribution cum Capital Withdrawal Option (IDCW);INF200KA1O83;;10.9733;;;03-Apr-2021
147135;SBI Fixed Maturity Plan (FMP) - Series 3 (1179 Days) - Direct Plan - Growth;INF200KA1D86;;12.0041;;;03-Apr-2021
147136;SBI Fixed Maturity Plan (FMP) - Series 3 (1179 Days) - Direct Plan - Income Distribution cum Capital Withdrawal Option (IDCW);INF200KA1D94;;12.0041;;;03-Apr-2021
147133;SBI Fixed Maturity Plan (FMP) - Series 3 (1179 Days) - Regular Plan - Growth;INF200KA1D60;;11.9458;;;03-Apr-2021
147134;SBI Fixed Maturity Plan (FMP) - Series 3 (1179 Days) - Regular Plan - Income Distribution cum Capital Withdrawal Option (IDCW);INF200KA1D78;;11.9458;;;03-Apr-2021
148193;SBI Fixed Maturity Plan (FMP) - Series 31 (1160 Days) - Direct Plan - Growth;INF200KA1P58;;11.0825;;;03-Apr-2021
148194;SBI Fixed Maturity Plan (FMP) - Series 31 (1160 Days) - Direct Plan - Income Distribution cum Capital Withdrawal Option (IDCW);INF200KA1P66;;11.0825;;;03-Apr-2021
148195;SBI Fixed Maturity Plan (FMP) - Series 31 (1160 Days) - Regular Plan - Growth;INF200KA1P33;;11.0534;;;03-Apr-2021
148192;SBI Fixed Maturity Plan (FMP) - Series 31 (1160 Days) - Regular Plan - Income Distribution cum Capital Withdrawal Option (IDCW);INF200KA1P41;;11.0534;;;03-Apr-2021
148369;SBI Fixed Maturity Plan (FMP) - Series 32 (1140 Days) - Direct Plan - Growth;INF200KA1P90;;10.7327;;;03-Apr-2021
148368;SBI Fixed Maturity Plan (FMP) - Series 32 (1140 Days) - Direct Plan - Income Distribution cum Capital Withdrawal Option (IDCW);INF200KA1Q08;;10.7327;;;03-Apr-2021
148367;SBI Fixed Maturity Plan (FMP) - Series 32 (1140 Days) - Regular Plan - Growth;INF200KA1P74;;10.7068;;;03-Apr-2021
148370;SBI Fixed Maturity Plan (FMP) - Series 32 (1140 Days) - Regular Plan - Income Distribution cum Capital Withdrawal Option (IDCW);INF200KA1P82;;10.7068;;;03-Apr-2021
148385;SBI Fixed Maturity Plan (FMP) - Series 33 (1128 Days) - Direct Plan - Growth;INF200KA1Q32;;10.5806;;;03-Apr-2021
148386;SBI Fixed Maturity Plan (FMP) - Series 33 (1128 Days) - Direct Plan - Income Distribution cum Capital Withdrawal Option (IDCW);INF200KA1Q40;;10.5808;;;03-Apr-2021
148383;SBI Fixed Maturity Plan (FMP) - Series 33 (1128 Days) - Regular Plan - Growth;INF200KA1Q16;;10.5559;;;03-Apr-2021
148384;SBI Fixed Maturity Plan (FMP) - Series 33 (1128 Days) - Regular Plan - Income Distribution cum Capital Withdrawal Option (IDCW);INF200KA1Q24;;10.5559;;;03-Apr-2021
148387;SBI Fixed Maturity Plan (FMP) - Series 34 (3682 Days) - Direct Plan - Growth;INF200KA1Q73;;10.4734;;;03-Apr-2021
148388;SBI Fixed Maturity Plan (FMP) - Series 34 (3682 Days) - Direct Plan - Income Distribution cum Capital Withdrawal Option (IDCW);INF200KA1Q81;;10.4734;;;03-Apr-2021
148389;SBI Fixed Maturity Plan (FMP) - Series 34 (3682 Days) - Regular Plan - Growth;INF200KA1Q57;;10.4495;;;03-Apr-2021
148390;SBI Fixed Maturity Plan (FMP) - Series 34 (3682 Days) - Regular Plan - Income Distribution cum Capital Withdrawal Option (IDCW);INF200KA1Q65;;10.4495;;;03-Apr-2021
147248;SBI Fixed Maturity Plan (FMP) - Series 6 (3668 Days) - Direct Plan - Growth;INF200KA1F27;;12.1325;;;03-Apr-2021
147249;SBI Fixed Maturity Plan (FMP) - Series 6 (3668 Days) - Direct Plan - Income Distribution cum Capital Withdrawal Option (IDCW);INF200KA1F35;;12.1325;;;03-Apr-2021
147247;SBI Fixed Maturity Plan (FMP) - Series 6 (3668 Days) - Regular Plan - Growth;INF200KA1F01;;12.0755;;;03-Apr-2021
147250;SBI Fixed Maturity Plan (FMP) - Series 6 (3668 Days) - Regular Plan - Income Distribution cum Capital Withdrawal Option (IDCW);INF200KA1F19;;12.0761;;;03-Apr-2021
147318;SBI Fixed Maturity Plan (FMP) - Series 7 (1175 Days) - Direct Plan - Growth;INF200KA1F68;;11.8979;;;03-Apr-2021
147319;SBI Fixed Maturity Plan (FMP) - Series 7 (1175 Days) - Direct Plan - Income Distribution cum Capital Withdrawal Option (IDCW);INF200KA1F76;;11.8979;;;03-Apr-2021
147320;SBI Fixed Maturity Plan (FMP) - Series 7 (1175 Days) - Regular Plan - Growth;INF200KA1F43;;11.8425;;;03-Apr-2021
147317;SBI Fixed Maturity Plan (FMP) - Series 7 (1175 Days) - Regular Plan - Income Distribution cum Capital Withdrawal Option (IDCW);INF200KA1F50;;11.8425;;;03-Apr-2021
147333;SBI Fixed Maturity Plan (FMP) - Series 8 (1178 Days) - Direct Plan - Growth;INF200KA1G00;;11.7890;;;03-Apr-2021
147334;SBI Fixed Maturity Plan (FMP) - Series 8 (1178 Days) - Direct Plan - Income Distribution cum Capital Withdrawal Option (IDCW);INF200KA1G18;;11.7890;;;03-Apr-2021
147331;SBI Fixed Maturity Plan (FMP) - Series 8 (1178 Days) - Regular Plan - Growth;INF200KA1F84;;11.7351;;;03-Apr-2021
147332;SBI Fixed Maturity Plan (FMP) - Series 8 (1178 Days) - Regular Plan - Income Distribution cum Capital Withdrawal Option (IDCW);INF200KA1F92;;11.7351;;;03-Apr-2021
147422;SBI Fixed Maturity Plan (FMP) - Series 9 (1178 Days) - Direct Plan - Growth;INF200KA1G67;;11.7581;;;03-Apr-2021
147424;SBI Fixed Maturity Plan (FMP) - Series 9 (1178 Days) - Direct Plan - Income Distribution cum Capital Withdrawal Option (IDCW);INF200KA1G75;;11.7580;;;03-Apr-2021
147423;SBI Fixed Maturity Plan (FMP) - Series 9 (1178 Days) - Regular Plan - Growth;INF200KA1G42;;11.7055;;;03-Apr-2021
147421;SBI Fixed Maturity Plan (FMP) - Series 9 (1178 Days) - Regular Plan - Income Distribution cum Capital Withdrawal Option (IDCW);INF200KA1G59;;11.7060;;;03-Apr-2021
147764;SBI Fixed Maturity Plan (FMP) - Series 23 (1106 Days) - Direct Plan - Growth;INF200KA1M77;;11.2541;;;03-Apr-2021
147765;SBI Fixed Maturity Plan (FMP) - Series 23 (1106 Days) - Direct Plan - Income Distribution cum Capital Withdrawal Option (IDCW);INF200KA1M85;;11.2541;;;03-Apr-2021
147762;SBI Fixed Maturity Plan (FMP) - Series 23 (1106 Days) - Regular Plan - Growth;INF200KA1M51;;11.2151;;;03-Apr-2021
147763;SBI Fixed Maturity Plan (FMP) - Series 23 (1106 Days) - Regular Plan - Income Distribution cum Capital Withdrawal Option (IDCW);INF200KA1M69;;11.2151;;;03-Apr-2021
147509;SBI Fixed Maturity Plan (FMP) - Series 12 (1179 Days) - Direct Plan - Growth;INF200KA1H82;;11.6484;;;03-Apr-2021
147510;SBI Fixed Maturity Plan (FMP) - Series 12 (1179 Days) - Direct Plan - Income Distribution cum Capital Withdrawal Option (IDCW);INF200KA1H90;;11.6484;;;03-Apr-2021
147508;SBI Fixed Maturity Plan (FMP) - Series 12 (1179 Days) - Regular Plan - Growth;INF200KA1H66;;11.5984;;;03-Apr-2021
147511;SBI Fixed Maturity Plan (FMP) - Series 12 (1179 Days) - Regular Plan - Income Distribution cum Capital Withdrawal Option (IDCW);INF200KA1H74;;11.5985;;;03-Apr-2021
147520;SBI Fixed Maturity Plan (FMP) - Series 13 (1108 Days) - Direct Plan - Growth;INF200KA1I24;;11.6332;;;03-Apr-2021
147521;SBI Fixed Maturity Plan (FMP) - Series 13 (1108 Days) - Direct Plan - Income Distribution cum Capital Withdrawal Option (IDCW);INF200KA1I32;;11.6332;;;03-Apr-2021
147523;SBI Fixed Maturity Plan (FMP) - Series 13 (1108 Days) - Regular Plan - Growth;INF200KA1I08;;11.5839;;;03-Apr-2021
147522;SBI Fixed Maturity Plan (FMP) - Series 13 (1108 Days) - Regular Plan - Income Distribution cum Capital Withdrawal Option (IDCW);INF200KA1I16;;11.5839;;;03-Apr-2021

Close Ended Schemes ( Growth )


SBI Mutual Fund
135507;SBI EQUITY OPPORTUNITIES FUND -  SERIES IV - REGULAR PLAN - GROWTH;INF200KA1GP5;;20.2229;;;03-Apr-2021
135506;SBI EQUITY OPPORTUNITIES FUND - SERIES IV - DIRECT PLAN - GROWTH;INF200KA1GN0;;21.3883;;;03-Apr-2021
135509;SBI Equity Opportunities Fund-Series IV - Direct Plan - Income Distribution cum Capital Withdrawal Option (IDCW);INF200KA1GO8;;18.1781;;;03-Apr-2021
135508;SBI Equity Opportunities Fund-Series IV - Regular Plan - Income Distribution cum Capital Withdrawal Option (IDCW);INF200KA1GQ3;;17.1590;;;03-Apr-2021
