Scheme Code;Scheme Name;ISIN Div Payout/ISIN Growth;ISIN Div Reinvestment;Net Asset Value;Repurchase Price;Sale Price;Date

Open Ended Schemes ( Liquid )


Bandhan Mutual Fund
108794;IDFC Liquid Fund - Daily Dividend;INF194K01GJ9;INF194K01GI1;1000.2100;1000.2100;1000.2100;25-Dec-2009
108793;IDFC Liquid Fund - Growth;INF194K01GE0;;1278.5369;1278.5369;1278.5369;25-Dec-2009
108796;IDFC Liquid Fund - Monthly Dividend;INF194K01GG5;INF194K01GF7;1005.8376;1005.8376;1005.8376;25-Dec-2009
108795;IDFC Liquid Fund-Weekly Dividend;INF194K01GM3;INF194K01GL5;1001.2758;1001.2758;1001.2758;25-Dec-2009
111928;IDFC Liquid Fund  Plan D- Growth;INF194K01GR2;;10.2591;10.2591;10.2591;25-Dec-2009

ING Mutual Fund
100198;ING Liquid Fund-Institutional Daily Dividend Option;INF084M01473;;10.0121;10.0121;10.0121;25-Dec-2009
100196;ING Liquid Fund-Institutional Growth Option;INF084M01465;;14.2911;14.2911;14.2911;25-Dec-2009
100197;ING Liquid Fund-Institutional Weekly Dividend Option;INF084M01499;INF084M01481;10.0579;10.0579;10.0579;25-Dec-2009
100192;ING Liquid Fund-Regular Daily Dividend Option;INF084M01432;;10.7873;10.7873;10.7873;25-Dec-2009
100190;ING Liquid Fund-Regular Growth Option;INF084M01424;;19.0867;19.0867;19.0867;25-Dec-2009
100191;ING Liquid Fund-Regular Weekly Dividend Option;INF084M01457;INF084M01440;10.8283;10.8283;10.8283;25-Dec-2009
100200;ING Liquid Fund-Super Institutional Daily Dividend Option;INF084M01515;;10.0048;10.0048;10.0048;25-Dec-2009
100199;ING Liquid Fund-Super Institutional Growth Option;INF084M01507;;13.5828;13.5828;13.5828;25-Dec-2009
100201;ING Liquid Fund-Super Institutional Weekly Dividend Option;INF084M01531;INF084M01523;10.0000;10.0000;10.0000;25-Dec-2009

PineBridge Mutual Fund
106513;PineBridge India Liquid Fund- Standard Plan-Daily Dividend Option;;INF178L01699;1001.0000;1001.0000;1001.0000;25-Dec-2009
106508;PineBridge India Liquid Fund- Standard Plan-Growth Option;INF178L01715;;1174.2003;1174.2003;1174.2003;25-Dec-2009
106509;PineBridge India Liquid Fund- Standard Plan-Weekly Dividend Option;;INF178L01764;1001.4108;1001.4108;1001.4108;25-Dec-2009
106506;PineBridge India Liquid Fund-Institutional Plan-Daily Dividend Option;;INF178L01616;1001.0000;1001.0000;1001.0000;25-Dec-2009
106511;PineBridge India Liquid Fund-Institutional Plan-Growth Option;INF178L01632;;1171.5445;1171.5445;1171.5445;25-Dec-2009
106507;PineBridge India Liquid Fund-Institutional Plan-Weekly Dividend Option;;INF178L01681;1001.3999;1001.3999;1001.3999;25-Dec-2009
106503;PineBridge India Liquid Fund-Retail Plan-DailyDividend Option;;INF178L01533;1001.0000;1001.0000;1001.0000;25-Dec-2009
106514;PineBridge India Liquid Fund-Retail Plan-Growth Option;INF178L01558;;1163.3967;1163.3967;1163.3967;25-Dec-2009
106504;PineBridge India Liquid Fund-Retail Plan-Monthly Dividend Option;INF178L01566;INF178L01574;1003.7125;1003.7125;1003.7125;25-Dec-2009
106516;PineBridge India Liquid Fund-Retail Plan-Quarterly Dividend Option;INF178L01582;INF178L01590;1008.8411;1008.8411;1008.8411;25-Dec-2009
106510;PineBridge India Liquid Fund-Retail Plan-Weekly Dividend Option;;INF178L01608;1001.3671;1001.3671;1001.3671;25-Dec-2009

Sahara Mutual Fund
101397;Sahara Liquid Fund-Fixed Pricing -  Weekly Dividend Option;;INF515L01064;1026.2354;1026.2354;1026.2354;25-Dec-2009
101393;Sahara Liquid Fund-Fixed Pricing - Daily Dividend Option;;INF515L01049;1024.9045;1024.9045;1024.9045;25-Dec-2009
101394;Sahara Liquid Fund-Fixed Pricing - Growth option;INF515L01056;;1647.6788;1647.6788;1647.6788;25-Dec-2009
101398;Sahara Liquid Fund-Fixed Pricing - Monthly Dividend Option;;INF515L01072;1024.6771;1024.6771;1024.6771;25-Dec-2009
101399;Sahara Liquid Fund-Variable Pricing - Daily Dividend option;;INF515L01080;1024.9262;1024.9262;1024.9262;25-Dec-2009
101402;Sahara Liquid Fund-Variable Pricing - Growth option;INF515L01114;;1660.3381;1660.3381;1660.3381;25-Dec-2009
101400;Sahara Liquid Fund-Variable Pricing - Weekly Dividend Option;;INF515L01098;1024.9241;1024.9241;1024.9241;25-Dec-2009
101401;Sahara Liquid Fund-Variable Pricing- Monthly Dividend Option;;INF515L01106;1025.0024;1025.0024;1025.0024;25-Dec-2009

Open Ended Schemes ( Debt Scheme - Overnight Fund )


HDFC Mutual Fund
101996;HDFC Overnight Fund - Growth Option;INF179KB1HS3;;15.1332;15.1332;15.1332;25-Dec-2009
101997;HDFC Overnight Fund - IDCW Option (Daily);;INF179KB1IF8;10.4266;10.4266;10.4266;25-Dec-2009

SBI Mutual Fund
101206;SBI OVERNIGHT FUND - REGULAR PLAN - GROWTH;INF200K01LQ9;;15.6875;15.6875;15.6875;25-Dec-2009
103140;SBI Overnight Fund - Regular Plan - Weekly Income Distribution cum Capital Withdrawal Option (IDCW);INF200K01LO4;INF200K01LP1;10.3182;10.3182;10.3182;25-Dec-2009

Open Ended Schemes ( Debt Scheme - Liquid Fund )


Bandhan Mutual Fund
108692;BANDHAN LIQUID Fund - Regular Plan - Daily IDCW;INF194K01VZ4;INF194K01VY7;10.0025;10.0025;10.0025;25-Dec-2009
108690;BANDHAN LIQUID Fund - Regular Plan - Growth;INF194K01VX9;;11.0739;11.0739;11.0739;25-Dec-2009
108693;BANDHAN LIQUID Fund - Regular Plan - Monthly IDCW;INF194K01WF4;INF194K01WE7;10.0275;10.0275;10.0275;25-Dec-2009
108779;BANDHAN Liquid Fund-Plan A-Dividend (Daily);INF194K01VC3;INF194K01VB5;10.5819;10.5819;10.5819;25-Dec-2009
108778;BANDHAN Liquid Fund-Plan A-Growth;INF194K01UX1;;16.2630;16.2630;16.2630;25-Dec-2009
108607;BANDHAN Liquid Fund - Plan A-Dividend (Weekly);INF194K01VI0;INF194K01VH2;10.0113;10.0113;10.0113;25-Dec-2009
108781;BANDHAN Liquid Fund - Plan B (G) (Institutional Plan);INF194K01VK6;;16.3768;16.3768;16.3768;25-Dec-2009
108629;BANDHAN Liquid Fund - Plan B - Dividend-Weekly;INF194K01VS9;INF194K01VR1;10.0072;10.0072;10.0072;25-Dec-2009
108681;BANDHAN Liquid Fund - Plan B-Daily-Dividend(Institutional Plan);INF194K01VM2;INF194K01VL4;10.5816;10.5816;10.5816;25-Dec-2009

Canara Robeco Mutual Fund
109349;CANARA ROBECO LIQUID FUND - REGULAR PLAN - DAILY IDCW (Reinvestment);;INF760K01CU3;10.0410;10.0410;10.0410;25-Dec-2009
109353;CANARA ROBECO LIQUID FUND - REGULAR PLAN - GROWTH OPTION;INF760K01CW9;;11.0663;11.0663;11.0663;25-Dec-2009
109350;CANARA ROBECO LIQUID FUND - REGULAR PLAN - WEEKLY IDCW (Payout/Reinvestment);INF760K01BZ4;INF760K01CZ2;10.0410;10.0410;10.0410;25-Dec-2009
101363;Canara Robeco Liquid Fund- INSTITUTIONAL-Daily Dividend Reinvestment;;INF760K01CC1;10.0410;10.0410;10.0410;25-Dec-2009
101362;Canara Robeco Liquid Fund- INSTITUTIONAL-Growth;INF760K01CD9;;16.5801;16.5801;16.5801;25-Dec-2009
101361;Canara Robeco Liquid Fund- INSTITUTIONAL-Weekly dividend;;INF760K01CE7;10.0410;10.0410;10.0410;25-Dec-2009
109357;Canara Robeco Liquid Fund-Institutional-Fortnightly Div Reinvest;;INF760K01860;10.0410;10.0410;10.0410;25-Dec-2009
109355;Canara Robeco Liquid Fund-Regular Plan-Fortnightly Div Reinvest.;;INF760K01951;10.0410;10.0410;10.0410;25-Dec-2009
101364;Canara Robeco Liquid Fund-Retail-DRI;;INF760K01CF4;10.0410;10.0410;10.0410;25-Dec-2009
109346;Canara Robeco Liquid Fund-Retail-Fortnightly Div Reinvest;;INF760K01CG2;10.0430;10.0430;10.0430;25-Dec-2009
101365;Canara Robeco Liquid Fund-Retail-Growth;INF760K01CH0;;16.5485;16.5485;16.5485;25-Dec-2009
109347;Canara Robeco Liquid Fund-Retail-Monthly Div Reinvest;;INF760K01CI8;10.0703;10.0703;10.0703;25-Dec-2009
109356;Canara Robeco Liquid Fund-Retail-Weekly Div Reinvest;;INF760K01CJ6;10.0430;10.0430;10.0430;25-Dec-2009

HDFC Mutual Fund
100868;HDFC Liquid Fund - Growth Plan;INF179KB1HK0;;18.059;18.059;18.059;25-Dec-2009
100875;HDFC Liquid Fund - IDCW Daily;;INF179KB1IC5;10.1982;10.1982;10.1982;25-Dec-2009
100876;HDFC Liquid Fund - IDCW Monthly;INF179KB1HM6;INF179KB1HL8;10.2904;10.2904;10.2904;25-Dec-2009
100874;HDFC Liquid Fund - IDCW Plan Weekly;INF179KB1ID3;;10.3147;10.3147;10.3147;25-Dec-2009
100877;HDFC Liquid Fund-Premium Plan - Dividend-Daily;;INF179K01KN4;12.2598;12.2598;12.2598;25-Dec-2009
100872;HDFC Liquid Fund-PREMIUM PLUS- Growth;INF179K01KQ7;;18.2987;18.2987;18.2987;25-Dec-2009
100873;HDFC Liquid Fund-PREMIUM- Growth;INF179KB1HN4;;18.2608;18.2608;18.2608;25-Dec-2009

ICICI Prudential Mutual Fund
100357;ICICI Prudential Liquid Fund -Quarterly IDCW;INF109K01UU5;INF109K01UT7;100.8484;100.8484;100.8484;25-Dec-2009
100359;ICICI Prudential Liquid Institutional Plus Fund - Div - Daily;INF109K01VJ6;;118.5150;118.5150;118.5150;25-Dec-2009
100360;ICICI Prudential Liquid Institutional Plus Fund - Div - Weekly;INF109K01VM0;;118.5952;118.5952;118.5952;25-Dec-2009
100362;ICICI Prudential Liquid Institutional Plus Fund - Growth;INF109K01VK4;;225.8893;225.8893;225.8893;25-Dec-2009
103343;ICICI Prudential Liquid Fund - Daily IDCW;INF109K01VP3;;100.0220;100.0220;100.0220;25-Dec-2009
103340;ICICI Prudential Liquid Fund - Growth;INF109K01VQ1;;134.6113;134.6113;134.6113;25-Dec-2009
104308;ICICI Prudential Liquid Fund - Half Yearly IDCW;INF109K01UX9;INF109K01UW1;100.8418;100.8418;100.8418;25-Dec-2009
103344;ICICI Prudential Liquid Fund - Institutional Option - I;INF109K01VH0;;131.5763;131.5763;131.5763;25-Dec-2009
103342;ICICI Prudential Liquid Fund - Weekly IDCW;INF109K01VS7;;100.0867;100.0867;100.0867;25-Dec-2009
101748;ICICI Prudential Liquid Fund - Institutional - Daily - Div;INF109K01VE7;;118.5020;118.5020;118.5020;25-Dec-2009
101753;ICICI Prudential Liquid Fund - Institutional - Weekly - Div;INF109K01VI8;;118.4654;118.4654;118.4654;25-Dec-2009
101754;ICICI Prudential Liquid Fund Retail Daily Dividend;INF109K01UR1;;118.5140;118.5140;118.5140;25-Dec-2009
101750;ICICI Prudential Liquid Fund Retail Growth;INF109K01UQ3;;220.7486;220.7486;220.7486;25-Dec-2009
101755;ICICI Prudential Liquid Fund Retail Monthly Dividend;INF109K01US9;;100.2433;100.2433;100.2433;25-Dec-2009
101752;ICICI Prudential Liquid Fund Retail Weekly Dividend;INF109K01UV3;;118.8472;118.8472;118.8472;25-Dec-2009
101751;ICICI Prudential Liquid Institutional Fund - Growth;INF109K01VF4;;224.5494;224.5494;224.5494;25-Dec-2009

Principal Mutual Fund
100895;Principal Cash Management Fund - Daily Income Distribution CUM Capital Withdrawal;;INF173K01DB7;10.0007;10.0007;10.0007;25-Dec-2009
100898;Principal Cash Management Fund -Growth Option;INF173K01DA9;;14.1819;14.1819;14.1819;25-Dec-2009
100892;Principal Cash Management-Liquid Option-Daily Dividend;;;10.0022;10.0022;10.0022;25-Dec-2009
100887;Principal Cash Management-Liquid Option-Dividend Plan;;;10.1211;10.1211;10.1211;25-Dec-2009
100888;Principal Cash Management-Liquid Option-Growth Plan;;;17.6196;17.6196;17.6196;25-Dec-2009
100894;Principal Cash Management-Liquid Option-Institutional - Daily Dividend Plan;;;10.0022;10.0022;10.0022;25-Dec-2009
100893;Principal Cash Management-Liquid Option-Institutional - Growth Plan;;;14.892;14.892;14.892;25-Dec-2009
100891;Principal Cash Management-Liquid Option-Institutional - Monthly Dividend Plan;;;10.0292;10.0292;10.0292;25-Dec-2009
100890;Principal Cash Management-Liquid Option-Institutional - Weekly Dividend Plan;;;10.0029;10.0029;10.0029;25-Dec-2009
100889;Principal Cash Management-Liquid Option-Monthly Dividend;;;10.0272;10.0272;10.0272;25-Dec-2009

SBI Mutual Fund
105274;SBI Liquid Fund - Institutional - Growth;INF200K01LU1;;14.4767;14.4767;14.4767;25-Dec-2009
105275;SBI Liquid Fund - Institutional Daily Income Distribution cum Capital Withdrawal Option (IDCW);;INF200K01LR7;10.0325;10.0325;10.0325;25-Dec-2009
105279;SBI Liquid Fund - Institutional Fortnightly Income Distribution cum Capital Withdrawal Option (IDCW);INF200K01LS5;INF200K01LT3;10.1630;10.1630;10.1630;25-Dec-2009
105278;SBI Liquid Fund - Institutional Weekly Income Distribution cum Capital Withdrawal Option (IDCW);INF200K01LV9;INF200K01LW7;10.6101;10.6101;10.6101;25-Dec-2009
105281;SBI Liquid Fund - Regular Plan - Daily Income Distribution cum Capital Withdrawal Option (IDCW);;INF200K01LX5;10.0325;10.0325;10.0325;25-Dec-2009
105283;SBI Liquid Fund - Regular Plan - Fortnightly Income Distribution cum Capital Withdrawal Option (IDCW);INF200K01LY3;INF200K01LZ0;N.A.;N.A.;N.A.;25-Dec-2009
105282;SBI Liquid Fund - Regular Plan - Weekly Income Distribution cum Capital Withdrawal Option (IDCW);INF200K01MB9;INF200K01MC7;N.A.;N.A.;N.A.;25-Dec-2009
105280;SBI Liquid Fund - REGULAR PLAN -Growth;INF200K01MA1;;14.3195;14.3195;14.3195;25-Dec-2009

UTI Mutual Fund
102010;UTI Liquid Fund - Regular Plan - Daily IDCW (Reinvestment);;INF789F01PG3;1019.4457;1019.4457;1019.4457;25-Dec-2009
102011;UTI Liquid Fund - Regular Plan - Monthly IDCW;INF789F01PI9;INF789F01PJ7;1027.8456;1027.8456;1027.8456;25-Dec-2009
102013;UTI Liquid Fund - Regular Plan - Weekly IDCW;;INF789F01PK5;1023.3034;1023.3034;1023.3034;25-Dec-2009
102012;UTI-  Liquid Cash Plan - Regular Plan - Growth Option;INF789F01PH1;;1496.4899;1496.4899;1496.4899;25-Dec-2009
102008;UTI-  Liquid Cash Plan- Discontinued - Regular Plan - Monthly Dividend Option;INF789F01BC2;INF789F01BA6;1065.6039;1065.6039;1065.6039;25-Dec-2009
102009;UTI-  Liquid Cash Plan- Discontinued - Regular Plan -Growth;INF789F01BB4;;1476.968;1476.968;1476.968;25-Dec-2009
102007;UTI-  Liquid Cash Plan- Discontinued -Regular Plan Periodic Dividend Option;;INF789F01AZ5;1053.7922;1053.7922;1053.7922;25-Dec-2009

Open Ended Schemes ( Debt Scheme - Ultra Short Duration Fund )


Principal Mutual Fund
107325;Principal Money Manager Fund-Regular Plan-Daily Dividend Option;;;10.0247;10.0247;10.0247;25-Dec-2009
107331;Principal Money Manager Fund-Regular Plan-Growth Option;;;11.0395;11.0395;11.0395;25-Dec-2009
107326;Principal Money Manager Fund-Regular Plan-Weekly Dividend Option;;;10.1057;10.1057;10.1057;25-Dec-2009

SBI Mutual Fund
105080;SBI Ultra Short Duration Fund - Regular Plan - Daily Income Distribution cum Capital Withdrawal Option (IDCW);;INF200K01LK2;16.7503;16.7503;16.7503;25-Dec-2009
100641;SBI ULTRA SHORT DURATION FUND - REGULAR PLAN - GROWTH;INF200K01LJ4;;20.2412;20.2412;20.2412;25-Dec-2009
103884;SBI Ultra Short Duration Fund - Regular Plan - Weekly Income Distribution cum Capital Withdrawal Option (IDCW);INF200K01LM8;INF200K01LL0;10.7819;10.7819;10.7819;25-Dec-2009

UTI Mutual Fund
112083;UTI Ultra Short Duration Fund - Discontinued - INSTN GROWTH OPTION;INF789F01PM1;;1021.8312;1021.8312;1021.8312;25-Dec-2009
112082;UTI Ultra Short Duration Fund - Discontinued - INSTN PLAN - PERIODIC DIVIDEND OPTION;;INF789F01PL3;1000.8997;1000.8997;1000.8997;25-Dec-2009
109501;UTI Ultra Short Duration Fund - Regular Plan - Daily IDCW (Reinvestment);;INF789F01554;1020.5578;1020.5578;1020.5578;25-Dec-2009
102532;UTI Ultra Short Duration Fund - Regular Plan - Growth Option;INF789F01570;;1483.8745;1483.8745;1483.8745;25-Dec-2009
102531;UTI Ultra Short Duration Fund - Regular Plan - Weekly IDCW (Reinvestment);;INF789F01562;1055.0758;1055.0758;1055.0758;25-Dec-2009
112106;UTI Ultra Short Duration Fund -INSTN PLAN - FLEXI Dividend OPTION;;;1001.2646;1001.2646;1001.2646;25-Dec-2009

Open Ended Schemes ( Debt Scheme - Low Duration Fund )


Bandhan Mutual Fund
108633;BANDHAN Low Duration Fund - Regular Plan - Daily IDCW;INF194K01FW4;INF194K01FV6;10.0125;10.0125;10.0125;25-Dec-2009
108632;BANDHAN Low Duration Fund - Regular Plan - Growth;INF194K01FU8;;12.5033;12.5033;12.5033;25-Dec-2009
108635;BANDHAN Low Duration Fund - Regular Plan - Monthly IDCW;INF194K01FZ7;INF194K01FY0;10.0629;10.0629;10.0629;25-Dec-2009
108634;BANDHAN Low Duration Fund - Regular Plan - Weekly IDCW;INF194K01GC4;INF194K01GB6;10.0050;10.0050;10.0050;25-Dec-2009

Canara Robeco Mutual Fund
104559;CANARA ROBECO SAVINGS FUND - REGULAR PLAN - DAILY IDCW (Reinvestment);;INF760K01803;10.2600;10.2600;10.2600;25-Dec-2009
102913;CANARA ROBECO SAVINGS FUND - REGULAR PLAN - GROWTH OPTION;INF760K01795;;14.0659;14.0659;14.0659;25-Dec-2009
102914;CANARA ROBECO SAVINGS FUND - REGULAR PLAN - IDCW (Payout/Reinvestment);INF760K01779;INF760K01787;13.5250;13.5250;13.5250;25-Dec-2009
102915;CANARA ROBECO SAVINGS FUND - REGULAR PLAN - WEEKLY IDCW (Payout/Reinvestment);INF760K01CB3;INF760K01811;10.2625;10.2625;10.2625;25-Dec-2009

UTI Mutual Fund
102538;UTI Low Duration Fund - Discontinued - Annaul Dividend Option;INF789F01OK8;INF789F01OL6;1242.7995;1242.7995;1242.7995;25-Dec-2009
105578;UTI Low Duration Fund - Discontinued - Periodic Dividend Plan;;INF789F01349;1035.9462;1035.9462;1035.9462;25-Dec-2009
102541;UTI Low Duration Fund - Discontinued - Quarterly Dividend Option;INF789F01OO0;INF789F01OP7;1278.5503;1278.5503;1278.5503;25-Dec-2009
102539;UTI Low Duration Fund - Discontinued Bonus Option;INF789F01OM4;;1541.7939;1541.7939;1541.7939;25-Dec-2009
105659;UTI Low Duration Fund - Discontinued Flexi Dividend Plan;INF789F01PA6;;1030.5642;1030.5642;1030.5642;25-Dec-2009
102540;UTI Low Duration Fund - Discontinued Growth Option;INF789F01331;;2312.9411;2312.9411;2312.9411;25-Dec-2009
105670;UTI Low Duration Fund - Discontinued Monthly Dividend Option;INF789F01OY9;INF789F01OZ6;1025.3677;1025.3677;1025.3677;25-Dec-2009
102545;UTI Low Duration Fund - Regular Plan - Bonus Option;INF789F01OS1;;1429.6639;1429.6639;1429.6639;25-Dec-2009
105605;UTI Low Duration Fund - Regular Plan - Daily IDCW (Reinvestment);;INF789F01ON2;1000.3357;1000.3357;1000.3357;25-Dec-2009
102544;UTI Low Duration Fund - Regular Plan - Growth Option;INF789F01OT9;;1221.7612;1221.7612;1221.7612;25-Dec-2009
105658;UTI Low Duration Fund - Regular Plan - Monthly IDCW;INF789F01OU7;INF789F01OV5;1002.8666;1002.8666;1002.8666;25-Dec-2009
105627;UTI Low Duration Fund - Regular Plan - Weekly IDCW;INF789F01PB4;INF789F01PC2;1001.1469;1001.1469;1001.1469;25-Dec-2009

Open Ended Schemes ( Debt Scheme - Money Market Fund )


HDFC Mutual Fund
101994;HDFC Money Market Fund - Daily IDCW Option;;INF179KB1IG6;10.6364;10.6364;10.6364;25-Dec-2009
101993;HDFC Money Market Fund - Growth Option;INF179KB1HR5;;19.0428;19.0428;19.0428;25-Dec-2009
101995;HDFC Money Market Fund - Weekly IDCW Option;INF179KB1IH4;INF179KB1II2;10.634;10.634;10.634;25-Dec-2009

ICICI Prudential Mutual Fund
101221;ICICI Prudential Money Market Fund Retail Growth (erstwhile Cash Option);INF109K01TW3;;149.2002;149.2002;149.2002;25-Dec-2009
103634;ICICI Prudential Money Market Fund Option - Daily IDCW;INF109K01TY9;;100.0100;100.0100;100.0100;25-Dec-2009
103633;ICICI Prudential Money Market Fund Option - Growth;INF109K01TX1;;127.7888;127.7888;127.7888;25-Dec-2009
103637;ICICI Prudential Money Market Fund Option - Monthly IDCW;INF109K01UC3;INF109K01UB5;100.4775;100.4775;100.4775;25-Dec-2009
103635;ICICI Prudential Money Market Fund Option - Weekly IDCW;INF109K01TZ6;;100.0803;100.0803;100.0803;25-Dec-2009
103636;ICICI Prudential Money Market Fund Option -Fortnightly IDCW;INF109K01UA7;;100.2971;100.2971;100.2971;25-Dec-2009

UTI Mutual Fund
112077;UTI MMF - Regular Plan - Growth Option;INF789F01PX8;;1020.4325;1020.4325;1020.4325;25-Dec-2009
100724;UTI MMF- Discontinued - Regular Plan - Flexi Dividend Option;;INF789F01BD0;1850.1421;1850.1421;1850.1421;25-Dec-2009
100725;UTI MMF- Discontinued - Regular Plan - Periodic Dividend Option;INF789F01BE8;;1839.2746;1839.2746;1839.2746;25-Dec-2009
100723;UTI MMF-Discontinued - Regular Plan -Growth;INF789F01BF5;;2547.0557;2547.0557;2547.0557;25-Dec-2009
112076;UTI Money Market Fund - Regular Plan - Daily IDCW (Reinvestment);;INF789F01PW0;1003.3854;1003.3854;1003.3854;25-Dec-2009

Open Ended Schemes ( Debt Scheme - Credit Risk Fund )


Principal Mutual Fund
102729;Principal Credit Risk Fund - Regular Plan - Growth Option;INF173K01DM4;;14.259;14.259;14.259;25-Dec-2009
102726;Principal Floating Rate Fund - SMP-Daily Dividend;;;10.0007;10.0007;10.0007;25-Dec-2009
102725;Principal Floating Rate Fund - SMP-Growth;;;14.1719;14.1719;14.1719;25-Dec-2009
102730;Principal Floating Rate Fund - SMP-Insti. Daily Dividend;;;10.0007;10.0007;10.0007;25-Dec-2009
102731;Principal Floating Rate Fund - SMP-Insti. Weekly Dividend;;;10.0018;10.0018;10.0018;25-Dec-2009
102728;Principal Floating Rate Fund - SMP-Monthly Dividend;;;10.6731;10.6731;10.6731;25-Dec-2009
102727;Principal Floating Rate Fund - SMP-Weekly Dividend;;;10.0017;10.0017;10.0017;25-Dec-2009

Open Ended Schemes ( Debt Scheme - Floater Fund )


Franklin Templeton Mutual Fund
101048;Franklin India Floating Rate Fund - Growth Plan;INF090I01LM7;;15.8112;15.8112;15.8112;25-Dec-2009
101044;Franklin India Floating Rate Fund - IDCW ;INF090I01LN5;;10.0000;10.0000;10.0000;25-Dec-2009

Close Ended Schemes ( Income )


SBI Mutual Fund
111829;SBI Debt Fund Series-13 Months-9(13/03/2009)-Institutional Dividend;;;10.3130;N.A.;N.A.;25-Dec-2009
111828;SBI Debt Fund Series-13 Months-9(13/03/2009)-Institutional Growth;;;10.5549;N.A.;N.A.;25-Dec-2009
111831;SBI Debt Fund Series-13 Months-9(13/03/2009)-Retail Dividend;;;10.1739;N.A.;N.A.;25-Dec-2009
111830;SBI Debt Fund Series-13 Months-9(13/03/2009)-Retail Growth;;;10.5617;N.A.;N.A.;25-Dec-2009
111889;REDEEMED-SBI Debt Fund Series - 13 Months - 10 (24/03/09) - Institutional Dividend;;;10.2976;N.A.;N.A.;25-Dec-2009
111890;REDEEMED-SBI Debt Fund Series - 13 Months - 10 (24/03/09) - Institutional Growth;;;10.5477;N.A.;N.A.;25-Dec-2009
111891;REDEEMED-SBI Debt Fund Series - 13 Months - 10 (24/03/09) - Retail Dividend;;;10.2812;N.A.;N.A.;25-Dec-2009
111892;REDEEMED-SBI Debt Fund Series - 13 Months - 10 (24/03/09) - Retail Growth;;;10.5377;N.A.;N.A.;25-Dec-2009
