Scheme Code;Scheme Name;ISIN Div Payout/ISIN Growth;ISIN Div Reinvestment;Net Asset Value;Repurchase Price;Sale Price;Date

Open Ended Schemes ( Income )


DBS Chola Mutual Fund
101958;DBS Chola Liquid Fund - Institutional Plus Weekly Dividend;;;11.9648;11.9648;11.9648;07-Dec-2008
103137;DBS Chola Short Term Floating Rate Fund-Cumulative;;;12.7747;12.7747;12.7747;07-Dec-2008
103134;DBS Chola Short Term Floating Rate Fund-Dividend-Daily;;;10.1968;10.1968;10.1968;07-Dec-2008
103136;DBS Chola Short Term Floating Rate Fund-Dividend-Monthly;;;10.4424;10.4424;10.4424;07-Dec-2008
103135;DBS Chola Short Term Floating Rate Fund-Dividend-Weekly;;;10.4190;10.4190;10.4190;07-Dec-2008

Open Ended Schemes ( Liquid )


Aditya Birla Sun Life Mutual Fund
101294;Birla Sun Life Cash Plus Sweep Plan-Dividend Option;;;10.0904;10.0904;10.0904;07-Dec-2008

Bandhan Mutual Fund
108794;IDFC Liquid Fund - Daily Dividend;INF194K01GJ9;INF194K01GI1;1000.2100;1000.2100;1000.2100;07-Dec-2008
108793;IDFC Liquid Fund - Growth;INF194K01GE0;;1218.6363;1218.6363;1218.6363;07-Dec-2008
108796;IDFC Liquid Fund - Monthly Dividend;INF194K01GG5;INF194K01GF7;1001.7290;1001.7290;1001.7290;07-Dec-2008
108795;IDFC Liquid Fund-Weekly Dividend;INF194K01GM3;INF194K01GL5;1000.5371;1000.5371;1000.5371;07-Dec-2008

DBS Chola Mutual Fund
100989;DBS Chola Liquid Fund-Cum -Institutional Plus;;;17.4354;17.4354;17.4354;07-Dec-2008
104329;DBS Chola Liquid Fund-Cum -Super Institutional;;; 11.8573 ; 11.8573 ; 11.8573 ;07-Dec-2008
100978;DBS Chola Liquid Fund-Daily Dividend Reinvestment Plan;;;10.0521;10.0521;10.0521;07-Dec-2008
100975;DBS Chola Liquid Fund-Regular Cumulative;;;17.2632;17.2632;17.2632;07-Dec-2008
101307;DBS Chola Liquid Fund - Regular Weekly Dividend;;;11.9990;11.9990;11.9990;07-Dec-2008

Deutsche Mutual Fund
105672;DWS INSTA CASH PLUS FUND - Regular Plan BONUS OPTION;INF223J01BH3;;10.7164;10.7164;10.7164;07-Dec-2008
106471;DWS Insta Cash Plus Fund -Growth;INF223J01BP6;;11.1475;11.1475;11.1475;07-Dec-2008
106467;DWS Insta Cash Plus Fund-Daily Dividend;;INF223J01BO9;10.0200;10.0200;10.0200;07-Dec-2008
101718;DWS Insta Cash Plus Fund-DIVIDEND-Daily Dividend;;INF223J01BI1;10.3010;10.3010;10.3010;07-Dec-2008
101717;DWS Insta Cash Plus Fund-DIVIDEND-MONTHLY DIVIDEND;INF223J01BK7;INF223J01BL5;10.9128;10.9128;10.9128;07-Dec-2008
101716;DWS Insta Cash Plus Fund-DIVIDEND-WEEKLY DIVIDEND;INF223J01BM3;INF223J01BN1;10.3572;10.3572;10.3572;07-Dec-2008
101719;DWS Insta Cash Plus Fund-Growth-GROWTH;INF223J01BJ9;;14.4364;14.4364;14.4364;07-Dec-2008
101722;DWS Insta Cash Plus Fund-Institutional Plan-Daily Dividend;;INF223J01BA8;10.0195;10.0195;10.0195;07-Dec-2008
101721;DWS Insta Cash Plus Fund-Institutional Plan-Growth;INF223J01BB6;;13.5386;13.5386;13.5386;07-Dec-2008
101723;DWS Insta Cash Plus Fund-Institutional Plan-Weekly Dividend;INF223J01BF7;INF223J01BG5;10.0150;10.0150;10.0150;07-Dec-2008

DSP Mutual Fund
106861;DSP BlackRock Cash Manager Fund - Institutional Plan - Daily Dividend Reinvest;;;1000.1000;1000.1000;1000.1000;07-Dec-2008
106863;DSP BlackRock Cash Manager Fund - Institutional Plan - Growth;;;1102.6279;1102.6279;1102.6279;07-Dec-2008
106862;DSP BlackRock Cash Manager Fund - Institutional Plan - Weekly Dividend Reinvest;;;1000.9788;1000.9788;1000.9788;07-Dec-2008
106859;DSP BlackRock Cash Manager Fund - Regular Plan - Growth;;;1101.9255;1101.9255;1101.9255;07-Dec-2008
106860;DSP BlackRock Cash Manager Fund - Regular Plan - Weekly Dividend Reinvest;;;1000.9748;1000.9748;1000.9748;07-Dec-2008

Edelweiss Mutual Fund
109935;Edelweiss Liquid Fund - Daily Dividend Option;;INF754K01BG7;10.0000;10.0000;10.0000;07-Dec-2008
109946;Edelweiss Liquid Fund - Growth Option;INF754K01BC6;;10.2730;10.2730;10.2730;07-Dec-2008
109941;Edelweiss Liquid Fund - Institutional Plan - Daily Dividend Option;;INF754K01AZ9;10.0000;10.0000;10.0000;07-Dec-2008
109934;Edelweiss Liquid Fund - Retail Plan - Daily Dividend Option;;INF754K01AS4;10.0000;10.0000;10.0000;07-Dec-2008
109940;Edelweiss Liquid Fund - Retail Plan - Growth Option;INF754K01AO3;;10.2730;10.2730;10.2730;07-Dec-2008
109939;Edelweiss Liquid Fund - Retail Plan - Monthly Dividend Option;INF754K01AP0;INF754K01AR6;10.0250;10.0250;10.0250;07-Dec-2008
109937;Edelweiss Liquid Fund - Retail Plan - Weekly Dividend Option;;INF754K01AT2;10.0132;10.0132;10.0132;07-Dec-2008

Fidelity Mutual Fund
104498;Fidelity Cash Fund - Institutional Plan - Daily Dividend Option;;INF677K01AQ1;10.0025;10.0025;10.0025;07-Dec-2008
104497;Fidelity Cash Fund - Institutional Plan - Growth Option;;;11.7553;11.7553;11.7553;07-Dec-2008
104548;Fidelity Cash Fund - Institutional Plan - Monthly Dividend Option;INF677K01AS7;INF677K01AT5;10.0271;10.0271;10.0271;07-Dec-2008
104546;Fidelity Cash Fund - Institutional Plan - Weekly Dividend Option;;INF677K01AR9;10.0208;10.0208;10.0208;07-Dec-2008
104495;Fidelity Cash Fund - Retail Plan - Daily Dividend option;;INF677K01AL2;10.0025;10.0025;10.0025;07-Dec-2008
104493;Fidelity Cash Fund - Retail Plan - Growth option;;;11.6619;11.6619;11.6619;07-Dec-2008
104547;Fidelity Cash Fund - Retail Plan - Monthly Dividend Option;;;10.0255;10.0255;10.0255;07-Dec-2008
104549;Fidelity Cash Fund - Retail Plan - Weekly Dividend Option;;INF677K01AM0;10.0130;10.0130;10.0130;07-Dec-2008
104494;Fidelity Cash Fund - Super Institutional Plan - Daily Dividend Option;;INF677K01AV1;10.0052;10.0052;10.0052;07-Dec-2008
104496;Fidelity Cash Fund - Super Institutional Plan - Growth Option;INF677K01AU3;;11.7809;11.7809;11.7809;07-Dec-2008
104551;Fidelity Cash Fund - Super Institutional Plan - Monthly Dividend Option;INF677K01AX7;INF677K01AY5;10.0000;10.0000;10.0000;07-Dec-2008
104550;Fidelity Cash Fund - Super Institutional Plan - Weekly Dividend Option;;INF677K01AW9;10.0000;10.0000;10.0000;07-Dec-2008

Fortis Mutual Fund
110922;Fortis Overnight Fund-Institutional Plan-Daily Dividend Option;;;10.0030;10.0030;10.0030;07-Dec-2008
110915;Fortis Overnight Fund-Institutional Plan-Growth Option;;;13.0370;13.0370;13.0370;07-Dec-2008
110919;Fortis Overnight Fund-Institutional Plan-Monthly Dividend Payout Option;;;10.0332;10.0332;10.0332;07-Dec-2008
110923;Fortis Overnight Fund-Institutional Plan-Weekly Dividend Option;;;0.0000;0.0000;0.0000;07-Dec-2008
110914;Fortis Overnight Fund-Institutional Plus Plan-Daily Dividend Option;;;10.0030;10.0030;10.0030;07-Dec-2008
110920;Fortis Overnight Fund-Institutional Plus Plan-Growth Option;;;10.6322;10.6322;10.6322;07-Dec-2008
110916;Fortis Overnight Fund-Institutional Plus Plan-Monthly Dividend Option;;;0.0000;0.0000;0.0000;07-Dec-2008
110917;Fortis Overnight Fund-Institutional Plus Plan-Weekly Dividend Option;;;0.0000;0.0000;0.0000;07-Dec-2008
110921;Fortis Overnight Fund-Regular Plan-Growth Option;;;12.8361;12.8361;12.8361;07-Dec-2008
110913;Fortis Overnight Fund-Regular Plan-Monthly Dividend Payout Option;;;10.0508;10.0508;10.0508;07-Dec-2008
110918;Fortis Overnight Fund-Regular Plan-Weekly Dividend Option;;;10.0078;10.0078;10.0078;07-Dec-2008

ING Mutual Fund
106913;ING High Yield Liquidity Fund - Institutional Growth Option;;;10.0000;10.0000;10.0000;07-Dec-2008
106914;ING High Yield Liquidity Fund - Institutional Quarterly Dividend Option;;;10.0000;10.0000;10.0000;07-Dec-2008
106904;ING High Yield Liquidity Fund - Regular Daily Dividend Option;;;10.0000;10.0000;10.0000;07-Dec-2008
106912;ING High Yield Liquidity Fund- Institutional Bonus Option;;;10.0000;10.0000;10.0000;07-Dec-2008
106909;ING High Yield Liquidity Fund- Institutional Daily Dividend Option;;;10.0000;10.0000;10.0000;07-Dec-2008
106911;ING High Yield Liquidity Fund- Institutional Monthly Dividend Option;;;10.0000;10.0000;10.0000;07-Dec-2008
106910;ING High Yield Liquidity Fund- Institutional Weekly Dividend Option;;;10.0000;10.0000;10.0000;07-Dec-2008
106908;ING High Yield Liquidity Fund- Regular Bonus Option;;;10.0000;10.0000;10.0000;07-Dec-2008
106903;ING High Yield Liquidity Fund- Regular Growth Option;;;10.0000;10.0000;10.0000;07-Dec-2008
106907;ING High Yield Liquidity Fund- Regular Monthly Dividend Option;;;10.0000;10.0000;10.0000;07-Dec-2008
106906;ING High Yield Liquidity Fund- Regular Quarterly Dividend Option;;;10.0000;10.0000;10.0000;07-Dec-2008
106905;ING High Yield Liquidity Fund- Regular Weekly Dividend Option;;;10.0000;10.0000;10.0000;07-Dec-2008
100194;ING Liquid Fund-Auto Sweep Growth Option;;;10.0000;10.0000;10.0000;07-Dec-2008
100195;ING Liquid Fund-Auto Sweep Weekly Dividend Option;;;10.0000;10.0000;10.0000;07-Dec-2008
100198;ING Liquid Fund-Institutional Daily Dividend Option;INF084M01473;;10.0121;10.0121;10.0121;07-Dec-2008
100196;ING Liquid Fund-Institutional Growth Option;INF084M01465;;13.5311;13.5311;13.5311;07-Dec-2008
100197;ING Liquid Fund-Institutional Weekly Dividend Option;INF084M01499;INF084M01481;10.0684;10.0684;10.0684;07-Dec-2008
100192;ING Liquid Fund-Regular Daily Dividend Option;INF084M01432;;10.7873;10.7873;10.7873;07-Dec-2008
100190;ING Liquid Fund-Regular Growth Option;INF084M01424;;18.1199;18.1199;18.1199;07-Dec-2008
100191;ING Liquid Fund-Regular Weekly Dividend Option;INF084M01457;INF084M01440;10.8395;10.8395;10.8395;07-Dec-2008
100200;ING Liquid Fund-Super Institutional Daily Dividend Option;INF084M01515;;10.0048;10.0048;10.0048;07-Dec-2008
100199;ING Liquid Fund-Super Institutional Growth Option;INF084M01507;;12.8380;12.8380;12.8380;07-Dec-2008
100201;ING Liquid Fund-Super Institutional Weekly Dividend Option;INF084M01531;INF084M01523;10.0000;10.0000;10.0000;07-Dec-2008
102802;ING Treasury Management Fund-Annual Dividend Option;;;10.9860;10.9860;10.9860;07-Dec-2008
102803;ING Treasury Management Fund-Bonus Option;;;13.3041;13.3041;13.3041;07-Dec-2008
102804;ING Treasury Management Fund-Daily Dividend Option;;;10.3588;10.3588;10.3588;07-Dec-2008
102798;ING Treasury Management Fund-Growth Option;;;13.3041;13.3041;13.3041;07-Dec-2008
102801;ING Treasury Management Fund-Half Yearly Dividend Option;;;10.5023;10.5023;10.5023;07-Dec-2008
102800;ING Treasury Management Fund-Quarterly Dividend Option;;;10.5493;10.5493;10.5493;07-Dec-2008
102799;ING Treasury Management Fund-Weekly Dividend Option;;;10.7916;10.7916;10.7916;07-Dec-2008

Invesco Mutual Fund
106502;Religare Invesco Overnight Fund - Daily Dividend Reinvestment;;INF205K01HS2;10.0000;10.0000;10.0000;07-Dec-2008
106501;Religare Invesco Overnight Fund - Growth;INF205K01HR4;;10.8576;10.8576;10.8576;07-Dec-2008

JM Financial Mutual Fund
101420;JM Floater Short Term Fund - Daily Dividend Option;;INF192K01767;10.0883;10.0883;10.0883;07-Dec-2008
101421;JM Floater Short Term Fund - Growth Option;INF192K01775;;13.9898;13.9898;13.9898;07-Dec-2008

JPMorgan Mutual Fund
106562;JPMorgan India Liquid Fund - Retail Plan - Daily Dividend Option;;INF843K01203;10.0150;10.0150;10.0150;07-Dec-2008
106561;JPMorgan India Liquid Fund - Retail Plan - Growth Option;INF843K01195;;10.2406;10.2406;10.2406;07-Dec-2008
109179;JPMorgan India Liquid Fund - Retail Plan - Monthly Dividend Option;;INF843K01237;10.0454;10.0454;10.0454;07-Dec-2008
109177;JPMorgan India Liquid Fund - Retail Plan - Weekly Dividend Option;;INF843K01211;10.0272;10.0272;10.0272;07-Dec-2008
110149;JPMorgan India Liquid Fund - Super Institutional Plan - Daily Dividend Option;;INF843K01153;10.0079;10.0079;10.0079;07-Dec-2008
110150;JPMorgan India Liquid Fund - Super Institutional Plan - Growth Option;INF843K01146;;11.1049;11.1049;11.1049;07-Dec-2008
110151;JPMorgan India Liquid Fund - Super Institutional Plan - Monthly Dividend Option;INF843K01500;INF843K01187;10.0363;10.0363;10.0363;07-Dec-2008
110153;JPMorgan India Liquid Fund - Super Institutional Plan - Weekly Dividend Option;INF843K01484;INF843K01161;10.0174;10.0174;10.0174;07-Dec-2008

Mirae Asset Mutual Fund
107657;Mirae Asset Liquid Fund- Institutional Plan - Daily Dividend;;INF769K01671;921.3402;921.3402;921.3402;07-Dec-2008
107660;Mirae Asset Liquid Fund- Regular Plan - Bonus;INF769K01580;;954.5193;954.5193;954.5193;07-Dec-2008
107646;Mirae Asset Liquid Fund- Regular Plan - Daily Dividend;;INF769K01606;922.7373;922.7373;922.7373;07-Dec-2008
107648;Mirae Asset Liquid Fund- Regular Plan - Growth;INF769K01572;;969.2155;969.2155;969.2155;07-Dec-2008
107649;Mirae Asset Liquid Fund- Regular Plan - Monthly Dividend;INF769K01630;INF769K01622;926.1264;926.1264;926.1264;07-Dec-2008
107647;Mirae Asset Liquid Fund- Regular Plan - Weekly Dividend;;INF769K01614;924.0530;924.0530;924.0530;07-Dec-2008

PineBridge Mutual Fund
106513;PineBridge India Liquid Fund- Standard Plan-Daily Dividend Option;;INF178L01699;1001.0000;1001.0000;1001.0000;07-Dec-2008
106508;PineBridge India Liquid Fund- Standard Plan-Growth Option;INF178L01715;;1110.1252;1110.1252;1110.1252;07-Dec-2008
106509;PineBridge India Liquid Fund- Standard Plan-Weekly Dividend Option;;INF178L01764;1002.4926;1002.4926;1002.4926;07-Dec-2008
106506;PineBridge India Liquid Fund-Institutional Plan-Daily Dividend Option;;INF178L01616;1001.0000;1001.0000;1001.0000;07-Dec-2008
106511;PineBridge India Liquid Fund-Institutional Plan-Growth Option;INF178L01632;;1108.7771;1108.7771;1108.7771;07-Dec-2008
106507;PineBridge India Liquid Fund-Institutional Plan-Weekly Dividend Option;;INF178L01681;1002.4764;1002.4764;1002.4764;07-Dec-2008
106503;PineBridge India Liquid Fund-Retail Plan-DailyDividend Option;;INF178L01533;1001.0000;1001.0000;1001.0000;07-Dec-2008
106514;PineBridge India Liquid Fund-Retail Plan-Growth Option;INF178L01558;;1104.5444;1104.5444;1104.5444;07-Dec-2008
106504;PineBridge India Liquid Fund-Retail Plan-Monthly Dividend Option;INF178L01566;INF178L01574;1003.9522;1003.9522;1003.9522;07-Dec-2008
106516;PineBridge India Liquid Fund-Retail Plan-Quarterly Dividend Option;INF178L01582;INF178L01590;1004.3036;1004.3036;1004.3036;07-Dec-2008
106510;PineBridge India Liquid Fund-Retail Plan-Weekly Dividend Option;;INF178L01608;1002.4270;1002.4270;1002.4270;07-Dec-2008

Sahara Mutual Fund
101397;Sahara Liquid Fund-Fixed Pricing -  Weekly Dividend Option;;INF515L01064;1026.2355;1026.2355;1026.2355;07-Dec-2008
101393;Sahara Liquid Fund-Fixed Pricing - Daily Dividend Option;;INF515L01049;1024.9045;1024.9045;1024.9045;07-Dec-2008
101394;Sahara Liquid Fund-Fixed Pricing - Growth option;INF515L01056;;1537.2213;1537.2213;1537.2213;07-Dec-2008
101398;Sahara Liquid Fund-Fixed Pricing - Monthly Dividend Option;;INF515L01072;1026.7902;1026.7902;1026.7902;07-Dec-2008
101399;Sahara Liquid Fund-Variable Pricing - Daily Dividend option;;INF515L01080;1024.9262;1024.9262;1024.9262;07-Dec-2008
101402;Sahara Liquid Fund-Variable Pricing - Growth option;INF515L01114;;1547.4392;1547.4392;1547.4392;07-Dec-2008
101400;Sahara Liquid Fund-Variable Pricing - Weekly Dividend Option;;INF515L01098;1025.1866;1025.1866;1025.1866;07-Dec-2008
101401;Sahara Liquid Fund-Variable Pricing- Monthly Dividend Option;;INF515L01106;1027.155;1027.1550;1027.1550;07-Dec-2008

Tata Mutual Fund
101987;Tata Liquid Fund Reglar Plan - Monthly Dividend;INF277K01LR5;INF277K01LS3;1151.5647;1151.5647;1151.5647;07-Dec-2008
101861;Tata Liquid Fund-Regular Plan  - Weekly Dividend;INF277K016C5;;1151.8403;1151.8403;1151.8403;07-Dec-2008
101984;Tata Liquid High Investment Plan - Daily;;;1114.3379;1114.3379;1114.3379;07-Dec-2008
101860;Tata Liquid High Investment Plan - Growth;INF277K01LN4;;1435.5498;1435.5498;1435.5498;07-Dec-2008
101985;Tata Liquid High Investment Plan - Monthly;INF277K01LO2;INF277K01LP9;1021.6684;1021.6684;1021.6684;07-Dec-2008
101859;Tata Liquid High Investment Plan - Weekly;;;1147.7970;1147.7970;1147.7970;07-Dec-2008
101982;Tata Liquid Retail Investment PLan - Daily;;;1116.8143;1116.8143;1116.8143;07-Dec-2008
101983;Tata Liquid Retail Investment Plan - Fortnightly;;;1147.3039;1147.3039;1147.3039;07-Dec-2008
101858;Tata Liquid Retail Investment Plan - Growth;INF277K01LM6;;1988.1748;1988.1748;1988.1748;07-Dec-2008
103631;Tata Liquidity Management Fund - Regular Plan - Daily Dividend;;;1002.6089;1002.6089;1002.6089;07-Dec-2008
103632;Tata Liquidity Management Fund - Regular Plan - Growth;INF277K01LW5;;1211.8258;1211.8258;1211.8258;07-Dec-2008
103519;Tata Liquidity Management Fund - Regular Plan  -Weekly Dividend;;;1006.1532;1006.1532;1006.1532;07-Dec-2008

Open Ended Schemes ( Money Market )


Franklin Templeton Mutual Fund
100561;Templeton India Money Market Account - Bonus Plan;;;1.0000;1.0000;1.0000;07-Dec-2008
104554;Templeton India Money Market Account - Dividend Plan;;;1.0000;1.0000;1.0000;07-Dec-2008

Tata Mutual Fund
102152;Tata Money Market Fund Regular (Bonus / Dividend);;;10.1617;10.1617;10.1617;07-Dec-2008
102153;Tata Money Market Fund Regular (Growth);INF277K01LY1;;13.8365;13.8365;13.8365;07-Dec-2008

Open Ended Schemes ( Floating Rate )


HSBC Mutual Fund
102836;HSBC Floating Rate Fund - Short Term - Inst. - Dividend - Daily;;;10.0623;10.0623;10.0623;07-Dec-2008
102838;HSBC Floating Rate Fund - Short Term - Inst. - Dividend - Monthly;;;10.1496;10.1496;10.1496;07-Dec-2008
102837;HSBC Floating Rate Fund - Short Term - Inst. - Dividend - Weekly;;;10.4257;10.4257;10.4257;07-Dec-2008
102835;HSBC Floating Rate Fund - Short Term - Inst. - Growth;;;13.2782;13.2782;13.2782;07-Dec-2008
102840;HSBC Floating Rate Fund - Short Term - Inst. Plus - Dividend - Daily;;;10.0000;10.0000;10.0000;07-Dec-2008
102842;HSBC Floating Rate Fund - Short Term - Inst. Plus - Dividend - Monthly;;;0.0000;0.0000;0.0000;07-Dec-2008
102841;HSBC Floating Rate Fund - Short Term - Inst. Plus - Dividend - Weekly;;;10.0363;10.0363;10.0363;07-Dec-2008
102839;HSBC Floating Rate Fund - Short Term - Inst. Plus - Growth;;;11.2689;11.2689;11.2689;07-Dec-2008
102833;HSBC Floating Rate Fund - Short Term - Regular - Dividend - Daily;;;10.0000;10.0000;10.0000;07-Dec-2008
102834;HSBC Floating Rate Fund - Short Term - Regular - Dividend - Weekly;;;10.0197;10.0197;10.0197;07-Dec-2008
102832;HSBC Floating Rate Fund - Short Term - Regular - Growth;;;13.1579;13.1579;13.1579;07-Dec-2008

Open Ended Schemes ( Fund of Funds - Domestic )


Fidelity Mutual Fund
103419;Fidelity MultiManager Cash Fund-Dividend Re-investment Option;;;10.0131;10.0131;10.0131;07-Dec-2008
103418;Fidelity MultiManager Cash Fund-Growth Option;;;12.3700;12.3700;12.3700;07-Dec-2008

Open Ended Schemes ( Debt Scheme - Overnight Fund )


HDFC Mutual Fund
101996;HDFC Overnight Fund - Growth Option;INF179KB1HS3;;14.5999;14.5999;14.5999;07-Dec-2008
101997;HDFC Overnight Fund - IDCW Option (Daily);;INF179KB1IF8;10.4266;10.4266;10.4266;07-Dec-2008

SBI Mutual Fund
101206;SBI OVERNIGHT FUND - REGULAR PLAN - GROWTH;INF200K01LQ9;;14.8251;14.8251;14.8251;07-Dec-2008
103140;SBI Overnight Fund - Regular Plan - Weekly Income Distribution cum Capital Withdrawal Option (IDCW);INF200K01LO4;INF200K01LP1;10.3014;10.3014;10.3014;07-Dec-2008

Open Ended Schemes ( Debt Scheme - Liquid Fund )


Aditya Birla Sun Life Mutual Fund
100049;Aditya Birla Sun Life Cash Plus-Institutional - Fortnightly Dividend;;;10.8425;10.8425;10.8425;07-Dec-2008
100052;Aditya Birla Sun Life Cash Plus-Institutional Premium - Fortnightly Dividend;;;10.0000;10.0000;10.0000;07-Dec-2008
100053;Aditya Birla Sun Life Cash Plus-Institutional Premium Plan-Monthly Dividend;;;10.0209;10.0209;10.0209;07-Dec-2008
100047;Aditya Birla Sun Life Liquid Fund - Growth;INF209K01RU9;;13.7412;13.7412;13.7412;07-Dec-2008
100046;Aditya Birla Sun Life Liquid Fund -Daily IDCW;INF209K01KQ2;INF209K01SQ5;10.0195;10.0195;10.0195;07-Dec-2008
100041;Aditya Birla Sun Life Liquid Fund -Institutional - IDCW;;INF209K01KN9;10.8023;10.8023;10.8023;07-Dec-2008
100048;Aditya Birla Sun Life Liquid Fund -Institutional - weekly  IDCW;INF209KA1LK7;INF209K01KY6;10.8113;10.8113;10.8113;07-Dec-2008
100044;Aditya Birla Sun Life Liquid Fund -Retail - IDCW;;INF209K01KP4;16.3694;16.3694;16.3694;07-Dec-2008
100051;Aditya Birla Sun Life Liquid Fund -weekly IDCW;INF209K01KU4;INF209KA1LJ9;10.0270;10.0270;10.0270;07-Dec-2008
100043;Aditya Birla Sun Life Liquid Fund-Institutional (Growth);INF209K01RT1;;23.3133;23.3133;23.3133;07-Dec-2008
100042;Aditya Birla Sun Life Liquid Fund-Retail (Growth);INF209K01ME4;;23.0830;23.0830;23.0830;07-Dec-2008

Bandhan Mutual Fund
108692;BANDHAN LIQUID Fund - Regular Plan - Daily IDCW;INF194K01VZ4;INF194K01VY7;10.0025;10.0025;10.0025;07-Dec-2008
108690;BANDHAN LIQUID Fund - Regular Plan - Growth;INF194K01VX9;;10.4719;10.4719;10.4719;07-Dec-2008
108693;BANDHAN LIQUID Fund - Regular Plan - Monthly IDCW;INF194K01WF4;INF194K01WE7;10.0246;10.0246;10.0246;07-Dec-2008
108779;BANDHAN Liquid Fund-Plan A-Dividend (Daily);INF194K01VC3;INF194K01VB5;10.5819;10.5819;10.5819;07-Dec-2008
108778;BANDHAN Liquid Fund-Plan A-Growth;INF194K01UX1;;15.4556;15.4556;15.4556;07-Dec-2008
108607;BANDHAN Liquid Fund - Plan A-Dividend (Weekly);INF194K01VI0;INF194K01VH2;10.1963;10.1963;10.1963;07-Dec-2008
108781;BANDHAN Liquid Fund - Plan B (G) (Institutional Plan);INF194K01VK6;;15.5367;15.5367;15.5367;07-Dec-2008
108629;BANDHAN Liquid Fund - Plan B - Dividend-Weekly;INF194K01VS9;INF194K01VR1;10.0057;10.0057;10.0057;07-Dec-2008
108681;BANDHAN Liquid Fund - Plan B-Daily-Dividend(Institutional Plan);INF194K01VM2;INF194K01VL4;10.5816;10.5816;10.5816;07-Dec-2008

Bank of India Mutual Fund
109257;BANK OF INDIA Liquid Fund- Institutional Plan- Daily Dividend;;;1000.0005;1000.0005;1000.0005;07-Dec-2008
109256;BANK OF INDIA Liquid Fund- Institutional Plan-Growth;INF761K01314;;1039.9422;1039.9422;1039.9422;07-Dec-2008
109254;BANK OF INDIA Liquid Fund- Regular Plan- Growth;INF761K01306;;1037.6007;1037.6007;1037.6007;07-Dec-2008
109255;BANK OF INDIA Liquid Fund- Regular Plan- Weekly IDCW;;INF761K01CP1;1001.2467;1001.2467;1001.2467;07-Dec-2008
109263;BANK OF INDIA Liquid Fund- Super Institutional Plan-Daily Dividend;;;1000.0005;1000.0005;1000.0005;07-Dec-2008
109258;BANK OF INDIA Liquid Fund- Super Institutional Plan-Growth;INF761K01322;;1040.6971;1040.6971;1040.6971;07-Dec-2008

Baroda BNP Paribas Mutual Fund
101408;Baroda BNP Paribas LIQUID FUND- Defunct Plan -Growth Option;INF955L01575;;15.0059;15.0059;15.0059;07-Dec-2008
101407;Baroda BNP Paribas LIQUID FUND-Defunct Plan- IDCW Option;INF955L01559;INF955L01567;12.8584;12.8584;12.8584;07-Dec-2008

Canara Robeco Mutual Fund
109349;CANARA ROBECO LIQUID FUND - REGULAR PLAN - DAILY IDCW (Reinvestment);;INF760K01CU3;10.0410;10.0410;10.0410;07-Dec-2008
109353;CANARA ROBECO LIQUID FUND - REGULAR PLAN - GROWTH OPTION;INF760K01CW9;;10.4518;10.4518;10.4518;07-Dec-2008
109350;CANARA ROBECO LIQUID FUND - REGULAR PLAN - WEEKLY IDCW (Payout/Reinvestment);INF760K01BZ4;INF760K01CZ2;10.0509;10.0509;10.0509;07-Dec-2008
101363;Canara Robeco Liquid Fund- INSTITUTIONAL-Daily Dividend Reinvestment;;INF760K01CC1;10.0410;10.0410;10.0410;07-Dec-2008
101362;Canara Robeco Liquid Fund- INSTITUTIONAL-Growth;INF760K01CD9;;15.7311;15.7311;15.7311;07-Dec-2008
101361;Canara Robeco Liquid Fund- INSTITUTIONAL-Weekly dividend;;INF760K01CE7;10.0410;10.0410;10.0410;07-Dec-2008
101364;Canara Robeco Liquid Fund-Retail-DRI;;INF760K01CF4;10.0410;10.0410;10.0410;07-Dec-2008
109346;Canara Robeco Liquid Fund-Retail-Fortnightly Div Reinvest;;INF760K01CG2;10.0671;10.0671;10.0671;07-Dec-2008
101365;Canara Robeco Liquid Fund-Retail-Growth;INF760K01CH0;;15.7086;15.7086;15.7086;07-Dec-2008
109347;Canara Robeco Liquid Fund-Retail-Monthly Div Reinvest;;INF760K01CI8;10.0668;10.0668;10.0668;07-Dec-2008
109356;Canara Robeco Liquid Fund-Retail-Weekly Div Reinvest;;INF760K01CJ6;10.0506;10.0506;10.0506;07-Dec-2008

DSP Mutual Fund
103347;DSP Liquidity Fund - Regular Plan - Growth;INF740K01FK9;;1242.8221;1242.8221;1242.8221;07-Dec-2008
103348;DSP Liquidity Fund - Regular Plan - IDCW - Weekly;INF740K01FM5;INF740K01FL7;1000.9362;1000.9362;1000.9362;07-Dec-2008
103349;DSP Liquidity Fund- Regular Plan - IDCW - Daily;;INF740KA1OE0;1000.2000;1000.2000;1000.2000;07-Dec-2008
100943;DSP BlackRock Liquidity Fund - Regular Plan - Daily Dividend;;;10.0100;10.0100;10.0100;07-Dec-2008
100940;DSP BlackRock Liquidity Fund - Regular Plan - Growth;INF740K01CN0;;20.7168;20.7168;20.7168;07-Dec-2008
100941;DSP BlackRock Liquidity Fund - Regular Plan Weekly Dividend;;;12.4087;12.4087;12.4087;07-Dec-2008

Franklin Templeton Mutual Fund
100543;Franklin India Liquid Fund - Liquid Plan - Daily IDCW;;;1000.6730;1000.6730;1000.6730;07-Dec-2008
100544;Franklin India Liquid Fund - Liquid Plan - Growth;;;1304.1722;1304.1722;1304.1722;07-Dec-2008
100542;Franklin India Liquid Fund - Liquid Plan - Weekly Dividend;;;1000.5749;1000.5749;1000.5749;07-Dec-2008
100541;Franklin India Liquid Fund - Regular Plan - Daily - IDCW;;INF090I01BA3;1512.3400;1512.3400;1512.3400;07-Dec-2008
100538;Franklin India Liquid Fund - Regular Plan - Growth;INF090I01BB1;;2129.4147;2129.4147;2129.4147;07-Dec-2008
100537;Franklin India Liquid Fund - Regular Plan - Weekly - IDCW;INF090I01BL0;INF090I01BI6;1244.3238;1244.3238;1244.3238;07-Dec-2008
100547;Franklin India Liquid Fund - Super Institutional Plan - Daily - IDCW;;INF090I01BF2;1000.6730;1000.6730;1000.6730;07-Dec-2008
100546;Franklin India Liquid Fund - Super Institutional Plan - Growth;INF090I01BG0;;1276.3596;1276.3596;1276.3596;07-Dec-2008
100548;Franklin India Liquid Fund - Super Institutional Plan - Weekly - IDCW;INF090I01BM8;INF090I01BH8;1021.1243;1021.1243;1021.1243;07-Dec-2008
102441;Franklin India Liquid Fund - Institution-Growth;INF090I01BD7;;1345.5397;1345.5397;1345.5397;07-Dec-2008
102443;Franklin India Liquid Fund - Institutional Plan - Daily - IDCW;;INF090I01BC9;1000.6730;1000.6730;1000.6730;07-Dec-2008
102442;Franklin India Liquid Fund - Institutional Plan - Weekly - IDCW;INF090I01BJ4;INF090I01BE5;1043.4047;1043.4047;1043.4047;07-Dec-2008

HDFC Mutual Fund
100868;HDFC Liquid Fund - Growth Plan;INF179KB1HK0;;17.0758;17.0758;17.0758;07-Dec-2008
100875;HDFC Liquid Fund - IDCW Daily;;INF179KB1IC5;10.1982;10.1982;10.1982;07-Dec-2008
100876;HDFC Liquid Fund - IDCW Monthly;INF179KB1HM6;INF179KB1HL8;10.2925;10.2925;10.2925;07-Dec-2008
100874;HDFC Liquid Fund - IDCW Plan Weekly;INF179KB1ID3;;10.3239;10.3239;10.3239;07-Dec-2008
100877;HDFC Liquid Fund-Premium Plan - Dividend-Daily;;INF179K01KN4;12.2598;12.2598;12.2598;07-Dec-2008
100881;HDFC Liquid Fund-Premium Plus Plan - Dividend-Weekly;INF179K01KS3;;12.4345;12.4345;12.4345;07-Dec-2008
100872;HDFC Liquid Fund-PREMIUM PLUS- Growth;INF179K01KQ7;;17.2583;17.2583;17.2583;07-Dec-2008
100873;HDFC Liquid Fund-PREMIUM- Growth;INF179KB1HN4;;17.2224;17.2224;17.2224;07-Dec-2008

HSBC Mutual Fund
101700;HSBC Cash Fund - Dividend - Daily;;INF336L01321;10.0056;10.0056;10.0056;07-Dec-2008
101702;HSBC Cash Fund - Dividend - Monthly;INF336L01305;INF336L01297;10.0955;10.0955;10.0955;07-Dec-2008
101701;HSBC Cash Fund - Dividend - Weekly;;INF336L01347;10.2386;10.2386;10.2386;07-Dec-2008
101692;HSBC Cash Fund - Inst. - Dividend - Daily;;INF336L01354;10.4401;10.4401;10.4401;07-Dec-2008
101694;HSBC Cash Fund - Inst. - Dividend - Monthly;INF336L01370;INF336L01362;10.5404;10.5404;10.5404;07-Dec-2008
101693;HSBC Cash Fund - Inst. - Dividend - Weekly;;INF336L01388;10.4676;10.4676;10.4676;07-Dec-2008
101691;HSBC Cash Fund - Inst. - Growth;INF336L01289;;14.4346;14.4346;14.4346;07-Dec-2008
101697;HSBC Cash Fund - Regular - Dividend - Daily;;INF336L01263;10.1930;10.1930;10.1930;07-Dec-2008
101698;HSBC Cash Fund - Regular - Dividend - Weekly;;INF336L01313;10.0207;10.0207;10.0207;07-Dec-2008
101696;HSBC Liquid Fund - Growth closed plan;INF336L01271;;14.3500;14.3500;14.3500;07-Dec-2008
101699;HSBC Liquid Fund Closed;INF336L01339;;13.5261;13.5261;13.5261;07-Dec-2008

ICICI Prudential Mutual Fund
100357;ICICI Prudential Liquid Fund -Quarterly IDCW;INF109K01UU5;INF109K01UT7;10.1720;10.1720;10.1720;07-Dec-2008
100359;ICICI Prudential Liquid Institutional Plus Fund - Div - Daily;INF109K01VJ6;;11.8515;11.8515;11.8515;07-Dec-2008
100360;ICICI Prudential Liquid Institutional Plus Fund - Div - Weekly;INF109K01VM0;;11.8705;11.8705;11.8705;07-Dec-2008
100362;ICICI Prudential Liquid Institutional Plus Fund - Growth;INF109K01VK4;;21.4104;21.4104;21.4104;07-Dec-2008
103343;ICICI Prudential Liquid Fund - Daily IDCW;INF109K01VP3;;10.0005;10.0005;10.0005;07-Dec-2008
103340;ICICI Prudential Liquid Fund - Growth;INF109K01VQ1;;12.6885;12.6885;12.6885;07-Dec-2008
104308;ICICI Prudential Liquid Fund - Half Yearly IDCW;INF109K01UX9;INF109K01UW1;10.1716;10.1716;10.1716;07-Dec-2008
103344;ICICI Prudential Liquid Fund - Institutional Option - I;INF109K01VH0;;12.4212;12.4212;12.4212;07-Dec-2008
103342;ICICI Prudential Liquid Fund - Weekly IDCW;INF109K01VS7;;10.0173;10.0173;10.0173;07-Dec-2008
101748;ICICI Prudential Liquid Fund - Institutional - Daily - Div;INF109K01VE7;;11.8502;11.8502;11.8502;07-Dec-2008
101749;ICICI Prudential Liquid Fund - Institutional - Monthly - Div;;INF109K01VG2;10.0238;10.0238;10.0238;07-Dec-2008
101753;ICICI Prudential Liquid Fund - Institutional - Weekly - Div;INF109K01VI8;;11.8574;11.8574;11.8574;07-Dec-2008
101754;ICICI Prudential Liquid Fund Retail Daily Dividend;INF109K01UR1;;11.8514;11.8514;11.8514;07-Dec-2008
101750;ICICI Prudential Liquid Fund Retail Growth;INF109K01UQ3;;21.0024;21.0024;21.0024;07-Dec-2008
101755;ICICI Prudential Liquid Fund Retail Monthly Dividend;INF109K01US9;;11.8568;11.8568;11.8568;07-Dec-2008
101752;ICICI Prudential Liquid Fund Retail Weekly Dividend;INF109K01UV3;;11.8462;11.8462;11.8462;07-Dec-2008
101751;ICICI Prudential Liquid Institutional Fund - Growth;INF109K01VF4;;21.2989;21.2989;21.2989;07-Dec-2008

Invesco Mutual Fund
104484;Invesco India Liquid Fund - Daily IDCW (Reinvestment);;INF205K01HN3;10.0033;10.0033;10.0033;07-Dec-2008
104486;Invesco India Liquid Fund - Growth;INF205K01HM5;;11.8060;11.8060;11.8060;07-Dec-2008
104488;Invesco India Liquid Fund - Regular - Growth;INF205K01HG7;;11.7268;11.7268;11.7268;07-Dec-2008
104489;Invesco India Liquid Fund - Regular - Weekly IDCW (Reinvestment);;INF205K01HH5;10.0172;10.0172;10.0172;07-Dec-2008
104483;Religare Invesco Liquid Fund - Institutional - Daily Dividend;;INF205K01HJ1;10.0033;10.0033;10.0033;07-Dec-2008
104491;Religare Invesco Liquid Fund - Institutional - Growth;INF205K01HI3;;11.7898;11.7898;11.7898;07-Dec-2008
104490;Religare Invesco Liquid Fund - Institutional - Weekly Dividend;;INF205K01HK9;10.0175;10.0175;10.0175;07-Dec-2008

JM Financial Mutual Fund
100241;JM High Liquidity Fund-- Institutional Plan - Dividend;INF192K01924;INF192K01932;10.3757;10.3757;10.3757;07-Dec-2008
100237;JM High Liquidity Fund-- Institutional Plan - Growth;INF192K01940;;14.1897;14.1897;14.1897;07-Dec-2008
100243;JM High Liquidity Fund-- Premium Plan - Daily Dividend Option;;;10.0000;10.0000;10.0000;07-Dec-2008
100238;JM High Liquidity Fund-Institutional Plan - Daily Dividend;;INF192K01916;10.0159;10.0159;10.0159;07-Dec-2008
100245;JM High Liquidity Fund-Super Institutional Plan- Daily Dividend;;INF192K01957;10.0165;10.0165;10.0165;07-Dec-2008
100246;JM High Liquidity Fund-Super Institutional Plan- Weekly  Dividend;INF192K01965;INF192K01973;10.0000;10.0000;10.0000;07-Dec-2008
100244;JM Liquid Fund (Regular) - Quarterly IDCW;INF192K01866;INF192K01874;13.5408;13.5408;13.5408;07-Dec-2008
100247;JM Liquid Fund (Regular) - Super Institutional Plan - Growth Option;INF192K01981;;13.4919;13.4919;13.4919;07-Dec-2008
100233;JM Liquid Fund (Regular) - Weekly IDCW;INF192K01841;INF192K01858;10.6163;10.6163;10.6163;07-Dec-2008
100234;JM Liquid Fund - Growth Option;INF192K01882;;23.5183;23.5183;23.5183;07-Dec-2008
101549;JM Liquid Fund (Regular) - Bonus Option - Principal Units;INF192K01890;;12.3504;12.3504;12.3504;07-Dec-2008
101078;JM Liquid Fund (Regular) - Daily IDCW;;INF192K01833;10.4302;10.4302;10.4302;07-Dec-2008

Kotak Mahindra Mutual Fund
100833;Kotak Liquid Fund - Regular  - Daily Reinvestment of Income Distribution cum capital withdrawal option;;INF174K01NL3;12.2281;12.2281;12.2281;07-Dec-2008
100835;Kotak Liquid Fund - Regular Plan - Growth;INF174K01NI9;;17.4194;17.4194;17.4194;07-Dec-2008
100831;Kotak Liquid Fund -Institutional Plan - (Daily Dividend);;INF174K01GA0;12.2281;12.2281;12.2281;07-Dec-2008
100834;Kotak Liquid Fund Regular Plan Weekly Reinvestment of Income Distribution cum capital withdrawal option Dividend;INF174K01NK5;;10.0502;10.0502;10.0502;07-Dec-2008
100830;Kotak Liquid-Institutional Plan  (Growth);INF174K01FZ9;;17.1607;17.1607;17.1607;07-Dec-2008
100832;Kotak Liquid-Institutional Plan (Weekly Dividend);;INF174K01GB8;10.0365;10.0365;10.0365;07-Dec-2008
100828;Kotak Liquid-Regular (Dividend);;INF174K01FY2;10.0354;10.0354;10.0354;07-Dec-2008
100829;Kotak Liquid-Regular (Growth);INF174K01NM1;;16.8274;16.8274;16.8274;07-Dec-2008

Nippon India Mutual Fund
100852;NIPPON INDIA LIQUID FUND - DAILY IDCW OPTION;;INF204K01UM1;15.2872;15.2872;15.2872;07-Dec-2008
100855;NIPPON INDIA LIQUID FUND - MONTHLY IDCW OPTION;INF204K01UO7;INF204K01UP4;20.9480;20.9480;20.9480;07-Dec-2008
100837;Nippon India Liquid Fund - Retail Option - Growth Plan;INF204K01UL3;;20.6407;20.6407;20.6407;07-Dec-2008
100842;NIPPON INDIA LIQUID FUND - RETAIL Plan - DAILY IDCW OPTION;;INF204K01UJ7;15.2426;15.2426;15.2426;07-Dec-2008
100843;NIPPON INDIA LIQUID FUND - RETAIL plan - MONTHLY IDCW OPTION;INF204K01UT6;INF204K01UU4;12.9499;12.9499;12.9499;07-Dec-2008
100844;NIPPON INDIA LIQUID FUND - RETAIL Plan - QUARTERLY IDCW OPTION;INF204K01UV2;INF204K01UW0;12.3867;12.3867;12.3867;07-Dec-2008
100838;NIPPON INDIA LIQUID FUND - RETAIL Plan - WEEKLY IDCW OPTION;;INF204K01UK5;10.3466;10.3466;10.3466;07-Dec-2008
100853;NIPPON INDIA LIQUID FUND - WEEKLY IDCW OPTION;INF204KC1FM8;INF204K01US8;15.3105;15.3105;15.3105;07-Dec-2008
100851;Nippon India Liquid Fund -Growth Plan;INF204K01UN9;;20.9481;20.9481;20.9481;07-Dec-2008
100849;Reliance Liquid Fund-Cash Plan-Daily Dividend Reinvestment Option;;;11.1415;11.1415;11.1415;07-Dec-2008
100845;Reliance Liquid Fund-Cash Plan-Growth Plan;;;14.4990;14.4990;14.4990;07-Dec-2008
100848;Reliance Liquid Fund-Cash Plan-Weekly Dividend Reinvestment Option;;;10.9203;10.9203;10.9203;07-Dec-2008

Principal Mutual Fund
100895;Principal Cash Management Fund - Daily Income Distribution CUM Capital Withdrawal;;INF173K01DB7;10.0007;10.0007;10.0007;07-Dec-2008
100897;Principal Cash Management Fund - Monthly Income Distribution CUM Capital Withdrawal Option;INF173K01BV9;INF173K01BW7;10.0552;10.0552;10.0552;07-Dec-2008
100896;Principal Cash Management Fund - Weekly Income Distribution CUM Capital Withdrawal Option;;INF173K01DC5;10.0325;10.0325;10.0325;07-Dec-2008
100898;Principal Cash Management Fund -Growth Option;INF173K01DA9;;13.4310;13.4310;13.4310;07-Dec-2008
100892;Principal Cash Management-Liquid Option-Daily Dividend;;;10.0022;10.0022;10.0022;07-Dec-2008
100887;Principal Cash Management-Liquid Option-Dividend Plan;;;10.1268;10.1268;10.1268;07-Dec-2008
100888;Principal Cash Management-Liquid Option-Growth Plan;;;16.7778;16.7778;16.7778;07-Dec-2008
100894;Principal Cash Management-Liquid Option-Institutional - Daily Dividend Plan;;;10.0022;10.0022;10.0022;07-Dec-2008
100893;Principal Cash Management-Liquid Option-Institutional - Growth Plan;;;14.1456;14.1456;14.1456;07-Dec-2008
100891;Principal Cash Management-Liquid Option-Institutional - Monthly Dividend Plan;;;10.0195;10.0195;10.0195;07-Dec-2008
100890;Principal Cash Management-Liquid Option-Institutional - Weekly Dividend Plan;;;10.0086;10.0086;10.0086;07-Dec-2008
100889;Principal Cash Management-Liquid Option-Monthly Dividend;;;10.0189;10.0189;10.0189;07-Dec-2008

Quantum Mutual Fund
103736;Quantum Liquid Fund - Direct Plan Daily IDCW;;INF082J01135;10.0000;10.0000;10.0000;07-Dec-2008
103734;Quantum Liquid Fund - Direct Plan Growth Option;INF082J01127;;12.2837;12.2837;12.2837;07-Dec-2008
103735;Quantum Liquid Fund - Direct Plan Monthly IDCW;INF082J01143;INF082J01200;10.0304;10.0304;10.0304;07-Dec-2008

SBI Mutual Fund
105274;SBI Liquid Fund - Institutional - Growth;INF200K01LU1;;13.7478;13.7478;13.7478;07-Dec-2008
105275;SBI Liquid Fund - Institutional Daily Income Distribution cum Capital Withdrawal Option (IDCW);;INF200K01LR7;10.0325;10.0325;10.0325;07-Dec-2008
105279;SBI Liquid Fund - Institutional Fortnightly Income Distribution cum Capital Withdrawal Option (IDCW);INF200K01LS5;INF200K01LT3;10.1486;10.1486;10.1486;07-Dec-2008
105278;SBI Liquid Fund - Institutional Weekly Income Distribution cum Capital Withdrawal Option (IDCW);INF200K01LV9;INF200K01LW7;10.5994;10.5994;10.5994;07-Dec-2008
105281;SBI Liquid Fund - Regular Plan - Daily Income Distribution cum Capital Withdrawal Option (IDCW);;INF200K01LX5;10.0325;10.0325;10.0325;07-Dec-2008
105283;SBI Liquid Fund - Regular Plan - Fortnightly Income Distribution cum Capital Withdrawal Option (IDCW);INF200K01LY3;INF200K01LZ0;0;0;0;07-Dec-2008
105282;SBI Liquid Fund - Regular Plan - Weekly Income Distribution cum Capital Withdrawal Option (IDCW);INF200K01MB9;INF200K01MC7;0;0;0;07-Dec-2008
105280;SBI Liquid Fund - REGULAR PLAN -Growth;INF200K01MA1;;13.5917;13.5917;13.5917;07-Dec-2008

Tata Mutual Fund
102672;Tata Liquid Fund -Regular Plan - Growth Option;INF277K01YD8;;13.5289;13.5289;13.5289;07-Dec-2008
101714;Tata Liquid Fund- Regular Plan - Daily Reinvestment of IDCW Option;;INF277K011D4;10.0152;10.0152;10.0152;07-Dec-2008

Taurus Mutual Fund
104240;Taurus Liquid Fund-Dividend;INF044D01542;INF044D01559;10.0114;10.0114;10.0114;07-Dec-2008
104241;Taurus Liquid Fund-Growth;INF044D01575;;11.5522;11.5522;11.5522;07-Dec-2008

UTI Mutual Fund
102010;UTI Liquid Fund - Regular Plan - Daily IDCW (Reinvestment);;INF789F01PG3;1019.4457;1019.4457;1019.4457;07-Dec-2008
102011;UTI Liquid Fund - Regular Plan - Monthly IDCW;INF789F01PI9;INF789F01PJ7;1026.5761;1026.5761;1026.5761;07-Dec-2008
102013;UTI Liquid Fund - Regular Plan - Weekly IDCW;;INF789F01PK5;1022.9033;1022.9033;1022.9033;07-Dec-2008
102012;UTI-  Liquid Cash Plan - Regular Plan - Growth Option;INF789F01PH1;;1413.1383;1413.1383;1413.1383;07-Dec-2008
102008;UTI-  Liquid Cash Plan- Discontinued - Regular Plan - Monthly Dividend Option;INF789F01BC2;INF789F01BA6;1053.6579;1053.6579;1053.6579;07-Dec-2008
102009;UTI-  Liquid Cash Plan- Discontinued - Regular Plan -Growth;INF789F01BB4;;1399.4485;1399.4485;1399.4485;07-Dec-2008
102007;UTI-  Liquid Cash Plan- Discontinued -Regular Plan Periodic Dividend Option;;INF789F01AZ5;1044.5982;1044.5982;1044.5982;07-Dec-2008

Open Ended Schemes ( Debt Scheme - Ultra Short Duration Fund )


Principal Mutual Fund
107325;Principal Money Manager Fund-Regular Plan-Daily Dividend Option;;;10.0247;10.0247;10.0247;07-Dec-2008
107331;Principal Money Manager Fund-Regular Plan-Growth Option;;;10.6617;10.6617;10.6617;07-Dec-2008
107327;Principal Money Manager Fund-Regular Plan-Monthly Dividend Option;;;10.5379;10.5379;10.5379;07-Dec-2008
107326;Principal Money Manager Fund-Regular Plan-Weekly Dividend Option;;;10.1065;10.1065;10.1065;07-Dec-2008
107329;Principal Ultra Short Term Fund-Daily Income Distribution CUM Capital Withdrawal Option;;INF173K01CV7;10.0247;10.0247;10.0247;07-Dec-2008
107328;Principal Ultra Short Term Fund-Growth Option;INF173K01CU9;;10.4975;10.4975;10.4975;07-Dec-2008
107330;Principal Ultra Short Term Fund-Monthly Income Distribution CUM Capital Withdrawal Option;INF173K01CB9;INF173K01CC7;10.4006;10.4006;10.4006;07-Dec-2008
107332;Principal Ultra Short Term Fund-Weekly Income Distribution CUM Capital Withdrawal Option;;INF173K01CW5;10.1161;10.1161;10.1161;07-Dec-2008

SBI Mutual Fund
105080;SBI Ultra Short Duration Fund - Regular Plan - Daily Income Distribution cum Capital Withdrawal Option (IDCW);;INF200K01LK2;16.7503;16.7503;16.7503;07-Dec-2008
100641;SBI ULTRA SHORT DURATION FUND - REGULAR PLAN - GROWTH;INF200K01LJ4;;19.2154;19.2154;19.2154;07-Dec-2008
103884;SBI Ultra Short Duration Fund - Regular Plan - Weekly Income Distribution cum Capital Withdrawal Option (IDCW);INF200K01LM8;INF200K01LL0;10.7509;10.7509;10.7509;07-Dec-2008

Open Ended Schemes ( Debt Scheme - Low Duration Fund )


Aditya Birla Sun Life Mutual Fund
103192;Aditya Birla Sun Life Low Duration Fund - Growth Plan;INF209K01LQ0;;21.0431;21.0431;21.0431;07-Dec-2008
103195;Aditya Birla Sun Life Low Duration Fund - Institutional Plan - Growth;INF209K01KE8;;14.3595;14.3595;14.3595;07-Dec-2008
103191;Aditya Birla Sun Life Low Duration Fund -INSTITUTIONAL - DAILY IDCW;;INF209K01KD0;10.0030;10.0030;10.0030;07-Dec-2008
103194;Aditya Birla Sun Life Low Duration Fund -Institutional - weekly  IDCW;;INF209K01KG3;10.0115;10.0115;10.0115;07-Dec-2008
103193;Aditya Birla Sun Life Low Duration Fund -REGULAR - WEEKLY IDCW;;INF209KA1LQ4;10.0113;10.0113;10.0113;07-Dec-2008

Bandhan Mutual Fund
108633;BANDHAN Low Duration Fund - Regular Plan - Daily IDCW;INF194K01FW4;INF194K01FV6;10.0125;10.0125;10.0125;07-Dec-2008
108632;BANDHAN Low Duration Fund - Regular Plan - Growth;INF194K01FU8;;11.9632;11.9632;11.9632;07-Dec-2008
108635;BANDHAN Low Duration Fund - Regular Plan - Monthly IDCW;INF194K01FZ7;INF194K01FY0;10.0130;10.0130;10.0130;07-Dec-2008
108634;BANDHAN Low Duration Fund - Regular Plan - Weekly IDCW;INF194K01GC4;INF194K01GB6;10.0044;10.0044;10.0044;07-Dec-2008

Canara Robeco Mutual Fund
104559;CANARA ROBECO SAVINGS FUND - REGULAR PLAN - DAILY IDCW (Reinvestment);;INF760K01803;10.2600;10.2600;10.2600;07-Dec-2008
102913;CANARA ROBECO SAVINGS FUND - REGULAR PLAN - GROWTH OPTION;INF760K01795;;13.2245;13.2245;13.2245;07-Dec-2008
102914;CANARA ROBECO SAVINGS FUND - REGULAR PLAN - IDCW (Payout/Reinvestment);INF760K01779;INF760K01787;12.7163;12.7163;12.7163;07-Dec-2008
102915;CANARA ROBECO SAVINGS FUND - REGULAR PLAN - WEEKLY IDCW (Payout/Reinvestment);INF760K01CB3;INF760K01811;10.2699;10.2699;10.2699;07-Dec-2008

Open Ended Schemes ( Debt Scheme - Money Market Fund )


Aditya Birla Sun Life Mutual Fund
101975;Aditya Birla Sun Life Floating Rate Fund-Short Term Plan-Institutional Fortnightly Dividend;;;10.0000;10.0000;10.0000;07-Dec-2008
101973;Aditya Birla Sun Life Money Manager Fund - Daily IDCW;;INF209K01SZ6;10.0000;10.0000;10.0000;07-Dec-2008
101976;Aditya Birla Sun Life Money Manager Fund - Growth;INF209K01RV7;;11.3817;11.3817;11.3817;07-Dec-2008
101972;Aditya Birla Sun Life Money Manager Fund - Retail - Daily IDCW;;INF209K01JZ5;10.0015;10.0015;10.0015;07-Dec-2008
101970;Aditya Birla Sun Life Money Manager Fund - RETAIL - WEEKLY IDCW;;INF209K01JY8;10.3786;10.3786;10.3786;07-Dec-2008
101971;Aditya Birla Sun Life Money Manager Fund - Retail Growth;INF209K01MJ3;;14.1415;14.1415;14.1415;07-Dec-2008
101974;Aditya Birla Sun Life Money Manager Fund - WEEKLY IDCW;;INF209K01SY9;10.0116;10.0116;10.0116;07-Dec-2008

Franklin Templeton Mutual Fund
101352;Templeton Floating Rate Income Fund-Short Term Plan-Dividend Option;;;10.0491;10.0491;10.0491;07-Dec-2008
101353;Templeton Floating Rate Income Fund-Short Term Plan-Growth Option;;;15.5499;15.5499;15.5499;07-Dec-2008
101355;Templeton Floating Rate Income Fund-Short Term Plan-Institutional Option - Dividend;;;10.1353;10.1353;10.1353;07-Dec-2008
101354;Templeton Floating Rate Income Fund-Short Term Plan-Institutional Option - Growth;;;12.7992;12.7992;12.7992;07-Dec-2008

HDFC Mutual Fund
101994;HDFC Money Market Fund - Daily IDCW Option;;INF179KB1IG6;10.6364;10.6364;10.6364;07-Dec-2008
101993;HDFC Money Market Fund - Growth Option;INF179KB1HR5;;17.9661;17.9661;17.9661;07-Dec-2008
101995;HDFC Money Market Fund - Weekly IDCW Option;INF179KB1IH4;INF179KB1II2;10.6298;10.6298;10.6298;07-Dec-2008

ICICI Prudential Mutual Fund
101221;ICICI Prudential Money Market Fund Retail Growth (erstwhile Cash Option);INF109K01TW3;;14.4064;14.4064;14.4064;07-Dec-2008
103634;ICICI Prudential Money Market Fund Option - Daily IDCW;INF109K01TY9;;10.0010;10.0010;10.0010;07-Dec-2008
103633;ICICI Prudential Money Market Fund Option - Growth;INF109K01TX1;;12.2475;12.2475;12.2475;07-Dec-2008
103637;ICICI Prudential Money Market Fund Option - Monthly IDCW;INF109K01UC3;INF109K01UB5;10.0153;10.0153;10.0153;07-Dec-2008
103635;ICICI Prudential Money Market Fund Option - Weekly IDCW;INF109K01TZ6;;10.0123;10.0123;10.0123;07-Dec-2008
103636;ICICI Prudential Money Market Fund Option -Fortnightly IDCW;INF109K01UA7;;10.0249;10.0249;10.0249;07-Dec-2008

Kotak Mahindra Mutual Fund
106842;Kotak Money Market Fund - (Daily Reinvestment of Income Distribution cum capital withdrawal option);INF174K01ND0;;10.0428;10.0428;10.0428;07-Dec-2008
101893;Kotak Money Market Fund - (Growth);INF174K01NA6;;14.196;14.196;14.196;07-Dec-2008
101892;Kotak Money market Fund - (Monthly Payout of Income Distribution cum capital withdrawal option);INF174K018O0;INF174K01NB4;10.0622;10.0622;10.0622;07-Dec-2008
101894;Kotak Money Market Fund - (Weekly Reinvestment of Income Distribution cum capital withdrawal option);INF174K01NC2;;10.0345;10.0345;10.0345;07-Dec-2008

Nippon India Mutual Fund
103050;NIPPON INDIA MONEY MARKET FUND - DAILY IDCW Option;;INF204K01UY6;10.0031;10.0031;10.0031;07-Dec-2008
103052;NIPPON INDIA MONEY MARKET FUND - MONTHLY IDCW Option;INF204K01VB2;INF204K01VC0;12.8827;12.8827;12.8827;07-Dec-2008
103051;NIPPON INDIA MONEY MARKET FUND - WEEKLY IDCW Option;;INF204K01UZ3;10.0068;10.0068;10.0068;07-Dec-2008
103048;Nippon India Money Market Fund-Growth Plan-Growth Option;INF204K01VA4;;12.9345;12.9345;12.9345;07-Dec-2008

Tata Mutual Fund
101986;Tata Money Market Fund- Regular Plan - Daily Reinvestment of IDCW Option;;INF277K014C0;1114.5200;1114.5200;1114.5200;07-Dec-2008
101847;Tata Money Market Fund-Regular Plan - Growth Option;INF277K01LQ7;;1590.3676;1590.3676;1590.3676;07-Dec-2008

UTI Mutual Fund
100724;UTI MMF- Discontinued - Regular Plan - Flexi Dividend Option;;INF789F01BD0;18.2611;18.2611;18.2611;07-Dec-2008
100725;UTI MMF- Discontinued - Regular Plan - Periodic Dividend Option;INF789F01BE8;;18.1711;18.1711;18.1711;07-Dec-2008
100723;UTI MMF-Discontinued - Regular Plan -Growth;INF789F01BF5;;24.0448;24.0448;24.0448;07-Dec-2008

Open Ended Schemes ( Debt Scheme - Credit Risk Fund )


Principal Mutual Fund
102729;Principal Credit Risk Fund - Regular Plan - Growth Option;INF173K01DM4;;13.4802;13.4802;13.4802;07-Dec-2008
102732;Principal Credit Risk Fund - Regular Plan - Monthly Dividend Option;INF173K01BJ4;INF173K01BK2;11.4071;11.4071;11.4071;07-Dec-2008
102726;Principal Floating Rate Fund - SMP-Daily Dividend;;;10.0007;10.0007;10.0007;07-Dec-2008
102725;Principal Floating Rate Fund - SMP-Growth;;;13.4192;13.4192;13.4192;07-Dec-2008
102730;Principal Floating Rate Fund - SMP-Insti. Daily Dividend;;;10.0007;10.0007;10.0007;07-Dec-2008
102731;Principal Floating Rate Fund - SMP-Insti. Weekly Dividend;;;10.0081;10.0081;10.0081;07-Dec-2008
102728;Principal Floating Rate Fund - SMP-Monthly Dividend;;;10.6876;10.6876;10.6876;07-Dec-2008
102727;Principal Floating Rate Fund - SMP-Weekly Dividend;;;10.0080;10.0080;10.0080;07-Dec-2008

Open Ended Schemes ( Debt Scheme - Floater Fund )


Franklin Templeton Mutual Fund
101048;Franklin India Floating Rate Fund - Growth Plan;INF090I01LM7;;15.2486;15.2486;15.2486;07-Dec-2008
101044;Franklin India Floating Rate Fund - IDCW ;INF090I01LN5;;10.0000;10.0000;10.0000;07-Dec-2008

Nippon India Mutual Fund
102676;NIPPON INDIA FLOATER FUND - DAILY IDCW REINVESTMENT Option;;INF204K01CI7;10.0697;10.0697;10.0697;07-Dec-2008
102673;Nippon India Floater Fund - Growth Plan-Growth Option;INF204K01CG1;;13.4653;13.4653;13.4653;07-Dec-2008
102675;NIPPON INDIA FLOATER FUND - MONTHLY IDCW Option;INF204K01CH9;INF204K01CK3;10.1555;10.1555;10.1555;07-Dec-2008
102677;NIPPON INDIA FLOATER FUND - WEEKLY IDCW Option;INF204K01OQ5;INF204K01CJ5;10.0864;10.0864;10.0864;07-Dec-2008
