Scheme Code;Scheme Name;ISIN Div Payout/ISIN Growth;ISIN Div Reinvestment;Net Asset Value;Repurchase Price;Sale Price;Date

Open Ended Schemes ( Liquid )


PGIM India Mutual Fund
120102;DHFL Pramerica Liquid Fund - Direct Plan-Daily Dividend Option;;INF663L01633;1000.4200;1000.4200;1000.4200;15-Nov-2013
120104;DHFL Pramerica Liquid Fund - Direct Plan-Growth Option;INF663L01625;;1324.3117;1324.3117;1324.3117;15-Nov-2013
120105;DHFL Pramerica Liquid Fund - Direct Plan-Monthly Dividend Option;INF663L01682;INF663L01666;1005.3950;1005.3950;1005.3950;15-Nov-2013
120106;DHFL Pramerica Liquid Fund - Direct Plan-Weekly Dividend - Option;;INF663L01641;1000.9980;1000.9980;1000.9980;15-Nov-2013
113184;DHFL Pramerica Liquid Fund - Dividend Option - Daily;;INF663L01088;1000.3700;1000.3700;1000.3700;15-Nov-2013
113187;DHFL Pramerica Liquid Fund - Dividend Option - Fortnightly;INF663L01120;INF663L01104;1001.0946;1001.0946;1001.0946;15-Nov-2013
113186;DHFL Pramerica Liquid Fund - Dividend Option - Monthly;INF663L01138;INF663L01112;1005.2177;1005.2177;1005.2177;15-Nov-2013
113183;DHFL Pramerica Liquid Fund - Growth Option;INF663L01070;;1323.0153;1323.0153;1323.0153;15-Nov-2013
113185;DHFL Pramerica Liquid Fund -Dividend Option- Weekly;;INF663L01096;1000.8500;1000.8500;1000.8500;15-Nov-2013
122257;DHFL Pramerica Liquid Fund-Bonus Option;INF663L01BD5;;1322.9006;1322.9006;1322.9006;15-Nov-2013
122258;DHFL Pramerica Liquid Fund-Direct Plan-Bonus Option;INF663L01BE3;;1324.2064;1324.2064;1324.2064;15-Nov-2013

PineBridge Mutual Fund
119355;PineBridge India Liquid Fund- Direct Plan- Daily Dividend Option;;INF178L01AV8;1001.0000;1001.0000;1001.0000;15-Nov-2013
119360;PineBridge India Liquid Fund- Direct Plan- Growth Option;INF178L01AP0;;1562.1700;1562.1700;1562.1700;15-Nov-2013
106513;PineBridge India Liquid Fund- Standard Plan-Daily Dividend Option;;INF178L01699;1001.0000;1001.0000;1001.0000;15-Nov-2013
106508;PineBridge India Liquid Fund- Standard Plan-Growth Option;INF178L01715;;1561.2951;1561.2951;1561.2951;15-Nov-2013
106519;PineBridge India Liquid Fund- Standard Plan-Monthly Dividend Option;INF178L01723;INF178L01731;1005.6574;1005.6574;1005.6574;15-Nov-2013
106520;PineBridge India Liquid Fund- Standard Plan-Quarterly Dividend Option;INF178L01749;INF178L01756;1012.8435;1012.8435;1012.8435;15-Nov-2013
106509;PineBridge India Liquid Fund- Standard Plan-Weekly Dividend Option;;INF178L01764;1001.9185;1001.9185;1001.9185;15-Nov-2013
106503;PineBridge India Liquid Fund-Retail Plan-DailyDividend Option;;INF178L01533;1001.0000;1001.0000;1001.0000;15-Nov-2013
106514;PineBridge India Liquid Fund-Retail Plan-Growth Option;INF178L01558;;1525.1174;1525.1174;1525.1174;15-Nov-2013
106504;PineBridge India Liquid Fund-Retail Plan-Monthly Dividend Option;INF178L01566;INF178L01574;1005.6569;1005.6569;1005.6569;15-Nov-2013
106510;PineBridge India Liquid Fund-Retail Plan-Weekly Dividend Option;;INF178L01608;1001.9184;1001.9184;1001.9184;15-Nov-2013

Sahara Mutual Fund
101397;Sahara Liquid Fund-Fixed Pricing -  Weekly Dividend Option;;INF515L01064;1027.4373;1027.4373;1027.4373;15-Nov-2013
101393;Sahara Liquid Fund-Fixed Pricing - Daily Dividend Option;;INF515L01049;1036.2579;1036.2579;1036.2579;15-Nov-2013
120265;Sahara Liquid Fund-Fixed Pricing - Direct - Weekly Dividend Option;;INF515L01668;1027.4373;1027.4373;1027.4373;15-Nov-2013
120262;Sahara Liquid Fund-Fixed Pricing - Direct -Growth option;INF515L01650;;2233.0218;2233.0218;2233.0218;15-Nov-2013
101394;Sahara Liquid Fund-Fixed Pricing - Growth option;INF515L01056;;2232.4665;2232.4665;2232.4665;15-Nov-2013
101398;Sahara Liquid Fund-Fixed Pricing - Monthly Dividend Option;;INF515L01072;1043.2528;1043.2528;1043.2528;15-Nov-2013
120253;Sahara Liquid Fund-Fixed Pricing -Direct - Daily Dividend Option- Direct;;INF515L01643;1036.2579;1036.2579;1036.2579;15-Nov-2013
120266;Sahara Liquid Fund-Fixed Pricing -Direct - Monthly Dividend Option;;INF515L01676;1043.2528;1043.2528;1043.2528;15-Nov-2013
101399;Sahara Liquid Fund-Variable Pricing - Daily Dividend option;;INF515L01080;1036.3030;1036.3030;1036.3030;15-Nov-2013
101402;Sahara Liquid Fund-Variable Pricing - Growth option;INF515L01114;;2254.5107;2254.5107;2254.5107;15-Nov-2013
101400;Sahara Liquid Fund-Variable Pricing - Weekly Dividend Option;;INF515L01098;1041.7264;1041.7264;1041.7264;15-Nov-2013
120271;Sahara Liquid Fund-Variable Pricing -Direct - Daily Dividend option;;INF515L01684;1036.3030;1036.3030;1036.3030;15-Nov-2013
120280;Sahara Liquid Fund-Variable Pricing -Direct - Growth option;INF515L01718;;2255.3115;2255.3115;2255.3115;15-Nov-2013
120272;Sahara Liquid Fund-Variable Pricing -Direct - Weekly Dividend Option;;INF515L01692;1041.7264;1041.7264;1041.7264;15-Nov-2013
120273;Sahara Liquid Fund-Variable Pricing- Direct - Monthly Dividend Option;;INF515L01700;1047.5296;1047.5296;1047.5296;15-Nov-2013
101401;Sahara Liquid Fund-Variable Pricing- Monthly Dividend Option;;INF515L01106;1047.5296;1047.5296;1047.5296;15-Nov-2013

Open Ended Schemes ( Money Market )


quant Mutual Fund
103094;Escorts Mutual Fund Unclaimed Dundee Balanced Fund;;;0;0;0;15-Nov-2013
103093;Escorts Mutual Fund Unclaimed Dundee Corporate Bond Fund-Annual Dividend;;;0;0;0;15-Nov-2013
103089;Escorts Mutual Fund Unclaimed Dundee Corporate Bond Fund-Appreciation;;;0;0;0;15-Nov-2013
103092;Escorts Mutual Fund Unclaimed Dundee Corporate Bond Fund-Half Yearly Dividend;;;0;0;0;15-Nov-2013
103090;Escorts Mutual Fund Unclaimed Dundee Corporate Bond Fund-Monthly Dividend;;;0;0;0;15-Nov-2013
103091;Escorts Mutual Fund Unclaimed Dundee Corporate Bond Fund-Quarterly Dividend;;;0;0;0;15-Nov-2013
103041;Escorts Mutual Fund Unclaimed Dundee Liquidity Fund-Appreciation;;;0;0;0;15-Nov-2013
103042;Escorts Mutual Fund Unclaimed Dundee Liquidity Fund-Dividend;;;0;0;0;15-Nov-2013
103047;Escorts Mutual Fund Unclaimed Dundee PSU Bond Fund-Annual Dividend;;;0;0;0;15-Nov-2013
103043;Escorts Mutual Fund Unclaimed Dundee PSU Bond Fund-Appreciation;;;0;0;0;15-Nov-2013
103046;Escorts Mutual Fund Unclaimed Dundee PSU Bond Fund-Half Yearly Dividend;;;0;0;0;15-Nov-2013
103044;Escorts Mutual Fund Unclaimed Dundee PSU Bond Fund-Monthly Dividend;;;0;0;0;15-Nov-2013
103045;Escorts Mutual Fund Unclaimed Dundee PSU Bond Fund-Quarterly Dividend;;;0;0;0;15-Nov-2013
103033;Escorts Mutual Fund Unclaimed Dundee Sovereign Trust-Annual Dividend;;;0;0;0;15-Nov-2013
103029;Escorts Mutual Fund Unclaimed Dundee Sovereign Trust-Appreciation;;;0;0;0;15-Nov-2013
103032;Escorts Mutual Fund Unclaimed Dundee Sovereign Trust-Half Yearly Dividend;;;0;0;0;15-Nov-2013
103030;Escorts Mutual Fund Unclaimed Dundee Sovereign Trust-Monthly Dividend;;;0;0;0;15-Nov-2013
103095;Escorts Mutual Fund Unclaimed Dundee Tax Saver Fund;;;0;0;0;15-Nov-2013

Open Ended Schemes ( Equity Scheme - Multi Cap Fund )


quant Mutual Fund
100631;quant Multi Cap Fund-GROWTH OPTION - Regular Plan;INF966L01234;;65.3412;64.6878;65.3412;15-Nov-2013
120823;quant Multi Cap Fund-GROWTH OPTION-Direct Plan;INF966L01614;;65.2815;64.6287;65.2815;15-Nov-2013
120822;quant Multi Cap Fund-IDCW Option - Direct Plan;INF966L01598;INF966L01606;10.0762;9.9754;10.0762;15-Nov-2013
100630;quant Multi Cap Fund-IDCW Option - Regular Plan;INF966L01218;INF966L01226;10.0593;9.9587;10.0593;15-Nov-2013

Open Ended Schemes ( Equity Scheme - Large & Mid Cap Fund )


quant Mutual Fund
104515;quant Large & Mid Cap Fund - Bonus Option - Regular Plan;INF966L01424;;12.8763;12.7475;12.8763;15-Nov-2013
120824;quant Large & Mid Cap Fund - Bonus Option-Direct Plan;INF966L01655;;12.8763;12.7475;12.8763;15-Nov-2013
104513;quant Large & Mid Cap Fund - Growth Option;INF966L01341;;12.8714;12.7427;12.8714;15-Nov-2013
120826;quant Large & Mid Cap Fund - Growth Option-Direct Plan;INF966L01648;;12.9349;12.8056;12.9349;15-Nov-2013
120825;quant Large & Mid Cap Fund - IDCW Option - Direct Plan;INF966L01622;INF966L01630;9.9110;9.8119;9.9110;15-Nov-2013
104514;quant Large & Mid Cap Fund - IDCW Option - Regular Plan;INF966L01325;INF966L01333;9.9110;9.8119;9.9110;15-Nov-2013

Open Ended Schemes ( Equity Scheme - Mid Cap Fund )


quant Mutual Fund
120841;quant Mid Cap Fund - Growth Option - Direct Plan;INF966L01887;;32.4474;32.1229;32.4474;15-Nov-2013
101065;quant Mid Cap Fund - Growth Option - Regular Plan;INF966L01176;;32.3457;32.0222;32.3457;15-Nov-2013
120840;quant Mid Cap Fund - IDCW Option - Direct Plan;INF966L01861;INF966L01879;11.4482;11.3337;11.4482;15-Nov-2013
101066;quant Mid Cap Fund - IDCW Option - Regular Plan;INF966L01150;INF966L01168;11.4482;11.3337;11.4482;15-Nov-2013

Open Ended Schemes ( Equity Scheme - Small Cap Fund )


quant Mutual Fund
100177;quant Small Cap Fund - Growth - Regular Plan;INF966L01AA0;;36.2278;36.0467;36.2278;15-Nov-2013
120828;quant Small Cap Fund - Growth Option - Direct Plan;INF966L01689;;36.3587;36.1769;36.3587;15-Nov-2013
120827;quant Small Cap Fund - IDCW Option - Direct Plan;INF966L01663;INF966L01671;33.0875;32.9221;33.0875;15-Nov-2013
100176;quant Small Cap Fund - IDCW Option - Regular Plan;INF206A01022;INF966L01044;32.9726;32.8077;32.9726;15-Nov-2013

Open Ended Schemes ( Equity Scheme - Focused Fund )


quant Mutual Fund
109275;quant Focused Fund - Growth Option - Regular Plan;INF966L01374;;11.5386;11.4232;11.5386;15-Nov-2013
120834;quant Focused Fund - Growth Option-Direct Plan;INF966L01853;;11.3378;11.2244;11.3378;15-Nov-2013
120835;quant Focused Fund - IDCW Option - Direct Plan;INF966L01838;INF966L01846;11.4237;11.3095;11.4237;15-Nov-2013
109274;quant Focused Fund - IDCW Option - Regular Plan;INF966L01358;INF966L01366;11.4237;11.3095;11.4237;15-Nov-2013

Open Ended Schemes ( Equity Scheme - Sectoral/ Thematic )


quant Mutual Fund
106170;quant Infrastructure Fund - Growth Option;INF966L01523;;3.9913;3.9514;3.9913;15-Nov-2013
120833;quant Infrastructure Fund - Growth Option-Direct Plan;INF966L01721;;3.9914;3.9515;3.9914;15-Nov-2013
120832;quant Infrastructure Fund - IDCW Option - Direct Plan;INF966L01705;INF966L01713;3.9913;3.9514;3.9913;15-Nov-2013
106169;quant Infrastructure Fund - IDCW Option - Regular Plan;INF966L01507;INF966L01515;3.9805;3.9407;3.9805;15-Nov-2013

Open Ended Schemes ( Equity Scheme - ELSS )


quant Mutual Fund
120847;quant ELSS Tax Saver Fund - Growth Option - Direct Plan;INF966L01986;;33.6004;33.6004;33.6004;15-Nov-2013
100175;quant ELSS Tax Saver Fund - Growth Option - Regular Plan;INF966L01135;;33.3529;33.3529;33.3529;15-Nov-2013
120846;quant ELSS Tax Saver Fund - IDCW Option - Direct Plan;INF966L01960;INF966L01127;7.4396;7.4396;7.4396;15-Nov-2013
100174;quant ELSS Tax Saver Fund - IDCW Option - Regular Plan;INF966L01119;;7.4081;7.4081;7.4081;15-Nov-2013

Open Ended Schemes ( Debt Scheme - Overnight Fund )


SBI Mutual Fund
119831;SBI Overnight Fund - Direct Plan - Daily Income Distribution cum Capital Withdrawal Option (IDCW);;INF200K01TJ7;1009.9100;1009.9100;1009.9100;15-Nov-2013
119833;SBI OVERNIGHT FUND - DIRECT PLAN - GROWTH;INF200K01TK5;;2130.2590;2130.2590;2130.2590;15-Nov-2013
119832;SBI Overnight Fund - Direct Plan - Weekly Income Distribution cum Capital Withdrawal Option (IDCW);INF200K01TL3;INF200K01TM1;1032.5761;1032.5761;1032.5761;15-Nov-2013
114297;SBI Overnight Fund - Regular Plan - Daily Income Distribution cum Capital Withdrawal Option (IDCW);;INF200K01LN6;1009.9100;1009.9100;1009.9100;15-Nov-2013
101206;SBI OVERNIGHT FUND - REGULAR PLAN - GROWTH;INF200K01LQ9;;2127.4377;2127.4377;2127.4377;15-Nov-2013
103140;SBI Overnight Fund - Regular Plan - Weekly Income Distribution cum Capital Withdrawal Option (IDCW);INF200K01LO4;INF200K01LP1;1032.5672;1032.5672;1032.5672;15-Nov-2013

Open Ended Schemes ( Debt Scheme - Liquid Fund )


Axis Mutual Fund
120388;Axis Liquid Fund - Direct Plan - Daily IDCW;;INF846K01DA0;1000.1178;1000.1178;1000.1178;15-Nov-2013
120389;Axis Liquid Fund - Direct Plan - Growth Option;INF846K01CX4;;1375.2510;1375.2510;1375.2510;15-Nov-2013
120391;Axis Liquid Fund - Direct Plan - Monthly IDCW;INF846K01CY2;INF846K01CZ9;1005.5979;1005.5979;1005.5979;15-Nov-2013
120390;Axis Liquid Fund - Direct Plan - Weekly IDCW;INF846K01DB8;INF846K01DC6;1003.1126;1003.1126;1003.1126;15-Nov-2013
112211;Axis Liquid Fund - Regular Plan - Daily IDCW;;INF846K01420;1000.1178;1000.1178;1000.1178;15-Nov-2013
112210;Axis Liquid Fund - Regular Plan - Growth Option;INF846K01412;;1374.4539;1374.4539;1374.4539;15-Nov-2013
112213;Axis Liquid Fund - Regular Plan - Monthly IDCW;INF846K01453;INF846K01461;1005.5639;1005.5639;1005.5639;15-Nov-2013
112212;Axis Liquid Fund - Regular Plan - Weekly IDCW;INF846K01438;INF846K01446;1003.1040;1003.1040;1003.1040;15-Nov-2013
112712;Axis Liquid Fund - Retail Plan - Daily IDCW;;INF846K01362;1000.1178;1000.1178;1000.1178;15-Nov-2013
112713;Axis Liquid Fund - Retail Plan - Growth Option;INF846K01354;;1335.3496;1335.3496;1335.3496;15-Nov-2013
112714;Axis Liquid Fund - Retail Plan - Monthly IDCW;INF846K01396;INF846K01404;1005.2708;1005.2708;1005.2708;15-Nov-2013
112715;Axis Liquid Fund - Retail Plan - Weekly IDCW;INF846K01370;INF846K01388;1001.0667;1001.0667;1001.0667;15-Nov-2013

Canara Robeco Mutual Fund
118307;CANARA ROBECO LIQUID FUND - DIRECT PLAN - DAILY IDCW (Reinvestment);;INF760K01FS0;1005.5000;1005.5000;1005.5000;15-Nov-2013
118305;CANARA ROBECO LIQUID FUND - DIRECT PLAN - GROWTH OPTION;INF760K01FU6;;1509.3560;1509.3560;1509.3560;15-Nov-2013
118304;CANARA ROBECO LIQUID FUND - DIRECT PLAN - IDCW (Payout/Reinvestment);INF760K01FT8;;1080.6032;1080.6032;1080.6032;15-Nov-2013
118306;CANARA ROBECO LIQUID FUND - DIRECT PLAN - MONTHLY IDCW (Payout/Reinvestment);INF760K01FV4;INF760K01FW2;1004.4068;1004.4068;1004.4068;15-Nov-2013
118308;CANARA ROBECO LIQUID FUND - DIRECT PLAN - WEEKLY IDCW (Payout/Reinvestment);INF760K01FY8;INF760K01FX0;1000.5560;1000.5560;1000.5560;15-Nov-2013
109349;CANARA ROBECO LIQUID FUND - REGULAR PLAN - DAILY IDCW (Reinvestment);;INF760K01CU3;1005.5000;1005.5000;1005.5000;15-Nov-2013
109353;CANARA ROBECO LIQUID FUND - REGULAR PLAN - GROWTH OPTION;INF760K01CW9;;1508.5148;1508.5148;1508.5148;15-Nov-2013
109351;CANARA ROBECO LIQUID FUND - REGULAR PLAN - MONTHLY IDCW (Payout/Reinvestment);INF760K01CX7;INF760K01CY5;1004.2588;1004.2588;1004.2588;15-Nov-2013
109350;CANARA ROBECO LIQUID FUND - REGULAR PLAN - WEEKLY IDCW (Payout/Reinvestment);INF760K01BZ4;INF760K01CZ2;1000.5144;1000.5144;1000.5144;15-Nov-2013
101363;Canara Robeco Liquid Fund- INSTITUTIONAL-Daily Dividend Reinvestment;;INF760K01CC1;1005.5000;1005.5000;1005.5000;15-Nov-2013
101362;Canara Robeco Liquid Fund- INSTITUTIONAL-Growth;INF760K01CD9;;2224.2788;2224.2788;2224.2788;15-Nov-2013
101364;Canara Robeco Liquid Fund-Retail-DRI;;INF760K01CF4;1007.0000;1007.0000;1007.0000;15-Nov-2013
101365;Canara Robeco Liquid Fund-Retail-Growth;INF760K01CH0;;2182.2253;2182.2253;2182.2253;15-Nov-2013
109347;Canara Robeco Liquid Fund-Retail-Monthly Div Reinvest;;INF760K01CI8;1009.1388;1009.1388;1009.1388;15-Nov-2013
109356;Canara Robeco Liquid Fund-Retail-Weekly Div Reinvest;;INF760K01CJ6;1005.9311;1005.9311;1005.9311;15-Nov-2013

quant Mutual Fund
120837;quant Liquid Fund - Growth Option - Direct Plan;INF966L01820;;19.2181;19.2181;19.2181;15-Nov-2013
103225;quant Liquid Fund - Growth Option - Regular Plan;INF966L01317;;19.1837;19.1837;19.1837;15-Nov-2013
120838;quant Liquid Fund - Monthly IDCW Option - Direct Plan;INF966L01796;INF966L01812;15.1320;15.1320;15.1320;15-Nov-2013
103228;quant Liquid Fund - Monthly IDCW Option - Regular Plan;INF966L01291;INF966L01309;15.0921;15.0921;15.0921;15-Nov-2013
120839;quant Liquid Fund - Weekly IDCW Option - Direct Plan;INF966L01788;INF966L01804;13.4803;13.4803;13.4803;15-Nov-2013
103227;quant Liquid Fund - Weekly IDCW Option - Regular Plan;INF966L01499;INF966L01283;13.4803;13.4803;13.4803;15-Nov-2013
120836;quant Liquid Fund-Daily IDCW Option - Direct Plan;;INF966L01770;13.7799;13.7799;13.7799;15-Nov-2013
103226;quant Liquid Fund-Daily IDCW Option - Regular Plan;;INF966L01275;13.7422;13.7422;13.7422;15-Nov-2013

SBI Mutual Fund
119804;SBI Liquid Fund - Direct Paln - Fortnightly Income Distribution cum Capital Withdrawal Option (IDCW);INF200K01UR8;INF200K01US6;1013.3970;1013.3970;1013.3970;15-Nov-2013
119805;SBI Liquid Fund - Direct Plan - Daily Income Distribution cum Capital Withdrawal Option (IDCW);;INF200K01UQ0;1003.2500;1003.2500;1003.2500;15-Nov-2013
119799;SBI Liquid Fund - Direct Plan - Weekly Income Distribution cum Capital Withdrawal Option (IDCW);INF200K01UU2;INF200K01UV0;1062.6743;1062.6743;1062.6743;15-Nov-2013
119800;SBI Liquid Fund - DIRECT PLAN -Growth;INF200K01UT4;;1951.0072;1951.0072;1951.0072;15-Nov-2013
105274;SBI Liquid Fund - Institutional - Growth;INF200K01LU1;;1968.1688;1968.1688;1968.1688;15-Nov-2013
105275;SBI Liquid Fund - Institutional Daily Income Distribution cum Capital Withdrawal Option (IDCW);;INF200K01LR7;1003.2500;1003.2500;1003.2500;15-Nov-2013
105279;SBI Liquid Fund - Institutional Fortnightly Income Distribution cum Capital Withdrawal Option (IDCW);INF200K01LS5;INF200K01LT3;1024.7117;1024.7117;1024.7117;15-Nov-2013
105278;SBI Liquid Fund - Institutional Weekly Income Distribution cum Capital Withdrawal Option (IDCW);INF200K01LV9;INF200K01LW7;1061.9550;1061.9550;1061.9550;15-Nov-2013
105281;SBI Liquid Fund - Regular Plan - Daily Income Distribution cum Capital Withdrawal Option (IDCW);;INF200K01LX5;1003.2500;1003.2500;1003.2500;15-Nov-2013
105283;SBI Liquid Fund - Regular Plan - Fortnightly Income Distribution cum Capital Withdrawal Option (IDCW);INF200K01LY3;INF200K01LZ0;1013.3901;1013.3901;1013.3901;15-Nov-2013
105282;SBI Liquid Fund - Regular Plan - Weekly Income Distribution cum Capital Withdrawal Option (IDCW);INF200K01MB9;INF200K01MC7;1062.6654;1062.6654;1062.6654;15-Nov-2013
105280;SBI Liquid Fund - REGULAR PLAN -Growth;INF200K01MA1;;1949.8913;1949.8913;1949.8913;15-Nov-2013

Sundaram Mutual Fund
119690;Sundaram Money Fund Direct Plan - Bonus;INF903J01RL8;;16.0279;16.0279;16.0279;15-Nov-2013
119688;Sundaram Money Fund Direct Plan - Daily Reinvestment of Income Distribution cum Capital Withdrawal (IDCW);;INF903J01QA3;10.1025;10.1025;10.1025;15-Nov-2013
119692;Sundaram Money Fund Direct Plan - Fortnightly Reinvestment of Income Distribution cum Capital Withdrawal (IDCW);;INF903J01QB1;25.2819;25.2819;25.2819;15-Nov-2013
119686;Sundaram Money Fund Direct Plan - Growth;INF903J01QF2;;26.1732;26.1732;26.1732;15-Nov-2013
119687;Sundaram Money Fund Direct Plan - Monthly Income Distribution cum Capital Withdrawal (IDCW);INF903J01QC9;INF903J01QD7;10.5613;10.5613;10.5613;15-Nov-2013
119689;Sundaram Money Fund Direct Plan - Quarterly Reinvestment of Income Distribution cum Capital Withdrawal (IDCW);;INF903J01QE5;13.4748;13.4748;13.4748;15-Nov-2013
119691;Sundaram Money Fund Direct Plan - Weekly Reinvestment of Income Distribution cum Capital Withdrawal (IDCW);;INF903J01QG0;11.3647;11.3647;11.3647;15-Nov-2013
102701;Sundaram Money Fund Institutional Plan - Daily Reinvestment of Income Distribution cum Capital Withdrawal (IDCW);;INF903J01GP2;10.0953;10.0953;10.0953;15-Nov-2013
102703;Sundaram Money Fund Institutional Plan - Growth;INF903J01GN7;;25.5140;25.5140;25.5140;15-Nov-2013
118328;Sundaram Money Fund Regular Plan - Bonus;INF903J01MB0;;16.0188;16.0188;16.0188;15-Nov-2013
103392;Sundaram Money Fund Regular Plan - Daily Reinvestment of Income Distribution cum Capital Withdrawal (IDCW);;INF903J01GW8;10.0953;10.0953;10.0953;15-Nov-2013
103395;Sundaram Money Fund Regular Plan - Fortnightly Reinvestment of Income Distribution cum Capital Withdrawal (IDCW);;INF903J01GY4;10.7263;10.7263;10.7263;15-Nov-2013
103397;Sundaram Money Fund Regular Plan - Growth;INF903J01GU2;;26.1635;26.1635;26.1635;15-Nov-2013
103396;Sundaram Money Fund Regular Plan - Monthly Income Distribution cum Capital Withdrawal (IDCW);INF903J01GV0;INF903J01GZ1;10.4215;10.4215;10.4215;15-Nov-2013
103393;Sundaram Money Fund Regular Plan - Quarterly Reinvestment of Income Distribution cum Capital Withdrawal (IDCW);;INF903J01HA2;13.4722;13.4722;13.4722;15-Nov-2013
100620;Sundaram Money Fund Retail Plan - Daily Reinvestment of Income Distribution cum Capital Withdrawal (IDCW);;INF903J01GI7;10.0953;10.0953;10.0953;15-Nov-2013
100622;Sundaram Money Fund Retail Plan - Fortnightly Reinvestment of Income Distribution cum Capital Withdrawal (IDCW);;INF903J01GK3;10.6758;10.6758;10.6758;15-Nov-2013
100618;Sundaram Money Fund Retail Plan - Growth;INF903J01GG1;;24.4497;24.4497;24.4497;15-Nov-2013
100623;Sundaram Money Fund Retail Plan - Monthly Income Distribution cum Capital Withdrawal (IDCW);INF903J01GH9;INF903J01GL1;10.4344;10.4344;10.4344;15-Nov-2013
100619;Sundaram Money Fund Retail Plan - Quarterly Reinvestment of Income Distribution cum Capital Withdrawal (IDCW);;INF903J01GM9;13.6824;13.6824;13.6824;15-Nov-2013
100621;Sundaram Money Fund Retail Plan - Weekly Reinvestment of Income Distribution cum Capital Withdrawal (IDCW);;INF903J01GJ5;11.0901;11.0901;11.0901;15-Nov-2013
103394;Sundaram Money Fund Regular Plan - Weekly Reinvestment of Income Distribution cum Capital Withdrawal (IDCW);;INF903J01GX6;11.1308;11.1308;11.1308;15-Nov-2013

Taurus Mutual Fund
111915;Taurus Liquid Fund - Regular Plan - SI Growth Option;INF044D01534;;1340.1932;1340.1932;1340.1932;15-Nov-2013
113248;Taurus Liquid Fund - Regular Plan - SI Weekly Dividend Option;;INF044D01526;1000.2363;1000.2363;1000.2363;15-Nov-2013
111703;Taurus Liquid Fund - Regular Plan -SI Daily Dividend Option;;INF044D01518;1000.2620;1000.2620;1000.2620;15-Nov-2013
111547;Taurus Liquid Fund Insti DDRIP;;INF044D01484;1000.0905;1000.0905;1000.0905;15-Nov-2013
111760;Taurus Liquid Fund Insti Growth;INF044D01500;;1363.9749;1363.9749;1363.9749;15-Nov-2013
118891;Taurus Liquid Fund-Direct Plan-SI Daily Dividend Option;;INF044D01DI0;1000.2620;1000.2620;1000.2620;15-Nov-2013
118893;Taurus Liquid Fund-Direct Plan-SI Growth Option;INF044D01DK6;;1340.7948;1340.7948;1340.7948;15-Nov-2013
118892;Taurus Liquid Fund-Direct Plan-SI Weekly Dividend Option;;INF044D01DJ8;1000.2362;1000.2362;1000.2362;15-Nov-2013
104240;Taurus Liquid Fund-Dividend;INF044D01542;INF044D01559;1001.2175;1001.2175;1001.2175;15-Nov-2013
104241;Taurus Liquid Fund-Growth;INF044D01575;;1608.7079;1608.7079;1608.7079;15-Nov-2013

UTI Mutual Fund
120558;UTI Liquid Fund - Direct Plan - Daily IDCW (Reinvestment);;INF789F01XP8;1019.4457;1019.4457;1019.4457;15-Nov-2013
120794;UTI Liquid Fund - Direct Plan - Monthly IDCW;INF789F01XR4;INF789F01XS2;1028.8957;1028.8957;1028.8957;15-Nov-2013
120777;UTI Liquid Fund - Direct Plan - Weekly IDCW;;INF789F01XT0;1053.5605;1053.5605;1053.5605;15-Nov-2013
102010;UTI Liquid Fund - Regular Plan - Daily IDCW (Reinvestment);;INF789F01PG3;1019.4457;1019.4457;1019.4457;15-Nov-2013
102011;UTI Liquid Fund - Regular Plan - Monthly IDCW;INF789F01PI9;INF789F01PJ7;1028.8563;1028.8563;1028.8563;15-Nov-2013
102013;UTI Liquid Fund - Regular Plan - Weekly IDCW;;INF789F01PK5;1053.5519;1053.5519;1053.5519;15-Nov-2013
120304;UTI-  Liquid Cash Plan - Direct Plan - Growth Option;INF789F01XQ6;;2034.4079;2034.4079;2034.4079;15-Nov-2013
102012;UTI-  Liquid Cash Plan - Regular Plan - Growth Option;INF789F01PH1;;2032.633;2032.633;2032.633;15-Nov-2013
102008;UTI-  Liquid Cash Plan- Discontinued - Regular Plan - Monthly Dividend Option;INF789F01BC2;INF789F01BA6;1139.2097;1139.2097;0;15-Nov-2013
102009;UTI-  Liquid Cash Plan- Discontinued - Regular Plan -Growth;INF789F01BB4;;1963.4164;1963.4164;0;15-Nov-2013
102007;UTI-  Liquid Cash Plan- Discontinued -Regular Plan Periodic Dividend Option;;INF789F01AZ5;1135.4438;1135.4438;0;15-Nov-2013

Open Ended Schemes ( Debt Scheme - Ultra Short Duration Fund )


SBI Mutual Fund
119784;SBI Ultra Short Duration Fund - Direct Plan - Daily Income Distribution cum Capital Withdrawal Option (IDCW);;INF200K01TG3;1675.0300;1673.3550;1675.0300;15-Nov-2013
119828;SBI ULTRA SHORT DURATION FUND - DIRECT PLAN - GROWTH;INF200K01TF5;;2745.9659;2743.2199;2745.9659;15-Nov-2013
119829;SBI Ultra Short Duration Fund - Direct Plan - Weekly Income Distribution cum Capital Withdrawal Option (IDCW);INF200K01TH1;INF200K01TI9;1079.2193;1078.1401;1079.2193;15-Nov-2013
105080;SBI Ultra Short Duration Fund - Regular Plan - Daily Income Distribution cum Capital Withdrawal Option (IDCW);;INF200K01LK2;1675.0300;1673.3550;1675.0300;15-Nov-2013
100641;SBI ULTRA SHORT DURATION FUND - REGULAR PLAN - GROWTH;INF200K01LJ4;;2744.4698;2741.7253;2744.4698;15-Nov-2013
103884;SBI Ultra Short Duration Fund - Regular Plan - Weekly Income Distribution cum Capital Withdrawal Option (IDCW);INF200K01LM8;INF200K01LL0;1079.2016;1078.1224;1079.2016;15-Nov-2013

Open Ended Schemes ( Debt Scheme - Money Market Fund )


quant Mutual Fund
103465;Quant Money Market Fund-Dividend Option;INF966L01382;INF966L01390;14.6811;14.6811;14.6811;15-Nov-2013
120844;Quant Money Market Fund-Dividend Option-Direct Plan;INF966L01929;INF966L01937;14.6712;14.6712;14.6712;15-Nov-2013
103464;Quant Money Market Fund-Growth Option;INF966L01408;;18.7138;18.7138;18.7138;15-Nov-2013
120845;Quant Money Market Fund-Growth Option-Direct Plan;INF966L01945;;18.7612;18.7612;18.7612;15-Nov-2013

UTI Mutual Fund
120299;UTI MMF - Direct Plan - Growth Option;INF789F01XV6;;1390.0271;1390.0271;1390.0271;15-Nov-2013
112077;UTI MMF - Regular Plan - Growth Option;INF789F01PX8;;1388.8148;1388.8148;1388.8148;15-Nov-2013
100724;UTI MMF- Discontinued - Regular Plan - Flexi Dividend Option;;INF789F01BD0;2002.9139;2002.9139;0;15-Nov-2013
100725;UTI MMF- Discontinued - Regular Plan - Periodic Dividend Option;INF789F01BE8;;1993.467;1993.467;0;15-Nov-2013
100723;UTI MMF-Discontinued - Regular Plan -Growth;INF789F01BF5;;3397.0657;3397.0657;0;15-Nov-2013
120772;UTI Money Market Fund - Direct Plan - Daily IDCW (Reinvestment);;INF789F01XU8;1003.3854;1003.3854;1003.3854;15-Nov-2013
120793;UTI Money Market Fund - Direct Plan - Weekly IDCW;INF789F01XW4;INF789F01XX2;1015.0807;1015.0807;1015.0807;15-Nov-2013
112076;UTI Money Market Fund - Regular Plan - Daily IDCW (Reinvestment);;INF789F01PW0;1003.3854;1003.3854;1003.3854;15-Nov-2013
112635;UTI Money Market Fund - Regular Plan - Weekly IDCW;INF789F01PY6;INF789F01PZ3;1015.0724;1015.0724;1015.0724;15-Nov-2013

Open Ended Schemes ( Debt Scheme - Dynamic Bond )


quant Mutual Fund
100173;Quant Dynamic Bond-Bonus;INF966L01101;;21.3717;21.2648;21.3717;15-Nov-2013
120831;Quant Dynamic Bond-Bonus Option-Direct Plan;INF966L01762;;21.3717;21.2648;21.3717;15-Nov-2013
100171;Quant Dynamic Bond-Dividend;INF966L01077;INF966L01085;11.5643;11.5065;11.5643;15-Nov-2013
120829;Quant Dynamic Bond-Dividend Option-Direct Plan;INF966L01739;INF966L01747;11.5966;11.5386;11.5966;15-Nov-2013
100172;Quant Dynamic Bond-Growth;INF966L01093;;40.6497;40.4465;40.6497;15-Nov-2013
120830;Quant Dynamic Bond-Growth Option-Direct Plan;INF966L01754;;40.7828;40.5789;40.7828;15-Nov-2013

Open Ended Schemes ( Debt Scheme - Floater Fund )


Franklin Templeton Mutual Fund
118508;Franklin India Floating Rate Fund - Direct - Growth;INF090I01LK1;;20.0427;20.0427;20.0427;15-Nov-2013
118507;Franklin India Floating Rate Fund - Direct - IDCW ;INF090I01LL9;;10.0095;10.0095;10.0095;15-Nov-2013
101048;Franklin India Floating Rate Fund - Growth Plan;INF090I01LM7;;19.9448;19.9448;19.9448;15-Nov-2013
101044;Franklin India Floating Rate Fund - IDCW ;INF090I01LN5;;10.0085;10.0085;10.0085;15-Nov-2013

Open Ended Schemes ( Hybrid Scheme - Aggressive Hybrid Fund )


quant Mutual Fund
101070;quant Aggressive Hybrid Fund - Growth Option - Regular Plan;INF966L01267;;59.9707;59.3710;59.9707;15-Nov-2013
120819;quant Aggressive Hybrid Fund-Growth Option-Direct Plan;INF966L01556;;59.9707;59.3710;59.9707;15-Nov-2013
101069;quant Aggressive Hybrid Fund-IDCW Option - Regular Plan;INF966L01242;INF966L01259;11.2448;11.1324;11.2448;15-Nov-2013
120818;quant Aggressive Hybrid Fund-IDCW Option-Direct Plan;INF966L01531;INF966L01549;11.2714;11.1587;11.2714;15-Nov-2013

Open Ended Schemes ( Hybrid Scheme - Multi Asset Allocation )


quant Mutual Fund
120820;quant Multi Asset Allocation Fund - IDCW Option - Direct Plan;INF966L01564;INF966L01572;23.6608;23.5425;23.6608;15-Nov-2013
101071;quant Multi Asset Allocation Fund - IDCW Option - Regular Plan;INF966L01184;INF966L01192;23.6608;23.5425;23.6608;15-Nov-2013
101072;quant Multi Asset Allocation Fund-GROWTH OPTION - Regular Plan;INF966L01200;;25.8307;25.7015;25.8307;15-Nov-2013
120821;quant Multi Asset Allocation Fund-GROWTH OPTION-Direct Plan;INF966L01580;;25.8307;25.7015;25.8307;15-Nov-2013

Open Ended Schemes ( Equity Scheme - Flexi Cap Fund )


quant Mutual Fund
109830;quant Flexi Cap Fund - Growth Option - Regular Plan;INF966L01457;;9.5171;9.4219;9.5171;15-Nov-2013
120843;quant Flexi Cap Fund - Growth Option-Direct Plan;INF966L01911;;9.6006;9.5046;9.6006;15-Nov-2013
120842;quant Flexi Cap Fund - IDCW Option - Direct Plan;INF966L01895;INF966L01903;6.8395;6.7711;6.8395;15-Nov-2013
109831;quant Flexi Cap Fund - IDCW Option - Regular Plan;INF966L01432;INF966L01440;6.8165;6.7483;6.8165;15-Nov-2013

Close Ended Schemes ( Income )


ICICI Prudential Mutual Fund
116028;ICICI Prudential Multiple Yield Fund-Plan E Cumulative;INF109K01WZ0;;12.8309;N.A.;N.A.;15-Nov-2013
116027;ICICI Prudential Multiple Yield Fund-Plan E Dividend;INF109K01XA1;;11.0147;N.A.;N.A.;15-Nov-2013

quant Mutual Fund
109070;Escorts Fixed Maturity Plan - Dividend Option;;;0;0;0;15-Nov-2013
109071;Escorts Fixed Maturity Plan - Growth Option;;;0;0;0;15-Nov-2013
109514;Escorts Fixed Maturity Plan - Institutional Dividend;;;0;0;0;15-Nov-2013
109515;Escorts Fixed Maturity Plan - Institutional Growth;;;0;0;0;15-Nov-2013
114875;Escorts Fixed Maturity Plan Series II - Dividend;INF966L01028;;0;0;0;15-Nov-2013
114876;Escorts Fixed Maturity Plan Series II - Growth;INF966L01010;;0;0;0;15-Nov-2013

SBI Mutual Fund
114781;SBI Capital Protection Oriented Fund - Series II -;INF200K01ED2;;11.9617;N.A.;N.A.;15-Nov-2013
115824;SBI Capital Protection Oriented Fund - Series III - Growth;INF200K01IH4;;11.7098;N.A.;N.A.;15-Nov-2013
121468;SBI DEBT FUND SERIES - 13 MONTHS - 14 - DIRECT PLAN - DIVIDEND;INF200K01WZ7;;N.A.;N.A.;N.A.;15-Nov-2013
121469;SBI DEBT FUND SERIES - 13 MONTHS - 14 - DIRECT PLAN - GROWTH;INF200K01WY0;;10.6134;N.A.;N.A.;15-Nov-2013
121470;SBI DEBT FUND SERIES - 13 MONTHS - 14 - REGULAR PLAN - DIVIDEND;INF200K01WX2;;10.6060;N.A.;N.A.;15-Nov-2013
121471;SBI DEBT FUND SERIES - 13 MONTHS - 14 - REGULAR PLAN - GROWTH;INF200K01WW4;;10.6060;N.A.;N.A.;15-Nov-2013
121695;SBI DEBT FUND SERIES - 13 MONTHS - 15 - DIRECT PLAN - DIVIDEND;INF200K01XD2;;10.5927;N.A.;N.A.;15-Nov-2013
121696;SBI DEBT FUND SERIES - 13 MONTHS - 15 - REGULAR PLAN - DIVIDEND;INF200K01XB6;;10.5891;N.A.;N.A.;15-Nov-2013
121697;SBI DEBT FUND SERIES - 13 MONTHS - 15 - REGULAR PLAN - GROWTH;INF200K01XA8;;10.5897;N.A.;N.A.;15-Nov-2013
121698;SBI DEBT FUND SERIES - 13 MONTHS - 15- DIRECT PLAN - GROWTH;INF200K01XC4;;10.5927;N.A.;N.A.;15-Nov-2013
121305;SBI DEBT FUND SERIES - 14 MONTHS - 1 - DIRECT PLAN - DIVIDEND;INF200K01XH3;;10.6443;N.A.;N.A.;15-Nov-2013
121306;SBI DEBT FUND SERIES - 14 MONTHS - 1 - DIRECT PLAN - GROWTH;INF200K01XG5;;10.6442;N.A.;N.A.;15-Nov-2013
121303;SBI DEBT FUND SERIES - 14 MONTHS - 1 - REGULAR PLAN - DIVIDEND;INF200K01XF7;;10.6366;N.A.;N.A.;15-Nov-2013
121304;SBI DEBT FUND SERIES - 14 MONTHS - 1 - REGULAR PLAN - GROWTH;INF200K01XE0;;10.6366;N.A.;N.A.;15-Nov-2013
122015;SBI DEBT FUND SERIES - 14 MONTHS - 2 - DIRECT PLAN - DIVIDEND;INF200K01XL5;;10.5231;N.A.;N.A.;15-Nov-2013
122017;SBI DEBT FUND SERIES - 14 MONTHS - 2 - DIRECT PLAN - GROWTH;INF200K01XK7;;10.5231;N.A.;N.A.;15-Nov-2013
122016;SBI DEBT FUND SERIES - 14 MONTHS - 2 - REGULAR PLAN - DIVIDEND;INF200K01XJ9;;10.5197;N.A.;N.A.;15-Nov-2013
122018;SBI DEBT FUND SERIES - 14 MONTHS - 2 - REGULAR PLAN - GROWTH;INF200K01XI1;;10.5197;N.A.;N.A.;15-Nov-2013
117983;SBI DEBT FUND SERIES - 18 MONTHS - 11 - DIVIDEND;INF200K01PW8;;10.8725;N.A.;N.A.;15-Nov-2013
117984;SBI DEBT FUND SERIES - 18 MONTHS - 11 - GROWTH;INF200K01PV0;;10.8725;N.A.;N.A.;15-Nov-2013
125008;SBI DEBT FUND SERIES - 18 MONTHS - 12 - DIRECT PLAN - DIVIDEND;INF200KA1BL5;;10.0029;N.A.;N.A.;15-Nov-2013
125005;SBI DEBT FUND SERIES - 18 MONTHS - 12 - DIRECT PLAN - GROWTH;INF200KA1BK7;;10.0028;N.A.;N.A.;15-Nov-2013
125006;SBI DEBT FUND SERIES - 18 MONTHS - 12 - REGULAR PLAN - DIVIDEND;INF200KA1BJ9;;10.0006;N.A.;N.A.;15-Nov-2013
125007;SBI DEBT FUND SERIES - 18 MONTHS - 12 - REGULAR PLAN - GROWTH;INF200KA1BI1;;10.0006;N.A.;N.A.;15-Nov-2013
123474;SBI DEBT FUND SERIES - 180 DAYS - 26 - DIRECT PLAN - DIVIDEND;INF200K01YH1;;10.2976;N.A.;N.A.;15-Nov-2013
123477;SBI DEBT FUND SERIES - 180 DAYS - 26 - DIRECT PLAN - GROWTH;INF200K01YG3;;10.2976;N.A.;N.A.;15-Nov-2013
123475;SBI DEBT FUND SERIES - 180 DAYS - 26 - REGULAR PLAN - DIVIDEND;INF200K01KA5;;10.2962;N.A.;N.A.;15-Nov-2013
123476;SBI DEBT FUND SERIES - 180 DAYS - 26 - REGULAR PLAN - GROWTH;INF200K01JZ4;;10.2962;N.A.;N.A.;15-Nov-2013
115263;SBI SDFS - 36 MONTHS - 1 - DIVIDEND;INF200K01EC4;;11.0625;N.A.;N.A.;15-Nov-2013
115262;SBI SDFS - 36 MONTHS - 1 - GROWTH;INF200K01EB6;;12.5100;N.A.;N.A.;15-Nov-2013
120908;SBI DEBT FUND SERIES - 36 MONTHS - 2 - DIRECT PLAN - DIVIDEND;INF200K01QM7;;10.5447;N.A.;N.A.;15-Nov-2013
120911;SBI DEBT FUND SERIES - 36 MONTHS - 2 - DIRECT PLAN - GROWTH;INF200K01QL9;;10.5447;N.A.;N.A.;15-Nov-2013
120909;SBI DEBT FUND SERIES - 36 MONTHS - 2 - REGULAR PLAN - DIVIDEND;INF200K01QH7;;10.4952;N.A.;N.A.;15-Nov-2013
120910;SBI DEBT FUND SERIES - 36 MONTHS - 2 - REGULAR PLAN - GROWTH;INF200K01QG9;;10.4952;N.A.;N.A.;15-Nov-2013
123647;SBI DEBT FUND SERIES - 36 MONTHS - 4 - DIRECT PLAN - DIVIDEND;INF200KA1KF8;;10.3044;N.A.;N.A.;15-Nov-2013
123649;SBI DEBT FUND SERIES - 36 MONTHS - 4 - DIRECT PLAN - GROWTH;INF200KA1KE1;;10.3044;N.A.;N.A.;15-Nov-2013
123648;SBI DEBT FUND SERIES - 36 MONTHS - 4 - REGULAR PLAN - DIVIDEND;INF200KA1KD3;;10.3006;N.A.;N.A.;15-Nov-2013
123650;SBI DEBT FUND SERIES - 36 MONTHS - 4 - REGULAR PLAN - GROWTH;INF200KA1KC5;;10.3006;N.A.;N.A.;15-Nov-2013
124000;SBI DEBT FUND SERIES - 36 MONTHS - 5 - DIRECT PLAN - DIVIDEND;INF200K01D91;;N.A.;N.A.;N.A.;15-Nov-2013
124001;SBI DEBT FUND SERIES - 36 MONTHS - 5 - DIRECT PLAN - GROWTH;INF200K01D83;;10.1561;N.A.;N.A.;15-Nov-2013
124003;SBI DEBT FUND SERIES - 36 MONTHS - 5 - REGULAR PLAN - DIVIDEND;INF200K01D75;;10.1530;N.A.;N.A.;15-Nov-2013
124002;SBI DEBT FUND SERIES - 36 MONTHS - 5 - REGULAR PLAN - GROWTH;INF200K01D67;;10.1530;N.A.;N.A.;15-Nov-2013
124373;SBI DEBT FUND SERIES - 36 MONTHS - 6 - DIRECT PLAN - DIVIDEND;INF200KA1KZ6;;10.1088;N.A.;N.A.;15-Nov-2013
124374;SBI DEBT FUND SERIES - 36 MONTHS - 6 - DIRECT PLAN - GROWTH;INF200KA1KY9;;10.1088;N.A.;N.A.;15-Nov-2013
124375;SBI DEBT FUND SERIES - 36 MONTHS - 6 - REGULAR PLAN - DIVIDEND;INF200KA1KX1;;10.1022;N.A.;N.A.;15-Nov-2013
124376;SBI DEBT FUND SERIES - 36 MONTHS - 6 - REGULAR PLAN - GROWTH;INF200KA1KW3;;10.1022;N.A.;N.A.;15-Nov-2013
118011;SBI DEBT FUND SERIES - 366 DAYS - 18 - DIVIDEND;INF200K01PM9;;10.8266;N.A.;N.A.;15-Nov-2013
118012;SBI DEBT FUND SERIES - 366 DAYS - 18 - GROWTH;INF200K01PL1;;10.8266;N.A.;N.A.;15-Nov-2013
118218;SBI DEBT FUND SERIES - 366 DAYS - 19 - DIVIDEND;INF200K01PO5;;10.7885;N.A.;N.A.;15-Nov-2013
118219;SBI DEBT FUND SERIES - 366 DAYS - 19 - GROWTH;INF200K01PN7;;10.7885;N.A.;N.A.;15-Nov-2013
118352;SBI DEBT FUND SERIES - 366 DAYS - 20 - DIVIDEND;INF200K01PQ0;;10.7393;N.A.;N.A.;15-Nov-2013
118351;SBI DEBT FUND SERIES - 366 DAYS - 20 - GROWTH;INF200K01PP2;;10.7386;N.A.;N.A.;15-Nov-2013
118333;SBI DEBT FUND SERIES - 366 DAYS - 21 - DIVIDEND;INF200K01PS6;;10.7463;N.A.;N.A.;15-Nov-2013
118334;SBI DEBT FUND SERIES - 366 DAYS - 21 - GROWTH;INF200K01PR8;;10.7521;N.A.;N.A.;15-Nov-2013
121395;SBI DEBT FUND SERIES - 366 DAYS - 22 - DIRECT PLAN - DIVIDEND;INF200K01YP4;;N.A.;N.A.;N.A.;15-Nov-2013
121396;SBI DEBT FUND SERIES - 366 DAYS - 22 - DIRECT PLAN - GROWTH;INF200K01YO7;;10.6514;N.A.;N.A.;15-Nov-2013
121397;SBI DEBT FUND SERIES - 366 DAYS - 22 - REGULAR PLAN - DIVIDEND;INF200K01PU2;;10.6437;N.A.;N.A.;15-Nov-2013
121398;SBI DEBT FUND SERIES - 366 DAYS - 22 - REGULAR PLAN - GROWTH;INF200K01PT4;;10.6437;N.A.;N.A.;15-Nov-2013
121923;SBI DEBT FUND SERIES - 366 DAYS - 23 - DIRECT PLAN - DIVIDEND;INF200K01VX4;;10.5515;N.A.;N.A.;15-Nov-2013
121924;SBI DEBT FUND SERIES - 366 DAYS - 23 - DIRECT PLAN - GROWTH;INF200K01VW6;;10.5515;N.A.;N.A.;15-Nov-2013
121926;SBI DEBT FUND SERIES - 366 DAYS - 23 - REGULAR PLAN - DIVIDEND;INF200K01VV8;;10.5480;N.A.;N.A.;15-Nov-2013
121925;SBI DEBT FUND SERIES - 366 DAYS - 23 - REGULAR PLAN - GROWTH;INF200K01VU0;;10.5480;N.A.;N.A.;15-Nov-2013
122011;SBI DEBT FUND SERIES - 366 DAYS - 24 - DIRECT PLAN - DIVIDEND;INF200K01WB8;;10.5313;N.A.;N.A.;15-Nov-2013
122012;SBI DEBT FUND SERIES - 366 DAYS - 24 - DIRECT PLAN - GROWTH;INF200K01WA0;;10.5311;N.A.;N.A.;15-Nov-2013
122013;SBI DEBT FUND SERIES - 366 DAYS - 24 - REGULAR PLAN - DIVIDEND;INF200K01VZ9;;10.5277;N.A.;N.A.;15-Nov-2013
122014;SBI DEBT FUND SERIES - 366 DAYS - 24 - REGULAR PLAN - GROWTH;INF200K01VY2;;10.5277;N.A.;N.A.;15-Nov-2013
122145;SBI DEBT FUND SERIES - 366 DAYS - 25 - DIRECT PLAN - DIVIDEND;INF200K01WF9;;10.4962;N.A.;N.A.;15-Nov-2013
122146;SBI DEBT FUND SERIES - 366 DAYS - 25 - DIRECT PLAN - GROWTH;INF200K01WE2;;10.4962;N.A.;N.A.;15-Nov-2013
122147;SBI DEBT FUND SERIES - 366 DAYS - 25 - REGULAR PLAN - DIVIDEND;INF200K01WD4;;10.4929;N.A.;N.A.;15-Nov-2013
122144;SBI DEBT FUND SERIES - 366 DAYS - 25 - REGULAR PLAN - GROWTH;INF200K01WC6;;10.4929;N.A.;N.A.;15-Nov-2013
122253;SBI DEBT FUND SERIES - 366 DAYS - 26 - DIRECT PLAN - DIVIDEND;INF200K01WJ1;;10.4320;N.A.;N.A.;15-Nov-2013
122254;SBI DEBT FUND SERIES - 366 DAYS - 26 - DIRECT PLAN - GROWTH;INF200K01WI3;;10.4320;N.A.;N.A.;15-Nov-2013
122255;SBI DEBT FUND SERIES - 366 DAYS - 26 - REGULAR PLAN - DIVIDEND;INF200K01WH5;;10.4289;N.A.;N.A.;15-Nov-2013
122256;SBI DEBT FUND SERIES - 366 DAYS - 26 - REGULAR PLAN - GROWTH;INF200K01WG7;;10.4289;N.A.;N.A.;15-Nov-2013
122348;SBI DEBT FUND SERIES - 366 DAYS - 27 - DIRECT PLAN - DIVIDEND;INF200K01WN3;;10.4150;N.A.;N.A.;15-Nov-2013
122349;SBI DEBT FUND SERIES - 366 DAYS - 27 - DIRECT PLAN - GROWTH;INF200K01WM5;;10.4150;N.A.;N.A.;15-Nov-2013
122346;SBI DEBT FUND SERIES - 366 DAYS - 27 - REGULAR PLAN - DIVIDEND;INF200K01WL7;;10.4121;N.A.;N.A.;15-Nov-2013
122347;SBI DEBT FUND SERIES - 366 DAYS - 27 - REGULAR PLAN - GROWTH;INF200K01WK9;;10.4121;N.A.;N.A.;15-Nov-2013
122406;SBI DEBT FUND SERIES - 366 DAYS - 28 - DIRECT PLAN - DIVIDEND;INF200K01WR4;;10.4255;N.A.;N.A.;15-Nov-2013
122407;SBI DEBT FUND SERIES - 366 DAYS - 28 - DIRECT PLAN - GROWTH;INF200K01WQ6;;10.4255;N.A.;N.A.;15-Nov-2013
122405;SBI DEBT FUND SERIES - 366 DAYS - 28 - REGULAR PLAN - DIVIDEND;INF200K01WP8;;10.4225;N.A.;N.A.;15-Nov-2013
122408;SBI DEBT FUND SERIES - 366 DAYS - 28 - REGULAR PLAN - GROWTH;INF200K01WO1;;10.4225;N.A.;N.A.;15-Nov-2013
122619;SBI DEBT FUND SERIES - 366 DAYS - 29 - DIRECT PLAN - DIVIDEND;INF200K01WV6;;N.A.;N.A.;N.A.;15-Nov-2013
122621;SBI DEBT FUND SERIES - 366 DAYS - 29 - DIRECT PLAN - GROWTH;INF200K01WU8;;10.3004;N.A.;N.A.;15-Nov-2013
122620;SBI DEBT FUND SERIES - 366 DAYS - 29 - REGULAR PLAN - DIVIDEND;INF200K01WT0;;10.2981;N.A.;N.A.;15-Nov-2013
122622;SBI DEBT FUND SERIES - 366 DAYS - 29 - REGULAR PLAN - GROWTH;INF200K01WS2;;10.2981;N.A.;N.A.;15-Nov-2013
122788;SBI DEBT FUND SERIES - 366 DAYS - 30 - DIRECT PLAN - DIVIDEND;INF200K01YX8;;10.2558;N.A.;N.A.;15-Nov-2013
122790;SBI DEBT FUND SERIES - 366 DAYS - 30 - DIRECT PLAN - GROWTH;INF200K01YW0;;10.2558;N.A.;N.A.;15-Nov-2013
122791;SBI DEBT FUND SERIES - 366 DAYS - 30 - REGULAR PLAN - DIVIDEND;INF200K01YV2;;10.2537;N.A.;N.A.;15-Nov-2013
122789;SBI DEBT FUND SERIES - 366 DAYS - 30 - REGULAR PLAN - GROWTH;INF200K01YU4;;10.2537;N.A.;N.A.;15-Nov-2013
122812;SBI DEBT FUND SERIES - 366 DAYS - 31 - DIRECT PLAN - DIVIDEND;INF200K01ZB1;;10.2451;N.A.;N.A.;15-Nov-2013
122813;SBI DEBT FUND SERIES - 366 DAYS - 31 - DIRECT PLAN - GROWTH;INF200K01ZA3;;10.2451;N.A.;N.A.;15-Nov-2013
122814;SBI DEBT FUND SERIES - 366 DAYS - 31 - REGULAR PLAN - DIVIDEND;INF200K01YZ3;;10.2430;N.A.;N.A.;15-Nov-2013
122815;SBI DEBT FUND SERIES - 366 DAYS - 31 - REGULAR PLAN - GROWTH;INF200K01YY6;;10.2430;N.A.;N.A.;15-Nov-2013
122907;SBI DEBT FUND SERIES - 366 DAYS - 32 - DIRECT PLAN - DIVIDEND;INF200K01ZF2;;10.1894;N.A.;N.A.;15-Nov-2013
122905;SBI DEBT FUND SERIES - 366 DAYS - 32 - DIRECT PLAN - GROWTH;INF200K01ZE5;;10.1894;N.A.;N.A.;15-Nov-2013
122908;SBI DEBT FUND SERIES - 366 DAYS - 32 - REGULAR PLAN - DIVIDEND;INF200K01ZD7;;10.1877;N.A.;N.A.;15-Nov-2013
122906;SBI DEBT FUND SERIES - 366 DAYS - 32 - REGULAR PLAN - GROWTH;INF200K01ZC9;;10.1877;N.A.;N.A.;15-Nov-2013
122991;SBI DEBT FUND SERIES - 366 DAYS - 33 - DIRECT PLAN - DIVIDEND;INF200K01ZJ4;;10.2674;N.A.;N.A.;15-Nov-2013
122994;SBI DEBT FUND SERIES - 366 DAYS - 33 - DIRECT PLAN - GROWTH;INF200K01ZI6;;10.2674;N.A.;N.A.;15-Nov-2013
122993;SBI DEBT FUND SERIES - 366 DAYS - 33 - REGULAR PLAN - DIVIDEND;INF200K01ZH8;;10.2658;N.A.;N.A.;15-Nov-2013
122992;SBI DEBT FUND SERIES - 366 DAYS - 33 - REGULAR PLAN - GROWTH;INF200K01ZG0;;10.2658;N.A.;N.A.;15-Nov-2013
123167;SBI DEBT FUND SERIES - 366 DAYS - 34 - DIRECT PLAN - DIVIDEND;INF200K015P1;;10.2871;N.A.;N.A.;15-Nov-2013
123169;SBI DEBT FUND SERIES - 366 DAYS - 34 - DIRECT PLAN - GROWTH;INF200K014P4;;10.2871;N.A.;N.A.;15-Nov-2013
123170;SBI DEBT FUND SERIES - 366 DAYS - 34 - REGULAR PLAN - DIVIDEND;INF200K013P6;;10.2829;N.A.;N.A.;15-Nov-2013
123168;SBI DEBT FUND SERIES - 366 DAYS - 34 - REGULAR PLAN - GROWTH;INF200K012P8;;10.2829;N.A.;N.A.;15-Nov-2013
123321;SBI DEBT FUND SERIES - 366 DAYS - 35 - DIRECT PLAN - DIVIDEND;INF200K017O0;;10.2855;N.A.;N.A.;15-Nov-2013
123324;SBI DEBT FUND SERIES - 366 DAYS - 35 - DIRECT PLAN - GROWTH;INF200K016O2;;10.2855;N.A.;N.A.;15-Nov-2013
123323;SBI DEBT FUND SERIES - 366 DAYS - 35 - REGULAR PLAN - DIVIDEND;INF200K015O4;;10.2816;N.A.;N.A.;15-Nov-2013
123322;SBI DEBT FUND SERIES - 366 DAYS - 35 - REGULAR PLAN - GROWTH;INF200K014O7;;10.2816;N.A.;N.A.;15-Nov-2013
123497;SBI DEBT FUND SERIES - 366 DAYS - 36 - DIRECT PLAN - DIVIDEND;INF200K019P3;;10.3105;N.A.;N.A.;15-Nov-2013
123494;SBI DEBT FUND SERIES - 366 DAYS - 36 - DIRECT PLAN - GROWTH;INF200K018P5;;10.3105;N.A.;N.A.;15-Nov-2013
123496;SBI DEBT FUND SERIES - 366 DAYS - 36 - REGULAR PLAN - DIVIDEND;INF200K017P7;;10.3071;N.A.;N.A.;15-Nov-2013
123495;SBI DEBT FUND SERIES - 366 DAYS - 36 - REGULAR PLAN - GROWTH;INF200K016P9;;10.3071;N.A.;N.A.;15-Nov-2013
123728;SBI DEBT FUND SERIES - 366 DAYS - 37 - DIRECT PLAN - DIVIDEND;INF200K011R6;;10.3064;N.A.;N.A.;15-Nov-2013
123729;SBI DEBT FUND SERIES - 366 DAYS - 37 - DIRECT PLAN - GROWTH;INF200K010R8;;10.3064;N.A.;N.A.;15-Nov-2013
123731;SBI DEBT FUND SERIES - 366 DAYS - 37 - REGULAR PLAN - DIVIDEND;INF200K019Q1;;10.3036;N.A.;N.A.;15-Nov-2013
123730;SBI DEBT FUND SERIES - 366 DAYS - 37 - REGULAR PLAN - GROWTH;INF200K018Q3;;10.3036;N.A.;N.A.;15-Nov-2013
123996;SBI DEBT FUND SERIES - 366 DAYS - 38 - DIRECT PLAN - DIVIDEND;INF200K015R7;;10.3067;N.A.;N.A.;15-Nov-2013
123997;SBI DEBT FUND SERIES - 366 DAYS - 38 - DIRECT PLAN - GROWTH;INF200K014R0;;10.3067;N.A.;N.A.;15-Nov-2013
123998;SBI DEBT FUND SERIES - 366 DAYS - 38 - REGULAR PLAN - DIVIDEND;INF200K013R2;;10.3042;N.A.;N.A.;15-Nov-2013
123999;SBI DEBT FUND SERIES - 366 DAYS - 38 - REGULAR PLAN - GROWTH;INF200K012R4;;10.3042;N.A.;N.A.;15-Nov-2013
124369;SBI DEBT FUND SERIES - 366 DAYS - 39 - DIRECT PLAN - DIVIDEND;INF200K013S0;;10.2338;N.A.;N.A.;15-Nov-2013
124370;SBI DEBT FUND SERIES - 366 DAYS - 39 - DIRECT PLAN - GROWTH;INF200K012S2;;10.2338;N.A.;N.A.;15-Nov-2013
124371;SBI DEBT FUND SERIES - 366 DAYS - 39 - REGULAR PLAN - DIVIDEND;INF200K011S4;;10.2307;N.A.;N.A.;15-Nov-2013
124372;SBI DEBT FUND SERIES - 366 DAYS - 39 - REGULAR PLAN - GROWTH;INF200K010S6;;10.2307;N.A.;N.A.;15-Nov-2013
124527;SBI DEBT FUND SERIES - 366 DAYS - 40 - DIRECT PLAN - DIVIDEND;INF200K015T3;;10.2040;N.A.;N.A.;15-Nov-2013
124525;SBI DEBT FUND SERIES - 366 DAYS - 40 - DIRECT PLAN - GROWTH;INF200K014T6;;10.2040;N.A.;N.A.;15-Nov-2013
124526;SBI DEBT FUND SERIES - 366 DAYS - 40 - REGULAR PLAN - DIVIDEND;INF200K013T8;;10.2005;N.A.;N.A.;15-Nov-2013
124528;SBI DEBT FUND SERIES - 366 DAYS - 40 - REGULAR PLAN - GROWTH;INF200K012T0;;10.2005;N.A.;N.A.;15-Nov-2013
124726;SBI DEBT FUND SERIES - 366 DAYS - 41 - DIRECT PLAN - DIVIDEND;INF200K010U2;;10.1451;N.A.;N.A.;15-Nov-2013
124728;SBI DEBT FUND SERIES - 366 DAYS - 41 - DIRECT PLAN - GROWTH;INF200K019T5;;10.1451;N.A.;N.A.;15-Nov-2013
124727;SBI DEBT FUND SERIES - 366 DAYS - 41 - REGULAR PLAN - DIVIDEND;INF200K018T7;;10.1422;N.A.;N.A.;15-Nov-2013
124729;SBI DEBT FUND SERIES - 366 DAYS - 41 - REGULAR PLAN - GROWTH;INF200K016T1;;10.1422;N.A.;N.A.;15-Nov-2013
124938;SBI DEBT FUND SERIES - 366 DAYS - 42 - DIRECT PLAN - DIVIDEND;INF200K012V6;;10.0426;N.A.;N.A.;15-Nov-2013
124940;SBI DEBT FUND SERIES - 366 DAYS - 42 - DIRECT PLAN - GROWTH;INF200K011V8;;10.0426;N.A.;N.A.;15-Nov-2013
124939;SBI DEBT FUND SERIES - 366 DAYS - 42 - REGULAR PLAN - DIVIDEND;INF200K010V0;;10.0406;N.A.;N.A.;15-Nov-2013
124941;SBI DEBT FUND SERIES - 366 DAYS - 42 - REGULAR PLAN - GROWTH;INF200K019U3;;10.0406;N.A.;N.A.;15-Nov-2013
125138;SBI DEBT FUND SERIES - 366 DAYS - 43 - DIRECT PLAN - DIVIDEND;INF200K01C35;;10.0180;N.A.;N.A.;15-Nov-2013
125139;SBI DEBT FUND SERIES - 366 DAYS - 43 - DIRECT PLAN - GROWTH;INF200K01C27;;10.0180;N.A.;N.A.;15-Nov-2013
125140;SBI DEBT FUND SERIES - 366 DAYS - 43 - REGULAR PLAN - DIVIDEND;INF200K01C19;;10.0171;N.A.;N.A.;15-Nov-2013
125141;SBI DEBT FUND SERIES - 366 DAYS - 43 - REGULAR PLAN - GROWTH;INF200K01C01;;10.0171;N.A.;N.A.;15-Nov-2013
125243;SBI DEBT FUND SERIES - 366 DAYS - 44 - DIRECT PLAN - DIVIDEND;INF200K011X4;;10.0039;N.A.;N.A.;15-Nov-2013
125244;SBI DEBT FUND SERIES - 366 DAYS - 44 - DIRECT PLAN - GROWTH;INF200K010X6;;10.0039;N.A.;N.A.;15-Nov-2013
125246;SBI DEBT FUND SERIES - 366 DAYS - 44 - REGULAR PLAN - DIVIDEND;INF200K019W9;;10.0032;N.A.;N.A.;15-Nov-2013
125245;SBI DEBT FUND SERIES - 366 DAYS - 44 - REGULAR PLAN - GROWTH;INF200K018W1;;10.0032;N.A.;N.A.;15-Nov-2013
113321;SBI Debt Fund Series - 60 Months - 1 - Dividend;INF200K01CQ8;;12.5044;N.A.;N.A.;15-Nov-2013
113401;SBI Debt Fund Series - 60 Months - 1 - Growth;INF200K01CP0;;12.5043;N.A.;N.A.;15-Nov-2013
118220;SBI DEBT FUND SERIES - 60 MONTHS - 2 - DIVIDEND;INF200K01QD6;;10.4569;N.A.;N.A.;15-Nov-2013
118221;SBI DEBT FUND SERIES - 60 MONTHS - 2 - GROWTH;INF200K01QC8;;10.4569;N.A.;N.A.;15-Nov-2013
120901;SBI DEBT FUND SERIES - 60 MONTHS - 3 - DIRECT PLAN - DIVIDEND;INF200K01QQ8;;10.3761;N.A.;N.A.;15-Nov-2013
120900;SBI DEBT FUND SERIES - 60 MONTHS - 3 - DIRECT PLAN - GROWTH;INF200K01QP0;;10.3761;N.A.;N.A.;15-Nov-2013
120899;SBI DEBT FUND SERIES - 60 MONTHS - 3 - REGULAR PLAN - DIVIDEND;INF200K01QF1;;10.3324;N.A.;N.A.;15-Nov-2013
120898;SBI DEBT FUND SERIES - 60 MONTHS - 3 - REGULAR PLAN - GROWTH;INF200K01QE4;;10.3325;N.A.;N.A.;15-Nov-2013
124535;SBI DEBT FUND SERIES - 90 DAYS - 78 - DIRECT PLAN - DIVIDEND;INF200K01YD0;;10.1469;N.A.;N.A.;15-Nov-2013
124537;SBI DEBT FUND SERIES - 90 DAYS - 78 - DIRECT PLAN - GROWTH;INF200K01YC2;;10.1469;N.A.;N.A.;15-Nov-2013
124536;SBI DEBT FUND SERIES - 90 DAYS - 78 - REGULAR PLAN - DIVIDEND;INF200K01OS9;;10.1446;N.A.;N.A.;15-Nov-2013
124538;SBI DEBT FUND SERIES - 90 DAYS - 78 - REGULAR PLAN - GROWTH;INF200K01OR1;;10.1446;N.A.;N.A.;15-Nov-2013
124886;SBI DEBT FUND SERIES - 90 DAYS - 79 - DIRECT PLAN - DIVIDEND;INF200K01YF5;;10.0925;N.A.;N.A.;15-Nov-2013
124887;SBI DEBT FUND SERIES - 90 DAYS - 79 - DIRECT PLAN - GROWTH;INF200K01YE8;;10.0925;N.A.;N.A.;15-Nov-2013
124888;SBI DEBT FUND SERIES - 90 DAYS - 79 - REGULAR PLAN - DIVIDEND;INF200K01OU5;;10.0914;N.A.;N.A.;15-Nov-2013
124889;SBI DEBT FUND SERIES - 90 DAYS - 79 - REGULAR PLAN - GROWTH;INF200K01OT7;;10.0914;N.A.;N.A.;15-Nov-2013
125239;SBI DEBT FUND SERIES - 90 DAYS - 80 - DIRECT PLAN - DIVIDEND;INF200K01F57;;10.0316;N.A.;N.A.;15-Nov-2013
125241;SBI DEBT FUND SERIES - 90 DAYS - 80 - DIRECT PLAN - GROWTH;INF200K01F40;;10.0316;N.A.;N.A.;15-Nov-2013
125240;SBI DEBT FUND SERIES - 90 DAYS - 80 - REGULAR PLAN - DIVIDEND;INF200K01F32;;10.0311;N.A.;N.A.;15-Nov-2013
125242;SBI DEBT FUND SERIES - 90 DAYS - 80 - REGULAR PLAN - GROWTH;INF200K01F24;;10.0311;N.A.;N.A.;15-Nov-2013
