Scheme Code;Scheme Name;ISIN Div Payout/ISIN Growth;ISIN Div Reinvestment;Net Asset Value;Repurchase Price;Sale Price;Date

Open Ended Schemes ( Liquid )


Sahara Mutual Fund
101397;Sahara Liquid Fund-Fixed Pricing -  Weekly Dividend Option;;INF515L01064;1027.4373;1027.4373;1027.4373;21-Apr-2018
101393;Sahara Liquid Fund-Fixed Pricing - Daily Dividend Option;;INF515L01049;1212.7848;1212.7848;1212.7848;21-Apr-2018
120265;Sahara Liquid Fund-Fixed Pricing - Direct - Weekly Dividend Option;;INF515L01668;1027.4373;1027.4373;1027.4373;21-Apr-2018
120262;Sahara Liquid Fund-Fixed Pricing - Direct -Growth option;INF515L01650;;2970.8089;2970.8089;2970.8089;21-Apr-2018
101394;Sahara Liquid Fund-Fixed Pricing - Growth option;INF515L01056;;2967.8240;2967.8240;2967.8240;21-Apr-2018
101398;Sahara Liquid Fund-Fixed Pricing - Monthly Dividend Option;;INF515L01072;1043.3721;1043.3721;1043.3721;21-Apr-2018
120253;Sahara Liquid Fund-Fixed Pricing -Direct - Daily Dividend Option- Direct;;INF515L01643;1212.7848;1212.7848;1212.7848;21-Apr-2018
120266;Sahara Liquid Fund-Fixed Pricing -Direct - Monthly Dividend Option;;INF515L01676;1043.3721;1043.3721;1043.3721;21-Apr-2018
101399;Sahara Liquid Fund-Variable Pricing - Daily Dividend option;;INF515L01080;1222.1013;1222.1013;1222.1013;21-Apr-2018
101402;Sahara Liquid Fund-Variable Pricing - Growth option;INF515L01114;;3031.0901;3031.0901;3031.0901;21-Apr-2018
101400;Sahara Liquid Fund-Variable Pricing - Weekly Dividend Option;;INF515L01098;1230.3034;1230.3034;1230.3034;21-Apr-2018
120271;Sahara Liquid Fund-Variable Pricing -Direct - Daily Dividend option;;INF515L01684;1038.8267;1038.8267;1038.8267;21-Apr-2018
120280;Sahara Liquid Fund-Variable Pricing -Direct - Growth option;INF515L01718;;3036.4739;3036.4739;3036.4739;21-Apr-2018
120272;Sahara Liquid Fund-Variable Pricing -Direct - Weekly Dividend Option;;INF515L01692;1230.3034;1230.3034;1230.3034;21-Apr-2018
120273;Sahara Liquid Fund-Variable Pricing- Direct - Monthly Dividend Option;;INF515L01700;1055.8972;1055.8972;1055.8972;21-Apr-2018
101401;Sahara Liquid Fund-Variable Pricing- Monthly Dividend Option;;INF515L01106;1243.8848;1243.8848;1243.8848;21-Apr-2018

Open Ended Schemes ( Debt Scheme - Overnight Fund )


SBI Mutual Fund
119831;SBI Overnight Fund - Direct Plan - Daily Income Distribution cum Capital Withdrawal Option (IDCW);;INF200K01TJ7;1009.9100;1007.8902;1009.9100;21-Apr-2018
119833;SBI OVERNIGHT FUND - DIRECT PLAN - GROWTH;INF200K01TK5;;2918.9749;2913.1370;2918.9749;21-Apr-2018
119832;SBI Overnight Fund - Direct Plan - Weekly Income Distribution cum Capital Withdrawal Option (IDCW);INF200K01TL3;INF200K01TM1;1031.1904;1029.1280;1031.1904;21-Apr-2018
114297;SBI Overnight Fund - Regular Plan - Daily Income Distribution cum Capital Withdrawal Option (IDCW);;INF200K01LN6;1009.9100;1007.8902;1009.9100;21-Apr-2018
101206;SBI OVERNIGHT FUND - REGULAR PLAN - GROWTH;INF200K01LQ9;;2896.3343;2890.5416;2896.3343;21-Apr-2018
103140;SBI Overnight Fund - Regular Plan - Weekly Income Distribution cum Capital Withdrawal Option (IDCW);INF200K01LO4;INF200K01LP1;1031.1903;1029.1279;1031.1903;21-Apr-2018

Open Ended Schemes ( Debt Scheme - Liquid Fund )


Aditya Birla Sun Life Mutual Fund
100047;Aditya Birla Sun Life Liquid Fund - Growth;INF209K01RU9;;279.3545;279.3545;279.3545;21-Apr-2018
119568;Aditya Birla Sun Life Liquid Fund - Growth - Direct Plan;INF209K01VA3;;280.4539;280.4539;280.4539;21-Apr-2018
100046;Aditya Birla Sun Life Liquid Fund -Daily IDCW;INF209K01KQ2;INF209K01SQ5;100.2136;100.2136;100.2136;21-Apr-2018
119569;Aditya Birla Sun Life Liquid Fund -Direct - daily IDCW;INF209K01UZ2;;100.2139;100.2139;100.2139;21-Apr-2018
119571;Aditya Birla Sun Life Liquid Fund -DIRECT - IDCW;INF209K01VD7;;152.2658;152.2658;152.2658;21-Apr-2018
119570;Aditya Birla Sun Life Liquid Fund -Direct - weekly IDCW;INF209K01VC9;;100.2439;100.2439;100.2439;21-Apr-2018
100041;Aditya Birla Sun Life Liquid Fund -Institutional - IDCW;;INF209K01KN9;108.0431;108.0431;108.0431;21-Apr-2018
100048;Aditya Birla Sun Life Liquid Fund -Institutional - weekly  IDCW;INF209KA1LK7;INF209K01KY6;108.0881;108.0881;108.0881;21-Apr-2018
103885;Aditya Birla Sun Life Liquid Fund -Regular - IDCW;INF209KA1LI1;;116.8791;116.8791;116.8791;21-Apr-2018
100044;Aditya Birla Sun Life Liquid Fund -Retail - IDCW;;INF209K01KP4;163.7244;163.7244;163.7244;21-Apr-2018
100051;Aditya Birla Sun Life Liquid Fund -weekly IDCW;INF209K01KU4;INF209KA1LJ9;100.2436;100.2436;100.2436;21-Apr-2018
112014;Aditya Birla Sun Life Liquid Fund- Discipline Advantage Plan;INF209K01KZ3;;187.7773;187.7773;187.7773;21-Apr-2018
100043;Aditya Birla Sun Life Liquid Fund-Institutional (Growth);INF209K01RT1;;465.2100;465.2100;465.2100;21-Apr-2018
100042;Aditya Birla Sun Life Liquid Fund-Retail (Growth);INF209K01ME4;;453.3299;453.3299;453.3299;21-Apr-2018

Axis Mutual Fund
128954;Axis Liquid Fund - Direct plan - Bonus Option;INF846K01NH4;;1935.1524;1935.1524;1935.1524;21-Apr-2018
120388;Axis Liquid Fund - Direct Plan - Daily IDCW;;INF846K01DA0;1000.9560;1000.9560;1000.9560;21-Apr-2018
120389;Axis Liquid Fund - Direct Plan - Growth Option;INF846K01CX4;;1935.2734;1935.2734;1935.2734;21-Apr-2018
120391;Axis Liquid Fund - Direct Plan - Monthly IDCW;INF846K01CY2;INF846K01CZ9;1005.9624;1005.9624;1005.9624;21-Apr-2018
120390;Axis Liquid Fund - Direct Plan - Weekly IDCW;INF846K01DB8;INF846K01DC6;1002.9962;1002.9962;1002.9962;21-Apr-2018
112211;Axis Liquid Fund - Regular Plan - Daily IDCW;;INF846K01420;1001.3998;1001.3998;1001.3998;21-Apr-2018
112210;Axis Liquid Fund - Regular Plan - Growth Option;INF846K01412;;1928.3891;1928.3891;1928.3891;21-Apr-2018
112213;Axis Liquid Fund - Regular Plan - Monthly IDCW;INF846K01453;INF846K01461;1006.3584;1006.3584;1006.3584;21-Apr-2018
112212;Axis Liquid Fund - Regular Plan - Weekly IDCW;INF846K01438;INF846K01446;1002.9884;1002.9884;1002.9884;21-Apr-2018
112712;Axis Liquid Fund - Retail Plan - Daily IDCW;;INF846K01362;1000.9559;1000.9559;1000.9559;21-Apr-2018
112713;Axis Liquid Fund - Retail Plan - Growth Option;INF846K01354;;1830.2832;1830.2832;1830.2832;21-Apr-2018
112714;Axis Liquid Fund - Retail Plan - Monthly IDCW;INF846K01396;INF846K01404;1005.5157;1005.5157;1005.5157;21-Apr-2018
112715;Axis Liquid Fund - Retail Plan - Weekly IDCW;INF846K01370;INF846K01388;1001.4412;1001.4412;1001.4412;21-Apr-2018

Bandhan Mutual Fund
108692;BANDHAN LIQUID Fund - Regular Plan - Daily IDCW;INF194K01VZ4;INF194K01VY7;1001.2750;1001.2750;1001.2750;21-Apr-2018
108690;BANDHAN LIQUID Fund - Regular Plan - Growth;INF194K01VX9;;2111.6667;2111.6667;2111.6667;21-Apr-2018
108693;BANDHAN LIQUID Fund - Regular Plan - Monthly IDCW;INF194K01WF4;INF194K01WE7;1005.9000;1005.9000;1005.9000;21-Apr-2018
115489;BANDHAN LIQUID Fund - Regular Plan - Periodic IDCW;INF194K01WC1;INF194K01WB3;1392.4934;1392.4934;1392.4934;21-Apr-2018
108691;BANDHAN LIQUID Fund - Regular Plan - Weekly IDCW;INF194K01WI8;INF194K01WH0;1001.2769;1001.2769;1001.2769;21-Apr-2018
139582;BANDHAN LIQUID Fund - Unclaimed IDCW Less than 3 years;INF194KA14C0;;1.1284;1.1284;1.1284;21-Apr-2018
139583;BANDHAN LIQUID Fund - Unclaimed IDCW More than 3 years;INF194KA15C7;;1.0000;1.0000;1.0000;21-Apr-2018
139584;BANDHAN LIQUID Fund - Unclaimed Redemption Less than 3 years;INF194KA12C4;;1.1284;1.1284;1.1284;21-Apr-2018
139585;BANDHAN LIQUID Fund - Unclaimed Redemption More than 3 years;INF194KA13C2;;1.0000;1.0000;1.0000;21-Apr-2018
118365;BANDHAN LIQUID Fund -Direct Plan -Monthly IDCW;INF194K01J36;INF194K01J28;1012.7022;1012.7022;1012.7022;21-Apr-2018
118367;BANDHAN LIQUID Fund -Direct Plan -Weekly IDCW;INF194KB1JT8;INF194K01J51;1007.1522;1007.1522;1007.1522;21-Apr-2018
118366;BANDHAN LIQUID Fund -Direct Plan-Daily IDCW;;INF194K01I78;1001.8587;1001.8587;1001.8587;21-Apr-2018
118364;BANDHAN LIQUID Fund -Direct Plan-Growth;INF194K01I60;;2118.5688;2118.5688;2118.5688;21-Apr-2018
118363;BANDHAN LIQUID Fund -Direct Plan-Periodic IDCW;INF194K01J02;INF194K01I94;1309.3571;1309.3571;1309.3571;21-Apr-2018

Bank of India Mutual Fund
141887;BANK OF INDIA Liquid Fund  Unclaimed Dividend greater than  3 years;;;1000.0000;1000.0000;1000.0000;21-Apr-2018
141889;BANK OF INDIA Liquid Fund  Unclaimed Dividend Upto 3 years;;;1035.5293;1035.5293;1035.5293;21-Apr-2018
141888;BANK OF INDIA Liquid Fund  Unclaimed Redemption greater than  3 years;;;1000.0000;1000.0000;1000.0000;21-Apr-2018
141890;BANK OF INDIA Liquid Fund  Unclaimed Redemption Upto 3 years;;;1035.4604;1035.4604;1035.4604;21-Apr-2018
119368;BANK OF INDIA Liquid Fund- Direct Plan- Daily IDCW;;INF761K01CL0;1002.6483;1002.6483;1002.6483;21-Apr-2018
119369;BANK OF INDIA Liquid Fund- Direct Plan- Growth;INF761K01785;;2011.3591;2011.3591;2011.3591;21-Apr-2018
119370;BANK OF INDIA Liquid Fund- Direct Plan- Weekly IDCW;;INF761K01CM8;1062.5702;1062.5702;1062.5702;21-Apr-2018
111971;BANK OF INDIA Liquid Fund- Regular Plan- Daily IDCW;;INF761K01CO4;1002.1069;1002.1069;1002.1069;21-Apr-2018
109254;BANK OF INDIA Liquid Fund- Regular Plan- Growth;INF761K01306;;2000.8454;2000.8454;2000.8454;21-Apr-2018
109255;BANK OF INDIA Liquid Fund- Regular Plan- Weekly IDCW;;INF761K01CP1;1002.2609;1002.2609;1002.2609;21-Apr-2018

Canara Robeco Mutual Fund
118307;CANARA ROBECO LIQUID FUND - DIRECT PLAN - DAILY IDCW (Reinvestment);;INF760K01FS0;1005.5000;1005.5000;1005.5000;21-Apr-2018
118305;CANARA ROBECO LIQUID FUND - DIRECT PLAN - GROWTH OPTION;INF760K01FU6;;2110.0695;2110.0695;2110.0695;21-Apr-2018
118304;CANARA ROBECO LIQUID FUND - DIRECT PLAN - IDCW (Payout/Reinvestment);INF760K01FT8;;1510.6761;1510.6761;1510.6761;21-Apr-2018
118306;CANARA ROBECO LIQUID FUND - DIRECT PLAN - MONTHLY IDCW (Payout/Reinvestment);INF760K01FV4;INF760K01FW2;1005.2362;1005.2362;1005.2362;21-Apr-2018
118308;CANARA ROBECO LIQUID FUND - DIRECT PLAN - WEEKLY IDCW (Payout/Reinvestment);INF760K01FY8;INF760K01FX0;1000.8708;1000.8708;1000.8708;21-Apr-2018
109349;CANARA ROBECO LIQUID FUND - REGULAR PLAN - DAILY IDCW (Reinvestment);;INF760K01CU3;1005.5000;1005.5000;1005.5000;21-Apr-2018
109353;CANARA ROBECO LIQUID FUND - REGULAR PLAN - GROWTH OPTION;INF760K01CW9;;2105.4185;2105.4185;2105.4185;21-Apr-2018
109351;CANARA ROBECO LIQUID FUND - REGULAR PLAN - MONTHLY IDCW (Payout/Reinvestment);INF760K01CX7;INF760K01CY5;1005.2114;1005.2114;1005.2114;21-Apr-2018
109350;CANARA ROBECO LIQUID FUND - REGULAR PLAN - WEEKLY IDCW (Payout/Reinvestment);INF760K01BZ4;INF760K01CZ2;1000.8658;1000.8658;1000.8658;21-Apr-2018
139235;Canara Robeco Liquid Fund -Unclaimed Redemption and Dividend Plan -Direct Growth Option;INF760K01IC8;;1146.8065;1146.8065;1146.8065;21-Apr-2018

DSP Mutual Fund
119125;DSP Liquidity Fund - Direct Plan - Growth;INF740K01QL4;;2495.2486;2495.2486;2495.2486;21-Apr-2018
119124;DSP Liquidity Fund - Direct Plan - IDCW - Daily;;INF740KA1OB6;1001.1142;1001.1142;1001.1142;21-Apr-2018
119123;DSP Liquidity Fund - Direct Plan - IDCW - Weekly;INF740KA1OC4;INF740KA1OD2;1001.2510;1001.2510;1001.2510;21-Apr-2018
103347;DSP Liquidity Fund - Regular Plan - Growth;INF740K01FK9;;2483.7291;2483.7291;2483.7291;21-Apr-2018
103348;DSP Liquidity Fund - Regular Plan - IDCW - Weekly;INF740K01FM5;INF740K01FL7;1001.2455;1001.2455;1001.2455;21-Apr-2018
103349;DSP Liquidity Fund- Regular Plan - IDCW - Daily;;INF740KA1OE0;1001.1115;1001.1115;1001.1115;21-Apr-2018

Groww Mutual Fund
119135;Groww Liquid Fund ( formerly known as Indiabulls Liquid )Fund - Direct Plan - Growth Option;INF666M01451;;1705.1216;1705.1216;1705.1216;21-Apr-2018
119136;Groww Liquid Fund (formerly known as Indiabulls Liquid Fund) - Direct Plan- - Income Distribution cum capital withdrawal Option ( Reinvestment);;INF666M01469;1001.0600;1001.0600;1001.0600;21-Apr-2018
115991;Groww Liquid Fund (formerly known as Indiabulls Liquid Fund) - Regular Plan - Growth Option;INF666M01014;;1696.3997;1696.3997;1696.3997;21-Apr-2018
119138;Groww Liquid Fund (formerly known as Indiabulls Liquid Fund)- Direct Plan- Fortnightly - Income Distribution cum capital withdrawal Option (Payout & Reinvestment);INF666M01501;INF666M01485;1002.5143;1002.5143;1002.5143;21-Apr-2018
119139;Groww Liquid Fund (formerly known as Indiabulls Liquid Fund)- Direct Plan- Monthly - Income Distribution cum capital withdrawal Option (Payout & Reinvestment);INF666M01519;INF666M01493;1032.9049;1032.9049;1032.9049;21-Apr-2018
119137;Groww Liquid Fund (formerly known as Indiabulls Liquid Fund)- Direct Plan- Weekly - Income Distribution cum capital withdrawal Option (Payout & Reinvestment);INF666M01527;INF666M01477;1001.4562;1001.4562;1001.4562;21-Apr-2018
115992;Groww Liquid Fund (formerly known as Indiabulls Liquid Fund)- Regular Plan- - Income Distribution cum capital withdrawal Option (Reinvestment);;INF666M01022;1001.1451;1001.1451;1001.1451;21-Apr-2018
115995;Groww Liquid Fund (formerly known as Indiabulls Liquid Fund)- Regular Plan- Monthly - Income Distribution cum capital withdrawal Option (Payout & Reinvestment);INF666M01071;INF666M01055;1004.2625;1004.2625;1004.2625;21-Apr-2018
115993;Groww Liquid Fund (formerly known as Indiabulls Liquid Fund)- Regular Plan- Weekly - Income Distribution cum capital withdrawal Option (Payout & Reinvestment);INF666M01089;INF666M01030;1002.5146;1002.5146;1002.5146;21-Apr-2018
115994;Groww Liquid Fund (formerly known as Indiabulls Liquid) Fund- Regular Plan- Fortnightly - Income Distribution cum capital withdrawal Option (Payout & Reinvestment);INF666M01063;INF666M01048;1002.3783;1002.3783;1002.3783;21-Apr-2018

ICICI Prudential Mutual Fund
120197;ICICI Prudential Liquid Fund - Direct Plan - Growth;INF109K01Q49;;258.1543;258.1543;258.1543;21-Apr-2018
103340;ICICI Prudential Liquid Fund - Growth;INF109K01VQ1;;257.3925;257.3925;257.3925;21-Apr-2018
103344;ICICI Prudential Liquid Fund - Institutional Option - I;INF109K01VH0;;242.9578;242.9578;242.9578;21-Apr-2018
101750;ICICI Prudential Liquid Fund Retail Growth;INF109K01UQ3;;398.0215;398.0215;398.0215;21-Apr-2018
101751;ICICI Prudential Liquid Institutional Fund - Growth;INF109K01VF4;;408.2201;408.2201;408.2201;21-Apr-2018

Invesco Mutual Fund
122786;Invesco India Liquid Fund - Bonus Option;INF205K01UX5;;2393.1715;2393.1715;2393.1715;21-Apr-2018
104484;Invesco India Liquid Fund - Daily IDCW (Reinvestment);;INF205K01HN3;1001.7798;1001.7798;1001.7798;21-Apr-2018
120537;Invesco India Liquid Fund - Direct Plan - Growth;INF205K01MF9;;2401.6888;2401.6888;2401.6888;21-Apr-2018
120536;Invesco India Liquid Fund - Direct Plan - Monthly IDCW (Payout / Reinvestment);INF205K01MG7;INF205K01MH5;1032.846;1032.846;1032.846;21-Apr-2018
120535;Invesco India Liquid Fund - Direct Plan - Weekly IDCW (Reinvestment);INF205KA1BE5;INF205K01MI3;1001.43;1001.43;1001.43;21-Apr-2018
120534;Invesco India Liquid Fund - Direct Plan- Daily IDCW (Reinvestment);;INF205K01ME2;1000.79;1000.79;1000.79;21-Apr-2018
104486;Invesco India Liquid Fund - Growth;INF205K01HM5;;2393.1738;2393.1738;2393.1738;21-Apr-2018
104492;Invesco India Liquid Fund - Monthly IDCW (Payout / Reinvestment);INF205K01HQ6;INF205K01HP8;1008.167;1008.167;1008.167;21-Apr-2018
104488;Invesco India Liquid Fund - Regular - Growth;INF205K01HG7;;2201.4456;2201.4456;2201.4456;21-Apr-2018
104489;Invesco India Liquid Fund - Regular - Weekly IDCW (Reinvestment);;INF205K01HH5;1001.9921;1001.9921;1001.9921;21-Apr-2018
139389;Invesco India Liquid Fund - Unclaimed Dividend Plan - Below 3 Years;;;1138.1086;1138.1086;1138.1086;21-Apr-2018
139387;Invesco India Liquid Fund - Unclaimed Redemption Plan - Below 3 years;;;1138.1047;1138.1047;1138.1047;21-Apr-2018
104485;Invesco India Liquid Fund - Weekly IDCW (Reinvestment);INF205KA1BD7;INF205K01HO1;1003.3258;1003.3258;1003.3258;21-Apr-2018

LIC Mutual Fund
120248;LIC MF Liquid Fund-Direct Plan-Daily IDCW;INF767K01DL5;INF767K01DM3;1098;1098;1098;21-Apr-2018
120249;LIC MF Liquid Fund-Direct Plan-Growth;INF767K01DN1;;3164.1042;3164.1042;3164.1042;21-Apr-2018
101184;LIC MF Liquid Fund-Regular Plan-Daily IDCW;INF767K01IQ3;INF767K01IR1;1098;1098;1098;21-Apr-2018
101185;LIC MF Liquid Fund-Regular Plan-Growth;INF767K01IS9;;3148.0529;3148.0529;3148.0529;21-Apr-2018

Nippon India Mutual Fund
100852;NIPPON INDIA LIQUID FUND - DAILY IDCW OPTION;;INF204K01UM1;1529.0132;1529.0132;1529.0132;21-Apr-2018
118695;NIPPON INDIA LIQUID FUND - DIRECT Plan - DAILY IDCW OPTION;;INF204K01ZG2;1529.0165;1529.0165;1529.0165;21-Apr-2018
118696;NIPPON INDIA LIQUID FUND - DIRECT Plan - MONTHLY IDCW OPTION;INF204K01ZI8;INF204K01ZJ6;1598.3298;1598.3298;1598.3298;21-Apr-2018
118698;NIPPON INDIA LIQUID FUND - DIRECT Plan - QUARTERLY IDCW OPTION;INF204K01ZK4;INF204K01ZL2;1013.1627;1013.1627;1013.1627;21-Apr-2018
118700;NIPPON INDIA LIQUID FUND - DIRECT Plan - WEEKLY IDCW OPTION;INF204KC1FN6;INF204K01ZM0;1530.5768;1530.5768;1530.5768;21-Apr-2018
118701;Nippon India Liquid Fund - Direct Plan Growth Plan - Growth Option;INF204K01ZH0;;4256.9307;4256.9307;4256.9307;21-Apr-2018
100855;NIPPON INDIA LIQUID FUND - MONTHLY IDCW OPTION;INF204K01UO7;INF204K01UP4;1594.9152;1594.9152;1594.9152;21-Apr-2018
112340;NIPPON INDIA LIQUID FUND - QUARTERLY IDCW OPTION;INF204K01UQ2;INF204K01UR0;1010.8090;1010.8090;1010.8090;21-Apr-2018
100837;Nippon India Liquid Fund - Retail Option - Growth Plan;INF204K01UL3;;3934.2772;3934.2772;3934.2772;21-Apr-2018
100842;NIPPON INDIA LIQUID FUND - RETAIL Plan - DAILY IDCW OPTION;;INF204K01UJ7;1524.5160;1524.5160;1524.5160;21-Apr-2018
100843;NIPPON INDIA LIQUID FUND - RETAIL plan - MONTHLY IDCW OPTION;INF204K01UT6;INF204K01UU4;1334.8942;1334.8942;1334.8942;21-Apr-2018
100844;NIPPON INDIA LIQUID FUND - RETAIL Plan - QUARTERLY IDCW OPTION;INF204K01UV2;INF204K01UW0;1223.7927;1223.7927;1223.7927;21-Apr-2018
100838;NIPPON INDIA LIQUID FUND - RETAIL Plan - WEEKLY IDCW OPTION;;INF204K01UK5;1034.3279;1034.3279;1034.3279;21-Apr-2018
100853;NIPPON INDIA LIQUID FUND - WEEKLY IDCW OPTION;INF204KC1FM8;INF204K01US8;1530.5735;1530.5735;1530.5735;21-Apr-2018
100851;Nippon India Liquid Fund -Growth Plan;INF204K01UN9;;4238.9671;4238.9671;4238.9671;21-Apr-2018
118610;Reliance Liquid Fund - Cash Plan - Direct Plan - Growth Plan - Growth Option;;;2818.4044;2818.4044;2818.4044;21-Apr-2018
118618;Reliance Liquid Fund - Cash Plan - Direct Plan Daily Dividend Reinvestment Option;;;1114.3498;1114.3498;1114.3498;21-Apr-2018
118609;Reliance Liquid Fund - Cash Plan - Direct Plan Monthly Dividend Plan;;;1008.6664;1008.6664;1008.6664;21-Apr-2018
118612;Reliance Liquid Fund - Cash Plan - Direct Plan Quarterly Dividend Plan;;;1016.6613;1016.6613;1016.6613;21-Apr-2018
118611;Reliance Liquid Fund - Cash Plan - Direct Plan Weekly Dividend Reinvestment Option;;;1091.8858;1091.8858;1091.8858;21-Apr-2018
100849;Reliance Liquid Fund-Cash Plan-Daily Dividend Reinvestment Option;;;1114.3211;1114.3211;1114.3211;21-Apr-2018
100845;Reliance Liquid Fund-Cash Plan-Growth Plan;;;2704.0949;2704.0949;2704.0949;21-Apr-2018
114251;Reliance Liquid Fund-Cash Plan-Monthly Dividend Plan;;;1006.1704;1006.1704;1006.1704;21-Apr-2018
114252;Reliance Liquid Fund-Cash Plan-Quarterly Dividend Plan;;;1009.8430;1009.8430;1009.8430;21-Apr-2018
100848;Reliance Liquid Fund-Cash Plan-Weekly Dividend Reinvestment Option;;;1091.8576;1091.8576;1091.8576;21-Apr-2018

Quantum Mutual Fund
103736;Quantum Liquid Fund - Direct Plan Daily IDCW;;INF082J01135;10.0094;10.0094;10.0094;21-Apr-2018
103734;Quantum Liquid Fund - Direct Plan Growth Option;INF082J01127;;23.9702;23.9702;23.9702;21-Apr-2018
103735;Quantum Liquid Fund - Direct Plan Monthly IDCW;INF082J01143;INF082J01200;10.0531;10.0531;10.0531;21-Apr-2018
141065;Quantum Liquid Fund - Regular Plan Daily IDCW;;INF082J01317;10.0042;10.0042;10.0042;21-Apr-2018
141066;Quantum Liquid Fund - Regular Plan Growth Option;INF082J01309;;23.9568;23.9568;23.9568;21-Apr-2018
141067;Quantum Liquid Fund - Regular Plan Monthly IDCW;INF082J01325;INF082J01333;10.0524;10.0524;10.0524;21-Apr-2018

SBI Mutual Fund
119804;SBI Liquid Fund - Direct Paln - Fortnightly Income Distribution cum Capital Withdrawal Option (IDCW);INF200K01UR8;INF200K01US6;1011.8588;1011.8588;1011.8588;21-Apr-2018
119805;SBI Liquid Fund - Direct Plan - Daily Income Distribution cum Capital Withdrawal Option (IDCW);;INF200K01UQ0;1003.2500;1003.2500;1003.2500;21-Apr-2018
119799;SBI Liquid Fund - Direct Plan - Weekly Income Distribution cum Capital Withdrawal Option (IDCW);INF200K01UU2;INF200K01UV0;1061.0596;1061.0596;1061.0596;21-Apr-2018
119800;SBI Liquid Fund - DIRECT PLAN -Growth;INF200K01UT4;;2735.0891;2735.0891;2735.0891;21-Apr-2018
105274;SBI Liquid Fund - Institutional - Growth;INF200K01LU1;;2751.7753;2751.7753;2751.7753;21-Apr-2018
105275;SBI Liquid Fund - Institutional Daily Income Distribution cum Capital Withdrawal Option (IDCW);;INF200K01LR7;1003.2500;1003.2500;1003.2500;21-Apr-2018
105279;SBI Liquid Fund - Institutional Fortnightly Income Distribution cum Capital Withdrawal Option (IDCW);INF200K01LS5;INF200K01LT3;1023.1633;1023.1633;1023.1633;21-Apr-2018
105278;SBI Liquid Fund - Institutional Weekly Income Distribution cum Capital Withdrawal Option (IDCW);INF200K01LV9;INF200K01LW7;1060.3503;1060.3503;1060.3503;21-Apr-2018
105281;SBI Liquid Fund - Regular Plan - Daily Income Distribution cum Capital Withdrawal Option (IDCW);;INF200K01LX5;1003.2500;1003.2500;1003.2500;21-Apr-2018
105283;SBI Liquid Fund - Regular Plan - Fortnightly Income Distribution cum Capital Withdrawal Option (IDCW);INF200K01LY3;INF200K01LZ0;1011.8588;1011.8588;1011.8588;21-Apr-2018
105282;SBI Liquid Fund - Regular Plan - Weekly Income Distribution cum Capital Withdrawal Option (IDCW);INF200K01MB9;INF200K01MC7;1061.0596;1061.0596;1061.0596;21-Apr-2018
105280;SBI Liquid Fund - REGULAR PLAN -Growth;INF200K01MA1;;2726.0927;2726.0927;2726.0927;21-Apr-2018

Sundaram Mutual Fund
119690;Sundaram Money Fund Direct Plan - Bonus;INF903J01RL8;;13.1622;13.1622;13.1622;21-Apr-2018
119688;Sundaram Money Fund Direct Plan - Daily Reinvestment of Income Distribution cum Capital Withdrawal (IDCW);;INF903J01QA3;10.1025;10.1025;10.1025;21-Apr-2018
119692;Sundaram Money Fund Direct Plan - Fortnightly Reinvestment of Income Distribution cum Capital Withdrawal (IDCW);;INF903J01QB1;26.0054;26.0054;26.0054;21-Apr-2018
119686;Sundaram Money Fund Direct Plan - Growth;INF903J01QF2;;36.7795;36.7795;36.7795;21-Apr-2018
119687;Sundaram Money Fund Direct Plan - Monthly Income Distribution cum Capital Withdrawal (IDCW);INF903J01QC9;INF903J01QD7;10.7267;10.7267;10.7267;21-Apr-2018
119689;Sundaram Money Fund Direct Plan - Quarterly Reinvestment of Income Distribution cum Capital Withdrawal (IDCW);;INF903J01QE5;35.2829;35.2829;35.2829;21-Apr-2018
119691;Sundaram Money Fund Direct Plan - Weekly Reinvestment of Income Distribution cum Capital Withdrawal (IDCW);;INF903J01QG0;11.7269;11.7269;11.7269;21-Apr-2018
102701;Sundaram Money Fund Institutional Plan - Daily Reinvestment of Income Distribution cum Capital Withdrawal (IDCW);;INF903J01GP2;10.0953;10.0953;10.0953;21-Apr-2018
102703;Sundaram Money Fund Institutional Plan - Growth;INF903J01GN7;;35.7237;35.7237;35.7237;21-Apr-2018
118328;Sundaram Money Fund Regular Plan - Bonus;INF903J01MB0;;13.0944;13.0944;13.0944;21-Apr-2018
103392;Sundaram Money Fund Regular Plan - Daily Reinvestment of Income Distribution cum Capital Withdrawal (IDCW);;INF903J01GW8;10.0953;10.0953;10.0953;21-Apr-2018
103395;Sundaram Money Fund Regular Plan - Fortnightly Reinvestment of Income Distribution cum Capital Withdrawal (IDCW);;INF903J01GY4;11.0021;11.0021;11.0021;21-Apr-2018
103397;Sundaram Money Fund Regular Plan - Growth;INF903J01GU2;;36.6323;36.6323;36.6323;21-Apr-2018
103396;Sundaram Money Fund Regular Plan - Monthly Income Distribution cum Capital Withdrawal (IDCW);INF903J01GV0;INF903J01GZ1;10.5828;10.5828;10.5828;21-Apr-2018
103393;Sundaram Money Fund Regular Plan - Quarterly Reinvestment of Income Distribution cum Capital Withdrawal (IDCW);;INF903J01HA2;35.1826;35.1826;35.1826;21-Apr-2018
100620;Sundaram Money Fund Retail Plan - Daily Reinvestment of Income Distribution cum Capital Withdrawal (IDCW);;INF903J01GI7;10.0953;10.0953;10.0953;21-Apr-2018
100622;Sundaram Money Fund Retail Plan - Fortnightly Reinvestment of Income Distribution cum Capital Withdrawal (IDCW);;INF903J01GK3;10.9701;10.9701;10.9701;21-Apr-2018
100618;Sundaram Money Fund Retail Plan - Growth;INF903J01GG1;;34.2347;34.2347;34.2347;21-Apr-2018
100623;Sundaram Money Fund Retail Plan - Monthly Income Distribution cum Capital Withdrawal (IDCW);INF903J01GH9;INF903J01GL1;10.5960;10.5960;10.5960;21-Apr-2018
100619;Sundaram Money Fund Retail Plan - Quarterly Reinvestment of Income Distribution cum Capital Withdrawal (IDCW);;INF903J01GM9;12.2211;12.2211;12.2211;21-Apr-2018
100621;Sundaram Money Fund Retail Plan - Weekly Reinvestment of Income Distribution cum Capital Withdrawal (IDCW);;INF903J01GJ5;11.6644;11.6644;11.6644;21-Apr-2018
140006;Sundaram Money Fund Unclaimed Amount Plan - Unclaimed Dividend Less Than Three Years;INF903JA1567;;11.0146;11.0146;11.0146;21-Apr-2018
140005;Sundaram Money Fund Unclaimed Amount Plan - Unclaimed Dividend More Than Three Years;INF903JA1575;;10.0000;10.0000;10.0000;21-Apr-2018
140003;Sundaram Money Fund Unclaimed Amount Plan - Unclaimed Redemption Less Than Three Years;INF903JA1542;;11.0237;11.0237;11.0237;21-Apr-2018
140004;Sundaram Money Fund Unclaimed Amount Plan - Unclaimed Redemption More Than Three Years;INF903JA1559;;10.0000;10.0000;10.0000;21-Apr-2018
103394;Sundaram Money Fund Regular Plan - Weekly Reinvestment of Income Distribution cum Capital Withdrawal (IDCW);;INF903J01GX6;11.7072;11.7072;11.7072;21-Apr-2018

Tata Mutual Fund
102672;Tata Liquid Fund -Regular Plan - Growth Option;INF277K01YD8;;2737.8199;2737.8199;2737.8199;21-Apr-2018
119862;Tata Liquid Fund- Direct Plan - Daily Reinvestment of IDCW Option;;INF277K012D2;1001.5187;1001.5187;1001.5187;21-Apr-2018
119861;Tata Liquid Fund- Direct Plan-Growth Option;INF277K01YE6;;2749.3786;2749.3786;2749.3786;21-Apr-2018
101714;Tata Liquid Fund- Regular Plan - Daily Reinvestment of IDCW Option;;INF277K011D4;1001.5157;1001.5157;1001.5157;21-Apr-2018

Taurus Mutual Fund
111915;Taurus Liquid Fund - Regular Plan - SI Growth Option;INF044D01534;;1764.8652;1764.8652;1764.8652;21-Apr-2018
113248;Taurus Liquid Fund - Regular Plan - SI Weekly Dividend Option;;INF044D01526;1000.6037;1000.6037;1000.6037;21-Apr-2018
111703;Taurus Liquid Fund - Regular Plan -SI Daily Dividend Option;;INF044D01518;1000.7587;1000.7587;1000.7587;21-Apr-2018
118891;Taurus Liquid Fund-Direct Plan-SI Daily Dividend Option;;INF044D01DI0;1000.7587;1000.7587;1000.7587;21-Apr-2018
118893;Taurus Liquid Fund-Direct Plan-SI Growth Option;INF044D01DK6;;1771.4343;1771.4343;1771.4343;21-Apr-2018
118892;Taurus Liquid Fund-Direct Plan-SI Weekly Dividend Option;;INF044D01DJ8;1001.0734;1001.0734;1001.0734;21-Apr-2018
104240;Taurus Liquid Fund-Dividend;INF044D01542;INF044D01559;1001.2239;1001.2239;1001.2239;21-Apr-2018
104241;Taurus Liquid Fund-Growth;INF044D01575;;2068.8872;2068.8872;2068.8872;21-Apr-2018

Union Mutual Fund
115401;Union Liquid Fund - Daily IDCW Option;;INF582M01021;1000.6489;1000.6489;1000.6489;21-Apr-2018
119301;Union Liquid Fund - Direct Plan - Daily IDCW Option;;INF582M01682;1000.7830;1000.7830;1000.7830;21-Apr-2018
119305;Union Liquid Fund - Direct Plan - Fortnightly IDCW Option;INF582M01724;INF582M01708;1002.3665;1002.3665;1002.3665;21-Apr-2018
119303;Union Liquid Fund - Direct Plan - Growth Option;INF582M01674;;1741.7834;1741.7834;1741.7834;21-Apr-2018
119302;Union Liquid Fund - Direct Plan - Monthly IDCW Option;INF582M01732;INF582M01716;1005.9571;1005.9571;1005.9571;21-Apr-2018
119304;Union Liquid Fund - Direct Plan - Weekly IDCW Option;;INF582M01690;1001.3105;1001.3105;1001.3105;21-Apr-2018
115399;Union Liquid Fund - Fortnightly IDCW Option;INF582M01062;INF582M01047;1002.3627;1002.3627;1002.3627;21-Apr-2018
115398;Union Liquid Fund - Growth Option;INF582M01013;;1732.8643;1732.8643;1732.8643;21-Apr-2018
115400;Union Liquid Fund - Monthly IDCW Option;INF582M01070;INF582M01054;1005.9370;1005.9370;1005.9370;21-Apr-2018
142345;Union Liquid Fund - Unclaimed Amounts Plan - IDCW Beyond 3 years;;;1000.0000;1000.0000;1000.0000;21-Apr-2018
142344;Union Liquid Fund - Unclaimed Amounts Plan - IDCW Upto 3 years;;;1017.1194;1017.1194;1017.1194;21-Apr-2018
142343;Union Liquid Fund - Unclaimed Amounts Plan - Redemption Beyond 3 years;;;1000.0000;1000.0000;1000.0000;21-Apr-2018
142342;Union Liquid Fund - Unclaimed Amounts Plan - Redemption Upto 3 years;;;1017.1216;1017.1216;1017.1216;21-Apr-2018
115402;Union Liquid Fund - Weekly IDCW Option;;INF582M01039;1001.3192;1001.3192;1001.3192;21-Apr-2018

UTI Mutual Fund
134427;UTI Liquid Fund - Direct Plan - Annual IDCW;INF789FA1K63;INF789FA1K71;1256.3666;1256.3666;1256.3666;21-Apr-2018
120558;UTI Liquid Fund - Direct Plan - Daily IDCW (Reinvestment);;INF789F01XP8;1019.4457;1019.4457;1019.4457;21-Apr-2018
140913;UTI Liquid Fund - Direct Plan - Fortnightly IDCW;INF789FA1K06;INF789FA1K14;1116.2717;1116.2717;0;21-Apr-2018
120794;UTI Liquid Fund - Direct Plan - Monthly IDCW;INF789F01XR4;INF789F01XS2;1028.6679;1028.6679;1028.6679;21-Apr-2018
140024;UTI Liquid Fund - Direct Plan - Quarterly IDCW;INF789FA1K22;INF789FA1K30;1186.5464;1186.5464;0;21-Apr-2018
120777;UTI Liquid Fund - Direct Plan - Weekly IDCW;;INF789F01XT0;1053.5117;1053.5117;1053.5117;21-Apr-2018
133973;UTI Liquid Fund - Regular Plan - Annual IDCW;INF789FA1J66;INF789FA1J74;1255.9459;1255.9459;1255.9459;21-Apr-2018
102010;UTI Liquid Fund - Regular Plan - Daily IDCW (Reinvestment);;INF789F01PG3;1019.4457;1019.4457;1019.4457;21-Apr-2018
140517;UTI Liquid Fund - Regular Plan - Flexi IDCW;INF789FA1J82;INF789FA1J90;1035.1123;1035.1123;0;21-Apr-2018
139838;UTI Liquid Fund - Regular Plan - Fortnightly IDCW;INF789FA1J09;INF789FA1J17;1115.8083;1115.8083;0;21-Apr-2018
102011;UTI Liquid Fund - Regular Plan - Monthly IDCW;INF789F01PI9;INF789F01PJ7;1028.6323;1028.6323;1028.6323;21-Apr-2018
135721;UTI Liquid Fund - Regular Plan - Quarterly IDCW;INF789FA1J25;INF789FA1J33;1185.8349;1185.8349;0;21-Apr-2018
102013;UTI Liquid Fund - Regular Plan - Weekly IDCW;;INF789F01PK5;1053.5037;1053.5037;1053.5037;21-Apr-2018
120304;UTI-  Liquid Cash Plan - Direct Plan - Growth Option;INF789F01XQ6;;2856.7367;2856.7367;2856.7367;21-Apr-2018
102012;UTI-  Liquid Cash Plan - Regular Plan - Growth Option;INF789F01PH1;;2848.2827;2848.2827;2848.2827;21-Apr-2018
102008;UTI-  Liquid Cash Plan- Discontinued - Regular Plan - Monthly Dividend Option;INF789F01BC2;INF789F01BA6;1175.5272;1175.5272;0;21-Apr-2018
102009;UTI-  Liquid Cash Plan- Discontinued - Regular Plan -Growth;INF789F01BB4;;2677.0825;2677.0825;0;21-Apr-2018
102007;UTI-  Liquid Cash Plan- Discontinued -Regular Plan Periodic Dividend Option;;INF789F01AZ5;1135.1082;1135.1082;0;21-Apr-2018

Open Ended Schemes ( Debt Scheme - Ultra Short Duration Fund )


SBI Mutual Fund
119784;SBI Ultra Short Duration Fund - Direct Plan - Daily Income Distribution cum Capital Withdrawal Option (IDCW);;INF200K01TG3;1675.0300;1675.0300;1675.0300;21-Apr-2018
119828;SBI ULTRA SHORT DURATION FUND - DIRECT PLAN - GROWTH;INF200K01TF5;;3858.3725;3858.3725;3858.3725;21-Apr-2018
119829;SBI Ultra Short Duration Fund - Direct Plan - Weekly Income Distribution cum Capital Withdrawal Option (IDCW);INF200K01TH1;INF200K01TI9;1077.5805;1077.5805;1077.5805;21-Apr-2018
105080;SBI Ultra Short Duration Fund - Regular Plan - Daily Income Distribution cum Capital Withdrawal Option (IDCW);;INF200K01LK2;1675.0300;1675.0300;1675.0300;21-Apr-2018
100641;SBI ULTRA SHORT DURATION FUND - REGULAR PLAN - GROWTH;INF200K01LJ4;;3841.7908;3841.7908;3841.7908;21-Apr-2018
103884;SBI Ultra Short Duration Fund - Regular Plan - Weekly Income Distribution cum Capital Withdrawal Option (IDCW);INF200K01LM8;INF200K01LL0;1077.5805;1077.5805;1077.5805;21-Apr-2018

Open Ended Schemes ( Debt Scheme - Money Market Fund )


Nippon India Mutual Fund
103050;NIPPON INDIA MONEY MARKET FUND - DAILY IDCW Option;;INF204K01UY6;1000.8238;1000.8238;1000.8238;21-Apr-2018
118718;NIPPON INDIA MONEY MARKET FUND - DIRECT Plan - DAILY IDCW Option;;INF204K01ZN8;1000.8467;1000.8467;1000.8467;21-Apr-2018
118720;NIPPON INDIA MONEY MARKET FUND - DIRECT Plan - MONTHLY IDCW Option;INF204K01ZQ1;INF204K01ZR9;1007.5135;1007.5135;1007.5135;21-Apr-2018
118716;NIPPON INDIA MONEY MARKET FUND - DIRECT Plan - QUARTERLY IDCW Option;INF204K01ZS7;INF204K01ZT5;1010.3203;1010.3203;1010.3203;21-Apr-2018
118717;NIPPON INDIA MONEY MARKET FUND - DIRECT Plan - WEEKLY IDCW Option;;INF204K01ZO6;1001.2054;1001.2054;1001.2054;21-Apr-2018
118715;Nippon India Money Market Fund - Direct Plan Growth Plan - Bonus Option;INF204K01G11;;1545.4046;1545.4046;1545.4046;21-Apr-2018
118719;Nippon India Money Market Fund - Direct Plan Growth Plan - Growth Option;INF204K01ZP3;;2628.1400;2628.1400;2628.1400;21-Apr-2018
103052;NIPPON INDIA MONEY MARKET FUND - MONTHLY IDCW Option;INF204K01VB2;INF204K01VC0;1007.4397;1007.4397;1007.4397;21-Apr-2018
112341;NIPPON INDIA MONEY MARKET FUND - QUARTERLY IDCW Option;INF204K01VD8;INF204K01VE6;1010.4817;1010.4817;1010.4817;21-Apr-2018
103051;NIPPON INDIA MONEY MARKET FUND - WEEKLY IDCW Option;;INF204K01UZ3;1001.2308;1001.2308;1001.2308;21-Apr-2018
103049;Nippon India Money Market Fund-Growth Plan-Bonus Option;INF204K01UX8;;1538.2777;1538.2777;1538.2777;21-Apr-2018
103048;Nippon India Money Market Fund-Growth Plan-Growth Option;INF204K01VA4;;2615.7190;2615.7190;2615.7190;21-Apr-2018

Tata Mutual Fund
119421;Tata Money Market Fund- Direct Plan - Daily Reinvestment of IDCW Option;;INF277K011C6;1114.5200;1114.5200;1114.5200;21-Apr-2018
119424;Tata Money Market Fund- Direct Plan- Growth Option;INF277K01PR6;;3216.5579;3216.5579;3216.5579;21-Apr-2018
101986;Tata Money Market Fund- Regular Plan - Daily Reinvestment of IDCW Option;;INF277K014C0;1114.5200;1114.5200;1114.5200;21-Apr-2018
101847;Tata Money Market Fund-Regular Plan - Growth Option;INF277K01LQ7;;3204.3217;3204.3217;3204.3217;21-Apr-2018

UTI Mutual Fund
120299;UTI MMF - Direct Plan - Growth Option;INF789F01XV6;;1957.6283;1957.6283;1957.6283;21-Apr-2018
112077;UTI MMF - Regular Plan - Growth Option;INF789F01PX8;;1947.3182;1947.3182;1947.3182;21-Apr-2018
100724;UTI MMF- Discontinued - Regular Plan - Flexi Dividend Option;;INF789F01BD0;2508.1538;2508.1538;0;21-Apr-2018
100725;UTI MMF- Discontinued - Regular Plan - Periodic Dividend Option;INF789F01BE8;;1993.0079;1993.0079;0;21-Apr-2018
100723;UTI MMF-Discontinued - Regular Plan -Growth;INF789F01BF5;;4648.2239;4648.2239;0;21-Apr-2018
134973;UTI Money Market Fund - Direct Plan - Annual IDCW;INF789FA1N03;INF789FA1N11;1161.9386;1161.9386;0;21-Apr-2018
120772;UTI Money Market Fund - Direct Plan - Daily IDCW (Reinvestment);;INF789F01XU8;1003.3854;1003.3854;1003.3854;21-Apr-2018
135606;UTI Money Market Fund - Direct Plan - Fortnightly IDCW;INF789FA1M20;INF789FA1M38;1206.0468;1206.0468;0;21-Apr-2018
140023;UTI Money Market Fund - Direct Plan - Half-Yearly IDCW;INF789FA1M87;INF789FA1M95;1003.663;1003.663;0;21-Apr-2018
133387;UTI Money Market Fund - Direct Plan - Monthly IDCW;INF789FA1M46;INF789FA1M53;1136.2638;1136.2638;1136.2638;21-Apr-2018
142249;UTI Money Market Fund - Direct Plan - Quarterly IDCW;INF789FA1M61;INF789FA1M79;1038.3583;1038.3583;0;21-Apr-2018
120793;UTI Money Market Fund - Direct Plan - Weekly IDCW;INF789F01XW4;INF789F01XX2;1015.0574;1015.0574;1015.0574;21-Apr-2018
134972;UTI Money Market Fund - Regular Plan - Annual IDCW;INF789FA1L88;INF789FA1L96;1159.8639;1159.8639;0;21-Apr-2018
112076;UTI Money Market Fund - Regular Plan - Daily IDCW (Reinvestment);;INF789F01PW0;1003.3854;1003.3854;1003.3854;21-Apr-2018
135371;UTI Money Market Fund - Regular Plan - Fortnightly IDCW;INF789FA1L05;INF789FA1L13;1118.1852;1118.1852;0;21-Apr-2018
134763;UTI Money Market Fund - Regular Plan - Half-Yearly IDCW;INF789FA1L62;INF789FA1L70;1094.3463;1094.3463;0;21-Apr-2018
133484;UTI Money Market Fund - Regular Plan - Monthly IDCW;INF789FA1L21;INF789FA1L39;1040.4851;1040.4851;1040.4851;21-Apr-2018
112635;UTI Money Market Fund - Regular Plan - Weekly IDCW;INF789F01PY6;INF789F01PZ3;1015.0408;1015.0408;1015.0408;21-Apr-2018

Close Ended Schemes ( Income )


SBI Mutual Fund
128674;SBI DEBT FUND SERIES A - 13 DIRECT PLAN - GROWTH;INF200KA1960;;13.6652;N.A.;N.A.;21-Apr-2018
128671;SBI DEBT FUND SERIES A - 13 REGULAR PLAN - GROWTH;INF200KA1945;;13.5176;N.A.;N.A.;21-Apr-2018
128931;SBI DEBT FUND SERIES A - 16 DIRECT PLAN - GROWTH;INF200KA1AA0;;13.5368;N.A.;N.A.;21-Apr-2018
128933;SBI DEBT FUND SERIES A - 16 REGULAR PLAN - GROWTH;INF200KA1986;;13.4985;N.A.;N.A.;21-Apr-2018
129391;SBI DEBT FUND SERIES A - 20 DIRECT PLAN - DIVIDEND;INF200KA1BT8;;13.5987;N.A.;N.A.;21-Apr-2018
129392;SBI DEBT FUND SERIES A - 20 DIRECT PLAN - GROWTH;INF200KA1BS0;;13.6001;N.A.;N.A.;21-Apr-2018
129394;SBI DEBT FUND SERIES A - 20 REGULAR PLAN - GROWTH;INF200KA1BQ4;;13.5432;N.A.;N.A.;21-Apr-2018
129443;SBI DEBT FUND SERIES A - 21 DIRECT PLAN - GROWTH;INF200KA1BW2;;13.5468;N.A.;N.A.;21-Apr-2018
129444;SBI DEBT FUND SERIES A - 21 REGULAR PLAN - GROWTH;INF200KA1BU6;;13.4883;N.A.;N.A.;21-Apr-2018
129658;SBI DEBT FUND SERIES A - 22 DIRECT PLAN - DIVIDEND;INF200KA1CV2;;13.5763;N.A.;N.A.;21-Apr-2018
129661;SBI DEBT FUND SERIES A - 22 DIRECT PLAN - GROWTH;INF200KA1CU4;;13.5772;N.A.;N.A.;21-Apr-2018
129660;SBI DEBT FUND SERIES A - 22 REGULAR PLAN - GROWTH;INF200KA1CS8;;13.5012;N.A.;N.A.;21-Apr-2018
129663;SBI DEBT FUND SERIES A - 23 DIRECT PLAN - GROWTH;INF200K010H9;;13.7252;N.A.;N.A.;21-Apr-2018
129664;SBI DEBT FUND SERIES A - 23 REGULAR PLAN - DIVIDEND;INF200K019G2;;13.5676;N.A.;N.A.;21-Apr-2018
129665;SBI DEBT FUND SERIES A - 23 REGULAR PLAN - GROWTH;INF200K018G4;;13.5679;N.A.;N.A.;21-Apr-2018
129708;SBI DEBT FUND SERIES A - 24 DIRECT PLAN - GROWTH;INF200KA1DQ0;;13.5614;N.A.;N.A.;21-Apr-2018
129710;SBI DEBT FUND SERIES A - 24 REGULAR PLAN - GROWTH;INF200KA1DO5;;13.4855;N.A.;N.A.;21-Apr-2018
129848;SBI DEBT FUND SERIES A - 25 DIRECT PLAN - GROWTH;INF200KA1DU2;;13.5064;N.A.;N.A.;21-Apr-2018
129846;SBI DEBT FUND SERIES A - 25 REGULAR PLAN - DIVIDEND;INF200KA1DT4;;13.4441;N.A.;N.A.;21-Apr-2018
129847;SBI DEBT FUND SERIES A - 25 REGULAR PLAN - GROWTH;INF200KA1DS6;;13.4422;N.A.;N.A.;21-Apr-2018
129869;SBI DEBT FUND SERIES A - 26 (682 DAYS) DIRECT PLAN - GROWTH;INF200K012I3;;13.4156;N.A.;N.A.;21-Apr-2018
129871;SBI DEBT FUND SERIES A - 26 (682 DAYS) REGULAR PLAN - GROWTH;INF200K010I7;;13.2893;N.A.;N.A.;21-Apr-2018
129972;SBI DEBT FUND SERIES A - 27 (366 DAYS) DIRECT PLAN - GROWTH;INF200KA1EF1;;13.4677;N.A.;N.A.;21-Apr-2018
129974;SBI DEBT FUND SERIES A - 27 (366 DAYS) REGULAR PLAN - GROWTH;INF200KA1EH7;;13.4076;N.A.;N.A.;21-Apr-2018
130026;SBI DEBT FUND SERIES A - 28 (367 DAYS) - DIRECT PLAN - GROWTH;INF200KA1EO3;;13.4714;N.A.;N.A.;21-Apr-2018
130025;SBI DEBT FUND SERIES A - 28 (367 DAYS) - REGULAR PLAN - GROWTH;INF200KA1EM7;;13.4141;N.A.;N.A.;21-Apr-2018
130238;SBI DEBT FUND SERIES A - 31 (367 DAYS) DIRECT PLAN - GROWTH;INF200KA1EW6;;13.3594;N.A.;N.A.;21-Apr-2018
130237;SBI DEBT FUND SERIES A - 31 (367 DAYS) REGULAR PLAN - GROWTH;INF200KA1EU0;;13.3067;N.A.;N.A.;21-Apr-2018
130283;SBI DEBT FUND SERIES A - 32 (367 DAYS) DIRECT PLAN - GROWTH;INF200KA1FA9;;13.3417;N.A.;N.A.;21-Apr-2018
130284;SBI DEBT FUND SERIES A - 32 (367 DAYS) REGULAR PLAN - DIVIDEND;INF200KA1EZ9;;13.2893;N.A.;N.A.;21-Apr-2018
130281;SBI DEBT FUND SERIES A - 32 (367 DAYS) REGULAR PLAN - GROWTH;INF200KA1EY2;;13.2891;N.A.;N.A.;21-Apr-2018
130322;SBI DEBT FUND SERIES A - 34 (367 DAYS) DIRECT PLAN - GROWTH;INF200KA1FE1;;13.3189;N.A.;N.A.;21-Apr-2018
130323;SBI DEBT FUND SERIES A - 34 (367 DAYS) REGULAR PLAN - GROWTH;INF200KA1FC5;;13.2664;N.A.;N.A.;21-Apr-2018
130445;SBI DEBT FUND SERIES A - 35 (369 DAYS) DIRECT PLAN - GROWTH;INF200KA1FM4;;13.4302;N.A.;N.A.;21-Apr-2018
130442;SBI DEBT FUND SERIES A - 35 (369 DAYS) REGULAR PLAN - GROWTH;INF200KA1FK8;;13.3014;N.A.;N.A.;21-Apr-2018
130599;SBI DEBT FUND SERIES A - 36 (36 Months) DIRECT PLAN - DIVIDEND;INF200K017M4;;13.5147;N.A.;N.A.;21-Apr-2018
130601;SBI DEBT FUND SERIES A - 36 (36 Months) DIRECT PLAN - GROWTH;INF200K016M6;;13.5139;N.A.;N.A.;21-Apr-2018
130600;SBI DEBT FUND SERIES A - 36 (36 Months) REGULAR PLAN - DIVIDEND;INF200K015M8;;13.3611;N.A.;N.A.;21-Apr-2018
130602;SBI DEBT FUND SERIES A - 36 (36 Months) REGULAR PLAN - GROWTH;INF200K014M1;;13.3611;N.A.;N.A.;21-Apr-2018
134626;SBI Debt Fund Series B - 16 (1100 Days) - Direct Plan - Dividend;INF200KA1CN9;;12.6140;N.A.;N.A.;21-Apr-2018
134623;SBI Debt Fund Series B - 16 (1100 Days) - Regular Plan - Growth;INF200KA1CK5;;12.4845;N.A.;N.A.;21-Apr-2018
134624;SBI Debt Fund Series B -16 (1100 Days) - Direct Plan - Growth;INF200KA1CM1;;12.6138;N.A.;N.A.;21-Apr-2018
134625;SBI Debt Fund Series B -16 (1100 Days) - Regular Plan - Dividend;INF200KA1CL3;;12.4844;N.A.;N.A.;21-Apr-2018
134671;SBI DEBT FUND SERIES B - 17 (1100 DAYS) - DIRECT PLAN - DIVIDEND;INF200KA1CZ3;;12.6012;N.A.;N.A.;21-Apr-2018
134670;SBI DEBT FUND SERIES B - 17 (1100 DAYS) - DIRECT PLAN - GROWTH;INF200KA1CY6;;12.5991;N.A.;N.A.;21-Apr-2018
134669;SBI DEBT FUND SERIES B - 17 (1100 DAYS) - REGULAR PLAN - DIVIDEND;INF200KA1CX8;;12.4708;N.A.;N.A.;21-Apr-2018
134672;SBI DEBT FUND SERIES B - 17 (1100 DAYS) - REGULAR PLAN - GROWTH;INF200KA1CW0;;12.4708;N.A.;N.A.;21-Apr-2018
134688;SBI DEBT FUND SERIES B - 18 (1100 DAYS) - DIRECT PLAN - DIVIDEND;INF200KA1ED6;;12.5575;N.A.;N.A.;21-Apr-2018
134689;SBI DEBT FUND SERIES B - 18 (1100 DAYS) - DIRECT PLAN - GROWTH;INF200KA1EC8;;12.5541;N.A.;N.A.;21-Apr-2018
134687;SBI DEBT FUND SERIES B - 18 (1100 DAYS) - REGULAR PLAN - DIVIDEND;INF200KA1EB0;;12.4286;N.A.;N.A.;21-Apr-2018
134690;SBI DEBT FUND SERIES B - 18 (1100 DAYS) - REGULAR PLAN - GROWTH;INF200KA1EA2;;12.4270;N.A.;N.A.;21-Apr-2018
134771;SBI DEBT FUND SERIES B - 19 (1100 Days) - DIRECT PLAN - DIVIDEND;INF200KA1EI5;;12.5925;N.A.;N.A.;21-Apr-2018
134770;SBI DEBT FUND SERIES B - 19 (1100 Days) - DIRECT PLAN - GROWTH;INF200KA1EJ3;;12.5921;N.A.;N.A.;21-Apr-2018
134769;SBI DEBT FUND SERIES B - 19 (1100 Days) - REGULAR PLAN - DIVIDEND;INF200KA1EK1;;12.4663;N.A.;N.A.;21-Apr-2018
134768;SBI DEBT FUND SERIES B - 19 (1100 Days) - REGULAR PLAN - GROWTH;INF200KA1EL9;;12.4663;N.A.;N.A.;21-Apr-2018
134810;SBI DEBT FUND SERIES B - 20 (1100 DAYS) - DIRECT PLAN - DIVIDEND;INF200KA1ET2;;12.5724;N.A.;N.A.;21-Apr-2018
134809;SBI DEBT FUND SERIES B - 20 (1100 DAYS) - DIRECT PLAN - GROWTH;INF200KA1ES4;;12.5724;N.A.;N.A.;21-Apr-2018
134811;SBI DEBT FUND SERIES B - 20 (1100 DAYS) - REGULAR PLAN - DIVIDEND;INF200KA1ER6;;12.4476;N.A.;N.A.;21-Apr-2018
134808;SBI DEBT FUND SERIES B - 20 (1100 DAYS) - REGULAR PLAN - GROWTH;INF200KA1EQ8;;12.4476;N.A.;N.A.;21-Apr-2018
135065;SBI DEBT FUND SERIES B - 22 (1100 DAYS) - DIRECT PLAN - DIVIDEND;INF200KA1FR3;;12.4721;N.A.;N.A.;21-Apr-2018
135063;SBI DEBT FUND SERIES B - 22 (1100 DAYS) - DIRECT PLAN - GROWTH;INF200KA1FQ5;;12.4719;N.A.;N.A.;21-Apr-2018
135062;SBI DEBT FUND SERIES B - 22 (1100 DAYS) - REGULAR PLAN - DIVIDEND;INF200KA1FP7;;12.3516;N.A.;N.A.;21-Apr-2018
135064;SBI DEBT FUND SERIES B - 22 (1100 DAYS) - REGULAR PLAN - GROWTH;INF200KA1FO0;;12.3516;N.A.;N.A.;21-Apr-2018
135104;SBI DEBT FUND SERIES B - 23 (1100 DAYS) - DIRECT PLAN - GROWTH;INF200KA1FV5;;12.4309;N.A.;N.A.;21-Apr-2018
135103;SBI DEBT FUND SERIES B - 23 (1100 DAYS) - DIRECT PLAN -DIVIDEND;INF200KA1FW3;;12.4307;N.A.;N.A.;21-Apr-2018
135102;SBI DEBT FUND SERIES B - 23 (1100 DAYS) - REGULAR PLAN - DIVIDEND;INF200KA1FU7;;12.3152;N.A.;N.A.;21-Apr-2018
135105;SBI DEBT FUND SERIES B - 23 (1100 DAYS) - REGULAR PLAN - GROWTH;INF200KA1FT9;;12.3152;N.A.;N.A.;21-Apr-2018
135326;SBI DEBT FUND SERIES B - 25 (1100 DAYS) - DIRECT PLAN - DIVIDEND;INF200KA1GI0;;12.3536;N.A.;N.A.;21-Apr-2018
135324;SBI DEBT FUND SERIES B - 25 (1100 DAYS) - DIRECT PLAN - GROWTH;INF200KA1GH2;;12.3533;N.A.;N.A.;21-Apr-2018
135327;SBI DEBT FUND SERIES B - 25 (1100 DAYS) - REGULAR PLAN - DIVIDEND;INF200KA1GG4;;12.2389;N.A.;N.A.;21-Apr-2018
135325;SBI DEBT FUND SERIES B - 25 (1100 DAYS) - REGULAR PLAN - GROWTH;INF200KA1GF6;;12.2390;N.A.;N.A.;21-Apr-2018
135565;SBI DEBT FUND SERIES B - 26 (1100 DAYS) - DIRECT PLAN - DIVIDEND;INF200KA1GU5;;12.1279;N.A.;N.A.;21-Apr-2018
135564;SBI DEBT FUND SERIES B - 26 (1100 DAYS) - DIRECT PLAN - GROWTH;INF200KA1GT7;;12.1279;N.A.;N.A.;21-Apr-2018
135563;SBI DEBT FUND SERIES B - 26 (1100 DAYS) - REGULAR PLAN - DIVIDEND;INF200KA1GS9;;12.0216;N.A.;N.A.;21-Apr-2018
135566;SBI DEBT FUND SERIES B - 26 (1100 DAYS) - REGULAR PLAN - GROWTH;INF200KA1GR1;;12.0216;N.A.;N.A.;21-Apr-2018
135708;SBI DEBT FUND SERIES B - 27 (1100 DAYS) - DIRECT PLAN - DIVIDEND;INF200KA1GY7;;12.0467;N.A.;N.A.;21-Apr-2018
135710;SBI DEBT FUND SERIES B - 27 (1100 DAYS) - DIRECT PLAN - GROWTH;INF200KA1GX9;;12.0465;N.A.;N.A.;21-Apr-2018
135707;SBI DEBT FUND SERIES B - 27 (1100 DAYS) - REGULAR PLAN - DIVIDEND;INF200KA1GW1;;11.9439;N.A.;N.A.;21-Apr-2018
135709;SBI DEBT FUND SERIES B - 27 (1100 DAYS) - REGULAR PLAN - GROWTH;INF200KA1GV3;;11.9440;N.A.;N.A.;21-Apr-2018
135788;SBI DEBT FUND SERIES B - 28 (1100 DAYS) - DIRECT PLAN - DIVIDEND;INF200KA1HG2;;12.0215;N.A.;N.A.;21-Apr-2018
135786;SBI DEBT FUND SERIES B - 28 (1100 DAYS) - DIRECT PLAN - GROWTH;INF200KA1HF4;;12.0217;N.A.;N.A.;21-Apr-2018
135785;SBI DEBT FUND SERIES B - 28 (1100 DAYS) - REGULAR PLAN - DIVIDEND;INF200KA1HE7;;11.9201;N.A.;N.A.;21-Apr-2018
135787;SBI DEBT FUND SERIES B - 28 (1100 DAYS) - REGULAR PLAN - GROWTH;INF200KA1HD9;;11.9206;N.A.;N.A.;21-Apr-2018
135904;SBI DEBT FUND SERIES B - 29 (1200 DAYS) - DIRECT PLAN - DIVIDEND;INF200KA1HK4;;12.0292;N.A.;N.A.;21-Apr-2018
135905;SBI DEBT FUND SERIES B - 29 (1200 DAYS) - DIRECT PLAN - GROWTH;INF200KA1HJ6;;12.0296;N.A.;N.A.;21-Apr-2018
135903;SBI DEBT FUND SERIES B - 29 (1200 DAYS) - REGULAR PLAN - DIVIDEND;INF200KA1HI8;;11.9312;N.A.;N.A.;21-Apr-2018
135902;SBI DEBT FUND SERIES B - 29 (1200 DAYS) - REGULAR PLAN - GROWTH;INF200KA1HH0;;11.9311;N.A.;N.A.;21-Apr-2018
136143;SBI DEBT FUND SERIES B - 31 (1200 DAYS) - DIRECT PLAN - DIVIDEND;INF200KA1HW9;;11.9030;N.A.;N.A.;21-Apr-2018
136142;SBI DEBT FUND SERIES B - 31 (1200 DAYS) - DIRECT PLAN - GROWTH;INF200KA1HV1;;11.9032;N.A.;N.A.;21-Apr-2018
136144;SBI DEBT FUND SERIES B - 31 (1200 DAYS) - REGULAR PLAN - DIVIDEND;INF200KA1HU3;;11.8108;N.A.;N.A.;21-Apr-2018
136141;SBI DEBT FUND SERIES B - 31 (1200 DAYS) - REGULAR PLAN - GROWTH;INF200KA1HT5;;11.8110;N.A.;N.A.;21-Apr-2018
136431;SBI DEBT FUND SERIES B - 33 (1131 DAYS) - DIRECT PLAN - DIVIDEND PAYOUT;INF200KA1II6;;11.8396;N.A.;N.A.;21-Apr-2018
136432;SBI DEBT FUND SERIES B - 33 (1131 DAYS) - DIRECT PLAN - GROWTH;INF200KA1IH8;;11.8436;N.A.;N.A.;21-Apr-2018
136434;SBI DEBT FUND SERIES B - 33 (1131 DAYS) - REGULAR PLAN - DIVIDEND PAYOUT;INF200KA1IG0;;11.7543;N.A.;N.A.;21-Apr-2018
136433;SBI DEBT FUND SERIES B - 33 (1131 DAYS) - REGULAR PLAN - GROWTH;INF200KA1IF2;;11.7543;N.A.;N.A.;21-Apr-2018
136477;SBI DEBT FUND SERIES B - 34 (1131 DAYS) - DIRECT PLAN - DIVIDEND PAYOUT;INF200KA1IM8;;11.8053;N.A.;N.A.;21-Apr-2018
136476;SBI DEBT FUND SERIES B - 34 (1131 DAYS) - DIRECT PLAN - GROWTH;INF200KA1IL0;;11.8073;N.A.;N.A.;21-Apr-2018
136475;SBI DEBT FUND SERIES B - 34 (1131 DAYS) - REGULAR PLAN - DIVIDEND PAYOUT;INF200KA1IK2;;11.7193;N.A.;N.A.;21-Apr-2018
136474;SBI DEBT FUND SERIES B - 34 (1131 DAYS) - REGULAR PLAN - GROWTH;INF200KA1IJ4;;11.7193;N.A.;N.A.;21-Apr-2018
136547;SBI DEBT FUND SERIES B - 35 (1131 DAYS) - DIRECT PLAN - DIVIDEND PAYOUT;INF200KA1IQ9;;11.7859;N.A.;N.A.;21-Apr-2018
136548;SBI DEBT FUND SERIES B - 35 (1131 DAYS) - DIRECT PLAN - GROWTH;INF200KA1IP1;;11.7883;N.A.;N.A.;21-Apr-2018
136546;SBI DEBT FUND SERIES B - 35 (1131 DAYS) - REGULAR PLAN - DIVIDEND PAYOUT;INF200KA1IO4;;11.7013;N.A.;N.A.;21-Apr-2018
136545;SBI DEBT FUND SERIES B - 35 (1131 DAYS) - REGULAR PLAN - GROWTH;INF200KA1IN6;;11.7011;N.A.;N.A.;21-Apr-2018
139226;SBI DEBT FUND SERIES B - 36 (1131 DAYS) - DIRECT PLAN - DIVIDEND PAYOUT;INF200KA1IY3;;11.7157;N.A.;N.A.;21-Apr-2018
139227;SBI DEBT FUND SERIES B - 36 (1131 DAYS) - DIRECT PLAN - GROWTH;INF200KA1IX5;;11.7164;N.A.;N.A.;21-Apr-2018
139225;SBI DEBT FUND SERIES B - 36 (1131 DAYS) - REGULAR PLAN - DIVIDEND PAYOUT;INF200KA1IW7;;11.6311;N.A.;N.A.;21-Apr-2018
139228;SBI DEBT FUND SERIES B- 36 (1131 DAYS) - REGULAR PLAN - GROWTH;INF200KA1IV9;;11.6310;N.A.;N.A.;21-Apr-2018
139403;SBI DEBT FUND SERIES B - 41(1100 DAYS)- DIRECT PLAN - DIVIDEND PAYOUT;INF200KA1JS3;;11.5313;N.A.;N.A.;21-Apr-2018
139406;SBI DEBT FUND SERIES B - 41(1100 DAYS)- DIRECT PLAN - GROWTH;INF200KA1JR5;;11.5312;N.A.;N.A.;21-Apr-2018
139405;SBI DEBT FUND SERIES B - 41(1100 DAYS)- REGULAR PALN - GROWTH;INF200KA1JP9;;11.4546;N.A.;N.A.;21-Apr-2018
139404;SBI DEBT FUND SERIES B - 41(1100 DAYS)- REGULAR PLAN - DIVIDEND PAYOUT;INF200KA1JQ7;;11.4546;N.A.;N.A.;21-Apr-2018
139565;SBI DEBT FUNDS SERIES B - 42 (1100 DAYS) - DIRECT PLAN - DIVIDEND PAYOUT;INF200KA1KB7;;11.3713;N.A.;N.A.;21-Apr-2018
139567;SBI DEBT FUNDS SERIES B - 42 (1100 DAYS) - DIRECT PLAN - GROWTH;INF200KA1KA9;;11.3714;N.A.;N.A.;21-Apr-2018
139564;SBI DEBT FUNDS SERIES B - 42 (1100 DAYS) - REGULAR PLAN - DIVIDEND PAYOUT;INF200KA1JZ8;;11.2999;N.A.;N.A.;21-Apr-2018
139566;SBI DEBT FUNDS SERIES B - 42 (1100 DAYS) - REGULAR PLAN - GROWTH;INF200KA1JY1;;11.2999;N.A.;N.A.;21-Apr-2018
139790;SBI DEBT FUND SERIES B - 43(1100 DAYS)- DIRECT PLAN - DIVIDEND PAYOUT;INF200KA1KR3;;11.2040;N.A.;N.A.;21-Apr-2018
139791;SBI DEBT FUND SERIES B - 43(1100 DAYS)- DIRECT PLAN - GROWTH;INF200KA1KQ5;;11.2040;N.A.;N.A.;21-Apr-2018
139789;SBI DEBT FUND SERIES B - 43(1100 DAYS)- REGULAR PLAN - GROWTH;INF200KA1KO0;;11.1383;N.A.;N.A.;21-Apr-2018
139788;SBI DEBT FUND SERIES B - 43(1100 DAYS)-REGULAR PLAN - DIVIDEND PAYOUT;INF200KA1KP7;;11.1383;N.A.;N.A.;21-Apr-2018
140012;SBI Debt Fund Series B - 44 (1100 Days) - Direct Plan - Dividend;INF200KA1LD1;;11.0177;N.A.;N.A.;21-Apr-2018
140011;SBI Debt Fund Series B - 44 (1100 Days) - Direct plan - Growth;INF200KA1LC3;;11.0178;N.A.;N.A.;21-Apr-2018
140014;SBI Debt Fund Series B - 44 (1100 Days) - Regular Plan - Dividend;INF200KA1LB5;;10.9577;N.A.;N.A.;21-Apr-2018
140013;SBI Debt Fund Series B - 44 (1100 Days) - Regular Plan - Growth;INF200KA1LA7;;10.9577;N.A.;N.A.;21-Apr-2018
140736;SBI DEBT FUND SERIES B - 46 (1155 DAYS) - DIRECT PLAN - DIVIDEND PAYOUT;INF200KA1MB3;;10.7325;N.A.;N.A.;21-Apr-2018
140735;SBI DEBT FUND SERIES B - 46 (1155 DAYS) - DIRECT PLAN - GROWTH;INF200KA1MA5;;10.7322;N.A.;N.A.;21-Apr-2018
140734;SBI DEBT FUND SERIES B - 46 (1155 DAYS) - REGULAR PLAN - DIVIDEND PAYOUT;INF200KA1LZ4;;10.6985;N.A.;N.A.;21-Apr-2018
140733;SBI DEBT FUND SERIES B - 46 (1155 DAYS) - REGULAR PLAN - GROWTH;INF200KA1LY7;;10.6989;N.A.;N.A.;21-Apr-2018
140764;SBI DEBT FUND SERIES B - 49 (1170 DAYS) - DIRECT PLAN - DIVIDEND PAYOUT;INF200KA1MV1;;10.7417;N.A.;N.A.;21-Apr-2018
140761;SBI DEBT FUND SERIES B - 49 (1170 DAYS) - DIRECT PLAN - GROWTH;INF200KA1MU3;;10.7417;N.A.;N.A.;21-Apr-2018
140762;SBI DEBT FUND SERIES B - 49 (1170 DAYS) - REGULAR PLAN - DIVIDEND PAYOUT;INF200KA1MT5;;10.7096;N.A.;N.A.;21-Apr-2018
140763;SBI DEBT FUND SERIES B - 49 (1170 DAYS) - REGULAR PLAN - GROWTH;INF200KA1MS7;;10.7092;N.A.;N.A.;21-Apr-2018
141525;SBI DEBT FUND SERIES C - 1 (1100 DAYS) - DIRECT PLAN - DIVIDEND PAYOUT;INF200KA1PX0;;10.4853;N.A.;N.A.;21-Apr-2018
141524;SBI DEBT FUND SERIES C - 1 (1100 DAYS) - DIRECT PLAN - GROWTH;INF200KA1PW2;;10.4854;N.A.;N.A.;21-Apr-2018
141523;SBI DEBT FUND SERIES C - 1 (1100 DAYS) - REGULAR PLAN - DIVIDEND PAYOUT;INF200KA1PV4;;10.4528;N.A.;N.A.;21-Apr-2018
141522;SBI DEBT FUND SERIES C - 1 (1100 DAYS) - REGULAR PLAN - GROWTH;INF200KA1PU6;;10.4523;N.A.;N.A.;21-Apr-2018
142551;SBI Debt Fund Series - C - 10 (1150 Days) - Direct Plan - Income Distribution cum Capital Withdrawal Option (IDCW);INF200KA1SR6;;10.0908;N.A.;N.A.;21-Apr-2018
142552;SBI Debt Fund Series - C - 10 (1150 Days) - Regular Plan - Income Distribution cum Capital Withdrawal Option (IDCW);INF200KA1SP0;;10.0849;N.A.;N.A.;21-Apr-2018
142550;SBI DEBT FUND SERIES C - 10 (1150 DAYS) - DIRECT PLAN - GROWTH;INF200KA1SQ8;;10.0908;N.A.;N.A.;21-Apr-2018
142553;SBI DEBT FUND SERIES C - 10 (1150 DAYS) - REGULAR PLAN - GROWTH;INF200KA1SO3;;10.0849;N.A.;N.A.;21-Apr-2018
142866;SBI DEBT FUND SERIES C - 11 (91 DAYS) - DIRECT PLAN - DIVIDEND PAYOUT;INF200KA1SZ9;;10.0872;N.A.;N.A.;21-Apr-2018
142868;SBI DEBT FUND SERIES C - 11 (91 DAYS) - DIRECT PLAN - GROWTH;INF200KA1SY2;;10.0872;N.A.;N.A.;21-Apr-2018
142867;SBI DEBT FUND SERIES C - 11 (91 DAYS) - REGULAR PLAN - DIVIDEND PAYOUT;INF200KA1SX4;;10.0859;N.A.;N.A.;21-Apr-2018
142865;SBI DEBT FUND SERIES C - 11 (91 DAYS) - REGULAR PLAN - GROWTH;INF200KA1SW6;;10.0859;N.A.;N.A.;21-Apr-2018
142872;SBI Debt Fund Series - C - 12 (1122 Days) - Direct Plan - Income Distribution cum Capital Withdrawal Option (IDCW);INF200KA1TD4;;10.0276;N.A.;N.A.;21-Apr-2018
142870;SBI Debt Fund Series - C - 12 (1122 Days) - Regular Plan - Income Distribution cum Capital Withdrawal Option (IDCW);INF200KA1TB8;;10.0238;N.A.;N.A.;21-Apr-2018
142871;SBI DEBT FUND SERIES C - 12 (1122 DAYS) - DIRECT PLAN - GROWTH;INF200KA1TC6;;10.0276;N.A.;N.A.;21-Apr-2018
142869;SBI DEBT FUND SERIES C - 12 (1122 DAYS) - REGULAR PLAN - GROWTH;INF200KA1TA0;;10.0238;N.A.;N.A.;21-Apr-2018
142955;SBI DEBT FUND SERIES C - 13 (91 DAYS) - DIRECT PLAN - DIVIDEND PAYOUT;INF200KA1TH5;;10.0682;N.A.;N.A.;21-Apr-2018
142953;SBI DEBT FUND SERIES C - 13 (91 DAYS) - DIRECT PLAN - GROWTH;INF200KA1TG7;;10.0681;N.A.;N.A.;21-Apr-2018
142956;SBI DEBT FUND SERIES C - 13 (91 DAYS) - REGULAR PLAN - DIVIDEND PAYOUT;INF200KA1TF9;;10.0670;N.A.;N.A.;21-Apr-2018
142954;SBI DEBT FUND SERIES C - 13 (91 DAYS) - REGULAR PLAN - GROWTH;INF200KA1TE2;;10.0670;N.A.;N.A.;21-Apr-2018
142960;SBI Debt Fund Series - C - 14 (1122 Days) - Direct Plan - Income Distribution cum Capital Withdrawal Option (IDCW);INF200KA1TL7;;10.0175;N.A.;N.A.;21-Apr-2018
142957;SBI Debt Fund Series - C - 14 (1122 Days) - Regular Plan - Income Distribution cum Capital Withdrawal Option (IDCW);INF200KA1TJ1;;10.0151;N.A.;N.A.;21-Apr-2018
142959;SBI DEBT FUND SERIES C - 14 (1122 DAYS) - DIRECT PLAN - GROWTH;INF200KA1TK9;;10.0175;N.A.;N.A.;21-Apr-2018
142958;SBI DEBT FUND SERIES C - 14 (1122 DAYS) - REGULAR PLAN - GROWTH;INF200KA1TI3;;10.0144;N.A.;N.A.;21-Apr-2018
141746;SBI DEBT FUND SERIES C - 2 (1100 DAYS) - DIRECT PLAN - DIVIDEND PAYOUT;INF200KA1RH9;;10.2881;N.A.;N.A.;21-Apr-2018
141745;SBI DEBT FUND SERIES C - 2 (1100 DAYS) - DIRECT PLAN - GROWTH;INF200KA1RG1;;10.2881;N.A.;N.A.;21-Apr-2018
141744;SBI DEBT FUND SERIES C - 2 (1100 DAYS) - REGULAR PLAN - DIVIDEND PAYOUT;INF200KA1RF3;;10.2618;N.A.;N.A.;21-Apr-2018
141747;SBI DEBT FUND SERIES C - 2 (1100 DAYS) - REGULAR PLAN - GROWTH;INF200KA1RE6;;10.2618;N.A.;N.A.;21-Apr-2018
142178;SBI Debt Fund Series - C - 7 (1190 Days) - Direct Plan - Income Distribution cum Capital Withdrawal Option (IDCW);INF200KA1SB0;;10.1402;N.A.;N.A.;21-Apr-2018
142180;SBI Debt Fund Series - C - 7 (1190 Days) - Regular Plan - Income Distribution cum Capital Withdrawal Option (IDCW);INF200KA1RZ1;;10.1295;N.A.;N.A.;21-Apr-2018
142177;SBI DEBT FUND SERIES C - 7 (1190 DAYS) - DIRECT PLAN - GROWTH;INF200KA1SA2;;10.1402;N.A.;N.A.;21-Apr-2018
142179;SBI DEBT FUND SERIES C - 7 (1190 DAYS) - REGULAR PLAN - GROWTH;INF200KA1RY4;;10.1295;N.A.;N.A.;21-Apr-2018
142333;SBI Debt Fund Series - C - 8 (1175 Days) - Direct Plan - Income Distribution cum Capital Withdrawal Option (IDCW);INF200KA1SJ3;;10.1233;N.A.;N.A.;21-Apr-2018
142331;SBI Debt Fund Series - C - 8 (1175 Days) - Regular Plan - Income Distribution cum Capital Withdrawal Option (IDCW);INF200KA1SH7;;10.1147;N.A.;N.A.;21-Apr-2018
142330;SBI DEBT FUND SERIES C - 8 (1175 DAYS) - REGULAR PLAN - GROWTH;INF200KA1SG9;;10.1147;N.A.;N.A.;21-Apr-2018
142332;SBI DEBT FUND SERIES C -8 (1175 DAYS) - DIRECT PLAN - GROWTH;INF200KA1SI5;;10.1233;N.A.;N.A.;21-Apr-2018
142487;SBI Debt Fund Series - C - 9 (1150 Days) - Direct Plan - Income Distribution cum Capital Withdrawal Option (IDCW);INF200KA1SN5;;10.0980;N.A.;N.A.;21-Apr-2018
142486;SBI Debt Fund Series - C - 9 (1150 Days) - Regular Plan - Income Distribution cum Capital Withdrawal Option (IDCW);INF200KA1SL9;;10.0916;N.A.;N.A.;21-Apr-2018
142485;SBI DEBT FUND SERIES C - 9 (1150 DAYS) - DIRECT PLAN - GROWTH;INF200KA1SM7;;10.0980;N.A.;N.A.;21-Apr-2018
142488;SBI DEBT FUND SERIES C - 9 (1150 DAYS) - REGULAR PLAN - GROWTH;INF200KA1SK1;;10.0916;N.A.;N.A.;21-Apr-2018
130023;SBI Dual Advantage Fund - Series III - Direct Plan - Dividend;INF200K015J4;;12.8533;N.A.;N.A.;21-Apr-2018
130024;SBI Dual Advantage Fund - Series III - Direct Plan - Growth;INF200K014J7;;13.1191;N.A.;N.A.;21-Apr-2018
130022;SBI Dual Advantage Fund - Series III - Regular Plan - Dividend;INF200K013J9;;12.7899;N.A.;N.A.;21-Apr-2018
130021;SBI Dual Advantage Fund - Series III - Regular Plan - Growth;INF200K012J1;;12.7885;N.A.;N.A.;21-Apr-2018
134613;SBI DUAL ADVANTAGE FUND - SERIES IX - DIRECT PLAN - DIVIDEND;INF200KA1CB4;;12.4275;N.A.;N.A.;21-Apr-2018
134614;SBI DUAL ADVANTAGE FUND - SERIES IX - DIRECT PLAN - GROWTH;INF200KA1CA6;;12.4276;N.A.;N.A.;21-Apr-2018
134612;SBI DUAL ADVANTAGE FUND - SERIES IX - REGULAR PLAN - DIVIDEND;INF200KA1BZ5;;12.0250;N.A.;N.A.;21-Apr-2018
134611;SBI DUAL ADVANTAGE FUND - SERIES IX - REGULAR PLAN - GROWTH;INF200KA1BY8;;12.0250;N.A.;N.A.;21-Apr-2018
135155;SBI DUAL ADVANTAGE FUND - SERIES X - DIRECT PLAN - DIVIDEND;INF200KA1GE9;;12.4419;N.A.;N.A.;21-Apr-2018
135154;SBI DUAL ADVANTAGE FUND - SERIES X - DIRECT PLAN - GROWTH;INF200KA1GD1;;12.4419;N.A.;N.A.;21-Apr-2018
135156;SBI DUAL ADVANTAGE FUND - SERIES X - REGULAR PLAN - DIVIDEND;INF200KA1GC3;;12.0227;N.A.;N.A.;21-Apr-2018
135153;SBI DUAL ADVANTAGE FUND - SERIES X - REGULAR PLAN - GROWTH;INF200KA1GB5;;12.0228;N.A.;N.A.;21-Apr-2018
135377;SBI DUAL ADVANTAGE FUND - SERIES XI - DIRECT PLAN - DIVIDEND;INF200KA1GM2;;12.3411;N.A.;N.A.;21-Apr-2018
135376;SBI DUAL ADVANTAGE FUND - SERIES XI - DIRECT PLAN - GROWTH;INF200KA1GL4;;12.3412;N.A.;N.A.;21-Apr-2018
135379;SBI DUAL ADVANTAGE FUND - SERIES XI - REGULAR PLAN - DIVIDEND;INF200KA1GK6;;11.9821;N.A.;N.A.;21-Apr-2018
135378;SBI DUAL ADVANTAGE FUND - SERIES XI - REGULAR PLAN - GROWTH;INF200KA1GJ8;;11.9820;N.A.;N.A.;21-Apr-2018
135777;SBI DUAL ADVANATGE FUND - SERIES XII - REGULAR PLAN - DIVIDEND;INF200KA1HA5;;12.0353;N.A.;N.A.;21-Apr-2018
135780;SBI DUAL ADVANTAGE FUND - SERIES XII - DIRECT PLAN - DIVIDEND;INF200KA1HC1;;12.3123;N.A.;N.A.;21-Apr-2018
135778;SBI DUAL ADVANTAGE FUND - SERIES XII - DIRECT PLAN - GROWTH;INF200KA1HB3;;12.3123;N.A.;N.A.;21-Apr-2018
135779;SBI DUAL ADVANTAGE FUND - SERIES XII - REGULAR PLAN - GROWTH;INF200KA1GZ4;;12.0358;N.A.;N.A.;21-Apr-2018
136044;SBI DUAL ADVANTAGE FUND - SERIES XIII - DIRECT PLAN - DIVIDEND;INF200KA1HS7;;12.2835;N.A.;N.A.;21-Apr-2018
136043;SBI DUAL ADVANTAGE FUND - SERIES XIII - DIRECT PLAN - GROWTH;INF200KA1HR9;;12.2835;N.A.;N.A.;21-Apr-2018
136045;SBI DUAL ADVANTAGE FUND - SERIES XIII - REGULAR PLAN - DIVIDEND;INF200KA1HQ1;;12.0220;N.A.;N.A.;21-Apr-2018
136042;SBI DUAL ADVANTAGE FUND - SERIES XIII - REGULAR PLAN - GROWTH;INF200KA1HP3;;12.0219;N.A.;N.A.;21-Apr-2018
140596;SBI DUAL ADVANTAGE FUND - SERIES XIX - DIRECT PLAN - DIVIDEND PAYOUT;INF200KA1LX9;;10.9425;N.A.;N.A.;21-Apr-2018
140597;SBI DUAL ADVANTAGE FUND - SERIES XIX - DIRECT PLAN - GROWTH;INF200KA1LW1;;10.9424;N.A.;N.A.;21-Apr-2018
140598;SBI DUAL ADVANTAGE FUND - SERIES XIX - REGULAR PLAN - DIVIDEND PAYOUT;INF200KA1LV3;;10.8503;N.A.;N.A.;21-Apr-2018
140595;SBI DUAL ADVANTAGE FUND - SERIES XIX - REGULAR PLAN - GROWTH;INF200KA1LU5;;10.8499;N.A.;N.A.;21-Apr-2018
139123;SBI Dual Advantage Fund - Series XV- Direct Plan - Growth;INF200KA1IT3;;11.8037;N.A.;N.A.;21-Apr-2018
139120;SBI Dual Advantage Fund - Series XV- Direct Plan -Dividend Payout;INF200KA1IU1;;11.8037;N.A.;N.A.;21-Apr-2018
139122;SBI Dual Advantage Fund - Series XV- Regular Plan - Dividend Payout;INF200KA1IS5;;11.5623;N.A.;N.A.;21-Apr-2018
139121;SBI Dual Advantage Fund - Series XV- Regular Plan - Growth;INF200KA1IR7;;11.5615;N.A.;N.A.;21-Apr-2018
139531;SBI Dual Advantage Fund - Series XVI - Direct Plan - Dividend Payout;INF200KA1JX3;;11.3590;N.A.;N.A.;21-Apr-2018
139526;SBI Dual Advantage Fund - Series XVI - Direct Plan - Growth;INF200KA1JW5;;11.3610;N.A.;N.A.;21-Apr-2018
139532;SBI Dual Advantage Fund - Series XVI - Regular Plan - Dividend Payout;INF200KA1JV7;;11.2104;N.A.;N.A.;21-Apr-2018
139533;SBI Dual Advantage Fund - Series XVI - Regular Plan - Growth;INF200KA1JU9;;11.2093;N.A.;N.A.;21-Apr-2018
139793;SBI Dual Advantage Fund  XVII - Direct Plan - Dividend Payout;INF200KA1KN2;;11.2839;N.A.;N.A.;21-Apr-2018
139792;SBI Dual Advantage Fund  XVII - Regular Plan - Growth;INF200KA1KK8;;11.1523;N.A.;N.A.;21-Apr-2018
139794;SBI Dual Advantage Fund - Series XVII - Direct Plan - growth;INF200KA1KM4;;11.2836;N.A.;N.A.;21-Apr-2018
139795;SBI Dual Advantage Fund - Series XVII - Regular Plan - Dividend Payout;INF200KA1KL6;;11.1543;N.A.;N.A.;21-Apr-2018
140393;SBI Dual Advantage Fund - Series XVIII - Direct Plan - Dividend Payout;INF200KA1LL4;;11.1604;N.A.;N.A.;21-Apr-2018
140396;SBI Dual Advantage Fund - Series XVIII - Direct Plan - Growth;INF200KA1LK6;;11.2516;N.A.;N.A.;21-Apr-2018
140395;SBI Dual Advantage Fund - Series XVIII - Regular Plan - Dividend Payout;INF200KA1LJ8;;11.0541;N.A.;N.A.;21-Apr-2018
140394;SBI Dual Advantage Fund - Series XVIII - Regular Plan - Growth;INF200KA1LI0;;11.0570;N.A.;N.A.;21-Apr-2018
141350;SBI DUAL ADVANTAGE FUND - SERIES XXII - DIRECT PLAN - DIVIDEND PAYOUT;INF200KA1OR5;;10.6586;N.A.;N.A.;21-Apr-2018
141348;SBI DUAL ADVANTAGE FUND - SERIES XXII - DIRECT PLAN - GROWTH;INF200KA1OQ7;;10.6586;N.A.;N.A.;21-Apr-2018
141347;SBI DUAL ADVANTAGE FUND - SERIES XXII - REGULAR PLAN - DIVIDEND PAYOUT;INF200KA1OP9;;10.5812;N.A.;N.A.;21-Apr-2018
141349;SBI DUAL ADVANTAGE FUND - SERIES XXII - REGULAR PLAN - GROWTH;INF200KA1OO2;;10.5859;N.A.;N.A.;21-Apr-2018
141633;SBI DUAL ADVANTAGE FUND - SERIES XXIII - DIRECT PLAN - DIVIDEND PAYOUT;INF200KA1QZ3;;10.3975;N.A.;N.A.;21-Apr-2018
141634;SBI DUAL ADVANTAGE FUND - SERIES XXIII - DIRECT PLAN - GROWTH;INF200KA1QY6;;10.3989;N.A.;N.A.;21-Apr-2018
141632;SBI DUAL ADVANTAGE FUND - SERIES XXIII - REGULAR PLAN - DIVIDEND PAYOUT;INF200KA1QX8;;10.3446;N.A.;N.A.;21-Apr-2018
141631;SBI DUAL ADVANTAGE FUND - SERIES XXIII - REGULAR PLAN - GROWTH;INF200KA1QW0;;10.3436;N.A.;N.A.;21-Apr-2018
141834;SBI DUAL ADVANTAGE FUND - SERIES XXIV - DIRECT PLAN - DIVIDEND PAYOUT;INF200KA1RL1;;10.2497;N.A.;N.A.;21-Apr-2018
141832;SBI DUAL ADVANTAGE FUND - SERIES XXIV - DIRECT PLAN - GROWTH;INF200KA1RK3;;10.2496;N.A.;N.A.;21-Apr-2018
141831;SBI DUAL ADVANTAGE FUND - SERIES XXIV - REGULAR PLAN - DIVIDEND PAYOUT;INF200KA1RJ5;;10.2090;N.A.;N.A.;21-Apr-2018
141833;SBI DUAL ADVANTAGE FUND - SERIES XXIV - REGULAR PLAN - GROWTH;INF200KA1RI7;;10.2061;N.A.;N.A.;21-Apr-2018
141960;SBI DUAL ADVANTAGE FUND - SERIES XXV - DIRECT PLAN - GROWTH;INF200KA1RS6;;10.0928;N.A.;N.A.;21-Apr-2018
141962;SBI Dual Advantage Fund - Series XXV - Direct Plan - Income Distribution cum Capital Withdrawal Option (IDCW);INF200KA1RT4;;10.0929;N.A.;N.A.;21-Apr-2018
141959;SBI DUAL ADVANTAGE FUND - SERIES XXV - REGULAR PLAN - GROWTH;INF200KA1RQ0;;10.0646;N.A.;N.A.;21-Apr-2018
141961;SBI Dual Advantage Fund - Series XXV - Regular Plan - Income Distribution cum Capital Withdrawal Option (IDCW);INF200KA1RR8;;10.0640;N.A.;N.A.;21-Apr-2018
142259;SBI DUAL ADVANTAGE FUND - SERIES XXVI - DIRECT PLAN - GROWTH;INF200KA1SE4;;10.1321;N.A.;N.A.;21-Apr-2018
142256;SBI Dual Advantage Fund - Series XXVI - Direct Plan - Income Distribution cum Capital Withdrawal Option (IDCW);INF200KA1SF1;;10.1322;N.A.;N.A.;21-Apr-2018
142257;SBI DUAL ADVANTAGE FUND - SERIES XXVI - REGULAR PLAN - GROWTH;INF200KA1SC8;;10.1156;N.A.;N.A.;21-Apr-2018
142258;SBI Dual Advantage Fund - Series XXVI - Regular Plan - Income Distribution cum Capital Withdrawal Option (IDCW);INF200KA1SD6;;10.1158;N.A.;N.A.;21-Apr-2018
142751;SBI DUAL ADVANTAGE FUND - SERIES XXVII - DIRECT PLAN - GROWTH;INF200KA1SU0;;10.0789;N.A.;N.A.;21-Apr-2018
142752;SBI Dual Advantage Fund - Series XXVII - Direct Plan - Income Distribution cum Capital Withdrawal Option (IDCW);INF200KA1SV8;;10.0789;N.A.;N.A.;21-Apr-2018
142749;SBI DUAL ADVANTAGE FUND - SERIES XXVII - REGULAR PLAN - GROWTH;INF200KA1SS4;;10.0726;N.A.;N.A.;21-Apr-2018
142750;SBI Dual Advantage Fund - Series XXVII - Regular Plan - Income Distribution cum Capital Withdrawal Option (IDCW);INF200KA1ST2;;10.0729;N.A.;N.A.;21-Apr-2018
136358;SBI DUAL ADVANTAGE FUND SERIES XIV- DIRECT PLAN - DIVIDEND PAYOUT;INF200KA1IA3;;12.0935;N.A.;N.A.;21-Apr-2018
136359;SBI DUAL ADVANTAGE FUND SERIES XIV- DIRECT PLAN - GROWTH;INF200KA1HZ2;;12.0934;N.A.;N.A.;21-Apr-2018
136361;SBI DUAL ADVANTAGE FUND SERIES XIV- REGULAR PLAN - DIVIDEND PAYOUT;INF200KA1HY5;;11.8370;N.A.;N.A.;21-Apr-2018
136360;SBI DUAL ADVANTAGE FUND SERIES XIV- REGULAR PLAN - GROWTH;INF200KA1HX7;;11.8344;N.A.;N.A.;21-Apr-2018

Close Ended Schemes ( Growth )


SBI Mutual Fund
131339;SBI EQUITY OPPORTUNITIES FUND - SERIES I - DIRECT PLAN - DIVIDEND;INF200K017S1;;11.7913;N.A.;N.A.;21-Apr-2018
131338;SBI EQUITY OPPORTUNITIES FUND - SERIES I - DIRECT PLAN - GROWTH;INF200K016S3;;16.6213;N.A.;N.A.;21-Apr-2018
131337;SBI EQUITY OPPORTUNITIES FUND - SERIES I - REGULAR PLAN - DIVIDEND;INF200K015S5;;11.6769;N.A.;N.A.;21-Apr-2018
131336;SBI EQUITY OPPORTUNITIES FUND - SERIES I - REGULAR PLAN - GROWTH;INF200K014S8;;16.4580;N.A.;N.A.;21-Apr-2018
135507;SBI EQUITY OPPORTUNITIES FUND -  SERIES IV - REGULAR PLAN - GROWTH;INF200KA1GP5;;16.4602;N.A.;N.A.;21-Apr-2018
135506;SBI EQUITY OPPORTUNITIES FUND - SERIES IV - DIRECT PLAN - GROWTH;INF200KA1GN0;;17.0161;N.A.;N.A.;21-Apr-2018
135509;SBI Equity Opportunities Fund-Series IV - Direct Plan - Income Distribution cum Capital Withdrawal Option (IDCW);INF200KA1GO8;;14.4622;N.A.;N.A.;21-Apr-2018
135508;SBI Equity Opportunities Fund-Series IV - Regular Plan - Income Distribution cum Capital Withdrawal Option (IDCW);INF200KA1GQ3;;13.9646;N.A.;N.A.;21-Apr-2018
