Scheme Code;Scheme Name;ISIN Div Payout/ISIN Growth;ISIN Div Reinvestment;Net Asset Value;Repurchase Price;Sale Price;Date

Open Ended Schemes ( Liquid )


Daiwa Mutual Fund
114516;Daiwa Liquid Fund - Institutional - Daily Dividend;-;INF752K01198;1000.5197;1000.5197;1000.5197;22-Jan-2012
114515;Daiwa Liquid Fund - Institutional - Growth;INF752K01206;-;1179.1991;1179.1991;1179.1991;22-Jan-2012
114517;Daiwa Liquid Fund - Institutional - Weekly Dividend;-;INF752K01214;1000.0000;1000.0000;1000.0000;22-Jan-2012
114519;Daiwa Liquid Fund - Regular - Daily Dividend;;INF752K01222;1000.5200;1000.5200;1000.5200;22-Jan-2012
114514;Daiwa Liquid Fund - Regular - Growth;INF752K01230;;1176.7522;1176.7522;1176.7522;22-Jan-2012
114518;Daiwa Liquid Fund - Regular - Weekly Dividend;;INF752K01248;1002.0889;1002.0889;1002.0889;22-Jan-2012

Deutsche Mutual Fund
105672;DWS INSTA CASH PLUS FUND - Regular Plan BONUS OPTION;INF223J01BH3;;10.7348;10.7348;10.7348;22-Jan-2012
106471;DWS Insta Cash Plus Fund -Growth;INF223J01BP6;;136.8718;136.8718;136.8718;22-Jan-2012
106467;DWS Insta Cash Plus Fund-Daily Dividend;;INF223J01BO9;100.3040;100.3040;100.3040;22-Jan-2012
101718;DWS Insta Cash Plus Fund-DIVIDEND-Daily Dividend;;INF223J01BI1;10.3010;10.3010;10.3010;22-Jan-2012
101717;DWS Insta Cash Plus Fund-DIVIDEND-MONTHLY DIVIDEND;INF223J01BK7;INF223J01BL5;10.0905;10.0905;10.0905;22-Jan-2012
101716;DWS Insta Cash Plus Fund-DIVIDEND-WEEKLY DIVIDEND;INF223J01BM3;INF223J01BN1;10.3571;10.3571;10.3571;22-Jan-2012
101719;DWS Insta Cash Plus Fund-Growth-GROWTH;INF223J01BJ9;;17.5039;17.5039;17.5039;22-Jan-2012
101722;DWS Insta Cash Plus Fund-Institutional Plan-Daily Dividend;;INF223J01BA8;10.0516;10.0516;10.0516;22-Jan-2012
101720;DWS Insta Cash Plus Fund-Institutional Plan-Dividend;INF223J01BE0;INF223J01BD2;10.4563;10.4563;10.4563;22-Jan-2012
101721;DWS Insta Cash Plus Fund-Institutional Plan-Growth;INF223J01BB6;;16.5395;16.5395;16.5395;22-Jan-2012
101723;DWS Insta Cash Plus Fund-Institutional Plan-Weekly Dividend;INF223J01BF7;INF223J01BG5;10.3895;10.3895;10.3895;22-Jan-2012
116370;DWS Treasury Fund - Cash Plan - Annual Dividend;INF223J01SF1;INF223J01SG9;10.0783;10.0783;10.0783;22-Jan-2012
114966;DWS Treasury Fund - Cash Plan - Bonus;INF223J01SA2;;10.6606;10.6606;10.6606;22-Jan-2012
112228;DWS Treasury Fund - Cash Plan - Daily Dividend;;INF223J01SB0;10.0391;10.0391;10.0391;22-Jan-2012
112221;DWS Treasury Fund - Cash Plan - Growth;INF223J01SC8;;11.5133;11.5133;11.5133;22-Jan-2012
112227;DWS Treasury Fund - Cash Plan - Institiutional - Daily Dividend;;INF223J01DZ1;100.4970;100.4970;100.4970;22-Jan-2012
112222;DWS Treasury Fund - Cash Plan - Institiutional - Growth;INF223J01EA2;;117.5669;117.5669;117.5669;22-Jan-2012
112963;DWS Treasury Fund - Cash Plan - Institiutional - Monthly Dividend;INF223J01ED6;INF223J01EE4;100.8608;100.8608;100.8608;22-Jan-2012
112969;DWS Treasury Fund - Cash Plan - Institiutional - Weekly Dividend;INF223J01EB0;INF223J01EC8;100.7573;100.7573;100.7573;22-Jan-2012
112965;DWS Treasury Fund - Cash Plan - Monthly Dividend;INF223J01RW8;INF223J01RX6;10.1785;10.1785;10.1785;22-Jan-2012
116391;DWS Treasury Fund - Cash Plan - Quarterly Dividend;INF223J01SD6;INF223J01SE4;10.0787;10.0787;10.0787;22-Jan-2012
112964;DWS Treasury Fund - Cash Plan - Weekly Dividend;INF223J01RY4;INF223J01RZ1;10.1076;10.1076;10.1076;22-Jan-2012

Edelweiss Mutual Fund
109946;Edelweiss Liquid Fund - Growth Option;INF754K01BC6;;10.4161;10.4161;10.4161;22-Jan-2012
109941;Edelweiss Liquid Fund - Institutional Plan - Daily Dividend Option;;INF754K01AZ9;10.0000;10.0000;10.0000;22-Jan-2012
109945;Edelweiss Liquid Fund - Institutional Plan - Growth Option;INF754K01AV8;;10.8703;10.8703;10.8703;22-Jan-2012
109936;Edelweiss Liquid Fund - Institutional Plan - Weekly Dividend Option;;INF754K01BA0;10.0027;10.0027;10.0027;22-Jan-2012
109934;Edelweiss Liquid Fund - Retail Plan - Daily Dividend Option;;INF754K01AS4;10.0000;10.0000;10.0000;22-Jan-2012
109940;Edelweiss Liquid Fund - Retail Plan - Growth Option;INF754K01AO3;;12.1325;12.1325;12.1325;22-Jan-2012
109939;Edelweiss Liquid Fund - Retail Plan - Monthly Dividend Option;INF754K01AP0;INF754K01AR6;10.0513;10.0513;10.0513;22-Jan-2012
109937;Edelweiss Liquid Fund - Retail Plan - Weekly Dividend Option;;INF754K01AT2;10.0024;10.0024;10.0024;22-Jan-2012

Fidelity Mutual Fund
104498;Fidelity Cash Fund - Institutional Plan - Daily Dividend Option;;INF677K01AQ1;10.0025;10.0025;10.0025;22-Jan-2012
104497;Fidelity Cash Fund - Institutional Plan - Growth Option;;;14.2445;14.2445;14.2445;22-Jan-2012
104548;Fidelity Cash Fund - Institutional Plan - Monthly Dividend Option;INF677K01AS7;INF677K01AT5;10.0000;10.0000;10.0000;22-Jan-2012
104546;Fidelity Cash Fund - Institutional Plan - Weekly Dividend Option;;INF677K01AR9;10.1710;10.1710;10.1710;22-Jan-2012
104495;Fidelity Cash Fund - Retail Plan - Daily Dividend option;;INF677K01AL2;10.0025;10.0025;10.0025;22-Jan-2012
104493;Fidelity Cash Fund - Retail Plan - Growth option;;;13.9563;13.9563;13.9563;22-Jan-2012
104547;Fidelity Cash Fund - Retail Plan - Monthly Dividend Option;;;10.0660;10.0660;10.0660;22-Jan-2012
104549;Fidelity Cash Fund - Retail Plan - Weekly Dividend Option;;INF677K01AM0;10.0152;10.0152;10.0152;22-Jan-2012
104494;Fidelity Cash Fund - Super Institutional Plan - Daily Dividend Option;;INF677K01AV1;10.2330;10.2330;10.2330;22-Jan-2012
104496;Fidelity Cash Fund - Super Institutional Plan - Growth Option;INF677K01AU3;;14.3428;14.3428;14.3428;22-Jan-2012
104551;Fidelity Cash Fund - Super Institutional Plan - Monthly Dividend Option;INF677K01AX7;INF677K01AY5;10.0000;10.0000;10.0000;22-Jan-2012
104550;Fidelity Cash Fund - Super Institutional Plan - Weekly Dividend Option;;INF677K01AW9;10.0000;10.0000;10.0000;22-Jan-2012

ING Mutual Fund
100198;ING Liquid Fund-Institutional Daily Dividend Option;INF084M01473;;10.0121;10.0121;10.0121;22-Jan-2012
100196;ING Liquid Fund-Institutional Growth Option;INF084M01465;;16.4626;16.4626;16.4626;22-Jan-2012
100197;ING Liquid Fund-Institutional Weekly Dividend Option;INF084M01499;INF084M01481;10.0687;10.0687;10.0687;22-Jan-2012
100192;ING Liquid Fund-Regular Daily Dividend Option;INF084M01432;;10.7873;10.7873;10.7873;22-Jan-2012
100190;ING Liquid Fund-Regular Growth Option;INF084M01424;;21.9236;21.9236;21.9236;22-Jan-2012
100191;ING Liquid Fund-Regular Weekly Dividend Option;INF084M01457;INF084M01440;10.8400;10.8400;10.8400;22-Jan-2012
100200;ING Liquid Fund-Super Institutional Daily Dividend Option;INF084M01515;;10.0048;10.0048;10.0048;22-Jan-2012
100199;ING Liquid Fund-Super Institutional Growth Option;INF084M01507;;15.7084;15.7084;15.7084;22-Jan-2012
100201;ING Liquid Fund-Super Institutional Weekly Dividend Option;INF084M01531;INF084M01523;10.0000;10.0000;10.0000;22-Jan-2012

Invesco Mutual Fund
106502;Religare Invesco Overnight Fund - Daily Dividend Reinvestment;;INF205K01HS2;1000.0048;1000.0048;1000.0048;22-Jan-2012
106501;Religare Invesco Overnight Fund - Growth;INF205K01HR4;;1238.9308;1238.9308;1238.9308;22-Jan-2012

JM Financial Mutual Fund
101420;JM Floater Short Term Fund - Daily Dividend Option;;INF192K01767;10.0883;10.0883;10.0883;22-Jan-2012
101421;JM Floater Short Term Fund - Growth Option;INF192K01775;;16.6854;16.6854;16.6854;22-Jan-2012

JPMorgan Mutual Fund
106562;JPMorgan India Liquid Fund - Retail Plan - Daily Dividend Option;;INF843K01203;10.0150;10.0150;10.0150;22-Jan-2012
109178;JPMorgan India Liquid Fund - Retail Plan - Fortnightly Dividend Option;;INF843K01229;10.0152;10.0152;10.0152;22-Jan-2012
106561;JPMorgan India Liquid Fund - Retail Plan - Growth Option;INF843K01195;;12.5094;12.5094;12.5094;22-Jan-2012
109179;JPMorgan India Liquid Fund - Retail Plan - Monthly Dividend Option;;INF843K01237;10.0848;10.0848;10.0848;22-Jan-2012
109177;JPMorgan India Liquid Fund - Retail Plan - Weekly Dividend Option;;INF843K01211;10.0277;10.0277;10.0277;22-Jan-2012
110149;JPMorgan India Liquid Fund - Super Institutional Plan - Daily Dividend Option;;INF843K01153;10.0079;10.0079;10.0079;22-Jan-2012
110150;JPMorgan India Liquid Fund - Super Institutional Plan - Growth Option;INF843K01146;;13.6510;13.6510;13.6510;22-Jan-2012
110151;JPMorgan India Liquid Fund - Super Institutional Plan - Monthly Dividend Option;INF843K01500;INF843K01187;10.1040;10.1040;10.1040;22-Jan-2012
110153;JPMorgan India Liquid Fund - Super Institutional Plan - Weekly Dividend Option;INF843K01484;INF843K01161;10.0965;10.0965;10.0965;22-Jan-2012

L&T Mutual Fund
112468;L&T Liquid Fund - Regular Weekly Dividend;;INF917K01BE5;1199.8925;1199.8925;1199.8925;22-Jan-2012

Mirae Asset Mutual Fund
107646;Mirae Asset Liquid Fund- Regular Plan - Daily Dividend;;INF769K01606;1045.6888;1045.6888;1045.6888;22-Jan-2012
107648;Mirae Asset Liquid Fund- Regular Plan - Growth;INF769K01572;;1098.2069;1098.2069;1098.2069;22-Jan-2012
107649;Mirae Asset Liquid Fund- Regular Plan - Monthly Dividend;INF769K01630;INF769K01622;1031.9369;1031.9369;1031.9369;22-Jan-2012
107647;Mirae Asset Liquid Fund- Regular Plan - Weekly Dividend;;INF769K01614;1048.2702;1048.2702;1048.2702;22-Jan-2012

Morgan Stanley Mutual Fund
115812;MS Liquid Fund - Regular- Growth;INF063A01274;;1034.5817;1034.5817;1034.5817;22-Jan-2012
115814;MS Liquid Fund - Regular- Weekly Dividend Plan;;INF063A01290;1001.2303;1001.2303;1001.2303;22-Jan-2012
115813;MS Liquid Fund- Regular Daily Dividend Plan;;INF063A01282;1000.4971;1000.4971;1000.4971;22-Jan-2012
115815;MS Liquid Fund- Regular Monthly Dividend Plan;INF063A01316;INF063A01308;1007.0073;1007.0073;1007.0073;22-Jan-2012

PGIM India Mutual Fund
113184;DHFL Pramerica Liquid Fund - Dividend Option - Daily;;INF663L01088;1000.0950;1000.0950;1000.0950;22-Jan-2012
113187;DHFL Pramerica Liquid Fund - Dividend Option - Fortnightly;INF663L01120;INF663L01104;1002.9624;1002.9624;1002.9624;22-Jan-2012
113186;DHFL Pramerica Liquid Fund - Dividend Option - Monthly;INF663L01138;INF663L01112;1007.1139;1007.1139;1007.1139;22-Jan-2012
113183;DHFL Pramerica Liquid Fund - Growth Option;INF663L01070;;1123.6475;1123.6475;1123.6475;22-Jan-2012
113185;DHFL Pramerica Liquid Fund -Dividend Option- Weekly;;INF663L01096;1001.3473;1001.3473;1001.3473;22-Jan-2012

PineBridge Mutual Fund
106513;PineBridge India Liquid Fund- Standard Plan-Daily Dividend Option;;INF178L01699;1001.0000;1001.0000;1001.0000;22-Jan-2012
106508;PineBridge India Liquid Fund- Standard Plan-Growth Option;INF178L01715;;1353.2800;1353.2800;1353.2800;22-Jan-2012
106509;PineBridge India Liquid Fund- Standard Plan-Weekly Dividend Option;;INF178L01764;1002.4739;1002.4739;1002.4739;22-Jan-2012
106506;PineBridge India Liquid Fund-Institutional Plan-Daily Dividend Option;;INF178L01616;1001.0000;1001.0000;1001.0000;22-Jan-2012
106511;PineBridge India Liquid Fund-Institutional Plan-Growth Option;INF178L01632;;1347.4230;1347.4230;1347.4230;22-Jan-2012
106507;PineBridge India Liquid Fund-Institutional Plan-Weekly Dividend Option;;INF178L01681;1002.4567;1002.4567;1002.4567;22-Jan-2012
106503;PineBridge India Liquid Fund-Retail Plan-DailyDividend Option;;INF178L01533;1001.0000;1001.0000;1001.0000;22-Jan-2012
106514;PineBridge India Liquid Fund-Retail Plan-Growth Option;INF178L01558;;1329.7379;1329.7379;1329.7379;22-Jan-2012
106504;PineBridge India Liquid Fund-Retail Plan-Monthly Dividend Option;INF178L01566;INF178L01574;1007.3654;1007.3654;1007.3654;22-Jan-2012
106516;PineBridge India Liquid Fund-Retail Plan-Quarterly Dividend Option;INF178L01582;INF178L01590;1009.0935;1009.0935;1009.0935;22-Jan-2012
106510;PineBridge India Liquid Fund-Retail Plan-Weekly Dividend Option;;INF178L01608;1002.4073;1002.4073;1002.4073;22-Jan-2012

Sahara Mutual Fund
101397;Sahara Liquid Fund-Fixed Pricing -  Weekly Dividend Option;;INF515L01064;1027.4373;1027.4373;1027.4373;22-Jan-2012
101393;Sahara Liquid Fund-Fixed Pricing - Daily Dividend Option;;INF515L01049;1024.9600;1024.9600;1024.9600;22-Jan-2012
101394;Sahara Liquid Fund-Fixed Pricing - Growth option;INF515L01056;;1910.8819;1910.8819;1910.8819;22-Jan-2012
101398;Sahara Liquid Fund-Fixed Pricing - Monthly Dividend Option;;INF515L01072;1030.5546;1030.5546;1030.5546;22-Jan-2012
101399;Sahara Liquid Fund-Variable Pricing - Daily Dividend option;;INF515L01080;1024.9761;1024.9761;1024.9761;22-Jan-2012
101402;Sahara Liquid Fund-Variable Pricing - Growth option;INF515L01114;;1926.7882;1926.7882;1926.7882;22-Jan-2012
101400;Sahara Liquid Fund-Variable Pricing - Weekly Dividend Option;;INF515L01098;1025.6874;1025.6874;1025.6874;22-Jan-2012
101401;Sahara Liquid Fund-Variable Pricing- Monthly Dividend Option;;INF515L01106;1032.8638;1032.8638;1032.8638;22-Jan-2012

Tata Mutual Fund
101987;Tata Liquid Fund Reglar Plan - Monthly Dividend;INF277K01LR5;INF277K01LS3;0.0000;0.0000;0.0000;22-Jan-2012
101861;Tata Liquid Fund-Regular Plan  - Weekly Dividend;INF277K016C5;;1001.3848;1001.3848;1001.3848;22-Jan-2012
101984;Tata Liquid High Investment Plan - Daily;;;1114.3379;1114.3379;1114.3379;22-Jan-2012
101860;Tata Liquid High Investment Plan - Growth;INF277K01LN4;;1737.7928;1737.7928;1737.7928;22-Jan-2012
101985;Tata Liquid High Investment Plan - Monthly;INF277K01LO2;INF277K01LP9;1025.2629;1025.2629;1025.2629;22-Jan-2012
101859;Tata Liquid High Investment Plan - Weekly;;;1147.8978;1147.8978;1147.8978;22-Jan-2012
101982;Tata Liquid Retail Investment PLan - Daily;;;1116.8143;1116.8143;1116.8143;22-Jan-2012
101983;Tata Liquid Retail Investment Plan - Fortnightly;;;1146.5654;1146.5654;1146.5654;22-Jan-2012
101858;Tata Liquid Retail Investment Plan - Growth;INF277K01LM6;;2396.3329;2396.3329;2396.3329;22-Jan-2012
103631;Tata Liquidity Management Fund - Regular Plan - Daily Dividend;;;1002.6089;1002.6089;1002.6089;22-Jan-2012
103632;Tata Liquidity Management Fund - Regular Plan - Growth;INF277K01LW5;;1417.2996;1417.2996;1417.2996;22-Jan-2012
103519;Tata Liquidity Management Fund - Regular Plan  -Weekly Dividend;;;1006.8136;1006.8136;1006.8136;22-Jan-2012

Open Ended Schemes ( Money Market )


Tata Mutual Fund
102152;Tata Money Market Fund Regular (Bonus / Dividend);;;10.1609;10.1609;10.1609;22-Jan-2012
102153;Tata Money Market Fund Regular (Growth);INF277K01LY1;;16.7662;16.7662;16.7662;22-Jan-2012

Open Ended Schemes ( Debt Scheme - Overnight Fund )


HDFC Mutual Fund
101996;HDFC Overnight Fund - Growth Option;INF179KB1HS3;;17.1296;17.1296;17.1296;22-Jan-2012
101997;HDFC Overnight Fund - IDCW Option (Daily);;INF179KB1IF8;10.4266;10.4266;10.4266;22-Jan-2012

SBI Mutual Fund
114297;SBI Overnight Fund - Regular Plan - Daily Income Distribution cum Capital Withdrawal Option (IDCW);;INF200K01LN6;1009.9100;1009.9100;1009.9100;22-Jan-2012
101206;SBI OVERNIGHT FUND - REGULAR PLAN - GROWTH;INF200K01LQ9;;1815.6865;1815.6865;1815.6865;22-Jan-2012
103140;SBI Overnight Fund - Regular Plan - Weekly Income Distribution cum Capital Withdrawal Option (IDCW);INF200K01LO4;INF200K01LP1;1031.4420;1031.4420;1031.4420;22-Jan-2012

Open Ended Schemes ( Debt Scheme - Liquid Fund )


Aditya Birla Sun Life Mutual Fund
100047;Aditya Birla Sun Life Liquid Fund - Growth;INF209K01RU9;;168.6783;168.6783;168.6783;22-Jan-2012
100046;Aditya Birla Sun Life Liquid Fund -Daily IDCW;INF209K01KQ2;INF209K01SQ5;100.1950;100.1950;100.1950;22-Jan-2012
100041;Aditya Birla Sun Life Liquid Fund -Institutional - IDCW;;INF209K01KN9;108.0230;108.0230;108.0230;22-Jan-2012
100048;Aditya Birla Sun Life Liquid Fund -Institutional - weekly  IDCW;INF209KA1LK7;INF209K01KY6;108.1231;108.1231;108.1231;22-Jan-2012
100044;Aditya Birla Sun Life Liquid Fund -Retail - IDCW;;INF209K01KP4;163.6940;163.6940;163.6940;22-Jan-2012
100051;Aditya Birla Sun Life Liquid Fund -weekly IDCW;INF209K01KU4;INF209KA1LJ9;100.2774;100.2774;100.2774;22-Jan-2012
112014;Aditya Birla Sun Life Liquid Fund- Discipline Advantage Plan;INF209K01KZ3;;115.6955;115.6955;115.6955;22-Jan-2012
100043;Aditya Birla Sun Life Liquid Fund-Institutional (Growth);INF209K01RT1;;282.5945;282.5945;282.5945;22-Jan-2012
100042;Aditya Birla Sun Life Liquid Fund-Retail (Growth);INF209K01ME4;;277.1322;277.1322;277.1322;22-Jan-2012

Axis Mutual Fund
112211;Axis Liquid Fund - Regular Plan - Daily IDCW;;INF846K01420;1000.1031;1000.1031;1000.1031;22-Jan-2012
112210;Axis Liquid Fund - Regular Plan - Growth Option;INF846K01412;;1167.4584;1167.4584;1167.4584;22-Jan-2012
112213;Axis Liquid Fund - Regular Plan - Monthly IDCW;INF846K01453;INF846K01461;1007.0683;1007.0683;1007.0683;22-Jan-2012
112212;Axis Liquid Fund - Regular Plan - Weekly IDCW;INF846K01438;INF846K01446;1003.6289;1003.6289;1003.6289;22-Jan-2012
112712;Axis Liquid Fund - Retail Plan - Daily IDCW;;INF846K01362;1000.0746;1000.0746;1000.0746;22-Jan-2012
112713;Axis Liquid Fund - Retail Plan - Growth Option;INF846K01354;;1143.4211;1143.4211;1143.4211;22-Jan-2012
112714;Axis Liquid Fund - Retail Plan - Monthly IDCW;INF846K01396;INF846K01404;1006.7345;1006.7345;1006.7345;22-Jan-2012
112715;Axis Liquid Fund - Retail Plan - Weekly IDCW;INF846K01370;INF846K01388;1001.5363;1001.5363;1001.5363;22-Jan-2012

Bandhan Mutual Fund
108692;BANDHAN LIQUID Fund - Regular Plan - Daily IDCW;INF194K01VZ4;INF194K01VY7;1000.2500;1000.2500;1000.2500;22-Jan-2012
108690;BANDHAN LIQUID Fund - Regular Plan - Growth;INF194K01VX9;;1281.5127;1281.5127;1281.5127;22-Jan-2012
108693;BANDHAN LIQUID Fund - Regular Plan - Monthly IDCW;INF194K01WF4;INF194K01WE7;1006.1881;1006.1881;1006.1881;22-Jan-2012
115489;BANDHAN LIQUID Fund - Regular Plan - Periodic IDCW;INF194K01WC1;INF194K01WB3;1009.5595;1009.5595;1009.5595;22-Jan-2012
108691;BANDHAN LIQUID Fund - Regular Plan - Weekly IDCW;INF194K01WI8;INF194K01WH0;1000.5196;1000.5196;1000.5196;22-Jan-2012
108779;BANDHAN Liquid Fund-Plan A-Dividend (Daily);INF194K01VC3;INF194K01VB5;1058.1900;1058.1900;1058.1900;22-Jan-2012
108778;BANDHAN Liquid Fund-Plan A-Growth;INF194K01UX1;;1863.6089;1863.6089;1863.6089;22-Jan-2012
115486;BANDHAN Liquid Fund-Plan A-Monthly;INF194K01VF6;INF194K01VE9;1005.8313;1005.8313;1005.8313;22-Jan-2012
115487;BANDHAN Liquid Fund-Plan A-Periodic Dividend;INF194K01UZ6;INF194K01UY9;1009.2621;1009.2621;1009.2621;22-Jan-2012
108607;BANDHAN Liquid Fund - Plan A-Dividend (Weekly);INF194K01VI0;INF194K01VH2;1001.4952;1001.4952;1001.4952;22-Jan-2012
108781;BANDHAN Liquid Fund - Plan B (G) (Institutional Plan);INF194K01VK6;;1880.8674;1880.8674;1880.8674;22-Jan-2012
108629;BANDHAN Liquid Fund - Plan B - Dividend-Weekly;INF194K01VS9;INF194K01VR1;1000.4929;1000.4929;1000.4929;22-Jan-2012
108681;BANDHAN Liquid Fund - Plan B-Daily-Dividend(Institutional Plan);INF194K01VM2;INF194K01VL4;1058.7300;1058.7300;1058.7300;22-Jan-2012

Bank of India Mutual Fund
109257;BANK OF INDIA Liquid Fund- Institutional Plan- Daily Dividend;;;1000.0000;1000.0000;1000.0000;22-Jan-2012
109256;BANK OF INDIA Liquid Fund- Institutional Plan-Growth;INF761K01314;;1241.6081;1241.6081;1241.6081;22-Jan-2012
111971;BANK OF INDIA Liquid Fund- Regular Plan- Daily IDCW;;INF761K01CO4;1000.0000;1000.0000;1000.0000;22-Jan-2012
109254;BANK OF INDIA Liquid Fund- Regular Plan- Growth;INF761K01306;;1224.9285;1224.9285;1224.9285;22-Jan-2012
109255;BANK OF INDIA Liquid Fund- Regular Plan- Weekly IDCW;;INF761K01CP1;1001.2684;1001.2684;1001.2684;22-Jan-2012

Baroda BNP Paribas Mutual Fund
111707;Baroda BNP Paribas LIQUID FUND - Regular Plan - DAILY IDCW OPTION;INF955L01468;INF955L01476;1000.6300;1000.6300;1000.6300;22-Jan-2012
111704;Baroda BNP Paribas LIQUID FUND - Regular Plan - GROWTH OPTION;INF955L01484;;1206.7818;1206.7818;1206.7818;22-Jan-2012
111705;Baroda BNP Paribas LIQUID FUND - Regular Plan - WEEKLY IDCW OPTION;INF251K01SK0;INF955L01500;1001.6555;1001.6555;1001.6555;22-Jan-2012
101408;Baroda BNP Paribas LIQUID FUND- Defunct Plan -Growth Option;INF955L01575;;1829.0734;1829.0734;1829.0734;22-Jan-2012
101407;Baroda BNP Paribas LIQUID FUND-Defunct Plan- IDCW Option;INF955L01559;INF955L01567;1567.0633;1567.0633;1567.0633;22-Jan-2012
101409;Baroda BNP Paribas LIQUID FUND-Defunct Plan-Daily IDCW Option;INF955L01518;INF955L01526;1006.0600;1006.0600;1006.0600;22-Jan-2012

BNP Paribas Mutual Fund
113641;BNP PARIBAS LIQUID Fund-Institutional Plan-Daily Dividend Option;;;10.0030;10.0030;10.0030;22-Jan-2012
113634;BNP PARIBAS LIQUID Fund-Institutional Plan-Growth Option;;;16.2000;16.2000;16.2000;22-Jan-2012
113638;BNP PARIBAS LIQUID Fund-Institutional Plan-Monthly Dividend Payout Option;;;10.0613;10.0613;10.0613;22-Jan-2012
113642;BNP PARIBAS LIQUID Fund-Institutional Plan-Weekly Dividend Option;;;10.0091;10.0091;10.0091;22-Jan-2012
113640;BNP PARIBAS LIQUID Fund-Regular Plan-Growth Option;INF251K01CI8;;15.7214;15.7214;15.7214;22-Jan-2012
113632;BNP PARIBAS LIQUID Fund-Regular Plan-Monthly Dividend;INF251K01CK4;INF251K01CL2;10.0562;10.0562;10.0562;22-Jan-2012
113637;BNP PARIBAS LIQUID Fund-Regular Plan-Weekly Dividend Option;;INF251K01CJ6;10.0085;10.0085;10.0085;22-Jan-2012

Canara Robeco Mutual Fund
109349;CANARA ROBECO LIQUID FUND - REGULAR PLAN - DAILY IDCW (Reinvestment);;INF760K01CU3;1005.5000;1005.5000;1005.5000;22-Jan-2012
109353;CANARA ROBECO LIQUID FUND - REGULAR PLAN - GROWTH OPTION;INF760K01CW9;;1280.9773;1280.9773;1280.9773;22-Jan-2012
109350;CANARA ROBECO LIQUID FUND - REGULAR PLAN - WEEKLY IDCW (Payout/Reinvestment);INF760K01BZ4;INF760K01CZ2;1000.0000;1000.0000;1000.0000;22-Jan-2012
101363;Canara Robeco Liquid Fund- INSTITUTIONAL-Daily Dividend Reinvestment;;INF760K01CC1;1005.5000;1005.5000;1005.5000;22-Jan-2012
101362;Canara Robeco Liquid Fund- INSTITUTIONAL-Growth;INF760K01CD9;;1904.7286;1904.7286;1904.7286;22-Jan-2012
101361;Canara Robeco Liquid Fund- INSTITUTIONAL-Weekly dividend;;INF760K01CE7;1001.0684;1001.0684;1001.0684;22-Jan-2012
109357;Canara Robeco Liquid Fund-Institutional-Fortnightly Div Reinvest;;INF760K01860;1000.0000;1000.0000;1000.0000;22-Jan-2012
109352;Canara Robeco Liquid Fund-Institutional-Monthly Div Reinvest;;INF760K01894;1006.2483;1006.2483;1006.2483;22-Jan-2012
109355;Canara Robeco Liquid Fund-Regular Plan-Fortnightly Div Reinvest.;;INF760K01951;1000.0000;1000.0000;1000.0000;22-Jan-2012
101364;Canara Robeco Liquid Fund-Retail-DRI;;INF760K01CF4;1007.0000;1007.0000;1007.0000;22-Jan-2012
109346;Canara Robeco Liquid Fund-Retail-Fortnightly Div Reinvest;;INF760K01CG2;1006.4462;1006.4462;1006.4462;22-Jan-2012
101365;Canara Robeco Liquid Fund-Retail-Growth;INF760K01CH0;;1889.1824;1889.1824;1889.1824;22-Jan-2012
109347;Canara Robeco Liquid Fund-Retail-Monthly Div Reinvest;;INF760K01CI8;1011.3290;1011.3290;1011.3290;22-Jan-2012
109356;Canara Robeco Liquid Fund-Retail-Weekly Div Reinvest;;INF760K01CJ6;1006.4373;1006.4373;1006.4373;22-Jan-2012

DSP Mutual Fund
103347;DSP Liquidity Fund - Regular Plan - Growth;INF740K01FK9;;1507.7623;1507.7623;1507.7623;22-Jan-2012
103348;DSP Liquidity Fund - Regular Plan - IDCW - Weekly;INF740K01FM5;INF740K01FL7;1000.9703;1000.9703;1000.9703;22-Jan-2012
103349;DSP Liquidity Fund- Regular Plan - IDCW - Daily;;INF740KA1OE0;1000.3161;1000.3161;1000.3161;22-Jan-2012
100943;DSP BlackRock Liquidity Fund - Regular Plan - Daily Dividend;;;10.0100;10.0100;10.0100;22-Jan-2012
100940;DSP BlackRock Liquidity Fund - Regular Plan - Growth;INF740K01CN0;;24.9503;24.9503;24.9503;22-Jan-2012
100941;DSP BlackRock Liquidity Fund - Regular Plan Weekly Dividend;;;12.4198;12.4198;12.4198;22-Jan-2012

Franklin Templeton Mutual Fund
100541;Franklin India Liquid Fund - Regular Plan - Daily - IDCW;;INF090I01BA3;1512.3400;1512.3400;1512.3400;22-Jan-2012
100538;Franklin India Liquid Fund - Regular Plan - Growth;INF090I01BB1;;2571.7834;2571.7834;2571.7834;22-Jan-2012
100537;Franklin India Liquid Fund - Regular Plan - Weekly - IDCW;INF090I01BL0;INF090I01BI6;1244.3238;1244.3238;1244.3238;22-Jan-2012
100547;Franklin India Liquid Fund - Super Institutional Plan - Daily - IDCW;;INF090I01BF2;1000.6730;1000.6730;1000.6730;22-Jan-2012
100546;Franklin India Liquid Fund - Super Institutional Plan - Growth;INF090I01BG0;;1567.0596;1567.0596;1567.0596;22-Jan-2012
100548;Franklin India Liquid Fund - Super Institutional Plan - Weekly - IDCW;INF090I01BM8;INF090I01BH8;1021.1243;1021.1243;1021.1243;22-Jan-2012
102441;Franklin India Liquid Fund - Institution-Growth;INF090I01BD7;;1637.8125;1637.8125;1637.8125;22-Jan-2012
102443;Franklin India Liquid Fund - Institutional Plan - Daily - IDCW;;INF090I01BC9;1000.6730;1000.6730;1000.6730;22-Jan-2012
102442;Franklin India Liquid Fund - Institutional Plan - Weekly - IDCW;INF090I01BJ4;INF090I01BE5;1054.7186;1054.7186;1054.7186;22-Jan-2012

Groww Mutual Fund
115991;Groww Liquid Fund (formerly known as Indiabulls Liquid Fund) - Regular Plan - Growth Option;INF666M01014;;1023.1630;1023.1630;1023.1630;22-Jan-2012
115992;Groww Liquid Fund (formerly known as Indiabulls Liquid Fund)- Regular Plan- - Income Distribution cum capital withdrawal Option (Reinvestment);;INF666M01022;1000.0000;1000.0000;1000.0000;22-Jan-2012
115995;Groww Liquid Fund (formerly known as Indiabulls Liquid Fund)- Regular Plan- Monthly - Income Distribution cum capital withdrawal Option (Payout & Reinvestment);INF666M01071;INF666M01055;1005.2523;1005.2523;1005.2523;22-Jan-2012
115993;Groww Liquid Fund (formerly known as Indiabulls Liquid Fund)- Regular Plan- Weekly - Income Distribution cum capital withdrawal Option (Payout & Reinvestment);INF666M01089;INF666M01030;1001.5687;1001.5687;1001.5687;22-Jan-2012
115994;Groww Liquid Fund (formerly known as Indiabulls Liquid) Fund- Regular Plan- Fortnightly - Income Distribution cum capital withdrawal Option (Payout & Reinvestment);INF666M01063;INF666M01048;1000.0000;1000.0000;1000.0000;22-Jan-2012

HDFC Mutual Fund
100868;HDFC Liquid Fund - Growth Plan;INF179KB1HK0;;20.7966;20.7966;20.7966;22-Jan-2012
100875;HDFC Liquid Fund - IDCW Daily;;INF179KB1IC5;10.1982;10.1982;10.1982;22-Jan-2012
100876;HDFC Liquid Fund - IDCW Monthly;INF179KB1HM6;INF179KB1HL8;10.3336;10.3336;10.3336;22-Jan-2012
100874;HDFC Liquid Fund - IDCW Plan Weekly;INF179KB1ID3;;10.326;10.326;10.326;22-Jan-2012
100877;HDFC Liquid Fund-Premium Plan - Dividend-Daily;;INF179K01KN4;12.2598;12.2598;12.2598;22-Jan-2012
100878;HDFC Liquid Fund-Premium Plan - Dividend-Weekly;INF179K01KP9;;10;10;10;22-Jan-2012
100881;HDFC Liquid Fund-Premium Plus Plan - Dividend-Weekly;INF179K01KS3;;10;10;10;22-Jan-2012
100872;HDFC Liquid Fund-PREMIUM PLUS- Growth;INF179K01KQ7;;21.1493;21.1493;21.1493;22-Jan-2012
100873;HDFC Liquid Fund-PREMIUM- Growth;INF179KB1HN4;;21.1067;21.1067;21.1067;22-Jan-2012

HSBC Mutual Fund
101700;HSBC Cash Fund - Dividend - Daily;;INF336L01321;10.0056;10.0056;10.0056;22-Jan-2012
101702;HSBC Cash Fund - Dividend - Monthly;INF336L01305;INF336L01297;0.0000;0.0000;0.0000;22-Jan-2012
101701;HSBC Cash Fund - Dividend - Weekly;;INF336L01347;10.6616;10.6616;10.6616;22-Jan-2012
101692;HSBC Cash Fund - Inst. - Dividend - Daily;;INF336L01354;10.4401;10.4401;10.4401;22-Jan-2012
101694;HSBC Cash Fund - Inst. - Dividend - Monthly;INF336L01370;INF336L01362;10.5766;10.5766;10.5766;22-Jan-2012
101693;HSBC Cash Fund - Inst. - Dividend - Weekly;;INF336L01388;10.8675;10.8675;10.8675;22-Jan-2012
101691;HSBC Cash Fund - Inst. - Growth;INF336L01289;;16.9108;16.9108;16.9108;22-Jan-2012
101697;HSBC Cash Fund - Regular - Dividend - Daily;;INF336L01263;10.1930;10.1930;10.1930;22-Jan-2012
101698;HSBC Cash Fund - Regular - Dividend - Weekly;;INF336L01313;10.0214;10.0214;10.0214;22-Jan-2012
101696;HSBC Liquid Fund - Growth closed plan;INF336L01271;;16.6950;16.6950;16.6950;22-Jan-2012
101699;HSBC Liquid Fund Closed;INF336L01339;;10.5628;10.5628;10.5628;22-Jan-2012

ICICI Prudential Mutual Fund
100357;ICICI Prudential Liquid Fund -Quarterly IDCW;INF109K01UU5;INF109K01UT7;100.7545;100.7545;100.7545;22-Jan-2012
100359;ICICI Prudential Liquid Institutional Plus Fund - Div - Daily;INF109K01VJ6;;118.5150;118.5150;118.5150;22-Jan-2012
100360;ICICI Prudential Liquid Institutional Plus Fund - Div - Weekly;INF109K01VM0;;118.7570;118.7570;118.7570;22-Jan-2012
100362;ICICI Prudential Liquid Institutional Plus Fund - Growth;INF109K01VK4;;259.3806;259.3806;259.3806;22-Jan-2012
103343;ICICI Prudential Liquid Fund - Daily IDCW;INF109K01VP3;;100.0226;100.0226;100.0226;22-Jan-2012
103340;ICICI Prudential Liquid Fund - Growth;INF109K01VQ1;;155.7613;155.7613;155.7613;22-Jan-2012
104308;ICICI Prudential Liquid Fund - Half Yearly IDCW;INF109K01UX9;INF109K01UW1;102.7911;102.7911;102.7911;22-Jan-2012
103344;ICICI Prudential Liquid Fund - Institutional Option - I;INF109K01VH0;;151.9211;151.9211;151.9211;22-Jan-2012
103342;ICICI Prudential Liquid Fund - Weekly IDCW;INF109K01VS7;;100.3127;100.3127;100.3127;22-Jan-2012
101748;ICICI Prudential Liquid Fund - Institutional - Daily - Div;INF109K01VE7;;118.5020;118.5020;118.5020;22-Jan-2012
101753;ICICI Prudential Liquid Fund - Institutional - Weekly - Div;INF109K01VI8;;118.6227;118.6227;118.6227;22-Jan-2012
101754;ICICI Prudential Liquid Fund Retail Daily Dividend;INF109K01UR1;;118.5140;118.5140;118.5140;22-Jan-2012
101750;ICICI Prudential Liquid Fund Retail Growth;INF109K01UQ3;;251.4056;251.4056;251.4056;22-Jan-2012
101755;ICICI Prudential Liquid Fund Retail Monthly Dividend;INF109K01US9;;100.6759;100.6759;100.6759;22-Jan-2012
101752;ICICI Prudential Liquid Fund Retail Weekly Dividend;INF109K01UV3;;118.9910;118.9910;118.9910;22-Jan-2012
101751;ICICI Prudential Liquid Institutional Fund - Growth;INF109K01VF4;;257.0424;257.0424;257.0424;22-Jan-2012

IDBI Mutual Fund
113104;IDBI Liquid Fund- Monthly IDCW;INF397L01976;INF397L01968;1007.0346;1007.0346;1007.0346;22-Jan-2012
113102;IDBI Liquid Fund-Daily IDCW;;INF397L01935;1000.0000;1000.0000;1000.0000;22-Jan-2012
113096;IDBI Liquid Fund-Growth;INF397L01984;;1130.3381;1130.3381;1130.3381;22-Jan-2012
113103;IDBI Liquid Fund-Weekly IDCW;INF397L01950;INF397L01943;1000.2200;1000.2200;1000.2200;22-Jan-2012

Invesco Mutual Fund
104484;Invesco India Liquid Fund - Daily IDCW (Reinvestment);;INF205K01HN3;1000.7849;1000.7849;1000.7849;22-Jan-2012
104486;Invesco India Liquid Fund - Growth;INF205K01HM5;;1447.5633;1447.5633;1447.5633;22-Jan-2012
104488;Invesco India Liquid Fund - Regular - Growth;INF205K01HG7;;1413.2098;1413.2098;1413.2098;22-Jan-2012
104489;Invesco India Liquid Fund - Regular - Weekly IDCW (Reinvestment);;INF205K01HH5;1001.7350;1001.7350;1001.7350;22-Jan-2012
104483;Religare Invesco Liquid Fund - Institutional - Daily Dividend;;INF205K01HJ1;1000.2250;1000.2250;1000.2250;22-Jan-2012
104491;Religare Invesco Liquid Fund - Institutional - Growth;INF205K01HI3;;1436.1572;1436.1572;1436.1572;22-Jan-2012

JM Financial Mutual Fund
100241;JM High Liquidity Fund-- Institutional Plan - Dividend;INF192K01924;INF192K01932;10.6778;10.6778;10.6778;22-Jan-2012
100237;JM High Liquidity Fund-- Institutional Plan - Growth;INF192K01940;;17.3489;17.3489;17.3489;22-Jan-2012
100238;JM High Liquidity Fund-Institutional Plan - Daily Dividend;;INF192K01916;10.0159;10.0159;10.0159;22-Jan-2012
100245;JM High Liquidity Fund-Super Institutional Plan- Daily Dividend;;INF192K01957;10.0165;10.0165;10.0165;22-Jan-2012
100246;JM High Liquidity Fund-Super Institutional Plan- Weekly  Dividend;INF192K01965;INF192K01973;10.0757;10.0757;10.0757;22-Jan-2012
100244;JM Liquid Fund (Regular) - Quarterly IDCW;INF192K01866;INF192K01874;16.2662;16.2662;16.2662;22-Jan-2012
100247;JM Liquid Fund (Regular) - Super Institutional Plan - Growth Option;INF192K01981;;16.5047;16.5047;16.5047;22-Jan-2012
100233;JM Liquid Fund (Regular) - Weekly IDCW;INF192K01841;INF192K01858;10.9249;10.9249;10.9249;22-Jan-2012
100234;JM Liquid Fund - Growth Option;INF192K01882;;28.7384;28.7384;28.7384;22-Jan-2012
101549;JM Liquid Fund (Regular) - Bonus Option - Principal Units;INF192K01890;;15.0917;15.0917;15.0917;22-Jan-2012
101078;JM Liquid Fund (Regular) - Daily IDCW;;INF192K01833;10.4302;10.4302;10.4302;22-Jan-2012

Kotak Mahindra Mutual Fund
100833;Kotak Liquid Fund - Regular  - Daily Reinvestment of Income Distribution cum capital withdrawal option;;INF174K01NL3;12.2281;12.2281;12.2281;22-Jan-2012
100835;Kotak Liquid Fund - Regular Plan - Growth;INF174K01NI9;;21.3676;21.3676;21.3676;22-Jan-2012
100831;Kotak Liquid Fund -Institutional Plan - (Daily Dividend);;INF174K01GA0;12.2281;12.2281;12.2281;22-Jan-2012
100834;Kotak Liquid Fund Regular Plan Weekly Reinvestment of Income Distribution cum capital withdrawal option Dividend;INF174K01NK5;;10.0000;10.0000;10.0000;22-Jan-2012
100830;Kotak Liquid-Institutional Plan  (Growth);INF174K01FZ9;;20.6561;20.6561;20.6561;22-Jan-2012
100832;Kotak Liquid-Institutional Plan (Weekly Dividend);;INF174K01GB8;10.1054;10.1054;10.1054;22-Jan-2012
100828;Kotak Liquid-Regular (Dividend);;INF174K01FY2;10.0360;10.0360;10.0360;22-Jan-2012
100829;Kotak Liquid-Regular (Growth);INF174K01NM1;;20.1416;20.1416;20.1416;22-Jan-2012

L&T Mutual Fund
112445;L&T Liquid Fund -Regular Plan - Daily IDCW;INF917K01JB4;;1011.6349;1011.6349;1011.6349;22-Jan-2012
112457;L&T Liquid Fund -Regular Plan - Growth;INF917K01JH1;;1445.3432;1445.3432;1445.3432;22-Jan-2012
112456;L&T Liquid Fund-Cum -Institutional Plus;INF917K01BJ4;;2118.6808;2118.6808;2118.6808;22-Jan-2012
112442;L&T Liquid Fund-Regular Cumulative;INF917K01BF2;;2080.5223;2080.5223;2080.5223;22-Jan-2012
112483;L&T Liquid Fund - Institutional Plus Weekly Dividend;INF917K01BH8;INF917K01BI6;1392.1568;1392.1568;1392.1568;22-Jan-2012

LIC Mutual Fund
101184;LIC MF Liquid Fund-Regular Plan-Daily IDCW;INF767K01IQ3;INF767K01IR1;10.9801;10.9801;10.9801;22-Jan-2012
101185;LIC MF Liquid Fund-Regular Plan-Growth;INF767K01IS9;;19.1800;19.1800;19.1800;22-Jan-2012

Mirae Asset Mutual Fund
111647;Mirae Asset Liquid Fund - Regular - Daily IDCW;;INF769K01804;1037.6693;1037.6693;1037.6693;22-Jan-2012
111646;Mirae Asset Liquid Fund - Regular Plan - Growth;INF769K01788;;1146.7714;1146.7714;1146.7714;22-Jan-2012
111645;Mirae Asset Liquid Fund - Regular Plan - Monthly IDCW;INF769K01838;INF769K01820;1126.9130;1126.9130;1126.9130;22-Jan-2012
111644;Mirae Asset Liquid Fund - Regular Plan - Weekly IDCW;INF769K01PC4;INF769K01812;1122.4338;1122.4338;1122.4338;22-Jan-2012

Navi Mutual Fund
112645;Navi Liquid Fund - Regular Plan Daily IDCW;;INF959L01GM7;10.0015;10.0015;10.0015;22-Jan-2012
112647;Navi Liquid Fund - Regular Plan Monthly IDCW;INF959L01GN5;INF959L01GO3;10.0611;10.0611;10.0611;22-Jan-2012
112646;Navi Liquid Fund - Regular Plan Weekly IDCW;INF959L01GP0;INF959L01GQ8;10.0174;10.0174;10.0174;22-Jan-2012
112637;Navi Liquid Fund-Institutional Plan-Dividend Option-Daily;;INF959L01197;10.0015;10.0015;10.0015;22-Jan-2012
112640;Navi Liquid Fund-Institutional Plan-Growth;INF959L01247;;11.4405;11.4405;11.4405;22-Jan-2012
112636;Navi Liquid Fund-Regular Plan-Growth Option;INF959L01GL9;;11.5037;11.5037;11.5037;22-Jan-2012
112641;Navi Liquid Fund-Retail Plan-Dividend Option-Daily;;INF959L01254;10.0015;10.0015;10.0015;22-Jan-2012
112643;Navi Liquid Fund-Retail Plan-Dividend Option-Monthly;INF959L01262;INF959L01270;10.0504;10.0504;10.0504;22-Jan-2012
112642;Navi Liquid Fund-Retail Plan-Dividend Option-Weekly;INF959L01288;INF959L01296;10.0135;10.0135;10.0135;22-Jan-2012
112644;Navi Liquid Fund-Retail Plan-Growth;INF959L01304;;11.3377;11.3377;11.3377;22-Jan-2012

Nippon India Mutual Fund
100852;NIPPON INDIA LIQUID FUND - DAILY IDCW OPTION;;INF204K01UM1;15.2874;15.2874;15.2874;22-Jan-2012
100855;NIPPON INDIA LIQUID FUND - MONTHLY IDCW OPTION;INF204K01UO7;INF204K01UP4;21.8979;21.8979;21.8979;22-Jan-2012
100837;Nippon India Liquid Fund - Retail Option - Growth Plan;INF204K01UL3;;25.0879;25.0879;25.0879;22-Jan-2012
100842;NIPPON INDIA LIQUID FUND - RETAIL Plan - DAILY IDCW OPTION;;INF204K01UJ7;15.2428;15.2428;15.2428;22-Jan-2012
100843;NIPPON INDIA LIQUID FUND - RETAIL plan - MONTHLY IDCW OPTION;INF204K01UT6;INF204K01UU4;13.3975;13.3975;13.3975;22-Jan-2012
100844;NIPPON INDIA LIQUID FUND - RETAIL Plan - QUARTERLY IDCW OPTION;INF204K01UV2;INF204K01UW0;12.2577;12.2577;12.2577;22-Jan-2012
100838;NIPPON INDIA LIQUID FUND - RETAIL Plan - WEEKLY IDCW OPTION;;INF204K01UK5;10.3467;10.3467;10.3467;22-Jan-2012
100853;NIPPON INDIA LIQUID FUND - WEEKLY IDCW OPTION;INF204KC1FM8;INF204K01US8;15.3111;15.3111;15.3111;22-Jan-2012
100851;Nippon India Liquid Fund -Growth Plan;INF204K01UN9;;25.6419;25.6419;25.6419;22-Jan-2012
100849;Reliance Liquid Fund-Cash Plan-Daily Dividend Reinvestment Option;;;11.1415;11.1415;11.1415;22-Jan-2012
100845;Reliance Liquid Fund-Cash Plan-Growth Plan;;;17.0644;17.0644;17.0644;22-Jan-2012
114251;Reliance Liquid Fund-Cash Plan-Monthly Dividend Plan;;;10.0959;10.0959;10.0959;22-Jan-2012
114252;Reliance Liquid Fund-Cash Plan-Quarterly Dividend Plan;;;10.1177;10.1177;10.1177;22-Jan-2012
100848;Reliance Liquid Fund-Cash Plan-Weekly Dividend Reinvestment Option;;;10.9223;10.9223;10.9223;22-Jan-2012

Principal Mutual Fund
100895;Principal Cash Management Fund - Daily Income Distribution CUM Capital Withdrawal;;INF173K01DB7;1000.07;1000.07;1000.07;22-Jan-2012
100897;Principal Cash Management Fund - Monthly Income Distribution CUM Capital Withdrawal Option;INF173K01BV9;INF173K01BW7;1018.6817;1018.6817;1018.6817;22-Jan-2012
100896;Principal Cash Management Fund - Weekly Income Distribution CUM Capital Withdrawal Option;;INF173K01DC5;1006.7823;1006.7823;1006.7823;22-Jan-2012
100898;Principal Cash Management Fund -Growth Option;INF173K01DA9;;1638.3668;1638.3668;1638.3668;22-Jan-2012

quant Mutual Fund
103225;quant Liquid Fund - Growth Option - Regular Plan;INF966L01317;;16.1188;16.1188;16.1188;22-Jan-2012
103228;quant Liquid Fund - Monthly IDCW Option - Regular Plan;INF966L01291;INF966L01309;15.0710;15.0710;15.0710;22-Jan-2012
103227;quant Liquid Fund - Weekly IDCW Option - Regular Plan;INF966L01499;INF966L01283;13.1973;13.1973;13.1973;22-Jan-2012
103226;quant Liquid Fund-Daily IDCW Option - Regular Plan;;INF966L01275;13.5950;13.5950;13.5950;22-Jan-2012

Quantum Mutual Fund
103736;Quantum Liquid Fund - Direct Plan Daily IDCW;;INF082J01135;10.0000;10.0000;10.0000;22-Jan-2012
103734;Quantum Liquid Fund - Direct Plan Growth Option;INF082J01127;;14.9727;14.9727;14.9727;22-Jan-2012
103735;Quantum Liquid Fund - Direct Plan Monthly IDCW;INF082J01143;INF082J01200;10.0668;10.0668;10.0668;22-Jan-2012

SBI Mutual Fund
105274;SBI Liquid Fund - Institutional - Growth;INF200K01LU1;;1673.1191;1673.1191;1673.1191;22-Jan-2012
105275;SBI Liquid Fund - Institutional Daily Income Distribution cum Capital Withdrawal Option (IDCW);;INF200K01LR7;1003.2500;1003.2500;1003.2500;22-Jan-2012
105279;SBI Liquid Fund - Institutional Fortnightly Income Distribution cum Capital Withdrawal Option (IDCW);INF200K01LS5;INF200K01LT3;1020.7584;1020.7584;1020.7584;22-Jan-2012
105278;SBI Liquid Fund - Institutional Weekly Income Distribution cum Capital Withdrawal Option (IDCW);INF200K01LV9;INF200K01LW7;1060.6226;1060.6226;1060.6226;22-Jan-2012
105281;SBI Liquid Fund - Regular Plan - Daily Income Distribution cum Capital Withdrawal Option (IDCW);;INF200K01LX5;1003.2500;1003.2500;1003.2500;22-Jan-2012
105283;SBI Liquid Fund - Regular Plan - Fortnightly Income Distribution cum Capital Withdrawal Option (IDCW);INF200K01LY3;INF200K01LZ0;N.A.;N.A.;N.A.;22-Jan-2012
105282;SBI Liquid Fund - Regular Plan - Weekly Income Distribution cum Capital Withdrawal Option (IDCW);INF200K01MB9;INF200K01MC7;1061.3324;1061.3324;1061.3324;22-Jan-2012
105280;SBI Liquid Fund - REGULAR PLAN -Growth;INF200K01MA1;;1656.2490;1656.2490;1656.2490;22-Jan-2012

Sundaram Mutual Fund
102701;Sundaram Money Fund Institutional Plan - Daily Reinvestment of Income Distribution cum Capital Withdrawal (IDCW);;INF903J01GP2;10.0953;10.0953;10.0953;22-Jan-2012
102702;Sundaram Money Fund Institutional Plan - Fortnightly Reinvestment of Income Distribution cum Capital Withdrawal (IDCW);;INF903J01GR8;0.0000;0.0000;0.0000;22-Jan-2012
102703;Sundaram Money Fund Institutional Plan - Growth;INF903J01GN7;;21.7658;21.7658;21.7658;22-Jan-2012
102704;Sundaram Money Fund Institutional Plan - Monthly Income Distribution cum Capital Withdrawal (IDCW);INF903J01GO5;INF903J01GS6;10.4188;10.4188;10.4188;22-Jan-2012
102705;Sundaram Money Fund Institutional Plan - Quarterly Reinvestment of Income Distribution cum Capital Withdrawal (IDCW);;INF903J01GT4;0.0000;0.0000;0.0000;22-Jan-2012
102706;Sundaram Money Fund Institutional Plan - Weekly Reinvestment of Income Distribution cum Capital Withdrawal (IDCW);;INF903J01GQ0;0.0000;0.0000;0.0000;22-Jan-2012
103392;Sundaram Money Fund Regular Plan - Daily Reinvestment of Income Distribution cum Capital Withdrawal (IDCW);;INF903J01GW8;10.0953;10.0953;10.0953;22-Jan-2012
103395;Sundaram Money Fund Regular Plan - Fortnightly Reinvestment of Income Distribution cum Capital Withdrawal (IDCW);;INF903J01GY4;0.0000;0.0000;0.0000;22-Jan-2012
103397;Sundaram Money Fund Regular Plan - Growth;INF903J01GU2;;22.2073;22.2073;22.2073;22-Jan-2012
103396;Sundaram Money Fund Regular Plan - Monthly Income Distribution cum Capital Withdrawal (IDCW);INF903J01GV0;INF903J01GZ1;0.0000;0.0000;0.0000;22-Jan-2012
103393;Sundaram Money Fund Regular Plan - Quarterly Reinvestment of Income Distribution cum Capital Withdrawal (IDCW);;INF903J01HA2;0.0000;0.0000;0.0000;22-Jan-2012
100620;Sundaram Money Fund Retail Plan - Daily Reinvestment of Income Distribution cum Capital Withdrawal (IDCW);;INF903J01GI7;10.0953;10.0953;10.0953;22-Jan-2012
100622;Sundaram Money Fund Retail Plan - Fortnightly Reinvestment of Income Distribution cum Capital Withdrawal (IDCW);;INF903J01GK3;10.5036;10.5036;10.5036;22-Jan-2012
100618;Sundaram Money Fund Retail Plan - Growth;INF903J01GG1;;21.0985;21.0985;21.0985;22-Jan-2012
100623;Sundaram Money Fund Retail Plan - Monthly Income Distribution cum Capital Withdrawal (IDCW);INF903J01GH9;INF903J01GL1;10.3582;10.3582;10.3582;22-Jan-2012
100619;Sundaram Money Fund Retail Plan - Quarterly Reinvestment of Income Distribution cum Capital Withdrawal (IDCW);;INF903J01GM9;11.8069;11.8069;11.8069;22-Jan-2012
100621;Sundaram Money Fund Retail Plan - Weekly Reinvestment of Income Distribution cum Capital Withdrawal (IDCW);;INF903J01GJ5;10.8116;10.8116;10.8116;22-Jan-2012
103394;Sundaram Money Fund Regular Plan - Weekly Reinvestment of Income Distribution cum Capital Withdrawal (IDCW);;INF903J01GX6;10.8131;10.8131;10.8131;22-Jan-2012

Tata Mutual Fund
102672;Tata Liquid Fund -Regular Plan - Growth Option;INF277K01YD8;;16.5355;16.5355;16.5355;22-Jan-2012
101714;Tata Liquid Fund- Regular Plan - Daily Reinvestment of IDCW Option;;INF277K011D4;10.0152;10.0152;10.0152;22-Jan-2012

Taurus Mutual Fund
111915;Taurus Liquid Fund - Regular Plan - SI Growth Option;INF044D01534;;1135.1200;1135.1200;1135.1200;22-Jan-2012
113248;Taurus Liquid Fund - Regular Plan - SI Weekly Dividend Option;;INF044D01526;1000.7647;1000.7647;1000.7647;22-Jan-2012
111703;Taurus Liquid Fund - Regular Plan -SI Daily Dividend Option;;INF044D01518;1000.0905;1000.0905;1000.0905;22-Jan-2012
111547;Taurus Liquid Fund Insti DDRIP;;INF044D01484;1000.0905;1000.0905;1000.0905;22-Jan-2012
111760;Taurus Liquid Fund Insti Growth;INF044D01500;;1157.3012;1157.3012;1157.3012;22-Jan-2012
104240;Taurus Liquid Fund-Dividend;INF044D01542;INF044D01559;1001.2175;1001.2175;1001.2175;22-Jan-2012
104241;Taurus Liquid Fund-Growth;INF044D01575;;1381.0673;1381.0673;1381.0673;22-Jan-2012

Union Mutual Fund
115401;Union Liquid Fund - Daily IDCW Option;;INF582M01021;1000.1800;1000.1800;1000.1800;22-Jan-2012
115398;Union Liquid Fund - Growth Option;INF582M01013;;1054.7598;1054.7598;1054.7598;22-Jan-2012
115400;Union Liquid Fund - Monthly IDCW Option;INF582M01070;INF582M01054;1006.9554;1006.9554;1006.9554;22-Jan-2012
115402;Union Liquid Fund - Weekly IDCW Option;;INF582M01039;1001.4912;1001.4912;1001.4912;22-Jan-2012

UTI Mutual Fund
102010;UTI Liquid Fund - Regular Plan - Daily IDCW (Reinvestment);;INF789F01PG3;1019.4457;1019.4457;1019.4457;22-Jan-2012
102011;UTI Liquid Fund - Regular Plan - Monthly IDCW;INF789F01PI9;INF789F01PJ7;1030.4754;1030.4754;1030.4754;22-Jan-2012
102013;UTI Liquid Fund - Regular Plan - Weekly IDCW;;INF789F01PK5;1042.4918;1042.4918;1042.4918;22-Jan-2012
102012;UTI-  Liquid Cash Plan - Regular Plan - Growth Option;INF789F01PH1;;1728.7623;1728.7623;1728.7623;22-Jan-2012
102008;UTI-  Liquid Cash Plan- Discontinued - Regular Plan - Monthly Dividend Option;INF789F01BC2;INF789F01BA6;1102.5566;1102.5566;1102.5566;22-Jan-2012
102009;UTI-  Liquid Cash Plan- Discontinued - Regular Plan -Growth;INF789F01BB4;;1687.9874;1687.9874;1687.9874;22-Jan-2012
102007;UTI-  Liquid Cash Plan- Discontinued -Regular Plan Periodic Dividend Option;;INF789F01AZ5;1100.4415;1100.4415;1100.4415;22-Jan-2012

Open Ended Schemes ( Debt Scheme - Ultra Short Duration Fund )


Principal Mutual Fund
107329;Principal Ultra Short Term Fund-Daily Income Distribution CUM Capital Withdrawal Option;;INF173K01CV7;1005.43;1005.43;1005.43;22-Jan-2012
107328;Principal Ultra Short Term Fund-Growth Option;INF173K01CU9;;1174.7412;1174.7412;1174.7412;22-Jan-2012
107332;Principal Ultra Short Term Fund-Weekly Income Distribution CUM Capital Withdrawal Option;;INF173K01CW5;1012.471;1012.471;1012.471;22-Jan-2012

SBI Mutual Fund
105080;SBI Ultra Short Duration Fund - Regular Plan - Daily Income Distribution cum Capital Withdrawal Option (IDCW);;INF200K01LK2;1675.0300;1675.0300;1675.0300;22-Jan-2012
100641;SBI ULTRA SHORT DURATION FUND - REGULAR PLAN - GROWTH;INF200K01LJ4;;2334.3054;2334.3054;2334.3054;22-Jan-2012
103884;SBI Ultra Short Duration Fund - Regular Plan - Weekly Income Distribution cum Capital Withdrawal Option (IDCW);INF200K01LM8;INF200K01LL0;1077.8458;1077.8458;1077.8458;22-Jan-2012

Open Ended Schemes ( Debt Scheme - Money Market Fund )


Aditya Birla Sun Life Mutual Fund
101973;Aditya Birla Sun Life Money Manager Fund - Daily IDCW;;INF209K01SZ6;100.0200;100.0200;100.0200;22-Jan-2012
101976;Aditya Birla Sun Life Money Manager Fund - Growth;INF209K01RV7;;139.8127;139.8127;139.8127;22-Jan-2012
101972;Aditya Birla Sun Life Money Manager Fund - Retail - Daily IDCW;;INF209K01JZ5;100.0150;100.0150;100.0150;22-Jan-2012
101970;Aditya Birla Sun Life Money Manager Fund - RETAIL - WEEKLY IDCW;;INF209K01JY8;103.7987;103.7987;103.7987;22-Jan-2012
101971;Aditya Birla Sun Life Money Manager Fund - Retail Growth;INF209K01MJ3;;173.3074;173.3074;173.3074;22-Jan-2012
101974;Aditya Birla Sun Life Money Manager Fund - WEEKLY IDCW;;INF209K01SY9;100.1291;100.1291;100.1291;22-Jan-2012

HDFC Mutual Fund
101994;HDFC Money Market Fund - Daily IDCW Option;;INF179KB1IG6;10.6364;10.6364;10.6364;22-Jan-2012
101993;HDFC Money Market Fund - Growth Option;INF179KB1HR5;;21.995;21.995;21.995;22-Jan-2012
101995;HDFC Money Market Fund - Weekly IDCW Option;INF179KB1IH4;INF179KB1II2;10.6301;10.6301;10.6301;22-Jan-2012

ICICI Prudential Mutual Fund
115328;ICICI Prudential Money Market Fund Dividend;INF109K01I72;;100.0020;100.0020;100.0020;22-Jan-2012
101221;ICICI Prudential Money Market Fund Retail Growth (erstwhile Cash Option);INF109K01TW3;;167.3985;167.3985;167.3985;22-Jan-2012
103634;ICICI Prudential Money Market Fund Option - Daily IDCW;INF109K01TY9;;100.0115;100.0115;100.0115;22-Jan-2012
103633;ICICI Prudential Money Market Fund Option - Growth;INF109K01TX1;;145.6619;145.6619;145.6619;22-Jan-2012
103637;ICICI Prudential Money Market Fund Option - Monthly IDCW;INF109K01UC3;INF109K01UB5;100.8572;100.8572;100.8572;22-Jan-2012
103635;ICICI Prudential Money Market Fund Option - Weekly IDCW;INF109K01TZ6;;100.2232;100.2232;100.2232;22-Jan-2012
103636;ICICI Prudential Money Market Fund Option -Fortnightly IDCW;INF109K01UA7;;100.4691;100.4691;100.4691;22-Jan-2012

Kotak Mahindra Mutual Fund
106842;Kotak Money Market Fund - (Daily Reinvestment of Income Distribution cum capital withdrawal option);INF174K01ND0;;10.1162;10.1162;10.1162;22-Jan-2012
101893;Kotak Money Market Fund - (Growth);INF174K01NA6;;17.2399;17.2399;17.2399;22-Jan-2012
101892;Kotak Money market Fund - (Monthly Payout of Income Distribution cum capital withdrawal option);INF174K018O0;INF174K01NB4;10.0392;10.0392;10.0392;22-Jan-2012
101894;Kotak Money Market Fund - (Weekly Reinvestment of Income Distribution cum capital withdrawal option);INF174K01NC2;;10.1351;10.1351;10.1351;22-Jan-2012

Nippon India Mutual Fund
103050;NIPPON INDIA MONEY MARKET FUND - DAILY IDCW Option;;INF204K01UY6;10.0051;10.0051;10.0051;22-Jan-2012
103048;Nippon India Money Market Fund-Growth Plan-Growth Option;INF204K01VA4;;15.8667;15.8667;15.8667;22-Jan-2012

quant Mutual Fund
103465;Quant Money Market Fund-Dividend Option;INF966L01382;INF966L01390;14.5216;14.5216;14.5216;22-Jan-2012
103464;Quant Money Market Fund-Growth Option;INF966L01408;;15.7101;15.7101;15.7101;22-Jan-2012

Tata Mutual Fund
101986;Tata Money Market Fund- Regular Plan - Daily Reinvestment of IDCW Option;;INF277K014C0;1114.5200;1114.5200;1114.5200;22-Jan-2012
101847;Tata Money Market Fund-Regular Plan - Growth Option;INF277K01LQ7;;1945.0213;1945.0213;1945.0213;22-Jan-2012

UTI Mutual Fund
112077;UTI MMF - Regular Plan - Growth Option;INF789F01PX8;;1179.7982;1179.7982;1179.7982;22-Jan-2012
100724;UTI MMF- Discontinued - Regular Plan - Flexi Dividend Option;;INF789F01BD0;1940.1861;1940.1861;1940.1861;22-Jan-2012
100725;UTI MMF- Discontinued - Regular Plan - Periodic Dividend Option;INF789F01BE8;;1931.1546;1931.1546;1931.1546;22-Jan-2012
100723;UTI MMF-Discontinued - Regular Plan -Growth;INF789F01BF5;;2916.1916;2916.1916;2916.1916;22-Jan-2012
112076;UTI Money Market Fund - Regular Plan - Daily IDCW (Reinvestment);;INF789F01PW0;1003.3854;1003.3854;1003.3854;22-Jan-2012
112635;UTI Money Market Fund - Regular Plan - Weekly IDCW;INF789F01PY6;INF789F01PZ3;1014.5617;1014.5617;1014.5617;22-Jan-2012

Open Ended Schemes ( Debt Scheme - Floater Fund )


Franklin Templeton Mutual Fund
101048;Franklin India Floating Rate Fund - Growth Plan;INF090I01LM7;;17.5741;17.5741;17.5741;22-Jan-2012
101044;Franklin India Floating Rate Fund - IDCW ;INF090I01LN5;;10.0002;10.0002;10.0002;22-Jan-2012

Close Ended Schemes ( Income )


SBI Mutual Fund
114781;SBI Capital Protection Oriented Fund - Series II -;INF200K01ED2;;10.5108;N.A.;N.A.;22-Jan-2012
115824;SBI Capital Protection Oriented Fund - Series III - Growth;INF200K01IH4;;10.2862;N.A.;N.A.;22-Jan-2012
114554;SBI Debt Fund Series - 15 Months - 6 Dividend;INF200K01EA8;;10.8893;N.A.;N.A.;22-Jan-2012
114555;SBI Debt Fund Series - 15 Months - 6 Growth;INF200K01DZ7;;10.9414;N.A.;N.A.;22-Jan-2012
116505;SBI DEBT FUND SERIES - 15 MONTHS - 7 - DIVIDEND;INF200K01LA3;;10.0232;N.A.;N.A.;22-Jan-2012
116506;SBI DEBT FUND SERIES - 15 MONTHS - 7 - GROWTH;INF200K01KZ2;;10.0232;N.A.;N.A.;22-Jan-2012
116408;SBI DEBT FUND SERIES - 18 MONTHS - 10 - DIVIDEND;INF200K01LI6;;10.0396;N.A.;N.A.;22-Jan-2012
116407;SBI DEBT FUND SERIES - 18 MONTHS - 10 - GROWTH;INF200K01LH8;;10.0396;N.A.;N.A.;22-Jan-2012
114442;SBI Debt Fund Series - 18 Months - 6 - Dividend Option;INF200K01CI5;;10.9101;N.A.;N.A.;22-Jan-2012
114443;SBI Debt Fund Series - 18 Months - 6 - Growth Option;INF200K01CH7;;10.9099;N.A.;N.A.;22-Jan-2012
115899;SBI DEBT FUND SERIES - 18 Months - 7 - DIVIDEND;INF200K01GX5;;10.2725;N.A.;N.A.;22-Jan-2012
115900;SBI DEBT FUND SERIES - 18 Months - 7 - GROWTH;INF200K01GW7;;10.2725;N.A.;N.A.;22-Jan-2012
116016;SBI DEBT FUND SERIES - 18 Months - 8 - DIVIDEND;INF200K01GY3;;10.2398;N.A.;N.A.;22-Jan-2012
116017;SBI DEBT FUND SERIES - 18 Months - 8 - GROWTH;INF200K01GZ0;;10.2435;N.A.;N.A.;22-Jan-2012
116400;SBI DEBT FUND SERIES - 18 MONTHS - 9 - DIVIDEND;INF200K01JI0;;10.0441;N.A.;N.A.;22-Jan-2012
116399;SBI DEBT FUND SERIES - 18 MONTHS - 9 - GROWTH;INF200K01JH2;;10.0441;N.A.;N.A.;22-Jan-2012
113275;SBI Debt Fund Series - 24 Months - 2 - Dividend;INF200K01CK1;;10.9623;N.A.;N.A.;22-Jan-2012
113363;SBI Debt Fund Series - 24 Months - 2 - Growth;INF200K01CJ3;;10.9634;N.A.;N.A.;22-Jan-2012
115263;SBI SDFS - 36 MONTHS - 1 - DIVIDEND;INF200K01EC4;;10.6872;N.A.;N.A.;22-Jan-2012
115262;SBI SDFS - 36 MONTHS - 1 - GROWTH;INF200K01EB6;;10.6872;N.A.;N.A.;22-Jan-2012
116405;SBI DEBT FUND SERIES - 367 DAYS - 12 - DIVIDEND;INF200K01GV9;;10.0558;N.A.;N.A.;22-Jan-2012
116406;SBI DEBT FUND SERIES - 367 DAYS - 12 - GROWTH;INF200K01GU1;;10.0558;N.A.;N.A.;22-Jan-2012
116466;SBI DEBT FUND SERIES - 367 DAYS - 13 - DIVIDEND;INF200K01KI8;;10.0263;N.A.;N.A.;22-Jan-2012
116467;SBI DEBT FUND SERIES - 367 DAYS - 13 - GROWTH;INF200K01KH0;;10.0263;N.A.;N.A.;22-Jan-2012
115598;SBI DEBT FUND SERIES - 367 DAYS - 4 - DIVIDEND;INF200K01GF2;;10.4377;N.A.;N.A.;22-Jan-2012
115599;SBI DEBT FUND SERIES - 367 DAYS 4 - GROWTH;INF200K01GE5;;10.4378;N.A.;N.A.;22-Jan-2012
115075;SBI Debt Fund Series - 370 Days 13 - Dividend Payout;INF200K01EJ9;;10.7174;N.A.;N.A.;22-Jan-2012
115076;SBI Debt Fund Series - 370 Days 13 - Growth;INF200K01EI1;;10.7177;N.A.;N.A.;22-Jan-2012
115012;SBI DEBT FUND SERIES - 370 DAYS 11 - GROWTH;INF200K01EE0;;10.8135;N.A.;N.A.;22-Jan-2012
115013;SBI DEBT FUND SERIES - 370 DAYS 11- DIVIDEND;INF200K01EF7;;10.8132;N.A.;N.A.;22-Jan-2012
115048;SBI Debt Fund Series - 370 Days 12 - Dividend Payout;INF200K01EH3;;10.7278;N.A.;N.A.;22-Jan-2012
115047;SBI Debt Fund Series - 370 Days 12 - Growth;INF200K01EG5;;10.7278;N.A.;N.A.;22-Jan-2012
115260;SBI DEBT FUND SERIES - 370 DAYS - 15 - DIVIDEND;INF200K01EN1;;10.6373;N.A.;N.A.;22-Jan-2012
115261;SBI DEBT FUND SERIES - 370 DAYS - 15 - GROWTH;INF200K01EM3;;10.6374;N.A.;N.A.;22-Jan-2012
113321;SBI Debt Fund Series - 60 Months - 1 - Dividend;INF200K01CQ8;;10.7849;N.A.;N.A.;22-Jan-2012
113401;SBI Debt Fund Series - 60 Months - 1 - Growth;INF200K01CP0;;10.7848;N.A.;N.A.;22-Jan-2012
116063;SBI DEBT FUND SERIES - 90 DAYS - 51 - DIVIDEND;INF200K01FC1;;10.2035;N.A.;N.A.;22-Jan-2012
116064;SBI DEBT FUND SERIES - 90 DAYS 51 - GROWTH;INF200K01FD9;;10.2035;N.A.;N.A.;22-Jan-2012
116125;SBI DEBT FUND SERIES - 90 DAYS - 52 - DIVIDEND;INF200K01FF4;;10.1409;N.A.;N.A.;22-Jan-2012
116126;SBI DEBT FUND SERIES - 90 DAYS 52 - GROWTH;INF200K01FE7;;10.1409;N.A.;N.A.;22-Jan-2012
116404;SBI DEBT FUND SERIES - 90 DAYS - 53 - DIVIDEND;INF200K01FH0;;10.0713;N.A.;N.A.;22-Jan-2012
116403;SBI DEBT FUND SERIES - 90 DAYS - 53 - GROWTH;INF200K01FG2;;10.0713;N.A.;N.A.;22-Jan-2012
116495;SBI DEBT FUND SERIES - 90 DAYS - 54 - DIVIDEND;INF200K01FJ6;;10.0326;N.A.;N.A.;22-Jan-2012
116496;SBI DEBT FUND SERIES - 90 DAYS - 54 - GROWTH;INF200K01FI8;;10.0326;N.A.;N.A.;22-Jan-2012
115679;SBI SDFS 180 DAYS - 21 - DIVIDEND PAYOUT;INF200K01FR9;;10.3624;N.A.;N.A.;22-Jan-2012
115678;SBI SDFS 180 DAYS - 21 - GROWTH;INF200K01FQ1;;10.4010;N.A.;N.A.;22-Jan-2012
115347;SBI SDFS 367 DAYS - 1 - DIVIDEND PAYOUT;INF200K01FZ2;;10.5879;N.A.;N.A.;22-Jan-2012
115348;SBI SDFS 367 DAYS - 1 - GROWTH;INF200K01FY5;;10.5879;N.A.;N.A.;22-Jan-2012
115449;SBI SDFS 367 DAYS - 2 - DIVIDEND PAYOUT;INF200K01GB1;;10.4558;N.A.;N.A.;22-Jan-2012
115450;SBI SDFS 367 DAYS - 2 - GROWTH;INF200K01GA3;;10.5320;N.A.;N.A.;22-Jan-2012
115558;SBI SDFS 367 DAYS - 3 - DIVIDEND PAYOUT;INF200K01GD7;;10.4724;N.A.;N.A.;22-Jan-2012
115559;SBI SDFS 367 DAYS - 3 - GROWTH;INF200K01GC9;;10.4724;N.A.;N.A.;22-Jan-2012
116113;SBI DEBT FUND SERIES 367 DAYS - 10 - DIVIDEND;INF200K01GR7;;10.1405;N.A.;N.A.;22-Jan-2012
116114;SBI DEBT FUND SERIES 367 DAYS - 10 - GROWTH;INF200K01GQ9;;10.1405;N.A.;N.A.;22-Jan-2012
116124;SBI DEBT FUND SERIES 367 DAYS - 11 - DIVIDEND;INF200K01GT3;;10.1405;N.A.;N.A.;22-Jan-2012
116123;SBI DEBT FUND SERIES 367 DAYS - 11 - GROWTH;INF200K01GS5;;10.1405;N.A.;N.A.;22-Jan-2012
115640;SBI DEBT FUND SERIES 367 DAYS - 5 - DIVIDEND;INF200K01GH8;;10.3874;N.A.;N.A.;22-Jan-2012
115639;SBI DEBT FUND SERIES 367 DAYS 5 - GROWTH;INF200K01GG0;;10.3874;N.A.;N.A.;22-Jan-2012
115855;SBI DEBT FUND SERIES 367 DAYS - 6 - DIVIDEND;INF200K01GJ4;;10.2916;N.A.;N.A.;22-Jan-2012
115856;SBI DEBT FUND SERIES 367 DAYS 6 - GROWTH;INF200K01GI6;;10.2921;N.A.;N.A.;22-Jan-2012
115958;SBI DEBT FUND SERIES 367 DAYS - 7 - DIVIDEND;INF200K01GL0;;10.2307;N.A.;N.A.;22-Jan-2012
115959;SBI DEBT FUND SERIES 367 DAYS 7 - GROWTH;INF200K01GK2;;10.2307;N.A.;N.A.;22-Jan-2012
116021;SBI DEBT FUND SERIES 367 DAYS - 8 - DIVIDEND;INF200K01GM8;;10.1987;N.A.;N.A.;22-Jan-2012
116022;SBI DEBT FUND SERIES 367 DAYS 8 - GROWTH;INF200K01GN6;;10.1987;N.A.;N.A.;22-Jan-2012
116058;SBI DEBT FUND SERIES 367 DAYS - 9 - DIVIDEND;INF200K01GO4;;10.1850;N.A.;N.A.;22-Jan-2012
116059;SBI DEBT FUND SERIES 367 DAYS - 9 - GROWTH;INF200K01GP1;;10.1849;N.A.;N.A.;22-Jan-2012
114723;SBI DEBT FUND SERIES 370 DAYS 10 - GROWTH;INF200K01DV6;;10.8941;N.A.;N.A.;22-Jan-2012
114722;SBI DEBT FUND SERIES 370 DAYS 10- Dividend;INF200K01DW4;;10.8940;N.A.;N.A.;22-Jan-2012
114839;REDEEMED-SBI Debt Fund Series - 13 Months 11 - Dividend Payout;INF200K01DY0;;10.8220;N.A.;N.A.;22-Jan-2012
114838;REDEEMED-SBI Debt Fund Series 13 Months 11 - Growth;INF200K01DX2;;10.8222;N.A.;N.A.;22-Jan-2012
114343;Z-REDEEMED-SBI Debt Fund Series - 18 Months - 4 - Dividend Option;INF200K01CE4;;10.9057;N.A.;N.A.;22-Jan-2012
114303;Z-REDEEMED-SBI Debt Fund Series - 18 Months - 4 - Growth Option;INF200K01CD6;;10.9576;N.A.;N.A.;22-Jan-2012
114388;Z-REDEEMED-SBI Debt Fund Series - 18 Months - 5 - Dividend Option;INF200K01CG9;;10.9233;N.A.;N.A.;22-Jan-2012
114389;Z-REDEEMED-SBI Debt Fund Series - 18 Months - 5 - Growth Option;INF200K01CF1;;10.9231;N.A.;N.A.;22-Jan-2012
115978;Z-REDEEMED-SBI DEBT FUND SERIES - 180 DAYS - 22 - DIVIDEND;INF200K01FS7;;10.2359;N.A.;N.A.;22-Jan-2012
115979;Z-REDEEMED-SBI DEBT FUND SERIES - 180 DAYS - 22 - GROWTH;INF200K01FT5;;10.2368;N.A.;N.A.;22-Jan-2012
116095;Z-REDEEMED-SBI DEBT FUND SERIES - 180 DAYS - 23 - DIVIDEND;INF200K01FV1;;10.1794;N.A.;N.A.;22-Jan-2012
116094;Z-REDEEMED-SBI DEBT FUND SERIES - 180 DAYS - 23 - GROWTH;INF200K01FU3;;10.1794;N.A.;N.A.;22-Jan-2012
115152;Z-REDEEMED-SBI Debt Fund Series - 370 days - 14 - Dividend Payout;INF200K01EL5;;10.6665;N.A.;N.A.;22-Jan-2012
115151;Z-REDEEMED-SBI Debt Fund Series - 370 Days - 14 - Growth;INF200K01EK7;;10.6664;N.A.;N.A.;22-Jan-2012
114620;Z-REDEEMED-SBI Debt Fund Series - 370 Days - 9 - Dividend;INF200K01DU8;;10.9312;N.A.;N.A.;22-Jan-2012
114619;Z-REDEEMED-SBI Debt Fund Series - 370 Days - 9 - Growth;INF200K01DT0;;10.9299;N.A.;N.A.;22-Jan-2012
