Scheme Code;Scheme Name;ISIN Div Payout/ISIN Growth;ISIN Div Reinvestment;Net Asset Value;Repurchase Price;Sale Price;Date

Open Ended Schemes ( Liquid )


Daiwa Mutual Fund
114516;Daiwa Liquid Fund - Institutional - Daily Dividend;-;INF752K01198;1000.5197;1000.5197;1000.5197;24-Oct-2012
114515;Daiwa Liquid Fund - Institutional - Growth;INF752K01206;-;1266.2112;1266.2112;1266.2112;24-Oct-2012
114517;Daiwa Liquid Fund - Institutional - Weekly Dividend;-;INF752K01214;1000.4956;1000.4956;1000.4956;24-Oct-2012
114519;Daiwa Liquid Fund - Regular - Daily Dividend;;INF752K01222;1000.5200;1000.5200;1000.5200;24-Oct-2012
114514;Daiwa Liquid Fund - Regular - Growth;INF752K01230;;1263.4820;1263.4820;1263.4820;24-Oct-2012
114518;Daiwa Liquid Fund - Regular - Weekly Dividend;;INF752K01248;1000.9737;1000.9737;1000.9737;24-Oct-2012

Deutsche Mutual Fund
116363;DWS Insta Cash Plus Fund - Annual Dividend Option;INF223J01IP1;INF223J01IQ9;101.0524;101.0524;101.0524;24-Oct-2012
106468;DWS INSTA CASH PLUS FUND - BONUS OPTION;INF223J01BQ4;;100.4630;100.4630;100.4630;24-Oct-2012
106470;DWS Insta Cash Plus Fund - Monthly Dividend;INF223J01BR2;INF223J01BS0;100.4821;100.4821;100.4821;24-Oct-2012
116361;DWS Insta Cash Plus Fund - Regular Plan - Annual Dividend Option;INF223J01IH8;INF223J01II6;10.5881;10.5881;10.5881;24-Oct-2012
116369;DWS Insta cash Plus Fund - Regular Plan - Quarterly Dividend Option;INF223J01IF2;INF223J01IG0;10.5884;10.5884;10.5884;24-Oct-2012
105672;DWS INSTA CASH PLUS FUND - Regular Plan BONUS OPTION;INF223J01BH3;;11.4602;11.4602;11.4602;24-Oct-2012
106472;DWS Insta Cash Plus Fund - Weekly Dividend;INF223J01BT8;INF223J01BU6;100.3442;100.3442;100.3442;24-Oct-2012
106471;DWS Insta Cash Plus Fund -Growth;INF223J01BP6;;146.9592;146.9592;146.9592;24-Oct-2012
106467;DWS Insta Cash Plus Fund-Daily Dividend;;INF223J01BO9;100.3040;100.3040;100.3040;24-Oct-2012
101718;DWS Insta Cash Plus Fund-DIVIDEND-Daily Dividend;;INF223J01BI1;10.3010;10.3010;10.3010;24-Oct-2012
101717;DWS Insta Cash Plus Fund-DIVIDEND-MONTHLY DIVIDEND;INF223J01BK7;INF223J01BL5;10.0588;10.0588;10.0588;24-Oct-2012
101716;DWS Insta Cash Plus Fund-DIVIDEND-WEEKLY DIVIDEND;INF223J01BM3;INF223J01BN1;10.3636;10.3636;10.3636;24-Oct-2012
101719;DWS Insta Cash Plus Fund-Growth-GROWTH;INF223J01BJ9;;18.6872;18.6872;18.6872;24-Oct-2012
101722;DWS Insta Cash Plus Fund-Institutional Plan-Daily Dividend;;INF223J01BA8;10.0516;10.0516;10.0516;24-Oct-2012
101720;DWS Insta Cash Plus Fund-Institutional Plan-Dividend;INF223J01BE0;INF223J01BD2;10.5550;10.5550;10.5550;24-Oct-2012
101721;DWS Insta Cash Plus Fund-Institutional Plan-Growth;INF223J01BB6;;17.7293;17.7293;17.7293;24-Oct-2012
116368;DWS Insta CashPlus Fund - Quarterly Dividend Option;INF223J01IN6;INF223J01IO4;100.4828;100.4828;100.4828;24-Oct-2012
116370;DWS Treasury Fund - Cash Plan - Annual Dividend;INF223J01SF1;INF223J01SG9;106.8334;106.8334;106.8334;24-Oct-2012
114966;DWS Treasury Fund - Cash Plan - Bonus;INF223J01SA2;;113.7122;113.7122;113.7122;24-Oct-2012
112228;DWS Treasury Fund - Cash Plan - Daily Dividend;;INF223J01SB0;100.3910;100.3910;100.3910;24-Oct-2012
112221;DWS Treasury Fund - Cash Plan - Growth;INF223J01SC8;;122.0405;122.0405;122.0405;24-Oct-2012
112227;DWS Treasury Fund - Cash Plan - Institiutional - Daily Dividend;;INF223J01DZ1;100.4970;100.4970;100.4970;24-Oct-2012
112222;DWS Treasury Fund - Cash Plan - Institiutional - Growth;INF223J01EA2;;126.2800;126.2800;126.2800;24-Oct-2012
112963;DWS Treasury Fund - Cash Plan - Institiutional - Monthly Dividend;INF223J01ED6;INF223J01EE4;103.2442;103.2442;103.2442;24-Oct-2012
112969;DWS Treasury Fund - Cash Plan - Institiutional - Weekly Dividend;INF223J01EB0;INF223J01EC8;100.8206;100.8206;100.8206;24-Oct-2012
116391;DWS Treasury Fund - Cash Plan - Quarterly Dividend;INF223J01SD6;INF223J01SE4;106.6336;106.6336;106.6336;24-Oct-2012
112964;DWS Treasury Fund - Cash Plan - Weekly Dividend;INF223J01RY4;INF223J01RZ1;105.9967;105.9967;105.9967;24-Oct-2012

Edelweiss Mutual Fund
109935;Edelweiss Liquid Fund - Daily Dividend Option;;INF754K01BG7;1000.0000;1000.0000;1000.0000;24-Oct-2012
109946;Edelweiss Liquid Fund - Growth Option;INF754K01BC6;;1118.5048;1118.5048;1118.5048;24-Oct-2012
109941;Edelweiss Liquid Fund - Institutional Plan - Daily Dividend Option;;INF754K01AZ9;1000.0000;1000.0000;1000.0000;24-Oct-2012
109945;Edelweiss Liquid Fund - Institutional Plan - Growth Option;INF754K01AV8;;1040.4755;1040.4755;1040.4755;24-Oct-2012
109936;Edelweiss Liquid Fund - Institutional Plan - Weekly Dividend Option;;INF754K01BA0;1000.8603;1000.8603;1000.8603;24-Oct-2012
109934;Edelweiss Liquid Fund - Retail Plan - Daily Dividend Option;;INF754K01AS4;1000.0000;1000.0000;1000.0000;24-Oct-2012
109940;Edelweiss Liquid Fund - Retail Plan - Growth Option;INF754K01AO3;;1295.0452;1295.0452;1295.0452;24-Oct-2012
109939;Edelweiss Liquid Fund - Retail Plan - Monthly Dividend Option;INF754K01AP0;INF754K01AR6;1005.0156;1005.0156;1005.0156;24-Oct-2012
109937;Edelweiss Liquid Fund - Retail Plan - Weekly Dividend Option;;INF754K01AT2;1000.7582;1000.7582;1000.7582;24-Oct-2012

Fidelity Mutual Fund
104498;Fidelity Cash Fund - Institutional Plan - Daily Dividend Option;;INF677K01AQ1;10.0025;10.0025;10.0025;24-Oct-2012
104497;Fidelity Cash Fund - Institutional Plan - Growth Option;;;15.2611;15.2611;15.2611;24-Oct-2012
104546;Fidelity Cash Fund - Institutional Plan - Weekly Dividend Option;;INF677K01AR9;10.1606;10.1606;10.1606;24-Oct-2012
104495;Fidelity Cash Fund - Retail Plan - Daily Dividend option;;INF677K01AL2;10.0025;10.0025;10.0025;24-Oct-2012
104493;Fidelity Cash Fund - Retail Plan - Growth option;;;14.9073;14.9073;14.9073;24-Oct-2012
104547;Fidelity Cash Fund - Retail Plan - Monthly Dividend Option;;;10.0655;10.0655;10.0655;24-Oct-2012
104549;Fidelity Cash Fund - Retail Plan - Weekly Dividend Option;;INF677K01AM0;10.0055;10.0055;10.0055;24-Oct-2012
104494;Fidelity Cash Fund - Super Institutional Plan - Daily Dividend Option;;INF677K01AV1;10.2330;10.2330;10.2330;24-Oct-2012
104496;Fidelity Cash Fund - Super Institutional Plan - Growth Option;INF677K01AU3;;15.3841;15.3841;15.3841;24-Oct-2012
104551;Fidelity Cash Fund - Super Institutional Plan - Monthly Dividend Option;INF677K01AX7;INF677K01AY5;10.0389;10.0389;10.0389;24-Oct-2012
104550;Fidelity Cash Fund - Super Institutional Plan - Weekly Dividend Option;;INF677K01AW9;10.0046;10.0046;10.0046;24-Oct-2012

ING Mutual Fund
100198;ING Liquid Fund-Institutional Daily Dividend Option;INF084M01473;;10.0121;10.0121;10.0121;24-Oct-2012
100196;ING Liquid Fund-Institutional Growth Option;INF084M01465;;17.6198;17.6198;17.6198;24-Oct-2012
100197;ING Liquid Fund-Institutional Weekly Dividend Option;INF084M01499;INF084M01481;10.0582;10.0582;10.0582;24-Oct-2012
100192;ING Liquid Fund-Regular Daily Dividend Option;INF084M01432;;10.7873;10.7873;10.7873;24-Oct-2012
100190;ING Liquid Fund-Regular Growth Option;INF084M01424;;23.4127;23.4127;23.4127;24-Oct-2012
100191;ING Liquid Fund-Regular Weekly Dividend Option;INF084M01457;INF084M01440;10.8286;10.8286;10.8286;24-Oct-2012
100200;ING Liquid Fund-Super Institutional Daily Dividend Option;INF084M01515;;10.0048;10.0048;10.0048;24-Oct-2012
100199;ING Liquid Fund-Super Institutional Growth Option;INF084M01507;;16.8378;16.8378;16.8378;24-Oct-2012
100201;ING Liquid Fund-Super Institutional Weekly Dividend Option;INF084M01531;INF084M01523;10.0048;10.0048;10.0048;24-Oct-2012

Invesco Mutual Fund
106502;Religare Invesco Overnight Fund - Daily Dividend Reinvestment;;INF205K01HS2;1000.0048;1000.0048;1000.0048;24-Oct-2012
106501;Religare Invesco Overnight Fund - Growth;INF205K01HR4;;1325.7665;1325.7665;1325.7665;24-Oct-2012

JM Financial Mutual Fund
101420;JM Floater Short Term Fund - Daily Dividend Option;;INF192K01767;10.0883;10.0883;10.0883;24-Oct-2012
101421;JM Floater Short Term Fund - Growth Option;INF192K01775;;17.8067;17.8067;17.8067;24-Oct-2012

JPMorgan Mutual Fund
106562;JPMorgan India Liquid Fund - Retail Plan - Daily Dividend Option;;INF843K01203;10.0150;10.0150;10.0150;24-Oct-2012
106561;JPMorgan India Liquid Fund - Retail Plan - Growth Option;INF843K01195;;13.4128;13.4128;13.4128;24-Oct-2012
109179;JPMorgan India Liquid Fund - Retail Plan - Monthly Dividend Option;;INF843K01237;10.0817;10.0817;10.0817;24-Oct-2012
109177;JPMorgan India Liquid Fund - Retail Plan - Weekly Dividend Option;;INF843K01211;10.0332;10.0332;10.0332;24-Oct-2012
117751;JPMorgan India Liquid Fund - Super Institutional Plan - Annual Dividend Option;INF843K01831;INF843K01823;10.1381;10.1381;10.1381;24-Oct-2012
117752;JPMorgan India Liquid Fund - Super Institutional Plan - Bonus Option;INF843K01849;;10.1381;10.1381;10.1381;24-Oct-2012
110149;JPMorgan India Liquid Fund - Super Institutional Plan - Daily Dividend Option;;INF843K01153;10.0079;10.0079;10.0079;24-Oct-2012
110152;JPMorgan India Liquid Fund - Super Institutional Plan - Fortnightly Dividend Option;INF843K01492;INF843K01179;10.0349;10.0349;10.0349;24-Oct-2012
110150;JPMorgan India Liquid Fund - Super Institutional Plan - Growth Option;INF843K01146;;14.6582;14.6582;14.6582;24-Oct-2012
110151;JPMorgan India Liquid Fund - Super Institutional Plan - Monthly Dividend Option;INF843K01500;INF843K01187;10.1010;10.1010;10.1010;24-Oct-2012
110153;JPMorgan India Liquid Fund - Super Institutional Plan - Weekly Dividend Option;INF843K01484;INF843K01161;10.1513;10.1513;10.1513;24-Oct-2012

L&T Mutual Fund
112468;L&T Liquid Fund - Regular Weekly Dividend;;INF917K01BE5;1200.4149;1200.4149;1200.4149;24-Oct-2012

Mirae Asset Mutual Fund
107659;Mirae Asset Liquid Fund- Institutional Plan - Growth;INF769K01648;;1003.8634;1003.8634;1003.8634;24-Oct-2012
107646;Mirae Asset Liquid Fund- Regular Plan - Daily Dividend;;INF769K01606;1105.2641;1105.2641;1105.2641;24-Oct-2012
107648;Mirae Asset Liquid Fund- Regular Plan - Growth;INF769K01572;;1160.7762;1160.7762;1160.7762;24-Oct-2012
107649;Mirae Asset Liquid Fund- Regular Plan - Monthly Dividend;INF769K01630;INF769K01622;1037.9450;1037.9450;1037.9450;24-Oct-2012
107647;Mirae Asset Liquid Fund- Regular Plan - Weekly Dividend;;INF769K01614;1107.9910;1107.9910;1107.9910;24-Oct-2012

Morgan Stanley Mutual Fund
115812;MS Liquid Fund - Regular- Growth;INF063A01274;;1110.7506;1110.7506;1110.7506;24-Oct-2012
115814;MS Liquid Fund - Regular- Weekly Dividend Plan;;INF063A01290;1001.8651;1001.8651;1001.8651;24-Oct-2012
115813;MS Liquid Fund- Regular Daily Dividend Plan;;INF063A01282;1000.4971;1000.4971;1000.4971;24-Oct-2012
115815;MS Liquid Fund- Regular Monthly Dividend Plan;INF063A01316;INF063A01308;1007.0293;1007.0293;1007.0293;24-Oct-2012

PGIM India Mutual Fund
113184;DHFL Pramerica Liquid Fund - Dividend Option - Daily;;INF663L01088;1000.2500;1000.2500;1000.2500;24-Oct-2012
113187;DHFL Pramerica Liquid Fund - Dividend Option - Fortnightly;INF663L01120;INF663L01104;1003.1051;1003.1051;1003.1051;24-Oct-2012
113186;DHFL Pramerica Liquid Fund - Dividend Option - Monthly;INF663L01138;INF663L01112;1006.6504;1006.6504;1006.6504;24-Oct-2012
113183;DHFL Pramerica Liquid Fund - Growth Option;INF663L01070;;1206.9485;1206.9485;1206.9485;24-Oct-2012
113185;DHFL Pramerica Liquid Fund -Dividend Option- Weekly;;INF663L01096;1000.3069;1000.3069;1000.3069;24-Oct-2012

PineBridge Mutual Fund
106513;PineBridge India Liquid Fund- Standard Plan-Daily Dividend Option;;INF178L01699;1001.0000;1001.0000;1001.0000;24-Oct-2012
106508;PineBridge India Liquid Fund- Standard Plan-Growth Option;INF178L01715;;1436.7169;1436.7169;1436.7169;24-Oct-2012
106509;PineBridge India Liquid Fund- Standard Plan-Weekly Dividend Option;;INF178L01764;1001.4201;1001.4201;1001.4201;24-Oct-2012
106506;PineBridge India Liquid Fund-Institutional Plan-Daily Dividend Option;;INF178L01616;1001.0000;1001.0000;1001.0000;24-Oct-2012
106511;PineBridge India Liquid Fund-Institutional Plan-Growth Option;INF178L01632;;1429.4073;1429.4073;1429.4073;24-Oct-2012
106507;PineBridge India Liquid Fund-Institutional Plan-Weekly Dividend Option;;INF178L01681;1001.4137;1001.4137;1001.4137;24-Oct-2012
106503;PineBridge India Liquid Fund-Retail Plan-DailyDividend Option;;INF178L01533;1001.0000;1001.0000;1001.0000;24-Oct-2012
106514;PineBridge India Liquid Fund-Retail Plan-Growth Option;INF178L01558;;1407.4760;1407.4760;1407.4760;24-Oct-2012
106504;PineBridge India Liquid Fund-Retail Plan-Monthly Dividend Option;INF178L01566;INF178L01574;1006.7634;1006.7634;1006.7634;24-Oct-2012
106516;PineBridge India Liquid Fund-Retail Plan-Quarterly Dividend Option;INF178L01582;INF178L01590;1008.6760;1008.6760;1008.6760;24-Oct-2012
106510;PineBridge India Liquid Fund-Retail Plan-Weekly Dividend Option;;INF178L01608;1001.3980;1001.3980;1001.3980;24-Oct-2012

Sahara Mutual Fund
101397;Sahara Liquid Fund-Fixed Pricing -  Weekly Dividend Option;;INF515L01064;1027.4373;1027.4373;1027.4373;24-Oct-2012
101393;Sahara Liquid Fund-Fixed Pricing - Daily Dividend Option;;INF515L01049;1029.4661;1029.4661;1029.4661;24-Oct-2012
101394;Sahara Liquid Fund-Fixed Pricing - Growth option;INF515L01056;;2045.9959;2045.9959;2045.9959;24-Oct-2012
101398;Sahara Liquid Fund-Fixed Pricing - Monthly Dividend Option;;INF515L01072;1033.1007;1033.1007;1033.1007;24-Oct-2012
101399;Sahara Liquid Fund-Variable Pricing - Daily Dividend option;;INF515L01080;1029.4807;1029.4807;1029.4807;24-Oct-2012
101402;Sahara Liquid Fund-Variable Pricing - Growth option;INF515L01114;;2063.3973;2063.3973;2063.3973;24-Oct-2012
101400;Sahara Liquid Fund-Variable Pricing - Weekly Dividend Option;;INF515L01098;1031.6667;1031.6667;1031.6667;24-Oct-2012
101401;Sahara Liquid Fund-Variable Pricing- Monthly Dividend Option;;INF515L01106;1037.3176;1037.3176;1037.3176;24-Oct-2012

Tata Mutual Fund
101987;Tata Liquid Fund Reglar Plan - Monthly Dividend;INF277K01LR5;INF277K01LS3;1006.0269;1006.0269;1006.0269;24-Oct-2012
101861;Tata Liquid Fund-Regular Plan  - Weekly Dividend;INF277K016C5;;1000.9078;1000.9078;1000.9078;24-Oct-2012
101984;Tata Liquid High Investment Plan - Daily;;;1114.3379;1114.3379;1114.3379;24-Oct-2012
101860;Tata Liquid High Investment Plan - Growth;INF277K01LN4;;1859.2443;1859.2443;1859.2443;24-Oct-2012
101985;Tata Liquid High Investment Plan - Monthly;INF277K01LO2;INF277K01LP9;1025.3710;1025.3710;1025.3710;24-Oct-2012
101859;Tata Liquid High Investment Plan - Weekly;;;1146.7633;1146.7633;1146.7633;24-Oct-2012
101982;Tata Liquid Retail Investment PLan - Daily;;;1116.8143;1116.8143;1116.8143;24-Oct-2012
101983;Tata Liquid Retail Investment Plan - Fortnightly;;;1147.1127;1147.1127;1147.1127;24-Oct-2012
101858;Tata Liquid Retail Investment Plan - Growth;INF277K01LM6;;2557.2375;2557.2375;2557.2375;24-Oct-2012
103631;Tata Liquidity Management Fund - Regular Plan - Daily Dividend;;;1002.6089;1000.1024;1002.6089;24-Oct-2012
103632;Tata Liquidity Management Fund - Regular Plan - Growth;INF277K01LW5;;1528.6600;1524.8384;1528.6600;24-Oct-2012
103519;Tata Liquidity Management Fund - Regular Plan  -Weekly Dividend;;;1005.7324;1003.2181;1005.7324;24-Oct-2012

Open Ended Schemes ( Money Market )


Tata Mutual Fund
102152;Tata Money Market Fund Regular (Bonus / Dividend);;;10.1509;10.1509;10.1509;24-Oct-2012
102153;Tata Money Market Fund Regular (Growth);INF277K01LY1;;17.9103;17.9103;17.9103;24-Oct-2012

Open Ended Schemes ( Debt Scheme - Overnight Fund )


HDFC Mutual Fund
101996;HDFC Overnight Fund - Growth Option;INF179KB1HS3;;18.1834;18.1834;18.1834;24-Oct-2012
101997;HDFC Overnight Fund - IDCW Option (Daily);;INF179KB1IF8;10.4266;10.4266;10.4266;24-Oct-2012

SBI Mutual Fund
114297;SBI Overnight Fund - Regular Plan - Daily Income Distribution cum Capital Withdrawal Option (IDCW);;INF200K01LN6;1009.9100;1009.9100;1009.9100;24-Oct-2012
101206;SBI OVERNIGHT FUND - REGULAR PLAN - GROWTH;INF200K01LQ9;;1945.0319;1945.0319;1945.0319;24-Oct-2012
103140;SBI Overnight Fund - Regular Plan - Weekly Income Distribution cum Capital Withdrawal Option (IDCW);INF200K01LO4;INF200K01LP1;1032.0843;1032.0843;1032.0843;24-Oct-2012

Open Ended Schemes ( Debt Scheme - Liquid Fund )


Aditya Birla Sun Life Mutual Fund
100047;Aditya Birla Sun Life Liquid Fund - Growth;INF209K01RU9;;181.1230;181.1230;181.1230;24-Oct-2012
100046;Aditya Birla Sun Life Liquid Fund -Daily IDCW;INF209K01KQ2;INF209K01SQ5;100.1950;100.1950;100.1950;24-Oct-2012
100041;Aditya Birla Sun Life Liquid Fund -Institutional - IDCW;;INF209K01KN9;108.0230;108.0230;108.0230;24-Oct-2012
100048;Aditya Birla Sun Life Liquid Fund -Institutional - weekly  IDCW;INF209KA1LK7;INF209K01KY6;108.1884;108.1884;108.1884;24-Oct-2012
100044;Aditya Birla Sun Life Liquid Fund -Retail - IDCW;;INF209K01KP4;163.6940;163.6940;163.6940;24-Oct-2012
100051;Aditya Birla Sun Life Liquid Fund -weekly IDCW;INF209K01KU4;INF209KA1LJ9;100.3401;100.3401;100.3401;24-Oct-2012
112014;Aditya Birla Sun Life Liquid Fund- Discipline Advantage Plan;INF209K01KZ3;;123.2227;123.2227;123.2227;24-Oct-2012
100043;Aditya Birla Sun Life Liquid Fund-Institutional (Growth);INF209K01RT1;;302.9019;302.9019;302.9019;24-Oct-2012
100042;Aditya Birla Sun Life Liquid Fund-Retail (Growth);INF209K01ME4;;296.1949;296.1949;296.1949;24-Oct-2012

Axis Mutual Fund
112211;Axis Liquid Fund - Regular Plan - Daily IDCW;;INF846K01420;1000.1107;1000.1107;1000.1107;24-Oct-2012
112210;Axis Liquid Fund - Regular Plan - Growth Option;INF846K01412;;1253.2648;1253.2648;1253.2648;24-Oct-2012
112213;Axis Liquid Fund - Regular Plan - Monthly IDCW;INF846K01453;INF846K01461;1006.7315;1006.7315;1006.7315;24-Oct-2012
112212;Axis Liquid Fund - Regular Plan - Weekly IDCW;INF846K01438;INF846K01446;1002.5510;1002.5510;1002.5510;24-Oct-2012
112712;Axis Liquid Fund - Retail Plan - Daily IDCW;;INF846K01362;1000.1107;1000.1107;1000.1107;24-Oct-2012
112713;Axis Liquid Fund - Retail Plan - Growth Option;INF846K01354;;1223.6361;1223.6361;1223.6361;24-Oct-2012
112714;Axis Liquid Fund - Retail Plan - Monthly IDCW;INF846K01396;INF846K01404;1006.4123;1006.4123;1006.4123;24-Oct-2012
112715;Axis Liquid Fund - Retail Plan - Weekly IDCW;INF846K01370;INF846K01388;1000.5447;1000.5447;1000.5447;24-Oct-2012

Bandhan Mutual Fund
108692;BANDHAN LIQUID Fund - Regular Plan - Daily IDCW;INF194K01VZ4;INF194K01VY7;1000.2500;1000.2500;1000.2500;24-Oct-2012
108690;BANDHAN LIQUID Fund - Regular Plan - Growth;INF194K01VX9;;1375.0028;1375.0028;1375.0028;24-Oct-2012
108693;BANDHAN LIQUID Fund - Regular Plan - Monthly IDCW;INF194K01WF4;INF194K01WE7;1006.2676;1006.2676;1006.2676;24-Oct-2012
115489;BANDHAN LIQUID Fund - Regular Plan - Periodic IDCW;INF194K01WC1;INF194K01WB3;1083.5928;1083.5928;1083.5928;24-Oct-2012
108691;BANDHAN LIQUID Fund - Regular Plan - Weekly IDCW;INF194K01WI8;INF194K01WH0;1001.2455;1001.2455;1001.2455;24-Oct-2012
108779;BANDHAN Liquid Fund-Plan A-Dividend (Daily);INF194K01VC3;INF194K01VB5;1058.1900;1058.1900;1058.1900;24-Oct-2012
108778;BANDHAN Liquid Fund-Plan A-Growth;INF194K01UX1;;1990.9669;1990.9669;1990.9669;24-Oct-2012
115486;BANDHAN Liquid Fund-Plan A-Monthly;INF194K01VF6;INF194K01VE9;1005.8290;1005.8290;1005.8290;24-Oct-2012
115487;BANDHAN Liquid Fund-Plan A-Periodic Dividend;INF194K01UZ6;INF194K01UY9;1078.2392;1078.2392;1078.2392;24-Oct-2012
108607;BANDHAN Liquid Fund - Plan A-Dividend (Weekly);INF194K01VI0;INF194K01VH2;1002.0697;1002.0697;1002.0697;24-Oct-2012
108781;BANDHAN Liquid Fund - Plan B (G) (Institutional Plan);INF194K01VK6;;2010.9267;2010.9267;2010.9267;24-Oct-2012
108629;BANDHAN Liquid Fund - Plan B - Dividend-Weekly;INF194K01VS9;INF194K01VR1;1001.1730;1001.1730;1001.1730;24-Oct-2012
108681;BANDHAN Liquid Fund - Plan B-Daily-Dividend(Institutional Plan);INF194K01VM2;INF194K01VL4;1058.7300;1058.7300;1058.7300;24-Oct-2012

Bank of India Mutual Fund
109257;BANK OF INDIA Liquid Fund- Institutional Plan- Daily Dividend;;;1000.0301;1000.0301;1000.0301;24-Oct-2012
109256;BANK OF INDIA Liquid Fund- Institutional Plan-Growth;INF761K01314;;1320.9131;1320.9131;1320.9131;24-Oct-2012
111971;BANK OF INDIA Liquid Fund- Regular Plan- Daily IDCW;;INF761K01CO4;1000.0819;1000.0819;1000.0819;24-Oct-2012
109254;BANK OF INDIA Liquid Fund- Regular Plan- Growth;INF761K01306;;1301.5588;1301.5588;1301.5588;24-Oct-2012
109255;BANK OF INDIA Liquid Fund- Regular Plan- Weekly IDCW;;INF761K01CP1;1000.4926;1000.4926;1000.4926;24-Oct-2012
109263;BANK OF INDIA Liquid Fund- Super Institutional Plan-Daily Dividend;;;1000.0301;1000.0301;1000.0301;24-Oct-2012
109258;BANK OF INDIA Liquid Fund- Super Institutional Plan-Growth;INF761K01322;;1327.2678;1327.2678;1327.2678;24-Oct-2012
109262;BANK OF INDIA Liquid Fund-Institutional Plan-Weekly Dividend;;;1000.4900;1000.4900;1000.4900;24-Oct-2012

Baroda BNP Paribas Mutual Fund
111707;Baroda BNP Paribas LIQUID FUND - Regular Plan - DAILY IDCW OPTION;INF955L01468;INF955L01476;1000.6300;1000.6300;1000.6300;24-Oct-2012
111704;Baroda BNP Paribas LIQUID FUND - Regular Plan - GROWTH OPTION;INF955L01484;;1295.7773;1295.7773;1295.7773;24-Oct-2012
101408;Baroda BNP Paribas LIQUID FUND- Defunct Plan -Growth Option;INF955L01575;;1963.2951;1963.2951;1963.2951;24-Oct-2012
101407;Baroda BNP Paribas LIQUID FUND-Defunct Plan- IDCW Option;INF955L01559;INF955L01567;1682.0540;1682.0540;1682.0540;24-Oct-2012
101409;Baroda BNP Paribas LIQUID FUND-Defunct Plan-Daily IDCW Option;INF955L01518;INF955L01526;1006.0600;1006.0600;1006.0600;24-Oct-2012
111706;BARODA LIQUID FUND PLAN A - MONTHLY IDCW OPTION;;;1007.1661;1007.1661;1007.1661;24-Oct-2012

BNP Paribas Mutual Fund
117941;BNP PARIBAS LIQUID FUND  GROWTH OPTION;INF251K01CM0;;17.3991;17.3991;17.3991;24-Oct-2012
117940;BNP PARIBAS LIQUID FUND  MONTHLY DIVIDEND OPTION;INF251K01CP3;INF251K01CQ1;10.0600;10.0600;10.0600;24-Oct-2012
117942;BNP PARIBAS LIQUID FUND  WEEKLY DIVIDEND OPTION;;INF251K01CO6;10.0149;10.0149;10.0149;24-Oct-2012
117943;BNP PARIBAS LIQUID FUND DAILY DIVIDEND OPTION;;INF251K01CN8;10.0030;10.0030;10.0030;24-Oct-2012
113640;BNP PARIBAS LIQUID Fund-Regular Plan-Growth Option;INF251K01CI8;;16.7876;16.7876;16.7876;24-Oct-2012
113632;BNP PARIBAS LIQUID Fund-Regular Plan-Monthly Dividend;INF251K01CK4;INF251K01CL2;10.0530;10.0530;10.0530;24-Oct-2012
113637;BNP PARIBAS LIQUID Fund-Regular Plan-Weekly Dividend Option;;INF251K01CJ6;10.0133;10.0133;10.0133;24-Oct-2012

Canara Robeco Mutual Fund
109349;CANARA ROBECO LIQUID FUND - REGULAR PLAN - DAILY IDCW (Reinvestment);;INF760K01CU3;1005.5000;1005.5000;1005.5000;24-Oct-2012
109353;CANARA ROBECO LIQUID FUND - REGULAR PLAN - GROWTH OPTION;INF760K01CW9;;1375.0887;1375.0887;1375.0887;24-Oct-2012
109351;CANARA ROBECO LIQUID FUND - REGULAR PLAN - MONTHLY IDCW (Payout/Reinvestment);INF760K01CX7;INF760K01CY5;1000.0000;1000.0000;1000.0000;24-Oct-2012
109350;CANARA ROBECO LIQUID FUND - REGULAR PLAN - WEEKLY IDCW (Payout/Reinvestment);INF760K01BZ4;INF760K01CZ2;1000.0000;1000.0000;1000.0000;24-Oct-2012
101363;Canara Robeco Liquid Fund- INSTITUTIONAL-Daily Dividend Reinvestment;;INF760K01CC1;1005.5000;1005.5000;1005.5000;24-Oct-2012
101362;Canara Robeco Liquid Fund- INSTITUTIONAL-Growth;INF760K01CD9;;2038.4839;2038.4839;2038.4839;24-Oct-2012
101361;Canara Robeco Liquid Fund- INSTITUTIONAL-Weekly dividend;;INF760K01CE7;1000.0000;1000.0000;1000.0000;24-Oct-2012
109357;Canara Robeco Liquid Fund-Institutional-Fortnightly Div Reinvest;;INF760K01860;1000.0000;1000.0000;1000.0000;24-Oct-2012
109352;Canara Robeco Liquid Fund-Institutional-Monthly Div Reinvest;;INF760K01894;1000.0000;1000.0000;1000.0000;24-Oct-2012
109355;Canara Robeco Liquid Fund-Regular Plan-Fortnightly Div Reinvest.;;INF760K01951;1000.0000;1000.0000;1000.0000;24-Oct-2012
101364;Canara Robeco Liquid Fund-Retail-DRI;;INF760K01CF4;1007.0000;1007.0000;1007.0000;24-Oct-2012
109346;Canara Robeco Liquid Fund-Retail-Fortnightly Div Reinvest;;INF760K01CG2;1000.0000;1000.0000;1000.0000;24-Oct-2012
101365;Canara Robeco Liquid Fund-Retail-Growth;INF760K01CH0;;2012.7048;2012.7048;2012.7048;24-Oct-2012
109347;Canara Robeco Liquid Fund-Retail-Monthly Div Reinvest;;INF760K01CI8;1005.5000;1005.5000;1005.5000;24-Oct-2012
109356;Canara Robeco Liquid Fund-Retail-Weekly Div Reinvest;;INF760K01CJ6;1005.5000;1005.5000;1005.5000;24-Oct-2012

DSP Mutual Fund
103347;DSP Liquidity Fund - Regular Plan - Growth;INF740K01FK9;;1618.2620;1618.2620;1618.2620;24-Oct-2012
103348;DSP Liquidity Fund - Regular Plan - IDCW - Weekly;INF740K01FM5;INF740K01FL7;1001.5557;1001.5557;1001.5557;24-Oct-2012
103349;DSP Liquidity Fund- Regular Plan - IDCW - Daily;;INF740KA1OE0;1000.3161;1000.3161;1000.3161;24-Oct-2012
100943;DSP BlackRock Liquidity Fund - Regular Plan - Daily Dividend;;;10.0100;10.0100;10.0100;24-Oct-2012
100940;DSP BlackRock Liquidity Fund - Regular Plan - Growth;INF740K01CN0;;26.7375;26.7375;26.7375;24-Oct-2012
100941;DSP BlackRock Liquidity Fund - Regular Plan Weekly Dividend;;;12.4266;12.4266;12.4266;24-Oct-2012

Franklin Templeton Mutual Fund
100541;Franklin India Liquid Fund - Regular Plan - Daily - IDCW;;INF090I01BA3;1512.3400;1512.3400;1512.3400;24-Oct-2012
100538;Franklin India Liquid Fund - Regular Plan - Growth;INF090I01BB1;;2749.3395;2749.3395;2749.3395;24-Oct-2012
100537;Franklin India Liquid Fund - Regular Plan - Weekly - IDCW;INF090I01BL0;INF090I01BI6;1245.1151;1245.1151;1245.1151;24-Oct-2012
100547;Franklin India Liquid Fund - Super Institutional Plan - Daily - IDCW;;INF090I01BF2;1000.6730;1000.6730;1000.6730;24-Oct-2012
100546;Franklin India Liquid Fund - Super Institutional Plan - Growth;INF090I01BG0;;1683.0117;1683.0117;1683.0117;24-Oct-2012
100548;Franklin India Liquid Fund - Super Institutional Plan - Weekly - IDCW;INF090I01BM8;INF090I01BH8;1021.8199;1021.8199;1021.8199;24-Oct-2012
102441;Franklin India Liquid Fund - Institution-Growth;INF090I01BD7;;1754.2000;1754.2000;1754.2000;24-Oct-2012
102443;Franklin India Liquid Fund - Institutional Plan - Daily - IDCW;;INF090I01BC9;1000.6730;1000.6730;1000.6730;24-Oct-2012
102442;Franklin India Liquid Fund - Institutional Plan - Weekly - IDCW;INF090I01BJ4;INF090I01BE5;1055.4111;1055.4111;1055.4111;24-Oct-2012

Groww Mutual Fund
115991;Groww Liquid Fund (formerly known as Indiabulls Liquid Fund) - Regular Plan - Growth Option;INF666M01014;;1099.6740;1099.6740;1099.6740;24-Oct-2012
115992;Groww Liquid Fund (formerly known as Indiabulls Liquid Fund)- Regular Plan- - Income Distribution cum capital withdrawal Option (Reinvestment);;INF666M01022;1000.0166;1000.0166;1000.0166;24-Oct-2012
115995;Groww Liquid Fund (formerly known as Indiabulls Liquid Fund)- Regular Plan- Monthly - Income Distribution cum capital withdrawal Option (Payout & Reinvestment);INF666M01071;INF666M01055;1005.3727;1005.3727;1005.3727;24-Oct-2012
115993;Groww Liquid Fund (formerly known as Indiabulls Liquid Fund)- Regular Plan- Weekly - Income Distribution cum capital withdrawal Option (Payout & Reinvestment);INF666M01089;INF666M01030;1000.4711;1000.4711;1000.4711;24-Oct-2012

HDFC Mutual Fund
100868;HDFC Liquid Fund - Growth Plan;INF179KB1HK0;;22.3006;22.3006;22.3006;24-Oct-2012
100875;HDFC Liquid Fund - IDCW Daily;;INF179KB1IC5;10.1982;10.1982;10.1982;24-Oct-2012
100876;HDFC Liquid Fund - IDCW Monthly;INF179KB1HM6;INF179KB1HL8;10.334;10.334;10.334;24-Oct-2012
100874;HDFC Liquid Fund - IDCW Plan Weekly;INF179KB1ID3;;10.315;10.315;10.315;24-Oct-2012
100877;HDFC Liquid Fund-Premium Plan - Dividend-Daily;;INF179K01KN4;12.2598;12.2598;12.2598;24-Oct-2012
100878;HDFC Liquid Fund-Premium Plan - Dividend-Weekly;INF179K01KP9;;10.1046;10.1046;10.1046;24-Oct-2012
100872;HDFC Liquid Fund-PREMIUM PLUS- Growth;INF179K01KQ7;;22.6945;22.6945;22.6945;24-Oct-2012
100873;HDFC Liquid Fund-PREMIUM- Growth;INF179KB1HN4;;22.6487;22.6487;22.6487;24-Oct-2012

HSBC Mutual Fund
101700;HSBC Cash Fund - Dividend - Daily;;INF336L01321;10.0056;10.0056;10.0056;24-Oct-2012
101702;HSBC Cash Fund - Dividend - Monthly;INF336L01305;INF336L01297;10.0363;10.0363;10.0363;24-Oct-2012
101701;HSBC Cash Fund - Dividend - Weekly;;INF336L01347;11.0653;11.0653;11.0653;24-Oct-2012
101692;HSBC Cash Fund - Inst. - Dividend - Daily;;INF336L01354;10.4862;10.4862;10.4862;24-Oct-2012
101694;HSBC Cash Fund - Inst. - Dividend - Monthly;INF336L01370;INF336L01362;10.0000;10.0000;10.0000;24-Oct-2012
101693;HSBC Cash Fund - Inst. - Dividend - Weekly;;INF336L01388;10.0000;10.0000;10.0000;24-Oct-2012
101691;HSBC Cash Fund - Inst. - Growth;INF336L01289;;18.0248;18.0248;18.0248;24-Oct-2012
101697;HSBC Cash Fund - Regular - Dividend - Daily;;INF336L01263;10.1930;10.1930;10.1930;24-Oct-2012
101698;HSBC Cash Fund - Regular - Dividend - Weekly;;INF336L01313;10.0270;10.0270;10.0270;24-Oct-2012
101696;HSBC Liquid Fund - Growth closed plan;INF336L01271;;17.7424;17.7424;17.7424;24-Oct-2012
101699;HSBC Liquid Fund Closed;INF336L01339;;11.2785;11.2785;11.2785;24-Oct-2012

ICICI Prudential Mutual Fund
100357;ICICI Prudential Liquid Fund -Quarterly IDCW;INF109K01UU5;INF109K01UT7;100.7596;100.7596;100.7596;24-Oct-2012
100359;ICICI Prudential Liquid Institutional Plus Fund - Div - Daily;INF109K01VJ6;;118.5150;118.5150;118.5150;24-Oct-2012
100360;ICICI Prudential Liquid Institutional Plus Fund - Div - Weekly;INF109K01VM0;;118.6317;118.6317;118.6317;24-Oct-2012
100362;ICICI Prudential Liquid Institutional Plus Fund - Growth;INF109K01VK4;;277.5374;277.5374;277.5374;24-Oct-2012
103343;ICICI Prudential Liquid Fund - Daily IDCW;INF109K01VP3;;100.0226;100.0226;100.0226;24-Oct-2012
103340;ICICI Prudential Liquid Fund - Growth;INF109K01VQ1;;167.2342;167.2342;167.2342;24-Oct-2012
104308;ICICI Prudential Liquid Fund - Half Yearly IDCW;INF109K01UX9;INF109K01UW1;100.6419;100.6419;100.6419;24-Oct-2012
103344;ICICI Prudential Liquid Fund - Institutional Option - I;INF109K01VH0;;162.9715;162.9715;162.9715;24-Oct-2012
103342;ICICI Prudential Liquid Fund - Weekly IDCW;INF109K01VS7;;100.2043;100.2043;100.2043;24-Oct-2012
103341;ICICI Prudential Liquid Fund -Monthly IDCW;INF109K01VR9;;100.6503;100.6503;100.6503;24-Oct-2012
101748;ICICI Prudential Liquid Fund - Institutional - Daily - Div;INF109K01VE7;;118.5020;118.5020;118.5020;24-Oct-2012
101749;ICICI Prudential Liquid Fund - Institutional - Monthly - Div;;INF109K01VG2;100.5928;100.5928;100.5928;24-Oct-2012
101753;ICICI Prudential Liquid Fund - Institutional - Weekly - Div;INF109K01VI8;;118.5003;118.5003;118.5003;24-Oct-2012
101754;ICICI Prudential Liquid Fund Retail Daily Dividend;INF109K01UR1;;118.5140;118.5140;118.5140;24-Oct-2012
101750;ICICI Prudential Liquid Fund Retail Growth;INF109K01UQ3;;268.1278;268.1278;268.1278;24-Oct-2012
101755;ICICI Prudential Liquid Fund Retail Monthly Dividend;INF109K01US9;;100.6812;100.6812;100.6812;24-Oct-2012
101752;ICICI Prudential Liquid Fund Retail Weekly Dividend;INF109K01UV3;;118.8714;118.8714;118.8714;24-Oct-2012
101751;ICICI Prudential Liquid Institutional Fund - Growth;INF109K01VF4;;274.6367;274.6367;274.6367;24-Oct-2012

IDBI Mutual Fund
113104;IDBI Liquid Fund- Monthly IDCW;INF397L01976;INF397L01968;1006.7794;1006.7794;1006.7794;24-Oct-2012
113102;IDBI Liquid Fund-Daily IDCW;;INF397L01935;1000.1093;1000.1093;1000.1093;24-Oct-2012
113096;IDBI Liquid Fund-Growth;INF397L01984;;1213.5921;1213.5921;1213.5921;24-Oct-2012
113103;IDBI Liquid Fund-Weekly IDCW;INF397L01950;INF397L01943;1000.9074;1000.9074;1000.9074;24-Oct-2012

Invesco Mutual Fund
104484;Invesco India Liquid Fund - Daily IDCW (Reinvestment);;INF205K01HN3;1000.7849;1000.7849;1000.7849;24-Oct-2012
104486;Invesco India Liquid Fund - Growth;INF205K01HM5;;1554.6219;1554.6219;1554.6219;24-Oct-2012
104492;Invesco India Liquid Fund - Monthly IDCW (Payout / Reinvestment);INF205K01HQ6;INF205K01HP8;1004.7868;1004.7868;1004.7868;24-Oct-2012
104488;Invesco India Liquid Fund - Regular - Growth;INF205K01HG7;;1504.8670;1504.8670;1504.8670;24-Oct-2012
104489;Invesco India Liquid Fund - Regular - Weekly IDCW (Reinvestment);;INF205K01HH5;1000.7359;1000.7359;1000.7359;24-Oct-2012
104485;Invesco India Liquid Fund - Weekly IDCW (Reinvestment);INF205KA1BD7;INF205K01HO1;1000.5017;1000.5017;1000.5017;24-Oct-2012
104483;Religare Invesco Liquid Fund - Institutional - Daily Dividend;;INF205K01HJ1;1000.2250;1000.2250;1000.2250;24-Oct-2012
104491;Religare Invesco Liquid Fund - Institutional - Growth;INF205K01HI3;;1535.5006;1535.5006;1535.5006;24-Oct-2012

JM Financial Mutual Fund
100241;JM High Liquidity Fund-- Institutional Plan - Dividend;INF192K01924;INF192K01932;10.7583;10.7583;10.7583;24-Oct-2012
100237;JM High Liquidity Fund-- Institutional Plan - Growth;INF192K01940;;18.6220;18.6220;18.6220;24-Oct-2012
100238;JM High Liquidity Fund-Institutional Plan - Daily Dividend;;INF192K01916;10.0159;10.0159;10.0159;24-Oct-2012
100245;JM High Liquidity Fund-Super Institutional Plan- Daily Dividend;;INF192K01957;10.0165;10.0165;10.0165;24-Oct-2012
100246;JM High Liquidity Fund-Super Institutional Plan- Weekly  Dividend;INF192K01965;INF192K01973;10.1525;10.1525;10.1525;24-Oct-2012
100244;JM Liquid Fund (Regular) - Quarterly IDCW;INF192K01866;INF192K01874;17.4477;17.4477;17.4477;24-Oct-2012
100247;JM Liquid Fund (Regular) - Super Institutional Plan - Growth Option;INF192K01981;;17.7285;17.7285;17.7285;24-Oct-2012
100233;JM Liquid Fund (Regular) - Weekly IDCW;INF192K01841;INF192K01858;11.0060;11.0060;11.0060;24-Oct-2012
100234;JM Liquid Fund - Growth Option;INF192K01882;;30.8258;30.8258;30.8258;24-Oct-2012
101549;JM Liquid Fund (Regular) - Bonus Option - Principal Units;INF192K01890;;16.1878;16.1878;16.1878;24-Oct-2012
101078;JM Liquid Fund (Regular) - Daily IDCW;;INF192K01833;10.4302;10.4302;10.4302;24-Oct-2012

Kotak Mahindra Mutual Fund
100833;Kotak Liquid Fund - Regular  - Daily Reinvestment of Income Distribution cum capital withdrawal option;;INF174K01NL3;12.2281;12.2281;12.2281;24-Oct-2012
100835;Kotak Liquid Fund - Regular Plan - Growth;INF174K01NI9;;22.9405;22.9405;22.9405;24-Oct-2012
100831;Kotak Liquid Fund -Institutional Plan - (Daily Dividend);;INF174K01GA0;12.2281;12.2281;12.2281;24-Oct-2012
100834;Kotak Liquid Fund Regular Plan Weekly Reinvestment of Income Distribution cum capital withdrawal option Dividend;INF174K01NK5;;10.0046;10.0046;10.0046;24-Oct-2012
100830;Kotak Liquid-Institutional Plan  (Growth);INF174K01FZ9;;22.1229;22.1229;22.1229;24-Oct-2012
100832;Kotak Liquid-Institutional Plan (Weekly Dividend);;INF174K01GB8;10.0948;10.0948;10.0948;24-Oct-2012
100828;Kotak Liquid-Regular (Dividend);;INF174K01FY2;10.0263;10.0263;10.0263;24-Oct-2012
100829;Kotak Liquid-Regular (Growth);INF174K01NM1;;21.4659;21.4659;21.4659;24-Oct-2012

L&T Mutual Fund
112445;L&T Liquid Fund -Regular Plan - Daily IDCW;INF917K01JB4;;1011.6349;1011.6349;1011.6349;24-Oct-2012
112457;L&T Liquid Fund -Regular Plan - Growth;INF917K01JH1;;1551.2181;1551.2181;1551.2181;24-Oct-2012
112456;L&T Liquid Fund-Cum -Institutional Plus;INF917K01BJ4;;2269.5631;2269.5631;2269.5631;24-Oct-2012
112442;L&T Liquid Fund-Regular Cumulative;INF917K01BF2;;2213.5973;2213.5973;2213.5973;24-Oct-2012
112483;L&T Liquid Fund - Institutional Plus Weekly Dividend;INF917K01BH8;INF917K01BI6;1477.9187;1477.9187;1477.9187;24-Oct-2012

LIC Mutual Fund
101184;LIC MF Liquid Fund-Regular Plan-Daily IDCW;INF767K01IQ3;INF767K01IR1;10.9801;10.9801;10.9801;24-Oct-2012
101185;LIC MF Liquid Fund-Regular Plan-Growth;INF767K01IS9;;20.5356;20.5356;20.5356;24-Oct-2012

Mirae Asset Mutual Fund
111647;Mirae Asset Liquid Fund - Regular - Daily IDCW;;INF769K01804;1043.6670;1043.6670;1043.6670;24-Oct-2012
111646;Mirae Asset Liquid Fund - Regular Plan - Growth;INF769K01788;;1214.6983;1214.6983;1214.6983;24-Oct-2012
111645;Mirae Asset Liquid Fund - Regular Plan - Monthly IDCW;INF769K01838;INF769K01820;1133.6441;1133.6441;1133.6441;24-Oct-2012
111644;Mirae Asset Liquid Fund - Regular Plan - Weekly IDCW;INF769K01PC4;INF769K01812;1129.5244;1129.5244;1129.5244;24-Oct-2012

Navi Mutual Fund
112645;Navi Liquid Fund - Regular Plan Daily IDCW;;INF959L01GM7;10.0015;10.0015;10.0015;24-Oct-2012
112647;Navi Liquid Fund - Regular Plan Monthly IDCW;INF959L01GN5;INF959L01GO3;10.0627;10.0627;10.0627;24-Oct-2012
112646;Navi Liquid Fund - Regular Plan Weekly IDCW;INF959L01GP0;INF959L01GQ8;10.0062;10.0062;10.0062;24-Oct-2012
112637;Navi Liquid Fund-Institutional Plan-Dividend Option-Daily;;INF959L01197;10.0015;10.0015;10.0015;24-Oct-2012
112640;Navi Liquid Fund-Institutional Plan-Growth;INF959L01247;;12.2556;12.2556;12.2556;24-Oct-2012
112636;Navi Liquid Fund-Regular Plan-Growth Option;INF959L01GL9;;12.3645;12.3645;12.3645;24-Oct-2012
112641;Navi Liquid Fund-Retail Plan-Dividend Option-Daily;;INF959L01254;10.0015;10.0015;10.0015;24-Oct-2012
112643;Navi Liquid Fund-Retail Plan-Dividend Option-Monthly;INF959L01262;INF959L01270;10.0465;10.0465;10.0465;24-Oct-2012
112642;Navi Liquid Fund-Retail Plan-Dividend Option-Weekly;INF959L01288;INF959L01296;10.0045;10.0045;10.0045;24-Oct-2012
112644;Navi Liquid Fund-Retail Plan-Growth;INF959L01304;;12.0253;12.0253;12.0253;24-Oct-2012

Nippon India Mutual Fund
100852;NIPPON INDIA LIQUID FUND - DAILY IDCW OPTION;;INF204K01UM1;1528.7400;1528.7400;1528.7400;24-Oct-2012
100855;NIPPON INDIA LIQUID FUND - MONTHLY IDCW OPTION;INF204K01UO7;INF204K01UP4;2189.1845;2189.1845;2189.1845;24-Oct-2012
112340;NIPPON INDIA LIQUID FUND - QUARTERLY IDCW OPTION;INF204K01UQ2;INF204K01UR0;1010.3375;1010.3375;1010.3375;24-Oct-2012
100837;Nippon India Liquid Fund - Retail Option - Growth Plan;INF204K01UL3;;2680.3575;2680.3575;2680.3575;24-Oct-2012
100842;NIPPON INDIA LIQUID FUND - RETAIL Plan - DAILY IDCW OPTION;;INF204K01UJ7;1524.2800;1524.2800;1524.2800;24-Oct-2012
100843;NIPPON INDIA LIQUID FUND - RETAIL plan - MONTHLY IDCW OPTION;INF204K01UT6;INF204K01UU4;1339.0796;1339.0796;1339.0796;24-Oct-2012
100844;NIPPON INDIA LIQUID FUND - RETAIL Plan - QUARTERLY IDCW OPTION;INF204K01UV2;INF204K01UW0;1224.3009;1224.3009;1224.3009;24-Oct-2012
100838;NIPPON INDIA LIQUID FUND - RETAIL Plan - WEEKLY IDCW OPTION;;INF204K01UK5;1035.2355;1035.2355;1035.2355;24-Oct-2012
100853;NIPPON INDIA LIQUID FUND - WEEKLY IDCW OPTION;INF204KC1FM8;INF204K01US8;1532.0417;1532.0417;1532.0417;24-Oct-2012
100851;Nippon India Liquid Fund -Growth Plan;INF204K01UN9;;2754.3242;2754.3242;2754.3242;24-Oct-2012
100849;Reliance Liquid Fund-Cash Plan-Daily Dividend Reinvestment Option;;;1114.1500;1114.1500;1114.1500;24-Oct-2012
100845;Reliance Liquid Fund-Cash Plan-Growth Plan;;;1826.5320;1826.5320;1826.5320;24-Oct-2012
114251;Reliance Liquid Fund-Cash Plan-Monthly Dividend Plan;;;1009.2401;1009.2401;1009.2401;24-Oct-2012
114252;Reliance Liquid Fund-Cash Plan-Quarterly Dividend Plan;;;1010.7382;1010.7382;1010.7382;24-Oct-2012
100848;Reliance Liquid Fund-Cash Plan-Weekly Dividend Reinvestment Option;;;1092.8924;1092.8924;1092.8924;24-Oct-2012

Principal Mutual Fund
100895;Principal Cash Management Fund - Daily Income Distribution CUM Capital Withdrawal;;INF173K01DB7;1000.0700;1000.0700;1000.0700;24-Oct-2012
100897;Principal Cash Management Fund - Monthly Income Distribution CUM Capital Withdrawal Option;INF173K01BV9;INF173K01BW7;1022.9570;1022.9570;1022.9570;24-Oct-2012
100896;Principal Cash Management Fund - Weekly Income Distribution CUM Capital Withdrawal Option;;INF173K01DC5;1007.3858;1007.3858;1007.3858;24-Oct-2012
100898;Principal Cash Management Fund -Growth Option;INF173K01DA9;;1758.9943;1758.9943;1758.9943;24-Oct-2012

Quantum Mutual Fund
103736;Quantum Liquid Fund - Direct Plan Daily IDCW;;INF082J01135;10.0016;10.0016;10.0016;24-Oct-2012
103734;Quantum Liquid Fund - Direct Plan Growth Option;INF082J01127;;16.0191;16.0191;16.0191;24-Oct-2012
103735;Quantum Liquid Fund - Direct Plan Monthly IDCW;INF082J01143;INF082J01200;10.0667;10.0667;10.0667;24-Oct-2012

SBI Mutual Fund
105274;SBI Liquid Fund - Institutional - Growth;INF200K01LU1;;1795.2789;1795.2789;1795.2789;24-Oct-2012
105275;SBI Liquid Fund - Institutional Daily Income Distribution cum Capital Withdrawal Option (IDCW);;INF200K01LR7;1003.2500;1003.2500;1003.2500;24-Oct-2012
105279;SBI Liquid Fund - Institutional Fortnightly Income Distribution cum Capital Withdrawal Option (IDCW);INF200K01LS5;INF200K01LT3;1025.6986;1025.6986;1025.6986;24-Oct-2012
105278;SBI Liquid Fund - Institutional Weekly Income Distribution cum Capital Withdrawal Option (IDCW);INF200K01LV9;INF200K01LW7;1061.3063;1061.3063;1061.3063;24-Oct-2012
105281;SBI Liquid Fund - Regular Plan - Daily Income Distribution cum Capital Withdrawal Option (IDCW);;INF200K01LX5;1003.2500;1003.2500;1003.2500;24-Oct-2012
105283;SBI Liquid Fund - Regular Plan - Fortnightly Income Distribution cum Capital Withdrawal Option (IDCW);INF200K01LY3;INF200K01LZ0;N.A.;N.A.;N.A.;24-Oct-2012
105282;SBI Liquid Fund - Regular Plan - Weekly Income Distribution cum Capital Withdrawal Option (IDCW);INF200K01MB9;INF200K01MC7;1062.0268;1062.0268;1062.0268;24-Oct-2012
105280;SBI Liquid Fund - REGULAR PLAN -Growth;INF200K01MA1;;1777.6914;1777.6914;1777.6914;24-Oct-2012

Sundaram Mutual Fund
102701;Sundaram Money Fund Institutional Plan - Daily Reinvestment of Income Distribution cum Capital Withdrawal (IDCW);;INF903J01GP2;10.0953;10.0953;10.0953;24-Oct-2012
102702;Sundaram Money Fund Institutional Plan - Fortnightly Reinvestment of Income Distribution cum Capital Withdrawal (IDCW);;INF903J01GR8;0.0000;0.0000;0.0000;24-Oct-2012
102703;Sundaram Money Fund Institutional Plan - Growth;INF903J01GN7;;23.2677;23.2677;23.2677;24-Oct-2012
102704;Sundaram Money Fund Institutional Plan - Monthly Income Distribution cum Capital Withdrawal (IDCW);INF903J01GO5;INF903J01GS6;10.4380;10.4380;10.4380;24-Oct-2012
102705;Sundaram Money Fund Institutional Plan - Quarterly Reinvestment of Income Distribution cum Capital Withdrawal (IDCW);;INF903J01GT4;0.0000;0.0000;0.0000;24-Oct-2012
102706;Sundaram Money Fund Institutional Plan - Weekly Reinvestment of Income Distribution cum Capital Withdrawal (IDCW);;INF903J01GQ0;0.0000;0.0000;0.0000;24-Oct-2012
103392;Sundaram Money Fund Regular Plan - Daily Reinvestment of Income Distribution cum Capital Withdrawal (IDCW);;INF903J01GW8;10.0953;10.0953;10.0953;24-Oct-2012
103395;Sundaram Money Fund Regular Plan - Fortnightly Reinvestment of Income Distribution cum Capital Withdrawal (IDCW);;INF903J01GY4;0.0000;0.0000;0.0000;24-Oct-2012
103397;Sundaram Money Fund Regular Plan - Growth;INF903J01GU2;;23.8399;23.8399;23.8399;24-Oct-2012
103396;Sundaram Money Fund Regular Plan - Monthly Income Distribution cum Capital Withdrawal (IDCW);INF903J01GV0;INF903J01GZ1;0.0000;0.0000;0.0000;24-Oct-2012
103393;Sundaram Money Fund Regular Plan - Quarterly Reinvestment of Income Distribution cum Capital Withdrawal (IDCW);;INF903J01HA2;0.0000;0.0000;0.0000;24-Oct-2012
100620;Sundaram Money Fund Retail Plan - Daily Reinvestment of Income Distribution cum Capital Withdrawal (IDCW);;INF903J01GI7;10.0953;10.0953;10.0953;24-Oct-2012
100622;Sundaram Money Fund Retail Plan - Fortnightly Reinvestment of Income Distribution cum Capital Withdrawal (IDCW);;INF903J01GK3;10.5486;10.5486;10.5486;24-Oct-2012
100618;Sundaram Money Fund Retail Plan - Growth;INF903J01GG1;;22.3429;22.3429;22.3429;24-Oct-2012
100623;Sundaram Money Fund Retail Plan - Monthly Income Distribution cum Capital Withdrawal (IDCW);INF903J01GH9;INF903J01GL1;10.3732;10.3732;10.3732;24-Oct-2012
100619;Sundaram Money Fund Retail Plan - Quarterly Reinvestment of Income Distribution cum Capital Withdrawal (IDCW);;INF903J01GM9;12.5033;12.5033;12.5033;24-Oct-2012
100621;Sundaram Money Fund Retail Plan - Weekly Reinvestment of Income Distribution cum Capital Withdrawal (IDCW);;INF903J01GJ5;10.9045;10.9045;10.9045;24-Oct-2012
103394;Sundaram Money Fund Regular Plan - Weekly Reinvestment of Income Distribution cum Capital Withdrawal (IDCW);;INF903J01GX6;10.9433;10.9433;10.9433;24-Oct-2012

Tata Mutual Fund
102672;Tata Liquid Fund -Regular Plan - Growth Option;INF277K01YD8;;17.7721;17.7721;17.7721;24-Oct-2012
101714;Tata Liquid Fund- Regular Plan - Daily Reinvestment of IDCW Option;;INF277K011D4;10.0152;10.0152;10.0152;24-Oct-2012

Taurus Mutual Fund
111915;Taurus Liquid Fund - Regular Plan - SI Growth Option;INF044D01534;;1219.5313;1219.5313;1219.5313;24-Oct-2012
113248;Taurus Liquid Fund - Regular Plan - SI Weekly Dividend Option;;INF044D01526;1001.4058;1001.4058;1001.4058;24-Oct-2012
111703;Taurus Liquid Fund - Regular Plan -SI Daily Dividend Option;;INF044D01518;1000.0905;1000.0905;1000.0905;24-Oct-2012
111547;Taurus Liquid Fund Insti DDRIP;;INF044D01484;1000.0905;1000.0905;1000.0905;24-Oct-2012
111760;Taurus Liquid Fund Insti Growth;INF044D01500;;1242.4855;1242.4855;1242.4855;24-Oct-2012
104240;Taurus Liquid Fund-Dividend;INF044D01542;INF044D01559;1001.2175;1001.2175;1001.2175;24-Oct-2012
104241;Taurus Liquid Fund-Growth;INF044D01575;;1476.5987;1476.5987;1476.5987;24-Oct-2012

Union Mutual Fund
115401;Union Liquid Fund - Daily IDCW Option;;INF582M01021;1000.1800;1000.1800;1000.1800;24-Oct-2012
115399;Union Liquid Fund - Fortnightly IDCW Option;INF582M01062;INF582M01047;1003.1697;1003.1697;1003.1697;24-Oct-2012
115398;Union Liquid Fund - Growth Option;INF582M01013;;1132.7875;1132.7875;1132.7875;24-Oct-2012
115400;Union Liquid Fund - Monthly IDCW Option;INF582M01070;INF582M01054;1006.6641;1006.6641;1006.6641;24-Oct-2012
115402;Union Liquid Fund - Weekly IDCW Option;;INF582M01039;1000.4097;1000.4097;1000.4097;24-Oct-2012

UTI Mutual Fund
102010;UTI Liquid Fund - Regular Plan - Daily IDCW (Reinvestment);;INF789F01PG3;1019.4457;1019.4457;1019.4457;24-Oct-2012
102011;UTI Liquid Fund - Regular Plan - Monthly IDCW;INF789F01PI9;INF789F01PJ7;1030.5915;1030.5915;1030.5915;24-Oct-2012
102013;UTI Liquid Fund - Regular Plan - Weekly IDCW;;INF789F01PK5;1052.9903;1052.9903;1052.9903;24-Oct-2012
102012;UTI-  Liquid Cash Plan - Regular Plan - Growth Option;INF789F01PH1;;1855.023;1855.023;1855.023;24-Oct-2012
102008;UTI-  Liquid Cash Plan- Discontinued - Regular Plan - Monthly Dividend Option;INF789F01BC2;INF789F01BA6;1122.2011;1122.2011;1122.2011;24-Oct-2012
102009;UTI-  Liquid Cash Plan- Discontinued - Regular Plan -Growth;INF789F01BB4;;1803.1654;1803.1654;1803.1654;24-Oct-2012
102007;UTI-  Liquid Cash Plan- Discontinued -Regular Plan Periodic Dividend Option;;INF789F01AZ5;1131.0617;1131.0617;1131.0617;24-Oct-2012

Open Ended Schemes ( Debt Scheme - Ultra Short Duration Fund )


Principal Mutual Fund
107329;Principal Ultra Short Term Fund-Daily Income Distribution CUM Capital Withdrawal Option;;INF173K01CV7;1005.4300;1005.4300;1005.4300;24-Oct-2012
107328;Principal Ultra Short Term Fund-Growth Option;INF173K01CU9;;1265.3291;1265.3291;1265.3291;24-Oct-2012
107330;Principal Ultra Short Term Fund-Monthly Income Distribution CUM Capital Withdrawal Option;INF173K01CB9;INF173K01CC7;1058.5350;1058.5350;1058.5350;24-Oct-2012
107332;Principal Ultra Short Term Fund-Weekly Income Distribution CUM Capital Withdrawal Option;;INF173K01CW5;1013.0741;1013.0741;1013.0741;24-Oct-2012

SBI Mutual Fund
105080;SBI Ultra Short Duration Fund - Regular Plan - Daily Income Distribution cum Capital Withdrawal Option (IDCW);;INF200K01LK2;1675.0300;1675.0300;1675.0300;24-Oct-2012
100641;SBI ULTRA SHORT DURATION FUND - REGULAR PLAN - GROWTH;INF200K01LJ4;;2501.1806;2501.1806;2501.1806;24-Oct-2012
103884;SBI Ultra Short Duration Fund - Regular Plan - Weekly Income Distribution cum Capital Withdrawal Option (IDCW);INF200K01LM8;INF200K01LL0;1078.5488;1078.5488;1078.5488;24-Oct-2012

Open Ended Schemes ( Debt Scheme - Money Market Fund )


Aditya Birla Sun Life Mutual Fund
101973;Aditya Birla Sun Life Money Manager Fund - Daily IDCW;;INF209K01SZ6;100.0200;100.0200;100.0200;24-Oct-2012
101976;Aditya Birla Sun Life Money Manager Fund - Growth;INF209K01RV7;;150.2166;150.2166;150.2166;24-Oct-2012
101972;Aditya Birla Sun Life Money Manager Fund - Retail - Daily IDCW;;INF209K01JZ5;100.0150;100.0150;100.0150;24-Oct-2012
101970;Aditya Birla Sun Life Money Manager Fund - RETAIL - WEEKLY IDCW;;INF209K01JY8;103.8613;103.8613;103.8613;24-Oct-2012
101971;Aditya Birla Sun Life Money Manager Fund - Retail Growth;INF209K01MJ3;;185.8727;185.8727;185.8727;24-Oct-2012
101974;Aditya Birla Sun Life Money Manager Fund - WEEKLY IDCW;;INF209K01SY9;100.1923;100.1923;100.1923;24-Oct-2012

HDFC Mutual Fund
101994;HDFC Money Market Fund - Daily IDCW Option;;INF179KB1IG6;10.6364;10.6364;10.6364;24-Oct-2012
101993;HDFC Money Market Fund - Growth Option;INF179KB1HR5;;23.6228;23.6228;23.6228;24-Oct-2012
101995;HDFC Money Market Fund - Weekly IDCW Option;INF179KB1IH4;INF179KB1II2;10.6369;10.6369;10.6369;24-Oct-2012

ICICI Prudential Mutual Fund
115328;ICICI Prudential Money Market Fund Dividend;INF109K01I72;;100.0090;100.0090;100.0090;24-Oct-2012
101221;ICICI Prudential Money Market Fund Retail Growth (erstwhile Cash Option);INF109K01TW3;;178.7171;178.7171;178.7171;24-Oct-2012
103634;ICICI Prudential Money Market Fund Option - Daily IDCW;INF109K01TY9;;100.0115;100.0115;100.0115;24-Oct-2012
103633;ICICI Prudential Money Market Fund Option - Growth;INF109K01TX1;;156.4281;156.4281;156.4281;24-Oct-2012
103637;ICICI Prudential Money Market Fund Option - Monthly IDCW;INF109K01UC3;INF109K01UB5;100.8789;100.8789;100.8789;24-Oct-2012
103635;ICICI Prudential Money Market Fund Option - Weekly IDCW;INF109K01TZ6;;100.1124;100.1124;100.1124;24-Oct-2012
103636;ICICI Prudential Money Market Fund Option -Fortnightly IDCW;INF109K01UA7;;100.4138;100.4138;100.4138;24-Oct-2012

Kotak Mahindra Mutual Fund
106842;Kotak Money Market Fund - (Daily Reinvestment of Income Distribution cum capital withdrawal option);INF174K01ND0;;10.1162;10.1162;10.1162;24-Oct-2012
101893;Kotak Money Market Fund - (Growth);INF174K01NA6;;18.5239;18.5239;18.5239;24-Oct-2012
101892;Kotak Money market Fund - (Monthly Payout of Income Distribution cum capital withdrawal option);INF174K018O0;INF174K01NB4;10.0413;10.0413;10.0413;24-Oct-2012
101894;Kotak Money Market Fund - (Weekly Reinvestment of Income Distribution cum capital withdrawal option);INF174K01NC2;;10.1243;10.1243;10.1243;24-Oct-2012

Nippon India Mutual Fund
103050;NIPPON INDIA MONEY MARKET FUND - DAILY IDCW Option;;INF204K01UY6;1000.5100;1000.5100;1000.5100;24-Oct-2012
103052;NIPPON INDIA MONEY MARKET FUND - MONTHLY IDCW Option;INF204K01VB2;INF204K01VC0;1001.8411;1001.8411;1001.8411;24-Oct-2012
103051;NIPPON INDIA MONEY MARKET FUND - WEEKLY IDCW Option;;INF204K01UZ3;1001.4952;1001.4952;1001.4952;24-Oct-2012
103049;Nippon India Money Market Fund-Growth Plan-Bonus Option;INF204K01UX8;;1001.6100;1001.6100;1001.6100;24-Oct-2012
103048;Nippon India Money Market Fund-Growth Plan-Growth Option;INF204K01VA4;;1703.2932;1703.2932;1703.2932;24-Oct-2012

Tata Mutual Fund
101986;Tata Money Market Fund- Regular Plan - Daily Reinvestment of IDCW Option;;INF277K014C0;1114.5200;1114.5200;1114.5200;24-Oct-2012
101847;Tata Money Market Fund-Regular Plan - Growth Option;INF277K01LQ7;;2087.9616;2087.9616;2087.9616;24-Oct-2012

UTI Mutual Fund
112077;UTI MMF - Regular Plan - Growth Option;INF789F01PX8;;1266.4677;1266.4677;1266.4677;24-Oct-2012
100724;UTI MMF- Discontinued - Regular Plan - Flexi Dividend Option;;INF789F01BD0;1995.1715;1995.1715;1995.1715;24-Oct-2012
100725;UTI MMF- Discontinued - Regular Plan - Periodic Dividend Option;INF789F01BE8;;1985.7564;1985.7564;1985.7564;24-Oct-2012
100723;UTI MMF-Discontinued - Regular Plan -Growth;INF789F01BF5;;3117.8211;3117.8211;3117.8211;24-Oct-2012
112076;UTI Money Market Fund - Regular Plan - Daily IDCW (Reinvestment);;INF789F01PW0;1003.3854;1003.3854;1003.3854;24-Oct-2012
112635;UTI Money Market Fund - Regular Plan - Weekly IDCW;INF789F01PY6;INF789F01PZ3;1014.5309;1014.5309;1014.5309;24-Oct-2012

Open Ended Schemes ( Debt Scheme - Floater Fund )


Franklin Templeton Mutual Fund
101048;Franklin India Floating Rate Fund - Growth Plan;INF090I01LM7;;18.5603;18.5603;18.5603;24-Oct-2012
101044;Franklin India Floating Rate Fund - IDCW ;INF090I01LN5;;10.0031;10.0031;10.0031;24-Oct-2012

Close Ended Schemes ( Income )


SBI Mutual Fund
114781;SBI Capital Protection Oriented Fund - Series II -;INF200K01ED2;;11.4896;N.A.;N.A.;24-Oct-2012
115824;SBI Capital Protection Oriented Fund - Series III - Growth;INF200K01IH4;;11.1298;N.A.;N.A.;24-Oct-2012
116872;SBI DEBT FUND SERIES - 13 MONTHS - 12 - DIVIDEND;INF200K01KW9;;10.7236;N.A.;N.A.;24-Oct-2012
116873;SBI DEBT FUND SERIES - 13 MONTHS - 12 - GROWTH;INF200K01KV1;;10.7236;N.A.;N.A.;24-Oct-2012
117054;SBI DEBT FUND SERIES - 13 MONTHS - 13 - DIVIDEND;INF200K01KY5;;10.6998;N.A.;N.A.;24-Oct-2012
117055;SBI DEBT FUND SERIES - 13 MONTHS - 13 - GROWTH;INF200K01KX7;;10.6998;N.A.;N.A.;24-Oct-2012
117110;SBI DEBT FUND SERIES - 15 MONTHS - 10 - DIVIDEND;INF200K01LG0;;10.5809;N.A.;N.A.;24-Oct-2012
117111;SBI DEBT FUND SERIES - 15 MONTHS - 10 - GROWTH;INF200K01LF2;;10.5809;N.A.;N.A.;24-Oct-2012
116505;SBI DEBT FUND SERIES - 15 MONTHS - 7 - DIVIDEND;INF200K01LA3;;10.7699;N.A.;N.A.;24-Oct-2012
116506;SBI DEBT FUND SERIES - 15 MONTHS - 7 - GROWTH;INF200K01KZ2;;10.7697;N.A.;N.A.;24-Oct-2012
116546;SBI DEBT FUND SERIES - 15 MONTHS - 8 - DIVIDEND;INF200K01LC9;;10.7175;N.A.;N.A.;24-Oct-2012
116545;SBI DEBT FUND SERIES - 15 MONTHS - 8 - GROWTH;INF200K01LB1;;10.7175;N.A.;N.A.;24-Oct-2012
116750;SBI DEBT FUND SERIES - 15 MONTHS - 9 - DIVIDEND;INF200K01LE5;;10.6256;N.A.;N.A.;24-Oct-2012
116751;SBI DEBT FUND SERIES - 15 MONTHS - 9 - GROWTH;INF200K01LD7;;10.6256;N.A.;N.A.;24-Oct-2012
116408;SBI DEBT FUND SERIES - 18 MONTHS - 10 - DIVIDEND;INF200K01LI6;;10.7780;N.A.;N.A.;24-Oct-2012
116407;SBI DEBT FUND SERIES - 18 MONTHS - 10 - GROWTH;INF200K01LH8;;10.7780;N.A.;N.A.;24-Oct-2012
115899;SBI DEBT FUND SERIES - 18 Months - 7 - DIVIDEND;INF200K01GX5;;10.9986;N.A.;N.A.;24-Oct-2012
115900;SBI DEBT FUND SERIES - 18 Months - 7 - GROWTH;INF200K01GW7;;10.9986;N.A.;N.A.;24-Oct-2012
116016;SBI DEBT FUND SERIES - 18 Months - 8 - DIVIDEND;INF200K01GY3;;11.0097;N.A.;N.A.;24-Oct-2012
116017;SBI DEBT FUND SERIES - 18 Months - 8 - GROWTH;INF200K01GZ0;;11.0137;N.A.;N.A.;24-Oct-2012
116400;SBI DEBT FUND SERIES - 18 MONTHS - 9 - DIVIDEND;INF200K01JI0;;10.8049;N.A.;N.A.;24-Oct-2012
116399;SBI DEBT FUND SERIES - 18 MONTHS - 9 - GROWTH;INF200K01JH2;;10.8049;N.A.;N.A.;24-Oct-2012
117337;SBI DEBT FUND SERIES - 180 DAYS - 24 - DIVIDEND;INF200K01FX7;;10.4459;N.A.;N.A.;24-Oct-2012
117338;SBI DEBT FUND SERIES - 180 DAYS - 24 - GROWTH;INF200K01FW9;;10.4459;N.A.;N.A.;24-Oct-2012
117383;SBI DEBT FUND SERIES - 180 DAYS - 25 - DIVIDEND;INF200K01JY7;;10.4349;N.A.;N.A.;24-Oct-2012
117384;SBI DEBT FUND SERIES - 180 DAYS - 25 - GROWTH;INF200K01JX9;;10.4349;N.A.;N.A.;24-Oct-2012
115263;SBI SDFS - 36 MONTHS - 1 - DIVIDEND;INF200K01EC4;;10.7969;N.A.;N.A.;24-Oct-2012
115262;SBI SDFS - 36 MONTHS - 1 - GROWTH;INF200K01EB6;;11.5098;N.A.;N.A.;24-Oct-2012
117252;SBI DEBT FUND SERIES - 366 DAYS - 1 - DIVIDEND;INF200K01NA9;;10.5392;N.A.;N.A.;24-Oct-2012
117253;SBI DEBT FUND SERIES - 366 DAYS - 1 - GROWTH;INF200K01MZ8;;10.5392;N.A.;N.A.;24-Oct-2012
117739;SBI DEBT FUND SERIES - 366 DAYS - 10 - DIVIDEND;INF200K01NY9;;10.2639;N.A.;N.A.;24-Oct-2012
117740;SBI DEBT FUND SERIES - 366 DAYS - 10 - GROWTH;INF200K01NX1;;10.2639;N.A.;N.A.;24-Oct-2012
117780;SBI DEBT FUND SERIES - 366 DAYS - 11 - DIVIDEND;INF200K01OY7;;10.2195;N.A.;N.A.;24-Oct-2012
117781;SBI DEBT FUND SERIES - 366 DAYS - 11 - GROWTH;INF200K01OX9;;10.2195;N.A.;N.A.;24-Oct-2012
117822;SBI DEBT FUND SERIES - 366 DAYS - 12 - DIVIDEND;INF200K01PA4;;10.1899;N.A.;N.A.;24-Oct-2012
117821;SBI DEBT FUND SERIES - 366 DAYS - 12 - GROWTH;INF200K01OZ4;;10.1899;N.A.;N.A.;24-Oct-2012
117833;SBI DEBT FUND SERIES - 366 DAYS - 13 - DIVIDEND;INF200K01PC0;;10.1566;N.A.;N.A.;24-Oct-2012
117832;SBI DEBT FUND SERIES - 366 DAYS - 13 - GROWTH;INF200K01PB2;;10.1566;N.A.;N.A.;24-Oct-2012
117857;SBI DEBT FUND SERIES - 366 DAYS - 14 - DIVIDEND;INF200K01PE6;;10.1432;N.A.;N.A.;24-Oct-2012
117858;SBI DEBT FUND SERIES - 366 DAYS - 14 - GROWTH;INF200K01PD8;;10.1432;N.A.;N.A.;24-Oct-2012
117917;SBI DEBT FUND SERIES - 366 DAYS - 15 - DIVIDEND;INF200K01PG1;;10.1023;N.A.;N.A.;24-Oct-2012
117918;SBI DEBT FUND SERIES - 366 DAYS - 15 - GROWTH;INF200K01PF3;;10.1023;N.A.;N.A.;24-Oct-2012
117294;SBI DEBT FUND SERIES - 366 DAYS - 2 - DIVIDEND;INF200K01NC5;;10.5110;N.A.;N.A.;24-Oct-2012
117295;SBI DEBT FUND SERIES - 366 DAYS - 2 - GROWTH;INF200K01NB7;;10.5110;N.A.;N.A.;24-Oct-2012
117335;SBI DEBT FUND SERIES - 366 DAYS - 3 - DIVIDEND;INF200K01NE1;;10.5043;N.A.;N.A.;24-Oct-2012
117336;SBI DEBT FUND SERIES - 366 DAYS - 3 - GROWTH;INF200K01ND3;;10.5043;N.A.;N.A.;24-Oct-2012
117408;SBI DEBT FUND SERIES - 366 DAYS - 4 - DIVIDEND;INF200K01NG6;;10.4678;N.A.;N.A.;24-Oct-2012
117407;SBI DEBT FUND SERIES - 366 DAYS - 4 - GROWTH;INF200K01NF8;;10.4678;N.A.;N.A.;24-Oct-2012
117475;SBI DEBT FUND SERIES - 366 DAYS - 5 - DIVIDEND;INF200K01NI2;;10.4645;N.A.;N.A.;24-Oct-2012
117476;SBI DEBT FUND SERIES - 366 DAYS - 5 - GROWTH;INF200K01NH4;;10.4644;N.A.;N.A.;24-Oct-2012
117557;SBI DEBT FUND SERIES - 366 DAYS - 6 - DIVIDEND;INF200K01NQ5;;10.3756;N.A.;N.A.;24-Oct-2012
117558;SBI DEBT FUND SERIES - 366 DAYS - 6 - GROWTH;INF200K01NP7;;10.3756;N.A.;N.A.;24-Oct-2012
117625;SBI DEBT FUND SERIES - 366 DAYS - 7 - DIVIDEND;INF200K01NS1;;10.3852;N.A.;N.A.;24-Oct-2012
117626;SBI DEBT FUND SERIES - 366 DAYS - 7 - GROWTH;INF200K01NR3;;10.3852;N.A.;N.A.;24-Oct-2012
117695;SBI DEBT FUND SERIES - 366 DAYS - 8 - DIVIDEND;INF200K01NU7;;10.3083;N.A.;N.A.;24-Oct-2012
117696;SBI DEBT FUND SERIES - 366 DAYS - 8 - GROWTH;INF200K01NT9;;10.3083;N.A.;N.A.;24-Oct-2012
117707;SBI DEBT FUND SERIES - 366 DAYS - 9 - DIVIDEND;INF200K01NW3;;10.2812;N.A.;N.A.;24-Oct-2012
117708;SBI DEBT FUND SERIES - 366 DAYS - 9 - GROWTH;INF200K01NV5;;10.2812;N.A.;N.A.;24-Oct-2012
116405;SBI DEBT FUND SERIES - 367 DAYS - 12 - DIVIDEND;INF200K01GV9;;10.8064;N.A.;N.A.;24-Oct-2012
116406;SBI DEBT FUND SERIES - 367 DAYS - 12 - GROWTH;INF200K01GU1;;10.8064;N.A.;N.A.;24-Oct-2012
116466;SBI DEBT FUND SERIES - 367 DAYS - 13 - DIVIDEND;INF200K01KI8;;10.7768;N.A.;N.A.;24-Oct-2012
116467;SBI DEBT FUND SERIES - 367 DAYS - 13 - GROWTH;INF200K01KH0;;10.7768;N.A.;N.A.;24-Oct-2012
116602;SBI DEBT FUND SERIES - 367 DAYS - 14 - DIVIDEND;INF200K01KK4;;10.7448;N.A.;N.A.;24-Oct-2012
116603;SBI DEBT FUND SERIES - 367 DAYS - 14 - GROWTH;INF200K01KJ6;;10.7448;N.A.;N.A.;24-Oct-2012
116624;SBI DEBT FUND SERIES - 367 DAYS - 15 - DIVIDEND;INF200K01KM0;;10.6864;N.A.;N.A.;24-Oct-2012
116625;SBI DEBT FUND SERIES - 367 DAYS - 15 - GROWTH;INF200K01KL2;;10.6864;N.A.;N.A.;24-Oct-2012
116687;SBI DEBT FUND SERIES - 367 DAYS - 16 - DIVIDEND;INF200K01KO6;;10.7237;N.A.;N.A.;24-Oct-2012
116686;SBI DEBT FUND SERIES - 367 DAYS - 16 - GROWTH;INF200K01KN8;;10.7237;N.A.;N.A.;24-Oct-2012
117142;SBI DEBT FUND SERIES - 367 DAYS - 17 - DIVIDEND;INf200K01KQ1;;10.5958;N.A.;N.A.;24-Oct-2012
117143;SBI DEBT FUND SERIES - 367 DAYS - 17 - GROWTH;INF200K01KP3;;10.6979;N.A.;N.A.;24-Oct-2012
117184;SBI DEBT FUND SERIES - 367 DAYS - 18 - DIVIDEND;INF200K01KS7;;10.6236;N.A.;N.A.;24-Oct-2012
117183;SBI DEBT FUND SERIES - 367 DAYS - 18 - GROWTH;INF200K01KR9;;10.6236;N.A.;N.A.;24-Oct-2012
117189;SBI DEBT FUND SERIES - 367 DAYS - 19 - DIVIDEND;INF200K01KU3;;10.6643;N.A.;N.A.;24-Oct-2012
117190;SBI DEBT FUND SERIES - 367 DAYS - 19 - GROWTH;INF200K01KT5;;10.6644;N.A.;N.A.;24-Oct-2012
113321;SBI Debt Fund Series - 60 Months - 1 - Dividend;INF200K01CQ8;;11.6487;N.A.;N.A.;24-Oct-2012
113401;SBI Debt Fund Series - 60 Months - 1 - Growth;INF200K01CP0;;11.6486;N.A.;N.A.;24-Oct-2012
117799;SBI DEBT FUND SERIES - 90 DAYS - 68 - DIVIDEND;INF200K01NO0;;10.1583;N.A.;N.A.;24-Oct-2012
117798;SBI DEBT FUND SERIES - 90 DAYS - 68 - GROWTH;INF200K01NN2;;10.1583;N.A.;N.A.;24-Oct-2012
117840;SBI DEBT FUND SERIES - 90 DAYS - 69 - DIVIDEND;INF200K01OA7;;10.1300;N.A.;N.A.;24-Oct-2012
117841;SBI DEBT FUND SERIES - 90 DAYS - 69 - GROWTH;INF200K01NZ6;;10.1300;N.A.;N.A.;24-Oct-2012
117900;SBI DEBT FUND SERIES - 90 DAYS - 70 - DIVIDEND;INF200K01OC3;;10.0834;N.A.;N.A.;24-Oct-2012
117901;SBI DEBT FUND SERIES - 90 DAYS - 70 - GROWTH;INF200K01OB5;;10.0834;N.A.;N.A.;24-Oct-2012
117919;SBI DEBT FUND SERIES - 90 DAYS - 71 - DIVIDEND;INF200K01OE9;;10.0655;N.A.;N.A.;24-Oct-2012
117920;SBI DEBT FUND SERIES - 90 DAYS - 71 - GROWTH;INF200K01OD1;;10.0655;N.A.;N.A.;24-Oct-2012
116113;SBI DEBT FUND SERIES 367 DAYS - 10 - DIVIDEND;INF200K01GR7;;10.8484;N.A.;N.A.;24-Oct-2012
116114;SBI DEBT FUND SERIES 367 DAYS - 10 - GROWTH;INF200K01GQ9;;10.8484;N.A.;N.A.;24-Oct-2012
116124;SBI DEBT FUND SERIES 367 DAYS - 11 - DIVIDEND;INF200K01GT3;;10.8854;N.A.;N.A.;24-Oct-2012
116123;SBI DEBT FUND SERIES 367 DAYS - 11 - GROWTH;INF200K01GS5;;10.8854;N.A.;N.A.;24-Oct-2012
116021;SBI DEBT FUND SERIES 367 DAYS - 8 - DIVIDEND;INF200K01GM8;;10.9255;N.A.;N.A.;24-Oct-2012
116022;SBI DEBT FUND SERIES 367 DAYS 8 - GROWTH;INF200K01GN6;;10.9255;N.A.;N.A.;24-Oct-2012
116058;SBI DEBT FUND SERIES 367 DAYS - 9 - DIVIDEND;INF200K01GO4;;10.9306;N.A.;N.A.;24-Oct-2012
116059;SBI DEBT FUND SERIES 367 DAYS - 9 - GROWTH;INF200K01GP1;;10.9306;N.A.;N.A.;24-Oct-2012
