Scheme Code;Scheme Name;ISIN Div Payout/ISIN Growth;ISIN Div Reinvestment;Net Asset Value;Repurchase Price;Sale Price;Date

Open Ended Schemes ( Income )


Standard Chartered Mutual Fund
102342;GCF-Plan C-Daily Dividend;;;10.0005;10.0005;10.0005;15-Sep-2007
102340;GCF-Plan C-Growth;;;12.1646;12.1646;12.1646;15-Sep-2007
102343;GCF-Plan C-Monthly Dividend;;;0;0;0;15-Sep-2007
102341;GCF-Plan C-weekly Dividend;;;10.0016;10.0016;10.0016;15-Sep-2007
101780;GCF Daily-Dividend(Institutional Plan);;;10.5816;10.5816;10.5816;15-Sep-2007
101760;GCF Dividend-Weekly(Institutional Plan);;;10.3011;10.3011;10.3011;15-Sep-2007
102348;GFRF-Plan C-Daily Dividend;;;10.0015;10.0015;10.0015;15-Sep-2007
102347;GFRF-Plan C-Growth;;;0;0;0;15-Sep-2007
102350;GFRF-Plan C-Monthly Divdend;;;0;0;0;15-Sep-2007
102349;GFRF-Plan C-Weekly Dividend;;;0;0;0;15-Sep-2007
101947;GFRF (Daily - Dividind);;;10.0699;10.0699;10.0699;15-Sep-2007
101948;GFRF (Dividend - Weekly);;;10.0683;10.0683;10.0683;15-Sep-2007
101773;GFRF - Growth(Institutional Plan);;;12.5555;12.5555;12.5555;15-Sep-2007
101774;GFRF Dividend-Daily (Institutional Plan);;;10.0703;10.0703;10.0703;15-Sep-2007
101776;GFRF Dividend-Monthly(Institutional Plan);;;0;0;0;15-Sep-2007
101775;GFRF Dividend-Weekly(Institutional Plan);;;10.0929;10.0929;10.0929;15-Sep-2007
101100;Grindlays Cash Fund-Dividend (Daily);;;10.5819;10.5819;10.5819;15-Sep-2007
101099;Grindlays Cash Fund-Growth;;;14.1656;14.1656;14.1656;15-Sep-2007
101319;Grindlays Cash Fund - Dividend (Weekly);;;10.193;10.193;10.193;15-Sep-2007
101632;Grindlays Cash Fund - Plan B (D) (Institutional Plan);;;0;0;0;15-Sep-2007
101248;Grindlays Cash Fund - Plan B (G) (Institutional Plan);;;14.2396;14.2396;14.2396;15-Sep-2007

Open Ended Schemes ( Liquid )


ING Mutual Fund
100194;ING Liquid Fund-Auto Sweep Growth Option;;;10.0000;10.0000;10.0000;15-Sep-2007
100195;ING Liquid Fund-Auto Sweep Weekly Dividend Option;;;10.0000;10.0000;10.0000;15-Sep-2007
100198;ING Liquid Fund-Institutional Daily Dividend Option;INF084M01473;;10.0121;10.0121;10.0121;15-Sep-2007
100196;ING Liquid Fund-Institutional Growth Option;INF084M01465;;12.1830;12.1830;12.1830;15-Sep-2007
100197;ING Liquid Fund-Institutional Weekly Dividend Option;INF084M01499;INF084M01481;10.0639;10.0639;10.0639;15-Sep-2007
100192;ING Liquid Fund-Regular Daily Dividend Option;INF084M01432;;10.7873;10.7873;10.7873;15-Sep-2007
100190;ING Liquid Fund-Regular Growth Option;INF084M01424;;16.3921;16.3921;16.3921;15-Sep-2007
100191;ING Liquid Fund-Regular Weekly Dividend Option;INF084M01457;INF084M01440;10.8346;10.8346;10.8346;15-Sep-2007
100200;ING Liquid Fund-Super Institutional Daily Dividend Option;INF084M01515;;10.0048;10.0048;10.0048;15-Sep-2007
100199;ING Liquid Fund-Super Institutional Growth Option;INF084M01507;;11.5412;11.5412;11.5412;15-Sep-2007
100201;ING Liquid Fund-Super Institutional Weekly Dividend Option;INF084M01531;INF084M01523;10.0127;10.0127;10.0127;15-Sep-2007

Sahara Mutual Fund
101397;Sahara Liquid Fund-Fixed Pricing -  Weekly Dividend Option;;INF515L01064;1025.3641;1025.3641;1025.3641;15-Sep-2007
101393;Sahara Liquid Fund-Fixed Pricing - Daily Dividend Option;;INF515L01049;1024.9045;1024.9045;1024.9045;15-Sep-2007
101394;Sahara Liquid Fund-Fixed Pricing - Growth option;INF515L01056;;1389.6103;1389.6103;1389.6103;15-Sep-2007
101398;Sahara Liquid Fund-Fixed Pricing - Monthly Dividend Option;;INF515L01072;1027.9495;1027.9495;1027.9495;15-Sep-2007
101399;Sahara Liquid Fund-Variable Pricing - Daily Dividend option;;INF515L01080;1024.9262;1024.9262;1024.9262;15-Sep-2007
101402;Sahara Liquid Fund-Variable Pricing - Growth option;INF515L01114;;1395.2545;1395.2545;1395.2545;15-Sep-2007
101400;Sahara Liquid Fund-Variable Pricing - Weekly Dividend Option;;INF515L01098;1025.3491;1025.3491;1025.3491;15-Sep-2007
101401;Sahara Liquid Fund-Variable Pricing- Monthly Dividend Option;;INF515L01106;1028.3467;1028.3467;1028.3467;15-Sep-2007

Standard Chartered Mutual Fund
103525;Standard Chartered Liquidity Manager (SCLM)-A-Dividend Daily;;;10.0125;10.0125;10.0125;15-Sep-2007
103527;Standard Chartered Liquidity Manager (SCLM)-A-Dividend Monthly;;;10.0238;10.0238;10.0238;15-Sep-2007
103526;Standard Chartered Liquidity Manager (SCLM)-A-Dividend Weekly;;;10.003;10.003;10.003;15-Sep-2007
103524;Standard Chartered Liquidity Manager (SCLM)-A-Growth;;;11.0009;11.0009;11.0009;15-Sep-2007
103598;Standard Chartered Liquidity Manager Plus-A-Dividend Daily;;;1000.21;1000.21;1000.21;15-Sep-2007
103600;Standard Chartered Liquidity Manager Plus-A-Dividend Monthly;;;1003.1851;1003.1851;1003.1851;15-Sep-2007
103599;Standard Chartered Liquidity Manager Plus-A-Dividend Weekly;;;1000.3435;1000.3435;1000.3435;15-Sep-2007
103597;Standard Chartered Liquidity Manager Plus-A-Growth;;;1111.0556;1111.0556;1111.0556;15-Sep-2007

Open Ended Schemes ( Floating Rate )


Standard Chartered Mutual Fund
101630;Grindlays Floating Rate Fund - Growth;;;12.7135;12.7135;12.7135;15-Sep-2007
101631;Grindlays Floating Rate Fund- Dividend Monthly;;;10.0498;10.0498;10.0498;15-Sep-2007

Open Ended Schemes ( Debt Scheme - Overnight Fund )


SBI Mutual Fund
101206;SBI OVERNIGHT FUND - REGULAR PLAN - GROWTH;INF200K01LQ9;;13.4167;13.4167;13.4167;15-Sep-2007
103140;SBI Overnight Fund - Regular Plan - Weekly Income Distribution cum Capital Withdrawal Option (IDCW);INF200K01LO4;INF200K01LP1;10.2545;10.2545;10.2545;15-Sep-2007

Open Ended Schemes ( Debt Scheme - Liquid Fund )


Baroda BNP Paribas Mutual Fund
101408;Baroda BNP Paribas LIQUID FUND- Defunct Plan -Growth Option;INF955L01575;;13.8149;13.8149;13.8149;15-Sep-2007
101407;Baroda BNP Paribas LIQUID FUND-Defunct Plan- IDCW Option;INF955L01559;INF955L01567;11.8420;11.8420;11.8420;15-Sep-2007
101409;Baroda BNP Paribas LIQUID FUND-Defunct Plan-Daily IDCW Option;INF955L01518;INF955L01526;10.0903;10.0903;10.0903;15-Sep-2007

Principal Mutual Fund
100895;Principal Cash Management Fund - Daily Income Distribution CUM Capital Withdrawal;;INF173K01DB7;10.0007;10.0007;10.0007;15-Sep-2007
100897;Principal Cash Management Fund - Monthly Income Distribution CUM Capital Withdrawal Option;INF173K01BV9;INF173K01BW7;10.0351;10.0351;10.0351;15-Sep-2007
100896;Principal Cash Management Fund - Weekly Income Distribution CUM Capital Withdrawal Option;;INF173K01DC5;10.0051;10.0051;10.0051;15-Sep-2007
100898;Principal Cash Management Fund -Growth Option;INF173K01DA9;;12.0927;12.0927;12.0927;15-Sep-2007
100892;Principal Cash Management-Liquid Option-Daily Dividend;;;10.0022;10.0022;10.0022;15-Sep-2007
100887;Principal Cash Management-Liquid Option-Dividend Plan;;;10.1241;10.1241;10.1241;15-Sep-2007
100888;Principal Cash Management-Liquid Option-Growth Plan;;;15.2019;15.2019;15.2019;15-Sep-2007
100894;Principal Cash Management-Liquid Option-Institutional - Daily Dividend Plan;;;10.0022;10.0022;10.0022;15-Sep-2007
100893;Principal Cash Management-Liquid Option-Institutional - Growth Plan;;;12.7859;12.7859;12.7859;15-Sep-2007
100891;Principal Cash Management-Liquid Option-Institutional - Monthly Dividend Plan;;;10.0345;10.0345;10.0345;15-Sep-2007
100890;Principal Cash Management-Liquid Option-Institutional - Weekly Dividend Plan;;;10.0059;10.0059;10.0059;15-Sep-2007
100889;Principal Cash Management-Liquid Option-Monthly Dividend;;;10.0335;10.0335;10.0335;15-Sep-2007

SBI Mutual Fund
105274;SBI Liquid Fund - Institutional - Growth;INF200K01LU1;;12.4323;12.4323;12.4323;15-Sep-2007
105275;SBI Liquid Fund - Institutional Daily Income Distribution cum Capital Withdrawal Option (IDCW);;INF200K01LR7;10.0325;10.0325;10.0325;15-Sep-2007
105279;SBI Liquid Fund - Institutional Fortnightly Income Distribution cum Capital Withdrawal Option (IDCW);INF200K01LS5;INF200K01LT3;10.1160;10.1160;10.1160;15-Sep-2007
105278;SBI Liquid Fund - Institutional Weekly Income Distribution cum Capital Withdrawal Option (IDCW);INF200K01LV9;INF200K01LW7;10.5708;10.5708;10.5708;15-Sep-2007
105281;SBI Liquid Fund - Regular Plan - Daily Income Distribution cum Capital Withdrawal Option (IDCW);;INF200K01LX5;10.0325;10.0325;10.0325;15-Sep-2007
105283;SBI Liquid Fund - Regular Plan - Fortnightly Income Distribution cum Capital Withdrawal Option (IDCW);INF200K01LY3;INF200K01LZ0;0;0;0;15-Sep-2007
105282;SBI Liquid Fund - Regular Plan - Weekly Income Distribution cum Capital Withdrawal Option (IDCW);INF200K01MB9;INF200K01MC7;0;0;0;15-Sep-2007
105280;SBI Liquid Fund - REGULAR PLAN -Growth;INF200K01MA1;;12.2865;12.2865;12.2865;15-Sep-2007

Taurus Mutual Fund
104240;Taurus Liquid Fund-Dividend;INF044D01542;INF044D01559;9.9888;9.9888;9.9888;15-Sep-2007
104241;Taurus Liquid Fund-Growth;INF044D01575;;10.6153;10.6153;10.6153;15-Sep-2007

UTI Mutual Fund
102010;UTI Liquid Fund - Regular Plan - Daily IDCW (Reinvestment);;INF789F01PG3;1019.4457;1019.4457;1019.4457;15-Sep-2007
102011;UTI Liquid Fund - Regular Plan - Monthly IDCW;INF789F01PI9;INF789F01PJ7;1027.7599;1027.7599;1027.7599;15-Sep-2007
102013;UTI Liquid Fund - Regular Plan - Weekly IDCW;;INF789F01PK5;1024.182;1024.182;1024.182;15-Sep-2007
102012;UTI-  Liquid Cash Plan - Regular Plan - Growth Option;INF789F01PH1;;1273.9117;1273.9117;1273.9117;15-Sep-2007
102008;UTI-  Liquid Cash Plan- Discontinued - Regular Plan - Monthly Dividend Option;INF789F01BC2;INF789F01BA6;1037.8427;1037.8427;1037.8427;15-Sep-2007
102009;UTI-  Liquid Cash Plan- Discontinued - Regular Plan -Growth;INF789F01BB4;;1264.7156;1264.7156;1264.7156;15-Sep-2007
102007;UTI-  Liquid Cash Plan- Discontinued -Regular Plan Periodic Dividend Option;;INF789F01AZ5;1027.4343;1027.4343;1027.4343;15-Sep-2007

Open Ended Schemes ( Debt Scheme - Ultra Short Duration Fund )


SBI Mutual Fund
105080;SBI Ultra Short Duration Fund - Regular Plan - Daily Income Distribution cum Capital Withdrawal Option (IDCW);;INF200K01LK2;16.7503;16.7503;16.7503;15-Sep-2007
100641;SBI ULTRA SHORT DURATION FUND - REGULAR PLAN - GROWTH;INF200K01LJ4;;17.3648;17.3648;17.3648;15-Sep-2007
103884;SBI Ultra Short Duration Fund - Regular Plan - Weekly Income Distribution cum Capital Withdrawal Option (IDCW);INF200K01LM8;INF200K01LL0;10.6591;10.6591;10.6591;15-Sep-2007

UTI Mutual Fund
102532;UTI Ultra Short Duration Fund - Regular Plan - Growth Option;INF789F01570;;1243.8087;1243.8087;1243.8087;15-Sep-2007
102531;UTI Ultra Short Duration Fund - Regular Plan - Weekly IDCW (Reinvestment);;INF789F01562;1025.328;1025.328;1025.328;15-Sep-2007

Open Ended Schemes ( Debt Scheme - Money Market Fund )


UTI Mutual Fund
100724;UTI MMF- Discontinued - Regular Plan - Flexi Dividend Option;;INF789F01BD0;17.8759;17.8759;17.8759;15-Sep-2007
100725;UTI MMF- Discontinued - Regular Plan - Periodic Dividend Option;INF789F01BE8;;17.7604;17.7604;17.7604;15-Sep-2007
100723;UTI MMF-Discontinued - Regular Plan -Growth;INF789F01BF5;;21.7389;21.7389;21.7389;15-Sep-2007

Open Ended Schemes ( Debt Scheme - Credit Risk Fund )


Principal Mutual Fund
102729;Principal Credit Risk Fund - Regular Plan - Growth Option;INF173K01DM4;;12.1257;12.1257;12.1257;15-Sep-2007
102732;Principal Credit Risk Fund - Regular Plan - Monthly Dividend Option;INF173K01BJ4;INF173K01BK2;10.6874;10.6874;10.6874;15-Sep-2007
102726;Principal Floating Rate Fund - SMP-Daily Dividend;;;10.0007;10.0007;10.0007;15-Sep-2007
102725;Principal Floating Rate Fund - SMP-Growth;;;12.0784;12.0784;12.0784;15-Sep-2007
102730;Principal Floating Rate Fund - SMP-Insti. Daily Dividend;;;10.0007;10.0007;10.0007;15-Sep-2007
102731;Principal Floating Rate Fund - SMP-Insti. Weekly Dividend;;;10.0007;10.0007;10.0007;15-Sep-2007
102728;Principal Floating Rate Fund - SMP-Monthly Dividend;;;10.3328;10.3328;10.3328;15-Sep-2007
102727;Principal Floating Rate Fund - SMP-Weekly Dividend;;;10.0049;10.0049;10.0049;15-Sep-2007

Open Ended Schemes ( Other Scheme - FoF Overseas )


Sundaram Mutual Fund
106370;Sundaram Global Brand Theme-Equity Active FOF - Regular Growth;INF903J01EX1;;10.1498;10.1498;10.4289;15-Sep-2007
106369;Sundaram Global Brand Theme-Equity Active FOF - Regular IDCW;INF903J01EY9;INF903J01EZ6;10.1495;10.1495;10.4286;15-Sep-2007
