Scheme Code;Scheme Name;ISIN Div Payout/ISIN Growth;ISIN Div Reinvestment;Net Asset Value;Repurchase Price;Sale Price;Date

Open Ended Schemes ( Liquid )


Deutsche Mutual Fund
116363;DWS Insta Cash Plus Fund - Annual Dividend Option;INF223J01IP1;INF223J01IQ9;113.0681;113.0681;113.0681;09-Feb-2014
106468;DWS INSTA CASH PLUS FUND - BONUS OPTION;INF223J01BQ4;;112.3864;112.3864;112.3864;09-Feb-2014
122675;DWS Insta Cash Plus Fund - Direct Plan -  Annual Bonus Option;INF223J01WW8;;164.1441;164.1441;164.1441;09-Feb-2014
119003;DWS Insta Cash Plus Fund - Direct Plan -  Regular Bonus;INF223J01NQ9;;112.5252;112.5252;112.5252;09-Feb-2014
118997;DWS Insta Cash Plus Fund - Direct Plan - Annual Dividend;INF223J01NO4;INF223J01NP1;113.1848;113.1848;113.1848;09-Feb-2014
118998;DWS Insta Cash Plus Fund - Direct Plan - Daily Dividend;;INF223J01NR7;100.304;100.304;100.304;09-Feb-2014
119000;DWS Insta Cash Plus Fund - Direct Plan - Growth;INF223J01NS5;;164.5932;164.5932;164.5932;09-Feb-2014
119002;DWS Insta Cash Plus Fund - Direct Plan - Weekly Dividend;INF223J01NV9;INF223J01NW7;100.5855;100.5855;100.5855;09-Feb-2014
122205;DWS Insta Cash Plus Fund - Direct Plan -Monthly Bonus;INF223J01VE8;;107.8798;107.8798;107.8798;09-Feb-2014
106470;DWS Insta Cash Plus Fund - Monthly Dividend;INF223J01BR2;INF223J01BS0;104.3466;104.3466;104.3466;09-Feb-2014
105672;DWS INSTA CASH PLUS FUND - Regular Plan BONUS OPTION;INF223J01BH3;;10.8792;10.8792;10.8792;09-Feb-2014
106472;DWS Insta Cash Plus Fund - Weekly Dividend;INF223J01BT8;INF223J01BU6;100.5512;100.5512;100.5512;09-Feb-2014
106471;DWS Insta Cash Plus Fund -Growth;INF223J01BP6;;164.3947;164.3947;164.3947;09-Feb-2014
106467;DWS Insta Cash Plus Fund-Daily Dividend;;INF223J01BO9;100.304;100.304;100.304;09-Feb-2014
101718;DWS Insta Cash Plus Fund-DIVIDEND-Daily Dividend;;INF223J01BI1;10.301;10.301;10.301;09-Feb-2014
101717;DWS Insta Cash Plus Fund-DIVIDEND-MONTHLY DIVIDEND;INF223J01BK7;INF223J01BL5;10.4715;10.4715;10.4715;09-Feb-2014
101716;DWS Insta Cash Plus Fund-DIVIDEND-WEEKLY DIVIDEND;INF223J01BM3;INF223J01BN1;10.3557;10.3557;10.3557;09-Feb-2014
101719;DWS Insta Cash Plus Fund-Growth-GROWTH;INF223J01BJ9;;20.6078;20.6078;20.6078;09-Feb-2014
101722;DWS Insta Cash Plus Fund-Institutional Plan-Daily Dividend;;INF223J01BA8;10.0516;10.0516;10.0516;09-Feb-2014
101721;DWS Insta Cash Plus Fund-Institutional Plan-Growth;INF223J01BB6;;19.5435;19.5435;19.5435;09-Feb-2014
122206;DWS INSTA CASH PLUS FUND-Monthly Bonus Option;INF223J01VD0;;102.7718;102.7718;102.7718;09-Feb-2014
116368;DWS Insta CashPlus Fund - Quarterly Dividend Option;INF223J01IN6;INF223J01IO4;112.5027;112.5027;112.5027;09-Feb-2014
116370;DWS Treasury Fund - Cash Plan - Annual Dividend;INF223J01SF1;INF223J01SG9;119.2041;119.2041;119.2041;09-Feb-2014
114966;DWS Treasury Fund - Cash Plan - Bonus;INF223J01SA2;;108.0892;108.0892;108.0892;09-Feb-2014
112228;DWS Treasury Fund - Cash Plan - Daily Dividend;;INF223J01SB0;100.391;100.391;100.391;09-Feb-2014
119014;DWS Treasury Fund - Cash Plan - Direct Plan - Bonus;INF223J01PE0;;185.4857;185.4857;185.4857;09-Feb-2014
119008;DWS Treasury Fund - Cash Plan - Direct Plan - Daily Dividend;;INF223J01PH3;100.391;100.391;100.391;09-Feb-2014
119009;DWS Treasury Fund - Cash Plan - Direct Plan - Growth;INF223J01PI1;;136.4303;136.4303;136.4303;09-Feb-2014
122210;DWS Treasury Fund - Cash Plan - Direct Plan - Monthly Bonus;INF223J01VO7;;107.9176;107.9176;107.9176;09-Feb-2014
119013;DWS Treasury Fund - Cash Plan - Direct Plan - Weekly Dividend;INF223J01PN1;INF223J01PO9;109.5972;109.5972;109.5972;09-Feb-2014
112221;DWS Treasury Fund - Cash Plan - Growth;INF223J01SC8;;136.1341;136.1341;136.1341;09-Feb-2014
112227;DWS Treasury Fund - Cash Plan - Institiutional - Daily Dividend;;INF223J01DZ1;100.497;100.497;100.497;09-Feb-2014
112222;DWS Treasury Fund - Cash Plan - Institiutional - Growth;INF223J01EA2;;139.2684;139.2684;139.2684;09-Feb-2014
122209;DWS Treasury Fund - Cash Plan - Monthly Bonus;INF223J01VN9;;107.7691;107.7691;107.7691;09-Feb-2014
112965;DWS Treasury Fund - Cash Plan - Monthly Dividend;INF223J01RW8;INF223J01RX6;106.9562;106.9562;106.9562;09-Feb-2014
116391;DWS Treasury Fund - Cash Plan - Quarterly Dividend;INF223J01SD6;INF223J01SE4;110.5961;110.5961;110.5961;09-Feb-2014
112964;DWS Treasury Fund - Cash Plan - Weekly Dividend;INF223J01RY4;INF223J01RZ1;109.5461;109.5461;109.5461;09-Feb-2014

Edelweiss Mutual Fund
109935;Edelweiss Liquid Fund - Daily Dividend Option;;INF754K01BG7;1000.0000;999.0000;1000.0000;09-Feb-2014
109946;Edelweiss Liquid Fund - Growth Option;INF754K01BC6;;1246.5452;1245.2987;1246.5452;09-Feb-2014
109944;Edelweiss Liquid Fund - Monthly Dividend Option;INF754K01BD4;INF754K01BF9;1001.7436;1000.7419;1001.7436;09-Feb-2014
109934;Edelweiss Liquid Fund - Retail Plan - Daily Dividend Option;;INF754K01AS4;1000.0000;999.0000;1000.0000;09-Feb-2014
109940;Edelweiss Liquid Fund - Retail Plan - Growth Option;INF754K01AO3;;1426.1604;1424.7342;1426.1604;09-Feb-2014
109939;Edelweiss Liquid Fund - Retail Plan - Monthly Dividend Option;INF754K01AP0;INF754K01AR6;1001.5050;1000.5035;1001.5050;09-Feb-2014
109937;Edelweiss Liquid Fund - Retail Plan - Weekly Dividend Option;;INF754K01AT2;1000.1880;999.1878;1000.1880;09-Feb-2014
109942;Edelweiss Liquid Fund - Weekly Dividend Option;;INF754K01BH5;1000.2124;999.2122;1000.2124;09-Feb-2014
118636;Edelweiss Liquid Fund-Direct Plan-Growth Option;INF754K01CX0;;1246.9794;1245.7324;1246.9794;09-Feb-2014

ING Mutual Fund
119935;ING Liquid Fund - Super Institutional Plan - Direct Plan - Growth Option;INF084M01BY8;;18.8753;18.8753;18.8753;09-Feb-2014
119933;ING Liquid Fund - Super Institutional Plan - Direct Plan- Daily Dividend Option;;INF084M01BZ5;10.0048;10.0048;10.0048;09-Feb-2014
119934;ING Liquid Fund - Super Institutional Plan - Direct Plan- Weekly Dividend Option;INF084M01CB4;INF084M01CA6;10.021;10.021;10.021;09-Feb-2014
100198;ING Liquid Fund-Institutional Daily Dividend Option;INF084M01473;;10.0121;10.0121;10.0121;09-Feb-2014
100196;ING Liquid Fund-Institutional Growth Option;INF084M01465;;19.6534;19.6534;19.6534;09-Feb-2014
100197;ING Liquid Fund-Institutional Weekly Dividend Option;INF084M01499;INF084M01481;10.067;10.067;10.067;09-Feb-2014
100192;ING Liquid Fund-Regular Daily Dividend Option;INF084M01432;;10.7873;10.7873;10.7873;09-Feb-2014
100190;ING Liquid Fund-Regular Growth Option;INF084M01424;;25.9463;25.9463;25.9463;09-Feb-2014
100191;ING Liquid Fund-Regular Weekly Dividend Option;INF084M01457;INF084M01440;10.8375;10.8375;10.8375;09-Feb-2014
100200;ING Liquid Fund-Super Institutional Daily Dividend Option;INF084M01515;;10.0048;10.0048;10.0048;09-Feb-2014
100199;ING Liquid Fund-Super Institutional Growth Option;INF084M01507;;18.8299;18.8299;18.8299;09-Feb-2014
100201;ING Liquid Fund-Super Institutional Weekly Dividend Option;INF084M01531;INF084M01523;10.0183;10.0183;10.0183;09-Feb-2014

Invesco Mutual Fund
122792;Religare Invesco Overnight Fund - Bonus Option;INF205K01UY3;;1487.4238;1487.4238;1487.4238;09-Feb-2014
106502;Religare Invesco Overnight Fund - Daily Dividend Reinvestment;;INF205K01HS2;1001.4052;1001.4052;1001.4052;09-Feb-2014
122793;Religare Invesco Overnight Fund - Direct Plan - Bonus Option;INF205K01VH6;;1492.2492;1492.2492;1492.2492;09-Feb-2014
120556;Religare Invesco Overnight Fund - Direct Plan - Daily Dividend Reinvestment;;INF205K01NC4;1000.0100;1000.0100;1000.0100;09-Feb-2014
120557;Religare Invesco Overnight Fund - Direct Plan - Growth;INF205K01ND2;;1492.3421;1492.3421;1492.3421;09-Feb-2014
106501;Religare Invesco Overnight Fund - Growth;INF205K01HR4;;1487.5241;1487.5241;1487.5241;09-Feb-2014

JM Financial Mutual Fund
122314;JM Floater Short Term Fund (Direct) - Bonus Option - Principal Units;INF192K01EV3;;19.7131;19.7131;19.7131;09-Feb-2014
120414;JM Floater Short Term Fund (Direct) - Daily Dividend Option;;INF192K01CF0;10.0884;10.0884;10.0884;09-Feb-2014
120415;JM Floater Short Term Fund (Direct) - Growth Option;INF192K01CG8;;19.7136;19.7136;19.7136;09-Feb-2014
122322;JM Floater Short Term Fund - Bonus Option - Principal Units;INF192K01ET7;;19.6754;19.6754;19.6754;09-Feb-2014
101420;JM Floater Short Term Fund - Daily Dividend Option;;INF192K01767;10.0883;10.0883;10.0883;09-Feb-2014
101421;JM Floater Short Term Fund - Growth Option;INF192K01775;;19.6754;19.6754;19.6754;09-Feb-2014

JPMorgan Mutual Fund
119903;JPMorgan India Liquid Fund - Direct Plan - Bonus Option;INF843K01BJ2;;16.4126;16.4126;16.4126;09-Feb-2014
119902;JPMorgan India Liquid Fund - Direct Plan - Daily Dividend Option;;INF843K01BA1;10.0101;10.0101;10.0101;09-Feb-2014
119905;JPMorgan India Liquid Fund - Direct Plan - Growth Option;INF843K01AX5;;16.4356;16.4356;16.4356;09-Feb-2014
119906;JPMorgan India Liquid Fund - Direct Plan - Monthly Dividend Option;INF843K01BH6;INF843K01BD5;10.0637;10.0637;10.0637;09-Feb-2014
119904;JPMorgan India Liquid Fund - Direct Plan - Weekly Dividend Option;INF843K01BF0;INF843K01BB9;10.1448;10.1448;10.1448;09-Feb-2014
106562;JPMorgan India Liquid Fund - Retail Plan - Daily Dividend Option;;INF843K01203;10.019;10.019;10.019;09-Feb-2014
106561;JPMorgan India Liquid Fund - Retail Plan - Growth Option;INF843K01195;;14.9814;14.9814;14.9814;09-Feb-2014
109179;JPMorgan India Liquid Fund - Retail Plan - Monthly Dividend Option;;INF843K01237;10.0539;10.0539;10.0539;09-Feb-2014
109177;JPMorgan India Liquid Fund - Retail Plan - Weekly Dividend Option;;INF843K01211;10.0312;10.0312;10.0312;09-Feb-2014
117751;JPMorgan India Liquid Fund - Super Institutional Plan - Annual Dividend Option;INF843K01831;INF843K01823;11.3548;11.3548;11.3548;09-Feb-2014
110149;JPMorgan India Liquid Fund - Super Institutional Plan - Daily Dividend Option;;INF843K01153;10.0279;10.0279;10.0279;09-Feb-2014
110152;JPMorgan India Liquid Fund - Super Institutional Plan - Fortnightly Dividend Option;INF843K01492;INF843K01179;10.2087;10.2087;10.2087;09-Feb-2014
110150;JPMorgan India Liquid Fund - Super Institutional Plan - Growth Option;INF843K01146;;16.4147;16.4147;16.4147;09-Feb-2014
110151;JPMorgan India Liquid Fund - Super Institutional Plan - Monthly Dividend Option;INF843K01500;INF843K01187;10.0633;10.0633;10.0633;09-Feb-2014
110153;JPMorgan India Liquid Fund - Super Institutional Plan - Weekly Dividend Option;INF843K01484;INF843K01161;10.1921;10.1921;10.1921;09-Feb-2014

Morgan Stanley Mutual Fund
119197;Morgan Stanley Liquid Fund - Direct Daily Dividend;;INF063A01563;1014.1585;1014.1585;1014.1585;09-Feb-2014
119173;Morgan Stanley Liquid Fund - Direct Growth Plan;INF063A01555;;1246.7473;1246.7473;1246.7473;09-Feb-2014
119200;Morgan Stanley Liquid Fund - Direct Monthly Dividend;INF063A01597;INF063A01589;1011.1503;1011.1503;1011.1503;09-Feb-2014
119198;Morgan Stanley Liquid Fund - Direct Weekly Dividend;INF063A01571;;1001.1805;1001.1805;1001.1805;09-Feb-2014
115812;MS Liquid Fund - Regular- Growth;INF063A01274;;1245.7397;1245.7397;1245.7397;09-Feb-2014
115814;MS Liquid Fund - Regular- Weekly Dividend Plan;;INF063A01290;1001.1752;1001.1752;1001.1752;09-Feb-2014
115813;MS Liquid Fund- Regular Daily Dividend Plan;;INF063A01282;1000.5001;1000.5001;1000.5001;09-Feb-2014
115815;MS Liquid Fund- Regular Monthly Dividend Plan;INF063A01316;INF063A01308;1006.2551;1006.2551;1006.2551;09-Feb-2014

PGIM India Mutual Fund
120102;DHFL Pramerica Liquid Fund - Direct Plan-Daily Dividend Option;;INF663L01633;1000.4200;1000.4200;1000.4200;09-Feb-2014
120104;DHFL Pramerica Liquid Fund - Direct Plan-Growth Option;INF663L01625;;1352.2812;1352.2812;1352.2812;09-Feb-2014
120105;DHFL Pramerica Liquid Fund - Direct Plan-Monthly Dividend Option;INF663L01682;INF663L01666;1003.4904;1003.4904;1003.4904;09-Feb-2014
120106;DHFL Pramerica Liquid Fund - Direct Plan-Weekly Dividend - Option;;INF663L01641;1001.6660;1001.6660;1001.6660;09-Feb-2014
113184;DHFL Pramerica Liquid Fund - Dividend Option - Daily;;INF663L01088;1000.3700;1000.3700;1000.3700;09-Feb-2014
113187;DHFL Pramerica Liquid Fund - Dividend Option - Fortnightly;INF663L01120;INF663L01104;1003.3439;1003.3439;1003.3439;09-Feb-2014
113186;DHFL Pramerica Liquid Fund - Dividend Option - Monthly;INF663L01138;INF663L01112;1003.3446;1003.3446;1003.3446;09-Feb-2014
113183;DHFL Pramerica Liquid Fund - Growth Option;INF663L01070;;1350.6880;1350.6880;1350.6880;09-Feb-2014
113185;DHFL Pramerica Liquid Fund -Dividend Option- Weekly;;INF663L01096;1001.1919;1001.1919;1001.1919;09-Feb-2014
122257;DHFL Pramerica Liquid Fund-Bonus Option;INF663L01BD5;;1350.5517;1350.5517;1350.5517;09-Feb-2014
122258;DHFL Pramerica Liquid Fund-Direct Plan-Bonus Option;INF663L01BE3;;1352.0975;1352.0975;1352.0975;09-Feb-2014

PineBridge Mutual Fund
119355;PineBridge India Liquid Fund- Direct Plan- Daily Dividend Option;;INF178L01AV8;1001.0000;1001.0000;1001.0000;09-Feb-2014
119360;PineBridge India Liquid Fund- Direct Plan- Growth Option;INF178L01AP0;;1591.8308;1591.8308;1591.8308;09-Feb-2014
106513;PineBridge India Liquid Fund- Standard Plan-Daily Dividend Option;;INF178L01699;1001.0000;1001.0000;1001.0000;09-Feb-2014
106508;PineBridge India Liquid Fund- Standard Plan-Growth Option;INF178L01715;;1590.5631;1590.5631;1590.5631;09-Feb-2014
106519;PineBridge India Liquid Fund- Standard Plan-Monthly Dividend Option;INF178L01723;INF178L01731;1003.7781;1003.7781;1003.7781;09-Feb-2014
106520;PineBridge India Liquid Fund- Standard Plan-Quarterly Dividend Option;INF178L01749;INF178L01756;1010.7385;1010.7385;1010.7385;09-Feb-2014
106509;PineBridge India Liquid Fund- Standard Plan-Weekly Dividend Option;;INF178L01764;1002.2791;1002.2791;1002.2791;09-Feb-2014
106503;PineBridge India Liquid Fund-Retail Plan-DailyDividend Option;;INF178L01533;1001.0000;1001.0000;1001.0000;09-Feb-2014
106514;PineBridge India Liquid Fund-Retail Plan-Growth Option;INF178L01558;;1553.7048;1553.7048;1553.7048;09-Feb-2014
106504;PineBridge India Liquid Fund-Retail Plan-Monthly Dividend Option;INF178L01566;INF178L01574;1003.7745;1003.7745;1003.7745;09-Feb-2014
106510;PineBridge India Liquid Fund-Retail Plan-Weekly Dividend Option;;INF178L01608;1002.2791;1002.2791;1002.2791;09-Feb-2014

Sahara Mutual Fund
101397;Sahara Liquid Fund-Fixed Pricing -  Weekly Dividend Option;;INF515L01064;1027.4373;1027.4373;1027.4373;09-Feb-2014
101393;Sahara Liquid Fund-Fixed Pricing - Daily Dividend Option;;INF515L01049;1037.0639;1037.0639;1037.0639;09-Feb-2014
120265;Sahara Liquid Fund-Fixed Pricing - Direct - Weekly Dividend Option;;INF515L01668;1027.4373;1027.4373;1027.4373;09-Feb-2014
120262;Sahara Liquid Fund-Fixed Pricing - Direct -Growth option;INF515L01650;;2274.7410;2274.7410;2274.7410;09-Feb-2014
101394;Sahara Liquid Fund-Fixed Pricing - Growth option;INF515L01056;;2274.0898;2274.0898;2274.0898;09-Feb-2014
101398;Sahara Liquid Fund-Fixed Pricing - Monthly Dividend Option;;INF515L01072;1041.2273;1041.2273;1041.2273;09-Feb-2014
120253;Sahara Liquid Fund-Fixed Pricing -Direct - Daily Dividend Option- Direct;;INF515L01643;1037.0639;1037.0639;1037.0639;09-Feb-2014
120266;Sahara Liquid Fund-Fixed Pricing -Direct - Monthly Dividend Option;;INF515L01676;1041.2273;1041.2273;1041.2273;09-Feb-2014
101399;Sahara Liquid Fund-Variable Pricing - Daily Dividend option;;INF515L01080;1037.1089;1037.1089;1037.1089;09-Feb-2014
101402;Sahara Liquid Fund-Variable Pricing - Growth option;INF515L01114;;2297.4392;2297.4392;2297.4392;09-Feb-2014
101400;Sahara Liquid Fund-Variable Pricing - Weekly Dividend Option;;INF515L01098;1042.8517;1042.8517;1042.8517;09-Feb-2014
120271;Sahara Liquid Fund-Variable Pricing -Direct - Daily Dividend option;;INF515L01684;1037.1089;1037.1089;1037.1089;09-Feb-2014
120280;Sahara Liquid Fund-Variable Pricing -Direct - Growth option;INF515L01718;;2298.4468;2298.4468;2298.4468;09-Feb-2014
120272;Sahara Liquid Fund-Variable Pricing -Direct - Weekly Dividend Option;;INF515L01692;1042.8517;1042.8517;1042.8517;09-Feb-2014
120273;Sahara Liquid Fund-Variable Pricing- Direct - Monthly Dividend Option;;INF515L01700;1047.6214;1047.6214;1047.6214;09-Feb-2014
101401;Sahara Liquid Fund-Variable Pricing- Monthly Dividend Option;;INF515L01106;1045.2945;1045.2945;1045.2945;09-Feb-2014

Tata Mutual Fund
101987;Tata Liquid Fund Reglar Plan - Monthly Dividend;INF277K01LR5;INF277K01LS3;1002.5641;1002.5641;1002.5641;09-Feb-2014
101861;Tata Liquid Fund-Regular Plan  - Weekly Dividend;INF277K016C5;;1001.8577;1001.8577;1001.8577;09-Feb-2014
101984;Tata Liquid High Investment Plan - Daily;;;1114.3379;1114.3379;1114.3379;09-Feb-2014
101860;Tata Liquid High Investment Plan - Growth;INF277K01LN4;;2071.7352;2071.7352;2071.7352;09-Feb-2014
101985;Tata Liquid High Investment Plan - Monthly;INF277K01LO2;INF277K01LP9;1022.1237;1022.1237;1022.1237;09-Feb-2014
101859;Tata Liquid High Investment Plan - Weekly;;;1147.8530;1147.8530;1147.8530;09-Feb-2014
101982;Tata Liquid Retail Investment PLan - Daily;;;1116.8143;1116.8143;1116.8143;09-Feb-2014
101983;Tata Liquid Retail Investment Plan - Fortnightly;;;1147.7483;1147.7483;1147.7483;09-Feb-2014
101858;Tata Liquid Retail Investment Plan - Growth;INF277K01LM6;;2838.6685;2838.6685;2838.6685;09-Feb-2014
103631;Tata Liquidity Management Fund - Regular Plan - Daily Dividend;;;1002.6089;1002.6089;1002.6089;09-Feb-2014
103632;Tata Liquidity Management Fund - Regular Plan - Growth;INF277K01LW5;;1702.2198;1702.2198;1702.2198;09-Feb-2014
103519;Tata Liquidity Management Fund - Regular Plan  -Weekly Dividend;;;1006.6145;1006.6145;1006.6145;09-Feb-2014
119443;Tata Liquidity Management Fund- Direct Plan-Daily Dividend;;;1002.6089;1002.6089;1002.6089;09-Feb-2014
119444;Tata Liquidity Management Fund- Direct Plan-Growth;INF277K01PU0;;1703.4368;1703.4368;1703.4368;09-Feb-2014
119442;Tata Liquidity Management Fund- Direct Plan-Weekly Dividend;;;1006.6142;1006.6142;1006.6142;09-Feb-2014

Open Ended Schemes ( Money Market )


Tata Mutual Fund
102152;Tata Money Market Fund Regular (Bonus / Dividend);;;1016.0990;1016.0990;1016.0990;09-Feb-2014
102153;Tata Money Market Fund Regular (Growth);INF277K01LY1;;1990.2278;1990.2278;1990.2278;09-Feb-2014

Open Ended Schemes ( Debt Scheme - Overnight Fund )


HDFC Mutual Fund
119109;HDFC Overnight Fund - Daily IDCW Option - Direct Plan;;INF179KB1HY1;10.4266;10.4266;10.4266;09-Feb-2014
101996;HDFC Overnight Fund - Growth Option;INF179KB1HS3;;20.1276;20.1276;20.1276;09-Feb-2014
119110;HDFC Overnight Fund - Growth Option - Direct Plan;INF179KB1HT1;;20.1397;20.1397;20.1397;09-Feb-2014
101997;HDFC Overnight Fund - IDCW Option (Daily);;INF179KB1IF8;10.4266;10.4266;10.4266;09-Feb-2014

L&T Mutual Fund
118059;L&T Cash Fund - Institutional Plan - Growth Option;INF677K01AP3;;1694.9176;1694.9176;1694.9176;09-Feb-2014
118055;L&T Cash Fund - Retail Plan - Growth option;INF677K01AK4;;1647.0648;1647.0648;1647.0648;09-Feb-2014
118062;L&T Cash Fund - Retail Plan - Monthly Dividend Option;INF677K01AN8;INF677K01AO6;1015.2038;1015.2038;1015.2038;09-Feb-2014
118066;L&T Overnight Fund  - Regular Plan - Monthly IDCW;INF917K01EL4;INF917K01EM2;1017.9637;1017.9637;1017.9637;09-Feb-2014
119283;L&T Overnight Fund - Direct Plan - Growth;INF917K01EN0;;1715.2309;1715.2309;1715.2309;09-Feb-2014
119284;L&T Overnight Fund - Direct Plan- Daily IDCW;;INF917K01EO8;1055.2924;1055.2924;1055.2924;09-Feb-2014
119282;L&T Overnight Fund - Direct Plan- Monthly IDCW;INF917K01ER1;;1019.7424;1019.7424;1019.7424;09-Feb-2014
119285;L&T Overnight Fund - Direct Plan- Weekly IDCW;;INF917K01EP5;1002.7766;1002.7766;1002.7766;09-Feb-2014
118056;L&T Overnight Fund - Regular Plan - Daily IDCW;;INF917K01EJ8;1023.3000;1023.3000;1023.3000;09-Feb-2014
118058;L&T Overnight Fund - Regular Plan - Growth;INF917K01EI0;;1713.4583;1713.4583;1713.4583;09-Feb-2014
118065;L&T Overnight Fund - Regular Plan - Weekly IDCW;;INF917K01EK6;1001.3031;1001.3031;1001.3031;09-Feb-2014

SBI Mutual Fund
119831;SBI Overnight Fund - Direct Plan - Daily Income Distribution cum Capital Withdrawal Option (IDCW);;INF200K01TJ7;1009.9100;1009.9100;1009.9100;09-Feb-2014
119833;SBI OVERNIGHT FUND - DIRECT PLAN - GROWTH;INF200K01TK5;;2172.0516;2172.0516;2172.0516;09-Feb-2014
119832;SBI Overnight Fund - Direct Plan - Weekly Income Distribution cum Capital Withdrawal Option (IDCW);INF200K01TL3;INF200K01TM1;1031.4245;1031.4245;1031.4245;09-Feb-2014
114297;SBI Overnight Fund - Regular Plan - Daily Income Distribution cum Capital Withdrawal Option (IDCW);;INF200K01LN6;1009.9100;1009.9100;1009.9100;09-Feb-2014
101206;SBI OVERNIGHT FUND - REGULAR PLAN - GROWTH;INF200K01LQ9;;2168.6939;2168.6939;2168.6939;09-Feb-2014
103140;SBI Overnight Fund - Regular Plan - Weekly Income Distribution cum Capital Withdrawal Option (IDCW);INF200K01LO4;INF200K01LP1;1031.4209;1031.4209;1031.4209;09-Feb-2014

Open Ended Schemes ( Debt Scheme - Liquid Fund )


360 ONE Mutual Fund
125345;360 ONE LIQUID FUND DIRECT PLAN  GROWTH;INF579M01621;;1019.3032;1019.3032;1019.3032;09-Feb-2014
125348;360 ONE LIQUID FUND DIRECT PLAN  HALF YEARLY DIVIDEND;INF579M01670;INF579M01738;1019.3032;1019.3032;1019.3032;09-Feb-2014
125342;360 ONE LIQUID FUND REGULAR PLAN  DAILY DIVIDEND REINVESTMENT;;INF579M01563;1000.0000;1000.0000;1000.0000;09-Feb-2014
125338;360 ONE LIQUID FUND REGULAR PLAN  FORTNIGHTLY DIVIDEND;INF579M01522;INF579M01589;1019.1780;1019.1780;1019.1780;09-Feb-2014
125259;360 ONE LIQUID FUND REGULAR PLAN  GROWTH;INF579M01506;;1019.1780;1019.1780;1019.1780;09-Feb-2014
125339;360 ONE LIQUID FUND REGULAR PLAN  MONTHLY DIVIDEND;INF579M01530;INF579M01597;1019.1779;1019.1779;1019.1779;09-Feb-2014
125337;360 ONE LIQUID FUND REGULAR PLAN  WEEKLY DIVIDEND;INF579M01514;INF579M01571;1019.1780;1019.1780;1019.1780;09-Feb-2014

Aditya Birla Sun Life Mutual Fund
100047;Aditya Birla Sun Life Liquid Fund - Growth;INF209K01RU9;;203.0539;203.0539;203.0539;09-Feb-2014
119568;Aditya Birla Sun Life Liquid Fund - Growth - Direct Plan;INF209K01VA3;;203.1493;203.1493;203.1493;09-Feb-2014
100046;Aditya Birla Sun Life Liquid Fund -Daily IDCW;INF209K01KQ2;INF209K01SQ5;100.1950;100.1950;100.1950;09-Feb-2014
119569;Aditya Birla Sun Life Liquid Fund -Direct - daily IDCW;INF209K01UZ2;;100.1950;100.1950;100.1950;09-Feb-2014
119571;Aditya Birla Sun Life Liquid Fund -DIRECT - IDCW;INF209K01VD7;;108.4086;108.4086;108.4086;09-Feb-2014
119570;Aditya Birla Sun Life Liquid Fund -Direct - weekly IDCW;INF209K01VC9;;100.2727;100.2727;100.2727;09-Feb-2014
100041;Aditya Birla Sun Life Liquid Fund -Institutional - IDCW;;INF209K01KN9;108.0230;108.0230;108.0230;09-Feb-2014
100048;Aditya Birla Sun Life Liquid Fund -Institutional - weekly  IDCW;INF209KA1LK7;INF209K01KY6;108.1170;108.1170;108.1170;09-Feb-2014
100044;Aditya Birla Sun Life Liquid Fund -Retail - IDCW;;INF209K01KP4;163.6940;163.6940;163.6940;09-Feb-2014
100051;Aditya Birla Sun Life Liquid Fund -weekly IDCW;INF209K01KU4;INF209KA1LJ9;100.2727;100.2727;100.2727;09-Feb-2014
112014;Aditya Birla Sun Life Liquid Fund- Discipline Advantage Plan;INF209K01KZ3;;136.0859;136.0859;136.0859;09-Feb-2014
100043;Aditya Birla Sun Life Liquid Fund-Institutional (Growth);INF209K01RT1;;338.3104;338.3104;338.3104;09-Feb-2014
100042;Aditya Birla Sun Life Liquid Fund-Retail (Growth);INF209K01ME4;;329.7717;329.7717;329.7717;09-Feb-2014

Axis Mutual Fund
120388;Axis Liquid Fund - Direct Plan - Daily IDCW;;INF846K01DA0;1000.1178;1000.1178;1000.1178;09-Feb-2014
120389;Axis Liquid Fund - Direct Plan - Growth Option;INF846K01CX4;;1404.4180;1404.4180;1404.4180;09-Feb-2014
120391;Axis Liquid Fund - Direct Plan - Monthly IDCW;INF846K01CY2;INF846K01CZ9;1003.1427;1003.1427;1003.1427;09-Feb-2014
120390;Axis Liquid Fund - Direct Plan - Weekly IDCW;INF846K01DB8;INF846K01DC6;1003.5073;1003.5073;1003.5073;09-Feb-2014
112211;Axis Liquid Fund - Regular Plan - Daily IDCW;;INF846K01420;1000.1178;1000.1178;1000.1178;09-Feb-2014
112210;Axis Liquid Fund - Regular Plan - Growth Option;INF846K01412;;1403.3390;1403.3390;1403.3390;09-Feb-2014
112213;Axis Liquid Fund - Regular Plan - Monthly IDCW;INF846K01453;INF846K01461;1003.1177;1003.1177;1003.1177;09-Feb-2014
112212;Axis Liquid Fund - Regular Plan - Weekly IDCW;INF846K01438;INF846K01446;1003.4943;1003.4943;1003.4943;09-Feb-2014
112712;Axis Liquid Fund - Retail Plan - Daily IDCW;;INF846K01362;1000.1178;1000.1178;1000.1178;09-Feb-2014
112713;Axis Liquid Fund - Retail Plan - Growth Option;INF846K01354;;1361.8077;1361.8077;1361.8077;09-Feb-2014
112714;Axis Liquid Fund - Retail Plan - Monthly IDCW;INF846K01396;INF846K01404;1002.9358;1002.9358;1002.9358;09-Feb-2014
112715;Axis Liquid Fund - Retail Plan - Weekly IDCW;INF846K01370;INF846K01388;1001.4289;1001.4289;1001.4289;09-Feb-2014

Bandhan Mutual Fund
108692;BANDHAN LIQUID Fund - Regular Plan - Daily IDCW;INF194K01VZ4;INF194K01VY7;1000.2500;1000.2500;1000.2500;09-Feb-2014
108690;BANDHAN LIQUID Fund - Regular Plan - Growth;INF194K01VX9;;1539.2990;1539.2990;1539.2990;09-Feb-2014
108693;BANDHAN LIQUID Fund - Regular Plan - Monthly IDCW;INF194K01WF4;INF194K01WE7;1002.9567;1002.9567;1002.9567;09-Feb-2014
115489;BANDHAN LIQUID Fund - Regular Plan - Periodic IDCW;INF194K01WC1;INF194K01WB3;1212.9636;1212.9636;1212.9636;09-Feb-2014
108691;BANDHAN LIQUID Fund - Regular Plan - Weekly IDCW;INF194K01WI8;INF194K01WH0;1000.6808;1000.6808;1000.6808;09-Feb-2014
118365;BANDHAN LIQUID Fund -Direct Plan -Monthly IDCW;INF194K01J36;INF194K01J28;1009.8778;1009.8778;1009.8778;09-Feb-2014
118367;BANDHAN LIQUID Fund -Direct Plan -Weekly IDCW;INF194KB1JT8;INF194K01J51;1005.3020;1005.3020;1005.3020;09-Feb-2014
118366;BANDHAN LIQUID Fund -Direct Plan-Daily IDCW;;INF194K01I78;1000.3400;1000.3400;1000.3400;09-Feb-2014
118364;BANDHAN LIQUID Fund -Direct Plan-Growth;INF194K01I60;;1539.8580;1539.8580;1539.8580;09-Feb-2014
118363;BANDHAN LIQUID Fund -Direct Plan-Periodic IDCW;INF194K01J02;INF194K01I94;1057.9814;1057.9814;1057.9814;09-Feb-2014
108779;BANDHAN Liquid Fund-Plan A-Dividend (Daily);INF194K01VC3;INF194K01VB5;1058.1900;1058.1900;1058.1900;09-Feb-2014
108778;BANDHAN Liquid Fund-Plan A-Growth;INF194K01UX1;;2212.7434;2212.7434;2212.7434;09-Feb-2014
115486;BANDHAN Liquid Fund-Plan A-Monthly;INF194K01VF6;INF194K01VE9;1002.8394;1002.8394;1002.8394;09-Feb-2014
115487;BANDHAN Liquid Fund-Plan A-Periodic Dividend;INF194K01UZ6;INF194K01UY9;1067.3044;1067.3044;1067.3044;09-Feb-2014
108607;BANDHAN Liquid Fund - Plan A-Dividend (Weekly);INF194K01VI0;INF194K01VH2;1001.4552;1001.4552;1001.4552;09-Feb-2014
108781;BANDHAN Liquid Fund - Plan B (G) (Institutional Plan);INF194K01VK6;;2237.5611;2237.5611;2237.5611;09-Feb-2014
108629;BANDHAN Liquid Fund - Plan B - Dividend-Weekly;INF194K01VS9;INF194K01VR1;1000.6527;1000.6527;1000.6527;09-Feb-2014

Bank of India Mutual Fund
119368;BANK OF INDIA Liquid Fund- Direct Plan- Daily IDCW;;INF761K01CL0;1002.6483;1002.6483;1002.6483;09-Feb-2014
119369;BANK OF INDIA Liquid Fund- Direct Plan- Growth;INF761K01785;;1459.6462;1459.6462;1459.6462;09-Feb-2014
119370;BANK OF INDIA Liquid Fund- Direct Plan- Weekly IDCW;;INF761K01CM8;1007.9569;1007.9569;1007.9569;09-Feb-2014
111971;BANK OF INDIA Liquid Fund- Regular Plan- Daily IDCW;;INF761K01CO4;1000.7312;1000.7312;1000.7312;09-Feb-2014
109254;BANK OF INDIA Liquid Fund- Regular Plan- Growth;INF761K01306;;1458.1842;1458.1842;1458.1842;09-Feb-2014
109255;BANK OF INDIA Liquid Fund- Regular Plan- Weekly IDCW;;INF761K01CP1;1002.7341;1002.7341;1002.7341;09-Feb-2014

Baroda BNP Paribas Mutual Fund
119414;Baroda BNP Paribas LIQUID FUND - DIRECT PLAN - DAILY IDCW OPTION;INF955L01AK2;;1000.6300;1000.6300;1000.6300;09-Feb-2014
119415;Baroda BNP Paribas LIQUID FUND - DIRECT PLAN - GROWTH OPTION;INF955L01AL0;;1452.3955;1452.3955;1452.3955;09-Feb-2014
119416;Baroda BNP Paribas LIQUID FUND - DIRECT PLAN - WEEKLY IDCW OPTION;INF251K01SL8;;1054.9258;1054.9258;1054.9258;09-Feb-2014
111707;Baroda BNP Paribas LIQUID FUND - Regular Plan - DAILY IDCW OPTION;INF955L01468;INF955L01476;1000.6300;1000.6300;1000.6300;09-Feb-2014
111704;Baroda BNP Paribas LIQUID FUND - Regular Plan - GROWTH OPTION;INF955L01484;;1451.4477;1451.4477;1451.4477;09-Feb-2014
111705;Baroda BNP Paribas LIQUID FUND - Regular Plan - WEEKLY IDCW OPTION;INF251K01SK0;INF955L01500;1001.4570;1001.4570;1001.4570;09-Feb-2014
101408;Baroda BNP Paribas LIQUID FUND- Defunct Plan -Growth Option;INF955L01575;;2193.3492;2193.3492;2193.3492;09-Feb-2014
101407;Baroda BNP Paribas LIQUID FUND-Defunct Plan- IDCW Option;INF955L01559;INF955L01567;1879.1627;1879.1627;1879.1627;09-Feb-2014
101409;Baroda BNP Paribas LIQUID FUND-Defunct Plan-Daily IDCW Option;INF955L01518;INF955L01526;1006.0600;1006.0600;1006.0600;09-Feb-2014
111706;BARODA LIQUID FUND PLAN A - MONTHLY IDCW OPTION;;;1004.2049;1004.2049;1004.2049;09-Feb-2014

BNP Paribas Mutual Fund
117941;BNP PARIBAS LIQUID FUND  GROWTH OPTION;INF251K01CM0;;19.4860;19.4860;19.4860;09-Feb-2014
117940;BNP PARIBAS LIQUID FUND  MONTHLY DIVIDEND OPTION;INF251K01CP3;INF251K01CQ1;10.0209;10.0209;10.0209;09-Feb-2014
117942;BNP PARIBAS LIQUID FUND  WEEKLY DIVIDEND OPTION;;INF251K01CO6;10.0092;10.0092;10.0092;09-Feb-2014
120122;BNP Paribas LIQUID Fund - Direct Plan - Daily Dividend Option;;INF251K01FY8;10.0049;10.0049;10.0049;09-Feb-2014
120123;BNP Paribas LIQUID Fund - Direct Plan - Growth Option;;INF251K01FX0;19.5064;19.5064;19.5064;09-Feb-2014
120124;BNP Paribas LIQUID Fund - Direct Plan - Monthly Dividend Option;INF251K01GA6;INF251K01GB4;10.0215;10.0215;10.0215;09-Feb-2014
120125;BNP Paribas LIQUID Fund - Direct Plan - Weekly Dividend Option;;INF251K01FZ5;10.0093;10.0093;10.0093;09-Feb-2014
117943;BNP PARIBAS LIQUID FUND DAILY DIVIDEND OPTION;;INF251K01CN8;10.0049;10.0049;10.0049;09-Feb-2014
113640;BNP PARIBAS LIQUID Fund-Regular Plan-Growth Option;INF251K01CI8;;18.5620;18.5620;18.5620;09-Feb-2014
113632;BNP PARIBAS LIQUID Fund-Regular Plan-Monthly Dividend;INF251K01CK4;INF251K01CL2;10.0186;10.0186;10.0186;09-Feb-2014
113637;BNP PARIBAS LIQUID Fund-Regular Plan-Weekly Dividend Option;;INF251K01CJ6;10.0085;10.0085;10.0085;09-Feb-2014

Canara Robeco Mutual Fund
118307;CANARA ROBECO LIQUID FUND - DIRECT PLAN - DAILY IDCW (Reinvestment);;INF760K01FS0;1005.5000;1005.5000;1005.5000;09-Feb-2014
118305;CANARA ROBECO LIQUID FUND - DIRECT PLAN - GROWTH OPTION;INF760K01FU6;;1541.2560;1541.2560;1541.2560;09-Feb-2014
118304;CANARA ROBECO LIQUID FUND - DIRECT PLAN - IDCW (Payout/Reinvestment);INF760K01FT8;;1103.4413;1103.4413;1103.4413;09-Feb-2014
118306;CANARA ROBECO LIQUID FUND - DIRECT PLAN - MONTHLY IDCW (Payout/Reinvestment);INF760K01FV4;INF760K01FW2;1002.8045;1002.8045;1002.8045;09-Feb-2014
118308;CANARA ROBECO LIQUID FUND - DIRECT PLAN - WEEKLY IDCW (Payout/Reinvestment);INF760K01FY8;INF760K01FX0;1000.9731;1000.9731;1000.9731;09-Feb-2014
109349;CANARA ROBECO LIQUID FUND - REGULAR PLAN - DAILY IDCW (Reinvestment);;INF760K01CU3;1005.5000;1005.5000;1005.5000;09-Feb-2014
109353;CANARA ROBECO LIQUID FUND - REGULAR PLAN - GROWTH OPTION;INF760K01CW9;;1540.2287;1540.2287;1540.2287;09-Feb-2014
109351;CANARA ROBECO LIQUID FUND - REGULAR PLAN - MONTHLY IDCW (Payout/Reinvestment);INF760K01CX7;INF760K01CY5;1002.6690;1002.6690;1002.6690;09-Feb-2014
109350;CANARA ROBECO LIQUID FUND - REGULAR PLAN - WEEKLY IDCW (Payout/Reinvestment);INF760K01BZ4;INF760K01CZ2;1000.9459;1000.9459;1000.9459;09-Feb-2014
101363;Canara Robeco Liquid Fund- INSTITUTIONAL-Daily Dividend Reinvestment;;INF760K01CC1;1005.5000;1005.5000;1005.5000;09-Feb-2014
101362;Canara Robeco Liquid Fund- INSTITUTIONAL-Growth;INF760K01CD9;;2268.2205;2268.2205;2268.2205;09-Feb-2014
101364;Canara Robeco Liquid Fund-Retail-DRI;;INF760K01CF4;1007.0000;1007.0000;1007.0000;09-Feb-2014
101365;Canara Robeco Liquid Fund-Retail-Growth;INF760K01CH0;;2222.1924;2222.1924;2222.1924;09-Feb-2014
109347;Canara Robeco Liquid Fund-Retail-Monthly Div Reinvest;;INF760K01CI8;1007.7436;1007.7436;1007.7436;09-Feb-2014
109356;Canara Robeco Liquid Fund-Retail-Weekly Div Reinvest;;INF760K01CJ6;1006.3183;1006.3183;1006.3183;09-Feb-2014

DSP Mutual Fund
119125;DSP Liquidity Fund - Direct Plan - Growth;INF740K01QL4;;1813.3841;1813.3841;1813.3841;09-Feb-2014
119124;DSP Liquidity Fund - Direct Plan - IDCW - Daily;;INF740KA1OB6;1000.3161;1000.3161;1000.3161;09-Feb-2014
119123;DSP Liquidity Fund - Direct Plan - IDCW - Weekly;INF740KA1OC4;INF740KA1OD2;1001.0475;1001.0475;1001.0475;09-Feb-2014
103347;DSP Liquidity Fund - Regular Plan - Growth;INF740K01FK9;;1812.3862;1812.3862;1812.3862;09-Feb-2014
103348;DSP Liquidity Fund - Regular Plan - IDCW - Weekly;INF740K01FM5;INF740K01FL7;1001.0433;1001.0433;1001.0433;09-Feb-2014
103349;DSP Liquidity Fund- Regular Plan - IDCW - Daily;;INF740KA1OE0;1000.3161;1000.3161;1000.3161;09-Feb-2014
100943;DSP BlackRock Liquidity Fund - Regular Plan - Daily Dividend;;;10.0168;10.0168;10.0168;09-Feb-2014
100940;DSP BlackRock Liquidity Fund - Regular Plan - Growth;INF740K01CN0;;29.8386;29.8386;29.8386;09-Feb-2014
100941;DSP BlackRock Liquidity Fund - Regular Plan Weekly Dividend;;;12.4189;12.4189;12.4189;09-Feb-2014

Franklin Templeton Mutual Fund
100541;Franklin India Liquid Fund - Regular Plan - Daily - IDCW;;INF090I01BA3;1512.3400;1512.3400;1512.3400;09-Feb-2014
100538;Franklin India Liquid Fund - Regular Plan - Growth;INF090I01BB1;;3061.4662;3061.4662;3061.4662;09-Feb-2014
100537;Franklin India Liquid Fund - Regular Plan - Weekly - IDCW;INF090I01BL0;INF090I01BI6;1244.3238;1244.3238;1244.3238;09-Feb-2014
118577;Franklin India Liquid Fund - Super Institutional - Direct - Growth;INF090I01JV2;;1888.5126;1888.5126;1888.5126;09-Feb-2014
100547;Franklin India Liquid Fund - Super Institutional Plan - Daily - IDCW;;INF090I01BF2;1000.6730;1000.6730;1000.6730;09-Feb-2014
118578;Franklin India Liquid Fund - Super Institutional Plan - Direct - Daily - IDCW;INF090I01JW0;;1001.0741;1001.0741;1001.0741;09-Feb-2014
118579;Franklin India Liquid Fund - Super Institutional Plan - Direct - Weekly - IDCW;INF090I01JX8;INF090I01JY6;1021.3891;1021.3891;1021.3891;09-Feb-2014
100546;Franklin India Liquid Fund - Super Institutional Plan - Growth;INF090I01BG0;;1887.4928;1887.4928;1887.4928;09-Feb-2014
100548;Franklin India Liquid Fund - Super Institutional Plan - Weekly - IDCW;INF090I01BM8;INF090I01BH8;1021.1243;1021.1243;1021.1243;09-Feb-2014
102441;Franklin India Liquid Fund - Institution-Growth;INF090I01BD7;;1959.6891;1959.6891;1959.6891;09-Feb-2014
102443;Franklin India Liquid Fund - Institutional Plan - Daily - IDCW;;INF090I01BC9;1000.6730;1000.6730;1000.6730;09-Feb-2014
102442;Franklin India Liquid Fund - Institutional Plan - Weekly - IDCW;INF090I01BJ4;INF090I01BE5;1054.7184;1054.7184;1054.7184;09-Feb-2014

Groww Mutual Fund
119135;Groww Liquid Fund ( formerly known as Indiabulls Liquid )Fund - Direct Plan - Growth Option;INF666M01451;;1231.8960;1231.8960;1231.8960;09-Feb-2014
119136;Groww Liquid Fund (formerly known as Indiabulls Liquid Fund) - Direct Plan- - Income Distribution cum capital withdrawal Option ( Reinvestment);;INF666M01469;1000.1367;1000.1367;1000.1367;09-Feb-2014
115991;Groww Liquid Fund (formerly known as Indiabulls Liquid Fund) - Regular Plan - Growth Option;INF666M01014;;1230.6767;1230.6767;1230.6767;09-Feb-2014
119139;Groww Liquid Fund (formerly known as Indiabulls Liquid Fund)- Direct Plan- Monthly - Income Distribution cum capital withdrawal Option (Payout & Reinvestment);INF666M01519;INF666M01493;1001.5804;1001.5804;1001.5804;09-Feb-2014
115992;Groww Liquid Fund (formerly known as Indiabulls Liquid Fund)- Regular Plan- - Income Distribution cum capital withdrawal Option (Reinvestment);;INF666M01022;1000.1367;1000.1367;1000.1367;09-Feb-2014
115993;Groww Liquid Fund (formerly known as Indiabulls Liquid Fund)- Regular Plan- Weekly - Income Distribution cum capital withdrawal Option (Payout & Reinvestment);INF666M01089;INF666M01030;1001.5440;1001.5440;1001.5440;09-Feb-2014

HDFC Mutual Fund
119091;HDFC Liquid Fund - Growth Option - Direct Plan;INF179KB1HP9;;25.0072;25.0072;25.0072;09-Feb-2014
100868;HDFC Liquid Fund - Growth Plan;INF179KB1HK0;;24.9884;24.9884;24.9884;09-Feb-2014
100875;HDFC Liquid Fund - IDCW Daily;;INF179KB1IC5;10.1982;10.1982;10.1982;09-Feb-2014
119089;HDFC Liquid Fund - IDCW Daily - Direct Plan;;INF179KB1HV7;10.1982;10.1982;10.1982;09-Feb-2014
100876;HDFC Liquid Fund - IDCW Monthly;INF179KB1HM6;INF179KB1HL8;10.294;10.294;10.294;09-Feb-2014
119090;HDFC Liquid Fund - IDCW Monthly - Direct Plan;INF179KB1HO2;INF179KB1HQ7;10.2943;10.2943;10.2943;09-Feb-2014
100874;HDFC Liquid Fund - IDCW Plan Weekly;INF179KB1ID3;;10.3247;10.3247;10.3247;09-Feb-2014
119088;HDFC Liquid Fund - IDCW Weekly - Direct Plan;;;10.3247;10.3247;10.3247;09-Feb-2014
100877;HDFC Liquid Fund-Premium Plan - Dividend-Daily;;INF179K01KN4;12.2598;12.2598;12.2598;09-Feb-2014
100878;HDFC Liquid Fund-Premium Plan - Dividend-Weekly;INF179K01KP9;;10;10;10;09-Feb-2014
100873;HDFC Liquid Fund-PREMIUM- Growth;INF179KB1HN4;;25.3975;25.3975;25.3975;09-Feb-2014

HSBC Mutual Fund
118910;HSBC Cash Fund - Institutional Plan - Growth;INF336L01BT4;;2011.9959;2011.9959;2011.9959;09-Feb-2014
120038;HSBC Liquid Fund -  Growth Direct;INF336L01CC8;;1264.1382;1264.1382;1264.1382;09-Feb-2014
120037;HSBC Liquid Fund - Direct Daily IDCW;;INF336L01CB0;1000.56;1000.56;1000.56;09-Feb-2014
120039;HSBC Liquid Fund - Direct Monthly IDCW;INF336L01BZ1;INF336L01CA2;1002.1331;1002.1331;1002.1331;09-Feb-2014
120040;HSBC Liquid Fund - Direct Weekly IDCW;INF336L01LK2;INF336L01CD6;1111.0163;1111.0163;1111.0163;09-Feb-2014
118907;HSBC Liquid Fund - Growth;INF336L01BL1;;1963.8555;1963.8555;1963.8555;09-Feb-2014
118906;HSBC Liquid Fund - IDCW;;INF336L01BK3;1019.3;1019.3;1019.3;09-Feb-2014
118909;HSBC Liquid Fund - Institutional Daily IDCW;;INF336L01BS6;1097.0901;1097.0901;1097.0901;09-Feb-2014
118901;HSBC Liquid Fund - Regular Daily IDCW;;INF336L01BM9;1000.56;1000.56;1000.56;09-Feb-2014
118902;HSBC Liquid Fund - Regular Growth;INF336L01BN7;;1264.0115;1264.0115;1264.0115;09-Feb-2014
118903;HSBC Liquid Fund - Regular Monthly IDCW;INF336L01BP2;INF336L01BO5;1002.1858;1002.1858;1002.1858;09-Feb-2014
118904;HSBC Liquid Fund - Regular Weekly IDCW;INF336L01LJ4;INF336L01BQ0;1111.0164;1111.0164;1111.0164;09-Feb-2014
118908;HSBC Liquid Fund - Weekly IDCW;;INF336L01BR8;1001.9855;1001.9855;1001.9855;09-Feb-2014

ICICI Prudential Mutual Fund
100357;ICICI Prudential Liquid Fund -Quarterly IDCW;INF109K01UU5;INF109K01UT7;101.3520;101.3520;101.3520;09-Feb-2014
100359;ICICI Prudential Liquid Institutional Plus Fund - Div - Daily;INF109K01VJ6;;118.5152;118.5152;118.5152;09-Feb-2014
100360;ICICI Prudential Liquid Institutional Plus Fund - Div - Weekly;INF109K01VM0;;118.7304;118.7304;118.7304;09-Feb-2014
100362;ICICI Prudential Liquid Institutional Plus Fund - Growth;INF109K01VK4;;307.8887;307.8887;307.8887;09-Feb-2014
103343;ICICI Prudential Liquid Fund - Daily IDCW;INF109K01VP3;;100.0503;100.0503;100.0503;09-Feb-2014
120198;ICICI Prudential Liquid Fund - Direct Plan -  Annual IDCW;INF109K01P99;INF109K01Q07;106.2876;106.2876;106.2876;09-Feb-2014
120187;ICICI Prudential Liquid Fund - Direct Plan -  Half Yearly IDCW;INF109K01Q56;INF109K01Q64;108.0241;108.0241;108.0241;09-Feb-2014
120191;ICICI Prudential Liquid Fund - Direct Plan -  IDCW Others;INF109K01Q31;INF109K01Q23;102.9334;102.9334;102.9334;09-Feb-2014
120188;ICICI Prudential Liquid Fund - Direct Plan - Daily IDCW;;INF109K01Q15;100.0542;100.0542;100.0542;09-Feb-2014
120197;ICICI Prudential Liquid Fund - Direct Plan - Growth;INF109K01Q49;;187.5169;187.5169;187.5169;09-Feb-2014
120189;ICICI Prudential Liquid Fund - Direct Plan - Monthly IDCW;INF109K01R06;;100.4261;100.4261;100.4261;09-Feb-2014
120196;ICICI Prudential Liquid Fund - Direct Plan - Quarterly IDCW;INF109K01Q72;INF109K01Q80;102.1131;102.1131;102.1131;09-Feb-2014
120190;ICICI Prudential Liquid Fund - Direct Plan - Weekly IDCW;INF109K01Q98;;100.3242;100.3242;100.3242;09-Feb-2014
103340;ICICI Prudential Liquid Fund - Growth;INF109K01VQ1;;187.4179;187.4179;187.4179;09-Feb-2014
104308;ICICI Prudential Liquid Fund - Half Yearly IDCW;INF109K01UX9;INF109K01UW1;106.9578;106.9578;106.9578;09-Feb-2014
115505;ICICI Prudential Liquid Fund - IDCW Others;INF109K01VU3;INF109K01VT5;100.4000;100.4000;100.4000;09-Feb-2014
103344;ICICI Prudential Liquid Fund - Institutional Option - I;INF109K01VH0;;181.0934;181.0934;181.0934;09-Feb-2014
103342;ICICI Prudential Liquid Fund - Weekly IDCW;INF109K01VS7;;100.2982;100.2982;100.2982;09-Feb-2014
103341;ICICI Prudential Liquid Fund -Monthly IDCW;INF109K01VR9;;100.2565;100.2565;100.2565;09-Feb-2014
112119;ICICI Prudential Liquid Fund-Annual IDCW;INF109K01VD9;INF109K01VC1;101.8106;101.8106;101.8106;09-Feb-2014
101748;ICICI Prudential Liquid Fund - Institutional - Daily - Div;INF109K01VE7;;118.5022;118.5022;118.5022;09-Feb-2014
101753;ICICI Prudential Liquid Fund - Institutional - Weekly - Div;INF109K01VI8;;118.6001;118.6001;118.6001;09-Feb-2014
101754;ICICI Prudential Liquid Fund Retail Daily Dividend;INF109K01UR1;;118.5142;118.5142;118.5142;09-Feb-2014
101750;ICICI Prudential Liquid Fund Retail Growth;INF109K01UQ3;;296.7467;296.7467;296.7467;09-Feb-2014
101755;ICICI Prudential Liquid Fund Retail Monthly Dividend;INF109K01US9;;100.3193;100.3193;100.3193;09-Feb-2014
101752;ICICI Prudential Liquid Fund Retail Weekly Dividend;INF109K01UV3;;118.9732;118.9732;118.9732;09-Feb-2014
101751;ICICI Prudential Liquid Institutional Fund - Growth;INF109K01VF4;;304.3504;304.3504;304.3504;09-Feb-2014

IDBI Mutual Fund
126163;IDBI Liquid Fund Bonus Direct;INF397L01FP5;;1358.2873;1358.2873;1358.2873;09-Feb-2014
126164;IDBI Liquid Fund Bonus Regular;INF397L01FO8;;1356.9208;1356.9208;1356.9208;09-Feb-2014
118345;IDBI Liquid Fund Growth Direct;INF397L01AH3;;1358.2877;1358.2877;1358.2877;09-Feb-2014
113104;IDBI Liquid Fund- Monthly IDCW;INF397L01976;INF397L01968;1007.6491;1007.6491;1007.6491;09-Feb-2014
118449;IDBI Liquid Fund- Monthly IDCW Direct;INF397L01AK7;INF397L01AJ9;1004.3408;1004.3408;1004.3408;09-Feb-2014
113102;IDBI Liquid Fund-Daily IDCW;;INF397L01935;1002.7362;1002.7362;1002.7362;09-Feb-2014
118450;IDBI Liquid Fund-Daily IDCW Direct;;INF397L01AI1;1001.0209;1001.0209;1001.0209;09-Feb-2014
113096;IDBI Liquid Fund-Growth;INF397L01984;;1356.9205;1356.9205;1356.9205;09-Feb-2014
113103;IDBI Liquid Fund-Weekly IDCW;INF397L01950;INF397L01943;1006.9416;1006.9416;1006.9416;09-Feb-2014
118451;IDBI Liquid Fund-Weekly IDCW Direct;INF397L01AM3;INF397L01AL5;1003.1539;1003.1539;1003.1539;09-Feb-2014

Invesco Mutual Fund
122786;Invesco India Liquid Fund - Bonus Option;INF205K01UX5;;1741.5399;1741.5399;1741.5399;09-Feb-2014
104484;Invesco India Liquid Fund - Daily IDCW (Reinvestment);;INF205K01HN3;1001.0800;1001.0800;1001.0800;09-Feb-2014
120537;Invesco India Liquid Fund - Direct Plan - Growth;INF205K01MF9;;1742.5973;1742.5973;1742.5973;09-Feb-2014
120536;Invesco India Liquid Fund - Direct Plan - Monthly IDCW (Payout / Reinvestment);INF205K01MG7;INF205K01MH5;1005.3080;1005.3080;1005.3080;09-Feb-2014
120535;Invesco India Liquid Fund - Direct Plan - Weekly IDCW (Reinvestment);INF205KA1BE5;INF205K01MI3;1001.9171;1001.9171;1001.9171;09-Feb-2014
120534;Invesco India Liquid Fund - Direct Plan- Daily IDCW (Reinvestment);;INF205K01ME2;1000.7900;1000.7900;1000.7900;09-Feb-2014
104486;Invesco India Liquid Fund - Growth;INF205K01HM5;;1741.5287;1741.5287;1741.5287;09-Feb-2014
104492;Invesco India Liquid Fund - Monthly IDCW (Payout / Reinvestment);INF205K01HQ6;INF205K01HP8;1005.2887;1005.2887;1005.2887;09-Feb-2014
104488;Invesco India Liquid Fund - Regular - Growth;INF205K01HG7;;1656.9343;1656.9343;1656.9343;09-Feb-2014
104489;Invesco India Liquid Fund - Regular - Weekly IDCW (Reinvestment);;INF205K01HH5;1001.9546;1001.9546;1001.9546;09-Feb-2014
104485;Invesco India Liquid Fund - Weekly IDCW (Reinvestment);INF205KA1BD7;INF205K01HO1;1002.5870;1002.5870;1002.5870;09-Feb-2014
122787;Religare Invesco Liquid Fund - Direct Plan - Bonus Option;INF205K01VG8;;1742.6224;1742.6224;1742.6224;09-Feb-2014
104483;Religare Invesco Liquid Fund - Institutional - Daily Dividend;;INF205K01HJ1;1000.2300;1000.2300;1000.2300;09-Feb-2014
104491;Religare Invesco Liquid Fund - Institutional - Growth;INF205K01HI3;;1696.1426;1696.1426;1696.1426;09-Feb-2014

JM Financial Mutual Fund
100237;JM High Liquidity Fund-- Institutional Plan - Growth;INF192K01940;;20.8682;20.8682;20.8682;09-Feb-2014
100238;JM High Liquidity Fund-Institutional Plan - Daily Dividend;;INF192K01916;10.0159;10.0159;10.0159;09-Feb-2014
120410;JM Liquid Fund (Direct) - Bonus Option - Bonus Option - Principal units;INF192K01CN4;;11.0828;11.0828;11.0828;09-Feb-2014
120411;JM Liquid Fund (Direct) - Daily IDCW;;INF192K01CH6;10.4302;10.4302;10.4302;09-Feb-2014
120406;JM Liquid Fund (Direct) - Growth Option;INF192K01CM6;;34.5908;34.5908;34.5908;09-Feb-2014
120408;JM Liquid Fund (Direct) - Quarterly IDCW;INF192K01CK0;INF192K01CL8;19.5916;19.5916;19.5916;09-Feb-2014
120407;JM Liquid Fund (Direct) - Weekly IDCW;INF192K01CI4;INF192K01CJ2;11.0192;11.0192;11.0192;09-Feb-2014
100244;JM Liquid Fund (Regular) - Quarterly IDCW;INF192K01866;INF192K01874;19.5583;19.5583;19.5583;09-Feb-2014
100247;JM Liquid Fund (Regular) - Super Institutional Plan - Growth Option;INF192K01981;;19.8701;19.8701;19.8701;09-Feb-2014
100233;JM Liquid Fund (Regular) - Weekly IDCW;INF192K01841;INF192K01858;11.0164;11.0164;11.0164;09-Feb-2014
100234;JM Liquid Fund - Growth Option;INF192K01882;;34.5548;34.5548;34.5548;09-Feb-2014
101549;JM Liquid Fund (Regular) - Bonus Option - Principal Units;INF192K01890;;11.0646;11.0646;11.0646;09-Feb-2014
101078;JM Liquid Fund (Regular) - Daily IDCW;;INF192K01833;10.4302;10.4302;10.4302;09-Feb-2014

Kotak Mahindra Mutual Fund
119764;Kotak Liquid Fund - Direct Plan - Daily Reinvestment of Income Distribution cum capital withdrawal option;;INF174K01NH1;1222.81;1222.81;1222.81;09-Feb-2014
119766;Kotak Liquid Fund - Direct Plan - Growth;INF174K01NE8;;2570.9947;2570.9947;2570.9947;09-Feb-2014
100833;Kotak Liquid Fund - Regular  - Daily Reinvestment of Income Distribution cum capital withdrawal option;;INF174K01NL3;1222.81;1222.81;1222.81;09-Feb-2014
100835;Kotak Liquid Fund - Regular Plan - Growth;INF174K01NI9;;2569.6209;2569.6209;2569.6209;09-Feb-2014
119765;Kotak Liquid Fund - Weekly  Payout of Income Distribution cum capital withdrawal option - Direct;INF174K01NF5;INF174K01NG3;1003.0136;1003.0136;1003.0136;09-Feb-2014
100834;Kotak Liquid Fund Regular Plan Weekly Reinvestment of Income Distribution cum capital withdrawal option Dividend;INF174K01NK5;;1001.3831;1001.3831;1001.3831;09-Feb-2014
100830;Kotak Liquid-Institutional Plan  (Growth);INF174K01FZ9;;2468.7629;2468.7629;2468.7629;09-Feb-2014
100828;Kotak Liquid-Regular (Dividend);;INF174K01FY2;1003.4579;1003.4579;1003.4579;09-Feb-2014
100829;Kotak Liquid-Regular (Growth);INF174K01NM1;;2375.8212;2375.8212;2375.8212;09-Feb-2014

L&T Mutual Fund
122235;L&T Liquid Fund - Direct Plan - Weekly IDCW;;INF917K01HE2;1001.8444;1001.8444;1001.8444;09-Feb-2014
119791;L&T Liquid Fund - Direct Plan -Daily IDCW;INF917K01HG7;;1011.9470;1011.9470;1011.9470;09-Feb-2014
119790;L&T Liquid Fund - Direct Plan -Growth;INF917K01HF9;;1737.5153;1737.5153;1737.5153;09-Feb-2014
112458;L&T Liquid Fund - Regular Plan - Weekly IDCW;INF917K01BK2;INF917K01JG3;1002.1620;1002.1620;1002.1620;09-Feb-2014
112445;L&T Liquid Fund -Regular Plan - Daily IDCW;INF917K01JB4;;1011.6349;1011.6349;1011.6349;09-Feb-2014
112457;L&T Liquid Fund -Regular Plan - Growth;INF917K01JH1;;1736.8628;1736.8628;1736.8628;09-Feb-2014
112456;L&T Liquid Fund-Cum -Institutional Plus;INF917K01BJ4;;2530.4847;2530.4847;2530.4847;09-Feb-2014
112442;L&T Liquid Fund-Regular Cumulative;INF917K01BF2;;2439.5664;2439.5664;2439.5664;09-Feb-2014

LIC Mutual Fund
120248;LIC MF Liquid Fund-Direct Plan-Daily IDCW;INF767K01DL5;INF767K01DM3;1098.0000;1098.0000;1098.0000;09-Feb-2014
120249;LIC MF Liquid Fund-Direct Plan-Growth;INF767K01DN1;;2298.2209;2298.2209;2298.2209;09-Feb-2014
101184;LIC MF Liquid Fund-Regular Plan-Daily IDCW;INF767K01IQ3;INF767K01IR1;1098.0000;1098.0000;1098.0000;09-Feb-2014
101185;LIC MF Liquid Fund-Regular Plan-Growth;INF767K01IS9;;2296.5363;2296.5363;2296.5363;09-Feb-2014

Mirae Asset Mutual Fund
118859;Mirae Asset Liquid Fund - Direct Plan - Growth;INF769K01CM1;;1346.7718;1346.7718;1346.7718;09-Feb-2014
118862;Mirae Asset Liquid Fund - Direct Plan - Weekly IDCW;INF769K01PD2;INF769K01CP4;1183.5141;1183.5141;1183.5141;09-Feb-2014
118861;Mirae Asset Liquid Fund - Direct Plan -Daily IDCW;;INF769K01CO7;1060.8132;1060.8132;1060.8132;09-Feb-2014
111647;Mirae Asset Liquid Fund - Regular - Daily IDCW;;INF769K01804;1051.9674;1051.9674;1051.9674;09-Feb-2014
111646;Mirae Asset Liquid Fund - Regular Plan - Growth;INF769K01788;;1344.7608;1344.7608;1344.7608;09-Feb-2014
111645;Mirae Asset Liquid Fund - Regular Plan - Monthly IDCW;INF769K01838;INF769K01820;1140.6113;1140.6113;1140.6113;09-Feb-2014
111644;Mirae Asset Liquid Fund - Regular Plan - Weekly IDCW;INF769K01PC4;INF769K01812;1137.8805;1137.8805;1137.8805;09-Feb-2014

Navi Mutual Fund
119163;Navi Liquid Fund - Direct Plan Daily IDCW - ReInvestment;;INF959L01GK1;10.0052;10.0052;10.0052;09-Feb-2014
119161;Navi Liquid Fund - Direct Plan Monthly IDCW - Payout;INF959L01GG9;INF959L01GH7;10.0286;10.0286;10.0286;09-Feb-2014
119162;Navi Liquid Fund - Direct Plan Weekly IDCW - Payout;INF959L01GI5;INF959L01GJ3;10.0358;10.0358;10.0358;09-Feb-2014
112645;Navi Liquid Fund - Regular Plan Daily IDCW;;INF959L01GM7;10.0052;10.0052;10.0052;09-Feb-2014
112647;Navi Liquid Fund - Regular Plan Monthly IDCW;INF959L01GN5;INF959L01GO3;10.0266;10.0266;10.0266;09-Feb-2014
112646;Navi Liquid Fund - Regular Plan Weekly IDCW;INF959L01GP0;INF959L01GQ8;10.0188;10.0188;10.0188;09-Feb-2014
119164;Navi Liquid Fund-Direct Plan-Growth Option;INF959L01GF1;;13.8967;13.8967;13.8967;09-Feb-2014
112637;Navi Liquid Fund-Institutional Plan-Dividend Option-Daily;;INF959L01197;10.0052;10.0052;10.0052;09-Feb-2014
112640;Navi Liquid Fund-Institutional Plan-Growth;INF959L01247;;13.3185;13.3185;13.3185;09-Feb-2014
112636;Navi Liquid Fund-Regular Plan-Growth Option;INF959L01GL9;;13.8895;13.8895;13.8895;09-Feb-2014
112641;Navi Liquid Fund-Retail Plan-Dividend Option-Daily;;INF959L01254;10.0052;10.0052;10.0052;09-Feb-2014
112643;Navi Liquid Fund-Retail Plan-Dividend Option-Monthly;INF959L01262;INF959L01270;10.0209;10.0209;10.0209;09-Feb-2014
112642;Navi Liquid Fund-Retail Plan-Dividend Option-Weekly;INF959L01288;INF959L01296;10.0151;10.0151;10.0151;09-Feb-2014
112644;Navi Liquid Fund-Retail Plan-Growth;INF959L01304;;13.0684;13.0684;13.0684;09-Feb-2014

Nippon India Mutual Fund
100852;NIPPON INDIA LIQUID FUND - DAILY IDCW OPTION;;INF204K01UM1;1528.7400;1528.7400;1528.7400;09-Feb-2014
118695;NIPPON INDIA LIQUID FUND - DIRECT Plan - DAILY IDCW OPTION;;INF204K01ZG2;1528.7400;1528.7400;1528.7400;09-Feb-2014
118696;NIPPON INDIA LIQUID FUND - DIRECT Plan - MONTHLY IDCW OPTION;INF204K01ZI8;INF204K01ZJ6;1594.9763;1594.9763;1594.9763;09-Feb-2014
118698;NIPPON INDIA LIQUID FUND - DIRECT Plan - QUARTERLY IDCW OPTION;INF204K01ZK4;INF204K01ZL2;1018.8344;1018.8344;1018.8344;09-Feb-2014
118700;NIPPON INDIA LIQUID FUND - DIRECT Plan - WEEKLY IDCW OPTION;INF204KC1FN6;INF204K01ZM0;1531.0224;1531.0224;1531.0224;09-Feb-2014
118701;Nippon India Liquid Fund - Direct Plan Growth Plan - Growth Option;INF204K01ZH0;;3088.3033;3088.3033;3088.3033;09-Feb-2014
100855;NIPPON INDIA LIQUID FUND - MONTHLY IDCW OPTION;INF204K01UO7;INF204K01UP4;1591.5980;1591.5980;1591.5980;09-Feb-2014
112340;NIPPON INDIA LIQUID FUND - QUARTERLY IDCW OPTION;INF204K01UQ2;INF204K01UR0;1015.8155;1015.8155;1015.8155;09-Feb-2014
100837;Nippon India Liquid Fund - Retail Option - Growth Plan;INF204K01UL3;;2970.2825;2970.2825;2970.2825;09-Feb-2014
100842;NIPPON INDIA LIQUID FUND - RETAIL Plan - DAILY IDCW OPTION;;INF204K01UJ7;1524.2800;1524.2800;1524.2800;09-Feb-2014
100843;NIPPON INDIA LIQUID FUND - RETAIL plan - MONTHLY IDCW OPTION;INF204K01UT6;INF204K01UU4;1332.6906;1332.6906;1332.6906;09-Feb-2014
100844;NIPPON INDIA LIQUID FUND - RETAIL Plan - QUARTERLY IDCW OPTION;INF204K01UV2;INF204K01UW0;1229.9621;1229.9621;1229.9621;09-Feb-2014
100838;NIPPON INDIA LIQUID FUND - RETAIL Plan - WEEKLY IDCW OPTION;;INF204K01UK5;1034.6097;1034.6097;1034.6097;09-Feb-2014
100853;NIPPON INDIA LIQUID FUND - WEEKLY IDCW OPTION;INF204KC1FM8;INF204K01US8;1531.0188;1531.0188;1531.0188;09-Feb-2014
100851;Nippon India Liquid Fund -Growth Plan;INF204K01UN9;;3085.5560;3085.5560;3085.5560;09-Feb-2014
118610;Reliance Liquid Fund - Cash Plan - Direct Plan - Growth Plan - Growth Option;;;2037.2150;2037.2150;2037.2150;09-Feb-2014
118618;Reliance Liquid Fund - Cash Plan - Direct Plan Daily Dividend Reinvestment Option;;;1114.1500;1114.1500;1114.1500;09-Feb-2014
118609;Reliance Liquid Fund - Cash Plan - Direct Plan Monthly Dividend Plan;;;1007.4424;1007.4424;1007.4424;09-Feb-2014
118612;Reliance Liquid Fund - Cash Plan - Direct Plan Quarterly Dividend Plan;;;1021.5823;1021.5823;1021.5823;09-Feb-2014
118611;Reliance Liquid Fund - Cash Plan - Direct Plan Weekly Dividend Reinvestment Option;;;1092.1645;1092.1645;1092.1645;09-Feb-2014
100849;Reliance Liquid Fund-Cash Plan-Daily Dividend Reinvestment Option;;;1114.1500;1114.1500;1114.1500;09-Feb-2014
100845;Reliance Liquid Fund-Cash Plan-Growth Plan;;;2028.9734;2028.9734;2028.9734;09-Feb-2014
114251;Reliance Liquid Fund-Cash Plan-Monthly Dividend Plan;;;1004.5747;1004.5747;1004.5747;09-Feb-2014
114252;Reliance Liquid Fund-Cash Plan-Quarterly Dividend Plan;;;1015.2625;1015.2625;1015.2625;09-Feb-2014
100848;Reliance Liquid Fund-Cash Plan-Weekly Dividend Reinvestment Option;;;1092.1418;1092.1418;1092.1418;09-Feb-2014

Principal Mutual Fund
100895;Principal Cash Management Fund - Daily Income Distribution CUM Capital Withdrawal;;INF173K01DB7;1000.1456;1000.1456;1000.1456;09-Feb-2014
119468;Principal Cash Management Fund - Direct Plan - Growth Option;INF173K01GU0;;1232.1773;1232.1773;1232.1773;09-Feb-2014
119467;Principal Cash Management Fund - Direct Plan - Income Distribution CUM Capital Withdrawal Option - Daily;;INF173K01GT2;1000.3870;1000.3870;1000.3870;09-Feb-2014
119469;Principal Cash Management Fund - Direct Plan - Income Distribution CUM Capital Withdrawal Option - Weekly;;INF173K01GY2;1007.7048;1007.7048;1007.7048;09-Feb-2014
100897;Principal Cash Management Fund - Monthly Income Distribution CUM Capital Withdrawal Option;INF173K01BV9;INF173K01BW7;1026.5607;1026.5607;1026.5607;09-Feb-2014
100896;Principal Cash Management Fund - Weekly Income Distribution CUM Capital Withdrawal Option;;INF173K01DC5;1006.9601;1006.9601;1006.9601;09-Feb-2014
119466;Principal Cash Management Fund -Direct Plan - Income Distribution CUM Capital Withdrawal Option - Monthly;INF173K01GV8;INF173K01GW6;1026.6225;1026.6225;1026.6225;09-Feb-2014
100898;Principal Cash Management Fund -Growth Option;INF173K01DA9;;1230.7527;1230.7527;1230.7527;09-Feb-2014

quant Mutual Fund
120837;quant Liquid Fund - Growth Option - Direct Plan;INF966L01820;;19.6476;19.6476;19.6476;09-Feb-2014
103225;quant Liquid Fund - Growth Option - Regular Plan;INF966L01317;;19.603;19.603;19.603;09-Feb-2014
120838;quant Liquid Fund - Monthly IDCW Option - Direct Plan;INF966L01796;INF966L01812;15.118;15.118;15.118;09-Feb-2014
103228;quant Liquid Fund - Monthly IDCW Option - Regular Plan;INF966L01291;INF966L01309;15.0685;15.0685;15.0685;09-Feb-2014
120839;quant Liquid Fund - Weekly IDCW Option - Direct Plan;INF966L01788;INF966L01804;13.5121;13.5121;13.5121;09-Feb-2014
103227;quant Liquid Fund - Weekly IDCW Option - Regular Plan;INF966L01499;INF966L01283;13.509;13.509;13.509;09-Feb-2014
120836;quant Liquid Fund-Daily IDCW Option - Direct Plan;;INF966L01770;13.7886;13.7886;13.7886;09-Feb-2014
103226;quant Liquid Fund-Daily IDCW Option - Regular Plan;;INF966L01275;13.7421;13.7421;13.7421;09-Feb-2014

Quantum Mutual Fund
103736;Quantum Liquid Fund - Direct Plan Daily IDCW;;INF082J01135;10.0049;10.0049;10.0049;09-Feb-2014
103734;Quantum Liquid Fund - Direct Plan Growth Option;INF082J01127;;17.8430;17.8430;17.8430;09-Feb-2014
103735;Quantum Liquid Fund - Direct Plan Monthly IDCW;INF082J01143;INF082J01200;10.0328;10.0328;10.0328;09-Feb-2014

SBI Mutual Fund
119804;SBI Liquid Fund - Direct Paln - Fortnightly Income Distribution cum Capital Withdrawal Option (IDCW);INF200K01UR8;INF200K01US6;1013.7662;1013.7662;1013.7662;09-Feb-2014
119805;SBI Liquid Fund - Direct Plan - Daily Income Distribution cum Capital Withdrawal Option (IDCW);;INF200K01UQ0;1003.2500;1003.2500;1003.2500;09-Feb-2014
119799;SBI Liquid Fund - Direct Plan - Weekly Income Distribution cum Capital Withdrawal Option (IDCW);INF200K01UU2;INF200K01UV0;1061.3094;1061.3094;1061.3094;09-Feb-2014
119800;SBI Liquid Fund - DIRECT PLAN -Growth;INF200K01UT4;;1992.1780;1992.1780;1992.1780;09-Feb-2014
105274;SBI Liquid Fund - Institutional - Growth;INF200K01LU1;;2009.4641;2009.4641;2009.4641;09-Feb-2014
105275;SBI Liquid Fund - Institutional Daily Income Distribution cum Capital Withdrawal Option (IDCW);;INF200K01LR7;1003.2500;1003.2500;1003.2500;09-Feb-2014
105279;SBI Liquid Fund - Institutional Fortnightly Income Distribution cum Capital Withdrawal Option (IDCW);INF200K01LS5;INF200K01LT3;1025.0812;1025.0812;1025.0812;09-Feb-2014
105278;SBI Liquid Fund - Institutional Weekly Income Distribution cum Capital Withdrawal Option (IDCW);INF200K01LV9;INF200K01LW7;1060.5984;1060.5984;1060.5984;09-Feb-2014
105281;SBI Liquid Fund - Regular Plan - Daily Income Distribution cum Capital Withdrawal Option (IDCW);;INF200K01LX5;1003.2500;1003.2500;1003.2500;09-Feb-2014
105283;SBI Liquid Fund - Regular Plan - Fortnightly Income Distribution cum Capital Withdrawal Option (IDCW);INF200K01LY3;INF200K01LZ0;1013.7555;1013.7555;1013.7555;09-Feb-2014
105282;SBI Liquid Fund - Regular Plan - Weekly Income Distribution cum Capital Withdrawal Option (IDCW);INF200K01MB9;INF200K01MC7;1061.3079;1061.3079;1061.3079;09-Feb-2014
105280;SBI Liquid Fund - REGULAR PLAN -Growth;INF200K01MA1;;1990.8001;1990.8001;1990.8001;09-Feb-2014

Sundaram Mutual Fund
119690;Sundaram Money Fund Direct Plan - Bonus;INF903J01RL8;;16.3680;16.3680;16.3680;09-Feb-2014
119688;Sundaram Money Fund Direct Plan - Daily Reinvestment of Income Distribution cum Capital Withdrawal (IDCW);;INF903J01QA3;10.1025;10.1025;10.1025;09-Feb-2014
119692;Sundaram Money Fund Direct Plan - Fortnightly Reinvestment of Income Distribution cum Capital Withdrawal (IDCW);;INF903J01QB1;25.2956;25.2956;25.2956;09-Feb-2014
119686;Sundaram Money Fund Direct Plan - Growth;INF903J01QF2;;26.7286;26.7286;26.7286;09-Feb-2014
119687;Sundaram Money Fund Direct Plan - Monthly Income Distribution cum Capital Withdrawal (IDCW);INF903J01QC9;INF903J01QD7;10.5593;10.5593;10.5593;09-Feb-2014
119691;Sundaram Money Fund Direct Plan - Weekly Reinvestment of Income Distribution cum Capital Withdrawal (IDCW);;INF903J01QG0;11.3997;11.3997;11.3997;09-Feb-2014
102701;Sundaram Money Fund Institutional Plan - Daily Reinvestment of Income Distribution cum Capital Withdrawal (IDCW);;INF903J01GP2;10.0953;10.0953;10.0953;09-Feb-2014
102703;Sundaram Money Fund Institutional Plan - Growth;INF903J01GN7;;26.0514;26.0514;26.0514;09-Feb-2014
118328;Sundaram Money Fund Regular Plan - Bonus;INF903J01MB0;;16.3562;16.3562;16.3562;09-Feb-2014
103392;Sundaram Money Fund Regular Plan - Daily Reinvestment of Income Distribution cum Capital Withdrawal (IDCW);;INF903J01GW8;10.0953;10.0953;10.0953;09-Feb-2014
103395;Sundaram Money Fund Regular Plan - Fortnightly Reinvestment of Income Distribution cum Capital Withdrawal (IDCW);;INF903J01GY4;10.7320;10.7320;10.7320;09-Feb-2014
103397;Sundaram Money Fund Regular Plan - Growth;INF903J01GU2;;26.7147;26.7147;26.7147;09-Feb-2014
103396;Sundaram Money Fund Regular Plan - Monthly Income Distribution cum Capital Withdrawal (IDCW);INF903J01GV0;INF903J01GZ1;10.4195;10.4195;10.4195;09-Feb-2014
103393;Sundaram Money Fund Regular Plan - Quarterly Reinvestment of Income Distribution cum Capital Withdrawal (IDCW);;INF903J01HA2;13.7558;13.7558;13.7558;09-Feb-2014
100620;Sundaram Money Fund Retail Plan - Daily Reinvestment of Income Distribution cum Capital Withdrawal (IDCW);;INF903J01GI7;10.0953;10.0953;10.0953;09-Feb-2014
100622;Sundaram Money Fund Retail Plan - Fortnightly Reinvestment of Income Distribution cum Capital Withdrawal (IDCW);;INF903J01GK3;10.6816;10.6816;10.6816;09-Feb-2014
100618;Sundaram Money Fund Retail Plan - Growth;INF903J01GG1;;24.9647;24.9647;24.9647;09-Feb-2014
100623;Sundaram Money Fund Retail Plan - Monthly Income Distribution cum Capital Withdrawal (IDCW);INF903J01GH9;INF903J01GL1;10.4324;10.4324;10.4324;09-Feb-2014
100619;Sundaram Money Fund Retail Plan - Quarterly Reinvestment of Income Distribution cum Capital Withdrawal (IDCW);;INF903J01GM9;13.9706;13.9706;13.9706;09-Feb-2014
100621;Sundaram Money Fund Retail Plan - Weekly Reinvestment of Income Distribution cum Capital Withdrawal (IDCW);;INF903J01GJ5;11.1240;11.1240;11.1240;09-Feb-2014
103394;Sundaram Money Fund Regular Plan - Weekly Reinvestment of Income Distribution cum Capital Withdrawal (IDCW);;INF903J01GX6;11.1648;11.1648;11.1648;09-Feb-2014

Tata Mutual Fund
102672;Tata Liquid Fund -Regular Plan - Growth Option;INF277K01YD8;;1993.0765;1993.0765;1993.0765;09-Feb-2014
119862;Tata Liquid Fund- Direct Plan - Daily Reinvestment of IDCW Option;;INF277K012D2;1001.5187;1001.5187;1001.5187;09-Feb-2014
119861;Tata Liquid Fund- Direct Plan-Growth Option;INF277K01YE6;;1995.9513;1995.9513;1995.9513;09-Feb-2014
101714;Tata Liquid Fund- Regular Plan - Daily Reinvestment of IDCW Option;;INF277K011D4;1001.5157;1001.5157;1001.5157;09-Feb-2014

Taurus Mutual Fund
111915;Taurus Liquid Fund - Regular Plan - SI Growth Option;INF044D01534;;1368.8073;1368.8073;1368.8073;09-Feb-2014
113248;Taurus Liquid Fund - Regular Plan - SI Weekly Dividend Option;;INF044D01526;1000.7161;1000.7161;1000.7161;09-Feb-2014
111703;Taurus Liquid Fund - Regular Plan -SI Daily Dividend Option;;INF044D01518;1000.2620;1000.2620;1000.2620;09-Feb-2014
111760;Taurus Liquid Fund Insti Growth;INF044D01500;;1392.7686;1392.7686;1392.7686;09-Feb-2014
118891;Taurus Liquid Fund-Direct Plan-SI Daily Dividend Option;;INF044D01DI0;1000.2620;1000.2620;1000.2620;09-Feb-2014
118893;Taurus Liquid Fund-Direct Plan-SI Growth Option;INF044D01DK6;;1369.5832;1369.5832;1369.5832;09-Feb-2014
118892;Taurus Liquid Fund-Direct Plan-SI Weekly Dividend Option;;INF044D01DJ8;1000.7224;1000.7224;1000.7224;09-Feb-2014
104240;Taurus Liquid Fund-Dividend;INF044D01542;INF044D01559;1001.2175;1001.2175;1001.2175;09-Feb-2014
104241;Taurus Liquid Fund-Growth;INF044D01575;;1639.9609;1639.9609;1639.9609;09-Feb-2014

Union Mutual Fund
115401;Union Liquid Fund - Daily IDCW Option;;INF582M01021;1000.6489;1000.6489;1000.6489;09-Feb-2014
119301;Union Liquid Fund - Direct Plan - Daily IDCW Option;;INF582M01682;1000.6506;1000.6506;1000.6506;09-Feb-2014
119305;Union Liquid Fund - Direct Plan - Fortnightly IDCW Option;INF582M01724;INF582M01708;1003.3185;1003.3185;1003.3185;09-Feb-2014
119303;Union Liquid Fund - Direct Plan - Growth Option;INF582M01674;;1270.0938;1270.0938;1270.0938;09-Feb-2014
119302;Union Liquid Fund - Direct Plan - Monthly IDCW Option;INF582M01732;INF582M01716;1003.3117;1003.3117;1003.3117;09-Feb-2014
119304;Union Liquid Fund - Direct Plan - Weekly IDCW Option;;INF582M01690;1001.6736;1001.6736;1001.6736;09-Feb-2014
115399;Union Liquid Fund - Fortnightly IDCW Option;INF582M01062;INF582M01047;1003.3008;1003.3008;1003.3008;09-Feb-2014
115398;Union Liquid Fund - Growth Option;INF582M01013;;1269.3322;1269.3322;1269.3322;09-Feb-2014
115400;Union Liquid Fund - Monthly IDCW Option;INF582M01070;INF582M01054;1003.3014;1003.3014;1003.3014;09-Feb-2014
115402;Union Liquid Fund - Weekly IDCW Option;;INF582M01039;1001.6724;1001.6724;1001.6724;09-Feb-2014

UTI Mutual Fund
120558;UTI Liquid Fund - Direct Plan - Daily IDCW (Reinvestment);;INF789F01XP8;1019.4457;1019.4457;1019.4457;09-Feb-2014
120794;UTI Liquid Fund - Direct Plan - Monthly IDCW;INF789F01XR4;INF789F01XS2;1026.6225;1026.6225;1026.6225;09-Feb-2014
120777;UTI Liquid Fund - Direct Plan - Weekly IDCW;;INF789F01XT0;1053.9739;1053.9739;1053.9739;09-Feb-2014
102010;UTI Liquid Fund - Regular Plan - Daily IDCW (Reinvestment);;INF789F01PG3;1019.4457;1019.4457;1019.4457;09-Feb-2014
102011;UTI Liquid Fund - Regular Plan - Monthly IDCW;INF789F01PI9;INF789F01PJ7;1026.6141;1026.6141;1026.6141;09-Feb-2014
102013;UTI Liquid Fund - Regular Plan - Weekly IDCW;;INF789F01PK5;1053.9666;1053.9666;1053.9666;09-Feb-2014
120304;UTI-  Liquid Cash Plan - Direct Plan - Growth Option;INF789F01XQ6;;2077.3331;2077.3331;2077.3331;09-Feb-2014
102012;UTI-  Liquid Cash Plan - Regular Plan - Growth Option;INF789F01PH1;;2075.0578;2075.0578;2075.0578;09-Feb-2014
102008;UTI-  Liquid Cash Plan- Discontinued - Regular Plan - Monthly Dividend Option;INF789F01BC2;INF789F01BA6;1140.8357;1140.8357;0;09-Feb-2014
102009;UTI-  Liquid Cash Plan- Discontinued - Regular Plan -Growth;INF789F01BB4;;2001.4057;2001.4057;0;09-Feb-2014
102007;UTI-  Liquid Cash Plan- Discontinued -Regular Plan Periodic Dividend Option;;INF789F01AZ5;1133.1037;1133.1037;0;09-Feb-2014

Open Ended Schemes ( Debt Scheme - Ultra Short Duration Fund )


Principal Mutual Fund
119475;Principal Ultra Short Term Fund- Direct Plan - Income Distribution CUM Capital Withdrawal Option - Monthly;INF173K01HK9;INF173K01HJ1;1062.9964;1057.6814;1062.9964;09-Feb-2014
119474;Principal Ultra Short Term Fund- Direct Plan -Growth Option;INF173K01HI3;;1426.9288;1419.7942;1426.9288;09-Feb-2014
107329;Principal Ultra Short Term Fund-Daily Income Distribution CUM Capital Withdrawal Option;;INF173K01CV7;1005.4300;1000.4029;1005.4300;09-Feb-2014
107328;Principal Ultra Short Term Fund-Growth Option;INF173K01CU9;;1425.3527;1418.2259;1425.3527;09-Feb-2014
107330;Principal Ultra Short Term Fund-Monthly Income Distribution CUM Capital Withdrawal Option;INF173K01CB9;INF173K01CC7;1062.9108;1057.5962;1062.9108;09-Feb-2014
107332;Principal Ultra Short Term Fund-Weekly Income Distribution CUM Capital Withdrawal Option;;INF173K01CW5;1013.0509;1007.9856;1013.0509;09-Feb-2014

SBI Mutual Fund
119784;SBI Ultra Short Duration Fund - Direct Plan - Daily Income Distribution cum Capital Withdrawal Option (IDCW);;INF200K01TG3;1675.0300;1673.3550;1675.0300;09-Feb-2014
119828;SBI ULTRA SHORT DURATION FUND - DIRECT PLAN - GROWTH;INF200K01TF5;;2804.2688;2801.4645;2804.2688;09-Feb-2014
119829;SBI Ultra Short Duration Fund - Direct Plan - Weekly Income Distribution cum Capital Withdrawal Option (IDCW);INF200K01TH1;INF200K01TI9;1077.8353;1076.7575;1077.8353;09-Feb-2014
105080;SBI Ultra Short Duration Fund - Regular Plan - Daily Income Distribution cum Capital Withdrawal Option (IDCW);;INF200K01LK2;1675.0300;1673.3550;1675.0300;09-Feb-2014
100641;SBI ULTRA SHORT DURATION FUND - REGULAR PLAN - GROWTH;INF200K01LJ4;;2802.0928;2799.2907;2802.0928;09-Feb-2014
103884;SBI Ultra Short Duration Fund - Regular Plan - Weekly Income Distribution cum Capital Withdrawal Option (IDCW);INF200K01LM8;INF200K01LL0;1077.8323;1076.7545;1077.8323;09-Feb-2014

Open Ended Schemes ( Debt Scheme - Money Market Fund )


Aditya Birla Sun Life Mutual Fund
101973;Aditya Birla Sun Life Money Manager Fund - Daily IDCW;;INF209K01SZ6;100.0200;100.0200;100.0200;09-Feb-2014
119513;Aditya Birla Sun Life Money Manager Fund - Direct - daily IDCW;;INF209K01UT5;100.0200;100.0200;100.0200;09-Feb-2014
119512;Aditya Birla Sun Life Money Manager Fund - Direct - weekly IDCW;INF209K01UV1;INF209KA1LM3;100.1251;100.1251;100.1251;09-Feb-2014
101976;Aditya Birla Sun Life Money Manager Fund - Growth;INF209K01RV7;;168.4837;168.4837;168.4837;09-Feb-2014
119511;Aditya Birla Sun Life Money Manager Fund - Growth - Direct Plan;INF209K01UU3;;168.5557;168.5557;168.5557;09-Feb-2014
101972;Aditya Birla Sun Life Money Manager Fund - Retail - Daily IDCW;;INF209K01JZ5;100.0150;100.0150;100.0150;09-Feb-2014
101970;Aditya Birla Sun Life Money Manager Fund - RETAIL - WEEKLY IDCW;;INF209K01JY8;103.7939;103.7939;103.7939;09-Feb-2014
101971;Aditya Birla Sun Life Money Manager Fund - Retail Growth;INF209K01MJ3;;207.7095;207.7095;207.7095;09-Feb-2014
101974;Aditya Birla Sun Life Money Manager Fund - WEEKLY IDCW;;INF209K01SY9;100.1248;100.1248;100.1248;09-Feb-2014

HDFC Mutual Fund
101994;HDFC Money Market Fund - Daily IDCW Option;;INF179KB1IG6;10.6364;10.6364;10.6364;09-Feb-2014
119093;HDFC Money Market Fund - Daily IDCW Option - Direct Plan;;INF179KB1HZ8;10.6364;10.6364;10.6364;09-Feb-2014
101993;HDFC Money Market Fund - Growth Option;INF179KB1HR5;;26.4524;26.4524;26.4524;09-Feb-2014
119092;HDFC Money Market Fund - Growth Option - Direct Plan;INF179KB1HU9;;26.4692;26.4692;26.4692;09-Feb-2014
101995;HDFC Money Market Fund - Weekly IDCW Option;INF179KB1IH4;INF179KB1II2;10.6297;10.6297;10.6297;09-Feb-2014
119094;HDFC Money Market Fund - Weekly IDCW Option -Direct Plan;INF179KB1IA9;INF179KB1IB7;10.6297;10.6297;10.6297;09-Feb-2014

ICICI Prudential Mutual Fund
115328;ICICI Prudential Money Market Fund Dividend;INF109K01I72;;100.1098;100.1098;100.1098;09-Feb-2014
120209;ICICI Prudential Money Market Fund Option - Direct Plan -  Daily IDCW;;INF109K01R22;100.1435;100.1435;100.1435;09-Feb-2014
120210;ICICI Prudential Money Market Fund Option - Direct Plan -  Fortnightly IDCW;INF109K01R55;;100.8286;100.8286;100.8286;09-Feb-2014
120211;ICICI Prudential Money Market Fund Option - Direct Plan -  Growth;INF109K01R14;;175.2022;175.2022;175.2022;09-Feb-2014
120216;ICICI Prudential Money Market Fund Option - Direct Plan -  IDCW Others;INF109K01R30;;100.4755;N.A.;N.A.;09-Feb-2014
120213;ICICI Prudential Money Market Fund Option - Direct Plan -  Monthly IDCW;INF109K01R63;INF109K01R71;100.6115;100.6115;100.6115;09-Feb-2014
120212;ICICI Prudential Money Market Fund Option - Direct Plan -  Weekly IDCW;INF109K01R89;;100.5084;100.5084;100.5084;09-Feb-2014
101221;ICICI Prudential Money Market Fund Retail Growth (erstwhile Cash Option);INF109K01TW3;;197.6142;197.6142;197.6142;09-Feb-2014
103634;ICICI Prudential Money Market Fund Option - Daily IDCW;INF109K01TY9;;100.1295;100.1295;100.1295;09-Feb-2014
103633;ICICI Prudential Money Market Fund Option - Growth;INF109K01TX1;;175.1006;175.1006;175.1006;09-Feb-2014
103637;ICICI Prudential Money Market Fund Option - Monthly IDCW;INF109K01UC3;INF109K01UB5;100.4623;100.4623;100.4623;09-Feb-2014
103635;ICICI Prudential Money Market Fund Option - Weekly IDCW;INF109K01TZ6;;100.2069;100.2069;100.2069;09-Feb-2014
103636;ICICI Prudential Money Market Fund Option -Fortnightly IDCW;INF109K01UA7;;100.4406;100.4406;100.4406;09-Feb-2014

Kotak Mahindra Mutual Fund
106842;Kotak Money Market Fund - (Daily Reinvestment of Income Distribution cum capital withdrawal option);INF174K01ND0;;1011.62;1011.62;1011.62;09-Feb-2014
119745;Kotak Money Market Fund - (Daily Reinvestment of Income Distribution cum capital withdrawal option) - Direct;INF174K01MZ5;;1011.62;1011.62;1011.62;09-Feb-2014
101893;Kotak Money Market Fund - (Growth);INF174K01NA6;;2076.1897;2076.1897;2076.1897;09-Feb-2014
119746;Kotak Money Market Fund - (Growth) - Direct;INF174K01MW2;;2077.3238;2077.3238;2077.3238;09-Feb-2014
101892;Kotak Money market Fund - (Monthly Payout of Income Distribution cum capital withdrawal option);INF174K018O0;INF174K01NB4;1007.7596;1007.7596;1007.7596;09-Feb-2014
119747;Kotak Money Market Fund - (Monthly Payout of Income Distribution cum capital withdrawal option) - Direct;INF174K019O8;INF174K01MX0;1013.2214;1013.2214;1013.2214;09-Feb-2014
101894;Kotak Money Market Fund - (Weekly Reinvestment of Income Distribution cum capital withdrawal option);INF174K01NC2;;1013.3844;1013.3844;1013.3844;09-Feb-2014
119748;Kotak Money Market Fund - (Weekly Reinvestment of Income Distribution cum capital withdrawal option) - Direct;INF174K01MY8;;1015.0626;1015.0626;1015.0626;09-Feb-2014

Nippon India Mutual Fund
103050;NIPPON INDIA MONEY MARKET FUND - DAILY IDCW Option;;INF204K01UY6;1000.5100;1000.5100;1000.5100;09-Feb-2014
118718;NIPPON INDIA MONEY MARKET FUND - DIRECT Plan - DAILY IDCW Option;;INF204K01ZN8;1000.5100;1000.5100;1000.5100;09-Feb-2014
118720;NIPPON INDIA MONEY MARKET FUND - DIRECT Plan - MONTHLY IDCW Option;INF204K01ZQ1;INF204K01ZR9;1004.7379;1004.7379;1004.7379;09-Feb-2014
118717;NIPPON INDIA MONEY MARKET FUND - DIRECT Plan - WEEKLY IDCW Option;;INF204K01ZO6;1000.8233;1000.8233;1000.8233;09-Feb-2014
118715;Nippon India Money Market Fund - Direct Plan Growth Plan - Bonus Option;INF204K01G11;;1122.9035;1122.9035;1122.9035;09-Feb-2014
118719;Nippon India Money Market Fund - Direct Plan Growth Plan - Growth Option;INF204K01ZP3;;1909.6262;1909.6262;1909.6262;09-Feb-2014
103052;NIPPON INDIA MONEY MARKET FUND - MONTHLY IDCW Option;INF204K01VB2;INF204K01VC0;1004.5139;1004.5139;1004.5139;09-Feb-2014
112341;NIPPON INDIA MONEY MARKET FUND - QUARTERLY IDCW Option;INF204K01VD8;INF204K01VE6;1015.7201;1015.7201;1015.7201;09-Feb-2014
103051;NIPPON INDIA MONEY MARKET FUND - WEEKLY IDCW Option;;INF204K01UZ3;1000.8206;1000.8206;1000.8206;09-Feb-2014
103049;Nippon India Money Market Fund-Growth Plan-Bonus Option;INF204K01UX8;;1121.9398;1121.9398;1121.9398;09-Feb-2014
103048;Nippon India Money Market Fund-Growth Plan-Growth Option;INF204K01VA4;;1907.8828;1907.8828;1907.8828;09-Feb-2014

Tata Mutual Fund
119423;Tata Liquid Fund- Direct Plan- Monthly Dividend;INF277K01PS4;INF277K01PT2;1002.5889;1002.5889;1002.5889;09-Feb-2014
119422;Tata Liquid Fund- Direct Plan- Weekly Dividend;INF277K013C2;;1001.8686;1001.8686;1001.8686;09-Feb-2014
119421;Tata Money Market Fund- Direct Plan - Daily Reinvestment of IDCW Option;;INF277K011C6;1114.5200;1114.5200;1114.5200;09-Feb-2014
119424;Tata Money Market Fund- Direct Plan- Growth Option;INF277K01PR6;;2340.1191;2340.1191;2340.1191;09-Feb-2014
101986;Tata Money Market Fund- Regular Plan - Daily Reinvestment of IDCW Option;;INF277K014C0;1114.5200;1114.5200;1114.5200;09-Feb-2014
101847;Tata Money Market Fund-Regular Plan - Growth Option;INF277K01LQ7;;2337.9280;2337.9280;2337.9280;09-Feb-2014

UTI Mutual Fund
120299;UTI MMF - Direct Plan - Growth Option;INF789F01XV6;;1419.469;1419.469;1419.469;09-Feb-2014
112077;UTI MMF - Regular Plan - Growth Option;INF789F01PX8;;1417.9035;1417.9035;1417.9035;09-Feb-2014
100724;UTI MMF- Discontinued - Regular Plan - Flexi Dividend Option;;INF789F01BD0;1998.7956;1998.7956;0;09-Feb-2014
100725;UTI MMF- Discontinued - Regular Plan - Periodic Dividend Option;INF789F01BE8;;1989.3681;1989.3681;0;09-Feb-2014
100723;UTI MMF-Discontinued - Regular Plan -Growth;INF789F01BF5;;3463.1502;3463.1502;0;09-Feb-2014
120772;UTI Money Market Fund - Direct Plan - Daily IDCW (Reinvestment);;INF789F01XU8;1003.3854;1003.3854;1003.3854;09-Feb-2014
120793;UTI Money Market Fund - Direct Plan - Weekly IDCW;INF789F01XW4;INF789F01XX2;1015.4952;1015.4952;1015.4952;09-Feb-2014
112076;UTI Money Market Fund - Regular Plan - Daily IDCW (Reinvestment);;INF789F01PW0;1003.3854;1003.3854;1003.3854;09-Feb-2014
112635;UTI Money Market Fund - Regular Plan - Weekly IDCW;INF789F01PY6;INF789F01PZ3;1015.484;1015.484;1015.484;09-Feb-2014

Open Ended Schemes ( Debt Scheme - Floater Fund )


Franklin Templeton Mutual Fund
118508;Franklin India Floating Rate Fund - Direct - Growth;INF090I01LK1;;20.3960;20.3960;20.3960;09-Feb-2014
118507;Franklin India Floating Rate Fund - Direct - IDCW ;INF090I01LL9;;10.0095;10.0095;10.0095;09-Feb-2014
101048;Franklin India Floating Rate Fund - Growth Plan;INF090I01LM7;;20.2682;20.2682;20.2682;09-Feb-2014
101044;Franklin India Floating Rate Fund - IDCW ;INF090I01LN5;;10.0085;10.0085;10.0085;09-Feb-2014

Close Ended Schemes ( Income )


SBI Mutual Fund
114781;SBI Capital Protection Oriented Fund - Series II -;INF200K01ED2;;12.1660;N.A.;N.A.;09-Feb-2014
115824;SBI Capital Protection Oriented Fund - Series III - Growth;INF200K01IH4;;11.8760;N.A.;N.A.;09-Feb-2014
121468;SBI DEBT FUND SERIES - 13 MONTHS - 14 - DIRECT PLAN - DIVIDEND;INF200K01WZ7;;N.A.;N.A.;N.A.;09-Feb-2014
121469;SBI DEBT FUND SERIES - 13 MONTHS - 14 - DIRECT PLAN - GROWTH;INF200K01WY0;;10.8498;N.A.;N.A.;09-Feb-2014
121470;SBI DEBT FUND SERIES - 13 MONTHS - 14 - REGULAR PLAN - DIVIDEND;INF200K01WX2;;10.8397;N.A.;N.A.;09-Feb-2014
121471;SBI DEBT FUND SERIES - 13 MONTHS - 14 - REGULAR PLAN - GROWTH;INF200K01WW4;;10.8397;N.A.;N.A.;09-Feb-2014
121695;SBI DEBT FUND SERIES - 13 MONTHS - 15 - DIRECT PLAN - DIVIDEND;INF200K01XD2;;10.8234;N.A.;N.A.;09-Feb-2014
121696;SBI DEBT FUND SERIES - 13 MONTHS - 15 - REGULAR PLAN - DIVIDEND;INF200K01XB6;;10.8184;N.A.;N.A.;09-Feb-2014
121697;SBI DEBT FUND SERIES - 13 MONTHS - 15 - REGULAR PLAN - GROWTH;INF200K01XA8;;10.8190;N.A.;N.A.;09-Feb-2014
121698;SBI DEBT FUND SERIES - 13 MONTHS - 15- DIRECT PLAN - GROWTH;INF200K01XC4;;10.8234;N.A.;N.A.;09-Feb-2014
121305;SBI DEBT FUND SERIES - 14 MONTHS - 1 - DIRECT PLAN - DIVIDEND;INF200K01XH3;;10.8769;N.A.;N.A.;09-Feb-2014
121306;SBI DEBT FUND SERIES - 14 MONTHS - 1 - DIRECT PLAN - GROWTH;INF200K01XG5;;10.8768;N.A.;N.A.;09-Feb-2014
121303;SBI DEBT FUND SERIES - 14 MONTHS - 1 - REGULAR PLAN - DIVIDEND;INF200K01XF7;;10.8664;N.A.;N.A.;09-Feb-2014
121304;SBI DEBT FUND SERIES - 14 MONTHS - 1 - REGULAR PLAN - GROWTH;INF200K01XE0;;10.8664;N.A.;N.A.;09-Feb-2014
122015;SBI DEBT FUND SERIES - 14 MONTHS - 2 - DIRECT PLAN - DIVIDEND;INF200K01XL5;;10.7567;N.A.;N.A.;09-Feb-2014
122017;SBI DEBT FUND SERIES - 14 MONTHS - 2 - DIRECT PLAN - GROWTH;INF200K01XK7;;10.7567;N.A.;N.A.;09-Feb-2014
122016;SBI DEBT FUND SERIES - 14 MONTHS - 2 - REGULAR PLAN - DIVIDEND;INF200K01XJ9;;10.7519;N.A.;N.A.;09-Feb-2014
122018;SBI DEBT FUND SERIES - 14 MONTHS - 2 - REGULAR PLAN - GROWTH;INF200K01XI1;;10.7519;N.A.;N.A.;09-Feb-2014
126205;SBI DEBT FUND SERIES - 16 MONTHS - 1 - DIRECT PLAN - GROWTH;INF200KA1CE8;;10.0762;N.A.;N.A.;09-Feb-2014
126206;SBI DEBT FUND SERIES - 16 MONTHS - 1 - REGULAR PLAN - DIVIDEND;INF200KA1CD0;;10.0737;N.A.;N.A.;09-Feb-2014
126207;SBI DEBT FUND SERIES - 16 MONTHS - 1 - REGULAR PLAN - GROWTH;INF200KA1CC2;;10.0737;N.A.;N.A.;09-Feb-2014
126208;SBI DEBT FUND SERIES - 16 MONTHS - 1- DIRECT PLAN - DIVIDEND;INF200KA1CF5;;10.0762;N.A.;N.A.;09-Feb-2014
126209;SBI DEBT FUND SERIES - 16 MONTHS - 2 - DIRECT PLAN - GROWTH;INF200KA1DM9;;10.0489;N.A.;N.A.;09-Feb-2014
126210;SBI DEBT FUND SERIES - 16 MONTHS - 2 - REGULAR PLAN - DIVIDEND;INF200KA1DL1;;10.0472;N.A.;N.A.;09-Feb-2014
126211;SBI DEBT FUND SERIES - 16 MONTHS - 2 - REGULAR PLAN - GROWTH;INF200KA1DK3;;10.0472;N.A.;N.A.;09-Feb-2014
126212;SBI DEBT FUND SERIES - 16 MONTHS - 2- DIRECT PLAN - DIVIDEND;INF200KA1DN7;;10.0489;N.A.;N.A.;09-Feb-2014
125734;SBI DEBT FUND SERIES - 17 MONTHS - 1 - DIRECT PLAN - GROWTH;INF200KA1CQ2;;10.1420;N.A.;N.A.;09-Feb-2014
125735;SBI DEBT FUND SERIES - 17 MONTHS - 1 - REGULAR PLAN - DIVIDEND;INF200KA1CP4;;10.1380;N.A.;N.A.;09-Feb-2014
125736;SBI DEBT FUND SERIES - 17 MONTHS - 1 - REGULAR PLAN - GROWTH;INF200KA1CO7;;10.1380;N.A.;N.A.;09-Feb-2014
125733;SBI DEBT FUND SERIES - 17 MONTHS - 1- DIRECT PLAN - DIVIDEND;INF200KA1CR0;;10.1420;N.A.;N.A.;09-Feb-2014
117983;SBI DEBT FUND SERIES - 18 MONTHS - 11 - DIVIDEND;INF200K01PW8;;11.1102;N.A.;N.A.;09-Feb-2014
117984;SBI DEBT FUND SERIES - 18 MONTHS - 11 - GROWTH;INF200K01PV0;;11.1102;N.A.;N.A.;09-Feb-2014
125008;SBI DEBT FUND SERIES - 18 MONTHS - 12 - DIRECT PLAN - DIVIDEND;INF200KA1BL5;;10.2393;N.A.;N.A.;09-Feb-2014
125005;SBI DEBT FUND SERIES - 18 MONTHS - 12 - DIRECT PLAN - GROWTH;INF200KA1BK7;;10.2393;N.A.;N.A.;09-Feb-2014
125006;SBI DEBT FUND SERIES - 18 MONTHS - 12 - REGULAR PLAN - DIVIDEND;INF200KA1BJ9;;10.2303;N.A.;N.A.;09-Feb-2014
125007;SBI DEBT FUND SERIES - 18 MONTHS - 12 - REGULAR PLAN - GROWTH;INF200KA1BI1;;10.2303;N.A.;N.A.;09-Feb-2014
125460;SBI DEBT FUND SERIES - 18 MONTHS - 13 - DIRECT PLAN - DIVIDEND;INF200KA1DZ1;;N.A.;N.A.;N.A.;09-Feb-2014
125461;SBI DEBT FUND SERIES - 18 MONTHS - 13 - DIRECT PLAN - GROWTH;INF200KA1DY4;;10.2096;N.A.;N.A.;09-Feb-2014
125462;SBI DEBT FUND SERIES - 18 MONTHS - 13 - REGULAR PLAN - DIVIDEND;INF200KA1DX6;;10.2045;N.A.;N.A.;09-Feb-2014
125463;SBI DEBT FUND SERIES - 18 MONTHS - 13 - REGULAR PLAN - GROWTH;INF200KA1DW8;;10.2045;N.A.;N.A.;09-Feb-2014
115263;SBI SDFS - 36 MONTHS - 1 - DIVIDEND;INF200K01EC4;;11.2954;N.A.;N.A.;09-Feb-2014
115262;SBI SDFS - 36 MONTHS - 1 - GROWTH;INF200K01EB6;;12.7734;N.A.;N.A.;09-Feb-2014
120908;SBI DEBT FUND SERIES - 36 MONTHS - 2 - DIRECT PLAN - DIVIDEND;INF200K01QM7;;10.8147;N.A.;N.A.;09-Feb-2014
120911;SBI DEBT FUND SERIES - 36 MONTHS - 2 - DIRECT PLAN - GROWTH;INF200K01QL9;;10.8147;N.A.;N.A.;09-Feb-2014
120909;SBI DEBT FUND SERIES - 36 MONTHS - 2 - REGULAR PLAN - DIVIDEND;INF200K01QH7;;10.7493;N.A.;N.A.;09-Feb-2014
120910;SBI DEBT FUND SERIES - 36 MONTHS - 2 - REGULAR PLAN - GROWTH;INF200K01QG9;;10.7493;N.A.;N.A.;09-Feb-2014
123647;SBI DEBT FUND SERIES - 36 MONTHS - 4 - DIRECT PLAN - DIVIDEND;INF200KA1KF8;;10.5767;N.A.;N.A.;09-Feb-2014
123649;SBI DEBT FUND SERIES - 36 MONTHS - 4 - DIRECT PLAN - GROWTH;INF200KA1KE1;;10.5767;N.A.;N.A.;09-Feb-2014
123648;SBI DEBT FUND SERIES - 36 MONTHS - 4 - REGULAR PLAN - DIVIDEND;INF200KA1KD3;;10.5688;N.A.;N.A.;09-Feb-2014
123650;SBI DEBT FUND SERIES - 36 MONTHS - 4 - REGULAR PLAN - GROWTH;INF200KA1KC5;;10.5688;N.A.;N.A.;09-Feb-2014
124000;SBI DEBT FUND SERIES - 36 MONTHS - 5 - DIRECT PLAN - DIVIDEND;INF200K01D91;;N.A.;N.A.;N.A.;09-Feb-2014
124001;SBI DEBT FUND SERIES - 36 MONTHS - 5 - DIRECT PLAN - GROWTH;INF200K01D83;;10.4338;N.A.;N.A.;09-Feb-2014
124003;SBI DEBT FUND SERIES - 36 MONTHS - 5 - REGULAR PLAN - DIVIDEND;INF200K01D75;;10.4270;N.A.;N.A.;09-Feb-2014
124002;SBI DEBT FUND SERIES - 36 MONTHS - 5 - REGULAR PLAN - GROWTH;INF200K01D67;;10.4270;N.A.;N.A.;09-Feb-2014
124373;SBI DEBT FUND SERIES - 36 MONTHS - 6 - DIRECT PLAN - DIVIDEND;INF200KA1KZ6;;10.3940;N.A.;N.A.;09-Feb-2014
124374;SBI DEBT FUND SERIES - 36 MONTHS - 6 - DIRECT PLAN - GROWTH;INF200KA1KY9;;10.3940;N.A.;N.A.;09-Feb-2014
124375;SBI DEBT FUND SERIES - 36 MONTHS - 6 - REGULAR PLAN - DIVIDEND;INF200KA1KX1;;10.3777;N.A.;N.A.;09-Feb-2014
124376;SBI DEBT FUND SERIES - 36 MONTHS - 6 - REGULAR PLAN - GROWTH;INF200KA1KW3;;10.3777;N.A.;N.A.;09-Feb-2014
125719;SBI DEBT FUND SERIES - 36 MONTHS - 7 - DIRECT PLAN - DIVIDEND;INF200K01E74;;10.1111;N.A.;N.A.;09-Feb-2014
125721;SBI DEBT FUND SERIES - 36 MONTHS - 7 - DIRECT PLAN - GROWTH;INF200K01E66;;10.1112;N.A.;N.A.;09-Feb-2014
125720;SBI DEBT FUND SERIES - 36 MONTHS - 7 - REGULAR PLAN - DIVIDEND;INF200K01E58;;10.1080;N.A.;N.A.;09-Feb-2014
125722;SBI DEBT FUND SERIES - 36 MONTHS - 7 - REGULAR PLAN - GROWTH;INF200K01E41;;10.1080;N.A.;N.A.;09-Feb-2014
121395;SBI DEBT FUND SERIES - 366 DAYS - 22 - DIRECT PLAN - DIVIDEND;INF200K01YP4;;N.A.;N.A.;N.A.;09-Feb-2014
121396;SBI DEBT FUND SERIES - 366 DAYS - 22 - DIRECT PLAN - GROWTH;INF200K01YO7;;10.8861;N.A.;N.A.;09-Feb-2014
121397;SBI DEBT FUND SERIES - 366 DAYS - 22 - REGULAR PLAN - DIVIDEND;INF200K01PU2;;10.8757;N.A.;N.A.;09-Feb-2014
121398;SBI DEBT FUND SERIES - 366 DAYS - 22 - REGULAR PLAN - GROWTH;INF200K01PT4;;10.8757;N.A.;N.A.;09-Feb-2014
121923;SBI DEBT FUND SERIES - 366 DAYS - 23 - DIRECT PLAN - DIVIDEND;INF200K01VX4;;10.7885;N.A.;N.A.;09-Feb-2014
121924;SBI DEBT FUND SERIES - 366 DAYS - 23 - DIRECT PLAN - GROWTH;INF200K01VW6;;10.7885;N.A.;N.A.;09-Feb-2014
121926;SBI DEBT FUND SERIES - 366 DAYS - 23 - REGULAR PLAN - DIVIDEND;INF200K01VV8;;10.7836;N.A.;N.A.;09-Feb-2014
121925;SBI DEBT FUND SERIES - 366 DAYS - 23 - REGULAR PLAN - GROWTH;INF200K01VU0;;10.7836;N.A.;N.A.;09-Feb-2014
122011;SBI DEBT FUND SERIES - 366 DAYS - 24 - DIRECT PLAN - DIVIDEND;INF200K01WB8;;10.7673;N.A.;N.A.;09-Feb-2014
122012;SBI DEBT FUND SERIES - 366 DAYS - 24 - DIRECT PLAN - GROWTH;INF200K01WA0;;10.7671;N.A.;N.A.;09-Feb-2014
122013;SBI DEBT FUND SERIES - 366 DAYS - 24 - REGULAR PLAN - DIVIDEND;INF200K01VZ9;;10.7624;N.A.;N.A.;09-Feb-2014
122014;SBI DEBT FUND SERIES - 366 DAYS - 24 - REGULAR PLAN - GROWTH;INF200K01VY2;;10.7624;N.A.;N.A.;09-Feb-2014
122145;SBI DEBT FUND SERIES - 366 DAYS - 25 - DIRECT PLAN - DIVIDEND;INF200K01WF9;;10.7341;N.A.;N.A.;09-Feb-2014
122146;SBI DEBT FUND SERIES - 366 DAYS - 25 - DIRECT PLAN - GROWTH;INF200K01WE2;;10.7341;N.A.;N.A.;09-Feb-2014
122147;SBI DEBT FUND SERIES - 366 DAYS - 25 - REGULAR PLAN - DIVIDEND;INF200K01WD4;;10.7294;N.A.;N.A.;09-Feb-2014
122144;SBI DEBT FUND SERIES - 366 DAYS - 25 - REGULAR PLAN - GROWTH;INF200K01WC6;;10.7294;N.A.;N.A.;09-Feb-2014
122253;SBI DEBT FUND SERIES - 366 DAYS - 26 - DIRECT PLAN - DIVIDEND;INF200K01WJ1;;10.6496;N.A.;N.A.;09-Feb-2014
122254;SBI DEBT FUND SERIES - 366 DAYS - 26 - DIRECT PLAN - GROWTH;INF200K01WI3;;10.6496;N.A.;N.A.;09-Feb-2014
122255;SBI DEBT FUND SERIES - 366 DAYS - 26 - REGULAR PLAN - DIVIDEND;INF200K01WH5;;10.6452;N.A.;N.A.;09-Feb-2014
122256;SBI DEBT FUND SERIES - 366 DAYS - 26 - REGULAR PLAN - GROWTH;INF200K01WG7;;10.6452;N.A.;N.A.;09-Feb-2014
122348;SBI DEBT FUND SERIES - 366 DAYS - 27 - DIRECT PLAN - DIVIDEND;INF200K01WN3;;10.6323;N.A.;N.A.;09-Feb-2014
122349;SBI DEBT FUND SERIES - 366 DAYS - 27 - DIRECT PLAN - GROWTH;INF200K01WM5;;10.6323;N.A.;N.A.;09-Feb-2014
122346;SBI DEBT FUND SERIES - 366 DAYS - 27 - REGULAR PLAN - DIVIDEND;INF200K01WL7;;10.6280;N.A.;N.A.;09-Feb-2014
122347;SBI DEBT FUND SERIES - 366 DAYS - 27 - REGULAR PLAN - GROWTH;INF200K01WK9;;10.6280;N.A.;N.A.;09-Feb-2014
122406;SBI DEBT FUND SERIES - 366 DAYS - 28 - DIRECT PLAN - DIVIDEND;INF200K01WR4;;10.6440;N.A.;N.A.;09-Feb-2014
122407;SBI DEBT FUND SERIES - 366 DAYS - 28 - DIRECT PLAN - GROWTH;INF200K01WQ6;;10.6440;N.A.;N.A.;09-Feb-2014
122405;SBI DEBT FUND SERIES - 366 DAYS - 28 - REGULAR PLAN - DIVIDEND;INF200K01WP8;;10.6397;N.A.;N.A.;09-Feb-2014
122408;SBI DEBT FUND SERIES - 366 DAYS - 28 - REGULAR PLAN - GROWTH;INF200K01WO1;;10.6397;N.A.;N.A.;09-Feb-2014
122619;SBI DEBT FUND SERIES - 366 DAYS - 29 - DIRECT PLAN - DIVIDEND;INF200K01WV6;;N.A.;N.A.;N.A.;09-Feb-2014
122621;SBI DEBT FUND SERIES - 366 DAYS - 29 - DIRECT PLAN - GROWTH;INF200K01WU8;;10.5215;N.A.;N.A.;09-Feb-2014
122620;SBI DEBT FUND SERIES - 366 DAYS - 29 - REGULAR PLAN - DIVIDEND;INF200K01WT0;;10.5178;N.A.;N.A.;09-Feb-2014
122622;SBI DEBT FUND SERIES - 366 DAYS - 29 - REGULAR PLAN - GROWTH;INF200K01WS2;;10.5178;N.A.;N.A.;09-Feb-2014
122788;SBI DEBT FUND SERIES - 366 DAYS - 30 - DIRECT PLAN - DIVIDEND;INF200K01YX8;;10.4731;N.A.;N.A.;09-Feb-2014
122790;SBI DEBT FUND SERIES - 366 DAYS - 30 - DIRECT PLAN - GROWTH;INF200K01YW0;;10.4731;N.A.;N.A.;09-Feb-2014
122791;SBI DEBT FUND SERIES - 366 DAYS - 30 - REGULAR PLAN - DIVIDEND;INF200K01YV2;;10.4697;N.A.;N.A.;09-Feb-2014
122789;SBI DEBT FUND SERIES - 366 DAYS - 30 - REGULAR PLAN - GROWTH;INF200K01YU4;;10.4697;N.A.;N.A.;09-Feb-2014
122812;SBI DEBT FUND SERIES - 366 DAYS - 31 - DIRECT PLAN - DIVIDEND;INF200K01ZB1;;10.4616;N.A.;N.A.;09-Feb-2014
122813;SBI DEBT FUND SERIES - 366 DAYS - 31 - DIRECT PLAN - GROWTH;INF200K01ZA3;;10.4616;N.A.;N.A.;09-Feb-2014
122814;SBI DEBT FUND SERIES - 366 DAYS - 31 - REGULAR PLAN - DIVIDEND;INF200K01YZ3;;10.4583;N.A.;N.A.;09-Feb-2014
122815;SBI DEBT FUND SERIES - 366 DAYS - 31 - REGULAR PLAN - GROWTH;INF200K01YY6;;10.4583;N.A.;N.A.;09-Feb-2014
122907;SBI DEBT FUND SERIES - 366 DAYS - 32 - DIRECT PLAN - DIVIDEND;INF200K01ZF2;;10.4031;N.A.;N.A.;09-Feb-2014
122905;SBI DEBT FUND SERIES - 366 DAYS - 32 - DIRECT PLAN - GROWTH;INF200K01ZE5;;10.4031;N.A.;N.A.;09-Feb-2014
122908;SBI DEBT FUND SERIES - 366 DAYS - 32 - REGULAR PLAN - DIVIDEND;INF200K01ZD7;;10.4001;N.A.;N.A.;09-Feb-2014
122906;SBI DEBT FUND SERIES - 366 DAYS - 32 - REGULAR PLAN - GROWTH;INF200K01ZC9;;10.4001;N.A.;N.A.;09-Feb-2014
122991;SBI DEBT FUND SERIES - 366 DAYS - 33 - DIRECT PLAN - DIVIDEND;INF200K01ZJ4;;10.4779;N.A.;N.A.;09-Feb-2014
122994;SBI DEBT FUND SERIES - 366 DAYS - 33 - DIRECT PLAN - GROWTH;INF200K01ZI6;;10.4779;N.A.;N.A.;09-Feb-2014
122993;SBI DEBT FUND SERIES - 366 DAYS - 33 - REGULAR PLAN - DIVIDEND;INF200K01ZH8;;10.4750;N.A.;N.A.;09-Feb-2014
122992;SBI DEBT FUND SERIES - 366 DAYS - 33 - REGULAR PLAN - GROWTH;INF200K01ZG0;;10.4750;N.A.;N.A.;09-Feb-2014
123167;SBI DEBT FUND SERIES - 366 DAYS - 34 - DIRECT PLAN - DIVIDEND;INF200K015P1;;10.5003;N.A.;N.A.;09-Feb-2014
123169;SBI DEBT FUND SERIES - 366 DAYS - 34 - DIRECT PLAN - GROWTH;INF200K014P4;;10.5003;N.A.;N.A.;09-Feb-2014
123170;SBI DEBT FUND SERIES - 366 DAYS - 34 - REGULAR PLAN - DIVIDEND;INF200K013P6;;10.4925;N.A.;N.A.;09-Feb-2014
123168;SBI DEBT FUND SERIES - 366 DAYS - 34 - REGULAR PLAN - GROWTH;INF200K012P8;;10.4925;N.A.;N.A.;09-Feb-2014
123321;SBI DEBT FUND SERIES - 366 DAYS - 35 - DIRECT PLAN - DIVIDEND;INF200K017O0;;10.4949;N.A.;N.A.;09-Feb-2014
123324;SBI DEBT FUND SERIES - 366 DAYS - 35 - DIRECT PLAN - GROWTH;INF200K016O2;;10.4949;N.A.;N.A.;09-Feb-2014
123323;SBI DEBT FUND SERIES - 366 DAYS - 35 - REGULAR PLAN - DIVIDEND;INF200K015O4;;10.4877;N.A.;N.A.;09-Feb-2014
123322;SBI DEBT FUND SERIES - 366 DAYS - 35 - REGULAR PLAN - GROWTH;INF200K014O7;;10.4877;N.A.;N.A.;09-Feb-2014
123497;SBI DEBT FUND SERIES - 366 DAYS - 36 - DIRECT PLAN - DIVIDEND;INF200K019P3;;10.5146;N.A.;N.A.;09-Feb-2014
123494;SBI DEBT FUND SERIES - 366 DAYS - 36 - DIRECT PLAN - GROWTH;INF200K018P5;;10.5146;N.A.;N.A.;09-Feb-2014
123496;SBI DEBT FUND SERIES - 366 DAYS - 36 - REGULAR PLAN - DIVIDEND;INF200K017P7;;10.5078;N.A.;N.A.;09-Feb-2014
123495;SBI DEBT FUND SERIES - 366 DAYS - 36 - REGULAR PLAN - GROWTH;INF200K016P9;;10.5078;N.A.;N.A.;09-Feb-2014
123728;SBI DEBT FUND SERIES - 366 DAYS - 37 - DIRECT PLAN - DIVIDEND;INF200K011R6;;10.5029;N.A.;N.A.;09-Feb-2014
123729;SBI DEBT FUND SERIES - 366 DAYS - 37 - DIRECT PLAN - GROWTH;INF200K010R8;;10.5029;N.A.;N.A.;09-Feb-2014
123731;SBI DEBT FUND SERIES - 366 DAYS - 37 - REGULAR PLAN - DIVIDEND;INF200K019Q1;;10.4971;N.A.;N.A.;09-Feb-2014
123730;SBI DEBT FUND SERIES - 366 DAYS - 37 - REGULAR PLAN - GROWTH;INF200K018Q3;;10.4971;N.A.;N.A.;09-Feb-2014
123996;SBI DEBT FUND SERIES - 366 DAYS - 38 - DIRECT PLAN - DIVIDEND;INF200K015R7;;10.5059;N.A.;N.A.;09-Feb-2014
123997;SBI DEBT FUND SERIES - 366 DAYS - 38 - DIRECT PLAN - GROWTH;INF200K014R0;;10.5059;N.A.;N.A.;09-Feb-2014
123998;SBI DEBT FUND SERIES - 366 DAYS - 38 - REGULAR PLAN - DIVIDEND;INF200K013R2;;10.5003;N.A.;N.A.;09-Feb-2014
123999;SBI DEBT FUND SERIES - 366 DAYS - 38 - REGULAR PLAN - GROWTH;INF200K012R4;;10.5003;N.A.;N.A.;09-Feb-2014
124369;SBI DEBT FUND SERIES - 366 DAYS - 39 - DIRECT PLAN - DIVIDEND;INF200K013S0;;10.4357;N.A.;N.A.;09-Feb-2014
124370;SBI DEBT FUND SERIES - 366 DAYS - 39 - DIRECT PLAN - GROWTH;INF200K012S2;;10.4357;N.A.;N.A.;09-Feb-2014
124371;SBI DEBT FUND SERIES - 366 DAYS - 39 - REGULAR PLAN - DIVIDEND;INF200K011S4;;10.4283;N.A.;N.A.;09-Feb-2014
124372;SBI DEBT FUND SERIES - 366 DAYS - 39 - REGULAR PLAN - GROWTH;INF200K010S6;;10.4283;N.A.;N.A.;09-Feb-2014
124527;SBI DEBT FUND SERIES - 366 DAYS - 40 - DIRECT PLAN - DIVIDEND;INF200K015T3;;10.4066;N.A.;N.A.;09-Feb-2014
124525;SBI DEBT FUND SERIES - 366 DAYS - 40 - DIRECT PLAN - GROWTH;INF200K014T6;;10.4066;N.A.;N.A.;09-Feb-2014
124526;SBI DEBT FUND SERIES - 366 DAYS - 40 - REGULAR PLAN - DIVIDEND;INF200K013T8;;10.3979;N.A.;N.A.;09-Feb-2014
124528;SBI DEBT FUND SERIES - 366 DAYS - 40 - REGULAR PLAN - GROWTH;INF200K012T0;;10.3979;N.A.;N.A.;09-Feb-2014
124726;SBI DEBT FUND SERIES - 366 DAYS - 41 - DIRECT PLAN - DIVIDEND;INF200K010U2;;10.3421;N.A.;N.A.;09-Feb-2014
124728;SBI DEBT FUND SERIES - 366 DAYS - 41 - DIRECT PLAN - GROWTH;INF200K019T5;;10.3421;N.A.;N.A.;09-Feb-2014
124727;SBI DEBT FUND SERIES - 366 DAYS - 41 - REGULAR PLAN - DIVIDEND;INF200K018T7;;10.3342;N.A.;N.A.;09-Feb-2014
124729;SBI DEBT FUND SERIES - 366 DAYS - 41 - REGULAR PLAN - GROWTH;INF200K016T1;;10.3342;N.A.;N.A.;09-Feb-2014
124938;SBI DEBT FUND SERIES - 366 DAYS - 42 - DIRECT PLAN - DIVIDEND;INF200K012V6;;10.2337;N.A.;N.A.;09-Feb-2014
124940;SBI DEBT FUND SERIES - 366 DAYS - 42 - DIRECT PLAN - GROWTH;INF200K011V8;;10.2337;N.A.;N.A.;09-Feb-2014
124939;SBI DEBT FUND SERIES - 366 DAYS - 42 - REGULAR PLAN - DIVIDEND;INF200K010V0;;10.2268;N.A.;N.A.;09-Feb-2014
124941;SBI DEBT FUND SERIES - 366 DAYS - 42 - REGULAR PLAN - GROWTH;INF200K019U3;;10.2268;N.A.;N.A.;09-Feb-2014
125138;SBI DEBT FUND SERIES - 366 DAYS - 43 - DIRECT PLAN - DIVIDEND;INF200K01C35;;10.2040;N.A.;N.A.;09-Feb-2014
125139;SBI DEBT FUND SERIES - 366 DAYS - 43 - DIRECT PLAN - GROWTH;INF200K01C27;;10.2040;N.A.;N.A.;09-Feb-2014
125140;SBI DEBT FUND SERIES - 366 DAYS - 43 - REGULAR PLAN - DIVIDEND;INF200K01C19;;10.1994;N.A.;N.A.;09-Feb-2014
125141;SBI DEBT FUND SERIES - 366 DAYS - 43 - REGULAR PLAN - GROWTH;INF200K01C01;;10.1994;N.A.;N.A.;09-Feb-2014
125243;SBI DEBT FUND SERIES - 366 DAYS - 44 - DIRECT PLAN - DIVIDEND;INF200K011X4;;10.1988;N.A.;N.A.;09-Feb-2014
125244;SBI DEBT FUND SERIES - 366 DAYS - 44 - DIRECT PLAN - GROWTH;INF200K010X6;;10.1988;N.A.;N.A.;09-Feb-2014
125246;SBI DEBT FUND SERIES - 366 DAYS - 44 - REGULAR PLAN - DIVIDEND;INF200K019W9;;10.1945;N.A.;N.A.;09-Feb-2014
125245;SBI DEBT FUND SERIES - 366 DAYS - 44 - REGULAR PLAN - GROWTH;INF200K018W1;;10.1945;N.A.;N.A.;09-Feb-2014
125406;SBI DEBT FUND SERIES - 366 DAYS - 45 - DIRECT PLAN - DIVIDEND;INF200K014Y6;;10.1791;N.A.;N.A.;09-Feb-2014
125409;SBI DEBT FUND SERIES - 366 DAYS - 45 - DIRECT PLAN - GROWTH;INF200K015Y3;;10.1791;N.A.;N.A.;09-Feb-2014
125407;SBI DEBT FUND SERIES - 366 DAYS - 45 - REGULAR PLAN - DIVIDEND;INF200K016Y1;;10.1753;N.A.;N.A.;09-Feb-2014
125408;SBI DEBT FUND SERIES - 366 DAYS - 45 - REGULAR PLAN - GROWTH;INF200K017Y9;;10.1753;N.A.;N.A.;09-Feb-2014
125519;SBI DEBT FUND SERIES - 366 DAYS - 46 - DIRECT PLAN - DIVIDEND;INF200K012Z7;;10.1608;N.A.;N.A.;09-Feb-2014
125522;SBI DEBT FUND SERIES - 366 DAYS - 46 - DIRECT PLAN - GROWTH;INF200K013Z5;;10.1609;N.A.;N.A.;09-Feb-2014
125520;SBI DEBT FUND SERIES - 366 DAYS - 46 - REGULAR PLAN - DIVIDEND;INF200K014Z3;;10.1575;N.A.;N.A.;09-Feb-2014
125521;SBI DEBT FUND SERIES - 366 DAYS - 46 - REGULAR PLAN - GROWTH;INF200K015Z0;;10.1575;N.A.;N.A.;09-Feb-2014
125657;SBI DEBT FUND SERIES - 366 DAYS - 47 - DIRECT PLAN - DIVIDEND;INF200KA1077;;10.1542;N.A.;N.A.;09-Feb-2014
125658;SBI DEBT FUND SERIES - 366 DAYS - 47 - DIRECT PLAN - GROWTH;INF200KA1085;;10.1542;N.A.;N.A.;09-Feb-2014
125659;SBI DEBT FUND SERIES - 366 DAYS - 47 - REGULAR PLAN - DIVIDEND;INF200KA1093;;10.1497;N.A.;N.A.;09-Feb-2014
125660;SBI DEBT FUND SERIES - 366 DAYS - 47 - REGULAR PLAN - GROWTH;INF200KA1101;;10.1497;N.A.;N.A.;09-Feb-2014
125793;SBI DEBT FUND SERIES - 366 DAYS - 48 - DIRECT PLAN - DIVIDEND;INF200KA1192;;10.1160;N.A.;N.A.;09-Feb-2014
125794;SBI DEBT FUND SERIES - 366 DAYS - 48 - DIRECT PLAN - GROWTH;INF200KA1200;;10.1160;N.A.;N.A.;09-Feb-2014
125795;SBI DEBT FUND SERIES - 366 DAYS - 48 - REGULAR PLAN - DIVIDEND;INF200KA1218;;10.1136;N.A.;N.A.;09-Feb-2014
125796;SBI DEBT FUND SERIES - 366 DAYS - 48 - REGULAR PLAN - GROWTH;INF200KA1226;;10.1136;N.A.;N.A.;09-Feb-2014
126093;SBI DEBT FUND SERIES - 366 DAYS - 49 - DIRECT PLAN - DIVIDEND;INF200KA1275;;10.1039;N.A.;N.A.;09-Feb-2014
126094;SBI DEBT FUND SERIES - 366 DAYS - 49 - DIRECT PLAN - GROWTH;INF200KA1283;;10.1039;N.A.;N.A.;09-Feb-2014
126096;SBI DEBT FUND SERIES - 366 DAYS - 49 - REGULAR PLAN - DIVIDEND;INF200KA1291;;10.1016;N.A.;N.A.;09-Feb-2014
126095;SBI DEBT FUND SERIES - 366 DAYS - 49 - REGULAR PLAN - GROWTH;INF200KA1309;;10.1016;N.A.;N.A.;09-Feb-2014
126511;SBI DEBT FUND SERIES - 366 DAYS - 50 - DIRECT PLAN - DIVIDEND;INF200K01L59;;10.0488;N.A.;N.A.;09-Feb-2014
126512;SBI DEBT FUND SERIES - 366 DAYS - 50 - DIRECT PLAN - GROWTH;INF200K01L42;;10.0489;N.A.;N.A.;09-Feb-2014
126514;SBI DEBT FUND SERIES - 366 DAYS - 50 - REGULAR PLAN - DIVIDEND;INF200K01L34;;10.0475;N.A.;N.A.;09-Feb-2014
126513;SBI DEBT FUND SERIES - 366 DAYS - 50 - REGULAR PLAN - GROWTH;INF200K01L26;;10.0475;N.A.;N.A.;09-Feb-2014
126750;SBI DEBT FUND SERIES - 366 DAYS - 51 DIRECT PLAN - DIVIDEND;INF200KA1358;;10.0157;N.A.;N.A.;09-Feb-2014
126748;SBI DEBT FUND SERIES - 366 DAYS - 51 DIRECT PLAN - GROWTH;INF200KA1366;;10.0157;N.A.;N.A.;09-Feb-2014
126747;SBI DEBT FUND SERIES - 366 DAYS - 51 REGULAR PLAN - DIVIDEND;INF200KA1374;;10.0149;N.A.;N.A.;09-Feb-2014
126749;SBI DEBT FUND SERIES - 366 DAYS - 51 REGULAR PLAN - GROWTH;INF200KA1382;;10.0149;N.A.;N.A.;09-Feb-2014
113321;SBI Debt Fund Series - 60 Months - 1 - Dividend;INF200K01CQ8;;12.7831;N.A.;N.A.;09-Feb-2014
113401;SBI Debt Fund Series - 60 Months - 1 - Growth;INF200K01CP0;;12.7829;N.A.;N.A.;09-Feb-2014
118220;SBI DEBT FUND SERIES - 60 MONTHS - 2 - DIVIDEND;INF200K01QD6;;10.7441;N.A.;N.A.;09-Feb-2014
118221;SBI DEBT FUND SERIES - 60 MONTHS - 2 - GROWTH;INF200K01QC8;;10.7441;N.A.;N.A.;09-Feb-2014
120901;SBI DEBT FUND SERIES - 60 MONTHS - 3 - DIRECT PLAN - DIVIDEND;INF200K01QQ8;;10.6765;N.A.;N.A.;09-Feb-2014
120900;SBI DEBT FUND SERIES - 60 MONTHS - 3 - DIRECT PLAN - GROWTH;INF200K01QP0;;10.6765;N.A.;N.A.;09-Feb-2014
120899;SBI DEBT FUND SERIES - 60 MONTHS - 3 - REGULAR PLAN - DIVIDEND;INF200K01QF1;;10.6185;N.A.;N.A.;09-Feb-2014
120898;SBI DEBT FUND SERIES - 60 MONTHS - 3 - REGULAR PLAN - GROWTH;INF200K01QE4;;10.6186;N.A.;N.A.;09-Feb-2014
125789;SBI DEBT FUND SERIES - 90 DAYS - 81 - DIRECT PLAN - DIVIDEND;INF200K01F99;;10.1424;N.A.;N.A.;09-Feb-2014
125790;SBI DEBT FUND SERIES - 90 DAYS - 81 - DIRECT PLAN - GROWTH;INF200K01F81;;10.1424;N.A.;N.A.;09-Feb-2014
125791;SBI DEBT FUND SERIES - 90 DAYS - 81 - REGULAR PLAN - DIVIDEND;INF200K01F73;;10.1407;N.A.;N.A.;09-Feb-2014
125792;SBI DEBT FUND SERIES - 90 DAYS - 81 - REGULAR PLAN - GROWTH;INF200K01F65;;10.1407;N.A.;N.A.;09-Feb-2014
125968;SBI DEBT FUND SERIES - 90 DAYS - 82 - DIRECT PLAN - DIVIDEND;INF200K01G31;;10.1283;N.A.;N.A.;09-Feb-2014
125965;SBI DEBT FUND SERIES - 90 DAYS - 82 - DIRECT PLAN - GROWTH;INF200K01G23;;10.1283;N.A.;N.A.;09-Feb-2014
125966;SBI DEBT FUND SERIES - 90 DAYS - 82 - REGULAR PLAN - DIVIDEND;INF200K01G15;;10.1276;N.A.;N.A.;09-Feb-2014
125967;SBI DEBT FUND SERIES - 90 DAYS - 82 - REGULAR PLAN - GROWTH;INF200K01G07;;10.1276;N.A.;N.A.;09-Feb-2014
126581;SBI DEBT FUND SERIES A - 1 DIRECT - GROWTH;INF200KA1AY0;;10.0381;N.A.;N.A.;09-Feb-2014
126582;SBI DEBT FUND SERIES A - 1 DIRECT PLAN - DIVIDEND;INF200KA1AZ7;;10.0381;N.A.;N.A.;09-Feb-2014
126580;SBI DEBT FUND SERIES A - 1 REGULAR PLAN - GROWTH;INF200KA1AW4;;10.0351;N.A.;N.A.;09-Feb-2014
126583;SBI DEBT FUND SERIES A - 1 REGULAR PLAN DIVIDEND;INF200KA1AX2;;10.0351;N.A.;N.A.;09-Feb-2014
126466;SBI Dual Advantage Fund Series - I - Direct Plan - Dividend;INF200K01X55;;9.9783;N.A.;N.A.;09-Feb-2014
126465;SBI Dual Advantage Fund Series - I - Direct Plan - Growth;INF200K01X48;;9.9783;N.A.;N.A.;09-Feb-2014
126464;SBI Dual Advantage Fund Series - I - Regular Plan - Dividend;INF200K01X30;;9.9783;N.A.;N.A.;09-Feb-2014
126463;SBI Dual Advantage Fund Series - I - Regular Plan - Growth;INF200K01X22;;9.9783;N.A.;N.A.;09-Feb-2014
