Scheme Code;Scheme Name;ISIN Div Payout/ISIN Growth;ISIN Div Reinvestment;Net Asset Value;Repurchase Price;Sale Price;Date

Open Ended Schemes ( Income )


L&T Mutual Fund
112514;L&T Short Term Floating Rate Fund-Cumulative;;;13.6579;13.6579;13.6579;19-Sep-2010
112511;L&T Short Term Floating Rate Fund-Dividend-Daily;;;10.3650;10.3650;10.3650;19-Sep-2010
112513;L&T Short Term Floating Rate Fund-Dividend-Monthly;;;10.4463;10.4463;10.4463;19-Sep-2010
112512;L&T Short Term Floating Rate Fund-Dividend-Weekly;;;11.1063;11.1063;11.1063;19-Sep-2010

Open Ended Schemes ( Liquid )


Deutsche Mutual Fund
105672;DWS INSTA CASH PLUS FUND - Regular Plan BONUS OPTION;INF223J01BH3;;11.7149;11.7149;11.7149;19-Sep-2010
106471;DWS Insta Cash Plus Fund -Growth;INF223J01BP6;;12.2427;12.2427;12.2427;19-Sep-2010
106467;DWS Insta Cash Plus Fund-Daily Dividend;;INF223J01BO9;10.0304;10.0304;10.0304;19-Sep-2010
101718;DWS Insta Cash Plus Fund-DIVIDEND-Daily Dividend;;INF223J01BI1;10.3010;10.3010;10.3010;19-Sep-2010
101717;DWS Insta Cash Plus Fund-DIVIDEND-MONTHLY DIVIDEND;INF223J01BK7;INF223J01BL5;11.1006;11.1006;11.1006;19-Sep-2010
101716;DWS Insta Cash Plus Fund-DIVIDEND-WEEKLY DIVIDEND;INF223J01BM3;INF223J01BN1;10.3552;10.3552;10.3552;19-Sep-2010
101719;DWS Insta Cash Plus Fund-Growth-GROWTH;INF223J01BJ9;;15.7820;15.7820;15.7820;19-Sep-2010
101722;DWS Insta Cash Plus Fund-Institutional Plan-Daily Dividend;;INF223J01BA8;10.0516;10.0516;10.0516;19-Sep-2010
101720;DWS Insta Cash Plus Fund-Institutional Plan-Dividend;INF223J01BE0;INF223J01BD2;10.0711;10.0711;10.0711;19-Sep-2010
101721;DWS Insta Cash Plus Fund-Institutional Plan-Growth;INF223J01BB6;;14.8419;14.8419;14.8419;19-Sep-2010
101723;DWS Insta Cash Plus Fund-Institutional Plan-Weekly Dividend;INF223J01BF7;INF223J01BG5;10.0809;10.0809;10.0809;19-Sep-2010

Edelweiss Mutual Fund
109934;Edelweiss Liquid Fund - Retail Plan - Daily Dividend Option;;INF754K01AS4;10.0000;10.0000;10.0000;19-Sep-2010
109940;Edelweiss Liquid Fund - Retail Plan - Growth Option;INF754K01AO3;;11.0029;11.0029;11.0029;19-Sep-2010
109939;Edelweiss Liquid Fund - Retail Plan - Monthly Dividend Option;INF754K01AP0;INF754K01AR6;10.0235;10.0235;10.0235;19-Sep-2010

Fidelity Mutual Fund
104498;Fidelity Cash Fund - Institutional Plan - Daily Dividend Option;;INF677K01AQ1;10.0025;10.0025;10.0025;19-Sep-2010
104497;Fidelity Cash Fund - Institutional Plan - Growth Option;;;12.7806;12.7806;12.7806;19-Sep-2010
104548;Fidelity Cash Fund - Institutional Plan - Monthly Dividend Option;INF677K01AS7;INF677K01AT5;10.0000;10.0000;10.0000;19-Sep-2010
104546;Fidelity Cash Fund - Institutional Plan - Weekly Dividend Option;;INF677K01AR9;10.1839;10.1839;10.1839;19-Sep-2010
104495;Fidelity Cash Fund - Retail Plan - Daily Dividend option;;INF677K01AL2;10.0025;10.0025;10.0025;19-Sep-2010
104493;Fidelity Cash Fund - Retail Plan - Growth option;;;12.5889;12.5889;12.5889;19-Sep-2010
104547;Fidelity Cash Fund - Retail Plan - Monthly Dividend Option;;;10.0389;10.0389;10.0389;19-Sep-2010
104549;Fidelity Cash Fund - Retail Plan - Weekly Dividend Option;;INF677K01AM0;10.0101;10.0101;10.0101;19-Sep-2010
104494;Fidelity Cash Fund - Super Institutional Plan - Daily Dividend Option;;INF677K01AV1;10.2330;10.2330;10.2330;19-Sep-2010
104496;Fidelity Cash Fund - Super Institutional Plan - Growth Option;INF677K01AU3;;12.8425;12.8425;12.8425;19-Sep-2010
104551;Fidelity Cash Fund - Super Institutional Plan - Monthly Dividend Option;INF677K01AX7;INF677K01AY5;10.0000;10.0000;10.0000;19-Sep-2010
104550;Fidelity Cash Fund - Super Institutional Plan - Weekly Dividend Option;;INF677K01AW9;10.0000;10.0000;10.0000;19-Sep-2010

Fortis Mutual Fund
110922;Fortis Overnight Fund-Institutional Plan-Daily Dividend Option;;;10.0030;10.0030;10.0030;19-Sep-2010
110915;Fortis Overnight Fund-Institutional Plan-Growth Option;;;14.4659;14.4659;14.4659;19-Sep-2010
110919;Fortis Overnight Fund-Institutional Plan-Monthly Dividend Payout Option;;;10.0314;10.0314;10.0314;19-Sep-2010
110923;Fortis Overnight Fund-Institutional Plan-Weekly Dividend Option;;;10.0051;10.0051;10.0051;19-Sep-2010
110914;Fortis Overnight Fund-Institutional Plus Plan-Daily Dividend Option;;;0.0000;0.0000;0.0000;19-Sep-2010
110920;Fortis Overnight Fund-Institutional Plus Plan-Growth Option;;;0.0000;0.0000;0.0000;19-Sep-2010
110916;Fortis Overnight Fund-Institutional Plus Plan-Monthly Dividend Option;;;0.0000;0.0000;0.0000;19-Sep-2010
110917;Fortis Overnight Fund-Institutional Plus Plan-Weekly Dividend Option;;;0.0000;0.0000;0.0000;19-Sep-2010
110921;Fortis Overnight Fund-Regular Plan-Growth Option;;;14.1277;14.1277;14.1277;19-Sep-2010
110913;Fortis Overnight Fund-Regular Plan-Monthly Dividend Payout Option;;;10.0292;10.0292;10.0292;19-Sep-2010
110918;Fortis Overnight Fund-Regular Plan-Weekly Dividend Option;;;10.0047;10.0047;10.0047;19-Sep-2010

ING Mutual Fund
100198;ING Liquid Fund-Institutional Daily Dividend Option;INF084M01473;;10.0121;10.0121;10.0121;19-Sep-2010
100196;ING Liquid Fund-Institutional Growth Option;INF084M01465;;14.7818;14.7818;14.7818;19-Sep-2010
100197;ING Liquid Fund-Institutional Weekly Dividend Option;INF084M01499;INF084M01481;10.0637;10.0637;10.0637;19-Sep-2010
100192;ING Liquid Fund-Regular Daily Dividend Option;INF084M01432;;10.7873;10.7873;10.7873;19-Sep-2010
100190;ING Liquid Fund-Regular Growth Option;INF084M01424;;19.7117;19.7117;19.7117;19-Sep-2010
100191;ING Liquid Fund-Regular Weekly Dividend Option;INF084M01457;INF084M01440;10.8347;10.8347;10.8347;19-Sep-2010
100200;ING Liquid Fund-Super Institutional Daily Dividend Option;INF084M01515;;10.0048;10.0048;10.0048;19-Sep-2010
100199;ING Liquid Fund-Super Institutional Growth Option;INF084M01507;;14.0665;14.0665;14.0665;19-Sep-2010
100201;ING Liquid Fund-Super Institutional Weekly Dividend Option;INF084M01531;INF084M01523;10.0000;10.0000;10.0000;19-Sep-2010

Invesco Mutual Fund
106502;Religare Invesco Overnight Fund - Daily Dividend Reinvestment;;INF205K01HS2;10.0000;10.0000;10.0000;19-Sep-2010
106501;Religare Invesco Overnight Fund - Growth;INF205K01HR4;;11.3464;11.3464;11.3464;19-Sep-2010

JM Financial Mutual Fund
101420;JM Floater Short Term Fund - Daily Dividend Option;;INF192K01767;10.0883;10.0883;10.0883;19-Sep-2010
101421;JM Floater Short Term Fund - Growth Option;INF192K01775;;15.1592;15.1592;15.1592;19-Sep-2010

JPMorgan Mutual Fund
106562;JPMorgan India Liquid Fund - Retail Plan - Daily Dividend Option;;INF843K01203;10.0150;10.0150;10.0150;19-Sep-2010
106561;JPMorgan India Liquid Fund - Retail Plan - Growth Option;INF843K01195;;11.2224;11.2224;11.2224;19-Sep-2010
109179;JPMorgan India Liquid Fund - Retail Plan - Monthly Dividend Option;;INF843K01237;10.0539;10.0539;10.0539;19-Sep-2010
109177;JPMorgan India Liquid Fund - Retail Plan - Weekly Dividend Option;;INF843K01211;10.0233;10.0233;10.0233;19-Sep-2010
110149;JPMorgan India Liquid Fund - Super Institutional Plan - Daily Dividend Option;;INF843K01153;10.0079;10.0079;10.0079;19-Sep-2010
110150;JPMorgan India Liquid Fund - Super Institutional Plan - Growth Option;INF843K01146;;12.2134;12.2134;12.2134;19-Sep-2010
110151;JPMorgan India Liquid Fund - Super Institutional Plan - Monthly Dividend Option;INF843K01500;INF843K01187;10.0730;10.0730;10.0730;19-Sep-2010
110153;JPMorgan India Liquid Fund - Super Institutional Plan - Weekly Dividend Option;INF843K01484;INF843K01161;10.0074;10.0074;10.0074;19-Sep-2010

L&T Mutual Fund
112468;L&T Liquid Fund - Regular Weekly Dividend;;INF917K01BE5;11.9955;11.9955;11.9955;19-Sep-2010

Mirae Asset Mutual Fund
107660;Mirae Asset Liquid Fund- Regular Plan - Bonus;INF769K01580;;1020.2176;1020.2176;1020.2176;19-Sep-2010
107646;Mirae Asset Liquid Fund- Regular Plan - Daily Dividend;;INF769K01606;962.7863;962.7863;962.7863;19-Sep-2010
107648;Mirae Asset Liquid Fund- Regular Plan - Growth;INF769K01572;;1011.2621;1011.2621;1011.2621;19-Sep-2010
107649;Mirae Asset Liquid Fund- Regular Plan - Monthly Dividend;INF769K01630;INF769K01622;966.3265;966.3265;966.3265;19-Sep-2010
107647;Mirae Asset Liquid Fund- Regular Plan - Weekly Dividend;;INF769K01614;964.1667;964.1667;964.1667;19-Sep-2010

PGIM India Mutual Fund
113184;DHFL Pramerica Liquid Fund - Dividend Option - Daily;;INF663L01088;10.0001;10.0001;10.0001;19-Sep-2010
113187;DHFL Pramerica Liquid Fund - Dividend Option - Fortnightly;INF663L01120;INF663L01104;10.0090;10.0090;10.0090;19-Sep-2010
113186;DHFL Pramerica Liquid Fund - Dividend Option - Monthly;INF663L01138;INF663L01112;10.0398;10.0398;10.0398;19-Sep-2010
113183;DHFL Pramerica Liquid Fund - Growth Option;INF663L01070;;10.0398;10.0398;10.0398;19-Sep-2010
113185;DHFL Pramerica Liquid Fund -Dividend Option- Weekly;;INF663L01096;10.0088;10.0088;10.0088;19-Sep-2010

PineBridge Mutual Fund
106513;PineBridge India Liquid Fund- Standard Plan-Daily Dividend Option;;INF178L01699;1001.0000;1001.0000;1001.0000;19-Sep-2010
106508;PineBridge India Liquid Fund- Standard Plan-Growth Option;INF178L01715;;1211.4474;1211.4474;1211.4474;19-Sep-2010
106509;PineBridge India Liquid Fund- Standard Plan-Weekly Dividend Option;;INF178L01764;1001.9135;1001.9135;1001.9135;19-Sep-2010
106506;PineBridge India Liquid Fund-Institutional Plan-Daily Dividend Option;;INF178L01616;1001.0000;1001.0000;1001.0000;19-Sep-2010
106511;PineBridge India Liquid Fund-Institutional Plan-Growth Option;INF178L01632;;1207.8233;1207.8233;1207.8233;19-Sep-2010
106507;PineBridge India Liquid Fund-Institutional Plan-Weekly Dividend Option;;INF178L01681;1001.8972;1001.8972;1001.8972;19-Sep-2010
106503;PineBridge India Liquid Fund-Retail Plan-DailyDividend Option;;INF178L01533;1001.0000;1001.0000;1001.0000;19-Sep-2010
106514;PineBridge India Liquid Fund-Retail Plan-Growth Option;INF178L01558;;1196.7838;1196.7838;1196.7838;19-Sep-2010
106504;PineBridge India Liquid Fund-Retail Plan-Monthly Dividend Option;INF178L01566;INF178L01574;1004.3044;1004.3044;1004.3044;19-Sep-2010
106516;PineBridge India Liquid Fund-Retail Plan-Quarterly Dividend Option;INF178L01582;INF178L01590;1012.7077;1012.7077;1012.7077;19-Sep-2010
106510;PineBridge India Liquid Fund-Retail Plan-Weekly Dividend Option;;INF178L01608;1001.8478;1001.8478;1001.8478;19-Sep-2010

Sahara Mutual Fund
101397;Sahara Liquid Fund-Fixed Pricing -  Weekly Dividend Option;;INF515L01064;1026.5996;1026.5996;1026.5996;19-Sep-2010
101393;Sahara Liquid Fund-Fixed Pricing - Daily Dividend Option;;INF515L01049;1024.9045;1024.9045;1024.9045;19-Sep-2010
101394;Sahara Liquid Fund-Fixed Pricing - Growth option;INF515L01056;;1707.9511;1707.9511;1707.9511;19-Sep-2010
101398;Sahara Liquid Fund-Fixed Pricing - Monthly Dividend Option;;INF515L01072;1028.1912;1028.1912;1028.1912;19-Sep-2010
101399;Sahara Liquid Fund-Variable Pricing - Daily Dividend option;;INF515L01080;1024.9262;1024.9262;1024.9262;19-Sep-2010
101402;Sahara Liquid Fund-Variable Pricing - Growth option;INF515L01114;;1721.3691;1721.3691;1721.3691;19-Sep-2010
101400;Sahara Liquid Fund-Variable Pricing - Weekly Dividend Option;;INF515L01098;1025.1048;1025.1048;1025.1048;19-Sep-2010
101401;Sahara Liquid Fund-Variable Pricing- Monthly Dividend Option;;INF515L01106;1028.5123;1028.5123;1028.5123;19-Sep-2010

Shinsei Mutual Fund
112049;Shinsei Liquid Fund - Institutional - Daily Dividend;;;1000.5197;1000.5197;1000.5197;19-Sep-2010
112041;Shinsei Liquid Fund - Institutional - Growth;;;1056.5760;1056.5760;1056.5760;19-Sep-2010
112052;Shinsei Liquid Fund - Retail - Daily Dividend;;;1000.5200;1000.5200;1000.5200;19-Sep-2010
112040;Shinsei Liquid Fund - Retail - Growth;;;1055.3319;1055.3319;1055.3319;19-Sep-2010
112051;Shinsei Liquid Fund - Retail - Weekly Dividend;;;1001.5356;1001.5356;1001.5356;19-Sep-2010

Tata Mutual Fund
101987;Tata Liquid Fund Reglar Plan - Monthly Dividend;INF277K01LR5;INF277K01LS3;1006.4667;1006.4667;1006.4667;19-Sep-2010
101861;Tata Liquid Fund-Regular Plan  - Weekly Dividend;INF277K016C5;;1151.4686;1151.4686;1151.4686;19-Sep-2010
101984;Tata Liquid High Investment Plan - Daily;;;1114.3379;1114.3379;1114.3379;19-Sep-2010
101860;Tata Liquid High Investment Plan - Growth;INF277K01LN4;;1562.6701;1562.6701;1562.6701;19-Sep-2010
101985;Tata Liquid High Investment Plan - Monthly;INF277K01LO2;INF277K01LP9;1022.3582;1022.3582;1022.3582;19-Sep-2010
101859;Tata Liquid High Investment Plan - Weekly;;;1147.4228;1147.4228;1147.4228;19-Sep-2010
101982;Tata Liquid Retail Investment PLan - Daily;;;1116.8143;1116.8143;1116.8143;19-Sep-2010
101983;Tata Liquid Retail Investment Plan - Fortnightly;;;1145.6899;1145.6899;1145.6899;19-Sep-2010
101858;Tata Liquid Retail Investment Plan - Growth;INF277K01LM6;;2160.3940;2160.3940;2160.3940;19-Sep-2010
103631;Tata Liquidity Management Fund - Regular Plan - Daily Dividend;;;1002.6089;1002.6089;1002.6089;19-Sep-2010
103632;Tata Liquidity Management Fund - Regular Plan - Growth;INF277K01LW5;;1283.7725;1283.7725;1283.7725;19-Sep-2010
103519;Tata Liquidity Management Fund - Regular Plan  -Weekly Dividend;;;1006.2629;1006.2629;1006.2629;19-Sep-2010

Open Ended Schemes ( Money Market )


Franklin Templeton Mutual Fund
100561;Templeton India Money Market Account - Bonus Plan;;;1.0000;1.0000;1.0000;19-Sep-2010
104554;Templeton India Money Market Account - Dividend Plan;;;1.0000;1.0000;1.0000;19-Sep-2010

Tata Mutual Fund
102152;Tata Money Market Fund Regular (Bonus / Dividend);;;10.1564;10.1564;10.1564;19-Sep-2010
102153;Tata Money Market Fund Regular (Growth);INF277K01LY1;;15.0776;15.0776;15.0776;19-Sep-2010

Open Ended Schemes ( Floating Rate )


HSBC Mutual Fund
102836;HSBC Floating Rate Fund - Short Term - Inst. - Dividend - Daily;;;10.3318;10.3318;10.3318;19-Sep-2010
102838;HSBC Floating Rate Fund - Short Term - Inst. - Dividend - Monthly;;;10.2771;10.2771;10.2771;19-Sep-2010
102837;HSBC Floating Rate Fund - Short Term - Inst. - Dividend - Weekly;;;0.0000;0.0000;0.0000;19-Sep-2010
102835;HSBC Floating Rate Fund - Short Term - Inst. - Growth;;;14.0807;14.0807;14.0807;19-Sep-2010
102840;HSBC Floating Rate Fund - Short Term - Inst. Plus - Dividend - Daily;;;0.0000;0.0000;0.0000;19-Sep-2010
102842;HSBC Floating Rate Fund - Short Term - Inst. Plus - Dividend - Monthly;;;0.0000;0.0000;0.0000;19-Sep-2010
102841;HSBC Floating Rate Fund - Short Term - Inst. Plus - Dividend - Weekly;;;0.0000;0.0000;0.0000;19-Sep-2010
102839;HSBC Floating Rate Fund - Short Term - Inst. Plus - Growth;;;11.9656;11.9656;11.9656;19-Sep-2010
102833;HSBC Floating Rate Fund - Short Term - Regular - Dividend - Daily;;;10.0000;10.0000;10.0000;19-Sep-2010
102834;HSBC Floating Rate Fund - Short Term - Regular - Dividend - Weekly;;;10.0184;10.0184;10.0184;19-Sep-2010
102832;HSBC Floating Rate Fund - Short Term - Regular - Growth;;;13.9266;13.9266;13.9266;19-Sep-2010

Open Ended Schemes ( Debt Scheme - Overnight Fund )


HDFC Mutual Fund
101996;HDFC Overnight Fund - Growth Option;INF179KB1HS3;;15.5941;15.5941;15.5941;19-Sep-2010
101997;HDFC Overnight Fund - IDCW Option (Daily);;INF179KB1IF8;10.4266;10.4266;10.4266;19-Sep-2010

SBI Mutual Fund
101206;SBI OVERNIGHT FUND - REGULAR PLAN - GROWTH;INF200K01LQ9;;16.2570;16.2570;16.2570;19-Sep-2010
103140;SBI Overnight Fund - Regular Plan - Weekly Income Distribution cum Capital Withdrawal Option (IDCW);INF200K01LO4;INF200K01LP1;10.3136;10.3136;10.3136;19-Sep-2010

Open Ended Schemes ( Debt Scheme - Liquid Fund )


Aditya Birla Sun Life Mutual Fund
100049;Aditya Birla Sun Life Cash Plus-Institutional - Fortnightly Dividend;;;10.8307;10.8307;10.8307;19-Sep-2010
100052;Aditya Birla Sun Life Cash Plus-Institutional Premium - Fortnightly Dividend;;;10.0000;10.0000;10.0000;19-Sep-2010
100053;Aditya Birla Sun Life Cash Plus-Institutional Premium Plan-Monthly Dividend;;;10.0000;10.0000;10.0000;19-Sep-2010
100047;Aditya Birla Sun Life Liquid Fund - Growth;INF209K01RU9;;15.0886;15.0886;15.0886;19-Sep-2010
100046;Aditya Birla Sun Life Liquid Fund -Daily IDCW;INF209K01KQ2;INF209K01SQ5;10.0195;10.0195;10.0195;19-Sep-2010
100041;Aditya Birla Sun Life Liquid Fund -Institutional - IDCW;;INF209K01KN9;10.8023;10.8023;10.8023;19-Sep-2010
100048;Aditya Birla Sun Life Liquid Fund -Institutional - weekly  IDCW;INF209KA1LK7;INF209K01KY6;10.8101;10.8101;10.8101;19-Sep-2010
100044;Aditya Birla Sun Life Liquid Fund -Retail - IDCW;;INF209K01KP4;16.3694;16.3694;16.3694;19-Sep-2010
100051;Aditya Birla Sun Life Liquid Fund -weekly IDCW;INF209K01KU4;INF209KA1LJ9;10.0257;10.0257;10.0257;19-Sep-2010
112014;Aditya Birla Sun Life Liquid Fund- Discipline Advantage Plan;INF209K01KZ3;;10.4883;10.4883;10.4883;19-Sep-2010
100043;Aditya Birla Sun Life Liquid Fund-Institutional (Growth);INF209K01RT1;;25.3997;25.3997;25.3997;19-Sep-2010
100042;Aditya Birla Sun Life Liquid Fund-Retail (Growth);INF209K01ME4;;24.9767;24.9767;24.9767;19-Sep-2010

Axis Mutual Fund
112211;Axis Liquid Fund - Regular Plan - Daily IDCW;;INF846K01420;1000.0164;1000.0164;1000.0164;19-Sep-2010
112210;Axis Liquid Fund - Regular Plan - Growth Option;INF846K01412;;1044.2474;1044.2474;1044.2474;19-Sep-2010
112213;Axis Liquid Fund - Regular Plan - Monthly IDCW;INF846K01453;INF846K01461;1003.8245;1003.8245;1003.8245;19-Sep-2010
112212;Axis Liquid Fund - Regular Plan - Weekly IDCW;INF846K01438;INF846K01446;1003.0166;1003.0166;1003.0166;19-Sep-2010
112712;Axis Liquid Fund - Retail Plan - Daily IDCW;;INF846K01362;1000.0232;1000.0232;1000.0232;19-Sep-2010
112713;Axis Liquid Fund - Retail Plan - Growth Option;INF846K01354;;1026.9481;1026.9481;1026.9481;19-Sep-2010
112714;Axis Liquid Fund - Retail Plan - Monthly IDCW;INF846K01396;INF846K01404;1003.6325;1003.6325;1003.6325;19-Sep-2010
112715;Axis Liquid Fund - Retail Plan - Weekly IDCW;INF846K01370;INF846K01388;1000.9731;1000.9731;1000.9731;19-Sep-2010

Bandhan Mutual Fund
108692;BANDHAN LIQUID Fund - Regular Plan - Daily IDCW;INF194K01VZ4;INF194K01VY7;10.0025;10.0025;10.0025;19-Sep-2010
108690;BANDHAN LIQUID Fund - Regular Plan - Growth;INF194K01VX9;;11.4678;11.4678;11.4678;19-Sep-2010
108691;BANDHAN LIQUID Fund - Regular Plan - Weekly IDCW;INF194K01WI8;INF194K01WH0;10.0033;10.0033;10.0033;19-Sep-2010
108779;BANDHAN Liquid Fund-Plan A-Dividend (Daily);INF194K01VC3;INF194K01VB5;10.5819;10.5819;10.5819;19-Sep-2010
108778;BANDHAN Liquid Fund-Plan A-Growth;INF194K01UX1;;16.7837;16.7837;16.7837;19-Sep-2010
108607;BANDHAN Liquid Fund - Plan A-Dividend (Weekly);INF194K01VI0;INF194K01VH2;10.0131;10.0131;10.0131;19-Sep-2010
108781;BANDHAN Liquid Fund - Plan B (G) (Institutional Plan);INF194K01VK6;;16.9152;16.9152;16.9152;19-Sep-2010
108681;BANDHAN Liquid Fund - Plan B-Daily-Dividend(Institutional Plan);INF194K01VM2;INF194K01VL4;10.5873;10.5873;10.5873;19-Sep-2010

Bank of India Mutual Fund
109257;BANK OF INDIA Liquid Fund- Institutional Plan- Daily Dividend;;;1000.0000;1000.0000;1000.0000;19-Sep-2010
109256;BANK OF INDIA Liquid Fund- Institutional Plan-Growth;INF761K01314;;1126.7804;1126.7804;1126.7804;19-Sep-2010
111971;BANK OF INDIA Liquid Fund- Regular Plan- Daily IDCW;;INF761K01CO4;1000.0000;1000.0000;1000.0000;19-Sep-2010
109254;BANK OF INDIA Liquid Fund- Regular Plan- Growth;INF761K01306;;1114.8494;1114.8494;1114.8494;19-Sep-2010
109255;BANK OF INDIA Liquid Fund- Regular Plan- Weekly IDCW;;INF761K01CP1;1000.8390;1000.8390;1000.8390;19-Sep-2010
109263;BANK OF INDIA Liquid Fund- Super Institutional Plan-Daily Dividend;;;1000.0000;1000.0000;1000.0000;19-Sep-2010
109258;BANK OF INDIA Liquid Fund- Super Institutional Plan-Growth;INF761K01322;;1130.4420;1130.4420;1130.4420;19-Sep-2010
109262;BANK OF INDIA Liquid Fund-Institutional Plan-Weekly Dividend;;;1000.9125;1000.9125;1000.9125;19-Sep-2010

Baroda BNP Paribas Mutual Fund
111707;Baroda BNP Paribas LIQUID FUND - Regular Plan - DAILY IDCW OPTION;INF955L01468;INF955L01476;10.0063;10.0063;10.0063;19-Sep-2010
111704;Baroda BNP Paribas LIQUID FUND - Regular Plan - GROWTH OPTION;INF955L01484;;10.8002;10.8002;10.8002;19-Sep-2010
101408;Baroda BNP Paribas LIQUID FUND- Defunct Plan -Growth Option;INF955L01575;;16.3689;16.3689;16.3689;19-Sep-2010
101407;Baroda BNP Paribas LIQUID FUND-Defunct Plan- IDCW Option;INF955L01559;INF955L01567;14.0249;14.0249;14.0249;19-Sep-2010
101409;Baroda BNP Paribas LIQUID FUND-Defunct Plan-Daily IDCW Option;INF955L01518;INF955L01526;10.0606;10.0606;10.0606;19-Sep-2010

Canara Robeco Mutual Fund
109349;CANARA ROBECO LIQUID FUND - REGULAR PLAN - DAILY IDCW (Reinvestment);;INF760K01CU3;10.0550;10.0550;10.0550;19-Sep-2010
109353;CANARA ROBECO LIQUID FUND - REGULAR PLAN - GROWTH OPTION;INF760K01CW9;;11.4631;11.4631;11.4631;19-Sep-2010
109350;CANARA ROBECO LIQUID FUND - REGULAR PLAN - WEEKLY IDCW (Payout/Reinvestment);INF760K01BZ4;INF760K01CZ2;10.0615;10.0615;10.0615;19-Sep-2010
101363;Canara Robeco Liquid Fund- INSTITUTIONAL-Daily Dividend Reinvestment;;INF760K01CC1;10.0550;10.0550;10.0550;19-Sep-2010
101362;Canara Robeco Liquid Fund- INSTITUTIONAL-Growth;INF760K01CD9;;17.1298;17.1298;17.1298;19-Sep-2010
101361;Canara Robeco Liquid Fund- INSTITUTIONAL-Weekly dividend;;INF760K01CE7;10.0550;10.0550;10.0550;19-Sep-2010
109357;Canara Robeco Liquid Fund-Institutional-Fortnightly Div Reinvest;;INF760K01860;10.0550;10.0550;10.0550;19-Sep-2010
109355;Canara Robeco Liquid Fund-Regular Plan-Fortnightly Div Reinvest.;;INF760K01951;10.0550;10.0550;10.0550;19-Sep-2010
101364;Canara Robeco Liquid Fund-Retail-DRI;;INF760K01CF4;10.0700;10.0700;10.0700;19-Sep-2010
109346;Canara Robeco Liquid Fund-Retail-Fortnightly Div Reinvest;;INF760K01CG2;10.0608;10.0608;10.0608;19-Sep-2010
101365;Canara Robeco Liquid Fund-Retail-Growth;INF760K01CH0;;17.0886;17.0886;17.0886;19-Sep-2010
109347;Canara Robeco Liquid Fund-Retail-Monthly Div Reinvest;;INF760K01CI8;10.0888;10.0888;10.0888;19-Sep-2010
109356;Canara Robeco Liquid Fund-Retail-Weekly Div Reinvest;;INF760K01CJ6;10.0608;10.0608;10.0608;19-Sep-2010

DSP Mutual Fund
103347;DSP Liquidity Fund - Regular Plan - Growth;INF740K01FK9;;1349.3041;1349.3041;1349.3041;19-Sep-2010
103348;DSP Liquidity Fund - Regular Plan - IDCW - Weekly;INF740K01FM5;INF740K01FL7;1000.7094;1000.7094;1000.7094;19-Sep-2010
103349;DSP Liquidity Fund- Regular Plan - IDCW - Daily;;INF740KA1OE0;1000.3161;1000.3161;1000.3161;19-Sep-2010
100943;DSP BlackRock Liquidity Fund - Regular Plan - Daily Dividend;;;10.0100;10.0100;10.0100;19-Sep-2010
100940;DSP BlackRock Liquidity Fund - Regular Plan - Growth;INF740K01CN0;;22.3918;22.3918;22.3918;19-Sep-2010
100941;DSP BlackRock Liquidity Fund - Regular Plan Weekly Dividend;;;12.4165;12.4165;12.4165;19-Sep-2010

Franklin Templeton Mutual Fund
100543;Franklin India Liquid Fund - Liquid Plan - Daily IDCW;;;1000.6730;1000.6730;1000.6730;19-Sep-2010
100544;Franklin India Liquid Fund - Liquid Plan - Growth;;;1412.4083;1412.4083;1412.4083;19-Sep-2010
100542;Franklin India Liquid Fund - Liquid Plan - Weekly Dividend;;;1000.5749;1000.5749;1000.5749;19-Sep-2010
100541;Franklin India Liquid Fund - Regular Plan - Daily - IDCW;;INF090I01BA3;1512.3400;1512.3400;1512.3400;19-Sep-2010
100538;Franklin India Liquid Fund - Regular Plan - Growth;INF090I01BB1;;2316.4747;2316.4747;2316.4747;19-Sep-2010
100537;Franklin India Liquid Fund - Regular Plan - Weekly - IDCW;INF090I01BL0;INF090I01BI6;1244.3238;1244.3238;1244.3238;19-Sep-2010
100547;Franklin India Liquid Fund - Super Institutional Plan - Daily - IDCW;;INF090I01BF2;1000.6730;1000.6730;1000.6730;19-Sep-2010
100546;Franklin India Liquid Fund - Super Institutional Plan - Growth;INF090I01BG0;;1400.6558;1400.6558;1400.6558;19-Sep-2010
100548;Franklin India Liquid Fund - Super Institutional Plan - Weekly - IDCW;INF090I01BM8;INF090I01BH8;1021.1243;1021.1243;1021.1243;19-Sep-2010
102441;Franklin India Liquid Fund - Institution-Growth;INF090I01BD7;;1470.2800;1470.2800;1470.2800;19-Sep-2010
102443;Franklin India Liquid Fund - Institutional Plan - Daily - IDCW;;INF090I01BC9;1000.6730;1000.6730;1000.6730;19-Sep-2010
102442;Franklin India Liquid Fund - Institutional Plan - Weekly - IDCW;INF090I01BJ4;INF090I01BE5;1054.7186;1054.7186;1054.7186;19-Sep-2010

HDFC Mutual Fund
100868;HDFC Liquid Fund - Growth Plan;INF179KB1HK0;;18.6595;18.6595;18.6595;19-Sep-2010
100875;HDFC Liquid Fund - IDCW Daily;;INF179KB1IC5;10.1982;10.1982;10.1982;19-Sep-2010
100876;HDFC Liquid Fund - IDCW Monthly;INF179KB1HM6;INF179KB1HL8;10.2929;10.2929;10.2929;19-Sep-2010
100874;HDFC Liquid Fund - IDCW Plan Weekly;INF179KB1ID3;;10.3198;10.3198;10.3198;19-Sep-2010
100877;HDFC Liquid Fund-Premium Plan - Dividend-Daily;;INF179K01KN4;12.2598;12.2598;12.2598;19-Sep-2010
100878;HDFC Liquid Fund-Premium Plan - Dividend-Weekly;INF179K01KP9;;10;10;10;19-Sep-2010
100881;HDFC Liquid Fund-Premium Plus Plan - Dividend-Weekly;INF179K01KS3;;10;10;10;19-Sep-2010
100872;HDFC Liquid Fund-PREMIUM PLUS- Growth;INF179K01KQ7;;18.9419;18.9419;18.9419;19-Sep-2010
100873;HDFC Liquid Fund-PREMIUM- Growth;INF179KB1HN4;;18.9035;18.9035;18.9035;19-Sep-2010

HSBC Mutual Fund
101700;HSBC Cash Fund - Dividend - Daily;;INF336L01321;10.0056;10.0056;10.0056;19-Sep-2010
101702;HSBC Cash Fund - Dividend - Monthly;INF336L01305;INF336L01297;10.1107;10.1107;10.1107;19-Sep-2010
101701;HSBC Cash Fund - Dividend - Weekly;;INF336L01347;10.2377;10.2377;10.2377;19-Sep-2010
101692;HSBC Cash Fund - Inst. - Dividend - Daily;;INF336L01354;10.4401;10.4401;10.4401;19-Sep-2010
101694;HSBC Cash Fund - Inst. - Dividend - Monthly;INF336L01370;INF336L01362;10.5546;10.5546;10.5546;19-Sep-2010
101693;HSBC Cash Fund - Inst. - Dividend - Weekly;;INF336L01388;10.4667;10.4667;10.4667;19-Sep-2010
101691;HSBC Cash Fund - Inst. - Growth;INF336L01289;;15.3380;15.3380;15.3380;19-Sep-2010
101697;HSBC Cash Fund - Regular - Dividend - Daily;;INF336L01263;10.1930;10.1930;10.1930;19-Sep-2010
101698;HSBC Cash Fund - Regular - Dividend - Weekly;;INF336L01313;10.0199;10.0199;10.0199;19-Sep-2010
101696;HSBC Liquid Fund - Growth closed plan;INF336L01271;;15.1804;15.1804;15.1804;19-Sep-2010
101699;HSBC Liquid Fund Closed;INF336L01339;;14.4756;14.4756;14.4756;19-Sep-2010

ICICI Prudential Mutual Fund
100357;ICICI Prudential Liquid Fund -Quarterly IDCW;INF109K01UU5;INF109K01UT7;101.2116;101.2116;101.2116;19-Sep-2010
100361;ICICI Prudential Liquid Fund-Dividend-Institutional Plus - Monthly;;INF109K01VL2;100.3024;100.3024;100.3024;19-Sep-2010
100359;ICICI Prudential Liquid Institutional Plus Fund - Div - Daily;INF109K01VJ6;;118.5150;118.5150;118.5150;19-Sep-2010
100360;ICICI Prudential Liquid Institutional Plus Fund - Div - Weekly;INF109K01VM0;;118.6655;118.6655;118.6655;19-Sep-2010
100362;ICICI Prudential Liquid Institutional Plus Fund - Growth;INF109K01VK4;;233.2411;233.2411;233.2411;19-Sep-2010
103343;ICICI Prudential Liquid Fund - Daily IDCW;INF109K01VP3;;100.0226;100.0226;100.0226;19-Sep-2010
103340;ICICI Prudential Liquid Fund - Growth;INF109K01VQ1;;139.4192;139.4192;139.4192;19-Sep-2010
104308;ICICI Prudential Liquid Fund - Half Yearly IDCW;INF109K01UX9;INF109K01UW1;102.2426;102.2426;102.2426;19-Sep-2010
103344;ICICI Prudential Liquid Fund - Institutional Option - I;INF109K01VH0;;136.1745;136.1745;136.1745;19-Sep-2010
103342;ICICI Prudential Liquid Fund - Weekly IDCW;INF109K01VS7;;100.2341;100.2341;100.2341;19-Sep-2010
103341;ICICI Prudential Liquid Fund -Monthly IDCW;INF109K01VR9;;100.3267;100.3267;100.3267;19-Sep-2010
101748;ICICI Prudential Liquid Fund - Institutional - Daily - Div;INF109K01VE7;;118.5020;118.5020;118.5020;19-Sep-2010
101749;ICICI Prudential Liquid Fund - Institutional - Monthly - Div;;INF109K01VG2;100.2759;100.2759;100.2759;19-Sep-2010
101753;ICICI Prudential Liquid Fund - Institutional - Weekly - Div;INF109K01VI8;;118.5342;118.5342;118.5342;19-Sep-2010
101754;ICICI Prudential Liquid Fund Retail Daily Dividend;INF109K01UR1;;118.5140;118.5140;118.5140;19-Sep-2010
101750;ICICI Prudential Liquid Fund Retail Growth;INF109K01UQ3;;227.3219;227.3219;227.3219;19-Sep-2010
101755;ICICI Prudential Liquid Fund Retail Monthly Dividend;INF109K01US9;;100.2990;100.2990;100.2990;19-Sep-2010
101752;ICICI Prudential Liquid Fund Retail Weekly Dividend;INF109K01UV3;;118.9002;118.9002;118.9002;19-Sep-2010
101751;ICICI Prudential Liquid Institutional Fund - Growth;INF109K01VF4;;231.7706;231.7706;231.7706;19-Sep-2010

IDBI Mutual Fund
113104;IDBI Liquid Fund- Monthly IDCW;INF397L01976;INF397L01968;10.0380;10.0380;10.0380;19-Sep-2010
113102;IDBI Liquid Fund-Daily IDCW;;INF397L01935;10.0000;10.0000;10.0000;19-Sep-2010
113096;IDBI Liquid Fund-Growth;INF397L01984;;10.1151;10.1151;10.1151;19-Sep-2010
113103;IDBI Liquid Fund-Weekly IDCW;INF397L01950;INF397L01943;10.0000;10.0000;10.0000;19-Sep-2010

Invesco Mutual Fund
104484;Invesco India Liquid Fund - Daily IDCW (Reinvestment);;INF205K01HN3;10.0078;10.0078;10.0078;19-Sep-2010
104486;Invesco India Liquid Fund - Growth;INF205K01HM5;;12.9462;12.9462;12.9462;19-Sep-2010
104488;Invesco India Liquid Fund - Regular - Growth;INF205K01HG7;;12.7611;12.7611;12.7611;19-Sep-2010
104489;Invesco India Liquid Fund - Regular - Weekly IDCW (Reinvestment);;INF205K01HH5;10.0035;10.0035;10.0035;19-Sep-2010
104485;Invesco India Liquid Fund - Weekly IDCW (Reinvestment);INF205KA1BD7;INF205K01HO1;10.0016;10.0016;10.0016;19-Sep-2010
104483;Religare Invesco Liquid Fund - Institutional - Daily Dividend;;INF205K01HJ1;10.0022;10.0022;10.0022;19-Sep-2010
104491;Religare Invesco Liquid Fund - Institutional - Growth;INF205K01HI3;;12.8856;12.8856;12.8856;19-Sep-2010
104490;Religare Invesco Liquid Fund - Institutional - Weekly Dividend;;INF205K01HK9;10.0035;10.0035;10.0035;19-Sep-2010

JM Financial Mutual Fund
100241;JM High Liquidity Fund-- Institutional Plan - Dividend;INF192K01924;INF192K01932;10.5033;10.5033;10.5033;19-Sep-2010
100237;JM High Liquidity Fund-- Institutional Plan - Growth;INF192K01940;;15.5101;15.5101;15.5101;19-Sep-2010
100238;JM High Liquidity Fund-Institutional Plan - Daily Dividend;;INF192K01916;10.0159;10.0159;10.0159;19-Sep-2010
100245;JM High Liquidity Fund-Super Institutional Plan- Daily Dividend;;INF192K01957;10.0165;10.0165;10.0165;19-Sep-2010
100246;JM High Liquidity Fund-Super Institutional Plan- Weekly  Dividend;INF192K01965;INF192K01973;10.0000;10.0000;10.0000;19-Sep-2010
100244;JM Liquid Fund (Regular) - Quarterly IDCW;INF192K01866;INF192K01874;14.5490;14.5490;14.5490;19-Sep-2010
100247;JM Liquid Fund (Regular) - Super Institutional Plan - Growth Option;INF192K01981;;14.7470;14.7470;14.7470;19-Sep-2010
100233;JM Liquid Fund (Regular) - Weekly IDCW;INF192K01841;INF192K01858;10.7479;10.7479;10.7479;19-Sep-2010
100234;JM Liquid Fund - Growth Option;INF192K01882;;25.7058;25.7058;25.7058;19-Sep-2010
101549;JM Liquid Fund (Regular) - Bonus Option - Principal Units;INF192K01890;;13.4991;13.4991;13.4991;19-Sep-2010
101078;JM Liquid Fund (Regular) - Daily IDCW;;INF192K01833;10.4302;10.4302;10.4302;19-Sep-2010

Kotak Mahindra Mutual Fund
100833;Kotak Liquid Fund - Regular  - Daily Reinvestment of Income Distribution cum capital withdrawal option;;INF174K01NL3;12.2281;12.2281;12.2281;19-Sep-2010
100835;Kotak Liquid Fund - Regular Plan - Growth;INF174K01NI9;;19.1247;19.1247;19.1247;19-Sep-2010
100831;Kotak Liquid Fund -Institutional Plan - (Daily Dividend);;INF174K01GA0;12.2281;12.2281;12.2281;19-Sep-2010
100834;Kotak Liquid Fund Regular Plan Weekly Reinvestment of Income Distribution cum capital withdrawal option Dividend;INF174K01NK5;;10.0719;10.0719;10.0719;19-Sep-2010
100830;Kotak Liquid-Institutional Plan  (Growth);INF174K01FZ9;;18.5946;18.5946;18.5946;19-Sep-2010
100832;Kotak Liquid-Institutional Plan (Weekly Dividend);;INF174K01GB8;10.0311;10.0311;10.0311;19-Sep-2010
100828;Kotak Liquid-Regular (Dividend);;INF174K01FY2;10.0306;10.0306;10.0306;19-Sep-2010
100829;Kotak Liquid-Regular (Growth);INF174K01NM1;;18.2053;18.2053;18.2053;19-Sep-2010

L&T Mutual Fund
112445;L&T Liquid Fund -Regular Plan - Daily IDCW;INF917K01JB4;;10.1163;10.1163;10.1163;19-Sep-2010
112457;L&T Liquid Fund -Regular Plan - Growth;INF917K01JH1;;12.9297;12.9297;12.9297;19-Sep-2010
112456;L&T Liquid Fund-Cum -Institutional Plus;INF917K01BJ4;;18.9779;18.9779;18.9779;19-Sep-2010
112442;L&T Liquid Fund-Regular Cumulative;INF917K01BF2;;18.7430;18.7430;18.7430;19-Sep-2010
112483;L&T Liquid Fund - Institutional Plus Weekly Dividend;INF917K01BH8;INF917K01BI6;12.7303;12.7303;12.7303;19-Sep-2010

Mirae Asset Mutual Fund
111647;Mirae Asset Liquid Fund - Regular - Daily IDCW;;INF769K01804;1029.5358;1029.5358;1029.5358;19-Sep-2010
111646;Mirae Asset Liquid Fund - Regular Plan - Growth;INF769K01788;;1049.9784;1049.9784;1049.9784;19-Sep-2010
111645;Mirae Asset Liquid Fund - Regular Plan - Monthly IDCW;INF769K01838;INF769K01820;1050.0447;1050.0447;1050.0447;19-Sep-2010
111644;Mirae Asset Liquid Fund - Regular Plan - Weekly IDCW;INF769K01PC4;INF769K01812;1048.8440;1048.8440;1048.8440;19-Sep-2010

Navi Mutual Fund
112645;Navi Liquid Fund - Regular Plan Daily IDCW;;INF959L01GM7;10.0002;10.0002;10.0002;19-Sep-2010
112646;Navi Liquid Fund - Regular Plan Weekly IDCW;INF959L01GP0;INF959L01GQ8;10.0102;10.0102;10.0102;19-Sep-2010
112637;Navi Liquid Fund-Institutional Plan-Dividend Option-Daily;;INF959L01197;10.0001;10.0001;10.0001;19-Sep-2010
112640;Navi Liquid Fund-Institutional Plan-Growth;INF959L01247;;10.2484;10.2484;10.2484;19-Sep-2010
112636;Navi Liquid Fund-Regular Plan-Growth Option;INF959L01GL9;;10.2620;10.2620;10.2620;19-Sep-2010
112641;Navi Liquid Fund-Retail Plan-Dividend Option-Daily;;INF959L01254;10.0003;10.0003;10.0003;19-Sep-2010
112644;Navi Liquid Fund-Retail Plan-Growth;INF959L01304;;10.2788;10.2788;10.2788;19-Sep-2010

Nippon India Mutual Fund
100852;NIPPON INDIA LIQUID FUND - DAILY IDCW OPTION;;INF204K01UM1;15.2874;15.2874;15.2874;19-Sep-2010
100855;NIPPON INDIA LIQUID FUND - MONTHLY IDCW OPTION;INF204K01UO7;INF204K01UP4;21.8219;21.8219;21.8219;19-Sep-2010
100837;Nippon India Liquid Fund - Retail Option - Growth Plan;INF204K01UL3;;22.5690;22.5690;22.5690;19-Sep-2010
100842;NIPPON INDIA LIQUID FUND - RETAIL Plan - DAILY IDCW OPTION;;INF204K01UJ7;15.2428;15.2428;15.2428;19-Sep-2010
100843;NIPPON INDIA LIQUID FUND - RETAIL plan - MONTHLY IDCW OPTION;INF204K01UT6;INF204K01UU4;13.3544;13.3544;13.3544;19-Sep-2010
100844;NIPPON INDIA LIQUID FUND - RETAIL Plan - QUARTERLY IDCW OPTION;INF204K01UV2;INF204K01UW0;12.2914;12.2914;12.2914;19-Sep-2010
100838;NIPPON INDIA LIQUID FUND - RETAIL Plan - WEEKLY IDCW OPTION;;INF204K01UK5;10.3451;10.3451;10.3451;19-Sep-2010
100853;NIPPON INDIA LIQUID FUND - WEEKLY IDCW OPTION;INF204KC1FM8;INF204K01US8;15.3082;15.3082;15.3082;19-Sep-2010
100851;Nippon India Liquid Fund -Growth Plan;INF204K01UN9;;22.9806;22.9806;22.9806;19-Sep-2010
100849;Reliance Liquid Fund-Cash Plan-Daily Dividend Reinvestment Option;;;11.1415;11.1415;11.1415;19-Sep-2010
100845;Reliance Liquid Fund-Cash Plan-Growth Plan;;;15.3019;15.3019;15.3019;19-Sep-2010
100848;Reliance Liquid Fund-Cash Plan-Weekly Dividend Reinvestment Option;;;10.9203;10.9203;10.9203;19-Sep-2010

Principal Mutual Fund
100895;Principal Cash Management Fund - Daily Income Distribution CUM Capital Withdrawal;;INF173K01DB7;10.0007;10.0007;10.0007;19-Sep-2010
100896;Principal Cash Management Fund - Weekly Income Distribution CUM Capital Withdrawal Option;;INF173K01DC5;10.0647;10.0647;10.0647;19-Sep-2010
100898;Principal Cash Management Fund -Growth Option;INF173K01DA9;;14.6676;14.6676;14.6676;19-Sep-2010
100892;Principal Cash Management-Liquid Option-Daily Dividend;;;10.0022;10.0022;10.0022;19-Sep-2010
100887;Principal Cash Management-Liquid Option-Dividend Plan;;;10.1244;10.1244;10.1244;19-Sep-2010
100888;Principal Cash Management-Liquid Option-Growth Plan;;;18.1615;18.1615;18.1615;19-Sep-2010
100894;Principal Cash Management-Liquid Option-Institutional - Daily Dividend Plan;;;10.0022;10.0022;10.0022;19-Sep-2010
100893;Principal Cash Management-Liquid Option-Institutional - Growth Plan;;;15.3782;15.3782;15.3782;19-Sep-2010
100891;Principal Cash Management-Liquid Option-Institutional - Monthly Dividend Plan;;;10.0404;10.0404;10.0404;19-Sep-2010
100890;Principal Cash Management-Liquid Option-Institutional - Weekly Dividend Plan;;;10.0063;10.0063;10.0063;19-Sep-2010
100889;Principal Cash Management-Liquid Option-Monthly Dividend;;;10.0384;10.0384;10.0384;19-Sep-2010

Quantum Mutual Fund
103736;Quantum Liquid Fund - Direct Plan Daily IDCW;;INF082J01135;10.0000;10.0000;10.0000;19-Sep-2010
103734;Quantum Liquid Fund - Direct Plan Growth Option;INF082J01127;;13.4307;13.4307;13.4307;19-Sep-2010
103735;Quantum Liquid Fund - Direct Plan Monthly IDCW;INF082J01143;INF082J01200;10.0412;10.0412;10.0412;19-Sep-2010

SBI Mutual Fund
105274;SBI Liquid Fund - Institutional - Growth;INF200K01LU1;;14.9851;14.9851;14.9851;19-Sep-2010
105275;SBI Liquid Fund - Institutional Daily Income Distribution cum Capital Withdrawal Option (IDCW);;INF200K01LR7;10.0325;10.0325;10.0325;19-Sep-2010
105279;SBI Liquid Fund - Institutional Fortnightly Income Distribution cum Capital Withdrawal Option (IDCW);INF200K01LS5;INF200K01LT3;10.1694;10.1694;10.1694;19-Sep-2010
105278;SBI Liquid Fund - Institutional Weekly Income Distribution cum Capital Withdrawal Option (IDCW);INF200K01LV9;INF200K01LW7;10.6053;10.6053;10.6053;19-Sep-2010
105281;SBI Liquid Fund - Regular Plan - Daily Income Distribution cum Capital Withdrawal Option (IDCW);;INF200K01LX5;10.0325;10.0325;10.0325;19-Sep-2010
105283;SBI Liquid Fund - Regular Plan - Fortnightly Income Distribution cum Capital Withdrawal Option (IDCW);INF200K01LY3;INF200K01LZ0;N.A.;N.A.;N.A.;19-Sep-2010
105282;SBI Liquid Fund - Regular Plan - Weekly Income Distribution cum Capital Withdrawal Option (IDCW);INF200K01MB9;INF200K01MC7;N.A.;N.A.;N.A.;19-Sep-2010
105280;SBI Liquid Fund - REGULAR PLAN -Growth;INF200K01MA1;;14.8242;14.8242;14.8242;19-Sep-2010

Tata Mutual Fund
102672;Tata Liquid Fund -Regular Plan - Growth Option;INF277K01YD8;;14.7953;14.7953;14.7953;19-Sep-2010
101714;Tata Liquid Fund- Regular Plan - Daily Reinvestment of IDCW Option;;INF277K011D4;10.0152;10.0152;10.0152;19-Sep-2010

Taurus Mutual Fund
111915;Taurus Liquid Fund - Regular Plan - SI Growth Option;INF044D01534;;1013.3162;1013.3162;1013.3162;19-Sep-2010
113248;Taurus Liquid Fund - Regular Plan - SI Weekly Dividend Option;;INF044D01526;1000.3964;1000.3964;1000.3964;19-Sep-2010
111703;Taurus Liquid Fund - Regular Plan -SI Daily Dividend Option;;INF044D01518;1000.0211;1000.0211;1000.0211;19-Sep-2010
111547;Taurus Liquid Fund Insti DDRIP;;INF044D01484;1000.0000;1000.0000;1000.0000;19-Sep-2010
111760;Taurus Liquid Fund Insti Growth;INF044D01500;;1034.4353;1034.4353;1034.4353;19-Sep-2010
104240;Taurus Liquid Fund-Dividend;INF044D01542;INF044D01559;1001.1983;1001.1983;1001.1983;19-Sep-2010
104241;Taurus Liquid Fund-Growth;INF044D01575;;1238.5177;1238.5177;1238.5177;19-Sep-2010

UTI Mutual Fund
102010;UTI Liquid Fund - Regular Plan - Daily IDCW (Reinvestment);;INF789F01PG3;1019.4457;1019.4457;1019.4457;19-Sep-2010
102011;UTI Liquid Fund - Regular Plan - Monthly IDCW;INF789F01PI9;INF789F01PJ7;1027.9762;1027.9762;1027.9762;19-Sep-2010
102013;UTI Liquid Fund - Regular Plan - Weekly IDCW;;INF789F01PK5;1027.6385;1027.6385;1027.6385;19-Sep-2010
102012;UTI-  Liquid Cash Plan - Regular Plan - Growth Option;INF789F01PH1;;1548.4444;1548.4444;1548.4444;19-Sep-2010
102008;UTI-  Liquid Cash Plan- Discontinued - Regular Plan - Monthly Dividend Option;INF789F01BC2;INF789F01BA6;1072.928;1072.928;1072.928;19-Sep-2010
102009;UTI-  Liquid Cash Plan- Discontinued - Regular Plan -Growth;INF789F01BB4;;1522.3985;1522.3985;1522.3985;19-Sep-2010
102007;UTI-  Liquid Cash Plan- Discontinued -Regular Plan Periodic Dividend Option;;INF789F01AZ5;1059.2262;1059.2262;1059.2262;19-Sep-2010

Open Ended Schemes ( Debt Scheme - Ultra Short Duration Fund )


Principal Mutual Fund
107325;Principal Money Manager Fund-Regular Plan-Daily Dividend Option;;;10.0247;10.0247;10.0247;19-Sep-2010
107331;Principal Money Manager Fund-Regular Plan-Growth Option;;;11.4034;11.4034;11.4034;19-Sep-2010
107326;Principal Money Manager Fund-Regular Plan-Weekly Dividend Option;;;10.1095;10.1095;10.1095;19-Sep-2010
107329;Principal Ultra Short Term Fund-Daily Income Distribution CUM Capital Withdrawal Option;;INF173K01CV7;10.0247;10.0247;10.0247;19-Sep-2010
107328;Principal Ultra Short Term Fund-Growth Option;INF173K01CU9;;10.7386;10.7386;10.7386;19-Sep-2010

SBI Mutual Fund
105080;SBI Ultra Short Duration Fund - Regular Plan - Daily Income Distribution cum Capital Withdrawal Option (IDCW);;INF200K01LK2;16.7503;16.7503;16.7503;19-Sep-2010
100641;SBI ULTRA SHORT DURATION FUND - REGULAR PLAN - GROWTH;INF200K01LJ4;;20.9445;20.9445;20.9445;19-Sep-2010
103884;SBI Ultra Short Duration Fund - Regular Plan - Weekly Income Distribution cum Capital Withdrawal Option (IDCW);INF200K01LM8;INF200K01LL0;10.7777;10.7777;10.7777;19-Sep-2010

Open Ended Schemes ( Debt Scheme - Money Market Fund )


Aditya Birla Sun Life Mutual Fund
101975;Aditya Birla Sun Life Floating Rate Fund-Short Term Plan-Institutional Fortnightly Dividend;;;10.0000;10.0000;10.0000;19-Sep-2010
101973;Aditya Birla Sun Life Money Manager Fund - Daily IDCW;;INF209K01SZ6;10.0000;10.0000;10.0000;19-Sep-2010
101976;Aditya Birla Sun Life Money Manager Fund - Growth;INF209K01RV7;;12.5069;12.5069;12.5069;19-Sep-2010
101972;Aditya Birla Sun Life Money Manager Fund - Retail - Daily IDCW;;INF209K01JZ5;10.0015;10.0015;10.0015;19-Sep-2010
101970;Aditya Birla Sun Life Money Manager Fund - RETAIL - WEEKLY IDCW;;INF209K01JY8;10.3784;10.3784;10.3784;19-Sep-2010
101971;Aditya Birla Sun Life Money Manager Fund - Retail Growth;INF209K01MJ3;;15.5203;15.5203;15.5203;19-Sep-2010
101974;Aditya Birla Sun Life Money Manager Fund - WEEKLY IDCW;;INF209K01SY9;10.0113;10.0113;10.0113;19-Sep-2010

Franklin Templeton Mutual Fund
101352;Templeton Floating Rate Income Fund-Short Term Plan-Dividend Option;;;10.0533;10.0533;10.0533;19-Sep-2010
101353;Templeton Floating Rate Income Fund-Short Term Plan-Growth Option;;;17.0044;17.0044;17.0044;19-Sep-2010
101355;Templeton Floating Rate Income Fund-Short Term Plan-Institutional Option - Dividend;;;10.1505;10.1505;10.1505;19-Sep-2010
101354;Templeton Floating Rate Income Fund-Short Term Plan-Institutional Option - Growth;;;14.0707;14.0707;14.0707;19-Sep-2010

HDFC Mutual Fund
101994;HDFC Money Market Fund - Daily IDCW Option;;INF179KB1IG6;10.6364;10.6364;10.6364;19-Sep-2010
101993;HDFC Money Market Fund - Growth Option;INF179KB1HR5;;19.7137;19.7137;19.7137;19-Sep-2010
101995;HDFC Money Market Fund - Weekly IDCW Option;INF179KB1IH4;INF179KB1II2;10.6282;10.6282;10.6282;19-Sep-2010

ICICI Prudential Mutual Fund
101221;ICICI Prudential Money Market Fund Retail Growth (erstwhile Cash Option);INF109K01TW3;;152.9081;152.9081;152.9081;19-Sep-2010
103634;ICICI Prudential Money Market Fund Option - Daily IDCW;INF109K01TY9;;100.0104;100.0104;100.0104;19-Sep-2010
103633;ICICI Prudential Money Market Fund Option - Growth;INF109K01TX1;;131.6982;131.6982;131.6982;19-Sep-2010
103637;ICICI Prudential Money Market Fund Option - Monthly IDCW;INF109K01UC3;INF109K01UB5;100.4710;100.4710;100.4710;19-Sep-2010
103635;ICICI Prudential Money Market Fund Option - Weekly IDCW;INF109K01TZ6;;100.1340;100.1340;100.1340;19-Sep-2010
103636;ICICI Prudential Money Market Fund Option -Fortnightly IDCW;INF109K01UA7;;100.2682;100.2682;100.2682;19-Sep-2010

Kotak Mahindra Mutual Fund
106842;Kotak Money Market Fund - (Daily Reinvestment of Income Distribution cum capital withdrawal option);INF174K01ND0;;10.1162;10.1162;10.1162;19-Sep-2010
101893;Kotak Money Market Fund - (Growth);INF174K01NA6;;15.4051;15.4051;15.4051;19-Sep-2010
101892;Kotak Money market Fund - (Monthly Payout of Income Distribution cum capital withdrawal option);INF174K018O0;INF174K01NB4;10.0125;10.0125;10.0125;19-Sep-2010
101894;Kotak Money Market Fund - (Weekly Reinvestment of Income Distribution cum capital withdrawal option);INF174K01NC2;;10.0693;10.0693;10.0693;19-Sep-2010

Nippon India Mutual Fund
103050;NIPPON INDIA MONEY MARKET FUND - DAILY IDCW Option;;INF204K01UY6;10.0051;10.0051;10.0051;19-Sep-2010
103051;NIPPON INDIA MONEY MARKET FUND - WEEKLY IDCW Option;;INF204K01UZ3;10.0067;10.0067;10.0067;19-Sep-2010
103048;Nippon India Money Market Fund-Growth Plan-Growth Option;INF204K01VA4;;14.2000;14.2000;14.2000;19-Sep-2010

Tata Mutual Fund
101986;Tata Money Market Fund- Regular Plan - Daily Reinvestment of IDCW Option;;INF277K014C0;1114.5200;1114.5200;1114.5200;19-Sep-2010
101847;Tata Money Market Fund-Regular Plan - Growth Option;INF277K01LQ7;;1740.5622;1740.5622;1740.5622;19-Sep-2010

UTI Mutual Fund
112077;UTI MMF - Regular Plan - Growth Option;INF789F01PX8;;1055.866;1055.866;1055.866;19-Sep-2010
100724;UTI MMF- Discontinued - Regular Plan - Flexi Dividend Option;;INF789F01BD0;1862.7332;1862.7332;1862.7332;19-Sep-2010
100725;UTI MMF- Discontinued - Regular Plan - Periodic Dividend Option;INF789F01BE8;;1853.1322;1853.1322;1853.1322;19-Sep-2010
100723;UTI MMF-Discontinued - Regular Plan -Growth;INF789F01BF5;;2626.9458;2626.9458;2626.9458;19-Sep-2010
112076;UTI Money Market Fund - Regular Plan - Daily IDCW (Reinvestment);;INF789F01PW0;1003.3854;1003.3854;1003.3854;19-Sep-2010

Open Ended Schemes ( Debt Scheme - Credit Risk Fund )


Principal Mutual Fund
102729;Principal Credit Risk Fund - Regular Plan - Growth Option;INF173K01DM4;;14.7488;14.7488;14.7488;19-Sep-2010
102726;Principal Floating Rate Fund - SMP-Daily Dividend;;;10.0007;10.0007;10.0007;19-Sep-2010
102725;Principal Floating Rate Fund - SMP-Growth;;;14.6369;14.6369;14.6369;19-Sep-2010
102730;Principal Floating Rate Fund - SMP-Insti. Daily Dividend;;;10.0007;10.0007;10.0007;19-Sep-2010
102731;Principal Floating Rate Fund - SMP-Insti. Weekly Dividend;;;10.0052;10.0052;10.0052;19-Sep-2010
102728;Principal Floating Rate Fund - SMP-Monthly Dividend;;;10.6618;10.6618;10.6618;19-Sep-2010
102727;Principal Floating Rate Fund - SMP-Weekly Dividend;;;10.0051;10.0051;10.0051;19-Sep-2010

Open Ended Schemes ( Debt Scheme - Floater Fund )


Franklin Templeton Mutual Fund
101048;Franklin India Floating Rate Fund - Growth Plan;INF090I01LM7;;16.1568;16.1568;16.1568;19-Sep-2010
101044;Franklin India Floating Rate Fund - IDCW ;INF090I01LN5;;10.0000;10.0000;10.0000;19-Sep-2010

Close Ended Schemes ( Income )


SBI Mutual Fund
112820;SBI Debt Fund Series -370 Days 3- Dividend (Payout);;;10.1753;N.A.;N.A.;19-Sep-2010
112819;SBI Debt Fund Series -370 Days 3- Growth;;;10.2236;N.A.;N.A.;19-Sep-2010
112818;REDEEMED-SBI Debt Fund Series - 15 Months - 5 (09/03/2010)-DIVIDEND;;;10.2054;N.A.;N.A.;19-Sep-2010
112817;REDEEMED-SBI Debt Fund Series - 15 Months - 5 (09/03/2010)-GROWTH;;;10.2621;N.A.;N.A.;19-Sep-2010
113066;Z-REDEEMED-SBI Debt Fund Series - 180 Days - 10 - Dividend;;;10.1203;N.A.;N.A.;19-Sep-2010
113094;Z-REDEEMED-SBI Debt Fund Series - 180 Days - 10 - Growth;;;10.1203;N.A.;N.A.;19-Sep-2010
113152;Z-REDEEMED-SBI Debt Fund Series - 180 Days Fund - 11 Dividend;;;10.0709;N.A.;N.A.;19-Sep-2010
113225;Z-REDEEMED-SBI Debt Fund Series - 180 Days Fund - 11 Growth;;;10.0709;N.A.;N.A.;19-Sep-2010
113182;Z-REDEEMED-SBI Debt Fund Series - 370 Days - 6 - Dividend;;;10.0346;N.A.;N.A.;19-Sep-2010
113340;Z-REDEEMED-SBI Debt Fund Series - 370 Days - 6 - Growth;;;10.0346;N.A.;N.A.;19-Sep-2010
112916;Z-REDEEMED-SBI Debt Fund Series - 370 Days -4- Growth;;;10.1770;N.A.;N.A.;19-Sep-2010
112893;Z-REDEEMED-SBI Debt Fund Series - 370 Days -4-Dividend;;;10.1264;N.A.;N.A.;19-Sep-2010
113181;Z-REDEEMED-SBI Debt Fund Series - 370 Days - 5 Dividend;;;10.0449;N.A.;N.A.;19-Sep-2010
113230;Z-REDEEMED-SBI Debt Fund Series - 370 Days - 5 Growth;;;10.0449;N.A.;N.A.;19-Sep-2010
