Scheme Code;Scheme Name;ISIN Div Payout/ISIN Growth;ISIN Div Reinvestment;Net Asset Value;Repurchase Price;Sale Price;Date

Open Ended Schemes ( Liquid )


ING Mutual Fund
100198;ING Liquid Fund-Institutional Daily Dividend Option;INF084M01473;;10.0121;10.0121;10.0121;16-Apr-2011
100196;ING Liquid Fund-Institutional Growth Option;INF084M01465;;15.4208;15.4208;15.4208;16-Apr-2011
100197;ING Liquid Fund-Institutional Weekly Dividend Option;INF084M01499;INF084M01481;10.0651;10.0651;10.0651;16-Apr-2011
100192;ING Liquid Fund-Regular Daily Dividend Option;INF084M01432;;10.7873;10.7873;10.7873;16-Apr-2011
100190;ING Liquid Fund-Regular Growth Option;INF084M01424;;20.5521;20.5521;20.5521;16-Apr-2011
100191;ING Liquid Fund-Regular Weekly Dividend Option;INF084M01457;INF084M01440;10.8361;10.8361;10.8361;16-Apr-2011
100200;ING Liquid Fund-Super Institutional Daily Dividend Option;INF084M01515;;10.0048;10.0048;10.0048;16-Apr-2011
100199;ING Liquid Fund-Super Institutional Growth Option;INF084M01507;;14.6918;14.6918;14.6918;16-Apr-2011
100201;ING Liquid Fund-Super Institutional Weekly Dividend Option;INF084M01531;INF084M01523;10.0000;10.0000;10.0000;16-Apr-2011

PineBridge Mutual Fund
106513;PineBridge India Liquid Fund- Standard Plan-Daily Dividend Option;;INF178L01699;1001.0000;1001.0000;1001.0000;16-Apr-2011
106508;PineBridge India Liquid Fund- Standard Plan-Growth Option;INF178L01715;;1265.5350;1265.5350;1265.5350;16-Apr-2011
106509;PineBridge India Liquid Fund- Standard Plan-Weekly Dividend Option;;INF178L01764;1002.1225;1002.1225;1002.1225;16-Apr-2011
106506;PineBridge India Liquid Fund-Institutional Plan-Daily Dividend Option;;INF178L01616;1001.0000;1001.0000;1001.0000;16-Apr-2011
106511;PineBridge India Liquid Fund-Institutional Plan-Growth Option;INF178L01632;;1261.0279;1261.0279;1261.0279;16-Apr-2011
106507;PineBridge India Liquid Fund-Institutional Plan-Weekly Dividend Option;;INF178L01681;1002.1093;1002.1093;1002.1093;16-Apr-2011
106503;PineBridge India Liquid Fund-Retail Plan-DailyDividend Option;;INF178L01533;1001.0000;1001.0000;1001.0000;16-Apr-2011
106514;PineBridge India Liquid Fund-Retail Plan-Growth Option;INF178L01558;;1247.3543;1247.3543;1247.3543;16-Apr-2011
106504;PineBridge India Liquid Fund-Retail Plan-Monthly Dividend Option;INF178L01566;INF178L01574;1005.9775;1005.9775;1005.9775;16-Apr-2011
106516;PineBridge India Liquid Fund-Retail Plan-Quarterly Dividend Option;INF178L01582;INF178L01590;1007.6831;1007.6831;1007.6831;16-Apr-2011
106510;PineBridge India Liquid Fund-Retail Plan-Weekly Dividend Option;;INF178L01608;1002.0679;1002.0679;1002.0679;16-Apr-2011

Sahara Mutual Fund
101397;Sahara Liquid Fund-Fixed Pricing -  Weekly Dividend Option;;INF515L01064;1027.4373;1027.4373;1027.4373;16-Apr-2011
101393;Sahara Liquid Fund-Fixed Pricing - Daily Dividend Option;;INF515L01049;1024.9307;1024.9307;1024.9307;16-Apr-2011
101394;Sahara Liquid Fund-Fixed Pricing - Growth option;INF515L01056;;1785.7314;1785.7314;1785.7314;16-Apr-2011
101398;Sahara Liquid Fund-Fixed Pricing - Monthly Dividend Option;;INF515L01072;1031.1957;1031.1957;1031.1957;16-Apr-2011
101399;Sahara Liquid Fund-Variable Pricing - Daily Dividend option;;INF515L01080;1024.9511;1024.9511;1024.9511;16-Apr-2011
101402;Sahara Liquid Fund-Variable Pricing - Growth option;INF515L01114;;1800.1944;1800.1944;1800.1944;16-Apr-2011
101400;Sahara Liquid Fund-Variable Pricing - Weekly Dividend Option;;INF515L01098;1024.9579;1024.9579;1024.9579;16-Apr-2011
101401;Sahara Liquid Fund-Variable Pricing- Monthly Dividend Option;;INF515L01106;1031.5308;1031.5308;1031.5308;16-Apr-2011

Open Ended Schemes ( Debt Scheme - Overnight Fund )


SBI Mutual Fund
114297;SBI Overnight Fund - Regular Plan - Daily Income Distribution cum Capital Withdrawal Option (IDCW);;INF200K01LN6;10.0991;10.0991;10.0991;16-Apr-2011
101206;SBI OVERNIGHT FUND - REGULAR PLAN - GROWTH;INF200K01LQ9;;16.9926;16.9926;16.9926;16-Apr-2011
103140;SBI Overnight Fund - Regular Plan - Weekly Income Distribution cum Capital Withdrawal Option (IDCW);INF200K01LO4;INF200K01LP1;10.3119;10.3119;10.3119;16-Apr-2011

Open Ended Schemes ( Debt Scheme - Liquid Fund )


Bandhan Mutual Fund
108692;BANDHAN LIQUID Fund - Regular Plan - Daily IDCW;INF194K01VZ4;INF194K01VY7;10.0025;10.0025;10.0025;16-Apr-2011
108690;BANDHAN LIQUID Fund - Regular Plan - Growth;INF194K01VX9;;11.9720;11.9720;11.9720;16-Apr-2011
108779;BANDHAN Liquid Fund-Plan A-Dividend (Daily);INF194K01VC3;INF194K01VB5;10.5819;10.5819;10.5819;16-Apr-2011
108778;BANDHAN Liquid Fund-Plan A-Growth;INF194K01UX1;;17.4753;17.4753;17.4753;16-Apr-2011
108607;BANDHAN Liquid Fund - Plan A-Dividend (Weekly);INF194K01VI0;INF194K01VH2;10.0123;10.0123;10.0123;16-Apr-2011
108781;BANDHAN Liquid Fund - Plan B (G) (Institutional Plan);INF194K01VK6;;17.6235;17.6235;17.6235;16-Apr-2011
108681;BANDHAN Liquid Fund - Plan B-Daily-Dividend(Institutional Plan);INF194K01VM2;INF194K01VL4;10.5873;10.5873;10.5873;16-Apr-2011

Canara Robeco Mutual Fund
109349;CANARA ROBECO LIQUID FUND - REGULAR PLAN - DAILY IDCW (Reinvestment);;INF760K01CU3;10.0550;10.0550;10.0550;16-Apr-2011
109353;CANARA ROBECO LIQUID FUND - REGULAR PLAN - GROWTH OPTION;INF760K01CW9;;11.9664;11.9664;11.9664;16-Apr-2011
109350;CANARA ROBECO LIQUID FUND - REGULAR PLAN - WEEKLY IDCW (Payout/Reinvestment);INF760K01BZ4;INF760K01CZ2;10.0000;10.0000;10.0000;16-Apr-2011
101363;Canara Robeco Liquid Fund- INSTITUTIONAL-Daily Dividend Reinvestment;;INF760K01CC1;10.0550;10.0550;10.0550;16-Apr-2011
101362;Canara Robeco Liquid Fund- INSTITUTIONAL-Growth;INF760K01CD9;;17.8448;17.8448;17.8448;16-Apr-2011
101361;Canara Robeco Liquid Fund- INSTITUTIONAL-Weekly dividend;;INF760K01CE7;10.0000;10.0000;10.0000;16-Apr-2011
109357;Canara Robeco Liquid Fund-Institutional-Fortnightly Div Reinvest;;INF760K01860;10.0000;10.0000;10.0000;16-Apr-2011
109355;Canara Robeco Liquid Fund-Regular Plan-Fortnightly Div Reinvest.;;INF760K01951;10.0000;10.0000;10.0000;16-Apr-2011
101364;Canara Robeco Liquid Fund-Retail-DRI;;INF760K01CF4;10.0700;10.0700;10.0700;16-Apr-2011
109346;Canara Robeco Liquid Fund-Retail-Fortnightly Div Reinvest;;INF760K01CG2;10.0614;10.0614;10.0614;16-Apr-2011
101365;Canara Robeco Liquid Fund-Retail-Growth;INF760K01CH0;;17.7660;17.7660;17.7660;16-Apr-2011
109347;Canara Robeco Liquid Fund-Retail-Monthly Div Reinvest;;INF760K01CI8;10.0928;10.0928;10.0928;16-Apr-2011
109356;Canara Robeco Liquid Fund-Retail-Weekly Div Reinvest;;INF760K01CJ6;10.0614;10.0614;10.0614;16-Apr-2011

LIC Mutual Fund
101184;LIC MF Liquid Fund-Regular Plan-Daily IDCW;INF767K01IQ3;INF767K01IR1;10.9801;10.9801;10.9801;16-Apr-2011
101185;LIC MF Liquid Fund-Regular Plan-Growth;INF767K01IS9;;18.0002;18.0002;18.0002;16-Apr-2011

Principal Mutual Fund
100895;Principal Cash Management Fund - Daily Income Distribution CUM Capital Withdrawal;;INF173K01DB7;10.0007;10.0007;10.0007;16-Apr-2011
100897;Principal Cash Management Fund - Monthly Income Distribution CUM Capital Withdrawal Option;INF173K01BV9;INF173K01BW7;10.1242;10.1242;10.1242;16-Apr-2011
100896;Principal Cash Management Fund - Weekly Income Distribution CUM Capital Withdrawal Option;;INF173K01DC5;10.0667;10.0667;10.0667;16-Apr-2011
100898;Principal Cash Management Fund -Growth Option;INF173K01DA9;;15.3107;15.3107;15.3107;16-Apr-2011

SBI Mutual Fund
105274;SBI Liquid Fund - Institutional - Growth;INF200K01LU1;;15.6421;15.6421;15.6421;16-Apr-2011
105275;SBI Liquid Fund - Institutional Daily Income Distribution cum Capital Withdrawal Option (IDCW);;INF200K01LR7;10.0325;10.0325;10.0325;16-Apr-2011
105279;SBI Liquid Fund - Institutional Fortnightly Income Distribution cum Capital Withdrawal Option (IDCW);INF200K01LS5;INF200K01LT3;10.1850;10.1850;10.1850;16-Apr-2011
105278;SBI Liquid Fund - Institutional Weekly Income Distribution cum Capital Withdrawal Option (IDCW);INF200K01LV9;INF200K01LW7;10.6035;10.6035;10.6035;16-Apr-2011
105281;SBI Liquid Fund - Regular Plan - Daily Income Distribution cum Capital Withdrawal Option (IDCW);;INF200K01LX5;10.0325;10.0325;10.0325;16-Apr-2011
105283;SBI Liquid Fund - Regular Plan - Fortnightly Income Distribution cum Capital Withdrawal Option (IDCW);INF200K01LY3;INF200K01LZ0;N.A.;N.A.;N.A.;16-Apr-2011
105282;SBI Liquid Fund - Regular Plan - Weekly Income Distribution cum Capital Withdrawal Option (IDCW);INF200K01MB9;INF200K01MC7;N.A.;N.A.;N.A.;16-Apr-2011
105280;SBI Liquid Fund - REGULAR PLAN -Growth;INF200K01MA1;;15.4763;15.4763;15.4763;16-Apr-2011

UTI Mutual Fund
102010;UTI Liquid Fund - Regular Plan - Daily IDCW (Reinvestment);;INF789F01PG3;1019.4457;1019.4457;1019.4457;16-Apr-2011
102011;UTI Liquid Fund - Regular Plan - Monthly IDCW;INF789F01PI9;INF789F01PJ7;1027.5213;1027.5213;1027.5213;16-Apr-2011
102013;UTI Liquid Fund - Regular Plan - Weekly IDCW;;INF789F01PK5;1043.7909;1043.7909;1043.7909;16-Apr-2011
102012;UTI-  Liquid Cash Plan - Regular Plan - Growth Option;INF789F01PH1;;1615.8846;1615.8846;1615.8846;16-Apr-2011
102008;UTI-  Liquid Cash Plan- Discontinued - Regular Plan - Monthly Dividend Option;INF789F01BC2;INF789F01BA6;1084.9888;1084.9888;1084.9888;16-Apr-2011
102009;UTI-  Liquid Cash Plan- Discontinued - Regular Plan -Growth;INF789F01BB4;;1584.3247;1584.3247;1584.3247;16-Apr-2011
102007;UTI-  Liquid Cash Plan- Discontinued -Regular Plan Periodic Dividend Option;;INF789F01AZ5;1074.3867;1074.3867;1074.3867;16-Apr-2011

Open Ended Schemes ( Debt Scheme - Ultra Short Duration Fund )


Principal Mutual Fund
107329;Principal Ultra Short Term Fund-Daily Income Distribution CUM Capital Withdrawal Option;;INF173K01CV7;10.0532;10.0532;10.0532;16-Apr-2011
107328;Principal Ultra Short Term Fund-Growth Option;INF173K01CU9;;11.1107;11.1107;11.1107;16-Apr-2011
107332;Principal Ultra Short Term Fund-Weekly Income Distribution CUM Capital Withdrawal Option;;INF173K01CW5;10.1219;10.1219;10.1219;16-Apr-2011

SBI Mutual Fund
105080;SBI Ultra Short Duration Fund - Regular Plan - Daily Income Distribution cum Capital Withdrawal Option (IDCW);;INF200K01LK2;16.7503;16.7503;16.7503;16-Apr-2011
100641;SBI ULTRA SHORT DURATION FUND - REGULAR PLAN - GROWTH;INF200K01LJ4;;21.8549;21.8549;21.8549;16-Apr-2011
103884;SBI Ultra Short Duration Fund - Regular Plan - Weekly Income Distribution cum Capital Withdrawal Option (IDCW);INF200K01LM8;INF200K01LL0;10.7758;10.7758;10.7758;16-Apr-2011

Open Ended Schemes ( Debt Scheme - Money Market Fund )


UTI Mutual Fund
112077;UTI MMF - Regular Plan - Growth Option;INF789F01PX8;;1102.3773;1102.3773;1102.3773;16-Apr-2011
100724;UTI MMF- Discontinued - Regular Plan - Flexi Dividend Option;;INF789F01BD0;1893.4062;1893.4062;1893.4062;16-Apr-2011
100725;UTI MMF- Discontinued - Regular Plan - Periodic Dividend Option;INF789F01BE8;;1882.7425;1882.7425;1882.7425;16-Apr-2011
100723;UTI MMF-Discontinued - Regular Plan -Growth;INF789F01BF5;;2735.3665;2735.3665;2735.3665;16-Apr-2011
112076;UTI Money Market Fund - Regular Plan - Daily IDCW (Reinvestment);;INF789F01PW0;1003.3854;1003.3854;1003.3854;16-Apr-2011
112635;UTI Money Market Fund - Regular Plan - Weekly IDCW;INF789F01PY6;INF789F01PZ3;1004.6853;1004.6853;1004.6853;16-Apr-2011

Close Ended Schemes ( Income )


SBI Mutual Fund
114781;SBI Capital Protection Oriented Fund - Series II -;INF200K01ED2;;10.1036;N.A.;N.A.;16-Apr-2011
114554;SBI Debt Fund Series - 15 Months - 6 Dividend;INF200K01EA8;;10.1905;N.A.;N.A.;16-Apr-2011
114555;SBI Debt Fund Series - 15 Months - 6 Growth;INF200K01DZ7;;10.1905;N.A.;N.A.;16-Apr-2011
114442;SBI Debt Fund Series - 18 Months - 6 - Dividend Option;INF200K01CI5;;10.1969;N.A.;N.A.;16-Apr-2011
114443;SBI Debt Fund Series - 18 Months - 6 - Growth Option;INF200K01CH7;;10.1968;N.A.;N.A.;16-Apr-2011
113275;SBI Debt Fund Series - 24 Months - 2 - Dividend;INF200K01CK1;;10.2514;N.A.;N.A.;16-Apr-2011
113363;SBI Debt Fund Series - 24 Months - 2 - Growth;INF200K01CJ3;;10.2524;N.A.;N.A.;16-Apr-2011
115012;SBI DEBT FUND SERIES - 370 DAYS 11 - GROWTH;INF200K01EE0;;10.0975;N.A.;N.A.;16-Apr-2011
115013;SBI DEBT FUND SERIES - 370 DAYS 11- DIVIDEND;INF200K01EF7;;10.0974;N.A.;N.A.;16-Apr-2011
115048;SBI Debt Fund Series - 370 Days 12 - Dividend Payout;INF200K01EH3;;10.0335;N.A.;N.A.;16-Apr-2011
115047;SBI Debt Fund Series - 370 Days 12 - Growth;INF200K01EG5;;10.0336;N.A.;N.A.;16-Apr-2011
113321;SBI Debt Fund Series - 60 Months - 1 - Dividend;INF200K01CQ8;;10.1834;N.A.;N.A.;16-Apr-2011
113401;SBI Debt Fund Series - 60 Months - 1 - Growth;INF200K01CP0;;10.1834;N.A.;N.A.;16-Apr-2011
114482;SBI Debt Fund Series - 90 Days - 38 Dividend;;;10.2140;N.A.;N.A.;16-Apr-2011
114483;SBI Debt Fund Series - 90 Days - 38 Growth;;;10.2139;N.A.;N.A.;16-Apr-2011
114556;SBI Debt Fund Series - 90 Days - 39 Dividend;;;10.1913;N.A.;N.A.;16-Apr-2011
114557;SBI Debt Fund Series - 90 Days - 39 Growth;;;10.1912;N.A.;N.A.;16-Apr-2011
114660;SBI DEBT FUND SERIES - 90 DAYS - 40 - Dividend Payout;;;10.1447;N.A.;N.A.;16-Apr-2011
114659;SBI DEBT FUND SERIES - 90 DAYS - 40 - GROWTH;;;10.1447;N.A.;N.A.;16-Apr-2011
115010;SBI DEBT FUND SERIES - 90 DAYS 42 -GROWTH;;;10.0510;N.A.;N.A.;16-Apr-2011
115011;SBI DEBT FUND SERIES - 90 DAYS 42-DIVIDEND;;;10.0510;N.A.;N.A.;16-Apr-2011
114344;SBI Debt Fund Series - 180 Days - 13 Dividend;;;10.2516;N.A.;N.A.;16-Apr-2011
114306;SBI Debt Fund Series - 180 Days - 13 Growth;;;10.3023;N.A.;N.A.;16-Apr-2011
114351;SBI Debt Fund Series - 180 Days - 14 Dividend;;;10.2117;N.A.;N.A.;16-Apr-2011
114352;SBI Debt Fund Series - 180 Days - 14 Growth;;;10.2620;N.A.;N.A.;16-Apr-2011
114622;SBI Debt Fund Series - 180 Days - 15 Dividend;;;10.1759;N.A.;N.A.;16-Apr-2011
114621;SBI Debt Fund Series - 180 Days - 15 Growth;;;10.2012;N.A.;N.A.;16-Apr-2011
114724;SBI SDFS 180 DAYS 16 - DIVIDEND PAYOUT;;;10.1576;N.A.;N.A.;16-Apr-2011
114725;SBI SDFS 180 DAYS 16 - GROWTH;;;10.1577;N.A.;N.A.;16-Apr-2011
114723;SBI DEBT FUND SERIES 370 DAYS 10 - GROWTH;INF200K01DV6;;10.1591;N.A.;N.A.;16-Apr-2011
114722;SBI DEBT FUND SERIES 370 DAYS 10- Dividend;INF200K01DW4;;10.1591;N.A.;N.A.;16-Apr-2011
114837;SBI Debt Fund Series 90 Days 41 - Dividend Payout;;;10.0865;N.A.;N.A.;16-Apr-2011
114836;SBI Debt Fund Series 90 Days 41 - Growth;;;10.0865;N.A.;N.A.;16-Apr-2011
114839;REDEEMED-SBI Debt Fund Series - 13 Months 11 - Dividend Payout;INF200K01DY0;;10.1147;N.A.;N.A.;16-Apr-2011
114838;REDEEMED-SBI Debt Fund Series 13 Months 11 - Growth;INF200K01DX2;;10.1147;N.A.;N.A.;16-Apr-2011
112818;REDEEMED-SBI Debt Fund Series - 15 Months - 5 (09/03/2010)-DIVIDEND;;;10.4777;N.A.;N.A.;16-Apr-2011
112817;REDEEMED-SBI Debt Fund Series - 15 Months - 5 (09/03/2010)-GROWTH;;;10.6643;N.A.;N.A.;16-Apr-2011
114343;Z-REDEEMED-SBI Debt Fund Series - 18 Months - 4 - Dividend Option;INF200K01CE4;;10.2405;N.A.;N.A.;16-Apr-2011
114303;Z-REDEEMED-SBI Debt Fund Series - 18 Months - 4 - Growth Option;INF200K01CD6;;10.2405;N.A.;N.A.;16-Apr-2011
114388;Z-REDEEMED-SBI Debt Fund Series - 18 Months - 5 - Dividend Option;INF200K01CG9;;10.1992;N.A.;N.A.;16-Apr-2011
114389;Z-REDEEMED-SBI Debt Fund Series - 18 Months - 5 - Growth Option;INF200K01CF1;;10.1991;N.A.;N.A.;16-Apr-2011
114193;Z-REDEEMED-SBI Debt Fund Series - 180 Days 12 - Dividend;;;10.2979;N.A.;N.A.;16-Apr-2011
114283;Z-REDEEMED-SBI Debt Fund Series - 180 Days 12 - Growth;;;10.3481;N.A.;N.A.;16-Apr-2011
113182;Z-REDEEMED-SBI Debt Fund Series - 370 Days - 6 - Dividend;;;10.3331;N.A.;N.A.;16-Apr-2011
113340;Z-REDEEMED-SBI Debt Fund Series - 370 Days - 6 - Growth;;;10.4091;N.A.;N.A.;16-Apr-2011
113411;Z-REDEEMED-SBI Debt Fund Series - 370 Days - 7 - Dividend;;;10.2735;N.A.;N.A.;16-Apr-2011
114250;Z-REDEEMED-SBI Debt Fund Series - 370 Days - 7 - Growth;;;10.3240;N.A.;N.A.;16-Apr-2011
114194;Z-REDEEMED-SBI Debt Fund Series - 370 Days - 8 - Dividend;;;10.2296;N.A.;N.A.;16-Apr-2011
114311;Z-REDEEMED-SBI Debt Fund Series - 370 Days - 8 - Growth;;;10.2802;N.A.;N.A.;16-Apr-2011
114620;Z-REDEEMED-SBI Debt Fund Series - 370 Days - 9 - Dividend;INF200K01DU8;;10.1923;N.A.;N.A.;16-Apr-2011
114619;Z-REDEEMED-SBI Debt Fund Series - 370 Days - 9 - Growth;INF200K01DT0;;10.1919;N.A.;N.A.;16-Apr-2011
112916;Z-REDEEMED-SBI Debt Fund Series - 370 Days -4- Growth;;;10.5754;N.A.;N.A.;16-Apr-2011
112893;Z-REDEEMED-SBI Debt Fund Series - 370 Days -4-Dividend;;;10.4455;N.A.;N.A.;16-Apr-2011
113181;Z-REDEEMED-SBI Debt Fund Series - 370 Days - 5 Dividend;;;10.3477;N.A.;N.A.;16-Apr-2011
113230;Z-REDEEMED-SBI Debt Fund Series - 370 Days - 5 Growth;;;10.4237;N.A.;N.A.;16-Apr-2011
