Scheme Code;Scheme Name;ISIN Div Payout/ISIN Growth;ISIN Div Reinvestment;Net Asset Value;Repurchase Price;Sale Price;Date

Open Ended Schemes ( Income )


DBS Chola Mutual Fund
101958;DBS Chola Liquid Fund - Institutional Plus Weekly Dividend;;;12.0273;12.0273;12.0273;19-Apr-2009
103137;DBS Chola Short Term Floating Rate Fund-Cumulative;;;12.9135;12.9135;12.9135;19-Apr-2009
103134;DBS Chola Short Term Floating Rate Fund-Dividend-Daily;;;10.3074;10.3074;10.3074;19-Apr-2009
103136;DBS Chola Short Term Floating Rate Fund-Dividend-Monthly;;;10.4124;10.4124;10.4124;19-Apr-2009
103135;DBS Chola Short Term Floating Rate Fund-Dividend-Weekly;;;10.5322;10.5322;10.5322;19-Apr-2009

Open Ended Schemes ( Liquid )


Aditya Birla Sun Life Mutual Fund
101294;Birla Sun Life Cash Plus Sweep Plan-Dividend Option;;;10.1049;10.1049;10.1049;19-Apr-2009

Bandhan Mutual Fund
108794;IDFC Liquid Fund - Daily Dividend;INF194K01GJ9;INF194K01GI1;1000.2100;1000.2100;1000.2100;19-Apr-2009
108793;IDFC Liquid Fund - Growth;INF194K01GE0;;1243.3579;1243.3579;1243.3579;19-Apr-2009
108796;IDFC Liquid Fund - Monthly Dividend;INF194K01GG5;INF194K01GF7;1003.0324;1003.0324;1003.0324;19-Apr-2009
108795;IDFC Liquid Fund-Weekly Dividend;INF194K01GM3;INF194K01GL5;1000.4842;1000.4842;1000.4842;19-Apr-2009

DBS Chola Mutual Fund
100989;DBS Chola Liquid Fund-Cum -Institutional Plus;;;17.8584;17.8584;17.8584;19-Apr-2009
104329;DBS Chola Liquid Fund-Cum -Super Institutional;;;12.1499;12.1499;12.1499;19-Apr-2009
100978;DBS Chola Liquid Fund-Daily Dividend Reinvestment Plan;;;10.1042;10.1042;10.1042;19-Apr-2009
100975;DBS Chola Liquid Fund-Regular Cumulative;;;17.6747;17.6747;17.6747;19-Apr-2009
101307;DBS Chola Liquid Fund - Regular Weekly Dividend;;;11.9942;11.9942;11.9942;19-Apr-2009

Deutsche Mutual Fund
105672;DWS INSTA CASH PLUS FUND - Regular Plan BONUS OPTION;INF223J01BH3;;11.0007;11.0007;11.0007;19-Apr-2009
106471;DWS Insta Cash Plus Fund -Growth;INF223J01BP6;;11.4540;11.4540;11.4540;19-Apr-2009
106467;DWS Insta Cash Plus Fund-Daily Dividend;;INF223J01BO9;10.0274;10.0274;10.0274;19-Apr-2009
101718;DWS Insta Cash Plus Fund-DIVIDEND-Daily Dividend;;INF223J01BI1;10.3010;10.3010;10.3010;19-Apr-2009
101717;DWS Insta Cash Plus Fund-DIVIDEND-MONTHLY DIVIDEND;INF223J01BK7;INF223J01BL5;11.0206;11.0206;11.0206;19-Apr-2009
101716;DWS Insta Cash Plus Fund-DIVIDEND-WEEKLY DIVIDEND;INF223J01BM3;INF223J01BN1;10.3552;10.3552;10.3552;19-Apr-2009
101719;DWS Insta Cash Plus Fund-Growth-GROWTH;INF223J01BJ9;;14.8197;14.8197;14.8197;19-Apr-2009
101722;DWS Insta Cash Plus Fund-Institutional Plan-Daily Dividend;;INF223J01BA8;10.0516;10.0516;10.0516;19-Apr-2009
101721;DWS Insta Cash Plus Fund-Institutional Plan-Growth;INF223J01BB6;;13.9059;13.9059;13.9059;19-Apr-2009

DSP Mutual Fund
106861;DSP BlackRock Cash Manager Fund - Institutional Plan - Daily Dividend Reinvest;;;1000.1000;1000.1000;1000.1000;19-Apr-2009
106863;DSP BlackRock Cash Manager Fund - Institutional Plan - Growth;;;1130.0745;1130.0745;1130.0745;19-Apr-2009
106862;DSP BlackRock Cash Manager Fund - Institutional Plan - Weekly Dividend Reinvest;;;1000.7506;1000.7506;1000.7506;19-Apr-2009
106859;DSP BlackRock Cash Manager Fund - Regular Plan - Growth;;;1129.1340;1129.1340;1129.1340;19-Apr-2009
106860;DSP BlackRock Cash Manager Fund - Regular Plan - Weekly Dividend Reinvest;;;1000.7471;1000.7471;1000.7471;19-Apr-2009

Edelweiss Mutual Fund
109934;Edelweiss Liquid Fund - Retail Plan - Daily Dividend Option;;INF754K01AS4;10.0000;10.0000;10.0000;19-Apr-2009
109940;Edelweiss Liquid Fund - Retail Plan - Growth Option;INF754K01AO3;;10.5002;10.5002;10.5002;19-Apr-2009
109939;Edelweiss Liquid Fund - Retail Plan - Monthly Dividend Option;INF754K01AP0;INF754K01AR6;10.0109;10.0109;10.0109;19-Apr-2009
109937;Edelweiss Liquid Fund - Retail Plan - Weekly Dividend Option;;INF754K01AT2;10.0024;10.0024;10.0024;19-Apr-2009

Fidelity Mutual Fund
104498;Fidelity Cash Fund - Institutional Plan - Daily Dividend Option;;INF677K01AQ1;10.0025;10.0025;10.0025;19-Apr-2009
104497;Fidelity Cash Fund - Institutional Plan - Growth Option;;;12.0610;12.0610;12.0610;19-Apr-2009
104548;Fidelity Cash Fund - Institutional Plan - Monthly Dividend Option;INF677K01AS7;INF677K01AT5;10.0000;10.0000;10.0000;19-Apr-2009
104546;Fidelity Cash Fund - Institutional Plan - Weekly Dividend Option;;INF677K01AR9;10.0262;10.0262;10.0262;19-Apr-2009
104495;Fidelity Cash Fund - Retail Plan - Daily Dividend option;;INF677K01AL2;10.0025;10.0025;10.0025;19-Apr-2009
104493;Fidelity Cash Fund - Retail Plan - Growth option;;;11.9478;11.9478;11.9478;19-Apr-2009
104547;Fidelity Cash Fund - Retail Plan - Monthly Dividend Option;;;10.0445;10.0445;10.0445;19-Apr-2009
104549;Fidelity Cash Fund - Retail Plan - Weekly Dividend Option;;INF677K01AM0;10.0112;10.0112;10.0112;19-Apr-2009
104494;Fidelity Cash Fund - Super Institutional Plan - Daily Dividend Option;;INF677K01AV1;10.0052;10.0052;10.0052;19-Apr-2009
104496;Fidelity Cash Fund - Super Institutional Plan - Growth Option;INF677K01AU3;;12.0938;12.0938;12.0938;19-Apr-2009
104551;Fidelity Cash Fund - Super Institutional Plan - Monthly Dividend Option;INF677K01AX7;INF677K01AY5;10.0000;10.0000;10.0000;19-Apr-2009
104550;Fidelity Cash Fund - Super Institutional Plan - Weekly Dividend Option;;INF677K01AW9;10.0000;10.0000;10.0000;19-Apr-2009

Fortis Mutual Fund
110922;Fortis Overnight Fund-Institutional Plan-Daily Dividend Option;;;10.0030;10.0030;10.0030;19-Apr-2009
110915;Fortis Overnight Fund-Institutional Plan-Growth Option;;;13.4298;13.4298;13.4298;19-Apr-2009
110919;Fortis Overnight Fund-Institutional Plan-Monthly Dividend Payout Option;;;0.0000;0.0000;0.0000;19-Apr-2009
110923;Fortis Overnight Fund-Institutional Plan-Weekly Dividend Option;;;0.0000;0.0000;0.0000;19-Apr-2009
110914;Fortis Overnight Fund-Institutional Plus Plan-Daily Dividend Option;;;10.0030;10.0030;10.0030;19-Apr-2009
110920;Fortis Overnight Fund-Institutional Plus Plan-Growth Option;;;10.9591;10.9591;10.9591;19-Apr-2009
110916;Fortis Overnight Fund-Institutional Plus Plan-Monthly Dividend Option;;;0.0000;0.0000;0.0000;19-Apr-2009
110917;Fortis Overnight Fund-Institutional Plus Plan-Weekly Dividend Option;;;0.0000;0.0000;0.0000;19-Apr-2009
110921;Fortis Overnight Fund-Regular Plan-Growth Option;;;13.2107;13.2107;13.2107;19-Apr-2009
110913;Fortis Overnight Fund-Regular Plan-Monthly Dividend Payout Option;;;10.0420;10.0420;10.0420;19-Apr-2009
110918;Fortis Overnight Fund-Regular Plan-Weekly Dividend Option;;;10.0054;10.0054;10.0054;19-Apr-2009

ING Mutual Fund
100198;ING Liquid Fund-Institutional Daily Dividend Option;INF084M01473;;10.0121;10.0121;10.0121;19-Apr-2009
100196;ING Liquid Fund-Institutional Growth Option;INF084M01465;;13.8895;13.8895;13.8895;19-Apr-2009
100197;ING Liquid Fund-Institutional Weekly Dividend Option;INF084M01499;INF084M01481;10.0628;10.0628;10.0628;19-Apr-2009
100192;ING Liquid Fund-Regular Daily Dividend Option;INF084M01432;;10.7873;10.7873;10.7873;19-Apr-2009
100190;ING Liquid Fund-Regular Growth Option;INF084M01424;;18.5823;18.5823;18.5823;19-Apr-2009
100191;ING Liquid Fund-Regular Weekly Dividend Option;INF084M01457;INF084M01440;10.8334;10.8334;10.8334;19-Apr-2009
100200;ING Liquid Fund-Super Institutional Daily Dividend Option;INF084M01515;;10.0048;10.0048;10.0048;19-Apr-2009
100199;ING Liquid Fund-Super Institutional Growth Option;INF084M01507;;13.1872;13.1872;13.1872;19-Apr-2009
100201;ING Liquid Fund-Super Institutional Weekly Dividend Option;INF084M01531;INF084M01523;10.0000;10.0000;10.0000;19-Apr-2009
102802;ING Treasury Management Fund-Annual Dividend Option;;;10.3629;10.3629;10.3629;19-Apr-2009
102804;ING Treasury Management Fund-Daily Dividend Option;;;10.3588;10.3588;10.3588;19-Apr-2009
102798;ING Treasury Management Fund-Growth Option;;;13.6816;13.6816;13.6816;19-Apr-2009
102801;ING Treasury Management Fund-Half Yearly Dividend Option;;;10.3664;10.3664;10.3664;19-Apr-2009
102800;ING Treasury Management Fund-Quarterly Dividend Option;;;10.4319;10.4319;10.4319;19-Apr-2009
102799;ING Treasury Management Fund-Weekly Dividend Option;;;10.7840;10.7840;10.7840;19-Apr-2009

Invesco Mutual Fund
106502;Religare Invesco Overnight Fund - Daily Dividend Reinvestment;;INF205K01HS2;10.0000;10.0000;10.0000;19-Apr-2009
106501;Religare Invesco Overnight Fund - Growth;INF205K01HR4;;10.9610;10.9610;10.9610;19-Apr-2009

JM Financial Mutual Fund
101420;JM Floater Short Term Fund - Daily Dividend Option;;INF192K01767;10.0883;10.0883;10.0883;19-Apr-2009
101421;JM Floater Short Term Fund - Growth Option;INF192K01775;;14.3186;14.3186;14.3186;19-Apr-2009

JPMorgan Mutual Fund
106562;JPMorgan India Liquid Fund - Retail Plan - Daily Dividend Option;;INF843K01203;10.0150;10.0150;10.0150;19-Apr-2009
106561;JPMorgan India Liquid Fund - Retail Plan - Growth Option;INF843K01195;;10.5194;10.5194;10.5194;19-Apr-2009
109179;JPMorgan India Liquid Fund - Retail Plan - Monthly Dividend Option;;INF843K01237;10.0607;10.0607;10.0607;19-Apr-2009
109177;JPMorgan India Liquid Fund - Retail Plan - Weekly Dividend Option;;INF843K01211;10.0217;10.0217;10.0217;19-Apr-2009
110149;JPMorgan India Liquid Fund - Super Institutional Plan - Daily Dividend Option;;INF843K01153;10.0079;10.0079;10.0079;19-Apr-2009
110150;JPMorgan India Liquid Fund - Super Institutional Plan - Growth Option;INF843K01146;;11.4151;11.4151;11.4151;19-Apr-2009
110151;JPMorgan India Liquid Fund - Super Institutional Plan - Monthly Dividend Option;INF843K01500;INF843K01187;10.0636;10.0636;10.0636;19-Apr-2009
110153;JPMorgan India Liquid Fund - Super Institutional Plan - Weekly Dividend Option;INF843K01484;INF843K01161;10.0119;10.0119;10.0119;19-Apr-2009

Mirae Asset Mutual Fund
107660;Mirae Asset Liquid Fund- Regular Plan - Bonus;INF769K01580;;961.6748;961.6748;961.6748;19-Apr-2009
107646;Mirae Asset Liquid Fund- Regular Plan - Daily Dividend;;INF769K01606;929.6532;929.6532;929.6532;19-Apr-2009
107648;Mirae Asset Liquid Fund- Regular Plan - Growth;INF769K01572;;976.4743;976.4743;976.4743;19-Apr-2009
107649;Mirae Asset Liquid Fund- Regular Plan - Monthly Dividend;INF769K01630;INF769K01622;933.0865;933.0865;933.0865;19-Apr-2009
107647;Mirae Asset Liquid Fund- Regular Plan - Weekly Dividend;;INF769K01614;930.9799;930.9799;930.9799;19-Apr-2009

PineBridge Mutual Fund
106513;PineBridge India Liquid Fund- Standard Plan-Daily Dividend Option;;INF178L01699;1001.0000;1001.0000;1001.0000;19-Apr-2009
106508;PineBridge India Liquid Fund- Standard Plan-Growth Option;INF178L01715;;1140.5624;1140.5624;1140.5624;19-Apr-2009
106509;PineBridge India Liquid Fund- Standard Plan-Weekly Dividend Option;;INF178L01764;1001.8466;1001.8466;1001.8466;19-Apr-2009
106506;PineBridge India Liquid Fund-Institutional Plan-Daily Dividend Option;;INF178L01616;1001.0000;1001.0000;1001.0000;19-Apr-2009
106511;PineBridge India Liquid Fund-Institutional Plan-Growth Option;INF178L01632;;1138.7647;1138.7647;1138.7647;19-Apr-2009
106507;PineBridge India Liquid Fund-Institutional Plan-Weekly Dividend Option;;INF178L01681;1001.8301;1001.8301;1001.8301;19-Apr-2009
106503;PineBridge India Liquid Fund-Retail Plan-DailyDividend Option;;INF178L01533;1001.0000;1001.0000;1001.0000;19-Apr-2009
106514;PineBridge India Liquid Fund-Retail Plan-Growth Option;INF178L01558;;1133.1730;1133.1730;1133.1730;19-Apr-2009
106504;PineBridge India Liquid Fund-Retail Plan-Monthly Dividend Option;INF178L01566;INF178L01574;1004.7413;1004.7413;1004.7413;19-Apr-2009
106516;PineBridge India Liquid Fund-Retail Plan-Quarterly Dividend Option;INF178L01582;INF178L01590;1004.7412;1004.7412;1004.7412;19-Apr-2009
106510;PineBridge India Liquid Fund-Retail Plan-Weekly Dividend Option;;INF178L01608;1001.7808;1001.7808;1001.7808;19-Apr-2009

Sahara Mutual Fund
101397;Sahara Liquid Fund-Fixed Pricing -  Weekly Dividend Option;;INF515L01064;1026.2355;1026.2355;1026.2355;19-Apr-2009
101393;Sahara Liquid Fund-Fixed Pricing - Daily Dividend Option;;INF515L01049;1024.9045;1024.9045;1024.9045;19-Apr-2009
101394;Sahara Liquid Fund-Fixed Pricing - Growth option;INF515L01056;;1585.9201;1585.9201;1585.9201;19-Apr-2009
101398;Sahara Liquid Fund-Fixed Pricing - Monthly Dividend Option;;INF515L01072;1029.4509;1029.4509;1029.4509;19-Apr-2009
101399;Sahara Liquid Fund-Variable Pricing - Daily Dividend option;;INF515L01080;1024.9262;1024.9262;1024.9262;19-Apr-2009
101402;Sahara Liquid Fund-Variable Pricing - Growth option;INF515L01114;;1597.5258;1597.5258;1597.5258;19-Apr-2009
101400;Sahara Liquid Fund-Variable Pricing - Weekly Dividend Option;;INF515L01098;1025.133;1025.1330;1025.1330;19-Apr-2009
101401;Sahara Liquid Fund-Variable Pricing- Monthly Dividend Option;;INF515L01106;1029.8877;1029.8877;1029.8877;19-Apr-2009

Tata Mutual Fund
101987;Tata Liquid Fund Reglar Plan - Monthly Dividend;INF277K01LR5;INF277K01LS3;1152.4146;1152.4146;1152.4146;19-Apr-2009
101861;Tata Liquid Fund-Regular Plan  - Weekly Dividend;INF277K016C5;;1151.4037;1151.4037;1151.4037;19-Apr-2009
101984;Tata Liquid High Investment Plan - Daily;;;1114.3379;1114.3379;1114.3379;19-Apr-2009
101860;Tata Liquid High Investment Plan - Growth;INF277K01LN4;;1471.4681;1471.4681;1471.4681;19-Apr-2009
101985;Tata Liquid High Investment Plan - Monthly;INF277K01LO2;INF277K01LP9;1022.3923;1022.3923;1022.3923;19-Apr-2009
101859;Tata Liquid High Investment Plan - Weekly;;;1147.3737;1147.3737;1147.3737;19-Apr-2009
101982;Tata Liquid Retail Investment PLan - Daily;;;1116.8143;1116.8143;1116.8143;19-Apr-2009
101983;Tata Liquid Retail Investment Plan - Fortnightly;;;1145.6368;1145.6368;1145.6368;19-Apr-2009
101858;Tata Liquid Retail Investment Plan - Growth;INF277K01LM6;;2037.1550;2037.1550;2037.1550;19-Apr-2009
103631;Tata Liquidity Management Fund - Regular Plan - Daily Dividend;;;1002.6089;1002.6089;1002.6089;19-Apr-2009
103632;Tata Liquidity Management Fund - Regular Plan - Growth;INF277K01LW5;;1227.6043;1227.6043;1227.6043;19-Apr-2009
103519;Tata Liquidity Management Fund - Regular Plan  -Weekly Dividend;;;1005.8260;1005.8260;1005.8260;19-Apr-2009

Open Ended Schemes ( Money Market )


Franklin Templeton Mutual Fund
100561;Templeton India Money Market Account - Bonus Plan;;;1.0000;1.0000;1.0000;19-Apr-2009
104554;Templeton India Money Market Account - Dividend Plan;;;1.0000;1.0000;1.0000;19-Apr-2009

Tata Mutual Fund
102152;Tata Money Market Fund Regular (Bonus / Dividend);;;10.1563;10.1563;10.1563;19-Apr-2009
102153;Tata Money Market Fund Regular (Growth);INF277K01LY1;;14.2291;14.2291;14.2291;19-Apr-2009

Open Ended Schemes ( Floating Rate )


HSBC Mutual Fund
102836;HSBC Floating Rate Fund - Short Term - Inst. - Dividend - Daily;;;10.0623;10.0623;10.0623;19-Apr-2009
102838;HSBC Floating Rate Fund - Short Term - Inst. - Dividend - Monthly;;;10.1438;10.1438;10.1438;19-Apr-2009
102837;HSBC Floating Rate Fund - Short Term - Inst. - Dividend - Weekly;;;10.4957;10.4957;10.4957;19-Apr-2009
102835;HSBC Floating Rate Fund - Short Term - Inst. - Growth;;;13.5121;13.5121;13.5121;19-Apr-2009
102840;HSBC Floating Rate Fund - Short Term - Inst. Plus - Dividend - Daily;;;0.0000;0.0000;0.0000;19-Apr-2009
102842;HSBC Floating Rate Fund - Short Term - Inst. Plus - Dividend - Monthly;;;0.0000;0.0000;0.0000;19-Apr-2009
102841;HSBC Floating Rate Fund - Short Term - Inst. Plus - Dividend - Weekly;;;10.0332;10.0332;10.0332;19-Apr-2009
102839;HSBC Floating Rate Fund - Short Term - Inst. Plus - Growth;;;11.4695;11.4695;11.4695;19-Apr-2009
102833;HSBC Floating Rate Fund - Short Term - Regular - Dividend - Daily;;;10.0000;10.0000;10.0000;19-Apr-2009
102834;HSBC Floating Rate Fund - Short Term - Regular - Dividend - Weekly;;;10.0167;10.0167;10.0167;19-Apr-2009
102832;HSBC Floating Rate Fund - Short Term - Regular - Growth;;;13.3774;13.3774;13.3774;19-Apr-2009

Open Ended Schemes ( Fund of Funds - Domestic )


Fidelity Mutual Fund
103419;Fidelity MultiManager Cash Fund-Dividend Re-investment Option;;;10.0139;10.0139;10.0139;19-Apr-2009
103418;Fidelity MultiManager Cash Fund-Growth Option;;;12.6693;12.6693;12.6693;19-Apr-2009

Open Ended Schemes ( Debt Scheme - Overnight Fund )


HDFC Mutual Fund
101996;HDFC Overnight Fund - Growth Option;INF179KB1HS3;;14.8331;14.8331;14.8331;19-Apr-2009
101997;HDFC Overnight Fund - IDCW Option (Daily);;INF179KB1IF8;10.4266;10.4266;10.4266;19-Apr-2009

SBI Mutual Fund
101206;SBI OVERNIGHT FUND - REGULAR PLAN - GROWTH;INF200K01LQ9;;15.2592;15.2592;15.2592;19-Apr-2009
103140;SBI Overnight Fund - Regular Plan - Weekly Income Distribution cum Capital Withdrawal Option (IDCW);INF200K01LO4;INF200K01LP1;10.3107;10.3107;10.3107;19-Apr-2009

Open Ended Schemes ( Debt Scheme - Liquid Fund )


Aditya Birla Sun Life Mutual Fund
100049;Aditya Birla Sun Life Cash Plus-Institutional - Fortnightly Dividend;;;10.8305;10.8305;10.8305;19-Apr-2009
100052;Aditya Birla Sun Life Cash Plus-Institutional Premium - Fortnightly Dividend;;;10.0000;10.0000;10.0000;19-Apr-2009
100053;Aditya Birla Sun Life Cash Plus-Institutional Premium Plan-Monthly Dividend;;;10.0318;10.0318;10.0318;19-Apr-2009
100047;Aditya Birla Sun Life Liquid Fund - Growth;INF209K01RU9;;14.1111;14.1111;14.1111;19-Apr-2009
100046;Aditya Birla Sun Life Liquid Fund -Daily IDCW;INF209K01KQ2;INF209K01SQ5;10.0195;10.0195;10.0195;19-Apr-2009
100041;Aditya Birla Sun Life Liquid Fund -Institutional - IDCW;;INF209K01KN9;10.8023;10.8023;10.8023;19-Apr-2009
100048;Aditya Birla Sun Life Liquid Fund -Institutional - weekly  IDCW;INF209KA1LK7;INF209K01KY6;10.8103;10.8103;10.8103;19-Apr-2009
100044;Aditya Birla Sun Life Liquid Fund -Retail - IDCW;;INF209K01KP4;16.3694;16.3694;16.3694;19-Apr-2009
100051;Aditya Birla Sun Life Liquid Fund -weekly IDCW;INF209K01KU4;INF209KA1LJ9;10.0259;10.0259;10.0259;19-Apr-2009
100043;Aditya Birla Sun Life Liquid Fund-Institutional (Growth);INF209K01RT1;;23.9165;23.9165;23.9165;19-Apr-2009
100042;Aditya Birla Sun Life Liquid Fund-Retail (Growth);INF209K01ME4;;23.6262;23.6262;23.6262;19-Apr-2009

Bandhan Mutual Fund
108692;BANDHAN LIQUID Fund - Regular Plan - Daily IDCW;INF194K01VZ4;INF194K01VY7;10.0025;10.0025;10.0025;19-Apr-2009
108690;BANDHAN LIQUID Fund - Regular Plan - Growth;INF194K01VX9;;10.7405;10.7405;10.7405;19-Apr-2009
108693;BANDHAN LIQUID Fund - Regular Plan - Monthly IDCW;INF194K01WF4;INF194K01WE7;10.0322;10.0322;10.0322;19-Apr-2009
108779;BANDHAN Liquid Fund-Plan A-Dividend (Daily);INF194K01VC3;INF194K01VB5;10.5819;10.5819;10.5819;19-Apr-2009
108778;BANDHAN Liquid Fund-Plan A-Growth;INF194K01UX1;;15.8260;15.8260;15.8260;19-Apr-2009
108607;BANDHAN Liquid Fund - Plan A-Dividend (Weekly);INF194K01VI0;INF194K01VH2;10.1943;10.1943;10.1943;19-Apr-2009
108781;BANDHAN Liquid Fund - Plan B (G) (Institutional Plan);INF194K01VK6;;15.9208;15.9208;15.9208;19-Apr-2009
108629;BANDHAN Liquid Fund - Plan B - Dividend-Weekly;INF194K01VS9;INF194K01VR1;10.0040;10.0040;10.0040;19-Apr-2009
108681;BANDHAN Liquid Fund - Plan B-Daily-Dividend(Institutional Plan);INF194K01VM2;INF194K01VL4;10.5816;10.5816;10.5816;19-Apr-2009

Bank of India Mutual Fund
109257;BANK OF INDIA Liquid Fund- Institutional Plan- Daily Dividend;;;1000.0000;1000.0000;1000.0000;19-Apr-2009
109256;BANK OF INDIA Liquid Fund- Institutional Plan-Growth;INF761K01314;;1062.2899;1062.2899;1062.2899;19-Apr-2009
109254;BANK OF INDIA Liquid Fund- Regular Plan- Growth;INF761K01306;;1058.0455;1058.0455;1058.0455;19-Apr-2009
109255;BANK OF INDIA Liquid Fund- Regular Plan- Weekly IDCW;;INF761K01CP1;1000.6642;1000.6642;1000.6642;19-Apr-2009
109263;BANK OF INDIA Liquid Fund- Super Institutional Plan-Daily Dividend;;;1000.0000;1000.0000;1000.0000;19-Apr-2009
109258;BANK OF INDIA Liquid Fund- Super Institutional Plan-Growth;INF761K01322;;1063.5722;1063.5722;1063.5722;19-Apr-2009

Baroda BNP Paribas Mutual Fund
111707;Baroda BNP Paribas LIQUID FUND - Regular Plan - DAILY IDCW OPTION;INF955L01468;INF955L01476;10.0063;10.0063;10.0063;19-Apr-2009
111704;Baroda BNP Paribas LIQUID FUND - Regular Plan - GROWTH OPTION;INF955L01484;;10.1275;10.1275;10.1275;19-Apr-2009
101408;Baroda BNP Paribas LIQUID FUND- Defunct Plan -Growth Option;INF955L01575;;15.3735;15.3735;15.3735;19-Apr-2009
101407;Baroda BNP Paribas LIQUID FUND-Defunct Plan- IDCW Option;INF955L01559;INF955L01567;13.1728;13.1728;13.1728;19-Apr-2009
101409;Baroda BNP Paribas LIQUID FUND-Defunct Plan-Daily IDCW Option;INF955L01518;INF955L01526;10.0606;10.0606;10.0606;19-Apr-2009

Canara Robeco Mutual Fund
109349;CANARA ROBECO LIQUID FUND - REGULAR PLAN - DAILY IDCW (Reinvestment);;INF760K01CU3;10.0410;10.0410;10.0410;19-Apr-2009
109353;CANARA ROBECO LIQUID FUND - REGULAR PLAN - GROWTH OPTION;INF760K01CW9;;10.7264;10.7264;10.7264;19-Apr-2009
109350;CANARA ROBECO LIQUID FUND - REGULAR PLAN - WEEKLY IDCW (Payout/Reinvestment);INF760K01BZ4;INF760K01CZ2;10.0410;10.0410;10.0410;19-Apr-2009
101363;Canara Robeco Liquid Fund- INSTITUTIONAL-Daily Dividend Reinvestment;;INF760K01CC1;10.0410;10.0410;10.0410;19-Apr-2009
101362;Canara Robeco Liquid Fund- INSTITUTIONAL-Growth;INF760K01CD9;;16.1180;16.1180;16.1180;19-Apr-2009
101361;Canara Robeco Liquid Fund- INSTITUTIONAL-Weekly dividend;;INF760K01CE7;10.0410;10.0410;10.0410;19-Apr-2009
109357;Canara Robeco Liquid Fund-Institutional-Fortnightly Div Reinvest;;INF760K01860;10.0410;10.0410;10.0410;19-Apr-2009
109355;Canara Robeco Liquid Fund-Regular Plan-Fortnightly Div Reinvest.;;INF760K01951;10.0410;10.0410;10.0410;19-Apr-2009
101364;Canara Robeco Liquid Fund-Retail-DRI;;INF760K01CF4;10.0410;10.0410;10.0410;19-Apr-2009
109346;Canara Robeco Liquid Fund-Retail-Fortnightly Div Reinvest;;INF760K01CG2;10.0473;10.0473;10.0473;19-Apr-2009
101365;Canara Robeco Liquid Fund-Retail-Growth;INF760K01CH0;;16.0923;16.0923;16.0923;19-Apr-2009
109347;Canara Robeco Liquid Fund-Retail-Monthly Div Reinvest;;INF760K01CI8;10.0769;10.0769;10.0769;19-Apr-2009
109356;Canara Robeco Liquid Fund-Retail-Weekly Div Reinvest;;INF760K01CJ6;10.0473;10.0473;10.0473;19-Apr-2009

DSP Mutual Fund
103347;DSP Liquidity Fund - Regular Plan - Growth;INF740K01FK9;;1272.0340;1272.0340;1272.0340;19-Apr-2009
103348;DSP Liquidity Fund - Regular Plan - IDCW - Weekly;INF740K01FM5;INF740K01FL7;1000.6499;1000.6499;1000.6499;19-Apr-2009
103349;DSP Liquidity Fund- Regular Plan - IDCW - Daily;;INF740KA1OE0;1000.2000;1000.2000;1000.2000;19-Apr-2009
100943;DSP BlackRock Liquidity Fund - Regular Plan - Daily Dividend;;;10.0100;10.0100;10.0100;19-Apr-2009
100940;DSP BlackRock Liquidity Fund - Regular Plan - Growth;INF740K01CN0;;21.1851;21.1851;21.1851;19-Apr-2009
100941;DSP BlackRock Liquidity Fund - Regular Plan Weekly Dividend;;;12.4053;12.4053;12.4053;19-Apr-2009

Franklin Templeton Mutual Fund
100543;Franklin India Liquid Fund - Liquid Plan - Daily IDCW;;;1000.6730;1000.6730;1000.6730;19-Apr-2009
100544;Franklin India Liquid Fund - Liquid Plan - Growth;;;1336.0313;1336.0313;1336.0313;19-Apr-2009
100542;Franklin India Liquid Fund - Liquid Plan - Weekly Dividend;;;1000.5749;1000.5749;1000.5749;19-Apr-2009
100541;Franklin India Liquid Fund - Regular Plan - Daily - IDCW;;INF090I01BA3;1512.3400;1512.3400;1512.3400;19-Apr-2009
100538;Franklin India Liquid Fund - Regular Plan - Growth;INF090I01BB1;;2183.4206;2183.4206;2183.4206;19-Apr-2009
100537;Franklin India Liquid Fund - Regular Plan - Weekly - IDCW;INF090I01BL0;INF090I01BI6;1244.3238;1244.3238;1244.3238;19-Apr-2009
100547;Franklin India Liquid Fund - Super Institutional Plan - Daily - IDCW;;INF090I01BF2;1000.6730;1000.6730;1000.6730;19-Apr-2009
100546;Franklin India Liquid Fund - Super Institutional Plan - Growth;INF090I01BG0;;1310.8776;1310.8776;1310.8776;19-Apr-2009
100548;Franklin India Liquid Fund - Super Institutional Plan - Weekly - IDCW;INF090I01BM8;INF090I01BH8;1021.1243;1021.1243;1021.1243;19-Apr-2009
102441;Franklin India Liquid Fund - Institution-Growth;INF090I01BD7;;1380.9225;1380.9225;1380.9225;19-Apr-2009
102443;Franklin India Liquid Fund - Institutional Plan - Daily - IDCW;;INF090I01BC9;1000.6730;1000.6730;1000.6730;19-Apr-2009
102442;Franklin India Liquid Fund - Institutional Plan - Weekly - IDCW;INF090I01BJ4;INF090I01BE5;1054.7186;1054.7186;1054.7186;19-Apr-2009

HDFC Mutual Fund
100868;HDFC Liquid Fund - Growth Plan;INF179KB1HK0;;17.5155;17.5155;17.5155;19-Apr-2009
100875;HDFC Liquid Fund - IDCW Daily;;INF179KB1IC5;10.1982;10.1982;10.1982;19-Apr-2009
100876;HDFC Liquid Fund - IDCW Monthly;INF179KB1HM6;INF179KB1HL8;10.2957;10.2957;10.2957;19-Apr-2009
100874;HDFC Liquid Fund - IDCW Plan Weekly;INF179KB1ID3;;10.3195;10.3195;10.3195;19-Apr-2009
100877;HDFC Liquid Fund-Premium Plan - Dividend-Daily;;INF179K01KN4;12.2598;12.2598;12.2598;19-Apr-2009
100881;HDFC Liquid Fund-Premium Plus Plan - Dividend-Weekly;INF179K01KS3;;12.4292;12.4292;12.4292;19-Apr-2009
100872;HDFC Liquid Fund-PREMIUM PLUS- Growth;INF179K01KQ7;;17.7192;17.7192;17.7192;19-Apr-2009
100873;HDFC Liquid Fund-PREMIUM- Growth;INF179KB1HN4;;17.6823;17.6823;17.6823;19-Apr-2009

HSBC Mutual Fund
101700;HSBC Cash Fund - Dividend - Daily;;INF336L01321;10.0056;10.0056;10.0056;19-Apr-2009
101702;HSBC Cash Fund - Dividend - Monthly;INF336L01305;INF336L01297;10.0973;10.0973;10.0973;19-Apr-2009
101701;HSBC Cash Fund - Dividend - Weekly;;INF336L01347;10.2359;10.2359;10.2359;19-Apr-2009
101692;HSBC Cash Fund - Inst. - Dividend - Daily;;INF336L01354;10.4401;10.4401;10.4401;19-Apr-2009
101694;HSBC Cash Fund - Inst. - Dividend - Monthly;INF336L01370;INF336L01362;10.5406;10.5406;10.5406;19-Apr-2009
101693;HSBC Cash Fund - Inst. - Dividend - Weekly;;INF336L01388;10.4649;10.4649;10.4649;19-Apr-2009
101691;HSBC Cash Fund - Inst. - Growth;INF336L01289;;14.6897;14.6897;14.6897;19-Apr-2009
101697;HSBC Cash Fund - Regular - Dividend - Daily;;INF336L01263;10.1930;10.1930;10.1930;19-Apr-2009
101698;HSBC Cash Fund - Regular - Dividend - Weekly;;INF336L01313;10.0181;10.0181;10.0181;19-Apr-2009
101696;HSBC Liquid Fund - Growth closed plan;INF336L01271;;14.5903;14.5903;14.5903;19-Apr-2009
101699;HSBC Liquid Fund Closed;INF336L01339;;13.7852;13.7852;13.7852;19-Apr-2009

ICICI Prudential Mutual Fund
100357;ICICI Prudential Liquid Fund -Quarterly IDCW;INF109K01UU5;INF109K01UT7;10.0348;10.0348;10.0348;19-Apr-2009
100359;ICICI Prudential Liquid Institutional Plus Fund - Div - Daily;INF109K01VJ6;;11.8515;11.8515;11.8515;19-Apr-2009
100360;ICICI Prudential Liquid Institutional Plus Fund - Div - Weekly;INF109K01VM0;;11.8648;11.8648;11.8648;19-Apr-2009
100362;ICICI Prudential Liquid Institutional Plus Fund - Growth;INF109K01VK4;;21.9618;21.9618;21.9618;19-Apr-2009
103343;ICICI Prudential Liquid Fund - Daily IDCW;INF109K01VP3;;10.0005;10.0005;10.0005;19-Apr-2009
103340;ICICI Prudential Liquid Fund - Growth;INF109K01VQ1;;13.0304;13.0304;13.0304;19-Apr-2009
104308;ICICI Prudential Liquid Fund - Half Yearly IDCW;INF109K01UX9;INF109K01UW1;10.0342;10.0342;10.0342;19-Apr-2009
103344;ICICI Prudential Liquid Fund - Institutional Option - I;INF109K01VH0;;12.7474;12.7474;12.7474;19-Apr-2009
103342;ICICI Prudential Liquid Fund - Weekly IDCW;INF109K01VS7;;10.0134;10.0134;10.0134;19-Apr-2009
101748;ICICI Prudential Liquid Fund - Institutional - Daily - Div;INF109K01VE7;;11.8502;11.8502;11.8502;19-Apr-2009
101753;ICICI Prudential Liquid Fund - Institutional - Weekly - Div;INF109K01VI8;;11.8517;11.8517;11.8517;19-Apr-2009
101754;ICICI Prudential Liquid Fund Retail Daily Dividend;INF109K01UR1;;11.8514;11.8514;11.8514;19-Apr-2009
101750;ICICI Prudential Liquid Fund Retail Growth;INF109K01UQ3;;21.5084;21.5084;21.5084;19-Apr-2009
101755;ICICI Prudential Liquid Fund Retail Monthly Dividend;INF109K01US9;;10.0378;10.0378;10.0378;19-Apr-2009
101752;ICICI Prudential Liquid Fund Retail Weekly Dividend;INF109K01UV3;;11.8891;11.8891;11.8891;19-Apr-2009
101751;ICICI Prudential Liquid Institutional Fund - Growth;INF109K01VF4;;21.8445;21.8445;21.8445;19-Apr-2009

Invesco Mutual Fund
104484;Invesco India Liquid Fund - Daily IDCW (Reinvestment);;INF205K01HN3;10.0064;10.0064;10.0064;19-Apr-2009
104486;Invesco India Liquid Fund - Growth;INF205K01HM5;;12.1257;12.1257;12.1257;19-Apr-2009
104488;Invesco India Liquid Fund - Regular - Growth;INF205K01HG7;;12.0221;12.0221;12.0221;19-Apr-2009
104489;Invesco India Liquid Fund - Regular - Weekly IDCW (Reinvestment);;INF205K01HH5;10.0114;10.0114;10.0114;19-Apr-2009
104485;Invesco India Liquid Fund - Weekly IDCW (Reinvestment);INF205KA1BD7;INF205K01HO1;10.0124;10.0124;10.0124;19-Apr-2009
104483;Religare Invesco Liquid Fund - Institutional - Daily Dividend;;INF205K01HJ1;10.0064;10.0064;10.0064;19-Apr-2009
104491;Religare Invesco Liquid Fund - Institutional - Growth;INF205K01HI3;;12.1056;12.1056;12.1056;19-Apr-2009
104490;Religare Invesco Liquid Fund - Institutional - Weekly Dividend;;INF205K01HK9;10.0122;10.0122;10.0122;19-Apr-2009

JM Financial Mutual Fund
100241;JM High Liquidity Fund-- Institutional Plan - Dividend;INF192K01924;INF192K01932;10.4090;10.4090;10.4090;19-Apr-2009
100237;JM High Liquidity Fund-- Institutional Plan - Growth;INF192K01940;;14.5545;14.5545;14.5545;19-Apr-2009
100243;JM High Liquidity Fund-- Premium Plan - Daily Dividend Option;;;10.0000;10.0000;10.0000;19-Apr-2009
100238;JM High Liquidity Fund-Institutional Plan - Daily Dividend;;INF192K01916;10.0159;10.0159;10.0159;19-Apr-2009
100245;JM High Liquidity Fund-Super Institutional Plan- Daily Dividend;;INF192K01957;10.0165;10.0165;10.0165;19-Apr-2009
100246;JM High Liquidity Fund-Super Institutional Plan- Weekly  Dividend;INF192K01965;INF192K01973;10.0000;10.0000;10.0000;19-Apr-2009
100244;JM Liquid Fund (Regular) - Quarterly IDCW;INF192K01866;INF192K01874;13.6534;13.6534;13.6534;19-Apr-2009
100247;JM Liquid Fund (Regular) - Super Institutional Plan - Growth Option;INF192K01981;;13.8386;13.8386;13.8386;19-Apr-2009
100233;JM Liquid Fund (Regular) - Weekly IDCW;INF192K01841;INF192K01858;10.6512;10.6512;10.6512;19-Apr-2009
100234;JM Liquid Fund - Growth Option;INF192K01882;;24.1229;24.1229;24.1229;19-Apr-2009
101549;JM Liquid Fund (Regular) - Bonus Option - Principal Units;INF192K01890;;12.6679;12.6679;12.6679;19-Apr-2009
101078;JM Liquid Fund (Regular) - Daily IDCW;;INF192K01833;10.4302;10.4302;10.4302;19-Apr-2009

Kotak Mahindra Mutual Fund
100833;Kotak Liquid Fund - Regular  - Daily Reinvestment of Income Distribution cum capital withdrawal option;;INF174K01NL3;12.2281;12.2281;12.2281;19-Apr-2009
100835;Kotak Liquid Fund - Regular Plan - Growth;INF174K01NI9;;17.8832;17.8832;17.8832;19-Apr-2009
100831;Kotak Liquid Fund -Institutional Plan - (Daily Dividend);;INF174K01GA0;12.2281;12.2281;12.2281;19-Apr-2009
100834;Kotak Liquid Fund Regular Plan Weekly Reinvestment of Income Distribution cum capital withdrawal option Dividend;INF174K01NK5;;10.0442;10.0442;10.0442;19-Apr-2009
100830;Kotak Liquid-Institutional Plan  (Growth);INF174K01FZ9;;17.5855;17.5855;17.5855;19-Apr-2009
100832;Kotak Liquid-Institutional Plan (Weekly Dividend);;INF174K01GB8;10.0303;10.0303;10.0303;19-Apr-2009
100828;Kotak Liquid-Regular (Dividend);;INF174K01FY2;10.0297;10.0297;10.0297;19-Apr-2009
100829;Kotak Liquid-Regular (Growth);INF174K01NM1;;17.2302;17.2302;17.2302;19-Apr-2009

Mirae Asset Mutual Fund
111647;Mirae Asset Liquid Fund - Regular - Daily IDCW;;INF769K01804;1008.7749;1008.7749;1008.7749;19-Apr-2009
111646;Mirae Asset Liquid Fund - Regular Plan - Growth;INF769K01788;;1008.7392;1008.7392;1008.7392;19-Apr-2009
111645;Mirae Asset Liquid Fund - Regular Plan - Monthly IDCW;INF769K01838;INF769K01820;1008.7972;1008.7972;1008.7972;19-Apr-2009
111644;Mirae Asset Liquid Fund - Regular Plan - Weekly IDCW;INF769K01PC4;INF769K01812;1008.7996;1008.7996;1008.7996;19-Apr-2009

Nippon India Mutual Fund
100852;NIPPON INDIA LIQUID FUND - DAILY IDCW OPTION;;INF204K01UM1;15.2872;15.2872;15.2872;19-Apr-2009
100855;NIPPON INDIA LIQUID FUND - MONTHLY IDCW OPTION;INF204K01UO7;INF204K01UP4;21.5201;21.5201;21.5201;19-Apr-2009
100837;Nippon India Liquid Fund - Retail Option - Growth Plan;INF204K01UL3;;21.1839;21.1839;21.1839;19-Apr-2009
100842;NIPPON INDIA LIQUID FUND - RETAIL Plan - DAILY IDCW OPTION;;INF204K01UJ7;15.2426;15.2426;15.2426;19-Apr-2009
100843;NIPPON INDIA LIQUID FUND - RETAIL plan - MONTHLY IDCW OPTION;INF204K01UT6;INF204K01UU4;13.2905;13.2905;13.2905;19-Apr-2009
100844;NIPPON INDIA LIQUID FUND - RETAIL Plan - QUARTERLY IDCW OPTION;INF204K01UV2;INF204K01UW0;12.2091;12.2091;12.2091;19-Apr-2009
100838;NIPPON INDIA LIQUID FUND - RETAIL Plan - WEEKLY IDCW OPTION;;INF204K01UK5;10.3450;10.3450;10.3450;19-Apr-2009
100853;NIPPON INDIA LIQUID FUND - WEEKLY IDCW OPTION;INF204KC1FM8;INF204K01US8;15.3078;15.3078;15.3078;19-Apr-2009
100851;Nippon India Liquid Fund -Growth Plan;INF204K01UN9;;21.5201;21.5201;21.5201;19-Apr-2009
100849;Reliance Liquid Fund-Cash Plan-Daily Dividend Reinvestment Option;;;11.1415;11.1415;11.1415;19-Apr-2009
100845;Reliance Liquid Fund-Cash Plan-Growth Plan;;;14.6812;14.6812;14.6812;19-Apr-2009
100848;Reliance Liquid Fund-Cash Plan-Weekly Dividend Reinvestment Option;;;10.9180;10.9180;10.9180;19-Apr-2009

Principal Mutual Fund
100895;Principal Cash Management Fund - Daily Income Distribution CUM Capital Withdrawal;;INF173K01DB7;10.0007;10.0007;10.0007;19-Apr-2009
100897;Principal Cash Management Fund - Monthly Income Distribution CUM Capital Withdrawal Option;INF173K01BV9;INF173K01BW7;10.0552;10.0552;10.0552;19-Apr-2009
100896;Principal Cash Management Fund - Weekly Income Distribution CUM Capital Withdrawal Option;;INF173K01DC5;10.0436;10.0436;10.0436;19-Apr-2009
100898;Principal Cash Management Fund -Growth Option;INF173K01DA9;;13.7788;13.7788;13.7788;19-Apr-2009
100892;Principal Cash Management-Liquid Option-Daily Dividend;;;10.0022;10.0022;10.0022;19-Apr-2009
100887;Principal Cash Management-Liquid Option-Dividend Plan;;;10.1242;10.1242;10.1242;19-Apr-2009
100888;Principal Cash Management-Liquid Option-Growth Plan;;;17.1722;17.1722;17.1722;19-Apr-2009
100894;Principal Cash Management-Liquid Option-Institutional - Daily Dividend Plan;;;10.0022;10.0022;10.0022;19-Apr-2009
100893;Principal Cash Management-Liquid Option-Institutional - Growth Plan;;;14.4890;14.4890;14.4890;19-Apr-2009
100891;Principal Cash Management-Liquid Option-Institutional - Monthly Dividend Plan;;;10.0317;10.0317;10.0317;19-Apr-2009
100890;Principal Cash Management-Liquid Option-Institutional - Weekly Dividend Plan;;;10.0060;10.0060;10.0060;19-Apr-2009
100889;Principal Cash Management-Liquid Option-Monthly Dividend;;;10.0303;10.0303;10.0303;19-Apr-2009

Quantum Mutual Fund
103736;Quantum Liquid Fund - Direct Plan Daily IDCW;;INF082J01135;10.0000;10.0000;10.0000;19-Apr-2009
103734;Quantum Liquid Fund - Direct Plan Growth Option;INF082J01127;;12.5881;12.5881;12.5881;19-Apr-2009
103735;Quantum Liquid Fund - Direct Plan Monthly IDCW;INF082J01143;INF082J01200;10.0439;10.0439;10.0439;19-Apr-2009

SBI Mutual Fund
105274;SBI Liquid Fund - Institutional - Growth;INF200K01LU1;;14.0861;14.0861;14.0861;19-Apr-2009
105275;SBI Liquid Fund - Institutional Daily Income Distribution cum Capital Withdrawal Option (IDCW);;INF200K01LR7;10.0325;10.0325;10.0325;19-Apr-2009
105279;SBI Liquid Fund - Institutional Fortnightly Income Distribution cum Capital Withdrawal Option (IDCW);INF200K01LS5;INF200K01LT3;10.1383;10.1383;10.1383;19-Apr-2009
105278;SBI Liquid Fund - Institutional Weekly Income Distribution cum Capital Withdrawal Option (IDCW);INF200K01LV9;INF200K01LW7;10.6005;10.6005;10.6005;19-Apr-2009
105281;SBI Liquid Fund - Regular Plan - Daily Income Distribution cum Capital Withdrawal Option (IDCW);;INF200K01LX5;10.0325;10.0325;10.0325;19-Apr-2009
105283;SBI Liquid Fund - Regular Plan - Fortnightly Income Distribution cum Capital Withdrawal Option (IDCW);INF200K01LY3;INF200K01LZ0;N.A.;N.A.;N.A.;19-Apr-2009
105282;SBI Liquid Fund - Regular Plan - Weekly Income Distribution cum Capital Withdrawal Option (IDCW);INF200K01MB9;INF200K01MC7;N.A.;N.A.;N.A.;19-Apr-2009
105280;SBI Liquid Fund - REGULAR PLAN -Growth;INF200K01MA1;;13.9297;13.9297;13.9297;19-Apr-2009

Tata Mutual Fund
102672;Tata Liquid Fund -Regular Plan - Growth Option;INF277K01YD8;;13.9230;13.9230;13.9230;19-Apr-2009
101714;Tata Liquid Fund- Regular Plan - Daily Reinvestment of IDCW Option;;INF277K011D4;10.0152;10.0152;10.0152;19-Apr-2009

Taurus Mutual Fund
111703;Taurus Liquid Fund - Regular Plan -SI Daily Dividend Option;;INF044D01518;10.0000;10.0000;10.0000;19-Apr-2009
111760;Taurus Liquid Fund Insti Growth;INF044D01500;;10.0000;10.0000;10.0000;19-Apr-2009
104240;Taurus Liquid Fund-Dividend;INF044D01542;INF044D01559;10.0114;10.0114;10.0114;19-Apr-2009
104241;Taurus Liquid Fund-Growth;INF044D01575;;11.7215;11.7215;11.7215;19-Apr-2009

UTI Mutual Fund
102010;UTI Liquid Fund - Regular Plan - Daily IDCW (Reinvestment);;INF789F01PG3;1019.4457;1019.4457;1019.4457;19-Apr-2009
102011;UTI Liquid Fund - Regular Plan - Monthly IDCW;INF789F01PI9;INF789F01PJ7;1027.9366;1027.9366;1027.9366;19-Apr-2009
102013;UTI Liquid Fund - Regular Plan - Weekly IDCW;;INF789F01PK5;1022.8295;1022.8295;1022.8295;19-Apr-2009
102012;UTI-  Liquid Cash Plan - Regular Plan - Growth Option;INF789F01PH1;;1450.4661;1450.4661;1450.4661;19-Apr-2009
102008;UTI-  Liquid Cash Plan- Discontinued - Regular Plan - Monthly Dividend Option;INF789F01BC2;INF789F01BA6;1059.4339;1059.4339;1059.4339;19-Apr-2009
102009;UTI-  Liquid Cash Plan- Discontinued - Regular Plan -Growth;INF789F01BB4;;1435.3283;1435.3283;1435.3283;19-Apr-2009
102007;UTI-  Liquid Cash Plan- Discontinued -Regular Plan Periodic Dividend Option;;INF789F01AZ5;1048.227;1048.227;1048.227;19-Apr-2009

Open Ended Schemes ( Debt Scheme - Ultra Short Duration Fund )


Principal Mutual Fund
107325;Principal Money Manager Fund-Regular Plan-Daily Dividend Option;;;10.0247;10.0247;10.0247;19-Apr-2009
107331;Principal Money Manager Fund-Regular Plan-Growth Option;;;10.8602;10.8602;10.8602;19-Apr-2009
107327;Principal Money Manager Fund-Regular Plan-Monthly Dividend Option;;;10.5379;10.5379;10.5379;19-Apr-2009
107326;Principal Money Manager Fund-Regular Plan-Weekly Dividend Option;;;10.1067;10.1067;10.1067;19-Apr-2009
107329;Principal Ultra Short Term Fund-Daily Income Distribution CUM Capital Withdrawal Option;;INF173K01CV7;10.0247;10.0247;10.0247;19-Apr-2009
107328;Principal Ultra Short Term Fund-Growth Option;INF173K01CU9;;10.4975;10.4975;10.4975;19-Apr-2009
107330;Principal Ultra Short Term Fund-Monthly Income Distribution CUM Capital Withdrawal Option;INF173K01CB9;INF173K01CC7;10.4006;10.4006;10.4006;19-Apr-2009
107332;Principal Ultra Short Term Fund-Weekly Income Distribution CUM Capital Withdrawal Option;;INF173K01CW5;10.1161;10.1161;10.1161;19-Apr-2009

SBI Mutual Fund
105080;SBI Ultra Short Duration Fund - Regular Plan - Daily Income Distribution cum Capital Withdrawal Option (IDCW);;INF200K01LK2;16.7503;16.7503;16.7503;19-Apr-2009
100641;SBI ULTRA SHORT DURATION FUND - REGULAR PLAN - GROWTH;INF200K01LJ4;;19.7016;19.7016;19.7016;19-Apr-2009
103884;SBI Ultra Short Duration Fund - Regular Plan - Weekly Income Distribution cum Capital Withdrawal Option (IDCW);INF200K01LM8;INF200K01LL0;10.7709;10.7709;10.7709;19-Apr-2009

Open Ended Schemes ( Debt Scheme - Low Duration Fund )


Aditya Birla Sun Life Mutual Fund
103192;Aditya Birla Sun Life Low Duration Fund - Growth Plan;INF209K01LQ0;;21.5820;21.5820;21.5820;19-Apr-2009
103195;Aditya Birla Sun Life Low Duration Fund - Institutional Plan - Growth;INF209K01KE8;;14.7427;14.7427;14.7427;19-Apr-2009
103191;Aditya Birla Sun Life Low Duration Fund -INSTITUTIONAL - DAILY IDCW;;INF209K01KD0;10.0030;10.0030;10.0030;19-Apr-2009
103194;Aditya Birla Sun Life Low Duration Fund -Institutional - weekly  IDCW;;INF209K01KG3;10.0082;10.0082;10.0082;19-Apr-2009
103193;Aditya Birla Sun Life Low Duration Fund -REGULAR - WEEKLY IDCW;;INF209KA1LQ4;10.0077;10.0077;10.0077;19-Apr-2009

Bandhan Mutual Fund
108633;BANDHAN Low Duration Fund - Regular Plan - Daily IDCW;INF194K01FW4;INF194K01FV6;10.0125;10.0125;10.0125;19-Apr-2009
108632;BANDHAN Low Duration Fund - Regular Plan - Growth;INF194K01FU8;;12.1425;12.1425;12.1425;19-Apr-2009
108635;BANDHAN Low Duration Fund - Regular Plan - Monthly IDCW;INF194K01FZ7;INF194K01FY0;10.0253;10.0253;10.0253;19-Apr-2009
108634;BANDHAN Low Duration Fund - Regular Plan - Weekly IDCW;INF194K01GC4;INF194K01GB6;10.0052;10.0052;10.0052;19-Apr-2009

Canara Robeco Mutual Fund
104559;CANARA ROBECO SAVINGS FUND - REGULAR PLAN - DAILY IDCW (Reinvestment);;INF760K01803;10.2600;10.2600;10.2600;19-Apr-2009
102913;CANARA ROBECO SAVINGS FUND - REGULAR PLAN - GROWTH OPTION;INF760K01795;;13.6174;13.6174;13.6174;19-Apr-2009
102914;CANARA ROBECO SAVINGS FUND - REGULAR PLAN - IDCW (Payout/Reinvestment);INF760K01779;INF760K01787;13.0941;13.0941;13.0941;19-Apr-2009
102915;CANARA ROBECO SAVINGS FUND - REGULAR PLAN - WEEKLY IDCW (Payout/Reinvestment);INF760K01CB3;INF760K01811;10.2664;10.2664;10.2664;19-Apr-2009

Open Ended Schemes ( Debt Scheme - Money Market Fund )


Aditya Birla Sun Life Mutual Fund
101975;Aditya Birla Sun Life Floating Rate Fund-Short Term Plan-Institutional Fortnightly Dividend;;;10.0000;10.0000;10.0000;19-Apr-2009
101973;Aditya Birla Sun Life Money Manager Fund - Daily IDCW;;INF209K01SZ6;10.0086;10.0086;10.0086;19-Apr-2009
101976;Aditya Birla Sun Life Money Manager Fund - Growth;INF209K01RV7;;11.6581;11.6581;11.6581;19-Apr-2009
101972;Aditya Birla Sun Life Money Manager Fund - Retail - Daily IDCW;;INF209K01JZ5;10.0015;10.0015;10.0015;19-Apr-2009
101970;Aditya Birla Sun Life Money Manager Fund - RETAIL - WEEKLY IDCW;;INF209K01JY8;10.3780;10.3780;10.3780;19-Apr-2009
101971;Aditya Birla Sun Life Money Manager Fund - Retail Growth;INF209K01MJ3;;14.4796;14.4796;14.4796;19-Apr-2009
101974;Aditya Birla Sun Life Money Manager Fund - WEEKLY IDCW;;INF209K01SY9;10.0110;10.0110;10.0110;19-Apr-2009

Franklin Templeton Mutual Fund
101352;Templeton Floating Rate Income Fund-Short Term Plan-Dividend Option;;;10.0491;10.0491;10.0491;19-Apr-2009
101353;Templeton Floating Rate Income Fund-Short Term Plan-Growth Option;;;16.0241;16.0241;16.0241;19-Apr-2009
101355;Templeton Floating Rate Income Fund-Short Term Plan-Institutional Option - Dividend;;;10.1505;10.1505;10.1505;19-Apr-2009
101354;Templeton Floating Rate Income Fund-Short Term Plan-Institutional Option - Growth;;;13.2041;13.2041;13.2041;19-Apr-2009

HDFC Mutual Fund
101994;HDFC Money Market Fund - Daily IDCW Option;;INF179KB1IG6;10.6364;10.6364;10.6364;19-Apr-2009
101993;HDFC Money Market Fund - Growth Option;INF179KB1HR5;;18.442;18.442;18.442;19-Apr-2009
101995;HDFC Money Market Fund - Weekly IDCW Option;INF179KB1IH4;INF179KB1II2;10.6281;10.6281;10.6281;19-Apr-2009

ICICI Prudential Mutual Fund
101221;ICICI Prudential Money Market Fund Retail Growth (erstwhile Cash Option);INF109K01TW3;;14.7148;14.7148;14.7148;19-Apr-2009
103634;ICICI Prudential Money Market Fund Option - Daily IDCW;INF109K01TY9;;10.0010;10.0010;10.0010;19-Apr-2009
103633;ICICI Prudential Money Market Fund Option - Growth;INF109K01TX1;;12.5438;12.5438;12.5438;19-Apr-2009
103637;ICICI Prudential Money Market Fund Option - Monthly IDCW;INF109K01UC3;INF109K01UB5;10.0370;10.0370;10.0370;19-Apr-2009
103635;ICICI Prudential Money Market Fund Option - Weekly IDCW;INF109K01TZ6;;10.0224;10.0224;10.0224;19-Apr-2009
103636;ICICI Prudential Money Market Fund Option -Fortnightly IDCW;INF109K01UA7;;10.0175;10.0175;10.0175;19-Apr-2009

Kotak Mahindra Mutual Fund
106842;Kotak Money Market Fund - (Daily Reinvestment of Income Distribution cum capital withdrawal option);INF174K01ND0;;10.0428;10.0428;10.0428;19-Apr-2009
101893;Kotak Money Market Fund - (Growth);INF174K01NA6;;14.542;14.542;14.542;19-Apr-2009
101892;Kotak Money market Fund - (Monthly Payout of Income Distribution cum capital withdrawal option);INF174K018O0;INF174K01NB4;10.0132;10.0132;10.0132;19-Apr-2009
101894;Kotak Money Market Fund - (Weekly Reinvestment of Income Distribution cum capital withdrawal option);INF174K01NC2;;10.0354;10.0354;10.0354;19-Apr-2009

Nippon India Mutual Fund
103050;NIPPON INDIA MONEY MARKET FUND - DAILY IDCW Option;;INF204K01UY6;10.0031;10.0031;10.0031;19-Apr-2009
103052;NIPPON INDIA MONEY MARKET FUND - MONTHLY IDCW Option;INF204K01VB2;INF204K01VC0;13.2881;13.2881;13.2881;19-Apr-2009
103051;NIPPON INDIA MONEY MARKET FUND - WEEKLY IDCW Option;;INF204K01UZ3;10.0052;10.0052;10.0052;19-Apr-2009
103048;Nippon India Money Market Fund-Growth Plan-Growth Option;INF204K01VA4;;13.2881;13.2881;13.2881;19-Apr-2009

Tata Mutual Fund
101986;Tata Money Market Fund- Regular Plan - Daily Reinvestment of IDCW Option;;INF277K014C0;1114.5200;1114.5200;1114.5200;19-Apr-2009
101847;Tata Money Market Fund-Regular Plan - Growth Option;INF277K01LQ7;;1631.7302;1631.7302;1631.7302;19-Apr-2009

UTI Mutual Fund
100724;UTI MMF- Discontinued - Regular Plan - Flexi Dividend Option;;INF789F01BD0;18.3504;18.3504;18.3504;19-Apr-2009
100725;UTI MMF- Discontinued - Regular Plan - Periodic Dividend Option;INF789F01BE8;;18.2445;18.2445;18.2445;19-Apr-2009
100723;UTI MMF-Discontinued - Regular Plan -Growth;INF789F01BF5;;24.6971;24.6971;24.6971;19-Apr-2009

Open Ended Schemes ( Debt Scheme - Credit Risk Fund )


Principal Mutual Fund
102729;Principal Credit Risk Fund - Regular Plan - Growth Option;INF173K01DM4;;13.8382;13.8382;13.8382;19-Apr-2009
102732;Principal Credit Risk Fund - Regular Plan - Monthly Dividend Option;INF173K01BJ4;INF173K01BK2;11.5447;11.5447;11.5447;19-Apr-2009
102726;Principal Floating Rate Fund - SMP-Daily Dividend;;;10.0007;10.0007;10.0007;19-Apr-2009
102725;Principal Floating Rate Fund - SMP-Growth;;;13.7724;13.7724;13.7724;19-Apr-2009
102730;Principal Floating Rate Fund - SMP-Insti. Daily Dividend;;;10.0007;10.0007;10.0007;19-Apr-2009
102731;Principal Floating Rate Fund - SMP-Insti. Weekly Dividend;;;10.0053;10.0053;10.0053;19-Apr-2009
102728;Principal Floating Rate Fund - SMP-Monthly Dividend;;;10.7665;10.7665;10.7665;19-Apr-2009
102727;Principal Floating Rate Fund - SMP-Weekly Dividend;;;10.0051;10.0051;10.0051;19-Apr-2009

Open Ended Schemes ( Debt Scheme - Floater Fund )


Franklin Templeton Mutual Fund
101048;Franklin India Floating Rate Fund - Growth Plan;INF090I01LM7;;15.5412;15.5412;15.5412;19-Apr-2009
101044;Franklin India Floating Rate Fund - IDCW ;INF090I01LN5;;10.0000;10.0000;10.0000;19-Apr-2009

Nippon India Mutual Fund
102676;NIPPON INDIA FLOATER FUND - DAILY IDCW REINVESTMENT Option;;INF204K01CI7;10.0697;10.0697;10.0697;19-Apr-2009
102673;Nippon India Floater Fund - Growth Plan-Growth Option;INF204K01CG1;;13.8535;13.8535;13.8535;19-Apr-2009
102675;NIPPON INDIA FLOATER FUND - MONTHLY IDCW Option;INF204K01CH9;INF204K01CK3;10.1653;10.1653;10.1653;19-Apr-2009
102677;NIPPON INDIA FLOATER FUND - WEEKLY IDCW Option;INF204K01OQ5;INF204K01CJ5;10.0847;10.0847;10.0847;19-Apr-2009

Close Ended Schemes ( Income )


SBI Mutual Fund
111829;SBI Debt Fund Series-13 Months-9(13/03/2009)-Institutional Dividend;;;10.0720;N.A.;N.A.;19-Apr-2009
111828;SBI Debt Fund Series-13 Months-9(13/03/2009)-Institutional Growth;;;10.0736;N.A.;N.A.;19-Apr-2009
111831;SBI Debt Fund Series-13 Months-9(13/03/2009)-Retail Dividend;;;10.0585;N.A.;N.A.;19-Apr-2009
111830;SBI Debt Fund Series-13 Months-9(13/03/2009)-Retail Growth;;;10.0734;N.A.;N.A.;19-Apr-2009
111889;REDEEMED-SBI Debt Fund Series - 13 Months - 10 (24/03/09) - Institutional Dividend;;;10.0511;N.A.;N.A.;19-Apr-2009
111890;REDEEMED-SBI Debt Fund Series - 13 Months - 10 (24/03/09) - Institutional Growth;;;10.0512;N.A.;N.A.;19-Apr-2009
111891;REDEEMED-SBI Debt Fund Series - 13 Months - 10 (24/03/09) - Retail Dividend;;;10.0486;N.A.;N.A.;19-Apr-2009
111892;REDEEMED-SBI Debt Fund Series - 13 Months - 10 (24/03/09) - Retail Growth;;;10.0496;N.A.;N.A.;19-Apr-2009
