Scheme Code;Scheme Name;ISIN Div Payout/ISIN Growth;ISIN Div Reinvestment;Net Asset Value;Repurchase Price;Sale Price;Date

Open Ended Schemes ( Liquid )


Sahara Mutual Fund
101397;Sahara Liquid Fund-Fixed Pricing -  Weekly Dividend Option;;INF515L01064;1027.4373;;;03-Feb-2019
101393;Sahara Liquid Fund-Fixed Pricing - Daily Dividend Option;;INF515L01049;1266.8052;;;03-Feb-2019
120265;Sahara Liquid Fund-Fixed Pricing - Direct - Weekly Dividend Option;;INF515L01668;1027.4373;;;03-Feb-2019
120262;Sahara Liquid Fund-Fixed Pricing - Direct -Growth option;INF515L01650;;3024.287;;;03-Feb-2019
101394;Sahara Liquid Fund-Fixed Pricing - Growth option;INF515L01056;;3100.0404;;;03-Feb-2019
101398;Sahara Liquid Fund-Fixed Pricing - Monthly Dividend Option;;INF515L01072;1043.3721;;;03-Feb-2019
120253;Sahara Liquid Fund-Fixed Pricing -Direct - Daily Dividend Option- Direct;;INF515L01643;1266.8052;;;03-Feb-2019
120266;Sahara Liquid Fund-Fixed Pricing -Direct - Monthly Dividend Option;;INF515L01676;1043.3721;;;03-Feb-2019
101399;Sahara Liquid Fund-Variable Pricing - Daily Dividend option;;INF515L01080;1278.6684;;;03-Feb-2019
101402;Sahara Liquid Fund-Variable Pricing - Growth option;INF515L01114;;3171.3895;;;03-Feb-2019
101400;Sahara Liquid Fund-Variable Pricing - Weekly Dividend Option;;INF515L01098;1289.5944;;;03-Feb-2019
120271;Sahara Liquid Fund-Variable Pricing -Direct - Daily Dividend option;;INF515L01684;1038.8267;;;03-Feb-2019
120280;Sahara Liquid Fund-Variable Pricing -Direct - Growth option;INF515L01718;;3177.9829;;;03-Feb-2019
120272;Sahara Liquid Fund-Variable Pricing -Direct - Weekly Dividend Option;;INF515L01692;1289.5944;;;03-Feb-2019
120273;Sahara Liquid Fund-Variable Pricing- Direct - Monthly Dividend Option;;INF515L01700;1055.8972;;;03-Feb-2019
101401;Sahara Liquid Fund-Variable Pricing- Monthly Dividend Option;;INF515L01106;1302.4312;;;03-Feb-2019

Open Ended Schemes ( Debt Scheme - Overnight Fund )


Aditya Birla Sun Life Mutual Fund
145488;ADITYA BIRLA SUN LIFE OVERNIGHT FUND-  Direct - Monthly Payout of IDCW;INF209KB1ZL4;;1001.5642;;;03-Feb-2019
145489;ADITYA BIRLA SUN LIFE OVERNIGHT FUND-  Direct - Weekly Reinvestment of IDCW;;INF209KB1ZJ8;1000.3607;;;03-Feb-2019
145482;ADITYA BIRLA SUN LIFE OVERNIGHT FUND-  Regular - Weekly Reinvestment of IDCW option;;INF209KB1ZE9;1000.3587;;;03-Feb-2019
145487;ADITYA BIRLA SUN LIFE OVERNIGHT FUND- Direct - Daily Reinvestment of IDCW;;INF209KB1ZI0;1000.02;;;03-Feb-2019
145483;ADITYA BIRLA SUN LIFE OVERNIGHT FUND- Regular - Daily Reinvestment of IDCW;;INF209KB1ZD1;1000.02;;;03-Feb-2019
145485;ADITYA BIRLA SUN LIFE OVERNIGHT FUND- Regular- Monthly Payout of IDCW option;INF209KB1ZG4;;1001.5376;;;03-Feb-2019
145486;ADITYA BIRLA SUN LIFE OVERNIGHT FUND-DIRECT PLAN-GROWTH;INF209KB1ZH2;;1016.5368;;;03-Feb-2019
145481;ADITYA BIRLA SUNLIFE OVERNIGHT FUND-REGULAR PLAN-GROWTH;INF209KB1ZC3;;1016.1504;;;03-Feb-2019

Bandhan Mutual Fund
146190;BANDHAN Overnight Fund - Direct Plan - Daily IDCW;INF194KB1462;INF194KB1470;1000.0000;;;03-Feb-2019
146191;BANDHAN Overnight Fund - Direct Plan - Growth;INF194KB1447;;1002.9550;;;03-Feb-2019
146192;BANDHAN Overnight Fund - Direct Plan - Weekly IDCW;INF194KB1553;INF194KB1561;1000.4272;;;03-Feb-2019
146188;BANDHAN Overnight Fund - Regular Plan - Daily IDCW;INF194KB1330;INF194KB1348;1000.0000;;;03-Feb-2019
146187;BANDHAN Overnight Fund - Regular Plan - Growth;INF194KB1314;;1002.9073;;;03-Feb-2019
146185;BANDHAN Overnight Fund - Regular Plan - Monthly IDCW;INF194KB1363;INF194KB1371;1000.6758;;;03-Feb-2019

DSP Mutual Fund
146062;DSP Overnight Fund - Direct Plan - Growth;INF740KA1MC8;;1004.5922;;;03-Feb-2019
146065;DSP Overnight Fund - Direct Plan - IDCW - Daily;;INF740KA1OR2;1000.0000;;;03-Feb-2019
146064;DSP Overnight Fund - Direct Plan - IDCW - Weekly;INF740KA1OS0;INF740KA1OT8;1000.5228;;;03-Feb-2019
146061;DSP Overnight Fund - Regular Plan - Growth;INF740KA1MB0;;1004.5194;;;03-Feb-2019
146066;DSP Overnight Fund - Regular Plan - IDCW - Daily;;INF740KA1OU6;1000.0000;;;03-Feb-2019
146063;DSP Overnight Fund - Regular Plan - IDCW - Weekly;INF740KA1OV4;INF740KA1OW2;1000.5400;;;03-Feb-2019

HDFC Mutual Fund
119109;HDFC Overnight Fund - Daily IDCW Option - Direct Plan;;INF179KB1HY1;1042.66;;;03-Feb-2019
101996;HDFC Overnight Fund - Growth Option;INF179KB1HS3;;2785.8002;;;03-Feb-2019
119110;HDFC Overnight Fund - Growth Option - Direct Plan;INF179KB1HT1;;2796.0003;;;03-Feb-2019
101997;HDFC Overnight Fund - IDCW Option (Daily);;INF179KB1IF8;1042.66;;;03-Feb-2019

ICICI Prudential Mutual Fund
145547;ICICI Prudential Overnight Fund - Daily IDCW;;INF109KC18E1;100.0005;;;03-Feb-2019
145537;ICICI Prudential Overnight Fund - Direct Plan - Daily IDCW;;INF109KC12G9;100.0005;;;03-Feb-2019
145536;ICICI Prudential Overnight Fund - Direct Plan - Growth;INF109KC11G1;;101.4101;;;03-Feb-2019
145545;ICICI Prudential Overnight Fund - Direct Plan - Half Yearly IDCW;INF109KC11H9;INF109KC12H7;100.7997;;;03-Feb-2019
145542;ICICI Prudential Overnight Fund - Direct Plan - Monthly IDCW;INF109KC13G7;INF109KC14G5;100.0688;;;03-Feb-2019
145539;ICICI Prudential Overnight Fund - Direct Plan - Weekly IDCW;INF109KC16G0;INF109KC15G2;100.1036;;;03-Feb-2019
145535;ICICI Prudential Overnight Fund - Growth;INF109KC17E3;;101.3877;;;03-Feb-2019
145538;ICICI Prudential Overnight Fund - Weekly IDCW;INF109KC12F1;INF109KC11F3;100.0504;;;03-Feb-2019

Kotak Mahindra Mutual Fund
146141;Kotak Overnight Fund -Direct Plan-Growth Option;INF174KA1BF9;;1003.4365;;;03-Feb-2019
146142;Kotak Overnight Fund -Regular plan-Growth Option;INF174KA1BC6;;1003.4093;;;03-Feb-2019

L&T Mutual Fund
118066;L&T Overnight Fund  - Regular Plan - Monthly IDCW;INF917K01EL4;INF917K01EM2;1020.1989;;;03-Feb-2019
119283;L&T Overnight Fund - Direct Plan - Growth;INF917K01EN0;;1466.4359;;;03-Feb-2019
119284;L&T Overnight Fund - Direct Plan- Daily IDCW;;INF917K01EO8;1023.3;;;03-Feb-2019
119282;L&T Overnight Fund - Direct Plan- Monthly IDCW;INF917K01ER1;;1061.9157;;;03-Feb-2019
119285;L&T Overnight Fund - Direct Plan- Weekly IDCW;;INF917K01EP5;1002.4583;;;03-Feb-2019
118056;L&T Overnight Fund - Regular Plan - Daily IDCW;;INF917K01EJ8;1023.3;;;03-Feb-2019
118058;L&T Overnight Fund - Regular Plan - Growth;INF917K01EI0;;1409.8834;;;03-Feb-2019
118065;L&T Overnight Fund - Regular Plan - Weekly IDCW;;INF917K01EK6;1000.9489;;;03-Feb-2019

Nippon India Mutual Fund
145830;NIPPON INDIA OVERNIGHT FUND - DAILY IDCW Option;;INF204KB1Q73;100.0050;;;03-Feb-2019
145812;NIPPON INDIA OVERNIGHT FUND - DIRECT Plan - DAILY IDCW Option;;INF204KB1R49;100.0050;;;03-Feb-2019
145810;Nippon India Overnight Fund - Direct Plan - Growth Option;INF204KB1R31;;100.8425;;;03-Feb-2019
145824;NIPPON INDIA OVERNIGHT FUND - DIRECT Plan - MONTHLY IDCW Option;INF204KB1R64;INF204KB1R72;100.3159;;;03-Feb-2019
145825;NIPPON INDIA OVERNIGHT FUND - DIRECT Plan - QUARTERLY IDCW Option;INF204KB1R80;INF204KB1R98;100.8425;;;03-Feb-2019
145823;NIPPON INDIA OVERNIGHT FUND - DIRECT Plan - WEEKLY IDCW Option;;INF204KB1R56;100.0395;;;03-Feb-2019
145827;NIPPON INDIA OVERNIGHT FUND - MONTHLY IDCW Option;INF204KB1Q99;INF204KB1R07;100.3144;;;03-Feb-2019
145833;NIPPON INDIA OVERNIGHT FUND - QUARTERLY IDCW Option;INF204KB1R15;INF204KB1R23;100.8293;;;03-Feb-2019
145811;Nippon India Overnight Fund - Regular Plan - Growth Option;INF204KB1Q65;;100.8292;;;03-Feb-2019
145826;NIPPON INDIA OVERNIGHT FUND - WEEKLY IDCW Option;;INF204KB1Q81;100.0389;;;03-Feb-2019

SBI Mutual Fund
119831;SBI Overnight Fund - Direct Plan - Daily Income Distribution cum Capital Withdrawal Option (IDCW);;INF200K01TJ7;1009.9100;;;03-Feb-2019
119833;SBI OVERNIGHT FUND - DIRECT PLAN - GROWTH;INF200K01TK5;;3063.1881;;;03-Feb-2019
119832;SBI Overnight Fund - Direct Plan - Weekly Income Distribution cum Capital Withdrawal Option (IDCW);INF200K01TL3;INF200K01TM1;1031.3682;;;03-Feb-2019
114297;SBI Overnight Fund - Regular Plan - Daily Income Distribution cum Capital Withdrawal Option (IDCW);;INF200K01LN6;1009.9100;;;03-Feb-2019
101206;SBI OVERNIGHT FUND - REGULAR PLAN - GROWTH;INF200K01LQ9;;3038.1220;;;03-Feb-2019
103140;SBI Overnight Fund - Regular Plan - Weekly Income Distribution cum Capital Withdrawal Option (IDCW);INF200K01LO4;INF200K01LP1;1031.3974;;;03-Feb-2019

UTI Mutual Fund
100814;UTI - Overnight  Fund - Regular Plan - Growth Option;INF789F01604;;2554.7801;;;03-Feb-2019
120785;UTI - Overnight Fund - Direct Plan - Growth Option;INF789FB1S71;;2572.7942;;;03-Feb-2019
124266;UTI Overnight Fund - Direct Plan - Daily IDCW;;INF789FB1S89;1371.6621;;;03-Feb-2019
120786;UTI Overnight Fund - Direct Plan - Periodic IDCW;INF789FB1T05;INF789FB1S97;1472.2733;;;03-Feb-2019
124265;UTI Overnight Fund - Regular Plan - Daily IDCW;;INF789FB1T13;1370.8617;;;03-Feb-2019
100813;UTI Overnight Fund - Regular Plan - Periodic IDCW;INF789F01588;INF789F01596;1438.3739;;;03-Feb-2019

Open Ended Schemes ( Debt Scheme - Liquid Fund )


360 ONE Mutual Fund
125349;360 ONE LIQUID FUND DIRECT PLAN  DAILY DIVIDEND REINVESTMENT;;INF579M01688;1000.0427;;;03-Feb-2019
125345;360 ONE LIQUID FUND DIRECT PLAN  GROWTH;INF579M01621;;1448.6002;;;03-Feb-2019
125343;360 ONE LIQUID FUND DIRECT PLAN  WEEKLY DIVIDEND;INF579M01639;INF579M01696;1005.8692;;;03-Feb-2019
125342;360 ONE LIQUID FUND REGULAR PLAN  DAILY DIVIDEND REINVESTMENT;;INF579M01563;1000.0879;;;03-Feb-2019
125259;360 ONE LIQUID FUND REGULAR PLAN  GROWTH;INF579M01506;;1444.8104;;;03-Feb-2019
125337;360 ONE LIQUID FUND REGULAR PLAN  WEEKLY DIVIDEND;INF579M01514;INF579M01571;1005.8613;;;03-Feb-2019

Aditya Birla Sun Life Mutual Fund
100047;Aditya Birla Sun Life Liquid Fund - Growth;INF209K01RU9;;295.6787;;;03-Feb-2019
119568;Aditya Birla Sun Life Liquid Fund - Growth - Direct Plan;INF209K01VA3;;297.0525;;;03-Feb-2019
100046;Aditya Birla Sun Life Liquid Fund -Daily IDCW;INF209K01KQ2;INF209K01SQ5;100.195;;;03-Feb-2019
119569;Aditya Birla Sun Life Liquid Fund -Direct - daily IDCW;INF209K01UZ2;;100.195;;;03-Feb-2019
119571;Aditya Birla Sun Life Liquid Fund -DIRECT - IDCW;INF209K01VD7;;161.2779;;;03-Feb-2019
119570;Aditya Birla Sun Life Liquid Fund -Direct - weekly IDCW;INF209K01VC9;;100.2634;;;03-Feb-2019
100041;Aditya Birla Sun Life Liquid Fund -Institutional - IDCW;;INF209K01KN9;108.023;;;03-Feb-2019
100048;Aditya Birla Sun Life Liquid Fund -Institutional - weekly  IDCW;INF209KA1LK7;INF209K01KY6;108.1088;;;03-Feb-2019
103885;Aditya Birla Sun Life Liquid Fund -Regular - IDCW;INF209KA1LI1;;123.7227;;;03-Feb-2019
100044;Aditya Birla Sun Life Liquid Fund -Retail - IDCW;;INF209K01KP4;163.694;;;03-Feb-2019
100051;Aditya Birla Sun Life Liquid Fund -weekly IDCW;INF209K01KU4;INF209KA1LJ9;100.2629;;;03-Feb-2019
112014;Aditya Birla Sun Life Liquid Fund- Discipline Advantage Plan;INF209K01KZ3;;199.3124;;;03-Feb-2019
100043;Aditya Birla Sun Life Liquid Fund-Institutional (Growth);INF209K01RT1;;492.3958;;;03-Feb-2019
100042;Aditya Birla Sun Life Liquid Fund-Retail (Growth);INF209K01ME4;;479.8213;;;03-Feb-2019

Axis Mutual Fund
128954;Axis Liquid Fund - Direct plan - Bonus Option;INF846K01NH4;;2049.7519;;;03-Feb-2019
120388;Axis Liquid Fund - Direct Plan - Daily IDCW;;INF846K01DA0;1000.9560;;;03-Feb-2019
120389;Axis Liquid Fund - Direct Plan - Growth Option;INF846K01CX4;;2049.8622;;;03-Feb-2019
120391;Axis Liquid Fund - Direct Plan - Monthly IDCW;INF846K01CY2;INF846K01CZ9;1002.0162;;;03-Feb-2019
120390;Axis Liquid Fund - Direct Plan - Weekly IDCW;INF846K01DB8;INF846K01DC6;1003.2513;;;03-Feb-2019
112211;Axis Liquid Fund - Regular Plan - Daily IDCW;;INF846K01420;1001.3998;;;03-Feb-2019
112210;Axis Liquid Fund - Regular Plan - Growth Option;INF846K01412;;2041.6919;;;03-Feb-2019
112213;Axis Liquid Fund - Regular Plan - Monthly IDCW;INF846K01453;INF846K01461;1002.5983;;;03-Feb-2019
112212;Axis Liquid Fund - Regular Plan - Weekly IDCW;INF846K01438;INF846K01446;1003.2431;;;03-Feb-2019
112712;Axis Liquid Fund - Retail Plan - Daily IDCW;;INF846K01362;1000.9559;;;03-Feb-2019
112713;Axis Liquid Fund - Retail Plan - Growth Option;INF846K01354;;1929.2556;;;03-Feb-2019
112714;Axis Liquid Fund - Retail Plan - Monthly IDCW;INF846K01396;INF846K01404;1001.8844;;;03-Feb-2019
112715;Axis Liquid Fund - Retail Plan - Weekly IDCW;INF846K01370;INF846K01388;1001.6932;;;03-Feb-2019

Bandhan Mutual Fund
108692;BANDHAN LIQUID Fund - Regular Plan - Daily IDCW;INF194K01VZ4;INF194K01VY7;1001.0846;;;03-Feb-2019
108690;BANDHAN LIQUID Fund - Regular Plan - Growth;INF194K01VX9;;2233.1193;;;03-Feb-2019
108693;BANDHAN LIQUID Fund - Regular Plan - Monthly IDCW;INF194K01WF4;INF194K01WE7;1001.0732;;;03-Feb-2019
115489;BANDHAN LIQUID Fund - Regular Plan - Periodic IDCW;INF194K01WC1;INF194K01WB3;1472.5911;;;03-Feb-2019
108691;BANDHAN LIQUID Fund - Regular Plan - Weekly IDCW;INF194K01WI8;INF194K01WH0;1001.4542;;;03-Feb-2019
139582;BANDHAN LIQUID Fund - Unclaimed IDCW Less than 3 years;INF194KA14C0;;1.1941;;;03-Feb-2019
139583;BANDHAN LIQUID Fund - Unclaimed IDCW More than 3 years;INF194KA15C7;;1.0000;;;03-Feb-2019
139584;BANDHAN LIQUID Fund - Unclaimed Redemption Less than 3 years;INF194KA12C4;;1.1941;;;03-Feb-2019
139585;BANDHAN LIQUID Fund - Unclaimed Redemption More than 3 years;INF194KA13C2;;1.0000;;;03-Feb-2019
118365;BANDHAN LIQUID Fund -Direct Plan -Monthly IDCW;INF194K01J36;INF194K01J28;1007.7970;;;03-Feb-2019
118367;BANDHAN LIQUID Fund -Direct Plan -Weekly IDCW;INF194KB1JT8;INF194K01J51;1007.3306;;;03-Feb-2019
118366;BANDHAN LIQUID Fund -Direct Plan-Daily IDCW;;INF194K01I78;1001.6663;;;03-Feb-2019
118364;BANDHAN LIQUID Fund -Direct Plan-Growth;INF194K01I60;;2241.9666;;;03-Feb-2019
118363;BANDHAN LIQUID Fund -Direct Plan-Periodic IDCW;INF194K01J02;INF194K01I94;1385.6193;;;03-Feb-2019

Bank of India Mutual Fund
141887;BANK OF INDIA Liquid Fund  Unclaimed Dividend greater than  3 years;;;1000.0000;;;03-Feb-2019
141889;BANK OF INDIA Liquid Fund  Unclaimed Dividend Upto 3 years;;;1092.7778;;;03-Feb-2019
141888;BANK OF INDIA Liquid Fund  Unclaimed Redemption greater than  3 years;;;1000.0000;;;03-Feb-2019
141890;BANK OF INDIA Liquid Fund  Unclaimed Redemption Upto 3 years;;;1092.6646;;;03-Feb-2019
119368;BANK OF INDIA Liquid Fund- Direct Plan- Daily IDCW;;INF761K01CL0;1002.6483;;;03-Feb-2019
119369;BANK OF INDIA Liquid Fund- Direct Plan- Growth;INF761K01785;;2130.3431;;;03-Feb-2019
119370;BANK OF INDIA Liquid Fund- Direct Plan- Weekly IDCW;;INF761K01CM8;1062.7766;;;03-Feb-2019
111971;BANK OF INDIA Liquid Fund- Regular Plan- Daily IDCW;;INF761K01CO4;1002.1069;;;03-Feb-2019
109254;BANK OF INDIA Liquid Fund- Regular Plan- Growth;INF761K01306;;2117.7007;;;03-Feb-2019
109255;BANK OF INDIA Liquid Fund- Regular Plan- Weekly IDCW;;INF761K01CP1;1002.4546;;;03-Feb-2019

Baroda BNP Paribas Mutual Fund
119414;Baroda BNP Paribas LIQUID FUND - DIRECT PLAN - DAILY IDCW OPTION;INF955L01AK2;;1002.0849;;;03-Feb-2019
119415;Baroda BNP Paribas LIQUID FUND - DIRECT PLAN - GROWTH OPTION;INF955L01AL0;;2127.1542;;;03-Feb-2019
119416;Baroda BNP Paribas LIQUID FUND - DIRECT PLAN - WEEKLY IDCW OPTION;INF251K01SL8;;1220.5849;;;03-Feb-2019
111707;Baroda BNP Paribas LIQUID FUND - Regular Plan - DAILY IDCW OPTION;INF955L01468;INF955L01476;1001.1996;;;03-Feb-2019
111704;Baroda BNP Paribas LIQUID FUND - Regular Plan - GROWTH OPTION;INF955L01484;;2114.8841;;;03-Feb-2019
111705;Baroda BNP Paribas LIQUID FUND - Regular Plan - WEEKLY IDCW OPTION;INF251K01SK0;INF955L01500;1001.2572;;;03-Feb-2019
101408;Baroda BNP Paribas LIQUID FUND- Defunct Plan -Growth Option;INF955L01575;;3112.0430;;;03-Feb-2019
101407;Baroda BNP Paribas LIQUID FUND-Defunct Plan- IDCW Option;INF955L01559;INF955L01567;2666.2715;;;03-Feb-2019
101409;Baroda BNP Paribas LIQUID FUND-Defunct Plan-Daily IDCW Option;INF955L01518;INF955L01526;1006.0602;;;03-Feb-2019

BNP Paribas Mutual Fund
130473;BNP PARIBAS LIQUID FUND - DAILY Income Distribution cum Capital Withdrawal OPTION;;INF251K01NK1;1000.4900;;;03-Feb-2019
130489;BNP PARIBAS LIQUID Fund - DIRECT PLAN - MONTHLY Income Distribution cum Capital Withdrawal OPTION;INF251K01NR6;INF251K01NS4;1000.6760;;;03-Feb-2019
130486;BNP PARIBAS LIQUID FUND - DIRECT PLAN -- DAILY Income Distribution cum Capital Withdrawal OPTION;;INF251K01NP0;1001.3201;;;03-Feb-2019
130472;BNP PARIBAS LIQUID FUND - GROWTH OPTION;INF251K01NJ3;;2824.0479;;;03-Feb-2019
130476;BNP PARIBAS LIQUID FUND - MONTHLY Income Distribution cum Capital Withdrawal OPTION;INF251K01NM7;INF251K01NN5;1000.6656;;;03-Feb-2019
130459;BNP PARIBAS LIQUID FUND - REGULAR PLAN - GROWTH OPTION;INF251K01NF1;;2670.9493;;;03-Feb-2019
130465;BNP PARIBAS LIQUID FUND - REGULAR PLAN - WEEKLY Income Distribution cum Capital Withdrawal OPTION;;INF251K01NG9;1000.7883;;;03-Feb-2019
130474;BNP PARIBAS LIQUID FUND - WEEKLY Income Distribution cum Capital Withdrawal OPTION;;INF251K01NL9;1000.7934;;;03-Feb-2019
130479;BNP PARIBAS LIQUID FUND -- DIRECT PLAN - GROWTH OPTION;INF251K01NO3;;2840.1796;;;03-Feb-2019
130487;BNP PARIBAS LIQUID FUND -- DIRECT PLAN - WEEKLY Income Distribution cum Capital Withdrawal OPTION;;INF251K01NQ8;1000.8038;;;03-Feb-2019
139562;BNP PARIBAS LIQUID FUND SPECIAL UNCLAIMED DIV 36A -- GROWTH OPTION;INF251K01OL7;;1192.0365;;;03-Feb-2019
139561;BNP PARIBAS LIQUID FUND SPECIAL UNCLAIMED DIV 36B -- GROWTH OPTION;INF251K01OM5;;1197.4231;;;03-Feb-2019
139560;BNP PARIBAS LIQUID FUND SPECIAL UNCLAIMED RED 36A-- GROWTH OPTION;INF251K01OJ1;;1190.9051;;;03-Feb-2019
139563;BNP PARIBAS LIQUID FUND SPECIAL UNCLAIMED RED 36B -- GROWTH OPTION;INF251K01OK9;;1194.1941;;;03-Feb-2019

Canara Robeco Mutual Fund
118307;CANARA ROBECO LIQUID FUND - DIRECT PLAN - DAILY IDCW (Reinvestment);;INF760K01FS0;1005.5000;;;03-Feb-2019
118305;CANARA ROBECO LIQUID FUND - DIRECT PLAN - GROWTH OPTION;INF760K01FU6;;2233.5486;;;03-Feb-2019
118304;CANARA ROBECO LIQUID FUND - DIRECT PLAN - IDCW (Payout/Reinvestment);INF760K01FT8;;1599.0575;;;03-Feb-2019
118306;CANARA ROBECO LIQUID FUND - DIRECT PLAN - MONTHLY IDCW (Payout/Reinvestment);INF760K01FV4;INF760K01FW2;1000.8009;;;03-Feb-2019
118308;CANARA ROBECO LIQUID FUND - DIRECT PLAN - WEEKLY IDCW (Payout/Reinvestment);INF760K01FY8;INF760K01FX0;1000.8008;;;03-Feb-2019
109349;CANARA ROBECO LIQUID FUND - REGULAR PLAN - DAILY IDCW (Reinvestment);;INF760K01CU3;1005.5000;;;03-Feb-2019
109353;CANARA ROBECO LIQUID FUND - REGULAR PLAN - GROWTH OPTION;INF760K01CW9;;2227.7630;;;03-Feb-2019
109351;CANARA ROBECO LIQUID FUND - REGULAR PLAN - MONTHLY IDCW (Payout/Reinvestment);INF760K01CX7;INF760K01CY5;1000.7987;;;03-Feb-2019
109350;CANARA ROBECO LIQUID FUND - REGULAR PLAN - WEEKLY IDCW (Payout/Reinvestment);INF760K01BZ4;INF760K01CZ2;1000.7986;;;03-Feb-2019
139235;Canara Robeco Liquid Fund -Unclaimed Redemption and Dividend Plan -Direct Growth Option;INF760K01IC8;;1213.9643;;;03-Feb-2019

DSP Mutual Fund
119125;DSP Liquidity Fund - Direct Plan - Growth;INF740K01QL4;;2643.5663;;;03-Feb-2019
119124;DSP Liquidity Fund - Direct Plan - IDCW - Daily;;INF740KA1OB6;1000.9329;;;03-Feb-2019
119123;DSP Liquidity Fund - Direct Plan - IDCW - Weekly;INF740KA1OC4;INF740KA1OD2;1001.4656;;;03-Feb-2019
103347;DSP Liquidity Fund - Regular Plan - Growth;INF740K01FK9;;2629.2864;;;03-Feb-2019
103348;DSP Liquidity Fund - Regular Plan - IDCW - Weekly;INF740K01FM5;INF740K01FL7;1001.4573;;;03-Feb-2019
103349;DSP Liquidity Fund- Regular Plan - IDCW - Daily;;INF740KA1OE0;1000.9329;;;03-Feb-2019

Edelweiss Mutual Fund
140194;Edelweiss Liquid Fund - Direct Plan - Bonus Option;INF754K01GY9;;1382.5248;;;03-Feb-2019
140196;Edelweiss Liquid Fund - Direct Plan - Growth Option;INF754K01GM4;;2376.3551;;;03-Feb-2019
140198;Edelweiss Liquid Fund - Direct Plan - IDCW Option;INF754K01GO0;INF754K01GN2;2376.3615;;;03-Feb-2019
140192;Edelweiss Liquid Fund - Direct Plan Annual - IDCW Option;INF754K01GX1;INF754K01GT9;2376.3517;;;03-Feb-2019
140193;Edelweiss Liquid Fund - Direct Plan daily - IDCW Option;;INF754K01GP7;1002.9603;;;03-Feb-2019
140199;Edelweiss Liquid Fund - Direct Plan Fortnightly - IDCW Option;INF754K01GV5;INF754K01GR3;2172.8155;;;03-Feb-2019
140197;Edelweiss Liquid Fund - Direct Plan Monthly - IDCW Option;INF754K01GW3;INF754K01GS1;1017.2666;;;03-Feb-2019
140195;Edelweiss Liquid Fund - Direct Plan weekly - IDCW Option;INF754K01GU7;INF754K01GQ5;2173.1854;;;03-Feb-2019
140189;Edelweiss Liquid Fund - Regular Plan - Bonus Option;INF754K01HR1;;1375.2094;;;03-Feb-2019
140182;Edelweiss Liquid Fund - Regular Plan - Growth Option;INF754K01GZ6;;2360.927;;;03-Feb-2019
140190;Edelweiss Liquid Fund - Regular Plan - IDCW Option;INF754K01GK8;INF754K01GL6;2360.9301;;;03-Feb-2019
140188;Edelweiss Liquid Fund - Regular Plan Annual - IDCW Option;INF754K01HQ3;INF754K01HP5;1633.5225;;;03-Feb-2019
140181;Edelweiss Liquid Fund - Regular Plan Daily - IDCW Option;;INF754K01HA7;1002.79;;;03-Feb-2019
140184;Edelweiss Liquid Fund - Regular Plan Fortnightly - IDCW Option;INF754K01HK6;INF754K01HC3;2154.7287;;;03-Feb-2019
140183;Edelweiss Liquid Fund - Regular Plan Monthly - IDCW Option;INF754K01HL4;INF754K01HD1;1004.7911;;;03-Feb-2019
140185;Edelweiss Liquid Fund - Regular Plan Weekly - IDCW Option;INF754K01HJ8;INF754K01HB5;1018.7701;;;03-Feb-2019
140176;Edelweiss Liquid Fund - Retail Plan - Growth Option;INF754K01HE9;;2147.1041;;;03-Feb-2019
140178;Edelweiss Liquid Fund - Retail Plan - Weekly Dividend Option;;INF754K01HG4;1106.5873;;;03-Feb-2019
140177;Edelweiss Liquid Fund - Retail Plan Daily - IDCW Option;;INF754K01HF6;1002.1564;;;03-Feb-2019
140180;Edelweiss Liquid Fund - Retail Plan Monthly - IDCW Option;;INF754K01HI0;1119.6516;;;03-Feb-2019
141159;Edelweiss Liquid Fund - Unclaimed Dividend Plan- Above 3 years;;;1000;;;03-Feb-2019
141161;Edelweiss Liquid Fund - Unclaimed Dividend Plan- Upto 3 years;;;1136.4957;;;03-Feb-2019
141162;Edelweiss Liquid Fund - Unclaimed Redemption Plan- Above 3 years;;;1000;;;03-Feb-2019
141160;Edelweiss Liquid Fund - Unclaimed Redemption Plan- Upto 3 years;;;1136.5048;;;03-Feb-2019

Franklin Templeton Mutual Fund
100541;Franklin India Liquid Fund - Regular Plan - Daily - IDCW;;INF090I01BA3;1512.2956;;;03-Feb-2019
100538;Franklin India Liquid Fund - Regular Plan - Growth;INF090I01BB1;;4326.3285;;;03-Feb-2019
100537;Franklin India Liquid Fund - Regular Plan - Weekly - IDCW;INF090I01BL0;INF090I01BI6;1244.3238;;;03-Feb-2019
118577;Franklin India Liquid Fund - Super Institutional - Direct - Growth;INF090I01JV2;;2766.0819;;;03-Feb-2019
100547;Franklin India Liquid Fund - Super Institutional Plan - Daily - IDCW;;INF090I01BF2;1000.7051;;;03-Feb-2019
118578;Franklin India Liquid Fund - Super Institutional Plan - Direct - Daily - IDCW;INF090I01JW0;;1001.8422;;;03-Feb-2019
118579;Franklin India Liquid Fund - Super Institutional Plan - Direct - Weekly - IDCW;INF090I01JX8;INF090I01JY6;1021.3891;;;03-Feb-2019
100546;Franklin India Liquid Fund - Super Institutional Plan - Growth;INF090I01BG0;;2756.0586;;;03-Feb-2019
100548;Franklin India Liquid Fund - Super Institutional Plan - Weekly - IDCW;INF090I01BM8;INF090I01BH8;1021.1243;;;03-Feb-2019
139890;Franklin India Liquid Fund - Unclaimed IDCW Plan - Growth;INF090I01LP0;;11.7042;;;03-Feb-2019
139889;Franklin India Liquid Fund - Unclaimed Redemption Plan - Growth;INF090I01LO3;;11.7042;;;03-Feb-2019
102441;Franklin India Liquid Fund - Institution-Growth;INF090I01BD7;;2804.0326;;;03-Feb-2019
102443;Franklin India Liquid Fund - Institutional Plan - Daily - IDCW;;INF090I01BC9;1000.6505;;;03-Feb-2019
102442;Franklin India Liquid Fund - Institutional Plan - Weekly - IDCW;INF090I01BJ4;INF090I01BE5;1054.7184;;;03-Feb-2019

Groww Mutual Fund
119135;Groww Liquid Fund ( formerly known as Indiabulls Liquid )Fund - Direct Plan - Growth Option;INF666M01451;;1805.1267;;;03-Feb-2019
119136;Groww Liquid Fund (formerly known as Indiabulls Liquid Fund) - Direct Plan- - Income Distribution cum capital withdrawal Option ( Reinvestment);;INF666M01469;1001.06;;;03-Feb-2019
115991;Groww Liquid Fund (formerly known as Indiabulls Liquid Fund) - Regular Plan - Growth Option;INF666M01014;;1794.472;;;03-Feb-2019
119138;Groww Liquid Fund (formerly known as Indiabulls Liquid Fund)- Direct Plan- Fortnightly - Income Distribution cum capital withdrawal Option (Payout & Reinvestment);INF666M01501;INF666M01485;1002.219;;;03-Feb-2019
119139;Groww Liquid Fund (formerly known as Indiabulls Liquid Fund)- Direct Plan- Monthly - Income Distribution cum capital withdrawal Option (Payout & Reinvestment);INF666M01519;INF666M01493;1029.769;;;03-Feb-2019
119137;Groww Liquid Fund (formerly known as Indiabulls Liquid Fund)- Direct Plan- Weekly - Income Distribution cum capital withdrawal Option (Payout & Reinvestment);INF666M01527;INF666M01477;1001.7047;;;03-Feb-2019
115992;Groww Liquid Fund (formerly known as Indiabulls Liquid Fund)- Regular Plan- - Income Distribution cum capital withdrawal Option (Reinvestment);;INF666M01022;1001.1451;;;03-Feb-2019
115995;Groww Liquid Fund (formerly known as Indiabulls Liquid Fund)- Regular Plan- Monthly - Income Distribution cum capital withdrawal Option (Payout & Reinvestment);INF666M01071;INF666M01055;1001.2581;;;03-Feb-2019
115993;Groww Liquid Fund (formerly known as Indiabulls Liquid Fund)- Regular Plan- Weekly - Income Distribution cum capital withdrawal Option (Payout & Reinvestment);INF666M01089;INF666M01030;1002.7604;;;03-Feb-2019
115994;Groww Liquid Fund (formerly known as Indiabulls Liquid) Fund- Regular Plan- Fortnightly - Income Distribution cum capital withdrawal Option (Payout & Reinvestment);INF666M01063;INF666M01048;1002.0902;;;03-Feb-2019

HDFC Mutual Fund
119091;HDFC Liquid Fund - Growth Option - Direct Plan;INF179KB1HP9;;3637.3173;;;03-Feb-2019
100868;HDFC Liquid Fund - Growth Plan;INF179KB1HK0;;3620.0889;;;03-Feb-2019
100875;HDFC Liquid Fund - IDCW Daily;;INF179KB1IC5;1019.82;;;03-Feb-2019
119089;HDFC Liquid Fund - IDCW Daily - Direct Plan;;INF179KB1HV7;1019.82;;;03-Feb-2019
100876;HDFC Liquid Fund - IDCW Monthly;INF179KB1HM6;INF179KB1HL8;1027.4629;;;03-Feb-2019
119090;HDFC Liquid Fund - IDCW Monthly - Direct Plan;INF179KB1HO2;INF179KB1HQ7;1027.4798;;;03-Feb-2019
100874;HDFC Liquid Fund - IDCW Plan Weekly;INF179KB1ID3;;1032.1979;;;03-Feb-2019
119088;HDFC Liquid Fund - IDCW Weekly - Direct Plan;;;1032.2143;;;03-Feb-2019
100877;HDFC Liquid Fund-Premium Plan - Dividend-Daily;;INF179K01KN4;1225.98;;;03-Feb-2019
100873;HDFC Liquid Fund-PREMIUM- Growth;INF179KB1HN4;;3694.1019;;;03-Feb-2019

HSBC Mutual Fund
139238;HSBC Cash Fund - Unclaimed Dividend Above 3 years;;;1000;;;03-Feb-2019
139237;HSBC Cash Fund - Unclaimed Dividend Below 3 years;;;1203.6329;;;03-Feb-2019
139239;HSBC Cash Fund - Unclaimed Redemption Above 3 years;;;1000;;;03-Feb-2019
139240;HSBC Cash Fund - Unclaimed Redemption Below 3 years;;;1203.6329;;;03-Feb-2019
120038;HSBC Liquid Fund -  Growth Direct;INF336L01CC8;;1841.3314;;;03-Feb-2019
120037;HSBC Liquid Fund - Direct Daily IDCW;;INF336L01CB0;1000.6485;;;03-Feb-2019
120039;HSBC Liquid Fund - Direct Monthly IDCW;INF336L01BZ1;INF336L01CA2;1039.6898;;;03-Feb-2019
120040;HSBC Liquid Fund - Direct Weekly IDCW;INF336L01LK2;INF336L01CD6;1114.6659;;;03-Feb-2019
118907;HSBC Liquid Fund - Growth;INF336L01BL1;;2729.698;;;03-Feb-2019
118906;HSBC Liquid Fund - IDCW;;INF336L01BK3;1019.3;;;03-Feb-2019
118909;HSBC Liquid Fund - Institutional Daily IDCW;;INF336L01BS6;1360.1617;;;03-Feb-2019
118901;HSBC Liquid Fund - Regular Daily IDCW;;INF336L01BM9;1000.6702;;;03-Feb-2019
118902;HSBC Liquid Fund - Regular Growth;INF336L01BN7;;1835.6522;;;03-Feb-2019
118903;HSBC Liquid Fund - Regular Monthly IDCW;INF336L01BP2;INF336L01BO5;1002.1403;;;03-Feb-2019
118904;HSBC Liquid Fund - Regular Weekly IDCW;INF336L01LJ4;INF336L01BQ0;1111.5511;;;03-Feb-2019
118908;HSBC Liquid Fund - Weekly IDCW;;INF336L01BR8;1002.4032;;;03-Feb-2019

ICICI Prudential Mutual Fund
100357;ICICI Prudential Liquid Fund -Quarterly IDCW;INF109K01UU5;INF109K01UT7;101.1133;;;03-Feb-2019
100359;ICICI Prudential Liquid Institutional Plus Fund - Div - Daily;INF109K01VJ6;;118.5152;;;03-Feb-2019
103343;ICICI Prudential Liquid Fund - Daily IDCW;INF109K01VP3;;100.1482;;;03-Feb-2019
120198;ICICI Prudential Liquid Fund - Direct Plan -  Annual IDCW;INF109K01P99;INF109K01Q07;102.7718;;;03-Feb-2019
120187;ICICI Prudential Liquid Fund - Direct Plan -  Half Yearly IDCW;INF109K01Q56;INF109K01Q64;107.3029;;;03-Feb-2019
120191;ICICI Prudential Liquid Fund - Direct Plan -  IDCW Others;INF109K01Q31;INF109K01Q23;137.9099;;;03-Feb-2019
120188;ICICI Prudential Liquid Fund - Direct Plan - Daily IDCW;;INF109K01Q15;100.1082;;;03-Feb-2019
120197;ICICI Prudential Liquid Fund - Direct Plan - Growth;INF109K01Q49;;273.3116;;;03-Feb-2019
120189;ICICI Prudential Liquid Fund - Direct Plan - Monthly IDCW;INF109K01R06;;100.2851;;;03-Feb-2019
120196;ICICI Prudential Liquid Fund - Direct Plan - Quarterly IDCW;INF109K01Q72;INF109K01Q80;101.8743;;;03-Feb-2019
120190;ICICI Prudential Liquid Fund - Direct Plan - Weekly IDCW;INF109K01Q98;;100.2973;;;03-Feb-2019
130934;ICICI Prudential Liquid Fund - Direct Plan Bonus;INF109KA1G86;;138.2436;;;03-Feb-2019
103340;ICICI Prudential Liquid Fund - Growth;INF109K01VQ1;;272.3544;;;03-Feb-2019
104308;ICICI Prudential Liquid Fund - Half Yearly IDCW;INF109K01UX9;INF109K01UW1;106.2304;;;03-Feb-2019
115505;ICICI Prudential Liquid Fund - IDCW Others;INF109K01VU3;INF109K01VT5;137.5752;;;03-Feb-2019
103344;ICICI Prudential Liquid Fund - Institutional Option - I;INF109K01VH0;;256.4127;;;03-Feb-2019
139434;ICICI Prudential Liquid Fund - Unclaimed IDCW;INF109KB1WR9;;120.2923;;;03-Feb-2019
139433;ICICI Prudential Liquid Fund - Unclaimed Redemption;INF109KB1WQ1;;120.2923;;;03-Feb-2019
103342;ICICI Prudential Liquid Fund - Weekly IDCW;INF109K01VS7;;100.2711;;;03-Feb-2019
103341;ICICI Prudential Liquid Fund -Monthly IDCW;INF109K01VR9;;100.1598;;;03-Feb-2019
112119;ICICI Prudential Liquid Fund-Annual IDCW;INF109K01VD9;INF109K01VC1;102.7453;;;03-Feb-2019
101748;ICICI Prudential Liquid Fund - Institutional - Daily - Div;INF109K01VE7;;118.5022;;;03-Feb-2019
101754;ICICI Prudential Liquid Fund Retail Daily Dividend;INF109K01UR1;;118.5142;;;03-Feb-2019
101750;ICICI Prudential Liquid Fund Retail Growth;INF109K01UQ3;;419.8651;;;03-Feb-2019
101755;ICICI Prudential Liquid Fund Retail Monthly Dividend;INF109K01US9;;100.1969;;;03-Feb-2019
101752;ICICI Prudential Liquid Fund Retail Weekly Dividend;INF109K01UV3;;118.95;;;03-Feb-2019
101751;ICICI Prudential Liquid Institutional Fund - Growth;INF109K01VF4;;430.6234;;;03-Feb-2019

IDBI Mutual Fund
126163;IDBI Liquid Fund Bonus Direct;INF397L01FP5;;1482.9962;;;03-Feb-2019
126164;IDBI Liquid Fund Bonus Regular;INF397L01FO8;;1475.8761;;;03-Feb-2019
118345;IDBI Liquid Fund Growth Direct;INF397L01AH3;;1980.3554;;;03-Feb-2019
113104;IDBI Liquid Fund- Monthly IDCW;INF397L01976;INF397L01968;1005.3744;;;03-Feb-2019
118449;IDBI Liquid Fund- Monthly IDCW Direct;INF397L01AK7;INF397L01AJ9;1003.8395;;;03-Feb-2019
113102;IDBI Liquid Fund-Daily IDCW;;INF397L01935;1005.2683;;;03-Feb-2019
118450;IDBI Liquid Fund-Daily IDCW Direct;;INF397L01AI1;1002.3548;;;03-Feb-2019
113096;IDBI Liquid Fund-Growth;INF397L01984;;1967.8293;;;03-Feb-2019
113103;IDBI Liquid Fund-Weekly IDCW;INF397L01950;INF397L01943;1023.0085;;;03-Feb-2019
118451;IDBI Liquid Fund-Weekly IDCW Direct;INF397L01AM3;INF397L01AL5;1002.8808;;;03-Feb-2019

Invesco Mutual Fund
122786;Invesco India Liquid Fund - Bonus Option;INF205K01UX5;;2533.8327;;;03-Feb-2019
104484;Invesco India Liquid Fund - Daily IDCW (Reinvestment);;INF205K01HN3;1001.7798;;;03-Feb-2019
120537;Invesco India Liquid Fund - Direct Plan - Growth;INF205K01MF9;;2544.1535;;;03-Feb-2019
120536;Invesco India Liquid Fund - Direct Plan - Monthly IDCW (Payout / Reinvestment);INF205K01MG7;INF205K01MH5;1028.2885;;;03-Feb-2019
120535;Invesco India Liquid Fund - Direct Plan - Weekly IDCW (Reinvestment);INF205KA1BE5;INF205K01MI3;1001.6593;;;03-Feb-2019
120534;Invesco India Liquid Fund - Direct Plan- Daily IDCW (Reinvestment);;INF205K01ME2;1000.79;;;03-Feb-2019
104486;Invesco India Liquid Fund - Growth;INF205K01HM5;;2533.7299;;;03-Feb-2019
104492;Invesco India Liquid Fund - Monthly IDCW (Payout / Reinvestment);INF205K01HQ6;INF205K01HP8;1003.7032;;;03-Feb-2019
104488;Invesco India Liquid Fund - Regular - Growth;INF205K01HG7;;2321.0151;;;03-Feb-2019
104489;Invesco India Liquid Fund - Regular - Weekly IDCW (Reinvestment);;INF205K01HH5;1002.132;;;03-Feb-2019
139389;Invesco India Liquid Fund - Unclaimed Dividend Plan - Below 3 Years;;;1205.6252;;;03-Feb-2019
139387;Invesco India Liquid Fund - Unclaimed Redemption Plan - Below 3 years;;;1205.5796;;;03-Feb-2019
104485;Invesco India Liquid Fund - Weekly IDCW (Reinvestment);INF205KA1BD7;INF205K01HO1;1003.8728;;;03-Feb-2019

JM Financial Mutual Fund
120410;JM Liquid Fund (Direct) - Bonus Option - Bonus Option - Principal units;INF192K01CN4;;16.2683;;;03-Feb-2019
120411;JM Liquid Fund (Direct) - Daily IDCW;;INF192K01CH6;10.4302;;;03-Feb-2019
120406;JM Liquid Fund (Direct) - Growth Option;INF192K01CM6;;50.6038;;;03-Feb-2019
120408;JM Liquid Fund (Direct) - Quarterly IDCW;INF192K01CK0;INF192K01CL8;28.7298;;;03-Feb-2019
120407;JM Liquid Fund (Direct) - Weekly IDCW;INF192K01CI4;INF192K01CJ2;11.0166;;;03-Feb-2019
100244;JM Liquid Fund (Regular) - Quarterly IDCW;INF192K01866;INF192K01874;28.5045;;;03-Feb-2019
100247;JM Liquid Fund (Regular) - Super Institutional Plan - Growth Option;INF192K01981;;28.9584;;;03-Feb-2019
100233;JM Liquid Fund (Regular) - Weekly IDCW;INF192K01841;INF192K01858;11.0140;;;03-Feb-2019
100234;JM Liquid Fund - Growth Option;INF192K01882;;50.3606;;;03-Feb-2019
139258;JM Liquid Fund Unclaimed Dividend (Direct) Growth Plan;INF192K01LB0;;50.6058;;;03-Feb-2019
139260;JM Liquid Fund Unclaimed Dividend IEF (Direct) Growth Plan;INF192K01LD6;;41.4437;;;03-Feb-2019
139257;JM Liquid Fund Unclaimed Redemption (Direct) Growth Plan;INF192K01LA2;;50.6058;;;03-Feb-2019
139259;JM Liquid Fund Unclaimed Redemption IEF (Direct) Growth Plan;INF192K01LC8;;41.4437;;;03-Feb-2019
101549;JM Liquid Fund (Regular) - Bonus Option - Principal Units;INF192K01890;;16.1255;;;03-Feb-2019
101078;JM Liquid Fund (Regular) - Daily IDCW;;INF192K01833;10.4302;;;03-Feb-2019

Kotak Mahindra Mutual Fund
119764;Kotak Liquid Fund - Direct Plan - Daily Reinvestment of Income Distribution cum capital withdrawal option;;INF174K01NH1;1222.81;;;03-Feb-2019
119766;Kotak Liquid Fund - Direct Plan - Growth;INF174K01NE8;;3742.6976;;;03-Feb-2019
100833;Kotak Liquid Fund - Regular  - Daily Reinvestment of Income Distribution cum capital withdrawal option;;INF174K01NL3;1222.81;;;03-Feb-2019
100835;Kotak Liquid Fund - Regular Plan - Growth;INF174K01NI9;;3731.4809;;;03-Feb-2019
119765;Kotak Liquid Fund - Weekly  Payout of Income Distribution cum capital withdrawal option - Direct;INF174K01NF5;INF174K01NG3;1006.266;;;03-Feb-2019
100834;Kotak Liquid Fund Regular Plan Weekly Reinvestment of Income Distribution cum capital withdrawal option Dividend;INF174K01NK5;;1001.1565;;;03-Feb-2019

L&T Mutual Fund
122235;L&T Liquid Fund - Direct Plan - Weekly IDCW;;INF917K01HE2;1001.5959;;;03-Feb-2019
119791;L&T Liquid Fund - Direct Plan -Daily IDCW;INF917K01HG7;;1012.8887;;;03-Feb-2019
119790;L&T Liquid Fund - Direct Plan -Growth;INF917K01HF9;;2533.8833;;;03-Feb-2019
112458;L&T Liquid Fund - Regular Plan - Weekly IDCW;INF917K01BK2;INF917K01JG3;1002.7691;;;03-Feb-2019
112445;L&T Liquid Fund -Regular Plan - Daily IDCW;INF917K01JB4;;1011.7794;;;03-Feb-2019
112457;L&T Liquid Fund -Regular Plan - Growth;INF917K01JH1;;2525.1823;;;03-Feb-2019

LIC Mutual Fund
120248;LIC MF Liquid Fund-Direct Plan-Daily IDCW;INF767K01DL5;INF767K01DM3;1098;;;03-Feb-2019
120249;LIC MF Liquid Fund-Direct Plan-Growth;INF767K01DN1;;3350.7267;;;03-Feb-2019
101184;LIC MF Liquid Fund-Regular Plan-Daily IDCW;INF767K01IQ3;INF767K01IR1;1098;;;03-Feb-2019
101185;LIC MF Liquid Fund-Regular Plan-Growth;INF767K01IS9;;3330.0477;;;03-Feb-2019

Mahindra Manulife Mutual Fund
139535;Mahindra Manulife Liquid Fund - Direct Plan - Daily IDCW;;INF174V01051;1000.3285;;;03-Feb-2019
139536;Mahindra Manulife Liquid Fund - Direct Plan - Weekly IDCW;;INF174V01069;1003.5627;;;03-Feb-2019
139538;Mahindra Manulife Liquid Fund - Direct Plan -Growth;INF174V01044;;1197.3373;;;03-Feb-2019
139534;Mahindra Manulife Liquid Fund - Regular Plan - Daily IDCW;;INF174V01028;1000.3285;;;03-Feb-2019
139537;Mahindra Manulife Liquid Fund - Regular Plan - Growth;INF174V01010;;1193.0430;;;03-Feb-2019
139541;Mahindra Manulife Liquid Fund - Regular Plan - Weekly IDCW;;INF174V01036;1009.9752;;;03-Feb-2019
139539;Mahindra Manulife Liquid Fund - Unclaimed Redemption / IDCW Upto three years;;;1063.4424;;;03-Feb-2019

Mirae Asset Mutual Fund
118859;Mirae Asset Liquid Fund - Direct Plan - Growth;INF769K01CM1;;1949.2338;;;03-Feb-2019
118862;Mirae Asset Liquid Fund - Direct Plan - Weekly IDCW;INF769K01PD2;INF769K01CP4;1217.1276;;;03-Feb-2019
118861;Mirae Asset Liquid Fund - Direct Plan -Daily IDCW;;INF769K01CO7;1075.8332;;;03-Feb-2019
118860;Mirae Asset Liquid Fund - Direct Plan -Monthly IDCW;INF769K01CN9;INF769K01CQ2;1136.8130;;;03-Feb-2019
111647;Mirae Asset Liquid Fund - Regular - Daily IDCW;;INF769K01804;1066.4347;;;03-Feb-2019
111646;Mirae Asset Liquid Fund - Regular Plan - Growth;INF769K01788;;1928.1936;;;03-Feb-2019
111645;Mirae Asset Liquid Fund - Regular Plan - Monthly IDCW;INF769K01838;INF769K01820;1154.4860;;;03-Feb-2019
111644;Mirae Asset Liquid Fund - Regular Plan - Weekly IDCW;INF769K01PC4;INF769K01812;1153.4200;;;03-Feb-2019

Motilal Oswal Mutual Fund
145834;Motilal Oswal Liquid Fund - Direct Growth;INF247L01734;;10.0775;;;03-Feb-2019
145946;Motilal Oswal Liquid Fund - Regular Growth;INF247L01726;;10.0756;;;03-Feb-2019
146218;Motilal Oswal Liquid Fund Direct - IDCW  Quarterly Payout/Reinvestment;INF247L01791;INF247L01783;10.0124;;;03-Feb-2019
146223;Motilal Oswal Liquid Fund Direct - IDCW Monthly Payout/Reinvestment;INF247L01775;INF247L01767;10.0201;;;03-Feb-2019
146228;Motilal Oswal Liquid Fund Direct - IDCW Reinvestment;;INF247L01742;10.0030;;;03-Feb-2019
146229;Motilal Oswal Liquid Fund Direct - IDCW Weekly Reinvestment;;INF247L01809;10.0294;;;03-Feb-2019
146227;Motilal Oswal Liquid Fund Regular - IDCW Daily Reinvestment;;INF247L01817;10.0030;;;03-Feb-2019
146220;Motilal Oswal Liquid Fund Regular - IDCW Monthly Payout/Reinvestment;INF247L01841;INF247L01833;10.0284;;;03-Feb-2019
146224;Motilal Oswal Liquid Fund Regular - IDCW Weekly Reinvestment;;INF247L01874;10.0285;;;03-Feb-2019

Navi Mutual Fund
119163;Navi Liquid Fund - Direct Plan Daily IDCW - ReInvestment;;INF959L01GK1;1001.2900;;;03-Feb-2019
119161;Navi Liquid Fund - Direct Plan Monthly IDCW - Payout;INF959L01GG9;INF959L01GH7;1003.0596;;;03-Feb-2019
119162;Navi Liquid Fund - Direct Plan Weekly IDCW - Payout;INF959L01GI5;INF959L01GJ3;1001.6080;;;03-Feb-2019
112645;Navi Liquid Fund - Regular Plan Daily IDCW;;INF959L01GM7;1001.2900;;;03-Feb-2019
112647;Navi Liquid Fund - Regular Plan Monthly IDCW;INF959L01GN5;INF959L01GO3;1003.0330;;;03-Feb-2019
112646;Navi Liquid Fund - Regular Plan Weekly IDCW;INF959L01GP0;INF959L01GQ8;1001.6298;;;03-Feb-2019
119164;Navi Liquid Fund-Direct Plan-Growth Option;INF959L01GF1;;2037.4591;;;03-Feb-2019
112636;Navi Liquid Fund-Regular Plan-Growth Option;INF959L01GL9;;2026.4899;;;03-Feb-2019
140437;Navi Liquid Fund-Unclaimed Redemption and Dividend Plan greater than 3 years;INF959L01CO2;;1000.0000;;;03-Feb-2019
139386;Navi Liquid Fund-Unclaimed Redemption and Dividend Plan less than 3 years;INF959L01CN4;;2030.4133;;;03-Feb-2019

Nippon India Mutual Fund
100852;NIPPON INDIA LIQUID FUND - DAILY IDCW OPTION;;INF204K01UM1;1528.7400;;;03-Feb-2019
118695;NIPPON INDIA LIQUID FUND - DIRECT Plan - DAILY IDCW OPTION;;INF204K01ZG2;1528.7400;;;03-Feb-2019
118696;NIPPON INDIA LIQUID FUND - DIRECT Plan - MONTHLY IDCW OPTION;INF204K01ZI8;INF204K01ZJ6;1591.4142;;;03-Feb-2019
118698;NIPPON INDIA LIQUID FUND - DIRECT Plan - QUARTERLY IDCW OPTION;INF204K01ZK4;INF204K01ZL2;1015.4357;;;03-Feb-2019
118700;NIPPON INDIA LIQUID FUND - DIRECT Plan - WEEKLY IDCW OPTION;INF204KC1FN6;INF204K01ZM0;1530.8928;;;03-Feb-2019
118701;Nippon India Liquid Fund - Direct Plan Growth Plan - Growth Option;INF204K01ZH0;;4510.0144;;;03-Feb-2019
100855;NIPPON INDIA LIQUID FUND - MONTHLY IDCW OPTION;INF204K01UO7;INF204K01UP4;1588.0692;;;03-Feb-2019
112340;NIPPON INDIA LIQUID FUND - QUARTERLY IDCW OPTION;INF204K01UQ2;INF204K01UR0;1013.0501;;;03-Feb-2019
100837;Nippon India Liquid Fund - Retail Option - Growth Plan;INF204K01UL3;;4137.0517;;;03-Feb-2019
100842;NIPPON INDIA LIQUID FUND - RETAIL Plan - DAILY IDCW OPTION;;INF204K01UJ7;1524.2800;;;03-Feb-2019
100843;NIPPON INDIA LIQUID FUND - RETAIL plan - MONTHLY IDCW OPTION;INF204K01UT6;INF204K01UU4;1329.6979;;;03-Feb-2019
100844;NIPPON INDIA LIQUID FUND - RETAIL Plan - QUARTERLY IDCW OPTION;INF204K01UV2;INF204K01UW0;1226.1130;;;03-Feb-2019
100838;NIPPON INDIA LIQUID FUND - RETAIL Plan - WEEKLY IDCW OPTION;;INF204K01UK5;1034.5141;;;03-Feb-2019
100853;NIPPON INDIA LIQUID FUND - WEEKLY IDCW OPTION;INF204KC1FM8;INF204K01US8;1530.8864;;;03-Feb-2019
100851;Nippon India Liquid Fund -Growth Plan;INF204K01UN9;;4488.1423;;;03-Feb-2019

PGIM India Mutual Fund
138306;PGIM India INSTA CASH FUND - Annual Bonus Option;INF223J01WV0;;142.2202;;;03-Feb-2019
138305;PGIM India Insta Cash Fund - Direct Plan -  Annual Bonus Option;INF223J01WW8;;145.1861;;;03-Feb-2019
138296;PGIM India Insta Cash Fund - Direct Plan - Annual Dividend;INF223J01NO4;INF223J01NP1;139.8422;;;03-Feb-2019
138300;PGIM India Insta Cash Fund - Direct Plan - Quarterly Dividend;INF223J01NX5;;145.2352;;;03-Feb-2019
138294;PGIM India Insta Cash Fund - Quarterly Dividend Option;INF223J01IN6;INF223J01IO4;143.3798;;;03-Feb-2019
139603;PGIM India Insta Cash Fund - Unclaimed Dividend Plan - Below 3 years;;;117.8427;;;03-Feb-2019
139604;PGIM India Insta Cash Fund - Unclaimed Redemption Plan - Above 3 years;;;100.057;;;03-Feb-2019
139605;PGIM India Insta Cash Fund - Unclamied Dividend Plan - Above 3 years;;;100.057;;;03-Feb-2019
139602;PGIM India Insta Cash Fund - Unlcaimed Redemption Plan - Below 3 years;;;117.6951;;;03-Feb-2019
138292;PGIM India Insta Cash Fund- Annual Dividend Option;INF223J01IP1;INF223J01IQ9;139.8671;;;03-Feb-2019
138278;PGIM India Insta Cash Fund-DIVIDEND-WEEKLY DIVIDEND;INF223J01BN1;;10.3557;;;03-Feb-2019
138283;PGIM India Insta Cash Fund-Institutional Plan-Daily Dividend;INF223J01BA8;;10.0516;;;03-Feb-2019
138282;PGIM India Insta Cash Fund-Institutional Plan-Growth;INF223J01BB6;;25.3852;;;03-Feb-2019
138304;PGIM India INSTA CASH FUND-Monthly Bonus Option;INF223J01VD0;;135.885;;;03-Feb-2019
138286;PGIM India Liquid Fund - Bonus Option;INF223J01BQ4;;163.5704;;;03-Feb-2019
138285;PGIM India Liquid Fund - Daily Dividend;;INF223J01BO9;100.304;;;03-Feb-2019
138297;PGIM India Liquid Fund - Direct Plan - Daily Dividend;INF223J01NR7;;100.304;;;03-Feb-2019
138299;PGIM India Liquid Fund - Direct Plan - Growth;INF223J01NS5;;240.2133;;;03-Feb-2019
138298;PGIM India Liquid Fund - Direct Plan - Monthly Dividend;INF223J01NT3;INF223J01NU1;107.4354;;;03-Feb-2019
138301;PGIM India Liquid Fund - Direct Plan - Weekly Dividend;INF223J01NV9;INF223J01NW7;100.5454;;;03-Feb-2019
138288;PGIM India Liquid Fund - Growth;INF223J01BP6;;239.2631;;;03-Feb-2019
138287;PGIM India Liquid Fund - Monthly Dividend;INF223J01BL5;;107.8151;;;03-Feb-2019
138289;PGIM India Liquid Fund - Weekly Dividend;INF223J01BU6;;100.5451;;;03-Feb-2019
138280;PGIM India Liquid Fund-DIVIDEND-Daily Dividend;;INF223J01BI1;10.301;;;03-Feb-2019
138281;PGIM India Liquid Fund-Growth-GROWTH;INF223J01BJ9;;26.7685;;;03-Feb-2019

PPFAS Mutual Fund
143263;Parag Parikh Liquid Fund- Direct Plan- Daily Reinvestment of IDCW;;INF879O01118;1000.2000;;;03-Feb-2019
143269;Parag Parikh Liquid Fund- Direct Plan- Growth;INF879O01068;;1047.6691;;;03-Feb-2019
143262;Parag Parikh Liquid Fund- Direct Plan- Monthly IDCW;INF879O01076;INF879O01084;1004.0134;;;03-Feb-2019
143265;Parag Parikh Liquid Fund- Direct Plan- Weekly Reinvestment of IDCW;;INF879O01134;1002.0117;;;03-Feb-2019
143264;Parag Parikh Liquid Fund- Regular Plan- Daily Reinvestment of IDCW;;INF879O01126;1000.2000;;;03-Feb-2019
143260;Parag Parikh Liquid Fund- Regular Plan- Growth;INF879O01035;;1046.7810;;;03-Feb-2019
143261;Parag Parikh Liquid Fund- Regular Plan- Monthly IDCW;INF879O01043;INF879O01050;1003.9976;;;03-Feb-2019
143266;Parag Parikh Liquid Fund- Regular Plan- Weekly Reinvestment of IDCW;;INF879O01142;1001.9951;;;03-Feb-2019

Principal Mutual Fund
100895;Principal Cash Management Fund - Daily Income Distribution CUM Capital Withdrawal;;INF173K01DB7;942.0018;;;03-Feb-2019
119468;Principal Cash Management Fund - Direct Plan - Growth Option;INF173K01GU0;;1645.6470;;;03-Feb-2019
119467;Principal Cash Management Fund - Direct Plan - Income Distribution CUM Capital Withdrawal Option - Daily;;INF173K01GT2;942.1323;;;03-Feb-2019
119469;Principal Cash Management Fund - Direct Plan - Income Distribution CUM Capital Withdrawal Option - Weekly;;INF173K01GY2;948.2691;;;03-Feb-2019
100897;Principal Cash Management Fund - Monthly Income Distribution CUM Capital Withdrawal Option;INF173K01BV9;INF173K01BW7;966.7509;;;03-Feb-2019
100896;Principal Cash Management Fund - Weekly Income Distribution CUM Capital Withdrawal Option;;INF173K01DC5;947.4708;;;03-Feb-2019
119466;Principal Cash Management Fund -Direct Plan - Income Distribution CUM Capital Withdrawal Option - Monthly;INF173K01GV8;INF173K01GW6;967.1798;;;03-Feb-2019
100898;Principal Cash Management Fund -Growth Option;INF173K01DA9;;1637.8088;;;03-Feb-2019

quant Mutual Fund
120837;quant Liquid Fund - Growth Option - Direct Plan;INF966L01820;;28.9844;;;03-Feb-2019
103225;quant Liquid Fund - Growth Option - Regular Plan;INF966L01317;;28.7708;;;03-Feb-2019
120838;quant Liquid Fund - Monthly IDCW Option - Direct Plan;INF966L01796;INF966L01812;15.3229;;;03-Feb-2019
103228;quant Liquid Fund - Monthly IDCW Option - Regular Plan;INF966L01291;INF966L01309;15.1595;;;03-Feb-2019
120839;quant Liquid Fund - Weekly IDCW Option - Direct Plan;INF966L01788;INF966L01804;14.1628;;;03-Feb-2019
103227;quant Liquid Fund - Weekly IDCW Option - Regular Plan;INF966L01499;INF966L01283;13.7512;;;03-Feb-2019
120836;quant Liquid Fund-Daily IDCW Option - Direct Plan;;INF966L01770;13.8839;;;03-Feb-2019
103226;quant Liquid Fund-Daily IDCW Option - Regular Plan;;INF966L01275;13.7442;;;03-Feb-2019

Quantum Mutual Fund
103736;Quantum Liquid Fund - Direct Plan Daily IDCW;;INF082J01135;10.0094;;;03-Feb-2019
103734;Quantum Liquid Fund - Direct Plan Growth Option;INF082J01127;;25.2256;;;03-Feb-2019
103735;Quantum Liquid Fund - Direct Plan Monthly IDCW;INF082J01143;INF082J01200;10.0224;;;03-Feb-2019
141065;Quantum Liquid Fund - Regular Plan Daily IDCW;;INF082J01317;10.0042;;;03-Feb-2019
141066;Quantum Liquid Fund - Regular Plan Growth Option;INF082J01309;;25.2003;;;03-Feb-2019
141067;Quantum Liquid Fund - Regular Plan Monthly IDCW;INF082J01325;INF082J01333;10.0220;;;03-Feb-2019

SBI Mutual Fund
119804;SBI Liquid Fund - Direct Paln - Fortnightly Income Distribution cum Capital Withdrawal Option (IDCW);INF200K01UR8;INF200K01US6;1013.4188;;;03-Feb-2019
119805;SBI Liquid Fund - Direct Plan - Daily Income Distribution cum Capital Withdrawal Option (IDCW);;INF200K01UQ0;1003.2500;;;03-Feb-2019
119799;SBI Liquid Fund - Direct Plan - Weekly Income Distribution cum Capital Withdrawal Option (IDCW);INF200K01UU2;INF200K01UV0;1061.2616;;;03-Feb-2019
119800;SBI Liquid Fund - DIRECT PLAN -Growth;INF200K01UT4;;2895.3498;;;03-Feb-2019
105274;SBI Liquid Fund - Institutional - Growth;INF200K01LU1;;2910.6866;;;03-Feb-2019
105275;SBI Liquid Fund - Institutional Daily Income Distribution cum Capital Withdrawal Option (IDCW);;INF200K01LR7;1003.2500;;;03-Feb-2019
105279;SBI Liquid Fund - Institutional Fortnightly Income Distribution cum Capital Withdrawal Option (IDCW);INF200K01LS5;INF200K01LT3;1024.7183;;;03-Feb-2019
105278;SBI Liquid Fund - Institutional Weekly Income Distribution cum Capital Withdrawal Option (IDCW);INF200K01LV9;INF200K01LW7;1060.5488;;;03-Feb-2019
105281;SBI Liquid Fund - Regular Plan - Daily Income Distribution cum Capital Withdrawal Option (IDCW);;INF200K01LX5;1003.2500;;;03-Feb-2019
105283;SBI Liquid Fund - Regular Plan - Fortnightly Income Distribution cum Capital Withdrawal Option (IDCW);INF200K01LY3;INF200K01LZ0;1013.3974;;;03-Feb-2019
105282;SBI Liquid Fund - Regular Plan - Weekly Income Distribution cum Capital Withdrawal Option (IDCW);INF200K01MB9;INF200K01MC7;1061.2587;;;03-Feb-2019
105280;SBI Liquid Fund - REGULAR PLAN -Growth;INF200K01MA1;;2883.4931;;;03-Feb-2019

Sundaram Mutual Fund
119690;Sundaram Money Fund Direct Plan - Bonus;INF903J01RL8;;13.9441;;;03-Feb-2019
119688;Sundaram Money Fund Direct Plan - Daily Reinvestment of Income Distribution cum Capital Withdrawal (IDCW);;INF903J01QA3;10.1025;;;03-Feb-2019
119692;Sundaram Money Fund Direct Plan - Fortnightly Reinvestment of Income Distribution cum Capital Withdrawal (IDCW);;INF903J01QB1;26.1233;;;03-Feb-2019
119686;Sundaram Money Fund Direct Plan - Growth;INF903J01QF2;;38.9631;;;03-Feb-2019
119687;Sundaram Money Fund Direct Plan - Monthly Income Distribution cum Capital Withdrawal (IDCW);INF903J01QC9;INF903J01QD7;10.7226;;;03-Feb-2019
119689;Sundaram Money Fund Direct Plan - Quarterly Reinvestment of Income Distribution cum Capital Withdrawal (IDCW);;INF903J01QE5;36.9156;;;03-Feb-2019
119691;Sundaram Money Fund Direct Plan - Weekly Reinvestment of Income Distribution cum Capital Withdrawal (IDCW);;INF903J01QG0;11.8318;;;03-Feb-2019
102701;Sundaram Money Fund Institutional Plan - Daily Reinvestment of Income Distribution cum Capital Withdrawal (IDCW);;INF903J01GP2;10.0953;;;03-Feb-2019
102703;Sundaram Money Fund Institutional Plan - Growth;INF903J01GN7;;37.8215;;;03-Feb-2019
118328;Sundaram Money Fund Regular Plan - Bonus;INF903J01MB0;;13.8633;;;03-Feb-2019
103392;Sundaram Money Fund Regular Plan - Daily Reinvestment of Income Distribution cum Capital Withdrawal (IDCW);;INF903J01GW8;10.0953;;;03-Feb-2019
103395;Sundaram Money Fund Regular Plan - Fortnightly Reinvestment of Income Distribution cum Capital Withdrawal (IDCW);;INF903J01GY4;11.0517;;;03-Feb-2019
103397;Sundaram Money Fund Regular Plan - Growth;INF903J01GU2;;38.7835;;;03-Feb-2019
103396;Sundaram Money Fund Regular Plan - Monthly Income Distribution cum Capital Withdrawal (IDCW);INF903J01GV0;INF903J01GZ1;10.5791;;;03-Feb-2019
103393;Sundaram Money Fund Regular Plan - Quarterly Reinvestment of Income Distribution cum Capital Withdrawal (IDCW);;INF903J01HA2;36.7866;;;03-Feb-2019
100620;Sundaram Money Fund Retail Plan - Daily Reinvestment of Income Distribution cum Capital Withdrawal (IDCW);;INF903J01GI7;10.0953;;;03-Feb-2019
100622;Sundaram Money Fund Retail Plan - Fortnightly Reinvestment of Income Distribution cum Capital Withdrawal (IDCW);;INF903J01GK3;11.0341;;;03-Feb-2019
100618;Sundaram Money Fund Retail Plan - Growth;INF903J01GG1;;36.2450;;;03-Feb-2019
100623;Sundaram Money Fund Retail Plan - Monthly Income Distribution cum Capital Withdrawal (IDCW);INF903J01GH9;INF903J01GL1;10.5922;;;03-Feb-2019
100619;Sundaram Money Fund Retail Plan - Quarterly Reinvestment of Income Distribution cum Capital Withdrawal (IDCW);;INF903J01GM9;12.4766;;;03-Feb-2019
100621;Sundaram Money Fund Retail Plan - Weekly Reinvestment of Income Distribution cum Capital Withdrawal (IDCW);;INF903J01GJ5;11.7673;;;03-Feb-2019
140006;Sundaram Money Fund Unclaimed Amount Plan - Unclaimed Dividend Less Than Three Years;INF903JA1567;;11.6579;;;03-Feb-2019
140005;Sundaram Money Fund Unclaimed Amount Plan - Unclaimed Dividend More Than Three Years;INF903JA1575;;10.0000;;;03-Feb-2019
140003;Sundaram Money Fund Unclaimed Amount Plan - Unclaimed Redemption Less Than Three Years;INF903JA1542;;11.6668;;;03-Feb-2019
140004;Sundaram Money Fund Unclaimed Amount Plan - Unclaimed Redemption More Than Three Years;INF903JA1559;;10.0000;;;03-Feb-2019
103394;Sundaram Money Fund Regular Plan - Weekly Reinvestment of Income Distribution cum Capital Withdrawal (IDCW);;INF903J01GX6;11.8108;;;03-Feb-2019

Tata Mutual Fund
102672;Tata Liquid Fund -Regular Plan - Growth Option;INF277K01YD8;;2898.7395;;;03-Feb-2019
119862;Tata Liquid Fund- Direct Plan - Daily Reinvestment of IDCW Option;;INF277K012D2;1001.5187;;;03-Feb-2019
119861;Tata Liquid Fund- Direct Plan-Growth Option;INF277K01YE6;;2912.0760;;;03-Feb-2019
101714;Tata Liquid Fund- Regular Plan - Daily Reinvestment of IDCW Option;;INF277K011D4;1001.5157;;;03-Feb-2019

Taurus Mutual Fund
111915;Taurus Liquid Fund - Regular Plan - SI Growth Option;INF044D01534;;1845.4405;;;03-Feb-2019
113248;Taurus Liquid Fund - Regular Plan - SI Weekly Dividend Option;;INF044D01526;1000.7726;;;03-Feb-2019
111703;Taurus Liquid Fund - Regular Plan -SI Daily Dividend Option;;INF044D01518;1000.7587;;;03-Feb-2019
118891;Taurus Liquid Fund-Direct Plan-SI Daily Dividend Option;;INF044D01DI0;1000.7587;;;03-Feb-2019
118893;Taurus Liquid Fund-Direct Plan-SI Growth Option;INF044D01DK6;;1853.9835;;;03-Feb-2019
118892;Taurus Liquid Fund-Direct Plan-SI Weekly Dividend Option;;INF044D01DJ8;1001.2438;;;03-Feb-2019
104240;Taurus Liquid Fund-Dividend;INF044D01542;INF044D01559;1001.2379;;;03-Feb-2019
104241;Taurus Liquid Fund-Growth;INF044D01575;;2161.1387;;;03-Feb-2019

Union Mutual Fund
115401;Union Liquid Fund - Daily IDCW Option;;INF582M01021;993.0626;;;03-Feb-2019
119301;Union Liquid Fund - Direct Plan - Daily IDCW Option;;INF582M01682;993.6088;;;03-Feb-2019
119305;Union Liquid Fund - Direct Plan - Fortnightly IDCW Option;INF582M01724;INF582M01708;993.6855;;;03-Feb-2019
119303;Union Liquid Fund - Direct Plan - Growth Option;INF582M01674;;1779.4261;;;03-Feb-2019
119302;Union Liquid Fund - Direct Plan - Monthly IDCW Option;INF582M01732;INF582M01716;996.4009;;;03-Feb-2019
119304;Union Liquid Fund - Direct Plan - Weekly IDCW Option;;INF582M01690;993.8613;;;03-Feb-2019
115399;Union Liquid Fund - Fortnightly IDCW Option;INF582M01062;INF582M01047;993.3803;;;03-Feb-2019
115398;Union Liquid Fund - Growth Option;INF582M01013;;1768.9948;;;03-Feb-2019
115400;Union Liquid Fund - Monthly IDCW Option;INF582M01070;INF582M01054;995.9414;;;03-Feb-2019
142345;Union Liquid Fund - Unclaimed Amounts Plan - IDCW Beyond 3 years;;;991.2256;;;03-Feb-2019
142344;Union Liquid Fund - Unclaimed Amounts Plan - IDCW Upto 3 years;;;1035.8387;;;03-Feb-2019
142343;Union Liquid Fund - Unclaimed Amounts Plan - Redemption Beyond 3 years;;;991.2720;;;03-Feb-2019
142342;Union Liquid Fund - Unclaimed Amounts Plan - Redemption Upto 3 years;;;1035.8152;;;03-Feb-2019
115402;Union Liquid Fund - Weekly IDCW Option;;INF582M01039;993.3918;;;03-Feb-2019

UTI Mutual Fund
134427;UTI Liquid Fund - Direct Plan - Annual IDCW;INF789FA1K63;INF789FA1K71;1330.6654;;;03-Feb-2019
120558;UTI Liquid Fund - Direct Plan - Daily IDCW (Reinvestment);;INF789F01XP8;1019.4457;;;03-Feb-2019
141768;UTI Liquid Fund - Direct Plan - Flexi IDCW;INF789FA1K89;INF789FA1K97;1096.0048;;;03-Feb-2019
140913;UTI Liquid Fund - Direct Plan - Fortnightly IDCW;INF789FA1K06;INF789FA1K14;1156.8406;;;03-Feb-2019
140504;UTI Liquid Fund - Direct Plan - Half-Yearly IDCW;INF789FA1K48;INF789FA1K55;1039.4205;;;03-Feb-2019
120794;UTI Liquid Fund - Direct Plan - Monthly IDCW;INF789F01XR4;INF789F01XS2;1025.5874;;;03-Feb-2019
140024;UTI Liquid Fund - Direct Plan - Quarterly IDCW;INF789FA1K22;INF789FA1K30;1256.7293;;;03-Feb-2019
120777;UTI Liquid Fund - Direct Plan - Weekly IDCW;;INF789F01XT0;1053.7664;;;03-Feb-2019
133973;UTI Liquid Fund - Regular Plan - Annual IDCW;INF789FA1J66;INF789FA1J74;1329.5905;;;03-Feb-2019
102010;UTI Liquid Fund - Regular Plan - Daily IDCW (Reinvestment);;INF789F01PG3;1019.4457;;;03-Feb-2019
140517;UTI Liquid Fund - Regular Plan - Flexi IDCW;INF789FA1J82;INF789FA1J90;1095.8079;;;03-Feb-2019
139838;UTI Liquid Fund - Regular Plan - Fortnightly IDCW;INF789FA1J09;INF789FA1J17;1156.0051;;;03-Feb-2019
144475;UTI Liquid Fund - Regular Plan - Half-Yearly IDCW;INF789FA1J41;INF789FA1J58;1039.2771;;;03-Feb-2019
102011;UTI Liquid Fund - Regular Plan - Monthly IDCW;INF789F01PI9;INF789F01PJ7;1025.5839;;;03-Feb-2019
135721;UTI Liquid Fund - Regular Plan - Quarterly IDCW;INF789FA1J25;INF789FA1J33;1255.3729;;;03-Feb-2019
102013;UTI Liquid Fund - Regular Plan - Weekly IDCW;;INF789F01PK5;1053.7577;;;03-Feb-2019
120304;UTI-  Liquid Cash Plan - Direct Plan - Growth Option;INF789F01XQ6;;3025.7099;;;03-Feb-2019
102012;UTI-  Liquid Cash Plan - Regular Plan - Growth Option;INF789F01PH1;;3015.2965;;;03-Feb-2019
102008;UTI-  Liquid Cash Plan- Discontinued - Regular Plan - Monthly Dividend Option;INF789F01BC2;INF789F01BA6;1177.1735;;;03-Feb-2019
102009;UTI-  Liquid Cash Plan- Discontinued - Regular Plan -Growth;INF789F01BB4;;2821.023;;;03-Feb-2019
102007;UTI-  Liquid Cash Plan- Discontinued -Regular Plan Periodic Dividend Option;;INF789F01AZ5;1132.0303;;;03-Feb-2019

WhiteOak Capital Mutual Fund
145969;WhiteOak Capital Liquid Fund- Direct plan-Daily Reinvestment of Income Distribution cum capital withdrawal option (IDCW);;INF03VN01019;1000.5477;;;03-Feb-2019
145966;WhiteOak Capital Liquid Fund- Direct plan-Fortnightly Payout/ Reinvestment of Income Distribution cum capital withdrawal option (IDCW);INF03VN01027;INF03VN01035;1003.5432;;;03-Feb-2019
145971;WhiteOak Capital Liquid Fund- Direct plan-Growth Option;INF03VN01043;;1003.5411;;;03-Feb-2019
145967;WhiteOak Capital Liquid Fund- Direct plan-Monthly  Payout/ Reinvestment of Income Distribution cum capital withdrawal option (IDCW);INF03VN01050;INF03VN01068;1003.5411;;;03-Feb-2019
145970;WhiteOak Capital Liquid Fund- Direct plan-Weekly Payout/ Reinvestment of Income Distribution cum capital withdrawal option (IDCW);INF03VN01076;INF03VN01084;1002.2146;;;03-Feb-2019
145963;WhiteOak Capital Liquid Fund- Regular plan-Daily Reinvestment of Income Distribution cum capital withdrawal option (IDCW);;INF03VN01092;1000.5411;;;03-Feb-2019
145965;WhiteOak Capital Liquid Fund- Regular plan-Fortnightly Payout/ Reinvestment of Income Distribution cum capital withdrawal option (IDCW);INF03VN01100;INF03VN01118;1003.4993;;;03-Feb-2019
145968;WhiteOak Capital Liquid Fund- Regular plan-Growth Option;INF03VN01126;;1003.4993;;;03-Feb-2019
145972;WhiteOak Capital Liquid Fund- Regular plan-Monthly Payout/ Reinvestment of Income Distribution cum capital withdrawal option (IDCW);INF03VN01134;INF03VN01142;1003.4993;;;03-Feb-2019
145964;WhiteOak Capital Liquid Fund- Regular plan-Weekly Payout/ Reinvestment of Income Distribution cum capital withdrawal option (IDCW);INF03VN01159;INF03VN01167;1002.1883;;;03-Feb-2019

Open Ended Schemes ( Other Scheme - Other  ETFs )


DSP Mutual Fund
142589;DSP NIFTY 1D Rate Liquid ETF;;INF740KA1EU7;1000.0000;;;03-Feb-2019

ICICI Prudential Mutual Fund
144947;ICICI Prudential BSE Liquid Rate ETF - IDCW;INF109KC1KT9;;1000;;;03-Feb-2019

Nippon India Mutual Fund
140086;Nippon India ETF Nifty 1D Rate Liquid BeES - DAILY IDCW Option;INF732E01037;;1000.0000;;;03-Feb-2019

Close Ended Schemes ( Income )


SBI Mutual Fund
135904;SBI DEBT FUND SERIES B - 29 (1200 DAYS) - DIRECT PLAN - DIVIDEND;INF200KA1HK4;;12.7434;;;03-Feb-2019
135905;SBI DEBT FUND SERIES B - 29 (1200 DAYS) - DIRECT PLAN - GROWTH;INF200KA1HJ6;;12.7439;;;03-Feb-2019
135903;SBI DEBT FUND SERIES B - 29 (1200 DAYS) - REGULAR PLAN - DIVIDEND;INF200KA1HI8;;12.5996;;;03-Feb-2019
135902;SBI DEBT FUND SERIES B - 29 (1200 DAYS) - REGULAR PLAN - GROWTH;INF200KA1HH0;;12.5996;;;03-Feb-2019
136143;SBI DEBT FUND SERIES B - 31 (1200 DAYS) - DIRECT PLAN - DIVIDEND;INF200KA1HW9;;12.6022;;;03-Feb-2019
136142;SBI DEBT FUND SERIES B - 31 (1200 DAYS) - DIRECT PLAN - GROWTH;INF200KA1HV1;;12.6028;;;03-Feb-2019
136144;SBI DEBT FUND SERIES B - 31 (1200 DAYS) - REGULAR PLAN - DIVIDEND;INF200KA1HU3;;12.4655;;;03-Feb-2019
136141;SBI DEBT FUND SERIES B - 31 (1200 DAYS) - REGULAR PLAN - GROWTH;INF200KA1HT5;;12.4657;;;03-Feb-2019
136431;SBI DEBT FUND SERIES B - 33 (1131 DAYS) - DIRECT PLAN - DIVIDEND PAYOUT;INF200KA1II6;;12.5446;;;03-Feb-2019
136432;SBI DEBT FUND SERIES B - 33 (1131 DAYS) - DIRECT PLAN - GROWTH;INF200KA1IH8;;12.5404;;;03-Feb-2019
136434;SBI DEBT FUND SERIES B - 33 (1131 DAYS) - REGULAR PLAN - DIVIDEND PAYOUT;INF200KA1IG0;;12.4064;;;03-Feb-2019
136433;SBI DEBT FUND SERIES B - 33 (1131 DAYS) - REGULAR PLAN - GROWTH;INF200KA1IF2;;12.4065;;;03-Feb-2019
136477;SBI DEBT FUND SERIES B - 34 (1131 DAYS) - DIRECT PLAN - DIVIDEND PAYOUT;INF200KA1IM8;;12.5034;;;03-Feb-2019
136476;SBI DEBT FUND SERIES B - 34 (1131 DAYS) - DIRECT PLAN - GROWTH;INF200KA1IL0;;12.5021;;;03-Feb-2019
136475;SBI DEBT FUND SERIES B - 34 (1131 DAYS) - REGULAR PLAN - DIVIDEND PAYOUT;INF200KA1IK2;;12.3706;;;03-Feb-2019
136474;SBI DEBT FUND SERIES B - 34 (1131 DAYS) - REGULAR PLAN - GROWTH;INF200KA1IJ4;;12.3696;;;03-Feb-2019
136547;SBI DEBT FUND SERIES B - 35 (1131 DAYS) - DIRECT PLAN - DIVIDEND PAYOUT;INF200KA1IQ9;;12.4900;;;03-Feb-2019
136548;SBI DEBT FUND SERIES B - 35 (1131 DAYS) - DIRECT PLAN - GROWTH;INF200KA1IP1;;12.4909;;;03-Feb-2019
136546;SBI DEBT FUND SERIES B - 35 (1131 DAYS) - REGULAR PLAN - DIVIDEND PAYOUT;INF200KA1IO4;;12.3594;;;03-Feb-2019
136545;SBI DEBT FUND SERIES B - 35 (1131 DAYS) - REGULAR PLAN - GROWTH;INF200KA1IN6;;12.3592;;;03-Feb-2019
139226;SBI DEBT FUND SERIES B - 36 (1131 DAYS) - DIRECT PLAN - DIVIDEND PAYOUT;INF200KA1IY3;;12.4193;;;03-Feb-2019
139227;SBI DEBT FUND SERIES B - 36 (1131 DAYS) - DIRECT PLAN - GROWTH;INF200KA1IX5;;12.4170;;;03-Feb-2019
139225;SBI DEBT FUND SERIES B - 36 (1131 DAYS) - REGULAR PLAN - DIVIDEND PAYOUT;INF200KA1IW7;;12.2877;;;03-Feb-2019
139228;SBI DEBT FUND SERIES B- 36 (1131 DAYS) - REGULAR PLAN - GROWTH;INF200KA1IV9;;12.2876;;;03-Feb-2019
139403;SBI DEBT FUND SERIES B - 41(1100 DAYS)- DIRECT PLAN - DIVIDEND PAYOUT;INF200KA1JS3;;12.2037;;;03-Feb-2019
139406;SBI DEBT FUND SERIES B - 41(1100 DAYS)- DIRECT PLAN - GROWTH;INF200KA1JR5;;12.2034;;;03-Feb-2019
139405;SBI DEBT FUND SERIES B - 41(1100 DAYS)- REGULAR PALN - GROWTH;INF200KA1JP9;;12.0842;;;03-Feb-2019
139404;SBI DEBT FUND SERIES B - 41(1100 DAYS)- REGULAR PLAN - DIVIDEND PAYOUT;INF200KA1JQ7;;12.0842;;;03-Feb-2019
139565;SBI DEBT FUNDS SERIES B - 42 (1100 DAYS) - DIRECT PLAN - DIVIDEND PAYOUT;INF200KA1KB7;;12.0435;;;03-Feb-2019
139567;SBI DEBT FUNDS SERIES B - 42 (1100 DAYS) - DIRECT PLAN - GROWTH;INF200KA1KA9;;12.0436;;;03-Feb-2019
139564;SBI DEBT FUNDS SERIES B - 42 (1100 DAYS) - REGULAR PLAN - DIVIDEND PAYOUT;INF200KA1JZ8;;11.9302;;;03-Feb-2019
139566;SBI DEBT FUNDS SERIES B - 42 (1100 DAYS) - REGULAR PLAN - GROWTH;INF200KA1JY1;;11.9302;;;03-Feb-2019
139790;SBI DEBT FUND SERIES B - 43(1100 DAYS)- DIRECT PLAN - DIVIDEND PAYOUT;INF200KA1KR3;;11.8653;;;03-Feb-2019
139791;SBI DEBT FUND SERIES B - 43(1100 DAYS)- DIRECT PLAN - GROWTH;INF200KA1KQ5;;11.8653;;;03-Feb-2019
139789;SBI DEBT FUND SERIES B - 43(1100 DAYS)- REGULAR PLAN - GROWTH;INF200KA1KO0;;11.7586;;;03-Feb-2019
139788;SBI DEBT FUND SERIES B - 43(1100 DAYS)-REGULAR PLAN - DIVIDEND PAYOUT;INF200KA1KP7;;11.7586;;;03-Feb-2019
140012;SBI Debt Fund Series B - 44 (1100 Days) - Direct Plan - Dividend;INF200KA1LD1;;11.6599;;;03-Feb-2019
140011;SBI Debt Fund Series B - 44 (1100 Days) - Direct plan - Growth;INF200KA1LC3;;11.6600;;;03-Feb-2019
140014;SBI Debt Fund Series B - 44 (1100 Days) - Regular Plan - Dividend;INF200KA1LB5;;11.5675;;;03-Feb-2019
140013;SBI Debt Fund Series B - 44 (1100 Days) - Regular Plan - Growth;INF200KA1LA7;;11.5675;;;03-Feb-2019
140736;SBI DEBT FUND SERIES B - 46 (1155 DAYS) - DIRECT PLAN - DIVIDEND PAYOUT;INF200KA1MB3;;11.3336;;;03-Feb-2019
140735;SBI DEBT FUND SERIES B - 46 (1155 DAYS) - DIRECT PLAN - GROWTH;INF200KA1MA5;;11.3329;;;03-Feb-2019
140734;SBI DEBT FUND SERIES B - 46 (1155 DAYS) - REGULAR PLAN - DIVIDEND PAYOUT;INF200KA1LZ4;;11.2713;;;03-Feb-2019
140733;SBI DEBT FUND SERIES B - 46 (1155 DAYS) - REGULAR PLAN - GROWTH;INF200KA1LY7;;11.2717;;;03-Feb-2019
140764;SBI DEBT FUND SERIES B - 49 (1170 DAYS) - DIRECT PLAN - DIVIDEND PAYOUT;INF200KA1MV1;;11.3429;;;03-Feb-2019
140761;SBI DEBT FUND SERIES B - 49 (1170 DAYS) - DIRECT PLAN - GROWTH;INF200KA1MU3;;11.3429;;;03-Feb-2019
140762;SBI DEBT FUND SERIES B - 49 (1170 DAYS) - REGULAR PLAN - DIVIDEND PAYOUT;INF200KA1MT5;;11.2829;;;03-Feb-2019
140763;SBI DEBT FUND SERIES B - 49 (1170 DAYS) - REGULAR PLAN - GROWTH;INF200KA1MS7;;11.2824;;;03-Feb-2019
141525;SBI DEBT FUND SERIES C - 1 (1100 DAYS) - DIRECT PLAN - DIVIDEND PAYOUT;INF200KA1PX0;;11.0489;;;03-Feb-2019
141524;SBI DEBT FUND SERIES C - 1 (1100 DAYS) - DIRECT PLAN - GROWTH;INF200KA1PW2;;11.0489;;;03-Feb-2019
141523;SBI DEBT FUND SERIES C - 1 (1100 DAYS) - REGULAR PLAN - DIVIDEND PAYOUT;INF200KA1PV4;;10.9799;;;03-Feb-2019
141522;SBI DEBT FUND SERIES C - 1 (1100 DAYS) - REGULAR PLAN - GROWTH;INF200KA1PU6;;10.9794;;;03-Feb-2019
142551;SBI Debt Fund Series - C - 10 (1150 Days) - Direct Plan - Income Distribution cum Capital Withdrawal Option (IDCW);INF200KA1SR6;;10.6156;;;03-Feb-2019
142552;SBI Debt Fund Series - C - 10 (1150 Days) - Regular Plan - Income Distribution cum Capital Withdrawal Option (IDCW);INF200KA1SP0;;10.5799;;;03-Feb-2019
142550;SBI DEBT FUND SERIES C - 10 (1150 DAYS) - DIRECT PLAN - GROWTH;INF200KA1SQ8;;10.6157;;;03-Feb-2019
142553;SBI DEBT FUND SERIES C - 10 (1150 DAYS) - REGULAR PLAN - GROWTH;INF200KA1SO3;;10.5799;;;03-Feb-2019
142872;SBI Debt Fund Series - C - 12 (1122 Days) - Direct Plan - Income Distribution cum Capital Withdrawal Option (IDCW);INF200KA1TD4;;10.5414;;;03-Feb-2019
142870;SBI Debt Fund Series - C - 12 (1122 Days) - Regular Plan - Income Distribution cum Capital Withdrawal Option (IDCW);INF200KA1TB8;;10.5079;;;03-Feb-2019
142871;SBI DEBT FUND SERIES C - 12 (1122 DAYS) - DIRECT PLAN - GROWTH;INF200KA1TC6;;10.5415;;;03-Feb-2019
142869;SBI DEBT FUND SERIES C - 12 (1122 DAYS) - REGULAR PLAN - GROWTH;INF200KA1TA0;;10.5081;;;03-Feb-2019
142960;SBI Debt Fund Series - C - 14 (1122 Days) - Direct Plan - Income Distribution cum Capital Withdrawal Option (IDCW);INF200KA1TL7;;10.5359;;;03-Feb-2019
142957;SBI Debt Fund Series - C - 14 (1122 Days) - Regular Plan - Income Distribution cum Capital Withdrawal Option (IDCW);INF200KA1TJ1;;10.5066;;;03-Feb-2019
142959;SBI DEBT FUND SERIES C - 14 (1122 DAYS) - DIRECT PLAN - GROWTH;INF200KA1TK9;;10.5360;;;03-Feb-2019
142958;SBI DEBT FUND SERIES C - 14 (1122 DAYS) - REGULAR PLAN - GROWTH;INF200KA1TI3;;10.5034;;;03-Feb-2019
143486;SBI DEBT FUND SERIES C -15 (91 DAYS) - DIRECT PLAN - GROWTH;INF200KA1VG3;;10.5638;;;03-Feb-2019
143488;SBI DEBT FUND SERIES C -15 (91 DAYS) - REGULAR PLAN - GROWTH;INF200KA1VE8;;10.5517;;;03-Feb-2019
143492;SBI Debt Fund Series - C - 16 (1100 Days) - Direct Plan - Income Distribution cum Capital Withdrawal Option (IDCW);INF200KA1UB6;;10.5801;;;03-Feb-2019
143490;SBI Debt Fund Series - C - 16 (1100 Days) - Regular Plan - Income Distribution cum Capital Withdrawal Option (IDCW);INF200KA1TZ7;;10.5581;;;03-Feb-2019
143489;SBI DEBT FUND SERIES C -16 (1100 DAYS) - DIRECT PLAN - GROWTH;INF200KA1UA8;;10.5801;;;03-Feb-2019
143491;SBI DEBT FUND SERIES C -16 (1100 DAYS) - REGULAR PLAN - GROWTH;INF200KA1TY0;;10.5581;;;03-Feb-2019
143776;SBI Debt Fund Series - C - 18 (1100 Days) - Direct Plan - Income Distribution cum Capital Withdrawal Option (IDCW);INF200KA1UJ9;;10.5435;;;03-Feb-2019
143774;SBI Debt Fund Series - C - 18 (1100 Days) - Regular Plan - Income Distribution cum Capital Withdrawal Option (IDCW);INF200KA1UH3;;10.5220;;;03-Feb-2019
143775;SBI DEBT FUND SERIES C - 18 (1100 DAYS) - DIRECT PLAN - GROWTH;INF200KA1UI1;;10.5422;;;03-Feb-2019
143773;SBI DEBT FUND SERIES C - 18 (1100 DAYS) - REGULAR PLAN - GROWTH;INF200KA1UG5;;10.5220;;;03-Feb-2019
144038;SBI Debt Fund Series - C - 19 (1100 Days) - Direct Plan - Income Distribution cum Capital Withdrawal Option (IDCW);INF200KA1UN1;;10.4904;;;03-Feb-2019
144036;SBI Debt Fund Series - C - 19 (1100 Days) - Regular Plan - Income Distribution cum Capital Withdrawal Option (IDCW);INF200KA1UL5;;10.4689;;;03-Feb-2019
144037;SBI Debt Fund Series C - 19 (1100 Days) - Direct Plan - Growth;INF200KA1UM3;;10.4904;;;03-Feb-2019
144035;SBI Debt Fund Series C - 19 (1100 Days) - Regular Plan - Growth;INF200KA1UK7;;10.4689;;;03-Feb-2019
141746;SBI DEBT FUND SERIES C - 2 (1100 DAYS) - DIRECT PLAN - DIVIDEND PAYOUT;INF200KA1RH9;;10.8604;;;03-Feb-2019
141745;SBI DEBT FUND SERIES C - 2 (1100 DAYS) - DIRECT PLAN - GROWTH;INF200KA1RG1;;10.8604;;;03-Feb-2019
141744;SBI DEBT FUND SERIES C - 2 (1100 DAYS) - REGULAR PLAN - DIVIDEND PAYOUT;INF200KA1RF3;;10.7985;;;03-Feb-2019
141747;SBI DEBT FUND SERIES C - 2 (1100 DAYS) - REGULAR PLAN - GROWTH;INF200KA1RE6;;10.7985;;;03-Feb-2019
144350;SBI Debt Fund Series - C - 20 (1100 Days) - Direct Plan - Income Distribution cum Capital Withdrawal Option (IDCW);INF200KA1UV4;;10.4352;;;03-Feb-2019
144348;SBI Debt Fund Series - C - 20 (1100 Days) - Regular Plan - Income Distribution cum Capital Withdrawal Option (IDCW);INF200KA1UT8;;10.4166;;;03-Feb-2019
144349;SBI Debt Fund Series C - 20 - (1100 Days) - Direct Plan - Growth;INF200KA1UU6;;10.4352;;;03-Feb-2019
144347;SBI Debt Fund Series C - 20 - (1100 Days) - Regular Plan - Growth;INF200KA1US0;;10.4167;;;03-Feb-2019
144368;SBI Debt Fund Series - C - 21 (1100 Days) - Direct Plan - Income Distribution cum Capital Withdrawal Option (IDCW);INF200KA1UZ5;;10.3879;;;03-Feb-2019
144367;SBI Debt Fund Series - C - 21 (1100 Days) - Regular Plan - Income Distribution cum Capital Withdrawal Option (IDCW);INF200KA1UX0;;10.3691;;;03-Feb-2019
144366;SBI Debt Fund Series C - 21 (1100 Days) - Direct Plan - Growth;INF200KA1UY8;;10.3878;;;03-Feb-2019
144365;SBI Debt Fund Series C - 21 (1100 Days) - Regular Plan - Growth;INF200KA1UW2;;10.3690;;;03-Feb-2019
144495;SBI Debt Fund Series - C - 22 (1100 Days) - Direct Plan - Income Distribution cum Capital Withdrawal Option (IDCW);INF200KA1VD0;;10.3122;;;03-Feb-2019
144493;SBI Debt Fund Series - C - 22 (1100 Days) - Regular Plan - Income Distribution cum Capital Withdrawal Option (IDCW);INF200KA1VB4;;10.2979;;;03-Feb-2019
144494;SBI Debt Fund Series C - 22 (1100 Days) - Direct Plan - Growth;INF200KA1VC2;;10.3122;;;03-Feb-2019
144492;SBI Debt Fund Series C - 22 (1100 Days) - Regular Plan - Growth;INF200KA1VA6;;10.2978;;;03-Feb-2019
144843;SBI Debt Fund Series - C - 23 (1100 Days) - Direct Plan - Income Distribution cum Capital Withdrawal Option (IDCW);INF200KA1VL3;;10.3535;;;03-Feb-2019
144841;SBI Debt Fund Series - C - 23 (1100 Days) - Regular Plan - Income Distribution cum Capital Withdrawal Option (IDCW);INF200KA1VJ7;;10.3380;;;03-Feb-2019
144842;SBI Debt Fund Series C - 23 - (1100 Days) - Direct Plan - Growth;INF200KA1VK5;;10.3535;;;03-Feb-2019
144840;SBI Debt Fund Series C - 23 - (1100 Days) - Regular Plan - Growth;INF200KA1VI9;;10.3380;;;03-Feb-2019
144920;SBI Debt Fund Series - C - 24 (1100 Days) - Direct Plan - Income Distribution cum Capital Withdrawal Option (IDCW);INF200KA1VP4;;10.3957;;;03-Feb-2019
144917;SBI Debt Fund Series - C - 24 (1100 Days) - Regular Plan - Income Distribution cum Capital Withdrawal Option (IDCW);INF200KA1VN9;;10.3828;;;03-Feb-2019
144918;SBI Debt Fund Series C - 24 - (1100 Days) - Direct Plan - Growth;INF200KA1VO7;;10.3957;;;03-Feb-2019
144919;SBI Debt Fund Series C - 24 - (1100 Days) - Regular Plan - Growth;INF200KA1VM1;;10.3822;;;03-Feb-2019
144993;SBI Debt Fund Series - C - 25 (1100 Days) - Direct Plan - Income Distribution cum Capital Withdrawal Option (IDCW);INF200KA1VU4;;10.3708;;;03-Feb-2019
144991;SBI Debt Fund Series - C - 25 (1100 Days) - Regular Plan - Income Distribution cum Capital Withdrawal Option (IDCW);INF200KA1VS8;;10.3489;;;03-Feb-2019
144992;SBI Debt Fund Series C - 25 - (1100 Days) - Direct Plan - Growth;INF200KA1VT6;;10.3708;;;03-Feb-2019
144990;SBI Debt Fund Series C - 25 - (1100 Days) - Regular Plan - Growth;INF200KA1VR0;;10.3481;;;03-Feb-2019
145230;SBI Debt Fund Series - C - 26 (1125 Days) - Direct Plan - Income Distribution cum Capital Withdrawal Option (IDCW);INF200KA1WC0;;10.3681;;;03-Feb-2019
145231;SBI Debt Fund Series - C - 26 (1125 Days) - Regular Plan - Income Distribution cum Capital Withdrawal Option (IDCW);INF200KA1WA4;;10.3605;;;03-Feb-2019
145229;SBI Debt Fund Series C - 26 - (1125 Days) - Direct Plan - Growth;INF200KA1WB2;;10.3686;;;03-Feb-2019
145232;SBI Debt Fund Series C - 26 - (1125 Days) - Regular Plan - Growth;INF200KA1VZ3;;10.3563;;;03-Feb-2019
145373;SBI Debt Fund Series - C - 27 (391 Days) - Direct Plan - Income Distribution cum Capital Withdrawal Option (IDCW);INF200KA12G0;;10.3207;;;03-Feb-2019
145374;SBI Debt Fund Series - C - 27 (391 Days) - Regular Plan - Income Distribution cum Capital Withdrawal Option (IDCW);INF200KA10G4;;10.3120;;;03-Feb-2019
145372;SBI Debt Fund Series C - 27 - (391 Days) - Direct Plan - Growth;INF200KA11G2;;10.3207;;;03-Feb-2019
145371;SBI Debt Fund Series C - 27 - (391 Days) - Regular Plan - Growth;INF200KA19F7;;10.3120;;;03-Feb-2019
145497;SBI Debt Fund Series - C - 28 (386 Days) - Direct Plan - Income Distribution cum Capital Withdrawal Option (IDCW);INF200KA16G1;;10.2270;;;03-Feb-2019
145498;SBI Debt Fund Series - C - 28 (386 Days) - Regular Plan - Income Distribution cum Capital Withdrawal Option (IDCW);INF200KA14G6;;10.2164;;;03-Feb-2019
145499;SBI Debt Fund Series C - 28 - (386 Days) - Direct Plan - Growth;INF200KA15G3;;10.2240;;;03-Feb-2019
145500;SBI Debt Fund Series C - 28 - (386 Days) - Regular Plan - Growth;INF200KA13G8;;10.2165;;;03-Feb-2019
145502;SBI Debt Fund Series C - 29 - (366 Days) - Direct Plan - Dividend Payout;INF200KA1WS6;;10.2006;;;03-Feb-2019
145504;SBI Debt Fund Series C - 29 - (366 Days) - Direct Plan - Growth;INF200KA1WR8;;10.2006;;;03-Feb-2019
145503;SBI Debt Fund Series C - 29 - (366 Days) - Regular Plan - Dividend Payout;INF200KA1WQ0;;10.1932;;;03-Feb-2019
145501;SBI Debt Fund Series C - 29 - (366 Days) - Regular Plan - Growth;INF200KA1WP2;;10.1931;;;03-Feb-2019
145645;SBI Debt Fund Series - C - 30 (385 Days) - Direct Plan - Income Distribution cum Capital Withdrawal Option (IDCW);INF200KA10H2;;10.1702;;;03-Feb-2019
145644;SBI Debt Fund Series - C - 30 (385 Days) - Regular Plan - Income Distribution cum Capital Withdrawal Option (IDCW);INF200KA18G7;;10.1650;;;03-Feb-2019
145647;SBI Debt Fund Series C - 30 - (385 Days) - Direct Plan - Growth;INF200KA19G5;;10.1702;;;03-Feb-2019
145646;SBI Debt Fund Series C - 30 - (385 Days) - Regular Plan - Growth;INF200KA17G9;;10.1650;;;03-Feb-2019
145741;SBI Debt Fund Series C - 31 - (365 Days) - Direct Plan - Dividend Payout;INF200KA1XJ3;;10.1508;;;03-Feb-2019
145740;SBI Debt Fund Series C - 31 - (365 Days) - Direct Plan - Growth;INF200KA1XI5;;10.1508;;;03-Feb-2019
145739;SBI Debt Fund Series C - 31 - (365 Days) - Regular Plan - Dividend Payout;INF200KA1XH7;;10.1462;;;03-Feb-2019
145742;SBI Debt Fund Series C - 31 - (365 Days) - Regular Plan - Growth;INF200KA1XG9;;10.1462;;;03-Feb-2019
145744;SBI Debt Fund Series - C - 32 (380 Days) - Direct Plan - Income Distribution cum Capital Withdrawal Option (IDCW);INF200KA14H4;;10.1044;;;03-Feb-2019
145743;SBI Debt Fund Series - C - 32 (380 Days) - Regular Plan - Income Distribution cum Capital Withdrawal Option (IDCW);INF200KA12H8;;10.1000;;;03-Feb-2019
145746;SBI Debt Fund Series C - 32 - (380 Days) - Direct Plan - Growth;INF200KA13H6;;10.1044;;;03-Feb-2019
145745;SBI Debt Fund Series C - 32 - (380 Days) - Regular Plan - Growth;INF200KA11H0;;10.1000;;;03-Feb-2019
145858;SBI Debt Fund Series - C - 33 (1216 Days) - Direct Plan - Income Distribution cum Capital Withdrawal Option (IDCW);INF200KA1XN5;;10.0634;;;03-Feb-2019
145857;SBI Debt Fund Series - C - 33 (1216 Days) - Regular Plan - Income Distribution cum Capital Withdrawal Option (IDCW);INF200KA1XL9;;10.0596;;;03-Feb-2019
145855;SBI Debt Fund Series C - 33 (1216 Days) - Direct Plan - Growth;INF200KA1XM7;;10.0634;;;03-Feb-2019
145856;SBI Debt Fund Series C - 33 (1216 Days) - Regular Plan - Growth;INF200KA1XK1;;10.0596;;;03-Feb-2019
145948;SBI Debt Fund Series - C - 34 (1211 Days) - Direct Plan - Income Distribution cum Capital Withdrawal Option (IDCW);INF200KA1XR6;;10.0258;;;03-Feb-2019
145950;SBI Debt Fund Series - C - 34 (1211 Days) - Regular Plan - Income Distribution cum Capital Withdrawal Option (IDCW);INF200KA1XP0;;10.0230;;;03-Feb-2019
145947;SBI DEBT FUND SERIES C - 34 (1211 DAYS) - DIRECT PLAN - GROWTH;INF200KA1XQ8;;10.0258;;;03-Feb-2019
145949;SBI DEBT FUND SERIES C - 34 (1211 DAYS) - REGULAR PLAN - GROWTH;INF200KA1XO3;;10.0230;;;03-Feb-2019
145988;SBI Debt Fund Series - C - 35 (376 Days) - Direct Plan - Income Distribution cum Capital Withdrawal Option (IDCW);INF200KA18J1;;10.0165;;;03-Feb-2019
145990;SBI Debt Fund Series - C - 35 (376 Days) - Regular Plan - Income Distribution cum Capital Withdrawal Option (IDCW);INF200KA16J5;;10.0146;;;03-Feb-2019
145987;SBI Debt Fund Series C - 35 (376 Days) - Direct Plan - Growth;INF200KA17J3;;10.0165;;;03-Feb-2019
145989;SBI Debt Fund Series C - 35 (376 Days) - Regular Plan - Growth;INF200KA15J7;;10.0146;;;03-Feb-2019
145993;SBI Debt Fund Series C - 36 (365 Days) - Direct Plan - Dividend;INF200KA1XZ9;;10.0637;;;03-Feb-2019
145994;SBI Debt Fund Series C - 36 (365 Days) - Direct Plan - Growth;INF200KA1XY2;;10.0637;;;03-Feb-2019
145992;SBI Debt Fund Series C - 36 (365 Days) - Regular Plan - Dividend;INF200KA1XX4;;10.0615;;;03-Feb-2019
145991;SBI Debt Fund Series C - 36 (365 Days) - Regular Plan - Growth;INF200KA1XW6;;10.0614;;;03-Feb-2019
146026;SBI Debt Fund Series C - 37 - (365 Days) - Direct Plan - Dividend Payout;INF200KA1YD4;;10.0355;;;03-Feb-2019
146023;SBI Debt Fund Series C - 37 - (365 Days) - Direct Plan - Growth;INF200KA1YC6;;10.0355;;;03-Feb-2019
146025;SBI Debt Fund Series C - 37 - (365 Days) - Regular Plan - Dividend Payout;INF200KA1YB8;;10.0341;;;03-Feb-2019
146024;SBI Debt Fund Series C - 37- (365 Days) - Regular Plan - Growth;INF200KA1YA0;;10.0341;;;03-Feb-2019
146175;SBI Debt Fund Series - C - 38 (389 Days) - Direct Plan - Income Distribution cum Capital Withdrawal Option (IDCW);INF200KA16K3;;10.0041;;;03-Feb-2019
146176;SBI Debt Fund Series - C - 38 (389 Days) - Regular Plan - Income Distribution cum Capital Withdrawal Option (IDCW);INF200KA14K8;;10.0033;;;03-Feb-2019
146174;SBI Debt Fund Series C - 38 (389 Days) - Direct Plan - Growth;INF200KA15K5;;10.0041;;;03-Feb-2019
146173;SBI Debt Fund Series C - 38 (389 Days) - Regular Plan - Growth;INF200KA13K0;;10.0033;;;03-Feb-2019
146180;SBI Debt Fund Series C - 39 (88 Days) - Direct Plan - Dividend Payout;INF200KA1YL7;;10.0343;;;03-Feb-2019
146177;SBI Debt Fund Series C - 39 (88 Days) - Direct Plan - Growth;INF200KA1YK9;;10.0343;;;03-Feb-2019
146179;SBI Debt Fund Series C - 39 (88 Days) - Regular Plan - Dividend Payout;INF200KA1YJ1;;10.0338;;;03-Feb-2019
146178;SBI Debt Fund Series C - 39 (88 Days) - Regular Plan - Growth;INF200KA1YI3;;10.0338;;;03-Feb-2019
142178;SBI Debt Fund Series - C - 7 (1190 Days) - Direct Plan - Income Distribution cum Capital Withdrawal Option (IDCW);INF200KA1SB0;;10.6523;;;03-Feb-2019
142180;SBI Debt Fund Series - C - 7 (1190 Days) - Regular Plan - Income Distribution cum Capital Withdrawal Option (IDCW);INF200KA1RZ1;;10.6114;;;03-Feb-2019
142177;SBI DEBT FUND SERIES C - 7 (1190 DAYS) - DIRECT PLAN - GROWTH;INF200KA1SA2;;10.6523;;;03-Feb-2019
142179;SBI DEBT FUND SERIES C - 7 (1190 DAYS) - REGULAR PLAN - GROWTH;INF200KA1RY4;;10.6114;;;03-Feb-2019
142333;SBI Debt Fund Series - C - 8 (1175 Days) - Direct Plan - Income Distribution cum Capital Withdrawal Option (IDCW);INF200KA1SJ3;;10.6513;;;03-Feb-2019
142331;SBI Debt Fund Series - C - 8 (1175 Days) - Regular Plan - Income Distribution cum Capital Withdrawal Option (IDCW);INF200KA1SH7;;10.6126;;;03-Feb-2019
142330;SBI DEBT FUND SERIES C - 8 (1175 DAYS) - REGULAR PLAN - GROWTH;INF200KA1SG9;;10.6126;;;03-Feb-2019
142332;SBI DEBT FUND SERIES C -8 (1175 DAYS) - DIRECT PLAN - GROWTH;INF200KA1SI5;;10.6513;;;03-Feb-2019
142487;SBI Debt Fund Series - C - 9 (1150 Days) - Direct Plan - Income Distribution cum Capital Withdrawal Option (IDCW);INF200KA1SN5;;10.6226;;;03-Feb-2019
142486;SBI Debt Fund Series - C - 9 (1150 Days) - Regular Plan - Income Distribution cum Capital Withdrawal Option (IDCW);INF200KA1SL9;;10.5876;;;03-Feb-2019
142485;SBI DEBT FUND SERIES C - 9 (1150 DAYS) - DIRECT PLAN - GROWTH;INF200KA1SM7;;10.6226;;;03-Feb-2019
142488;SBI DEBT FUND SERIES C - 9 (1150 DAYS) - REGULAR PLAN - GROWTH;INF200KA1SK1;;10.5876;;;03-Feb-2019
135777;SBI DUAL ADVANATGE FUND - SERIES XII - REGULAR PLAN - DIVIDEND;INF200KA1HA5;;12.4241;;;03-Feb-2019
135780;SBI DUAL ADVANTAGE FUND - SERIES XII - DIRECT PLAN - DIVIDEND;INF200KA1HC1;;12.7864;;;03-Feb-2019
135778;SBI DUAL ADVANTAGE FUND - SERIES XII - DIRECT PLAN - GROWTH;INF200KA1HB3;;12.7864;;;03-Feb-2019
135779;SBI DUAL ADVANTAGE FUND - SERIES XII - REGULAR PLAN - GROWTH;INF200KA1GZ4;;12.4246;;;03-Feb-2019
136044;SBI DUAL ADVANTAGE FUND - SERIES XIII - DIRECT PLAN - DIVIDEND;INF200KA1HS7;;12.7651;;;03-Feb-2019
136043;SBI DUAL ADVANTAGE FUND - SERIES XIII - DIRECT PLAN - GROWTH;INF200KA1HR9;;12.7651;;;03-Feb-2019
136045;SBI DUAL ADVANTAGE FUND - SERIES XIII - REGULAR PLAN - DIVIDEND;INF200KA1HQ1;;12.4189;;;03-Feb-2019
136042;SBI DUAL ADVANTAGE FUND - SERIES XIII - REGULAR PLAN - GROWTH;INF200KA1HP3;;12.4187;;;03-Feb-2019
140596;SBI DUAL ADVANTAGE FUND - SERIES XIX - DIRECT PLAN - DIVIDEND PAYOUT;INF200KA1LX9;;11.1278;;;03-Feb-2019
140597;SBI DUAL ADVANTAGE FUND - SERIES XIX - DIRECT PLAN - GROWTH;INF200KA1LW1;;11.1276;;;03-Feb-2019
140598;SBI DUAL ADVANTAGE FUND - SERIES XIX - REGULAR PLAN - DIVIDEND PAYOUT;INF200KA1LV3;;10.9680;;;03-Feb-2019
140595;SBI DUAL ADVANTAGE FUND - SERIES XIX - REGULAR PLAN - GROWTH;INF200KA1LU5;;10.9676;;;03-Feb-2019
139123;SBI Dual Advantage Fund - Series XV- Direct Plan - Growth;INF200KA1IT3;;12.2878;;;03-Feb-2019
139120;SBI Dual Advantage Fund - Series XV- Direct Plan -Dividend Payout;INF200KA1IU1;;12.2878;;;03-Feb-2019
139122;SBI Dual Advantage Fund - Series XV- Regular Plan - Dividend Payout;INF200KA1IS5;;11.9648;;;03-Feb-2019
139121;SBI Dual Advantage Fund - Series XV- Regular Plan - Growth;INF200KA1IR7;;11.9640;;;03-Feb-2019
139531;SBI Dual Advantage Fund - Series XVI - Direct Plan - Dividend Payout;INF200KA1JX3;;11.7204;;;03-Feb-2019
139526;SBI Dual Advantage Fund - Series XVI - Direct Plan - Growth;INF200KA1JW5;;11.7224;;;03-Feb-2019
139532;SBI Dual Advantage Fund - Series XVI - Regular Plan - Dividend Payout;INF200KA1JV7;;11.4971;;;03-Feb-2019
139533;SBI Dual Advantage Fund - Series XVI - Regular Plan - Growth;INF200KA1JU9;;11.4959;;;03-Feb-2019
139793;SBI Dual Advantage Fund  XVII - Direct Plan - Dividend Payout;INF200KA1KN2;;11.5970;;;03-Feb-2019
139792;SBI Dual Advantage Fund  XVII - Regular Plan - Growth;INF200KA1KK8;;11.3922;;;03-Feb-2019
139794;SBI Dual Advantage Fund - Series XVII - Direct Plan - growth;INF200KA1KM4;;11.5967;;;03-Feb-2019
139795;SBI Dual Advantage Fund - Series XVII - Regular Plan - Dividend Payout;INF200KA1KL6;;11.3943;;;03-Feb-2019
140393;SBI Dual Advantage Fund - Series XVIII - Direct Plan - Dividend Payout;INF200KA1LL4;;11.3880;;;03-Feb-2019
140396;SBI Dual Advantage Fund - Series XVIII - Direct Plan - Growth;INF200KA1LK6;;11.4811;;;03-Feb-2019
140395;SBI Dual Advantage Fund - Series XVIII - Regular Plan - Dividend Payout;INF200KA1LJ8;;11.2120;;;03-Feb-2019
140394;SBI Dual Advantage Fund - Series XVIII - Regular Plan - Growth;INF200KA1LI0;;11.2149;;;03-Feb-2019
141350;SBI DUAL ADVANTAGE FUND - SERIES XXII - DIRECT PLAN - DIVIDEND PAYOUT;INF200KA1OR5;;10.9082;;;03-Feb-2019
141348;SBI DUAL ADVANTAGE FUND - SERIES XXII - DIRECT PLAN - GROWTH;INF200KA1OQ7;;10.9082;;;03-Feb-2019
141347;SBI DUAL ADVANTAGE FUND - SERIES XXII - REGULAR PLAN - DIVIDEND PAYOUT;INF200KA1OP9;;10.7627;;;03-Feb-2019
141349;SBI DUAL ADVANTAGE FUND - SERIES XXII - REGULAR PLAN - GROWTH;INF200KA1OO2;;10.7674;;;03-Feb-2019
141633;SBI DUAL ADVANTAGE FUND - SERIES XXIII - DIRECT PLAN - DIVIDEND PAYOUT;INF200KA1QZ3;;10.6011;;;03-Feb-2019
141634;SBI DUAL ADVANTAGE FUND - SERIES XXIII - DIRECT PLAN - GROWTH;INF200KA1QY6;;10.6025;;;03-Feb-2019
141632;SBI DUAL ADVANTAGE FUND - SERIES XXIII - REGULAR PLAN - DIVIDEND PAYOUT;INF200KA1QX8;;10.4829;;;03-Feb-2019
141631;SBI DUAL ADVANTAGE FUND - SERIES XXIII - REGULAR PLAN - GROWTH;INF200KA1QW0;;10.4819;;;03-Feb-2019
141834;SBI DUAL ADVANTAGE FUND - SERIES XXIV - DIRECT PLAN - DIVIDEND PAYOUT;INF200KA1RL1;;10.4340;;;03-Feb-2019
141832;SBI DUAL ADVANTAGE FUND - SERIES XXIV - DIRECT PLAN - GROWTH;INF200KA1RK3;;10.4339;;;03-Feb-2019
141831;SBI DUAL ADVANTAGE FUND - SERIES XXIV - REGULAR PLAN - DIVIDEND PAYOUT;INF200KA1RJ5;;10.3307;;;03-Feb-2019
141833;SBI DUAL ADVANTAGE FUND - SERIES XXIV - REGULAR PLAN - GROWTH;INF200KA1RI7;;10.3277;;;03-Feb-2019
144114;SBI Dual Advantage Fund - Series XXIX - Direct Plan - Growth;INF200KA1UQ4;;10.2212;;;03-Feb-2019
144112;SBI Dual Advantage Fund - Series XXIX - Direct Plan - Income Distribution cum Capital Withdrawal Option (IDCW);INF200KA1UR2;;10.2199;;;03-Feb-2019
144111;SBI Dual Advantage Fund - Series XXIX - Regular Plan - Growth;INF200KA1UO9;;10.1748;;;03-Feb-2019
144113;SBI Dual Advantage Fund - Series XXIX - Regular Plan - Income Distribution cum Capital Withdrawal Option (IDCW);INF200KA1UP6;;10.1756;;;03-Feb-2019
141960;SBI DUAL ADVANTAGE FUND - SERIES XXV - DIRECT PLAN - GROWTH;INF200KA1RS6;;10.2535;;;03-Feb-2019
141962;SBI Dual Advantage Fund - Series XXV - Direct Plan - Income Distribution cum Capital Withdrawal Option (IDCW);INF200KA1RT4;;10.2535;;;03-Feb-2019
141959;SBI DUAL ADVANTAGE FUND - SERIES XXV - REGULAR PLAN - GROWTH;INF200KA1RQ0;;10.1630;;;03-Feb-2019
141961;SBI Dual Advantage Fund - Series XXV - Regular Plan - Income Distribution cum Capital Withdrawal Option (IDCW);INF200KA1RR8;;10.1625;;;03-Feb-2019
142259;SBI DUAL ADVANTAGE FUND - SERIES XXVI - DIRECT PLAN - GROWTH;INF200KA1SE4;;10.2964;;;03-Feb-2019
142256;SBI Dual Advantage Fund - Series XXVI - Direct Plan - Income Distribution cum Capital Withdrawal Option (IDCW);INF200KA1SF1;;10.2965;;;03-Feb-2019
142257;SBI DUAL ADVANTAGE FUND - SERIES XXVI - REGULAR PLAN - GROWTH;INF200KA1SC8;;10.2175;;;03-Feb-2019
142258;SBI Dual Advantage Fund - Series XXVI - Regular Plan - Income Distribution cum Capital Withdrawal Option (IDCW);INF200KA1SD6;;10.2177;;;03-Feb-2019
142751;SBI DUAL ADVANTAGE FUND - SERIES XXVII - DIRECT PLAN - GROWTH;INF200KA1SU0;;10.2521;;;03-Feb-2019
142752;SBI Dual Advantage Fund - Series XXVII - Direct Plan - Income Distribution cum Capital Withdrawal Option (IDCW);INF200KA1SV8;;10.2521;;;03-Feb-2019
142749;SBI DUAL ADVANTAGE FUND - SERIES XXVII - REGULAR PLAN - GROWTH;INF200KA1SS4;;10.1828;;;03-Feb-2019
142750;SBI Dual Advantage Fund - Series XXVII - Regular Plan - Income Distribution cum Capital Withdrawal Option (IDCW);INF200KA1ST2;;10.1831;;;03-Feb-2019
143363;SBI DUAL ADVANTAGE FUND - SERIES XXVIII - DIRECT PLAN - GROWTH;INF200KA1TS2;;10.3328;;;03-Feb-2019
143364;SBI Dual Advantage Fund - Series XXVIII - Direct Plan - Income Distribution cum Capital Withdrawal Option (IDCW);INF200KA1TT0;;10.3047;;;03-Feb-2019
143362;SBI DUAL ADVANTAGE FUND - SERIES XXVIII - REGULAR PLAN - GROWTH;INF200KA1TQ6;;10.2479;;;03-Feb-2019
143365;SBI Dual Advantage Fund - Series XXVIII - Regular Plan - Income Distribution cum Capital Withdrawal Option (IDCW);INF200KA1TR4;;10.2483;;;03-Feb-2019
145160;SBI Dual Advantage Fund - Series XXX - Direct Plan - Income Distribution cum Capital Withdrawal Option (IDCW);INF200KA1VY6;;10.2896;;;03-Feb-2019
145159;SBI Dual Advantage Fund - Series XXX - Regular Plan - Income Distribution cum Capital Withdrawal Option (IDCW);INF200KA1VW0;;10.2652;;;03-Feb-2019
145161;SBI Dual Advantage Fund Series XXX - Direct Plan - Growth;INF200KA1VX8;;10.2896;;;03-Feb-2019
145162;SBI Dual Advantage Fund Series XXX - Regular Plan - Growth;INF200KA1VV2;;10.2653;;;03-Feb-2019
136358;SBI DUAL ADVANTAGE FUND SERIES XIV- DIRECT PLAN - DIVIDEND PAYOUT;INF200KA1IA3;;12.5904;;;03-Feb-2019
136359;SBI DUAL ADVANTAGE FUND SERIES XIV- DIRECT PLAN - GROWTH;INF200KA1HZ2;;12.5903;;;03-Feb-2019
136361;SBI DUAL ADVANTAGE FUND SERIES XIV- REGULAR PLAN - DIVIDEND PAYOUT;INF200KA1HY5;;12.2497;;;03-Feb-2019
136360;SBI DUAL ADVANTAGE FUND SERIES XIV- REGULAR PLAN - GROWTH;INF200KA1HX7;;12.2470;;;03-Feb-2019

Close Ended Schemes ( Growth )


SBI Mutual Fund
131339;SBI EQUITY OPPORTUNITIES FUND - SERIES I - DIRECT PLAN - DIVIDEND;INF200K017S1;;10.8198;;;03-Feb-2019
131338;SBI EQUITY OPPORTUNITIES FUND - SERIES I - DIRECT PLAN - GROWTH;INF200K016S3;;15.2519;;;03-Feb-2019
131337;SBI EQUITY OPPORTUNITIES FUND - SERIES I - REGULAR PLAN - DIVIDEND;INF200K015S5;;10.6261;;;03-Feb-2019
131336;SBI EQUITY OPPORTUNITIES FUND - SERIES I - REGULAR PLAN - GROWTH;INF200K014S8;;14.9751;;;03-Feb-2019
135507;SBI EQUITY OPPORTUNITIES FUND -  SERIES IV - REGULAR PLAN - GROWTH;INF200KA1GP5;;14.4290;;;03-Feb-2019
135506;SBI EQUITY OPPORTUNITIES FUND - SERIES IV - DIRECT PLAN - GROWTH;INF200KA1GN0;;15.0302;;;03-Feb-2019
135509;SBI Equity Opportunities Fund-Series IV - Direct Plan - Income Distribution cum Capital Withdrawal Option (IDCW);INF200KA1GO8;;12.7743;;;03-Feb-2019
135508;SBI Equity Opportunities Fund-Series IV - Regular Plan - Income Distribution cum Capital Withdrawal Option (IDCW);INF200KA1GQ3;;12.2429;;;03-Feb-2019
