Scheme Code;Scheme Name;ISIN Div Payout/ISIN Growth;ISIN Div Reinvestment;Net Asset Value;Repurchase Price;Sale Price;Date

Open Ended Schemes ( Liquid )


Daiwa Mutual Fund
119179;Daiwa Liquid Fund - Direct - Daily Dividend;;;1000.5200;1000.5200;1000.5200;07-Apr-2013
119181;Daiwa Liquid Fund - Direct - Growth;;;1312.0099;1312.0099;1312.0099;07-Apr-2013
114519;Daiwa Liquid Fund - Regular - Daily Dividend;;INF752K01222;1000.5200;1000.5200;1000.5200;07-Apr-2013
114514;Daiwa Liquid Fund - Regular - Growth;INF752K01230;;1311.8695;1311.8695;1311.8695;07-Apr-2013
114518;Daiwa Liquid Fund - Regular - Weekly Dividend;;INF752K01248;1007.5061;1007.5061;1007.5061;07-Apr-2013

Deutsche Mutual Fund
116363;DWS Insta Cash Plus Fund - Annual Dividend Option;INF223J01IP1;INF223J01IQ9;105.0002;105.0002;105.0002;07-Apr-2013
106468;DWS INSTA CASH PLUS FUND - BONUS OPTION;INF223J01BQ4;;104.3895;104.3895;104.3895;07-Apr-2013
118997;DWS Insta Cash Plus Fund - Direct Plan - Annual Dividend;INF223J01NO4;INF223J01NP1;105.0348;105.0348;105.0348;07-Apr-2013
118998;DWS Insta Cash Plus Fund - Direct Plan - Daily Dividend;;INF223J01NR7;100.304;100.304;100.304;07-Apr-2013
119000;DWS Insta Cash Plus Fund - Direct Plan - Growth;INF223J01NS5;;152.7516;152.7516;152.7516;07-Apr-2013
122205;DWS Insta Cash Plus Fund - Direct Plan -Monthly Bonus;INF223J01VE8;;100.095;100.095;100.095;07-Apr-2013
106470;DWS Insta Cash Plus Fund - Monthly Dividend;INF223J01BR2;INF223J01BS0;103.6999;103.6999;103.6999;07-Apr-2013
105672;DWS INSTA CASH PLUS FUND - Regular Plan BONUS OPTION;INF223J01BH3;;10.2366;10.2366;10.2366;07-Apr-2013
106472;DWS Insta Cash Plus Fund - Weekly Dividend;INF223J01BT8;INF223J01BU6;100.552;100.552;100.552;07-Apr-2013
106471;DWS Insta Cash Plus Fund -Growth;INF223J01BP6;;152.6976;152.6976;152.6976;07-Apr-2013
106467;DWS Insta Cash Plus Fund-Daily Dividend;;INF223J01BO9;100.304;100.304;100.304;07-Apr-2013
101718;DWS Insta Cash Plus Fund-DIVIDEND-Daily Dividend;;INF223J01BI1;10.301;10.301;10.301;07-Apr-2013
101717;DWS Insta Cash Plus Fund-DIVIDEND-MONTHLY DIVIDEND;INF223J01BK7;INF223J01BL5;10.315;10.315;10.315;07-Apr-2013
101716;DWS Insta Cash Plus Fund-DIVIDEND-WEEKLY DIVIDEND;INF223J01BM3;INF223J01BN1;10.3568;10.3568;10.3568;07-Apr-2013
101719;DWS Insta Cash Plus Fund-Growth-GROWTH;INF223J01BJ9;;19.3906;19.3906;19.3906;07-Apr-2013
101722;DWS Insta Cash Plus Fund-Institutional Plan-Daily Dividend;;INF223J01BA8;10.0516;10.0516;10.0516;07-Apr-2013
101720;DWS Insta Cash Plus Fund-Institutional Plan-Dividend;INF223J01BE0;INF223J01BD2;10.5211;10.5211;10.5211;07-Apr-2013
101721;DWS Insta Cash Plus Fund-Institutional Plan-Growth;INF223J01BB6;;18.3918;18.3918;18.3918;07-Apr-2013
122206;DWS INSTA CASH PLUS FUND-Monthly Bonus Option;INF223J01VD0;;100.0942;100.0942;100.0942;07-Apr-2013
116368;DWS Insta CashPlus Fund - Quarterly Dividend Option;INF223J01IN6;INF223J01IO4;104.4038;104.4038;104.4038;07-Apr-2013
116370;DWS Treasury Fund - Cash Plan - Annual Dividend;INF223J01SF1;INF223J01SG9;110.9802;110.9802;110.9802;07-Apr-2013
114966;DWS Treasury Fund - Cash Plan - Bonus;INF223J01SA2;;100.6653;100.6653;100.6653;07-Apr-2013
112228;DWS Treasury Fund - Cash Plan - Daily Dividend;;INF223J01SB0;100.391;100.391;100.391;07-Apr-2013
119014;DWS Treasury Fund - Cash Plan - Direct Plan - Bonus;INF223J01PE0;;118.1495;118.1495;118.1495;07-Apr-2013
119008;DWS Treasury Fund - Cash Plan - Direct Plan - Daily Dividend;;INF223J01PH3;100.391;100.391;100.391;07-Apr-2013
119009;DWS Treasury Fund - Cash Plan - Direct Plan - Growth;INF223J01PI1;;126.8528;126.8528;126.8528;07-Apr-2013
122210;DWS Treasury Fund - Cash Plan - Direct Plan - Monthly Bonus;INF223J01VO7;;100.1262;100.1262;100.1262;07-Apr-2013
119013;DWS Treasury Fund - Cash Plan - Direct Plan - Weekly Dividend;INF223J01PN1;INF223J01PO9;109.6014;109.6014;109.6014;07-Apr-2013
112221;DWS Treasury Fund - Cash Plan - Growth;INF223J01SC8;;126.7834;126.7834;126.7834;07-Apr-2013
112227;DWS Treasury Fund - Cash Plan - Institiutional - Daily Dividend;;INF223J01DZ1;100.497;100.497;100.497;07-Apr-2013
112222;DWS Treasury Fund - Cash Plan - Institiutional - Growth;INF223J01EA2;;131.1655;131.1655;131.1655;07-Apr-2013
112963;DWS Treasury Fund - Cash Plan - Institiutional - Monthly Dividend;INF223J01ED6;INF223J01EE4;102.9527;102.9527;102.9527;07-Apr-2013
122209;DWS Treasury Fund - Cash Plan - Monthly Bonus;INF223J01VN9;;100.0986;100.0986;100.0986;07-Apr-2013
112965;DWS Treasury Fund - Cash Plan - Monthly Dividend;INF223J01RW8;INF223J01RX6;102.9986;102.9986;102.9986;07-Apr-2013
116391;DWS Treasury Fund - Cash Plan - Quarterly Dividend;INF223J01SD6;INF223J01SE4;108.7671;108.7671;108.7671;07-Apr-2013
112964;DWS Treasury Fund - Cash Plan - Weekly Dividend;INF223J01RY4;INF223J01RZ1;109.5494;109.5494;109.5494;07-Apr-2013

Edelweiss Mutual Fund
109935;Edelweiss Liquid Fund - Daily Dividend Option;;INF754K01BG7;1000.0670;999.0669;1000.0670;07-Apr-2013
109946;Edelweiss Liquid Fund - Growth Option;INF754K01BC6;;1161.0386;1159.8776;1161.0386;07-Apr-2013
109941;Edelweiss Liquid Fund - Institutional Plan - Daily Dividend Option;;INF754K01AZ9;1000.0670;999.0669;1000.0670;07-Apr-2013
109944;Edelweiss Liquid Fund - Monthly Dividend Option;INF754K01BD4;INF754K01BF9;1003.1132;1002.1101;1003.1132;07-Apr-2013
109934;Edelweiss Liquid Fund - Retail Plan - Daily Dividend Option;;INF754K01AS4;1000.0672;999.0671;1000.0672;07-Apr-2013
109940;Edelweiss Liquid Fund - Retail Plan - Growth Option;INF754K01AO3;;1338.4271;1337.0887;1338.4271;07-Apr-2013
109939;Edelweiss Liquid Fund - Retail Plan - Monthly Dividend Option;INF754K01AP0;INF754K01AR6;1002.1457;1001.1436;1002.1457;07-Apr-2013
109937;Edelweiss Liquid Fund - Retail Plan - Weekly Dividend Option;;INF754K01AT2;1000.2770;999.2767;1000.2770;07-Apr-2013
109942;Edelweiss Liquid Fund - Weekly Dividend Option;;INF754K01BH5;1000.3026;999.3023;1000.3026;07-Apr-2013
118636;Edelweiss Liquid Fund-Direct Plan-Growth Option;INF754K01CX0;;1161.0993;1159.9382;1161.0993;07-Apr-2013

ING Mutual Fund
119935;ING Liquid Fund - Super Institutional Plan - Direct Plan - Growth Option;INF084M01BY8;;17.4968;17.4968;17.4968;07-Apr-2013
119933;ING Liquid Fund - Super Institutional Plan - Direct Plan- Daily Dividend Option;;INF084M01BZ5;10.0073;10.0073;10.0073;07-Apr-2013
119934;ING Liquid Fund - Super Institutional Plan - Direct Plan- Weekly Dividend Option;INF084M01CB4;INF084M01CA6;10.0180;10.0180;10.0180;07-Apr-2013
100198;ING Liquid Fund-Institutional Daily Dividend Option;INF084M01473;;10.0121;10.0121;10.0121;07-Apr-2013
100196;ING Liquid Fund-Institutional Growth Option;INF084M01465;;18.2825;18.2825;18.2825;07-Apr-2013
100197;ING Liquid Fund-Institutional Weekly Dividend Option;INF084M01499;INF084M01481;10.0647;10.0647;10.0647;07-Apr-2013
100192;ING Liquid Fund-Regular Daily Dividend Option;INF084M01432;;10.7873;10.7873;10.7873;07-Apr-2013
100190;ING Liquid Fund-Regular Growth Option;INF084M01424;;24.2385;24.2385;24.2385;07-Apr-2013
100191;ING Liquid Fund-Regular Weekly Dividend Option;INF084M01457;INF084M01440;10.8352;10.8352;10.8352;07-Apr-2013
100200;ING Liquid Fund-Super Institutional Daily Dividend Option;INF084M01515;;10.0048;10.0048;10.0048;07-Apr-2013
100199;ING Liquid Fund-Super Institutional Growth Option;INF084M01507;;17.4869;17.4869;17.4869;07-Apr-2013
100201;ING Liquid Fund-Super Institutional Weekly Dividend Option;INF084M01531;INF084M01523;10.0155;10.0155;10.0155;07-Apr-2013

Invesco Mutual Fund
106502;Religare Invesco Overnight Fund - Daily Dividend Reinvestment;;INF205K01HS2;1000.0048;1000.0048;1000.0048;07-Apr-2013
120556;Religare Invesco Overnight Fund - Direct Plan - Daily Dividend Reinvestment;;INF205K01NC4;1000.0048;1000.0048;1000.0048;07-Apr-2013
120557;Religare Invesco Overnight Fund - Direct Plan - Growth;INF205K01ND2;;1375.1315;1375.1315;1375.1315;07-Apr-2013
106501;Religare Invesco Overnight Fund - Growth;INF205K01HR4;;1372.3649;1372.3649;1372.3649;07-Apr-2013

JM Financial Mutual Fund
120414;JM Floater Short Term Fund (Direct) - Daily Dividend Option;;INF192K01CF0;10.0884;10.0632;10.0884;07-Apr-2013
120415;JM Floater Short Term Fund (Direct) - Growth Option;INF192K01CG8;;18.4474;18.4013;18.4474;07-Apr-2013
101420;JM Floater Short Term Fund - Daily Dividend Option;;INF192K01767;10.0883;10.0631;10.0883;07-Apr-2013
101421;JM Floater Short Term Fund - Growth Option;INF192K01775;;18.4370;18.3909;18.4370;07-Apr-2013

JPMorgan Mutual Fund
119902;JPMorgan India Liquid Fund - Direct Plan - Daily Dividend Option;;INF843K01BA1;10.0079;10.0079;10.0079;07-Apr-2013
119905;JPMorgan India Liquid Fund - Direct Plan - Growth Option;INF843K01AX5;;15.2392;15.2392;15.2392;07-Apr-2013
119904;JPMorgan India Liquid Fund - Direct Plan - Weekly Dividend Option;INF843K01BF0;INF843K01BB9;10.1453;10.1453;10.1453;07-Apr-2013
106562;JPMorgan India Liquid Fund - Retail Plan - Daily Dividend Option;;INF843K01203;10.015;10.015;10.015;07-Apr-2013
106561;JPMorgan India Liquid Fund - Retail Plan - Growth Option;INF843K01195;;13.9282;13.9282;13.9282;07-Apr-2013
109179;JPMorgan India Liquid Fund - Retail Plan - Monthly Dividend Option;;INF843K01237;10.0482;10.0482;10.0482;07-Apr-2013
109177;JPMorgan India Liquid Fund - Retail Plan - Weekly Dividend Option;;INF843K01211;10.0273;10.0273;10.0273;07-Apr-2013
117751;JPMorgan India Liquid Fund - Super Institutional Plan - Annual Dividend Option;INF843K01831;INF843K01823;10.5369;10.5369;10.5369;07-Apr-2013
110149;JPMorgan India Liquid Fund - Super Institutional Plan - Daily Dividend Option;;INF843K01153;10.0079;10.0079;10.0079;07-Apr-2013
110150;JPMorgan India Liquid Fund - Super Institutional Plan - Growth Option;INF843K01146;;15.2351;15.2351;15.2351;07-Apr-2013
110151;JPMorgan India Liquid Fund - Super Institutional Plan - Monthly Dividend Option;INF843K01500;INF843K01187;10.0666;10.0666;10.0666;07-Apr-2013
110153;JPMorgan India Liquid Fund - Super Institutional Plan - Weekly Dividend Option;INF843K01484;INF843K01161;10.1642;10.1642;10.1642;07-Apr-2013

Mirae Asset Mutual Fund
118857;Mirae Asset Liquid Fund - Direct Plan - Growth;INF769K01CF5;;1039.0039;1039.0039;1039.0039;07-Apr-2013
107659;Mirae Asset Liquid Fund- Institutional Plan - Growth;INF769K01648;;1038.8753;1038.8753;1038.8753;07-Apr-2013
107656;Mirae Asset Liquid Fund- Institutional Plan - Monthly Dividend;INF769K01705;INF769K01697;1029.4727;1029.4727;1029.4727;07-Apr-2013
107658;Mirae Asset Liquid Fund- Institutional Plan - Weekly Dividend;;INF769K01689;1021.3830;1021.3830;1021.3830;07-Apr-2013
107646;Mirae Asset Liquid Fund- Regular Plan - Daily Dividend;;INF769K01606;1143.8396;1143.8396;1143.8396;07-Apr-2013
107648;Mirae Asset Liquid Fund- Regular Plan - Growth;INF769K01572;;1201.2886;1201.2886;1201.2886;07-Apr-2013
107649;Mirae Asset Liquid Fund- Regular Plan - Monthly Dividend;INF769K01630;INF769K01622;1038.9313;1038.9313;1038.9313;07-Apr-2013
107647;Mirae Asset Liquid Fund- Regular Plan - Weekly Dividend;;INF769K01614;1146.6612;1146.6612;1146.6612;07-Apr-2013

Morgan Stanley Mutual Fund
119197;Morgan Stanley Liquid Fund - Direct Daily Dividend;;INF063A01563;1000.4971;1000.4971;1000.4971;07-Apr-2013
119173;Morgan Stanley Liquid Fund - Direct Growth Plan;INF063A01555;;1154.5220;1154.5220;1154.5220;07-Apr-2013
119200;Morgan Stanley Liquid Fund - Direct Monthly Dividend;INF063A01597;INF063A01589;1004.3433;1004.3433;1004.3433;07-Apr-2013
119198;Morgan Stanley Liquid Fund - Direct Weekly Dividend;INF063A01571;;1001.1917;1001.1917;1001.1917;07-Apr-2013
115812;MS Liquid Fund - Regular- Growth;INF063A01274;;1154.3699;1154.3699;1154.3699;07-Apr-2013
115814;MS Liquid Fund - Regular- Weekly Dividend Plan;;INF063A01290;1001.1891;1001.1891;1001.1891;07-Apr-2013
115813;MS Liquid Fund- Regular Daily Dividend Plan;;INF063A01282;1000.4971;1000.4971;1000.4971;07-Apr-2013
115815;MS Liquid Fund- Regular Monthly Dividend Plan;INF063A01316;INF063A01308;1004.5982;1004.5982;1004.5982;07-Apr-2013

PGIM India Mutual Fund
120102;DHFL Pramerica Liquid Fund - Direct Plan-Daily Dividend Option;;INF663L01633;1000.2480;1000.2480;1000.2480;07-Apr-2013
120104;DHFL Pramerica Liquid Fund - Direct Plan-Growth Option;INF663L01625;;1254.6388;1254.6388;1254.6388;07-Apr-2013
120106;DHFL Pramerica Liquid Fund - Direct Plan-Weekly Dividend - Option;;INF663L01641;1001.3055;1001.3055;1001.3055;07-Apr-2013
113184;DHFL Pramerica Liquid Fund - Dividend Option - Daily;;INF663L01088;1000.2500;1000.2500;1000.2500;07-Apr-2013
113187;DHFL Pramerica Liquid Fund - Dividend Option - Fortnightly;INF663L01120;INF663L01104;1003.2054;1003.2054;1003.2054;07-Apr-2013
113186;DHFL Pramerica Liquid Fund - Dividend Option - Monthly;INF663L01138;INF663L01112;1003.1483;1003.1483;1003.1483;07-Apr-2013
113183;DHFL Pramerica Liquid Fund - Growth Option;INF663L01070;;1254.4092;1254.4092;1254.4092;07-Apr-2013
113185;DHFL Pramerica Liquid Fund -Dividend Option- Weekly;;INF663L01096;1001.2908;1001.2908;1001.2908;07-Apr-2013

PineBridge Mutual Fund
119360;PineBridge India Liquid Fund- Direct Plan- Growth Option;INF178L01AP0;;1489.4536;1489.4536;1489.4536;07-Apr-2013
106513;PineBridge India Liquid Fund- Standard Plan-Daily Dividend Option;;INF178L01699;1001.0000;1001.0000;1001.0000;07-Apr-2013
106508;PineBridge India Liquid Fund- Standard Plan-Growth Option;INF178L01715;;1489.2012;1489.2012;1489.2012;07-Apr-2013
106519;PineBridge India Liquid Fund- Standard Plan-Monthly Dividend Option;INF178L01723;INF178L01731;1004.3421;1004.3421;1004.3421;07-Apr-2013
106520;PineBridge India Liquid Fund- Standard Plan-Quarterly Dividend Option;INF178L01749;INF178L01756;1003.1714;1003.1714;1003.1714;07-Apr-2013
106509;PineBridge India Liquid Fund- Standard Plan-Weekly Dividend Option;;INF178L01764;1001.8086;1001.8086;1001.8086;07-Apr-2013
106503;PineBridge India Liquid Fund-Retail Plan-DailyDividend Option;;INF178L01533;1001.0000;1001.0000;1001.0000;07-Apr-2013
106514;PineBridge India Liquid Fund-Retail Plan-Growth Option;INF178L01558;;1456.2527;1456.2527;1456.2527;07-Apr-2013
106504;PineBridge India Liquid Fund-Retail Plan-Monthly Dividend Option;INF178L01566;INF178L01574;1004.0339;1004.0339;1004.0339;07-Apr-2013
106510;PineBridge India Liquid Fund-Retail Plan-Weekly Dividend Option;;INF178L01608;1001.7556;1001.7556;1001.7556;07-Apr-2013

Sahara Mutual Fund
101397;Sahara Liquid Fund-Fixed Pricing -  Weekly Dividend Option;;INF515L01064;1027.4373;1027.4373;1027.4373;07-Apr-2013
101393;Sahara Liquid Fund-Fixed Pricing - Daily Dividend Option;;INF515L01049;1032.2770;1032.2770;1032.2770;07-Apr-2013
120265;Sahara Liquid Fund-Fixed Pricing - Direct - Weekly Dividend Option;;INF515L01668;1027.4373;1027.4373;1027.4373;07-Apr-2013
120262;Sahara Liquid Fund-Fixed Pricing - Direct -Growth option;INF515L01650;;2124.4474;2124.4474;2124.4474;07-Apr-2013
101394;Sahara Liquid Fund-Fixed Pricing - Growth option;INF515L01056;;2124.1453;2124.1453;2124.1453;07-Apr-2013
101398;Sahara Liquid Fund-Fixed Pricing - Monthly Dividend Option;;INF515L01072;1032.5710;1032.5710;1032.5710;07-Apr-2013
120253;Sahara Liquid Fund-Fixed Pricing -Direct - Daily Dividend Option- Direct;;INF515L01643;1032.2770;1032.2770;1032.2770;07-Apr-2013
120266;Sahara Liquid Fund-Fixed Pricing -Direct - Monthly Dividend Option;;INF515L01676;1032.5710;1032.5710;1032.5710;07-Apr-2013
101399;Sahara Liquid Fund-Variable Pricing - Daily Dividend option;;INF515L01080;1032.2967;1032.2967;1032.2967;07-Apr-2013
101402;Sahara Liquid Fund-Variable Pricing - Growth option;INF515L01114;;2143.3884;2143.3884;2143.3884;07-Apr-2013
101400;Sahara Liquid Fund-Variable Pricing - Weekly Dividend Option;;INF515L01098;1034.3026;1034.3026;1034.3026;07-Apr-2013
120271;Sahara Liquid Fund-Variable Pricing -Direct - Daily Dividend option;;INF515L01684;1032.2967;1032.2967;1032.2967;07-Apr-2013
120280;Sahara Liquid Fund-Variable Pricing -Direct - Growth option;INF515L01718;;2143.6559;2143.6559;2143.6559;07-Apr-2013
120272;Sahara Liquid Fund-Variable Pricing -Direct - Weekly Dividend Option;;INF515L01692;1034.3026;1034.3026;1034.3026;07-Apr-2013
120273;Sahara Liquid Fund-Variable Pricing- Direct - Monthly Dividend Option;;INF515L01700;1037.2015;1037.2015;1037.2015;07-Apr-2013
101401;Sahara Liquid Fund-Variable Pricing- Monthly Dividend Option;;INF515L01106;1037.2015;1037.2015;1037.2015;07-Apr-2013

Tata Mutual Fund
101987;Tata Liquid Fund Reglar Plan - Monthly Dividend;INF277K01LR5;INF277K01LS3;1003.6956;1003.6956;1003.6956;07-Apr-2013
101861;Tata Liquid Fund-Regular Plan  - Weekly Dividend;INF277K016C5;;1001.8934;1001.8934;1001.8934;07-Apr-2013
101984;Tata Liquid High Investment Plan - Daily;;;1114.3379;1114.3379;1114.3379;07-Apr-2013
101860;Tata Liquid High Investment Plan - Growth;INF277K01LN4;;1929.1533;1929.1533;1929.1533;07-Apr-2013
101985;Tata Liquid High Investment Plan - Monthly;INF277K01LO2;INF277K01LP9;1023.3303;1023.3303;1023.3303;07-Apr-2013
101859;Tata Liquid High Investment Plan - Weekly;;;1147.8539;1147.8539;1147.8539;07-Apr-2013
101982;Tata Liquid Retail Investment PLan - Daily;;;1116.8143;1116.8143;1116.8143;07-Apr-2013
101983;Tata Liquid Retail Investment Plan - Fortnightly;;;1149.1457;1149.1457;1149.1457;07-Apr-2013
101858;Tata Liquid Retail Investment Plan - Growth;INF277K01LM6;;2649.9047;2649.9047;2649.9047;07-Apr-2013
103631;Tata Liquidity Management Fund - Regular Plan - Daily Dividend;;;1002.6089;1000.1024;1002.6089;07-Apr-2013
103632;Tata Liquidity Management Fund - Regular Plan - Growth;INF277K01LW5;;1590.3098;1586.3340;1590.3098;07-Apr-2013
103519;Tata Liquidity Management Fund - Regular Plan  -Weekly Dividend;;;1006.4722;1003.9560;1006.4722;07-Apr-2013
119443;Tata Liquidity Management Fund- Direct Plan-Daily Dividend;;;1002.6089;1000.1024;1002.6089;07-Apr-2013
119444;Tata Liquidity Management Fund- Direct Plan-Growth;INF277K01PU0;;1590.7419;1586.7650;1590.7419;07-Apr-2013
119442;Tata Liquidity Management Fund- Direct Plan-Weekly Dividend;;;1006.4777;1003.9615;1006.4777;07-Apr-2013

Open Ended Schemes ( Money Market )


Tata Mutual Fund
102152;Tata Money Market Fund Regular (Bonus / Dividend);;;10.1617;10.1617;10.1617;07-Apr-2013
102153;Tata Money Market Fund Regular (Growth);INF277K01LY1;;18.5507;18.5507;18.5507;07-Apr-2013

Open Ended Schemes ( Equity Scheme - Large Cap Fund )


Axis Mutual Fund
120465;Axis Large Cap Fund - Direct Plan - Growth;INF846K01DP8;;0.0000;0.0000;0.0000;07-Apr-2013
120466;Axis Large Cap Fund - Direct Plan - IDCW;INF846K01DN3;INF846K01DO1;0.0000;0.0000;0.0000;07-Apr-2013
112277;Axis Large Cap Fund - Regular Plan - Growth;INF846K01164;;0.0000;0.0000;0.0000;07-Apr-2013
112278;Axis Large Cap Fund - Regular Plan - IDCW;INF846K01172;INF846K01180;0.0000;0.0000;0.0000;07-Apr-2013

Open Ended Schemes ( Equity Scheme - Mid Cap Fund )


Axis Mutual Fund
120505;Axis Midcap Fund - Direct Plan - Growth;INF846K01EH3;;0.0000;0.0000;0.0000;07-Apr-2013
120504;Axis Midcap Fund - Direct Plan - IDCW;INF846K01EF7;INF846K01EG5;0.0000;0.0000;0.0000;07-Apr-2013
114564;Axis Midcap Fund - Regular Plan - Growth;INF846K01859;;0.0000;0.0000;0.0000;07-Apr-2013
114565;Axis Midcap Fund - Regular Plan - IDCW;INF846K01867;INF846K01875;0.0000;0.0000;0.0000;07-Apr-2013

Open Ended Schemes ( Equity Scheme - Focused Fund )


Axis Mutual Fund
120468;Axis Focused Fund - Direct Plan - Growth Option;INF846K01CQ8;;0.0000;0.0000;0.0000;07-Apr-2013
120467;Axis Focused Fund - Direct Plan - IDCW;INF846K01CO3;INF846K01CP0;0.0000;0.0000;0.0000;07-Apr-2013
117560;Axis Focused Fund - Regular Plan - Growth Option;INF846K01CH7;;0.0000;0.0000;0.0000;07-Apr-2013
117559;Axis Focused Fund - Regular Plan - IDCW;INF846K01CI5;INF846K01CJ3;0.0000;0.0000;0.0000;07-Apr-2013

Open Ended Schemes ( Equity Scheme - ELSS )


Axis Mutual Fund
120503;Axis ELSS Tax Saver Fund - Direct Plan - Growth Option;INF846K01EW2;;0.0000;0.0000;0.0000;07-Apr-2013
120502;Axis ELSS Tax Saver Fund - Direct Plan - IDCW;INF846K01EX0;INF846K01EY8;0.0000;0.0000;0.0000;07-Apr-2013
112323;Axis ELSS Tax Saver Fund - Regular Plan - Growth;INF846K01131;;0.0000;0.0000;0.0000;07-Apr-2013
112322;Axis ELSS Tax Saver Fund - Regular Plan - IDCW;INF846K01149;INF846K01156;0.0000;0.0000;0.0000;07-Apr-2013

Open Ended Schemes ( Debt Scheme - Overnight Fund )


HDFC Mutual Fund
119109;HDFC Overnight Fund - Daily IDCW Option - Direct Plan;;INF179KB1HY1;10.4266;10.4266;10.4266;07-Apr-2013
101996;HDFC Overnight Fund - Growth Option;INF179KB1HS3;;18.8308;18.8308;18.8308;07-Apr-2013
119110;HDFC Overnight Fund - Growth Option - Direct Plan;INF179KB1HT1;;18.8334;18.8334;18.8334;07-Apr-2013
101997;HDFC Overnight Fund - IDCW Option (Daily);;INF179KB1IF8;10.4266;10.4266;10.4266;07-Apr-2013

L&T Mutual Fund
118059;L&T Cash Fund - Institutional Plan - Growth Option;INF677K01AP3;;1583.5194;1583.5194;1583.5194;07-Apr-2013
118055;L&T Cash Fund - Retail Plan - Growth option;INF677K01AK4;;1544.0142;1544.0142;1544.0142;07-Apr-2013
118062;L&T Cash Fund - Retail Plan - Monthly Dividend Option;INF677K01AN8;INF677K01AO6;1008.7553;1008.7553;1008.7553;07-Apr-2013
118066;L&T Overnight Fund  - Regular Plan - Monthly IDCW;INF917K01EL4;INF917K01EM2;1008.5945;1008.5945;1008.5945;07-Apr-2013
119283;L&T Overnight Fund - Direct Plan - Growth;INF917K01EN0;;1598.5195;1598.5195;1598.5195;07-Apr-2013
119284;L&T Overnight Fund - Direct Plan- Daily IDCW;;INF917K01EO8;1023.3000;1023.3000;1023.3000;07-Apr-2013
119282;L&T Overnight Fund - Direct Plan- Monthly IDCW;INF917K01ER1;;1009.2288;1009.2288;1009.2288;07-Apr-2013
119285;L&T Overnight Fund - Direct Plan- Weekly IDCW;;INF917K01EP5;1001.9949;1001.9949;1001.9949;07-Apr-2013
118056;L&T Overnight Fund - Regular Plan - Daily IDCW;;INF917K01EJ8;1023.3000;1023.3000;1023.3000;07-Apr-2013
118058;L&T Overnight Fund - Regular Plan - Growth;INF917K01EI0;;1598.5641;1598.5641;1598.5641;07-Apr-2013
118065;L&T Overnight Fund - Regular Plan - Weekly IDCW;;INF917K01EK6;1001.9916;1001.9916;1001.9916;07-Apr-2013

SBI Mutual Fund
119831;SBI Overnight Fund - Direct Plan - Daily Income Distribution cum Capital Withdrawal Option (IDCW);;INF200K01TJ7;1009.9100;1007.3852;1009.9100;07-Apr-2013
119833;SBI OVERNIGHT FUND - DIRECT PLAN - GROWTH;INF200K01TK5;;2020.1361;2015.0858;2020.1361;07-Apr-2013
119832;SBI Overnight Fund - Direct Plan - Weekly Income Distribution cum Capital Withdrawal Option (IDCW);INF200K01TL3;INF200K01TM1;1031.4241;1028.8455;1031.4241;07-Apr-2013
114297;SBI Overnight Fund - Regular Plan - Daily Income Distribution cum Capital Withdrawal Option (IDCW);;INF200K01LN6;1009.9100;1007.3852;1009.9100;07-Apr-2013
101206;SBI OVERNIGHT FUND - REGULAR PLAN - GROWTH;INF200K01LQ9;;2019.2052;2014.1572;2019.2052;07-Apr-2013
103140;SBI Overnight Fund - Regular Plan - Weekly Income Distribution cum Capital Withdrawal Option (IDCW);INF200K01LO4;INF200K01LP1;1031.4192;1028.8407;1031.4192;07-Apr-2013

Open Ended Schemes ( Debt Scheme - Liquid Fund )


Aditya Birla Sun Life Mutual Fund
100047;Aditya Birla Sun Life Liquid Fund - Growth;INF209K01RU9;;188.2931;188.2931;188.2931;07-Apr-2013
119568;Aditya Birla Sun Life Liquid Fund - Growth - Direct Plan;INF209K01VA3;;188.3135;188.3135;188.3135;07-Apr-2013
100046;Aditya Birla Sun Life Liquid Fund -Daily IDCW;INF209K01KQ2;INF209K01SQ5;100.1950;100.1950;100.1950;07-Apr-2013
119569;Aditya Birla Sun Life Liquid Fund -Direct - daily IDCW;INF209K01UZ2;;100.1950;100.1950;100.1950;07-Apr-2013
119571;Aditya Birla Sun Life Liquid Fund -DIRECT - IDCW;INF209K01VD7;;100.5015;100.5015;100.5015;07-Apr-2013
119570;Aditya Birla Sun Life Liquid Fund -Direct - weekly IDCW;INF209K01VC9;;100.2660;100.2660;100.2660;07-Apr-2013
100041;Aditya Birla Sun Life Liquid Fund -Institutional - IDCW;;INF209K01KN9;108.0230;108.0230;108.0230;07-Apr-2013
100048;Aditya Birla Sun Life Liquid Fund -Institutional - weekly  IDCW;INF209KA1LK7;INF209K01KY6;108.1119;108.1119;108.1119;07-Apr-2013
100044;Aditya Birla Sun Life Liquid Fund -Retail - IDCW;;INF209K01KP4;163.6940;163.6940;163.6940;07-Apr-2013
100051;Aditya Birla Sun Life Liquid Fund -weekly IDCW;INF209K01KU4;INF209KA1LJ9;100.2657;100.2657;100.2657;07-Apr-2013
112014;Aditya Birla Sun Life Liquid Fund- Discipline Advantage Plan;INF209K01KZ3;;127.3869;127.3869;127.3869;07-Apr-2013
100043;Aditya Birla Sun Life Liquid Fund-Institutional (Growth);INF209K01RT1;;314.5571;314.5571;314.5571;07-Apr-2013
100042;Aditya Birla Sun Life Liquid Fund-Retail (Growth);INF209K01ME4;;307.0707;307.0707;307.0707;07-Apr-2013

Axis Mutual Fund
120388;Axis Liquid Fund - Direct Plan - Daily IDCW;;INF846K01DA0;1000.1107;1000.1107;1000.1107;07-Apr-2013
120389;Axis Liquid Fund - Direct Plan - Growth Option;INF846K01CX4;;1302.4796;1302.4796;1302.4796;07-Apr-2013
120391;Axis Liquid Fund - Direct Plan - Monthly IDCW;INF846K01CY2;INF846K01CZ9;1003.4275;1003.4275;1003.4275;07-Apr-2013
120390;Axis Liquid Fund - Direct Plan - Weekly IDCW;INF846K01DB8;INF846K01DC6;1003.3486;1003.3486;1003.3486;07-Apr-2013
112211;Axis Liquid Fund - Regular Plan - Daily IDCW;;INF846K01420;1000.1107;1000.1107;1000.1107;07-Apr-2013
112210;Axis Liquid Fund - Regular Plan - Growth Option;INF846K01412;;1302.2316;1302.2316;1302.2316;07-Apr-2013
112213;Axis Liquid Fund - Regular Plan - Monthly IDCW;INF846K01453;INF846K01461;1003.3985;1003.3985;1003.3985;07-Apr-2013
112212;Axis Liquid Fund - Regular Plan - Weekly IDCW;INF846K01438;INF846K01446;1003.3398;1003.3398;1003.3398;07-Apr-2013
112712;Axis Liquid Fund - Retail Plan - Daily IDCW;;INF846K01362;1000.1107;1000.1107;1000.1107;07-Apr-2013
112713;Axis Liquid Fund - Retail Plan - Growth Option;INF846K01354;;1269.0336;1269.0336;1269.0336;07-Apr-2013
112714;Axis Liquid Fund - Retail Plan - Monthly IDCW;INF846K01396;INF846K01404;1003.2201;1003.2201;1003.2201;07-Apr-2013
112715;Axis Liquid Fund - Retail Plan - Weekly IDCW;INF846K01370;INF846K01388;1001.2875;1001.2875;1001.2875;07-Apr-2013

Bandhan Mutual Fund
108692;BANDHAN LIQUID Fund - Regular Plan - Daily IDCW;INF194K01VZ4;INF194K01VY7;1000.2500;1000.2500;1000.2500;07-Apr-2013
108690;BANDHAN LIQUID Fund - Regular Plan - Growth;INF194K01VX9;;1428.7817;1428.7817;1428.7817;07-Apr-2013
108693;BANDHAN LIQUID Fund - Regular Plan - Monthly IDCW;INF194K01WF4;INF194K01WE7;1004.4979;1004.4979;1004.4979;07-Apr-2013
115489;BANDHAN LIQUID Fund - Regular Plan - Periodic IDCW;INF194K01WC1;INF194K01WB3;1125.8871;1125.8871;1125.8871;07-Apr-2013
108691;BANDHAN LIQUID Fund - Regular Plan - Weekly IDCW;INF194K01WI8;INF194K01WH0;1000.6708;1000.6708;1000.6708;07-Apr-2013
118365;BANDHAN LIQUID Fund -Direct Plan -Monthly IDCW;INF194K01J36;INF194K01J28;1011.5167;1011.5167;1011.5167;07-Apr-2013
118367;BANDHAN LIQUID Fund -Direct Plan -Weekly IDCW;INF194KB1JT8;INF194K01J51;1001.4864;1001.4864;1001.4864;07-Apr-2013
118366;BANDHAN LIQUID Fund -Direct Plan-Daily IDCW;;INF194K01I78;1000.3218;1000.3218;1000.3218;07-Apr-2013
118364;BANDHAN LIQUID Fund -Direct Plan-Growth;INF194K01I60;;1428.8282;1428.8282;1428.8282;07-Apr-2013
108779;BANDHAN Liquid Fund-Plan A-Dividend (Daily);INF194K01VC3;INF194K01VB5;1058.1900;1058.1900;1058.1900;07-Apr-2013
108778;BANDHAN Liquid Fund-Plan A-Growth;INF194K01UX1;;2062.5549;2062.5549;2062.5549;07-Apr-2013
115486;BANDHAN Liquid Fund-Plan A-Monthly;INF194K01VF6;INF194K01VE9;1004.3365;1004.3365;1004.3365;07-Apr-2013
115487;BANDHAN Liquid Fund-Plan A-Periodic Dividend;INF194K01UZ6;INF194K01UY9;1117.0093;1117.0093;1117.0093;07-Apr-2013
108607;BANDHAN Liquid Fund - Plan A-Dividend (Weekly);INF194K01VI0;INF194K01VH2;1001.4543;1001.4543;1001.4543;07-Apr-2013
108781;BANDHAN Liquid Fund - Plan B (G) (Institutional Plan);INF194K01VK6;;2084.1361;2084.1361;2084.1361;07-Apr-2013
108629;BANDHAN Liquid Fund - Plan B - Dividend-Weekly;INF194K01VS9;INF194K01VR1;1000.6402;1000.6402;1000.6402;07-Apr-2013

Bank of India Mutual Fund
119368;BANK OF INDIA Liquid Fund- Direct Plan- Daily IDCW;;INF761K01CL0;1001.7398;1001.7398;1001.7398;07-Apr-2013
119369;BANK OF INDIA Liquid Fund- Direct Plan- Growth;INF761K01785;;1352.4123;1352.4123;1352.4123;07-Apr-2013
109256;BANK OF INDIA Liquid Fund- Institutional Plan-Growth;INF761K01314;;1372.3346;1372.3346;0.0000;07-Apr-2013
111971;BANK OF INDIA Liquid Fund- Regular Plan- Daily IDCW;;INF761K01CO4;1000.5950;1000.5950;1000.5950;07-Apr-2013
109254;BANK OF INDIA Liquid Fund- Regular Plan- Growth;INF761K01306;;1352.2215;1352.2215;1352.2215;07-Apr-2013
109255;BANK OF INDIA Liquid Fund- Regular Plan- Weekly IDCW;;INF761K01CP1;1002.7470;1002.7470;1002.7470;07-Apr-2013

Baroda BNP Paribas Mutual Fund
119414;Baroda BNP Paribas LIQUID FUND - DIRECT PLAN - DAILY IDCW OPTION;INF955L01AK2;;1000.6300;1000.6300;1000.6300;07-Apr-2013
119415;Baroda BNP Paribas LIQUID FUND - DIRECT PLAN - GROWTH OPTION;INF955L01AL0;;1347.0890;1347.0890;1347.0890;07-Apr-2013
119416;Baroda BNP Paribas LIQUID FUND - DIRECT PLAN - WEEKLY IDCW OPTION;INF251K01SL8;;1002.2471;1002.2471;1002.2471;07-Apr-2013
111707;Baroda BNP Paribas LIQUID FUND - Regular Plan - DAILY IDCW OPTION;INF955L01468;INF955L01476;1000.6300;1000.6300;1000.6300;07-Apr-2013
111704;Baroda BNP Paribas LIQUID FUND - Regular Plan - GROWTH OPTION;INF955L01484;;1346.8926;1346.8926;1346.8926;07-Apr-2013
111705;Baroda BNP Paribas LIQUID FUND - Regular Plan - WEEKLY IDCW OPTION;INF251K01SK0;INF955L01500;1002.1336;1002.1336;1002.1336;07-Apr-2013
101408;Baroda BNP Paribas LIQUID FUND- Defunct Plan -Growth Option;INF955L01575;;2038.7044;2038.7044;2038.7044;07-Apr-2013
101407;Baroda BNP Paribas LIQUID FUND-Defunct Plan- IDCW Option;INF955L01559;INF955L01567;1746.6584;1746.6584;1746.6584;07-Apr-2013
101409;Baroda BNP Paribas LIQUID FUND-Defunct Plan-Daily IDCW Option;INF955L01518;INF955L01526;1006.0600;1006.0600;1006.0600;07-Apr-2013
111706;BARODA LIQUID FUND PLAN A - MONTHLY IDCW OPTION;;;1003.9979;1003.9979;1003.9979;07-Apr-2013

BNP Paribas Mutual Fund
117941;BNP PARIBAS LIQUID FUND  GROWTH OPTION;INF251K01CM0;;18.0839;18.0839;18.0839;07-Apr-2013
117940;BNP PARIBAS LIQUID FUND  MONTHLY DIVIDEND OPTION;INF251K01CP3;INF251K01CQ1;10.0288;10.0288;10.0288;07-Apr-2013
117942;BNP PARIBAS LIQUID FUND  WEEKLY DIVIDEND OPTION;;INF251K01CO6;10.0091;10.0091;10.0091;07-Apr-2013
120122;BNP Paribas LIQUID Fund - Direct Plan - Daily Dividend Option;;INF251K01FY8;10.0049;10.0049;10.0049;07-Apr-2013
120123;BNP Paribas LIQUID Fund - Direct Plan - Growth Option;;INF251K01FX0;18.0869;18.0869;18.0869;07-Apr-2013
120124;BNP Paribas LIQUID Fund - Direct Plan - Monthly Dividend Option;INF251K01GA6;INF251K01GB4;10.0289;10.0289;10.0289;07-Apr-2013
120125;BNP Paribas LIQUID Fund - Direct Plan - Weekly Dividend Option;;INF251K01FZ5;10.0091;10.0091;10.0091;07-Apr-2013
117943;BNP PARIBAS LIQUID FUND DAILY DIVIDEND OPTION;;INF251K01CN8;10.0049;10.0049;10.0049;07-Apr-2013
113640;BNP PARIBAS LIQUID Fund-Regular Plan-Growth Option;INF251K01CI8;;17.3684;17.3684;17.3684;07-Apr-2013
113632;BNP PARIBAS LIQUID Fund-Regular Plan-Monthly Dividend;INF251K01CK4;INF251K01CL2;10.0260;10.0260;10.0260;07-Apr-2013
113637;BNP PARIBAS LIQUID Fund-Regular Plan-Weekly Dividend Option;;INF251K01CJ6;10.0082;10.0082;10.0082;07-Apr-2013

Canara Robeco Mutual Fund
118307;CANARA ROBECO LIQUID FUND - DIRECT PLAN - DAILY IDCW (Reinvestment);;INF760K01FS0;1005.5000;1005.5000;1005.5000;07-Apr-2013
118305;CANARA ROBECO LIQUID FUND - DIRECT PLAN - GROWTH OPTION;INF760K01FU6;;1429.2423;1429.2423;1429.2423;07-Apr-2013
118304;CANARA ROBECO LIQUID FUND - DIRECT PLAN - IDCW (Payout/Reinvestment);INF760K01FT8;;1023.2456;1023.2456;1023.2456;07-Apr-2013
118306;CANARA ROBECO LIQUID FUND - DIRECT PLAN - MONTHLY IDCW (Payout/Reinvestment);INF760K01FV4;INF760K01FW2;1003.1958;1003.1958;1003.1958;07-Apr-2013
118308;CANARA ROBECO LIQUID FUND - DIRECT PLAN - WEEKLY IDCW (Payout/Reinvestment);INF760K01FY8;INF760K01FX0;1000.0000;1000.0000;1000.0000;07-Apr-2013
109349;CANARA ROBECO LIQUID FUND - REGULAR PLAN - DAILY IDCW (Reinvestment);;INF760K01CU3;1005.5000;1005.5000;1005.5000;07-Apr-2013
109353;CANARA ROBECO LIQUID FUND - REGULAR PLAN - GROWTH OPTION;INF760K01CW9;;1429.0248;1429.0248;1429.0248;07-Apr-2013
109351;CANARA ROBECO LIQUID FUND - REGULAR PLAN - MONTHLY IDCW (Payout/Reinvestment);INF760K01CX7;INF760K01CY5;1003.1491;1003.1491;1003.1491;07-Apr-2013
109350;CANARA ROBECO LIQUID FUND - REGULAR PLAN - WEEKLY IDCW (Payout/Reinvestment);INF760K01BZ4;INF760K01CZ2;1000.9200;1000.9200;1000.9200;07-Apr-2013
101363;Canara Robeco Liquid Fund- INSTITUTIONAL-Daily Dividend Reinvestment;;INF760K01CC1;1005.5000;1005.5000;1005.5000;07-Apr-2013
101362;Canara Robeco Liquid Fund- INSTITUTIONAL-Growth;INF760K01CD9;;2113.7327;2113.7327;2113.7327;07-Apr-2013
101364;Canara Robeco Liquid Fund-Retail-DRI;;INF760K01CF4;1007.0000;1007.0000;1007.0000;07-Apr-2013
101365;Canara Robeco Liquid Fund-Retail-Growth;INF760K01CH0;;2081.3508;2081.3508;2081.3508;07-Apr-2013
109347;Canara Robeco Liquid Fund-Retail-Monthly Div Reinvest;;INF760K01CI8;1008.3278;1008.3278;1008.3278;07-Apr-2013
109356;Canara Robeco Liquid Fund-Retail-Weekly Div Reinvest;;INF760K01CJ6;1006.2982;1006.2982;1006.2982;07-Apr-2013

DSP Mutual Fund
119125;DSP Liquidity Fund - Direct Plan - Growth;INF740K01QL4;;1682.1278;1682.1278;1682.1278;07-Apr-2013
119124;DSP Liquidity Fund - Direct Plan - IDCW - Daily;;INF740KA1OB6;1000.3161;1000.3161;1000.3161;07-Apr-2013
119123;DSP Liquidity Fund - Direct Plan - IDCW - Weekly;INF740KA1OC4;INF740KA1OD2;1000.9262;1000.9262;1000.9262;07-Apr-2013
103347;DSP Liquidity Fund - Regular Plan - Growth;INF740K01FK9;;1681.9123;1681.9123;1681.9123;07-Apr-2013
103348;DSP Liquidity Fund - Regular Plan - IDCW - Weekly;INF740K01FM5;INF740K01FL7;1000.9220;1000.9220;1000.9220;07-Apr-2013
103349;DSP Liquidity Fund- Regular Plan - IDCW - Daily;;INF740KA1OE0;1000.3161;1000.3161;1000.3161;07-Apr-2013
100943;DSP BlackRock Liquidity Fund - Regular Plan - Daily Dividend;;;10.0169;10.0169;10.0169;07-Apr-2013
100940;DSP BlackRock Liquidity Fund - Regular Plan - Growth;INF740K01CN0;;27.7500;27.7500;27.7500;07-Apr-2013
100941;DSP BlackRock Liquidity Fund - Regular Plan Weekly Dividend;;;12.4190;12.4190;12.4190;07-Apr-2013

Franklin Templeton Mutual Fund
100541;Franklin India Liquid Fund - Regular Plan - Daily - IDCW;;INF090I01BA3;1512.3400;1512.3400;1512.3400;07-Apr-2013
100538;Franklin India Liquid Fund - Regular Plan - Growth;INF090I01BB1;;2853.2126;2853.2126;2853.2126;07-Apr-2013
100537;Franklin India Liquid Fund - Regular Plan - Weekly - IDCW;INF090I01BL0;INF090I01BI6;1244.3238;1244.3238;1244.3238;07-Apr-2013
118577;Franklin India Liquid Fund - Super Institutional - Direct - Growth;INF090I01JV2;;1751.1395;1751.1395;1751.1395;07-Apr-2013
100547;Franklin India Liquid Fund - Super Institutional Plan - Daily - IDCW;;INF090I01BF2;1000.6730;1000.6730;1000.6730;07-Apr-2013
118578;Franklin India Liquid Fund - Super Institutional Plan - Direct - Daily - IDCW;INF090I01JW0;;1001.0741;1001.0741;1001.0741;07-Apr-2013
118579;Franklin India Liquid Fund - Super Institutional Plan - Direct - Weekly - IDCW;INF090I01JX8;INF090I01JY6;1021.3891;1021.3891;1021.3891;07-Apr-2013
100546;Franklin India Liquid Fund - Super Institutional Plan - Growth;INF090I01BG0;;1750.9537;1750.9537;1750.9537;07-Apr-2013
100548;Franklin India Liquid Fund - Super Institutional Plan - Weekly - IDCW;INF090I01BM8;INF090I01BH8;1021.1243;1021.1243;1021.1243;07-Apr-2013
102441;Franklin India Liquid Fund - Institution-Growth;INF090I01BD7;;1822.5346;1822.5346;1822.5346;07-Apr-2013
102443;Franklin India Liquid Fund - Institutional Plan - Daily - IDCW;;INF090I01BC9;1000.6730;1000.6730;1000.6730;07-Apr-2013
102442;Franklin India Liquid Fund - Institutional Plan - Weekly - IDCW;INF090I01BJ4;INF090I01BE5;1054.7184;1054.7184;1054.7184;07-Apr-2013

Groww Mutual Fund
119135;Groww Liquid Fund ( formerly known as Indiabulls Liquid )Fund - Direct Plan - Growth Option;INF666M01451;;1143.2700;1143.2700;1143.2700;07-Apr-2013
119136;Groww Liquid Fund (formerly known as Indiabulls Liquid Fund) - Direct Plan- - Income Distribution cum capital withdrawal Option ( Reinvestment);;INF666M01469;1000.0434;1000.0434;1000.0434;07-Apr-2013
115991;Groww Liquid Fund (formerly known as Indiabulls Liquid Fund) - Regular Plan - Growth Option;INF666M01014;;1143.0873;1143.0873;1143.0873;07-Apr-2013
115992;Groww Liquid Fund (formerly known as Indiabulls Liquid Fund)- Regular Plan- - Income Distribution cum capital withdrawal Option (Reinvestment);;INF666M01022;1000.0434;1000.0434;1000.0434;07-Apr-2013
115995;Groww Liquid Fund (formerly known as Indiabulls Liquid Fund)- Regular Plan- Monthly - Income Distribution cum capital withdrawal Option (Payout & Reinvestment);INF666M01071;INF666M01055;1001.3089;1001.3089;1001.3089;07-Apr-2013
115993;Groww Liquid Fund (formerly known as Indiabulls Liquid Fund)- Regular Plan- Weekly - Income Distribution cum capital withdrawal Option (Payout & Reinvestment);INF666M01089;INF666M01030;1001.2789;1001.2789;1001.2789;07-Apr-2013

HDFC Mutual Fund
119091;HDFC Liquid Fund - Growth Option - Direct Plan;INF179KB1HP9;;23.1867;23.1867;23.1867;07-Apr-2013
100868;HDFC Liquid Fund - Growth Plan;INF179KB1HK0;;23.1791;23.1791;23.1791;07-Apr-2013
100875;HDFC Liquid Fund - IDCW Daily;;INF179KB1IC5;10.1982;10.1982;10.1982;07-Apr-2013
119089;HDFC Liquid Fund - IDCW Daily - Direct Plan;;INF179KB1HV7;10.1982;10.1982;10.1982;07-Apr-2013
100876;HDFC Liquid Fund - IDCW Monthly;INF179KB1HM6;INF179KB1HL8;10.3044;10.3044;10.3044;07-Apr-2013
119090;HDFC Liquid Fund - IDCW Monthly - Direct Plan;INF179KB1HO2;INF179KB1HQ7;10.3047;10.3047;10.3047;07-Apr-2013
100874;HDFC Liquid Fund - IDCW Plan Weekly;INF179KB1ID3;;10.3229;10.3229;10.3229;07-Apr-2013
119088;HDFC Liquid Fund - IDCW Weekly - Direct Plan;;;10.3229;10.3229;10.3229;07-Apr-2013
100877;HDFC Liquid Fund-Premium Plan - Dividend-Daily;;INF179K01KN4;12.2598;12.2598;12.2598;07-Apr-2013
100878;HDFC Liquid Fund-Premium Plan - Dividend-Weekly;INF179K01KP9;;10.1124;10.1124;10.1124;07-Apr-2013
100873;HDFC Liquid Fund-PREMIUM- Growth;INF179KB1HN4;;23.5488;23.5488;23.5488;07-Apr-2013

HSBC Mutual Fund
118910;HSBC Cash Fund - Institutional Plan - Growth;INF336L01BT4;;1870.0420;1870.0420;1870.0420;07-Apr-2013
118911;HSBC Cash Fund-Institutional Plan - Monthly Dividend;INF336L01BU2;;1000.0000;1000.0000;1000.0000;07-Apr-2013
118912;HSBC Cash Fund-Institutional Plan - Weekly Dividend;;INF336L01BV0;1000.0000;1000.0000;1000.0000;07-Apr-2013
120038;HSBC Liquid Fund -  Growth Direct;INF336L01CC8;;1171.8062;1171.8062;1171.8062;07-Apr-2013
120037;HSBC Liquid Fund - Direct Daily IDCW;;INF336L01CB0;1000.5600;1000.5600;1000.5600;07-Apr-2013
120039;HSBC Liquid Fund - Direct Monthly IDCW;INF336L01BZ1;INF336L01CA2;1000.0000;1000.0000;1000.0000;07-Apr-2013
120040;HSBC Liquid Fund - Direct Weekly IDCW;INF336L01LK2;INF336L01CD6;1111.0130;1111.0130;1111.0130;07-Apr-2013
118907;HSBC Liquid Fund - Growth;INF336L01BL1;;1835.3405;1835.3405;1835.3405;07-Apr-2013
118906;HSBC Liquid Fund - IDCW;;INF336L01BK3;1019.3000;1019.3000;1019.3000;07-Apr-2013
118909;HSBC Liquid Fund - Institutional Daily IDCW;;INF336L01BS6;1087.9256;1087.9256;1087.9256;07-Apr-2013
118901;HSBC Liquid Fund - Regular Daily IDCW;;INF336L01BM9;1000.5600;1000.5600;1000.5600;07-Apr-2013
118902;HSBC Liquid Fund - Regular Growth;INF336L01BN7;;1171.8062;1171.8062;1171.8062;07-Apr-2013
118903;HSBC Liquid Fund - Regular Monthly IDCW;INF336L01BP2;INF336L01BO5;1002.5671;1002.5671;1002.5671;07-Apr-2013
118904;HSBC Liquid Fund - Regular Weekly IDCW;INF336L01LJ4;INF336L01BQ0;1111.0118;1111.0118;1111.0118;07-Apr-2013
118908;HSBC Liquid Fund - Weekly IDCW;;INF336L01BR8;1002.1064;1002.1064;1002.1064;07-Apr-2013

ICICI Prudential Mutual Fund
100357;ICICI Prudential Liquid Fund -Quarterly IDCW;INF109K01UU5;INF109K01UT7;100.5332;100.5332;100.5332;07-Apr-2013
100359;ICICI Prudential Liquid Institutional Plus Fund - Div - Daily;INF109K01VJ6;;118.5150;118.5150;118.5150;07-Apr-2013
100360;ICICI Prudential Liquid Institutional Plus Fund - Div - Weekly;INF109K01VM0;;118.8035;118.8035;118.8035;07-Apr-2013
100362;ICICI Prudential Liquid Institutional Plus Fund - Growth;INF109K01VK4;;287.7874;287.7874;287.7874;07-Apr-2013
103343;ICICI Prudential Liquid Fund - Daily IDCW;INF109K01VP3;;100.0496;100.0496;100.0496;07-Apr-2013
120188;ICICI Prudential Liquid Fund - Direct Plan - Daily IDCW;;INF109K01Q15;100.0535;100.0535;100.0535;07-Apr-2013
120197;ICICI Prudential Liquid Fund - Direct Plan - Growth;INF109K01Q49;;173.8584;173.8584;173.8584;07-Apr-2013
120189;ICICI Prudential Liquid Fund - Direct Plan - Monthly IDCW;INF109K01R06;;100.6612;100.6612;100.6612;07-Apr-2013
120196;ICICI Prudential Liquid Fund - Direct Plan - Quarterly IDCW;INF109K01Q72;INF109K01Q80;101.2829;101.2829;101.2829;07-Apr-2013
120190;ICICI Prudential Liquid Fund - Direct Plan - Weekly IDCW;INF109K01Q98;;100.3817;100.3817;100.3817;07-Apr-2013
103340;ICICI Prudential Liquid Fund - Growth;INF109K01VQ1;;173.8341;173.8341;173.8341;07-Apr-2013
104308;ICICI Prudential Liquid Fund - Half Yearly IDCW;INF109K01UX9;INF109K01UW1;100.4160;100.4160;100.4160;07-Apr-2013
103344;ICICI Prudential Liquid Fund - Institutional Option - I;INF109K01VH0;;169.2554;169.2554;169.2554;07-Apr-2013
103342;ICICI Prudential Liquid Fund - Weekly IDCW;INF109K01VS7;;100.3556;100.3556;100.3556;07-Apr-2013
103341;ICICI Prudential Liquid Fund -Monthly IDCW;INF109K01VR9;;100.4731;100.4731;100.4731;07-Apr-2013
101748;ICICI Prudential Liquid Fund - Institutional - Daily - Div;INF109K01VE7;;118.5020;118.5020;118.5020;07-Apr-2013
101753;ICICI Prudential Liquid Fund - Institutional - Weekly - Div;INF109K01VI8;;118.6711;118.6711;118.6711;07-Apr-2013
101754;ICICI Prudential Liquid Fund Retail Daily Dividend;INF109K01UR1;;118.5140;118.5140;118.5140;07-Apr-2013
101750;ICICI Prudential Liquid Fund Retail Growth;INF109K01UQ3;;277.4822;277.4822;277.4822;07-Apr-2013
101755;ICICI Prudential Liquid Fund Retail Monthly Dividend;INF109K01US9;;100.5364;100.5364;100.5364;07-Apr-2013
101752;ICICI Prudential Liquid Fund Retail Weekly Dividend;INF109K01UV3;;119.0421;119.0421;119.0421;07-Apr-2013
101751;ICICI Prudential Liquid Institutional Fund - Growth;INF109K01VF4;;284.5300;284.5300;284.5300;07-Apr-2013

IDBI Mutual Fund
118345;IDBI Liquid Fund Growth Direct;INF397L01AH3;;1261.3821;1261.3821;1261.3821;07-Apr-2013
113104;IDBI Liquid Fund- Monthly IDCW;INF397L01976;INF397L01968;1003.5734;1003.5734;1003.5734;07-Apr-2013
118449;IDBI Liquid Fund- Monthly IDCW Direct;INF397L01AK7;INF397L01AJ9;0.0000;0.0000;0.0000;07-Apr-2013
113102;IDBI Liquid Fund-Daily IDCW;;INF397L01935;1000.3214;1000.3214;1000.3214;07-Apr-2013
118450;IDBI Liquid Fund-Daily IDCW Direct;;INF397L01AI1;1000.3171;1000.3171;1000.3171;07-Apr-2013
113096;IDBI Liquid Fund-Growth;INF397L01984;;1261.2619;1261.2619;1261.2619;07-Apr-2013
113103;IDBI Liquid Fund-Weekly IDCW;INF397L01950;INF397L01943;1000.2845;1000.2845;1000.2845;07-Apr-2013
118451;IDBI Liquid Fund-Weekly IDCW Direct;INF397L01AM3;INF397L01AL5;1000.5655;1000.5655;1000.5655;07-Apr-2013

Invesco Mutual Fund
104484;Invesco India Liquid Fund - Daily IDCW (Reinvestment);;INF205K01HN3;1000.7849;1000.7849;1000.7849;07-Apr-2013
120537;Invesco India Liquid Fund - Direct Plan - Growth;INF205K01MF9;;1615.8067;1615.8067;1615.8067;07-Apr-2013
120536;Invesco India Liquid Fund - Direct Plan - Monthly IDCW (Payout / Reinvestment);INF205K01MG7;INF205K01MH5;1006.0425;1006.0425;1006.0425;07-Apr-2013
120535;Invesco India Liquid Fund - Direct Plan - Weekly IDCW (Reinvestment);INF205KA1BE5;INF205K01MI3;1001.6860;1001.6860;1001.6860;07-Apr-2013
120534;Invesco India Liquid Fund - Direct Plan- Daily IDCW (Reinvestment);;INF205K01ME2;1000.7849;1000.7849;1000.7849;07-Apr-2013
104486;Invesco India Liquid Fund - Growth;INF205K01HM5;;1615.6490;1615.6490;1615.6490;07-Apr-2013
104492;Invesco India Liquid Fund - Monthly IDCW (Payout / Reinvestment);INF205K01HQ6;INF205K01HP8;1006.0264;1006.0264;1006.0264;07-Apr-2013
104488;Invesco India Liquid Fund - Regular - Growth;INF205K01HG7;;1554.3368;1554.3368;1554.3368;07-Apr-2013
104489;Invesco India Liquid Fund - Regular - Weekly IDCW (Reinvestment);;INF205K01HH5;1001.3551;1001.3551;1001.3551;07-Apr-2013
104485;Invesco India Liquid Fund - Weekly IDCW (Reinvestment);INF205KA1BD7;INF205K01HO1;1003.8259;1003.8259;1003.8259;07-Apr-2013
104483;Religare Invesco Liquid Fund - Institutional - Daily Dividend;;INF205K01HJ1;1000.2250;1000.2250;1000.2250;07-Apr-2013
104491;Religare Invesco Liquid Fund - Institutional - Growth;INF205K01HI3;;1587.7705;1587.7705;1587.7705;07-Apr-2013

JM Financial Mutual Fund
100241;JM High Liquidity Fund-- Institutional Plan - Dividend;INF192K01924;INF192K01932;10.7686;10.7686;10.7686;07-Apr-2013
100237;JM High Liquidity Fund-- Institutional Plan - Growth;INF192K01940;;19.3523;19.3523;19.3523;07-Apr-2013
100238;JM High Liquidity Fund-Institutional Plan - Daily Dividend;;INF192K01916;10.0159;10.0159;10.0159;07-Apr-2013
100246;JM High Liquidity Fund-Super Institutional Plan- Weekly  Dividend;INF192K01965;INF192K01973;10.1624;10.1624;10.1624;07-Apr-2013
120410;JM Liquid Fund (Direct) - Bonus Option - Bonus Option - Principal units;INF192K01CN4;;10.2619;10.2619;10.2619;07-Apr-2013
120411;JM Liquid Fund (Direct) - Daily IDCW;;INF192K01CH6;10.4302;10.4302;10.4302;07-Apr-2013
120406;JM Liquid Fund (Direct) - Growth Option;INF192K01CM6;;32.0466;32.0466;32.0466;07-Apr-2013
120408;JM Liquid Fund (Direct) - Quarterly IDCW;INF192K01CK0;INF192K01CL8;18.1388;18.1388;18.1388;07-Apr-2013
120407;JM Liquid Fund (Direct) - Weekly IDCW;INF192K01CI4;INF192K01CJ2;11.0196;11.0196;11.0196;07-Apr-2013
100244;JM Liquid Fund (Regular) - Quarterly IDCW;INF192K01866;INF192K01874;18.1343;18.1343;18.1343;07-Apr-2013
100247;JM Liquid Fund (Regular) - Super Institutional Plan - Growth Option;INF192K01981;;18.4249;18.4249;18.4249;07-Apr-2013
100233;JM Liquid Fund (Regular) - Weekly IDCW;INF192K01841;INF192K01858;11.0168;11.0168;11.0168;07-Apr-2013
100234;JM Liquid Fund - Growth Option;INF192K01882;;32.0388;32.0388;32.0388;07-Apr-2013
101549;JM Liquid Fund (Regular) - Bonus Option - Principal Units;INF192K01890;;10.2590;10.2590;10.2590;07-Apr-2013
101078;JM Liquid Fund (Regular) - Daily IDCW;;INF192K01833;10.4302;10.4302;10.4302;07-Apr-2013

Kotak Mahindra Mutual Fund
119764;Kotak Liquid Fund - Direct Plan - Daily Reinvestment of Income Distribution cum capital withdrawal option;;INF174K01NH1;1222.81;1222.81;1222.81;07-Apr-2013
119766;Kotak Liquid Fund - Direct Plan - Growth;INF174K01NE8;;2384.6942;2384.6942;2384.6942;07-Apr-2013
100833;Kotak Liquid Fund - Regular  - Daily Reinvestment of Income Distribution cum capital withdrawal option;;INF174K01NL3;1222.81;1222.81;1222.81;07-Apr-2013
100835;Kotak Liquid Fund - Regular Plan - Growth;INF174K01NI9;;2384.3951;2384.3951;2384.3951;07-Apr-2013
119765;Kotak Liquid Fund - Weekly  Payout of Income Distribution cum capital withdrawal option - Direct;INF174K01NF5;INF174K01NG3;1002.842;1002.842;1002.842;07-Apr-2013
100831;Kotak Liquid Fund -Institutional Plan - (Daily Dividend);;INF174K01GA0;1222.81;1222.81;1222.81;07-Apr-2013
100834;Kotak Liquid Fund Regular Plan Weekly Reinvestment of Income Distribution cum capital withdrawal option Dividend;INF174K01NK5;;1001.2063;1001.2063;1001.2063;07-Apr-2013
100830;Kotak Liquid-Institutional Plan  (Growth);INF174K01FZ9;;2296.1986;2296.1986;2296.1986;07-Apr-2013
100832;Kotak Liquid-Institutional Plan (Weekly Dividend);;INF174K01GB8;1010.1921;1010.1921;1010.1921;07-Apr-2013
100828;Kotak Liquid-Regular (Dividend);;INF174K01FY2;1003.2846;1003.2846;1003.2846;07-Apr-2013
100829;Kotak Liquid-Regular (Growth);INF174K01NM1;;2221.5865;2221.5865;2221.5865;07-Apr-2013

L&T Mutual Fund
122235;L&T Liquid Fund - Direct Plan - Weekly IDCW;;INF917K01HE2;1001.2101;1001.2101;1001.2101;07-Apr-2013
119791;L&T Liquid Fund - Direct Plan -Daily IDCW;INF917K01HG7;;1011.6349;1011.6349;1011.6349;07-Apr-2013
119790;L&T Liquid Fund - Direct Plan -Growth;INF917K01HF9;;1612.5239;1612.5239;1612.5239;07-Apr-2013
112458;L&T Liquid Fund - Regular Plan - Weekly IDCW;INF917K01BK2;INF917K01JG3;1002.0423;1002.0423;1002.0423;07-Apr-2013
112445;L&T Liquid Fund -Regular Plan - Daily IDCW;INF917K01JB4;;1011.6349;1011.6349;1011.6349;07-Apr-2013
112457;L&T Liquid Fund -Regular Plan - Growth;INF917K01JH1;;1612.4461;1612.4461;1612.4461;07-Apr-2013
112456;L&T Liquid Fund-Cum -Institutional Plus;INF917K01BJ4;;2355.2623;2355.2623;2355.2623;07-Apr-2013
112442;L&T Liquid Fund-Regular Cumulative;INF917K01BF2;;2287.8534;2287.8534;2287.8534;07-Apr-2013

LIC Mutual Fund
120248;LIC MF Liquid Fund-Direct Plan-Daily IDCW;INF767K01DL5;INF767K01DM3;1098.0000;1098.0000;1098.0000;07-Apr-2013
120249;LIC MF Liquid Fund-Direct Plan-Growth;INF767K01DN1;;2131.9243;2131.9243;2131.9243;07-Apr-2013
101184;LIC MF Liquid Fund-Regular Plan-Daily IDCW;INF767K01IQ3;INF767K01IR1;1098.0000;1098.0000;1098.0000;07-Apr-2013
101185;LIC MF Liquid Fund-Regular Plan-Growth;INF767K01IS9;;2131.7127;2131.7127;2131.7127;07-Apr-2013

Mirae Asset Mutual Fund
118859;Mirae Asset Liquid Fund - Direct Plan - Growth;INF769K01CM1;;1256.6966;1256.6966;1256.6966;07-Apr-2013
118862;Mirae Asset Liquid Fund - Direct Plan - Weekly IDCW;INF769K01PD2;INF769K01CP4;1153.4009;1153.4009;1153.4009;07-Apr-2013
118861;Mirae Asset Liquid Fund - Direct Plan -Daily IDCW;;INF769K01CO7;1053.9909;1053.9909;1053.9909;07-Apr-2013
118860;Mirae Asset Liquid Fund - Direct Plan -Monthly IDCW;INF769K01CN9;INF769K01CQ2;1153.2640;1153.2640;1153.2640;07-Apr-2013
111647;Mirae Asset Liquid Fund - Regular - Daily IDCW;;INF769K01804;1047.2052;1047.2052;1047.2052;07-Apr-2013
111646;Mirae Asset Liquid Fund - Regular Plan - Growth;INF769K01788;;1256.4876;1256.4876;1256.4876;07-Apr-2013
111645;Mirae Asset Liquid Fund - Regular Plan - Monthly IDCW;INF769K01838;INF769K01820;1134.3305;1134.3305;1134.3305;07-Apr-2013
111644;Mirae Asset Liquid Fund - Regular Plan - Weekly IDCW;INF769K01PC4;INF769K01812;1132.5027;1132.5027;1132.5027;07-Apr-2013

Navi Mutual Fund
119163;Navi Liquid Fund - Direct Plan Daily IDCW - ReInvestment;;INF959L01GK1;10.0047;10.0047;10.0047;07-Apr-2013
119161;Navi Liquid Fund - Direct Plan Monthly IDCW - Payout;INF959L01GG9;INF959L01GH7;10.0322;10.0322;10.0322;07-Apr-2013
119162;Navi Liquid Fund - Direct Plan Weekly IDCW - Payout;INF959L01GI5;INF959L01GJ3;10.0372;10.0372;10.0372;07-Apr-2013
112645;Navi Liquid Fund - Regular Plan Daily IDCW;;INF959L01GM7;10.0047;10.0047;10.0047;07-Apr-2013
112647;Navi Liquid Fund - Regular Plan Monthly IDCW;INF959L01GN5;INF959L01GO3;10.0313;10.0313;10.0313;07-Apr-2013
112646;Navi Liquid Fund - Regular Plan Weekly IDCW;INF959L01GP0;INF959L01GQ8;10.0169;10.0169;10.0169;07-Apr-2013
119164;Navi Liquid Fund-Direct Plan-Growth Option;INF959L01GF1;;12.8615;12.8615;12.8615;07-Apr-2013
112637;Navi Liquid Fund-Institutional Plan-Dividend Option-Daily;;INF959L01197;10.0047;10.0047;10.0047;07-Apr-2013
112640;Navi Liquid Fund-Institutional Plan-Growth;INF959L01247;;12.6105;12.6105;12.6105;07-Apr-2013
112636;Navi Liquid Fund-Regular Plan-Growth Option;INF959L01GL9;;12.8593;12.8593;12.8593;07-Apr-2013
112641;Navi Liquid Fund-Retail Plan-Dividend Option-Daily;;INF959L01254;10.0047;10.0047;10.0047;07-Apr-2013
112643;Navi Liquid Fund-Retail Plan-Dividend Option-Monthly;INF959L01262;INF959L01270;10.0237;10.0237;10.0237;07-Apr-2013
112642;Navi Liquid Fund-Retail Plan-Dividend Option-Weekly;INF959L01288;INF959L01296;10.0138;10.0138;10.0138;07-Apr-2013
112644;Navi Liquid Fund-Retail Plan-Growth;INF959L01304;;12.3736;12.3736;12.3736;07-Apr-2013

Nippon India Mutual Fund
100852;NIPPON INDIA LIQUID FUND - DAILY IDCW OPTION;;INF204K01UM1;1528.7400;1528.7400;1528.7400;07-Apr-2013
118695;NIPPON INDIA LIQUID FUND - DIRECT Plan - DAILY IDCW OPTION;;INF204K01ZG2;1528.7400;1528.7400;1528.7400;07-Apr-2013
118696;NIPPON INDIA LIQUID FUND - DIRECT Plan - MONTHLY IDCW OPTION;INF204K01ZI8;INF204K01ZJ6;1598.0051;1598.0051;1598.0051;07-Apr-2013
118698;NIPPON INDIA LIQUID FUND - DIRECT Plan - QUARTERLY IDCW OPTION;INF204K01ZK4;INF204K01ZL2;1010.6472;1010.6472;1010.6472;07-Apr-2013
118700;NIPPON INDIA LIQUID FUND - DIRECT Plan - WEEKLY IDCW OPTION;INF204KC1FN6;INF204K01ZM0;1530.9943;1530.9943;1530.9943;07-Apr-2013
118701;Nippon India Liquid Fund - Direct Plan Growth Plan - Growth Option;INF204K01ZH0;;2863.4127;2863.4127;2863.4127;07-Apr-2013
100855;NIPPON INDIA LIQUID FUND - MONTHLY IDCW OPTION;INF204K01UO7;INF204K01UP4;1594.6279;1594.6279;1594.6279;07-Apr-2013
112340;NIPPON INDIA LIQUID FUND - QUARTERLY IDCW OPTION;INF204K01UQ2;INF204K01UR0;1007.6995;1007.6995;1007.6995;07-Apr-2013
100837;Nippon India Liquid Fund - Retail Option - Growth Plan;INF204K01UL3;;2776.1147;2776.1147;2776.1147;07-Apr-2013
100842;NIPPON INDIA LIQUID FUND - RETAIL Plan - DAILY IDCW OPTION;;INF204K01UJ7;1524.2800;1524.2800;1524.2800;07-Apr-2013
100843;NIPPON INDIA LIQUID FUND - RETAIL plan - MONTHLY IDCW OPTION;INF204K01UT6;INF204K01UU4;1335.3029;1335.3029;1335.3029;07-Apr-2013
100844;NIPPON INDIA LIQUID FUND - RETAIL Plan - QUARTERLY IDCW OPTION;INF204K01UV2;INF204K01UW0;1221.3542;1221.3542;1221.3542;07-Apr-2013
100838;NIPPON INDIA LIQUID FUND - RETAIL Plan - WEEKLY IDCW OPTION;;INF204K01UK5;1034.5916;1034.5916;1034.5916;07-Apr-2013
100853;NIPPON INDIA LIQUID FUND - WEEKLY IDCW OPTION;INF204KC1FM8;INF204K01US8;1530.9860;1530.9860;1530.9860;07-Apr-2013
100851;Nippon India Liquid Fund -Growth Plan;INF204K01UN9;;2862.7776;2862.7776;2862.7776;07-Apr-2013
118610;Reliance Liquid Fund - Cash Plan - Direct Plan - Growth Plan - Growth Option;;;1895.9569;1895.9569;1895.9569;07-Apr-2013
118618;Reliance Liquid Fund - Cash Plan - Direct Plan Daily Dividend Reinvestment Option;;;1114.1500;1114.1500;1114.1500;07-Apr-2013
118609;Reliance Liquid Fund - Cash Plan - Direct Plan Monthly Dividend Plan;;;1008.9094;1008.9094;1008.9094;07-Apr-2013
118612;Reliance Liquid Fund - Cash Plan - Direct Plan Quarterly Dividend Plan;;;1014.2225;1014.2225;1014.2225;07-Apr-2013
118611;Reliance Liquid Fund - Cash Plan - Direct Plan Weekly Dividend Reinvestment Option;;;1092.1725;1092.1725;1092.1725;07-Apr-2013
100849;Reliance Liquid Fund-Cash Plan-Daily Dividend Reinvestment Option;;;1114.1500;1114.1500;1114.1500;07-Apr-2013
100845;Reliance Liquid Fund-Cash Plan-Growth Plan;;;1894.3652;1894.3652;1894.3652;07-Apr-2013
114251;Reliance Liquid Fund-Cash Plan-Monthly Dividend Plan;;;1006.0849;1006.0849;1006.0849;07-Apr-2013
114252;Reliance Liquid Fund-Cash Plan-Quarterly Dividend Plan;;;1008.3380;1008.3380;1008.3380;07-Apr-2013
100848;Reliance Liquid Fund-Cash Plan-Weekly Dividend Reinvestment Option;;;1092.1509;1092.1509;1092.1509;07-Apr-2013

Principal Mutual Fund
100895;Principal Cash Management Fund - Daily Income Distribution CUM Capital Withdrawal;;INF173K01DB7;1000.0700;1000.0700;1000.0700;07-Apr-2013
119468;Principal Cash Management Fund - Direct Plan - Growth Option;INF173K01GU0;;1142.7971;1142.7971;1142.7971;07-Apr-2013
119467;Principal Cash Management Fund - Direct Plan - Income Distribution CUM Capital Withdrawal Option - Daily;;INF173K01GT2;1000.0700;1000.0700;1000.0700;07-Apr-2013
119469;Principal Cash Management Fund - Direct Plan - Income Distribution CUM Capital Withdrawal Option - Weekly;;INF173K01GY2;1006.8469;1006.8469;1006.8469;07-Apr-2013
100897;Principal Cash Management Fund - Monthly Income Distribution CUM Capital Withdrawal Option;INF173K01BV9;INF173K01BW7;1023.6138;1023.6138;1023.6138;07-Apr-2013
100896;Principal Cash Management Fund - Weekly Income Distribution CUM Capital Withdrawal Option;;INF173K01DC5;1006.7601;1006.7601;1006.7601;07-Apr-2013
119466;Principal Cash Management Fund -Direct Plan - Income Distribution CUM Capital Withdrawal Option - Monthly;INF173K01GV8;INF173K01GW6;1023.6687;1023.6687;1023.6687;07-Apr-2013
100898;Principal Cash Management Fund -Growth Option;INF173K01DA9;;1142.4693;1142.4693;1142.4693;07-Apr-2013

Quantum Mutual Fund
103736;Quantum Liquid Fund - Direct Plan Daily IDCW;;INF082J01135;10.0138;10.0138;10.0138;07-Apr-2013
103734;Quantum Liquid Fund - Direct Plan Growth Option;INF082J01127;;16.6315;16.6315;16.6315;07-Apr-2013
103735;Quantum Liquid Fund - Direct Plan Monthly IDCW;INF082J01143;INF082J01200;10.0467;10.0467;10.0467;07-Apr-2013

SBI Mutual Fund
119804;SBI Liquid Fund - Direct Paln - Fortnightly Income Distribution cum Capital Withdrawal Option (IDCW);INF200K01UR8;INF200K01US6;N.A.;N.A.;N.A.;07-Apr-2013
119805;SBI Liquid Fund - Direct Plan - Daily Income Distribution cum Capital Withdrawal Option (IDCW);;INF200K01UQ0;1003.2500;1003.2500;1003.2500;07-Apr-2013
119799;SBI Liquid Fund - Direct Plan - Weekly Income Distribution cum Capital Withdrawal Option (IDCW);INF200K01UU2;INF200K01UV0;1061.3027;1061.3027;1061.3027;07-Apr-2013
119800;SBI Liquid Fund - DIRECT PLAN -Growth;INF200K01UT4;;1847.4818;1847.4818;1847.4818;07-Apr-2013
105274;SBI Liquid Fund - Institutional - Growth;INF200K01LU1;;1864.5456;1864.5456;1864.5456;07-Apr-2013
105275;SBI Liquid Fund - Institutional Daily Income Distribution cum Capital Withdrawal Option (IDCW);;INF200K01LR7;1003.2500;1003.2500;1003.2500;07-Apr-2013
105279;SBI Liquid Fund - Institutional Fortnightly Income Distribution cum Capital Withdrawal Option (IDCW);INF200K01LS5;INF200K01LT3;1025.3919;1025.3919;1025.3919;07-Apr-2013
105278;SBI Liquid Fund - Institutional Weekly Income Distribution cum Capital Withdrawal Option (IDCW);INF200K01LV9;INF200K01LW7;1060.5918;1060.5918;1060.5918;07-Apr-2013
105281;SBI Liquid Fund - Regular Plan - Daily Income Distribution cum Capital Withdrawal Option (IDCW);;INF200K01LX5;1003.2500;1003.2500;1003.2500;07-Apr-2013
105283;SBI Liquid Fund - Regular Plan - Fortnightly Income Distribution cum Capital Withdrawal Option (IDCW);INF200K01LY3;INF200K01LZ0;1014.0713;1014.0713;1014.0713;07-Apr-2013
105282;SBI Liquid Fund - Regular Plan - Weekly Income Distribution cum Capital Withdrawal Option (IDCW);INF200K01MB9;INF200K01MC7;1061.3012;1061.3012;1061.3012;07-Apr-2013
105280;SBI Liquid Fund - REGULAR PLAN -Growth;INF200K01MA1;;1847.2365;1847.2365;1847.2365;07-Apr-2013

Sundaram Mutual Fund
119688;Sundaram Money Fund Direct Plan - Daily Reinvestment of Income Distribution cum Capital Withdrawal (IDCW);;INF903J01QA3;10.1025;10.1025;10.1025;07-Apr-2013
119692;Sundaram Money Fund Direct Plan - Fortnightly Reinvestment of Income Distribution cum Capital Withdrawal (IDCW);;INF903J01QB1;24.7866;24.7866;24.7866;07-Apr-2013
119686;Sundaram Money Fund Direct Plan - Growth;INF903J01QF2;;24.7804;24.7804;24.7804;07-Apr-2013
119687;Sundaram Money Fund Direct Plan - Monthly Income Distribution cum Capital Withdrawal (IDCW);INF903J01QC9;INF903J01QD7;10.4864;10.4864;10.4864;07-Apr-2013
119689;Sundaram Money Fund Direct Plan - Quarterly Reinvestment of Income Distribution cum Capital Withdrawal (IDCW);;INF903J01QE5;12.7565;12.7565;12.7565;07-Apr-2013
119691;Sundaram Money Fund Direct Plan - Weekly Reinvestment of Income Distribution cum Capital Withdrawal (IDCW);;INF903J01QG0;11.0788;11.0788;11.0788;07-Apr-2013
102701;Sundaram Money Fund Institutional Plan - Daily Reinvestment of Income Distribution cum Capital Withdrawal (IDCW);;INF903J01GP2;10.0953;10.0953;10.0953;07-Apr-2013
102702;Sundaram Money Fund Institutional Plan - Fortnightly Reinvestment of Income Distribution cum Capital Withdrawal (IDCW);;INF903J01GR8;0.0000;0.0000;0.0000;07-Apr-2013
102703;Sundaram Money Fund Institutional Plan - Growth;INF903J01GN7;;24.1626;24.1626;24.1626;07-Apr-2013
102704;Sundaram Money Fund Institutional Plan - Monthly Income Distribution cum Capital Withdrawal (IDCW);INF903J01GO5;INF903J01GS6;0.0000;0.0000;0.0000;07-Apr-2013
102705;Sundaram Money Fund Institutional Plan - Quarterly Reinvestment of Income Distribution cum Capital Withdrawal (IDCW);;INF903J01GT4;0.0000;0.0000;0.0000;07-Apr-2013
102706;Sundaram Money Fund Institutional Plan - Weekly Reinvestment of Income Distribution cum Capital Withdrawal (IDCW);;INF903J01GQ0;0.0000;0.0000;0.0000;07-Apr-2013
103392;Sundaram Money Fund Regular Plan - Daily Reinvestment of Income Distribution cum Capital Withdrawal (IDCW);;INF903J01GW8;10.0953;10.0953;10.0953;07-Apr-2013
103395;Sundaram Money Fund Regular Plan - Fortnightly Reinvestment of Income Distribution cum Capital Withdrawal (IDCW);;INF903J01GY4;0.0000;0.0000;0.0000;07-Apr-2013
103397;Sundaram Money Fund Regular Plan - Growth;INF903J01GU2;;24.7777;24.7777;24.7777;07-Apr-2013
103396;Sundaram Money Fund Regular Plan - Monthly Income Distribution cum Capital Withdrawal (IDCW);INF903J01GV0;INF903J01GZ1;10.3482;10.3482;10.3482;07-Apr-2013
103393;Sundaram Money Fund Regular Plan - Quarterly Reinvestment of Income Distribution cum Capital Withdrawal (IDCW);;INF903J01HA2;12.7557;12.7557;12.7557;07-Apr-2013
100620;Sundaram Money Fund Retail Plan - Daily Reinvestment of Income Distribution cum Capital Withdrawal (IDCW);;INF903J01GI7;10.0953;10.0953;10.0953;07-Apr-2013
100622;Sundaram Money Fund Retail Plan - Fortnightly Reinvestment of Income Distribution cum Capital Withdrawal (IDCW);;INF903J01GK3;10.5709;10.5709;10.5709;07-Apr-2013
100618;Sundaram Money Fund Retail Plan - Growth;INF903J01GG1;;23.1547;23.1547;23.1547;07-Apr-2013
100623;Sundaram Money Fund Retail Plan - Monthly Income Distribution cum Capital Withdrawal (IDCW);INF903J01GH9;INF903J01GL1;10.3609;10.3609;10.3609;07-Apr-2013
100619;Sundaram Money Fund Retail Plan - Quarterly Reinvestment of Income Distribution cum Capital Withdrawal (IDCW);;INF903J01GM9;12.9576;12.9576;12.9576;07-Apr-2013
100621;Sundaram Money Fund Retail Plan - Weekly Reinvestment of Income Distribution cum Capital Withdrawal (IDCW);;INF903J01GJ5;10.9587;10.9587;10.9587;07-Apr-2013
103394;Sundaram Money Fund Regular Plan - Weekly Reinvestment of Income Distribution cum Capital Withdrawal (IDCW);;INF903J01GX6;10.9997;10.9997;10.9997;07-Apr-2013

Tata Mutual Fund
102672;Tata Liquid Fund -Regular Plan - Growth Option;INF277K01YD8;;18.4710;18.4710;18.4710;07-Apr-2013
119862;Tata Liquid Fund- Direct Plan - Daily Reinvestment of IDCW Option;;INF277K012D2;10.0152;10.0152;10.0152;07-Apr-2013
119861;Tata Liquid Fund- Direct Plan-Growth Option;INF277K01YE6;;18.4834;18.4834;18.4834;07-Apr-2013
101714;Tata Liquid Fund- Regular Plan - Daily Reinvestment of IDCW Option;;INF277K011D4;10.0152;10.0152;10.0152;07-Apr-2013

Taurus Mutual Fund
111915;Taurus Liquid Fund - Regular Plan - SI Growth Option;INF044D01534;;1268.0083;1268.0083;1268.0083;07-Apr-2013
111703;Taurus Liquid Fund - Regular Plan -SI Daily Dividend Option;;INF044D01518;1000.0905;1000.0905;1000.0905;07-Apr-2013
111547;Taurus Liquid Fund Insti DDRIP;;INF044D01484;1000.0905;1000.0905;1000.0905;07-Apr-2013
111760;Taurus Liquid Fund Insti Growth;INF044D01500;;1291.2820;1291.2820;1291.2820;07-Apr-2013
118891;Taurus Liquid Fund-Direct Plan-SI Daily Dividend Option;;INF044D01DI0;1000.0905;1000.0905;1000.0905;07-Apr-2013
118893;Taurus Liquid Fund-Direct Plan-SI Growth Option;INF044D01DK6;;1268.1897;1268.1897;1268.1897;07-Apr-2013
118892;Taurus Liquid Fund-Direct Plan-SI Weekly Dividend Option;;INF044D01DJ8;1000.7678;1000.7678;1000.7678;07-Apr-2013
104240;Taurus Liquid Fund-Dividend;INF044D01542;INF044D01559;1001.2175;1001.2175;1001.2175;07-Apr-2013
104241;Taurus Liquid Fund-Growth;INF044D01575;;1529.5305;1529.5305;1529.5305;07-Apr-2013

Union Mutual Fund
115401;Union Liquid Fund - Daily IDCW Option;;INF582M01021;1000.6489;1000.6489;1000.6489;07-Apr-2013
119301;Union Liquid Fund - Direct Plan - Daily IDCW Option;;INF582M01682;1000.6637;1000.6637;1000.6637;07-Apr-2013
119305;Union Liquid Fund - Direct Plan - Fortnightly IDCW Option;INF582M01724;INF582M01708;1003.9468;1003.9468;1003.9468;07-Apr-2013
119303;Union Liquid Fund - Direct Plan - Growth Option;INF582M01674;;1177.6426;1177.6426;1177.6426;07-Apr-2013
119302;Union Liquid Fund - Direct Plan - Monthly IDCW Option;INF582M01732;INF582M01716;1003.9089;1003.9089;1003.9089;07-Apr-2013
119304;Union Liquid Fund - Direct Plan - Weekly IDCW Option;;INF582M01690;1001.4437;1001.4437;1001.4437;07-Apr-2013
115399;Union Liquid Fund - Fortnightly IDCW Option;INF582M01062;INF582M01047;1003.8956;1003.8956;1003.8956;07-Apr-2013
115398;Union Liquid Fund - Growth Option;INF582M01013;;1177.5784;1177.5784;1177.5784;07-Apr-2013
115400;Union Liquid Fund - Monthly IDCW Option;INF582M01070;INF582M01054;1003.8957;1003.8957;1003.8957;07-Apr-2013
115402;Union Liquid Fund - Weekly IDCW Option;;INF582M01039;1001.4362;1001.4362;1001.4362;07-Apr-2013

UTI Mutual Fund
120558;UTI Liquid Fund - Direct Plan - Daily IDCW (Reinvestment);;INF789F01XP8;1019.4457;1019.4457;1019.4457;07-Apr-2013
120794;UTI Liquid Fund - Direct Plan - Monthly IDCW;INF789F01XR4;INF789F01XS2;1026.5034;1026.5034;1026.5034;07-Apr-2013
102010;UTI Liquid Fund - Regular Plan - Daily IDCW (Reinvestment);;INF789F01PG3;1019.4457;1019.4457;1019.4457;07-Apr-2013
102011;UTI Liquid Fund - Regular Plan - Monthly IDCW;INF789F01PI9;INF789F01PJ7;1026.4901;1026.4901;1026.4901;07-Apr-2013
102013;UTI Liquid Fund - Regular Plan - Weekly IDCW;;INF789F01PK5;1054.0818;1054.0818;1054.0818;07-Apr-2013
120304;UTI-  Liquid Cash Plan - Direct Plan - Growth Option;INF789F01XQ6;;1927.6218;1927.6218;1927.6218;07-Apr-2013
102012;UTI-  Liquid Cash Plan - Regular Plan - Growth Option;INF789F01PH1;;1927.1104;1927.1104;1927.1104;07-Apr-2013
102008;UTI-  Liquid Cash Plan- Discontinued - Regular Plan - Monthly Dividend Option;INF789F01BC2;INF789F01BA6;1127.29;1127.29;0;07-Apr-2013
102009;UTI-  Liquid Cash Plan- Discontinued - Regular Plan -Growth;INF789F01BB4;;1867.7482;1867.7482;0;07-Apr-2013
102007;UTI-  Liquid Cash Plan- Discontinued -Regular Plan Periodic Dividend Option;;INF789F01AZ5;1133.0078;1133.0078;0;07-Apr-2013

Open Ended Schemes ( Debt Scheme - Ultra Short Duration Fund )


Principal Mutual Fund
119475;Principal Ultra Short Term Fund- Direct Plan - Income Distribution CUM Capital Withdrawal Option - Monthly;INF173K01HK9;INF173K01HJ1;1060.1017;1054.8012;1060.1017;07-Apr-2013
119474;Principal Ultra Short Term Fund- Direct Plan -Growth Option;INF173K01HI3;;1317.8229;1311.2338;1317.8229;07-Apr-2013
107329;Principal Ultra Short Term Fund-Daily Income Distribution CUM Capital Withdrawal Option;;INF173K01CV7;1005.4300;1000.4029;1005.4300;07-Apr-2013
107328;Principal Ultra Short Term Fund-Growth Option;INF173K01CU9;;1317.4783;1310.8909;1317.4783;07-Apr-2013
107330;Principal Ultra Short Term Fund-Monthly Income Distribution CUM Capital Withdrawal Option;INF173K01CB9;INF173K01CC7;1060.0560;1054.7557;1060.0560;07-Apr-2013
107332;Principal Ultra Short Term Fund-Weekly Income Distribution CUM Capital Withdrawal Option;;INF173K01CW5;1012.7823;1007.7184;1012.7823;07-Apr-2013

SBI Mutual Fund
119784;SBI Ultra Short Duration Fund - Direct Plan - Daily Income Distribution cum Capital Withdrawal Option (IDCW);;INF200K01TG3;1675.0300;1673.3550;1675.0300;07-Apr-2013
119828;SBI ULTRA SHORT DURATION FUND - DIRECT PLAN - GROWTH;INF200K01TF5;;2596.4440;2593.8476;2596.4440;07-Apr-2013
119829;SBI Ultra Short Duration Fund - Direct Plan - Weekly Income Distribution cum Capital Withdrawal Option (IDCW);INF200K01TH1;INF200K01TI9;1077.8326;1076.7548;1077.8326;07-Apr-2013
105080;SBI Ultra Short Duration Fund - Regular Plan - Daily Income Distribution cum Capital Withdrawal Option (IDCW);;INF200K01LK2;1675.0300;1673.3550;1675.0300;07-Apr-2013
100641;SBI ULTRA SHORT DURATION FUND - REGULAR PLAN - GROWTH;INF200K01LJ4;;2596.2197;2593.6235;2596.2197;07-Apr-2013
103884;SBI Ultra Short Duration Fund - Regular Plan - Weekly Income Distribution cum Capital Withdrawal Option (IDCW);INF200K01LM8;INF200K01LL0;1077.8317;1076.7539;1077.8317;07-Apr-2013

Open Ended Schemes ( Debt Scheme - Low Duration Fund )


Axis Mutual Fund
120515;Axis Treasury Advantage Fund - Direct Plan - Daily IDCW;;INF846K01EQ4;0.0000;0.0000;0.0000;07-Apr-2013
120513;Axis Treasury Advantage Fund - Direct Plan - Growth Option;INF846K01EN1;;0.0000;0.0000;0.0000;07-Apr-2013
120516;Axis Treasury Advantage Fund - Direct Plan - Monthly IDCW;INF846K01EO9;INF846K01EP6;0.0000;0.0000;0.0000;07-Apr-2013
120514;Axis Treasury Advantage Fund - Direct Plan - Weekly IDCW;INF846K01ER2;INF846K01ES0;0.0000;0.0000;0.0000;07-Apr-2013
112215;Axis Treasury Advantage Fund - Regular Plan - Daily IDCW;;INF846K01545;0.0000;0.0000;0.0000;07-Apr-2013
112214;Axis Treasury Advantage Fund - Regular Plan - Growth Option;INF846K01537;;0.0000;0.0000;0.0000;07-Apr-2013
112217;Axis Treasury Advantage Fund - Regular Plan - Monthly IDCW;INF846K01578;INF846K01586;0.0000;0.0000;0.0000;07-Apr-2013
112216;Axis Treasury Advantage Fund - Regular Plan - Weekly IDCW;INF846K01552;INF846K01560;0.0000;0.0000;0.0000;07-Apr-2013
112720;Axis Treasury Advantage Fund - Retail Plan - Daily IDCW;;INF846K01487;0.0000;0.0000;0.0000;07-Apr-2013
112717;Axis Treasury Advantage Fund - Retail Plan - Growth Option;INF846K01479;;0.0000;0.0000;0.0000;07-Apr-2013
112718;Axis Treasury Advantage Fund - Retail Plan - Monthly IDCW;INF846K01511;INF846K01529;0.0000;0.0000;0.0000;07-Apr-2013
112719;Axis Treasury Advantage Fund - Retail Plan - Weekly IDCW;INF846K01495;INF846K01503;0.0000;0.0000;0.0000;07-Apr-2013

Open Ended Schemes ( Debt Scheme - Money Market Fund )


Aditya Birla Sun Life Mutual Fund
101973;Aditya Birla Sun Life Money Manager Fund - Daily IDCW;;INF209K01SZ6;100.0337;100.0337;100.0337;07-Apr-2013
119513;Aditya Birla Sun Life Money Manager Fund - Direct - daily IDCW;;INF209K01UT5;100.0337;100.0337;100.0337;07-Apr-2013
119512;Aditya Birla Sun Life Money Manager Fund - Direct - weekly IDCW;INF209K01UV1;INF209KA1LM3;100.1244;100.1244;100.1244;07-Apr-2013
101976;Aditya Birla Sun Life Money Manager Fund - Growth;INF209K01RV7;;156.1660;156.1660;156.1660;07-Apr-2013
119511;Aditya Birla Sun Life Money Manager Fund - Growth - Direct Plan;INF209K01UU3;;156.1817;156.1817;156.1817;07-Apr-2013
101972;Aditya Birla Sun Life Money Manager Fund - Retail - Daily IDCW;;INF209K01JZ5;100.0337;100.0337;100.0337;07-Apr-2013
101970;Aditya Birla Sun Life Money Manager Fund - RETAIL - WEEKLY IDCW;;INF209K01JY8;103.7931;103.7931;103.7931;07-Apr-2013
101971;Aditya Birla Sun Life Money Manager Fund - Retail Growth;INF209K01MJ3;;192.9819;192.9819;192.9819;07-Apr-2013
101974;Aditya Birla Sun Life Money Manager Fund - WEEKLY IDCW;;INF209K01SY9;100.1241;100.1241;100.1241;07-Apr-2013

HDFC Mutual Fund
101994;HDFC Money Market Fund - Daily IDCW Option;;INF179KB1IG6;10.6364;10.6364;10.6364;07-Apr-2013
119093;HDFC Money Market Fund - Daily IDCW Option - Direct Plan;;INF179KB1HZ8;10.6364;10.6364;10.6364;07-Apr-2013
101993;HDFC Money Market Fund - Growth Option;INF179KB1HR5;;24.5538;24.5538;24.5538;07-Apr-2013
119092;HDFC Money Market Fund - Growth Option - Direct Plan;INF179KB1HU9;;24.559;24.559;24.559;07-Apr-2013
101995;HDFC Money Market Fund - Weekly IDCW Option;INF179KB1IH4;INF179KB1II2;10.6295;10.6295;10.6295;07-Apr-2013
119094;HDFC Money Market Fund - Weekly IDCW Option -Direct Plan;INF179KB1IA9;INF179KB1IB7;10.6295;10.6295;10.6295;07-Apr-2013

ICICI Prudential Mutual Fund
115328;ICICI Prudential Money Market Fund Dividend;INF109K01I72;;100.1063;100.1063;100.1063;07-Apr-2013
120209;ICICI Prudential Money Market Fund Option - Direct Plan -  Daily IDCW;;INF109K01R22;100.1375;100.1375;100.1375;07-Apr-2013
120211;ICICI Prudential Money Market Fund Option - Direct Plan -  Growth;INF109K01R14;;162.7145;162.7145;162.7145;07-Apr-2013
120213;ICICI Prudential Money Market Fund Option - Direct Plan -  Monthly IDCW;INF109K01R63;INF109K01R71;100.7574;100.7574;100.7574;07-Apr-2013
120212;ICICI Prudential Money Market Fund Option - Direct Plan -  Weekly IDCW;INF109K01R89;;100.5417;100.5417;100.5417;07-Apr-2013
101221;ICICI Prudential Money Market Fund Retail Growth (erstwhile Cash Option);INF109K01TW3;;185.1336;185.1336;185.1336;07-Apr-2013
103634;ICICI Prudential Money Market Fund Option - Daily IDCW;INF109K01TY9;;100.1288;100.1288;100.1288;07-Apr-2013
103633;ICICI Prudential Money Market Fund Option - Growth;INF109K01TX1;;162.6912;162.6912;162.6912;07-Apr-2013
103637;ICICI Prudential Money Market Fund Option - Monthly IDCW;INF109K01UC3;INF109K01UB5;100.7555;100.7555;100.7555;07-Apr-2013
103635;ICICI Prudential Money Market Fund Option - Weekly IDCW;INF109K01TZ6;;100.3217;100.3217;100.3217;07-Apr-2013
103636;ICICI Prudential Money Market Fund Option -Fortnightly IDCW;INF109K01UA7;;100.5606;100.5606;100.5606;07-Apr-2013

Kotak Mahindra Mutual Fund
106842;Kotak Money Market Fund - (Daily Reinvestment of Income Distribution cum capital withdrawal option);INF174K01ND0;;1011.62;1011.62;1011.62;07-Apr-2013
119745;Kotak Money Market Fund - (Daily Reinvestment of Income Distribution cum capital withdrawal option) - Direct;INF174K01MZ5;;1011.62;1011.62;1011.62;07-Apr-2013
101893;Kotak Money Market Fund - (Growth);INF174K01NA6;;1925.961;1925.961;1925.961;07-Apr-2013
119746;Kotak Money Market Fund - (Growth) - Direct;INF174K01MW2;;1926.2194;1926.2194;1926.2194;07-Apr-2013
101892;Kotak Money market Fund - (Monthly Payout of Income Distribution cum capital withdrawal option);INF174K018O0;INF174K01NB4;1008.2137;1008.2137;1008.2137;07-Apr-2013
101894;Kotak Money Market Fund - (Weekly Reinvestment of Income Distribution cum capital withdrawal option);INF174K01NC2;;1013.1882;1013.1882;1013.1882;07-Apr-2013
119748;Kotak Money Market Fund - (Weekly Reinvestment of Income Distribution cum capital withdrawal option) - Direct;INF174K01MY8;;1014.8575;1014.8575;1014.8575;07-Apr-2013

Nippon India Mutual Fund
103050;NIPPON INDIA MONEY MARKET FUND - DAILY IDCW Option;;INF204K01UY6;1000.5100;1000.5100;1000.5100;07-Apr-2013
118718;NIPPON INDIA MONEY MARKET FUND - DIRECT Plan - DAILY IDCW Option;;INF204K01ZN8;1000.5100;1000.5100;1000.5100;07-Apr-2013
118720;NIPPON INDIA MONEY MARKET FUND - DIRECT Plan - MONTHLY IDCW Option;INF204K01ZQ1;INF204K01ZR9;1006.1020;1006.1020;1006.1020;07-Apr-2013
118717;NIPPON INDIA MONEY MARKET FUND - DIRECT Plan - WEEKLY IDCW Option;;INF204K01ZO6;1000.8106;1000.8106;1000.8106;07-Apr-2013
118715;Nippon India Money Market Fund - Direct Plan Growth Plan - Bonus Option;INF204K01G11;;1041.0690;1041.0690;1041.0690;07-Apr-2013
118719;Nippon India Money Market Fund - Direct Plan Growth Plan - Growth Option;INF204K01ZP3;;1770.4641;1770.4641;1770.4641;07-Apr-2013
103052;NIPPON INDIA MONEY MARKET FUND - MONTHLY IDCW Option;INF204K01VB2;INF204K01VC0;1004.9466;1004.9466;1004.9466;07-Apr-2013
112341;NIPPON INDIA MONEY MARKET FUND - QUARTERLY IDCW Option;INF204K01VD8;INF204K01VE6;1007.7052;1007.7052;1007.7052;07-Apr-2013
103051;NIPPON INDIA MONEY MARKET FUND - WEEKLY IDCW Option;;INF204K01UZ3;1000.8064;1000.8064;1000.8064;07-Apr-2013
103049;Nippon India Money Market Fund-Growth Plan-Bonus Option;INF204K01UX8;;1040.8665;1040.8665;1040.8665;07-Apr-2013
103048;Nippon India Money Market Fund-Growth Plan-Growth Option;INF204K01VA4;;1770.0273;1770.0273;1770.0273;07-Apr-2013

Tata Mutual Fund
119423;Tata Liquid Fund- Direct Plan- Monthly Dividend;INF277K01PS4;INF277K01PT2;1004.6008;1004.6008;1004.6008;07-Apr-2013
119422;Tata Liquid Fund- Direct Plan- Weekly Dividend;INF277K013C2;;1001.9058;1001.9058;1001.9058;07-Apr-2013
119421;Tata Money Market Fund- Direct Plan - Daily Reinvestment of IDCW Option;;INF277K011C6;1114.5200;1114.5200;1114.5200;07-Apr-2013
119424;Tata Money Market Fund- Direct Plan- Growth Option;INF277K01PR6;;2170.3801;2170.3801;2170.3801;07-Apr-2013
101986;Tata Money Market Fund- Regular Plan - Daily Reinvestment of IDCW Option;;INF277K014C0;1114.5200;1114.5200;1114.5200;07-Apr-2013
101847;Tata Money Market Fund-Regular Plan - Growth Option;INF277K01LQ7;;2169.9556;2169.9556;2169.9556;07-Apr-2013

UTI Mutual Fund
120299;UTI MMF - Direct Plan - Growth Option;INF789F01XV6;;1316.5351;1316.5351;1316.5351;07-Apr-2013
112077;UTI MMF - Regular Plan - Growth Option;INF789F01PX8;;1316.187;1316.187;1316.187;07-Apr-2013
100724;UTI MMF- Discontinued - Regular Plan - Flexi Dividend Option;;INF789F01BD0;1998.6757;1998.6757;0;07-Apr-2013
100725;UTI MMF- Discontinued - Regular Plan - Periodic Dividend Option;INF789F01BE8;;1989.2488;1989.2488;0;07-Apr-2013
100723;UTI MMF-Discontinued - Regular Plan -Growth;INF789F01BF5;;3230.8459;3230.8459;0;07-Apr-2013
120772;UTI Money Market Fund - Direct Plan - Daily IDCW (Reinvestment);;INF789F01XU8;1003.3854;1003.3854;1003.3854;07-Apr-2013
120793;UTI Money Market Fund - Direct Plan - Weekly IDCW;INF789F01XW4;INF789F01XX2;1015.6618;1015.6618;1015.6618;07-Apr-2013
112076;UTI Money Market Fund - Regular Plan - Daily IDCW (Reinvestment);;INF789F01PW0;1003.3854;1003.3854;1003.3854;07-Apr-2013
112635;UTI Money Market Fund - Regular Plan - Weekly IDCW;INF789F01PY6;INF789F01PZ3;1015.6478;1015.6478;1015.6478;07-Apr-2013

Open Ended Schemes ( Debt Scheme - Medium Duration Fund )


Axis Mutual Fund
120475;Axis Strategic Bond Fund - Direct Plan - Growth Option;INF846K01DT0;;0.0000;0.0000;0.0000;07-Apr-2013
120476;Axis Strategic Bond Fund - Direct Plan - Quarterly IDCW;INF846K01DW4;INF846K01DX2;0.0000;0.0000;0.0000;07-Apr-2013
116894;Axis Strategic Bond Fund - Regular Plan - Growth Option;INF846K01BP2;;0.0000;0.0000;0.0000;07-Apr-2013
116896;Axis Strategic Bond Fund - Regular Plan - Half Yearly IDCW;INF846K01BR8;INF846K01BT4;0.0000;0.0000;0.0000;07-Apr-2013
116895;Axis Strategic Bond Fund - Regular Plan - Quarterly IDCW;INF846K01BQ0;INF846K01BS6;0.0000;0.0000;0.0000;07-Apr-2013

Open Ended Schemes ( Debt Scheme - Dynamic Bond )


Axis Mutual Fund
120451;Axis Dynamic Bond Fund - Direct Plan - Growth Option;INF846K01DI3;;0.0000;0.0000;0.0000;07-Apr-2013
120452;Axis Dynamic Bond Fund - Direct Plan - Quarterly IDCW;INF846K01DL7;INF846K01DM5;0.0000;0.0000;0.0000;07-Apr-2013
115068;Axis Dynamic Bond Fund - Regular Plan - Growth Option;INF846K01917;;0.0000;0.0000;0.0000;07-Apr-2013
115131;Axis Dynamic Bond Fund - Regular Plan - Half Yearly IDCW;INF846K01941;INF846K01958;0.0000;0.0000;0.0000;07-Apr-2013
115069;Axis Dynamic Bond Fund - Regular Plan - Quarterly IDCW;INF846K01925;INF846K01933;0.0000;0.0000;0.0000;07-Apr-2013

Open Ended Schemes ( Debt Scheme - Banking and PSU Fund )


Axis Mutual Fund
120437;Axis Banking & PSU Debt Fund - Direct Plan - Daily IDCW;;INF846K01CU0;0.0000;0.0000;0.0000;07-Apr-2013
120438;Axis Banking & PSU Debt Fund - Direct Plan - Growth Option;INF846K01CR6;;0.0000;0.0000;0.0000;07-Apr-2013
120439;Axis Banking & PSU Debt Fund - Direct Plan - Monthly IDCW;INF846K01CT2;INF846K01CS4;0.0000;0.0000;0.0000;07-Apr-2013
120436;Axis Banking & PSU Debt Fund - Direct Plan - Weekly IDCW;INF846K01CV8;INF846K01CW6;0.0000;0.0000;0.0000;07-Apr-2013
117447;Axis Banking & PSU Debt Fund - Regular Plan - Daily IDCW;;INF846K01CC8;0.0000;0.0000;0.0000;07-Apr-2013
117446;Axis Banking & PSU Debt Fund - Regular Plan - Growth option;INF846K01CB0;;0.0000;0.0000;0.0000;07-Apr-2013
117449;Axis Banking & PSU Debt Fund - Regular Plan - Monthly IDCW;INF846K01CF1;INF846K01CG9;0.0000;0.0000;0.0000;07-Apr-2013
117448;Axis Banking & PSU Debt Fund - Regular Plan - Weekly IDCW;INF846K01CD6;INF846K01CE4;0.0000;0.0000;0.0000;07-Apr-2013

Open Ended Schemes ( Debt Scheme - Gilt Fund )


Axis Mutual Fund
120447;Axis Gilt Fund - Direct Plan - Growth Option;INF846K01DD4;;0.0000;0.0000;0.0000;07-Apr-2013
120449;Axis Gilt Fund - Direct Plan - Regular IDCW;INF846K01DG7;INF846K01DH5;0.0000;0.0000;0.0000;07-Apr-2013
116471;Axis Gilt Fund - Regular Plan - Growth Option;INF846K01AX8;;0.0000;0.0000;0.0000;07-Apr-2013
116472;Axis Gilt Fund - Regular Plan - Half Yearly IDCW;INF846K01AZ3;INF846K01BB2;0.0000;0.0000;0.0000;07-Apr-2013
116470;Axis Gilt Fund - Regular Plan - Regular IDCW;INF846K01CK1;INF846K01CL9;0.0000;0.0000;0.0000;07-Apr-2013

Open Ended Schemes ( Debt Scheme - Floater Fund )


Franklin Templeton Mutual Fund
118508;Franklin India Floating Rate Fund - Direct - Growth;INF090I01LK1;;19.1377;19.1377;19.1377;07-Apr-2013
118507;Franklin India Floating Rate Fund - Direct - IDCW ;INF090I01LL9;;10.0099;10.0099;10.0099;07-Apr-2013
101048;Franklin India Floating Rate Fund - Growth Plan;INF090I01LM7;;19.1116;19.1116;19.1116;07-Apr-2013
101044;Franklin India Floating Rate Fund - IDCW ;INF090I01LN5;;10.0091;10.0091;10.0091;07-Apr-2013

Open Ended Schemes ( Hybrid Scheme - Conservative Hybrid Fund )


Axis Mutual Fund
120480;Axis Conservative Hybrid Fund - Direct Plan - Growth Option;INF846K01EA8;;0.0000;0.0000;0.0000;07-Apr-2013
120479;Axis Conservative Hybrid Fund - Direct Plan - Quarterly;INF846K01ED2;INF846K01EE0;0.0000;0.0000;0.0000;07-Apr-2013
112927;Axis Conservative Hybrid Fund - Regular Plan - Annual IDCW;INF846K01743;INF846K01750;0.0000;0.0000;0.0000;07-Apr-2013
112924;Axis Conservative Hybrid Fund - Regular Plan - Growth Option;INF846K01693;;0.0000;0.0000;0.0000;07-Apr-2013
112926;Axis Conservative Hybrid Fund - Regular Plan - Half Yearly IDCW;INF846K01727;INF846K01735;0.0000;0.0000;0.0000;07-Apr-2013
112925;Axis Conservative Hybrid Fund - Regular Plan - Quarterly IDCW;INF846K01701;INF846K01719;0.0000;0.0000;0.0000;07-Apr-2013

Open Ended Schemes ( Hybrid Scheme - Multi Asset Allocation )


Axis Mutual Fund
120524;Axis Multi Asset Allocation Fund - Direct Plan - Growth Option;INF846K01EV4;;0.0000;0.0000;0.0000;07-Apr-2013
120523;Axis Multi Asset Allocation Fund - Direct Plan - Monthly IDCW;INF846K01ET8;INF846K01EU6;0.0000;0.0000;0.0000;07-Apr-2013
113064;Axis Multi Asset Allocation Fund - Regular Plan - Growth Option;INF846K01768;;0.0000;0.0000;0.0000;07-Apr-2013
113065;Axis Multi Asset Allocation Fund - Regular Plan - Monthly IDCW;INF846K01776;INF846K01784;0.0000;0.0000;0.0000;07-Apr-2013

Open Ended Schemes ( Other Scheme - Gold ETF )


Axis Mutual Fund
113434;Axis Gold ETF;INF846K01W80;;0.0000;0.0000;0.0000;07-Apr-2013

Open Ended Schemes ( Other Scheme - FoF Domestic )


Axis Mutual Fund
120473;Axis Gold Fund - Direct Plan - Growth option;INF846K01DS2;;0.0000;0.0000;0.0000;07-Apr-2013
120472;Axis Gold Fund - Direct Plan - IDCW;INF846K01DQ6;INF846K01DR4;0.0000;0.0000;0.0000;07-Apr-2013
115897;Axis Gold Fund - Regular Plan - Growth Option;INF846K01AL3;;0.0000;0.0000;0.0000;07-Apr-2013
115898;Axis Gold Fund - Regular Plan - IDCW;INF846K01AM1;INF846K01AN9;0.0000;0.0000;0.0000;07-Apr-2013

Close Ended Schemes ( Income )


Axis Mutual Fund
116112;Axis Capital Protection Oriented Fund - Series 1 - Dividend Option;INF846K01QO3;;0.0000;0.0000;0.0000;07-Apr-2013
116111;Axis Capital protection Oriented Fund - Series 1 - Growth Option;INF846K01QN5;;0.0000;0.0000;0.0000;07-Apr-2013
116158;Axis Capital Protection Oriented Fund - Series 2 - Dividend Option;INF846K01QW6;;0.0000;0.0000;0.0000;07-Apr-2013
116159;Axis Capital Protection Oriented Fund - Series 2 - Growth Option;INF846K01QV8;;0.0000;0.0000;0.0000;07-Apr-2013
116176;Axis Capital Protection Oriented Fund - Series 3 - Dividend option;INF846K01AW0;;0.0000;0.0000;0.0000;07-Apr-2013
116177;Axis Capital Protection Oriented Fund - Series 3 - Growth Option;INF846K01AV2;;0.0000;0.0000;0.0000;07-Apr-2013
116544;Axis Capital Protection Oriented Fund - Series 4 - Dividend Option;INF846K01RG7;;0.0000;0.0000;0.0000;07-Apr-2013
116543;Axis Capital Protection Oriented Fund - Series 4 - Growth Option;INF846K01RF9;;0.0000;0.0000;0.0000;07-Apr-2013
117980;Axis Capital Protection Oriented Fund - Series 5 - Dividend option;INF846K01XO9;;0.0000;0.0000;0.0000;07-Apr-2013
117979;Axis Capital Protection Oriented Fund - Series 5 - Growth Option;INF846K01XN1;;0.0000;0.0000;0.0000;07-Apr-2013
116662;Axis Fixed Term Plan - Series 18 (15 months) - Dividend option;INF846K01BF3;;0.0000;0.0000;0.0000;07-Apr-2013
116663;Axis Fixed Term Plan - Series 18 (15 months) - Growth option;INF846K01BE6;;0.0000;0.0000;0.0000;07-Apr-2013
116664;Axis Fixed Term Plan - Series 18 (15 months) - Quarterly Dividend option;INF846K01BG1;;0.0000;0.0000;0.0000;07-Apr-2013
121461;Axis Fixed Term Plan - Series 33 (91 days) - Direct Plan - Dividend;INF846K01FI8;;0.0000;0.0000;0.0000;07-Apr-2013
121460;Axis Fixed Term Plan - Series 33 (91 days) - Direct Plan - Growth;INF846K01FH0;;0.0000;0.0000;0.0000;07-Apr-2013
121458;Axis Fixed Term Plan - Series 33 (91 days) - Regular Plan - Dividend;INF846K01FG2;;0.0000;0.0000;0.0000;07-Apr-2013
121459;Axis Fixed Term Plan - Series 33 (91 days) - Regular Plan - Growth;INF846K01FF4;;0.0000;0.0000;0.0000;07-Apr-2013
121465;Axis Fixed Term Plan - Series 34 (392 days) - Direct Plan - Growth;INF846K01FM0;;0.0000;0.0000;0.0000;07-Apr-2013
121463;Axis Fixed Term Plan - Series 34 (392 days) - Regular Plan - Dividend;INF846K01FK4;;0.0000;0.0000;0.0000;07-Apr-2013
121462;Axis Fixed Term Plan - Series 34 (392 days) - Regular Plan - Growth;INF846K01FJ6;;0.0000;0.0000;0.0000;07-Apr-2013
121464;Axis Fixed Term Plan - Series 34 (392 days) - Regular Plan - Quarterly Dividend;INF846K01FL2;;0.0000;0.0000;0.0000;07-Apr-2013
115613;Axis Hybrid Fund -  Series 1 - Growth Option;INF846K01990;;0.0000;0.0000;0.0000;07-Apr-2013
115612;Axis Hybrid Fund - Series 1 - Dividend Option;INF846K01AA6;;0.0000;0.0000;0.0000;07-Apr-2013
115706;Axis Hybrid Fund - Series 2 - Dividend Option;INF846K01AC2;;0.0000;0.0000;0.0000;07-Apr-2013
115705;Axis Hybrid Fund - Series 2 - Growth Option;INF846K01AB4;;0.0000;0.0000;0.0000;07-Apr-2013
115848;Axis Hybrid Fund - Series 3 - Dividend;INF846K01AH1;;0.0000;0.0000;0.0000;07-Apr-2013
115847;Axis Hybrid Fund - Series 3- Growth Option;INF846K01AG3;;0.0000;0.0000;0.0000;07-Apr-2013

SBI Mutual Fund
114781;SBI Capital Protection Oriented Fund - Series II -;INF200K01ED2;;11.6185;N.A.;N.A.;07-Apr-2013
115824;SBI Capital Protection Oriented Fund - Series III - Growth;INF200K01IH4;;11.3068;N.A.;N.A.;07-Apr-2013
117054;SBI DEBT FUND SERIES - 13 MONTHS - 13 - DIVIDEND;INF200K01KY5;;11.0976;N.A.;N.A.;07-Apr-2013
117055;SBI DEBT FUND SERIES - 13 MONTHS - 13 - GROWTH;INF200K01KX7;;11.0976;N.A.;N.A.;07-Apr-2013
121468;SBI DEBT FUND SERIES - 13 MONTHS - 14 - DIRECT PLAN - DIVIDEND;INF200K01WZ7;;N.A.;N.A.;N.A.;07-Apr-2013
121469;SBI DEBT FUND SERIES - 13 MONTHS - 14 - DIRECT PLAN - GROWTH;INF200K01WY0;;10.1113;N.A.;N.A.;07-Apr-2013
121470;SBI DEBT FUND SERIES - 13 MONTHS - 14 - REGULAR PLAN - DIVIDEND;INF200K01WX2;;10.1103;N.A.;N.A.;07-Apr-2013
121471;SBI DEBT FUND SERIES - 13 MONTHS - 14 - REGULAR PLAN - GROWTH;INF200K01WW4;;10.1103;N.A.;N.A.;07-Apr-2013
121695;SBI DEBT FUND SERIES - 13 MONTHS - 15 - DIRECT PLAN - DIVIDEND;INF200K01XD2;;10.0999;N.A.;N.A.;07-Apr-2013
121696;SBI DEBT FUND SERIES - 13 MONTHS - 15 - REGULAR PLAN - DIVIDEND;INF200K01XB6;;10.0996;N.A.;N.A.;07-Apr-2013
121697;SBI DEBT FUND SERIES - 13 MONTHS - 15 - REGULAR PLAN - GROWTH;INF200K01XA8;;10.1001;N.A.;N.A.;07-Apr-2013
121698;SBI DEBT FUND SERIES - 13 MONTHS - 15- DIRECT PLAN - GROWTH;INF200K01XC4;;10.0999;N.A.;N.A.;07-Apr-2013
121305;SBI DEBT FUND SERIES - 14 MONTHS - 1 - DIRECT PLAN - DIVIDEND;INF200K01XH3;;10.1495;N.A.;N.A.;07-Apr-2013
121306;SBI DEBT FUND SERIES - 14 MONTHS - 1 - DIRECT PLAN - GROWTH;INF200K01XG5;;10.1494;N.A.;N.A.;07-Apr-2013
121303;SBI DEBT FUND SERIES - 14 MONTHS - 1 - REGULAR PLAN - DIVIDEND;INF200K01XF7;;10.1483;N.A.;N.A.;07-Apr-2013
121304;SBI DEBT FUND SERIES - 14 MONTHS - 1 - REGULAR PLAN - GROWTH;INF200K01XE0;;10.1483;N.A.;N.A.;07-Apr-2013
122015;SBI DEBT FUND SERIES - 14 MONTHS - 2 - DIRECT PLAN - DIVIDEND;INF200K01XL5;;10.0324;N.A.;N.A.;07-Apr-2013
122017;SBI DEBT FUND SERIES - 14 MONTHS - 2 - DIRECT PLAN - GROWTH;INF200K01XK7;;10.0324;N.A.;N.A.;07-Apr-2013
122016;SBI DEBT FUND SERIES - 14 MONTHS - 2 - REGULAR PLAN - DIVIDEND;INF200K01XJ9;;10.0322;N.A.;N.A.;07-Apr-2013
122018;SBI DEBT FUND SERIES - 14 MONTHS - 2 - REGULAR PLAN - GROWTH;INF200K01XI1;;10.0322;N.A.;N.A.;07-Apr-2013
117110;SBI DEBT FUND SERIES - 15 MONTHS - 10 - DIVIDEND;INF200K01LG0;;10.9560;N.A.;N.A.;07-Apr-2013
117111;SBI DEBT FUND SERIES - 15 MONTHS - 10 - GROWTH;INF200K01LF2;;10.9560;N.A.;N.A.;07-Apr-2013
116505;SBI DEBT FUND SERIES - 15 MONTHS - 7 - DIVIDEND;INF200K01LA3;;11.1698;N.A.;N.A.;07-Apr-2013
116506;SBI DEBT FUND SERIES - 15 MONTHS - 7 - GROWTH;INF200K01KZ2;;11.1696;N.A.;N.A.;07-Apr-2013
116546;SBI DEBT FUND SERIES - 15 MONTHS - 8 - DIVIDEND;INF200K01LC9;;11.1039;N.A.;N.A.;07-Apr-2013
116545;SBI DEBT FUND SERIES - 15 MONTHS - 8 - GROWTH;INF200K01LB1;;11.1039;N.A.;N.A.;07-Apr-2013
116750;SBI DEBT FUND SERIES - 15 MONTHS - 9 - DIVIDEND;INF200K01LE5;;11.0229;N.A.;N.A.;07-Apr-2013
116751;SBI DEBT FUND SERIES - 15 MONTHS - 9 - GROWTH;INF200K01LD7;;11.0229;N.A.;N.A.;07-Apr-2013
116408;SBI DEBT FUND SERIES - 18 MONTHS - 10 - DIVIDEND;INF200K01LI6;;11.1852;N.A.;N.A.;07-Apr-2013
116407;SBI DEBT FUND SERIES - 18 MONTHS - 10 - GROWTH;INF200K01LH8;;11.1852;N.A.;N.A.;07-Apr-2013
117983;SBI DEBT FUND SERIES - 18 MONTHS - 11 - DIVIDEND;INF200K01PW8;;10.3978;N.A.;N.A.;07-Apr-2013
117984;SBI DEBT FUND SERIES - 18 MONTHS - 11 - GROWTH;INF200K01PV0;;10.3978;N.A.;N.A.;07-Apr-2013
115899;SBI DEBT FUND SERIES - 18 Months - 7 - DIVIDEND;INF200K01GX5;;11.3911;N.A.;N.A.;07-Apr-2013
115900;SBI DEBT FUND SERIES - 18 Months - 7 - GROWTH;INF200K01GW7;;11.3911;N.A.;N.A.;07-Apr-2013
116016;SBI DEBT FUND SERIES - 18 Months - 8 - DIVIDEND;INF200K01GY3;;11.4208;N.A.;N.A.;07-Apr-2013
116017;SBI DEBT FUND SERIES - 18 Months - 8 - GROWTH;INF200K01GZ0;;11.4249;N.A.;N.A.;07-Apr-2013
116400;SBI DEBT FUND SERIES - 18 MONTHS - 9 - DIVIDEND;INF200K01JI0;;11.2340;N.A.;N.A.;07-Apr-2013
116399;SBI DEBT FUND SERIES - 18 MONTHS - 9 - GROWTH;INF200K01JH2;;11.2340;N.A.;N.A.;07-Apr-2013
115263;SBI SDFS - 36 MONTHS - 1 - DIVIDEND;INF200K01EC4;;10.5789;N.A.;N.A.;07-Apr-2013
115262;SBI SDFS - 36 MONTHS - 1 - GROWTH;INF200K01EB6;;11.9631;N.A.;N.A.;07-Apr-2013
120908;SBI DEBT FUND SERIES - 36 MONTHS - 2 - DIRECT PLAN - DIVIDEND;INF200K01QM7;;10.2065;N.A.;N.A.;07-Apr-2013
120911;SBI DEBT FUND SERIES - 36 MONTHS - 2 - DIRECT PLAN - GROWTH;INF200K01QL9;;10.2065;N.A.;N.A.;07-Apr-2013
120909;SBI DEBT FUND SERIES - 36 MONTHS - 2 - REGULAR PLAN - DIVIDEND;INF200K01QH7;;10.1945;N.A.;N.A.;07-Apr-2013
120910;SBI DEBT FUND SERIES - 36 MONTHS - 2 - REGULAR PLAN - GROWTH;INF200K01QG9;;10.1945;N.A.;N.A.;07-Apr-2013
117252;SBI DEBT FUND SERIES - 366 DAYS - 1 - DIVIDEND;INF200K01NA9;;10.9217;N.A.;N.A.;07-Apr-2013
117253;SBI DEBT FUND SERIES - 366 DAYS - 1 - GROWTH;INF200K01MZ8;;10.9217;N.A.;N.A.;07-Apr-2013
117739;SBI DEBT FUND SERIES - 366 DAYS - 10 - DIVIDEND;INF200K01NY9;;10.6360;N.A.;N.A.;07-Apr-2013
117740;SBI DEBT FUND SERIES - 366 DAYS - 10 - GROWTH;INF200K01NX1;;10.6360;N.A.;N.A.;07-Apr-2013
117780;SBI DEBT FUND SERIES - 366 DAYS - 11 - DIVIDEND;INF200K01OY7;;10.5913;N.A.;N.A.;07-Apr-2013
117781;SBI DEBT FUND SERIES - 366 DAYS - 11 - GROWTH;INF200K01OX9;;10.5913;N.A.;N.A.;07-Apr-2013
117822;SBI DEBT FUND SERIES - 366 DAYS - 12 - DIVIDEND;INF200K01PA4;;10.5597;N.A.;N.A.;07-Apr-2013
117821;SBI DEBT FUND SERIES - 366 DAYS - 12 - GROWTH;INF200K01OZ4;;10.5597;N.A.;N.A.;07-Apr-2013
117833;SBI DEBT FUND SERIES - 366 DAYS - 13 - DIVIDEND;INF200K01PC0;;10.5070;N.A.;N.A.;07-Apr-2013
117832;SBI DEBT FUND SERIES - 366 DAYS - 13 - GROWTH;INF200K01PB2;;10.5070;N.A.;N.A.;07-Apr-2013
117857;SBI DEBT FUND SERIES - 366 DAYS - 14 - DIVIDEND;INF200K01PE6;;10.5115;N.A.;N.A.;07-Apr-2013
117858;SBI DEBT FUND SERIES - 366 DAYS - 14 - GROWTH;INF200K01PD8;;10.5115;N.A.;N.A.;07-Apr-2013
117917;SBI DEBT FUND SERIES - 366 DAYS - 15 - DIVIDEND;INF200K01PG1;;10.4625;N.A.;N.A.;07-Apr-2013
117918;SBI DEBT FUND SERIES - 366 DAYS - 15 - GROWTH;INF200K01PF3;;10.4625;N.A.;N.A.;07-Apr-2013
117987;SBI DEBT FUND SERIES - 366 DAYS - 16 - DIVIDEND;INF200K01PI7;;10.3577;N.A.;N.A.;07-Apr-2013
117986;SBI DEBT FUND SERIES - 366 DAYS - 16 - GROWTH;INF200K01PH9;;10.3577;N.A.;N.A.;07-Apr-2013
117997;SBI DEBT FUND SERIES - 366 DAYS - 17 - DIVIDEND;INF200K01PK3;;10.3345;N.A.;N.A.;07-Apr-2013
117996;SBI DEBT FUND SERIES - 366 DAYS - 17 - GROWTH;INF200K01PJ5;;10.3345;N.A.;N.A.;07-Apr-2013
118011;SBI DEBT FUND SERIES - 366 DAYS - 18 - DIVIDEND;INF200K01PM9;;10.3109;N.A.;N.A.;07-Apr-2013
118012;SBI DEBT FUND SERIES - 366 DAYS - 18 - GROWTH;INF200K01PL1;;10.3109;N.A.;N.A.;07-Apr-2013
118218;SBI DEBT FUND SERIES - 366 DAYS - 19 - DIVIDEND;INF200K01PO5;;10.2770;N.A.;N.A.;07-Apr-2013
118219;SBI DEBT FUND SERIES - 366 DAYS - 19 - GROWTH;INF200K01PN7;;10.2770;N.A.;N.A.;07-Apr-2013
117294;SBI DEBT FUND SERIES - 366 DAYS - 2 - DIVIDEND;INF200K01NC5;;10.8851;N.A.;N.A.;07-Apr-2013
117295;SBI DEBT FUND SERIES - 366 DAYS - 2 - GROWTH;INF200K01NB7;;10.8851;N.A.;N.A.;07-Apr-2013
118352;SBI DEBT FUND SERIES - 366 DAYS - 20 - DIVIDEND;INF200K01PQ0;;10.2261;N.A.;N.A.;07-Apr-2013
118351;SBI DEBT FUND SERIES - 366 DAYS - 20 - GROWTH;INF200K01PP2;;10.2254;N.A.;N.A.;07-Apr-2013
118333;SBI DEBT FUND SERIES - 366 DAYS - 21 - DIVIDEND;INF200K01PS6;;10.2351;N.A.;N.A.;07-Apr-2013
118334;SBI DEBT FUND SERIES - 366 DAYS - 21 - GROWTH;INF200K01PR8;;10.2406;N.A.;N.A.;07-Apr-2013
121395;SBI DEBT FUND SERIES - 366 DAYS - 22 - DIRECT PLAN - DIVIDEND;INF200K01YP4;;N.A.;N.A.;N.A.;07-Apr-2013
121396;SBI DEBT FUND SERIES - 366 DAYS - 22 - DIRECT PLAN - GROWTH;INF200K01YO7;;10.1671;N.A.;N.A.;07-Apr-2013
121397;SBI DEBT FUND SERIES - 366 DAYS - 22 - REGULAR PLAN - DIVIDEND;INF200K01PU2;;10.1660;N.A.;N.A.;07-Apr-2013
121398;SBI DEBT FUND SERIES - 366 DAYS - 22 - REGULAR PLAN - GROWTH;INF200K01PT4;;10.1659;N.A.;N.A.;07-Apr-2013
121923;SBI DEBT FUND SERIES - 366 DAYS - 23 - DIRECT PLAN - DIVIDEND;INF200K01VX4;;10.0762;N.A.;N.A.;07-Apr-2013
121924;SBI DEBT FUND SERIES - 366 DAYS - 23 - DIRECT PLAN - GROWTH;INF200K01VW6;;10.0762;N.A.;N.A.;07-Apr-2013
121926;SBI DEBT FUND SERIES - 366 DAYS - 23 - REGULAR PLAN - DIVIDEND;INF200K01VV8;;10.0760;N.A.;N.A.;07-Apr-2013
121925;SBI DEBT FUND SERIES - 366 DAYS - 23 - REGULAR PLAN - GROWTH;INF200K01VU0;;10.0760;N.A.;N.A.;07-Apr-2013
122011;SBI DEBT FUND SERIES - 366 DAYS - 24 - DIRECT PLAN - DIVIDEND;INF200K01WB8;;10.0593;N.A.;N.A.;07-Apr-2013
122012;SBI DEBT FUND SERIES - 366 DAYS - 24 - DIRECT PLAN - GROWTH;INF200K01WA0;;10.0561;N.A.;N.A.;07-Apr-2013
122013;SBI DEBT FUND SERIES - 366 DAYS - 24 - REGULAR PLAN - DIVIDEND;INF200K01VZ9;;10.0591;N.A.;N.A.;07-Apr-2013
122014;SBI DEBT FUND SERIES - 366 DAYS - 24 - REGULAR PLAN - GROWTH;INF200K01VY2;;10.0591;N.A.;N.A.;07-Apr-2013
117335;SBI DEBT FUND SERIES - 366 DAYS - 3 - DIVIDEND;INF200K01NE1;;10.8876;N.A.;N.A.;07-Apr-2013
117336;SBI DEBT FUND SERIES - 366 DAYS - 3 - GROWTH;INF200K01ND3;;10.8876;N.A.;N.A.;07-Apr-2013
117408;SBI DEBT FUND SERIES - 366 DAYS - 4 - DIVIDEND;INF200K01NG6;;10.8324;N.A.;N.A.;07-Apr-2013
117407;SBI DEBT FUND SERIES - 366 DAYS - 4 - GROWTH;INF200K01NF8;;10.8324;N.A.;N.A.;07-Apr-2013
117475;SBI DEBT FUND SERIES - 366 DAYS - 5 - DIVIDEND;INF200K01NI2;;10.8450;N.A.;N.A.;07-Apr-2013
117476;SBI DEBT FUND SERIES - 366 DAYS - 5 - GROWTH;INF200K01NH4;;10.8449;N.A.;N.A.;07-Apr-2013
117557;SBI DEBT FUND SERIES - 366 DAYS - 6 - DIVIDEND;INF200K01NQ5;;10.7528;N.A.;N.A.;07-Apr-2013
117558;SBI DEBT FUND SERIES - 366 DAYS - 6 - GROWTH;INF200K01NP7;;10.7528;N.A.;N.A.;07-Apr-2013
117625;SBI DEBT FUND SERIES - 366 DAYS - 7 - DIVIDEND;INF200K01NS1;;10.7727;N.A.;N.A.;07-Apr-2013
117626;SBI DEBT FUND SERIES - 366 DAYS - 7 - GROWTH;INF200K01NR3;;10.7727;N.A.;N.A.;07-Apr-2013
117695;SBI DEBT FUND SERIES - 366 DAYS - 8 - DIVIDEND;INF200K01NU7;;10.6813;N.A.;N.A.;07-Apr-2013
117696;SBI DEBT FUND SERIES - 366 DAYS - 8 - GROWTH;INF200K01NT9;;10.6813;N.A.;N.A.;07-Apr-2013
117707;SBI DEBT FUND SERIES - 366 DAYS - 9 - DIVIDEND;INF200K01NW3;;10.6392;N.A.;N.A.;07-Apr-2013
117708;SBI DEBT FUND SERIES - 366 DAYS - 9 - GROWTH;INF200K01NV5;;10.6392;N.A.;N.A.;07-Apr-2013
113321;SBI Debt Fund Series - 60 Months - 1 - Dividend;INF200K01CQ8;;12.0854;N.A.;N.A.;07-Apr-2013
113401;SBI Debt Fund Series - 60 Months - 1 - Growth;INF200K01CP0;;12.0853;N.A.;N.A.;07-Apr-2013
118220;SBI DEBT FUND SERIES - 60 MONTHS - 2 - DIVIDEND;INF200K01QD6;;10.2935;N.A.;N.A.;07-Apr-2013
118221;SBI DEBT FUND SERIES - 60 MONTHS - 2 - GROWTH;INF200K01QC8;;10.2935;N.A.;N.A.;07-Apr-2013
120901;SBI DEBT FUND SERIES - 60 MONTHS - 3 - DIRECT PLAN - DIVIDEND;INF200K01QQ8;;10.1966;N.A.;N.A.;07-Apr-2013
120900;SBI DEBT FUND SERIES - 60 MONTHS - 3 - DIRECT PLAN - GROWTH;INF200K01QP0;;10.1966;N.A.;N.A.;07-Apr-2013
120899;SBI DEBT FUND SERIES - 60 MONTHS - 3 - REGULAR PLAN - DIVIDEND;INF200K01QF1;;10.1858;N.A.;N.A.;07-Apr-2013
120898;SBI DEBT FUND SERIES - 60 MONTHS - 3 - REGULAR PLAN - GROWTH;INF200K01QE4;;10.1859;N.A.;N.A.;07-Apr-2013
