Scheme Code;Scheme Name;ISIN Div Payout/ISIN Growth;ISIN Div Reinvestment;Net Asset Value;Repurchase Price;Sale Price;Date

Open Ended Schemes ( Liquid )


JM Financial Mutual Fund
122314;JM Floater Short Term Fund (Direct) - Bonus Option - Principal Units;INF192K01EV3;;21.8112;21.8112;21.8112;03-May-2015
120414;JM Floater Short Term Fund (Direct) - Daily Dividend Option;;INF192K01CF0;10.0884;10.0884;10.0884;03-May-2015
120415;JM Floater Short Term Fund (Direct) - Growth Option;INF192K01CG8;;21.7761;21.7761;21.7761;03-May-2015
133413;JM Floater Short Term Fund (Direct) - Monthly Dividend Option;INF192K01IT8;INF192K01IU6;10.2544;10.2544;10.2544;03-May-2015
133391;JM Floater Short Term Fund - (Direct) - Half Yearly Bonus Option - Principal Units;INF192K01IX0;;21.8255;21.8255;21.8255;03-May-2015
122322;JM Floater Short Term Fund - Bonus Option - Principal Units;INF192K01ET7;;21.7442;21.7442;21.7442;03-May-2015
101420;JM Floater Short Term Fund - Daily Dividend Option;;INF192K01767;10.0883;10.0883;10.0883;03-May-2015
101421;JM Floater Short Term Fund - Growth Option;INF192K01775;;21.7071;21.7071;21.7071;03-May-2015
133393;JM Floater Short Term Fund - Half Yearly Bonus Option - Principal Units;INF192K01IV4;;21.7442;21.7442;21.7442;03-May-2015
133392;JM Floater Short Term Fund - Monthly Dividend Option;INF192K01IR2;INF192K01IS0;10.4018;10.4018;10.4018;03-May-2015

PGIM India Mutual Fund
120102;DHFL Pramerica Liquid Fund - Direct Plan-Daily Dividend Option;;INF663L01633;1000.5500;1000.5500;1000.5500;03-May-2015
120104;DHFL Pramerica Liquid Fund - Direct Plan-Growth Option;INF663L01625;;1505.4993;1505.4993;1505.4993;03-May-2015
120105;DHFL Pramerica Liquid Fund - Direct Plan-Monthly Dividend Option;INF663L01682;INF663L01666;1001.6846;1001.6846;1001.6846;03-May-2015
120106;DHFL Pramerica Liquid Fund - Direct Plan-Weekly Dividend - Option;;INF663L01641;1001.3451;1001.3451;1001.3451;03-May-2015
113184;DHFL Pramerica Liquid Fund - Dividend Option - Daily;;INF663L01088;1000.8000;1000.8000;1000.8000;03-May-2015
113186;DHFL Pramerica Liquid Fund - Dividend Option - Monthly;INF663L01138;INF663L01112;1001.7095;1001.7095;1001.7095;03-May-2015
113183;DHFL Pramerica Liquid Fund - Growth Option;INF663L01070;;1502.7200;1502.7200;1502.7200;03-May-2015
113185;DHFL Pramerica Liquid Fund -Dividend Option- Weekly;;INF663L01096;1001.2853;1001.2853;1001.2853;03-May-2015
122257;DHFL Pramerica Liquid Fund-Bonus Option;INF663L01BD5;;1502.2630;1502.2630;1502.2630;03-May-2015

Sahara Mutual Fund
101397;Sahara Liquid Fund-Fixed Pricing -  Weekly Dividend Option;;INF515L01064;1027.4373;1027.4373;1027.4373;03-May-2015
101393;Sahara Liquid Fund-Fixed Pricing - Daily Dividend Option;;INF515L01049;1038.5715;1038.5715;1038.5715;03-May-2015
120265;Sahara Liquid Fund-Fixed Pricing - Direct - Weekly Dividend Option;;INF515L01668;1027.4373;1027.4373;1027.4373;03-May-2015
120262;Sahara Liquid Fund-Fixed Pricing - Direct -Growth option;INF515L01650;;2501.9653;2501.9653;2501.9653;03-May-2015
101394;Sahara Liquid Fund-Fixed Pricing - Growth option;INF515L01056;;2500.9372;2500.9372;2500.9372;03-May-2015
101398;Sahara Liquid Fund-Fixed Pricing - Monthly Dividend Option;;INF515L01072;1043.3721;1043.3721;1043.3721;03-May-2015
120253;Sahara Liquid Fund-Fixed Pricing -Direct - Daily Dividend Option- Direct;;INF515L01643;1038.5715;1038.5715;1038.5715;03-May-2015
120266;Sahara Liquid Fund-Fixed Pricing -Direct - Monthly Dividend Option;;INF515L01676;1043.3721;1043.3721;1043.3721;03-May-2015
101399;Sahara Liquid Fund-Variable Pricing - Daily Dividend option;;INF515L01080;1038.6443;1038.6443;1038.6443;03-May-2015
101402;Sahara Liquid Fund-Variable Pricing - Growth option;INF515L01114;;2532.9658;2532.9658;2532.9658;03-May-2015
101400;Sahara Liquid Fund-Variable Pricing - Weekly Dividend Option;;INF515L01098;1045.0844;1045.0844;1045.0844;03-May-2015
120271;Sahara Liquid Fund-Variable Pricing -Direct - Daily Dividend option;;INF515L01684;1038.8267;1038.8267;1038.8267;03-May-2015
120280;Sahara Liquid Fund-Variable Pricing -Direct - Growth option;INF515L01718;;2534.7874;2534.7874;2534.7874;03-May-2015
120272;Sahara Liquid Fund-Variable Pricing -Direct - Weekly Dividend Option;;INF515L01692;1045.0844;1045.0844;1045.0844;03-May-2015
120273;Sahara Liquid Fund-Variable Pricing- Direct - Monthly Dividend Option;;INF515L01700;1055.8972;1055.8972;1055.8972;03-May-2015
101401;Sahara Liquid Fund-Variable Pricing- Monthly Dividend Option;;INF515L01106;1048.4686;1048.4686;1048.4686;03-May-2015

Tata Mutual Fund
101987;Tata Liquid Fund Reglar Plan - Monthly Dividend;INF277K01LR5;INF277K01LS3;1001.1059;1001.1059;1001.1059;03-May-2015
101861;Tata Liquid Fund-Regular Plan  - Weekly Dividend;INF277K016C5;;1001.7862;1001.7862;1001.7862;03-May-2015
101984;Tata Liquid High Investment Plan - Daily;;;1114.3379;1114.3379;1114.3379;03-May-2015
101860;Tata Liquid High Investment Plan - Growth;INF277K01LN4;;2294.3165;2294.3165;2294.3165;03-May-2015
101985;Tata Liquid High Investment Plan - Monthly;INF277K01LO2;INF277K01LP9;1020.6373;1020.6373;1020.6373;03-May-2015
101859;Tata Liquid High Investment Plan - Weekly;;;1147.7202;1147.7202;1147.7202;03-May-2015
101982;Tata Liquid Retail Investment PLan - Daily;;;1116.8143;1116.8143;1116.8143;03-May-2015
101983;Tata Liquid Retail Investment Plan - Fortnightly;;;1146.1291;1146.1291;1146.1291;03-May-2015
101858;Tata Liquid Retail Investment Plan - Growth;INF277K01LM6;;3132.2283;3132.2283;3132.2283;03-May-2015
103631;Tata Liquidity Management Fund - Regular Plan - Daily Dividend;;;1002.6089;1002.6089;1002.6089;03-May-2015
103632;Tata Liquidity Management Fund - Regular Plan - Growth;INF277K01LW5;;1882.0225;1882.0225;1882.0225;03-May-2015
103519;Tata Liquidity Management Fund - Regular Plan  -Weekly Dividend;;;1006.5470;1006.5470;1006.5470;03-May-2015
119443;Tata Liquidity Management Fund- Direct Plan-Daily Dividend;;;1002.6089;1002.6089;1002.6089;03-May-2015
119444;Tata Liquidity Management Fund- Direct Plan-Growth;INF277K01PU0;;1884.4498;1884.4498;1884.4498;03-May-2015

Open Ended Schemes ( Money Market )


Tata Mutual Fund
102152;Tata Money Market Fund Regular (Bonus / Dividend);;;1015.9433;1015.9433;1015.9433;03-May-2015
102153;Tata Money Market Fund Regular (Growth);INF277K01LY1;;2197.6277;2197.6277;2197.6277;03-May-2015

Open Ended Schemes ( Debt Scheme - Overnight Fund )


SBI Mutual Fund
119831;SBI Overnight Fund - Direct Plan - Daily Income Distribution cum Capital Withdrawal Option (IDCW);;INF200K01TJ7;1009.9100;1007.3852;1009.9100;03-May-2015
119833;SBI OVERNIGHT FUND - DIRECT PLAN - GROWTH;INF200K01TK5;;2412.0116;2405.9816;2412.0116;03-May-2015
119832;SBI Overnight Fund - Direct Plan - Weekly Income Distribution cum Capital Withdrawal Option (IDCW);INF200K01TL3;INF200K01TM1;1031.4069;1028.8284;1031.4069;03-May-2015
114297;SBI Overnight Fund - Regular Plan - Daily Income Distribution cum Capital Withdrawal Option (IDCW);;INF200K01LN6;1009.9100;1007.3852;1009.9100;03-May-2015
101206;SBI OVERNIGHT FUND - REGULAR PLAN - GROWTH;INF200K01LQ9;;2402.7517;2396.7448;2402.7517;03-May-2015
103140;SBI Overnight Fund - Regular Plan - Weekly Income Distribution cum Capital Withdrawal Option (IDCW);INF200K01LO4;INF200K01LP1;1031.4025;1028.8240;1031.4025;03-May-2015

Open Ended Schemes ( Debt Scheme - Liquid Fund )


Axis Mutual Fund
128954;Axis Liquid Fund - Direct plan - Bonus Option;INF846K01NH4;;1563.0954;1563.0954;1563.0954;03-May-2015
120388;Axis Liquid Fund - Direct Plan - Daily IDCW;;INF846K01DA0;1000.3232;1000.3232;1000.3232;03-May-2015
120389;Axis Liquid Fund - Direct Plan - Growth Option;INF846K01CX4;;1563.1517;1563.1517;1563.1517;03-May-2015
120391;Axis Liquid Fund - Direct Plan - Monthly IDCW;INF846K01CY2;INF846K01CZ9;1001.4903;1001.4903;1001.4903;03-May-2015
120390;Axis Liquid Fund - Direct Plan - Weekly IDCW;INF846K01DB8;INF846K01DC6;1003.4720;1003.4720;1003.4720;03-May-2015
112211;Axis Liquid Fund - Regular Plan - Daily IDCW;;INF846K01420;1000.3608;1000.3608;1000.3608;03-May-2015
112210;Axis Liquid Fund - Regular Plan - Growth Option;INF846K01412;;1560.7849;1560.7849;1560.7849;03-May-2015
112213;Axis Liquid Fund - Regular Plan - Monthly IDCW;INF846K01453;INF846K01461;1001.6008;1001.6008;1001.6008;03-May-2015
112212;Axis Liquid Fund - Regular Plan - Weekly IDCW;INF846K01438;INF846K01446;1003.4621;1003.4621;1003.4621;03-May-2015
112712;Axis Liquid Fund - Retail Plan - Daily IDCW;;INF846K01362;1000.3232;1000.3232;1000.3232;03-May-2015
112713;Axis Liquid Fund - Retail Plan - Growth Option;INF846K01354;;1505.3248;1505.3248;1505.3248;03-May-2015
112714;Axis Liquid Fund - Retail Plan - Monthly IDCW;INF846K01396;INF846K01404;1001.3953;1001.3953;1001.3953;03-May-2015
112715;Axis Liquid Fund - Retail Plan - Weekly IDCW;INF846K01370;INF846K01388;1001.5565;1001.5565;1001.5565;03-May-2015

Bank of India Mutual Fund
119368;BANK OF INDIA Liquid Fund- Direct Plan- Daily IDCW;;INF761K01CL0;1002.6483;1002.6483;1002.6483;03-May-2015
119369;BANK OF INDIA Liquid Fund- Direct Plan- Growth;INF761K01785;;1624.3222;1624.3222;1624.3222;03-May-2015
119370;BANK OF INDIA Liquid Fund- Direct Plan- Weekly IDCW;;INF761K01CM8;1056.6333;1056.6333;1056.6333;03-May-2015
111971;BANK OF INDIA Liquid Fund- Regular Plan- Daily IDCW;;INF761K01CO4;1001.3912;1001.3912;1001.3912;03-May-2015
109254;BANK OF INDIA Liquid Fund- Regular Plan- Growth;INF761K01306;;1620.5959;1620.5959;1620.5959;03-May-2015
109255;BANK OF INDIA Liquid Fund- Regular Plan- Weekly IDCW;;INF761K01CP1;1002.6500;1002.6500;1002.6500;03-May-2015

Canara Robeco Mutual Fund
118307;CANARA ROBECO LIQUID FUND - DIRECT PLAN - DAILY IDCW (Reinvestment);;INF760K01FS0;1005.5000;1005.5000;1005.5000;03-May-2015
118305;CANARA ROBECO LIQUID FUND - DIRECT PLAN - GROWTH OPTION;INF760K01FU6;;1713.7129;1713.7129;1713.7129;03-May-2015
118304;CANARA ROBECO LIQUID FUND - DIRECT PLAN - IDCW (Payout/Reinvestment);INF760K01FT8;;1226.9076;1226.9076;1226.9076;03-May-2015
118306;CANARA ROBECO LIQUID FUND - DIRECT PLAN - MONTHLY IDCW (Payout/Reinvestment);INF760K01FV4;INF760K01FW2;1000.9019;1000.9019;1000.9019;03-May-2015
118308;CANARA ROBECO LIQUID FUND - DIRECT PLAN - WEEKLY IDCW (Payout/Reinvestment);INF760K01FY8;INF760K01FX0;1000.8916;1000.8916;1000.8916;03-May-2015
109349;CANARA ROBECO LIQUID FUND - REGULAR PLAN - DAILY IDCW (Reinvestment);;INF760K01CU3;1005.5000;1005.5000;1005.5000;03-May-2015
109353;CANARA ROBECO LIQUID FUND - REGULAR PLAN - GROWTH OPTION;INF760K01CW9;;1711.5938;1711.5938;1711.5938;03-May-2015
109351;CANARA ROBECO LIQUID FUND - REGULAR PLAN - MONTHLY IDCW (Payout/Reinvestment);INF760K01CX7;INF760K01CY5;1000.8860;1000.8860;1000.8860;03-May-2015
109350;CANARA ROBECO LIQUID FUND - REGULAR PLAN - WEEKLY IDCW (Payout/Reinvestment);INF760K01BZ4;INF760K01CZ2;1000.8861;1000.8861;1000.8861;03-May-2015
101363;Canara Robeco Liquid Fund- INSTITUTIONAL-Daily Dividend Reinvestment;;INF760K01CC1;1005.5000;1005.5000;1005.5000;03-May-2015
101362;Canara Robeco Liquid Fund- INSTITUTIONAL-Growth;INF760K01CD9;;2511.4484;2511.4484;2511.4484;03-May-2015
101364;Canara Robeco Liquid Fund-Retail-DRI;;INF760K01CF4;1007.0000;1007.0000;1007.0000;03-May-2015
101365;Canara Robeco Liquid Fund-Retail-Growth;INF760K01CH0;;2447.1516;2447.1516;2447.1516;03-May-2015
109347;Canara Robeco Liquid Fund-Retail-Monthly Div Reinvest;;INF760K01CI8;1006.3657;1006.3657;1006.3657;03-May-2015
109356;Canara Robeco Liquid Fund-Retail-Weekly Div Reinvest;;INF760K01CJ6;1006.3656;1006.3656;1006.3656;03-May-2015

Groww Mutual Fund
119135;Groww Liquid Fund ( formerly known as Indiabulls Liquid )Fund - Direct Plan - Growth Option;INF666M01451;;1372.2886;1372.2886;1372.2886;03-May-2015
119136;Groww Liquid Fund (formerly known as Indiabulls Liquid Fund) - Direct Plan- - Income Distribution cum capital withdrawal Option ( Reinvestment);;INF666M01469;1000.4324;1000.4324;1000.4324;03-May-2015
115991;Groww Liquid Fund (formerly known as Indiabulls Liquid Fund) - Regular Plan - Growth Option;INF666M01014;;1369.4293;1369.4293;1369.4293;03-May-2015
119137;Groww Liquid Fund (formerly known as Indiabulls Liquid Fund)- Direct Plan- Weekly - Income Distribution cum capital withdrawal Option (Payout & Reinvestment);INF666M01527;INF666M01477;1017.1243;1017.1243;1017.1243;03-May-2015
115992;Groww Liquid Fund (formerly known as Indiabulls Liquid Fund)- Regular Plan- - Income Distribution cum capital withdrawal Option (Reinvestment);;INF666M01022;1000.5175;1000.5175;1000.5175;03-May-2015
115993;Groww Liquid Fund (formerly known as Indiabulls Liquid Fund)- Regular Plan- Weekly - Income Distribution cum capital withdrawal Option (Payout & Reinvestment);INF666M01089;INF666M01030;1015.7748;1015.7748;1015.7748;03-May-2015

JM Financial Mutual Fund
100238;JM High Liquidity Fund-Institutional Plan - Daily Dividend;;INF192K01916;10.0160;10.0160;10.0160;03-May-2015
120410;JM Liquid Fund (Direct) - Bonus Option - Bonus Option - Principal units;INF192K01CN4;;12.3550;12.3550;12.3550;03-May-2015
120411;JM Liquid Fund (Direct) - Daily IDCW;;INF192K01CH6;10.4302;10.4302;10.4302;03-May-2015
120406;JM Liquid Fund (Direct) - Growth Option;INF192K01CM6;;38.5268;38.5268;38.5268;03-May-2015
120408;JM Liquid Fund (Direct) - Quarterly IDCW;INF192K01CK0;INF192K01CL8;21.8407;21.8407;21.8407;03-May-2015
120407;JM Liquid Fund (Direct) - Weekly IDCW;INF192K01CI4;INF192K01CJ2;11.0189;11.0189;11.0189;03-May-2015
100244;JM Liquid Fund (Regular) - Quarterly IDCW;INF192K01866;INF192K01874;21.7641;21.7641;21.7641;03-May-2015
100247;JM Liquid Fund (Regular) - Super Institutional Plan - Growth Option;INF192K01981;;22.1108;22.1108;22.1108;03-May-2015
100233;JM Liquid Fund (Regular) - Weekly IDCW;INF192K01841;INF192K01858;11.0162;11.0162;11.0162;03-May-2015
100234;JM Liquid Fund - Growth Option;INF192K01882;;38.4521;38.4521;38.4521;03-May-2015
101549;JM Liquid Fund (Regular) - Bonus Option - Principal Units;INF192K01890;;12.3125;12.3125;12.3125;03-May-2015
101078;JM Liquid Fund (Regular) - Daily IDCW;;INF192K01833;10.4302;10.4302;10.4302;03-May-2015

quant Mutual Fund
120837;quant Liquid Fund - Growth Option - Direct Plan;INF966L01820;;22.0006;22.0006;22.0006;03-May-2015
103225;quant Liquid Fund - Growth Option - Regular Plan;INF966L01317;;21.9009;21.9009;21.9009;03-May-2015
120838;quant Liquid Fund - Monthly IDCW Option - Direct Plan;INF966L01796;INF966L01812;15.1597;15.1597;15.1597;03-May-2015
103228;quant Liquid Fund - Monthly IDCW Option - Regular Plan;INF966L01291;INF966L01309;15.0722;15.0722;15.0722;03-May-2015
120839;quant Liquid Fund - Weekly IDCW Option - Direct Plan;INF966L01788;INF966L01804;13.5802;13.5802;13.5802;03-May-2015
103227;quant Liquid Fund - Weekly IDCW Option - Regular Plan;INF966L01499;INF966L01283;13.5421;13.5421;13.5421;03-May-2015
120836;quant Liquid Fund-Daily IDCW Option - Direct Plan;;INF966L01770;13.7956;13.7956;13.7956;03-May-2015
103226;quant Liquid Fund-Daily IDCW Option - Regular Plan;;INF966L01275;13.7209;13.7209;13.7209;03-May-2015

SBI Mutual Fund
119804;SBI Liquid Fund - Direct Paln - Fortnightly Income Distribution cum Capital Withdrawal Option (IDCW);INF200K01UR8;INF200K01US6;1013.7129;1013.7129;1013.7129;03-May-2015
119805;SBI Liquid Fund - Direct Plan - Daily Income Distribution cum Capital Withdrawal Option (IDCW);;INF200K01UQ0;1003.2500;1003.2500;1003.2500;03-May-2015
119799;SBI Liquid Fund - Direct Plan - Weekly Income Distribution cum Capital Withdrawal Option (IDCW);INF200K01UU2;INF200K01UV0;1061.3020;1061.3020;1061.3020;03-May-2015
119800;SBI Liquid Fund - DIRECT PLAN -Growth;INF200K01UT4;;2215.8765;2215.8765;2215.8765;03-May-2015
105274;SBI Liquid Fund - Institutional - Growth;INF200K01LU1;;2233.3006;2233.3006;2233.3006;03-May-2015
105275;SBI Liquid Fund - Institutional Daily Income Distribution cum Capital Withdrawal Option (IDCW);;INF200K01LR7;1003.2500;1003.2500;1003.2500;03-May-2015
105279;SBI Liquid Fund - Institutional Fortnightly Income Distribution cum Capital Withdrawal Option (IDCW);INF200K01LS5;INF200K01LT3;1025.0243;1025.0243;1025.0243;03-May-2015
105278;SBI Liquid Fund - Institutional Weekly Income Distribution cum Capital Withdrawal Option (IDCW);INF200K01LV9;INF200K01LW7;1060.5909;1060.5909;1060.5909;03-May-2015
105281;SBI Liquid Fund - Regular Plan - Daily Income Distribution cum Capital Withdrawal Option (IDCW);;INF200K01LX5;1003.2500;1003.2500;1003.2500;03-May-2015
105283;SBI Liquid Fund - Regular Plan - Fortnightly Income Distribution cum Capital Withdrawal Option (IDCW);INF200K01LY3;INF200K01LZ0;1013.6994;1013.6994;1013.6994;03-May-2015
105282;SBI Liquid Fund - Regular Plan - Weekly Income Distribution cum Capital Withdrawal Option (IDCW);INF200K01MB9;INF200K01MC7;1061.3004;1061.3004;1061.3004;03-May-2015
105280;SBI Liquid Fund - REGULAR PLAN -Growth;INF200K01MA1;;2212.5351;2212.5351;2212.5351;03-May-2015

Sundaram Mutual Fund
119690;Sundaram Money Fund Direct Plan - Bonus;INF903J01RL8;;10.6456;10.6456;10.6456;03-May-2015
119688;Sundaram Money Fund Direct Plan - Daily Reinvestment of Income Distribution cum Capital Withdrawal (IDCW);;INF903J01QA3;10.1025;10.1025;10.1025;03-May-2015
119692;Sundaram Money Fund Direct Plan - Fortnightly Reinvestment of Income Distribution cum Capital Withdrawal (IDCW);;INF903J01QB1;25.6149;25.6149;25.6149;03-May-2015
119686;Sundaram Money Fund Direct Plan - Growth;INF903J01QF2;;29.7468;29.7468;29.7468;03-May-2015
119687;Sundaram Money Fund Direct Plan - Monthly Income Distribution cum Capital Withdrawal (IDCW);INF903J01QC9;INF903J01QD7;10.6005;10.6005;10.6005;03-May-2015
119691;Sundaram Money Fund Direct Plan - Weekly Reinvestment of Income Distribution cum Capital Withdrawal (IDCW);;INF903J01QG0;11.5721;11.5721;11.5721;03-May-2015
102701;Sundaram Money Fund Institutional Plan - Daily Reinvestment of Income Distribution cum Capital Withdrawal (IDCW);;INF903J01GP2;10.0953;10.0953;10.0953;03-May-2015
102703;Sundaram Money Fund Institutional Plan - Growth;INF903J01GN7;;28.9697;28.9697;28.9697;03-May-2015
118328;Sundaram Money Fund Regular Plan - Bonus;INF903J01MB0;;10.6188;10.6188;10.6188;03-May-2015
103392;Sundaram Money Fund Regular Plan - Daily Reinvestment of Income Distribution cum Capital Withdrawal (IDCW);;INF903J01GW8;10.0953;10.0953;10.0953;03-May-2015
103395;Sundaram Money Fund Regular Plan - Fortnightly Reinvestment of Income Distribution cum Capital Withdrawal (IDCW);;INF903J01GY4;10.8388;10.8388;10.8388;03-May-2015
103397;Sundaram Money Fund Regular Plan - Growth;INF903J01GU2;;29.7073;29.7073;29.7073;03-May-2015
103396;Sundaram Money Fund Regular Plan - Monthly Income Distribution cum Capital Withdrawal (IDCW);INF903J01GV0;INF903J01GZ1;10.4600;10.4600;10.4600;03-May-2015
103393;Sundaram Money Fund Regular Plan - Quarterly Reinvestment of Income Distribution cum Capital Withdrawal (IDCW);;INF903J01HA2;29.7077;29.7077;29.7077;03-May-2015
100620;Sundaram Money Fund Retail Plan - Daily Reinvestment of Income Distribution cum Capital Withdrawal (IDCW);;INF903J01GI7;10.0953;10.0953;10.0953;03-May-2015
100622;Sundaram Money Fund Retail Plan - Fortnightly Reinvestment of Income Distribution cum Capital Withdrawal (IDCW);;INF903J01GK3;10.8154;10.8154;10.8154;03-May-2015
100618;Sundaram Money Fund Retail Plan - Growth;INF903J01GG1;;27.7621;27.7621;27.7621;03-May-2015
100623;Sundaram Money Fund Retail Plan - Monthly Income Distribution cum Capital Withdrawal (IDCW);INF903J01GH9;INF903J01GL1;10.4728;10.4728;10.4728;03-May-2015
100619;Sundaram Money Fund Retail Plan - Quarterly Reinvestment of Income Distribution cum Capital Withdrawal (IDCW);;INF903J01GM9;11.0871;11.0871;11.0871;03-May-2015
100621;Sundaram Money Fund Retail Plan - Weekly Reinvestment of Income Distribution cum Capital Withdrawal (IDCW);;INF903J01GJ5;11.2909;11.2909;11.2909;03-May-2015
103394;Sundaram Money Fund Regular Plan - Weekly Reinvestment of Income Distribution cum Capital Withdrawal (IDCW);;INF903J01GX6;11.3323;11.3323;11.3323;03-May-2015

Tata Mutual Fund
102672;Tata Liquid Fund -Regular Plan - Growth Option;INF277K01YD8;;2217.0217;2217.0217;2217.0217;03-May-2015
119862;Tata Liquid Fund- Direct Plan - Daily Reinvestment of IDCW Option;;INF277K012D2;1001.5187;1001.5187;1001.5187;03-May-2015
119861;Tata Liquid Fund- Direct Plan-Growth Option;INF277K01YE6;;2222.3665;2222.3665;2222.3665;03-May-2015
101714;Tata Liquid Fund- Regular Plan - Daily Reinvestment of IDCW Option;;INF277K011D4;1001.5157;1001.5157;1001.5157;03-May-2015

Union Mutual Fund
115401;Union Liquid Fund - Daily IDCW Option;;INF582M01021;1000.6489;1000.6489;1000.6489;03-May-2015
119301;Union Liquid Fund - Direct Plan - Daily IDCW Option;;INF582M01682;1000.6506;1000.6506;1000.6506;03-May-2015
119305;Union Liquid Fund - Direct Plan - Fortnightly IDCW Option;INF582M01724;INF582M01708;1001.6399;1001.6399;1001.6399;03-May-2015
119303;Union Liquid Fund - Direct Plan - Growth Option;INF582M01674;;1412.6359;1412.6359;1412.6359;03-May-2015
119302;Union Liquid Fund - Direct Plan - Monthly IDCW Option;INF582M01732;INF582M01716;1001.6371;1001.6371;1001.6371;03-May-2015
119304;Union Liquid Fund - Direct Plan - Weekly IDCW Option;;INF582M01690;1001.6367;1001.6367;1001.6367;03-May-2015
115399;Union Liquid Fund - Fortnightly IDCW Option;INF582M01062;INF582M01047;1001.6245;1001.6245;1001.6245;03-May-2015
115398;Union Liquid Fund - Growth Option;INF582M01013;;1410.3514;1410.3514;1410.3514;03-May-2015
115400;Union Liquid Fund - Monthly IDCW Option;INF582M01070;INF582M01054;1001.6243;1001.6243;1001.6243;03-May-2015
115402;Union Liquid Fund - Weekly IDCW Option;;INF582M01039;1001.6242;1001.6242;1001.6242;03-May-2015

UTI Mutual Fund
134427;UTI Liquid Fund - Direct Plan - Annual IDCW;INF789FA1K63;INF789FA1K71;1017.3329;1017.3329;1017.3329;03-May-2015
120558;UTI Liquid Fund - Direct Plan - Daily IDCW (Reinvestment);;INF789F01XP8;1019.4457;1019.4457;1019.4457;03-May-2015
120794;UTI Liquid Fund - Direct Plan - Monthly IDCW;INF789F01XR4;INF789F01XS2;1031.5309;1031.5309;1031.5309;03-May-2015
120777;UTI Liquid Fund - Direct Plan - Weekly IDCW;;INF789F01XT0;1053.9514;1053.9514;1053.9514;03-May-2015
133973;UTI Liquid Fund - Regular Plan - Annual IDCW;INF789FA1J66;INF789FA1J74;1017.2805;1017.2805;1017.2805;03-May-2015
102010;UTI Liquid Fund - Regular Plan - Daily IDCW (Reinvestment);;INF789F01PG3;1019.4457;1019.4457;1019.4457;03-May-2015
102011;UTI Liquid Fund - Regular Plan - Monthly IDCW;INF789F01PI9;INF789F01PJ7;1031.4928;1031.4928;1031.4928;03-May-2015
102013;UTI Liquid Fund - Regular Plan - Weekly IDCW;;INF789F01PK5;1053.9442;1053.9442;1053.9442;03-May-2015
120304;UTI-  Liquid Cash Plan - Direct Plan - Growth Option;INF789F01XQ6;;2310.9544;2310.9544;2310.9544;03-May-2015
102012;UTI-  Liquid Cash Plan - Regular Plan - Growth Option;INF789F01PH1;;2307.0071;2307.0071;2307.0071;03-May-2015
102008;UTI-  Liquid Cash Plan- Discontinued - Regular Plan - Monthly Dividend Option;INF789F01BC2;INF789F01BA6;1167.1815;1167.1815;0;03-May-2015
102009;UTI-  Liquid Cash Plan- Discontinued - Regular Plan -Growth;INF789F01BB4;;2208.9502;2208.9502;0;03-May-2015
102007;UTI-  Liquid Cash Plan- Discontinued -Regular Plan Periodic Dividend Option;;INF789F01AZ5;1138.1089;1138.1089;0;03-May-2015

Open Ended Schemes ( Debt Scheme - Ultra Short Duration Fund )


SBI Mutual Fund
119784;SBI Ultra Short Duration Fund - Direct Plan - Daily Income Distribution cum Capital Withdrawal Option (IDCW);;INF200K01TG3;1675.0300;1673.3550;1675.0300;03-May-2015
119828;SBI ULTRA SHORT DURATION FUND - DIRECT PLAN - GROWTH;INF200K01TF5;;3119.1627;3116.0435;3119.1627;03-May-2015
119829;SBI Ultra Short Duration Fund - Direct Plan - Weekly Income Distribution cum Capital Withdrawal Option (IDCW);INF200K01TH1;INF200K01TI9;1077.8251;1076.7473;1077.8251;03-May-2015
105080;SBI Ultra Short Duration Fund - Regular Plan - Daily Income Distribution cum Capital Withdrawal Option (IDCW);;INF200K01LK2;1675.0300;1673.3550;1675.0300;03-May-2015
100641;SBI ULTRA SHORT DURATION FUND - REGULAR PLAN - GROWTH;INF200K01LJ4;;3114.0820;3110.9679;3114.0820;03-May-2015
103884;SBI Ultra Short Duration Fund - Regular Plan - Weekly Income Distribution cum Capital Withdrawal Option (IDCW);INF200K01LM8;INF200K01LL0;1077.8229;1076.7451;1077.8229;03-May-2015

Open Ended Schemes ( Debt Scheme - Money Market Fund )


Tata Mutual Fund
119423;Tata Liquid Fund- Direct Plan- Monthly Dividend;INF277K01PS4;INF277K01PT2;1001.1148;1001.1148;1001.1148;03-May-2015
119422;Tata Liquid Fund- Direct Plan- Weekly Dividend;INF277K013C2;;1001.7956;1001.7956;1001.7956;03-May-2015
119421;Tata Money Market Fund- Direct Plan - Daily Reinvestment of IDCW Option;;INF277K011C6;1114.5200;1114.5200;1114.5200;03-May-2015
119424;Tata Money Market Fund- Direct Plan- Growth Option;INF277K01PR6;;2603.1224;2603.1224;2603.1224;03-May-2015
101986;Tata Money Market Fund- Regular Plan - Daily Reinvestment of IDCW Option;;INF277K014C0;1114.5200;1114.5200;1114.5200;03-May-2015
101847;Tata Money Market Fund-Regular Plan - Growth Option;INF277K01LQ7;;2597.9129;2597.9129;2597.9129;03-May-2015

UTI Mutual Fund
120299;UTI MMF - Direct Plan - Growth Option;INF789F01XV6;;1580.2872;1580.2872;1580.2872;03-May-2015
112077;UTI MMF - Regular Plan - Growth Option;INF789F01PX8;;1576.8409;1576.8409;1576.8409;03-May-2015
100724;UTI MMF- Discontinued - Regular Plan - Flexi Dividend Option;;INF789F01BD0;2063.9601;2063.9601;0;03-May-2015
100725;UTI MMF- Discontinued - Regular Plan - Periodic Dividend Option;INF789F01BE8;;1998.2338;1998.2338;0;03-May-2015
100723;UTI MMF-Discontinued - Regular Plan -Growth;INF789F01BF5;;3825.025;3825.025;0;03-May-2015
120772;UTI Money Market Fund - Direct Plan - Daily IDCW (Reinvestment);;INF789F01XU8;1003.3854;1003.3854;1003.3854;03-May-2015
133387;UTI Money Market Fund - Direct Plan - Monthly IDCW;INF789FA1M46;INF789FA1M53;1031.8881;1031.8881;1031.8881;03-May-2015
120793;UTI Money Market Fund - Direct Plan - Weekly IDCW;INF789F01XW4;INF789F01XX2;1015.4744;1015.4744;1015.4744;03-May-2015
112076;UTI Money Market Fund - Regular Plan - Daily IDCW (Reinvestment);;INF789F01PW0;1003.3854;1003.3854;1003.3854;03-May-2015
133484;UTI Money Market Fund - Regular Plan - Monthly IDCW;INF789FA1L21;INF789FA1L39;1011.8469;1011.8469;1011.8469;03-May-2015
112635;UTI Money Market Fund - Regular Plan - Weekly IDCW;INF789F01PY6;INF789F01PZ3;1015.4605;1015.4605;1015.4605;03-May-2015

Close Ended Schemes ( Income )


SBI Mutual Fund
114781;SBI Capital Protection Oriented Fund - Series II -;INF200K01ED2;;14.5787;N.A.;N.A.;03-May-2015
126205;SBI DEBT FUND SERIES - 16 MONTHS - 1 - DIRECT PLAN - GROWTH;INF200KA1CE8;;11.2575;N.A.;N.A.;03-May-2015
126206;SBI DEBT FUND SERIES - 16 MONTHS - 1 - REGULAR PLAN - DIVIDEND;INF200KA1CD0;;11.2283;N.A.;N.A.;03-May-2015
126207;SBI DEBT FUND SERIES - 16 MONTHS - 1 - REGULAR PLAN - GROWTH;INF200KA1CC2;;11.2281;N.A.;N.A.;03-May-2015
126208;SBI DEBT FUND SERIES - 16 MONTHS - 1- DIRECT PLAN - DIVIDEND;INF200KA1CF5;;11.2565;N.A.;N.A.;03-May-2015
126209;SBI DEBT FUND SERIES - 16 MONTHS - 2 - DIRECT PLAN - GROWTH;INF200KA1DM9;;11.2366;N.A.;N.A.;03-May-2015
126210;SBI DEBT FUND SERIES - 16 MONTHS - 2 - REGULAR PLAN - DIVIDEND;INF200KA1DL1;;11.2072;N.A.;N.A.;03-May-2015
126211;SBI DEBT FUND SERIES - 16 MONTHS - 2 - REGULAR PLAN - GROWTH;INF200KA1DK3;;11.2072;N.A.;N.A.;03-May-2015
126212;SBI DEBT FUND SERIES - 16 MONTHS - 2- DIRECT PLAN - DIVIDEND;INF200KA1DN7;;11.2366;N.A.;N.A.;03-May-2015
125734;SBI DEBT FUND SERIES - 17 MONTHS - 1 - DIRECT PLAN - GROWTH;INF200KA1CQ2;;11.3363;N.A.;N.A.;03-May-2015
125735;SBI DEBT FUND SERIES - 17 MONTHS - 1 - REGULAR PLAN - DIVIDEND;INF200KA1CP4;;11.2999;N.A.;N.A.;03-May-2015
125736;SBI DEBT FUND SERIES - 17 MONTHS - 1 - REGULAR PLAN - GROWTH;INF200KA1CO7;;11.2999;N.A.;N.A.;03-May-2015
125733;SBI DEBT FUND SERIES - 17 MONTHS - 1- DIRECT PLAN - DIVIDEND;INF200KA1CR0;;11.3363;N.A.;N.A.;03-May-2015
125008;SBI DEBT FUND SERIES - 18 MONTHS - 12 - DIRECT PLAN - DIVIDEND;INF200KA1BL5;;N.A.;N.A.;N.A.;03-May-2015
125005;SBI DEBT FUND SERIES - 18 MONTHS - 12 - DIRECT PLAN - GROWTH;INF200KA1BK7;;11.4337;N.A.;N.A.;03-May-2015
125006;SBI DEBT FUND SERIES - 18 MONTHS - 12 - REGULAR PLAN - DIVIDEND;INF200KA1BJ9;;11.3844;N.A.;N.A.;03-May-2015
125007;SBI DEBT FUND SERIES - 18 MONTHS - 12 - REGULAR PLAN - GROWTH;INF200KA1BI1;;11.3848;N.A.;N.A.;03-May-2015
125460;SBI DEBT FUND SERIES - 18 MONTHS - 13 - DIRECT PLAN - DIVIDEND;INF200KA1DZ1;;N.A.;N.A.;N.A.;03-May-2015
125461;SBI DEBT FUND SERIES - 18 MONTHS - 13 - DIRECT PLAN - GROWTH;INF200KA1DY4;;11.4081;N.A.;N.A.;03-May-2015
125462;SBI DEBT FUND SERIES - 18 MONTHS - 13 - REGULAR PLAN - DIVIDEND;INF200KA1DX6;;11.3716;N.A.;N.A.;03-May-2015
125463;SBI DEBT FUND SERIES - 18 MONTHS - 13 - REGULAR PLAN - GROWTH;INF200KA1DW8;;11.3716;N.A.;N.A.;03-May-2015
120908;SBI DEBT FUND SERIES - 36 MONTHS - 2 - DIRECT PLAN - DIVIDEND;INF200K01QM7;;12.1304;N.A.;N.A.;03-May-2015
120911;SBI DEBT FUND SERIES - 36 MONTHS - 2 - DIRECT PLAN - GROWTH;INF200K01QL9;;12.1304;N.A.;N.A.;03-May-2015
120909;SBI DEBT FUND SERIES - 36 MONTHS - 2 - REGULAR PLAN - DIVIDEND;INF200K01QH7;;11.9714;N.A.;N.A.;03-May-2015
120910;SBI DEBT FUND SERIES - 36 MONTHS - 2 - REGULAR PLAN - GROWTH;INF200K01QG9;;11.9714;N.A.;N.A.;03-May-2015
123647;SBI DEBT FUND SERIES - 36 MONTHS - 4 - DIRECT PLAN - DIVIDEND;INF200KA1KF8;;11.8454;N.A.;N.A.;03-May-2015
123649;SBI DEBT FUND SERIES - 36 MONTHS - 4 - DIRECT PLAN - GROWTH;INF200KA1KE1;;11.8454;N.A.;N.A.;03-May-2015
123648;SBI DEBT FUND SERIES - 36 MONTHS - 4 - REGULAR PLAN - DIVIDEND;INF200KA1KD3;;11.8133;N.A.;N.A.;03-May-2015
123650;SBI DEBT FUND SERIES - 36 MONTHS - 4 - REGULAR PLAN - GROWTH;INF200KA1KC5;;11.8133;N.A.;N.A.;03-May-2015
124000;SBI DEBT FUND SERIES - 36 MONTHS - 5 - DIRECT PLAN - DIVIDEND;INF200K01D91;;N.A.;N.A.;N.A.;03-May-2015
124001;SBI DEBT FUND SERIES - 36 MONTHS - 5 - DIRECT PLAN - GROWTH;INF200K01D83;;11.7128;N.A.;N.A.;03-May-2015
124003;SBI DEBT FUND SERIES - 36 MONTHS - 5 - REGULAR PLAN - DIVIDEND;INF200K01D75;;11.6836;N.A.;N.A.;03-May-2015
124002;SBI DEBT FUND SERIES - 36 MONTHS - 5 - REGULAR PLAN - GROWTH;INF200K01D67;;11.6836;N.A.;N.A.;03-May-2015
124373;SBI DEBT FUND SERIES - 36 MONTHS - 6 - DIRECT PLAN - DIVIDEND;INF200KA1KZ6;;11.7377;N.A.;N.A.;03-May-2015
124374;SBI DEBT FUND SERIES - 36 MONTHS - 6 - DIRECT PLAN - GROWTH;INF200KA1KY9;;11.7377;N.A.;N.A.;03-May-2015
124375;SBI DEBT FUND SERIES - 36 MONTHS - 6 - REGULAR PLAN - DIVIDEND;INF200KA1KX1;;11.6633;N.A.;N.A.;03-May-2015
124376;SBI DEBT FUND SERIES - 36 MONTHS - 6 - REGULAR PLAN - GROWTH;INF200KA1KW3;;11.6633;N.A.;N.A.;03-May-2015
125719;SBI DEBT FUND SERIES - 36 MONTHS - 7 - DIRECT PLAN - DIVIDEND;INF200K01E74;;11.4285;N.A.;N.A.;03-May-2015
125721;SBI DEBT FUND SERIES - 36 MONTHS - 7 - DIRECT PLAN - GROWTH;INF200K01E66;;11.4285;N.A.;N.A.;03-May-2015
125720;SBI DEBT FUND SERIES - 36 MONTHS - 7 - REGULAR PLAN - DIVIDEND;INF200K01E58;;11.3998;N.A.;N.A.;03-May-2015
125722;SBI DEBT FUND SERIES - 36 MONTHS - 7 - REGULAR PLAN - GROWTH;INF200K01E41;;11.3998;N.A.;N.A.;03-May-2015
123167;SBI DEBT FUND SERIES - 366 DAYS - 34 - DIRECT PLAN - DIVIDEND;INF200K015P1;;N.A.;N.A.;N.A.;03-May-2015
123169;SBI DEBT FUND SERIES - 366 DAYS - 34 - DIRECT PLAN - GROWTH;INF200K014P4;;11.7988;N.A.;N.A.;03-May-2015
123170;SBI DEBT FUND SERIES - 366 DAYS - 34 - REGULAR PLAN - DIVIDEND;INF200K013P6;;11.7697;N.A.;N.A.;03-May-2015
123168;SBI DEBT FUND SERIES - 366 DAYS - 34 - REGULAR PLAN - GROWTH;INF200K012P8;;11.7710;N.A.;N.A.;03-May-2015
123321;SBI DEBT FUND SERIES - 366 DAYS - 35 - DIRECT PLAN - DIVIDEND;INF200K017O0;;N.A.;N.A.;N.A.;03-May-2015
123324;SBI DEBT FUND SERIES - 366 DAYS - 35 - DIRECT PLAN - GROWTH;INF200K016O2;;11.7734;N.A.;N.A.;03-May-2015
123323;SBI DEBT FUND SERIES - 366 DAYS - 35 - REGULAR PLAN - DIVIDEND;INF200K015O4;;N.A.;N.A.;N.A.;03-May-2015
123322;SBI DEBT FUND SERIES - 366 DAYS - 35 - REGULAR PLAN - GROWTH;INF200K014O7;;11.7460;N.A.;N.A.;03-May-2015
123497;SBI DEBT FUND SERIES - 366 DAYS - 36 - DIRECT PLAN - DIVIDEND;INF200K019P3;;N.A.;N.A.;N.A.;03-May-2015
123494;SBI DEBT FUND SERIES - 366 DAYS - 36 - DIRECT PLAN - GROWTH;INF200K018P5;;11.8250;N.A.;N.A.;03-May-2015
123496;SBI DEBT FUND SERIES - 366 DAYS - 36 - REGULAR PLAN - DIVIDEND;INF200K017P7;;11.7978;N.A.;N.A.;03-May-2015
123495;SBI DEBT FUND SERIES - 366 DAYS - 36 - REGULAR PLAN - GROWTH;INF200K016P9;;11.7984;N.A.;N.A.;03-May-2015
123728;SBI DEBT FUND SERIES - 366 DAYS - 37 - DIRECT PLAN - DIVIDEND;INF200K011R6;;11.7884;N.A.;N.A.;03-May-2015
123729;SBI DEBT FUND SERIES - 366 DAYS - 37 - DIRECT PLAN - GROWTH;INF200K010R8;;11.7889;N.A.;N.A.;03-May-2015
123731;SBI DEBT FUND SERIES - 366 DAYS - 37 - REGULAR PLAN - DIVIDEND;INF200K019Q1;;11.7652;N.A.;N.A.;03-May-2015
123730;SBI DEBT FUND SERIES - 366 DAYS - 37 - REGULAR PLAN - GROWTH;INF200K018Q3;;11.7652;N.A.;N.A.;03-May-2015
123996;SBI DEBT FUND SERIES - 366 DAYS - 38 - DIRECT PLAN - DIVIDEND;INF200K015R7;;N.A.;N.A.;N.A.;03-May-2015
123997;SBI DEBT FUND SERIES - 366 DAYS - 38 - DIRECT PLAN - GROWTH;INF200K014R0;;11.7982;N.A.;N.A.;03-May-2015
123998;SBI DEBT FUND SERIES - 366 DAYS - 38 - REGULAR PLAN - DIVIDEND;INF200K013R2;;11.7746;N.A.;N.A.;03-May-2015
123999;SBI DEBT FUND SERIES - 366 DAYS - 38 - REGULAR PLAN - GROWTH;INF200K012R4;;11.7746;N.A.;N.A.;03-May-2015
124369;SBI DEBT FUND SERIES - 366 DAYS - 39 - DIRECT PLAN - DIVIDEND;INF200K013S0;;10.6566;N.A.;N.A.;03-May-2015
124370;SBI DEBT FUND SERIES - 366 DAYS - 39 - DIRECT PLAN - GROWTH;INF200K012S2;;11.7433;N.A.;N.A.;03-May-2015
124371;SBI DEBT FUND SERIES - 366 DAYS - 39 - REGULAR PLAN - DIVIDEND;INF200K011S4;;N.A.;N.A.;N.A.;03-May-2015
124372;SBI DEBT FUND SERIES - 366 DAYS - 39 - REGULAR PLAN - GROWTH;INF200K010S6;;11.7106;N.A.;N.A.;03-May-2015
124527;SBI DEBT FUND SERIES - 366 DAYS - 40 - DIRECT PLAN - DIVIDEND;INF200K015T3;;N.A.;N.A.;N.A.;03-May-2015
124525;SBI DEBT FUND SERIES - 366 DAYS - 40 - DIRECT PLAN - GROWTH;INF200K014T6;;11.7054;N.A.;N.A.;03-May-2015
124526;SBI DEBT FUND SERIES - 366 DAYS - 40 - REGULAR PLAN - DIVIDEND;INF200K013T8;;N.A.;N.A.;N.A.;03-May-2015
124528;SBI DEBT FUND SERIES - 366 DAYS - 40 - REGULAR PLAN - GROWTH;INF200K012T0;;11.6658;N.A.;N.A.;03-May-2015
124726;SBI DEBT FUND SERIES - 366 DAYS - 41 - DIRECT PLAN - DIVIDEND;INF200K010U2;;N.A.;N.A.;N.A.;03-May-2015
124728;SBI DEBT FUND SERIES - 366 DAYS - 41 - DIRECT PLAN - GROWTH;INF200K019T5;;11.6175;N.A.;N.A.;03-May-2015
124727;SBI DEBT FUND SERIES - 366 DAYS - 41 - REGULAR PLAN - DIVIDEND;INF200K018T7;;N.A.;N.A.;N.A.;03-May-2015
124729;SBI DEBT FUND SERIES - 366 DAYS - 41 - REGULAR PLAN - GROWTH;INF200K016T1;;11.5805;N.A.;N.A.;03-May-2015
124938;SBI DEBT FUND SERIES - 366 DAYS - 42 - DIRECT PLAN - DIVIDEND;INF200K012V6;;N.A.;N.A.;N.A.;03-May-2015
124940;SBI DEBT FUND SERIES - 366 DAYS - 42 - DIRECT PLAN - GROWTH;INF200K011V8;;11.4893;N.A.;N.A.;03-May-2015
124939;SBI DEBT FUND SERIES - 366 DAYS - 42 - REGULAR PLAN - DIVIDEND;INF200K010V0;;10.5729;N.A.;N.A.;03-May-2015
124941;SBI DEBT FUND SERIES - 366 DAYS - 42 - REGULAR PLAN - GROWTH;INF200K019U3;;11.4534;N.A.;N.A.;03-May-2015
125243;SBI DEBT FUND SERIES - 366 DAYS - 44 - DIRECT PLAN - DIVIDEND;INF200K011X4;;N.A.;N.A.;N.A.;03-May-2015
125244;SBI DEBT FUND SERIES - 366 DAYS - 44 - DIRECT PLAN - GROWTH;INF200K010X6;;11.3763;N.A.;N.A.;03-May-2015
125246;SBI DEBT FUND SERIES - 366 DAYS - 44 - REGULAR PLAN - DIVIDEND;INF200K019W9;;10.5134;N.A.;N.A.;03-May-2015
125245;SBI DEBT FUND SERIES - 366 DAYS - 44 - REGULAR PLAN - GROWTH;INF200K018W1;;11.3513;N.A.;N.A.;03-May-2015
125406;SBI DEBT FUND SERIES - 366 DAYS - 45 - DIRECT PLAN - DIVIDEND;INF200K014Y6;;N.A.;N.A.;N.A.;03-May-2015
125409;SBI DEBT FUND SERIES - 366 DAYS - 45 - DIRECT PLAN - GROWTH;INF200K015Y3;;11.3585;N.A.;N.A.;03-May-2015
125407;SBI DEBT FUND SERIES - 366 DAYS - 45 - REGULAR PLAN - DIVIDEND;INF200K016Y1;;10.5059;N.A.;N.A.;03-May-2015
125408;SBI DEBT FUND SERIES - 366 DAYS - 45 - REGULAR PLAN - GROWTH;INF200K017Y9;;11.3336;N.A.;N.A.;03-May-2015
125519;SBI DEBT FUND SERIES - 366 DAYS - 46 - DIRECT PLAN - DIVIDEND;INF200K012Z7;;N.A.;N.A.;N.A.;03-May-2015
125522;SBI DEBT FUND SERIES - 366 DAYS - 46 - DIRECT PLAN - GROWTH;INF200K013Z5;;11.3262;N.A.;N.A.;03-May-2015
125520;SBI DEBT FUND SERIES - 366 DAYS - 46 - REGULAR PLAN - DIVIDEND;INF200K014Z3;;10.4950;N.A.;N.A.;03-May-2015
125521;SBI DEBT FUND SERIES - 366 DAYS - 46 - REGULAR PLAN - GROWTH;INF200K015Z0;;11.3017;N.A.;N.A.;03-May-2015
125657;SBI DEBT FUND SERIES - 366 DAYS - 47 - DIRECT PLAN - DIVIDEND;INF200KA1077;;10.5027;N.A.;N.A.;03-May-2015
125658;SBI DEBT FUND SERIES - 366 DAYS - 47 - DIRECT PLAN - GROWTH;INF200KA1085;;11.3258;N.A.;N.A.;03-May-2015
125659;SBI DEBT FUND SERIES - 366 DAYS - 47 - REGULAR PLAN - DIVIDEND;INF200KA1093;;10.4889;N.A.;N.A.;03-May-2015
125660;SBI DEBT FUND SERIES - 366 DAYS - 47 - REGULAR PLAN - GROWTH;INF200KA1101;;11.2904;N.A.;N.A.;03-May-2015
125793;SBI DEBT FUND SERIES - 366 DAYS - 48 - DIRECT PLAN - DIVIDEND;INF200KA1192;;10.5159;N.A.;N.A.;03-May-2015
125794;SBI DEBT FUND SERIES - 366 DAYS - 48 - DIRECT PLAN - GROWTH;INF200KA1200;;11.2931;N.A.;N.A.;03-May-2015
125795;SBI DEBT FUND SERIES - 366 DAYS - 48 - REGULAR PLAN - DIVIDEND;INF200KA1218;;10.5066;N.A.;N.A.;03-May-2015
125796;SBI DEBT FUND SERIES - 366 DAYS - 48 - REGULAR PLAN - GROWTH;INF200KA1226;;11.2697;N.A.;N.A.;03-May-2015
126093;SBI DEBT FUND SERIES - 366 DAYS - 49 - DIRECT PLAN - DIVIDEND;INF200KA1275;;10.5155;N.A.;N.A.;03-May-2015
126094;SBI DEBT FUND SERIES - 366 DAYS - 49 - DIRECT PLAN - GROWTH;INF200KA1283;;11.2787;N.A.;N.A.;03-May-2015
126096;SBI DEBT FUND SERIES - 366 DAYS - 49 - REGULAR PLAN - DIVIDEND;INF200KA1291;;10.5062;N.A.;N.A.;03-May-2015
126095;SBI DEBT FUND SERIES - 366 DAYS - 49 - REGULAR PLAN - GROWTH;INF200KA1309;;11.2558;N.A.;N.A.;03-May-2015
126750;SBI DEBT FUND SERIES - 366 DAYS - 51 DIRECT PLAN - DIVIDEND;INF200KA1358;;N.A.;N.A.;N.A.;03-May-2015
126748;SBI DEBT FUND SERIES - 366 DAYS - 51 DIRECT PLAN - GROWTH;INF200KA1366;;11.1823;N.A.;N.A.;03-May-2015
126747;SBI DEBT FUND SERIES - 366 DAYS - 51 REGULAR PLAN - DIVIDEND;INF200KA1374;;N.A.;N.A.;N.A.;03-May-2015
126749;SBI DEBT FUND SERIES - 366 DAYS - 51 REGULAR PLAN - GROWTH;INF200KA1382;;11.1611;N.A.;N.A.;03-May-2015
127343;SBI DEBT FUND SERIES - 366 DAYS - 52 - DIRECT PLAN - DIVIDEND;INF200KA1531;;11.1587;N.A.;N.A.;03-May-2015
127344;SBI DEBT FUND SERIES - 366 DAYS - 52 - DIRECT PLAN - GROWTH;INF200KA1549;;11.1585;N.A.;N.A.;03-May-2015
127341;SBI DEBT FUND SERIES - 366 DAYS - 52 - REGULAR PLAN - DIVIDEND;INF200KA1556;;N.A.;N.A.;N.A.;03-May-2015
127342;SBI DEBT FUND SERIES - 366 DAYS - 52 - REGULAR PLAN - GROWTH;INF200KA1564;;11.1452;N.A.;N.A.;03-May-2015
127810;SBI DEBT FUND SERIES - 366 DAYS - 53 - DIRECT PLAN - DIVIDEND;INF200KA1606;;11.1347;N.A.;N.A.;03-May-2015
127811;SBI DEBT FUND SERIES - 366 DAYS - 53 - DIRECT PLAN - GROWTH;INF200KA1614;;11.1349;N.A.;N.A.;03-May-2015
127812;SBI DEBT FUND SERIES - 366 DAYS - 53 - REGULAR PLAN - DIVIDEND;INF200KA1622;;N.A.;N.A.;N.A.;03-May-2015
127813;SBI DEBT FUND SERIES - 366 DAYS - 53 - REGULAR PLAN - GROWTH;INF200KA1630;;11.1152;N.A.;N.A.;03-May-2015
128165;SBI DEBT FUND SERIES - 366 DAYS - 54 - DIRECT PLAN - DIVIDEND;INF200KA1788;;11.1020;N.A.;N.A.;03-May-2015
128167;SBI DEBT FUND SERIES - 366 DAYS - 54 - REGULAR PLAN - DIVIDEND;INF200KA1804;;11.0696;N.A.;N.A.;03-May-2015
128168;SBI DEBT FUND SERIES - 366 DAYS - 54 - REGULAR PLAN - GROWTH;INF200KA1812;;11.0696;N.A.;N.A.;03-May-2015
128166;SBI DEBT FUND SERIES - 366 DAYS - 54- DIRECT PLAN - GROWTH;INF200KA1796;;11.1015;N.A.;N.A.;03-May-2015
113321;SBI Debt Fund Series - 60 Months - 1 - Dividend;INF200K01CQ8;;14.1766;N.A.;N.A.;03-May-2015
113401;SBI Debt Fund Series - 60 Months - 1 - Growth;INF200K01CP0;;14.1764;N.A.;N.A.;03-May-2015
118220;SBI DEBT FUND SERIES - 60 MONTHS - 2 - DIVIDEND;INF200K01QD6;;12.1804;N.A.;N.A.;03-May-2015
118221;SBI DEBT FUND SERIES - 60 MONTHS - 2 - GROWTH;INF200K01QC8;;12.1805;N.A.;N.A.;03-May-2015
120901;SBI DEBT FUND SERIES - 60 MONTHS - 3 - DIRECT PLAN - DIVIDEND;INF200K01QQ8;;12.2076;N.A.;N.A.;03-May-2015
120900;SBI DEBT FUND SERIES - 60 MONTHS - 3 - DIRECT PLAN - GROWTH;INF200K01QP0;;12.2077;N.A.;N.A.;03-May-2015
120899;SBI DEBT FUND SERIES - 60 MONTHS - 3 - REGULAR PLAN - DIVIDEND;INF200K01QF1;;12.0642;N.A.;N.A.;03-May-2015
120898;SBI DEBT FUND SERIES - 60 MONTHS - 3 - REGULAR PLAN - GROWTH;INF200K01QE4;;12.0642;N.A.;N.A.;03-May-2015
126581;SBI DEBT FUND SERIES A - 1 DIRECT - GROWTH;INF200KA1AY0;;11.2061;N.A.;N.A.;03-May-2015
126582;SBI DEBT FUND SERIES A - 1 DIRECT PLAN - DIVIDEND;INF200KA1AZ7;;11.2060;N.A.;N.A.;03-May-2015
126580;SBI DEBT FUND SERIES A - 1 REGULAR PLAN - GROWTH;INF200KA1AW4;;11.1452;N.A.;N.A.;03-May-2015
126583;SBI DEBT FUND SERIES A - 1 REGULAR PLAN DIVIDEND;INF200KA1AX2;;11.1453;N.A.;N.A.;03-May-2015
128325;SBI DEBT FUND SERIES A - 10 DIRECT - GROWTH;INF200KA1BC4;;11.0689;N.A.;N.A.;03-May-2015
128326;SBI DEBT FUND SERIES A - 10 DIRECT PLAN - DIVIDEND;INF200KA1BD2;;11.0689;N.A.;N.A.;03-May-2015
128327;SBI DEBT FUND SERIES A - 10 REGULAR PLAN - DIVIDEND;INF200KA1BB6;;11.0106;N.A.;N.A.;03-May-2015
128328;SBI DEBT FUND SERIES A - 10 REGULAR PLAN - GROWTH;INF200KA1BA8;;11.0108;N.A.;N.A.;03-May-2015
128389;SBI DEBT FUND SERIES A - 11 DIRECT PLAN - DIVIDEND;INF200KA1AF9;;N.A.;N.A.;N.A.;03-May-2015
128388;SBI DEBT FUND SERIES A - 11 DIRECT PLAN - GROWTH;INF200KA1AE2;;11.0531;N.A.;N.A.;03-May-2015
128391;SBI DEBT FUND SERIES A - 11 REGULAR PLAN - DIVIDEND;INF200KA1AD4;;N.A.;N.A.;N.A.;03-May-2015
128390;SBI DEBT FUND SERIES A - 11 REGULAR PLAN - GROWTH;INF200KA1AC6;;10.9898;N.A.;N.A.;03-May-2015
128672;SBI DEBT FUND SERIES A - 13 DIRECT PLAN - DIVIDEND;INF200KA1978;;N.A.;N.A.;N.A.;03-May-2015
128674;SBI DEBT FUND SERIES A - 13 DIRECT PLAN - GROWTH;INF200KA1960;;11.0267;N.A.;N.A.;03-May-2015
128673;SBI DEBT FUND SERIES A - 13 REGULAR PLAN - DIVIDEND;INF200KA1952;;10.9927;N.A.;N.A.;03-May-2015
128671;SBI DEBT FUND SERIES A - 13 REGULAR PLAN - GROWTH;INF200KA1945;;10.9896;N.A.;N.A.;03-May-2015
128696;SBI DEBT FUND SERIES A - 14 DIRECT PLAN - DIVIDEND;INF200KA1AJ1;;N.A.;N.A.;N.A.;03-May-2015
128693;SBI DEBT FUND SERIES A - 14 DIRECT PLAN - GROWTH;INF200KA1AI3;;11.0012;N.A.;N.A.;03-May-2015
128694;SBI DEBT FUND SERIES A - 14 REGULAR PLAN - DIVIDEND;INF200KA1AH5;;10.9403;N.A.;N.A.;03-May-2015
128695;SBI DEBT FUND SERIES A - 14 REGULAR PLAN - GROWTH;INF200KA1AG7;;10.9403;N.A.;N.A.;03-May-2015
128701;SBI DEBT FUND SERIES A - 15 DIRECT PLAN - DIVIDEND;INF200K015D7;;11.1092;N.A.;N.A.;03-May-2015
128702;SBI DEBT FUND SERIES A - 15 DIRECT PLAN - GROWTH;INF200K014D0;;11.1092;N.A.;N.A.;03-May-2015
128703;SBI DEBT FUND SERIES A - 15 REGULAR PLAN - DIVIDEND;INF200K013D2;;11.0453;N.A.;N.A.;03-May-2015
128704;SBI DEBT FUND SERIES A - 15 REGULAR PLAN - GROWTH;INF200K012D4;;11.0453;N.A.;N.A.;03-May-2015
128930;SBI DEBT FUND SERIES A - 16 DIRECT PLAN - DIVIDEND;INF200KA1AB8;;N.A.;N.A.;N.A.;03-May-2015
128931;SBI DEBT FUND SERIES A - 16 DIRECT PLAN - GROWTH;INF200KA1AA0;;10.9707;N.A.;N.A.;03-May-2015
128932;SBI DEBT FUND SERIES A - 16 REGULAR PLAN - DIVIDEND;INF200KA1994;;N.A.;N.A.;N.A.;03-May-2015
128933;SBI DEBT FUND SERIES A - 16 REGULAR PLAN - GROWTH;INF200KA1986;;10.9644;N.A.;N.A.;03-May-2015
129120;SBI DEBT FUND SERIES A - 17 DIRECT PLAN - DIVIDEND;INF200KA1AV6;;10.9384;N.A.;N.A.;03-May-2015
129117;SBI DEBT FUND SERIES A - 17 DIRECT PLAN - GROWTH;INF200KA1AU8;;10.9384;N.A.;N.A.;03-May-2015
129119;SBI DEBT FUND SERIES A - 17 REGULAR PLAN - DIVIDEND;INF200KA1AT0;;10.9269;N.A.;N.A.;03-May-2015
129118;SBI DEBT FUND SERIES A - 17 REGULAR PLAN - GROWTH;INF200KA1AS2;;10.9269;N.A.;N.A.;03-May-2015
129297;SBI DEBT FUND SERIES A - 18 DIRECT PLAN - DIVIDEND;INF200KA1BH3;;10.9397;N.A.;N.A.;03-May-2015
129299;SBI DEBT FUND SERIES A - 18 DIRECT PLAN - GROWTH;INF200KA1BG5;;10.9397;N.A.;N.A.;03-May-2015
129300;SBI DEBT FUND SERIES A - 18 REGULAR PLAN - DIVIDEND;INF200KA1BF7;;10.9282;N.A.;N.A.;03-May-2015
129298;SBI DEBT FUND SERIES A - 18 REGULAR PLAN - GROWTH;INF200KA1BE0;;10.9282;N.A.;N.A.;03-May-2015
129366;SBI DEBT FUND SERIES A - 19 DIRECT PLAN - DIVIDEND;INF200KA1BP6;;N.A.;N.A.;N.A.;03-May-2015
129363;SBI DEBT FUND SERIES A - 19 DIRECT PLAN - GROWTH;INF200KA1BO9;;10.9434;N.A.;N.A.;03-May-2015
129364;SBI DEBT FUND SERIES A - 19 REGULAR PLAN - DIVIDEND;INF200KA1BN1;;10.9322;N.A.;N.A.;03-May-2015
129365;SBI DEBT FUND SERIES A - 19 REGULAR PLAN - GROWTH;INF200KA1BM3;;10.9321;N.A.;N.A.;03-May-2015
126912;SBI DEBT FUND SERIES A - 2 DIRECT - GROWTH;INF200KA1CI9;;11.1915;N.A.;N.A.;03-May-2015
126913;SBI DEBT FUND SERIES A - 2 DIRECT PLAN - DIVIDEND;INF200KA1CJ7;;N.A.;N.A.;N.A.;03-May-2015
126915;SBI DEBT FUND SERIES A - 2 REGULAR PLAN - DIVIDEND;INF200KA1CH1;;11.1388;N.A.;N.A.;03-May-2015
126914;SBI DEBT FUND SERIES A - 2 REGULAR PLAN - GROWTH;INF200KA1CG3;;11.1388;N.A.;N.A.;03-May-2015
129391;SBI DEBT FUND SERIES A - 20 DIRECT PLAN - DIVIDEND;INF200KA1BT8;;10.9431;N.A.;N.A.;03-May-2015
129392;SBI DEBT FUND SERIES A - 20 DIRECT PLAN - GROWTH;INF200KA1BS0;;10.9431;N.A.;N.A.;03-May-2015
129393;SBI DEBT FUND SERIES A - 20 REGULAR PLAN - DIVIDEND;INF200KA1BR2;;10.9324;N.A.;N.A.;03-May-2015
129394;SBI DEBT FUND SERIES A - 20 REGULAR PLAN - GROWTH;INF200KA1BQ4;;10.9320;N.A.;N.A.;03-May-2015
129442;SBI DEBT FUND SERIES A - 21 DIRECT PLAN - DIVIDEND;INF200KA1BX0;;N.A.;N.A.;N.A.;03-May-2015
129443;SBI DEBT FUND SERIES A - 21 DIRECT PLAN - GROWTH;INF200KA1BW2;;10.9214;N.A.;N.A.;03-May-2015
129445;SBI DEBT FUND SERIES A - 21 REGULAR PLAN - DIVIDEND;INF200KA1BV4;;10.9103;N.A.;N.A.;03-May-2015
129444;SBI DEBT FUND SERIES A - 21 REGULAR PLAN - GROWTH;INF200KA1BU6;;10.9103;N.A.;N.A.;03-May-2015
129658;SBI DEBT FUND SERIES A - 22 DIRECT PLAN - DIVIDEND;INF200KA1CV2;;10.9118;N.A.;N.A.;03-May-2015
129661;SBI DEBT FUND SERIES A - 22 DIRECT PLAN - GROWTH;INF200KA1CU4;;10.9118;N.A.;N.A.;03-May-2015
129659;SBI DEBT FUND SERIES A - 22 REGULAR PLAN - DIVIDEND;INF200KA1CT6;;10.8957;N.A.;N.A.;03-May-2015
129660;SBI DEBT FUND SERIES A - 22 REGULAR PLAN - GROWTH;INF200KA1CS8;;10.8957;N.A.;N.A.;03-May-2015
129662;SBI DEBT FUND SERIES A - 23 DIRECT PLAN - DIVIDEND;INF200K011H7;;11.0691;N.A.;N.A.;03-May-2015
129663;SBI DEBT FUND SERIES A - 23 DIRECT PLAN - GROWTH;INF200K010H9;;11.0691;N.A.;N.A.;03-May-2015
129664;SBI DEBT FUND SERIES A - 23 REGULAR PLAN - DIVIDEND;INF200K019G2;;11.0316;N.A.;N.A.;03-May-2015
129665;SBI DEBT FUND SERIES A - 23 REGULAR PLAN - GROWTH;INF200K018G4;;11.0316;N.A.;N.A.;03-May-2015
129707;SBI DEBT FUND SERIES A - 24 DIRECT PLAN - DIVIDEND;INF200KA1DR8;;10.8982;N.A.;N.A.;03-May-2015
129708;SBI DEBT FUND SERIES A - 24 DIRECT PLAN - GROWTH;INF200KA1DQ0;;10.8982;N.A.;N.A.;03-May-2015
129709;SBI DEBT FUND SERIES A - 24 REGULAR PLAN - DIVIDEND;INF200KA1DP2;;10.8822;N.A.;N.A.;03-May-2015
129710;SBI DEBT FUND SERIES A - 24 REGULAR PLAN - GROWTH;INF200KA1DO5;;10.8822;N.A.;N.A.;03-May-2015
129845;SBI DEBT FUND SERIES A - 25 DIRECT PLAN - DIVIDEND;INF200KA1DV0;;10.8680;N.A.;N.A.;03-May-2015
129848;SBI DEBT FUND SERIES A - 25 DIRECT PLAN - GROWTH;INF200KA1DU2;;10.8680;N.A.;N.A.;03-May-2015
129846;SBI DEBT FUND SERIES A - 25 REGULAR PLAN - DIVIDEND;INF200KA1DT4;;10.8555;N.A.;N.A.;03-May-2015
129847;SBI DEBT FUND SERIES A - 25 REGULAR PLAN - GROWTH;INF200KA1DS6;;10.8555;N.A.;N.A.;03-May-2015
129872;SBI DEBT FUND SERIES A - 26 (682 DAYS) DIRECT PLAN - DIVIDEND;INF200K013I1;;N.A.;N.A.;N.A.;03-May-2015
129869;SBI DEBT FUND SERIES A - 26 (682 DAYS) DIRECT PLAN - GROWTH;INF200K012I3;;10.8855;N.A.;N.A.;03-May-2015
129870;SBI DEBT FUND SERIES A - 26 (682 DAYS) REGULAR PLAN - DIVIDEND;INF200K011I5;;10.8569;N.A.;N.A.;03-May-2015
129871;SBI DEBT FUND SERIES A - 26 (682 DAYS) REGULAR PLAN - GROWTH;INF200K010I7;;10.8569;N.A.;N.A.;03-May-2015
129971;SBI DEBT FUND SERIES A - 27 (366 DAYS) DIRECT PLAN - DIVIDEND;INF200KA1EE4;;10.8396;N.A.;N.A.;03-May-2015
129972;SBI DEBT FUND SERIES A - 27 (366 DAYS) DIRECT PLAN - GROWTH;INF200KA1EF1;;10.8396;N.A.;N.A.;03-May-2015
129973;SBI DEBT FUND SERIES A - 27 (366 DAYS) REGULAR PLAN - DIVIDEND;INF200KA1EG9;;10.8285;N.A.;N.A.;03-May-2015
129974;SBI DEBT FUND SERIES A - 27 (366 DAYS) REGULAR PLAN - GROWTH;INF200KA1EH7;;10.8285;N.A.;N.A.;03-May-2015
130027;SBI DEBT FUND SERIES A - 28 (367 DAYS) - DIRECT PLAN - DIVIDEND;INF200KA1EP0;;10.8240;N.A.;N.A.;03-May-2015
130026;SBI DEBT FUND SERIES A - 28 (367 DAYS) - DIRECT PLAN - GROWTH;INF200KA1EO3;;10.8240;N.A.;N.A.;03-May-2015
130028;SBI DEBT FUND SERIES A - 28 (367 DAYS) - REGULAR PLAN - DIVIDEND;INF200KA1EN5;;10.8131;N.A.;N.A.;03-May-2015
130025;SBI DEBT FUND SERIES A - 28 (367 DAYS) - REGULAR PLAN - GROWTH;INF200KA1EM7;;10.8131;N.A.;N.A.;03-May-2015
127111;SBI DEBT FUND SERIES A - 3 DIRECT - GROWTH;INF200KA1AQ6;;11.1571;N.A.;N.A.;03-May-2015
127112;SBI DEBT FUND SERIES A - 3 DIRECT PLAN - DIVIDEND;INF200KA1AR4;;N.A.;N.A.;N.A.;03-May-2015
127113;SBI DEBT FUND SERIES A - 3 REGULAR PLAN - DIVIDEND;INF200KA1AP8;;11.1202;N.A.;N.A.;03-May-2015
127114;SBI DEBT FUND SERIES A - 3 REGULAR PLAN - GROWTH;INF200KA1AO1;;11.1202;N.A.;N.A.;03-May-2015
130236;SBI DEBT FUND SERIES A - 31 (367 DAYS) DIRECT PLAN - DIVIDEND;INF200KA1EX4;;10.7917;N.A.;N.A.;03-May-2015
130238;SBI DEBT FUND SERIES A - 31 (367 DAYS) DIRECT PLAN - GROWTH;INF200KA1EW6;;10.7917;N.A.;N.A.;03-May-2015
130235;SBI DEBT FUND SERIES A - 31 (367 DAYS) REGULAR PLAN - DIVIDEND;INF200KA1EV8;;10.7823;N.A.;N.A.;03-May-2015
130237;SBI DEBT FUND SERIES A - 31 (367 DAYS) REGULAR PLAN - GROWTH;INF200KA1EU0;;10.7823;N.A.;N.A.;03-May-2015
130282;SBI DEBT FUND SERIES A - 32 (367 DAYS) DIRECT PLAN - DIVIDEND;INF200KA1FB7;;10.7712;N.A.;N.A.;03-May-2015
130283;SBI DEBT FUND SERIES A - 32 (367 DAYS) DIRECT PLAN - GROWTH;INF200KA1FA9;;10.7712;N.A.;N.A.;03-May-2015
130284;SBI DEBT FUND SERIES A - 32 (367 DAYS) REGULAR PLAN - DIVIDEND;INF200KA1EZ9;;10.7620;N.A.;N.A.;03-May-2015
130281;SBI DEBT FUND SERIES A - 32 (367 DAYS) REGULAR PLAN - GROWTH;INF200KA1EY2;;10.7619;N.A.;N.A.;03-May-2015
130285;SBI DEBT FUND SERIES A - 33 (36 Months) DIRECT PLAN - DIVIDEND;INF200K015L0;;10.9113;N.A.;N.A.;03-May-2015
130286;SBI DEBT FUND SERIES A - 33 (36 Months) DIRECT PLAN - GROWTH;INF200K014L3;;10.9113;N.A.;N.A.;03-May-2015
130287;SBI DEBT FUND SERIES A - 33 (36 Months) REGULAR PLAN - DIVIDEND;INF200K013L5;;10.8787;N.A.;N.A.;03-May-2015
130288;SBI DEBT FUND SERIES A - 33 (36 Months) REGULAR PLAN - GROWTH;INF200K012L7;;10.8787;N.A.;N.A.;03-May-2015
130321;SBI DEBT FUND SERIES A - 34 (367 Days)  REGULAR PLAN - DIVIDEND;INF200KA1FD3;;10.7560;N.A.;N.A.;03-May-2015
130324;SBI DEBT FUND SERIES A - 34 (367 DAYS) DIRECT PLAN - DIVIDEND;INF200KA1FF8;;10.7674;N.A.;N.A.;03-May-2015
130322;SBI DEBT FUND SERIES A - 34 (367 DAYS) DIRECT PLAN - GROWTH;INF200KA1FE1;;10.7674;N.A.;N.A.;03-May-2015
130323;SBI DEBT FUND SERIES A - 34 (367 DAYS) REGULAR PLAN - GROWTH;INF200KA1FC5;;10.7581;N.A.;N.A.;03-May-2015
130444;SBI DEBT FUND SERIES A - 35 (369 DAYS) DIRECT PLAN - DIVIDEND;INF200KA1FN2;;N.A.;N.A.;N.A.;03-May-2015
130445;SBI DEBT FUND SERIES A - 35 (369 DAYS) DIRECT PLAN - GROWTH;INF200KA1FM4;;10.7350;N.A.;N.A.;03-May-2015
130443;SBI DEBT FUND SERIES A - 35 (369 Days) REGULAR PLAN - DIVIDEND;INF200KA1FL6;;10.7261;N.A.;N.A.;03-May-2015
130442;SBI DEBT FUND SERIES A - 35 (369 DAYS) REGULAR PLAN - GROWTH;INF200KA1FK8;;10.7260;N.A.;N.A.;03-May-2015
130599;SBI DEBT FUND SERIES A - 36 (36 Months) DIRECT PLAN - DIVIDEND;INF200K017M4;;10.9175;N.A.;N.A.;03-May-2015
130601;SBI DEBT FUND SERIES A - 36 (36 Months) DIRECT PLAN - GROWTH;INF200K016M6;;10.9175;N.A.;N.A.;03-May-2015
130600;SBI DEBT FUND SERIES A - 36 (36 Months) REGULAR PLAN - DIVIDEND;INF200K015M8;;10.8864;N.A.;N.A.;03-May-2015
130602;SBI DEBT FUND SERIES A - 36 (36 Months) REGULAR PLAN - GROWTH;INF200K014M1;;10.8864;N.A.;N.A.;03-May-2015
130830;SBI DEBT FUND SERIES A - 38 (1100 DAYS) DIRECT PLAN - DIVIDEND;INF200K019N8;;10.8456;N.A.;N.A.;03-May-2015
130831;SBI DEBT FUND SERIES A - 38 (1100 DAYS) DIRECT PLAN - GROWTH;INF200K018N0;;10.8456;N.A.;N.A.;03-May-2015
130832;SBI DEBT FUND SERIES A - 38 (1100 Days) REGULAR PLAN - DIVIDEND;INF200K017N2;;10.8170;N.A.;N.A.;03-May-2015
130833;SBI DEBT FUND SERIES A - 38 (1100 DAYS) REGULAR PLAN - GROWTH;INF200K016N4;;10.8170;N.A.;N.A.;03-May-2015
130984;SBI DEBT FUND SERIES A - 39 (1100 DAYS) - DIRECT PLAN - DIVIDEND;INF200K011P0;;10.8143;N.A.;N.A.;03-May-2015
130982;SBI DEBT FUND SERIES A - 39 (1100 DAYS) - REGULAR PLAN - DIVIDEND;INF200K019O6;;10.7871;N.A.;N.A.;03-May-2015
130981;SBI DEBT FUND SERIES A - 39 (1100 DAYS) - REGULAR PLAN - GROWTH;INF200K018O8;;10.7870;N.A.;N.A.;03-May-2015
130983;SBI DEBT FUNDS SERIES A - 39 (1100 DAYS) - DIRECT PLAN - GROWTH;INF200K010P2;;10.8143;N.A.;N.A.;03-May-2015
127337;SBI DEBT FUND SERIES A - 4 DIRECT - GROWTH;INF200K01Z04;;11.2565;N.A.;N.A.;03-May-2015
127340;SBI DEBT FUND SERIES A - 4 DIRECT PLAN - DIVIDEND;INF200K01Z12;;11.2565;N.A.;N.A.;03-May-2015
127338;SBI DEBT FUND SERIES A - 4 REGULAR PLAN - DIVIDEND;INF200K01Y96;;11.2054;N.A.;N.A.;03-May-2015
127339;SBI DEBT FUND SERIES A - 4 REGULAR PLAN - GROWTH;INF200K01Y88;;11.2054;N.A.;N.A.;03-May-2015
131129;SBI DEBT FUND SERIES A - 40 (1100 DAYS) - DIRECT PLAN - DIVIDEND;INF200K017Q5;;N.A.;N.A.;N.A.;03-May-2015
131128;SBI DEBT FUND SERIES A - 40 (1100 DAYS) - DIRECT PLAN - GROWTH;INF200K016Q7;;10.7528;N.A.;N.A.;03-May-2015
131127;SBI DEBT FUND SERIES A - 40 (1100 DAYS) - REGULAR PLAN - DIVIDEND;INF200K015Q9;;10.7289;N.A.;N.A.;03-May-2015
131130;SBI DEBT FUND SERIES A - 40 (1100 DAYS) - REGULAR PLAN - GROWTH;INF200K014Q2;;10.7271;N.A.;N.A.;03-May-2015
131275;SBI DEBT FUND SERIES A - 42 (1111 DAYS) - DIRECT PLAN - DIVIDEND;INF200K019R9;;N.A.;N.A.;N.A.;03-May-2015
131276;SBI DEBT FUND SERIES A - 42 (1111 DAYS) - DIRECT PLAN - GROWTH;INF200K018R1;;10.7596;N.A.;N.A.;03-May-2015
131274;SBI DEBT FUND SERIES A - 42 (1111 DAYS) - REGULAR PLAN - DIVIDEND;INF200K017R3;;10.7353;N.A.;N.A.;03-May-2015
131273;SBI DEBT FUND SERIES A - 42 (1111 DAYS) - REGULAR PLAN - GROWTH;INF200K016R5;;10.7353;N.A.;N.A.;03-May-2015
131403;SBI DEBT FUND SERIES A - 43 (1111 DAYS) - DIRECT PLAN - DIVIDEND;INF200K011T2;;10.6902;N.A.;N.A.;03-May-2015
131401;SBI DEBT FUND SERIES A - 43 (1111 DAYS) - DIRECT PLAN - GROWTH;INF200K010T4;;10.6902;N.A.;N.A.;03-May-2015
131400;SBI DEBT FUND SERIES A - 43 (1111 DAYS) - REGULAR PLAN - DIVIDEND;INF200K019S7;;10.6677;N.A.;N.A.;03-May-2015
131402;SBI DEBT FUND SERIES A - 43 (1111 DAYS) - REGULAR PLAN - GROWTH;INF200K018S9;;10.6677;N.A.;N.A.;03-May-2015
131468;SBI DEBT FUND SERIES A - 44 (1111 DAYS) - DIRECT PLAN - DIVIDEND;INF200K014U4;;10.6231;N.A.;N.A.;03-May-2015
131469;SBI DEBT FUND SERIES A - 44 (1111 DAYS) - DIRECT PLAN - GROWTH;INF200K013U6;;10.6229;N.A.;N.A.;03-May-2015
131467;SBI DEBT FUND SERIES A - 44 (1111 DAYS) - REGULAR PLAN - DIVIDEND;INF200K012U8;;10.6018;N.A.;N.A.;03-May-2015
131466;SBI DEBT FUND SERIES A - 44 (1111 DAYS) - REGULAR PLAN - GROWTH;INF200K011U0;;10.6018;N.A.;N.A.;03-May-2015
127516;SBI DEBT FUND SERIES A - 5 DIRECT - GROWTH;INF200KA1AM5;;11.1415;N.A.;N.A.;03-May-2015
127517;SBI DEBT FUND SERIES A - 5 DIRECT PLAN - DIVIDEND;INF200KA1AN3;;N.A.;N.A.;N.A.;03-May-2015
127514;SBI DEBT FUND SERIES A - 5 REGULAR PLAN - DIVIDEND;INF200KA1AL7;;11.1109;N.A.;N.A.;03-May-2015
127515;SBI DEBT FUND SERIES A - 5 REGULAR PLAN - GROWTH;INF200KA1AK9;;11.1109;N.A.;N.A.;03-May-2015
128158;SBI DEBT FUND SERIES A - 6 DIRECT - GROWTH;INF200K01Z87;;11.2329;N.A.;N.A.;03-May-2015
128159;SBI DEBT FUND SERIES A - 6 DIRECT PLAN - DIVIDEND;INF200K01Z95;;N.A.;N.A.;N.A.;03-May-2015
128160;SBI DEBT FUND SERIES A - 6 REGULAR PLAN - DIVIDEND;INF200K01Z79;;11.1679;N.A.;N.A.;03-May-2015
128157;SBI DEBT FUND SERIES A - 6 REGULAR PLAN - GROWTH;INF200K01Z61;;11.1679;N.A.;N.A.;03-May-2015
128161;SBI DEBT FUND SERIES A - 7 DIRECT - GROWTH;INF200K012A0;;11.3077;N.A.;N.A.;03-May-2015
128162;SBI DEBT FUND SERIES A - 7 DIRECT PLAN - DIVIDEND;INF200K013A8;;11.3077;N.A.;N.A.;03-May-2015
128163;SBI DEBT FUND SERIES A - 7 REGULAR PLAN - DIVIDEND;INF200K011A2;;11.2508;N.A.;N.A.;03-May-2015
128164;SBI DEBT FUND SERIES A - 7 REGULAR PLAN - GROWTH;INF200K010A4;;11.2508;N.A.;N.A.;03-May-2015
128321;SBI DEBT FUND SERIES A - 9 DIRECT - GROWTH;INF200KA1713;;11.0924;N.A.;N.A.;03-May-2015
128322;SBI DEBT FUND SERIES A - 9 DIRECT PLAN - DIVIDEND;INF200KA1721;;N.A.;N.A.;N.A.;03-May-2015
128324;SBI DEBT FUND SERIES A - 9 REGULAR PLAN - DIVIDEND;INF200KA1739;;N.A.;N.A.;N.A.;03-May-2015
128323;SBI DEBT FUND SERIES A - 9 REGULAR PLAN - GROWTH;INF200KA1705;;11.0595;N.A.;N.A.;03-May-2015
131594;SBI DEBT FUND SERIES B - 1 (1111 DAYS) - DIRECT PLAN - DIVIDEND;INF200K018U5;;10.5912;N.A.;N.A.;03-May-2015
131596;SBI DEBT FUND SERIES B - 1 (1111 DAYS) - DIRECT PLAN - GROWTH;INF200K017U7;;10.5912;N.A.;N.A.;03-May-2015
131597;SBI DEBT FUND SERIES B - 1 (1111 DAYS) - REGULAR PLAN - DIVIDEND;INF200K016U9;;10.5716;N.A.;N.A.;03-May-2015
131595;SBI DEBT FUND SERIES B - 1 (1111 DAYS) - REGULAR PLAN - GROWTH;INF200K015U1;;10.5716;N.A.;N.A.;03-May-2015
132858;SBI DEBT FUND SERIES B - 2 (1111 DAYS) - DIRECT PLAN - DIVIDEND;INF200K010W8;;10.5023;N.A.;N.A.;03-May-2015
132856;SBI DEBT FUND SERIES B - 2 (1111 DAYS) - DIRECT PLAN - GROWTH;INF200K013W2;;10.5023;N.A.;N.A.;03-May-2015
132855;SBI DEBT FUND SERIES B - 2 (1111 DAYS) - REGULAR PLAN - DIVIDEND;INF200K012W4;;10.4841;N.A.;N.A.;03-May-2015
132857;SBI DEBT FUND SERIES B - 2 (1111 DAYS) - REGULAR PLAN - GROWTH;INF200K011W6;;10.4841;N.A.;N.A.;03-May-2015
132991;SBI DEBT FUND SERIES B - 3 (1111 DAYS) - DIRECT PLAN - DIVIDEND;INF200K013Y8;;10.4458;N.A.;N.A.;03-May-2015
132994;SBI DEBT FUND SERIES B - 3 (1111 DAYS) - DIRECT PLAN - GROWTH;INF200K012Y0;;10.4459;N.A.;N.A.;03-May-2015
132993;SBI DEBT FUND SERIES B - 3 (1111 DAYS) - REGULAR PLAN - DIVIDEND;INF200K011Y2;;10.4288;N.A.;N.A.;03-May-2015
132992;SBI DEBT FUND SERIES B - 3 (1111 DAYS) - REGULAR PLAN - GROWTH;INF200K010Y4;;10.4288;N.A.;N.A.;03-May-2015
133196;SBI DEBT FUND SERIES B - 4 (1111 DAYS) - DIRECT PLAN - DIVIDEND;INF200K019Z2;;10.3607;N.A.;N.A.;03-May-2015
133198;SBI DEBT FUND SERIES B - 4 (1111 DAYS) - DIRECT PLAN - GROWTH;INF200K018Z4;;10.3607;N.A.;N.A.;03-May-2015
133197;SBI DEBT FUND SERIES B - 4 (1111 DAYS) - REGULAR PLAN - DIVIDEND;INF200K017Z6;;10.3461;N.A.;N.A.;03-May-2015
133195;SBI DEBT FUND SERIES B - 4 (1111 DAYS) - REGULAR PLAN - GROWTH;INF200K016Z8;;10.3461;N.A.;N.A.;03-May-2015
133333;SBI DEBT FUND SERIES B - 6 (1111 DAYS) - DIRECT PLAN - DIVIDEND;INF200KA1267;;10.3063;N.A.;N.A.;03-May-2015
133332;SBI DEBT FUND SERIES B - 6 (1111 DAYS) - DIRECT PLAN - GROWTH;INF200KA1259;;10.3060;N.A.;N.A.;03-May-2015
133331;SBI DEBT FUND SERIES B - 6 (1111 DAYS) - REGULAR PLAN - DIVIDEND;INF200KA1242;;10.2937;N.A.;N.A.;03-May-2015
133330;SBI DEBT FUND SERIES B - 6 (1111 DAYS) - REGULAR PLAN - GROWTH;INF200KA1234;;10.2937;N.A.;N.A.;03-May-2015
133853;SBI DEBT FUND SERIES B - 7 (38 MONTHS) - DIRECT PLAN - DIVIDEND;INF200KA1465;;N.A.;N.A.;N.A.;03-May-2015
133856;SBI DEBT FUND SERIES B - 7 (38 MONTHS) - DIRECT PLAN - GROWTH;INF200KA1457;;10.1653;N.A.;N.A.;03-May-2015
133854;SBI DEBT FUND SERIES B - 7 (38 MONTHS) - REGUALR PLAN - DIVIDEND;INF200KA1440;;10.1584;N.A.;N.A.;03-May-2015
133855;SBI DEBT FUNS SERIES B - 7 (38 MONTHS) - REGULAR PLAN - GROWTH;INF200KA1432;;10.1592;N.A.;N.A.;03-May-2015
134316;SBI DEBT FUND SERIES B - 8 (1105 DAYS) - DIRECT PLAN - DIVIDEND;INF200KA1895;;10.0901;N.A.;N.A.;03-May-2015
134313;SBI DEBT FUND SERIES B - 8 (1105 DAYS) - DIRECT PLAN - GROWTH;INF200KA1887;;10.0899;N.A.;N.A.;03-May-2015
134314;SBI DEBT FUND SERIES B - 8 (1105 DAYS) - REGULAR PLAN - DIVIDEND;INF200KA1879;;10.0862;N.A.;N.A.;03-May-2015
134315;SBI DEBT FUND SERIES B - 8 (1105 DAYS) - REGULAR PLAN - GROWTH;INF200KA1861;;10.0862;N.A.;N.A.;03-May-2015
134319;SBI DEBT FUND SERIES B - 9 (1105 DAYS) - DIRECT PLAN - DIVIDEND;INF200KA1937;;10.0536;N.A.;N.A.;03-May-2015
134320;SBI DEBT FUND SERIES B - 9 (1105 DAYS) - DIRECT PLAN - GROWTH;INF200KA1929;;10.0533;N.A.;N.A.;03-May-2015
134318;SBI DEBT FUND SERIES B - 9 (1105 DAYS) - REGULAR PLAN - DIVIDEND;INF200KA1911;;10.0502;N.A.;N.A.;03-May-2015
134317;SBI DEBT FUND SERIES B - 9 (1105 DAYS) - REGULAR PLAN - GROWTH;INF200KA1903;;10.0502;N.A.;N.A.;03-May-2015
126466;SBI Dual Advantage Fund Series - I - Direct Plan - Dividend;INF200K01X55;;12.0735;N.A.;N.A.;03-May-2015
126465;SBI Dual Advantage Fund Series - I - Direct Plan - Growth;INF200K01X48;;12.0908;N.A.;N.A.;03-May-2015
126464;SBI Dual Advantage Fund Series - I - Regular Plan - Dividend;INF200K01X30;;12.0224;N.A.;N.A.;03-May-2015
126463;SBI Dual Advantage Fund Series - I - Regular Plan - Growth;INF200K01X22;;12.0222;N.A.;N.A.;03-May-2015
129423;SBI Dual Advantage Fund Series - II Direct Plan - Dividend;INF200K015F2;;11.2863;N.A.;N.A.;03-May-2015
129421;SBI Dual Advantage Fund Series - II Direct Plan - Growth;INF200K014F5;;11.2868;N.A.;N.A.;03-May-2015
129422;SBI Dual Advantage Fund Series - II Regular Plan - Dividend;INF200K013F7;;11.2707;N.A.;N.A.;03-May-2015
129424;SBI Dual Advantage Fund Series - II Regular Plan - Growth;INF200K012F9;;11.2707;N.A.;N.A.;03-May-2015
130023;SBI Dual Advantage Fund - Series III - Direct Plan - Dividend;INF200K015J4;;11.0299;N.A.;N.A.;03-May-2015
130024;SBI Dual Advantage Fund - Series III - Direct Plan - Growth;INF200K014J7;;11.0299;N.A.;N.A.;03-May-2015
130022;SBI Dual Advantage Fund - Series III - Regular Plan - Dividend;INF200K013J9;;11.0192;N.A.;N.A.;03-May-2015
130021;SBI Dual Advantage Fund - Series III - Regular Plan - Growth;INF200K012J1;;11.0192;N.A.;N.A.;03-May-2015
131132;SBI DUAL ADVANTAGE FUND - SERIES IV - DIRECT PLAN - DIVIDEND;INF200K013Q4;;10.8178;N.A.;N.A.;03-May-2015
131131;SBI DUAL ADVANTAGE FUND - SERIES IV - DIRECT PLAN - GROWTH;INF200K012Q6;;10.8227;N.A.;N.A.;03-May-2015
131134;SBI DUAL ADVANTAGE FUND - SERIES IV - REGULAR PLAN - DIVIDEND;INF200K011Q8;;10.8143;N.A.;N.A.;03-May-2015
131133;SBI DUAL ADVANTAGE FUND - SERIES IV - REGULAR PLAN - GROWTH;INF200K010Q0;;10.8142;N.A.;N.A.;03-May-2015
132920;SBI DUAL ADVANTAGE FUND - SERIES V - DIRECT PLAN - DIVIDEND;INF200K015X5;;10.3765;N.A.;N.A.;03-May-2015
132919;SBI DUAL ADVANTAGE FUND - SERIES V - DIRECT PLAN - GROWTH;INF200K014X8;;10.3762;N.A.;N.A.;03-May-2015
132922;SBI DUAL ADVANTAGE FUND - SERIES V - REGULAR PLAN - DIVIDEND;INF200K013X0;;10.3621;N.A.;N.A.;03-May-2015
132921;SBI DUAL ADVANTAGE FUND - SERIES V - REGULAR PLAN - GROWTH;INF200K012X2;;10.3621;N.A.;N.A.;03-May-2015
133283;SBI DUAL ADVANTAGE FUND - SERIES VI - DIRECT PLAN - DIVIDEND;INF200KA1184;;10.3182;N.A.;N.A.;03-May-2015
133282;SBI DUAL ADVANTAGE FUND - SERIES VI - DIRECT PLAN - GROWTH;INF200KA1176;;10.3182;N.A.;N.A.;03-May-2015
133284;SBI DUAL ADVANTAGE FUND - SERIES VI - REGULAR PLAN - DIVIDEND;INF200KA1168;;10.3102;N.A.;N.A.;03-May-2015
133281;SBI DUAL ADVANTAGE FUND - SERIES VI - REGULAR PLAN - GROWTH;INF200KA1150;;10.3102;N.A.;N.A.;03-May-2015
133717;SBI DUAL ADVANTAGE FUND - SERIES VII - DIRECT PLAN - DIVIDEND;INF200KA1424;;10.1093;N.A.;N.A.;03-May-2015
133716;SBI DUAL ADVANTAGE FUND - SERIES VII - DIRECT PLAN - GROWTH;INF200KA1416;;10.1093;N.A.;N.A.;03-May-2015
133715;SBI DUAL ADVANTAGE FUND - SERIES VII - REGULAR PLAN - DIVIDEND;INF200KA1408;;10.1039;N.A.;N.A.;03-May-2015
133718;SBI DUAL ADVANTAGE FUND - SERIES VII - REGULAR PLAN - GROWTH;INF200KA1390;;10.1037;N.A.;N.A.;03-May-2015
134193;SBI DUAL ADVANTAGE FUND - SERIES VIII - DIRECT PLAN - DIVIDEND;INF200KA1770;;9.9359;N.A.;N.A.;03-May-2015
134196;SBI DUAL ADVANTAGE FUND - SERIES VIII - DIRECT PLAN - GROWTH;INF200KA1762;;9.9360;N.A.;N.A.;03-May-2015
134194;SBI DUAL ADVANTAGE FUND - SERIES VIII - REGULAR PLAN - DIVIDEND;INF200KA1754;;9.9345;N.A.;N.A.;03-May-2015
134195;SBI DUAL ADVANTAGE FUND - SERIES VIII - REGULAR PLAN - GROWTH;INF200KA1747;;9.9341;N.A.;N.A.;03-May-2015

Close Ended Schemes ( Growth )


SBI Mutual Fund
131339;SBI EQUITY OPPORTUNITIES FUND - SERIES I - DIRECT PLAN - DIVIDEND;INF200K017S1;;11.9003;N.A.;N.A.;03-May-2015
131338;SBI EQUITY OPPORTUNITIES FUND - SERIES I - DIRECT PLAN - GROWTH;INF200K016S3;;11.8941;N.A.;N.A.;03-May-2015
131337;SBI EQUITY OPPORTUNITIES FUND - SERIES I - REGULAR PLAN - DIVIDEND;INF200K015S5;;11.8742;N.A.;N.A.;03-May-2015
131336;SBI EQUITY OPPORTUNITIES FUND - SERIES I - REGULAR PLAN - GROWTH;INF200K014S8;;11.8743;N.A.;N.A.;03-May-2015
133109;SBI EQUITY OPPORTUNITIES FUND - SERIES II - DIRECT PLAN - DIVIDEND;INF200K011Z9;;10.5648;N.A.;N.A.;03-May-2015
133108;SBI EQUITY OPPORTUNITIES FUND - SERIES II - DIRECT PLAN - GROWTH;INF200K010Z1;;10.5657;N.A.;N.A.;03-May-2015
133107;SBI EQUITY OPPORTUNITIES FUND - SERIES II - REGULAR PLAN - DIVIDEND;INF200K019Y5;;10.5520;N.A.;N.A.;03-May-2015
133106;SBI EQUITY OPPORTUNITIES FUND - SERIES II - REGULAR PLAN - GROWTH;INF200K018Y7;;10.5523;N.A.;N.A.;03-May-2015
