Scheme Code;Scheme Name;ISIN Div Payout/ISIN Growth;ISIN Div Reinvestment;Net Asset Value;Repurchase Price;Sale Price;Date

Open Ended Schemes ( Liquid )


PGIM India Mutual Fund
120102;DHFL Pramerica Liquid Fund - Direct Plan-Daily Dividend Option;;INF663L01633;1000.4200;1000.4200;1000.4200;04-Jan-2014
120104;DHFL Pramerica Liquid Fund - Direct Plan-Growth Option;INF663L01625;;1340.7402;1340.7402;1340.7402;04-Jan-2014
120105;DHFL Pramerica Liquid Fund - Direct Plan-Monthly Dividend Option;INF663L01682;INF663L01666;1002.3789;1002.3789;1002.3789;04-Jan-2014
120106;DHFL Pramerica Liquid Fund - Direct Plan-Weekly Dividend - Option;;INF663L01641;1001.1371;1001.1371;1001.1371;04-Jan-2014
113184;DHFL Pramerica Liquid Fund - Dividend Option - Daily;;INF663L01088;1000.3700;1000.3700;1000.3700;04-Jan-2014
113187;DHFL Pramerica Liquid Fund - Dividend Option - Fortnightly;INF663L01120;INF663L01104;1002.2295;1002.2295;1002.2295;04-Jan-2014
113186;DHFL Pramerica Liquid Fund - Dividend Option - Monthly;INF663L01138;INF663L01112;1002.2290;1002.2290;1002.2290;04-Jan-2014
113183;DHFL Pramerica Liquid Fund - Growth Option;INF663L01070;;1339.2294;1339.2294;1339.2294;04-Jan-2014
113185;DHFL Pramerica Liquid Fund -Dividend Option- Weekly;;INF663L01096;1000.9998;1000.9998;1000.9998;04-Jan-2014
122257;DHFL Pramerica Liquid Fund-Bonus Option;INF663L01BD5;;1339.1152;1339.1152;1339.1152;04-Jan-2014
122258;DHFL Pramerica Liquid Fund-Direct Plan-Bonus Option;INF663L01BE3;;1340.6007;1340.6007;1340.6007;04-Jan-2014

PineBridge Mutual Fund
119355;PineBridge India Liquid Fund- Direct Plan- Daily Dividend Option;;INF178L01AV8;1001.0000;1001.0000;1001.0000;04-Jan-2014
119360;PineBridge India Liquid Fund- Direct Plan- Growth Option;INF178L01AP0;;1579.4402;1579.4402;1579.4402;04-Jan-2014
106513;PineBridge India Liquid Fund- Standard Plan-Daily Dividend Option;;INF178L01699;1001.0000;1001.0000;1001.0000;04-Jan-2014
106508;PineBridge India Liquid Fund- Standard Plan-Growth Option;INF178L01715;;1578.3390;1578.3390;1578.3390;04-Jan-2014
106519;PineBridge India Liquid Fund- Standard Plan-Monthly Dividend Option;INF178L01723;INF178L01731;1002.9704;1002.9704;1002.9704;04-Jan-2014
106520;PineBridge India Liquid Fund- Standard Plan-Quarterly Dividend Option;INF178L01749;INF178L01756;1002.9763;1002.9763;1002.9763;04-Jan-2014
106509;PineBridge India Liquid Fund- Standard Plan-Weekly Dividend Option;;INF178L01764;1002.0630;1002.0630;1002.0630;04-Jan-2014
106503;PineBridge India Liquid Fund-Retail Plan-DailyDividend Option;;INF178L01533;1001.0000;1001.0000;1001.0000;04-Jan-2014
106514;PineBridge India Liquid Fund-Retail Plan-Growth Option;INF178L01558;;1541.7649;1541.7649;1541.7649;04-Jan-2014
106504;PineBridge India Liquid Fund-Retail Plan-Monthly Dividend Option;INF178L01566;INF178L01574;1002.9719;1002.9719;1002.9719;04-Jan-2014
106510;PineBridge India Liquid Fund-Retail Plan-Weekly Dividend Option;;INF178L01608;1002.0631;1002.0631;1002.0631;04-Jan-2014

Sahara Mutual Fund
101397;Sahara Liquid Fund-Fixed Pricing -  Weekly Dividend Option;;INF515L01064;1027.4373;1027.4373;1027.4373;04-Jan-2014
101393;Sahara Liquid Fund-Fixed Pricing - Daily Dividend Option;;INF515L01049;1036.8204;1036.8204;1036.8204;04-Jan-2014
120265;Sahara Liquid Fund-Fixed Pricing - Direct - Weekly Dividend Option;;INF515L01668;1027.4373;1027.4373;1027.4373;04-Jan-2014
120262;Sahara Liquid Fund-Fixed Pricing - Direct -Growth option;INF515L01650;;2257.3896;2257.3896;2257.3896;04-Jan-2014
101394;Sahara Liquid Fund-Fixed Pricing - Growth option;INF515L01056;;2256.7964;2256.7964;2256.7964;04-Jan-2014
101398;Sahara Liquid Fund-Fixed Pricing - Monthly Dividend Option;;INF515L01072;1040.8366;1040.8366;1040.8366;04-Jan-2014
120253;Sahara Liquid Fund-Fixed Pricing -Direct - Daily Dividend Option- Direct;;INF515L01643;1036.8204;1036.8204;1036.8204;04-Jan-2014
120266;Sahara Liquid Fund-Fixed Pricing -Direct - Monthly Dividend Option;;INF515L01676;1040.8366;1040.8366;1040.8366;04-Jan-2014
101399;Sahara Liquid Fund-Variable Pricing - Daily Dividend option;;INF515L01080;1036.8655;1036.8655;1036.8655;04-Jan-2014
101402;Sahara Liquid Fund-Variable Pricing - Growth option;INF515L01114;;2279.5477;2279.5477;2279.5477;04-Jan-2014
101400;Sahara Liquid Fund-Variable Pricing - Weekly Dividend Option;;INF515L01098;1042.3251;1042.3251;1042.3251;04-Jan-2014
120271;Sahara Liquid Fund-Variable Pricing -Direct - Daily Dividend option;;INF515L01684;1036.8655;1036.8655;1036.8655;04-Jan-2014
120280;Sahara Liquid Fund-Variable Pricing -Direct - Growth option;INF515L01718;;2280.4898;2280.4898;2280.4898;04-Jan-2014
120272;Sahara Liquid Fund-Variable Pricing -Direct - Weekly Dividend Option;;INF515L01692;1042.3251;1042.3251;1042.3251;04-Jan-2014
120273;Sahara Liquid Fund-Variable Pricing- Direct - Monthly Dividend Option;;INF515L01700;1047.5813;1047.5813;1047.5813;04-Jan-2014
101401;Sahara Liquid Fund-Variable Pricing- Monthly Dividend Option;;INF515L01106;1044.8897;1044.8897;1044.8897;04-Jan-2014

Open Ended Schemes ( Debt Scheme - Overnight Fund )


SBI Mutual Fund
119831;SBI Overnight Fund - Direct Plan - Daily Income Distribution cum Capital Withdrawal Option (IDCW);;INF200K01TJ7;1009.9100;1009.9100;1009.9100;04-Jan-2014
119833;SBI OVERNIGHT FUND - DIRECT PLAN - GROWTH;INF200K01TK5;;2154.0469;2154.0469;2154.0469;04-Jan-2014
119832;SBI Overnight Fund - Direct Plan - Weekly Income Distribution cum Capital Withdrawal Option (IDCW);INF200K01TL3;INF200K01TM1;1031.1904;1031.1904;1031.1904;04-Jan-2014
114297;SBI Overnight Fund - Regular Plan - Daily Income Distribution cum Capital Withdrawal Option (IDCW);;INF200K01LN6;1009.9100;1009.9100;1009.9100;04-Jan-2014
101206;SBI OVERNIGHT FUND - REGULAR PLAN - GROWTH;INF200K01LQ9;;2150.9723;2150.9723;2150.9723;04-Jan-2014
103140;SBI Overnight Fund - Regular Plan - Weekly Income Distribution cum Capital Withdrawal Option (IDCW);INF200K01LO4;INF200K01LP1;1031.1903;1031.1903;1031.1903;04-Jan-2014

Open Ended Schemes ( Debt Scheme - Liquid Fund )


Axis Mutual Fund
120388;Axis Liquid Fund - Direct Plan - Daily IDCW;;INF846K01DA0;1000.1178;1000.1178;1000.1178;04-Jan-2014
120389;Axis Liquid Fund - Direct Plan - Growth Option;INF846K01CX4;;1392.3772;1392.3772;1392.3772;04-Jan-2014
120391;Axis Liquid Fund - Direct Plan - Monthly IDCW;INF846K01CY2;INF846K01CZ9;1002.3053;1002.3053;1002.3053;04-Jan-2014
120390;Axis Liquid Fund - Direct Plan - Weekly IDCW;INF846K01DB8;INF846K01DC6;1003.3267;1003.3267;1003.3267;04-Jan-2014
112211;Axis Liquid Fund - Regular Plan - Daily IDCW;;INF846K01420;1000.1178;1000.1178;1000.1178;04-Jan-2014
112210;Axis Liquid Fund - Regular Plan - Growth Option;INF846K01412;;1391.4175;1391.4175;1391.4175;04-Jan-2014
112213;Axis Liquid Fund - Regular Plan - Monthly IDCW;INF846K01453;INF846K01461;1002.2873;1002.2873;1002.2873;04-Jan-2014
112212;Axis Liquid Fund - Regular Plan - Weekly IDCW;INF846K01438;INF846K01446;1003.3158;1003.3158;1003.3158;04-Jan-2014
112712;Axis Liquid Fund - Retail Plan - Daily IDCW;;INF846K01362;1000.1178;1000.1178;1000.1178;04-Jan-2014
112713;Axis Liquid Fund - Retail Plan - Growth Option;INF846K01354;;1350.9048;1350.9048;1350.9048;04-Jan-2014
112714;Axis Liquid Fund - Retail Plan - Monthly IDCW;INF846K01396;INF846K01404;1002.1605;1002.1605;1002.1605;04-Jan-2014
112715;Axis Liquid Fund - Retail Plan - Weekly IDCW;INF846K01370;INF846K01388;1001.2644;1001.2644;1001.2644;04-Jan-2014

Canara Robeco Mutual Fund
118307;CANARA ROBECO LIQUID FUND - DIRECT PLAN - DAILY IDCW (Reinvestment);;INF760K01FS0;1005.5000;1005.5000;1005.5000;04-Jan-2014
118305;CANARA ROBECO LIQUID FUND - DIRECT PLAN - GROWTH OPTION;INF760K01FU6;;1528.1032;1528.1032;1528.1032;04-Jan-2014
118304;CANARA ROBECO LIQUID FUND - DIRECT PLAN - IDCW (Payout/Reinvestment);INF760K01FT8;;1094.0241;1094.0241;1094.0241;04-Jan-2014
118306;CANARA ROBECO LIQUID FUND - DIRECT PLAN - MONTHLY IDCW (Payout/Reinvestment);INF760K01FV4;INF760K01FW2;1002.6963;1002.6963;1002.6963;04-Jan-2014
118308;CANARA ROBECO LIQUID FUND - DIRECT PLAN - WEEKLY IDCW (Payout/Reinvestment);INF760K01FY8;INF760K01FX0;1000.7921;1000.7921;1000.7921;04-Jan-2014
109349;CANARA ROBECO LIQUID FUND - REGULAR PLAN - DAILY IDCW (Reinvestment);;INF760K01CU3;1005.5000;1005.5000;1005.5000;04-Jan-2014
109353;CANARA ROBECO LIQUID FUND - REGULAR PLAN - GROWTH OPTION;INF760K01CW9;;1527.1470;1527.1470;1527.1470;04-Jan-2014
109351;CANARA ROBECO LIQUID FUND - REGULAR PLAN - MONTHLY IDCW (Payout/Reinvestment);INF760K01CX7;INF760K01CY5;1002.5563;1002.5563;1002.5563;04-Jan-2014
109350;CANARA ROBECO LIQUID FUND - REGULAR PLAN - WEEKLY IDCW (Payout/Reinvestment);INF760K01BZ4;INF760K01CZ2;1000.7672;1000.7672;1000.7672;04-Jan-2014
101363;Canara Robeco Liquid Fund- INSTITUTIONAL-Daily Dividend Reinvestment;;INF760K01CC1;1005.5000;1005.5000;1005.5000;04-Jan-2014
101362;Canara Robeco Liquid Fund- INSTITUTIONAL-Growth;INF760K01CD9;;2250.1345;2250.1345;2250.1345;04-Jan-2014
101364;Canara Robeco Liquid Fund-Retail-DRI;;INF760K01CF4;1007.0000;1007.0000;1007.0000;04-Jan-2014
101365;Canara Robeco Liquid Fund-Retail-Growth;INF760K01CH0;;2205.7784;2205.7784;2205.7784;04-Jan-2014
109347;Canara Robeco Liquid Fund-Retail-Monthly Div Reinvest;;INF760K01CI8;1007.6600;1007.6600;1007.6600;04-Jan-2014
109356;Canara Robeco Liquid Fund-Retail-Weekly Div Reinvest;;INF760K01CJ6;1006.1456;1006.1456;1006.1456;04-Jan-2014

SBI Mutual Fund
119804;SBI Liquid Fund - Direct Paln - Fortnightly Income Distribution cum Capital Withdrawal Option (IDCW);INF200K01UR8;INF200K01US6;1011.8588;1011.8588;1011.8588;04-Jan-2014
119805;SBI Liquid Fund - Direct Plan - Daily Income Distribution cum Capital Withdrawal Option (IDCW);;INF200K01UQ0;1003.2500;1003.2500;1003.2500;04-Jan-2014
119799;SBI Liquid Fund - Direct Plan - Weekly Income Distribution cum Capital Withdrawal Option (IDCW);INF200K01UU2;INF200K01UV0;1061.0596;1061.0596;1061.0596;04-Jan-2014
119800;SBI Liquid Fund - DIRECT PLAN -Growth;INF200K01UT4;;1975.1769;1975.1769;1975.1769;04-Jan-2014
105274;SBI Liquid Fund - Institutional - Growth;INF200K01LU1;;1992.4136;1992.4136;1992.4136;04-Jan-2014
105275;SBI Liquid Fund - Institutional Daily Income Distribution cum Capital Withdrawal Option (IDCW);;INF200K01LR7;1003.2500;1003.2500;1003.2500;04-Jan-2014
105279;SBI Liquid Fund - Institutional Fortnightly Income Distribution cum Capital Withdrawal Option (IDCW);INF200K01LS5;INF200K01LT3;1023.1633;1023.1633;1023.1633;04-Jan-2014
105278;SBI Liquid Fund - Institutional Weekly Income Distribution cum Capital Withdrawal Option (IDCW);INF200K01LV9;INF200K01LW7;1060.3503;1060.3503;1060.3503;04-Jan-2014
105281;SBI Liquid Fund - Regular Plan - Daily Income Distribution cum Capital Withdrawal Option (IDCW);;INF200K01LX5;1003.2500;1003.2500;1003.2500;04-Jan-2014
105283;SBI Liquid Fund - Regular Plan - Fortnightly Income Distribution cum Capital Withdrawal Option (IDCW);INF200K01LY3;INF200K01LZ0;1011.8588;1011.8588;1011.8588;04-Jan-2014
105282;SBI Liquid Fund - Regular Plan - Weekly Income Distribution cum Capital Withdrawal Option (IDCW);INF200K01MB9;INF200K01MC7;1061.0596;1061.0596;1061.0596;04-Jan-2014
105280;SBI Liquid Fund - REGULAR PLAN -Growth;INF200K01MA1;;1973.9086;1973.9086;1973.9086;04-Jan-2014

Sundaram Mutual Fund
119690;Sundaram Money Fund Direct Plan - Bonus;INF903J01RL8;;16.2272;16.2272;16.2272;04-Jan-2014
119688;Sundaram Money Fund Direct Plan - Daily Reinvestment of Income Distribution cum Capital Withdrawal (IDCW);;INF903J01QA3;10.1025;10.1025;10.1025;04-Jan-2014
119692;Sundaram Money Fund Direct Plan - Fortnightly Reinvestment of Income Distribution cum Capital Withdrawal (IDCW);;INF903J01QB1;25.2539;25.2539;25.2539;04-Jan-2014
119686;Sundaram Money Fund Direct Plan - Growth;INF903J01QF2;;26.4986;26.4986;26.4986;04-Jan-2014
119687;Sundaram Money Fund Direct Plan - Monthly Income Distribution cum Capital Withdrawal (IDCW);INF903J01QC9;INF903J01QD7;10.5444;10.5444;10.5444;04-Jan-2014
119689;Sundaram Money Fund Direct Plan - Quarterly Reinvestment of Income Distribution cum Capital Withdrawal (IDCW);;INF903J01QE5;13.6422;13.6422;13.6422;04-Jan-2014
119691;Sundaram Money Fund Direct Plan - Weekly Reinvestment of Income Distribution cum Capital Withdrawal (IDCW);;INF903J01QG0;11.3836;11.3836;11.3836;04-Jan-2014
102701;Sundaram Money Fund Institutional Plan - Daily Reinvestment of Income Distribution cum Capital Withdrawal (IDCW);;INF903J01GP2;10.0953;10.0953;10.0953;04-Jan-2014
102703;Sundaram Money Fund Institutional Plan - Growth;INF903J01GN7;;25.8291;25.8291;25.8291;04-Jan-2014
118328;Sundaram Money Fund Regular Plan - Bonus;INF903J01MB0;;16.2166;16.2166;16.2166;04-Jan-2014
103392;Sundaram Money Fund Regular Plan - Daily Reinvestment of Income Distribution cum Capital Withdrawal (IDCW);;INF903J01GW8;10.0953;10.0953;10.0953;04-Jan-2014
103395;Sundaram Money Fund Regular Plan - Fortnightly Reinvestment of Income Distribution cum Capital Withdrawal (IDCW);;INF903J01GY4;10.7144;10.7144;10.7144;04-Jan-2014
103397;Sundaram Money Fund Regular Plan - Growth;INF903J01GU2;;26.4867;26.4867;26.4867;04-Jan-2014
103396;Sundaram Money Fund Regular Plan - Monthly Income Distribution cum Capital Withdrawal (IDCW);INF903J01GV0;INF903J01GZ1;10.4050;10.4050;10.4050;04-Jan-2014
103393;Sundaram Money Fund Regular Plan - Quarterly Reinvestment of Income Distribution cum Capital Withdrawal (IDCW);;INF903J01HA2;13.6384;13.6384;13.6384;04-Jan-2014
100620;Sundaram Money Fund Retail Plan - Daily Reinvestment of Income Distribution cum Capital Withdrawal (IDCW);;INF903J01GI7;10.0953;10.0953;10.0953;04-Jan-2014
100622;Sundaram Money Fund Retail Plan - Fortnightly Reinvestment of Income Distribution cum Capital Withdrawal (IDCW);;INF903J01GK3;10.6641;10.6641;10.6641;04-Jan-2014
100618;Sundaram Money Fund Retail Plan - Growth;INF903J01GG1;;24.7517;24.7517;24.7517;04-Jan-2014
100623;Sundaram Money Fund Retail Plan - Monthly Income Distribution cum Capital Withdrawal (IDCW);INF903J01GH9;INF903J01GL1;10.4178;10.4178;10.4178;04-Jan-2014
100619;Sundaram Money Fund Retail Plan - Quarterly Reinvestment of Income Distribution cum Capital Withdrawal (IDCW);;INF903J01GM9;13.8513;13.8513;13.8513;04-Jan-2014
100621;Sundaram Money Fund Retail Plan - Weekly Reinvestment of Income Distribution cum Capital Withdrawal (IDCW);;INF903J01GJ5;11.1084;11.1084;11.1084;04-Jan-2014
103394;Sundaram Money Fund Regular Plan - Weekly Reinvestment of Income Distribution cum Capital Withdrawal (IDCW);;INF903J01GX6;11.1491;11.1491;11.1491;04-Jan-2014

Taurus Mutual Fund
111915;Taurus Liquid Fund - Regular Plan - SI Growth Option;INF044D01534;;1356.9572;1356.9572;1356.9572;04-Jan-2014
113248;Taurus Liquid Fund - Regular Plan - SI Weekly Dividend Option;;INF044D01526;1000.4923;1000.4923;1000.4923;04-Jan-2014
111703;Taurus Liquid Fund - Regular Plan -SI Daily Dividend Option;;INF044D01518;1000.2620;1000.2620;1000.2620;04-Jan-2014
111760;Taurus Liquid Fund Insti Growth;INF044D01500;;1380.8473;1380.8473;1380.8473;04-Jan-2014
118891;Taurus Liquid Fund-Direct Plan-SI Daily Dividend Option;;INF044D01DI0;1000.2620;1000.2620;1000.2620;04-Jan-2014
118893;Taurus Liquid Fund-Direct Plan-SI Growth Option;INF044D01DK6;;1357.6594;1357.6594;1357.6594;04-Jan-2014
118892;Taurus Liquid Fund-Direct Plan-SI Weekly Dividend Option;;INF044D01DJ8;1000.4966;1000.4966;1000.4966;04-Jan-2014
104240;Taurus Liquid Fund-Dividend;INF044D01542;INF044D01559;1001.2175;1001.2175;1001.2175;04-Jan-2014
104241;Taurus Liquid Fund-Growth;INF044D01575;;1627.0467;1627.0467;1627.0467;04-Jan-2014

Union Mutual Fund
115401;Union Liquid Fund - Daily IDCW Option;;INF582M01021;1000.6489;1000.6489;1000.6489;04-Jan-2014
119301;Union Liquid Fund - Direct Plan - Daily IDCW Option;;INF582M01682;1000.6506;1000.6506;1000.6506;04-Jan-2014
119305;Union Liquid Fund - Direct Plan - Fortnightly IDCW Option;INF582M01724;INF582M01708;1002.4547;1002.4547;1002.4547;04-Jan-2014
119303;Union Liquid Fund - Direct Plan - Growth Option;INF582M01674;;1259.2722;1259.2722;1259.2722;04-Jan-2014
119302;Union Liquid Fund - Direct Plan - Monthly IDCW Option;INF582M01732;INF582M01716;1002.4624;1002.4624;1002.4624;04-Jan-2014
119304;Union Liquid Fund - Direct Plan - Weekly IDCW Option;;INF582M01690;1001.4736;1001.4736;1001.4736;04-Jan-2014
115399;Union Liquid Fund - Fortnightly IDCW Option;INF582M01062;INF582M01047;1002.4527;1002.4527;1002.4527;04-Jan-2014
115398;Union Liquid Fund - Growth Option;INF582M01013;;1258.5794;1258.5794;1258.5794;04-Jan-2014
115400;Union Liquid Fund - Monthly IDCW Option;INF582M01070;INF582M01054;1002.4493;1002.4493;1002.4493;04-Jan-2014
115402;Union Liquid Fund - Weekly IDCW Option;;INF582M01039;1001.4672;1001.4672;1001.4672;04-Jan-2014

UTI Mutual Fund
120558;UTI Liquid Fund - Direct Plan - Daily IDCW (Reinvestment);;INF789F01XP8;1019.4457;1019.4457;1019.4457;04-Jan-2014
120794;UTI Liquid Fund - Direct Plan - Monthly IDCW;INF789F01XR4;INF789F01XS2;1025.9413;1025.9413;1025.9413;04-Jan-2014
120777;UTI Liquid Fund - Direct Plan - Weekly IDCW;;INF789F01XT0;1053.7791;1053.7791;1053.7791;04-Jan-2014
102010;UTI Liquid Fund - Regular Plan - Daily IDCW (Reinvestment);;INF789F01PG3;1019.4457;1019.4457;1019.4457;04-Jan-2014
102011;UTI Liquid Fund - Regular Plan - Monthly IDCW;INF789F01PI9;INF789F01PJ7;1025.9329;1025.9329;1025.9329;04-Jan-2014
102013;UTI Liquid Fund - Regular Plan - Weekly IDCW;;INF789F01PK5;1053.7675;1053.7675;1053.7675;04-Jan-2014
120304;UTI-  Liquid Cash Plan - Direct Plan - Growth Option;INF789F01XQ6;;2059.5643;2059.5643;2059.5643;04-Jan-2014
102012;UTI-  Liquid Cash Plan - Regular Plan - Growth Option;INF789F01PH1;;2057.486;2057.486;2057.486;04-Jan-2014
102008;UTI-  Liquid Cash Plan- Discontinued - Regular Plan - Monthly Dividend Option;INF789F01BC2;INF789F01BA6;1138.569;1138.569;0;04-Jan-2014
102009;UTI-  Liquid Cash Plan- Discontinued - Regular Plan -Growth;INF789F01BB4;;1985.668;1985.668;0;04-Jan-2014
102007;UTI-  Liquid Cash Plan- Discontinued -Regular Plan Periodic Dividend Option;;INF789F01AZ5;1132.3921;1132.3921;0;04-Jan-2014

Open Ended Schemes ( Debt Scheme - Ultra Short Duration Fund )


SBI Mutual Fund
119784;SBI Ultra Short Duration Fund - Direct Plan - Daily Income Distribution cum Capital Withdrawal Option (IDCW);;INF200K01TG3;1675.0300;1673.3550;1675.0300;04-Jan-2014
119828;SBI ULTRA SHORT DURATION FUND - DIRECT PLAN - GROWTH;INF200K01TF5;;2780.1583;2777.3781;2780.1583;04-Jan-2014
119829;SBI Ultra Short Duration Fund - Direct Plan - Weekly Income Distribution cum Capital Withdrawal Option (IDCW);INF200K01TH1;INF200K01TI9;1077.5805;1076.5029;1077.5805;04-Jan-2014
105080;SBI Ultra Short Duration Fund - Regular Plan - Daily Income Distribution cum Capital Withdrawal Option (IDCW);;INF200K01LK2;1675.0300;1673.3550;1675.0300;04-Jan-2014
100641;SBI ULTRA SHORT DURATION FUND - REGULAR PLAN - GROWTH;INF200K01LJ4;;2778.2751;2775.4968;2778.2751;04-Jan-2014
103884;SBI Ultra Short Duration Fund - Regular Plan - Weekly Income Distribution cum Capital Withdrawal Option (IDCW);INF200K01LM8;INF200K01LL0;1077.5805;1076.5029;1077.5805;04-Jan-2014

Open Ended Schemes ( Debt Scheme - Money Market Fund )


UTI Mutual Fund
120299;UTI MMF - Direct Plan - Growth Option;INF789F01XV6;;1407.254;1407.254;1407.254;04-Jan-2014
112077;UTI MMF - Regular Plan - Growth Option;INF789F01PX8;;1405.8337;1405.8337;1405.8337;04-Jan-2014
100724;UTI MMF- Discontinued - Regular Plan - Flexi Dividend Option;;INF789F01BD0;1997.4929;1997.4929;0;04-Jan-2014
100725;UTI MMF- Discontinued - Regular Plan - Periodic Dividend Option;INF789F01BE8;;1988.0715;1988.0715;0;04-Jan-2014
100723;UTI MMF-Discontinued - Regular Plan -Growth;INF789F01BF5;;3435.7151;3435.7151;0;04-Jan-2014
120772;UTI Money Market Fund - Direct Plan - Daily IDCW (Reinvestment);;INF789F01XU8;1003.3854;1003.3854;1003.3854;04-Jan-2014
120793;UTI Money Market Fund - Direct Plan - Weekly IDCW;INF789F01XW4;INF789F01XX2;1015.2825;1015.2825;1015.2825;04-Jan-2014
112076;UTI Money Market Fund - Regular Plan - Daily IDCW (Reinvestment);;INF789F01PW0;1003.3854;1003.3854;1003.3854;04-Jan-2014
112635;UTI Money Market Fund - Regular Plan - Weekly IDCW;INF789F01PY6;INF789F01PZ3;1015.2714;1015.2714;1015.2714;04-Jan-2014

Open Ended Schemes ( Hybrid Scheme - Aggressive Hybrid Fund )


Shriram Mutual Fund
125711;Shriram Aggressive Hybrid Fund- Direct Growth;INF680P01042;;10.0421;9.9417;10.0421;04-Jan-2014
125712;Shriram Aggressive Hybrid Fund- Direct- IDCW;INF680P01059;INF680P01067;10.0398;9.9394;10.0398;04-Jan-2014
125713;Shriram Aggressive Hybrid Fund- Regular Growth;INF680P01018;;10.0322;9.9319;10.0322;04-Jan-2014
125714;Shriram Aggressive Hybrid Fund- Regular-IDCW;INF680P01026;INF680P01034;10.0322;9.9319;10.0322;04-Jan-2014

Close Ended Schemes ( Income )


SBI Mutual Fund
114781;SBI Capital Protection Oriented Fund - Series II -;INF200K01ED2;;12.2217;N.A.;N.A.;04-Jan-2014
115824;SBI Capital Protection Oriented Fund - Series III - Growth;INF200K01IH4;;11.8824;N.A.;N.A.;04-Jan-2014
121468;SBI DEBT FUND SERIES - 13 MONTHS - 14 - DIRECT PLAN - DIVIDEND;INF200K01WZ7;;N.A.;N.A.;N.A.;04-Jan-2014
121469;SBI DEBT FUND SERIES - 13 MONTHS - 14 - DIRECT PLAN - GROWTH;INF200K01WY0;;10.7557;N.A.;N.A.;04-Jan-2014
121470;SBI DEBT FUND SERIES - 13 MONTHS - 14 - REGULAR PLAN - DIVIDEND;INF200K01WX2;;10.7467;N.A.;N.A.;04-Jan-2014
121471;SBI DEBT FUND SERIES - 13 MONTHS - 14 - REGULAR PLAN - GROWTH;INF200K01WW4;;10.7467;N.A.;N.A.;04-Jan-2014
121695;SBI DEBT FUND SERIES - 13 MONTHS - 15 - DIRECT PLAN - DIVIDEND;INF200K01XD2;;10.7291;N.A.;N.A.;04-Jan-2014
121696;SBI DEBT FUND SERIES - 13 MONTHS - 15 - REGULAR PLAN - DIVIDEND;INF200K01XB6;;10.7247;N.A.;N.A.;04-Jan-2014
121697;SBI DEBT FUND SERIES - 13 MONTHS - 15 - REGULAR PLAN - GROWTH;INF200K01XA8;;10.7253;N.A.;N.A.;04-Jan-2014
121698;SBI DEBT FUND SERIES - 13 MONTHS - 15- DIRECT PLAN - GROWTH;INF200K01XC4;;10.7291;N.A.;N.A.;04-Jan-2014
121305;SBI DEBT FUND SERIES - 14 MONTHS - 1 - DIRECT PLAN - DIVIDEND;INF200K01XH3;;10.7820;N.A.;N.A.;04-Jan-2014
121306;SBI DEBT FUND SERIES - 14 MONTHS - 1 - DIRECT PLAN - GROWTH;INF200K01XG5;;10.7819;N.A.;N.A.;04-Jan-2014
121303;SBI DEBT FUND SERIES - 14 MONTHS - 1 - REGULAR PLAN - DIVIDEND;INF200K01XF7;;10.7726;N.A.;N.A.;04-Jan-2014
121304;SBI DEBT FUND SERIES - 14 MONTHS - 1 - REGULAR PLAN - GROWTH;INF200K01XE0;;10.7726;N.A.;N.A.;04-Jan-2014
122015;SBI DEBT FUND SERIES - 14 MONTHS - 2 - DIRECT PLAN - DIVIDEND;INF200K01XL5;;10.6639;N.A.;N.A.;04-Jan-2014
122017;SBI DEBT FUND SERIES - 14 MONTHS - 2 - DIRECT PLAN - GROWTH;INF200K01XK7;;10.6639;N.A.;N.A.;04-Jan-2014
122016;SBI DEBT FUND SERIES - 14 MONTHS - 2 - REGULAR PLAN - DIVIDEND;INF200K01XJ9;;10.6597;N.A.;N.A.;04-Jan-2014
122018;SBI DEBT FUND SERIES - 14 MONTHS - 2 - REGULAR PLAN - GROWTH;INF200K01XI1;;10.6597;N.A.;N.A.;04-Jan-2014
125734;SBI DEBT FUND SERIES - 17 MONTHS - 1 - DIRECT PLAN - GROWTH;INF200KA1CQ2;;10.0662;N.A.;N.A.;04-Jan-2014
125735;SBI DEBT FUND SERIES - 17 MONTHS - 1 - REGULAR PLAN - DIVIDEND;INF200KA1CP4;;10.0645;N.A.;N.A.;04-Jan-2014
125736;SBI DEBT FUND SERIES - 17 MONTHS - 1 - REGULAR PLAN - GROWTH;INF200KA1CO7;;10.0645;N.A.;N.A.;04-Jan-2014
125733;SBI DEBT FUND SERIES - 17 MONTHS - 1- DIRECT PLAN - DIVIDEND;INF200KA1CR0;;10.0662;N.A.;N.A.;04-Jan-2014
117983;SBI DEBT FUND SERIES - 18 MONTHS - 11 - DIVIDEND;INF200K01PW8;;11.0181;N.A.;N.A.;04-Jan-2014
117984;SBI DEBT FUND SERIES - 18 MONTHS - 11 - GROWTH;INF200K01PV0;;11.0181;N.A.;N.A.;04-Jan-2014
125008;SBI DEBT FUND SERIES - 18 MONTHS - 12 - DIRECT PLAN - DIVIDEND;INF200KA1BL5;;10.1631;N.A.;N.A.;04-Jan-2014
125005;SBI DEBT FUND SERIES - 18 MONTHS - 12 - DIRECT PLAN - GROWTH;INF200KA1BK7;;10.1631;N.A.;N.A.;04-Jan-2014
125006;SBI DEBT FUND SERIES - 18 MONTHS - 12 - REGULAR PLAN - DIVIDEND;INF200KA1BJ9;;10.1569;N.A.;N.A.;04-Jan-2014
125007;SBI DEBT FUND SERIES - 18 MONTHS - 12 - REGULAR PLAN - GROWTH;INF200KA1BI1;;10.1569;N.A.;N.A.;04-Jan-2014
125460;SBI DEBT FUND SERIES - 18 MONTHS - 13 - DIRECT PLAN - DIVIDEND;INF200KA1DZ1;;N.A.;N.A.;N.A.;04-Jan-2014
125461;SBI DEBT FUND SERIES - 18 MONTHS - 13 - DIRECT PLAN - GROWTH;INF200KA1DY4;;10.1337;N.A.;N.A.;04-Jan-2014
125462;SBI DEBT FUND SERIES - 18 MONTHS - 13 - REGULAR PLAN - DIVIDEND;INF200KA1DX6;;10.1309;N.A.;N.A.;04-Jan-2014
125463;SBI DEBT FUND SERIES - 18 MONTHS - 13 - REGULAR PLAN - GROWTH;INF200KA1DW8;;10.1309;N.A.;N.A.;04-Jan-2014
123474;SBI DEBT FUND SERIES - 180 DAYS - 26 - DIRECT PLAN - DIVIDEND;INF200K01YH1;;10.4205;N.A.;N.A.;04-Jan-2014
123477;SBI DEBT FUND SERIES - 180 DAYS - 26 - DIRECT PLAN - GROWTH;INF200K01YG3;;10.4205;N.A.;N.A.;04-Jan-2014
123475;SBI DEBT FUND SERIES - 180 DAYS - 26 - REGULAR PLAN - DIVIDEND;INF200K01KA5;;10.4183;N.A.;N.A.;04-Jan-2014
123476;SBI DEBT FUND SERIES - 180 DAYS - 26 - REGULAR PLAN - GROWTH;INF200K01JZ4;;10.4183;N.A.;N.A.;04-Jan-2014
115263;SBI SDFS - 36 MONTHS - 1 - DIVIDEND;INF200K01EC4;;11.2061;N.A.;N.A.;04-Jan-2014
115262;SBI SDFS - 36 MONTHS - 1 - GROWTH;INF200K01EB6;;12.6724;N.A.;N.A.;04-Jan-2014
120908;SBI DEBT FUND SERIES - 36 MONTHS - 2 - DIRECT PLAN - DIVIDEND;INF200K01QM7;;10.7295;N.A.;N.A.;04-Jan-2014
120911;SBI DEBT FUND SERIES - 36 MONTHS - 2 - DIRECT PLAN - GROWTH;INF200K01QL9;;10.7295;N.A.;N.A.;04-Jan-2014
120909;SBI DEBT FUND SERIES - 36 MONTHS - 2 - REGULAR PLAN - DIVIDEND;INF200K01QH7;;10.6706;N.A.;N.A.;04-Jan-2014
120910;SBI DEBT FUND SERIES - 36 MONTHS - 2 - REGULAR PLAN - GROWTH;INF200K01QG9;;10.6706;N.A.;N.A.;04-Jan-2014
123647;SBI DEBT FUND SERIES - 36 MONTHS - 4 - DIRECT PLAN - DIVIDEND;INF200KA1KF8;;10.5046;N.A.;N.A.;04-Jan-2014
123649;SBI DEBT FUND SERIES - 36 MONTHS - 4 - DIRECT PLAN - GROWTH;INF200KA1KE1;;10.5046;N.A.;N.A.;04-Jan-2014
123648;SBI DEBT FUND SERIES - 36 MONTHS - 4 - REGULAR PLAN - DIVIDEND;INF200KA1KD3;;10.4984;N.A.;N.A.;04-Jan-2014
123650;SBI DEBT FUND SERIES - 36 MONTHS - 4 - REGULAR PLAN - GROWTH;INF200KA1KC5;;10.4984;N.A.;N.A.;04-Jan-2014
124000;SBI DEBT FUND SERIES - 36 MONTHS - 5 - DIRECT PLAN - DIVIDEND;INF200K01D91;;N.A.;N.A.;N.A.;04-Jan-2014
124001;SBI DEBT FUND SERIES - 36 MONTHS - 5 - DIRECT PLAN - GROWTH;INF200K01D83;;10.3572;N.A.;N.A.;04-Jan-2014
124003;SBI DEBT FUND SERIES - 36 MONTHS - 5 - REGULAR PLAN - DIVIDEND;INF200K01D75;;10.3519;N.A.;N.A.;04-Jan-2014
124002;SBI DEBT FUND SERIES - 36 MONTHS - 5 - REGULAR PLAN - GROWTH;INF200K01D67;;10.3519;N.A.;N.A.;04-Jan-2014
124373;SBI DEBT FUND SERIES - 36 MONTHS - 6 - DIRECT PLAN - DIVIDEND;INF200KA1KZ6;;10.3173;N.A.;N.A.;04-Jan-2014
124374;SBI DEBT FUND SERIES - 36 MONTHS - 6 - DIRECT PLAN - GROWTH;INF200KA1KY9;;10.3173;N.A.;N.A.;04-Jan-2014
124375;SBI DEBT FUND SERIES - 36 MONTHS - 6 - REGULAR PLAN - DIVIDEND;INF200KA1KX1;;10.3050;N.A.;N.A.;04-Jan-2014
124376;SBI DEBT FUND SERIES - 36 MONTHS - 6 - REGULAR PLAN - GROWTH;INF200KA1KW3;;10.3050;N.A.;N.A.;04-Jan-2014
125719;SBI DEBT FUND SERIES - 36 MONTHS - 7 - DIRECT PLAN - DIVIDEND;INF200K01E74;;10.0370;N.A.;N.A.;04-Jan-2014
125721;SBI DEBT FUND SERIES - 36 MONTHS - 7 - DIRECT PLAN - GROWTH;INF200K01E66;;10.0370;N.A.;N.A.;04-Jan-2014
125720;SBI DEBT FUND SERIES - 36 MONTHS - 7 - REGULAR PLAN - DIVIDEND;INF200K01E58;;10.0356;N.A.;N.A.;04-Jan-2014
125722;SBI DEBT FUND SERIES - 36 MONTHS - 7 - REGULAR PLAN - GROWTH;INF200K01E41;;10.0356;N.A.;N.A.;04-Jan-2014
121395;SBI DEBT FUND SERIES - 366 DAYS - 22 - DIRECT PLAN - DIVIDEND;INF200K01YP4;;N.A.;N.A.;N.A.;04-Jan-2014
121396;SBI DEBT FUND SERIES - 366 DAYS - 22 - DIRECT PLAN - GROWTH;INF200K01YO7;;10.7954;N.A.;N.A.;04-Jan-2014
121397;SBI DEBT FUND SERIES - 366 DAYS - 22 - REGULAR PLAN - DIVIDEND;INF200K01PU2;;10.7862;N.A.;N.A.;04-Jan-2014
121398;SBI DEBT FUND SERIES - 366 DAYS - 22 - REGULAR PLAN - GROWTH;INF200K01PT4;;10.7862;N.A.;N.A.;04-Jan-2014
121923;SBI DEBT FUND SERIES - 366 DAYS - 23 - DIRECT PLAN - DIVIDEND;INF200K01VX4;;10.7015;N.A.;N.A.;04-Jan-2014
121924;SBI DEBT FUND SERIES - 366 DAYS - 23 - DIRECT PLAN - GROWTH;INF200K01VW6;;10.7015;N.A.;N.A.;04-Jan-2014
121926;SBI DEBT FUND SERIES - 366 DAYS - 23 - REGULAR PLAN - DIVIDEND;INF200K01VV8;;10.6972;N.A.;N.A.;04-Jan-2014
121925;SBI DEBT FUND SERIES - 366 DAYS - 23 - REGULAR PLAN - GROWTH;INF200K01VU0;;10.6972;N.A.;N.A.;04-Jan-2014
122011;SBI DEBT FUND SERIES - 366 DAYS - 24 - DIRECT PLAN - DIVIDEND;INF200K01WB8;;10.6806;N.A.;N.A.;04-Jan-2014
122012;SBI DEBT FUND SERIES - 366 DAYS - 24 - DIRECT PLAN - GROWTH;INF200K01WA0;;10.6804;N.A.;N.A.;04-Jan-2014
122013;SBI DEBT FUND SERIES - 366 DAYS - 24 - REGULAR PLAN - DIVIDEND;INF200K01VZ9;;10.6763;N.A.;N.A.;04-Jan-2014
122014;SBI DEBT FUND SERIES - 366 DAYS - 24 - REGULAR PLAN - GROWTH;INF200K01VY2;;10.6763;N.A.;N.A.;04-Jan-2014
122145;SBI DEBT FUND SERIES - 366 DAYS - 25 - DIRECT PLAN - DIVIDEND;INF200K01WF9;;10.6469;N.A.;N.A.;04-Jan-2014
122146;SBI DEBT FUND SERIES - 366 DAYS - 25 - DIRECT PLAN - GROWTH;INF200K01WE2;;10.6469;N.A.;N.A.;04-Jan-2014
122147;SBI DEBT FUND SERIES - 366 DAYS - 25 - REGULAR PLAN - DIVIDEND;INF200K01WD4;;10.6428;N.A.;N.A.;04-Jan-2014
122144;SBI DEBT FUND SERIES - 366 DAYS - 25 - REGULAR PLAN - GROWTH;INF200K01WC6;;10.6428;N.A.;N.A.;04-Jan-2014
122253;SBI DEBT FUND SERIES - 366 DAYS - 26 - DIRECT PLAN - DIVIDEND;INF200K01WJ1;;10.5672;N.A.;N.A.;04-Jan-2014
122254;SBI DEBT FUND SERIES - 366 DAYS - 26 - DIRECT PLAN - GROWTH;INF200K01WI3;;10.5672;N.A.;N.A.;04-Jan-2014
122255;SBI DEBT FUND SERIES - 366 DAYS - 26 - REGULAR PLAN - DIVIDEND;INF200K01WH5;;10.5634;N.A.;N.A.;04-Jan-2014
122256;SBI DEBT FUND SERIES - 366 DAYS - 26 - REGULAR PLAN - GROWTH;INF200K01WG7;;10.5634;N.A.;N.A.;04-Jan-2014
122348;SBI DEBT FUND SERIES - 366 DAYS - 27 - DIRECT PLAN - DIVIDEND;INF200K01WN3;;10.5512;N.A.;N.A.;04-Jan-2014
122349;SBI DEBT FUND SERIES - 366 DAYS - 27 - DIRECT PLAN - GROWTH;INF200K01WM5;;10.5512;N.A.;N.A.;04-Jan-2014
122346;SBI DEBT FUND SERIES - 366 DAYS - 27 - REGULAR PLAN - DIVIDEND;INF200K01WL7;;10.5474;N.A.;N.A.;04-Jan-2014
122347;SBI DEBT FUND SERIES - 366 DAYS - 27 - REGULAR PLAN - GROWTH;INF200K01WK9;;10.5474;N.A.;N.A.;04-Jan-2014
122406;SBI DEBT FUND SERIES - 366 DAYS - 28 - DIRECT PLAN - DIVIDEND;INF200K01WR4;;10.5600;N.A.;N.A.;04-Jan-2014
122407;SBI DEBT FUND SERIES - 366 DAYS - 28 - DIRECT PLAN - GROWTH;INF200K01WQ6;;10.5600;N.A.;N.A.;04-Jan-2014
122405;SBI DEBT FUND SERIES - 366 DAYS - 28 - REGULAR PLAN - DIVIDEND;INF200K01WP8;;10.5563;N.A.;N.A.;04-Jan-2014
122408;SBI DEBT FUND SERIES - 366 DAYS - 28 - REGULAR PLAN - GROWTH;INF200K01WO1;;10.5563;N.A.;N.A.;04-Jan-2014
122619;SBI DEBT FUND SERIES - 366 DAYS - 29 - DIRECT PLAN - DIVIDEND;INF200K01WV6;;N.A.;N.A.;N.A.;04-Jan-2014
122621;SBI DEBT FUND SERIES - 366 DAYS - 29 - DIRECT PLAN - GROWTH;INF200K01WU8;;10.4417;N.A.;N.A.;04-Jan-2014
122620;SBI DEBT FUND SERIES - 366 DAYS - 29 - REGULAR PLAN - DIVIDEND;INF200K01WT0;;10.4386;N.A.;N.A.;04-Jan-2014
122622;SBI DEBT FUND SERIES - 366 DAYS - 29 - REGULAR PLAN - GROWTH;INF200K01WS2;;10.4386;N.A.;N.A.;04-Jan-2014
122788;SBI DEBT FUND SERIES - 366 DAYS - 30 - DIRECT PLAN - DIVIDEND;INF200K01YX8;;10.3958;N.A.;N.A.;04-Jan-2014
122790;SBI DEBT FUND SERIES - 366 DAYS - 30 - DIRECT PLAN - GROWTH;INF200K01YW0;;10.3958;N.A.;N.A.;04-Jan-2014
122791;SBI DEBT FUND SERIES - 366 DAYS - 30 - REGULAR PLAN - DIVIDEND;INF200K01YV2;;10.3930;N.A.;N.A.;04-Jan-2014
122789;SBI DEBT FUND SERIES - 366 DAYS - 30 - REGULAR PLAN - GROWTH;INF200K01YU4;;10.3930;N.A.;N.A.;04-Jan-2014
122812;SBI DEBT FUND SERIES - 366 DAYS - 31 - DIRECT PLAN - DIVIDEND;INF200K01ZB1;;10.3846;N.A.;N.A.;04-Jan-2014
122813;SBI DEBT FUND SERIES - 366 DAYS - 31 - DIRECT PLAN - GROWTH;INF200K01ZA3;;10.3846;N.A.;N.A.;04-Jan-2014
122814;SBI DEBT FUND SERIES - 366 DAYS - 31 - REGULAR PLAN - DIVIDEND;INF200K01YZ3;;10.3818;N.A.;N.A.;04-Jan-2014
122815;SBI DEBT FUND SERIES - 366 DAYS - 31 - REGULAR PLAN - GROWTH;INF200K01YY6;;10.3818;N.A.;N.A.;04-Jan-2014
122907;SBI DEBT FUND SERIES - 366 DAYS - 32 - DIRECT PLAN - DIVIDEND;INF200K01ZF2;;10.3263;N.A.;N.A.;04-Jan-2014
122905;SBI DEBT FUND SERIES - 366 DAYS - 32 - DIRECT PLAN - GROWTH;INF200K01ZE5;;10.3263;N.A.;N.A.;04-Jan-2014
122908;SBI DEBT FUND SERIES - 366 DAYS - 32 - REGULAR PLAN - DIVIDEND;INF200K01ZD7;;10.3238;N.A.;N.A.;04-Jan-2014
122906;SBI DEBT FUND SERIES - 366 DAYS - 32 - REGULAR PLAN - GROWTH;INF200K01ZC9;;10.3238;N.A.;N.A.;04-Jan-2014
122991;SBI DEBT FUND SERIES - 366 DAYS - 33 - DIRECT PLAN - DIVIDEND;INF200K01ZJ4;;10.4068;N.A.;N.A.;04-Jan-2014
122994;SBI DEBT FUND SERIES - 366 DAYS - 33 - DIRECT PLAN - GROWTH;INF200K01ZI6;;10.4068;N.A.;N.A.;04-Jan-2014
122993;SBI DEBT FUND SERIES - 366 DAYS - 33 - REGULAR PLAN - DIVIDEND;INF200K01ZH8;;10.4044;N.A.;N.A.;04-Jan-2014
122992;SBI DEBT FUND SERIES - 366 DAYS - 33 - REGULAR PLAN - GROWTH;INF200K01ZG0;;10.4044;N.A.;N.A.;04-Jan-2014
123167;SBI DEBT FUND SERIES - 366 DAYS - 34 - DIRECT PLAN - DIVIDEND;INF200K015P1;;10.4293;N.A.;N.A.;04-Jan-2014
123169;SBI DEBT FUND SERIES - 366 DAYS - 34 - DIRECT PLAN - GROWTH;INF200K014P4;;10.4293;N.A.;N.A.;04-Jan-2014
123170;SBI DEBT FUND SERIES - 366 DAYS - 34 - REGULAR PLAN - DIVIDEND;INF200K013P6;;10.4230;N.A.;N.A.;04-Jan-2014
123168;SBI DEBT FUND SERIES - 366 DAYS - 34 - REGULAR PLAN - GROWTH;INF200K012P8;;10.4230;N.A.;N.A.;04-Jan-2014
123321;SBI DEBT FUND SERIES - 366 DAYS - 35 - DIRECT PLAN - DIVIDEND;INF200K017O0;;10.4236;N.A.;N.A.;04-Jan-2014
123324;SBI DEBT FUND SERIES - 366 DAYS - 35 - DIRECT PLAN - GROWTH;INF200K016O2;;10.4236;N.A.;N.A.;04-Jan-2014
123323;SBI DEBT FUND SERIES - 366 DAYS - 35 - REGULAR PLAN - DIVIDEND;INF200K015O4;;10.4177;N.A.;N.A.;04-Jan-2014
123322;SBI DEBT FUND SERIES - 366 DAYS - 35 - REGULAR PLAN - GROWTH;INF200K014O7;;10.4177;N.A.;N.A.;04-Jan-2014
123497;SBI DEBT FUND SERIES - 366 DAYS - 36 - DIRECT PLAN - DIVIDEND;INF200K019P3;;10.4456;N.A.;N.A.;04-Jan-2014
123494;SBI DEBT FUND SERIES - 366 DAYS - 36 - DIRECT PLAN - GROWTH;INF200K018P5;;10.4456;N.A.;N.A.;04-Jan-2014
123496;SBI DEBT FUND SERIES - 366 DAYS - 36 - REGULAR PLAN - DIVIDEND;INF200K017P7;;10.4402;N.A.;N.A.;04-Jan-2014
123495;SBI DEBT FUND SERIES - 366 DAYS - 36 - REGULAR PLAN - GROWTH;INF200K016P9;;10.4402;N.A.;N.A.;04-Jan-2014
123728;SBI DEBT FUND SERIES - 366 DAYS - 37 - DIRECT PLAN - DIVIDEND;INF200K011R6;;10.4363;N.A.;N.A.;04-Jan-2014
123729;SBI DEBT FUND SERIES - 366 DAYS - 37 - DIRECT PLAN - GROWTH;INF200K010R8;;10.4363;N.A.;N.A.;04-Jan-2014
123731;SBI DEBT FUND SERIES - 366 DAYS - 37 - REGULAR PLAN - DIVIDEND;INF200K019Q1;;10.4319;N.A.;N.A.;04-Jan-2014
123730;SBI DEBT FUND SERIES - 366 DAYS - 37 - REGULAR PLAN - GROWTH;INF200K018Q3;;10.4319;N.A.;N.A.;04-Jan-2014
123996;SBI DEBT FUND SERIES - 366 DAYS - 38 - DIRECT PLAN - DIVIDEND;INF200K015R7;;10.4413;N.A.;N.A.;04-Jan-2014
123997;SBI DEBT FUND SERIES - 366 DAYS - 38 - DIRECT PLAN - GROWTH;INF200K014R0;;10.4413;N.A.;N.A.;04-Jan-2014
123998;SBI DEBT FUND SERIES - 366 DAYS - 38 - REGULAR PLAN - DIVIDEND;INF200K013R2;;10.4370;N.A.;N.A.;04-Jan-2014
123999;SBI DEBT FUND SERIES - 366 DAYS - 38 - REGULAR PLAN - GROWTH;INF200K012R4;;10.4370;N.A.;N.A.;04-Jan-2014
124369;SBI DEBT FUND SERIES - 366 DAYS - 39 - DIRECT PLAN - DIVIDEND;INF200K013S0;;10.3732;N.A.;N.A.;04-Jan-2014
124370;SBI DEBT FUND SERIES - 366 DAYS - 39 - DIRECT PLAN - GROWTH;INF200K012S2;;10.3732;N.A.;N.A.;04-Jan-2014
124371;SBI DEBT FUND SERIES - 366 DAYS - 39 - REGULAR PLAN - DIVIDEND;INF200K011S4;;10.3676;N.A.;N.A.;04-Jan-2014
124372;SBI DEBT FUND SERIES - 366 DAYS - 39 - REGULAR PLAN - GROWTH;INF200K010S6;;10.3676;N.A.;N.A.;04-Jan-2014
124527;SBI DEBT FUND SERIES - 366 DAYS - 40 - DIRECT PLAN - DIVIDEND;INF200K015T3;;10.3388;N.A.;N.A.;04-Jan-2014
124525;SBI DEBT FUND SERIES - 366 DAYS - 40 - DIRECT PLAN - GROWTH;INF200K014T6;;10.3388;N.A.;N.A.;04-Jan-2014
124526;SBI DEBT FUND SERIES - 366 DAYS - 40 - REGULAR PLAN - DIVIDEND;INF200K013T8;;10.3323;N.A.;N.A.;04-Jan-2014
124528;SBI DEBT FUND SERIES - 366 DAYS - 40 - REGULAR PLAN - GROWTH;INF200K012T0;;10.3323;N.A.;N.A.;04-Jan-2014
124726;SBI DEBT FUND SERIES - 366 DAYS - 41 - DIRECT PLAN - DIVIDEND;INF200K010U2;;10.2806;N.A.;N.A.;04-Jan-2014
124728;SBI DEBT FUND SERIES - 366 DAYS - 41 - DIRECT PLAN - GROWTH;INF200K019T5;;10.2807;N.A.;N.A.;04-Jan-2014
124727;SBI DEBT FUND SERIES - 366 DAYS - 41 - REGULAR PLAN - DIVIDEND;INF200K018T7;;10.2749;N.A.;N.A.;04-Jan-2014
124729;SBI DEBT FUND SERIES - 366 DAYS - 41 - REGULAR PLAN - GROWTH;INF200K016T1;;10.2749;N.A.;N.A.;04-Jan-2014
124938;SBI DEBT FUND SERIES - 366 DAYS - 42 - DIRECT PLAN - DIVIDEND;INF200K012V6;;10.1695;N.A.;N.A.;04-Jan-2014
124940;SBI DEBT FUND SERIES - 366 DAYS - 42 - DIRECT PLAN - GROWTH;INF200K011V8;;10.1695;N.A.;N.A.;04-Jan-2014
124939;SBI DEBT FUND SERIES - 366 DAYS - 42 - REGULAR PLAN - DIVIDEND;INF200K010V0;;10.1646;N.A.;N.A.;04-Jan-2014
124941;SBI DEBT FUND SERIES - 366 DAYS - 42 - REGULAR PLAN - GROWTH;INF200K019U3;;10.1646;N.A.;N.A.;04-Jan-2014
125138;SBI DEBT FUND SERIES - 366 DAYS - 43 - DIRECT PLAN - DIVIDEND;INF200K01C35;;10.1370;N.A.;N.A.;04-Jan-2014
125139;SBI DEBT FUND SERIES - 366 DAYS - 43 - DIRECT PLAN - GROWTH;INF200K01C27;;10.1370;N.A.;N.A.;04-Jan-2014
125140;SBI DEBT FUND SERIES - 366 DAYS - 43 - REGULAR PLAN - DIVIDEND;INF200K01C19;;10.1339;N.A.;N.A.;04-Jan-2014
125141;SBI DEBT FUND SERIES - 366 DAYS - 43 - REGULAR PLAN - GROWTH;INF200K01C01;;10.1339;N.A.;N.A.;04-Jan-2014
125243;SBI DEBT FUND SERIES - 366 DAYS - 44 - DIRECT PLAN - DIVIDEND;INF200K011X4;;10.1373;N.A.;N.A.;04-Jan-2014
125244;SBI DEBT FUND SERIES - 366 DAYS - 44 - DIRECT PLAN - GROWTH;INF200K010X6;;10.1373;N.A.;N.A.;04-Jan-2014
125246;SBI DEBT FUND SERIES - 366 DAYS - 44 - REGULAR PLAN - DIVIDEND;INF200K019W9;;10.1345;N.A.;N.A.;04-Jan-2014
125245;SBI DEBT FUND SERIES - 366 DAYS - 44 - REGULAR PLAN - GROWTH;INF200K018W1;;10.1345;N.A.;N.A.;04-Jan-2014
125406;SBI DEBT FUND SERIES - 366 DAYS - 45 - DIRECT PLAN - DIVIDEND;INF200K014Y6;;10.1134;N.A.;N.A.;04-Jan-2014
125409;SBI DEBT FUND SERIES - 366 DAYS - 45 - DIRECT PLAN - GROWTH;INF200K015Y3;;10.1134;N.A.;N.A.;04-Jan-2014
125407;SBI DEBT FUND SERIES - 366 DAYS - 45 - REGULAR PLAN - DIVIDEND;INF200K016Y1;;10.1112;N.A.;N.A.;04-Jan-2014
125408;SBI DEBT FUND SERIES - 366 DAYS - 45 - REGULAR PLAN - GROWTH;INF200K017Y9;;10.1112;N.A.;N.A.;04-Jan-2014
125519;SBI DEBT FUND SERIES - 366 DAYS - 46 - DIRECT PLAN - DIVIDEND;INF200K012Z7;;10.1001;N.A.;N.A.;04-Jan-2014
125522;SBI DEBT FUND SERIES - 366 DAYS - 46 - DIRECT PLAN - GROWTH;INF200K013Z5;;10.1002;N.A.;N.A.;04-Jan-2014
125520;SBI DEBT FUND SERIES - 366 DAYS - 46 - REGULAR PLAN - DIVIDEND;INF200K014Z3;;10.0983;N.A.;N.A.;04-Jan-2014
125521;SBI DEBT FUND SERIES - 366 DAYS - 46 - REGULAR PLAN - GROWTH;INF200K015Z0;;10.0983;N.A.;N.A.;04-Jan-2014
125657;SBI DEBT FUND SERIES - 366 DAYS - 47 - DIRECT PLAN - DIVIDEND;INF200KA1077;;10.0890;N.A.;N.A.;04-Jan-2014
125658;SBI DEBT FUND SERIES - 366 DAYS - 47 - DIRECT PLAN - GROWTH;INF200KA1085;;10.0890;N.A.;N.A.;04-Jan-2014
125659;SBI DEBT FUND SERIES - 366 DAYS - 47 - REGULAR PLAN - DIVIDEND;INF200KA1093;;10.0866;N.A.;N.A.;04-Jan-2014
125660;SBI DEBT FUND SERIES - 366 DAYS - 47 - REGULAR PLAN - GROWTH;INF200KA1101;;10.0866;N.A.;N.A.;04-Jan-2014
125793;SBI DEBT FUND SERIES - 366 DAYS - 48 - DIRECT PLAN - DIVIDEND;INF200KA1192;;10.0550;N.A.;N.A.;04-Jan-2014
125794;SBI DEBT FUND SERIES - 366 DAYS - 48 - DIRECT PLAN - GROWTH;INF200KA1200;;10.0550;N.A.;N.A.;04-Jan-2014
125795;SBI DEBT FUND SERIES - 366 DAYS - 48 - REGULAR PLAN - DIVIDEND;INF200KA1218;;10.0540;N.A.;N.A.;04-Jan-2014
125796;SBI DEBT FUND SERIES - 366 DAYS - 48 - REGULAR PLAN - GROWTH;INF200KA1226;;10.0540;N.A.;N.A.;04-Jan-2014
126093;SBI DEBT FUND SERIES - 366 DAYS - 49 - DIRECT PLAN - DIVIDEND;INF200KA1275;;10.0439;N.A.;N.A.;04-Jan-2014
126094;SBI DEBT FUND SERIES - 366 DAYS - 49 - DIRECT PLAN - GROWTH;INF200KA1283;;10.0439;N.A.;N.A.;04-Jan-2014
126096;SBI DEBT FUND SERIES - 366 DAYS - 49 - REGULAR PLAN - DIVIDEND;INF200KA1291;;10.0431;N.A.;N.A.;04-Jan-2014
126095;SBI DEBT FUND SERIES - 366 DAYS - 49 - REGULAR PLAN - GROWTH;INF200KA1309;;10.0431;N.A.;N.A.;04-Jan-2014
113321;SBI Debt Fund Series - 60 Months - 1 - Dividend;INF200K01CQ8;;12.6941;N.A.;N.A.;04-Jan-2014
113401;SBI Debt Fund Series - 60 Months - 1 - Growth;INF200K01CP0;;12.6940;N.A.;N.A.;04-Jan-2014
118220;SBI DEBT FUND SERIES - 60 MONTHS - 2 - DIVIDEND;INF200K01QD6;;10.6547;N.A.;N.A.;04-Jan-2014
118221;SBI DEBT FUND SERIES - 60 MONTHS - 2 - GROWTH;INF200K01QC8;;10.6547;N.A.;N.A.;04-Jan-2014
120901;SBI DEBT FUND SERIES - 60 MONTHS - 3 - DIRECT PLAN - DIVIDEND;INF200K01QQ8;;10.5816;N.A.;N.A.;04-Jan-2014
120900;SBI DEBT FUND SERIES - 60 MONTHS - 3 - DIRECT PLAN - GROWTH;INF200K01QP0;;10.5816;N.A.;N.A.;04-Jan-2014
120899;SBI DEBT FUND SERIES - 60 MONTHS - 3 - REGULAR PLAN - DIVIDEND;INF200K01QF1;;10.5296;N.A.;N.A.;04-Jan-2014
120898;SBI DEBT FUND SERIES - 60 MONTHS - 3 - REGULAR PLAN - GROWTH;INF200K01QE4;;10.5296;N.A.;N.A.;04-Jan-2014
124886;SBI DEBT FUND SERIES - 90 DAYS - 79 - DIRECT PLAN - DIVIDEND;INF200K01YF5;;10.2116;N.A.;N.A.;04-Jan-2014
124887;SBI DEBT FUND SERIES - 90 DAYS - 79 - DIRECT PLAN - GROWTH;INF200K01YE8;;10.2116;N.A.;N.A.;04-Jan-2014
124888;SBI DEBT FUND SERIES - 90 DAYS - 79 - REGULAR PLAN - DIVIDEND;INF200K01OU5;;10.2091;N.A.;N.A.;04-Jan-2014
124889;SBI DEBT FUND SERIES - 90 DAYS - 79 - REGULAR PLAN - GROWTH;INF200K01OT7;;10.2091;N.A.;N.A.;04-Jan-2014
125239;SBI DEBT FUND SERIES - 90 DAYS - 80 - DIRECT PLAN - DIVIDEND;INF200K01F57;;10.1572;N.A.;N.A.;04-Jan-2014
125241;SBI DEBT FUND SERIES - 90 DAYS - 80 - DIRECT PLAN - GROWTH;INF200K01F40;;10.1572;N.A.;N.A.;04-Jan-2014
125240;SBI DEBT FUND SERIES - 90 DAYS - 80 - REGULAR PLAN - DIVIDEND;INF200K01F32;;10.1553;N.A.;N.A.;04-Jan-2014
125242;SBI DEBT FUND SERIES - 90 DAYS - 80 - REGULAR PLAN - GROWTH;INF200K01F24;;10.1553;N.A.;N.A.;04-Jan-2014
125789;SBI DEBT FUND SERIES - 90 DAYS - 81 - DIRECT PLAN - DIVIDEND;INF200K01F99;;10.0602;N.A.;N.A.;04-Jan-2014
125790;SBI DEBT FUND SERIES - 90 DAYS - 81 - DIRECT PLAN - GROWTH;INF200K01F81;;10.0602;N.A.;N.A.;04-Jan-2014
125791;SBI DEBT FUND SERIES - 90 DAYS - 81 - REGULAR PLAN - DIVIDEND;INF200K01F73;;10.0595;N.A.;N.A.;04-Jan-2014
125792;SBI DEBT FUND SERIES - 90 DAYS - 81 - REGULAR PLAN - GROWTH;INF200K01F65;;10.0595;N.A.;N.A.;04-Jan-2014
125968;SBI DEBT FUND SERIES - 90 DAYS - 82 - DIRECT PLAN - DIVIDEND;INF200K01G31;;10.0462;N.A.;N.A.;04-Jan-2014
125965;SBI DEBT FUND SERIES - 90 DAYS - 82 - DIRECT PLAN - GROWTH;INF200K01G23;;10.0462;N.A.;N.A.;04-Jan-2014
125966;SBI DEBT FUND SERIES - 90 DAYS - 82 - REGULAR PLAN - DIVIDEND;INF200K01G15;;10.0459;N.A.;N.A.;04-Jan-2014
125967;SBI DEBT FUND SERIES - 90 DAYS - 82 - REGULAR PLAN - GROWTH;INF200K01G07;;10.0459;N.A.;N.A.;04-Jan-2014
