Scheme Code;Scheme Name;ISIN Div Payout/ISIN Growth;ISIN Div Reinvestment;Net Asset Value;Repurchase Price;Sale Price;Date

Open Ended Schemes ( Liquid )


Deutsche Mutual Fund
116363;DWS Insta Cash Plus Fund - Annual Dividend Option;INF223J01IP1;INF223J01IQ9;112.5157;112.5157;112.5157;19-Jan-2014
106468;DWS INSTA CASH PLUS FUND - BONUS OPTION;INF223J01BQ4;;111.8373;111.8373;111.8373;19-Jan-2014
122675;DWS Insta Cash Plus Fund - Direct Plan -  Annual Bonus Option;INF223J01WW8;;163.3332;163.3332;163.3332;19-Jan-2014
119003;DWS Insta Cash Plus Fund - Direct Plan -  Regular Bonus;INF223J01NQ9;;111.9654;111.9654;111.9654;19-Jan-2014
118997;DWS Insta Cash Plus Fund - Direct Plan - Annual Dividend;INF223J01NO4;INF223J01NP1;112.6245;112.6245;112.6245;19-Jan-2014
118998;DWS Insta Cash Plus Fund - Direct Plan - Daily Dividend;;INF223J01NR7;100.304;100.304;100.304;19-Jan-2014
119000;DWS Insta Cash Plus Fund - Direct Plan - Growth;INF223J01NS5;;163.7799;163.7799;163.7799;19-Jan-2014
119002;DWS Insta Cash Plus Fund - Direct Plan - Weekly Dividend;INF223J01NV9;INF223J01NW7;100.5878;100.5878;100.5878;19-Jan-2014
122205;DWS Insta Cash Plus Fund - Direct Plan -Monthly Bonus;INF223J01VE8;;107.2955;107.2955;107.2955;19-Jan-2014
106470;DWS Insta Cash Plus Fund - Monthly Dividend;INF223J01BR2;INF223J01BS0;104.5346;104.5346;104.5346;19-Jan-2014
105672;DWS INSTA CASH PLUS FUND - Regular Plan BONUS OPTION;INF223J01BH3;;10.8396;10.8396;10.8396;19-Jan-2014
106472;DWS Insta Cash Plus Fund - Weekly Dividend;INF223J01BT8;INF223J01BU6;100.5524;100.5524;100.5524;19-Jan-2014
106471;DWS Insta Cash Plus Fund -Growth;INF223J01BP6;;163.5915;163.5915;163.5915;19-Jan-2014
106467;DWS Insta Cash Plus Fund-Daily Dividend;;INF223J01BO9;100.304;100.304;100.304;19-Jan-2014
101718;DWS Insta Cash Plus Fund-DIVIDEND-Daily Dividend;;INF223J01BI1;10.301;10.301;10.301;19-Jan-2014
101717;DWS Insta Cash Plus Fund-DIVIDEND-MONTHLY DIVIDEND;INF223J01BK7;INF223J01BL5;10.5032;10.5032;10.5032;19-Jan-2014
101716;DWS Insta Cash Plus Fund-DIVIDEND-WEEKLY DIVIDEND;INF223J01BM3;INF223J01BN1;10.3558;10.3558;10.3558;19-Jan-2014
101719;DWS Insta Cash Plus Fund-Growth-GROWTH;INF223J01BJ9;;20.5328;20.5328;20.5328;19-Jan-2014
101722;DWS Insta Cash Plus Fund-Institutional Plan-Daily Dividend;;INF223J01BA8;10.0516;10.0516;10.0516;19-Jan-2014
101721;DWS Insta Cash Plus Fund-Institutional Plan-Growth;INF223J01BB6;;19.4724;19.4724;19.4724;19-Jan-2014
122206;DWS INSTA CASH PLUS FUND-Monthly Bonus Option;INF223J01VD0;;102.9764;102.9764;102.9764;19-Jan-2014
116368;DWS Insta CashPlus Fund - Quarterly Dividend Option;INF223J01IN6;INF223J01IO4;111.9221;111.9221;111.9221;19-Jan-2014
116370;DWS Treasury Fund - Cash Plan - Annual Dividend;INF223J01SF1;INF223J01SG9;118.6256;118.6256;118.6256;19-Jan-2014
114966;DWS Treasury Fund - Cash Plan - Bonus;INF223J01SA2;;107.5618;107.5618;107.5618;19-Jan-2014
112228;DWS Treasury Fund - Cash Plan - Daily Dividend;;INF223J01SB0;100.391;100.391;100.391;19-Jan-2014
119014;DWS Treasury Fund - Cash Plan - Direct Plan - Bonus;INF223J01PE0;;184.5644;184.5644;184.5644;19-Jan-2014
119008;DWS Treasury Fund - Cash Plan - Direct Plan - Daily Dividend;;INF223J01PH3;100.391;100.391;100.391;19-Jan-2014
119009;DWS Treasury Fund - Cash Plan - Direct Plan - Growth;INF223J01PI1;;135.7535;135.7535;135.7535;19-Jan-2014
122210;DWS Treasury Fund - Cash Plan - Direct Plan - Monthly Bonus;INF223J01VO7;;107.3555;107.3555;107.3555;19-Jan-2014
119013;DWS Treasury Fund - Cash Plan - Direct Plan - Weekly Dividend;INF223J01PN1;INF223J01PO9;109.5997;109.5997;109.5997;19-Jan-2014
112221;DWS Treasury Fund - Cash Plan - Growth;INF223J01SC8;;135.47;135.47;135.47;19-Jan-2014
112227;DWS Treasury Fund - Cash Plan - Institiutional - Daily Dividend;;INF223J01DZ1;100.497;100.497;100.497;19-Jan-2014
112222;DWS Treasury Fund - Cash Plan - Institiutional - Growth;INF223J01EA2;;138.7605;138.7605;138.7605;19-Jan-2014
122209;DWS Treasury Fund - Cash Plan - Monthly Bonus;INF223J01VN9;;107.1861;107.1861;107.1861;19-Jan-2014
112965;DWS Treasury Fund - Cash Plan - Monthly Dividend;INF223J01RW8;INF223J01RX6;107.1322;107.1322;107.1322;19-Jan-2014
116391;DWS Treasury Fund - Cash Plan - Quarterly Dividend;INF223J01SD6;INF223J01SE4;110.0564;110.0564;110.0564;19-Jan-2014
112964;DWS Treasury Fund - Cash Plan - Weekly Dividend;INF223J01RY4;INF223J01RZ1;109.5478;109.5478;109.5478;19-Jan-2014
122680;WS Treasury Fund - Cash Plan - Annual Bonus;INF223J01XD6;;135.4387;135.4387;135.4387;19-Jan-2014

Edelweiss Mutual Fund
109935;Edelweiss Liquid Fund - Daily Dividend Option;;INF754K01BG7;1000.0001;999.0001;1000.0001;19-Jan-2014
109946;Edelweiss Liquid Fund - Growth Option;INF754K01BC6;;1240.9496;1239.7087;1240.9496;19-Jan-2014
109944;Edelweiss Liquid Fund - Monthly Dividend Option;INF754K01BD4;INF754K01BF9;1003.9823;1002.9783;1003.9823;19-Jan-2014
109934;Edelweiss Liquid Fund - Retail Plan - Daily Dividend Option;;INF754K01AS4;1000.0003;999.0003;1000.0003;19-Jan-2014
109940;Edelweiss Liquid Fund - Retail Plan - Growth Option;INF754K01AO3;;1420.4895;1419.0690;1420.4895;19-Jan-2014
109939;Edelweiss Liquid Fund - Retail Plan - Monthly Dividend Option;INF754K01AP0;INF754K01AR6;1003.4978;1002.4943;1003.4978;19-Jan-2014
109937;Edelweiss Liquid Fund - Retail Plan - Weekly Dividend Option;;INF754K01AT2;1000.2048;999.2046;1000.2048;19-Jan-2014
109942;Edelweiss Liquid Fund - Weekly Dividend Option;;INF754K01BH5;1000.2305;999.2303;1000.2305;19-Jan-2014
118637;Edelweiss Liquid Fund-Direct Plan-Daily Dividend Option;;INF754K01DB4;1000.0001;999.0001;1000.0001;19-Jan-2014
118636;Edelweiss Liquid Fund-Direct Plan-Growth Option;INF754K01CX0;;1241.3565;1240.1151;1241.3565;19-Jan-2014

ING Mutual Fund
119935;ING Liquid Fund - Super Institutional Plan - Direct Plan - Growth Option;INF084M01BY8;;18.7838;18.7838;18.7838;19-Jan-2014
119933;ING Liquid Fund - Super Institutional Plan - Direct Plan- Daily Dividend Option;;INF084M01BZ5;10.0048;10.0048;10.0048;19-Jan-2014
119934;ING Liquid Fund - Super Institutional Plan - Direct Plan- Weekly Dividend Option;INF084M01CB4;INF084M01CA6;10.0212;10.0212;10.0212;19-Jan-2014
100198;ING Liquid Fund-Institutional Daily Dividend Option;INF084M01473;;10.0121;10.0121;10.0121;19-Jan-2014
100196;ING Liquid Fund-Institutional Growth Option;INF084M01465;;19.5629;19.5629;19.5629;19-Jan-2014
100197;ING Liquid Fund-Institutional Weekly Dividend Option;INF084M01499;INF084M01481;10.0671;10.0671;10.0671;19-Jan-2014
100192;ING Liquid Fund-Regular Daily Dividend Option;INF084M01432;;10.7873;10.7873;10.7873;19-Jan-2014
100190;ING Liquid Fund-Regular Growth Option;INF084M01424;;25.8342;25.8342;25.8342;19-Jan-2014
100191;ING Liquid Fund-Regular Weekly Dividend Option;INF084M01457;INF084M01440;10.8376;10.8376;10.8376;19-Jan-2014
100200;ING Liquid Fund-Super Institutional Daily Dividend Option;INF084M01515;;10.0048;10.0048;10.0048;19-Jan-2014
100199;ING Liquid Fund-Super Institutional Growth Option;INF084M01507;;18.741;18.741;18.741;19-Jan-2014
100201;ING Liquid Fund-Super Institutional Weekly Dividend Option;INF084M01531;INF084M01523;10.0185;10.0185;10.0185;19-Jan-2014

Invesco Mutual Fund
122792;Religare Invesco Overnight Fund - Bonus Option;INF205K01UY3;;1480.8457;1480.8457;1480.8457;19-Jan-2014
106502;Religare Invesco Overnight Fund - Daily Dividend Reinvestment;;INF205K01HS2;1001.7485;1001.7485;1001.7485;19-Jan-2014
122793;Religare Invesco Overnight Fund - Direct Plan - Bonus Option;INF205K01VH6;;1485.5115;1485.5115;1485.5115;19-Jan-2014
120556;Religare Invesco Overnight Fund - Direct Plan - Daily Dividend Reinvestment;;INF205K01NC4;1000.0100;1000.0100;1000.0100;19-Jan-2014
120557;Religare Invesco Overnight Fund - Direct Plan - Growth;INF205K01ND2;;1485.6217;1485.6217;1485.6217;19-Jan-2014
106501;Religare Invesco Overnight Fund - Growth;INF205K01HR4;;1480.9461;1480.9461;1480.9461;19-Jan-2014

JM Financial Mutual Fund
122314;JM Floater Short Term Fund (Direct) - Bonus Option - Principal Units;INF192K01EV3;;19.6272;19.6272;19.6272;19-Jan-2014
120414;JM Floater Short Term Fund (Direct) - Daily Dividend Option;;INF192K01CF0;10.0884;10.0884;10.0884;19-Jan-2014
120415;JM Floater Short Term Fund (Direct) - Growth Option;INF192K01CG8;;19.6274;19.6274;19.6274;19-Jan-2014
122322;JM Floater Short Term Fund - Bonus Option - Principal Units;INF192K01ET7;;19.5909;19.5909;19.5909;19-Jan-2014
101420;JM Floater Short Term Fund - Daily Dividend Option;;INF192K01767;10.0883;10.0883;10.0883;19-Jan-2014
101421;JM Floater Short Term Fund - Growth Option;INF192K01775;;19.5909;19.5909;19.5909;19-Jan-2014

JPMorgan Mutual Fund
119902;JPMorgan India Liquid Fund - Direct Plan - Daily Dividend Option;;INF843K01BA1;10.0101;10.0101;10.0101;19-Jan-2014
119905;JPMorgan India Liquid Fund - Direct Plan - Growth Option;INF843K01AX5;;16.3531;16.3531;16.3531;19-Jan-2014
119906;JPMorgan India Liquid Fund - Direct Plan - Monthly Dividend Option;INF843K01BH6;INF843K01BD5;10.0929;10.0929;10.0929;19-Jan-2014
119904;JPMorgan India Liquid Fund - Direct Plan - Weekly Dividend Option;INF843K01BF0;INF843K01BB9;10.1424;10.1424;10.1424;19-Jan-2014
106562;JPMorgan India Liquid Fund - Retail Plan - Daily Dividend Option;;INF843K01203;10.019;10.019;10.019;19-Jan-2014
106561;JPMorgan India Liquid Fund - Retail Plan - Growth Option;INF843K01195;;14.9091;14.9091;14.9091;19-Jan-2014
109179;JPMorgan India Liquid Fund - Retail Plan - Monthly Dividend Option;;INF843K01237;10.082;10.082;10.082;19-Jan-2014
109177;JPMorgan India Liquid Fund - Retail Plan - Weekly Dividend Option;;INF843K01211;10.0289;10.0289;10.0289;19-Jan-2014
117751;JPMorgan India Liquid Fund - Super Institutional Plan - Annual Dividend Option;INF843K01831;INF843K01823;11.2987;11.2987;11.2987;19-Jan-2014
110149;JPMorgan India Liquid Fund - Super Institutional Plan - Daily Dividend Option;;INF843K01153;10.0279;10.0279;10.0279;19-Jan-2014
110152;JPMorgan India Liquid Fund - Super Institutional Plan - Fortnightly Dividend Option;INF843K01492;INF843K01179;10.1645;10.1645;10.1645;19-Jan-2014
110150;JPMorgan India Liquid Fund - Super Institutional Plan - Growth Option;INF843K01146;;16.3336;16.3336;16.3336;19-Jan-2014
110151;JPMorgan India Liquid Fund - Super Institutional Plan - Monthly Dividend Option;INF843K01500;INF843K01187;10.0921;10.0921;10.0921;19-Jan-2014
110153;JPMorgan India Liquid Fund - Super Institutional Plan - Weekly Dividend Option;INF843K01484;INF843K01161;10.1898;10.1898;10.1898;19-Jan-2014

Morgan Stanley Mutual Fund
119197;Morgan Stanley Liquid Fund - Direct Daily Dividend;;INF063A01563;1009.4013;1009.4013;1009.4013;19-Jan-2014
119173;Morgan Stanley Liquid Fund - Direct Growth Plan;INF063A01555;;1240.5985;1240.5985;1240.5985;19-Jan-2014
119200;Morgan Stanley Liquid Fund - Direct Monthly Dividend;INF063A01597;INF063A01589;1013.1320;1013.1320;1013.1320;19-Jan-2014
119198;Morgan Stanley Liquid Fund - Direct Weekly Dividend;INF063A01571;;1001.2085;1001.2085;1001.2085;19-Jan-2014
115812;MS Liquid Fund - Regular- Growth;INF063A01274;;1239.6672;1239.6672;1239.6672;19-Jan-2014
115814;MS Liquid Fund - Regular- Weekly Dividend Plan;;INF063A01290;1001.2022;1001.2022;1001.2022;19-Jan-2014
115813;MS Liquid Fund- Regular Daily Dividend Plan;;INF063A01282;1000.5001;1000.5001;1000.5001;19-Jan-2014
115815;MS Liquid Fund- Regular Monthly Dividend Plan;INF063A01316;INF063A01308;1008.3099;1008.3099;1008.3099;19-Jan-2014

PGIM India Mutual Fund
120102;DHFL Pramerica Liquid Fund - Direct Plan-Daily Dividend Option;;INF663L01633;1000.4200;1000.4200;1000.4200;19-Jan-2014
120104;DHFL Pramerica Liquid Fund - Direct Plan-Growth Option;INF663L01625;;1345.5331;1345.5331;1345.5331;19-Jan-2014
120105;DHFL Pramerica Liquid Fund - Direct Plan-Monthly Dividend Option;INF663L01682;INF663L01666;1005.9604;1005.9604;1005.9604;19-Jan-2014
120106;DHFL Pramerica Liquid Fund - Direct Plan-Weekly Dividend - Option;;INF663L01641;1001.3715;1001.3715;1001.3715;19-Jan-2014
113184;DHFL Pramerica Liquid Fund - Dividend Option - Daily;;INF663L01088;1000.3700;1000.3700;1000.3700;19-Jan-2014
113187;DHFL Pramerica Liquid Fund - Dividend Option - Fortnightly;INF663L01120;INF663L01104;1001.9344;1001.9344;1001.9344;19-Jan-2014
113186;DHFL Pramerica Liquid Fund - Dividend Option - Monthly;INF663L01138;INF663L01112;1005.7890;1005.7890;1005.7890;19-Jan-2014
113183;DHFL Pramerica Liquid Fund - Growth Option;INF663L01070;;1343.9866;1343.9866;1343.9866;19-Jan-2014
113185;DHFL Pramerica Liquid Fund -Dividend Option- Weekly;;INF663L01096;1001.2271;1001.2271;1001.2271;19-Jan-2014
122257;DHFL Pramerica Liquid Fund-Bonus Option;INF663L01BD5;;1343.8582;1343.8582;1343.8582;19-Jan-2014
122258;DHFL Pramerica Liquid Fund-Direct Plan-Bonus Option;INF663L01BE3;;1345.3726;1345.3726;1345.3726;19-Jan-2014

PineBridge Mutual Fund
119355;PineBridge India Liquid Fund- Direct Plan- Daily Dividend Option;;INF178L01AV8;1001.0000;1001.0000;1001.0000;19-Jan-2014
119360;PineBridge India Liquid Fund- Direct Plan- Growth Option;INF178L01AP0;;1584.6847;1584.6847;1584.6847;19-Jan-2014
106513;PineBridge India Liquid Fund- Standard Plan-Daily Dividend Option;;INF178L01699;1001.0000;1001.0000;1001.0000;19-Jan-2014
106508;PineBridge India Liquid Fund- Standard Plan-Growth Option;INF178L01715;;1583.5138;1583.5138;1583.5138;19-Jan-2014
106519;PineBridge India Liquid Fund- Standard Plan-Monthly Dividend Option;INF178L01723;INF178L01731;1006.2593;1006.2593;1006.2593;19-Jan-2014
106520;PineBridge India Liquid Fund- Standard Plan-Quarterly Dividend Option;INF178L01749;INF178L01756;1006.2639;1006.2639;1006.2639;19-Jan-2014
106509;PineBridge India Liquid Fund- Standard Plan-Weekly Dividend Option;;INF178L01764;1002.3856;1002.3856;1002.3856;19-Jan-2014
106503;PineBridge India Liquid Fund-Retail Plan-DailyDividend Option;;INF178L01533;1001.0000;1001.0000;1001.0000;19-Jan-2014
106514;PineBridge India Liquid Fund-Retail Plan-Growth Option;INF178L01558;;1546.8197;1546.8197;1546.8197;19-Jan-2014
106504;PineBridge India Liquid Fund-Retail Plan-Monthly Dividend Option;INF178L01566;INF178L01574;1006.2576;1006.2576;1006.2576;19-Jan-2014
106510;PineBridge India Liquid Fund-Retail Plan-Weekly Dividend Option;;INF178L01608;1002.3857;1002.3857;1002.3857;19-Jan-2014

Sahara Mutual Fund
101397;Sahara Liquid Fund-Fixed Pricing -  Weekly Dividend Option;;INF515L01064;1027.4373;1027.4373;1027.4373;19-Jan-2014
101393;Sahara Liquid Fund-Fixed Pricing - Daily Dividend Option;;INF515L01049;1036.9005;1036.9005;1036.9005;19-Jan-2014
120265;Sahara Liquid Fund-Fixed Pricing - Direct - Weekly Dividend Option;;INF515L01668;1027.4373;1027.4373;1027.4373;19-Jan-2014
120262;Sahara Liquid Fund-Fixed Pricing - Direct -Growth option;INF515L01650;;2264.4006;2264.4006;2264.4006;19-Jan-2014
101394;Sahara Liquid Fund-Fixed Pricing - Growth option;INF515L01056;;2263.7965;2263.7965;2263.7965;19-Jan-2014
101398;Sahara Liquid Fund-Fixed Pricing - Monthly Dividend Option;;INF515L01072;1044.0713;1044.0713;1044.0713;19-Jan-2014
120253;Sahara Liquid Fund-Fixed Pricing -Direct - Daily Dividend Option- Direct;;INF515L01643;1036.9005;1036.9005;1036.9005;19-Jan-2014
120266;Sahara Liquid Fund-Fixed Pricing -Direct - Monthly Dividend Option;;INF515L01676;1044.0713;1044.0713;1044.0713;19-Jan-2014
101399;Sahara Liquid Fund-Variable Pricing - Daily Dividend option;;INF515L01080;1036.9456;1036.9456;1036.9456;19-Jan-2014
101402;Sahara Liquid Fund-Variable Pricing - Growth option;INF515L01114;;2286.8186;2286.8186;2286.8186;19-Jan-2014
101400;Sahara Liquid Fund-Variable Pricing - Weekly Dividend Option;;INF515L01098;1042.6664;1042.6664;1042.6664;19-Jan-2014
120271;Sahara Liquid Fund-Variable Pricing -Direct - Daily Dividend option;;INF515L01684;1036.9456;1036.9456;1036.9456;19-Jan-2014
120280;Sahara Liquid Fund-Variable Pricing -Direct - Growth option;INF515L01718;;2287.7790;2287.7790;2287.7790;19-Jan-2014
120272;Sahara Liquid Fund-Variable Pricing -Direct - Weekly Dividend Option;;INF515L01692;1042.6664;1042.6664;1042.6664;19-Jan-2014
120273;Sahara Liquid Fund-Variable Pricing- Direct - Monthly Dividend Option;;INF515L01700;1050.9310;1050.9310;1050.9310;19-Jan-2014
101401;Sahara Liquid Fund-Variable Pricing- Monthly Dividend Option;;INF515L01106;1048.2240;1048.2240;1048.2240;19-Jan-2014

Tata Mutual Fund
101987;Tata Liquid Fund Reglar Plan - Monthly Dividend;INF277K01LR5;INF277K01LS3;1004.5384;1004.5384;1004.5384;19-Jan-2014
101861;Tata Liquid Fund-Regular Plan  - Weekly Dividend;INF277K016C5;;1001.8769;1001.8769;1001.8769;19-Jan-2014
101984;Tata Liquid High Investment Plan - Daily;;;1114.3379;1114.3379;1114.3379;19-Jan-2014
101860;Tata Liquid High Investment Plan - Growth;INF277K01LN4;;2061.9112;2061.9112;2061.9112;19-Jan-2014
101985;Tata Liquid High Investment Plan - Monthly;INF277K01LO2;INF277K01LP9;1023.9793;1023.9793;1023.9793;19-Jan-2014
101859;Tata Liquid High Investment Plan - Weekly;;;1147.8249;1147.8249;1147.8249;19-Jan-2014
101982;Tata Liquid Retail Investment PLan - Daily;;;1116.8143;1116.8143;1116.8143;19-Jan-2014
101983;Tata Liquid Retail Investment Plan - Fortnightly;;;1145.9848;1145.9848;1145.9848;19-Jan-2014
101858;Tata Liquid Retail Investment Plan - Growth;INF277K01LM6;;2825.6637;2825.6637;2825.6637;19-Jan-2014
103631;Tata Liquidity Management Fund - Regular Plan - Daily Dividend;;;1002.6089;1002.6089;1002.6089;19-Jan-2014
103632;Tata Liquidity Management Fund - Regular Plan - Growth;INF277K01LW5;;1694.4212;1694.4212;1694.4212;19-Jan-2014
103519;Tata Liquidity Management Fund - Regular Plan  -Weekly Dividend;;;1006.6804;1006.6804;1006.6804;19-Jan-2014
119443;Tata Liquidity Management Fund- Direct Plan-Daily Dividend;;;1002.6089;1002.6089;1002.6089;19-Jan-2014
119444;Tata Liquidity Management Fund- Direct Plan-Growth;INF277K01PU0;;1695.5829;1695.5829;1695.5829;19-Jan-2014
119442;Tata Liquidity Management Fund- Direct Plan-Weekly Dividend;;;1006.6869;1006.6869;1006.6869;19-Jan-2014

Open Ended Schemes ( Money Market )


Tata Mutual Fund
102152;Tata Money Market Fund Regular (Bonus / Dividend);;;10.1600;10.1600;10.1600;19-Jan-2014
102153;Tata Money Market Fund Regular (Growth);INF277K01LY1;;19.8090;19.8090;19.8090;19-Jan-2014

Open Ended Schemes ( Debt Scheme - Overnight Fund )


HDFC Mutual Fund
119109;HDFC Overnight Fund - Daily IDCW Option - Direct Plan;;INF179KB1HY1;10.4266;10.4266;10.4266;19-Jan-2014
101996;HDFC Overnight Fund - Growth Option;INF179KB1HS3;;20.0394;20.0394;20.0394;19-Jan-2014
119110;HDFC Overnight Fund - Growth Option - Direct Plan;INF179KB1HT1;;20.0509;20.0509;20.0509;19-Jan-2014
101997;HDFC Overnight Fund - IDCW Option (Daily);;INF179KB1IF8;10.4266;10.4266;10.4266;19-Jan-2014

L&T Mutual Fund
118059;L&T Cash Fund - Institutional Plan - Growth Option;INF677K01AP3;;1687.2433;1687.2433;1687.2433;19-Jan-2014
118055;L&T Cash Fund - Retail Plan - Growth option;INF677K01AK4;;1639.9846;1639.9846;1639.9846;19-Jan-2014
118062;L&T Cash Fund - Retail Plan - Monthly Dividend Option;INF677K01AN8;INF677K01AO6;1016.8286;1016.8286;1016.8286;19-Jan-2014
118066;L&T Overnight Fund  - Regular Plan - Monthly IDCW;INF917K01EL4;INF917K01EM2;1019.4181;1019.4181;1019.4181;19-Jan-2014
119283;L&T Overnight Fund - Direct Plan - Growth;INF917K01EN0;;1707.2472;1707.2472;1707.2472;19-Jan-2014
119284;L&T Overnight Fund - Direct Plan- Daily IDCW;;INF917K01EO8;1050.3804;1050.3804;1050.3804;19-Jan-2014
119282;L&T Overnight Fund - Direct Plan- Monthly IDCW;INF917K01ER1;;1020.9838;1020.9838;1020.9838;19-Jan-2014
119285;L&T Overnight Fund - Direct Plan- Weekly IDCW;;INF917K01EP5;1002.7927;1002.7927;1002.7927;19-Jan-2014
118056;L&T Overnight Fund - Regular Plan - Daily IDCW;;INF917K01EJ8;1023.3000;1023.3000;1023.3000;19-Jan-2014
118058;L&T Overnight Fund - Regular Plan - Growth;INF917K01EI0;;1705.8262;1705.8262;1705.8262;19-Jan-2014
118065;L&T Overnight Fund - Regular Plan - Weekly IDCW;;INF917K01EK6;1001.3190;1001.3190;1001.3190;19-Jan-2014

SBI Mutual Fund
119831;SBI Overnight Fund - Direct Plan - Daily Income Distribution cum Capital Withdrawal Option (IDCW);;INF200K01TJ7;1009.9100;1009.9100;1009.9100;19-Jan-2014
119833;SBI OVERNIGHT FUND - DIRECT PLAN - GROWTH;INF200K01TK5;;2161.5970;2161.5970;2161.5970;19-Jan-2014
119832;SBI Overnight Fund - Direct Plan - Weekly Income Distribution cum Capital Withdrawal Option (IDCW);INF200K01TL3;INF200K01TM1;1031.4322;1031.4322;1031.4322;19-Jan-2014
114297;SBI Overnight Fund - Regular Plan - Daily Income Distribution cum Capital Withdrawal Option (IDCW);;INF200K01LN6;1009.9100;1009.9100;1009.9100;19-Jan-2014
101206;SBI OVERNIGHT FUND - REGULAR PLAN - GROWTH;INF200K01LQ9;;2158.4051;2158.4051;2158.4051;19-Jan-2014
103140;SBI Overnight Fund - Regular Plan - Weekly Income Distribution cum Capital Withdrawal Option (IDCW);INF200K01LO4;INF200K01LP1;1031.4286;1031.4286;1031.4286;19-Jan-2014

Open Ended Schemes ( Debt Scheme - Liquid Fund )


360 ONE Mutual Fund
125345;360 ONE LIQUID FUND DIRECT PLAN  GROWTH;INF579M01621;;1014.8084;1014.8084;1014.8084;19-Jan-2014
125348;360 ONE LIQUID FUND DIRECT PLAN  HALF YEARLY DIVIDEND;INF579M01670;INF579M01738;1014.8084;1014.8084;1014.8084;19-Jan-2014
125342;360 ONE LIQUID FUND REGULAR PLAN  DAILY DIVIDEND REINVESTMENT;;INF579M01563;1000.0000;1000.0000;1000.0000;19-Jan-2014
125338;360 ONE LIQUID FUND REGULAR PLAN  FORTNIGHTLY DIVIDEND;INF579M01522;INF579M01589;1014.7127;1014.7127;1014.7127;19-Jan-2014
125259;360 ONE LIQUID FUND REGULAR PLAN  GROWTH;INF579M01506;;1014.7127;1014.7127;1014.7127;19-Jan-2014
125339;360 ONE LIQUID FUND REGULAR PLAN  MONTHLY DIVIDEND;INF579M01530;INF579M01597;1014.7127;1014.7127;1014.7127;19-Jan-2014
125337;360 ONE LIQUID FUND REGULAR PLAN  WEEKLY DIVIDEND;INF579M01514;INF579M01571;1014.7128;1014.7128;1014.7128;19-Jan-2014

Aditya Birla Sun Life Mutual Fund
100047;Aditya Birla Sun Life Liquid Fund - Growth;INF209K01RU9;;202.0472;202.0472;202.0472;19-Jan-2014
119568;Aditya Birla Sun Life Liquid Fund - Growth - Direct Plan;INF209K01VA3;;202.1385;202.1385;202.1385;19-Jan-2014
100046;Aditya Birla Sun Life Liquid Fund -Daily IDCW;INF209K01KQ2;INF209K01SQ5;100.1950;100.1950;100.1950;19-Jan-2014
119569;Aditya Birla Sun Life Liquid Fund -Direct - daily IDCW;INF209K01UZ2;;100.1950;100.1950;100.1950;19-Jan-2014
119571;Aditya Birla Sun Life Liquid Fund -DIRECT - IDCW;INF209K01VD7;;107.8692;107.8692;107.8692;19-Jan-2014
119570;Aditya Birla Sun Life Liquid Fund -Direct - weekly IDCW;INF209K01VC9;;100.2738;100.2738;100.2738;19-Jan-2014
100041;Aditya Birla Sun Life Liquid Fund -Institutional - IDCW;;INF209K01KN9;108.0230;108.0230;108.0230;19-Jan-2014
100048;Aditya Birla Sun Life Liquid Fund -Institutional - weekly  IDCW;INF209KA1LK7;INF209K01KY6;108.1182;108.1182;108.1182;19-Jan-2014
100044;Aditya Birla Sun Life Liquid Fund -Retail - IDCW;;INF209K01KP4;163.6940;163.6940;163.6940;19-Jan-2014
100051;Aditya Birla Sun Life Liquid Fund -weekly IDCW;INF209K01KU4;INF209KA1LJ9;100.2737;100.2737;100.2737;19-Jan-2014
112014;Aditya Birla Sun Life Liquid Fund- Discipline Advantage Plan;INF209K01KZ3;;135.5034;135.5034;135.5034;19-Jan-2014
100043;Aditya Birla Sun Life Liquid Fund-Institutional (Growth);INF209K01RT1;;336.7106;336.7106;336.7106;19-Jan-2014
100042;Aditya Birla Sun Life Liquid Fund-Retail (Growth);INF209K01ME4;;328.2582;328.2582;328.2582;19-Jan-2014

Axis Mutual Fund
120388;Axis Liquid Fund - Direct Plan - Daily IDCW;;INF846K01DA0;1000.1178;1000.1178;1000.1178;19-Jan-2014
120389;Axis Liquid Fund - Direct Plan - Growth Option;INF846K01CX4;;1397.4389;1397.4389;1397.4389;19-Jan-2014
120391;Axis Liquid Fund - Direct Plan - Monthly IDCW;INF846K01CY2;INF846K01CZ9;1005.9486;1005.9486;1005.9486;19-Jan-2014
120390;Axis Liquid Fund - Direct Plan - Weekly IDCW;INF846K01DB8;INF846K01DC6;1003.5491;1003.5491;1003.5491;19-Jan-2014
112211;Axis Liquid Fund - Regular Plan - Daily IDCW;;INF846K01420;1000.1178;1000.1178;1000.1178;19-Jan-2014
112210;Axis Liquid Fund - Regular Plan - Growth Option;INF846K01412;;1396.4297;1396.4297;1396.4297;19-Jan-2014
112213;Axis Liquid Fund - Regular Plan - Monthly IDCW;INF846K01453;INF846K01461;1005.8978;1005.8978;1005.8978;19-Jan-2014
112212;Axis Liquid Fund - Regular Plan - Weekly IDCW;INF846K01438;INF846K01446;1003.5352;1003.5352;1003.5352;19-Jan-2014
112712;Axis Liquid Fund - Retail Plan - Daily IDCW;;INF846K01362;1000.1178;1000.1178;1000.1178;19-Jan-2014
112713;Axis Liquid Fund - Retail Plan - Growth Option;INF846K01354;;1355.4927;1355.4927;1355.4927;19-Jan-2014
112714;Axis Liquid Fund - Retail Plan - Monthly IDCW;INF846K01396;INF846K01404;1005.5639;1005.5639;1005.5639;19-Jan-2014
112715;Axis Liquid Fund - Retail Plan - Weekly IDCW;INF846K01370;INF846K01388;1001.4696;1001.4696;1001.4696;19-Jan-2014

Bandhan Mutual Fund
108692;BANDHAN LIQUID Fund - Regular Plan - Daily IDCW;INF194K01VZ4;INF194K01VY7;1000.2500;1000.2500;1000.2500;19-Jan-2014
108690;BANDHAN LIQUID Fund - Regular Plan - Growth;INF194K01VX9;;1531.7086;1531.7086;1531.7086;19-Jan-2014
108693;BANDHAN LIQUID Fund - Regular Plan - Monthly IDCW;INF194K01WF4;INF194K01WE7;1004.9733;1004.9733;1004.9733;19-Jan-2014
115489;BANDHAN LIQUID Fund - Regular Plan - Periodic IDCW;INF194K01WC1;INF194K01WB3;1206.9817;1206.9817;1206.9817;19-Jan-2014
108691;BANDHAN LIQUID Fund - Regular Plan - Weekly IDCW;INF194K01WI8;INF194K01WH0;1000.6892;1000.6892;1000.6892;19-Jan-2014
118365;BANDHAN LIQUID Fund -Direct Plan -Monthly IDCW;INF194K01J36;INF194K01J28;1011.9194;1011.9194;1011.9194;19-Jan-2014
118367;BANDHAN LIQUID Fund -Direct Plan -Weekly IDCW;INF194KB1JT8;INF194K01J51;1005.3105;1005.3105;1005.3105;19-Jan-2014
118366;BANDHAN LIQUID Fund -Direct Plan-Daily IDCW;;INF194K01I78;1000.3400;1000.3400;1000.3400;19-Jan-2014
118364;BANDHAN LIQUID Fund -Direct Plan-Growth;INF194K01I60;;1532.2275;1532.2275;1532.2275;19-Jan-2014
118363;BANDHAN LIQUID Fund -Direct Plan-Periodic IDCW;INF194K01J02;INF194K01I94;1052.7392;1052.7392;1052.7392;19-Jan-2014
108779;BANDHAN Liquid Fund-Plan A-Dividend (Daily);INF194K01VC3;INF194K01VB5;1058.1900;1058.1900;1058.1900;19-Jan-2014
108778;BANDHAN Liquid Fund-Plan A-Growth;INF194K01UX1;;2202.4812;2202.4812;2202.4812;19-Jan-2014
115486;BANDHAN Liquid Fund-Plan A-Monthly;INF194K01VF6;INF194K01VE9;1004.6890;1004.6890;1004.6890;19-Jan-2014
115487;BANDHAN Liquid Fund-Plan A-Periodic Dividend;INF194K01UZ6;INF194K01UY9;1062.3546;1062.3546;1062.3546;19-Jan-2014
108607;BANDHAN Liquid Fund - Plan A-Dividend (Weekly);INF194K01VI0;INF194K01VH2;1001.4560;1001.4560;1001.4560;19-Jan-2014
108781;BANDHAN Liquid Fund - Plan B (G) (Institutional Plan);INF194K01VK6;;2227.0791;2227.0791;2227.0791;19-Jan-2014
108629;BANDHAN Liquid Fund - Plan B - Dividend-Weekly;INF194K01VS9;INF194K01VR1;1000.5633;1000.5633;1000.5633;19-Jan-2014

Bank of India Mutual Fund
119368;BANK OF INDIA Liquid Fund- Direct Plan- Daily IDCW;;INF761K01CL0;1002.6483;1002.6483;1002.6483;19-Jan-2014
119369;BANK OF INDIA Liquid Fund- Direct Plan- Growth;INF761K01785;;1452.3930;1452.3930;1452.3930;19-Jan-2014
119370;BANK OF INDIA Liquid Fund- Direct Plan- Weekly IDCW;;INF761K01CM8;1007.8176;1007.8176;1007.8176;19-Jan-2014
111971;BANK OF INDIA Liquid Fund- Regular Plan- Daily IDCW;;INF761K01CO4;1000.7312;1000.7312;1000.7312;19-Jan-2014
109254;BANK OF INDIA Liquid Fund- Regular Plan- Growth;INF761K01306;;1451.0322;1451.0322;1451.0322;19-Jan-2014
109255;BANK OF INDIA Liquid Fund- Regular Plan- Weekly IDCW;;INF761K01CP1;1002.7175;1002.7175;1002.7175;19-Jan-2014

Baroda BNP Paribas Mutual Fund
119414;Baroda BNP Paribas LIQUID FUND - DIRECT PLAN - DAILY IDCW OPTION;INF955L01AK2;;1000.6300;1000.6300;1000.6300;19-Jan-2014
119415;Baroda BNP Paribas LIQUID FUND - DIRECT PLAN - GROWTH OPTION;INF955L01AL0;;1445.1712;1445.1712;1445.1712;19-Jan-2014
119416;Baroda BNP Paribas LIQUID FUND - DIRECT PLAN - WEEKLY IDCW OPTION;INF251K01SL8;;1049.6789;1049.6789;1049.6789;19-Jan-2014
111707;Baroda BNP Paribas LIQUID FUND - Regular Plan - DAILY IDCW OPTION;INF955L01468;INF955L01476;1000.6300;1000.6300;1000.6300;19-Jan-2014
111704;Baroda BNP Paribas LIQUID FUND - Regular Plan - GROWTH OPTION;INF955L01484;;1444.2697;1444.2697;1444.2697;19-Jan-2014
111705;Baroda BNP Paribas LIQUID FUND - Regular Plan - WEEKLY IDCW OPTION;INF251K01SK0;INF955L01500;1001.5287;1001.5287;1001.5287;19-Jan-2014
101408;Baroda BNP Paribas LIQUID FUND- Defunct Plan -Growth Option;INF955L01575;;2182.7533;2182.7533;2182.7533;19-Jan-2014
101407;Baroda BNP Paribas LIQUID FUND-Defunct Plan- IDCW Option;INF955L01559;INF955L01567;1870.0822;1870.0822;1870.0822;19-Jan-2014
101409;Baroda BNP Paribas LIQUID FUND-Defunct Plan-Daily IDCW Option;INF955L01518;INF955L01526;1006.0600;1006.0600;1006.0600;19-Jan-2014
111706;BARODA LIQUID FUND PLAN A - MONTHLY IDCW OPTION;;;1006.5360;1006.5360;1006.5360;19-Jan-2014

BNP Paribas Mutual Fund
117941;BNP PARIBAS LIQUID FUND  GROWTH OPTION;INF251K01CM0;;19.3908;19.3908;19.3908;19-Jan-2014
117940;BNP PARIBAS LIQUID FUND  MONTHLY DIVIDEND OPTION;INF251K01CP3;INF251K01CQ1;10.0550;10.0550;10.0550;19-Jan-2014
117942;BNP PARIBAS LIQUID FUND  WEEKLY DIVIDEND OPTION;;INF251K01CO6;10.0092;10.0092;10.0092;19-Jan-2014
120122;BNP Paribas LIQUID Fund - Direct Plan - Daily Dividend Option;;INF251K01FY8;10.0049;10.0049;10.0049;19-Jan-2014
120123;BNP Paribas LIQUID Fund - Direct Plan - Growth Option;;INF251K01FX0;19.4097;19.4097;19.4097;19-Jan-2014
120124;BNP Paribas LIQUID Fund - Direct Plan - Monthly Dividend Option;INF251K01GA6;INF251K01GB4;10.0560;10.0560;10.0560;19-Jan-2014
120125;BNP Paribas LIQUID Fund - Direct Plan - Weekly Dividend Option;;INF251K01FZ5;10.0093;10.0093;10.0093;19-Jan-2014
117943;BNP PARIBAS LIQUID FUND DAILY DIVIDEND OPTION;;INF251K01CN8;10.0049;10.0049;10.0049;19-Jan-2014
113640;BNP PARIBAS LIQUID Fund-Regular Plan-Growth Option;INF251K01CI8;;18.4809;18.4809;18.4809;19-Jan-2014
113632;BNP PARIBAS LIQUID Fund-Regular Plan-Monthly Dividend;INF251K01CK4;INF251K01CL2;10.0489;10.0489;10.0489;19-Jan-2014
113637;BNP PARIBAS LIQUID Fund-Regular Plan-Weekly Dividend Option;;INF251K01CJ6;10.0084;10.0084;10.0084;19-Jan-2014

Canara Robeco Mutual Fund
118307;CANARA ROBECO LIQUID FUND - DIRECT PLAN - DAILY IDCW (Reinvestment);;INF760K01FS0;1005.5000;1005.5000;1005.5000;19-Jan-2014
118305;CANARA ROBECO LIQUID FUND - DIRECT PLAN - GROWTH OPTION;INF760K01FU6;;1533.6221;1533.6221;1533.6221;19-Jan-2014
118304;CANARA ROBECO LIQUID FUND - DIRECT PLAN - IDCW (Payout/Reinvestment);INF760K01FT8;;1097.9755;1097.9755;1097.9755;19-Jan-2014
118306;CANARA ROBECO LIQUID FUND - DIRECT PLAN - MONTHLY IDCW (Payout/Reinvestment);INF760K01FV4;INF760K01FW2;1006.3176;1006.3176;1006.3176;19-Jan-2014
118308;CANARA ROBECO LIQUID FUND - DIRECT PLAN - WEEKLY IDCW (Payout/Reinvestment);INF760K01FY8;INF760K01FX0;1000.9961;1000.9961;1000.9961;19-Jan-2014
109349;CANARA ROBECO LIQUID FUND - REGULAR PLAN - DAILY IDCW (Reinvestment);;INF760K01CU3;1005.5000;1005.5000;1005.5000;19-Jan-2014
109353;CANARA ROBECO LIQUID FUND - REGULAR PLAN - GROWTH OPTION;INF760K01CW9;;1532.6350;1532.6350;1532.6350;19-Jan-2014
109351;CANARA ROBECO LIQUID FUND - REGULAR PLAN - MONTHLY IDCW (Payout/Reinvestment);INF760K01CX7;INF760K01CY5;1006.1592;1006.1592;1006.1592;19-Jan-2014
109350;CANARA ROBECO LIQUID FUND - REGULAR PLAN - WEEKLY IDCW (Payout/Reinvestment);INF760K01BZ4;INF760K01CZ2;1000.9711;1000.9711;1000.9711;19-Jan-2014
101363;Canara Robeco Liquid Fund- INSTITUTIONAL-Daily Dividend Reinvestment;;INF760K01CC1;1005.5000;1005.5000;1005.5000;19-Jan-2014
101362;Canara Robeco Liquid Fund- INSTITUTIONAL-Growth;INF760K01CD9;;2257.7322;2257.7322;2257.7322;19-Jan-2014
101364;Canara Robeco Liquid Fund-Retail-DRI;;INF760K01CF4;1007.0000;1007.0000;1007.0000;19-Jan-2014
101365;Canara Robeco Liquid Fund-Retail-Growth;INF760K01CH0;;2212.6807;2212.6807;2212.6807;19-Jan-2014
109347;Canara Robeco Liquid Fund-Retail-Monthly Div Reinvest;;INF760K01CI8;1010.8131;1010.8131;1010.8131;19-Jan-2014
109356;Canara Robeco Liquid Fund-Retail-Weekly Div Reinvest;;INF760K01CJ6;1006.3388;1006.3388;1006.3388;19-Jan-2014

DSP Mutual Fund
119125;DSP Liquidity Fund - Direct Plan - Growth;INF740K01QL4;;1804.4272;1804.4272;1804.4272;19-Jan-2014
119124;DSP Liquidity Fund - Direct Plan - IDCW - Daily;;INF740KA1OB6;1000.3161;1000.3161;1000.3161;19-Jan-2014
119123;DSP Liquidity Fund - Direct Plan - IDCW - Weekly;INF740KA1OC4;INF740KA1OD2;1001.0638;1001.0638;1001.0638;19-Jan-2014
103347;DSP Liquidity Fund - Regular Plan - Growth;INF740K01FK9;;1803.4861;1803.4861;1803.4861;19-Jan-2014
103348;DSP Liquidity Fund - Regular Plan - IDCW - Weekly;INF740K01FM5;INF740K01FL7;1001.0596;1001.0596;1001.0596;19-Jan-2014
103349;DSP Liquidity Fund- Regular Plan - IDCW - Daily;;INF740KA1OE0;1000.3161;1000.3161;1000.3161;19-Jan-2014
100943;DSP BlackRock Liquidity Fund - Regular Plan - Daily Dividend;;;10.0169;10.0169;10.0169;19-Jan-2014
100940;DSP BlackRock Liquidity Fund - Regular Plan - Growth;INF740K01CN0;;29.6955;29.6955;29.6955;19-Jan-2014
100941;DSP BlackRock Liquidity Fund - Regular Plan Weekly Dividend;;;12.4189;12.4189;12.4189;19-Jan-2014

Franklin Templeton Mutual Fund
100541;Franklin India Liquid Fund - Regular Plan - Daily - IDCW;;INF090I01BA3;1512.3400;1512.3400;1512.3400;19-Jan-2014
100538;Franklin India Liquid Fund - Regular Plan - Growth;INF090I01BB1;;3047.4324;3047.4324;3047.4324;19-Jan-2014
100537;Franklin India Liquid Fund - Regular Plan - Weekly - IDCW;INF090I01BL0;INF090I01BI6;1244.3238;1244.3238;1244.3238;19-Jan-2014
118577;Franklin India Liquid Fund - Super Institutional - Direct - Growth;INF090I01JV2;;1879.1905;1879.1905;1879.1905;19-Jan-2014
100547;Franklin India Liquid Fund - Super Institutional Plan - Daily - IDCW;;INF090I01BF2;1000.6730;1000.6730;1000.6730;19-Jan-2014
118578;Franklin India Liquid Fund - Super Institutional Plan - Direct - Daily - IDCW;INF090I01JW0;;1001.0741;1001.0741;1001.0741;19-Jan-2014
118579;Franklin India Liquid Fund - Super Institutional Plan - Direct - Weekly - IDCW;INF090I01JX8;INF090I01JY6;1021.3891;1021.3891;1021.3891;19-Jan-2014
100546;Franklin India Liquid Fund - Super Institutional Plan - Growth;INF090I01BG0;;1878.2461;1878.2461;1878.2461;19-Jan-2014
100548;Franklin India Liquid Fund - Super Institutional Plan - Weekly - IDCW;INF090I01BM8;INF090I01BH8;1021.1243;1021.1243;1021.1243;19-Jan-2014
102441;Franklin India Liquid Fund - Institution-Growth;INF090I01BD7;;1950.4253;1950.4253;1950.4253;19-Jan-2014
102443;Franklin India Liquid Fund - Institutional Plan - Daily - IDCW;;INF090I01BC9;1000.6730;1000.6730;1000.6730;19-Jan-2014
102442;Franklin India Liquid Fund - Institutional Plan - Weekly - IDCW;INF090I01BJ4;INF090I01BE5;1054.7184;1054.7184;1054.7184;19-Jan-2014

Groww Mutual Fund
119135;Groww Liquid Fund ( formerly known as Indiabulls Liquid )Fund - Direct Plan - Growth Option;INF666M01451;;1225.7002;1225.7002;1225.7002;19-Jan-2014
119136;Groww Liquid Fund (formerly known as Indiabulls Liquid Fund) - Direct Plan- - Income Distribution cum capital withdrawal Option ( Reinvestment);;INF666M01469;1000.1367;1000.1367;1000.1367;19-Jan-2014
115991;Groww Liquid Fund (formerly known as Indiabulls Liquid Fund) - Regular Plan - Growth Option;INF666M01014;;1224.5575;1224.5575;1224.5575;19-Jan-2014
119139;Groww Liquid Fund (formerly known as Indiabulls Liquid Fund)- Direct Plan- Monthly - Income Distribution cum capital withdrawal Option (Payout & Reinvestment);INF666M01519;INF666M01493;1004.3897;1004.3897;1004.3897;19-Jan-2014
115992;Groww Liquid Fund (formerly known as Indiabulls Liquid Fund)- Regular Plan- - Income Distribution cum capital withdrawal Option (Reinvestment);;INF666M01022;1000.1367;1000.1367;1000.1367;19-Jan-2014
115993;Groww Liquid Fund (formerly known as Indiabulls Liquid Fund)- Regular Plan- Weekly - Income Distribution cum capital withdrawal Option (Payout & Reinvestment);INF666M01089;INF666M01030;1001.4754;1001.4754;1001.4754;19-Jan-2014

HDFC Mutual Fund
119091;HDFC Liquid Fund - Growth Option - Direct Plan;INF179KB1HP9;;24.8834;24.8834;24.8834;19-Jan-2014
100868;HDFC Liquid Fund - Growth Plan;INF179KB1HK0;;24.8655;24.8655;24.8655;19-Jan-2014
100875;HDFC Liquid Fund - IDCW Daily;;INF179KB1IC5;10.1982;10.1982;10.1982;19-Jan-2014
119089;HDFC Liquid Fund - IDCW Daily - Direct Plan;;INF179KB1HV7;10.1982;10.1982;10.1982;19-Jan-2014
100876;HDFC Liquid Fund - IDCW Monthly;INF179KB1HM6;INF179KB1HL8;10.3131;10.3131;10.3131;19-Jan-2014
119090;HDFC Liquid Fund - IDCW Monthly - Direct Plan;INF179KB1HO2;INF179KB1HQ7;10.3133;10.3133;10.3133;19-Jan-2014
100874;HDFC Liquid Fund - IDCW Plan Weekly;INF179KB1ID3;;10.3252;10.3252;10.3252;19-Jan-2014
119088;HDFC Liquid Fund - IDCW Weekly - Direct Plan;;;10.3253;10.3253;10.3253;19-Jan-2014
100877;HDFC Liquid Fund-Premium Plan - Dividend-Daily;;INF179K01KN4;12.2598;12.2598;12.2598;19-Jan-2014
100878;HDFC Liquid Fund-Premium Plan - Dividend-Weekly;INF179K01KP9;;10;10;10;19-Jan-2014
100873;HDFC Liquid Fund-PREMIUM- Growth;INF179KB1HN4;;25.2719;25.2719;25.2719;19-Jan-2014

HSBC Mutual Fund
118910;HSBC Cash Fund - Institutional Plan - Growth;INF336L01BT4;;2002.4196;2002.4196;2002.4196;19-Jan-2014
120038;HSBC Liquid Fund -  Growth Direct;INF336L01CC8;;1257.8753;1257.8753;1257.8753;19-Jan-2014
120037;HSBC Liquid Fund - Direct Daily IDCW;;INF336L01CB0;1000.56;1000.56;1000.56;19-Jan-2014
120039;HSBC Liquid Fund - Direct Monthly IDCW;INF336L01BZ1;INF336L01CA2;1005.5954;1005.5954;1005.5954;19-Jan-2014
120040;HSBC Liquid Fund - Direct Weekly IDCW;INF336L01LK2;INF336L01CD6;1111.025;1111.025;1111.025;19-Jan-2014
118907;HSBC Liquid Fund - Growth;INF336L01BL1;;1955.2394;1955.2394;1955.2394;19-Jan-2014
118906;HSBC Liquid Fund - IDCW;;INF336L01BK3;1019.3;1019.3;1019.3;19-Jan-2014
118909;HSBC Liquid Fund - Institutional Daily IDCW;;INF336L01BS6;1097.0901;1097.0901;1097.0901;19-Jan-2014
118901;HSBC Liquid Fund - Regular Daily IDCW;;INF336L01BM9;1000.56;1000.56;1000.56;19-Jan-2014
118902;HSBC Liquid Fund - Regular Growth;INF336L01BN7;;1257.7565;1257.7565;1257.7565;19-Jan-2014
118903;HSBC Liquid Fund - Regular Monthly IDCW;INF336L01BP2;INF336L01BO5;1005.6446;1005.6446;1005.6446;19-Jan-2014
118904;HSBC Liquid Fund - Regular Weekly IDCW;INF336L01LJ4;INF336L01BQ0;1111.0347;1111.0347;1111.0347;19-Jan-2014
118908;HSBC Liquid Fund - Weekly IDCW;;INF336L01BR8;1002.0021;1002.0021;1002.0021;19-Jan-2014

ICICI Prudential Mutual Fund
100357;ICICI Prudential Liquid Fund -Quarterly IDCW;INF109K01UU5;INF109K01UT7;100.8516;100.8516;100.8516;19-Jan-2014
100359;ICICI Prudential Liquid Institutional Plus Fund - Div - Daily;INF109K01VJ6;;118.5152;118.5152;118.5152;19-Jan-2014
100360;ICICI Prudential Liquid Institutional Plus Fund - Div - Weekly;INF109K01VM0;;118.7321;118.7321;118.7321;19-Jan-2014
100362;ICICI Prudential Liquid Institutional Plus Fund - Growth;INF109K01VK4;;306.5313;306.5313;306.5313;19-Jan-2014
103343;ICICI Prudential Liquid Fund - Daily IDCW;INF109K01VP3;;100.0503;100.0503;100.0503;19-Jan-2014
120198;ICICI Prudential Liquid Fund - Direct Plan -  Annual IDCW;INF109K01P99;INF109K01Q07;105.7593;105.7593;105.7593;19-Jan-2014
120187;ICICI Prudential Liquid Fund - Direct Plan -  Half Yearly IDCW;INF109K01Q56;INF109K01Q64;107.4871;107.4871;107.4871;19-Jan-2014
120191;ICICI Prudential Liquid Fund - Direct Plan -  IDCW Others;INF109K01Q31;INF109K01Q23;102.4216;102.4216;102.4216;19-Jan-2014
120188;ICICI Prudential Liquid Fund - Direct Plan - Daily IDCW;;INF109K01Q15;100.0542;100.0542;100.0542;19-Jan-2014
120197;ICICI Prudential Liquid Fund - Direct Plan - Growth;INF109K01Q49;;186.5849;186.5849;186.5849;19-Jan-2014
120189;ICICI Prudential Liquid Fund - Direct Plan - Monthly IDCW;INF109K01R06;;100.6807;100.6807;100.6807;19-Jan-2014
120196;ICICI Prudential Liquid Fund - Direct Plan - Quarterly IDCW;INF109K01Q72;INF109K01Q80;101.6055;101.6055;101.6055;19-Jan-2014
120190;ICICI Prudential Liquid Fund - Direct Plan - Weekly IDCW;INF109K01Q98;;100.3287;100.3287;100.3287;19-Jan-2014
103340;ICICI Prudential Liquid Fund - Growth;INF109K01VQ1;;186.4925;186.4925;186.4925;19-Jan-2014
104308;ICICI Prudential Liquid Fund - Half Yearly IDCW;INF109K01UX9;INF109K01UW1;106.4297;106.4297;106.4297;19-Jan-2014
103344;ICICI Prudential Liquid Fund - Institutional Option - I;INF109K01VH0;;180.2950;180.2950;180.2950;19-Jan-2014
103342;ICICI Prudential Liquid Fund - Weekly IDCW;INF109K01VS7;;100.3031;100.3031;100.3031;19-Jan-2014
103341;ICICI Prudential Liquid Fund -Monthly IDCW;INF109K01VR9;;100.5097;100.5097;100.5097;19-Jan-2014
112119;ICICI Prudential Liquid Fund-Annual IDCW;INF109K01VD9;INF109K01VC1;101.3079;101.3079;101.3079;19-Jan-2014
101748;ICICI Prudential Liquid Fund - Institutional - Daily - Div;INF109K01VE7;;118.5022;118.5022;118.5022;19-Jan-2014
101753;ICICI Prudential Liquid Fund - Institutional - Weekly - Div;INF109K01VI8;;118.6018;118.6018;118.6018;19-Jan-2014
101754;ICICI Prudential Liquid Fund Retail Daily Dividend;INF109K01UR1;;118.5142;118.5142;118.5142;19-Jan-2014
101750;ICICI Prudential Liquid Fund Retail Growth;INF109K01UQ3;;295.4384;295.4384;295.4384;19-Jan-2014
101755;ICICI Prudential Liquid Fund Retail Monthly Dividend;INF109K01US9;;100.5396;100.5396;100.5396;19-Jan-2014
101752;ICICI Prudential Liquid Fund Retail Weekly Dividend;INF109K01UV3;;118.9748;118.9748;118.9748;19-Jan-2014
101751;ICICI Prudential Liquid Institutional Fund - Growth;INF109K01VF4;;303.0086;303.0086;303.0086;19-Jan-2014

IDBI Mutual Fund
126163;IDBI Liquid Fund Bonus Direct;INF397L01FP5;;1351.5707;1351.5707;1351.5707;19-Jan-2014
126164;IDBI Liquid Fund Bonus Regular;INF397L01FO8;;1350.2753;1350.2753;1350.2753;19-Jan-2014
118345;IDBI Liquid Fund Growth Direct;INF397L01AH3;;1351.5710;1351.5710;1351.5710;19-Jan-2014
113104;IDBI Liquid Fund- Monthly IDCW;INF397L01976;INF397L01968;1010.4027;1010.4027;1010.4027;19-Jan-2014
118449;IDBI Liquid Fund- Monthly IDCW Direct;INF397L01AK7;INF397L01AJ9;1007.1260;1007.1260;1007.1260;19-Jan-2014
113102;IDBI Liquid Fund-Daily IDCW;;INF397L01935;1002.7362;1002.7362;1002.7362;19-Jan-2014
118450;IDBI Liquid Fund-Daily IDCW Direct;;INF397L01AI1;1001.0209;1001.0209;1001.0209;19-Jan-2014
113096;IDBI Liquid Fund-Growth;INF397L01984;;1350.2751;1350.2751;1350.2751;19-Jan-2014
113103;IDBI Liquid Fund-Weekly IDCW;INF397L01950;INF397L01943;1006.9416;1006.9416;1006.9416;19-Jan-2014
118451;IDBI Liquid Fund-Weekly IDCW Direct;INF397L01AM3;INF397L01AL5;1003.1539;1003.1539;1003.1539;19-Jan-2014

Invesco Mutual Fund
122786;Invesco India Liquid Fund - Bonus Option;INF205K01UX5;;1732.9332;1732.9332;1732.9332;19-Jan-2014
104484;Invesco India Liquid Fund - Daily IDCW (Reinvestment);;INF205K01HN3;1001.0800;1001.0800;1001.0800;19-Jan-2014
120537;Invesco India Liquid Fund - Direct Plan - Growth;INF205K01MF9;;1733.9251;1733.9251;1733.9251;19-Jan-2014
120536;Invesco India Liquid Fund - Direct Plan - Monthly IDCW (Payout / Reinvestment);INF205K01MG7;INF205K01MH5;1007.8331;1007.8331;1007.8331;19-Jan-2014
120535;Invesco India Liquid Fund - Direct Plan - Weekly IDCW (Reinvestment);INF205KA1BE5;INF205K01MI3;1001.9487;1001.9487;1001.9487;19-Jan-2014
120534;Invesco India Liquid Fund - Direct Plan- Daily IDCW (Reinvestment);;INF205K01ME2;1000.7900;1000.7900;1000.7900;19-Jan-2014
104486;Invesco India Liquid Fund - Growth;INF205K01HM5;;1732.9316;1732.9316;1732.9316;19-Jan-2014
104492;Invesco India Liquid Fund - Monthly IDCW (Payout / Reinvestment);INF205K01HQ6;INF205K01HP8;1007.7944;1007.7944;1007.7944;19-Jan-2014
104488;Invesco India Liquid Fund - Regular - Growth;INF205K01HG7;;1649.9445;1649.9445;1649.9445;19-Jan-2014
104489;Invesco India Liquid Fund - Regular - Weekly IDCW (Reinvestment);;INF205K01HH5;1001.9922;1001.9922;1001.9922;19-Jan-2014
104485;Invesco India Liquid Fund - Weekly IDCW (Reinvestment);INF205KA1BD7;INF205K01HO1;1002.9189;1002.9189;1002.9189;19-Jan-2014
122787;Religare Invesco Liquid Fund - Direct Plan - Bonus Option;INF205K01VG8;;1733.9599;1733.9599;1733.9599;19-Jan-2014
104483;Religare Invesco Liquid Fund - Institutional - Daily Dividend;;INF205K01HJ1;1000.2300;1000.2300;1000.2300;19-Jan-2014
104491;Religare Invesco Liquid Fund - Institutional - Growth;INF205K01HI3;;1688.7260;1688.7260;1688.7260;19-Jan-2014

JM Financial Mutual Fund
100237;JM High Liquidity Fund-- Institutional Plan - Growth;INF192K01940;;20.7651;20.7651;20.7651;19-Jan-2014
100238;JM High Liquidity Fund-Institutional Plan - Daily Dividend;;INF192K01916;10.0159;10.0159;10.0159;19-Jan-2014
120410;JM Liquid Fund (Direct) - Bonus Option - Bonus Option - Principal units;INF192K01CN4;;11.0264;11.0264;11.0264;19-Jan-2014
120411;JM Liquid Fund (Direct) - Daily IDCW;;INF192K01CH6;10.4302;10.4302;10.4302;19-Jan-2014
120406;JM Liquid Fund (Direct) - Growth Option;INF192K01CM6;;34.4179;34.4179;34.4179;19-Jan-2014
120408;JM Liquid Fund (Direct) - Quarterly IDCW;INF192K01CK0;INF192K01CL8;19.4918;19.4918;19.4918;19-Jan-2014
120407;JM Liquid Fund (Direct) - Weekly IDCW;INF192K01CI4;INF192K01CJ2;11.0194;11.0194;11.0194;19-Jan-2014
100244;JM Liquid Fund (Regular) - Quarterly IDCW;INF192K01866;INF192K01874;19.4616;19.4616;19.4616;19-Jan-2014
100247;JM Liquid Fund (Regular) - Super Institutional Plan - Growth Option;INF192K01981;;19.7719;19.7719;19.7719;19-Jan-2014
100233;JM Liquid Fund (Regular) - Weekly IDCW;INF192K01841;INF192K01858;11.0167;11.0167;11.0167;19-Jan-2014
100234;JM Liquid Fund - Growth Option;INF192K01882;;34.3840;34.3840;34.3840;19-Jan-2014
101549;JM Liquid Fund (Regular) - Bonus Option - Principal Units;INF192K01890;;11.0099;11.0099;11.0099;19-Jan-2014
101078;JM Liquid Fund (Regular) - Daily IDCW;;INF192K01833;10.4302;10.4302;10.4302;19-Jan-2014

Kotak Mahindra Mutual Fund
119764;Kotak Liquid Fund - Direct Plan - Daily Reinvestment of Income Distribution cum capital withdrawal option;;INF174K01NH1;1222.81;1222.81;1222.81;19-Jan-2014
119766;Kotak Liquid Fund - Direct Plan - Growth;INF174K01NE8;;2558.3519;2558.3519;2558.3519;19-Jan-2014
100833;Kotak Liquid Fund - Regular  - Daily Reinvestment of Income Distribution cum capital withdrawal option;;INF174K01NL3;1222.81;1222.81;1222.81;19-Jan-2014
100835;Kotak Liquid Fund - Regular Plan - Growth;INF174K01NI9;;2557.0431;2557.0431;2557.0431;19-Jan-2014
119765;Kotak Liquid Fund - Weekly  Payout of Income Distribution cum capital withdrawal option - Direct;INF174K01NF5;INF174K01NG3;1003.0508;1003.0508;1003.0508;19-Jan-2014
100834;Kotak Liquid Fund Regular Plan Weekly Reinvestment of Income Distribution cum capital withdrawal option Dividend;INF174K01NK5;;1001.4212;1001.4212;1001.4212;19-Jan-2014
100830;Kotak Liquid-Institutional Plan  (Growth);INF174K01FZ9;;2457.1445;2457.1445;2457.1445;19-Jan-2014
100828;Kotak Liquid-Regular (Dividend);;INF174K01FY2;1003.5678;1003.5678;1003.5678;19-Jan-2014
100829;Kotak Liquid-Regular (Growth);INF174K01NM1;;2365.2687;2365.2687;2365.2687;19-Jan-2014

L&T Mutual Fund
122235;L&T Liquid Fund - Direct Plan - Weekly IDCW;;INF917K01HE2;1001.8754;1001.8754;1001.8754;19-Jan-2014
119791;L&T Liquid Fund - Direct Plan -Daily IDCW;INF917K01HG7;;1011.9470;1011.9470;1011.9470;19-Jan-2014
119790;L&T Liquid Fund - Direct Plan -Growth;INF917K01HF9;;1728.8983;1728.8983;1728.8983;19-Jan-2014
112458;L&T Liquid Fund - Regular Plan - Weekly IDCW;INF917K01BK2;INF917K01JG3;1002.1933;1002.1933;1002.1933;19-Jan-2014
112445;L&T Liquid Fund -Regular Plan - Daily IDCW;INF917K01JB4;;1011.6349;1011.6349;1011.6349;19-Jan-2014
112457;L&T Liquid Fund -Regular Plan - Growth;INF917K01JH1;;1728.2987;1728.2987;1728.2987;19-Jan-2014
112456;L&T Liquid Fund-Cum -Institutional Plus;INF917K01BJ4;;2518.3573;2518.3573;2518.3573;19-Jan-2014
112442;L&T Liquid Fund-Regular Cumulative;INF917K01BF2;;2429.0828;2429.0828;2429.0828;19-Jan-2014

LIC Mutual Fund
120248;LIC MF Liquid Fund-Direct Plan-Daily IDCW;INF767K01DL5;INF767K01DM3;1098.0000;1098.0000;1098.0000;19-Jan-2014
120249;LIC MF Liquid Fund-Direct Plan-Growth;INF767K01DN1;;2287.2387;2287.2387;2287.2387;19-Jan-2014
101184;LIC MF Liquid Fund-Regular Plan-Daily IDCW;INF767K01IQ3;INF767K01IR1;1098.0000;1098.0000;1098.0000;19-Jan-2014
101185;LIC MF Liquid Fund-Regular Plan-Growth;INF767K01IS9;;2285.5785;2285.5785;2285.5785;19-Jan-2014

Mirae Asset Mutual Fund
118859;Mirae Asset Liquid Fund - Direct Plan - Growth;INF769K01CM1;;1340.2932;1340.2932;1340.2932;19-Jan-2014
118862;Mirae Asset Liquid Fund - Direct Plan - Weekly IDCW;INF769K01PD2;INF769K01CP4;1182.9825;1182.9825;1182.9825;19-Jan-2014
118861;Mirae Asset Liquid Fund - Direct Plan -Daily IDCW;;INF769K01CO7;1060.5574;1060.5574;1060.5574;19-Jan-2014
111647;Mirae Asset Liquid Fund - Regular - Daily IDCW;;INF769K01804;1051.7182;1051.7182;1051.7182;19-Jan-2014
111646;Mirae Asset Liquid Fund - Regular Plan - Growth;INF769K01788;;1338.4072;1338.4072;1338.4072;19-Jan-2014
111645;Mirae Asset Liquid Fund - Regular Plan - Monthly IDCW;INF769K01838;INF769K01820;1142.9118;1142.9118;1142.9118;19-Jan-2014
111644;Mirae Asset Liquid Fund - Regular Plan - Weekly IDCW;INF769K01PC4;INF769K01812;1137.6510;1137.6510;1137.6510;19-Jan-2014

Navi Mutual Fund
119163;Navi Liquid Fund - Direct Plan Daily IDCW - ReInvestment;;INF959L01GK1;10.0052;10.0052;10.0052;19-Jan-2014
119161;Navi Liquid Fund - Direct Plan Monthly IDCW - Payout;INF959L01GG9;INF959L01GH7;10.0651;10.0651;10.0651;19-Jan-2014
119162;Navi Liquid Fund - Direct Plan Weekly IDCW - Payout;INF959L01GI5;INF959L01GJ3;10.0191;10.0191;10.0191;19-Jan-2014
112645;Navi Liquid Fund - Regular Plan Daily IDCW;;INF959L01GM7;10.0052;10.0052;10.0052;19-Jan-2014
112647;Navi Liquid Fund - Regular Plan Monthly IDCW;INF959L01GN5;INF959L01GO3;10.0624;10.0624;10.0624;19-Jan-2014
112646;Navi Liquid Fund - Regular Plan Weekly IDCW;INF959L01GP0;INF959L01GQ8;10.0193;10.0193;10.0193;19-Jan-2014
119164;Navi Liquid Fund-Direct Plan-Growth Option;INF959L01GF1;;13.8269;13.8269;13.8269;19-Jan-2014
112637;Navi Liquid Fund-Institutional Plan-Dividend Option-Daily;;INF959L01197;10.0052;10.0052;10.0052;19-Jan-2014
112640;Navi Liquid Fund-Institutional Plan-Growth;INF959L01247;;13.2700;13.2700;13.2700;19-Jan-2014
112636;Navi Liquid Fund-Regular Plan-Growth Option;INF959L01GL9;;13.8201;13.8201;13.8201;19-Jan-2014
112641;Navi Liquid Fund-Retail Plan-Dividend Option-Daily;;INF959L01254;10.0052;10.0052;10.0052;19-Jan-2014
112643;Navi Liquid Fund-Retail Plan-Dividend Option-Monthly;INF959L01262;INF959L01270;10.0476;10.0476;10.0476;19-Jan-2014
112642;Navi Liquid Fund-Retail Plan-Dividend Option-Weekly;INF959L01288;INF959L01296;10.0152;10.0152;10.0152;19-Jan-2014
112644;Navi Liquid Fund-Retail Plan-Growth;INF959L01304;;13.0207;13.0207;13.0207;19-Jan-2014

Nippon India Mutual Fund
100852;NIPPON INDIA LIQUID FUND - DAILY IDCW OPTION;;INF204K01UM1;1528.7400;1528.7400;1528.7400;19-Jan-2014
118695;NIPPON INDIA LIQUID FUND - DIRECT Plan - DAILY IDCW OPTION;;INF204K01ZG2;1528.7400;1528.7400;1528.7400;19-Jan-2014
118696;NIPPON INDIA LIQUID FUND - DIRECT Plan - MONTHLY IDCW OPTION;INF204K01ZI8;INF204K01ZJ6;1599.5091;1599.5091;1599.5091;19-Jan-2014
118698;NIPPON INDIA LIQUID FUND - DIRECT Plan - QUARTERLY IDCW OPTION;INF204K01ZK4;INF204K01ZL2;1013.7593;1013.7593;1013.7593;19-Jan-2014
118700;NIPPON INDIA LIQUID FUND - DIRECT Plan - WEEKLY IDCW OPTION;INF204KC1FN6;INF204K01ZM0;1531.0314;1531.0314;1531.0314;19-Jan-2014
118701;Nippon India Liquid Fund - Direct Plan Growth Plan - Growth Option;INF204K01ZH0;;3072.9139;3072.9139;3072.9139;19-Jan-2014
100855;NIPPON INDIA LIQUID FUND - MONTHLY IDCW OPTION;INF204K01UO7;INF204K01UP4;1596.0613;1596.0613;1596.0613;19-Jan-2014
112340;NIPPON INDIA LIQUID FUND - QUARTERLY IDCW OPTION;INF204K01UQ2;INF204K01UR0;1010.7902;1010.7902;1010.7902;19-Jan-2014
100837;Nippon India Liquid Fund - Retail Option - Growth Plan;INF204K01UL3;;2957.0411;2957.0411;2957.0411;19-Jan-2014
100842;NIPPON INDIA LIQUID FUND - RETAIL Plan - DAILY IDCW OPTION;;INF204K01UJ7;1524.2800;1524.2800;1524.2800;19-Jan-2014
100843;NIPPON INDIA LIQUID FUND - RETAIL plan - MONTHLY IDCW OPTION;INF204K01UT6;INF204K01UU4;1335.9832;1335.9832;1335.9832;19-Jan-2014
100844;NIPPON INDIA LIQUID FUND - RETAIL Plan - QUARTERLY IDCW OPTION;INF204K01UV2;INF204K01UW0;1224.4790;1224.4790;1224.4790;19-Jan-2014
100838;NIPPON INDIA LIQUID FUND - RETAIL Plan - WEEKLY IDCW OPTION;;INF204K01UK5;1034.6056;1034.6056;1034.6056;19-Jan-2014
100853;NIPPON INDIA LIQUID FUND - WEEKLY IDCW OPTION;INF204KC1FM8;INF204K01US8;1531.0254;1531.0254;1531.0254;19-Jan-2014
100851;Nippon India Liquid Fund -Growth Plan;INF204K01UN9;;3070.2914;3070.2914;3070.2914;19-Jan-2014
118610;Reliance Liquid Fund - Cash Plan - Direct Plan - Growth Plan - Growth Option;;;2027.6617;2027.6617;2027.6617;19-Jan-2014
118618;Reliance Liquid Fund - Cash Plan - Direct Plan Daily Dividend Reinvestment Option;;;1114.1500;1114.1500;1114.1500;19-Jan-2014
118609;Reliance Liquid Fund - Cash Plan - Direct Plan Monthly Dividend Plan;;;1009.8906;1009.8906;1009.8906;19-Jan-2014
118612;Reliance Liquid Fund - Cash Plan - Direct Plan Quarterly Dividend Plan;;;1016.7920;1016.7920;1016.7920;19-Jan-2014
118611;Reliance Liquid Fund - Cash Plan - Direct Plan Weekly Dividend Reinvestment Option;;;1092.1860;1092.1860;1092.1860;19-Jan-2014
100849;Reliance Liquid Fund-Cash Plan-Daily Dividend Reinvestment Option;;;1114.1500;1114.1500;1114.1500;19-Jan-2014
100845;Reliance Liquid Fund-Cash Plan-Growth Plan;;;2019.9007;2019.9007;2019.9007;19-Jan-2014
114251;Reliance Liquid Fund-Cash Plan-Monthly Dividend Plan;;;1006.9060;1006.9060;1006.9060;19-Jan-2014
114252;Reliance Liquid Fund-Cash Plan-Quarterly Dividend Plan;;;1010.7222;1010.7222;1010.7222;19-Jan-2014
100848;Reliance Liquid Fund-Cash Plan-Weekly Dividend Reinvestment Option;;;1092.1635;1092.1635;1092.1635;19-Jan-2014

Principal Mutual Fund
100895;Principal Cash Management Fund - Daily Income Distribution CUM Capital Withdrawal;;INF173K01DB7;1000.1456;1000.1456;1000.1456;19-Jan-2014
119468;Principal Cash Management Fund - Direct Plan - Growth Option;INF173K01GU0;;1226.0548;1226.0548;1226.0548;19-Jan-2014
119467;Principal Cash Management Fund - Direct Plan - Income Distribution CUM Capital Withdrawal Option - Daily;;INF173K01GT2;1000.3870;1000.3870;1000.3870;19-Jan-2014
119469;Principal Cash Management Fund - Direct Plan - Income Distribution CUM Capital Withdrawal Option - Weekly;;INF173K01GY2;1007.7292;1007.7292;1007.7292;19-Jan-2014
100897;Principal Cash Management Fund - Monthly Income Distribution CUM Capital Withdrawal Option;INF173K01BV9;INF173K01BW7;1029.1582;1029.1582;1029.1582;19-Jan-2014
100896;Principal Cash Management Fund - Weekly Income Distribution CUM Capital Withdrawal Option;;INF173K01DC5;1006.9845;1006.9845;1006.9845;19-Jan-2014
119466;Principal Cash Management Fund -Direct Plan - Income Distribution CUM Capital Withdrawal Option - Monthly;INF173K01GV8;INF173K01GW6;1029.2566;1029.2566;1029.2566;19-Jan-2014
100898;Principal Cash Management Fund -Growth Option;INF173K01DA9;;1224.7077;1224.7077;1224.7077;19-Jan-2014

Quantum Mutual Fund
103736;Quantum Liquid Fund - Direct Plan Daily IDCW;;INF082J01135;10.0051;10.0051;10.0051;19-Jan-2014
103734;Quantum Liquid Fund - Direct Plan Growth Option;INF082J01127;;17.7582;17.7582;17.7582;19-Jan-2014
103735;Quantum Liquid Fund - Direct Plan Monthly IDCW;INF082J01143;INF082J01200;10.0590;10.0590;10.0590;19-Jan-2014

SBI Mutual Fund
119804;SBI Liquid Fund - Direct Paln - Fortnightly Income Distribution cum Capital Withdrawal Option (IDCW);INF200K01UR8;INF200K01US6;1012.1023;1012.1023;1012.1023;19-Jan-2014
119805;SBI Liquid Fund - Direct Plan - Daily Income Distribution cum Capital Withdrawal Option (IDCW);;INF200K01UQ0;1003.2500;1003.2500;1003.2500;19-Jan-2014
119799;SBI Liquid Fund - Direct Plan - Weekly Income Distribution cum Capital Withdrawal Option (IDCW);INF200K01UU2;INF200K01UV0;1061.3146;1061.3146;1061.3146;19-Jan-2014
119800;SBI Liquid Fund - DIRECT PLAN -Growth;INF200K01UT4;;1982.3342;1982.3342;1982.3342;19-Jan-2014
105274;SBI Liquid Fund - Institutional - Growth;INF200K01LU1;;1999.5924;1999.5924;1999.5924;19-Jan-2014
105275;SBI Liquid Fund - Institutional Daily Income Distribution cum Capital Withdrawal Option (IDCW);;INF200K01LR7;1003.2500;1003.2500;1003.2500;19-Jan-2014
105279;SBI Liquid Fund - Institutional Fortnightly Income Distribution cum Capital Withdrawal Option (IDCW);INF200K01LS5;INF200K01LT3;1023.4078;1023.4078;1023.4078;19-Jan-2014
105278;SBI Liquid Fund - Institutional Weekly Income Distribution cum Capital Withdrawal Option (IDCW);INF200K01LV9;INF200K01LW7;1060.6037;1060.6037;1060.6037;19-Jan-2014
105281;SBI Liquid Fund - Regular Plan - Daily Income Distribution cum Capital Withdrawal Option (IDCW);;INF200K01LX5;1003.2500;1003.2500;1003.2500;19-Jan-2014
105283;SBI Liquid Fund - Regular Plan - Fortnightly Income Distribution cum Capital Withdrawal Option (IDCW);INF200K01LY3;INF200K01LZ0;1012.1007;1012.1007;1012.1007;19-Jan-2014
105282;SBI Liquid Fund - Regular Plan - Weekly Income Distribution cum Capital Withdrawal Option (IDCW);INF200K01MB9;INF200K01MC7;1061.3132;1061.3132;1061.3132;19-Jan-2014
105280;SBI Liquid Fund - REGULAR PLAN -Growth;INF200K01MA1;;1981.0206;1981.0206;1981.0206;19-Jan-2014

Sundaram Mutual Fund
119690;Sundaram Money Fund Direct Plan - Bonus;INF903J01RL8;;16.2862;16.2862;16.2862;19-Jan-2014
119688;Sundaram Money Fund Direct Plan - Daily Reinvestment of Income Distribution cum Capital Withdrawal (IDCW);;INF903J01QA3;10.1025;10.1025;10.1025;19-Jan-2014
119692;Sundaram Money Fund Direct Plan - Fortnightly Reinvestment of Income Distribution cum Capital Withdrawal (IDCW);;INF903J01QB1;25.2660;25.2660;25.2660;19-Jan-2014
119686;Sundaram Money Fund Direct Plan - Growth;INF903J01QF2;;26.5951;26.5951;26.5951;19-Jan-2014
119687;Sundaram Money Fund Direct Plan - Monthly Income Distribution cum Capital Withdrawal (IDCW);INF903J01QC9;INF903J01QD7;10.5828;10.5828;10.5828;19-Jan-2014
119689;Sundaram Money Fund Direct Plan - Quarterly Reinvestment of Income Distribution cum Capital Withdrawal (IDCW);;INF903J01QE5;13.6918;13.6918;13.6918;19-Jan-2014
119691;Sundaram Money Fund Direct Plan - Weekly Reinvestment of Income Distribution cum Capital Withdrawal (IDCW);;INF903J01QG0;11.3917;11.3917;11.3917;19-Jan-2014
102701;Sundaram Money Fund Institutional Plan - Daily Reinvestment of Income Distribution cum Capital Withdrawal (IDCW);;INF903J01GP2;10.0953;10.0953;10.0953;19-Jan-2014
102703;Sundaram Money Fund Institutional Plan - Growth;INF903J01GN7;;25.9223;25.9223;25.9223;19-Jan-2014
118328;Sundaram Money Fund Regular Plan - Bonus;INF903J01MB0;;16.2752;16.2752;16.2752;19-Jan-2014
103392;Sundaram Money Fund Regular Plan - Daily Reinvestment of Income Distribution cum Capital Withdrawal (IDCW);;INF903J01GW8;10.0953;10.0953;10.0953;19-Jan-2014
103395;Sundaram Money Fund Regular Plan - Fortnightly Reinvestment of Income Distribution cum Capital Withdrawal (IDCW);;INF903J01GY4;10.7196;10.7196;10.7196;19-Jan-2014
103397;Sundaram Money Fund Regular Plan - Growth;INF903J01GU2;;26.5823;26.5823;26.5823;19-Jan-2014
103396;Sundaram Money Fund Regular Plan - Monthly Income Distribution cum Capital Withdrawal (IDCW);INF903J01GV0;INF903J01GZ1;10.4425;10.4425;10.4425;19-Jan-2014
103393;Sundaram Money Fund Regular Plan - Quarterly Reinvestment of Income Distribution cum Capital Withdrawal (IDCW);;INF903J01HA2;13.6876;13.6876;13.6876;19-Jan-2014
100620;Sundaram Money Fund Retail Plan - Daily Reinvestment of Income Distribution cum Capital Withdrawal (IDCW);;INF903J01GI7;10.0953;10.0953;10.0953;19-Jan-2014
100622;Sundaram Money Fund Retail Plan - Fortnightly Reinvestment of Income Distribution cum Capital Withdrawal (IDCW);;INF903J01GK3;10.6692;10.6692;10.6692;19-Jan-2014
100618;Sundaram Money Fund Retail Plan - Growth;INF903J01GG1;;24.8410;24.8410;24.8410;19-Jan-2014
100623;Sundaram Money Fund Retail Plan - Monthly Income Distribution cum Capital Withdrawal (IDCW);INF903J01GH9;INF903J01GL1;10.4554;10.4554;10.4554;19-Jan-2014
100619;Sundaram Money Fund Retail Plan - Quarterly Reinvestment of Income Distribution cum Capital Withdrawal (IDCW);;INF903J01GM9;13.9013;13.9013;13.9013;19-Jan-2014
100621;Sundaram Money Fund Retail Plan - Weekly Reinvestment of Income Distribution cum Capital Withdrawal (IDCW);;INF903J01GJ5;11.1162;11.1162;11.1162;19-Jan-2014
103394;Sundaram Money Fund Regular Plan - Weekly Reinvestment of Income Distribution cum Capital Withdrawal (IDCW);;INF903J01GX6;11.1571;11.1571;11.1571;19-Jan-2014

Tata Mutual Fund
102672;Tata Liquid Fund -Regular Plan - Growth Option;INF277K01YD8;;19.8318;19.8318;19.8318;19-Jan-2014
119862;Tata Liquid Fund- Direct Plan - Daily Reinvestment of IDCW Option;;INF277K012D2;10.0152;10.0152;10.0152;19-Jan-2014
119861;Tata Liquid Fund- Direct Plan-Growth Option;INF277K01YE6;;19.8592;19.8592;19.8592;19-Jan-2014
101714;Tata Liquid Fund- Regular Plan - Daily Reinvestment of IDCW Option;;INF277K011D4;10.0152;10.0152;10.0152;19-Jan-2014

Taurus Mutual Fund
111915;Taurus Liquid Fund - Regular Plan - SI Growth Option;INF044D01534;;1361.9269;1361.9269;1361.9269;19-Jan-2014
113248;Taurus Liquid Fund - Regular Plan - SI Weekly Dividend Option;;INF044D01526;1000.7228;1000.7228;1000.7228;19-Jan-2014
111703;Taurus Liquid Fund - Regular Plan -SI Daily Dividend Option;;INF044D01518;1000.2620;1000.2620;1000.2620;19-Jan-2014
111760;Taurus Liquid Fund Insti Growth;INF044D01500;;1385.8475;1385.8475;1385.8475;19-Jan-2014
118891;Taurus Liquid Fund-Direct Plan-SI Daily Dividend Option;;INF044D01DI0;1000.2620;1000.2620;1000.2620;19-Jan-2014
118893;Taurus Liquid Fund-Direct Plan-SI Growth Option;INF044D01DK6;;1362.6597;1362.6597;1362.6597;19-Jan-2014
118892;Taurus Liquid Fund-Direct Plan-SI Weekly Dividend Option;;INF044D01DJ8;1000.7291;1000.7291;1000.7291;19-Jan-2014
104240;Taurus Liquid Fund-Dividend;INF044D01542;INF044D01559;1001.2175;1001.2175;1001.2175;19-Jan-2014
104241;Taurus Liquid Fund-Growth;INF044D01575;;1632.4688;1632.4688;1632.4688;19-Jan-2014

Union Mutual Fund
115401;Union Liquid Fund - Daily IDCW Option;;INF582M01021;1000.6489;1000.6489;1000.6489;19-Jan-2014
119301;Union Liquid Fund - Direct Plan - Daily IDCW Option;;INF582M01682;1000.6506;1000.6506;1000.6506;19-Jan-2014
119305;Union Liquid Fund - Direct Plan - Fortnightly IDCW Option;INF582M01724;INF582M01708;1002.4251;1002.4251;1002.4251;19-Jan-2014
119303;Union Liquid Fund - Direct Plan - Growth Option;INF582M01674;;1263.8034;1263.8034;1263.8034;19-Jan-2014
119302;Union Liquid Fund - Direct Plan - Monthly IDCW Option;INF582M01732;INF582M01716;1006.0695;1006.0695;1006.0695;19-Jan-2014
119304;Union Liquid Fund - Direct Plan - Weekly IDCW Option;;INF582M01690;1001.6932;1001.6932;1001.6932;19-Jan-2014
115399;Union Liquid Fund - Fortnightly IDCW Option;INF582M01062;INF582M01047;1002.4073;1002.4073;1002.4073;19-Jan-2014
115398;Union Liquid Fund - Growth Option;INF582M01013;;1263.0770;1263.0770;1263.0770;19-Jan-2014
115400;Union Liquid Fund - Monthly IDCW Option;INF582M01070;INF582M01054;1006.0315;1006.0315;1006.0315;19-Jan-2014
115402;Union Liquid Fund - Weekly IDCW Option;;INF582M01039;1001.6850;1001.6850;1001.6850;19-Jan-2014

UTI Mutual Fund
120558;UTI Liquid Fund - Direct Plan - Daily IDCW (Reinvestment);;INF789F01XP8;1019.4457;1019.4457;1019.4457;19-Jan-2014
120794;UTI Liquid Fund - Direct Plan - Monthly IDCW;INF789F01XR4;INF789F01XS2;1029.6682;1029.6682;1029.6682;19-Jan-2014
120777;UTI Liquid Fund - Direct Plan - Weekly IDCW;;INF789F01XT0;1054.0212;1054.0212;1054.0212;19-Jan-2014
102010;UTI Liquid Fund - Regular Plan - Daily IDCW (Reinvestment);;INF789F01PG3;1019.4457;1019.4457;1019.4457;19-Jan-2014
102011;UTI Liquid Fund - Regular Plan - Monthly IDCW;INF789F01PI9;INF789F01PJ7;1029.6175;1029.6175;1029.6175;19-Jan-2014
102013;UTI Liquid Fund - Regular Plan - Weekly IDCW;;INF789F01PK5;1054.0067;1054.0067;1054.0067;19-Jan-2014
120304;UTI-  Liquid Cash Plan - Direct Plan - Growth Option;INF789F01XQ6;;2067.0461;2067.0461;2067.0461;19-Jan-2014
102012;UTI-  Liquid Cash Plan - Regular Plan - Growth Option;INF789F01PH1;;2064.8754;2064.8754;2064.8754;19-Jan-2014
102008;UTI-  Liquid Cash Plan- Discontinued - Regular Plan - Monthly Dividend Option;INF789F01BC2;INF789F01BA6;1142.3567;1142.3567;0;19-Jan-2014
102009;UTI-  Liquid Cash Plan- Discontinued - Regular Plan -Growth;INF789F01BB4;;1992.2738;1992.2738;0;19-Jan-2014
102007;UTI-  Liquid Cash Plan- Discontinued -Regular Plan Periodic Dividend Option;;INF789F01AZ5;1136.1593;1136.1593;0;19-Jan-2014

Open Ended Schemes ( Debt Scheme - Ultra Short Duration Fund )


Principal Mutual Fund
119475;Principal Ultra Short Term Fund- Direct Plan - Income Distribution CUM Capital Withdrawal Option - Monthly;INF173K01HK9;INF173K01HJ1;1065.8110;1060.4819;1065.8110;19-Jan-2014
119474;Principal Ultra Short Term Fund- Direct Plan -Growth Option;INF173K01HI3;;1419.6598;1412.5615;1419.6598;19-Jan-2014
107329;Principal Ultra Short Term Fund-Daily Income Distribution CUM Capital Withdrawal Option;;INF173K01CV7;1005.4300;1000.4029;1005.4300;19-Jan-2014
107328;Principal Ultra Short Term Fund-Growth Option;INF173K01CU9;;1418.1730;1411.0821;1418.1730;19-Jan-2014
107330;Principal Ultra Short Term Fund-Monthly Income Distribution CUM Capital Withdrawal Option;INF173K01CB9;INF173K01CC7;1065.6957;1060.3672;1065.6957;19-Jan-2014
107332;Principal Ultra Short Term Fund-Weekly Income Distribution CUM Capital Withdrawal Option;;INF173K01CW5;1013.0805;1008.0151;1013.0805;19-Jan-2014

SBI Mutual Fund
119784;SBI Ultra Short Duration Fund - Direct Plan - Daily Income Distribution cum Capital Withdrawal Option (IDCW);;INF200K01TG3;1675.0300;1673.3550;1675.0300;19-Jan-2014
119828;SBI ULTRA SHORT DURATION FUND - DIRECT PLAN - GROWTH;INF200K01TF5;;2790.2974;2787.5071;2790.2974;19-Jan-2014
119829;SBI Ultra Short Duration Fund - Direct Plan - Weekly Income Distribution cum Capital Withdrawal Option (IDCW);INF200K01TH1;INF200K01TI9;1077.8411;1076.7633;1077.8411;19-Jan-2014
105080;SBI Ultra Short Duration Fund - Regular Plan - Daily Income Distribution cum Capital Withdrawal Option (IDCW);;INF200K01LK2;1675.0300;1673.3550;1675.0300;19-Jan-2014
100641;SBI ULTRA SHORT DURATION FUND - REGULAR PLAN - GROWTH;INF200K01LJ4;;2788.2929;2785.5046;2788.2929;19-Jan-2014
103884;SBI Ultra Short Duration Fund - Regular Plan - Weekly Income Distribution cum Capital Withdrawal Option (IDCW);INF200K01LM8;INF200K01LL0;1077.8381;1076.7603;1077.8381;19-Jan-2014

Open Ended Schemes ( Debt Scheme - Money Market Fund )


Aditya Birla Sun Life Mutual Fund
101973;Aditya Birla Sun Life Money Manager Fund - Daily IDCW;;INF209K01SZ6;100.0200;100.0200;100.0200;19-Jan-2014
119513;Aditya Birla Sun Life Money Manager Fund - Direct - daily IDCW;;INF209K01UT5;100.0200;100.0200;100.0200;19-Jan-2014
119512;Aditya Birla Sun Life Money Manager Fund - Direct - weekly IDCW;INF209K01UV1;INF209KA1LM3;100.1256;100.1256;100.1256;19-Jan-2014
101976;Aditya Birla Sun Life Money Manager Fund - Growth;INF209K01RV7;;167.6424;167.6424;167.6424;19-Jan-2014
119511;Aditya Birla Sun Life Money Manager Fund - Growth - Direct Plan;INF209K01UU3;;167.7116;167.7116;167.7116;19-Jan-2014
101972;Aditya Birla Sun Life Money Manager Fund - Retail - Daily IDCW;;INF209K01JZ5;100.0150;100.0150;100.0150;19-Jan-2014
101970;Aditya Birla Sun Life Money Manager Fund - RETAIL - WEEKLY IDCW;;INF209K01JY8;103.7944;103.7944;103.7944;19-Jan-2014
101971;Aditya Birla Sun Life Money Manager Fund - Retail Growth;INF209K01MJ3;;206.7081;206.7081;206.7081;19-Jan-2014
101974;Aditya Birla Sun Life Money Manager Fund - WEEKLY IDCW;;INF209K01SY9;100.1254;100.1254;100.1254;19-Jan-2014

HDFC Mutual Fund
101994;HDFC Money Market Fund - Daily IDCW Option;;INF179KB1IG6;10.6364;10.6364;10.6364;19-Jan-2014
119093;HDFC Money Market Fund - Daily IDCW Option - Direct Plan;;INF179KB1HZ8;10.6364;10.6364;10.6364;19-Jan-2014
101993;HDFC Money Market Fund - Growth Option;INF179KB1HR5;;26.3219;26.3219;26.3219;19-Jan-2014
119092;HDFC Money Market Fund - Growth Option - Direct Plan;INF179KB1HU9;;26.3379;26.3379;26.3379;19-Jan-2014
101995;HDFC Money Market Fund - Weekly IDCW Option;INF179KB1IH4;INF179KB1II2;10.6298;10.6298;10.6298;19-Jan-2014
119094;HDFC Money Market Fund - Weekly IDCW Option -Direct Plan;INF179KB1IA9;INF179KB1IB7;10.6299;10.6299;10.6299;19-Jan-2014

ICICI Prudential Mutual Fund
115328;ICICI Prudential Money Market Fund Dividend;INF109K01I72;;100.1098;100.1098;100.1098;19-Jan-2014
120209;ICICI Prudential Money Market Fund Option - Direct Plan -  Daily IDCW;;INF109K01R22;100.1435;100.1435;100.1435;19-Jan-2014
120210;ICICI Prudential Money Market Fund Option - Direct Plan -  Fortnightly IDCW;INF109K01R55;;100.6904;100.6904;100.6904;19-Jan-2014
120211;ICICI Prudential Money Market Fund Option - Direct Plan -  Growth;INF109K01R14;;174.3306;174.3306;174.3306;19-Jan-2014
120213;ICICI Prudential Money Market Fund Option - Direct Plan -  Monthly IDCW;INF109K01R63;INF109K01R71;100.8660;100.8660;100.8660;19-Jan-2014
120212;ICICI Prudential Money Market Fund Option - Direct Plan -  Weekly IDCW;INF109K01R89;;100.5131;100.5131;100.5131;19-Jan-2014
101221;ICICI Prudential Money Market Fund Retail Growth (erstwhile Cash Option);INF109K01TW3;;196.7525;196.7525;196.7525;19-Jan-2014
103634;ICICI Prudential Money Market Fund Option - Daily IDCW;INF109K01TY9;;100.1295;100.1295;100.1295;19-Jan-2014
103633;ICICI Prudential Money Market Fund Option - Growth;INF109K01TX1;;174.2346;174.2346;174.2346;19-Jan-2014
103637;ICICI Prudential Money Market Fund Option - Monthly IDCW;INF109K01UC3;INF109K01UB5;100.7161;100.7161;100.7161;19-Jan-2014
103635;ICICI Prudential Money Market Fund Option - Weekly IDCW;INF109K01TZ6;;100.2115;100.2115;100.2115;19-Jan-2014
103636;ICICI Prudential Money Market Fund Option -Fortnightly IDCW;INF109K01UA7;;100.3032;100.3032;100.3032;19-Jan-2014

Kotak Mahindra Mutual Fund
106842;Kotak Money Market Fund - (Daily Reinvestment of Income Distribution cum capital withdrawal option);INF174K01ND0;;1011.62;1011.62;1011.62;19-Jan-2014
119745;Kotak Money Market Fund - (Daily Reinvestment of Income Distribution cum capital withdrawal option) - Direct;INF174K01MZ5;;1011.62;1011.62;1011.62;19-Jan-2014
101893;Kotak Money Market Fund - (Growth);INF174K01NA6;;2065.9239;2065.9239;2065.9239;19-Jan-2014
119746;Kotak Money Market Fund - (Growth) - Direct;INF174K01MW2;;2067.0054;2067.0054;2067.0054;19-Jan-2014
101892;Kotak Money market Fund - (Monthly Payout of Income Distribution cum capital withdrawal option);INF174K018O0;INF174K01NB4;1002.7783;1002.7783;1002.7783;19-Jan-2014
119747;Kotak Money Market Fund - (Monthly Payout of Income Distribution cum capital withdrawal option) - Direct;INF174K019O8;INF174K01MX0;1008.0978;1008.0978;1008.0978;19-Jan-2014
101894;Kotak Money Market Fund - (Weekly Reinvestment of Income Distribution cum capital withdrawal option);INF174K01NC2;;1013.4121;1013.4121;1013.4121;19-Jan-2014
119748;Kotak Money Market Fund - (Weekly Reinvestment of Income Distribution cum capital withdrawal option) - Direct;INF174K01MY8;;1015.0815;1015.0815;1015.0815;19-Jan-2014

Nippon India Mutual Fund
103050;NIPPON INDIA MONEY MARKET FUND - DAILY IDCW Option;;INF204K01UY6;1000.5100;1000.5100;1000.5100;19-Jan-2014
118718;NIPPON INDIA MONEY MARKET FUND - DIRECT Plan - DAILY IDCW Option;;INF204K01ZN8;1000.5100;1000.5100;1000.5100;19-Jan-2014
118720;NIPPON INDIA MONEY MARKET FUND - DIRECT Plan - MONTHLY IDCW Option;INF204K01ZQ1;INF204K01ZR9;1007.5530;1007.5530;1007.5530;19-Jan-2014
118717;NIPPON INDIA MONEY MARKET FUND - DIRECT Plan - WEEKLY IDCW Option;;INF204K01ZO6;1000.8247;1000.8247;1000.8247;19-Jan-2014
118715;Nippon India Money Market Fund - Direct Plan Growth Plan - Bonus Option;INF204K01G11;;1117.3327;1117.3327;1117.3327;19-Jan-2014
118719;Nippon India Money Market Fund - Direct Plan Growth Plan - Growth Option;INF204K01ZP3;;1900.1514;1900.1514;1900.1514;19-Jan-2014
103052;NIPPON INDIA MONEY MARKET FUND - MONTHLY IDCW Option;INF204K01VB2;INF204K01VC0;1007.2943;1007.2943;1007.2943;19-Jan-2014
112341;NIPPON INDIA MONEY MARKET FUND - QUARTERLY IDCW Option;INF204K01VD8;INF204K01VE6;1010.7166;1010.7166;1010.7166;19-Jan-2014
103051;NIPPON INDIA MONEY MARKET FUND - WEEKLY IDCW Option;;INF204K01UZ3;1000.8204;1000.8204;1000.8204;19-Jan-2014
103049;Nippon India Money Market Fund-Growth Plan-Bonus Option;INF204K01UX8;;1116.4135;1116.4135;1116.4135;19-Jan-2014
103048;Nippon India Money Market Fund-Growth Plan-Growth Option;INF204K01VA4;;1898.4853;1898.4853;1898.4853;19-Jan-2014

Tata Mutual Fund
119423;Tata Liquid Fund- Direct Plan- Monthly Dividend;INF277K01PS4;INF277K01PT2;1004.5907;1004.5907;1004.5907;19-Jan-2014
119422;Tata Liquid Fund- Direct Plan- Weekly Dividend;INF277K013C2;;1001.8919;1001.8919;1001.8919;19-Jan-2014
119421;Tata Money Market Fund- Direct Plan - Daily Reinvestment of IDCW Option;;INF277K011C6;1114.5200;1114.5200;1114.5200;19-Jan-2014
119424;Tata Money Market Fund- Direct Plan- Growth Option;INF277K01PR6;;2328.5090;2328.5090;2328.5090;19-Jan-2014
101986;Tata Money Market Fund- Regular Plan - Daily Reinvestment of IDCW Option;;INF277K014C0;1114.5200;1114.5200;1114.5200;19-Jan-2014
101847;Tata Money Market Fund-Regular Plan - Growth Option;INF277K01LQ7;;2326.4553;2326.4553;2326.4553;19-Jan-2014

UTI Mutual Fund
120299;UTI MMF - Direct Plan - Growth Option;INF789F01XV6;;1412.4054;1412.4054;1412.4054;19-Jan-2014
112077;UTI MMF - Regular Plan - Growth Option;INF789F01PX8;;1410.9219;1410.9219;1410.9219;19-Jan-2014
100724;UTI MMF- Discontinued - Regular Plan - Flexi Dividend Option;;INF789F01BD0;2004.1923;2004.1923;0;19-Jan-2014
100725;UTI MMF- Discontinued - Regular Plan - Periodic Dividend Option;INF789F01BE8;;1994.7394;1994.7394;0;19-Jan-2014
100723;UTI MMF-Discontinued - Regular Plan -Growth;INF789F01BF5;;3447.2384;3447.2384;0;19-Jan-2014
120772;UTI Money Market Fund - Direct Plan - Daily IDCW (Reinvestment);;INF789F01XU8;1003.3854;1003.3854;1003.3854;19-Jan-2014
120793;UTI Money Market Fund - Direct Plan - Weekly IDCW;INF789F01XW4;INF789F01XX2;1015.5381;1015.5381;1015.5381;19-Jan-2014
112076;UTI Money Market Fund - Regular Plan - Daily IDCW (Reinvestment);;INF789F01PW0;1003.3854;1003.3854;1003.3854;19-Jan-2014
112635;UTI Money Market Fund - Regular Plan - Weekly IDCW;INF789F01PY6;INF789F01PZ3;1015.5242;1015.5242;1015.5242;19-Jan-2014

Open Ended Schemes ( Debt Scheme - Floater Fund )


Franklin Templeton Mutual Fund
118508;Franklin India Floating Rate Fund - Direct - Growth;INF090I01LK1;;20.3097;20.3097;20.3097;19-Jan-2014
118507;Franklin India Floating Rate Fund - Direct - IDCW ;INF090I01LL9;;10.0095;10.0095;10.0095;19-Jan-2014
101048;Franklin India Floating Rate Fund - Growth Plan;INF090I01LM7;;20.1893;20.1893;20.1893;19-Jan-2014
101044;Franklin India Floating Rate Fund - IDCW ;INF090I01LN5;;10.0085;10.0085;10.0085;19-Jan-2014

Close Ended Schemes ( Income )


SBI Mutual Fund
114781;SBI Capital Protection Oriented Fund - Series II -;INF200K01ED2;;12.2425;N.A.;N.A.;19-Jan-2014
115824;SBI Capital Protection Oriented Fund - Series III - Growth;INF200K01IH4;;11.8933;N.A.;N.A.;19-Jan-2014
121468;SBI DEBT FUND SERIES - 13 MONTHS - 14 - DIRECT PLAN - DIVIDEND;INF200K01WZ7;;N.A.;N.A.;N.A.;19-Jan-2014
121469;SBI DEBT FUND SERIES - 13 MONTHS - 14 - DIRECT PLAN - GROWTH;INF200K01WY0;;10.7937;N.A.;N.A.;19-Jan-2014
121470;SBI DEBT FUND SERIES - 13 MONTHS - 14 - REGULAR PLAN - DIVIDEND;INF200K01WX2;;10.7843;N.A.;N.A.;19-Jan-2014
121471;SBI DEBT FUND SERIES - 13 MONTHS - 14 - REGULAR PLAN - GROWTH;INF200K01WW4;;10.7843;N.A.;N.A.;19-Jan-2014
121695;SBI DEBT FUND SERIES - 13 MONTHS - 15 - DIRECT PLAN - DIVIDEND;INF200K01XD2;;10.7676;N.A.;N.A.;19-Jan-2014
121696;SBI DEBT FUND SERIES - 13 MONTHS - 15 - REGULAR PLAN - DIVIDEND;INF200K01XB6;;10.7630;N.A.;N.A.;19-Jan-2014
121697;SBI DEBT FUND SERIES - 13 MONTHS - 15 - REGULAR PLAN - GROWTH;INF200K01XA8;;10.7636;N.A.;N.A.;19-Jan-2014
121698;SBI DEBT FUND SERIES - 13 MONTHS - 15- DIRECT PLAN - GROWTH;INF200K01XC4;;10.7676;N.A.;N.A.;19-Jan-2014
121305;SBI DEBT FUND SERIES - 14 MONTHS - 1 - DIRECT PLAN - DIVIDEND;INF200K01XH3;;10.8207;N.A.;N.A.;19-Jan-2014
121306;SBI DEBT FUND SERIES - 14 MONTHS - 1 - DIRECT PLAN - GROWTH;INF200K01XG5;;10.8206;N.A.;N.A.;19-Jan-2014
121303;SBI DEBT FUND SERIES - 14 MONTHS - 1 - REGULAR PLAN - DIVIDEND;INF200K01XF7;;10.8109;N.A.;N.A.;19-Jan-2014
121304;SBI DEBT FUND SERIES - 14 MONTHS - 1 - REGULAR PLAN - GROWTH;INF200K01XE0;;10.8109;N.A.;N.A.;19-Jan-2014
122015;SBI DEBT FUND SERIES - 14 MONTHS - 2 - DIRECT PLAN - DIVIDEND;INF200K01XL5;;10.7015;N.A.;N.A.;19-Jan-2014
122017;SBI DEBT FUND SERIES - 14 MONTHS - 2 - DIRECT PLAN - GROWTH;INF200K01XK7;;10.7015;N.A.;N.A.;19-Jan-2014
122016;SBI DEBT FUND SERIES - 14 MONTHS - 2 - REGULAR PLAN - DIVIDEND;INF200K01XJ9;;10.6971;N.A.;N.A.;19-Jan-2014
122018;SBI DEBT FUND SERIES - 14 MONTHS - 2 - REGULAR PLAN - GROWTH;INF200K01XI1;;10.6971;N.A.;N.A.;19-Jan-2014
126205;SBI DEBT FUND SERIES - 16 MONTHS - 1 - DIRECT PLAN - GROWTH;INF200KA1CE8;;10.0440;N.A.;N.A.;19-Jan-2014
126206;SBI DEBT FUND SERIES - 16 MONTHS - 1 - REGULAR PLAN - DIVIDEND;INF200KA1CD0;;10.0428;N.A.;N.A.;19-Jan-2014
126207;SBI DEBT FUND SERIES - 16 MONTHS - 1 - REGULAR PLAN - GROWTH;INF200KA1CC2;;10.0428;N.A.;N.A.;19-Jan-2014
126208;SBI DEBT FUND SERIES - 16 MONTHS - 1- DIRECT PLAN - DIVIDEND;INF200KA1CF5;;10.0440;N.A.;N.A.;19-Jan-2014
125734;SBI DEBT FUND SERIES - 17 MONTHS - 1 - DIRECT PLAN - GROWTH;INF200KA1CQ2;;10.1122;N.A.;N.A.;19-Jan-2014
125735;SBI DEBT FUND SERIES - 17 MONTHS - 1 - REGULAR PLAN - DIVIDEND;INF200KA1CP4;;10.1095;N.A.;N.A.;19-Jan-2014
125736;SBI DEBT FUND SERIES - 17 MONTHS - 1 - REGULAR PLAN - GROWTH;INF200KA1CO7;;10.1095;N.A.;N.A.;19-Jan-2014
125733;SBI DEBT FUND SERIES - 17 MONTHS - 1- DIRECT PLAN - DIVIDEND;INF200KA1CR0;;10.1122;N.A.;N.A.;19-Jan-2014
117983;SBI DEBT FUND SERIES - 18 MONTHS - 11 - DIVIDEND;INF200K01PW8;;11.0545;N.A.;N.A.;19-Jan-2014
117984;SBI DEBT FUND SERIES - 18 MONTHS - 11 - GROWTH;INF200K01PV0;;11.0545;N.A.;N.A.;19-Jan-2014
125008;SBI DEBT FUND SERIES - 18 MONTHS - 12 - DIRECT PLAN - DIVIDEND;INF200KA1BL5;;10.2087;N.A.;N.A.;19-Jan-2014
125005;SBI DEBT FUND SERIES - 18 MONTHS - 12 - DIRECT PLAN - GROWTH;INF200KA1BK7;;10.2087;N.A.;N.A.;19-Jan-2014
125006;SBI DEBT FUND SERIES - 18 MONTHS - 12 - REGULAR PLAN - DIVIDEND;INF200KA1BJ9;;10.2013;N.A.;N.A.;19-Jan-2014
125007;SBI DEBT FUND SERIES - 18 MONTHS - 12 - REGULAR PLAN - GROWTH;INF200KA1BI1;;10.2013;N.A.;N.A.;19-Jan-2014
125460;SBI DEBT FUND SERIES - 18 MONTHS - 13 - DIRECT PLAN - DIVIDEND;INF200KA1DZ1;;N.A.;N.A.;N.A.;19-Jan-2014
125461;SBI DEBT FUND SERIES - 18 MONTHS - 13 - DIRECT PLAN - GROWTH;INF200KA1DY4;;10.1801;N.A.;N.A.;19-Jan-2014
125462;SBI DEBT FUND SERIES - 18 MONTHS - 13 - REGULAR PLAN - DIVIDEND;INF200KA1DX6;;10.1763;N.A.;N.A.;19-Jan-2014
125463;SBI DEBT FUND SERIES - 18 MONTHS - 13 - REGULAR PLAN - GROWTH;INF200KA1DW8;;10.1763;N.A.;N.A.;19-Jan-2014
123474;SBI DEBT FUND SERIES - 180 DAYS - 26 - DIRECT PLAN - DIVIDEND;INF200K01YH1;;10.4537;N.A.;N.A.;19-Jan-2014
123477;SBI DEBT FUND SERIES - 180 DAYS - 26 - DIRECT PLAN - GROWTH;INF200K01YG3;;10.4537;N.A.;N.A.;19-Jan-2014
123475;SBI DEBT FUND SERIES - 180 DAYS - 26 - REGULAR PLAN - DIVIDEND;INF200K01KA5;;10.4514;N.A.;N.A.;19-Jan-2014
123476;SBI DEBT FUND SERIES - 180 DAYS - 26 - REGULAR PLAN - GROWTH;INF200K01JZ4;;10.4514;N.A.;N.A.;19-Jan-2014
115263;SBI SDFS - 36 MONTHS - 1 - DIVIDEND;INF200K01EC4;;11.2443;N.A.;N.A.;19-Jan-2014
115262;SBI SDFS - 36 MONTHS - 1 - GROWTH;INF200K01EB6;;12.7156;N.A.;N.A.;19-Jan-2014
120908;SBI DEBT FUND SERIES - 36 MONTHS - 2 - DIRECT PLAN - DIVIDEND;INF200K01QM7;;10.7835;N.A.;N.A.;19-Jan-2014
120911;SBI DEBT FUND SERIES - 36 MONTHS - 2 - DIRECT PLAN - GROWTH;INF200K01QL9;;10.7835;N.A.;N.A.;19-Jan-2014
120909;SBI DEBT FUND SERIES - 36 MONTHS - 2 - REGULAR PLAN - DIVIDEND;INF200K01QH7;;10.7218;N.A.;N.A.;19-Jan-2014
120910;SBI DEBT FUND SERIES - 36 MONTHS - 2 - REGULAR PLAN - GROWTH;INF200K01QG9;;10.7218;N.A.;N.A.;19-Jan-2014
123647;SBI DEBT FUND SERIES - 36 MONTHS - 4 - DIRECT PLAN - DIVIDEND;INF200KA1KF8;;10.5688;N.A.;N.A.;19-Jan-2014
123649;SBI DEBT FUND SERIES - 36 MONTHS - 4 - DIRECT PLAN - GROWTH;INF200KA1KE1;;10.5688;N.A.;N.A.;19-Jan-2014
123648;SBI DEBT FUND SERIES - 36 MONTHS - 4 - REGULAR PLAN - DIVIDEND;INF200KA1KD3;;10.5618;N.A.;N.A.;19-Jan-2014
123650;SBI DEBT FUND SERIES - 36 MONTHS - 4 - REGULAR PLAN - GROWTH;INF200KA1KC5;;10.5618;N.A.;N.A.;19-Jan-2014
124000;SBI DEBT FUND SERIES - 36 MONTHS - 5 - DIRECT PLAN - DIVIDEND;INF200K01D91;;N.A.;N.A.;N.A.;19-Jan-2014
124001;SBI DEBT FUND SERIES - 36 MONTHS - 5 - DIRECT PLAN - GROWTH;INF200K01D83;;10.4164;N.A.;N.A.;19-Jan-2014
124003;SBI DEBT FUND SERIES - 36 MONTHS - 5 - REGULAR PLAN - DIVIDEND;INF200K01D75;;10.4105;N.A.;N.A.;19-Jan-2014
124002;SBI DEBT FUND SERIES - 36 MONTHS - 5 - REGULAR PLAN - GROWTH;INF200K01D67;;10.4105;N.A.;N.A.;19-Jan-2014
124373;SBI DEBT FUND SERIES - 36 MONTHS - 6 - DIRECT PLAN - DIVIDEND;INF200KA1KZ6;;10.3788;N.A.;N.A.;19-Jan-2014
124374;SBI DEBT FUND SERIES - 36 MONTHS - 6 - DIRECT PLAN - GROWTH;INF200KA1KY9;;10.3788;N.A.;N.A.;19-Jan-2014
124375;SBI DEBT FUND SERIES - 36 MONTHS - 6 - REGULAR PLAN - DIVIDEND;INF200KA1KX1;;10.3648;N.A.;N.A.;19-Jan-2014
124376;SBI DEBT FUND SERIES - 36 MONTHS - 6 - REGULAR PLAN - GROWTH;INF200KA1KW3;;10.3648;N.A.;N.A.;19-Jan-2014
125719;SBI DEBT FUND SERIES - 36 MONTHS - 7 - DIRECT PLAN - DIVIDEND;INF200K01E74;;10.1005;N.A.;N.A.;19-Jan-2014
125721;SBI DEBT FUND SERIES - 36 MONTHS - 7 - DIRECT PLAN - GROWTH;INF200K01E66;;10.1005;N.A.;N.A.;19-Jan-2014
125720;SBI DEBT FUND SERIES - 36 MONTHS - 7 - REGULAR PLAN - DIVIDEND;INF200K01E58;;10.0984;N.A.;N.A.;19-Jan-2014
125722;SBI DEBT FUND SERIES - 36 MONTHS - 7 - REGULAR PLAN - GROWTH;INF200K01E41;;10.0984;N.A.;N.A.;19-Jan-2014
121395;SBI DEBT FUND SERIES - 366 DAYS - 22 - DIRECT PLAN - DIVIDEND;INF200K01YP4;;N.A.;N.A.;N.A.;19-Jan-2014
121396;SBI DEBT FUND SERIES - 366 DAYS - 22 - DIRECT PLAN - GROWTH;INF200K01YO7;;10.8332;N.A.;N.A.;19-Jan-2014
121397;SBI DEBT FUND SERIES - 366 DAYS - 22 - REGULAR PLAN - DIVIDEND;INF200K01PU2;;10.8235;N.A.;N.A.;19-Jan-2014
121398;SBI DEBT FUND SERIES - 366 DAYS - 22 - REGULAR PLAN - GROWTH;INF200K01PT4;;10.8235;N.A.;N.A.;19-Jan-2014
121923;SBI DEBT FUND SERIES - 366 DAYS - 23 - DIRECT PLAN - DIVIDEND;INF200K01VX4;;10.7360;N.A.;N.A.;19-Jan-2014
121924;SBI DEBT FUND SERIES - 366 DAYS - 23 - DIRECT PLAN - GROWTH;INF200K01VW6;;10.7360;N.A.;N.A.;19-Jan-2014
121926;SBI DEBT FUND SERIES - 366 DAYS - 23 - REGULAR PLAN - DIVIDEND;INF200K01VV8;;10.7315;N.A.;N.A.;19-Jan-2014
121925;SBI DEBT FUND SERIES - 366 DAYS - 23 - REGULAR PLAN - GROWTH;INF200K01VU0;;10.7315;N.A.;N.A.;19-Jan-2014
122011;SBI DEBT FUND SERIES - 366 DAYS - 24 - DIRECT PLAN - DIVIDEND;INF200K01WB8;;10.7146;N.A.;N.A.;19-Jan-2014
122012;SBI DEBT FUND SERIES - 366 DAYS - 24 - DIRECT PLAN - GROWTH;INF200K01WA0;;10.7143;N.A.;N.A.;19-Jan-2014
122013;SBI DEBT FUND SERIES - 366 DAYS - 24 - REGULAR PLAN - DIVIDEND;INF200K01VZ9;;10.7100;N.A.;N.A.;19-Jan-2014
122014;SBI DEBT FUND SERIES - 366 DAYS - 24 - REGULAR PLAN - GROWTH;INF200K01VY2;;10.7100;N.A.;N.A.;19-Jan-2014
122145;SBI DEBT FUND SERIES - 366 DAYS - 25 - DIRECT PLAN - DIVIDEND;INF200K01WF9;;10.6803;N.A.;N.A.;19-Jan-2014
122146;SBI DEBT FUND SERIES - 366 DAYS - 25 - DIRECT PLAN - GROWTH;INF200K01WE2;;10.6803;N.A.;N.A.;19-Jan-2014
122147;SBI DEBT FUND SERIES - 366 DAYS - 25 - REGULAR PLAN - DIVIDEND;INF200K01WD4;;10.6759;N.A.;N.A.;19-Jan-2014
122144;SBI DEBT FUND SERIES - 366 DAYS - 25 - REGULAR PLAN - GROWTH;INF200K01WC6;;10.6759;N.A.;N.A.;19-Jan-2014
122253;SBI DEBT FUND SERIES - 366 DAYS - 26 - DIRECT PLAN - DIVIDEND;INF200K01WJ1;;10.6016;N.A.;N.A.;19-Jan-2014
122254;SBI DEBT FUND SERIES - 366 DAYS - 26 - DIRECT PLAN - GROWTH;INF200K01WI3;;10.6016;N.A.;N.A.;19-Jan-2014
122255;SBI DEBT FUND SERIES - 366 DAYS - 26 - REGULAR PLAN - DIVIDEND;INF200K01WH5;;10.5976;N.A.;N.A.;19-Jan-2014
122256;SBI DEBT FUND SERIES - 366 DAYS - 26 - REGULAR PLAN - GROWTH;INF200K01WG7;;10.5976;N.A.;N.A.;19-Jan-2014
122348;SBI DEBT FUND SERIES - 366 DAYS - 27 - DIRECT PLAN - DIVIDEND;INF200K01WN3;;10.5853;N.A.;N.A.;19-Jan-2014
122349;SBI DEBT FUND SERIES - 366 DAYS - 27 - DIRECT PLAN - GROWTH;INF200K01WM5;;10.5853;N.A.;N.A.;19-Jan-2014
122346;SBI DEBT FUND SERIES - 366 DAYS - 27 - REGULAR PLAN - DIVIDEND;INF200K01WL7;;10.5813;N.A.;N.A.;19-Jan-2014
122347;SBI DEBT FUND SERIES - 366 DAYS - 27 - REGULAR PLAN - GROWTH;INF200K01WK9;;10.5813;N.A.;N.A.;19-Jan-2014
122406;SBI DEBT FUND SERIES - 366 DAYS - 28 - DIRECT PLAN - DIVIDEND;INF200K01WR4;;10.5958;N.A.;N.A.;19-Jan-2014
122407;SBI DEBT FUND SERIES - 366 DAYS - 28 - DIRECT PLAN - GROWTH;INF200K01WQ6;;10.5958;N.A.;N.A.;19-Jan-2014
122405;SBI DEBT FUND SERIES - 366 DAYS - 28 - REGULAR PLAN - DIVIDEND;INF200K01WP8;;10.5918;N.A.;N.A.;19-Jan-2014
122408;SBI DEBT FUND SERIES - 366 DAYS - 28 - REGULAR PLAN - GROWTH;INF200K01WO1;;10.5918;N.A.;N.A.;19-Jan-2014
122619;SBI DEBT FUND SERIES - 366 DAYS - 29 - DIRECT PLAN - DIVIDEND;INF200K01WV6;;N.A.;N.A.;N.A.;19-Jan-2014
122621;SBI DEBT FUND SERIES - 366 DAYS - 29 - DIRECT PLAN - GROWTH;INF200K01WU8;;10.4762;N.A.;N.A.;19-Jan-2014
122620;SBI DEBT FUND SERIES - 366 DAYS - 29 - REGULAR PLAN - DIVIDEND;INF200K01WT0;;10.4729;N.A.;N.A.;19-Jan-2014
122622;SBI DEBT FUND SERIES - 366 DAYS - 29 - REGULAR PLAN - GROWTH;INF200K01WS2;;10.4729;N.A.;N.A.;19-Jan-2014
122788;SBI DEBT FUND SERIES - 366 DAYS - 30 - DIRECT PLAN - DIVIDEND;INF200K01YX8;;10.4297;N.A.;N.A.;19-Jan-2014
122790;SBI DEBT FUND SERIES - 366 DAYS - 30 - DIRECT PLAN - GROWTH;INF200K01YW0;;10.4297;N.A.;N.A.;19-Jan-2014
122791;SBI DEBT FUND SERIES - 366 DAYS - 30 - REGULAR PLAN - DIVIDEND;INF200K01YV2;;10.4266;N.A.;N.A.;19-Jan-2014
122789;SBI DEBT FUND SERIES - 366 DAYS - 30 - REGULAR PLAN - GROWTH;INF200K01YU4;;10.4266;N.A.;N.A.;19-Jan-2014
122812;SBI DEBT FUND SERIES - 366 DAYS - 31 - DIRECT PLAN - DIVIDEND;INF200K01ZB1;;10.4186;N.A.;N.A.;19-Jan-2014
122813;SBI DEBT FUND SERIES - 366 DAYS - 31 - DIRECT PLAN - GROWTH;INF200K01ZA3;;10.4186;N.A.;N.A.;19-Jan-2014
122814;SBI DEBT FUND SERIES - 366 DAYS - 31 - REGULAR PLAN - DIVIDEND;INF200K01YZ3;;10.4156;N.A.;N.A.;19-Jan-2014
122815;SBI DEBT FUND SERIES - 366 DAYS - 31 - REGULAR PLAN - GROWTH;INF200K01YY6;;10.4156;N.A.;N.A.;19-Jan-2014
122907;SBI DEBT FUND SERIES - 366 DAYS - 32 - DIRECT PLAN - DIVIDEND;INF200K01ZF2;;10.3592;N.A.;N.A.;19-Jan-2014
122905;SBI DEBT FUND SERIES - 366 DAYS - 32 - DIRECT PLAN - GROWTH;INF200K01ZE5;;10.3592;N.A.;N.A.;19-Jan-2014
122908;SBI DEBT FUND SERIES - 366 DAYS - 32 - REGULAR PLAN - DIVIDEND;INF200K01ZD7;;10.3565;N.A.;N.A.;19-Jan-2014
122906;SBI DEBT FUND SERIES - 366 DAYS - 32 - REGULAR PLAN - GROWTH;INF200K01ZC9;;10.3565;N.A.;N.A.;19-Jan-2014
122991;SBI DEBT FUND SERIES - 366 DAYS - 33 - DIRECT PLAN - DIVIDEND;INF200K01ZJ4;;10.4378;N.A.;N.A.;19-Jan-2014
122994;SBI DEBT FUND SERIES - 366 DAYS - 33 - DIRECT PLAN - GROWTH;INF200K01ZI6;;10.4377;N.A.;N.A.;19-Jan-2014
122993;SBI DEBT FUND SERIES - 366 DAYS - 33 - REGULAR PLAN - DIVIDEND;INF200K01ZH8;;10.4352;N.A.;N.A.;19-Jan-2014
122992;SBI DEBT FUND SERIES - 366 DAYS - 33 - REGULAR PLAN - GROWTH;INF200K01ZG0;;10.4352;N.A.;N.A.;19-Jan-2014
123167;SBI DEBT FUND SERIES - 366 DAYS - 34 - DIRECT PLAN - DIVIDEND;INF200K015P1;;10.4602;N.A.;N.A.;19-Jan-2014
123169;SBI DEBT FUND SERIES - 366 DAYS - 34 - DIRECT PLAN - GROWTH;INF200K014P4;;10.4602;N.A.;N.A.;19-Jan-2014
123170;SBI DEBT FUND SERIES - 366 DAYS - 34 - REGULAR PLAN - DIVIDEND;INF200K013P6;;10.4533;N.A.;N.A.;19-Jan-2014
123168;SBI DEBT FUND SERIES - 366 DAYS - 34 - REGULAR PLAN - GROWTH;INF200K012P8;;10.4533;N.A.;N.A.;19-Jan-2014
123321;SBI DEBT FUND SERIES - 366 DAYS - 35 - DIRECT PLAN - DIVIDEND;INF200K017O0;;10.4538;N.A.;N.A.;19-Jan-2014
123324;SBI DEBT FUND SERIES - 366 DAYS - 35 - DIRECT PLAN - GROWTH;INF200K016O2;;10.4538;N.A.;N.A.;19-Jan-2014
123323;SBI DEBT FUND SERIES - 366 DAYS - 35 - REGULAR PLAN - DIVIDEND;INF200K015O4;;10.4474;N.A.;N.A.;19-Jan-2014
123322;SBI DEBT FUND SERIES - 366 DAYS - 35 - REGULAR PLAN - GROWTH;INF200K014O7;;10.4474;N.A.;N.A.;19-Jan-2014
123497;SBI DEBT FUND SERIES - 366 DAYS - 36 - DIRECT PLAN - DIVIDEND;INF200K019P3;;10.4750;N.A.;N.A.;19-Jan-2014
123494;SBI DEBT FUND SERIES - 366 DAYS - 36 - DIRECT PLAN - GROWTH;INF200K018P5;;10.4750;N.A.;N.A.;19-Jan-2014
123496;SBI DEBT FUND SERIES - 366 DAYS - 36 - REGULAR PLAN - DIVIDEND;INF200K017P7;;10.4690;N.A.;N.A.;19-Jan-2014
123495;SBI DEBT FUND SERIES - 366 DAYS - 36 - REGULAR PLAN - GROWTH;INF200K016P9;;10.4690;N.A.;N.A.;19-Jan-2014
123728;SBI DEBT FUND SERIES - 366 DAYS - 37 - DIRECT PLAN - DIVIDEND;INF200K011R6;;10.4649;N.A.;N.A.;19-Jan-2014
123729;SBI DEBT FUND SERIES - 366 DAYS - 37 - DIRECT PLAN - GROWTH;INF200K010R8;;10.4649;N.A.;N.A.;19-Jan-2014
123731;SBI DEBT FUND SERIES - 366 DAYS - 37 - REGULAR PLAN - DIVIDEND;INF200K019Q1;;10.4599;N.A.;N.A.;19-Jan-2014
123730;SBI DEBT FUND SERIES - 366 DAYS - 37 - REGULAR PLAN - GROWTH;INF200K018Q3;;10.4599;N.A.;N.A.;19-Jan-2014
123996;SBI DEBT FUND SERIES - 366 DAYS - 38 - DIRECT PLAN - DIVIDEND;INF200K015R7;;10.4672;N.A.;N.A.;19-Jan-2014
123997;SBI DEBT FUND SERIES - 366 DAYS - 38 - DIRECT PLAN - GROWTH;INF200K014R0;;10.4672;N.A.;N.A.;19-Jan-2014
123998;SBI DEBT FUND SERIES - 366 DAYS - 38 - REGULAR PLAN - DIVIDEND;INF200K013R2;;10.4624;N.A.;N.A.;19-Jan-2014
123999;SBI DEBT FUND SERIES - 366 DAYS - 38 - REGULAR PLAN - GROWTH;INF200K012R4;;10.4624;N.A.;N.A.;19-Jan-2014
124369;SBI DEBT FUND SERIES - 366 DAYS - 39 - DIRECT PLAN - DIVIDEND;INF200K013S0;;10.3983;N.A.;N.A.;19-Jan-2014
124370;SBI DEBT FUND SERIES - 366 DAYS - 39 - DIRECT PLAN - GROWTH;INF200K012S2;;10.3983;N.A.;N.A.;19-Jan-2014
124371;SBI DEBT FUND SERIES - 366 DAYS - 39 - REGULAR PLAN - DIVIDEND;INF200K011S4;;10.3919;N.A.;N.A.;19-Jan-2014
124372;SBI DEBT FUND SERIES - 366 DAYS - 39 - REGULAR PLAN - GROWTH;INF200K010S6;;10.3919;N.A.;N.A.;19-Jan-2014
124527;SBI DEBT FUND SERIES - 366 DAYS - 40 - DIRECT PLAN - DIVIDEND;INF200K015T3;;10.3669;N.A.;N.A.;19-Jan-2014
124525;SBI DEBT FUND SERIES - 366 DAYS - 40 - DIRECT PLAN - GROWTH;INF200K014T6;;10.3669;N.A.;N.A.;19-Jan-2014
124526;SBI DEBT FUND SERIES - 366 DAYS - 40 - REGULAR PLAN - DIVIDEND;INF200K013T8;;10.3595;N.A.;N.A.;19-Jan-2014
124528;SBI DEBT FUND SERIES - 366 DAYS - 40 - REGULAR PLAN - GROWTH;INF200K012T0;;10.3595;N.A.;N.A.;19-Jan-2014
124726;SBI DEBT FUND SERIES - 366 DAYS - 41 - DIRECT PLAN - DIVIDEND;INF200K010U2;;10.3057;N.A.;N.A.;19-Jan-2014
124728;SBI DEBT FUND SERIES - 366 DAYS - 41 - DIRECT PLAN - GROWTH;INF200K019T5;;10.3057;N.A.;N.A.;19-Jan-2014
124727;SBI DEBT FUND SERIES - 366 DAYS - 41 - REGULAR PLAN - DIVIDEND;INF200K018T7;;10.2990;N.A.;N.A.;19-Jan-2014
124729;SBI DEBT FUND SERIES - 366 DAYS - 41 - REGULAR PLAN - GROWTH;INF200K016T1;;10.2990;N.A.;N.A.;19-Jan-2014
124938;SBI DEBT FUND SERIES - 366 DAYS - 42 - DIRECT PLAN - DIVIDEND;INF200K012V6;;10.1983;N.A.;N.A.;19-Jan-2014
124940;SBI DEBT FUND SERIES - 366 DAYS - 42 - DIRECT PLAN - GROWTH;INF200K011V8;;10.1984;N.A.;N.A.;19-Jan-2014
124939;SBI DEBT FUND SERIES - 366 DAYS - 42 - REGULAR PLAN - DIVIDEND;INF200K010V0;;10.1927;N.A.;N.A.;19-Jan-2014
124941;SBI DEBT FUND SERIES - 366 DAYS - 42 - REGULAR PLAN - GROWTH;INF200K019U3;;10.1927;N.A.;N.A.;19-Jan-2014
125138;SBI DEBT FUND SERIES - 366 DAYS - 43 - DIRECT PLAN - DIVIDEND;INF200K01C35;;10.1667;N.A.;N.A.;19-Jan-2014
125139;SBI DEBT FUND SERIES - 366 DAYS - 43 - DIRECT PLAN - GROWTH;INF200K01C27;;10.1667;N.A.;N.A.;19-Jan-2014
125140;SBI DEBT FUND SERIES - 366 DAYS - 43 - REGULAR PLAN - DIVIDEND;INF200K01C19;;10.1630;N.A.;N.A.;19-Jan-2014
125141;SBI DEBT FUND SERIES - 366 DAYS - 43 - REGULAR PLAN - GROWTH;INF200K01C01;;10.1630;N.A.;N.A.;19-Jan-2014
125243;SBI DEBT FUND SERIES - 366 DAYS - 44 - DIRECT PLAN - DIVIDEND;INF200K011X4;;10.1643;N.A.;N.A.;19-Jan-2014
125244;SBI DEBT FUND SERIES - 366 DAYS - 44 - DIRECT PLAN - GROWTH;INF200K010X6;;10.1643;N.A.;N.A.;19-Jan-2014
125246;SBI DEBT FUND SERIES - 366 DAYS - 44 - REGULAR PLAN - DIVIDEND;INF200K019W9;;10.1609;N.A.;N.A.;19-Jan-2014
125245;SBI DEBT FUND SERIES - 366 DAYS - 44 - REGULAR PLAN - GROWTH;INF200K018W1;;10.1609;N.A.;N.A.;19-Jan-2014
125406;SBI DEBT FUND SERIES - 366 DAYS - 45 - DIRECT PLAN - DIVIDEND;INF200K014Y6;;10.1426;N.A.;N.A.;19-Jan-2014
125409;SBI DEBT FUND SERIES - 366 DAYS - 45 - DIRECT PLAN - GROWTH;INF200K015Y3;;10.1426;N.A.;N.A.;19-Jan-2014
125407;SBI DEBT FUND SERIES - 366 DAYS - 45 - REGULAR PLAN - DIVIDEND;INF200K016Y1;;10.1398;N.A.;N.A.;19-Jan-2014
125408;SBI DEBT FUND SERIES - 366 DAYS - 45 - REGULAR PLAN - GROWTH;INF200K017Y9;;10.1398;N.A.;N.A.;19-Jan-2014
125519;SBI DEBT FUND SERIES - 366 DAYS - 46 - DIRECT PLAN - DIVIDEND;INF200K012Z7;;10.1278;N.A.;N.A.;19-Jan-2014
125522;SBI DEBT FUND SERIES - 366 DAYS - 46 - DIRECT PLAN - GROWTH;INF200K013Z5;;10.1279;N.A.;N.A.;19-Jan-2014
125520;SBI DEBT FUND SERIES - 366 DAYS - 46 - REGULAR PLAN - DIVIDEND;INF200K014Z3;;10.1254;N.A.;N.A.;19-Jan-2014
125521;SBI DEBT FUND SERIES - 366 DAYS - 46 - REGULAR PLAN - GROWTH;INF200K015Z0;;10.1254;N.A.;N.A.;19-Jan-2014
125657;SBI DEBT FUND SERIES - 366 DAYS - 47 - DIRECT PLAN - DIVIDEND;INF200KA1077;;10.1182;N.A.;N.A.;19-Jan-2014
125658;SBI DEBT FUND SERIES - 366 DAYS - 47 - DIRECT PLAN - GROWTH;INF200KA1085;;10.1182;N.A.;N.A.;19-Jan-2014
125659;SBI DEBT FUND SERIES - 366 DAYS - 47 - REGULAR PLAN - DIVIDEND;INF200KA1093;;10.1149;N.A.;N.A.;19-Jan-2014
125660;SBI DEBT FUND SERIES - 366 DAYS - 47 - REGULAR PLAN - GROWTH;INF200KA1101;;10.1149;N.A.;N.A.;19-Jan-2014
125793;SBI DEBT FUND SERIES - 366 DAYS - 48 - DIRECT PLAN - DIVIDEND;INF200KA1192;;10.0825;N.A.;N.A.;19-Jan-2014
125794;SBI DEBT FUND SERIES - 366 DAYS - 48 - DIRECT PLAN - GROWTH;INF200KA1200;;10.0825;N.A.;N.A.;19-Jan-2014
125795;SBI DEBT FUND SERIES - 366 DAYS - 48 - REGULAR PLAN - DIVIDEND;INF200KA1218;;10.0809;N.A.;N.A.;19-Jan-2014
125796;SBI DEBT FUND SERIES - 366 DAYS - 48 - REGULAR PLAN - GROWTH;INF200KA1226;;10.0809;N.A.;N.A.;19-Jan-2014
126093;SBI DEBT FUND SERIES - 366 DAYS - 49 - DIRECT PLAN - DIVIDEND;INF200KA1275;;10.0710;N.A.;N.A.;19-Jan-2014
126094;SBI DEBT FUND SERIES - 366 DAYS - 49 - DIRECT PLAN - GROWTH;INF200KA1283;;10.0710;N.A.;N.A.;19-Jan-2014
126096;SBI DEBT FUND SERIES - 366 DAYS - 49 - REGULAR PLAN - DIVIDEND;INF200KA1291;;10.0696;N.A.;N.A.;19-Jan-2014
126095;SBI DEBT FUND SERIES - 366 DAYS - 49 - REGULAR PLAN - GROWTH;INF200KA1309;;10.0696;N.A.;N.A.;19-Jan-2014
126511;SBI DEBT FUND SERIES - 366 DAYS - 50 - DIRECT PLAN - DIVIDEND;INF200K01L59;;10.0173;N.A.;N.A.;19-Jan-2014
126512;SBI DEBT FUND SERIES - 366 DAYS - 50 - DIRECT PLAN - GROWTH;INF200K01L42;;10.0173;N.A.;N.A.;19-Jan-2014
126514;SBI DEBT FUND SERIES - 366 DAYS - 50 - REGULAR PLAN - DIVIDEND;INF200K01L34;;10.0168;N.A.;N.A.;19-Jan-2014
126513;SBI DEBT FUND SERIES - 366 DAYS - 50 - REGULAR PLAN - GROWTH;INF200K01L26;;10.0168;N.A.;N.A.;19-Jan-2014
113321;SBI Debt Fund Series - 60 Months - 1 - Dividend;INF200K01CQ8;;12.7450;N.A.;N.A.;19-Jan-2014
113401;SBI Debt Fund Series - 60 Months - 1 - Growth;INF200K01CP0;;12.7449;N.A.;N.A.;19-Jan-2014
118220;SBI DEBT FUND SERIES - 60 MONTHS - 2 - DIVIDEND;INF200K01QD6;;10.7251;N.A.;N.A.;19-Jan-2014
118221;SBI DEBT FUND SERIES - 60 MONTHS - 2 - GROWTH;INF200K01QC8;;10.7251;N.A.;N.A.;19-Jan-2014
120901;SBI DEBT FUND SERIES - 60 MONTHS - 3 - DIRECT PLAN - DIVIDEND;INF200K01QQ8;;10.6543;N.A.;N.A.;19-Jan-2014
120900;SBI DEBT FUND SERIES - 60 MONTHS - 3 - DIRECT PLAN - GROWTH;INF200K01QP0;;10.6542;N.A.;N.A.;19-Jan-2014
120899;SBI DEBT FUND SERIES - 60 MONTHS - 3 - REGULAR PLAN - DIVIDEND;INF200K01QF1;;10.5996;N.A.;N.A.;19-Jan-2014
120898;SBI DEBT FUND SERIES - 60 MONTHS - 3 - REGULAR PLAN - GROWTH;INF200K01QE4;;10.5996;N.A.;N.A.;19-Jan-2014
125239;SBI DEBT FUND SERIES - 90 DAYS - 80 - DIRECT PLAN - DIVIDEND;INF200K01F57;;10.1931;N.A.;N.A.;19-Jan-2014
125241;SBI DEBT FUND SERIES - 90 DAYS - 80 - DIRECT PLAN - GROWTH;INF200K01F40;;10.1931;N.A.;N.A.;19-Jan-2014
125240;SBI DEBT FUND SERIES - 90 DAYS - 80 - REGULAR PLAN - DIVIDEND;INF200K01F32;;10.1908;N.A.;N.A.;19-Jan-2014
125242;SBI DEBT FUND SERIES - 90 DAYS - 80 - REGULAR PLAN - GROWTH;INF200K01F24;;10.1908;N.A.;N.A.;19-Jan-2014
125789;SBI DEBT FUND SERIES - 90 DAYS - 81 - DIRECT PLAN - DIVIDEND;INF200K01F99;;10.0938;N.A.;N.A.;19-Jan-2014
125790;SBI DEBT FUND SERIES - 90 DAYS - 81 - DIRECT PLAN - GROWTH;INF200K01F81;;10.0938;N.A.;N.A.;19-Jan-2014
125791;SBI DEBT FUND SERIES - 90 DAYS - 81 - REGULAR PLAN - DIVIDEND;INF200K01F73;;10.0927;N.A.;N.A.;19-Jan-2014
125792;SBI DEBT FUND SERIES - 90 DAYS - 81 - REGULAR PLAN - GROWTH;INF200K01F65;;10.0927;N.A.;N.A.;19-Jan-2014
125968;SBI DEBT FUND SERIES - 90 DAYS - 82 - DIRECT PLAN - DIVIDEND;INF200K01G31;;10.0796;N.A.;N.A.;19-Jan-2014
125965;SBI DEBT FUND SERIES - 90 DAYS - 82 - DIRECT PLAN - GROWTH;INF200K01G23;;10.0796;N.A.;N.A.;19-Jan-2014
125966;SBI DEBT FUND SERIES - 90 DAYS - 82 - REGULAR PLAN - DIVIDEND;INF200K01G15;;10.0791;N.A.;N.A.;19-Jan-2014
125967;SBI DEBT FUND SERIES - 90 DAYS - 82 - REGULAR PLAN - GROWTH;INF200K01G07;;10.0791;N.A.;N.A.;19-Jan-2014
