Scheme Code;Scheme Name;ISIN Div Payout/ISIN Growth;ISIN Div Reinvestment;Net Asset Value;Repurchase Price;Sale Price;Date

Open Ended Schemes ( Liquid )


Sahara Mutual Fund
101397;Sahara Liquid Fund-Fixed Pricing -  Weekly Dividend Option;;INF515L01064;1027.4373;;;02-Dec-2018
101393;Sahara Liquid Fund-Fixed Pricing - Daily Dividend Option;;INF515L01049;1254.3475;;;02-Dec-2018
120265;Sahara Liquid Fund-Fixed Pricing - Direct - Weekly Dividend Option;;INF515L01668;1027.4373;;;02-Dec-2018
120262;Sahara Liquid Fund-Fixed Pricing - Direct -Growth option;INF515L01650;;3024.287;;;02-Dec-2018
101394;Sahara Liquid Fund-Fixed Pricing - Growth option;INF515L01056;;3069.5478;;;02-Dec-2018
101398;Sahara Liquid Fund-Fixed Pricing - Monthly Dividend Option;;INF515L01072;1043.3721;;;02-Dec-2018
120253;Sahara Liquid Fund-Fixed Pricing -Direct - Daily Dividend Option- Direct;;INF515L01643;1254.3475;;;02-Dec-2018
120266;Sahara Liquid Fund-Fixed Pricing -Direct - Monthly Dividend Option;;INF515L01676;1043.3721;;;02-Dec-2018
101399;Sahara Liquid Fund-Variable Pricing - Daily Dividend option;;INF515L01080;1265.9863;;;02-Dec-2018
101402;Sahara Liquid Fund-Variable Pricing - Growth option;INF515L01114;;3139.9349;;;02-Dec-2018
101400;Sahara Liquid Fund-Variable Pricing - Weekly Dividend Option;;INF515L01098;1275.969;;;02-Dec-2018
120271;Sahara Liquid Fund-Variable Pricing -Direct - Daily Dividend option;;INF515L01684;1038.8267;;;02-Dec-2018
120280;Sahara Liquid Fund-Variable Pricing -Direct - Growth option;INF515L01718;;3146.3584;;;02-Dec-2018
120272;Sahara Liquid Fund-Variable Pricing -Direct - Weekly Dividend Option;;INF515L01692;1275.969;;;02-Dec-2018
120273;Sahara Liquid Fund-Variable Pricing- Direct - Monthly Dividend Option;;INF515L01700;1055.8972;;;02-Dec-2018
101401;Sahara Liquid Fund-Variable Pricing- Monthly Dividend Option;;INF515L01106;1289.4021;;;02-Dec-2018

Open Ended Schemes ( Debt Scheme - Overnight Fund )


Aditya Birla Sun Life Mutual Fund
145488;ADITYA BIRLA SUN LIFE OVERNIGHT FUND-  Direct - Monthly Payout of IDCW;INF209KB1ZL4;;1000.2819;;;02-Dec-2018
145489;ADITYA BIRLA SUN LIFE OVERNIGHT FUND-  Direct - Weekly Reinvestment of IDCW;;INF209KB1ZJ8;1000.3562;;;02-Dec-2018
145487;ADITYA BIRLA SUN LIFE OVERNIGHT FUND- Direct - Daily Reinvestment of IDCW;;INF209KB1ZI0;1000.02;;;02-Dec-2018
145483;ADITYA BIRLA SUN LIFE OVERNIGHT FUND- Regular - Daily Reinvestment of IDCW;;INF209KB1ZD1;1000.02;;;02-Dec-2018
145485;ADITYA BIRLA SUN LIFE OVERNIGHT FUND- Regular- Monthly Payout of IDCW option;INF209KB1ZG4;;1000.362;;;02-Dec-2018
145486;ADITYA BIRLA SUN LIFE OVERNIGHT FUND-DIRECT PLAN-GROWTH;INF209KB1ZH2;;1005.5313;;;02-Dec-2018
145481;ADITYA BIRLA SUNLIFE OVERNIGHT FUND-REGULAR PLAN-GROWTH;INF209KB1ZC3;;1005.4131;;;02-Dec-2018

HDFC Mutual Fund
119109;HDFC Overnight Fund - Daily IDCW Option - Direct Plan;;INF179KB1HY1;1042.66;;;02-Dec-2018
101996;HDFC Overnight Fund - Growth Option;INF179KB1HS3;;2756.3518;;;02-Dec-2018
119110;HDFC Overnight Fund - Growth Option - Direct Plan;INF179KB1HT1;;2765.9659;;;02-Dec-2018
101997;HDFC Overnight Fund - IDCW Option (Daily);;INF179KB1IF8;1042.66;;;02-Dec-2018

ICICI Prudential Mutual Fund
145547;ICICI Prudential Overnight Fund - Daily IDCW;;INF109KC18E1;100.0005;;;02-Dec-2018
145537;ICICI Prudential Overnight Fund - Direct Plan - Daily IDCW;;INF109KC12G9;100.0005;;;02-Dec-2018
145536;ICICI Prudential Overnight Fund - Direct Plan - Growth;INF109KC11G1;;100.3094;;;02-Dec-2018
145542;ICICI Prudential Overnight Fund - Direct Plan - Monthly IDCW;INF109KC13G7;INF109KC14G5;100.0521;;;02-Dec-2018
145535;ICICI Prudential Overnight Fund - Growth;INF109KC17E3;;100.3046;;;02-Dec-2018

L&T Mutual Fund
118066;L&T Overnight Fund  - Regular Plan - Monthly IDCW;INF917K01EL4;INF917K01EM2;1020.3095;;;02-Dec-2018
119283;L&T Overnight Fund - Direct Plan - Growth;INF917K01EN0;;1450.53;;;02-Dec-2018
119284;L&T Overnight Fund - Direct Plan- Daily IDCW;;INF917K01EO8;1023.3;;;02-Dec-2018
119282;L&T Overnight Fund - Direct Plan- Monthly IDCW;INF917K01ER1;;1060.3288;;;02-Dec-2018
119285;L&T Overnight Fund - Direct Plan- Weekly IDCW;;INF917K01EP5;1002.4307;;;02-Dec-2018
118056;L&T Overnight Fund - Regular Plan - Daily IDCW;;INF917K01EJ8;1023.3;;;02-Dec-2018
118058;L&T Overnight Fund - Regular Plan - Growth;INF917K01EI0;;1396.3008;;;02-Dec-2018
118065;L&T Overnight Fund - Regular Plan - Weekly IDCW;;INF917K01EK6;1000.9206;;;02-Dec-2018

SBI Mutual Fund
119831;SBI Overnight Fund - Direct Plan - Daily Income Distribution cum Capital Withdrawal Option (IDCW);;INF200K01TJ7;1009.9100;;;02-Dec-2018
119833;SBI OVERNIGHT FUND - DIRECT PLAN - GROWTH;INF200K01TK5;;3030.0690;;;02-Dec-2018
119832;SBI Overnight Fund - Direct Plan - Weekly Income Distribution cum Capital Withdrawal Option (IDCW);INF200K01TL3;INF200K01TM1;1031.3660;;;02-Dec-2018
114297;SBI Overnight Fund - Regular Plan - Daily Income Distribution cum Capital Withdrawal Option (IDCW);;INF200K01LN6;1009.9100;;;02-Dec-2018
101206;SBI OVERNIGHT FUND - REGULAR PLAN - GROWTH;INF200K01LQ9;;3005.5362;;;02-Dec-2018
103140;SBI Overnight Fund - Regular Plan - Weekly Income Distribution cum Capital Withdrawal Option (IDCW);INF200K01LO4;INF200K01LP1;1031.3872;;;02-Dec-2018

UTI Mutual Fund
100814;UTI - Overnight  Fund - Regular Plan - Growth Option;INF789F01604;;2527.56;;;02-Dec-2018
120785;UTI - Overnight Fund - Direct Plan - Growth Option;INF789FB1S71;;2545.1182;;;02-Dec-2018
124266;UTI Overnight Fund - Direct Plan - Daily IDCW;;INF789FB1S89;1371.6621;;;02-Dec-2018
120786;UTI Overnight Fund - Direct Plan - Periodic IDCW;INF789FB1T05;INF789FB1S97;1456.436;;;02-Dec-2018
124265;UTI Overnight Fund - Regular Plan - Daily IDCW;;INF789FB1T13;1370.8617;;;02-Dec-2018
100813;UTI Overnight Fund - Regular Plan - Periodic IDCW;INF789F01588;INF789F01596;1423.0484;;;02-Dec-2018

Open Ended Schemes ( Debt Scheme - Liquid Fund )


360 ONE Mutual Fund
125349;360 ONE LIQUID FUND DIRECT PLAN  DAILY DIVIDEND REINVESTMENT;;INF579M01688;1000.0427;;;02-Dec-2018
125345;360 ONE LIQUID FUND DIRECT PLAN  GROWTH;INF579M01621;;1432.2907;;;02-Dec-2018
125343;360 ONE LIQUID FUND DIRECT PLAN  WEEKLY DIVIDEND;INF579M01639;INF579M01696;1005.9259;;;02-Dec-2018
125342;360 ONE LIQUID FUND REGULAR PLAN  DAILY DIVIDEND REINVESTMENT;;INF579M01563;1000.0769;;;02-Dec-2018
125259;360 ONE LIQUID FUND REGULAR PLAN  GROWTH;INF579M01506;;1428.6674;;;02-Dec-2018
125337;360 ONE LIQUID FUND REGULAR PLAN  WEEKLY DIVIDEND;INF579M01514;INF579M01571;1005.8274;;;02-Dec-2018

Aditya Birla Sun Life Mutual Fund
100047;Aditya Birla Sun Life Liquid Fund - Growth;INF209K01RU9;;291.9825;;;02-Dec-2018
119568;Aditya Birla Sun Life Liquid Fund - Growth - Direct Plan;INF209K01VA3;;293.2945;;;02-Dec-2018
100046;Aditya Birla Sun Life Liquid Fund -Daily IDCW;INF209K01KQ2;INF209K01SQ5;100.195;;;02-Dec-2018
119569;Aditya Birla Sun Life Liquid Fund -Direct - daily IDCW;INF209K01UZ2;;100.195;;;02-Dec-2018
119571;Aditya Birla Sun Life Liquid Fund -DIRECT - IDCW;INF209K01VD7;;159.2375;;;02-Dec-2018
119570;Aditya Birla Sun Life Liquid Fund -Direct - weekly IDCW;INF209K01VC9;;100.2653;;;02-Dec-2018
100041;Aditya Birla Sun Life Liquid Fund -Institutional - IDCW;;INF209K01KN9;108.023;;;02-Dec-2018
100048;Aditya Birla Sun Life Liquid Fund -Institutional - weekly  IDCW;INF209KA1LK7;INF209K01KY6;108.1109;;;02-Dec-2018
103885;Aditya Birla Sun Life Liquid Fund -Regular - IDCW;INF209KA1LI1;;122.1763;;;02-Dec-2018
100044;Aditya Birla Sun Life Liquid Fund -Retail - IDCW;;INF209K01KP4;163.694;;;02-Dec-2018
100051;Aditya Birla Sun Life Liquid Fund -weekly IDCW;INF209K01KU4;INF209KA1LJ9;100.2648;;;02-Dec-2018
112014;Aditya Birla Sun Life Liquid Fund- Discipline Advantage Plan;INF209K01KZ3;;196.7077;;;02-Dec-2018
100043;Aditya Birla Sun Life Liquid Fund-Institutional (Growth);INF209K01RT1;;486.2404;;;02-Dec-2018
100042;Aditya Birla Sun Life Liquid Fund-Retail (Growth);INF209K01ME4;;473.8231;;;02-Dec-2018

Axis Mutual Fund
128954;Axis Liquid Fund - Direct plan - Bonus Option;INF846K01NH4;;2024.0581;;;02-Dec-2018
120388;Axis Liquid Fund - Direct Plan - Daily IDCW;;INF846K01DA0;1000.9560;;;02-Dec-2018
120389;Axis Liquid Fund - Direct Plan - Growth Option;INF846K01CX4;;2024.1749;;;02-Dec-2018
120391;Axis Liquid Fund - Direct Plan - Monthly IDCW;INF846K01CY2;INF846K01CZ9;1001.5332;;;02-Dec-2018
120390;Axis Liquid Fund - Direct Plan - Weekly IDCW;INF846K01DB8;INF846K01DC6;1003.3460;;;02-Dec-2018
112211;Axis Liquid Fund - Regular Plan - Daily IDCW;;INF846K01420;1001.3998;;;02-Dec-2018
112210;Axis Liquid Fund - Regular Plan - Growth Option;INF846K01412;;2016.2823;;;02-Dec-2018
112213;Axis Liquid Fund - Regular Plan - Monthly IDCW;INF846K01453;INF846K01461;1002.1185;;;02-Dec-2018
112212;Axis Liquid Fund - Regular Plan - Weekly IDCW;INF846K01438;INF846K01446;1003.3355;;;02-Dec-2018
112712;Axis Liquid Fund - Retail Plan - Daily IDCW;;INF846K01362;1000.9559;;;02-Dec-2018
112713;Axis Liquid Fund - Retail Plan - Growth Option;INF846K01354;;1906.8707;;;02-Dec-2018
112714;Axis Liquid Fund - Retail Plan - Monthly IDCW;INF846K01396;INF846K01404;1001.4242;;;02-Dec-2018
112715;Axis Liquid Fund - Retail Plan - Weekly IDCW;INF846K01370;INF846K01388;1001.7733;;;02-Dec-2018

Bandhan Mutual Fund
108692;BANDHAN LIQUID Fund - Regular Plan - Daily IDCW;INF194K01VZ4;INF194K01VY7;1001.0846;;;02-Dec-2018
108690;BANDHAN LIQUID Fund - Regular Plan - Growth;INF194K01VX9;;2206.5416;;;02-Dec-2018
108693;BANDHAN LIQUID Fund - Regular Plan - Monthly IDCW;INF194K01WF4;INF194K01WE7;1000.9115;;;02-Dec-2018
115489;BANDHAN LIQUID Fund - Regular Plan - Periodic IDCW;INF194K01WC1;INF194K01WB3;1455.0666;;;02-Dec-2018
108691;BANDHAN LIQUID Fund - Regular Plan - Weekly IDCW;INF194K01WI8;INF194K01WH0;1001.4716;;;02-Dec-2018
139582;BANDHAN LIQUID Fund - Unclaimed IDCW Less than 3 years;INF194KA14C0;;1.1798;;;02-Dec-2018
139583;BANDHAN LIQUID Fund - Unclaimed IDCW More than 3 years;INF194KA15C7;;1.0000;;;02-Dec-2018
139584;BANDHAN LIQUID Fund - Unclaimed Redemption Less than 3 years;INF194KA12C4;;1.1798;;;02-Dec-2018
139585;BANDHAN LIQUID Fund - Unclaimed Redemption More than 3 years;INF194KA13C2;;1.0000;;;02-Dec-2018
118365;BANDHAN LIQUID Fund -Direct Plan -Monthly IDCW;INF194K01J36;INF194K01J28;1007.6385;;;02-Dec-2018
118367;BANDHAN LIQUID Fund -Direct Plan -Weekly IDCW;INF194KB1JT8;INF194K01J51;1007.3516;;;02-Dec-2018
118366;BANDHAN LIQUID Fund -Direct Plan-Daily IDCW;;INF194K01I78;1001.6663;;;02-Dec-2018
118364;BANDHAN LIQUID Fund -Direct Plan-Growth;INF194K01I60;;2215.0070;;;02-Dec-2018
118363;BANDHAN LIQUID Fund -Direct Plan-Periodic IDCW;INF194K01J02;INF194K01I94;1368.9592;;;02-Dec-2018

Bank of India Mutual Fund
141887;BANK OF INDIA Liquid Fund  Unclaimed Dividend greater than  3 years;;;1000.0000;;;02-Dec-2018
141889;BANK OF INDIA Liquid Fund  Unclaimed Dividend Upto 3 years;;;1080.0630;;;02-Dec-2018
141888;BANK OF INDIA Liquid Fund  Unclaimed Redemption greater than  3 years;;;1000.0000;;;02-Dec-2018
141890;BANK OF INDIA Liquid Fund  Unclaimed Redemption Upto 3 years;;;1079.9511;;;02-Dec-2018
119368;BANK OF INDIA Liquid Fund- Direct Plan- Daily IDCW;;INF761K01CL0;1002.6483;;;02-Dec-2018
119369;BANK OF INDIA Liquid Fund- Direct Plan- Growth;INF761K01785;;2103.8338;;;02-Dec-2018
119370;BANK OF INDIA Liquid Fund- Direct Plan- Weekly IDCW;;INF761K01CM8;1062.8228;;;02-Dec-2018
111971;BANK OF INDIA Liquid Fund- Regular Plan- Daily IDCW;;INF761K01CO4;1002.1069;;;02-Dec-2018
109254;BANK OF INDIA Liquid Fund- Regular Plan- Growth;INF761K01306;;2091.6470;;;02-Dec-2018
109255;BANK OF INDIA Liquid Fund- Regular Plan- Weekly IDCW;;INF761K01CP1;1002.4972;;;02-Dec-2018

Baroda BNP Paribas Mutual Fund
119414;Baroda BNP Paribas LIQUID FUND - DIRECT PLAN - DAILY IDCW OPTION;INF955L01AK2;;1002.0849;;;02-Dec-2018
119415;Baroda BNP Paribas LIQUID FUND - DIRECT PLAN - GROWTH OPTION;INF955L01AL0;;2100.2146;;;02-Dec-2018
119416;Baroda BNP Paribas LIQUID FUND - DIRECT PLAN - WEEKLY IDCW OPTION;INF251K01SL8;;1220.7765;;;02-Dec-2018
111707;Baroda BNP Paribas LIQUID FUND - Regular Plan - DAILY IDCW OPTION;INF955L01468;INF955L01476;1001.1996;;;02-Dec-2018
111704;Baroda BNP Paribas LIQUID FUND - Regular Plan - GROWTH OPTION;INF955L01484;;2088.4604;;;02-Dec-2018
111705;Baroda BNP Paribas LIQUID FUND - Regular Plan - WEEKLY IDCW OPTION;INF251K01SK0;INF955L01500;1001.2508;;;02-Dec-2018
101408;Baroda BNP Paribas LIQUID FUND- Defunct Plan -Growth Option;INF955L01575;;3073.1609;;;02-Dec-2018
101407;Baroda BNP Paribas LIQUID FUND-Defunct Plan- IDCW Option;INF955L01559;INF955L01567;2632.9526;;;02-Dec-2018
101409;Baroda BNP Paribas LIQUID FUND-Defunct Plan-Daily IDCW Option;INF955L01518;INF955L01526;1006.0602;;;02-Dec-2018

BNP Paribas Mutual Fund
130473;BNP PARIBAS LIQUID FUND - DAILY Income Distribution cum Capital Withdrawal OPTION;;INF251K01NK1;1000.4900;;;02-Dec-2018
130489;BNP PARIBAS LIQUID Fund - DIRECT PLAN - MONTHLY Income Distribution cum Capital Withdrawal OPTION;INF251K01NR6;INF251K01NS4;1000.6720;;;02-Dec-2018
130486;BNP PARIBAS LIQUID FUND - DIRECT PLAN -- DAILY Income Distribution cum Capital Withdrawal OPTION;;INF251K01NP0;1001.3201;;;02-Dec-2018
130472;BNP PARIBAS LIQUID FUND - GROWTH OPTION;INF251K01NJ3;;2789.1271;;;02-Dec-2018
130476;BNP PARIBAS LIQUID FUND - MONTHLY Income Distribution cum Capital Withdrawal OPTION;INF251K01NM7;INF251K01NN5;1000.7082;;;02-Dec-2018
130459;BNP PARIBAS LIQUID FUND - REGULAR PLAN - GROWTH OPTION;INF251K01NF1;;2638.2151;;;02-Dec-2018
130465;BNP PARIBAS LIQUID FUND - REGULAR PLAN - WEEKLY Income Distribution cum Capital Withdrawal OPTION;;INF251K01NG9;1000.8030;;;02-Dec-2018
130474;BNP PARIBAS LIQUID FUND - WEEKLY Income Distribution cum Capital Withdrawal OPTION;;INF251K01NL9;1000.8084;;;02-Dec-2018
130479;BNP PARIBAS LIQUID FUND -- DIRECT PLAN - GROWTH OPTION;INF251K01NO3;;2804.4464;;;02-Dec-2018
130487;BNP PARIBAS LIQUID FUND -- DIRECT PLAN - WEEKLY Income Distribution cum Capital Withdrawal OPTION;;INF251K01NQ8;1000.8187;;;02-Dec-2018
139562;BNP PARIBAS LIQUID FUND SPECIAL UNCLAIMED DIV 36A -- GROWTH OPTION;INF251K01OL7;;1176.8888;;;02-Dec-2018
139561;BNP PARIBAS LIQUID FUND SPECIAL UNCLAIMED DIV 36B -- GROWTH OPTION;INF251K01OM5;;1182.1970;;;02-Dec-2018
139560;BNP PARIBAS LIQUID FUND SPECIAL UNCLAIMED RED 36A-- GROWTH OPTION;INF251K01OJ1;;1175.7771;;;02-Dec-2018
139563;BNP PARIBAS LIQUID FUND SPECIAL UNCLAIMED RED 36B -- GROWTH OPTION;INF251K01OK9;;1179.0053;;;02-Dec-2018

Canara Robeco Mutual Fund
118307;CANARA ROBECO LIQUID FUND - DIRECT PLAN - DAILY IDCW (Reinvestment);;INF760K01FS0;1005.5000;;;02-Dec-2018
118305;CANARA ROBECO LIQUID FUND - DIRECT PLAN - GROWTH OPTION;INF760K01FU6;;2206.1724;;;02-Dec-2018
118304;CANARA ROBECO LIQUID FUND - DIRECT PLAN - IDCW (Payout/Reinvestment);INF760K01FT8;;1579.4738;;;02-Dec-2018
118306;CANARA ROBECO LIQUID FUND - DIRECT PLAN - MONTHLY IDCW (Payout/Reinvestment);INF760K01FV4;INF760K01FW2;1000.8876;;;02-Dec-2018
118308;CANARA ROBECO LIQUID FUND - DIRECT PLAN - WEEKLY IDCW (Payout/Reinvestment);INF760K01FY8;INF760K01FX0;1000.8871;;;02-Dec-2018
109349;CANARA ROBECO LIQUID FUND - REGULAR PLAN - DAILY IDCW (Reinvestment);;INF760K01CU3;1005.5000;;;02-Dec-2018
109353;CANARA ROBECO LIQUID FUND - REGULAR PLAN - GROWTH OPTION;INF760K01CW9;;2200.5582;;;02-Dec-2018
109351;CANARA ROBECO LIQUID FUND - REGULAR PLAN - MONTHLY IDCW (Payout/Reinvestment);INF760K01CX7;INF760K01CY5;1000.8853;;;02-Dec-2018
109350;CANARA ROBECO LIQUID FUND - REGULAR PLAN - WEEKLY IDCW (Payout/Reinvestment);INF760K01BZ4;INF760K01CZ2;1000.8849;;;02-Dec-2018
139235;Canara Robeco Liquid Fund -Unclaimed Redemption and Dividend Plan -Direct Growth Option;INF760K01IC8;;1199.0139;;;02-Dec-2018

DSP Mutual Fund
119125;DSP Liquidity Fund - Direct Plan - Growth;INF740K01QL4;;2610.3389;;;02-Dec-2018
119124;DSP Liquidity Fund - Direct Plan - IDCW - Daily;;INF740KA1OB6;1000.9329;;;02-Dec-2018
119123;DSP Liquidity Fund - Direct Plan - IDCW - Weekly;INF740KA1OC4;INF740KA1OD2;1001.5170;;;02-Dec-2018
103347;DSP Liquidity Fund - Regular Plan - Growth;INF740K01FK9;;2596.6865;;;02-Dec-2018
103348;DSP Liquidity Fund - Regular Plan - IDCW - Weekly;INF740K01FM5;INF740K01FL7;1001.5087;;;02-Dec-2018
103349;DSP Liquidity Fund- Regular Plan - IDCW - Daily;;INF740KA1OE0;1000.9329;;;02-Dec-2018

Edelweiss Mutual Fund
140194;Edelweiss Liquid Fund - Direct Plan - Bonus Option;INF754K01GY9;;1365.1617;;;02-Dec-2018
140196;Edelweiss Liquid Fund - Direct Plan - Growth Option;INF754K01GM4;;2346.5105;;;02-Dec-2018
140192;Edelweiss Liquid Fund - Direct Plan Annual - IDCW Option;INF754K01GX1;INF754K01GT9;2346.5069;;;02-Dec-2018
140193;Edelweiss Liquid Fund - Direct Plan daily - IDCW Option;;INF754K01GP7;1002.9603;;;02-Dec-2018
140199;Edelweiss Liquid Fund - Direct Plan Fortnightly - IDCW Option;INF754K01GV5;INF754K01GR3;2172.0467;;;02-Dec-2018
140197;Edelweiss Liquid Fund - Direct Plan Monthly - IDCW Option;INF754K01GW3;INF754K01GS1;1004.4913;;;02-Dec-2018
140195;Edelweiss Liquid Fund - Direct Plan weekly - IDCW Option;INF754K01GU7;INF754K01GQ5;2173.2833;;;02-Dec-2018
140189;Edelweiss Liquid Fund - Regular Plan - Bonus Option;INF754K01HR1;;1358.1776;;;02-Dec-2018
140182;Edelweiss Liquid Fund - Regular Plan - Growth Option;INF754K01GZ6;;2331.6787;;;02-Dec-2018
140190;Edelweiss Liquid Fund - Regular Plan - IDCW Option;INF754K01GK8;INF754K01GL6;2331.6803;;;02-Dec-2018
140188;Edelweiss Liquid Fund - Regular Plan Annual - IDCW Option;INF754K01HQ3;INF754K01HP5;1613.4184;;;02-Dec-2018
140181;Edelweiss Liquid Fund - Regular Plan Daily - IDCW Option;;INF754K01HA7;1002.79;;;02-Dec-2018
140184;Edelweiss Liquid Fund - Regular Plan Fortnightly - IDCW Option;INF754K01HK6;INF754K01HC3;2153.9782;;;02-Dec-2018
140183;Edelweiss Liquid Fund - Regular Plan Monthly - IDCW Option;INF754K01HL4;INF754K01HD1;1004.4748;;;02-Dec-2018
140185;Edelweiss Liquid Fund - Regular Plan Weekly - IDCW Option;INF754K01HJ8;INF754K01HB5;1018.8159;;;02-Dec-2018
140176;Edelweiss Liquid Fund - Retail Plan - Growth Option;INF754K01HE9;;2120.5047;;;02-Dec-2018
140178;Edelweiss Liquid Fund - Retail Plan - Weekly Dividend Option;;INF754K01HG4;1092.8779;;;02-Dec-2018
140177;Edelweiss Liquid Fund - Retail Plan Daily - IDCW Option;;INF754K01HF6;1002.1564;;;02-Dec-2018
140180;Edelweiss Liquid Fund - Retail Plan Monthly - IDCW Option;;INF754K01HI0;1105.7773;;;02-Dec-2018
141159;Edelweiss Liquid Fund - Unclaimed Dividend Plan- Above 3 years;;;1000;;;02-Dec-2018
141161;Edelweiss Liquid Fund - Unclaimed Dividend Plan- Upto 3 years;;;1122.4163;;;02-Dec-2018
141162;Edelweiss Liquid Fund - Unclaimed Redemption Plan- Above 3 years;;;1000;;;02-Dec-2018
141160;Edelweiss Liquid Fund - Unclaimed Redemption Plan- Upto 3 years;;;1122.4252;;;02-Dec-2018

Franklin Templeton Mutual Fund
100541;Franklin India Liquid Fund - Regular Plan - Daily - IDCW;;INF090I01BA3;1512.2956;;;02-Dec-2018
100538;Franklin India Liquid Fund - Regular Plan - Growth;INF090I01BB1;;4276.1132;;;02-Dec-2018
100537;Franklin India Liquid Fund - Regular Plan - Weekly - IDCW;INF090I01BL0;INF090I01BI6;1244.3238;;;02-Dec-2018
118577;Franklin India Liquid Fund - Super Institutional - Direct - Growth;INF090I01JV2;;2730.4695;;;02-Dec-2018
100547;Franklin India Liquid Fund - Super Institutional Plan - Daily - IDCW;;INF090I01BF2;1000.7051;;;02-Dec-2018
118578;Franklin India Liquid Fund - Super Institutional Plan - Direct - Daily - IDCW;INF090I01JW0;;1001.8422;;;02-Dec-2018
118579;Franklin India Liquid Fund - Super Institutional Plan - Direct - Weekly - IDCW;INF090I01JX8;INF090I01JY6;1021.3891;;;02-Dec-2018
100546;Franklin India Liquid Fund - Super Institutional Plan - Growth;INF090I01BG0;;2720.8459;;;02-Dec-2018
100548;Franklin India Liquid Fund - Super Institutional Plan - Weekly - IDCW;INF090I01BM8;INF090I01BH8;1021.1243;;;02-Dec-2018
139890;Franklin India Liquid Fund - Unclaimed IDCW Plan - Growth;INF090I01LP0;;11.5612;;;02-Dec-2018
139889;Franklin India Liquid Fund - Unclaimed Redemption Plan - Growth;INF090I01LO3;;11.5612;;;02-Dec-2018
102441;Franklin India Liquid Fund - Institution-Growth;INF090I01BD7;;2770.2909;;;02-Dec-2018
102443;Franklin India Liquid Fund - Institutional Plan - Daily - IDCW;;INF090I01BC9;1000.6505;;;02-Dec-2018
102442;Franklin India Liquid Fund - Institutional Plan - Weekly - IDCW;INF090I01BJ4;INF090I01BE5;1054.7184;;;02-Dec-2018

Groww Mutual Fund
119135;Groww Liquid Fund ( formerly known as Indiabulls Liquid )Fund - Direct Plan - Growth Option;INF666M01451;;1782.5268;;;02-Dec-2018
119136;Groww Liquid Fund (formerly known as Indiabulls Liquid Fund) - Direct Plan- - Income Distribution cum capital withdrawal Option ( Reinvestment);;INF666M01469;1001.06;;;02-Dec-2018
115991;Groww Liquid Fund (formerly known as Indiabulls Liquid Fund) - Regular Plan - Growth Option;INF666M01014;;1772.3118;;;02-Dec-2018
119138;Groww Liquid Fund (formerly known as Indiabulls Liquid Fund)- Direct Plan- Fortnightly - Income Distribution cum capital withdrawal Option (Payout & Reinvestment);INF666M01501;INF666M01485;1001.7463;;;02-Dec-2018
119139;Groww Liquid Fund (formerly known as Indiabulls Liquid Fund)- Direct Plan- Monthly - Income Distribution cum capital withdrawal Option (Payout & Reinvestment);INF666M01519;INF666M01493;1035.7815;;;02-Dec-2018
119137;Groww Liquid Fund (formerly known as Indiabulls Liquid Fund)- Direct Plan- Weekly - Income Distribution cum capital withdrawal Option (Payout & Reinvestment);INF666M01527;INF666M01477;1001.8284;;;02-Dec-2018
115992;Groww Liquid Fund (formerly known as Indiabulls Liquid Fund)- Regular Plan- - Income Distribution cum capital withdrawal Option (Reinvestment);;INF666M01022;1001.1451;;;02-Dec-2018
115995;Groww Liquid Fund (formerly known as Indiabulls Liquid Fund)- Regular Plan- Monthly - Income Distribution cum capital withdrawal Option (Payout & Reinvestment);INF666M01071;INF666M01055;1007.0237;;;02-Dec-2018
115993;Groww Liquid Fund (formerly known as Indiabulls Liquid Fund)- Regular Plan- Weekly - Income Distribution cum capital withdrawal Option (Payout & Reinvestment);INF666M01089;INF666M01030;1002.8847;;;02-Dec-2018
115994;Groww Liquid Fund (formerly known as Indiabulls Liquid) Fund- Regular Plan- Fortnightly - Income Distribution cum capital withdrawal Option (Payout & Reinvestment);INF666M01063;INF666M01048;1001.6248;;;02-Dec-2018

HDFC Mutual Fund
119091;HDFC Liquid Fund - Growth Option - Direct Plan;INF179KB1HP9;;3591.9485;;;02-Dec-2018
100868;HDFC Liquid Fund - Growth Plan;INF179KB1HK0;;3575.553;;;02-Dec-2018
100875;HDFC Liquid Fund - IDCW Daily;;INF179KB1IC5;1019.82;;;02-Dec-2018
119089;HDFC Liquid Fund - IDCW Daily - Direct Plan;;INF179KB1HV7;1019.82;;;02-Dec-2018
100876;HDFC Liquid Fund - IDCW Monthly;INF179KB1HM6;INF179KB1HL8;1027.555;;;02-Dec-2018
119090;HDFC Liquid Fund - IDCW Monthly - Direct Plan;INF179KB1HO2;INF179KB1HQ7;1027.5719;;;02-Dec-2018
100874;HDFC Liquid Fund - IDCW Plan Weekly;INF179KB1ID3;;1032.2906;;;02-Dec-2018
119088;HDFC Liquid Fund - IDCW Weekly - Direct Plan;;;1032.3067;;;02-Dec-2018
100877;HDFC Liquid Fund-Premium Plan - Dividend-Daily;;INF179K01KN4;1225.98;;;02-Dec-2018
100873;HDFC Liquid Fund-PREMIUM- Growth;INF179KB1HN4;;3648.0241;;;02-Dec-2018

HSBC Mutual Fund
139238;HSBC Cash Fund - Unclaimed Dividend Above 3 years;;;1000;;;02-Dec-2018
139237;HSBC Cash Fund - Unclaimed Dividend Below 3 years;;;1189.4476;;;02-Dec-2018
139239;HSBC Cash Fund - Unclaimed Redemption Above 3 years;;;1000;;;02-Dec-2018
139240;HSBC Cash Fund - Unclaimed Redemption Below 3 years;;;1189.4476;;;02-Dec-2018
120038;HSBC Liquid Fund -  Growth Direct;INF336L01CC8;;1818.3122;;;02-Dec-2018
120037;HSBC Liquid Fund - Direct Daily IDCW;;INF336L01CB0;1000.6485;;;02-Dec-2018
120039;HSBC Liquid Fund - Direct Monthly IDCW;INF336L01BZ1;INF336L01CA2;1039.1663;;;02-Dec-2018
120040;HSBC Liquid Fund - Direct Weekly IDCW;INF336L01LK2;INF336L01CD6;1111.627;;;02-Dec-2018
118907;HSBC Liquid Fund - Growth;INF336L01BL1;;2699.8565;;;02-Dec-2018
118906;HSBC Liquid Fund - IDCW;;INF336L01BK3;1019.3;;;02-Dec-2018
118909;HSBC Liquid Fund - Institutional Daily IDCW;;INF336L01BS6;1343.7731;;;02-Dec-2018
118901;HSBC Liquid Fund - Regular Daily IDCW;;INF336L01BM9;1000.6702;;;02-Dec-2018
118902;HSBC Liquid Fund - Regular Growth;INF336L01BN7;;1812.8917;;;02-Dec-2018
118903;HSBC Liquid Fund - Regular Monthly IDCW;INF336L01BP2;INF336L01BO5;1001.6409;;;02-Dec-2018
118904;HSBC Liquid Fund - Regular Weekly IDCW;INF336L01LJ4;INF336L01BQ0;1111.6164;;;02-Dec-2018
118908;HSBC Liquid Fund - Weekly IDCW;;INF336L01BR8;1002.4621;;;02-Dec-2018

ICICI Prudential Mutual Fund
100357;ICICI Prudential Liquid Fund -Quarterly IDCW;INF109K01UU5;INF109K01UT7;101.7225;;;02-Dec-2018
100359;ICICI Prudential Liquid Institutional Plus Fund - Div - Daily;INF109K01VJ6;;118.5152;;;02-Dec-2018
103343;ICICI Prudential Liquid Fund - Daily IDCW;INF109K01VP3;;100.1482;;;02-Dec-2018
120198;ICICI Prudential Liquid Fund - Direct Plan -  Annual IDCW;INF109K01P99;INF109K01Q07;101.4828;;;02-Dec-2018
120187;ICICI Prudential Liquid Fund - Direct Plan -  Half Yearly IDCW;INF109K01Q56;INF109K01Q64;105.9571;;;02-Dec-2018
120191;ICICI Prudential Liquid Fund - Direct Plan -  IDCW Others;INF109K01Q31;INF109K01Q23;136.1802;;;02-Dec-2018
120188;ICICI Prudential Liquid Fund - Direct Plan - Daily IDCW;;INF109K01Q15;100.1082;;;02-Dec-2018
120197;ICICI Prudential Liquid Fund - Direct Plan - Growth;INF109K01Q49;;269.8836;;;02-Dec-2018
120189;ICICI Prudential Liquid Fund - Direct Plan - Monthly IDCW;INF109K01R06;;100.2514;;;02-Dec-2018
120196;ICICI Prudential Liquid Fund - Direct Plan - Quarterly IDCW;INF109K01Q72;INF109K01Q80;102.4935;;;02-Dec-2018
120190;ICICI Prudential Liquid Fund - Direct Plan - Weekly IDCW;INF109K01Q98;;100.3065;;;02-Dec-2018
130934;ICICI Prudential Liquid Fund - Direct Plan Bonus;INF109KA1G86;;136.5097;;;02-Dec-2018
103340;ICICI Prudential Liquid Fund - Growth;INF109K01VQ1;;268.971;;;02-Dec-2018
104308;ICICI Prudential Liquid Fund - Half Yearly IDCW;INF109K01UX9;INF109K01UW1;104.9107;;;02-Dec-2018
115505;ICICI Prudential Liquid Fund - IDCW Others;INF109K01VU3;INF109K01VT5;135.866;;;02-Dec-2018
103344;ICICI Prudential Liquid Fund - Institutional Option - I;INF109K01VH0;;253.3619;;;02-Dec-2018
139434;ICICI Prudential Liquid Fund - Unclaimed IDCW;INF109KB1WR9;;118.7835;;;02-Dec-2018
139433;ICICI Prudential Liquid Fund - Unclaimed Redemption;INF109KB1WQ1;;118.7835;;;02-Dec-2018
103342;ICICI Prudential Liquid Fund - Weekly IDCW;INF109K01VS7;;100.2802;;;02-Dec-2018
103341;ICICI Prudential Liquid Fund -Monthly IDCW;INF109K01VR9;;100.1266;;;02-Dec-2018
112119;ICICI Prudential Liquid Fund-Annual IDCW;INF109K01VD9;INF109K01VC1;101.4689;;;02-Dec-2018
101748;ICICI Prudential Liquid Fund - Institutional - Daily - Div;INF109K01VE7;;118.5022;;;02-Dec-2018
101754;ICICI Prudential Liquid Fund Retail Daily Dividend;INF109K01UR1;;118.5142;;;02-Dec-2018
101750;ICICI Prudential Liquid Fund Retail Growth;INF109K01UQ3;;414.9282;;;02-Dec-2018
101755;ICICI Prudential Liquid Fund Retail Monthly Dividend;INF109K01US9;;100.1657;;;02-Dec-2018
101752;ICICI Prudential Liquid Fund Retail Weekly Dividend;INF109K01UV3;;118.9608;;;02-Dec-2018
101751;ICICI Prudential Liquid Institutional Fund - Growth;INF109K01VF4;;425.5599;;;02-Dec-2018

IDBI Mutual Fund
126163;IDBI Liquid Fund Bonus Direct;INF397L01FP5;;1463.9926;;;02-Dec-2018
126164;IDBI Liquid Fund Bonus Regular;INF397L01FO8;;1457.2687;;;02-Dec-2018
118345;IDBI Liquid Fund Growth Direct;INF397L01AH3;;1955.0140;;;02-Dec-2018
113104;IDBI Liquid Fund- Monthly IDCW;INF397L01976;INF397L01968;1004.9167;;;02-Dec-2018
118449;IDBI Liquid Fund- Monthly IDCW Direct;INF397L01AK7;INF397L01AJ9;1003.3750;;;02-Dec-2018
113102;IDBI Liquid Fund-Daily IDCW;;INF397L01935;1005.2683;;;02-Dec-2018
118450;IDBI Liquid Fund-Daily IDCW Direct;;INF397L01AI1;1002.3548;;;02-Dec-2018
113096;IDBI Liquid Fund-Growth;INF397L01984;;1943.0191;;;02-Dec-2018
113103;IDBI Liquid Fund-Weekly IDCW;INF397L01950;INF397L01943;1023.0085;;;02-Dec-2018
118451;IDBI Liquid Fund-Weekly IDCW Direct;INF397L01AM3;INF397L01AL5;1002.8808;;;02-Dec-2018

Invesco Mutual Fund
122786;Invesco India Liquid Fund - Bonus Option;INF205K01UX5;;2502.2407;;;02-Dec-2018
104484;Invesco India Liquid Fund - Daily IDCW (Reinvestment);;INF205K01HN3;1001.7798;;;02-Dec-2018
120537;Invesco India Liquid Fund - Direct Plan - Growth;INF205K01MF9;;2512.1598;;;02-Dec-2018
120536;Invesco India Liquid Fund - Direct Plan - Monthly IDCW (Payout / Reinvestment);INF205K01MG7;INF205K01MH5;1028.1233;;;02-Dec-2018
120535;Invesco India Liquid Fund - Direct Plan - Weekly IDCW (Reinvestment);INF205KA1BE5;INF205K01MI3;1001.7376;;;02-Dec-2018
120534;Invesco India Liquid Fund - Direct Plan- Daily IDCW (Reinvestment);;INF205K01ME2;1000.79;;;02-Dec-2018
104486;Invesco India Liquid Fund - Growth;INF205K01HM5;;2502.1706;;;02-Dec-2018
104492;Invesco India Liquid Fund - Monthly IDCW (Payout / Reinvestment);INF205K01HQ6;INF205K01HP8;1003.5439;;;02-Dec-2018
104488;Invesco India Liquid Fund - Regular - Growth;INF205K01HG7;;2294.2028;;;02-Dec-2018
104489;Invesco India Liquid Fund - Regular - Weekly IDCW (Reinvestment);;INF205K01HH5;1002.2641;;;02-Dec-2018
139389;Invesco India Liquid Fund - Unclaimed Dividend Plan - Below 3 Years;;;1190.4646;;;02-Dec-2018
139387;Invesco India Liquid Fund - Unclaimed Redemption Plan - Below 3 years;;;1190.424;;;02-Dec-2018
104485;Invesco India Liquid Fund - Weekly IDCW (Reinvestment);INF205KA1BD7;INF205K01HO1;1003.9198;;;02-Dec-2018

JM Financial Mutual Fund
120410;JM Liquid Fund (Direct) - Bonus Option - Bonus Option - Principal units;INF192K01CN4;;16.0639;;;02-Dec-2018
120411;JM Liquid Fund (Direct) - Daily IDCW;;INF192K01CH6;10.4302;;;02-Dec-2018
120406;JM Liquid Fund (Direct) - Growth Option;INF192K01CM6;;49.9702;;;02-Dec-2018
120408;JM Liquid Fund (Direct) - Quarterly IDCW;INF192K01CK0;INF192K01CL8;28.3701;;;02-Dec-2018
120407;JM Liquid Fund (Direct) - Weekly IDCW;INF192K01CI4;INF192K01CJ2;11.0169;;;02-Dec-2018
100244;JM Liquid Fund (Regular) - Quarterly IDCW;INF192K01866;INF192K01874;28.1515;;;02-Dec-2018
100247;JM Liquid Fund (Regular) - Super Institutional Plan - Growth Option;INF192K01981;;28.5998;;;02-Dec-2018
100233;JM Liquid Fund (Regular) - Weekly IDCW;INF192K01841;INF192K01858;11.0143;;;02-Dec-2018
100234;JM Liquid Fund - Growth Option;INF192K01882;;49.7369;;;02-Dec-2018
139258;JM Liquid Fund Unclaimed Dividend (Direct) Growth Plan;INF192K01LB0;;49.9722;;;02-Dec-2018
139260;JM Liquid Fund Unclaimed Dividend IEF (Direct) Growth Plan;INF192K01LD6;;41.4437;;;02-Dec-2018
139257;JM Liquid Fund Unclaimed Redemption (Direct) Growth Plan;INF192K01LA2;;49.9722;;;02-Dec-2018
139259;JM Liquid Fund Unclaimed Redemption IEF (Direct) Growth Plan;INF192K01LC8;;41.4437;;;02-Dec-2018
101549;JM Liquid Fund (Regular) - Bonus Option - Principal Units;INF192K01890;;15.9258;;;02-Dec-2018
101078;JM Liquid Fund (Regular) - Daily IDCW;;INF192K01833;10.4302;;;02-Dec-2018

Kotak Mahindra Mutual Fund
119764;Kotak Liquid Fund - Direct Plan - Daily Reinvestment of Income Distribution cum capital withdrawal option;;INF174K01NH1;1222.81;;;02-Dec-2018
119766;Kotak Liquid Fund - Direct Plan - Growth;INF174K01NE8;;3696.1448;;;02-Dec-2018
100833;Kotak Liquid Fund - Regular  - Daily Reinvestment of Income Distribution cum capital withdrawal option;;INF174K01NL3;1222.81;;;02-Dec-2018
100835;Kotak Liquid Fund - Regular Plan - Growth;INF174K01NI9;;3685.3876;;;02-Dec-2018
119765;Kotak Liquid Fund - Weekly  Payout of Income Distribution cum capital withdrawal option - Direct;INF174K01NF5;INF174K01NG3;1006.3576;;;02-Dec-2018
100834;Kotak Liquid Fund Regular Plan Weekly Reinvestment of Income Distribution cum capital withdrawal option Dividend;INF174K01NK5;;1001.2476;;;02-Dec-2018

L&T Mutual Fund
122235;L&T Liquid Fund - Direct Plan - Weekly IDCW;;INF917K01HE2;1001.6817;;;02-Dec-2018
119791;L&T Liquid Fund - Direct Plan -Daily IDCW;INF917K01HG7;;1012.8887;;;02-Dec-2018
119790;L&T Liquid Fund - Direct Plan -Growth;INF917K01HF9;;2502.2362;;;02-Dec-2018
112458;L&T Liquid Fund - Regular Plan - Weekly IDCW;INF917K01BK2;INF917K01JG3;1002.8596;;;02-Dec-2018
112445;L&T Liquid Fund -Regular Plan - Daily IDCW;INF917K01JB4;;1011.7794;;;02-Dec-2018
112457;L&T Liquid Fund -Regular Plan - Growth;INF917K01JH1;;2493.8591;;;02-Dec-2018

LIC Mutual Fund
120248;LIC MF Liquid Fund-Direct Plan-Daily IDCW;INF767K01DL5;INF767K01DM3;1098;;;02-Dec-2018
120249;LIC MF Liquid Fund-Direct Plan-Growth;INF767K01DN1;;3308.7509;;;02-Dec-2018
101184;LIC MF Liquid Fund-Regular Plan-Daily IDCW;INF767K01IQ3;INF767K01IR1;1098;;;02-Dec-2018
101185;LIC MF Liquid Fund-Regular Plan-Growth;INF767K01IS9;;3289.1261;;;02-Dec-2018

Mahindra Manulife Mutual Fund
139535;Mahindra Manulife Liquid Fund - Direct Plan - Daily IDCW;;INF174V01051;1000.3285;;;02-Dec-2018
139536;Mahindra Manulife Liquid Fund - Direct Plan - Weekly IDCW;;INF174V01069;1003.5711;;;02-Dec-2018
139538;Mahindra Manulife Liquid Fund - Direct Plan -Growth;INF174V01044;;1181.9983;;;02-Dec-2018
139534;Mahindra Manulife Liquid Fund - Regular Plan - Daily IDCW;;INF174V01028;1000.3285;;;02-Dec-2018
139537;Mahindra Manulife Liquid Fund - Regular Plan - Growth;INF174V01010;;1177.9826;;;02-Dec-2018
139541;Mahindra Manulife Liquid Fund - Regular Plan - Weekly IDCW;;INF174V01036;1009.9836;;;02-Dec-2018
139539;Mahindra Manulife Liquid Fund - Unclaimed Redemption / IDCW Upto three years;;;1049.8435;;;02-Dec-2018

Mirae Asset Mutual Fund
118859;Mirae Asset Liquid Fund - Direct Plan - Growth;INF769K01CM1;;1925.3611;;;02-Dec-2018
118862;Mirae Asset Liquid Fund - Direct Plan - Weekly IDCW;INF769K01PD2;INF769K01CP4;1217.1766;;;02-Dec-2018
118861;Mirae Asset Liquid Fund - Direct Plan -Daily IDCW;;INF769K01CO7;1075.8332;;;02-Dec-2018
118860;Mirae Asset Liquid Fund - Direct Plan -Monthly IDCW;INF769K01CN9;INF769K01CQ2;1136.0283;;;02-Dec-2018
111647;Mirae Asset Liquid Fund - Regular - Daily IDCW;;INF769K01804;1066.4347;;;02-Dec-2018
111646;Mirae Asset Liquid Fund - Regular Plan - Growth;INF769K01788;;1904.6222;;;02-Dec-2018
111645;Mirae Asset Liquid Fund - Regular Plan - Monthly IDCW;INF769K01838;INF769K01820;1153.6876;;;02-Dec-2018
111644;Mirae Asset Liquid Fund - Regular Plan - Weekly IDCW;INF769K01PC4;INF769K01812;1153.4652;;;02-Dec-2018

Navi Mutual Fund
119163;Navi Liquid Fund - Direct Plan Daily IDCW - ReInvestment;;INF959L01GK1;1001.2900;;;02-Dec-2018
119161;Navi Liquid Fund - Direct Plan Monthly IDCW - Payout;INF959L01GG9;INF959L01GH7;1001.6815;;;02-Dec-2018
119162;Navi Liquid Fund - Direct Plan Weekly IDCW - Payout;INF959L01GI5;INF959L01GJ3;1001.6916;;;02-Dec-2018
112645;Navi Liquid Fund - Regular Plan Daily IDCW;;INF959L01GM7;1001.2900;;;02-Dec-2018
112647;Navi Liquid Fund - Regular Plan Monthly IDCW;INF959L01GN5;INF959L01GO3;1001.6759;;;02-Dec-2018
112646;Navi Liquid Fund - Regular Plan Weekly IDCW;INF959L01GP0;INF959L01GQ8;1001.7142;;;02-Dec-2018
119164;Navi Liquid Fund-Direct Plan-Growth Option;INF959L01GF1;;2011.4423;;;02-Dec-2018
112636;Navi Liquid Fund-Regular Plan-Growth Option;INF959L01GL9;;2000.9931;;;02-Dec-2018
140437;Navi Liquid Fund-Unclaimed Redemption and Dividend Plan greater than 3 years;INF959L01CO2;;1000.0000;;;02-Dec-2018
139386;Navi Liquid Fund-Unclaimed Redemption and Dividend Plan less than 3 years;INF959L01CN4;;2004.9249;;;02-Dec-2018

Nippon India Mutual Fund
100852;NIPPON INDIA LIQUID FUND - DAILY IDCW OPTION;;INF204K01UM1;1528.7400;;;02-Dec-2018
118695;NIPPON INDIA LIQUID FUND - DIRECT Plan - DAILY IDCW OPTION;;INF204K01ZG2;1528.7400;;;02-Dec-2018
118696;NIPPON INDIA LIQUID FUND - DIRECT Plan - MONTHLY IDCW OPTION;INF204K01ZI8;INF204K01ZJ6;1590.7845;;;02-Dec-2018
118698;NIPPON INDIA LIQUID FUND - DIRECT Plan - QUARTERLY IDCW OPTION;INF204K01ZK4;INF204K01ZL2;1021.8458;;;02-Dec-2018
118700;NIPPON INDIA LIQUID FUND - DIRECT Plan - WEEKLY IDCW OPTION;INF204KC1FN6;INF204K01ZM0;1530.9317;;;02-Dec-2018
118701;Nippon India Liquid Fund - Direct Plan Growth Plan - Growth Option;INF204K01ZH0;;4453.0602;;;02-Dec-2018
100855;NIPPON INDIA LIQUID FUND - MONTHLY IDCW OPTION;INF204K01UO7;INF204K01UP4;1587.4516;;;02-Dec-2018
112340;NIPPON INDIA LIQUID FUND - QUARTERLY IDCW OPTION;INF204K01UQ2;INF204K01UR0;1019.3872;;;02-Dec-2018
100837;Nippon India Liquid Fund - Retail Option - Growth Plan;INF204K01UL3;;4091.5138;;;02-Dec-2018
100842;NIPPON INDIA LIQUID FUND - RETAIL Plan - DAILY IDCW OPTION;;INF204K01UJ7;1524.2800;;;02-Dec-2018
100843;NIPPON INDIA LIQUID FUND - RETAIL plan - MONTHLY IDCW OPTION;INF204K01UT6;INF204K01UU4;1329.2751;;;02-Dec-2018
100844;NIPPON INDIA LIQUID FUND - RETAIL Plan - QUARTERLY IDCW OPTION;INF204K01UV2;INF204K01UW0;1232.9611;;;02-Dec-2018
100838;NIPPON INDIA LIQUID FUND - RETAIL Plan - WEEKLY IDCW OPTION;;INF204K01UK5;1034.5418;;;02-Dec-2018
100853;NIPPON INDIA LIQUID FUND - WEEKLY IDCW OPTION;INF204KC1FM8;INF204K01US8;1530.9253;;;02-Dec-2018
100851;Nippon India Liquid Fund -Growth Plan;INF204K01UN9;;4432.0769;;;02-Dec-2018

PGIM India Mutual Fund
138306;PGIM India INSTA CASH FUND - Annual Bonus Option;INF223J01WV0;;140.4103;;;02-Dec-2018
138305;PGIM India Insta Cash Fund - Direct Plan -  Annual Bonus Option;INF223J01WW8;;143.3261;;;02-Dec-2018
138296;PGIM India Insta Cash Fund - Direct Plan - Annual Dividend;INF223J01NO4;INF223J01NP1;138.045;;;02-Dec-2018
138300;PGIM India Insta Cash Fund - Direct Plan - Quarterly Dividend;INF223J01NX5;;145.6619;;;02-Dec-2018
138294;PGIM India Insta Cash Fund - Quarterly Dividend Option;INF223J01IN6;INF223J01IO4;143.7423;;;02-Dec-2018
139603;PGIM India Insta Cash Fund - Unclaimed Dividend Plan - Below 3 years;;;116.4031;;;02-Dec-2018
139604;PGIM India Insta Cash Fund - Unclaimed Redemption Plan - Above 3 years;;;100.0385;;;02-Dec-2018
139605;PGIM India Insta Cash Fund - Unclamied Dividend Plan - Above 3 years;;;100.0385;;;02-Dec-2018
139602;PGIM India Insta Cash Fund - Unlcaimed Redemption Plan - Below 3 years;;;116.2675;;;02-Dec-2018
138292;PGIM India Insta Cash Fund- Annual Dividend Option;INF223J01IP1;INF223J01IQ9;138.0903;;;02-Dec-2018
138278;PGIM India Insta Cash Fund-DIVIDEND-WEEKLY DIVIDEND;INF223J01BN1;;10.3549;;;02-Dec-2018
138283;PGIM India Insta Cash Fund-Institutional Plan-Daily Dividend;INF223J01BA8;;10.0516;;;02-Dec-2018
138282;PGIM India Insta Cash Fund-Institutional Plan-Growth;INF223J01BB6;;25.0678;;;02-Dec-2018
138304;PGIM India INSTA CASH FUND-Monthly Bonus Option;INF223J01VD0;;134.4912;;;02-Dec-2018
138286;PGIM India Liquid Fund - Bonus Option;INF223J01BQ4;;161.4887;;;02-Dec-2018
138285;PGIM India Liquid Fund - Daily Dividend;;INF223J01BO9;100.304;;;02-Dec-2018
138297;PGIM India Liquid Fund - Direct Plan - Daily Dividend;INF223J01NR7;;100.304;;;02-Dec-2018
138299;PGIM India Liquid Fund - Direct Plan - Growth;INF223J01NS5;;237.1357;;;02-Dec-2018
138298;PGIM India Liquid Fund - Direct Plan - Monthly Dividend;INF223J01NT3;INF223J01NU1;107.1497;;;02-Dec-2018
138301;PGIM India Liquid Fund - Direct Plan - Weekly Dividend;INF223J01NV9;INF223J01NW7;100.5451;;;02-Dec-2018
138288;PGIM India Liquid Fund - Growth;INF223J01BP6;;236.2181;;;02-Dec-2018
138287;PGIM India Liquid Fund - Monthly Dividend;INF223J01BL5;;107.4347;;;02-Dec-2018
138289;PGIM India Liquid Fund - Weekly Dividend;INF223J01BU6;;100.5448;;;02-Dec-2018
138280;PGIM India Liquid Fund-DIVIDEND-Daily Dividend;;INF223J01BI1;10.301;;;02-Dec-2018
138281;PGIM India Liquid Fund-Growth-GROWTH;INF223J01BJ9;;26.4338;;;02-Dec-2018

PPFAS Mutual Fund
143263;Parag Parikh Liquid Fund- Direct Plan- Daily Reinvestment of IDCW;;INF879O01118;1000.2000;;;02-Dec-2018
143269;Parag Parikh Liquid Fund- Direct Plan- Growth;INF879O01068;;1036.2277;;;02-Dec-2018
143262;Parag Parikh Liquid Fund- Direct Plan- Monthly IDCW;INF879O01076;INF879O01084;1004.0472;;;02-Dec-2018
143265;Parag Parikh Liquid Fund- Direct Plan- Weekly Reinvestment of IDCW;;INF879O01134;1002.0450;;;02-Dec-2018
143264;Parag Parikh Liquid Fund- Regular Plan- Daily Reinvestment of IDCW;;INF879O01126;1000.2000;;;02-Dec-2018
143260;Parag Parikh Liquid Fund- Regular Plan- Growth;INF879O01035;;1035.5273;;;02-Dec-2018
143261;Parag Parikh Liquid Fund- Regular Plan- Monthly IDCW;INF879O01043;INF879O01050;1004.0313;;;02-Dec-2018
143266;Parag Parikh Liquid Fund- Regular Plan- Weekly Reinvestment of IDCW;;INF879O01142;1002.0288;;;02-Dec-2018

Principal Mutual Fund
100895;Principal Cash Management Fund - Daily Income Distribution CUM Capital Withdrawal;;INF173K01DB7;931.1110;;;02-Dec-2018
119468;Principal Cash Management Fund - Direct Plan - Growth Option;INF173K01GU0;;1626.3871;;;02-Dec-2018
119467;Principal Cash Management Fund - Direct Plan - Income Distribution CUM Capital Withdrawal Option - Daily;;INF173K01GT2;931.1060;;;02-Dec-2018
119469;Principal Cash Management Fund - Direct Plan - Income Distribution CUM Capital Withdrawal Option - Weekly;;INF173K01GY2;937.1710;;;02-Dec-2018
100897;Principal Cash Management Fund - Monthly Income Distribution CUM Capital Withdrawal Option;INF173K01BV9;INF173K01BW7;955.5742;;;02-Dec-2018
100896;Principal Cash Management Fund - Weekly Income Distribution CUM Capital Withdrawal Option;;INF173K01DC5;936.5167;;;02-Dec-2018
119466;Principal Cash Management Fund -Direct Plan - Income Distribution CUM Capital Withdrawal Option - Monthly;INF173K01GV8;INF173K01GW6;955.8605;;;02-Dec-2018
100898;Principal Cash Management Fund -Growth Option;INF173K01DA9;;1618.8736;;;02-Dec-2018

quant Mutual Fund
120837;quant Liquid Fund - Growth Option - Direct Plan;INF966L01820;;28.6004;;;02-Dec-2018
103225;quant Liquid Fund - Growth Option - Regular Plan;INF966L01317;;28.4019;;;02-Dec-2018
120838;quant Liquid Fund - Monthly IDCW Option - Direct Plan;INF966L01796;INF966L01812;15.3078;;;02-Dec-2018
103228;quant Liquid Fund - Monthly IDCW Option - Regular Plan;INF966L01291;INF966L01309;15.1535;;;02-Dec-2018
120839;quant Liquid Fund - Weekly IDCW Option - Direct Plan;INF966L01788;INF966L01804;14.1022;;;02-Dec-2018
103227;quant Liquid Fund - Weekly IDCW Option - Regular Plan;INF966L01499;INF966L01283;13.7091;;;02-Dec-2018
120836;quant Liquid Fund-Daily IDCW Option - Direct Plan;;INF966L01770;13.8519;;;02-Dec-2018
103226;quant Liquid Fund-Daily IDCW Option - Regular Plan;;INF966L01275;13.7201;;;02-Dec-2018

Quantum Mutual Fund
103736;Quantum Liquid Fund - Direct Plan Daily IDCW;;INF082J01135;10.0094;;;02-Dec-2018
103734;Quantum Liquid Fund - Direct Plan Growth Option;INF082J01127;;24.9387;;;02-Dec-2018
103735;Quantum Liquid Fund - Direct Plan Monthly IDCW;INF082J01143;INF082J01200;10.0184;;;02-Dec-2018
141065;Quantum Liquid Fund - Regular Plan Daily IDCW;;INF082J01317;10.0042;;;02-Dec-2018
141066;Quantum Liquid Fund - Regular Plan Growth Option;INF082J01309;;24.9163;;;02-Dec-2018
141067;Quantum Liquid Fund - Regular Plan Monthly IDCW;INF082J01325;INF082J01333;10.0180;;;02-Dec-2018

SBI Mutual Fund
119804;SBI Liquid Fund - Direct Paln - Fortnightly Income Distribution cum Capital Withdrawal Option (IDCW);INF200K01UR8;INF200K01US6;1012.0619;;;02-Dec-2018
119805;SBI Liquid Fund - Direct Plan - Daily Income Distribution cum Capital Withdrawal Option (IDCW);;INF200K01UQ0;1003.2500;;;02-Dec-2018
119799;SBI Liquid Fund - Direct Plan - Weekly Income Distribution cum Capital Withdrawal Option (IDCW);INF200K01UU2;INF200K01UV0;1061.2726;;;02-Dec-2018
119800;SBI Liquid Fund - DIRECT PLAN -Growth;INF200K01UT4;;2859.5506;;;02-Dec-2018
105274;SBI Liquid Fund - Institutional - Growth;INF200K01LU1;;2875.1933;;;02-Dec-2018
105275;SBI Liquid Fund - Institutional Daily Income Distribution cum Capital Withdrawal Option (IDCW);;INF200K01LR7;1003.2500;;;02-Dec-2018
105279;SBI Liquid Fund - Institutional Fortnightly Income Distribution cum Capital Withdrawal Option (IDCW);INF200K01LS5;INF200K01LT3;1023.3659;;;02-Dec-2018
105278;SBI Liquid Fund - Institutional Weekly Income Distribution cum Capital Withdrawal Option (IDCW);INF200K01LV9;INF200K01LW7;1060.5602;;;02-Dec-2018
105281;SBI Liquid Fund - Regular Plan - Daily Income Distribution cum Capital Withdrawal Option (IDCW);;INF200K01LX5;1003.2500;;;02-Dec-2018
105283;SBI Liquid Fund - Regular Plan - Fortnightly Income Distribution cum Capital Withdrawal Option (IDCW);INF200K01LY3;INF200K01LZ0;1012.0592;;;02-Dec-2018
105282;SBI Liquid Fund - Regular Plan - Weekly Income Distribution cum Capital Withdrawal Option (IDCW);INF200K01MB9;INF200K01MC7;1061.2697;;;02-Dec-2018
105280;SBI Liquid Fund - REGULAR PLAN -Growth;INF200K01MA1;;2848.3356;;;02-Dec-2018

Sundaram Mutual Fund
119690;Sundaram Money Fund Direct Plan - Bonus;INF903J01RL8;;13.7681;;;02-Dec-2018
119688;Sundaram Money Fund Direct Plan - Daily Reinvestment of Income Distribution cum Capital Withdrawal (IDCW);;INF903J01QA3;10.1025;;;02-Dec-2018
119692;Sundaram Money Fund Direct Plan - Fortnightly Reinvestment of Income Distribution cum Capital Withdrawal (IDCW);;INF903J01QB1;26.0647;;;02-Dec-2018
119686;Sundaram Money Fund Direct Plan - Growth;INF903J01QF2;;38.4712;;;02-Dec-2018
119687;Sundaram Money Fund Direct Plan - Monthly Income Distribution cum Capital Withdrawal (IDCW);INF903J01QC9;INF903J01QD7;10.7038;;;02-Dec-2018
119689;Sundaram Money Fund Direct Plan - Quarterly Reinvestment of Income Distribution cum Capital Withdrawal (IDCW);;INF903J01QE5;36.5989;;;02-Dec-2018
119691;Sundaram Money Fund Direct Plan - Weekly Reinvestment of Income Distribution cum Capital Withdrawal (IDCW);;INF903J01QG0;11.8089;;;02-Dec-2018
102701;Sundaram Money Fund Institutional Plan - Daily Reinvestment of Income Distribution cum Capital Withdrawal (IDCW);;INF903J01GP2;10.0953;;;02-Dec-2018
102703;Sundaram Money Fund Institutional Plan - Growth;INF903J01GN7;;37.3472;;;02-Dec-2018
118328;Sundaram Money Fund Regular Plan - Bonus;INF903J01MB0;;13.6895;;;02-Dec-2018
103392;Sundaram Money Fund Regular Plan - Daily Reinvestment of Income Distribution cum Capital Withdrawal (IDCW);;INF903J01GW8;10.0953;;;02-Dec-2018
103395;Sundaram Money Fund Regular Plan - Fortnightly Reinvestment of Income Distribution cum Capital Withdrawal (IDCW);;INF903J01GY4;11.0270;;;02-Dec-2018
103397;Sundaram Money Fund Regular Plan - Growth;INF903J01GU2;;38.2970;;;02-Dec-2018
103396;Sundaram Money Fund Regular Plan - Monthly Income Distribution cum Capital Withdrawal (IDCW);INF903J01GV0;INF903J01GZ1;10.5606;;;02-Dec-2018
103393;Sundaram Money Fund Regular Plan - Quarterly Reinvestment of Income Distribution cum Capital Withdrawal (IDCW);;INF903J01HA2;36.4746;;;02-Dec-2018
100620;Sundaram Money Fund Retail Plan - Daily Reinvestment of Income Distribution cum Capital Withdrawal (IDCW);;INF903J01GI7;10.0953;;;02-Dec-2018
100622;Sundaram Money Fund Retail Plan - Fortnightly Reinvestment of Income Distribution cum Capital Withdrawal (IDCW);;INF903J01GK3;11.0091;;;02-Dec-2018
100618;Sundaram Money Fund Retail Plan - Growth;INF903J01GG1;;35.7905;;;02-Dec-2018
100623;Sundaram Money Fund Retail Plan - Monthly Income Distribution cum Capital Withdrawal (IDCW);INF903J01GH9;INF903J01GL1;10.5738;;;02-Dec-2018
100619;Sundaram Money Fund Retail Plan - Quarterly Reinvestment of Income Distribution cum Capital Withdrawal (IDCW);;INF903J01GM9;12.4696;;;02-Dec-2018
100621;Sundaram Money Fund Retail Plan - Weekly Reinvestment of Income Distribution cum Capital Withdrawal (IDCW);;INF903J01GJ5;11.7448;;;02-Dec-2018
140006;Sundaram Money Fund Unclaimed Amount Plan - Unclaimed Dividend Less Than Three Years;INF903JA1567;;11.5122;;;02-Dec-2018
140005;Sundaram Money Fund Unclaimed Amount Plan - Unclaimed Dividend More Than Three Years;INF903JA1575;;10.0000;;;02-Dec-2018
140003;Sundaram Money Fund Unclaimed Amount Plan - Unclaimed Redemption Less Than Three Years;INF903JA1542;;11.5208;;;02-Dec-2018
140004;Sundaram Money Fund Unclaimed Amount Plan - Unclaimed Redemption More Than Three Years;INF903JA1559;;10.0000;;;02-Dec-2018
103394;Sundaram Money Fund Regular Plan - Weekly Reinvestment of Income Distribution cum Capital Withdrawal (IDCW);;INF903J01GX6;11.7882;;;02-Dec-2018

Tata Mutual Fund
102672;Tata Liquid Fund -Regular Plan - Growth Option;INF277K01YD8;;2862.4679;;;02-Dec-2018
119862;Tata Liquid Fund- Direct Plan - Daily Reinvestment of IDCW Option;;INF277K012D2;1001.5187;;;02-Dec-2018
119861;Tata Liquid Fund- Direct Plan-Growth Option;INF277K01YE6;;2875.4549;;;02-Dec-2018
101714;Tata Liquid Fund- Regular Plan - Daily Reinvestment of IDCW Option;;INF277K011D4;1001.5157;;;02-Dec-2018

Taurus Mutual Fund
111915;Taurus Liquid Fund - Regular Plan - SI Growth Option;INF044D01534;;1826.6420;;;02-Dec-2018
113248;Taurus Liquid Fund - Regular Plan - SI Weekly Dividend Option;;INF044D01526;1000.7703;;;02-Dec-2018
111703;Taurus Liquid Fund - Regular Plan -SI Daily Dividend Option;;INF044D01518;1000.7587;;;02-Dec-2018
118891;Taurus Liquid Fund-Direct Plan-SI Daily Dividend Option;;INF044D01DI0;1000.7587;;;02-Dec-2018
118893;Taurus Liquid Fund-Direct Plan-SI Growth Option;INF044D01DK6;;1834.7965;;;02-Dec-2018
118892;Taurus Liquid Fund-Direct Plan-SI Weekly Dividend Option;;INF044D01DJ8;1001.2441;;;02-Dec-2018
104240;Taurus Liquid Fund-Dividend;INF044D01542;INF044D01559;1001.2352;;;02-Dec-2018
104241;Taurus Liquid Fund-Growth;INF044D01575;;2139.6035;;;02-Dec-2018

Union Mutual Fund
115401;Union Liquid Fund - Daily IDCW Option;;INF582M01021;981.5084;;;02-Dec-2018
119301;Union Liquid Fund - Direct Plan - Daily IDCW Option;;INF582M01682;981.8551;;;02-Dec-2018
119305;Union Liquid Fund - Direct Plan - Fortnightly IDCW Option;INF582M01724;INF582M01708;981.9309;;;02-Dec-2018
119303;Union Liquid Fund - Direct Plan - Growth Option;INF582M01674;;1758.3761;;;02-Dec-2018
119302;Union Liquid Fund - Direct Plan - Monthly IDCW Option;INF582M01732;INF582M01716;984.6132;;;02-Dec-2018
119304;Union Liquid Fund - Direct Plan - Weekly IDCW Option;;INF582M01690;982.0734;;;02-Dec-2018
115399;Union Liquid Fund - Fortnightly IDCW Option;INF582M01062;INF582M01047;981.7994;;;02-Dec-2018
115398;Union Liquid Fund - Growth Option;INF582M01013;;1748.4147;;;02-Dec-2018
115400;Union Liquid Fund - Monthly IDCW Option;INF582M01070;INF582M01054;984.3542;;;02-Dec-2018
142345;Union Liquid Fund - Unclaimed Amounts Plan - IDCW Beyond 3 years;;;980.1655;;;02-Dec-2018
142344;Union Liquid Fund - Unclaimed Amounts Plan - IDCW Upto 3 years;;;1024.2828;;;02-Dec-2018
142343;Union Liquid Fund - Unclaimed Amounts Plan - Redemption Beyond 3 years;;;980.2234;;;02-Dec-2018
142342;Union Liquid Fund - Unclaimed Amounts Plan - Redemption Upto 3 years;;;1024.2710;;;02-Dec-2018
115402;Union Liquid Fund - Weekly IDCW Option;;INF582M01039;981.8338;;;02-Dec-2018

UTI Mutual Fund
134427;UTI Liquid Fund - Direct Plan - Annual IDCW;INF789FA1K63;INF789FA1K71;1313.9555;;;02-Dec-2018
120558;UTI Liquid Fund - Direct Plan - Daily IDCW (Reinvestment);;INF789F01XP8;1019.4457;;;02-Dec-2018
141768;UTI Liquid Fund - Direct Plan - Flexi IDCW;INF789FA1K89;INF789FA1K97;1082.2129;;;02-Dec-2018
140913;UTI Liquid Fund - Direct Plan - Fortnightly IDCW;INF789FA1K06;INF789FA1K14;1156.2326;;;02-Dec-2018
140504;UTI Liquid Fund - Direct Plan - Half-Yearly IDCW;INF789FA1K48;INF789FA1K55;1026.354;;;02-Dec-2018
120794;UTI Liquid Fund - Direct Plan - Monthly IDCW;INF789F01XR4;INF789F01XS2;1031.7349;;;02-Dec-2018
140024;UTI Liquid Fund - Direct Plan - Quarterly IDCW;INF789FA1K22;INF789FA1K30;1240.9542;;;02-Dec-2018
120777;UTI Liquid Fund - Direct Plan - Weekly IDCW;;INF789F01XT0;1053.8112;;;02-Dec-2018
133973;UTI Liquid Fund - Regular Plan - Annual IDCW;INF789FA1J66;INF789FA1J74;1313.0204;;;02-Dec-2018
102010;UTI Liquid Fund - Regular Plan - Daily IDCW (Reinvestment);;INF789F01PG3;1019.4457;;;02-Dec-2018
140517;UTI Liquid Fund - Regular Plan - Flexi IDCW;INF789FA1J82;INF789FA1J90;1082.153;;;02-Dec-2018
139838;UTI Liquid Fund - Regular Plan - Fortnightly IDCW;INF789FA1J09;INF789FA1J17;1155.4035;;;02-Dec-2018
144475;UTI Liquid Fund - Regular Plan - Half-Yearly IDCW;INF789FA1J41;INF789FA1J58;1026.2734;;;02-Dec-2018
102011;UTI Liquid Fund - Regular Plan - Monthly IDCW;INF789F01PI9;INF789F01PJ7;1031.6823;;;02-Dec-2018
135721;UTI Liquid Fund - Regular Plan - Quarterly IDCW;INF789FA1J25;INF789FA1J33;1239.7295;;;02-Dec-2018
102013;UTI Liquid Fund - Regular Plan - Weekly IDCW;;INF789F01PK5;1053.8025;;;02-Dec-2018
120304;UTI-  Liquid Cash Plan - Direct Plan - Growth Option;INF789F01XQ6;;2987.6964;;;02-Dec-2018
102012;UTI-  Liquid Cash Plan - Regular Plan - Growth Option;INF789F01PH1;;2977.7223;;;02-Dec-2018
102008;UTI-  Liquid Cash Plan- Discontinued - Regular Plan - Monthly Dividend Option;INF789F01BC2;INF789F01BA6;1181.5727;;;02-Dec-2018
102009;UTI-  Liquid Cash Plan- Discontinued - Regular Plan -Growth;INF789F01BB4;;2788.6825;;;02-Dec-2018
102007;UTI-  Liquid Cash Plan- Discontinued -Regular Plan Periodic Dividend Option;;INF789F01AZ5;1138.2387;;;02-Dec-2018

Open Ended Schemes ( Other Scheme - Other  ETFs )


DSP Mutual Fund
142589;DSP NIFTY 1D Rate Liquid ETF;;INF740KA1EU7;1000.0000;;;02-Dec-2018

ICICI Prudential Mutual Fund
144947;ICICI Prudential BSE Liquid Rate ETF - IDCW;INF109KC1KT9;;1000;;;02-Dec-2018

Nippon India Mutual Fund
140086;Nippon India ETF Nifty 1D Rate Liquid BeES - DAILY IDCW Option;INF732E01037;;1000.0000;;;02-Dec-2018

Close Ended Schemes ( Income )


SBI Mutual Fund
135904;SBI DEBT FUND SERIES B - 29 (1200 DAYS) - DIRECT PLAN - DIVIDEND;INF200KA1HK4;;12.5712;;;02-Dec-2018
135905;SBI DEBT FUND SERIES B - 29 (1200 DAYS) - DIRECT PLAN - GROWTH;INF200KA1HJ6;;12.5716;;;02-Dec-2018
135903;SBI DEBT FUND SERIES B - 29 (1200 DAYS) - REGULAR PLAN - DIVIDEND;INF200KA1HI8;;12.4379;;;02-Dec-2018
135902;SBI DEBT FUND SERIES B - 29 (1200 DAYS) - REGULAR PLAN - GROWTH;INF200KA1HH0;;12.4379;;;02-Dec-2018
136143;SBI DEBT FUND SERIES B - 31 (1200 DAYS) - DIRECT PLAN - DIVIDEND;INF200KA1HW9;;12.4312;;;02-Dec-2018
136142;SBI DEBT FUND SERIES B - 31 (1200 DAYS) - DIRECT PLAN - GROWTH;INF200KA1HV1;;12.4315;;;02-Dec-2018
136144;SBI DEBT FUND SERIES B - 31 (1200 DAYS) - REGULAR PLAN - DIVIDEND;INF200KA1HU3;;12.3045;;;02-Dec-2018
136141;SBI DEBT FUND SERIES B - 31 (1200 DAYS) - REGULAR PLAN - GROWTH;INF200KA1HT5;;12.3047;;;02-Dec-2018
136431;SBI DEBT FUND SERIES B - 33 (1131 DAYS) - DIRECT PLAN - DIVIDEND PAYOUT;INF200KA1II6;;12.3728;;;02-Dec-2018
136432;SBI DEBT FUND SERIES B - 33 (1131 DAYS) - DIRECT PLAN - GROWTH;INF200KA1IH8;;12.3697;;;02-Dec-2018
136434;SBI DEBT FUND SERIES B - 33 (1131 DAYS) - REGULAR PLAN - DIVIDEND PAYOUT;INF200KA1IG0;;12.2460;;;02-Dec-2018
136433;SBI DEBT FUND SERIES B - 33 (1131 DAYS) - REGULAR PLAN - GROWTH;INF200KA1IF2;;12.2460;;;02-Dec-2018
136477;SBI DEBT FUND SERIES B - 34 (1131 DAYS) - DIRECT PLAN - DIVIDEND PAYOUT;INF200KA1IM8;;12.3346;;;02-Dec-2018
136476;SBI DEBT FUND SERIES B - 34 (1131 DAYS) - DIRECT PLAN - GROWTH;INF200KA1IL0;;12.3342;;;02-Dec-2018
136475;SBI DEBT FUND SERIES B - 34 (1131 DAYS) - REGULAR PLAN - DIVIDEND PAYOUT;INF200KA1IK2;;12.2126;;;02-Dec-2018
136474;SBI DEBT FUND SERIES B - 34 (1131 DAYS) - REGULAR PLAN - GROWTH;INF200KA1IJ4;;12.2120;;;02-Dec-2018
136547;SBI DEBT FUND SERIES B - 35 (1131 DAYS) - DIRECT PLAN - DIVIDEND PAYOUT;INF200KA1IQ9;;12.3150;;;02-Dec-2018
136548;SBI DEBT FUND SERIES B - 35 (1131 DAYS) - DIRECT PLAN - GROWTH;INF200KA1IP1;;12.3162;;;02-Dec-2018
136546;SBI DEBT FUND SERIES B - 35 (1131 DAYS) - REGULAR PLAN - DIVIDEND PAYOUT;INF200KA1IO4;;12.1950;;;02-Dec-2018
136545;SBI DEBT FUND SERIES B - 35 (1131 DAYS) - REGULAR PLAN - GROWTH;INF200KA1IN6;;12.1948;;;02-Dec-2018
139226;SBI DEBT FUND SERIES B - 36 (1131 DAYS) - DIRECT PLAN - DIVIDEND PAYOUT;INF200KA1IY3;;12.2428;;;02-Dec-2018
139227;SBI DEBT FUND SERIES B - 36 (1131 DAYS) - DIRECT PLAN - GROWTH;INF200KA1IX5;;12.2413;;;02-Dec-2018
139225;SBI DEBT FUND SERIES B - 36 (1131 DAYS) - REGULAR PLAN - DIVIDEND PAYOUT;INF200KA1IW7;;12.1222;;;02-Dec-2018
139228;SBI DEBT FUND SERIES B- 36 (1131 DAYS) - REGULAR PLAN - GROWTH;INF200KA1IV9;;12.1221;;;02-Dec-2018
139403;SBI DEBT FUND SERIES B - 41(1100 DAYS)- DIRECT PLAN - DIVIDEND PAYOUT;INF200KA1JS3;;12.0364;;;02-Dec-2018
139406;SBI DEBT FUND SERIES B - 41(1100 DAYS)- DIRECT PLAN - GROWTH;INF200KA1JR5;;12.0360;;;02-Dec-2018
139405;SBI DEBT FUND SERIES B - 41(1100 DAYS)- REGULAR PALN - GROWTH;INF200KA1JP9;;11.9266;;;02-Dec-2018
139404;SBI DEBT FUND SERIES B - 41(1100 DAYS)- REGULAR PLAN - DIVIDEND PAYOUT;INF200KA1JQ7;;11.9266;;;02-Dec-2018
139565;SBI DEBT FUNDS SERIES B - 42 (1100 DAYS) - DIRECT PLAN - DIVIDEND PAYOUT;INF200KA1KB7;;11.8672;;;02-Dec-2018
139567;SBI DEBT FUNDS SERIES B - 42 (1100 DAYS) - DIRECT PLAN - GROWTH;INF200KA1KA9;;11.8673;;;02-Dec-2018
139564;SBI DEBT FUNDS SERIES B - 42 (1100 DAYS) - REGULAR PLAN - DIVIDEND PAYOUT;INF200KA1JZ8;;11.7637;;;02-Dec-2018
139566;SBI DEBT FUNDS SERIES B - 42 (1100 DAYS) - REGULAR PLAN - GROWTH;INF200KA1JY1;;11.7637;;;02-Dec-2018
139790;SBI DEBT FUND SERIES B - 43(1100 DAYS)- DIRECT PLAN - DIVIDEND PAYOUT;INF200KA1KR3;;11.6825;;;02-Dec-2018
139791;SBI DEBT FUND SERIES B - 43(1100 DAYS)- DIRECT PLAN - GROWTH;INF200KA1KQ5;;11.6825;;;02-Dec-2018
139789;SBI DEBT FUND SERIES B - 43(1100 DAYS)- REGULAR PLAN - GROWTH;INF200KA1KO0;;11.5855;;;02-Dec-2018
139788;SBI DEBT FUND SERIES B - 43(1100 DAYS)-REGULAR PLAN - DIVIDEND PAYOUT;INF200KA1KP7;;11.5855;;;02-Dec-2018
140012;SBI Debt Fund Series B - 44 (1100 Days) - Direct Plan - Dividend;INF200KA1LD1;;11.4850;;;02-Dec-2018
140011;SBI Debt Fund Series B - 44 (1100 Days) - Direct plan - Growth;INF200KA1LC3;;11.4850;;;02-Dec-2018
140014;SBI Debt Fund Series B - 44 (1100 Days) - Regular Plan - Dividend;INF200KA1LB5;;11.4001;;;02-Dec-2018
140013;SBI Debt Fund Series B - 44 (1100 Days) - Regular Plan - Growth;INF200KA1LA7;;11.4001;;;02-Dec-2018
140736;SBI DEBT FUND SERIES B - 46 (1155 DAYS) - DIRECT PLAN - DIVIDEND PAYOUT;INF200KA1MB3;;11.1566;;;02-Dec-2018
140735;SBI DEBT FUND SERIES B - 46 (1155 DAYS) - DIRECT PLAN - GROWTH;INF200KA1MA5;;11.1561;;;02-Dec-2018
140734;SBI DEBT FUND SERIES B - 46 (1155 DAYS) - REGULAR PLAN - DIVIDEND PAYOUT;INF200KA1LZ4;;11.1011;;;02-Dec-2018
140733;SBI DEBT FUND SERIES B - 46 (1155 DAYS) - REGULAR PLAN - GROWTH;INF200KA1LY7;;11.1015;;;02-Dec-2018
140764;SBI DEBT FUND SERIES B - 49 (1170 DAYS) - DIRECT PLAN - DIVIDEND PAYOUT;INF200KA1MV1;;11.1667;;;02-Dec-2018
140761;SBI DEBT FUND SERIES B - 49 (1170 DAYS) - DIRECT PLAN - GROWTH;INF200KA1MU3;;11.1667;;;02-Dec-2018
140762;SBI DEBT FUND SERIES B - 49 (1170 DAYS) - REGULAR PLAN - DIVIDEND PAYOUT;INF200KA1MT5;;11.1132;;;02-Dec-2018
140763;SBI DEBT FUND SERIES B - 49 (1170 DAYS) - REGULAR PLAN - GROWTH;INF200KA1MS7;;11.1127;;;02-Dec-2018
141525;SBI DEBT FUND SERIES C - 1 (1100 DAYS) - DIRECT PLAN - DIVIDEND PAYOUT;INF200KA1PX0;;10.8805;;;02-Dec-2018
141524;SBI DEBT FUND SERIES C - 1 (1100 DAYS) - DIRECT PLAN - GROWTH;INF200KA1PW2;;10.8805;;;02-Dec-2018
141523;SBI DEBT FUND SERIES C - 1 (1100 DAYS) - REGULAR PLAN - DIVIDEND PAYOUT;INF200KA1PV4;;10.8200;;;02-Dec-2018
141522;SBI DEBT FUND SERIES C - 1 (1100 DAYS) - REGULAR PLAN - GROWTH;INF200KA1PU6;;10.8195;;;02-Dec-2018
142551;SBI Debt Fund Series - C - 10 (1150 Days) - Direct Plan - Income Distribution cum Capital Withdrawal Option (IDCW);INF200KA1SR6;;10.4422;;;02-Dec-2018
142552;SBI Debt Fund Series - C - 10 (1150 Days) - Regular Plan - Income Distribution cum Capital Withdrawal Option (IDCW);INF200KA1SP0;;10.4134;;;02-Dec-2018
142550;SBI DEBT FUND SERIES C - 10 (1150 DAYS) - DIRECT PLAN - GROWTH;INF200KA1SQ8;;10.4423;;;02-Dec-2018
142553;SBI DEBT FUND SERIES C - 10 (1150 DAYS) - REGULAR PLAN - GROWTH;INF200KA1SO3;;10.4134;;;02-Dec-2018
142872;SBI Debt Fund Series - C - 12 (1122 Days) - Direct Plan - Income Distribution cum Capital Withdrawal Option (IDCW);INF200KA1TD4;;10.3703;;;02-Dec-2018
142870;SBI Debt Fund Series - C - 12 (1122 Days) - Regular Plan - Income Distribution cum Capital Withdrawal Option (IDCW);INF200KA1TB8;;10.3436;;;02-Dec-2018
142871;SBI DEBT FUND SERIES C - 12 (1122 DAYS) - DIRECT PLAN - GROWTH;INF200KA1TC6;;10.3703;;;02-Dec-2018
142869;SBI DEBT FUND SERIES C - 12 (1122 DAYS) - REGULAR PLAN - GROWTH;INF200KA1TA0;;10.3437;;;02-Dec-2018
142960;SBI Debt Fund Series - C - 14 (1122 Days) - Direct Plan - Income Distribution cum Capital Withdrawal Option (IDCW);INF200KA1TL7;;10.3640;;;02-Dec-2018
142957;SBI Debt Fund Series - C - 14 (1122 Days) - Regular Plan - Income Distribution cum Capital Withdrawal Option (IDCW);INF200KA1TJ1;;10.3414;;;02-Dec-2018
142959;SBI DEBT FUND SERIES C - 14 (1122 DAYS) - DIRECT PLAN - GROWTH;INF200KA1TK9;;10.3641;;;02-Dec-2018
142958;SBI DEBT FUND SERIES C - 14 (1122 DAYS) - REGULAR PLAN - GROWTH;INF200KA1TI3;;10.3383;;;02-Dec-2018
143486;SBI DEBT FUND SERIES C -15 (91 DAYS) - DIRECT PLAN - GROWTH;INF200KA1VG3;;10.4204;;;02-Dec-2018
143488;SBI DEBT FUND SERIES C -15 (91 DAYS) - REGULAR PLAN - GROWTH;INF200KA1VE8;;10.4103;;;02-Dec-2018
143492;SBI Debt Fund Series - C - 16 (1100 Days) - Direct Plan - Income Distribution cum Capital Withdrawal Option (IDCW);INF200KA1UB6;;10.3977;;;02-Dec-2018
143490;SBI Debt Fund Series - C - 16 (1100 Days) - Regular Plan - Income Distribution cum Capital Withdrawal Option (IDCW);INF200KA1TZ7;;10.3815;;;02-Dec-2018
143489;SBI DEBT FUND SERIES C -16 (1100 DAYS) - DIRECT PLAN - GROWTH;INF200KA1UA8;;10.3977;;;02-Dec-2018
143491;SBI DEBT FUND SERIES C -16 (1100 DAYS) - REGULAR PLAN - GROWTH;INF200KA1TY0;;10.3815;;;02-Dec-2018
143776;SBI Debt Fund Series - C - 18 (1100 Days) - Direct Plan - Income Distribution cum Capital Withdrawal Option (IDCW);INF200KA1UJ9;;10.3681;;;02-Dec-2018
143774;SBI Debt Fund Series - C - 18 (1100 Days) - Regular Plan - Income Distribution cum Capital Withdrawal Option (IDCW);INF200KA1UH3;;10.3521;;;02-Dec-2018
143775;SBI DEBT FUND SERIES C - 18 (1100 DAYS) - DIRECT PLAN - GROWTH;INF200KA1UI1;;10.3668;;;02-Dec-2018
143773;SBI DEBT FUND SERIES C - 18 (1100 DAYS) - REGULAR PLAN - GROWTH;INF200KA1UG5;;10.3521;;;02-Dec-2018
144038;SBI Debt Fund Series - C - 19 (1100 Days) - Direct Plan - Income Distribution cum Capital Withdrawal Option (IDCW);INF200KA1UN1;;10.3080;;;02-Dec-2018
144036;SBI Debt Fund Series - C - 19 (1100 Days) - Regular Plan - Income Distribution cum Capital Withdrawal Option (IDCW);INF200KA1UL5;;10.2930;;;02-Dec-2018
144037;SBI Debt Fund Series C - 19 (1100 Days) - Direct Plan - Growth;INF200KA1UM3;;10.3080;;;02-Dec-2018
144035;SBI Debt Fund Series C - 19 (1100 Days) - Regular Plan - Growth;INF200KA1UK7;;10.2930;;;02-Dec-2018
141746;SBI DEBT FUND SERIES C - 2 (1100 DAYS) - DIRECT PLAN - DIVIDEND PAYOUT;INF200KA1RH9;;10.6887;;;02-Dec-2018
141745;SBI DEBT FUND SERIES C - 2 (1100 DAYS) - DIRECT PLAN - GROWTH;INF200KA1RG1;;10.6887;;;02-Dec-2018
141744;SBI DEBT FUND SERIES C - 2 (1100 DAYS) - REGULAR PLAN - DIVIDEND PAYOUT;INF200KA1RF3;;10.6350;;;02-Dec-2018
141747;SBI DEBT FUND SERIES C - 2 (1100 DAYS) - REGULAR PLAN - GROWTH;INF200KA1RE6;;10.6350;;;02-Dec-2018
144350;SBI Debt Fund Series - C - 20 (1100 Days) - Direct Plan - Income Distribution cum Capital Withdrawal Option (IDCW);INF200KA1UV4;;10.2595;;;02-Dec-2018
144348;SBI Debt Fund Series - C - 20 (1100 Days) - Regular Plan - Income Distribution cum Capital Withdrawal Option (IDCW);INF200KA1UT8;;10.2471;;;02-Dec-2018
144349;SBI Debt Fund Series C - 20 - (1100 Days) - Direct Plan - Growth;INF200KA1UU6;;10.2595;;;02-Dec-2018
144347;SBI Debt Fund Series C - 20 - (1100 Days) - Regular Plan - Growth;INF200KA1US0;;10.2472;;;02-Dec-2018
144368;SBI Debt Fund Series - C - 21 (1100 Days) - Direct Plan - Income Distribution cum Capital Withdrawal Option (IDCW);INF200KA1UZ5;;10.2081;;;02-Dec-2018
144367;SBI Debt Fund Series - C - 21 (1100 Days) - Regular Plan - Income Distribution cum Capital Withdrawal Option (IDCW);INF200KA1UX0;;10.1958;;;02-Dec-2018
144366;SBI Debt Fund Series C - 21 (1100 Days) - Direct Plan - Growth;INF200KA1UY8;;10.2080;;;02-Dec-2018
144365;SBI Debt Fund Series C - 21 (1100 Days) - Regular Plan - Growth;INF200KA1UW2;;10.1958;;;02-Dec-2018
144495;SBI Debt Fund Series - C - 22 (1100 Days) - Direct Plan - Income Distribution cum Capital Withdrawal Option (IDCW);INF200KA1VD0;;10.1591;;;02-Dec-2018
144493;SBI Debt Fund Series - C - 22 (1100 Days) - Regular Plan - Income Distribution cum Capital Withdrawal Option (IDCW);INF200KA1VB4;;10.1504;;;02-Dec-2018
144494;SBI Debt Fund Series C - 22 (1100 Days) - Direct Plan - Growth;INF200KA1VC2;;10.1591;;;02-Dec-2018
144492;SBI Debt Fund Series C - 22 (1100 Days) - Regular Plan - Growth;INF200KA1VA6;;10.1503;;;02-Dec-2018
144843;SBI Debt Fund Series - C - 23 (1100 Days) - Direct Plan - Income Distribution cum Capital Withdrawal Option (IDCW);INF200KA1VL3;;10.1864;;;02-Dec-2018
144841;SBI Debt Fund Series - C - 23 (1100 Days) - Regular Plan - Income Distribution cum Capital Withdrawal Option (IDCW);INF200KA1VJ7;;10.1771;;;02-Dec-2018
144842;SBI Debt Fund Series C - 23 - (1100 Days) - Direct Plan - Growth;INF200KA1VK5;;10.1864;;;02-Dec-2018
144840;SBI Debt Fund Series C - 23 - (1100 Days) - Regular Plan - Growth;INF200KA1VI9;;10.1772;;;02-Dec-2018
144920;SBI Debt Fund Series - C - 24 (1100 Days) - Direct Plan - Income Distribution cum Capital Withdrawal Option (IDCW);INF200KA1VP4;;10.2269;;;02-Dec-2018
144917;SBI Debt Fund Series - C - 24 (1100 Days) - Regular Plan - Income Distribution cum Capital Withdrawal Option (IDCW);INF200KA1VN9;;10.2197;;;02-Dec-2018
144918;SBI Debt Fund Series C - 24 - (1100 Days) - Direct Plan - Growth;INF200KA1VO7;;10.2269;;;02-Dec-2018
144919;SBI Debt Fund Series C - 24 - (1100 Days) - Regular Plan - Growth;INF200KA1VM1;;10.2190;;;02-Dec-2018
144993;SBI Debt Fund Series - C - 25 (1100 Days) - Direct Plan - Income Distribution cum Capital Withdrawal Option (IDCW);INF200KA1VU4;;10.2146;;;02-Dec-2018
144991;SBI Debt Fund Series - C - 25 (1100 Days) - Regular Plan - Income Distribution cum Capital Withdrawal Option (IDCW);INF200KA1VS8;;10.2030;;;02-Dec-2018
144992;SBI Debt Fund Series C - 25 - (1100 Days) - Direct Plan - Growth;INF200KA1VT6;;10.2146;;;02-Dec-2018
144990;SBI Debt Fund Series C - 25 - (1100 Days) - Regular Plan - Growth;INF200KA1VR0;;10.2023;;;02-Dec-2018
145230;SBI Debt Fund Series - C - 26 (1125 Days) - Direct Plan - Income Distribution cum Capital Withdrawal Option (IDCW);INF200KA1WC0;;10.1960;;;02-Dec-2018
145231;SBI Debt Fund Series - C - 26 (1125 Days) - Regular Plan - Income Distribution cum Capital Withdrawal Option (IDCW);INF200KA1WA4;;10.1922;;;02-Dec-2018
145229;SBI Debt Fund Series C - 26 - (1125 Days) - Direct Plan - Growth;INF200KA1WB2;;10.1963;;;02-Dec-2018
145232;SBI Debt Fund Series C - 26 - (1125 Days) - Regular Plan - Growth;INF200KA1VZ3;;10.1905;;;02-Dec-2018
145373;SBI Debt Fund Series - C - 27 (391 Days) - Direct Plan - Income Distribution cum Capital Withdrawal Option (IDCW);INF200KA12G0;;10.1407;;;02-Dec-2018
145374;SBI Debt Fund Series - C - 27 (391 Days) - Regular Plan - Income Distribution cum Capital Withdrawal Option (IDCW);INF200KA10G4;;10.1374;;;02-Dec-2018
145372;SBI Debt Fund Series C - 27 - (391 Days) - Direct Plan - Growth;INF200KA11G2;;10.1407;;;02-Dec-2018
145371;SBI Debt Fund Series C - 27 - (391 Days) - Regular Plan - Growth;INF200KA19F7;;10.1374;;;02-Dec-2018
145497;SBI Debt Fund Series - C - 28 (386 Days) - Direct Plan - Income Distribution cum Capital Withdrawal Option (IDCW);INF200KA16G1;;10.0486;;;02-Dec-2018
145498;SBI Debt Fund Series - C - 28 (386 Days) - Regular Plan - Income Distribution cum Capital Withdrawal Option (IDCW);INF200KA14G6;;10.0443;;;02-Dec-2018
145499;SBI Debt Fund Series C - 28 - (386 Days) - Direct Plan - Growth;INF200KA15G3;;10.0456;;;02-Dec-2018
145500;SBI Debt Fund Series C - 28 - (386 Days) - Regular Plan - Growth;INF200KA13G8;;10.0443;;;02-Dec-2018
145502;SBI Debt Fund Series C - 29 - (366 Days) - Direct Plan - Dividend Payout;INF200KA1WS6;;10.0275;;;02-Dec-2018
145504;SBI Debt Fund Series C - 29 - (366 Days) - Direct Plan - Growth;INF200KA1WR8;;10.0275;;;02-Dec-2018
145503;SBI Debt Fund Series C - 29 - (366 Days) - Regular Plan - Dividend Payout;INF200KA1WQ0;;10.0263;;;02-Dec-2018
145501;SBI Debt Fund Series C - 29 - (366 Days) - Regular Plan - Growth;INF200KA1WP2;;10.0263;;;02-Dec-2018
142178;SBI Debt Fund Series - C - 7 (1190 Days) - Direct Plan - Income Distribution cum Capital Withdrawal Option (IDCW);INF200KA1SB0;;10.4763;;;02-Dec-2018
142180;SBI Debt Fund Series - C - 7 (1190 Days) - Regular Plan - Income Distribution cum Capital Withdrawal Option (IDCW);INF200KA1RZ1;;10.4424;;;02-Dec-2018
142177;SBI DEBT FUND SERIES C - 7 (1190 DAYS) - DIRECT PLAN - GROWTH;INF200KA1SA2;;10.4763;;;02-Dec-2018
142179;SBI DEBT FUND SERIES C - 7 (1190 DAYS) - REGULAR PLAN - GROWTH;INF200KA1RY4;;10.4424;;;02-Dec-2018
142333;SBI Debt Fund Series - C - 8 (1175 Days) - Direct Plan - Income Distribution cum Capital Withdrawal Option (IDCW);INF200KA1SJ3;;10.4798;;;02-Dec-2018
142331;SBI Debt Fund Series - C - 8 (1175 Days) - Regular Plan - Income Distribution cum Capital Withdrawal Option (IDCW);INF200KA1SH7;;10.4480;;;02-Dec-2018
142330;SBI DEBT FUND SERIES C - 8 (1175 DAYS) - REGULAR PLAN - GROWTH;INF200KA1SG9;;10.4480;;;02-Dec-2018
142332;SBI DEBT FUND SERIES C -8 (1175 DAYS) - DIRECT PLAN - GROWTH;INF200KA1SI5;;10.4798;;;02-Dec-2018
142487;SBI Debt Fund Series - C - 9 (1150 Days) - Direct Plan - Income Distribution cum Capital Withdrawal Option (IDCW);INF200KA1SN5;;10.4507;;;02-Dec-2018
142486;SBI Debt Fund Series - C - 9 (1150 Days) - Regular Plan - Income Distribution cum Capital Withdrawal Option (IDCW);INF200KA1SL9;;10.4223;;;02-Dec-2018
142485;SBI DEBT FUND SERIES C - 9 (1150 DAYS) - DIRECT PLAN - GROWTH;INF200KA1SM7;;10.4507;;;02-Dec-2018
142488;SBI DEBT FUND SERIES C - 9 (1150 DAYS) - REGULAR PLAN - GROWTH;INF200KA1SK1;;10.4223;;;02-Dec-2018
135777;SBI DUAL ADVANATGE FUND - SERIES XII - REGULAR PLAN - DIVIDEND;INF200KA1HA5;;12.2857;;;02-Dec-2018
135780;SBI DUAL ADVANTAGE FUND - SERIES XII - DIRECT PLAN - DIVIDEND;INF200KA1HC1;;12.6276;;;02-Dec-2018
135778;SBI DUAL ADVANTAGE FUND - SERIES XII - DIRECT PLAN - GROWTH;INF200KA1HB3;;12.6276;;;02-Dec-2018
135779;SBI DUAL ADVANTAGE FUND - SERIES XII - REGULAR PLAN - GROWTH;INF200KA1GZ4;;12.2862;;;02-Dec-2018
136044;SBI DUAL ADVANTAGE FUND - SERIES XIII - DIRECT PLAN - DIVIDEND;INF200KA1HS7;;12.6190;;;02-Dec-2018
136043;SBI DUAL ADVANTAGE FUND - SERIES XIII - DIRECT PLAN - GROWTH;INF200KA1HR9;;12.6190;;;02-Dec-2018
136045;SBI DUAL ADVANTAGE FUND - SERIES XIII - REGULAR PLAN - DIVIDEND;INF200KA1HQ1;;12.2927;;;02-Dec-2018
136042;SBI DUAL ADVANTAGE FUND - SERIES XIII - REGULAR PLAN - GROWTH;INF200KA1HP3;;12.2926;;;02-Dec-2018
140596;SBI DUAL ADVANTAGE FUND - SERIES XIX - DIRECT PLAN - DIVIDEND PAYOUT;INF200KA1LX9;;11.0085;;;02-Dec-2018
140597;SBI DUAL ADVANTAGE FUND - SERIES XIX - DIRECT PLAN - GROWTH;INF200KA1LW1;;11.0084;;;02-Dec-2018
140598;SBI DUAL ADVANTAGE FUND - SERIES XIX - REGULAR PLAN - DIVIDEND PAYOUT;INF200KA1LV3;;10.8646;;;02-Dec-2018
140595;SBI DUAL ADVANTAGE FUND - SERIES XIX - REGULAR PLAN - GROWTH;INF200KA1LU5;;10.8642;;;02-Dec-2018
139123;SBI Dual Advantage Fund - Series XV- Direct Plan - Growth;INF200KA1IT3;;12.1375;;;02-Dec-2018
139120;SBI Dual Advantage Fund - Series XV- Direct Plan -Dividend Payout;INF200KA1IU1;;12.1375;;;02-Dec-2018
139122;SBI Dual Advantage Fund - Series XV- Regular Plan - Dividend Payout;INF200KA1IS5;;11.8341;;;02-Dec-2018
139121;SBI Dual Advantage Fund - Series XV- Regular Plan - Growth;INF200KA1IR7;;11.8333;;;02-Dec-2018
139531;SBI Dual Advantage Fund - Series XVI - Direct Plan - Dividend Payout;INF200KA1JX3;;11.5780;;;02-Dec-2018
139526;SBI Dual Advantage Fund - Series XVI - Direct Plan - Growth;INF200KA1JW5;;11.5800;;;02-Dec-2018
139532;SBI Dual Advantage Fund - Series XVI - Regular Plan - Dividend Payout;INF200KA1JV7;;11.3721;;;02-Dec-2018
139533;SBI Dual Advantage Fund - Series XVI - Regular Plan - Growth;INF200KA1JU9;;11.3710;;;02-Dec-2018
139793;SBI Dual Advantage Fund  XVII - Direct Plan - Dividend Payout;INF200KA1KN2;;11.4612;;;02-Dec-2018
139792;SBI Dual Advantage Fund  XVII - Regular Plan - Growth;INF200KA1KK8;;11.2736;;;02-Dec-2018
139794;SBI Dual Advantage Fund - Series XVII - Direct Plan - growth;INF200KA1KM4;;11.4609;;;02-Dec-2018
139795;SBI Dual Advantage Fund - Series XVII - Regular Plan - Dividend Payout;INF200KA1KL6;;11.2756;;;02-Dec-2018
140393;SBI Dual Advantage Fund - Series XVIII - Direct Plan - Dividend Payout;INF200KA1LL4;;11.2603;;;02-Dec-2018
140396;SBI Dual Advantage Fund - Series XVIII - Direct Plan - Growth;INF200KA1LK6;;11.3523;;;02-Dec-2018
140395;SBI Dual Advantage Fund - Series XVIII - Regular Plan - Dividend Payout;INF200KA1LJ8;;11.1007;;;02-Dec-2018
140394;SBI Dual Advantage Fund - Series XVIII - Regular Plan - Growth;INF200KA1LI0;;11.1036;;;02-Dec-2018
141350;SBI DUAL ADVANTAGE FUND - SERIES XXII - DIRECT PLAN - DIVIDEND PAYOUT;INF200KA1OR5;;10.7789;;;02-Dec-2018
141348;SBI DUAL ADVANTAGE FUND - SERIES XXII - DIRECT PLAN - GROWTH;INF200KA1OQ7;;10.7789;;;02-Dec-2018
141347;SBI DUAL ADVANTAGE FUND - SERIES XXII - REGULAR PLAN - DIVIDEND PAYOUT;INF200KA1OP9;;10.6490;;;02-Dec-2018
141349;SBI DUAL ADVANTAGE FUND - SERIES XXII - REGULAR PLAN - GROWTH;INF200KA1OO2;;10.6537;;;02-Dec-2018
141633;SBI DUAL ADVANTAGE FUND - SERIES XXIII - DIRECT PLAN - DIVIDEND PAYOUT;INF200KA1QZ3;;10.4829;;;02-Dec-2018
141634;SBI DUAL ADVANTAGE FUND - SERIES XXIII - DIRECT PLAN - GROWTH;INF200KA1QY6;;10.4844;;;02-Dec-2018
141632;SBI DUAL ADVANTAGE FUND - SERIES XXIII - REGULAR PLAN - DIVIDEND PAYOUT;INF200KA1QX8;;10.3796;;;02-Dec-2018
141631;SBI DUAL ADVANTAGE FUND - SERIES XXIII - REGULAR PLAN - GROWTH;INF200KA1QW0;;10.3786;;;02-Dec-2018
141834;SBI DUAL ADVANTAGE FUND - SERIES XXIV - DIRECT PLAN - DIVIDEND PAYOUT;INF200KA1RL1;;10.3213;;;02-Dec-2018
141832;SBI DUAL ADVANTAGE FUND - SERIES XXIV - DIRECT PLAN - GROWTH;INF200KA1RK3;;10.3211;;;02-Dec-2018
141831;SBI DUAL ADVANTAGE FUND - SERIES XXIV - REGULAR PLAN - DIVIDEND PAYOUT;INF200KA1RJ5;;10.2324;;;02-Dec-2018
141833;SBI DUAL ADVANTAGE FUND - SERIES XXIV - REGULAR PLAN - GROWTH;INF200KA1RI7;;10.2294;;;02-Dec-2018
144114;SBI Dual Advantage Fund - Series XXIX - Direct Plan - Growth;INF200KA1UQ4;;10.1012;;;02-Dec-2018
144112;SBI Dual Advantage Fund - Series XXIX - Direct Plan - Income Distribution cum Capital Withdrawal Option (IDCW);INF200KA1UR2;;10.0999;;;02-Dec-2018
144111;SBI Dual Advantage Fund - Series XXIX - Regular Plan - Growth;INF200KA1UO9;;10.0696;;;02-Dec-2018
144113;SBI Dual Advantage Fund - Series XXIX - Regular Plan - Income Distribution cum Capital Withdrawal Option (IDCW);INF200KA1UP6;;10.0704;;;02-Dec-2018
141960;SBI DUAL ADVANTAGE FUND - SERIES XXV - DIRECT PLAN - GROWTH;INF200KA1RS6;;10.1301;;;02-Dec-2018
141962;SBI Dual Advantage Fund - Series XXV - Direct Plan - Income Distribution cum Capital Withdrawal Option (IDCW);INF200KA1RT4;;10.1302;;;02-Dec-2018
141959;SBI DUAL ADVANTAGE FUND - SERIES XXV - REGULAR PLAN - GROWTH;INF200KA1RQ0;;10.0540;;;02-Dec-2018
141961;SBI Dual Advantage Fund - Series XXV - Regular Plan - Income Distribution cum Capital Withdrawal Option (IDCW);INF200KA1RR8;;10.0535;;;02-Dec-2018
142259;SBI DUAL ADVANTAGE FUND - SERIES XXVI - DIRECT PLAN - GROWTH;INF200KA1SE4;;10.1853;;;02-Dec-2018
142256;SBI Dual Advantage Fund - Series XXVI - Direct Plan - Income Distribution cum Capital Withdrawal Option (IDCW);INF200KA1SF1;;10.1854;;;02-Dec-2018
142257;SBI DUAL ADVANTAGE FUND - SERIES XXVI - REGULAR PLAN - GROWTH;INF200KA1SC8;;10.1206;;;02-Dec-2018
142258;SBI Dual Advantage Fund - Series XXVI - Regular Plan - Income Distribution cum Capital Withdrawal Option (IDCW);INF200KA1SD6;;10.1208;;;02-Dec-2018
142751;SBI DUAL ADVANTAGE FUND - SERIES XXVII - DIRECT PLAN - GROWTH;INF200KA1SU0;;10.1341;;;02-Dec-2018
142752;SBI Dual Advantage Fund - Series XXVII - Direct Plan - Income Distribution cum Capital Withdrawal Option (IDCW);INF200KA1SV8;;10.1341;;;02-Dec-2018
142749;SBI DUAL ADVANTAGE FUND - SERIES XXVII - REGULAR PLAN - GROWTH;INF200KA1SS4;;10.0787;;;02-Dec-2018
142750;SBI Dual Advantage Fund - Series XXVII - Regular Plan - Income Distribution cum Capital Withdrawal Option (IDCW);INF200KA1ST2;;10.0790;;;02-Dec-2018
143363;SBI DUAL ADVANTAGE FUND - SERIES XXVIII - DIRECT PLAN - GROWTH;INF200KA1TS2;;10.2198;;;02-Dec-2018
143364;SBI Dual Advantage Fund - Series XXVIII - Direct Plan - Income Distribution cum Capital Withdrawal Option (IDCW);INF200KA1TT0;;10.1920;;;02-Dec-2018
143362;SBI DUAL ADVANTAGE FUND - SERIES XXVIII - REGULAR PLAN - GROWTH;INF200KA1TQ6;;10.1499;;;02-Dec-2018
143365;SBI Dual Advantage Fund - Series XXVIII - Regular Plan - Income Distribution cum Capital Withdrawal Option (IDCW);INF200KA1TR4;;10.1503;;;02-Dec-2018
145160;SBI Dual Advantage Fund - Series XXX - Direct Plan - Income Distribution cum Capital Withdrawal Option (IDCW);INF200KA1VY6;;10.1739;;;02-Dec-2018
145159;SBI Dual Advantage Fund - Series XXX - Regular Plan - Income Distribution cum Capital Withdrawal Option (IDCW);INF200KA1VW0;;10.1640;;;02-Dec-2018
145161;SBI Dual Advantage Fund Series XXX - Direct Plan - Growth;INF200KA1VX8;;10.1739;;;02-Dec-2018
145162;SBI Dual Advantage Fund Series XXX - Regular Plan - Growth;INF200KA1VV2;;10.1640;;;02-Dec-2018
136358;SBI DUAL ADVANTAGE FUND SERIES XIV- DIRECT PLAN - DIVIDEND PAYOUT;INF200KA1IA3;;12.4342;;;02-Dec-2018
136359;SBI DUAL ADVANTAGE FUND SERIES XIV- DIRECT PLAN - GROWTH;INF200KA1HZ2;;12.4341;;;02-Dec-2018
136361;SBI DUAL ADVANTAGE FUND SERIES XIV- REGULAR PLAN - DIVIDEND PAYOUT;INF200KA1HY5;;12.1139;;;02-Dec-2018
136360;SBI DUAL ADVANTAGE FUND SERIES XIV- REGULAR PLAN - GROWTH;INF200KA1HX7;;12.1112;;;02-Dec-2018

Close Ended Schemes ( Growth )


SBI Mutual Fund
131339;SBI EQUITY OPPORTUNITIES FUND - SERIES I - DIRECT PLAN - DIVIDEND;INF200K017S1;;10.7910;;;02-Dec-2018
131338;SBI EQUITY OPPORTUNITIES FUND - SERIES I - DIRECT PLAN - GROWTH;INF200K016S3;;15.2113;;;02-Dec-2018
131337;SBI EQUITY OPPORTUNITIES FUND - SERIES I - REGULAR PLAN - DIVIDEND;INF200K015S5;;10.6169;;;02-Dec-2018
131336;SBI EQUITY OPPORTUNITIES FUND - SERIES I - REGULAR PLAN - GROWTH;INF200K014S8;;14.9622;;;02-Dec-2018
135507;SBI EQUITY OPPORTUNITIES FUND -  SERIES IV - REGULAR PLAN - GROWTH;INF200KA1GP5;;14.3252;;;02-Dec-2018
135506;SBI EQUITY OPPORTUNITIES FUND - SERIES IV - DIRECT PLAN - GROWTH;INF200KA1GN0;;14.8982;;;02-Dec-2018
135509;SBI Equity Opportunities Fund-Series IV - Direct Plan - Income Distribution cum Capital Withdrawal Option (IDCW);INF200KA1GO8;;12.6621;;;02-Dec-2018
135508;SBI Equity Opportunities Fund-Series IV - Regular Plan - Income Distribution cum Capital Withdrawal Option (IDCW);INF200KA1GQ3;;12.1543;;;02-Dec-2018
