Scheme Code;Scheme Name;ISIN Div Payout/ISIN Growth;ISIN Div Reinvestment;Net Asset Value;Repurchase Price;Sale Price;Date

Open Ended Schemes ( Income )


ABN  AMRO Mutual Fund
102645;ABN AMRO  Short Term Income Fund-Institutional Plan-Daily Dividend Option;;;10.0000;10.0000;10.0000;26-Nov-2006
102644;ABN AMRO  Short Term Income Fund-Institutional Plan-Growth Option;;;11.3172;11.3172;11.3172;26-Nov-2006
102646;ABN AMRO  Short Term Income Fund-Institutional Plan-Monthly Dividend Option;;;10.0508;10.0508;10.0508;26-Nov-2006
102647;ABN AMRO  Short Term Income Fund-Institutional Plan-Weekly Dividend Option;;;10.0056;10.0056;10.0056;26-Nov-2006
102649;ABN AMRO  Short Term Income Fund-Institutional Plus Plan-Daily Dividend Option;;;0.0000;0.0000;0.0000;26-Nov-2006
102648;ABN AMRO  Short Term Income Fund-Institutional Plus Plan-Growth Option;;;10.7337;10.7337;10.7337;26-Nov-2006
102650;ABN AMRO  Short Term Income Fund-Institutional Plus Plan-Monthly Dividend Option;;;0.0000;0.0000;0.0000;26-Nov-2006
102651;ABN AMRO  Short Term Income Fund-Institutional Plus Plan-Weekly Dividend Option;;;0.0000;0.0000;0.0000;26-Nov-2006
102641;ABN AMRO  Short Term Income Fund-Regular Plan-Growth Option;;;11.2055;11.2055;11.2055;26-Nov-2006
102642;ABN AMRO  Short Term Income Fund-Regular Plan-Monthly Dividend Option;;;10.0486;10.0486;10.0486;26-Nov-2006
102643;ABN AMRO  Short Term Income Fund-Regular Plan-Weekly Dividend Option;;;10.0052;10.0052;10.0052;26-Nov-2006

DBS Chola Mutual Fund
101958;DBS Chola Liquid Fund - Institutional Plus Weekly Dividend;;;11.9383;11.9383;11.9383;26-Nov-2006
103137;DBS Chola Short Term Floating Rate Fund-Cumulative;;;10.8503;10.8503;10.8503;26-Nov-2006
103134;DBS Chola Short Term Floating Rate Fund-Dividend-Daily;;;10.0164;10.0164;10.0164;26-Nov-2006
103136;DBS Chola Short Term Floating Rate Fund-Dividend-Monthly;;;10.2412;10.2412;10.2412;26-Nov-2006
103135;DBS Chola Short Term Floating Rate Fund-Dividend-Weekly;;;10.2311;10.2311;10.2311;26-Nov-2006

DSP Mutual Fund
103275;DSP Credit Risk Fund - Institutional Plan-Daily Dividend Reinvest;;;1001.0600;1001.0600;1001.0600;26-Nov-2006
103277;DSP Credit Risk Fund - Institutional Plan-Growth;INF740K01FN3;;1068.5320;1068.5320;1068.5320;26-Nov-2006
103276;DSP Credit Risk Fund - Institutional Plan-Weekly Dividend Reinvest;;;1001.4668;1001.4668;1001.4668;26-Nov-2006

Standard Chartered Mutual Fund
102342;GCF-Plan C-Daily Dividend;;;10;10;10;26-Nov-2006
102340;GCF-Plan C-Growth;;;11.5335;11.5335;11.5335;26-Nov-2006
102343;GCF-Plan C-Monthly Dividend;;;10;10;10;26-Nov-2006
102341;GCF-Plan C-weekly Dividend;;;10.0033;10.0033;10.0033;26-Nov-2006
101780;GCF Daily-Dividend(Institutional Plan);;;10.5816;10.5816;10.5816;26-Nov-2006
101760;GCF Dividend-Weekly(Institutional Plan);;;10.3027;10.3027;10.3027;26-Nov-2006
102348;GFRF-Plan C-Daily Dividend;;;10;10;10;26-Nov-2006
102347;GFRF-Plan C-Growth;;;11.5453;11.5453;11.5453;26-Nov-2006
102350;GFRF-Plan C-Monthly Divdend;;;10;10;10;26-Nov-2006
102349;GFRF-Plan C-Weekly Dividend;;;10;10;10;26-Nov-2006
101947;GFRF (Daily - Dividind);;;10.0699;10.0699;10.0699;26-Nov-2006
101948;GFRF (Dividend - Weekly);;;10.0704;10.0704;10.0704;26-Nov-2006
101773;GFRF - Growth(Institutional Plan);;;11.9733;11.9733;11.9733;26-Nov-2006
101774;GFRF Dividend-Daily (Institutional Plan);;;10.0703;10.0703;10.0703;26-Nov-2006
101776;GFRF Dividend-Monthly(Institutional Plan);;;10.051;10.051;10.051;26-Nov-2006
101775;GFRF Dividend-Weekly(Institutional Plan);;;10.095;10.095;10.095;26-Nov-2006
101100;Grindlays Cash Fund-Dividend (Daily);;;10.5819;10.5819;10.5819;26-Nov-2006
101099;Grindlays Cash Fund-Growth;;;13.4738;13.4738;13.4738;26-Nov-2006
101319;Grindlays Cash Fund - Dividend (Weekly);;;10.1946;10.1946;10.1946;26-Nov-2006
101632;Grindlays Cash Fund - Plan B (D) (Institutional Plan);;;10;10;10;26-Nov-2006
101248;Grindlays Cash Fund - Plan B (G) (Institutional Plan);;;13.5429;13.5429;13.5429;26-Nov-2006

Open Ended Schemes ( Liquid )


Aditya Birla Sun Life Mutual Fund
101294;Birla Sun Life Cash Plus Sweep Plan-Dividend Option;;;10.0541;10.0541;10.0541;26-Nov-2006

DBS Chola Mutual Fund
100989;DBS Chola Liquid Fund-Cum -Institutional Plus;;;14.8643;14.8643;14.8643;26-Nov-2006
104329;DBS Chola Liquid Fund-Cum -Super Institutional;;;10.1050;10.1050;10.1050;26-Nov-2006
100978;DBS Chola Liquid Fund-Daily Dividend Reinvestment Plan;;;10.0317;10.0317;10.0317;26-Nov-2006
100975;DBS Chola Liquid Fund-Regular Cumulative;;;14.7781;14.7781;14.7781;26-Nov-2006
104330;DBS Chola Liquid Fund-Weekly Dividend- Super Institutional;;;10.0183;10.0183;10.0183;26-Nov-2006
101307;DBS Chola Liquid Fund - Regular Weekly Dividend;;;11.9703;11.9703;11.9703;26-Nov-2006

Deutsche Mutual Fund
101718;DWS Insta Cash Plus Fund-DIVIDEND-Daily Dividend;;INF223J01BI1;10.3010;10.3010;10.3010;26-Nov-2006
101717;DWS Insta Cash Plus Fund-DIVIDEND-MONTHLY DIVIDEND;INF223J01BK7;INF223J01BL5;10.1774;10.1774;10.1774;26-Nov-2006
101716;DWS Insta Cash Plus Fund-DIVIDEND-WEEKLY DIVIDEND;INF223J01BM3;INF223J01BN1;10.1960;10.1960;10.1960;26-Nov-2006
101719;DWS Insta Cash Plus Fund-Growth-GROWTH;INF223J01BJ9;;12.2570;12.2570;12.2570;26-Nov-2006
101722;DWS Insta Cash Plus Fund-Institutional Plan-Daily Dividend;;INF223J01BA8;10.0195;10.0195;10.0195;26-Nov-2006
101720;DWS Insta Cash Plus Fund-Institutional Plan-Dividend;INF223J01BE0;INF223J01BD2;10.0479;10.0479;10.0479;26-Nov-2006
101721;DWS Insta Cash Plus Fund-Institutional Plan-Growth;INF223J01BB6;;11.4609;11.4609;11.4609;26-Nov-2006
101723;DWS Insta Cash Plus Fund-Institutional Plan-Weekly Dividend;INF223J01BF7;INF223J01BG5;10.1041;10.1041;10.1041;26-Nov-2006

ING Mutual Fund
100194;ING Liquid Fund-Auto Sweep Growth Option;;;10.0000;10.0000;10.0000;26-Nov-2006
100195;ING Liquid Fund-Auto Sweep Weekly Dividend Option;;;10.0000;10.0000;10.0000;26-Nov-2006
100198;ING Liquid Fund-Institutional Daily Dividend Option;INF084M01473;;10.0103;10.0103;10.0103;26-Nov-2006
100196;ING Liquid Fund-Institutional Growth Option;INF084M01465;;11.4676;11.4676;11.4676;26-Nov-2006
100197;ING Liquid Fund-Institutional Weekly Dividend Option;INF084M01499;INF084M01481;10.0655;10.0655;10.0655;26-Nov-2006
100192;ING Liquid Fund-Regular Daily Dividend Option;INF084M01432;;10.7849;10.7849;10.7849;26-Nov-2006
100190;ING Liquid Fund-Regular Growth Option;INF084M01424;;15.4758;15.4758;15.4758;26-Nov-2006
100191;ING Liquid Fund-Regular Weekly Dividend Option;INF084M01457;INF084M01440;10.8363;10.8363;10.8363;26-Nov-2006
100200;ING Liquid Fund-Super Institutional Daily Dividend Option;INF084M01515;;10.0024;10.0024;10.0024;26-Nov-2006
100199;ING Liquid Fund-Super Institutional Growth Option;INF084M01507;;10.8524;10.8524;10.8524;26-Nov-2006
100201;ING Liquid Fund-Super Institutional Weekly Dividend Option;INF084M01531;INF084M01523;10.0962;10.0962;10.0962;26-Nov-2006

JM Financial Mutual Fund
101420;JM Floater Short Term Fund - Daily Dividend Option;;INF192K01767;10.0883;10.0883;10.0883;26-Nov-2006
101421;JM Floater Short Term Fund - Growth Option;INF192K01775;;12.0422;12.0422;12.0422;26-Nov-2006

Sahara Mutual Fund
101397;Sahara Liquid Fund-Fixed Pricing -  Weekly Dividend Option;;INF515L01064;1024.6207;1024.6207;1024.6207;26-Nov-2006
101393;Sahara Liquid Fund-Fixed Pricing - Daily Dividend Option;;INF515L01049;1024.6044;1024.6044;1024.6044;26-Nov-2006
101394;Sahara Liquid Fund-Fixed Pricing - Growth option;INF515L01056;;1307.4932;1307.4932;1307.4932;26-Nov-2006
101398;Sahara Liquid Fund-Fixed Pricing - Monthly Dividend Option;;INF515L01072;1030.203;1030.2030;1030.2030;26-Nov-2006
101399;Sahara Liquid Fund-Variable Pricing - Daily Dividend option;;INF515L01080;1024.6157;1024.6157;1024.6157;26-Nov-2006
101402;Sahara Liquid Fund-Variable Pricing - Growth option;INF515L01114;;1310.7914;1310.7914;1310.7914;26-Nov-2006
101400;Sahara Liquid Fund-Variable Pricing - Weekly Dividend Option;;INF515L01098;1025.1739;1025.1739;1025.1739;26-Nov-2006
101401;Sahara Liquid Fund-Variable Pricing- Monthly Dividend Option;;INF515L01106;1030.9431;1030.9431;1030.9431;26-Nov-2006

SBI Mutual Fund
102960;Z-OLD-SBI Magnum Inst. Income Fund -  Savings - Fortnightly(D)(Upto 22/03/07) Renamed as SBI Premier Liquid Fund;;;10.1031;10.1031;10.1031;26-Nov-2006
102870;Z-OLD-SBI Magnum Inst. Income Fund -  Savings - Wkly(D)(Upto 22/03/07) Renamed as SBI Premier Liquid Fund;;;10.5636;10.5636;10.5636;26-Nov-2006
102058;SBI Magnum Institutional Income Fund - Savings - Dividend(Upto 22/03/07) Renamed as SBI Premier Liquid Fund;;;10.0325;10.0325;10.0325;26-Nov-2006
101929;SBI Magnum Institutional Income Fund - Savings - Growth(Upto 22/03/07) Renamed as SBI Premier Liquid Fund;;;11.7518;11.7518;11.7518;26-Nov-2006

Standard Chartered Mutual Fund
103525;Standard Chartered Liquidity Manager (SCLM)-A-Dividend Daily;;;10.001;10.001;10.001;26-Nov-2006
103527;Standard Chartered Liquidity Manager (SCLM)-A-Dividend Monthly;;;10.0445;10.0445;10.0445;26-Nov-2006
103526;Standard Chartered Liquidity Manager (SCLM)-A-Dividend Weekly;;;10.0048;10.0048;10.0048;26-Nov-2006
103524;Standard Chartered Liquidity Manager (SCLM)-A-Growth;;;10.5007;10.5007;10.5007;26-Nov-2006
103598;Standard Chartered Liquidity Manager Plus-A-Dividend Daily;;;1000.1;1000.1;1000.1;26-Nov-2006
103600;Standard Chartered Liquidity Manager Plus-A-Dividend Monthly;;;1005.2821;1005.2821;1005.2821;26-Nov-2006
103599;Standard Chartered Liquidity Manager Plus-A-Dividend Weekly;;;1000.4721;1000.4721;1000.4721;26-Nov-2006
103597;Standard Chartered Liquidity Manager Plus-A-Growth;;;1046.0094;1046.0094;1046.0094;26-Nov-2006

Open Ended Schemes ( Money Market )


Franklin Templeton Mutual Fund
100561;Templeton India Money Market Account - Bonus Plan;;;1.00;1.00;1.00;26-Nov-2006

Open Ended Schemes ( Floating Rate )


HSBC Mutual Fund
102836;HSBC Floating Rate Fund - Short Term - Inst. - Dividend - Daily;;;10.0132;10.0132;10.0132;26-Nov-2006
102838;HSBC Floating Rate Fund - Short Term - Inst. - Dividend - Monthly;;;10.0199;10.0199;10.0199;26-Nov-2006
102837;HSBC Floating Rate Fund - Short Term - Inst. - Dividend - Weekly;;;10.0234;10.0234;10.0234;26-Nov-2006
102835;HSBC Floating Rate Fund - Short Term - Inst. - Growth;;;11.2368;11.2368;11.2368;26-Nov-2006
102840;HSBC Floating Rate Fund - Short Term - Inst. Plus - Dividend - Daily;;;10.0262;10.0262;10.0262;26-Nov-2006
102842;HSBC Floating Rate Fund - Short Term - Inst. Plus - Dividend - Monthly;;;0.0000;0.0000;0.0000;26-Nov-2006
102841;HSBC Floating Rate Fund - Short Term - Inst. Plus - Dividend - Weekly;;;0.0000;0.0000;0.0000;26-Nov-2006
102839;HSBC Floating Rate Fund - Short Term - Inst. Plus - Growth;;;10.6475;10.6475;10.6475;26-Nov-2006
102833;HSBC Floating Rate Fund - Short Term - Regular - Dividend - Daily;;;10.0000;10.0000;10.0000;26-Nov-2006
102834;HSBC Floating Rate Fund - Short Term - Regular - Dividend - Weekly;;;10.0054;10.0054;10.0054;26-Nov-2006
102832;HSBC Floating Rate Fund - Short Term - Regular - Growth;;;11.1914;11.1914;11.1914;26-Nov-2006

Standard Chartered Mutual Fund
101630;Grindlays Floating Rate Fund - Growth;;;12.124;12.124;12.124;26-Nov-2006
101631;Grindlays Floating Rate Fund- Dividend Monthly;;;10.0754;10.0754;10.0754;26-Nov-2006

Open Ended Schemes ( Fund of Funds - Domestic )


Fidelity Mutual Fund
103419;Fidelity MultiManager Cash Fund-Dividend Re-investment Option;;;10.0197;10.0197;10.0197;26-Nov-2006
103418;Fidelity MultiManager Cash Fund-Growth Option;;;10.5613;10.5613;10.5613;26-Nov-2006

Open Ended Schemes ( Debt Scheme - Overnight Fund )


HDFC Mutual Fund
101996;HDFC Overnight Fund - Growth Option;INF179KB1HS3;;12.5851;12.5851;12.5851;26-Nov-2006
101997;HDFC Overnight Fund - IDCW Option (Daily);;INF179KB1IF8;10.4266;10.4266;10.4266;26-Nov-2006

SBI Mutual Fund
101206;SBI OVERNIGHT FUND - REGULAR PLAN - GROWTH;INF200K01LQ9;;12.6238;12.6238;12.6238;26-Nov-2006
103140;SBI Overnight Fund - Regular Plan - Weekly Income Distribution cum Capital Withdrawal Option (IDCW);INF200K01LO4;INF200K01LP1;10.2300;10.2300;10.2300;26-Nov-2006

Open Ended Schemes ( Debt Scheme - Liquid Fund )


Aditya Birla Sun Life Mutual Fund
100049;Aditya Birla Sun Life Cash Plus-Institutional - Fortnightly Dividend;;;10.825;10.825;10.825;26-Nov-2006
100052;Aditya Birla Sun Life Cash Plus-Institutional Premium - Fortnightly Dividend;;;10.0624;10.0624;10.0624;26-Nov-2006
100053;Aditya Birla Sun Life Cash Plus-Institutional Premium Plan-Monthly Dividend;;;10.0512;10.0512;10.0512;26-Nov-2006
100047;Aditya Birla Sun Life Liquid Fund - Growth;INF209K01RU9;;11.6076;11.6076;11.6076;26-Nov-2006
100046;Aditya Birla Sun Life Liquid Fund -Daily IDCW;INF209K01KQ2;INF209K01SQ5;10.0195;10.0195;10.0195;26-Nov-2006
100041;Aditya Birla Sun Life Liquid Fund -Institutional - IDCW;;INF209K01KN9;10.8023;10.8023;10.8023;26-Nov-2006
100048;Aditya Birla Sun Life Liquid Fund -Institutional - weekly  IDCW;INF209KA1LK7;INF209K01KY6;10.8108;10.8108;10.8108;26-Nov-2006
100044;Aditya Birla Sun Life Liquid Fund -Retail - IDCW;;INF209K01KP4;16.3694;16.3694;16.3694;26-Nov-2006
100051;Aditya Birla Sun Life Liquid Fund -weekly IDCW;INF209K01KU4;INF209KA1LJ9;10.0264;10.0264;10.0264;26-Nov-2006
100043;Aditya Birla Sun Life Liquid Fund-Institutional (Growth);INF209K01RT1;;19.7756;19.7756;19.7756;26-Nov-2006
100042;Aditya Birla Sun Life Liquid Fund-Retail (Growth);INF209K01ME4;;19.6435;19.6435;19.6435;26-Nov-2006

Baroda BNP Paribas Mutual Fund
101408;Baroda BNP Paribas LIQUID FUND- Defunct Plan -Growth Option;INF955L01575;;13.0812;13.0812;13.0812;26-Nov-2006
101407;Baroda BNP Paribas LIQUID FUND-Defunct Plan- IDCW Option;INF955L01559;INF955L01567;11.2184;11.2184;11.2184;26-Nov-2006
101409;Baroda BNP Paribas LIQUID FUND-Defunct Plan-Daily IDCW Option;INF955L01518;INF955L01526;10.0375;10.0375;10.0375;26-Nov-2006

Canara Robeco Mutual Fund
101363;Canara Robeco Liquid Fund- INSTITUTIONAL-Daily Dividend Reinvestment;;INF760K01CC1;10.0410;10.0410;10.0410;26-Nov-2006
101362;Canara Robeco Liquid Fund- INSTITUTIONAL-Growth;INF760K01CD9;;13.3209;13.3209;13.3209;26-Nov-2006
101361;Canara Robeco Liquid Fund- INSTITUTIONAL-Weekly dividend;;INF760K01CE7;10.0469;10.0469;10.0469;26-Nov-2006
101364;Canara Robeco Liquid Fund-Retail-DRI;;INF760K01CF4;10.0410;10.0410;10.0410;26-Nov-2006
101365;Canara Robeco Liquid Fund-Retail-Growth;INF760K01CH0;;13.3081;13.3081;13.3081;26-Nov-2006

DSP Mutual Fund
103347;DSP Liquidity Fund - Regular Plan - Growth;INF740K01FK9;;1066.9938;1066.9938;1066.9938;26-Nov-2006
103348;DSP Liquidity Fund - Regular Plan - IDCW - Weekly;INF740K01FM5;INF740K01FL7;1000.5830;1000.5830;1000.5830;26-Nov-2006
103349;DSP Liquidity Fund- Regular Plan - IDCW - Daily;;INF740KA1OE0;1000.2000;1000.2000;1000.2000;26-Nov-2006
100943;DSP BlackRock Liquidity Fund - Regular Plan - Daily Dividend;;;10.0100;10.0100;10.0100;26-Nov-2006
100940;DSP BlackRock Liquidity Fund - Regular Plan - Growth;INF740K01CN0;;17.8770;17.8770;17.8770;26-Nov-2006
100941;DSP BlackRock Liquidity Fund - Regular Plan Weekly Dividend;;;12.4046;12.4046;12.4046;26-Nov-2006

Franklin Templeton Mutual Fund
100543;Franklin India Liquid Fund - Liquid Plan - Daily IDCW;;;1000.2500;1000.2500;1000.2500;26-Nov-2006
100544;Franklin India Liquid Fund - Liquid Plan - Growth;;;1118.1150;1118.1150;1118.1150;26-Nov-2006
100542;Franklin India Liquid Fund - Liquid Plan - Weekly Dividend;;;1000.5749;1000.5749;1000.5749;26-Nov-2006
100541;Franklin India Liquid Fund - Regular Plan - Daily - IDCW;;INF090I01BA3;1512.3400;1512.3400;1512.3400;26-Nov-2006
100538;Franklin India Liquid Fund - Regular Plan - Growth;INF090I01BB1;;1816.4098;1816.4098;1816.4098;26-Nov-2006
100537;Franklin India Liquid Fund - Regular Plan - Weekly - IDCW;INF090I01BL0;INF090I01BI6;1244.3238;1244.3238;1244.3238;26-Nov-2006
100547;Franklin India Liquid Fund - Super Institutional Plan - Daily - IDCW;;INF090I01BF2;1000.2500;1000.2500;1000.2500;26-Nov-2006
100546;Franklin India Liquid Fund - Super Institutional Plan - Growth;INF090I01BG0;;1078.8403;1078.8403;1078.8403;26-Nov-2006
100548;Franklin India Liquid Fund - Super Institutional Plan - Weekly - IDCW;INF090I01BM8;INF090I01BH8;1016.1409;1016.1409;1016.1409;26-Nov-2006
102441;Franklin India Liquid Fund - Institution-Growth;INF090I01BD7;;1141.8897;1141.8897;1141.8897;26-Nov-2006
102443;Franklin India Liquid Fund - Institutional Plan - Daily - IDCW;;INF090I01BC9;1000.2500;1000.2500;1000.2500;26-Nov-2006
102442;Franklin India Liquid Fund - Institutional Plan - Weekly - IDCW;INF090I01BJ4;INF090I01BE5;1000.6024;1000.6024;1000.6024;26-Nov-2006

HDFC Mutual Fund
100868;HDFC Liquid Fund - Growth Plan;INF179KB1HK0;;14.4851;14.4851;14.4851;26-Nov-2006
100875;HDFC Liquid Fund - IDCW Daily;;INF179KB1IC5;10.1982;10.1982;10.1982;26-Nov-2006
100876;HDFC Liquid Fund - IDCW Monthly;INF179KB1HM6;INF179KB1HL8;10.3165;10.3165;10.3165;26-Nov-2006
100874;HDFC Liquid Fund - IDCW Plan Weekly;INF179KB1ID3;;10.322;10.322;10.322;26-Nov-2006
100877;HDFC Liquid Fund-Premium Plan - Dividend-Daily;;INF179K01KN4;12.2598;12.2598;12.2598;26-Nov-2006
100878;HDFC Liquid Fund-Premium Plan - Dividend-Weekly;INF179K01KP9;;12.4904;12.4904;12.4904;26-Nov-2006
100881;HDFC Liquid Fund-Premium Plus Plan - Dividend-Weekly;INF179K01KS3;;12.432;12.432;12.432;26-Nov-2006
100872;HDFC Liquid Fund-PREMIUM PLUS- Growth;INF179K01KQ7;;14.6079;14.6079;14.6079;26-Nov-2006
100873;HDFC Liquid Fund-PREMIUM- Growth;INF179KB1HN4;;14.5766;14.5766;14.5766;26-Nov-2006

HSBC Mutual Fund
101700;HSBC Cash Fund - Dividend - Daily;;INF336L01321;10.0056;10.0056;10.0056;26-Nov-2006
101702;HSBC Cash Fund - Dividend - Monthly;INF336L01305;INF336L01297;10.0122;10.0122;10.0122;26-Nov-2006
101701;HSBC Cash Fund - Dividend - Weekly;;INF336L01347;10.0098;10.0098;10.0098;26-Nov-2006
101692;HSBC Cash Fund - Inst. - Dividend - Daily;;INF336L01354;10.4401;10.4401;10.4401;26-Nov-2006
101694;HSBC Cash Fund - Inst. - Dividend - Monthly;INF336L01370;INF336L01362;10.4567;10.4567;10.4567;26-Nov-2006
101693;HSBC Cash Fund - Inst. - Dividend - Weekly;;INF336L01388;10.4533;10.4533;10.4533;26-Nov-2006
101691;HSBC Cash Fund - Inst. - Growth;INF336L01289;;12.3237;12.3237;12.3237;26-Nov-2006
101697;HSBC Cash Fund - Regular - Dividend - Daily;;INF336L01263;10.1930;10.1930;10.1930;26-Nov-2006
101698;HSBC Cash Fund - Regular - Dividend - Weekly;;INF336L01313;10.0075;10.0075;10.0075;26-Nov-2006
101696;HSBC Liquid Fund - Growth closed plan;INF336L01271;;12.2912;12.2912;12.2912;26-Nov-2006
101699;HSBC Liquid Fund Closed;INF336L01339;;11.4982;11.4982;11.4982;26-Nov-2006

ICICI Prudential Mutual Fund
100357;ICICI Prudential Liquid Fund -Quarterly IDCW;INF109K01UU5;INF109K01UT7; 10.8365 ; 10.8365 ; 10.8365 ;26-Nov-2006
100361;ICICI Prudential Liquid Fund-Dividend-Institutional Plus - Monthly;;INF109K01VL2; 11.9768 ; 11.9768 ; 11.9768 ;26-Nov-2006
100359;ICICI Prudential Liquid Institutional Plus Fund - Div - Daily;INF109K01VJ6;; 11.8515 ; 11.8515 ; 11.8515 ;26-Nov-2006
100360;ICICI Prudential Liquid Institutional Plus Fund - Div - Weekly;INF109K01VM0;; 11.8671 ; 11.8671 ; 11.8671 ;26-Nov-2006
100362;ICICI Prudential Liquid Institutional Plus Fund - Growth;INF109K01VK4;; 18.1241 ; 18.1241 ; 18.1241 ;26-Nov-2006
103343;ICICI Prudential Liquid Fund - Daily IDCW;INF109K01VP3;; 10.0000 ; 10.0000 ; 10.0000 ;26-Nov-2006
103340;ICICI Prudential Liquid Fund - Growth;INF109K01VQ1;; 10.6819 ; 10.6819 ; 10.6819 ;26-Nov-2006
104308;ICICI Prudential Liquid Fund - Half Yearly IDCW;INF109K01UX9;INF109K01UW1; 10.1174 ; 10.1174 ; 10.1174 ;26-Nov-2006
103344;ICICI Prudential Liquid Fund - Institutional Option - I;INF109K01VH0;; 10.4559 ; 10.4559 ; 10.4559 ;26-Nov-2006
103342;ICICI Prudential Liquid Fund - Weekly IDCW;INF109K01VS7;; 10.0125 ; 10.0125 ; 10.0125 ;26-Nov-2006
103341;ICICI Prudential Liquid Fund -Monthly IDCW;INF109K01VR9;; 10.0535 ; 10.0535 ; 10.0535 ;26-Nov-2006
101748;ICICI Prudential Liquid Fund - Institutional - Daily - Div;INF109K01VE7;; 11.8502 ; 11.8502 ; 11.8502 ;26-Nov-2006
101749;ICICI Prudential Liquid Fund - Institutional - Monthly - Div;;INF109K01VG2; 10.0516 ; 10.0516 ; 10.0516 ;26-Nov-2006
101753;ICICI Prudential Liquid Fund - Institutional - Weekly - Div;INF109K01VI8;; 11.8547 ; 11.8547 ; 11.8547 ;26-Nov-2006
101754;ICICI Prudential Liquid Fund Retail Daily Dividend;INF109K01UR1;; 11.8514 ; 11.8514 ; 11.8514 ;26-Nov-2006
101750;ICICI Prudential Liquid Fund Retail Growth;INF109K01UQ3;; 17.8917 ; 17.8917 ; 17.8917 ;26-Nov-2006
101755;ICICI Prudential Liquid Fund Retail Monthly Dividend;INF109K01US9;; 11.8911 ; 11.8911 ; 11.8911 ;26-Nov-2006
101752;ICICI Prudential Liquid Fund Retail Weekly Dividend;INF109K01UV3;; 11.8436 ; 11.8436 ; 11.8436 ;26-Nov-2006
101751;ICICI Prudential Liquid Institutional Fund - Growth;INF109K01VF4;; 18.0683 ; 18.0683 ; 18.0683 ;26-Nov-2006

Invesco Mutual Fund
104484;Invesco India Liquid Fund - Daily IDCW (Reinvestment);;INF205K01HN3;10.0000;10.0000;10.0000;26-Nov-2006
104486;Invesco India Liquid Fund - Growth;INF205K01HM5;;10.0197;10.0197;10.0197;26-Nov-2006
104488;Invesco India Liquid Fund - Regular - Growth;INF205K01HG7;;10.0186;10.0186;10.0186;26-Nov-2006
104489;Invesco India Liquid Fund - Regular - Weekly IDCW (Reinvestment);;INF205K01HH5;10.0187;10.0187;10.0187;26-Nov-2006
104485;Invesco India Liquid Fund - Weekly IDCW (Reinvestment);INF205KA1BD7;INF205K01HO1;10.0197;10.0197;10.0197;26-Nov-2006
104483;Religare Invesco Liquid Fund - Institutional - Daily Dividend;;INF205K01HJ1;10.0000;10.0000;10.0000;26-Nov-2006
104491;Religare Invesco Liquid Fund - Institutional - Growth;INF205K01HI3;;10.0195;10.0195;10.0195;26-Nov-2006
104490;Religare Invesco Liquid Fund - Institutional - Weekly Dividend;;INF205K01HK9;10.0195;10.0195;10.0195;26-Nov-2006

JM Financial Mutual Fund
100241;JM High Liquidity Fund-- Institutional Plan - Dividend;INF192K01924;INF192K01932;10.1384;10.1384;10.1384;26-Nov-2006
100237;JM High Liquidity Fund-- Institutional Plan - Growth;INF192K01940;;12.0968;12.0968;12.0968;26-Nov-2006
100243;JM High Liquidity Fund-- Premium Plan - Daily Dividend Option;;;10.0000;10.0000;10.0000;26-Nov-2006
100238;JM High Liquidity Fund-Institutional Plan - Daily Dividend;;INF192K01916;10.0159;10.0159;10.0159;26-Nov-2006
100245;JM High Liquidity Fund-Super Institutional Plan- Daily Dividend;;INF192K01957;10.0165;10.0165;10.0165;26-Nov-2006
100246;JM High Liquidity Fund-Super Institutional Plan- Weekly  Dividend;INF192K01965;INF192K01973;10.1262;10.1262;10.1262;26-Nov-2006
100244;JM Liquid Fund (Regular) - Quarterly IDCW;INF192K01866;INF192K01874;11.5448;11.5448;11.5448;26-Nov-2006
100247;JM Liquid Fund (Regular) - Super Institutional Plan - Growth Option;INF192K01981;;11.5023;11.5023;11.5023;26-Nov-2006
100233;JM Liquid Fund (Regular) - Weekly IDCW;INF192K01841;INF192K01858;10.3732;10.3732;10.3732;26-Nov-2006
100234;JM Liquid Fund - Growth Option;INF192K01882;;20.0511;20.0511;20.0511;26-Nov-2006
101549;JM Liquid Fund (Regular) - Bonus Option - Principal Units;INF192K01890;;10.5300;10.5300;10.5300;26-Nov-2006
101078;JM Liquid Fund (Regular) - Daily IDCW;;INF192K01833;10.4302;10.4302;10.4302;26-Nov-2006

Kotak Mahindra Mutual Fund
100833;Kotak Liquid Fund - Regular  - Daily Reinvestment of Income Distribution cum capital withdrawal option;;INF174K01NL3;12.2281;12.2281;12.2281;26-Nov-2006
100835;Kotak Liquid Fund - Regular Plan - Growth;INF174K01NI9;;14.7492;14.7492;14.7492;26-Nov-2006
100831;Kotak Liquid Fund -Institutional Plan - (Daily Dividend);;INF174K01GA0;12.2281;12.2281;12.2281;26-Nov-2006
100836;Kotak Liquid Fund -Sweep Daily Dividend;;;10.0071;10.0071;10.0071;26-Nov-2006
100834;Kotak Liquid Fund Regular Plan Weekly Reinvestment of Income Distribution cum capital withdrawal option Dividend;INF174K01NK5;;10.0466;10.0466;10.0466;26-Nov-2006
100830;Kotak Liquid-Institutional Plan  (Growth);INF174K01FZ9;;14.6565;14.6565;14.6565;26-Nov-2006
100832;Kotak Liquid-Institutional Plan (Weekly Dividend);;INF174K01GB8;10.0333;10.0333;10.0333;26-Nov-2006
100828;Kotak Liquid-Regular (Dividend);;INF174K01FY2;10.0303;10.0303;10.0303;26-Nov-2006
100829;Kotak Liquid-Regular (Growth);INF174K01NM1;;14.4514;14.4514;14.4514;26-Nov-2006

Nippon India Mutual Fund
100852;NIPPON INDIA LIQUID FUND - DAILY IDCW OPTION;;INF204K01UM1;15.2861;15.2861;15.2861;26-Nov-2006
100855;NIPPON INDIA LIQUID FUND - MONTHLY IDCW OPTION;INF204K01UO7;INF204K01UP4;15.4751;15.4751;15.4751;26-Nov-2006
100837;Nippon India Liquid Fund - Retail Option - Growth Plan;INF204K01UL3;;17.6181;17.6181;17.6181;26-Nov-2006
100842;NIPPON INDIA LIQUID FUND - RETAIL Plan - DAILY IDCW OPTION;;INF204K01UJ7;15.2415;15.2415;15.2415;26-Nov-2006
100843;NIPPON INDIA LIQUID FUND - RETAIL plan - MONTHLY IDCW OPTION;INF204K01UT6;INF204K01UU4;11.1192;11.1192;11.1192;26-Nov-2006
100844;NIPPON INDIA LIQUID FUND - RETAIL Plan - QUARTERLY IDCW OPTION;INF204K01UV2;INF204K01UW0;17.235;17.235;17.235;26-Nov-2006
100838;NIPPON INDIA LIQUID FUND - RETAIL Plan - WEEKLY IDCW OPTION;;INF204K01UK5;10.345;10.345;10.345;26-Nov-2006
100853;NIPPON INDIA LIQUID FUND - WEEKLY IDCW OPTION;INF204KC1FM8;INF204K01US8;15.3081;15.3081;15.3081;26-Nov-2006
100851;Nippon India Liquid Fund -Growth Plan;INF204K01UN9;;17.7681;17.7681;17.7681;26-Nov-2006
100849;Reliance Liquid Fund-Cash Plan-Daily Dividend Reinvestment Option;;;11.1411;11.1411;11.1411;26-Nov-2006
100845;Reliance Liquid Fund-Cash Plan-Growth Plan;;;12.7596;12.7596;12.7596;26-Nov-2006
100848;Reliance Liquid Fund-Cash Plan-Weekly Dividend Reinvestment Option;;;10.9192;10.9192;10.9192;26-Nov-2006

Principal Mutual Fund
100895;Principal Cash Management Fund - Daily Income Distribution CUM Capital Withdrawal;;INF173K01DB7;10.0007;10.0007;10.0007;26-Nov-2006
100897;Principal Cash Management Fund - Monthly Income Distribution CUM Capital Withdrawal Option;INF173K01BV9;INF173K01BW7;10.0577;10.0577;10.0577;26-Nov-2006
100896;Principal Cash Management Fund - Weekly Income Distribution CUM Capital Withdrawal Option;;INF173K01DC5;10.0067;10.0067;10.0067;26-Nov-2006
100898;Principal Cash Management Fund -Growth Option;INF173K01DA9;;11.3811;11.3811;11.3811;26-Nov-2006
100892;Principal Cash Management-Liquid Option-Daily Dividend;;;10.0022;10.0022;10.0022;26-Nov-2006
100887;Principal Cash Management-Liquid Option-Dividend Plan;;;10.1256;10.1256;10.1256;26-Nov-2006
100888;Principal Cash Management-Liquid Option-Growth Plan;;;14.358;14.358;14.358;26-Nov-2006
100894;Principal Cash Management-Liquid Option-Institutional - Daily Dividend Plan;;;10.0022;10.0022;10.0022;26-Nov-2006
100893;Principal Cash Management-Liquid Option-Institutional - Growth Plan;;;12.0589;12.0589;12.0589;26-Nov-2006
100891;Principal Cash Management-Liquid Option-Institutional - Monthly Dividend Plan;;;10.0564;10.0564;10.0564;26-Nov-2006
100890;Principal Cash Management-Liquid Option-Institutional - Weekly Dividend Plan;;;10.0074;10.0074;10.0074;26-Nov-2006
100889;Principal Cash Management-Liquid Option-Monthly Dividend;;;10.0547;10.0547;10.0547;26-Nov-2006

Quantum Mutual Fund
103736;Quantum Liquid Fund - Direct Plan Daily IDCW;;INF082J01135;10.0000;10.0000;10.0000;26-Nov-2006
103734;Quantum Liquid Fund - Direct Plan Growth Option;INF082J01127;;10.3922;10.3922;10.3922;26-Nov-2006
103735;Quantum Liquid Fund - Direct Plan Monthly IDCW;INF082J01143;INF082J01200;10.0018;10.0018;10.0018;26-Nov-2006

Taurus Mutual Fund
104240;Taurus Liquid Fund-Dividend;INF044D01542;INF044D01559;10.0041;10.0041;10.0041;26-Nov-2006
104241;Taurus Liquid Fund-Growth;INF044D01575;;10.1155;10.1155;10.1155;26-Nov-2006

UTI Mutual Fund
102010;UTI Liquid Fund - Regular Plan - Daily IDCW (Reinvestment);;INF789F01PG3;1019.4457;1019.4457;1019.4457;26-Nov-2006
102011;UTI Liquid Fund - Regular Plan - Monthly IDCW;INF789F01PI9;INF789F01PJ7;1029.283;1029.283;1029.283;26-Nov-2006
102013;UTI Liquid Fund - Regular Plan - Weekly IDCW;;INF789F01PK5;1022.8757;1022.8757;1022.8757;26-Nov-2006
102012;UTI-  Liquid Cash Plan - Regular Plan - Growth Option;INF789F01PH1;;1201.3966;1201.3966;1201.3966;26-Nov-2006
102008;UTI-  Liquid Cash Plan- Discontinued - Regular Plan - Monthly Dividend Option;INF789F01BC2;INF789F01BA6;1032.3604;1032.3604;1032.3604;26-Nov-2006
102009;UTI-  Liquid Cash Plan- Discontinued - Regular Plan -Growth;INF789F01BB4;;1195.4496;1195.4496;1195.4496;26-Nov-2006
102007;UTI-  Liquid Cash Plan- Discontinued -Regular Plan Periodic Dividend Option;;INF789F01AZ5;1016.9789;1016.9789;1016.9789;26-Nov-2006

Open Ended Schemes ( Debt Scheme - Ultra Short Duration Fund )


JM Financial Mutual Fund
104270;JM Money Manager Fund - Super Plan - Dividend option - Daily dividend;;;10.0000;10.0000;10.0000;26-Nov-2006
104269;JM Money Manager Fund - Super Plan - Growth Plan;;;10.1196;10.1196;10.1196;26-Nov-2006
104268;JM Money Manager Fund - Super Plus Plan - Dividend option - Daily dividend;;;10.0000;10.0000;10.0000;26-Nov-2006
104267;JM Money Manager Fund - Super Plus Plan - Growth option;;;10.1217;10.1217;10.1217;26-Nov-2006
104272;JM Ultra Short Duration Fund - Daily Dividend;;INF192K01AN8;10.0000;10.0000;10.0000;26-Nov-2006
104271;JM Ultra Short Duration Fund - Growth option;INF192K01AQ1;;10.1094;10.1094;10.1094;26-Nov-2006

SBI Mutual Fund
100641;SBI ULTRA SHORT DURATION FUND - REGULAR PLAN - GROWTH;INF200K01LJ4;;16.3758;16.3758;16.3758;26-Nov-2006
103884;SBI Ultra Short Duration Fund - Regular Plan - Weekly Income Distribution cum Capital Withdrawal Option (IDCW);INF200K01LM8;INF200K01LL0;10.6135;10.6135;10.6135;26-Nov-2006

UTI Mutual Fund
102532;UTI Ultra Short Duration Fund - Regular Plan - Growth Option;INF789F01570;;1193.0461;1193.0461;1193.0461;26-Nov-2006
102531;UTI Ultra Short Duration Fund - Regular Plan - Weekly IDCW (Reinvestment);;INF789F01562;1014.308;1014.308;1014.308;26-Nov-2006

Open Ended Schemes ( Debt Scheme - Low Duration Fund )


Aditya Birla Sun Life Mutual Fund
103192;Aditya Birla Sun Life Low Duration Fund - Growth Plan;INF209K01LQ0;;17.9307;17.9307;17.9307;26-Nov-2006
103195;Aditya Birla Sun Life Low Duration Fund - Institutional Plan - Growth;INF209K01KE8;;12.1731;12.1731;12.1731;26-Nov-2006
103191;Aditya Birla Sun Life Low Duration Fund -INSTITUTIONAL - DAILY IDCW;;INF209K01KD0;10.002;10.002;10.002;26-Nov-2006
103194;Aditya Birla Sun Life Low Duration Fund -Institutional - weekly  IDCW;;INF209K01KG3;10.01;10.01;10.01;26-Nov-2006
103193;Aditya Birla Sun Life Low Duration Fund -REGULAR - WEEKLY IDCW;;INF209KA1LQ4;10.0097;10.0097;10.0097;26-Nov-2006

Canara Robeco Mutual Fund
102913;CANARA ROBECO SAVINGS FUND - REGULAR PLAN - GROWTH OPTION;INF760K01795;;11.1520;11.1520;11.1520;26-Nov-2006
102914;CANARA ROBECO SAVINGS FUND - REGULAR PLAN - IDCW (Payout/Reinvestment);INF760K01779;INF760K01787;10.7255;10.7255;10.7255;26-Nov-2006
102915;CANARA ROBECO SAVINGS FUND - REGULAR PLAN - WEEKLY IDCW (Payout/Reinvestment);INF760K01CB3;INF760K01811;10.2665;10.2665;10.2665;26-Nov-2006

Open Ended Schemes ( Debt Scheme - Money Market Fund )


Aditya Birla Sun Life Mutual Fund
101973;Aditya Birla Sun Life Money Manager Fund - Daily IDCW;;INF209K01SZ6;10.0086;10.0086;10.0086;26-Nov-2006
101976;Aditya Birla Sun Life Money Manager Fund - Growth;INF209K01RV7;;10.6861;10.6861;10.6861;26-Nov-2006
101972;Aditya Birla Sun Life Money Manager Fund - Retail - Daily IDCW;;INF209K01JZ5;10.0015;10.0015;10.0015;26-Nov-2006
101970;Aditya Birla Sun Life Money Manager Fund - RETAIL - WEEKLY IDCW;;INF209K01JY8;10.3784;10.3784;10.3784;26-Nov-2006
101971;Aditya Birla Sun Life Money Manager Fund - Retail Growth;INF209K01MJ3;;12.0125;12.0125;12.0125;26-Nov-2006
101974;Aditya Birla Sun Life Money Manager Fund - WEEKLY IDCW;;INF209K01SY9;10.0114;10.0114;10.0114;26-Nov-2006

Franklin Templeton Mutual Fund
101352;Templeton Floating Rate Income Fund-Short Term Plan-Dividend Option;;;10.0085;10.0085;10.0085;26-Nov-2006
101353;Templeton Floating Rate Income Fund-Short Term Plan-Growth Option;;;13.1305;13.1305;13.1305;26-Nov-2006
101355;Templeton Floating Rate Income Fund-Short Term Plan-Institutional Option - Dividend;;;10.0084;10.0084;10.0084;26-Nov-2006
101354;Templeton Floating Rate Income Fund-Short Term Plan-Institutional Option - Growth;;;10.7583;10.7583;10.7583;26-Nov-2006

HDFC Mutual Fund
101994;HDFC Money Market Fund - Daily IDCW Option;;INF179KB1IG6;10.6364;10.6364;10.6364;26-Nov-2006
101993;HDFC Money Market Fund - Growth Option;INF179KB1HR5;;15.2148;15.2148;15.2148;26-Nov-2006
101995;HDFC Money Market Fund - Weekly IDCW Option;INF179KB1IH4;INF179KB1II2;10.6288;10.6288;10.6288;26-Nov-2006

ICICI Prudential Mutual Fund
101221;ICICI Prudential Money Market Fund Retail Growth (erstwhile Cash Option);INF109K01TW3;; 12.3992 ; 12.3992 ; 12.3992 ;26-Nov-2006
103634;ICICI Prudential Money Market Fund Option - Daily IDCW;INF109K01TY9;; 10.0000 ; 10.0000 ; 10.0000 ;26-Nov-2006
103633;ICICI Prudential Money Market Fund Option - Growth;INF109K01TX1;; 10.4912 ; 10.4912 ; 10.4912 ;26-Nov-2006
103637;ICICI Prudential Money Market Fund Option - Monthly IDCW;INF109K01UC3;INF109K01UB5; 10.0503 ; 10.0503 ; 10.0503 ;26-Nov-2006
103635;ICICI Prudential Money Market Fund Option - Weekly IDCW;INF109K01TZ6;; 10.0109 ; 10.0109 ; 10.0109 ;26-Nov-2006
103636;ICICI Prudential Money Market Fund Option -Fortnightly IDCW;INF109K01UA7;; 10.0206 ; 10.0206 ; 10.0206 ;26-Nov-2006

Kotak Mahindra Mutual Fund
101893;Kotak Money Market Fund - (Growth);INF174K01NA6;;11.9938;11.9938;11.9938;26-Nov-2006
101892;Kotak Money market Fund - (Monthly Payout of Income Distribution cum capital withdrawal option);INF174K018O0;INF174K01NB4;10.0283;10.0283;10.0283;26-Nov-2006
101894;Kotak Money Market Fund - (Weekly Reinvestment of Income Distribution cum capital withdrawal option);INF174K01NC2;;10.0175;10.0175;10.0175;26-Nov-2006

Nippon India Mutual Fund
103050;NIPPON INDIA MONEY MARKET FUND - DAILY IDCW Option;;INF204K01UY6;10.0031;10.0031;10.0031;26-Nov-2006
103052;NIPPON INDIA MONEY MARKET FUND - MONTHLY IDCW Option;INF204K01VB2;INF204K01VC0;10.6518;10.6518;10.6518;26-Nov-2006
103051;NIPPON INDIA MONEY MARKET FUND - WEEKLY IDCW Option;;INF204K01UZ3;10.0057;10.0057;10.0057;26-Nov-2006
103048;Nippon India Money Market Fund-Growth Plan-Growth Option;INF204K01VA4;;10.9293;10.9293;10.9293;26-Nov-2006

UTI Mutual Fund
100724;UTI MMF- Discontinued - Regular Plan - Flexi Dividend Option;;INF789F01BD0;17.5921;17.5921;17.5921;26-Nov-2006
100725;UTI MMF- Discontinued - Regular Plan - Periodic Dividend Option;INF789F01BE8;;17.4795;17.4795;17.4795;26-Nov-2006
100723;UTI MMF-Discontinued - Regular Plan -Growth;INF789F01BF5;;20.4829;20.4829;20.4829;26-Nov-2006

Open Ended Schemes ( Debt Scheme - Credit Risk Fund )


DSP Mutual Fund
101839;DSP Credit Risk Fund - Regular Plan - IDCW;INF740K01581;INF740K01AB9;10.2980;10.2980;10.2980;26-Nov-2006
101840;DSP Credit Risk Fund - Regular Plan - IDCW - Daily;;INF740KA1OA8;10.0312;10.0312;10.0312;26-Nov-2006
101838;DSP Credit Risk Fund - Regular Plan - IDCW - Weekly;INF740K01FR4;INF740K01FQ6;10.0384;10.0384;10.0384;26-Nov-2006
101837;DSP Credit Risk Fund - Regular Plan -Growth;INF740K01599;;12.0453;12.0453;12.0453;26-Nov-2006

Principal Mutual Fund
102729;Principal Credit Risk Fund - Regular Plan - Growth Option;INF173K01DM4;;11.366;11.366;11.366;26-Nov-2006
102732;Principal Credit Risk Fund - Regular Plan - Monthly Dividend Option;INF173K01BJ4;INF173K01BK2;10.3068;10.3068;10.3068;26-Nov-2006
102726;Principal Floating Rate Fund - SMP-Daily Dividend;;;10.0007;10.0007;10.0007;26-Nov-2006
102725;Principal Floating Rate Fund - SMP-Growth;;;11.3267;11.3267;11.3267;26-Nov-2006
102730;Principal Floating Rate Fund - SMP-Insti. Daily Dividend;;;10.0007;10.0007;10.0007;26-Nov-2006
102731;Principal Floating Rate Fund - SMP-Insti. Weekly Dividend;;;10.0066;10.0066;10.0066;26-Nov-2006
102728;Principal Floating Rate Fund - SMP-Monthly Dividend;;;10.1749;10.1749;10.1749;26-Nov-2006
102727;Principal Floating Rate Fund - SMP-Weekly Dividend;;;10.0065;10.0065;10.0065;26-Nov-2006

Open Ended Schemes ( Debt Scheme - Floater Fund )


Franklin Templeton Mutual Fund
101048;Franklin India Floating Rate Fund - Growth Plan;INF090I01LM7;;13.3173;13.3173;13.3173;26-Nov-2006
101044;Franklin India Floating Rate Fund - IDCW ;INF090I01LN5;;10.0000;10.0000;10.0000;26-Nov-2006

HDFC Mutual Fund
101483;HDFC Floating Rate Debt Fund - Retail Daily Div Option;;INF179K01640;10.0809;10.0809;10.0809;26-Nov-2006
101481;HDFC Floating Rate Debt Fund - Retail Growth Option;INF179K01632;;12.2767;12.2767;12.2767;26-Nov-2006
101484;HDFC Floating Rate Debt Fund - Retail Monthly Div option;INF179K01657;INF179K01665;10.1975;10.1975;10.1975;26-Nov-2006
101482;HDFC Floating Rate Debt Fund - Retail Weekly Div Option;INF179K01681;INF179K01673;10.1471;10.1471;10.1471;26-Nov-2006

ICICI Prudential Mutual Fund
101804;ICICI Prudential Floating Interest Fund - Daily IDCW;INF109K01AW3;; 10.0000 ; 10.0000 ; 10.0000 ;26-Nov-2006
101803;ICICI Prudential Floating Interest Fund - Fortnightly IDCW;INF109K01AZ6;; 10.0223 ; 10.0223 ; 10.0223 ;26-Nov-2006
101802;ICICI Prudential Floating Interest Fund - Growth;INF109K01AX1;; 10.6882 ; 10.6882 ; 10.6882 ;26-Nov-2006
101800;ICICI Prudential Floating Interest Fund Plan A - Dividend Daily;INF109K01928;; 10.0020 ; 9.9520 ; 10.0020 ;26-Nov-2006
101796;ICICI Prudential Floating Interest Fund Plan A - Fortnightly Dividend;INF109K01910;; 10.0220 ; 9.9718 ; 10.0220 ;26-Nov-2006
101795;ICICI Prudential Floating Interest Fund Plan A - Growth;INF109K01936;; 11.3348 ; 11.2781 ; 11.3348 ;26-Nov-2006
101799;ICICI Prudential Floating Interest Fund Plan B - Dividend Daily;INF109K01951;; 10.0020 ; 10.0020 ; 10.0020 ;26-Nov-2006
101794;ICICI Prudential Floating Interest Fund Plan B - Fortnightly Dividend;INF109K01969;; 10.0593 ; 10.0593 ; 10.0593 ;26-Nov-2006
101793;ICICI Prudential Floating Interest Fund Plan B - Growth;INF109K01977;; 12.1549 ; 12.1549 ; 12.1549 ;26-Nov-2006
101801;ICICI Prudential Floating Interest Fund Plan C - Dividend Daily;INF109K01AA9;; 10.0020 ; 10.0020 ; 10.0020 ;26-Nov-2006
101798;ICICI Prudential Floating Interest Fund Plan C - Fortnightly Dividend;INF109K01993;; 10.0226 ; 10.0226 ; 10.0226 ;26-Nov-2006
101797;ICICI Prudential Savings Fund Plan C - Growth;INF109K01AB7;; 11.4267 ; 11.4267 ; 11.4267 ;26-Nov-2006

Nippon India Mutual Fund
102676;NIPPON INDIA FLOATER FUND - DAILY IDCW REINVESTMENT Option;;INF204K01CI7;10.0618;10.0618;10.0618;26-Nov-2006
102673;Nippon India Floater Fund - Growth Plan-Growth Option;INF204K01CG1;;11.3595;11.3595;11.3595;26-Nov-2006
102675;NIPPON INDIA FLOATER FUND - MONTHLY IDCW Option;INF204K01CH9;INF204K01CK3;10.1266;10.1266;10.1266;26-Nov-2006
102677;NIPPON INDIA FLOATER FUND - WEEKLY IDCW Option;INF204K01OQ5;INF204K01CJ5;10.0805;10.0805;10.0805;26-Nov-2006
