Scheme Code;Scheme Name;ISIN Div Payout/ISIN Growth;ISIN Div Reinvestment;Net Asset Value;Repurchase Price;Sale Price;Date

Open Ended Schemes ( Liquid )


PGIM India Mutual Fund
120102;DHFL Pramerica Liquid Fund - Direct Plan-Daily Dividend Option;;INF663L01633;1000.4200;1000.4200;1000.4200;07-Sep-2013
120104;DHFL Pramerica Liquid Fund - Direct Plan-Growth Option;INF663L01625;;1299.1086;1299.1086;1299.1086;07-Sep-2013
120105;DHFL Pramerica Liquid Fund - Direct Plan-Monthly Dividend Option;INF663L01682;INF663L01666;1003.7078;1003.7078;1003.7078;07-Sep-2013
120106;DHFL Pramerica Liquid Fund - Direct Plan-Weekly Dividend - Option;;INF663L01641;1001.3698;1001.3698;1001.3698;07-Sep-2013
113184;DHFL Pramerica Liquid Fund - Dividend Option - Daily;;INF663L01088;1000.3700;1000.3700;1000.3700;07-Sep-2013
113187;DHFL Pramerica Liquid Fund - Dividend Option - Fortnightly;INF663L01120;INF663L01104;1003.4396;1003.4396;1003.4396;07-Sep-2013
113186;DHFL Pramerica Liquid Fund - Dividend Option - Monthly;INF663L01138;INF663L01112;1003.4435;1003.4435;1003.4435;07-Sep-2013
113183;DHFL Pramerica Liquid Fund - Growth Option;INF663L01070;;1298.1441;1298.1441;1298.1441;07-Sep-2013
113185;DHFL Pramerica Liquid Fund -Dividend Option- Weekly;;INF663L01096;1001.2102;1001.2102;1001.2102;07-Sep-2013
122257;DHFL Pramerica Liquid Fund-Bonus Option;INF663L01BD5;;1298.0872;1298.0872;1298.0872;07-Sep-2013
122258;DHFL Pramerica Liquid Fund-Direct Plan-Bonus Option;INF663L01BE3;;1299.0876;1299.0876;1299.0876;07-Sep-2013

PineBridge Mutual Fund
119355;PineBridge India Liquid Fund- Direct Plan- Daily Dividend Option;;INF178L01AV8;1001.0000;1001.0000;1001.0000;07-Sep-2013
119360;PineBridge India Liquid Fund- Direct Plan- Growth Option;INF178L01AP0;;1536.5400;1536.5400;1536.5400;07-Sep-2013
106513;PineBridge India Liquid Fund- Standard Plan-Daily Dividend Option;;INF178L01699;1001.0000;1001.0000;1001.0000;07-Sep-2013
106508;PineBridge India Liquid Fund- Standard Plan-Growth Option;INF178L01715;;1535.9873;1535.9873;1535.9873;07-Sep-2013
106519;PineBridge India Liquid Fund- Standard Plan-Monthly Dividend Option;INF178L01723;INF178L01731;1004.2236;1004.2236;1004.2236;07-Sep-2013
106520;PineBridge India Liquid Fund- Standard Plan-Quarterly Dividend Option;INF178L01749;INF178L01756;1016.7403;1016.7403;1016.7403;07-Sep-2013
106509;PineBridge India Liquid Fund- Standard Plan-Weekly Dividend Option;;INF178L01764;1002.2803;1002.2803;1002.2803;07-Sep-2013
106503;PineBridge India Liquid Fund-Retail Plan-DailyDividend Option;;INF178L01533;1001.0000;1001.0000;1001.0000;07-Sep-2013
106514;PineBridge India Liquid Fund-Retail Plan-Growth Option;INF178L01558;;1500.3796;1500.3796;1500.3796;07-Sep-2013
106504;PineBridge India Liquid Fund-Retail Plan-Monthly Dividend Option;INF178L01566;INF178L01574;1004.2214;1004.2214;1004.2214;07-Sep-2013
106510;PineBridge India Liquid Fund-Retail Plan-Weekly Dividend Option;;INF178L01608;1002.2798;1002.2798;1002.2798;07-Sep-2013

Sahara Mutual Fund
101397;Sahara Liquid Fund-Fixed Pricing -  Weekly Dividend Option;;INF515L01064;1027.4373;1027.4373;1027.4373;07-Sep-2013
101393;Sahara Liquid Fund-Fixed Pricing - Daily Dividend Option;;INF515L01049;1034.3237;1034.3237;1034.3237;07-Sep-2013
120265;Sahara Liquid Fund-Fixed Pricing - Direct - Weekly Dividend Option;;INF515L01668;1027.4373;1027.4373;1027.4373;07-Sep-2013
120262;Sahara Liquid Fund-Fixed Pricing - Direct -Growth option;INF515L01650;;2192.5976;2192.5976;2192.5976;07-Sep-2013
101394;Sahara Liquid Fund-Fixed Pricing - Growth option;INF515L01056;;2192.0149;2192.0149;2192.0149;07-Sep-2013
101398;Sahara Liquid Fund-Fixed Pricing - Monthly Dividend Option;;INF515L01072;1038.0846;1038.0846;1038.0846;07-Sep-2013
120253;Sahara Liquid Fund-Fixed Pricing -Direct - Daily Dividend Option- Direct;;INF515L01643;1034.3237;1034.3237;1034.3237;07-Sep-2013
120266;Sahara Liquid Fund-Fixed Pricing -Direct - Monthly Dividend Option;;INF515L01676;1038.0846;1038.0846;1038.0846;07-Sep-2013
101399;Sahara Liquid Fund-Variable Pricing - Daily Dividend option;;INF515L01080;1034.3687;1034.3687;1034.3687;07-Sep-2013
101402;Sahara Liquid Fund-Variable Pricing - Growth option;INF515L01114;;2212.9719;2212.9719;2212.9719;07-Sep-2013
101400;Sahara Liquid Fund-Variable Pricing - Weekly Dividend Option;;INF515L01098;1039.6981;1039.6981;1039.6981;07-Sep-2013
120271;Sahara Liquid Fund-Variable Pricing -Direct - Daily Dividend option;;INF515L01684;1034.3687;1034.3687;1034.3687;07-Sep-2013
120280;Sahara Liquid Fund-Variable Pricing -Direct - Growth option;INF515L01718;;2213.6230;2213.6230;2213.6230;07-Sep-2013
120272;Sahara Liquid Fund-Variable Pricing -Direct - Weekly Dividend Option;;INF515L01692;1039.6981;1039.6981;1039.6981;07-Sep-2013
120273;Sahara Liquid Fund-Variable Pricing- Direct - Monthly Dividend Option;;INF515L01700;1041.6591;1041.6591;1041.6591;07-Sep-2013
101401;Sahara Liquid Fund-Variable Pricing- Monthly Dividend Option;;INF515L01106;1041.6591;1041.6591;1041.6591;07-Sep-2013

Open Ended Schemes ( Debt Scheme - Overnight Fund )


SBI Mutual Fund
119831;SBI Overnight Fund - Direct Plan - Daily Income Distribution cum Capital Withdrawal Option (IDCW);;INF200K01TJ7;1009.9100;1009.9100;1009.9100;07-Sep-2013
119833;SBI OVERNIGHT FUND - DIRECT PLAN - GROWTH;INF200K01TK5;;2095.4279;2095.4279;2095.4279;07-Sep-2013
119832;SBI Overnight Fund - Direct Plan - Weekly Income Distribution cum Capital Withdrawal Option (IDCW);INF200K01TL3;INF200K01TM1;1031.1904;1031.1904;1031.1904;07-Sep-2013
114297;SBI Overnight Fund - Regular Plan - Daily Income Distribution cum Capital Withdrawal Option (IDCW);;INF200K01LN6;1009.9100;1009.9100;1009.9100;07-Sep-2013
101206;SBI OVERNIGHT FUND - REGULAR PLAN - GROWTH;INF200K01LQ9;;2092.9985;2092.9985;2092.9985;07-Sep-2013
103140;SBI Overnight Fund - Regular Plan - Weekly Income Distribution cum Capital Withdrawal Option (IDCW);INF200K01LO4;INF200K01LP1;1031.1903;1031.1903;1031.1903;07-Sep-2013

Open Ended Schemes ( Debt Scheme - Liquid Fund )


Axis Mutual Fund
120388;Axis Liquid Fund - Direct Plan - Daily IDCW;;INF846K01DA0;1000.1107;1000.1107;1000.1107;07-Sep-2013
120389;Axis Liquid Fund - Direct Plan - Growth Option;INF846K01CX4;;1349.1581;1349.1581;1349.1581;07-Sep-2013
120391;Axis Liquid Fund - Direct Plan - Monthly IDCW;INF846K01CY2;INF846K01CZ9;1003.5051;1003.5051;1003.5051;07-Sep-2013
120390;Axis Liquid Fund - Direct Plan - Weekly IDCW;INF846K01DB8;INF846K01DC6;1003.5304;1003.5304;1003.5304;07-Sep-2013
112211;Axis Liquid Fund - Regular Plan - Daily IDCW;;INF846K01420;1000.1107;1000.1107;1000.1107;07-Sep-2013
112210;Axis Liquid Fund - Regular Plan - Growth Option;INF846K01412;;1348.5547;1348.5547;1348.5547;07-Sep-2013
112213;Axis Liquid Fund - Regular Plan - Monthly IDCW;INF846K01453;INF846K01461;1003.4850;1003.4850;1003.4850;07-Sep-2013
112212;Axis Liquid Fund - Regular Plan - Weekly IDCW;INF846K01438;INF846K01446;1003.5224;1003.5224;1003.5224;07-Sep-2013
112712;Axis Liquid Fund - Retail Plan - Daily IDCW;;INF846K01362;1000.1107;1000.1107;1000.1107;07-Sep-2013
112713;Axis Liquid Fund - Retail Plan - Growth Option;INF846K01354;;1311.4255;1311.4255;1311.4255;07-Sep-2013
112714;Axis Liquid Fund - Retail Plan - Monthly IDCW;INF846K01396;INF846K01404;1003.3215;1003.3215;1003.3215;07-Sep-2013
112715;Axis Liquid Fund - Retail Plan - Weekly IDCW;INF846K01370;INF846K01388;1001.4706;1001.4706;1001.4706;07-Sep-2013

Canara Robeco Mutual Fund
118307;CANARA ROBECO LIQUID FUND - DIRECT PLAN - DAILY IDCW (Reinvestment);;INF760K01FS0;1005.5000;1005.5000;1005.5000;07-Sep-2013
118305;CANARA ROBECO LIQUID FUND - DIRECT PLAN - GROWTH OPTION;INF760K01FU6;;1480.7866;1480.7866;1480.7866;07-Sep-2013
118304;CANARA ROBECO LIQUID FUND - DIRECT PLAN - IDCW (Payout/Reinvestment);INF760K01FT8;;1060.1500;1060.1500;1060.1500;07-Sep-2013
118306;CANARA ROBECO LIQUID FUND - DIRECT PLAN - MONTHLY IDCW (Payout/Reinvestment);INF760K01FV4;INF760K01FW2;1003.2343;1003.2343;1003.2343;07-Sep-2013
118308;CANARA ROBECO LIQUID FUND - DIRECT PLAN - WEEKLY IDCW (Payout/Reinvestment);INF760K01FY8;INF760K01FX0;1000.9457;1000.9457;1000.9457;07-Sep-2013
109349;CANARA ROBECO LIQUID FUND - REGULAR PLAN - DAILY IDCW (Reinvestment);;INF760K01CU3;1005.5000;1005.5000;1005.5000;07-Sep-2013
109353;CANARA ROBECO LIQUID FUND - REGULAR PLAN - GROWTH OPTION;INF760K01CW9;;1480.1272;1480.1272;1480.1272;07-Sep-2013
109351;CANARA ROBECO LIQUID FUND - REGULAR PLAN - MONTHLY IDCW (Payout/Reinvestment);INF760K01CX7;INF760K01CY5;1003.0143;1003.0143;1003.0143;07-Sep-2013
109350;CANARA ROBECO LIQUID FUND - REGULAR PLAN - WEEKLY IDCW (Payout/Reinvestment);INF760K01BZ4;INF760K01CZ2;1000.8993;1000.8993;1000.8993;07-Sep-2013
101363;Canara Robeco Liquid Fund- INSTITUTIONAL-Daily Dividend Reinvestment;;INF760K01CC1;1005.5000;1005.5000;1005.5000;07-Sep-2013
101362;Canara Robeco Liquid Fund- INSTITUTIONAL-Growth;INF760K01CD9;;2184.4939;2184.4939;2184.4939;07-Sep-2013
101364;Canara Robeco Liquid Fund-Retail-DRI;;INF760K01CF4;1007.0000;1007.0000;1007.0000;07-Sep-2013
101365;Canara Robeco Liquid Fund-Retail-Growth;INF760K01CH0;;2145.6249;2145.6249;2145.6249;07-Sep-2013
109347;Canara Robeco Liquid Fund-Retail-Monthly Div Reinvest;;INF760K01CI8;1008.2574;1008.2574;1008.2574;07-Sep-2013
109356;Canara Robeco Liquid Fund-Retail-Weekly Div Reinvest;;INF760K01CJ6;1006.3533;1006.3533;1006.3533;07-Sep-2013

quant Mutual Fund
120837;quant Liquid Fund - Growth Option - Direct Plan;INF966L01820;;18.8355;18.8355;18.8355;07-Sep-2013
103225;quant Liquid Fund - Growth Option - Regular Plan;INF966L01317;;18.8096;18.8096;18.8096;07-Sep-2013
120838;quant Liquid Fund - Monthly IDCW Option - Direct Plan;INF966L01796;INF966L01812;15.0977;15.0977;15.0977;07-Sep-2013
103228;quant Liquid Fund - Monthly IDCW Option - Regular Plan;INF966L01291;INF966L01309;15.0656;15.0656;15.0656;07-Sep-2013
120839;quant Liquid Fund - Weekly IDCW Option - Direct Plan;INF966L01788;INF966L01804;13.4605;13.4605;13.4605;07-Sep-2013
103227;quant Liquid Fund - Weekly IDCW Option - Regular Plan;INF966L01499;INF966L01283;13.4605;13.4605;13.4605;07-Sep-2013
120836;quant Liquid Fund-Daily IDCW Option - Direct Plan;;INF966L01770;13.7674;13.7674;13.7674;07-Sep-2013
103226;quant Liquid Fund-Daily IDCW Option - Regular Plan;;INF966L01275;13.7373;13.7373;13.7373;07-Sep-2013

SBI Mutual Fund
119804;SBI Liquid Fund - Direct Paln - Fortnightly Income Distribution cum Capital Withdrawal Option (IDCW);INF200K01UR8;INF200K01US6;N.A.;N.A.;N.A.;07-Sep-2013
119805;SBI Liquid Fund - Direct Plan - Daily Income Distribution cum Capital Withdrawal Option (IDCW);;INF200K01UQ0;1003.2500;1003.2500;1003.2500;07-Sep-2013
119799;SBI Liquid Fund - Direct Plan - Weekly Income Distribution cum Capital Withdrawal Option (IDCW);INF200K01UU2;INF200K01UV0;1061.0596;1061.0596;1061.0596;07-Sep-2013
119800;SBI Liquid Fund - DIRECT PLAN -Growth;INF200K01UT4;;1914.0711;1914.0711;1914.0711;07-Sep-2013
105274;SBI Liquid Fund - Institutional - Growth;INF200K01LU1;;1931.3146;1931.3146;1931.3146;07-Sep-2013
105275;SBI Liquid Fund - Institutional Daily Income Distribution cum Capital Withdrawal Option (IDCW);;INF200K01LR7;1003.2500;1003.2500;1003.2500;07-Sep-2013
105279;SBI Liquid Fund - Institutional Fortnightly Income Distribution cum Capital Withdrawal Option (IDCW);INF200K01LS5;INF200K01LT3;1025.2101;1025.2101;1025.2101;07-Sep-2013
105278;SBI Liquid Fund - Institutional Weekly Income Distribution cum Capital Withdrawal Option (IDCW);INF200K01LV9;INF200K01LW7;1060.3503;1060.3503;1060.3503;07-Sep-2013
105281;SBI Liquid Fund - Regular Plan - Daily Income Distribution cum Capital Withdrawal Option (IDCW);;INF200K01LX5;1003.2500;1003.2500;1003.2500;07-Sep-2013
105283;SBI Liquid Fund - Regular Plan - Fortnightly Income Distribution cum Capital Withdrawal Option (IDCW);INF200K01LY3;INF200K01LZ0;1013.8841;1013.8841;1013.8841;07-Sep-2013
105282;SBI Liquid Fund - Regular Plan - Weekly Income Distribution cum Capital Withdrawal Option (IDCW);INF200K01MB9;INF200K01MC7;1061.0596;1061.0596;1061.0596;07-Sep-2013
105280;SBI Liquid Fund - REGULAR PLAN -Growth;INF200K01MA1;;1913.3837;1913.3837;1913.3837;07-Sep-2013

Sundaram Mutual Fund
119690;Sundaram Money Fund Direct Plan - Bonus;INF903J01RL8;;25.6758;25.6758;25.6758;07-Sep-2013
119688;Sundaram Money Fund Direct Plan - Daily Reinvestment of Income Distribution cum Capital Withdrawal (IDCW);;INF903J01QA3;10.1025;10.1025;10.1025;07-Sep-2013
119692;Sundaram Money Fund Direct Plan - Fortnightly Reinvestment of Income Distribution cum Capital Withdrawal (IDCW);;INF903J01QB1;25.2150;25.2150;25.2150;07-Sep-2013
119686;Sundaram Money Fund Direct Plan - Growth;INF903J01QF2;;25.6740;25.6740;25.6740;07-Sep-2013
119687;Sundaram Money Fund Direct Plan - Monthly Income Distribution cum Capital Withdrawal (IDCW);INF903J01QC9;INF903J01QD7;10.5459;10.5459;10.5459;07-Sep-2013
119689;Sundaram Money Fund Direct Plan - Quarterly Reinvestment of Income Distribution cum Capital Withdrawal (IDCW);;INF903J01QE5;13.2179;13.2179;13.2179;07-Sep-2013
119691;Sundaram Money Fund Direct Plan - Weekly Reinvestment of Income Distribution cum Capital Withdrawal (IDCW);;INF903J01QG0;11.3296;11.3296;11.3296;07-Sep-2013
102701;Sundaram Money Fund Institutional Plan - Daily Reinvestment of Income Distribution cum Capital Withdrawal (IDCW);;INF903J01GP2;10.0953;10.0953;10.0953;07-Sep-2013
102703;Sundaram Money Fund Institutional Plan - Growth;INF903J01GN7;;25.0301;25.0301;25.0301;07-Sep-2013
118328;Sundaram Money Fund Regular Plan - Bonus;INF903J01MB0;;25.6689;25.6689;25.6689;07-Sep-2013
103392;Sundaram Money Fund Regular Plan - Daily Reinvestment of Income Distribution cum Capital Withdrawal (IDCW);;INF903J01GW8;10.0953;10.0953;10.0953;07-Sep-2013
103395;Sundaram Money Fund Regular Plan - Fortnightly Reinvestment of Income Distribution cum Capital Withdrawal (IDCW);;INF903J01GY4;10.6978;10.6978;10.6978;07-Sep-2013
103397;Sundaram Money Fund Regular Plan - Growth;INF903J01GU2;;25.6676;25.6676;25.6676;07-Sep-2013
103396;Sundaram Money Fund Regular Plan - Monthly Income Distribution cum Capital Withdrawal (IDCW);INF903J01GV0;INF903J01GZ1;10.4065;10.4065;10.4065;07-Sep-2013
103393;Sundaram Money Fund Regular Plan - Quarterly Reinvestment of Income Distribution cum Capital Withdrawal (IDCW);;INF903J01HA2;13.2164;13.2164;13.2164;07-Sep-2013
100620;Sundaram Money Fund Retail Plan - Daily Reinvestment of Income Distribution cum Capital Withdrawal (IDCW);;INF903J01GI7;10.0953;10.0953;10.0953;07-Sep-2013
100622;Sundaram Money Fund Retail Plan - Fortnightly Reinvestment of Income Distribution cum Capital Withdrawal (IDCW);;INF903J01GK3;10.6475;10.6475;10.6475;07-Sep-2013
100618;Sundaram Money Fund Retail Plan - Growth;INF903J01GG1;;23.9860;23.9860;23.9860;07-Sep-2013
100623;Sundaram Money Fund Retail Plan - Monthly Income Distribution cum Capital Withdrawal (IDCW);INF903J01GH9;INF903J01GL1;10.4193;10.4193;10.4193;07-Sep-2013
100619;Sundaram Money Fund Retail Plan - Quarterly Reinvestment of Income Distribution cum Capital Withdrawal (IDCW);;INF903J01GM9;13.4229;13.4229;13.4229;07-Sep-2013
100621;Sundaram Money Fund Retail Plan - Weekly Reinvestment of Income Distribution cum Capital Withdrawal (IDCW);;INF903J01GJ5;11.0560;11.0560;11.0560;07-Sep-2013
103394;Sundaram Money Fund Regular Plan - Weekly Reinvestment of Income Distribution cum Capital Withdrawal (IDCW);;INF903J01GX6;11.0966;11.0966;11.0966;07-Sep-2013

Taurus Mutual Fund
111915;Taurus Liquid Fund - Regular Plan - SI Growth Option;INF044D01534;;1314.3248;1314.3248;1314.3248;07-Sep-2013
113248;Taurus Liquid Fund - Regular Plan - SI Weekly Dividend Option;;INF044D01526;1000.5380;1000.5380;1000.5380;07-Sep-2013
111703;Taurus Liquid Fund - Regular Plan -SI Daily Dividend Option;;INF044D01518;1000.0905;1000.0905;1000.0905;07-Sep-2013
111547;Taurus Liquid Fund Insti DDRIP;;INF044D01484;1000.0905;1000.0905;1000.0905;07-Sep-2013
111760;Taurus Liquid Fund Insti Growth;INF044D01500;;1337.9004;1337.9004;1337.9004;07-Sep-2013
118891;Taurus Liquid Fund-Direct Plan-SI Daily Dividend Option;;INF044D01DI0;1000.0905;1000.0905;1000.0905;07-Sep-2013
118893;Taurus Liquid Fund-Direct Plan-SI Growth Option;INF044D01DK6;;1314.7884;1314.7884;1314.7884;07-Sep-2013
118892;Taurus Liquid Fund-Direct Plan-SI Weekly Dividend Option;;INF044D01DJ8;1000.5439;1000.5439;1000.5439;07-Sep-2013
104240;Taurus Liquid Fund-Dividend;INF044D01542;INF044D01559;1001.2175;1001.2175;1001.2175;07-Sep-2013
104241;Taurus Liquid Fund-Growth;INF044D01575;;1580.0444;1580.0444;1580.0444;07-Sep-2013

UTI Mutual Fund
120558;UTI Liquid Fund - Direct Plan - Daily IDCW (Reinvestment);;INF789F01XP8;1019.4457;1019.4457;1019.4457;07-Sep-2013
120794;UTI Liquid Fund - Direct Plan - Monthly IDCW;INF789F01XR4;INF789F01XS2;1026.6624;1026.6624;1026.6624;07-Sep-2013
120777;UTI Liquid Fund - Direct Plan - Weekly IDCW;;INF789F01XT0;1053.9572;1053.9572;1053.9572;07-Sep-2013
102010;UTI Liquid Fund - Regular Plan - Daily IDCW (Reinvestment);;INF789F01PG3;1019.4457;1019.4457;1019.4457;07-Sep-2013
102011;UTI Liquid Fund - Regular Plan - Monthly IDCW;INF789F01PI9;INF789F01PJ7;1026.6483;1026.6483;1026.6483;07-Sep-2013
102013;UTI Liquid Fund - Regular Plan - Weekly IDCW;;INF789F01PK5;1053.9462;1053.9462;1053.9462;07-Sep-2013
120304;UTI-  Liquid Cash Plan - Direct Plan - Growth Option;INF789F01XQ6;;1995.8986;1995.8986;1995.8986;07-Sep-2013
102012;UTI-  Liquid Cash Plan - Regular Plan - Growth Option;INF789F01PH1;;1994.5337;1994.5337;1994.5337;07-Sep-2013
102008;UTI-  Liquid Cash Plan- Discontinued - Regular Plan - Monthly Dividend Option;INF789F01BC2;INF789F01BA6;1133.4309;1133.4309;0;07-Sep-2013
102009;UTI-  Liquid Cash Plan- Discontinued - Regular Plan -Growth;INF789F01BB4;;1928.7334;1928.7334;0;07-Sep-2013
102007;UTI-  Liquid Cash Plan- Discontinued -Regular Plan Periodic Dividend Option;;INF789F01AZ5;1135.5818;1135.5818;0;07-Sep-2013

Open Ended Schemes ( Debt Scheme - Ultra Short Duration Fund )


SBI Mutual Fund
119784;SBI Ultra Short Duration Fund - Direct Plan - Daily Income Distribution cum Capital Withdrawal Option (IDCW);;INF200K01TG3;1675.0300;1673.3550;1675.0300;07-Sep-2013
119828;SBI ULTRA SHORT DURATION FUND - DIRECT PLAN - GROWTH;INF200K01TF5;;2692.6871;2689.9944;2692.6871;07-Sep-2013
119829;SBI Ultra Short Duration Fund - Direct Plan - Weekly Income Distribution cum Capital Withdrawal Option (IDCW);INF200K01TH1;INF200K01TI9;1077.5805;1076.5029;1077.5805;07-Sep-2013
105080;SBI Ultra Short Duration Fund - Regular Plan - Daily Income Distribution cum Capital Withdrawal Option (IDCW);;INF200K01LK2;1675.0300;1673.3550;1675.0300;07-Sep-2013
100641;SBI ULTRA SHORT DURATION FUND - REGULAR PLAN - GROWTH;INF200K01LJ4;;2691.9065;2689.2146;2691.9065;07-Sep-2013
103884;SBI Ultra Short Duration Fund - Regular Plan - Weekly Income Distribution cum Capital Withdrawal Option (IDCW);INF200K01LM8;INF200K01LL0;1077.5805;1076.5029;1077.5805;07-Sep-2013

Open Ended Schemes ( Debt Scheme - Money Market Fund )


UTI Mutual Fund
120299;UTI MMF - Direct Plan - Growth Option;INF789F01XV6;;1363.5852;1363.5852;1363.5852;07-Sep-2013
112077;UTI MMF - Regular Plan - Growth Option;INF789F01PX8;;1362.6534;1362.6534;1362.6534;07-Sep-2013
100724;UTI MMF- Discontinued - Regular Plan - Flexi Dividend Option;;INF789F01BD0;1998.8896;1998.8896;0;07-Sep-2013
100725;UTI MMF- Discontinued - Regular Plan - Periodic Dividend Option;INF789F01BE8;;1989.4617;1989.4617;0;07-Sep-2013
100723;UTI MMF-Discontinued - Regular Plan -Growth;INF789F01BF5;;3336.7553;3336.7553;0;07-Sep-2013
120772;UTI Money Market Fund - Direct Plan - Daily IDCW (Reinvestment);;INF789F01XU8;1003.3854;1003.3854;1003.3854;07-Sep-2013
120793;UTI Money Market Fund - Direct Plan - Weekly IDCW;INF789F01XW4;INF789F01XX2;1015.4868;1015.4868;1015.4868;07-Sep-2013
112076;UTI Money Market Fund - Regular Plan - Daily IDCW (Reinvestment);;INF789F01PW0;1003.3854;1003.3854;1003.3854;07-Sep-2013
112635;UTI Money Market Fund - Regular Plan - Weekly IDCW;INF789F01PY6;INF789F01PZ3;1015.4755;1015.4755;1015.4755;07-Sep-2013

Close Ended Schemes ( Income )


SBI Mutual Fund
114781;SBI Capital Protection Oriented Fund - Series II -;INF200K01ED2;;11.6414;N.A.;N.A.;07-Sep-2013
115824;SBI Capital Protection Oriented Fund - Series III - Growth;INF200K01IH4;;11.4286;N.A.;N.A.;07-Sep-2013
121468;SBI DEBT FUND SERIES - 13 MONTHS - 14 - DIRECT PLAN - DIVIDEND;INF200K01WZ7;;N.A.;N.A.;N.A.;07-Sep-2013
121469;SBI DEBT FUND SERIES - 13 MONTHS - 14 - DIRECT PLAN - GROWTH;INF200K01WY0;;10.3701;N.A.;N.A.;07-Sep-2013
121470;SBI DEBT FUND SERIES - 13 MONTHS - 14 - REGULAR PLAN - DIVIDEND;INF200K01WX2;;10.3648;N.A.;N.A.;07-Sep-2013
121471;SBI DEBT FUND SERIES - 13 MONTHS - 14 - REGULAR PLAN - GROWTH;INF200K01WW4;;10.3648;N.A.;N.A.;07-Sep-2013
121695;SBI DEBT FUND SERIES - 13 MONTHS - 15 - DIRECT PLAN - DIVIDEND;INF200K01XD2;;10.3503;N.A.;N.A.;07-Sep-2013
121696;SBI DEBT FUND SERIES - 13 MONTHS - 15 - REGULAR PLAN - DIVIDEND;INF200K01XB6;;10.3477;N.A.;N.A.;07-Sep-2013
121697;SBI DEBT FUND SERIES - 13 MONTHS - 15 - REGULAR PLAN - GROWTH;INF200K01XA8;;10.3483;N.A.;N.A.;07-Sep-2013
121698;SBI DEBT FUND SERIES - 13 MONTHS - 15- DIRECT PLAN - GROWTH;INF200K01XC4;;10.3503;N.A.;N.A.;07-Sep-2013
121305;SBI DEBT FUND SERIES - 14 MONTHS - 1 - DIRECT PLAN - DIVIDEND;INF200K01XH3;;10.4019;N.A.;N.A.;07-Sep-2013
121306;SBI DEBT FUND SERIES - 14 MONTHS - 1 - DIRECT PLAN - GROWTH;INF200K01XG5;;10.4019;N.A.;N.A.;07-Sep-2013
121303;SBI DEBT FUND SERIES - 14 MONTHS - 1 - REGULAR PLAN - DIVIDEND;INF200K01XF7;;10.3963;N.A.;N.A.;07-Sep-2013
121304;SBI DEBT FUND SERIES - 14 MONTHS - 1 - REGULAR PLAN - GROWTH;INF200K01XE0;;10.3963;N.A.;N.A.;07-Sep-2013
122015;SBI DEBT FUND SERIES - 14 MONTHS - 2 - DIRECT PLAN - DIVIDEND;INF200K01XL5;;10.2831;N.A.;N.A.;07-Sep-2013
122017;SBI DEBT FUND SERIES - 14 MONTHS - 2 - DIRECT PLAN - GROWTH;INF200K01XK7;;10.2831;N.A.;N.A.;07-Sep-2013
122016;SBI DEBT FUND SERIES - 14 MONTHS - 2 - REGULAR PLAN - DIVIDEND;INF200K01XJ9;;10.2808;N.A.;N.A.;07-Sep-2013
122018;SBI DEBT FUND SERIES - 14 MONTHS - 2 - REGULAR PLAN - GROWTH;INF200K01XI1;;10.2808;N.A.;N.A.;07-Sep-2013
117983;SBI DEBT FUND SERIES - 18 MONTHS - 11 - DIVIDEND;INF200K01PW8;;10.6401;N.A.;N.A.;07-Sep-2013
117984;SBI DEBT FUND SERIES - 18 MONTHS - 11 - GROWTH;INF200K01PV0;;10.6401;N.A.;N.A.;07-Sep-2013
123474;SBI DEBT FUND SERIES - 180 DAYS - 26 - DIRECT PLAN - DIVIDEND;INF200K01YH1;;10.0853;N.A.;N.A.;07-Sep-2013
123477;SBI DEBT FUND SERIES - 180 DAYS - 26 - DIRECT PLAN - GROWTH;INF200K01YG3;;10.0853;N.A.;N.A.;07-Sep-2013
123475;SBI DEBT FUND SERIES - 180 DAYS - 26 - REGULAR PLAN - DIVIDEND;INF200K01KA5;;10.0849;N.A.;N.A.;07-Sep-2013
123476;SBI DEBT FUND SERIES - 180 DAYS - 26 - REGULAR PLAN - GROWTH;INF200K01JZ4;;10.0849;N.A.;N.A.;07-Sep-2013
115263;SBI SDFS - 36 MONTHS - 1 - DIVIDEND;INF200K01EC4;;10.8251;N.A.;N.A.;07-Sep-2013
115262;SBI SDFS - 36 MONTHS - 1 - GROWTH;INF200K01EB6;;12.2415;N.A.;N.A.;07-Sep-2013
120908;SBI DEBT FUND SERIES - 36 MONTHS - 2 - DIRECT PLAN - DIVIDEND;INF200K01QM7;;10.3145;N.A.;N.A.;07-Sep-2013
120911;SBI DEBT FUND SERIES - 36 MONTHS - 2 - DIRECT PLAN - GROWTH;INF200K01QL9;;10.3145;N.A.;N.A.;07-Sep-2013
120909;SBI DEBT FUND SERIES - 36 MONTHS - 2 - REGULAR PLAN - DIVIDEND;INF200K01QH7;;10.2773;N.A.;N.A.;07-Sep-2013
120910;SBI DEBT FUND SERIES - 36 MONTHS - 2 - REGULAR PLAN - GROWTH;INF200K01QG9;;10.2773;N.A.;N.A.;07-Sep-2013
123647;SBI DEBT FUND SERIES - 36 MONTHS - 4 - DIRECT PLAN - DIVIDEND;INF200KA1KF8;;10.0915;N.A.;N.A.;07-Sep-2013
123649;SBI DEBT FUND SERIES - 36 MONTHS - 4 - DIRECT PLAN - GROWTH;INF200KA1KE1;;10.0915;N.A.;N.A.;07-Sep-2013
123648;SBI DEBT FUND SERIES - 36 MONTHS - 4 - REGULAR PLAN - DIVIDEND;INF200KA1KD3;;10.0908;N.A.;N.A.;07-Sep-2013
123650;SBI DEBT FUND SERIES - 36 MONTHS - 4 - REGULAR PLAN - GROWTH;INF200KA1KC5;;10.0908;N.A.;N.A.;07-Sep-2013
117917;SBI DEBT FUND SERIES - 366 DAYS - 15 - DIVIDEND;INF200K01PG1;;10.8033;N.A.;N.A.;07-Sep-2013
117918;SBI DEBT FUND SERIES - 366 DAYS - 15 - GROWTH;INF200K01PF3;;10.8033;N.A.;N.A.;07-Sep-2013
117987;SBI DEBT FUND SERIES - 366 DAYS - 16 - DIVIDEND;INF200K01PI7;;10.6806;N.A.;N.A.;07-Sep-2013
117986;SBI DEBT FUND SERIES - 366 DAYS - 16 - GROWTH;INF200K01PH9;;10.6806;N.A.;N.A.;07-Sep-2013
117997;SBI DEBT FUND SERIES - 366 DAYS - 17 - DIVIDEND;INF200K01PK3;;10.6504;N.A.;N.A.;07-Sep-2013
117996;SBI DEBT FUND SERIES - 366 DAYS - 17 - GROWTH;INF200K01PJ5;;10.6504;N.A.;N.A.;07-Sep-2013
118011;SBI DEBT FUND SERIES - 366 DAYS - 18 - DIVIDEND;INF200K01PM9;;10.6168;N.A.;N.A.;07-Sep-2013
118012;SBI DEBT FUND SERIES - 366 DAYS - 18 - GROWTH;INF200K01PL1;;10.6168;N.A.;N.A.;07-Sep-2013
118218;SBI DEBT FUND SERIES - 366 DAYS - 19 - DIVIDEND;INF200K01PO5;;10.5676;N.A.;N.A.;07-Sep-2013
118219;SBI DEBT FUND SERIES - 366 DAYS - 19 - GROWTH;INF200K01PN7;;10.5676;N.A.;N.A.;07-Sep-2013
118352;SBI DEBT FUND SERIES - 366 DAYS - 20 - DIVIDEND;INF200K01PQ0;;10.5059;N.A.;N.A.;07-Sep-2013
118351;SBI DEBT FUND SERIES - 366 DAYS - 20 - GROWTH;INF200K01PP2;;10.5052;N.A.;N.A.;07-Sep-2013
118333;SBI DEBT FUND SERIES - 366 DAYS - 21 - DIVIDEND;INF200K01PS6;;10.5206;N.A.;N.A.;07-Sep-2013
118334;SBI DEBT FUND SERIES - 366 DAYS - 21 - GROWTH;INF200K01PR8;;10.5263;N.A.;N.A.;07-Sep-2013
121395;SBI DEBT FUND SERIES - 366 DAYS - 22 - DIRECT PLAN - DIVIDEND;INF200K01YP4;;N.A.;N.A.;N.A.;07-Sep-2013
121396;SBI DEBT FUND SERIES - 366 DAYS - 22 - DIRECT PLAN - GROWTH;INF200K01YO7;;10.4124;N.A.;N.A.;07-Sep-2013
121397;SBI DEBT FUND SERIES - 366 DAYS - 22 - REGULAR PLAN - DIVIDEND;INF200K01PU2;;10.4069;N.A.;N.A.;07-Sep-2013
121398;SBI DEBT FUND SERIES - 366 DAYS - 22 - REGULAR PLAN - GROWTH;INF200K01PT4;;10.4069;N.A.;N.A.;07-Sep-2013
121923;SBI DEBT FUND SERIES - 366 DAYS - 23 - DIRECT PLAN - DIVIDEND;INF200K01VX4;;10.3144;N.A.;N.A.;07-Sep-2013
121924;SBI DEBT FUND SERIES - 366 DAYS - 23 - DIRECT PLAN - GROWTH;INF200K01VW6;;10.3144;N.A.;N.A.;07-Sep-2013
121926;SBI DEBT FUND SERIES - 366 DAYS - 23 - REGULAR PLAN - DIVIDEND;INF200K01VV8;;10.3120;N.A.;N.A.;07-Sep-2013
121925;SBI DEBT FUND SERIES - 366 DAYS - 23 - REGULAR PLAN - GROWTH;INF200K01VU0;;10.3120;N.A.;N.A.;07-Sep-2013
122011;SBI DEBT FUND SERIES - 366 DAYS - 24 - DIRECT PLAN - DIVIDEND;INF200K01WB8;;10.2945;N.A.;N.A.;07-Sep-2013
122012;SBI DEBT FUND SERIES - 366 DAYS - 24 - DIRECT PLAN - GROWTH;INF200K01WA0;;10.2943;N.A.;N.A.;07-Sep-2013
122013;SBI DEBT FUND SERIES - 366 DAYS - 24 - REGULAR PLAN - DIVIDEND;INF200K01VZ9;;10.2920;N.A.;N.A.;07-Sep-2013
122014;SBI DEBT FUND SERIES - 366 DAYS - 24 - REGULAR PLAN - GROWTH;INF200K01VY2;;10.2920;N.A.;N.A.;07-Sep-2013
122145;SBI DEBT FUND SERIES - 366 DAYS - 25 - DIRECT PLAN - DIVIDEND;INF200K01WF9;;10.2594;N.A.;N.A.;07-Sep-2013
122146;SBI DEBT FUND SERIES - 366 DAYS - 25 - DIRECT PLAN - GROWTH;INF200K01WE2;;10.2594;N.A.;N.A.;07-Sep-2013
122147;SBI DEBT FUND SERIES - 366 DAYS - 25 - REGULAR PLAN - DIVIDEND;INF200K01WD4;;10.2571;N.A.;N.A.;07-Sep-2013
122144;SBI DEBT FUND SERIES - 366 DAYS - 25 - REGULAR PLAN - GROWTH;INF200K01WC6;;10.2571;N.A.;N.A.;07-Sep-2013
122253;SBI DEBT FUND SERIES - 366 DAYS - 26 - DIRECT PLAN - DIVIDEND;INF200K01WJ1;;10.1948;N.A.;N.A.;07-Sep-2013
122254;SBI DEBT FUND SERIES - 366 DAYS - 26 - DIRECT PLAN - GROWTH;INF200K01WI3;;10.1948;N.A.;N.A.;07-Sep-2013
122255;SBI DEBT FUND SERIES - 366 DAYS - 26 - REGULAR PLAN - DIVIDEND;INF200K01WH5;;10.1928;N.A.;N.A.;07-Sep-2013
122256;SBI DEBT FUND SERIES - 366 DAYS - 26 - REGULAR PLAN - GROWTH;INF200K01WG7;;10.1928;N.A.;N.A.;07-Sep-2013
122348;SBI DEBT FUND SERIES - 366 DAYS - 27 - DIRECT PLAN - DIVIDEND;INF200K01WN3;;10.1742;N.A.;N.A.;07-Sep-2013
122349;SBI DEBT FUND SERIES - 366 DAYS - 27 - DIRECT PLAN - GROWTH;INF200K01WM5;;10.1742;N.A.;N.A.;07-Sep-2013
122346;SBI DEBT FUND SERIES - 366 DAYS - 27 - REGULAR PLAN - DIVIDEND;INF200K01WL7;;10.1723;N.A.;N.A.;07-Sep-2013
122347;SBI DEBT FUND SERIES - 366 DAYS - 27 - REGULAR PLAN - GROWTH;INF200K01WK9;;10.1723;N.A.;N.A.;07-Sep-2013
122406;SBI DEBT FUND SERIES - 366 DAYS - 28 - DIRECT PLAN - DIVIDEND;INF200K01WR4;;10.1783;N.A.;N.A.;07-Sep-2013
122407;SBI DEBT FUND SERIES - 366 DAYS - 28 - DIRECT PLAN - GROWTH;INF200K01WQ6;;10.1783;N.A.;N.A.;07-Sep-2013
122405;SBI DEBT FUND SERIES - 366 DAYS - 28 - REGULAR PLAN - DIVIDEND;INF200K01WP8;;10.1764;N.A.;N.A.;07-Sep-2013
122408;SBI DEBT FUND SERIES - 366 DAYS - 28 - REGULAR PLAN - GROWTH;INF200K01WO1;;10.1764;N.A.;N.A.;07-Sep-2013
122619;SBI DEBT FUND SERIES - 366 DAYS - 29 - DIRECT PLAN - DIVIDEND;INF200K01WV6;;N.A.;N.A.;N.A.;07-Sep-2013
122621;SBI DEBT FUND SERIES - 366 DAYS - 29 - DIRECT PLAN - GROWTH;INF200K01WU8;;10.0566;N.A.;N.A.;07-Sep-2013
122620;SBI DEBT FUND SERIES - 366 DAYS - 29 - REGULAR PLAN - DIVIDEND;INF200K01WT0;;10.0552;N.A.;N.A.;07-Sep-2013
122622;SBI DEBT FUND SERIES - 366 DAYS - 29 - REGULAR PLAN - GROWTH;INF200K01WS2;;10.0552;N.A.;N.A.;07-Sep-2013
122788;SBI DEBT FUND SERIES - 366 DAYS - 30 - DIRECT PLAN - DIVIDEND;INF200K01YX8;;10.0219;N.A.;N.A.;07-Sep-2013
122790;SBI DEBT FUND SERIES - 366 DAYS - 30 - DIRECT PLAN - GROWTH;INF200K01YW0;;10.0219;N.A.;N.A.;07-Sep-2013
122791;SBI DEBT FUND SERIES - 366 DAYS - 30 - REGULAR PLAN - DIVIDEND;INF200K01YV2;;10.0208;N.A.;N.A.;07-Sep-2013
122789;SBI DEBT FUND SERIES - 366 DAYS - 30 - REGULAR PLAN - GROWTH;INF200K01YU4;;10.0208;N.A.;N.A.;07-Sep-2013
122812;SBI DEBT FUND SERIES - 366 DAYS - 31 - DIRECT PLAN - DIVIDEND;INF200K01ZB1;;10.0107;N.A.;N.A.;07-Sep-2013
122813;SBI DEBT FUND SERIES - 366 DAYS - 31 - DIRECT PLAN - GROWTH;INF200K01ZA3;;10.0107;N.A.;N.A.;07-Sep-2013
122814;SBI DEBT FUND SERIES - 366 DAYS - 31 - REGULAR PLAN - DIVIDEND;INF200K01YZ3;;10.0097;N.A.;N.A.;07-Sep-2013
122815;SBI DEBT FUND SERIES - 366 DAYS - 31 - REGULAR PLAN - GROWTH;INF200K01YY6;;10.0097;N.A.;N.A.;07-Sep-2013
122907;SBI DEBT FUND SERIES - 366 DAYS - 32 - DIRECT PLAN - DIVIDEND;INF200K01ZF2;;9.9532;N.A.;N.A.;07-Sep-2013
122905;SBI DEBT FUND SERIES - 366 DAYS - 32 - DIRECT PLAN - GROWTH;INF200K01ZE5;;9.9532;N.A.;N.A.;07-Sep-2013
122908;SBI DEBT FUND SERIES - 366 DAYS - 32 - REGULAR PLAN - DIVIDEND;INF200K01ZD7;;9.9525;N.A.;N.A.;07-Sep-2013
122906;SBI DEBT FUND SERIES - 366 DAYS - 32 - REGULAR PLAN - GROWTH;INF200K01ZC9;;9.9525;N.A.;N.A.;07-Sep-2013
122991;SBI DEBT FUND SERIES - 366 DAYS - 33 - DIRECT PLAN - DIVIDEND;INF200K01ZJ4;;10.0367;N.A.;N.A.;07-Sep-2013
122994;SBI DEBT FUND SERIES - 366 DAYS - 33 - DIRECT PLAN - GROWTH;INF200K01ZI6;;10.0367;N.A.;N.A.;07-Sep-2013
122993;SBI DEBT FUND SERIES - 366 DAYS - 33 - REGULAR PLAN - DIVIDEND;INF200K01ZH8;;10.0360;N.A.;N.A.;07-Sep-2013
122992;SBI DEBT FUND SERIES - 366 DAYS - 33 - REGULAR PLAN - GROWTH;INF200K01ZG0;;10.0360;N.A.;N.A.;07-Sep-2013
123167;SBI DEBT FUND SERIES - 366 DAYS - 34 - DIRECT PLAN - DIVIDEND;INF200K015P1;;10.0527;N.A.;N.A.;07-Sep-2013
123169;SBI DEBT FUND SERIES - 366 DAYS - 34 - DIRECT PLAN - GROWTH;INF200K014P4;;10.0527;N.A.;N.A.;07-Sep-2013
123170;SBI DEBT FUND SERIES - 366 DAYS - 34 - REGULAR PLAN - DIVIDEND;INF200K013P6;;10.0512;N.A.;N.A.;07-Sep-2013
123168;SBI DEBT FUND SERIES - 366 DAYS - 34 - REGULAR PLAN - GROWTH;INF200K012P8;;10.0512;N.A.;N.A.;07-Sep-2013
123321;SBI DEBT FUND SERIES - 366 DAYS - 35 - DIRECT PLAN - DIVIDEND;INF200K017O0;;10.0540;N.A.;N.A.;07-Sep-2013
123324;SBI DEBT FUND SERIES - 366 DAYS - 35 - DIRECT PLAN - GROWTH;INF200K016O2;;10.0540;N.A.;N.A.;07-Sep-2013
123323;SBI DEBT FUND SERIES - 366 DAYS - 35 - REGULAR PLAN - DIVIDEND;INF200K015O4;;10.0527;N.A.;N.A.;07-Sep-2013
123322;SBI DEBT FUND SERIES - 366 DAYS - 35 - REGULAR PLAN - GROWTH;INF200K014O7;;10.0527;N.A.;N.A.;07-Sep-2013
123497;SBI DEBT FUND SERIES - 366 DAYS - 36 - DIRECT PLAN - DIVIDEND;INF200K019P3;;10.0732;N.A.;N.A.;07-Sep-2013
123494;SBI DEBT FUND SERIES - 366 DAYS - 36 - DIRECT PLAN - GROWTH;INF200K018P5;;10.0732;N.A.;N.A.;07-Sep-2013
123496;SBI DEBT FUND SERIES - 366 DAYS - 36 - REGULAR PLAN - DIVIDEND;INF200K017P7;;10.0723;N.A.;N.A.;07-Sep-2013
123495;SBI DEBT FUND SERIES - 366 DAYS - 36 - REGULAR PLAN - GROWTH;INF200K016P9;;10.0723;N.A.;N.A.;07-Sep-2013
123728;SBI DEBT FUND SERIES - 366 DAYS - 37 - DIRECT PLAN - DIVIDEND;INF200K011R6;;10.0640;N.A.;N.A.;07-Sep-2013
123729;SBI DEBT FUND SERIES - 366 DAYS - 37 - DIRECT PLAN - GROWTH;INF200K010R8;;10.0640;N.A.;N.A.;07-Sep-2013
123731;SBI DEBT FUND SERIES - 366 DAYS - 37 - REGULAR PLAN - DIVIDEND;INF200K019Q1;;10.0636;N.A.;N.A.;07-Sep-2013
123730;SBI DEBT FUND SERIES - 366 DAYS - 37 - REGULAR PLAN - GROWTH;INF200K018Q3;;10.0636;N.A.;N.A.;07-Sep-2013
113321;SBI Debt Fund Series - 60 Months - 1 - Dividend;INF200K01CQ8;;12.2689;N.A.;N.A.;07-Sep-2013
113401;SBI Debt Fund Series - 60 Months - 1 - Growth;INF200K01CP0;;12.2688;N.A.;N.A.;07-Sep-2013
118220;SBI DEBT FUND SERIES - 60 MONTHS - 2 - DIVIDEND;INF200K01QD6;;10.2838;N.A.;N.A.;07-Sep-2013
118221;SBI DEBT FUND SERIES - 60 MONTHS - 2 - GROWTH;INF200K01QC8;;10.2839;N.A.;N.A.;07-Sep-2013
120901;SBI DEBT FUND SERIES - 60 MONTHS - 3 - DIRECT PLAN - DIVIDEND;INF200K01QQ8;;10.1999;N.A.;N.A.;07-Sep-2013
120900;SBI DEBT FUND SERIES - 60 MONTHS - 3 - DIRECT PLAN - GROWTH;INF200K01QP0;;10.1999;N.A.;N.A.;07-Sep-2013
120899;SBI DEBT FUND SERIES - 60 MONTHS - 3 - REGULAR PLAN - DIVIDEND;INF200K01QF1;;10.1670;N.A.;N.A.;07-Sep-2013
120898;SBI DEBT FUND SERIES - 60 MONTHS - 3 - REGULAR PLAN - GROWTH;INF200K01QE4;;10.1670;N.A.;N.A.;07-Sep-2013
123163;SBI DEBT FUND SERIES - 90 DAYS - 75 - DIRECT PLAN - DIVIDEND;INF200K01XX0;;10.1145;N.A.;N.A.;07-Sep-2013
123165;SBI DEBT FUND SERIES - 90 DAYS - 75 - DIRECT PLAN - GROWTH;INF200K01XW2;;10.1145;N.A.;N.A.;07-Sep-2013
123166;SBI DEBT FUND SERIES - 90 DAYS - 75 - REGULAR PLAN - DIVIDEND;INF200K01OM2;;10.1139;N.A.;N.A.;07-Sep-2013
123164;SBI DEBT FUND SERIES - 90 DAYS - 75 - REGULAR PLAN - GROWTH;INF200K01OL4;;10.1139;N.A.;N.A.;07-Sep-2013
123317;SBI DEBT FUND SERIES - 90 DAYS - 76 - DIRECT PLAN - DIVIDEND;INF200K01XZ5;;10.0982;N.A.;N.A.;07-Sep-2013
123318;SBI DEBT FUND SERIES - 90 DAYS - 76 - DIRECT PLAN - GROWTH;INF200K01XY8;;10.0982;N.A.;N.A.;07-Sep-2013
123320;SBI DEBT FUND SERIES - 90 DAYS - 76 - REGULAR PLAN - DIVIDEND;INF200K01OO8;;10.0977;N.A.;N.A.;07-Sep-2013
123319;SBI DEBT FUND SERIES - 90 DAYS - 76 - REGULAR PLAN - GROWTH;INF200K01ON0;;10.0977;N.A.;N.A.;07-Sep-2013
123493;SBI DEBT FUND SERIES - 90 DAYS - 77 - DIRECT PLAN - DIVIDEND;INF200K01YB4;;10.0781;N.A.;N.A.;07-Sep-2013
123490;SBI DEBT FUND SERIES - 90 DAYS - 77 - DIRECT PLAN - GROWTH;INF200K01YA6;;10.0781;N.A.;N.A.;07-Sep-2013
123492;SBI DEBT FUND SERIES - 90 DAYS - 77 - REGULAR PLAN - DIVIDEND;INF200K01OQ3;;10.0777;N.A.;N.A.;07-Sep-2013
123491;SBI DEBT FUND SERIES - 90 DAYS - 77 - REGULAR PLAN - GROWTH;INF200K01OP5;;10.0777;N.A.;N.A.;07-Sep-2013
