Scheme Code;Scheme Name;ISIN Div Payout/ISIN Growth;ISIN Div Reinvestment;Net Asset Value;Repurchase Price;Sale Price;Date

Open Ended Schemes ( Liquid )


PGIM India Mutual Fund
113184;DHFL Pramerica Liquid Fund - Dividend Option - Daily;;INF663L01088;1000.2500;1000.2500;1000.2500;13-Oct-2012
113187;DHFL Pramerica Liquid Fund - Dividend Option - Fortnightly;INF663L01120;INF663L01104;1000.5643;1000.5643;1000.5643;13-Oct-2012
113186;DHFL Pramerica Liquid Fund - Dividend Option - Monthly;INF663L01138;INF663L01112;1004.0995;1004.0995;1004.0995;13-Oct-2012
113183;DHFL Pramerica Liquid Fund - Growth Option;INF663L01070;;1203.8900;1203.8900;1203.8900;13-Oct-2012
113185;DHFL Pramerica Liquid Fund -Dividend Option- Weekly;;INF663L01096;1001.0192;1001.0192;1001.0192;13-Oct-2012

PineBridge Mutual Fund
106513;PineBridge India Liquid Fund- Standard Plan-Daily Dividend Option;;INF178L01699;1001.0000;1001.0000;1001.0000;13-Oct-2012
106508;PineBridge India Liquid Fund- Standard Plan-Growth Option;INF178L01715;;1433.4332;1433.4332;1433.4332;13-Oct-2012
106509;PineBridge India Liquid Fund- Standard Plan-Weekly Dividend Option;;INF178L01764;1002.1524;1002.1524;1002.1524;13-Oct-2012
106506;PineBridge India Liquid Fund-Institutional Plan-Daily Dividend Option;;INF178L01616;1001.0000;1001.0000;1001.0000;13-Oct-2012
106511;PineBridge India Liquid Fund-Institutional Plan-Growth Option;INF178L01632;;1426.1827;1426.1827;1426.1827;13-Oct-2012
106507;PineBridge India Liquid Fund-Institutional Plan-Weekly Dividend Option;;INF178L01681;1002.1397;1002.1397;1002.1397;13-Oct-2012
106503;PineBridge India Liquid Fund-Retail Plan-DailyDividend Option;;INF178L01533;1001.0000;1001.0000;1001.0000;13-Oct-2012
106514;PineBridge India Liquid Fund-Retail Plan-Growth Option;INF178L01558;;1404.4265;1404.4265;1404.4265;13-Oct-2012
106504;PineBridge India Liquid Fund-Retail Plan-Monthly Dividend Option;INF178L01566;INF178L01574;1004.5833;1004.5833;1004.5833;13-Oct-2012
106516;PineBridge India Liquid Fund-Retail Plan-Quarterly Dividend Option;INF178L01582;INF178L01590;1006.4344;1006.4344;1006.4344;13-Oct-2012
106510;PineBridge India Liquid Fund-Retail Plan-Weekly Dividend Option;;INF178L01608;1002.0972;1002.0972;1002.0972;13-Oct-2012

Sahara Mutual Fund
101397;Sahara Liquid Fund-Fixed Pricing -  Weekly Dividend Option;;INF515L01064;1027.4373;1027.4373;1027.4373;13-Oct-2012
101393;Sahara Liquid Fund-Fixed Pricing - Daily Dividend Option;;INF515L01049;1029.4487;1029.4487;1029.4487;13-Oct-2012
101394;Sahara Liquid Fund-Fixed Pricing - Growth option;INF515L01056;;2041.2176;2041.2176;2041.2176;13-Oct-2012
101398;Sahara Liquid Fund-Fixed Pricing - Monthly Dividend Option;;INF515L01072;1030.6908;1030.6908;1030.6908;13-Oct-2012
101399;Sahara Liquid Fund-Variable Pricing - Daily Dividend option;;INF515L01080;1029.4636;1029.4636;1029.4636;13-Oct-2012
101402;Sahara Liquid Fund-Variable Pricing - Growth option;INF515L01114;;2058.4935;2058.4935;2058.4935;13-Oct-2012
101400;Sahara Liquid Fund-Variable Pricing - Weekly Dividend Option;;INF515L01098;1030.7510;1030.7510;1030.7510;13-Oct-2012
101401;Sahara Liquid Fund-Variable Pricing- Monthly Dividend Option;;INF515L01106;1034.8538;1034.8538;1034.8538;13-Oct-2012

Open Ended Schemes ( Debt Scheme - Overnight Fund )


SBI Mutual Fund
114297;SBI Overnight Fund - Regular Plan - Daily Income Distribution cum Capital Withdrawal Option (IDCW);;INF200K01LN6;1009.9100;1009.9100;1009.9100;13-Oct-2012
101206;SBI OVERNIGHT FUND - REGULAR PLAN - GROWTH;INF200K01LQ9;;1940.3895;1940.3895;1940.3895;13-Oct-2012
103140;SBI Overnight Fund - Regular Plan - Weekly Income Distribution cum Capital Withdrawal Option (IDCW);INF200K01LO4;INF200K01LP1;1031.1903;1031.1903;1031.1903;13-Oct-2012

Open Ended Schemes ( Debt Scheme - Liquid Fund )


Bandhan Mutual Fund
108692;BANDHAN LIQUID Fund - Regular Plan - Daily IDCW;INF194K01VZ4;INF194K01VY7;1000.2500;1000.2500;1000.2500;13-Oct-2012
108690;BANDHAN LIQUID Fund - Regular Plan - Growth;INF194K01VX9;;1371.5549;1371.5549;1371.5549;13-Oct-2012
108693;BANDHAN LIQUID Fund - Regular Plan - Monthly IDCW;INF194K01WF4;INF194K01WE7;1003.7449;1003.7449;1003.7449;13-Oct-2012
115489;BANDHAN LIQUID Fund - Regular Plan - Periodic IDCW;INF194K01WC1;INF194K01WB3;1080.8757;1080.8757;1080.8757;13-Oct-2012
108691;BANDHAN LIQUID Fund - Regular Plan - Weekly IDCW;INF194K01WI8;INF194K01WH0;1000.3311;1000.3311;1000.3311;13-Oct-2012
108779;BANDHAN Liquid Fund-Plan A-Dividend (Daily);INF194K01VC3;INF194K01VB5;1058.1900;1058.1900;1058.1900;13-Oct-2012
108778;BANDHAN Liquid Fund-Plan A-Growth;INF194K01UX1;;1986.3502;1986.3502;1986.3502;13-Oct-2012
115486;BANDHAN Liquid Fund-Plan A-Monthly;INF194K01VF6;INF194K01VE9;1003.4971;1003.4971;1003.4971;13-Oct-2012
115487;BANDHAN Liquid Fund-Plan A-Periodic Dividend;INF194K01UZ6;INF194K01UY9;1075.7393;1075.7393;1075.7393;13-Oct-2012
108607;BANDHAN Liquid Fund - Plan A-Dividend (Weekly);INF194K01VI0;INF194K01VH2;1001.2238;1001.2238;1001.2238;13-Oct-2012
108781;BANDHAN Liquid Fund - Plan B (G) (Institutional Plan);INF194K01VK6;;2006.2040;2006.2040;2006.2040;13-Oct-2012
108629;BANDHAN Liquid Fund - Plan B - Dividend-Weekly;INF194K01VS9;INF194K01VR1;1000.3168;1000.3168;1000.3168;13-Oct-2012
108681;BANDHAN Liquid Fund - Plan B-Daily-Dividend(Institutional Plan);INF194K01VM2;INF194K01VL4;1058.7300;1058.7300;1058.7300;13-Oct-2012

Canara Robeco Mutual Fund
109349;CANARA ROBECO LIQUID FUND - REGULAR PLAN - DAILY IDCW (Reinvestment);;INF760K01CU3;1005.5000;1005.5000;1005.5000;13-Oct-2012
109353;CANARA ROBECO LIQUID FUND - REGULAR PLAN - GROWTH OPTION;INF760K01CW9;;1371.7260;1371.7260;1371.7260;13-Oct-2012
109351;CANARA ROBECO LIQUID FUND - REGULAR PLAN - MONTHLY IDCW (Payout/Reinvestment);INF760K01CX7;INF760K01CY5;1001.1248;1001.1248;1001.1248;13-Oct-2012
109350;CANARA ROBECO LIQUID FUND - REGULAR PLAN - WEEKLY IDCW (Payout/Reinvestment);INF760K01BZ4;INF760K01CZ2;1000.6780;1000.6780;1000.6780;13-Oct-2012
101363;Canara Robeco Liquid Fund- INSTITUTIONAL-Daily Dividend Reinvestment;;INF760K01CC1;1005.5000;1005.5000;1005.5000;13-Oct-2012
101362;Canara Robeco Liquid Fund- INSTITUTIONAL-Growth;INF760K01CD9;;2033.7166;2033.7166;2033.7166;13-Oct-2012
101361;Canara Robeco Liquid Fund- INSTITUTIONAL-Weekly dividend;;INF760K01CE7;1000.6493;1000.6493;1000.6493;13-Oct-2012
109357;Canara Robeco Liquid Fund-Institutional-Fortnightly Div Reinvest;;INF760K01860;1000.0000;1000.0000;1000.0000;13-Oct-2012
109352;Canara Robeco Liquid Fund-Institutional-Monthly Div Reinvest;;INF760K01894;1000.0000;1000.0000;1000.0000;13-Oct-2012
109355;Canara Robeco Liquid Fund-Regular Plan-Fortnightly Div Reinvest.;;INF760K01951;1000.0000;1000.0000;1000.0000;13-Oct-2012
101364;Canara Robeco Liquid Fund-Retail-DRI;;INF760K01CF4;1007.0000;1007.0000;1007.0000;13-Oct-2012
109346;Canara Robeco Liquid Fund-Retail-Fortnightly Div Reinvest;;INF760K01CG2;1000.7025;1000.7025;1000.7025;13-Oct-2012
101365;Canara Robeco Liquid Fund-Retail-Growth;INF760K01CH0;;2008.3580;2008.3580;2008.3580;13-Oct-2012
109347;Canara Robeco Liquid Fund-Retail-Monthly Div Reinvest;;INF760K01CI8;1009.0366;1009.0366;1009.0366;13-Oct-2012
109356;Canara Robeco Liquid Fund-Retail-Weekly Div Reinvest;;INF760K01CJ6;1006.1031;1006.1031;1006.1031;13-Oct-2012

LIC Mutual Fund
101184;LIC MF Liquid Fund-Regular Plan-Daily IDCW;INF767K01IQ3;INF767K01IR1;10.9826;10.9826;10.9826;13-Oct-2012
101185;LIC MF Liquid Fund-Regular Plan-Growth;INF767K01IS9;;20.4858;20.4858;20.4858;13-Oct-2012

SBI Mutual Fund
105274;SBI Liquid Fund - Institutional - Growth;INF200K01LU1;;1790.8413;1790.8413;1790.8413;13-Oct-2012
105275;SBI Liquid Fund - Institutional Daily Income Distribution cum Capital Withdrawal Option (IDCW);;INF200K01LR7;1003.2500;1003.2500;1003.2500;13-Oct-2012
105279;SBI Liquid Fund - Institutional Fortnightly Income Distribution cum Capital Withdrawal Option (IDCW);INF200K01LS5;INF200K01LT3;1023.1633;1023.1633;1023.1633;13-Oct-2012
105278;SBI Liquid Fund - Institutional Weekly Income Distribution cum Capital Withdrawal Option (IDCW);INF200K01LV9;INF200K01LW7;1060.3503;1060.3503;1060.3503;13-Oct-2012
105281;SBI Liquid Fund - Regular Plan - Daily Income Distribution cum Capital Withdrawal Option (IDCW);;INF200K01LX5;1003.2500;1003.2500;1003.2500;13-Oct-2012
105283;SBI Liquid Fund - Regular Plan - Fortnightly Income Distribution cum Capital Withdrawal Option (IDCW);INF200K01LY3;INF200K01LZ0;N.A.;N.A.;N.A.;13-Oct-2012
105282;SBI Liquid Fund - Regular Plan - Weekly Income Distribution cum Capital Withdrawal Option (IDCW);INF200K01MB9;INF200K01MC7;1061.0596;1061.0596;1061.0596;13-Oct-2012
105280;SBI Liquid Fund - REGULAR PLAN -Growth;INF200K01MA1;;1773.2478;1773.2478;1773.2478;13-Oct-2012

Sundaram Mutual Fund
102701;Sundaram Money Fund Institutional Plan - Daily Reinvestment of Income Distribution cum Capital Withdrawal (IDCW);;INF903J01GP2;10.0953;10.0953;10.0953;13-Oct-2012
102702;Sundaram Money Fund Institutional Plan - Fortnightly Reinvestment of Income Distribution cum Capital Withdrawal (IDCW);;INF903J01GR8;0.0000;0.0000;0.0000;13-Oct-2012
102703;Sundaram Money Fund Institutional Plan - Growth;INF903J01GN7;;23.2127;23.2127;23.2127;13-Oct-2012
102704;Sundaram Money Fund Institutional Plan - Monthly Income Distribution cum Capital Withdrawal (IDCW);INF903J01GO5;INF903J01GS6;10.4133;10.4133;10.4133;13-Oct-2012
102705;Sundaram Money Fund Institutional Plan - Quarterly Reinvestment of Income Distribution cum Capital Withdrawal (IDCW);;INF903J01GT4;0.0000;0.0000;0.0000;13-Oct-2012
102706;Sundaram Money Fund Institutional Plan - Weekly Reinvestment of Income Distribution cum Capital Withdrawal (IDCW);;INF903J01GQ0;0.0000;0.0000;0.0000;13-Oct-2012
103392;Sundaram Money Fund Regular Plan - Daily Reinvestment of Income Distribution cum Capital Withdrawal (IDCW);;INF903J01GW8;10.0953;10.0953;10.0953;13-Oct-2012
103395;Sundaram Money Fund Regular Plan - Fortnightly Reinvestment of Income Distribution cum Capital Withdrawal (IDCW);;INF903J01GY4;0.0000;0.0000;0.0000;13-Oct-2012
103397;Sundaram Money Fund Regular Plan - Growth;INF903J01GU2;;23.7797;23.7797;23.7797;13-Oct-2012
103396;Sundaram Money Fund Regular Plan - Monthly Income Distribution cum Capital Withdrawal (IDCW);INF903J01GV0;INF903J01GZ1;0.0000;0.0000;0.0000;13-Oct-2012
103393;Sundaram Money Fund Regular Plan - Quarterly Reinvestment of Income Distribution cum Capital Withdrawal (IDCW);;INF903J01HA2;12.4584;12.4584;12.4584;13-Oct-2012
100620;Sundaram Money Fund Retail Plan - Daily Reinvestment of Income Distribution cum Capital Withdrawal (IDCW);;INF903J01GI7;10.0953;10.0953;10.0953;13-Oct-2012
100622;Sundaram Money Fund Retail Plan - Fortnightly Reinvestment of Income Distribution cum Capital Withdrawal (IDCW);;INF903J01GK3;10.5486;10.5486;10.5486;13-Oct-2012
100618;Sundaram Money Fund Retail Plan - Growth;INF903J01GG1;;22.2989;22.2989;22.2989;13-Oct-2012
100623;Sundaram Money Fund Retail Plan - Monthly Income Distribution cum Capital Withdrawal (IDCW);INF903J01GH9;INF903J01GL1;10.3528;10.3528;10.3528;13-Oct-2012
100619;Sundaram Money Fund Retail Plan - Quarterly Reinvestment of Income Distribution cum Capital Withdrawal (IDCW);;INF903J01GM9;12.4787;12.4787;12.4787;13-Oct-2012
100621;Sundaram Money Fund Retail Plan - Weekly Reinvestment of Income Distribution cum Capital Withdrawal (IDCW);;INF903J01GJ5;10.8947;10.8947;10.8947;13-Oct-2012
103394;Sundaram Money Fund Regular Plan - Weekly Reinvestment of Income Distribution cum Capital Withdrawal (IDCW);;INF903J01GX6;10.9307;10.9307;10.9307;13-Oct-2012

Taurus Mutual Fund
111915;Taurus Liquid Fund - Regular Plan - SI Growth Option;INF044D01534;;1216.4137;1216.4137;1216.4137;13-Oct-2012
113248;Taurus Liquid Fund - Regular Plan - SI Weekly Dividend Option;;INF044D01526;1000.4762;1000.4762;1000.4762;13-Oct-2012
111703;Taurus Liquid Fund - Regular Plan -SI Daily Dividend Option;;INF044D01518;1000.0905;1000.0905;1000.0905;13-Oct-2012
111547;Taurus Liquid Fund Insti DDRIP;;INF044D01484;1000.0905;1000.0905;1000.0905;13-Oct-2012
111760;Taurus Liquid Fund Insti Growth;INF044D01500;;1239.3466;1239.3466;1239.3466;13-Oct-2012
104240;Taurus Liquid Fund-Dividend;INF044D01542;INF044D01559;1001.2175;1001.2175;1001.2175;13-Oct-2012
104241;Taurus Liquid Fund-Growth;INF044D01575;;1473.1789;1473.1789;1473.1789;13-Oct-2012

UTI Mutual Fund
102010;UTI Liquid Fund - Regular Plan - Daily IDCW (Reinvestment);;INF789F01PG3;1019.4457;1019.4457;1019.4457;13-Oct-2012
102011;UTI Liquid Fund - Regular Plan - Monthly IDCW;INF789F01PI9;INF789F01PJ7;1028.0055;1028.0055;1028.0055;13-Oct-2012
102013;UTI Liquid Fund - Regular Plan - Weekly IDCW;;INF789F01PK5;1054.4424;1054.4424;1054.4424;13-Oct-2012
102012;UTI-  Liquid Cash Plan - Regular Plan - Growth Option;INF789F01PH1;;1850.3685;1850.3685;1850.3685;13-Oct-2012
102008;UTI-  Liquid Cash Plan- Discontinued - Regular Plan - Monthly Dividend Option;INF789F01BC2;INF789F01BA6;1119.6234;1119.6234;1119.6234;13-Oct-2012
102009;UTI-  Liquid Cash Plan- Discontinued - Regular Plan -Growth;INF789F01BB4;;1799.0237;1799.0237;1799.0237;13-Oct-2012
102007;UTI-  Liquid Cash Plan- Discontinued -Regular Plan Periodic Dividend Option;;INF789F01AZ5;1130.1667;1130.1667;1130.1667;13-Oct-2012

Open Ended Schemes ( Debt Scheme - Ultra Short Duration Fund )


SBI Mutual Fund
105080;SBI Ultra Short Duration Fund - Regular Plan - Daily Income Distribution cum Capital Withdrawal Option (IDCW);;INF200K01LK2;1675.0300;1675.0300;1675.0300;13-Oct-2012
100641;SBI ULTRA SHORT DURATION FUND - REGULAR PLAN - GROWTH;INF200K01LJ4;;2495.0032;2495.0032;2495.0032;13-Oct-2012
103884;SBI Ultra Short Duration Fund - Regular Plan - Weekly Income Distribution cum Capital Withdrawal Option (IDCW);INF200K01LM8;INF200K01LL0;1077.5805;1077.5805;1077.5805;13-Oct-2012

Open Ended Schemes ( Debt Scheme - Money Market Fund )


UTI Mutual Fund
112077;UTI MMF - Regular Plan - Growth Option;INF789F01PX8;;1263.2589;1263.2589;1263.2589;13-Oct-2012
100724;UTI MMF- Discontinued - Regular Plan - Flexi Dividend Option;;INF789F01BD0;1994.9546;1994.9546;1994.9546;13-Oct-2012
100725;UTI MMF- Discontinued - Regular Plan - Periodic Dividend Option;INF789F01BE8;;1984.1676;1984.1676;1984.1676;13-Oct-2012
100723;UTI MMF-Discontinued - Regular Plan -Growth;INF789F01BF5;;3110.583;3110.583;3110.583;13-Oct-2012
112076;UTI Money Market Fund - Regular Plan - Daily IDCW (Reinvestment);;INF789F01PW0;1003.3854;1003.3854;1003.3854;13-Oct-2012
112635;UTI Money Market Fund - Regular Plan - Weekly IDCW;INF789F01PY6;INF789F01PZ3;1015.943;1015.943;1015.943;13-Oct-2012

Close Ended Schemes ( Income )


SBI Mutual Fund
114781;SBI Capital Protection Oriented Fund - Series II -;INF200K01ED2;;11.5084;N.A.;N.A.;13-Oct-2012
115824;SBI Capital Protection Oriented Fund - Series III - Growth;INF200K01IH4;;11.1204;N.A.;N.A.;13-Oct-2012
116872;SBI DEBT FUND SERIES - 13 MONTHS - 12 - DIVIDEND;INF200K01KW9;;10.7004;N.A.;N.A.;13-Oct-2012
116873;SBI DEBT FUND SERIES - 13 MONTHS - 12 - GROWTH;INF200K01KV1;;10.7004;N.A.;N.A.;13-Oct-2012
117054;SBI DEBT FUND SERIES - 13 MONTHS - 13 - DIVIDEND;INF200K01KY5;;10.6766;N.A.;N.A.;13-Oct-2012
117055;SBI DEBT FUND SERIES - 13 MONTHS - 13 - GROWTH;INF200K01KX7;;10.6765;N.A.;N.A.;13-Oct-2012
117110;SBI DEBT FUND SERIES - 15 MONTHS - 10 - DIVIDEND;INF200K01LG0;;10.5575;N.A.;N.A.;13-Oct-2012
117111;SBI DEBT FUND SERIES - 15 MONTHS - 10 - GROWTH;INF200K01LF2;;10.5575;N.A.;N.A.;13-Oct-2012
116505;SBI DEBT FUND SERIES - 15 MONTHS - 7 - DIVIDEND;INF200K01LA3;;10.7436;N.A.;N.A.;13-Oct-2012
116506;SBI DEBT FUND SERIES - 15 MONTHS - 7 - GROWTH;INF200K01KZ2;;10.7435;N.A.;N.A.;13-Oct-2012
116546;SBI DEBT FUND SERIES - 15 MONTHS - 8 - DIVIDEND;INF200K01LC9;;10.6913;N.A.;N.A.;13-Oct-2012
116545;SBI DEBT FUND SERIES - 15 MONTHS - 8 - GROWTH;INF200K01LB1;;10.6913;N.A.;N.A.;13-Oct-2012
116750;SBI DEBT FUND SERIES - 15 MONTHS - 9 - DIVIDEND;INF200K01LE5;;10.5953;N.A.;N.A.;13-Oct-2012
116751;SBI DEBT FUND SERIES - 15 MONTHS - 9 - GROWTH;INF200K01LD7;;10.5953;N.A.;N.A.;13-Oct-2012
116408;SBI DEBT FUND SERIES - 18 MONTHS - 10 - DIVIDEND;INF200K01LI6;;10.7475;N.A.;N.A.;13-Oct-2012
116407;SBI DEBT FUND SERIES - 18 MONTHS - 10 - GROWTH;INF200K01LH8;;10.7475;N.A.;N.A.;13-Oct-2012
115899;SBI DEBT FUND SERIES - 18 Months - 7 - DIVIDEND;INF200K01GX5;;10.9732;N.A.;N.A.;13-Oct-2012
115900;SBI DEBT FUND SERIES - 18 Months - 7 - GROWTH;INF200K01GW7;;10.9732;N.A.;N.A.;13-Oct-2012
116016;SBI DEBT FUND SERIES - 18 Months - 8 - DIVIDEND;INF200K01GY3;;10.9826;N.A.;N.A.;13-Oct-2012
116017;SBI DEBT FUND SERIES - 18 Months - 8 - GROWTH;INF200K01GZ0;;10.9866;N.A.;N.A.;13-Oct-2012
116400;SBI DEBT FUND SERIES - 18 MONTHS - 9 - DIVIDEND;INF200K01JI0;;10.7740;N.A.;N.A.;13-Oct-2012
116399;SBI DEBT FUND SERIES - 18 MONTHS - 9 - GROWTH;INF200K01JH2;;10.7740;N.A.;N.A.;13-Oct-2012
117337;SBI DEBT FUND SERIES - 180 DAYS - 24 - DIVIDEND;INF200K01FX7;;10.4196;N.A.;N.A.;13-Oct-2012
117338;SBI DEBT FUND SERIES - 180 DAYS - 24 - GROWTH;INF200K01FW9;;10.4196;N.A.;N.A.;13-Oct-2012
117383;SBI DEBT FUND SERIES - 180 DAYS - 25 - DIVIDEND;INF200K01JY7;;10.4082;N.A.;N.A.;13-Oct-2012
117384;SBI DEBT FUND SERIES - 180 DAYS - 25 - GROWTH;INF200K01JX9;;10.4082;N.A.;N.A.;13-Oct-2012
115263;SBI SDFS - 36 MONTHS - 1 - DIVIDEND;INF200K01EC4;;10.7665;N.A.;N.A.;13-Oct-2012
115262;SBI SDFS - 36 MONTHS - 1 - GROWTH;INF200K01EB6;;11.4774;N.A.;N.A.;13-Oct-2012
117252;SBI DEBT FUND SERIES - 366 DAYS - 1 - DIVIDEND;INF200K01NA9;;10.5118;N.A.;N.A.;13-Oct-2012
117253;SBI DEBT FUND SERIES - 366 DAYS - 1 - GROWTH;INF200K01MZ8;;10.5118;N.A.;N.A.;13-Oct-2012
117739;SBI DEBT FUND SERIES - 366 DAYS - 10 - DIVIDEND;INF200K01NY9;;10.2409;N.A.;N.A.;13-Oct-2012
117740;SBI DEBT FUND SERIES - 366 DAYS - 10 - GROWTH;INF200K01NX1;;10.2409;N.A.;N.A.;13-Oct-2012
117780;SBI DEBT FUND SERIES - 366 DAYS - 11 - DIVIDEND;INF200K01OY7;;10.1981;N.A.;N.A.;13-Oct-2012
117781;SBI DEBT FUND SERIES - 366 DAYS - 11 - GROWTH;INF200K01OX9;;10.1981;N.A.;N.A.;13-Oct-2012
117822;SBI DEBT FUND SERIES - 366 DAYS - 12 - DIVIDEND;INF200K01PA4;;10.1687;N.A.;N.A.;13-Oct-2012
117821;SBI DEBT FUND SERIES - 366 DAYS - 12 - GROWTH;INF200K01OZ4;;10.1687;N.A.;N.A.;13-Oct-2012
117833;SBI DEBT FUND SERIES - 366 DAYS - 13 - DIVIDEND;INF200K01PC0;;10.1367;N.A.;N.A.;13-Oct-2012
117832;SBI DEBT FUND SERIES - 366 DAYS - 13 - GROWTH;INF200K01PB2;;10.1367;N.A.;N.A.;13-Oct-2012
117857;SBI DEBT FUND SERIES - 366 DAYS - 14 - DIVIDEND;INF200K01PE6;;10.1222;N.A.;N.A.;13-Oct-2012
117858;SBI DEBT FUND SERIES - 366 DAYS - 14 - GROWTH;INF200K01PD8;;10.1222;N.A.;N.A.;13-Oct-2012
117917;SBI DEBT FUND SERIES - 366 DAYS - 15 - DIVIDEND;INF200K01PG1;;10.0821;N.A.;N.A.;13-Oct-2012
117918;SBI DEBT FUND SERIES - 366 DAYS - 15 - GROWTH;INF200K01PF3;;10.0821;N.A.;N.A.;13-Oct-2012
117294;SBI DEBT FUND SERIES - 366 DAYS - 2 - DIVIDEND;INF200K01NC5;;10.4868;N.A.;N.A.;13-Oct-2012
117295;SBI DEBT FUND SERIES - 366 DAYS - 2 - GROWTH;INF200K01NB7;;10.4868;N.A.;N.A.;13-Oct-2012
117335;SBI DEBT FUND SERIES - 366 DAYS - 3 - DIVIDEND;INF200K01NE1;;10.4803;N.A.;N.A.;13-Oct-2012
117336;SBI DEBT FUND SERIES - 366 DAYS - 3 - GROWTH;INF200K01ND3;;10.4803;N.A.;N.A.;13-Oct-2012
117408;SBI DEBT FUND SERIES - 366 DAYS - 4 - DIVIDEND;INF200K01NG6;;10.4451;N.A.;N.A.;13-Oct-2012
117407;SBI DEBT FUND SERIES - 366 DAYS - 4 - GROWTH;INF200K01NF8;;10.4451;N.A.;N.A.;13-Oct-2012
117475;SBI DEBT FUND SERIES - 366 DAYS - 5 - DIVIDEND;INF200K01NI2;;10.4408;N.A.;N.A.;13-Oct-2012
117476;SBI DEBT FUND SERIES - 366 DAYS - 5 - GROWTH;INF200K01NH4;;10.4408;N.A.;N.A.;13-Oct-2012
117557;SBI DEBT FUND SERIES - 366 DAYS - 6 - DIVIDEND;INF200K01NQ5;;10.3530;N.A.;N.A.;13-Oct-2012
117558;SBI DEBT FUND SERIES - 366 DAYS - 6 - GROWTH;INF200K01NP7;;10.3530;N.A.;N.A.;13-Oct-2012
117625;SBI DEBT FUND SERIES - 366 DAYS - 7 - DIVIDEND;INF200K01NS1;;10.3619;N.A.;N.A.;13-Oct-2012
117626;SBI DEBT FUND SERIES - 366 DAYS - 7 - GROWTH;INF200K01NR3;;10.3619;N.A.;N.A.;13-Oct-2012
117695;SBI DEBT FUND SERIES - 366 DAYS - 8 - DIVIDEND;INF200K01NU7;;10.2833;N.A.;N.A.;13-Oct-2012
117696;SBI DEBT FUND SERIES - 366 DAYS - 8 - GROWTH;INF200K01NT9;;10.2833;N.A.;N.A.;13-Oct-2012
117707;SBI DEBT FUND SERIES - 366 DAYS - 9 - DIVIDEND;INF200K01NW3;;10.2555;N.A.;N.A.;13-Oct-2012
117708;SBI DEBT FUND SERIES - 366 DAYS - 9 - GROWTH;INF200K01NV5;;10.2555;N.A.;N.A.;13-Oct-2012
116405;SBI DEBT FUND SERIES - 367 DAYS - 12 - DIVIDEND;INF200K01GV9;;10.7814;N.A.;N.A.;13-Oct-2012
116406;SBI DEBT FUND SERIES - 367 DAYS - 12 - GROWTH;INF200K01GU1;;10.7814;N.A.;N.A.;13-Oct-2012
116466;SBI DEBT FUND SERIES - 367 DAYS - 13 - DIVIDEND;INF200K01KI8;;10.7514;N.A.;N.A.;13-Oct-2012
116467;SBI DEBT FUND SERIES - 367 DAYS - 13 - GROWTH;INF200K01KH0;;10.7514;N.A.;N.A.;13-Oct-2012
116602;SBI DEBT FUND SERIES - 367 DAYS - 14 - DIVIDEND;INF200K01KK4;;10.7205;N.A.;N.A.;13-Oct-2012
116603;SBI DEBT FUND SERIES - 367 DAYS - 14 - GROWTH;INF200K01KJ6;;10.7205;N.A.;N.A.;13-Oct-2012
116624;SBI DEBT FUND SERIES - 367 DAYS - 15 - DIVIDEND;INF200K01KM0;;10.6638;N.A.;N.A.;13-Oct-2012
116625;SBI DEBT FUND SERIES - 367 DAYS - 15 - GROWTH;INF200K01KL2;;10.6638;N.A.;N.A.;13-Oct-2012
116687;SBI DEBT FUND SERIES - 367 DAYS - 16 - DIVIDEND;INF200K01KO6;;10.6996;N.A.;N.A.;13-Oct-2012
116686;SBI DEBT FUND SERIES - 367 DAYS - 16 - GROWTH;INF200K01KN8;;10.6996;N.A.;N.A.;13-Oct-2012
117142;SBI DEBT FUND SERIES - 367 DAYS - 17 - DIVIDEND;INf200K01KQ1;;10.5726;N.A.;N.A.;13-Oct-2012
117143;SBI DEBT FUND SERIES - 367 DAYS - 17 - GROWTH;INF200K01KP3;;10.6744;N.A.;N.A.;13-Oct-2012
117184;SBI DEBT FUND SERIES - 367 DAYS - 18 - DIVIDEND;INF200K01KS7;;10.6005;N.A.;N.A.;13-Oct-2012
117183;SBI DEBT FUND SERIES - 367 DAYS - 18 - GROWTH;INF200K01KR9;;10.6005;N.A.;N.A.;13-Oct-2012
117189;SBI DEBT FUND SERIES - 367 DAYS - 19 - DIVIDEND;INF200K01KU3;;10.6411;N.A.;N.A.;13-Oct-2012
117190;SBI DEBT FUND SERIES - 367 DAYS - 19 - GROWTH;INF200K01KT5;;10.6411;N.A.;N.A.;13-Oct-2012
113321;SBI Debt Fund Series - 60 Months - 1 - Dividend;INF200K01CQ8;;11.6247;N.A.;N.A.;13-Oct-2012
113401;SBI Debt Fund Series - 60 Months - 1 - Growth;INF200K01CP0;;11.6246;N.A.;N.A.;13-Oct-2012
117799;SBI DEBT FUND SERIES - 90 DAYS - 68 - DIVIDEND;INF200K01NO0;;10.1327;N.A.;N.A.;13-Oct-2012
117798;SBI DEBT FUND SERIES - 90 DAYS - 68 - GROWTH;INF200K01NN2;;10.1327;N.A.;N.A.;13-Oct-2012
117840;SBI DEBT FUND SERIES - 90 DAYS - 69 - DIVIDEND;INF200K01OA7;;10.1052;N.A.;N.A.;13-Oct-2012
117841;SBI DEBT FUND SERIES - 90 DAYS - 69 - GROWTH;INF200K01NZ6;;10.1052;N.A.;N.A.;13-Oct-2012
117900;SBI DEBT FUND SERIES - 90 DAYS - 70 - DIVIDEND;INF200K01OC3;;10.0586;N.A.;N.A.;13-Oct-2012
117901;SBI DEBT FUND SERIES - 90 DAYS - 70 - GROWTH;INF200K01OB5;;10.0586;N.A.;N.A.;13-Oct-2012
117919;SBI DEBT FUND SERIES - 90 DAYS - 71 - DIVIDEND;INF200K01OE9;;10.0412;N.A.;N.A.;13-Oct-2012
117920;SBI DEBT FUND SERIES - 90 DAYS - 71 - GROWTH;INF200K01OD1;;10.0412;N.A.;N.A.;13-Oct-2012
116113;SBI DEBT FUND SERIES 367 DAYS - 10 - DIVIDEND;INF200K01GR7;;10.8228;N.A.;N.A.;13-Oct-2012
116114;SBI DEBT FUND SERIES 367 DAYS - 10 - GROWTH;INF200K01GQ9;;10.8228;N.A.;N.A.;13-Oct-2012
116124;SBI DEBT FUND SERIES 367 DAYS - 11 - DIVIDEND;INF200K01GT3;;10.8582;N.A.;N.A.;13-Oct-2012
116123;SBI DEBT FUND SERIES 367 DAYS - 11 - GROWTH;INF200K01GS5;;10.8582;N.A.;N.A.;13-Oct-2012
115958;SBI DEBT FUND SERIES 367 DAYS - 7 - DIVIDEND;INF200K01GL0;;10.9451;N.A.;N.A.;13-Oct-2012
115959;SBI DEBT FUND SERIES 367 DAYS 7 - GROWTH;INF200K01GK2;;10.9451;N.A.;N.A.;13-Oct-2012
116021;SBI DEBT FUND SERIES 367 DAYS - 8 - DIVIDEND;INF200K01GM8;;10.8970;N.A.;N.A.;13-Oct-2012
116022;SBI DEBT FUND SERIES 367 DAYS 8 - GROWTH;INF200K01GN6;;10.8970;N.A.;N.A.;13-Oct-2012
116058;SBI DEBT FUND SERIES 367 DAYS - 9 - DIVIDEND;INF200K01GO4;;10.9026;N.A.;N.A.;13-Oct-2012
116059;SBI DEBT FUND SERIES 367 DAYS - 9 - GROWTH;INF200K01GP1;;10.9025;N.A.;N.A.;13-Oct-2012
