Scheme Code;Scheme Name;ISIN Div Payout/ISIN Growth;ISIN Div Reinvestment;Net Asset Value;Repurchase Price;Sale Price;Date

Open Ended Schemes ( Liquid )


Daiwa Mutual Fund
119179;Daiwa Liquid Fund - Direct - Daily Dividend;;;1000.5200;1000.5200;1000.5200;09-Jun-2013
119181;Daiwa Liquid Fund - Direct - Growth;;;1330.0760;1330.0760;1330.0760;09-Jun-2013
114519;Daiwa Liquid Fund - Regular - Daily Dividend;;INF752K01222;1000.5200;1000.5200;1000.5200;09-Jun-2013
114514;Daiwa Liquid Fund - Regular - Growth;INF752K01230;;1329.8419;1329.8419;1329.8419;09-Jun-2013
114518;Daiwa Liquid Fund - Regular - Weekly Dividend;;INF752K01248;1006.4990;1006.4990;1006.4990;09-Jun-2013

Deutsche Mutual Fund
116363;DWS Insta Cash Plus Fund - Annual Dividend Option;INF223J01IP1;INF223J01IQ9;106.5385;106.5385;106.5385;09-Jun-2013
106468;DWS INSTA CASH PLUS FUND - BONUS OPTION;INF223J01BQ4;;105.9152;105.9152;105.9152;09-Jun-2013
119003;DWS Insta Cash Plus Fund - Direct Plan -  Regular Bonus;INF223J01NQ9;;105.923;105.923;105.923;09-Jun-2013
118997;DWS Insta Cash Plus Fund - Direct Plan - Annual Dividend;INF223J01NO4;INF223J01NP1;106.5908;106.5908;106.5908;09-Jun-2013
118998;DWS Insta Cash Plus Fund - Direct Plan - Daily Dividend;;INF223J01NR7;100.304;100.304;100.304;09-Jun-2013
119000;DWS Insta Cash Plus Fund - Direct Plan - Growth;INF223J01NS5;;155.0124;155.0124;155.0124;09-Jun-2013
119002;DWS Insta Cash Plus Fund - Direct Plan - Weekly Dividend;INF223J01NV9;INF223J01NW7;100.045;100.045;100.045;09-Jun-2013
122205;DWS Insta Cash Plus Fund - Direct Plan -Monthly Bonus;INF223J01VE8;;101.5712;101.5712;101.5712;09-Jun-2013
106470;DWS Insta Cash Plus Fund - Monthly Dividend;INF223J01BR2;INF223J01BS0;103.8071;103.8071;103.8071;09-Jun-2013
105672;DWS INSTA CASH PLUS FUND - Regular Plan BONUS OPTION;INF223J01BH3;;10.38;10.38;10.38;09-Jun-2013
106472;DWS Insta Cash Plus Fund - Weekly Dividend;INF223J01BT8;INF223J01BU6;100.5492;100.5492;100.5492;09-Jun-2013
106471;DWS Insta Cash Plus Fund -Growth;INF223J01BP6;;154.9294;154.9294;154.9294;09-Jun-2013
106467;DWS Insta Cash Plus Fund-Daily Dividend;;INF223J01BO9;100.304;100.304;100.304;09-Jun-2013
101718;DWS Insta Cash Plus Fund-DIVIDEND-Daily Dividend;;INF223J01BI1;10.301;10.301;10.301;09-Jun-2013
101717;DWS Insta Cash Plus Fund-DIVIDEND-MONTHLY DIVIDEND;INF223J01BK7;INF223J01BL5;10.4193;10.4193;10.4193;09-Jun-2013
101716;DWS Insta Cash Plus Fund-DIVIDEND-WEEKLY DIVIDEND;INF223J01BM3;INF223J01BN1;10.3565;10.3565;10.3565;09-Jun-2013
101719;DWS Insta Cash Plus Fund-Growth-GROWTH;INF223J01BJ9;;19.6622;19.6622;19.6622;09-Jun-2013
101722;DWS Insta Cash Plus Fund-Institutional Plan-Daily Dividend;;INF223J01BA8;10.0516;10.0516;10.0516;09-Jun-2013
101721;DWS Insta Cash Plus Fund-Institutional Plan-Growth;INF223J01BB6;;18.6479;18.6479;18.6479;09-Jun-2013
122206;DWS INSTA CASH PLUS FUND-Monthly Bonus Option;INF223J01VD0;;101.5564;101.5564;101.5564;09-Jun-2013
116368;DWS Insta CashPlus Fund - Quarterly Dividend Option;INF223J01IN6;INF223J01IO4;105.9324;105.9324;105.9324;09-Jun-2013
116370;DWS Treasury Fund - Cash Plan - Annual Dividend;INF223J01SF1;INF223J01SG9;112.5912;112.5912;112.5912;09-Jun-2013
114966;DWS Treasury Fund - Cash Plan - Bonus;INF223J01SA2;;102.1235;102.1235;102.1235;09-Jun-2013
112228;DWS Treasury Fund - Cash Plan - Daily Dividend;;INF223J01SB0;100.391;100.391;100.391;09-Jun-2013
119014;DWS Treasury Fund - Cash Plan - Direct Plan - Bonus;INF223J01PE0;;175.0024;175.0024;175.0024;09-Jun-2013
119008;DWS Treasury Fund - Cash Plan - Direct Plan - Daily Dividend;;INF223J01PH3;100.391;100.391;100.391;09-Jun-2013
119009;DWS Treasury Fund - Cash Plan - Direct Plan - Growth;INF223J01PI1;;128.7407;128.7407;128.7407;09-Jun-2013
122210;DWS Treasury Fund - Cash Plan - Direct Plan - Monthly Bonus;INF223J01VO7;;101.6154;101.6154;101.6154;09-Jun-2013
119013;DWS Treasury Fund - Cash Plan - Direct Plan - Weekly Dividend;INF223J01PN1;INF223J01PO9;109.5956;109.5956;109.5956;09-Jun-2013
112221;DWS Treasury Fund - Cash Plan - Growth;INF223J01SC8;;128.6205;128.6205;128.6205;09-Jun-2013
112227;DWS Treasury Fund - Cash Plan - Institiutional - Daily Dividend;;INF223J01DZ1;100.497;100.497;100.497;09-Jun-2013
112222;DWS Treasury Fund - Cash Plan - Institiutional - Growth;INF223J01EA2;;133.0655;133.0655;133.0655;09-Jun-2013
122209;DWS Treasury Fund - Cash Plan - Monthly Bonus;INF223J01VN9;;101.5512;101.5512;101.5512;09-Jun-2013
112965;DWS Treasury Fund - Cash Plan - Monthly Dividend;INF223J01RW8;INF223J01RX6;104.4903;104.4903;104.4903;09-Jun-2013
116391;DWS Treasury Fund - Cash Plan - Quarterly Dividend;INF223J01SD6;INF223J01SE4;110.3427;110.3427;110.3427;09-Jun-2013
112964;DWS Treasury Fund - Cash Plan - Weekly Dividend;INF223J01RY4;INF223J01RZ1;109.5433;109.5433;109.5433;09-Jun-2013

Edelweiss Mutual Fund
109935;Edelweiss Liquid Fund - Daily Dividend Option;;INF754K01BG7;1000.0000;999.0000;1000.0000;09-Jun-2013
109946;Edelweiss Liquid Fund - Growth Option;INF754K01BC6;;1176.9009;1175.7240;1176.9009;09-Jun-2013
109941;Edelweiss Liquid Fund - Institutional Plan - Daily Dividend Option;;INF754K01AZ9;1000.0000;999.0000;1000.0000;09-Jun-2013
109944;Edelweiss Liquid Fund - Monthly Dividend Option;INF754K01BD4;INF754K01BF9;1002.1654;1001.1632;1002.1654;09-Jun-2013
109934;Edelweiss Liquid Fund - Retail Plan - Daily Dividend Option;;INF754K01AS4;1000.0000;999.0000;1000.0000;09-Jun-2013
109940;Edelweiss Liquid Fund - Retail Plan - Growth Option;INF754K01AO3;;1354.5597;1353.2051;1354.5597;09-Jun-2013
109939;Edelweiss Liquid Fund - Retail Plan - Monthly Dividend Option;INF754K01AP0;INF754K01AR6;1001.4204;1000.4190;1001.4204;09-Jun-2013
109937;Edelweiss Liquid Fund - Retail Plan - Weekly Dividend Option;;INF754K01AT2;1000.1752;999.1750;1000.1752;09-Jun-2013
109942;Edelweiss Liquid Fund - Weekly Dividend Option;;INF754K01BH5;1000.1998;999.1996;1000.1998;09-Jun-2013
118637;Edelweiss Liquid Fund-Direct Plan-Daily Dividend Option;;INF754K01DB4;1000.4285;999.4281;1000.4285;09-Jun-2013
118636;Edelweiss Liquid Fund-Direct Plan-Growth Option;INF754K01CX0;;1177.0311;1175.8541;1177.0311;09-Jun-2013

ING Mutual Fund
119935;ING Liquid Fund - Super Institutional Plan - Direct Plan - Growth Option;INF084M01BY8;;17.7590;17.7590;17.7590;09-Jun-2013
119933;ING Liquid Fund - Super Institutional Plan - Direct Plan- Daily Dividend Option;;INF084M01BZ5;10.0048;10.0048;10.0048;09-Jun-2013
119934;ING Liquid Fund - Super Institutional Plan - Direct Plan- Weekly Dividend Option;INF084M01CB4;INF084M01CA6;10.0203;10.0203;10.0203;09-Jun-2013
100198;ING Liquid Fund-Institutional Daily Dividend Option;INF084M01473;;10.0121;10.0121;10.0121;09-Jun-2013
100196;ING Liquid Fund-Institutional Growth Option;INF084M01465;;18.5431;18.5431;18.5431;09-Jun-2013
100197;ING Liquid Fund-Institutional Weekly Dividend Option;INF084M01499;INF084M01481;10.0669;10.0669;10.0669;09-Jun-2013
100192;ING Liquid Fund-Regular Daily Dividend Option;INF084M01432;;10.7873;10.7873;10.7873;09-Jun-2013
100190;ING Liquid Fund-Regular Growth Option;INF084M01424;;24.5628;24.5628;24.5628;09-Jun-2013
100191;ING Liquid Fund-Regular Weekly Dividend Option;INF084M01457;INF084M01440;10.8374;10.8374;10.8374;09-Jun-2013
100200;ING Liquid Fund-Super Institutional Daily Dividend Option;INF084M01515;;10.0048;10.0048;10.0048;09-Jun-2013
100199;ING Liquid Fund-Super Institutional Growth Option;INF084M01507;;17.7423;17.7423;17.7423;09-Jun-2013
100201;ING Liquid Fund-Super Institutional Weekly Dividend Option;INF084M01531;INF084M01523;10.0177;10.0177;10.0177;09-Jun-2013

Invesco Mutual Fund
106502;Religare Invesco Overnight Fund - Daily Dividend Reinvestment;;INF205K01HS2;1000.0048;1000.0048;1000.0048;09-Jun-2013
120556;Religare Invesco Overnight Fund - Direct Plan - Daily Dividend Reinvestment;;INF205K01NC4;1000.0048;1000.0048;1000.0048;09-Jun-2013
120557;Religare Invesco Overnight Fund - Direct Plan - Growth;INF205K01ND2;;1409.2101;1409.2101;1409.2101;09-Jun-2013
106501;Religare Invesco Overnight Fund - Growth;INF205K01HR4;;1406.3878;1406.3878;1406.3878;09-Jun-2013

JM Financial Mutual Fund
122314;JM Floater Short Term Fund (Direct) - Bonus Option - Principal Units;INF192K01EV3;;18.6703;18.6236;18.6703;09-Jun-2013
120414;JM Floater Short Term Fund (Direct) - Daily Dividend Option;;INF192K01CF0;10.0884;10.0632;10.0884;09-Jun-2013
120415;JM Floater Short Term Fund (Direct) - Growth Option;INF192K01CG8;;18.6696;18.6229;18.6696;09-Jun-2013
122322;JM Floater Short Term Fund - Bonus Option - Principal Units;INF192K01ET7;;18.6529;18.6063;18.6529;09-Jun-2013
101420;JM Floater Short Term Fund - Daily Dividend Option;;INF192K01767;10.0883;10.0631;10.0883;09-Jun-2013
101421;JM Floater Short Term Fund - Growth Option;INF192K01775;;18.6529;18.6063;18.6529;09-Jun-2013

JPMorgan Mutual Fund
119902;JPMorgan India Liquid Fund - Direct Plan - Daily Dividend Option;;INF843K01BA1;10.0079;10.0079;10.0079;09-Jun-2013
119905;JPMorgan India Liquid Fund - Direct Plan - Growth Option;INF843K01AX5;;15.4644;15.4644;15.4644;09-Jun-2013
119906;JPMorgan India Liquid Fund - Direct Plan - Monthly Dividend Option;INF843K01BH6;INF843K01BD5;10.0618;10.0618;10.0618;09-Jun-2013
119904;JPMorgan India Liquid Fund - Direct Plan - Weekly Dividend Option;INF843K01BF0;INF843K01BB9;10.144;10.144;10.144;09-Jun-2013
106562;JPMorgan India Liquid Fund - Retail Plan - Daily Dividend Option;;INF843K01203;10.015;10.015;10.015;09-Jun-2013
106561;JPMorgan India Liquid Fund - Retail Plan - Growth Option;INF843K01195;;14.1267;14.1267;14.1267;09-Jun-2013
109179;JPMorgan India Liquid Fund - Retail Plan - Monthly Dividend Option;;INF843K01237;10.043;10.043;10.043;09-Jun-2013
109177;JPMorgan India Liquid Fund - Retail Plan - Weekly Dividend Option;;INF843K01211;10.026;10.026;10.026;09-Jun-2013
117751;JPMorgan India Liquid Fund - Super Institutional Plan - Annual Dividend Option;INF843K01831;INF843K01823;10.6911;10.6911;10.6911;09-Jun-2013
110149;JPMorgan India Liquid Fund - Super Institutional Plan - Daily Dividend Option;;INF843K01153;10.0079;10.0079;10.0079;09-Jun-2013
110150;JPMorgan India Liquid Fund - Super Institutional Plan - Growth Option;INF843K01146;;15.4576;15.4576;15.4576;09-Jun-2013
110151;JPMorgan India Liquid Fund - Super Institutional Plan - Monthly Dividend Option;INF843K01500;INF843K01187;10.0614;10.0614;10.0614;09-Jun-2013
110153;JPMorgan India Liquid Fund - Super Institutional Plan - Weekly Dividend Option;INF843K01484;INF843K01161;10.1725;10.1725;10.1725;09-Jun-2013

Mirae Asset Mutual Fund
118857;Mirae Asset Liquid Fund - Direct Plan - Growth;INF769K01CF5;;1051.4744;1051.4744;1051.4744;09-Jun-2013
107659;Mirae Asset Liquid Fund- Institutional Plan - Growth;INF769K01648;;1051.2302;1051.2302;1051.2302;09-Jun-2013
107656;Mirae Asset Liquid Fund- Institutional Plan - Monthly Dividend;INF769K01705;INF769K01697;1042.0422;1042.0422;1042.0422;09-Jun-2013
107658;Mirae Asset Liquid Fund- Institutional Plan - Weekly Dividend;;INF769K01689;1034.7872;1034.7872;1034.7872;09-Jun-2013
107646;Mirae Asset Liquid Fund- Regular Plan - Daily Dividend;;INF769K01606;1157.4543;1157.4543;1157.4543;09-Jun-2013
107648;Mirae Asset Liquid Fund- Regular Plan - Growth;INF769K01572;;1215.5865;1215.5865;1215.5865;09-Jun-2013
107649;Mirae Asset Liquid Fund- Regular Plan - Monthly Dividend;INF769K01630;INF769K01622;1040.0877;1040.0877;1040.0877;09-Jun-2013
107647;Mirae Asset Liquid Fund- Regular Plan - Weekly Dividend;;INF769K01614;1160.3094;1160.3094;1160.3094;09-Jun-2013

Morgan Stanley Mutual Fund
119197;Morgan Stanley Liquid Fund - Direct Daily Dividend;;INF063A01563;1000.4971;1000.4971;1000.4971;09-Jun-2013
119173;Morgan Stanley Liquid Fund - Direct Growth Plan;INF063A01555;;1171.4839;1171.4839;1171.4839;09-Jun-2013
119200;Morgan Stanley Liquid Fund - Direct Monthly Dividend;INF063A01597;INF063A01589;1004.5583;1004.5583;1004.5583;09-Jun-2013
119198;Morgan Stanley Liquid Fund - Direct Weekly Dividend;INF063A01571;;1001.1671;1001.1671;1001.1671;09-Jun-2013
115812;MS Liquid Fund - Regular- Growth;INF063A01274;;1171.2286;1171.2286;1171.2286;09-Jun-2013
115814;MS Liquid Fund - Regular- Weekly Dividend Plan;;INF063A01290;1001.1673;1001.1673;1001.1673;09-Jun-2013
115813;MS Liquid Fund- Regular Daily Dividend Plan;;INF063A01282;1000.4971;1000.4971;1000.4971;09-Jun-2013
115815;MS Liquid Fund- Regular Monthly Dividend Plan;INF063A01316;INF063A01308;1003.0034;1003.0034;1003.0034;09-Jun-2013

PGIM India Mutual Fund
120102;DHFL Pramerica Liquid Fund - Direct Plan-Daily Dividend Option;;INF663L01633;1000.4200;1000.4200;1000.4200;09-Jun-2013
120104;DHFL Pramerica Liquid Fund - Direct Plan-Growth Option;INF663L01625;;1272.8028;1272.8028;1272.8028;09-Jun-2013
120105;DHFL Pramerica Liquid Fund - Direct Plan-Monthly Dividend Option;INF663L01682;INF663L01666;1003.4797;1003.4797;1003.4797;09-Jun-2013
120106;DHFL Pramerica Liquid Fund - Direct Plan-Weekly Dividend - Option;;INF663L01641;1001.3725;1001.3725;1001.3725;09-Jun-2013
113184;DHFL Pramerica Liquid Fund - Dividend Option - Daily;;INF663L01088;1000.3700;1000.3700;1000.3700;09-Jun-2013
113187;DHFL Pramerica Liquid Fund - Dividend Option - Fortnightly;INF663L01120;INF663L01104;1003.3010;1003.3010;1003.3010;09-Jun-2013
113186;DHFL Pramerica Liquid Fund - Dividend Option - Monthly;INF663L01138;INF663L01112;1003.3009;1003.3009;1003.3009;09-Jun-2013
113183;DHFL Pramerica Liquid Fund - Growth Option;INF663L01070;;1272.4266;1272.4266;1272.4266;09-Jun-2013
113185;DHFL Pramerica Liquid Fund -Dividend Option- Weekly;;INF663L01096;1001.2450;1001.2450;1001.2450;09-Jun-2013
122257;DHFL Pramerica Liquid Fund-Bonus Option;INF663L01BD5;;1272.4092;1272.4092;1272.4092;09-Jun-2013
122258;DHFL Pramerica Liquid Fund-Direct Plan-Bonus Option;INF663L01BE3;;1272.8227;1272.8227;1272.8227;09-Jun-2013

PineBridge Mutual Fund
119360;PineBridge India Liquid Fund- Direct Plan- Growth Option;INF178L01AP0;;1506.8383;1506.8383;1506.8383;09-Jun-2013
106513;PineBridge India Liquid Fund- Standard Plan-Daily Dividend Option;;INF178L01699;1001.0000;1001.0000;1001.0000;09-Jun-2013
106508;PineBridge India Liquid Fund- Standard Plan-Growth Option;INF178L01715;;1506.4355;1506.4355;1506.4355;09-Jun-2013
106519;PineBridge India Liquid Fund- Standard Plan-Monthly Dividend Option;INF178L01723;INF178L01731;1003.3097;1003.3097;1003.3097;09-Jun-2013
106520;PineBridge India Liquid Fund- Standard Plan-Quarterly Dividend Option;INF178L01749;INF178L01756;1014.7837;1014.7837;1014.7837;09-Jun-2013
106509;PineBridge India Liquid Fund- Standard Plan-Weekly Dividend Option;;INF178L01764;1002.1255;1002.1255;1002.1255;09-Jun-2013
106503;PineBridge India Liquid Fund-Retail Plan-DailyDividend Option;;INF178L01533;1001.0000;1001.0000;1001.0000;09-Jun-2013
106514;PineBridge India Liquid Fund-Retail Plan-Growth Option;INF178L01558;;1472.0918;1472.0918;1472.0918;09-Jun-2013
106504;PineBridge India Liquid Fund-Retail Plan-Monthly Dividend Option;INF178L01566;INF178L01574;1003.1772;1003.1772;1003.1772;09-Jun-2013
106510;PineBridge India Liquid Fund-Retail Plan-Weekly Dividend Option;;INF178L01608;1002.0597;1002.0597;1002.0597;09-Jun-2013

Sahara Mutual Fund
101397;Sahara Liquid Fund-Fixed Pricing -  Weekly Dividend Option;;INF515L01064;1027.4373;1027.4373;1027.4373;09-Jun-2013
101393;Sahara Liquid Fund-Fixed Pricing - Daily Dividend Option;;INF515L01049;1032.6489;1032.6489;1032.6489;09-Jun-2013
120265;Sahara Liquid Fund-Fixed Pricing - Direct - Weekly Dividend Option;;INF515L01668;1027.4373;1027.4373;1027.4373;09-Jun-2013
120262;Sahara Liquid Fund-Fixed Pricing - Direct -Growth option;INF515L01650;;2151.5188;2151.5188;2151.5188;09-Jun-2013
101394;Sahara Liquid Fund-Fixed Pricing - Growth option;INF515L01056;;2150.7524;2150.7524;2150.7524;09-Jun-2013
101398;Sahara Liquid Fund-Fixed Pricing - Monthly Dividend Option;;INF515L01072;1032.3699;1032.3699;1032.3699;09-Jun-2013
120253;Sahara Liquid Fund-Fixed Pricing -Direct - Daily Dividend Option- Direct;;INF515L01643;1032.6489;1032.6489;1032.6489;09-Jun-2013
120266;Sahara Liquid Fund-Fixed Pricing -Direct - Monthly Dividend Option;;INF515L01676;1032.3699;1032.3699;1032.3699;09-Jun-2013
101399;Sahara Liquid Fund-Variable Pricing - Daily Dividend option;;INF515L01080;1032.6684;1032.6684;1032.6684;09-Jun-2013
101402;Sahara Liquid Fund-Variable Pricing - Growth option;INF515L01114;;2170.6886;2170.6886;2170.6886;09-Jun-2013
101400;Sahara Liquid Fund-Variable Pricing - Weekly Dividend Option;;INF515L01098;1035.7009;1035.7009;1035.7009;09-Jun-2013
120271;Sahara Liquid Fund-Variable Pricing -Direct - Daily Dividend option;;INF515L01684;1033.0134;1033.0134;1033.0134;09-Jun-2013
120280;Sahara Liquid Fund-Variable Pricing -Direct - Growth option;INF515L01718;;2171.1171;2171.1171;2171.1171;09-Jun-2013
120272;Sahara Liquid Fund-Variable Pricing -Direct - Weekly Dividend Option;;INF515L01692;1035.7009;1035.7009;1035.7009;09-Jun-2013
120273;Sahara Liquid Fund-Variable Pricing- Direct - Monthly Dividend Option;;INF515L01700;1037.0181;1037.0181;1037.0181;09-Jun-2013
101401;Sahara Liquid Fund-Variable Pricing- Monthly Dividend Option;;INF515L01106;1037.0181;1037.0181;1037.0181;09-Jun-2013

Tata Mutual Fund
101987;Tata Liquid Fund Reglar Plan - Monthly Dividend;INF277K01LR5;INF277K01LS3;1001.9879;1001.9879;1001.9879;09-Jun-2013
101861;Tata Liquid Fund-Regular Plan  - Weekly Dividend;INF277K016C5;;1001.7853;1001.7853;1001.7853;09-Jun-2013
101984;Tata Liquid High Investment Plan - Daily;;;1114.3379;1114.3379;1114.3379;09-Jun-2013
101860;Tata Liquid High Investment Plan - Growth;INF277K01LN4;;1955.9076;1955.9076;1955.9076;09-Jun-2013
101985;Tata Liquid High Investment Plan - Monthly;INF277K01LO2;INF277K01LP9;1021.4918;1021.4918;1021.4918;09-Jun-2013
101859;Tata Liquid High Investment Plan - Weekly;;;1147.7221;1147.7221;1147.7221;09-Jun-2013
101982;Tata Liquid Retail Investment PLan - Daily;;;1116.8143;1116.8143;1116.8143;09-Jun-2013
101983;Tata Liquid Retail Investment Plan - Fortnightly;;;1147.0562;1147.0562;1147.0562;09-Jun-2013
101858;Tata Liquid Retail Investment Plan - Growth;INF277K01LM6;;2685.2425;2685.2425;2685.2425;09-Jun-2013
103631;Tata Liquidity Management Fund - Regular Plan - Daily Dividend;;;1002.6089;1000.1024;1002.6089;09-Jun-2013
103632;Tata Liquidity Management Fund - Regular Plan - Growth;INF277K01LW5;;1611.9810;1607.9510;1611.9810;09-Jun-2013
103519;Tata Liquidity Management Fund - Regular Plan  -Weekly Dividend;;;1006.5489;1004.0325;1006.5489;09-Jun-2013
119443;Tata Liquidity Management Fund- Direct Plan-Daily Dividend;;;1002.6089;1000.1024;1002.6089;09-Jun-2013
119444;Tata Liquidity Management Fund- Direct Plan-Growth;INF277K01PU0;;1612.5685;1608.5371;1612.5685;09-Jun-2013

Open Ended Schemes ( Money Market )


Tata Mutual Fund
102152;Tata Money Market Fund Regular (Bonus / Dividend);;;10.1591;10.1591;10.1591;09-Jun-2013
102153;Tata Money Market Fund Regular (Growth);INF277K01LY1;;18.8017;18.8017;18.8017;09-Jun-2013

Open Ended Schemes ( Debt Scheme - Overnight Fund )


HDFC Mutual Fund
119109;HDFC Overnight Fund - Daily IDCW Option - Direct Plan;;INF179KB1HY1;10.4266;10.4266;10.4266;09-Jun-2013
101996;HDFC Overnight Fund - Growth Option;INF179KB1HS3;;19.0579;19.0579;19.0579;09-Jun-2013
119110;HDFC Overnight Fund - Growth Option - Direct Plan;INF179KB1HT1;;19.0622;19.0622;19.0622;09-Jun-2013
101997;HDFC Overnight Fund - IDCW Option (Daily);;INF179KB1IF8;10.4266;10.4266;10.4266;09-Jun-2013

L&T Mutual Fund
118059;L&T Cash Fund - Institutional Plan - Growth Option;INF677K01AP3;;1605.5129;1605.5129;1605.5129;09-Jun-2013
118055;L&T Cash Fund - Retail Plan - Growth option;INF677K01AK4;;1564.3785;1564.3785;1564.3785;09-Jun-2013
118062;L&T Cash Fund - Retail Plan - Monthly Dividend Option;INF677K01AN8;INF677K01AO6;1009.9913;1009.9913;1009.9913;09-Jun-2013
118066;L&T Overnight Fund  - Regular Plan - Monthly IDCW;INF917K01EL4;INF917K01EM2;1009.1325;1009.1325;1009.1325;09-Jun-2013
119283;L&T Overnight Fund - Direct Plan - Growth;INF917K01EN0;;1621.7567;1621.7567;1621.7567;09-Jun-2013
119284;L&T Overnight Fund - Direct Plan- Daily IDCW;;INF917K01EO8;1023.3000;1023.3000;1023.3000;09-Jun-2013
119282;L&T Overnight Fund - Direct Plan- Monthly IDCW;INF917K01ER1;;1009.8112;1009.8112;1009.8112;09-Jun-2013
119285;L&T Overnight Fund - Direct Plan- Weekly IDCW;;INF917K01EP5;1001.5509;1001.5509;1001.5509;09-Jun-2013
118056;L&T Overnight Fund - Regular Plan - Daily IDCW;;INF917K01EJ8;1023.3000;1023.3000;1023.3000;09-Jun-2013
118058;L&T Overnight Fund - Regular Plan - Growth;INF917K01EI0;;1621.7462;1621.7462;1621.7462;09-Jun-2013
118065;L&T Overnight Fund - Regular Plan - Weekly IDCW;;INF917K01EK6;1001.3201;1001.3201;1001.3201;09-Jun-2013

SBI Mutual Fund
119831;SBI Overnight Fund - Direct Plan - Daily Income Distribution cum Capital Withdrawal Option (IDCW);;INF200K01TJ7;1009.9100;1009.9100;1009.9100;09-Jun-2013
119833;SBI OVERNIGHT FUND - DIRECT PLAN - GROWTH;INF200K01TK5;;2049.6571;2049.6571;2049.6571;09-Jun-2013
119832;SBI Overnight Fund - Direct Plan - Weekly Income Distribution cum Capital Withdrawal Option (IDCW);INF200K01TL3;INF200K01TM1;1031.4119;1031.4119;1031.4119;09-Jun-2013
114297;SBI Overnight Fund - Regular Plan - Daily Income Distribution cum Capital Withdrawal Option (IDCW);;INF200K01LN6;1009.9100;1009.9100;1009.9100;09-Jun-2013
101206;SBI OVERNIGHT FUND - REGULAR PLAN - GROWTH;INF200K01LQ9;;2048.1192;2048.1192;2048.1192;09-Jun-2013
103140;SBI Overnight Fund - Regular Plan - Weekly Income Distribution cum Capital Withdrawal Option (IDCW);INF200K01LO4;INF200K01LP1;1031.4074;1031.4074;1031.4074;09-Jun-2013

Open Ended Schemes ( Debt Scheme - Liquid Fund )


Aditya Birla Sun Life Mutual Fund
100047;Aditya Birla Sun Life Liquid Fund - Growth;INF209K01RU9;;191.0469;191.0469;191.0469;09-Jun-2013
119568;Aditya Birla Sun Life Liquid Fund - Growth - Direct Plan;INF209K01VA3;;191.0869;191.0869;191.0869;09-Jun-2013
100046;Aditya Birla Sun Life Liquid Fund -Daily IDCW;INF209K01KQ2;INF209K01SQ5;100.1950;100.1950;100.1950;09-Jun-2013
119569;Aditya Birla Sun Life Liquid Fund -Direct - daily IDCW;INF209K01UZ2;;100.1950;100.1950;100.1950;09-Jun-2013
119571;Aditya Birla Sun Life Liquid Fund -DIRECT - IDCW;INF209K01VD7;;101.9776;101.9776;101.9776;09-Jun-2013
119570;Aditya Birla Sun Life Liquid Fund -Direct - weekly IDCW;INF209K01VC9;;100.2696;100.2696;100.2696;09-Jun-2013
100041;Aditya Birla Sun Life Liquid Fund -Institutional - IDCW;;INF209K01KN9;108.0230;108.0230;108.0230;09-Jun-2013
100048;Aditya Birla Sun Life Liquid Fund -Institutional - weekly  IDCW;INF209KA1LK7;INF209K01KY6;108.1144;108.1144;108.1144;09-Jun-2013
100044;Aditya Birla Sun Life Liquid Fund -Retail - IDCW;;INF209K01KP4;163.6940;163.6940;163.6940;09-Jun-2013
100051;Aditya Birla Sun Life Liquid Fund -weekly IDCW;INF209K01KU4;INF209KA1LJ9;100.2694;100.2694;100.2694;09-Jun-2013
112014;Aditya Birla Sun Life Liquid Fund- Discipline Advantage Plan;INF209K01KZ3;;129.0654;129.0654;129.0654;09-Jun-2013
100043;Aditya Birla Sun Life Liquid Fund-Institutional (Growth);INF209K01RT1;;319.0243;319.0243;319.0243;09-Jun-2013
100042;Aditya Birla Sun Life Liquid Fund-Retail (Growth);INF209K01ME4;;311.3573;311.3573;311.3573;09-Jun-2013

Axis Mutual Fund
120388;Axis Liquid Fund - Direct Plan - Daily IDCW;;INF846K01DA0;1000.1107;1000.1107;1000.1107;09-Jun-2013
120389;Axis Liquid Fund - Direct Plan - Growth Option;INF846K01CX4;;1321.6053;1321.6053;1321.6053;09-Jun-2013
120391;Axis Liquid Fund - Direct Plan - Monthly IDCW;INF846K01CY2;INF846K01CZ9;1002.9633;1002.9633;1002.9633;09-Jun-2013
120390;Axis Liquid Fund - Direct Plan - Weekly IDCW;INF846K01DB8;INF846K01DC6;1003.4417;1003.4417;1003.4417;09-Jun-2013
112211;Axis Liquid Fund - Regular Plan - Daily IDCW;;INF846K01420;1000.1107;1000.1107;1000.1107;09-Jun-2013
112210;Axis Liquid Fund - Regular Plan - Growth Option;INF846K01412;;1321.2145;1321.2145;1321.2145;09-Jun-2013
112213;Axis Liquid Fund - Regular Plan - Monthly IDCW;INF846K01453;INF846K01461;1002.9647;1002.9647;1002.9647;09-Jun-2013
112212;Axis Liquid Fund - Regular Plan - Weekly IDCW;INF846K01438;INF846K01446;1003.4315;1003.4315;1003.4315;09-Jun-2013
112712;Axis Liquid Fund - Retail Plan - Daily IDCW;;INF846K01362;1000.1107;1000.1107;1000.1107;09-Jun-2013
112713;Axis Liquid Fund - Retail Plan - Growth Option;INF846K01354;;1286.4225;1286.4225;1286.4225;09-Jun-2013
112714;Axis Liquid Fund - Retail Plan - Monthly IDCW;INF846K01396;INF846K01404;1002.7866;1002.7866;1002.7866;09-Jun-2013
112715;Axis Liquid Fund - Retail Plan - Weekly IDCW;INF846K01370;INF846K01388;1001.3664;1001.3664;1001.3664;09-Jun-2013

Bandhan Mutual Fund
108692;BANDHAN LIQUID Fund - Regular Plan - Daily IDCW;INF194K01VZ4;INF194K01VY7;1000.2500;1000.2500;1000.2500;09-Jun-2013
108690;BANDHAN LIQUID Fund - Regular Plan - Growth;INF194K01VX9;;1449.6272;1449.6272;1449.6272;09-Jun-2013
108693;BANDHAN LIQUID Fund - Regular Plan - Monthly IDCW;INF194K01WF4;INF194K01WE7;1002.3644;1002.3644;1002.3644;09-Jun-2013
115489;BANDHAN LIQUID Fund - Regular Plan - Periodic IDCW;INF194K01WC1;INF194K01WB3;1142.3140;1142.3140;1142.3140;09-Jun-2013
108691;BANDHAN LIQUID Fund - Regular Plan - Weekly IDCW;INF194K01WI8;INF194K01WH0;1000.6528;1000.6528;1000.6528;09-Jun-2013
118365;BANDHAN LIQUID Fund -Direct Plan -Monthly IDCW;INF194K01J36;INF194K01J28;1009.2760;1009.2760;1009.2760;09-Jun-2013
118367;BANDHAN LIQUID Fund -Direct Plan -Weekly IDCW;INF194KB1JT8;INF194K01J51;1001.4497;1001.4497;1001.4497;09-Jun-2013
118366;BANDHAN LIQUID Fund -Direct Plan-Daily IDCW;;INF194K01I78;1000.3400;1000.3400;1000.3400;09-Jun-2013
118364;BANDHAN LIQUID Fund -Direct Plan-Growth;INF194K01I60;;1449.6996;1449.6996;1449.6996;09-Jun-2013
108779;BANDHAN Liquid Fund-Plan A-Dividend (Daily);INF194K01VC3;INF194K01VB5;1058.1900;1058.1900;1058.1900;09-Jun-2013
108778;BANDHAN Liquid Fund-Plan A-Growth;INF194K01UX1;;2090.8388;2090.8388;2090.8388;09-Jun-2013
115486;BANDHAN Liquid Fund-Plan A-Monthly;INF194K01VF6;INF194K01VE9;1002.2306;1002.2306;1002.2306;09-Jun-2013
115487;BANDHAN Liquid Fund-Plan A-Periodic Dividend;INF194K01UZ6;INF194K01UY9;1008.5033;1008.5033;1008.5033;09-Jun-2013
108607;BANDHAN Liquid Fund - Plan A-Dividend (Weekly);INF194K01VI0;INF194K01VH2;1001.4203;1001.4203;1001.4203;09-Jun-2013
108781;BANDHAN Liquid Fund - Plan B (G) (Institutional Plan);INF194K01VK6;;2113.0292;2113.0292;2113.0292;09-Jun-2013
108629;BANDHAN Liquid Fund - Plan B - Dividend-Weekly;INF194K01VS9;INF194K01VR1;1000.6193;1000.6193;1000.6193;09-Jun-2013

Bank of India Mutual Fund
119368;BANK OF INDIA Liquid Fund- Direct Plan- Daily IDCW;;INF761K01CL0;1002.6483;1002.6483;1002.6483;09-Jun-2013
119369;BANK OF INDIA Liquid Fund- Direct Plan- Growth;INF761K01785;;1371.8601;1371.8601;1371.8601;09-Jun-2013
111971;BANK OF INDIA Liquid Fund- Regular Plan- Daily IDCW;;INF761K01CO4;1000.5950;1000.5950;1000.5950;09-Jun-2013
109254;BANK OF INDIA Liquid Fund- Regular Plan- Growth;INF761K01306;;1371.4904;1371.4904;1371.4904;09-Jun-2013
109255;BANK OF INDIA Liquid Fund- Regular Plan- Weekly IDCW;;INF761K01CP1;1002.6360;1002.6360;1002.6360;09-Jun-2013

Baroda BNP Paribas Mutual Fund
119414;Baroda BNP Paribas LIQUID FUND - DIRECT PLAN - DAILY IDCW OPTION;INF955L01AK2;;1000.6300;1000.6300;1000.6300;09-Jun-2013
119415;Baroda BNP Paribas LIQUID FUND - DIRECT PLAN - GROWTH OPTION;INF955L01AL0;;1367.0049;1367.0049;1367.0049;09-Jun-2013
119416;Baroda BNP Paribas LIQUID FUND - DIRECT PLAN - WEEKLY IDCW OPTION;INF251K01SL8;;1001.7989;1001.7989;1001.7989;09-Jun-2013
111707;Baroda BNP Paribas LIQUID FUND - Regular Plan - DAILY IDCW OPTION;INF955L01468;INF955L01476;1000.6300;1000.6300;1000.6300;09-Jun-2013
111704;Baroda BNP Paribas LIQUID FUND - Regular Plan - GROWTH OPTION;INF955L01484;;1366.5835;1366.5835;1366.5835;09-Jun-2013
111705;Baroda BNP Paribas LIQUID FUND - Regular Plan - WEEKLY IDCW OPTION;INF251K01SK0;INF955L01500;1001.3746;1001.3746;1001.3746;09-Jun-2013
101408;Baroda BNP Paribas LIQUID FUND- Defunct Plan -Growth Option;INF955L01575;;2067.7094;2067.7094;2067.7094;09-Jun-2013
101407;Baroda BNP Paribas LIQUID FUND-Defunct Plan- IDCW Option;INF955L01559;INF955L01567;1771.5017;1771.5017;1771.5017;09-Jun-2013
101409;Baroda BNP Paribas LIQUID FUND-Defunct Plan-Daily IDCW Option;INF955L01518;INF955L01526;1006.0600;1006.0600;1006.0600;09-Jun-2013
111706;BARODA LIQUID FUND PLAN A - MONTHLY IDCW OPTION;;;1004.0060;1004.0060;1004.0060;09-Jun-2013

BNP Paribas Mutual Fund
117941;BNP PARIBAS LIQUID FUND  GROWTH OPTION;INF251K01CM0;;18.3406;18.3406;18.3406;09-Jun-2013
117940;BNP PARIBAS LIQUID FUND  MONTHLY DIVIDEND OPTION;INF251K01CP3;INF251K01CQ1;10.0200;10.0200;10.0200;09-Jun-2013
117942;BNP PARIBAS LIQUID FUND  WEEKLY DIVIDEND OPTION;;INF251K01CO6;10.0086;10.0086;10.0086;09-Jun-2013
120122;BNP Paribas LIQUID Fund - Direct Plan - Daily Dividend Option;;INF251K01FY8;10.0049;10.0049;10.0049;09-Jun-2013
120123;BNP Paribas LIQUID Fund - Direct Plan - Growth Option;;INF251K01FX0;18.3467;18.3467;18.3467;09-Jun-2013
120124;BNP Paribas LIQUID Fund - Direct Plan - Monthly Dividend Option;INF251K01GA6;INF251K01GB4;10.0200;10.0200;10.0200;09-Jun-2013
120125;BNP Paribas LIQUID Fund - Direct Plan - Weekly Dividend Option;;INF251K01FZ5;10.0087;10.0087;10.0087;09-Jun-2013
117943;BNP PARIBAS LIQUID FUND DAILY DIVIDEND OPTION;;INF251K01CN8;10.0049;10.0049;10.0049;09-Jun-2013
113640;BNP PARIBAS LIQUID Fund-Regular Plan-Growth Option;INF251K01CI8;;17.5825;17.5825;17.5825;09-Jun-2013
113632;BNP PARIBAS LIQUID Fund-Regular Plan-Monthly Dividend;INF251K01CK4;INF251K01CL2;10.0169;10.0169;10.0169;09-Jun-2013
113637;BNP PARIBAS LIQUID Fund-Regular Plan-Weekly Dividend Option;;INF251K01CJ6;10.0077;10.0077;10.0077;09-Jun-2013

Canara Robeco Mutual Fund
118307;CANARA ROBECO LIQUID FUND - DIRECT PLAN - DAILY IDCW (Reinvestment);;INF760K01FS0;1005.5000;1005.5000;1005.5000;09-Jun-2013
118305;CANARA ROBECO LIQUID FUND - DIRECT PLAN - GROWTH OPTION;INF760K01FU6;;1449.8066;1449.8066;1449.8066;09-Jun-2013
118304;CANARA ROBECO LIQUID FUND - DIRECT PLAN - IDCW (Payout/Reinvestment);INF760K01FT8;;1037.9700;1037.9700;1037.9700;09-Jun-2013
118306;CANARA ROBECO LIQUID FUND - DIRECT PLAN - MONTHLY IDCW (Payout/Reinvestment);INF760K01FV4;INF760K01FW2;1002.7283;1002.7283;1002.7283;09-Jun-2013
118308;CANARA ROBECO LIQUID FUND - DIRECT PLAN - WEEKLY IDCW (Payout/Reinvestment);INF760K01FY8;INF760K01FX0;1000.9104;1000.9104;1000.9104;09-Jun-2013
109349;CANARA ROBECO LIQUID FUND - REGULAR PLAN - DAILY IDCW (Reinvestment);;INF760K01CU3;1005.5000;1005.5000;1005.5000;09-Jun-2013
109353;CANARA ROBECO LIQUID FUND - REGULAR PLAN - GROWTH OPTION;INF760K01CW9;;1449.4111;1449.4111;1449.4111;09-Jun-2013
109351;CANARA ROBECO LIQUID FUND - REGULAR PLAN - MONTHLY IDCW (Payout/Reinvestment);INF760K01CX7;INF760K01CY5;1002.4905;1002.4905;1002.4905;09-Jun-2013
109350;CANARA ROBECO LIQUID FUND - REGULAR PLAN - WEEKLY IDCW (Payout/Reinvestment);INF760K01BZ4;INF760K01CZ2;1000.8785;1000.8785;1000.8785;09-Jun-2013
101363;Canara Robeco Liquid Fund- INSTITUTIONAL-Daily Dividend Reinvestment;;INF760K01CC1;1005.5000;1005.5000;1005.5000;09-Jun-2013
101362;Canara Robeco Liquid Fund- INSTITUTIONAL-Growth;INF760K01CD9;;2141.9434;2141.9434;2141.9434;09-Jun-2013
101364;Canara Robeco Liquid Fund-Retail-DRI;;INF760K01CF4;1007.0000;1007.0000;1007.0000;09-Jun-2013
101365;Canara Robeco Liquid Fund-Retail-Growth;INF760K01CH0;;2106.9463;2106.9463;2106.9463;09-Jun-2013
109347;Canara Robeco Liquid Fund-Retail-Monthly Div Reinvest;;INF760K01CI8;1007.6004;1007.6004;1007.6004;09-Jun-2013
109356;Canara Robeco Liquid Fund-Retail-Weekly Div Reinvest;;INF760K01CJ6;1006.2565;1006.2565;1006.2565;09-Jun-2013

DSP Mutual Fund
119125;DSP Liquidity Fund - Direct Plan - Growth;INF740K01QL4;;1706.9243;1706.9243;1706.9243;09-Jun-2013
119124;DSP Liquidity Fund - Direct Plan - IDCW - Daily;;INF740KA1OB6;1000.3161;1000.3161;1000.3161;09-Jun-2013
119123;DSP Liquidity Fund - Direct Plan - IDCW - Weekly;INF740KA1OC4;INF740KA1OD2;1000.9135;1000.9135;1000.9135;09-Jun-2013
103347;DSP Liquidity Fund - Regular Plan - Growth;INF740K01FK9;;1706.5584;1706.5584;1706.5584;09-Jun-2013
103348;DSP Liquidity Fund - Regular Plan - IDCW - Weekly;INF740K01FM5;INF740K01FL7;1000.9094;1000.9094;1000.9094;09-Jun-2013
103349;DSP Liquidity Fund- Regular Plan - IDCW - Daily;;INF740KA1OE0;1000.3161;1000.3161;1000.3161;09-Jun-2013
100943;DSP BlackRock Liquidity Fund - Regular Plan - Daily Dividend;;;10.0164;10.0164;10.0164;09-Jun-2013
100940;DSP BlackRock Liquidity Fund - Regular Plan - Growth;INF740K01CN0;;28.1445;28.1445;28.1445;09-Jun-2013
100941;DSP BlackRock Liquidity Fund - Regular Plan Weekly Dividend;;;12.4183;12.4183;12.4183;09-Jun-2013

Franklin Templeton Mutual Fund
100541;Franklin India Liquid Fund - Regular Plan - Daily - IDCW;;INF090I01BA3;1512.3400;1512.3400;1512.3400;09-Jun-2013
100538;Franklin India Liquid Fund - Regular Plan - Growth;INF090I01BB1;;2890.9093;2890.9093;2890.9093;09-Jun-2013
100537;Franklin India Liquid Fund - Regular Plan - Weekly - IDCW;INF090I01BL0;INF090I01BI6;1244.3238;1244.3238;1244.3238;09-Jun-2013
118577;Franklin India Liquid Fund - Super Institutional - Direct - Growth;INF090I01JV2;;1776.1018;1776.1018;1776.1018;09-Jun-2013
100547;Franklin India Liquid Fund - Super Institutional Plan - Daily - IDCW;;INF090I01BF2;1000.6730;1000.6730;1000.6730;09-Jun-2013
118578;Franklin India Liquid Fund - Super Institutional Plan - Direct - Daily - IDCW;INF090I01JW0;;1001.0741;1001.0741;1001.0741;09-Jun-2013
118579;Franklin India Liquid Fund - Super Institutional Plan - Direct - Weekly - IDCW;INF090I01JX8;INF090I01JY6;1021.3891;1021.3891;1021.3891;09-Jun-2013
100546;Franklin India Liquid Fund - Super Institutional Plan - Growth;INF090I01BG0;;1775.7722;1775.7722;1775.7722;09-Jun-2013
100548;Franklin India Liquid Fund - Super Institutional Plan - Weekly - IDCW;INF090I01BM8;INF090I01BH8;1021.1243;1021.1243;1021.1243;09-Jun-2013
102441;Franklin India Liquid Fund - Institution-Growth;INF090I01BD7;;1847.4109;1847.4109;1847.4109;09-Jun-2013
102443;Franklin India Liquid Fund - Institutional Plan - Daily - IDCW;;INF090I01BC9;1000.6730;1000.6730;1000.6730;09-Jun-2013
102442;Franklin India Liquid Fund - Institutional Plan - Weekly - IDCW;INF090I01BJ4;INF090I01BE5;1054.7184;1054.7184;1054.7184;09-Jun-2013

Groww Mutual Fund
119135;Groww Liquid Fund ( formerly known as Indiabulls Liquid )Fund - Direct Plan - Growth Option;INF666M01451;;1160.4858;1160.4858;1160.4858;09-Jun-2013
119136;Groww Liquid Fund (formerly known as Indiabulls Liquid Fund) - Direct Plan- - Income Distribution cum capital withdrawal Option ( Reinvestment);;INF666M01469;1000.0434;1000.0434;1000.0434;09-Jun-2013
115991;Groww Liquid Fund (formerly known as Indiabulls Liquid Fund) - Regular Plan - Growth Option;INF666M01014;;1160.1802;1160.1802;1160.1802;09-Jun-2013
115992;Groww Liquid Fund (formerly known as Indiabulls Liquid Fund)- Regular Plan- - Income Distribution cum capital withdrawal Option (Reinvestment);;INF666M01022;1000.0434;1000.0434;1000.0434;09-Jun-2013
115995;Groww Liquid Fund (formerly known as Indiabulls Liquid Fund)- Regular Plan- Monthly - Income Distribution cum capital withdrawal Option (Payout & Reinvestment);INF666M01071;INF666M01055;1001.3668;1001.3668;1001.3668;09-Jun-2013
115993;Groww Liquid Fund (formerly known as Indiabulls Liquid Fund)- Regular Plan- Weekly - Income Distribution cum capital withdrawal Option (Payout & Reinvestment);INF666M01089;INF666M01030;1001.4057;1001.4057;1001.4057;09-Jun-2013

HDFC Mutual Fund
119091;HDFC Liquid Fund - Growth Option - Direct Plan;INF179KB1HP9;;23.527;23.527;23.527;09-Jun-2013
100868;HDFC Liquid Fund - Growth Plan;INF179KB1HK0;;23.5173;23.5173;23.5173;09-Jun-2013
100875;HDFC Liquid Fund - IDCW Daily;;INF179KB1IC5;10.1982;10.1982;10.1982;09-Jun-2013
119089;HDFC Liquid Fund - IDCW Daily - Direct Plan;;INF179KB1HV7;10.1982;10.1982;10.1982;09-Jun-2013
100876;HDFC Liquid Fund - IDCW Monthly;INF179KB1HM6;INF179KB1HL8;10.2929;10.2929;10.2929;09-Jun-2013
119090;HDFC Liquid Fund - IDCW Monthly - Direct Plan;INF179KB1HO2;INF179KB1HQ7;10.293;10.293;10.293;09-Jun-2013
100874;HDFC Liquid Fund - IDCW Plan Weekly;INF179KB1ID3;;10.3241;10.3241;10.3241;09-Jun-2013
119088;HDFC Liquid Fund - IDCW Weekly - Direct Plan;;;10.3242;10.3242;10.3242;09-Jun-2013
100877;HDFC Liquid Fund-Premium Plan - Dividend-Daily;;INF179K01KN4;12.2598;12.2598;12.2598;09-Jun-2013
100878;HDFC Liquid Fund-Premium Plan - Dividend-Weekly;INF179K01KP9;;10;10;10;09-Jun-2013
100873;HDFC Liquid Fund-PREMIUM- Growth;INF179KB1HN4;;23.8944;23.8944;23.8944;09-Jun-2013

HSBC Mutual Fund
118910;HSBC Cash Fund - Institutional Plan - Growth;INF336L01BT4;;1895.6075;1895.6075;1895.6075;09-Jun-2013
120038;HSBC Liquid Fund -  Growth Direct;INF336L01CC8;;1188.4954;1188.4954;1188.4954;09-Jun-2013
120037;HSBC Liquid Fund - Direct Daily IDCW;;INF336L01CB0;1000.56;1000.56;1000.56;09-Jun-2013
120039;HSBC Liquid Fund - Direct Monthly IDCW;INF336L01BZ1;INF336L01CA2;1001.9556;1001.9556;1001.9556;09-Jun-2013
120040;HSBC Liquid Fund - Direct Weekly IDCW;INF336L01LK2;INF336L01CD6;1110.9769;1110.9769;1110.9769;09-Jun-2013
118907;HSBC Liquid Fund - Growth;INF336L01BL1;;1858.342;1858.342;1858.342;09-Jun-2013
118906;HSBC Liquid Fund - IDCW;;INF336L01BK3;1019.3;1019.3;1019.3;09-Jun-2013
118909;HSBC Liquid Fund - Institutional Daily IDCW;;INF336L01BS6;1096.4281;1096.4281;1096.4281;09-Jun-2013
118901;HSBC Liquid Fund - Regular Daily IDCW;;INF336L01BM9;1000.56;1000.56;1000.56;09-Jun-2013
118902;HSBC Liquid Fund - Regular Growth;INF336L01BN7;;1188.4748;1188.4748;1188.4748;09-Jun-2013
118903;HSBC Liquid Fund - Regular Monthly IDCW;INF336L01BP2;INF336L01BO5;1002.0108;1002.0108;1002.0108;09-Jun-2013
118904;HSBC Liquid Fund - Regular Weekly IDCW;INF336L01LJ4;INF336L01BQ0;1110.9747;1110.9747;1110.9747;09-Jun-2013
118908;HSBC Liquid Fund - Weekly IDCW;;INF336L01BR8;1002.0746;1002.0746;1002.0746;09-Jun-2013

ICICI Prudential Mutual Fund
100357;ICICI Prudential Liquid Fund -Quarterly IDCW;INF109K01UU5;INF109K01UT7;102.0065;102.0065;102.0065;09-Jun-2013
100359;ICICI Prudential Liquid Institutional Plus Fund - Div - Daily;INF109K01VJ6;;118.5150;118.5150;118.5150;09-Jun-2013
100360;ICICI Prudential Liquid Institutional Plus Fund - Div - Weekly;INF109K01VM0;;118.7221;118.7221;118.7221;09-Jun-2013
100362;ICICI Prudential Liquid Institutional Plus Fund - Growth;INF109K01VK4;;291.6735;291.6735;291.6735;09-Jun-2013
103343;ICICI Prudential Liquid Fund - Daily IDCW;INF109K01VP3;;100.0496;100.0496;100.0496;09-Jun-2013
120188;ICICI Prudential Liquid Fund - Direct Plan - Daily IDCW;;INF109K01Q15;100.0535;100.0535;100.0535;09-Jun-2013
120197;ICICI Prudential Liquid Fund - Direct Plan - Growth;INF109K01Q49;;176.4241;176.4241;176.4241;09-Jun-2013
120189;ICICI Prudential Liquid Fund - Direct Plan - Monthly IDCW;INF109K01R06;;100.5779;100.5779;100.5779;09-Jun-2013
120196;ICICI Prudential Liquid Fund - Direct Plan - Quarterly IDCW;INF109K01Q72;INF109K01Q80;102.7776;102.7776;102.7776;09-Jun-2013
120190;ICICI Prudential Liquid Fund - Direct Plan - Weekly IDCW;INF109K01Q98;;100.3184;100.3184;100.3184;09-Jun-2013
103340;ICICI Prudential Liquid Fund - Growth;INF109K01VQ1;;176.3815;176.3815;176.3815;09-Jun-2013
104308;ICICI Prudential Liquid Fund - Half Yearly IDCW;INF109K01UX9;INF109K01UW1;101.8875;101.8875;101.8875;09-Jun-2013
103344;ICICI Prudential Liquid Fund - Institutional Option - I;INF109K01VH0;;171.5560;171.5560;171.5560;09-Jun-2013
103342;ICICI Prudential Liquid Fund - Weekly IDCW;INF109K01VS7;;100.2923;100.2923;100.2923;09-Jun-2013
103341;ICICI Prudential Liquid Fund -Monthly IDCW;INF109K01VR9;;100.4068;100.4068;100.4068;09-Jun-2013
101748;ICICI Prudential Liquid Fund - Institutional - Daily - Div;INF109K01VE7;;118.5020;118.5020;118.5020;09-Jun-2013
101753;ICICI Prudential Liquid Fund - Institutional - Weekly - Div;INF109K01VI8;;118.5919;118.5919;118.5919;09-Jun-2013
101754;ICICI Prudential Liquid Fund Retail Daily Dividend;INF109K01UR1;;118.5140;118.5140;118.5140;09-Jun-2013
101750;ICICI Prudential Liquid Fund Retail Growth;INF109K01UQ3;;281.1183;281.1183;281.1183;09-Jun-2013
101755;ICICI Prudential Liquid Fund Retail Monthly Dividend;INF109K01US9;;100.4476;100.4476;100.4476;09-Jun-2013
101752;ICICI Prudential Liquid Fund Retail Weekly Dividend;INF109K01UV3;;118.9649;118.9649;118.9649;09-Jun-2013
101751;ICICI Prudential Liquid Institutional Fund - Growth;INF109K01VF4;;288.3216;288.3216;288.3216;09-Jun-2013

IDBI Mutual Fund
118345;IDBI Liquid Fund Growth Direct;INF397L01AH3;;1279.7669;1279.7669;1279.7669;09-Jun-2013
113104;IDBI Liquid Fund- Monthly IDCW;INF397L01976;INF397L01968;1003.0282;1003.0282;1003.0282;09-Jun-2013
118449;IDBI Liquid Fund- Monthly IDCW Direct;INF397L01AK7;INF397L01AJ9;1003.3842;1003.3842;1003.3842;09-Jun-2013
113102;IDBI Liquid Fund-Daily IDCW;;INF397L01935;1000.3214;1000.3214;1000.3214;09-Jun-2013
118450;IDBI Liquid Fund-Daily IDCW Direct;;INF397L01AI1;1000.3171;1000.3171;1000.3171;09-Jun-2013
113096;IDBI Liquid Fund-Growth;INF397L01984;;1279.4665;1279.4665;1279.4665;09-Jun-2013
113103;IDBI Liquid Fund-Weekly IDCW;INF397L01950;INF397L01943;1000.2223;1000.2223;1000.2223;09-Jun-2013
118451;IDBI Liquid Fund-Weekly IDCW Direct;INF397L01AM3;INF397L01AL5;1003.6538;1003.6538;1003.6538;09-Jun-2013

Invesco Mutual Fund
104484;Invesco India Liquid Fund - Daily IDCW (Reinvestment);;INF205K01HN3;1000.7849;1000.7849;1000.7849;09-Jun-2013
120537;Invesco India Liquid Fund - Direct Plan - Growth;INF205K01MF9;;1639.5918;1639.5918;1639.5918;09-Jun-2013
120536;Invesco India Liquid Fund - Direct Plan - Monthly IDCW (Payout / Reinvestment);INF205K01MG7;INF205K01MH5;1005.2032;1005.2032;1005.2032;09-Jun-2013
120535;Invesco India Liquid Fund - Direct Plan - Weekly IDCW (Reinvestment);INF205KA1BE5;INF205K01MI3;1001.8553;1001.8553;1001.8553;09-Jun-2013
120534;Invesco India Liquid Fund - Direct Plan- Daily IDCW (Reinvestment);;INF205K01ME2;1000.7849;1000.7849;1000.7849;09-Jun-2013
104486;Invesco India Liquid Fund - Growth;INF205K01HM5;;1639.3468;1639.3468;1639.3468;09-Jun-2013
104492;Invesco India Liquid Fund - Monthly IDCW (Payout / Reinvestment);INF205K01HQ6;INF205K01HP8;1005.1950;1005.1950;1005.1950;09-Jun-2013
104488;Invesco India Liquid Fund - Regular - Growth;INF205K01HG7;;1573.4178;1573.4178;1573.4178;09-Jun-2013
104489;Invesco India Liquid Fund - Regular - Weekly IDCW (Reinvestment);;INF205K01HH5;1001.4965;1001.4965;1001.4965;09-Jun-2013
104485;Invesco India Liquid Fund - Weekly IDCW (Reinvestment);INF205KA1BD7;INF205K01HO1;1001.8537;1001.8537;1001.8537;09-Jun-2013
104483;Religare Invesco Liquid Fund - Institutional - Daily Dividend;;INF205K01HJ1;1000.2250;1000.2250;1000.2250;09-Jun-2013
104491;Religare Invesco Liquid Fund - Institutional - Growth;INF205K01HI3;;1607.9556;1607.9556;1607.9556;09-Jun-2013

JM Financial Mutual Fund
100241;JM High Liquidity Fund-- Institutional Plan - Dividend;INF192K01924;INF192K01932;10.7678;10.7678;10.7678;09-Jun-2013
100237;JM High Liquidity Fund-- Institutional Plan - Growth;INF192K01940;;19.6309;19.6309;19.6309;09-Jun-2013
100238;JM High Liquidity Fund-Institutional Plan - Daily Dividend;;INF192K01916;10.0159;10.0159;10.0159;09-Jun-2013
100246;JM High Liquidity Fund-Super Institutional Plan- Weekly  Dividend;INF192K01965;INF192K01973;10.1615;10.1615;10.1615;09-Jun-2013
120410;JM Liquid Fund (Direct) - Bonus Option - Bonus Option - Principal units;INF192K01CN4;;10.4140;10.4140;10.4140;09-Jun-2013
120411;JM Liquid Fund (Direct) - Daily IDCW;;INF192K01CH6;10.4302;10.4302;10.4302;09-Jun-2013
120406;JM Liquid Fund (Direct) - Growth Option;INF192K01CM6;;32.5189;32.5189;32.5189;09-Jun-2013
120408;JM Liquid Fund (Direct) - Quarterly IDCW;INF192K01CK0;INF192K01CL8;18.4084;18.4084;18.4084;09-Jun-2013
120407;JM Liquid Fund (Direct) - Weekly IDCW;INF192K01CI4;INF192K01CJ2;11.0185;11.0185;11.0185;09-Jun-2013
100244;JM Liquid Fund (Regular) - Quarterly IDCW;INF192K01866;INF192K01874;18.3983;18.3983;18.3983;09-Jun-2013
100247;JM Liquid Fund (Regular) - Super Institutional Plan - Growth Option;INF192K01981;;18.6916;18.6916;18.6916;09-Jun-2013
100233;JM Liquid Fund (Regular) - Weekly IDCW;INF192K01841;INF192K01858;11.0157;11.0157;11.0157;09-Jun-2013
100234;JM Liquid Fund - Growth Option;INF192K01882;;32.5054;32.5054;32.5054;09-Jun-2013
101549;JM Liquid Fund (Regular) - Bonus Option - Principal Units;INF192K01890;;10.4084;10.4084;10.4084;09-Jun-2013
101078;JM Liquid Fund (Regular) - Daily IDCW;;INF192K01833;10.4302;10.4302;10.4302;09-Jun-2013

Kotak Mahindra Mutual Fund
119764;Kotak Liquid Fund - Direct Plan - Daily Reinvestment of Income Distribution cum capital withdrawal option;;INF174K01NH1;1222.81;1222.81;1222.81;09-Jun-2013
119766;Kotak Liquid Fund - Direct Plan - Growth;INF174K01NE8;;2419.9493;2419.9493;2419.9493;09-Jun-2013
100833;Kotak Liquid Fund - Regular  - Daily Reinvestment of Income Distribution cum capital withdrawal option;;INF174K01NL3;1222.81;1222.81;1222.81;09-Jun-2013
100835;Kotak Liquid Fund - Regular Plan - Growth;INF174K01NI9;;2419.4369;2419.4369;2419.4369;09-Jun-2013
119765;Kotak Liquid Fund - Weekly  Payout of Income Distribution cum capital withdrawal option - Direct;INF174K01NF5;INF174K01NG3;1002.9797;1002.9797;1002.9797;09-Jun-2013
100831;Kotak Liquid Fund -Institutional Plan - (Daily Dividend);;INF174K01GA0;1222.81;1222.81;1222.81;09-Jun-2013
100834;Kotak Liquid Fund Regular Plan Weekly Reinvestment of Income Distribution cum capital withdrawal option Dividend;INF174K01NK5;;1001.3482;1001.3482;1001.3482;09-Jun-2013
100830;Kotak Liquid-Institutional Plan  (Growth);INF174K01FZ9;;2328.3362;2328.3362;2328.3362;09-Jun-2013
100832;Kotak Liquid-Institutional Plan (Weekly Dividend);;INF174K01GB8;1010.3244;1010.3244;1010.3244;09-Jun-2013
100828;Kotak Liquid-Regular (Dividend);;INF174K01FY2;1003.3979;1003.3979;1003.3979;09-Jun-2013
100829;Kotak Liquid-Regular (Growth);INF174K01NM1;;2250.154;2250.154;2250.154;09-Jun-2013

L&T Mutual Fund
122235;L&T Liquid Fund - Direct Plan - Weekly IDCW;;INF917K01HE2;1001.7659;1001.7659;1001.7659;09-Jun-2013
119791;L&T Liquid Fund - Direct Plan -Daily IDCW;INF917K01HG7;;1011.9470;1011.9470;1011.9470;09-Jun-2013
119790;L&T Liquid Fund - Direct Plan -Growth;INF917K01HF9;;1635.8530;1635.8530;1635.8530;09-Jun-2013
112458;L&T Liquid Fund - Regular Plan - Weekly IDCW;INF917K01BK2;INF917K01JG3;1001.8305;1001.8305;1001.8305;09-Jun-2013
112445;L&T Liquid Fund -Regular Plan - Daily IDCW;INF917K01JB4;;1011.6349;1011.6349;1011.6349;09-Jun-2013
112457;L&T Liquid Fund -Regular Plan - Growth;INF917K01JH1;;1635.7176;1635.7176;1635.7176;09-Jun-2013
112456;L&T Liquid Fund-Cum -Institutional Plus;INF917K01BJ4;;2387.8114;2387.8114;2387.8114;09-Jun-2013
112442;L&T Liquid Fund-Regular Cumulative;INF917K01BF2;;2315.9097;2315.9097;2315.9097;09-Jun-2013

LIC Mutual Fund
120248;LIC MF Liquid Fund-Direct Plan-Daily IDCW;INF767K01DL5;INF767K01DM3;1098.0000;1098.0000;1098.0000;09-Jun-2013
120249;LIC MF Liquid Fund-Direct Plan-Growth;INF767K01DN1;;2162.0139;2162.0139;2162.0139;09-Jun-2013
101184;LIC MF Liquid Fund-Regular Plan-Daily IDCW;INF767K01IQ3;INF767K01IR1;1098.0000;1098.0000;1098.0000;09-Jun-2013
101185;LIC MF Liquid Fund-Regular Plan-Growth;INF767K01IS9;;2161.5542;2161.5542;2161.5542;09-Jun-2013

Mirae Asset Mutual Fund
118859;Mirae Asset Liquid Fund - Direct Plan - Growth;INF769K01CM1;;1271.7773;1271.7773;1271.7773;09-Jun-2013
118862;Mirae Asset Liquid Fund - Direct Plan - Weekly IDCW;INF769K01PD2;INF769K01CP4;1167.0279;1167.0279;1167.0279;09-Jun-2013
118861;Mirae Asset Liquid Fund - Direct Plan -Daily IDCW;;INF769K01CO7;1055.2306;1055.2306;1055.2306;09-Jun-2013
118860;Mirae Asset Liquid Fund - Direct Plan -Monthly IDCW;INF769K01CN9;INF769K01CQ2;1166.9487;1166.9487;1166.9487;09-Jun-2013
111647;Mirae Asset Liquid Fund - Regular - Daily IDCW;;INF769K01804;1048.4207;1048.4207;1048.4207;09-Jun-2013
111646;Mirae Asset Liquid Fund - Regular Plan - Growth;INF769K01788;;1271.1198;1271.1198;1271.1198;09-Jun-2013
111645;Mirae Asset Liquid Fund - Regular Plan - Monthly IDCW;INF769K01838;INF769K01820;1135.5558;1135.5558;1135.5558;09-Jun-2013
111644;Mirae Asset Liquid Fund - Regular Plan - Weekly IDCW;INF769K01PC4;INF769K01812;1133.9187;1133.9187;1133.9187;09-Jun-2013

Navi Mutual Fund
119163;Navi Liquid Fund - Direct Plan Daily IDCW - ReInvestment;;INF959L01GK1;10.0047;10.0047;10.0047;09-Jun-2013
119161;Navi Liquid Fund - Direct Plan Monthly IDCW - Payout;INF959L01GG9;INF959L01GH7;10.0257;10.0257;10.0257;09-Jun-2013
119162;Navi Liquid Fund - Direct Plan Weekly IDCW - Payout;INF959L01GI5;INF959L01GJ3;10.0344;10.0344;10.0344;09-Jun-2013
112645;Navi Liquid Fund - Regular Plan Daily IDCW;;INF959L01GM7;10.0047;10.0047;10.0047;09-Jun-2013
112647;Navi Liquid Fund - Regular Plan Monthly IDCW;INF959L01GN5;INF959L01GO3;10.0249;10.0249;10.0249;09-Jun-2013
112646;Navi Liquid Fund - Regular Plan Weekly IDCW;INF959L01GP0;INF959L01GQ8;10.0178;10.0178;10.0178;09-Jun-2013
119164;Navi Liquid Fund-Direct Plan-Growth Option;INF959L01GF1;;13.0536;13.0536;13.0536;09-Jun-2013
112637;Navi Liquid Fund-Institutional Plan-Dividend Option-Daily;;INF959L01197;10.0047;10.0047;10.0047;09-Jun-2013
112640;Navi Liquid Fund-Institutional Plan-Growth;INF959L01247;;12.7413;12.7413;12.7413;09-Jun-2013
112636;Navi Liquid Fund-Regular Plan-Growth Option;INF959L01GL9;;13.0503;13.0503;13.0503;09-Jun-2013
112641;Navi Liquid Fund-Retail Plan-Dividend Option-Daily;;INF959L01254;10.0047;10.0047;10.0047;09-Jun-2013
112643;Navi Liquid Fund-Retail Plan-Dividend Option-Monthly;INF959L01262;INF959L01270;10.0184;10.0184;10.0184;09-Jun-2013
112642;Navi Liquid Fund-Retail Plan-Dividend Option-Weekly;INF959L01288;INF959L01296;10.0136;10.0136;10.0136;09-Jun-2013
112644;Navi Liquid Fund-Retail Plan-Growth;INF959L01304;;12.5020;12.5020;12.5020;09-Jun-2013

Nippon India Mutual Fund
100852;NIPPON INDIA LIQUID FUND - DAILY IDCW OPTION;;INF204K01UM1;1528.7400;1528.7400;1528.7400;09-Jun-2013
118695;NIPPON INDIA LIQUID FUND - DIRECT Plan - DAILY IDCW OPTION;;INF204K01ZG2;1528.7400;1528.7400;1528.7400;09-Jun-2013
118696;NIPPON INDIA LIQUID FUND - DIRECT Plan - MONTHLY IDCW OPTION;INF204K01ZI8;INF204K01ZJ6;1597.0320;1597.0320;1597.0320;09-Jun-2013
118698;NIPPON INDIA LIQUID FUND - DIRECT Plan - QUARTERLY IDCW OPTION;INF204K01ZK4;INF204K01ZL2;1025.5658;1025.5658;1025.5658;09-Jun-2013
118700;NIPPON INDIA LIQUID FUND - DIRECT Plan - WEEKLY IDCW OPTION;INF204KC1FN6;INF204K01ZM0;1530.9890;1530.9890;1530.9890;09-Jun-2013
118701;Nippon India Liquid Fund - Direct Plan Growth Plan - Growth Option;INF204K01ZH0;;2905.7067;2905.7067;2905.7067;09-Jun-2013
100855;NIPPON INDIA LIQUID FUND - MONTHLY IDCW OPTION;INF204K01UO7;INF204K01UP4;1593.6415;1593.6415;1593.6415;09-Jun-2013
112340;NIPPON INDIA LIQUID FUND - QUARTERLY IDCW OPTION;INF204K01UQ2;INF204K01UR0;1022.4428;1022.4428;1022.4428;09-Jun-2013
100837;Nippon India Liquid Fund - Retail Option - Growth Plan;INF204K01UL3;;2812.5444;2812.5444;2812.5444;09-Jun-2013
100842;NIPPON INDIA LIQUID FUND - RETAIL Plan - DAILY IDCW OPTION;;INF204K01UJ7;1524.2800;1524.2800;1524.2800;09-Jun-2013
100843;NIPPON INDIA LIQUID FUND - RETAIL plan - MONTHLY IDCW OPTION;INF204K01UT6;INF204K01UU4;1334.3837;1334.3837;1334.3837;09-Jun-2013
100844;NIPPON INDIA LIQUID FUND - RETAIL Plan - QUARTERLY IDCW OPTION;INF204K01UV2;INF204K01UW0;1237.3899;1237.3899;1237.3899;09-Jun-2013
100838;NIPPON INDIA LIQUID FUND - RETAIL Plan - WEEKLY IDCW OPTION;;INF204K01UK5;1034.5845;1034.5845;1034.5845;09-Jun-2013
100853;NIPPON INDIA LIQUID FUND - WEEKLY IDCW OPTION;INF204KC1FM8;INF204K01US8;1530.9832;1530.9832;1530.9832;09-Jun-2013
100851;Nippon India Liquid Fund -Growth Plan;INF204K01UN9;;2904.6584;2904.6584;2904.6584;09-Jun-2013
118610;Reliance Liquid Fund - Cash Plan - Direct Plan - Growth Plan - Growth Option;;;1922.1521;1922.1521;1922.1521;09-Jun-2013
118618;Reliance Liquid Fund - Cash Plan - Direct Plan Daily Dividend Reinvestment Option;;;1114.1500;1114.1500;1114.1500;09-Jun-2013
118609;Reliance Liquid Fund - Cash Plan - Direct Plan Monthly Dividend Plan;;;1008.2866;1008.2866;1008.2866;09-Jun-2013
118612;Reliance Liquid Fund - Cash Plan - Direct Plan Quarterly Dividend Plan;;;1028.2271;1028.2271;1028.2271;09-Jun-2013
118611;Reliance Liquid Fund - Cash Plan - Direct Plan Weekly Dividend Reinvestment Option;;;1092.1471;1092.1471;1092.1471;09-Jun-2013
100849;Reliance Liquid Fund-Cash Plan-Daily Dividend Reinvestment Option;;;1114.1500;1114.1500;1114.1500;09-Jun-2013
100845;Reliance Liquid Fund-Cash Plan-Growth Plan;;;1919.2749;1919.2749;1919.2749;09-Jun-2013
114251;Reliance Liquid Fund-Cash Plan-Monthly Dividend Plan;;;1005.4259;1005.4259;1005.4259;09-Jun-2013
114252;Reliance Liquid Fund-Cash Plan-Quarterly Dividend Plan;;;1021.5989;1021.5989;1021.5989;09-Jun-2013
100848;Reliance Liquid Fund-Cash Plan-Weekly Dividend Reinvestment Option;;;1092.1243;1092.1243;1092.1243;09-Jun-2013

Principal Mutual Fund
100895;Principal Cash Management Fund - Daily Income Distribution CUM Capital Withdrawal;;INF173K01DB7;1000.0700;1000.0700;1000.0700;09-Jun-2013
119468;Principal Cash Management Fund - Direct Plan - Growth Option;INF173K01GU0;;1159.5874;1159.5874;1159.5874;09-Jun-2013
119467;Principal Cash Management Fund - Direct Plan - Income Distribution CUM Capital Withdrawal Option - Daily;;INF173K01GT2;1000.0700;1000.0700;1000.0700;09-Jun-2013
119469;Principal Cash Management Fund - Direct Plan - Income Distribution CUM Capital Withdrawal Option - Weekly;;INF173K01GY2;1006.7398;1006.7398;1006.7398;09-Jun-2013
100897;Principal Cash Management Fund - Monthly Income Distribution CUM Capital Withdrawal Option;INF173K01BV9;INF173K01BW7;1024.6596;1024.6596;1024.6596;09-Jun-2013
100896;Principal Cash Management Fund - Weekly Income Distribution CUM Capital Withdrawal Option;;INF173K01DC5;1006.6612;1006.6612;1006.6612;09-Jun-2013
119466;Principal Cash Management Fund -Direct Plan - Income Distribution CUM Capital Withdrawal Option - Monthly;INF173K01GV8;INF173K01GW6;1024.6688;1024.6688;1024.6688;09-Jun-2013
100898;Principal Cash Management Fund -Growth Option;INF173K01DA9;;1159.0546;1159.0546;1159.0546;09-Jun-2013

quant Mutual Fund
120837;quant Liquid Fund - Growth Option - Direct Plan;INF966L01820;;18.4259;18.4259;18.4259;09-Jun-2013
103225;quant Liquid Fund - Growth Option - Regular Plan;INF966L01317;;18.406;18.406;18.406;09-Jun-2013
120838;quant Liquid Fund - Monthly IDCW Option - Direct Plan;INF966L01796;INF966L01812;15.0828;15.0828;15.0828;09-Jun-2013
103228;quant Liquid Fund - Monthly IDCW Option - Regular Plan;INF966L01291;INF966L01309;15.0606;15.0606;15.0606;09-Jun-2013
120839;quant Liquid Fund - Weekly IDCW Option - Direct Plan;INF966L01788;INF966L01804;13.4457;13.4457;13.4457;09-Jun-2013
103227;quant Liquid Fund - Weekly IDCW Option - Regular Plan;INF966L01499;INF966L01283;13.4405;13.4405;13.4405;09-Jun-2013
120836;quant Liquid Fund-Daily IDCW Option - Direct Plan;;INF966L01770;13.753;13.753;13.753;09-Jun-2013
103226;quant Liquid Fund-Daily IDCW Option - Regular Plan;;INF966L01275;13.7315;13.7315;13.7315;09-Jun-2013

Quantum Mutual Fund
103736;Quantum Liquid Fund - Direct Plan Daily IDCW;;INF082J01135;10.0024;10.0024;10.0024;09-Jun-2013
103734;Quantum Liquid Fund - Direct Plan Growth Option;INF082J01127;;16.8459;16.8459;16.8459;09-Jun-2013
103735;Quantum Liquid Fund - Direct Plan Monthly IDCW;INF082J01143;INF082J01200;10.0307;10.0307;10.0307;09-Jun-2013

SBI Mutual Fund
119804;SBI Liquid Fund - Direct Paln - Fortnightly Income Distribution cum Capital Withdrawal Option (IDCW);INF200K01UR8;INF200K01US6;N.A.;N.A.;N.A.;09-Jun-2013
119805;SBI Liquid Fund - Direct Plan - Daily Income Distribution cum Capital Withdrawal Option (IDCW);;INF200K01UQ0;1003.2500;1003.2500;1003.2500;09-Jun-2013
119799;SBI Liquid Fund - Direct Plan - Weekly Income Distribution cum Capital Withdrawal Option (IDCW);INF200K01UU2;INF200K01UV0;1061.2978;1061.2978;1061.2978;09-Jun-2013
119800;SBI Liquid Fund - DIRECT PLAN -Growth;INF200K01UT4;;1874.6269;1874.6269;1874.6269;09-Jun-2013
105274;SBI Liquid Fund - Institutional - Growth;INF200K01LU1;;1891.7947;1891.7947;1891.7947;09-Jun-2013
105275;SBI Liquid Fund - Institutional Daily Income Distribution cum Capital Withdrawal Option (IDCW);;INF200K01LR7;1003.2500;1003.2500;1003.2500;09-Jun-2013
105279;SBI Liquid Fund - Institutional Fortnightly Income Distribution cum Capital Withdrawal Option (IDCW);INF200K01LS5;INF200K01LT3;1023.3919;1023.3919;1023.3919;09-Jun-2013
105278;SBI Liquid Fund - Institutional Weekly Income Distribution cum Capital Withdrawal Option (IDCW);INF200K01LV9;INF200K01LW7;1060.5872;1060.5872;1060.5872;09-Jun-2013
105281;SBI Liquid Fund - Regular Plan - Daily Income Distribution cum Capital Withdrawal Option (IDCW);;INF200K01LX5;1003.2500;1003.2500;1003.2500;09-Jun-2013
105283;SBI Liquid Fund - Regular Plan - Fortnightly Income Distribution cum Capital Withdrawal Option (IDCW);INF200K01LY3;INF200K01LZ0;1012.0847;1012.0847;1012.0847;09-Jun-2013
105282;SBI Liquid Fund - Regular Plan - Weekly Income Distribution cum Capital Withdrawal Option (IDCW);INF200K01MB9;INF200K01MC7;1061.2967;1061.2967;1061.2967;09-Jun-2013
105280;SBI Liquid Fund - REGULAR PLAN -Growth;INF200K01MA1;;1874.2311;1874.2311;1874.2311;09-Jun-2013

Sundaram Mutual Fund
119688;Sundaram Money Fund Direct Plan - Daily Reinvestment of Income Distribution cum Capital Withdrawal (IDCW);;INF903J01QA3;10.1025;10.1025;10.1025;09-Jun-2013
119692;Sundaram Money Fund Direct Plan - Fortnightly Reinvestment of Income Distribution cum Capital Withdrawal (IDCW);;INF903J01QB1;25.0772;25.0772;25.0772;09-Jun-2013
119686;Sundaram Money Fund Direct Plan - Growth;INF903J01QF2;;25.1471;25.1471;25.1471;09-Jun-2013
119687;Sundaram Money Fund Direct Plan - Monthly Income Distribution cum Capital Withdrawal (IDCW);INF903J01QC9;INF903J01QD7;10.4923;10.4923;10.4923;09-Jun-2013
119689;Sundaram Money Fund Direct Plan - Quarterly Reinvestment of Income Distribution cum Capital Withdrawal (IDCW);;INF903J01QE5;12.9466;12.9466;12.9466;09-Jun-2013
119691;Sundaram Money Fund Direct Plan - Weekly Reinvestment of Income Distribution cum Capital Withdrawal (IDCW);;INF903J01QG0;11.2518;11.2518;11.2518;09-Jun-2013
102701;Sundaram Money Fund Institutional Plan - Daily Reinvestment of Income Distribution cum Capital Withdrawal (IDCW);;INF903J01GP2;10.0953;10.0953;10.0953;09-Jun-2013
102702;Sundaram Money Fund Institutional Plan - Fortnightly Reinvestment of Income Distribution cum Capital Withdrawal (IDCW);;INF903J01GR8;0.0000;0.0000;0.0000;09-Jun-2013
102703;Sundaram Money Fund Institutional Plan - Growth;INF903J01GN7;;24.5193;24.5193;24.5193;09-Jun-2013
102704;Sundaram Money Fund Institutional Plan - Monthly Income Distribution cum Capital Withdrawal (IDCW);INF903J01GO5;INF903J01GS6;0.0000;0.0000;0.0000;09-Jun-2013
102705;Sundaram Money Fund Institutional Plan - Quarterly Reinvestment of Income Distribution cum Capital Withdrawal (IDCW);;INF903J01GT4;0.0000;0.0000;0.0000;09-Jun-2013
102706;Sundaram Money Fund Institutional Plan - Weekly Reinvestment of Income Distribution cum Capital Withdrawal (IDCW);;INF903J01GQ0;0.0000;0.0000;0.0000;09-Jun-2013
103392;Sundaram Money Fund Regular Plan - Daily Reinvestment of Income Distribution cum Capital Withdrawal (IDCW);;INF903J01GW8;10.0953;10.0953;10.0953;09-Jun-2013
103395;Sundaram Money Fund Regular Plan - Fortnightly Reinvestment of Income Distribution cum Capital Withdrawal (IDCW);;INF903J01GY4;10.6410;10.6410;10.6410;09-Jun-2013
103397;Sundaram Money Fund Regular Plan - Growth;INF903J01GU2;;25.1435;25.1435;25.1435;09-Jun-2013
103396;Sundaram Money Fund Regular Plan - Monthly Income Distribution cum Capital Withdrawal (IDCW);INF903J01GV0;INF903J01GZ1;10.3540;10.3540;10.3540;09-Jun-2013
103393;Sundaram Money Fund Regular Plan - Quarterly Reinvestment of Income Distribution cum Capital Withdrawal (IDCW);;INF903J01HA2;12.9453;12.9453;12.9453;09-Jun-2013
100620;Sundaram Money Fund Retail Plan - Daily Reinvestment of Income Distribution cum Capital Withdrawal (IDCW);;INF903J01GI7;10.0953;10.0953;10.0953;09-Jun-2013
100622;Sundaram Money Fund Retail Plan - Fortnightly Reinvestment of Income Distribution cum Capital Withdrawal (IDCW);;INF903J01GK3;10.5913;10.5913;10.5913;09-Jun-2013
100618;Sundaram Money Fund Retail Plan - Growth;INF903J01GG1;;23.4966;23.4966;23.4966;09-Jun-2013
100623;Sundaram Money Fund Retail Plan - Monthly Income Distribution cum Capital Withdrawal (IDCW);INF903J01GH9;INF903J01GL1;10.3667;10.3667;10.3667;09-Jun-2013
100619;Sundaram Money Fund Retail Plan - Quarterly Reinvestment of Income Distribution cum Capital Withdrawal (IDCW);;INF903J01GM9;13.1489;13.1489;13.1489;09-Jun-2013
100621;Sundaram Money Fund Retail Plan - Weekly Reinvestment of Income Distribution cum Capital Withdrawal (IDCW);;INF903J01GJ5;10.9807;10.9807;10.9807;09-Jun-2013
103394;Sundaram Money Fund Regular Plan - Weekly Reinvestment of Income Distribution cum Capital Withdrawal (IDCW);;INF903J01GX6;11.0210;11.0210;11.0210;09-Jun-2013

Tata Mutual Fund
102672;Tata Liquid Fund -Regular Plan - Growth Option;INF277K01YD8;;18.7424;18.7424;18.7424;09-Jun-2013
119862;Tata Liquid Fund- Direct Plan - Daily Reinvestment of IDCW Option;;INF277K012D2;10.0152;10.0152;10.0152;09-Jun-2013
119861;Tata Liquid Fund- Direct Plan-Growth Option;INF277K01YE6;;18.7577;18.7577;18.7577;09-Jun-2013
101714;Tata Liquid Fund- Regular Plan - Daily Reinvestment of IDCW Option;;INF277K011D4;10.0152;10.0152;10.0152;09-Jun-2013

Taurus Mutual Fund
111915;Taurus Liquid Fund - Regular Plan - SI Growth Option;INF044D01534;;1286.9439;1286.9439;1286.9439;09-Jun-2013
113248;Taurus Liquid Fund - Regular Plan - SI Weekly Dividend Option;;INF044D01526;1000.6992;1000.6992;1000.6992;09-Jun-2013
111703;Taurus Liquid Fund - Regular Plan -SI Daily Dividend Option;;INF044D01518;1000.0905;1000.0905;1000.0905;09-Jun-2013
111547;Taurus Liquid Fund Insti DDRIP;;INF044D01484;1000.0905;1000.0905;1000.0905;09-Jun-2013
111760;Taurus Liquid Fund Insti Growth;INF044D01500;;1310.3512;1310.3512;1310.3512;09-Jun-2013
118891;Taurus Liquid Fund-Direct Plan-SI Daily Dividend Option;;INF044D01DI0;1000.0905;1000.0905;1000.0905;09-Jun-2013
118893;Taurus Liquid Fund-Direct Plan-SI Growth Option;INF044D01DK6;;1287.2390;1287.2390;1287.2390;09-Jun-2013
118892;Taurus Liquid Fund-Direct Plan-SI Weekly Dividend Option;;INF044D01DJ8;1000.7048;1000.7048;1000.7048;09-Jun-2013
104240;Taurus Liquid Fund-Dividend;INF044D01542;INF044D01559;1001.2175;1001.2175;1001.2175;09-Jun-2013
104241;Taurus Liquid Fund-Growth;INF044D01575;;1550.1867;1550.1867;1550.1867;09-Jun-2013

Union Mutual Fund
115401;Union Liquid Fund - Daily IDCW Option;;INF582M01021;1000.6489;1000.6489;1000.6489;09-Jun-2013
119301;Union Liquid Fund - Direct Plan - Daily IDCW Option;;INF582M01682;1000.6506;1000.6506;1000.6506;09-Jun-2013
119305;Union Liquid Fund - Direct Plan - Fortnightly IDCW Option;INF582M01724;INF582M01708;1003.2210;1003.2210;1003.2210;09-Jun-2013
119303;Union Liquid Fund - Direct Plan - Growth Option;INF582M01674;;1194.6965;1194.6965;1194.6965;09-Jun-2013
119302;Union Liquid Fund - Direct Plan - Monthly IDCW Option;INF582M01732;INF582M01716;1003.1913;1003.1913;1003.1913;09-Jun-2013
119304;Union Liquid Fund - Direct Plan - Weekly IDCW Option;;INF582M01690;1001.6167;1001.6167;1001.6167;09-Jun-2013
115399;Union Liquid Fund - Fortnightly IDCW Option;INF582M01062;INF582M01047;1003.1761;1003.1761;1003.1761;09-Jun-2013
115398;Union Liquid Fund - Growth Option;INF582M01013;;1194.4963;1194.4963;1194.4963;09-Jun-2013
115400;Union Liquid Fund - Monthly IDCW Option;INF582M01070;INF582M01054;1003.1759;1003.1759;1003.1759;09-Jun-2013
115402;Union Liquid Fund - Weekly IDCW Option;;INF582M01039;1001.6066;1001.6066;1001.6066;09-Jun-2013

UTI Mutual Fund
120558;UTI Liquid Fund - Direct Plan - Daily IDCW (Reinvestment);;INF789F01XP8;1019.4457;1019.4457;1019.4457;09-Jun-2013
120794;UTI Liquid Fund - Direct Plan - Monthly IDCW;INF789F01XR4;INF789F01XS2;1026.5675;1026.5675;1026.5675;09-Jun-2013
120777;UTI Liquid Fund - Direct Plan - Weekly IDCW;;INF789F01XT0;1053.9286;1053.9286;1053.9286;09-Jun-2013
102010;UTI Liquid Fund - Regular Plan - Daily IDCW (Reinvestment);;INF789F01PG3;1019.4457;1019.4457;1019.4457;09-Jun-2013
102011;UTI Liquid Fund - Regular Plan - Monthly IDCW;INF789F01PI9;INF789F01PJ7;1026.5501;1026.5501;1026.5501;09-Jun-2013
102013;UTI Liquid Fund - Regular Plan - Weekly IDCW;;INF789F01PK5;1053.9142;1053.9142;1053.9142;09-Jun-2013
120304;UTI-  Liquid Cash Plan - Direct Plan - Growth Option;INF789F01XQ6;;1955.8379;1955.8379;1955.8379;09-Jun-2013
102012;UTI-  Liquid Cash Plan - Regular Plan - Growth Option;INF789F01PH1;;1954.9819;1954.9819;1954.9819;09-Jun-2013
102008;UTI-  Liquid Cash Plan- Discontinued - Regular Plan - Monthly Dividend Option;INF789F01BC2;INF789F01BA6;1130.8133;1130.8133;0;09-Jun-2013
102009;UTI-  Liquid Cash Plan- Discontinued - Regular Plan -Growth;INF789F01BB4;;1892.7236;1892.7236;0;09-Jun-2013
102007;UTI-  Liquid Cash Plan- Discontinued -Regular Plan Periodic Dividend Option;;INF789F01AZ5;1133.0156;1133.0156;0;09-Jun-2013

Open Ended Schemes ( Debt Scheme - Ultra Short Duration Fund )


Principal Mutual Fund
119475;Principal Ultra Short Term Fund- Direct Plan - Income Distribution CUM Capital Withdrawal Option - Monthly;INF173K01HK9;INF173K01HJ1;1061.3812;1056.0743;1061.3812;09-Jun-2013
119474;Principal Ultra Short Term Fund- Direct Plan -Growth Option;INF173K01HI3;;1338.4443;1331.7521;1338.4443;09-Jun-2013
107329;Principal Ultra Short Term Fund-Daily Income Distribution CUM Capital Withdrawal Option;;INF173K01CV7;1005.4300;1000.4029;1005.4300;09-Jun-2013
107328;Principal Ultra Short Term Fund-Growth Option;INF173K01CU9;;1337.8628;1331.1735;1337.8628;09-Jun-2013
107330;Principal Ultra Short Term Fund-Monthly Income Distribution CUM Capital Withdrawal Option;INF173K01CB9;INF173K01CC7;1061.3152;1056.0086;1061.3152;09-Jun-2013
107332;Principal Ultra Short Term Fund-Weekly Income Distribution CUM Capital Withdrawal Option;;INF173K01CW5;1012.5624;1007.4996;1012.5624;09-Jun-2013

SBI Mutual Fund
119784;SBI Ultra Short Duration Fund - Direct Plan - Daily Income Distribution cum Capital Withdrawal Option (IDCW);;INF200K01TG3;1675.0300;1673.3550;1675.0300;09-Jun-2013
119828;SBI ULTRA SHORT DURATION FUND - DIRECT PLAN - GROWTH;INF200K01TF5;;2634.6811;2632.0464;2634.6811;09-Jun-2013
119829;SBI Ultra Short Duration Fund - Direct Plan - Weekly Income Distribution cum Capital Withdrawal Option (IDCW);INF200K01TH1;INF200K01TI9;1077.8226;1076.7448;1077.8226;09-Jun-2013
105080;SBI Ultra Short Duration Fund - Regular Plan - Daily Income Distribution cum Capital Withdrawal Option (IDCW);;INF200K01LK2;1675.0300;1673.3550;1675.0300;09-Jun-2013
100641;SBI ULTRA SHORT DURATION FUND - REGULAR PLAN - GROWTH;INF200K01LJ4;;2634.2959;2631.6616;2634.2959;09-Jun-2013
103884;SBI Ultra Short Duration Fund - Regular Plan - Weekly Income Distribution cum Capital Withdrawal Option (IDCW);INF200K01LM8;INF200K01LL0;1077.8216;1076.7438;1077.8216;09-Jun-2013

Open Ended Schemes ( Debt Scheme - Money Market Fund )


Aditya Birla Sun Life Mutual Fund
101973;Aditya Birla Sun Life Money Manager Fund - Daily IDCW;;INF209K01SZ6;100.0200;100.0200;100.0200;09-Jun-2013
119513;Aditya Birla Sun Life Money Manager Fund - Direct - daily IDCW;;INF209K01UT5;100.0200;100.0200;100.0200;09-Jun-2013
119512;Aditya Birla Sun Life Money Manager Fund - Direct - weekly IDCW;INF209K01UV1;INF209KA1LM3;100.1227;100.1227;100.1227;09-Jun-2013
101976;Aditya Birla Sun Life Money Manager Fund - Growth;INF209K01RV7;;158.4559;158.4559;158.4559;09-Jun-2013
119511;Aditya Birla Sun Life Money Manager Fund - Growth - Direct Plan;INF209K01UU3;;158.4835;158.4835;158.4835;09-Jun-2013
101972;Aditya Birla Sun Life Money Manager Fund - Retail - Daily IDCW;;INF209K01JZ5;100.0150;100.0150;100.0150;09-Jun-2013
101970;Aditya Birla Sun Life Money Manager Fund - RETAIL - WEEKLY IDCW;;INF209K01JY8;103.7914;103.7914;103.7914;09-Jun-2013
101971;Aditya Birla Sun Life Money Manager Fund - Retail Growth;INF209K01MJ3;;195.7144;195.7144;195.7144;09-Jun-2013
101974;Aditya Birla Sun Life Money Manager Fund - WEEKLY IDCW;;INF209K01SY9;100.1225;100.1225;100.1225;09-Jun-2013

HDFC Mutual Fund
101994;HDFC Money Market Fund - Daily IDCW Option;;INF179KB1IG6;10.6364;10.6364;10.6364;09-Jun-2013
119093;HDFC Money Market Fund - Daily IDCW Option - Direct Plan;;INF179KB1HZ8;10.6364;10.6364;10.6364;09-Jun-2013
101993;HDFC Money Market Fund - Growth Option;INF179KB1HR5;;24.9108;24.9108;24.9108;09-Jun-2013
119092;HDFC Money Market Fund - Growth Option - Direct Plan;INF179KB1HU9;;24.9182;24.9182;24.9182;09-Jun-2013
101995;HDFC Money Market Fund - Weekly IDCW Option;INF179KB1IH4;INF179KB1II2;10.6294;10.6294;10.6294;09-Jun-2013
119094;HDFC Money Market Fund - Weekly IDCW Option -Direct Plan;INF179KB1IA9;INF179KB1IB7;10.6295;10.6295;10.6295;09-Jun-2013

ICICI Prudential Mutual Fund
115328;ICICI Prudential Money Market Fund Dividend;INF109K01I72;;100.1063;100.1063;100.1063;09-Jun-2013
120209;ICICI Prudential Money Market Fund Option - Direct Plan -  Daily IDCW;;INF109K01R22;100.1428;100.1428;100.1428;09-Jun-2013
120211;ICICI Prudential Money Market Fund Option - Direct Plan -  Growth;INF109K01R14;;165.1042;165.1042;165.1042;09-Jun-2013
120213;ICICI Prudential Money Market Fund Option - Direct Plan -  Monthly IDCW;INF109K01R63;INF109K01R71;100.7634;100.7634;100.7634;09-Jun-2013
120212;ICICI Prudential Money Market Fund Option - Direct Plan -  Weekly IDCW;INF109K01R89;;100.5018;100.5018;100.5018;09-Jun-2013
101221;ICICI Prudential Money Market Fund Retail Growth (erstwhile Cash Option);INF109K01TW3;;187.5777;187.5777;187.5777;09-Jun-2013
103634;ICICI Prudential Money Market Fund Option - Daily IDCW;INF109K01TY9;;100.1288;100.1288;100.1288;09-Jun-2013
103633;ICICI Prudential Money Market Fund Option - Growth;INF109K01TX1;;165.0647;165.0647;165.0647;09-Jun-2013
103637;ICICI Prudential Money Market Fund Option - Monthly IDCW;INF109K01UC3;INF109K01UB5;100.6131;100.6131;100.6131;09-Jun-2013
103635;ICICI Prudential Money Market Fund Option - Weekly IDCW;INF109K01TZ6;;100.2001;100.2001;100.2001;09-Jun-2013
103636;ICICI Prudential Money Market Fund Option -Fortnightly IDCW;INF109K01UA7;;100.4536;100.4536;100.4536;09-Jun-2013

Kotak Mahindra Mutual Fund
106842;Kotak Money Market Fund - (Daily Reinvestment of Income Distribution cum capital withdrawal option);INF174K01ND0;;1011.62;1011.62;1011.62;09-Jun-2013
119745;Kotak Money Market Fund - (Daily Reinvestment of Income Distribution cum capital withdrawal option) - Direct;INF174K01MZ5;;1011.62;1011.62;1011.62;09-Jun-2013
101893;Kotak Money Market Fund - (Growth);INF174K01NA6;;1954.2017;1954.2017;1954.2017;09-Jun-2013
119746;Kotak Money Market Fund - (Growth) - Direct;INF174K01MW2;;1954.6326;1954.6326;1954.6326;09-Jun-2013
101892;Kotak Money market Fund - (Monthly Payout of Income Distribution cum capital withdrawal option);INF174K018O0;INF174K01NB4;1007.4852;1007.4852;1007.4852;09-Jun-2013
119747;Kotak Money Market Fund - (Monthly Payout of Income Distribution cum capital withdrawal option) - Direct;INF174K019O8;INF174K01MX0;1009.6514;1009.6514;1009.6514;09-Jun-2013
101894;Kotak Money Market Fund - (Weekly Reinvestment of Income Distribution cum capital withdrawal option);INF174K01NC2;;1013.3017;1013.3017;1013.3017;09-Jun-2013
119748;Kotak Money Market Fund - (Weekly Reinvestment of Income Distribution cum capital withdrawal option) - Direct;INF174K01MY8;;1014.9763;1014.9763;1014.9763;09-Jun-2013

Nippon India Mutual Fund
103050;NIPPON INDIA MONEY MARKET FUND - DAILY IDCW Option;;INF204K01UY6;1000.5100;1000.5100;1000.5100;09-Jun-2013
118718;NIPPON INDIA MONEY MARKET FUND - DIRECT Plan - DAILY IDCW Option;;INF204K01ZN8;1000.5100;1000.5100;1000.5100;09-Jun-2013
118720;NIPPON INDIA MONEY MARKET FUND - DIRECT Plan - MONTHLY IDCW Option;INF204K01ZQ1;INF204K01ZR9;1005.4459;1005.4459;1005.4459;09-Jun-2013
118717;NIPPON INDIA MONEY MARKET FUND - DIRECT Plan - WEEKLY IDCW Option;;INF204K01ZO6;1000.7962;1000.7962;1000.7962;09-Jun-2013
118715;Nippon India Money Market Fund - Direct Plan Growth Plan - Bonus Option;INF204K01G11;;1056.3518;1056.3518;1056.3518;09-Jun-2013
118719;Nippon India Money Market Fund - Direct Plan Growth Plan - Growth Option;INF204K01ZP3;;1796.4701;1796.4701;1796.4701;09-Jun-2013
103052;NIPPON INDIA MONEY MARKET FUND - MONTHLY IDCW Option;INF204K01VB2;INF204K01VC0;1004.2810;1004.2810;1004.2810;09-Jun-2013
112341;NIPPON INDIA MONEY MARKET FUND - QUARTERLY IDCW Option;INF204K01VD8;INF204K01VE6;1022.3654;1022.3654;1022.3654;09-Jun-2013
103051;NIPPON INDIA MONEY MARKET FUND - WEEKLY IDCW Option;;INF204K01UZ3;1000.7918;1000.7918;1000.7918;09-Jun-2013
103049;Nippon India Money Market Fund-Growth Plan-Bonus Option;INF204K01UX8;;1056.0092;1056.0092;1056.0092;09-Jun-2013
103048;Nippon India Money Market Fund-Growth Plan-Growth Option;INF204K01VA4;;1795.7788;1795.7788;1795.7788;09-Jun-2013

Tata Mutual Fund
119423;Tata Liquid Fund- Direct Plan- Monthly Dividend;INF277K01PS4;INF277K01PT2;1002.7314;1002.7314;1002.7314;09-Jun-2013
119422;Tata Liquid Fund- Direct Plan- Weekly Dividend;INF277K013C2;;1001.7968;1001.7968;1001.7968;09-Jun-2013
119421;Tata Money Market Fund- Direct Plan - Daily Reinvestment of IDCW Option;;INF277K011C6;1114.5200;1114.5200;1114.5200;09-Jun-2013
119424;Tata Money Market Fund- Direct Plan- Growth Option;INF277K01PR6;;2202.2383;2202.2383;2202.2383;09-Jun-2013
101986;Tata Money Market Fund- Regular Plan - Daily Reinvestment of IDCW Option;;INF277K014C0;1114.5200;1114.5200;1114.5200;09-Jun-2013
101847;Tata Money Market Fund-Regular Plan - Growth Option;INF277K01LQ7;;2201.4674;2201.4674;2201.4674;09-Jun-2013

UTI Mutual Fund
120299;UTI MMF - Direct Plan - Growth Option;INF789F01XV6;;1335.9408;1335.9408;1335.9408;09-Jun-2013
112077;UTI MMF - Regular Plan - Growth Option;INF789F01PX8;;1335.3568;1335.3568;1335.3568;09-Jun-2013
100724;UTI MMF- Discontinued - Regular Plan - Flexi Dividend Option;;INF789F01BD0;1998.5885;1998.5885;0;09-Jun-2013
100725;UTI MMF- Discontinued - Regular Plan - Periodic Dividend Option;INF789F01BE8;;1989.162;1989.162;0;09-Jun-2013
100723;UTI MMF-Discontinued - Regular Plan -Growth;INF789F01BF5;;3274.3682;3274.3682;0;09-Jun-2013
120772;UTI Money Market Fund - Direct Plan - Daily IDCW (Reinvestment);;INF789F01XU8;1003.3854;1003.3854;1003.3854;09-Jun-2013
120793;UTI Money Market Fund - Direct Plan - Weekly IDCW;INF789F01XW4;INF789F01XX2;1015.4321;1015.4321;1015.4321;09-Jun-2013
112076;UTI Money Market Fund - Regular Plan - Daily IDCW (Reinvestment);;INF789F01PW0;1003.3854;1003.3854;1003.3854;09-Jun-2013
112635;UTI Money Market Fund - Regular Plan - Weekly IDCW;INF789F01PY6;INF789F01PZ3;1015.4179;1015.4179;1015.4179;09-Jun-2013

Open Ended Schemes ( Debt Scheme - Floater Fund )


Franklin Templeton Mutual Fund
118508;Franklin India Floating Rate Fund - Direct - Growth;INF090I01LK1;;19.3654;19.3654;19.3654;09-Jun-2013
118507;Franklin India Floating Rate Fund - Direct - IDCW ;INF090I01LL9;;10.0099;10.0099;10.0099;09-Jun-2013
101048;Franklin India Floating Rate Fund - Growth Plan;INF090I01LM7;;19.3196;19.3196;19.3196;09-Jun-2013
101044;Franklin India Floating Rate Fund - IDCW ;INF090I01LN5;;10.0091;10.0091;10.0091;09-Jun-2013

Close Ended Schemes ( Income )


SBI Mutual Fund
114781;SBI Capital Protection Oriented Fund - Series II -;INF200K01ED2;;11.8652;N.A.;N.A.;09-Jun-2013
115824;SBI Capital Protection Oriented Fund - Series III - Growth;INF200K01IH4;;11.4811;N.A.;N.A.;09-Jun-2013
121468;SBI DEBT FUND SERIES - 13 MONTHS - 14 - DIRECT PLAN - DIVIDEND;INF200K01WZ7;;N.A.;N.A.;N.A.;09-Jun-2013
121469;SBI DEBT FUND SERIES - 13 MONTHS - 14 - DIRECT PLAN - GROWTH;INF200K01WY0;;10.2906;N.A.;N.A.;09-Jun-2013
121470;SBI DEBT FUND SERIES - 13 MONTHS - 14 - REGULAR PLAN - DIVIDEND;INF200K01WX2;;10.2879;N.A.;N.A.;09-Jun-2013
121471;SBI DEBT FUND SERIES - 13 MONTHS - 14 - REGULAR PLAN - GROWTH;INF200K01WW4;;10.2879;N.A.;N.A.;09-Jun-2013
121695;SBI DEBT FUND SERIES - 13 MONTHS - 15 - DIRECT PLAN - DIVIDEND;INF200K01XD2;;10.2706;N.A.;N.A.;09-Jun-2013
121696;SBI DEBT FUND SERIES - 13 MONTHS - 15 - REGULAR PLAN - DIVIDEND;INF200K01XB6;;10.2694;N.A.;N.A.;09-Jun-2013
121697;SBI DEBT FUND SERIES - 13 MONTHS - 15 - REGULAR PLAN - GROWTH;INF200K01XA8;;10.2700;N.A.;N.A.;09-Jun-2013
121698;SBI DEBT FUND SERIES - 13 MONTHS - 15- DIRECT PLAN - GROWTH;INF200K01XC4;;10.2706;N.A.;N.A.;09-Jun-2013
121305;SBI DEBT FUND SERIES - 14 MONTHS - 1 - DIRECT PLAN - DIVIDEND;INF200K01XH3;;10.3237;N.A.;N.A.;09-Jun-2013
121306;SBI DEBT FUND SERIES - 14 MONTHS - 1 - DIRECT PLAN - GROWTH;INF200K01XG5;;10.3236;N.A.;N.A.;09-Jun-2013
121303;SBI DEBT FUND SERIES - 14 MONTHS - 1 - REGULAR PLAN - DIVIDEND;INF200K01XF7;;10.3207;N.A.;N.A.;09-Jun-2013
121304;SBI DEBT FUND SERIES - 14 MONTHS - 1 - REGULAR PLAN - GROWTH;INF200K01XE0;;10.3207;N.A.;N.A.;09-Jun-2013
122015;SBI DEBT FUND SERIES - 14 MONTHS - 2 - DIRECT PLAN - DIVIDEND;INF200K01XL5;;10.2123;N.A.;N.A.;09-Jun-2013
122017;SBI DEBT FUND SERIES - 14 MONTHS - 2 - DIRECT PLAN - GROWTH;INF200K01XK7;;10.2123;N.A.;N.A.;09-Jun-2013
122016;SBI DEBT FUND SERIES - 14 MONTHS - 2 - REGULAR PLAN - DIVIDEND;INF200K01XJ9;;10.2112;N.A.;N.A.;09-Jun-2013
122018;SBI DEBT FUND SERIES - 14 MONTHS - 2 - REGULAR PLAN - GROWTH;INF200K01XI1;;10.2112;N.A.;N.A.;09-Jun-2013
117110;SBI DEBT FUND SERIES - 15 MONTHS - 10 - DIVIDEND;INF200K01LG0;;11.0999;N.A.;N.A.;09-Jun-2013
117111;SBI DEBT FUND SERIES - 15 MONTHS - 10 - GROWTH;INF200K01LF2;;11.0999;N.A.;N.A.;09-Jun-2013
116408;SBI DEBT FUND SERIES - 18 MONTHS - 10 - DIVIDEND;INF200K01LI6;;11.3339;N.A.;N.A.;09-Jun-2013
116407;SBI DEBT FUND SERIES - 18 MONTHS - 10 - GROWTH;INF200K01LH8;;11.3339;N.A.;N.A.;09-Jun-2013
117983;SBI DEBT FUND SERIES - 18 MONTHS - 11 - DIVIDEND;INF200K01PW8;;10.5650;N.A.;N.A.;09-Jun-2013
117984;SBI DEBT FUND SERIES - 18 MONTHS - 11 - GROWTH;INF200K01PV0;;10.5650;N.A.;N.A.;09-Jun-2013
116400;SBI DEBT FUND SERIES - 18 MONTHS - 9 - DIVIDEND;INF200K01JI0;;11.3809;N.A.;N.A.;09-Jun-2013
116399;SBI DEBT FUND SERIES - 18 MONTHS - 9 - GROWTH;INF200K01JH2;;11.3809;N.A.;N.A.;09-Jun-2013
115263;SBI SDFS - 36 MONTHS - 1 - DIVIDEND;INF200K01EC4;;10.7571;N.A.;N.A.;09-Jun-2013
115262;SBI SDFS - 36 MONTHS - 1 - GROWTH;INF200K01EB6;;12.1646;N.A.;N.A.;09-Jun-2013
120908;SBI DEBT FUND SERIES - 36 MONTHS - 2 - DIRECT PLAN - DIVIDEND;INF200K01QM7;;10.4497;N.A.;N.A.;09-Jun-2013
120911;SBI DEBT FUND SERIES - 36 MONTHS - 2 - DIRECT PLAN - GROWTH;INF200K01QL9;;10.4497;N.A.;N.A.;09-Jun-2013
120909;SBI DEBT FUND SERIES - 36 MONTHS - 2 - REGULAR PLAN - DIVIDEND;INF200K01QH7;;10.4270;N.A.;N.A.;09-Jun-2013
120910;SBI DEBT FUND SERIES - 36 MONTHS - 2 - REGULAR PLAN - GROWTH;INF200K01QG9;;10.4270;N.A.;N.A.;09-Jun-2013
117739;SBI DEBT FUND SERIES - 366 DAYS - 10 - DIVIDEND;INF200K01NY9;;10.7888;N.A.;N.A.;09-Jun-2013
117740;SBI DEBT FUND SERIES - 366 DAYS - 10 - GROWTH;INF200K01NX1;;10.7888;N.A.;N.A.;09-Jun-2013
117780;SBI DEBT FUND SERIES - 366 DAYS - 11 - DIVIDEND;INF200K01OY7;;10.7437;N.A.;N.A.;09-Jun-2013
117781;SBI DEBT FUND SERIES - 366 DAYS - 11 - GROWTH;INF200K01OX9;;10.7437;N.A.;N.A.;09-Jun-2013
117822;SBI DEBT FUND SERIES - 366 DAYS - 12 - DIVIDEND;INF200K01PA4;;10.7127;N.A.;N.A.;09-Jun-2013
117821;SBI DEBT FUND SERIES - 366 DAYS - 12 - GROWTH;INF200K01OZ4;;10.7127;N.A.;N.A.;09-Jun-2013
117833;SBI DEBT FUND SERIES - 366 DAYS - 13 - DIVIDEND;INF200K01PC0;;10.6519;N.A.;N.A.;09-Jun-2013
117832;SBI DEBT FUND SERIES - 366 DAYS - 13 - GROWTH;INF200K01PB2;;10.6519;N.A.;N.A.;09-Jun-2013
117857;SBI DEBT FUND SERIES - 366 DAYS - 14 - DIVIDEND;INF200K01PE6;;10.6663;N.A.;N.A.;09-Jun-2013
117858;SBI DEBT FUND SERIES - 366 DAYS - 14 - GROWTH;INF200K01PD8;;10.6663;N.A.;N.A.;09-Jun-2013
117917;SBI DEBT FUND SERIES - 366 DAYS - 15 - DIVIDEND;INF200K01PG1;;10.6130;N.A.;N.A.;09-Jun-2013
117918;SBI DEBT FUND SERIES - 366 DAYS - 15 - GROWTH;INF200K01PF3;;10.6130;N.A.;N.A.;09-Jun-2013
117987;SBI DEBT FUND SERIES - 366 DAYS - 16 - DIVIDEND;INF200K01PI7;;10.5149;N.A.;N.A.;09-Jun-2013
117986;SBI DEBT FUND SERIES - 366 DAYS - 16 - GROWTH;INF200K01PH9;;10.5149;N.A.;N.A.;09-Jun-2013
117997;SBI DEBT FUND SERIES - 366 DAYS - 17 - DIVIDEND;INF200K01PK3;;10.4924;N.A.;N.A.;09-Jun-2013
117996;SBI DEBT FUND SERIES - 366 DAYS - 17 - GROWTH;INF200K01PJ5;;10.4924;N.A.;N.A.;09-Jun-2013
118011;SBI DEBT FUND SERIES - 366 DAYS - 18 - DIVIDEND;INF200K01PM9;;10.4720;N.A.;N.A.;09-Jun-2013
118012;SBI DEBT FUND SERIES - 366 DAYS - 18 - GROWTH;INF200K01PL1;;10.4720;N.A.;N.A.;09-Jun-2013
118218;SBI DEBT FUND SERIES - 366 DAYS - 19 - DIVIDEND;INF200K01PO5;;10.4356;N.A.;N.A.;09-Jun-2013
118219;SBI DEBT FUND SERIES - 366 DAYS - 19 - GROWTH;INF200K01PN7;;10.4355;N.A.;N.A.;09-Jun-2013
118352;SBI DEBT FUND SERIES - 366 DAYS - 20 - DIVIDEND;INF200K01PQ0;;10.3869;N.A.;N.A.;09-Jun-2013
118351;SBI DEBT FUND SERIES - 366 DAYS - 20 - GROWTH;INF200K01PP2;;10.3863;N.A.;N.A.;09-Jun-2013
118333;SBI DEBT FUND SERIES - 366 DAYS - 21 - DIVIDEND;INF200K01PS6;;10.3944;N.A.;N.A.;09-Jun-2013
118334;SBI DEBT FUND SERIES - 366 DAYS - 21 - GROWTH;INF200K01PR8;;10.4000;N.A.;N.A.;09-Jun-2013
121395;SBI DEBT FUND SERIES - 366 DAYS - 22 - DIRECT PLAN - DIVIDEND;INF200K01YP4;;N.A.;N.A.;N.A.;09-Jun-2013
121396;SBI DEBT FUND SERIES - 366 DAYS - 22 - DIRECT PLAN - GROWTH;INF200K01YO7;;10.3368;N.A.;N.A.;09-Jun-2013
121397;SBI DEBT FUND SERIES - 366 DAYS - 22 - REGULAR PLAN - DIVIDEND;INF200K01PU2;;10.3338;N.A.;N.A.;09-Jun-2013
121398;SBI DEBT FUND SERIES - 366 DAYS - 22 - REGULAR PLAN - GROWTH;INF200K01PT4;;10.3338;N.A.;N.A.;09-Jun-2013
121923;SBI DEBT FUND SERIES - 366 DAYS - 23 - DIRECT PLAN - DIVIDEND;INF200K01VX4;;10.2427;N.A.;N.A.;09-Jun-2013
121924;SBI DEBT FUND SERIES - 366 DAYS - 23 - DIRECT PLAN - GROWTH;INF200K01VW6;;10.2427;N.A.;N.A.;09-Jun-2013
121926;SBI DEBT FUND SERIES - 366 DAYS - 23 - REGULAR PLAN - DIVIDEND;INF200K01VV8;;10.2416;N.A.;N.A.;09-Jun-2013
121925;SBI DEBT FUND SERIES - 366 DAYS - 23 - REGULAR PLAN - GROWTH;INF200K01VU0;;10.2416;N.A.;N.A.;09-Jun-2013
122011;SBI DEBT FUND SERIES - 366 DAYS - 24 - DIRECT PLAN - DIVIDEND;INF200K01WB8;;10.2255;N.A.;N.A.;09-Jun-2013
122012;SBI DEBT FUND SERIES - 366 DAYS - 24 - DIRECT PLAN - GROWTH;INF200K01WA0;;10.2222;N.A.;N.A.;09-Jun-2013
122013;SBI DEBT FUND SERIES - 366 DAYS - 24 - REGULAR PLAN - DIVIDEND;INF200K01VZ9;;10.2243;N.A.;N.A.;09-Jun-2013
122014;SBI DEBT FUND SERIES - 366 DAYS - 24 - REGULAR PLAN - GROWTH;INF200K01VY2;;10.2243;N.A.;N.A.;09-Jun-2013
122145;SBI DEBT FUND SERIES - 366 DAYS - 25 - DIRECT PLAN - DIVIDEND;INF200K01WF9;;10.1889;N.A.;N.A.;09-Jun-2013
122146;SBI DEBT FUND SERIES - 366 DAYS - 25 - DIRECT PLAN - GROWTH;INF200K01WE2;;10.1889;N.A.;N.A.;09-Jun-2013
122147;SBI DEBT FUND SERIES - 366 DAYS - 25 - REGULAR PLAN - DIVIDEND;INF200K01WD4;;10.1879;N.A.;N.A.;09-Jun-2013
122144;SBI DEBT FUND SERIES - 366 DAYS - 25 - REGULAR PLAN - GROWTH;INF200K01WC6;;10.1879;N.A.;N.A.;09-Jun-2013
122253;SBI DEBT FUND SERIES - 366 DAYS - 26 - DIRECT PLAN - DIVIDEND;INF200K01WJ1;;10.1378;N.A.;N.A.;09-Jun-2013
122254;SBI DEBT FUND SERIES - 366 DAYS - 26 - DIRECT PLAN - GROWTH;INF200K01WI3;;10.1378;N.A.;N.A.;09-Jun-2013
122255;SBI DEBT FUND SERIES - 366 DAYS - 26 - REGULAR PLAN - DIVIDEND;INF200K01WH5;;10.1370;N.A.;N.A.;09-Jun-2013
122256;SBI DEBT FUND SERIES - 366 DAYS - 26 - REGULAR PLAN - GROWTH;INF200K01WG7;;10.1370;N.A.;N.A.;09-Jun-2013
122348;SBI DEBT FUND SERIES - 366 DAYS - 27 - DIRECT PLAN - DIVIDEND;INF200K01WN3;;10.1252;N.A.;N.A.;09-Jun-2013
122349;SBI DEBT FUND SERIES - 366 DAYS - 27 - DIRECT PLAN - GROWTH;INF200K01WM5;;10.1252;N.A.;N.A.;09-Jun-2013
122346;SBI DEBT FUND SERIES - 366 DAYS - 27 - REGULAR PLAN - DIVIDEND;INF200K01WL7;;10.1245;N.A.;N.A.;09-Jun-2013
122347;SBI DEBT FUND SERIES - 366 DAYS - 27 - REGULAR PLAN - GROWTH;INF200K01WK9;;10.1245;N.A.;N.A.;09-Jun-2013
122406;SBI DEBT FUND SERIES - 366 DAYS - 28 - DIRECT PLAN - DIVIDEND;INF200K01WR4;;10.1300;N.A.;N.A.;09-Jun-2013
122407;SBI DEBT FUND SERIES - 366 DAYS - 28 - DIRECT PLAN - GROWTH;INF200K01WQ6;;10.1299;N.A.;N.A.;09-Jun-2013
122405;SBI DEBT FUND SERIES - 366 DAYS - 28 - REGULAR PLAN - DIVIDEND;INF200K01WP8;;10.1293;N.A.;N.A.;09-Jun-2013
122408;SBI DEBT FUND SERIES - 366 DAYS - 28 - REGULAR PLAN - GROWTH;INF200K01WO1;;10.1293;N.A.;N.A.;09-Jun-2013
117557;SBI DEBT FUND SERIES - 366 DAYS - 6 - DIVIDEND;INF200K01NQ5;;10.8915;N.A.;N.A.;09-Jun-2013
117558;SBI DEBT FUND SERIES - 366 DAYS - 6 - GROWTH;INF200K01NP7;;10.8915;N.A.;N.A.;09-Jun-2013
117625;SBI DEBT FUND SERIES - 366 DAYS - 7 - DIVIDEND;INF200K01NS1;;10.9181;N.A.;N.A.;09-Jun-2013
117626;SBI DEBT FUND SERIES - 366 DAYS - 7 - GROWTH;INF200K01NR3;;10.9181;N.A.;N.A.;09-Jun-2013
117695;SBI DEBT FUND SERIES - 366 DAYS - 8 - DIVIDEND;INF200K01NU7;;10.8349;N.A.;N.A.;09-Jun-2013
117696;SBI DEBT FUND SERIES - 366 DAYS - 8 - GROWTH;INF200K01NT9;;10.8349;N.A.;N.A.;09-Jun-2013
117707;SBI DEBT FUND SERIES - 366 DAYS - 9 - DIVIDEND;INF200K01NW3;;10.7877;N.A.;N.A.;09-Jun-2013
117708;SBI DEBT FUND SERIES - 366 DAYS - 9 - GROWTH;INF200K01NV5;;10.7877;N.A.;N.A.;09-Jun-2013
113321;SBI Debt Fund Series - 60 Months - 1 - Dividend;INF200K01CQ8;;12.3234;N.A.;N.A.;09-Jun-2013
113401;SBI Debt Fund Series - 60 Months - 1 - Growth;INF200K01CP0;;12.3233;N.A.;N.A.;09-Jun-2013
118220;SBI DEBT FUND SERIES - 60 MONTHS - 2 - DIVIDEND;INF200K01QD6;;10.6220;N.A.;N.A.;09-Jun-2013
118221;SBI DEBT FUND SERIES - 60 MONTHS - 2 - GROWTH;INF200K01QC8;;10.6220;N.A.;N.A.;09-Jun-2013
120901;SBI DEBT FUND SERIES - 60 MONTHS - 3 - DIRECT PLAN - DIVIDEND;INF200K01QQ8;;10.5327;N.A.;N.A.;09-Jun-2013
120900;SBI DEBT FUND SERIES - 60 MONTHS - 3 - DIRECT PLAN - GROWTH;INF200K01QP0;;10.5327;N.A.;N.A.;09-Jun-2013
120899;SBI DEBT FUND SERIES - 60 MONTHS - 3 - REGULAR PLAN - DIVIDEND;INF200K01QF1;;10.5121;N.A.;N.A.;09-Jun-2013
120898;SBI DEBT FUND SERIES - 60 MONTHS - 3 - REGULAR PLAN - GROWTH;INF200K01QE4;;10.5121;N.A.;N.A.;09-Jun-2013
