Scheme Code;Scheme Name;ISIN Div Payout/ISIN Growth;ISIN Div Reinvestment;Net Asset Value;Repurchase Price;Sale Price;Date

Open Ended Schemes ( Income )


Standard Chartered Mutual Fund
102342;GCF-Plan C-Daily Dividend;;;10.0005;10.0005;10.0005;02-Feb-2008
102340;GCF-Plan C-Growth;;;0;0;0;02-Feb-2008
102343;GCF-Plan C-Monthly Dividend;;;0;0;0;02-Feb-2008
102341;GCF-Plan C-weekly Dividend;;;0;0;0;02-Feb-2008
101780;GCF Daily-Dividend(Institutional Plan);;;10.5816;10.5816;10.5816;02-Feb-2008
101760;GCF Dividend-Weekly(Institutional Plan);;;10.3011;10.3011;10.3011;02-Feb-2008
102348;GFRF-Plan C-Daily Dividend;;;10.0015;10.0015;10.0015;02-Feb-2008
102347;GFRF-Plan C-Growth;;;0;0;0;02-Feb-2008
102350;GFRF-Plan C-Monthly Divdend;;;0;0;0;02-Feb-2008
102349;GFRF-Plan C-Weekly Dividend;;;0;0;0;02-Feb-2008
101947;GFRF (Daily - Dividind);;;10.0699;10.0699;10.0699;02-Feb-2008
101948;GFRF (Dividend - Weekly);;;10.0686;10.0686;10.0686;02-Feb-2008
101773;GFRF - Growth(Institutional Plan);;;12.8529;12.8529;12.8529;02-Feb-2008
101774;GFRF Dividend-Daily (Institutional Plan);;;10.0703;10.0703;10.0703;02-Feb-2008
101776;GFRF Dividend-Monthly(Institutional Plan);;;0;0;0;02-Feb-2008
101775;GFRF Dividend-Weekly(Institutional Plan);;;10.0931;10.0931;10.0931;02-Feb-2008
101100;Grindlays Cash Fund-Dividend (Daily);;;10.5819;10.5819;10.5819;02-Feb-2008
101099;Grindlays Cash Fund-Growth;;;14.4894;14.4894;14.4894;02-Feb-2008
101319;Grindlays Cash Fund - Dividend (Weekly);;;10.1931;10.1931;10.1931;02-Feb-2008
101632;Grindlays Cash Fund - Plan B (D) (Institutional Plan);;;0;0;0;02-Feb-2008
101248;Grindlays Cash Fund - Plan B (G) (Institutional Plan);;;14.5649;14.5649;14.5649;02-Feb-2008

Open Ended Schemes ( Liquid )


ING Mutual Fund
106913;ING High Yield Liquidity Fund - Institutional Growth Option;;;10.0000;10.0000;10.0000;02-Feb-2008
106914;ING High Yield Liquidity Fund - Institutional Quarterly Dividend Option;;;10.0000;10.0000;10.0000;02-Feb-2008
106904;ING High Yield Liquidity Fund - Regular Daily Dividend Option;;;10.0309;10.0309;10.0309;02-Feb-2008
106912;ING High Yield Liquidity Fund- Institutional Bonus Option;;;10.0000;10.0000;10.0000;02-Feb-2008
106909;ING High Yield Liquidity Fund- Institutional Daily Dividend Option;;;10.0000;10.0000;10.0000;02-Feb-2008
106911;ING High Yield Liquidity Fund- Institutional Monthly Dividend Option;;;10.0000;10.0000;10.0000;02-Feb-2008
106910;ING High Yield Liquidity Fund- Institutional Weekly Dividend Option;;;10.0000;10.0000;10.0000;02-Feb-2008
106908;ING High Yield Liquidity Fund- Regular Bonus Option;;;10.0000;10.0000;10.0000;02-Feb-2008
106903;ING High Yield Liquidity Fund- Regular Growth Option;;;10.1311;10.1311;10.1311;02-Feb-2008
106907;ING High Yield Liquidity Fund- Regular Monthly Dividend Option;;;10.0875;10.0875;10.0875;02-Feb-2008
106906;ING High Yield Liquidity Fund- Regular Quarterly Dividend Option;;;10.0000;10.0000;10.0000;02-Feb-2008
106905;ING High Yield Liquidity Fund- Regular Weekly Dividend Option;;;10.0000;10.0000;10.0000;02-Feb-2008
100194;ING Liquid Fund-Auto Sweep Growth Option;;;10.0000;10.0000;10.0000;02-Feb-2008
100195;ING Liquid Fund-Auto Sweep Weekly Dividend Option;;;10.0000;10.0000;10.0000;02-Feb-2008
100198;ING Liquid Fund-Institutional Daily Dividend Option;INF084M01473;;10.0121;10.0121;10.0121;02-Feb-2008
100196;ING Liquid Fund-Institutional Growth Option;INF084M01465;;12.5596;12.5596;12.5596;02-Feb-2008
100197;ING Liquid Fund-Institutional Weekly Dividend Option;INF084M01499;INF084M01481;10.0656;10.0656;10.0656;02-Feb-2008
100192;ING Liquid Fund-Regular Daily Dividend Option;INF084M01432;;10.7873;10.7873;10.7873;02-Feb-2008
100190;ING Liquid Fund-Regular Growth Option;INF084M01424;;16.8763;16.8763;16.8763;02-Feb-2008
100191;ING Liquid Fund-Regular Weekly Dividend Option;INF084M01457;INF084M01440;10.8364;10.8364;10.8364;02-Feb-2008
100200;ING Liquid Fund-Super Institutional Daily Dividend Option;INF084M01515;;10.0048;10.0048;10.0048;02-Feb-2008
100199;ING Liquid Fund-Super Institutional Growth Option;INF084M01507;;11.9058;11.9058;11.9058;02-Feb-2008
100201;ING Liquid Fund-Super Institutional Weekly Dividend Option;INF084M01531;INF084M01523;10.0152;10.0152;10.0152;02-Feb-2008

PineBridge Mutual Fund
106513;PineBridge India Liquid Fund- Standard Plan-Daily Dividend Option;;INF178L01699;1000.8141;1000.8141;1000.8141;02-Feb-2008
106508;PineBridge India Liquid Fund- Standard Plan-Growth Option;INF178L01715;;1030.0654;1030.0654;1030.0654;02-Feb-2008
106509;PineBridge India Liquid Fund- Standard Plan-Weekly Dividend Option;;INF178L01764;1002.3493;1002.3493;1002.3493;02-Feb-2008
106506;PineBridge India Liquid Fund-Institutional Plan-Daily Dividend Option;;INF178L01616;1000.8059;1000.8059;1000.8059;02-Feb-2008
106511;PineBridge India Liquid Fund-Institutional Plan-Growth Option;INF178L01632;;1029.6851;1029.6851;1029.6851;02-Feb-2008
106503;PineBridge India Liquid Fund-Retail Plan-DailyDividend Option;;INF178L01533;1000.7810;1000.7810;1000.7810;02-Feb-2008
106514;PineBridge India Liquid Fund-Retail Plan-Growth Option;INF178L01558;;1028.4052;1028.4052;1028.4052;02-Feb-2008
106504;PineBridge India Liquid Fund-Retail Plan-Monthly Dividend Option;INF178L01566;INF178L01574;1002.6765;1002.6765;1002.6765;02-Feb-2008
106510;PineBridge India Liquid Fund-Retail Plan-Weekly Dividend Option;;INF178L01608;1002.1860;1002.1860;1002.1860;02-Feb-2008

Sahara Mutual Fund
101397;Sahara Liquid Fund-Fixed Pricing -  Weekly Dividend Option;;INF515L01064;1026.2355;1026.2355;1026.2355;02-Feb-2008
101393;Sahara Liquid Fund-Fixed Pricing - Daily Dividend Option;;INF515L01049;1024.9045;1024.9045;1024.9045;02-Feb-2008
101394;Sahara Liquid Fund-Fixed Pricing - Growth option;INF515L01056;;1431.1672;1431.1672;1431.1672;02-Feb-2008
101398;Sahara Liquid Fund-Fixed Pricing - Monthly Dividend Option;;INF515L01072;1025.1301;1025.1301;1025.1301;02-Feb-2008
101399;Sahara Liquid Fund-Variable Pricing - Daily Dividend option;;INF515L01080;1024.9262;1024.9262;1024.9262;02-Feb-2008
101402;Sahara Liquid Fund-Variable Pricing - Growth option;INF515L01114;;1438.0023;1438.0023;1438.0023;02-Feb-2008
101400;Sahara Liquid Fund-Variable Pricing - Weekly Dividend Option;;INF515L01098;1025.4017;1025.4017;1025.4017;02-Feb-2008
101401;Sahara Liquid Fund-Variable Pricing- Monthly Dividend Option;;INF515L01106;1025.4794;1025.4794;1025.4794;02-Feb-2008

Standard Chartered Mutual Fund
103525;Standard Chartered Liquidity Manager (SCLM)-A-Dividend Daily;;;10.0125;10.0125;10.0125;02-Feb-2008
103527;Standard Chartered Liquidity Manager (SCLM)-A-Dividend Monthly;;;10.0081;10.0081;10.0081;02-Feb-2008
103526;Standard Chartered Liquidity Manager (SCLM)-A-Dividend Weekly;;;10.0051;10.0051;10.0051;02-Feb-2008
103524;Standard Chartered Liquidity Manager (SCLM)-A-Growth;;;11.2920;11.2920;11.2920;02-Feb-2008
103598;Standard Chartered Liquidity Manager Plus-A-Dividend Daily;;;1000.2100;1000.2100;1000.2100;02-Feb-2008
103600;Standard Chartered Liquidity Manager Plus-A-Dividend Monthly;;;1000.6844;1000.6844;1000.6844;02-Feb-2008
103599;Standard Chartered Liquidity Manager Plus-A-Dividend Weekly;;;1000.4830;1000.4830;1000.4830;02-Feb-2008
103597;Standard Chartered Liquidity Manager Plus-A-Growth;;;1144.6023;1144.6023;1144.6023;02-Feb-2008

Open Ended Schemes ( Floating Rate )


Standard Chartered Mutual Fund
101630;Grindlays Floating Rate Fund - Growth;;;13.0145;13.0145;13.0145;02-Feb-2008
101631;Grindlays Floating Rate Fund- Dividend Monthly;;;10.0309;10.0309;10.0309;02-Feb-2008

Open Ended Schemes ( Debt Scheme - Overnight Fund )


SBI Mutual Fund
101206;SBI OVERNIGHT FUND - REGULAR PLAN - GROWTH;INF200K01LQ9;;13.8190;13.8190;13.8190;02-Feb-2008
103140;SBI Overnight Fund - Regular Plan - Weekly Income Distribution cum Capital Withdrawal Option (IDCW);INF200K01LO4;INF200K01LP1;10.2681;10.2681;10.2681;02-Feb-2008

Open Ended Schemes ( Debt Scheme - Liquid Fund )


Baroda BNP Paribas Mutual Fund
101408;Baroda BNP Paribas LIQUID FUND- Defunct Plan -Growth Option;INF955L01575;;14.1669;14.1669;14.1669;02-Feb-2008
101407;Baroda BNP Paribas LIQUID FUND-Defunct Plan- IDCW Option;INF955L01559;INF955L01567;12.1436;12.1436;12.1436;02-Feb-2008

Canara Robeco Mutual Fund
101363;Canara Robeco Liquid Fund- INSTITUTIONAL-Daily Dividend Reinvestment;;INF760K01CC1;10.0410;10.0410;10.0410;02-Feb-2008
101362;Canara Robeco Liquid Fund- INSTITUTIONAL-Growth;INF760K01CD9;;14.5682;14.5682;14.5682;02-Feb-2008
101361;Canara Robeco Liquid Fund- INSTITUTIONAL-Weekly dividend;;INF760K01CE7;10.0410;10.0410;10.0410;02-Feb-2008
101364;Canara Robeco Liquid Fund-Retail-DRI;;INF760K01CF4;10.0410;10.0410;10.0410;02-Feb-2008
101365;Canara Robeco Liquid Fund-Retail-Growth;INF760K01CH0;;14.5524;14.5524;14.5524;02-Feb-2008

Principal Mutual Fund
100895;Principal Cash Management Fund - Daily Income Distribution CUM Capital Withdrawal;;INF173K01DB7;10.0007;10.0007;10.0007;02-Feb-2008
100897;Principal Cash Management Fund - Monthly Income Distribution CUM Capital Withdrawal Option;INF173K01BV9;INF173K01BW7;10.0030;10.0030;10.0030;02-Feb-2008
100896;Principal Cash Management Fund - Weekly Income Distribution CUM Capital Withdrawal Option;;INF173K01DC5;10.0053;10.0053;10.0053;02-Feb-2008
100898;Principal Cash Management Fund -Growth Option;INF173K01DA9;;12.4655;12.4655;12.4655;02-Feb-2008
100892;Principal Cash Management-Liquid Option-Daily Dividend;;;10.0022;10.0022;10.0022;02-Feb-2008
100887;Principal Cash Management-Liquid Option-Dividend Plan;;;10.1243;10.1243;10.1243;02-Feb-2008
100888;Principal Cash Management-Liquid Option-Growth Plan;;;15.6442;15.6442;15.6442;02-Feb-2008
100894;Principal Cash Management-Liquid Option-Institutional - Daily Dividend Plan;;;10.0022;10.0022;10.0022;02-Feb-2008
100893;Principal Cash Management-Liquid Option-Institutional - Growth Plan;;;13.1672;13.1672;13.1672;02-Feb-2008
100891;Principal Cash Management-Liquid Option-Institutional - Monthly Dividend Plan;;;10.0101;10.0101;10.0101;02-Feb-2008
100890;Principal Cash Management-Liquid Option-Institutional - Weekly Dividend Plan;;;10.0060;10.0060;10.0060;02-Feb-2008
100889;Principal Cash Management-Liquid Option-Monthly Dividend;;;10.0096;10.0096;10.0096;02-Feb-2008

SBI Mutual Fund
105274;SBI Liquid Fund - Institutional - Growth;INF200K01LU1;;12.8096;12.8096;12.8096;02-Feb-2008
105275;SBI Liquid Fund - Institutional Daily Income Distribution cum Capital Withdrawal Option (IDCW);;INF200K01LR7;10.0325;10.0325;10.0325;02-Feb-2008
105279;SBI Liquid Fund - Institutional Fortnightly Income Distribution cum Capital Withdrawal Option (IDCW);INF200K01LS5;INF200K01LT3;10.1272;10.1272;10.1272;02-Feb-2008
105278;SBI Liquid Fund - Institutional Weekly Income Distribution cum Capital Withdrawal Option (IDCW);INF200K01LV9;INF200K01LW7;10.5754;10.5754;10.5754;02-Feb-2008
105281;SBI Liquid Fund - Regular Plan - Daily Income Distribution cum Capital Withdrawal Option (IDCW);;INF200K01LX5;10.0325;10.0325;10.0325;02-Feb-2008
105283;SBI Liquid Fund - Regular Plan - Fortnightly Income Distribution cum Capital Withdrawal Option (IDCW);INF200K01LY3;INF200K01LZ0;0;0;0;02-Feb-2008
105282;SBI Liquid Fund - Regular Plan - Weekly Income Distribution cum Capital Withdrawal Option (IDCW);INF200K01MB9;INF200K01MC7;0;0;0;02-Feb-2008
105280;SBI Liquid Fund - REGULAR PLAN -Growth;INF200K01MA1;;12.6607;12.6607;12.6607;02-Feb-2008

Taurus Mutual Fund
104240;Taurus Liquid Fund-Dividend;INF044D01542;INF044D01559;10.0028;10.0028;10.0028;02-Feb-2008
104241;Taurus Liquid Fund-Growth;INF044D01575;;10.8656;10.8656;10.8656;02-Feb-2008

UTI Mutual Fund
102010;UTI Liquid Fund - Regular Plan - Daily IDCW (Reinvestment);;INF789F01PG3;1019.4457;1019.4457;1019.4457;02-Feb-2008
102011;UTI Liquid Fund - Regular Plan - Monthly IDCW;INF789F01PI9;INF789F01PJ7;1025.4185;1025.4185;1025.4185;02-Feb-2008
102013;UTI Liquid Fund - Regular Plan - Weekly IDCW;;INF789F01PK5;1024.2855;1024.2855;1024.2855;02-Feb-2008
102012;UTI-  Liquid Cash Plan - Regular Plan - Growth Option;INF789F01PH1;;1314.3213;1314.3213;1314.3213;02-Feb-2008
102008;UTI-  Liquid Cash Plan- Discontinued - Regular Plan - Monthly Dividend Option;INF789F01BC2;INF789F01BA6;1039.9133;1039.9133;1039.9133;02-Feb-2008
102009;UTI-  Liquid Cash Plan- Discontinued - Regular Plan -Growth;INF789F01BB4;;1303.8231;1303.8231;1303.8231;02-Feb-2008
102007;UTI-  Liquid Cash Plan- Discontinued -Regular Plan Periodic Dividend Option;;INF789F01AZ5;1032.6512;1032.6512;1032.6512;02-Feb-2008

Open Ended Schemes ( Debt Scheme - Ultra Short Duration Fund )


Principal Mutual Fund
107325;Principal Money Manager Fund-Regular Plan-Daily Dividend Option;;;10.0247;10.0247;10.0247;02-Feb-2008
107331;Principal Money Manager Fund-Regular Plan-Growth Option;;;10.0733;10.0733;10.0733;02-Feb-2008
107327;Principal Money Manager Fund-Regular Plan-Monthly Dividend Option;;;10.0733;10.0733;10.0733;02-Feb-2008
107326;Principal Money Manager Fund-Regular Plan-Weekly Dividend Option;;;10.0733;10.0733;10.0733;02-Feb-2008
107329;Principal Ultra Short Term Fund-Daily Income Distribution CUM Capital Withdrawal Option;;INF173K01CV7;10.0247;10.0247;10.0247;02-Feb-2008
107328;Principal Ultra Short Term Fund-Growth Option;INF173K01CU9;;10.0733;10.0733;10.0733;02-Feb-2008
107330;Principal Ultra Short Term Fund-Monthly Income Distribution CUM Capital Withdrawal Option;INF173K01CB9;INF173K01CC7;10.0733;10.0733;10.0733;02-Feb-2008
107332;Principal Ultra Short Term Fund-Weekly Income Distribution CUM Capital Withdrawal Option;;INF173K01CW5;10.0733;10.0733;10.0733;02-Feb-2008

SBI Mutual Fund
105080;SBI Ultra Short Duration Fund - Regular Plan - Daily Income Distribution cum Capital Withdrawal Option (IDCW);;INF200K01LK2;16.7503;16.7503;16.7503;02-Feb-2008
100641;SBI ULTRA SHORT DURATION FUND - REGULAR PLAN - GROWTH;INF200K01LJ4;;17.8800;17.8800;17.8800;02-Feb-2008
103884;SBI Ultra Short Duration Fund - Regular Plan - Weekly Income Distribution cum Capital Withdrawal Option (IDCW);INF200K01LM8;INF200K01LL0;10.6878;10.6878;10.6878;02-Feb-2008

UTI Mutual Fund
102532;UTI Ultra Short Duration Fund - Regular Plan - Growth Option;INF789F01570;;1285.7723;1285.7723;1285.7723;02-Feb-2008
102531;UTI Ultra Short Duration Fund - Regular Plan - Weekly IDCW (Reinvestment);;INF789F01562;1029.4839;1029.4839;1029.4839;02-Feb-2008

Open Ended Schemes ( Debt Scheme - Low Duration Fund )


Canara Robeco Mutual Fund
104559;CANARA ROBECO SAVINGS FUND - REGULAR PLAN - DAILY IDCW (Reinvestment);;INF760K01803;10.2600;10.2600;10.2600;02-Feb-2008
102913;CANARA ROBECO SAVINGS FUND - REGULAR PLAN - GROWTH OPTION;INF760K01795;;12.2586;12.2586;12.2586;02-Feb-2008
102914;CANARA ROBECO SAVINGS FUND - REGULAR PLAN - IDCW (Payout/Reinvestment);INF760K01779;INF760K01787;11.7872;11.7872;11.7872;02-Feb-2008
102915;CANARA ROBECO SAVINGS FUND - REGULAR PLAN - WEEKLY IDCW (Payout/Reinvestment);INF760K01CB3;INF760K01811;10.2650;10.2650;10.2650;02-Feb-2008

Open Ended Schemes ( Debt Scheme - Money Market Fund )


UTI Mutual Fund
100724;UTI MMF- Discontinued - Regular Plan - Flexi Dividend Option;;INF789F01BD0;17.9849;17.9849;17.9849;02-Feb-2008
100725;UTI MMF- Discontinued - Regular Plan - Periodic Dividend Option;INF789F01BE8;;17.8696;17.8696;17.8696;02-Feb-2008
100723;UTI MMF-Discontinued - Regular Plan -Growth;INF789F01BF5;;22.3740;22.3740;22.3740;02-Feb-2008

Open Ended Schemes ( Debt Scheme - Credit Risk Fund )


Principal Mutual Fund
102729;Principal Credit Risk Fund - Regular Plan - Growth Option;INF173K01DM4;;12.5064;12.5064;12.5064;02-Feb-2008
102732;Principal Credit Risk Fund - Regular Plan - Monthly Dividend Option;INF173K01BJ4;INF173K01BK2;10.7995;10.7995;10.7995;02-Feb-2008
102726;Principal Floating Rate Fund - SMP-Daily Dividend;;;10.0007;10.0007;10.0007;02-Feb-2008
102725;Principal Floating Rate Fund - SMP-Growth;;;12.4554;12.4554;12.4554;02-Feb-2008
102730;Principal Floating Rate Fund - SMP-Insti. Daily Dividend;;;10.0007;10.0007;10.0007;02-Feb-2008
102731;Principal Floating Rate Fund - SMP-Insti. Weekly Dividend;;;10.0053;10.0053;10.0053;02-Feb-2008
102728;Principal Floating Rate Fund - SMP-Monthly Dividend;;;10.4014;10.4014;10.4014;02-Feb-2008
102727;Principal Floating Rate Fund - SMP-Weekly Dividend;;;10.0053;10.0053;10.0053;02-Feb-2008
