Scheme Code;Scheme Name;ISIN Div Payout/ISIN Growth;ISIN Div Reinvestment;Net Asset Value;Repurchase Price;Sale Price;Date

Open Ended Schemes ( Income )


DBS Chola Mutual Fund
101958;DBS Chola Liquid Fund - Institutional Plus Weekly Dividend;;;11.9642;11.9642;11.9642;21-Dec-2008
103137;DBS Chola Short Term Floating Rate Fund-Cumulative;;;12.8025;12.8025;12.8025;21-Dec-2008
103134;DBS Chola Short Term Floating Rate Fund-Dividend-Daily;;;10.2190;10.2190;10.2190;21-Dec-2008
103136;DBS Chola Short Term Floating Rate Fund-Dividend-Monthly;;;10.4650;10.4650;10.4650;21-Dec-2008
103135;DBS Chola Short Term Floating Rate Fund-Dividend-Weekly;;;10.4416;10.4416;10.4416;21-Dec-2008

Open Ended Schemes ( Liquid )


Aditya Birla Sun Life Mutual Fund
101294;Birla Sun Life Cash Plus Sweep Plan-Dividend Option;;;10.0959;10.0959;10.0959;21-Dec-2008

Bandhan Mutual Fund
108794;IDFC Liquid Fund - Daily Dividend;INF194K01GJ9;INF194K01GI1;1000.2100;1000.2100;1000.2100;21-Dec-2008
108793;IDFC Liquid Fund - Growth;INF194K01GE0;;1221.5835;1221.5835;1221.5835;21-Dec-2008
108796;IDFC Liquid Fund - Monthly Dividend;INF194K01GG5;INF194K01GF7;1004.1515;1004.1515;1004.1515;21-Dec-2008
108795;IDFC Liquid Fund-Weekly Dividend;INF194K01GM3;INF194K01GL5;1000.5398;1000.5398;1000.5398;21-Dec-2008

DBS Chola Mutual Fund
100989;DBS Chola Liquid Fund-Cum -Institutional Plus;;;17.4906;17.4906;17.4906;21-Dec-2008
104329;DBS Chola Liquid Fund-Cum -Super Institutional;;; 11.8952 ; 11.8952 ; 11.8952 ;21-Dec-2008
100978;DBS Chola Liquid Fund-Daily Dividend Reinvestment Plan;;;10.0521;10.0521;10.0521;21-Dec-2008
100975;DBS Chola Liquid Fund-Regular Cumulative;;;17.3168;17.3168;17.3168;21-Dec-2008
101307;DBS Chola Liquid Fund - Regular Weekly Dividend;;;11.9984;11.9984;11.9984;21-Dec-2008

Deutsche Mutual Fund
105672;DWS INSTA CASH PLUS FUND - Regular Plan BONUS OPTION;INF223J01BH3;;10.7519;10.7519;10.7519;21-Dec-2008
106471;DWS Insta Cash Plus Fund -Growth;INF223J01BP6;;11.1855;11.1855;11.1855;21-Dec-2008
106467;DWS Insta Cash Plus Fund-Daily Dividend;;INF223J01BO9;10.0200;10.0200;10.0200;21-Dec-2008
101718;DWS Insta Cash Plus Fund-DIVIDEND-Daily Dividend;;INF223J01BI1;10.3010;10.3010;10.3010;21-Dec-2008
101717;DWS Insta Cash Plus Fund-DIVIDEND-MONTHLY DIVIDEND;INF223J01BK7;INF223J01BL5;10.9489;10.9489;10.9489;21-Dec-2008
101716;DWS Insta Cash Plus Fund-DIVIDEND-WEEKLY DIVIDEND;INF223J01BM3;INF223J01BN1;10.3571;10.3571;10.3571;21-Dec-2008
101719;DWS Insta Cash Plus Fund-Growth-GROWTH;INF223J01BJ9;;14.4842;14.4842;14.4842;21-Dec-2008
101722;DWS Insta Cash Plus Fund-Institutional Plan-Daily Dividend;;INF223J01BA8;10.0195;10.0195;10.0195;21-Dec-2008
101721;DWS Insta Cash Plus Fund-Institutional Plan-Growth;INF223J01BB6;;13.5842;13.5842;13.5842;21-Dec-2008

DSP Mutual Fund
106861;DSP BlackRock Cash Manager Fund - Institutional Plan - Daily Dividend Reinvest;;;1000.1000;1000.1000;1000.1000;21-Dec-2008
106863;DSP BlackRock Cash Manager Fund - Institutional Plan - Growth;;;1106.2430;1106.2430;1106.2430;21-Dec-2008
106862;DSP BlackRock Cash Manager Fund - Institutional Plan - Weekly Dividend Reinvest;;;1000.9020;1000.9020;1000.9020;21-Dec-2008
106859;DSP BlackRock Cash Manager Fund - Regular Plan - Growth;;;1105.5066;1105.5066;1105.5066;21-Dec-2008
106860;DSP BlackRock Cash Manager Fund - Regular Plan - Weekly Dividend Reinvest;;;1000.8975;1000.8975;1000.8975;21-Dec-2008

Edelweiss Mutual Fund
109934;Edelweiss Liquid Fund - Retail Plan - Daily Dividend Option;;INF754K01AS4;10.0000;10.0000;10.0000;21-Dec-2008
109940;Edelweiss Liquid Fund - Retail Plan - Growth Option;INF754K01AO3;;10.2982;10.2982;10.2982;21-Dec-2008
109939;Edelweiss Liquid Fund - Retail Plan - Monthly Dividend Option;INF754K01AP0;INF754K01AR6;10.0495;10.0495;10.0495;21-Dec-2008
109937;Edelweiss Liquid Fund - Retail Plan - Weekly Dividend Option;;INF754K01AT2;10.0060;10.0060;10.0060;21-Dec-2008

Fidelity Mutual Fund
104498;Fidelity Cash Fund - Institutional Plan - Daily Dividend Option;;INF677K01AQ1;10.0025;10.0025;10.0025;21-Dec-2008
104497;Fidelity Cash Fund - Institutional Plan - Growth Option;;;11.7913;11.7913;11.7913;21-Dec-2008
104548;Fidelity Cash Fund - Institutional Plan - Monthly Dividend Option;INF677K01AS7;INF677K01AT5;10.0578;10.0578;10.0578;21-Dec-2008
104546;Fidelity Cash Fund - Institutional Plan - Weekly Dividend Option;;INF677K01AR9;10.0210;10.0210;10.0210;21-Dec-2008
104495;Fidelity Cash Fund - Retail Plan - Daily Dividend option;;INF677K01AL2;10.0025;10.0025;10.0025;21-Dec-2008
104493;Fidelity Cash Fund - Retail Plan - Growth option;;;11.6958;11.6958;11.6958;21-Dec-2008
104547;Fidelity Cash Fund - Retail Plan - Monthly Dividend Option;;;10.0547;10.0547;10.0547;21-Dec-2008
104549;Fidelity Cash Fund - Retail Plan - Weekly Dividend Option;;INF677K01AM0;10.0134;10.0134;10.0134;21-Dec-2008
104494;Fidelity Cash Fund - Super Institutional Plan - Daily Dividend Option;;INF677K01AV1;10.0052;10.0052;10.0052;21-Dec-2008
104496;Fidelity Cash Fund - Super Institutional Plan - Growth Option;INF677K01AU3;;11.8176;11.8176;11.8176;21-Dec-2008
104551;Fidelity Cash Fund - Super Institutional Plan - Monthly Dividend Option;INF677K01AX7;INF677K01AY5;10.0000;10.0000;10.0000;21-Dec-2008
104550;Fidelity Cash Fund - Super Institutional Plan - Weekly Dividend Option;;INF677K01AW9;10.0000;10.0000;10.0000;21-Dec-2008

Fortis Mutual Fund
110922;Fortis Overnight Fund-Institutional Plan-Daily Dividend Option;;;10.0030;10.0030;10.0030;21-Dec-2008
110915;Fortis Overnight Fund-Institutional Plan-Growth Option;;;13.0841;13.0841;13.0841;21-Dec-2008
110919;Fortis Overnight Fund-Institutional Plan-Monthly Dividend Payout Option;;;10.0694;10.0694;10.0694;21-Dec-2008
110923;Fortis Overnight Fund-Institutional Plan-Weekly Dividend Option;;;0.0000;0.0000;0.0000;21-Dec-2008
110914;Fortis Overnight Fund-Institutional Plus Plan-Daily Dividend Option;;;10.0030;10.0030;10.0030;21-Dec-2008
110920;Fortis Overnight Fund-Institutional Plus Plan-Growth Option;;;10.6716;10.6716;10.6716;21-Dec-2008
110916;Fortis Overnight Fund-Institutional Plus Plan-Monthly Dividend Option;;;0.0000;0.0000;0.0000;21-Dec-2008
110917;Fortis Overnight Fund-Institutional Plus Plan-Weekly Dividend Option;;;0.0000;0.0000;0.0000;21-Dec-2008
110921;Fortis Overnight Fund-Regular Plan-Growth Option;;;12.8812;12.8812;12.8812;21-Dec-2008
110913;Fortis Overnight Fund-Regular Plan-Monthly Dividend Payout Option;;;10.0861;10.0861;10.0861;21-Dec-2008
110918;Fortis Overnight Fund-Regular Plan-Weekly Dividend Option;;;10.0075;10.0075;10.0075;21-Dec-2008

ING Mutual Fund
106913;ING High Yield Liquidity Fund - Institutional Growth Option;;;10.0325;10.0325;10.0325;21-Dec-2008
106914;ING High Yield Liquidity Fund - Institutional Quarterly Dividend Option;;;10.0000;10.0000;10.0000;21-Dec-2008
106904;ING High Yield Liquidity Fund - Regular Daily Dividend Option;;;10.0000;10.0000;10.0000;21-Dec-2008
106912;ING High Yield Liquidity Fund- Institutional Bonus Option;;;10.0000;10.0000;10.0000;21-Dec-2008
106909;ING High Yield Liquidity Fund- Institutional Daily Dividend Option;;;10.0000;10.0000;10.0000;21-Dec-2008
106911;ING High Yield Liquidity Fund- Institutional Monthly Dividend Option;;;10.0325;10.0325;10.0325;21-Dec-2008
106910;ING High Yield Liquidity Fund- Institutional Weekly Dividend Option;;;10.0000;10.0000;10.0000;21-Dec-2008
106908;ING High Yield Liquidity Fund- Regular Bonus Option;;;10.0000;10.0000;10.0000;21-Dec-2008
106903;ING High Yield Liquidity Fund- Regular Growth Option;;;10.0000;10.0000;10.0000;21-Dec-2008
106907;ING High Yield Liquidity Fund- Regular Monthly Dividend Option;;;10.0000;10.0000;10.0000;21-Dec-2008
106906;ING High Yield Liquidity Fund- Regular Quarterly Dividend Option;;;10.0000;10.0000;10.0000;21-Dec-2008
106905;ING High Yield Liquidity Fund- Regular Weekly Dividend Option;;;10.0000;10.0000;10.0000;21-Dec-2008
100194;ING Liquid Fund-Auto Sweep Growth Option;;;10.0000;10.0000;10.0000;21-Dec-2008
100195;ING Liquid Fund-Auto Sweep Weekly Dividend Option;;;10.0000;10.0000;10.0000;21-Dec-2008
100198;ING Liquid Fund-Institutional Daily Dividend Option;INF084M01473;;10.0121;10.0121;10.0121;21-Dec-2008
100196;ING Liquid Fund-Institutional Growth Option;INF084M01465;;13.5773;13.5773;13.5773;21-Dec-2008
100197;ING Liquid Fund-Institutional Weekly Dividend Option;INF084M01499;INF084M01481;10.0688;10.0688;10.0688;21-Dec-2008
100192;ING Liquid Fund-Regular Daily Dividend Option;INF084M01432;;10.7873;10.7873;10.7873;21-Dec-2008
100190;ING Liquid Fund-Regular Growth Option;INF084M01424;;18.1801;18.1801;18.1801;21-Dec-2008
100191;ING Liquid Fund-Regular Weekly Dividend Option;INF084M01457;INF084M01440;10.8398;10.8398;10.8398;21-Dec-2008
100200;ING Liquid Fund-Super Institutional Daily Dividend Option;INF084M01515;;10.0048;10.0048;10.0048;21-Dec-2008
100199;ING Liquid Fund-Super Institutional Growth Option;INF084M01507;;12.8828;12.8828;12.8828;21-Dec-2008
100201;ING Liquid Fund-Super Institutional Weekly Dividend Option;INF084M01531;INF084M01523;10.0000;10.0000;10.0000;21-Dec-2008
102802;ING Treasury Management Fund-Annual Dividend Option;;;11.0244;11.0244;11.0244;21-Dec-2008
102803;ING Treasury Management Fund-Bonus Option;;;13.3506;13.3506;13.3506;21-Dec-2008
102804;ING Treasury Management Fund-Daily Dividend Option;;;10.3588;10.3588;10.3588;21-Dec-2008
102798;ING Treasury Management Fund-Growth Option;;;13.3506;13.3506;13.3506;21-Dec-2008
102801;ING Treasury Management Fund-Half Yearly Dividend Option;;;10.5389;10.5389;10.5389;21-Dec-2008
102800;ING Treasury Management Fund-Quarterly Dividend Option;;;10.5861;10.5861;10.5861;21-Dec-2008
102799;ING Treasury Management Fund-Weekly Dividend Option;;;10.7916;10.7916;10.7916;21-Dec-2008

Invesco Mutual Fund
106502;Religare Invesco Overnight Fund - Daily Dividend Reinvestment;;INF205K01HS2;10.0000;10.0000;10.0000;21-Dec-2008
106501;Religare Invesco Overnight Fund - Growth;INF205K01HR4;;10.8758;10.8758;10.8758;21-Dec-2008

JM Financial Mutual Fund
101420;JM Floater Short Term Fund - Daily Dividend Option;;INF192K01767;10.0883;10.0883;10.0883;21-Dec-2008
101421;JM Floater Short Term Fund - Growth Option;INF192K01775;;14.0355;14.0355;14.0355;21-Dec-2008

JPMorgan Mutual Fund
106562;JPMorgan India Liquid Fund - Retail Plan - Daily Dividend Option;;INF843K01203;10.0150;10.0150;10.0150;21-Dec-2008
106561;JPMorgan India Liquid Fund - Retail Plan - Growth Option;INF843K01195;;10.2757;10.2757;10.2757;21-Dec-2008
109179;JPMorgan India Liquid Fund - Retail Plan - Monthly Dividend Option;;INF843K01237;10.0798;10.0798;10.0798;21-Dec-2008
109177;JPMorgan India Liquid Fund - Retail Plan - Weekly Dividend Option;;INF843K01211;10.0282;10.0282;10.0282;21-Dec-2008
110149;JPMorgan India Liquid Fund - Super Institutional Plan - Daily Dividend Option;;INF843K01153;10.0079;10.0079;10.0079;21-Dec-2008
110150;JPMorgan India Liquid Fund - Super Institutional Plan - Growth Option;INF843K01146;;11.1437;11.1437;11.1437;21-Dec-2008
110151;JPMorgan India Liquid Fund - Super Institutional Plan - Monthly Dividend Option;INF843K01500;INF843K01187;10.0715;10.0715;10.0715;21-Dec-2008
110153;JPMorgan India Liquid Fund - Super Institutional Plan - Weekly Dividend Option;INF843K01484;INF843K01161;10.0184;10.0184;10.0184;21-Dec-2008

Mirae Asset Mutual Fund
107657;Mirae Asset Liquid Fund- Institutional Plan - Daily Dividend;;INF769K01671;922.0640;922.0640;922.0640;21-Dec-2008
107660;Mirae Asset Liquid Fund- Regular Plan - Bonus;INF769K01580;;955.6724;955.6724;955.6724;21-Dec-2008
107646;Mirae Asset Liquid Fund- Regular Plan - Daily Dividend;;INF769K01606;923.8514;923.8514;923.8514;21-Dec-2008
107648;Mirae Asset Liquid Fund- Regular Plan - Growth;INF769K01572;;970.3864;970.3864;970.3864;21-Dec-2008
107649;Mirae Asset Liquid Fund- Regular Plan - Monthly Dividend;INF769K01630;INF769K01622;927.2515;927.2515;927.2515;21-Dec-2008
107647;Mirae Asset Liquid Fund- Regular Plan - Weekly Dividend;;INF769K01614;925.1692;925.1692;925.1692;21-Dec-2008

PineBridge Mutual Fund
106513;PineBridge India Liquid Fund- Standard Plan-Daily Dividend Option;;INF178L01699;1001.0000;1001.0000;1001.0000;21-Dec-2008
106508;PineBridge India Liquid Fund- Standard Plan-Growth Option;INF178L01715;;1113.8688;1113.8688;1113.8688;21-Dec-2008
106509;PineBridge India Liquid Fund- Standard Plan-Weekly Dividend Option;;INF178L01764;1002.4554;1002.4554;1002.4554;21-Dec-2008
106506;PineBridge India Liquid Fund-Institutional Plan-Daily Dividend Option;;INF178L01616;1001.0000;1001.0000;1001.0000;21-Dec-2008
106511;PineBridge India Liquid Fund-Institutional Plan-Growth Option;INF178L01632;;1112.4736;1112.4736;1112.4736;21-Dec-2008
106507;PineBridge India Liquid Fund-Institutional Plan-Weekly Dividend Option;;INF178L01681;1002.4388;1002.4388;1002.4388;21-Dec-2008
106503;PineBridge India Liquid Fund-Retail Plan-DailyDividend Option;;INF178L01533;1001.0000;1001.0000;1001.0000;21-Dec-2008
106514;PineBridge India Liquid Fund-Retail Plan-Growth Option;INF178L01558;;1108.0991;1108.0991;1108.0991;21-Dec-2008
106504;PineBridge India Liquid Fund-Retail Plan-Monthly Dividend Option;INF178L01566;INF178L01574;1007.1835;1007.1835;1007.1835;21-Dec-2008
106516;PineBridge India Liquid Fund-Retail Plan-Quarterly Dividend Option;INF178L01582;INF178L01590;1007.5358;1007.5358;1007.5358;21-Dec-2008
106510;PineBridge India Liquid Fund-Retail Plan-Weekly Dividend Option;;INF178L01608;1002.3894;1002.3894;1002.3894;21-Dec-2008

Sahara Mutual Fund
101397;Sahara Liquid Fund-Fixed Pricing -  Weekly Dividend Option;;INF515L01064;1026.2355;1026.2355;1026.2355;21-Dec-2008
101393;Sahara Liquid Fund-Fixed Pricing - Daily Dividend Option;;INF515L01049;1024.9045;1024.9045;1024.9045;21-Dec-2008
101394;Sahara Liquid Fund-Fixed Pricing - Growth option;INF515L01056;;1542.6544;1542.6544;1542.6544;21-Dec-2008
101398;Sahara Liquid Fund-Fixed Pricing - Monthly Dividend Option;;INF515L01072;1030.4189;1030.4189;1030.4189;21-Dec-2008
101399;Sahara Liquid Fund-Variable Pricing - Daily Dividend option;;INF515L01080;1024.9262;1024.9262;1024.9262;21-Dec-2008
101402;Sahara Liquid Fund-Variable Pricing - Growth option;INF515L01114;;1553.0139;1553.0139;1553.0139;21-Dec-2008
101400;Sahara Liquid Fund-Variable Pricing - Weekly Dividend Option;;INF515L01098;1025.1888;1025.1888;1025.1888;21-Dec-2008
101401;Sahara Liquid Fund-Variable Pricing- Monthly Dividend Option;;INF515L01106;1030.8523;1030.8523;1030.8523;21-Dec-2008

Tata Mutual Fund
101987;Tata Liquid Fund Reglar Plan - Monthly Dividend;INF277K01LR5;INF277K01LS3;1155.2058;1155.2058;1155.2058;21-Dec-2008
101861;Tata Liquid Fund-Regular Plan  - Weekly Dividend;INF277K016C5;;1151.8366;1151.8366;1151.8366;21-Dec-2008
101984;Tata Liquid High Investment Plan - Daily;;;1114.3379;1114.3379;1114.3379;21-Dec-2008
101860;Tata Liquid High Investment Plan - Growth;INF277K01LN4;;1439.9092;1439.9092;1439.9092;21-Dec-2008
101985;Tata Liquid High Investment Plan - Monthly;INF277K01LO2;INF277K01LP9;1024.7710;1024.7710;1024.7710;21-Dec-2008
101859;Tata Liquid High Investment Plan - Weekly;;;1147.7933;1147.7933;1147.7933;21-Dec-2008
101982;Tata Liquid Retail Investment PLan - Daily;;;1116.8143;1116.8143;1116.8143;21-Dec-2008
101983;Tata Liquid Retail Investment Plan - Fortnightly;;;1146.5062;1146.5062;1146.5062;21-Dec-2008
101858;Tata Liquid Retail Investment Plan - Growth;INF277K01LM6;;1994.1340;1994.1340;1994.1340;21-Dec-2008
103631;Tata Liquidity Management Fund - Regular Plan - Daily Dividend;;;1002.6089;1002.6089;1002.6089;21-Dec-2008
103632;Tata Liquidity Management Fund - Regular Plan - Growth;INF277K01LW5;;1214.0561;1214.0561;1214.0561;21-Dec-2008
103519;Tata Liquidity Management Fund - Regular Plan  -Weekly Dividend;;;1006.1778;1006.1778;1006.1778;21-Dec-2008

Open Ended Schemes ( Money Market )


Franklin Templeton Mutual Fund
100561;Templeton India Money Market Account - Bonus Plan;;;1.0000;1.0000;1.0000;21-Dec-2008
104554;Templeton India Money Market Account - Dividend Plan;;;1.0000;1.0000;1.0000;21-Dec-2008

Tata Mutual Fund
102152;Tata Money Market Fund Regular (Bonus / Dividend);;;10.1612;10.1612;10.1612;21-Dec-2008
102153;Tata Money Market Fund Regular (Growth);INF277K01LY1;;13.8820;13.8820;13.8820;21-Dec-2008

Open Ended Schemes ( Floating Rate )


HSBC Mutual Fund
102836;HSBC Floating Rate Fund - Short Term - Inst. - Dividend - Daily;;;10.0623;10.0623;10.0623;21-Dec-2008
102838;HSBC Floating Rate Fund - Short Term - Inst. - Dividend - Monthly;;;10.1820;10.1820;10.1820;21-Dec-2008
102837;HSBC Floating Rate Fund - Short Term - Inst. - Dividend - Weekly;;;10.4442;10.4442;10.4442;21-Dec-2008
102835;HSBC Floating Rate Fund - Short Term - Inst. - Growth;;;13.3206;13.3206;13.3206;21-Dec-2008
102840;HSBC Floating Rate Fund - Short Term - Inst. Plus - Dividend - Daily;;;0.0000;0.0000;0.0000;21-Dec-2008
102842;HSBC Floating Rate Fund - Short Term - Inst. Plus - Dividend - Monthly;;;0.0000;0.0000;0.0000;21-Dec-2008
102841;HSBC Floating Rate Fund - Short Term - Inst. Plus - Dividend - Weekly;;;10.0361;10.0361;10.0361;21-Dec-2008
102839;HSBC Floating Rate Fund - Short Term - Inst. Plus - Growth;;;11.3051;11.3051;11.3051;21-Dec-2008
102833;HSBC Floating Rate Fund - Short Term - Regular - Dividend - Daily;;;10.0000;10.0000;10.0000;21-Dec-2008
102834;HSBC Floating Rate Fund - Short Term - Regular - Dividend - Weekly;;;10.0195;10.0195;10.0195;21-Dec-2008
102832;HSBC Floating Rate Fund - Short Term - Regular - Growth;;;13.1985;13.1985;13.1985;21-Dec-2008

Open Ended Schemes ( Fund of Funds - Domestic )


Fidelity Mutual Fund
103419;Fidelity MultiManager Cash Fund-Dividend Re-investment Option;;;10.0132;10.0132;10.0132;21-Dec-2008
103418;Fidelity MultiManager Cash Fund-Growth Option;;;12.4066;12.4066;12.4066;21-Dec-2008

Open Ended Schemes ( Debt Scheme - Overnight Fund )


HDFC Mutual Fund
101996;HDFC Overnight Fund - Growth Option;INF179KB1HS3;;14.6298;14.6298;14.6298;21-Dec-2008
101997;HDFC Overnight Fund - IDCW Option (Daily);;INF179KB1IF8;10.4266;10.4266;10.4266;21-Dec-2008

SBI Mutual Fund
101206;SBI OVERNIGHT FUND - REGULAR PLAN - GROWTH;INF200K01LQ9;;14.8805;14.8805;14.8805;21-Dec-2008
103140;SBI Overnight Fund - Regular Plan - Weekly Income Distribution cum Capital Withdrawal Option (IDCW);INF200K01LO4;INF200K01LP1;10.3020;10.3020;10.3020;21-Dec-2008

Open Ended Schemes ( Debt Scheme - Liquid Fund )


Aditya Birla Sun Life Mutual Fund
100049;Aditya Birla Sun Life Cash Plus-Institutional - Fortnightly Dividend;;;10.8438;10.8438;10.8438;21-Dec-2008
100052;Aditya Birla Sun Life Cash Plus-Institutional Premium - Fortnightly Dividend;;;10.0000;10.0000;10.0000;21-Dec-2008
100053;Aditya Birla Sun Life Cash Plus-Institutional Premium Plan-Monthly Dividend;;;10.0539;10.0539;10.0539;21-Dec-2008
100047;Aditya Birla Sun Life Liquid Fund - Growth;INF209K01RU9;;13.7864;13.7864;13.7864;21-Dec-2008
100046;Aditya Birla Sun Life Liquid Fund -Daily IDCW;INF209K01KQ2;INF209K01SQ5;10.0195;10.0195;10.0195;21-Dec-2008
100041;Aditya Birla Sun Life Liquid Fund -Institutional - IDCW;;INF209K01KN9;10.8023;10.8023;10.8023;21-Dec-2008
100048;Aditya Birla Sun Life Liquid Fund -Institutional - weekly  IDCW;INF209KA1LK7;INF209K01KY6;10.8121;10.8121;10.8121;21-Dec-2008
100044;Aditya Birla Sun Life Liquid Fund -Retail - IDCW;;INF209K01KP4;16.3694;16.3694;16.3694;21-Dec-2008
100051;Aditya Birla Sun Life Liquid Fund -weekly IDCW;INF209K01KU4;INF209KA1LJ9;10.0276;10.0276;10.0276;21-Dec-2008
100043;Aditya Birla Sun Life Liquid Fund-Institutional (Growth);INF209K01RT1;;23.3874;23.3874;23.3874;21-Dec-2008
100042;Aditya Birla Sun Life Liquid Fund-Retail (Growth);INF209K01ME4;;23.1509;23.1509;23.1509;21-Dec-2008

Bandhan Mutual Fund
108692;BANDHAN LIQUID Fund - Regular Plan - Daily IDCW;INF194K01VZ4;INF194K01VY7;10.0025;10.0025;10.0025;21-Dec-2008
108690;BANDHAN LIQUID Fund - Regular Plan - Growth;INF194K01VX9;;10.5054;10.5054;10.5054;21-Dec-2008
108693;BANDHAN LIQUID Fund - Regular Plan - Monthly IDCW;INF194K01WF4;INF194K01WE7;10.0566;10.0566;10.0566;21-Dec-2008
108691;BANDHAN LIQUID Fund - Regular Plan - Weekly IDCW;INF194K01WI8;INF194K01WH0;10.0062;10.0062;10.0062;21-Dec-2008
108779;BANDHAN Liquid Fund-Plan A-Dividend (Daily);INF194K01VC3;INF194K01VB5;10.5819;10.5819;10.5819;21-Dec-2008
108778;BANDHAN Liquid Fund-Plan A-Growth;INF194K01UX1;;15.5033;15.5033;15.5033;21-Dec-2008
108607;BANDHAN Liquid Fund - Plan A-Dividend (Weekly);INF194K01VI0;INF194K01VH2;10.1960;10.1960;10.1960;21-Dec-2008
108781;BANDHAN Liquid Fund - Plan B (G) (Institutional Plan);INF194K01VK6;;15.5848;15.5848;15.5848;21-Dec-2008
108681;BANDHAN Liquid Fund - Plan B-Daily-Dividend(Institutional Plan);INF194K01VM2;INF194K01VL4;10.5816;10.5816;10.5816;21-Dec-2008

Bank of India Mutual Fund
109257;BANK OF INDIA Liquid Fund- Institutional Plan- Daily Dividend;;;1000.0291;1000.0291;1000.0291;21-Dec-2008
109256;BANK OF INDIA Liquid Fund- Institutional Plan-Growth;INF761K01314;;1043.0923;1043.0923;1043.0923;21-Dec-2008
109254;BANK OF INDIA Liquid Fund- Regular Plan- Growth;INF761K01306;;1040.5388;1040.5388;1040.5388;21-Dec-2008
109255;BANK OF INDIA Liquid Fund- Regular Plan- Weekly IDCW;;INF761K01CP1;1001.2303;1001.2303;1001.2303;21-Dec-2008
109263;BANK OF INDIA Liquid Fund- Super Institutional Plan-Daily Dividend;;;1000.0291;1000.0291;1000.0291;21-Dec-2008
109258;BANK OF INDIA Liquid Fund- Super Institutional Plan-Growth;INF761K01322;;1043.9095;1043.9095;1043.9095;21-Dec-2008

Baroda BNP Paribas Mutual Fund
101408;Baroda BNP Paribas LIQUID FUND- Defunct Plan -Growth Option;INF955L01575;;15.0304;15.0304;15.0304;21-Dec-2008
101407;Baroda BNP Paribas LIQUID FUND-Defunct Plan- IDCW Option;INF955L01559;INF955L01567;12.8794;12.8794;12.8794;21-Dec-2008
101409;Baroda BNP Paribas LIQUID FUND-Defunct Plan-Daily IDCW Option;INF955L01518;INF955L01526;10.0049;10.0049;10.0049;21-Dec-2008

Canara Robeco Mutual Fund
109349;CANARA ROBECO LIQUID FUND - REGULAR PLAN - DAILY IDCW (Reinvestment);;INF760K01CU3;10.0410;10.0410;10.0410;21-Dec-2008
109353;CANARA ROBECO LIQUID FUND - REGULAR PLAN - GROWTH OPTION;INF760K01CW9;;10.4875;10.4875;10.4875;21-Dec-2008
109350;CANARA ROBECO LIQUID FUND - REGULAR PLAN - WEEKLY IDCW (Payout/Reinvestment);INF760K01BZ4;INF760K01CZ2;10.0512;10.0512;10.0512;21-Dec-2008
101363;Canara Robeco Liquid Fund- INSTITUTIONAL-Daily Dividend Reinvestment;;INF760K01CC1;10.0410;10.0410;10.0410;21-Dec-2008
101362;Canara Robeco Liquid Fund- INSTITUTIONAL-Growth;INF760K01CD9;;15.7821;15.7821;15.7821;21-Dec-2008
101361;Canara Robeco Liquid Fund- INSTITUTIONAL-Weekly dividend;;INF760K01CE7;10.0410;10.0410;10.0410;21-Dec-2008
101364;Canara Robeco Liquid Fund-Retail-DRI;;INF760K01CF4;10.0410;10.0410;10.0410;21-Dec-2008
109346;Canara Robeco Liquid Fund-Retail-Fortnightly Div Reinvest;;INF760K01CG2;10.0673;10.0673;10.0673;21-Dec-2008
101365;Canara Robeco Liquid Fund-Retail-Growth;INF760K01CH0;;15.7599;15.7599;15.7599;21-Dec-2008
109347;Canara Robeco Liquid Fund-Retail-Monthly Div Reinvest;;INF760K01CI8;10.0988;10.0988;10.0988;21-Dec-2008
109356;Canara Robeco Liquid Fund-Retail-Weekly Div Reinvest;;INF760K01CJ6;10.0507;10.0507;10.0507;21-Dec-2008

DSP Mutual Fund
103347;DSP Liquidity Fund - Regular Plan - Growth;INF740K01FK9;;1246.9034;1246.9034;1246.9034;21-Dec-2008
103348;DSP Liquidity Fund - Regular Plan - IDCW - Weekly;INF740K01FM5;INF740K01FL7;1000.8764;1000.8764;1000.8764;21-Dec-2008
103349;DSP Liquidity Fund- Regular Plan - IDCW - Daily;;INF740KA1OE0;1000.2000;1000.2000;1000.2000;21-Dec-2008
100943;DSP BlackRock Liquidity Fund - Regular Plan - Daily Dividend;;;10.0100;10.0100;10.0100;21-Dec-2008
100940;DSP BlackRock Liquidity Fund - Regular Plan - Growth;INF740K01CN0;;20.7829;20.7829;20.7829;21-Dec-2008
100941;DSP BlackRock Liquidity Fund - Regular Plan Weekly Dividend;;;12.4082;12.4082;12.4082;21-Dec-2008

Franklin Templeton Mutual Fund
100543;Franklin India Liquid Fund - Liquid Plan - Daily IDCW;;;1000.6730;1000.6730;1000.6730;21-Dec-2008
100544;Franklin India Liquid Fund - Liquid Plan - Growth;;;1308.1950;1308.1950;1308.1950;21-Dec-2008
100542;Franklin India Liquid Fund - Liquid Plan - Weekly Dividend;;;1000.5749;1000.5749;1000.5749;21-Dec-2008
100541;Franklin India Liquid Fund - Regular Plan - Daily - IDCW;;INF090I01BA3;1512.3400;1512.3400;1512.3400;21-Dec-2008
100538;Franklin India Liquid Fund - Regular Plan - Growth;INF090I01BB1;;2136.1881;2136.1881;2136.1881;21-Dec-2008
100537;Franklin India Liquid Fund - Regular Plan - Weekly - IDCW;INF090I01BL0;INF090I01BI6;1244.3238;1244.3238;1244.3238;21-Dec-2008
100547;Franklin India Liquid Fund - Super Institutional Plan - Daily - IDCW;;INF090I01BF2;1000.6730;1000.6730;1000.6730;21-Dec-2008
100546;Franklin India Liquid Fund - Super Institutional Plan - Growth;INF090I01BG0;;1280.6404;1280.6404;1280.6404;21-Dec-2008
100548;Franklin India Liquid Fund - Super Institutional Plan - Weekly - IDCW;INF090I01BM8;INF090I01BH8;1021.1243;1021.1243;1021.1243;21-Dec-2008
102441;Franklin India Liquid Fund - Institution-Growth;INF090I01BD7;;1349.9490;1349.9490;1349.9490;21-Dec-2008
102443;Franklin India Liquid Fund - Institutional Plan - Daily - IDCW;;INF090I01BC9;1000.6730;1000.6730;1000.6730;21-Dec-2008
102442;Franklin India Liquid Fund - Institutional Plan - Weekly - IDCW;INF090I01BJ4;INF090I01BE5;1043.4047;1043.4047;1043.4047;21-Dec-2008

HDFC Mutual Fund
100868;HDFC Liquid Fund - Growth Plan;INF179KB1HK0;;17.1272;17.1272;17.1272;21-Dec-2008
100875;HDFC Liquid Fund - IDCW Daily;;INF179KB1IC5;10.1982;10.1982;10.1982;21-Dec-2008
100876;HDFC Liquid Fund - IDCW Monthly;INF179KB1HM6;INF179KB1HL8;10.3236;10.3236;10.3236;21-Dec-2008
100874;HDFC Liquid Fund - IDCW Plan Weekly;INF179KB1ID3;;10.3239;10.3239;10.3239;21-Dec-2008
100877;HDFC Liquid Fund-Premium Plan - Dividend-Daily;;INF179K01KN4;12.2598;12.2598;12.2598;21-Dec-2008
100881;HDFC Liquid Fund-Premium Plus Plan - Dividend-Weekly;INF179K01KS3;;12.4344;12.4344;12.4344;21-Dec-2008
100872;HDFC Liquid Fund-PREMIUM PLUS- Growth;INF179K01KQ7;;17.312;17.312;17.312;21-Dec-2008
100873;HDFC Liquid Fund-PREMIUM- Growth;INF179KB1HN4;;17.276;17.276;17.276;21-Dec-2008

HSBC Mutual Fund
101700;HSBC Cash Fund - Dividend - Daily;;INF336L01321;10.0056;10.0056;10.0056;21-Dec-2008
101702;HSBC Cash Fund - Dividend - Monthly;INF336L01305;INF336L01297;10.1241;10.1241;10.1241;21-Dec-2008
101701;HSBC Cash Fund - Dividend - Weekly;;INF336L01347;10.2384;10.2384;10.2384;21-Dec-2008
101692;HSBC Cash Fund - Inst. - Dividend - Daily;;INF336L01354;10.4401;10.4401;10.4401;21-Dec-2008
101694;HSBC Cash Fund - Inst. - Dividend - Monthly;INF336L01370;INF336L01362;10.5687;10.5687;10.5687;21-Dec-2008
101693;HSBC Cash Fund - Inst. - Dividend - Weekly;;INF336L01388;10.4674;10.4674;10.4674;21-Dec-2008
101691;HSBC Cash Fund - Inst. - Growth;INF336L01289;;14.4732;14.4732;14.4732;21-Dec-2008
101697;HSBC Cash Fund - Regular - Dividend - Daily;;INF336L01263;10.1930;10.1930;10.1930;21-Dec-2008
101698;HSBC Cash Fund - Regular - Dividend - Weekly;;INF336L01313;10.0205;10.0205;10.0205;21-Dec-2008
101696;HSBC Liquid Fund - Growth closed plan;INF336L01271;;14.3871;14.3871;14.3871;21-Dec-2008
101699;HSBC Liquid Fund Closed;INF336L01339;;13.5645;13.5645;13.5645;21-Dec-2008

ICICI Prudential Mutual Fund
100357;ICICI Prudential Liquid Fund -Quarterly IDCW;INF109K01UU5;INF109K01UT7;10.2028;10.2028;10.2028;21-Dec-2008
100359;ICICI Prudential Liquid Institutional Plus Fund - Div - Daily;INF109K01VJ6;;11.8515;11.8515;11.8515;21-Dec-2008
100360;ICICI Prudential Liquid Institutional Plus Fund - Div - Weekly;INF109K01VM0;;11.8706;11.8706;11.8706;21-Dec-2008
100362;ICICI Prudential Liquid Institutional Plus Fund - Growth;INF109K01VK4;;21.4792;21.4792;21.4792;21-Dec-2008
103343;ICICI Prudential Liquid Fund - Daily IDCW;INF109K01VP3;;10.0005;10.0005;10.0005;21-Dec-2008
103340;ICICI Prudential Liquid Fund - Growth;INF109K01VQ1;;12.7300;12.7300;12.7300;21-Dec-2008
104308;ICICI Prudential Liquid Fund - Half Yearly IDCW;INF109K01UX9;INF109K01UW1;10.2024;10.2024;10.2024;21-Dec-2008
103344;ICICI Prudential Liquid Fund - Institutional Option - I;INF109K01VH0;;12.4613;12.4613;12.4613;21-Dec-2008
103342;ICICI Prudential Liquid Fund - Weekly IDCW;INF109K01VS7;;10.0172;10.0172;10.0172;21-Dec-2008
101748;ICICI Prudential Liquid Fund - Institutional - Daily - Div;INF109K01VE7;;11.8502;11.8502;11.8502;21-Dec-2008
101749;ICICI Prudential Liquid Fund - Institutional - Monthly - Div;;INF109K01VG2;10.0559;10.0559;10.0559;21-Dec-2008
101753;ICICI Prudential Liquid Fund - Institutional - Weekly - Div;INF109K01VI8;;11.8575;11.8575;11.8575;21-Dec-2008
101754;ICICI Prudential Liquid Fund Retail Daily Dividend;INF109K01UR1;;11.8514;11.8514;11.8514;21-Dec-2008
101750;ICICI Prudential Liquid Fund Retail Growth;INF109K01UQ3;;21.0660;21.0660;21.0660;21-Dec-2008
101755;ICICI Prudential Liquid Fund Retail Monthly Dividend;INF109K01US9;;11.8927;11.8927;11.8927;21-Dec-2008
101752;ICICI Prudential Liquid Fund Retail Weekly Dividend;INF109K01UV3;;11.8463;11.8463;11.8463;21-Dec-2008
101751;ICICI Prudential Liquid Institutional Fund - Growth;INF109K01VF4;;21.3670;21.3670;21.3670;21-Dec-2008

Invesco Mutual Fund
104484;Invesco India Liquid Fund - Daily IDCW (Reinvestment);;INF205K01HN3;10.0033;10.0033;10.0033;21-Dec-2008
104486;Invesco India Liquid Fund - Growth;INF205K01HM5;;11.8454;11.8454;11.8454;21-Dec-2008
104488;Invesco India Liquid Fund - Regular - Growth;INF205K01HG7;;11.7649;11.7649;11.7649;21-Dec-2008
104489;Invesco India Liquid Fund - Regular - Weekly IDCW (Reinvestment);;INF205K01HH5;10.0169;10.0169;10.0169;21-Dec-2008
104485;Invesco India Liquid Fund - Weekly IDCW (Reinvestment);INF205KA1BD7;INF205K01HO1;10.0146;10.0146;10.0146;21-Dec-2008
104483;Religare Invesco Liquid Fund - Institutional - Daily Dividend;;INF205K01HJ1;10.0033;10.0033;10.0033;21-Dec-2008
104491;Religare Invesco Liquid Fund - Institutional - Growth;INF205K01HI3;;11.8291;11.8291;11.8291;21-Dec-2008
104490;Religare Invesco Liquid Fund - Institutional - Weekly Dividend;;INF205K01HK9;10.0172;10.0172;10.0172;21-Dec-2008

JM Financial Mutual Fund
100241;JM High Liquidity Fund-- Institutional Plan - Dividend;INF192K01924;INF192K01932;10.3807;10.3807;10.3807;21-Dec-2008
100237;JM High Liquidity Fund-- Institutional Plan - Growth;INF192K01940;;14.2357;14.2357;14.2357;21-Dec-2008
100243;JM High Liquidity Fund-- Premium Plan - Daily Dividend Option;;;10.0000;10.0000;10.0000;21-Dec-2008
100238;JM High Liquidity Fund-Institutional Plan - Daily Dividend;;INF192K01916;10.0159;10.0159;10.0159;21-Dec-2008
100245;JM High Liquidity Fund-Super Institutional Plan- Daily Dividend;;INF192K01957;10.0165;10.0165;10.0165;21-Dec-2008
100246;JM High Liquidity Fund-Super Institutional Plan- Weekly  Dividend;INF192K01965;INF192K01973;10.0000;10.0000;10.0000;21-Dec-2008
100244;JM Liquid Fund (Regular) - Quarterly IDCW;INF192K01866;INF192K01874;13.5848;13.5848;13.5848;21-Dec-2008
100247;JM Liquid Fund (Regular) - Super Institutional Plan - Growth Option;INF192K01981;;13.5356;13.5356;13.5356;21-Dec-2008
100233;JM Liquid Fund (Regular) - Weekly IDCW;INF192K01841;INF192K01858;10.6215;10.6215;10.6215;21-Dec-2008
100234;JM Liquid Fund - Growth Option;INF192K01882;;23.5946;23.5946;23.5946;21-Dec-2008
101549;JM Liquid Fund (Regular) - Bonus Option - Principal Units;INF192K01890;;12.3904;12.3904;12.3904;21-Dec-2008
101078;JM Liquid Fund (Regular) - Daily IDCW;;INF192K01833;10.4302;10.4302;10.4302;21-Dec-2008

Kotak Mahindra Mutual Fund
100833;Kotak Liquid Fund - Regular  - Daily Reinvestment of Income Distribution cum capital withdrawal option;;INF174K01NL3;12.2281;12.2281;12.2281;21-Dec-2008
100835;Kotak Liquid Fund - Regular Plan - Growth;INF174K01NI9;;17.4774;17.4774;17.4774;21-Dec-2008
100831;Kotak Liquid Fund -Institutional Plan - (Daily Dividend);;INF174K01GA0;12.2281;12.2281;12.2281;21-Dec-2008
100834;Kotak Liquid Fund Regular Plan Weekly Reinvestment of Income Distribution cum capital withdrawal option Dividend;INF174K01NK5;;10.0502;10.0502;10.0502;21-Dec-2008
100830;Kotak Liquid-Institutional Plan  (Growth);INF174K01FZ9;;17.2149;17.2149;17.2149;21-Dec-2008
100832;Kotak Liquid-Institutional Plan (Weekly Dividend);;INF174K01GB8;10.0365;10.0365;10.0365;21-Dec-2008
100828;Kotak Liquid-Regular (Dividend);;INF174K01FY2;10.0354;10.0354;10.0354;21-Dec-2008
100829;Kotak Liquid-Regular (Growth);INF174K01NM1;;16.8789;16.8789;16.8789;21-Dec-2008

Nippon India Mutual Fund
100852;NIPPON INDIA LIQUID FUND - DAILY IDCW OPTION;;INF204K01UM1;15.2872;15.2872;15.2872;21-Dec-2008
100855;NIPPON INDIA LIQUID FUND - MONTHLY IDCW OPTION;INF204K01UO7;INF204K01UP4;21.0209;21.0209;21.0209;21-Dec-2008
100837;Nippon India Liquid Fund - Retail Option - Growth Plan;INF204K01UL3;;20.7102;20.7102;20.7102;21-Dec-2008
100842;NIPPON INDIA LIQUID FUND - RETAIL Plan - DAILY IDCW OPTION;;INF204K01UJ7;15.2426;15.2426;15.2426;21-Dec-2008
100843;NIPPON INDIA LIQUID FUND - RETAIL plan - MONTHLY IDCW OPTION;INF204K01UT6;INF204K01UU4;12.9934;12.9934;12.9934;21-Dec-2008
100844;NIPPON INDIA LIQUID FUND - RETAIL Plan - QUARTERLY IDCW OPTION;INF204K01UV2;INF204K01UW0;12.1499;12.1499;12.1499;21-Dec-2008
100838;NIPPON INDIA LIQUID FUND - RETAIL Plan - WEEKLY IDCW OPTION;;INF204K01UK5;10.3469;10.3469;10.3469;21-Dec-2008
100853;NIPPON INDIA LIQUID FUND - WEEKLY IDCW OPTION;INF204KC1FM8;INF204K01US8;15.3108;15.3108;15.3108;21-Dec-2008
100851;Nippon India Liquid Fund -Growth Plan;INF204K01UN9;;21.0210;21.0210;21.0210;21-Dec-2008
100849;Reliance Liquid Fund-Cash Plan-Daily Dividend Reinvestment Option;;;11.1415;11.1415;11.1415;21-Dec-2008
100845;Reliance Liquid Fund-Cash Plan-Growth Plan;;;14.5292;14.5292;14.5292;21-Dec-2008
100848;Reliance Liquid Fund-Cash Plan-Weekly Dividend Reinvestment Option;;;10.9208;10.9208;10.9208;21-Dec-2008

Principal Mutual Fund
100895;Principal Cash Management Fund - Daily Income Distribution CUM Capital Withdrawal;;INF173K01DB7;10.0007;10.0007;10.0007;21-Dec-2008
100897;Principal Cash Management Fund - Monthly Income Distribution CUM Capital Withdrawal Option;INF173K01BV9;INF173K01BW7;10.0552;10.0552;10.0552;21-Dec-2008
100896;Principal Cash Management Fund - Weekly Income Distribution CUM Capital Withdrawal Option;;INF173K01DC5;10.0324;10.0324;10.0324;21-Dec-2008
100898;Principal Cash Management Fund -Growth Option;INF173K01DA9;;13.4752;13.4752;13.4752;21-Dec-2008
100892;Principal Cash Management-Liquid Option-Daily Dividend;;;10.0022;10.0022;10.0022;21-Dec-2008
100887;Principal Cash Management-Liquid Option-Dividend Plan;;;10.1267;10.1267;10.1267;21-Dec-2008
100888;Principal Cash Management-Liquid Option-Growth Plan;;;16.8284;16.8284;16.8284;21-Dec-2008
100894;Principal Cash Management-Liquid Option-Institutional - Daily Dividend Plan;;;10.0022;10.0022;10.0022;21-Dec-2008
100893;Principal Cash Management-Liquid Option-Institutional - Growth Plan;;;14.1894;14.1894;14.1894;21-Dec-2008
100891;Principal Cash Management-Liquid Option-Institutional - Monthly Dividend Plan;;;10.0506;10.0506;10.0506;21-Dec-2008
100890;Principal Cash Management-Liquid Option-Institutional - Weekly Dividend Plan;;;10.0085;10.0085;10.0085;21-Dec-2008
100889;Principal Cash Management-Liquid Option-Monthly Dividend;;;10.0492;10.0492;10.0492;21-Dec-2008

Quantum Mutual Fund
103736;Quantum Liquid Fund - Direct Plan Daily IDCW;;INF082J01135;10.0000;10.0000;10.0000;21-Dec-2008
103734;Quantum Liquid Fund - Direct Plan Growth Option;INF082J01127;;12.3239;12.3239;12.3239;21-Dec-2008
103735;Quantum Liquid Fund - Direct Plan Monthly IDCW;INF082J01143;INF082J01200;10.0635;10.0635;10.0635;21-Dec-2008

SBI Mutual Fund
105274;SBI Liquid Fund - Institutional - Growth;INF200K01LU1;;13.7915;13.7915;13.7915;21-Dec-2008
105275;SBI Liquid Fund - Institutional Daily Income Distribution cum Capital Withdrawal Option (IDCW);;INF200K01LR7;10.0325;10.0325;10.0325;21-Dec-2008
105279;SBI Liquid Fund - Institutional Fortnightly Income Distribution cum Capital Withdrawal Option (IDCW);INF200K01LS5;INF200K01LT3;10.1487;10.1487;10.1487;21-Dec-2008
105278;SBI Liquid Fund - Institutional Weekly Income Distribution cum Capital Withdrawal Option (IDCW);INF200K01LV9;INF200K01LW7;10.5999;10.5999;10.5999;21-Dec-2008
105281;SBI Liquid Fund - Regular Plan - Daily Income Distribution cum Capital Withdrawal Option (IDCW);;INF200K01LX5;10.0325;10.0325;10.0325;21-Dec-2008
105283;SBI Liquid Fund - Regular Plan - Fortnightly Income Distribution cum Capital Withdrawal Option (IDCW);INF200K01LY3;INF200K01LZ0;0;0;0;21-Dec-2008
105282;SBI Liquid Fund - Regular Plan - Weekly Income Distribution cum Capital Withdrawal Option (IDCW);INF200K01MB9;INF200K01MC7;0;0;0;21-Dec-2008
105280;SBI Liquid Fund - REGULAR PLAN -Growth;INF200K01MA1;;13.6352;13.6352;13.6352;21-Dec-2008

Tata Mutual Fund
102672;Tata Liquid Fund -Regular Plan - Growth Option;INF277K01YD8;;13.5747;13.5747;13.5747;21-Dec-2008
101714;Tata Liquid Fund- Regular Plan - Daily Reinvestment of IDCW Option;;INF277K011D4;10.0152;10.0152;10.0152;21-Dec-2008

Taurus Mutual Fund
111547;Taurus Liquid Fund Insti DDRIP;;INF044D01484;10.0004;10.0004;10.0004;21-Dec-2008
104240;Taurus Liquid Fund-Dividend;INF044D01542;INF044D01559;10.0114;10.0114;10.0114;21-Dec-2008
104241;Taurus Liquid Fund-Growth;INF044D01575;;11.5732;11.5732;11.5732;21-Dec-2008

UTI Mutual Fund
102010;UTI Liquid Fund - Regular Plan - Daily IDCW (Reinvestment);;INF789F01PG3;1019.4457;1019.4457;1019.4457;21-Dec-2008
102011;UTI Liquid Fund - Regular Plan - Monthly IDCW;INF789F01PI9;INF789F01PJ7;1029.788;1029.788;1029.788;21-Dec-2008
102013;UTI Liquid Fund - Regular Plan - Weekly IDCW;;INF789F01PK5;1022.9091;1022.9091;1022.9091;21-Dec-2008
102012;UTI-  Liquid Cash Plan - Regular Plan - Growth Option;INF789F01PH1;;1417.5602;1417.5602;1417.5602;21-Dec-2008
102008;UTI-  Liquid Cash Plan- Discontinued - Regular Plan - Monthly Dividend Option;INF789F01BC2;INF789F01BA6;1056.8735;1056.8735;1056.8735;21-Dec-2008
102009;UTI-  Liquid Cash Plan- Discontinued - Regular Plan -Growth;INF789F01BB4;;1403.7192;1403.7192;1403.7192;21-Dec-2008
102007;UTI-  Liquid Cash Plan- Discontinued -Regular Plan Periodic Dividend Option;;INF789F01AZ5;1044.982;1044.982;1044.982;21-Dec-2008

Open Ended Schemes ( Debt Scheme - Ultra Short Duration Fund )


Principal Mutual Fund
107325;Principal Money Manager Fund-Regular Plan-Daily Dividend Option;;;10.0247;10.0247;10.0247;21-Dec-2008
107331;Principal Money Manager Fund-Regular Plan-Growth Option;;;10.6824;10.6824;10.6824;21-Dec-2008
107327;Principal Money Manager Fund-Regular Plan-Monthly Dividend Option;;;10.5379;10.5379;10.5379;21-Dec-2008
107326;Principal Money Manager Fund-Regular Plan-Weekly Dividend Option;;;10.1114;10.1114;10.1114;21-Dec-2008
107329;Principal Ultra Short Term Fund-Daily Income Distribution CUM Capital Withdrawal Option;;INF173K01CV7;13.6327;13.6327;13.6327;21-Dec-2008
107328;Principal Ultra Short Term Fund-Growth Option;INF173K01CU9;;10.4975;10.4975;10.4975;21-Dec-2008
107330;Principal Ultra Short Term Fund-Monthly Income Distribution CUM Capital Withdrawal Option;INF173K01CB9;INF173K01CC7;10.4006;10.4006;10.4006;21-Dec-2008
107332;Principal Ultra Short Term Fund-Weekly Income Distribution CUM Capital Withdrawal Option;;INF173K01CW5;10.1161;10.1161;10.1161;21-Dec-2008

SBI Mutual Fund
105080;SBI Ultra Short Duration Fund - Regular Plan - Daily Income Distribution cum Capital Withdrawal Option (IDCW);;INF200K01LK2;16.7503;16.7503;16.7503;21-Dec-2008
100641;SBI ULTRA SHORT DURATION FUND - REGULAR PLAN - GROWTH;INF200K01LJ4;;19.2785;19.2785;19.2785;21-Dec-2008
103884;SBI Ultra Short Duration Fund - Regular Plan - Weekly Income Distribution cum Capital Withdrawal Option (IDCW);INF200K01LM8;INF200K01LL0;10.7537;10.7537;10.7537;21-Dec-2008

Open Ended Schemes ( Debt Scheme - Low Duration Fund )


Aditya Birla Sun Life Mutual Fund
103192;Aditya Birla Sun Life Low Duration Fund - Growth Plan;INF209K01LQ0;;21.1079;21.1079;21.1079;21-Dec-2008
103195;Aditya Birla Sun Life Low Duration Fund - Institutional Plan - Growth;INF209K01KE8;;14.4051;14.4051;14.4051;21-Dec-2008
103191;Aditya Birla Sun Life Low Duration Fund -INSTITUTIONAL - DAILY IDCW;;INF209K01KD0;10.0030;10.0030;10.0030;21-Dec-2008
103194;Aditya Birla Sun Life Low Duration Fund -Institutional - weekly  IDCW;;INF209K01KG3;10.0120;10.0120;10.0120;21-Dec-2008
103193;Aditya Birla Sun Life Low Duration Fund -REGULAR - WEEKLY IDCW;;INF209KA1LQ4;10.0117;10.0117;10.0117;21-Dec-2008

Bandhan Mutual Fund
108633;BANDHAN Low Duration Fund - Regular Plan - Daily IDCW;INF194K01FW4;INF194K01FV6;10.0125;10.0125;10.0125;21-Dec-2008
108632;BANDHAN Low Duration Fund - Regular Plan - Growth;INF194K01FU8;;11.9824;11.9824;11.9824;21-Dec-2008
108635;BANDHAN Low Duration Fund - Regular Plan - Monthly IDCW;INF194K01FZ7;INF194K01FY0;10.0297;10.0297;10.0297;21-Dec-2008
108634;BANDHAN Low Duration Fund - Regular Plan - Weekly IDCW;INF194K01GC4;INF194K01GB6;10.0049;10.0049;10.0049;21-Dec-2008

Canara Robeco Mutual Fund
104559;CANARA ROBECO SAVINGS FUND - REGULAR PLAN - DAILY IDCW (Reinvestment);;INF760K01803;10.2600;10.2600;10.2600;21-Dec-2008
102913;CANARA ROBECO SAVINGS FUND - REGULAR PLAN - GROWTH OPTION;INF760K01795;;13.2654;13.2654;13.2654;21-Dec-2008
102914;CANARA ROBECO SAVINGS FUND - REGULAR PLAN - IDCW (Payout/Reinvestment);INF760K01779;INF760K01787;12.7556;12.7556;12.7556;21-Dec-2008
102915;CANARA ROBECO SAVINGS FUND - REGULAR PLAN - WEEKLY IDCW (Payout/Reinvestment);INF760K01CB3;INF760K01811;10.2684;10.2684;10.2684;21-Dec-2008

Open Ended Schemes ( Debt Scheme - Money Market Fund )


Aditya Birla Sun Life Mutual Fund
101975;Aditya Birla Sun Life Floating Rate Fund-Short Term Plan-Institutional Fortnightly Dividend;;;10.0000;10.0000;10.0000;21-Dec-2008
101973;Aditya Birla Sun Life Money Manager Fund - Daily IDCW;;INF209K01SZ6;10.0086;10.0086;10.0086;21-Dec-2008
101976;Aditya Birla Sun Life Money Manager Fund - Growth;INF209K01RV7;;11.4128;11.4128;11.4128;21-Dec-2008
101972;Aditya Birla Sun Life Money Manager Fund - Retail - Daily IDCW;;INF209K01JZ5;10.0015;10.0015;10.0015;21-Dec-2008
101970;Aditya Birla Sun Life Money Manager Fund - RETAIL - WEEKLY IDCW;;INF209K01JY8;10.3789;10.3789;10.3789;21-Dec-2008
101971;Aditya Birla Sun Life Money Manager Fund - Retail Growth;INF209K01MJ3;;14.1795;14.1795;14.1795;21-Dec-2008
101974;Aditya Birla Sun Life Money Manager Fund - WEEKLY IDCW;;INF209K01SY9;10.0119;10.0119;10.0119;21-Dec-2008

Franklin Templeton Mutual Fund
101352;Templeton Floating Rate Income Fund-Short Term Plan-Dividend Option;;;10.0491;10.0491;10.0491;21-Dec-2008
101353;Templeton Floating Rate Income Fund-Short Term Plan-Growth Option;;;15.6031;15.6031;15.6031;21-Dec-2008
101355;Templeton Floating Rate Income Fund-Short Term Plan-Institutional Option - Dividend;;;10.1353;10.1353;10.1353;21-Dec-2008
101354;Templeton Floating Rate Income Fund-Short Term Plan-Institutional Option - Growth;;;12.8446;12.8446;12.8446;21-Dec-2008

HDFC Mutual Fund
101994;HDFC Money Market Fund - Daily IDCW Option;;INF179KB1IG6;10.6364;10.6364;10.6364;21-Dec-2008
101993;HDFC Money Market Fund - Growth Option;INF179KB1HR5;;18.0214;18.0214;18.0214;21-Dec-2008
101995;HDFC Money Market Fund - Weekly IDCW Option;INF179KB1IH4;INF179KB1II2;10.6296;10.6296;10.6296;21-Dec-2008

ICICI Prudential Mutual Fund
101221;ICICI Prudential Money Market Fund Retail Growth (erstwhile Cash Option);INF109K01TW3;;14.4329;14.4329;14.4329;21-Dec-2008
103634;ICICI Prudential Money Market Fund Option - Daily IDCW;INF109K01TY9;;10.0010;10.0010;10.0010;21-Dec-2008
103633;ICICI Prudential Money Market Fund Option - Growth;INF109K01TX1;;12.2735;12.2735;12.2735;21-Dec-2008
103637;ICICI Prudential Money Market Fund Option - Monthly IDCW;INF109K01UC3;INF109K01UB5;10.0366;10.0366;10.0366;21-Dec-2008
103635;ICICI Prudential Money Market Fund Option - Weekly IDCW;INF109K01TZ6;;10.0150;10.0150;10.0150;21-Dec-2008
103636;ICICI Prudential Money Market Fund Option -Fortnightly IDCW;INF109K01UA7;;10.0227;10.0227;10.0227;21-Dec-2008

Kotak Mahindra Mutual Fund
106842;Kotak Money Market Fund - (Daily Reinvestment of Income Distribution cum capital withdrawal option);INF174K01ND0;;10.0428;10.0428;10.0428;21-Dec-2008
101893;Kotak Money Market Fund - (Growth);INF174K01NA6;;14.2397;14.2397;14.2397;21-Dec-2008
101892;Kotak Money market Fund - (Monthly Payout of Income Distribution cum capital withdrawal option);INF174K018O0;INF174K01NB4;10.0221;10.0221;10.0221;21-Dec-2008
101894;Kotak Money Market Fund - (Weekly Reinvestment of Income Distribution cum capital withdrawal option);INF174K01NC2;;10.0345;10.0345;10.0345;21-Dec-2008

Nippon India Mutual Fund
103050;NIPPON INDIA MONEY MARKET FUND - DAILY IDCW Option;;INF204K01UY6;10.0031;10.0031;10.0031;21-Dec-2008
103052;NIPPON INDIA MONEY MARKET FUND - MONTHLY IDCW Option;INF204K01VB2;INF204K01VC0;12.9277;12.9277;12.9277;21-Dec-2008
103051;NIPPON INDIA MONEY MARKET FUND - WEEKLY IDCW Option;;INF204K01UZ3;10.0071;10.0071;10.0071;21-Dec-2008
103048;Nippon India Money Market Fund-Growth Plan-Growth Option;INF204K01VA4;;12.9796;12.9796;12.9796;21-Dec-2008

Tata Mutual Fund
101986;Tata Money Market Fund- Regular Plan - Daily Reinvestment of IDCW Option;;INF277K014C0;1114.5200;1114.5200;1114.5200;21-Dec-2008
101847;Tata Money Market Fund-Regular Plan - Growth Option;INF277K01LQ7;;1595.3961;1595.3961;1595.3961;21-Dec-2008

UTI Mutual Fund
100724;UTI MMF- Discontinued - Regular Plan - Flexi Dividend Option;;INF789F01BD0;18.267;18.267;18.267;21-Dec-2008
100725;UTI MMF- Discontinued - Regular Plan - Periodic Dividend Option;INF789F01BE8;;18.1773;18.1773;18.1773;21-Dec-2008
100723;UTI MMF-Discontinued - Regular Plan -Growth;INF789F01BF5;;24.1235;24.1235;24.1235;21-Dec-2008

Open Ended Schemes ( Debt Scheme - Credit Risk Fund )


Principal Mutual Fund
102729;Principal Credit Risk Fund - Regular Plan - Growth Option;INF173K01DM4;;13.5247;13.5247;13.5247;21-Dec-2008
102732;Principal Credit Risk Fund - Regular Plan - Monthly Dividend Option;INF173K01BJ4;INF173K01BK2;11.4447;11.4447;11.4447;21-Dec-2008
102726;Principal Floating Rate Fund - SMP-Daily Dividend;;;10.0007;10.0007;10.0007;21-Dec-2008
102725;Principal Floating Rate Fund - SMP-Growth;;;13.4633;13.4633;13.4633;21-Dec-2008
102730;Principal Floating Rate Fund - SMP-Insti. Daily Dividend;;;10.0007;10.0007;10.0007;21-Dec-2008
102731;Principal Floating Rate Fund - SMP-Insti. Weekly Dividend;;;10.0078;10.0078;10.0078;21-Dec-2008
102728;Principal Floating Rate Fund - SMP-Monthly Dividend;;;10.7227;10.7227;10.7227;21-Dec-2008
102727;Principal Floating Rate Fund - SMP-Weekly Dividend;;;10.0078;10.0078;10.0078;21-Dec-2008

Open Ended Schemes ( Debt Scheme - Floater Fund )


Franklin Templeton Mutual Fund
101048;Franklin India Floating Rate Fund - Growth Plan;INF090I01LM7;;15.2897;15.2897;15.2897;21-Dec-2008
101044;Franklin India Floating Rate Fund - IDCW ;INF090I01LN5;;10.0000;10.0000;10.0000;21-Dec-2008

Nippon India Mutual Fund
102676;NIPPON INDIA FLOATER FUND - DAILY IDCW REINVESTMENT Option;;INF204K01CI7;10.0697;10.0697;10.0697;21-Dec-2008
102673;Nippon India Floater Fund - Growth Plan-Growth Option;INF204K01CG1;;13.5129;13.5129;13.5129;21-Dec-2008
102675;NIPPON INDIA FLOATER FUND - MONTHLY IDCW Option;INF204K01CH9;INF204K01CK3;10.1148;10.1148;10.1148;21-Dec-2008
102677;NIPPON INDIA FLOATER FUND - WEEKLY IDCW Option;INF204K01OQ5;INF204K01CJ5;10.0866;10.0866;10.0866;21-Dec-2008
