Scheme Code;Scheme Name;ISIN Div Payout/ISIN Growth;ISIN Div Reinvestment;Net Asset Value;Repurchase Price;Sale Price;Date

Open Ended Schemes ( Liquid )


L&T Mutual Fund
112468;L&T Liquid Fund - Regular Weekly Dividend;;INF917K01BE5;1199.9318;1199.9318;1199.9318;15-Dec-2012

PGIM India Mutual Fund
113184;DHFL Pramerica Liquid Fund - Dividend Option - Daily;;INF663L01088;1000.2500;1000.2500;1000.2500;15-Dec-2012
113187;DHFL Pramerica Liquid Fund - Dividend Option - Fortnightly;INF663L01120;INF663L01104;1001.0059;1001.0059;1001.0059;15-Dec-2012
113186;DHFL Pramerica Liquid Fund - Dividend Option - Monthly;INF663L01138;INF663L01112;1004.4143;1004.4143;1004.4143;15-Dec-2012
113183;DHFL Pramerica Liquid Fund - Growth Option;INF663L01070;;1221.4181;1221.4181;1221.4181;15-Dec-2012
113185;DHFL Pramerica Liquid Fund -Dividend Option- Weekly;;INF663L01096;1000.9634;1000.9634;1000.9634;15-Dec-2012

PineBridge Mutual Fund
106518;PineBridge India Liquid Fund- Standard Plan-Bonus Option;;INF178L01707;1009.7371;1009.7371;1009.7371;15-Dec-2012
106513;PineBridge India Liquid Fund- Standard Plan-Daily Dividend Option;;INF178L01699;1001.0000;1001.0000;1001.0000;15-Dec-2012
106508;PineBridge India Liquid Fund- Standard Plan-Growth Option;INF178L01715;;1452.2233;1452.2233;1452.2233;15-Dec-2012
106519;PineBridge India Liquid Fund- Standard Plan-Monthly Dividend Option;INF178L01723;INF178L01731;1004.9313;1004.9313;1004.9313;15-Dec-2012
106520;PineBridge India Liquid Fund- Standard Plan-Quarterly Dividend Option;INF178L01749;INF178L01756;1009.7360;1009.7360;1009.7360;15-Dec-2012
106509;PineBridge India Liquid Fund- Standard Plan-Weekly Dividend Option;;INF178L01764;1002.0406;1002.0406;1002.0406;15-Dec-2012
106506;PineBridge India Liquid Fund-Institutional Plan-Daily Dividend Option;;INF178L01616;1001.0000;1001.0000;1001.0000;15-Dec-2012
106511;PineBridge India Liquid Fund-Institutional Plan-Growth Option;INF178L01632;;1444.6303;1444.6303;1444.6303;15-Dec-2012
106507;PineBridge India Liquid Fund-Institutional Plan-Weekly Dividend Option;;INF178L01681;1002.0270;1002.0270;1002.0270;15-Dec-2012
106503;PineBridge India Liquid Fund-Retail Plan-DailyDividend Option;;INF178L01533;1001.0000;1001.0000;1001.0000;15-Dec-2012
106514;PineBridge India Liquid Fund-Retail Plan-Growth Option;INF178L01558;;1421.8543;1421.8543;1421.8543;15-Dec-2012
106504;PineBridge India Liquid Fund-Retail Plan-Monthly Dividend Option;INF178L01566;INF178L01574;1004.7225;1004.7225;1004.7225;15-Dec-2012
106516;PineBridge India Liquid Fund-Retail Plan-Quarterly Dividend Option;INF178L01582;INF178L01590;1019.4774;1019.4774;1019.4774;15-Dec-2012
106510;PineBridge India Liquid Fund-Retail Plan-Weekly Dividend Option;;INF178L01608;1001.9856;1001.9856;1001.9856;15-Dec-2012

Sahara Mutual Fund
101397;Sahara Liquid Fund-Fixed Pricing -  Weekly Dividend Option;;INF515L01064;1027.4373;1027.4373;1027.4373;15-Dec-2012
101393;Sahara Liquid Fund-Fixed Pricing - Daily Dividend Option;;INF515L01049;1029.5953;1029.5953;1029.5953;15-Dec-2012
101394;Sahara Liquid Fund-Fixed Pricing - Growth option;INF515L01056;;2069.0445;2069.0445;2069.0445;15-Dec-2012
101398;Sahara Liquid Fund-Fixed Pricing - Monthly Dividend Option;;INF515L01072;1030.6956;1030.6956;1030.6956;15-Dec-2012
101399;Sahara Liquid Fund-Variable Pricing - Daily Dividend option;;INF515L01080;1029.6089;1029.6089;1029.6089;15-Dec-2012
101402;Sahara Liquid Fund-Variable Pricing - Growth option;INF515L01114;;2087.0196;2087.0196;2087.0196;15-Dec-2012
101400;Sahara Liquid Fund-Variable Pricing - Weekly Dividend Option;;INF515L01098;1031.4116;1031.4116;1031.4116;15-Dec-2012
101401;Sahara Liquid Fund-Variable Pricing- Monthly Dividend Option;;INF515L01106;1035.0703;1035.0703;1035.0703;15-Dec-2012

Open Ended Schemes ( Debt Scheme - Overnight Fund )


SBI Mutual Fund
114297;SBI Overnight Fund - Regular Plan - Daily Income Distribution cum Capital Withdrawal Option (IDCW);;INF200K01LN6;1009.9100;1009.9100;1009.9100;15-Dec-2012
101206;SBI OVERNIGHT FUND - REGULAR PLAN - GROWTH;INF200K01LQ9;;1967.0418;1967.0418;1967.0418;15-Dec-2012
103140;SBI Overnight Fund - Regular Plan - Weekly Income Distribution cum Capital Withdrawal Option (IDCW);INF200K01LO4;INF200K01LP1;1031.1903;1031.1903;1031.1903;15-Dec-2012

Open Ended Schemes ( Debt Scheme - Liquid Fund )


Axis Mutual Fund
112211;Axis Liquid Fund - Regular Plan - Daily IDCW;;INF846K01420;1000.1107;1000.1107;1000.1107;15-Dec-2012
112210;Axis Liquid Fund - Regular Plan - Growth Option;INF846K01412;;1268.2398;1268.2398;1268.2398;15-Dec-2012
112213;Axis Liquid Fund - Regular Plan - Monthly IDCW;INF846K01453;INF846K01461;1004.3896;1004.3896;1004.3896;15-Dec-2012
112212;Axis Liquid Fund - Regular Plan - Weekly IDCW;INF846K01438;INF846K01446;1003.2385;1003.2385;1003.2385;15-Dec-2012
112712;Axis Liquid Fund - Retail Plan - Daily IDCW;;INF846K01362;1000.1107;1000.1107;1000.1107;15-Dec-2012
112713;Axis Liquid Fund - Retail Plan - Growth Option;INF846K01354;;1237.5516;1237.5516;1237.5516;15-Dec-2012
112714;Axis Liquid Fund - Retail Plan - Monthly IDCW;INF846K01396;INF846K01404;1004.1806;1004.1806;1004.1806;15-Dec-2012
112715;Axis Liquid Fund - Retail Plan - Weekly IDCW;INF846K01370;INF846K01388;1001.2013;1001.2013;1001.2013;15-Dec-2012

Bandhan Mutual Fund
108692;BANDHAN LIQUID Fund - Regular Plan - Daily IDCW;INF194K01VZ4;INF194K01VY7;1000.2500;1000.2500;1000.2500;15-Dec-2012
108690;BANDHAN LIQUID Fund - Regular Plan - Growth;INF194K01VX9;;1391.3377;1391.3377;1391.3377;15-Dec-2012
108693;BANDHAN LIQUID Fund - Regular Plan - Monthly IDCW;INF194K01WF4;INF194K01WE7;1003.7124;1003.7124;1003.7124;15-Dec-2012
115489;BANDHAN LIQUID Fund - Regular Plan - Periodic IDCW;INF194K01WC1;INF194K01WB3;1096.4668;1096.4668;1096.4668;15-Dec-2012
108691;BANDHAN LIQUID Fund - Regular Plan - Weekly IDCW;INF194K01WI8;INF194K01WH0;1000.3317;1000.3317;1000.3317;15-Dec-2012
108779;BANDHAN Liquid Fund-Plan A-Dividend (Daily);INF194K01VC3;INF194K01VB5;1058.1900;1058.1900;1058.1900;15-Dec-2012
108778;BANDHAN Liquid Fund-Plan A-Growth;INF194K01UX1;;2012.8171;2012.8171;2012.8171;15-Dec-2012
115486;BANDHAN Liquid Fund-Plan A-Monthly;INF194K01VF6;INF194K01VE9;1003.4553;1003.4553;1003.4553;15-Dec-2012
115487;BANDHAN Liquid Fund-Plan A-Periodic Dividend;INF194K01UZ6;INF194K01UY9;1090.0724;1090.0724;1090.0724;15-Dec-2012
108607;BANDHAN Liquid Fund - Plan A-Dividend (Weekly);INF194K01VI0;INF194K01VH2;1001.2244;1001.2244;1001.2244;15-Dec-2012
108781;BANDHAN Liquid Fund - Plan B (G) (Institutional Plan);INF194K01VK6;;2033.2856;2033.2856;2033.2856;15-Dec-2012
108629;BANDHAN Liquid Fund - Plan B - Dividend-Weekly;INF194K01VS9;INF194K01VR1;1000.3173;1000.3173;1000.3173;15-Dec-2012
108681;BANDHAN Liquid Fund - Plan B-Daily-Dividend(Institutional Plan);INF194K01VM2;INF194K01VL4;1058.7300;1058.7300;1058.7300;15-Dec-2012

Canara Robeco Mutual Fund
109349;CANARA ROBECO LIQUID FUND - REGULAR PLAN - DAILY IDCW (Reinvestment);;INF760K01CU3;1005.5000;1005.5000;1005.5000;15-Dec-2012
109353;CANARA ROBECO LIQUID FUND - REGULAR PLAN - GROWTH OPTION;INF760K01CW9;;1391.5464;1391.5464;1391.5464;15-Dec-2012
109351;CANARA ROBECO LIQUID FUND - REGULAR PLAN - MONTHLY IDCW (Payout/Reinvestment);INF760K01CX7;INF760K01CY5;1003.9030;1003.9030;1003.9030;15-Dec-2012
109350;CANARA ROBECO LIQUID FUND - REGULAR PLAN - WEEKLY IDCW (Payout/Reinvestment);INF760K01BZ4;INF760K01CZ2;1000.6965;1000.6965;1000.6965;15-Dec-2012
101363;Canara Robeco Liquid Fund- INSTITUTIONAL-Daily Dividend Reinvestment;;INF760K01CC1;1005.5000;1005.5000;1005.5000;15-Dec-2012
101362;Canara Robeco Liquid Fund- INSTITUTIONAL-Growth;INF760K01CD9;;2061.5796;2061.5796;2061.5796;15-Dec-2012
101361;Canara Robeco Liquid Fund- INSTITUTIONAL-Weekly dividend;;INF760K01CE7;1000.0000;1000.0000;1000.0000;15-Dec-2012
109355;Canara Robeco Liquid Fund-Regular Plan-Fortnightly Div Reinvest.;;INF760K01951;1002.2727;1002.2727;1002.2727;15-Dec-2012
101364;Canara Robeco Liquid Fund-Retail-DRI;;INF760K01CF4;1007.0000;1007.0000;1007.0000;15-Dec-2012
109346;Canara Robeco Liquid Fund-Retail-Fortnightly Div Reinvest;;INF760K01CG2;1000.0000;1000.0000;1000.0000;15-Dec-2012
101365;Canara Robeco Liquid Fund-Retail-Growth;INF760K01CH0;;2033.7693;2033.7693;2033.7693;15-Dec-2012
109347;Canara Robeco Liquid Fund-Retail-Monthly Div Reinvest;;INF760K01CI8;1008.9119;1008.9119;1008.9119;15-Dec-2012
109356;Canara Robeco Liquid Fund-Retail-Weekly Div Reinvest;;INF760K01CJ6;1006.1229;1006.1229;1006.1229;15-Dec-2012

L&T Mutual Fund
112445;L&T Liquid Fund -Regular Plan - Daily IDCW;INF917K01JB4;;1011.6349;1011.6349;1011.6349;15-Dec-2012
112457;L&T Liquid Fund -Regular Plan - Growth;INF917K01JH1;;1569.7818;1569.7818;1569.7818;15-Dec-2012
112456;L&T Liquid Fund-Cum -Institutional Plus;INF917K01BJ4;;2295.4924;2295.4924;2295.4924;15-Dec-2012
112442;L&T Liquid Fund-Regular Cumulative;INF917K01BF2;;2236.0167;2236.0167;2236.0167;15-Dec-2012
112483;L&T Liquid Fund - Institutional Plus Weekly Dividend;INF917K01BH8;INF917K01BI6;1494.8035;1494.8035;1494.8035;15-Dec-2012

LIC Mutual Fund
101184;LIC MF Liquid Fund-Regular Plan-Daily IDCW;INF767K01IQ3;INF767K01IR1;10.9801;10.9801;10.9801;15-Dec-2012
101185;LIC MF Liquid Fund-Regular Plan-Growth;INF767K01IS9;;20.7737;20.7737;20.7737;15-Dec-2012

quant Mutual Fund
103225;quant Liquid Fund - Growth Option - Regular Plan;INF966L01317;;17.6262;17.6262;17.6262;15-Dec-2012
103228;quant Liquid Fund - Monthly IDCW Option - Regular Plan;INF966L01291;INF966L01309;15.0788;15.0788;15.0788;15-Dec-2012
103227;quant Liquid Fund - Weekly IDCW Option - Regular Plan;INF966L01499;INF966L01283;13.3598;13.3598;13.3598;15-Dec-2012
103226;quant Liquid Fund-Daily IDCW Option - Regular Plan;;INF966L01275;13.7347;13.7347;13.7347;15-Dec-2012

SBI Mutual Fund
105274;SBI Liquid Fund - Institutional - Growth;INF200K01LU1;;1816.3902;1816.3902;1816.3902;15-Dec-2012
105275;SBI Liquid Fund - Institutional Daily Income Distribution cum Capital Withdrawal Option (IDCW);;INF200K01LR7;1003.2500;1003.2500;1003.2500;15-Dec-2012
105279;SBI Liquid Fund - Institutional Fortnightly Income Distribution cum Capital Withdrawal Option (IDCW);INF200K01LS5;INF200K01LT3;1024.7836;1024.7836;1024.7836;15-Dec-2012
105278;SBI Liquid Fund - Institutional Weekly Income Distribution cum Capital Withdrawal Option (IDCW);INF200K01LV9;INF200K01LW7;1060.3503;1060.3503;1060.3503;15-Dec-2012
105281;SBI Liquid Fund - Regular Plan - Daily Income Distribution cum Capital Withdrawal Option (IDCW);;INF200K01LX5;1003.2500;1003.2500;1003.2500;15-Dec-2012
105283;SBI Liquid Fund - Regular Plan - Fortnightly Income Distribution cum Capital Withdrawal Option (IDCW);INF200K01LY3;INF200K01LZ0;1013.5486;1013.5486;1013.5486;15-Dec-2012
105282;SBI Liquid Fund - Regular Plan - Weekly Income Distribution cum Capital Withdrawal Option (IDCW);INF200K01MB9;INF200K01MC7;1061.0596;1061.0596;1061.0596;15-Dec-2012
105280;SBI Liquid Fund - REGULAR PLAN -Growth;INF200K01MA1;;1798.8316;1798.8316;1798.8316;15-Dec-2012

Sundaram Mutual Fund
102701;Sundaram Money Fund Institutional Plan - Daily Reinvestment of Income Distribution cum Capital Withdrawal (IDCW);;INF903J01GP2;10.0953;10.0953;10.0953;15-Dec-2012
102702;Sundaram Money Fund Institutional Plan - Fortnightly Reinvestment of Income Distribution cum Capital Withdrawal (IDCW);;INF903J01GR8;0.0000;0.0000;0.0000;15-Dec-2012
102703;Sundaram Money Fund Institutional Plan - Growth;INF903J01GN7;;23.5290;23.5290;23.5290;15-Dec-2012
102704;Sundaram Money Fund Institutional Plan - Monthly Income Distribution cum Capital Withdrawal (IDCW);INF903J01GO5;INF903J01GS6;10.4222;10.4222;10.4222;15-Dec-2012
102705;Sundaram Money Fund Institutional Plan - Quarterly Reinvestment of Income Distribution cum Capital Withdrawal (IDCW);;INF903J01GT4;0.0000;0.0000;0.0000;15-Dec-2012
102706;Sundaram Money Fund Institutional Plan - Weekly Reinvestment of Income Distribution cum Capital Withdrawal (IDCW);;INF903J01GQ0;0.0000;0.0000;0.0000;15-Dec-2012
103392;Sundaram Money Fund Regular Plan - Daily Reinvestment of Income Distribution cum Capital Withdrawal (IDCW);;INF903J01GW8;10.0953;10.0953;10.0953;15-Dec-2012
103395;Sundaram Money Fund Regular Plan - Fortnightly Reinvestment of Income Distribution cum Capital Withdrawal (IDCW);;INF903J01GY4;0.0000;0.0000;0.0000;15-Dec-2012
103397;Sundaram Money Fund Regular Plan - Growth;INF903J01GU2;;24.1262;24.1262;24.1262;15-Dec-2012
103396;Sundaram Money Fund Regular Plan - Monthly Income Distribution cum Capital Withdrawal (IDCW);INF903J01GV0;INF903J01GZ1;10.3529;10.3529;10.3529;15-Dec-2012
103393;Sundaram Money Fund Regular Plan - Quarterly Reinvestment of Income Distribution cum Capital Withdrawal (IDCW);;INF903J01HA2;0.0000;0.0000;0.0000;15-Dec-2012
100620;Sundaram Money Fund Retail Plan - Daily Reinvestment of Income Distribution cum Capital Withdrawal (IDCW);;INF903J01GI7;10.0953;10.0953;10.0953;15-Dec-2012
100622;Sundaram Money Fund Retail Plan - Fortnightly Reinvestment of Income Distribution cum Capital Withdrawal (IDCW);;INF903J01GK3;10.5582;10.5582;10.5582;15-Dec-2012
100618;Sundaram Money Fund Retail Plan - Growth;INF903J01GG1;;22.5517;22.5517;22.5517;15-Dec-2012
100623;Sundaram Money Fund Retail Plan - Monthly Income Distribution cum Capital Withdrawal (IDCW);INF903J01GH9;INF903J01GL1;10.3598;10.3598;10.3598;15-Dec-2012
100619;Sundaram Money Fund Retail Plan - Quarterly Reinvestment of Income Distribution cum Capital Withdrawal (IDCW);;INF903J01GM9;12.6201;12.6201;12.6201;15-Dec-2012
100621;Sundaram Money Fund Retail Plan - Weekly Reinvestment of Income Distribution cum Capital Withdrawal (IDCW);;INF903J01GJ5;10.9121;10.9121;10.9121;15-Dec-2012
103394;Sundaram Money Fund Regular Plan - Weekly Reinvestment of Income Distribution cum Capital Withdrawal (IDCW);;INF903J01GX6;10.9533;10.9533;10.9533;15-Dec-2012

Taurus Mutual Fund
111915;Taurus Liquid Fund - Regular Plan - SI Growth Option;INF044D01534;;1234.3023;1234.3023;1234.3023;15-Dec-2012
113248;Taurus Liquid Fund - Regular Plan - SI Weekly Dividend Option;;INF044D01526;1000.4709;1000.4709;1000.4709;15-Dec-2012
111703;Taurus Liquid Fund - Regular Plan -SI Daily Dividend Option;;INF044D01518;1000.0905;1000.0905;1000.0905;15-Dec-2012
111547;Taurus Liquid Fund Insti DDRIP;;INF044D01484;1000.0905;1000.0905;1000.0905;15-Dec-2012
111760;Taurus Liquid Fund Insti Growth;INF044D01500;;1257.3570;1257.3570;1257.3570;15-Dec-2012
104240;Taurus Liquid Fund-Dividend;INF044D01542;INF044D01559;1001.2175;1001.2175;1001.2175;15-Dec-2012
104241;Taurus Liquid Fund-Growth;INF044D01575;;1492.7650;1492.7650;1492.7650;15-Dec-2012

UTI Mutual Fund
102010;UTI Liquid Fund - Regular Plan - Daily IDCW (Reinvestment);;INF789F01PG3;1019.4457;1019.4457;1019.4457;15-Dec-2012
102011;UTI Liquid Fund - Regular Plan - Monthly IDCW;INF789F01PI9;INF789F01PJ7;1027.9921;1027.9921;1027.9921;15-Dec-2012
102013;UTI Liquid Fund - Regular Plan - Weekly IDCW;;INF789F01PK5;1053.7106;1053.7106;1053.7106;15-Dec-2012
102012;UTI-  Liquid Cash Plan - Regular Plan - Growth Option;INF789F01PH1;;1877.064;1877.064;1877.064;15-Dec-2012
102008;UTI-  Liquid Cash Plan- Discontinued - Regular Plan - Monthly Dividend Option;INF789F01BC2;INF789F01BA6;1122.8154;1122.8154;0;15-Dec-2012
102009;UTI-  Liquid Cash Plan- Discontinued - Regular Plan -Growth;INF789F01BB4;;1822.7345;1822.7345;0;15-Dec-2012
102007;UTI-  Liquid Cash Plan- Discontinued -Regular Plan Periodic Dividend Option;;INF789F01AZ5;1142.241;1142.241;0;15-Dec-2012

Open Ended Schemes ( Debt Scheme - Ultra Short Duration Fund )


SBI Mutual Fund
105080;SBI Ultra Short Duration Fund - Regular Plan - Daily Income Distribution cum Capital Withdrawal Option (IDCW);;INF200K01LK2;1675.0300;1675.0300;1675.0300;15-Dec-2012
100641;SBI ULTRA SHORT DURATION FUND - REGULAR PLAN - GROWTH;INF200K01LJ4;;2529.9102;2529.9102;2529.9102;15-Dec-2012
103884;SBI Ultra Short Duration Fund - Regular Plan - Weekly Income Distribution cum Capital Withdrawal Option (IDCW);INF200K01LM8;INF200K01LL0;1077.5805;1077.5805;1077.5805;15-Dec-2012

Open Ended Schemes ( Debt Scheme - Money Market Fund )


UTI Mutual Fund
112077;UTI MMF - Regular Plan - Growth Option;INF789F01PX8;;1281.6273;1281.6273;1281.6273;15-Dec-2012
100724;UTI MMF- Discontinued - Regular Plan - Flexi Dividend Option;;INF789F01BD0;2015.0183;2015.0183;0;15-Dec-2012
100725;UTI MMF- Discontinued - Regular Plan - Periodic Dividend Option;INF789F01BE8;;2005.5147;2005.5147;0;15-Dec-2012
100723;UTI MMF-Discontinued - Regular Plan -Growth;INF789F01BF5;;3151.8965;3151.8965;0;15-Dec-2012
112076;UTI Money Market Fund - Regular Plan - Daily IDCW (Reinvestment);;INF789F01PW0;1003.3854;1003.3854;1003.3854;15-Dec-2012
112635;UTI Money Market Fund - Regular Plan - Weekly IDCW;INF789F01PY6;INF789F01PZ3;1015.226;1015.226;1015.226;15-Dec-2012

Close Ended Schemes ( Income )


SBI Mutual Fund
114781;SBI Capital Protection Oriented Fund - Series II -;INF200K01ED2;;11.6172;N.A.;N.A.;15-Dec-2012
115824;SBI Capital Protection Oriented Fund - Series III - Growth;INF200K01IH4;;11.2405;N.A.;N.A.;15-Dec-2012
116872;SBI DEBT FUND SERIES - 13 MONTHS - 12 - DIVIDEND;INF200K01KW9;;10.8378;N.A.;N.A.;15-Dec-2012
116873;SBI DEBT FUND SERIES - 13 MONTHS - 12 - GROWTH;INF200K01KV1;;10.8378;N.A.;N.A.;15-Dec-2012
117054;SBI DEBT FUND SERIES - 13 MONTHS - 13 - DIVIDEND;INF200K01KY5;;10.8142;N.A.;N.A.;15-Dec-2012
117055;SBI DEBT FUND SERIES - 13 MONTHS - 13 - GROWTH;INF200K01KX7;;10.8141;N.A.;N.A.;15-Dec-2012
117110;SBI DEBT FUND SERIES - 15 MONTHS - 10 - DIVIDEND;INF200K01LG0;;10.6881;N.A.;N.A.;15-Dec-2012
117111;SBI DEBT FUND SERIES - 15 MONTHS - 10 - GROWTH;INF200K01LF2;;10.6881;N.A.;N.A.;15-Dec-2012
116505;SBI DEBT FUND SERIES - 15 MONTHS - 7 - DIVIDEND;INF200K01LA3;;10.8854;N.A.;N.A.;15-Dec-2012
116506;SBI DEBT FUND SERIES - 15 MONTHS - 7 - GROWTH;INF200K01KZ2;;10.8852;N.A.;N.A.;15-Dec-2012
116546;SBI DEBT FUND SERIES - 15 MONTHS - 8 - DIVIDEND;INF200K01LC9;;10.8301;N.A.;N.A.;15-Dec-2012
116545;SBI DEBT FUND SERIES - 15 MONTHS - 8 - GROWTH;INF200K01LB1;;10.8301;N.A.;N.A.;15-Dec-2012
116750;SBI DEBT FUND SERIES - 15 MONTHS - 9 - DIVIDEND;INF200K01LE5;;10.7415;N.A.;N.A.;15-Dec-2012
116751;SBI DEBT FUND SERIES - 15 MONTHS - 9 - GROWTH;INF200K01LD7;;10.7415;N.A.;N.A.;15-Dec-2012
116408;SBI DEBT FUND SERIES - 18 MONTHS - 10 - DIVIDEND;INF200K01LI6;;10.8928;N.A.;N.A.;15-Dec-2012
116407;SBI DEBT FUND SERIES - 18 MONTHS - 10 - GROWTH;INF200K01LH8;;10.8928;N.A.;N.A.;15-Dec-2012
117983;SBI DEBT FUND SERIES - 18 MONTHS - 11 - DIVIDEND;INF200K01PW8;;10.0944;N.A.;N.A.;15-Dec-2012
117984;SBI DEBT FUND SERIES - 18 MONTHS - 11 - GROWTH;INF200K01PV0;;10.0944;N.A.;N.A.;15-Dec-2012
115899;SBI DEBT FUND SERIES - 18 Months - 7 - DIVIDEND;INF200K01GX5;;11.1115;N.A.;N.A.;15-Dec-2012
115900;SBI DEBT FUND SERIES - 18 Months - 7 - GROWTH;INF200K01GW7;;11.1115;N.A.;N.A.;15-Dec-2012
116016;SBI DEBT FUND SERIES - 18 Months - 8 - DIVIDEND;INF200K01GY3;;11.1281;N.A.;N.A.;15-Dec-2012
116017;SBI DEBT FUND SERIES - 18 Months - 8 - GROWTH;INF200K01GZ0;;11.1321;N.A.;N.A.;15-Dec-2012
116400;SBI DEBT FUND SERIES - 18 MONTHS - 9 - DIVIDEND;INF200K01JI0;;10.9249;N.A.;N.A.;15-Dec-2012
116399;SBI DEBT FUND SERIES - 18 MONTHS - 9 - GROWTH;INF200K01JH2;;10.9249;N.A.;N.A.;15-Dec-2012
115263;SBI SDFS - 36 MONTHS - 1 - DIVIDEND;INF200K01EC4;;10.9056;N.A.;N.A.;15-Dec-2012
115262;SBI SDFS - 36 MONTHS - 1 - GROWTH;INF200K01EB6;;11.6257;N.A.;N.A.;15-Dec-2012
117252;SBI DEBT FUND SERIES - 366 DAYS - 1 - DIVIDEND;INF200K01NA9;;10.6484;N.A.;N.A.;15-Dec-2012
117253;SBI DEBT FUND SERIES - 366 DAYS - 1 - GROWTH;INF200K01MZ8;;10.6484;N.A.;N.A.;15-Dec-2012
117739;SBI DEBT FUND SERIES - 366 DAYS - 10 - DIVIDEND;INF200K01NY9;;10.3613;N.A.;N.A.;15-Dec-2012
117740;SBI DEBT FUND SERIES - 366 DAYS - 10 - GROWTH;INF200K01NX1;;10.3613;N.A.;N.A.;15-Dec-2012
117780;SBI DEBT FUND SERIES - 366 DAYS - 11 - DIVIDEND;INF200K01OY7;;10.3167;N.A.;N.A.;15-Dec-2012
117781;SBI DEBT FUND SERIES - 366 DAYS - 11 - GROWTH;INF200K01OX9;;10.3167;N.A.;N.A.;15-Dec-2012
117822;SBI DEBT FUND SERIES - 366 DAYS - 12 - DIVIDEND;INF200K01PA4;;10.2855;N.A.;N.A.;15-Dec-2012
117821;SBI DEBT FUND SERIES - 366 DAYS - 12 - GROWTH;INF200K01OZ4;;10.2855;N.A.;N.A.;15-Dec-2012
117833;SBI DEBT FUND SERIES - 366 DAYS - 13 - DIVIDEND;INF200K01PC0;;10.2467;N.A.;N.A.;15-Dec-2012
117832;SBI DEBT FUND SERIES - 366 DAYS - 13 - GROWTH;INF200K01PB2;;10.2467;N.A.;N.A.;15-Dec-2012
117857;SBI DEBT FUND SERIES - 366 DAYS - 14 - DIVIDEND;INF200K01PE6;;10.2381;N.A.;N.A.;15-Dec-2012
117858;SBI DEBT FUND SERIES - 366 DAYS - 14 - GROWTH;INF200K01PD8;;10.2380;N.A.;N.A.;15-Dec-2012
117917;SBI DEBT FUND SERIES - 366 DAYS - 15 - DIVIDEND;INF200K01PG1;;10.1917;N.A.;N.A.;15-Dec-2012
117918;SBI DEBT FUND SERIES - 366 DAYS - 15 - GROWTH;INF200K01PF3;;10.1917;N.A.;N.A.;15-Dec-2012
117987;SBI DEBT FUND SERIES - 366 DAYS - 16 - DIVIDEND;INF200K01PI7;;10.0887;N.A.;N.A.;15-Dec-2012
117986;SBI DEBT FUND SERIES - 366 DAYS - 16 - GROWTH;INF200K01PH9;;10.0887;N.A.;N.A.;15-Dec-2012
117997;SBI DEBT FUND SERIES - 366 DAYS - 17 - DIVIDEND;INF200K01PK3;;10.0666;N.A.;N.A.;15-Dec-2012
117996;SBI DEBT FUND SERIES - 366 DAYS - 17 - GROWTH;INF200K01PJ5;;10.0666;N.A.;N.A.;15-Dec-2012
118011;SBI DEBT FUND SERIES - 366 DAYS - 18 - DIVIDEND;INF200K01PM9;;10.0401;N.A.;N.A.;15-Dec-2012
118012;SBI DEBT FUND SERIES - 366 DAYS - 18 - GROWTH;INF200K01PL1;;10.0401;N.A.;N.A.;15-Dec-2012
117294;SBI DEBT FUND SERIES - 366 DAYS - 2 - DIVIDEND;INF200K01NC5;;10.6198;N.A.;N.A.;15-Dec-2012
117295;SBI DEBT FUND SERIES - 366 DAYS - 2 - GROWTH;INF200K01NB7;;10.6198;N.A.;N.A.;15-Dec-2012
117335;SBI DEBT FUND SERIES - 366 DAYS - 3 - DIVIDEND;INF200K01NE1;;10.6158;N.A.;N.A.;15-Dec-2012
117336;SBI DEBT FUND SERIES - 366 DAYS - 3 - GROWTH;INF200K01ND3;;10.6158;N.A.;N.A.;15-Dec-2012
117408;SBI DEBT FUND SERIES - 366 DAYS - 4 - DIVIDEND;INF200K01NG6;;10.5723;N.A.;N.A.;15-Dec-2012
117407;SBI DEBT FUND SERIES - 366 DAYS - 4 - GROWTH;INF200K01NF8;;10.5723;N.A.;N.A.;15-Dec-2012
117475;SBI DEBT FUND SERIES - 366 DAYS - 5 - DIVIDEND;INF200K01NI2;;10.5732;N.A.;N.A.;15-Dec-2012
117476;SBI DEBT FUND SERIES - 366 DAYS - 5 - GROWTH;INF200K01NH4;;10.5732;N.A.;N.A.;15-Dec-2012
117557;SBI DEBT FUND SERIES - 366 DAYS - 6 - DIVIDEND;INF200K01NQ5;;10.4756;N.A.;N.A.;15-Dec-2012
117558;SBI DEBT FUND SERIES - 366 DAYS - 6 - GROWTH;INF200K01NP7;;10.4756;N.A.;N.A.;15-Dec-2012
117625;SBI DEBT FUND SERIES - 366 DAYS - 7 - DIVIDEND;INF200K01NS1;;10.4849;N.A.;N.A.;15-Dec-2012
117626;SBI DEBT FUND SERIES - 366 DAYS - 7 - GROWTH;INF200K01NR3;;10.4849;N.A.;N.A.;15-Dec-2012
117695;SBI DEBT FUND SERIES - 366 DAYS - 8 - DIVIDEND;INF200K01NU7;;10.4044;N.A.;N.A.;15-Dec-2012
117696;SBI DEBT FUND SERIES - 366 DAYS - 8 - GROWTH;INF200K01NT9;;10.4044;N.A.;N.A.;15-Dec-2012
117707;SBI DEBT FUND SERIES - 366 DAYS - 9 - DIVIDEND;INF200K01NW3;;10.3724;N.A.;N.A.;15-Dec-2012
117708;SBI DEBT FUND SERIES - 366 DAYS - 9 - GROWTH;INF200K01NV5;;10.3724;N.A.;N.A.;15-Dec-2012
116405;SBI DEBT FUND SERIES - 367 DAYS - 12 - DIVIDEND;INF200K01GV9;;10.9337;N.A.;N.A.;15-Dec-2012
116406;SBI DEBT FUND SERIES - 367 DAYS - 12 - GROWTH;INF200K01GU1;;10.9337;N.A.;N.A.;15-Dec-2012
116466;SBI DEBT FUND SERIES - 367 DAYS - 13 - DIVIDEND;INF200K01KI8;;10.9006;N.A.;N.A.;15-Dec-2012
116467;SBI DEBT FUND SERIES - 367 DAYS - 13 - GROWTH;INF200K01KH0;;10.9006;N.A.;N.A.;15-Dec-2012
116602;SBI DEBT FUND SERIES - 367 DAYS - 14 - DIVIDEND;INF200K01KK4;;10.8697;N.A.;N.A.;15-Dec-2012
116603;SBI DEBT FUND SERIES - 367 DAYS - 14 - GROWTH;INF200K01KJ6;;10.8697;N.A.;N.A.;15-Dec-2012
116624;SBI DEBT FUND SERIES - 367 DAYS - 15 - DIVIDEND;INF200K01KM0;;10.8029;N.A.;N.A.;15-Dec-2012
116625;SBI DEBT FUND SERIES - 367 DAYS - 15 - GROWTH;INF200K01KL2;;10.8029;N.A.;N.A.;15-Dec-2012
116687;SBI DEBT FUND SERIES - 367 DAYS - 16 - DIVIDEND;INF200K01KO6;;10.8466;N.A.;N.A.;15-Dec-2012
116686;SBI DEBT FUND SERIES - 367 DAYS - 16 - GROWTH;INF200K01KN8;;10.8466;N.A.;N.A.;15-Dec-2012
117142;SBI DEBT FUND SERIES - 367 DAYS - 17 - DIVIDEND;INf200K01KQ1;;10.7101;N.A.;N.A.;15-Dec-2012
117143;SBI DEBT FUND SERIES - 367 DAYS - 17 - GROWTH;INF200K01KP3;;10.8133;N.A.;N.A.;15-Dec-2012
117184;SBI DEBT FUND SERIES - 367 DAYS - 18 - DIVIDEND;INF200K01KS7;;10.7371;N.A.;N.A.;15-Dec-2012
117183;SBI DEBT FUND SERIES - 367 DAYS - 18 - GROWTH;INF200K01KR9;;10.7371;N.A.;N.A.;15-Dec-2012
117189;SBI DEBT FUND SERIES - 367 DAYS - 19 - DIVIDEND;INF200K01KU3;;10.7787;N.A.;N.A.;15-Dec-2012
117190;SBI DEBT FUND SERIES - 367 DAYS - 19 - GROWTH;INF200K01KT5;;10.7787;N.A.;N.A.;15-Dec-2012
113321;SBI Debt Fund Series - 60 Months - 1 - Dividend;INF200K01CQ8;;11.7542;N.A.;N.A.;15-Dec-2012
113401;SBI Debt Fund Series - 60 Months - 1 - Growth;INF200K01CP0;;11.7541;N.A.;N.A.;15-Dec-2012
117900;SBI DEBT FUND SERIES - 90 DAYS - 70 - DIVIDEND;INF200K01OC3;;10.1974;N.A.;N.A.;15-Dec-2012
117901;SBI DEBT FUND SERIES - 90 DAYS - 70 - GROWTH;INF200K01OB5;;10.1974;N.A.;N.A.;15-Dec-2012
117919;SBI DEBT FUND SERIES - 90 DAYS - 71 - DIVIDEND;INF200K01OE9;;10.1791;N.A.;N.A.;15-Dec-2012
117920;SBI DEBT FUND SERIES - 90 DAYS - 71 - GROWTH;INF200K01OD1;;10.1791;N.A.;N.A.;15-Dec-2012
