Scheme Code;Scheme Name;ISIN Div Payout/ISIN Growth;ISIN Div Reinvestment;Net Asset Value;Repurchase Price;Sale Price;Date

Open Ended Schemes ( Liquid )


Daiwa Mutual Fund
119179;Daiwa Liquid Fund - Direct - Daily Dividend;;;1000.5200;1000.5200;1000.5200;09-Sep-2013
119181;Daiwa Liquid Fund - Direct - Growth;;;1359.6724;1359.6724;1359.6724;09-Sep-2013
114519;Daiwa Liquid Fund - Regular - Daily Dividend;;INF752K01222;1000.5200;1000.5200;1000.5200;09-Sep-2013
114514;Daiwa Liquid Fund - Regular - Growth;INF752K01230;;1359.2962;1359.2962;1359.2962;09-Sep-2013
114518;Daiwa Liquid Fund - Regular - Weekly Dividend;;INF752K01248;1014.0899;1014.0899;1014.0899;09-Sep-2013

Deutsche Mutual Fund
122676;DWS INSTA CASH PLUS FUND - Annual Bonus Option;INF223J01WV0;;158.0893;158.0893;158.0893;09-Sep-2013
116363;DWS Insta Cash Plus Fund - Annual Dividend Option;INF223J01IP1;INF223J01IQ9;108.714;108.714;108.714;09-Sep-2013
106468;DWS INSTA CASH PLUS FUND - BONUS OPTION;INF223J01BQ4;;108.0717;108.0717;108.0717;09-Sep-2013
119003;DWS Insta Cash Plus Fund - Direct Plan -  Regular Bonus;INF223J01NQ9;;108.1154;108.1154;108.1154;09-Sep-2013
118997;DWS Insta Cash Plus Fund - Direct Plan - Annual Dividend;INF223J01NO4;INF223J01NP1;108.7899;108.7899;108.7899;09-Sep-2013
118998;DWS Insta Cash Plus Fund - Direct Plan - Daily Dividend;;INF223J01NR7;100.304;100.304;100.304;09-Sep-2013
119000;DWS Insta Cash Plus Fund - Direct Plan - Growth;INF223J01NS5;;158.2088;158.2088;158.2088;09-Sep-2013
122205;DWS Insta Cash Plus Fund - Direct Plan -Monthly Bonus;INF223J01VE8;;103.6664;103.6664;103.6664;09-Sep-2013
106470;DWS Insta Cash Plus Fund - Monthly Dividend;INF223J01BR2;INF223J01BS0;103.7656;103.7656;103.7656;09-Sep-2013
105672;DWS INSTA CASH PLUS FUND - Regular Plan BONUS OPTION;INF223J01BH3;;10.5599;10.5599;10.5599;09-Sep-2013
106472;DWS Insta Cash Plus Fund - Weekly Dividend;INF223J01BT8;INF223J01BU6;100.5868;100.5868;100.5868;09-Sep-2013
106471;DWS Insta Cash Plus Fund -Growth;INF223J01BP6;;158.0838;158.0838;158.0838;09-Sep-2013
106467;DWS Insta Cash Plus Fund-Daily Dividend;;INF223J01BO9;100.304;100.304;100.304;09-Sep-2013
101718;DWS Insta Cash Plus Fund-DIVIDEND-Daily Dividend;;INF223J01BI1;10.301;10.301;10.301;09-Sep-2013
101717;DWS Insta Cash Plus Fund-DIVIDEND-MONTHLY DIVIDEND;INF223J01BK7;INF223J01BL5;10.5085;10.5085;10.5085;09-Sep-2013
101716;DWS Insta Cash Plus Fund-DIVIDEND-WEEKLY DIVIDEND;INF223J01BM3;INF223J01BN1;10.3587;10.3587;10.3587;09-Sep-2013
101719;DWS Insta Cash Plus Fund-Growth-GROWTH;INF223J01BJ9;;20.003;20.003;20.003;09-Sep-2013
101722;DWS Insta Cash Plus Fund-Institutional Plan-Daily Dividend;;INF223J01BA8;10.0516;10.0516;10.0516;09-Sep-2013
101721;DWS Insta Cash Plus Fund-Institutional Plan-Growth;INF223J01BB6;;18.97;18.97;18.97;09-Sep-2013
122206;DWS INSTA CASH PLUS FUND-Monthly Bonus Option;INF223J01VD0;;102.1293;102.1293;102.1293;09-Sep-2013
116368;DWS Insta CashPlus Fund - Quarterly Dividend Option;INF223J01IN6;INF223J01IO4;108.0958;108.0958;108.0958;09-Sep-2013
116370;DWS Treasury Fund - Cash Plan - Annual Dividend;INF223J01SF1;INF223J01SG9;114.9064;114.9064;114.9064;09-Sep-2013
114966;DWS Treasury Fund - Cash Plan - Bonus;INF223J01SA2;;104.216;104.216;104.216;09-Sep-2013
112228;DWS Treasury Fund - Cash Plan - Daily Dividend;;INF223J01SB0;100.391;100.391;100.391;09-Sep-2013
119014;DWS Treasury Fund - Cash Plan - Direct Plan - Bonus;INF223J01PE0;;178.6616;178.6616;178.6616;09-Sep-2013
119008;DWS Treasury Fund - Cash Plan - Direct Plan - Daily Dividend;;INF223J01PH3;100.391;100.391;100.391;09-Sep-2013
119009;DWS Treasury Fund - Cash Plan - Direct Plan - Growth;INF223J01PI1;;131.4361;131.4361;131.4361;09-Sep-2013
122210;DWS Treasury Fund - Cash Plan - Direct Plan - Monthly Bonus;INF223J01VO7;;103.824;103.824;103.824;09-Sep-2013
119013;DWS Treasury Fund - Cash Plan - Direct Plan - Weekly Dividend;INF223J01PN1;INF223J01PO9;109.6315;109.6315;109.6315;09-Sep-2013
112221;DWS Treasury Fund - Cash Plan - Growth;INF223J01SC8;;131.256;131.256;131.256;09-Sep-2013
112227;DWS Treasury Fund - Cash Plan - Institiutional - Daily Dividend;;INF223J01DZ1;100.497;100.497;100.497;09-Sep-2013
112222;DWS Treasury Fund - Cash Plan - Institiutional - Growth;INF223J01EA2;;135.4968;135.4968;135.4968;09-Sep-2013
122209;DWS Treasury Fund - Cash Plan - Monthly Bonus;INF223J01VN9;;103.6434;103.6434;103.6434;09-Sep-2013
112965;DWS Treasury Fund - Cash Plan - Monthly Dividend;INF223J01RW8;INF223J01RX6;105.9298;105.9298;105.9298;09-Sep-2013
116391;DWS Treasury Fund - Cash Plan - Quarterly Dividend;INF223J01SD6;INF223J01SE4;110.5714;110.5714;110.5714;09-Sep-2013
112964;DWS Treasury Fund - Cash Plan - Weekly Dividend;INF223J01RY4;INF223J01RZ1;109.5791;109.5791;109.5791;09-Sep-2013

Edelweiss Mutual Fund
109935;Edelweiss Liquid Fund - Daily Dividend Option;;INF754K01BG7;1000.2506;999.2503;1000.2506;09-Sep-2013
109946;Edelweiss Liquid Fund - Growth Option;INF754K01BC6;;1201.5051;1200.3036;1201.5051;09-Sep-2013
109944;Edelweiss Liquid Fund - Monthly Dividend Option;INF754K01BD4;INF754K01BF9;1002.9054;1001.9025;1002.9054;09-Sep-2013
109934;Edelweiss Liquid Fund - Retail Plan - Daily Dividend Option;;INF754K01AS4;1000.2505;999.2502;1000.2505;09-Sep-2013
109940;Edelweiss Liquid Fund - Retail Plan - Growth Option;INF754K01AO3;;1379.7937;1378.4139;1379.7937;09-Sep-2013
109939;Edelweiss Liquid Fund - Retail Plan - Monthly Dividend Option;INF754K01AP0;INF754K01AR6;1002.6700;1001.6673;1002.6700;09-Sep-2013
109937;Edelweiss Liquid Fund - Retail Plan - Weekly Dividend Option;;INF754K01AT2;1000.7779;999.7771;1000.7779;09-Sep-2013
109942;Edelweiss Liquid Fund - Weekly Dividend Option;;INF754K01BH5;1000.8287;999.8279;1000.8287;09-Sep-2013
118637;Edelweiss Liquid Fund-Direct Plan-Daily Dividend Option;;INF754K01DB4;1000.5961;999.5955;1000.5961;09-Sep-2013
118636;Edelweiss Liquid Fund-Direct Plan-Growth Option;INF754K01CX0;;1201.7428;1200.5411;1201.7428;09-Sep-2013

ING Mutual Fund
119935;ING Liquid Fund - Super Institutional Plan - Direct Plan - Growth Option;INF084M01BY8;;18.1292;18.1292;18.1292;09-Sep-2013
119933;ING Liquid Fund - Super Institutional Plan - Direct Plan- Daily Dividend Option;;INF084M01BZ5;10.0048;10.0048;10.0048;09-Sep-2013
119934;ING Liquid Fund - Super Institutional Plan - Direct Plan- Weekly Dividend Option;INF084M01CB4;INF084M01CA6;10.0299;10.0299;10.0299;09-Sep-2013
100198;ING Liquid Fund-Institutional Daily Dividend Option;INF084M01473;;10.0121;10.0121;10.0121;09-Sep-2013
100196;ING Liquid Fund-Institutional Growth Option;INF084M01465;;18.9098;18.9098;18.9098;09-Sep-2013
100197;ING Liquid Fund-Institutional Weekly Dividend Option;INF084M01499;INF084M01481;10.0758;10.0758;10.0758;09-Sep-2013
100192;ING Liquid Fund-Regular Daily Dividend Option;INF084M01432;;10.7873;10.7873;10.7873;09-Sep-2013
100190;ING Liquid Fund-Regular Growth Option;INF084M01424;;25.0169;25.0169;25.0169;09-Sep-2013
100191;ING Liquid Fund-Regular Weekly Dividend Option;INF084M01457;INF084M01440;10.8469;10.8469;10.8469;09-Sep-2013
100200;ING Liquid Fund-Super Institutional Daily Dividend Option;INF084M01515;;10.0048;10.0048;10.0048;09-Sep-2013
100199;ING Liquid Fund-Super Institutional Growth Option;INF084M01507;;18.1023;18.1023;18.1023;09-Sep-2013
100201;ING Liquid Fund-Super Institutional Weekly Dividend Option;INF084M01531;INF084M01523;10.0272;10.0272;10.0272;09-Sep-2013

Invesco Mutual Fund
122792;Religare Invesco Overnight Fund - Bonus Option;INF205K01UY3;;1436.2397;1436.2397;1436.2397;09-Sep-2013
106502;Religare Invesco Overnight Fund - Daily Dividend Reinvestment;;INF205K01HS2;1000.4309;1000.4309;1000.4309;09-Sep-2013
122793;Religare Invesco Overnight Fund - Direct Plan - Bonus Option;INF205K01VH6;;1439.8702;1439.8702;1439.8702;09-Sep-2013
120556;Religare Invesco Overnight Fund - Direct Plan - Daily Dividend Reinvestment;;INF205K01NC4;1000.0048;1000.0048;1000.0048;09-Sep-2013
120557;Religare Invesco Overnight Fund - Direct Plan - Growth;INF205K01ND2;;1439.9261;1439.9261;1439.9261;09-Sep-2013
106501;Religare Invesco Overnight Fund - Growth;INF205K01HR4;;1436.3037;1436.3037;1436.3037;09-Sep-2013

JM Financial Mutual Fund
122314;JM Floater Short Term Fund (Direct) - Bonus Option - Principal Units;INF192K01EV3;;19.0421;18.9945;19.0421;09-Sep-2013
120414;JM Floater Short Term Fund (Direct) - Daily Dividend Option;;INF192K01CF0;10.0883;10.0631;10.0883;09-Sep-2013
120415;JM Floater Short Term Fund (Direct) - Growth Option;INF192K01CG8;;19.0408;18.9932;19.0408;09-Sep-2013
122322;JM Floater Short Term Fund - Bonus Option - Principal Units;INF192K01ET7;;19.0146;18.9671;19.0146;09-Sep-2013
101420;JM Floater Short Term Fund - Daily Dividend Option;;INF192K01767;10.0883;10.0631;10.0883;09-Sep-2013
101421;JM Floater Short Term Fund - Growth Option;INF192K01775;;19.0146;18.9671;19.0146;09-Sep-2013

JPMorgan Mutual Fund
119902;JPMorgan India Liquid Fund - Direct Plan - Daily Dividend Option;;INF843K01BA1;10.0079;10.0079;10.0079;09-Sep-2013
119905;JPMorgan India Liquid Fund - Direct Plan - Growth Option;INF843K01AX5;;15.7944;15.7944;15.7944;09-Sep-2013
119906;JPMorgan India Liquid Fund - Direct Plan - Monthly Dividend Option;INF843K01BH6;INF843K01BD5;10.0723;10.0723;10.0723;09-Sep-2013
119904;JPMorgan India Liquid Fund - Direct Plan - Weekly Dividend Option;INF843K01BF0;INF843K01BB9;10.1496;10.1496;10.1496;09-Sep-2013
106562;JPMorgan India Liquid Fund - Retail Plan - Daily Dividend Option;;INF843K01203;10.015;10.015;10.015;09-Sep-2013
106561;JPMorgan India Liquid Fund - Retail Plan - Growth Option;INF843K01195;;14.417;14.417;14.417;09-Sep-2013
109179;JPMorgan India Liquid Fund - Retail Plan - Monthly Dividend Option;;INF843K01237;10.0533;10.0533;10.0533;09-Sep-2013
109177;JPMorgan India Liquid Fund - Retail Plan - Weekly Dividend Option;;INF843K01211;10.0314;10.0314;10.0314;09-Sep-2013
117751;JPMorgan India Liquid Fund - Super Institutional Plan - Annual Dividend Option;INF843K01831;INF843K01823;10.917;10.917;10.917;09-Sep-2013
110149;JPMorgan India Liquid Fund - Super Institutional Plan - Daily Dividend Option;;INF843K01153;10.0181;10.0181;10.0181;09-Sep-2013
110150;JPMorgan India Liquid Fund - Super Institutional Plan - Growth Option;INF843K01146;;15.783;15.783;15.783;09-Sep-2013
110151;JPMorgan India Liquid Fund - Super Institutional Plan - Monthly Dividend Option;INF843K01500;INF843K01187;10.0718;10.0718;10.0718;09-Sep-2013
110153;JPMorgan India Liquid Fund - Super Institutional Plan - Weekly Dividend Option;INF843K01484;INF843K01161;10.197;10.197;10.197;09-Sep-2013

Morgan Stanley Mutual Fund
119197;Morgan Stanley Liquid Fund - Direct Daily Dividend;;INF063A01563;1009.4013;1009.4013;1009.4013;09-Sep-2013
119173;Morgan Stanley Liquid Fund - Direct Growth Plan;INF063A01555;;1198.2698;1198.2698;1198.2698;09-Sep-2013
119200;Morgan Stanley Liquid Fund - Direct Monthly Dividend;INF063A01597;INF063A01589;1005.6923;1005.6923;1005.6923;09-Sep-2013
119198;Morgan Stanley Liquid Fund - Direct Weekly Dividend;INF063A01571;;1001.4159;1001.4159;1001.4159;09-Sep-2013
115812;MS Liquid Fund - Regular- Growth;INF063A01274;;1197.8036;1197.8036;1197.8036;09-Sep-2013
115814;MS Liquid Fund - Regular- Weekly Dividend Plan;;INF063A01290;1001.4080;1001.4080;1001.4080;09-Sep-2013
115813;MS Liquid Fund- Regular Daily Dividend Plan;;INF063A01282;1000.5001;1000.5001;1000.5001;09-Sep-2013
115815;MS Liquid Fund- Regular Monthly Dividend Plan;INF063A01316;INF063A01308;1004.1199;1004.1199;1004.1199;09-Sep-2013

PGIM India Mutual Fund
120102;DHFL Pramerica Liquid Fund - Direct Plan-Daily Dividend Option;;INF663L01633;1000.4200;1000.4200;1000.4200;09-Sep-2013
120104;DHFL Pramerica Liquid Fund - Direct Plan-Growth Option;INF663L01625;;1299.8716;1299.8716;1299.8716;09-Sep-2013
120105;DHFL Pramerica Liquid Fund - Direct Plan-Monthly Dividend Option;INF663L01682;INF663L01666;1004.2972;1004.2972;1004.2972;09-Sep-2013
120106;DHFL Pramerica Liquid Fund - Direct Plan-Weekly Dividend - Option;;INF663L01641;1001.9579;1001.9579;1001.9579;09-Sep-2013
113184;DHFL Pramerica Liquid Fund - Dividend Option - Daily;;INF663L01088;1000.3700;1000.3700;1000.3700;09-Sep-2013
113187;DHFL Pramerica Liquid Fund - Dividend Option - Fortnightly;INF663L01120;INF663L01104;1004.0151;1004.0151;1004.0151;09-Sep-2013
113186;DHFL Pramerica Liquid Fund - Dividend Option - Monthly;INF663L01138;INF663L01112;1004.0191;1004.0191;1004.0191;09-Sep-2013
113183;DHFL Pramerica Liquid Fund - Growth Option;INF663L01070;;1298.8888;1298.8888;1298.8888;09-Sep-2013
113185;DHFL Pramerica Liquid Fund -Dividend Option- Weekly;;INF663L01096;1001.7845;1001.7845;1001.7845;09-Sep-2013
122257;DHFL Pramerica Liquid Fund-Bonus Option;INF663L01BD5;;1298.8274;1298.8274;1298.8274;09-Sep-2013
122258;DHFL Pramerica Liquid Fund-Direct Plan-Bonus Option;INF663L01BE3;;1299.8467;1299.8467;1299.8467;09-Sep-2013

PineBridge Mutual Fund
119355;PineBridge India Liquid Fund- Direct Plan- Daily Dividend Option;;INF178L01AV8;1001.0000;1001.0000;1001.0000;09-Sep-2013
119360;PineBridge India Liquid Fund- Direct Plan- Growth Option;INF178L01AP0;;1537.2708;1537.2708;1537.2708;09-Sep-2013
106513;PineBridge India Liquid Fund- Standard Plan-Daily Dividend Option;;INF178L01699;1001.0000;1001.0000;1001.0000;09-Sep-2013
106508;PineBridge India Liquid Fund- Standard Plan-Growth Option;INF178L01715;;1536.7094;1536.7094;1536.7094;09-Sep-2013
106519;PineBridge India Liquid Fund- Standard Plan-Monthly Dividend Option;INF178L01723;INF178L01731;1004.6959;1004.6959;1004.6959;09-Sep-2013
106520;PineBridge India Liquid Fund- Standard Plan-Quarterly Dividend Option;INF178L01749;INF178L01756;1017.2184;1017.2184;1017.2184;09-Sep-2013
106509;PineBridge India Liquid Fund- Standard Plan-Weekly Dividend Option;;INF178L01764;1002.7515;1002.7515;1002.7515;09-Sep-2013
106503;PineBridge India Liquid Fund-Retail Plan-DailyDividend Option;;INF178L01533;1001.0000;1001.0000;1001.0000;09-Sep-2013
106514;PineBridge India Liquid Fund-Retail Plan-Growth Option;INF178L01558;;1501.0850;1501.0850;1501.0850;09-Sep-2013
106504;PineBridge India Liquid Fund-Retail Plan-Monthly Dividend Option;INF178L01566;INF178L01574;1004.6934;1004.6934;1004.6934;09-Sep-2013
106510;PineBridge India Liquid Fund-Retail Plan-Weekly Dividend Option;;INF178L01608;1002.7511;1002.7511;1002.7511;09-Sep-2013

Sahara Mutual Fund
101397;Sahara Liquid Fund-Fixed Pricing -  Weekly Dividend Option;;INF515L01064;1027.4373;1027.4373;1027.4373;09-Sep-2013
101393;Sahara Liquid Fund-Fixed Pricing - Daily Dividend Option;;INF515L01049;1034.3352;1034.3352;1034.3352;09-Sep-2013
120265;Sahara Liquid Fund-Fixed Pricing - Direct - Weekly Dividend Option;;INF515L01668;1027.4373;1027.4373;1027.4373;09-Sep-2013
120262;Sahara Liquid Fund-Fixed Pricing - Direct -Growth option;INF515L01650;;2193.6974;2193.6974;2193.6974;09-Sep-2013
101394;Sahara Liquid Fund-Fixed Pricing - Growth option;INF515L01056;;2193.1106;2193.1106;2193.1106;09-Sep-2013
101398;Sahara Liquid Fund-Fixed Pricing - Monthly Dividend Option;;INF515L01072;1038.6040;1038.6040;1038.6040;09-Sep-2013
120253;Sahara Liquid Fund-Fixed Pricing -Direct - Daily Dividend Option- Direct;;INF515L01643;1034.3352;1034.3352;1034.3352;09-Sep-2013
120266;Sahara Liquid Fund-Fixed Pricing -Direct - Monthly Dividend Option;;INF515L01676;1038.6040;1038.6040;1038.6040;09-Sep-2013
101399;Sahara Liquid Fund-Variable Pricing - Daily Dividend option;;INF515L01080;1034.3802;1034.3802;1034.3802;09-Sep-2013
101402;Sahara Liquid Fund-Variable Pricing - Growth option;INF515L01114;;2214.1053;2214.1053;2214.1053;09-Sep-2013
101400;Sahara Liquid Fund-Variable Pricing - Weekly Dividend Option;;INF515L01098;1040.2284;1040.2284;1040.2284;09-Sep-2013
120271;Sahara Liquid Fund-Variable Pricing -Direct - Daily Dividend option;;INF515L01684;1034.3802;1034.3802;1034.3802;09-Sep-2013
120280;Sahara Liquid Fund-Variable Pricing -Direct - Growth option;INF515L01718;;2214.7580;2214.7580;2214.7580;09-Sep-2013
120272;Sahara Liquid Fund-Variable Pricing -Direct - Weekly Dividend Option;;INF515L01692;1040.2284;1040.2284;1040.2284;09-Sep-2013
120273;Sahara Liquid Fund-Variable Pricing- Direct - Monthly Dividend Option;;INF515L01700;1042.1929;1042.1929;1042.1929;09-Sep-2013
101401;Sahara Liquid Fund-Variable Pricing- Monthly Dividend Option;;INF515L01106;1042.1929;1042.1929;1042.1929;09-Sep-2013

Tata Mutual Fund
101987;Tata Liquid Fund Reglar Plan - Monthly Dividend;INF277K01LR5;INF277K01LS3;1003.0358;1003.0358;1003.0358;09-Sep-2013
101861;Tata Liquid Fund-Regular Plan  - Weekly Dividend;INF277K016C5;;1002.5407;1002.5407;1002.5407;09-Sep-2013
101984;Tata Liquid High Investment Plan - Daily;;;1114.3379;1114.3379;1114.3379;09-Sep-2013
101860;Tata Liquid High Investment Plan - Growth;INF277K01LN4;;1996.1840;1996.1840;1996.1840;09-Sep-2013
101985;Tata Liquid High Investment Plan - Monthly;INF277K01LO2;INF277K01LP9;1022.5689;1022.5689;1022.5689;09-Sep-2013
101859;Tata Liquid High Investment Plan - Weekly;;;1148.6033;1148.6033;1148.6033;09-Sep-2013
101982;Tata Liquid Retail Investment PLan - Daily;;;1116.8143;1116.8143;1116.8143;09-Sep-2013
101983;Tata Liquid Retail Investment Plan - Fortnightly;;;1148.2404;1148.2404;1148.2404;09-Sep-2013
101858;Tata Liquid Retail Investment Plan - Growth;INF277K01LM6;;2738.6521;2738.6521;2738.6521;09-Sep-2013
103631;Tata Liquidity Management Fund - Regular Plan - Daily Dividend;;;1002.6089;1000.1024;1002.6089;09-Sep-2013
103632;Tata Liquidity Management Fund - Regular Plan - Growth;INF277K01LW5;;1642.0474;1637.9423;1642.0474;09-Sep-2013
103519;Tata Liquidity Management Fund - Regular Plan  -Weekly Dividend;;;1007.1647;1004.6468;1007.1647;09-Sep-2013
119443;Tata Liquidity Management Fund- Direct Plan-Daily Dividend;;;1002.6089;1000.1024;1002.6089;09-Sep-2013
119444;Tata Liquidity Management Fund- Direct Plan-Growth;INF277K01PU0;;1642.8740;1638.7668;1642.8740;09-Sep-2013
119442;Tata Liquidity Management Fund- Direct Plan-Weekly Dividend;;;1007.7267;1005.2074;1007.7267;09-Sep-2013

Open Ended Schemes ( Money Market )


Tata Mutual Fund
102152;Tata Money Market Fund Regular (Bonus / Dividend);;;10.1657;10.1657;10.1657;09-Sep-2013
102153;Tata Money Market Fund Regular (Growth);INF277K01LY1;;19.1815;19.1815;19.1815;09-Sep-2013

Open Ended Schemes ( Debt Scheme - Overnight Fund )


HDFC Mutual Fund
119109;HDFC Overnight Fund - Daily IDCW Option - Direct Plan;;INF179KB1HY1;10.4266;10.4266;10.4266;09-Sep-2013
101996;HDFC Overnight Fund - Growth Option;INF179KB1HS3;;19.448;19.448;19.448;09-Sep-2013
119110;HDFC Overnight Fund - Growth Option - Direct Plan;INF179KB1HT1;;19.4552;19.4552;19.4552;09-Sep-2013
101997;HDFC Overnight Fund - IDCW Option (Daily);;INF179KB1IF8;10.4266;10.4266;10.4266;09-Sep-2013

L&T Mutual Fund
118059;L&T Cash Fund - Institutional Plan - Growth Option;INF677K01AP3;;1636.7857;1636.7857;1636.7857;09-Sep-2013
118055;L&T Cash Fund - Retail Plan - Growth option;INF677K01AK4;;1593.2432;1593.2432;1593.2432;09-Sep-2013
118062;L&T Cash Fund - Retail Plan - Monthly Dividend Option;INF677K01AN8;INF677K01AO6;1013.4952;1013.4952;1013.4952;09-Sep-2013
118066;L&T Overnight Fund  - Regular Plan - Monthly IDCW;INF917K01EL4;INF917K01EM2;1014.2964;1014.2964;1014.2964;09-Sep-2013
119283;L&T Overnight Fund - Direct Plan - Growth;INF917K01EN0;;1654.5470;1654.5470;1654.5470;09-Sep-2013
119284;L&T Overnight Fund - Direct Plan- Daily IDCW;;INF917K01EO8;1023.3000;1023.3000;1023.3000;09-Sep-2013
119282;L&T Overnight Fund - Direct Plan- Monthly IDCW;INF917K01ER1;;1015.0859;1015.0859;1015.0859;09-Sep-2013
119285;L&T Overnight Fund - Direct Plan- Weekly IDCW;;INF917K01EP5;1003.9754;1003.9754;1003.9754;09-Sep-2013
118056;L&T Overnight Fund - Regular Plan - Daily IDCW;;INF917K01EJ8;1023.3000;1023.3000;1023.3000;09-Sep-2013
118058;L&T Overnight Fund - Regular Plan - Growth;INF917K01EI0;;1654.3798;1654.3798;1654.3798;09-Sep-2013
118065;L&T Overnight Fund - Regular Plan - Weekly IDCW;;INF917K01EK6;1000.0100;1000.0100;1000.0100;09-Sep-2013

SBI Mutual Fund
119831;SBI Overnight Fund - Direct Plan - Daily Income Distribution cum Capital Withdrawal Option (IDCW);;INF200K01TJ7;1009.9100;1009.9100;1009.9100;09-Sep-2013
119833;SBI OVERNIGHT FUND - DIRECT PLAN - GROWTH;INF200K01TK5;;2096.5763;2096.5763;2096.5763;09-Sep-2013
119832;SBI Overnight Fund - Direct Plan - Weekly Income Distribution cum Capital Withdrawal Option (IDCW);INF200K01TL3;INF200K01TM1;1031.7557;1031.7557;1031.7557;09-Sep-2013
114297;SBI Overnight Fund - Regular Plan - Daily Income Distribution cum Capital Withdrawal Option (IDCW);;INF200K01LN6;1009.9100;1009.9100;1009.9100;09-Sep-2013
101206;SBI OVERNIGHT FUND - REGULAR PLAN - GROWTH;INF200K01LQ9;;2094.1399;2094.1399;2094.1399;09-Sep-2013
103140;SBI Overnight Fund - Regular Plan - Weekly Income Distribution cum Capital Withdrawal Option (IDCW);INF200K01LO4;INF200K01LP1;1031.7527;1031.7527;1031.7527;09-Sep-2013

Open Ended Schemes ( Debt Scheme - Liquid Fund )


Aditya Birla Sun Life Mutual Fund
100047;Aditya Birla Sun Life Liquid Fund - Growth;INF209K01RU9;;195.0912;195.0912;195.0912;09-Sep-2013
119568;Aditya Birla Sun Life Liquid Fund - Growth - Direct Plan;INF209K01VA3;;195.1406;195.1406;195.1406;09-Sep-2013
100046;Aditya Birla Sun Life Liquid Fund -Daily IDCW;INF209K01KQ2;INF209K01SQ5;100.1950;100.1950;100.1950;09-Sep-2013
119569;Aditya Birla Sun Life Liquid Fund -Direct - daily IDCW;INF209K01UZ2;;100.1950;100.1950;100.1950;09-Sep-2013
119571;Aditya Birla Sun Life Liquid Fund -DIRECT - IDCW;INF209K01VD7;;104.1348;104.1348;104.1348;09-Sep-2013
119570;Aditya Birla Sun Life Liquid Fund -Direct - weekly IDCW;INF209K01VC9;;100.3099;100.3099;100.3099;09-Sep-2013
100041;Aditya Birla Sun Life Liquid Fund -Institutional - IDCW;;INF209K01KN9;108.0230;108.0230;108.0230;09-Sep-2013
100048;Aditya Birla Sun Life Liquid Fund -Institutional - weekly  IDCW;INF209KA1LK7;INF209K01KY6;108.1573;108.1573;108.1573;09-Sep-2013
100044;Aditya Birla Sun Life Liquid Fund -Retail - IDCW;;INF209K01KP4;163.6940;163.6940;163.6940;09-Sep-2013
100051;Aditya Birla Sun Life Liquid Fund -weekly IDCW;INF209K01KU4;INF209KA1LJ9;100.3099;100.3099;100.3099;09-Sep-2013
112014;Aditya Birla Sun Life Liquid Fund- Discipline Advantage Plan;INF209K01KZ3;;131.3577;131.3577;131.3577;09-Sep-2013
100043;Aditya Birla Sun Life Liquid Fund-Institutional (Growth);INF209K01RT1;;325.5725;325.5725;325.5725;09-Sep-2013
100042;Aditya Birla Sun Life Liquid Fund-Retail (Growth);INF209K01ME4;;317.6288;317.6288;317.6288;09-Sep-2013

Axis Mutual Fund
120388;Axis Liquid Fund - Direct Plan - Daily IDCW;;INF846K01DA0;1000.1107;1000.1107;1000.1107;09-Sep-2013
120389;Axis Liquid Fund - Direct Plan - Growth Option;INF846K01CX4;;1349.9404;1349.9404;1349.9404;09-Sep-2013
120391;Axis Liquid Fund - Direct Plan - Monthly IDCW;INF846K01CY2;INF846K01CZ9;1004.0870;1004.0870;1004.0870;09-Sep-2013
120390;Axis Liquid Fund - Direct Plan - Weekly IDCW;INF846K01DB8;INF846K01DC6;1004.1123;1004.1123;1004.1123;09-Sep-2013
112211;Axis Liquid Fund - Regular Plan - Daily IDCW;;INF846K01420;1000.1107;1000.1107;1000.1107;09-Sep-2013
112210;Axis Liquid Fund - Regular Plan - Growth Option;INF846K01412;;1349.3322;1349.3322;1349.3322;09-Sep-2013
112213;Axis Liquid Fund - Regular Plan - Monthly IDCW;INF846K01453;INF846K01461;1004.0635;1004.0635;1004.0635;09-Sep-2013
112212;Axis Liquid Fund - Regular Plan - Weekly IDCW;INF846K01438;INF846K01446;1004.1009;1004.1009;1004.1009;09-Sep-2013
112712;Axis Liquid Fund - Retail Plan - Daily IDCW;;INF846K01362;1000.1107;1000.1107;1000.1107;09-Sep-2013
112713;Axis Liquid Fund - Retail Plan - Growth Option;INF846K01354;;1312.1456;1312.1456;1312.1456;09-Sep-2013
112714;Axis Liquid Fund - Retail Plan - Monthly IDCW;INF846K01396;INF846K01404;1003.8724;1003.8724;1003.8724;09-Sep-2013
112715;Axis Liquid Fund - Retail Plan - Weekly IDCW;INF846K01370;INF846K01388;1002.0205;1002.0205;1002.0205;09-Sep-2013

Bandhan Mutual Fund
108692;BANDHAN LIQUID Fund - Regular Plan - Daily IDCW;INF194K01VZ4;INF194K01VY7;1000.2500;1000.2500;1000.2500;09-Sep-2013
108690;BANDHAN LIQUID Fund - Regular Plan - Growth;INF194K01VX9;;1480.5379;1480.5379;1480.5379;09-Sep-2013
108693;BANDHAN LIQUID Fund - Regular Plan - Monthly IDCW;INF194K01WF4;INF194K01WE7;1003.3729;1003.3729;1003.3729;09-Sep-2013
115489;BANDHAN LIQUID Fund - Regular Plan - Periodic IDCW;INF194K01WC1;INF194K01WB3;1166.6689;1166.6689;1166.6689;09-Sep-2013
108691;BANDHAN LIQUID Fund - Regular Plan - Weekly IDCW;INF194K01WI8;INF194K01WH0;1001.0520;1001.0520;1001.0520;09-Sep-2013
118365;BANDHAN LIQUID Fund -Direct Plan -Monthly IDCW;INF194K01J36;INF194K01J28;1010.3051;1010.3051;1010.3051;09-Sep-2013
118367;BANDHAN LIQUID Fund -Direct Plan -Weekly IDCW;INF194KB1JT8;INF194K01J51;1018.8312;1018.8312;1018.8312;09-Sep-2013
118366;BANDHAN LIQUID Fund -Direct Plan-Daily IDCW;;INF194K01I78;1000.3400;1000.3400;1000.3400;09-Sep-2013
118364;BANDHAN LIQUID Fund -Direct Plan-Growth;INF194K01I60;;1480.7675;1480.7675;1480.7675;09-Sep-2013
118363;BANDHAN LIQUID Fund -Direct Plan-Periodic IDCW;INF194K01J02;INF194K01I94;1017.3872;1017.3872;1017.3872;09-Sep-2013
108779;BANDHAN Liquid Fund-Plan A-Dividend (Daily);INF194K01VC3;INF194K01VB5;1058.1900;1058.1900;1058.1900;09-Sep-2013
108778;BANDHAN Liquid Fund-Plan A-Growth;INF194K01UX1;;2133.0827;2133.0827;2133.0827;09-Sep-2013
115486;BANDHAN Liquid Fund-Plan A-Monthly;INF194K01VF6;INF194K01VE9;1003.3284;1003.3284;1003.3284;09-Sep-2013
115487;BANDHAN Liquid Fund-Plan A-Periodic Dividend;INF194K01UZ6;INF194K01UY9;1028.8802;1028.8802;1028.8802;09-Sep-2013
108607;BANDHAN Liquid Fund - Plan A-Dividend (Weekly);INF194K01VI0;INF194K01VH2;1001.8134;1001.8134;1001.8134;09-Sep-2013
108781;BANDHAN Liquid Fund - Plan B (G) (Institutional Plan);INF194K01VK6;;2156.2133;2156.2133;2156.2133;09-Sep-2013
108629;BANDHAN Liquid Fund - Plan B - Dividend-Weekly;INF194K01VS9;INF194K01VR1;1001.0234;1001.0234;1001.0234;09-Sep-2013

Bank of India Mutual Fund
119368;BANK OF INDIA Liquid Fund- Direct Plan- Daily IDCW;;INF761K01CL0;1002.6483;1002.6483;1002.6483;09-Sep-2013
119369;BANK OF INDIA Liquid Fund- Direct Plan- Growth;INF761K01785;;1402.7431;1402.7431;1402.7431;09-Sep-2013
119370;BANK OF INDIA Liquid Fund- Direct Plan- Weekly IDCW;;INF761K01CM8;1005.0907;1005.0907;1005.0907;09-Sep-2013
111971;BANK OF INDIA Liquid Fund- Regular Plan- Daily IDCW;;INF761K01CO4;1000.5950;1000.5950;1000.5950;09-Sep-2013
109254;BANK OF INDIA Liquid Fund- Regular Plan- Growth;INF761K01306;;1401.9936;1401.9936;1401.9936;09-Sep-2013
109255;BANK OF INDIA Liquid Fund- Regular Plan- Weekly IDCW;;INF761K01CP1;1001.3124;1001.3124;1001.3124;09-Sep-2013

Baroda BNP Paribas Mutual Fund
119414;Baroda BNP Paribas LIQUID FUND - DIRECT PLAN - DAILY IDCW OPTION;INF955L01AK2;;1000.6300;1000.6300;1000.6300;09-Sep-2013
119415;Baroda BNP Paribas LIQUID FUND - DIRECT PLAN - GROWTH OPTION;INF955L01AL0;;1395.8780;1395.8780;1395.8780;09-Sep-2013
119416;Baroda BNP Paribas LIQUID FUND - DIRECT PLAN - WEEKLY IDCW OPTION;INF251K01SL8;;1013.8766;1013.8766;1013.8766;09-Sep-2013
111707;Baroda BNP Paribas LIQUID FUND - Regular Plan - DAILY IDCW OPTION;INF955L01468;INF955L01476;1000.6300;1000.6300;1000.6300;09-Sep-2013
111704;Baroda BNP Paribas LIQUID FUND - Regular Plan - GROWTH OPTION;INF955L01484;;1395.2605;1395.2605;1395.2605;09-Sep-2013
111705;Baroda BNP Paribas LIQUID FUND - Regular Plan - WEEKLY IDCW OPTION;INF251K01SK0;INF955L01500;1002.0602;1002.0602;1002.0602;09-Sep-2013
101408;Baroda BNP Paribas LIQUID FUND- Defunct Plan -Growth Option;INF955L01575;;2110.2090;2110.2090;2110.2090;09-Sep-2013
101407;Baroda BNP Paribas LIQUID FUND-Defunct Plan- IDCW Option;INF955L01559;INF955L01567;1807.9193;1807.9193;1807.9193;09-Sep-2013
101409;Baroda BNP Paribas LIQUID FUND-Defunct Plan-Daily IDCW Option;INF955L01518;INF955L01526;1006.0600;1006.0600;1006.0600;09-Sep-2013
111706;BARODA LIQUID FUND PLAN A - MONTHLY IDCW OPTION;;;1004.8481;1004.8481;1004.8481;09-Sep-2013

BNP Paribas Mutual Fund
117941;BNP PARIBAS LIQUID FUND  GROWTH OPTION;INF251K01CM0;;18.7457;18.7457;18.7457;09-Sep-2013
117940;BNP PARIBAS LIQUID FUND  MONTHLY DIVIDEND OPTION;INF251K01CP3;INF251K01CQ1;10.0292;10.0292;10.0292;09-Sep-2013
117942;BNP PARIBAS LIQUID FUND  WEEKLY DIVIDEND OPTION;;INF251K01CO6;10.0137;10.0137;10.0137;09-Sep-2013
120122;BNP Paribas LIQUID Fund - Direct Plan - Daily Dividend Option;;INF251K01FY8;10.0049;10.0049;10.0049;09-Sep-2013
120123;BNP Paribas LIQUID Fund - Direct Plan - Growth Option;;INF251K01FX0;18.7560;18.7560;18.7560;09-Sep-2013
120124;BNP Paribas LIQUID Fund - Direct Plan - Monthly Dividend Option;INF251K01GA6;INF251K01GB4;10.0293;10.0293;10.0293;09-Sep-2013
120125;BNP Paribas LIQUID Fund - Direct Plan - Weekly Dividend Option;;INF251K01FZ5;10.0138;10.0138;10.0138;09-Sep-2013
117943;BNP PARIBAS LIQUID FUND DAILY DIVIDEND OPTION;;INF251K01CN8;10.0049;10.0049;10.0049;09-Sep-2013
113640;BNP PARIBAS LIQUID Fund-Regular Plan-Growth Option;INF251K01CI8;;17.9281;17.9281;17.9281;09-Sep-2013
113632;BNP PARIBAS LIQUID Fund-Regular Plan-Monthly Dividend;INF251K01CK4;INF251K01CL2;10.0268;10.0268;10.0268;09-Sep-2013
113637;BNP PARIBAS LIQUID Fund-Regular Plan-Weekly Dividend Option;;INF251K01CJ6;10.0128;10.0128;10.0128;09-Sep-2013

Canara Robeco Mutual Fund
118307;CANARA ROBECO LIQUID FUND - DIRECT PLAN - DAILY IDCW (Reinvestment);;INF760K01FS0;1005.5000;1005.5000;1005.5000;09-Sep-2013
118305;CANARA ROBECO LIQUID FUND - DIRECT PLAN - GROWTH OPTION;INF760K01FU6;;1481.6424;1481.6424;1481.6424;09-Sep-2013
118304;CANARA ROBECO LIQUID FUND - DIRECT PLAN - IDCW (Payout/Reinvestment);INF760K01FT8;;1060.7624;1060.7624;1060.7624;09-Sep-2013
118306;CANARA ROBECO LIQUID FUND - DIRECT PLAN - MONTHLY IDCW (Payout/Reinvestment);INF760K01FV4;INF760K01FW2;1003.8140;1003.8140;1003.8140;09-Sep-2013
118308;CANARA ROBECO LIQUID FUND - DIRECT PLAN - WEEKLY IDCW (Payout/Reinvestment);INF760K01FY8;INF760K01FX0;1001.5242;1001.5242;1001.5242;09-Sep-2013
109349;CANARA ROBECO LIQUID FUND - REGULAR PLAN - DAILY IDCW (Reinvestment);;INF760K01CU3;1005.5000;1005.5000;1005.5000;09-Sep-2013
109353;CANARA ROBECO LIQUID FUND - REGULAR PLAN - GROWTH OPTION;INF760K01CW9;;1480.9768;1480.9768;1480.9768;09-Sep-2013
109351;CANARA ROBECO LIQUID FUND - REGULAR PLAN - MONTHLY IDCW (Payout/Reinvestment);INF760K01CX7;INF760K01CY5;1003.5900;1003.5900;1003.5900;09-Sep-2013
109350;CANARA ROBECO LIQUID FUND - REGULAR PLAN - WEEKLY IDCW (Payout/Reinvestment);INF760K01BZ4;INF760K01CZ2;1001.4739;1001.4739;1001.4739;09-Sep-2013
101363;Canara Robeco Liquid Fund- INSTITUTIONAL-Daily Dividend Reinvestment;;INF760K01CC1;1005.5000;1005.5000;1005.5000;09-Sep-2013
101362;Canara Robeco Liquid Fund- INSTITUTIONAL-Growth;INF760K01CD9;;2185.6821;2185.6821;2185.6821;09-Sep-2013
101364;Canara Robeco Liquid Fund-Retail-DRI;;INF760K01CF4;1007.0000;1007.0000;1007.0000;09-Sep-2013
101365;Canara Robeco Liquid Fund-Retail-Growth;INF760K01CH0;;2146.7213;2146.7213;2146.7213;09-Sep-2013
109347;Canara Robeco Liquid Fund-Retail-Monthly Div Reinvest;;INF760K01CI8;1008.7726;1008.7726;1008.7726;09-Sep-2013
109356;Canara Robeco Liquid Fund-Retail-Weekly Div Reinvest;;INF760K01CJ6;1006.8675;1006.8675;1006.8675;09-Sep-2013

DSP Mutual Fund
119125;DSP Liquidity Fund - Direct Plan - Growth;INF740K01QL4;;1743.6049;1743.6049;1743.6049;09-Sep-2013
119124;DSP Liquidity Fund - Direct Plan - IDCW - Daily;;INF740KA1OB6;1000.3161;1000.3161;1000.3161;09-Sep-2013
119123;DSP Liquidity Fund - Direct Plan - IDCW - Weekly;INF740KA1OC4;INF740KA1OD2;1001.3618;1001.3618;1001.3618;09-Sep-2013
103347;DSP Liquidity Fund - Regular Plan - Growth;INF740K01FK9;;1743.0111;1743.0111;1743.0111;09-Sep-2013
103348;DSP Liquidity Fund - Regular Plan - IDCW - Weekly;INF740K01FM5;INF740K01FL7;1001.3563;1001.3563;1001.3563;09-Sep-2013
103349;DSP Liquidity Fund- Regular Plan - IDCW - Daily;;INF740KA1OE0;1000.3161;1000.3161;1000.3161;09-Sep-2013
100943;DSP BlackRock Liquidity Fund - Regular Plan - Daily Dividend;;;10.0208;10.0208;10.0208;09-Sep-2013
100940;DSP BlackRock Liquidity Fund - Regular Plan - Growth;INF740K01CN0;;28.7257;28.7257;28.7257;09-Sep-2013
100941;DSP BlackRock Liquidity Fund - Regular Plan Weekly Dividend;;;12.4238;12.4238;12.4238;09-Sep-2013

Franklin Templeton Mutual Fund
100541;Franklin India Liquid Fund - Regular Plan - Daily - IDCW;;INF090I01BA3;1512.3400;1512.3400;1512.3400;09-Sep-2013
100538;Franklin India Liquid Fund - Regular Plan - Growth;INF090I01BB1;;2952.2439;2952.2439;2952.2439;09-Sep-2013
100537;Franklin India Liquid Fund - Regular Plan - Weekly - IDCW;INF090I01BL0;INF090I01BI6;1244.3238;1244.3238;1244.3238;09-Sep-2013
118577;Franklin India Liquid Fund - Super Institutional - Direct - Growth;INF090I01JV2;;1816.5280;1816.5280;1816.5280;09-Sep-2013
100547;Franklin India Liquid Fund - Super Institutional Plan - Daily - IDCW;;INF090I01BF2;1000.6730;1000.6730;1000.6730;09-Sep-2013
118578;Franklin India Liquid Fund - Super Institutional Plan - Direct - Daily - IDCW;INF090I01JW0;;1001.0741;1001.0741;1001.0741;09-Sep-2013
118579;Franklin India Liquid Fund - Super Institutional Plan - Direct - Weekly - IDCW;INF090I01JX8;INF090I01JY6;1021.3891;1021.3891;1021.3891;09-Sep-2013
100546;Franklin India Liquid Fund - Super Institutional Plan - Growth;INF090I01BG0;;1815.9626;1815.9626;1815.9626;09-Sep-2013
100548;Franklin India Liquid Fund - Super Institutional Plan - Weekly - IDCW;INF090I01BM8;INF090I01BH8;1021.1243;1021.1243;1021.1243;09-Sep-2013
102441;Franklin India Liquid Fund - Institution-Growth;INF090I01BD7;;1887.7951;1887.7951;1887.7951;09-Sep-2013
102443;Franklin India Liquid Fund - Institutional Plan - Daily - IDCW;;INF090I01BC9;1000.6730;1000.6730;1000.6730;09-Sep-2013
102442;Franklin India Liquid Fund - Institutional Plan - Weekly - IDCW;INF090I01BJ4;INF090I01BE5;1054.7184;1054.7184;1054.7184;09-Sep-2013

Groww Mutual Fund
119135;Groww Liquid Fund ( formerly known as Indiabulls Liquid )Fund - Direct Plan - Growth Option;INF666M01451;;1184.3678;1184.3678;1184.3678;09-Sep-2013
119136;Groww Liquid Fund (formerly known as Indiabulls Liquid Fund) - Direct Plan- - Income Distribution cum capital withdrawal Option ( Reinvestment);;INF666M01469;1000.0532;1000.0532;1000.0532;09-Sep-2013
115991;Groww Liquid Fund (formerly known as Indiabulls Liquid Fund) - Regular Plan - Growth Option;INF666M01014;;1183.7971;1183.7971;1183.7971;09-Sep-2013
119139;Groww Liquid Fund (formerly known as Indiabulls Liquid Fund)- Direct Plan- Monthly - Income Distribution cum capital withdrawal Option (Payout & Reinvestment);INF666M01519;INF666M01493;1002.1532;1002.1532;1002.1532;09-Sep-2013
115992;Groww Liquid Fund (formerly known as Indiabulls Liquid Fund)- Regular Plan- - Income Distribution cum capital withdrawal Option (Reinvestment);;INF666M01022;1000.1316;1000.1316;1000.1316;09-Sep-2013
115993;Groww Liquid Fund (formerly known as Indiabulls Liquid Fund)- Regular Plan- Weekly - Income Distribution cum capital withdrawal Option (Payout & Reinvestment);INF666M01089;INF666M01030;1002.1300;1002.1300;1002.1300;09-Sep-2013

HDFC Mutual Fund
119091;HDFC Liquid Fund - Growth Option - Direct Plan;INF179KB1HP9;;24.0368;24.0368;24.0368;09-Sep-2013
100868;HDFC Liquid Fund - Growth Plan;INF179KB1HK0;;24.0239;24.0239;24.0239;09-Sep-2013
100875;HDFC Liquid Fund - IDCW Daily;;INF179KB1IC5;10.1982;10.1982;10.1982;09-Sep-2013
119089;HDFC Liquid Fund - IDCW Daily - Direct Plan;;INF179KB1HV7;10.1982;10.1982;10.1982;09-Sep-2013
100876;HDFC Liquid Fund - IDCW Monthly;INF179KB1HM6;INF179KB1HL8;10.3051;10.3051;10.3051;09-Sep-2013
119090;HDFC Liquid Fund - IDCW Monthly - Direct Plan;INF179KB1HO2;INF179KB1HQ7;10.3053;10.3053;10.3053;09-Sep-2013
100874;HDFC Liquid Fund - IDCW Plan Weekly;INF179KB1ID3;;10.332;10.332;10.332;09-Sep-2013
119088;HDFC Liquid Fund - IDCW Weekly - Direct Plan;;;10.3321;10.3321;10.3321;09-Sep-2013
100877;HDFC Liquid Fund-Premium Plan - Dividend-Daily;;INF179K01KN4;12.2598;12.2598;12.2598;09-Sep-2013
100878;HDFC Liquid Fund-Premium Plan - Dividend-Weekly;INF179K01KP9;;10;10;10;09-Sep-2013
100873;HDFC Liquid Fund-PREMIUM- Growth;INF179KB1HN4;;24.4121;24.4121;24.4121;09-Sep-2013

HSBC Mutual Fund
118910;HSBC Cash Fund - Institutional Plan - Growth;INF336L01BT4;;1936.7866;1936.7866;1936.7866;09-Sep-2013
120038;HSBC Liquid Fund -  Growth Direct;INF336L01CC8;;1215.295;1215.295;1215.295;09-Sep-2013
120037;HSBC Liquid Fund - Direct Daily IDCW;;INF336L01CB0;1000.56;1000.56;1000.56;09-Sep-2013
120040;HSBC Liquid Fund - Direct Weekly IDCW;INF336L01LK2;INF336L01CD6;1111.4797;1111.4797;1111.4797;09-Sep-2013
118907;HSBC Liquid Fund - Growth;INF336L01BL1;;1895.6035;1895.6035;1895.6035;09-Sep-2013
118906;HSBC Liquid Fund - IDCW;;INF336L01BK3;1019.3;1019.3;1019.3;09-Sep-2013
118909;HSBC Liquid Fund - Institutional Daily IDCW;;INF336L01BS6;1096.9444;1096.9444;1096.9444;09-Sep-2013
118901;HSBC Liquid Fund - Regular Daily IDCW;;INF336L01BM9;1000.56;1000.56;1000.56;09-Sep-2013
118902;HSBC Liquid Fund - Regular Growth;INF336L01BN7;;1215.2434;1215.2434;1215.2434;09-Sep-2013
118903;HSBC Liquid Fund - Regular Monthly IDCW;INF336L01BP2;INF336L01BO5;1003.0942;1003.0942;1003.0942;09-Sep-2013
118904;HSBC Liquid Fund - Regular Weekly IDCW;INF336L01LJ4;INF336L01BQ0;1111.483;1111.483;1111.483;09-Sep-2013
118908;HSBC Liquid Fund - Weekly IDCW;;INF336L01BR8;1002.384;1002.384;1002.384;09-Sep-2013

ICICI Prudential Mutual Fund
100357;ICICI Prudential Liquid Fund -Quarterly IDCW;INF109K01UU5;INF109K01UT7;101.9529;101.9529;101.9529;09-Sep-2013
100359;ICICI Prudential Liquid Institutional Plus Fund - Div - Daily;INF109K01VJ6;;118.5151;118.5151;118.5151;09-Sep-2013
100360;ICICI Prudential Liquid Institutional Plus Fund - Div - Weekly;INF109K01VM0;;118.8046;118.8046;118.8046;09-Sep-2013
100362;ICICI Prudential Liquid Institutional Plus Fund - Growth;INF109K01VK4;;297.2332;297.2332;297.2332;09-Sep-2013
103343;ICICI Prudential Liquid Fund - Daily IDCW;INF109K01VP3;;100.0497;100.0497;100.0497;09-Sep-2013
120198;ICICI Prudential Liquid Fund - Direct Plan -  Annual IDCW;INF109K01P99;INF109K01Q07;102.1574;102.1574;102.1574;09-Sep-2013
120188;ICICI Prudential Liquid Fund - Direct Plan - Daily IDCW;;INF109K01Q15;100.0536;100.0536;100.0536;09-Sep-2013
120197;ICICI Prudential Liquid Fund - Direct Plan - Growth;INF109K01Q49;;180.2302;180.2302;180.2302;09-Sep-2013
120189;ICICI Prudential Liquid Fund - Direct Plan - Monthly IDCW;INF109K01R06;;100.5799;100.5799;100.5799;09-Sep-2013
120196;ICICI Prudential Liquid Fund - Direct Plan - Quarterly IDCW;INF109K01Q72;INF109K01Q80;102.7231;102.7231;102.7231;09-Sep-2013
120190;ICICI Prudential Liquid Fund - Direct Plan - Weekly IDCW;INF109K01Q98;;100.3922;100.3922;100.3922;09-Sep-2013
103340;ICICI Prudential Liquid Fund - Growth;INF109K01VQ1;;180.1622;180.1622;180.1622;09-Sep-2013
104308;ICICI Prudential Liquid Fund - Half Yearly IDCW;INF109K01UX9;INF109K01UW1;104.0714;104.0714;104.0714;09-Sep-2013
103344;ICICI Prudential Liquid Fund - Institutional Option - I;INF109K01VH0;;174.8261;174.8261;174.8261;09-Sep-2013
103342;ICICI Prudential Liquid Fund - Weekly IDCW;INF109K01VS7;;100.3659;100.3659;100.3659;09-Sep-2013
103341;ICICI Prudential Liquid Fund -Monthly IDCW;INF109K01VR9;;100.4093;100.4093;100.4093;09-Sep-2013
101748;ICICI Prudential Liquid Fund - Institutional - Daily - Div;INF109K01VE7;;118.5021;118.5021;118.5021;09-Sep-2013
101753;ICICI Prudential Liquid Fund - Institutional - Weekly - Div;INF109K01VI8;;118.6744;118.6744;118.6744;09-Sep-2013
101754;ICICI Prudential Liquid Fund Retail Daily Dividend;INF109K01UR1;;118.5141;118.5141;118.5141;09-Sep-2013
101750;ICICI Prudential Liquid Fund Retail Growth;INF109K01UQ3;;286.4768;286.4768;286.4768;09-Sep-2013
101755;ICICI Prudential Liquid Fund Retail Monthly Dividend;INF109K01US9;;100.4627;100.4627;100.4627;09-Sep-2013
101752;ICICI Prudential Liquid Fund Retail Weekly Dividend;INF109K01UV3;;119.0476;119.0476;119.0476;09-Sep-2013
101751;ICICI Prudential Liquid Institutional Fund - Growth;INF109K01VF4;;293.8174;293.8174;293.8174;09-Sep-2013

IDBI Mutual Fund
118345;IDBI Liquid Fund Growth Direct;INF397L01AH3;;1305.9775;1305.9775;1305.9775;09-Sep-2013
113104;IDBI Liquid Fund- Monthly IDCW;INF397L01976;INF397L01968;1004.9749;1004.9749;1004.9749;09-Sep-2013
118449;IDBI Liquid Fund- Monthly IDCW Direct;INF397L01AK7;INF397L01AJ9;1004.5966;1004.5966;1004.5966;09-Sep-2013
113102;IDBI Liquid Fund-Daily IDCW;;INF397L01935;1001.6500;1001.6500;1001.6500;09-Sep-2013
118450;IDBI Liquid Fund-Daily IDCW Direct;;INF397L01AI1;1000.5054;1000.5054;1000.5054;09-Sep-2013
113096;IDBI Liquid Fund-Growth;INF397L01984;;1305.2334;1305.2334;1305.2334;09-Sep-2013
113103;IDBI Liquid Fund-Weekly IDCW;INF397L01950;INF397L01943;1004.2539;1004.2539;1004.2539;09-Sep-2013
118451;IDBI Liquid Fund-Weekly IDCW Direct;INF397L01AM3;INF397L01AL5;1003.6535;1003.6535;1003.6535;09-Sep-2013

Invesco Mutual Fund
122786;Invesco India Liquid Fund - Bonus Option;INF205K01UX5;;1674.0287;1674.0287;1674.0287;09-Sep-2013
104484;Invesco India Liquid Fund - Daily IDCW (Reinvestment);;INF205K01HN3;1001.0747;1001.0747;1001.0747;09-Sep-2013
120537;Invesco India Liquid Fund - Direct Plan - Growth;INF205K01MF9;;1674.5619;1674.5619;1674.5619;09-Sep-2013
120536;Invesco India Liquid Fund - Direct Plan - Monthly IDCW (Payout / Reinvestment);INF205K01MG7;INF205K01MH5;1006.2481;1006.2481;1006.2481;09-Sep-2013
120535;Invesco India Liquid Fund - Direct Plan - Weekly IDCW (Reinvestment);INF205KA1BE5;INF205K01MI3;1002.6201;1002.6201;1002.6201;09-Sep-2013
120534;Invesco India Liquid Fund - Direct Plan- Daily IDCW (Reinvestment);;INF205K01ME2;1000.7849;1000.7849;1000.7849;09-Sep-2013
104486;Invesco India Liquid Fund - Growth;INF205K01HM5;;1674.0288;1674.0288;1674.0288;09-Sep-2013
104492;Invesco India Liquid Fund - Monthly IDCW (Payout / Reinvestment);INF205K01HQ6;INF205K01HP8;1006.2269;1006.2269;1006.2269;09-Sep-2013
104488;Invesco India Liquid Fund - Regular - Growth;INF205K01HG7;;1601.3616;1601.3616;1601.3616;09-Sep-2013
104489;Invesco India Liquid Fund - Regular - Weekly IDCW (Reinvestment);;INF205K01HH5;1002.6227;1002.6227;1002.6227;09-Sep-2013
104485;Invesco India Liquid Fund - Weekly IDCW (Reinvestment);INF205KA1BD7;INF205K01HO1;1002.6113;1002.6113;1002.6113;09-Sep-2013
122787;Religare Invesco Liquid Fund - Direct Plan - Bonus Option;INF205K01VG8;;1674.6040;1674.6040;1674.6040;09-Sep-2013
104483;Religare Invesco Liquid Fund - Institutional - Daily Dividend;;INF205K01HJ1;1000.2250;1000.2250;1000.2250;09-Sep-2013
104491;Religare Invesco Liquid Fund - Institutional - Growth;INF205K01HI3;;1637.5621;1637.5621;1637.5621;09-Sep-2013

JM Financial Mutual Fund
100237;JM High Liquidity Fund-- Institutional Plan - Growth;INF192K01940;;20.0623;20.0623;20.0623;09-Sep-2013
100238;JM High Liquidity Fund-Institutional Plan - Daily Dividend;;INF192K01916;10.0159;10.0159;10.0159;09-Sep-2013
120410;JM Liquid Fund (Direct) - Bonus Option - Bonus Option - Principal units;INF192K01CN4;;10.6469;10.6469;10.6469;09-Sep-2013
120411;JM Liquid Fund (Direct) - Daily IDCW;;INF192K01CH6;10.4302;10.4302;10.4302;09-Sep-2013
120406;JM Liquid Fund (Direct) - Growth Option;INF192K01CM6;;33.2417;33.2417;33.2417;09-Sep-2013
120408;JM Liquid Fund (Direct) - Quarterly IDCW;INF192K01CK0;INF192K01CL8;18.8210;18.8210;18.8210;09-Sep-2013
120407;JM Liquid Fund (Direct) - Weekly IDCW;INF192K01CI4;INF192K01CJ2;11.0257;11.0257;11.0257;09-Sep-2013
100244;JM Liquid Fund (Regular) - Quarterly IDCW;INF192K01866;INF192K01874;18.8029;18.8029;18.8029;09-Sep-2013
100247;JM Liquid Fund (Regular) - Super Institutional Plan - Growth Option;INF192K01981;;19.1027;19.1027;19.1027;09-Sep-2013
100233;JM Liquid Fund (Regular) - Weekly IDCW;INF192K01841;INF192K01858;11.0228;11.0228;11.0228;09-Sep-2013
100234;JM Liquid Fund - Growth Option;INF192K01882;;33.2201;33.2201;33.2201;09-Sep-2013
101549;JM Liquid Fund (Regular) - Bonus Option - Principal Units;INF192K01890;;10.6373;10.6373;10.6373;09-Sep-2013
101078;JM Liquid Fund (Regular) - Daily IDCW;;INF192K01833;10.4302;10.4302;10.4302;09-Sep-2013

Kotak Mahindra Mutual Fund
119764;Kotak Liquid Fund - Direct Plan - Daily Reinvestment of Income Distribution cum capital withdrawal option;;INF174K01NH1;1222.81;1222.81;1222.81;09-Sep-2013
119766;Kotak Liquid Fund - Direct Plan - Growth;INF174K01NE8;;2471.2987;2471.2987;2471.2987;09-Sep-2013
100833;Kotak Liquid Fund - Regular  - Daily Reinvestment of Income Distribution cum capital withdrawal option;;INF174K01NL3;1222.81;1222.81;1222.81;09-Sep-2013
100835;Kotak Liquid Fund - Regular Plan - Growth;INF174K01NI9;;2470.4648;2470.4648;2470.4648;09-Sep-2013
119765;Kotak Liquid Fund - Weekly  Payout of Income Distribution cum capital withdrawal option - Direct;INF174K01NF5;INF174K01NG3;1003.7191;1003.7191;1003.7191;09-Sep-2013
100831;Kotak Liquid Fund -Institutional Plan - (Daily Dividend);;INF174K01GA0;1222.81;1222.81;1222.81;09-Sep-2013
100834;Kotak Liquid Fund Regular Plan Weekly Reinvestment of Income Distribution cum capital withdrawal option Dividend;INF174K01NK5;;1002.0862;1002.0862;1002.0862;09-Sep-2013
100830;Kotak Liquid-Institutional Plan  (Growth);INF174K01FZ9;;2375.3325;2375.3325;2375.3325;09-Sep-2013
100832;Kotak Liquid-Institutional Plan (Weekly Dividend);;INF174K01GB8;1011.0634;1011.0634;1011.0634;09-Sep-2013
100828;Kotak Liquid-Regular (Dividend);;INF174K01FY2;1004.1153;1004.1153;1004.1153;09-Sep-2013
100829;Kotak Liquid-Regular (Growth);INF174K01NM1;;2291.8146;2291.8146;2291.8146;09-Sep-2013

L&T Mutual Fund
122235;L&T Liquid Fund - Direct Plan - Weekly IDCW;;INF917K01HE2;1000.4408;1000.4408;1000.4408;09-Sep-2013
119791;L&T Liquid Fund - Direct Plan -Daily IDCW;INF917K01HG7;;1011.9470;1011.9470;1011.9470;09-Sep-2013
119790;L&T Liquid Fund - Direct Plan -Growth;INF917K01HF9;;1669.7907;1669.7907;1669.7907;09-Sep-2013
112458;L&T Liquid Fund - Regular Plan - Weekly IDCW;INF917K01BK2;INF917K01JG3;1000.5086;1000.5086;1000.5086;09-Sep-2013
112445;L&T Liquid Fund -Regular Plan - Daily IDCW;INF917K01JB4;;1011.6349;1011.6349;1011.6349;09-Sep-2013
112457;L&T Liquid Fund -Regular Plan - Growth;INF917K01JH1;;1669.4943;1669.4943;1669.4943;09-Sep-2013
112456;L&T Liquid Fund-Cum -Institutional Plus;INF917K01BJ4;;2435.5129;2435.5129;2435.5129;09-Sep-2013
112442;L&T Liquid Fund-Regular Cumulative;INF917K01BF2;;2356.7628;2356.7628;2356.7628;09-Sep-2013

LIC Mutual Fund
120248;LIC MF Liquid Fund-Direct Plan-Daily IDCW;INF767K01DL5;INF767K01DM3;1098.0000;1098.0000;1098.0000;09-Sep-2013
120249;LIC MF Liquid Fund-Direct Plan-Growth;INF767K01DN1;;2209.8843;2209.8843;2209.8843;09-Sep-2013
101184;LIC MF Liquid Fund-Regular Plan-Daily IDCW;INF767K01IQ3;INF767K01IR1;1098.0000;1098.0000;1098.0000;09-Sep-2013
101185;LIC MF Liquid Fund-Regular Plan-Growth;INF767K01IS9;;2208.8295;2208.8295;2208.8295;09-Sep-2013

Mirae Asset Mutual Fund
118859;Mirae Asset Liquid Fund - Direct Plan - Growth;INF769K01CM1;;1298.4213;1298.4213;1298.4213;09-Sep-2013
118862;Mirae Asset Liquid Fund - Direct Plan - Weekly IDCW;INF769K01PD2;INF769K01CP4;1179.5776;1179.5776;1179.5776;09-Sep-2013
118861;Mirae Asset Liquid Fund - Direct Plan -Daily IDCW;;INF769K01CO7;1057.4149;1057.4149;1057.4149;09-Sep-2013
111647;Mirae Asset Liquid Fund - Regular - Daily IDCW;;INF769K01804;1050.0784;1050.0784;1050.0784;09-Sep-2013
111646;Mirae Asset Liquid Fund - Regular Plan - Growth;INF769K01788;;1297.2994;1297.2994;1297.2994;09-Sep-2013
111645;Mirae Asset Liquid Fund - Regular Plan - Monthly IDCW;INF769K01838;INF769K01820;1138.6853;1138.6853;1138.6853;09-Sep-2013
111644;Mirae Asset Liquid Fund - Regular Plan - Weekly IDCW;INF769K01PC4;INF769K01812;1136.2263;1136.2263;1136.2263;09-Sep-2013

Navi Mutual Fund
119163;Navi Liquid Fund - Direct Plan Daily IDCW - ReInvestment;;INF959L01GK1;10.0047;10.0047;10.0047;09-Sep-2013
119161;Navi Liquid Fund - Direct Plan Monthly IDCW - Payout;INF959L01GG9;INF959L01GH7;10.0354;10.0354;10.0354;09-Sep-2013
119162;Navi Liquid Fund - Direct Plan Weekly IDCW - Payout;INF959L01GI5;INF959L01GJ3;10.0250;10.0250;10.0250;09-Sep-2013
112645;Navi Liquid Fund - Regular Plan Daily IDCW;;INF959L01GM7;10.0047;10.0047;10.0047;09-Sep-2013
112647;Navi Liquid Fund - Regular Plan Monthly IDCW;INF959L01GN5;INF959L01GO3;10.0343;10.0343;10.0343;09-Sep-2013
112646;Navi Liquid Fund - Regular Plan Weekly IDCW;INF959L01GP0;INF959L01GQ8;10.0250;10.0250;10.0250;09-Sep-2013
119164;Navi Liquid Fund-Direct Plan-Growth Option;INF959L01GF1;;13.3501;13.3501;13.3501;09-Sep-2013
112637;Navi Liquid Fund-Institutional Plan-Dividend Option-Daily;;INF959L01197;10.0048;10.0048;10.0048;09-Sep-2013
112640;Navi Liquid Fund-Institutional Plan-Growth;INF959L01247;;12.9305;12.9305;12.9305;09-Sep-2013
112636;Navi Liquid Fund-Regular Plan-Growth Option;INF959L01GL9;;13.3455;13.3455;13.3455;09-Sep-2013
112641;Navi Liquid Fund-Retail Plan-Dividend Option-Daily;;INF959L01254;10.0048;10.0048;10.0048;09-Sep-2013
112643;Navi Liquid Fund-Retail Plan-Dividend Option-Monthly;INF959L01262;INF959L01270;10.0249;10.0249;10.0249;09-Sep-2013
112642;Navi Liquid Fund-Retail Plan-Dividend Option-Weekly;INF959L01288;INF959L01296;10.0189;10.0189;10.0189;09-Sep-2013
112644;Navi Liquid Fund-Retail Plan-Growth;INF959L01304;;12.6876;12.6876;12.6876;09-Sep-2013

Nippon India Mutual Fund
100852;NIPPON INDIA LIQUID FUND - DAILY IDCW OPTION;;INF204K01UM1;1528.7400;1528.7400;1528.7400;09-Sep-2013
118695;NIPPON INDIA LIQUID FUND - DIRECT Plan - DAILY IDCW OPTION;;INF204K01ZG2;1528.7400;1528.7400;1528.7400;09-Sep-2013
118696;NIPPON INDIA LIQUID FUND - DIRECT Plan - MONTHLY IDCW OPTION;INF204K01ZI8;INF204K01ZJ6;1597.0924;1597.0924;1597.0924;09-Sep-2013
118698;NIPPON INDIA LIQUID FUND - DIRECT Plan - QUARTERLY IDCW OPTION;INF204K01ZK4;INF204K01ZL2;1024.5927;1024.5927;1024.5927;09-Sep-2013
118700;NIPPON INDIA LIQUID FUND - DIRECT Plan - WEEKLY IDCW OPTION;INF204KC1FN6;INF204K01ZM0;1531.6177;1531.6177;1531.6177;09-Sep-2013
118701;Nippon India Liquid Fund - Direct Plan Growth Plan - Growth Option;INF204K01ZH0;;2967.6544;2967.6544;2967.6544;09-Sep-2013
100855;NIPPON INDIA LIQUID FUND - MONTHLY IDCW OPTION;INF204K01UO7;INF204K01UP4;1593.6948;1593.6948;1593.6948;09-Sep-2013
112340;NIPPON INDIA LIQUID FUND - QUARTERLY IDCW OPTION;INF204K01UQ2;INF204K01UR0;1021.4812;1021.4812;1021.4812;09-Sep-2013
100837;Nippon India Liquid Fund - Retail Option - Growth Plan;INF204K01UL3;;2865.7076;2865.7076;2865.7076;09-Sep-2013
100842;NIPPON INDIA LIQUID FUND - RETAIL Plan - DAILY IDCW OPTION;;INF204K01UJ7;1524.2800;1524.2800;1524.2800;09-Sep-2013
100843;NIPPON INDIA LIQUID FUND - RETAIL plan - MONTHLY IDCW OPTION;INF204K01UT6;INF204K01UU4;1334.4041;1334.4041;1334.4041;09-Sep-2013
100844;NIPPON INDIA LIQUID FUND - RETAIL Plan - QUARTERLY IDCW OPTION;INF204K01UV2;INF204K01UW0;1236.1192;1236.1192;1236.1192;09-Sep-2013
100838;NIPPON INDIA LIQUID FUND - RETAIL Plan - WEEKLY IDCW OPTION;;INF204K01UK5;1034.9845;1034.9845;1034.9845;09-Sep-2013
100853;NIPPON INDIA LIQUID FUND - WEEKLY IDCW OPTION;INF204KC1FM8;INF204K01US8;1531.6089;1531.6089;1531.6089;09-Sep-2013
100851;Nippon India Liquid Fund -Growth Plan;INF204K01UN9;;2965.9808;2965.9808;2965.9808;09-Sep-2013
118610;Reliance Liquid Fund - Cash Plan - Direct Plan - Growth Plan - Growth Option;;;1962.7079;1962.7079;1962.7079;09-Sep-2013
118618;Reliance Liquid Fund - Cash Plan - Direct Plan Daily Dividend Reinvestment Option;;;1114.1500;1114.1500;1114.1500;09-Sep-2013
118609;Reliance Liquid Fund - Cash Plan - Direct Plan Monthly Dividend Plan;;;1009.1225;1009.1225;1009.1225;09-Sep-2013
118612;Reliance Liquid Fund - Cash Plan - Direct Plan Quarterly Dividend Plan;;;1028.2969;1028.2969;1028.2969;09-Sep-2013
118611;Reliance Liquid Fund - Cash Plan - Direct Plan Weekly Dividend Reinvestment Option;;;1092.5995;1092.5995;1092.5995;09-Sep-2013
100849;Reliance Liquid Fund-Cash Plan-Daily Dividend Reinvestment Option;;;1114.1500;1114.1500;1114.1500;09-Sep-2013
100845;Reliance Liquid Fund-Cash Plan-Growth Plan;;;1957.8901;1957.8901;1957.8901;09-Sep-2013
114251;Reliance Liquid Fund-Cash Plan-Monthly Dividend Plan;;;1006.2459;1006.2459;1006.2459;09-Sep-2013
114252;Reliance Liquid Fund-Cash Plan-Quarterly Dividend Plan;;;1021.6159;1021.6159;1021.6159;09-Sep-2013
100848;Reliance Liquid Fund-Cash Plan-Weekly Dividend Reinvestment Option;;;1092.5653;1092.5653;1092.5653;09-Sep-2013

Principal Mutual Fund
100895;Principal Cash Management Fund - Daily Income Distribution CUM Capital Withdrawal;;INF173K01DB7;1000.0700;1000.0700;1000.0700;09-Sep-2013
119468;Principal Cash Management Fund - Direct Plan - Growth Option;INF173K01GU0;;1184.3661;1184.3661;1184.3661;09-Sep-2013
119467;Principal Cash Management Fund - Direct Plan - Income Distribution CUM Capital Withdrawal Option - Daily;;INF173K01GT2;1000.3870;1000.3870;1000.3870;09-Sep-2013
119469;Principal Cash Management Fund - Direct Plan - Income Distribution CUM Capital Withdrawal Option - Weekly;;INF173K01GY2;1008.2184;1008.2184;1008.2184;09-Sep-2013
100897;Principal Cash Management Fund - Monthly Income Distribution CUM Capital Withdrawal Option;INF173K01BV9;INF173K01BW7;1027.8183;1027.8183;1027.8183;09-Sep-2013
100896;Principal Cash Management Fund - Weekly Income Distribution CUM Capital Withdrawal Option;;INF173K01DC5;1007.4526;1007.4526;1007.4526;09-Sep-2013
119466;Principal Cash Management Fund -Direct Plan - Income Distribution CUM Capital Withdrawal Option - Monthly;INF173K01GV8;INF173K01GW6;1027.8828;1027.8828;1027.8828;09-Sep-2013
100898;Principal Cash Management Fund -Growth Option;INF173K01DA9;;1183.5235;1183.5235;1183.5235;09-Sep-2013

quant Mutual Fund
120837;quant Liquid Fund - Growth Option - Direct Plan;INF966L01820;;18.8462;18.8462;18.8462;09-Sep-2013
103225;quant Liquid Fund - Growth Option - Regular Plan;INF966L01317;;18.8201;18.8201;18.8201;09-Sep-2013
120838;quant Liquid Fund - Monthly IDCW Option - Direct Plan;INF966L01796;INF966L01812;15.1063;15.1063;15.1063;09-Sep-2013
103228;quant Liquid Fund - Monthly IDCW Option - Regular Plan;INF966L01291;INF966L01309;15.0739;15.0739;15.0739;09-Sep-2013
120839;quant Liquid Fund - Weekly IDCW Option - Direct Plan;INF966L01788;INF966L01804;13.4679;13.4679;13.4679;09-Sep-2013
103227;quant Liquid Fund - Weekly IDCW Option - Regular Plan;INF966L01499;INF966L01283;13.4679;13.4679;13.4679;09-Sep-2013
120836;quant Liquid Fund-Daily IDCW Option - Direct Plan;;INF966L01770;13.7752;13.7752;13.7752;09-Sep-2013
103226;quant Liquid Fund-Daily IDCW Option - Regular Plan;;INF966L01275;13.7449;13.7449;13.7449;09-Sep-2013

Quantum Mutual Fund
103736;Quantum Liquid Fund - Direct Plan Daily IDCW;;INF082J01135;10.0077;10.0077;10.0077;09-Sep-2013
103734;Quantum Liquid Fund - Direct Plan Growth Option;INF082J01127;;17.1861;17.1861;17.1861;09-Sep-2013
103735;Quantum Liquid Fund - Direct Plan Monthly IDCW;INF082J01143;INF082J01200;10.0458;10.0458;10.0458;09-Sep-2013

SBI Mutual Fund
119804;SBI Liquid Fund - Direct Paln - Fortnightly Income Distribution cum Capital Withdrawal Option (IDCW);INF200K01UR8;INF200K01US6;N.A.;N.A.;N.A.;09-Sep-2013
119805;SBI Liquid Fund - Direct Plan - Daily Income Distribution cum Capital Withdrawal Option (IDCW);;INF200K01UQ0;1003.2500;1003.2500;1003.2500;09-Sep-2013
119799;SBI Liquid Fund - Direct Plan - Weekly Income Distribution cum Capital Withdrawal Option (IDCW);INF200K01UU2;INF200K01UV0;1061.6652;1061.6652;1061.6652;09-Sep-2013
119800;SBI Liquid Fund - DIRECT PLAN -Growth;INF200K01UT4;;1915.1634;1915.1634;1915.1634;09-Sep-2013
105274;SBI Liquid Fund - Institutional - Growth;INF200K01LU1;;1932.4083;1932.4083;1932.4083;09-Sep-2013
105275;SBI Liquid Fund - Institutional Daily Income Distribution cum Capital Withdrawal Option (IDCW);;INF200K01LR7;1003.2500;1003.2500;1003.2500;09-Sep-2013
105279;SBI Liquid Fund - Institutional Fortnightly Income Distribution cum Capital Withdrawal Option (IDCW);INF200K01LS5;INF200K01LT3;1025.7907;1025.7907;1025.7907;09-Sep-2013
105278;SBI Liquid Fund - Institutional Weekly Income Distribution cum Capital Withdrawal Option (IDCW);INF200K01LV9;INF200K01LW7;1060.9508;1060.9508;1060.9508;09-Sep-2013
105281;SBI Liquid Fund - Regular Plan - Daily Income Distribution cum Capital Withdrawal Option (IDCW);;INF200K01LX5;1003.2500;1003.2500;1003.2500;09-Sep-2013
105283;SBI Liquid Fund - Regular Plan - Fortnightly Income Distribution cum Capital Withdrawal Option (IDCW);INF200K01LY3;INF200K01LZ0;1014.4583;1014.4583;1014.4583;09-Sep-2013
105282;SBI Liquid Fund - Regular Plan - Weekly Income Distribution cum Capital Withdrawal Option (IDCW);INF200K01MB9;INF200K01MC7;1061.6605;1061.6605;1061.6605;09-Sep-2013
105280;SBI Liquid Fund - REGULAR PLAN -Growth;INF200K01MA1;;1914.4673;1914.4673;1914.4673;09-Sep-2013

Sundaram Mutual Fund
119690;Sundaram Money Fund Direct Plan - Bonus;INF903J01RL8;;25.6906;25.6906;25.6906;09-Sep-2013
119688;Sundaram Money Fund Direct Plan - Daily Reinvestment of Income Distribution cum Capital Withdrawal (IDCW);;INF903J01QA3;10.1025;10.1025;10.1025;09-Sep-2013
119692;Sundaram Money Fund Direct Plan - Fortnightly Reinvestment of Income Distribution cum Capital Withdrawal (IDCW);;INF903J01QB1;25.2297;25.2297;25.2297;09-Sep-2013
119686;Sundaram Money Fund Direct Plan - Growth;INF903J01QF2;;25.6888;25.6888;25.6888;09-Sep-2013
119687;Sundaram Money Fund Direct Plan - Monthly Income Distribution cum Capital Withdrawal (IDCW);INF903J01QC9;INF903J01QD7;10.5520;10.5520;10.5520;09-Sep-2013
119689;Sundaram Money Fund Direct Plan - Quarterly Reinvestment of Income Distribution cum Capital Withdrawal (IDCW);;INF903J01QE5;13.2255;13.2255;13.2255;09-Sep-2013
119691;Sundaram Money Fund Direct Plan - Weekly Reinvestment of Income Distribution cum Capital Withdrawal (IDCW);;INF903J01QG0;11.3361;11.3361;11.3361;09-Sep-2013
102701;Sundaram Money Fund Institutional Plan - Daily Reinvestment of Income Distribution cum Capital Withdrawal (IDCW);;INF903J01GP2;10.0953;10.0953;10.0953;09-Sep-2013
102703;Sundaram Money Fund Institutional Plan - Growth;INF903J01GN7;;25.0444;25.0444;25.0444;09-Sep-2013
118328;Sundaram Money Fund Regular Plan - Bonus;INF903J01MB0;;25.6836;25.6836;25.6836;09-Sep-2013
103392;Sundaram Money Fund Regular Plan - Daily Reinvestment of Income Distribution cum Capital Withdrawal (IDCW);;INF903J01GW8;10.0953;10.0953;10.0953;09-Sep-2013
103395;Sundaram Money Fund Regular Plan - Fortnightly Reinvestment of Income Distribution cum Capital Withdrawal (IDCW);;INF903J01GY4;10.7039;10.7039;10.7039;09-Sep-2013
103397;Sundaram Money Fund Regular Plan - Growth;INF903J01GU2;;25.6823;25.6823;25.6823;09-Sep-2013
103396;Sundaram Money Fund Regular Plan - Monthly Income Distribution cum Capital Withdrawal (IDCW);INF903J01GV0;INF903J01GZ1;10.4125;10.4125;10.4125;09-Sep-2013
103393;Sundaram Money Fund Regular Plan - Quarterly Reinvestment of Income Distribution cum Capital Withdrawal (IDCW);;INF903J01HA2;13.2240;13.2240;13.2240;09-Sep-2013
100620;Sundaram Money Fund Retail Plan - Daily Reinvestment of Income Distribution cum Capital Withdrawal (IDCW);;INF903J01GI7;10.0953;10.0953;10.0953;09-Sep-2013
100622;Sundaram Money Fund Retail Plan - Fortnightly Reinvestment of Income Distribution cum Capital Withdrawal (IDCW);;INF903J01GK3;10.6536;10.6536;10.6536;09-Sep-2013
100618;Sundaram Money Fund Retail Plan - Growth;INF903J01GG1;;23.9998;23.9998;23.9998;09-Sep-2013
100623;Sundaram Money Fund Retail Plan - Monthly Income Distribution cum Capital Withdrawal (IDCW);INF903J01GH9;INF903J01GL1;10.4253;10.4253;10.4253;09-Sep-2013
100619;Sundaram Money Fund Retail Plan - Quarterly Reinvestment of Income Distribution cum Capital Withdrawal (IDCW);;INF903J01GM9;13.4306;13.4306;13.4306;09-Sep-2013
100621;Sundaram Money Fund Retail Plan - Weekly Reinvestment of Income Distribution cum Capital Withdrawal (IDCW);;INF903J01GJ5;11.0623;11.0623;11.0623;09-Sep-2013
103394;Sundaram Money Fund Regular Plan - Weekly Reinvestment of Income Distribution cum Capital Withdrawal (IDCW);;INF903J01GX6;11.1030;11.1030;11.1030;09-Sep-2013

Tata Mutual Fund
102672;Tata Liquid Fund -Regular Plan - Growth Option;INF277K01YD8;;19.1524;19.1524;19.1524;09-Sep-2013
119862;Tata Liquid Fund- Direct Plan - Daily Reinvestment of IDCW Option;;INF277K012D2;10.0152;10.0152;10.0152;09-Sep-2013
119861;Tata Liquid Fund- Direct Plan-Growth Option;INF277K01YE6;;19.1721;19.1721;19.1721;09-Sep-2013
101714;Tata Liquid Fund- Regular Plan - Daily Reinvestment of IDCW Option;;INF277K011D4;10.0152;10.0152;10.0152;09-Sep-2013

Taurus Mutual Fund
111915;Taurus Liquid Fund - Regular Plan - SI Growth Option;INF044D01534;;1315.1178;1315.1178;1315.1178;09-Sep-2013
113248;Taurus Liquid Fund - Regular Plan - SI Weekly Dividend Option;;INF044D01526;1001.1417;1001.1417;1001.1417;09-Sep-2013
111703;Taurus Liquid Fund - Regular Plan -SI Daily Dividend Option;;INF044D01518;1000.0905;1000.0905;1000.0905;09-Sep-2013
111547;Taurus Liquid Fund Insti DDRIP;;INF044D01484;1000.0905;1000.0905;1000.0905;09-Sep-2013
111760;Taurus Liquid Fund Insti Growth;INF044D01500;;1338.7002;1338.7002;1338.7002;09-Sep-2013
118891;Taurus Liquid Fund-Direct Plan-SI Daily Dividend Option;;INF044D01DI0;1000.0905;1000.0905;1000.0905;09-Sep-2013
118893;Taurus Liquid Fund-Direct Plan-SI Growth Option;INF044D01DK6;;1315.5853;1315.5853;1315.5853;09-Sep-2013
118892;Taurus Liquid Fund-Direct Plan-SI Weekly Dividend Option;;INF044D01DJ8;1001.1594;1001.1594;1001.1594;09-Sep-2013
104240;Taurus Liquid Fund-Dividend;INF044D01542;INF044D01559;1001.2175;1001.2175;1001.2175;09-Sep-2013
104241;Taurus Liquid Fund-Growth;INF044D01575;;1580.9283;1580.9283;1580.9283;09-Sep-2013

Union Mutual Fund
115401;Union Liquid Fund - Daily IDCW Option;;INF582M01021;1000.6489;1000.6489;1000.6489;09-Sep-2013
119301;Union Liquid Fund - Direct Plan - Daily IDCW Option;;INF582M01682;1000.6506;1000.6506;1000.6506;09-Sep-2013
119305;Union Liquid Fund - Direct Plan - Fortnightly IDCW Option;INF582M01724;INF582M01708;1004.3035;1004.3035;1004.3035;09-Sep-2013
119303;Union Liquid Fund - Direct Plan - Growth Option;INF582M01674;;1221.0974;1221.0974;1221.0974;09-Sep-2013
119302;Union Liquid Fund - Direct Plan - Monthly IDCW Option;INF582M01732;INF582M01716;1004.3255;1004.3255;1004.3255;09-Sep-2013
119304;Union Liquid Fund - Direct Plan - Weekly IDCW Option;;INF582M01690;1002.2827;1002.2827;1002.2827;09-Sep-2013
115399;Union Liquid Fund - Fortnightly IDCW Option;INF582M01062;INF582M01047;1004.2996;1004.2996;1004.2996;09-Sep-2013
115398;Union Liquid Fund - Growth Option;INF582M01013;;1220.6773;1220.6773;1220.6773;09-Sep-2013
115400;Union Liquid Fund - Monthly IDCW Option;INF582M01070;INF582M01054;1004.3004;1004.3004;1004.3004;09-Sep-2013
115402;Union Liquid Fund - Weekly IDCW Option;;INF582M01039;1002.2713;1002.2713;1002.2713;09-Sep-2013

UTI Mutual Fund
120558;UTI Liquid Fund - Direct Plan - Daily IDCW (Reinvestment);;INF789F01XP8;1019.4457;1019.4457;1019.4457;09-Sep-2013
120794;UTI Liquid Fund - Direct Plan - Monthly IDCW;INF789F01XR4;INF789F01XS2;1027.2295;1027.2295;1027.2295;09-Sep-2013
120777;UTI Liquid Fund - Direct Plan - Weekly IDCW;;INF789F01XT0;1054.5393;1054.5393;1054.5393;09-Sep-2013
102010;UTI Liquid Fund - Regular Plan - Daily IDCW (Reinvestment);;INF789F01PG3;1019.4457;1019.4457;1019.4457;09-Sep-2013
102011;UTI Liquid Fund - Regular Plan - Monthly IDCW;INF789F01PI9;INF789F01PJ7;1027.2097;1027.2097;1027.2097;09-Sep-2013
102013;UTI Liquid Fund - Regular Plan - Weekly IDCW;;INF789F01PK5;1054.5226;1054.5226;1054.5226;09-Sep-2013
120304;UTI-  Liquid Cash Plan - Direct Plan - Growth Option;INF789F01XQ6;;1997.001;1997.001;1997.001;09-Sep-2013
102012;UTI-  Liquid Cash Plan - Regular Plan - Growth Option;INF789F01PH1;;1995.6244;1995.6244;1995.6244;09-Sep-2013
102008;UTI-  Liquid Cash Plan- Discontinued - Regular Plan - Monthly Dividend Option;INF789F01BC2;INF789F01BA6;1134.0111;1134.0111;0;09-Sep-2013
102009;UTI-  Liquid Cash Plan- Discontinued - Regular Plan -Growth;INF789F01BB4;;1929.7206;1929.7206;0;09-Sep-2013
102007;UTI-  Liquid Cash Plan- Discontinued -Regular Plan Periodic Dividend Option;;INF789F01AZ5;1136.163;1136.163;0;09-Sep-2013

Open Ended Schemes ( Debt Scheme - Ultra Short Duration Fund )


Principal Mutual Fund
119475;Principal Ultra Short Term Fund- Direct Plan - Income Distribution CUM Capital Withdrawal Option - Monthly;INF173K01HK9;INF173K01HJ1;1064.3745;1059.0526;1064.3745;09-Sep-2013
119474;Principal Ultra Short Term Fund- Direct Plan -Growth Option;INF173K01HI3;;1369.0479;1362.2027;1369.0479;09-Sep-2013
107329;Principal Ultra Short Term Fund-Daily Income Distribution CUM Capital Withdrawal Option;;INF173K01CV7;1005.4300;1000.4029;1005.4300;09-Sep-2013
107328;Principal Ultra Short Term Fund-Growth Option;INF173K01CU9;;1368.1087;1361.2682;1368.1087;09-Sep-2013
107330;Principal Ultra Short Term Fund-Monthly Income Distribution CUM Capital Withdrawal Option;INF173K01CB9;INF173K01CC7;1064.2877;1058.9663;1064.2877;09-Sep-2013
107332;Principal Ultra Short Term Fund-Weekly Income Distribution CUM Capital Withdrawal Option;;INF173K01CW5;1013.4691;1008.4018;1013.4691;09-Sep-2013

SBI Mutual Fund
119784;SBI Ultra Short Duration Fund - Direct Plan - Daily Income Distribution cum Capital Withdrawal Option (IDCW);;INF200K01TG3;1675.0300;1673.3550;1675.0300;09-Sep-2013
119828;SBI ULTRA SHORT DURATION FUND - DIRECT PLAN - GROWTH;INF200K01TF5;;2694.2803;2691.5860;2694.2803;09-Sep-2013
119829;SBI Ultra Short Duration Fund - Direct Plan - Weekly Income Distribution cum Capital Withdrawal Option (IDCW);INF200K01TH1;INF200K01TI9;1078.2181;1077.1399;1078.2181;09-Sep-2013
105080;SBI Ultra Short Duration Fund - Regular Plan - Daily Income Distribution cum Capital Withdrawal Option (IDCW);;INF200K01LK2;1675.0300;1673.3550;1675.0300;09-Sep-2013
100641;SBI ULTRA SHORT DURATION FUND - REGULAR PLAN - GROWTH;INF200K01LJ4;;2693.4844;2690.7909;2693.4844;09-Sep-2013
103884;SBI Ultra Short Duration Fund - Regular Plan - Weekly Income Distribution cum Capital Withdrawal Option (IDCW);INF200K01LM8;INF200K01LL0;1078.2122;1077.1340;1078.2122;09-Sep-2013

Open Ended Schemes ( Debt Scheme - Money Market Fund )


Aditya Birla Sun Life Mutual Fund
101973;Aditya Birla Sun Life Money Manager Fund - Daily IDCW;;INF209K01SZ6;100.0200;100.0200;100.0200;09-Sep-2013
119513;Aditya Birla Sun Life Money Manager Fund - Direct - daily IDCW;;INF209K01UT5;100.0200;100.0200;100.0200;09-Sep-2013
119512;Aditya Birla Sun Life Money Manager Fund - Direct - weekly IDCW;INF209K01UV1;INF209KA1LM3;100.1656;100.1656;100.1656;09-Sep-2013
101976;Aditya Birla Sun Life Money Manager Fund - Growth;INF209K01RV7;;161.9421;161.9421;161.9421;09-Sep-2013
119511;Aditya Birla Sun Life Money Manager Fund - Growth - Direct Plan;INF209K01UU3;;161.9765;161.9765;161.9765;09-Sep-2013
101972;Aditya Birla Sun Life Money Manager Fund - Retail - Daily IDCW;;INF209K01JZ5;100.0150;100.0150;100.0150;09-Sep-2013
101970;Aditya Birla Sun Life Money Manager Fund - RETAIL - WEEKLY IDCW;;INF209K01JY8;103.8349;103.8349;103.8349;09-Sep-2013
101971;Aditya Birla Sun Life Money Manager Fund - Retail Growth;INF209K01MJ3;;199.8704;199.8704;199.8704;09-Sep-2013
101974;Aditya Birla Sun Life Money Manager Fund - WEEKLY IDCW;;INF209K01SY9;100.1652;100.1652;100.1652;09-Sep-2013

HDFC Mutual Fund
101994;HDFC Money Market Fund - Daily IDCW Option;;INF179KB1IG6;10.6364;10.6364;10.6364;09-Sep-2013
119093;HDFC Money Market Fund - Daily IDCW Option - Direct Plan;;INF179KB1HZ8;10.6364;10.6364;10.6364;09-Sep-2013
101993;HDFC Money Market Fund - Growth Option;INF179KB1HR5;;25.4299;25.4299;25.4299;09-Sep-2013
119092;HDFC Money Market Fund - Growth Option - Direct Plan;INF179KB1HU9;;25.4408;25.4408;25.4408;09-Sep-2013
101995;HDFC Money Market Fund - Weekly IDCW Option;INF179KB1IH4;INF179KB1II2;10.6334;10.6334;10.6334;09-Sep-2013
119094;HDFC Money Market Fund - Weekly IDCW Option -Direct Plan;INF179KB1IA9;INF179KB1IB7;10.6335;10.6335;10.6335;09-Sep-2013

ICICI Prudential Mutual Fund
115328;ICICI Prudential Money Market Fund Dividend;INF109K01I72;;100.1068;100.1068;100.1068;09-Sep-2013
120209;ICICI Prudential Money Market Fund Option - Direct Plan -  Daily IDCW;;INF109K01R22;100.1429;100.1429;100.1429;09-Sep-2013
120210;ICICI Prudential Money Market Fund Option - Direct Plan -  Fortnightly IDCW;INF109K01R55;;100.8957;100.8957;100.8957;09-Sep-2013
120211;ICICI Prudential Money Market Fund Option - Direct Plan -  Growth;INF109K01R14;;168.7146;168.7146;168.7146;09-Sep-2013
120213;ICICI Prudential Money Market Fund Option - Direct Plan -  Monthly IDCW;INF109K01R63;INF109K01R71;100.7343;100.7343;100.7343;09-Sep-2013
120212;ICICI Prudential Money Market Fund Option - Direct Plan -  Weekly IDCW;INF109K01R89;;100.5600;100.5600;100.5600;09-Sep-2013
101221;ICICI Prudential Money Market Fund Retail Growth (erstwhile Cash Option);INF109K01TW3;;191.1975;191.1975;191.1975;09-Sep-2013
103634;ICICI Prudential Money Market Fund Option - Daily IDCW;INF109K01TY9;;100.1289;100.1289;100.1289;09-Sep-2013
103633;ICICI Prudential Money Market Fund Option - Growth;INF109K01TX1;;168.6498;168.6498;168.6498;09-Sep-2013
103637;ICICI Prudential Money Market Fund Option - Monthly IDCW;INF109K01UC3;INF109K01UB5;100.5843;100.5843;100.5843;09-Sep-2013
103635;ICICI Prudential Money Market Fund Option - Weekly IDCW;INF109K01TZ6;;100.2580;100.2580;100.2580;09-Sep-2013
103636;ICICI Prudential Money Market Fund Option -Fortnightly IDCW;INF109K01UA7;;100.5069;100.5069;100.5069;09-Sep-2013

Kotak Mahindra Mutual Fund
106842;Kotak Money Market Fund - (Daily Reinvestment of Income Distribution cum capital withdrawal option);INF174K01ND0;;1011.62;1011.62;1011.62;09-Sep-2013
119745;Kotak Money Market Fund - (Daily Reinvestment of Income Distribution cum capital withdrawal option) - Direct;INF174K01MZ5;;1011.62;1011.62;1011.62;09-Sep-2013
101893;Kotak Money Market Fund - (Growth);INF174K01NA6;;1996.2581;1996.2581;1996.2581;09-Sep-2013
119746;Kotak Money Market Fund - (Growth) - Direct;INF174K01MW2;;1996.9496;1996.9496;1996.9496;09-Sep-2013
101892;Kotak Money market Fund - (Monthly Payout of Income Distribution cum capital withdrawal option);INF174K018O0;INF174K01NB4;1009.7272;1009.7272;1009.7272;09-Sep-2013
119747;Kotak Money Market Fund - (Monthly Payout of Income Distribution cum capital withdrawal option) - Direct;INF174K019O8;INF174K01MX0;1015.1099;1015.1099;1015.1099;09-Sep-2013
101894;Kotak Money Market Fund - (Weekly Reinvestment of Income Distribution cum capital withdrawal option);INF174K01NC2;;1014.0606;1014.0606;1014.0606;09-Sep-2013
119748;Kotak Money Market Fund - (Weekly Reinvestment of Income Distribution cum capital withdrawal option) - Direct;INF174K01MY8;;1015.7332;1015.7332;1015.7332;09-Sep-2013

Nippon India Mutual Fund
103050;NIPPON INDIA MONEY MARKET FUND - DAILY IDCW Option;;INF204K01UY6;1000.5100;1000.5100;1000.5100;09-Sep-2013
118718;NIPPON INDIA MONEY MARKET FUND - DIRECT Plan - DAILY IDCW Option;;INF204K01ZN8;1000.5100;1000.5100;1000.5100;09-Sep-2013
118720;NIPPON INDIA MONEY MARKET FUND - DIRECT Plan - MONTHLY IDCW Option;INF204K01ZQ1;INF204K01ZR9;1005.9344;1005.9344;1005.9344;09-Sep-2013
118716;NIPPON INDIA MONEY MARKET FUND - DIRECT Plan - QUARTERLY IDCW Option;INF204K01ZS7;INF204K01ZT5;1021.9844;1021.9844;1021.9844;09-Sep-2013
118717;NIPPON INDIA MONEY MARKET FUND - DIRECT Plan - WEEKLY IDCW Option;;INF204K01ZO6;1001.1847;1001.1847;1001.1847;09-Sep-2013
118715;Nippon India Money Market Fund - Direct Plan Growth Plan - Bonus Option;INF204K01G11;;1079.2730;1079.2730;1079.2730;09-Sep-2013
118719;Nippon India Money Market Fund - Direct Plan Growth Plan - Growth Option;INF204K01ZP3;;1835.4248;1835.4248;1835.4248;09-Sep-2013
103052;NIPPON INDIA MONEY MARKET FUND - MONTHLY IDCW Option;INF204K01VB2;INF204K01VC0;1005.6995;1005.6995;1005.6995;09-Sep-2013
112341;NIPPON INDIA MONEY MARKET FUND - QUARTERLY IDCW Option;INF204K01VD8;INF204K01VE6;1021.8527;1021.8527;1021.8527;09-Sep-2013
103051;NIPPON INDIA MONEY MARKET FUND - WEEKLY IDCW Option;;INF204K01UZ3;1001.1781;1001.1781;1001.1781;09-Sep-2013
103049;Nippon India Money Market Fund-Growth Plan-Bonus Option;INF204K01UX8;;1078.6944;1078.6944;1078.6944;09-Sep-2013
103048;Nippon India Money Market Fund-Growth Plan-Growth Option;INF204K01VA4;;1834.3461;1834.3461;1834.3461;09-Sep-2013

Tata Mutual Fund
119423;Tata Liquid Fund- Direct Plan- Monthly Dividend;INF277K01PS4;INF277K01PT2;1003.0613;1003.0613;1003.0613;09-Sep-2013
119422;Tata Liquid Fund- Direct Plan- Weekly Dividend;INF277K013C2;;1002.5568;1002.5568;1002.5568;09-Sep-2013
119421;Tata Money Market Fund- Direct Plan - Daily Reinvestment of IDCW Option;;INF277K011C6;1114.5200;1114.5200;1114.5200;09-Sep-2013
119424;Tata Money Market Fund- Direct Plan- Growth Option;INF277K01PR6;;2250.0139;2250.0139;2250.0139;09-Sep-2013
101986;Tata Money Market Fund- Regular Plan - Daily Reinvestment of IDCW Option;;INF277K014C0;1114.5200;1114.5200;1114.5200;09-Sep-2013
101847;Tata Money Market Fund-Regular Plan - Growth Option;INF277K01LQ7;;2248.7652;2248.7652;2248.7652;09-Sep-2013

UTI Mutual Fund
120299;UTI MMF - Direct Plan - Growth Option;INF789F01XV6;;1364.3878;1364.3878;1364.3878;09-Sep-2013
112077;UTI MMF - Regular Plan - Growth Option;INF789F01PX8;;1363.4479;1363.4479;1363.4479;09-Sep-2013
100724;UTI MMF- Discontinued - Regular Plan - Flexi Dividend Option;;INF789F01BD0;1999.9851;1999.9851;0;09-Sep-2013
100725;UTI MMF- Discontinued - Regular Plan - Periodic Dividend Option;INF789F01BE8;;1990.552;1990.552;0;09-Sep-2013
100723;UTI MMF-Discontinued - Regular Plan -Growth;INF789F01BF5;;3338.584;3338.584;0;09-Sep-2013
120772;UTI Money Market Fund - Direct Plan - Daily IDCW (Reinvestment);;INF789F01XU8;1003.3854;1003.3854;1003.3854;09-Sep-2013
120793;UTI Money Market Fund - Direct Plan - Weekly IDCW;INF789F01XW4;INF789F01XX2;1016.0845;1016.0845;1016.0845;09-Sep-2013
112076;UTI Money Market Fund - Regular Plan - Daily IDCW (Reinvestment);;INF789F01PW0;1003.3854;1003.3854;1003.3854;09-Sep-2013
112635;UTI Money Market Fund - Regular Plan - Weekly IDCW;INF789F01PY6;INF789F01PZ3;1016.0676;1016.0676;1016.0676;09-Sep-2013

Open Ended Schemes ( Debt Scheme - Floater Fund )


Franklin Templeton Mutual Fund
118508;Franklin India Floating Rate Fund - Direct - Growth;INF090I01LK1;;19.7376;19.7376;19.7376;09-Sep-2013
118507;Franklin India Floating Rate Fund - Direct - IDCW ;INF090I01LL9;;10.0095;10.0095;10.0095;09-Sep-2013
101048;Franklin India Floating Rate Fund - Growth Plan;INF090I01LM7;;19.6622;19.6622;19.6622;09-Sep-2013
101044;Franklin India Floating Rate Fund - IDCW ;INF090I01LN5;;10.0085;10.0085;10.0085;09-Sep-2013

Close Ended Schemes ( Income )


SBI Mutual Fund
114781;SBI Capital Protection Oriented Fund - Series II -;INF200K01ED2;;11.6441;N.A.;N.A.;09-Sep-2013
115824;SBI Capital Protection Oriented Fund - Series III - Growth;INF200K01IH4;;11.4321;N.A.;N.A.;09-Sep-2013
121468;SBI DEBT FUND SERIES - 13 MONTHS - 14 - DIRECT PLAN - DIVIDEND;INF200K01WZ7;;N.A.;N.A.;N.A.;09-Sep-2013
121469;SBI DEBT FUND SERIES - 13 MONTHS - 14 - DIRECT PLAN - GROWTH;INF200K01WY0;;10.3756;N.A.;N.A.;09-Sep-2013
121470;SBI DEBT FUND SERIES - 13 MONTHS - 14 - REGULAR PLAN - DIVIDEND;INF200K01WX2;;10.3703;N.A.;N.A.;09-Sep-2013
121471;SBI DEBT FUND SERIES - 13 MONTHS - 14 - REGULAR PLAN - GROWTH;INF200K01WW4;;10.3703;N.A.;N.A.;09-Sep-2013
121695;SBI DEBT FUND SERIES - 13 MONTHS - 15 - DIRECT PLAN - DIVIDEND;INF200K01XD2;;10.3559;N.A.;N.A.;09-Sep-2013
121696;SBI DEBT FUND SERIES - 13 MONTHS - 15 - REGULAR PLAN - DIVIDEND;INF200K01XB6;;10.3533;N.A.;N.A.;09-Sep-2013
121697;SBI DEBT FUND SERIES - 13 MONTHS - 15 - REGULAR PLAN - GROWTH;INF200K01XA8;;10.3539;N.A.;N.A.;09-Sep-2013
121698;SBI DEBT FUND SERIES - 13 MONTHS - 15- DIRECT PLAN - GROWTH;INF200K01XC4;;10.3559;N.A.;N.A.;09-Sep-2013
121305;SBI DEBT FUND SERIES - 14 MONTHS - 1 - DIRECT PLAN - DIVIDEND;INF200K01XH3;;10.4075;N.A.;N.A.;09-Sep-2013
121306;SBI DEBT FUND SERIES - 14 MONTHS - 1 - DIRECT PLAN - GROWTH;INF200K01XG5;;10.4074;N.A.;N.A.;09-Sep-2013
121303;SBI DEBT FUND SERIES - 14 MONTHS - 1 - REGULAR PLAN - DIVIDEND;INF200K01XF7;;10.4018;N.A.;N.A.;09-Sep-2013
121304;SBI DEBT FUND SERIES - 14 MONTHS - 1 - REGULAR PLAN - GROWTH;INF200K01XE0;;10.4018;N.A.;N.A.;09-Sep-2013
122015;SBI DEBT FUND SERIES - 14 MONTHS - 2 - DIRECT PLAN - DIVIDEND;INF200K01XL5;;10.2885;N.A.;N.A.;09-Sep-2013
122017;SBI DEBT FUND SERIES - 14 MONTHS - 2 - DIRECT PLAN - GROWTH;INF200K01XK7;;10.2885;N.A.;N.A.;09-Sep-2013
122016;SBI DEBT FUND SERIES - 14 MONTHS - 2 - REGULAR PLAN - DIVIDEND;INF200K01XJ9;;10.2861;N.A.;N.A.;09-Sep-2013
122018;SBI DEBT FUND SERIES - 14 MONTHS - 2 - REGULAR PLAN - GROWTH;INF200K01XI1;;10.2861;N.A.;N.A.;09-Sep-2013
117983;SBI DEBT FUND SERIES - 18 MONTHS - 11 - DIVIDEND;INF200K01PW8;;10.6455;N.A.;N.A.;09-Sep-2013
117984;SBI DEBT FUND SERIES - 18 MONTHS - 11 - GROWTH;INF200K01PV0;;10.6455;N.A.;N.A.;09-Sep-2013
123474;SBI DEBT FUND SERIES - 180 DAYS - 26 - DIRECT PLAN - DIVIDEND;INF200K01YH1;;10.0908;N.A.;N.A.;09-Sep-2013
123477;SBI DEBT FUND SERIES - 180 DAYS - 26 - DIRECT PLAN - GROWTH;INF200K01YG3;;10.0908;N.A.;N.A.;09-Sep-2013
123475;SBI DEBT FUND SERIES - 180 DAYS - 26 - REGULAR PLAN - DIVIDEND;INF200K01KA5;;10.0903;N.A.;N.A.;09-Sep-2013
123476;SBI DEBT FUND SERIES - 180 DAYS - 26 - REGULAR PLAN - GROWTH;INF200K01JZ4;;10.0903;N.A.;N.A.;09-Sep-2013
115263;SBI SDFS - 36 MONTHS - 1 - DIVIDEND;INF200K01EC4;;10.8298;N.A.;N.A.;09-Sep-2013
115262;SBI SDFS - 36 MONTHS - 1 - GROWTH;INF200K01EB6;;12.2469;N.A.;N.A.;09-Sep-2013
120908;SBI DEBT FUND SERIES - 36 MONTHS - 2 - DIRECT PLAN - DIVIDEND;INF200K01QM7;;10.3195;N.A.;N.A.;09-Sep-2013
120911;SBI DEBT FUND SERIES - 36 MONTHS - 2 - DIRECT PLAN - GROWTH;INF200K01QL9;;10.3195;N.A.;N.A.;09-Sep-2013
120909;SBI DEBT FUND SERIES - 36 MONTHS - 2 - REGULAR PLAN - DIVIDEND;INF200K01QH7;;10.2820;N.A.;N.A.;09-Sep-2013
120910;SBI DEBT FUND SERIES - 36 MONTHS - 2 - REGULAR PLAN - GROWTH;INF200K01QG9;;10.2820;N.A.;N.A.;09-Sep-2013
123647;SBI DEBT FUND SERIES - 36 MONTHS - 4 - DIRECT PLAN - DIVIDEND;INF200KA1KF8;;10.0963;N.A.;N.A.;09-Sep-2013
123649;SBI DEBT FUND SERIES - 36 MONTHS - 4 - DIRECT PLAN - GROWTH;INF200KA1KE1;;10.0963;N.A.;N.A.;09-Sep-2013
123648;SBI DEBT FUND SERIES - 36 MONTHS - 4 - REGULAR PLAN - DIVIDEND;INF200KA1KD3;;10.0955;N.A.;N.A.;09-Sep-2013
123650;SBI DEBT FUND SERIES - 36 MONTHS - 4 - REGULAR PLAN - GROWTH;INF200KA1KC5;;10.0955;N.A.;N.A.;09-Sep-2013
117917;SBI DEBT FUND SERIES - 366 DAYS - 15 - DIVIDEND;INF200K01PG1;;10.8093;N.A.;N.A.;09-Sep-2013
117918;SBI DEBT FUND SERIES - 366 DAYS - 15 - GROWTH;INF200K01PF3;;10.8093;N.A.;N.A.;09-Sep-2013
117987;SBI DEBT FUND SERIES - 366 DAYS - 16 - DIVIDEND;INF200K01PI7;;10.6868;N.A.;N.A.;09-Sep-2013
117986;SBI DEBT FUND SERIES - 366 DAYS - 16 - GROWTH;INF200K01PH9;;10.6868;N.A.;N.A.;09-Sep-2013
117997;SBI DEBT FUND SERIES - 366 DAYS - 17 - DIVIDEND;INF200K01PK3;;10.6564;N.A.;N.A.;09-Sep-2013
117996;SBI DEBT FUND SERIES - 366 DAYS - 17 - GROWTH;INF200K01PJ5;;10.6564;N.A.;N.A.;09-Sep-2013
118011;SBI DEBT FUND SERIES - 366 DAYS - 18 - DIVIDEND;INF200K01PM9;;10.6228;N.A.;N.A.;09-Sep-2013
118012;SBI DEBT FUND SERIES - 366 DAYS - 18 - GROWTH;INF200K01PL1;;10.6228;N.A.;N.A.;09-Sep-2013
118218;SBI DEBT FUND SERIES - 366 DAYS - 19 - DIVIDEND;INF200K01PO5;;10.5735;N.A.;N.A.;09-Sep-2013
118219;SBI DEBT FUND SERIES - 366 DAYS - 19 - GROWTH;INF200K01PN7;;10.5735;N.A.;N.A.;09-Sep-2013
118352;SBI DEBT FUND SERIES - 366 DAYS - 20 - DIVIDEND;INF200K01PQ0;;10.5118;N.A.;N.A.;09-Sep-2013
118351;SBI DEBT FUND SERIES - 366 DAYS - 20 - GROWTH;INF200K01PP2;;10.5111;N.A.;N.A.;09-Sep-2013
118333;SBI DEBT FUND SERIES - 366 DAYS - 21 - DIVIDEND;INF200K01PS6;;10.5265;N.A.;N.A.;09-Sep-2013
118334;SBI DEBT FUND SERIES - 366 DAYS - 21 - GROWTH;INF200K01PR8;;10.5322;N.A.;N.A.;09-Sep-2013
121395;SBI DEBT FUND SERIES - 366 DAYS - 22 - DIRECT PLAN - DIVIDEND;INF200K01YP4;;N.A.;N.A.;N.A.;09-Sep-2013
121396;SBI DEBT FUND SERIES - 366 DAYS - 22 - DIRECT PLAN - GROWTH;INF200K01YO7;;10.4182;N.A.;N.A.;09-Sep-2013
121397;SBI DEBT FUND SERIES - 366 DAYS - 22 - REGULAR PLAN - DIVIDEND;INF200K01PU2;;10.4125;N.A.;N.A.;09-Sep-2013
121398;SBI DEBT FUND SERIES - 366 DAYS - 22 - REGULAR PLAN - GROWTH;INF200K01PT4;;10.4125;N.A.;N.A.;09-Sep-2013
121923;SBI DEBT FUND SERIES - 366 DAYS - 23 - DIRECT PLAN - DIVIDEND;INF200K01VX4;;10.3200;N.A.;N.A.;09-Sep-2013
121924;SBI DEBT FUND SERIES - 366 DAYS - 23 - DIRECT PLAN - GROWTH;INF200K01VW6;;10.3200;N.A.;N.A.;09-Sep-2013
121926;SBI DEBT FUND SERIES - 366 DAYS - 23 - REGULAR PLAN - DIVIDEND;INF200K01VV8;;10.3175;N.A.;N.A.;09-Sep-2013
121925;SBI DEBT FUND SERIES - 366 DAYS - 23 - REGULAR PLAN - GROWTH;INF200K01VU0;;10.3175;N.A.;N.A.;09-Sep-2013
122011;SBI DEBT FUND SERIES - 366 DAYS - 24 - DIRECT PLAN - DIVIDEND;INF200K01WB8;;10.3001;N.A.;N.A.;09-Sep-2013
122012;SBI DEBT FUND SERIES - 366 DAYS - 24 - DIRECT PLAN - GROWTH;INF200K01WA0;;10.2999;N.A.;N.A.;09-Sep-2013
122013;SBI DEBT FUND SERIES - 366 DAYS - 24 - REGULAR PLAN - DIVIDEND;INF200K01VZ9;;10.2975;N.A.;N.A.;09-Sep-2013
122014;SBI DEBT FUND SERIES - 366 DAYS - 24 - REGULAR PLAN - GROWTH;INF200K01VY2;;10.2975;N.A.;N.A.;09-Sep-2013
122145;SBI DEBT FUND SERIES - 366 DAYS - 25 - DIRECT PLAN - DIVIDEND;INF200K01WF9;;10.2650;N.A.;N.A.;09-Sep-2013
122146;SBI DEBT FUND SERIES - 366 DAYS - 25 - DIRECT PLAN - GROWTH;INF200K01WE2;;10.2650;N.A.;N.A.;09-Sep-2013
122147;SBI DEBT FUND SERIES - 366 DAYS - 25 - REGULAR PLAN - DIVIDEND;INF200K01WD4;;10.2627;N.A.;N.A.;09-Sep-2013
122144;SBI DEBT FUND SERIES - 366 DAYS - 25 - REGULAR PLAN - GROWTH;INF200K01WC6;;10.2627;N.A.;N.A.;09-Sep-2013
122253;SBI DEBT FUND SERIES - 366 DAYS - 26 - DIRECT PLAN - DIVIDEND;INF200K01WJ1;;10.2002;N.A.;N.A.;09-Sep-2013
122254;SBI DEBT FUND SERIES - 366 DAYS - 26 - DIRECT PLAN - GROWTH;INF200K01WI3;;10.2002;N.A.;N.A.;09-Sep-2013
122255;SBI DEBT FUND SERIES - 366 DAYS - 26 - REGULAR PLAN - DIVIDEND;INF200K01WH5;;10.1981;N.A.;N.A.;09-Sep-2013
122256;SBI DEBT FUND SERIES - 366 DAYS - 26 - REGULAR PLAN - GROWTH;INF200K01WG7;;10.1981;N.A.;N.A.;09-Sep-2013
122348;SBI DEBT FUND SERIES - 366 DAYS - 27 - DIRECT PLAN - DIVIDEND;INF200K01WN3;;10.1796;N.A.;N.A.;09-Sep-2013
122349;SBI DEBT FUND SERIES - 366 DAYS - 27 - DIRECT PLAN - GROWTH;INF200K01WM5;;10.1796;N.A.;N.A.;09-Sep-2013
122346;SBI DEBT FUND SERIES - 366 DAYS - 27 - REGULAR PLAN - DIVIDEND;INF200K01WL7;;10.1777;N.A.;N.A.;09-Sep-2013
122347;SBI DEBT FUND SERIES - 366 DAYS - 27 - REGULAR PLAN - GROWTH;INF200K01WK9;;10.1777;N.A.;N.A.;09-Sep-2013
122406;SBI DEBT FUND SERIES - 366 DAYS - 28 - DIRECT PLAN - DIVIDEND;INF200K01WR4;;10.1838;N.A.;N.A.;09-Sep-2013
122407;SBI DEBT FUND SERIES - 366 DAYS - 28 - DIRECT PLAN - GROWTH;INF200K01WQ6;;10.1838;N.A.;N.A.;09-Sep-2013
122405;SBI DEBT FUND SERIES - 366 DAYS - 28 - REGULAR PLAN - DIVIDEND;INF200K01WP8;;10.1819;N.A.;N.A.;09-Sep-2013
122408;SBI DEBT FUND SERIES - 366 DAYS - 28 - REGULAR PLAN - GROWTH;INF200K01WO1;;10.1819;N.A.;N.A.;09-Sep-2013
122619;SBI DEBT FUND SERIES - 366 DAYS - 29 - DIRECT PLAN - DIVIDEND;INF200K01WV6;;N.A.;N.A.;N.A.;09-Sep-2013
122621;SBI DEBT FUND SERIES - 366 DAYS - 29 - DIRECT PLAN - GROWTH;INF200K01WU8;;10.0594;N.A.;N.A.;09-Sep-2013
122620;SBI DEBT FUND SERIES - 366 DAYS - 29 - REGULAR PLAN - DIVIDEND;INF200K01WT0;;10.0581;N.A.;N.A.;09-Sep-2013
122622;SBI DEBT FUND SERIES - 366 DAYS - 29 - REGULAR PLAN - GROWTH;INF200K01WS2;;10.0581;N.A.;N.A.;09-Sep-2013
122788;SBI DEBT FUND SERIES - 366 DAYS - 30 - DIRECT PLAN - DIVIDEND;INF200K01YX8;;10.0272;N.A.;N.A.;09-Sep-2013
122790;SBI DEBT FUND SERIES - 366 DAYS - 30 - DIRECT PLAN - GROWTH;INF200K01YW0;;10.0272;N.A.;N.A.;09-Sep-2013
122791;SBI DEBT FUND SERIES - 366 DAYS - 30 - REGULAR PLAN - DIVIDEND;INF200K01YV2;;10.0261;N.A.;N.A.;09-Sep-2013
122789;SBI DEBT FUND SERIES - 366 DAYS - 30 - REGULAR PLAN - GROWTH;INF200K01YU4;;10.0261;N.A.;N.A.;09-Sep-2013
122812;SBI DEBT FUND SERIES - 366 DAYS - 31 - DIRECT PLAN - DIVIDEND;INF200K01ZB1;;10.0160;N.A.;N.A.;09-Sep-2013
122813;SBI DEBT FUND SERIES - 366 DAYS - 31 - DIRECT PLAN - GROWTH;INF200K01ZA3;;10.0160;N.A.;N.A.;09-Sep-2013
122814;SBI DEBT FUND SERIES - 366 DAYS - 31 - REGULAR PLAN - DIVIDEND;INF200K01YZ3;;10.0149;N.A.;N.A.;09-Sep-2013
122815;SBI DEBT FUND SERIES - 366 DAYS - 31 - REGULAR PLAN - GROWTH;INF200K01YY6;;10.0149;N.A.;N.A.;09-Sep-2013
122907;SBI DEBT FUND SERIES - 366 DAYS - 32 - DIRECT PLAN - DIVIDEND;INF200K01ZF2;;9.9584;N.A.;N.A.;09-Sep-2013
122905;SBI DEBT FUND SERIES - 366 DAYS - 32 - DIRECT PLAN - GROWTH;INF200K01ZE5;;9.9584;N.A.;N.A.;09-Sep-2013
122908;SBI DEBT FUND SERIES - 366 DAYS - 32 - REGULAR PLAN - DIVIDEND;INF200K01ZD7;;9.9577;N.A.;N.A.;09-Sep-2013
122906;SBI DEBT FUND SERIES - 366 DAYS - 32 - REGULAR PLAN - GROWTH;INF200K01ZC9;;9.9577;N.A.;N.A.;09-Sep-2013
122991;SBI DEBT FUND SERIES - 366 DAYS - 33 - DIRECT PLAN - DIVIDEND;INF200K01ZJ4;;10.0418;N.A.;N.A.;09-Sep-2013
122994;SBI DEBT FUND SERIES - 366 DAYS - 33 - DIRECT PLAN - GROWTH;INF200K01ZI6;;10.0418;N.A.;N.A.;09-Sep-2013
122993;SBI DEBT FUND SERIES - 366 DAYS - 33 - REGULAR PLAN - DIVIDEND;INF200K01ZH8;;10.0411;N.A.;N.A.;09-Sep-2013
122992;SBI DEBT FUND SERIES - 366 DAYS - 33 - REGULAR PLAN - GROWTH;INF200K01ZG0;;10.0411;N.A.;N.A.;09-Sep-2013
123167;SBI DEBT FUND SERIES - 366 DAYS - 34 - DIRECT PLAN - DIVIDEND;INF200K015P1;;10.0579;N.A.;N.A.;09-Sep-2013
123169;SBI DEBT FUND SERIES - 366 DAYS - 34 - DIRECT PLAN - GROWTH;INF200K014P4;;10.0579;N.A.;N.A.;09-Sep-2013
123170;SBI DEBT FUND SERIES - 366 DAYS - 34 - REGULAR PLAN - DIVIDEND;INF200K013P6;;10.0563;N.A.;N.A.;09-Sep-2013
123168;SBI DEBT FUND SERIES - 366 DAYS - 34 - REGULAR PLAN - GROWTH;INF200K012P8;;10.0563;N.A.;N.A.;09-Sep-2013
123321;SBI DEBT FUND SERIES - 366 DAYS - 35 - DIRECT PLAN - DIVIDEND;INF200K017O0;;10.0591;N.A.;N.A.;09-Sep-2013
123324;SBI DEBT FUND SERIES - 366 DAYS - 35 - DIRECT PLAN - GROWTH;INF200K016O2;;10.0591;N.A.;N.A.;09-Sep-2013
123323;SBI DEBT FUND SERIES - 366 DAYS - 35 - REGULAR PLAN - DIVIDEND;INF200K015O4;;10.0577;N.A.;N.A.;09-Sep-2013
123322;SBI DEBT FUND SERIES - 366 DAYS - 35 - REGULAR PLAN - GROWTH;INF200K014O7;;10.0577;N.A.;N.A.;09-Sep-2013
123497;SBI DEBT FUND SERIES - 366 DAYS - 36 - DIRECT PLAN - DIVIDEND;INF200K019P3;;10.0783;N.A.;N.A.;09-Sep-2013
123494;SBI DEBT FUND SERIES - 366 DAYS - 36 - DIRECT PLAN - GROWTH;INF200K018P5;;10.0783;N.A.;N.A.;09-Sep-2013
123496;SBI DEBT FUND SERIES - 366 DAYS - 36 - REGULAR PLAN - DIVIDEND;INF200K017P7;;10.0773;N.A.;N.A.;09-Sep-2013
123495;SBI DEBT FUND SERIES - 366 DAYS - 36 - REGULAR PLAN - GROWTH;INF200K016P9;;10.0773;N.A.;N.A.;09-Sep-2013
123728;SBI DEBT FUND SERIES - 366 DAYS - 37 - DIRECT PLAN - DIVIDEND;INF200K011R6;;10.0690;N.A.;N.A.;09-Sep-2013
123729;SBI DEBT FUND SERIES - 366 DAYS - 37 - DIRECT PLAN - GROWTH;INF200K010R8;;10.0690;N.A.;N.A.;09-Sep-2013
123731;SBI DEBT FUND SERIES - 366 DAYS - 37 - REGULAR PLAN - DIVIDEND;INF200K019Q1;;10.0685;N.A.;N.A.;09-Sep-2013
123730;SBI DEBT FUND SERIES - 366 DAYS - 37 - REGULAR PLAN - GROWTH;INF200K018Q3;;10.0685;N.A.;N.A.;09-Sep-2013
113321;SBI Debt Fund Series - 60 Months - 1 - Dividend;INF200K01CQ8;;12.2747;N.A.;N.A.;09-Sep-2013
113401;SBI Debt Fund Series - 60 Months - 1 - Growth;INF200K01CP0;;12.2746;N.A.;N.A.;09-Sep-2013
118220;SBI DEBT FUND SERIES - 60 MONTHS - 2 - DIVIDEND;INF200K01QD6;;10.2882;N.A.;N.A.;09-Sep-2013
118221;SBI DEBT FUND SERIES - 60 MONTHS - 2 - GROWTH;INF200K01QC8;;10.2882;N.A.;N.A.;09-Sep-2013
120901;SBI DEBT FUND SERIES - 60 MONTHS - 3 - DIRECT PLAN - DIVIDEND;INF200K01QQ8;;10.2048;N.A.;N.A.;09-Sep-2013
120900;SBI DEBT FUND SERIES - 60 MONTHS - 3 - DIRECT PLAN - GROWTH;INF200K01QP0;;10.2048;N.A.;N.A.;09-Sep-2013
120899;SBI DEBT FUND SERIES - 60 MONTHS - 3 - REGULAR PLAN - DIVIDEND;INF200K01QF1;;10.1715;N.A.;N.A.;09-Sep-2013
120898;SBI DEBT FUND SERIES - 60 MONTHS - 3 - REGULAR PLAN - GROWTH;INF200K01QE4;;10.1716;N.A.;N.A.;09-Sep-2013
123163;SBI DEBT FUND SERIES - 90 DAYS - 75 - DIRECT PLAN - DIVIDEND;INF200K01XX0;;10.1202;N.A.;N.A.;09-Sep-2013
123165;SBI DEBT FUND SERIES - 90 DAYS - 75 - DIRECT PLAN - GROWTH;INF200K01XW2;;10.1202;N.A.;N.A.;09-Sep-2013
123166;SBI DEBT FUND SERIES - 90 DAYS - 75 - REGULAR PLAN - DIVIDEND;INF200K01OM2;;10.1197;N.A.;N.A.;09-Sep-2013
123164;SBI DEBT FUND SERIES - 90 DAYS - 75 - REGULAR PLAN - GROWTH;INF200K01OL4;;10.1197;N.A.;N.A.;09-Sep-2013
123317;SBI DEBT FUND SERIES - 90 DAYS - 76 - DIRECT PLAN - DIVIDEND;INF200K01XZ5;;10.1042;N.A.;N.A.;09-Sep-2013
123318;SBI DEBT FUND SERIES - 90 DAYS - 76 - DIRECT PLAN - GROWTH;INF200K01XY8;;10.1042;N.A.;N.A.;09-Sep-2013
123320;SBI DEBT FUND SERIES - 90 DAYS - 76 - REGULAR PLAN - DIVIDEND;INF200K01OO8;;10.1037;N.A.;N.A.;09-Sep-2013
123319;SBI DEBT FUND SERIES - 90 DAYS - 76 - REGULAR PLAN - GROWTH;INF200K01ON0;;10.1037;N.A.;N.A.;09-Sep-2013
123493;SBI DEBT FUND SERIES - 90 DAYS - 77 - DIRECT PLAN - DIVIDEND;INF200K01YB4;;10.0837;N.A.;N.A.;09-Sep-2013
123490;SBI DEBT FUND SERIES - 90 DAYS - 77 - DIRECT PLAN - GROWTH;INF200K01YA6;;10.0837;N.A.;N.A.;09-Sep-2013
123492;SBI DEBT FUND SERIES - 90 DAYS - 77 - REGULAR PLAN - DIVIDEND;INF200K01OQ3;;10.0833;N.A.;N.A.;09-Sep-2013
123491;SBI DEBT FUND SERIES - 90 DAYS - 77 - REGULAR PLAN - GROWTH;INF200K01OP5;;10.0833;N.A.;N.A.;09-Sep-2013
