Scheme Code;Scheme Name;ISIN Div Payout/ISIN Growth;ISIN Div Reinvestment;Net Asset Value;Repurchase Price;Sale Price;Date

Open Ended Schemes ( Liquid )


Daiwa Mutual Fund
114516;Daiwa Liquid Fund - Institutional - Daily Dividend;-;INF752K01198;1000.5197;1000.5197;1000.5197;08-Mar-2012
114515;Daiwa Liquid Fund - Institutional - Growth;INF752K01206;-;1193.4539;1193.4539;1193.4539;08-Mar-2012
114517;Daiwa Liquid Fund - Institutional - Weekly Dividend;-;INF752K01214;1000.7947;1000.7947;1000.7947;08-Mar-2012
114519;Daiwa Liquid Fund - Regular - Daily Dividend;;INF752K01222;1000.5200;1000.5200;1000.5200;08-Mar-2012
114514;Daiwa Liquid Fund - Regular - Growth;INF752K01230;;1190.9775;1190.9775;1190.9775;08-Mar-2012
114518;Daiwa Liquid Fund - Regular - Weekly Dividend;;INF752K01248;1001.3151;1001.3151;1001.3151;08-Mar-2012

Deutsche Mutual Fund
116361;DWS Insta Cash Plus Fund - Regular Plan - Annual Dividend Option;INF223J01IH8;INF223J01II6;10.0208;10.0208;10.0208;08-Mar-2012
116369;DWS Insta cash Plus Fund - Regular Plan - Quarterly Dividend Option;INF223J01IF2;INF223J01IG0;10.0208;10.0208;10.0208;08-Mar-2012
105672;DWS INSTA CASH PLUS FUND - Regular Plan BONUS OPTION;INF223J01BH3;;10.8531;10.8531;10.8531;08-Mar-2012
106472;DWS Insta Cash Plus Fund - Weekly Dividend;INF223J01BT8;INF223J01BU6;100.2880;100.2880;100.2880;08-Mar-2012
106471;DWS Insta Cash Plus Fund -Growth;INF223J01BP6;;138.5212;138.5212;138.5212;08-Mar-2012
106467;DWS Insta Cash Plus Fund-Daily Dividend;;INF223J01BO9;100.3040;100.3040;100.3040;08-Mar-2012
101718;DWS Insta Cash Plus Fund-DIVIDEND-Daily Dividend;;INF223J01BI1;10.3010;10.3010;10.3010;08-Mar-2012
101717;DWS Insta Cash Plus Fund-DIVIDEND-MONTHLY DIVIDEND;INF223J01BK7;INF223J01BL5;10.1614;10.1614;10.1614;08-Mar-2012
101716;DWS Insta Cash Plus Fund-DIVIDEND-WEEKLY DIVIDEND;INF223J01BM3;INF223J01BN1;10.3672;10.3672;10.3672;08-Mar-2012
101719;DWS Insta Cash Plus Fund-Growth-GROWTH;INF223J01BJ9;;17.6968;17.6968;17.6968;08-Mar-2012
101722;DWS Insta Cash Plus Fund-Institutional Plan-Daily Dividend;;INF223J01BA8;10.0516;10.0516;10.0516;08-Mar-2012
101720;DWS Insta Cash Plus Fund-Institutional Plan-Dividend;INF223J01BE0;INF223J01BD2;10.4386;10.4386;10.4386;08-Mar-2012
101721;DWS Insta Cash Plus Fund-Institutional Plan-Growth;INF223J01BB6;;16.7345;16.7345;16.7345;08-Mar-2012
101723;DWS Insta Cash Plus Fund-Institutional Plan-Weekly Dividend;INF223J01BF7;INF223J01BG5;10.4004;10.4004;10.4004;08-Mar-2012
116370;DWS Treasury Fund - Cash Plan - Annual Dividend;INF223J01SF1;INF223J01SG9;10.1762;10.1762;10.1762;08-Mar-2012
114966;DWS Treasury Fund - Cash Plan - Bonus;INF223J01SA2;;10.7638;10.7638;10.7638;08-Mar-2012
112228;DWS Treasury Fund - Cash Plan - Daily Dividend;;INF223J01SB0;10.0391;10.0391;10.0391;08-Mar-2012
112221;DWS Treasury Fund - Cash Plan - Growth;INF223J01SC8;;11.6241;11.6241;11.6241;08-Mar-2012
112227;DWS Treasury Fund - Cash Plan - Institiutional - Daily Dividend;;INF223J01DZ1;100.4970;100.4970;100.4970;08-Mar-2012
112222;DWS Treasury Fund - Cash Plan - Institiutional - Growth;INF223J01EA2;;118.9891;118.9891;118.9891;08-Mar-2012
112963;DWS Treasury Fund - Cash Plan - Institiutional - Monthly Dividend;INF223J01ED6;INF223J01EE4;101.3785;101.3785;101.3785;08-Mar-2012
112969;DWS Treasury Fund - Cash Plan - Institiutional - Weekly Dividend;INF223J01EB0;INF223J01EC8;100.8649;100.8649;100.8649;08-Mar-2012
112965;DWS Treasury Fund - Cash Plan - Monthly Dividend;INF223J01RW8;INF223J01RX6;10.1456;10.1456;10.1456;08-Mar-2012
116391;DWS Treasury Fund - Cash Plan - Quarterly Dividend;INF223J01SD6;INF223J01SE4;10.1769;10.1769;10.1769;08-Mar-2012
112964;DWS Treasury Fund - Cash Plan - Weekly Dividend;INF223J01RY4;INF223J01RZ1;10.1162;10.1162;10.1162;08-Mar-2012

Edelweiss Mutual Fund
109935;Edelweiss Liquid Fund - Daily Dividend Option;;INF754K01BG7;10.0000;10.0000;10.0000;08-Mar-2012
109946;Edelweiss Liquid Fund - Growth Option;INF754K01BC6;;10.5413;10.5413;10.5413;08-Mar-2012
109941;Edelweiss Liquid Fund - Institutional Plan - Daily Dividend Option;;INF754K01AZ9;10.0000;10.0000;10.0000;08-Mar-2012
109945;Edelweiss Liquid Fund - Institutional Plan - Growth Option;INF754K01AV8;;10.0602;10.0602;10.0602;08-Mar-2012
109936;Edelweiss Liquid Fund - Institutional Plan - Weekly Dividend Option;;INF754K01BA0;10.0132;10.0132;10.0132;08-Mar-2012
109934;Edelweiss Liquid Fund - Retail Plan - Daily Dividend Option;;INF754K01AS4;10.0000;10.0000;10.0000;08-Mar-2012
109940;Edelweiss Liquid Fund - Retail Plan - Growth Option;INF754K01AO3;;12.2637;12.2637;12.2637;08-Mar-2012
109939;Edelweiss Liquid Fund - Retail Plan - Monthly Dividend Option;INF754K01AP0;INF754K01AR6;10.0169;10.0169;10.0169;08-Mar-2012
109937;Edelweiss Liquid Fund - Retail Plan - Weekly Dividend Option;;INF754K01AT2;10.0120;10.0120;10.0120;08-Mar-2012
109942;Edelweiss Liquid Fund - Weekly Dividend Option;;INF754K01BH5;10.0133;10.0133;10.0133;08-Mar-2012

Fidelity Mutual Fund
104498;Fidelity Cash Fund - Institutional Plan - Daily Dividend Option;;INF677K01AQ1;10.0025;10.0025;10.0025;08-Mar-2012
104497;Fidelity Cash Fund - Institutional Plan - Growth Option;;;14.4040;14.4040;14.4040;08-Mar-2012
104548;Fidelity Cash Fund - Institutional Plan - Monthly Dividend Option;INF677K01AS7;INF677K01AT5;10.0000;10.0000;10.0000;08-Mar-2012
104546;Fidelity Cash Fund - Institutional Plan - Weekly Dividend Option;;INF677K01AR9;10.1633;10.1633;10.1633;08-Mar-2012
104495;Fidelity Cash Fund - Retail Plan - Daily Dividend option;;INF677K01AL2;10.0025;10.0025;10.0025;08-Mar-2012
104493;Fidelity Cash Fund - Retail Plan - Growth option;;;14.1055;14.1055;14.1055;08-Mar-2012
104547;Fidelity Cash Fund - Retail Plan - Monthly Dividend Option;;;10.0261;10.0261;10.0261;08-Mar-2012
104549;Fidelity Cash Fund - Retail Plan - Weekly Dividend Option;;INF677K01AM0;10.0079;10.0079;10.0079;08-Mar-2012
104494;Fidelity Cash Fund - Super Institutional Plan - Daily Dividend Option;;INF677K01AV1;10.2330;10.2330;10.2330;08-Mar-2012
104496;Fidelity Cash Fund - Super Institutional Plan - Growth Option;INF677K01AU3;;14.5062;14.5062;14.5062;08-Mar-2012
104551;Fidelity Cash Fund - Super Institutional Plan - Monthly Dividend Option;INF677K01AX7;INF677K01AY5;10.0000;10.0000;10.0000;08-Mar-2012
104550;Fidelity Cash Fund - Super Institutional Plan - Weekly Dividend Option;;INF677K01AW9;10.0000;10.0000;10.0000;08-Mar-2012

ING Mutual Fund
100198;ING Liquid Fund-Institutional Daily Dividend Option;INF084M01473;;10.0121;10.0121;10.0121;08-Mar-2012
100196;ING Liquid Fund-Institutional Growth Option;INF084M01465;;16.6486;16.6486;16.6486;08-Mar-2012
100197;ING Liquid Fund-Institutional Weekly Dividend Option;INF084M01499;INF084M01481;10.0610;10.0610;10.0610;08-Mar-2012
100192;ING Liquid Fund-Regular Daily Dividend Option;INF084M01432;;10.7873;10.7873;10.7873;08-Mar-2012
100190;ING Liquid Fund-Regular Growth Option;INF084M01424;;22.1684;22.1684;22.1684;08-Mar-2012
100191;ING Liquid Fund-Regular Weekly Dividend Option;INF084M01457;INF084M01440;10.8319;10.8319;10.8319;08-Mar-2012
100200;ING Liquid Fund-Super Institutional Daily Dividend Option;INF084M01515;;10.0048;10.0048;10.0048;08-Mar-2012
100199;ING Liquid Fund-Super Institutional Growth Option;INF084M01507;;15.8898;15.8898;15.8898;08-Mar-2012
100201;ING Liquid Fund-Super Institutional Weekly Dividend Option;INF084M01531;INF084M01523;10.0000;10.0000;10.0000;08-Mar-2012

Invesco Mutual Fund
106502;Religare Invesco Overnight Fund - Daily Dividend Reinvestment;;INF205K01HS2;1000.0048;1000.0048;1000.0048;08-Mar-2012
106501;Religare Invesco Overnight Fund - Growth;INF205K01HR4;;1250.9062;1250.9062;1250.9062;08-Mar-2012

JM Financial Mutual Fund
101420;JM Floater Short Term Fund - Daily Dividend Option;;INF192K01767;10.0883;10.0883;10.0883;08-Mar-2012
101421;JM Floater Short Term Fund - Growth Option;INF192K01775;;16.8568;16.8568;16.8568;08-Mar-2012

JPMorgan Mutual Fund
106562;JPMorgan India Liquid Fund - Retail Plan - Daily Dividend Option;;INF843K01203;10.0150;10.0150;10.0150;08-Mar-2012
109178;JPMorgan India Liquid Fund - Retail Plan - Fortnightly Dividend Option;;INF843K01229;10.0235;10.0235;10.0235;08-Mar-2012
106561;JPMorgan India Liquid Fund - Retail Plan - Growth Option;INF843K01195;;12.6572;12.6572;12.6572;08-Mar-2012
109179;JPMorgan India Liquid Fund - Retail Plan - Monthly Dividend Option;;INF843K01237;10.0410;10.0410;10.0410;08-Mar-2012
109177;JPMorgan India Liquid Fund - Retail Plan - Weekly Dividend Option;;INF843K01211;10.0203;10.0203;10.0203;08-Mar-2012
110149;JPMorgan India Liquid Fund - Super Institutional Plan - Daily Dividend Option;;INF843K01153;10.0079;10.0079;10.0079;08-Mar-2012
110150;JPMorgan India Liquid Fund - Super Institutional Plan - Growth Option;INF843K01146;;13.8158;13.8158;13.8158;08-Mar-2012
110151;JPMorgan India Liquid Fund - Super Institutional Plan - Monthly Dividend Option;INF843K01500;INF843K01187;10.0592;10.0592;10.0592;08-Mar-2012
110153;JPMorgan India Liquid Fund - Super Institutional Plan - Weekly Dividend Option;INF843K01484;INF843K01161;10.0888;10.0888;10.0888;08-Mar-2012

L&T Mutual Fund
112468;L&T Liquid Fund - Regular Weekly Dividend;;INF917K01BE5;1199.0427;1199.0427;1199.0427;08-Mar-2012

Mirae Asset Mutual Fund
107646;Mirae Asset Liquid Fund- Regular Plan - Daily Dividend;;INF769K01606;1055.7034;1055.7034;1055.7034;08-Mar-2012
107648;Mirae Asset Liquid Fund- Regular Plan - Growth;INF769K01572;;1108.7265;1108.7265;1108.7265;08-Mar-2012
107649;Mirae Asset Liquid Fund- Regular Plan - Monthly Dividend;INF769K01630;INF769K01622;1030.2765;1030.2765;1030.2765;08-Mar-2012
107647;Mirae Asset Liquid Fund- Regular Plan - Weekly Dividend;;INF769K01614;1058.3086;1058.3086;1058.3086;08-Mar-2012

Morgan Stanley Mutual Fund
115812;MS Liquid Fund - Regular- Growth;INF063A01274;;1046.9040;1046.9040;1046.9040;08-Mar-2012
115814;MS Liquid Fund - Regular- Weekly Dividend Plan;;INF063A01290;1002.2780;1002.2780;1002.2780;08-Mar-2012
115813;MS Liquid Fund- Regular Daily Dividend Plan;;INF063A01282;1000.4971;1000.4971;1000.4971;08-Mar-2012
115815;MS Liquid Fund- Regular Monthly Dividend Plan;INF063A01316;INF063A01308;1004.3664;1004.3664;1004.3664;08-Mar-2012

PGIM India Mutual Fund
113184;DHFL Pramerica Liquid Fund - Dividend Option - Daily;;INF663L01088;1000.0950;1000.0950;1000.0950;08-Mar-2012
113187;DHFL Pramerica Liquid Fund - Dividend Option - Fortnightly;INF663L01120;INF663L01104;1002.9847;1002.9847;1002.9847;08-Mar-2012
113186;DHFL Pramerica Liquid Fund - Dividend Option - Monthly;INF663L01138;INF663L01112;1002.9399;1002.9399;1002.9399;08-Mar-2012
113183;DHFL Pramerica Liquid Fund - Growth Option;INF663L01070;;1137.3238;1137.3238;1137.3238;08-Mar-2012
113185;DHFL Pramerica Liquid Fund -Dividend Option- Weekly;;INF663L01096;1000.5261;1000.5261;1000.5261;08-Mar-2012

PineBridge Mutual Fund
106513;PineBridge India Liquid Fund- Standard Plan-Daily Dividend Option;;INF178L01699;1001.0000;1001.0000;1001.0000;08-Mar-2012
106508;PineBridge India Liquid Fund- Standard Plan-Growth Option;INF178L01715;;1368.6937;1368.6937;1368.6937;08-Mar-2012
106509;PineBridge India Liquid Fund- Standard Plan-Weekly Dividend Option;;INF178L01764;1001.7304;1001.7304;1001.7304;08-Mar-2012
106506;PineBridge India Liquid Fund-Institutional Plan-Daily Dividend Option;;INF178L01616;1001.0000;1001.0000;1001.0000;08-Mar-2012
106511;PineBridge India Liquid Fund-Institutional Plan-Growth Option;INF178L01632;;1362.6022;1362.6022;1362.6022;08-Mar-2012
106507;PineBridge India Liquid Fund-Institutional Plan-Weekly Dividend Option;;INF178L01681;1001.7252;1001.7252;1001.7252;08-Mar-2012
106503;PineBridge India Liquid Fund-Retail Plan-DailyDividend Option;;INF178L01533;1001.0000;1001.0000;1001.0000;08-Mar-2012
106514;PineBridge India Liquid Fund-Retail Plan-Growth Option;INF178L01558;;1344.2206;1344.2206;1344.2206;08-Mar-2012
106504;PineBridge India Liquid Fund-Retail Plan-Monthly Dividend Option;INF178L01566;INF178L01574;1003.3854;1003.3854;1003.3854;08-Mar-2012
106516;PineBridge India Liquid Fund-Retail Plan-Quarterly Dividend Option;INF178L01582;INF178L01590;1020.2091;1020.2091;1020.2091;08-Mar-2012
106510;PineBridge India Liquid Fund-Retail Plan-Weekly Dividend Option;;INF178L01608;1001.7006;1001.7006;1001.7006;08-Mar-2012

Sahara Mutual Fund
101397;Sahara Liquid Fund-Fixed Pricing -  Weekly Dividend Option;;INF515L01064;1027.4373;1027.4373;1027.4373;08-Mar-2012
101393;Sahara Liquid Fund-Fixed Pricing - Daily Dividend Option;;INF515L01049;1024.9635;1024.9635;1024.9635;08-Mar-2012
101394;Sahara Liquid Fund-Fixed Pricing - Growth option;INF515L01056;;1933.4292;1933.4292;1933.4292;08-Mar-2012
101398;Sahara Liquid Fund-Fixed Pricing - Monthly Dividend Option;;INF515L01072;1027.8331;1027.8331;1027.8331;08-Mar-2012
101399;Sahara Liquid Fund-Variable Pricing - Daily Dividend option;;INF515L01080;1024.9798;1024.9798;1024.9798;08-Mar-2012
101402;Sahara Liquid Fund-Variable Pricing - Growth option;INF515L01114;;1949.5226;1949.5226;1949.5226;08-Mar-2012
101400;Sahara Liquid Fund-Variable Pricing - Weekly Dividend Option;;INF515L01098;1026.7453;1026.7453;1026.7453;08-Mar-2012
101401;Sahara Liquid Fund-Variable Pricing- Monthly Dividend Option;;INF515L01106;1030.3128;1030.3128;1030.3128;08-Mar-2012

Tata Mutual Fund
101861;Tata Liquid Fund-Regular Plan  - Weekly Dividend;INF277K016C5;;1000.6292;1000.6292;1000.6292;08-Mar-2012
101984;Tata Liquid High Investment Plan - Daily;;;1114.3379;1114.3379;1114.3379;08-Mar-2012
101860;Tata Liquid High Investment Plan - Growth;INF277K01LN4;;1757.1582;1757.1582;1757.1582;08-Mar-2012
101985;Tata Liquid High Investment Plan - Monthly;INF277K01LO2;INF277K01LP9;1021.5560;1021.5560;1021.5560;08-Mar-2012
101859;Tata Liquid High Investment Plan - Weekly;;;1147.0882;1147.0882;1147.0882;08-Mar-2012
101982;Tata Liquid Retail Investment PLan - Daily;;;1116.8143;1116.8143;1116.8143;08-Mar-2012
101983;Tata Liquid Retail Investment Plan - Fortnightly;;;1147.1185;1147.1185;1147.1185;08-Mar-2012
101858;Tata Liquid Retail Investment Plan - Growth;INF277K01LM6;;2421.9622;2421.9622;2421.9622;08-Mar-2012
103631;Tata Liquidity Management Fund - Regular Plan - Daily Dividend;;;1002.6089;1000.1024;1002.6089;08-Mar-2012
103632;Tata Liquidity Management Fund - Regular Plan - Growth;INF277K01LW5;;1434.1218;1430.5365;1434.1218;08-Mar-2012
103519;Tata Liquidity Management Fund - Regular Plan  -Weekly Dividend;;;1006.0275;1003.5124;1006.0275;08-Mar-2012

Open Ended Schemes ( Money Market )


Tata Mutual Fund
102152;Tata Money Market Fund Regular (Bonus / Dividend);;;10.1538;10.1538;10.1538;08-Mar-2012
102153;Tata Money Market Fund Regular (Growth);INF277K01LY1;;16.9513;16.9513;16.9513;08-Mar-2012

Open Ended Schemes ( Debt Scheme - Overnight Fund )


HDFC Mutual Fund
101996;HDFC Overnight Fund - Growth Option;INF179KB1HS3;;17.3093;17.3093;17.3093;08-Mar-2012
101997;HDFC Overnight Fund - IDCW Option (Daily);;INF179KB1IF8;10.4266;10.4266;10.4266;08-Mar-2012

SBI Mutual Fund
114297;SBI Overnight Fund - Regular Plan - Daily Income Distribution cum Capital Withdrawal Option (IDCW);;INF200K01LN6;1009.9100;1009.9100;1009.9100;08-Mar-2012
101206;SBI OVERNIGHT FUND - REGULAR PLAN - GROWTH;INF200K01LQ9;;1836.9982;1836.9982;1836.9982;08-Mar-2012
103140;SBI Overnight Fund - Regular Plan - Weekly Income Distribution cum Capital Withdrawal Option (IDCW);INF200K01LO4;INF200K01LP1;1032.5108;1032.5108;1032.5108;08-Mar-2012

Open Ended Schemes ( Debt Scheme - Liquid Fund )


Aditya Birla Sun Life Mutual Fund
100047;Aditya Birla Sun Life Liquid Fund - Growth;INF209K01RU9;;170.7133;170.7133;170.7133;08-Mar-2012
100046;Aditya Birla Sun Life Liquid Fund -Daily IDCW;INF209K01KQ2;INF209K01SQ5;100.1950;100.1950;100.1950;08-Mar-2012
100041;Aditya Birla Sun Life Liquid Fund -Institutional - IDCW;;INF209K01KN9;108.0230;108.0230;108.0230;08-Mar-2012
100048;Aditya Birla Sun Life Liquid Fund -Institutional - weekly  IDCW;INF209KA1LK7;INF209K01KY6;108.2364;108.2364;108.2364;08-Mar-2012
100044;Aditya Birla Sun Life Liquid Fund -Retail - IDCW;;INF209K01KP4;163.6940;163.6940;163.6940;08-Mar-2012
100051;Aditya Birla Sun Life Liquid Fund -weekly IDCW;INF209K01KU4;INF209KA1LJ9;100.3851;100.3851;100.3851;08-Mar-2012
112014;Aditya Birla Sun Life Liquid Fund- Discipline Advantage Plan;INF209K01KZ3;;116.9500;116.9500;116.9500;08-Mar-2012
100043;Aditya Birla Sun Life Liquid Fund-Institutional (Growth);INF209K01RT1;;285.9176;285.9176;285.9176;08-Mar-2012
100042;Aditya Birla Sun Life Liquid Fund-Retail (Growth);INF209K01ME4;;280.2501;280.2501;280.2501;08-Mar-2012

Axis Mutual Fund
112211;Axis Liquid Fund - Regular Plan - Daily IDCW;;INF846K01420;1000.1031;1000.1031;1000.1031;08-Mar-2012
112210;Axis Liquid Fund - Regular Plan - Growth Option;INF846K01412;;1181.5101;1181.5101;1181.5101;08-Mar-2012
112213;Axis Liquid Fund - Regular Plan - Monthly IDCW;INF846K01453;INF846K01461;1002.6879;1002.6879;1002.6879;08-Mar-2012
112212;Axis Liquid Fund - Regular Plan - Weekly IDCW;INF846K01438;INF846K01446;1002.9475;1002.9475;1002.9475;08-Mar-2012
112712;Axis Liquid Fund - Retail Plan - Daily IDCW;;INF846K01362;1000.0746;1000.0746;1000.0746;08-Mar-2012
112713;Axis Liquid Fund - Retail Plan - Growth Option;INF846K01354;;1156.5351;1156.5351;1156.5351;08-Mar-2012
112714;Axis Liquid Fund - Retail Plan - Monthly IDCW;INF846K01396;INF846K01404;1002.5652;1002.5652;1002.5652;08-Mar-2012
112715;Axis Liquid Fund - Retail Plan - Weekly IDCW;INF846K01370;INF846K01388;1000.8130;1000.8130;1000.8130;08-Mar-2012

Bandhan Mutual Fund
108692;BANDHAN LIQUID Fund - Regular Plan - Daily IDCW;INF194K01VZ4;INF194K01VY7;1000.2500;1000.2500;1000.2500;08-Mar-2012
108690;BANDHAN LIQUID Fund - Regular Plan - Growth;INF194K01VX9;;1296.7808;1296.7808;1296.7808;08-Mar-2012
108693;BANDHAN LIQUID Fund - Regular Plan - Monthly IDCW;INF194K01WF4;INF194K01WE7;1002.3471;1002.3471;1002.3471;08-Mar-2012
115489;BANDHAN LIQUID Fund - Regular Plan - Periodic IDCW;INF194K01WC1;INF194K01WB3;1021.5874;1021.5874;1021.5874;08-Mar-2012
108691;BANDHAN LIQUID Fund - Regular Plan - Weekly IDCW;INF194K01WI8;INF194K01WH0;1001.5579;1001.5579;1001.5579;08-Mar-2012
108779;BANDHAN Liquid Fund-Plan A-Dividend (Daily);INF194K01VC3;INF194K01VB5;1058.1900;1058.1900;1058.1900;08-Mar-2012
108778;BANDHAN Liquid Fund-Plan A-Growth;INF194K01UX1;;1884.4986;1884.4986;1884.4986;08-Mar-2012
115486;BANDHAN Liquid Fund-Plan A-Monthly;INF194K01VF6;INF194K01VE9;1002.2143;1002.2143;1002.2143;08-Mar-2012
115487;BANDHAN Liquid Fund-Plan A-Periodic Dividend;INF194K01UZ6;INF194K01UY9;1020.5755;1020.5755;1020.5755;08-Mar-2012
108607;BANDHAN Liquid Fund - Plan A-Dividend (Weekly);INF194K01VI0;INF194K01VH2;1002.4750;1002.4750;1002.4750;08-Mar-2012
108781;BANDHAN Liquid Fund - Plan B (G) (Institutional Plan);INF194K01VK6;;1902.1910;1902.1910;1902.1910;08-Mar-2012
108629;BANDHAN Liquid Fund - Plan B - Dividend-Weekly;INF194K01VS9;INF194K01VR1;1001.4837;1001.4837;1001.4837;08-Mar-2012
108681;BANDHAN Liquid Fund - Plan B-Daily-Dividend(Institutional Plan);INF194K01VM2;INF194K01VL4;1058.7300;1058.7300;1058.7300;08-Mar-2012

Bank of India Mutual Fund
109257;BANK OF INDIA Liquid Fund- Institutional Plan- Daily Dividend;;;1000.0000;1000.0000;1000.0000;08-Mar-2012
109256;BANK OF INDIA Liquid Fund- Institutional Plan-Growth;INF761K01314;;1253.9923;1253.9923;1253.9923;08-Mar-2012
111971;BANK OF INDIA Liquid Fund- Regular Plan- Daily IDCW;;INF761K01CO4;1000.0000;1000.0000;1000.0000;08-Mar-2012
109254;BANK OF INDIA Liquid Fund- Regular Plan- Growth;INF761K01306;;1236.7529;1236.7529;1236.7529;08-Mar-2012
109255;BANK OF INDIA Liquid Fund- Regular Plan- Weekly IDCW;;INF761K01CP1;1000.6332;1000.6332;1000.6332;08-Mar-2012

Baroda BNP Paribas Mutual Fund
111707;Baroda BNP Paribas LIQUID FUND - Regular Plan - DAILY IDCW OPTION;INF955L01468;INF955L01476;1000.6300;1000.6300;1000.6300;08-Mar-2012
111704;Baroda BNP Paribas LIQUID FUND - Regular Plan - GROWTH OPTION;INF955L01484;;1221.2981;1221.2981;1221.2981;08-Mar-2012
111705;Baroda BNP Paribas LIQUID FUND - Regular Plan - WEEKLY IDCW OPTION;INF251K01SK0;INF955L01500;1000.8154;1000.8154;1000.8154;08-Mar-2012
101408;Baroda BNP Paribas LIQUID FUND- Defunct Plan -Growth Option;INF955L01575;;1851.0751;1851.0751;1851.0751;08-Mar-2012
101407;Baroda BNP Paribas LIQUID FUND-Defunct Plan- IDCW Option;INF955L01559;INF955L01567;1585.9102;1585.9102;1585.9102;08-Mar-2012
101409;Baroda BNP Paribas LIQUID FUND-Defunct Plan-Daily IDCW Option;INF955L01518;INF955L01526;1006.0600;1006.0600;1006.0600;08-Mar-2012

BNP Paribas Mutual Fund
113641;BNP PARIBAS LIQUID Fund-Institutional Plan-Daily Dividend Option;;;10.0030;10.0030;10.0030;08-Mar-2012
113634;BNP PARIBAS LIQUID Fund-Institutional Plan-Growth Option;;;16.3944;16.3944;16.3944;08-Mar-2012
113638;BNP PARIBAS LIQUID Fund-Institutional Plan-Monthly Dividend Payout Option;;;10.0212;10.0212;10.0212;08-Mar-2012
113642;BNP PARIBAS LIQUID Fund-Institutional Plan-Weekly Dividend Option;;;10.0013;10.0013;10.0013;08-Mar-2012
113640;BNP PARIBAS LIQUID Fund-Regular Plan-Growth Option;INF251K01CI8;;15.8952;15.8952;15.8952;08-Mar-2012
113632;BNP PARIBAS LIQUID Fund-Regular Plan-Monthly Dividend;INF251K01CK4;INF251K01CL2;10.0195;10.0195;10.0195;08-Mar-2012
113637;BNP PARIBAS LIQUID Fund-Regular Plan-Weekly Dividend Option;;INF251K01CJ6;10.0013;10.0013;10.0013;08-Mar-2012

Canara Robeco Mutual Fund
109349;CANARA ROBECO LIQUID FUND - REGULAR PLAN - DAILY IDCW (Reinvestment);;INF760K01CU3;1005.5000;1005.5000;1005.5000;08-Mar-2012
109353;CANARA ROBECO LIQUID FUND - REGULAR PLAN - GROWTH OPTION;INF760K01CW9;;1296.4029;1296.4029;1296.4029;08-Mar-2012
109350;CANARA ROBECO LIQUID FUND - REGULAR PLAN - WEEKLY IDCW (Payout/Reinvestment);INF760K01BZ4;INF760K01CZ2;1000.0000;1000.0000;1000.0000;08-Mar-2012
101363;Canara Robeco Liquid Fund- INSTITUTIONAL-Daily Dividend Reinvestment;;INF760K01CC1;1005.5000;1005.5000;1005.5000;08-Mar-2012
101362;Canara Robeco Liquid Fund- INSTITUTIONAL-Growth;INF760K01CD9;;1926.6940;1926.6940;1926.6940;08-Mar-2012
101361;Canara Robeco Liquid Fund- INSTITUTIONAL-Weekly dividend;;INF760K01CE7;1000.2498;1000.2498;1000.2498;08-Mar-2012
109357;Canara Robeco Liquid Fund-Institutional-Fortnightly Div Reinvest;;INF760K01860;1000.0000;1000.0000;1000.0000;08-Mar-2012
109352;Canara Robeco Liquid Fund-Institutional-Monthly Div Reinvest;;INF760K01894;1002.0336;1002.0336;1002.0336;08-Mar-2012
109355;Canara Robeco Liquid Fund-Regular Plan-Fortnightly Div Reinvest.;;INF760K01951;1000.0000;1000.0000;1000.0000;08-Mar-2012
101364;Canara Robeco Liquid Fund-Retail-DRI;;INF760K01CF4;1007.0000;1007.0000;1007.0000;08-Mar-2012
109346;Canara Robeco Liquid Fund-Retail-Fortnightly Div Reinvest;;INF760K01CG2;1000.0000;1000.0000;1000.0000;08-Mar-2012
101365;Canara Robeco Liquid Fund-Retail-Growth;INF760K01CH0;;1909.5281;1909.5281;1909.5281;08-Mar-2012
109347;Canara Robeco Liquid Fund-Retail-Monthly Div Reinvest;;INF760K01CI8;1007.4126;1007.4126;1007.4126;08-Mar-2012
109356;Canara Robeco Liquid Fund-Retail-Weekly Div Reinvest;;INF760K01CJ6;1005.7338;1005.7338;1005.7338;08-Mar-2012

DSP Mutual Fund
103347;DSP Liquidity Fund - Regular Plan - Growth;INF740K01FK9;;1525.8489;1525.8489;1525.8489;08-Mar-2012
103348;DSP Liquidity Fund - Regular Plan - IDCW - Weekly;INF740K01FM5;INF740K01FL7;1000.2000;1000.2000;1000.2000;08-Mar-2012
103349;DSP Liquidity Fund- Regular Plan - IDCW - Daily;;INF740KA1OE0;1000.3161;1000.3161;1000.3161;08-Mar-2012
100943;DSP BlackRock Liquidity Fund - Regular Plan - Daily Dividend;;;10.0100;10.0100;10.0100;08-Mar-2012
100940;DSP BlackRock Liquidity Fund - Regular Plan - Growth;INF740K01CN0;;25.2432;25.2432;25.2432;08-Mar-2012
100941;DSP BlackRock Liquidity Fund - Regular Plan Weekly Dividend;;;12.4104;12.4104;12.4104;08-Mar-2012

Franklin Templeton Mutual Fund
100541;Franklin India Liquid Fund - Regular Plan - Daily - IDCW;;INF090I01BA3;1512.3400;1512.3400;1512.3400;08-Mar-2012
100538;Franklin India Liquid Fund - Regular Plan - Growth;INF090I01BB1;;2600.8762;2600.8762;2600.8762;08-Mar-2012
100537;Franklin India Liquid Fund - Regular Plan - Weekly - IDCW;INF090I01BL0;INF090I01BI6;1245.5979;1245.5979;1245.5979;08-Mar-2012
100547;Franklin India Liquid Fund - Super Institutional Plan - Daily - IDCW;;INF090I01BF2;1000.6730;1000.6730;1000.6730;08-Mar-2012
100546;Franklin India Liquid Fund - Super Institutional Plan - Growth;INF090I01BG0;;1586.0850;1586.0850;1586.0850;08-Mar-2012
100548;Franklin India Liquid Fund - Super Institutional Plan - Weekly - IDCW;INF090I01BM8;INF090I01BH8;1022.2426;1022.2426;1022.2426;08-Mar-2012
102441;Franklin India Liquid Fund - Institution-Growth;INF090I01BD7;;1656.8621;1656.8621;1656.8621;08-Mar-2012
102443;Franklin India Liquid Fund - Institutional Plan - Daily - IDCW;;INF090I01BC9;1000.6730;1000.6730;1000.6730;08-Mar-2012
102442;Franklin India Liquid Fund - Institutional Plan - Weekly - IDCW;INF090I01BJ4;INF090I01BE5;1055.8274;1055.8274;1055.8274;08-Mar-2012

Groww Mutual Fund
115991;Groww Liquid Fund (formerly known as Indiabulls Liquid Fund) - Regular Plan - Growth Option;INF666M01014;;1035.5494;1035.5494;1035.5494;08-Mar-2012
115992;Groww Liquid Fund (formerly known as Indiabulls Liquid Fund)- Regular Plan- - Income Distribution cum capital withdrawal Option (Reinvestment);;INF666M01022;1000.0000;1000.0000;1000.0000;08-Mar-2012
115995;Groww Liquid Fund (formerly known as Indiabulls Liquid Fund)- Regular Plan- Monthly - Income Distribution cum capital withdrawal Option (Payout & Reinvestment);INF666M01071;INF666M01055;1000.0000;1000.0000;1000.0000;08-Mar-2012
115993;Groww Liquid Fund (formerly known as Indiabulls Liquid Fund)- Regular Plan- Weekly - Income Distribution cum capital withdrawal Option (Payout & Reinvestment);INF666M01089;INF666M01030;1000.0000;1000.0000;1000.0000;08-Mar-2012
115994;Groww Liquid Fund (formerly known as Indiabulls Liquid) Fund- Regular Plan- Fortnightly - Income Distribution cum capital withdrawal Option (Payout & Reinvestment);INF666M01063;INF666M01048;1000.0000;1000.0000;1000.0000;08-Mar-2012

HDFC Mutual Fund
100868;HDFC Liquid Fund - Growth Plan;INF179KB1HK0;;21.0392;21.0392;21.0392;08-Mar-2012
100875;HDFC Liquid Fund - IDCW Daily;;INF179KB1IC5;10.1982;10.1982;10.1982;08-Mar-2012
100876;HDFC Liquid Fund - IDCW Monthly;INF179KB1HM6;INF179KB1HL8;10.2891;10.2891;10.2891;08-Mar-2012
100874;HDFC Liquid Fund - IDCW Plan Weekly;INF179KB1ID3;;10.3182;10.3182;10.3182;08-Mar-2012
100877;HDFC Liquid Fund-Premium Plan - Dividend-Daily;;INF179K01KN4;12.2598;12.2598;12.2598;08-Mar-2012
100878;HDFC Liquid Fund-Premium Plan - Dividend-Weekly;INF179K01KP9;;10;10;10;08-Mar-2012
100881;HDFC Liquid Fund-Premium Plus Plan - Dividend-Weekly;INF179K01KS3;;10;10;10;08-Mar-2012
100872;HDFC Liquid Fund-PREMIUM PLUS- Growth;INF179K01KQ7;;21.3987;21.3987;21.3987;08-Mar-2012
100873;HDFC Liquid Fund-PREMIUM- Growth;INF179KB1HN4;;21.3556;21.3556;21.3556;08-Mar-2012

HSBC Mutual Fund
101700;HSBC Cash Fund - Dividend - Daily;;INF336L01321;10.0056;10.0056;10.0056;08-Mar-2012
101702;HSBC Cash Fund - Dividend - Monthly;INF336L01305;INF336L01297;0.0000;0.0000;0.0000;08-Mar-2012
101701;HSBC Cash Fund - Dividend - Weekly;;INF336L01347;10.7771;10.7771;10.7771;08-Mar-2012
101692;HSBC Cash Fund - Inst. - Dividend - Daily;;INF336L01354;10.4401;10.4401;10.4401;08-Mar-2012
101694;HSBC Cash Fund - Inst. - Dividend - Monthly;INF336L01370;INF336L01362;10.5526;10.5526;10.5526;08-Mar-2012
101693;HSBC Cash Fund - Inst. - Dividend - Weekly;;INF336L01388;10.8775;10.8775;10.8775;08-Mar-2012
101691;HSBC Cash Fund - Inst. - Growth;INF336L01289;;17.0886;17.0886;17.0886;08-Mar-2012
101697;HSBC Cash Fund - Regular - Dividend - Daily;;INF336L01263;10.1930;10.1930;10.1930;08-Mar-2012
101698;HSBC Cash Fund - Regular - Dividend - Weekly;;INF336L01313;10.0305;10.0305;10.0305;08-Mar-2012
101696;HSBC Liquid Fund - Growth closed plan;INF336L01271;;16.8674;16.8674;16.8674;08-Mar-2012
101699;HSBC Liquid Fund Closed;INF336L01339;;10.6773;10.6773;10.6773;08-Mar-2012

ICICI Prudential Mutual Fund
100357;ICICI Prudential Liquid Fund -Quarterly IDCW;INF109K01UU5;INF109K01UT7;101.8449;101.8449;101.8449;08-Mar-2012
100359;ICICI Prudential Liquid Institutional Plus Fund - Div - Daily;INF109K01VJ6;;118.5150;118.5150;118.5150;08-Mar-2012
100360;ICICI Prudential Liquid Institutional Plus Fund - Div - Weekly;INF109K01VM0;;118.6707;118.6707;118.6707;08-Mar-2012
100362;ICICI Prudential Liquid Institutional Plus Fund - Growth;INF109K01VK4;;262.3330;262.3330;262.3330;08-Mar-2012
103343;ICICI Prudential Liquid Fund - Daily IDCW;INF109K01VP3;;100.0226;100.0226;100.0226;08-Mar-2012
103340;ICICI Prudential Liquid Fund - Growth;INF109K01VQ1;;157.6113;157.6113;157.6113;08-Mar-2012
104308;ICICI Prudential Liquid Fund - Half Yearly IDCW;INF109K01UX9;INF109K01UW1;103.9036;103.9036;103.9036;08-Mar-2012
103344;ICICI Prudential Liquid Fund - Institutional Option - I;INF109K01VH0;;153.7055;153.7055;153.7055;08-Mar-2012
103342;ICICI Prudential Liquid Fund - Weekly IDCW;INF109K01VS7;;100.2382;100.2382;100.2382;08-Mar-2012
101748;ICICI Prudential Liquid Fund - Institutional - Daily - Div;INF109K01VE7;;118.5020;118.5020;118.5020;08-Mar-2012
101753;ICICI Prudential Liquid Fund - Institutional - Weekly - Div;INF109K01VI8;;118.5393;118.5393;118.5393;08-Mar-2012
101754;ICICI Prudential Liquid Fund Retail Daily Dividend;INF109K01UR1;;118.5140;118.5140;118.5140;08-Mar-2012
101750;ICICI Prudential Liquid Fund Retail Growth;INF109K01UQ3;;254.1266;254.1266;254.1266;08-Mar-2012
101755;ICICI Prudential Liquid Fund Retail Monthly Dividend;INF109K01US9;;100.3210;100.3210;100.3210;08-Mar-2012
101752;ICICI Prudential Liquid Fund Retail Weekly Dividend;INF109K01UV3;;118.9105;118.9105;118.9105;08-Mar-2012
101751;ICICI Prudential Liquid Institutional Fund - Growth;INF109K01VF4;;259.9041;259.9041;259.9041;08-Mar-2012

IDBI Mutual Fund
113104;IDBI Liquid Fund- Monthly IDCW;INF397L01976;INF397L01968;1002.6285;1002.6285;1002.6285;08-Mar-2012
113102;IDBI Liquid Fund-Daily IDCW;;INF397L01935;1000.0000;1000.0000;1000.0000;08-Mar-2012
113096;IDBI Liquid Fund-Growth;INF397L01984;;1143.9702;1143.9702;1143.9702;08-Mar-2012
113103;IDBI Liquid Fund-Weekly IDCW;INF397L01950;INF397L01943;1001.2719;1001.2719;1001.2719;08-Mar-2012

Invesco Mutual Fund
104484;Invesco India Liquid Fund - Daily IDCW (Reinvestment);;INF205K01HN3;1000.7849;1000.7849;1000.7849;08-Mar-2012
104486;Invesco India Liquid Fund - Growth;INF205K01HM5;;1465.0341;1465.0341;1465.0341;08-Mar-2012
104488;Invesco India Liquid Fund - Regular - Growth;INF205K01HG7;;1428.1561;1428.1561;1428.1561;08-Mar-2012
104489;Invesco India Liquid Fund - Regular - Weekly IDCW (Reinvestment);;INF205K01HH5;1001.0526;1001.0526;1001.0526;08-Mar-2012
104483;Religare Invesco Liquid Fund - Institutional - Daily Dividend;;INF205K01HJ1;1000.2250;1000.2250;1000.2250;08-Mar-2012
104491;Religare Invesco Liquid Fund - Institutional - Growth;INF205K01HI3;;1452.8547;1452.8547;1452.8547;08-Mar-2012

JM Financial Mutual Fund
100241;JM High Liquidity Fund-- Institutional Plan - Dividend;INF192K01924;INF192K01932;10.6890;10.6890;10.6890;08-Mar-2012
100237;JM High Liquidity Fund-- Institutional Plan - Growth;INF192K01940;;17.5574;17.5574;17.5574;08-Mar-2012
100238;JM High Liquidity Fund-Institutional Plan - Daily Dividend;;INF192K01916;10.0159;10.0159;10.0159;08-Mar-2012
100245;JM High Liquidity Fund-Super Institutional Plan- Daily Dividend;;INF192K01957;10.0165;10.0165;10.0165;08-Mar-2012
100246;JM High Liquidity Fund-Super Institutional Plan- Weekly  Dividend;INF192K01965;INF192K01973;10.0864;10.0864;10.0864;08-Mar-2012
100244;JM Liquid Fund (Regular) - Quarterly IDCW;INF192K01866;INF192K01874;16.4596;16.4596;16.4596;08-Mar-2012
100247;JM Liquid Fund (Regular) - Super Institutional Plan - Growth Option;INF192K01981;;16.7051;16.7051;16.7051;08-Mar-2012
100233;JM Liquid Fund (Regular) - Weekly IDCW;INF192K01841;INF192K01858;10.9360;10.9360;10.9360;08-Mar-2012
100234;JM Liquid Fund - Growth Option;INF192K01882;;29.0801;29.0801;29.0801;08-Mar-2012
101549;JM Liquid Fund (Regular) - Bonus Option - Principal Units;INF192K01890;;15.2711;15.2711;15.2711;08-Mar-2012
101078;JM Liquid Fund (Regular) - Daily IDCW;;INF192K01833;10.4302;10.4302;10.4302;08-Mar-2012

Kotak Mahindra Mutual Fund
100833;Kotak Liquid Fund - Regular  - Daily Reinvestment of Income Distribution cum capital withdrawal option;;INF174K01NL3;12.2281;12.2281;12.2281;08-Mar-2012
100835;Kotak Liquid Fund - Regular Plan - Growth;INF174K01NI9;;21.6247;21.6247;21.6247;08-Mar-2012
100831;Kotak Liquid Fund -Institutional Plan - (Daily Dividend);;INF174K01GA0;12.2281;12.2281;12.2281;08-Mar-2012
100834;Kotak Liquid Fund Regular Plan Weekly Reinvestment of Income Distribution cum capital withdrawal option Dividend;INF174K01NK5;;10.0056;10.0056;10.0056;08-Mar-2012
100830;Kotak Liquid-Institutional Plan  (Growth);INF174K01FZ9;;20.8942;20.8942;20.8942;08-Mar-2012
100832;Kotak Liquid-Institutional Plan (Weekly Dividend);;INF174K01GB8;10.0982;10.0982;10.0982;08-Mar-2012
100828;Kotak Liquid-Regular (Dividend);;INF174K01FY2;10.0295;10.0295;10.0295;08-Mar-2012
100829;Kotak Liquid-Regular (Growth);INF174K01NM1;;20.357;20.357;20.357;08-Mar-2012

L&T Mutual Fund
112445;L&T Liquid Fund -Regular Plan - Daily IDCW;INF917K01JB4;;1011.6349;1011.6349;1011.6349;08-Mar-2012
112457;L&T Liquid Fund -Regular Plan - Growth;INF917K01JH1;;1462.7431;1462.7431;1462.7431;08-Mar-2012
112456;L&T Liquid Fund-Cum -Institutional Plus;INF917K01BJ4;;2143.7973;2143.7973;2143.7973;08-Mar-2012
112442;L&T Liquid Fund-Regular Cumulative;INF917K01BF2;;2102.8327;2102.8327;2102.8327;08-Mar-2012
112483;L&T Liquid Fund - Institutional Plus Weekly Dividend;INF917K01BH8;INF917K01BI6;1396.0190;1396.0190;1396.0190;08-Mar-2012

LIC Mutual Fund
101184;LIC MF Liquid Fund-Regular Plan-Daily IDCW;INF767K01IQ3;INF767K01IR1;10.9801;10.9801;10.9801;08-Mar-2012
101185;LIC MF Liquid Fund-Regular Plan-Growth;INF767K01IS9;;19.4035;19.4035;19.4035;08-Mar-2012

Mirae Asset Mutual Fund
111647;Mirae Asset Liquid Fund - Regular - Daily IDCW;;INF769K01804;1038.7196;1038.7196;1038.7196;08-Mar-2012
111646;Mirae Asset Liquid Fund - Regular Plan - Growth;INF769K01788;;1158.4268;1158.4268;1158.4268;08-Mar-2012
111645;Mirae Asset Liquid Fund - Regular Plan - Monthly IDCW;INF769K01838;INF769K01820;1124.9595;1124.9595;1124.9595;08-Mar-2012
111644;Mirae Asset Liquid Fund - Regular Plan - Weekly IDCW;INF769K01PC4;INF769K01812;1122.8989;1122.8989;1122.8989;08-Mar-2012

Navi Mutual Fund
112645;Navi Liquid Fund - Regular Plan Daily IDCW;;INF959L01GM7;10.0015;10.0015;10.0015;08-Mar-2012
112647;Navi Liquid Fund - Regular Plan Monthly IDCW;INF959L01GN5;INF959L01GO3;10.0348;10.0348;10.0348;08-Mar-2012
112646;Navi Liquid Fund - Regular Plan Weekly IDCW;INF959L01GP0;INF959L01GQ8;10.0096;10.0096;10.0096;08-Mar-2012
112637;Navi Liquid Fund-Institutional Plan-Dividend Option-Daily;;INF959L01197;10.0015;10.0015;10.0015;08-Mar-2012
112640;Navi Liquid Fund-Institutional Plan-Growth;INF959L01247;;11.5763;11.5763;11.5763;08-Mar-2012
112636;Navi Liquid Fund-Regular Plan-Growth Option;INF959L01GL9;;11.6448;11.6448;11.6448;08-Mar-2012
112641;Navi Liquid Fund-Retail Plan-Dividend Option-Daily;;INF959L01254;10.0015;10.0015;10.0015;08-Mar-2012
112643;Navi Liquid Fund-Retail Plan-Dividend Option-Monthly;INF959L01262;INF959L01270;10.0289;10.0289;10.0289;08-Mar-2012
112642;Navi Liquid Fund-Retail Plan-Dividend Option-Weekly;INF959L01288;INF959L01296;10.0070;10.0070;10.0070;08-Mar-2012
112644;Navi Liquid Fund-Retail Plan-Growth;INF959L01304;;11.4530;11.4530;11.4530;08-Mar-2012

Nippon India Mutual Fund
100852;NIPPON INDIA LIQUID FUND - DAILY IDCW OPTION;;INF204K01UM1;15.2874;15.2874;15.2874;08-Mar-2012
100855;NIPPON INDIA LIQUID FUND - MONTHLY IDCW OPTION;INF204K01UO7;INF204K01UP4;21.8034;21.8034;21.8034;08-Mar-2012
100837;Nippon India Liquid Fund - Retail Option - Growth Plan;INF204K01UL3;;25.3702;25.3702;25.3702;08-Mar-2012
100842;NIPPON INDIA LIQUID FUND - RETAIL Plan - DAILY IDCW OPTION;;INF204K01UJ7;15.2428;15.2428;15.2428;08-Mar-2012
100843;NIPPON INDIA LIQUID FUND - RETAIL plan - MONTHLY IDCW OPTION;INF204K01UT6;INF204K01UU4;13.3424;13.3424;13.3424;08-Mar-2012
100844;NIPPON INDIA LIQUID FUND - RETAIL Plan - QUARTERLY IDCW OPTION;INF204K01UV2;INF204K01UW0;12.3956;12.3956;12.3956;08-Mar-2012
100838;NIPPON INDIA LIQUID FUND - RETAIL Plan - WEEKLY IDCW OPTION;;INF204K01UK5;10.3571;10.3571;10.3571;08-Mar-2012
100853;NIPPON INDIA LIQUID FUND - WEEKLY IDCW OPTION;INF204KC1FM8;INF204K01US8;15.3277;15.3277;15.3277;08-Mar-2012
100851;Nippon India Liquid Fund -Growth Plan;INF204K01UN9;;25.9548;25.9548;25.9548;08-Mar-2012
100849;Reliance Liquid Fund-Cash Plan-Daily Dividend Reinvestment Option;;;11.1415;11.1415;11.1415;08-Mar-2012
100845;Reliance Liquid Fund-Cash Plan-Growth Plan;;;17.2612;17.2612;17.2612;08-Mar-2012
114251;Reliance Liquid Fund-Cash Plan-Monthly Dividend Plan;;;10.0539;10.0539;10.0539;08-Mar-2012
114252;Reliance Liquid Fund-Cash Plan-Quarterly Dividend Plan;;;10.2344;10.2344;10.2344;08-Mar-2012
100848;Reliance Liquid Fund-Cash Plan-Weekly Dividend Reinvestment Option;;;10.9334;10.9334;10.9334;08-Mar-2012

Principal Mutual Fund
100895;Principal Cash Management Fund - Daily Income Distribution CUM Capital Withdrawal;;INF173K01DB7;1000.07;1000.07;1000.07;08-Mar-2012
100897;Principal Cash Management Fund - Monthly Income Distribution CUM Capital Withdrawal Option;INF173K01BV9;INF173K01BW7;1016.0529;1016.0529;1016.0529;08-Mar-2012
100896;Principal Cash Management Fund - Weekly Income Distribution CUM Capital Withdrawal Option;;INF173K01DC5;1006.2627;1006.2627;1006.2627;08-Mar-2012
100898;Principal Cash Management Fund -Growth Option;INF173K01DA9;;1658.1031;1658.1031;1658.1031;08-Mar-2012

Quantum Mutual Fund
103736;Quantum Liquid Fund - Direct Plan Daily IDCW;;INF082J01135;10.0000;10.0000;10.0000;08-Mar-2012
103734;Quantum Liquid Fund - Direct Plan Growth Option;INF082J01127;;15.1432;15.1432;15.1432;08-Mar-2012
103735;Quantum Liquid Fund - Direct Plan Monthly IDCW;INF082J01143;INF082J01200;10.0261;10.0261;10.0261;08-Mar-2012

SBI Mutual Fund
105274;SBI Liquid Fund - Institutional - Growth;INF200K01LU1;;1692.9924;1692.9924;1692.9924;08-Mar-2012
105275;SBI Liquid Fund - Institutional Daily Income Distribution cum Capital Withdrawal Option (IDCW);;INF200K01LR7;1003.2500;1003.2500;1003.2500;08-Mar-2012
105279;SBI Liquid Fund - Institutional Fortnightly Income Distribution cum Capital Withdrawal Option (IDCW);INF200K01LS5;INF200K01LT3;1022.6077;1022.6077;1022.6077;08-Mar-2012
105278;SBI Liquid Fund - Institutional Weekly Income Distribution cum Capital Withdrawal Option (IDCW);INF200K01LV9;INF200K01LW7;1061.7265;1061.7265;1061.7265;08-Mar-2012
105281;SBI Liquid Fund - Regular Plan - Daily Income Distribution cum Capital Withdrawal Option (IDCW);;INF200K01LX5;1003.2500;1003.2500;1003.2500;08-Mar-2012
105283;SBI Liquid Fund - Regular Plan - Fortnightly Income Distribution cum Capital Withdrawal Option (IDCW);INF200K01LY3;INF200K01LZ0;N.A.;N.A.;N.A.;08-Mar-2012
105282;SBI Liquid Fund - Regular Plan - Weekly Income Distribution cum Capital Withdrawal Option (IDCW);INF200K01MB9;INF200K01MC7;N.A.;N.A.;N.A.;08-Mar-2012
105280;SBI Liquid Fund - REGULAR PLAN -Growth;INF200K01MA1;;1675.9429;1675.9429;1675.9429;08-Mar-2012

Sundaram Mutual Fund
102701;Sundaram Money Fund Institutional Plan - Daily Reinvestment of Income Distribution cum Capital Withdrawal (IDCW);;INF903J01GP2;10.0953;10.0953;10.0953;08-Mar-2012
102702;Sundaram Money Fund Institutional Plan - Fortnightly Reinvestment of Income Distribution cum Capital Withdrawal (IDCW);;INF903J01GR8;0.0000;0.0000;0.0000;08-Mar-2012
102703;Sundaram Money Fund Institutional Plan - Growth;INF903J01GN7;;22.0110;22.0110;22.0110;08-Mar-2012
102704;Sundaram Money Fund Institutional Plan - Monthly Income Distribution cum Capital Withdrawal (IDCW);INF903J01GO5;INF903J01GS6;10.3930;10.3930;10.3930;08-Mar-2012
102705;Sundaram Money Fund Institutional Plan - Quarterly Reinvestment of Income Distribution cum Capital Withdrawal (IDCW);;INF903J01GT4;0.0000;0.0000;0.0000;08-Mar-2012
102706;Sundaram Money Fund Institutional Plan - Weekly Reinvestment of Income Distribution cum Capital Withdrawal (IDCW);;INF903J01GQ0;0.0000;0.0000;0.0000;08-Mar-2012
103392;Sundaram Money Fund Regular Plan - Daily Reinvestment of Income Distribution cum Capital Withdrawal (IDCW);;INF903J01GW8;10.0953;10.0953;10.0953;08-Mar-2012
103395;Sundaram Money Fund Regular Plan - Fortnightly Reinvestment of Income Distribution cum Capital Withdrawal (IDCW);;INF903J01GY4;0.0000;0.0000;0.0000;08-Mar-2012
103397;Sundaram Money Fund Regular Plan - Growth;INF903J01GU2;;22.4748;22.4748;22.4748;08-Mar-2012
103396;Sundaram Money Fund Regular Plan - Monthly Income Distribution cum Capital Withdrawal (IDCW);INF903J01GV0;INF903J01GZ1;0.0000;0.0000;0.0000;08-Mar-2012
103393;Sundaram Money Fund Regular Plan - Quarterly Reinvestment of Income Distribution cum Capital Withdrawal (IDCW);;INF903J01HA2;0.0000;0.0000;0.0000;08-Mar-2012
100620;Sundaram Money Fund Retail Plan - Daily Reinvestment of Income Distribution cum Capital Withdrawal (IDCW);;INF903J01GI7;10.0953;10.0953;10.0953;08-Mar-2012
100622;Sundaram Money Fund Retail Plan - Fortnightly Reinvestment of Income Distribution cum Capital Withdrawal (IDCW);;INF903J01GK3;10.5150;10.5150;10.5150;08-Mar-2012
100618;Sundaram Money Fund Retail Plan - Growth;INF903J01GG1;;21.3046;21.3046;21.3046;08-Mar-2012
100623;Sundaram Money Fund Retail Plan - Monthly Income Distribution cum Capital Withdrawal (IDCW);INF903J01GH9;INF903J01GL1;10.3360;10.3360;10.3360;08-Mar-2012
100619;Sundaram Money Fund Retail Plan - Quarterly Reinvestment of Income Distribution cum Capital Withdrawal (IDCW);;INF903J01GM9;11.9222;11.9222;11.9222;08-Mar-2012
100621;Sundaram Money Fund Retail Plan - Weekly Reinvestment of Income Distribution cum Capital Withdrawal (IDCW);;INF903J01GJ5;10.8229;10.8229;10.8229;08-Mar-2012
103394;Sundaram Money Fund Regular Plan - Weekly Reinvestment of Income Distribution cum Capital Withdrawal (IDCW);;INF903J01GX6;10.8414;10.8414;10.8414;08-Mar-2012

Tata Mutual Fund
102672;Tata Liquid Fund -Regular Plan - Growth Option;INF277K01YD8;;16.7349;16.7349;16.7349;08-Mar-2012
101714;Tata Liquid Fund- Regular Plan - Daily Reinvestment of IDCW Option;;INF277K011D4;10.0152;10.0152;10.0152;08-Mar-2012

Taurus Mutual Fund
111915;Taurus Liquid Fund - Regular Plan - SI Growth Option;INF044D01534;;1149.0071;1149.0071;1149.0071;08-Mar-2012
113248;Taurus Liquid Fund - Regular Plan - SI Weekly Dividend Option;;INF044D01526;1001.8395;1001.8395;1001.8395;08-Mar-2012
111703;Taurus Liquid Fund - Regular Plan -SI Daily Dividend Option;;INF044D01518;1000.0905;1000.0905;1000.0905;08-Mar-2012
111547;Taurus Liquid Fund Insti DDRIP;;INF044D01484;1000.0905;1000.0905;1000.0905;08-Mar-2012
111760;Taurus Liquid Fund Insti Growth;INF044D01500;;1171.3139;1171.3139;1171.3139;08-Mar-2012
104240;Taurus Liquid Fund-Dividend;INF044D01542;INF044D01559;1001.2175;1001.2175;1001.2175;08-Mar-2012
104241;Taurus Liquid Fund-Growth;INF044D01575;;1397.7426;1397.7426;1397.7426;08-Mar-2012

Union Mutual Fund
115401;Union Liquid Fund - Daily IDCW Option;;INF582M01021;1000.1800;1000.1800;1000.1800;08-Mar-2012
115399;Union Liquid Fund - Fortnightly IDCW Option;INF582M01062;INF582M01047;1002.5553;1002.5553;1002.5553;08-Mar-2012
115398;Union Liquid Fund - Growth Option;INF582M01013;;1067.5413;1067.5413;1067.5413;08-Mar-2012
115400;Union Liquid Fund - Monthly IDCW Option;INF582M01070;INF582M01054;1002.5600;1002.5600;1002.5600;08-Mar-2012
115402;Union Liquid Fund - Weekly IDCW Option;;INF582M01039;1000.7099;1000.7099;1000.7099;08-Mar-2012

UTI Mutual Fund
102010;UTI Liquid Fund - Regular Plan - Daily IDCW (Reinvestment);;INF789F01PG3;1019.4457;1019.4457;1019.4457;08-Mar-2012
102011;UTI Liquid Fund - Regular Plan - Monthly IDCW;INF789F01PI9;INF789F01PJ7;1027.0495;1027.0495;1027.0495;08-Mar-2012
102013;UTI Liquid Fund - Regular Plan - Weekly IDCW;;INF789F01PK5;1043.5754;1043.5754;1043.5754;08-Mar-2012
102012;UTI-  Liquid Cash Plan - Regular Plan - Growth Option;INF789F01PH1;;1749.3162;1749.3162;1749.3162;08-Mar-2012
102008;UTI-  Liquid Cash Plan- Discontinued - Regular Plan - Monthly Dividend Option;INF789F01BC2;INF789F01BA6;1102.7026;1102.7026;1102.7026;08-Mar-2012
102009;UTI-  Liquid Cash Plan- Discontinued - Regular Plan -Growth;INF789F01BB4;;1706.6729;1706.6729;1706.6729;08-Mar-2012
102007;UTI-  Liquid Cash Plan- Discontinued -Regular Plan Periodic Dividend Option;;INF789F01AZ5;1105.4544;1105.4544;1105.4544;08-Mar-2012

Open Ended Schemes ( Debt Scheme - Ultra Short Duration Fund )


Principal Mutual Fund
107329;Principal Ultra Short Term Fund-Daily Income Distribution CUM Capital Withdrawal Option;;INF173K01CV7;1005.43;1005.43;1005.43;08-Mar-2012
107328;Principal Ultra Short Term Fund-Growth Option;INF173K01CU9;;1189.331;1189.331;1189.331;08-Mar-2012
107332;Principal Ultra Short Term Fund-Weekly Income Distribution CUM Capital Withdrawal Option;;INF173K01CW5;1011.9584;1011.9584;1011.9584;08-Mar-2012

SBI Mutual Fund
105080;SBI Ultra Short Duration Fund - Regular Plan - Daily Income Distribution cum Capital Withdrawal Option (IDCW);;INF200K01LK2;1675.0300;1675.0300;1675.0300;08-Mar-2012
100641;SBI ULTRA SHORT DURATION FUND - REGULAR PLAN - GROWTH;INF200K01LJ4;;2361.0373;2361.0373;2361.0373;08-Mar-2012
103884;SBI Ultra Short Duration Fund - Regular Plan - Weekly Income Distribution cum Capital Withdrawal Option (IDCW);INF200K01LM8;INF200K01LL0;1078.9512;1078.9512;1078.9512;08-Mar-2012

Open Ended Schemes ( Debt Scheme - Money Market Fund )


Aditya Birla Sun Life Mutual Fund
101973;Aditya Birla Sun Life Money Manager Fund - Daily IDCW;;INF209K01SZ6;100.0200;100.0200;100.0200;08-Mar-2012
101976;Aditya Birla Sun Life Money Manager Fund - Growth;INF209K01RV7;;141.5170;141.5170;141.5170;08-Mar-2012
101972;Aditya Birla Sun Life Money Manager Fund - Retail - Daily IDCW;;INF209K01JZ5;100.0150;100.0150;100.0150;08-Mar-2012
101970;Aditya Birla Sun Life Money Manager Fund - RETAIL - WEEKLY IDCW;;INF209K01JY8;103.9133;103.9133;103.9133;08-Mar-2012
101971;Aditya Birla Sun Life Money Manager Fund - Retail Growth;INF209K01MJ3;;175.3671;175.3671;175.3671;08-Mar-2012
101974;Aditya Birla Sun Life Money Manager Fund - WEEKLY IDCW;;INF209K01SY9;100.2424;100.2424;100.2424;08-Mar-2012

HDFC Mutual Fund
101994;HDFC Money Market Fund - Daily IDCW Option;;INF179KB1IG6;10.6364;10.6364;10.6364;08-Mar-2012
101993;HDFC Money Market Fund - Growth Option;INF179KB1HR5;;22.2538;22.2538;22.2538;08-Mar-2012
101995;HDFC Money Market Fund - Weekly IDCW Option;INF179KB1IH4;INF179KB1II2;10.6412;10.6412;10.6412;08-Mar-2012

ICICI Prudential Mutual Fund
115328;ICICI Prudential Money Market Fund Dividend;INF109K01I72;;100.0020;100.0020;100.0020;08-Mar-2012
101221;ICICI Prudential Money Market Fund Retail Growth (erstwhile Cash Option);INF109K01TW3;;169.2462;169.2462;169.2462;08-Mar-2012
103634;ICICI Prudential Money Market Fund Option - Daily IDCW;INF109K01TY9;;100.0115;100.0115;100.0115;08-Mar-2012
103633;ICICI Prudential Money Market Fund Option - Growth;INF109K01TX1;;147.4190;147.4190;147.4190;08-Mar-2012
103637;ICICI Prudential Money Market Fund Option - Monthly IDCW;INF109K01UC3;INF109K01UB5;100.4651;100.4651;100.4651;08-Mar-2012
103635;ICICI Prudential Money Market Fund Option - Weekly IDCW;INF109K01TZ6;;100.1451;100.1451;100.1451;08-Mar-2012
103636;ICICI Prudential Money Market Fund Option -Fortnightly IDCW;INF109K01UA7;;100.4694;100.4694;100.4694;08-Mar-2012

Kotak Mahindra Mutual Fund
106842;Kotak Money Market Fund - (Daily Reinvestment of Income Distribution cum capital withdrawal option);INF174K01ND0;;10.1162;10.1162;10.1162;08-Mar-2012
101893;Kotak Money Market Fund - (Growth);INF174K01NA6;;17.4503;17.4503;17.4503;08-Mar-2012
101892;Kotak Money market Fund - (Monthly Payout of Income Distribution cum capital withdrawal option);INF174K018O0;INF174K01NB4;10.078;10.078;10.078;08-Mar-2012
101894;Kotak Money Market Fund - (Weekly Reinvestment of Income Distribution cum capital withdrawal option);INF174K01NC2;;10.1277;10.1277;10.1277;08-Mar-2012

Nippon India Mutual Fund
103050;NIPPON INDIA MONEY MARKET FUND - DAILY IDCW Option;;INF204K01UY6;10.0051;10.0051;10.0051;08-Mar-2012
103048;Nippon India Money Market Fund-Growth Plan-Growth Option;INF204K01VA4;;16.0575;16.0575;16.0575;08-Mar-2012

Tata Mutual Fund
101986;Tata Money Market Fund- Regular Plan - Daily Reinvestment of IDCW Option;;INF277K014C0;1114.5200;1114.5200;1114.5200;08-Mar-2012
101847;Tata Money Market Fund-Regular Plan - Growth Option;INF277K01LQ7;;1968.1833;1968.1833;1968.1833;08-Mar-2012

UTI Mutual Fund
112077;UTI MMF - Regular Plan - Growth Option;INF789F01PX8;;1194.0511;1194.0511;1194.0511;08-Mar-2012
100724;UTI MMF- Discontinued - Regular Plan - Flexi Dividend Option;;INF789F01BD0;1950.5799;1950.5799;1950.5799;08-Mar-2012
100725;UTI MMF- Discontinued - Regular Plan - Periodic Dividend Option;INF789F01BE8;;1940.427;1940.427;1940.427;08-Mar-2012
100723;UTI MMF-Discontinued - Regular Plan -Growth;INF789F01BF5;;2949.4029;2949.4029;2949.4029;08-Mar-2012
112076;UTI Money Market Fund - Regular Plan - Daily IDCW (Reinvestment);;INF789F01PW0;1003.3854;1003.3854;1003.3854;08-Mar-2012
112635;UTI Money Market Fund - Regular Plan - Weekly IDCW;INF789F01PY6;INF789F01PZ3;1015.6355;1015.6355;1015.6355;08-Mar-2012

Open Ended Schemes ( Debt Scheme - Floater Fund )


Franklin Templeton Mutual Fund
101048;Franklin India Floating Rate Fund - Growth Plan;INF090I01LM7;;17.7371;17.7371;17.7371;08-Mar-2012
101044;Franklin India Floating Rate Fund - IDCW ;INF090I01LN5;;10.0002;10.0002;10.0002;08-Mar-2012

Close Ended Schemes ( Income )


SBI Mutual Fund
114781;SBI Capital Protection Oriented Fund - Series II -;INF200K01ED2;;10.6702;N.A.;N.A.;08-Mar-2012
115824;SBI Capital Protection Oriented Fund - Series III - Growth;INF200K01IH4;;10.4166;N.A.;N.A.;08-Mar-2012
114554;SBI Debt Fund Series - 15 Months - 6 Dividend;INF200K01EA8;;11.0176;N.A.;N.A.;08-Mar-2012
114555;SBI Debt Fund Series - 15 Months - 6 Growth;INF200K01DZ7;;11.0703;N.A.;N.A.;08-Mar-2012
116505;SBI DEBT FUND SERIES - 15 MONTHS - 7 - DIVIDEND;INF200K01LA3;;10.0762;N.A.;N.A.;08-Mar-2012
116506;SBI DEBT FUND SERIES - 15 MONTHS - 7 - GROWTH;INF200K01KZ2;;10.0762;N.A.;N.A.;08-Mar-2012
116546;SBI DEBT FUND SERIES - 15 MONTHS - 8 - DIVIDEND;INF200K01LC9;;10.0454;N.A.;N.A.;08-Mar-2012
116545;SBI DEBT FUND SERIES - 15 MONTHS - 8 - GROWTH;INF200K01LB1;;10.0454;N.A.;N.A.;08-Mar-2012
116750;SBI DEBT FUND SERIES - 15 MONTHS - 9 - DIVIDEND;INF200K01LE5;;9.9998;N.A.;N.A.;08-Mar-2012
116751;SBI DEBT FUND SERIES - 15 MONTHS - 9 - GROWTH;INF200K01LD7;;9.9998;N.A.;N.A.;08-Mar-2012
116408;SBI DEBT FUND SERIES - 18 MONTHS - 10 - DIVIDEND;INF200K01LI6;;10.1461;N.A.;N.A.;08-Mar-2012
116407;SBI DEBT FUND SERIES - 18 MONTHS - 10 - GROWTH;INF200K01LH8;;10.1461;N.A.;N.A.;08-Mar-2012
114442;SBI Debt Fund Series - 18 Months - 6 - Dividend Option;INF200K01CI5;;11.0022;N.A.;N.A.;08-Mar-2012
114443;SBI Debt Fund Series - 18 Months - 6 - Growth Option;INF200K01CH7;;11.0020;N.A.;N.A.;08-Mar-2012
115899;SBI DEBT FUND SERIES - 18 Months - 7 - DIVIDEND;INF200K01GX5;;10.3182;N.A.;N.A.;08-Mar-2012
115900;SBI DEBT FUND SERIES - 18 Months - 7 - GROWTH;INF200K01GW7;;10.3182;N.A.;N.A.;08-Mar-2012
116016;SBI DEBT FUND SERIES - 18 Months - 8 - DIVIDEND;INF200K01GY3;;10.2970;N.A.;N.A.;08-Mar-2012
116017;SBI DEBT FUND SERIES - 18 Months - 8 - GROWTH;INF200K01GZ0;;10.3007;N.A.;N.A.;08-Mar-2012
116400;SBI DEBT FUND SERIES - 18 MONTHS - 9 - DIVIDEND;INF200K01JI0;;10.1490;N.A.;N.A.;08-Mar-2012
116399;SBI DEBT FUND SERIES - 18 MONTHS - 9 - GROWTH;INF200K01JH2;;10.1490;N.A.;N.A.;08-Mar-2012
113275;SBI Debt Fund Series - 24 Months - 2 - Dividend;INF200K01CK1;;11.0389;N.A.;N.A.;08-Mar-2012
113363;SBI Debt Fund Series - 24 Months - 2 - Growth;INF200K01CJ3;;11.0400;N.A.;N.A.;08-Mar-2012
115263;SBI SDFS - 36 MONTHS - 1 - DIVIDEND;INF200K01EC4;;10.7921;N.A.;N.A.;08-Mar-2012
115262;SBI SDFS - 36 MONTHS - 1 - GROWTH;INF200K01EB6;;10.7921;N.A.;N.A.;08-Mar-2012
116405;SBI DEBT FUND SERIES - 367 DAYS - 12 - DIVIDEND;INF200K01GV9;;10.1058;N.A.;N.A.;08-Mar-2012
116406;SBI DEBT FUND SERIES - 367 DAYS - 12 - GROWTH;INF200K01GU1;;10.1058;N.A.;N.A.;08-Mar-2012
116466;SBI DEBT FUND SERIES - 367 DAYS - 13 - DIVIDEND;INF200K01KI8;;10.0674;N.A.;N.A.;08-Mar-2012
116467;SBI DEBT FUND SERIES - 367 DAYS - 13 - GROWTH;INF200K01KH0;;10.0674;N.A.;N.A.;08-Mar-2012
116602;SBI DEBT FUND SERIES - 367 DAYS - 14 - DIVIDEND;INF200K01KK4;;10.0296;N.A.;N.A.;08-Mar-2012
116603;SBI DEBT FUND SERIES - 367 DAYS - 14 - GROWTH;INF200K01KJ6;;10.0296;N.A.;N.A.;08-Mar-2012
116624;SBI DEBT FUND SERIES - 367 DAYS - 15 - DIVIDEND;INF200K01KM0;;10.0058;N.A.;N.A.;08-Mar-2012
116625;SBI DEBT FUND SERIES - 367 DAYS - 15 - GROWTH;INF200K01KL2;;10.0058;N.A.;N.A.;08-Mar-2012
116687;SBI DEBT FUND SERIES - 367 DAYS - 16 - DIVIDEND;INF200K01KO6;;10.0010;N.A.;N.A.;08-Mar-2012
116686;SBI DEBT FUND SERIES - 367 DAYS - 16 - GROWTH;INF200K01KN8;;10.0010;N.A.;N.A.;08-Mar-2012
115598;SBI DEBT FUND SERIES - 367 DAYS - 4 - DIVIDEND;INF200K01GF2;;10.5104;N.A.;N.A.;08-Mar-2012
115599;SBI DEBT FUND SERIES - 367 DAYS 4 - GROWTH;INF200K01GE5;;10.5105;N.A.;N.A.;08-Mar-2012
115075;SBI Debt Fund Series - 370 Days 13 - Dividend Payout;INF200K01EJ9;;10.8445;N.A.;N.A.;08-Mar-2012
115076;SBI Debt Fund Series - 370 Days 13 - Growth;INF200K01EI1;;10.8448;N.A.;N.A.;08-Mar-2012
115012;SBI DEBT FUND SERIES - 370 DAYS 11 - GROWTH;INF200K01EE0;;10.9441;N.A.;N.A.;08-Mar-2012
115013;SBI DEBT FUND SERIES - 370 DAYS 11- DIVIDEND;INF200K01EF7;;10.9438;N.A.;N.A.;08-Mar-2012
115048;SBI Debt Fund Series - 370 Days 12 - Dividend Payout;INF200K01EH3;;10.8519;N.A.;N.A.;08-Mar-2012
115047;SBI Debt Fund Series - 370 Days 12 - Growth;INF200K01EG5;;10.8519;N.A.;N.A.;08-Mar-2012
115260;SBI DEBT FUND SERIES - 370 DAYS - 15 - DIVIDEND;INF200K01EN1;;10.7542;N.A.;N.A.;08-Mar-2012
115261;SBI DEBT FUND SERIES - 370 DAYS - 15 - GROWTH;INF200K01EM3;;10.7544;N.A.;N.A.;08-Mar-2012
113321;SBI Debt Fund Series - 60 Months - 1 - Dividend;INF200K01CQ8;;10.8758;N.A.;N.A.;08-Mar-2012
113401;SBI Debt Fund Series - 60 Months - 1 - Growth;INF200K01CP0;;10.8757;N.A.;N.A.;08-Mar-2012
116404;SBI DEBT FUND SERIES - 90 DAYS - 53 - DIVIDEND;INF200K01FH0;;10.1941;N.A.;N.A.;08-Mar-2012
116403;SBI DEBT FUND SERIES - 90 DAYS - 53 - GROWTH;INF200K01FG2;;10.1941;N.A.;N.A.;08-Mar-2012
116495;SBI DEBT FUND SERIES - 90 DAYS - 54 - DIVIDEND;INF200K01FJ6;;10.1520;N.A.;N.A.;08-Mar-2012
116496;SBI DEBT FUND SERIES - 90 DAYS - 54 - GROWTH;INF200K01FI8;;10.1520;N.A.;N.A.;08-Mar-2012
116612;SBI DEBT FUND SERIES - 90 DAYS - 55 - DIVIDEND;INF200K01FL2;;10.0979;N.A.;N.A.;08-Mar-2012
116611;SBI DEBT FUND SERIES - 90 DAYS - 55 - GROWTH;INF200K01FK4;;10.0979;N.A.;N.A.;08-Mar-2012
116667;SBI DEBT FUND SERIES - 90 DAYS - 56 - DIVIDEND;INF200K01JK6;;10.0758;N.A.;N.A.;08-Mar-2012
116668;SBI DEBT FUND SERIES - 90 DAYS - 56 - GROWTH;INF200K01JJ8;;10.0758;N.A.;N.A.;08-Mar-2012
116818;SBI DEBT FUND SERIES - 90 DAYS - 57 - DIVIDEND;INF200K01JM2;;10.0258;N.A.;N.A.;08-Mar-2012
116819;SBI DEBT FUND SERIES - 90 DAYS - 57 - GROWTH;INF200K01JL4;;10.0258;N.A.;N.A.;08-Mar-2012
115347;SBI SDFS 367 DAYS - 1 - DIVIDEND PAYOUT;INF200K01FZ2;;10.6813;N.A.;N.A.;08-Mar-2012
115348;SBI SDFS 367 DAYS - 1 - GROWTH;INF200K01FY5;;10.6813;N.A.;N.A.;08-Mar-2012
115449;SBI SDFS 367 DAYS - 2 - DIVIDEND PAYOUT;INF200K01GB1;;10.5160;N.A.;N.A.;08-Mar-2012
115450;SBI SDFS 367 DAYS - 2 - GROWTH;INF200K01GA3;;10.6176;N.A.;N.A.;08-Mar-2012
115558;SBI SDFS 367 DAYS - 3 - DIVIDEND PAYOUT;INF200K01GD7;;10.5551;N.A.;N.A.;08-Mar-2012
115559;SBI SDFS 367 DAYS - 3 - GROWTH;INF200K01GC9;;10.5550;N.A.;N.A.;08-Mar-2012
116113;SBI DEBT FUND SERIES 367 DAYS - 10 - DIVIDEND;INF200K01GR7;;10.1811;N.A.;N.A.;08-Mar-2012
116114;SBI DEBT FUND SERIES 367 DAYS - 10 - GROWTH;INF200K01GQ9;;10.1811;N.A.;N.A.;08-Mar-2012
116124;SBI DEBT FUND SERIES 367 DAYS - 11 - DIVIDEND;INF200K01GT3;;10.1861;N.A.;N.A.;08-Mar-2012
116123;SBI DEBT FUND SERIES 367 DAYS - 11 - GROWTH;INF200K01GS5;;10.1861;N.A.;N.A.;08-Mar-2012
115640;SBI DEBT FUND SERIES 367 DAYS - 5 - DIVIDEND;INF200K01GH8;;10.4595;N.A.;N.A.;08-Mar-2012
115639;SBI DEBT FUND SERIES 367 DAYS 5 - GROWTH;INF200K01GG0;;10.4595;N.A.;N.A.;08-Mar-2012
115855;SBI DEBT FUND SERIES 367 DAYS - 6 - DIVIDEND;INF200K01GJ4;;10.3576;N.A.;N.A.;08-Mar-2012
115856;SBI DEBT FUND SERIES 367 DAYS 6 - GROWTH;INF200K01GI6;;10.3581;N.A.;N.A.;08-Mar-2012
115958;SBI DEBT FUND SERIES 367 DAYS - 7 - DIVIDEND;INF200K01GL0;;10.2896;N.A.;N.A.;08-Mar-2012
115959;SBI DEBT FUND SERIES 367 DAYS 7 - GROWTH;INF200K01GK2;;10.2896;N.A.;N.A.;08-Mar-2012
116021;SBI DEBT FUND SERIES 367 DAYS - 8 - DIVIDEND;INF200K01GM8;;10.2516;N.A.;N.A.;08-Mar-2012
116022;SBI DEBT FUND SERIES 367 DAYS 8 - GROWTH;INF200K01GN6;;10.2516;N.A.;N.A.;08-Mar-2012
116058;SBI DEBT FUND SERIES 367 DAYS - 9 - DIVIDEND;INF200K01GO4;;10.2374;N.A.;N.A.;08-Mar-2012
116059;SBI DEBT FUND SERIES 367 DAYS - 9 - GROWTH;INF200K01GP1;;10.2373;N.A.;N.A.;08-Mar-2012
114839;REDEEMED-SBI Debt Fund Series - 13 Months 11 - Dividend Payout;INF200K01DY0;;10.9497;N.A.;N.A.;08-Mar-2012
114838;REDEEMED-SBI Debt Fund Series 13 Months 11 - Growth;INF200K01DX2;;10.9500;N.A.;N.A.;08-Mar-2012
114343;Z-REDEEMED-SBI Debt Fund Series - 18 Months - 4 - Dividend Option;INF200K01CE4;;11.0207;N.A.;N.A.;08-Mar-2012
114303;Z-REDEEMED-SBI Debt Fund Series - 18 Months - 4 - Growth Option;INF200K01CD6;;11.0731;N.A.;N.A.;08-Mar-2012
114388;Z-REDEEMED-SBI Debt Fund Series - 18 Months - 5 - Dividend Option;INF200K01CG9;;11.0164;N.A.;N.A.;08-Mar-2012
114389;Z-REDEEMED-SBI Debt Fund Series - 18 Months - 5 - Growth Option;INF200K01CF1;;11.0162;N.A.;N.A.;08-Mar-2012
115978;Z-REDEEMED-SBI DEBT FUND SERIES - 180 DAYS - 22 - DIVIDEND;INF200K01FS7;;10.3597;N.A.;N.A.;08-Mar-2012
115979;Z-REDEEMED-SBI DEBT FUND SERIES - 180 DAYS - 22 - GROWTH;INF200K01FT5;;10.3606;N.A.;N.A.;08-Mar-2012
116095;Z-REDEEMED-SBI DEBT FUND SERIES - 180 DAYS - 23 - DIVIDEND;INF200K01FV1;;10.3036;N.A.;N.A.;08-Mar-2012
116094;Z-REDEEMED-SBI DEBT FUND SERIES - 180 DAYS - 23 - GROWTH;INF200K01FU3;;10.3036;N.A.;N.A.;08-Mar-2012
115152;Z-REDEEMED-SBI Debt Fund Series - 370 days - 14 - Dividend Payout;INF200K01EL5;;10.7918;N.A.;N.A.;08-Mar-2012
115151;Z-REDEEMED-SBI Debt Fund Series - 370 Days - 14 - Growth;INF200K01EK7;;10.7917;N.A.;N.A.;08-Mar-2012
