Scheme Code;Scheme Name;ISIN Div Payout/ISIN Growth;ISIN Div Reinvestment;Net Asset Value;Repurchase Price;Sale Price;Date

Open Ended Schemes ( Liquid )


ING Mutual Fund
100198;ING Liquid Fund-Institutional Daily Dividend Option;INF084M01473;;10.0121;10.0121;10.0121;30-Oct-2010
100196;ING Liquid Fund-Institutional Growth Option;INF084M01465;;14.8879;14.8879;14.8879;30-Oct-2010
100197;ING Liquid Fund-Institutional Weekly Dividend Option;INF084M01499;INF084M01481;10.0630;10.0630;10.0630;30-Oct-2010
100192;ING Liquid Fund-Regular Daily Dividend Option;INF084M01432;;10.7873;10.7873;10.7873;30-Oct-2010
100190;ING Liquid Fund-Regular Growth Option;INF084M01424;;19.8505;19.8505;19.8505;30-Oct-2010
100191;ING Liquid Fund-Regular Weekly Dividend Option;INF084M01457;INF084M01440;10.8340;10.8340;10.8340;30-Oct-2010
100200;ING Liquid Fund-Super Institutional Daily Dividend Option;INF084M01515;;10.0048;10.0048;10.0048;30-Oct-2010
100199;ING Liquid Fund-Super Institutional Growth Option;INF084M01507;;14.1704;14.1704;14.1704;30-Oct-2010
100201;ING Liquid Fund-Super Institutional Weekly Dividend Option;INF084M01531;INF084M01523;10.0000;10.0000;10.0000;30-Oct-2010

PineBridge Mutual Fund
106513;PineBridge India Liquid Fund- Standard Plan-Daily Dividend Option;;INF178L01699;1001.0000;1001.0000;1001.0000;30-Oct-2010
106508;PineBridge India Liquid Fund- Standard Plan-Growth Option;INF178L01715;;1220.3176;1220.3176;1220.3176;30-Oct-2010
106509;PineBridge India Liquid Fund- Standard Plan-Weekly Dividend Option;;INF178L01764;1002.0175;1002.0175;1002.0175;30-Oct-2010
106506;PineBridge India Liquid Fund-Institutional Plan-Daily Dividend Option;;INF178L01616;1001.0000;1001.0000;1001.0000;30-Oct-2010
106511;PineBridge India Liquid Fund-Institutional Plan-Growth Option;INF178L01632;;1216.5295;1216.5295;1216.5295;30-Oct-2010
106507;PineBridge India Liquid Fund-Institutional Plan-Weekly Dividend Option;;INF178L01681;1002.0038;1002.0038;1002.0038;30-Oct-2010
106503;PineBridge India Liquid Fund-Retail Plan-DailyDividend Option;;INF178L01533;1001.0000;1001.0000;1001.0000;30-Oct-2010
106514;PineBridge India Liquid Fund-Retail Plan-Growth Option;INF178L01558;;1205.0036;1205.0036;1205.0036;30-Oct-2010
106504;PineBridge India Liquid Fund-Retail Plan-Monthly Dividend Option;INF178L01566;INF178L01574;1001.9627;1001.9627;1001.9627;30-Oct-2010
106516;PineBridge India Liquid Fund-Retail Plan-Quarterly Dividend Option;INF178L01582;INF178L01590;1008.3325;1008.3325;1008.3325;30-Oct-2010
106510;PineBridge India Liquid Fund-Retail Plan-Weekly Dividend Option;;INF178L01608;1001.9626;1001.9626;1001.9626;30-Oct-2010

Sahara Mutual Fund
101397;Sahara Liquid Fund-Fixed Pricing -  Weekly Dividend Option;;INF515L01064;1026.4231;1026.4231;1026.4231;30-Oct-2010
101393;Sahara Liquid Fund-Fixed Pricing - Daily Dividend Option;;INF515L01049;1024.9045;1024.9045;1024.9045;30-Oct-2010
101394;Sahara Liquid Fund-Fixed Pricing - Growth option;INF515L01056;;1720.2774;1720.2774;1720.2774;30-Oct-2010
101398;Sahara Liquid Fund-Fixed Pricing - Monthly Dividend Option;;INF515L01072;1024.6772;1024.6772;1024.6772;30-Oct-2010
101399;Sahara Liquid Fund-Variable Pricing - Daily Dividend option;;INF515L01080;1024.9262;1024.9262;1024.9262;30-Oct-2010
101402;Sahara Liquid Fund-Variable Pricing - Growth option;INF515L01114;;1733.7911;1733.7911;1733.7911;30-Oct-2010
101400;Sahara Liquid Fund-Variable Pricing - Weekly Dividend Option;;INF515L01098;1024.9241;1024.9241;1024.9241;30-Oct-2010
101401;Sahara Liquid Fund-Variable Pricing- Monthly Dividend Option;;INF515L01106;1025.0024;1025.0024;1025.0024;30-Oct-2010

Open Ended Schemes ( Debt Scheme - Overnight Fund )


SBI Mutual Fund
101206;SBI OVERNIGHT FUND - REGULAR PLAN - GROWTH;INF200K01LQ9;;16.3781;16.3781;16.3781;30-Oct-2010
103140;SBI Overnight Fund - Regular Plan - Weekly Income Distribution cum Capital Withdrawal Option (IDCW);INF200K01LO4;INF200K01LP1;10.3119;10.3119;10.3119;30-Oct-2010

Open Ended Schemes ( Debt Scheme - Liquid Fund )


Bandhan Mutual Fund
108692;BANDHAN LIQUID Fund - Regular Plan - Daily IDCW;INF194K01VZ4;INF194K01VY7;10.0025;10.0025;10.0025;30-Oct-2010
108690;BANDHAN LIQUID Fund - Regular Plan - Growth;INF194K01VX9;;11.5514;11.5514;11.5514;30-Oct-2010
108779;BANDHAN Liquid Fund-Plan A-Dividend (Daily);INF194K01VC3;INF194K01VB5;10.5819;10.5819;10.5819;30-Oct-2010
108778;BANDHAN Liquid Fund-Plan A-Growth;INF194K01UX1;;16.8982;16.8982;16.8982;30-Oct-2010
108607;BANDHAN Liquid Fund - Plan A-Dividend (Weekly);INF194K01VI0;INF194K01VH2;10.0121;10.0121;10.0121;30-Oct-2010
108781;BANDHAN Liquid Fund - Plan B (G) (Institutional Plan);INF194K01VK6;;17.0331;17.0331;17.0331;30-Oct-2010
108681;BANDHAN Liquid Fund - Plan B-Daily-Dividend(Institutional Plan);INF194K01VM2;INF194K01VL4;10.5873;10.5873;10.5873;30-Oct-2010

Canara Robeco Mutual Fund
109349;CANARA ROBECO LIQUID FUND - REGULAR PLAN - DAILY IDCW (Reinvestment);;INF760K01CU3;10.0550;10.0550;10.0550;30-Oct-2010
109353;CANARA ROBECO LIQUID FUND - REGULAR PLAN - GROWTH OPTION;INF760K01CW9;;11.5472;11.5472;11.5472;30-Oct-2010
109350;CANARA ROBECO LIQUID FUND - REGULAR PLAN - WEEKLY IDCW (Payout/Reinvestment);INF760K01BZ4;INF760K01CZ2;10.0550;10.0550;10.0550;30-Oct-2010
101363;Canara Robeco Liquid Fund- INSTITUTIONAL-Daily Dividend Reinvestment;;INF760K01CC1;10.0550;10.0550;10.0550;30-Oct-2010
101362;Canara Robeco Liquid Fund- INSTITUTIONAL-Growth;INF760K01CD9;;17.2485;17.2485;17.2485;30-Oct-2010
101361;Canara Robeco Liquid Fund- INSTITUTIONAL-Weekly dividend;;INF760K01CE7;10.0550;10.0550;10.0550;30-Oct-2010
109357;Canara Robeco Liquid Fund-Institutional-Fortnightly Div Reinvest;;INF760K01860;10.0550;10.0550;10.0550;30-Oct-2010
109355;Canara Robeco Liquid Fund-Regular Plan-Fortnightly Div Reinvest.;;INF760K01951;10.0550;10.0550;10.0550;30-Oct-2010
101364;Canara Robeco Liquid Fund-Retail-DRI;;INF760K01CF4;10.0700;10.0700;10.0700;30-Oct-2010
109346;Canara Robeco Liquid Fund-Retail-Fortnightly Div Reinvest;;INF760K01CG2;10.0602;10.0602;10.0602;30-Oct-2010
101365;Canara Robeco Liquid Fund-Retail-Growth;INF760K01CH0;;17.2001;17.2001;17.2001;30-Oct-2010
109347;Canara Robeco Liquid Fund-Retail-Monthly Div Reinvest;;INF760K01CI8;10.0602;10.0602;10.0602;30-Oct-2010
109356;Canara Robeco Liquid Fund-Retail-Weekly Div Reinvest;;INF760K01CJ6;10.0601;10.0601;10.0601;30-Oct-2010

Principal Mutual Fund
100895;Principal Cash Management Fund - Daily Income Distribution CUM Capital Withdrawal;;INF173K01DB7;10.0007;10.0007;10.0007;30-Oct-2010
100897;Principal Cash Management Fund - Monthly Income Distribution CUM Capital Withdrawal Option;INF173K01BV9;INF173K01BW7;10.0613;10.0613;10.0613;30-Oct-2010
100896;Principal Cash Management Fund - Weekly Income Distribution CUM Capital Withdrawal Option;;INF173K01DC5;10.064;10.064;10.064;30-Oct-2010
100898;Principal Cash Management Fund -Growth Option;INF173K01DA9;;14.7746;14.7746;14.7746;30-Oct-2010

SBI Mutual Fund
105274;SBI Liquid Fund - Institutional - Growth;INF200K01LU1;;15.0955;15.0955;15.0955;30-Oct-2010
105275;SBI Liquid Fund - Institutional Daily Income Distribution cum Capital Withdrawal Option (IDCW);;INF200K01LR7;10.0325;10.0325;10.0325;30-Oct-2010
105279;SBI Liquid Fund - Institutional Fortnightly Income Distribution cum Capital Withdrawal Option (IDCW);INF200K01LS5;INF200K01LT3;10.1707;10.1707;10.1707;30-Oct-2010
105278;SBI Liquid Fund - Institutional Weekly Income Distribution cum Capital Withdrawal Option (IDCW);INF200K01LV9;INF200K01LW7;10.6035;10.6035;10.6035;30-Oct-2010
105281;SBI Liquid Fund - Regular Plan - Daily Income Distribution cum Capital Withdrawal Option (IDCW);;INF200K01LX5;10.0325;10.0325;10.0325;30-Oct-2010
105283;SBI Liquid Fund - Regular Plan - Fortnightly Income Distribution cum Capital Withdrawal Option (IDCW);INF200K01LY3;INF200K01LZ0;N.A.;N.A.;N.A.;30-Oct-2010
105282;SBI Liquid Fund - Regular Plan - Weekly Income Distribution cum Capital Withdrawal Option (IDCW);INF200K01MB9;INF200K01MC7;N.A.;N.A.;N.A.;30-Oct-2010
105280;SBI Liquid Fund - REGULAR PLAN -Growth;INF200K01MA1;;14.9336;14.9336;14.9336;30-Oct-2010

UTI Mutual Fund
102010;UTI Liquid Fund - Regular Plan - Daily IDCW (Reinvestment);;INF789F01PG3;1019.4457;1019.4457;1019.4457;30-Oct-2010
102011;UTI Liquid Fund - Regular Plan - Monthly IDCW;INF789F01PI9;INF789F01PJ7;1030.5223;1030.5223;1030.5223;30-Oct-2010
102013;UTI Liquid Fund - Regular Plan - Weekly IDCW;;INF789F01PK5;1032.6331;1032.6331;1032.6331;30-Oct-2010
102012;UTI-  Liquid Cash Plan - Regular Plan - Growth Option;INF789F01PH1;;1559.5575;1559.5575;1559.5575;30-Oct-2010
102008;UTI-  Liquid Cash Plan- Discontinued - Regular Plan - Monthly Dividend Option;INF789F01BC2;INF789F01BA6;1076.5724;1076.5724;1076.5724;30-Oct-2010
102009;UTI-  Liquid Cash Plan- Discontinued - Regular Plan -Growth;INF789F01BB4;;1532.56;1532.56;1532.56;30-Oct-2010
102007;UTI-  Liquid Cash Plan- Discontinued -Regular Plan Periodic Dividend Option;;INF789F01AZ5;1061.5646;1061.5646;1061.5646;30-Oct-2010

Open Ended Schemes ( Debt Scheme - Ultra Short Duration Fund )


Principal Mutual Fund
107329;Principal Ultra Short Term Fund-Daily Income Distribution CUM Capital Withdrawal Option;;INF173K01CV7;10.0247;10.0247;10.0247;30-Oct-2010
107328;Principal Ultra Short Term Fund-Growth Option;INF173K01CU9;;10.8174;10.8174;10.8174;30-Oct-2010
107332;Principal Ultra Short Term Fund-Weekly Income Distribution CUM Capital Withdrawal Option;;INF173K01CW5;10.1216;10.1216;10.1216;30-Oct-2010

SBI Mutual Fund
105080;SBI Ultra Short Duration Fund - Regular Plan - Daily Income Distribution cum Capital Withdrawal Option (IDCW);;INF200K01LK2;16.7503;16.7503;16.7503;30-Oct-2010
100641;SBI ULTRA SHORT DURATION FUND - REGULAR PLAN - GROWTH;INF200K01LJ4;;21.0986;21.0986;21.0986;30-Oct-2010
103884;SBI Ultra Short Duration Fund - Regular Plan - Weekly Income Distribution cum Capital Withdrawal Option (IDCW);INF200K01LM8;INF200K01LL0;10.7758;10.7758;10.7758;30-Oct-2010

Open Ended Schemes ( Debt Scheme - Money Market Fund )


UTI Mutual Fund
112077;UTI MMF - Regular Plan - Growth Option;INF789F01PX8;;1063.5596;1063.5596;1063.5596;30-Oct-2010
100724;UTI MMF- Discontinued - Regular Plan - Flexi Dividend Option;;INF789F01BD0;1869.003;1869.003;1869.003;30-Oct-2010
100725;UTI MMF- Discontinued - Regular Plan - Periodic Dividend Option;INF789F01BE8;;1858.3026;1858.3026;1858.3026;30-Oct-2010
100723;UTI MMF-Discontinued - Regular Plan -Growth;INF789F01BF5;;2644.7742;2644.7742;2644.7742;30-Oct-2010
112076;UTI Money Market Fund - Regular Plan - Daily IDCW (Reinvestment);;INF789F01PW0;1003.3854;1003.3854;1003.3854;30-Oct-2010

Open Ended Schemes ( Debt Scheme - Credit Risk Fund )


Principal Mutual Fund
102729;Principal Credit Risk Fund - Regular Plan - Growth Option;INF173K01DM4;;14.8532;14.8532;14.8532;30-Oct-2010
102732;Principal Credit Risk Fund - Regular Plan - Monthly Dividend Option;INF173K01BJ4;INF173K01BK2;11.551;11.551;11.551;30-Oct-2010

Close Ended Schemes ( Income )


SBI Mutual Fund
113275;SBI Debt Fund Series - 24 Months - 2 - Dividend;INF200K01CK1;;10.0292;N.A.;N.A.;30-Oct-2010
113363;SBI Debt Fund Series - 24 Months - 2 - Growth;INF200K01CJ3;;10.0302;N.A.;N.A.;30-Oct-2010
113321;SBI Debt Fund Series - 60 Months - 1 - Dividend;INF200K01CQ8;;10.0248;N.A.;N.A.;30-Oct-2010
113401;SBI Debt Fund Series - 60 Months - 1 - Growth;INF200K01CP0;;10.0248;N.A.;N.A.;30-Oct-2010
113274;SBI Debt Fund Series - 90 days - 34 Dividend;;;10.0905;N.A.;N.A.;30-Oct-2010
113362;SBI Debt Fund Series - 90 days - 34 Growth;;;10.0905;N.A.;N.A.;30-Oct-2010
113412;SBI Debt Fund Series - 90 Days - 35 Dividend;;;10.0185;N.A.;N.A.;30-Oct-2010
114222;SBI Debt Fund Series - 90 Days - 35 Growth;;;10.0185;N.A.;N.A.;30-Oct-2010
112820;SBI Debt Fund Series -370 Days 3- Dividend (Payout);;;10.1860;N.A.;N.A.;30-Oct-2010
112819;SBI Debt Fund Series -370 Days 3- Growth;;;10.2847;N.A.;N.A.;30-Oct-2010
112818;REDEEMED-SBI Debt Fund Series - 15 Months - 5 (09/03/2010)-DIVIDEND;;;10.2055;N.A.;N.A.;30-Oct-2010
112817;REDEEMED-SBI Debt Fund Series - 15 Months - 5 (09/03/2010)-GROWTH;;;10.3127;N.A.;N.A.;30-Oct-2010
113066;Z-REDEEMED-SBI Debt Fund Series - 180 Days - 10 - Dividend;;;10.2000;N.A.;N.A.;30-Oct-2010
113094;Z-REDEEMED-SBI Debt Fund Series - 180 Days - 10 - Growth;;;10.2000;N.A.;N.A.;30-Oct-2010
113152;Z-REDEEMED-SBI Debt Fund Series - 180 Days Fund - 11 Dividend;;;10.1326;N.A.;N.A.;30-Oct-2010
113225;Z-REDEEMED-SBI Debt Fund Series - 180 Days Fund - 11 Growth;;;10.1327;N.A.;N.A.;30-Oct-2010
113182;Z-REDEEMED-SBI Debt Fund Series - 370 Days - 6 - Dividend;;;10.0667;N.A.;N.A.;30-Oct-2010
113340;Z-REDEEMED-SBI Debt Fund Series - 370 Days - 6 - Growth;;;10.0667;N.A.;N.A.;30-Oct-2010
112916;Z-REDEEMED-SBI Debt Fund Series - 370 Days -4- Growth;;;10.2277;N.A.;N.A.;30-Oct-2010
112893;Z-REDEEMED-SBI Debt Fund Series - 370 Days -4-Dividend;;;10.1268;N.A.;N.A.;30-Oct-2010
113181;Z-REDEEMED-SBI Debt Fund Series - 370 Days - 5 Dividend;;;10.0791;N.A.;N.A.;30-Oct-2010
113230;Z-REDEEMED-SBI Debt Fund Series - 370 Days - 5 Growth;;;10.0791;N.A.;N.A.;30-Oct-2010
