Scheme Code;Scheme Name;ISIN Div Payout/ISIN Growth;ISIN Div Reinvestment;Net Asset Value;Repurchase Price;Sale Price;Date

Open Ended Schemes ( Liquid )


Deutsche Mutual Fund
122676;DWS INSTA CASH PLUS FUND - Annual Bonus Option;INF223J01WV0;;161.0502;161.0502;161.0502;17-Nov-2013
116363;DWS Insta Cash Plus Fund - Annual Dividend Option;INF223J01IP1;INF223J01IQ9;110.8102;110.8102;110.8102;17-Nov-2013
106468;DWS INSTA CASH PLUS FUND - BONUS OPTION;INF223J01BQ4;;110.1397;110.1397;110.1397;17-Nov-2013
119003;DWS Insta Cash Plus Fund - Direct Plan -  Regular Bonus;INF223J01NQ9;;110.2234;110.2234;110.2234;17-Nov-2013
118997;DWS Insta Cash Plus Fund - Direct Plan - Annual Dividend;INF223J01NO4;INF223J01NP1;110.8947;110.8947;110.8947;17-Nov-2013
118998;DWS Insta Cash Plus Fund - Direct Plan - Daily Dividend;;INF223J01NR7;100.304;100.304;100.304;17-Nov-2013
119000;DWS Insta Cash Plus Fund - Direct Plan - Growth;INF223J01NS5;;161.2667;161.2667;161.2667;17-Nov-2013
119002;DWS Insta Cash Plus Fund - Direct Plan - Weekly Dividend;INF223J01NV9;INF223J01NW7;100.6163;100.6163;100.6163;17-Nov-2013
122205;DWS Insta Cash Plus Fund - Direct Plan -Monthly Bonus;INF223J01VE8;;105.5982;105.5982;105.5982;17-Nov-2013
106470;DWS Insta Cash Plus Fund - Monthly Dividend;INF223J01BR2;INF223J01BS0;104.3386;104.3386;104.3386;17-Nov-2013
105672;DWS INSTA CASH PLUS FUND - Regular Plan BONUS OPTION;INF223J01BH3;;10.7164;10.7164;10.7164;17-Nov-2013
106472;DWS Insta Cash Plus Fund - Weekly Dividend;INF223J01BT8;INF223J01BU6;100.5798;100.5798;100.5798;17-Nov-2013
106471;DWS Insta Cash Plus Fund -Growth;INF223J01BP6;;161.1088;161.1088;161.1088;17-Nov-2013
106467;DWS Insta Cash Plus Fund-Daily Dividend;;INF223J01BO9;100.304;100.304;100.304;17-Nov-2013
101718;DWS Insta Cash Plus Fund-DIVIDEND-Daily Dividend;;INF223J01BI1;10.301;10.301;10.301;17-Nov-2013
101717;DWS Insta Cash Plus Fund-DIVIDEND-MONTHLY DIVIDEND;INF223J01BK7;INF223J01BL5;10.5231;10.5231;10.5231;17-Nov-2013
101716;DWS Insta Cash Plus Fund-DIVIDEND-WEEKLY DIVIDEND;INF223J01BM3;INF223J01BN1;10.3579;10.3579;10.3579;17-Nov-2013
101719;DWS Insta Cash Plus Fund-Growth-GROWTH;INF223J01BJ9;;20.2995;20.2995;20.2995;17-Nov-2013
101722;DWS Insta Cash Plus Fund-Institutional Plan-Daily Dividend;;INF223J01BA8;10.0516;10.0516;10.0516;17-Nov-2013
101721;DWS Insta Cash Plus Fund-Institutional Plan-Growth;INF223J01BB6;;19.2511;19.2511;19.2511;17-Nov-2013
122206;DWS INSTA CASH PLUS FUND-Monthly Bonus Option;INF223J01VD0;;102.7028;102.7028;102.7028;17-Nov-2013
116368;DWS Insta CashPlus Fund - Quarterly Dividend Option;INF223J01IN6;INF223J01IO4;110.1882;110.1882;110.1882;17-Nov-2013
116370;DWS Treasury Fund - Cash Plan - Annual Dividend;INF223J01SF1;INF223J01SG9;116.8626;116.8626;116.8626;17-Nov-2013
114966;DWS Treasury Fund - Cash Plan - Bonus;INF223J01SA2;;105.9378;105.9378;105.9378;17-Nov-2013
112228;DWS Treasury Fund - Cash Plan - Daily Dividend;;INF223J01SB0;100.391;100.391;100.391;17-Nov-2013
119014;DWS Treasury Fund - Cash Plan - Direct Plan - Bonus;INF223J01PE0;;181.7006;181.7006;181.7006;17-Nov-2013
119008;DWS Treasury Fund - Cash Plan - Direct Plan - Daily Dividend;;INF223J01PH3;100.391;100.391;100.391;17-Nov-2013
119009;DWS Treasury Fund - Cash Plan - Direct Plan - Growth;INF223J01PI1;;133.6579;133.6579;133.6579;17-Nov-2013
122210;DWS Treasury Fund - Cash Plan - Direct Plan - Monthly Bonus;INF223J01VO7;;105.6692;105.6692;105.6692;17-Nov-2013
119013;DWS Treasury Fund - Cash Plan - Direct Plan - Weekly Dividend;INF223J01PN1;INF223J01PO9;109.6203;109.6203;109.6203;17-Nov-2013
112221;DWS Treasury Fund - Cash Plan - Growth;INF223J01SC8;;133.4246;133.4246;133.4246;17-Nov-2013
112227;DWS Treasury Fund - Cash Plan - Institiutional - Daily Dividend;;INF223J01DZ1;100.497;100.497;100.497;17-Nov-2013
112222;DWS Treasury Fund - Cash Plan - Institiutional - Growth;INF223J01EA2;;137.182;137.182;137.182;17-Nov-2013
122209;DWS Treasury Fund - Cash Plan - Monthly Bonus;INF223J01VN9;;105.4316;105.4316;105.4316;17-Nov-2013
112965;DWS Treasury Fund - Cash Plan - Monthly Dividend;INF223J01RW8;INF223J01RX6;106.9057;106.9057;106.9057;17-Nov-2013
116391;DWS Treasury Fund - Cash Plan - Quarterly Dividend;INF223J01SD6;INF223J01SE4;110.3751;110.3751;110.3751;17-Nov-2013
112964;DWS Treasury Fund - Cash Plan - Weekly Dividend;INF223J01RY4;INF223J01RZ1;109.5679;109.5679;109.5679;17-Nov-2013

Edelweiss Mutual Fund
109935;Edelweiss Liquid Fund - Daily Dividend Option;;INF754K01BG7;1000.0000;999.0000;1000.0000;17-Nov-2013
109946;Edelweiss Liquid Fund - Growth Option;INF754K01BC6;;1224.0057;1222.7817;1224.0057;17-Nov-2013
109944;Edelweiss Liquid Fund - Monthly Dividend Option;INF754K01BD4;INF754K01BF9;1003.9978;1002.9938;1003.9978;17-Nov-2013
109934;Edelweiss Liquid Fund - Retail Plan - Daily Dividend Option;;INF754K01AS4;1000.0000;999.0000;1000.0000;17-Nov-2013
109940;Edelweiss Liquid Fund - Retail Plan - Growth Option;INF754K01AO3;;1403.2699;1401.8666;1403.2699;17-Nov-2013
109939;Edelweiss Liquid Fund - Retail Plan - Monthly Dividend Option;INF754K01AP0;INF754K01AR6;1003.5592;1002.5556;1003.5592;17-Nov-2013
109937;Edelweiss Liquid Fund - Retail Plan - Weekly Dividend Option;;INF754K01AT2;1000.1834;999.1832;1000.1834;17-Nov-2013
109942;Edelweiss Liquid Fund - Weekly Dividend Option;;INF754K01BH5;1000.2083;999.2081;1000.2083;17-Nov-2013
118637;Edelweiss Liquid Fund-Direct Plan-Daily Dividend Option;;INF754K01DB4;1000.0000;999.0000;1000.0000;17-Nov-2013
118636;Edelweiss Liquid Fund-Direct Plan-Growth Option;INF754K01CX0;;1224.3408;1223.1165;1224.3408;17-Nov-2013

ING Mutual Fund
119935;ING Liquid Fund - Super Institutional Plan - Direct Plan - Growth Option;INF084M01BY8;;18.4983;18.4983;18.4983;17-Nov-2013
119933;ING Liquid Fund - Super Institutional Plan - Direct Plan- Daily Dividend Option;;INF084M01BZ5;10.0048;10.0048;10.0048;17-Nov-2013
119934;ING Liquid Fund - Super Institutional Plan - Direct Plan- Weekly Dividend Option;INF084M01CB4;INF084M01CA6;10.0226;10.0226;10.0226;17-Nov-2013
100198;ING Liquid Fund-Institutional Daily Dividend Option;INF084M01473;;10.0121;10.0121;10.0121;17-Nov-2013
100196;ING Liquid Fund-Institutional Growth Option;INF084M01465;;19.2795;19.2795;19.2795;17-Nov-2013
100197;ING Liquid Fund-Institutional Weekly Dividend Option;INF084M01499;INF084M01481;10.0686;10.0686;10.0686;17-Nov-2013
100192;ING Liquid Fund-Regular Daily Dividend Option;INF084M01432;;10.7873;10.7873;10.7873;17-Nov-2013
100190;ING Liquid Fund-Regular Growth Option;INF084M01424;;25.4819;25.4819;25.4819;17-Nov-2013
100191;ING Liquid Fund-Regular Weekly Dividend Option;INF084M01457;INF084M01440;10.8392;10.8392;10.8392;17-Nov-2013
100200;ING Liquid Fund-Super Institutional Daily Dividend Option;INF084M01515;;10.0048;10.0048;10.0048;17-Nov-2013
100199;ING Liquid Fund-Super Institutional Growth Option;INF084M01507;;18.4631;18.4631;18.4631;17-Nov-2013
100201;ING Liquid Fund-Super Institutional Weekly Dividend Option;INF084M01531;INF084M01523;10.0199;10.0199;10.0199;17-Nov-2013

Invesco Mutual Fund
122792;Religare Invesco Overnight Fund - Bonus Option;INF205K01UY3;;1460.6845;1460.6845;1460.6845;17-Nov-2013
106502;Religare Invesco Overnight Fund - Daily Dividend Reinvestment;;INF205K01HS2;1000.7927;1000.7927;1000.7927;17-Nov-2013
122793;Religare Invesco Overnight Fund - Direct Plan - Bonus Option;INF205K01VH6;;1464.8384;1464.8384;1464.8384;17-Nov-2013
120556;Religare Invesco Overnight Fund - Direct Plan - Daily Dividend Reinvestment;;INF205K01NC4;1000.0048;1000.0048;1000.0048;17-Nov-2013
120557;Religare Invesco Overnight Fund - Direct Plan - Growth;INF205K01ND2;;1464.9356;1464.9356;1464.9356;17-Nov-2013
106501;Religare Invesco Overnight Fund - Growth;INF205K01HR4;;1460.7536;1460.7536;1460.7536;17-Nov-2013

JM Financial Mutual Fund
122314;JM Floater Short Term Fund (Direct) - Bonus Option - Principal Units;INF192K01EV3;;19.3580;19.3580;19.3580;17-Nov-2013
120414;JM Floater Short Term Fund (Direct) - Daily Dividend Option;;INF192K01CF0;10.0884;10.0884;10.0884;17-Nov-2013
120415;JM Floater Short Term Fund (Direct) - Growth Option;INF192K01CG8;;19.3576;19.3576;19.3576;17-Nov-2013
122322;JM Floater Short Term Fund - Bonus Option - Principal Units;INF192K01ET7;;19.3260;19.3260;19.3260;17-Nov-2013
101420;JM Floater Short Term Fund - Daily Dividend Option;;INF192K01767;10.0883;10.0883;10.0883;17-Nov-2013
101421;JM Floater Short Term Fund - Growth Option;INF192K01775;;19.3260;19.3260;19.3260;17-Nov-2013

JPMorgan Mutual Fund
119902;JPMorgan India Liquid Fund - Direct Plan - Daily Dividend Option;;INF843K01BA1;10.0101;10.0101;10.0101;17-Nov-2013
119905;JPMorgan India Liquid Fund - Direct Plan - Growth Option;INF843K01AX5;;16.1002;16.1002;16.1002;17-Nov-2013
119906;JPMorgan India Liquid Fund - Direct Plan - Monthly Dividend Option;INF843K01BH6;INF843K01BD5;10.0929;10.0929;10.0929;17-Nov-2013
119904;JPMorgan India Liquid Fund - Direct Plan - Weekly Dividend Option;INF843K01BF0;INF843K01BB9;10.1456;10.1456;10.1456;17-Nov-2013
106562;JPMorgan India Liquid Fund - Retail Plan - Daily Dividend Option;;INF843K01203;10.019;10.019;10.019;17-Nov-2013
106561;JPMorgan India Liquid Fund - Retail Plan - Growth Option;INF843K01195;;14.6869;14.6869;14.6869;17-Nov-2013
109179;JPMorgan India Liquid Fund - Retail Plan - Monthly Dividend Option;;INF843K01237;10.082;10.082;10.082;17-Nov-2013
109177;JPMorgan India Liquid Fund - Retail Plan - Weekly Dividend Option;;INF843K01211;10.032;10.032;10.032;17-Nov-2013
117751;JPMorgan India Liquid Fund - Super Institutional Plan - Annual Dividend Option;INF843K01831;INF843K01823;11.1262;11.1262;11.1262;17-Nov-2013
110149;JPMorgan India Liquid Fund - Super Institutional Plan - Daily Dividend Option;;INF843K01153;10.0279;10.0279;10.0279;17-Nov-2013
110152;JPMorgan India Liquid Fund - Super Institutional Plan - Fortnightly Dividend Option;INF843K01492;INF843K01179;10.0097;10.0097;10.0097;17-Nov-2013
110150;JPMorgan India Liquid Fund - Super Institutional Plan - Growth Option;INF843K01146;;16.0845;16.0845;16.0845;17-Nov-2013
110151;JPMorgan India Liquid Fund - Super Institutional Plan - Monthly Dividend Option;INF843K01500;INF843K01187;10.0921;10.0921;10.0921;17-Nov-2013
110153;JPMorgan India Liquid Fund - Super Institutional Plan - Weekly Dividend Option;INF843K01484;INF843K01161;10.193;10.193;10.193;17-Nov-2013

Morgan Stanley Mutual Fund
119197;Morgan Stanley Liquid Fund - Direct Daily Dividend;;INF063A01563;1009.4013;1009.4013;1009.4013;17-Nov-2013
119173;Morgan Stanley Liquid Fund - Direct Growth Plan;INF063A01555;;1221.6444;1221.6444;1221.6444;17-Nov-2013
119200;Morgan Stanley Liquid Fund - Direct Monthly Dividend;INF063A01597;INF063A01589;1013.0322;1013.0322;1013.0322;17-Nov-2013
119198;Morgan Stanley Liquid Fund - Direct Weekly Dividend;INF063A01571;;1001.4552;1001.4552;1001.4552;17-Nov-2013
115812;MS Liquid Fund - Regular- Growth;INF063A01274;;1220.9382;1220.9382;1220.9382;17-Nov-2013
115814;MS Liquid Fund - Regular- Weekly Dividend Plan;;INF063A01290;1001.4470;1001.4470;1001.4470;17-Nov-2013
115813;MS Liquid Fund- Regular Daily Dividend Plan;;INF063A01282;1000.5001;1000.5001;1000.5001;17-Nov-2013
115815;MS Liquid Fund- Regular Monthly Dividend Plan;INF063A01316;INF063A01308;1008.2928;1008.2928;1008.2928;17-Nov-2013

PGIM India Mutual Fund
120102;DHFL Pramerica Liquid Fund - Direct Plan-Daily Dividend Option;;INF663L01633;1000.4200;1000.4200;1000.4200;17-Nov-2013
120104;DHFL Pramerica Liquid Fund - Direct Plan-Growth Option;INF663L01625;;1324.9701;1324.9701;1324.9701;17-Nov-2013
120105;DHFL Pramerica Liquid Fund - Direct Plan-Monthly Dividend Option;INF663L01682;INF663L01666;1005.8947;1005.8947;1005.8947;17-Nov-2013
120106;DHFL Pramerica Liquid Fund - Direct Plan-Weekly Dividend - Option;;INF663L01641;1001.4955;1001.4955;1001.4955;17-Nov-2013
113184;DHFL Pramerica Liquid Fund - Dividend Option - Daily;;INF663L01088;1000.3700;1000.3700;1000.3700;17-Nov-2013
113187;DHFL Pramerica Liquid Fund - Dividend Option - Fortnightly;INF663L01120;INF663L01104;1001.5895;1001.5895;1001.5895;17-Nov-2013
113186;DHFL Pramerica Liquid Fund - Dividend Option - Monthly;INF663L01138;INF663L01112;1005.7147;1005.7147;1005.7147;17-Nov-2013
113183;DHFL Pramerica Liquid Fund - Growth Option;INF663L01070;;1323.6694;1323.6694;1323.6694;17-Nov-2013
113185;DHFL Pramerica Liquid Fund -Dividend Option- Weekly;;INF663L01096;1001.3448;1001.3448;1001.3448;17-Nov-2013
122257;DHFL Pramerica Liquid Fund-Bonus Option;INF663L01BD5;;1323.5516;1323.5516;1323.5516;17-Nov-2013
122258;DHFL Pramerica Liquid Fund-Direct Plan-Bonus Option;INF663L01BE3;;1324.8599;1324.8599;1324.8599;17-Nov-2013

PineBridge Mutual Fund
119355;PineBridge India Liquid Fund- Direct Plan- Daily Dividend Option;;INF178L01AV8;1001.0000;1001.0000;1001.0000;17-Nov-2013
119360;PineBridge India Liquid Fund- Direct Plan- Growth Option;INF178L01AP0;;1562.8859;1562.8859;1562.8859;17-Nov-2013
106513;PineBridge India Liquid Fund- Standard Plan-Daily Dividend Option;;INF178L01699;1001.0000;1001.0000;1001.0000;17-Nov-2013
106508;PineBridge India Liquid Fund- Standard Plan-Growth Option;INF178L01715;;1562.0020;1562.0020;1562.0020;17-Nov-2013
106519;PineBridge India Liquid Fund- Standard Plan-Monthly Dividend Option;INF178L01723;INF178L01731;1006.1127;1006.1127;1006.1127;17-Nov-2013
106520;PineBridge India Liquid Fund- Standard Plan-Quarterly Dividend Option;INF178L01749;INF178L01756;1013.3020;1013.3020;1013.3020;17-Nov-2013
106509;PineBridge India Liquid Fund- Standard Plan-Weekly Dividend Option;;INF178L01764;1002.3721;1002.3721;1002.3721;17-Nov-2013
106503;PineBridge India Liquid Fund-Retail Plan-DailyDividend Option;;INF178L01533;1001.0000;1001.0000;1001.0000;17-Nov-2013
106514;PineBridge India Liquid Fund-Retail Plan-Growth Option;INF178L01558;;1525.8080;1525.8080;1525.8080;17-Nov-2013
106504;PineBridge India Liquid Fund-Retail Plan-Monthly Dividend Option;INF178L01566;INF178L01574;1006.1121;1006.1121;1006.1121;17-Nov-2013
106510;PineBridge India Liquid Fund-Retail Plan-Weekly Dividend Option;;INF178L01608;1002.3721;1002.3721;1002.3721;17-Nov-2013

Sahara Mutual Fund
101397;Sahara Liquid Fund-Fixed Pricing -  Weekly Dividend Option;;INF515L01064;1027.4373;1027.4373;1027.4373;17-Nov-2013
101393;Sahara Liquid Fund-Fixed Pricing - Daily Dividend Option;;INF515L01049;1036.2579;1036.2579;1036.2579;17-Nov-2013
120265;Sahara Liquid Fund-Fixed Pricing - Direct - Weekly Dividend Option;;INF515L01668;1027.4373;1027.4373;1027.4373;17-Nov-2013
120262;Sahara Liquid Fund-Fixed Pricing - Direct -Growth option;INF515L01650;;2234.0346;2234.0346;2234.0346;17-Nov-2013
101394;Sahara Liquid Fund-Fixed Pricing - Growth option;INF515L01056;;2233.4769;2233.4769;2233.4769;17-Nov-2013
101398;Sahara Liquid Fund-Fixed Pricing - Monthly Dividend Option;;INF515L01072;1043.7254;1043.7254;1043.7254;17-Nov-2013
120253;Sahara Liquid Fund-Fixed Pricing -Direct - Daily Dividend Option- Direct;;INF515L01643;1036.2579;1036.2579;1036.2579;17-Nov-2013
120266;Sahara Liquid Fund-Fixed Pricing -Direct - Monthly Dividend Option;;INF515L01676;1043.7254;1043.7254;1043.7254;17-Nov-2013
101399;Sahara Liquid Fund-Variable Pricing - Daily Dividend option;;INF515L01080;1036.3030;1036.3030;1036.3030;17-Nov-2013
101402;Sahara Liquid Fund-Variable Pricing - Growth option;INF515L01114;;2255.5590;2255.5590;2255.5590;17-Nov-2013
101400;Sahara Liquid Fund-Variable Pricing - Weekly Dividend Option;;INF515L01098;1042.2105;1042.2105;1042.2105;17-Nov-2013
120271;Sahara Liquid Fund-Variable Pricing -Direct - Daily Dividend option;;INF515L01684;1036.3030;1036.3030;1036.3030;17-Nov-2013
120280;Sahara Liquid Fund-Variable Pricing -Direct - Growth option;INF515L01718;;2256.3614;2256.3614;2256.3614;17-Nov-2013
120272;Sahara Liquid Fund-Variable Pricing -Direct - Weekly Dividend Option;;INF515L01692;1042.2105;1042.2105;1042.2105;17-Nov-2013
120273;Sahara Liquid Fund-Variable Pricing- Direct - Monthly Dividend Option;;INF515L01700;1048.0167;1048.0167;1048.0167;17-Nov-2013
101401;Sahara Liquid Fund-Variable Pricing- Monthly Dividend Option;;INF515L01106;1048.0167;1048.0167;1048.0167;17-Nov-2013

Tata Mutual Fund
101987;Tata Liquid Fund Reglar Plan - Monthly Dividend;INF277K01LR5;INF277K01LS3;1004.3263;1004.3263;1004.3263;17-Nov-2013
101861;Tata Liquid Fund-Regular Plan  - Weekly Dividend;INF277K016C5;;1001.9489;1001.9489;1001.9489;17-Nov-2013
101984;Tata Liquid High Investment Plan - Daily;;;1114.3379;1114.3379;1114.3379;17-Nov-2013
101860;Tata Liquid High Investment Plan - Growth;INF277K01LN4;;2032.1018;2032.1018;2032.1018;17-Nov-2013
101985;Tata Liquid High Investment Plan - Monthly;INF277K01LO2;INF277K01LP9;1023.7648;1023.7648;1023.7648;17-Nov-2013
101859;Tata Liquid High Investment Plan - Weekly;;;1147.9007;1147.9007;1147.9007;17-Nov-2013
101982;Tata Liquid Retail Investment PLan - Daily;;;1116.8143;1116.8143;1116.8143;17-Nov-2013
101983;Tata Liquid Retail Investment Plan - Fortnightly;;;1145.5011;1145.5011;1145.5011;17-Nov-2013
101858;Tata Liquid Retail Investment Plan - Growth;INF277K01LM6;;2786.2803;2786.2803;2786.2803;17-Nov-2013
103631;Tata Liquidity Management Fund - Regular Plan - Daily Dividend;;;1002.6089;1002.6089;1002.6089;17-Nov-2013
103632;Tata Liquidity Management Fund - Regular Plan - Growth;INF277K01LW5;;1670.5533;1670.5533;1670.5533;17-Nov-2013
103519;Tata Liquidity Management Fund - Regular Plan  -Weekly Dividend;;;1006.6860;1006.6860;1006.6860;17-Nov-2013
119443;Tata Liquidity Management Fund- Direct Plan-Daily Dividend;;;1002.6089;1002.6089;1002.6089;17-Nov-2013
119444;Tata Liquidity Management Fund- Direct Plan-Growth;INF277K01PU0;;1671.5558;1671.5558;1671.5558;17-Nov-2013
119442;Tata Liquidity Management Fund- Direct Plan-Weekly Dividend;;;1006.6927;1006.6927;1006.6927;17-Nov-2013

Open Ended Schemes ( Money Market )


Tata Mutual Fund
102152;Tata Money Market Fund Regular (Bonus / Dividend);;;10.1608;10.1608;10.1608;17-Nov-2013
102153;Tata Money Market Fund Regular (Growth);INF277K01LY1;;19.5296;19.5296;19.5296;17-Nov-2013

Open Ended Schemes ( Debt Scheme - Overnight Fund )


HDFC Mutual Fund
119109;HDFC Overnight Fund - Daily IDCW Option - Direct Plan;;INF179KB1HY1;10.4266;10.4266;10.4266;17-Nov-2013
101996;HDFC Overnight Fund - Growth Option;INF179KB1HS3;;19.7732;19.7732;19.7732;17-Nov-2013
119110;HDFC Overnight Fund - Growth Option - Direct Plan;INF179KB1HT1;;19.7828;19.7828;19.7828;17-Nov-2013
101997;HDFC Overnight Fund - IDCW Option (Daily);;INF179KB1IF8;10.4266;10.4266;10.4266;17-Nov-2013

L&T Mutual Fund
118059;L&T Cash Fund - Institutional Plan - Growth Option;INF677K01AP3;;1663.6337;1663.6337;1663.6337;17-Nov-2013
118055;L&T Cash Fund - Retail Plan - Growth option;INF677K01AK4;;1618.1531;1618.1531;1618.1531;17-Nov-2013
118062;L&T Cash Fund - Retail Plan - Monthly Dividend Option;INF677K01AN8;INF677K01AO6;1015.2286;1015.2286;1015.2286;17-Nov-2013
118066;L&T Overnight Fund  - Regular Plan - Monthly IDCW;INF917K01EL4;INF917K01EM2;1017.2607;1017.2607;1017.2607;17-Nov-2013
119283;L&T Overnight Fund - Direct Plan - Growth;INF917K01EN0;;1682.6314;1682.6314;1682.6314;17-Nov-2013
119284;L&T Overnight Fund - Direct Plan- Daily IDCW;;INF917K01EO8;1035.2358;1035.2358;1035.2358;17-Nov-2013
119282;L&T Overnight Fund - Direct Plan- Monthly IDCW;INF917K01ER1;;1018.1936;1018.1936;1018.1936;17-Nov-2013
119285;L&T Overnight Fund - Direct Plan- Weekly IDCW;;INF917K01EP5;1001.7631;1001.7631;1001.7631;17-Nov-2013
118056;L&T Overnight Fund - Regular Plan - Daily IDCW;;INF917K01EJ8;1023.3000;1023.3000;1023.3000;17-Nov-2013
118058;L&T Overnight Fund - Regular Plan - Growth;INF917K01EI0;;1682.2470;1682.2470;1682.2470;17-Nov-2013
118065;L&T Overnight Fund - Regular Plan - Weekly IDCW;;INF917K01EK6;1001.3314;1001.3314;1001.3314;17-Nov-2013

SBI Mutual Fund
119831;SBI Overnight Fund - Direct Plan - Daily Income Distribution cum Capital Withdrawal Option (IDCW);;INF200K01TJ7;1009.9100;1009.9100;1009.9100;17-Nov-2013
119833;SBI OVERNIGHT FUND - DIRECT PLAN - GROWTH;INF200K01TK5;;2131.1427;2131.1427;2131.1427;17-Nov-2013
119832;SBI Overnight Fund - Direct Plan - Weekly Income Distribution cum Capital Withdrawal Option (IDCW);INF200K01TL3;INF200K01TM1;1031.4027;1031.4027;1031.4027;17-Nov-2013
114297;SBI Overnight Fund - Regular Plan - Daily Income Distribution cum Capital Withdrawal Option (IDCW);;INF200K01LN6;1009.9100;1009.9100;1009.9100;17-Nov-2013
101206;SBI OVERNIGHT FUND - REGULAR PLAN - GROWTH;INF200K01LQ9;;2128.3143;2128.3143;2128.3143;17-Nov-2013
103140;SBI Overnight Fund - Regular Plan - Weekly Income Distribution cum Capital Withdrawal Option (IDCW);INF200K01LO4;INF200K01LP1;1031.4012;1031.4012;1031.4012;17-Nov-2013

Open Ended Schemes ( Debt Scheme - Liquid Fund )


360 ONE Mutual Fund
125349;360 ONE LIQUID FUND DIRECT PLAN  DAILY DIVIDEND REINVESTMENT;;INF579M01688;1000.0000;1000.0000;1000.0000;17-Nov-2013
125345;360 ONE LIQUID FUND DIRECT PLAN  GROWTH;INF579M01621;;1001.0723;1001.0723;1001.0723;17-Nov-2013
125348;360 ONE LIQUID FUND DIRECT PLAN  HALF YEARLY DIVIDEND;INF579M01670;INF579M01738;1001.0726;1001.0726;1001.0726;17-Nov-2013
125342;360 ONE LIQUID FUND REGULAR PLAN  DAILY DIVIDEND REINVESTMENT;;INF579M01563;1000.0000;1000.0000;1000.0000;17-Nov-2013
125338;360 ONE LIQUID FUND REGULAR PLAN  FORTNIGHTLY DIVIDEND;INF579M01522;INF579M01589;1001.0654;1001.0654;1001.0654;17-Nov-2013
125259;360 ONE LIQUID FUND REGULAR PLAN  GROWTH;INF579M01506;;1001.0654;1001.0654;1001.0654;17-Nov-2013
125339;360 ONE LIQUID FUND REGULAR PLAN  MONTHLY DIVIDEND;INF579M01530;INF579M01597;1001.0653;1001.0653;1001.0653;17-Nov-2013
125337;360 ONE LIQUID FUND REGULAR PLAN  WEEKLY DIVIDEND;INF579M01514;INF579M01571;1001.0653;1001.0653;1001.0653;17-Nov-2013

Aditya Birla Sun Life Mutual Fund
100047;Aditya Birla Sun Life Liquid Fund - Growth;INF209K01RU9;;198.9430;198.9430;198.9430;17-Nov-2013
119568;Aditya Birla Sun Life Liquid Fund - Growth - Direct Plan;INF209K01VA3;;199.0130;199.0130;199.0130;17-Nov-2013
100046;Aditya Birla Sun Life Liquid Fund -Daily IDCW;INF209K01KQ2;INF209K01SQ5;100.1950;100.1950;100.1950;17-Nov-2013
119569;Aditya Birla Sun Life Liquid Fund -Direct - daily IDCW;INF209K01UZ2;;100.1950;100.1950;100.1950;17-Nov-2013
119571;Aditya Birla Sun Life Liquid Fund -DIRECT - IDCW;INF209K01VD7;;106.2013;106.2013;106.2013;17-Nov-2013
119570;Aditya Birla Sun Life Liquid Fund -Direct - weekly IDCW;INF209K01VC9;;100.4572;100.4572;100.4572;17-Nov-2013
100041;Aditya Birla Sun Life Liquid Fund -Institutional - IDCW;;INF209K01KN9;108.0230;108.0230;108.0230;17-Nov-2013
100048;Aditya Birla Sun Life Liquid Fund -Institutional - weekly  IDCW;INF209KA1LK7;INF209K01KY6;108.3066;108.3066;108.3066;17-Nov-2013
100044;Aditya Birla Sun Life Liquid Fund -Retail - IDCW;;INF209K01KP4;163.6940;163.6940;163.6940;17-Nov-2013
100051;Aditya Birla Sun Life Liquid Fund -weekly IDCW;INF209K01KU4;INF209KA1LJ9;100.4562;100.4562;100.4562;17-Nov-2013
112014;Aditya Birla Sun Life Liquid Fund- Discipline Advantage Plan;INF209K01KZ3;;133.6654;133.6654;133.6654;17-Nov-2013
100043;Aditya Birla Sun Life Liquid Fund-Institutional (Growth);INF209K01RT1;;331.7591;331.7591;331.7591;17-Nov-2013
100042;Aditya Birla Sun Life Liquid Fund-Retail (Growth);INF209K01ME4;;323.5657;323.5657;323.5657;17-Nov-2013

Axis Mutual Fund
120388;Axis Liquid Fund - Direct Plan - Daily IDCW;;INF846K01DA0;1000.1178;1000.1178;1000.1178;17-Nov-2013
120389;Axis Liquid Fund - Direct Plan - Growth Option;INF846K01CX4;;1375.9487;1375.9487;1375.9487;17-Nov-2013
120391;Axis Liquid Fund - Direct Plan - Monthly IDCW;INF846K01CY2;INF846K01CZ9;1006.1081;1006.1081;1006.1081;17-Nov-2013
120390;Axis Liquid Fund - Direct Plan - Weekly IDCW;INF846K01DB8;INF846K01DC6;1003.6216;1003.6216;1003.6216;17-Nov-2013
112211;Axis Liquid Fund - Regular Plan - Daily IDCW;;INF846K01420;1000.1178;1000.1178;1000.1178;17-Nov-2013
112210;Axis Liquid Fund - Regular Plan - Growth Option;INF846K01412;;1375.1452;1375.1452;1375.1452;17-Nov-2013
112213;Axis Liquid Fund - Regular Plan - Monthly IDCW;INF846K01453;INF846K01461;1006.0697;1006.0697;1006.0697;17-Nov-2013
112212;Axis Liquid Fund - Regular Plan - Weekly IDCW;INF846K01438;INF846K01446;1003.6085;1003.6085;1003.6085;17-Nov-2013
112712;Axis Liquid Fund - Retail Plan - Daily IDCW;;INF846K01362;1000.1178;1000.1178;1000.1178;17-Nov-2013
112713;Axis Liquid Fund - Retail Plan - Growth Option;INF846K01354;;1335.9847;1335.9847;1335.9847;17-Nov-2013
112714;Axis Liquid Fund - Retail Plan - Monthly IDCW;INF846K01396;INF846K01404;1005.7489;1005.7489;1005.7489;17-Nov-2013
112715;Axis Liquid Fund - Retail Plan - Weekly IDCW;INF846K01370;INF846K01388;1001.5427;1001.5427;1001.5427;17-Nov-2013

Bandhan Mutual Fund
108692;BANDHAN LIQUID Fund - Regular Plan - Daily IDCW;INF194K01VZ4;INF194K01VY7;1000.2500;1000.2500;1000.2500;17-Nov-2013
108690;BANDHAN LIQUID Fund - Regular Plan - Growth;INF194K01VX9;;1508.4973;1508.4973;1508.4973;17-Nov-2013
108693;BANDHAN LIQUID Fund - Regular Plan - Monthly IDCW;INF194K01WF4;INF194K01WE7;1004.7652;1004.7652;1004.7652;17-Nov-2013
115489;BANDHAN LIQUID Fund - Regular Plan - Periodic IDCW;INF194K01WC1;INF194K01WB3;1188.7019;1188.7019;1188.7019;17-Nov-2013
108691;BANDHAN LIQUID Fund - Regular Plan - Weekly IDCW;INF194K01WI8;INF194K01WH0;1000.9612;1000.9612;1000.9612;17-Nov-2013
118365;BANDHAN LIQUID Fund -Direct Plan -Monthly IDCW;INF194K01J36;INF194K01J28;1011.7201;1011.7201;1011.7201;17-Nov-2013
118367;BANDHAN LIQUID Fund -Direct Plan -Weekly IDCW;INF194KB1JT8;INF194K01J51;1005.5857;1005.5857;1005.5857;17-Nov-2013
118366;BANDHAN LIQUID Fund -Direct Plan-Daily IDCW;;INF194K01I78;1000.3400;1000.3400;1000.3400;17-Nov-2013
118364;BANDHAN LIQUID Fund -Direct Plan-Growth;INF194K01I60;;1508.8789;1508.8789;1508.8789;17-Nov-2013
118363;BANDHAN LIQUID Fund -Direct Plan-Periodic IDCW;INF194K01J02;INF194K01I94;1036.6960;1036.6960;1036.6960;17-Nov-2013
108779;BANDHAN Liquid Fund-Plan A-Dividend (Daily);INF194K01VC3;INF194K01VB5;1058.1900;1058.1900;1058.1900;17-Nov-2013
108778;BANDHAN Liquid Fund-Plan A-Growth;INF194K01UX1;;2171.3598;2171.3598;2171.3598;17-Nov-2013
115486;BANDHAN Liquid Fund-Plan A-Monthly;INF194K01VF6;INF194K01VE9;1004.5529;1004.5529;1004.5529;17-Nov-2013
115487;BANDHAN Liquid Fund-Plan A-Periodic Dividend;INF194K01UZ6;INF194K01UY9;1047.3439;1047.3439;1047.3439;17-Nov-2013
108607;BANDHAN Liquid Fund - Plan A-Dividend (Weekly);INF194K01VI0;INF194K01VH2;1001.7103;1001.7103;1001.7103;17-Nov-2013
108781;BANDHAN Liquid Fund - Plan B (G) (Institutional Plan);INF194K01VK6;;2195.2877;2195.2877;2195.2877;17-Nov-2013
108629;BANDHAN Liquid Fund - Plan B - Dividend-Weekly;INF194K01VS9;INF194K01VR1;1000.9075;1000.9075;1000.9075;17-Nov-2013

Bank of India Mutual Fund
119368;BANK OF INDIA Liquid Fund- Direct Plan- Daily IDCW;;INF761K01CL0;1002.6483;1002.6483;1002.6483;17-Nov-2013
119369;BANK OF INDIA Liquid Fund- Direct Plan- Growth;INF761K01785;;1430.0410;1430.0410;1430.0410;17-Nov-2013
119370;BANK OF INDIA Liquid Fund- Direct Plan- Weekly IDCW;;INF761K01CM8;1004.3884;1004.3884;1004.3884;17-Nov-2013
111971;BANK OF INDIA Liquid Fund- Regular Plan- Daily IDCW;;INF761K01CO4;1000.7312;1000.7312;1000.7312;17-Nov-2013
109254;BANK OF INDIA Liquid Fund- Regular Plan- Growth;INF761K01306;;1428.9693;1428.9693;1428.9693;17-Nov-2013
109255;BANK OF INDIA Liquid Fund- Regular Plan- Weekly IDCW;;INF761K01CP1;1002.8721;1002.8721;1002.8721;17-Nov-2013

Baroda BNP Paribas Mutual Fund
119414;Baroda BNP Paribas LIQUID FUND - DIRECT PLAN - DAILY IDCW OPTION;INF955L01AK2;;1000.6300;1000.6300;1000.6300;17-Nov-2013
119415;Baroda BNP Paribas LIQUID FUND - DIRECT PLAN - GROWTH OPTION;INF955L01AL0;;1422.8634;1422.8634;1422.8634;17-Nov-2013
119416;Baroda BNP Paribas LIQUID FUND - DIRECT PLAN - WEEKLY IDCW OPTION;INF251K01SL8;;1033.4768;1033.4768;1033.4768;17-Nov-2013
111707;Baroda BNP Paribas LIQUID FUND - Regular Plan - DAILY IDCW OPTION;INF955L01468;INF955L01476;1000.6300;1000.6300;1000.6300;17-Nov-2013
111704;Baroda BNP Paribas LIQUID FUND - Regular Plan - GROWTH OPTION;INF955L01484;;1422.0986;1422.0986;1422.0986;17-Nov-2013
111705;Baroda BNP Paribas LIQUID FUND - Regular Plan - WEEKLY IDCW OPTION;INF251K01SK0;INF955L01500;1001.5813;1001.5813;1001.5813;17-Nov-2013
101408;Baroda BNP Paribas LIQUID FUND- Defunct Plan -Growth Option;INF955L01575;;2149.9876;2149.9876;2149.9876;17-Nov-2013
101407;Baroda BNP Paribas LIQUID FUND-Defunct Plan- IDCW Option;INF955L01559;INF955L01567;1842.0034;1842.0034;1842.0034;17-Nov-2013
101409;Baroda BNP Paribas LIQUID FUND-Defunct Plan-Daily IDCW Option;INF955L01518;INF955L01526;1006.0600;1006.0600;1006.0600;17-Nov-2013
111706;BARODA LIQUID FUND PLAN A - MONTHLY IDCW OPTION;;;1006.5655;1006.5655;1006.5655;17-Nov-2013

BNP Paribas Mutual Fund
117941;BNP PARIBAS LIQUID FUND  GROWTH OPTION;INF251K01CM0;;19.0993;19.0993;19.0993;17-Nov-2013
117940;BNP PARIBAS LIQUID FUND  MONTHLY DIVIDEND OPTION;INF251K01CP3;INF251K01CQ1;10.0592;10.0592;10.0592;17-Nov-2013
117942;BNP PARIBAS LIQUID FUND  WEEKLY DIVIDEND OPTION;;INF251K01CO6;10.0095;10.0095;10.0095;17-Nov-2013
120122;BNP Paribas LIQUID Fund - Direct Plan - Daily Dividend Option;;INF251K01FY8;10.0049;10.0049;10.0049;17-Nov-2013
120123;BNP Paribas LIQUID Fund - Direct Plan - Growth Option;;INF251K01FX0;19.1126;19.1126;19.1126;17-Nov-2013
120124;BNP Paribas LIQUID Fund - Direct Plan - Monthly Dividend Option;INF251K01GA6;INF251K01GB4;10.0598;10.0598;10.0598;17-Nov-2013
120125;BNP Paribas LIQUID Fund - Direct Plan - Weekly Dividend Option;;INF251K01FZ5;10.0096;10.0096;10.0096;17-Nov-2013
117943;BNP PARIBAS LIQUID FUND DAILY DIVIDEND OPTION;;INF251K01CN8;10.0049;10.0049;10.0049;17-Nov-2013
113640;BNP PARIBAS LIQUID Fund-Regular Plan-Growth Option;INF251K01CI8;;18.2334;18.2334;18.2334;17-Nov-2013
113632;BNP PARIBAS LIQUID Fund-Regular Plan-Monthly Dividend;INF251K01CK4;INF251K01CL2;10.0531;10.0531;10.0531;17-Nov-2013
113637;BNP PARIBAS LIQUID Fund-Regular Plan-Weekly Dividend Option;;INF251K01CJ6;10.0087;10.0087;10.0087;17-Nov-2013

Canara Robeco Mutual Fund
118307;CANARA ROBECO LIQUID FUND - DIRECT PLAN - DAILY IDCW (Reinvestment);;INF760K01FS0;1005.5000;1005.5000;1005.5000;17-Nov-2013
118305;CANARA ROBECO LIQUID FUND - DIRECT PLAN - GROWTH OPTION;INF760K01FU6;;1510.1046;1510.1046;1510.1046;17-Nov-2013
118304;CANARA ROBECO LIQUID FUND - DIRECT PLAN - IDCW (Payout/Reinvestment);INF760K01FT8;;1081.1391;1081.1391;1081.1391;17-Nov-2013
118306;CANARA ROBECO LIQUID FUND - DIRECT PLAN - MONTHLY IDCW (Payout/Reinvestment);INF760K01FV4;INF760K01FW2;1004.9050;1004.9050;1004.9050;17-Nov-2013
118308;CANARA ROBECO LIQUID FUND - DIRECT PLAN - WEEKLY IDCW (Payout/Reinvestment);INF760K01FY8;INF760K01FX0;1001.0523;1001.0523;1001.0523;17-Nov-2013
109349;CANARA ROBECO LIQUID FUND - REGULAR PLAN - DAILY IDCW (Reinvestment);;INF760K01CU3;1005.5000;1005.5000;1005.5000;17-Nov-2013
109353;CANARA ROBECO LIQUID FUND - REGULAR PLAN - GROWTH OPTION;INF760K01CW9;;1509.2589;1509.2589;1509.2589;17-Nov-2013
109351;CANARA ROBECO LIQUID FUND - REGULAR PLAN - MONTHLY IDCW (Payout/Reinvestment);INF760K01CX7;INF760K01CY5;1004.7542;1004.7542;1004.7542;17-Nov-2013
109350;CANARA ROBECO LIQUID FUND - REGULAR PLAN - WEEKLY IDCW (Payout/Reinvestment);INF760K01BZ4;INF760K01CZ2;1001.0079;1001.0079;1001.0079;17-Nov-2013
101363;Canara Robeco Liquid Fund- INSTITUTIONAL-Daily Dividend Reinvestment;;INF760K01CC1;1005.5000;1005.5000;1005.5000;17-Nov-2013
101362;Canara Robeco Liquid Fund- INSTITUTIONAL-Growth;INF760K01CD9;;2225.3065;2225.3065;2225.3065;17-Nov-2013
101364;Canara Robeco Liquid Fund-Retail-DRI;;INF760K01CF4;1007.0000;1007.0000;1007.0000;17-Nov-2013
101365;Canara Robeco Liquid Fund-Retail-Growth;INF760K01CH0;;2183.1617;2183.1617;2183.1617;17-Nov-2013
109347;Canara Robeco Liquid Fund-Retail-Monthly Div Reinvest;;INF760K01CI8;1009.5719;1009.5719;1009.5719;17-Nov-2013
109356;Canara Robeco Liquid Fund-Retail-Weekly Div Reinvest;;INF760K01CJ6;1006.3627;1006.3627;1006.3627;17-Nov-2013

DSP Mutual Fund
119125;DSP Liquidity Fund - Direct Plan - Growth;INF740K01QL4;;1776.8966;1776.8966;1776.8966;17-Nov-2013
119124;DSP Liquidity Fund - Direct Plan - IDCW - Daily;;INF740KA1OB6;1000.3161;1000.3161;1000.3161;17-Nov-2013
119123;DSP Liquidity Fund - Direct Plan - IDCW - Weekly;INF740KA1OC4;INF740KA1OD2;1001.0867;1001.0867;1001.0867;17-Nov-2013
103347;DSP Liquidity Fund - Regular Plan - Growth;INF740K01FK9;;1776.1233;1776.1233;1776.1233;17-Nov-2013
103348;DSP Liquidity Fund - Regular Plan - IDCW - Weekly;INF740K01FM5;INF740K01FL7;1001.0826;1001.0826;1001.0826;17-Nov-2013
103349;DSP Liquidity Fund- Regular Plan - IDCW - Daily;;INF740KA1OE0;1000.3161;1000.3161;1000.3161;17-Nov-2013
100943;DSP BlackRock Liquidity Fund - Regular Plan - Daily Dividend;;;10.0171;10.0171;10.0171;17-Nov-2013
100940;DSP BlackRock Liquidity Fund - Regular Plan - Growth;INF740K01CN0;;29.2576;29.2576;29.2576;17-Nov-2013
100941;DSP BlackRock Liquidity Fund - Regular Plan Weekly Dividend;;;12.4192;12.4192;12.4192;17-Nov-2013

Franklin Templeton Mutual Fund
100541;Franklin India Liquid Fund - Regular Plan - Daily - IDCW;;INF090I01BA3;1512.3400;1512.3400;1512.3400;17-Nov-2013
100538;Franklin India Liquid Fund - Regular Plan - Growth;INF090I01BB1;;3004.0638;3004.0638;3004.0638;17-Nov-2013
100537;Franklin India Liquid Fund - Regular Plan - Weekly - IDCW;INF090I01BL0;INF090I01BI6;1244.3238;1244.3238;1244.3238;17-Nov-2013
118577;Franklin India Liquid Fund - Super Institutional - Direct - Growth;INF090I01JV2;;1850.5108;1850.5108;1850.5108;17-Nov-2013
100547;Franklin India Liquid Fund - Super Institutional Plan - Daily - IDCW;;INF090I01BF2;1000.6730;1000.6730;1000.6730;17-Nov-2013
118578;Franklin India Liquid Fund - Super Institutional Plan - Direct - Daily - IDCW;INF090I01JW0;;1001.0741;1001.0741;1001.0741;17-Nov-2013
118579;Franklin India Liquid Fund - Super Institutional Plan - Direct - Weekly - IDCW;INF090I01JX8;INF090I01JY6;1021.3891;1021.3891;1021.3891;17-Nov-2013
100546;Franklin India Liquid Fund - Super Institutional Plan - Growth;INF090I01BG0;;1849.7597;1849.7597;1849.7597;17-Nov-2013
100548;Franklin India Liquid Fund - Super Institutional Plan - Weekly - IDCW;INF090I01BM8;INF090I01BH8;1021.1243;1021.1243;1021.1243;17-Nov-2013
102441;Franklin India Liquid Fund - Institution-Growth;INF090I01BD7;;1921.8391;1921.8391;1921.8391;17-Nov-2013
102443;Franklin India Liquid Fund - Institutional Plan - Daily - IDCW;;INF090I01BC9;1000.6730;1000.6730;1000.6730;17-Nov-2013
102442;Franklin India Liquid Fund - Institutional Plan - Weekly - IDCW;INF090I01BJ4;INF090I01BE5;1054.7184;1054.7184;1054.7184;17-Nov-2013

Groww Mutual Fund
119135;Groww Liquid Fund ( formerly known as Indiabulls Liquid )Fund - Direct Plan - Growth Option;INF666M01451;;1206.8791;1206.8791;1206.8791;17-Nov-2013
119136;Groww Liquid Fund (formerly known as Indiabulls Liquid Fund) - Direct Plan- - Income Distribution cum capital withdrawal Option ( Reinvestment);;INF666M01469;1000.1367;1000.1367;1000.1367;17-Nov-2013
115991;Groww Liquid Fund (formerly known as Indiabulls Liquid Fund) - Regular Plan - Growth Option;INF666M01014;;1205.9625;1205.9625;1205.9625;17-Nov-2013
119139;Groww Liquid Fund (formerly known as Indiabulls Liquid Fund)- Direct Plan- Monthly - Income Distribution cum capital withdrawal Option (Payout & Reinvestment);INF666M01519;INF666M01493;1004.2764;1004.2764;1004.2764;17-Nov-2013
115992;Groww Liquid Fund (formerly known as Indiabulls Liquid Fund)- Regular Plan- - Income Distribution cum capital withdrawal Option (Reinvestment);;INF666M01022;1000.1367;1000.1367;1000.1367;17-Nov-2013
115993;Groww Liquid Fund (formerly known as Indiabulls Liquid Fund)- Regular Plan- Weekly - Income Distribution cum capital withdrawal Option (Payout & Reinvestment);INF666M01089;INF666M01030;1001.6118;1001.6118;1001.6118;17-Nov-2013

HDFC Mutual Fund
119091;HDFC Liquid Fund - Growth Option - Direct Plan;INF179KB1HP9;;24.5008;24.5008;24.5008;17-Nov-2013
100868;HDFC Liquid Fund - Growth Plan;INF179KB1HK0;;24.4853;24.4853;24.4853;17-Nov-2013
100875;HDFC Liquid Fund - IDCW Daily;;INF179KB1IC5;10.1982;10.1982;10.1982;17-Nov-2013
119089;HDFC Liquid Fund - IDCW Daily - Direct Plan;;INF179KB1HV7;10.1982;10.1982;10.1982;17-Nov-2013
100876;HDFC Liquid Fund - IDCW Monthly;INF179KB1HM6;INF179KB1HL8;10.3164;10.3164;10.3164;17-Nov-2013
119090;HDFC Liquid Fund - IDCW Monthly - Direct Plan;INF179KB1HO2;INF179KB1HQ7;10.3167;10.3167;10.3167;17-Nov-2013
100874;HDFC Liquid Fund - IDCW Plan Weekly;INF179KB1ID3;;10.326;10.326;10.326;17-Nov-2013
119088;HDFC Liquid Fund - IDCW Weekly - Direct Plan;;;10.3261;10.3261;10.3261;17-Nov-2013
100877;HDFC Liquid Fund-Premium Plan - Dividend-Daily;;INF179K01KN4;12.2598;12.2598;12.2598;17-Nov-2013
100878;HDFC Liquid Fund-Premium Plan - Dividend-Weekly;INF179K01KP9;;10;10;10;17-Nov-2013
100873;HDFC Liquid Fund-PREMIUM- Growth;INF179KB1HN4;;24.8833;24.8833;24.8833;17-Nov-2013

HSBC Mutual Fund
118910;HSBC Cash Fund - Institutional Plan - Growth;INF336L01BT4;;1973.0301;1973.0301;1973.0301;17-Nov-2013
120038;HSBC Liquid Fund -  Growth Direct;INF336L01CC8;;1238.7068;1238.7068;1238.7068;17-Nov-2013
120037;HSBC Liquid Fund - Direct Daily IDCW;;INF336L01CB0;1000.56;1000.56;1000.56;17-Nov-2013
120039;HSBC Liquid Fund - Direct Monthly IDCW;INF336L01BZ1;INF336L01CA2;1006.0158;1006.0158;1006.0158;17-Nov-2013
120040;HSBC Liquid Fund - Direct Weekly IDCW;INF336L01LK2;INF336L01CD6;1111.3304;1111.3304;1111.3304;17-Nov-2013
118907;HSBC Liquid Fund - Growth;INF336L01BL1;;1928.705;1928.705;1928.705;17-Nov-2013
118906;HSBC Liquid Fund - IDCW;;INF336L01BK3;1019.3;1019.3;1019.3;17-Nov-2013
118909;HSBC Liquid Fund - Institutional Daily IDCW;;INF336L01BS6;1097.0901;1097.0901;1097.0901;17-Nov-2013
118901;HSBC Liquid Fund - Regular Daily IDCW;;INF336L01BM9;1000.56;1000.56;1000.56;17-Nov-2013
118902;HSBC Liquid Fund - Regular Growth;INF336L01BN7;;1238.6145;1238.6145;1238.6145;17-Nov-2013
118903;HSBC Liquid Fund - Regular Monthly IDCW;INF336L01BP2;INF336L01BO5;1006.0586;1006.0586;1006.0586;17-Nov-2013
118904;HSBC Liquid Fund - Regular Weekly IDCW;INF336L01LJ4;INF336L01BQ0;1111.326;1111.326;1111.326;17-Nov-2013
118908;HSBC Liquid Fund - Weekly IDCW;;INF336L01BR8;1002.2439;1002.2439;1002.2439;17-Nov-2013

ICICI Prudential Mutual Fund
100357;ICICI Prudential Liquid Fund -Quarterly IDCW;INF109K01UU5;INF109K01UT7;101.6035;101.6035;101.6035;17-Nov-2013
100359;ICICI Prudential Liquid Institutional Plus Fund - Div - Daily;INF109K01VJ6;;118.5152;118.5152;118.5152;17-Nov-2013
100360;ICICI Prudential Liquid Institutional Plus Fund - Div - Weekly;INF109K01VM0;;118.7406;118.7406;118.7406;17-Nov-2013
100362;ICICI Prudential Liquid Institutional Plus Fund - Growth;INF109K01VK4;;302.3533;302.3533;302.3533;17-Nov-2013
103343;ICICI Prudential Liquid Fund - Daily IDCW;INF109K01VP3;;100.0503;100.0503;100.0503;17-Nov-2013
120198;ICICI Prudential Liquid Fund - Direct Plan -  Annual IDCW;INF109K01P99;INF109K01Q07;104.1280;104.1280;104.1280;17-Nov-2013
120187;ICICI Prudential Liquid Fund - Direct Plan -  Half Yearly IDCW;INF109K01Q56;INF109K01Q64;105.8289;105.8289;105.8289;17-Nov-2013
120191;ICICI Prudential Liquid Fund - Direct Plan -  IDCW Others;INF109K01Q31;INF109K01Q23;100.8405;100.8405;100.8405;17-Nov-2013
120188;ICICI Prudential Liquid Fund - Direct Plan - Daily IDCW;;INF109K01Q15;100.0542;100.0542;100.0542;17-Nov-2013
120197;ICICI Prudential Liquid Fund - Direct Plan - Growth;INF109K01Q49;;183.7068;183.7068;183.7068;17-Nov-2013
120189;ICICI Prudential Liquid Fund - Direct Plan - Monthly IDCW;INF109K01R06;;100.7133;100.7133;100.7133;17-Nov-2013
120196;ICICI Prudential Liquid Fund - Direct Plan - Quarterly IDCW;INF109K01Q72;INF109K01Q80;102.3629;102.3629;102.3629;17-Nov-2013
120190;ICICI Prudential Liquid Fund - Direct Plan - Weekly IDCW;INF109K01Q98;;100.3357;100.3357;100.3357;17-Nov-2013
103340;ICICI Prudential Liquid Fund - Growth;INF109K01VQ1;;183.6279;183.6279;183.6279;17-Nov-2013
104308;ICICI Prudential Liquid Fund - Half Yearly IDCW;INF109K01UX9;INF109K01UW1;104.7948;104.7948;104.7948;17-Nov-2013
103344;ICICI Prudential Liquid Fund - Institutional Option - I;INF109K01VH0;;177.8376;177.8376;177.8376;17-Nov-2013
103342;ICICI Prudential Liquid Fund - Weekly IDCW;INF109K01VS7;;100.3097;100.3097;100.3097;17-Nov-2013
103341;ICICI Prudential Liquid Fund -Monthly IDCW;INF109K01VR9;;100.5425;100.5425;100.5425;17-Nov-2013
101748;ICICI Prudential Liquid Fund - Institutional - Daily - Div;INF109K01VE7;;118.5022;118.5022;118.5022;17-Nov-2013
101753;ICICI Prudential Liquid Fund - Institutional - Weekly - Div;INF109K01VI8;;118.6104;118.6104;118.6104;17-Nov-2013
101754;ICICI Prudential Liquid Fund Retail Daily Dividend;INF109K01UR1;;118.5142;118.5142;118.5142;17-Nov-2013
101750;ICICI Prudential Liquid Fund Retail Growth;INF109K01UQ3;;291.4117;291.4117;291.4117;17-Nov-2013
101755;ICICI Prudential Liquid Fund Retail Monthly Dividend;INF109K01US9;;100.5722;100.5722;100.5722;17-Nov-2013
101752;ICICI Prudential Liquid Fund Retail Weekly Dividend;INF109K01UV3;;118.9833;118.9833;118.9833;17-Nov-2013
101751;ICICI Prudential Liquid Institutional Fund - Growth;INF109K01VF4;;298.8787;298.8787;298.8787;17-Nov-2013

IDBI Mutual Fund
118345;IDBI Liquid Fund Growth Direct;INF397L01AH3;;1330.9383;1330.9383;1330.9383;17-Nov-2013
113104;IDBI Liquid Fund- Monthly IDCW;INF397L01976;INF397L01968;1008.7948;1008.7948;1008.7948;17-Nov-2013
118449;IDBI Liquid Fund- Monthly IDCW Direct;INF397L01AK7;INF397L01AJ9;1007.2289;1007.2289;1007.2289;17-Nov-2013
113102;IDBI Liquid Fund-Daily IDCW;;INF397L01935;1002.7362;1002.7362;1002.7362;17-Nov-2013
118450;IDBI Liquid Fund-Daily IDCW Direct;;INF397L01AI1;1001.0209;1001.0209;1001.0209;17-Nov-2013
113096;IDBI Liquid Fund-Growth;INF397L01984;;1329.8930;1329.8930;1329.8930;17-Nov-2013
113103;IDBI Liquid Fund-Weekly IDCW;INF397L01950;INF397L01943;1006.9419;1006.9419;1006.9419;17-Nov-2013
118451;IDBI Liquid Fund-Weekly IDCW Direct;INF397L01AM3;INF397L01AL5;1003.1540;1003.1540;1003.1540;17-Nov-2013

Invesco Mutual Fund
122786;Invesco India Liquid Fund - Bonus Option;INF205K01UX5;;1706.4399;1706.4399;1706.4399;17-Nov-2013
104484;Invesco India Liquid Fund - Daily IDCW (Reinvestment);;INF205K01HN3;1001.0747;1001.0747;1001.0747;17-Nov-2013
120537;Invesco India Liquid Fund - Direct Plan - Growth;INF205K01MF9;;1707.2115;1707.2115;1707.2115;17-Nov-2013
120536;Invesco India Liquid Fund - Direct Plan - Monthly IDCW (Payout / Reinvestment);INF205K01MG7;INF205K01MH5;1007.6516;1007.6516;1007.6516;17-Nov-2013
120535;Invesco India Liquid Fund - Direct Plan - Weekly IDCW (Reinvestment);INF205KA1BE5;INF205K01MI3;1002.0333;1002.0333;1002.0333;17-Nov-2013
120534;Invesco India Liquid Fund - Direct Plan- Daily IDCW (Reinvestment);;INF205K01ME2;1000.7849;1000.7849;1000.7849;17-Nov-2013
104486;Invesco India Liquid Fund - Growth;INF205K01HM5;;1706.4394;1706.4394;1706.4394;17-Nov-2013
104492;Invesco India Liquid Fund - Monthly IDCW (Payout / Reinvestment);INF205K01HQ6;INF205K01HP8;1007.6168;1007.6168;1007.6168;17-Nov-2013
104488;Invesco India Liquid Fund - Regular - Growth;INF205K01HG7;;1628.4465;1628.4465;1628.4465;17-Nov-2013
104489;Invesco India Liquid Fund - Regular - Weekly IDCW (Reinvestment);;INF205K01HH5;1002.0943;1002.0943;1002.0943;17-Nov-2013
104485;Invesco India Liquid Fund - Weekly IDCW (Reinvestment);INF205KA1BD7;INF205K01HO1;1002.0248;1002.0248;1002.0248;17-Nov-2013
122787;Religare Invesco Liquid Fund - Direct Plan - Bonus Option;INF205K01VG8;;1707.2856;1707.2856;1707.2856;17-Nov-2013
104483;Religare Invesco Liquid Fund - Institutional - Daily Dividend;;INF205K01HJ1;1000.2250;1000.2250;1000.2250;17-Nov-2013
104491;Religare Invesco Liquid Fund - Institutional - Growth;INF205K01HI3;;1666.0162;1666.0162;1666.0162;17-Nov-2013

JM Financial Mutual Fund
100237;JM High Liquidity Fund-- Institutional Plan - Growth;INF192K01940;;20.4485;20.4485;20.4485;17-Nov-2013
100238;JM High Liquidity Fund-Institutional Plan - Daily Dividend;;INF192K01916;10.0159;10.0159;10.0159;17-Nov-2013
120410;JM Liquid Fund (Direct) - Bonus Option - Bonus Option - Principal units;INF192K01CN4;;10.8552;10.8552;10.8552;17-Nov-2013
120411;JM Liquid Fund (Direct) - Daily IDCW;;INF192K01CH6;10.4302;10.4302;10.4302;17-Nov-2013
120406;JM Liquid Fund (Direct) - Growth Option;INF192K01CM6;;33.8876;33.8876;33.8876;17-Nov-2013
120408;JM Liquid Fund (Direct) - Quarterly IDCW;INF192K01CK0;INF192K01CL8;19.1895;19.1895;19.1895;17-Nov-2013
120407;JM Liquid Fund (Direct) - Weekly IDCW;INF192K01CI4;INF192K01CJ2;11.0204;11.0204;11.0204;17-Nov-2013
100244;JM Liquid Fund (Regular) - Quarterly IDCW;INF192K01866;INF192K01874;19.1649;19.1649;19.1649;17-Nov-2013
100247;JM Liquid Fund (Regular) - Super Institutional Plan - Growth Option;INF192K01981;;19.4705;19.4705;19.4705;17-Nov-2013
100233;JM Liquid Fund (Regular) - Weekly IDCW;INF192K01841;INF192K01858;11.0176;11.0176;11.0176;17-Nov-2013
100234;JM Liquid Fund - Growth Option;INF192K01882;;33.8598;33.8598;33.8598;17-Nov-2013
101549;JM Liquid Fund (Regular) - Bonus Option - Principal Units;INF192K01890;;10.8421;10.8421;10.8421;17-Nov-2013
101078;JM Liquid Fund (Regular) - Daily IDCW;;INF192K01833;10.4302;10.4302;10.4302;17-Nov-2013

Kotak Mahindra Mutual Fund
119764;Kotak Liquid Fund - Direct Plan - Daily Reinvestment of Income Distribution cum capital withdrawal option;;INF174K01NH1;1222.81;1222.81;1222.81;17-Nov-2013
119766;Kotak Liquid Fund - Direct Plan - Growth;INF174K01NE8;;2519.2611;2519.2611;2519.2611;17-Nov-2013
100833;Kotak Liquid Fund - Regular  - Daily Reinvestment of Income Distribution cum capital withdrawal option;;INF174K01NL3;1222.81;1222.81;1222.81;17-Nov-2013
100835;Kotak Liquid Fund - Regular Plan - Growth;INF174K01NI9;;2518.173;2518.173;2518.173;17-Nov-2013
119765;Kotak Liquid Fund - Weekly  Payout of Income Distribution cum capital withdrawal option - Direct;INF174K01NF5;INF174K01NG3;1003.1699;1003.1699;1003.1699;17-Nov-2013
100834;Kotak Liquid Fund Regular Plan Weekly Reinvestment of Income Distribution cum capital withdrawal option Dividend;INF174K01NK5;;1001.5391;1001.5391;1001.5391;17-Nov-2013
100830;Kotak Liquid-Institutional Plan  (Growth);INF174K01FZ9;;2420.1206;2420.1206;2420.1206;17-Nov-2013
100828;Kotak Liquid-Regular (Dividend);;INF174K01FY2;1003.5764;1003.5764;1003.5764;17-Nov-2013
100829;Kotak Liquid-Regular (Growth);INF174K01NM1;;2332.1611;2332.1611;2332.1611;17-Nov-2013

L&T Mutual Fund
122235;L&T Liquid Fund - Direct Plan - Weekly IDCW;;INF917K01HE2;1001.9988;1001.9988;1001.9988;17-Nov-2013
119791;L&T Liquid Fund - Direct Plan -Daily IDCW;INF917K01HG7;;1011.9470;1011.9470;1011.9470;17-Nov-2013
119790;L&T Liquid Fund - Direct Plan -Growth;INF917K01HF9;;1702.3785;1702.3785;1702.3785;17-Nov-2013
112458;L&T Liquid Fund - Regular Plan - Weekly IDCW;INF917K01BK2;INF917K01JG3;1002.3192;1002.3192;1002.3192;17-Nov-2013
112445;L&T Liquid Fund -Regular Plan - Daily IDCW;INF917K01JB4;;1011.6349;1011.6349;1011.6349;17-Nov-2013
112457;L&T Liquid Fund -Regular Plan - Growth;INF917K01JH1;;1701.9154;1701.9154;1701.9154;17-Nov-2013
112456;L&T Liquid Fund-Cum -Institutional Plus;INF917K01BJ4;;2481.3431;2481.3431;2481.3431;17-Nov-2013
112442;L&T Liquid Fund-Regular Cumulative;INF917K01BF2;;2397.0135;2397.0135;2397.0135;17-Nov-2013

LIC Mutual Fund
120248;LIC MF Liquid Fund-Direct Plan-Daily IDCW;INF767K01DL5;INF767K01DM3;1098.0000;1098.0000;1098.0000;17-Nov-2013
120249;LIC MF Liquid Fund-Direct Plan-Growth;INF767K01DN1;;2252.1729;2252.1729;2252.1729;17-Nov-2013
101184;LIC MF Liquid Fund-Regular Plan-Daily IDCW;INF767K01IQ3;INF767K01IR1;1098.0000;1098.0000;1098.0000;17-Nov-2013
101185;LIC MF Liquid Fund-Regular Plan-Growth;INF767K01IS9;;2250.7254;2250.7254;2250.7254;17-Nov-2013

Mirae Asset Mutual Fund
118859;Mirae Asset Liquid Fund - Direct Plan - Growth;INF769K01CM1;;1320.9091;1320.9091;1320.9091;17-Nov-2013
118862;Mirae Asset Liquid Fund - Direct Plan - Weekly IDCW;INF769K01PD2;INF769K01CP4;1181.2571;1181.2571;1181.2571;17-Nov-2013
118861;Mirae Asset Liquid Fund - Direct Plan -Daily IDCW;;INF769K01CO7;1059.2322;1059.2322;1059.2322;17-Nov-2013
111647;Mirae Asset Liquid Fund - Regular - Daily IDCW;;INF769K01804;1050.9657;1050.9657;1050.9657;17-Nov-2013
111646;Mirae Asset Liquid Fund - Regular Plan - Growth;INF769K01788;;1319.3925;1319.3925;1319.3925;17-Nov-2013
111645;Mirae Asset Liquid Fund - Regular Plan - Monthly IDCW;INF769K01838;INF769K01820;1141.6523;1141.6523;1141.6523;17-Nov-2013
111644;Mirae Asset Liquid Fund - Regular Plan - Weekly IDCW;INF769K01PC4;INF769K01812;1136.8336;1136.8336;1136.8336;17-Nov-2013

Navi Mutual Fund
119163;Navi Liquid Fund - Direct Plan Daily IDCW - ReInvestment;;INF959L01GK1;10.0052;10.0052;10.0052;17-Nov-2013
119161;Navi Liquid Fund - Direct Plan Monthly IDCW - Payout;INF959L01GG9;INF959L01GH7;10.0678;10.0678;10.0678;17-Nov-2013
119162;Navi Liquid Fund - Direct Plan Weekly IDCW - Payout;INF959L01GI5;INF959L01GJ3;10.0353;10.0353;10.0353;17-Nov-2013
112645;Navi Liquid Fund - Regular Plan Daily IDCW;;INF959L01GM7;10.0052;10.0052;10.0052;17-Nov-2013
112647;Navi Liquid Fund - Regular Plan Monthly IDCW;INF959L01GN5;INF959L01GO3;10.0658;10.0658;10.0658;17-Nov-2013
112646;Navi Liquid Fund - Regular Plan Weekly IDCW;INF959L01GP0;INF959L01GQ8;10.0200;10.0200;10.0200;17-Nov-2013
119164;Navi Liquid Fund-Direct Plan-Growth Option;INF959L01GF1;;13.6110;13.6110;13.6110;17-Nov-2013
112637;Navi Liquid Fund-Institutional Plan-Dividend Option-Daily;;INF959L01197;10.0052;10.0052;10.0052;17-Nov-2013
112640;Navi Liquid Fund-Institutional Plan-Growth;INF959L01247;;13.1170;13.1170;13.1170;17-Nov-2013
112636;Navi Liquid Fund-Regular Plan-Growth Option;INF959L01GL9;;13.6055;13.6055;13.6055;17-Nov-2013
112641;Navi Liquid Fund-Retail Plan-Dividend Option-Daily;;INF959L01254;10.0052;10.0052;10.0052;17-Nov-2013
112643;Navi Liquid Fund-Retail Plan-Dividend Option-Monthly;INF959L01262;INF959L01270;10.0493;10.0493;10.0493;17-Nov-2013
112642;Navi Liquid Fund-Retail Plan-Dividend Option-Weekly;INF959L01288;INF959L01296;10.0154;10.0154;10.0154;17-Nov-2013
112644;Navi Liquid Fund-Retail Plan-Growth;INF959L01304;;12.8707;12.8707;12.8707;17-Nov-2013

Nippon India Mutual Fund
100852;NIPPON INDIA LIQUID FUND - DAILY IDCW OPTION;;INF204K01UM1;1528.7400;1528.7400;1528.7400;17-Nov-2013
118695;NIPPON INDIA LIQUID FUND - DIRECT Plan - DAILY IDCW OPTION;;INF204K01ZG2;1528.7400;1528.7400;1528.7400;17-Nov-2013
118696;NIPPON INDIA LIQUID FUND - DIRECT Plan - MONTHLY IDCW OPTION;INF204K01ZI8;INF204K01ZJ6;1599.8722;1599.8722;1599.8722;17-Nov-2013
118698;NIPPON INDIA LIQUID FUND - DIRECT Plan - QUARTERLY IDCW OPTION;INF204K01ZK4;INF204K01ZL2;1022.5930;1022.5930;1022.5930;17-Nov-2013
118700;NIPPON INDIA LIQUID FUND - DIRECT Plan - WEEKLY IDCW OPTION;INF204KC1FN6;INF204K01ZM0;1533.8716;1533.8716;1533.8716;17-Nov-2013
118701;Nippon India Liquid Fund - Direct Plan Growth Plan - Growth Option;INF204K01ZH0;;3025.3974;3025.3974;3025.3974;17-Nov-2013
100855;NIPPON INDIA LIQUID FUND - MONTHLY IDCW OPTION;INF204K01UO7;INF204K01UP4;1596.4345;1596.4345;1596.4345;17-Nov-2013
112340;NIPPON INDIA LIQUID FUND - QUARTERLY IDCW OPTION;INF204K01UQ2;INF204K01UR0;1019.5102;1019.5102;1019.5102;17-Nov-2013
100837;Nippon India Liquid Fund - Retail Option - Growth Plan;INF204K01UL3;;2916.2807;2916.2807;2916.2807;17-Nov-2013
100842;NIPPON INDIA LIQUID FUND - RETAIL Plan - DAILY IDCW OPTION;;INF204K01UJ7;1524.2800;1524.2800;1524.2800;17-Nov-2013
100843;NIPPON INDIA LIQUID FUND - RETAIL plan - MONTHLY IDCW OPTION;INF204K01UT6;INF204K01UU4;1336.4007;1336.4007;1336.4007;17-Nov-2013
100844;NIPPON INDIA LIQUID FUND - RETAIL Plan - QUARTERLY IDCW OPTION;INF204K01UV2;INF204K01UW0;1234.3944;1234.3944;1234.3944;17-Nov-2013
100838;NIPPON INDIA LIQUID FUND - RETAIL Plan - WEEKLY IDCW OPTION;;INF204K01UK5;1036.3468;1036.3468;1036.3468;17-Nov-2013
100853;NIPPON INDIA LIQUID FUND - WEEKLY IDCW OPTION;INF204KC1FM8;INF204K01US8;1533.8425;1533.8425;1533.8425;17-Nov-2013
100851;Nippon India Liquid Fund -Growth Plan;INF204K01UN9;;3023.2326;3023.2326;3023.2326;17-Nov-2013
118610;Reliance Liquid Fund - Cash Plan - Direct Plan - Growth Plan - Growth Option;;;1998.6549;1998.6549;1998.6549;17-Nov-2013
118618;Reliance Liquid Fund - Cash Plan - Direct Plan Daily Dividend Reinvestment Option;;;1114.1500;1114.1500;1114.1500;17-Nov-2013
118609;Reliance Liquid Fund - Cash Plan - Direct Plan Monthly Dividend Plan;;;1010.2597;1010.2597;1010.2597;17-Nov-2013
118612;Reliance Liquid Fund - Cash Plan - Direct Plan Quarterly Dividend Plan;;;1025.1027;1025.1027;1025.1027;17-Nov-2013
118611;Reliance Liquid Fund - Cash Plan - Direct Plan Weekly Dividend Reinvestment Option;;;1094.0463;1094.0463;1094.0463;17-Nov-2013
100849;Reliance Liquid Fund-Cash Plan-Daily Dividend Reinvestment Option;;;1114.1500;1114.1500;1114.1500;17-Nov-2013
100845;Reliance Liquid Fund-Cash Plan-Growth Plan;;;1992.3158;1992.3158;1992.3158;17-Nov-2013
114251;Reliance Liquid Fund-Cash Plan-Monthly Dividend Plan;;;1007.2842;1007.2842;1007.2842;17-Nov-2013
114252;Reliance Liquid Fund-Cash Plan-Quarterly Dividend Plan;;;1018.6919;1018.6919;1018.6919;17-Nov-2013
100848;Reliance Liquid Fund-Cash Plan-Weekly Dividend Reinvestment Option;;;1093.9442;1093.9442;1093.9442;17-Nov-2013

Principal Mutual Fund
100895;Principal Cash Management Fund - Daily Income Distribution CUM Capital Withdrawal;;INF173K01DB7;1000.1456;1000.1456;1000.1456;17-Nov-2013
119468;Principal Cash Management Fund - Direct Plan - Growth Option;INF173K01GU0;;1207.2833;1207.2833;1207.2833;17-Nov-2013
119467;Principal Cash Management Fund - Direct Plan - Income Distribution CUM Capital Withdrawal Option - Daily;;INF173K01GT2;1000.3870;1000.3870;1000.3870;17-Nov-2013
119469;Principal Cash Management Fund - Direct Plan - Income Distribution CUM Capital Withdrawal Option - Weekly;;INF173K01GY2;1007.7910;1007.7910;1007.7910;17-Nov-2013
100897;Principal Cash Management Fund - Monthly Income Distribution CUM Capital Withdrawal Option;INF173K01BV9;INF173K01BW7;1029.0957;1029.0957;1029.0957;17-Nov-2013
100896;Principal Cash Management Fund - Weekly Income Distribution CUM Capital Withdrawal Option;;INF173K01DC5;1007.0462;1007.0462;1007.0462;17-Nov-2013
119466;Principal Cash Management Fund -Direct Plan - Income Distribution CUM Capital Withdrawal Option - Monthly;INF173K01GV8;INF173K01GW6;1029.1801;1029.1801;1029.1801;17-Nov-2013
100898;Principal Cash Management Fund -Growth Option;INF173K01DA9;;1206.1964;1206.1964;1206.1964;17-Nov-2013

quant Mutual Fund
120837;quant Liquid Fund - Growth Option - Direct Plan;INF966L01820;;19.2281;19.2281;19.2281;17-Nov-2013
103225;quant Liquid Fund - Growth Option - Regular Plan;INF966L01317;;19.1933;19.1933;19.1933;17-Nov-2013
120838;quant Liquid Fund - Monthly IDCW Option - Direct Plan;INF966L01796;INF966L01812;15.1398;15.1398;15.1398;17-Nov-2013
103228;quant Liquid Fund - Monthly IDCW Option - Regular Plan;INF966L01291;INF966L01309;15.0999;15.0999;15.0999;17-Nov-2013
120839;quant Liquid Fund - Weekly IDCW Option - Direct Plan;INF966L01788;INF966L01804;13.4871;13.4871;13.4871;17-Nov-2013
103227;quant Liquid Fund - Weekly IDCW Option - Regular Plan;INF966L01499;INF966L01283;13.4871;13.4871;13.4871;17-Nov-2013
120836;quant Liquid Fund-Daily IDCW Option - Direct Plan;;INF966L01770;13.7871;13.7871;13.7871;17-Nov-2013
103226;quant Liquid Fund-Daily IDCW Option - Regular Plan;;INF966L01275;13.7492;13.7492;13.7492;17-Nov-2013

Quantum Mutual Fund
103736;Quantum Liquid Fund - Direct Plan Daily IDCW;;INF082J01135;10.0084;10.0084;10.0084;17-Nov-2013
103734;Quantum Liquid Fund - Direct Plan Growth Option;INF082J01127;;17.4998;17.4998;17.4998;17-Nov-2013
103735;Quantum Liquid Fund - Direct Plan Monthly IDCW;INF082J01143;INF082J01200;10.0634;10.0634;10.0634;17-Nov-2013

SBI Mutual Fund
119804;SBI Liquid Fund - Direct Paln - Fortnightly Income Distribution cum Capital Withdrawal Option (IDCW);INF200K01UR8;INF200K01US6;1013.9048;1013.9048;1013.9048;17-Nov-2013
119805;SBI Liquid Fund - Direct Plan - Daily Income Distribution cum Capital Withdrawal Option (IDCW);;INF200K01UQ0;1003.2500;1003.2500;1003.2500;17-Nov-2013
119799;SBI Liquid Fund - Direct Plan - Weekly Income Distribution cum Capital Withdrawal Option (IDCW);INF200K01UU2;INF200K01UV0;1061.3254;1061.3254;1061.3254;17-Nov-2013
119800;SBI Liquid Fund - DIRECT PLAN -Growth;INF200K01UT4;;1951.9847;1951.9847;1951.9847;17-Nov-2013
105274;SBI Liquid Fund - Institutional - Growth;INF200K01LU1;;1969.1496;1969.1496;1969.1496;17-Nov-2013
105275;SBI Liquid Fund - Institutional Daily Income Distribution cum Capital Withdrawal Option (IDCW);;INF200K01LR7;1003.2500;1003.2500;1003.2500;17-Nov-2013
105279;SBI Liquid Fund - Institutional Fortnightly Income Distribution cum Capital Withdrawal Option (IDCW);INF200K01LS5;INF200K01LT3;1025.2223;1025.2223;1025.2223;17-Nov-2013
105278;SBI Liquid Fund - Institutional Weekly Income Distribution cum Capital Withdrawal Option (IDCW);INF200K01LV9;INF200K01LW7;1060.6144;1060.6144;1060.6144;17-Nov-2013
105281;SBI Liquid Fund - Regular Plan - Daily Income Distribution cum Capital Withdrawal Option (IDCW);;INF200K01LX5;1003.2500;1003.2500;1003.2500;17-Nov-2013
105283;SBI Liquid Fund - Regular Plan - Fortnightly Income Distribution cum Capital Withdrawal Option (IDCW);INF200K01LY3;INF200K01LZ0;1013.8951;1013.8951;1013.8951;17-Nov-2013
105282;SBI Liquid Fund - Regular Plan - Weekly Income Distribution cum Capital Withdrawal Option (IDCW);INF200K01MB9;INF200K01MC7;1061.3239;1061.3239;1061.3239;17-Nov-2013
105280;SBI Liquid Fund - REGULAR PLAN -Growth;INF200K01MA1;;1950.8629;1950.8629;1950.8629;17-Nov-2013

Sundaram Mutual Fund
119690;Sundaram Money Fund Direct Plan - Bonus;INF903J01RL8;;16.0361;16.0361;16.0361;17-Nov-2013
119688;Sundaram Money Fund Direct Plan - Daily Reinvestment of Income Distribution cum Capital Withdrawal (IDCW);;INF903J01QA3;10.1025;10.1025;10.1025;17-Nov-2013
119692;Sundaram Money Fund Direct Plan - Fortnightly Reinvestment of Income Distribution cum Capital Withdrawal (IDCW);;INF903J01QB1;25.2948;25.2948;25.2948;17-Nov-2013
119686;Sundaram Money Fund Direct Plan - Growth;INF903J01QF2;;26.1865;26.1865;26.1865;17-Nov-2013
119687;Sundaram Money Fund Direct Plan - Monthly Income Distribution cum Capital Withdrawal (IDCW);INF903J01QC9;INF903J01QD7;10.5667;10.5667;10.5667;17-Nov-2013
119689;Sundaram Money Fund Direct Plan - Quarterly Reinvestment of Income Distribution cum Capital Withdrawal (IDCW);;INF903J01QE5;13.4816;13.4816;13.4816;17-Nov-2013
119691;Sundaram Money Fund Direct Plan - Weekly Reinvestment of Income Distribution cum Capital Withdrawal (IDCW);;INF903J01QG0;11.3706;11.3706;11.3706;17-Nov-2013
102701;Sundaram Money Fund Institutional Plan - Daily Reinvestment of Income Distribution cum Capital Withdrawal (IDCW);;INF903J01GP2;10.0953;10.0953;10.0953;17-Nov-2013
102703;Sundaram Money Fund Institutional Plan - Growth;INF903J01GN7;;25.5269;25.5269;25.5269;17-Nov-2013
118328;Sundaram Money Fund Regular Plan - Bonus;INF903J01MB0;;16.0269;16.0269;16.0269;17-Nov-2013
103392;Sundaram Money Fund Regular Plan - Daily Reinvestment of Income Distribution cum Capital Withdrawal (IDCW);;INF903J01GW8;10.0953;10.0953;10.0953;17-Nov-2013
103395;Sundaram Money Fund Regular Plan - Fortnightly Reinvestment of Income Distribution cum Capital Withdrawal (IDCW);;INF903J01GY4;10.7317;10.7317;10.7317;17-Nov-2013
103397;Sundaram Money Fund Regular Plan - Growth;INF903J01GU2;;26.1768;26.1768;26.1768;17-Nov-2013
103396;Sundaram Money Fund Regular Plan - Monthly Income Distribution cum Capital Withdrawal (IDCW);INF903J01GV0;INF903J01GZ1;10.4268;10.4268;10.4268;17-Nov-2013
103393;Sundaram Money Fund Regular Plan - Quarterly Reinvestment of Income Distribution cum Capital Withdrawal (IDCW);;INF903J01HA2;13.4790;13.4790;13.4790;17-Nov-2013
100620;Sundaram Money Fund Retail Plan - Daily Reinvestment of Income Distribution cum Capital Withdrawal (IDCW);;INF903J01GI7;10.0953;10.0953;10.0953;17-Nov-2013
100622;Sundaram Money Fund Retail Plan - Fortnightly Reinvestment of Income Distribution cum Capital Withdrawal (IDCW);;INF903J01GK3;10.6812;10.6812;10.6812;17-Nov-2013
100618;Sundaram Money Fund Retail Plan - Growth;INF903J01GG1;;24.4621;24.4621;24.4621;17-Nov-2013
100623;Sundaram Money Fund Retail Plan - Monthly Income Distribution cum Capital Withdrawal (IDCW);INF903J01GH9;INF903J01GL1;10.4397;10.4397;10.4397;17-Nov-2013
100619;Sundaram Money Fund Retail Plan - Quarterly Reinvestment of Income Distribution cum Capital Withdrawal (IDCW);;INF903J01GM9;13.6893;13.6893;13.6893;17-Nov-2013
100621;Sundaram Money Fund Retail Plan - Weekly Reinvestment of Income Distribution cum Capital Withdrawal (IDCW);;INF903J01GJ5;11.0957;11.0957;11.0957;17-Nov-2013
103394;Sundaram Money Fund Regular Plan - Weekly Reinvestment of Income Distribution cum Capital Withdrawal (IDCW);;INF903J01GX6;11.1365;11.1365;11.1365;17-Nov-2013

Tata Mutual Fund
102672;Tata Liquid Fund -Regular Plan - Growth Option;INF277K01YD8;;19.5273;19.5273;19.5273;17-Nov-2013
119862;Tata Liquid Fund- Direct Plan - Daily Reinvestment of IDCW Option;;INF277K012D2;10.0152;10.0152;10.0152;17-Nov-2013
119861;Tata Liquid Fund- Direct Plan-Growth Option;INF277K01YE6;;19.5509;19.5509;19.5509;17-Nov-2013
101714;Tata Liquid Fund- Regular Plan - Daily Reinvestment of IDCW Option;;INF277K011D4;10.0152;10.0152;10.0152;17-Nov-2013

Taurus Mutual Fund
111915;Taurus Liquid Fund - Regular Plan - SI Growth Option;INF044D01534;;1340.9038;1340.9038;1340.9038;17-Nov-2013
113248;Taurus Liquid Fund - Regular Plan - SI Weekly Dividend Option;;INF044D01526;1000.7667;1000.7667;1000.7667;17-Nov-2013
111703;Taurus Liquid Fund - Regular Plan -SI Daily Dividend Option;;INF044D01518;1000.2620;1000.2620;1000.2620;17-Nov-2013
111547;Taurus Liquid Fund Insti DDRIP;;INF044D01484;1000.0905;1000.0905;1000.0905;17-Nov-2013
111760;Taurus Liquid Fund Insti Growth;INF044D01500;;1364.6907;1364.6907;1364.6907;17-Nov-2013
118891;Taurus Liquid Fund-Direct Plan-SI Daily Dividend Option;;INF044D01DI0;1000.2620;1000.2620;1000.2620;17-Nov-2013
118893;Taurus Liquid Fund-Direct Plan-SI Growth Option;INF044D01DK6;;1341.5094;1341.5094;1341.5094;17-Nov-2013
118892;Taurus Liquid Fund-Direct Plan-SI Weekly Dividend Option;;INF044D01DJ8;1000.7802;1000.7802;1000.7802;17-Nov-2013
104240;Taurus Liquid Fund-Dividend;INF044D01542;INF044D01559;1001.2175;1001.2175;1001.2175;17-Nov-2013
104241;Taurus Liquid Fund-Growth;INF044D01575;;1609.4904;1609.4904;1609.4904;17-Nov-2013

Union Mutual Fund
115401;Union Liquid Fund - Daily IDCW Option;;INF582M01021;1000.6489;1000.6489;1000.6489;17-Nov-2013
119301;Union Liquid Fund - Direct Plan - Daily IDCW Option;;INF582M01682;1000.6506;1000.6506;1000.6506;17-Nov-2013
119305;Union Liquid Fund - Direct Plan - Fortnightly IDCW Option;INF582M01724;INF582M01708;1001.7725;1001.7725;1001.7725;17-Nov-2013
119303;Union Liquid Fund - Direct Plan - Growth Option;INF582M01674;;1244.4737;1244.4737;1244.4737;17-Nov-2013
119302;Union Liquid Fund - Direct Plan - Monthly IDCW Option;INF582M01732;INF582M01716;1005.9439;1005.9439;1005.9439;17-Nov-2013
119304;Union Liquid Fund - Direct Plan - Weekly IDCW Option;;INF582M01690;1001.7725;1001.7725;1001.7725;17-Nov-2013
115399;Union Liquid Fund - Fortnightly IDCW Option;INF582M01062;INF582M01047;1001.7698;1001.7698;1001.7698;17-Nov-2013
115398;Union Liquid Fund - Growth Option;INF582M01013;;1243.8891;1243.8891;1243.8891;17-Nov-2013
115400;Union Liquid Fund - Monthly IDCW Option;INF582M01070;INF582M01054;1005.9092;1005.9092;1005.9092;17-Nov-2013
115402;Union Liquid Fund - Weekly IDCW Option;;INF582M01039;1001.7642;1001.7642;1001.7642;17-Nov-2013

UTI Mutual Fund
120558;UTI Liquid Fund - Direct Plan - Daily IDCW (Reinvestment);;INF789F01XP8;1019.4457;1019.4457;1019.4457;17-Nov-2013
120794;UTI Liquid Fund - Direct Plan - Monthly IDCW;INF789F01XR4;INF789F01XS2;1029.4146;1029.4146;1029.4146;17-Nov-2013
120777;UTI Liquid Fund - Direct Plan - Weekly IDCW;;INF789F01XT0;1054.0918;1054.0918;1054.0918;17-Nov-2013
102010;UTI Liquid Fund - Regular Plan - Daily IDCW (Reinvestment);;INF789F01PG3;1019.4457;1019.4457;1019.4457;17-Nov-2013
102011;UTI Liquid Fund - Regular Plan - Monthly IDCW;INF789F01PI9;INF789F01PJ7;1029.3694;1029.3694;1029.3694;17-Nov-2013
102013;UTI Liquid Fund - Regular Plan - Weekly IDCW;;INF789F01PK5;1054.0774;1054.0774;1054.0774;17-Nov-2013
120304;UTI-  Liquid Cash Plan - Direct Plan - Growth Option;INF789F01XQ6;;2035.4338;2035.4338;2035.4338;17-Nov-2013
102012;UTI-  Liquid Cash Plan - Regular Plan - Growth Option;INF789F01PH1;;2033.6468;2033.6468;2033.6468;17-Nov-2013
102008;UTI-  Liquid Cash Plan- Discontinued - Regular Plan - Monthly Dividend Option;INF789F01BC2;INF789F01BA6;1139.738;1139.738;0;17-Nov-2013
102009;UTI-  Liquid Cash Plan- Discontinued - Regular Plan -Growth;INF789F01BB4;;1964.327;1964.327;0;17-Nov-2013
102007;UTI-  Liquid Cash Plan- Discontinued -Regular Plan Periodic Dividend Option;;INF789F01AZ5;1135.9704;1135.9704;0;17-Nov-2013

Open Ended Schemes ( Debt Scheme - Ultra Short Duration Fund )


Principal Mutual Fund
119475;Principal Ultra Short Term Fund- Direct Plan - Income Distribution CUM Capital Withdrawal Option - Monthly;INF173K01HK9;INF173K01HJ1;1065.8913;1060.5618;1065.8913;17-Nov-2013
119474;Principal Ultra Short Term Fund- Direct Plan -Growth Option;INF173K01HI3;;1397.3005;1390.3140;1397.3005;17-Nov-2013
107329;Principal Ultra Short Term Fund-Daily Income Distribution CUM Capital Withdrawal Option;;INF173K01CV7;1005.4300;1000.4029;1005.4300;17-Nov-2013
107328;Principal Ultra Short Term Fund-Growth Option;INF173K01CU9;;1396.0781;1389.0977;1396.0781;17-Nov-2013
107330;Principal Ultra Short Term Fund-Monthly Income Distribution CUM Capital Withdrawal Option;INF173K01CB9;INF173K01CC7;1065.7804;1060.4515;1065.7804;17-Nov-2013
107332;Principal Ultra Short Term Fund-Weekly Income Distribution CUM Capital Withdrawal Option;;INF173K01CW5;1013.1307;1008.0650;1013.1307;17-Nov-2013

SBI Mutual Fund
119784;SBI Ultra Short Duration Fund - Direct Plan - Daily Income Distribution cum Capital Withdrawal Option (IDCW);;INF200K01TG3;1675.0300;1673.3550;1675.0300;17-Nov-2013
119828;SBI ULTRA SHORT DURATION FUND - DIRECT PLAN - GROWTH;INF200K01TF5;;2747.3866;2744.6392;2747.3866;17-Nov-2013
119829;SBI Ultra Short Duration Fund - Direct Plan - Weekly Income Distribution cum Capital Withdrawal Option (IDCW);INF200K01TH1;INF200K01TI9;1077.8592;1076.7813;1077.8592;17-Nov-2013
105080;SBI Ultra Short Duration Fund - Regular Plan - Daily Income Distribution cum Capital Withdrawal Option (IDCW);;INF200K01LK2;1675.0300;1673.3550;1675.0300;17-Nov-2013
100641;SBI ULTRA SHORT DURATION FUND - REGULAR PLAN - GROWTH;INF200K01LJ4;;2745.8747;2743.1288;2745.8747;17-Nov-2013
103884;SBI Ultra Short Duration Fund - Regular Plan - Weekly Income Distribution cum Capital Withdrawal Option (IDCW);INF200K01LM8;INF200K01LL0;1077.8563;1076.7784;1077.8563;17-Nov-2013

Open Ended Schemes ( Debt Scheme - Money Market Fund )


Aditya Birla Sun Life Mutual Fund
101973;Aditya Birla Sun Life Money Manager Fund - Daily IDCW;;INF209K01SZ6;100.0200;100.0200;100.0200;17-Nov-2013
119513;Aditya Birla Sun Life Money Manager Fund - Direct - daily IDCW;;INF209K01UT5;100.0200;100.0200;100.0200;17-Nov-2013
119512;Aditya Birla Sun Life Money Manager Fund - Direct - weekly IDCW;INF209K01UV1;INF209KA1LM3;100.3087;100.3087;100.3087;17-Nov-2013
101976;Aditya Birla Sun Life Money Manager Fund - Growth;INF209K01RV7;;165.0745;165.0745;165.0745;17-Nov-2013
119511;Aditya Birla Sun Life Money Manager Fund - Growth - Direct Plan;INF209K01UU3;;165.1283;165.1283;165.1283;17-Nov-2013
101972;Aditya Birla Sun Life Money Manager Fund - Retail - Daily IDCW;;INF209K01JZ5;100.0150;100.0150;100.0150;17-Nov-2013
101970;Aditya Birla Sun Life Money Manager Fund - RETAIL - WEEKLY IDCW;;INF209K01JY8;103.9771;103.9771;103.9771;17-Nov-2013
101971;Aditya Birla Sun Life Money Manager Fund - Retail Growth;INF209K01MJ3;;203.6293;203.6293;203.6293;17-Nov-2013
101974;Aditya Birla Sun Life Money Manager Fund - WEEKLY IDCW;;INF209K01SY9;100.3073;100.3073;100.3073;17-Nov-2013

HDFC Mutual Fund
101994;HDFC Money Market Fund - Daily IDCW Option;;INF179KB1IG6;10.6364;10.6364;10.6364;17-Nov-2013
119093;HDFC Money Market Fund - Daily IDCW Option - Direct Plan;;INF179KB1HZ8;10.6364;10.6364;10.6364;17-Nov-2013
101993;HDFC Money Market Fund - Growth Option;INF179KB1HR5;;25.9194;25.9194;25.9194;17-Nov-2013
119092;HDFC Money Market Fund - Growth Option - Direct Plan;INF179KB1HU9;;25.9329;25.9329;25.9329;17-Nov-2013
101995;HDFC Money Market Fund - Weekly IDCW Option;INF179KB1IH4;INF179KB1II2;10.649;10.649;10.649;17-Nov-2013
119094;HDFC Money Market Fund - Weekly IDCW Option -Direct Plan;INF179KB1IA9;INF179KB1IB7;10.6491;10.6491;10.6491;17-Nov-2013

ICICI Prudential Mutual Fund
115328;ICICI Prudential Money Market Fund Dividend;INF109K01I72;;100.1098;100.1098;100.1098;17-Nov-2013
120209;ICICI Prudential Money Market Fund Option - Direct Plan -  Daily IDCW;;INF109K01R22;100.1435;100.1435;100.1435;17-Nov-2013
120210;ICICI Prudential Money Market Fund Option - Direct Plan -  Fortnightly IDCW;INF109K01R55;;100.6634;100.6634;100.6634;17-Nov-2013
120211;ICICI Prudential Money Market Fund Option - Direct Plan -  Growth;INF109K01R14;;171.6590;171.6590;171.6590;17-Nov-2013
120213;ICICI Prudential Money Market Fund Option - Direct Plan -  Monthly IDCW;INF109K01R63;INF109K01R71;100.8564;100.8564;100.8564;17-Nov-2013
120212;ICICI Prudential Money Market Fund Option - Direct Plan -  Weekly IDCW;INF109K01R89;;100.5095;100.5095;100.5095;17-Nov-2013
101221;ICICI Prudential Money Market Fund Retail Growth (erstwhile Cash Option);INF109K01TW3;;194.1168;194.1168;194.1168;17-Nov-2013
103634;ICICI Prudential Money Market Fund Option - Daily IDCW;INF109K01TY9;;100.1295;100.1295;100.1295;17-Nov-2013
103633;ICICI Prudential Money Market Fund Option - Growth;INF109K01TX1;;171.5772;171.5772;171.5772;17-Nov-2013
103637;ICICI Prudential Money Market Fund Option - Monthly IDCW;INF109K01UC3;INF109K01UB5;100.7068;100.7068;100.7068;17-Nov-2013
103635;ICICI Prudential Money Market Fund Option - Weekly IDCW;INF109K01TZ6;;100.2075;100.2075;100.2075;17-Nov-2013
103636;ICICI Prudential Money Market Fund Option -Fortnightly IDCW;INF109K01UA7;;100.2773;100.2773;100.2773;17-Nov-2013

Kotak Mahindra Mutual Fund
106842;Kotak Money Market Fund - (Daily Reinvestment of Income Distribution cum capital withdrawal option);INF174K01ND0;;1011.62;1011.62;1011.62;17-Nov-2013
119745;Kotak Money Market Fund - (Daily Reinvestment of Income Distribution cum capital withdrawal option) - Direct;INF174K01MZ5;;1011.62;1011.62;1011.62;17-Nov-2013
101893;Kotak Money Market Fund - (Growth);INF174K01NA6;;2034.472;2034.472;2034.472;17-Nov-2013
119746;Kotak Money Market Fund - (Growth) - Direct;INF174K01MW2;;2035.3691;2035.3691;2035.3691;17-Nov-2013
101892;Kotak Money market Fund - (Monthly Payout of Income Distribution cum capital withdrawal option);INF174K018O0;INF174K01NB4;1002.6112;1002.6112;1002.6112;17-Nov-2013
119747;Kotak Money Market Fund - (Monthly Payout of Income Distribution cum capital withdrawal option) - Direct;INF174K019O8;INF174K01MX0;1007.9275;1007.9275;1007.9275;17-Nov-2013
101894;Kotak Money Market Fund - (Weekly Reinvestment of Income Distribution cum capital withdrawal option);INF174K01NC2;;1013.501;1013.501;1013.501;17-Nov-2013
119748;Kotak Money Market Fund - (Weekly Reinvestment of Income Distribution cum capital withdrawal option) - Direct;INF174K01MY8;;1015.171;1015.171;1015.171;17-Nov-2013

Nippon India Mutual Fund
103050;NIPPON INDIA MONEY MARKET FUND - DAILY IDCW Option;;INF204K01UY6;1000.5100;1000.5100;1000.5100;17-Nov-2013
118718;NIPPON INDIA MONEY MARKET FUND - DIRECT Plan - DAILY IDCW Option;;INF204K01ZN8;1000.5100;1000.5100;1000.5100;17-Nov-2013
118720;NIPPON INDIA MONEY MARKET FUND - DIRECT Plan - MONTHLY IDCW Option;INF204K01ZQ1;INF204K01ZR9;1007.7743;1007.7743;1007.7743;17-Nov-2013
118717;NIPPON INDIA MONEY MARKET FUND - DIRECT Plan - WEEKLY IDCW Option;;INF204K01ZO6;1002.6633;1002.6633;1002.6633;17-Nov-2013
118715;Nippon India Money Market Fund - Direct Plan Growth Plan - Bonus Option;INF204K01G11;;1100.1389;1100.1389;1100.1389;17-Nov-2013
118719;Nippon India Money Market Fund - Direct Plan Growth Plan - Growth Option;INF204K01ZP3;;1870.9115;1870.9115;1870.9115;17-Nov-2013
103052;NIPPON INDIA MONEY MARKET FUND - MONTHLY IDCW Option;INF204K01VB2;INF204K01VC0;1007.5141;1007.5141;1007.5141;17-Nov-2013
112341;NIPPON INDIA MONEY MARKET FUND - QUARTERLY IDCW Option;INF204K01VD8;INF204K01VE6;1019.4188;1019.4188;1019.4188;17-Nov-2013
103051;NIPPON INDIA MONEY MARKET FUND - WEEKLY IDCW Option;;INF204K01UZ3;1002.6435;1002.6435;1002.6435;17-Nov-2013
103049;Nippon India Money Market Fund-Growth Plan-Bonus Option;INF204K01UX8;;1099.3850;1099.3850;1099.3850;17-Nov-2013
103048;Nippon India Money Market Fund-Growth Plan-Growth Option;INF204K01VA4;;1869.5294;1869.5294;1869.5294;17-Nov-2013

Tata Mutual Fund
119423;Tata Liquid Fund- Direct Plan- Monthly Dividend;INF277K01PS4;INF277K01PT2;1004.3698;1004.3698;1004.3698;17-Nov-2013
119422;Tata Liquid Fund- Direct Plan- Weekly Dividend;INF277K013C2;;1001.9617;1001.9617;1001.9617;17-Nov-2013
119421;Tata Money Market Fund- Direct Plan - Daily Reinvestment of IDCW Option;;INF277K011C6;1114.5200;1114.5200;1114.5200;17-Nov-2013
119424;Tata Money Market Fund- Direct Plan- Growth Option;INF277K01PR6;;2292.7868;2292.7868;2292.7868;17-Nov-2013
101986;Tata Money Market Fund- Regular Plan - Daily Reinvestment of IDCW Option;;INF277K014C0;1114.5200;1114.5200;1114.5200;17-Nov-2013
101847;Tata Money Market Fund-Regular Plan - Growth Option;INF277K01LQ7;;2291.1169;2291.1169;2291.1169;17-Nov-2013

UTI Mutual Fund
120299;UTI MMF - Direct Plan - Growth Option;INF789F01XV6;;1390.7346;1390.7346;1390.7346;17-Nov-2013
112077;UTI MMF - Regular Plan - Growth Option;INF789F01PX8;;1389.514;1389.514;1389.514;17-Nov-2013
100724;UTI MMF- Discontinued - Regular Plan - Flexi Dividend Option;;INF789F01BD0;2003.8523;2003.8523;0;17-Nov-2013
100725;UTI MMF- Discontinued - Regular Plan - Periodic Dividend Option;INF789F01BE8;;1994.401;1994.401;0;17-Nov-2013
100723;UTI MMF-Discontinued - Regular Plan -Growth;INF789F01BF5;;3398.6573;3398.6573;0;17-Nov-2013
120772;UTI Money Market Fund - Direct Plan - Daily IDCW (Reinvestment);;INF789F01XU8;1003.3854;1003.3854;1003.3854;17-Nov-2013
120793;UTI Money Market Fund - Direct Plan - Weekly IDCW;INF789F01XW4;INF789F01XX2;1015.5974;1015.5974;1015.5974;17-Nov-2013
112076;UTI Money Market Fund - Regular Plan - Daily IDCW (Reinvestment);;INF789F01PW0;1003.3854;1003.3854;1003.3854;17-Nov-2013
112635;UTI Money Market Fund - Regular Plan - Weekly IDCW;INF789F01PY6;INF789F01PZ3;1015.5834;1015.5834;1015.5834;17-Nov-2013

Open Ended Schemes ( Debt Scheme - Floater Fund )


Franklin Templeton Mutual Fund
118508;Franklin India Floating Rate Fund - Direct - Growth;INF090I01LK1;;20.0510;20.0510;20.0510;17-Nov-2013
118507;Franklin India Floating Rate Fund - Direct - IDCW ;INF090I01LL9;;10.0095;10.0095;10.0095;17-Nov-2013
101048;Franklin India Floating Rate Fund - Growth Plan;INF090I01LM7;;19.9525;19.9525;19.9525;17-Nov-2013
101044;Franklin India Floating Rate Fund - IDCW ;INF090I01LN5;;10.0085;10.0085;10.0085;17-Nov-2013

Close Ended Schemes ( Income )


SBI Mutual Fund
114781;SBI Capital Protection Oriented Fund - Series II -;INF200K01ED2;;11.9653;N.A.;N.A.;17-Nov-2013
115824;SBI Capital Protection Oriented Fund - Series III - Growth;INF200K01IH4;;11.7134;N.A.;N.A.;17-Nov-2013
121468;SBI DEBT FUND SERIES - 13 MONTHS - 14 - DIRECT PLAN - DIVIDEND;INF200K01WZ7;;N.A.;N.A.;N.A.;17-Nov-2013
121469;SBI DEBT FUND SERIES - 13 MONTHS - 14 - DIRECT PLAN - GROWTH;INF200K01WY0;;10.6189;N.A.;N.A.;17-Nov-2013
121470;SBI DEBT FUND SERIES - 13 MONTHS - 14 - REGULAR PLAN - DIVIDEND;INF200K01WX2;;10.6114;N.A.;N.A.;17-Nov-2013
121471;SBI DEBT FUND SERIES - 13 MONTHS - 14 - REGULAR PLAN - GROWTH;INF200K01WW4;;10.6114;N.A.;N.A.;17-Nov-2013
121695;SBI DEBT FUND SERIES - 13 MONTHS - 15 - DIRECT PLAN - DIVIDEND;INF200K01XD2;;10.5981;N.A.;N.A.;17-Nov-2013
121696;SBI DEBT FUND SERIES - 13 MONTHS - 15 - REGULAR PLAN - DIVIDEND;INF200K01XB6;;10.5944;N.A.;N.A.;17-Nov-2013
121697;SBI DEBT FUND SERIES - 13 MONTHS - 15 - REGULAR PLAN - GROWTH;INF200K01XA8;;10.5950;N.A.;N.A.;17-Nov-2013
121698;SBI DEBT FUND SERIES - 13 MONTHS - 15- DIRECT PLAN - GROWTH;INF200K01XC4;;10.5981;N.A.;N.A.;17-Nov-2013
121305;SBI DEBT FUND SERIES - 14 MONTHS - 1 - DIRECT PLAN - DIVIDEND;INF200K01XH3;;10.6498;N.A.;N.A.;17-Nov-2013
121306;SBI DEBT FUND SERIES - 14 MONTHS - 1 - DIRECT PLAN - GROWTH;INF200K01XG5;;10.6497;N.A.;N.A.;17-Nov-2013
121303;SBI DEBT FUND SERIES - 14 MONTHS - 1 - REGULAR PLAN - DIVIDEND;INF200K01XF7;;10.6420;N.A.;N.A.;17-Nov-2013
121304;SBI DEBT FUND SERIES - 14 MONTHS - 1 - REGULAR PLAN - GROWTH;INF200K01XE0;;10.6420;N.A.;N.A.;17-Nov-2013
122015;SBI DEBT FUND SERIES - 14 MONTHS - 2 - DIRECT PLAN - DIVIDEND;INF200K01XL5;;10.5287;N.A.;N.A.;17-Nov-2013
122017;SBI DEBT FUND SERIES - 14 MONTHS - 2 - DIRECT PLAN - GROWTH;INF200K01XK7;;10.5287;N.A.;N.A.;17-Nov-2013
122016;SBI DEBT FUND SERIES - 14 MONTHS - 2 - REGULAR PLAN - DIVIDEND;INF200K01XJ9;;10.5253;N.A.;N.A.;17-Nov-2013
122018;SBI DEBT FUND SERIES - 14 MONTHS - 2 - REGULAR PLAN - GROWTH;INF200K01XI1;;10.5253;N.A.;N.A.;17-Nov-2013
117983;SBI DEBT FUND SERIES - 18 MONTHS - 11 - DIVIDEND;INF200K01PW8;;10.8784;N.A.;N.A.;17-Nov-2013
117984;SBI DEBT FUND SERIES - 18 MONTHS - 11 - GROWTH;INF200K01PV0;;10.8784;N.A.;N.A.;17-Nov-2013
125008;SBI DEBT FUND SERIES - 18 MONTHS - 12 - DIRECT PLAN - DIVIDEND;INF200KA1BL5;;10.0080;N.A.;N.A.;17-Nov-2013
125005;SBI DEBT FUND SERIES - 18 MONTHS - 12 - DIRECT PLAN - GROWTH;INF200KA1BK7;;10.0080;N.A.;N.A.;17-Nov-2013
125006;SBI DEBT FUND SERIES - 18 MONTHS - 12 - REGULAR PLAN - DIVIDEND;INF200KA1BJ9;;10.0056;N.A.;N.A.;17-Nov-2013
125007;SBI DEBT FUND SERIES - 18 MONTHS - 12 - REGULAR PLAN - GROWTH;INF200KA1BI1;;10.0056;N.A.;N.A.;17-Nov-2013
123474;SBI DEBT FUND SERIES - 180 DAYS - 26 - DIRECT PLAN - DIVIDEND;INF200K01YH1;;10.3024;N.A.;N.A.;17-Nov-2013
123477;SBI DEBT FUND SERIES - 180 DAYS - 26 - DIRECT PLAN - GROWTH;INF200K01YG3;;10.3024;N.A.;N.A.;17-Nov-2013
123475;SBI DEBT FUND SERIES - 180 DAYS - 26 - REGULAR PLAN - DIVIDEND;INF200K01KA5;;10.3010;N.A.;N.A.;17-Nov-2013
123476;SBI DEBT FUND SERIES - 180 DAYS - 26 - REGULAR PLAN - GROWTH;INF200K01JZ4;;10.3010;N.A.;N.A.;17-Nov-2013
115263;SBI SDFS - 36 MONTHS - 1 - DIVIDEND;INF200K01EC4;;11.0679;N.A.;N.A.;17-Nov-2013
115262;SBI SDFS - 36 MONTHS - 1 - GROWTH;INF200K01EB6;;12.5161;N.A.;N.A.;17-Nov-2013
120908;SBI DEBT FUND SERIES - 36 MONTHS - 2 - DIRECT PLAN - DIVIDEND;INF200K01QM7;;10.5501;N.A.;N.A.;17-Nov-2013
120911;SBI DEBT FUND SERIES - 36 MONTHS - 2 - DIRECT PLAN - GROWTH;INF200K01QL9;;10.5501;N.A.;N.A.;17-Nov-2013
120909;SBI DEBT FUND SERIES - 36 MONTHS - 2 - REGULAR PLAN - DIVIDEND;INF200K01QH7;;10.5003;N.A.;N.A.;17-Nov-2013
120910;SBI DEBT FUND SERIES - 36 MONTHS - 2 - REGULAR PLAN - GROWTH;INF200K01QG9;;10.5003;N.A.;N.A.;17-Nov-2013
123647;SBI DEBT FUND SERIES - 36 MONTHS - 4 - DIRECT PLAN - DIVIDEND;INF200KA1KF8;;10.3093;N.A.;N.A.;17-Nov-2013
123649;SBI DEBT FUND SERIES - 36 MONTHS - 4 - DIRECT PLAN - GROWTH;INF200KA1KE1;;10.3093;N.A.;N.A.;17-Nov-2013
123648;SBI DEBT FUND SERIES - 36 MONTHS - 4 - REGULAR PLAN - DIVIDEND;INF200KA1KD3;;10.3053;N.A.;N.A.;17-Nov-2013
123650;SBI DEBT FUND SERIES - 36 MONTHS - 4 - REGULAR PLAN - GROWTH;INF200KA1KC5;;10.3053;N.A.;N.A.;17-Nov-2013
124000;SBI DEBT FUND SERIES - 36 MONTHS - 5 - DIRECT PLAN - DIVIDEND;INF200K01D91;;N.A.;N.A.;N.A.;17-Nov-2013
124001;SBI DEBT FUND SERIES - 36 MONTHS - 5 - DIRECT PLAN - GROWTH;INF200K01D83;;10.1610;N.A.;N.A.;17-Nov-2013
124003;SBI DEBT FUND SERIES - 36 MONTHS - 5 - REGULAR PLAN - DIVIDEND;INF200K01D75;;10.1578;N.A.;N.A.;17-Nov-2013
124002;SBI DEBT FUND SERIES - 36 MONTHS - 5 - REGULAR PLAN - GROWTH;INF200K01D67;;10.1578;N.A.;N.A.;17-Nov-2013
124373;SBI DEBT FUND SERIES - 36 MONTHS - 6 - DIRECT PLAN - DIVIDEND;INF200KA1KZ6;;10.1139;N.A.;N.A.;17-Nov-2013
124374;SBI DEBT FUND SERIES - 36 MONTHS - 6 - DIRECT PLAN - GROWTH;INF200KA1KY9;;10.1139;N.A.;N.A.;17-Nov-2013
124375;SBI DEBT FUND SERIES - 36 MONTHS - 6 - REGULAR PLAN - DIVIDEND;INF200KA1KX1;;10.1071;N.A.;N.A.;17-Nov-2013
124376;SBI DEBT FUND SERIES - 36 MONTHS - 6 - REGULAR PLAN - GROWTH;INF200KA1KW3;;10.1071;N.A.;N.A.;17-Nov-2013
118011;SBI DEBT FUND SERIES - 366 DAYS - 18 - DIVIDEND;INF200K01PM9;;10.8314;N.A.;N.A.;17-Nov-2013
118012;SBI DEBT FUND SERIES - 366 DAYS - 18 - GROWTH;INF200K01PL1;;10.8314;N.A.;N.A.;17-Nov-2013
118218;SBI DEBT FUND SERIES - 366 DAYS - 19 - DIVIDEND;INF200K01PO5;;10.7936;N.A.;N.A.;17-Nov-2013
118219;SBI DEBT FUND SERIES - 366 DAYS - 19 - GROWTH;INF200K01PN7;;10.7936;N.A.;N.A.;17-Nov-2013
118352;SBI DEBT FUND SERIES - 366 DAYS - 20 - DIVIDEND;INF200K01PQ0;;10.7442;N.A.;N.A.;17-Nov-2013
118351;SBI DEBT FUND SERIES - 366 DAYS - 20 - GROWTH;INF200K01PP2;;10.7435;N.A.;N.A.;17-Nov-2013
118333;SBI DEBT FUND SERIES - 366 DAYS - 21 - DIVIDEND;INF200K01PS6;;10.7513;N.A.;N.A.;17-Nov-2013
118334;SBI DEBT FUND SERIES - 366 DAYS - 21 - GROWTH;INF200K01PR8;;10.7572;N.A.;N.A.;17-Nov-2013
121395;SBI DEBT FUND SERIES - 366 DAYS - 22 - DIRECT PLAN - DIVIDEND;INF200K01YP4;;N.A.;N.A.;N.A.;17-Nov-2013
121396;SBI DEBT FUND SERIES - 366 DAYS - 22 - DIRECT PLAN - GROWTH;INF200K01YO7;;10.6567;N.A.;N.A.;17-Nov-2013
121397;SBI DEBT FUND SERIES - 366 DAYS - 22 - REGULAR PLAN - DIVIDEND;INF200K01PU2;;10.6489;N.A.;N.A.;17-Nov-2013
121398;SBI DEBT FUND SERIES - 366 DAYS - 22 - REGULAR PLAN - GROWTH;INF200K01PT4;;10.6489;N.A.;N.A.;17-Nov-2013
121923;SBI DEBT FUND SERIES - 366 DAYS - 23 - DIRECT PLAN - DIVIDEND;INF200K01VX4;;10.5567;N.A.;N.A.;17-Nov-2013
121924;SBI DEBT FUND SERIES - 366 DAYS - 23 - DIRECT PLAN - GROWTH;INF200K01VW6;;10.5567;N.A.;N.A.;17-Nov-2013
121926;SBI DEBT FUND SERIES - 366 DAYS - 23 - REGULAR PLAN - DIVIDEND;INF200K01VV8;;10.5532;N.A.;N.A.;17-Nov-2013
121925;SBI DEBT FUND SERIES - 366 DAYS - 23 - REGULAR PLAN - GROWTH;INF200K01VU0;;10.5532;N.A.;N.A.;17-Nov-2013
122011;SBI DEBT FUND SERIES - 366 DAYS - 24 - DIRECT PLAN - DIVIDEND;INF200K01WB8;;10.5364;N.A.;N.A.;17-Nov-2013
122012;SBI DEBT FUND SERIES - 366 DAYS - 24 - DIRECT PLAN - GROWTH;INF200K01WA0;;10.5362;N.A.;N.A.;17-Nov-2013
122013;SBI DEBT FUND SERIES - 366 DAYS - 24 - REGULAR PLAN - DIVIDEND;INF200K01VZ9;;10.5328;N.A.;N.A.;17-Nov-2013
122014;SBI DEBT FUND SERIES - 366 DAYS - 24 - REGULAR PLAN - GROWTH;INF200K01VY2;;10.5328;N.A.;N.A.;17-Nov-2013
122145;SBI DEBT FUND SERIES - 366 DAYS - 25 - DIRECT PLAN - DIVIDEND;INF200K01WF9;;10.5014;N.A.;N.A.;17-Nov-2013
122146;SBI DEBT FUND SERIES - 366 DAYS - 25 - DIRECT PLAN - GROWTH;INF200K01WE2;;10.5014;N.A.;N.A.;17-Nov-2013
122147;SBI DEBT FUND SERIES - 366 DAYS - 25 - REGULAR PLAN - DIVIDEND;INF200K01WD4;;10.4981;N.A.;N.A.;17-Nov-2013
122144;SBI DEBT FUND SERIES - 366 DAYS - 25 - REGULAR PLAN - GROWTH;INF200K01WC6;;10.4981;N.A.;N.A.;17-Nov-2013
122253;SBI DEBT FUND SERIES - 366 DAYS - 26 - DIRECT PLAN - DIVIDEND;INF200K01WJ1;;10.4370;N.A.;N.A.;17-Nov-2013
122254;SBI DEBT FUND SERIES - 366 DAYS - 26 - DIRECT PLAN - GROWTH;INF200K01WI3;;10.4370;N.A.;N.A.;17-Nov-2013
122255;SBI DEBT FUND SERIES - 366 DAYS - 26 - REGULAR PLAN - DIVIDEND;INF200K01WH5;;10.4339;N.A.;N.A.;17-Nov-2013
122256;SBI DEBT FUND SERIES - 366 DAYS - 26 - REGULAR PLAN - GROWTH;INF200K01WG7;;10.4339;N.A.;N.A.;17-Nov-2013
122348;SBI DEBT FUND SERIES - 366 DAYS - 27 - DIRECT PLAN - DIVIDEND;INF200K01WN3;;10.4201;N.A.;N.A.;17-Nov-2013
122349;SBI DEBT FUND SERIES - 366 DAYS - 27 - DIRECT PLAN - GROWTH;INF200K01WM5;;10.4201;N.A.;N.A.;17-Nov-2013
122346;SBI DEBT FUND SERIES - 366 DAYS - 27 - REGULAR PLAN - DIVIDEND;INF200K01WL7;;10.4171;N.A.;N.A.;17-Nov-2013
122347;SBI DEBT FUND SERIES - 366 DAYS - 27 - REGULAR PLAN - GROWTH;INF200K01WK9;;10.4171;N.A.;N.A.;17-Nov-2013
122406;SBI DEBT FUND SERIES - 366 DAYS - 28 - DIRECT PLAN - DIVIDEND;INF200K01WR4;;10.4306;N.A.;N.A.;17-Nov-2013
122407;SBI DEBT FUND SERIES - 366 DAYS - 28 - DIRECT PLAN - GROWTH;INF200K01WQ6;;10.4306;N.A.;N.A.;17-Nov-2013
122405;SBI DEBT FUND SERIES - 366 DAYS - 28 - REGULAR PLAN - DIVIDEND;INF200K01WP8;;10.4276;N.A.;N.A.;17-Nov-2013
122408;SBI DEBT FUND SERIES - 366 DAYS - 28 - REGULAR PLAN - GROWTH;INF200K01WO1;;10.4276;N.A.;N.A.;17-Nov-2013
122619;SBI DEBT FUND SERIES - 366 DAYS - 29 - DIRECT PLAN - DIVIDEND;INF200K01WV6;;N.A.;N.A.;N.A.;17-Nov-2013
122621;SBI DEBT FUND SERIES - 366 DAYS - 29 - DIRECT PLAN - GROWTH;INF200K01WU8;;10.3055;N.A.;N.A.;17-Nov-2013
122620;SBI DEBT FUND SERIES - 366 DAYS - 29 - REGULAR PLAN - DIVIDEND;INF200K01WT0;;10.3032;N.A.;N.A.;17-Nov-2013
122622;SBI DEBT FUND SERIES - 366 DAYS - 29 - REGULAR PLAN - GROWTH;INF200K01WS2;;10.3032;N.A.;N.A.;17-Nov-2013
122788;SBI DEBT FUND SERIES - 366 DAYS - 30 - DIRECT PLAN - DIVIDEND;INF200K01YX8;;10.2609;N.A.;N.A.;17-Nov-2013
122790;SBI DEBT FUND SERIES - 366 DAYS - 30 - DIRECT PLAN - GROWTH;INF200K01YW0;;10.2609;N.A.;N.A.;17-Nov-2013
122791;SBI DEBT FUND SERIES - 366 DAYS - 30 - REGULAR PLAN - DIVIDEND;INF200K01YV2;;10.2587;N.A.;N.A.;17-Nov-2013
122789;SBI DEBT FUND SERIES - 366 DAYS - 30 - REGULAR PLAN - GROWTH;INF200K01YU4;;10.2587;N.A.;N.A.;17-Nov-2013
122812;SBI DEBT FUND SERIES - 366 DAYS - 31 - DIRECT PLAN - DIVIDEND;INF200K01ZB1;;10.2501;N.A.;N.A.;17-Nov-2013
122813;SBI DEBT FUND SERIES - 366 DAYS - 31 - DIRECT PLAN - GROWTH;INF200K01ZA3;;10.2501;N.A.;N.A.;17-Nov-2013
122814;SBI DEBT FUND SERIES - 366 DAYS - 31 - REGULAR PLAN - DIVIDEND;INF200K01YZ3;;10.2481;N.A.;N.A.;17-Nov-2013
122815;SBI DEBT FUND SERIES - 366 DAYS - 31 - REGULAR PLAN - GROWTH;INF200K01YY6;;10.2481;N.A.;N.A.;17-Nov-2013
122907;SBI DEBT FUND SERIES - 366 DAYS - 32 - DIRECT PLAN - DIVIDEND;INF200K01ZF2;;10.1944;N.A.;N.A.;17-Nov-2013
122905;SBI DEBT FUND SERIES - 366 DAYS - 32 - DIRECT PLAN - GROWTH;INF200K01ZE5;;10.1944;N.A.;N.A.;17-Nov-2013
122908;SBI DEBT FUND SERIES - 366 DAYS - 32 - REGULAR PLAN - DIVIDEND;INF200K01ZD7;;10.1927;N.A.;N.A.;17-Nov-2013
122906;SBI DEBT FUND SERIES - 366 DAYS - 32 - REGULAR PLAN - GROWTH;INF200K01ZC9;;10.1927;N.A.;N.A.;17-Nov-2013
122991;SBI DEBT FUND SERIES - 366 DAYS - 33 - DIRECT PLAN - DIVIDEND;INF200K01ZJ4;;10.2723;N.A.;N.A.;17-Nov-2013
122994;SBI DEBT FUND SERIES - 366 DAYS - 33 - DIRECT PLAN - GROWTH;INF200K01ZI6;;10.2723;N.A.;N.A.;17-Nov-2013
122993;SBI DEBT FUND SERIES - 366 DAYS - 33 - REGULAR PLAN - DIVIDEND;INF200K01ZH8;;10.2707;N.A.;N.A.;17-Nov-2013
122992;SBI DEBT FUND SERIES - 366 DAYS - 33 - REGULAR PLAN - GROWTH;INF200K01ZG0;;10.2707;N.A.;N.A.;17-Nov-2013
123167;SBI DEBT FUND SERIES - 366 DAYS - 34 - DIRECT PLAN - DIVIDEND;INF200K015P1;;10.2921;N.A.;N.A.;17-Nov-2013
123169;SBI DEBT FUND SERIES - 366 DAYS - 34 - DIRECT PLAN - GROWTH;INF200K014P4;;10.2921;N.A.;N.A.;17-Nov-2013
123170;SBI DEBT FUND SERIES - 366 DAYS - 34 - REGULAR PLAN - DIVIDEND;INF200K013P6;;10.2878;N.A.;N.A.;17-Nov-2013
123168;SBI DEBT FUND SERIES - 366 DAYS - 34 - REGULAR PLAN - GROWTH;INF200K012P8;;10.2878;N.A.;N.A.;17-Nov-2013
123321;SBI DEBT FUND SERIES - 366 DAYS - 35 - DIRECT PLAN - DIVIDEND;INF200K017O0;;10.2904;N.A.;N.A.;17-Nov-2013
123324;SBI DEBT FUND SERIES - 366 DAYS - 35 - DIRECT PLAN - GROWTH;INF200K016O2;;10.2904;N.A.;N.A.;17-Nov-2013
123323;SBI DEBT FUND SERIES - 366 DAYS - 35 - REGULAR PLAN - DIVIDEND;INF200K015O4;;10.2864;N.A.;N.A.;17-Nov-2013
123322;SBI DEBT FUND SERIES - 366 DAYS - 35 - REGULAR PLAN - GROWTH;INF200K014O7;;10.2864;N.A.;N.A.;17-Nov-2013
123497;SBI DEBT FUND SERIES - 366 DAYS - 36 - DIRECT PLAN - DIVIDEND;INF200K019P3;;10.3139;N.A.;N.A.;17-Nov-2013
123494;SBI DEBT FUND SERIES - 366 DAYS - 36 - DIRECT PLAN - GROWTH;INF200K018P5;;10.3139;N.A.;N.A.;17-Nov-2013
123496;SBI DEBT FUND SERIES - 366 DAYS - 36 - REGULAR PLAN - DIVIDEND;INF200K017P7;;10.3103;N.A.;N.A.;17-Nov-2013
123495;SBI DEBT FUND SERIES - 366 DAYS - 36 - REGULAR PLAN - GROWTH;INF200K016P9;;10.3103;N.A.;N.A.;17-Nov-2013
123728;SBI DEBT FUND SERIES - 366 DAYS - 37 - DIRECT PLAN - DIVIDEND;INF200K011R6;;10.3111;N.A.;N.A.;17-Nov-2013
123729;SBI DEBT FUND SERIES - 366 DAYS - 37 - DIRECT PLAN - GROWTH;INF200K010R8;;10.3111;N.A.;N.A.;17-Nov-2013
123731;SBI DEBT FUND SERIES - 366 DAYS - 37 - REGULAR PLAN - DIVIDEND;INF200K019Q1;;10.3083;N.A.;N.A.;17-Nov-2013
123730;SBI DEBT FUND SERIES - 366 DAYS - 37 - REGULAR PLAN - GROWTH;INF200K018Q3;;10.3083;N.A.;N.A.;17-Nov-2013
123996;SBI DEBT FUND SERIES - 366 DAYS - 38 - DIRECT PLAN - DIVIDEND;INF200K015R7;;10.3115;N.A.;N.A.;17-Nov-2013
123997;SBI DEBT FUND SERIES - 366 DAYS - 38 - DIRECT PLAN - GROWTH;INF200K014R0;;10.3115;N.A.;N.A.;17-Nov-2013
123998;SBI DEBT FUND SERIES - 366 DAYS - 38 - REGULAR PLAN - DIVIDEND;INF200K013R2;;10.3089;N.A.;N.A.;17-Nov-2013
123999;SBI DEBT FUND SERIES - 366 DAYS - 38 - REGULAR PLAN - GROWTH;INF200K012R4;;10.3089;N.A.;N.A.;17-Nov-2013
124369;SBI DEBT FUND SERIES - 366 DAYS - 39 - DIRECT PLAN - DIVIDEND;INF200K013S0;;10.2387;N.A.;N.A.;17-Nov-2013
124370;SBI DEBT FUND SERIES - 366 DAYS - 39 - DIRECT PLAN - GROWTH;INF200K012S2;;10.2387;N.A.;N.A.;17-Nov-2013
124371;SBI DEBT FUND SERIES - 366 DAYS - 39 - REGULAR PLAN - DIVIDEND;INF200K011S4;;10.2354;N.A.;N.A.;17-Nov-2013
124372;SBI DEBT FUND SERIES - 366 DAYS - 39 - REGULAR PLAN - GROWTH;INF200K010S6;;10.2354;N.A.;N.A.;17-Nov-2013
124527;SBI DEBT FUND SERIES - 366 DAYS - 40 - DIRECT PLAN - DIVIDEND;INF200K015T3;;10.2089;N.A.;N.A.;17-Nov-2013
124525;SBI DEBT FUND SERIES - 366 DAYS - 40 - DIRECT PLAN - GROWTH;INF200K014T6;;10.2089;N.A.;N.A.;17-Nov-2013
124526;SBI DEBT FUND SERIES - 366 DAYS - 40 - REGULAR PLAN - DIVIDEND;INF200K013T8;;10.2053;N.A.;N.A.;17-Nov-2013
124528;SBI DEBT FUND SERIES - 366 DAYS - 40 - REGULAR PLAN - GROWTH;INF200K012T0;;10.2053;N.A.;N.A.;17-Nov-2013
124726;SBI DEBT FUND SERIES - 366 DAYS - 41 - DIRECT PLAN - DIVIDEND;INF200K010U2;;10.1499;N.A.;N.A.;17-Nov-2013
124728;SBI DEBT FUND SERIES - 366 DAYS - 41 - DIRECT PLAN - GROWTH;INF200K019T5;;10.1499;N.A.;N.A.;17-Nov-2013
124727;SBI DEBT FUND SERIES - 366 DAYS - 41 - REGULAR PLAN - DIVIDEND;INF200K018T7;;10.1468;N.A.;N.A.;17-Nov-2013
124729;SBI DEBT FUND SERIES - 366 DAYS - 41 - REGULAR PLAN - GROWTH;INF200K016T1;;10.1468;N.A.;N.A.;17-Nov-2013
124938;SBI DEBT FUND SERIES - 366 DAYS - 42 - DIRECT PLAN - DIVIDEND;INF200K012V6;;10.0473;N.A.;N.A.;17-Nov-2013
124940;SBI DEBT FUND SERIES - 366 DAYS - 42 - DIRECT PLAN - GROWTH;INF200K011V8;;10.0473;N.A.;N.A.;17-Nov-2013
124939;SBI DEBT FUND SERIES - 366 DAYS - 42 - REGULAR PLAN - DIVIDEND;INF200K010V0;;10.0452;N.A.;N.A.;17-Nov-2013
124941;SBI DEBT FUND SERIES - 366 DAYS - 42 - REGULAR PLAN - GROWTH;INF200K019U3;;10.0452;N.A.;N.A.;17-Nov-2013
125138;SBI DEBT FUND SERIES - 366 DAYS - 43 - DIRECT PLAN - DIVIDEND;INF200K01C35;;10.0227;N.A.;N.A.;17-Nov-2013
125139;SBI DEBT FUND SERIES - 366 DAYS - 43 - DIRECT PLAN - GROWTH;INF200K01C27;;10.0227;N.A.;N.A.;17-Nov-2013
125140;SBI DEBT FUND SERIES - 366 DAYS - 43 - REGULAR PLAN - DIVIDEND;INF200K01C19;;10.0216;N.A.;N.A.;17-Nov-2013
125141;SBI DEBT FUND SERIES - 366 DAYS - 43 - REGULAR PLAN - GROWTH;INF200K01C01;;10.0216;N.A.;N.A.;17-Nov-2013
125243;SBI DEBT FUND SERIES - 366 DAYS - 44 - DIRECT PLAN - DIVIDEND;INF200K011X4;;10.0086;N.A.;N.A.;17-Nov-2013
125244;SBI DEBT FUND SERIES - 366 DAYS - 44 - DIRECT PLAN - GROWTH;INF200K010X6;;10.0086;N.A.;N.A.;17-Nov-2013
125246;SBI DEBT FUND SERIES - 366 DAYS - 44 - REGULAR PLAN - DIVIDEND;INF200K019W9;;10.0078;N.A.;N.A.;17-Nov-2013
125245;SBI DEBT FUND SERIES - 366 DAYS - 44 - REGULAR PLAN - GROWTH;INF200K018W1;;10.0078;N.A.;N.A.;17-Nov-2013
113321;SBI Debt Fund Series - 60 Months - 1 - Dividend;INF200K01CQ8;;12.5102;N.A.;N.A.;17-Nov-2013
113401;SBI Debt Fund Series - 60 Months - 1 - Growth;INF200K01CP0;;12.5100;N.A.;N.A.;17-Nov-2013
118220;SBI DEBT FUND SERIES - 60 MONTHS - 2 - DIVIDEND;INF200K01QD6;;10.4619;N.A.;N.A.;17-Nov-2013
118221;SBI DEBT FUND SERIES - 60 MONTHS - 2 - GROWTH;INF200K01QC8;;10.4620;N.A.;N.A.;17-Nov-2013
120901;SBI DEBT FUND SERIES - 60 MONTHS - 3 - DIRECT PLAN - DIVIDEND;INF200K01QQ8;;10.3816;N.A.;N.A.;17-Nov-2013
120900;SBI DEBT FUND SERIES - 60 MONTHS - 3 - DIRECT PLAN - GROWTH;INF200K01QP0;;10.3816;N.A.;N.A.;17-Nov-2013
120899;SBI DEBT FUND SERIES - 60 MONTHS - 3 - REGULAR PLAN - DIVIDEND;INF200K01QF1;;10.3376;N.A.;N.A.;17-Nov-2013
120898;SBI DEBT FUND SERIES - 60 MONTHS - 3 - REGULAR PLAN - GROWTH;INF200K01QE4;;10.3376;N.A.;N.A.;17-Nov-2013
124535;SBI DEBT FUND SERIES - 90 DAYS - 78 - DIRECT PLAN - DIVIDEND;INF200K01YD0;;10.1516;N.A.;N.A.;17-Nov-2013
124537;SBI DEBT FUND SERIES - 90 DAYS - 78 - DIRECT PLAN - GROWTH;INF200K01YC2;;10.1516;N.A.;N.A.;17-Nov-2013
124536;SBI DEBT FUND SERIES - 90 DAYS - 78 - REGULAR PLAN - DIVIDEND;INF200K01OS9;;10.1493;N.A.;N.A.;17-Nov-2013
124538;SBI DEBT FUND SERIES - 90 DAYS - 78 - REGULAR PLAN - GROWTH;INF200K01OR1;;10.1493;N.A.;N.A.;17-Nov-2013
124886;SBI DEBT FUND SERIES - 90 DAYS - 79 - DIRECT PLAN - DIVIDEND;INF200K01YF5;;10.0973;N.A.;N.A.;17-Nov-2013
124887;SBI DEBT FUND SERIES - 90 DAYS - 79 - DIRECT PLAN - GROWTH;INF200K01YE8;;10.0973;N.A.;N.A.;17-Nov-2013
124888;SBI DEBT FUND SERIES - 90 DAYS - 79 - REGULAR PLAN - DIVIDEND;INF200K01OU5;;10.0962;N.A.;N.A.;17-Nov-2013
124889;SBI DEBT FUND SERIES - 90 DAYS - 79 - REGULAR PLAN - GROWTH;INF200K01OT7;;10.0962;N.A.;N.A.;17-Nov-2013
125239;SBI DEBT FUND SERIES - 90 DAYS - 80 - DIRECT PLAN - DIVIDEND;INF200K01F57;;10.0365;N.A.;N.A.;17-Nov-2013
125241;SBI DEBT FUND SERIES - 90 DAYS - 80 - DIRECT PLAN - GROWTH;INF200K01F40;;10.0365;N.A.;N.A.;17-Nov-2013
125240;SBI DEBT FUND SERIES - 90 DAYS - 80 - REGULAR PLAN - DIVIDEND;INF200K01F32;;10.0359;N.A.;N.A.;17-Nov-2013
125242;SBI DEBT FUND SERIES - 90 DAYS - 80 - REGULAR PLAN - GROWTH;INF200K01F24;;10.0359;N.A.;N.A.;17-Nov-2013
