Scheme Code;Scheme Name;ISIN Div Payout/ISIN Growth;ISIN Div Reinvestment;Net Asset Value;Repurchase Price;Sale Price;Date

Open Ended Schemes ( Liquid )


ING Mutual Fund
100194;ING Liquid Fund-Auto Sweep Growth Option;;;10.0000;10.0000;10.0000;14-Oct-2006
100195;ING Liquid Fund-Auto Sweep Weekly Dividend Option;;;10.0000;10.0000;10.0000;14-Oct-2006
100198;ING Liquid Fund-Institutional Daily Dividend Option;INF084M01473;;10.0103;10.0103;10.0103;14-Oct-2006
100196;ING Liquid Fund-Institutional Growth Option;INF084M01465;;11.3735;11.3735;11.3735;14-Oct-2006
100197;ING Liquid Fund-Institutional Weekly Dividend Option;INF084M01499;INF084M01481;10.0633;10.0633;10.0633;14-Oct-2006
100192;ING Liquid Fund-Regular Daily Dividend Option;INF084M01432;;10.7849;10.7849;10.7849;14-Oct-2006
100190;ING Liquid Fund-Regular Growth Option;INF084M01424;;15.3535;15.3535;15.3535;14-Oct-2006
100191;ING Liquid Fund-Regular Weekly Dividend Option;INF084M01457;INF084M01440;10.8340;10.8340;10.8340;14-Oct-2006
100200;ING Liquid Fund-Super Institutional Daily Dividend Option;INF084M01515;;10.0024;10.0024;10.0024;14-Oct-2006
100199;ING Liquid Fund-Super Institutional Growth Option;INF084M01507;;10.7616;10.7616;10.7616;14-Oct-2006
100201;ING Liquid Fund-Super Institutional Weekly Dividend Option;INF084M01531;INF084M01523;10.0939;10.0939;10.0939;14-Oct-2006

Sahara Mutual Fund
101397;Sahara Liquid Fund-Fixed Pricing -  Weekly Dividend Option;;INF515L01064;1024.6207;1024.6207;1024.6207;14-Oct-2006
101393;Sahara Liquid Fund-Fixed Pricing - Daily Dividend Option;;INF515L01049;1024.4962;1024.4962;1024.4962;14-Oct-2006
101394;Sahara Liquid Fund-Fixed Pricing - Growth option;INF515L01056;;1296.8896;1296.8896;1296.8896;14-Oct-2006
101398;Sahara Liquid Fund-Fixed Pricing - Monthly Dividend Option;;INF515L01072;1027.0169;1027.0169;1027.0169;14-Oct-2006
101399;Sahara Liquid Fund-Variable Pricing - Daily Dividend option;;INF515L01080;1024.5071;1024.5071;1024.5071;14-Oct-2006
101402;Sahara Liquid Fund-Variable Pricing - Growth option;INF515L01114;;1299.8663;1299.8663;1299.8663;14-Oct-2006
101400;Sahara Liquid Fund-Variable Pricing - Weekly Dividend Option;;INF515L01098;1024.8819;1024.8819;1024.8819;14-Oct-2006
101401;Sahara Liquid Fund-Variable Pricing- Monthly Dividend Option;;INF515L01106;1027.694;1027.6940;1027.6940;14-Oct-2006

SBI Mutual Fund
102960;Z-OLD-SBI Magnum Inst. Income Fund -  Savings - Fortnightly(D)(Upto 22/03/07) Renamed as SBI Premier Liquid Fund;;;10.0989;10.0989;10.0989;14-Oct-2006
102870;Z-OLD-SBI Magnum Inst. Income Fund -  Savings - Wkly(D)(Upto 22/03/07) Renamed as SBI Premier Liquid Fund;;;10.5602;10.5602;10.5602;14-Oct-2006
102058;SBI Magnum Institutional Income Fund - Savings - Dividend(Upto 22/03/07) Renamed as SBI Premier Liquid Fund;;;10.0325;10.0325;10.0325;14-Oct-2006
101929;SBI Magnum Institutional Income Fund - Savings - Growth(Upto 22/03/07) Renamed as SBI Premier Liquid Fund;;;11.6560;11.6560;11.6560;14-Oct-2006

Open Ended Schemes ( Debt Scheme - Overnight Fund )


SBI Mutual Fund
101206;SBI OVERNIGHT FUND - REGULAR PLAN - GROWTH;INF200K01LQ9;;12.5220;12.5220;12.5220;14-Oct-2006
103140;SBI Overnight Fund - Regular Plan - Weekly Income Distribution cum Capital Withdrawal Option (IDCW);INF200K01LO4;INF200K01LP1;10.2252;10.2252;10.2252;14-Oct-2006

Open Ended Schemes ( Debt Scheme - Liquid Fund )


Baroda BNP Paribas Mutual Fund
101408;Baroda BNP Paribas LIQUID FUND- Defunct Plan -Growth Option;INF955L01575;;12.9800;12.9800;12.9800;14-Oct-2006
101407;Baroda BNP Paribas LIQUID FUND-Defunct Plan- IDCW Option;INF955L01559;INF955L01567;11.1318;11.1318;11.1318;14-Oct-2006
101409;Baroda BNP Paribas LIQUID FUND-Defunct Plan-Daily IDCW Option;INF955L01518;INF955L01526;10.0366;10.0366;10.0366;14-Oct-2006

Canara Robeco Mutual Fund
101363;Canara Robeco Liquid Fund- INSTITUTIONAL-Daily Dividend Reinvestment;;INF760K01CC1;10.0410;10.0410;10.0410;14-Oct-2006
101362;Canara Robeco Liquid Fund- INSTITUTIONAL-Growth;INF760K01CD9;;13.2130;13.2130;13.2130;14-Oct-2006
101361;Canara Robeco Liquid Fund- INSTITUTIONAL-Weekly dividend;;INF760K01CE7;10.0447;10.0447;10.0447;14-Oct-2006
101364;Canara Robeco Liquid Fund-Retail-DRI;;INF760K01CF4;10.0410;10.0410;10.0410;14-Oct-2006
101365;Canara Robeco Liquid Fund-Retail-Growth;INF760K01CH0;;13.2005;13.2005;13.2005;14-Oct-2006

Principal Mutual Fund
100895;Principal Cash Management Fund - Daily Income Distribution CUM Capital Withdrawal;;INF173K01DB7;10.0007;10.0007;10.0007;14-Oct-2006
100897;Principal Cash Management Fund - Monthly Income Distribution CUM Capital Withdrawal Option;INF173K01BV9;INF173K01BW7;10.0295;10.0295;10.0295;14-Oct-2006
100896;Principal Cash Management Fund - Weekly Income Distribution CUM Capital Withdrawal Option;;INF173K01DC5;10.0047;10.0047;10.0047;14-Oct-2006
100898;Principal Cash Management Fund -Growth Option;INF173K01DA9;;11.2862;11.2862;11.2862;14-Oct-2006
100892;Principal Cash Management-Liquid Option-Daily Dividend;;;10.0022;10.0022;10.0022;14-Oct-2006
100887;Principal Cash Management-Liquid Option-Dividend Plan;;;10.1237;10.1237;10.1237;14-Oct-2006
100888;Principal Cash Management-Liquid Option-Growth Plan;;;14.2454;14.2454;14.2454;14-Oct-2006
100894;Principal Cash Management-Liquid Option-Institutional - Daily Dividend Plan;;;10.0022;10.0022;10.0022;14-Oct-2006
100893;Principal Cash Management-Liquid Option-Institutional - Growth Plan;;;11.9619;11.9619;11.9619;14-Oct-2006
100891;Principal Cash Management-Liquid Option-Institutional - Monthly Dividend Plan;;;10.029;10.029;10.029;14-Oct-2006
100890;Principal Cash Management-Liquid Option-Institutional - Weekly Dividend Plan;;;10.0054;10.0054;10.0054;14-Oct-2006
100889;Principal Cash Management-Liquid Option-Monthly Dividend;;;10.028;10.028;10.028;14-Oct-2006

Taurus Mutual Fund
104240;Taurus Liquid Fund-Dividend;INF044D01542;INF044D01559;10.0033;10.0033;10.0033;14-Oct-2006
104241;Taurus Liquid Fund-Growth;INF044D01575;;10.0782;10.0782;10.0782;14-Oct-2006

UTI Mutual Fund
102010;UTI Liquid Fund - Regular Plan - Daily IDCW (Reinvestment);;INF789F01PG3;1019.4457;1019.4457;1019.4457;14-Oct-2006
102011;UTI Liquid Fund - Regular Plan - Monthly IDCW;INF789F01PI9;INF789F01PJ7;1025.529;1025.529;1025.529;14-Oct-2006
102013;UTI Liquid Fund - Regular Plan - Weekly IDCW;;INF789F01PK5;1022.6938;1022.6938;1022.6938;14-Oct-2006
102012;UTI-  Liquid Cash Plan - Regular Plan - Growth Option;INF789F01PH1;;1191.0724;1191.0724;1191.0724;14-Oct-2006
102008;UTI-  Liquid Cash Plan- Discontinued - Regular Plan - Monthly Dividend Option;INF789F01BC2;INF789F01BA6;1028.9524;1028.9524;1028.9524;14-Oct-2006
102009;UTI-  Liquid Cash Plan- Discontinued - Regular Plan -Growth;INF789F01BB4;;1185.5959;1185.5959;1185.5959;14-Oct-2006
102007;UTI-  Liquid Cash Plan- Discontinued -Regular Plan Periodic Dividend Option;;INF789F01AZ5;1015.8596;1015.8596;1015.8596;14-Oct-2006

Open Ended Schemes ( Debt Scheme - Ultra Short Duration Fund )


SBI Mutual Fund
100641;SBI ULTRA SHORT DURATION FUND - REGULAR PLAN - GROWTH;INF200K01LJ4;;16.2482;16.2482;16.2482;14-Oct-2006
103884;SBI Ultra Short Duration Fund - Regular Plan - Weekly Income Distribution cum Capital Withdrawal Option (IDCW);INF200K01LM8;INF200K01LL0;10.6053;10.6053;10.6053;14-Oct-2006

UTI Mutual Fund
102532;UTI Ultra Short Duration Fund - Regular Plan - Growth Option;INF789F01570;;1183.4624;1183.4624;1183.4624;14-Oct-2006
102531;UTI Ultra Short Duration Fund - Regular Plan - Weekly IDCW (Reinvestment);;INF789F01562;1014.6659;1014.6659;1014.6659;14-Oct-2006

Open Ended Schemes ( Debt Scheme - Low Duration Fund )


Canara Robeco Mutual Fund
102913;CANARA ROBECO SAVINGS FUND - REGULAR PLAN - GROWTH OPTION;INF760K01795;;11.0596;11.0596;11.0596;14-Oct-2006
102914;CANARA ROBECO SAVINGS FUND - REGULAR PLAN - IDCW (Payout/Reinvestment);INF760K01779;INF760K01787;10.6367;10.6367;10.6367;14-Oct-2006
102915;CANARA ROBECO SAVINGS FUND - REGULAR PLAN - WEEKLY IDCW (Payout/Reinvestment);INF760K01CB3;INF760K01811;10.2637;10.2637;10.2637;14-Oct-2006

Open Ended Schemes ( Debt Scheme - Money Market Fund )


UTI Mutual Fund
100724;UTI MMF- Discontinued - Regular Plan - Flexi Dividend Option;;INF789F01BD0;17.5903;17.5903;17.5903;14-Oct-2006
100725;UTI MMF- Discontinued - Regular Plan - Periodic Dividend Option;INF789F01BE8;;17.4599;17.4599;17.4599;14-Oct-2006
100723;UTI MMF-Discontinued - Regular Plan -Growth;INF789F01BF5;;20.3138;20.3138;20.3138;14-Oct-2006

Open Ended Schemes ( Debt Scheme - Credit Risk Fund )


Principal Mutual Fund
102729;Principal Credit Risk Fund - Regular Plan - Growth Option;INF173K01DM4;;11.2713;11.2713;11.2713;14-Oct-2006
102732;Principal Credit Risk Fund - Regular Plan - Monthly Dividend Option;INF173K01BJ4;INF173K01BK2;10.2706;10.2706;10.2706;14-Oct-2006
102726;Principal Floating Rate Fund - SMP-Daily Dividend;;;10.0007;10.0007;10.0007;14-Oct-2006
102725;Principal Floating Rate Fund - SMP-Growth;;;11.233;11.233;11.233;14-Oct-2006
102730;Principal Floating Rate Fund - SMP-Insti. Daily Dividend;;;10.0007;10.0007;10.0007;14-Oct-2006
102731;Principal Floating Rate Fund - SMP-Insti. Weekly Dividend;;;10.0045;10.0045;10.0045;14-Oct-2006
102728;Principal Floating Rate Fund - SMP-Monthly Dividend;;;10.1405;10.1405;10.1405;14-Oct-2006
102727;Principal Floating Rate Fund - SMP-Weekly Dividend;;;10.0045;10.0045;10.0045;14-Oct-2006
