Scheme Code;Scheme Name;ISIN Div Payout/ISIN Growth;ISIN Div Reinvestment;Net Asset Value;Repurchase Price;Sale Price;Date

Open Ended Schemes ( Income )


L&T Mutual Fund
112514;L&T Short Term Floating Rate Fund-Cumulative;;;13.4956;13.4956;13.4956;27-Jun-2010
112511;L&T Short Term Floating Rate Fund-Dividend-Daily;;;10.3650;10.3650;10.3650;27-Jun-2010
112513;L&T Short Term Floating Rate Fund-Dividend-Monthly;;;10.4416;10.4416;10.4416;27-Jun-2010
112512;L&T Short Term Floating Rate Fund-Dividend-Weekly;;;11.0070;11.0070;11.0070;27-Jun-2010

Open Ended Schemes ( Liquid )


Deutsche Mutual Fund
105672;DWS INSTA CASH PLUS FUND - Regular Plan BONUS OPTION;INF223J01BH3;;11.5779;11.5779;11.5779;27-Jun-2010
106471;DWS Insta Cash Plus Fund -Growth;INF223J01BP6;;12.0865;12.0865;12.0865;27-Jun-2010
106467;DWS Insta Cash Plus Fund-Daily Dividend;;INF223J01BO9;10.0304;10.0304;10.0304;27-Jun-2010
101718;DWS Insta Cash Plus Fund-DIVIDEND-Daily Dividend;;INF223J01BI1;10.3010;10.3010;10.3010;27-Jun-2010
101717;DWS Insta Cash Plus Fund-DIVIDEND-MONTHLY DIVIDEND;INF223J01BK7;INF223J01BL5;11.0447;11.0447;11.0447;27-Jun-2010
101716;DWS Insta Cash Plus Fund-DIVIDEND-WEEKLY DIVIDEND;INF223J01BM3;INF223J01BN1;10.3552;10.3552;10.3552;27-Jun-2010
101719;DWS Insta Cash Plus Fund-Growth-GROWTH;INF223J01BJ9;;15.5896;15.5896;15.5896;27-Jun-2010
101722;DWS Insta Cash Plus Fund-Institutional Plan-Daily Dividend;;INF223J01BA8;10.0516;10.0516;10.0516;27-Jun-2010
101721;DWS Insta Cash Plus Fund-Institutional Plan-Growth;INF223J01BB6;;14.6559;14.6559;14.6559;27-Jun-2010
101723;DWS Insta Cash Plus Fund-Institutional Plan-Weekly Dividend;INF223J01BF7;INF223J01BG5;10.0809;10.0809;10.0809;27-Jun-2010

Edelweiss Mutual Fund
109941;Edelweiss Liquid Fund - Institutional Plan - Daily Dividend Option;;INF754K01AZ9;10.0000;10.0000;10.0000;27-Jun-2010
109934;Edelweiss Liquid Fund - Retail Plan - Daily Dividend Option;;INF754K01AS4;10.0000;10.0000;10.0000;27-Jun-2010
109940;Edelweiss Liquid Fund - Retail Plan - Growth Option;INF754K01AO3;;10.8817;10.8817;10.8817;27-Jun-2010
109939;Edelweiss Liquid Fund - Retail Plan - Monthly Dividend Option;INF754K01AP0;INF754K01AR6;10.0327;10.0327;10.0327;27-Jun-2010
109937;Edelweiss Liquid Fund - Retail Plan - Weekly Dividend Option;;INF754K01AT2;10.0052;10.0052;10.0052;27-Jun-2010

Fidelity Mutual Fund
104498;Fidelity Cash Fund - Institutional Plan - Daily Dividend Option;;INF677K01AQ1;10.0025;10.0025;10.0025;27-Jun-2010
104497;Fidelity Cash Fund - Institutional Plan - Growth Option;;;12.6262;12.6262;12.6262;27-Jun-2010
104548;Fidelity Cash Fund - Institutional Plan - Monthly Dividend Option;INF677K01AS7;INF677K01AT5;10.0000;10.0000;10.0000;27-Jun-2010
104546;Fidelity Cash Fund - Institutional Plan - Weekly Dividend Option;;INF677K01AR9;10.1817;10.1817;10.1817;27-Jun-2010
104495;Fidelity Cash Fund - Retail Plan - Daily Dividend option;;INF677K01AL2;10.0025;10.0025;10.0025;27-Jun-2010
104493;Fidelity Cash Fund - Retail Plan - Growth option;;;12.4482;12.4482;12.4482;27-Jun-2010
104547;Fidelity Cash Fund - Retail Plan - Monthly Dividend Option;;;10.0059;10.0059;10.0059;27-Jun-2010
104549;Fidelity Cash Fund - Retail Plan - Weekly Dividend Option;;INF677K01AM0;10.0086;10.0086;10.0086;27-Jun-2010
104494;Fidelity Cash Fund - Super Institutional Plan - Daily Dividend Option;;INF677K01AV1;10.1978;10.1978;10.1978;27-Jun-2010
104496;Fidelity Cash Fund - Super Institutional Plan - Growth Option;INF677K01AU3;;12.6830;12.6830;12.6830;27-Jun-2010
104551;Fidelity Cash Fund - Super Institutional Plan - Monthly Dividend Option;INF677K01AX7;INF677K01AY5;10.0000;10.0000;10.0000;27-Jun-2010
104550;Fidelity Cash Fund - Super Institutional Plan - Weekly Dividend Option;;INF677K01AW9;10.0000;10.0000;10.0000;27-Jun-2010

Fortis Mutual Fund
110922;Fortis Overnight Fund-Institutional Plan-Daily Dividend Option;;;10.0030;10.0030;10.0030;27-Jun-2010
110915;Fortis Overnight Fund-Institutional Plan-Growth Option;;;14.2551;14.2551;14.2551;27-Jun-2010
110919;Fortis Overnight Fund-Institutional Plan-Monthly Dividend Payout Option;;;10.0385;10.0385;10.0385;27-Jun-2010
110923;Fortis Overnight Fund-Institutional Plan-Weekly Dividend Option;;;10.0049;10.0049;10.0049;27-Jun-2010
110914;Fortis Overnight Fund-Institutional Plus Plan-Daily Dividend Option;;;0.0000;0.0000;0.0000;27-Jun-2010
110920;Fortis Overnight Fund-Institutional Plus Plan-Growth Option;;;0.0000;0.0000;0.0000;27-Jun-2010
110916;Fortis Overnight Fund-Institutional Plus Plan-Monthly Dividend Option;;;0.0000;0.0000;0.0000;27-Jun-2010
110917;Fortis Overnight Fund-Institutional Plus Plan-Weekly Dividend Option;;;0.0000;0.0000;0.0000;27-Jun-2010
110921;Fortis Overnight Fund-Regular Plan-Growth Option;;;13.9631;13.9631;13.9631;27-Jun-2010
110913;Fortis Overnight Fund-Regular Plan-Monthly Dividend Payout Option;;;10.0345;10.0345;10.0345;27-Jun-2010
110918;Fortis Overnight Fund-Regular Plan-Weekly Dividend Option;;;10.0044;10.0044;10.0044;27-Jun-2010

ING Mutual Fund
100198;ING Liquid Fund-Institutional Daily Dividend Option;INF084M01473;;10.0121;10.0121;10.0121;27-Jun-2010
100196;ING Liquid Fund-Institutional Growth Option;INF084M01465;;14.5983;14.5983;14.5983;27-Jun-2010
100197;ING Liquid Fund-Institutional Weekly Dividend Option;INF084M01499;INF084M01481;10.0622;10.0622;10.0622;27-Jun-2010
100192;ING Liquid Fund-Regular Daily Dividend Option;INF084M01432;;10.7873;10.7873;10.7873;27-Jun-2010
100190;ING Liquid Fund-Regular Growth Option;INF084M01424;;19.4722;19.4722;19.4722;27-Jun-2010
100191;ING Liquid Fund-Regular Weekly Dividend Option;INF084M01457;INF084M01440;10.8328;10.8328;10.8328;27-Jun-2010
100200;ING Liquid Fund-Super Institutional Daily Dividend Option;INF084M01515;;10.0048;10.0048;10.0048;27-Jun-2010
100199;ING Liquid Fund-Super Institutional Growth Option;INF084M01507;;13.8853;13.8853;13.8853;27-Jun-2010
100201;ING Liquid Fund-Super Institutional Weekly Dividend Option;INF084M01531;INF084M01523;10.0000;10.0000;10.0000;27-Jun-2010

Invesco Mutual Fund
106502;Religare Invesco Overnight Fund - Daily Dividend Reinvestment;;INF205K01HS2;10.0000;10.0000;10.0000;27-Jun-2010
106501;Religare Invesco Overnight Fund - Growth;INF205K01HR4;;11.2397;11.2397;11.2397;27-Jun-2010

JM Financial Mutual Fund
101420;JM Floater Short Term Fund - Daily Dividend Option;;INF192K01767;10.0883;10.0883;10.0883;27-Jun-2010
101421;JM Floater Short Term Fund - Growth Option;INF192K01775;;14.9902;14.9902;14.9902;27-Jun-2010

JPMorgan Mutual Fund
106562;JPMorgan India Liquid Fund - Retail Plan - Daily Dividend Option;;INF843K01203;10.0150;10.0150;10.0150;27-Jun-2010
106561;JPMorgan India Liquid Fund - Retail Plan - Growth Option;INF843K01195;;11.0770;11.0770;11.0770;27-Jun-2010
109179;JPMorgan India Liquid Fund - Retail Plan - Monthly Dividend Option;;INF843K01237;10.0668;10.0668;10.0668;27-Jun-2010
109177;JPMorgan India Liquid Fund - Retail Plan - Weekly Dividend Option;;INF843K01211;10.0230;10.0230;10.0230;27-Jun-2010
110149;JPMorgan India Liquid Fund - Super Institutional Plan - Daily Dividend Option;;INF843K01153;10.0079;10.0079;10.0079;27-Jun-2010
110150;JPMorgan India Liquid Fund - Super Institutional Plan - Growth Option;INF843K01146;;12.0490;12.0490;12.0490;27-Jun-2010
110151;JPMorgan India Liquid Fund - Super Institutional Plan - Monthly Dividend Option;INF843K01500;INF843K01187;10.0863;10.0863;10.0863;27-Jun-2010
110153;JPMorgan India Liquid Fund - Super Institutional Plan - Weekly Dividend Option;INF843K01484;INF843K01161;10.0133;10.0133;10.0133;27-Jun-2010

L&T Mutual Fund
112468;L&T Liquid Fund - Regular Weekly Dividend;;INF917K01BE5;11.9929;11.9929;11.9929;27-Jun-2010

Mirae Asset Mutual Fund
107660;Mirae Asset Liquid Fund- Regular Plan - Bonus;INF769K01580;;1009.9620;1009.9620;1009.9620;27-Jun-2010
107646;Mirae Asset Liquid Fund- Regular Plan - Daily Dividend;;INF769K01606;953.1750;953.1750;953.1750;27-Jun-2010
107648;Mirae Asset Liquid Fund- Regular Plan - Growth;INF769K01572;;1001.1684;1001.1684;1001.1684;27-Jun-2010
107649;Mirae Asset Liquid Fund- Regular Plan - Monthly Dividend;INF769K01630;INF769K01622;956.6806;956.6806;956.6806;27-Jun-2010
107647;Mirae Asset Liquid Fund- Regular Plan - Weekly Dividend;;INF769K01614;954.5384;954.5384;954.5384;27-Jun-2010

PineBridge Mutual Fund
106513;PineBridge India Liquid Fund- Standard Plan-Daily Dividend Option;;INF178L01699;1001.0000;1001.0000;1001.0000;27-Jun-2010
106508;PineBridge India Liquid Fund- Standard Plan-Growth Option;INF178L01715;;1197.6113;1197.6113;1197.6113;27-Jun-2010
106509;PineBridge India Liquid Fund- Standard Plan-Weekly Dividend Option;;INF178L01764;1001.8902;1001.8902;1001.8902;27-Jun-2010
106506;PineBridge India Liquid Fund-Institutional Plan-Daily Dividend Option;;INF178L01616;1001.0000;1001.0000;1001.0000;27-Jun-2010
106511;PineBridge India Liquid Fund-Institutional Plan-Growth Option;INF178L01632;;1194.3037;1194.3037;1194.3037;27-Jun-2010
106507;PineBridge India Liquid Fund-Institutional Plan-Weekly Dividend Option;;INF178L01681;1002.4763;1002.4763;1002.4763;27-Jun-2010
106503;PineBridge India Liquid Fund-Retail Plan-DailyDividend Option;;INF178L01533;1001.0000;1001.0000;1001.0000;27-Jun-2010
106514;PineBridge India Liquid Fund-Retail Plan-Growth Option;INF178L01558;;1184.2048;1184.2048;1184.2048;27-Jun-2010
106504;PineBridge India Liquid Fund-Retail Plan-Monthly Dividend Option;INF178L01566;INF178L01574;1001.2092;1001.2092;1001.2092;27-Jun-2010
106516;PineBridge India Liquid Fund-Retail Plan-Quarterly Dividend Option;INF178L01582;INF178L01590;1002.0602;1002.0602;1002.0602;27-Jun-2010
106510;PineBridge India Liquid Fund-Retail Plan-Weekly Dividend Option;;INF178L01608;1001.6304;1001.6304;1001.6304;27-Jun-2010

Sahara Mutual Fund
101397;Sahara Liquid Fund-Fixed Pricing -  Weekly Dividend Option;;INF515L01064;1026.4232;1026.4232;1026.4232;27-Jun-2010
101393;Sahara Liquid Fund-Fixed Pricing - Daily Dividend Option;;INF515L01049;1024.9045;1024.9045;1024.9045;27-Jun-2010
101394;Sahara Liquid Fund-Fixed Pricing - Growth option;INF515L01056;;1685.9910;1685.9910;1685.9910;27-Jun-2010
101398;Sahara Liquid Fund-Fixed Pricing - Monthly Dividend Option;;INF515L01072;1024.8346;1024.8346;1024.8346;27-Jun-2010
101399;Sahara Liquid Fund-Variable Pricing - Daily Dividend option;;INF515L01080;1024.9262;1024.9262;1024.9262;27-Jun-2010
101402;Sahara Liquid Fund-Variable Pricing - Growth option;INF515L01114;;1699.2378;1699.2378;1699.2378;27-Jun-2010
101400;Sahara Liquid Fund-Variable Pricing - Weekly Dividend Option;;INF515L01098;1025.0771;1025.0771;1025.0771;27-Jun-2010
101401;Sahara Liquid Fund-Variable Pricing- Monthly Dividend Option;;INF515L01106;1025.1538;1025.1538;1025.1538;27-Jun-2010

Shinsei Mutual Fund
112049;Shinsei Liquid Fund - Institutional - Daily Dividend;;;1000.5197;1000.5197;1000.5197;27-Jun-2010
112041;Shinsei Liquid Fund - Institutional - Growth;;;1042.7013;1042.7013;1042.7013;27-Jun-2010
112052;Shinsei Liquid Fund - Retail - Daily Dividend;;;1000.5200;1000.5200;1000.5200;27-Jun-2010
112040;Shinsei Liquid Fund - Retail - Growth;;;1041.4760;1041.4760;1041.4760;27-Jun-2010
112051;Shinsei Liquid Fund - Retail - Weekly Dividend;;;1001.5358;1001.5358;1001.5358;27-Jun-2010

Tata Mutual Fund
101987;Tata Liquid Fund Reglar Plan - Monthly Dividend;INF277K01LR5;INF277K01LS3;1000.9913;1000.9913;1000.9913;27-Jun-2010
101861;Tata Liquid Fund-Regular Plan  - Weekly Dividend;INF277K016C5;;1151.3247;1151.3247;1151.3247;27-Jun-2010
101984;Tata Liquid High Investment Plan - Daily;;;1114.3379;1114.3379;1114.3379;27-Jun-2010
101860;Tata Liquid High Investment Plan - Growth;INF277K01LN4;;1544.5852;1544.5852;1544.5852;27-Jun-2010
101985;Tata Liquid High Investment Plan - Monthly;INF277K01LO2;INF277K01LP9;1024.2222;1024.2222;1024.2222;27-Jun-2010
101859;Tata Liquid High Investment Plan - Weekly;;;1147.2666;1147.2666;1147.2666;27-Jun-2010
101982;Tata Liquid Retail Investment PLan - Daily;;;1116.8143;1116.8143;1116.8143;27-Jun-2010
101983;Tata Liquid Retail Investment Plan - Fortnightly;;;1146.7263;1146.7263;1146.7263;27-Jun-2010
101858;Tata Liquid Retail Investment Plan - Growth;INF277K01LM6;;2135.8976;2135.8976;2135.8976;27-Jun-2010
103631;Tata Liquidity Management Fund - Regular Plan - Daily Dividend;;;1002.6089;1002.6089;1002.6089;27-Jun-2010
103632;Tata Liquidity Management Fund - Regular Plan - Growth;INF277K01LW5;;1269.4938;1269.4938;1269.4938;27-Jun-2010
103519;Tata Liquidity Management Fund - Regular Plan  -Weekly Dividend;;;1006.1888;1006.1888;1006.1888;27-Jun-2010

Open Ended Schemes ( Money Market )


Franklin Templeton Mutual Fund
100561;Templeton India Money Market Account - Bonus Plan;;;1.0000;1.0000;1.0000;27-Jun-2010
104554;Templeton India Money Market Account - Dividend Plan;;;1.0000;1.0000;1.0000;27-Jun-2010

Tata Mutual Fund
102152;Tata Money Market Fund Regular (Bonus / Dividend);;;10.1552;10.1552;10.1552;27-Jun-2010
102153;Tata Money Market Fund Regular (Growth);INF277K01LY1;;14.9105;14.9105;14.9105;27-Jun-2010

Open Ended Schemes ( Floating Rate )


HSBC Mutual Fund
102836;HSBC Floating Rate Fund - Short Term - Inst. - Dividend - Daily;;;10.2229;10.2229;10.2229;27-Jun-2010
102838;HSBC Floating Rate Fund - Short Term - Inst. - Dividend - Monthly;;;10.1688;10.1688;10.1688;27-Jun-2010
102837;HSBC Floating Rate Fund - Short Term - Inst. - Dividend - Weekly;;;0.0000;0.0000;0.0000;27-Jun-2010
102835;HSBC Floating Rate Fund - Short Term - Inst. - Growth;;;13.9324;13.9324;13.9324;27-Jun-2010
102840;HSBC Floating Rate Fund - Short Term - Inst. Plus - Dividend - Daily;;;0.0000;0.0000;0.0000;27-Jun-2010
102842;HSBC Floating Rate Fund - Short Term - Inst. Plus - Dividend - Monthly;;;0.0000;0.0000;0.0000;27-Jun-2010
102841;HSBC Floating Rate Fund - Short Term - Inst. Plus - Dividend - Weekly;;;0.0000;0.0000;0.0000;27-Jun-2010
102839;HSBC Floating Rate Fund - Short Term - Inst. Plus - Growth;;;11.8374;11.8374;11.8374;27-Jun-2010
102833;HSBC Floating Rate Fund - Short Term - Regular - Dividend - Daily;;;10.0000;10.0000;10.0000;27-Jun-2010
102834;HSBC Floating Rate Fund - Short Term - Regular - Dividend - Weekly;;;10.0181;10.0181;10.0181;27-Jun-2010
102832;HSBC Floating Rate Fund - Short Term - Regular - Growth;;;13.7819;13.7819;13.7819;27-Jun-2010

Open Ended Schemes ( Debt Scheme - Overnight Fund )


HDFC Mutual Fund
101996;HDFC Overnight Fund - Growth Option;INF179KB1HS3;;15.4182;15.4182;15.4182;27-Jun-2010
101997;HDFC Overnight Fund - IDCW Option (Daily);;INF179KB1IF8;10.4266;10.4266;10.4266;27-Jun-2010

SBI Mutual Fund
101206;SBI OVERNIGHT FUND - REGULAR PLAN - GROWTH;INF200K01LQ9;;16.0380;16.0380;16.0380;27-Jun-2010
103140;SBI Overnight Fund - Regular Plan - Weekly Income Distribution cum Capital Withdrawal Option (IDCW);INF200K01LO4;INF200K01LP1;10.3133;10.3133;10.3133;27-Jun-2010

Open Ended Schemes ( Debt Scheme - Liquid Fund )


Aditya Birla Sun Life Mutual Fund
100049;Aditya Birla Sun Life Cash Plus-Institutional - Fortnightly Dividend;;;10.8236;10.8236;10.8236;27-Jun-2010
100052;Aditya Birla Sun Life Cash Plus-Institutional Premium - Fortnightly Dividend;;;10.0000;10.0000;10.0000;27-Jun-2010
100053;Aditya Birla Sun Life Cash Plus-Institutional Premium Plan-Monthly Dividend;;;10.0000;10.0000;10.0000;27-Jun-2010
100047;Aditya Birla Sun Life Liquid Fund - Growth;INF209K01RU9;;14.8975;14.8975;14.8975;27-Jun-2010
100046;Aditya Birla Sun Life Liquid Fund -Daily IDCW;INF209K01KQ2;INF209K01SQ5;10.0195;10.0195;10.0195;27-Jun-2010
100041;Aditya Birla Sun Life Liquid Fund -Institutional - IDCW;;INF209K01KN9;10.8023;10.8023;10.8023;27-Jun-2010
100048;Aditya Birla Sun Life Liquid Fund -Institutional - weekly  IDCW;INF209KA1LK7;INF209K01KY6;10.8094;10.8094;10.8094;27-Jun-2010
100044;Aditya Birla Sun Life Liquid Fund -Retail - IDCW;;INF209K01KP4;16.3694;16.3694;16.3694;27-Jun-2010
100051;Aditya Birla Sun Life Liquid Fund -weekly IDCW;INF209K01KU4;INF209KA1LJ9;10.0254;10.0254;10.0254;27-Jun-2010
112014;Aditya Birla Sun Life Liquid Fund- Discipline Advantage Plan;INF209K01KZ3;;10.3793;10.3793;10.3793;27-Jun-2010
100043;Aditya Birla Sun Life Liquid Fund-Institutional (Growth);INF209K01RT1;;25.1206;25.1206;25.1206;27-Jun-2010
100042;Aditya Birla Sun Life Liquid Fund-Retail (Growth);INF209K01ME4;;24.7171;24.7171;24.7171;27-Jun-2010

Axis Mutual Fund
112211;Axis Liquid Fund - Regular Plan - Daily IDCW;;INF846K01420;1000.0000;1000.0000;1000.0000;27-Jun-2010
112210;Axis Liquid Fund - Regular Plan - Growth Option;INF846K01412;;1030.8137;1030.8137;1030.8137;27-Jun-2010
112213;Axis Liquid Fund - Regular Plan - Monthly IDCW;INF846K01453;INF846K01461;1000.2931;1000.2931;1000.2931;27-Jun-2010
112212;Axis Liquid Fund - Regular Plan - Weekly IDCW;INF846K01438;INF846K01446;1002.8476;1002.8476;1002.8476;27-Jun-2010
112712;Axis Liquid Fund - Retail Plan - Daily IDCW;;INF846K01362;1000.0000;1000.0000;1000.0000;27-Jun-2010
112713;Axis Liquid Fund - Retail Plan - Growth Option;INF846K01354;;1014.2036;1014.2036;1014.2036;27-Jun-2010
112714;Axis Liquid Fund - Retail Plan - Monthly IDCW;INF846K01396;INF846K01404;1000.2799;1000.2799;1000.2799;27-Jun-2010
112715;Axis Liquid Fund - Retail Plan - Weekly IDCW;INF846K01370;INF846K01388;1000.8290;1000.8290;1000.8290;27-Jun-2010

Bandhan Mutual Fund
108692;BANDHAN LIQUID Fund - Regular Plan - Daily IDCW;INF194K01VZ4;INF194K01VY7;10.0025;10.0025;10.0025;27-Jun-2010
108690;BANDHAN LIQUID Fund - Regular Plan - Growth;INF194K01VX9;;11.3220;11.3220;11.3220;27-Jun-2010
108779;BANDHAN Liquid Fund-Plan A-Dividend (Daily);INF194K01VC3;INF194K01VB5;10.5819;10.5819;10.5819;27-Jun-2010
108778;BANDHAN Liquid Fund-Plan A-Growth;INF194K01UX1;;16.5896;16.5896;16.5896;27-Jun-2010
108607;BANDHAN Liquid Fund - Plan A-Dividend (Weekly);INF194K01VI0;INF194K01VH2;10.0129;10.0129;10.0129;27-Jun-2010
108781;BANDHAN Liquid Fund - Plan B (G) (Institutional Plan);INF194K01VK6;;16.7151;16.7151;16.7151;27-Jun-2010
108681;BANDHAN Liquid Fund - Plan B-Daily-Dividend(Institutional Plan);INF194K01VM2;INF194K01VL4;10.5873;10.5873;10.5873;27-Jun-2010

Bank of India Mutual Fund
109257;BANK OF INDIA Liquid Fund- Institutional Plan- Daily Dividend;;;1000.0000;1000.0000;1000.0000;27-Jun-2010
109256;BANK OF INDIA Liquid Fund- Institutional Plan-Growth;INF761K01314;;1113.9169;1113.9169;1113.9169;27-Jun-2010
111971;BANK OF INDIA Liquid Fund- Regular Plan- Daily IDCW;;INF761K01CO4;1000.0000;1000.0000;1000.0000;27-Jun-2010
109254;BANK OF INDIA Liquid Fund- Regular Plan- Growth;INF761K01306;;1103.3040;1103.3040;1103.3040;27-Jun-2010
109255;BANK OF INDIA Liquid Fund- Regular Plan- Weekly IDCW;;INF761K01CP1;1000.6739;1000.6739;1000.6739;27-Jun-2010
109263;BANK OF INDIA Liquid Fund- Super Institutional Plan-Daily Dividend;;;1000.0000;1000.0000;1000.0000;27-Jun-2010
109258;BANK OF INDIA Liquid Fund- Super Institutional Plan-Growth;INF761K01322;;1117.2498;1117.2498;1117.2498;27-Jun-2010
109262;BANK OF INDIA Liquid Fund-Institutional Plan-Weekly Dividend;;;1000.7474;1000.7474;1000.7474;27-Jun-2010

Baroda BNP Paribas Mutual Fund
111707;Baroda BNP Paribas LIQUID FUND - Regular Plan - DAILY IDCW OPTION;INF955L01468;INF955L01476;10.0063;10.0063;10.0063;27-Jun-2010
111704;Baroda BNP Paribas LIQUID FUND - Regular Plan - GROWTH OPTION;INF955L01484;;10.6593;10.6593;10.6593;27-Jun-2010
101408;Baroda BNP Paribas LIQUID FUND- Defunct Plan -Growth Option;INF955L01575;;16.1549;16.1549;16.1549;27-Jun-2010
101407;Baroda BNP Paribas LIQUID FUND-Defunct Plan- IDCW Option;INF955L01559;INF955L01567;13.8419;13.8419;13.8419;27-Jun-2010
101409;Baroda BNP Paribas LIQUID FUND-Defunct Plan-Daily IDCW Option;INF955L01518;INF955L01526;10.0606;10.0606;10.0606;27-Jun-2010

Canara Robeco Mutual Fund
109349;CANARA ROBECO LIQUID FUND - REGULAR PLAN - DAILY IDCW (Reinvestment);;INF760K01CU3;10.0550;10.0550;10.0550;27-Jun-2010
109353;CANARA ROBECO LIQUID FUND - REGULAR PLAN - GROWTH OPTION;INF760K01CW9;;11.3163;11.3163;11.3163;27-Jun-2010
109350;CANARA ROBECO LIQUID FUND - REGULAR PLAN - WEEKLY IDCW (Payout/Reinvestment);INF760K01BZ4;INF760K01CZ2;10.0550;10.0550;10.0550;27-Jun-2010
101363;Canara Robeco Liquid Fund- INSTITUTIONAL-Daily Dividend Reinvestment;;INF760K01CC1;10.0550;10.0550;10.0550;27-Jun-2010
101362;Canara Robeco Liquid Fund- INSTITUTIONAL-Growth;INF760K01CD9;;16.9238;16.9238;16.9238;27-Jun-2010
101361;Canara Robeco Liquid Fund- INSTITUTIONAL-Weekly dividend;;INF760K01CE7;10.0550;10.0550;10.0550;27-Jun-2010
109357;Canara Robeco Liquid Fund-Institutional-Fortnightly Div Reinvest;;INF760K01860;10.0550;10.0550;10.0550;27-Jun-2010
109355;Canara Robeco Liquid Fund-Regular Plan-Fortnightly Div Reinvest.;;INF760K01951;10.0550;10.0550;10.0550;27-Jun-2010
101364;Canara Robeco Liquid Fund-Retail-DRI;;INF760K01CF4;10.0700;10.0700;10.0700;27-Jun-2010
109346;Canara Robeco Liquid Fund-Retail-Fortnightly Div Reinvest;;INF760K01CG2;10.0601;10.0601;10.0601;27-Jun-2010
101365;Canara Robeco Liquid Fund-Retail-Growth;INF760K01CH0;;16.8872;16.8872;16.8872;27-Jun-2010
109347;Canara Robeco Liquid Fund-Retail-Monthly Div Reinvest;;INF760K01CI8;10.1074;10.1074;10.1074;27-Jun-2010
109356;Canara Robeco Liquid Fund-Retail-Weekly Div Reinvest;;INF760K01CJ6;10.0602;10.0602;10.0602;27-Jun-2010

DSP Mutual Fund
103347;DSP Liquidity Fund - Regular Plan - Growth;INF740K01FK9;;1331.6354;1331.6354;1331.6354;27-Jun-2010
103348;DSP Liquidity Fund - Regular Plan - IDCW - Weekly;INF740K01FM5;INF740K01FL7;1000.6164;1000.6164;1000.6164;27-Jun-2010
103349;DSP Liquidity Fund- Regular Plan - IDCW - Daily;;INF740KA1OE0;1000.3161;1000.3161;1000.3161;27-Jun-2010
100943;DSP BlackRock Liquidity Fund - Regular Plan - Daily Dividend;;;10.0100;10.0100;10.0100;27-Jun-2010
100940;DSP BlackRock Liquidity Fund - Regular Plan - Growth;INF740K01CN0;;22.1116;22.1116;22.1116;27-Jun-2010
100941;DSP BlackRock Liquidity Fund - Regular Plan Weekly Dividend;;;12.4153;12.4153;12.4153;27-Jun-2010

Franklin Templeton Mutual Fund
100543;Franklin India Liquid Fund - Liquid Plan - Daily IDCW;;;1000.6730;1000.6730;1000.6730;27-Jun-2010
100544;Franklin India Liquid Fund - Liquid Plan - Growth;;;1396.6032;1396.6032;1396.6032;27-Jun-2010
100542;Franklin India Liquid Fund - Liquid Plan - Weekly Dividend;;;1000.5749;1000.5749;1000.5749;27-Jun-2010
100541;Franklin India Liquid Fund - Regular Plan - Daily - IDCW;;INF090I01BA3;1512.3400;1512.3400;1512.3400;27-Jun-2010
100538;Franklin India Liquid Fund - Regular Plan - Growth;INF090I01BB1;;2289.2349;2289.2349;2289.2349;27-Jun-2010
100537;Franklin India Liquid Fund - Regular Plan - Weekly - IDCW;INF090I01BL0;INF090I01BI6;1244.3238;1244.3238;1244.3238;27-Jun-2010
100547;Franklin India Liquid Fund - Super Institutional Plan - Daily - IDCW;;INF090I01BF2;1000.6730;1000.6730;1000.6730;27-Jun-2010
100546;Franklin India Liquid Fund - Super Institutional Plan - Growth;INF090I01BG0;;1382.4347;1382.4347;1382.4347;27-Jun-2010
100548;Franklin India Liquid Fund - Super Institutional Plan - Weekly - IDCW;INF090I01BM8;INF090I01BH8;1021.1243;1021.1243;1021.1243;27-Jun-2010
102441;Franklin India Liquid Fund - Institution-Growth;INF090I01BD7;;1452.1551;1452.1551;1452.1551;27-Jun-2010
102443;Franklin India Liquid Fund - Institutional Plan - Daily - IDCW;;INF090I01BC9;1000.6730;1000.6730;1000.6730;27-Jun-2010
102442;Franklin India Liquid Fund - Institutional Plan - Weekly - IDCW;INF090I01BJ4;INF090I01BE5;1054.7186;1054.7186;1054.7186;27-Jun-2010

HDFC Mutual Fund
100868;HDFC Liquid Fund - Growth Plan;INF179KB1HK0;;18.4367;18.4367;18.4367;27-Jun-2010
100875;HDFC Liquid Fund - IDCW Daily;;INF179KB1IC5;10.1982;10.1982;10.1982;27-Jun-2010
100876;HDFC Liquid Fund - IDCW Monthly;INF179KB1HM6;INF179KB1HL8;10.2988;10.2988;10.2988;27-Jun-2010
100874;HDFC Liquid Fund - IDCW Plan Weekly;INF179KB1ID3;;10.3185;10.3185;10.3185;27-Jun-2010
100877;HDFC Liquid Fund-Premium Plan - Dividend-Daily;;INF179K01KN4;12.2598;12.2598;12.2598;27-Jun-2010
100878;HDFC Liquid Fund-Premium Plan - Dividend-Weekly;INF179K01KP9;;10;10;10;27-Jun-2010
100881;HDFC Liquid Fund-Premium Plus Plan - Dividend-Weekly;INF179K01KS3;;10;10;10;27-Jun-2010
100872;HDFC Liquid Fund-PREMIUM PLUS- Growth;INF179K01KQ7;;18.7049;18.7049;18.7049;27-Jun-2010
100873;HDFC Liquid Fund-PREMIUM- Growth;INF179KB1HN4;;18.6668;18.6668;18.6668;27-Jun-2010

HSBC Mutual Fund
101700;HSBC Cash Fund - Dividend - Daily;;INF336L01321;10.0056;10.0056;10.0056;27-Jun-2010
101702;HSBC Cash Fund - Dividend - Monthly;INF336L01305;INF336L01297;10.0788;10.0788;10.0788;27-Jun-2010
101701;HSBC Cash Fund - Dividend - Weekly;;INF336L01347;10.2369;10.2369;10.2369;27-Jun-2010
101692;HSBC Cash Fund - Inst. - Dividend - Daily;;INF336L01354;10.4401;10.4401;10.4401;27-Jun-2010
101694;HSBC Cash Fund - Inst. - Dividend - Monthly;INF336L01370;INF336L01362;10.5238;10.5238;10.5238;27-Jun-2010
101693;HSBC Cash Fund - Inst. - Dividend - Weekly;;INF336L01388;10.4660;10.4660;10.4660;27-Jun-2010
101691;HSBC Cash Fund - Inst. - Growth;INF336L01289;;15.1634;15.1634;15.1634;27-Jun-2010
101697;HSBC Cash Fund - Regular - Dividend - Daily;;INF336L01263;10.1930;10.1930;10.1930;27-Jun-2010
101698;HSBC Cash Fund - Regular - Dividend - Weekly;;INF336L01313;10.0191;10.0191;10.0191;27-Jun-2010
101696;HSBC Liquid Fund - Growth closed plan;INF336L01271;;15.0162;15.0162;15.0162;27-Jun-2010
101699;HSBC Liquid Fund Closed;INF336L01339;;14.2977;14.2977;14.2977;27-Jun-2010

ICICI Prudential Mutual Fund
100357;ICICI Prudential Liquid Fund -Quarterly IDCW;INF109K01UU5;INF109K01UT7;101.1522;101.1522;101.1522;27-Jun-2010
100361;ICICI Prudential Liquid Fund-Dividend-Institutional Plus - Monthly;;INF109K01VL2;100.1232;100.1232;100.1232;27-Jun-2010
100359;ICICI Prudential Liquid Institutional Plus Fund - Div - Daily;INF109K01VJ6;;118.5150;118.5150;118.5150;27-Jun-2010
100360;ICICI Prudential Liquid Institutional Plus Fund - Div - Weekly;INF109K01VM0;;118.6605;118.6605;118.6605;27-Jun-2010
100362;ICICI Prudential Liquid Institutional Plus Fund - Growth;INF109K01VK4;;230.5300;230.5300;230.5300;27-Jun-2010
103343;ICICI Prudential Liquid Fund - Daily IDCW;INF109K01VP3;;100.0223;100.0223;100.0223;27-Jun-2010
103340;ICICI Prudential Liquid Fund - Growth;INF109K01VQ1;;137.6682;137.6682;137.6682;27-Jun-2010
104308;ICICI Prudential Liquid Fund - Half Yearly IDCW;INF109K01UX9;INF109K01UW1;101.1472;101.1472;101.1472;27-Jun-2010
103344;ICICI Prudential Liquid Fund - Institutional Option - I;INF109K01VH0;;134.4955;134.4955;134.4955;27-Jun-2010
103342;ICICI Prudential Liquid Fund - Weekly IDCW;INF109K01VS7;;100.1820;100.1820;100.1820;27-Jun-2010
103341;ICICI Prudential Liquid Fund -Monthly IDCW;INF109K01VR9;;100.1424;100.1424;100.1424;27-Jun-2010
101748;ICICI Prudential Liquid Fund - Institutional - Daily - Div;INF109K01VE7;;118.5020;118.5020;118.5020;27-Jun-2010
101753;ICICI Prudential Liquid Fund - Institutional - Weekly - Div;INF109K01VI8;;118.5294;118.5294;118.5294;27-Jun-2010
101754;ICICI Prudential Liquid Fund Retail Daily Dividend;INF109K01UR1;;118.5140;118.5140;118.5140;27-Jun-2010
101750;ICICI Prudential Liquid Fund Retail Growth;INF109K01UQ3;;224.8868;224.8868;224.8868;27-Jun-2010
101755;ICICI Prudential Liquid Fund Retail Monthly Dividend;INF109K01US9;;100.3912;100.3912;100.3912;27-Jun-2010
101752;ICICI Prudential Liquid Fund Retail Weekly Dividend;INF109K01UV3;;118.8958;118.8958;118.8958;27-Jun-2010
101751;ICICI Prudential Liquid Institutional Fund - Growth;INF109K01VF4;;229.1035;229.1035;229.1035;27-Jun-2010

Invesco Mutual Fund
104484;Invesco India Liquid Fund - Daily IDCW (Reinvestment);;INF205K01HN3;10.0078;10.0078;10.0078;27-Jun-2010
104486;Invesco India Liquid Fund - Growth;INF205K01HM5;;12.7823;12.7823;12.7823;27-Jun-2010
104488;Invesco India Liquid Fund - Regular - Growth;INF205K01HG7;;12.5994;12.5994;12.5994;27-Jun-2010
104489;Invesco India Liquid Fund - Regular - Weekly IDCW (Reinvestment);;INF205K01HH5;10.0035;10.0035;10.0035;27-Jun-2010
104483;Religare Invesco Liquid Fund - Institutional - Daily Dividend;;INF205K01HJ1;10.0022;10.0022;10.0022;27-Jun-2010
104491;Religare Invesco Liquid Fund - Institutional - Growth;INF205K01HI3;;12.7223;12.7223;12.7223;27-Jun-2010
104490;Religare Invesco Liquid Fund - Institutional - Weekly Dividend;;INF205K01HK9;10.0035;10.0035;10.0035;27-Jun-2010

JM Financial Mutual Fund
100241;JM High Liquidity Fund-- Institutional Plan - Dividend;INF192K01924;INF192K01932;10.4814;10.4814;10.4814;27-Jun-2010
100237;JM High Liquidity Fund-- Institutional Plan - Growth;INF192K01940;;15.3096;15.3096;15.3096;27-Jun-2010
100238;JM High Liquidity Fund-Institutional Plan - Daily Dividend;;INF192K01916;10.0159;10.0159;10.0159;27-Jun-2010
100245;JM High Liquidity Fund-Super Institutional Plan- Daily Dividend;;INF192K01957;10.0165;10.0165;10.0165;27-Jun-2010
100246;JM High Liquidity Fund-Super Institutional Plan- Weekly  Dividend;INF192K01965;INF192K01973;10.0000;10.0000;10.0000;27-Jun-2010
100244;JM Liquid Fund (Regular) - Quarterly IDCW;INF192K01866;INF192K01874;14.3609;14.3609;14.3609;27-Jun-2010
100247;JM Liquid Fund (Regular) - Super Institutional Plan - Growth Option;INF192K01981;;14.5562;14.5562;14.5562;27-Jun-2010
100233;JM Liquid Fund (Regular) - Weekly IDCW;INF192K01841;INF192K01858;10.7256;10.7256;10.7256;27-Jun-2010
100234;JM Liquid Fund - Growth Option;INF192K01882;;25.3735;25.3735;25.3735;27-Jun-2010
101549;JM Liquid Fund (Regular) - Bonus Option - Principal Units;INF192K01890;;13.3246;13.3246;13.3246;27-Jun-2010
101078;JM Liquid Fund (Regular) - Daily IDCW;;INF192K01833;10.4302;10.4302;10.4302;27-Jun-2010

Kotak Mahindra Mutual Fund
100833;Kotak Liquid Fund - Regular  - Daily Reinvestment of Income Distribution cum capital withdrawal option;;INF174K01NL3;12.2281;12.2281;12.2281;27-Jun-2010
100835;Kotak Liquid Fund - Regular Plan - Growth;INF174K01NI9;;18.8799;18.8799;18.8799;27-Jun-2010
100831;Kotak Liquid Fund -Institutional Plan - (Daily Dividend);;INF174K01GA0;12.2281;12.2281;12.2281;27-Jun-2010
100834;Kotak Liquid Fund Regular Plan Weekly Reinvestment of Income Distribution cum capital withdrawal option Dividend;INF174K01NK5;;10.0713;10.0713;10.0713;27-Jun-2010
100830;Kotak Liquid-Institutional Plan  (Growth);INF174K01FZ9;;18.3994;18.3994;18.3994;27-Jun-2010
100832;Kotak Liquid-Institutional Plan (Weekly Dividend);;INF174K01GB8;10.03;10.03;10.03;27-Jun-2010
100828;Kotak Liquid-Regular (Dividend);;INF174K01FY2;10.0295;10.0295;10.0295;27-Jun-2010
100829;Kotak Liquid-Regular (Growth);INF174K01NM1;;18.0166;18.0166;18.0166;27-Jun-2010

L&T Mutual Fund
112445;L&T Liquid Fund -Regular Plan - Daily IDCW;INF917K01JB4;;10.1163;10.1163;10.1163;27-Jun-2010
112457;L&T Liquid Fund -Regular Plan - Growth;INF917K01JH1;;12.7693;12.7693;12.7693;27-Jun-2010
112456;L&T Liquid Fund-Cum -Institutional Plus;INF917K01BJ4;;18.7469;18.7469;18.7469;27-Jun-2010
112442;L&T Liquid Fund-Regular Cumulative;INF917K01BF2;;18.5215;18.5215;18.5215;27-Jun-2010
112483;L&T Liquid Fund - Institutional Plus Weekly Dividend;INF917K01BH8;INF917K01BI6;12.5753;12.5753;12.5753;27-Jun-2010

Mirae Asset Mutual Fund
111647;Mirae Asset Liquid Fund - Regular - Daily IDCW;;INF769K01804;1029.5361;1029.5361;1029.5361;27-Jun-2010
111646;Mirae Asset Liquid Fund - Regular Plan - Growth;INF769K01788;;1038.7566;1038.7566;1038.7566;27-Jun-2010
111645;Mirae Asset Liquid Fund - Regular Plan - Monthly IDCW;INF769K01838;INF769K01820;1038.8208;1038.8208;1038.8208;27-Jun-2010
111644;Mirae Asset Liquid Fund - Regular Plan - Weekly IDCW;INF769K01PC4;INF769K01812;1037.6324;1037.6324;1037.6324;27-Jun-2010

Navi Mutual Fund
112645;Navi Liquid Fund - Regular Plan Daily IDCW;;INF959L01GM7;10.0002;10.0002;10.0002;27-Jun-2010
112646;Navi Liquid Fund - Regular Plan Weekly IDCW;INF959L01GP0;INF959L01GQ8;10.0099;10.0099;10.0099;27-Jun-2010
112637;Navi Liquid Fund-Institutional Plan-Dividend Option-Daily;;INF959L01197;10.0000;10.0000;10.0000;27-Jun-2010
112640;Navi Liquid Fund-Institutional Plan-Growth;INF959L01247;;10.1042;10.1042;10.1042;27-Jun-2010
112636;Navi Liquid Fund-Regular Plan-Growth Option;INF959L01GL9;;10.1218;10.1218;10.1218;27-Jun-2010
112641;Navi Liquid Fund-Retail Plan-Dividend Option-Daily;;INF959L01254;10.0003;10.0003;10.0003;27-Jun-2010
112644;Navi Liquid Fund-Retail Plan-Growth;INF959L01304;;10.1476;10.1476;10.1476;27-Jun-2010

Nippon India Mutual Fund
100852;NIPPON INDIA LIQUID FUND - DAILY IDCW OPTION;;INF204K01UM1;15.2874;15.2874;15.2874;27-Jun-2010
100855;NIPPON INDIA LIQUID FUND - MONTHLY IDCW OPTION;INF204K01UO7;INF204K01UP4;21.7458;21.7458;21.7458;27-Jun-2010
100837;Nippon India Liquid Fund - Retail Option - Growth Plan;INF204K01UL3;;22.3166;22.3166;22.3166;27-Jun-2010
100842;NIPPON INDIA LIQUID FUND - RETAIL Plan - DAILY IDCW OPTION;;INF204K01UJ7;15.2428;15.2428;15.2428;27-Jun-2010
100843;NIPPON INDIA LIQUID FUND - RETAIL plan - MONTHLY IDCW OPTION;INF204K01UT6;INF204K01UU4;13.3099;13.3099;13.3099;27-Jun-2010
100844;NIPPON INDIA LIQUID FUND - RETAIL Plan - QUARTERLY IDCW OPTION;INF204K01UV2;INF204K01UW0;12.1541;12.1541;12.1541;27-Jun-2010
100838;NIPPON INDIA LIQUID FUND - RETAIL Plan - WEEKLY IDCW OPTION;;INF204K01UK5;10.3442;10.3442;10.3442;27-Jun-2010
100853;NIPPON INDIA LIQUID FUND - WEEKLY IDCW OPTION;INF204KC1FM8;INF204K01US8;15.3068;15.3068;15.3068;27-Jun-2010
100851;Nippon India Liquid Fund -Growth Plan;INF204K01UN9;;22.7107;22.7107;22.7107;27-Jun-2010
100849;Reliance Liquid Fund-Cash Plan-Daily Dividend Reinvestment Option;;;11.1415;11.1415;11.1415;27-Jun-2010
100845;Reliance Liquid Fund-Cash Plan-Growth Plan;;;15.1376;15.1376;15.1376;27-Jun-2010
100848;Reliance Liquid Fund-Cash Plan-Weekly Dividend Reinvestment Option;;;10.9196;10.9196;10.9196;27-Jun-2010

Principal Mutual Fund
100895;Principal Cash Management Fund - Daily Income Distribution CUM Capital Withdrawal;;INF173K01DB7;10.0007;10.0007;10.0007;27-Jun-2010
100898;Principal Cash Management Fund -Growth Option;INF173K01DA9;;14.491;14.491;14.491;27-Jun-2010
100892;Principal Cash Management-Liquid Option-Daily Dividend;;;10.0022;10.0022;10.0022;27-Jun-2010
100887;Principal Cash Management-Liquid Option-Dividend Plan;;;10.1236;10.1236;10.1236;27-Jun-2010
100888;Principal Cash Management-Liquid Option-Growth Plan;;;17.963;17.963;17.963;27-Jun-2010
100894;Principal Cash Management-Liquid Option-Institutional - Daily Dividend Plan;;;10.0022;10.0022;10.0022;27-Jun-2010
100893;Principal Cash Management-Liquid Option-Institutional - Growth Plan;;;15.2013;15.2013;15.2013;27-Jun-2010
100891;Principal Cash Management-Liquid Option-Institutional - Monthly Dividend Plan;;;10.0379;10.0379;10.0379;27-Jun-2010
100890;Principal Cash Management-Liquid Option-Institutional - Weekly Dividend Plan;;;10.0055;10.0055;10.0055;27-Jun-2010
100889;Principal Cash Management-Liquid Option-Monthly Dividend;;;10.0357;10.0357;10.0357;27-Jun-2010

Quantum Mutual Fund
103736;Quantum Liquid Fund - Direct Plan Daily IDCW;;INF082J01135;10.0000;10.0000;10.0000;27-Jun-2010
103734;Quantum Liquid Fund - Direct Plan Growth Option;INF082J01127;;13.2444;13.2444;13.2444;27-Jun-2010
103735;Quantum Liquid Fund - Direct Plan Monthly IDCW;INF082J01143;INF082J01200;10.0030;10.0030;10.0030;27-Jun-2010

SBI Mutual Fund
105274;SBI Liquid Fund - Institutional - Growth;INF200K01LU1;;14.7965;14.7965;14.7965;27-Jun-2010
105275;SBI Liquid Fund - Institutional Daily Income Distribution cum Capital Withdrawal Option (IDCW);;INF200K01LR7;10.0325;10.0325;10.0325;27-Jun-2010
105279;SBI Liquid Fund - Institutional Fortnightly Income Distribution cum Capital Withdrawal Option (IDCW);INF200K01LS5;INF200K01LT3;10.1631;10.1631;10.1631;27-Jun-2010
105278;SBI Liquid Fund - Institutional Weekly Income Distribution cum Capital Withdrawal Option (IDCW);INF200K01LV9;INF200K01LW7;10.6051;10.6051;10.6051;27-Jun-2010
105281;SBI Liquid Fund - Regular Plan - Daily Income Distribution cum Capital Withdrawal Option (IDCW);;INF200K01LX5;10.0325;10.0325;10.0325;27-Jun-2010
105283;SBI Liquid Fund - Regular Plan - Fortnightly Income Distribution cum Capital Withdrawal Option (IDCW);INF200K01LY3;INF200K01LZ0;N.A.;N.A.;N.A.;27-Jun-2010
105282;SBI Liquid Fund - Regular Plan - Weekly Income Distribution cum Capital Withdrawal Option (IDCW);INF200K01MB9;INF200K01MC7;N.A.;N.A.;N.A.;27-Jun-2010
105280;SBI Liquid Fund - REGULAR PLAN -Growth;INF200K01MA1;;14.6372;14.6372;14.6372;27-Jun-2010

Tata Mutual Fund
102672;Tata Liquid Fund -Regular Plan - Growth Option;INF277K01YD8;;14.6245;14.6245;14.6245;27-Jun-2010
101714;Tata Liquid Fund- Regular Plan - Daily Reinvestment of IDCW Option;;INF277K011D4;10.0152;10.0152;10.0152;27-Jun-2010

Taurus Mutual Fund
111915;Taurus Liquid Fund - Regular Plan - SI Growth Option;INF044D01534;;1000.0000;1000.0000;1000.0000;27-Jun-2010
111703;Taurus Liquid Fund - Regular Plan -SI Daily Dividend Option;;INF044D01518;1000.0111;1000.0111;1000.0111;27-Jun-2010
111547;Taurus Liquid Fund Insti DDRIP;;INF044D01484;1000.0000;1000.0000;1000.0000;27-Jun-2010
111760;Taurus Liquid Fund Insti Growth;INF044D01500;;1020.9784;1020.9784;1020.9784;27-Jun-2010
104240;Taurus Liquid Fund-Dividend;INF044D01542;INF044D01559;1001.1860;1001.1860;1001.1860;27-Jun-2010
104241;Taurus Liquid Fund-Growth;INF044D01575;;1222.5609;1222.5609;1222.5609;27-Jun-2010

UTI Mutual Fund
102010;UTI Liquid Fund - Regular Plan - Daily IDCW (Reinvestment);;INF789F01PG3;1019.4457;1019.4457;1019.4457;27-Jun-2010
102011;UTI Liquid Fund - Regular Plan - Monthly IDCW;INF789F01PI9;INF789F01PJ7;1028.8586;1028.8586;1028.8586;27-Jun-2010
102013;UTI Liquid Fund - Regular Plan - Weekly IDCW;;INF789F01PK5;1027.6219;1027.6219;1027.6219;27-Jun-2010
102012;UTI-  Liquid Cash Plan - Regular Plan - Growth Option;INF789F01PH1;;1528.9404;1528.9404;1528.9404;27-Jun-2010
102008;UTI-  Liquid Cash Plan- Discontinued - Regular Plan - Monthly Dividend Option;INF789F01BC2;INF789F01BA6;1070.603;1070.603;1070.603;27-Jun-2010
102009;UTI-  Liquid Cash Plan- Discontinued - Regular Plan -Growth;INF789F01BB4;;1505.3308;1505.3308;1505.3308;27-Jun-2010
102007;UTI-  Liquid Cash Plan- Discontinued -Regular Plan Periodic Dividend Option;;INF789F01AZ5;1056.957;1056.957;1056.957;27-Jun-2010

Open Ended Schemes ( Debt Scheme - Ultra Short Duration Fund )


Principal Mutual Fund
107325;Principal Money Manager Fund-Regular Plan-Daily Dividend Option;;;10.0247;10.0247;10.0247;27-Jun-2010
107331;Principal Money Manager Fund-Regular Plan-Growth Option;;;11.2633;11.2633;11.2633;27-Jun-2010
107327;Principal Money Manager Fund-Regular Plan-Monthly Dividend Option;;;10.5979;10.5979;10.5979;27-Jun-2010
107326;Principal Money Manager Fund-Regular Plan-Weekly Dividend Option;;;10.1096;10.1096;10.1096;27-Jun-2010
107329;Principal Ultra Short Term Fund-Daily Income Distribution CUM Capital Withdrawal Option;;INF173K01CV7;10.0247;10.0247;10.0247;27-Jun-2010
107328;Principal Ultra Short Term Fund-Growth Option;INF173K01CU9;;10.6069;10.6069;10.6069;27-Jun-2010
107330;Principal Ultra Short Term Fund-Monthly Income Distribution CUM Capital Withdrawal Option;INF173K01CB9;INF173K01CC7;10.469;10.469;10.469;27-Jun-2010

SBI Mutual Fund
105080;SBI Ultra Short Duration Fund - Regular Plan - Daily Income Distribution cum Capital Withdrawal Option (IDCW);;INF200K01LK2;16.7503;16.7503;16.7503;27-Jun-2010
100641;SBI ULTRA SHORT DURATION FUND - REGULAR PLAN - GROWTH;INF200K01LJ4;;20.6818;20.6818;20.6818;27-Jun-2010
103884;SBI Ultra Short Duration Fund - Regular Plan - Weekly Income Distribution cum Capital Withdrawal Option (IDCW);INF200K01LM8;INF200K01LL0;10.7774;10.7774;10.7774;27-Jun-2010

Open Ended Schemes ( Debt Scheme - Low Duration Fund )


Aditya Birla Sun Life Mutual Fund
103192;Aditya Birla Sun Life Low Duration Fund - Growth Plan;INF209K01LQ0;;22.6921;22.6921;22.6921;27-Jun-2010
103195;Aditya Birla Sun Life Low Duration Fund - Institutional Plan - Growth;INF209K01KE8;;15.5751;15.5751;15.5751;27-Jun-2010
103191;Aditya Birla Sun Life Low Duration Fund -INSTITUTIONAL - DAILY IDCW;;INF209K01KD0;10.0030;10.0030;10.0030;27-Jun-2010
103194;Aditya Birla Sun Life Low Duration Fund -Institutional - weekly  IDCW;;INF209K01KG3;10.0090;10.0090;10.0090;27-Jun-2010
103193;Aditya Birla Sun Life Low Duration Fund -REGULAR - WEEKLY IDCW;;INF209KA1LQ4;10.0084;10.0084;10.0084;27-Jun-2010

Bandhan Mutual Fund
108633;BANDHAN Low Duration Fund - Regular Plan - Daily IDCW;INF194K01FW4;INF194K01FV6;10.0125;10.0125;10.0125;27-Jun-2010
108632;BANDHAN Low Duration Fund - Regular Plan - Growth;INF194K01FU8;;12.7760;12.7760;12.7760;27-Jun-2010
108635;BANDHAN Low Duration Fund - Regular Plan - Monthly IDCW;INF194K01FZ7;INF194K01FY0;10.0749;10.0749;10.0749;27-Jun-2010
108634;BANDHAN Low Duration Fund - Regular Plan - Weekly IDCW;INF194K01GC4;INF194K01GB6;10.0070;10.0070;10.0070;27-Jun-2010

Canara Robeco Mutual Fund
104559;CANARA ROBECO SAVINGS FUND - REGULAR PLAN - DAILY IDCW (Reinvestment);;INF760K01803;10.2600;10.2600;10.2600;27-Jun-2010
102913;CANARA ROBECO SAVINGS FUND - REGULAR PLAN - GROWTH OPTION;INF760K01795;;14.3989;14.3989;14.3989;27-Jun-2010
102914;CANARA ROBECO SAVINGS FUND - REGULAR PLAN - IDCW (Payout/Reinvestment);INF760K01779;INF760K01787;13.8450;13.8450;13.8450;27-Jun-2010
102915;CANARA ROBECO SAVINGS FUND - REGULAR PLAN - WEEKLY IDCW (Payout/Reinvestment);INF760K01CB3;INF760K01811;10.2659;10.2659;10.2659;27-Jun-2010

Open Ended Schemes ( Debt Scheme - Money Market Fund )


Aditya Birla Sun Life Mutual Fund
101975;Aditya Birla Sun Life Floating Rate Fund-Short Term Plan-Institutional Fortnightly Dividend;;;10.0000;10.0000;10.0000;27-Jun-2010
101973;Aditya Birla Sun Life Money Manager Fund - Daily IDCW;;INF209K01SZ6;10.0000;10.0000;10.0000;27-Jun-2010
101976;Aditya Birla Sun Life Money Manager Fund - Growth;INF209K01RV7;;12.3511;12.3511;12.3511;27-Jun-2010
101972;Aditya Birla Sun Life Money Manager Fund - Retail - Daily IDCW;;INF209K01JZ5;10.0015;10.0015;10.0015;27-Jun-2010
101970;Aditya Birla Sun Life Money Manager Fund - RETAIL - WEEKLY IDCW;;INF209K01JY8;10.3777;10.3777;10.3777;27-Jun-2010
101971;Aditya Birla Sun Life Money Manager Fund - Retail Growth;INF209K01MJ3;;15.3269;15.3269;15.3269;27-Jun-2010
101974;Aditya Birla Sun Life Money Manager Fund - WEEKLY IDCW;;INF209K01SY9;10.0107;10.0107;10.0107;27-Jun-2010

Franklin Templeton Mutual Fund
101352;Templeton Floating Rate Income Fund-Short Term Plan-Dividend Option;;;10.0533;10.0533;10.0533;27-Jun-2010
101353;Templeton Floating Rate Income Fund-Short Term Plan-Growth Option;;;16.8102;16.8102;16.8102;27-Jun-2010
101355;Templeton Floating Rate Income Fund-Short Term Plan-Institutional Option - Dividend;;;10.1505;10.1505;10.1505;27-Jun-2010
101354;Templeton Floating Rate Income Fund-Short Term Plan-Institutional Option - Growth;;;13.9006;13.9006;13.9006;27-Jun-2010

HDFC Mutual Fund
101994;HDFC Money Market Fund - Daily IDCW Option;;INF179KB1IG6;10.6364;10.6364;10.6364;27-Jun-2010
101993;HDFC Money Market Fund - Growth Option;INF179KB1HR5;;19.4682;19.4682;19.4682;27-Jun-2010
101995;HDFC Money Market Fund - Weekly IDCW Option;INF179KB1IH4;INF179KB1II2;10.6277;10.6277;10.6277;27-Jun-2010

ICICI Prudential Mutual Fund
101221;ICICI Prudential Money Market Fund Retail Growth (erstwhile Cash Option);INF109K01TW3;;151.5369;151.5369;151.5369;27-Jun-2010
103634;ICICI Prudential Money Market Fund Option - Daily IDCW;INF109K01TY9;;100.0100;100.0100;100.0100;27-Jun-2010
103633;ICICI Prudential Money Market Fund Option - Growth;INF109K01TX1;;130.2722;130.2722;130.2722;27-Jun-2010
103637;ICICI Prudential Money Market Fund Option - Monthly IDCW;INF109K01UC3;INF109K01UB5;100.5851;100.5851;100.5851;27-Jun-2010
103635;ICICI Prudential Money Market Fund Option - Weekly IDCW;INF109K01TZ6;;100.1219;100.1219;100.1219;27-Jun-2010
103636;ICICI Prudential Money Market Fund Option -Fortnightly IDCW;INF109K01UA7;;100.3665;100.3665;100.3665;27-Jun-2010

Kotak Mahindra Mutual Fund
106842;Kotak Money Market Fund - (Daily Reinvestment of Income Distribution cum capital withdrawal option);INF174K01ND0;;10.1162;10.1162;10.1162;27-Jun-2010
101893;Kotak Money Market Fund - (Growth);INF174K01NA6;;15.2365;15.2365;15.2365;27-Jun-2010
101892;Kotak Money market Fund - (Monthly Payout of Income Distribution cum capital withdrawal option);INF174K018O0;INF174K01NB4;10.0179;10.0179;10.0179;27-Jun-2010
101894;Kotak Money Market Fund - (Weekly Reinvestment of Income Distribution cum capital withdrawal option);INF174K01NC2;;10.0561;10.0561;10.0561;27-Jun-2010

Nippon India Mutual Fund
103050;NIPPON INDIA MONEY MARKET FUND - DAILY IDCW Option;;INF204K01UY6;10.0051;10.0051;10.0051;27-Jun-2010
103051;NIPPON INDIA MONEY MARKET FUND - WEEKLY IDCW Option;;INF204K01UZ3;10.0065;10.0065;10.0065;27-Jun-2010
103048;Nippon India Money Market Fund-Growth Plan-Growth Option;INF204K01VA4;;14.0222;14.0222;14.0222;27-Jun-2010

Tata Mutual Fund
101986;Tata Money Market Fund- Regular Plan - Daily Reinvestment of IDCW Option;;INF277K014C0;1114.5200;1114.5200;1114.5200;27-Jun-2010
101847;Tata Money Market Fund-Regular Plan - Growth Option;INF277K01LQ7;;1718.7150;1718.7150;1718.7150;27-Jun-2010

UTI Mutual Fund
112077;UTI MMF - Regular Plan - Growth Option;INF789F01PX8;;1043.0097;1043.0097;1043.0097;27-Jun-2010
100724;UTI MMF- Discontinued - Regular Plan - Flexi Dividend Option;;INF789F01BD0;1857.0597;1857.0597;1857.0597;27-Jun-2010
100725;UTI MMF- Discontinued - Regular Plan - Periodic Dividend Option;INF789F01BE8;;1847.4535;1847.4535;1847.4535;27-Jun-2010
100723;UTI MMF-Discontinued - Regular Plan -Growth;INF789F01BF5;;2597.5812;2597.5812;2597.5812;27-Jun-2010
112076;UTI Money Market Fund - Regular Plan - Daily IDCW (Reinvestment);;INF789F01PW0;1003.3854;1003.3854;1003.3854;27-Jun-2010

Open Ended Schemes ( Debt Scheme - Credit Risk Fund )


Principal Mutual Fund
102729;Principal Credit Risk Fund - Regular Plan - Growth Option;INF173K01DM4;;14.5829;14.5829;14.5829;27-Jun-2010
102726;Principal Floating Rate Fund - SMP-Daily Dividend;;;10.0007;10.0007;10.0007;27-Jun-2010
102725;Principal Floating Rate Fund - SMP-Growth;;;14.479;14.479;14.479;27-Jun-2010
102730;Principal Floating Rate Fund - SMP-Insti. Daily Dividend;;;10.0007;10.0007;10.0007;27-Jun-2010
102731;Principal Floating Rate Fund - SMP-Insti. Weekly Dividend;;;10.0045;10.0045;10.0045;27-Jun-2010
102728;Principal Floating Rate Fund - SMP-Monthly Dividend;;;10.6607;10.6607;10.6607;27-Jun-2010
102727;Principal Floating Rate Fund - SMP-Weekly Dividend;;;10.0044;10.0044;10.0044;27-Jun-2010

Open Ended Schemes ( Debt Scheme - Floater Fund )


Franklin Templeton Mutual Fund
101048;Franklin India Floating Rate Fund - Growth Plan;INF090I01LM7;;16.0175;16.0175;16.0175;27-Jun-2010
101044;Franklin India Floating Rate Fund - IDCW ;INF090I01LN5;;10.0000;10.0000;10.0000;27-Jun-2010

Close Ended Schemes ( Income )


SBI Mutual Fund
112820;SBI Debt Fund Series -370 Days 3- Dividend (Payout);;;10.0995;N.A.;N.A.;27-Jun-2010
112819;SBI Debt Fund Series -370 Days 3- Growth;;;10.1474;N.A.;N.A.;27-Jun-2010
112818;REDEEMED-SBI Debt Fund Series - 15 Months - 5 (09/03/2010)-DIVIDEND;;;10.1346;N.A.;N.A.;27-Jun-2010
112817;REDEEMED-SBI Debt Fund Series - 15 Months - 5 (09/03/2010)-GROWTH;;;10.1910;N.A.;N.A.;27-Jun-2010
112860;Z-REDEEMED-SBI Debt Fund Series - 180 Days - 9 Dividend;;;10.1052;N.A.;N.A.;27-Jun-2010
112764;Z-REDEEMED-SBI Debt Fund Series - 180 days - 9 Growth;;;10.1505;N.A.;N.A.;27-Jun-2010
112916;Z-REDEEMED-SBI Debt Fund Series - 370 Days -4- Growth;;;10.1021;N.A.;N.A.;27-Jun-2010
112893;Z-REDEEMED-SBI Debt Fund Series - 370 Days -4-Dividend;;;10.0519;N.A.;N.A.;27-Jun-2010
