Scheme Code;Scheme Name;ISIN Div Payout/ISIN Growth;ISIN Div Reinvestment;Net Asset Value;Repurchase Price;Sale Price;Date

Open Ended Schemes ( Debt Scheme - Overnight Fund )


Axis Mutual Fund
146679;Axis Overnight Fund - Direct Plan - Daily IDCW;;INF846K01N99;1000.5073;;;21-Feb-2026
146675;Axis Overnight Fund - Direct Plan - Growth Option;INF846K01N65;;1418.0430;;;21-Feb-2026
146677;Axis Overnight Fund - Direct Plan - Monthly IDCW;INF846K01N73;INF846K01N81;1004.1689;;;21-Feb-2026
146676;Axis Overnight Fund - Direct Plan - Weekly IDCW;INF846K01N40;INF846K01N57;1001.3724;;;21-Feb-2026
146682;Axis Overnight Fund - Regular Plan - Daily IDCW;;INF846K01O56;1000.5032;;;21-Feb-2026
146678;Axis Overnight Fund - Regular Plan - Growth Option;INF846K01O23;;1412.8544;;;21-Feb-2026
146681;Axis Overnight Fund - Regular Plan - Monthly IDCW;INF846K01O31;INF846K01O49;1004.1332;;;21-Feb-2026
146680;Axis Overnight Fund - Regular Plan - Weekly IDCW;INF846K01O07;INF846K01O15;1001.3306;;;21-Feb-2026

Bajaj Finserv Mutual Fund
153437;Bajaj Finserv Overnight Fund - Direct - Unclaimed less than 3 years IDCW Plan;INF0QA701AE3;;1044.3966;;;21-Feb-2026
153438;Bajaj Finserv Overnight Fund - Direct - Unclaimed less than 3 years Redemption Plan;INF0QA701AF0;;1050.9398;;;21-Feb-2026
151843;Bajaj Finserv Overnight Fund - Direct Plan - Daily - IDCW;;INF0QA701185;1033.1412;;;21-Feb-2026
151850;Bajaj Finserv Overnight Fund - Direct Plan - Fortnightly - IDCW;INF0QA701235;INF0QA701201;1034.8137;;;21-Feb-2026
151849;Bajaj Finserv Overnight Fund - Direct Plan - Growth;INF0QA701177;;1175.4635;;;21-Feb-2026
151845;Bajaj Finserv Overnight Fund - Direct Plan - Monthly - IDCW;INF0QA701243;INF0QA701219;1033.8377;;;21-Feb-2026
151844;Bajaj Finserv Overnight Fund - Direct Plan - Weekly - IDCW;INF0QA701227;INF0QA701193;1033.8450;;;21-Feb-2026
151852;Bajaj Finserv Overnight Fund - Regular Plan - Daily - IDCW;;INF0QA701292;1032.8859;;;21-Feb-2026
151847;Bajaj Finserv Overnight Fund - Regular Plan - Fortnightly - IDCW;INF0QA701318;INF0QA701276;1034.5413;;;21-Feb-2026
151851;Bajaj Finserv Overnight Fund - Regular Plan - Growth;INF0QA701250;;1173.9159;;;21-Feb-2026
151848;Bajaj Finserv Overnight Fund - Regular Plan - Monthly - IDCW;INF0QA701326;INF0QA701284;1033.5916;;;21-Feb-2026
151846;Bajaj Finserv Overnight Fund - Regular Plan - Weekly - IDCW;INF0QA701300;INF0QA701268;1033.5645;;;21-Feb-2026

Bandhan Mutual Fund
146190;BANDHAN Overnight Fund - Direct Plan - Daily IDCW;INF194KB1462;INF194KB1470;1000.1444;;;21-Feb-2026
146191;BANDHAN Overnight Fund - Direct Plan - Growth;INF194KB1447;;1428.8464;;;21-Feb-2026
146183;BANDHAN Overnight Fund - Direct Plan - Monthly IDCW;INF194KB1496;INF194KB1504;1003.1970;;;21-Feb-2026
146184;BANDHAN Overnight Fund - Direct Plan - Periodic IDCW;INF194KB1520;INF194KB1538;1302.0392;;;21-Feb-2026
146192;BANDHAN Overnight Fund - Direct Plan - Weekly IDCW;INF194KB1553;INF194KB1561;1000.1420;;;21-Feb-2026
146188;BANDHAN Overnight Fund - Regular Plan - Daily IDCW;INF194KB1330;INF194KB1348;1000.1128;;;21-Feb-2026
146187;BANDHAN Overnight Fund - Regular Plan - Growth;INF194KB1314;;1417.9466;;;21-Feb-2026
146185;BANDHAN Overnight Fund - Regular Plan - Monthly IDCW;INF194KB1363;INF194KB1371;1003.1551;;;21-Feb-2026
146189;BANDHAN Overnight Fund - Regular Plan - Weekly IDCW;INF194KB1421;INF194KB1439;1001.0640;;;21-Feb-2026
146186;BANDHAN Overnight Fund - REGULAR PLAN PERIODIC IDCW;INF194KB1397;INF194KB1405;1297.4612;;;21-Feb-2026

Bank of India Mutual Fund
147951;BANK OF INDIA Overnight Fund Direct Plan Growth;INF761K01EU7;;1360.3944;;;21-Feb-2026
147952;BANK OF INDIA Overnight Fund Direct Plan- Daily IDCW;;INF761K01EV5;1000.0000;;;21-Feb-2026
147948;BANK OF INDIA Overnight Fund Direct Plan- Monthly IDCW;INF761K01EY9;INF761K01EX1;1003.3140;;;21-Feb-2026
147936;BANK OF INDIA Overnight Fund Regular Plan Growth;INF761K01EZ6;;1356.4402;;;21-Feb-2026
147953;BANK OF INDIA Overnight Fund Regular Plan- Daily IDCW;;INF761K01FA6;1000.0000;;;21-Feb-2026
147949;BANK OF INDIA Overnight Fund Regular Plan- Monthly IDCW;INF761K01FD0;INF761K01FC2;1003.2913;;;21-Feb-2026
149412;BANK OF INDIA Overnight Fund Unclaimed IDCW Plan - Greater than 3 Years;;;1000.0000;;;21-Feb-2026
149414;BANK OF INDIA Overnight Fund Unclaimed IDCW Plan - Up to 3 Years;;;1279.0679;;;21-Feb-2026
149415;BANK OF INDIA Overnight Fund Unclaimed Redemption Plan - Greater than 3 Years;;;1000.0000;;;21-Feb-2026
149413;BANK OF INDIA Overnight Fund Unclaimed Redemption Plan - Upto 3 Years;;;1279.3520;;;21-Feb-2026

Baroda BNP Paribas Mutual Fund
147197;Baroda BNP Paribas Overnight Fund - Direct Plan - Daily IDCW;;INF955L01HW2;1000.0028;;;21-Feb-2026
147196;Baroda BNP Paribas Overnight Fund - Direct Plan - Growth;INF955L01HV4;;1407.1482;;;21-Feb-2026
147195;Baroda BNP Paribas Overnight Fund - Direct Plan - Weekly IDCW;;INF955L01HX0;1000.6428;;;21-Feb-2026
149988;Baroda BNP Paribas Overnight Fund - Plan C - Unclaimed IDCW - Greater than 3 years;;;1000.0000;;;21-Feb-2026
149991;Baroda BNP Paribas Overnight Fund - Plan C - Unclaimed IDCW - Up to 3 years;;;1262.5317;;;21-Feb-2026
149990;Baroda BNP Paribas Overnight Fund - Plan C - Unclaimed Redemption - Greater than 3 years;;;1000.0000;;;21-Feb-2026
149989;Baroda BNP Paribas Overnight Fund - Plan C - Unclaimed Redemption - Up to 3 years;;;1262.5022;;;21-Feb-2026
147194;Baroda BNP Paribas Overnight Fund - Regular Plan - Daily IDCW;;INF955L01HT8;1000.0018;;;21-Feb-2026
147193;Baroda BNP Paribas Overnight Fund - Regular Plan - Growth;INF955L01HS0;;1400.7922;;;21-Feb-2026
147198;Baroda BNP Paribas Overnight Fund - Regular Plan - Weekly IDCW;;INF955L01HU6;1001.1162;;;21-Feb-2026

Canara Robeco Mutual Fund
147532;CANARA ROBECO OVERNIGHT FUND - DIRECT PLAN - DAILY IDCW (Reinvestment);;INF760K01JN3;1001.0012;;;21-Feb-2026
147531;CANARA ROBECO OVERNIGHT FUND - DIRECT PLAN - GROWTH OPTION;INF760K01JM5;;1383.0824;;;21-Feb-2026
147533;CANARA ROBECO OVERNIGHT FUND - REGULAR PLAN - DAILY IDCW (Reinvestment);;INF760K01JP8;1001.0000;;;21-Feb-2026
147534;CANARA ROBECO OVERNIGHT FUND - REGULAR PLAN - GROWTH OPTION;INF760K01JO1;;1381.6231;;;21-Feb-2026

DSP Mutual Fund
146062;DSP Overnight Fund - Direct Plan - Growth;INF740KA1MC8;;1435.0586;;;21-Feb-2026
146065;DSP Overnight Fund - Direct Plan - IDCW - Daily;;INF740KA1OR2;1000.1446;;;21-Feb-2026
146061;DSP Overnight Fund - Regular Plan - Growth;INF740KA1MB0;;1426.8690;;;21-Feb-2026
146066;DSP Overnight Fund - Regular Plan - IDCW - Daily;;INF740KA1OU6;1000.1489;;;21-Feb-2026
146063;DSP Overnight Fund - Regular Plan - IDCW - Weekly;INF740KA1OV4;INF740KA1OW2;1000.4223;;;21-Feb-2026
149313;Unclaimed IDCW - Beyond 3 years (Invested in DSP Overnight Fund);;;10.0014;;;21-Feb-2026
149312;Unclaimed IDCW - Upto 3 years (Invested in DSP Overnight Fund);;;12.7831;;;21-Feb-2026
149311;Unclaimed Redemption - Beyond 3 years (Invested in DSP Overnight Fund);;;10.0014;;;21-Feb-2026
149310;Unclaimed Redemption - Upto 3 years (Invested in DSP Overnight Fund);;;12.7831;;;21-Feb-2026

Edelweiss Mutual Fund
147551;Edelweiss Overnight Fund - Direct Plan - Annual - IDCW Option;INF754K01KD5;INF754K01KC7;1386.3287;;;21-Feb-2026
147557;Edelweiss Overnight Fund - Direct Plan - Daily - IDCW Option;;INF754K01JW7;1000.1996;;;21-Feb-2026
147550;Edelweiss Overnight Fund - Direct Plan - Fortnightly - IDCW Option;INF754K01JZ0;INF754K01JY3;1372.022;;;21-Feb-2026
147570;Edelweiss Overnight Fund - Direct Plan - Growth;INF754K01JV9;;1385.8657;;;21-Feb-2026
147554;Edelweiss Overnight Fund - Direct Plan - Monthly - IDCW Option;INF754K01KB9;INF754K01KA1;1061.2747;;;21-Feb-2026
147558;Edelweiss Overnight Fund - Direct Plan - Weekly - IDCW Option;;INF754K01JX5;1381.3103;;;21-Feb-2026
147556;Edelweiss Overnight Fund - Regular Plan - Annual - IDCW Option;INF754K01KM6;INF754K01KL8;1380.8666;;;21-Feb-2026
147552;Edelweiss Overnight Fund - Regular Plan - Daily - IDCW Option;;INF754K01KF0;1008.3625;;;21-Feb-2026
147549;Edelweiss Overnight Fund - Regular Plan - Fortnightly - IDCW Option;INF754K01KI4;INF754K01KH6;1096.1605;;;21-Feb-2026
147569;Edelweiss Overnight Fund - Regular Plan - Growth;INF754K01KE3;;1380.8567;;;21-Feb-2026
147555;Edelweiss Overnight Fund - Regular Plan - Monthly - IDCW Option;INF754K01KK0;INF754K01KJ2;1007.9541;;;21-Feb-2026
147553;Edelweiss Overnight Fund - Regular Plan - Weekly - IDCW Option;;INF754K01KG8;1017.0881;;;21-Feb-2026
149476;Edelweiss Overnight Fund - Unclaimed IDCW Plan - Above 3 years;;;1000;;;21-Feb-2026
149477;Edelweiss Overnight Fund - Unclaimed IDCW Plan - Upto 3 years;;;1267.9925;;;21-Feb-2026
149479;Edelweiss Overnight Fund - Unclaimed Redemption Plan - Above 3 years;;;1000;;;21-Feb-2026
149478;Edelweiss Overnight Fund - Unclaimed Redemption Plan - Upto 3 years;;;1267.9908;;;21-Feb-2026

Groww Mutual Fund
147458;Groww Overnight Fund (formerly known as Indiabulls Overnight Fund)- Direct Plan- - Income Distribution cum capital withdrawal Option ( Reinvestment);;INF666M01GM6;1001.7085;;;21-Feb-2026
147452;Groww Overnight Fund (formerly known as Indiabulls Overnight Fund)- Direct Plan- Fortnightly - Income Distribution cum capital withdrawal Option (Payout & Reinvestment);INF666M01GP9;INF666M01GQ7;1216.58;;;21-Feb-2026
147450;Groww Overnight Fund (formerly known as Indiabulls Overnight Fund)- Direct Plan- Growth Option;INF666M01GL8;;1380.3915;;;21-Feb-2026
147453;Groww Overnight Fund (formerly known as Indiabulls Overnight Fund)- Direct Plan- Monthly - Income Distribution cum capital withdrawal Option (Payout & Reinvestment);INF666M01GR5;INF666M01GS3;1003.751;;;21-Feb-2026
147451;Groww Overnight Fund (formerly known as Indiabulls Overnight Fund)- Direct Plan- Weekly - Income Distribution cum capital withdrawal Option (Payout & Reinvestment);INF666M01GN4;INF666M01GO2;1002.8599;;;21-Feb-2026
147455;Groww Overnight Fund (formerly known as Indiabulls Overnight Fund)- Regular Plan- - Income Distribution cum capital withdrawal Option ( Reinvestment);;INF666M01GU9;1001.1792;;;21-Feb-2026
147457;Groww Overnight Fund (formerly known as Indiabulls Overnight Fund)- Regular Plan- Fortnightly - Income Distribution cum capital withdrawal Option (Payout & Reinvestment);INF666M01GX3;INF666M01GY1;1002.3715;;;21-Feb-2026
147454;Groww Overnight Fund (formerly known as Indiabulls Overnight Fund)- Regular Plan- Growth Option;INF666M01GT1;;1371.8672;;;21-Feb-2026
147459;Groww Overnight Fund (formerly known as Indiabulls Overnight Fund)- Regular Plan- Monthly - Income Distribution cum capital withdrawal Option (Payout & Reinvestment);INF666M01GZ8;INF666M01HA9;1003.7994;;;21-Feb-2026
147456;Groww Overnight Fund (formerly known as Indiabulls Overnight Fund)- Regular Plan- Weekly - Income Distribution cum capital withdrawal Option (Payout & Reinvestment);INF666M01GV7;INF666M01GW5;1001.5796;;;21-Feb-2026
149394;Groww Overnight Fund (formerly known as Indiabulls Overnight Fund)- Unclaimed Dividend < 3 years;;;1278.0019;;;21-Feb-2026
149396;Groww Overnight Fund (formerly known as Indiabulls Overnight Fund)- Unclaimed Redemption < 3 Years;;;1266.657;;;21-Feb-2026
149395;Groww Overnight Fund (formerly known as Indiabulls Overnight Fund)- Unclaimed Redemption > 3 Years;;;1000;;;21-Feb-2026

Helios Mutual Fund
152151;Helios Overnight Fund - Direct Plan - Daily IDCW Option;INF0R8701087;;1000.1313;;;21-Feb-2026
152152;Helios Overnight Fund - Direct Plan - Growth Option;INF0R8701079;;1149.3438;;;21-Feb-2026
152154;Helios Overnight Fund - Regular Plan - Daily IDCW Option;INF0R8701103;;1000.1300;;;21-Feb-2026
152153;Helios Overnight Fund - Regular Plan - Growth Option;INF0R8701095;;1148.0037;;;21-Feb-2026

Invesco Mutual Fund
147884;Invesco India Overnight Fund - Direct Plan - Daily IDCW (Reinvestment);;INF205KA1122;1000.5303;;;21-Feb-2026
147883;Invesco India Overnight Fund - Direct Plan - Growth;INF205KA1163;;1353.5599;;;21-Feb-2026
147886;Invesco India Overnight Fund - Direct Plan - Monthly IDCW (Payout / Reinvestment);INF205KA1155;INF205KA1148;1003.0429;;;21-Feb-2026
147880;Invesco India Overnight Fund - Regular Plan - Daily IDCW (Reinvestment);;INF205KA1072;1000.1395;;;21-Feb-2026
147878;Invesco India Overnight Fund - Regular Plan - Growth;INF205KA1114;;1348.8715;;;21-Feb-2026
147879;Invesco India Overnight Fund - Regular Plan - Monthly IDCW (Payout / Reinvestment);INF205KA1106;INF205KA1098;1003.3312;;;21-Feb-2026
147881;Invesco India Overnight Fund - Regular Plan - Weekly IDCW (Reinvestment);;INF205KA1080;1000.8929;;;21-Feb-2026

JM Financial Mutual Fund
147838;JM Overnight Fund (Direct) - Daily IDCW;;INF192K01LY2;1000;;;21-Feb-2026
147835;JM Overnight Fund (Direct) - Weekly IDCW;INF192K01LZ9;INF192K01MA0;1000.5305;;;21-Feb-2026
147839;JM Overnight Fund (Regular) - Daily IDCW;;INF192K01LU0;1000;;;21-Feb-2026
147836;JM Overnight Fund (Regular) - Growth;INF192K01LX4;;1352.3362;;;21-Feb-2026
147834;JM Overnight Fund (Regular) - Weekly IDCW;INF192K01LV8;INF192K01LW6;1000.5128;;;21-Feb-2026
147837;JM Overnight Fund - (Direct) - Growth;INF192K01MB8;;1358.2216;;;21-Feb-2026
149828;JM Overnight Fund - (Direct) - Unclaimed IDCW - Growth Plan;;;1364.664;;;21-Feb-2026
149827;JM Overnight Fund - (Direct) - Unclaimed IDCW I.E.F. - Growth Plan;;;1073.9936;;;21-Feb-2026
149829;JM Overnight Fund - (Direct) - Unclaimed Redemption - Growth Plan;;;1358.2411;;;21-Feb-2026
149826;JM Overnight Fund - (Direct) - Unclaimed Redemption I.E.F. - Growth Plan;;;1073.9936;;;21-Feb-2026

Kotak Mahindra Mutual Fund
146141;Kotak Overnight Fund -Direct Plan-Growth Option;INF174KA1BF9;;1429.2929;;;21-Feb-2026
146142;Kotak Overnight Fund -Regular plan-Growth Option;INF174KA1BC6;;1420.0933;;;21-Feb-2026
146140;Kotak Overnight Fund-Direct Plan- Daily Reinvestment of Income Distribution cum capital withdrawal option;;INF174KA1BE2;1003.7415;;;21-Feb-2026
146138;Kotak Overnight Fund-Regular Plan- Daily Reinvestment of Income Distribution cum capital withdrawal option;;INF174KA1BB8;1004.8901;;;21-Feb-2026

LIC Mutual Fund
147516;LIC MF Overnight Fund-Direct Plan-Daily IDCW;;INF767K01QG7;1099.5861;;;21-Feb-2026
147515;LIC MF Overnight Fund-Direct Plan-Growth;INF767K01QI3;;1388.7535;;;21-Feb-2026
147513;LIC MF Overnight Fund-Direct Plan-IDCW;INF767K01QE2;INF767K01QF9;1388.9196;;;21-Feb-2026
147514;LIC MF Overnight Fund-Direct Plan-Weekly IDCW;;INF767K01QH5;1082.7899;;;21-Feb-2026
147517;LIC MF Overnight Fund-Regular Plan-Daily IDCW;;INF767K01QB8;1097.616;;;21-Feb-2026
147519;LIC MF Overnight Fund-Regular Plan-Growth;INF767K01QD4;;1377.428;;;21-Feb-2026
147512;LIC MF Overnight Fund-Regular Plan-IDCW;INF767K01PZ9;INF767K01QA0;1218.4215;;;21-Feb-2026
147518;LIC MF Overnight Fund-Regular Plan-Weekly IDCW;;INF767K01QC6;1179.9223;;;21-Feb-2026

Mahindra Manulife Mutual Fund
147563;Mahindra Manulife Overnight Fund - Direct Plan - Daily IDCW;;INF174V01846;1390.2063;;;21-Feb-2026
147564;Mahindra Manulife Overnight Fund - Direct Plan -Growth;INF174V01838;;1386.7956;;;21-Feb-2026
147566;Mahindra Manulife Overnight Fund - Regular Plan - Daily IDCW;;INF174V01820;1221.7130;;;21-Feb-2026
147565;Mahindra Manulife Overnight Fund - Regular Plan - Growth;INF174V01812;;1377.5872;;;21-Feb-2026
149471;Mahindra Manulife Overnight Fund - Unclaimed Redemption/IDCW beyond 3 years;;;1000.0000;;;21-Feb-2026
149470;Mahindra Manulife Overnight Fund - Unclaimed Redemption/IDCW upto 3 years;;;1271.7116;;;21-Feb-2026

NJ Mutual Fund
150369;NJ Overnight Fund - Direct Plan - Growth Option;INF0J8L01081;;1239.9238;;;21-Feb-2026
150368;NJ Overnight Fund - Regular Plan - Growth Option;INF0J8L01073;;1235.4865;;;21-Feb-2026
152116;NJ Overnight Fund - Unclaimed Redemption Plan - Upto 3 Years;;;1077.0396;;;21-Feb-2026

PGIM India Mutual Fund
147605;PGIM India Overnight Fund - Direct Plan - Daily Dividend Option;;INF663L01T35;1000.0086;;;21-Feb-2026
147606;PGIM India Overnight Fund - Direct Plan - Growth Option;INF663L01T01;;1381.7554;;;21-Feb-2026
147608;PGIM India Overnight Fund - Direct Plan - Weekly Dividend Option;INF663L01T19;INF663L01T27;999.9012;;;21-Feb-2026
147609;PGIM India Overnight Fund - Regular Plan - Daily Dividend Option;;INF663L01T76;1000;;;21-Feb-2026
147607;PGIM India Overnight Fund - Regular Plan - Weekly Dividend Option;INF663L01T50;INF663L01T68;1007.2148;;;21-Feb-2026
147600;PGIM India Overnight Fund - Regular Plan- Growth Option;INF663L01T43;;1375.6755;;;21-Feb-2026

Samco Mutual Fund
150631;Samco Overnight Fund - Direct Plan - Growth Option;INF0K1H01040;;1224.1069;;;21-Feb-2026
150632;Samco Overnight Fund - Regular Plan - Growth Option;INF0K1H01032;;1215.2458;;;21-Feb-2026
153021;Samco Overnight Fund - Unclaimed Redemption Upto 3 years;;;1070.9894;;;21-Feb-2026

Shriram Mutual Fund
150562;Shriram Overnight Fund -  Direct Growth;INF680P01323;;12.3702;;;21-Feb-2026
150561;Shriram Overnight Fund - Direct Daily IDCW;;INF680P01331;10.0001;;;21-Feb-2026
150567;Shriram Overnight Fund - Direct Monthly IDCW;INF680P01380;INF680P01398;10.0068;;;21-Feb-2026
150558;Shriram Overnight Fund - Regular Daily IDCW;;INF680P01257;10.0001;;;21-Feb-2026
150565;Shriram Overnight Fund - Regular Growth;INF680P01232;;12.3345;;;21-Feb-2026
150560;Shriram Overnight Fund - Regular Monthly IDCW;INF680P01307;INF680P01315;10.0071;;;21-Feb-2026

Trust Mutual Fund
149796;TRUST MF OVERNIGHT FUND-DIRECT PLAN-DAILY IDCW REINVESTMENT;;INF0GCD01461;1240.5769;;;21-Feb-2026
149797;TRUST MF OVERNIGHT FUND-DIRECT PLAN-GROWTH;INF0GCD01453;;1267.254;;;21-Feb-2026
149798;TRUST MF OVERNIGHT FUND-REGULAR PLAN-DAILY IDCW REINVESTMENT;;INF0GCD01446;1239.3418;;;21-Feb-2026
149795;TRUST MF OVERNIGHT FUND-REGULAR-GROWTH;INF0GCD01438;;1264.6796;;;21-Feb-2026

Union Mutual Fund
147002;Union Overnight Fund - Direct Plan - Daily IDCW Option;;INF582M01FB0;1000.8013;;;21-Feb-2026
147003;Union Overnight Fund - Direct Plan - Growth Option;INF582M01FA2;;1410.1265;;;21-Feb-2026
147006;Union Overnight Fund - Direct Plan - Monthly IDCW Option;INF582M01FG9;INF582M01FE4;1003.8937;;;21-Feb-2026
146998;Union Overnight Fund - Regular Plan - Daily IDCW Option;;INF582M01FK1;1001.2621;;;21-Feb-2026
146997;Union Overnight Fund - Regular Plan - Growth Option;INF582M01FJ3;;1400.5319;;;21-Feb-2026
147000;Union Overnight Fund - Regular Plan - Monthly IDCW Option;INF582M01FP0;INF582M01FN5;1003.8238;;;21-Feb-2026
149451;Union Overnight Fund - Unclaimed Amounts Plan - IDCW Beyond 3 years;;;1000.0000;;;21-Feb-2026
149452;Union Overnight Fund - Unclaimed Amounts Plan - IDCW Upto 3 years;;;1270.4665;;;21-Feb-2026
149453;Union Overnight Fund - Unclaimed Amounts Plan - Redemption Beyond 3 years;;;1000.0000;;;21-Feb-2026
149454;Union Overnight Fund - Unclaimed Amounts Plan - Redemption Upto 3 years;;;1270.5731;;;21-Feb-2026

UTI Mutual Fund
100814;UTI - Overnight  Fund - Regular Plan - Growth Option;INF789F01604;;3626.5722;;;21-Feb-2026
120785;UTI - Overnight Fund - Direct Plan - Growth Option;INF789FB1S71;;3667.0893;;;21-Feb-2026
124266;UTI Overnight Fund - Direct Plan - Daily IDCW;;INF789FB1S89;1371.6621;;;21-Feb-2026
120786;UTI Overnight Fund - Direct Plan - Periodic IDCW;INF789FB1T05;INF789FB1S97;1924.5394;;;21-Feb-2026
124265;UTI Overnight Fund - Regular Plan - Daily IDCW;;INF789FB1T13;1370.8617;;;21-Feb-2026
100813;UTI Overnight Fund - Regular Plan - Periodic IDCW;INF789F01588;INF789F01596;1868.2838;;;21-Feb-2026

Zerodha Mutual Fund
153436;Zerodha Overnight Fund - Direct Plan - Growth Option;INF0R8F01075;;10.4869;;;21-Feb-2026

Open Ended Schemes ( Debt Scheme - Liquid Fund )


Abakkus Mutual Fund
154049;Abakkus Liquid Fund - Direct Plan - Daily IDCW Reinvestment;;INF2JJD01011;100.0329;;;21-Feb-2026
154051;Abakkus Liquid Fund - Direct Plan - Growth;INF2JJD01029;;101.0429;;;21-Feb-2026
154055;Abakkus Liquid Fund - Direct Plan - Monthly IDCW Reinvestment;;INF2JJD01037;100.0996;;;21-Feb-2026
154052;Abakkus Liquid Fund - Direct Plan - Quarterly IDCW Reinvestment;;INF2JJD01052;101.0420;;;21-Feb-2026
154050;Abakkus Liquid Fund - Direct Plan - Weekly IDCW Reinvestment;;INF2JJD01045;100.0860;;;21-Feb-2026
154053;Abakkus Liquid Fund - Regular Plan - Daily IDCW Reinvestment;;INF2JJD01060;100.0344;;;21-Feb-2026
154047;Abakkus Liquid Fund - Regular Plan - Growth;INF2JJD01078;;101.0268;;;21-Feb-2026
154048;Abakkus Liquid Fund - Regular Plan - Monthly IDCW Reinvestment;;INF2JJD01086;100.0986;;;21-Feb-2026
154054;Abakkus Liquid Fund - Regular Plan - Quarterly IDCW Reinvestment;;INF2JJD01102;101.0269;;;21-Feb-2026
154056;Abakkus Liquid Fund - Regular Plan - Weekly IDCW Reinvestment;;INF2JJD01094;100.0792;;;21-Feb-2026

Axis Mutual Fund
120388;Axis Liquid Fund - Direct Plan - Daily IDCW;;INF846K01DA0;1000.9560;;;21-Feb-2026
120389;Axis Liquid Fund - Direct Plan - Growth Option;INF846K01CX4;;3045.5193;;;21-Feb-2026
120391;Axis Liquid Fund - Direct Plan - Monthly IDCW;INF846K01CY2;INF846K01CZ9;1005.3297;;;21-Feb-2026
120390;Axis Liquid Fund - Direct Plan - Weekly IDCW;INF846K01DB8;INF846K01DC6;1002.9008;;;21-Feb-2026
112211;Axis Liquid Fund - Regular Plan - Daily IDCW;;INF846K01420;1001.3998;;;21-Feb-2026
112210;Axis Liquid Fund - Regular Plan - Growth Option;INF846K01412;;3017.7873;;;21-Feb-2026
112213;Axis Liquid Fund - Regular Plan - Monthly IDCW;INF846K01453;INF846K01461;1005.8536;;;21-Feb-2026
112212;Axis Liquid Fund - Regular Plan - Weekly IDCW;INF846K01438;INF846K01446;1002.8867;;;21-Feb-2026
112712;Axis Liquid Fund - Retail Plan - Daily IDCW;;INF846K01362;1000.9559;;;21-Feb-2026
112713;Axis Liquid Fund - Retail Plan - Growth Option;INF846K01354;;2754.6255;;;21-Feb-2026
112714;Axis Liquid Fund - Retail Plan - Monthly IDCW;INF846K01396;INF846K01404;1004.9157;;;21-Feb-2026
112715;Axis Liquid Fund - Retail Plan - Weekly IDCW;INF846K01370;INF846K01388;1001.5686;;;21-Feb-2026

Bajaj Finserv Mutual Fund
151835;Bajaj Finserv Liquid Fund - Direct Plan - Daily - IDCW;;INF0QA701029;1034.6939;;;21-Feb-2026
151838;Bajaj Finserv Liquid Fund - Direct Plan - Fortnightly - IDCW;INF0QA701078;INF0QA701045;1036.8799;;;21-Feb-2026
151833;Bajaj Finserv Liquid Fund - Direct Plan - Growth;INF0QA701011;;1195.0166;;;21-Feb-2026
151836;Bajaj Finserv Liquid Fund - Direct Plan - Monthly - IDCW;INF0QA701086;INF0QA701052;1035.5426;;;21-Feb-2026
151834;Bajaj Finserv Liquid Fund - Direct Plan - Weekly - IDCW;INF0QA701060;INF0QA701037;1035.5620;;;21-Feb-2026
151839;Bajaj Finserv Liquid Fund - Regular Plan - Daily - IDCW;;INF0QA701136;1033.8241;;;21-Feb-2026
151841;Bajaj Finserv Liquid Fund - Regular Plan - Fortnightly - IDCW;INF0QA701151;INF0QA701110;1035.9369;;;21-Feb-2026
151837;Bajaj Finserv Liquid Fund - Regular Plan - Growth;INF0QA701094;;1189.5982;;;21-Feb-2026
151842;Bajaj Finserv Liquid Fund - Regular Plan - Monthly - IDCW;INF0QA701169;INF0QA701128;1034.6437;;;21-Feb-2026
151840;Bajaj Finserv Liquid Fund - Regular Plan - Weekly - IDCW;INF0QA701144;INF0QA701102;1034.6509;;;21-Feb-2026

Bandhan Mutual Fund
108692;BANDHAN LIQUID Fund - Regular Plan - Daily IDCW;INF194K01VZ4;INF194K01VY7;1001.5720;;;21-Feb-2026
108690;BANDHAN LIQUID Fund - Regular Plan - Growth;INF194K01VX9;;3271.4323;;;21-Feb-2026
108693;BANDHAN LIQUID Fund - Regular Plan - Monthly IDCW;INF194K01WF4;INF194K01WE7;1005.0905;;;21-Feb-2026
115489;BANDHAN LIQUID Fund - Regular Plan - Periodic IDCW;INF194K01WC1;INF194K01WB3;1412.4151;;;21-Feb-2026
108691;BANDHAN LIQUID Fund - Regular Plan - Weekly IDCW;INF194K01WI8;INF194K01WH0;1001.5305;;;21-Feb-2026
139582;BANDHAN LIQUID Fund - Unclaimed IDCW Less than 3 years;INF194KA14C0;;1.7609;;;21-Feb-2026
139583;BANDHAN LIQUID Fund - Unclaimed IDCW More than 3 years;INF194KA15C7;;1.0000;;;21-Feb-2026
139584;BANDHAN LIQUID Fund - Unclaimed Redemption Less than 3 years;INF194KA12C4;;1.7609;;;21-Feb-2026
139585;BANDHAN LIQUID Fund - Unclaimed Redemption More than 3 years;INF194KA13C2;;1.0000;;;21-Feb-2026
118365;BANDHAN LIQUID Fund -Direct Plan -Monthly IDCW;INF194K01J36;INF194K01J28;1011.5066;;;21-Feb-2026
118367;BANDHAN LIQUID Fund -Direct Plan -Weekly IDCW;INF194KB1JT8;INF194K01J51;1007.2739;;;21-Feb-2026
118366;BANDHAN LIQUID Fund -Direct Plan-Daily IDCW;;INF194K01I78;1001.8266;;;21-Feb-2026
118364;BANDHAN LIQUID Fund -Direct Plan-Growth;INF194K01I60;;3306.1627;;;21-Feb-2026
118363;BANDHAN LIQUID Fund -Direct Plan-Periodic IDCW;INF194K01J02;INF194K01I94;1331.9424;;;21-Feb-2026

Bank of India Mutual Fund
119368;BANK OF INDIA Liquid Fund- Direct Plan- Daily IDCW;;INF761K01CL0;1005.0000;;;21-Feb-2026
119369;BANK OF INDIA Liquid Fund- Direct Plan- Growth;INF761K01785;;3153.8494;;;21-Feb-2026
119370;BANK OF INDIA Liquid Fund- Direct Plan- Weekly IDCW;;INF761K01CM8;1005.7876;;;21-Feb-2026
111971;BANK OF INDIA Liquid Fund- Regular Plan- Daily IDCW;;INF761K01CO4;1005.0000;;;21-Feb-2026
109254;BANK OF INDIA Liquid Fund- Regular Plan- Growth;INF761K01306;;3122.0561;;;21-Feb-2026
109255;BANK OF INDIA Liquid Fund- Regular Plan- Weekly IDCW;;INF761K01CP1;1005.7827;;;21-Feb-2026

Baroda BNP Paribas Mutual Fund
119414;Baroda BNP Paribas LIQUID FUND - DIRECT PLAN - DAILY IDCW OPTION;INF955L01AK2;;1002.0849;;;21-Feb-2026
119415;Baroda BNP Paribas LIQUID FUND - DIRECT PLAN - GROWTH OPTION;INF955L01AL0;;3156.4418;;;21-Feb-2026
119416;Baroda BNP Paribas LIQUID FUND - DIRECT PLAN - WEEKLY IDCW OPTION;INF251K01SL8;;1220.5711;;;21-Feb-2026
111707;Baroda BNP Paribas LIQUID FUND - Regular Plan - DAILY IDCW OPTION;INF955L01468;INF955L01476;1001.1996;;;21-Feb-2026
111704;Baroda BNP Paribas LIQUID FUND - Regular Plan - GROWTH OPTION;INF955L01484;;3114.5470;;;21-Feb-2026
111705;Baroda BNP Paribas LIQUID FUND - Regular Plan - WEEKLY IDCW OPTION;INF251K01SK0;INF955L01500;1000.9766;;;21-Feb-2026
101408;Baroda BNP Paribas LIQUID FUND- Defunct Plan -Growth Option;INF955L01575;;4585.3391;;;21-Feb-2026
101407;Baroda BNP Paribas LIQUID FUND-Defunct Plan- IDCW Option;INF955L01559;INF955L01567;3783.3342;;;21-Feb-2026

Canara Robeco Mutual Fund
118307;CANARA ROBECO LIQUID FUND - DIRECT PLAN - DAILY IDCW (Reinvestment);;INF760K01FS0;1005.5000;;;21-Feb-2026
118305;CANARA ROBECO LIQUID FUND - DIRECT PLAN - GROWTH OPTION;INF760K01FU6;;3282.2260;;;21-Feb-2026
118304;CANARA ROBECO LIQUID FUND - DIRECT PLAN - IDCW (Payout/Reinvestment);INF760K01FT8;;2348.8715;;;21-Feb-2026
118306;CANARA ROBECO LIQUID FUND - DIRECT PLAN - MONTHLY IDCW (Payout/Reinvestment);INF760K01FV4;INF760K01FW2;1004.5316;;;21-Feb-2026
118308;CANARA ROBECO LIQUID FUND - DIRECT PLAN - WEEKLY IDCW (Payout/Reinvestment);INF760K01FY8;INF760K01FX0;1000.7534;;;21-Feb-2026
109349;CANARA ROBECO LIQUID FUND - REGULAR PLAN - DAILY IDCW (Reinvestment);;INF760K01CU3;1005.5000;;;21-Feb-2026
109353;CANARA ROBECO LIQUID FUND - REGULAR PLAN - GROWTH OPTION;INF760K01CW9;;3261.3151;;;21-Feb-2026
109351;CANARA ROBECO LIQUID FUND - REGULAR PLAN - MONTHLY IDCW (Payout/Reinvestment);INF760K01CX7;INF760K01CY5;1004.4311;;;21-Feb-2026
109350;CANARA ROBECO LIQUID FUND - REGULAR PLAN - WEEKLY IDCW (Payout/Reinvestment);INF760K01BZ4;INF760K01CZ2;1000.7494;;;21-Feb-2026
139235;Canara Robeco Liquid Fund -Unclaimed Redemption and Dividend Plan -Direct Growth Option;INF760K01IC8;;1791.0298;;;21-Feb-2026

Capitalmind Mutual Fund
154011;Capitalmind Liquid Fund - Direct-Growth;INF226401034;;1015.4863;;;21-Feb-2026
154010;Capitalmind Liquid Fund - Regular-Growth;INF226401042;;1015.0075;;;21-Feb-2026

DSP Mutual Fund
119125;DSP Liquidity Fund - Direct Plan - Growth;INF740K01QL4;;3915.9043;;;21-Feb-2026
119124;DSP Liquidity Fund - Direct Plan - IDCW - Daily;;INF740KA1OB6;1001.3199;;;21-Feb-2026
119123;DSP Liquidity Fund - Direct Plan - IDCW - Weekly;INF740KA1OC4;INF740KA1OD2;1001.4990;;;21-Feb-2026
103347;DSP Liquidity Fund - Regular Plan - Growth;INF740K01FK9;;3869.1591;;;21-Feb-2026
103348;DSP Liquidity Fund - Regular Plan - IDCW - Weekly;INF740K01FM5;INF740K01FL7;1001.4946;;;21-Feb-2026
103349;DSP Liquidity Fund- Regular Plan - IDCW - Daily;;INF740KA1OE0;1001.3172;;;21-Feb-2026

Edelweiss Mutual Fund
140194;Edelweiss Liquid Fund - Direct Plan - Bonus Option;INF754K01GY9;;2058.9448;;;21-Feb-2026
140196;Edelweiss Liquid Fund - Direct Plan - Growth Option;INF754K01GM4;;3539.0346;;;21-Feb-2026
140198;Edelweiss Liquid Fund - Direct Plan - IDCW Option;INF754K01GO0;INF754K01GN2;3539.0482;;;21-Feb-2026
140192;Edelweiss Liquid Fund - Direct Plan Annual - IDCW Option;INF754K01GX1;INF754K01GT9;3539.0099;;;21-Feb-2026
140193;Edelweiss Liquid Fund - Direct Plan daily - IDCW Option;;INF754K01GP7;1181.7881;;;21-Feb-2026
140199;Edelweiss Liquid Fund - Direct Plan Fortnightly - IDCW Option;INF754K01GV5;INF754K01GR3;2475.7818;;;21-Feb-2026
140197;Edelweiss Liquid Fund - Direct Plan Monthly - IDCW Option;INF754K01GW3;INF754K01GS1;1009.2743;;;21-Feb-2026
140195;Edelweiss Liquid Fund - Direct Plan weekly - IDCW Option;INF754K01GU7;INF754K01GQ5;2174.4301;;;21-Feb-2026
140189;Edelweiss Liquid Fund - Regular Plan - Bonus Option;INF754K01HR1;;2018.9997;;;21-Feb-2026
140182;Edelweiss Liquid Fund - Regular Plan - Growth Option;INF754K01GZ6;;3465.9049;;;21-Feb-2026
140190;Edelweiss Liquid Fund - Regular Plan - IDCW Option;INF754K01GK8;INF754K01GL6;3465.9077;;;21-Feb-2026
140188;Edelweiss Liquid Fund - Regular Plan Annual - IDCW Option;INF754K01HQ3;INF754K01HP5;2398.1074;;;21-Feb-2026
140181;Edelweiss Liquid Fund - Regular Plan Daily - IDCW Option;;INF754K01HA7;1283.3246;;;21-Feb-2026
140184;Edelweiss Liquid Fund - Regular Plan Fortnightly - IDCW Option;INF754K01HK6;INF754K01HC3;2155.0867;;;21-Feb-2026
140183;Edelweiss Liquid Fund - Regular Plan Monthly - IDCW Option;INF754K01HL4;INF754K01HD1;1087.7467;;;21-Feb-2026
140185;Edelweiss Liquid Fund - Regular Plan Weekly - IDCW Option;INF754K01HJ8;INF754K01HB5;1215.9628;;;21-Feb-2026
140176;Edelweiss Liquid Fund - Retail Plan - Growth Option;INF754K01HE9;;3151.9571;;;21-Feb-2026
140178;Edelweiss Liquid Fund - Retail Plan - Weekly Dividend Option;;INF754K01HG4;1231.7329;;;21-Feb-2026
140177;Edelweiss Liquid Fund - Retail Plan Daily - IDCW Option;;INF754K01HF6;1129.443;;;21-Feb-2026
140180;Edelweiss Liquid Fund - Retail Plan Monthly - IDCW Option;;INF754K01HI0;1249.6985;;;21-Feb-2026

Groww Mutual Fund
119135;Groww Liquid Fund ( formerly known as Indiabulls Liquid )Fund - Direct Plan - Growth Option;INF666M01451;;2654.3496;;;21-Feb-2026
119136;Groww Liquid Fund (formerly known as Indiabulls Liquid Fund) - Direct Plan- - Income Distribution cum capital withdrawal Option ( Reinvestment);;INF666M01469;1002.2478;;;21-Feb-2026
115991;Groww Liquid Fund (formerly known as Indiabulls Liquid Fund) - Regular Plan - Growth Option;INF666M01014;;2620.5811;;;21-Feb-2026
119138;Groww Liquid Fund (formerly known as Indiabulls Liquid Fund)- Direct Plan- Fortnightly - Income Distribution cum capital withdrawal Option (Payout & Reinvestment);INF666M01501;INF666M01485;1003.6961;;;21-Feb-2026
119139;Groww Liquid Fund (formerly known as Indiabulls Liquid Fund)- Direct Plan- Monthly - Income Distribution cum capital withdrawal Option (Payout & Reinvestment);INF666M01519;INF666M01493;1033.0559;;;21-Feb-2026
119137;Groww Liquid Fund (formerly known as Indiabulls Liquid Fund)- Direct Plan- Weekly - Income Distribution cum capital withdrawal Option (Payout & Reinvestment);INF666M01527;INF666M01477;1002.5977;;;21-Feb-2026
115992;Groww Liquid Fund (formerly known as Indiabulls Liquid Fund)- Regular Plan- - Income Distribution cum capital withdrawal Option (Reinvestment);;INF666M01022;1002.2451;;;21-Feb-2026
115995;Groww Liquid Fund (formerly known as Indiabulls Liquid Fund)- Regular Plan- Monthly - Income Distribution cum capital withdrawal Option (Payout & Reinvestment);INF666M01071;INF666M01055;1005.2539;;;21-Feb-2026
115993;Groww Liquid Fund (formerly known as Indiabulls Liquid Fund)- Regular Plan- Weekly - Income Distribution cum capital withdrawal Option (Payout & Reinvestment);INF666M01089;INF666M01030;1002.583;;;21-Feb-2026
115994;Groww Liquid Fund (formerly known as Indiabulls Liquid) Fund- Regular Plan- Fortnightly - Income Distribution cum capital withdrawal Option (Payout & Reinvestment);INF666M01063;INF666M01048;1003.6593;;;21-Feb-2026

Invesco Mutual Fund
104484;Invesco India Liquid Fund - Daily IDCW (Reinvestment);;INF205K01HN3;1002.7594;;;21-Feb-2026
120537;Invesco India Liquid Fund - Direct Plan - Growth;INF205K01MF9;;3757.6927;;;21-Feb-2026
120536;Invesco India Liquid Fund - Direct Plan - Monthly IDCW (Payout / Reinvestment);INF205K01MG7;INF205K01MH5;1086.6262;;;21-Feb-2026
120535;Invesco India Liquid Fund - Direct Plan - Weekly IDCW (Reinvestment);INF205KA1BE5;INF205K01MI3;1073.2341;;;21-Feb-2026
120534;Invesco India Liquid Fund - Direct Plan- Daily IDCW (Reinvestment);;INF205K01ME2;1005.8604;;;21-Feb-2026
104486;Invesco India Liquid Fund - Growth;INF205K01HM5;;3724.3299;;;21-Feb-2026
104492;Invesco India Liquid Fund - Monthly IDCW (Payout / Reinvestment);INF205K01HQ6;INF205K01HP8;1007.0898;;;21-Feb-2026
104488;Invesco India Liquid Fund - Regular - Growth;INF205K01HG7;;3286.714;;;21-Feb-2026
104489;Invesco India Liquid Fund - Regular - Weekly IDCW (Reinvestment);;INF205K01HH5;1004.2739;;;21-Feb-2026
139390;Invesco India Liquid Fund - Unclaimed Dividend Plan - Above 3 Years;;;1000;;;21-Feb-2026
139389;Invesco India Liquid Fund - Unclaimed Dividend Plan - Below 3 Years;;;1781.0687;;;21-Feb-2026
139388;Invesco India Liquid Fund - Unclaimed Redemption Plan - Above 3 Years;;;1000;;;21-Feb-2026
139387;Invesco India Liquid Fund - Unclaimed Redemption Plan - Below 3 years;;;1780.6687;;;21-Feb-2026
104485;Invesco India Liquid Fund - Weekly IDCW (Reinvestment);INF205KA1BD7;INF205K01HO1;1019.3803;;;21-Feb-2026

JM Financial Mutual Fund
120411;JM Liquid Fund (Direct) - Daily IDCW;;INF192K01CH6;10.4302;;;21-Feb-2026
120406;JM Liquid Fund (Direct) - Growth Option;INF192K01CM6;;74.7349;;;21-Feb-2026
120408;JM Liquid Fund (Direct) - Quarterly IDCW;INF192K01CK0;INF192K01CL8;42.4301;;;21-Feb-2026
120407;JM Liquid Fund (Direct) - Weekly IDCW;INF192K01CI4;INF192K01CJ2;11.0129;;;21-Feb-2026
100244;JM Liquid Fund (Regular) - Quarterly IDCW;INF192K01866;INF192K01874;41.8259;;;21-Feb-2026
100247;JM Liquid Fund (Regular) - Super Institutional Plan - Growth Option;INF192K01981;;42.4857;;;21-Feb-2026
100233;JM Liquid Fund (Regular) - Weekly IDCW;INF192K01841;INF192K01858;11.0103;;;21-Feb-2026
100234;JM Liquid Fund - Growth Option;INF192K01882;;73.8959;;;21-Feb-2026
148414;JM Liquid Fund - Unclaimed Application Refund Amount I.E.F. (Direct) - Growth Plan;;;41.4437;;;21-Feb-2026
148413;JM Liquid Fund - Unclaimed Brokerage I.E.F. (Direct) - Growth Plan;;;41.4437;;;21-Feb-2026
101549;JM Liquid Fund (Regular) - Bonus Option - Principal Units;INF192K01890;;23.6617;;;21-Feb-2026
101078;JM Liquid Fund (Regular) - Daily IDCW;;INF192K01833;10.4302;;;21-Feb-2026

Kotak Mahindra Mutual Fund
119764;Kotak Liquid Fund - Direct Plan - Daily Reinvestment of Income Distribution cum capital withdrawal option;;INF174K01NH1;1223.0092;;;21-Feb-2026
119766;Kotak Liquid Fund - Direct Plan - Growth;INF174K01NE8;;5531.0781;;;21-Feb-2026
100833;Kotak Liquid Fund - Regular  - Daily Reinvestment of Income Distribution cum capital withdrawal option;;INF174K01NL3;1239.6427;;;21-Feb-2026
100835;Kotak Liquid Fund - Regular Plan - Growth;INF174K01NI9;;5475.2358;;;21-Feb-2026
153586;Kotak Liquid Fund - Regular Plan - Weekly - Reinvestment & Payout of Income Distribution cum capital withdrawal option;INF174KA1WK5;INF174KA1WM1;1017.1604;;;21-Feb-2026

LIC Mutual Fund
120248;LIC MF Liquid Fund-Direct Plan-Daily IDCW;INF767K01DL5;INF767K01DM3;1034.6038;;;21-Feb-2026
120249;LIC MF Liquid Fund-Direct Plan-Growth;INF767K01DN1;;4970.4485;;;21-Feb-2026
151930;LIC MF Liquid Fund-Direct Plan-Monthly IDCW;INF397L01AK7;INF397L01AJ9;1206.5555;;;21-Feb-2026
151932;LIC MF Liquid Fund-Direct Plan-Weekly IDCW;INF397L01AM3;INF397L01AL5;1077.7191;;;21-Feb-2026
101184;LIC MF Liquid Fund-Regular Plan-Daily IDCW;INF767K01IQ3;INF767K01IR1;1000.1751;;;21-Feb-2026
101185;LIC MF Liquid Fund-Regular Plan-Growth;INF767K01IS9;;4896.9446;;;21-Feb-2026
151928;LIC MF Liquid Fund-Regular Plan-Monthly IDCW;INF397L01976;INF397L01968;1186.3415;;;21-Feb-2026
151927;LIC MF Liquid Fund-Regular Plan-Weekly IDCW;INF397L01950;INF397L01943;1002.1433;;;21-Feb-2026

Mahindra Manulife Mutual Fund
139535;Mahindra Manulife Liquid Fund - Direct Plan - Daily IDCW;;INF174V01051;1252.2441;;;21-Feb-2026
139536;Mahindra Manulife Liquid Fund - Direct Plan - Weekly IDCW;;INF174V01069;1003.3230;;;21-Feb-2026
139538;Mahindra Manulife Liquid Fund - Direct Plan -Growth;INF174V01044;;1783.6462;;;21-Feb-2026
139534;Mahindra Manulife Liquid Fund - Regular Plan - Daily IDCW;;INF174V01028;1001.0530;;;21-Feb-2026
139537;Mahindra Manulife Liquid Fund - Regular Plan - Growth;INF174V01010;;1763.4506;;;21-Feb-2026
139541;Mahindra Manulife Liquid Fund - Regular Plan - Weekly IDCW;;INF174V01036;1009.7385;;;21-Feb-2026

PGIM India Mutual Fund
138285;PGIM India Liquid Fund - Daily Dividend;;INF223J01BO9;100.304;;;21-Feb-2026
138297;PGIM India Liquid Fund - Direct Plan - Daily Dividend;INF223J01NR7;;127.3067;;;21-Feb-2026
138299;PGIM India Liquid Fund - Direct Plan - Growth;INF223J01NS5;;357.2061;;;21-Feb-2026
138298;PGIM India Liquid Fund - Direct Plan - Monthly Dividend;INF223J01NT3;INF223J01NU1;116.9448;;;21-Feb-2026
138301;PGIM India Liquid Fund - Direct Plan - Weekly Dividend;INF223J01NV9;INF223J01NW7;100.5203;;;21-Feb-2026
138288;PGIM India Liquid Fund - Growth;INF223J01BP6;;352.7409;;;21-Feb-2026
138287;PGIM India Liquid Fund - Monthly Dividend;INF223J01BL5;;117.3881;;;21-Feb-2026
138289;PGIM India Liquid Fund - Weekly Dividend;INF223J01BU6;;100.52;;;21-Feb-2026

PPFAS Mutual Fund
143263;Parag Parikh Liquid Fund- Direct Plan- Daily Reinvestment of IDCW;;INF879O01118;1000.5438;;;21-Feb-2026
143269;Parag Parikh Liquid Fund- Direct Plan- Growth;INF879O01068;;1514.2638;;;21-Feb-2026
143262;Parag Parikh Liquid Fund- Direct Plan- Monthly IDCW;INF879O01076;INF879O01084;1007.7570;;;21-Feb-2026
143265;Parag Parikh Liquid Fund- Direct Plan- Weekly Reinvestment of IDCW;;INF879O01134;1001.8280;;;21-Feb-2026
143264;Parag Parikh Liquid Fund- Regular Plan- Daily Reinvestment of IDCW;;INF879O01126;1000.5404;;;21-Feb-2026
143260;Parag Parikh Liquid Fund- Regular Plan- Growth;INF879O01035;;1502.4019;;;21-Feb-2026
143261;Parag Parikh Liquid Fund- Regular Plan- Monthly IDCW;INF879O01043;INF879O01050;1007.6879;;;21-Feb-2026
143266;Parag Parikh Liquid Fund- Regular Plan- Weekly Reinvestment of IDCW;;INF879O01142;1001.8140;;;21-Feb-2026

Quantum Mutual Fund
103736;Quantum Liquid Fund - Direct Plan Daily IDCW;;INF082J01135;10.0106;;;21-Feb-2026
103734;Quantum Liquid Fund - Direct Plan Growth Option;INF082J01127;;36.5131;;;21-Feb-2026
103735;Quantum Liquid Fund - Direct Plan Monthly IDCW;INF082J01143;INF082J01200;10.0536;;;21-Feb-2026
141065;Quantum Liquid Fund - Regular Plan Daily IDCW;;INF082J01317;10.0002;;;21-Feb-2026
141066;Quantum Liquid Fund - Regular Plan Growth Option;INF082J01309;;36.2324;;;21-Feb-2026
141067;Quantum Liquid Fund - Regular Plan Monthly IDCW;INF082J01325;INF082J01333;10.0504;;;21-Feb-2026
152299;Quantum Liquid Fund - Unclaimed IDCW Plan Above 3 years;;;10.0000;;;21-Feb-2026
152298;Quantum Liquid Fund - Unclaimed IDCW Plan Below 3 years;;;11.4800;;;21-Feb-2026
152301;Quantum Liquid Fund - Unclaimed Redemption Plan Above 3 years;;;10.0000;;;21-Feb-2026
152300;Quantum Liquid Fund - Unclaimed Redemption Plan Below 3 years;;;11.0422;;;21-Feb-2026

Shriram Mutual Fund
153035;Shriram Liquid Fund - Direct Plan Growth Option;INF680P01430;;1081.7063;;;21-Feb-2026
153036;Shriram Liquid Fund - Regular Plan Growth Option;INF680P01448;;1079.7637;;;21-Feb-2026
153282;Shriram Unclaimed IDCW Liquid Fund;;;1054.4444;;;21-Feb-2026
153283;Shriram Unclaimed IDCW Stable Scheme Liquid Fund;;;1000;;;21-Feb-2026
153280;Shriram Unclaimed Redemption Liquid Fund;;;1067.2737;;;21-Feb-2026
153281;Shriram Unclaimed Redemption Stable Scheme Liquid Fund;;;1000;;;21-Feb-2026

Trust Mutual Fund
148842;TRUSTMF Liquid Fund-Direct Plan-Daily Income Distribution cum Capital Withdrawal;;INF0GCD01263;1262.744;;;21-Feb-2026
148841;TRUSTMF Liquid Fund-Direct Plan-Growth;INF0GCD01255;;1325.7583;;;21-Feb-2026
148839;TRUSTMF Liquid Fund-Direct Plan-Monthly Income Distribution cum Capital Withdrawal;INF0GCD01305;INF0GCD01297;1194.5004;;;21-Feb-2026
148837;TRUSTMF Liquid Fund-Direct Plan-Weekly Income Distribution cum Capital Withdrawal;INF0GCD01271;INF0GCD01289;1221.1629;;;21-Feb-2026
148834;TRUSTMF Liquid Fund-Regular Plan-Daily Income Distribution cum Capital Withdrawal;;INF0GCD01206;1194.9973;;;21-Feb-2026
148833;TRUSTMF Liquid Fund-Regular Plan-Growth;INF0GCD01198;;1316.098;;;21-Feb-2026
148843;TRUSTMF Liquid Fund-Regular Plan-Monthly Income Distribution cum Capital Withdrawal;INF0GCD01248;INF0GCD01230;1185.8755;;;21-Feb-2026
148836;TRUSTMF Liquid Fund-Regular Plan-Weekly Income Distribution cum Capital Withdrawal;INF0GCD01214;INF0GCD01222;1170.5952;;;21-Feb-2026

Unifi Mutual Fund
153570;Unifi Liquid Fund- Direct Growth;INF1MIY01056;;1041.5595;;;21-Feb-2026
153571;Unifi Liquid Fund- Regular Growth;INF1MIY01064;;1041.121;;;21-Feb-2026

Union Mutual Fund
115401;Union Liquid Fund - Daily IDCW Option;;INF582M01021;1001.1995;;;21-Feb-2026
119301;Union Liquid Fund - Direct Plan - Daily IDCW Option;;INF582M01682;1001.1995;;;21-Feb-2026
119305;Union Liquid Fund - Direct Plan - Fortnightly IDCW Option;INF582M01724;INF582M01708;1002.7616;;;21-Feb-2026
119303;Union Liquid Fund - Direct Plan - Growth Option;INF582M01674;;2641.4876;;;21-Feb-2026
119302;Union Liquid Fund - Direct Plan - Monthly IDCW Option;INF582M01732;INF582M01716;1005.5968;;;21-Feb-2026
119304;Union Liquid Fund - Direct Plan - Weekly IDCW Option;;INF582M01690;1001.8457;;;21-Feb-2026
115399;Union Liquid Fund - Fortnightly IDCW Option;INF582M01062;INF582M01047;1002.7343;;;21-Feb-2026
115398;Union Liquid Fund - Growth Option;INF582M01013;;2607.8020;;;21-Feb-2026
115400;Union Liquid Fund - Monthly IDCW Option;INF582M01070;INF582M01054;1005.1376;;;21-Feb-2026
115402;Union Liquid Fund - Weekly IDCW Option;;INF582M01039;1002.0668;;;21-Feb-2026

UTI Mutual Fund
134427;UTI Liquid Fund - Direct Plan - Annual IDCW;INF789FA1K63;INF789FA1K71;1974.0303;;;21-Feb-2026
120558;UTI Liquid Fund - Direct Plan - Daily IDCW (Reinvestment);;INF789F01XP8;1064.3072;;;21-Feb-2026
141768;UTI Liquid Fund - Direct Plan - Flexi IDCW;INF789FA1K89;INF789FA1K97;1625.9002;;;21-Feb-2026
140913;UTI Liquid Fund - Direct Plan - Fortnightly IDCW;INF789FA1K06;INF789FA1K14;1156.997;;;21-Feb-2026
140504;UTI Liquid Fund - Direct Plan - Half-Yearly IDCW;INF789FA1K48;INF789FA1K55;1541.9753;;;21-Feb-2026
120794;UTI Liquid Fund - Direct Plan - Monthly IDCW;INF789F01XR4;INF789F01XS2;1046.333;;;21-Feb-2026
140024;UTI Liquid Fund - Direct Plan - Quarterly IDCW;INF789FA1K22;INF789FA1K30;1864.3366;;;21-Feb-2026
120777;UTI Liquid Fund - Direct Plan - Weekly IDCW;;INF789F01XT0;1243.9806;;;21-Feb-2026
133973;UTI Liquid Fund - Regular Plan - Annual IDCW;INF789FA1J66;INF789FA1J74;1960.3195;;;21-Feb-2026
102010;UTI Liquid Fund - Regular Plan - Daily IDCW (Reinvestment);;INF789F01PG3;1170.2747;;;21-Feb-2026
140517;UTI Liquid Fund - Regular Plan - Flexi IDCW;INF789FA1J82;INF789FA1J90;1615.6522;;;21-Feb-2026
139838;UTI Liquid Fund - Regular Plan - Fortnightly IDCW;INF789FA1J09;INF789FA1J17;1156.144;;;21-Feb-2026
144475;UTI Liquid Fund - Regular Plan - Half-Yearly IDCW;INF789FA1J41;INF789FA1J58;1364.8545;;;21-Feb-2026
102011;UTI Liquid Fund - Regular Plan - Monthly IDCW;INF789F01PI9;INF789F01PJ7;1115.1225;;;21-Feb-2026
135721;UTI Liquid Fund - Regular Plan - Quarterly IDCW;INF789FA1J25;INF789FA1J33;1850.9771;;;21-Feb-2026
102013;UTI Liquid Fund - Regular Plan - Weekly IDCW;;INF789F01PK5;1053.4048;;;21-Feb-2026
120304;UTI-  Liquid Cash Plan - Direct Plan - Growth Option;INF789F01XQ6;;4488.6031;;;21-Feb-2026
102012;UTI-  Liquid Cash Plan - Regular Plan - Growth Option;INF789F01PH1;;4445.7661;;;21-Feb-2026
102008;UTI-  Liquid Cash Plan- Discontinued - Regular Plan - Monthly Dividend Option;INF789F01BC2;INF789F01BA6;1068.052;;;21-Feb-2026
102009;UTI-  Liquid Cash Plan- Discontinued - Regular Plan -Growth;INF789F01BB4;;4034.2663;;;21-Feb-2026
102007;UTI-  Liquid Cash Plan- Discontinued -Regular Plan Periodic Dividend Option;;INF789F01AZ5;1135.6023;;;21-Feb-2026

Open Ended Schemes ( Other Scheme - Other  ETFs )


Bajaj Finserv Mutual Fund
152638;Bajaj Finserv Nifty 1D Rate Liquid ETF;INF0QA701854;;1070.0096;;;21-Feb-2026

Edelweiss Mutual Fund
153920;Edelweiss Nifty 1D Rate Liquid ETF - Growth;INF754K01VW2;;1019.4321;;;21-Feb-2026

Kotak Mahindra Mutual Fund
151358;Kotak Nifty 1D Rate Liquid ETF;INF174KA1LV5;;1092.1906;;;21-Feb-2026

Shriram Mutual Fund
152741;Shriram Nifty 1D Rate Liquid ETF - Growth;INF680P01422;;1092.927;;;21-Feb-2026
