Scheme Code;Scheme Name;ISIN Div Payout/ISIN Growth;ISIN Div Reinvestment;Net Asset Value;Repurchase Price;Sale Price;Date

Open Ended Schemes ( Income )


Bandhan Mutual Fund
108676;IDFC-Money Manager Fund-Treasury Plan-Plan B - Growth;INF194K01LT8;;13.2412;13.2412;13.2412;27-Jul-2008
108677;IDFC-Money Manager Fund-Treasury Plan-Plan B-Daily Div;INF194K01LY8;INF194K01LX0;10.0703;10.0703;10.0703;27-Jul-2008
108679;IDFC-Money Manager Fund-Treasury Plan-Plan B-Mon Div;INF194K01LV4;INF194K01LU6;0;0;0;27-Jul-2008
108678;IDFC-Money Manager Fund-Treasury Plan-Plan B-Weekly Div;INF194K01MB4;INF194K01MA6;10.0949;10.0949;10.0949;27-Jul-2008

DBS Chola Mutual Fund
101958;DBS Chola Liquid Fund - Institutional Plus Weekly Dividend;;;11.9643;11.9643;11.9643;27-Jul-2008
103137;DBS Chola Short Term Floating Rate Fund-Cumulative;;;12.4328;12.4328;12.4328;27-Jul-2008
103134;DBS Chola Short Term Floating Rate Fund-Dividend-Daily;;;10.0410;10.0410;10.0410;27-Jul-2008
103136;DBS Chola Short Term Floating Rate Fund-Dividend-Monthly;;;10.4095;10.4095;10.4095;27-Jul-2008
103135;DBS Chola Short Term Floating Rate Fund-Dividend-Weekly;;;10.2945;10.2945;10.2945;27-Jul-2008

DSP Mutual Fund
103277;DSP Credit Risk Fund - Institutional Plan-Growth;INF740K01FN3;;1186.5544;1186.5544;1186.5544;27-Jul-2008

Open Ended Schemes ( Liquid )


ABN  AMRO Mutual Fund
108955;ABN AMRO Overnight Fund-Institutional Plan-Daily Dividend Option;;;10.0000;10.0000;10.0000;27-Jul-2008
108961;ABN AMRO Overnight Fund-Institutional Plan-Growth Option;;;12.6176;12.6176;12.6176;27-Jul-2008
108958;ABN AMRO Overnight Fund-Institutional Plan-Monthly Dividend Payout Option;;;10.0618;10.0618;10.0618;27-Jul-2008
108964;ABN AMRO Overnight Fund-Institutional Plan-Weekly Dividend Option;;;0.0000;0.0000;0.0000;27-Jul-2008
108959;ABN AMRO Overnight Fund-Institutional Plus Plan-Daily Dividend Option;;;10.0000;10.0000;10.0000;27-Jul-2008
108960;ABN AMRO Overnight Fund-Institutional Plus Plan-Growth Option;;;10.2839;10.2839;10.2839;27-Jul-2008
108963;ABN AMRO Overnight Fund-Institutional Plus Plan-Monthly Dividend Option;;;0.0000;0.0000;0.0000;27-Jul-2008
108954;ABN AMRO Overnight Fund-Institutional Plus Plan-Weekly Dividend Option;;;0.0000;0.0000;0.0000;27-Jul-2008
108962;ABN AMRO Overnight Fund-Regular Plan-Growth Option;;;12.4345;12.4345;12.4345;27-Jul-2008
108956;ABN AMRO Overnight Fund-Regular Plan-Monthly Dividend Payout Option;;;10.0599;10.0599;10.0599;27-Jul-2008
108957;ABN AMRO Overnight Fund-Regular Plan-Weekly Dividend Option;;;10.0053;10.0053;10.0053;27-Jul-2008

Aditya Birla Sun Life Mutual Fund
101294;Birla Sun Life Cash Plus Sweep Plan-Dividend Option;;;10.0741;10.0741;10.0741;27-Jul-2008

Bandhan Mutual Fund
108794;IDFC Liquid Fund - Daily Dividend;INF194K01GJ9;INF194K01GI1;1000.2100;1000.2100;1000.2100;27-Jul-2008
108793;IDFC Liquid Fund - Growth;INF194K01GE0;;1189.0123;1189.0123;1189.0123;27-Jul-2008
108796;IDFC Liquid Fund - Monthly Dividend;INF194K01GG5;INF194K01GF7;1006.2187;1006.2187;1006.2187;27-Jul-2008
108795;IDFC Liquid Fund-Weekly Dividend;INF194K01GM3;INF194K01GL5;1000.6163;1000.6163;1000.6163;27-Jul-2008

DBS Chola Mutual Fund
100989;DBS Chola Liquid Fund-Cum -Institutional Plus;;;16.8430;16.8430;16.8430;27-Jul-2008
104329;DBS Chola Liquid Fund-Cum -Super Institutional;;; 11.4533 ; 11.4533 ; 11.4533 ;27-Jul-2008
100978;DBS Chola Liquid Fund-Daily Dividend Reinvestment Plan;;;10.0317;10.0317;10.0317;27-Jul-2008
100975;DBS Chola Liquid Fund-Regular Cumulative;;;16.6869;16.6869;16.6869;27-Jul-2008
101307;DBS Chola Liquid Fund - Regular Weekly Dividend;;;11.9987;11.9987;11.9987;27-Jul-2008

Deutsche Mutual Fund
105672;DWS INSTA CASH PLUS FUND - Regular Plan BONUS OPTION;INF223J01BH3;;10.3580;10.3580;10.3580;27-Jul-2008
106472;DWS Insta Cash Plus Fund - Weekly Dividend;INF223J01BT8;INF223J01BU6;10.0075;10.0075;10.0075;27-Jul-2008
106471;DWS Insta Cash Plus Fund -Growth;INF223J01BP6;;10.7650;10.7650;10.7650;27-Jul-2008
106467;DWS Insta Cash Plus Fund-Daily Dividend;;INF223J01BO9;10.0200;10.0200;10.0200;27-Jul-2008
101718;DWS Insta Cash Plus Fund-DIVIDEND-Daily Dividend;;INF223J01BI1;10.3010;10.3010;10.3010;27-Jul-2008
101717;DWS Insta Cash Plus Fund-DIVIDEND-MONTHLY DIVIDEND;INF223J01BK7;INF223J01BL5;10.6654;10.6654;10.6654;27-Jul-2008
101716;DWS Insta Cash Plus Fund-DIVIDEND-WEEKLY DIVIDEND;INF223J01BM3;INF223J01BN1;10.2998;10.2998;10.2998;27-Jul-2008
101719;DWS Insta Cash Plus Fund-Growth-GROWTH;INF223J01BJ9;;13.9535;13.9535;13.9535;27-Jul-2008
101722;DWS Insta Cash Plus Fund-Institutional Plan-Daily Dividend;;INF223J01BA8;10.0195;10.0195;10.0195;27-Jul-2008
101720;DWS Insta Cash Plus Fund-Institutional Plan-Dividend;INF223J01BE0;INF223J01BD2;10.0000;10.0000;10.0000;27-Jul-2008
101721;DWS Insta Cash Plus Fund-Institutional Plan-Growth;INF223J01BB6;;13.0793;13.0793;13.0793;27-Jul-2008
101723;DWS Insta Cash Plus Fund-Institutional Plan-Weekly Dividend;INF223J01BF7;INF223J01BG5;10.0000;10.0000;10.0000;27-Jul-2008

DSP Mutual Fund
106861;DSP BlackRock Cash Manager Fund - Institutional Plan - Daily Dividend Reinvest;;;1000.1000;1000.1000;1000.1000;27-Jul-2008
106863;DSP BlackRock Cash Manager Fund - Institutional Plan - Growth;;;1066.0338;1066.0338;1066.0338;27-Jul-2008
106862;DSP BlackRock Cash Manager Fund - Institutional Plan - Weekly Dividend Reinvest;;;1000.9571;1000.9571;1000.9571;27-Jul-2008
106859;DSP BlackRock Cash Manager Fund - Regular Plan - Growth;;;1065.5525;1065.5525;1065.5525;27-Jul-2008
106860;DSP BlackRock Cash Manager Fund - Regular Plan - Weekly Dividend Reinvest;;;1000.9532;1000.9532;1000.9532;27-Jul-2008

Fidelity Mutual Fund
104498;Fidelity Cash Fund - Institutional Plan - Daily Dividend Option;;INF677K01AQ1;10.0011;10.0011;10.0011;27-Jul-2008
104497;Fidelity Cash Fund - Institutional Plan - Growth Option;;;11.3756;11.3756;11.3756;27-Jul-2008
104548;Fidelity Cash Fund - Institutional Plan - Monthly Dividend Option;INF677K01AS7;INF677K01AT5;10.0050;10.0050;10.0050;27-Jul-2008
104546;Fidelity Cash Fund - Institutional Plan - Weekly Dividend Option;;INF677K01AR9;10.0207;10.0207;10.0207;27-Jul-2008
104495;Fidelity Cash Fund - Retail Plan - Daily Dividend option;;INF677K01AL2;10.0009;10.0009;10.0009;27-Jul-2008
104493;Fidelity Cash Fund - Retail Plan - Growth option;;;11.3017;11.3017;11.3017;27-Jul-2008
104547;Fidelity Cash Fund - Retail Plan - Monthly Dividend Option;;;10.0044;10.0044;10.0044;27-Jul-2008
104549;Fidelity Cash Fund - Retail Plan - Weekly Dividend Option;;INF677K01AM0;10.0142;10.0142;10.0142;27-Jul-2008
104494;Fidelity Cash Fund - Super Institutional Plan - Daily Dividend Option;;INF677K01AV1;10.0025;10.0025;10.0025;27-Jul-2008
104496;Fidelity Cash Fund - Super Institutional Plan - Growth Option;INF677K01AU3;;11.3969;11.3969;11.3969;27-Jul-2008
104551;Fidelity Cash Fund - Super Institutional Plan - Monthly Dividend Option;INF677K01AX7;INF677K01AY5;10.0000;10.0000;10.0000;27-Jul-2008
104550;Fidelity Cash Fund - Super Institutional Plan - Weekly Dividend Option;;INF677K01AW9;10.0000;10.0000;10.0000;27-Jul-2008

ING Mutual Fund
106913;ING High Yield Liquidity Fund - Institutional Growth Option;;;10.0000;10.0000;10.0000;27-Jul-2008
106914;ING High Yield Liquidity Fund - Institutional Quarterly Dividend Option;;;10.0000;10.0000;10.0000;27-Jul-2008
106904;ING High Yield Liquidity Fund - Regular Daily Dividend Option;;;10.3079;10.3079;10.3079;27-Jul-2008
106912;ING High Yield Liquidity Fund- Institutional Bonus Option;;;10.0000;10.0000;10.0000;27-Jul-2008
106909;ING High Yield Liquidity Fund- Institutional Daily Dividend Option;;;10.0000;10.0000;10.0000;27-Jul-2008
106911;ING High Yield Liquidity Fund- Institutional Monthly Dividend Option;;;10.0000;10.0000;10.0000;27-Jul-2008
106910;ING High Yield Liquidity Fund- Institutional Weekly Dividend Option;;;10.0000;10.0000;10.0000;27-Jul-2008
106908;ING High Yield Liquidity Fund- Regular Bonus Option;;;10.0000;10.0000;10.0000;27-Jul-2008
106903;ING High Yield Liquidity Fund- Regular Growth Option;;;10.4093;10.4093;10.4093;27-Jul-2008
106907;ING High Yield Liquidity Fund- Regular Monthly Dividend Option;;;10.0000;10.0000;10.0000;27-Jul-2008
106906;ING High Yield Liquidity Fund- Regular Quarterly Dividend Option;;;10.0000;10.0000;10.0000;27-Jul-2008
106905;ING High Yield Liquidity Fund- Regular Weekly Dividend Option;;;10.2704;10.2704;10.2704;27-Jul-2008
100194;ING Liquid Fund-Auto Sweep Growth Option;;;10.0000;10.0000;10.0000;27-Jul-2008
100195;ING Liquid Fund-Auto Sweep Weekly Dividend Option;;;10.0000;10.0000;10.0000;27-Jul-2008
100198;ING Liquid Fund-Institutional Daily Dividend Option;INF084M01473;;10.0121;10.0121;10.0121;27-Jul-2008
100196;ING Liquid Fund-Institutional Growth Option;INF084M01465;;13.0710;13.0710;13.0710;27-Jul-2008
100197;ING Liquid Fund-Institutional Weekly Dividend Option;INF084M01499;INF084M01481;10.0688;10.0688;10.0688;27-Jul-2008
100192;ING Liquid Fund-Regular Daily Dividend Option;INF084M01432;;10.7873;10.7873;10.7873;27-Jul-2008
100190;ING Liquid Fund-Regular Growth Option;INF084M01424;;17.5336;17.5336;17.5336;27-Jul-2008
100191;ING Liquid Fund-Regular Weekly Dividend Option;INF084M01457;INF084M01440;10.8393;10.8393;10.8393;27-Jul-2008
100200;ING Liquid Fund-Super Institutional Daily Dividend Option;INF084M01515;;10.0048;10.0048;10.0048;27-Jul-2008
100199;ING Liquid Fund-Super Institutional Growth Option;INF084M01507;;12.3958;12.3958;12.3958;27-Jul-2008
100201;ING Liquid Fund-Super Institutional Weekly Dividend Option;INF084M01531;INF084M01523;10.0000;10.0000;10.0000;27-Jul-2008
102802;ING Treasury Management Fund-Annual Dividend Option;;;10.6228;10.6228;10.6228;27-Jul-2008
102803;ING Treasury Management Fund-Bonus Option;;;12.8584;12.8584;12.8584;27-Jul-2008
102804;ING Treasury Management Fund-Daily Dividend Option;;;10.3588;10.3588;10.3588;27-Jul-2008
102798;ING Treasury Management Fund-Growth Option;;;12.8584;12.8584;12.8584;27-Jul-2008
102801;ING Treasury Management Fund-Half Yearly Dividend Option;;;10.5992;10.5992;10.5992;27-Jul-2008
102800;ING Treasury Management Fund-Quarterly Dividend Option;;;10.4107;10.4107;10.4107;27-Jul-2008
102799;ING Treasury Management Fund-Weekly Dividend Option;;;10.7917;10.7917;10.7917;27-Jul-2008

Invesco Mutual Fund
106502;Religare Invesco Overnight Fund - Daily Dividend Reinvestment;;INF205K01HS2;10.0000;10.0000;10.0000;27-Jul-2008
106501;Religare Invesco Overnight Fund - Growth;INF205K01HR4;;10.5588;10.5588;10.5588;27-Jul-2008

JM Financial Mutual Fund
101420;JM Floater Short Term Fund - Daily Dividend Option;;INF192K01767;10.0883;10.0883;10.0883;27-Jul-2008
101421;JM Floater Short Term Fund - Growth Option;INF192K01775;;13.5637;13.5637;13.5637;27-Jul-2008

JPMorgan Mutual Fund
106562;JPMorgan India Liquid Fund - Retail Plan - Daily Dividend Option;;INF843K01203;10.0079;10.0079;10.0079;27-Jul-2008
106561;JPMorgan India Liquid Fund - Retail Plan - Growth Option;INF843K01195;;10.7003;10.7003;10.7003;27-Jul-2008
109179;JPMorgan India Liquid Fund - Retail Plan - Monthly Dividend Option;;INF843K01237;10.0101;10.0101;10.0101;27-Jul-2008
109177;JPMorgan India Liquid Fund - Retail Plan - Weekly Dividend Option;;INF843K01211;10.0175;10.0175;10.0175;27-Jul-2008

Mirae Asset Mutual Fund
107657;Mirae Asset Liquid Fund- Institutional Plan - Daily Dividend;;INF769K01671;1000.7145;1000.7145;1000.7145;27-Jul-2008
107659;Mirae Asset Liquid Fund- Institutional Plan - Growth;INF769K01648;;1033.9376;1033.9376;1033.9376;27-Jul-2008
107658;Mirae Asset Liquid Fund- Institutional Plan - Weekly Dividend;;INF769K01689;1000.9010;1000.9010;1000.9010;27-Jul-2008
107660;Mirae Asset Liquid Fund- Regular Plan - Bonus;INF769K01580;;1016.9241;1016.9241;1016.9241;27-Jul-2008
107646;Mirae Asset Liquid Fund- Regular Plan - Daily Dividend;;INF769K01606;1000.7145;1000.7145;1000.7145;27-Jul-2008
107648;Mirae Asset Liquid Fund- Regular Plan - Growth;INF769K01572;;1032.5175;1032.5175;1032.5175;27-Jul-2008
107649;Mirae Asset Liquid Fund- Regular Plan - Monthly Dividend;INF769K01630;INF769K01622;1001.2161;1001.2161;1001.2161;27-Jul-2008
107647;Mirae Asset Liquid Fund- Regular Plan - Weekly Dividend;;INF769K01614;1000.8646;1000.8646;1000.8646;27-Jul-2008
107673;Mirae Asset Liquid Fund- Super Institutional Plan - Daily Dividend;;INF769K01747;1000.7145;1000.7145;1000.7145;27-Jul-2008
107672;Mirae Asset Liquid Fund- Super Institutional Plan - Growth;INF769K01713;;1034.8036;1034.8036;1034.8036;27-Jul-2008

PineBridge Mutual Fund
106513;PineBridge India Liquid Fund- Standard Plan-Daily Dividend Option;;INF178L01699;1000.8141;1000.8141;1000.8141;27-Jul-2008
106508;PineBridge India Liquid Fund- Standard Plan-Growth Option;INF178L01715;;1071.7254;1071.7254;1071.7254;27-Jul-2008
106509;PineBridge India Liquid Fund- Standard Plan-Weekly Dividend Option;;INF178L01764;1002.4883;1002.4883;1002.4883;27-Jul-2008
106506;PineBridge India Liquid Fund-Institutional Plan-Daily Dividend Option;;INF178L01616;1000.8059;1000.8059;1000.8059;27-Jul-2008
106511;PineBridge India Liquid Fund-Institutional Plan-Growth Option;INF178L01632;;1070.8141;1070.8141;1070.8141;27-Jul-2008
106507;PineBridge India Liquid Fund-Institutional Plan-Weekly Dividend Option;;INF178L01681;1002.4719;1002.4719;1002.4719;27-Jul-2008
106503;PineBridge India Liquid Fund-Retail Plan-DailyDividend Option;;INF178L01533;1000.7810;1000.7810;1000.7810;27-Jul-2008
106514;PineBridge India Liquid Fund-Retail Plan-Growth Option;INF178L01558;;1067.9060;1067.9060;1067.9060;27-Jul-2008
106504;PineBridge India Liquid Fund-Retail Plan-Monthly Dividend Option;INF178L01566;INF178L01574;1001.2437;1001.2437;1001.2437;27-Jul-2008
106510;PineBridge India Liquid Fund-Retail Plan-Weekly Dividend Option;;INF178L01608;1002.2763;1002.2763;1002.2763;27-Jul-2008

Sahara Mutual Fund
101397;Sahara Liquid Fund-Fixed Pricing -  Weekly Dividend Option;;INF515L01064;1026.2355;1026.2355;1026.2355;27-Jul-2008
101393;Sahara Liquid Fund-Fixed Pricing - Daily Dividend Option;;INF515L01049;1024.9045;1024.9045;1024.9045;27-Jul-2008
101394;Sahara Liquid Fund-Fixed Pricing - Growth option;INF515L01056;;1486.8953;1486.8953;1486.8953;27-Jul-2008
101398;Sahara Liquid Fund-Fixed Pricing - Monthly Dividend Option;;INF515L01072;1024.908;1024.9080;1024.9080;27-Jul-2008
101399;Sahara Liquid Fund-Variable Pricing - Daily Dividend option;;INF515L01080;1024.9262;1024.9262;1024.9262;27-Jul-2008
101402;Sahara Liquid Fund-Variable Pricing - Growth option;INF515L01114;;1495.4873;1495.4873;1495.4873;27-Jul-2008
101400;Sahara Liquid Fund-Variable Pricing - Weekly Dividend Option;;INF515L01098;1025.149;1025.1490;1025.1490;27-Jul-2008
101401;Sahara Liquid Fund-Variable Pricing- Monthly Dividend Option;;INF515L01106;1025.2409;1025.2409;1025.2409;27-Jul-2008

Tata Mutual Fund
101987;Tata Liquid Fund Reglar Plan - Monthly Dividend;INF277K01LR5;INF277K01LS3;1157.4042;1157.4042;1157.4042;27-Jul-2008
101861;Tata Liquid Fund-Regular Plan  - Weekly Dividend;INF277K016C5;;1151.9237;1151.9237;1151.9237;27-Jul-2008
101984;Tata Liquid High Investment Plan - Daily;;;1114.3379;1114.3379;1114.3379;27-Jul-2008
101860;Tata Liquid High Investment Plan - Growth;INF277K01LN4;;1387.6892;1387.6892;1387.6892;27-Jul-2008
101985;Tata Liquid High Investment Plan - Monthly;INF277K01LO2;INF277K01LP9;1026.7768;1026.7768;1026.7768;27-Jul-2008
101859;Tata Liquid High Investment Plan - Weekly;;;1147.9046;1147.9046;1147.9046;27-Jul-2008
101982;Tata Liquid Retail Investment PLan - Daily;;;1116.8143;1116.8143;1116.8143;27-Jul-2008
101983;Tata Liquid Retail Investment Plan - Fortnightly;;;1147.9670;1147.9670;1147.9670;27-Jul-2008
101858;Tata Liquid Retail Investment Plan - Growth;INF277K01LM6;;1922.6682;1922.6682;1922.6682;27-Jul-2008
103631;Tata Liquidity Management Fund - Regular Plan - Daily Dividend;;;1002.6089;1002.6089;1002.6089;27-Jul-2008
103632;Tata Liquidity Management Fund - Regular Plan - Growth;INF277K01LW5;;1182.0669;1182.0669;1182.0669;27-Jul-2008
103519;Tata Liquidity Management Fund - Regular Plan  -Weekly Dividend;;;1006.4832;1006.4832;1006.4832;27-Jul-2008

Open Ended Schemes ( Money Market )


Franklin Templeton Mutual Fund
100561;Templeton India Money Market Account - Bonus Plan;;;1.0000;1.0000;1.0000;27-Jul-2008
104554;Templeton India Money Market Account - Dividend Plan;;;1.0000;1.0000;1.0000;27-Jul-2008

Tata Mutual Fund
102152;Tata Money Market Fund Regular (Bonus / Dividend);;;10.1612;10.1612;10.1612;27-Jul-2008
102153;Tata Money Market Fund Regular (Growth);INF277K01LY1;;13.3714;13.3714;13.3714;27-Jul-2008

Open Ended Schemes ( Floating Rate )


HSBC Mutual Fund
102836;HSBC Floating Rate Fund - Short Term - Inst. - Dividend - Daily;;;10.0598;10.0598;10.0598;27-Jul-2008
102838;HSBC Floating Rate Fund - Short Term - Inst. - Dividend - Monthly;;;10.0657;10.0657;10.0657;27-Jul-2008
102837;HSBC Floating Rate Fund - Short Term - Inst. - Dividend - Weekly;;;10.1007;10.1007;10.1007;27-Jul-2008
102835;HSBC Floating Rate Fund - Short Term - Inst. - Growth;;;12.8644;12.8644;12.8644;27-Jul-2008
102840;HSBC Floating Rate Fund - Short Term - Inst. Plus - Dividend - Daily;;;10.0262;10.0262;10.0262;27-Jul-2008
102842;HSBC Floating Rate Fund - Short Term - Inst. Plus - Dividend - Monthly;;;0.0000;0.0000;0.0000;27-Jul-2008
102841;HSBC Floating Rate Fund - Short Term - Inst. Plus - Dividend - Weekly;;;10.0107;10.0107;10.0107;27-Jul-2008
102839;HSBC Floating Rate Fund - Short Term - Inst. Plus - Growth;;;10.9157;10.9157;10.9157;27-Jul-2008
102833;HSBC Floating Rate Fund - Short Term - Regular - Dividend - Daily;;;10.0000;10.0000;10.0000;27-Jul-2008
102834;HSBC Floating Rate Fund - Short Term - Regular - Dividend - Weekly;;;10.0050;10.0050;10.0050;27-Jul-2008
102832;HSBC Floating Rate Fund - Short Term - Regular - Growth;;;12.7594;12.7594;12.7594;27-Jul-2008

Open Ended Schemes ( Fund of Funds - Domestic )


Fidelity Mutual Fund
103419;Fidelity MultiManager Cash Fund-Dividend Re-investment Option;;;10.0148;10.0148;10.0148;27-Jul-2008
103418;Fidelity MultiManager Cash Fund-Growth Option;;;11.9839;11.9839;11.9839;27-Jul-2008

Open Ended Schemes ( Debt Scheme - Overnight Fund )


HDFC Mutual Fund
101996;HDFC Overnight Fund - Growth Option;INF179KB1HS3;;14.166;14.166;14.166;27-Jul-2008
101997;HDFC Overnight Fund - IDCW Option (Daily);;INF179KB1IF8;10.4266;10.4266;10.4266;27-Jul-2008

SBI Mutual Fund
101206;SBI OVERNIGHT FUND - REGULAR PLAN - GROWTH;INF200K01LQ9;;14.3593;14.3593;14.3593;27-Jul-2008
103140;SBI Overnight Fund - Regular Plan - Weekly Income Distribution cum Capital Withdrawal Option (IDCW);INF200K01LO4;INF200K01LP1;10.2897;10.2897;10.2897;27-Jul-2008

Open Ended Schemes ( Debt Scheme - Liquid Fund )


Aditya Birla Sun Life Mutual Fund
100049;Aditya Birla Sun Life Cash Plus-Institutional - Fortnightly Dividend;;;10.8263;10.8263;10.8263;27-Jul-2008
100052;Aditya Birla Sun Life Cash Plus-Institutional Premium - Fortnightly Dividend;;;10.0000;10.0000;10.0000;27-Jul-2008
100053;Aditya Birla Sun Life Cash Plus-Institutional Premium Plan-Monthly Dividend;;;10.0662;10.0662;10.0662;27-Jul-2008
100047;Aditya Birla Sun Life Liquid Fund - Growth;INF209K01RU9;;13.2791;13.2791;13.2791;27-Jul-2008
100046;Aditya Birla Sun Life Liquid Fund -Daily IDCW;INF209K01KQ2;INF209K01SQ5;10.0195;10.0195;10.0195;27-Jul-2008
100041;Aditya Birla Sun Life Liquid Fund -Institutional - IDCW;;INF209K01KN9;10.8023;10.8023;10.8023;27-Jul-2008
100048;Aditya Birla Sun Life Liquid Fund -Institutional - weekly  IDCW;INF209KA1LK7;INF209K01KY6;10.8121;10.8121;10.8121;27-Jul-2008
100044;Aditya Birla Sun Life Liquid Fund -Retail - IDCW;;INF209K01KP4;16.3694;16.3694;16.3694;27-Jul-2008
100051;Aditya Birla Sun Life Liquid Fund -weekly IDCW;INF209K01KU4;INF209KA1LJ9;10.0275;10.0275;10.0275;27-Jul-2008
100043;Aditya Birla Sun Life Liquid Fund-Institutional (Growth);INF209K01RT1;;22.5460;22.5460;22.5460;27-Jul-2008
100042;Aditya Birla Sun Life Liquid Fund-Retail (Growth);INF209K01ME4;;22.3574;22.3574;22.3574;27-Jul-2008

Bandhan Mutual Fund
108694;BANDHAN LIQUID FUND - Inst Plan B - Periodic Div;INF194K01VP5;INF194K01VO8;0;0;0;27-Jul-2008
108692;BANDHAN LIQUID Fund - Regular Plan - Daily IDCW;INF194K01VZ4;INF194K01VY7;10.0025;10.0025;10.0025;27-Jul-2008
108690;BANDHAN LIQUID Fund - Regular Plan - Growth;INF194K01VX9;;10.1161;10.1161;10.1161;27-Jul-2008
108693;BANDHAN LIQUID Fund - Regular Plan - Monthly IDCW;INF194K01WF4;INF194K01WE7;0;0;0;27-Jul-2008
108691;BANDHAN LIQUID Fund - Regular Plan - Weekly IDCW;INF194K01WI8;INF194K01WH0;10.0049;10.0049;10.0049;27-Jul-2008
108779;BANDHAN Liquid Fund-Plan A-Dividend (Daily);INF194K01VC3;INF194K01VB5;10.5819;10.5819;10.5819;27-Jul-2008
108778;BANDHAN Liquid Fund-Plan A-Growth;INF194K01UX1;;14.9520;14.9520;14.9520;27-Jul-2008
108607;BANDHAN Liquid Fund - Plan A-Dividend (Weekly);INF194K01VI0;INF194K01VH2;10.1963;10.1963;10.1963;27-Jul-2008
108781;BANDHAN Liquid Fund - Plan B (G) (Institutional Plan);INF194K01VK6;;15.0302;15.0302;15.0302;27-Jul-2008
108629;BANDHAN Liquid Fund - Plan B - Dividend-Weekly;INF194K01VS9;INF194K01VR1;10.3042;10.3042;10.3042;27-Jul-2008
108681;BANDHAN Liquid Fund - Plan B-Daily-Dividend(Institutional Plan);INF194K01VM2;INF194K01VL4;10.5816;10.5816;10.5816;27-Jul-2008

Bank of India Mutual Fund
109257;BANK OF INDIA Liquid Fund- Institutional Plan- Daily Dividend;;;1000.0000;1000.0000;1000.0000;27-Jul-2008
109256;BANK OF INDIA Liquid Fund- Institutional Plan-Growth;INF761K01314;;1003.0334;1003.0334;1003.0334;27-Jul-2008
109254;BANK OF INDIA Liquid Fund- Regular Plan- Growth;INF761K01306;;1002.8538;1002.8538;1002.8538;27-Jul-2008
109255;BANK OF INDIA Liquid Fund- Regular Plan- Weekly IDCW;;INF761K01CP1;1001.4207;1001.4207;1001.4207;27-Jul-2008
109263;BANK OF INDIA Liquid Fund- Super Institutional Plan-Daily Dividend;;;1000.0000;1000.0000;1000.0000;27-Jul-2008
109258;BANK OF INDIA Liquid Fund- Super Institutional Plan-Growth;INF761K01322;;1003.0817;1003.0817;1003.0817;27-Jul-2008

Baroda BNP Paribas Mutual Fund
101408;Baroda BNP Paribas LIQUID FUND- Defunct Plan -Growth Option;INF955L01575;;14.6260;14.6260;14.6260;27-Jul-2008
101407;Baroda BNP Paribas LIQUID FUND-Defunct Plan- IDCW Option;INF955L01559;INF955L01567;12.5370;12.5370;12.5370;27-Jul-2008

Canara Robeco Mutual Fund
109349;CANARA ROBECO LIQUID FUND - REGULAR PLAN - DAILY IDCW (Reinvestment);;INF760K01CU3;10.041;10.041;10.041;27-Jul-2008
109353;CANARA ROBECO LIQUID FUND - REGULAR PLAN - GROWTH OPTION;INF760K01CW9;;10.074;10.074;10.074;27-Jul-2008
101363;Canara Robeco Liquid Fund- INSTITUTIONAL-Daily Dividend Reinvestment;;INF760K01CC1;10.041;10.041;10.041;27-Jul-2008
101362;Canara Robeco Liquid Fund- INSTITUTIONAL-Growth;INF760K01CD9;;15.1758;15.1758;15.1758;27-Jul-2008
101361;Canara Robeco Liquid Fund- INSTITUTIONAL-Weekly dividend;;INF760K01CE7;10.041;10.041;10.041;27-Jul-2008
101364;Canara Robeco Liquid Fund-Retail-DRI;;INF760K01CF4;10.041;10.041;10.041;27-Jul-2008
101365;Canara Robeco Liquid Fund-Retail-Growth;INF760K01CH0;;15.1546;15.1546;15.1546;27-Jul-2008

DSP Mutual Fund
103347;DSP Liquidity Fund - Regular Plan - Growth;INF740K01FK9;;1203.6214;1203.6214;1203.6214;27-Jul-2008
103348;DSP Liquidity Fund - Regular Plan - IDCW - Weekly;INF740K01FM5;INF740K01FL7;1000.9219;1000.9219;1000.9219;27-Jul-2008
103349;DSP Liquidity Fund- Regular Plan - IDCW - Daily;;INF740KA1OE0;1000.2000;1000.2000;1000.2000;27-Jul-2008
100943;DSP BlackRock Liquidity Fund - Regular Plan - Daily Dividend;;;10.0100;10.0100;10.0100;27-Jul-2008
100940;DSP BlackRock Liquidity Fund - Regular Plan - Growth;INF740K01CN0;;20.0806;20.0806;20.0806;27-Jul-2008
100941;DSP BlackRock Liquidity Fund - Regular Plan Weekly Dividend;;;12.4087;12.4087;12.4087;27-Jul-2008

Franklin Templeton Mutual Fund
100543;Franklin India Liquid Fund - Liquid Plan - Daily IDCW;;;1000.6730;1000.6730;1000.6730;27-Jul-2008
100544;Franklin India Liquid Fund - Liquid Plan - Growth;;;1262.6009;1262.6009;1262.6009;27-Jul-2008
100542;Franklin India Liquid Fund - Liquid Plan - Weekly Dividend;;;1000.5749;1000.5749;1000.5749;27-Jul-2008
100541;Franklin India Liquid Fund - Regular Plan - Daily - IDCW;;INF090I01BA3;1512.3400;1512.3400;1512.3400;27-Jul-2008
100538;Franklin India Liquid Fund - Regular Plan - Growth;INF090I01BB1;;2059.6823;2059.6823;2059.6823;27-Jul-2008
100537;Franklin India Liquid Fund - Regular Plan - Weekly - IDCW;INF090I01BL0;INF090I01BI6;1244.3238;1244.3238;1244.3238;27-Jul-2008
100547;Franklin India Liquid Fund - Super Institutional Plan - Daily - IDCW;;INF090I01BF2;1000.6730;1000.6730;1000.6730;27-Jul-2008
100546;Franklin India Liquid Fund - Super Institutional Plan - Growth;INF090I01BG0;;1232.6079;1232.6079;1232.6079;27-Jul-2008
100548;Franklin India Liquid Fund - Super Institutional Plan - Weekly - IDCW;INF090I01BM8;INF090I01BH8;1021.1243;1021.1243;1021.1243;27-Jul-2008
102441;Franklin India Liquid Fund - Institution-Growth;INF090I01BD7;;1300.3420;1300.3420;1300.3420;27-Jul-2008
102443;Franklin India Liquid Fund - Institutional Plan - Daily - IDCW;;INF090I01BC9;1000.6730;1000.6730;1000.6730;27-Jul-2008
102442;Franklin India Liquid Fund - Institutional Plan - Weekly - IDCW;INF090I01BJ4;INF090I01BE5;1022.7212;1022.7212;1022.7212;27-Jul-2008

HDFC Mutual Fund
100868;HDFC Liquid Fund - Growth Plan;INF179KB1HK0;;16.5291;16.5291;16.5291;27-Jul-2008
100875;HDFC Liquid Fund - IDCW Daily;;INF179KB1IC5;10.1982;10.1982;10.1982;27-Jul-2008
100876;HDFC Liquid Fund - IDCW Monthly;INF179KB1HM6;INF179KB1HL8;10.3299;10.3299;10.3299;27-Jul-2008
100874;HDFC Liquid Fund - IDCW Plan Weekly;INF179KB1ID3;;10.3257;10.3257;10.3257;27-Jul-2008
100877;HDFC Liquid Fund-Premium Plan - Dividend-Daily;;INF179K01KN4;12.2598;12.2598;12.2598;27-Jul-2008
100881;HDFC Liquid Fund-Premium Plus Plan - Dividend-Weekly;INF179K01KS3;;12.4303;12.4303;12.4303;27-Jul-2008
100872;HDFC Liquid Fund-PREMIUM PLUS- Growth;INF179K01KQ7;;16.6901;16.6901;16.6901;27-Jul-2008
100873;HDFC Liquid Fund-PREMIUM- Growth;INF179KB1HN4;;16.655;16.655;16.655;27-Jul-2008

HSBC Mutual Fund
101700;HSBC Cash Fund - Dividend - Daily;;INF336L01321;10.0056;10.0056;10.0056;27-Jul-2008
101702;HSBC Cash Fund - Dividend - Monthly;INF336L01305;INF336L01297;10.0133;10.0133;10.0133;27-Jul-2008
101701;HSBC Cash Fund - Dividend - Weekly;;INF336L01347;10.1212;10.1212;10.1212;27-Jul-2008
101692;HSBC Cash Fund - Inst. - Dividend - Daily;;INF336L01354;10.4401;10.4401;10.4401;27-Jul-2008
101694;HSBC Cash Fund - Inst. - Dividend - Monthly;INF336L01370;INF336L01362;10.4579;10.4579;10.4579;27-Jul-2008
101693;HSBC Cash Fund - Inst. - Dividend - Weekly;;INF336L01388;10.4545;10.4545;10.4545;27-Jul-2008
101691;HSBC Cash Fund - Inst. - Growth;INF336L01289;;14.0176;14.0176;14.0176;27-Jul-2008
101697;HSBC Cash Fund - Regular - Dividend - Daily;;INF336L01263;10.1930;10.1930;10.1930;27-Jul-2008
101698;HSBC Cash Fund - Regular - Dividend - Weekly;;INF336L01313;10.0086;10.0086;10.0086;27-Jul-2008
101696;HSBC Liquid Fund - Growth closed plan;INF336L01271;;13.9459;13.9459;13.9459;27-Jul-2008
101699;HSBC Liquid Fund Closed;INF336L01339;;13.1193;13.1193;13.1193;27-Jul-2008

ICICI Prudential Mutual Fund
100357;ICICI Prudential Liquid Fund -Quarterly IDCW;INF109K01UU5;INF109K01UT7;10.0726;10.0726;10.0726;27-Jul-2008
100361;ICICI Prudential Liquid Fund-Dividend-Institutional Plus - Monthly;;INF109K01VL2;11.9935;11.9935;11.9935;27-Jul-2008
100359;ICICI Prudential Liquid Institutional Plus Fund - Div - Daily;INF109K01VJ6;;11.8515;11.8515;11.8515;27-Jul-2008
100360;ICICI Prudential Liquid Institutional Plus Fund - Div - Weekly;INF109K01VM0;;11.8716;11.8716;11.8716;27-Jul-2008
100362;ICICI Prudential Liquid Institutional Plus Fund - Growth;INF109K01VK4;;20.7039;20.7039;20.7039;27-Jul-2008
103343;ICICI Prudential Liquid Fund - Daily IDCW;INF109K01VP3;;10.0005;10.0005;10.0005;27-Jul-2008
103340;ICICI Prudential Liquid Fund - Growth;INF109K01VQ1;;12.2537;12.2537;12.2537;27-Jul-2008
104308;ICICI Prudential Liquid Fund - Half Yearly IDCW;INF109K01UX9;INF109K01UW1;10.2727;10.2727;10.2727;27-Jul-2008
103344;ICICI Prudential Liquid Fund - Institutional Option - I;INF109K01VH0;;12.0004;12.0004;12.0004;27-Jul-2008
103342;ICICI Prudential Liquid Fund - Weekly IDCW;INF109K01VS7;;10.0182;10.0182;10.0182;27-Jul-2008
103341;ICICI Prudential Liquid Fund -Monthly IDCW;INF109K01VR9;;10.0696;10.0696;10.0696;27-Jul-2008
101748;ICICI Prudential Liquid Fund - Institutional - Daily - Div;INF109K01VE7;;11.8502;11.8502;11.8502;27-Jul-2008
101749;ICICI Prudential Liquid Fund - Institutional - Monthly - Div;;INF109K01VG2;10.0680;10.0680;10.0680;27-Jul-2008
101753;ICICI Prudential Liquid Fund - Institutional - Weekly - Div;INF109K01VI8;;11.8585;11.8585;11.8585;27-Jul-2008
101754;ICICI Prudential Liquid Fund Retail Daily Dividend;INF109K01UR1;;11.8514;11.8514;11.8514;27-Jul-2008
101750;ICICI Prudential Liquid Fund Retail Growth;INF109K01UQ3;;20.3367;20.3367;20.3367;27-Jul-2008
101755;ICICI Prudential Liquid Fund Retail Monthly Dividend;INF109K01US9;;11.9090;11.9090;11.9090;27-Jul-2008
101752;ICICI Prudential Liquid Fund Retail Weekly Dividend;INF109K01UV3;;11.8480;11.8480;11.8480;27-Jul-2008
101751;ICICI Prudential Liquid Institutional Fund - Growth;INF109K01VF4;;20.6043;20.6043;20.6043;27-Jul-2008

Invesco Mutual Fund
104484;Invesco India Liquid Fund - Daily IDCW (Reinvestment);;INF205K01HN3;10.0033;10.0033;10.0033;27-Jul-2008
104486;Invesco India Liquid Fund - Growth;INF205K01HM5;;11.4135;11.4135;11.4135;27-Jul-2008
104488;Invesco India Liquid Fund - Regular - Growth;INF205K01HG7;;11.3473;11.3473;11.3473;27-Jul-2008
104489;Invesco India Liquid Fund - Regular - Weekly IDCW (Reinvestment);;INF205K01HH5;10.0168;10.0168;10.0168;27-Jul-2008
104485;Invesco India Liquid Fund - Weekly IDCW (Reinvestment);INF205KA1BD7;INF205K01HO1;10.0172;10.0172;10.0172;27-Jul-2008
104483;Religare Invesco Liquid Fund - Institutional - Daily Dividend;;INF205K01HJ1;10.0033;10.0033;10.0033;27-Jul-2008
104491;Religare Invesco Liquid Fund - Institutional - Growth;INF205K01HI3;;11.3999;11.3999;11.3999;27-Jul-2008
104490;Religare Invesco Liquid Fund - Institutional - Weekly Dividend;;INF205K01HK9;10.0171;10.0171;10.0171;27-Jul-2008

JM Financial Mutual Fund
100241;JM High Liquidity Fund-- Institutional Plan - Dividend;INF192K01924;INF192K01932;10.3248;10.3248;10.3248;27-Jul-2008
100237;JM High Liquidity Fund-- Institutional Plan - Growth;INF192K01940;;13.7098;13.7098;13.7098;27-Jul-2008
100243;JM High Liquidity Fund-- Premium Plan - Daily Dividend Option;;;10.0000;10.0000;10.0000;27-Jul-2008
100238;JM High Liquidity Fund-Institutional Plan - Daily Dividend;;INF192K01916;10.0159;10.0159;10.0159;27-Jul-2008
100245;JM High Liquidity Fund-Super Institutional Plan- Daily Dividend;;INF192K01957;10.0165;10.0165;10.0165;27-Jul-2008
100246;JM High Liquidity Fund-Super Institutional Plan- Weekly  Dividend;INF192K01965;INF192K01973;10.0000;10.0000;10.0000;27-Jul-2008
100244;JM Liquid Fund (Regular) - Quarterly IDCW;INF192K01866;INF192K01874;13.0837;13.0837;13.0837;27-Jul-2008
100247;JM Liquid Fund (Regular) - Super Institutional Plan - Growth Option;INF192K01981;;13.0367;13.0367;13.0367;27-Jul-2008
100233;JM Liquid Fund (Regular) - Weekly IDCW;INF192K01841;INF192K01858;10.5639;10.5639;10.5639;27-Jul-2008
100234;JM Liquid Fund - Growth Option;INF192K01882;;22.7253;22.7253;22.7253;27-Jul-2008
101549;JM Liquid Fund (Regular) - Bonus Option - Principal Units;INF192K01890;;11.9340;11.9340;11.9340;27-Jul-2008
101078;JM Liquid Fund (Regular) - Daily IDCW;;INF192K01833;10.4302;10.4302;10.4302;27-Jul-2008

Kotak Mahindra Mutual Fund
100833;Kotak Liquid Fund - Regular  - Daily Reinvestment of Income Distribution cum capital withdrawal option;;INF174K01NL3;12.2281;12.2281;12.2281;27-Jul-2008
100835;Kotak Liquid Fund - Regular Plan - Growth;INF174K01NI9;;16.8139;16.8139;16.8139;27-Jul-2008
100831;Kotak Liquid Fund -Institutional Plan - (Daily Dividend);;INF174K01GA0;12.2281;12.2281;12.2281;27-Jul-2008
100834;Kotak Liquid Fund Regular Plan Weekly Reinvestment of Income Distribution cum capital withdrawal option Dividend;INF174K01NK5;;10.0504;10.0504;10.0504;27-Jul-2008
100830;Kotak Liquid-Institutional Plan  (Growth);INF174K01FZ9;;16.5942;16.5942;16.5942;27-Jul-2008
100832;Kotak Liquid-Institutional Plan (Weekly Dividend);;INF174K01GB8;10.0369;10.0369;10.0369;27-Jul-2008
100828;Kotak Liquid-Regular (Dividend);;INF174K01FY2;10.0359;10.0359;10.0359;27-Jul-2008
100829;Kotak Liquid-Regular (Growth);INF174K01NM1;;16.2844;16.2844;16.2844;27-Jul-2008

Nippon India Mutual Fund
100852;NIPPON INDIA LIQUID FUND - DAILY IDCW OPTION;;INF204K01UM1;15.2872;15.2872;15.2872;27-Jul-2008
100855;NIPPON INDIA LIQUID FUND - MONTHLY IDCW OPTION;INF204K01UO7;INF204K01UP4;20.2458;20.2458;20.2458;27-Jul-2008
100837;Nippon India Liquid Fund - Retail Option - Growth Plan;INF204K01UL3;;19.9709;19.9709;19.9709;27-Jul-2008
100842;NIPPON INDIA LIQUID FUND - RETAIL Plan - DAILY IDCW OPTION;;INF204K01UJ7;15.2426;15.2426;15.2426;27-Jul-2008
100843;NIPPON INDIA LIQUID FUND - RETAIL plan - MONTHLY IDCW OPTION;INF204K01UT6;INF204K01UU4;12.5298;12.5298;12.5298;27-Jul-2008
100844;NIPPON INDIA LIQUID FUND - RETAIL Plan - QUARTERLY IDCW OPTION;INF204K01UV2;INF204K01UW0;11.9798;11.9798;11.9798;27-Jul-2008
100838;NIPPON INDIA LIQUID FUND - RETAIL Plan - WEEKLY IDCW OPTION;;INF204K01UK5;10.3466;10.3466;10.3466;27-Jul-2008
100853;NIPPON INDIA LIQUID FUND - WEEKLY IDCW OPTION;INF204KC1FM8;INF204K01US8;15.3103;15.3103;15.3103;27-Jul-2008
100851;Nippon India Liquid Fund -Growth Plan;INF204K01UN9;;20.2459;20.2459;20.2459;27-Jul-2008
100847;Reliance Liquid Fund-Cash Plan-Bonus Plan (Growth);;;14.0758;14.0758;14.0758;27-Jul-2008
100849;Reliance Liquid Fund-Cash Plan-Daily Dividend Reinvestment Option;;;11.1415;11.1415;11.1415;27-Jul-2008
100845;Reliance Liquid Fund-Cash Plan-Growth Plan;;;14.0757;14.0757;14.0757;27-Jul-2008
100848;Reliance Liquid Fund-Cash Plan-Weekly Dividend Reinvestment Option;;;10.9215;10.9215;10.9215;27-Jul-2008

Principal Mutual Fund
100895;Principal Cash Management Fund - Daily Income Distribution CUM Capital Withdrawal;;INF173K01DB7;10.0007;10.0007;10.0007;27-Jul-2008
100897;Principal Cash Management Fund - Monthly Income Distribution CUM Capital Withdrawal Option;INF173K01BV9;INF173K01BW7;10.0552;10.0552;10.0552;27-Jul-2008
100896;Principal Cash Management Fund - Weekly Income Distribution CUM Capital Withdrawal Option;;INF173K01DC5;10.0108;10.0108;10.0108;27-Jul-2008
100898;Principal Cash Management Fund -Growth Option;INF173K01DA9;;12.9749;12.9749;12.9749;27-Jul-2008
100892;Principal Cash Management-Liquid Option-Daily Dividend;;;10.0022;10.0022;10.0022;27-Jul-2008
100887;Principal Cash Management-Liquid Option-Dividend Plan;;;10.1270;10.1270;10.1270;27-Jul-2008
100888;Principal Cash Management-Liquid Option-Growth Plan;;;16.2464;16.2464;16.2464;27-Jul-2008
100894;Principal Cash Management-Liquid Option-Institutional - Daily Dividend Plan;;;10.0022;10.0022;10.0022;27-Jul-2008
100893;Principal Cash Management-Liquid Option-Institutional - Growth Plan;;;13.6876;13.6876;13.6876;27-Jul-2008
100891;Principal Cash Management-Liquid Option-Institutional - Monthly Dividend Plan;;;10.0679;10.0679;10.0679;27-Jul-2008
100890;Principal Cash Management-Liquid Option-Institutional - Weekly Dividend Plan;;;10.0088;10.0088;10.0088;27-Jul-2008
100889;Principal Cash Management-Liquid Option-Monthly Dividend;;;10.0661;10.0661;10.0661;27-Jul-2008

Quantum Mutual Fund
103736;Quantum Liquid Fund - Direct Plan Daily IDCW;;INF082J01135;10.0000;10.0000;10.0000;27-Jul-2008
103734;Quantum Liquid Fund - Direct Plan Growth Option;INF082J01127;;11.8378;11.8378;11.8378;27-Jul-2008
103735;Quantum Liquid Fund - Direct Plan Monthly IDCW;INF082J01143;INF082J01200;10.0049;10.0049;10.0049;27-Jul-2008

SBI Mutual Fund
105274;SBI Liquid Fund - Institutional - Growth;INF200K01LU1;;13.3394;13.3394;13.3394;27-Jul-2008
105275;SBI Liquid Fund - Institutional Daily Income Distribution cum Capital Withdrawal Option (IDCW);;INF200K01LR7;10.0325;10.0325;10.0325;27-Jul-2008
105279;SBI Liquid Fund - Institutional Fortnightly Income Distribution cum Capital Withdrawal Option (IDCW);INF200K01LS5;INF200K01LT3;10.1233;10.1233;10.1233;27-Jul-2008
105278;SBI Liquid Fund - Institutional Weekly Income Distribution cum Capital Withdrawal Option (IDCW);INF200K01LV9;INF200K01LW7;10.5969;10.5969;10.5969;27-Jul-2008
105281;SBI Liquid Fund - Regular Plan - Daily Income Distribution cum Capital Withdrawal Option (IDCW);;INF200K01LX5;10.0325;10.0325;10.0325;27-Jul-2008
105283;SBI Liquid Fund - Regular Plan - Fortnightly Income Distribution cum Capital Withdrawal Option (IDCW);INF200K01LY3;INF200K01LZ0;0;0;0;27-Jul-2008
105282;SBI Liquid Fund - Regular Plan - Weekly Income Distribution cum Capital Withdrawal Option (IDCW);INF200K01MB9;INF200K01MC7;10.5946;10.5946;10.5946;27-Jul-2008
105280;SBI Liquid Fund - REGULAR PLAN -Growth;INF200K01MA1;;13.1866;13.1866;13.1866;27-Jul-2008

Tata Mutual Fund
102672;Tata Liquid Fund -Regular Plan - Growth Option;INF277K01YD8;;13.0660;13.0660;13.0660;27-Jul-2008
101714;Tata Liquid Fund- Regular Plan - Daily Reinvestment of IDCW Option;;INF277K011D4;10.0152;10.0152;10.0152;27-Jul-2008

Taurus Mutual Fund
104240;Taurus Liquid Fund-Dividend;INF044D01542;INF044D01559;10.0140;10.0140;10.0140;27-Jul-2008
104241;Taurus Liquid Fund-Growth;INF044D01575;;11.1808;11.1808;11.1808;27-Jul-2008

UTI Mutual Fund
102010;UTI Liquid Fund - Regular Plan - Daily IDCW (Reinvestment);;INF789F01PG3;1019.4457;1019.4457;1019.4457;27-Jul-2008
102011;UTI Liquid Fund - Regular Plan - Monthly IDCW;INF789F01PI9;INF789F01PJ7;1031.1934;1031.1934;1031.1934;27-Jul-2008
102013;UTI Liquid Fund - Regular Plan - Weekly IDCW;;INF789F01PK5;1022.9134;1022.9134;1022.9134;27-Jul-2008
102012;UTI-  Liquid Cash Plan - Regular Plan - Growth Option;INF789F01PH1;;1368.0845;1368.0845;1368.0845;27-Jul-2008
102008;UTI-  Liquid Cash Plan- Discontinued - Regular Plan - Monthly Dividend Option;INF789F01BC2;INF789F01BA6;1050.2947;1050.2947;1050.2947;27-Jul-2008
102009;UTI-  Liquid Cash Plan- Discontinued - Regular Plan -Growth;INF789F01BB4;;1355.8335;1355.8335;1355.8335;27-Jul-2008
102007;UTI-  Liquid Cash Plan- Discontinued -Regular Plan Periodic Dividend Option;;INF789F01AZ5;1038.8762;1038.8762;1038.8762;27-Jul-2008

Open Ended Schemes ( Debt Scheme - Ultra Short Duration Fund )


Principal Mutual Fund
107325;Principal Money Manager Fund-Regular Plan-Daily Dividend Option;;;10.0247;9.9746;10.0748;27-Jul-2008
107331;Principal Money Manager Fund-Regular Plan-Growth Option;;;10.4254;10.3733;10.4775;27-Jul-2008
107327;Principal Money Manager Fund-Regular Plan-Monthly Dividend Option;;;10.4252;10.3731;10.4773;27-Jul-2008
107326;Principal Money Manager Fund-Regular Plan-Weekly Dividend Option;;;10.1120;10.0614;10.1626;27-Jul-2008
107329;Principal Ultra Short Term Fund-Daily Income Distribution CUM Capital Withdrawal Option;;INF173K01CV7;10.0247;9.9746;10.0748;27-Jul-2008
107328;Principal Ultra Short Term Fund-Growth Option;INF173K01CU9;;10.4254;10.3733;10.4775;27-Jul-2008
107330;Principal Ultra Short Term Fund-Monthly Income Distribution CUM Capital Withdrawal Option;INF173K01CB9;INF173K01CC7;10.4254;10.3733;10.4775;27-Jul-2008
107332;Principal Ultra Short Term Fund-Weekly Income Distribution CUM Capital Withdrawal Option;;INF173K01CW5;10.1161;10.0655;10.1667;27-Jul-2008

SBI Mutual Fund
105080;SBI Ultra Short Duration Fund - Regular Plan - Daily Income Distribution cum Capital Withdrawal Option (IDCW);;INF200K01LK2;16.7503;16.7503;16.7503;27-Jul-2008
100641;SBI ULTRA SHORT DURATION FUND - REGULAR PLAN - GROWTH;INF200K01LJ4;;18.6041;18.6041;18.6041;27-Jul-2008
103884;SBI Ultra Short Duration Fund - Regular Plan - Weekly Income Distribution cum Capital Withdrawal Option (IDCW);INF200K01LM8;INF200K01LL0;10.7244;10.7244;10.7244;27-Jul-2008

Open Ended Schemes ( Debt Scheme - Low Duration Fund )


Aditya Birla Sun Life Mutual Fund
103192;Aditya Birla Sun Life Low Duration Fund - Growth Plan;INF209K01LQ0;;20.3730;20.3730;20.3730;27-Jul-2008
103195;Aditya Birla Sun Life Low Duration Fund - Institutional Plan - Growth;INF209K01KE8;;13.8895;13.8895;13.8895;27-Jul-2008
103191;Aditya Birla Sun Life Low Duration Fund -INSTITUTIONAL - DAILY IDCW;;INF209K01KD0;10.0030;10.0030;10.0030;27-Jul-2008
103194;Aditya Birla Sun Life Low Duration Fund -Institutional - weekly  IDCW;;INF209K01KG3;10.0121;10.0121;10.0121;27-Jul-2008
103193;Aditya Birla Sun Life Low Duration Fund -REGULAR - WEEKLY IDCW;;INF209KA1LQ4;10.0119;10.0119;10.0119;27-Jul-2008

Bandhan Mutual Fund
108633;BANDHAN Low Duration Fund - Regular Plan - Daily IDCW;INF194K01FW4;INF194K01FV6;10.0125;10.0125;10.0125;27-Jul-2008
108632;BANDHAN Low Duration Fund - Regular Plan - Growth;INF194K01FU8;;11.6550;11.6550;11.6550;27-Jul-2008
108635;BANDHAN Low Duration Fund - Regular Plan - Monthly IDCW;INF194K01FZ7;INF194K01FY0;10.0550;10.0550;10.0550;27-Jul-2008
108634;BANDHAN Low Duration Fund - Regular Plan - Weekly IDCW;INF194K01GC4;INF194K01GB6;10.0056;10.0056;10.0056;27-Jul-2008

Canara Robeco Mutual Fund
104559;CANARA ROBECO SAVINGS FUND - REGULAR PLAN - DAILY IDCW (Reinvestment);;INF760K01803;10.26;10.26;10.26;27-Jul-2008
102913;CANARA ROBECO SAVINGS FUND - REGULAR PLAN - GROWTH OPTION;INF760K01795;;12.7646;12.7646;12.7646;27-Jul-2008
102914;CANARA ROBECO SAVINGS FUND - REGULAR PLAN - IDCW (Payout/Reinvestment);INF760K01779;INF760K01787;12.2736;12.2736;12.2736;27-Jul-2008
102915;CANARA ROBECO SAVINGS FUND - REGULAR PLAN - WEEKLY IDCW (Payout/Reinvestment);INF760K01CB3;INF760K01811;10.2677;10.2677;10.2677;27-Jul-2008

Open Ended Schemes ( Debt Scheme - Money Market Fund )


Aditya Birla Sun Life Mutual Fund
101975;Aditya Birla Sun Life Floating Rate Fund-Short Term Plan-Institutional Fortnightly Dividend;;;10.0000;10.0000;10.0000;27-Jul-2008
101973;Aditya Birla Sun Life Money Manager Fund - Daily IDCW;;INF209K01SZ6;10.0086;10.0086;10.0086;27-Jul-2008
101976;Aditya Birla Sun Life Money Manager Fund - Growth;INF209K01RV7;;10.9939;10.9939;10.9939;27-Jul-2008
101972;Aditya Birla Sun Life Money Manager Fund - Retail - Daily IDCW;;INF209K01JZ5;10.0015;10.0015;10.0015;27-Jul-2008
101970;Aditya Birla Sun Life Money Manager Fund - RETAIL - WEEKLY IDCW;;INF209K01JY8;10.3799;10.3799;10.3799;27-Jul-2008
101971;Aditya Birla Sun Life Money Manager Fund - Retail Growth;INF209K01MJ3;;13.6646;13.6646;13.6646;27-Jul-2008
101974;Aditya Birla Sun Life Money Manager Fund - WEEKLY IDCW;;INF209K01SY9;10.0129;10.0129;10.0129;27-Jul-2008

Bandhan Mutual Fund
108698;Bandhan Money Market Fund - Daily Dividend;INF194K01MF5;INF194K01ME8;10.0015;10.0015;10.0015;27-Jul-2008
108697;Bandhan Money Market Fund - Growth;INF194K01MD0;;0;0;0;27-Jul-2008
108700;Bandhan Money Market Fund - Monthly Dividend;INF194K01ML3;INF194K01MK5;0;0;0;27-Jul-2008
108701;Bandhan Money Market Fund - Regular Plan - Weekly IDCW;INF194K01LR2;INF194K01LQ4;10.0705;10.0705;10.0705;27-Jul-2008
108699;Bandhan Money Market Fund - Weekly Dividend;INF194K01MI9;INF194K01MH1;0;0;0;27-Jul-2008
108650;BANDHAN Money Market Fund - Regular Plan - Daily IDCW;INF194K01LL5;INF194K01LK7;10.0699;10.0699;10.0699;27-Jul-2008
108756;BANDHAN Money Market Fund - Regular Plan - Growth;INF194K01LJ9;;13.4076;13.4076;13.4076;27-Jul-2008
108757;BANDHAN Money Market Fund - Regular Plan - Monthly IDCW;INF194K01LO9;INF194K01LN1;10.0748;10.0748;10.0748;27-Jul-2008

Franklin Templeton Mutual Fund
101352;Templeton Floating Rate Income Fund-Short Term Plan-Dividend Option;;;10.0491;10.0491;10.0491;27-Jul-2008
101353;Templeton Floating Rate Income Fund-Short Term Plan-Growth Option;;;15.0407;15.0407;15.0407;27-Jul-2008
101355;Templeton Floating Rate Income Fund-Short Term Plan-Institutional Option - Dividend;;;10.1158;10.1158;10.1158;27-Jul-2008
101354;Templeton Floating Rate Income Fund-Short Term Plan-Institutional Option - Growth;;;12.3666;12.3666;12.3666;27-Jul-2008

HDFC Mutual Fund
101994;HDFC Money Market Fund - Daily IDCW Option;;INF179KB1IG6;10.6364;10.6364;10.6364;27-Jul-2008
101993;HDFC Money Market Fund - Growth Option;INF179KB1HR5;;17.3757;17.3757;17.3757;27-Jul-2008
101995;HDFC Money Market Fund - Weekly IDCW Option;INF179KB1IH4;INF179KB1II2;10.6301;10.6301;10.6301;27-Jul-2008

ICICI Prudential Mutual Fund
101221;ICICI Prudential Money Market Fund Retail Growth (erstwhile Cash Option);INF109K01TW3;;13.9941;13.9941;13.9941;27-Jul-2008
103634;ICICI Prudential Money Market Fund Option - Daily IDCW;INF109K01TY9;;10.0010;10.0010;10.0010;27-Jul-2008
103633;ICICI Prudential Money Market Fund Option - Growth;INF109K01TX1;;11.8648;11.8648;11.8648;27-Jul-2008
103637;ICICI Prudential Money Market Fund Option - Monthly IDCW;INF109K01UC3;INF109K01UB5;10.0593;10.0593;10.0593;27-Jul-2008
103635;ICICI Prudential Money Market Fund Option - Weekly IDCW;INF109K01TZ6;;10.0175;10.0175;10.0175;27-Jul-2008
103636;ICICI Prudential Money Market Fund Option -Fortnightly IDCW;INF109K01UA7;;10.0379;10.0379;10.0379;27-Jul-2008

Kotak Mahindra Mutual Fund
106842;Kotak Money Market Fund - (Daily Reinvestment of Income Distribution cum capital withdrawal option);INF174K01ND0;;10.0428;10.0428;10.0428;27-Jul-2008
101893;Kotak Money Market Fund - (Growth);INF174K01NA6;;13.7106;13.7106;13.7106;27-Jul-2008
101892;Kotak Money market Fund - (Monthly Payout of Income Distribution cum capital withdrawal option);INF174K018O0;INF174K01NB4;10.0346;10.0346;10.0346;27-Jul-2008
101894;Kotak Money Market Fund - (Weekly Reinvestment of Income Distribution cum capital withdrawal option);INF174K01NC2;;10.033;10.033;10.033;27-Jul-2008

Nippon India Mutual Fund
103050;NIPPON INDIA MONEY MARKET FUND - DAILY IDCW Option;;INF204K01UY6;10.0031;10.0031;10.0031;27-Jul-2008
103051;NIPPON INDIA MONEY MARKET FUND - WEEKLY IDCW Option;;INF204K01UZ3;10.0068;10.0068;10.0068;27-Jul-2008
103048;Nippon India Money Market Fund-Growth Plan-Growth Option;INF204K01VA4;;12.4953;12.4953;12.4953;27-Jul-2008

Tata Mutual Fund
101986;Tata Money Market Fund- Regular Plan - Daily Reinvestment of IDCW Option;;INF277K014C0;1114.5200;1114.5200;1114.5200;27-Jul-2008
101847;Tata Money Market Fund-Regular Plan - Growth Option;INF277K01LQ7;;1535.9503;1535.9503;1535.9503;27-Jul-2008

UTI Mutual Fund
100724;UTI MMF- Discontinued - Regular Plan - Flexi Dividend Option;;INF789F01BD0;18.1402;18.1402;18.1402;27-Jul-2008
100725;UTI MMF- Discontinued - Regular Plan - Periodic Dividend Option;INF789F01BE8;;18.0451;18.0451;18.0451;27-Jul-2008
100723;UTI MMF-Discontinued - Regular Plan -Growth;INF789F01BF5;;23.2209;23.2209;23.2209;27-Jul-2008

Open Ended Schemes ( Debt Scheme - Credit Risk Fund )


DSP Mutual Fund
101839;DSP Credit Risk Fund - Regular Plan - IDCW;INF740K01581;INF740K01AB9;10.4222;10.4222;10.4222;27-Jul-2008
101840;DSP Credit Risk Fund - Regular Plan - IDCW - Daily;;INF740KA1OA8;10.0312;10.0312;10.0312;27-Jul-2008
101838;DSP Credit Risk Fund - Regular Plan - IDCW - Weekly;INF740K01FR4;INF740K01FQ6;10.0420;10.0420;10.0420;27-Jul-2008
101837;DSP Credit Risk Fund - Regular Plan -Growth;INF740K01599;;13.3009;13.3009;13.3009;27-Jul-2008

Principal Mutual Fund
102729;Principal Credit Risk Fund - Regular Plan - Growth Option;INF173K01DM4;;13.0215;13.0215;13.0215;27-Jul-2008
102732;Principal Credit Risk Fund - Regular Plan - Monthly Dividend Option;INF173K01BJ4;INF173K01BK2;11.0188;11.0188;11.0188;27-Jul-2008
102726;Principal Floating Rate Fund - SMP-Daily Dividend;;;10.0007;10.0007;10.0007;27-Jul-2008
102725;Principal Floating Rate Fund - SMP-Growth;;;12.9649;12.9649;12.9649;27-Jul-2008
102730;Principal Floating Rate Fund - SMP-Insti. Daily Dividend;;;10.0007;10.0007;10.0007;27-Jul-2008
102731;Principal Floating Rate Fund - SMP-Insti. Weekly Dividend;;;10.0081;10.0081;10.0081;27-Jul-2008
102728;Principal Floating Rate Fund - SMP-Monthly Dividend;;;10.5719;10.5719;10.5719;27-Jul-2008
102727;Principal Floating Rate Fund - SMP-Weekly Dividend;;;10.0080;10.0080;10.0080;27-Jul-2008

Open Ended Schemes ( Debt Scheme - Floater Fund )


Franklin Templeton Mutual Fund
101048;Franklin India Floating Rate Fund - Growth Plan;INF090I01LM7;;14.8411;14.8411;14.8411;27-Jul-2008
101044;Franklin India Floating Rate Fund - IDCW ;INF090I01LN5;;10.0000;10.0000;10.0000;27-Jul-2008

Nippon India Mutual Fund
102676;NIPPON INDIA FLOATER FUND - DAILY IDCW REINVESTMENT Option;;INF204K01CI7;10.0697;10.0697;10.0697;27-Jul-2008
102673;Nippon India Floater Fund - Growth Plan-Growth Option;INF204K01CG1;;13.0146;13.0146;13.0146;27-Jul-2008
102675;NIPPON INDIA FLOATER FUND - MONTHLY IDCW Option;INF204K01CH9;INF204K01CK3;10.1239;10.1239;10.1239;27-Jul-2008
102677;NIPPON INDIA FLOATER FUND - WEEKLY IDCW Option;INF204K01OQ5;INF204K01CJ5;10.0863;10.0863;10.0863;27-Jul-2008
