Scheme Code;Scheme Name;ISIN Div Payout/ISIN Growth;ISIN Div Reinvestment;Net Asset Value;Repurchase Price;Sale Price;Date

Open Ended Schemes ( Liquid )


Daiwa Mutual Fund
114515;Daiwa Liquid Fund - Institutional - Growth;INF752K01206;-;1271.3539;1271.3539;1271.3539;11-Nov-2012
114519;Daiwa Liquid Fund - Regular - Daily Dividend;;INF752K01222;1000.5200;1000.5200;1000.5200;11-Nov-2012
114514;Daiwa Liquid Fund - Regular - Growth;INF752K01230;;1268.6297;1268.6297;1268.6297;11-Nov-2012
114518;Daiwa Liquid Fund - Regular - Weekly Dividend;;INF752K01248;1001.8834;1001.8834;1001.8834;11-Nov-2012

Deutsche Mutual Fund
116363;DWS Insta Cash Plus Fund - Annual Dividend Option;INF223J01IP1;INF223J01IQ9;101.4691;101.4691;101.4691;11-Nov-2012
106468;DWS INSTA CASH PLUS FUND - BONUS OPTION;INF223J01BQ4;;100.8790;100.8790;100.8790;11-Nov-2012
106470;DWS Insta Cash Plus Fund - Monthly Dividend;INF223J01BR2;INF223J01BS0;100.8963;100.8963;100.8963;11-Nov-2012
116361;DWS Insta Cash Plus Fund - Regular Plan - Annual Dividend Option;INF223J01IH8;INF223J01II6;10.6307;10.6307;10.6307;11-Nov-2012
116369;DWS Insta cash Plus Fund - Regular Plan - Quarterly Dividend Option;INF223J01IF2;INF223J01IG0;10.6311;10.6311;10.6311;11-Nov-2012
105672;DWS INSTA CASH PLUS FUND - Regular Plan BONUS OPTION;INF223J01BH3;;11.5062;11.5062;11.5062;11-Nov-2012
106472;DWS Insta Cash Plus Fund - Weekly Dividend;INF223J01BT8;INF223J01BU6;100.5504;100.5504;100.5504;11-Nov-2012
106471;DWS Insta Cash Plus Fund -Growth;INF223J01BP6;;147.5652;147.5652;147.5652;11-Nov-2012
106467;DWS Insta Cash Plus Fund-Daily Dividend;;INF223J01BO9;100.3040;100.3040;100.3040;11-Nov-2012
101718;DWS Insta Cash Plus Fund-DIVIDEND-Daily Dividend;;INF223J01BI1;10.3010;10.3010;10.3010;11-Nov-2012
101717;DWS Insta Cash Plus Fund-DIVIDEND-MONTHLY DIVIDEND;INF223J01BK7;INF223J01BL5;10.0790;10.0790;10.0790;11-Nov-2012
101716;DWS Insta Cash Plus Fund-DIVIDEND-WEEKLY DIVIDEND;INF223J01BM3;INF223J01BN1;10.3567;10.3567;10.3567;11-Nov-2012
101719;DWS Insta Cash Plus Fund-Growth-GROWTH;INF223J01BJ9;;18.7621;18.7621;18.7621;11-Nov-2012
101722;DWS Insta Cash Plus Fund-Institutional Plan-Daily Dividend;;INF223J01BA8;10.0516;10.0516;10.0516;11-Nov-2012
101720;DWS Insta Cash Plus Fund-Institutional Plan-Dividend;INF223J01BE0;INF223J01BD2;10.5270;10.5270;10.5270;11-Nov-2012
101721;DWS Insta Cash Plus Fund-Institutional Plan-Growth;INF223J01BB6;;17.8004;17.8004;17.8004;11-Nov-2012
116368;DWS Insta CashPlus Fund - Quarterly Dividend Option;INF223J01IN6;INF223J01IO4;100.8980;100.8980;100.8980;11-Nov-2012
116370;DWS Treasury Fund - Cash Plan - Annual Dividend;INF223J01SF1;INF223J01SG9;107.2732;107.2732;107.2732;11-Nov-2012
114966;DWS Treasury Fund - Cash Plan - Bonus;INF223J01SA2;;114.1816;114.1816;114.1816;11-Nov-2012
112228;DWS Treasury Fund - Cash Plan - Daily Dividend;;INF223J01SB0;100.3910;100.3910;100.3910;11-Nov-2012
112221;DWS Treasury Fund - Cash Plan - Growth;INF223J01SC8;;122.5438;122.5438;122.5438;11-Nov-2012
112227;DWS Treasury Fund - Cash Plan - Institiutional - Daily Dividend;;INF223J01DZ1;100.4970;100.4970;100.4970;11-Nov-2012
112222;DWS Treasury Fund - Cash Plan - Institiutional - Growth;INF223J01EA2;;126.8010;126.8010;126.8010;11-Nov-2012
112963;DWS Treasury Fund - Cash Plan - Institiutional - Monthly Dividend;INF223J01ED6;INF223J01EE4;102.9669;102.9669;102.9669;11-Nov-2012
112969;DWS Treasury Fund - Cash Plan - Institiutional - Weekly Dividend;INF223J01EB0;INF223J01EC8;100.7516;100.7516;100.7516;11-Nov-2012
112965;DWS Treasury Fund - Cash Plan - Monthly Dividend;INF223J01RW8;INF223J01RX6;100.2520;100.2520;100.2520;11-Nov-2012
116391;DWS Treasury Fund - Cash Plan - Quarterly Dividend;INF223J01SD6;INF223J01SE4;107.0734;107.0734;107.0734;11-Nov-2012
112964;DWS Treasury Fund - Cash Plan - Weekly Dividend;INF223J01RY4;INF223J01RZ1;106.4352;106.4352;106.4352;11-Nov-2012

Edelweiss Mutual Fund
109935;Edelweiss Liquid Fund - Daily Dividend Option;;INF754K01BG7;1000.0000;1000.0000;1000.0000;11-Nov-2012
109946;Edelweiss Liquid Fund - Growth Option;INF754K01BC6;;1122.8893;1122.8893;1122.8893;11-Nov-2012
109941;Edelweiss Liquid Fund - Institutional Plan - Daily Dividend Option;;INF754K01AZ9;1000.0000;1000.0000;1000.0000;11-Nov-2012
109945;Edelweiss Liquid Fund - Institutional Plan - Growth Option;INF754K01AV8;;1044.5252;1044.5252;1044.5252;11-Nov-2012
109934;Edelweiss Liquid Fund - Retail Plan - Daily Dividend Option;;INF754K01AS4;1000.0000;1000.0000;1000.0000;11-Nov-2012
109940;Edelweiss Liquid Fund - Retail Plan - Growth Option;INF754K01AO3;;1299.4894;1299.4894;1299.4894;11-Nov-2012
109939;Edelweiss Liquid Fund - Retail Plan - Monthly Dividend Option;INF754K01AP0;INF754K01AR6;1001.9018;1001.9018;1001.9018;11-Nov-2012
109937;Edelweiss Liquid Fund - Retail Plan - Weekly Dividend Option;;INF754K01AT2;1000.1948;1000.1948;1000.1948;11-Nov-2012
109942;Edelweiss Liquid Fund - Weekly Dividend Option;;INF754K01BH5;1000.1928;1000.1928;1000.1928;11-Nov-2012

Fidelity Mutual Fund
104498;Fidelity Cash Fund - Institutional Plan - Daily Dividend Option;;INF677K01AQ1;10.0025;10.0025;10.0025;11-Nov-2012
104497;Fidelity Cash Fund - Institutional Plan - Growth Option;;;15.3219;15.3219;15.3219;11-Nov-2012
104546;Fidelity Cash Fund - Institutional Plan - Weekly Dividend Option;;INF677K01AR9;10.1853;10.1853;10.1853;11-Nov-2012
104495;Fidelity Cash Fund - Retail Plan - Daily Dividend option;;INF677K01AL2;10.0025;10.0025;10.0025;11-Nov-2012
104493;Fidelity Cash Fund - Retail Plan - Growth option;;;14.9637;14.9637;14.9637;11-Nov-2012
104547;Fidelity Cash Fund - Retail Plan - Monthly Dividend Option;;;10.0390;10.0390;10.0390;11-Nov-2012
104549;Fidelity Cash Fund - Retail Plan - Weekly Dividend Option;;INF677K01AM0;10.0139;10.0139;10.0139;11-Nov-2012
104494;Fidelity Cash Fund - Super Institutional Plan - Daily Dividend Option;;INF677K01AV1;10.2330;10.2330;10.2330;11-Nov-2012
104496;Fidelity Cash Fund - Super Institutional Plan - Growth Option;INF677K01AU3;;15.4465;15.4465;15.4465;11-Nov-2012
104551;Fidelity Cash Fund - Super Institutional Plan - Monthly Dividend Option;INF677K01AX7;INF677K01AY5;10.0385;10.0385;10.0385;11-Nov-2012
104550;Fidelity Cash Fund - Super Institutional Plan - Weekly Dividend Option;;INF677K01AW9;10.0136;10.0136;10.0136;11-Nov-2012

ING Mutual Fund
100198;ING Liquid Fund-Institutional Daily Dividend Option;INF084M01473;;10.0121;10.0121;10.0121;11-Nov-2012
100196;ING Liquid Fund-Institutional Growth Option;INF084M01465;;17.6889;17.6889;17.6889;11-Nov-2012
100197;ING Liquid Fund-Institutional Weekly Dividend Option;INF084M01499;INF084M01481;10.0669;10.0669;10.0669;11-Nov-2012
100192;ING Liquid Fund-Regular Daily Dividend Option;INF084M01432;;10.7873;10.7873;10.7873;11-Nov-2012
100190;ING Liquid Fund-Regular Growth Option;INF084M01424;;23.4988;23.4988;23.4988;11-Nov-2012
100191;ING Liquid Fund-Regular Weekly Dividend Option;INF084M01457;INF084M01440;10.8375;10.8375;10.8375;11-Nov-2012
100200;ING Liquid Fund-Super Institutional Daily Dividend Option;INF084M01515;;10.0048;10.0048;10.0048;11-Nov-2012
100199;ING Liquid Fund-Super Institutional Growth Option;INF084M01507;;16.9056;16.9056;16.9056;11-Nov-2012
100201;ING Liquid Fund-Super Institutional Weekly Dividend Option;INF084M01531;INF084M01523;10.0137;10.0137;10.0137;11-Nov-2012

Invesco Mutual Fund
106502;Religare Invesco Overnight Fund - Daily Dividend Reinvestment;;INF205K01HS2;1000.0048;1000.0048;1000.0048;11-Nov-2012
106501;Religare Invesco Overnight Fund - Growth;INF205K01HR4;;1329.8216;1329.8216;1329.8216;11-Nov-2012

JM Financial Mutual Fund
101420;JM Floater Short Term Fund - Daily Dividend Option;;INF192K01767;10.0883;10.0883;10.0883;11-Nov-2012
101421;JM Floater Short Term Fund - Growth Option;INF192K01775;;17.8715;17.8715;17.8715;11-Nov-2012

JPMorgan Mutual Fund
106562;JPMorgan India Liquid Fund - Retail Plan - Daily Dividend Option;;INF843K01203;10.0150;10.0150;10.0150;11-Nov-2012
106561;JPMorgan India Liquid Fund - Retail Plan - Growth Option;INF843K01195;;13.4673;13.4673;13.4673;11-Nov-2012
109179;JPMorgan India Liquid Fund - Retail Plan - Monthly Dividend Option;;INF843K01237;10.0535;10.0535;10.0535;11-Nov-2012
109177;JPMorgan India Liquid Fund - Retail Plan - Weekly Dividend Option;;INF843K01211;10.0263;10.0263;10.0263;11-Nov-2012
117751;JPMorgan India Liquid Fund - Super Institutional Plan - Annual Dividend Option;INF843K01831;INF843K01823;10.1803;10.1803;10.1803;11-Nov-2012
117752;JPMorgan India Liquid Fund - Super Institutional Plan - Bonus Option;INF843K01849;;10.1803;10.1803;10.1803;11-Nov-2012
110149;JPMorgan India Liquid Fund - Super Institutional Plan - Daily Dividend Option;;INF843K01153;10.0079;10.0079;10.0079;11-Nov-2012
110152;JPMorgan India Liquid Fund - Super Institutional Plan - Fortnightly Dividend Option;INF843K01492;INF843K01179;10.0767;10.0767;10.0767;11-Nov-2012
110150;JPMorgan India Liquid Fund - Super Institutional Plan - Growth Option;INF843K01146;;14.7193;14.7193;14.7193;11-Nov-2012
110151;JPMorgan India Liquid Fund - Super Institutional Plan - Monthly Dividend Option;INF843K01500;INF843K01187;10.0721;10.0721;10.0721;11-Nov-2012
110153;JPMorgan India Liquid Fund - Super Institutional Plan - Weekly Dividend Option;INF843K01484;INF843K01161;10.1442;10.1442;10.1442;11-Nov-2012

L&T Mutual Fund
112468;L&T Liquid Fund - Regular Weekly Dividend;;INF917K01BE5;1199.7057;1199.7057;1199.7057;11-Nov-2012

Mirae Asset Mutual Fund
107659;Mirae Asset Liquid Fund- Institutional Plan - Growth;INF769K01648;;1007.5108;1007.5108;1007.5108;11-Nov-2012
107646;Mirae Asset Liquid Fund- Regular Plan - Daily Dividend;;INF769K01606;1109.2800;1109.2800;1109.2800;11-Nov-2012
107648;Mirae Asset Liquid Fund- Regular Plan - Growth;INF769K01572;;1164.9937;1164.9937;1164.9937;11-Nov-2012
107649;Mirae Asset Liquid Fund- Regular Plan - Monthly Dividend;INF769K01630;INF769K01622;1036.1060;1036.1060;1036.1060;11-Nov-2012
107647;Mirae Asset Liquid Fund- Regular Plan - Weekly Dividend;;INF769K01614;1112.0161;1112.0161;1112.0161;11-Nov-2012

Morgan Stanley Mutual Fund
115812;MS Liquid Fund - Regular- Growth;INF063A01274;;1115.3245;1115.3245;1115.3245;11-Nov-2012
115814;MS Liquid Fund - Regular- Weekly Dividend Plan;;INF063A01290;1001.1745;1001.1745;1001.1745;11-Nov-2012
115813;MS Liquid Fund- Regular Daily Dividend Plan;;INF063A01282;1000.4971;1000.4971;1000.4971;11-Nov-2012
115815;MS Liquid Fund- Regular Monthly Dividend Plan;INF063A01316;INF063A01308;1004.8919;1004.8919;1004.8919;11-Nov-2012

PGIM India Mutual Fund
113184;DHFL Pramerica Liquid Fund - Dividend Option - Daily;;INF663L01088;1000.2500;1000.2500;1000.2500;11-Nov-2012
113187;DHFL Pramerica Liquid Fund - Dividend Option - Fortnightly;INF663L01120;INF663L01104;1000.0890;1000.0890;1000.0890;11-Nov-2012
113186;DHFL Pramerica Liquid Fund - Dividend Option - Monthly;INF663L01138;INF663L01112;1003.7387;1003.7387;1003.7387;11-Nov-2012
113183;DHFL Pramerica Liquid Fund - Growth Option;INF663L01070;;1211.9203;1211.9203;1211.9203;11-Nov-2012
113185;DHFL Pramerica Liquid Fund -Dividend Option- Weekly;;INF663L01096;1001.2157;1001.2157;1001.2157;11-Nov-2012

PineBridge Mutual Fund
106518;PineBridge India Liquid Fund- Standard Plan-Bonus Option;;INF178L01707;1002.6602;1002.6602;1002.6602;11-Nov-2012
106513;PineBridge India Liquid Fund- Standard Plan-Daily Dividend Option;;INF178L01699;1001.0000;1001.0000;1001.0000;11-Nov-2012
106508;PineBridge India Liquid Fund- Standard Plan-Growth Option;INF178L01715;;1442.0465;1442.0465;1442.0465;11-Nov-2012
106519;PineBridge India Liquid Fund- Standard Plan-Monthly Dividend Option;INF178L01723;INF178L01731;1002.6602;1002.6602;1002.6602;11-Nov-2012
106520;PineBridge India Liquid Fund- Standard Plan-Quarterly Dividend Option;INF178L01749;INF178L01756;1002.6601;1002.6601;1002.6601;11-Nov-2012
106509;PineBridge India Liquid Fund- Standard Plan-Weekly Dividend Option;;INF178L01764;1002.2485;1002.2485;1002.2485;11-Nov-2012
106506;PineBridge India Liquid Fund-Institutional Plan-Daily Dividend Option;;INF178L01616;1001.0000;1001.0000;1001.0000;11-Nov-2012
106511;PineBridge India Liquid Fund-Institutional Plan-Growth Option;INF178L01632;;1434.6379;1434.6379;1434.6379;11-Nov-2012
106507;PineBridge India Liquid Fund-Institutional Plan-Weekly Dividend Option;;INF178L01681;1002.2312;1002.2312;1002.2312;11-Nov-2012
106503;PineBridge India Liquid Fund-Retail Plan-DailyDividend Option;;INF178L01533;1001.0000;1001.0000;1001.0000;11-Nov-2012
106514;PineBridge India Liquid Fund-Retail Plan-Growth Option;INF178L01558;;1412.4195;1412.4195;1412.4195;11-Nov-2012
106504;PineBridge India Liquid Fund-Retail Plan-Monthly Dividend Option;INF178L01566;INF178L01574;1004.3152;1004.3152;1004.3152;11-Nov-2012
106516;PineBridge India Liquid Fund-Retail Plan-Quarterly Dividend Option;INF178L01582;INF178L01590;1012.3926;1012.3926;1012.3926;11-Nov-2012
106510;PineBridge India Liquid Fund-Retail Plan-Weekly Dividend Option;;INF178L01608;1002.1823;1002.1823;1002.1823;11-Nov-2012

Sahara Mutual Fund
101397;Sahara Liquid Fund-Fixed Pricing -  Weekly Dividend Option;;INF515L01064;1027.4373;1027.4373;1027.4373;11-Nov-2012
101393;Sahara Liquid Fund-Fixed Pricing - Daily Dividend Option;;INF515L01049;1029.4860;1029.4860;1029.4860;11-Nov-2012
101394;Sahara Liquid Fund-Fixed Pricing - Growth option;INF515L01056;;2054.2234;2054.2234;2054.2234;11-Nov-2012
101398;Sahara Liquid Fund-Fixed Pricing - Monthly Dividend Option;;INF515L01072;1031.3909;1031.3909;1031.3909;11-Nov-2012
101399;Sahara Liquid Fund-Variable Pricing - Daily Dividend option;;INF515L01080;1029.5003;1029.5003;1029.5003;11-Nov-2012
101402;Sahara Liquid Fund-Variable Pricing - Growth option;INF515L01114;;2071.8011;2071.8011;2071.8011;11-Nov-2012
101400;Sahara Liquid Fund-Variable Pricing - Weekly Dividend Option;;INF515L01098;1031.5210;1031.5210;1031.5210;11-Nov-2012
101401;Sahara Liquid Fund-Variable Pricing- Monthly Dividend Option;;INF515L01106;1035.6935;1035.6935;1035.6935;11-Nov-2012

Tata Mutual Fund
101987;Tata Liquid Fund Reglar Plan - Monthly Dividend;INF277K01LR5;INF277K01LS3;1002.4980;1002.4980;1002.4980;11-Nov-2012
101861;Tata Liquid Fund-Regular Plan  - Weekly Dividend;INF277K016C5;;1001.8216;1001.8216;1001.8216;11-Nov-2012
101984;Tata Liquid High Investment Plan - Daily;;;1114.3379;1114.3379;1114.3379;11-Nov-2012
101860;Tata Liquid High Investment Plan - Growth;INF277K01LN4;;1866.4367;1866.4367;1866.4367;11-Nov-2012
101985;Tata Liquid High Investment Plan - Monthly;INF277K01LO2;INF277K01LP9;1021.9925;1021.9925;1021.9925;11-Nov-2012
101859;Tata Liquid High Investment Plan - Weekly;;;1147.7490;1147.7490;1147.7490;11-Nov-2012
101982;Tata Liquid Retail Investment PLan - Daily;;;1116.8143;1116.8143;1116.8143;11-Nov-2012
101983;Tata Liquid Retail Investment Plan - Fortnightly;;;1147.5736;1147.5736;1147.5736;11-Nov-2012
101858;Tata Liquid Retail Investment Plan - Growth;INF277K01LM6;;2566.7398;2566.7398;2566.7398;11-Nov-2012
103631;Tata Liquidity Management Fund - Regular Plan - Daily Dividend;;;1002.6089;1000.1024;1002.6089;11-Nov-2012
103632;Tata Liquidity Management Fund - Regular Plan - Growth;INF277K01LW5;;1534.9792;1531.1418;1534.9792;11-Nov-2012
103519;Tata Liquidity Management Fund - Regular Plan  -Weekly Dividend;;;1006.6573;1004.1407;1006.6573;11-Nov-2012

Open Ended Schemes ( Money Market )


Tata Mutual Fund
102152;Tata Money Market Fund Regular (Bonus / Dividend);;;10.1596;10.1596;10.1596;11-Nov-2012
102153;Tata Money Market Fund Regular (Growth);INF277K01LY1;;17.9775;17.9775;17.9775;11-Nov-2012

Open Ended Schemes ( Debt Scheme - Overnight Fund )


HDFC Mutual Fund
101996;HDFC Overnight Fund - Growth Option;INF179KB1HS3;;18.252;18.252;18.252;11-Nov-2012
101997;HDFC Overnight Fund - IDCW Option (Daily);;INF179KB1IF8;10.4266;10.4266;10.4266;11-Nov-2012

SBI Mutual Fund
114297;SBI Overnight Fund - Regular Plan - Daily Income Distribution cum Capital Withdrawal Option (IDCW);;INF200K01LN6;1009.91;1009.91;1009.91;11-Nov-2012
101206;SBI OVERNIGHT FUND - REGULAR PLAN - GROWTH;INF200K01LQ9;;1952.5997;1952.5997;1952.5997;11-Nov-2012
103140;SBI Overnight Fund - Regular Plan - Weekly Income Distribution cum Capital Withdrawal Option (IDCW);INF200K01LO4;INF200K01LP1;1031.4133;1031.4133;1031.4133;11-Nov-2012

Open Ended Schemes ( Debt Scheme - Liquid Fund )


Aditya Birla Sun Life Mutual Fund
100047;Aditya Birla Sun Life Liquid Fund - Growth;INF209K01RU9;;181.8709;181.8709;181.8709;11-Nov-2012
100046;Aditya Birla Sun Life Liquid Fund -Daily IDCW;INF209K01KQ2;INF209K01SQ5;100.1950;100.1950;100.1950;11-Nov-2012
100041;Aditya Birla Sun Life Liquid Fund -Institutional - IDCW;;INF209K01KN9;108.0230;108.0230;108.0230;11-Nov-2012
100048;Aditya Birla Sun Life Liquid Fund -Institutional - weekly  IDCW;INF209KA1LK7;INF209K01KY6;108.1159;108.1159;108.1159;11-Nov-2012
100044;Aditya Birla Sun Life Liquid Fund -Retail - IDCW;;INF209K01KP4;163.6940;163.6940;163.6940;11-Nov-2012
100051;Aditya Birla Sun Life Liquid Fund -weekly IDCW;INF209K01KU4;INF209KA1LJ9;100.2708;100.2708;100.2708;11-Nov-2012
112014;Aditya Birla Sun Life Liquid Fund- Discipline Advantage Plan;INF209K01KZ3;;123.6364;123.6364;123.6364;11-Nov-2012
100043;Aditya Birla Sun Life Liquid Fund-Institutional (Growth);INF209K01RT1;;304.1151;304.1151;304.1151;11-Nov-2012
100042;Aditya Birla Sun Life Liquid Fund-Retail (Growth);INF209K01ME4;;297.3225;297.3225;297.3225;11-Nov-2012

Axis Mutual Fund
112211;Axis Liquid Fund - Regular Plan - Daily IDCW;;INF846K01420;1000.1107;1000.1107;1000.1107;11-Nov-2012
112210;Axis Liquid Fund - Regular Plan - Growth Option;INF846K01412;;1258.4401;1258.4401;1258.4401;11-Nov-2012
112213;Axis Liquid Fund - Regular Plan - Monthly IDCW;INF846K01453;INF846K01461;1003.9394;1003.9394;1003.9394;11-Nov-2012
112212;Axis Liquid Fund - Regular Plan - Weekly IDCW;INF846K01438;INF846K01446;1003.4696;1003.4696;1003.4696;11-Nov-2012
112712;Axis Liquid Fund - Retail Plan - Daily IDCW;;INF846K01362;1000.1107;1000.1107;1000.1107;11-Nov-2012
112713;Axis Liquid Fund - Retail Plan - Growth Option;INF846K01354;;1228.4468;1228.4468;1228.4468;11-Nov-2012
112714;Axis Liquid Fund - Retail Plan - Monthly IDCW;INF846K01396;INF846K01404;1003.7524;1003.7524;1003.7524;11-Nov-2012
112715;Axis Liquid Fund - Retail Plan - Weekly IDCW;INF846K01370;INF846K01388;1001.4184;1001.4184;1001.4184;11-Nov-2012

Bandhan Mutual Fund
108692;BANDHAN LIQUID Fund - Regular Plan - Daily IDCW;INF194K01VZ4;INF194K01VY7;1000.2500;1000.2500;1000.2500;11-Nov-2012
108690;BANDHAN LIQUID Fund - Regular Plan - Growth;INF194K01VX9;;1380.6584;1380.6584;1380.6584;11-Nov-2012
108693;BANDHAN LIQUID Fund - Regular Plan - Monthly IDCW;INF194K01WF4;INF194K01WE7;1002.8184;1002.8184;1002.8184;11-Nov-2012
115489;BANDHAN LIQUID Fund - Regular Plan - Periodic IDCW;INF194K01WC1;INF194K01WB3;1088.0502;1088.0502;1088.0502;11-Nov-2012
108691;BANDHAN LIQUID Fund - Regular Plan - Weekly IDCW;INF194K01WI8;INF194K01WH0;1000.5585;1000.5585;1000.5585;11-Nov-2012
108779;BANDHAN Liquid Fund-Plan A-Dividend (Daily);INF194K01VC3;INF194K01VB5;1058.1900;1058.1900;1058.1900;11-Nov-2012
108778;BANDHAN Liquid Fund-Plan A-Growth;INF194K01UX1;;1998.5417;1998.5417;1998.5417;11-Nov-2012
115486;BANDHAN Liquid Fund-Plan A-Monthly;INF194K01VF6;INF194K01VE9;1002.6362;1002.6362;1002.6362;11-Nov-2012
115487;BANDHAN Liquid Fund-Plan A-Periodic Dividend;INF194K01UZ6;INF194K01UY9;1082.3414;1082.3414;1082.3414;11-Nov-2012
108607;BANDHAN Liquid Fund - Plan A-Dividend (Weekly);INF194K01VI0;INF194K01VH2;1001.4344;1001.4344;1001.4344;11-Nov-2012
108781;BANDHAN Liquid Fund - Plan B (G) (Institutional Plan);INF194K01VK6;;2018.6772;2018.6772;2018.6772;11-Nov-2012
108629;BANDHAN Liquid Fund - Plan B - Dividend-Weekly;INF194K01VS9;INF194K01VR1;1000.5297;1000.5297;1000.5297;11-Nov-2012
108681;BANDHAN Liquid Fund - Plan B-Daily-Dividend(Institutional Plan);INF194K01VM2;INF194K01VL4;1058.7300;1058.7300;1058.7300;11-Nov-2012

Bank of India Mutual Fund
109257;BANK OF INDIA Liquid Fund- Institutional Plan- Daily Dividend;;;1000.0014;1000.0014;0.0000;11-Nov-2012
109256;BANK OF INDIA Liquid Fund- Institutional Plan-Growth;INF761K01314;;1326.3814;1326.3814;0.0000;11-Nov-2012
111971;BANK OF INDIA Liquid Fund- Regular Plan- Daily IDCW;;INF761K01CO4;1000.0111;1000.0111;1000.0111;11-Nov-2012
109254;BANK OF INDIA Liquid Fund- Regular Plan- Growth;INF761K01306;;1306.9503;1306.9503;1306.9503;11-Nov-2012
109255;BANK OF INDIA Liquid Fund- Regular Plan- Weekly IDCW;;INF761K01CP1;1001.3977;1001.3977;1001.3977;11-Nov-2012
109258;BANK OF INDIA Liquid Fund- Super Institutional Plan-Growth;INF761K01322;;1332.7916;1332.7916;0.0000;11-Nov-2012
109262;BANK OF INDIA Liquid Fund-Institutional Plan-Weekly Dividend;;;1001.3949;1001.3949;0.0000;11-Nov-2012

Baroda BNP Paribas Mutual Fund
111707;Baroda BNP Paribas LIQUID FUND - Regular Plan - DAILY IDCW OPTION;INF955L01468;INF955L01476;1000.6300;1000.6300;1000.6300;11-Nov-2012
111704;Baroda BNP Paribas LIQUID FUND - Regular Plan - GROWTH OPTION;INF955L01484;;1301.1249;1301.1249;1301.1249;11-Nov-2012
101408;Baroda BNP Paribas LIQUID FUND- Defunct Plan -Growth Option;INF955L01575;;1971.1252;1971.1252;1971.1252;11-Nov-2012
101407;Baroda BNP Paribas LIQUID FUND-Defunct Plan- IDCW Option;INF955L01559;INF955L01567;1688.7622;1688.7622;1688.7622;11-Nov-2012
101409;Baroda BNP Paribas LIQUID FUND-Defunct Plan-Daily IDCW Option;INF955L01518;INF955L01526;1006.0600;1006.0600;1006.0600;11-Nov-2012
111706;BARODA LIQUID FUND PLAN A - MONTHLY IDCW OPTION;;;1004.3385;1004.3385;1004.3385;11-Nov-2012

BNP Paribas Mutual Fund
117941;BNP PARIBAS LIQUID FUND  GROWTH OPTION;INF251K01CM0;;17.4692;17.4692;17.4692;11-Nov-2012
117940;BNP PARIBAS LIQUID FUND  MONTHLY DIVIDEND OPTION;INF251K01CP3;INF251K01CQ1;10.0327;10.0327;10.0327;11-Nov-2012
117942;BNP PARIBAS LIQUID FUND  WEEKLY DIVIDEND OPTION;;INF251K01CO6;10.0081;10.0081;10.0081;11-Nov-2012
117943;BNP PARIBAS LIQUID FUND DAILY DIVIDEND OPTION;;INF251K01CN8;10.0030;10.0030;10.0030;11-Nov-2012
113640;BNP PARIBAS LIQUID Fund-Regular Plan-Growth Option;INF251K01CI8;;16.8466;16.8466;16.8466;11-Nov-2012
113632;BNP PARIBAS LIQUID Fund-Regular Plan-Monthly Dividend;INF251K01CK4;INF251K01CL2;10.0285;10.0285;10.0285;11-Nov-2012
113637;BNP PARIBAS LIQUID Fund-Regular Plan-Weekly Dividend Option;;INF251K01CJ6;10.0073;10.0073;10.0073;11-Nov-2012

Canara Robeco Mutual Fund
109349;CANARA ROBECO LIQUID FUND - REGULAR PLAN - DAILY IDCW (Reinvestment);;INF760K01CU3;1005.5000;1005.5000;1005.5000;11-Nov-2012
109353;CANARA ROBECO LIQUID FUND - REGULAR PLAN - GROWTH OPTION;INF760K01CW9;;1380.7356;1380.7356;1380.7356;11-Nov-2012
109351;CANARA ROBECO LIQUID FUND - REGULAR PLAN - MONTHLY IDCW (Payout/Reinvestment);INF760K01CX7;INF760K01CY5;1004.1065;1004.1065;1004.1065;11-Nov-2012
109350;CANARA ROBECO LIQUID FUND - REGULAR PLAN - WEEKLY IDCW (Payout/Reinvestment);INF760K01BZ4;INF760K01CZ2;1000.9181;1000.9181;1000.9181;11-Nov-2012
101363;Canara Robeco Liquid Fund- INSTITUTIONAL-Daily Dividend Reinvestment;;INF760K01CC1;1005.5000;1005.5000;1005.5000;11-Nov-2012
101362;Canara Robeco Liquid Fund- INSTITUTIONAL-Growth;INF760K01CD9;;2046.4648;2046.4648;2046.4648;11-Nov-2012
101361;Canara Robeco Liquid Fund- INSTITUTIONAL-Weekly dividend;;INF760K01CE7;1000.0000;1000.0000;1000.0000;11-Nov-2012
109357;Canara Robeco Liquid Fund-Institutional-Fortnightly Div Reinvest;;INF760K01860;1000.0000;1000.0000;1000.0000;11-Nov-2012
109352;Canara Robeco Liquid Fund-Institutional-Monthly Div Reinvest;;INF760K01894;1000.0000;1000.0000;1000.0000;11-Nov-2012
109355;Canara Robeco Liquid Fund-Regular Plan-Fortnightly Div Reinvest.;;INF760K01951;1000.9178;1000.9178;1000.9178;11-Nov-2012
101364;Canara Robeco Liquid Fund-Retail-DRI;;INF760K01CF4;1007.0000;1007.0000;1007.0000;11-Nov-2012
109346;Canara Robeco Liquid Fund-Retail-Fortnightly Div Reinvest;;INF760K01CG2;1000.8039;1000.8039;1000.8039;11-Nov-2012
101365;Canara Robeco Liquid Fund-Retail-Growth;INF760K01CH0;;2019.9870;2019.9870;2019.9870;11-Nov-2012
109347;Canara Robeco Liquid Fund-Retail-Monthly Div Reinvest;;INF760K01CI8;1009.1381;1009.1381;1009.1381;11-Nov-2012
109356;Canara Robeco Liquid Fund-Retail-Weekly Div Reinvest;;INF760K01CJ6;1006.3079;1006.3079;1006.3079;11-Nov-2012

DSP Mutual Fund
103347;DSP Liquidity Fund - Regular Plan - Growth;INF740K01FK9;;1624.8919;1624.8919;1624.8919;11-Nov-2012
103348;DSP Liquidity Fund - Regular Plan - IDCW - Weekly;INF740K01FM5;INF740K01FL7;1000.8778;1000.8778;1000.8778;11-Nov-2012
103349;DSP Liquidity Fund- Regular Plan - IDCW - Daily;;INF740KA1OE0;1000.3161;1000.3161;1000.3161;11-Nov-2012
100943;DSP BlackRock Liquidity Fund - Regular Plan - Daily Dividend;;;10.0165;10.0165;10.0165;11-Nov-2012
100940;DSP BlackRock Liquidity Fund - Regular Plan - Growth;INF740K01CN0;;26.8431;26.8431;26.8431;11-Nov-2012
100941;DSP BlackRock Liquidity Fund - Regular Plan Weekly Dividend;;;12.4185;12.4185;12.4185;11-Nov-2012

Franklin Templeton Mutual Fund
100541;Franklin India Liquid Fund - Regular Plan - Daily - IDCW;;INF090I01BA3;1512.3400;1512.3400;1512.3400;11-Nov-2012
100538;Franklin India Liquid Fund - Regular Plan - Growth;INF090I01BB1;;2759.9133;2759.9133;2759.9133;11-Nov-2012
100537;Franklin India Liquid Fund - Regular Plan - Weekly - IDCW;INF090I01BL0;INF090I01BI6;1244.3238;1244.3238;1244.3238;11-Nov-2012
100547;Franklin India Liquid Fund - Super Institutional Plan - Daily - IDCW;;INF090I01BF2;1000.6730;1000.6730;1000.6730;11-Nov-2012
100546;Franklin India Liquid Fund - Super Institutional Plan - Growth;INF090I01BG0;;1689.9426;1689.9426;1689.9426;11-Nov-2012
100548;Franklin India Liquid Fund - Super Institutional Plan - Weekly - IDCW;INF090I01BM8;INF090I01BH8;1021.1243;1021.1243;1021.1243;11-Nov-2012
102441;Franklin India Liquid Fund - Institution-Growth;INF090I01BD7;;1761.1634;1761.1634;1761.1634;11-Nov-2012
102443;Franklin India Liquid Fund - Institutional Plan - Daily - IDCW;;INF090I01BC9;1000.6730;1000.6730;1000.6730;11-Nov-2012
102442;Franklin India Liquid Fund - Institutional Plan - Weekly - IDCW;INF090I01BJ4;INF090I01BE5;1054.7186;1054.7186;1054.7186;11-Nov-2012

Groww Mutual Fund
115991;Groww Liquid Fund (formerly known as Indiabulls Liquid Fund) - Regular Plan - Growth Option;INF666M01014;;1104.2456;1104.2456;1104.2456;11-Nov-2012
115992;Groww Liquid Fund (formerly known as Indiabulls Liquid Fund)- Regular Plan- - Income Distribution cum capital withdrawal Option (Reinvestment);;INF666M01022;1000.0166;1000.0166;1000.0166;11-Nov-2012
115995;Groww Liquid Fund (formerly known as Indiabulls Liquid Fund)- Regular Plan- Monthly - Income Distribution cum capital withdrawal Option (Payout & Reinvestment);INF666M01071;INF666M01055;1002.3116;1002.3116;1002.3116;11-Nov-2012
115993;Groww Liquid Fund (formerly known as Indiabulls Liquid Fund)- Regular Plan- Weekly - Income Distribution cum capital withdrawal Option (Payout & Reinvestment);INF666M01089;INF666M01030;1001.3944;1001.3944;1001.3944;11-Nov-2012

HDFC Mutual Fund
100868;HDFC Liquid Fund - Growth Plan;INF179KB1HK0;;22.3924;22.3924;22.3924;11-Nov-2012
100875;HDFC Liquid Fund - IDCW Daily;;INF179KB1IC5;10.1982;10.1982;10.1982;11-Nov-2012
100876;HDFC Liquid Fund - IDCW Monthly;INF179KB1HM6;INF179KB1HL8;10.2935;10.2935;10.2935;11-Nov-2012
100874;HDFC Liquid Fund - IDCW Plan Weekly;INF179KB1ID3;;10.3244;10.3244;10.3244;11-Nov-2012
100877;HDFC Liquid Fund-Premium Plan - Dividend-Daily;;INF179K01KN4;12.2598;12.2598;12.2598;11-Nov-2012
100878;HDFC Liquid Fund-Premium Plan - Dividend-Weekly;INF179K01KP9;;10.1138;10.1138;10.1138;11-Nov-2012
100872;HDFC Liquid Fund-PREMIUM PLUS- Growth;INF179K01KQ7;;22.788;22.788;22.788;11-Nov-2012
100873;HDFC Liquid Fund-PREMIUM- Growth;INF179KB1HN4;;22.742;22.742;22.742;11-Nov-2012

HSBC Mutual Fund
101700;HSBC Cash Fund - Dividend - Daily;;INF336L01321;10.0056;10.0056;10.0056;11-Nov-2012
101702;HSBC Cash Fund - Dividend - Monthly;INF336L01305;INF336L01297;10.0381;10.0381;10.0381;11-Nov-2012
101701;HSBC Cash Fund - Dividend - Weekly;;INF336L01347;11.1099;11.1099;11.1099;11-Nov-2012
101692;HSBC Cash Fund - Inst. - Dividend - Daily;;INF336L01354;10.5274;10.5274;10.5274;11-Nov-2012
101694;HSBC Cash Fund - Inst. - Dividend - Monthly;INF336L01370;INF336L01362;10.0000;10.0000;10.0000;11-Nov-2012
101693;HSBC Cash Fund - Inst. - Dividend - Weekly;;INF336L01388;10.0000;10.0000;10.0000;11-Nov-2012
101691;HSBC Cash Fund - Inst. - Growth;INF336L01289;;18.0957;18.0957;18.0957;11-Nov-2012
101697;HSBC Cash Fund - Regular - Dividend - Daily;;INF336L01263;10.1930;10.1930;10.1930;11-Nov-2012
101698;HSBC Cash Fund - Regular - Dividend - Weekly;;INF336L01313;10.0209;10.0209;10.0209;11-Nov-2012
101696;HSBC Liquid Fund - Growth closed plan;INF336L01271;;17.8065;17.8065;17.8065;11-Nov-2012
101699;HSBC Liquid Fund Closed;INF336L01339;;11.3240;11.3240;11.3240;11-Nov-2012

ICICI Prudential Mutual Fund
100357;ICICI Prudential Liquid Fund -Quarterly IDCW;INF109K01UU5;INF109K01UT7;101.1248;101.1248;101.1248;11-Nov-2012
100359;ICICI Prudential Liquid Institutional Plus Fund - Div - Daily;INF109K01VJ6;;118.5150;118.5150;118.5150;11-Nov-2012
100360;ICICI Prudential Liquid Institutional Plus Fund - Div - Weekly;INF109K01VM0;;118.7330;118.7330;118.7330;11-Nov-2012
100362;ICICI Prudential Liquid Institutional Plus Fund - Growth;INF109K01VK4;;278.6051;278.6051;278.6051;11-Nov-2012
103343;ICICI Prudential Liquid Fund - Daily IDCW;INF109K01VP3;;100.0226;100.0226;100.0226;11-Nov-2012
103340;ICICI Prudential Liquid Fund - Growth;INF109K01VQ1;;167.9261;167.9261;167.9261;11-Nov-2012
104308;ICICI Prudential Liquid Fund - Half Yearly IDCW;INF109K01UX9;INF109K01UW1;101.0067;101.0067;101.0067;11-Nov-2012
103344;ICICI Prudential Liquid Fund - Institutional Option - I;INF109K01VH0;;163.6350;163.6350;163.6350;11-Nov-2012
103342;ICICI Prudential Liquid Fund - Weekly IDCW;INF109K01VS7;;100.2958;100.2958;100.2958;11-Nov-2012
103341;ICICI Prudential Liquid Fund -Monthly IDCW;INF109K01VR9;;100.3000;100.3000;100.3000;11-Nov-2012
101748;ICICI Prudential Liquid Fund - Institutional - Daily - Div;INF109K01VE7;;118.5020;118.5020;118.5020;11-Nov-2012
101749;ICICI Prudential Liquid Fund - Institutional - Monthly - Div;;INF109K01VG2;100.2721;100.2721;100.2721;11-Nov-2012
101753;ICICI Prudential Liquid Fund - Institutional - Weekly - Div;INF109K01VI8;;118.5989;118.5989;118.5989;11-Nov-2012
101754;ICICI Prudential Liquid Fund Retail Daily Dividend;INF109K01UR1;;118.5140;118.5140;118.5140;11-Nov-2012
101750;ICICI Prudential Liquid Fund Retail Growth;INF109K01UQ3;;269.0995;269.0995;269.0995;11-Nov-2012
101755;ICICI Prudential Liquid Fund Retail Monthly Dividend;INF109K01US9;;100.3704;100.3704;100.3704;11-Nov-2012
101752;ICICI Prudential Liquid Fund Retail Weekly Dividend;INF109K01UV3;;118.9670;118.9670;118.9670;11-Nov-2012
101751;ICICI Prudential Liquid Institutional Fund - Growth;INF109K01VF4;;275.6661;275.6661;275.6661;11-Nov-2012

IDBI Mutual Fund
113104;IDBI Liquid Fund- Monthly IDCW;INF397L01976;INF397L01968;1003.9633;1003.9633;1003.9633;11-Nov-2012
113102;IDBI Liquid Fund-Daily IDCW;;INF397L01935;1000.1093;1000.1093;1000.1093;11-Nov-2012
113096;IDBI Liquid Fund-Growth;INF397L01984;;1218.6126;1218.6126;1218.6126;11-Nov-2012
113103;IDBI Liquid Fund-Weekly IDCW;INF397L01950;INF397L01943;1000.2200;1000.2200;1000.2200;11-Nov-2012

Invesco Mutual Fund
104484;Invesco India Liquid Fund - Daily IDCW (Reinvestment);;INF205K01HN3;1000.7849;1000.7849;1000.7849;11-Nov-2012
104486;Invesco India Liquid Fund - Growth;INF205K01HM5;;1561.0538;1561.0538;1561.0538;11-Nov-2012
104492;Invesco India Liquid Fund - Monthly IDCW (Payout / Reinvestment);INF205K01HQ6;INF205K01HP8;1003.7547;1003.7547;1003.7547;11-Nov-2012
104488;Invesco India Liquid Fund - Regular - Growth;INF205K01HG7;;1510.0426;1510.0426;1510.0426;11-Nov-2012
104489;Invesco India Liquid Fund - Regular - Weekly IDCW (Reinvestment);;INF205K01HH5;1001.4997;1001.4997;1001.4997;11-Nov-2012
104485;Invesco India Liquid Fund - Weekly IDCW (Reinvestment);INF205KA1BD7;INF205K01HO1;1001.3880;1001.3880;1001.3880;11-Nov-2012
104483;Religare Invesco Liquid Fund - Institutional - Daily Dividend;;INF205K01HJ1;1000.2250;1000.2250;1000.2250;11-Nov-2012
104491;Religare Invesco Liquid Fund - Institutional - Growth;INF205K01HI3;;1540.9716;1540.9716;1540.9716;11-Nov-2012

JM Financial Mutual Fund
100241;JM High Liquidity Fund-- Institutional Plan - Dividend;INF192K01924;INF192K01932;10.7681;10.7681;10.7681;11-Nov-2012
100237;JM High Liquidity Fund-- Institutional Plan - Growth;INF192K01940;;18.6994;18.6994;18.6994;11-Nov-2012
100238;JM High Liquidity Fund-Institutional Plan - Daily Dividend;;INF192K01916;10.0159;10.0159;10.0159;11-Nov-2012
100245;JM High Liquidity Fund-Super Institutional Plan- Daily Dividend;;INF192K01957;10.0165;10.0165;10.0165;11-Nov-2012
100246;JM High Liquidity Fund-Super Institutional Plan- Weekly  Dividend;INF192K01965;INF192K01973;10.1619;10.1619;10.1619;11-Nov-2012
100244;JM Liquid Fund (Regular) - Quarterly IDCW;INF192K01866;INF192K01874;17.5202;17.5202;17.5202;11-Nov-2012
100247;JM Liquid Fund (Regular) - Super Institutional Plan - Growth Option;INF192K01981;;17.8022;17.8022;17.8022;11-Nov-2012
100233;JM Liquid Fund (Regular) - Weekly IDCW;INF192K01841;INF192K01858;11.0162;11.0162;11.0162;11-Nov-2012
100234;JM Liquid Fund - Growth Option;INF192K01882;;30.9540;30.9540;30.9540;11-Nov-2012
101549;JM Liquid Fund (Regular) - Bonus Option - Principal Units;INF192K01890;;16.2551;16.2551;16.2551;11-Nov-2012
101078;JM Liquid Fund (Regular) - Daily IDCW;;INF192K01833;10.4302;10.4302;10.4302;11-Nov-2012

Kotak Mahindra Mutual Fund
100833;Kotak Liquid Fund - Regular  - Daily Reinvestment of Income Distribution cum capital withdrawal option;;INF174K01NL3;12.2281;12.2281;12.2281;11-Nov-2012
100835;Kotak Liquid Fund - Regular Plan - Growth;INF174K01NI9;;23.0347;23.0347;23.0347;11-Nov-2012
100831;Kotak Liquid Fund -Institutional Plan - (Daily Dividend);;INF174K01GA0;12.2281;12.2281;12.2281;11-Nov-2012
100834;Kotak Liquid Fund Regular Plan Weekly Reinvestment of Income Distribution cum capital withdrawal option Dividend;INF174K01NK5;;10.0137;10.0137;10.0137;11-Nov-2012
100830;Kotak Liquid-Institutional Plan  (Growth);INF174K01FZ9;;22.2098;22.2098;22.2098;11-Nov-2012
100832;Kotak Liquid-Institutional Plan (Weekly Dividend);;INF174K01GB8;10.1035;10.1035;10.1035;11-Nov-2012
100828;Kotak Liquid-Regular (Dividend);;INF174K01FY2;10.0343;10.0343;10.0343;11-Nov-2012
100829;Kotak Liquid-Regular (Growth);INF174K01NM1;;21.5433;21.5433;21.5433;11-Nov-2012

L&T Mutual Fund
112445;L&T Liquid Fund -Regular Plan - Daily IDCW;INF917K01JB4;;1011.6349;1011.6349;1011.6349;11-Nov-2012
112457;L&T Liquid Fund -Regular Plan - Growth;INF917K01JH1;;1557.6259;1557.6259;1557.6259;11-Nov-2012
112456;L&T Liquid Fund-Cum -Institutional Plus;INF917K01BJ4;;2278.5375;2278.5375;2278.5375;11-Nov-2012
112442;L&T Liquid Fund-Regular Cumulative;INF917K01BF2;;2221.3687;2221.3687;2221.3687;11-Nov-2012
112483;L&T Liquid Fund - Institutional Plus Weekly Dividend;INF917K01BH8;INF917K01BI6;1483.7628;1483.7628;1483.7628;11-Nov-2012

LIC Mutual Fund
101184;LIC MF Liquid Fund-Regular Plan-Daily IDCW;INF767K01IQ3;INF767K01IR1;10.9801;10.9801;10.9801;11-Nov-2012
101185;LIC MF Liquid Fund-Regular Plan-Growth;INF767K01IS9;;20.6168;20.6168;20.6168;11-Nov-2012

Mirae Asset Mutual Fund
111647;Mirae Asset Liquid Fund - Regular - Daily IDCW;;INF769K01804;1044.0644;1044.0644;1044.0644;11-Nov-2012
111646;Mirae Asset Liquid Fund - Regular Plan - Growth;INF769K01788;;1219.3308;1219.3308;1219.3308;11-Nov-2012
111645;Mirae Asset Liquid Fund - Regular Plan - Monthly IDCW;INF769K01838;INF769K01820;1131.5174;1131.5174;1131.5174;11-Nov-2012
111644;Mirae Asset Liquid Fund - Regular Plan - Weekly IDCW;INF769K01PC4;INF769K01812;1129.2959;1129.2959;1129.2959;11-Nov-2012

Navi Mutual Fund
112645;Navi Liquid Fund - Regular Plan Daily IDCW;;INF959L01GM7;10.0015;10.0015;10.0015;11-Nov-2012
112647;Navi Liquid Fund - Regular Plan Monthly IDCW;INF959L01GN5;INF959L01GO3;10.0410;10.0410;10.0410;11-Nov-2012
112646;Navi Liquid Fund - Regular Plan Weekly IDCW;INF959L01GP0;INF959L01GQ8;10.0155;10.0155;10.0155;11-Nov-2012
112637;Navi Liquid Fund-Institutional Plan-Dividend Option-Daily;;INF959L01197;10.0015;10.0015;10.0015;11-Nov-2012
112640;Navi Liquid Fund-Institutional Plan-Growth;INF959L01247;;12.2930;12.2930;12.2930;11-Nov-2012
112636;Navi Liquid Fund-Regular Plan-Growth Option;INF959L01GL9;;12.4166;12.4166;12.4166;11-Nov-2012
112641;Navi Liquid Fund-Retail Plan-Dividend Option-Daily;;INF959L01254;10.0015;10.0015;10.0015;11-Nov-2012
112643;Navi Liquid Fund-Retail Plan-Dividend Option-Monthly;INF959L01262;INF959L01270;10.0299;10.0299;10.0299;11-Nov-2012
112642;Navi Liquid Fund-Retail Plan-Dividend Option-Weekly;INF959L01288;INF959L01296;10.0115;10.0115;10.0115;11-Nov-2012
112644;Navi Liquid Fund-Retail Plan-Growth;INF959L01304;;12.0620;12.0620;12.0620;11-Nov-2012

Nippon India Mutual Fund
100852;NIPPON INDIA LIQUID FUND - DAILY IDCW OPTION;;INF204K01UM1;1528.7400;1528.7400;1528.7400;11-Nov-2012
100855;NIPPON INDIA LIQUID FUND - MONTHLY IDCW OPTION;INF204K01UO7;INF204K01UP4;2182.9225;2182.9225;2182.9225;11-Nov-2012
112340;NIPPON INDIA LIQUID FUND - QUARTERLY IDCW OPTION;INF204K01UQ2;INF204K01UR0;1014.4912;1014.4912;1014.4912;11-Nov-2012
100837;Nippon India Liquid Fund - Retail Option - Growth Plan;INF204K01UL3;;2690.3318;2690.3318;2690.3318;11-Nov-2012
100842;NIPPON INDIA LIQUID FUND - RETAIL Plan - DAILY IDCW OPTION;;INF204K01UJ7;1524.2800;1524.2800;1524.2800;11-Nov-2012
100843;NIPPON INDIA LIQUID FUND - RETAIL plan - MONTHLY IDCW OPTION;INF204K01UT6;INF204K01UU4;1335.6108;1335.6108;1335.6108;11-Nov-2012
100844;NIPPON INDIA LIQUID FUND - RETAIL Plan - QUARTERLY IDCW OPTION;INF204K01UV2;INF204K01UW0;1228.8577;1228.8577;1228.8577;11-Nov-2012
100838;NIPPON INDIA LIQUID FUND - RETAIL Plan - WEEKLY IDCW OPTION;;INF204K01UK5;1034.5982;1034.5982;1034.5982;11-Nov-2012
100853;NIPPON INDIA LIQUID FUND - WEEKLY IDCW OPTION;INF204KC1FM8;INF204K01US8;1530.9949;1530.9949;1530.9949;11-Nov-2012
100851;Nippon India Liquid Fund -Growth Plan;INF204K01UN9;;2765.6463;2765.6463;2765.6463;11-Nov-2012
100849;Reliance Liquid Fund-Cash Plan-Daily Dividend Reinvestment Option;;;1114.1500;1114.1500;1114.1500;11-Nov-2012
100845;Reliance Liquid Fund-Cash Plan-Growth Plan;;;1833.6783;1833.6783;1833.6783;11-Nov-2012
114251;Reliance Liquid Fund-Cash Plan-Monthly Dividend Plan;;;1006.5077;1006.5077;1006.5077;11-Nov-2012
114252;Reliance Liquid Fund-Cash Plan-Quarterly Dividend Plan;;;1014.6930;1014.6930;1014.6930;11-Nov-2012
100848;Reliance Liquid Fund-Cash Plan-Weekly Dividend Reinvestment Option;;;1092.1846;1092.1846;1092.1846;11-Nov-2012

Principal Mutual Fund
100895;Principal Cash Management Fund - Daily Income Distribution CUM Capital Withdrawal;;INF173K01DB7;1000.0700;1000.0700;1000.0700;11-Nov-2012
100897;Principal Cash Management Fund - Monthly Income Distribution CUM Capital Withdrawal Option;INF173K01BV9;INF173K01BW7;1021.2932;1021.2932;1021.2932;11-Nov-2012
100896;Principal Cash Management Fund - Weekly Income Distribution CUM Capital Withdrawal Option;;INF173K01DC5;1006.6929;1006.6929;1006.6929;11-Nov-2012
100898;Principal Cash Management Fund -Growth Option;INF173K01DA9;;1766.2675;1766.2675;1766.2675;11-Nov-2012

Quantum Mutual Fund
103736;Quantum Liquid Fund - Direct Plan Daily IDCW;;INF082J01135;10.0012;10.0012;10.0012;11-Nov-2012
103734;Quantum Liquid Fund - Direct Plan Growth Option;INF082J01127;;16.0809;16.0809;16.0809;11-Nov-2012
103735;Quantum Liquid Fund - Direct Plan Monthly IDCW;INF082J01143;INF082J01200;10.0387;10.0387;10.0387;11-Nov-2012

SBI Mutual Fund
105274;SBI Liquid Fund - Institutional - Growth;INF200K01LU1;;1802.5668;1802.5668;1802.5668;11-Nov-2012
105275;SBI Liquid Fund - Institutional Daily Income Distribution cum Capital Withdrawal Option (IDCW);;INF200K01LR7;1003.25;1003.25;1003.25;11-Nov-2012
105279;SBI Liquid Fund - Institutional Fortnightly Income Distribution cum Capital Withdrawal Option (IDCW);INF200K01LS5;INF200K01LT3;1023.3933;1023.3933;1023.3933;11-Nov-2012
105278;SBI Liquid Fund - Institutional Weekly Income Distribution cum Capital Withdrawal Option (IDCW);INF200K01LV9;INF200K01LW7;1060.5889;1060.5889;1060.5889;11-Nov-2012
105281;SBI Liquid Fund - Regular Plan - Daily Income Distribution cum Capital Withdrawal Option (IDCW);;INF200K01LX5;1003.25;1003.25;1003.25;11-Nov-2012
105283;SBI Liquid Fund - Regular Plan - Fortnightly Income Distribution cum Capital Withdrawal Option (IDCW);INF200K01LY3;INF200K01LZ0;1012.1047;1012.1047;1012.1047;11-Nov-2012
105282;SBI Liquid Fund - Regular Plan - Weekly Income Distribution cum Capital Withdrawal Option (IDCW);INF200K01MB9;INF200K01MC7;1061.3009;1061.3009;1061.3009;11-Nov-2012
105280;SBI Liquid Fund - REGULAR PLAN -Growth;INF200K01MA1;;1784.9919;1784.9919;1784.9919;11-Nov-2012

Sundaram Mutual Fund
102701;Sundaram Money Fund Institutional Plan - Daily Reinvestment of Income Distribution cum Capital Withdrawal (IDCW);;INF903J01GP2;10.0953;10.0953;10.0953;11-Nov-2012
102702;Sundaram Money Fund Institutional Plan - Fortnightly Reinvestment of Income Distribution cum Capital Withdrawal (IDCW);;INF903J01GR8;0.0000;0.0000;0.0000;11-Nov-2012
102703;Sundaram Money Fund Institutional Plan - Growth;INF903J01GN7;;23.3579;23.3579;23.3579;11-Nov-2012
102704;Sundaram Money Fund Institutional Plan - Monthly Income Distribution cum Capital Withdrawal (IDCW);INF903J01GO5;INF903J01GS6;10.4178;10.4178;10.4178;11-Nov-2012
102705;Sundaram Money Fund Institutional Plan - Quarterly Reinvestment of Income Distribution cum Capital Withdrawal (IDCW);;INF903J01GT4;0.0000;0.0000;0.0000;11-Nov-2012
102706;Sundaram Money Fund Institutional Plan - Weekly Reinvestment of Income Distribution cum Capital Withdrawal (IDCW);;INF903J01GQ0;0.0000;0.0000;0.0000;11-Nov-2012
103392;Sundaram Money Fund Regular Plan - Daily Reinvestment of Income Distribution cum Capital Withdrawal (IDCW);;INF903J01GW8;10.0953;10.0953;10.0953;11-Nov-2012
103395;Sundaram Money Fund Regular Plan - Fortnightly Reinvestment of Income Distribution cum Capital Withdrawal (IDCW);;INF903J01GY4;0.0000;0.0000;0.0000;11-Nov-2012
103397;Sundaram Money Fund Regular Plan - Growth;INF903J01GU2;;23.9387;23.9387;23.9387;11-Nov-2012
103396;Sundaram Money Fund Regular Plan - Monthly Income Distribution cum Capital Withdrawal (IDCW);INF903J01GV0;INF903J01GZ1;10.2724;10.2724;10.2724;11-Nov-2012
103393;Sundaram Money Fund Regular Plan - Quarterly Reinvestment of Income Distribution cum Capital Withdrawal (IDCW);;INF903J01HA2;0.0000;0.0000;0.0000;11-Nov-2012
100620;Sundaram Money Fund Retail Plan - Daily Reinvestment of Income Distribution cum Capital Withdrawal (IDCW);;INF903J01GI7;10.0953;10.0953;10.0953;11-Nov-2012
100622;Sundaram Money Fund Retail Plan - Fortnightly Reinvestment of Income Distribution cum Capital Withdrawal (IDCW);;INF903J01GK3;10.5544;10.5544;10.5544;11-Nov-2012
100618;Sundaram Money Fund Retail Plan - Growth;INF903J01GG1;;22.4150;22.4150;22.4150;11-Nov-2012
100623;Sundaram Money Fund Retail Plan - Monthly Income Distribution cum Capital Withdrawal (IDCW);INF903J01GH9;INF903J01GL1;10.3563;10.3563;10.3563;11-Nov-2012
100619;Sundaram Money Fund Retail Plan - Quarterly Reinvestment of Income Distribution cum Capital Withdrawal (IDCW);;INF903J01GM9;12.5437;12.5437;12.5437;11-Nov-2012
100621;Sundaram Money Fund Retail Plan - Weekly Reinvestment of Income Distribution cum Capital Withdrawal (IDCW);;INF903J01GJ5;10.9044;10.9044;10.9044;11-Nov-2012
103394;Sundaram Money Fund Regular Plan - Weekly Reinvestment of Income Distribution cum Capital Withdrawal (IDCW);;INF903J01GX6;10.9433;10.9433;10.9433;11-Nov-2012

Tata Mutual Fund
102672;Tata Liquid Fund -Regular Plan - Growth Option;INF277K01YD8;;17.8459;17.8459;17.8459;11-Nov-2012
101714;Tata Liquid Fund- Regular Plan - Daily Reinvestment of IDCW Option;;INF277K011D4;10.0152;10.0152;10.0152;11-Nov-2012

Taurus Mutual Fund
111915;Taurus Liquid Fund - Regular Plan - SI Growth Option;INF044D01534;;1224.6346;1224.6346;1224.6346;11-Nov-2012
113248;Taurus Liquid Fund - Regular Plan - SI Weekly Dividend Option;;INF044D01526;1000.7088;1000.7088;1000.7088;11-Nov-2012
111703;Taurus Liquid Fund - Regular Plan -SI Daily Dividend Option;;INF044D01518;1000.0905;1000.0905;1000.0905;11-Nov-2012
111547;Taurus Liquid Fund Insti DDRIP;;INF044D01484;1000.0905;1000.0905;1000.0905;11-Nov-2012
111760;Taurus Liquid Fund Insti Growth;INF044D01500;;1247.6250;1247.6250;1247.6250;11-Nov-2012
104240;Taurus Liquid Fund-Dividend;INF044D01542;INF044D01559;1001.2175;1001.2175;1001.2175;11-Nov-2012
104241;Taurus Liquid Fund-Growth;INF044D01575;;1482.1847;1482.1847;1482.1847;11-Nov-2012

Union Mutual Fund
115401;Union Liquid Fund - Daily IDCW Option;;INF582M01021;1000.1800;1000.1800;1000.1800;11-Nov-2012
115399;Union Liquid Fund - Fortnightly IDCW Option;INF582M01062;INF582M01047;1003.4035;1003.4035;1003.4035;11-Nov-2012
115398;Union Liquid Fund - Growth Option;INF582M01013;;1137.4857;1137.4857;1137.4857;11-Nov-2012
115400;Union Liquid Fund - Monthly IDCW Option;INF582M01070;INF582M01054;1003.4036;1003.4036;1003.4036;11-Nov-2012
115402;Union Liquid Fund - Weekly IDCW Option;;INF582M01039;1001.3357;1001.3357;1001.3357;11-Nov-2012

UTI Mutual Fund
102010;UTI Liquid Fund - Regular Plan - Daily IDCW (Reinvestment);;INF789F01PG3;1019.4457;1019.4457;1019.4457;11-Nov-2012
102011;UTI Liquid Fund - Regular Plan - Monthly IDCW;INF789F01PI9;INF789F01PJ7;1027.526;1027.526;1027.526;11-Nov-2012
102013;UTI Liquid Fund - Regular Plan - Weekly IDCW;;INF789F01PK5;1053.9495;1053.9495;1053.9495;11-Nov-2012
102012;UTI-  Liquid Cash Plan - Regular Plan - Growth Option;INF789F01PH1;;1862.6427;1862.6427;1862.6427;11-Nov-2012
102008;UTI-  Liquid Cash Plan- Discontinued - Regular Plan - Monthly Dividend Option;INF789F01BC2;INF789F01BA6;1120.6598;1120.6598;0;11-Nov-2012
102009;UTI-  Liquid Cash Plan- Discontinued - Regular Plan -Growth;INF789F01BB4;;1809.9457;1809.9457;0;11-Nov-2012
102007;UTI-  Liquid Cash Plan- Discontinued -Regular Plan Periodic Dividend Option;;INF789F01AZ5;1134.2265;1134.2265;0;11-Nov-2012

Open Ended Schemes ( Debt Scheme - Ultra Short Duration Fund )


Principal Mutual Fund
107329;Principal Ultra Short Term Fund-Daily Income Distribution CUM Capital Withdrawal Option;;INF173K01CV7;1005.4300;1005.4300;1005.4300;11-Nov-2012
107328;Principal Ultra Short Term Fund-Growth Option;INF173K01CU9;;1270.6054;1270.6054;1270.6054;11-Nov-2012
107330;Principal Ultra Short Term Fund-Monthly Income Distribution CUM Capital Withdrawal Option;INF173K01CB9;INF173K01CC7;1056.8862;1056.8862;1056.8862;11-Nov-2012
107332;Principal Ultra Short Term Fund-Weekly Income Distribution CUM Capital Withdrawal Option;;INF173K01CW5;1012.6075;1012.6075;1012.6075;11-Nov-2012

SBI Mutual Fund
105080;SBI Ultra Short Duration Fund - Regular Plan - Daily Income Distribution cum Capital Withdrawal Option (IDCW);;INF200K01LK2;1675.03;1675.03;1675.03;11-Nov-2012
100641;SBI ULTRA SHORT DURATION FUND - REGULAR PLAN - GROWTH;INF200K01LJ4;;2511.1979;2511.1979;2511.1979;11-Nov-2012
103884;SBI Ultra Short Duration Fund - Regular Plan - Weekly Income Distribution cum Capital Withdrawal Option (IDCW);INF200K01LM8;INF200K01LL0;1077.8171;1077.8171;1077.8171;11-Nov-2012

Open Ended Schemes ( Debt Scheme - Money Market Fund )


Aditya Birla Sun Life Mutual Fund
101973;Aditya Birla Sun Life Money Manager Fund - Daily IDCW;;INF209K01SZ6;100.0200;100.0200;100.0200;11-Nov-2012
101976;Aditya Birla Sun Life Money Manager Fund - Growth;INF209K01RV7;;150.8370;150.8370;150.8370;11-Nov-2012
101972;Aditya Birla Sun Life Money Manager Fund - Retail - Daily IDCW;;INF209K01JZ5;100.0150;100.0150;100.0150;11-Nov-2012
101970;Aditya Birla Sun Life Money Manager Fund - RETAIL - WEEKLY IDCW;;INF209K01JY8;103.7918;103.7918;103.7918;11-Nov-2012
101971;Aditya Birla Sun Life Money Manager Fund - Retail Growth;INF209K01MJ3;;186.6128;186.6128;186.6128;11-Nov-2012
101974;Aditya Birla Sun Life Money Manager Fund - WEEKLY IDCW;;INF209K01SY9;100.1228;100.1228;100.1228;11-Nov-2012

HDFC Mutual Fund
101994;HDFC Money Market Fund - Daily IDCW Option;;INF179KB1IG6;10.6364;10.6364;10.6364;11-Nov-2012
101993;HDFC Money Market Fund - Growth Option;INF179KB1HR5;;23.7201;23.7201;23.7201;11-Nov-2012
101995;HDFC Money Market Fund - Weekly IDCW Option;INF179KB1IH4;INF179KB1II2;10.6296;10.6296;10.6296;11-Nov-2012

ICICI Prudential Mutual Fund
115328;ICICI Prudential Money Market Fund Dividend;INF109K01I72;;100.0090;100.0090;100.0090;11-Nov-2012
101221;ICICI Prudential Money Market Fund Retail Growth (erstwhile Cash Option);INF109K01TW3;;179.3736;179.3736;179.3736;11-Nov-2012
103634;ICICI Prudential Money Market Fund Option - Daily IDCW;INF109K01TY9;;100.0115;100.0115;100.0115;11-Nov-2012
103633;ICICI Prudential Money Market Fund Option - Growth;INF109K01TX1;;157.0743;157.0743;157.0743;11-Nov-2012
103637;ICICI Prudential Money Market Fund Option - Monthly IDCW;INF109K01UC3;INF109K01UB5;100.5259;100.5259;100.5259;11-Nov-2012
103635;ICICI Prudential Money Market Fund Option - Weekly IDCW;INF109K01TZ6;;100.2037;100.2037;100.2037;11-Nov-2012
103636;ICICI Prudential Money Market Fund Option -Fortnightly IDCW;INF109K01UA7;;100.5041;100.5041;100.5041;11-Nov-2012

Kotak Mahindra Mutual Fund
106842;Kotak Money Market Fund - (Daily Reinvestment of Income Distribution cum capital withdrawal option);INF174K01ND0;;10.1162;10.1162;10.1162;11-Nov-2012
101893;Kotak Money Market Fund - (Growth);INF174K01NA6;;18.6004;18.6004;18.6004;11-Nov-2012
101892;Kotak Money market Fund - (Monthly Payout of Income Distribution cum capital withdrawal option);INF174K018O0;INF174K01NB4;10.0828;10.0828;10.0828;11-Nov-2012
101894;Kotak Money Market Fund - (Weekly Reinvestment of Income Distribution cum capital withdrawal option);INF174K01NC2;;10.1336;10.1336;10.1336;11-Nov-2012

Nippon India Mutual Fund
103050;NIPPON INDIA MONEY MARKET FUND - DAILY IDCW Option;;INF204K01UY6;1000.5100;1000.5100;1000.5100;11-Nov-2012
103052;NIPPON INDIA MONEY MARKET FUND - MONTHLY IDCW Option;INF204K01VB2;INF204K01VC0;1004.6193;1004.6193;1004.6193;11-Nov-2012
112341;NIPPON INDIA MONEY MARKET FUND - QUARTERLY IDCW Option;INF204K01VD8;INF204K01VE6;1002.9424;1002.9424;1002.9424;11-Nov-2012
103051;NIPPON INDIA MONEY MARKET FUND - WEEKLY IDCW Option;;INF204K01UZ3;1000.8030;1000.8030;1000.8030;11-Nov-2012
103049;Nippon India Money Market Fund-Growth Plan-Bonus Option;INF204K01UX8;;1005.7080;1005.7080;1005.7080;11-Nov-2012
103048;Nippon India Money Market Fund-Growth Plan-Growth Option;INF204K01VA4;;1710.2632;1710.2632;1710.2632;11-Nov-2012

Tata Mutual Fund
101986;Tata Money Market Fund- Regular Plan - Daily Reinvestment of IDCW Option;;INF277K014C0;1114.5200;1114.5200;1114.5200;11-Nov-2012
101847;Tata Money Market Fund-Regular Plan - Growth Option;INF277K01LQ7;;2096.5424;2096.5424;2096.5424;11-Nov-2012

UTI Mutual Fund
112077;UTI MMF - Regular Plan - Growth Option;INF789F01PX8;;1271.7109;1271.7109;1271.7109;11-Nov-2012
100724;UTI MMF- Discontinued - Regular Plan - Flexi Dividend Option;;INF789F01BD0;2000.7615;2000.7615;0;11-Nov-2012
100725;UTI MMF- Discontinued - Regular Plan - Periodic Dividend Option;INF789F01BE8;;1991.3248;1991.3248;0;11-Nov-2012
100723;UTI MMF-Discontinued - Regular Plan -Growth;INF789F01BF5;;3129.5955;3129.5955;0;11-Nov-2012
112076;UTI Money Market Fund - Regular Plan - Daily IDCW (Reinvestment);;INF789F01PW0;1003.3854;1003.3854;1003.3854;11-Nov-2012
112635;UTI Money Market Fund - Regular Plan - Weekly IDCW;INF789F01PY6;INF789F01PZ3;1015.4666;1015.4666;1015.4666;11-Nov-2012

Open Ended Schemes ( Debt Scheme - Floater Fund )


Franklin Templeton Mutual Fund
101048;Franklin India Floating Rate Fund - Growth Plan;INF090I01LM7;;18.6222;18.6222;18.6222;11-Nov-2012
101044;Franklin India Floating Rate Fund - IDCW ;INF090I01LN5;;10.0031;10.0031;10.0031;11-Nov-2012

Close Ended Schemes ( Income )


SBI Mutual Fund
114781;SBI Capital Protection Oriented Fund - Series II -;INF200K01ED2;;11.4867;N.A.;N.A.;11-Nov-2012
115824;SBI Capital Protection Oriented Fund - Series III - Growth;INF200K01IH4;;11.1507;N.A.;N.A.;11-Nov-2012
116872;SBI DEBT FUND SERIES - 13 MONTHS - 12 - DIVIDEND;INF200K01KW9;;10.7606;N.A.;N.A.;11-Nov-2012
116873;SBI DEBT FUND SERIES - 13 MONTHS - 12 - GROWTH;INF200K01KV1;;10.7607;N.A.;N.A.;11-Nov-2012
117054;SBI DEBT FUND SERIES - 13 MONTHS - 13 - DIVIDEND;INF200K01KY5;;10.7369;N.A.;N.A.;11-Nov-2012
117055;SBI DEBT FUND SERIES - 13 MONTHS - 13 - GROWTH;INF200K01KX7;;10.7369;N.A.;N.A.;11-Nov-2012
117110;SBI DEBT FUND SERIES - 15 MONTHS - 10 - DIVIDEND;INF200K01LG0;;10.6153;N.A.;N.A.;11-Nov-2012
117111;SBI DEBT FUND SERIES - 15 MONTHS - 10 - GROWTH;INF200K01LF2;;10.6153;N.A.;N.A.;11-Nov-2012
116505;SBI DEBT FUND SERIES - 15 MONTHS - 7 - DIVIDEND;INF200K01LA3;;10.8075;N.A.;N.A.;11-Nov-2012
116506;SBI DEBT FUND SERIES - 15 MONTHS - 7 - GROWTH;INF200K01KZ2;;10.8073;N.A.;N.A.;11-Nov-2012
116546;SBI DEBT FUND SERIES - 15 MONTHS - 8 - DIVIDEND;INF200K01LC9;;10.7536;N.A.;N.A.;11-Nov-2012
116545;SBI DEBT FUND SERIES - 15 MONTHS - 8 - GROWTH;INF200K01LB1;;10.7536;N.A.;N.A.;11-Nov-2012
116750;SBI DEBT FUND SERIES - 15 MONTHS - 9 - DIVIDEND;INF200K01LE5;;10.662;N.A.;N.A.;11-Nov-2012
116751;SBI DEBT FUND SERIES - 15 MONTHS - 9 - GROWTH;INF200K01LD7;;10.662;N.A.;N.A.;11-Nov-2012
116408;SBI DEBT FUND SERIES - 18 MONTHS - 10 - DIVIDEND;INF200K01LI6;;10.8143;N.A.;N.A.;11-Nov-2012
116407;SBI DEBT FUND SERIES - 18 MONTHS - 10 - GROWTH;INF200K01LH8;;10.8143;N.A.;N.A.;11-Nov-2012
117983;SBI DEBT FUND SERIES - 18 MONTHS - 11 - DIVIDEND;INF200K01PW8;;10.0182;N.A.;N.A.;11-Nov-2012
117984;SBI DEBT FUND SERIES - 18 MONTHS - 11 - GROWTH;INF200K01PV0;;10.0182;N.A.;N.A.;11-Nov-2012
115899;SBI DEBT FUND SERIES - 18 Months - 7 - DIVIDEND;INF200K01GX5;;11.0349;N.A.;N.A.;11-Nov-2012
115900;SBI DEBT FUND SERIES - 18 Months - 7 - GROWTH;INF200K01GW7;;11.0349;N.A.;N.A.;11-Nov-2012
116016;SBI DEBT FUND SERIES - 18 Months - 8 - DIVIDEND;INF200K01GY3;;11.0487;N.A.;N.A.;11-Nov-2012
116017;SBI DEBT FUND SERIES - 18 Months - 8 - GROWTH;INF200K01GZ0;;11.0527;N.A.;N.A.;11-Nov-2012
116400;SBI DEBT FUND SERIES - 18 MONTHS - 9 - DIVIDEND;INF200K01JI0;;10.8435;N.A.;N.A.;11-Nov-2012
116399;SBI DEBT FUND SERIES - 18 MONTHS - 9 - GROWTH;INF200K01JH2;;10.8435;N.A.;N.A.;11-Nov-2012
117383;SBI DEBT FUND SERIES - 180 DAYS - 25 - DIVIDEND;INF200K01JY7;;10.4768;N.A.;N.A.;11-Nov-2012
117384;SBI DEBT FUND SERIES - 180 DAYS - 25 - GROWTH;INF200K01JX9;;10.4768;N.A.;N.A.;11-Nov-2012
115263;SBI SDFS - 36 MONTHS - 1 - DIVIDEND;INF200K01EC4;;10.8239;N.A.;N.A.;11-Nov-2012
115262;SBI SDFS - 36 MONTHS - 1 - GROWTH;INF200K01EB6;;11.5386;N.A.;N.A.;11-Nov-2012
117252;SBI DEBT FUND SERIES - 366 DAYS - 1 - DIVIDEND;INF200K01NA9;;10.5743;N.A.;N.A.;11-Nov-2012
117253;SBI DEBT FUND SERIES - 366 DAYS - 1 - GROWTH;INF200K01MZ8;;10.5743;N.A.;N.A.;11-Nov-2012
117739;SBI DEBT FUND SERIES - 366 DAYS - 10 - DIVIDEND;INF200K01NY9;;10.2973;N.A.;N.A.;11-Nov-2012
117740;SBI DEBT FUND SERIES - 366 DAYS - 10 - GROWTH;INF200K01NX1;;10.2973;N.A.;N.A.;11-Nov-2012
117780;SBI DEBT FUND SERIES - 366 DAYS - 11 - DIVIDEND;INF200K01OY7;;10.2526;N.A.;N.A.;11-Nov-2012
117781;SBI DEBT FUND SERIES - 366 DAYS - 11 - GROWTH;INF200K01OX9;;10.2526;N.A.;N.A.;11-Nov-2012
117822;SBI DEBT FUND SERIES - 366 DAYS - 12 - DIVIDEND;INF200K01PA4;;10.2211;N.A.;N.A.;11-Nov-2012
117821;SBI DEBT FUND SERIES - 366 DAYS - 12 - GROWTH;INF200K01OZ4;;10.2211;N.A.;N.A.;11-Nov-2012
117833;SBI DEBT FUND SERIES - 366 DAYS - 13 - DIVIDEND;INF200K01PC0;;10.1859;N.A.;N.A.;11-Nov-2012
117832;SBI DEBT FUND SERIES - 366 DAYS - 13 - GROWTH;INF200K01PB2;;10.1859;N.A.;N.A.;11-Nov-2012
117857;SBI DEBT FUND SERIES - 366 DAYS - 14 - DIVIDEND;INF200K01PE6;;10.1741;N.A.;N.A.;11-Nov-2012
117858;SBI DEBT FUND SERIES - 366 DAYS - 14 - GROWTH;INF200K01PD8;;10.1741;N.A.;N.A.;11-Nov-2012
117917;SBI DEBT FUND SERIES - 366 DAYS - 15 - DIVIDEND;INF200K01PG1;;10.1317;N.A.;N.A.;11-Nov-2012
117918;SBI DEBT FUND SERIES - 366 DAYS - 15 - GROWTH;INF200K01PF3;;10.1317;N.A.;N.A.;11-Nov-2012
117987;SBI DEBT FUND SERIES - 366 DAYS - 16 - DIVIDEND;INF200K01PI7;;10.029;N.A.;N.A.;11-Nov-2012
117986;SBI DEBT FUND SERIES - 366 DAYS - 16 - GROWTH;INF200K01PH9;;10.029;N.A.;N.A.;11-Nov-2012
117294;SBI DEBT FUND SERIES - 366 DAYS - 2 - DIVIDEND;INF200K01NC5;;10.5476;N.A.;N.A.;11-Nov-2012
117295;SBI DEBT FUND SERIES - 366 DAYS - 2 - GROWTH;INF200K01NB7;;10.5476;N.A.;N.A.;11-Nov-2012
117335;SBI DEBT FUND SERIES - 366 DAYS - 3 - DIVIDEND;INF200K01NE1;;10.5413;N.A.;N.A.;11-Nov-2012
117336;SBI DEBT FUND SERIES - 366 DAYS - 3 - GROWTH;INF200K01ND3;;10.5413;N.A.;N.A.;11-Nov-2012
117408;SBI DEBT FUND SERIES - 366 DAYS - 4 - DIVIDEND;INF200K01NG6;;10.4996;N.A.;N.A.;11-Nov-2012
117407;SBI DEBT FUND SERIES - 366 DAYS - 4 - GROWTH;INF200K01NF8;;10.4996;N.A.;N.A.;11-Nov-2012
117475;SBI DEBT FUND SERIES - 366 DAYS - 5 - DIVIDEND;INF200K01NI2;;10.4976;N.A.;N.A.;11-Nov-2012
117476;SBI DEBT FUND SERIES - 366 DAYS - 5 - GROWTH;INF200K01NH4;;10.4976;N.A.;N.A.;11-Nov-2012
117557;SBI DEBT FUND SERIES - 366 DAYS - 6 - DIVIDEND;INF200K01NQ5;;10.4067;N.A.;N.A.;11-Nov-2012
117558;SBI DEBT FUND SERIES - 366 DAYS - 6 - GROWTH;INF200K01NP7;;10.4067;N.A.;N.A.;11-Nov-2012
117625;SBI DEBT FUND SERIES - 366 DAYS - 7 - DIVIDEND;INF200K01NS1;;10.4173;N.A.;N.A.;11-Nov-2012
117626;SBI DEBT FUND SERIES - 366 DAYS - 7 - GROWTH;INF200K01NR3;;10.4173;N.A.;N.A.;11-Nov-2012
117695;SBI DEBT FUND SERIES - 366 DAYS - 8 - DIVIDEND;INF200K01NU7;;10.3391;N.A.;N.A.;11-Nov-2012
117696;SBI DEBT FUND SERIES - 366 DAYS - 8 - GROWTH;INF200K01NT9;;10.3391;N.A.;N.A.;11-Nov-2012
117707;SBI DEBT FUND SERIES - 366 DAYS - 9 - DIVIDEND;INF200K01NW3;;10.3103;N.A.;N.A.;11-Nov-2012
117708;SBI DEBT FUND SERIES - 366 DAYS - 9 - GROWTH;INF200K01NV5;;10.3103;N.A.;N.A.;11-Nov-2012
116405;SBI DEBT FUND SERIES - 367 DAYS - 12 - DIVIDEND;INF200K01GV9;;10.8501;N.A.;N.A.;11-Nov-2012
116406;SBI DEBT FUND SERIES - 367 DAYS - 12 - GROWTH;INF200K01GU1;;10.8501;N.A.;N.A.;11-Nov-2012
116466;SBI DEBT FUND SERIES - 367 DAYS - 13 - DIVIDEND;INF200K01KI8;;10.8191;N.A.;N.A.;11-Nov-2012
116467;SBI DEBT FUND SERIES - 367 DAYS - 13 - GROWTH;INF200K01KH0;;10.8191;N.A.;N.A.;11-Nov-2012
116602;SBI DEBT FUND SERIES - 367 DAYS - 14 - DIVIDEND;INF200K01KK4;;10.7859;N.A.;N.A.;11-Nov-2012
116603;SBI DEBT FUND SERIES - 367 DAYS - 14 - GROWTH;INF200K01KJ6;;10.7859;N.A.;N.A.;11-Nov-2012
116624;SBI DEBT FUND SERIES - 367 DAYS - 15 - DIVIDEND;INF200K01KM0;;10.7246;N.A.;N.A.;11-Nov-2012
116625;SBI DEBT FUND SERIES - 367 DAYS - 15 - GROWTH;INF200K01KL2;;10.7246;N.A.;N.A.;11-Nov-2012
116687;SBI DEBT FUND SERIES - 367 DAYS - 16 - DIVIDEND;INF200K01KO6;;10.7629;N.A.;N.A.;11-Nov-2012
116686;SBI DEBT FUND SERIES - 367 DAYS - 16 - GROWTH;INF200K01KN8;;10.7629;N.A.;N.A.;11-Nov-2012
117142;SBI DEBT FUND SERIES - 367 DAYS - 17 - DIVIDEND;INf200K01KQ1;;10.633;N.A.;N.A.;11-Nov-2012
117143;SBI DEBT FUND SERIES - 367 DAYS - 17 - GROWTH;INF200K01KP3;;10.7354;N.A.;N.A.;11-Nov-2012
117184;SBI DEBT FUND SERIES - 367 DAYS - 18 - DIVIDEND;INF200K01KS7;;10.6604;N.A.;N.A.;11-Nov-2012
117183;SBI DEBT FUND SERIES - 367 DAYS - 18 - GROWTH;INF200K01KR9;;10.6604;N.A.;N.A.;11-Nov-2012
117189;SBI DEBT FUND SERIES - 367 DAYS - 19 - DIVIDEND;INF200K01KU3;;10.7014;N.A.;N.A.;11-Nov-2012
117190;SBI DEBT FUND SERIES - 367 DAYS - 19 - GROWTH;INF200K01KT5;;10.7014;N.A.;N.A.;11-Nov-2012
113321;SBI Debt Fund Series - 60 Months - 1 - Dividend;INF200K01CQ8;;11.6654;N.A.;N.A.;11-Nov-2012
113401;SBI Debt Fund Series - 60 Months - 1 - Growth;INF200K01CP0;;11.6653;N.A.;N.A.;11-Nov-2012
117799;SBI DEBT FUND SERIES - 90 DAYS - 68 - DIVIDEND;INF200K01NO0;;10.1986;N.A.;N.A.;11-Nov-2012
117798;SBI DEBT FUND SERIES - 90 DAYS - 68 - GROWTH;INF200K01NN2;;10.1986;N.A.;N.A.;11-Nov-2012
117840;SBI DEBT FUND SERIES - 90 DAYS - 69 - DIVIDEND;INF200K01OA7;;10.1706;N.A.;N.A.;11-Nov-2012
117841;SBI DEBT FUND SERIES - 90 DAYS - 69 - GROWTH;INF200K01NZ6;;10.1706;N.A.;N.A.;11-Nov-2012
117900;SBI DEBT FUND SERIES - 90 DAYS - 70 - DIVIDEND;INF200K01OC3;;10.123;N.A.;N.A.;11-Nov-2012
117901;SBI DEBT FUND SERIES - 90 DAYS - 70 - GROWTH;INF200K01OB5;;10.123;N.A.;N.A.;11-Nov-2012
117919;SBI DEBT FUND SERIES - 90 DAYS - 71 - DIVIDEND;INF200K01OE9;;10.105;N.A.;N.A.;11-Nov-2012
117920;SBI DEBT FUND SERIES - 90 DAYS - 71 - GROWTH;INF200K01OD1;;10.105;N.A.;N.A.;11-Nov-2012
116113;SBI DEBT FUND SERIES 367 DAYS - 10 - DIVIDEND;INF200K01GR7;;10.8904;N.A.;N.A.;11-Nov-2012
116114;SBI DEBT FUND SERIES 367 DAYS - 10 - GROWTH;INF200K01GQ9;;10.8904;N.A.;N.A.;11-Nov-2012
116124;SBI DEBT FUND SERIES 367 DAYS - 11 - DIVIDEND;INF200K01GT3;;10.9299;N.A.;N.A.;11-Nov-2012
116123;SBI DEBT FUND SERIES 367 DAYS - 11 - GROWTH;INF200K01GS5;;10.9299;N.A.;N.A.;11-Nov-2012
