Scheme Code;Scheme Name;ISIN Div Payout/ISIN Growth;ISIN Div Reinvestment;Net Asset Value;Repurchase Price;Sale Price;Date

Open Ended Schemes ( Liquid )


Bandhan Mutual Fund
108794;IDFC Liquid Fund - Daily Dividend;INF194K01GJ9;INF194K01GI1;1000.2640;1000.2640;1000.2640;18-Sep-2011
108793;IDFC Liquid Fund - Growth;INF194K01GE0;;1439.8301;1439.8301;1439.8301;18-Sep-2011
108796;IDFC Liquid Fund - Monthly Dividend;INF194K01GG5;INF194K01GF7;1013.3914;1013.3914;1013.3914;18-Sep-2011
108795;IDFC Liquid Fund-Weekly Dividend;INF194K01GM3;INF194K01GL5;1001.6517;1001.6517;1001.6517;18-Sep-2011
111928;IDFC Liquid Fund  Plan D- Growth;INF194K01GR2;;11.5292;11.5292;11.5292;18-Sep-2011
111927;IDFC Liquid Fund Plan - D  - Daily Dividend;INF194K01GT8;INF194K01GS0;10.0026;10.0026;10.0026;18-Sep-2011
112891;IDFC Liquid Fund- Plan F Dividend;INF194K01HD0;INF194K01HC2;10.4040;10.4040;10.4040;18-Sep-2011
112890;IDFC Liquid Fund- Plan F Growth;INF194K01HB4;;10.9984;10.9984;10.9984;18-Sep-2011

Daiwa Mutual Fund
114516;Daiwa Liquid Fund - Institutional - Daily Dividend;-;INF752K01198;1000.5197;1000.5197;1000.5197;18-Sep-2011
114515;Daiwa Liquid Fund - Institutional - Growth;INF752K01206;-;1142.5669;1142.5669;1142.5669;18-Sep-2011
114517;Daiwa Liquid Fund - Institutional - Weekly Dividend;-;INF752K01214;1001.4500;1001.4500;1001.4500;18-Sep-2011
114519;Daiwa Liquid Fund - Regular - Daily Dividend;;INF752K01222;1000.5200;1000.5200;1000.5200;18-Sep-2011
114514;Daiwa Liquid Fund - Regular - Growth;INF752K01230;;1140.4657;1140.4657;1140.4657;18-Sep-2011
114518;Daiwa Liquid Fund - Regular - Weekly Dividend;;INF752K01248;1001.8663;1001.8663;1001.8663;18-Sep-2011

Deutsche Mutual Fund
105672;DWS INSTA CASH PLUS FUND - Regular Plan BONUS OPTION;INF223J01BH3;;10.4278;10.4278;10.4278;18-Sep-2011
106471;DWS Insta Cash Plus Fund -Growth;INF223J01BP6;;132.6186;132.6186;132.6186;18-Sep-2011
106467;DWS Insta Cash Plus Fund-Daily Dividend;;INF223J01BO9;100.3040;100.3040;100.3040;18-Sep-2011
101718;DWS Insta Cash Plus Fund-DIVIDEND-Daily Dividend;;INF223J01BI1;10.3010;10.3010;10.3010;18-Sep-2011
101717;DWS Insta Cash Plus Fund-DIVIDEND-MONTHLY DIVIDEND;INF223J01BK7;INF223J01BL5;11.3321;11.3321;11.3321;18-Sep-2011
101716;DWS Insta Cash Plus Fund-DIVIDEND-WEEKLY DIVIDEND;INF223J01BM3;INF223J01BN1;10.3567;10.3567;10.3567;18-Sep-2011
101719;DWS Insta Cash Plus Fund-Growth-GROWTH;INF223J01BJ9;;17.0033;17.0033;17.0033;18-Sep-2011
101722;DWS Insta Cash Plus Fund-Institutional Plan-Daily Dividend;;INF223J01BA8;10.0516;10.0516;10.0516;18-Sep-2011
101720;DWS Insta Cash Plus Fund-Institutional Plan-Dividend;INF223J01BE0;INF223J01BD2;10.4149;10.4149;10.4149;18-Sep-2011
101721;DWS Insta Cash Plus Fund-Institutional Plan-Growth;INF223J01BB6;;16.0370;16.0370;16.0370;18-Sep-2011
101723;DWS Insta Cash Plus Fund-Institutional Plan-Weekly Dividend;INF223J01BF7;INF223J01BG5;10.1808;10.1808;10.1808;18-Sep-2011
114966;DWS Treasury Fund - Cash Plan - Bonus;INF223J01SA2;;10.3976;10.3976;10.3976;18-Sep-2011
112228;DWS Treasury Fund - Cash Plan - Daily Dividend;;INF223J01SB0;10.0391;10.0391;10.0391;18-Sep-2011
112221;DWS Treasury Fund - Cash Plan - Growth;INF223J01SC8;;11.2305;11.2305;11.2305;18-Sep-2011
112227;DWS Treasury Fund - Cash Plan - Institiutional - Daily Dividend;;INF223J01DZ1;100.4970;100.4970;100.4970;18-Sep-2011
112222;DWS Treasury Fund - Cash Plan - Institiutional - Growth;INF223J01EA2;;113.9123;113.9123;113.9123;18-Sep-2011
112969;DWS Treasury Fund - Cash Plan - Institiutional - Weekly Dividend;INF223J01EB0;INF223J01EC8;100.7532;100.7532;100.7532;18-Sep-2011
112965;DWS Treasury Fund - Cash Plan - Monthly Dividend;INF223J01RW8;INF223J01RX6;10.1858;10.1858;10.1858;18-Sep-2011
112964;DWS Treasury Fund - Cash Plan - Weekly Dividend;INF223J01RY4;INF223J01RZ1;10.1072;10.1072;10.1072;18-Sep-2011

Edelweiss Mutual Fund
109935;Edelweiss Liquid Fund - Daily Dividend Option;;INF754K01BG7;10.0000;10.0000;10.0000;18-Sep-2011
109946;Edelweiss Liquid Fund - Growth Option;INF754K01BC6;;10.0920;10.0920;10.0920;18-Sep-2011
109941;Edelweiss Liquid Fund - Institutional Plan - Daily Dividend Option;;INF754K01AZ9;10.0000;10.0000;10.0000;18-Sep-2011
109945;Edelweiss Liquid Fund - Institutional Plan - Growth Option;INF754K01AV8;;10.5346;10.5346;10.5346;18-Sep-2011
109936;Edelweiss Liquid Fund - Institutional Plan - Weekly Dividend Option;;INF754K01BA0;10.0024;10.0024;10.0024;18-Sep-2011
109934;Edelweiss Liquid Fund - Retail Plan - Daily Dividend Option;;INF754K01AS4;10.0000;10.0000;10.0000;18-Sep-2011
109940;Edelweiss Liquid Fund - Retail Plan - Growth Option;INF754K01AO3;;11.7917;11.7917;11.7917;18-Sep-2011
109939;Edelweiss Liquid Fund - Retail Plan - Monthly Dividend Option;INF754K01AP0;INF754K01AR6;10.0400;10.0400;10.0400;18-Sep-2011
109937;Edelweiss Liquid Fund - Retail Plan - Weekly Dividend Option;;INF754K01AT2;10.0023;10.0023;10.0023;18-Sep-2011
109942;Edelweiss Liquid Fund - Weekly Dividend Option;;INF754K01BH5;10.0147;10.0147;10.0147;18-Sep-2011

Fidelity Mutual Fund
104498;Fidelity Cash Fund - Institutional Plan - Daily Dividend Option;;INF677K01AQ1;10.0025;10.0025;10.0025;18-Sep-2011
104497;Fidelity Cash Fund - Institutional Plan - Growth Option;;;13.8211;13.8211;13.8211;18-Sep-2011
104548;Fidelity Cash Fund - Institutional Plan - Monthly Dividend Option;INF677K01AS7;INF677K01AT5;10.0000;10.0000;10.0000;18-Sep-2011
104546;Fidelity Cash Fund - Institutional Plan - Weekly Dividend Option;;INF677K01AR9;10.1705;10.1705;10.1705;18-Sep-2011
104495;Fidelity Cash Fund - Retail Plan - Daily Dividend option;;INF677K01AL2;10.0025;10.0025;10.0025;18-Sep-2011
104493;Fidelity Cash Fund - Retail Plan - Growth option;;;13.5601;13.5601;13.5601;18-Sep-2011
104547;Fidelity Cash Fund - Retail Plan - Monthly Dividend Option;;;10.0560;10.0560;10.0560;18-Sep-2011
104549;Fidelity Cash Fund - Retail Plan - Weekly Dividend Option;;INF677K01AM0;10.0147;10.0147;10.0147;18-Sep-2011
104494;Fidelity Cash Fund - Super Institutional Plan - Daily Dividend Option;;INF677K01AV1;10.2330;10.2330;10.2330;18-Sep-2011
104496;Fidelity Cash Fund - Super Institutional Plan - Growth Option;INF677K01AU3;;13.9093;13.9093;13.9093;18-Sep-2011
104551;Fidelity Cash Fund - Super Institutional Plan - Monthly Dividend Option;INF677K01AX7;INF677K01AY5;10.0000;10.0000;10.0000;18-Sep-2011
104550;Fidelity Cash Fund - Super Institutional Plan - Weekly Dividend Option;;INF677K01AW9;10.0000;10.0000;10.0000;18-Sep-2011

ING Mutual Fund
100198;ING Liquid Fund-Institutional Daily Dividend Option;INF084M01473;;10.0121;10.0121;10.0121;18-Sep-2011
100196;ING Liquid Fund-Institutional Growth Option;INF084M01465;;15.9719;15.9719;15.9719;18-Sep-2011
100197;ING Liquid Fund-Institutional Weekly Dividend Option;INF084M01499;INF084M01481;10.0678;10.0678;10.0678;18-Sep-2011
100192;ING Liquid Fund-Regular Daily Dividend Option;INF084M01432;;10.7873;10.7873;10.7873;18-Sep-2011
100190;ING Liquid Fund-Regular Growth Option;INF084M01424;;21.2775;21.2775;21.2775;18-Sep-2011
100191;ING Liquid Fund-Regular Weekly Dividend Option;INF084M01457;INF084M01440;10.8391;10.8391;10.8391;18-Sep-2011
100200;ING Liquid Fund-Super Institutional Daily Dividend Option;INF084M01515;;10.0048;10.0048;10.0048;18-Sep-2011
100199;ING Liquid Fund-Super Institutional Growth Option;INF084M01507;;15.2299;15.2299;15.2299;18-Sep-2011
100201;ING Liquid Fund-Super Institutional Weekly Dividend Option;INF084M01531;INF084M01523;10.0000;10.0000;10.0000;18-Sep-2011

Invesco Mutual Fund
106502;Religare Invesco Overnight Fund - Daily Dividend Reinvestment;;INF205K01HS2;1000.0048;1000.0048;1000.0048;18-Sep-2011
106501;Religare Invesco Overnight Fund - Growth;INF205K01HR4;;1206.4237;1206.4237;1206.4237;18-Sep-2011

JM Financial Mutual Fund
101420;JM Floater Short Term Fund - Daily Dividend Option;;INF192K01767;10.0883;10.0883;10.0883;18-Sep-2011
101421;JM Floater Short Term Fund - Growth Option;INF192K01775;;16.2358;16.2358;16.2358;18-Sep-2011

JPMorgan Mutual Fund
106562;JPMorgan India Liquid Fund - Retail Plan - Daily Dividend Option;;INF843K01203;10.0150;10.0150;10.0150;18-Sep-2011
109178;JPMorgan India Liquid Fund - Retail Plan - Fortnightly Dividend Option;;INF843K01229;10.0096;10.0096;10.0096;18-Sep-2011
106561;JPMorgan India Liquid Fund - Retail Plan - Growth Option;INF843K01195;;12.1254;12.1254;12.1254;18-Sep-2011
109179;JPMorgan India Liquid Fund - Retail Plan - Monthly Dividend Option;;INF843K01237;10.0723;10.0723;10.0723;18-Sep-2011
109177;JPMorgan India Liquid Fund - Retail Plan - Weekly Dividend Option;;INF843K01211;10.0270;10.0270;10.0270;18-Sep-2011
110149;JPMorgan India Liquid Fund - Super Institutional Plan - Daily Dividend Option;;INF843K01153;10.0079;10.0079;10.0079;18-Sep-2011
110150;JPMorgan India Liquid Fund - Super Institutional Plan - Growth Option;INF843K01146;;13.2228;13.2228;13.2228;18-Sep-2011
110151;JPMorgan India Liquid Fund - Super Institutional Plan - Monthly Dividend Option;INF843K01500;INF843K01187;10.0913;10.0913;10.0913;18-Sep-2011
110153;JPMorgan India Liquid Fund - Super Institutional Plan - Weekly Dividend Option;INF843K01484;INF843K01161;10.0907;10.0907;10.0907;18-Sep-2011

L&T Mutual Fund
112468;L&T Liquid Fund - Regular Weekly Dividend;;INF917K01BE5;11.9973;11.9973;11.9973;18-Sep-2011

Mirae Asset Mutual Fund
107646;Mirae Asset Liquid Fund- Regular Plan - Daily Dividend;;INF769K01606;1019.4059;1019.4059;1019.4059;18-Sep-2011
107648;Mirae Asset Liquid Fund- Regular Plan - Growth;INF769K01572;;1070.6032;1070.6032;1070.6032;18-Sep-2011
107649;Mirae Asset Liquid Fund- Regular Plan - Monthly Dividend;INF769K01630;INF769K01622;1022.9633;1022.9633;1022.9633;18-Sep-2011
107647;Mirae Asset Liquid Fund- Regular Plan - Weekly Dividend;;INF769K01614;1021.9142;1021.9142;1021.9142;18-Sep-2011

Morgan Stanley Mutual Fund
115812;MS Liquid Fund - Regular- Growth;INF063A01274;;1002.566;1002.566;1002.566;18-Sep-2011
115814;MS Liquid Fund - Regular- Weekly Dividend Plan;;INF063A01290;1000.689;1000.689;1000.689;18-Sep-2011
115813;MS Liquid Fund- Regular Daily Dividend Plan;;INF063A01282;1000.2563;1000.2563;1000.2563;18-Sep-2011
115815;MS Liquid Fund- Regular Monthly Dividend Plan;INF063A01316;INF063A01308;1002.566;1002.566;1002.566;18-Sep-2011

PGIM India Mutual Fund
113184;DHFL Pramerica Liquid Fund - Dividend Option - Daily;;INF663L01088;1000.0950;1000.0950;1000.0950;18-Sep-2011
113187;DHFL Pramerica Liquid Fund - Dividend Option - Fortnightly;INF663L01120;INF663L01104;1001.7242;1001.7242;1001.7242;18-Sep-2011
113186;DHFL Pramerica Liquid Fund - Dividend Option - Monthly;INF663L01138;INF663L01112;1005.5752;1005.5752;1005.5752;18-Sep-2011
113183;DHFL Pramerica Liquid Fund - Growth Option;INF663L01070;;1088.2502;1088.2502;1088.2502;18-Sep-2011
113185;DHFL Pramerica Liquid Fund -Dividend Option- Weekly;;INF663L01096;1001.2454;1001.2454;1001.2454;18-Sep-2011

PineBridge Mutual Fund
106513;PineBridge India Liquid Fund- Standard Plan-Daily Dividend Option;;INF178L01699;1001.0000;1001.0000;1001.0000;18-Sep-2011
106508;PineBridge India Liquid Fund- Standard Plan-Growth Option;INF178L01715;;1312.3349;1312.3349;1312.3349;18-Sep-2011
106509;PineBridge India Liquid Fund- Standard Plan-Weekly Dividend Option;;INF178L01764;1002.3988;1002.3988;1002.3988;18-Sep-2011
106506;PineBridge India Liquid Fund-Institutional Plan-Daily Dividend Option;;INF178L01616;1001.0000;1001.0000;1001.0000;18-Sep-2011
106511;PineBridge India Liquid Fund-Institutional Plan-Growth Option;INF178L01632;;1307.1062;1307.1062;1307.1062;18-Sep-2011
106507;PineBridge India Liquid Fund-Institutional Plan-Weekly Dividend Option;;INF178L01681;1002.3850;1002.3850;1002.3850;18-Sep-2011
106503;PineBridge India Liquid Fund-Retail Plan-DailyDividend Option;;INF178L01533;1001.0000;1001.0000;1001.0000;18-Sep-2011
106514;PineBridge India Liquid Fund-Retail Plan-Growth Option;INF178L01558;;1291.2870;1291.2870;1291.2870;18-Sep-2011
106504;PineBridge India Liquid Fund-Retail Plan-Monthly Dividend Option;INF178L01566;INF178L01574;1006.4516;1006.4516;1006.4516;18-Sep-2011
106516;PineBridge India Liquid Fund-Retail Plan-Quarterly Dividend Option;INF178L01582;INF178L01590;1021.6563;1021.6563;1021.6563;18-Sep-2011
106510;PineBridge India Liquid Fund-Retail Plan-Weekly Dividend Option;;INF178L01608;1002.3314;1002.3314;1002.3314;18-Sep-2011

Sahara Mutual Fund
101397;Sahara Liquid Fund-Fixed Pricing -  Weekly Dividend Option;;INF515L01064;1027.4373;1027.4373;1027.4373;18-Sep-2011
101393;Sahara Liquid Fund-Fixed Pricing - Daily Dividend Option;;INF515L01049;1024.9513;1024.9513;1024.9513;18-Sep-2011
101394;Sahara Liquid Fund-Fixed Pricing - Growth option;INF515L01056;;1853.1413;1853.1413;1853.1413;18-Sep-2011
101398;Sahara Liquid Fund-Fixed Pricing - Monthly Dividend Option;;INF515L01072;1030.0605;1030.0605;1030.0605;18-Sep-2011
101399;Sahara Liquid Fund-Variable Pricing - Daily Dividend option;;INF515L01080;1024.9687;1024.9687;1024.9687;18-Sep-2011
101402;Sahara Liquid Fund-Variable Pricing - Growth option;INF515L01114;;1868.5445;1868.5445;1868.5445;18-Sep-2011
101400;Sahara Liquid Fund-Variable Pricing - Weekly Dividend Option;;INF515L01098;1025.2026;1025.2026;1025.2026;18-Sep-2011
101401;Sahara Liquid Fund-Variable Pricing- Monthly Dividend Option;;INF515L01106;1030.3948;1030.3948;1030.3948;18-Sep-2011

Tata Mutual Fund
101987;Tata Liquid Fund Reglar Plan - Monthly Dividend;INF277K01LR5;INF277K01LS3;1007.3893;1007.3893;1007.3893;18-Sep-2011
101861;Tata Liquid Fund-Regular Plan  - Weekly Dividend;INF277K016C5;;1001.2694;1001.2694;1001.2694;18-Sep-2011
101984;Tata Liquid High Investment Plan - Daily;;;1114.3379;1114.3379;1114.3379;18-Sep-2011
101860;Tata Liquid High Investment Plan - Growth;INF277K01LN4;;1687.0245;1687.0245;1687.0245;18-Sep-2011
101985;Tata Liquid High Investment Plan - Monthly;INF277K01LO2;INF277K01LP9;1023.2746;1023.2746;1023.2746;18-Sep-2011
101859;Tata Liquid High Investment Plan - Weekly;;;1147.8196;1147.8196;1147.8196;18-Sep-2011
101982;Tata Liquid Retail Investment PLan - Daily;;;1116.8143;1116.8143;1116.8143;18-Sep-2011
101983;Tata Liquid Retail Investment Plan - Fortnightly;;;1145.7244;1145.7244;1145.7244;18-Sep-2011
101858;Tata Liquid Retail Investment Plan - Growth;INF277K01LM6;;2329.1367;2329.1367;2329.1367;18-Sep-2011
103631;Tata Liquidity Management Fund - Regular Plan - Daily Dividend;;;1002.6089;1002.6089;1002.6089;18-Sep-2011
103632;Tata Liquidity Management Fund - Regular Plan - Growth;INF277K01LW5;;1374.2530;1374.2530;1374.2530;18-Sep-2011
103519;Tata Liquidity Management Fund - Regular Plan  -Weekly Dividend;;;1006.7507;1006.7507;1006.7507;18-Sep-2011

Open Ended Schemes ( Money Market )


Tata Mutual Fund
102152;Tata Money Market Fund Regular (Bonus / Dividend);;;10.1601;10.1601;10.1601;18-Sep-2011
102153;Tata Money Market Fund Regular (Growth);INF277K01LY1;;16.2931;16.2931;16.2931;18-Sep-2011

Open Ended Schemes ( Debt Scheme - Overnight Fund )


HDFC Mutual Fund
101996;HDFC Overnight Fund - Growth Option;INF179KB1HS3;;16.6542;16.6542;16.6542;18-Sep-2011
101997;HDFC Overnight Fund - IDCW Option (Daily);;INF179KB1IF8;10.4266;10.4266;10.4266;18-Sep-2011

SBI Mutual Fund
114297;SBI Overnight Fund - Regular Plan - Daily Income Distribution cum Capital Withdrawal Option (IDCW);;INF200K01LN6;10.0991;10.0991;10.0991;18-Sep-2011
101206;SBI OVERNIGHT FUND - REGULAR PLAN - GROWTH;INF200K01LQ9;;17.6167;17.6167;17.6167;18-Sep-2011
103140;SBI Overnight Fund - Regular Plan - Weekly Income Distribution cum Capital Withdrawal Option (IDCW);INF200K01LO4;INF200K01LP1;10.3142;10.3142;10.3142;18-Sep-2011

Open Ended Schemes ( Debt Scheme - Liquid Fund )


Aditya Birla Sun Life Mutual Fund
100047;Aditya Birla Sun Life Liquid Fund - Growth;INF209K01RU9;;16.3455;16.3455;16.3455;18-Sep-2011
100046;Aditya Birla Sun Life Liquid Fund -Daily IDCW;INF209K01KQ2;INF209K01SQ5;10.0195;10.0195;10.0195;18-Sep-2011
100041;Aditya Birla Sun Life Liquid Fund -Institutional - IDCW;;INF209K01KN9;10.8023;10.8023;10.8023;18-Sep-2011
100048;Aditya Birla Sun Life Liquid Fund -Institutional - weekly  IDCW;INF209KA1LK7;INF209K01KY6;10.8116;10.8116;10.8116;18-Sep-2011
100044;Aditya Birla Sun Life Liquid Fund -Retail - IDCW;;INF209K01KP4;16.3694;16.3694;16.3694;18-Sep-2011
100051;Aditya Birla Sun Life Liquid Fund -weekly IDCW;INF209K01KU4;INF209KA1LJ9;10.0072;10.0072;10.0072;18-Sep-2011
112014;Aditya Birla Sun Life Liquid Fund- Discipline Advantage Plan;INF209K01KZ3;;11.2562;11.2562;11.2562;18-Sep-2011
100043;Aditya Birla Sun Life Liquid Fund-Institutional (Growth);INF209K01RT1;;27.4350;27.4350;27.4350;18-Sep-2011
100042;Aditya Birla Sun Life Liquid Fund-Retail (Growth);INF209K01ME4;;26.9165;26.9165;26.9165;18-Sep-2011

Axis Mutual Fund
112211;Axis Liquid Fund - Regular Plan - Daily IDCW;;INF846K01420;1000.1031;1000.1031;1000.1031;18-Sep-2011
112210;Axis Liquid Fund - Regular Plan - Growth Option;INF846K01412;;1131.2479;1131.2479;1131.2479;18-Sep-2011
112213;Axis Liquid Fund - Regular Plan - Monthly IDCW;INF846K01453;INF846K01461;1005.8094;1005.8094;1005.8094;18-Sep-2011
112212;Axis Liquid Fund - Regular Plan - Weekly IDCW;INF846K01438;INF846K01446;1003.5165;1003.5165;1003.5165;18-Sep-2011
112712;Axis Liquid Fund - Retail Plan - Daily IDCW;;INF846K01362;1000.0746;1000.0746;1000.0746;18-Sep-2011
112713;Axis Liquid Fund - Retail Plan - Growth Option;INF846K01354;;1109.6773;1109.6773;1109.6773;18-Sep-2011
112714;Axis Liquid Fund - Retail Plan - Monthly IDCW;INF846K01396;INF846K01404;1005.5127;1005.5127;1005.5127;18-Sep-2011
112715;Axis Liquid Fund - Retail Plan - Weekly IDCW;INF846K01370;INF846K01388;1001.4242;1001.4242;1001.4242;18-Sep-2011

Bandhan Mutual Fund
108692;BANDHAN LIQUID Fund - Regular Plan - Daily IDCW;INF194K01VZ4;INF194K01VY7;10.0025;10.0025;10.0025;18-Sep-2011
108690;BANDHAN LIQUID Fund - Regular Plan - Growth;INF194K01VX9;;12.4208;12.4208;12.4208;18-Sep-2011
115489;BANDHAN LIQUID Fund - Regular Plan - Periodic IDCW;INF194K01WC1;INF194K01WB3;10.0287;10.0287;10.0287;18-Sep-2011
108691;BANDHAN LIQUID Fund - Regular Plan - Weekly IDCW;INF194K01WI8;INF194K01WH0;10.0050;10.0050;10.0050;18-Sep-2011
108779;BANDHAN Liquid Fund-Plan A-Dividend (Daily);INF194K01VC3;INF194K01VB5;10.5819;10.5819;10.5819;18-Sep-2011
108778;BANDHAN Liquid Fund-Plan A-Growth;INF194K01UX1;;18.0957;18.0957;18.0957;18-Sep-2011
115486;BANDHAN Liquid Fund-Plan A-Monthly;INF194K01VF6;INF194K01VE9;10.0454;10.0454;10.0454;18-Sep-2011
115487;BANDHAN Liquid Fund-Plan A-Periodic Dividend;INF194K01UZ6;INF194K01UY9;10.0618;10.0618;10.0618;18-Sep-2011
108607;BANDHAN Liquid Fund - Plan A-Dividend (Weekly);INF194K01VI0;INF194K01VH2;10.0146;10.0146;10.0146;18-Sep-2011
108781;BANDHAN Liquid Fund - Plan B (G) (Institutional Plan);INF194K01VK6;;18.2570;18.2570;18.2570;18-Sep-2011
108681;BANDHAN Liquid Fund - Plan B-Daily-Dividend(Institutional Plan);INF194K01VM2;INF194K01VL4;10.5873;10.5873;10.5873;18-Sep-2011

Bank of India Mutual Fund
109257;BANK OF INDIA Liquid Fund- Institutional Plan- Daily Dividend;;;1000.0000;1000.0000;1000.0000;18-Sep-2011
109256;BANK OF INDIA Liquid Fund- Institutional Plan-Growth;INF761K01314;;1208.6681;1208.6681;1208.6681;18-Sep-2011
111971;BANK OF INDIA Liquid Fund- Regular Plan- Daily IDCW;;INF761K01CO4;1000.0000;1000.0000;1000.0000;18-Sep-2011
109254;BANK OF INDIA Liquid Fund- Regular Plan- Growth;INF761K01306;;1193.4600;1193.4600;1193.4600;18-Sep-2011
109255;BANK OF INDIA Liquid Fund- Regular Plan- Weekly IDCW;;INF761K01CP1;1001.1859;1001.1859;1001.1859;18-Sep-2011

Baroda BNP Paribas Mutual Fund
111707;Baroda BNP Paribas LIQUID FUND - Regular Plan - DAILY IDCW OPTION;INF955L01468;INF955L01476;1000.6300;1000.6300;1000.6300;18-Sep-2011
111704;Baroda BNP Paribas LIQUID FUND - Regular Plan - GROWTH OPTION;INF955L01484;;1169.2761;1169.2761;1169.2761;18-Sep-2011
101408;Baroda BNP Paribas LIQUID FUND- Defunct Plan -Growth Option;INF955L01575;;1772.2280;1772.2280;1772.2280;18-Sep-2011
101407;Baroda BNP Paribas LIQUID FUND-Defunct Plan- IDCW Option;INF955L01559;INF955L01567;1518.3606;1518.3606;1518.3606;18-Sep-2011
101409;Baroda BNP Paribas LIQUID FUND-Defunct Plan-Daily IDCW Option;INF955L01518;INF955L01526;1006.0600;1006.0600;1006.0600;18-Sep-2011

BNP Paribas Mutual Fund
113641;BNP PARIBAS LIQUID Fund-Institutional Plan-Daily Dividend Option;;;10.0030;10.0030;10.0030;18-Sep-2011
113634;BNP PARIBAS LIQUID Fund-Institutional Plan-Growth Option;;;15.6969;15.6969;15.6969;18-Sep-2011
113638;BNP PARIBAS LIQUID Fund-Institutional Plan-Monthly Dividend Payout Option;;;10.0473;10.0473;10.0473;18-Sep-2011
113642;BNP PARIBAS LIQUID Fund-Institutional Plan-Weekly Dividend Option;;;10.0086;10.0086;10.0086;18-Sep-2011
113633;BNP PARIBAS LIQUID Fund-Institutional Plus Plan-Daily Dividend Option;;;0.0000;0.0000;0.0000;18-Sep-2011
113639;BNP PARIBAS LIQUID Fund-Institutional Plus Plan-Growth Option;;;0.0000;0.0000;0.0000;18-Sep-2011
113635;BNP PARIBAS LIQUID Fund-Institutional Plus Plan-Monthly Dividend Option;;;0.0000;0.0000;0.0000;18-Sep-2011
113636;BNP PARIBAS LIQUID Fund-Institutional Plus Plan-Weekly Dividend Option;;;0.0000;0.0000;0.0000;18-Sep-2011
113640;BNP PARIBAS LIQUID Fund-Regular Plan-Growth Option;INF251K01CI8;;15.2674;15.2674;15.2674;18-Sep-2011
113632;BNP PARIBAS LIQUID Fund-Regular Plan-Monthly Dividend;INF251K01CK4;INF251K01CL2;10.0437;10.0437;10.0437;18-Sep-2011
113637;BNP PARIBAS LIQUID Fund-Regular Plan-Weekly Dividend Option;;INF251K01CJ6;10.0081;10.0081;10.0081;18-Sep-2011

Canara Robeco Mutual Fund
109349;CANARA ROBECO LIQUID FUND - REGULAR PLAN - DAILY IDCW (Reinvestment);;INF760K01CU3;1005.5000;1005.5000;1005.5000;18-Sep-2011
109353;CANARA ROBECO LIQUID FUND - REGULAR PLAN - GROWTH OPTION;INF760K01CW9;;1241.2542;1241.2542;1241.2542;18-Sep-2011
109350;CANARA ROBECO LIQUID FUND - REGULAR PLAN - WEEKLY IDCW (Payout/Reinvestment);INF760K01BZ4;INF760K01CZ2;1000.0000;1000.0000;1000.0000;18-Sep-2011
101363;Canara Robeco Liquid Fund- INSTITUTIONAL-Daily Dividend Reinvestment;;INF760K01CC1;1005.5000;1005.5000;1005.5000;18-Sep-2011
101362;Canara Robeco Liquid Fund- INSTITUTIONAL-Growth;INF760K01CD9;;1848.2063;1848.2063;1848.2063;18-Sep-2011
101361;Canara Robeco Liquid Fund- INSTITUTIONAL-Weekly dividend;;INF760K01CE7;1001.0041;1001.0041;1001.0041;18-Sep-2011
109357;Canara Robeco Liquid Fund-Institutional-Fortnightly Div Reinvest;;INF760K01860;1000.0000;1000.0000;1000.0000;18-Sep-2011
109355;Canara Robeco Liquid Fund-Regular Plan-Fortnightly Div Reinvest.;;INF760K01951;1000.0000;1000.0000;1000.0000;18-Sep-2011
101364;Canara Robeco Liquid Fund-Retail-DRI;;INF760K01CF4;1007.0000;1007.0000;1007.0000;18-Sep-2011
109346;Canara Robeco Liquid Fund-Retail-Fortnightly Div Reinvest;;INF760K01CG2;1006.3496;1006.3496;1006.3496;18-Sep-2011
101365;Canara Robeco Liquid Fund-Retail-Growth;INF760K01CH0;;1836.9096;1836.9096;1836.9096;18-Sep-2011
109347;Canara Robeco Liquid Fund-Retail-Monthly Div Reinvest;;INF760K01CI8;1009.3276;1009.3276;1009.3276;18-Sep-2011
109356;Canara Robeco Liquid Fund-Retail-Weekly Div Reinvest;;INF760K01CJ6;1006.3527;1006.3527;1006.3527;18-Sep-2011

DSP Mutual Fund
103347;DSP Liquidity Fund - Regular Plan - Growth;INF740K01FK9;;1461.2310;1461.2310;1461.2310;18-Sep-2011
103348;DSP Liquidity Fund - Regular Plan - IDCW - Weekly;INF740K01FM5;INF740K01FL7;1000.9232;1000.9232;1000.9232;18-Sep-2011
103349;DSP Liquidity Fund- Regular Plan - IDCW - Daily;;INF740KA1OE0;1000.3161;1000.3161;1000.3161;18-Sep-2011
100943;DSP BlackRock Liquidity Fund - Regular Plan - Daily Dividend;;;10.0100;10.0100;10.0100;18-Sep-2011
100940;DSP BlackRock Liquidity Fund - Regular Plan - Growth;INF740K01CN0;;24.1971;24.1971;24.1971;18-Sep-2011
100941;DSP BlackRock Liquidity Fund - Regular Plan Weekly Dividend;;;12.4192;12.4192;12.4192;18-Sep-2011

Franklin Templeton Mutual Fund
100541;Franklin India Liquid Fund - Regular Plan - Daily - IDCW;;INF090I01BA3;1512.3400;1512.3400;1512.3400;18-Sep-2011
100538;Franklin India Liquid Fund - Regular Plan - Growth;INF090I01BB1;;2497.1072;2497.1072;2497.1072;18-Sep-2011
100537;Franklin India Liquid Fund - Regular Plan - Weekly - IDCW;INF090I01BL0;INF090I01BI6;1244.3238;1244.3238;1244.3238;18-Sep-2011
100547;Franklin India Liquid Fund - Super Institutional Plan - Daily - IDCW;;INF090I01BF2;1000.6730;1000.6730;1000.6730;18-Sep-2011
100546;Franklin India Liquid Fund - Super Institutional Plan - Growth;INF090I01BG0;;1518.1775;1518.1775;1518.1775;18-Sep-2011
100548;Franklin India Liquid Fund - Super Institutional Plan - Weekly - IDCW;INF090I01BM8;INF090I01BH8;1021.1243;1021.1243;1021.1243;18-Sep-2011
102441;Franklin India Liquid Fund - Institution-Growth;INF090I01BD7;;1588.8847;1588.8847;1588.8847;18-Sep-2011
102443;Franklin India Liquid Fund - Institutional Plan - Daily - IDCW;;INF090I01BC9;1000.6730;1000.6730;1000.6730;18-Sep-2011
102442;Franklin India Liquid Fund - Institutional Plan - Weekly - IDCW;INF090I01BJ4;INF090I01BE5;1054.7186;1054.7186;1054.7186;18-Sep-2011

HDFC Mutual Fund
100868;HDFC Liquid Fund - Growth Plan;INF179KB1HK0;;20.1653;20.1653;20.1653;18-Sep-2011
100875;HDFC Liquid Fund - IDCW Daily;;INF179KB1IC5;10.1982;10.1982;10.1982;18-Sep-2011
100876;HDFC Liquid Fund - IDCW Monthly;INF179KB1HM6;INF179KB1HL8;10.3113;10.3113;10.3113;18-Sep-2011
100874;HDFC Liquid Fund - IDCW Plan Weekly;INF179KB1ID3;;10.325;10.325;10.325;18-Sep-2011
100877;HDFC Liquid Fund-Premium Plan - Dividend-Daily;;INF179K01KN4;12.2598;12.2598;12.2598;18-Sep-2011
100878;HDFC Liquid Fund-Premium Plan - Dividend-Weekly;INF179K01KP9;;10.3794;10.3794;10.3794;18-Sep-2011
100881;HDFC Liquid Fund-Premium Plus Plan - Dividend-Weekly;INF179K01KS3;;10.012;10.012;10.012;18-Sep-2011
100872;HDFC Liquid Fund-PREMIUM PLUS- Growth;INF179K01KQ7;;20.5001;20.5001;20.5001;18-Sep-2011
100873;HDFC Liquid Fund-PREMIUM- Growth;INF179KB1HN4;;20.4589;20.4589;20.4589;18-Sep-2011

HSBC Mutual Fund
101700;HSBC Cash Fund - Dividend - Daily;;INF336L01321;10.0056;10.0056;10.0056;18-Sep-2011
101702;HSBC Cash Fund - Dividend - Monthly;INF336L01305;INF336L01297;10.1265;10.1265;10.1265;18-Sep-2011
101701;HSBC Cash Fund - Dividend - Weekly;;INF336L01347;10.6250;10.6250;10.6250;18-Sep-2011
101692;HSBC Cash Fund - Inst. - Dividend - Daily;;INF336L01354;10.4401;10.4401;10.4401;18-Sep-2011
101694;HSBC Cash Fund - Inst. - Dividend - Monthly;INF336L01370;INF336L01362;10.5721;10.5721;10.5721;18-Sep-2011
101693;HSBC Cash Fund - Inst. - Dividend - Weekly;;INF336L01388;10.8510;10.8510;10.8510;18-Sep-2011
101691;HSBC Cash Fund - Inst. - Growth;INF336L01289;;16.4428;16.4428;16.4428;18-Sep-2011
101697;HSBC Cash Fund - Regular - Dividend - Daily;;INF336L01263;10.1930;10.1930;10.1930;18-Sep-2011
101698;HSBC Cash Fund - Regular - Dividend - Weekly;;INF336L01313;10.0211;10.0211;10.0211;18-Sep-2011
101696;HSBC Liquid Fund - Growth closed plan;INF336L01271;;16.2413;16.2413;16.2413;18-Sep-2011
101699;HSBC Liquid Fund Closed;INF336L01339;;10.2617;10.2617;10.2617;18-Sep-2011

ICICI Prudential Mutual Fund
100357;ICICI Prudential Liquid Fund -Quarterly IDCW;INF109K01UU5;INF109K01UT7;101.9905;101.9905;101.9905;18-Sep-2011
100359;ICICI Prudential Liquid Institutional Plus Fund - Div - Daily;INF109K01VJ6;;118.5150;118.5150;118.5150;18-Sep-2011
100360;ICICI Prudential Liquid Institutional Plus Fund - Div - Weekly;INF109K01VM0;;118.7441;118.7441;118.7441;18-Sep-2011
100362;ICICI Prudential Liquid Institutional Plus Fund - Growth;INF109K01VK4;;251.6849;251.6849;251.6849;18-Sep-2011
103343;ICICI Prudential Liquid Fund - Daily IDCW;INF109K01VP3;;100.0226;100.0226;100.0226;18-Sep-2011
103340;ICICI Prudential Liquid Fund - Growth;INF109K01VQ1;;150.9734;150.9734;150.9734;18-Sep-2011
104308;ICICI Prudential Liquid Fund - Half Yearly IDCW;INF109K01UX9;INF109K01UW1;102.5916;102.5916;102.5916;18-Sep-2011
103344;ICICI Prudential Liquid Fund - Institutional Option - I;INF109K01VH0;;147.3051;147.3051;147.3051;18-Sep-2011
103342;ICICI Prudential Liquid Fund - Weekly IDCW;INF109K01VS7;;100.3012;100.3012;100.3012;18-Sep-2011
103341;ICICI Prudential Liquid Fund -Monthly IDCW;INF109K01VR9;;100.4772;100.4772;100.4772;18-Sep-2011
101748;ICICI Prudential Liquid Fund - Institutional - Daily - Div;INF109K01VE7;;118.5020;118.5020;118.5020;18-Sep-2011
101753;ICICI Prudential Liquid Fund - Institutional - Weekly - Div;INF109K01VI8;;118.6100;118.6100;118.6100;18-Sep-2011
101754;ICICI Prudential Liquid Fund Retail Daily Dividend;INF109K01UR1;;118.5140;118.5140;118.5140;18-Sep-2011
101750;ICICI Prudential Liquid Fund Retail Growth;INF109K01UQ3;;244.3257;244.3257;244.3257;18-Sep-2011
101755;ICICI Prudential Liquid Fund Retail Monthly Dividend;INF109K01US9;;100.5402;100.5402;100.5402;18-Sep-2011
101752;ICICI Prudential Liquid Fund Retail Weekly Dividend;INF109K01UV3;;118.9782;118.9782;118.9782;18-Sep-2011
101751;ICICI Prudential Liquid Institutional Fund - Growth;INF109K01VF4;;249.5875;249.5875;249.5875;18-Sep-2011

IDBI Mutual Fund
113104;IDBI Liquid Fund- Monthly IDCW;INF397L01976;INF397L01968;1005.7853;1005.7853;1005.7853;18-Sep-2011
113102;IDBI Liquid Fund-Daily IDCW;;INF397L01935;1000.0000;1000.0000;1000.0000;18-Sep-2011
113096;IDBI Liquid Fund-Growth;INF397L01984;;1095.2214;1095.2214;1095.2214;18-Sep-2011
113103;IDBI Liquid Fund-Weekly IDCW;INF397L01950;INF397L01943;1000.2200;1000.2200;1000.2200;18-Sep-2011

Invesco Mutual Fund
104484;Invesco India Liquid Fund - Daily IDCW (Reinvestment);;INF205K01HN3;1000.7849;1000.7849;1000.7849;18-Sep-2011
104486;Invesco India Liquid Fund - Growth;INF205K01HM5;;1402.5090;1402.5090;1402.5090;18-Sep-2011
104488;Invesco India Liquid Fund - Regular - Growth;INF205K01HG7;;1373.8913;1373.8913;1373.8913;18-Sep-2011
104489;Invesco India Liquid Fund - Regular - Weekly IDCW (Reinvestment);;INF205K01HH5;1001.6862;1001.6862;1001.6862;18-Sep-2011
104483;Religare Invesco Liquid Fund - Institutional - Daily Dividend;;INF205K01HJ1;1000.2250;1000.2250;1000.2250;18-Sep-2011
104491;Religare Invesco Liquid Fund - Institutional - Growth;INF205K01HI3;;1392.8108;1392.8108;1392.8108;18-Sep-2011

JM Financial Mutual Fund
100241;JM High Liquidity Fund-- Institutional Plan - Dividend;INF192K01924;INF192K01932;10.6291;10.6291;10.6291;18-Sep-2011
100237;JM High Liquidity Fund-- Institutional Plan - Growth;INF192K01940;;16.8111;16.8111;16.8111;18-Sep-2011
100238;JM High Liquidity Fund-Institutional Plan - Daily Dividend;;INF192K01916;10.0159;10.0159;10.0159;18-Sep-2011
100245;JM High Liquidity Fund-Super Institutional Plan- Daily Dividend;;INF192K01957;10.0165;10.0165;10.0165;18-Sep-2011
100246;JM High Liquidity Fund-Super Institutional Plan- Weekly  Dividend;INF192K01965;INF192K01973;10.0294;10.0294;10.0294;18-Sep-2011
100244;JM Liquid Fund (Regular) - Quarterly IDCW;INF192K01866;INF192K01874;15.7678;15.7678;15.7678;18-Sep-2011
100247;JM Liquid Fund (Regular) - Super Institutional Plan - Growth Option;INF192K01981;;15.9874;15.9874;15.9874;18-Sep-2011
100233;JM Liquid Fund (Regular) - Weekly IDCW;INF192K01841;INF192K01858;10.8757;10.8757;10.8757;18-Sep-2011
100234;JM Liquid Fund - Growth Option;INF192K01882;;27.8580;27.8580;27.8580;18-Sep-2011
101549;JM Liquid Fund (Regular) - Bonus Option - Principal Units;INF192K01890;;14.6293;14.6293;14.6293;18-Sep-2011
101078;JM Liquid Fund (Regular) - Daily IDCW;;INF192K01833;10.4302;10.4302;10.4302;18-Sep-2011

Kotak Mahindra Mutual Fund
100833;Kotak Liquid Fund - Regular  - Daily Reinvestment of Income Distribution cum capital withdrawal option;;INF174K01NL3;12.2281;12.2281;12.2281;18-Sep-2011
100835;Kotak Liquid Fund - Regular Plan - Growth;INF174K01NI9;;20.7076;20.7076;20.7076;18-Sep-2011
100831;Kotak Liquid Fund -Institutional Plan - (Daily Dividend);;INF174K01GA0;12.2281;12.2281;12.2281;18-Sep-2011
100834;Kotak Liquid Fund Regular Plan Weekly Reinvestment of Income Distribution cum capital withdrawal option Dividend;INF174K01NK5;;10.0767;10.0767;10.0767;18-Sep-2011
100830;Kotak Liquid-Institutional Plan  (Growth);INF174K01FZ9;;20.046;20.046;20.046;18-Sep-2011
100832;Kotak Liquid-Institutional Plan (Weekly Dividend);;INF174K01GB8;10.1042;10.1042;10.1042;18-Sep-2011
100828;Kotak Liquid-Regular (Dividend);;INF174K01FY2;10.0351;10.0351;10.0351;18-Sep-2011
100829;Kotak Liquid-Regular (Growth);INF174K01NM1;;19.5906;19.5906;19.5906;18-Sep-2011

L&T Mutual Fund
112445;L&T Liquid Fund -Regular Plan - Daily IDCW;INF917K01JB4;;10.1163;10.1163;10.1163;18-Sep-2011
112457;L&T Liquid Fund -Regular Plan - Growth;INF917K01JH1;;14.0036;14.0036;14.0036;18-Sep-2011
112456;L&T Liquid Fund-Cum -Institutional Plus;INF917K01BJ4;;20.5344;20.5344;20.5344;18-Sep-2011
112442;L&T Liquid Fund-Regular Cumulative;INF917K01BF2;;20.2395;20.2395;20.2395;18-Sep-2011
112483;L&T Liquid Fund - Institutional Plus Weekly Dividend;INF917K01BH8;INF917K01BI6;13.5172;13.5172;13.5172;18-Sep-2011

LIC Mutual Fund
101184;LIC MF Liquid Fund-Regular Plan-Daily IDCW;INF767K01IQ3;INF767K01IR1;10.9801;10.9801;10.9801;18-Sep-2011
101185;LIC MF Liquid Fund-Regular Plan-Growth;INF767K01IS9;;18.6174;18.6174;18.6174;18-Sep-2011

Mirae Asset Mutual Fund
111647;Mirae Asset Liquid Fund - Regular - Daily IDCW;;INF769K01804;1034.8848;1034.8848;1034.8848;18-Sep-2011
111646;Mirae Asset Liquid Fund - Regular Plan - Growth;INF769K01788;;1116.3747;1116.3747;1116.3747;18-Sep-2011
111645;Mirae Asset Liquid Fund - Regular Plan - Monthly IDCW;INF769K01838;INF769K01820;1116.5189;1116.5189;1116.5189;18-Sep-2011
111644;Mirae Asset Liquid Fund - Regular Plan - Weekly IDCW;INF769K01PC4;INF769K01812;1115.0486;1115.0486;1115.0486;18-Sep-2011

Navi Mutual Fund
112645;Navi Liquid Fund - Regular Plan Daily IDCW;;INF959L01GM7;10.0015;10.0015;10.0015;18-Sep-2011
112647;Navi Liquid Fund - Regular Plan Monthly IDCW;INF959L01GN5;INF959L01GO3;10.0243;10.0243;10.0243;18-Sep-2011
112646;Navi Liquid Fund - Regular Plan Weekly IDCW;INF959L01GP0;INF959L01GQ8;10.0161;10.0161;10.0161;18-Sep-2011
112637;Navi Liquid Fund-Institutional Plan-Dividend Option-Daily;;INF959L01197;10.0015;10.0015;10.0015;18-Sep-2011
112640;Navi Liquid Fund-Institutional Plan-Growth;INF959L01247;;11.0920;11.0920;11.0920;18-Sep-2011
112636;Navi Liquid Fund-Regular Plan-Growth Option;INF959L01GL9;;11.1417;11.1417;11.1417;18-Sep-2011
112641;Navi Liquid Fund-Retail Plan-Dividend Option-Daily;;INF959L01254;10.0015;10.0015;10.0015;18-Sep-2011
112643;Navi Liquid Fund-Retail Plan-Dividend Option-Monthly;INF959L01262;INF959L01270;10.0458;10.0458;10.0458;18-Sep-2011
112642;Navi Liquid Fund-Retail Plan-Dividend Option-Weekly;INF959L01288;INF959L01296;10.0122;10.0122;10.0122;18-Sep-2011
112644;Navi Liquid Fund-Retail Plan-Growth;INF959L01304;;11.0476;11.0476;11.0476;18-Sep-2011

Nippon India Mutual Fund
100852;NIPPON INDIA LIQUID FUND - DAILY IDCW OPTION;;INF204K01UM1;15.2874;15.2874;15.2874;18-Sep-2011
100855;NIPPON INDIA LIQUID FUND - MONTHLY IDCW OPTION;INF204K01UO7;INF204K01UP4;21.8675;21.8675;21.8675;18-Sep-2011
100837;Nippon India Liquid Fund - Retail Option - Growth Plan;INF204K01UL3;;24.3531;24.3531;24.3531;18-Sep-2011
100842;NIPPON INDIA LIQUID FUND - RETAIL Plan - DAILY IDCW OPTION;;INF204K01UJ7;15.2428;15.2428;15.2428;18-Sep-2011
100843;NIPPON INDIA LIQUID FUND - RETAIL plan - MONTHLY IDCW OPTION;INF204K01UT6;INF204K01UU4;13.3825;13.3825;13.3825;18-Sep-2011
100844;NIPPON INDIA LIQUID FUND - RETAIL Plan - QUARTERLY IDCW OPTION;INF204K01UV2;INF204K01UW0;12.4091;12.4091;12.4091;18-Sep-2011
100838;NIPPON INDIA LIQUID FUND - RETAIL Plan - WEEKLY IDCW OPTION;;INF204K01UK5;10.3464;10.3464;10.3464;18-Sep-2011
100853;NIPPON INDIA LIQUID FUND - WEEKLY IDCW OPTION;INF204KC1FM8;INF204K01US8;15.3103;15.3103;15.3103;18-Sep-2011
100851;Nippon India Liquid Fund -Growth Plan;INF204K01UN9;;24.8593;24.8593;24.8593;18-Sep-2011
100849;Reliance Liquid Fund-Cash Plan-Daily Dividend Reinvestment Option;;;11.1415;11.1415;11.1415;18-Sep-2011
100845;Reliance Liquid Fund-Cash Plan-Growth Plan;;;16.5514;16.5514;16.5514;18-Sep-2011
114251;Reliance Liquid Fund-Cash Plan-Monthly Dividend Plan;;;10.0856;10.0856;10.0856;18-Sep-2011
114252;Reliance Liquid Fund-Cash Plan-Quarterly Dividend Plan;;;10.2478;10.2478;10.2478;18-Sep-2011
100848;Reliance Liquid Fund-Cash Plan-Weekly Dividend Reinvestment Option;;;10.9221;10.9221;10.9221;18-Sep-2011

Principal Mutual Fund
100895;Principal Cash Management Fund - Daily Income Distribution CUM Capital Withdrawal;;INF173K01DB7;10.0007;10.0007;10.0007;18-Sep-2011
100897;Principal Cash Management Fund - Monthly Income Distribution CUM Capital Withdrawal Option;INF173K01BV9;INF173K01BW7;10.159;10.159;10.159;18-Sep-2011
100896;Principal Cash Management Fund - Weekly Income Distribution CUM Capital Withdrawal Option;;INF173K01DC5;10.0672;10.0672;10.0672;18-Sep-2011
100898;Principal Cash Management Fund -Growth Option;INF173K01DA9;;15.879;15.879;15.879;18-Sep-2011

Quantum Mutual Fund
103736;Quantum Liquid Fund - Direct Plan Daily IDCW;;INF082J01135;10.0000;10.0000;10.0000;18-Sep-2011
103734;Quantum Liquid Fund - Direct Plan Growth Option;INF082J01127;;14.5306;14.5306;14.5306;18-Sep-2011
103735;Quantum Liquid Fund - Direct Plan Monthly IDCW;INF082J01143;INF082J01200;10.0561;10.0561;10.0561;18-Sep-2011

SBI Mutual Fund
105274;SBI Liquid Fund - Institutional - Growth;INF200K01LU1;;16.2207;16.2207;16.2207;18-Sep-2011
105275;SBI Liquid Fund - Institutional Daily Income Distribution cum Capital Withdrawal Option (IDCW);;INF200K01LR7;10.0325;10.0325;10.0325;18-Sep-2011
105279;SBI Liquid Fund - Institutional Fortnightly Income Distribution cum Capital Withdrawal Option (IDCW);INF200K01LS5;INF200K01LT3;10.1947;10.1947;10.1947;18-Sep-2011
105278;SBI Liquid Fund - Institutional Weekly Income Distribution cum Capital Withdrawal Option (IDCW);INF200K01LV9;INF200K01LW7;10.6060;10.6060;10.6060;18-Sep-2011
105281;SBI Liquid Fund - Regular Plan - Daily Income Distribution cum Capital Withdrawal Option (IDCW);;INF200K01LX5;10.0325;10.0325;10.0325;18-Sep-2011
105283;SBI Liquid Fund - Regular Plan - Fortnightly Income Distribution cum Capital Withdrawal Option (IDCW);INF200K01LY3;INF200K01LZ0;N.A.;N.A.;N.A.;18-Sep-2011
105282;SBI Liquid Fund - Regular Plan - Weekly Income Distribution cum Capital Withdrawal Option (IDCW);INF200K01MB9;INF200K01MC7;N.A.;N.A.;N.A.;18-Sep-2011
105280;SBI Liquid Fund - REGULAR PLAN -Growth;INF200K01MA1;;16.0537;16.0537;16.0537;18-Sep-2011

Sundaram Mutual Fund
102701;Sundaram Money Fund Institutional Plan - Daily Reinvestment of Income Distribution cum Capital Withdrawal (IDCW);;INF903J01GP2;10.0953;10.0953;10.0953;18-Sep-2011
102702;Sundaram Money Fund Institutional Plan - Fortnightly Reinvestment of Income Distribution cum Capital Withdrawal (IDCW);;INF903J01GR8;0.0000;0.0000;0.0000;18-Sep-2011
102703;Sundaram Money Fund Institutional Plan - Growth;INF903J01GN7;;21.1241;21.1241;21.1241;18-Sep-2011
102704;Sundaram Money Fund Institutional Plan - Monthly Income Distribution cum Capital Withdrawal (IDCW);INF903J01GO5;INF903J01GS6;10.3878;10.3878;10.3878;18-Sep-2011
102705;Sundaram Money Fund Institutional Plan - Quarterly Reinvestment of Income Distribution cum Capital Withdrawal (IDCW);;INF903J01GT4;0.0000;0.0000;0.0000;18-Sep-2011
102706;Sundaram Money Fund Institutional Plan - Weekly Reinvestment of Income Distribution cum Capital Withdrawal (IDCW);;INF903J01GQ0;0.0000;0.0000;0.0000;18-Sep-2011
103392;Sundaram Money Fund Regular Plan - Daily Reinvestment of Income Distribution cum Capital Withdrawal (IDCW);;INF903J01GW8;10.0953;10.0953;10.0953;18-Sep-2011
103395;Sundaram Money Fund Regular Plan - Fortnightly Reinvestment of Income Distribution cum Capital Withdrawal (IDCW);;INF903J01GY4;0.0000;0.0000;0.0000;18-Sep-2011
103397;Sundaram Money Fund Regular Plan - Growth;INF903J01GU2;;21.5190;21.5190;21.5190;18-Sep-2011
103396;Sundaram Money Fund Regular Plan - Monthly Income Distribution cum Capital Withdrawal (IDCW);INF903J01GV0;INF903J01GZ1;0.0000;0.0000;0.0000;18-Sep-2011
103393;Sundaram Money Fund Regular Plan - Quarterly Reinvestment of Income Distribution cum Capital Withdrawal (IDCW);;INF903J01HA2;0.0000;0.0000;0.0000;18-Sep-2011
100620;Sundaram Money Fund Retail Plan - Daily Reinvestment of Income Distribution cum Capital Withdrawal (IDCW);;INF903J01GI7;10.0953;10.0953;10.0953;18-Sep-2011
100622;Sundaram Money Fund Retail Plan - Fortnightly Reinvestment of Income Distribution cum Capital Withdrawal (IDCW);;INF903J01GK3;10.4814;10.4814;10.4814;18-Sep-2011
100618;Sundaram Money Fund Retail Plan - Growth;INF903J01GG1;;20.5630;20.5630;20.5630;18-Sep-2011
100623;Sundaram Money Fund Retail Plan - Monthly Income Distribution cum Capital Withdrawal (IDCW);INF903J01GH9;INF903J01GL1;10.3315;10.3315;10.3315;18-Sep-2011
100619;Sundaram Money Fund Retail Plan - Quarterly Reinvestment of Income Distribution cum Capital Withdrawal (IDCW);;INF903J01GM9;11.5083;11.5083;11.5083;18-Sep-2011
100621;Sundaram Money Fund Retail Plan - Weekly Reinvestment of Income Distribution cum Capital Withdrawal (IDCW);;INF903J01GJ5;10.7712;10.7712;10.7712;18-Sep-2011
103394;Sundaram Money Fund Regular Plan - Weekly Reinvestment of Income Distribution cum Capital Withdrawal (IDCW);;INF903J01GX6;0.0000;0.0000;0.0000;18-Sep-2011

Tata Mutual Fund
102672;Tata Liquid Fund -Regular Plan - Growth Option;INF277K01YD8;;16.0229;16.0229;16.0229;18-Sep-2011
101714;Tata Liquid Fund- Regular Plan - Daily Reinvestment of IDCW Option;;INF277K011D4;10.0152;10.0152;10.0152;18-Sep-2011

Taurus Mutual Fund
111915;Taurus Liquid Fund - Regular Plan - SI Growth Option;INF044D01534;;1099.4454;1099.4454;1099.4454;18-Sep-2011
113248;Taurus Liquid Fund - Regular Plan - SI Weekly Dividend Option;;INF044D01526;1000.7241;1000.7241;1000.7241;18-Sep-2011
111703;Taurus Liquid Fund - Regular Plan -SI Daily Dividend Option;;INF044D01518;1000.0905;1000.0905;1000.0905;18-Sep-2011
111547;Taurus Liquid Fund Insti DDRIP;;INF044D01484;1000.0905;1000.0905;1000.0905;18-Sep-2011
111760;Taurus Liquid Fund Insti Growth;INF044D01500;;1121.3151;1121.3151;1121.3151;18-Sep-2011
104240;Taurus Liquid Fund-Dividend;INF044D01542;INF044D01559;1001.2175;1001.2175;1001.2175;18-Sep-2011
104241;Taurus Liquid Fund-Growth;INF044D01575;;1338.6213;1338.6213;1338.6213;18-Sep-2011

Union Mutual Fund
115401;Union Liquid Fund - Daily IDCW Option;;INF582M01021;10.0018;10.0018;10.0018;18-Sep-2011
115398;Union Liquid Fund - Growth Option;INF582M01013;;10.2218;10.2218;10.2218;18-Sep-2011
115400;Union Liquid Fund - Monthly IDCW Option;INF582M01070;INF582M01054;10.0547;10.0547;10.0547;18-Sep-2011
115402;Union Liquid Fund - Weekly IDCW Option;;INF582M01039;10.0133;10.0133;10.0133;18-Sep-2011

UTI Mutual Fund
102010;UTI Liquid Fund - Regular Plan - Daily IDCW (Reinvestment);;INF789F01PG3;1019.4457;1019.4457;1019.4457;18-Sep-2011
102011;UTI Liquid Fund - Regular Plan - Monthly IDCW;INF789F01PI9;INF789F01PJ7;1029.1052;1029.1052;1029.1052;18-Sep-2011
102013;UTI Liquid Fund - Regular Plan - Weekly IDCW;;INF789F01PK5;1042.4731;1042.4731;1042.4731;18-Sep-2011
102012;UTI-  Liquid Cash Plan - Regular Plan - Growth Option;INF789F01PH1;;1675.5989;1675.5989;1675.5989;18-Sep-2011
102008;UTI-  Liquid Cash Plan- Discontinued - Regular Plan - Monthly Dividend Option;INF789F01BC2;INF789F01BA6;1094.4039;1094.4039;1094.4039;18-Sep-2011
102009;UTI-  Liquid Cash Plan- Discontinued - Regular Plan -Growth;INF789F01BB4;;1639.2696;1639.2696;1639.2696;18-Sep-2011
102007;UTI-  Liquid Cash Plan- Discontinued -Regular Plan Periodic Dividend Option;;INF789F01AZ5;1087.9282;1087.9282;1087.9282;18-Sep-2011

Open Ended Schemes ( Debt Scheme - Ultra Short Duration Fund )


Principal Mutual Fund
107329;Principal Ultra Short Term Fund-Daily Income Distribution CUM Capital Withdrawal Option;;INF173K01CV7;10.0543;10.0543;10.0543;18-Sep-2011
107328;Principal Ultra Short Term Fund-Growth Option;INF173K01CU9;;11.4267;11.4267;11.4267;18-Sep-2011
107332;Principal Ultra Short Term Fund-Weekly Income Distribution CUM Capital Withdrawal Option;;INF173K01CW5;10.1233;10.1233;10.1233;18-Sep-2011

SBI Mutual Fund
105080;SBI Ultra Short Duration Fund - Regular Plan - Daily Income Distribution cum Capital Withdrawal Option (IDCW);;INF200K01LK2;16.7503;16.7503;16.7503;18-Sep-2011
100641;SBI ULTRA SHORT DURATION FUND - REGULAR PLAN - GROWTH;INF200K01LJ4;;22.6492;22.6492;22.6492;18-Sep-2011
103884;SBI Ultra Short Duration Fund - Regular Plan - Weekly Income Distribution cum Capital Withdrawal Option (IDCW);INF200K01LM8;INF200K01LL0;10.7783;10.7783;10.7783;18-Sep-2011

Open Ended Schemes ( Debt Scheme - Money Market Fund )


Aditya Birla Sun Life Mutual Fund
101973;Aditya Birla Sun Life Money Manager Fund - Daily IDCW;;INF209K01SZ6;10.0020;10.0020;10.0020;18-Sep-2011
101976;Aditya Birla Sun Life Money Manager Fund - Growth;INF209K01RV7;;13.5476;13.5476;13.5476;18-Sep-2011
101972;Aditya Birla Sun Life Money Manager Fund - Retail - Daily IDCW;;INF209K01JZ5;10.0015;10.0015;10.0015;18-Sep-2011
101970;Aditya Birla Sun Life Money Manager Fund - RETAIL - WEEKLY IDCW;;INF209K01JY8;10.3795;10.3795;10.3795;18-Sep-2011
101971;Aditya Birla Sun Life Money Manager Fund - Retail Growth;INF209K01MJ3;;16.8074;16.8074;16.8074;18-Sep-2011
101974;Aditya Birla Sun Life Money Manager Fund - WEEKLY IDCW;;INF209K01SY9;10.0126;10.0126;10.0126;18-Sep-2011

HDFC Mutual Fund
101994;HDFC Money Market Fund - Daily IDCW Option;;INF179KB1IG6;10.6364;10.6364;10.6364;18-Sep-2011
101993;HDFC Money Market Fund - Growth Option;INF179KB1HR5;;21.3299;21.3299;21.3299;18-Sep-2011
101995;HDFC Money Market Fund - Weekly IDCW Option;INF179KB1IH4;INF179KB1II2;10.6297;10.6297;10.6297;18-Sep-2011

ICICI Prudential Mutual Fund
115328;ICICI Prudential Money Market Fund Dividend;INF109K01I72;;100.0020;100.0020;100.0020;18-Sep-2011
101221;ICICI Prudential Money Market Fund Retail Growth (erstwhile Cash Option);INF109K01TW3;;162.6463;162.6463;162.6463;18-Sep-2011
103634;ICICI Prudential Money Market Fund Option - Daily IDCW;INF109K01TY9;;100.0115;100.0115;100.0115;18-Sep-2011
103633;ICICI Prudential Money Market Fund Option - Growth;INF109K01TX1;;141.1609;141.1609;141.1609;18-Sep-2011
103637;ICICI Prudential Money Market Fund Option - Monthly IDCW;INF109K01UC3;INF109K01UB5;100.7139;100.7139;100.7139;18-Sep-2011
103635;ICICI Prudential Money Market Fund Option - Weekly IDCW;INF109K01TZ6;;100.2119;100.2119;100.2119;18-Sep-2011
103636;ICICI Prudential Money Market Fund Option -Fortnightly IDCW;INF109K01UA7;;100.2783;100.2783;100.2783;18-Sep-2011

Kotak Mahindra Mutual Fund
106842;Kotak Money Market Fund - (Daily Reinvestment of Income Distribution cum capital withdrawal option);INF174K01ND0;;10.1162;10.1162;10.1162;18-Sep-2011
101893;Kotak Money Market Fund - (Growth);INF174K01NA6;;16.7096;16.7096;16.7096;18-Sep-2011
101892;Kotak Money market Fund - (Monthly Payout of Income Distribution cum capital withdrawal option);INF174K018O0;INF174K01NB4;10.0277;10.0277;10.0277;18-Sep-2011
101894;Kotak Money Market Fund - (Weekly Reinvestment of Income Distribution cum capital withdrawal option);INF174K01NC2;;10.1342;10.1342;10.1342;18-Sep-2011

Nippon India Mutual Fund
103050;NIPPON INDIA MONEY MARKET FUND - DAILY IDCW Option;;INF204K01UY6;10.0051;10.0051;10.0051;18-Sep-2011
103052;NIPPON INDIA MONEY MARKET FUND - MONTHLY IDCW Option;INF204K01VB2;INF204K01VC0;10.0289;10.0289;10.0289;18-Sep-2011
103051;NIPPON INDIA MONEY MARKET FUND - WEEKLY IDCW Option;;INF204K01UZ3;10.0083;10.0083;10.0083;18-Sep-2011
103048;Nippon India Money Market Fund-Growth Plan-Growth Option;INF204K01VA4;;15.3769;15.3769;15.3769;18-Sep-2011

Tata Mutual Fund
101986;Tata Money Market Fund- Regular Plan - Daily Reinvestment of IDCW Option;;INF277K014C0;1114.5200;1114.5200;1114.5200;18-Sep-2011
101847;Tata Money Market Fund-Regular Plan - Growth Option;INF277K01LQ7;;1885.0236;1885.0236;1885.0236;18-Sep-2011

UTI Mutual Fund
112077;UTI MMF - Regular Plan - Growth Option;INF789F01PX8;;1143.0936;1143.0936;1143.0936;18-Sep-2011
100724;UTI MMF- Discontinued - Regular Plan - Flexi Dividend Option;;INF789F01BD0;1917.5564;1917.5564;1917.5564;18-Sep-2011
100725;UTI MMF- Discontinued - Regular Plan - Periodic Dividend Option;INF789F01BE8;;1908.5483;1908.5483;1908.5483;18-Sep-2011
100723;UTI MMF-Discontinued - Regular Plan -Growth;INF789F01BF5;;2830.5012;2830.5012;2830.5012;18-Sep-2011
112076;UTI Money Market Fund - Regular Plan - Daily IDCW (Reinvestment);;INF789F01PW0;1003.3854;1003.3854;1003.3854;18-Sep-2011
112635;UTI Money Market Fund - Regular Plan - Weekly IDCW;INF789F01PY6;INF789F01PZ3;1014.551;1014.551;1014.551;18-Sep-2011

Open Ended Schemes ( Debt Scheme - Floater Fund )


Franklin Templeton Mutual Fund
101048;Franklin India Floating Rate Fund - Growth Plan;INF090I01LM7;;17.1541;17.1541;17.1541;18-Sep-2011
101044;Franklin India Floating Rate Fund - IDCW ;INF090I01LN5;;10.0002;10.0002;10.0002;18-Sep-2011

Close Ended Schemes ( Income )


SBI Mutual Fund
114781;SBI Capital Protection Oriented Fund - Series II -;INF200K01ED2;;10.2922;N.A.;N.A.;18-Sep-2011
114554;SBI Debt Fund Series - 15 Months - 6 Dividend;INF200K01EA8;;10.5904;N.A.;N.A.;18-Sep-2011
114555;SBI Debt Fund Series - 15 Months - 6 Growth;INF200K01DZ7;;10.6159;N.A.;N.A.;18-Sep-2011
114442;SBI Debt Fund Series - 18 Months - 6 - Dividend Option;INF200K01CI5;;10.5842;N.A.;N.A.;18-Sep-2011
114443;SBI Debt Fund Series - 18 Months - 6 - Growth Option;INF200K01CH7;;10.5840;N.A.;N.A.;18-Sep-2011
113275;SBI Debt Fund Series - 24 Months - 2 - Dividend;INF200K01CK1;;10.6473;N.A.;N.A.;18-Sep-2011
113363;SBI Debt Fund Series - 24 Months - 2 - Growth;INF200K01CJ3;;10.6483;N.A.;N.A.;18-Sep-2011
115263;SBI SDFS - 36 MONTHS - 1 - DIVIDEND;INF200K01EC4;;10.3589;N.A.;N.A.;18-Sep-2011
115262;SBI SDFS - 36 MONTHS - 1 - GROWTH;INF200K01EB6;;10.3589;N.A.;N.A.;18-Sep-2011
115598;SBI DEBT FUND SERIES - 367 DAYS - 4 - DIVIDEND;INF200K01GF2;;10.1309;N.A.;N.A.;18-Sep-2011
115599;SBI DEBT FUND SERIES - 367 DAYS 4 - GROWTH;INF200K01GE5;;10.1309;N.A.;N.A.;18-Sep-2011
115075;SBI Debt Fund Series - 370 Days 13 - Dividend Payout;INF200K01EJ9;;10.3956;N.A.;N.A.;18-Sep-2011
115076;SBI Debt Fund Series - 370 Days 13 - Growth;INF200K01EI1;;10.3959;N.A.;N.A.;18-Sep-2011
115012;SBI DEBT FUND SERIES - 370 DAYS 11 - GROWTH;INF200K01EE0;;10.4888;N.A.;N.A.;18-Sep-2011
115013;SBI DEBT FUND SERIES - 370 DAYS 11- DIVIDEND;INF200K01EF7;;10.4885;N.A.;N.A.;18-Sep-2011
115048;SBI Debt Fund Series - 370 Days 12 - Dividend Payout;INF200K01EH3;;10.4115;N.A.;N.A.;18-Sep-2011
115047;SBI Debt Fund Series - 370 Days 12 - Growth;INF200K01EG5;;10.4115;N.A.;N.A.;18-Sep-2011
115260;SBI DEBT FUND SERIES - 370 DAYS - 15 - DIVIDEND;INF200K01EN1;;10.3307;N.A.;N.A.;18-Sep-2011
115261;SBI DEBT FUND SERIES - 370 DAYS - 15 - GROWTH;INF200K01EM3;;10.3308;N.A.;N.A.;18-Sep-2011
113321;SBI Debt Fund Series - 60 Months - 1 - Dividend;INF200K01CQ8;;10.4828;N.A.;N.A.;18-Sep-2011
113401;SBI Debt Fund Series - 60 Months - 1 - Growth;INF200K01CP0;;10.4827;N.A.;N.A.;18-Sep-2011
115532;SBI DEBT FUND SERIES - 90 DAYS - 46 - DIVIDEND;;;10.1730;N.A.;N.A.;18-Sep-2011
115531;SBI DEBT FUND SERIES - 90 DAYS 46 - Growth;;;10.1730;N.A.;N.A.;18-Sep-2011
115593;SBI DEBT FUND SERIES - 90 DAYS - 47 - DIVIDEND;;;10.1382;N.A.;N.A.;18-Sep-2011
115592;SBI DEBT FUND SERIES - 90 DAYS 47 - GROWTH;;;10.1382;N.A.;N.A.;18-Sep-2011
115629;SBI DEBT FUND SERIES - 90 DAYS - 48 - DIVIDEND;;;10.1168;N.A.;N.A.;18-Sep-2011
115630;SBI DEBT FUND SERIES - 90 DAYS 48 - GROWTH;;;10.1167;N.A.;N.A.;18-Sep-2011
115467;SBI SDFS 180 DAYS - 20 - DIVIDEND PAYOUT;;;10.2194;N.A.;N.A.;18-Sep-2011
115468;SBI SDFS 180 DAYS - 20 - GROWTH;;;10.2194;N.A.;N.A.;18-Sep-2011
115679;SBI SDFS 180 DAYS - 21 - DIVIDEND PAYOUT;INF200K01FR9;;10.0832;N.A.;N.A.;18-Sep-2011
115678;SBI SDFS 180 DAYS - 21 - GROWTH;INF200K01FQ1;;10.0832;N.A.;N.A.;18-Sep-2011
115114;SBI SDFS 180 DAYS 17 - DIVIDEND PAYOUT;;;10.3766;N.A.;N.A.;18-Sep-2011
115115;SBI SDFS 180 DAYS 17 - GROWTH;;;10.3766;N.A.;N.A.;18-Sep-2011
115187;SBI SDFS 180 DAYS 18 - DIVIDEND PAYOUT;;;10.3434;N.A.;N.A.;18-Sep-2011
115188;SBI SDFS 180 DAYS 18 - GROWTH;;;10.3435;N.A.;N.A.;18-Sep-2011
115343;SBI SDFS 180 DAYS 19 - DIVIDEND PAYOUT;;;10.2831;N.A.;N.A.;18-Sep-2011
115344;SBI SDFS 180 DAYS 19 - GROWTH;;;10.2831;N.A.;N.A.;18-Sep-2011
115347;SBI SDFS 367 DAYS - 1 - DIVIDEND PAYOUT;INF200K01FZ2;;10.2849;N.A.;N.A.;18-Sep-2011
115348;SBI SDFS 367 DAYS - 1 - GROWTH;INF200K01FY5;;10.2849;N.A.;N.A.;18-Sep-2011
115449;SBI SDFS 367 DAYS - 2 - DIVIDEND PAYOUT;INF200K01GB1;;10.2293;N.A.;N.A.;18-Sep-2011
115450;SBI SDFS 367 DAYS - 2 - GROWTH;INF200K01GA3;;10.2294;N.A.;N.A.;18-Sep-2011
115558;SBI SDFS 367 DAYS - 3 - DIVIDEND PAYOUT;INF200K01GD7;;10.1715;N.A.;N.A.;18-Sep-2011
115559;SBI SDFS 367 DAYS - 3 - GROWTH;INF200K01GC9;;10.1715;N.A.;N.A.;18-Sep-2011
115640;SBI DEBT FUND SERIES 367 DAYS - 5 - DIVIDEND;INF200K01GH8;;10.0896;N.A.;N.A.;18-Sep-2011
115639;SBI DEBT FUND SERIES 367 DAYS 5 - GROWTH;INF200K01GG0;;10.0895;N.A.;N.A.;18-Sep-2011
114723;SBI DEBT FUND SERIES 370 DAYS 10 - GROWTH;INF200K01DV6;;10.5642;N.A.;N.A.;18-Sep-2011
114722;SBI DEBT FUND SERIES 370 DAYS 10- Dividend;INF200K01DW4;;10.5642;N.A.;N.A.;18-Sep-2011
115469;SBI SDFS 90 DAYS - 45 - DIVIDEND PAYOUT;;;10.1983;N.A.;N.A.;18-Sep-2011
115470;SBI SDFS 90 DAYS - 45 - GROWTH;;;10.1983;N.A.;N.A.;18-Sep-2011
114839;REDEEMED-SBI Debt Fund Series - 13 Months 11 - Dividend Payout;INF200K01DY0;;10.5003;N.A.;N.A.;18-Sep-2011
114838;REDEEMED-SBI Debt Fund Series 13 Months 11 - Growth;INF200K01DX2;;10.5005;N.A.;N.A.;18-Sep-2011
114343;Z-REDEEMED-SBI Debt Fund Series - 18 Months - 4 - Dividend Option;INF200K01CE4;;10.6091;N.A.;N.A.;18-Sep-2011
114303;Z-REDEEMED-SBI Debt Fund Series - 18 Months - 4 - Growth Option;INF200K01CD6;;10.6345;N.A.;N.A.;18-Sep-2011
114388;Z-REDEEMED-SBI Debt Fund Series - 18 Months - 5 - Dividend Option;INF200K01CG9;;10.5943;N.A.;N.A.;18-Sep-2011
114389;Z-REDEEMED-SBI Debt Fund Series - 18 Months - 5 - Growth Option;INF200K01CF1;;10.5941;N.A.;N.A.;18-Sep-2011
115152;Z-REDEEMED-SBI Debt Fund Series - 370 days - 14 - Dividend Payout;INF200K01EL5;;10.3642;N.A.;N.A.;18-Sep-2011
115151;Z-REDEEMED-SBI Debt Fund Series - 370 Days - 14 - Growth;INF200K01EK7;;10.3641;N.A.;N.A.;18-Sep-2011
113411;Z-REDEEMED-SBI Debt Fund Series - 370 Days - 7 - Dividend;;;10.6625;N.A.;N.A.;18-Sep-2011
114250;Z-REDEEMED-SBI Debt Fund Series - 370 Days - 7 - Growth;;;10.7150;N.A.;N.A.;18-Sep-2011
114194;Z-REDEEMED-SBI Debt Fund Series - 370 Days - 8 - Dividend;;;10.6220;N.A.;N.A.;18-Sep-2011
114311;Z-REDEEMED-SBI Debt Fund Series - 370 Days - 8 - Growth;;;10.6746;N.A.;N.A.;18-Sep-2011
114620;Z-REDEEMED-SBI Debt Fund Series - 370 Days - 9 - Dividend;INF200K01DU8;;10.5987;N.A.;N.A.;18-Sep-2011
114619;Z-REDEEMED-SBI Debt Fund Series - 370 Days - 9 - Growth;INF200K01DT0;;10.5974;N.A.;N.A.;18-Sep-2011
