Scheme Code;Scheme Name;ISIN Div Payout/ISIN Growth;ISIN Div Reinvestment;Net Asset Value;Repurchase Price;Sale Price;Date

Open Ended Schemes ( Debt Scheme - Overnight Fund )


Aditya Birla Sun Life Mutual Fund
145488;ADITYA BIRLA SUN LIFE OVERNIGHT FUND-  Direct - Monthly Payout of IDCW;INF209KB1ZL4;;1000.6486;;;05-Nov-2021
145489;ADITYA BIRLA SUN LIFE OVERNIGHT FUND-  Direct - Weekly Reinvestment of IDCW;;INF209KB1ZJ8;1000.6304;;;05-Nov-2021
145482;ADITYA BIRLA SUN LIFE OVERNIGHT FUND-  Regular - Weekly Reinvestment of IDCW option;;INF209KB1ZE9;1000.6254;;;05-Nov-2021
145487;ADITYA BIRLA SUN LIFE OVERNIGHT FUND- Direct - Daily Reinvestment of IDCW;;INF209KB1ZI0;1000.2048;;;05-Nov-2021
145483;ADITYA BIRLA SUN LIFE OVERNIGHT FUND- Regular - Daily Reinvestment of IDCW;;INF209KB1ZD1;1000.1981;;;05-Nov-2021
145485;ADITYA BIRLA SUN LIFE OVERNIGHT FUND- Regular- Monthly Payout of IDCW option;INF209KB1ZG4;;1000.6254;;;05-Nov-2021
145486;ADITYA BIRLA SUN LIFE OVERNIGHT FUND-DIRECT PLAN-GROWTH;INF209KB1ZH2;;1134.2333;;;05-Nov-2021
145481;ADITYA BIRLA SUNLIFE OVERNIGHT FUND-REGULAR PLAN-GROWTH;INF209KB1ZC3;;1130.0348;;;05-Nov-2021

Axis Mutual Fund
146679;Axis Overnight Fund - Direct Plan - Daily IDCW;;INF846K01N99;1000.5073;;;05-Nov-2021
146675;Axis Overnight Fund - Direct Plan - Growth Option;INF846K01N65;;1108.6930;;;05-Nov-2021
146677;Axis Overnight Fund - Direct Plan - Monthly IDCW;INF846K01N73;INF846K01N81;1001.8419;;;05-Nov-2021
146676;Axis Overnight Fund - Direct Plan - Weekly IDCW;INF846K01N40;INF846K01N57;1001.0759;;;05-Nov-2021
146682;Axis Overnight Fund - Regular Plan - Daily IDCW;;INF846K01O56;1000.5032;;;05-Nov-2021
146678;Axis Overnight Fund - Regular Plan - Growth Option;INF846K01O23;;1106.9583;;;05-Nov-2021
146681;Axis Overnight Fund - Regular Plan - Monthly IDCW;INF846K01O31;INF846K01O49;1001.8178;;;05-Nov-2021
146680;Axis Overnight Fund - Regular Plan - Weekly IDCW;INF846K01O07;INF846K01O15;1001.0389;;;05-Nov-2021

Bandhan Mutual Fund
146190;BANDHAN Overnight Fund - Direct Plan - Daily IDCW;INF194KB1462;INF194KB1470;1000.1833;;;05-Nov-2021
146191;BANDHAN Overnight Fund - Direct Plan - Growth;INF194KB1447;;1118.6316;;;05-Nov-2021
146183;BANDHAN Overnight Fund - Direct Plan - Monthly IDCW;INF194KB1496;INF194KB1504;1000.7162;;;05-Nov-2021
146184;BANDHAN Overnight Fund - Direct Plan - Periodic IDCW;INF194KB1520;INF194KB1538;1020.2340;;;05-Nov-2021
146192;BANDHAN Overnight Fund - Direct Plan - Weekly IDCW;INF194KB1553;INF194KB1561;1000.0947;;;05-Nov-2021
146188;BANDHAN Overnight Fund - Regular Plan - Daily IDCW;INF194KB1330;INF194KB1348;1000.1778;;;05-Nov-2021
146187;BANDHAN Overnight Fund - Regular Plan - Growth;INF194KB1314;;1114.9205;;;05-Nov-2021
146185;BANDHAN Overnight Fund - Regular Plan - Monthly IDCW;INF194KB1363;INF194KB1371;1000.6941;;;05-Nov-2021
146189;BANDHAN Overnight Fund - Regular Plan - Weekly IDCW;INF194KB1421;INF194KB1439;1001.1057;;;05-Nov-2021
146186;BANDHAN Overnight Fund - REGULAR PLAN PERIODIC IDCW;INF194KB1397;INF194KB1405;1020.1407;;;05-Nov-2021

Bank of India Mutual Fund
147951;BANK OF INDIA Overnight Fund Direct Plan Growth;INF761K01EU7;;1061.0608;;;05-Nov-2021
147948;BANK OF INDIA Overnight Fund Direct Plan- Monthly IDCW;INF761K01EY9;INF761K01EX1;1000.9251;;;05-Nov-2021
147950;BANK OF INDIA Overnight Fund Direct Plan- Weekly IDCW;;INF761K01EW3;1000.3795;;;05-Nov-2021
147936;BANK OF INDIA Overnight Fund Regular Plan Growth;INF761K01EZ6;;1059.3831;;;05-Nov-2021

Baroda BNP Paribas Mutual Fund
147197;Baroda BNP Paribas Overnight Fund - Direct Plan - Daily IDCW;;INF955L01HW2;1000.0000;;;05-Nov-2021
147196;Baroda BNP Paribas Overnight Fund - Direct Plan - Growth;INF955L01HV4;;1101.5235;;;05-Nov-2021
147195;Baroda BNP Paribas Overnight Fund - Direct Plan - Weekly IDCW;;INF955L01HX0;1000.3944;;;05-Nov-2021
147194;Baroda BNP Paribas Overnight Fund - Regular Plan - Daily IDCW;;INF955L01HT8;1000.0000;;;05-Nov-2021
147193;Baroda BNP Paribas Overnight Fund - Regular Plan - Growth;INF955L01HS0;;1099.9927;;;05-Nov-2021
147198;Baroda BNP Paribas Overnight Fund - Regular Plan - Weekly IDCW;;INF955L01HU6;1000.4037;;;05-Nov-2021

Canara Robeco Mutual Fund
147532;CANARA ROBECO OVERNIGHT FUND - DIRECT PLAN - DAILY IDCW (Reinvestment);;INF760K01JN3;1001.0006;;;05-Nov-2021
147531;CANARA ROBECO OVERNIGHT FUND - DIRECT PLAN - GROWTH OPTION;INF760K01JM5;;1085.8375;;;05-Nov-2021
147533;CANARA ROBECO OVERNIGHT FUND - REGULAR PLAN - DAILY IDCW (Reinvestment);;INF760K01JP8;1001.0000;;;05-Nov-2021
147534;CANARA ROBECO OVERNIGHT FUND - REGULAR PLAN - GROWTH OPTION;INF760K01JO1;;1085.1865;;;05-Nov-2021

Edelweiss Mutual Fund
147551;Edelweiss Overnight Fund - Direct Plan - Annual - IDCW Option;INF754K01KD5;INF754K01KC7;1087.8975;;;05-Nov-2021
147557;Edelweiss Overnight Fund - Direct Plan - Daily - IDCW Option;;INF754K01JW7;1000;;;05-Nov-2021
147550;Edelweiss Overnight Fund - Direct Plan - Fortnightly - IDCW Option;INF754K01JZ0;INF754K01JY3;1050.0282;;;05-Nov-2021
147570;Edelweiss Overnight Fund - Direct Plan - Growth;INF754K01JV9;;1087.6545;;;05-Nov-2021
147554;Edelweiss Overnight Fund - Direct Plan - Monthly - IDCW Option;INF754K01KB9;INF754K01KA1;1058.5425;;;05-Nov-2021
147558;Edelweiss Overnight Fund - Direct Plan - Weekly - IDCW Option;;INF754K01JX5;1065.1697;;;05-Nov-2021
147556;Edelweiss Overnight Fund - Regular Plan - Annual - IDCW Option;INF754K01KM6;INF754K01KL8;1086.0948;;;05-Nov-2021
147552;Edelweiss Overnight Fund - Regular Plan - Daily - IDCW Option;;INF754K01KF0;1008.1128;;;05-Nov-2021
147569;Edelweiss Overnight Fund - Regular Plan - Growth;INF754K01KE3;;1086.0964;;;05-Nov-2021
147555;Edelweiss Overnight Fund - Regular Plan - Monthly - IDCW Option;INF754K01KK0;INF754K01KJ2;1004.3997;;;05-Nov-2021
147553;Edelweiss Overnight Fund - Regular Plan - Weekly - IDCW Option;;INF754K01KG8;1015.4353;;;05-Nov-2021

Groww Mutual Fund
147458;Groww Overnight Fund (formerly known as Indiabulls Overnight Fund)- Direct Plan- - Income Distribution cum capital withdrawal Option ( Reinvestment);;INF666M01GM6;1000.9932;;;05-Nov-2021
147452;Groww Overnight Fund (formerly known as Indiabulls Overnight Fund)- Direct Plan- Fortnightly - Income Distribution cum capital withdrawal Option (Payout & Reinvestment);INF666M01GP9;INF666M01GQ7;1002.3989;;;05-Nov-2021
147450;Groww Overnight Fund (formerly known as Indiabulls Overnight Fund)- Direct Plan- Growth Option;INF666M01GL8;;1087.021;;;05-Nov-2021
147453;Groww Overnight Fund (formerly known as Indiabulls Overnight Fund)- Direct Plan- Monthly - Income Distribution cum capital withdrawal Option (Payout & Reinvestment);INF666M01GR5;INF666M01GS3;1001.218;;;05-Nov-2021
147451;Groww Overnight Fund (formerly known as Indiabulls Overnight Fund)- Direct Plan- Weekly - Income Distribution cum capital withdrawal Option (Payout & Reinvestment);INF666M01GN4;INF666M01GO2;1001.4089;;;05-Nov-2021
147455;Groww Overnight Fund (formerly known as Indiabulls Overnight Fund)- Regular Plan- - Income Distribution cum capital withdrawal Option ( Reinvestment);;INF666M01GU9;1000.9692;;;05-Nov-2021
147457;Groww Overnight Fund (formerly known as Indiabulls Overnight Fund)- Regular Plan- Fortnightly - Income Distribution cum capital withdrawal Option (Payout & Reinvestment);INF666M01GX3;INF666M01GY1;1001.8105;;;05-Nov-2021
147454;Groww Overnight Fund (formerly known as Indiabulls Overnight Fund)- Regular Plan- Growth Option;INF666M01GT1;;1084.4782;;;05-Nov-2021
147459;Groww Overnight Fund (formerly known as Indiabulls Overnight Fund)- Regular Plan- Monthly - Income Distribution cum capital withdrawal Option (Payout & Reinvestment);INF666M01GZ8;INF666M01HA9;1001.178;;;05-Nov-2021
147456;Groww Overnight Fund (formerly known as Indiabulls Overnight Fund)- Regular Plan- Weekly - Income Distribution cum capital withdrawal Option (Payout & Reinvestment);INF666M01GV7;INF666M01GW5;1001.279;;;05-Nov-2021

Invesco Mutual Fund
147884;Invesco India Overnight Fund - Direct Plan - Daily IDCW (Reinvestment);;INF205KA1122;1000;;;05-Nov-2021
147883;Invesco India Overnight Fund - Direct Plan - Growth;INF205KA1163;;1060.0886;;;05-Nov-2021
147886;Invesco India Overnight Fund - Direct Plan - Monthly IDCW (Payout / Reinvestment);INF205KA1155;INF205KA1148;1000.7606;;;05-Nov-2021
147880;Invesco India Overnight Fund - Regular Plan - Daily IDCW (Reinvestment);;INF205KA1072;1000.0002;;;05-Nov-2021
147878;Invesco India Overnight Fund - Regular Plan - Growth;INF205KA1114;;1058.9227;;;05-Nov-2021
147879;Invesco India Overnight Fund - Regular Plan - Monthly IDCW (Payout / Reinvestment);INF205KA1106;INF205KA1098;1000.7143;;;05-Nov-2021
147881;Invesco India Overnight Fund - Regular Plan - Weekly IDCW (Reinvestment);;INF205KA1080;1000.3727;;;05-Nov-2021

ITI Mutual Fund
147707;ITI Overnight Fund - Direct Plan - Annual IDCW Option;INF00XX01648;INF00XX01614;1062.9657;;;05-Nov-2021
147708;ITI Overnight Fund - Direct Plan - Daily IDCW Option;;INF00XX01572;1001.0038;;;05-Nov-2021
147710;ITI Overnight Fund - Direct Plan - Fortnightly IDCW Option;INF00XX01622;INF00XX01598;1001.8860;;;05-Nov-2021
147713;ITI Overnight Fund - Direct Plan - Growth Option;INF00XX01564;;1070.1498;;;05-Nov-2021
147717;ITI Overnight Fund - Direct Plan - Monthly IDCW Option;INF00XX01630;INF00XX01606;1001.8859;;;05-Nov-2021
147711;ITI Overnight Fund - Direct Plan - Weekly IDCW option;;INF00XX01580;1001.2755;;;05-Nov-2021
147715;ITI Overnight Fund - Regular Plan - Annual IDCW Option;INF00XX01556;INF00XX01523;1001.4556;;;05-Nov-2021
147709;ITI Overnight Fund - Regular Plan - Daily IDCW Option;;INF00XX01481;1001.0000;;;05-Nov-2021
147716;ITI Overnight Fund - Regular Plan - Fortnightly IDCW Option;INF00XX01531;INF00XX01507;1001.8579;;;05-Nov-2021
147714;ITI Overnight Fund - Regular Plan - Growth Option;INF00XX01473;;1067.9751;;;05-Nov-2021
147718;ITI Overnight Fund - Regular Plan - Monthly IDCW Option;INF00XX01549;INF00XX01515;1001.8652;;;05-Nov-2021
147712;ITI Overnight Fund - Regular Plan - Weekly IDCW Option;;INF00XX01499;1002.0370;;;05-Nov-2021

L&T Mutual Fund
118066;L&T Overnight Fund  - Regular Plan - Monthly IDCW;INF917K01EL4;INF917K01EM2;1008.3926;;;05-Nov-2021
119283;L&T Overnight Fund - Direct Plan - Growth;INF917K01EN0;;1636.2627;;;05-Nov-2021
119284;L&T Overnight Fund - Direct Plan- Daily IDCW;;INF917K01EO8;1023.4917;;;05-Nov-2021
119282;L&T Overnight Fund - Direct Plan- Monthly IDCW;INF917K01ER1;;1064.0427;;;05-Nov-2021
119285;L&T Overnight Fund - Direct Plan- Weekly IDCW;;INF917K01EP5;1001.795;;;05-Nov-2021
118056;L&T Overnight Fund - Regular Plan - Daily IDCW;;INF917K01EJ8;1023.4855;;;05-Nov-2021
118058;L&T Overnight Fund - Regular Plan - Growth;INF917K01EI0;;1557.3637;;;05-Nov-2021
118065;L&T Overnight Fund - Regular Plan - Weekly IDCW;;INF917K01EK6;1000.3897;;;05-Nov-2021

LIC Mutual Fund
147516;LIC MF Overnight Fund-Direct Plan-Daily IDCW;;INF767K01QG7;1006.4396;;;05-Nov-2021
147515;LIC MF Overnight Fund-Direct Plan-Growth;INF767K01QI3;;1086.9969;;;05-Nov-2021
147513;LIC MF Overnight Fund-Direct Plan-IDCW;INF767K01QE2;INF767K01QF9;1086.7381;;;05-Nov-2021
147514;LIC MF Overnight Fund-Direct Plan-Weekly IDCW;;INF767K01QH5;1000.863;;;05-Nov-2021
147517;LIC MF Overnight Fund-Regular Plan-Daily IDCW;;INF767K01QB8;1005.8962;;;05-Nov-2021
147519;LIC MF Overnight Fund-Regular Plan-Growth;INF767K01QD4;;1083.7406;;;05-Nov-2021
147512;LIC MF Overnight Fund-Regular Plan-IDCW;INF767K01PZ9;INF767K01QA0;1084.1624;;;05-Nov-2021
147518;LIC MF Overnight Fund-Regular Plan-Weekly IDCW;;INF767K01QC6;1003.5102;;;05-Nov-2021

Mahindra Manulife Mutual Fund
147563;Mahindra Manulife Overnight Fund - Direct Plan - Daily IDCW;;INF174V01846;1013.6261;;;05-Nov-2021
147564;Mahindra Manulife Overnight Fund - Direct Plan -Growth;INF174V01838;;1085.4217;;;05-Nov-2021
147566;Mahindra Manulife Overnight Fund - Regular Plan - Daily IDCW;;INF174V01820;1013.6032;;;05-Nov-2021
147565;Mahindra Manulife Overnight Fund - Regular Plan - Growth;INF174V01812;;1082.8878;;;05-Nov-2021

PGIM India Mutual Fund
147605;PGIM India Overnight Fund - Direct Plan - Daily Dividend Option;;INF663L01T35;1000;;;05-Nov-2021
147606;PGIM India Overnight Fund - Direct Plan - Growth Option;INF663L01T01;;1082.5795;;;05-Nov-2021
147608;PGIM India Overnight Fund - Direct Plan - Weekly Dividend Option;INF663L01T19;INF663L01T27;1000.2142;;;05-Nov-2021
147609;PGIM India Overnight Fund - Regular Plan - Daily Dividend Option;;INF663L01T76;1000;;;05-Nov-2021
147607;PGIM India Overnight Fund - Regular Plan - Weekly Dividend Option;INF663L01T50;INF663L01T68;1000.4116;;;05-Nov-2021
147600;PGIM India Overnight Fund - Regular Plan- Growth Option;INF663L01T43;;1080.4159;;;05-Nov-2021

SBI Mutual Fund
119831;SBI Overnight Fund - Direct Plan - Daily Income Distribution cum Capital Withdrawal Option (IDCW);;INF200K01TJ7;1060.0754;;;05-Nov-2021
119833;SBI OVERNIGHT FUND - DIRECT PLAN - GROWTH;INF200K01TK5;;3415.3377;;;05-Nov-2021
119832;SBI Overnight Fund - Direct Plan - Weekly Income Distribution cum Capital Withdrawal Option (IDCW);INF200K01TL3;INF200K01TM1;1082.4942;;;05-Nov-2021
114297;SBI Overnight Fund - Regular Plan - Daily Income Distribution cum Capital Withdrawal Option (IDCW);;INF200K01LN6;1058.8696;;;05-Nov-2021
101206;SBI OVERNIGHT FUND - REGULAR PLAN - GROWTH;INF200K01LQ9;;3380.8329;;;05-Nov-2021
103140;SBI Overnight Fund - Regular Plan - Weekly Income Distribution cum Capital Withdrawal Option (IDCW);INF200K01LO4;INF200K01LP1;1081.2510;;;05-Nov-2021

Sundaram Mutual Fund
146964;Sundaram Overnight Fund Direct Plan - Daily Reinvestment of Income Distribution cum Capital Withdrawal (IDCW);INF903JA1HJ9;;1000.2118;;;05-Nov-2021
146956;Sundaram Overnight Fund Direct Plan - Fortnightly Reinvestment of Income Distribution cum Capital Withdrawal (IDCW);INF903JA1HL5;;1064.2173;;;05-Nov-2021
146963;Sundaram Overnight Fund Direct Plan - Growth;INF903JA1HG5;;1114.9688;;;05-Nov-2021
146962;Sundaram Overnight Fund Direct Plan - Monthly Payout of Income Distribution cum Capital Withdrawal (IDCW);INF903JA1HH3;;1044.3694;;;05-Nov-2021
146957;Sundaram Overnight Fund Direct Plan - Monthly Reinvestment of Income Distribution cum Capital Withdrawal (IDCW);INF903JA1HM3;;1044.3694;;;05-Nov-2021
146955;Sundaram Overnight Fund Direct Plan - Weekly Reinvestment of Income Distribution cum Capital Withdrawal (IDCW);INF903JA1HK7;;1048.4983;;;05-Nov-2021
146953;Sundaram Overnight Fund Regular Plan - Daily Reinvestment of Income Distribution cum Capital Withdrawal (IDCW);INF903JA1HC4;;1000.2073;;;05-Nov-2021
146958;Sundaram Overnight Fund Regular Plan - Fortnightly Reinvestment of Income Distribution cum Capital Withdrawal (IDCW);INF903JA1HE0;;1065.6350;;;05-Nov-2021
146959;Sundaram Overnight Fund Regular Plan - Growth;INF903JA1GZ7;;1111.8589;;;05-Nov-2021
146960;Sundaram Overnight Fund Regular Plan - Monthly Payout of Income Distribution cum Capital Withdrawal (IDCW);INF903JA1HA8;;1040.5800;;;05-Nov-2021
146961;Sundaram Overnight Fund Regular Plan - Monthly Reinvestment of Income Distribution cum Capital Withdrawal (IDCW);INF903JA1HF7;;1040.5800;;;05-Nov-2021
146954;Sundaram Overnight Fund Regular Plan - Weekly Payout of Income Distribution cum Capital Withdrawal (IDCW);INF903JA1HD2;;1047.3802;;;05-Nov-2021

Tata Mutual Fund
146978;TATA Overnight Fund Direct Plan - Daily Reinvestment of Income Distribution cum capital withdrawal option   ;;INF277K019T3;1000.0000;;;05-Nov-2021
146979;TATA Overnight Fund Regular Plan - Daily Reinvestment of Income Distribution cum capital withdrawal option   ;;INF277K017T7;1000.0000;;;05-Nov-2021
146980;Tata Overnight Fund-Direct Plan-Growth;INF277K018T5;;1106.4918;;;05-Nov-2021
146977;Tata Overnight Fund-Regular Plan-Growth;INF277K016T9;;1103.4489;;;05-Nov-2021

Union Mutual Fund
147002;Union Overnight Fund - Direct Plan - Daily IDCW Option;;INF582M01FB0;1000.7630;;;05-Nov-2021
147003;Union Overnight Fund - Direct Plan - Growth Option;INF582M01FA2;;1104.2842;;;05-Nov-2021
147006;Union Overnight Fund - Direct Plan - Monthly IDCW Option;INF582M01FG9;INF582M01FE4;1001.6706;;;05-Nov-2021
146998;Union Overnight Fund - Regular Plan - Daily IDCW Option;;INF582M01FK1;1000.7574;;;05-Nov-2021
146997;Union Overnight Fund - Regular Plan - Growth Option;INF582M01FJ3;;1101.4497;;;05-Nov-2021
147000;Union Overnight Fund - Regular Plan - Monthly IDCW Option;INF582M01FP0;INF582M01FN5;1001.6329;;;05-Nov-2021

UTI Mutual Fund
100814;UTI - Overnight  Fund - Regular Plan - Growth Option;INF789F01604;;2845.7307;;;05-Nov-2021
120785;UTI - Overnight Fund - Direct Plan - Growth Option;INF789FB1S71;;2871.1778;;;05-Nov-2021
124266;UTI Overnight Fund - Direct Plan - Daily IDCW;;INF789FB1S89;1371.6621;;;05-Nov-2021
120786;UTI Overnight Fund - Direct Plan - Periodic IDCW;INF789FB1T05;INF789FB1S97;1536.4566;;;05-Nov-2021
124265;UTI Overnight Fund - Regular Plan - Daily IDCW;;INF789FB1T13;1370.8617;;;05-Nov-2021
100813;UTI Overnight Fund - Regular Plan - Periodic IDCW;INF789F01588;INF789F01596;1495.6487;;;05-Nov-2021

Open Ended Schemes ( Debt Scheme - Liquid Fund )


Aditya Birla Sun Life Mutual Fund
100047;Aditya Birla Sun Life Liquid Fund - Growth;INF209K01RU9;;335.6312;;;05-Nov-2021
119568;Aditya Birla Sun Life Liquid Fund - Growth - Direct Plan;INF209K01VA3;;338.1262;;;05-Nov-2021
100046;Aditya Birla Sun Life Liquid Fund -Daily IDCW;INF209K01KQ2;INF209K01SQ5;100.2148;;;05-Nov-2021
119569;Aditya Birla Sun Life Liquid Fund -Direct - daily IDCW;INF209K01UZ2;;100.2154;;;05-Nov-2021
119571;Aditya Birla Sun Life Liquid Fund -DIRECT - IDCW;INF209K01VD7;;183.5754;;;05-Nov-2021
119570;Aditya Birla Sun Life Liquid Fund -Direct - weekly IDCW;INF209K01VC9;;100.2999;;;05-Nov-2021
100041;Aditya Birla Sun Life Liquid Fund -Institutional - IDCW;;INF209K01KN9;108.0443;;;05-Nov-2021
100048;Aditya Birla Sun Life Liquid Fund -Institutional - weekly  IDCW;INF209KA1LK7;INF209K01KY6;108.1466;;;05-Nov-2021
103885;Aditya Birla Sun Life Liquid Fund -Regular - IDCW;INF209KA1LI1;;140.4369;;;05-Nov-2021
100044;Aditya Birla Sun Life Liquid Fund -Retail - IDCW;;INF209K01KP4;163.7263;;;05-Nov-2021
100051;Aditya Birla Sun Life Liquid Fund -weekly IDCW;INF209K01KU4;INF209KA1LJ9;100.2979;;;05-Nov-2021
112014;Aditya Birla Sun Life Liquid Fund- Discipline Advantage Plan;INF209K01KZ3;;225.7423;;;05-Nov-2021
100043;Aditya Birla Sun Life Liquid Fund-Institutional (Growth);INF209K01RT1;;558.9313;;;05-Nov-2021
100042;Aditya Birla Sun Life Liquid Fund-Retail (Growth);INF209K01ME4;;544.6575;;;05-Nov-2021

Axis Mutual Fund
120388;Axis Liquid Fund - Direct Plan - Daily IDCW;;INF846K01DA0;1000.9560;;;05-Nov-2021
120389;Axis Liquid Fund - Direct Plan - Growth Option;INF846K01CX4;;2329.9427;;;05-Nov-2021
120391;Axis Liquid Fund - Direct Plan - Monthly IDCW;INF846K01CY2;INF846K01CZ9;1001.7083;;;05-Nov-2021
120390;Axis Liquid Fund - Direct Plan - Weekly IDCW;INF846K01DB8;INF846K01DC6;1002.5382;;;05-Nov-2021
112211;Axis Liquid Fund - Regular Plan - Daily IDCW;;INF846K01420;1001.3998;;;05-Nov-2021
112210;Axis Liquid Fund - Regular Plan - Growth Option;INF846K01412;;2316.6573;;;05-Nov-2021
112213;Axis Liquid Fund - Regular Plan - Monthly IDCW;INF846K01453;INF846K01461;1002.2777;;;05-Nov-2021
112212;Axis Liquid Fund - Regular Plan - Weekly IDCW;INF846K01438;INF846K01446;1002.5301;;;05-Nov-2021
112712;Axis Liquid Fund - Retail Plan - Daily IDCW;;INF846K01362;1000.9559;;;05-Nov-2021
112713;Axis Liquid Fund - Retail Plan - Growth Option;INF846K01354;;2160.3907;;;05-Nov-2021
112714;Axis Liquid Fund - Retail Plan - Monthly IDCW;INF846K01396;INF846K01404;1001.5526;;;05-Nov-2021
112715;Axis Liquid Fund - Retail Plan - Weekly IDCW;INF846K01370;INF846K01388;1001.0660;;;05-Nov-2021

Bandhan Mutual Fund
108692;BANDHAN LIQUID Fund - Regular Plan - Daily IDCW;INF194K01VZ4;INF194K01VY7;1001.2766;;;05-Nov-2021
108690;BANDHAN LIQUID Fund - Regular Plan - Growth;INF194K01VX9;;2521.1954;;;05-Nov-2021
108693;BANDHAN LIQUID Fund - Regular Plan - Monthly IDCW;INF194K01WF4;INF194K01WE7;1001.0688;;;05-Nov-2021
115489;BANDHAN LIQUID Fund - Regular Plan - Periodic IDCW;INF194K01WC1;INF194K01WB3;1088.4987;;;05-Nov-2021
108691;BANDHAN LIQUID Fund - Regular Plan - Weekly IDCW;INF194K01WI8;INF194K01WH0;1001.2784;;;05-Nov-2021
139582;BANDHAN LIQUID Fund - Unclaimed IDCW Less than 3 years;INF194KA14C0;;1.3501;;;05-Nov-2021
139583;BANDHAN LIQUID Fund - Unclaimed IDCW More than 3 years;INF194KA15C7;;1.0000;;;05-Nov-2021
139584;BANDHAN LIQUID Fund - Unclaimed Redemption Less than 3 years;INF194KA12C4;;1.3501;;;05-Nov-2021
139585;BANDHAN LIQUID Fund - Unclaimed Redemption More than 3 years;INF194KA13C2;;1.0000;;;05-Nov-2021
118365;BANDHAN LIQUID Fund -Direct Plan -Monthly IDCW;INF194K01J36;INF194K01J28;1007.7995;;;05-Nov-2021
118367;BANDHAN LIQUID Fund -Direct Plan -Weekly IDCW;INF194KB1JT8;INF194K01J51;1007.1544;;;05-Nov-2021
118366;BANDHAN LIQUID Fund -Direct Plan-Daily IDCW;;INF194K01I78;1001.8611;;;05-Nov-2021
118364;BANDHAN LIQUID Fund -Direct Plan-Growth;INF194K01I60;;2534.7074;;;05-Nov-2021
118363;BANDHAN LIQUID Fund -Direct Plan-Periodic IDCW;INF194K01J02;INF194K01I94;1021.1868;;;05-Nov-2021

Bank of India Mutual Fund
141887;BANK OF INDIA Liquid Fund  Unclaimed Dividend greater than  3 years;;;1000.0000;;;05-Nov-2021
141889;BANK OF INDIA Liquid Fund  Unclaimed Dividend Upto 3 years;;;1224.1313;;;05-Nov-2021
141888;BANK OF INDIA Liquid Fund  Unclaimed Redemption greater than  3 years;;;1000.0000;;;05-Nov-2021
141890;BANK OF INDIA Liquid Fund  Unclaimed Redemption Upto 3 years;;;1224.0033;;;05-Nov-2021
119368;BANK OF INDIA Liquid Fund- Direct Plan- Daily IDCW;;INF761K01CL0;1002.6483;;;05-Nov-2021
119369;BANK OF INDIA Liquid Fund- Direct Plan- Growth;INF761K01785;;2413.4011;;;05-Nov-2021
119370;BANK OF INDIA Liquid Fund- Direct Plan- Weekly IDCW;;INF761K01CM8;1062.0365;;;05-Nov-2021
111971;BANK OF INDIA Liquid Fund- Regular Plan- Daily IDCW;;INF761K01CO4;1002.1069;;;05-Nov-2021
109254;BANK OF INDIA Liquid Fund- Regular Plan- Growth;INF761K01306;;2393.7759;;;05-Nov-2021
109255;BANK OF INDIA Liquid Fund- Regular Plan- Weekly IDCW;;INF761K01CP1;1001.7639;;;05-Nov-2021

Baroda BNP Paribas Mutual Fund
119414;Baroda BNP Paribas LIQUID FUND - DIRECT PLAN - DAILY IDCW OPTION;INF955L01AK2;;1002.0849;;;05-Nov-2021
119415;Baroda BNP Paribas LIQUID FUND - DIRECT PLAN - GROWTH OPTION;INF955L01AL0;;2417.3510;;;05-Nov-2021
119416;Baroda BNP Paribas LIQUID FUND - DIRECT PLAN - WEEKLY IDCW OPTION;INF251K01SL8;;1218.8900;;;05-Nov-2021
111707;Baroda BNP Paribas LIQUID FUND - Regular Plan - DAILY IDCW OPTION;INF955L01468;INF955L01476;1001.1996;;;05-Nov-2021
111704;Baroda BNP Paribas LIQUID FUND - Regular Plan - GROWTH OPTION;INF955L01484;;2396.8909;;;05-Nov-2021
111705;Baroda BNP Paribas LIQUID FUND - Regular Plan - WEEKLY IDCW OPTION;INF251K01SK0;INF955L01500;1000.4123;;;05-Nov-2021
101408;Baroda BNP Paribas LIQUID FUND- Defunct Plan -Growth Option;INF955L01575;;3527.0157;;;05-Nov-2021
101407;Baroda BNP Paribas LIQUID FUND-Defunct Plan- IDCW Option;INF955L01559;INF955L01567;3021.8473;;;05-Nov-2021
101409;Baroda BNP Paribas LIQUID FUND-Defunct Plan-Daily IDCW Option;INF955L01518;INF955L01526;1006.0602;;;05-Nov-2021

Canara Robeco Mutual Fund
118307;CANARA ROBECO LIQUID FUND - DIRECT PLAN - DAILY IDCW (Reinvestment);;INF760K01FS0;1005.5000;;;05-Nov-2021
118305;CANARA ROBECO LIQUID FUND - DIRECT PLAN - GROWTH OPTION;INF760K01FU6;;2514.6058;;;05-Nov-2021
118304;CANARA ROBECO LIQUID FUND - DIRECT PLAN - IDCW (Payout/Reinvestment);INF760K01FT8;;1800.0965;;;05-Nov-2021
118306;CANARA ROBECO LIQUID FUND - DIRECT PLAN - MONTHLY IDCW (Payout/Reinvestment);INF760K01FV4;INF760K01FW2;1000.8514;;;05-Nov-2021
118308;CANARA ROBECO LIQUID FUND - DIRECT PLAN - WEEKLY IDCW (Payout/Reinvestment);INF760K01FY8;INF760K01FX0;1000.1972;;;05-Nov-2021
109349;CANARA ROBECO LIQUID FUND - REGULAR PLAN - DAILY IDCW (Reinvestment);;INF760K01CU3;1005.5000;;;05-Nov-2021
109353;CANARA ROBECO LIQUID FUND - REGULAR PLAN - GROWTH OPTION;INF760K01CW9;;2506.3883;;;05-Nov-2021
109351;CANARA ROBECO LIQUID FUND - REGULAR PLAN - MONTHLY IDCW (Payout/Reinvestment);INF760K01CX7;INF760K01CY5;1000.8301;;;05-Nov-2021
109350;CANARA ROBECO LIQUID FUND - REGULAR PLAN - WEEKLY IDCW (Payout/Reinvestment);INF760K01BZ4;INF760K01CZ2;1000.1962;;;05-Nov-2021
139235;Canara Robeco Liquid Fund -Unclaimed Redemption and Dividend Plan -Direct Growth Option;INF760K01IC8;;1368.8489;;;05-Nov-2021

DSP Mutual Fund
119125;DSP Liquidity Fund - Direct Plan - Growth;INF740K01QL4;;2999.2747;;;05-Nov-2021
119124;DSP Liquidity Fund - Direct Plan - IDCW - Daily;;INF740KA1OB6;1001.1382;;;05-Nov-2021
119123;DSP Liquidity Fund - Direct Plan - IDCW - Weekly;INF740KA1OC4;INF740KA1OD2;1001.7109;;;05-Nov-2021
103347;DSP Liquidity Fund - Regular Plan - Growth;INF740K01FK9;;2975.5380;;;05-Nov-2021
103348;DSP Liquidity Fund - Regular Plan - IDCW - Weekly;INF740K01FM5;INF740K01FL7;1001.6890;;;05-Nov-2021
103349;DSP Liquidity Fund- Regular Plan - IDCW - Daily;;INF740KA1OE0;1001.1326;;;05-Nov-2021

Edelweiss Mutual Fund
140194;Edelweiss Liquid Fund - Direct Plan - Bonus Option;INF754K01GY9;;1575.7074;;;05-Nov-2021
140196;Edelweiss Liquid Fund - Direct Plan - Growth Option;INF754K01GM4;;2708.4072;;;05-Nov-2021
140198;Edelweiss Liquid Fund - Direct Plan - IDCW Option;INF754K01GO0;INF754K01GN2;2708.4209;;;05-Nov-2021
140192;Edelweiss Liquid Fund - Direct Plan Annual - IDCW Option;INF754K01GX1;INF754K01GT9;2708.399;;;05-Nov-2021
140193;Edelweiss Liquid Fund - Direct Plan daily - IDCW Option;;INF754K01GP7;1002.9603;;;05-Nov-2021
140199;Edelweiss Liquid Fund - Direct Plan Fortnightly - IDCW Option;INF754K01GV5;INF754K01GR3;2172.5045;;;05-Nov-2021
140197;Edelweiss Liquid Fund - Direct Plan Monthly - IDCW Option;INF754K01GW3;INF754K01GS1;1005.3411;;;05-Nov-2021
140195;Edelweiss Liquid Fund - Direct Plan weekly - IDCW Option;INF754K01GU7;INF754K01GQ5;2172.2942;;;05-Nov-2021
140189;Edelweiss Liquid Fund - Regular Plan - Bonus Option;INF754K01HR1;;1557.4056;;;05-Nov-2021
140182;Edelweiss Liquid Fund - Regular Plan - Growth Option;INF754K01GZ6;;2673.6214;;;05-Nov-2021
140190;Edelweiss Liquid Fund - Regular Plan - IDCW Option;INF754K01GK8;INF754K01GL6;2673.625;;;05-Nov-2021
140188;Edelweiss Liquid Fund - Regular Plan Annual - IDCW Option;INF754K01HQ3;INF754K01HP5;1849.9218;;;05-Nov-2021
140181;Edelweiss Liquid Fund - Regular Plan Daily - IDCW Option;;INF754K01HA7;1003.3974;;;05-Nov-2021
140184;Edelweiss Liquid Fund - Regular Plan Fortnightly - IDCW Option;INF754K01HK6;INF754K01HC3;2154.3411;;;05-Nov-2021
140183;Edelweiss Liquid Fund - Regular Plan Monthly - IDCW Option;INF754K01HL4;INF754K01HD1;1005.0339;;;05-Nov-2021
140185;Edelweiss Liquid Fund - Regular Plan Weekly - IDCW Option;INF754K01HJ8;INF754K01HB5;1018.3433;;;05-Nov-2021
140176;Edelweiss Liquid Fund - Retail Plan - Growth Option;INF754K01HE9;;2431.4721;;;05-Nov-2021
140178;Edelweiss Liquid Fund - Retail Plan - Weekly Dividend Option;;INF754K01HG4;1230.7416;;;05-Nov-2021
140177;Edelweiss Liquid Fund - Retail Plan Daily - IDCW Option;;INF754K01HF6;1003.1709;;;05-Nov-2021
140180;Edelweiss Liquid Fund - Retail Plan Monthly - IDCW Option;;INF754K01HI0;1244.6204;;;05-Nov-2021
141159;Edelweiss Liquid Fund - Unclaimed Dividend Plan- Above 3 years;;;1000;;;05-Nov-2021
141161;Edelweiss Liquid Fund - Unclaimed Dividend Plan- Upto 3 years;;;1295.1464;;;05-Nov-2021
141162;Edelweiss Liquid Fund - Unclaimed Redemption Plan- Above 3 years;;;1000;;;05-Nov-2021
141160;Edelweiss Liquid Fund - Unclaimed Redemption Plan- Upto 3 years;;;1295.1564;;;05-Nov-2021

Franklin Templeton Mutual Fund
100538;Franklin India Liquid Fund - Regular Plan - Growth;INF090I01BB1;;4831.0122;;;05-Nov-2021
118577;Franklin India Liquid Fund - Super Institutional - Direct - Growth;INF090I01JV2;;3152.8452;;;05-Nov-2021
100546;Franklin India Liquid Fund - Super Institutional Plan - Growth;INF090I01BG0;;3135.1966;;;05-Nov-2021

Groww Mutual Fund
119135;Groww Liquid Fund ( formerly known as Indiabulls Liquid )Fund - Direct Plan - Growth Option;INF666M01451;;2042.401;;;05-Nov-2021
119136;Groww Liquid Fund (formerly known as Indiabulls Liquid Fund) - Direct Plan- - Income Distribution cum capital withdrawal Option ( Reinvestment);;INF666M01469;1001.06;;;05-Nov-2021
115991;Groww Liquid Fund (formerly known as Indiabulls Liquid Fund) - Regular Plan - Growth Option;INF666M01014;;2024.7599;;;05-Nov-2021
119138;Groww Liquid Fund (formerly known as Indiabulls Liquid Fund)- Direct Plan- Fortnightly - Income Distribution cum capital withdrawal Option (Payout & Reinvestment);INF666M01501;INF666M01485;1001.4379;;;05-Nov-2021
119139;Groww Liquid Fund (formerly known as Indiabulls Liquid Fund)- Direct Plan- Monthly - Income Distribution cum capital withdrawal Option (Payout & Reinvestment);INF666M01519;INF666M01493;1029.7422;;;05-Nov-2021
119137;Groww Liquid Fund (formerly known as Indiabulls Liquid Fund)- Direct Plan- Weekly - Income Distribution cum capital withdrawal Option (Payout & Reinvestment);INF666M01527;INF666M01477;1000.9064;;;05-Nov-2021
115992;Groww Liquid Fund (formerly known as Indiabulls Liquid Fund)- Regular Plan- - Income Distribution cum capital withdrawal Option (Reinvestment);;INF666M01022;1001.1451;;;05-Nov-2021
115995;Groww Liquid Fund (formerly known as Indiabulls Liquid Fund)- Regular Plan- Monthly - Income Distribution cum capital withdrawal Option (Payout & Reinvestment);INF666M01071;INF666M01055;1001.2319;;;05-Nov-2021
115993;Groww Liquid Fund (formerly known as Indiabulls Liquid Fund)- Regular Plan- Weekly - Income Distribution cum capital withdrawal Option (Payout & Reinvestment);INF666M01089;INF666M01030;1001.9666;;;05-Nov-2021
115994;Groww Liquid Fund (formerly known as Indiabulls Liquid) Fund- Regular Plan- Fortnightly - Income Distribution cum capital withdrawal Option (Payout & Reinvestment);INF666M01063;INF666M01048;1001.3339;;;05-Nov-2021
147937;Indiabulls Liquid Fund - Direct Plan- Growth -Unclaimed Redemption < 3 Yrs;;;2042.8191;;;05-Nov-2021
147939;Indiabulls Liquid Fund - Direct Plan- Growth- Unclaimed Redemption> 3Yrs;;;2043.0283;;;05-Nov-2021
147938;Indiabulls Liquid Fund- Direct Plan-Growth- Unclaimed Dividend < 3 Yrs;;;2031.4286;;;05-Nov-2021
147940;Indiabulls Liquid Fund-Direct Plan- Growth- Unclaimed Dividend > 3 Yrs;;;2042.7658;;;05-Nov-2021

HDFC Mutual Fund
119091;HDFC Liquid Fund - Growth Option - Direct Plan;INF179KB1HP9;;4124.8079;;;05-Nov-2021
100868;HDFC Liquid Fund - Growth Plan;INF179KB1HK0;;4093.9729;;;05-Nov-2021

ICICI Prudential Mutual Fund
120197;ICICI Prudential Liquid Fund - Direct Plan - Growth;INF109K01Q49;;310.76;;;05-Nov-2021
103340;ICICI Prudential Liquid Fund - Growth;INF109K01VQ1;;308.8108;;;05-Nov-2021

IDBI Mutual Fund
126163;IDBI Liquid Fund Bonus Direct;INF397L01FP5;;1691.6781;;;05-Nov-2021
118345;IDBI Liquid Fund Growth Direct;INF397L01AH3;;2257.9562;;;05-Nov-2021
113104;IDBI Liquid Fund- Monthly IDCW;INF397L01976;INF397L01968;1004.6486;;;05-Nov-2021
118449;IDBI Liquid Fund- Monthly IDCW Direct;INF397L01AK7;INF397L01AJ9;1003.1020;;;05-Nov-2021
113102;IDBI Liquid Fund-Daily IDCW;;INF397L01935;1005.2683;;;05-Nov-2021
118450;IDBI Liquid Fund-Daily IDCW Direct;;INF397L01AI1;1002.3548;;;05-Nov-2021
113096;IDBI Liquid Fund-Growth;INF397L01984;;2240.0612;;;05-Nov-2021
113103;IDBI Liquid Fund-Weekly IDCW;INF397L01950;INF397L01943;1023.5153;;;05-Nov-2021
118451;IDBI Liquid Fund-Weekly IDCW Direct;INF397L01AM3;INF397L01AL5;1004.2447;;;05-Nov-2021

Invesco Mutual Fund
122786;Invesco India Liquid Fund - Bonus Option;INF205K01UX5;;2866.3893;;;05-Nov-2021
104484;Invesco India Liquid Fund - Daily IDCW (Reinvestment);;INF205K01HN3;1002.7594;;;05-Nov-2021
120537;Invesco India Liquid Fund - Direct Plan - Growth;INF205K01MF9;;2881.6119;;;05-Nov-2021
120536;Invesco India Liquid Fund - Direct Plan - Monthly IDCW (Payout / Reinvestment);INF205K01MG7;INF205K01MH5;1050.6252;;;05-Nov-2021
120535;Invesco India Liquid Fund - Direct Plan - Weekly IDCW (Reinvestment);INF205KA1BE5;INF205K01MI3;1000.9492;;;05-Nov-2021
120534;Invesco India Liquid Fund - Direct Plan- Daily IDCW (Reinvestment);;INF205K01ME2;1000.9596;;;05-Nov-2021
104486;Invesco India Liquid Fund - Growth;INF205K01HM5;;2864.2668;;;05-Nov-2021
104492;Invesco India Liquid Fund - Monthly IDCW (Payout / Reinvestment);INF205K01HQ6;INF205K01HP8;1003.7202;;;05-Nov-2021
104488;Invesco India Liquid Fund - Regular - Growth;INF205K01HG7;;2585.9007;;;05-Nov-2021
104489;Invesco India Liquid Fund - Regular - Weekly IDCW (Reinvestment);;INF205K01HH5;1002.2758;;;05-Nov-2021
139390;Invesco India Liquid Fund - Unclaimed Dividend Plan - Above 3 Years;;;1000;;;05-Nov-2021
139389;Invesco India Liquid Fund - Unclaimed Dividend Plan - Below 3 Years;;;1365.6769;;;05-Nov-2021
139388;Invesco India Liquid Fund - Unclaimed Redemption Plan - Above 3 Years;;;1000;;;05-Nov-2021
139387;Invesco India Liquid Fund - Unclaimed Redemption Plan - Below 3 years;;;1365.5693;;;05-Nov-2021
104485;Invesco India Liquid Fund - Weekly IDCW (Reinvestment);INF205KA1BD7;INF205K01HO1;1003.601;;;05-Nov-2021

ITI Mutual Fund
147161;ITI Liquid Fund - Direct Plan - Annually IDCW Option;INF00XX01366;INF00XX01333;1100.5750;;;05-Nov-2021
147158;ITI Liquid Fund - Direct Plan - Daily IDCW Option;;INF00XX01291;1001.3233;;;05-Nov-2021
147157;ITI Liquid Fund - Direct Plan - Growth Option;INF00XX01283;;1100.1458;;;05-Nov-2021
147163;ITI Liquid Fund - Direct Plan - Monthly IDCW Option;INF00XX01358;INF00XX01325;1001.8970;;;05-Nov-2021
147159;ITI Liquid Fund - Direct Plan - Weekly IDCW Option;;INF00XX01309;1001.2905;;;05-Nov-2021
147162;ITI Liquid Fund - Regular Plan - Annually IDCW Option;INF00XX01275;INF00XX01242;1099.1672;;;05-Nov-2021
147154;ITI Liquid Fund - Regular Plan - Daily IDCW Option;;INF00XX01200;1001.0000;;;05-Nov-2021
147155;ITI Liquid Fund - Regular Plan - Fortnightly Income Distribution cum capital withdrawal option Option;INF00XX01259;INF00XX01226;1025.0052;;;05-Nov-2021
147153;ITI Liquid Fund - Regular Plan - Growth Option;INF00XX01192;;1097.0780;;;05-Nov-2021
147156;ITI Liquid Fund - Regular Plan - Monthly IDCW Option;INF00XX01267;INF00XX01234;1001.8735;;;05-Nov-2021
147164;ITI Liquid Fund - Regular Plan - Weekly IDCW Option;;INF00XX01218;1001.2842;;;05-Nov-2021

L&T Mutual Fund
122235;L&T Liquid Fund - Direct Plan - Weekly IDCW;;INF917K01HE2;1001.3505;;;05-Nov-2021
119791;L&T Liquid Fund - Direct Plan -Daily IDCW;INF917K01HG7;;1014.5527;;;05-Nov-2021
119790;L&T Liquid Fund - Direct Plan -Growth;INF917K01HF9;;2873.7486;;;05-Nov-2021
112458;L&T Liquid Fund - Regular Plan - Weekly IDCW;INF917K01BK2;INF917K01JG3;1003.1143;;;05-Nov-2021
112445;L&T Liquid Fund -Regular Plan - Daily IDCW;INF917K01JB4;;1011.9786;;;05-Nov-2021
112457;L&T Liquid Fund -Regular Plan - Growth;INF917K01JH1;;2859.8584;;;05-Nov-2021

LIC Mutual Fund
120248;LIC MF Liquid Fund-Direct Plan-Daily IDCW;INF767K01DL5;INF767K01DM3;1013.6;;;05-Nov-2021
120249;LIC MF Liquid Fund-Direct Plan-Growth;INF767K01DN1;;3811.5679;;;05-Nov-2021
101184;LIC MF Liquid Fund-Regular Plan-Daily IDCW;INF767K01IQ3;INF767K01IR1;1000.1;;;05-Nov-2021
101185;LIC MF Liquid Fund-Regular Plan-Growth;INF767K01IS9;;3773.706;;;05-Nov-2021

Mahindra Manulife Mutual Fund
139535;Mahindra Manulife Liquid Fund - Direct Plan - Daily IDCW;;INF174V01051;1000.7802;;;05-Nov-2021
139536;Mahindra Manulife Liquid Fund - Direct Plan - Weekly IDCW;;INF174V01069;1003.3577;;;05-Nov-2021
139538;Mahindra Manulife Liquid Fund - Direct Plan -Growth;INF174V01044;;1364.1160;;;05-Nov-2021
139534;Mahindra Manulife Liquid Fund - Regular Plan - Daily IDCW;;INF174V01028;1000.7714;;;05-Nov-2021
139537;Mahindra Manulife Liquid Fund - Regular Plan - Growth;INF174V01010;;1355.1136;;;05-Nov-2021
139541;Mahindra Manulife Liquid Fund - Regular Plan - Weekly IDCW;;INF174V01036;1009.7628;;;05-Nov-2021
139540;Mahindra Manulife Liquid Fund - Unclaimed Redemption / IDCW Beyond 3 years;;;1000.0000;;;05-Nov-2021
139539;Mahindra Manulife Liquid Fund - Unclaimed Redemption / IDCW Upto three years;;;1215.5497;;;05-Nov-2021

Nippon India Mutual Fund
100852;NIPPON INDIA LIQUID FUND - DAILY IDCW OPTION;;INF204K01UM1;1529.0592;;;05-Nov-2021
118695;NIPPON INDIA LIQUID FUND - DIRECT Plan - DAILY IDCW OPTION;;INF204K01ZG2;1529.0705;;;05-Nov-2021
118696;NIPPON INDIA LIQUID FUND - DIRECT Plan - MONTHLY IDCW OPTION;INF204K01ZI8;INF204K01ZJ6;1588.6887;;;05-Nov-2021
118698;NIPPON INDIA LIQUID FUND - DIRECT Plan - QUARTERLY IDCW OPTION;INF204K01ZK4;INF204K01ZL2;1007.6497;;;05-Nov-2021
118700;NIPPON INDIA LIQUID FUND - DIRECT Plan - WEEKLY IDCW OPTION;INF204KC1FN6;INF204K01ZM0;1531.4383;;;05-Nov-2021
118701;Nippon India Liquid Fund - Direct Plan Growth Plan - Growth Option;INF204K01ZH0;;5131.9478;;;05-Nov-2021
100855;NIPPON INDIA LIQUID FUND - MONTHLY IDCW OPTION;INF204K01UO7;INF204K01UP4;1585.3151;;;05-Nov-2021
112340;NIPPON INDIA LIQUID FUND - QUARTERLY IDCW OPTION;INF204K01UQ2;INF204K01UR0;1005.7418;;;05-Nov-2021
100837;Nippon India Liquid Fund - Retail Option - Growth Plan;INF204K01UL3;;4607.4748;;;05-Nov-2021
100842;NIPPON INDIA LIQUID FUND - RETAIL Plan - DAILY IDCW OPTION;;INF204K01UJ7;1524.5459;;;05-Nov-2021
100843;NIPPON INDIA LIQUID FUND - RETAIL plan - MONTHLY IDCW OPTION;INF204K01UT6;INF204K01UU4;1327.4573;;;05-Nov-2021
100844;NIPPON INDIA LIQUID FUND - RETAIL Plan - QUARTERLY IDCW OPTION;INF204K01UV2;INF204K01UW0;1216.9734;;;05-Nov-2021
100838;NIPPON INDIA LIQUID FUND - RETAIL Plan - WEEKLY IDCW OPTION;;INF204K01UK5;1034.7873;;;05-Nov-2021
100853;NIPPON INDIA LIQUID FUND - WEEKLY IDCW OPTION;INF204KC1FM8;INF204K01US8;1531.3988;;;05-Nov-2021
100851;Nippon India Liquid Fund -Growth Plan;INF204K01UN9;;5091.8291;;;05-Nov-2021

PGIM India Mutual Fund
139603;PGIM India Insta Cash Fund - Unclaimed Dividend Plan - Below 3 years;;;133.0364;;;05-Nov-2021
139604;PGIM India Insta Cash Fund - Unclaimed Redemption Plan - Above 3 years;;;100;;;05-Nov-2021
139605;PGIM India Insta Cash Fund - Unclamied Dividend Plan - Above 3 years;;;100;;;05-Nov-2021
139602;PGIM India Insta Cash Fund - Unlcaimed Redemption Plan - Below 3 years;;;132.9425;;;05-Nov-2021
138286;PGIM India Liquid Fund - Bonus Option;INF223J01BQ4;;185.5575;;;05-Nov-2021
138285;PGIM India Liquid Fund - Daily Dividend;;INF223J01BO9;100.304;;;05-Nov-2021
138297;PGIM India Liquid Fund - Direct Plan - Daily Dividend;INF223J01NR7;;106.1818;;;05-Nov-2021
138299;PGIM India Liquid Fund - Direct Plan - Growth;INF223J01NS5;;273.4337;;;05-Nov-2021
138298;PGIM India Liquid Fund - Direct Plan - Monthly Dividend;INF223J01NT3;INF223J01NU1;107.7445;;;05-Nov-2021
138301;PGIM India Liquid Fund - Direct Plan - Weekly Dividend;INF223J01NV9;INF223J01NW7;100.5262;;;05-Nov-2021
138288;PGIM India Liquid Fund - Growth;INF223J01BP6;;271.4248;;;05-Nov-2021
138287;PGIM India Liquid Fund - Monthly Dividend;INF223J01BL5;;108.5101;;;05-Nov-2021
138289;PGIM India Liquid Fund - Weekly Dividend;INF223J01BU6;;100.5256;;;05-Nov-2021

Principal Mutual Fund
100895;Principal Cash Management Fund - Daily Income Distribution CUM Capital Withdrawal;;INF173K01DB7;1001.0805;;;05-Nov-2021
119468;Principal Cash Management Fund - Direct Plan - Growth Option;INF173K01GU0;;1852.6115;;;05-Nov-2021
119467;Principal Cash Management Fund - Direct Plan - Income Distribution CUM Capital Withdrawal Option - Daily;;INF173K01GT2;1000.8323;;;05-Nov-2021
119469;Principal Cash Management Fund - Direct Plan - Income Distribution CUM Capital Withdrawal Option - Weekly;;INF173K01GY2;1007.5946;;;05-Nov-2021
100897;Principal Cash Management Fund - Monthly Income Distribution CUM Capital Withdrawal Option;INF173K01BV9;INF173K01BW7;1024.5726;;;05-Nov-2021
100896;Principal Cash Management Fund - Weekly Income Distribution CUM Capital Withdrawal Option;;INF173K01DC5;1007.1222;;;05-Nov-2021
119466;Principal Cash Management Fund -Direct Plan - Income Distribution CUM Capital Withdrawal Option - Monthly;INF173K01GV8;INF173K01GW6;1024.6397;;;05-Nov-2021
100898;Principal Cash Management Fund -Growth Option;INF173K01DA9;;1840.6470;;;05-Nov-2021

Quantum Mutual Fund
103736;Quantum Liquid Fund - Direct Plan Daily IDCW;;INF082J01135;10.0136;;;05-Nov-2021
103734;Quantum Liquid Fund - Direct Plan Growth Option;INF082J01127;;28.3144;;;05-Nov-2021
103735;Quantum Liquid Fund - Direct Plan Monthly IDCW;INF082J01143;INF082J01200;10.0164;;;05-Nov-2021
141065;Quantum Liquid Fund - Regular Plan Daily IDCW;;INF082J01317;10.0010;;;05-Nov-2021
141066;Quantum Liquid Fund - Regular Plan Growth Option;INF082J01309;;28.2195;;;05-Nov-2021
141067;Quantum Liquid Fund - Regular Plan Monthly IDCW;INF082J01325;INF082J01333;10.0132;;;05-Nov-2021

SBI Mutual Fund
119804;SBI Liquid Fund - Direct Paln - Fortnightly Income Distribution cum Capital Withdrawal Option (IDCW);INF200K01UR8;INF200K01US6;1072.8625;;;05-Nov-2021
119805;SBI Liquid Fund - Direct Plan - Daily Income Distribution cum Capital Withdrawal Option (IDCW);;INF200K01UQ0;1060.1790;;;05-Nov-2021
119799;SBI Liquid Fund - Direct Plan - Weekly Income Distribution cum Capital Withdrawal Option (IDCW);INF200K01UU2;INF200K01UV0;1122.1067;;;05-Nov-2021
119800;SBI Liquid Fund - DIRECT PLAN -Growth;INF200K01UT4;;3285.4420;;;05-Nov-2021
105274;SBI Liquid Fund - Institutional - Growth;INF200K01LU1;;3295.5729;;;05-Nov-2021
105275;SBI Liquid Fund - Institutional Daily Income Distribution cum Capital Withdrawal Option (IDCW);;INF200K01LR7;1058.7411;;;05-Nov-2021
105279;SBI Liquid Fund - Institutional Fortnightly Income Distribution cum Capital Withdrawal Option (IDCW);INF200K01LS5;INF200K01LT3;1083.3608;;;05-Nov-2021
105281;SBI Liquid Fund - Regular Plan - Daily Income Distribution cum Capital Withdrawal Option (IDCW);;INF200K01LX5;1058.7347;;;05-Nov-2021
105283;SBI Liquid Fund - Regular Plan - Fortnightly Income Distribution cum Capital Withdrawal Option (IDCW);INF200K01LY3;INF200K01LZ0;1071.4170;;;05-Nov-2021
105282;SBI Liquid Fund - Regular Plan - Weekly Income Distribution cum Capital Withdrawal Option (IDCW);INF200K01MB9;INF200K01MC7;1120.5775;;;05-Nov-2021
105280;SBI Liquid Fund - REGULAR PLAN -Growth;INF200K01MA1;;3264.7154;;;05-Nov-2021

Sundaram Mutual Fund
119690;Sundaram Money Fund Direct Plan - Bonus;INF903J01RL8;;15.8412;;;05-Nov-2021
119688;Sundaram Money Fund Direct Plan - Daily Reinvestment of Income Distribution cum Capital Withdrawal (IDCW);;INF903J01QA3;10.1045;;;05-Nov-2021
119692;Sundaram Money Fund Direct Plan - Fortnightly Reinvestment of Income Distribution cum Capital Withdrawal (IDCW);;INF903J01QB1;26.3752;;;05-Nov-2021
119686;Sundaram Money Fund Direct Plan - Growth;INF903J01QF2;;44.2652;;;05-Nov-2021
119687;Sundaram Money Fund Direct Plan - Monthly Income Distribution cum Capital Withdrawal (IDCW);INF903J01QC9;INF903J01QD7;10.7949;;;05-Nov-2021
119689;Sundaram Money Fund Direct Plan - Quarterly Reinvestment of Income Distribution cum Capital Withdrawal (IDCW);;INF903J01QE5;40.2745;;;05-Nov-2021
119691;Sundaram Money Fund Direct Plan - Weekly Reinvestment of Income Distribution cum Capital Withdrawal (IDCW);;INF903J01QG0;12.0673;;;05-Nov-2021
102701;Sundaram Money Fund Institutional Plan - Daily Reinvestment of Income Distribution cum Capital Withdrawal (IDCW);;INF903J01GP2;10.0973;;;05-Nov-2021
118328;Sundaram Money Fund Regular Plan - Bonus;INF903J01MB0;;15.7128;;;05-Nov-2021
103392;Sundaram Money Fund Regular Plan - Daily Reinvestment of Income Distribution cum Capital Withdrawal (IDCW);;INF903J01GW8;10.0973;;;05-Nov-2021
103395;Sundaram Money Fund Regular Plan - Fortnightly Reinvestment of Income Distribution cum Capital Withdrawal (IDCW);;INF903J01GY4;11.1569;;;05-Nov-2021
103397;Sundaram Money Fund Regular Plan - Growth;INF903J01GU2;;43.9571;;;05-Nov-2021
103396;Sundaram Money Fund Regular Plan - Monthly Income Distribution cum Capital Withdrawal (IDCW);INF903J01GV0;INF903J01GZ1;10.6510;;;05-Nov-2021
103393;Sundaram Money Fund Regular Plan - Quarterly Reinvestment of Income Distribution cum Capital Withdrawal (IDCW);;INF903J01HA2;40.0393;;;05-Nov-2021
100620;Sundaram Money Fund Retail Plan - Daily Reinvestment of Income Distribution cum Capital Withdrawal (IDCW);;INF903J01GI7;10.0973;;;05-Nov-2021
100622;Sundaram Money Fund Retail Plan - Fortnightly Reinvestment of Income Distribution cum Capital Withdrawal (IDCW);;INF903J01GK3;11.1420;;;05-Nov-2021
100618;Sundaram Money Fund Retail Plan - Growth;INF903J01GG1;;41.0803;;;05-Nov-2021
100623;Sundaram Money Fund Retail Plan - Monthly Income Distribution cum Capital Withdrawal (IDCW);INF903J01GH9;INF903J01GL1;10.2948;;;05-Nov-2021
100619;Sundaram Money Fund Retail Plan - Quarterly Reinvestment of Income Distribution cum Capital Withdrawal (IDCW);;INF903J01GM9;12.4798;;;05-Nov-2021
100621;Sundaram Money Fund Retail Plan - Weekly Reinvestment of Income Distribution cum Capital Withdrawal (IDCW);;INF903J01GJ5;11.9978;;;05-Nov-2021
140006;Sundaram Money Fund Unclaimed Amount Plan - Unclaimed Dividend Less Than Three Years;INF903JA1567;;13.1297;;;05-Nov-2021
140005;Sundaram Money Fund Unclaimed Amount Plan - Unclaimed Dividend More Than Three Years;INF903JA1575;;10.0000;;;05-Nov-2021
140003;Sundaram Money Fund Unclaimed Amount Plan - Unclaimed Redemption Less Than Three Years;INF903JA1542;;13.1399;;;05-Nov-2021
140004;Sundaram Money Fund Unclaimed Amount Plan - Unclaimed Redemption More Than Three Years;INF903JA1559;;10.0000;;;05-Nov-2021
103394;Sundaram Money Fund Regular Plan - Weekly Reinvestment of Income Distribution cum Capital Withdrawal (IDCW);;INF903J01GX6;12.0427;;;05-Nov-2021

Tata Mutual Fund
102672;Tata Liquid Fund -Regular Plan - Growth Option;INF277K01YD8;;3285.9964;;;05-Nov-2021
119862;Tata Liquid Fund- Direct Plan - Daily Reinvestment of IDCW Option;;INF277K012D2;1001.5187;;;05-Nov-2021
119861;Tata Liquid Fund- Direct Plan-Growth Option;INF277K01YE6;;3311.5474;;;05-Nov-2021
101714;Tata Liquid Fund- Regular Plan - Daily Reinvestment of IDCW Option;;INF277K011D4;1001.5157;;;05-Nov-2021

Union Mutual Fund
115401;Union Liquid Fund - Daily IDCW Option;;INF582M01021;1000.7927;;;05-Nov-2021
119301;Union Liquid Fund - Direct Plan - Daily IDCW Option;;INF582M01682;1000.7927;;;05-Nov-2021
119305;Union Liquid Fund - Direct Plan - Fortnightly IDCW Option;INF582M01724;INF582M01708;1001.6301;;;05-Nov-2021
119303;Union Liquid Fund - Direct Plan - Growth Option;INF582M01674;;2021.6912;;;05-Nov-2021
119302;Union Liquid Fund - Direct Plan - Monthly IDCW Option;INF582M01732;INF582M01716;1001.6289;;;05-Nov-2021
119304;Union Liquid Fund - Direct Plan - Weekly IDCW Option;;INF582M01690;1001.0876;;;05-Nov-2021
115399;Union Liquid Fund - Fortnightly IDCW Option;INF582M01062;INF582M01047;1001.6047;;;05-Nov-2021
115398;Union Liquid Fund - Growth Option;INF582M01013;;2004.3836;;;05-Nov-2021
115400;Union Liquid Fund - Monthly IDCW Option;INF582M01070;INF582M01054;1001.6008;;;05-Nov-2021
142345;Union Liquid Fund - Unclaimed Amounts Plan - IDCW Beyond 3 years;;;1000.0000;;;05-Nov-2021
142344;Union Liquid Fund - Unclaimed Amounts Plan - IDCW Upto 3 years;;;1165.0802;;;05-Nov-2021
142343;Union Liquid Fund - Unclaimed Amounts Plan - Redemption Beyond 3 years;;;1000.0000;;;05-Nov-2021
142342;Union Liquid Fund - Unclaimed Amounts Plan - Redemption Upto 3 years;;;1164.7924;;;05-Nov-2021
115402;Union Liquid Fund - Weekly IDCW Option;;INF582M01039;1001.2839;;;05-Nov-2021

UTI Mutual Fund
134427;UTI Liquid Fund - Direct Plan - Annual IDCW;INF789FA1K63;INF789FA1K71;1511.8577;;;05-Nov-2021
120558;UTI Liquid Fund - Direct Plan - Daily IDCW (Reinvestment);;INF789F01XP8;1027.8443;;;05-Nov-2021
141768;UTI Liquid Fund - Direct Plan - Flexi IDCW;INF789FA1K89;INF789FA1K97;1245.234;;;05-Nov-2021
140913;UTI Liquid Fund - Direct Plan - Fortnightly IDCW;INF789FA1K06;INF789FA1K14;1156.0172;;;05-Nov-2021
140504;UTI Liquid Fund - Direct Plan - Half-Yearly IDCW;INF789FA1K48;INF789FA1K55;1180.9603;;;05-Nov-2021
120794;UTI Liquid Fund - Direct Plan - Monthly IDCW;INF789F01XR4;INF789F01XS2;1029.9756;;;05-Nov-2021
140024;UTI Liquid Fund - Direct Plan - Quarterly IDCW;INF789FA1K22;INF789FA1K30;1427.8458;;;05-Nov-2021
120777;UTI Liquid Fund - Direct Plan - Weekly IDCW;;INF789F01XT0;1067.5152;;;05-Nov-2021
133973;UTI Liquid Fund - Regular Plan - Annual IDCW;INF789FA1J66;INF789FA1J74;1507.171;;;05-Nov-2021
102010;UTI Liquid Fund - Regular Plan - Daily IDCW (Reinvestment);;INF789F01PG3;1066.033;;;05-Nov-2021
140517;UTI Liquid Fund - Regular Plan - Flexi IDCW;INF789FA1J82;INF789FA1J90;1242.1779;;;05-Nov-2021
139838;UTI Liquid Fund - Regular Plan - Fortnightly IDCW;INF789FA1J09;INF789FA1J17;1155.1651;;;05-Nov-2021
144475;UTI Liquid Fund - Regular Plan - Half-Yearly IDCW;INF789FA1J41;INF789FA1J58;1049.2938;;;05-Nov-2021
102011;UTI Liquid Fund - Regular Plan - Monthly IDCW;INF789F01PI9;INF789F01PJ7;1030.2336;;;05-Nov-2021
135721;UTI Liquid Fund - Regular Plan - Quarterly IDCW;INF789FA1J25;INF789FA1J33;1423.1025;;;05-Nov-2021
102013;UTI Liquid Fund - Regular Plan - Weekly IDCW;;INF789F01PK5;1053.0968;;;05-Nov-2021
120304;UTI-  Liquid Cash Plan - Direct Plan - Growth Option;INF789F01XQ6;;3437.702;;;05-Nov-2021
102012;UTI-  Liquid Cash Plan - Regular Plan - Growth Option;INF789F01PH1;;3418.0787;;;05-Nov-2021
102008;UTI-  Liquid Cash Plan- Discontinued - Regular Plan - Monthly Dividend Option;INF789F01BC2;INF789F01BA6;1107.9721;;;05-Nov-2021
102009;UTI-  Liquid Cash Plan- Discontinued - Regular Plan -Growth;INF789F01BB4;;3150.592;;;05-Nov-2021
102007;UTI-  Liquid Cash Plan- Discontinued -Regular Plan Periodic Dividend Option;;INF789F01AZ5;1132.0535;;;05-Nov-2021

Close Ended Schemes ( Income )


SBI Mutual Fund
146547;SBI Capital Protection Oriented Fund - Series A (Plan 1) - Direct Plan - Growth;INF200KA1ZR1;;12.7448;;;05-Nov-2021
146546;SBI Capital Protection Oriented Fund - Series A (Plan 1) - Regular Plan - Growth;INF200KA1ZQ3;;12.5792;;;05-Nov-2021
146704;SBI Capital Protection Oriented Fund - Series A (Plan 2) - Direct Plan - Growth;INF200KA1B96;;12.7142;;;05-Nov-2021
146705;SBI Capital Protection Oriented Fund - Series A (Plan 2) - Regular Plan - Growth;INF200KA1B88;;12.5178;;;05-Nov-2021
147242;SBI Capital Protection Oriented Fund - Series A (Plan 3) - Direct Plan - Growth;INF200KA1E51;;12.7596;;;05-Nov-2021
147240;SBI Capital Protection Oriented Fund - Series A (Plan 3) - Regular Plan - Growth;INF200KA1E44;;12.5859;;;05-Nov-2021
147359;SBI Capital Protection Oriented Fund - Series A (Plan 4) - Direct Plan - Growth;INF200KA1G34;;12.7075;;;05-Nov-2021
147360;SBI Capital Protection Oriented Fund - Series A (Plan 4) - Regular Plan - Growth;INF200KA1G26;;12.5432;;;05-Nov-2021
147631;SBI Capital Protection Oriented Fund - Series A (Plan 5) - Direct Plan - Growth;INF200KA1K12;;12.5072;;;05-Nov-2021
147632;SBI Capital Protection Oriented Fund - Series A (Plan 5) - Regular Plan - Growth;INF200KA1K04;;12.3438;;;05-Nov-2021
147644;SBI Capital Protection Oriented Fund - Series A (Plan 6) - Direct Plan - Growth;INF200KA1K87;;12.3346;;;05-Nov-2021
147643;SBI Capital Protection Oriented Fund - Series A (Plan 6) - Regular Plan - Growth;INF200KA1K79;;12.1708;;;05-Nov-2021
147942;SBI Capital Protection Oriented Fund - Series A (Plan 7) - Direct Plan - Growth;INF200KA1O67;;11.8729;;;05-Nov-2021
147941;SBI Capital Protection Oriented Fund - Series A (Plan 7) - Regular Plan - Growth;INF200KA1O59;;11.7238;;;05-Nov-2021
148172;SBI Capital Protection Oriented Fund - Series A (Plan 8) - Direct Plan - Growth;INF200KA1P25;;12.1738;;;05-Nov-2021
148171;SBI Capital Protection Oriented Fund - Series A (Plan 8) - Regular Plan - Growth;INF200KA1P17;;12.0313;;;05-Nov-2021
145373;SBI Debt Fund Series - C - 27 (391 Days) - Direct Plan - Income Distribution cum Capital Withdrawal Option (IDCW);INF200KA12G0;;12.9842;;;05-Nov-2021
145374;SBI Debt Fund Series - C - 27 (391 Days) - Regular Plan - Income Distribution cum Capital Withdrawal Option (IDCW);INF200KA10G4;;12.8710;;;05-Nov-2021
145372;SBI Debt Fund Series C - 27 - (391 Days) - Direct Plan - Growth;INF200KA11G2;;12.9842;;;05-Nov-2021
145371;SBI Debt Fund Series C - 27 - (391 Days) - Regular Plan - Growth;INF200KA19F7;;12.8711;;;05-Nov-2021
145497;SBI Debt Fund Series - C - 28 (386 Days) - Direct Plan - Income Distribution cum Capital Withdrawal Option (IDCW);INF200KA16G1;;12.8276;;;05-Nov-2021
145498;SBI Debt Fund Series - C - 28 (386 Days) - Regular Plan - Income Distribution cum Capital Withdrawal Option (IDCW);INF200KA14G6;;12.7035;;;05-Nov-2021
145499;SBI Debt Fund Series C - 28 - (386 Days) - Direct Plan - Growth;INF200KA15G3;;12.8237;;;05-Nov-2021
145500;SBI Debt Fund Series C - 28 - (386 Days) - Regular Plan - Growth;INF200KA13G8;;12.7036;;;05-Nov-2021
145645;SBI Debt Fund Series - C - 30 (385 Days) - Direct Plan - Income Distribution cum Capital Withdrawal Option (IDCW);INF200KA10H2;;12.8219;;;05-Nov-2021
145644;SBI Debt Fund Series - C - 30 (385 Days) - Regular Plan - Income Distribution cum Capital Withdrawal Option (IDCW);INF200KA18G7;;12.7202;;;05-Nov-2021
145647;SBI Debt Fund Series C - 30 - (385 Days) - Direct Plan - Growth;INF200KA19G5;;12.8219;;;05-Nov-2021
145646;SBI Debt Fund Series C - 30 - (385 Days) - Regular Plan - Growth;INF200KA17G9;;12.7201;;;05-Nov-2021
145744;SBI Debt Fund Series - C - 32 (380 Days) - Direct Plan - Income Distribution cum Capital Withdrawal Option (IDCW);INF200KA14H4;;12.7380;;;05-Nov-2021
145743;SBI Debt Fund Series - C - 32 (380 Days) - Regular Plan - Income Distribution cum Capital Withdrawal Option (IDCW);INF200KA12H8;;12.6314;;;05-Nov-2021
145746;SBI Debt Fund Series C - 32 - (380 Days) - Direct Plan - Growth;INF200KA13H6;;12.7381;;;05-Nov-2021
145745;SBI Debt Fund Series C - 32 - (380 Days) - Regular Plan - Growth;INF200KA11H0;;12.6314;;;05-Nov-2021
145858;SBI Debt Fund Series - C - 33 (1216 Days) - Direct Plan - Income Distribution cum Capital Withdrawal Option (IDCW);INF200KA1XN5;;12.6928;;;05-Nov-2021
145857;SBI Debt Fund Series - C - 33 (1216 Days) - Regular Plan - Income Distribution cum Capital Withdrawal Option (IDCW);INF200KA1XL9;;12.5880;;;05-Nov-2021
145855;SBI Debt Fund Series C - 33 (1216 Days) - Direct Plan - Growth;INF200KA1XM7;;12.6927;;;05-Nov-2021
145856;SBI Debt Fund Series C - 33 (1216 Days) - Regular Plan - Growth;INF200KA1XK1;;12.5880;;;05-Nov-2021
145948;SBI Debt Fund Series - C - 34 (1211 Days) - Direct Plan - Income Distribution cum Capital Withdrawal Option (IDCW);INF200KA1XR6;;12.6375;;;05-Nov-2021
145950;SBI Debt Fund Series - C - 34 (1211 Days) - Regular Plan - Income Distribution cum Capital Withdrawal Option (IDCW);INF200KA1XP0;;12.5301;;;05-Nov-2021
145947;SBI DEBT FUND SERIES C - 34 (1211 DAYS) - DIRECT PLAN - GROWTH;INF200KA1XQ8;;12.6375;;;05-Nov-2021
145949;SBI DEBT FUND SERIES C - 34 (1211 DAYS) - REGULAR PLAN - GROWTH;INF200KA1XO3;;12.5301;;;05-Nov-2021
145988;SBI Debt Fund Series - C - 35 (376 Days) - Direct Plan - Income Distribution cum Capital Withdrawal Option (IDCW);INF200KA18J1;;12.6015;;;05-Nov-2021
145990;SBI Debt Fund Series - C - 35 (376 Days) - Regular Plan - Income Distribution cum Capital Withdrawal Option (IDCW);INF200KA16J5;;12.5130;;;05-Nov-2021
145987;SBI Debt Fund Series C - 35 (376 Days) - Direct Plan - Growth;INF200KA17J3;;12.6015;;;05-Nov-2021
145989;SBI Debt Fund Series C - 35 (376 Days) - Regular Plan - Growth;INF200KA15J7;;12.5130;;;05-Nov-2021
146175;SBI Debt Fund Series - C - 38 (389 Days) - Direct Plan - Income Distribution cum Capital Withdrawal Option (IDCW);INF200KA16K3;;12.4859;;;05-Nov-2021
146176;SBI Debt Fund Series - C - 38 (389 Days) - Regular Plan - Income Distribution cum Capital Withdrawal Option (IDCW);INF200KA14K8;;12.3972;;;05-Nov-2021
146174;SBI Debt Fund Series C - 38 (389 Days) - Direct Plan - Growth;INF200KA15K5;;12.4837;;;05-Nov-2021
146173;SBI Debt Fund Series C - 38 (389 Days) - Regular Plan - Growth;INF200KA13K0;;12.3972;;;05-Nov-2021
146286;SBI Debt Fund Series - C - 40 (1177 Days) - Direct Plan - Income Distribution cum Capital Withdrawal Option (IDCW);INF200KA1YZ7;;12.5257;;;05-Nov-2021
146287;SBI Debt Fund Series - C - 40 (1177 Days) - Regular Plan - Income Distribution cum Capital Withdrawal Option (IDCW);INF200KA1YX2;;12.4394;;;05-Nov-2021
146288;SBI Debt Fund Series C - 40 - (1177 Days) - Regular Plan - Growth;INF200KA1YW4;;12.4394;;;05-Nov-2021
146289;SBI Debt Fund Series C - 40- (1177 Days) - Direct Plan - Growth;INF200KA1YY0;;12.5256;;;05-Nov-2021
146313;SBI Debt Fund Series - C - 41 (1178 Days) - Direct Plan - Income Distribution cum Capital Withdrawal Option (IDCW);INF200KA1ZD1;;12.5380;;;05-Nov-2021
146315;SBI Debt Fund Series - C - 41 (1178 Days) - Regular Plan - Income Distribution cum Capital Withdrawal Option (IDCW);INF200KA1ZB5;;12.4522;;;05-Nov-2021
146312;SBI Debt Fund Series C - 41 (1178 Days) - Direct Plan - Growth;INF200KA1ZC3;;12.5380;;;05-Nov-2021
146314;SBI Debt Fund Series C - 41 (1178 Days) - Regular Plan - Growth;INF200KA1ZA7;;12.4522;;;05-Nov-2021
146368;SBI Debt Fund Series - C - 43 (384 Days) - Direct Plan - Income Distribution cum Capital Withdrawal Option (IDCW);INF200KA10J8;;12.5091;;;05-Nov-2021
146366;SBI Debt Fund Series - C - 43 (384 Days) - Regular Plan - Income Distribution cum Capital Withdrawal Option (IDCW);INF200KA18I3;;12.4243;;;05-Nov-2021
146367;SBI Debt Fund Series C - 43 (384 Days) - Direct Plan - Growth;INF200KA19I1;;12.5091;;;05-Nov-2021
146369;SBI Debt Fund Series C - 43 (384 Days) - Regular Plan - Growth;INF200KA17I5;;12.4243;;;05-Nov-2021
146494;SBI Debt Fund Series - C - 44 (378 Days) - Direct Plan - Income Distribution cum Capital Withdrawal Option (IDCW);INF200KA14J0;;12.5085;;;05-Nov-2021
146496;SBI Debt Fund Series - C - 44 (378 Days) - Regular Plan - Income Distribution cum Capital Withdrawal Option (IDCW);INF200KA12J4;;12.4243;;;05-Nov-2021
146495;SBI Debt Fund Series C - 44 (378 Days) - Direct Plan - Growth;INF200KA13J2;;12.5085;;;05-Nov-2021
146493;SBI Debt Fund Series C - 44 (378 Days) - Regular Plan - Growth;INF200KA11J6;;12.4243;;;05-Nov-2021
146591;SBI Debt Fund Series - C - 46 (376 Days) - Direct Plan - Income Distribution cum Capital Withdrawal Option (IDCW);INF200KA12K2;;12.3741;;;05-Nov-2021
146593;SBI Debt Fund Series - C - 46 (376 Days) - Regular Plan - Income Distribution cum Capital Withdrawal Option (IDCW);INF200KA10K6;;12.2918;;;05-Nov-2021
146592;SBI Debt Fund Series C - 46 (376 Days) - Direct Plan- Growth;INF200KA11K4;;12.3741;;;05-Nov-2021
146590;SBI Debt Fund Series C - 46 (376 Days) - Regular Plan - Growth;INF200KA19J9;;12.2918;;;05-Nov-2021
146656;SBI Debt Fund Series C - 48 (385 Days) - Direct Plan - Growth;INF200KA19K7;;12.3985;;;05-Nov-2021
146658;SBI Debt Fund Series C - 48 (385 Days) - Direct Plan - Income Distribution cum Capital Withdrawal Option (IDCW);INF200KA10L4;;12.3985;;;05-Nov-2021
146655;SBI Debt Fund Series C - 48 (385 Days) - Regular Plan - Growth;INF200KA17K1;;12.3167;;;05-Nov-2021
146657;SBI Debt Fund Series C - 48 (385 Days) - Regular Plan - Income Distribution cum Capital Withdrawal Option (IDCW);INF200KA18K9;;12.3167;;;05-Nov-2021
146766;SBI Debt Fund Series - C - 49 (390 Days) - Direct Plan - Income Distribution cum Capital Withdrawal Option (IDCW);INF200KA14L6;;12.3249;;;05-Nov-2021
146767;SBI Debt Fund Series - C - 49 (390 Days) - Regular Plan - Income Distribution cum Capital Withdrawal Option (IDCW);INF200KA12L0;;12.2396;;;05-Nov-2021
146765;SBI Debt Fund Series C - 49 (390 Days) - Direct Plan - Growth;INF200KA13L8;;12.3249;;;05-Nov-2021
146768;SBI Debt Fund Series C - 49 (390 Days) - Regular Plan - Growth;INF200KA11L2;;12.2440;;;05-Nov-2021
146879;SBI Debt Fund Series - C - 50 (383 Days) - Direct Plan - Income Distribution cum Capital Withdrawal Option (IDCW);INF200KA18L7;;12.2745;;;05-Nov-2021
146880;SBI Debt Fund Series - C - 50 (383 Days) - Regular Plan - Income Distribution cum Capital Withdrawal Option (IDCW);INF200KA16L1;;12.1948;;;05-Nov-2021
146878;SBI Debt Fund Series C - 50 (383 Days) - Direct Plan - Growth;INF200KA17L9;;12.2746;;;05-Nov-2021
146877;SBI Debt Fund Series C - 50 (383 Days) - Regular Plan - Growth;INF200KA15L3;;12.1945;;;05-Nov-2021
145160;SBI Dual Advantage Fund - Series XXX - Direct Plan - Income Distribution cum Capital Withdrawal Option (IDCW);INF200KA1VY6;;13.3575;;;05-Nov-2021
145159;SBI Dual Advantage Fund - Series XXX - Regular Plan - Income Distribution cum Capital Withdrawal Option (IDCW);INF200KA1VW0;;13.1504;;;05-Nov-2021
145161;SBI Dual Advantage Fund Series XXX - Direct Plan - Growth;INF200KA1VX8;;13.3575;;;05-Nov-2021
145162;SBI Dual Advantage Fund Series XXX - Regular Plan - Growth;INF200KA1VV2;;13.1504;;;05-Nov-2021
146974;SBI Fixed Maturity Plan (FMP) - Series 1 (3668 Days) - Direct Plan - Growth;INF200KA1D03;;12.9440;;;05-Nov-2021
146975;SBI Fixed Maturity Plan (FMP) - Series 1 (3668 Days) - Direct Plan - Income Distribution cum Capital Withdrawal Option (IDCW);INF200KA1D11;;12.9444;;;05-Nov-2021
146976;SBI Fixed Maturity Plan (FMP) - Series 1 (3668 Days) - Regular Plan - Growth;INF200KA1C87;;12.8597;;;05-Nov-2021
146973;SBI Fixed Maturity Plan (FMP) - Series 1 (3668 Days) - Regular Plan - Income Distribution cum Capital Withdrawal Option (IDCW);INF200KA1C95;;12.8596;;;05-Nov-2021
147467;SBI Fixed Maturity Plan (FMP) - Series 10 (1178 Days) - Direct Plan - Growth;INF200KA1H09;;12.0583;;;05-Nov-2021
147464;SBI Fixed Maturity Plan (FMP) - Series 10 (1178 Days) - Direct Plan - Income Distribution cum Capital Withdrawal Option (IDCW);INF200KA1H17;;12.0583;;;05-Nov-2021
147465;SBI Fixed Maturity Plan (FMP) - Series 10 (1178 Days) - Regular Plan - Growth;INF200KA1G83;;11.9877;;;05-Nov-2021
147466;SBI Fixed Maturity Plan (FMP) - Series 10 (1178 Days) - Regular Plan - Income Distribution cum Capital Withdrawal Option (IDCW);INF200KA1G91;;11.9877;;;05-Nov-2021
147486;SBI Fixed Maturity Plan (FMP) - Series 11 (1178 Days) - Direct Plan - Growth;INF200KA1H41;;12.0168;;;05-Nov-2021
147487;SBI Fixed Maturity Plan (FMP) - Series 11 (1178 Days) - Direct Plan - Income Distribution cum Capital Withdrawal Option (IDCW);INF200KA1H58;;12.0167;;;05-Nov-2021
147484;SBI Fixed Maturity Plan (FMP) - Series 11 (1178 Days) - Regular Plan - Growth;INF200KA1H25;;11.9470;;;05-Nov-2021
147485;SBI Fixed Maturity Plan (FMP) - Series 11 (1178 Days) - Regular Plan - Income Distribution cum Capital Withdrawal Option (IDCW);INF200KA1H33;;11.9470;;;05-Nov-2021
147560;SBI Fixed Maturity Plan (FMP) - Series 14 (384 Days) - Direct Plan - Growth;INF200KA13N4;;11.8881;;;05-Nov-2021
147561;SBI Fixed Maturity Plan (FMP) - Series 14 (384 Days) - Direct Plan - Income Distribution cum Capital Withdrawal Option (IDCW);INF200KA14N2;;11.8881;;;05-Nov-2021
147559;SBI Fixed Maturity Plan (FMP) - Series 14 (384 Days) - Regular Plan - Growth;INF200KA11N8;;11.8208;;;05-Nov-2021
147562;SBI Fixed Maturity Plan (FMP) - Series 14 (384 Days) - Regular Plan - Income Distribution cum Capital Withdrawal Option (IDCW);INF200KA12N6;;11.8208;;;05-Nov-2021
147582;SBI Fixed Maturity Plan (FMP) - Series 15 (1123 Days) - Direct Plan - Growth;INF200KA1J07;;11.8768;;;05-Nov-2021
147583;SBI Fixed Maturity Plan (FMP) - Series 15 (1123 Days) - Direct Plan - Income Distribution cum Capital Withdrawal Option (IDCW);INF200KA1J15;;11.8768;;;05-Nov-2021
147580;SBI Fixed Maturity Plan (FMP) - Series 15 (1123 Days) - Regular Plan - Growth;INF200KA1I81;;11.8101;;;05-Nov-2021
147581;SBI Fixed Maturity Plan (FMP) - Series 15 (1123 Days) - Regular Plan - Income Distribution cum Capital Withdrawal Option (IDCW);INF200KA1I99;;11.8101;;;05-Nov-2021
147612;SBI Fixed Maturity Plan (FMP) - Series 16 (1116 Days) - Direct Plan - Growth;INF200KA1J49;;11.8364;;;05-Nov-2021
147613;SBI Fixed Maturity Plan (FMP) - Series 16 (1116 Days) - Direct Plan - Income Distribution cum Capital Withdrawal Option (IDCW);INF200KA1J56;;11.8364;;;05-Nov-2021
147611;SBI Fixed Maturity Plan (FMP) - Series 16 (1116 Days) - Regular Plan - Growth;INF200KA1J23;;11.7710;;;05-Nov-2021
147610;SBI Fixed Maturity Plan (FMP) - Series 16 (1116 Days) - Regular Plan - Income Distribution cum Capital Withdrawal Option (IDCW);INF200KA1J31;;11.7710;;;05-Nov-2021
147627;SBI Fixed Maturity Plan (FMP) - Series 17 (1116 Days) - Direct Plan - Growth;INF200KA1J80;;11.7879;;;05-Nov-2021
147628;SBI Fixed Maturity Plan (FMP) - Series 17 (1116 Days) - Direct Plan - Income Distribution cum Capital Withdrawal Option (IDCW);INF200KA1J98;;11.7879;;;05-Nov-2021
147629;SBI Fixed Maturity Plan (FMP) - Series 17 (1116 Days) - Regular Plan - Growth;INF200KA1J64;;11.7234;;;05-Nov-2021
147630;SBI Fixed Maturity Plan (FMP) - Series 17 (1116 Days) - Regular Plan - Income Distribution cum Capital Withdrawal Option (IDCW);INF200KA1J72;;11.7234;;;05-Nov-2021
147641;SBI Fixed Maturity Plan (FMP) - Series 18 (1108 Days) - Direct Plan - Growth;INF200KA1K53;;11.7549;;;05-Nov-2021
147642;SBI Fixed Maturity Plan (FMP) - Series 18 (1108 Days) - Direct Plan - Income Distribution cum Capital Withdrawal Option (IDCW);INF200KA1K61;;11.7549;;;05-Nov-2021
147639;SBI Fixed Maturity Plan (FMP) - Series 18 (1108 Days) - Regular Plan - Growth;INF200KA1K38;;11.6922;;;05-Nov-2021
147640;SBI Fixed Maturity Plan (FMP) - Series 18 (1108 Days) - Regular Plan - Income Distribution cum Capital Withdrawal Option (IDCW);INF200KA1K46;;11.6922;;;05-Nov-2021
147672;SBI Fixed Maturity Plan (FMP) - Series 19 (1115 Days) - Direct  Plan - Growth;INF200KA1L11;;11.6999;;;05-Nov-2021
147669;SBI Fixed Maturity Plan (FMP) - Series 19 (1115 Days) - Direct Plan - Income Distribution cum Capital Withdrawal Option (IDCW);INF200KA1L29;;11.6999;;;05-Nov-2021
147670;SBI Fixed Maturity Plan (FMP) - Series 19 (1115 Days) - Regular Plan - Growth;INF200KA1K95;;11.6393;;;05-Nov-2021
147671;SBI Fixed Maturity Plan (FMP) - Series 19 (1115 Days) - Regular Plan - Income Distribution cum Capital Withdrawal Option (IDCW);INF200KA1L03;;11.6393;;;05-Nov-2021
147104;SBI Fixed Maturity Plan (FMP) - Series 2 (1178 Days) - Direct Plan - Growth;INF200KA1D45;;12.2906;;;05-Nov-2021
147105;SBI Fixed Maturity Plan (FMP) - Series 2 (1178 Days) - Direct Plan - Income Distribution cum Capital Withdrawal Option (IDCW);INF200KA1D52;;12.2906;;;05-Nov-2021
147103;SBI Fixed Maturity Plan (FMP) - Series 2 (1178 Days) - Regular Plan - Growth;INF200KA1D29;;12.2122;;;05-Nov-2021
147106;SBI Fixed Maturity Plan (FMP) - Series 2 (1178 Days) - Regular Plan - Income Distribution cum Capital Withdrawal Option (IDCW);INF200KA1D37;;12.2122;;;05-Nov-2021
147720;SBI Fixed Maturity Plan (FMP) - Series 20 (1109 Days) - Direct Plan - Growth;INF200KA1L52;;11.6936;;;05-Nov-2021
147721;SBI Fixed Maturity Plan (FMP) - Series 20 (1109 Days) - Regular Plan - Growth;INF200KA1L37;;11.6335;;;05-Nov-2021
147722;SBI Fixed Maturity Plan (FMP) - Series 20(1109 Days) - Direct Plan - Income Distribution cum Capital Withdrawal Option (IDCW);INF200KA1L60;;11.6936;;;05-Nov-2021
147719;SBI Fixed Maturity Plan (FMP) - Series 20(1109 Days) - Regular Plan - Income Distribution cum Capital Withdrawal Option (IDCW);INF200KA1L45;;11.6336;;;05-Nov-2021
147744;SBI Fixed Maturity Plan (FMP) - Series 21 (1109 Days) - Direct Plan - Growth;INF200KA1L94;;11.6467;;;05-Nov-2021
147746;SBI Fixed Maturity Plan (FMP) - Series 21 (1109 Days) - Direct Plan - Income Distribution cum Capital Withdrawal Option (IDCW);INF200KA1M02;;11.6436;;;05-Nov-2021
147745;SBI Fixed Maturity Plan (FMP) - Series 21 (1109 Days) - Regular Plan - Growth;INF200KA1L78;;11.5876;;;05-Nov-2021
147747;SBI Fixed Maturity Plan (FMP) - Series 21 (1109 Days) - Regular Plan - Income Distribution cum Capital Withdrawal Option (IDCW);INF200KA1L86;;11.5876;;;05-Nov-2021
147754;SBI Fixed Maturity Plan (FMP) - Series 22 (1106 Days) - Direct Plan - Growth;INF200KA1M36;;11.5946;;;05-Nov-2021
147755;SBI Fixed Maturity Plan (FMP) - Series 22 (1106 Days) - Direct Plan - Income Distribution cum Capital Withdrawal Option (IDCW);INF200KA1M44;;11.5946;;;05-Nov-2021
147752;SBI Fixed Maturity Plan (FMP) - Series 22 (1106 Days) - Regular Plan - Growth;INF200KA1M10;;11.5367;;;05-Nov-2021
147753;SBI Fixed Maturity Plan (FMP) - Series 22 (1106 Days) - Regular Plan - Income Distribution cum Capital Withdrawal Option (IDCW);INF200KA1M28;;11.5367;;;05-Nov-2021
147776;SBI Fixed Maturity Plan (FMP) - Series 24 (1107 Days) - Direct Plan - Income Distribution cum Capital Withdrawal Option (IDCW);INF200KA1N27;;11.5665;;;05-Nov-2021
147775;SBI Fixed Maturity Plan (FMP) - Series 24 (1107 Days) - Regular Plan - Income Distribution cum Capital Withdrawal Option (IDCW);INF200KA1N01;;11.5100;;;05-Nov-2021
147777;SBI Fixed Maturity Plan (FMP) - Series 24 (1107) - Direct Plan - Growth;INF200KA1N19;;11.5665;;;05-Nov-2021
147774;SBI Fixed Maturity Plan (FMP) - Series 24 (1107) - Regular Plan - Growth;INF200KA1M93;;11.5100;;;05-Nov-2021
147783;SBI Fixed Maturity Plan (FMP) - Series 25 (1120 Days) - Direct Plan - Growth;INF200KA1N50;;11.5156;;;05-Nov-2021
147784;SBI Fixed Maturity Plan (FMP) - Series 25 (1120 Days) - Direct Plan - Income Distribution cum Capital Withdrawal Option (IDCW);INF200KA1N68;;11.5156;;;05-Nov-2021
147785;SBI Fixed Maturity Plan (FMP) - Series 25 (1120 Days) - Regular Plan - Growth;INF200KA1N35;;11.4597;;;05-Nov-2021
147782;SBI Fixed Maturity Plan (FMP) - Series 25 (1120 Days) - Regular Plan - Income Distribution cum Capital Withdrawal Option (IDCW);INF200KA1N43;;11.4597;;;05-Nov-2021
147792;SBI Fixed Maturity Plan (FMP) - Series 26 (1112 Days) - Direct Plan - Growth;INF200KA1N92;;11.5443;;;05-Nov-2021
147793;SBI Fixed Maturity Plan (FMP) - Series 26 (1112 Days) - Direct Plan - Income Distribution cum Capital Withdrawal Option (IDCW);INF200KA1O00;;11.5442;;;05-Nov-2021
147790;SBI Fixed Maturity Plan (FMP) - Series 26 (1112 Days) - Regular Plan - Growth;INF200KA1N76;;11.4889;;;05-Nov-2021
147791;SBI Fixed Maturity Plan (FMP) - Series 26 (1112 Days) - Regular Plan - Income Distribution cum Capital Withdrawal Option (IDCW);INF200KA1N84;;11.4889;;;05-Nov-2021
147873;SBI Fixed Maturity Plan (FMP) - Series 27 (1203 Days) - Direct Plan - Growth;INF200KA1O34;;11.5513;;;05-Nov-2021
147871;SBI Fixed Maturity Plan (FMP) - Series 27 (1203 Days) - Direct Plan - Income Distribution cum Capital Withdrawal Option (IDCW);INF200KA1O42;;11.5513;;;05-Nov-2021
147872;SBI Fixed Maturity Plan (FMP) - Series 27 (1203 Days) - Regular Plan - Growth;INF200KA1O18;;11.4986;;;05-Nov-2021
147870;SBI Fixed Maturity Plan (FMP) - Series 27 (1203 Days) - Regular Plan - Income Distribution cum Capital Withdrawal Option (IDCW);INF200KA1O26;;11.4986;;;05-Nov-2021
148056;SBI Fixed Maturity Plan (FMP) - Series 28 (1163 Days) - Direct Plan - Growth;INF200KA1O91;;11.3531;;;05-Nov-2021
148058;SBI Fixed Maturity Plan (FMP) - Series 28 (1163 Days) - Direct Plan - Income Distribution cum Capital Withdrawal Option (IDCW);INF200KA1P09;;11.3531;;;05-Nov-2021
148057;SBI Fixed Maturity Plan (FMP) - Series 28 (1163 Days) - Regular Plan - Growth;INF200KA1O75;;11.3045;;;05-Nov-2021
148055;SBI Fixed Maturity Plan (FMP) - Series 28 (1163 Days) - Regular Plan - Income Distribution cum Capital Withdrawal Option (IDCW);INF200KA1O83;;11.3045;;;05-Nov-2021
147135;SBI Fixed Maturity Plan (FMP) - Series 3 (1179 Days) - Direct Plan - Growth;INF200KA1D86;;12.3106;;;05-Nov-2021
147136;SBI Fixed Maturity Plan (FMP) - Series 3 (1179 Days) - Direct Plan - Income Distribution cum Capital Withdrawal Option (IDCW);INF200KA1D94;;12.3106;;;05-Nov-2021
147133;SBI Fixed Maturity Plan (FMP) - Series 3 (1179 Days) - Regular Plan - Growth;INF200KA1D60;;12.2327;;;05-Nov-2021
147134;SBI Fixed Maturity Plan (FMP) - Series 3 (1179 Days) - Regular Plan - Income Distribution cum Capital Withdrawal Option (IDCW);INF200KA1D78;;12.2327;;;05-Nov-2021
148193;SBI Fixed Maturity Plan (FMP) - Series 31 (1160 Days) - Direct Plan - Growth;INF200KA1P58;;11.4267;;;05-Nov-2021
148194;SBI Fixed Maturity Plan (FMP) - Series 31 (1160 Days) - Direct Plan - Income Distribution cum Capital Withdrawal Option (IDCW);INF200KA1P66;;11.4267;;;05-Nov-2021
148195;SBI Fixed Maturity Plan (FMP) - Series 31 (1160 Days) - Regular Plan - Growth;INF200KA1P33;;11.3798;;;05-Nov-2021
148192;SBI Fixed Maturity Plan (FMP) - Series 31 (1160 Days) - Regular Plan - Income Distribution cum Capital Withdrawal Option (IDCW);INF200KA1P41;;11.3798;;;05-Nov-2021
148369;SBI Fixed Maturity Plan (FMP) - Series 32 (1140 Days) - Direct Plan - Growth;INF200KA1P90;;11.0441;;;05-Nov-2021
148368;SBI Fixed Maturity Plan (FMP) - Series 32 (1140 Days) - Direct Plan - Income Distribution cum Capital Withdrawal Option (IDCW);INF200KA1Q08;;11.0441;;;05-Nov-2021
148367;SBI Fixed Maturity Plan (FMP) - Series 32 (1140 Days) - Regular Plan - Growth;INF200KA1P74;;11.0013;;;05-Nov-2021
148370;SBI Fixed Maturity Plan (FMP) - Series 32 (1140 Days) - Regular Plan - Income Distribution cum Capital Withdrawal Option (IDCW);INF200KA1P82;;11.0013;;;05-Nov-2021
148385;SBI Fixed Maturity Plan (FMP) - Series 33 (1128 Days) - Direct Plan - Growth;INF200KA1Q32;;10.9141;;;05-Nov-2021
148386;SBI Fixed Maturity Plan (FMP) - Series 33 (1128 Days) - Direct Plan - Income Distribution cum Capital Withdrawal Option (IDCW);INF200KA1Q40;;10.9139;;;05-Nov-2021
148383;SBI Fixed Maturity Plan (FMP) - Series 33 (1128 Days) - Regular Plan - Growth;INF200KA1Q16;;10.8725;;;05-Nov-2021
148384;SBI Fixed Maturity Plan (FMP) - Series 33 (1128 Days) - Regular Plan - Income Distribution cum Capital Withdrawal Option (IDCW);INF200KA1Q24;;10.8725;;;05-Nov-2021
148387;SBI Fixed Maturity Plan (FMP) - Series 34 (3682 Days) - Direct Plan - Growth;INF200KA1Q73;;10.8632;;;05-Nov-2021
148388;SBI Fixed Maturity Plan (FMP) - Series 34 (3682 Days) - Direct Plan - Income Distribution cum Capital Withdrawal Option (IDCW);INF200KA1Q81;;10.8632;;;05-Nov-2021
148389;SBI Fixed Maturity Plan (FMP) - Series 34 (3682 Days) - Regular Plan - Growth;INF200KA1Q57;;10.8224;;;05-Nov-2021
148390;SBI Fixed Maturity Plan (FMP) - Series 34 (3682 Days) - Regular Plan - Income Distribution cum Capital Withdrawal Option (IDCW);INF200KA1Q65;;10.8224;;;05-Nov-2021
148827;SBI Fixed Maturity Plan (FMP) - Series 41 (1498 Days) - Direct Plan - Growth;INF200KA1U77;;10.4109;;;05-Nov-2021
148825;SBI Fixed Maturity Plan (FMP) - Series 41 (1498 Days) - Regular Plan - Growth;INF200KA1U51;;10.3980;;;05-Nov-2021
148828;SBI Fixed Maturity Plan (FMP) - Series 41 (1498 Days) Direct Plan - Income Distribution cum Capital Withdrawal Option (IDCW);INF200KA1U85;;10.4109;;;05-Nov-2021
148826;SBI Fixed Maturity Plan (FMP) - Series 41 (1498 Days) Regular Plan - Income Distribution cum Capital Withdrawal Option (IDCW);INF200KA1U69;;10.3980;;;05-Nov-2021
149043;SBI Fixed Maturity Plan (FMP) - Series 46 (1850 Days) - Direct Plan - Growth;INF200KA1X41;;10.2770;;;05-Nov-2021
149044;SBI Fixed Maturity Plan (FMP) - Series 46 (1850 Days) - Direct Plan - Income Distribution cum Capital Withdrawal Option (IDCW);INF200KA1X58;;10.2770;;;05-Nov-2021
149045;SBI Fixed Maturity Plan (FMP) - Series 46 (1850 Days) - Regular Plan - Growth;INF200KA1X25;;10.2712;;;05-Nov-2021
149042;SBI Fixed Maturity Plan (FMP) - Series 46 (1850 Days) - Regular Plan - Income Distribution cum Capital Withdrawal Option (IDCW);INF200KA1X33;;10.2712;;;05-Nov-2021
149082;SBI Fixed Maturity Plan (FMP) Series 47 (1434 Days) - Direct Plan - Growth;INF200KA1X82;;10.1823;;;05-Nov-2021
149081;SBI Fixed Maturity Plan (FMP) Series 47 (1434 Days) - Direct Plan - Income Distribution cum Capital Withdrawal Option (IDCW);INF200KA1X90;;10.1823;;;05-Nov-2021
149083;SBI Fixed Maturity Plan (FMP) Series 47 (1434 Days) - Regular Plan - Growth;INF200KA1X66;;10.1770;;;05-Nov-2021
149084;SBI Fixed Maturity Plan (FMP) Series 47 (1434 Days) - Regular Plan - Income Distribution cum Capital Withdrawal Option (IDCW);INF200KA1X74;;10.1770;;;05-Nov-2021
149111;SBI Fixed Maturity Plan (FMP) - Series 48 (1458 Days) - Direct Plan - Growth;INF200KA1Y24;;10.1366;;;05-Nov-2021
149108;SBI Fixed Maturity Plan (FMP) - Series 48 (1458 Days) - Direct Plan - Income Distribution cum Capital Withdrawal Option (IDCW);INF200KA1Y32;;10.1366;;;05-Nov-2021
149109;SBI Fixed Maturity Plan (FMP) - Series 48 (1458 Days) - Regular Plan - Growth;INF200KA1Y08;;10.1319;;;05-Nov-2021
149110;SBI Fixed Maturity Plan (FMP) - Series 48 (1458 Days) - Regular Plan - Income Distribution cum Capital Withdrawal Option (IDCW);INF200KA1Y16;;10.1319;;;05-Nov-2021
149147;SBI Fixed Maturity Plan (FMP) - Series 49 (1823 Days) - Direct Plan - Growth;INF200KA1Z23;;10.0928;;;05-Nov-2021
149144;SBI Fixed Maturity Plan (FMP) - Series 49 (1823 Days) - Direct Plan - Income Distribution cum Capital Withdrawal Option (IDCW);INF200KA1Z31;;10.0928;;;05-Nov-2021
149145;SBI Fixed Maturity Plan (FMP) - Series 49 (1823 Days) - Regular Plan - Growth;INF200KA1Z07;;10.0891;;;05-Nov-2021
149146;SBI Fixed Maturity Plan (FMP) - Series 49 (1823 Days) - Regular Plan - Income Distribution cum Capital Withdrawal Option (IDCW);INF200KA1Z15;;10.0891;;;05-Nov-2021
149174;SBI Fixed Maturity Plan (FMP) - Series 50 (1843 Days) - Direct Plan - Growth;INF200KA1Z64;;10.0531;;;05-Nov-2021
149175;SBI Fixed Maturity Plan (FMP) - Series 50 (1843 Days) - Direct Plan - Income Distribution Capital Withdrawal Option (IDCW);INF200KA1Z72;;10.0531;;;05-Nov-2021
149172;SBI Fixed Maturity Plan (FMP) - Series 50 (1843 Days) - Regular Plan - Growth;INF200KA1Z49;;10.0500;;;05-Nov-2021
149173;SBI Fixed Maturity Plan (FMP) - Series 50 (1843 Days) - Regular Plan -Income Distribution Capital Withdrawal Option (IDCW);INF200KA1Z56;;10.0500;;;05-Nov-2021
149195;SBI Fixed Maturity Plan (FMP) - Series 51 (1846 Days) - Direct Plan - Growth;INF200KA10A7;;10.0203;;;05-Nov-2021
149194;SBI Fixed Maturity Plan (FMP) - Series 51 (1846 Days) - Direct Plan - Income Distribution Capital Withdrawal Option (IDCW);INF200KA11A5;;10.0203;;;05-Nov-2021
149197;SBI Fixed Maturity Plan (FMP) - Series 51 (1846 Days) - Regular Plan - Growth;INF200KA1Z80;;10.0179;;;05-Nov-2021
149196;SBI Fixed Maturity Plan (FMP) - Series 51 (1846 Days) - Regular Plan - Income Distribution Capital Withdrawal Option (IDCW);INF200KA1Z98;;10.0179;;;05-Nov-2021
149232;SBI Fixed Maturity Plan (FMP) - Series 52 (1848 Days) - Direct Plan - Growth;INF200KA14A9;;9.9794;;;05-Nov-2021
149234;SBI Fixed Maturity Plan (FMP) - Series 52 (1848 Days) - Direct Plan - Income Distribution Cum Withdrawal (IDCW);INF200KA15A6;;9.9794;;;05-Nov-2021
149235;SBI Fixed Maturity Plan (FMP) - Series 52 (1848 Days) - Regular Plan - Growth;INF200KA12A3;;9.9776;;;05-Nov-2021
149233;SBI Fixed Maturity Plan (FMP) - Series 52 (1848 Days) - Regular Plan - Income Distribution Cum Withdrawal (IDCW);INF200KA13A1;;9.9776;;;05-Nov-2021
149279;SBI Fixed Maturity Plan (FMP) - Series 53 (1839 Days) - Direct Plan - Growth;INF200KA18A0;;9.9844;;;05-Nov-2021
149277;SBI Fixed Maturity Plan (FMP) - Series 53 (1839 Days) - Direct Plan - Income Distribution Cum Withdrawal Option (IDCW);INF200KA19A8;;9.9844;;;05-Nov-2021
149278;SBI Fixed Maturity Plan (FMP) - Series 53 (1839 Days) - Regular Plan - Growth;INF200KA16A4;;9.9839;;;05-Nov-2021
149280;SBI Fixed Maturity Plan (FMP) - Series 53 (1839 Days) - Regular Plan - Income  Distribution Cum Withdrawal Option (IDCW);INF200KA17A2;;9.9839;;;05-Nov-2021
147248;SBI Fixed Maturity Plan (FMP) - Series 6 (3668 Days) - Direct Plan - Growth;INF200KA1F27;;12.6752;;;05-Nov-2021
147249;SBI Fixed Maturity Plan (FMP) - Series 6 (3668 Days) - Direct Plan - Income Distribution cum Capital Withdrawal Option (IDCW);INF200KA1F35;;12.6752;;;05-Nov-2021
147247;SBI Fixed Maturity Plan (FMP) - Series 6 (3668 Days) - Regular Plan - Growth;INF200KA1F01;;12.5970;;;05-Nov-2021
147250;SBI Fixed Maturity Plan (FMP) - Series 6 (3668 Days) - Regular Plan - Income Distribution cum Capital Withdrawal Option (IDCW);INF200KA1F19;;12.5982;;;05-Nov-2021
147318;SBI Fixed Maturity Plan (FMP) - Series 7 (1175 Days) - Direct Plan - Growth;INF200KA1F68;;12.2036;;;05-Nov-2021
147319;SBI Fixed Maturity Plan (FMP) - Series 7 (1175 Days) - Direct Plan - Income Distribution cum Capital Withdrawal Option (IDCW);INF200KA1F76;;12.2036;;;05-Nov-2021
147320;SBI Fixed Maturity Plan (FMP) - Series 7 (1175 Days) - Regular Plan - Growth;INF200KA1F43;;12.1289;;;05-Nov-2021
147317;SBI Fixed Maturity Plan (FMP) - Series 7 (1175 Days) - Regular Plan - Income Distribution cum Capital Withdrawal Option (IDCW);INF200KA1F50;;12.1289;;;05-Nov-2021
147333;SBI Fixed Maturity Plan (FMP) - Series 8 (1178 Days) - Direct Plan - Growth;INF200KA1G00;;12.0891;;;05-Nov-2021
147334;SBI Fixed Maturity Plan (FMP) - Series 8 (1178 Days) - Direct Plan - Income Distribution cum Capital Withdrawal Option (IDCW);INF200KA1G18;;12.0891;;;05-Nov-2021
147331;SBI Fixed Maturity Plan (FMP) - Series 8 (1178 Days) - Regular Plan - Growth;INF200KA1F84;;12.0161;;;05-Nov-2021
147332;SBI Fixed Maturity Plan (FMP) - Series 8 (1178 Days) - Regular Plan - Income Distribution cum Capital Withdrawal Option (IDCW);INF200KA1F92;;12.0161;;;05-Nov-2021
147422;SBI Fixed Maturity Plan (FMP) - Series 9 (1178 Days) - Direct Plan - Growth;INF200KA1G67;;12.0533;;;05-Nov-2021
147424;SBI Fixed Maturity Plan (FMP) - Series 9 (1178 Days) - Direct Plan - Income Distribution cum Capital Withdrawal Option (IDCW);INF200KA1G75;;12.0533;;;05-Nov-2021
147423;SBI Fixed Maturity Plan (FMP) - Series 9 (1178 Days) - Regular Plan - Growth;INF200KA1G42;;11.9816;;;05-Nov-2021
147421;SBI Fixed Maturity Plan (FMP) - Series 9 (1178 Days) - Regular Plan - Income Distribution cum Capital Withdrawal Option (IDCW);INF200KA1G59;;11.9822;;;05-Nov-2021
147764;SBI Fixed Maturity Plan (FMP) - Series 23 (1106 Days) - Direct Plan - Growth;INF200KA1M77;;11.5749;;;05-Nov-2021
147765;SBI Fixed Maturity Plan (FMP) - Series 23 (1106 Days) - Direct Plan - Income Distribution cum Capital Withdrawal Option (IDCW);INF200KA1M85;;11.5749;;;05-Nov-2021
147762;SBI Fixed Maturity Plan (FMP) - Series 23 (1106 Days) - Regular Plan - Growth;INF200KA1M51;;11.5178;;;05-Nov-2021
147763;SBI Fixed Maturity Plan (FMP) - Series 23 (1106 Days) - Regular Plan - Income Distribution cum Capital Withdrawal Option (IDCW);INF200KA1M69;;11.5178;;;05-Nov-2021
147509;SBI Fixed Maturity Plan (FMP) - Series 12 (1179 Days) - Direct Plan - Growth;INF200KA1H82;;11.9501;;;05-Nov-2021
147510;SBI Fixed Maturity Plan (FMP) - Series 12 (1179 Days) - Direct Plan - Income Distribution cum Capital Withdrawal Option (IDCW);INF200KA1H90;;11.9501;;;05-Nov-2021
147508;SBI Fixed Maturity Plan (FMP) - Series 12 (1179 Days) - Regular Plan - Growth;INF200KA1H66;;11.8813;;;05-Nov-2021
147511;SBI Fixed Maturity Plan (FMP) - Series 12 (1179 Days) - Regular Plan - Income Distribution cum Capital Withdrawal Option (IDCW);INF200KA1H74;;11.8813;;;05-Nov-2021
147520;SBI Fixed Maturity Plan (FMP) - Series 13 (1108 Days) - Direct Plan - Growth;INF200KA1I24;;11.9335;;;05-Nov-2021
147521;SBI Fixed Maturity Plan (FMP) - Series 13 (1108 Days) - Direct Plan - Income Distribution cum Capital Withdrawal Option (IDCW);INF200KA1I32;;11.9335;;;05-Nov-2021
147523;SBI Fixed Maturity Plan (FMP) - Series 13 (1108 Days) - Regular Plan - Growth;INF200KA1I08;;11.8653;;;05-Nov-2021
147522;SBI Fixed Maturity Plan (FMP) - Series 13 (1108 Days) - Regular Plan - Income Distribution cum Capital Withdrawal Option (IDCW);INF200KA1I16;;11.8653;;;05-Nov-2021
148848;SBI Fixed Maturity Plan (FMP) - Series 42 (1857 Days) Direct Plan - Income Distribution cum Capital Withdrawal Option (IDCW);INF200KA1V27;;10.4226;;;05-Nov-2021
148845;SBI Fixed Maturity Plan (FMP) - Series 42 (1857 Days) Regular Plan - Income Distribution cum Capital Withdrawal Option (IDCW);INF200KA1V01;;10.4112;;;05-Nov-2021
148846;SBI Fixed Maturity Plan (FMP) Series 42 (1857 Days) - Direct Plan - Growth;INF200KA1V19;;10.4226;;;05-Nov-2021
148847;SBI Fixed Maturity Plan (FMP) Series 42 (1857 Days) - Regular Plan - Growth;INF200KA1U93;;10.4112;;;05-Nov-2021
148941;SBI Fixed Maturity Plan (FMP) Series 43 (1616 Days) - Direct Plan - Growth;INF200KA1V50;;10.3690;;;05-Nov-2021
148942;SBI Fixed Maturity Plan (FMP) Series 43 (1616 Days) - Direct Plan - Income Distribution cum Capital Withdrawal Option (IDCW);INF200KA1V68;;10.3690;;;05-Nov-2021
148939;SBI Fixed Maturity Plan (FMP) Series 43 (1616 Days) - Regular Plan - Growth;INF200KA1V35;;10.3603;;;05-Nov-2021
148940;SBI Fixed Maturity Plan (FMP) Series 43 (1616 Days) - Regular Plan - Income Distribution cum Capital Withdrawal Option (IDCW);INF200KA1V43;;10.3603;;;05-Nov-2021
148967;SBI Fixed Maturity Plan (FMP) - Series 44 (1855 Days) - Direct Plan - Growth;INF200KA1W59;;10.2818;;;05-Nov-2021
148968;SBI Fixed Maturity Plan (FMP) - Series 44 (1855 Days) - Direct Plan - Income Distribution cum Capital Withdrawal Option (IDCW);INF200KA1W67;;10.2818;;;05-Nov-2021
148966;SBI Fixed Maturity Plan (FMP) - Series 44 (1855 Days) - Regular Plan - Growth;INF200KA1W34;;10.2747;;;05-Nov-2021
148969;SBI Fixed Maturity Plan (FMP) Series 44 (1855 Days) - Regular Plan - Income Distribution cum Capital Withdrawal Option (IDCW);INF200KA1W42;;10.2747;;;05-Nov-2021
148999;SBI Fixed Maturity Plan (FMP) Series 45 (1840 Days) - Direct Plan - Growth;INF200KA1W91;;10.2509;;;05-Nov-2021
148998;SBI Fixed Maturity Plan (FMP) Series 45 (1840 Days) - Direct Plan - Income Distribution cum Capital Withdrawal Option (IDCW);INF200KA1X09;;10.2509;;;05-Nov-2021
148996;SBI Fixed Maturity Plan (FMP) Series 45 (1840 Days) - Regular Plan - Growth;INF200KA1W75;;10.2445;;;05-Nov-2021
148997;SBI Fixed Maturity Plan (FMP) Series 45 (1840Days) - Regular Plan - Income Distribution cum Capital Withdrawal Option (IDCW);INF200KA1W83;;10.2445;;;05-Nov-2021
