Scheme Code;Scheme Name;ISIN Div Payout/ISIN Growth;ISIN Div Reinvestment;Net Asset Value;Repurchase Price;Sale Price;Date

Open Ended Schemes ( Income )


DBS Chola Mutual Fund
101958;DBS Chola Liquid Fund - Institutional Plus Weekly Dividend;;;11.9662;11.9662;11.9662;12-Oct-2008
103137;DBS Chola Short Term Floating Rate Fund-Cumulative;;;12.6513;12.6513;12.6513;12-Oct-2008
103134;DBS Chola Short Term Floating Rate Fund-Dividend-Daily;;;10.0984;10.0984;10.0984;12-Oct-2008
103136;DBS Chola Short Term Floating Rate Fund-Dividend-Monthly;;;10.4410;10.4410;10.4410;12-Oct-2008
103135;DBS Chola Short Term Floating Rate Fund-Dividend-Weekly;;;10.3184;10.3184;10.3184;12-Oct-2008

DSP Mutual Fund
103277;DSP Credit Risk Fund - Institutional Plan-Growth;INF740K01FN3;;1211.0885;1211.0885;1211.0885;12-Oct-2008

Open Ended Schemes ( Liquid )


ABN  AMRO Mutual Fund
108955;ABN AMRO Overnight Fund-Institutional Plan-Daily Dividend Option;;;10.0030;10.0030;10.0030;12-Oct-2008
108961;ABN AMRO Overnight Fund-Institutional Plan-Growth Option;;;12.8334;12.8334;12.8334;12-Oct-2008
108958;ABN AMRO Overnight Fund-Institutional Plan-Monthly Dividend Payout Option;;;10.0485;10.0485;10.0485;12-Oct-2008
108964;ABN AMRO Overnight Fund-Institutional Plan-Weekly Dividend Option;;;0.0000;0.0000;0.0000;12-Oct-2008
108959;ABN AMRO Overnight Fund-Institutional Plus Plan-Daily Dividend Option;;;10.0030;10.0030;10.0030;12-Oct-2008
108960;ABN AMRO Overnight Fund-Institutional Plus Plan-Growth Option;;;10.4630;10.4630;10.4630;12-Oct-2008
108963;ABN AMRO Overnight Fund-Institutional Plus Plan-Monthly Dividend Option;;;0.0000;0.0000;0.0000;12-Oct-2008
108954;ABN AMRO Overnight Fund-Institutional Plus Plan-Weekly Dividend Option;;;0.0000;0.0000;0.0000;12-Oct-2008
108962;ABN AMRO Overnight Fund-Regular Plan-Growth Option;;;12.6405;12.6405;12.6405;12-Oct-2008
108956;ABN AMRO Overnight Fund-Regular Plan-Monthly Dividend Payout Option;;;10.0474;10.0474;10.0474;12-Oct-2008
108957;ABN AMRO Overnight Fund-Regular Plan-Weekly Dividend Option;;;10.0107;10.0107;10.0107;12-Oct-2008

Aditya Birla Sun Life Mutual Fund
101294;Birla Sun Life Cash Plus Sweep Plan-Dividend Option;;;10.0932;10.0932;10.0932;12-Oct-2008

Bandhan Mutual Fund
108794;IDFC Liquid Fund - Daily Dividend;INF194K01GJ9;INF194K01GI1;1000.2100;1000.2100;1000.2100;12-Oct-2008
108793;IDFC Liquid Fund - Growth;INF194K01GE0;;1207.9577;1207.9577;1207.9577;12-Oct-2008
108796;IDFC Liquid Fund - Monthly Dividend;INF194K01GG5;INF194K01GF7;1002.5657;1002.5657;1002.5657;12-Oct-2008
108795;IDFC Liquid Fund-Weekly Dividend;INF194K01GM3;INF194K01GL5;1000.5638;1000.5638;1000.5638;12-Oct-2008

DBS Chola Mutual Fund
100989;DBS Chola Liquid Fund-Cum -Institutional Plus;;;17.1778;17.1778;17.1778;12-Oct-2008
104329;DBS Chola Liquid Fund-Cum -Super Institutional;;; 11.6812 ; 11.6812 ; 11.6812 ;12-Oct-2008
100978;DBS Chola Liquid Fund-Daily Dividend Reinvestment Plan;;;10.0326;10.0326;10.0326;12-Oct-2008
100975;DBS Chola Liquid Fund-Regular Cumulative;;;17.0126;17.0126;17.0126;12-Oct-2008
101307;DBS Chola Liquid Fund - Regular Weekly Dividend;;;12.0003;12.0003;12.0003;12-Oct-2008

Deutsche Mutual Fund
105672;DWS INSTA CASH PLUS FUND - Regular Plan BONUS OPTION;INF223J01BH3;;10.5639;10.5639;10.5639;12-Oct-2008
106472;DWS Insta Cash Plus Fund - Weekly Dividend;INF223J01BT8;INF223J01BU6;10.0000;10.0000;10.0000;12-Oct-2008
106471;DWS Insta Cash Plus Fund -Growth;INF223J01BP6;;10.9846;10.9846;10.9846;12-Oct-2008
106467;DWS Insta Cash Plus Fund-Daily Dividend;;INF223J01BO9;10.0200;10.0200;10.0200;12-Oct-2008
101718;DWS Insta Cash Plus Fund-DIVIDEND-Daily Dividend;;INF223J01BI1;10.3010;10.3010;10.3010;12-Oct-2008
101717;DWS Insta Cash Plus Fund-DIVIDEND-MONTHLY DIVIDEND;INF223J01BK7;INF223J01BL5;10.8169;10.8169;10.8169;12-Oct-2008
101716;DWS Insta Cash Plus Fund-DIVIDEND-WEEKLY DIVIDEND;INF223J01BM3;INF223J01BN1;10.3572;10.3572;10.3572;12-Oct-2008
101719;DWS Insta Cash Plus Fund-Growth-GROWTH;INF223J01BJ9;;14.2309;14.2309;14.2309;12-Oct-2008
101722;DWS Insta Cash Plus Fund-Institutional Plan-Daily Dividend;;INF223J01BA8;10.0195;10.0195;10.0195;12-Oct-2008
101720;DWS Insta Cash Plus Fund-Institutional Plan-Dividend;INF223J01BE0;INF223J01BD2;10.0000;10.0000;10.0000;12-Oct-2008
101721;DWS Insta Cash Plus Fund-Institutional Plan-Growth;INF223J01BB6;;13.3435;13.3435;13.3435;12-Oct-2008
101723;DWS Insta Cash Plus Fund-Institutional Plan-Weekly Dividend;INF223J01BF7;INF223J01BG5;10.0000;10.0000;10.0000;12-Oct-2008

DSP Mutual Fund
106861;DSP BlackRock Cash Manager Fund - Institutional Plan - Daily Dividend Reinvest;;;1000.1000;1000.1000;1000.1000;12-Oct-2008
106863;DSP BlackRock Cash Manager Fund - Institutional Plan - Growth;;;1087.4744;1087.4744;1087.4744;12-Oct-2008
106862;DSP BlackRock Cash Manager Fund - Institutional Plan - Weekly Dividend Reinvest;;;1001.0234;1001.0234;1001.0234;12-Oct-2008
106859;DSP BlackRock Cash Manager Fund - Regular Plan - Growth;;;1086.8667;1086.8667;1086.8667;12-Oct-2008
106860;DSP BlackRock Cash Manager Fund - Regular Plan - Weekly Dividend Reinvest;;;1001.0245;1001.0245;1001.0245;12-Oct-2008

Edelweiss Mutual Fund
109935;Edelweiss Liquid Fund - Daily Dividend Option;;INF754K01BG7;10.0000;10.0000;10.0000;12-Oct-2008
109946;Edelweiss Liquid Fund - Growth Option;INF754K01BC6;;10.1081;10.1081;10.1081;12-Oct-2008
109941;Edelweiss Liquid Fund - Institutional Plan - Daily Dividend Option;;INF754K01AZ9;10.0000;10.0000;10.0000;12-Oct-2008
109945;Edelweiss Liquid Fund - Institutional Plan - Growth Option;INF754K01AV8;;10.1081;10.1081;10.1081;12-Oct-2008
109934;Edelweiss Liquid Fund - Retail Plan - Daily Dividend Option;;INF754K01AS4;10.0000;10.0000;10.0000;12-Oct-2008
109940;Edelweiss Liquid Fund - Retail Plan - Growth Option;INF754K01AO3;;10.1080;10.1080;10.1080;12-Oct-2008
109939;Edelweiss Liquid Fund - Retail Plan - Monthly Dividend Option;INF754K01AP0;INF754K01AR6;10.0376;10.0376;10.0376;12-Oct-2008
109937;Edelweiss Liquid Fund - Retail Plan - Weekly Dividend Option;;INF754K01AT2;10.0128;10.0128;10.0128;12-Oct-2008

Fidelity Mutual Fund
104498;Fidelity Cash Fund - Institutional Plan - Daily Dividend Option;;INF677K01AQ1;10.0021;10.0021;10.0021;12-Oct-2008
104497;Fidelity Cash Fund - Institutional Plan - Growth Option;;;11.5925;11.5925;11.5925;12-Oct-2008
104548;Fidelity Cash Fund - Institutional Plan - Monthly Dividend Option;INF677K01AS7;INF677K01AT5;10.0531;10.0531;10.0531;12-Oct-2008
104546;Fidelity Cash Fund - Institutional Plan - Weekly Dividend Option;;INF677K01AR9;10.0335;10.0335;10.0335;12-Oct-2008
104495;Fidelity Cash Fund - Retail Plan - Daily Dividend option;;INF677K01AL2;10.0019;10.0019;10.0019;12-Oct-2008
104493;Fidelity Cash Fund - Retail Plan - Growth option;;;11.5075;11.5075;11.5075;12-Oct-2008
104547;Fidelity Cash Fund - Retail Plan - Monthly Dividend Option;;;10.0509;10.0509;10.0509;12-Oct-2008
104549;Fidelity Cash Fund - Retail Plan - Weekly Dividend Option;;INF677K01AM0;10.0224;10.0224;10.0224;12-Oct-2008
104494;Fidelity Cash Fund - Super Institutional Plan - Daily Dividend Option;;INF677K01AV1;10.0026;10.0026;10.0026;12-Oct-2008
104496;Fidelity Cash Fund - Super Institutional Plan - Growth Option;INF677K01AU3;;11.6155;11.6155;11.6155;12-Oct-2008
104551;Fidelity Cash Fund - Super Institutional Plan - Monthly Dividend Option;INF677K01AX7;INF677K01AY5;10.0000;10.0000;10.0000;12-Oct-2008
104550;Fidelity Cash Fund - Super Institutional Plan - Weekly Dividend Option;;INF677K01AW9;10.0000;10.0000;10.0000;12-Oct-2008

ING Mutual Fund
106913;ING High Yield Liquidity Fund - Institutional Growth Option;;;10.0000;10.0000;10.0000;12-Oct-2008
106914;ING High Yield Liquidity Fund - Institutional Quarterly Dividend Option;;;10.0000;10.0000;10.0000;12-Oct-2008
106904;ING High Yield Liquidity Fund - Regular Daily Dividend Option;;;10.4896;10.4896;10.4896;12-Oct-2008
106912;ING High Yield Liquidity Fund- Institutional Bonus Option;;;10.0000;10.0000;10.0000;12-Oct-2008
106909;ING High Yield Liquidity Fund- Institutional Daily Dividend Option;;;10.0000;10.0000;10.0000;12-Oct-2008
106911;ING High Yield Liquidity Fund- Institutional Monthly Dividend Option;;;10.0000;10.0000;10.0000;12-Oct-2008
106910;ING High Yield Liquidity Fund- Institutional Weekly Dividend Option;;;10.0000;10.0000;10.0000;12-Oct-2008
106908;ING High Yield Liquidity Fund- Regular Bonus Option;;;10.0000;10.0000;10.0000;12-Oct-2008
106903;ING High Yield Liquidity Fund- Regular Growth Option;;;10.5929;10.5929;10.5929;12-Oct-2008
106907;ING High Yield Liquidity Fund- Regular Monthly Dividend Option;;;10.0000;10.0000;10.0000;12-Oct-2008
106906;ING High Yield Liquidity Fund- Regular Quarterly Dividend Option;;;10.0000;10.0000;10.0000;12-Oct-2008
106905;ING High Yield Liquidity Fund- Regular Weekly Dividend Option;;;10.4516;10.4516;10.4516;12-Oct-2008
100194;ING Liquid Fund-Auto Sweep Growth Option;;;10.0000;10.0000;10.0000;12-Oct-2008
100195;ING Liquid Fund-Auto Sweep Weekly Dividend Option;;;10.0000;10.0000;10.0000;12-Oct-2008
100198;ING Liquid Fund-Institutional Daily Dividend Option;INF084M01473;;10.0121;10.0121;10.0121;12-Oct-2008
100196;ING Liquid Fund-Institutional Growth Option;INF084M01465;;13.3322;13.3322;13.3322;12-Oct-2008
100197;ING Liquid Fund-Institutional Weekly Dividend Option;INF084M01499;INF084M01481;10.0685;10.0685;10.0685;12-Oct-2008
100192;ING Liquid Fund-Regular Daily Dividend Option;INF084M01432;;10.7873;10.7873;10.7873;12-Oct-2008
100190;ING Liquid Fund-Regular Growth Option;INF084M01424;;17.8625;17.8625;17.8625;12-Oct-2008
100191;ING Liquid Fund-Regular Weekly Dividend Option;INF084M01457;INF084M01440;10.8393;10.8393;10.8393;12-Oct-2008
100200;ING Liquid Fund-Super Institutional Daily Dividend Option;INF084M01515;;10.0048;10.0048;10.0048;12-Oct-2008
100199;ING Liquid Fund-Super Institutional Growth Option;INF084M01507;;12.6456;12.6456;12.6456;12-Oct-2008
100201;ING Liquid Fund-Super Institutional Weekly Dividend Option;INF084M01531;INF084M01523;10.0000;10.0000;10.0000;12-Oct-2008
102802;ING Treasury Management Fund-Annual Dividend Option;;;10.8424;10.8424;10.8424;12-Oct-2008
102803;ING Treasury Management Fund-Bonus Option;;;13.1248;13.1248;13.1248;12-Oct-2008
102804;ING Treasury Management Fund-Daily Dividend Option;;;10.3588;10.3588;10.3588;12-Oct-2008
102798;ING Treasury Management Fund-Growth Option;;;13.1248;13.1248;13.1248;12-Oct-2008
102801;ING Treasury Management Fund-Half Yearly Dividend Option;;;10.3617;10.3617;10.3617;12-Oct-2008
102800;ING Treasury Management Fund-Quarterly Dividend Option;;;10.4070;10.4070;10.4070;12-Oct-2008
102799;ING Treasury Management Fund-Weekly Dividend Option;;;10.7928;10.7928;10.7928;12-Oct-2008

Invesco Mutual Fund
106502;Religare Invesco Overnight Fund - Daily Dividend Reinvestment;;INF205K01HS2;10.0000;10.0000;10.0000;12-Oct-2008
106501;Religare Invesco Overnight Fund - Growth;INF205K01HR4;;10.7457;10.7457;10.7457;12-Oct-2008

JM Financial Mutual Fund
101420;JM Floater Short Term Fund - Daily Dividend Option;;INF192K01767;10.0883;10.0883;10.0883;12-Oct-2008
101421;JM Floater Short Term Fund - Growth Option;INF192K01775;;13.8106;13.8106;13.8106;12-Oct-2008

JPMorgan Mutual Fund
106562;JPMorgan India Liquid Fund - Retail Plan - Daily Dividend Option;;INF843K01203;10.0813;10.0813;10.0813;12-Oct-2008
106561;JPMorgan India Liquid Fund - Retail Plan - Growth Option;INF843K01195;;10.0807;10.0807;10.0807;12-Oct-2008
109177;JPMorgan India Liquid Fund - Retail Plan - Weekly Dividend Option;;INF843K01211;10.0420;10.0420;10.0420;12-Oct-2008
110149;JPMorgan India Liquid Fund - Super Institutional Plan - Daily Dividend Option;;INF843K01153;10.0079;10.0079;10.0079;12-Oct-2008
110150;JPMorgan India Liquid Fund - Super Institutional Plan - Growth Option;INF843K01146;;10.9280;10.9280;10.9280;12-Oct-2008
110151;JPMorgan India Liquid Fund - Super Institutional Plan - Monthly Dividend Option;INF843K01500;INF843K01187;10.0642;10.0642;10.0642;12-Oct-2008
110153;JPMorgan India Liquid Fund - Super Institutional Plan - Weekly Dividend Option;INF843K01484;INF843K01161;10.0222;10.0222;10.0222;12-Oct-2008

Mirae Asset Mutual Fund
107657;Mirae Asset Liquid Fund- Institutional Plan - Daily Dividend;;INF769K01671;1001.6386;1001.6386;1001.6386;12-Oct-2008
107659;Mirae Asset Liquid Fund- Institutional Plan - Growth;INF769K01648;;1054.1832;1054.1832;1054.1832;12-Oct-2008
107660;Mirae Asset Liquid Fund- Regular Plan - Bonus;INF769K01580;;1036.0924;1036.0924;1036.0924;12-Oct-2008
107646;Mirae Asset Liquid Fund- Regular Plan - Daily Dividend;;INF769K01606;1001.6386;1001.6386;1001.6386;12-Oct-2008
107648;Mirae Asset Liquid Fund- Regular Plan - Growth;INF769K01572;;1051.9717;1051.9717;1051.9717;12-Oct-2008
107649;Mirae Asset Liquid Fund- Regular Plan - Monthly Dividend;INF769K01630;INF769K01622;1005.2759;1005.2759;1005.2759;12-Oct-2008
107647;Mirae Asset Liquid Fund- Regular Plan - Weekly Dividend;;INF769K01614;1003.0253;1003.0253;1003.0253;12-Oct-2008
107673;Mirae Asset Liquid Fund- Super Institutional Plan - Daily Dividend;;INF769K01747;1001.6386;1001.6386;1001.6386;12-Oct-2008
107672;Mirae Asset Liquid Fund- Super Institutional Plan - Growth;INF769K01713;;1055.4808;1055.4808;1055.4808;12-Oct-2008

PineBridge Mutual Fund
106513;PineBridge India Liquid Fund- Standard Plan-Daily Dividend Option;;INF178L01699;1000.8141;1000.8141;1000.8141;12-Oct-2008
106508;PineBridge India Liquid Fund- Standard Plan-Growth Option;INF178L01715;;1092.9611;1092.9611;1092.9611;12-Oct-2008
106509;PineBridge India Liquid Fund- Standard Plan-Weekly Dividend Option;;INF178L01764;1002.6936;1002.6936;1002.6936;12-Oct-2008
106506;PineBridge India Liquid Fund-Institutional Plan-Daily Dividend Option;;INF178L01616;1000.8059;1000.8059;1000.8059;12-Oct-2008
106511;PineBridge India Liquid Fund-Institutional Plan-Growth Option;INF178L01632;;1091.8013;1091.8013;1091.8013;12-Oct-2008
106507;PineBridge India Liquid Fund-Institutional Plan-Weekly Dividend Option;;INF178L01681;1002.6765;1002.6765;1002.6765;12-Oct-2008
106503;PineBridge India Liquid Fund-Retail Plan-DailyDividend Option;;INF178L01533;1000.7810;1000.7810;1000.7810;12-Oct-2008
106514;PineBridge India Liquid Fund-Retail Plan-Growth Option;INF178L01558;;1088.1428;1088.1428;1088.1428;12-Oct-2008
106504;PineBridge India Liquid Fund-Retail Plan-Monthly Dividend Option;INF178L01566;INF178L01574;1005.3075;1005.3075;1005.3075;12-Oct-2008
106510;PineBridge India Liquid Fund-Retail Plan-Weekly Dividend Option;;INF178L01608;1002.6271;1002.6271;1002.6271;12-Oct-2008

Sahara Mutual Fund
101397;Sahara Liquid Fund-Fixed Pricing -  Weekly Dividend Option;;INF515L01064;1026.2355;1026.2355;1026.2355;12-Oct-2008
101393;Sahara Liquid Fund-Fixed Pricing - Daily Dividend Option;;INF515L01049;1024.9045;1024.9045;1024.9045;12-Oct-2008
101394;Sahara Liquid Fund-Fixed Pricing - Growth option;INF515L01056;;1514.4317;1514.4317;1514.4317;12-Oct-2008
101398;Sahara Liquid Fund-Fixed Pricing - Monthly Dividend Option;;INF515L01072;1028.8925;1028.8925;1028.8925;12-Oct-2008
101399;Sahara Liquid Fund-Variable Pricing - Daily Dividend option;;INF515L01080;1024.9262;1024.9262;1024.9262;12-Oct-2008
101402;Sahara Liquid Fund-Variable Pricing - Growth option;INF515L01114;;1524.0271;1524.0271;1524.0271;12-Oct-2008
101400;Sahara Liquid Fund-Variable Pricing - Weekly Dividend Option;;INF515L01098;1025.2144;1025.2144;1025.2144;12-Oct-2008
101401;Sahara Liquid Fund-Variable Pricing- Monthly Dividend Option;;INF515L01106;1029.3279;1029.3279;1029.3279;12-Oct-2008

Open Ended Schemes ( Money Market )


Franklin Templeton Mutual Fund
100561;Templeton India Money Market Account - Bonus Plan;;;1.0000;1.0000;1.0000;12-Oct-2008
104554;Templeton India Money Market Account - Dividend Plan;;;1.0000;1.0000;1.0000;12-Oct-2008

Open Ended Schemes ( Floating Rate )


HSBC Mutual Fund
102836;HSBC Floating Rate Fund - Short Term - Inst. - Dividend - Daily;;;10.0623;10.0623;10.0623;12-Oct-2008
102838;HSBC Floating Rate Fund - Short Term - Inst. - Dividend - Monthly;;;10.1028;10.1028;10.1028;12-Oct-2008
102837;HSBC Floating Rate Fund - Short Term - Inst. - Dividend - Weekly;;;10.2922;10.2922;10.2922;12-Oct-2008
102835;HSBC Floating Rate Fund - Short Term - Inst. - Growth;;;13.1083;13.1083;13.1083;12-Oct-2008
102840;HSBC Floating Rate Fund - Short Term - Inst. Plus - Dividend - Daily;;;10.0262;10.0262;10.0262;12-Oct-2008
102842;HSBC Floating Rate Fund - Short Term - Inst. Plus - Dividend - Monthly;;;0.0000;0.0000;0.0000;12-Oct-2008
102841;HSBC Floating Rate Fund - Short Term - Inst. Plus - Dividend - Weekly;;;10.0214;10.0214;10.0214;12-Oct-2008
102839;HSBC Floating Rate Fund - Short Term - Inst. Plus - Growth;;;11.1238;11.1238;11.1238;12-Oct-2008
102833;HSBC Floating Rate Fund - Short Term - Regular - Dividend - Daily;;;10.0000;10.0000;10.0000;12-Oct-2008
102834;HSBC Floating Rate Fund - Short Term - Regular - Dividend - Weekly;;;10.0055;10.0055;10.0055;12-Oct-2008
102832;HSBC Floating Rate Fund - Short Term - Regular - Growth;;;12.9944;12.9944;12.9944;12-Oct-2008

Open Ended Schemes ( Fund of Funds - Domestic )


Fidelity Mutual Fund
103419;Fidelity MultiManager Cash Fund-Dividend Re-investment Option;;;10.0156;10.0156;10.0156;12-Oct-2008
103418;Fidelity MultiManager Cash Fund-Growth Option;;;12.2116;12.2116;12.2116;12-Oct-2008

Open Ended Schemes ( Debt Scheme - Overnight Fund )


HDFC Mutual Fund
101996;HDFC Overnight Fund - Growth Option;INF179KB1HS3;;14.4475;14.4475;14.4475;12-Oct-2008
101997;HDFC Overnight Fund - IDCW Option (Daily);;INF179KB1IF8;10.4266;10.4266;10.4266;12-Oct-2008

SBI Mutual Fund
101206;SBI OVERNIGHT FUND - REGULAR PLAN - GROWTH;INF200K01LQ9;;14.6061;14.6061;14.6061;12-Oct-2008
103140;SBI Overnight Fund - Regular Plan - Weekly Income Distribution cum Capital Withdrawal Option (IDCW);INF200K01LO4;INF200K01LP1;10.2946;10.2946;10.2946;12-Oct-2008

Open Ended Schemes ( Debt Scheme - Liquid Fund )


Aditya Birla Sun Life Mutual Fund
100049;Aditya Birla Sun Life Cash Plus-Institutional - Fortnightly Dividend;;;10.8265;10.8265;10.8265;12-Oct-2008
100052;Aditya Birla Sun Life Cash Plus-Institutional Premium - Fortnightly Dividend;;;10.0000;10.0000;10.0000;12-Oct-2008
100053;Aditya Birla Sun Life Cash Plus-Institutional Premium Plan-Monthly Dividend;;;10.0347;10.0347;10.0347;12-Oct-2008
100047;Aditya Birla Sun Life Liquid Fund - Growth;INF209K01RU9;;13.5512;13.5512;13.5512;12-Oct-2008
100046;Aditya Birla Sun Life Liquid Fund -Daily IDCW;INF209K01KQ2;INF209K01SQ5;10.0195;10.0195;10.0195;12-Oct-2008
100041;Aditya Birla Sun Life Liquid Fund -Institutional - IDCW;;INF209K01KN9;10.8023;10.8023;10.8023;12-Oct-2008
100048;Aditya Birla Sun Life Liquid Fund -Institutional - weekly  IDCW;INF209KA1LK7;INF209K01KY6;10.8123;10.8123;10.8123;12-Oct-2008
100044;Aditya Birla Sun Life Liquid Fund -Retail - IDCW;;INF209K01KP4;16.3694;16.3694;16.3694;12-Oct-2008
100051;Aditya Birla Sun Life Liquid Fund -weekly IDCW;INF209K01KU4;INF209KA1LJ9;10.0278;10.0278;10.0278;12-Oct-2008
100043;Aditya Birla Sun Life Liquid Fund-Institutional (Growth);INF209K01RT1;;23.0009;23.0009;23.0009;12-Oct-2008
100042;Aditya Birla Sun Life Liquid Fund-Retail (Growth);INF209K01ME4;;22.7997;22.7997;22.7997;12-Oct-2008

Bandhan Mutual Fund
108694;BANDHAN LIQUID FUND - Inst Plan B - Periodic Div;INF194K01VP5;INF194K01VO8;0;0;0;12-Oct-2008
108692;BANDHAN LIQUID Fund - Regular Plan - Daily IDCW;INF194K01VZ4;INF194K01VY7;10.0025;10.0025;10.0025;12-Oct-2008
108690;BANDHAN LIQUID Fund - Regular Plan - Growth;INF194K01VX9;;10.3216;10.3216;10.3216;12-Oct-2008
108693;BANDHAN LIQUID Fund - Regular Plan - Monthly IDCW;INF194K01WF4;INF194K01WE7;10.0079;10.0079;10.0079;12-Oct-2008
108691;BANDHAN LIQUID Fund - Regular Plan - Weekly IDCW;INF194K01WI8;INF194K01WH0;10.0082;10.0082;10.0082;12-Oct-2008
108779;BANDHAN Liquid Fund-Plan A-Dividend (Daily);INF194K01VC3;INF194K01VB5;10.5819;10.5819;10.5819;12-Oct-2008
108778;BANDHAN Liquid Fund-Plan A-Growth;INF194K01UX1;;15.2398;15.2398;15.2398;12-Oct-2008
108607;BANDHAN Liquid Fund - Plan A-Dividend (Weekly);INF194K01VI0;INF194K01VH2;10.1967;10.1967;10.1967;12-Oct-2008
108781;BANDHAN Liquid Fund - Plan B (G) (Institutional Plan);INF194K01VK6;;15.3202;15.3202;15.3202;12-Oct-2008
108629;BANDHAN Liquid Fund - Plan B - Dividend-Weekly;INF194K01VS9;INF194K01VR1;0;0;0;12-Oct-2008
108681;BANDHAN Liquid Fund - Plan B-Daily-Dividend(Institutional Plan);INF194K01VM2;INF194K01VL4;10.5816;10.5816;10.5816;12-Oct-2008

Bank of India Mutual Fund
109257;BANK OF INDIA Liquid Fund- Institutional Plan- Daily Dividend;;;1000.0017;1000.0017;1000.0017;12-Oct-2008
109256;BANK OF INDIA Liquid Fund- Institutional Plan-Growth;INF761K01314;;1025.0836;1025.0836;1025.0836;12-Oct-2008
109254;BANK OF INDIA Liquid Fund- Regular Plan- Growth;INF761K01306;;1023.6830;1023.6830;1023.6830;12-Oct-2008
109255;BANK OF INDIA Liquid Fund- Regular Plan- Weekly IDCW;;INF761K01CP1;1002.1382;1002.1382;1002.1382;12-Oct-2008
109263;BANK OF INDIA Liquid Fund- Super Institutional Plan-Daily Dividend;;;1000.0017;1000.0017;1000.0017;12-Oct-2008
109258;BANK OF INDIA Liquid Fund- Super Institutional Plan-Growth;INF761K01322;;1025.4639;1025.4639;1025.4639;12-Oct-2008

Baroda BNP Paribas Mutual Fund
101408;Baroda BNP Paribas LIQUID FUND- Defunct Plan -Growth Option;INF955L01575;;14.8836;14.8836;14.8836;12-Oct-2008
101407;Baroda BNP Paribas LIQUID FUND-Defunct Plan- IDCW Option;INF955L01559;INF955L01567;12.7540;12.7540;12.7540;12-Oct-2008

Canara Robeco Mutual Fund
109349;CANARA ROBECO LIQUID FUND - REGULAR PLAN - DAILY IDCW (Reinvestment);;INF760K01CU3;10.041;10.041;10.041;12-Oct-2008
109353;CANARA ROBECO LIQUID FUND - REGULAR PLAN - GROWTH OPTION;INF760K01CW9;;10.2923;10.2923;10.2923;12-Oct-2008
101363;Canara Robeco Liquid Fund- INSTITUTIONAL-Daily Dividend Reinvestment;;INF760K01CC1;10.041;10.041;10.041;12-Oct-2008
101362;Canara Robeco Liquid Fund- INSTITUTIONAL-Growth;INF760K01CD9;;15.4981;15.4981;15.4981;12-Oct-2008
101361;Canara Robeco Liquid Fund- INSTITUTIONAL-Weekly dividend;;INF760K01CE7;10.0547;10.0547;10.0547;12-Oct-2008
101364;Canara Robeco Liquid Fund-Retail-DRI;;INF760K01CF4;10.041;10.041;10.041;12-Oct-2008
109346;Canara Robeco Liquid Fund-Retail-Fortnightly Div Reinvest;;INF760K01CG2;10.0547;10.0547;10.0547;12-Oct-2008
101365;Canara Robeco Liquid Fund-Retail-Growth;INF760K01CH0;;15.4751;15.4751;15.4751;12-Oct-2008
109347;Canara Robeco Liquid Fund-Retail-Monthly Div Reinvest;;INF760K01CI8;10.0975;10.0975;10.0975;12-Oct-2008
109356;Canara Robeco Liquid Fund-Retail-Weekly Div Reinvest;;INF760K01CJ6;10.0514;10.0514;10.0514;12-Oct-2008

DSP Mutual Fund
103347;DSP Liquidity Fund - Regular Plan - Growth;INF740K01FK9;;1227.6285;1227.6285;1227.6285;12-Oct-2008
103348;DSP Liquidity Fund - Regular Plan - IDCW - Weekly;INF740K01FM5;INF740K01FL7;1001.0435;1001.0435;1001.0435;12-Oct-2008
103349;DSP Liquidity Fund- Regular Plan - IDCW - Daily;;INF740KA1OE0;1000.2000;1000.2000;1000.2000;12-Oct-2008
100943;DSP BlackRock Liquidity Fund - Regular Plan - Daily Dividend;;;10.0100;10.0100;10.0100;12-Oct-2008
100940;DSP BlackRock Liquidity Fund - Regular Plan - Growth;INF740K01CN0;;20.4704;20.4704;20.4704;12-Oct-2008
100941;DSP BlackRock Liquidity Fund - Regular Plan Weekly Dividend;;;12.4102;12.4102;12.4102;12-Oct-2008

Franklin Templeton Mutual Fund
100543;Franklin India Liquid Fund - Liquid Plan - Daily IDCW;;;1000.6730;1000.6730;1000.6730;12-Oct-2008
100544;Franklin India Liquid Fund - Liquid Plan - Growth;;;1286.9454;1286.9454;1286.9454;12-Oct-2008
100542;Franklin India Liquid Fund - Liquid Plan - Weekly Dividend;;;1000.5749;1000.5749;1000.5749;12-Oct-2008
100541;Franklin India Liquid Fund - Regular Plan - Daily - IDCW;;INF090I01BA3;1512.3400;1512.3400;1512.3400;12-Oct-2008
100538;Franklin India Liquid Fund - Regular Plan - Growth;INF090I01BB1;;2100.5034;2100.5034;2100.5034;12-Oct-2008
100537;Franklin India Liquid Fund - Regular Plan - Weekly - IDCW;INF090I01BL0;INF090I01BI6;1244.3238;1244.3238;1244.3238;12-Oct-2008
100547;Franklin India Liquid Fund - Super Institutional Plan - Daily - IDCW;;INF090I01BF2;1000.6730;1000.6730;1000.6730;12-Oct-2008
100546;Franklin India Liquid Fund - Super Institutional Plan - Growth;INF090I01BG0;;1258.2303;1258.2303;1258.2303;12-Oct-2008
100548;Franklin India Liquid Fund - Super Institutional Plan - Weekly - IDCW;INF090I01BM8;INF090I01BH8;1021.1243;1021.1243;1021.1243;12-Oct-2008
102441;Franklin India Liquid Fund - Institution-Growth;INF090I01BD7;;1326.8132;1326.8132;1326.8132;12-Oct-2008
102443;Franklin India Liquid Fund - Institutional Plan - Daily - IDCW;;INF090I01BC9;1000.6730;1000.6730;1000.6730;12-Oct-2008
102442;Franklin India Liquid Fund - Institutional Plan - Weekly - IDCW;INF090I01BJ4;INF090I01BE5;1036.1118;1036.1118;1036.1118;12-Oct-2008

HDFC Mutual Fund
100868;HDFC Liquid Fund - Growth Plan;INF179KB1HK0;;16.8524;16.8524;16.8524;12-Oct-2008
100875;HDFC Liquid Fund - IDCW Daily;;INF179KB1IC5;10.1982;10.1982;10.1982;12-Oct-2008
100876;HDFC Liquid Fund - IDCW Monthly;INF179KB1HM6;INF179KB1HL8;10.2982;10.2982;10.2982;12-Oct-2008
100874;HDFC Liquid Fund - IDCW Plan Weekly;INF179KB1ID3;;10.3264;10.3264;10.3264;12-Oct-2008
100877;HDFC Liquid Fund-Premium Plan - Dividend-Daily;;INF179K01KN4;12.2598;12.2598;12.2598;12-Oct-2008
100881;HDFC Liquid Fund-Premium Plus Plan - Dividend-Weekly;INF179K01KS3;;12.4378;12.4378;12.4378;12-Oct-2008
100872;HDFC Liquid Fund-PREMIUM PLUS- Growth;INF179K01KQ7;;17.0253;17.0253;17.0253;12-Oct-2008
100873;HDFC Liquid Fund-PREMIUM- Growth;INF179KB1HN4;;16.9895;16.9895;16.9895;12-Oct-2008

HSBC Mutual Fund
101700;HSBC Cash Fund - Dividend - Daily;;INF336L01321;10.0056;10.0056;10.0056;12-Oct-2008
101702;HSBC Cash Fund - Dividend - Monthly;INF336L01305;INF336L01297;10.0485;10.0485;10.0485;12-Oct-2008
101701;HSBC Cash Fund - Dividend - Weekly;;INF336L01347;10.2082;10.2082;10.2082;12-Oct-2008
101692;HSBC Cash Fund - Inst. - Dividend - Daily;;INF336L01354;10.4401;10.4401;10.4401;12-Oct-2008
101694;HSBC Cash Fund - Inst. - Dividend - Monthly;INF336L01370;INF336L01362;10.4935;10.4935;10.4935;12-Oct-2008
101693;HSBC Cash Fund - Inst. - Dividend - Weekly;;INF336L01388;10.4547;10.4547;10.4547;12-Oct-2008
101691;HSBC Cash Fund - Inst. - Growth;INF336L01289;;14.2748;14.2748;14.2748;12-Oct-2008
101697;HSBC Cash Fund - Regular - Dividend - Daily;;INF336L01263;10.1930;10.1930;10.1930;12-Oct-2008
101698;HSBC Cash Fund - Regular - Dividend - Weekly;;INF336L01313;10.0087;10.0087;10.0087;12-Oct-2008
101696;HSBC Liquid Fund - Growth closed plan;INF336L01271;;14.1966;14.1966;14.1966;12-Oct-2008
101699;HSBC Liquid Fund Closed;INF336L01339;;13.3685;13.3685;13.3685;12-Oct-2008

ICICI Prudential Mutual Fund
100357;ICICI Prudential Liquid Fund -Quarterly IDCW;INF109K01UU5;INF109K01UT7;10.0386;10.0386;10.0386;12-Oct-2008
100359;ICICI Prudential Liquid Institutional Plus Fund - Div - Daily;INF109K01VJ6;;11.8515;11.8515;11.8515;12-Oct-2008
100360;ICICI Prudential Liquid Institutional Plus Fund - Div - Weekly;INF109K01VM0;;11.8734;11.8734;11.8734;12-Oct-2008
100362;ICICI Prudential Liquid Institutional Plus Fund - Growth;INF109K01VK4;;21.1150;21.1150;21.1150;12-Oct-2008
103343;ICICI Prudential Liquid Fund - Daily IDCW;INF109K01VP3;;10.0005;10.0005;10.0005;12-Oct-2008
103340;ICICI Prudential Liquid Fund - Growth;INF109K01VQ1;;12.5058;12.5058;12.5058;12-Oct-2008
104308;ICICI Prudential Liquid Fund - Half Yearly IDCW;INF109K01UX9;INF109K01UW1;10.0381;10.0381;10.0381;12-Oct-2008
103344;ICICI Prudential Liquid Fund - Institutional Option - I;INF109K01VH0;;12.2443;12.2443;12.2443;12-Oct-2008
103342;ICICI Prudential Liquid Fund - Weekly IDCW;INF109K01VS7;;10.0203;10.0203;10.0203;12-Oct-2008
103341;ICICI Prudential Liquid Fund -Monthly IDCW;INF109K01VR9;;10.0374;10.0374;10.0374;12-Oct-2008
101748;ICICI Prudential Liquid Fund - Institutional - Daily - Div;INF109K01VE7;;11.8502;11.8502;11.8502;12-Oct-2008
101749;ICICI Prudential Liquid Fund - Institutional - Monthly - Div;;INF109K01VG2;10.0349;10.0349;10.0349;12-Oct-2008
101753;ICICI Prudential Liquid Fund - Institutional - Weekly - Div;INF109K01VI8;;11.8602;11.8602;11.8602;12-Oct-2008
101754;ICICI Prudential Liquid Fund Retail Daily Dividend;INF109K01UR1;;11.8514;11.8514;11.8514;12-Oct-2008
101750;ICICI Prudential Liquid Fund Retail Growth;INF109K01UQ3;;20.7268;20.7268;20.7268;12-Oct-2008
101755;ICICI Prudential Liquid Fund Retail Monthly Dividend;INF109K01US9;;11.8695;11.8695;11.8695;12-Oct-2008
101752;ICICI Prudential Liquid Fund Retail Weekly Dividend;INF109K01UV3;;11.8490;11.8490;11.8490;12-Oct-2008
101751;ICICI Prudential Liquid Institutional Fund - Growth;INF109K01VF4;;21.0087;21.0087;21.0087;12-Oct-2008

Invesco Mutual Fund
104484;Invesco India Liquid Fund - Daily IDCW (Reinvestment);;INF205K01HN3;10.0033;10.0033;10.0033;12-Oct-2008
104486;Invesco India Liquid Fund - Growth;INF205K01HM5;;11.6333;11.6333;11.6333;12-Oct-2008
104488;Invesco India Liquid Fund - Regular - Growth;INF205K01HG7;;11.5597;11.5597;11.5597;12-Oct-2008
104489;Invesco India Liquid Fund - Regular - Weekly IDCW (Reinvestment);;INF205K01HH5;10.0176;10.0176;10.0176;12-Oct-2008
104485;Invesco India Liquid Fund - Weekly IDCW (Reinvestment);INF205KA1BD7;INF205K01HO1;10.0180;10.0180;10.0180;12-Oct-2008
104483;Religare Invesco Liquid Fund - Institutional - Daily Dividend;;INF205K01HJ1;10.0033;10.0033;10.0033;12-Oct-2008
104491;Religare Invesco Liquid Fund - Institutional - Growth;INF205K01HI3;;11.6183;11.6183;11.6183;12-Oct-2008
104490;Religare Invesco Liquid Fund - Institutional - Weekly Dividend;;INF205K01HK9;10.0189;10.0189;10.0189;12-Oct-2008

JM Financial Mutual Fund
100241;JM High Liquidity Fund-- Institutional Plan - Dividend;INF192K01924;INF192K01932;10.3565;10.3565;10.3565;12-Oct-2008
100237;JM High Liquidity Fund-- Institutional Plan - Growth;INF192K01940;;13.9848;13.9848;13.9848;12-Oct-2008
100243;JM High Liquidity Fund-- Premium Plan - Daily Dividend Option;;;10.0000;10.0000;10.0000;12-Oct-2008
100238;JM High Liquidity Fund-Institutional Plan - Daily Dividend;;INF192K01916;10.0159;10.0159;10.0159;12-Oct-2008
100245;JM High Liquidity Fund-Super Institutional Plan- Daily Dividend;;INF192K01957;10.0165;10.0165;10.0165;12-Oct-2008
100246;JM High Liquidity Fund-Super Institutional Plan- Weekly  Dividend;INF192K01965;INF192K01973;10.0278;10.0278;10.0278;12-Oct-2008
100244;JM Liquid Fund (Regular) - Quarterly IDCW;INF192K01866;INF192K01874;13.3454;13.3454;13.3454;12-Oct-2008
100247;JM Liquid Fund (Regular) - Super Institutional Plan - Growth Option;INF192K01981;;13.2969;13.2969;13.2969;12-Oct-2008
100233;JM Liquid Fund (Regular) - Weekly IDCW;INF192K01841;INF192K01858;10.5965;10.5965;10.5965;12-Oct-2008
100234;JM Liquid Fund - Growth Option;INF192K01882;;23.1788;23.1788;23.1788;12-Oct-2008
101549;JM Liquid Fund (Regular) - Bonus Option - Principal Units;INF192K01890;;12.1721;12.1721;12.1721;12-Oct-2008
101078;JM Liquid Fund (Regular) - Daily IDCW;;INF192K01833;10.4302;10.4302;10.4302;12-Oct-2008

Kotak Mahindra Mutual Fund
100833;Kotak Liquid Fund - Regular  - Daily Reinvestment of Income Distribution cum capital withdrawal option;;INF174K01NL3;12.2281;12.2281;12.2281;12-Oct-2008
100835;Kotak Liquid Fund - Regular Plan - Growth;INF174K01NI9;;17.1658;17.1658;17.1658;12-Oct-2008
100831;Kotak Liquid Fund -Institutional Plan - (Daily Dividend);;INF174K01GA0;12.2281;12.2281;12.2281;12-Oct-2008
100834;Kotak Liquid Fund Regular Plan Weekly Reinvestment of Income Distribution cum capital withdrawal option Dividend;INF174K01NK5;;10.0533;10.0533;10.0533;12-Oct-2008
100830;Kotak Liquid-Institutional Plan  (Growth);INF174K01FZ9;;16.9254;16.9254;16.9254;12-Oct-2008
100832;Kotak Liquid-Institutional Plan (Weekly Dividend);;INF174K01GB8;10.0397;10.0397;10.0397;12-Oct-2008
100828;Kotak Liquid-Regular (Dividend);;INF174K01FY2;10.0386;10.0386;10.0386;12-Oct-2008
100829;Kotak Liquid-Regular (Growth);INF174K01NM1;;16.6006;16.6006;16.6006;12-Oct-2008

Nippon India Mutual Fund
100852;NIPPON INDIA LIQUID FUND - DAILY IDCW OPTION;;INF204K01UM1;15.2872;15.2872;15.2872;12-Oct-2008
100855;NIPPON INDIA LIQUID FUND - MONTHLY IDCW OPTION;INF204K01UO7;INF204K01UP4;20.6486;20.6486;20.6486;12-Oct-2008
100837;Nippon India Liquid Fund - Retail Option - Growth Plan;INF204K01UL3;;20.3551;20.3551;20.3551;12-Oct-2008
100842;NIPPON INDIA LIQUID FUND - RETAIL Plan - DAILY IDCW OPTION;;INF204K01UJ7;15.2426;15.2426;15.2426;12-Oct-2008
100843;NIPPON INDIA LIQUID FUND - RETAIL plan - MONTHLY IDCW OPTION;INF204K01UT6;INF204K01UU4;12.7709;12.7709;12.7709;12-Oct-2008
100844;NIPPON INDIA LIQUID FUND - RETAIL Plan - QUARTERLY IDCW OPTION;INF204K01UV2;INF204K01UW0;12.2153;12.2153;12.2153;12-Oct-2008
100838;NIPPON INDIA LIQUID FUND - RETAIL Plan - WEEKLY IDCW OPTION;;INF204K01UK5;10.3468;10.3468;10.3468;12-Oct-2008
100853;NIPPON INDIA LIQUID FUND - WEEKLY IDCW OPTION;INF204KC1FM8;INF204K01US8;15.3107;15.3107;15.3107;12-Oct-2008
100851;Nippon India Liquid Fund -Growth Plan;INF204K01UN9;;20.6486;20.6486;20.6486;12-Oct-2008
100849;Reliance Liquid Fund-Cash Plan-Daily Dividend Reinvestment Option;;;11.1415;11.1415;11.1415;12-Oct-2008
100845;Reliance Liquid Fund-Cash Plan-Growth Plan;;;14.3476;14.3476;14.3476;12-Oct-2008
100848;Reliance Liquid Fund-Cash Plan-Weekly Dividend Reinvestment Option;;;10.9232;10.9232;10.9232;12-Oct-2008

Principal Mutual Fund
100895;Principal Cash Management Fund - Daily Income Distribution CUM Capital Withdrawal;;INF173K01DB7;10.0007;10.0007;10.0007;12-Oct-2008
100897;Principal Cash Management Fund - Monthly Income Distribution CUM Capital Withdrawal Option;INF173K01BV9;INF173K01BW7;10.0552;10.0552;10.0552;12-Oct-2008
100896;Principal Cash Management Fund - Weekly Income Distribution CUM Capital Withdrawal Option;;INF173K01DC5;10.0253;10.0253;10.0253;12-Oct-2008
100898;Principal Cash Management Fund -Growth Option;INF173K01DA9;;13.2366;13.2366;13.2366;12-Oct-2008
100892;Principal Cash Management-Liquid Option-Daily Dividend;;;10.0022;10.0022;10.0022;12-Oct-2008
100887;Principal Cash Management-Liquid Option-Dividend Plan;;;10.1310;10.1310;10.1310;12-Oct-2008
100888;Principal Cash Management-Liquid Option-Growth Plan;;;16.5499;16.5499;16.5499;12-Oct-2008
100894;Principal Cash Management-Liquid Option-Institutional - Daily Dividend Plan;;;10.0022;10.0022;10.0022;12-Oct-2008
100893;Principal Cash Management-Liquid Option-Institutional - Growth Plan;;;13.9492;13.9492;13.9492;12-Oct-2008
100891;Principal Cash Management-Liquid Option-Institutional - Monthly Dividend Plan;;;10.0422;10.0422;10.0422;12-Oct-2008
100890;Principal Cash Management-Liquid Option-Institutional - Weekly Dividend Plan;;;10.0128;10.0128;10.0128;12-Oct-2008
100889;Principal Cash Management-Liquid Option-Monthly Dividend;;;10.0412;10.0412;10.0412;12-Oct-2008

Quantum Mutual Fund
103736;Quantum Liquid Fund - Direct Plan Daily IDCW;;INF082J01135;10.0000;10.0000;10.0000;12-Oct-2008
103734;Quantum Liquid Fund - Direct Plan Growth Option;INF082J01127;;12.0922;12.0922;12.0922;12-Oct-2008
103735;Quantum Liquid Fund - Direct Plan Monthly IDCW;INF082J01143;INF082J01200;10.0574;10.0574;10.0574;12-Oct-2008

SBI Mutual Fund
105274;SBI Liquid Fund - Institutional - Growth;INF200K01LU1;;13.5702;13.5702;13.5702;12-Oct-2008
105275;SBI Liquid Fund - Institutional Daily Income Distribution cum Capital Withdrawal Option (IDCW);;INF200K01LR7;10.0325;10.0325;10.0325;12-Oct-2008
105279;SBI Liquid Fund - Institutional Fortnightly Income Distribution cum Capital Withdrawal Option (IDCW);INF200K01LS5;INF200K01LT3;10.1404;10.1404;10.1404;12-Oct-2008
105278;SBI Liquid Fund - Institutional Weekly Income Distribution cum Capital Withdrawal Option (IDCW);INF200K01LV9;INF200K01LW7;10.5962;10.5962;10.5962;12-Oct-2008
105281;SBI Liquid Fund - Regular Plan - Daily Income Distribution cum Capital Withdrawal Option (IDCW);;INF200K01LX5;10.0325;10.0325;10.0325;12-Oct-2008
105283;SBI Liquid Fund - Regular Plan - Fortnightly Income Distribution cum Capital Withdrawal Option (IDCW);INF200K01LY3;INF200K01LZ0;0;0;0;12-Oct-2008
105282;SBI Liquid Fund - Regular Plan - Weekly Income Distribution cum Capital Withdrawal Option (IDCW);INF200K01MB9;INF200K01MC7;0;0;0;12-Oct-2008
105280;SBI Liquid Fund - REGULAR PLAN -Growth;INF200K01MA1;;13.4157;13.4157;13.4157;12-Oct-2008

Taurus Mutual Fund
104240;Taurus Liquid Fund-Dividend;INF044D01542;INF044D01559;10.0114;10.0114;10.0114;12-Oct-2008
104241;Taurus Liquid Fund-Growth;INF044D01575;;11.4121;11.4121;11.4121;12-Oct-2008

UTI Mutual Fund
102010;UTI Liquid Fund - Regular Plan - Daily IDCW (Reinvestment);;INF789F01PG3;1019.4457;1019.4457;1019.4457;12-Oct-2008
102011;UTI Liquid Fund - Regular Plan - Monthly IDCW;INF789F01PI9;INF789F01PJ7;1028.1385;1028.1385;1028.1385;12-Oct-2008
102013;UTI Liquid Fund - Regular Plan - Weekly IDCW;;INF789F01PK5;1022.9383;1022.9383;1022.9383;12-Oct-2008
102012;UTI-  Liquid Cash Plan - Regular Plan - Growth Option;INF789F01PH1;;1393.6205;1393.6205;1393.6205;12-Oct-2008
102008;UTI-  Liquid Cash Plan- Discontinued - Regular Plan - Monthly Dividend Option;INF789F01BC2;INF789F01BA6;1051.4142;1051.4142;1051.4142;12-Oct-2008
102009;UTI-  Liquid Cash Plan- Discontinued - Regular Plan -Growth;INF789F01BB4;;1380.5453;1380.5453;1380.5453;12-Oct-2008
102007;UTI-  Liquid Cash Plan- Discontinued -Regular Plan Periodic Dividend Option;;INF789F01AZ5;1041.8866;1041.8866;1041.8866;12-Oct-2008

Open Ended Schemes ( Debt Scheme - Ultra Short Duration Fund )


Principal Mutual Fund
107325;Principal Money Manager Fund-Regular Plan-Daily Dividend Option;;;10.0247;10.0247;10.0247;12-Oct-2008
107331;Principal Money Manager Fund-Regular Plan-Growth Option;;;10.6141;10.6141;10.6141;12-Oct-2008
107327;Principal Money Manager Fund-Regular Plan-Monthly Dividend Option;;;10.4910;10.4910;10.4910;12-Oct-2008
107326;Principal Money Manager Fund-Regular Plan-Weekly Dividend Option;;;10.1138;10.1138;10.1138;12-Oct-2008
107329;Principal Ultra Short Term Fund-Daily Income Distribution CUM Capital Withdrawal Option;;INF173K01CV7;10.0247;10.0247;10.0247;12-Oct-2008
107328;Principal Ultra Short Term Fund-Growth Option;INF173K01CU9;;10.4975;10.4975;10.4975;12-Oct-2008
107330;Principal Ultra Short Term Fund-Monthly Income Distribution CUM Capital Withdrawal Option;INF173K01CB9;INF173K01CC7;10.4006;10.4006;10.4006;12-Oct-2008
107332;Principal Ultra Short Term Fund-Weekly Income Distribution CUM Capital Withdrawal Option;;INF173K01CW5;10.1161;10.1161;10.1161;12-Oct-2008

SBI Mutual Fund
105080;SBI Ultra Short Duration Fund - Regular Plan - Daily Income Distribution cum Capital Withdrawal Option (IDCW);;INF200K01LK2;16.7503;16.7503;16.7503;12-Oct-2008
100641;SBI ULTRA SHORT DURATION FUND - REGULAR PLAN - GROWTH;INF200K01LJ4;;18.9487;18.9487;18.9487;12-Oct-2008
103884;SBI Ultra Short Duration Fund - Regular Plan - Weekly Income Distribution cum Capital Withdrawal Option (IDCW);INF200K01LM8;INF200K01LL0;10.7387;10.7387;10.7387;12-Oct-2008

Open Ended Schemes ( Debt Scheme - Low Duration Fund )


Aditya Birla Sun Life Mutual Fund
103192;Aditya Birla Sun Life Low Duration Fund - Growth Plan;INF209K01LQ0;;20.7524;20.7524;20.7524;12-Oct-2008
103195;Aditya Birla Sun Life Low Duration Fund - Institutional Plan - Growth;INF209K01KE8;;14.1557;14.1557;14.1557;12-Oct-2008
103191;Aditya Birla Sun Life Low Duration Fund -INSTITUTIONAL - DAILY IDCW;;INF209K01KD0;10.0030;10.0030;10.0030;12-Oct-2008
103194;Aditya Birla Sun Life Low Duration Fund -Institutional - weekly  IDCW;;INF209K01KG3;10.0133;10.0133;10.0133;12-Oct-2008
103193;Aditya Birla Sun Life Low Duration Fund -REGULAR - WEEKLY IDCW;;INF209KA1LQ4;10.0130;10.0130;10.0130;12-Oct-2008

Bandhan Mutual Fund
108633;BANDHAN Low Duration Fund - Regular Plan - Daily IDCW;INF194K01FW4;INF194K01FV6;10.0125;10.0125;10.0125;12-Oct-2008
108632;BANDHAN Low Duration Fund - Regular Plan - Growth;INF194K01FU8;;11.8556;11.8556;11.8556;12-Oct-2008
108635;BANDHAN Low Duration Fund - Regular Plan - Monthly IDCW;INF194K01FZ7;INF194K01FY0;10.0342;10.0342;10.0342;12-Oct-2008
108634;BANDHAN Low Duration Fund - Regular Plan - Weekly IDCW;INF194K01GC4;INF194K01GB6;10.0073;10.0073;10.0073;12-Oct-2008

Canara Robeco Mutual Fund
104559;CANARA ROBECO SAVINGS FUND - REGULAR PLAN - DAILY IDCW (Reinvestment);;INF760K01803;10.26;10.26;10.26;12-Oct-2008
102913;CANARA ROBECO SAVINGS FUND - REGULAR PLAN - GROWTH OPTION;INF760K01795;;13.0187;13.0187;13.0187;12-Oct-2008
102914;CANARA ROBECO SAVINGS FUND - REGULAR PLAN - IDCW (Payout/Reinvestment);INF760K01779;INF760K01787;12.5178;12.5178;12.5178;12-Oct-2008
102915;CANARA ROBECO SAVINGS FUND - REGULAR PLAN - WEEKLY IDCW (Payout/Reinvestment);INF760K01CB3;INF760K01811;10.2735;10.2735;10.2735;12-Oct-2008

Open Ended Schemes ( Debt Scheme - Money Market Fund )


Aditya Birla Sun Life Mutual Fund
101975;Aditya Birla Sun Life Floating Rate Fund-Short Term Plan-Institutional Fortnightly Dividend;;;10.0000;10.0000;10.0000;12-Oct-2008
101973;Aditya Birla Sun Life Money Manager Fund - Daily IDCW;;INF209K01SZ6;10.0000;10.0000;10.0000;12-Oct-2008
101976;Aditya Birla Sun Life Money Manager Fund - Growth;INF209K01RV7;;11.2296;11.2296;11.2296;12-Oct-2008
101972;Aditya Birla Sun Life Money Manager Fund - Retail - Daily IDCW;;INF209K01JZ5;10.0015;10.0015;10.0015;12-Oct-2008
101970;Aditya Birla Sun Life Money Manager Fund - RETAIL - WEEKLY IDCW;;INF209K01JY8;10.3801;10.3801;10.3801;12-Oct-2008
101971;Aditya Birla Sun Life Money Manager Fund - Retail Growth;INF209K01MJ3;;13.9546;13.9546;13.9546;12-Oct-2008
101974;Aditya Birla Sun Life Money Manager Fund - WEEKLY IDCW;;INF209K01SY9;10.0131;10.0131;10.0131;12-Oct-2008

Franklin Templeton Mutual Fund
101352;Templeton Floating Rate Income Fund-Short Term Plan-Dividend Option;;;10.0491;10.0491;10.0491;12-Oct-2008
101353;Templeton Floating Rate Income Fund-Short Term Plan-Growth Option;;;15.3450;15.3450;15.3450;12-Oct-2008
101355;Templeton Floating Rate Income Fund-Short Term Plan-Institutional Option - Dividend;;;10.1158;10.1158;10.1158;12-Oct-2008
101354;Templeton Floating Rate Income Fund-Short Term Plan-Institutional Option - Growth;;;12.6248;12.6248;12.6248;12-Oct-2008

HDFC Mutual Fund
101994;HDFC Money Market Fund - Daily IDCW Option;;INF179KB1IG6;10.6364;10.6364;10.6364;12-Oct-2008
101993;HDFC Money Market Fund - Growth Option;INF179KB1HR5;;17.7233;17.7233;17.7233;12-Oct-2008
101995;HDFC Money Market Fund - Weekly IDCW Option;INF179KB1IH4;INF179KB1II2;10.6301;10.6301;10.6301;12-Oct-2008

ICICI Prudential Mutual Fund
101221;ICICI Prudential Money Market Fund Retail Growth (erstwhile Cash Option);INF109K01TW3;;14.2484;14.2484;14.2484;12-Oct-2008
103634;ICICI Prudential Money Market Fund Option - Daily IDCW;INF109K01TY9;;10.0010;10.0010;10.0010;12-Oct-2008
103633;ICICI Prudential Money Market Fund Option - Growth;INF109K01TX1;;12.0967;12.0967;12.0967;12-Oct-2008
103637;ICICI Prudential Money Market Fund Option - Monthly IDCW;INF109K01UC3;INF109K01UB5;10.0437;10.0437;10.0437;12-Oct-2008
103635;ICICI Prudential Money Market Fund Option - Weekly IDCW;INF109K01TZ6;;10.0220;10.0220;10.0220;12-Oct-2008
103636;ICICI Prudential Money Market Fund Option -Fortnightly IDCW;INF109K01UA7;;10.0533;10.0533;10.0533;12-Oct-2008

Kotak Mahindra Mutual Fund
106842;Kotak Money Market Fund - (Daily Reinvestment of Income Distribution cum capital withdrawal option);INF174K01ND0;;10.0428;10.0428;10.0428;12-Oct-2008
101893;Kotak Money Market Fund - (Growth);INF174K01NA6;;13.9992;13.9992;13.9992;12-Oct-2008
101892;Kotak Money market Fund - (Monthly Payout of Income Distribution cum capital withdrawal option);INF174K018O0;INF174K01NB4;10.0886;10.0886;10.0886;12-Oct-2008
101894;Kotak Money Market Fund - (Weekly Reinvestment of Income Distribution cum capital withdrawal option);INF174K01NC2;;10.0348;10.0348;10.0348;12-Oct-2008

Nippon India Mutual Fund
103050;NIPPON INDIA MONEY MARKET FUND - DAILY IDCW Option;;INF204K01UY6;10.0031;10.0031;10.0031;12-Oct-2008
103051;NIPPON INDIA MONEY MARKET FUND - WEEKLY IDCW Option;;INF204K01UZ3;10.0072;10.0072;10.0072;12-Oct-2008
103048;Nippon India Money Market Fund-Growth Plan-Growth Option;INF204K01VA4;;12.7511;12.7511;12.7511;12-Oct-2008

UTI Mutual Fund
100724;UTI MMF- Discontinued - Regular Plan - Flexi Dividend Option;;INF789F01BD0;18.2098;18.2098;18.2098;12-Oct-2008
100725;UTI MMF- Discontinued - Regular Plan - Periodic Dividend Option;INF789F01BE8;;18.1197;18.1197;18.1197;12-Oct-2008
100723;UTI MMF-Discontinued - Regular Plan -Growth;INF789F01BF5;;23.6944;23.6944;23.6944;12-Oct-2008

Open Ended Schemes ( Debt Scheme - Credit Risk Fund )


DSP Mutual Fund
101839;DSP Credit Risk Fund - Regular Plan - IDCW;INF740K01581;INF740K01AB9;10.4556;10.4556;10.4556;12-Oct-2008
101840;DSP Credit Risk Fund - Regular Plan - IDCW - Daily;;INF740KA1OA8;10.0312;10.0312;10.0312;12-Oct-2008
101838;DSP Credit Risk Fund - Regular Plan - IDCW - Weekly;INF740K01FR4;INF740K01FQ6;10.0434;10.0434;10.0434;12-Oct-2008
101837;DSP Credit Risk Fund - Regular Plan -Growth;INF740K01599;;13.5690;13.5690;13.5690;12-Oct-2008

Principal Mutual Fund
102729;Principal Credit Risk Fund - Regular Plan - Growth Option;INF173K01DM4;;13.2839;13.2839;13.2839;12-Oct-2008
102732;Principal Credit Risk Fund - Regular Plan - Monthly Dividend Option;INF173K01BJ4;INF173K01BK2;11.2409;11.2409;11.2409;12-Oct-2008
102726;Principal Floating Rate Fund - SMP-Daily Dividend;;;10.0007;10.0007;10.0007;12-Oct-2008
102725;Principal Floating Rate Fund - SMP-Growth;;;13.2248;13.2248;13.2248;12-Oct-2008
102730;Principal Floating Rate Fund - SMP-Insti. Daily Dividend;;;10.0007;10.0007;10.0007;12-Oct-2008
102731;Principal Floating Rate Fund - SMP-Insti. Weekly Dividend;;;10.0122;10.0122;10.0122;12-Oct-2008
102728;Principal Floating Rate Fund - SMP-Monthly Dividend;;;10.6319;10.6319;10.6319;12-Oct-2008
102727;Principal Floating Rate Fund - SMP-Weekly Dividend;;;10.0121;10.0121;10.0121;12-Oct-2008

Open Ended Schemes ( Debt Scheme - Floater Fund )


Franklin Templeton Mutual Fund
101048;Franklin India Floating Rate Fund - Growth Plan;INF090I01LM7;;15.0741;15.0741;15.0741;12-Oct-2008
101044;Franklin India Floating Rate Fund - IDCW ;INF090I01LN5;;10.0000;10.0000;10.0000;12-Oct-2008

Nippon India Mutual Fund
102676;NIPPON INDIA FLOATER FUND - DAILY IDCW REINVESTMENT Option;;INF204K01CI7;10.0697;10.0697;10.0697;12-Oct-2008
102673;Nippon India Floater Fund - Growth Plan-Growth Option;INF204K01CG1;;13.2763;13.2763;13.2763;12-Oct-2008
102675;NIPPON INDIA FLOATER FUND - MONTHLY IDCW Option;INF204K01CH9;INF204K01CK3;10.1739;10.1739;10.1739;12-Oct-2008
102677;NIPPON INDIA FLOATER FUND - WEEKLY IDCW Option;INF204K01OQ5;INF204K01CJ5;10.0866;10.0866;10.0866;12-Oct-2008
