Scheme Code;Scheme Name;ISIN Div Payout/ISIN Growth;ISIN Div Reinvestment;Net Asset Value;Repurchase Price;Sale Price;Date

Open Ended Schemes ( Liquid )


Sahara Mutual Fund
101397;Sahara Liquid Fund-Fixed Pricing -  Weekly Dividend Option;;INF515L01064;1027.4373;;;22-Jun-2019
101393;Sahara Liquid Fund-Fixed Pricing - Daily Dividend Option;;INF515L01049;1292.9542;;;22-Jun-2019
120265;Sahara Liquid Fund-Fixed Pricing - Direct - Weekly Dividend Option;;INF515L01668;1027.4373;;;22-Jun-2019
120262;Sahara Liquid Fund-Fixed Pricing - Direct -Growth option;INF515L01650;;3024.287;;;22-Jun-2019
101394;Sahara Liquid Fund-Fixed Pricing - Growth option;INF515L01056;;3164.0422;;;22-Jun-2019
101398;Sahara Liquid Fund-Fixed Pricing - Monthly Dividend Option;;INF515L01072;1043.3721;;;22-Jun-2019
120253;Sahara Liquid Fund-Fixed Pricing -Direct - Daily Dividend Option- Direct;;INF515L01643;1292.9542;;;22-Jun-2019
120266;Sahara Liquid Fund-Fixed Pricing -Direct - Monthly Dividend Option;;INF515L01676;1043.3721;;;22-Jun-2019
101399;Sahara Liquid Fund-Variable Pricing - Daily Dividend option;;INF515L01080;1305.2924;;;22-Jun-2019
101402;Sahara Liquid Fund-Variable Pricing - Growth option;INF515L01114;;3237.423;;;22-Jun-2019
101400;Sahara Liquid Fund-Variable Pricing - Weekly Dividend Option;;INF515L01098;1318.3065;;;22-Jun-2019
120271;Sahara Liquid Fund-Variable Pricing -Direct - Daily Dividend option;;INF515L01684;1038.8267;;;22-Jun-2019
120280;Sahara Liquid Fund-Variable Pricing -Direct - Growth option;INF515L01718;;3244.3982;;;22-Jun-2019
120272;Sahara Liquid Fund-Variable Pricing -Direct - Weekly Dividend Option;;INF515L01692;1318.3065;;;22-Jun-2019
120273;Sahara Liquid Fund-Variable Pricing- Direct - Monthly Dividend Option;;INF515L01700;1055.8972;;;22-Jun-2019
101401;Sahara Liquid Fund-Variable Pricing- Monthly Dividend Option;;INF515L01106;1329.823;;;22-Jun-2019

Open Ended Schemes ( Debt Scheme - Overnight Fund )


Aditya Birla Sun Life Mutual Fund
145488;ADITYA BIRLA SUN LIFE OVERNIGHT FUND-  Direct - Monthly Payout of IDCW;INF209KB1ZL4;;1003.4443;;;22-Jun-2019
145489;ADITYA BIRLA SUN LIFE OVERNIGHT FUND-  Direct - Weekly Reinvestment of IDCW;;INF209KB1ZJ8;1000.1728;;;22-Jun-2019
145482;ADITYA BIRLA SUN LIFE OVERNIGHT FUND-  Regular - Weekly Reinvestment of IDCW option;;INF209KB1ZE9;1000.1708;;;22-Jun-2019
145487;ADITYA BIRLA SUN LIFE OVERNIGHT FUND- Direct - Daily Reinvestment of IDCW;;INF209KB1ZI0;1000.1743;;;22-Jun-2019
145483;ADITYA BIRLA SUN LIFE OVERNIGHT FUND- Regular - Daily Reinvestment of IDCW;;INF209KB1ZD1;1000.1707;;;22-Jun-2019
145485;ADITYA BIRLA SUN LIFE OVERNIGHT FUND- Regular- Monthly Payout of IDCW option;INF209KB1ZG4;;1003.362;;;22-Jun-2019
145486;ADITYA BIRLA SUN LIFE OVERNIGHT FUND-DIRECT PLAN-GROWTH;INF209KB1ZH2;;1039.9919;;;22-Jun-2019
145481;ADITYA BIRLA SUNLIFE OVERNIGHT FUND-REGULAR PLAN-GROWTH;INF209KB1ZC3;;1039.0805;;;22-Jun-2019

Axis Mutual Fund
146679;Axis Overnight Fund - Direct Plan - Daily IDCW;;INF846K01N99;1000.5073;;;22-Jun-2019
146675;Axis Overnight Fund - Direct Plan - Growth Option;INF846K01N65;;1016.3539;;;22-Jun-2019
146677;Axis Overnight Fund - Direct Plan - Monthly IDCW;INF846K01N73;INF846K01N81;1004.8978;;;22-Jun-2019
146676;Axis Overnight Fund - Direct Plan - Weekly IDCW;INF846K01N40;INF846K01N57;1001.4788;;;22-Jun-2019
146682;Axis Overnight Fund - Regular Plan - Daily IDCW;;INF846K01O56;1000.5032;;;22-Jun-2019
146678;Axis Overnight Fund - Regular Plan - Growth Option;INF846K01O23;;1016.0378;;;22-Jun-2019
146681;Axis Overnight Fund - Regular Plan - Monthly IDCW;INF846K01O31;INF846K01O49;1004.8438;;;22-Jun-2019
146680;Axis Overnight Fund - Regular Plan - Weekly IDCW;INF846K01O07;INF846K01O15;1001.4307;;;22-Jun-2019

Bandhan Mutual Fund
146190;BANDHAN Overnight Fund - Direct Plan - Daily IDCW;INF194KB1462;INF194KB1470;1000.1513;;;22-Jun-2019
146191;BANDHAN Overnight Fund - Direct Plan - Growth;INF194KB1447;;1026.2040;;;22-Jun-2019
146192;BANDHAN Overnight Fund - Direct Plan - Weekly IDCW;INF194KB1553;INF194KB1561;1000.1493;;;22-Jun-2019
146188;BANDHAN Overnight Fund - Regular Plan - Daily IDCW;INF194KB1330;INF194KB1348;1000.1479;;;22-Jun-2019
146187;BANDHAN Overnight Fund - Regular Plan - Growth;INF194KB1314;;1025.7520;;;22-Jun-2019
146185;BANDHAN Overnight Fund - Regular Plan - Monthly IDCW;INF194KB1363;INF194KB1371;1003.4841;;;22-Jun-2019

Baroda BNP Paribas Mutual Fund
147197;Baroda BNP Paribas Overnight Fund - Direct Plan - Daily IDCW;;INF955L01HW2;1000.0000;;;22-Jun-2019
147196;Baroda BNP Paribas Overnight Fund - Direct Plan - Growth;INF955L01HV4;;1009.4112;;;22-Jun-2019
147195;Baroda BNP Paribas Overnight Fund - Direct Plan - Weekly IDCW;;INF955L01HX0;1000.8137;;;22-Jun-2019
147194;Baroda BNP Paribas Overnight Fund - Regular Plan - Daily IDCW;;INF955L01HT8;1000.0000;;;22-Jun-2019
147193;Baroda BNP Paribas Overnight Fund - Regular Plan - Growth;INF955L01HS0;;1009.3296;;;22-Jun-2019
147198;Baroda BNP Paribas Overnight Fund - Regular Plan - Weekly IDCW;;INF955L01HU6;1000.8120;;;22-Jun-2019

SBI Mutual Fund
119831;SBI Overnight Fund - Direct Plan - Daily Income Distribution cum Capital Withdrawal Option (IDCW);;INF200K01TJ7;1009.9100;;;22-Jun-2019
119833;SBI OVERNIGHT FUND - DIRECT PLAN - GROWTH;INF200K01TK5;;3133.3139;;;22-Jun-2019
119832;SBI Overnight Fund - Direct Plan - Weekly Income Distribution cum Capital Withdrawal Option (IDCW);INF200K01TL3;INF200K01TM1;1031.1904;;;22-Jun-2019
114297;SBI Overnight Fund - Regular Plan - Daily Income Distribution cum Capital Withdrawal Option (IDCW);;INF200K01LN6;1009.9100;;;22-Jun-2019
101206;SBI OVERNIGHT FUND - REGULAR PLAN - GROWTH;INF200K01LQ9;;3106.8853;;;22-Jun-2019
103140;SBI Overnight Fund - Regular Plan - Weekly Income Distribution cum Capital Withdrawal Option (IDCW);INF200K01LO4;INF200K01LP1;1031.1903;;;22-Jun-2019

Sundaram Mutual Fund
146963;Sundaram Overnight Fund Direct Plan - Growth;INF903JA1HG5;;1021.9252;;;22-Jun-2019
146953;Sundaram Overnight Fund Regular Plan - Daily Reinvestment of Income Distribution cum Capital Withdrawal (IDCW);INF903JA1HC4;;1000.0000;;;22-Jun-2019
146959;Sundaram Overnight Fund Regular Plan - Growth;INF903JA1GZ7;;1021.6646;;;22-Jun-2019
146960;Sundaram Overnight Fund Regular Plan - Monthly Payout of Income Distribution cum Capital Withdrawal (IDCW);INF903JA1HA8;;1021.6608;;;22-Jun-2019
146961;Sundaram Overnight Fund Regular Plan - Monthly Reinvestment of Income Distribution cum Capital Withdrawal (IDCW);INF903JA1HF7;;1021.6608;;;22-Jun-2019

Tata Mutual Fund
146978;TATA Overnight Fund Direct Plan - Daily Reinvestment of Income Distribution cum capital withdrawal option   ;;INF277K019T3;1000.0000;;;22-Jun-2019
146979;TATA Overnight Fund Regular Plan - Daily Reinvestment of Income Distribution cum capital withdrawal option   ;;INF277K017T7;1000.0000;;;22-Jun-2019
146980;Tata Overnight Fund-Direct Plan-Growth;INF277K018T5;;1014.4684;;;22-Jun-2019
146977;Tata Overnight Fund-Regular Plan-Growth;INF277K016T9;;1014.2190;;;22-Jun-2019

Union Mutual Fund
147002;Union Overnight Fund - Direct Plan - Daily IDCW Option;;INF582M01FB0;1000.7500;;;22-Jun-2019
147003;Union Overnight Fund - Direct Plan - Growth Option;INF582M01FA2;;1014.0415;;;22-Jun-2019
147006;Union Overnight Fund - Direct Plan - Monthly IDCW Option;INF582M01FG9;INF582M01FE4;1004.5656;;;22-Jun-2019
146998;Union Overnight Fund - Regular Plan - Daily IDCW Option;;INF582M01FK1;1000.7500;;;22-Jun-2019
146997;Union Overnight Fund - Regular Plan - Growth Option;INF582M01FJ3;;1013.7975;;;22-Jun-2019

UTI Mutual Fund
100814;UTI - Overnight  Fund - Regular Plan - Growth Option;INF789F01604;;2613.1064;;;22-Jun-2019
120785;UTI - Overnight Fund - Direct Plan - Growth Option;INF789FB1S71;;2632.1322;;;22-Jun-2019
124266;UTI Overnight Fund - Direct Plan - Daily IDCW;;INF789FB1S89;1371.6621;;;22-Jun-2019
120786;UTI Overnight Fund - Direct Plan - Periodic IDCW;INF789FB1T05;INF789FB1S97;1465.6564;;;22-Jun-2019
124265;UTI Overnight Fund - Regular Plan - Daily IDCW;;INF789FB1T13;1370.8617;;;22-Jun-2019
100813;UTI Overnight Fund - Regular Plan - Periodic IDCW;INF789F01588;INF789F01596;1430.6451;;;22-Jun-2019

Open Ended Schemes ( Debt Scheme - Liquid Fund )


Aditya Birla Sun Life Mutual Fund
100047;Aditya Birla Sun Life Liquid Fund - Growth;INF209K01RU9;;303.8668;;;22-Jun-2019
119568;Aditya Birla Sun Life Liquid Fund - Growth - Direct Plan;INF209K01VA3;;305.384;;;22-Jun-2019
100046;Aditya Birla Sun Life Liquid Fund -Daily IDCW;INF209K01KQ2;INF209K01SQ5;100.2132;;;22-Jun-2019
119569;Aditya Birla Sun Life Liquid Fund -Direct - daily IDCW;INF209K01UZ2;;100.2135;;;22-Jun-2019
119571;Aditya Birla Sun Life Liquid Fund -DIRECT - IDCW;INF209K01VD7;;165.8006;;;22-Jun-2019
119570;Aditya Birla Sun Life Liquid Fund -Direct - weekly IDCW;INF209K01VC9;;100.2435;;;22-Jun-2019
100041;Aditya Birla Sun Life Liquid Fund -Institutional - IDCW;;INF209K01KN9;108.0426;;;22-Jun-2019
100048;Aditya Birla Sun Life Liquid Fund -Institutional - weekly  IDCW;INF209KA1LK7;INF209K01KY6;108.0877;;;22-Jun-2019
103885;Aditya Birla Sun Life Liquid Fund -Regular - IDCW;INF209KA1LI1;;127.1484;;;22-Jun-2019
100044;Aditya Birla Sun Life Liquid Fund -Retail - IDCW;;INF209K01KP4;163.7238;;;22-Jun-2019
100051;Aditya Birla Sun Life Liquid Fund -weekly IDCW;INF209K01KU4;INF209KA1LJ9;100.2432;;;22-Jun-2019
112014;Aditya Birla Sun Life Liquid Fund- Discipline Advantage Plan;INF209K01KZ3;;204.745;;;22-Jun-2019
100043;Aditya Birla Sun Life Liquid Fund-Institutional (Growth);INF209K01RT1;;506.0331;;;22-Jun-2019
100042;Aditya Birla Sun Life Liquid Fund-Retail (Growth);INF209K01ME4;;493.1103;;;22-Jun-2019

Axis Mutual Fund
128954;Axis Liquid Fund - Direct plan - Bonus Option;INF846K01NH4;;2107.1057;;;22-Jun-2019
120388;Axis Liquid Fund - Direct Plan - Daily IDCW;;INF846K01DA0;1000.9560;;;22-Jun-2019
120389;Axis Liquid Fund - Direct Plan - Growth Option;INF846K01CX4;;2107.2234;;;22-Jun-2019
120391;Axis Liquid Fund - Direct Plan - Monthly IDCW;INF846K01CY2;INF846K01CZ9;1005.2239;;;22-Jun-2019
120390;Axis Liquid Fund - Direct Plan - Weekly IDCW;INF846K01DB8;INF846K01DC6;1003.0049;;;22-Jun-2019
112211;Axis Liquid Fund - Regular Plan - Daily IDCW;;INF846K01420;1001.3998;;;22-Jun-2019
112210;Axis Liquid Fund - Regular Plan - Growth Option;INF846K01412;;2098.4068;;;22-Jun-2019
112213;Axis Liquid Fund - Regular Plan - Monthly IDCW;INF846K01453;INF846K01461;1005.7819;;;22-Jun-2019
112212;Axis Liquid Fund - Regular Plan - Weekly IDCW;INF846K01438;INF846K01446;1002.9975;;;22-Jun-2019
112712;Axis Liquid Fund - Retail Plan - Daily IDCW;;INF846K01362;1000.9559;;;22-Jun-2019
112713;Axis Liquid Fund - Retail Plan - Growth Option;INF846K01354;;1979.1682;;;22-Jun-2019
112714;Axis Liquid Fund - Retail Plan - Monthly IDCW;INF846K01396;INF846K01404;1004.8478;;;22-Jun-2019
112715;Axis Liquid Fund - Retail Plan - Weekly IDCW;INF846K01370;INF846K01388;1001.4622;;;22-Jun-2019

Bandhan Mutual Fund
108692;BANDHAN LIQUID Fund - Regular Plan - Daily IDCW;INF194K01VZ4;INF194K01VY7;1001.2526;;;22-Jun-2019
108690;BANDHAN LIQUID Fund - Regular Plan - Growth;INF194K01VX9;;2292.6159;;;22-Jun-2019
108693;BANDHAN LIQUID Fund - Regular Plan - Monthly IDCW;INF194K01WF4;INF194K01WE7;1004.4151;;;22-Jun-2019
115489;BANDHAN LIQUID Fund - Regular Plan - Periodic IDCW;INF194K01WC1;INF194K01WB3;1511.8330;;;22-Jun-2019
108691;BANDHAN LIQUID Fund - Regular Plan - Weekly IDCW;INF194K01WI8;INF194K01WH0;1001.2545;;;22-Jun-2019
139582;BANDHAN LIQUID Fund - Unclaimed IDCW Less than 3 years;INF194KA14C0;;1.2261;;;22-Jun-2019
139583;BANDHAN LIQUID Fund - Unclaimed IDCW More than 3 years;INF194KA15C7;;1.0000;;;22-Jun-2019
139584;BANDHAN LIQUID Fund - Unclaimed Redemption Less than 3 years;INF194KA12C4;;1.2261;;;22-Jun-2019
139585;BANDHAN LIQUID Fund - Unclaimed Redemption More than 3 years;INF194KA13C2;;1.0000;;;22-Jun-2019
118365;BANDHAN LIQUID Fund -Direct Plan -Monthly IDCW;INF194K01J36;INF194K01J28;1011.1904;;;22-Jun-2019
118367;BANDHAN LIQUID Fund -Direct Plan -Weekly IDCW;INF194KB1JT8;INF194K01J51;1007.1291;;;22-Jun-2019
118366;BANDHAN LIQUID Fund -Direct Plan-Daily IDCW;;INF194K01I78;1001.8358;;;22-Jun-2019
118364;BANDHAN LIQUID Fund -Direct Plan-Growth;INF194K01I60;;2302.1076;;;22-Jun-2019
118363;BANDHAN LIQUID Fund -Direct Plan-Periodic IDCW;INF194K01J02;INF194K01I94;1422.7869;;;22-Jun-2019

Bank of India Mutual Fund
141887;BANK OF INDIA Liquid Fund  Unclaimed Dividend greater than  3 years;;;1000.0000;;;22-Jun-2019
141889;BANK OF INDIA Liquid Fund  Unclaimed Dividend Upto 3 years;;;1120.8824;;;22-Jun-2019
141888;BANK OF INDIA Liquid Fund  Unclaimed Redemption greater than  3 years;;;1000.0000;;;22-Jun-2019
141890;BANK OF INDIA Liquid Fund  Unclaimed Redemption Upto 3 years;;;1120.7666;;;22-Jun-2019
119368;BANK OF INDIA Liquid Fund- Direct Plan- Daily IDCW;;INF761K01CL0;1002.6483;;;22-Jun-2019
119369;BANK OF INDIA Liquid Fund- Direct Plan- Growth;INF761K01785;;2188.8396;;;22-Jun-2019
119370;BANK OF INDIA Liquid Fund- Direct Plan- Weekly IDCW;;INF761K01CM8;1062.4699;;;22-Jun-2019
111971;BANK OF INDIA Liquid Fund- Regular Plan- Daily IDCW;;INF761K01CO4;1002.1069;;;22-Jun-2019
109254;BANK OF INDIA Liquid Fund- Regular Plan- Growth;INF761K01306;;2175.1593;;;22-Jun-2019
109255;BANK OF INDIA Liquid Fund- Regular Plan- Weekly IDCW;;INF761K01CP1;1002.1671;;;22-Jun-2019

Baroda BNP Paribas Mutual Fund
119414;Baroda BNP Paribas LIQUID FUND - DIRECT PLAN - DAILY IDCW OPTION;INF955L01AK2;;1002.0849;;;22-Jun-2019
119415;Baroda BNP Paribas LIQUID FUND - DIRECT PLAN - GROWTH OPTION;INF955L01AL0;;2186.4701;;;22-Jun-2019
119416;Baroda BNP Paribas LIQUID FUND - DIRECT PLAN - WEEKLY IDCW OPTION;INF251K01SL8;;1219.7015;;;22-Jun-2019
111707;Baroda BNP Paribas LIQUID FUND - Regular Plan - DAILY IDCW OPTION;INF955L01468;INF955L01476;1001.1996;;;22-Jun-2019
111704;Baroda BNP Paribas LIQUID FUND - Regular Plan - GROWTH OPTION;INF955L01484;;2173.1152;;;22-Jun-2019
111705;Baroda BNP Paribas LIQUID FUND - Regular Plan - WEEKLY IDCW OPTION;INF251K01SK0;INF955L01500;1000.9480;;;22-Jun-2019
101408;Baroda BNP Paribas LIQUID FUND- Defunct Plan -Growth Option;INF955L01575;;3197.7298;;;22-Jun-2019
101407;Baroda BNP Paribas LIQUID FUND-Defunct Plan- IDCW Option;INF955L01559;INF955L01567;2739.6860;;;22-Jun-2019
101409;Baroda BNP Paribas LIQUID FUND-Defunct Plan-Daily IDCW Option;INF955L01518;INF955L01526;1006.0602;;;22-Jun-2019

Canara Robeco Mutual Fund
118307;CANARA ROBECO LIQUID FUND - DIRECT PLAN - DAILY IDCW (Reinvestment);;INF760K01FS0;1005.5000;;;22-Jun-2019
118305;CANARA ROBECO LIQUID FUND - DIRECT PLAN - GROWTH OPTION;INF760K01FU6;;2293.8250;;;22-Jun-2019
118304;CANARA ROBECO LIQUID FUND - DIRECT PLAN - IDCW (Payout/Reinvestment);INF760K01FT8;;1642.1685;;;22-Jun-2019
118306;CANARA ROBECO LIQUID FUND - DIRECT PLAN - MONTHLY IDCW (Payout/Reinvestment);INF760K01FV4;INF760K01FW2;1004.3136;;;22-Jun-2019
118308;CANARA ROBECO LIQUID FUND - DIRECT PLAN - WEEKLY IDCW (Payout/Reinvestment);INF760K01FY8;INF760K01FX0;1000.5296;;;22-Jun-2019
109349;CANARA ROBECO LIQUID FUND - REGULAR PLAN - DAILY IDCW (Reinvestment);;INF760K01CU3;1005.5000;;;22-Jun-2019
109353;CANARA ROBECO LIQUID FUND - REGULAR PLAN - GROWTH OPTION;INF760K01CW9;;2287.6440;;;22-Jun-2019
109351;CANARA ROBECO LIQUID FUND - REGULAR PLAN - MONTHLY IDCW (Payout/Reinvestment);INF760K01CX7;INF760K01CY5;1004.2987;;;22-Jun-2019
109350;CANARA ROBECO LIQUID FUND - REGULAR PLAN - WEEKLY IDCW (Payout/Reinvestment);INF760K01BZ4;INF760K01CZ2;1000.5280;;;22-Jun-2019
139235;Canara Robeco Liquid Fund -Unclaimed Redemption and Dividend Plan -Direct Growth Option;INF760K01IC8;;1246.8831;;;22-Jun-2019

DSP Mutual Fund
119125;DSP Liquidity Fund - Direct Plan - Growth;INF740K01QL4;;2716.1353;;;22-Jun-2019
119124;DSP Liquidity Fund - Direct Plan - IDCW - Daily;;INF740KA1OB6;1001.1119;;;22-Jun-2019
119123;DSP Liquidity Fund - Direct Plan - IDCW - Weekly;INF740KA1OC4;INF740KA1OD2;1001.2194;;;22-Jun-2019
103347;DSP Liquidity Fund - Regular Plan - Growth;INF740K01FK9;;2700.4723;;;22-Jun-2019
103348;DSP Liquidity Fund - Regular Plan - IDCW - Weekly;INF740K01FM5;INF740K01FL7;1001.2139;;;22-Jun-2019
103349;DSP Liquidity Fund- Regular Plan - IDCW - Daily;;INF740KA1OE0;1001.1091;;;22-Jun-2019

Edelweiss Mutual Fund
140194;Edelweiss Liquid Fund - Direct Plan - Bonus Option;INF754K01GY9;;1421.225;;;22-Jun-2019
140196;Edelweiss Liquid Fund - Direct Plan - Growth Option;INF754K01GM4;;2442.8749;;;22-Jun-2019
140198;Edelweiss Liquid Fund - Direct Plan - IDCW Option;INF754K01GO0;INF754K01GN2;2442.8899;;;22-Jun-2019
140192;Edelweiss Liquid Fund - Direct Plan Annual - IDCW Option;INF754K01GX1;INF754K01GT9;2442.8677;;;22-Jun-2019
140193;Edelweiss Liquid Fund - Direct Plan daily - IDCW Option;;INF754K01GP7;1002.9603;;;22-Jun-2019
140199;Edelweiss Liquid Fund - Direct Plan Fortnightly - IDCW Option;INF754K01GV5;INF754K01GR3;2173.5281;;;22-Jun-2019
140197;Edelweiss Liquid Fund - Direct Plan Monthly - IDCW Option;INF754K01GW3;INF754K01GS1;1045.741;;;22-Jun-2019
140195;Edelweiss Liquid Fund - Direct Plan weekly - IDCW Option;INF754K01GU7;INF754K01GQ5;2172.7062;;;22-Jun-2019
140189;Edelweiss Liquid Fund - Regular Plan - Bonus Option;INF754K01HR1;;1413.2318;;;22-Jun-2019
140182;Edelweiss Liquid Fund - Regular Plan - Growth Option;INF754K01GZ6;;2426.0606;;;22-Jun-2019
140190;Edelweiss Liquid Fund - Regular Plan - IDCW Option;INF754K01GK8;INF754K01GL6;2426.0638;;;22-Jun-2019
140188;Edelweiss Liquid Fund - Regular Plan Annual - IDCW Option;INF754K01HQ3;INF754K01HP5;1678.768;;;22-Jun-2019
140181;Edelweiss Liquid Fund - Regular Plan Daily - IDCW Option;;INF754K01HA7;1002.79;;;22-Jun-2019
140184;Edelweiss Liquid Fund - Regular Plan Fortnightly - IDCW Option;INF754K01HK6;INF754K01HC3;2155.3954;;;22-Jun-2019
140183;Edelweiss Liquid Fund - Regular Plan Monthly - IDCW Option;INF754K01HL4;INF754K01HD1;1008.3663;;;22-Jun-2019
140185;Edelweiss Liquid Fund - Regular Plan Weekly - IDCW Option;INF754K01HJ8;INF754K01HB5;1018.5348;;;22-Jun-2019
140176;Edelweiss Liquid Fund - Retail Plan - Growth Option;INF754K01HE9;;2206.3387;;;22-Jun-2019
140178;Edelweiss Liquid Fund - Retail Plan - Weekly Dividend Option;;INF754K01HG4;1137.1137;;;22-Jun-2019
140177;Edelweiss Liquid Fund - Retail Plan Daily - IDCW Option;;INF754K01HF6;1002.1564;;;22-Jun-2019
140180;Edelweiss Liquid Fund - Retail Plan Monthly - IDCW Option;;INF754K01HI0;1150.5303;;;22-Jun-2019
141159;Edelweiss Liquid Fund - Unclaimed Dividend Plan- Above 3 years;;;1000;;;22-Jun-2019
141161;Edelweiss Liquid Fund - Unclaimed Dividend Plan- Upto 3 years;;;1168.2303;;;22-Jun-2019
141162;Edelweiss Liquid Fund - Unclaimed Redemption Plan- Above 3 years;;;1000;;;22-Jun-2019
141160;Edelweiss Liquid Fund - Unclaimed Redemption Plan- Upto 3 years;;;1168.2396;;;22-Jun-2019

Franklin Templeton Mutual Fund
100538;Franklin India Liquid Fund - Regular Plan - Growth;INF090I01BB1;;4436.5483;;;22-Jun-2019
118577;Franklin India Liquid Fund - Super Institutional - Direct - Growth;INF090I01JV2;;2844.5765;;;22-Jun-2019
100546;Franklin India Liquid Fund - Super Institutional Plan - Growth;INF090I01BG0;;2833.6945;;;22-Jun-2019
102441;Franklin India Liquid Fund - Institution-Growth;INF090I01BD7;;2878.2030;;;22-Jun-2019

Groww Mutual Fund
119135;Groww Liquid Fund ( formerly known as Indiabulls Liquid )Fund - Direct Plan - Growth Option;INF666M01451;;1855.2913;;;22-Jun-2019
119136;Groww Liquid Fund (formerly known as Indiabulls Liquid Fund) - Direct Plan- - Income Distribution cum capital withdrawal Option ( Reinvestment);;INF666M01469;1001.06;;;22-Jun-2019
115991;Groww Liquid Fund (formerly known as Indiabulls Liquid Fund) - Regular Plan - Growth Option;INF666M01014;;1843.6395;;;22-Jun-2019
119138;Groww Liquid Fund (formerly known as Indiabulls Liquid Fund)- Direct Plan- Fortnightly - Income Distribution cum capital withdrawal Option (Payout & Reinvestment);INF666M01501;INF666M01485;1002.7474;;;22-Jun-2019
119139;Groww Liquid Fund (formerly known as Indiabulls Liquid Fund)- Direct Plan- Monthly - Income Distribution cum capital withdrawal Option (Payout & Reinvestment);INF666M01519;INF666M01493;1032.9838;;;22-Jun-2019
119137;Groww Liquid Fund (formerly known as Indiabulls Liquid Fund)- Direct Plan- Weekly - Income Distribution cum capital withdrawal Option (Payout & Reinvestment);INF666M01527;INF666M01477;1001.461;;;22-Jun-2019
115992;Groww Liquid Fund (formerly known as Indiabulls Liquid Fund)- Regular Plan- - Income Distribution cum capital withdrawal Option (Reinvestment);;INF666M01022;1001.1451;;;22-Jun-2019
115995;Groww Liquid Fund (formerly known as Indiabulls Liquid Fund)- Regular Plan- Monthly - Income Distribution cum capital withdrawal Option (Payout & Reinvestment);INF666M01071;INF666M01055;1004.3363;;;22-Jun-2019
115993;Groww Liquid Fund (formerly known as Indiabulls Liquid Fund)- Regular Plan- Weekly - Income Distribution cum capital withdrawal Option (Payout & Reinvestment);INF666M01089;INF666M01030;1002.5199;;;22-Jun-2019
115994;Groww Liquid Fund (formerly known as Indiabulls Liquid) Fund- Regular Plan- Fortnightly - Income Distribution cum capital withdrawal Option (Payout & Reinvestment);INF666M01063;INF666M01048;1002.6447;;;22-Jun-2019

ICICI Prudential Mutual Fund
120197;ICICI Prudential Liquid Fund - Direct Plan - Growth;INF109K01Q49;;280.9346;;;22-Jun-2019
103340;ICICI Prudential Liquid Fund - Growth;INF109K01VQ1;;279.8761;;;22-Jun-2019
103344;ICICI Prudential Liquid Fund - Institutional Option - I;INF109K01VH0;;263.1969;;;22-Jun-2019
101750;ICICI Prudential Liquid Fund Retail Growth;INF109K01UQ3;;430.8335;;;22-Jun-2019
101751;ICICI Prudential Liquid Institutional Fund - Growth;INF109K01VF4;;441.8728;;;22-Jun-2019

IDBI Mutual Fund
126163;IDBI Liquid Fund Bonus Direct;INF397L01FP5;;1523.8970;;;22-Jun-2019
126164;IDBI Liquid Fund Bonus Regular;INF397L01FO8;;1515.9078;;;22-Jun-2019
118345;IDBI Liquid Fund Growth Direct;INF397L01AH3;;2034.9313;;;22-Jun-2019
113104;IDBI Liquid Fund- Monthly IDCW;INF397L01976;INF397L01968;1008.3759;;;22-Jun-2019
118449;IDBI Liquid Fund- Monthly IDCW Direct;INF397L01AK7;INF397L01AJ9;1006.8882;;;22-Jun-2019
113102;IDBI Liquid Fund-Daily IDCW;;INF397L01935;1005.2683;;;22-Jun-2019
118450;IDBI Liquid Fund-Daily IDCW Direct;;INF397L01AI1;1002.3548;;;22-Jun-2019
113096;IDBI Liquid Fund-Growth;INF397L01984;;2021.2050;;;22-Jun-2019
113103;IDBI Liquid Fund-Weekly IDCW;INF397L01950;INF397L01943;1024.0944;;;22-Jun-2019
118451;IDBI Liquid Fund-Weekly IDCW Direct;INF397L01AM3;INF397L01AL5;1004.1098;;;22-Jun-2019

Invesco Mutual Fund
122786;Invesco India Liquid Fund - Bonus Option;INF205K01UX5;;2602.7304;;;22-Jun-2019
104484;Invesco India Liquid Fund - Daily IDCW (Reinvestment);;INF205K01HN3;1001.8103;;;22-Jun-2019
120537;Invesco India Liquid Fund - Direct Plan - Growth;INF205K01MF9;;2613.9247;;;22-Jun-2019
120536;Invesco India Liquid Fund - Direct Plan - Monthly IDCW (Payout / Reinvestment);INF205K01MG7;INF205K01MH5;1031.9062;;;22-Jun-2019
120535;Invesco India Liquid Fund - Direct Plan - Weekly IDCW (Reinvestment);INF205KA1BE5;INF205K01MI3;1001.4329;;;22-Jun-2019
120534;Invesco India Liquid Fund - Direct Plan- Daily IDCW (Reinvestment);;INF205K01ME2;1000.79;;;22-Jun-2019
104486;Invesco India Liquid Fund - Growth;INF205K01HM5;;2602.5229;;;22-Jun-2019
104492;Invesco India Liquid Fund - Monthly IDCW (Payout / Reinvestment);INF205K01HQ6;INF205K01HP8;1007.1979;;;22-Jun-2019
104488;Invesco India Liquid Fund - Regular - Growth;INF205K01HG7;;2379.2322;;;22-Jun-2019
104489;Invesco India Liquid Fund - Regular - Weekly IDCW (Reinvestment);;INF205K01HH5;1002.0518;;;22-Jun-2019
139390;Invesco India Liquid Fund - Unclaimed Dividend Plan - Above 3 Years;;;1000;;;22-Jun-2019
139389;Invesco India Liquid Fund - Unclaimed Dividend Plan - Below 3 Years;;;1238.6906;;;22-Jun-2019
139388;Invesco India Liquid Fund - Unclaimed Redemption Plan - Above 3 Years;;;1000;;;22-Jun-2019
139387;Invesco India Liquid Fund - Unclaimed Redemption Plan - Below 3 years;;;1238.6546;;;22-Jun-2019
104485;Invesco India Liquid Fund - Weekly IDCW (Reinvestment);INF205KA1BD7;INF205K01HO1;1003.9022;;;22-Jun-2019

ITI Mutual Fund
147161;ITI Liquid Fund - Direct Plan - Annually IDCW Option;INF00XX01366;INF00XX01333;1010.4059;;;22-Jun-2019
147158;ITI Liquid Fund - Direct Plan - Daily IDCW Option;;INF00XX01291;1001.0066;;;22-Jun-2019
147160;ITI Liquid Fund - Direct Plan - Fortnightly IDCW Option;INF00XX01341;INF00XX01317;1002.6571;;;22-Jun-2019
147157;ITI Liquid Fund - Direct Plan - Growth Option;INF00XX01283;;1010.4022;;;22-Jun-2019
147163;ITI Liquid Fund - Direct Plan - Monthly IDCW Option;INF00XX01358;INF00XX01325;1005.0843;;;22-Jun-2019
147162;ITI Liquid Fund - Regular Plan - Annually IDCW Option;INF00XX01275;INF00XX01242;1010.2080;;;22-Jun-2019
147154;ITI Liquid Fund - Regular Plan - Daily IDCW Option;;INF00XX01200;1001.0000;;;22-Jun-2019
147153;ITI Liquid Fund - Regular Plan - Growth Option;INF00XX01192;;1010.2199;;;22-Jun-2019
147156;ITI Liquid Fund - Regular Plan - Monthly IDCW Option;INF00XX01267;INF00XX01234;1004.9586;;;22-Jun-2019

LIC Mutual Fund
120248;LIC MF Liquid Fund-Direct Plan-Daily IDCW;INF767K01DL5;INF767K01DM3;1098;;;22-Jun-2019
120249;LIC MF Liquid Fund-Direct Plan-Growth;INF767K01DN1;;3443.302;;;22-Jun-2019
101184;LIC MF Liquid Fund-Regular Plan-Daily IDCW;INF767K01IQ3;INF767K01IR1;1098;;;22-Jun-2019
101185;LIC MF Liquid Fund-Regular Plan-Growth;INF767K01IS9;;3420.2303;;;22-Jun-2019

Mahindra Manulife Mutual Fund
139535;Mahindra Manulife Liquid Fund - Direct Plan - Daily IDCW;;INF174V01051;1000.6042;;;22-Jun-2019
139536;Mahindra Manulife Liquid Fund - Direct Plan - Weekly IDCW;;INF174V01069;1003.3468;;;22-Jun-2019
139538;Mahindra Manulife Liquid Fund - Direct Plan -Growth;INF174V01044;;1231.1626;;;22-Jun-2019
139534;Mahindra Manulife Liquid Fund - Regular Plan - Daily IDCW;;INF174V01028;1000.8646;;;22-Jun-2019
139537;Mahindra Manulife Liquid Fund - Regular Plan - Growth;INF174V01010;;1226.2340;;;22-Jun-2019
139541;Mahindra Manulife Liquid Fund - Regular Plan - Weekly IDCW;;INF174V01036;1009.7614;;;22-Jun-2019
139539;Mahindra Manulife Liquid Fund - Unclaimed Redemption / IDCW Upto three years;;;1093.5040;;;22-Jun-2019

Nippon India Mutual Fund
100852;NIPPON INDIA LIQUID FUND - DAILY IDCW OPTION;;INF204K01UM1;1529.0192;;;22-Jun-2019
118695;NIPPON INDIA LIQUID FUND - DIRECT Plan - DAILY IDCW OPTION;;INF204K01ZG2;1529.0225;;;22-Jun-2019
118696;NIPPON INDIA LIQUID FUND - DIRECT Plan - MONTHLY IDCW OPTION;INF204K01ZI8;INF204K01ZJ6;1596.6913;;;22-Jun-2019
118698;NIPPON INDIA LIQUID FUND - DIRECT Plan - QUARTERLY IDCW OPTION;INF204K01ZK4;INF204K01ZL2;1006.6653;;;22-Jun-2019
118700;NIPPON INDIA LIQUID FUND - DIRECT Plan - WEEKLY IDCW OPTION;INF204KC1FN6;INF204K01ZM0;1530.5828;;;22-Jun-2019
118701;Nippon India Liquid Fund - Direct Plan Growth Plan - Growth Option;INF204K01ZH0;;4638.2586;;;22-Jun-2019
100855;NIPPON INDIA LIQUID FUND - MONTHLY IDCW OPTION;INF204K01UO7;INF204K01UP4;1593.2767;;;22-Jun-2019
112340;NIPPON INDIA LIQUID FUND - QUARTERLY IDCW OPTION;INF204K01UQ2;INF204K01UR0;1004.5525;;;22-Jun-2019
100837;Nippon India Liquid Fund - Retail Option - Growth Plan;INF204K01UL3;;4240.8017;;;22-Jun-2019
100842;NIPPON INDIA LIQUID FUND - RETAIL Plan - DAILY IDCW OPTION;;INF204K01UJ7;1524.5301;;;22-Jun-2019
100843;NIPPON INDIA LIQUID FUND - RETAIL plan - MONTHLY IDCW OPTION;INF204K01UT6;INF204K01UU4;1333.6861;;;22-Jun-2019
100844;NIPPON INDIA LIQUID FUND - RETAIL Plan - QUARTERLY IDCW OPTION;INF204K01UV2;INF204K01UW0;1216.9166;;;22-Jun-2019
100838;NIPPON INDIA LIQUID FUND - RETAIL Plan - WEEKLY IDCW OPTION;;INF204K01UK5;1034.3360;;;22-Jun-2019
100853;NIPPON INDIA LIQUID FUND - WEEKLY IDCW OPTION;INF204KC1FM8;INF204K01US8;1530.5799;;;22-Jun-2019
100851;Nippon India Liquid Fund -Growth Plan;INF204K01UN9;;4614.3701;;;22-Jun-2019

PGIM India Mutual Fund
138296;PGIM India Insta Cash Fund - Direct Plan - Annual Dividend;INF223J01NO4;INF223J01NP1;143.8202;;;22-Jun-2019
138300;PGIM India Insta Cash Fund - Direct Plan - Quarterly Dividend;INF223J01NX5;;147.0243;;;22-Jun-2019
138294;PGIM India Insta Cash Fund - Quarterly Dividend Option;INF223J01IN6;INF223J01IO4;145.1914;;;22-Jun-2019
139603;PGIM India Insta Cash Fund - Unclaimed Dividend Plan - Below 3 years;;;121.0541;;;22-Jun-2019
139604;PGIM India Insta Cash Fund - Unclaimed Redemption Plan - Above 3 years;;;100.4072;;;22-Jun-2019
139605;PGIM India Insta Cash Fund - Unclamied Dividend Plan - Above 3 years;;;100.4126;;;22-Jun-2019
139602;PGIM India Insta Cash Fund - Unlcaimed Redemption Plan - Below 3 years;;;120.8985;;;22-Jun-2019
138292;PGIM India Insta Cash Fund- Annual Dividend Option;INF223J01IP1;INF223J01IQ9;143.8078;;;22-Jun-2019
138278;PGIM India Insta Cash Fund-DIVIDEND-WEEKLY DIVIDEND;INF223J01BN1;;10.356;;;22-Jun-2019
138283;PGIM India Insta Cash Fund-Institutional Plan-Daily Dividend;INF223J01BA8;;10.0516;;;22-Jun-2019
138282;PGIM India Insta Cash Fund-Institutional Plan-Growth;INF223J01BB6;;26.1019;;;22-Jun-2019
138304;PGIM India INSTA CASH FUND-Monthly Bonus Option;INF223J01VD0;;139.6681;;;22-Jun-2019
138286;PGIM India Liquid Fund - Bonus Option;INF223J01BQ4;;168.1901;;;22-Jun-2019
138285;PGIM India Liquid Fund - Daily Dividend;;INF223J01BO9;100.304;;;22-Jun-2019
138297;PGIM India Liquid Fund - Direct Plan - Daily Dividend;INF223J01NR7;;103.076;;;22-Jun-2019
138299;PGIM India Liquid Fund - Direct Plan - Growth;INF223J01NS5;;247.0508;;;22-Jun-2019
138298;PGIM India Liquid Fund - Direct Plan - Monthly Dividend;INF223J01NT3;INF223J01NU1;108.2601;;;22-Jun-2019
138301;PGIM India Liquid Fund - Direct Plan - Weekly Dividend;INF223J01NV9;INF223J01NW7;100.5347;;;22-Jun-2019
138288;PGIM India Liquid Fund - Growth;INF223J01BP6;;246.0205;;;22-Jun-2019
138287;PGIM India Liquid Fund - Monthly Dividend;INF223J01BL5;;108.832;;;22-Jun-2019
138289;PGIM India Liquid Fund - Weekly Dividend;INF223J01BU6;;100.5345;;;22-Jun-2019
138280;PGIM India Liquid Fund-DIVIDEND-Daily Dividend;;INF223J01BI1;10.301;;;22-Jun-2019
138281;PGIM India Liquid Fund-Growth-GROWTH;INF223J01BJ9;;27.5242;;;22-Jun-2019

Principal Mutual Fund
100895;Principal Cash Management Fund - Daily Income Distribution CUM Capital Withdrawal;;INF173K01DB7;965.8814;;;22-Jun-2019
119468;Principal Cash Management Fund - Direct Plan - Growth Option;INF173K01GU0;;1687.8131;;;22-Jun-2019
119467;Principal Cash Management Fund - Direct Plan - Income Distribution CUM Capital Withdrawal Option - Daily;;INF173K01GT2;966.2724;;;22-Jun-2019
119469;Principal Cash Management Fund - Direct Plan - Income Distribution CUM Capital Withdrawal Option - Weekly;;INF173K01GY2;972.5665;;;22-Jun-2019
100897;Principal Cash Management Fund - Monthly Income Distribution CUM Capital Withdrawal Option;INF173K01BV9;INF173K01BW7;991.2579;;;22-Jun-2019
100896;Principal Cash Management Fund - Weekly Income Distribution CUM Capital Withdrawal Option;;INF173K01DC5;971.4895;;;22-Jun-2019
119466;Principal Cash Management Fund -Direct Plan - Income Distribution CUM Capital Withdrawal Option - Monthly;INF173K01GV8;INF173K01GW6;991.9615;;;22-Jun-2019
100898;Principal Cash Management Fund -Growth Option;INF173K01DA9;;1679.3265;;;22-Jun-2019

Quantum Mutual Fund
103736;Quantum Liquid Fund - Direct Plan Daily IDCW;;INF082J01135;10.0094;;;22-Jun-2019
103734;Quantum Liquid Fund - Direct Plan Growth Option;INF082J01127;;25.8665;;;22-Jun-2019
103735;Quantum Liquid Fund - Direct Plan Monthly IDCW;INF082J01143;INF082J01200;10.0533;;;22-Jun-2019
141065;Quantum Liquid Fund - Regular Plan Daily IDCW;;INF082J01317;10.0042;;;22-Jun-2019
141066;Quantum Liquid Fund - Regular Plan Growth Option;INF082J01309;;25.8347;;;22-Jun-2019
141067;Quantum Liquid Fund - Regular Plan Monthly IDCW;INF082J01325;INF082J01333;10.0525;;;22-Jun-2019

SBI Mutual Fund
119804;SBI Liquid Fund - Direct Paln - Fortnightly Income Distribution cum Capital Withdrawal Option (IDCW);INF200K01UR8;INF200K01US6;1013.0967;;;22-Jun-2019
119805;SBI Liquid Fund - Direct Plan - Daily Income Distribution cum Capital Withdrawal Option (IDCW);;INF200K01UQ0;1003.2500;;;22-Jun-2019
119799;SBI Liquid Fund - Direct Plan - Weekly Income Distribution cum Capital Withdrawal Option (IDCW);INF200K01UU2;INF200K01UV0;1061.0596;;;22-Jun-2019
119800;SBI Liquid Fund - DIRECT PLAN -Growth;INF200K01UT4;;2974.9857;;;22-Jun-2019
105274;SBI Liquid Fund - Institutional - Growth;INF200K01LU1;;2989.8339;;;22-Jun-2019
105275;SBI Liquid Fund - Institutional Daily Income Distribution cum Capital Withdrawal Option (IDCW);;INF200K01LR7;1003.2500;;;22-Jun-2019
105279;SBI Liquid Fund - Institutional Fortnightly Income Distribution cum Capital Withdrawal Option (IDCW);INF200K01LS5;INF200K01LT3;1024.4013;;;22-Jun-2019
105278;SBI Liquid Fund - Institutional Weekly Income Distribution cum Capital Withdrawal Option (IDCW);INF200K01LV9;INF200K01LW7;1060.3503;;;22-Jun-2019
105281;SBI Liquid Fund - Regular Plan - Daily Income Distribution cum Capital Withdrawal Option (IDCW);;INF200K01LX5;1003.2500;;;22-Jun-2019
105283;SBI Liquid Fund - Regular Plan - Fortnightly Income Distribution cum Capital Withdrawal Option (IDCW);INF200K01LY3;INF200K01LZ0;1013.0831;;;22-Jun-2019
105282;SBI Liquid Fund - Regular Plan - Weekly Income Distribution cum Capital Withdrawal Option (IDCW);INF200K01MB9;INF200K01MC7;1061.0596;;;22-Jun-2019
105280;SBI Liquid Fund - REGULAR PLAN -Growth;INF200K01MA1;;2961.8917;;;22-Jun-2019

Sundaram Mutual Fund
119690;Sundaram Money Fund Direct Plan - Bonus;INF903J01RL8;;14.3335;;;22-Jun-2019
119688;Sundaram Money Fund Direct Plan - Daily Reinvestment of Income Distribution cum Capital Withdrawal (IDCW);;INF903J01QA3;10.1025;;;22-Jun-2019
119692;Sundaram Money Fund Direct Plan - Fortnightly Reinvestment of Income Distribution cum Capital Withdrawal (IDCW);;INF903J01QB1;26.1808;;;22-Jun-2019
119686;Sundaram Money Fund Direct Plan - Growth;INF903J01QF2;;40.0510;;;22-Jun-2019
119687;Sundaram Money Fund Direct Plan - Monthly Income Distribution cum Capital Withdrawal (IDCW);INF903J01QC9;INF903J01QD7;10.7641;;;22-Jun-2019
119689;Sundaram Money Fund Direct Plan - Quarterly Reinvestment of Income Distribution cum Capital Withdrawal (IDCW);;INF903J01QE5;37.7937;;;22-Jun-2019
119691;Sundaram Money Fund Direct Plan - Weekly Reinvestment of Income Distribution cum Capital Withdrawal (IDCW);;INF903J01QG0;11.8851;;;22-Jun-2019
102701;Sundaram Money Fund Institutional Plan - Daily Reinvestment of Income Distribution cum Capital Withdrawal (IDCW);;INF903J01GP2;10.0953;;;22-Jun-2019
102703;Sundaram Money Fund Institutional Plan - Growth;INF903J01GN7;;38.8675;;;22-Jun-2019
118328;Sundaram Money Fund Regular Plan - Bonus;INF903J01MB0;;14.2467;;;22-Jun-2019
103392;Sundaram Money Fund Regular Plan - Daily Reinvestment of Income Distribution cum Capital Withdrawal (IDCW);;INF903J01GW8;10.0953;;;22-Jun-2019
103395;Sundaram Money Fund Regular Plan - Fortnightly Reinvestment of Income Distribution cum Capital Withdrawal (IDCW);;INF903J01GY4;11.0758;;;22-Jun-2019
103397;Sundaram Money Fund Regular Plan - Growth;INF903J01GU2;;39.8560;;;22-Jun-2019
103396;Sundaram Money Fund Regular Plan - Monthly Income Distribution cum Capital Withdrawal (IDCW);INF903J01GV0;INF903J01GZ1;10.6197;;;22-Jun-2019
103393;Sundaram Money Fund Regular Plan - Quarterly Reinvestment of Income Distribution cum Capital Withdrawal (IDCW);;INF903J01HA2;37.6513;;;22-Jun-2019
100620;Sundaram Money Fund Retail Plan - Daily Reinvestment of Income Distribution cum Capital Withdrawal (IDCW);;INF903J01GI7;10.0953;;;22-Jun-2019
100622;Sundaram Money Fund Retail Plan - Fortnightly Reinvestment of Income Distribution cum Capital Withdrawal (IDCW);;INF903J01GK3;11.0587;;;22-Jun-2019
100618;Sundaram Money Fund Retail Plan - Growth;INF903J01GG1;;37.2474;;;22-Jun-2019
100623;Sundaram Money Fund Retail Plan - Monthly Income Distribution cum Capital Withdrawal (IDCW);INF903J01GH9;INF903J01GL1;10.6329;;;22-Jun-2019
100619;Sundaram Money Fund Retail Plan - Quarterly Reinvestment of Income Distribution cum Capital Withdrawal (IDCW);;INF903J01GM9;12.6690;;;22-Jun-2019
100621;Sundaram Money Fund Retail Plan - Weekly Reinvestment of Income Distribution cum Capital Withdrawal (IDCW);;INF903J01GJ5;11.8196;;;22-Jun-2019
140006;Sundaram Money Fund Unclaimed Amount Plan - Unclaimed Dividend Less Than Three Years;INF903JA1567;;11.9741;;;22-Jun-2019
140005;Sundaram Money Fund Unclaimed Amount Plan - Unclaimed Dividend More Than Three Years;INF903JA1575;;10.0000;;;22-Jun-2019
140003;Sundaram Money Fund Unclaimed Amount Plan - Unclaimed Redemption Less Than Three Years;INF903JA1542;;11.9834;;;22-Jun-2019
140004;Sundaram Money Fund Unclaimed Amount Plan - Unclaimed Redemption More Than Three Years;INF903JA1559;;10.0000;;;22-Jun-2019
103394;Sundaram Money Fund Regular Plan - Weekly Reinvestment of Income Distribution cum Capital Withdrawal (IDCW);;INF903J01GX6;11.8633;;;22-Jun-2019

Tata Mutual Fund
102672;Tata Liquid Fund -Regular Plan - Growth Option;INF277K01YD8;;2978.5818;;;22-Jun-2019
119862;Tata Liquid Fund- Direct Plan - Daily Reinvestment of IDCW Option;;INF277K012D2;1001.5187;;;22-Jun-2019
119861;Tata Liquid Fund- Direct Plan-Growth Option;INF277K01YE6;;2993.3208;;;22-Jun-2019
101714;Tata Liquid Fund- Regular Plan - Daily Reinvestment of IDCW Option;;INF277K011D4;1001.5157;;;22-Jun-2019

Union Mutual Fund
115401;Union Liquid Fund - Daily IDCW Option;;INF582M01021;1000.6489;;;22-Jun-2019
119301;Union Liquid Fund - Direct Plan - Daily IDCW Option;;INF582M01682;1000.7830;;;22-Jun-2019
119305;Union Liquid Fund - Direct Plan - Fortnightly IDCW Option;INF582M01724;INF582M01708;1002.4097;;;22-Jun-2019
119303;Union Liquid Fund - Direct Plan - Growth Option;INF582M01674;;1827.7170;;;22-Jun-2019
119302;Union Liquid Fund - Direct Plan - Monthly IDCW Option;INF582M01732;INF582M01716;1005.1034;;;22-Jun-2019
119304;Union Liquid Fund - Direct Plan - Weekly IDCW Option;;INF582M01690;1001.2286;;;22-Jun-2019
115399;Union Liquid Fund - Fortnightly IDCW Option;INF582M01062;INF582M01047;1002.3801;;;22-Jun-2019
115398;Union Liquid Fund - Growth Option;INF582M01013;;1816.1825;;;22-Jun-2019
115400;Union Liquid Fund - Monthly IDCW Option;INF582M01070;INF582M01054;1005.0347;;;22-Jun-2019
142345;Union Liquid Fund - Unclaimed Amounts Plan - IDCW Beyond 3 years;;;1000.0000;;;22-Jun-2019
142344;Union Liquid Fund - Unclaimed Amounts Plan - IDCW Upto 3 years;;;1062.7980;;;22-Jun-2019
142343;Union Liquid Fund - Unclaimed Amounts Plan - Redemption Beyond 3 years;;;1000.0000;;;22-Jun-2019
142342;Union Liquid Fund - Unclaimed Amounts Plan - Redemption Upto 3 years;;;1062.6304;;;22-Jun-2019
115402;Union Liquid Fund - Weekly IDCW Option;;INF582M01039;1001.4565;;;22-Jun-2019

UTI Mutual Fund
134427;UTI Liquid Fund - Direct Plan - Annual IDCW;INF789FA1K63;INF789FA1K71;1368.1043;;;22-Jun-2019
120558;UTI Liquid Fund - Direct Plan - Daily IDCW (Reinvestment);;INF789F01XP8;1019.4457;;;22-Jun-2019
141768;UTI Liquid Fund - Direct Plan - Flexi IDCW;INF789FA1K89;INF789FA1K97;1126.8407;;;22-Jun-2019
140913;UTI Liquid Fund - Direct Plan - Fortnightly IDCW;INF789FA1K06;INF789FA1K14;1157.4146;;;22-Jun-2019
140504;UTI Liquid Fund - Direct Plan - Half-Yearly IDCW;INF789FA1K48;INF789FA1K55;1068.6654;;;22-Jun-2019
120794;UTI Liquid Fund - Direct Plan - Monthly IDCW;INF789F01XR4;INF789F01XS2;1028.8706;;;22-Jun-2019
140024;UTI Liquid Fund - Direct Plan - Quarterly IDCW;INF789FA1K22;INF789FA1K30;1292.0881;;;22-Jun-2019
120777;UTI Liquid Fund - Direct Plan - Weekly IDCW;;INF789F01XT0;1053.5292;;;22-Jun-2019
133973;UTI Liquid Fund - Regular Plan - Annual IDCW;INF789FA1J66;INF789FA1J74;1366.6919;;;22-Jun-2019
102010;UTI Liquid Fund - Regular Plan - Daily IDCW (Reinvestment);;INF789F01PG3;1019.4457;;;22-Jun-2019
140517;UTI Liquid Fund - Regular Plan - Flexi IDCW;INF789FA1J82;INF789FA1J90;1126.3848;;;22-Jun-2019
139838;UTI Liquid Fund - Regular Plan - Fortnightly IDCW;INF789FA1J09;INF789FA1J17;1156.5732;;;22-Jun-2019
102011;UTI Liquid Fund - Regular Plan - Monthly IDCW;INF789F01PI9;INF789F01PJ7;1028.8385;;;22-Jun-2019
135721;UTI Liquid Fund - Regular Plan - Quarterly IDCW;INF789FA1J25;INF789FA1J33;1290.402;;;22-Jun-2019
102013;UTI Liquid Fund - Regular Plan - Weekly IDCW;;INF789F01PK5;1053.5223;;;22-Jun-2019
120304;UTI-  Liquid Cash Plan - Direct Plan - Growth Option;INF789F01XQ6;;3110.8476;;;22-Jun-2019
102012;UTI-  Liquid Cash Plan - Regular Plan - Growth Option;INF789F01PH1;;3099.4351;;;22-Jun-2019
102008;UTI-  Liquid Cash Plan- Discontinued - Regular Plan - Monthly Dividend Option;INF789F01BC2;INF789F01BA6;1183.0372;;;22-Jun-2019
102009;UTI-  Liquid Cash Plan- Discontinued - Regular Plan -Growth;INF789F01BB4;;2893.2649;;;22-Jun-2019
102007;UTI-  Liquid Cash Plan- Discontinued -Regular Plan Periodic Dividend Option;;INF789F01AZ5;1135.3122;;;22-Jun-2019

Open Ended Schemes ( Debt Scheme - Ultra Short Duration Fund )


PGIM India Mutual Fund
138342;PGIM India Ultra Short Duration Fund - Daily Dividend;INF223J01FH4;;10.0203;;;22-Jun-2019
138361;PGIM India Ultra Short Duration Fund - Direct Plan - Daily Dividend;;INF223J01QL3;10.0179;;;22-Jun-2019
138358;PGIM India Ultra Short Duration Fund - Direct Plan - Growth;INF223J01QO7;;23.7154;;;22-Jun-2019
138359;PGIM India Ultra Short Duration Fund - Direct Plan - Monthly Dividend;INF223J01QP4;;11.3413;;;22-Jun-2019
138362;PGIM India Ultra Short Duration Fund - Direct Plan - Weekly Dividend;INF223J01QR0;INF223J01QS8;10.2791;;;22-Jun-2019
138343;PGIM India Ultra Short Duration Fund - Growth;INF223J01FK8;;23.3516;;;22-Jun-2019
138344;PGIM India Ultra Short Duration Fund - Monthly Dividend;INF223J01FL6;INF223J01FM4;11.8695;;;22-Jun-2019
138338;PGIM India Ultra Short Duration Fund - Regular Plan - Daily Dividend;INF223J01FW3;;10.0215;;;22-Jun-2019
138337;PGIM India Ultra Short Duration Fund - Regular Plan - Growth;INF223J01FX1;;28.7963;;;22-Jun-2019
138340;PGIM India Ultra Short Duration Fund - Regular Plan - Monthly Dividend;INF223J01FY9;INF223J01FZ6;10.3579;;;22-Jun-2019
138339;PGIM India Ultra Short Duration Fund - Regular Plan - Weekly Dividend;INF223J01GC3;;10.5154;;;22-Jun-2019
138341;PGIM India Ultra Short Duration Fund - Weekly Dividend;INF223J01FO0;INF223J01FP7;10.091;;;22-Jun-2019
138360;PGIM India Ultra Short Term Fund - Direct Plan - Annual Dividend;INF223J01QI9;INF223J01QJ7;10.8268;;;22-Jun-2019
138363;PGIM India Ultra Short Term Fund - Direct Plan - Bonus;INF223J01QK5;;17.7564;;;22-Jun-2019
138357;PGIM India Ultra Short Term Fund - Direct Plan - Dividend;INF223J01QM1;INF223J01QN9;14.8613;;;22-Jun-2019
138364;PGIM India Ultra Short Term Fund - Direct Plan - Quarterly Dividend;INF223J01QT6;INF223J01QU4;11.1985;;;22-Jun-2019
138349;PGIM India Ultra Short Term Fund - Dividend;INF223J01FI2;INF223J01FJ0;15.6697;;;22-Jun-2019
138353;PGIM India Ultra Short Term Fund - Quarterly Dividend;INF223J01JH6;;11.4721;;;22-Jun-2019

Open Ended Schemes ( Debt Scheme - Medium Duration Fund )


PGIM India Mutual Fund
138696;DHFL Pramerica Medium Term Fund - Direct Plan - Annual Dividend;INF223JA1MH6;INF223JA1MI4;4.8397;;;22-Jun-2019
138697;DHFL Pramerica Medium Term Fund - Direct Plan - Monthly Dividend;INF223JA1MD5;;4.8339;;;22-Jun-2019
138700;DHFL Pramerica Medium Term Fund - Regular Plan - Monthly Dividend;INF223JA1LX5;INF223JA1LY3;4.7975;;;22-Jun-2019
138692;DHFL Pramerica Medium Term Fund- Direct Plan - Regular Dividend;INF223J01N46;INF223J01N53;5.9185;;;22-Jun-2019
138693;DHFL Pramerica Medium Term Fund- Direct Plan- Growth;INF223J01N61;;7.5528;;;22-Jun-2019
138691;DHFL Pramerica Medium Term Fund- Regular Plan - Regular Dividend;INF223J01N12;INF223J01N20;5.6987;;;22-Jun-2019
138694;DHFL Pramerica Medium Term Fund- Regular Plan- Growth;INF223J01N38;;7.2646;;;22-Jun-2019

Open Ended Schemes ( Debt Scheme - Credit Risk Fund )


PGIM India Mutual Fund
138897;PGIM India Credit Risk Fund - Direct Plan - Annual Dividend;INF663L01GG7;INF663L01GH5;12.4806;;;22-Jun-2019
138898;PGIM India Credit Risk Fund - Direct Plan - Growth;INF663L01GB8;;14.6528;;;22-Jun-2019
138899;PGIM India Credit Risk Fund - Direct Plan - Monthly Dividend;INF663L01GC6;INF663L01GD4;9.8215;;;22-Jun-2019
138900;PGIM India Credit Risk Fund - Direct Plan - Quarterly Dividend;INF663L01GF9;;10.2737;;;22-Jun-2019
138907;PGIM India Credit Risk Fund - Regular Plan - Annual Dividend;INF663L01FZ9;INF663L01GA0;12.0773;;;22-Jun-2019
138908;PGIM India Credit Risk Fund - Regular Plan - Dividend;INF663L01GP8;INF663L01GQ6;11.811;;;22-Jun-2019
138905;PGIM India Credit Risk Fund - Regular Plan - Growth;INF663L01GK9;;13.9595;;;22-Jun-2019
138906;PGIM India Credit Risk Fund - Regular Plan - Monthly Dividend;INF663L01GL7;INF663L01GM5;9.7568;;;22-Jun-2019
138903;PGIM India Credit Risk Fund - Regular Plan - Quarterly Dividend;INF663L01GN3;INF663L01GO1;10.0219;;;22-Jun-2019

Open Ended Schemes ( Debt Scheme - Floater Fund )


PGIM India Mutual Fund
138521;DHFL Pramerica Floating Rate Fund - Annual Bonus;INF663L01IG3;;7.4284;;;22-Jun-2019
138496;DHFL Pramerica Floating Rate Fund - Bonus;INF663L01IH1;;8.1415;;;22-Jun-2019
138484;DHFL Pramerica Floating Rate Fund - Daily Dividend;;INF663L01IS8;5.2796;;;22-Jun-2019
138512;DHFL Pramerica Floating Rate Fund - Direct Plan - Annual Dividend;;;5.1747;;;22-Jun-2019
138510;DHFL Pramerica Floating Rate Fund - Direct Plan - Daily Dividend;;INF663L01IJ7;5.2807;;;22-Jun-2019
138509;DHFL Pramerica Floating Rate Fund - Direct Plan - Growth;INF663L01II9;;10.9731;;;22-Jun-2019
138481;DHFL Pramerica Floating Rate Fund - Growth;INF663L01IT6;;10.8156;;;22-Jun-2019
138513;DHFL Pramerica Short Term Floating Rate Fund - Direct Plan - Weekly Dividend;INF663L01IK5;INF663L01IL3;5.6891;;;22-Jun-2019
138492;DHFL Pramerica Short Term Floating Rate Fund - Monthly Dividend;INF663L01IU4;INF663L01IV2;5.4383;;;22-Jun-2019
138491;DHFL Pramerica Short Term Floating Rate Fund - Weekly Dividend;INF663L01JA4;INF663L01JB2;5.2032;;;22-Jun-2019

Close Ended Schemes ( Income )


PGIM India Mutual Fund
141640;PGIM India Fixed Duration Fund- Series AH - Regular Plan Annual Dividend Option;INF663L01VA9;INF663L01UZ8;1134.1234;;;22-Jun-2019
141639;PGIM India Fixed Duration Fund- Series AH- Direct Plan Quarterly Dividend Option;INF663L01US3;INF663L01UT1;1136.3526;;;22-Jun-2019
141637;PGIM India Fixed Duration Fund- Series AH- Direct Plan- Annual Dividend Option;INF663L01UU9;INF663L01UV7;1136.2493;;;22-Jun-2019
141635;PGIM India Fixed Duration Fund- Series AH- Regular Plan- Growth Option;INF663L01UW5;;1134.1197;;;22-Jun-2019
141636;PGIM India Fixed Duration Fund- Series AH- Regular Plan- Quarterly Dividend Option;INF663L01UX3;INF663L01UY1;1134.1229;;;22-Jun-2019
141638;PGIM India Fixed Duration Fund- Series AH-Direct Plan Growth Option;INF663L01UR5;;1136.9277;;;22-Jun-2019
142562;PGIM India Fixed Duration Fund - Series AP - Direct Plan - Growth Option;INF663L01ZE2;;1107.8487;;;22-Jun-2019
142557;PGIM India Fixed Duration Fund - Series AP - Regular Plan - Growth Option;INF663L01ZJ1;;1098.8312;;;22-Jun-2019
142561;PGIM India Fixed Duration Fund - Series AP - Regular Plan - Standard Dividend Option;INF663L01ZK9;INF663L01ZL7;1099.482;;;22-Jun-2019

SBI Mutual Fund
146547;SBI Capital Protection Oriented Fund - Series A (Plan 1) - Direct Plan - Growth;INF200KA1ZR1;;10.2010;;;22-Jun-2019
146546;SBI Capital Protection Oriented Fund - Series A (Plan 1) - Regular Plan - Growth;INF200KA1ZQ3;;10.1844;;;22-Jun-2019
146704;SBI Capital Protection Oriented Fund - Series A (Plan 2) - Direct Plan - Growth;INF200KA1B96;;10.1327;;;22-Jun-2019
146705;SBI Capital Protection Oriented Fund - Series A (Plan 2) - Regular Plan - Growth;INF200KA1B88;;10.1207;;;22-Jun-2019
147242;SBI Capital Protection Oriented Fund - Series A (Plan 3) - Direct Plan - Growth;INF200KA1E51;;10.0893;;;22-Jun-2019
147240;SBI Capital Protection Oriented Fund - Series A (Plan 3) - Regular Plan - Growth;INF200KA1E44;;10.0850;;;22-Jun-2019
139565;SBI DEBT FUNDS SERIES B - 42 (1100 DAYS) - DIRECT PLAN - DIVIDEND PAYOUT;INF200KA1KB7;;12.3725;;;22-Jun-2019
139567;SBI DEBT FUNDS SERIES B - 42 (1100 DAYS) - DIRECT PLAN - GROWTH;INF200KA1KA9;;12.3726;;;22-Jun-2019
139564;SBI DEBT FUNDS SERIES B - 42 (1100 DAYS) - REGULAR PLAN - DIVIDEND PAYOUT;INF200KA1JZ8;;12.2375;;;22-Jun-2019
139566;SBI DEBT FUNDS SERIES B - 42 (1100 DAYS) - REGULAR PLAN - GROWTH;INF200KA1JY1;;12.2375;;;22-Jun-2019
139790;SBI DEBT FUND SERIES B - 43(1100 DAYS)- DIRECT PLAN - DIVIDEND PAYOUT;INF200KA1KR3;;12.2137;;;22-Jun-2019
139791;SBI DEBT FUND SERIES B - 43(1100 DAYS)- DIRECT PLAN - GROWTH;INF200KA1KQ5;;12.2136;;;22-Jun-2019
139789;SBI DEBT FUND SERIES B - 43(1100 DAYS)- REGULAR PLAN - GROWTH;INF200KA1KO0;;12.0854;;;22-Jun-2019
139788;SBI DEBT FUND SERIES B - 43(1100 DAYS)-REGULAR PLAN - DIVIDEND PAYOUT;INF200KA1KP7;;12.0854;;;22-Jun-2019
140012;SBI Debt Fund Series B - 44 (1100 Days) - Direct Plan - Dividend;INF200KA1LD1;;11.9888;;;22-Jun-2019
140011;SBI Debt Fund Series B - 44 (1100 Days) - Direct plan - Growth;INF200KA1LC3;;11.9888;;;22-Jun-2019
140014;SBI Debt Fund Series B - 44 (1100 Days) - Regular Plan - Dividend;INF200KA1LB5;;11.8791;;;22-Jun-2019
140013;SBI Debt Fund Series B - 44 (1100 Days) - Regular Plan - Growth;INF200KA1LA7;;11.8791;;;22-Jun-2019
140736;SBI DEBT FUND SERIES B - 46 (1155 DAYS) - DIRECT PLAN - DIVIDEND PAYOUT;INF200KA1MB3;;11.7176;;;22-Jun-2019
140735;SBI DEBT FUND SERIES B - 46 (1155 DAYS) - DIRECT PLAN - GROWTH;INF200KA1MA5;;11.7164;;;22-Jun-2019
140734;SBI DEBT FUND SERIES B - 46 (1155 DAYS) - REGULAR PLAN - DIVIDEND PAYOUT;INF200KA1LZ4;;11.6398;;;22-Jun-2019
140733;SBI DEBT FUND SERIES B - 46 (1155 DAYS) - REGULAR PLAN - GROWTH;INF200KA1LY7;;11.6401;;;22-Jun-2019
140764;SBI DEBT FUND SERIES B - 49 (1170 DAYS) - DIRECT PLAN - DIVIDEND PAYOUT;INF200KA1MV1;;11.7513;;;22-Jun-2019
140761;SBI DEBT FUND SERIES B - 49 (1170 DAYS) - DIRECT PLAN - GROWTH;INF200KA1MU3;;11.7513;;;22-Jun-2019
140762;SBI DEBT FUND SERIES B - 49 (1170 DAYS) - REGULAR PLAN - DIVIDEND PAYOUT;INF200KA1MT5;;11.6760;;;22-Jun-2019
140763;SBI DEBT FUND SERIES B - 49 (1170 DAYS) - REGULAR PLAN - GROWTH;INF200KA1MS7;;11.6755;;;22-Jun-2019
141525;SBI DEBT FUND SERIES C - 1 (1100 DAYS) - DIRECT PLAN - DIVIDEND PAYOUT;INF200KA1PX0;;10.9523;;;22-Jun-2019
141524;SBI DEBT FUND SERIES C - 1 (1100 DAYS) - DIRECT PLAN - GROWTH;INF200KA1PW2;;10.9523;;;22-Jun-2019
141523;SBI DEBT FUND SERIES C - 1 (1100 DAYS) - REGULAR PLAN - DIVIDEND PAYOUT;INF200KA1PV4;;10.8672;;;22-Jun-2019
141522;SBI DEBT FUND SERIES C - 1 (1100 DAYS) - REGULAR PLAN - GROWTH;INF200KA1PU6;;10.8667;;;22-Jun-2019
142551;SBI Debt Fund Series - C - 10 (1150 Days) - Direct Plan - Income Distribution cum Capital Withdrawal Option (IDCW);INF200KA1SR6;;11.0725;;;22-Jun-2019
142552;SBI Debt Fund Series - C - 10 (1150 Days) - Regular Plan - Income Distribution cum Capital Withdrawal Option (IDCW);INF200KA1SP0;;11.0204;;;22-Jun-2019
142550;SBI DEBT FUND SERIES C - 10 (1150 DAYS) - DIRECT PLAN - GROWTH;INF200KA1SQ8;;11.0725;;;22-Jun-2019
142553;SBI DEBT FUND SERIES C - 10 (1150 DAYS) - REGULAR PLAN - GROWTH;INF200KA1SO3;;11.0204;;;22-Jun-2019
142872;SBI Debt Fund Series - C - 12 (1122 Days) - Direct Plan - Income Distribution cum Capital Withdrawal Option (IDCW);INF200KA1TD4;;10.9762;;;22-Jun-2019
142870;SBI Debt Fund Series - C - 12 (1122 Days) - Regular Plan - Income Distribution cum Capital Withdrawal Option (IDCW);INF200KA1TB8;;10.9268;;;22-Jun-2019
142871;SBI DEBT FUND SERIES C - 12 (1122 DAYS) - DIRECT PLAN - GROWTH;INF200KA1TC6;;10.9764;;;22-Jun-2019
142869;SBI DEBT FUND SERIES C - 12 (1122 DAYS) - REGULAR PLAN - GROWTH;INF200KA1TA0;;10.9269;;;22-Jun-2019
142960;SBI Debt Fund Series - C - 14 (1122 Days) - Direct Plan - Income Distribution cum Capital Withdrawal Option (IDCW);INF200KA1TL7;;10.9681;;;22-Jun-2019
142957;SBI Debt Fund Series - C - 14 (1122 Days) - Regular Plan - Income Distribution cum Capital Withdrawal Option (IDCW);INF200KA1TJ1;;10.9252;;;22-Jun-2019
142959;SBI DEBT FUND SERIES C - 14 (1122 DAYS) - DIRECT PLAN - GROWTH;INF200KA1TK9;;10.9683;;;22-Jun-2019
142958;SBI DEBT FUND SERIES C - 14 (1122 DAYS) - REGULAR PLAN - GROWTH;INF200KA1TI3;;10.9196;;;22-Jun-2019
143492;SBI Debt Fund Series - C - 16 (1100 Days) - Direct Plan - Income Distribution cum Capital Withdrawal Option (IDCW);INF200KA1UB6;;11.0419;;;22-Jun-2019
143490;SBI Debt Fund Series - C - 16 (1100 Days) - Regular Plan - Income Distribution cum Capital Withdrawal Option (IDCW);INF200KA1TZ7;;11.0063;;;22-Jun-2019
143489;SBI DEBT FUND SERIES C -16 (1100 DAYS) - DIRECT PLAN - GROWTH;INF200KA1UA8;;11.0419;;;22-Jun-2019
143491;SBI DEBT FUND SERIES C -16 (1100 DAYS) - REGULAR PLAN - GROWTH;INF200KA1TY0;;11.0063;;;22-Jun-2019
143776;SBI Debt Fund Series - C - 18 (1100 Days) - Direct Plan - Income Distribution cum Capital Withdrawal Option (IDCW);INF200KA1UJ9;;11.0055;;;22-Jun-2019
143774;SBI Debt Fund Series - C - 18 (1100 Days) - Regular Plan - Income Distribution cum Capital Withdrawal Option (IDCW);INF200KA1UH3;;10.9708;;;22-Jun-2019
143775;SBI DEBT FUND SERIES C - 18 (1100 DAYS) - DIRECT PLAN - GROWTH;INF200KA1UI1;;11.0041;;;22-Jun-2019
143773;SBI DEBT FUND SERIES C - 18 (1100 DAYS) - REGULAR PLAN - GROWTH;INF200KA1UG5;;10.9708;;;22-Jun-2019
144038;SBI Debt Fund Series - C - 19 (1100 Days) - Direct Plan - Income Distribution cum Capital Withdrawal Option (IDCW);INF200KA1UN1;;10.9526;;;22-Jun-2019
144036;SBI Debt Fund Series - C - 19 (1100 Days) - Regular Plan - Income Distribution cum Capital Withdrawal Option (IDCW);INF200KA1UL5;;10.9157;;;22-Jun-2019
144037;SBI Debt Fund Series C - 19 (1100 Days) - Direct Plan - Growth;INF200KA1UM3;;10.9526;;;22-Jun-2019
144035;SBI Debt Fund Series C - 19 (1100 Days) - Regular Plan - Growth;INF200KA1UK7;;10.9157;;;22-Jun-2019
141746;SBI DEBT FUND SERIES C - 2 (1100 DAYS) - DIRECT PLAN - DIVIDEND PAYOUT;INF200KA1RH9;;11.2574;;;22-Jun-2019
141745;SBI DEBT FUND SERIES C - 2 (1100 DAYS) - DIRECT PLAN - GROWTH;INF200KA1RG1;;11.2574;;;22-Jun-2019
141744;SBI DEBT FUND SERIES C - 2 (1100 DAYS) - REGULAR PLAN - DIVIDEND PAYOUT;INF200KA1RF3;;11.1761;;;22-Jun-2019
141747;SBI DEBT FUND SERIES C - 2 (1100 DAYS) - REGULAR PLAN - GROWTH;INF200KA1RE6;;11.1761;;;22-Jun-2019
144350;SBI Debt Fund Series - C - 20 (1100 Days) - Direct Plan - Income Distribution cum Capital Withdrawal Option (IDCW);INF200KA1UV4;;10.8978;;;22-Jun-2019
144348;SBI Debt Fund Series - C - 20 (1100 Days) - Regular Plan - Income Distribution cum Capital Withdrawal Option (IDCW);INF200KA1UT8;;10.8647;;;22-Jun-2019
144349;SBI Debt Fund Series C - 20 - (1100 Days) - Direct Plan - Growth;INF200KA1UU6;;10.8978;;;22-Jun-2019
144347;SBI Debt Fund Series C - 20 - (1100 Days) - Regular Plan - Growth;INF200KA1US0;;10.8648;;;22-Jun-2019
144368;SBI Debt Fund Series - C - 21 (1100 Days) - Direct Plan - Income Distribution cum Capital Withdrawal Option (IDCW);INF200KA1UZ5;;10.8321;;;22-Jun-2019
144367;SBI Debt Fund Series - C - 21 (1100 Days) - Regular Plan - Income Distribution cum Capital Withdrawal Option (IDCW);INF200KA1UX0;;10.7980;;;22-Jun-2019
144366;SBI Debt Fund Series C - 21 (1100 Days) - Direct Plan - Growth;INF200KA1UY8;;10.8321;;;22-Jun-2019
144365;SBI Debt Fund Series C - 21 (1100 Days) - Regular Plan - Growth;INF200KA1UW2;;10.7979;;;22-Jun-2019
144495;SBI Debt Fund Series - C - 22 (1100 Days) - Direct Plan - Income Distribution cum Capital Withdrawal Option (IDCW);INF200KA1VD0;;10.7348;;;22-Jun-2019
144493;SBI Debt Fund Series - C - 22 (1100 Days) - Regular Plan - Income Distribution cum Capital Withdrawal Option (IDCW);INF200KA1VB4;;10.7072;;;22-Jun-2019
144494;SBI Debt Fund Series C - 22 (1100 Days) - Direct Plan - Growth;INF200KA1VC2;;10.7348;;;22-Jun-2019
144492;SBI Debt Fund Series C - 22 (1100 Days) - Regular Plan - Growth;INF200KA1VA6;;10.7071;;;22-Jun-2019
144843;SBI Debt Fund Series - C - 23 (1100 Days) - Direct Plan - Income Distribution cum Capital Withdrawal Option (IDCW);INF200KA1VL3;;10.8227;;;22-Jun-2019
144841;SBI Debt Fund Series - C - 23 (1100 Days) - Regular Plan - Income Distribution cum Capital Withdrawal Option (IDCW);INF200KA1VJ7;;10.7924;;;22-Jun-2019
144842;SBI Debt Fund Series C - 23 - (1100 Days) - Direct Plan - Growth;INF200KA1VK5;;10.8227;;;22-Jun-2019
144840;SBI Debt Fund Series C - 23 - (1100 Days) - Regular Plan - Growth;INF200KA1VI9;;10.7925;;;22-Jun-2019
144920;SBI Debt Fund Series - C - 24 (1100 Days) - Direct Plan - Income Distribution cum Capital Withdrawal Option (IDCW);INF200KA1VP4;;10.8537;;;22-Jun-2019
144917;SBI Debt Fund Series - C - 24 (1100 Days) - Regular Plan - Income Distribution cum Capital Withdrawal Option (IDCW);INF200KA1VN9;;10.8274;;;22-Jun-2019
144918;SBI Debt Fund Series C - 24 - (1100 Days) - Direct Plan - Growth;INF200KA1VO7;;10.8537;;;22-Jun-2019
144919;SBI Debt Fund Series C - 24 - (1100 Days) - Regular Plan - Growth;INF200KA1VM1;;10.8268;;;22-Jun-2019
144993;SBI Debt Fund Series - C - 25 (1100 Days) - Direct Plan - Income Distribution cum Capital Withdrawal Option (IDCW);INF200KA1VU4;;10.7987;;;22-Jun-2019
144991;SBI Debt Fund Series - C - 25 (1100 Days) - Regular Plan - Income Distribution cum Capital Withdrawal Option (IDCW);INF200KA1VS8;;10.7523;;;22-Jun-2019
144992;SBI Debt Fund Series C - 25 - (1100 Days) - Direct Plan - Growth;INF200KA1VT6;;10.7987;;;22-Jun-2019
144990;SBI Debt Fund Series C - 25 - (1100 Days) - Regular Plan - Growth;INF200KA1VR0;;10.7516;;;22-Jun-2019
145230;SBI Debt Fund Series - C - 26 (1125 Days) - Direct Plan - Income Distribution cum Capital Withdrawal Option (IDCW);INF200KA1WC0;;10.8466;;;22-Jun-2019
145231;SBI Debt Fund Series - C - 26 (1125 Days) - Regular Plan - Income Distribution cum Capital Withdrawal Option (IDCW);INF200KA1WA4;;10.8302;;;22-Jun-2019
145229;SBI Debt Fund Series C - 26 - (1125 Days) - Direct Plan - Growth;INF200KA1WB2;;10.8477;;;22-Jun-2019
145232;SBI Debt Fund Series C - 26 - (1125 Days) - Regular Plan - Growth;INF200KA1VZ3;;10.8203;;;22-Jun-2019
145373;SBI Debt Fund Series - C - 27 (391 Days) - Direct Plan - Income Distribution cum Capital Withdrawal Option (IDCW);INF200KA12G0;;10.7915;;;22-Jun-2019
145374;SBI Debt Fund Series - C - 27 (391 Days) - Regular Plan - Income Distribution cum Capital Withdrawal Option (IDCW);INF200KA10G4;;10.7703;;;22-Jun-2019
145372;SBI Debt Fund Series C - 27 - (391 Days) - Direct Plan - Growth;INF200KA11G2;;10.7915;;;22-Jun-2019
145371;SBI Debt Fund Series C - 27 - (391 Days) - Regular Plan - Growth;INF200KA19F7;;10.7702;;;22-Jun-2019
145497;SBI Debt Fund Series - C - 28 (386 Days) - Direct Plan - Income Distribution cum Capital Withdrawal Option (IDCW);INF200KA16G1;;10.7103;;;22-Jun-2019
145498;SBI Debt Fund Series - C - 28 (386 Days) - Regular Plan - Income Distribution cum Capital Withdrawal Option (IDCW);INF200KA14G6;;10.6850;;;22-Jun-2019
145499;SBI Debt Fund Series C - 28 - (386 Days) - Direct Plan - Growth;INF200KA15G3;;10.7071;;;22-Jun-2019
145500;SBI Debt Fund Series C - 28 - (386 Days) - Regular Plan - Growth;INF200KA13G8;;10.6850;;;22-Jun-2019
145502;SBI Debt Fund Series C - 29 - (366 Days) - Direct Plan - Dividend Payout;INF200KA1WS6;;10.5546;;;22-Jun-2019
145504;SBI Debt Fund Series C - 29 - (366 Days) - Direct Plan - Growth;INF200KA1WR8;;10.5546;;;22-Jun-2019
145503;SBI Debt Fund Series C - 29 - (366 Days) - Regular Plan - Dividend Payout;INF200KA1WQ0;;10.5329;;;22-Jun-2019
145501;SBI Debt Fund Series C - 29 - (366 Days) - Regular Plan - Growth;INF200KA1WP2;;10.5329;;;22-Jun-2019
145645;SBI Debt Fund Series - C - 30 (385 Days) - Direct Plan - Income Distribution cum Capital Withdrawal Option (IDCW);INF200KA10H2;;10.6377;;;22-Jun-2019
145644;SBI Debt Fund Series - C - 30 (385 Days) - Regular Plan - Income Distribution cum Capital Withdrawal Option (IDCW);INF200KA18G7;;10.6201;;;22-Jun-2019
145647;SBI Debt Fund Series C - 30 - (385 Days) - Direct Plan - Growth;INF200KA19G5;;10.6377;;;22-Jun-2019
145646;SBI Debt Fund Series C - 30 - (385 Days) - Regular Plan - Growth;INF200KA17G9;;10.6201;;;22-Jun-2019
145741;SBI Debt Fund Series C - 31 - (365 Days) - Direct Plan - Dividend Payout;INF200KA1XJ3;;10.4939;;;22-Jun-2019
145740;SBI Debt Fund Series C - 31 - (365 Days) - Direct Plan - Growth;INF200KA1XI5;;10.4939;;;22-Jun-2019
145739;SBI Debt Fund Series C - 31 - (365 Days) - Regular Plan - Dividend Payout;INF200KA1XH7;;10.4772;;;22-Jun-2019
145742;SBI Debt Fund Series C - 31 - (365 Days) - Regular Plan - Growth;INF200KA1XG9;;10.4772;;;22-Jun-2019
145744;SBI Debt Fund Series - C - 32 (380 Days) - Direct Plan - Income Distribution cum Capital Withdrawal Option (IDCW);INF200KA14H4;;10.5652;;;22-Jun-2019
145743;SBI Debt Fund Series - C - 32 (380 Days) - Regular Plan - Income Distribution cum Capital Withdrawal Option (IDCW);INF200KA12H8;;10.5486;;;22-Jun-2019
145746;SBI Debt Fund Series C - 32 - (380 Days) - Direct Plan - Growth;INF200KA13H6;;10.5652;;;22-Jun-2019
145745;SBI Debt Fund Series C - 32 - (380 Days) - Regular Plan - Growth;INF200KA11H0;;10.5486;;;22-Jun-2019
145858;SBI Debt Fund Series - C - 33 (1216 Days) - Direct Plan - Income Distribution cum Capital Withdrawal Option (IDCW);INF200KA1XN5;;10.5316;;;22-Jun-2019
145857;SBI Debt Fund Series - C - 33 (1216 Days) - Regular Plan - Income Distribution cum Capital Withdrawal Option (IDCW);INF200KA1XL9;;10.5157;;;22-Jun-2019
145855;SBI Debt Fund Series C - 33 (1216 Days) - Direct Plan - Growth;INF200KA1XM7;;10.5316;;;22-Jun-2019
145856;SBI Debt Fund Series C - 33 (1216 Days) - Regular Plan - Growth;INF200KA1XK1;;10.5157;;;22-Jun-2019
145948;SBI Debt Fund Series - C - 34 (1211 Days) - Direct Plan - Income Distribution cum Capital Withdrawal Option (IDCW);INF200KA1XR6;;10.4921;;;22-Jun-2019
145950;SBI Debt Fund Series - C - 34 (1211 Days) - Regular Plan - Income Distribution cum Capital Withdrawal Option (IDCW);INF200KA1XP0;;10.4772;;;22-Jun-2019
145947;SBI DEBT FUND SERIES C - 34 (1211 DAYS) - DIRECT PLAN - GROWTH;INF200KA1XQ8;;10.4921;;;22-Jun-2019
145949;SBI DEBT FUND SERIES C - 34 (1211 DAYS) - REGULAR PLAN - GROWTH;INF200KA1XO3;;10.4772;;;22-Jun-2019
145988;SBI Debt Fund Series - C - 35 (376 Days) - Direct Plan - Income Distribution cum Capital Withdrawal Option (IDCW);INF200KA18J1;;10.4953;;;22-Jun-2019
145990;SBI Debt Fund Series - C - 35 (376 Days) - Regular Plan - Income Distribution cum Capital Withdrawal Option (IDCW);INF200KA16J5;;10.4834;;;22-Jun-2019
145987;SBI Debt Fund Series C - 35 (376 Days) - Direct Plan - Growth;INF200KA17J3;;10.4953;;;22-Jun-2019
145989;SBI Debt Fund Series C - 35 (376 Days) - Regular Plan - Growth;INF200KA15J7;;10.4834;;;22-Jun-2019
145993;SBI Debt Fund Series C - 36 (365 Days) - Direct Plan - Dividend;INF200KA1XZ9;;10.4097;;;22-Jun-2019
145994;SBI Debt Fund Series C - 36 (365 Days) - Direct Plan - Growth;INF200KA1XY2;;10.4097;;;22-Jun-2019
145992;SBI Debt Fund Series C - 36 (365 Days) - Regular Plan - Dividend;INF200KA1XX4;;10.3975;;;22-Jun-2019
145991;SBI Debt Fund Series C - 36 (365 Days) - Regular Plan - Growth;INF200KA1XW6;;10.3975;;;22-Jun-2019
146026;SBI Debt Fund Series C - 37 - (365 Days) - Direct Plan - Dividend Payout;INF200KA1YD4;;10.3781;;;22-Jun-2019
146023;SBI Debt Fund Series C - 37 - (365 Days) - Direct Plan - Growth;INF200KA1YC6;;10.3781;;;22-Jun-2019
146025;SBI Debt Fund Series C - 37 - (365 Days) - Regular Plan - Dividend Payout;INF200KA1YB8;;10.3669;;;22-Jun-2019
146024;SBI Debt Fund Series C - 37- (365 Days) - Regular Plan - Growth;INF200KA1YA0;;10.3669;;;22-Jun-2019
146175;SBI Debt Fund Series - C - 38 (389 Days) - Direct Plan - Income Distribution cum Capital Withdrawal Option (IDCW);INF200KA16K3;;10.4651;;;22-Jun-2019
146176;SBI Debt Fund Series - C - 38 (389 Days) - Regular Plan - Income Distribution cum Capital Withdrawal Option (IDCW);INF200KA14K8;;10.4541;;;22-Jun-2019
146174;SBI Debt Fund Series C - 38 (389 Days) - Direct Plan - Growth;INF200KA15K5;;10.4649;;;22-Jun-2019
146173;SBI Debt Fund Series C - 38 (389 Days) - Regular Plan - Growth;INF200KA13K0;;10.4541;;;22-Jun-2019
146286;SBI Debt Fund Series - C - 40 (1177 Days) - Direct Plan - Income Distribution cum Capital Withdrawal Option (IDCW);INF200KA1YZ7;;10.4550;;;22-Jun-2019
146287;SBI Debt Fund Series - C - 40 (1177 Days) - Regular Plan - Income Distribution cum Capital Withdrawal Option (IDCW);INF200KA1YX2;;10.4447;;;22-Jun-2019
146288;SBI Debt Fund Series C - 40 - (1177 Days) - Regular Plan - Growth;INF200KA1YW4;;10.4447;;;22-Jun-2019
146289;SBI Debt Fund Series C - 40- (1177 Days) - Direct Plan - Growth;INF200KA1YY0;;10.4550;;;22-Jun-2019
146313;SBI Debt Fund Series - C - 41 (1178 Days) - Direct Plan - Income Distribution cum Capital Withdrawal Option (IDCW);INF200KA1ZD1;;10.4392;;;22-Jun-2019
146315;SBI Debt Fund Series - C - 41 (1178 Days) - Regular Plan - Income Distribution cum Capital Withdrawal Option (IDCW);INF200KA1ZB5;;10.4293;;;22-Jun-2019
146312;SBI Debt Fund Series C - 41 (1178 Days) - Direct Plan - Growth;INF200KA1ZC3;;10.4392;;;22-Jun-2019
146314;SBI Debt Fund Series C - 41 (1178 Days) - Regular Plan - Growth;INF200KA1ZA7;;10.4293;;;22-Jun-2019
146364;SBI Debt Fund Series C - 42 (365 Days) - Direct Plan - Dividend Payout;INF200KA1ZH2;;10.3179;;;22-Jun-2019
146365;SBI Debt Fund Series C - 42 (365 Days) - Direct Plan - Growth;INF200KA1ZG4;;10.3179;;;22-Jun-2019
146363;SBI Debt Fund Series C - 42 (365 Days) - Regular Plan - Dividend Payout;INF200KA1ZF6;;10.3088;;;22-Jun-2019
146362;SBI Debt Fund Series C - 42 (365 Days) - Regular Plan - Growth;INF200KA1ZE9;;10.3088;;;22-Jun-2019
146368;SBI Debt Fund Series - C - 43 (384 Days) - Direct Plan - Income Distribution cum Capital Withdrawal Option (IDCW);INF200KA10J8;;10.4010;;;22-Jun-2019
146366;SBI Debt Fund Series - C - 43 (384 Days) - Regular Plan - Income Distribution cum Capital Withdrawal Option (IDCW);INF200KA18I3;;10.3919;;;22-Jun-2019
146367;SBI Debt Fund Series C - 43 (384 Days) - Direct Plan - Growth;INF200KA19I1;;10.4010;;;22-Jun-2019
146369;SBI Debt Fund Series C - 43 (384 Days) - Regular Plan - Growth;INF200KA17I5;;10.3919;;;22-Jun-2019
146494;SBI Debt Fund Series - C - 44 (378 Days) - Direct Plan - Income Distribution cum Capital Withdrawal Option (IDCW);INF200KA14J0;;10.3544;;;22-Jun-2019
146496;SBI Debt Fund Series - C - 44 (378 Days) - Regular Plan - Income Distribution cum Capital Withdrawal Option (IDCW);INF200KA12J4;;10.3458;;;22-Jun-2019
146495;SBI Debt Fund Series C - 44 (378 Days) - Direct Plan - Growth;INF200KA13J2;;10.3544;;;22-Jun-2019
146493;SBI Debt Fund Series C - 44 (378 Days) - Regular Plan - Growth;INF200KA11J6;;10.3458;;;22-Jun-2019
146591;SBI Debt Fund Series - C - 46 (376 Days) - Direct Plan - Income Distribution cum Capital Withdrawal Option (IDCW);INF200KA12K2;;10.3396;;;22-Jun-2019
146593;SBI Debt Fund Series - C - 46 (376 Days) - Regular Plan - Income Distribution cum Capital Withdrawal Option (IDCW);INF200KA10K6;;10.3319;;;22-Jun-2019
146592;SBI Debt Fund Series C - 46 (376 Days) - Direct Plan- Growth;INF200KA11K4;;10.3396;;;22-Jun-2019
146590;SBI Debt Fund Series C - 46 (376 Days) - Regular Plan - Growth;INF200KA19J9;;10.3320;;;22-Jun-2019
146653;SBI Debt Fund Series C - 47 (360 Days) - Direct Plan - Dividend Payout;INF200KA1B39;;10.2465;;;22-Jun-2019
146651;SBI Debt Fund Series C - 47 (360 Days) - Direct Plan - Growth;INF200KA1B21;;10.2465;;;22-Jun-2019
146654;SBI Debt Fund Series C - 47 (360 Days) - Regular Plan - Dividend Payout;INF200KA1B13;;10.2393;;;22-Jun-2019
146652;SBI Debt Fund Series C - 47 (360 Days) - Regular Plan - Growth;INF200KA1B05;;10.2393;;;22-Jun-2019
146656;SBI Debt Fund Series C - 48 (385 Days) - Direct Plan - Growth;INF200KA19K7;;10.2749;;;22-Jun-2019
146658;SBI Debt Fund Series C - 48 (385 Days) - Direct Plan - Income Distribution cum Capital Withdrawal Option (IDCW);INF200KA10L4;;10.2749;;;22-Jun-2019
146655;SBI Debt Fund Series C - 48 (385 Days) - Regular Plan - Growth;INF200KA17K1;;10.2678;;;22-Jun-2019
146657;SBI Debt Fund Series C - 48 (385 Days) - Regular Plan - Income Distribution cum Capital Withdrawal Option (IDCW);INF200KA18K9;;10.2678;;;22-Jun-2019
146766;SBI Debt Fund Series - C - 49 (390 Days) - Direct Plan - Income Distribution cum Capital Withdrawal Option (IDCW);INF200KA14L6;;10.2578;;;22-Jun-2019
146767;SBI Debt Fund Series - C - 49 (390 Days) - Regular Plan - Income Distribution cum Capital Withdrawal Option (IDCW);INF200KA12L0;;10.2475;;;22-Jun-2019
146765;SBI Debt Fund Series C - 49 (390 Days) - Direct Plan - Growth;INF200KA13L8;;10.2578;;;22-Jun-2019
146768;SBI Debt Fund Series C - 49 (390 Days) - Regular Plan - Growth;INF200KA11L2;;10.2512;;;22-Jun-2019
146879;SBI Debt Fund Series - C - 50 (383 Days) - Direct Plan - Income Distribution cum Capital Withdrawal Option (IDCW);INF200KA18L7;;10.2233;;;22-Jun-2019
146880;SBI Debt Fund Series - C - 50 (383 Days) - Regular Plan - Income Distribution cum Capital Withdrawal Option (IDCW);INF200KA16L1;;10.2172;;;22-Jun-2019
146878;SBI Debt Fund Series C - 50 (383 Days) - Direct Plan - Growth;INF200KA17L9;;10.2233;;;22-Jun-2019
146877;SBI Debt Fund Series C - 50 (383 Days) - Regular Plan - Growth;INF200KA15L3;;10.2172;;;22-Jun-2019
142178;SBI Debt Fund Series - C - 7 (1190 Days) - Direct Plan - Income Distribution cum Capital Withdrawal Option (IDCW);INF200KA1SB0;;11.0956;;;22-Jun-2019
142180;SBI Debt Fund Series - C - 7 (1190 Days) - Regular Plan - Income Distribution cum Capital Withdrawal Option (IDCW);INF200KA1RZ1;;11.0381;;;22-Jun-2019
142177;SBI DEBT FUND SERIES C - 7 (1190 DAYS) - DIRECT PLAN - GROWTH;INF200KA1SA2;;11.0956;;;22-Jun-2019
142179;SBI DEBT FUND SERIES C - 7 (1190 DAYS) - REGULAR PLAN - GROWTH;INF200KA1RY4;;11.0381;;;22-Jun-2019
142333;SBI Debt Fund Series - C - 8 (1175 Days) - Direct Plan - Income Distribution cum Capital Withdrawal Option (IDCW);INF200KA1SJ3;;11.1013;;;22-Jun-2019
142331;SBI Debt Fund Series - C - 8 (1175 Days) - Regular Plan - Income Distribution cum Capital Withdrawal Option (IDCW);INF200KA1SH7;;11.0460;;;22-Jun-2019
142330;SBI DEBT FUND SERIES C - 8 (1175 DAYS) - REGULAR PLAN - GROWTH;INF200KA1SG9;;11.0460;;;22-Jun-2019
142332;SBI DEBT FUND SERIES C -8 (1175 DAYS) - DIRECT PLAN - GROWTH;INF200KA1SI5;;11.1013;;;22-Jun-2019
142487;SBI Debt Fund Series - C - 9 (1150 Days) - Direct Plan - Income Distribution cum Capital Withdrawal Option (IDCW);INF200KA1SN5;;11.0746;;;22-Jun-2019
142486;SBI Debt Fund Series - C - 9 (1150 Days) - Regular Plan - Income Distribution cum Capital Withdrawal Option (IDCW);INF200KA1SL9;;11.0240;;;22-Jun-2019
142485;SBI DEBT FUND SERIES C - 9 (1150 DAYS) - DIRECT PLAN - GROWTH;INF200KA1SM7;;11.0746;;;22-Jun-2019
142488;SBI DEBT FUND SERIES C - 9 (1150 DAYS) - REGULAR PLAN - GROWTH;INF200KA1SK1;;11.0240;;;22-Jun-2019
140596;SBI DUAL ADVANTAGE FUND - SERIES XIX - DIRECT PLAN - DIVIDEND PAYOUT;INF200KA1LX9;;11.5803;;;22-Jun-2019
140597;SBI DUAL ADVANTAGE FUND - SERIES XIX - DIRECT PLAN - GROWTH;INF200KA1LW1;;11.5802;;;22-Jun-2019
140598;SBI DUAL ADVANTAGE FUND - SERIES XIX - REGULAR PLAN - DIVIDEND PAYOUT;INF200KA1LV3;;11.3880;;;22-Jun-2019
140595;SBI DUAL ADVANTAGE FUND - SERIES XIX - REGULAR PLAN - GROWTH;INF200KA1LU5;;11.3876;;;22-Jun-2019
139531;SBI Dual Advantage Fund - Series XVI - Direct Plan - Dividend Payout;INF200KA1JX3;;12.0625;;;22-Jun-2019
139526;SBI Dual Advantage Fund - Series XVI - Direct Plan - Growth;INF200KA1JW5;;12.0647;;;22-Jun-2019
139532;SBI Dual Advantage Fund - Series XVI - Regular Plan - Dividend Payout;INF200KA1JV7;;11.8057;;;22-Jun-2019
139533;SBI Dual Advantage Fund - Series XVI - Regular Plan - Growth;INF200KA1JU9;;11.8045;;;22-Jun-2019
139793;SBI Dual Advantage Fund  XVII - Direct Plan - Dividend Payout;INF200KA1KN2;;11.9639;;;22-Jun-2019
139792;SBI Dual Advantage Fund  XVII - Regular Plan - Growth;INF200KA1KK8;;11.7258;;;22-Jun-2019
139794;SBI Dual Advantage Fund - Series XVII - Direct Plan - growth;INF200KA1KM4;;11.9636;;;22-Jun-2019
139795;SBI Dual Advantage Fund - Series XVII - Regular Plan - Dividend Payout;INF200KA1KL6;;11.7279;;;22-Jun-2019
140393;SBI Dual Advantage Fund - Series XVIII - Direct Plan - Dividend Payout;INF200KA1LL4;;11.3079;;;22-Jun-2019
140396;SBI Dual Advantage Fund - Series XVIII - Direct Plan - Growth;INF200KA1LK6;;11.4003;;;22-Jun-2019
140395;SBI Dual Advantage Fund - Series XVIII - Regular Plan - Dividend Payout;INF200KA1LJ8;;11.1077;;;22-Jun-2019
140394;SBI Dual Advantage Fund - Series XVIII - Regular Plan - Growth;INF200KA1LI0;;11.1106;;;22-Jun-2019
141350;SBI DUAL ADVANTAGE FUND - SERIES XXII - DIRECT PLAN - DIVIDEND PAYOUT;INF200KA1OR5;;10.8206;;;22-Jun-2019
141348;SBI DUAL ADVANTAGE FUND - SERIES XXII - DIRECT PLAN - GROWTH;INF200KA1OQ7;;10.8206;;;22-Jun-2019
141347;SBI DUAL ADVANTAGE FUND - SERIES XXII - REGULAR PLAN - DIVIDEND PAYOUT;INF200KA1OP9;;10.6517;;;22-Jun-2019
141349;SBI DUAL ADVANTAGE FUND - SERIES XXII - REGULAR PLAN - GROWTH;INF200KA1OO2;;10.6564;;;22-Jun-2019
141633;SBI DUAL ADVANTAGE FUND - SERIES XXIII - DIRECT PLAN - DIVIDEND PAYOUT;INF200KA1QZ3;;10.6314;;;22-Jun-2019
141634;SBI DUAL ADVANTAGE FUND - SERIES XXIII - DIRECT PLAN - GROWTH;INF200KA1QY6;;10.6328;;;22-Jun-2019
141632;SBI DUAL ADVANTAGE FUND - SERIES XXIII - REGULAR PLAN - DIVIDEND PAYOUT;INF200KA1QX8;;10.4888;;;22-Jun-2019
141631;SBI DUAL ADVANTAGE FUND - SERIES XXIII - REGULAR PLAN - GROWTH;INF200KA1QW0;;10.4878;;;22-Jun-2019
141834;SBI DUAL ADVANTAGE FUND - SERIES XXIV - DIRECT PLAN - DIVIDEND PAYOUT;INF200KA1RL1;;10.8745;;;22-Jun-2019
141832;SBI DUAL ADVANTAGE FUND - SERIES XXIV - DIRECT PLAN - GROWTH;INF200KA1RK3;;10.8744;;;22-Jun-2019
141831;SBI DUAL ADVANTAGE FUND - SERIES XXIV - REGULAR PLAN - DIVIDEND PAYOUT;INF200KA1RJ5;;10.7422;;;22-Jun-2019
141833;SBI DUAL ADVANTAGE FUND - SERIES XXIV - REGULAR PLAN - GROWTH;INF200KA1RI7;;10.7391;;;22-Jun-2019
144114;SBI Dual Advantage Fund - Series XXIX - Direct Plan - Growth;INF200KA1UQ4;;10.6801;;;22-Jun-2019
144112;SBI Dual Advantage Fund - Series XXIX - Direct Plan - Income Distribution cum Capital Withdrawal Option (IDCW);INF200KA1UR2;;10.6787;;;22-Jun-2019
144111;SBI Dual Advantage Fund - Series XXIX - Regular Plan - Growth;INF200KA1UO9;;10.6064;;;22-Jun-2019
144113;SBI Dual Advantage Fund - Series XXIX - Regular Plan - Income Distribution cum Capital Withdrawal Option (IDCW);INF200KA1UP6;;10.6073;;;22-Jun-2019
141960;SBI DUAL ADVANTAGE FUND - SERIES XXV - DIRECT PLAN - GROWTH;INF200KA1RS6;;10.6989;;;22-Jun-2019
141962;SBI Dual Advantage Fund - Series XXV - Direct Plan - Income Distribution cum Capital Withdrawal Option (IDCW);INF200KA1RT4;;10.6990;;;22-Jun-2019
141959;SBI DUAL ADVANTAGE FUND - SERIES XXV - REGULAR PLAN - GROWTH;INF200KA1RQ0;;10.5802;;;22-Jun-2019
141961;SBI Dual Advantage Fund - Series XXV - Regular Plan - Income Distribution cum Capital Withdrawal Option (IDCW);INF200KA1RR8;;10.5797;;;22-Jun-2019
142259;SBI DUAL ADVANTAGE FUND - SERIES XXVI - DIRECT PLAN - GROWTH;INF200KA1SE4;;10.7374;;;22-Jun-2019
142256;SBI Dual Advantage Fund - Series XXVI - Direct Plan - Income Distribution cum Capital Withdrawal Option (IDCW);INF200KA1SF1;;10.7376;;;22-Jun-2019
142257;SBI DUAL ADVANTAGE FUND - SERIES XXVI - REGULAR PLAN - GROWTH;INF200KA1SC8;;10.6306;;;22-Jun-2019
142258;SBI Dual Advantage Fund - Series XXVI - Regular Plan - Income Distribution cum Capital Withdrawal Option (IDCW);INF200KA1SD6;;10.6308;;;22-Jun-2019
142751;SBI DUAL ADVANTAGE FUND - SERIES XXVII - DIRECT PLAN - GROWTH;INF200KA1SU0;;10.6818;;;22-Jun-2019
142752;SBI Dual Advantage Fund - Series XXVII - Direct Plan - Income Distribution cum Capital Withdrawal Option (IDCW);INF200KA1SV8;;10.6818;;;22-Jun-2019
142749;SBI DUAL ADVANTAGE FUND - SERIES XXVII - REGULAR PLAN - GROWTH;INF200KA1SS4;;10.5852;;;22-Jun-2019
142750;SBI Dual Advantage Fund - Series XXVII - Regular Plan - Income Distribution cum Capital Withdrawal Option (IDCW);INF200KA1ST2;;10.5856;;;22-Jun-2019
143363;SBI DUAL ADVANTAGE FUND - SERIES XXVIII - DIRECT PLAN - GROWTH;INF200KA1TS2;;10.8121;;;22-Jun-2019
143364;SBI Dual Advantage Fund - Series XXVIII - Direct Plan - Income Distribution cum Capital Withdrawal Option (IDCW);INF200KA1TT0;;10.7827;;;22-Jun-2019
143362;SBI DUAL ADVANTAGE FUND - SERIES XXVIII - REGULAR PLAN - GROWTH;INF200KA1TQ6;;10.6980;;;22-Jun-2019
143365;SBI Dual Advantage Fund - Series XXVIII - Regular Plan - Income Distribution cum Capital Withdrawal Option (IDCW);INF200KA1TR4;;10.6984;;;22-Jun-2019
145160;SBI Dual Advantage Fund - Series XXX - Direct Plan - Income Distribution cum Capital Withdrawal Option (IDCW);INF200KA1VY6;;10.7720;;;22-Jun-2019
145159;SBI Dual Advantage Fund - Series XXX - Regular Plan - Income Distribution cum Capital Withdrawal Option (IDCW);INF200KA1VW0;;10.7209;;;22-Jun-2019
145161;SBI Dual Advantage Fund Series XXX - Direct Plan - Growth;INF200KA1VX8;;10.7720;;;22-Jun-2019
145162;SBI Dual Advantage Fund Series XXX - Regular Plan - Growth;INF200KA1VV2;;10.7209;;;22-Jun-2019
146974;SBI Fixed Maturity Plan (FMP) - Series 1 (3668 Days) - Direct Plan - Growth;INF200KA1D03;;10.5836;;;22-Jun-2019
146975;SBI Fixed Maturity Plan (FMP) - Series 1 (3668 Days) - Direct Plan - Income Distribution cum Capital Withdrawal Option (IDCW);INF200KA1D11;;10.5835;;;22-Jun-2019
146976;SBI Fixed Maturity Plan (FMP) - Series 1 (3668 Days) - Regular Plan - Growth;INF200KA1C87;;10.5773;;;22-Jun-2019
146973;SBI Fixed Maturity Plan (FMP) - Series 1 (3668 Days) - Regular Plan - Income Distribution cum Capital Withdrawal Option (IDCW);INF200KA1C95;;10.5773;;;22-Jun-2019
147104;SBI Fixed Maturity Plan (FMP) - Series 2 (1178 Days) - Direct Plan - Growth;INF200KA1D45;;10.2072;;;22-Jun-2019
147105;SBI Fixed Maturity Plan (FMP) - Series 2 (1178 Days) - Direct Plan - Income Distribution cum Capital Withdrawal Option (IDCW);INF200KA1D52;;10.2072;;;22-Jun-2019
147103;SBI Fixed Maturity Plan (FMP) - Series 2 (1178 Days) - Regular Plan - Growth;INF200KA1D29;;10.2025;;;22-Jun-2019
147106;SBI Fixed Maturity Plan (FMP) - Series 2 (1178 Days) - Regular Plan - Income Distribution cum Capital Withdrawal Option (IDCW);INF200KA1D37;;10.2025;;;22-Jun-2019
147135;SBI Fixed Maturity Plan (FMP) - Series 3 (1179 Days) - Direct Plan - Growth;INF200KA1D86;;10.2228;;;22-Jun-2019
147136;SBI Fixed Maturity Plan (FMP) - Series 3 (1179 Days) - Direct Plan - Income Distribution cum Capital Withdrawal Option (IDCW);INF200KA1D94;;10.2228;;;22-Jun-2019
147133;SBI Fixed Maturity Plan (FMP) - Series 3 (1179 Days) - Regular Plan - Growth;INF200KA1D60;;10.2185;;;22-Jun-2019
147134;SBI Fixed Maturity Plan (FMP) - Series 3 (1179 Days) - Regular Plan - Income Distribution cum Capital Withdrawal Option (IDCW);INF200KA1D78;;10.2185;;;22-Jun-2019
147199;SBI Fixed Maturity Plan (FMP) - Series 4 (365 Days) - Direct Plan - Growth;INF200KA1E28;;10.1355;;;22-Jun-2019
147201;SBI Fixed Maturity Plan (FMP) - Series 4 (365 Days) - Regular Plan - Dividend Payout;INF200KA1E10;;10.1319;;;22-Jun-2019
147202;SBI Fixed Maturity Plan (FMP) - Series 4 (365 Days) - Regular Plan - Growth;INF200KA1E02;;10.1320;;;22-Jun-2019
147200;SBI Fixed Maturity Plan (FMP) - Series 4 - Direct Plan - Dividend Payout;INF200KA1E36;;10.1355;;;22-Jun-2019
147245;SBI Fixed Maturity Plan (FMP) - Series 5 (92 Days) - Direct Plan - Dividend Payout;INF200KA1E93;;10.0896;;;22-Jun-2019
147244;SBI Fixed Maturity Plan (FMP) - Series 5 (92 Days) - Direct Plan - Growth;INF200KA1E85;;10.0896;;;22-Jun-2019
147243;SBI Fixed Maturity Plan (FMP) - Series 5 (92 Days) - Regular Plan - Dividend Payout;INF200KA1E77;;10.0885;;;22-Jun-2019
147246;SBI Fixed Maturity Plan (FMP) - Series 5 (92 Days) - Regular Plan - Growth;INF200KA1E69;;10.0885;;;22-Jun-2019
147248;SBI Fixed Maturity Plan (FMP) - Series 6 (3668 Days) - Direct Plan - Growth;INF200KA1F27;;10.4036;;;22-Jun-2019
147249;SBI Fixed Maturity Plan (FMP) - Series 6 (3668 Days) - Direct Plan - Income Distribution cum Capital Withdrawal Option (IDCW);INF200KA1F35;;10.4036;;;22-Jun-2019
147247;SBI Fixed Maturity Plan (FMP) - Series 6 (3668 Days) - Regular Plan - Growth;INF200KA1F01;;10.4009;;;22-Jun-2019
147250;SBI Fixed Maturity Plan (FMP) - Series 6 (3668 Days) - Regular Plan - Income Distribution cum Capital Withdrawal Option (IDCW);INF200KA1F19;;10.4009;;;22-Jun-2019
147318;SBI Fixed Maturity Plan (FMP) - Series 7 (1175 Days) - Direct Plan - Growth;INF200KA1F68;;10.1072;;;22-Jun-2019
147319;SBI Fixed Maturity Plan (FMP) - Series 7 (1175 Days) - Direct Plan - Income Distribution cum Capital Withdrawal Option (IDCW);INF200KA1F76;;10.1072;;;22-Jun-2019
147320;SBI Fixed Maturity Plan (FMP) - Series 7 (1175 Days) - Regular Plan - Growth;INF200KA1F43;;10.1051;;;22-Jun-2019
147317;SBI Fixed Maturity Plan (FMP) - Series 7 (1175 Days) - Regular Plan - Income Distribution cum Capital Withdrawal Option (IDCW);INF200KA1F50;;10.1051;;;22-Jun-2019
147333;SBI Fixed Maturity Plan (FMP) - Series 8 (1178 Days) - Direct Plan - Growth;INF200KA1G00;;10.0301;;;22-Jun-2019
147334;SBI Fixed Maturity Plan (FMP) - Series 8 (1178 Days) - Direct Plan - Income Distribution cum Capital Withdrawal Option (IDCW);INF200KA1G18;;10.0301;;;22-Jun-2019
147331;SBI Fixed Maturity Plan (FMP) - Series 8 (1178 Days) - Regular Plan - Growth;INF200KA1F84;;10.0288;;;22-Jun-2019
147332;SBI Fixed Maturity Plan (FMP) - Series 8 (1178 Days) - Regular Plan - Income Distribution cum Capital Withdrawal Option (IDCW);INF200KA1F92;;10.0288;;;22-Jun-2019

Close Ended Schemes ( Growth )


SBI Mutual Fund
131339;SBI EQUITY OPPORTUNITIES FUND - SERIES I - DIRECT PLAN - DIVIDEND;INF200K017S1;;11.6493;;;22-Jun-2019
131338;SBI EQUITY OPPORTUNITIES FUND - SERIES I - DIRECT PLAN - GROWTH;INF200K016S3;;16.4213;;;22-Jun-2019
131337;SBI EQUITY OPPORTUNITIES FUND - SERIES I - REGULAR PLAN - DIVIDEND;INF200K015S5;;11.3929;;;22-Jun-2019
131336;SBI EQUITY OPPORTUNITIES FUND - SERIES I - REGULAR PLAN - GROWTH;INF200K014S8;;16.0652;;;22-Jun-2019
135507;SBI EQUITY OPPORTUNITIES FUND -  SERIES IV - REGULAR PLAN - GROWTH;INF200KA1GP5;;15.4001;;;22-Jun-2019
135506;SBI EQUITY OPPORTUNITIES FUND - SERIES IV - DIRECT PLAN - GROWTH;INF200KA1GN0;;16.0909;;;22-Jun-2019
135509;SBI Equity Opportunities Fund-Series IV - Direct Plan - Income Distribution cum Capital Withdrawal Option (IDCW);INF200KA1GO8;;13.6758;;;22-Jun-2019
135508;SBI Equity Opportunities Fund-Series IV - Regular Plan - Income Distribution cum Capital Withdrawal Option (IDCW);INF200KA1GQ3;;13.0668;;;22-Jun-2019
