Scheme Code;Scheme Name;ISIN Div Payout/ISIN Growth;ISIN Div Reinvestment;Net Asset Value;Repurchase Price;Sale Price;Date

Open Ended Schemes ( Liquid )


Bandhan Mutual Fund
108794;IDFC Liquid Fund - Daily Dividend;INF194K01GJ9;INF194K01GI1;1000.2100;1000.2100;1000.2100;03-Apr-2009
108793;IDFC Liquid Fund - Growth;INF194K01GE0;;1240.6502;1240.6502;1240.6502;03-Apr-2009
108796;IDFC Liquid Fund - Monthly Dividend;INF194K01GG5;INF194K01GF7;1000.8480;1000.8480;1000.8480;03-Apr-2009
108795;IDFC Liquid Fund-Weekly Dividend;INF194K01GM3;INF194K01GL5;1000.3309;1000.3309;1000.3309;03-Apr-2009

ING Mutual Fund
100198;ING Liquid Fund-Institutional Daily Dividend Option;INF084M01473;;10.0121;10.0121;10.0121;03-Apr-2009
100196;ING Liquid Fund-Institutional Growth Option;INF084M01465;;13.8590;13.8590;13.8590;03-Apr-2009
100197;ING Liquid Fund-Institutional Weekly Dividend Option;INF084M01499;INF084M01481;10.0611;10.0611;10.0611;03-Apr-2009
100192;ING Liquid Fund-Regular Daily Dividend Option;INF084M01432;;10.7873;10.7873;10.7873;03-Apr-2009
100190;ING Liquid Fund-Regular Growth Option;INF084M01424;;18.5435;18.5435;18.5435;03-Apr-2009
100191;ING Liquid Fund-Regular Weekly Dividend Option;INF084M01457;INF084M01440;10.8318;10.8318;10.8318;03-Apr-2009
100200;ING Liquid Fund-Super Institutional Daily Dividend Option;INF084M01515;;10.0048;10.0048;10.0048;03-Apr-2009
100199;ING Liquid Fund-Super Institutional Growth Option;INF084M01507;;13.1572;13.1572;13.1572;03-Apr-2009
100201;ING Liquid Fund-Super Institutional Weekly Dividend Option;INF084M01531;INF084M01523;10.0000;10.0000;10.0000;03-Apr-2009
102802;ING Treasury Management Fund-Annual Dividend Option;;;10.3430;10.3430;10.3430;03-Apr-2009
102804;ING Treasury Management Fund-Daily Dividend Option;;;10.3588;10.3588;10.3588;03-Apr-2009
102798;ING Treasury Management Fund-Growth Option;;;13.6553;13.6553;13.6553;03-Apr-2009
102801;ING Treasury Management Fund-Half Yearly Dividend Option;;;10.3464;10.3464;10.3464;03-Apr-2009
102800;ING Treasury Management Fund-Quarterly Dividend Option;;;10.4119;10.4119;10.4119;03-Apr-2009
102799;ING Treasury Management Fund-Weekly Dividend Option;;;10.7847;10.7847;10.7847;03-Apr-2009

JM Financial Mutual Fund
101420;JM Floater Short Term Fund - Daily Dividend Option;;INF192K01767;10.0883;10.0883;10.0883;03-Apr-2009
101421;JM Floater Short Term Fund - Growth Option;INF192K01775;;14.2907;14.2907;14.2907;03-Apr-2009

PineBridge Mutual Fund
106513;PineBridge India Liquid Fund- Standard Plan-Daily Dividend Option;;INF178L01699;1001.0000;1001.0000;1001.0000;03-Apr-2009
106508;PineBridge India Liquid Fund- Standard Plan-Growth Option;INF178L01715;;1137.7463;1137.7463;1137.7463;03-Apr-2009
106509;PineBridge India Liquid Fund- Standard Plan-Weekly Dividend Option;;INF178L01764;1001.7078;1001.7078;1001.7078;03-Apr-2009
106506;PineBridge India Liquid Fund-Institutional Plan-Daily Dividend Option;;INF178L01616;1001.0000;1001.0000;1001.0000;03-Apr-2009
106511;PineBridge India Liquid Fund-Institutional Plan-Growth Option;INF178L01632;;1136.0035;1136.0035;1136.0035;03-Apr-2009
106507;PineBridge India Liquid Fund-Institutional Plan-Weekly Dividend Option;;INF178L01681;1001.6969;1001.6969;1001.6969;03-Apr-2009
106503;PineBridge India Liquid Fund-Retail Plan-DailyDividend Option;;INF178L01533;1001.0000;1001.0000;1001.0000;03-Apr-2009
106514;PineBridge India Liquid Fund-Retail Plan-Growth Option;INF178L01558;;1130.5743;1130.5743;1130.5743;03-Apr-2009
106504;PineBridge India Liquid Fund-Retail Plan-Monthly Dividend Option;INF178L01566;INF178L01574;1002.4368;1002.4368;1002.4368;03-Apr-2009
106516;PineBridge India Liquid Fund-Retail Plan-Quarterly Dividend Option;INF178L01582;INF178L01590;1002.4367;1002.4367;1002.4367;03-Apr-2009
106510;PineBridge India Liquid Fund-Retail Plan-Weekly Dividend Option;;INF178L01608;1001.6640;1001.6640;1001.6640;03-Apr-2009

Sahara Mutual Fund
101397;Sahara Liquid Fund-Fixed Pricing -  Weekly Dividend Option;;INF515L01064;1026.2355;1026.2355;1026.2355;03-Apr-2009
101393;Sahara Liquid Fund-Fixed Pricing - Daily Dividend Option;;INF515L01049;1024.9045;1024.9045;1024.9045;03-Apr-2009
101394;Sahara Liquid Fund-Fixed Pricing - Growth option;INF515L01056;;1580.8423;1580.8423;1580.8423;03-Apr-2009
101398;Sahara Liquid Fund-Fixed Pricing - Monthly Dividend Option;;INF515L01072;1026.1726;1026.1726;1026.1726;03-Apr-2009
101399;Sahara Liquid Fund-Variable Pricing - Daily Dividend option;;INF515L01080;1024.9262;1024.9262;1024.9262;03-Apr-2009
101402;Sahara Liquid Fund-Variable Pricing - Growth option;INF515L01114;;1592.3012;1592.3012;1592.3012;03-Apr-2009
101400;Sahara Liquid Fund-Variable Pricing - Weekly Dividend Option;;INF515L01098;1024.9241;1024.9241;1024.9241;03-Apr-2009
101401;Sahara Liquid Fund-Variable Pricing- Monthly Dividend Option;;INF515L01106;1026.531;1026.5310;1026.5310;03-Apr-2009

Open Ended Schemes ( Equity Scheme - Multi Cap Fund )


quant Mutual Fund
100631;quant Multi Cap Fund-GROWTH OPTION - Regular Plan;INF966L01234;;35.1837;35.1837;35.9753;03-Apr-2009
100630;quant Multi Cap Fund-IDCW Option - Regular Plan;INF966L01218;INF966L01226;6.7495;6.7495;6.9014;03-Apr-2009

Open Ended Schemes ( Equity Scheme - Large & Mid Cap Fund )


quant Mutual Fund
104515;quant Large & Mid Cap Fund - Bonus Option - Regular Plan;INF966L01424;;7.4381;7.4381;7.6055;03-Apr-2009
104513;quant Large & Mid Cap Fund - Growth Option;INF966L01341;;7.4253;7.4253;7.5924;03-Apr-2009
104514;quant Large & Mid Cap Fund - IDCW Option - Regular Plan;INF966L01325;INF966L01333;6.5387;6.5387;6.6858;03-Apr-2009

Open Ended Schemes ( Equity Scheme - Mid Cap Fund )


quant Mutual Fund
101065;quant Mid Cap Fund - Growth Option - Regular Plan;INF966L01176;;23.1281;23.1281;23.1281;03-Apr-2009
101066;quant Mid Cap Fund - IDCW Option - Regular Plan;INF966L01150;INF966L01168;9.7243;9.7243;9.7243;03-Apr-2009

Open Ended Schemes ( Equity Scheme - Small Cap Fund )


quant Mutual Fund
100177;quant Small Cap Fund - Growth - Regular Plan;INF966L01AA0;;22.9664;22.9664;22.9664;03-Apr-2009
100176;quant Small Cap Fund - IDCW Option - Regular Plan;INF206A01022;INF966L01044;19.3835;19.3835;19.3835;03-Apr-2009

Open Ended Schemes ( Equity Scheme - Focused Fund )


quant Mutual Fund
109275;quant Focused Fund - Growth Option - Regular Plan;INF966L01374;;5.6650;5.6650;5.6650;03-Apr-2009
109274;quant Focused Fund - IDCW Option - Regular Plan;INF966L01358;INF966L01366;5.6653;5.6653;5.6653;03-Apr-2009

Open Ended Schemes ( Equity Scheme - Sectoral/ Thematic )


quant Mutual Fund
106170;quant Infrastructure Fund - Growth Option;INF966L01523;;5.0727;4.6571;5.0727;03-Apr-2009
106169;quant Infrastructure Fund - IDCW Option - Regular Plan;INF966L01507;INF966L01515;5.0756;4.6600;5.0756;03-Apr-2009

Open Ended Schemes ( Equity Scheme - ELSS )


quant Mutual Fund
100175;quant ELSS Tax Saver Fund - Growth Option - Regular Plan;INF966L01135;;26.3408;26.3408;26.9335;03-Apr-2009
100174;quant ELSS Tax Saver Fund - IDCW Option - Regular Plan;INF966L01119;;6.1789;6.1789;6.3179;03-Apr-2009

Open Ended Schemes ( Debt Scheme - Overnight Fund )


HDFC Mutual Fund
101996;HDFC Overnight Fund - Growth Option;INF179KB1HS3;;14.8049;14.8049;14.8049;03-Apr-2009
101997;HDFC Overnight Fund - IDCW Option (Daily);;INF179KB1IF8;10.4266;10.4266;10.4266;03-Apr-2009

SBI Mutual Fund
101206;SBI OVERNIGHT FUND - REGULAR PLAN - GROWTH;INF200K01LQ9;;15.2213;15.2213;15.2213;03-Apr-2009
103140;SBI Overnight Fund - Regular Plan - Weekly Income Distribution cum Capital Withdrawal Option (IDCW);INF200K01LO4;INF200K01LP1;10.3207;10.3207;10.3207;03-Apr-2009

Open Ended Schemes ( Debt Scheme - Liquid Fund )


Bandhan Mutual Fund
108692;BANDHAN LIQUID Fund - Regular Plan - Daily IDCW;INF194K01VZ4;INF194K01VY7;10.0025;10.0025;10.0025;03-Apr-2009
108690;BANDHAN LIQUID Fund - Regular Plan - Growth;INF194K01VX9;;10.7163;10.7163;10.7163;03-Apr-2009
108693;BANDHAN LIQUID Fund - Regular Plan - Monthly IDCW;INF194K01WF4;INF194K01WE7;10.0096;10.0096;10.0096;03-Apr-2009
108779;BANDHAN Liquid Fund-Plan A-Dividend (Daily);INF194K01VC3;INF194K01VB5;10.5819;10.5819;10.5819;03-Apr-2009
108778;BANDHAN Liquid Fund-Plan A-Growth;INF194K01UX1;;15.7937;15.7937;15.7937;03-Apr-2009
108607;BANDHAN Liquid Fund - Plan A-Dividend (Weekly);INF194K01VI0;INF194K01VH2;10.1927;10.1927;10.1927;03-Apr-2009
108781;BANDHAN Liquid Fund - Plan B (G) (Institutional Plan);INF194K01VK6;;15.8867;15.8867;15.8867;03-Apr-2009
108629;BANDHAN Liquid Fund - Plan B - Dividend-Weekly;INF194K01VS9;INF194K01VR1;10.0023;10.0023;10.0023;03-Apr-2009
108681;BANDHAN Liquid Fund - Plan B-Daily-Dividend(Institutional Plan);INF194K01VM2;INF194K01VL4;10.5816;10.5816;10.5816;03-Apr-2009

Canara Robeco Mutual Fund
109349;CANARA ROBECO LIQUID FUND - REGULAR PLAN - DAILY IDCW (Reinvestment);;INF760K01CU3;10.0410;10.0410;10.0410;03-Apr-2009
109353;CANARA ROBECO LIQUID FUND - REGULAR PLAN - GROWTH OPTION;INF760K01CW9;;10.7021;10.7021;10.7021;03-Apr-2009
109350;CANARA ROBECO LIQUID FUND - REGULAR PLAN - WEEKLY IDCW (Payout/Reinvestment);INF760K01BZ4;INF760K01CZ2;10.0444;10.0444;10.0444;03-Apr-2009
101363;Canara Robeco Liquid Fund- INSTITUTIONAL-Daily Dividend Reinvestment;;INF760K01CC1;10.0410;10.0410;10.0410;03-Apr-2009
101362;Canara Robeco Liquid Fund- INSTITUTIONAL-Growth;INF760K01CD9;;16.0851;16.0851;16.0851;03-Apr-2009
101361;Canara Robeco Liquid Fund- INSTITUTIONAL-Weekly dividend;;INF760K01CE7;10.0410;10.0410;10.0410;03-Apr-2009
109357;Canara Robeco Liquid Fund-Institutional-Fortnightly Div Reinvest;;INF760K01860;10.0410;10.0410;10.0410;03-Apr-2009
109355;Canara Robeco Liquid Fund-Regular Plan-Fortnightly Div Reinvest.;;INF760K01951;10.0410;10.0410;10.0410;03-Apr-2009
101364;Canara Robeco Liquid Fund-Retail-DRI;;INF760K01CF4;10.0410;10.0410;10.0410;03-Apr-2009
109346;Canara Robeco Liquid Fund-Retail-Fortnightly Div Reinvest;;INF760K01CG2;10.0583;10.0583;10.0583;03-Apr-2009
101365;Canara Robeco Liquid Fund-Retail-Growth;INF760K01CH0;;16.0597;16.0597;16.0597;03-Apr-2009
109347;Canara Robeco Liquid Fund-Retail-Monthly Div Reinvest;;INF760K01CI8;10.0566;10.0566;10.0566;03-Apr-2009
109356;Canara Robeco Liquid Fund-Retail-Weekly Div Reinvest;;INF760K01CJ6;10.0441;10.0441;10.0441;03-Apr-2009

HDFC Mutual Fund
100868;HDFC Liquid Fund - Growth Plan;INF179KB1HK0;;17.4731;17.4731;17.4731;03-Apr-2009
100875;HDFC Liquid Fund - IDCW Daily;;INF179KB1IC5;10.1982;10.1982;10.1982;03-Apr-2009
100876;HDFC Liquid Fund - IDCW Monthly;INF179KB1HM6;INF179KB1HL8;10.2709;10.2709;10.2709;03-Apr-2009
100874;HDFC Liquid Fund - IDCW Plan Weekly;INF179KB1ID3;;10.3182;10.3182;10.3182;03-Apr-2009
100877;HDFC Liquid Fund-Premium Plan - Dividend-Daily;;INF179K01KN4;12.2598;12.2598;12.2598;03-Apr-2009
100881;HDFC Liquid Fund-Premium Plus Plan - Dividend-Weekly;INF179K01KS3;;12.4276;12.4276;12.4276;03-Apr-2009
100872;HDFC Liquid Fund-PREMIUM PLUS- Growth;INF179K01KQ7;;17.6744;17.6744;17.6744;03-Apr-2009
100873;HDFC Liquid Fund-PREMIUM- Growth;INF179KB1HN4;;17.6375;17.6375;17.6375;03-Apr-2009

ICICI Prudential Mutual Fund
100357;ICICI Prudential Liquid Fund -Quarterly IDCW;INF109K01UU5;INF109K01UT7; 10.0142 ; 10.0142 ; 10.0142 ;03-Apr-2009
100359;ICICI Prudential Liquid Institutional Plus Fund - Div - Daily;INF109K01VJ6;; 11.8515 ; 11.8515 ; 11.8515 ;03-Apr-2009
100360;ICICI Prudential Liquid Institutional Plus Fund - Div - Weekly;INF109K01VM0;; 11.8637 ; 11.8637 ; 11.8637 ;03-Apr-2009
100362;ICICI Prudential Liquid Institutional Plus Fund - Growth;INF109K01VK4;; 21.9111 ; 21.9111 ; 21.9111 ;03-Apr-2009
103343;ICICI Prudential Liquid Fund - Daily IDCW;INF109K01VP3;; 10.0005 ; 10.0005 ; 10.0005 ;03-Apr-2009
103340;ICICI Prudential Liquid Fund - Growth;INF109K01VQ1;; 12.9970 ; 12.9970 ; 12.9970 ;03-Apr-2009
104308;ICICI Prudential Liquid Fund - Half Yearly IDCW;INF109K01UX9;INF109K01UW1; 10.0137 ; 10.0137 ; 10.0137 ;03-Apr-2009
103344;ICICI Prudential Liquid Fund - Institutional Option - I;INF109K01VH0;; 12.7158 ; 12.7158 ; 12.7158 ;03-Apr-2009
103342;ICICI Prudential Liquid Fund - Weekly IDCW;INF109K01VS7;; 10.0119 ; 10.0119 ; 10.0119 ;03-Apr-2009
101748;ICICI Prudential Liquid Fund - Institutional - Daily - Div;INF109K01VE7;; 11.8502 ; 11.8502 ; 11.8502 ;03-Apr-2009
101753;ICICI Prudential Liquid Fund - Institutional - Weekly - Div;INF109K01VI8;; 11.8506 ; 11.8506 ; 11.8506 ;03-Apr-2009
101754;ICICI Prudential Liquid Fund Retail Daily Dividend;INF109K01UR1;; 11.8514 ; 11.8514 ; 11.8514 ;03-Apr-2009
101750;ICICI Prudential Liquid Fund Retail Growth;INF109K01UQ3;; 21.4644 ; 21.4644 ; 21.4644 ;03-Apr-2009
101755;ICICI Prudential Liquid Fund Retail Monthly Dividend;INF109K01US9;; 10.0172 ; 10.0172 ; 10.0172 ;03-Apr-2009
101752;ICICI Prudential Liquid Fund Retail Weekly Dividend;INF109K01UV3;; 11.8695 ; 11.8695 ; 11.8695 ;03-Apr-2009
101751;ICICI Prudential Liquid Institutional Fund - Growth;INF109K01VF4;; 21.7950 ; 21.7950 ; 21.7950 ;03-Apr-2009

JM Financial Mutual Fund
100241;JM High Liquidity Fund-- Institutional Plan - Dividend;INF192K01924;INF192K01932;10.4029;10.4029;10.4029;03-Apr-2009
100237;JM High Liquidity Fund-- Institutional Plan - Growth;INF192K01940;;14.5191;14.5191;14.5191;03-Apr-2009
100243;JM High Liquidity Fund-- Premium Plan - Daily Dividend Option;;;10.0000;10.0000;10.0000;03-Apr-2009
100238;JM High Liquidity Fund-Institutional Plan - Daily Dividend;;INF192K01916;10.0159;10.0159;10.0159;03-Apr-2009
100245;JM High Liquidity Fund-Super Institutional Plan- Daily Dividend;;INF192K01957;10.0165;10.0165;10.0165;03-Apr-2009
100246;JM High Liquidity Fund-Super Institutional Plan- Weekly  Dividend;INF192K01965;INF192K01973;10.0000;10.0000;10.0000;03-Apr-2009
100244;JM Liquid Fund (Regular) - Quarterly IDCW;INF192K01866;INF192K01874;13.6201;13.6201;13.6201;03-Apr-2009
100247;JM Liquid Fund (Regular) - Super Institutional Plan - Growth Option;INF192K01981;;13.8050;13.8050;13.8050;03-Apr-2009
100233;JM Liquid Fund (Regular) - Weekly IDCW;INF192K01841;INF192K01858;10.6450;10.6450;10.6450;03-Apr-2009
100234;JM Liquid Fund - Growth Option;INF192K01882;;24.0642;24.0642;24.0642;03-Apr-2009
101549;JM Liquid Fund (Regular) - Bonus Option - Principal Units;INF192K01890;;12.6371;12.6371;12.6371;03-Apr-2009
101078;JM Liquid Fund (Regular) - Daily IDCW;;INF192K01833;10.4302;10.4302;10.4302;03-Apr-2009

Principal Mutual Fund
100895;Principal Cash Management Fund - Daily Income Distribution CUM Capital Withdrawal;;INF173K01DB7;10.0007;10.0007;10.0007;03-Apr-2009
100897;Principal Cash Management Fund - Monthly Income Distribution CUM Capital Withdrawal Option;INF173K01BV9;INF173K01BW7;10.0552;10.0552;10.0552;03-Apr-2009
100896;Principal Cash Management Fund - Weekly Income Distribution CUM Capital Withdrawal Option;;INF173K01DC5;10.0409;10.0409;10.0409;03-Apr-2009
100898;Principal Cash Management Fund -Growth Option;INF173K01DA9;;13.7489;13.7489;13.7489;03-Apr-2009
100892;Principal Cash Management-Liquid Option-Daily Dividend;;;10.0022;10.0022;10.0022;03-Apr-2009
100887;Principal Cash Management-Liquid Option-Dividend Plan;;;10.1216;10.1216;10.1216;03-Apr-2009
100888;Principal Cash Management-Liquid Option-Growth Plan;;;17.1397;17.1397;17.1397;03-Apr-2009
100894;Principal Cash Management-Liquid Option-Institutional - Daily Dividend Plan;;;10.0022;10.0022;10.0022;03-Apr-2009
100893;Principal Cash Management-Liquid Option-Institutional - Growth Plan;;;14.4600;14.4600;14.4600;03-Apr-2009
100891;Principal Cash Management-Liquid Option-Institutional - Monthly Dividend Plan;;;10.0116;10.0116;10.0116;03-Apr-2009
100890;Principal Cash Management-Liquid Option-Institutional - Weekly Dividend Plan;;;10.0033;10.0033;10.0033;03-Apr-2009
100889;Principal Cash Management-Liquid Option-Monthly Dividend;;;10.0113;10.0113;10.0113;03-Apr-2009

quant Mutual Fund
103225;quant Liquid Fund - Growth Option - Regular Plan;INF966L01317;;13.0535;13.0535;13.0535;03-Apr-2009
103228;quant Liquid Fund - Monthly IDCW Option - Regular Plan;INF966L01291;INF966L01309;12.6397;12.6397;12.6397;03-Apr-2009
103227;quant Liquid Fund - Weekly IDCW Option - Regular Plan;INF966L01499;INF966L01283;12.6988;12.6988;12.6988;03-Apr-2009
103226;quant Liquid Fund-Daily IDCW Option - Regular Plan;;INF966L01275;12.6778;12.6778;12.6778;03-Apr-2009

SBI Mutual Fund
105274;SBI Liquid Fund - Institutional - Growth;INF200K01LU1;;14.0576;14.0576;14.0576;03-Apr-2009
105275;SBI Liquid Fund - Institutional Daily Income Distribution cum Capital Withdrawal Option (IDCW);;INF200K01LR7;10.0325;10.0325;10.0325;03-Apr-2009
105279;SBI Liquid Fund - Institutional Fortnightly Income Distribution cum Capital Withdrawal Option (IDCW);INF200K01LS5;INF200K01LT3;10.1585;10.1585;10.1585;03-Apr-2009
105278;SBI Liquid Fund - Institutional Weekly Income Distribution cum Capital Withdrawal Option (IDCW);INF200K01LV9;INF200K01LW7;10.6110;10.6110;10.6110;03-Apr-2009
105281;SBI Liquid Fund - Regular Plan - Daily Income Distribution cum Capital Withdrawal Option (IDCW);;INF200K01LX5;10.0325;10.0325;10.0325;03-Apr-2009
105283;SBI Liquid Fund - Regular Plan - Fortnightly Income Distribution cum Capital Withdrawal Option (IDCW);INF200K01LY3;INF200K01LZ0;0;0;0;03-Apr-2009
105282;SBI Liquid Fund - Regular Plan - Weekly Income Distribution cum Capital Withdrawal Option (IDCW);INF200K01MB9;INF200K01MC7;0;0;0;03-Apr-2009
105280;SBI Liquid Fund - REGULAR PLAN -Growth;INF200K01MA1;;13.9008;13.9008;13.9008;03-Apr-2009

UTI Mutual Fund
102010;UTI Liquid Fund - Regular Plan - Daily IDCW (Reinvestment);;INF789F01PG3;1019.4457;1019.4457;1019.4457;03-Apr-2009
102011;UTI Liquid Fund - Regular Plan - Monthly IDCW;INF789F01PI9;INF789F01PJ7;1025.3907;1025.3907;1025.3907;03-Apr-2009
102013;UTI Liquid Fund - Regular Plan - Weekly IDCW;;INF789F01PK5;1023.9159;1023.9159;1023.9159;03-Apr-2009
102012;UTI-  Liquid Cash Plan - Regular Plan - Growth Option;INF789F01PH1;;1446.8737;1446.8737;1446.8737;03-Apr-2009
102008;UTI-  Liquid Cash Plan- Discontinued - Regular Plan - Monthly Dividend Option;INF789F01BC2;INF789F01BA6;1056.932;1056.932;1056.932;03-Apr-2009
102009;UTI-  Liquid Cash Plan- Discontinued - Regular Plan -Growth;INF789F01BB4;;1431.9391;1431.9391;1431.9391;03-Apr-2009
102007;UTI-  Liquid Cash Plan- Discontinued -Regular Plan Periodic Dividend Option;;INF789F01AZ5;1047.7193;1047.7193;1047.7193;03-Apr-2009

Open Ended Schemes ( Debt Scheme - Ultra Short Duration Fund )


Principal Mutual Fund
107325;Principal Money Manager Fund-Regular Plan-Daily Dividend Option;;;10.0247;10.0247;10.0247;03-Apr-2009
107331;Principal Money Manager Fund-Regular Plan-Growth Option;;;10.8474;10.8474;10.8474;03-Apr-2009
107327;Principal Money Manager Fund-Regular Plan-Monthly Dividend Option;;;10.5379;10.5379;10.5379;03-Apr-2009
107326;Principal Money Manager Fund-Regular Plan-Weekly Dividend Option;;;10.1060;10.1060;10.1060;03-Apr-2009
107329;Principal Ultra Short Term Fund-Daily Income Distribution CUM Capital Withdrawal Option;;INF173K01CV7;10.0247;10.0247;10.0247;03-Apr-2009
107328;Principal Ultra Short Term Fund-Growth Option;INF173K01CU9;;10.4975;10.4975;10.4975;03-Apr-2009
107330;Principal Ultra Short Term Fund-Monthly Income Distribution CUM Capital Withdrawal Option;INF173K01CB9;INF173K01CC7;10.4006;10.4006;10.4006;03-Apr-2009
107332;Principal Ultra Short Term Fund-Weekly Income Distribution CUM Capital Withdrawal Option;;INF173K01CW5;10.1161;10.1161;10.1161;03-Apr-2009

SBI Mutual Fund
105080;SBI Ultra Short Duration Fund - Regular Plan - Daily Income Distribution cum Capital Withdrawal Option (IDCW);;INF200K01LK2;16.7503;16.7503;16.7503;03-Apr-2009
100641;SBI ULTRA SHORT DURATION FUND - REGULAR PLAN - GROWTH;INF200K01LJ4;;19.6572;19.6572;19.6572;03-Apr-2009
103884;SBI Ultra Short Duration Fund - Regular Plan - Weekly Income Distribution cum Capital Withdrawal Option (IDCW);INF200K01LM8;INF200K01LL0;10.7795;10.7795;10.7795;03-Apr-2009

Open Ended Schemes ( Debt Scheme - Low Duration Fund )


Bandhan Mutual Fund
108633;BANDHAN Low Duration Fund - Regular Plan - Daily IDCW;INF194K01FW4;INF194K01FV6;10.0125;10.0125;10.0125;03-Apr-2009
108632;BANDHAN Low Duration Fund - Regular Plan - Growth;INF194K01FU8;;12.1207;12.1207;12.1207;03-Apr-2009
108635;BANDHAN Low Duration Fund - Regular Plan - Monthly IDCW;INF194K01FZ7;INF194K01FY0;10.0072;10.0072;10.0072;03-Apr-2009
108634;BANDHAN Low Duration Fund - Regular Plan - Weekly IDCW;INF194K01GC4;INF194K01GB6;10.0036;10.0036;10.0036;03-Apr-2009

Canara Robeco Mutual Fund
104559;CANARA ROBECO SAVINGS FUND - REGULAR PLAN - DAILY IDCW (Reinvestment);;INF760K01803;10.2600;10.2600;10.2600;03-Apr-2009
102913;CANARA ROBECO SAVINGS FUND - REGULAR PLAN - GROWTH OPTION;INF760K01795;;13.5830;13.5830;13.5830;03-Apr-2009
102914;CANARA ROBECO SAVINGS FUND - REGULAR PLAN - IDCW (Payout/Reinvestment);INF760K01779;INF760K01787;13.0610;13.0610;13.0610;03-Apr-2009
102915;CANARA ROBECO SAVINGS FUND - REGULAR PLAN - WEEKLY IDCW (Payout/Reinvestment);INF760K01CB3;INF760K01811;10.2638;10.2638;10.2638;03-Apr-2009

Open Ended Schemes ( Debt Scheme - Money Market Fund )


HDFC Mutual Fund
101994;HDFC Money Market Fund - Daily IDCW Option;;INF179KB1IG6;10.6364;10.6364;10.6364;03-Apr-2009
101993;HDFC Money Market Fund - Growth Option;INF179KB1HR5;;18.3954;18.3954;18.3954;03-Apr-2009
101995;HDFC Money Market Fund - Weekly IDCW Option;INF179KB1IH4;INF179KB1II2;10.6333;10.6333;10.6333;03-Apr-2009

ICICI Prudential Mutual Fund
101221;ICICI Prudential Money Market Fund Retail Growth (erstwhile Cash Option);INF109K01TW3;; 14.6765 ; 14.6765 ; 14.6765 ;03-Apr-2009
103634;ICICI Prudential Money Market Fund Option - Daily IDCW;INF109K01TY9;; 10.0010 ; 10.0010 ; 10.0010 ;03-Apr-2009
103633;ICICI Prudential Money Market Fund Option - Growth;INF109K01TX1;; 12.5073 ; 12.5073 ; 12.5073 ;03-Apr-2009
103637;ICICI Prudential Money Market Fund Option - Monthly IDCW;INF109K01UC3;INF109K01UB5; 10.0079 ; 10.0079 ; 10.0079 ;03-Apr-2009
103635;ICICI Prudential Money Market Fund Option - Weekly IDCW;INF109K01TZ6;; 10.0088 ; 10.0088 ; 10.0088 ;03-Apr-2009
103636;ICICI Prudential Money Market Fund Option -Fortnightly IDCW;INF109K01UA7;; 10.0163 ; 10.0163 ; 10.0163 ;03-Apr-2009

quant Mutual Fund
103465;Quant Money Market Fund-Dividend Option;INF966L01382;INF966L01390;12.6424;12.6424;12.6424;03-Apr-2009
103464;Quant Money Market Fund-Growth Option;INF966L01408;;12.6424;12.6424;12.6424;03-Apr-2009

UTI Mutual Fund
100724;UTI MMF- Discontinued - Regular Plan - Flexi Dividend Option;;INF789F01BD0;18.3456;18.3456;18.3456;03-Apr-2009
100725;UTI MMF- Discontinued - Regular Plan - Periodic Dividend Option;INF789F01BE8;;18.2329;18.2329;18.2329;03-Apr-2009
100723;UTI MMF-Discontinued - Regular Plan -Growth;INF789F01BF5;;24.6365;24.6365;24.6365;03-Apr-2009

Open Ended Schemes ( Debt Scheme - Dynamic Bond )


quant Mutual Fund
100173;Quant Dynamic Bond-Bonus;INF966L01101;;14.3845;14.3845;14.3845;03-Apr-2009
100171;Quant Dynamic Bond-Dividend;INF966L01077;INF966L01085;11.1368;11.1368;11.1368;03-Apr-2009
100172;Quant Dynamic Bond-Growth;INF966L01093;;27.3177;27.3177;27.3177;03-Apr-2009

Open Ended Schemes ( Debt Scheme - Credit Risk Fund )


Principal Mutual Fund
102729;Principal Credit Risk Fund - Regular Plan - Growth Option;INF173K01DM4;;13.8047;13.8047;13.8047;03-Apr-2009
102732;Principal Credit Risk Fund - Regular Plan - Monthly Dividend Option;INF173K01BJ4;INF173K01BK2;11.5447;11.5447;11.5447;03-Apr-2009
102726;Principal Floating Rate Fund - SMP-Daily Dividend;;;10.0007;10.0007;10.0007;03-Apr-2009
102725;Principal Floating Rate Fund - SMP-Growth;;;13.7402;13.7402;13.7402;03-Apr-2009
102730;Principal Floating Rate Fund - SMP-Insti. Daily Dividend;;;10.0007;10.0007;10.0007;03-Apr-2009
102731;Principal Floating Rate Fund - SMP-Insti. Weekly Dividend;;;10.0023;10.0023;10.0023;03-Apr-2009
102728;Principal Floating Rate Fund - SMP-Monthly Dividend;;;10.7413;10.7413;10.7413;03-Apr-2009
102727;Principal Floating Rate Fund - SMP-Weekly Dividend;;;10.0023;10.0023;10.0023;03-Apr-2009

Open Ended Schemes ( Debt Scheme - Floater Fund )


Franklin Templeton Mutual Fund
101048;Franklin India Floating Rate Fund - Growth Plan;INF090I01LM7;;15.5122;15.5122;15.5122;03-Apr-2009
101044;Franklin India Floating Rate Fund - IDCW ;INF090I01LN5;;10.0000;10.0000;10.0000;03-Apr-2009

Open Ended Schemes ( Hybrid Scheme - Aggressive Hybrid Fund )


quant Mutual Fund
101070;quant Aggressive Hybrid Fund - Growth Option - Regular Plan;INF966L01267;;37.0554;37.0554;37.8891;03-Apr-2009
101069;quant Aggressive Hybrid Fund-IDCW Option - Regular Plan;INF966L01242;INF966L01259;8.2767;8.2767;8.4629;03-Apr-2009

Open Ended Schemes ( Hybrid Scheme - Multi Asset Allocation )


quant Mutual Fund
101071;quant Multi Asset Allocation Fund - IDCW Option - Regular Plan;INF966L01184;INF966L01192;18.0322;18.0322;18.0322;03-Apr-2009
101072;quant Multi Asset Allocation Fund-GROWTH OPTION - Regular Plan;INF966L01200;;19.7560;19.7560;19.7560;03-Apr-2009

Open Ended Schemes ( Equity Scheme - Flexi Cap Fund )


quant Mutual Fund
109830;quant Flexi Cap Fund - Growth Option - Regular Plan;INF966L01457;;10.3296;10.3296;10.3296;03-Apr-2009
109831;quant Flexi Cap Fund - IDCW Option - Regular Plan;INF966L01432;INF966L01440;10.3294;10.3294;10.3294;03-Apr-2009

Close Ended Schemes ( Income )


quant Mutual Fund
109070;Escorts Fixed Maturity Plan - Dividend Option;;;10.7161;10.7161;10.7161;03-Apr-2009
109071;Escorts Fixed Maturity Plan - Growth Option;;;10.7161;10.7161;10.7161;03-Apr-2009
109514;Escorts Fixed Maturity Plan - Institutional Dividend;;;10.7354;10.7354;10.7354;03-Apr-2009
109515;Escorts Fixed Maturity Plan - Institutional Growth;;;10.7369;10.7369;10.7369;03-Apr-2009

SBI Mutual Fund
111829;SBI Debt Fund Series-13 Months-9(13/03/2009)-Institutional Dividend;;;10.0423;0;0;03-Apr-2009
111828;SBI Debt Fund Series-13 Months-9(13/03/2009)-Institutional Growth;;;10.0429;0;0;03-Apr-2009
111831;SBI Debt Fund Series-13 Months-9(13/03/2009)-Retail Dividend;;;10.0374;0;0;03-Apr-2009
111830;SBI Debt Fund Series-13 Months-9(13/03/2009)-Retail Growth;;;10.0428;0;0;03-Apr-2009
111889;REDEEMED-SBI Debt Fund Series - 13 Months - 10 (24/03/09) - Institutional Dividend;;;10.0194;0;0;03-Apr-2009
111890;REDEEMED-SBI Debt Fund Series - 13 Months - 10 (24/03/09) - Institutional Growth;;;10.0194;0;0;03-Apr-2009
111891;REDEEMED-SBI Debt Fund Series - 13 Months - 10 (24/03/09) - Retail Dividend;;;10.0192;0;0;03-Apr-2009
111892;REDEEMED-SBI Debt Fund Series - 13 Months - 10 (24/03/09) - Retail Growth;;;10.0192;0;0;03-Apr-2009
