Scheme Code;Scheme Name;ISIN Div Payout/ISIN Growth;ISIN Div Reinvestment;Net Asset Value;Repurchase Price;Sale Price;Date

Open Ended Schemes ( Debt Scheme - Overnight Fund )


Aditya Birla Sun Life Mutual Fund
145488;ADITYA BIRLA SUN LIFE OVERNIGHT FUND-  Direct - Monthly Payout of IDCW;INF209KB1ZL4;;1002.4164;;;26-Dec-2020
145489;ADITYA BIRLA SUN LIFE OVERNIGHT FUND-  Direct - Weekly Reinvestment of IDCW;;INF209KB1ZJ8;1000.7105;;;26-Dec-2020
145482;ADITYA BIRLA SUN LIFE OVERNIGHT FUND-  Regular - Weekly Reinvestment of IDCW option;;INF209KB1ZE9;1000.6845;;;26-Dec-2020
145487;ADITYA BIRLA SUN LIFE OVERNIGHT FUND- Direct - Daily Reinvestment of IDCW;;INF209KB1ZI0;1000.1924;;;26-Dec-2020
145483;ADITYA BIRLA SUN LIFE OVERNIGHT FUND- Regular - Daily Reinvestment of IDCW;;INF209KB1ZD1;1000.187;;;26-Dec-2020
145485;ADITYA BIRLA SUN LIFE OVERNIGHT FUND- Regular- Monthly Payout of IDCW option;INF209KB1ZG4;;1002.3224;;;26-Dec-2020
145486;ADITYA BIRLA SUN LIFE OVERNIGHT FUND-DIRECT PLAN-GROWTH;INF209KB1ZH2;;1104.1015;;;26-Dec-2020
145481;ADITYA BIRLA SUNLIFE OVERNIGHT FUND-REGULAR PLAN-GROWTH;INF209KB1ZC3;;1101.0635;;;26-Dec-2020

Axis Mutual Fund
146679;Axis Overnight Fund - Direct Plan - Daily IDCW;;INF846K01N99;1000.5073;;;26-Dec-2020
146675;Axis Overnight Fund - Direct Plan - Growth Option;INF846K01N65;;1079.2616;;;26-Dec-2020
146677;Axis Overnight Fund - Direct Plan - Monthly IDCW;INF846K01N73;INF846K01N81;1003.3995;;;26-Dec-2020
146676;Axis Overnight Fund - Direct Plan - Weekly IDCW;INF846K01N40;INF846K01N57;1001.1288;;;26-Dec-2020
146682;Axis Overnight Fund - Regular Plan - Daily IDCW;;INF846K01O56;1000.5032;;;26-Dec-2020
146678;Axis Overnight Fund - Regular Plan - Growth Option;INF846K01O23;;1078.1093;;;26-Dec-2020
146681;Axis Overnight Fund - Regular Plan - Monthly IDCW;INF846K01O31;INF846K01O49;1003.3511;;;26-Dec-2020
146680;Axis Overnight Fund - Regular Plan - Weekly IDCW;INF846K01O07;INF846K01O15;1001.0916;;;26-Dec-2020

Bandhan Mutual Fund
146190;BANDHAN Overnight Fund - Direct Plan - Daily IDCW;INF194KB1462;INF194KB1470;1000.1686;;;26-Dec-2020
146191;BANDHAN Overnight Fund - Direct Plan - Growth;INF194KB1447;;1089.3099;;;26-Dec-2020
146183;BANDHAN Overnight Fund - Direct Plan - Monthly IDCW;INF194KB1496;INF194KB1504;1002.5385;;;26-Dec-2020
146192;BANDHAN Overnight Fund - Direct Plan - Weekly IDCW;INF194KB1553;INF194KB1561;1000.2167;;;26-Dec-2020
146188;BANDHAN Overnight Fund - Regular Plan - Daily IDCW;INF194KB1330;INF194KB1348;1000.1618;;;26-Dec-2020
146187;BANDHAN Overnight Fund - Regular Plan - Growth;INF194KB1314;;1086.6515;;;26-Dec-2020
146185;BANDHAN Overnight Fund - Regular Plan - Monthly IDCW;INF194KB1363;INF194KB1371;1002.4360;;;26-Dec-2020
146189;BANDHAN Overnight Fund - Regular Plan - Weekly IDCW;INF194KB1421;INF194KB1439;1001.1018;;;26-Dec-2020

Bank of India Mutual Fund
147951;BANK OF INDIA Overnight Fund Direct Plan Growth;INF761K01EU7;;1032.5330;;;26-Dec-2020
147948;BANK OF INDIA Overnight Fund Direct Plan- Monthly IDCW;INF761K01EY9;INF761K01EX1;1002.4712;;;26-Dec-2020
147950;BANK OF INDIA Overnight Fund Direct Plan- Weekly IDCW;;INF761K01EW3;1000.4366;;;26-Dec-2020
147936;BANK OF INDIA Overnight Fund Regular Plan Growth;INF761K01EZ6;;1031.6400;;;26-Dec-2020

Baroda BNP Paribas Mutual Fund
147197;Baroda BNP Paribas Overnight Fund - Direct Plan - Daily IDCW;;INF955L01HW2;1000.0000;;;26-Dec-2020
147196;Baroda BNP Paribas Overnight Fund - Direct Plan - Growth;INF955L01HV4;;1072.3138;;;26-Dec-2020
147195;Baroda BNP Paribas Overnight Fund - Direct Plan - Weekly IDCW;;INF955L01HX0;1000.4925;;;26-Dec-2020
147194;Baroda BNP Paribas Overnight Fund - Regular Plan - Daily IDCW;;INF955L01HT8;1000.0000;;;26-Dec-2020
147193;Baroda BNP Paribas Overnight Fund - Regular Plan - Growth;INF955L01HS0;;1071.3043;;;26-Dec-2020
147198;Baroda BNP Paribas Overnight Fund - Regular Plan - Weekly IDCW;;INF955L01HU6;1000.4218;;;26-Dec-2020

Canara Robeco Mutual Fund
147532;CANARA ROBECO OVERNIGHT FUND - DIRECT PLAN - DAILY IDCW (Reinvestment);;INF760K01JN3;1001.0009;;;26-Dec-2020
147531;CANARA ROBECO OVERNIGHT FUND - DIRECT PLAN - GROWTH OPTION;INF760K01JM5;;1057.4287;;;26-Dec-2020
147533;CANARA ROBECO OVERNIGHT FUND - REGULAR PLAN - DAILY IDCW (Reinvestment);;INF760K01JP8;1001.0000;;;26-Dec-2020
147534;CANARA ROBECO OVERNIGHT FUND - REGULAR PLAN - GROWTH OPTION;INF760K01JO1;;1056.9543;;;26-Dec-2020

Edelweiss Mutual Fund
147551;Edelweiss Overnight Fund - Direct Plan - Annual - IDCW Option;INF754K01KD5;INF754K01KC7;1059.3825;;;26-Dec-2020
147557;Edelweiss Overnight Fund - Direct Plan - Daily - IDCW Option;;INF754K01JW7;1000;;;26-Dec-2020
147550;Edelweiss Overnight Fund - Direct Plan - Fortnightly - IDCW Option;INF754K01JZ0;INF754K01JY3;1050.3607;;;26-Dec-2020
147570;Edelweiss Overnight Fund - Direct Plan - Growth;INF754K01JV9;;1059.2225;;;26-Dec-2020
147554;Edelweiss Overnight Fund - Direct Plan - Monthly - IDCW Option;INF754K01KB9;INF754K01KA1;1057.5797;;;26-Dec-2020
147558;Edelweiss Overnight Fund - Direct Plan - Weekly - IDCW Option;;INF754K01JX5;1056.9163;;;26-Dec-2020
147552;Edelweiss Overnight Fund - Regular Plan - Daily - IDCW Option;;INF754K01KF0;1008.0187;;;26-Dec-2020
147569;Edelweiss Overnight Fund - Regular Plan - Growth;INF754K01KE3;;1058.1601;;;26-Dec-2020
147555;Edelweiss Overnight Fund - Regular Plan - Monthly - IDCW Option;INF754K01KK0;INF754K01KJ2;1003.5223;;;26-Dec-2020
147553;Edelweiss Overnight Fund - Regular Plan - Weekly - IDCW Option;;INF754K01KG8;1015.4721;;;26-Dec-2020

Groww Mutual Fund
147458;Groww Overnight Fund (formerly known as Indiabulls Overnight Fund)- Direct Plan- - Income Distribution cum capital withdrawal Option ( Reinvestment);;INF666M01GM6;1000.9852;;;26-Dec-2020
147452;Groww Overnight Fund (formerly known as Indiabulls Overnight Fund)- Direct Plan- Fortnightly - Income Distribution cum capital withdrawal Option (Payout & Reinvestment);INF666M01GP9;INF666M01GQ7;1002.2821;;;26-Dec-2020
147450;Groww Overnight Fund (formerly known as Indiabulls Overnight Fund)- Direct Plan- Growth Option;INF666M01GL8;;1058.9851;;;26-Dec-2020
147453;Groww Overnight Fund (formerly known as Indiabulls Overnight Fund)- Direct Plan- Monthly - Income Distribution cum capital withdrawal Option (Payout & Reinvestment);INF666M01GR5;INF666M01GS3;1003.1038;;;26-Dec-2020
147451;Groww Overnight Fund (formerly known as Indiabulls Overnight Fund)- Direct Plan- Weekly - Income Distribution cum capital withdrawal Option (Payout & Reinvestment);INF666M01GN4;INF666M01GO2;1001.5257;;;26-Dec-2020
147455;Groww Overnight Fund (formerly known as Indiabulls Overnight Fund)- Regular Plan- - Income Distribution cum capital withdrawal Option ( Reinvestment);;INF666M01GU9;1000.9337;;;26-Dec-2020
147457;Groww Overnight Fund (formerly known as Indiabulls Overnight Fund)- Regular Plan- Fortnightly - Income Distribution cum capital withdrawal Option (Payout & Reinvestment);INF666M01GX3;INF666M01GY1;1002.1378;;;26-Dec-2020
147454;Groww Overnight Fund (formerly known as Indiabulls Overnight Fund)- Regular Plan- Growth Option;INF666M01GT1;;1057.4177;;;26-Dec-2020
147459;Groww Overnight Fund (formerly known as Indiabulls Overnight Fund)- Regular Plan- Monthly - Income Distribution cum capital withdrawal Option (Payout & Reinvestment);INF666M01GZ8;INF666M01HA9;1002.7078;;;26-Dec-2020
147456;Groww Overnight Fund (formerly known as Indiabulls Overnight Fund)- Regular Plan- Weekly - Income Distribution cum capital withdrawal Option (Payout & Reinvestment);INF666M01GV7;INF666M01GW5;1001.2735;;;26-Dec-2020

Invesco Mutual Fund
147884;Invesco India Overnight Fund - Direct Plan - Daily IDCW (Reinvestment);;INF205KA1122;1000.221;;;26-Dec-2020
147883;Invesco India Overnight Fund - Direct Plan - Growth;INF205KA1163;;1032.2864;;;26-Dec-2020
147886;Invesco India Overnight Fund - Direct Plan - Monthly IDCW (Payout / Reinvestment);INF205KA1155;INF205KA1148;1002.4608;;;26-Dec-2020
147885;Invesco India Overnight Fund - Direct Plan - Weekly IDCW (Reinvestment);;INF205KA1130;1000.428;;;26-Dec-2020
147880;Invesco India Overnight Fund - Regular Plan - Daily IDCW (Reinvestment);;INF205KA1072;1000.0008;;;26-Dec-2020
147878;Invesco India Overnight Fund - Regular Plan - Growth;INF205KA1114;;1031.6843;;;26-Dec-2020
147879;Invesco India Overnight Fund - Regular Plan - Monthly IDCW (Payout / Reinvestment);INF205KA1106;INF205KA1098;1002.4173;;;26-Dec-2020
147881;Invesco India Overnight Fund - Regular Plan - Weekly IDCW (Reinvestment);;INF205KA1080;1000.4205;;;26-Dec-2020

ITI Mutual Fund
147707;ITI Overnight Fund - Direct Plan - Annual IDCW Option;INF00XX01648;INF00XX01614;1034.8986;;;26-Dec-2020
147708;ITI Overnight Fund - Direct Plan - Daily IDCW Option;;INF00XX01572;1001.0039;;;26-Dec-2020
147713;ITI Overnight Fund - Direct Plan - Growth Option;INF00XX01564;;1042.4650;;;26-Dec-2020
147717;ITI Overnight Fund - Direct Plan - Monthly IDCW Option;INF00XX01630;INF00XX01606;1003.4265;;;26-Dec-2020
147711;ITI Overnight Fund - Direct Plan - Weekly IDCW option;;INF00XX01580;1001.3440;;;26-Dec-2020
147709;ITI Overnight Fund - Regular Plan - Daily IDCW Option;;INF00XX01481;1001.0000;;;26-Dec-2020
147716;ITI Overnight Fund - Regular Plan - Fortnightly IDCW Option;INF00XX01531;INF00XX01507;1002.2011;;;26-Dec-2020
147714;ITI Overnight Fund - Regular Plan - Growth Option;INF00XX01473;;1041.2422;;;26-Dec-2020
147718;ITI Overnight Fund - Regular Plan - Monthly IDCW Option;INF00XX01549;INF00XX01515;1003.3319;;;26-Dec-2020
147712;ITI Overnight Fund - Regular Plan - Weekly IDCW Option;;INF00XX01499;1001.3364;;;26-Dec-2020

L&T Mutual Fund
118066;L&T Overnight Fund  - Regular Plan - Monthly IDCW;INF917K01EL4;INF917K01EM2;1005.6357;;;26-Dec-2020
119283;L&T Overnight Fund - Direct Plan - Growth;INF917K01EN0;;1592.9393;;;26-Dec-2020
119284;L&T Overnight Fund - Direct Plan- Daily IDCW;;INF917K01EO8;1023.4716;;;26-Dec-2020
119282;L&T Overnight Fund - Direct Plan- Monthly IDCW;INF917K01ER1;;1060.0426;;;26-Dec-2020
119285;L&T Overnight Fund - Direct Plan- Weekly IDCW;;INF917K01EP5;1001.848;;;26-Dec-2020
118056;L&T Overnight Fund - Regular Plan - Daily IDCW;;INF917K01EJ8;1023.4662;;;26-Dec-2020
118058;L&T Overnight Fund - Regular Plan - Growth;INF917K01EI0;;1517.4342;;;26-Dec-2020
118065;L&T Overnight Fund - Regular Plan - Weekly IDCW;;INF917K01EK6;1000.4412;;;26-Dec-2020

LIC Mutual Fund
147516;LIC MF Overnight Fund-Direct Plan-Daily IDCW;;INF767K01QG7;1000;;;26-Dec-2020
147515;LIC MF Overnight Fund-Direct Plan-Growth;INF767K01QI3;;1058.1657;;;26-Dec-2020
147513;LIC MF Overnight Fund-Direct Plan-IDCW;INF767K01QE2;INF767K01QF9;1057.9199;;;26-Dec-2020
147514;LIC MF Overnight Fund-Direct Plan-Weekly IDCW;;INF767K01QH5;1000.3351;;;26-Dec-2020
147517;LIC MF Overnight Fund-Regular Plan-Daily IDCW;;INF767K01QB8;1000;;;26-Dec-2020
147519;LIC MF Overnight Fund-Regular Plan-Growth;INF767K01QD4;;1056.178;;;26-Dec-2020
147512;LIC MF Overnight Fund-Regular Plan-IDCW;INF767K01PZ9;INF767K01QA0;1056.449;;;26-Dec-2020

Mahindra Manulife Mutual Fund
147563;Mahindra Manulife Overnight Fund - Direct Plan - Daily IDCW;;INF174V01846;1000.1617;;;26-Dec-2020
147564;Mahindra Manulife Overnight Fund - Direct Plan -Growth;INF174V01838;;1056.4407;;;26-Dec-2020
147566;Mahindra Manulife Overnight Fund - Regular Plan - Daily IDCW;;INF174V01820;1000.1881;;;26-Dec-2020
147565;Mahindra Manulife Overnight Fund - Regular Plan - Growth;INF174V01812;;1054.9058;;;26-Dec-2020

PGIM India Mutual Fund
147605;PGIM India Overnight Fund - Direct Plan - Daily Dividend Option;;INF663L01T35;1000;;;26-Dec-2020
147606;PGIM India Overnight Fund - Direct Plan - Growth Option;INF663L01T01;;1053.5001;;;26-Dec-2020
147608;PGIM India Overnight Fund - Direct Plan - Weekly Dividend Option;INF663L01T19;INF663L01T27;1000.1181;;;26-Dec-2020
147609;PGIM India Overnight Fund - Regular Plan - Daily Dividend Option;;INF663L01T76;1000;;;26-Dec-2020
147607;PGIM India Overnight Fund - Regular Plan - Weekly Dividend Option;INF663L01T50;INF663L01T68;1000.1642;;;26-Dec-2020
147600;PGIM India Overnight Fund - Regular Plan- Growth Option;INF663L01T43;;1051.985;;;26-Dec-2020

SBI Mutual Fund
119831;SBI Overnight Fund - Direct Plan - Daily Income Distribution cum Capital Withdrawal Option (IDCW);;INF200K01TJ7;1032.1847;;;26-Dec-2020
119833;SBI OVERNIGHT FUND - DIRECT PLAN - GROWTH;INF200K01TK5;;3325.4802;;;26-Dec-2020
119832;SBI Overnight Fund - Direct Plan - Weekly Income Distribution cum Capital Withdrawal Option (IDCW);INF200K01TL3;INF200K01TM1;1054.0148;;;26-Dec-2020
114297;SBI Overnight Fund - Regular Plan - Daily Income Distribution cum Capital Withdrawal Option (IDCW);;INF200K01LN6;1031.6509;;;26-Dec-2020
101206;SBI OVERNIGHT FUND - REGULAR PLAN - GROWTH;INF200K01LQ9;;3293.9296;;;26-Dec-2020
103140;SBI Overnight Fund - Regular Plan - Weekly Income Distribution cum Capital Withdrawal Option (IDCW);INF200K01LO4;INF200K01LP1;1053.4631;;;26-Dec-2020

Sundaram Mutual Fund
146964;Sundaram Overnight Fund Direct Plan - Daily Reinvestment of Income Distribution cum Capital Withdrawal (IDCW);INF903JA1HJ9;;1000.1810;;;26-Dec-2020
146956;Sundaram Overnight Fund Direct Plan - Fortnightly Reinvestment of Income Distribution cum Capital Withdrawal (IDCW);INF903JA1HL5;;1062.7326;;;26-Dec-2020
146963;Sundaram Overnight Fund Direct Plan - Growth;INF903JA1HG5;;1085.8703;;;26-Dec-2020
146962;Sundaram Overnight Fund Direct Plan - Monthly Payout of Income Distribution cum Capital Withdrawal (IDCW);INF903JA1HH3;;1041.8572;;;26-Dec-2020
146957;Sundaram Overnight Fund Direct Plan - Monthly Reinvestment of Income Distribution cum Capital Withdrawal (IDCW);INF903JA1HM3;;1041.8572;;;26-Dec-2020
146955;Sundaram Overnight Fund Direct Plan - Weekly Reinvestment of Income Distribution cum Capital Withdrawal (IDCW);INF903JA1HK7;;1046.8950;;;26-Dec-2020
146953;Sundaram Overnight Fund Regular Plan - Daily Reinvestment of Income Distribution cum Capital Withdrawal (IDCW);INF903JA1HC4;;1000.1685;;;26-Dec-2020
146958;Sundaram Overnight Fund Regular Plan - Fortnightly Reinvestment of Income Distribution cum Capital Withdrawal (IDCW);INF903JA1HE0;;1064.0000;;;26-Dec-2020
146959;Sundaram Overnight Fund Regular Plan - Growth;INF903JA1GZ7;;1083.8973;;;26-Dec-2020
146960;Sundaram Overnight Fund Regular Plan - Monthly Payout of Income Distribution cum Capital Withdrawal (IDCW);INF903JA1HA8;;1038.1212;;;26-Dec-2020
146961;Sundaram Overnight Fund Regular Plan - Monthly Reinvestment of Income Distribution cum Capital Withdrawal (IDCW);INF903JA1HF7;;1038.1212;;;26-Dec-2020
146954;Sundaram Overnight Fund Regular Plan - Weekly Payout of Income Distribution cum Capital Withdrawal (IDCW);INF903JA1HD2;;1045.8629;;;26-Dec-2020

Tata Mutual Fund
146978;TATA Overnight Fund Direct Plan - Daily Reinvestment of Income Distribution cum capital withdrawal option   ;;INF277K019T3;1000.0000;;;26-Dec-2020
146979;TATA Overnight Fund Regular Plan - Daily Reinvestment of Income Distribution cum capital withdrawal option   ;;INF277K017T7;1000.0000;;;26-Dec-2020
146980;Tata Overnight Fund-Direct Plan-Growth;INF277K018T5;;1077.2228;;;26-Dec-2020
146977;Tata Overnight Fund-Regular Plan-Growth;INF277K016T9;;1075.2961;;;26-Dec-2020

Union Mutual Fund
147002;Union Overnight Fund - Direct Plan - Daily IDCW Option;;INF582M01FB0;1000.7630;;;26-Dec-2020
147003;Union Overnight Fund - Direct Plan - Growth Option;INF582M01FA2;;1075.2596;;;26-Dec-2020
147006;Union Overnight Fund - Direct Plan - Monthly IDCW Option;INF582M01FG9;INF582M01FE4;1003.2178;;;26-Dec-2020
146998;Union Overnight Fund - Regular Plan - Daily IDCW Option;;INF582M01FK1;1000.7574;;;26-Dec-2020
146997;Union Overnight Fund - Regular Plan - Growth Option;INF582M01FJ3;;1073.3746;;;26-Dec-2020

UTI Mutual Fund
100814;UTI - Overnight  Fund - Regular Plan - Growth Option;INF789F01604;;2772.1125;;;26-Dec-2020
120785;UTI - Overnight Fund - Direct Plan - Growth Option;INF789FB1S71;;2795.4585;;;26-Dec-2020
124266;UTI Overnight Fund - Direct Plan - Daily IDCW;;INF789FB1S89;1371.6621;;;26-Dec-2020
120786;UTI Overnight Fund - Direct Plan - Periodic IDCW;INF789FB1T05;INF789FB1S97;1515.7945;;;26-Dec-2020
124265;UTI Overnight Fund - Regular Plan - Daily IDCW;;INF789FB1T13;1370.8617;;;26-Dec-2020
100813;UTI Overnight Fund - Regular Plan - Periodic IDCW;INF789F01588;INF789F01596;1476.8155;;;26-Dec-2020

Open Ended Schemes ( Debt Scheme - Liquid Fund )


Aditya Birla Sun Life Mutual Fund
100047;Aditya Birla Sun Life Liquid Fund - Growth;INF209K01RU9;;326.6472;;;26-Dec-2020
119568;Aditya Birla Sun Life Liquid Fund - Growth - Direct Plan;INF209K01VA3;;328.758;;;26-Dec-2020
100046;Aditya Birla Sun Life Liquid Fund -Daily IDCW;INF209K01KQ2;INF209K01SQ5;100.2116;;;26-Dec-2020
119569;Aditya Birla Sun Life Liquid Fund -Direct - daily IDCW;INF209K01UZ2;;100.2121;;;26-Dec-2020
119571;Aditya Birla Sun Life Liquid Fund -DIRECT - IDCW;INF209K01VD7;;178.4899;;;26-Dec-2020
119570;Aditya Birla Sun Life Liquid Fund -Direct - weekly IDCW;INF209K01VC9;;100.2938;;;26-Dec-2020
100041;Aditya Birla Sun Life Liquid Fund -Institutional - IDCW;;INF209K01KN9;108.0409;;;26-Dec-2020
100048;Aditya Birla Sun Life Liquid Fund -Institutional - weekly  IDCW;INF209KA1LK7;INF209K01KY6;108.1399;;;26-Dec-2020
103885;Aditya Birla Sun Life Liquid Fund -Regular - IDCW;INF209KA1LI1;;136.6782;;;26-Dec-2020
100044;Aditya Birla Sun Life Liquid Fund -Retail - IDCW;;INF209K01KP4;163.7211;;;26-Dec-2020
100051;Aditya Birla Sun Life Liquid Fund -weekly IDCW;INF209K01KU4;INF209KA1LJ9;100.2916;;;26-Dec-2020
112014;Aditya Birla Sun Life Liquid Fund- Discipline Advantage Plan;INF209K01KZ3;;219.7632;;;26-Dec-2020
100043;Aditya Birla Sun Life Liquid Fund-Institutional (Growth);INF209K01RT1;;543.9698;;;26-Dec-2020
100042;Aditya Birla Sun Life Liquid Fund-Retail (Growth);INF209K01ME4;;530.0781;;;26-Dec-2020

Axis Mutual Fund
120388;Axis Liquid Fund - Direct Plan - Daily IDCW;;INF846K01DA0;1000.9560;;;26-Dec-2020
120389;Axis Liquid Fund - Direct Plan - Growth Option;INF846K01CX4;;2265.7664;;;26-Dec-2020
120391;Axis Liquid Fund - Direct Plan - Monthly IDCW;INF846K01CY2;INF846K01CZ9;1003.0483;;;26-Dec-2020
120390;Axis Liquid Fund - Direct Plan - Weekly IDCW;INF846K01DB8;INF846K01DC6;1002.5242;;;26-Dec-2020
112211;Axis Liquid Fund - Regular Plan - Daily IDCW;;INF846K01420;1001.3998;;;26-Dec-2020
112210;Axis Liquid Fund - Regular Plan - Growth Option;INF846K01412;;2254.2176;;;26-Dec-2020
112213;Axis Liquid Fund - Regular Plan - Monthly IDCW;INF846K01453;INF846K01461;1003.5803;;;26-Dec-2020
112212;Axis Liquid Fund - Regular Plan - Weekly IDCW;INF846K01438;INF846K01446;1002.5145;;;26-Dec-2020
112712;Axis Liquid Fund - Retail Plan - Daily IDCW;;INF846K01362;1000.9559;;;26-Dec-2020
112713;Axis Liquid Fund - Retail Plan - Growth Option;INF846K01354;;2111.2257;;;26-Dec-2020
112714;Axis Liquid Fund - Retail Plan - Monthly IDCW;INF846K01396;INF846K01404;1002.5948;;;26-Dec-2020
112715;Axis Liquid Fund - Retail Plan - Weekly IDCW;INF846K01370;INF846K01388;1001.0369;;;26-Dec-2020

Bandhan Mutual Fund
108692;BANDHAN LIQUID Fund - Regular Plan - Daily IDCW;INF194K01VZ4;INF194K01VY7;1001.2463;;;26-Dec-2020
108690;BANDHAN LIQUID Fund - Regular Plan - Growth;INF194K01VX9;;2453.7794;;;26-Dec-2020
108693;BANDHAN LIQUID Fund - Regular Plan - Monthly IDCW;INF194K01WF4;INF194K01WE7;1002.7064;;;26-Dec-2020
115489;BANDHAN LIQUID Fund - Regular Plan - Periodic IDCW;INF194K01WC1;INF194K01WB3;1099.8535;;;26-Dec-2020
108691;BANDHAN LIQUID Fund - Regular Plan - Weekly IDCW;INF194K01WI8;INF194K01WH0;1001.2481;;;26-Dec-2020
139582;BANDHAN LIQUID Fund - Unclaimed IDCW Less than 3 years;INF194KA14C0;;1.3134;;;26-Dec-2020
139583;BANDHAN LIQUID Fund - Unclaimed IDCW More than 3 years;INF194KA15C7;;1.0000;;;26-Dec-2020
139584;BANDHAN LIQUID Fund - Unclaimed Redemption Less than 3 years;INF194KA12C4;;1.3134;;;26-Dec-2020
139585;BANDHAN LIQUID Fund - Unclaimed Redemption More than 3 years;INF194KA13C2;;1.0000;;;26-Dec-2020
118365;BANDHAN LIQUID Fund -Direct Plan -Monthly IDCW;INF194K01J36;INF194K01J28;1009.4805;;;26-Dec-2020
118367;BANDHAN LIQUID Fund -Direct Plan -Weekly IDCW;INF194KB1JT8;INF194K01J51;1007.1240;;;26-Dec-2020
118366;BANDHAN LIQUID Fund -Direct Plan-Daily IDCW;;INF194K01I78;1001.8309;;;26-Dec-2020
118364;BANDHAN LIQUID Fund -Direct Plan-Growth;INF194K01I60;;2465.8692;;;26-Dec-2020
118363;BANDHAN LIQUID Fund -Direct Plan-Periodic IDCW;INF194K01J02;INF194K01I94;1031.8988;;;26-Dec-2020

Bank of India Mutual Fund
141887;BANK OF INDIA Liquid Fund  Unclaimed Dividend greater than  3 years;;;1000.0000;;;26-Dec-2020
141889;BANK OF INDIA Liquid Fund  Unclaimed Dividend Upto 3 years;;;1194.6966;;;26-Dec-2020
141888;BANK OF INDIA Liquid Fund  Unclaimed Redemption greater than  3 years;;;1000.0000;;;26-Dec-2020
141890;BANK OF INDIA Liquid Fund  Unclaimed Redemption Upto 3 years;;;1194.5736;;;26-Dec-2020
119368;BANK OF INDIA Liquid Fund- Direct Plan- Daily IDCW;;INF761K01CL0;1002.6483;;;26-Dec-2020
119369;BANK OF INDIA Liquid Fund- Direct Plan- Growth;INF761K01785;;2347.4860;;;26-Dec-2020
119370;BANK OF INDIA Liquid Fund- Direct Plan- Weekly IDCW;;INF761K01CM8;1062.0020;;;26-Dec-2020
111971;BANK OF INDIA Liquid Fund- Regular Plan- Daily IDCW;;INF761K01CO4;1002.1069;;;26-Dec-2020
109254;BANK OF INDIA Liquid Fund- Regular Plan- Growth;INF761K01306;;2329.8874;;;26-Dec-2020
109255;BANK OF INDIA Liquid Fund- Regular Plan- Weekly IDCW;;INF761K01CP1;1001.7256;;;26-Dec-2020

Baroda BNP Paribas Mutual Fund
119414;Baroda BNP Paribas LIQUID FUND - DIRECT PLAN - DAILY IDCW OPTION;INF955L01AK2;;1002.0849;;;26-Dec-2020
119415;Baroda BNP Paribas LIQUID FUND - DIRECT PLAN - GROWTH OPTION;INF955L01AL0;;2349.1349;;;26-Dec-2020
119416;Baroda BNP Paribas LIQUID FUND - DIRECT PLAN - WEEKLY IDCW OPTION;INF251K01SL8;;1218.8434;;;26-Dec-2020
111707;Baroda BNP Paribas LIQUID FUND - Regular Plan - DAILY IDCW OPTION;INF955L01468;INF955L01476;1001.1996;;;26-Dec-2020
111704;Baroda BNP Paribas LIQUID FUND - Regular Plan - GROWTH OPTION;INF955L01484;;2331.2569;;;26-Dec-2020
111705;Baroda BNP Paribas LIQUID FUND - Regular Plan - WEEKLY IDCW OPTION;INF251K01SK0;INF955L01500;1000.4204;;;26-Dec-2020
101408;Baroda BNP Paribas LIQUID FUND- Defunct Plan -Growth Option;INF955L01575;;3430.4349;;;26-Dec-2020
101407;Baroda BNP Paribas LIQUID FUND-Defunct Plan- IDCW Option;INF955L01559;INF955L01567;2939.0636;;;26-Dec-2020
101409;Baroda BNP Paribas LIQUID FUND-Defunct Plan-Daily IDCW Option;INF955L01518;INF955L01526;1006.0602;;;26-Dec-2020

Canara Robeco Mutual Fund
118307;CANARA ROBECO LIQUID FUND - DIRECT PLAN - DAILY IDCW (Reinvestment);;INF760K01FS0;1005.5000;;;26-Dec-2020
118305;CANARA ROBECO LIQUID FUND - DIRECT PLAN - GROWTH OPTION;INF760K01FU6;;2446.9734;;;26-Dec-2020
118304;CANARA ROBECO LIQUID FUND - DIRECT PLAN - IDCW (Payout/Reinvestment);INF760K01FT8;;1751.7687;;;26-Dec-2020
118306;CANARA ROBECO LIQUID FUND - DIRECT PLAN - MONTHLY IDCW (Payout/Reinvestment);INF760K01FV4;INF760K01FW2;1002.5116;;;26-Dec-2020
118308;CANARA ROBECO LIQUID FUND - DIRECT PLAN - WEEKLY IDCW (Payout/Reinvestment);INF760K01FY8;INF760K01FX0;1000.2522;;;26-Dec-2020
109349;CANARA ROBECO LIQUID FUND - REGULAR PLAN - DAILY IDCW (Reinvestment);;INF760K01CU3;1005.5000;;;26-Dec-2020
109353;CANARA ROBECO LIQUID FUND - REGULAR PLAN - GROWTH OPTION;INF760K01CW9;;2439.5858;;;26-Dec-2020
109351;CANARA ROBECO LIQUID FUND - REGULAR PLAN - MONTHLY IDCW (Payout/Reinvestment);INF760K01CX7;INF760K01CY5;1002.4918;;;26-Dec-2020
109350;CANARA ROBECO LIQUID FUND - REGULAR PLAN - WEEKLY IDCW (Payout/Reinvestment);INF760K01BZ4;INF760K01CZ2;1000.2498;;;26-Dec-2020
139235;Canara Robeco Liquid Fund -Unclaimed Redemption and Dividend Plan -Direct Growth Option;INF760K01IC8;;1331.2978;;;26-Dec-2020

DSP Mutual Fund
119125;DSP Liquidity Fund - Direct Plan - Growth;INF740K01QL4;;2916.6677;;;26-Dec-2020
119124;DSP Liquidity Fund - Direct Plan - IDCW - Daily;;INF740KA1OB6;1001.1012;;;26-Dec-2020
119123;DSP Liquidity Fund - Direct Plan - IDCW - Weekly;INF740KA1OC4;INF740KA1OD2;1001.0641;;;26-Dec-2020
103347;DSP Liquidity Fund - Regular Plan - Growth;INF740K01FK9;;2896.0236;;;26-Dec-2020
103348;DSP Liquidity Fund - Regular Plan - IDCW - Weekly;INF740K01FM5;INF740K01FL7;1001.0597;;;26-Dec-2020
103349;DSP Liquidity Fund- Regular Plan - IDCW - Daily;;INF740KA1OE0;1001.0968;;;26-Dec-2020

Edelweiss Mutual Fund
140194;Edelweiss Liquid Fund - Direct Plan - Bonus Option;INF754K01GY9;;1530.3524;;;26-Dec-2020
140196;Edelweiss Liquid Fund - Direct Plan - Growth Option;INF754K01GM4;;2630.4487;;;26-Dec-2020
140198;Edelweiss Liquid Fund - Direct Plan - IDCW Option;INF754K01GO0;INF754K01GN2;2630.4623;;;26-Dec-2020
140192;Edelweiss Liquid Fund - Direct Plan Annual - IDCW Option;INF754K01GX1;INF754K01GT9;2630.4407;;;26-Dec-2020
140193;Edelweiss Liquid Fund - Direct Plan daily - IDCW Option;;INF754K01GP7;1002.9603;;;26-Dec-2020
140199;Edelweiss Liquid Fund - Direct Plan Fortnightly - IDCW Option;INF754K01GV5;INF754K01GR3;2173.0448;;;26-Dec-2020
140197;Edelweiss Liquid Fund - Direct Plan Monthly - IDCW Option;INF754K01GW3;INF754K01GS1;1004.348;;;26-Dec-2020
140195;Edelweiss Liquid Fund - Direct Plan weekly - IDCW Option;INF754K01GU7;INF754K01GQ5;2172.3499;;;26-Dec-2020
140189;Edelweiss Liquid Fund - Regular Plan - Bonus Option;INF754K01HR1;;1515.8368;;;26-Dec-2020
140182;Edelweiss Liquid Fund - Regular Plan - Growth Option;INF754K01GZ6;;2602.2021;;;26-Dec-2020
140190;Edelweiss Liquid Fund - Regular Plan - IDCW Option;INF754K01GK8;INF754K01GL6;2602.205;;;26-Dec-2020
140188;Edelweiss Liquid Fund - Regular Plan Annual - IDCW Option;INF754K01HQ3;INF754K01HP5;1800.4641;;;26-Dec-2020
140181;Edelweiss Liquid Fund - Regular Plan Daily - IDCW Option;;INF754K01HA7;1003.3974;;;26-Dec-2020
140184;Edelweiss Liquid Fund - Regular Plan Fortnightly - IDCW Option;INF754K01HK6;INF754K01HC3;2154.7992;;;26-Dec-2020
140183;Edelweiss Liquid Fund - Regular Plan Monthly - IDCW Option;INF754K01HL4;INF754K01HD1;1004.1193;;;26-Dec-2020
140185;Edelweiss Liquid Fund - Regular Plan Weekly - IDCW Option;INF754K01HJ8;INF754K01HB5;1018.3615;;;26-Dec-2020
140176;Edelweiss Liquid Fund - Retail Plan - Growth Option;INF754K01HE9;;2366.5135;;;26-Dec-2020
140178;Edelweiss Liquid Fund - Retail Plan - Weekly Dividend Option;;INF754K01HG4;1219.6691;;;26-Dec-2020
140177;Edelweiss Liquid Fund - Retail Plan Daily - IDCW Option;;INF754K01HF6;1003.1709;;;26-Dec-2020
140180;Edelweiss Liquid Fund - Retail Plan Monthly - IDCW Option;;INF754K01HI0;1234.052;;;26-Dec-2020
141159;Edelweiss Liquid Fund - Unclaimed Dividend Plan- Above 3 years;;;1000;;;26-Dec-2020
141161;Edelweiss Liquid Fund - Unclaimed Dividend Plan- Upto 3 years;;;1257.867;;;26-Dec-2020
141162;Edelweiss Liquid Fund - Unclaimed Redemption Plan- Above 3 years;;;1000;;;26-Dec-2020
141160;Edelweiss Liquid Fund - Unclaimed Redemption Plan- Upto 3 years;;;1257.8767;;;26-Dec-2020

Franklin Templeton Mutual Fund
100538;Franklin India Liquid Fund - Regular Plan - Growth;INF090I01BB1;;4728.5233;;;26-Dec-2020
118577;Franklin India Liquid Fund - Super Institutional - Direct - Growth;INF090I01JV2;;3066.3427;;;26-Dec-2020
100546;Franklin India Liquid Fund - Super Institutional Plan - Growth;INF090I01BG0;;3051.1907;;;26-Dec-2020

Groww Mutual Fund
119135;Groww Liquid Fund ( formerly known as Indiabulls Liquid )Fund - Direct Plan - Growth Option;INF666M01451;;1987.4003;;;26-Dec-2020
119136;Groww Liquid Fund (formerly known as Indiabulls Liquid Fund) - Direct Plan- - Income Distribution cum capital withdrawal Option ( Reinvestment);;INF666M01469;1001.06;;;26-Dec-2020
115991;Groww Liquid Fund (formerly known as Indiabulls Liquid Fund) - Regular Plan - Growth Option;INF666M01014;;1971.9321;;;26-Dec-2020
119138;Groww Liquid Fund (formerly known as Indiabulls Liquid Fund)- Direct Plan- Fortnightly - Income Distribution cum capital withdrawal Option (Payout & Reinvestment);INF666M01501;INF666M01485;1001.8667;;;26-Dec-2020
119139;Groww Liquid Fund (formerly known as Indiabulls Liquid Fund)- Direct Plan- Monthly - Income Distribution cum capital withdrawal Option (Payout & Reinvestment);INF666M01519;INF666M01493;1031.3363;;;26-Dec-2020
119137;Groww Liquid Fund (formerly known as Indiabulls Liquid Fund)- Direct Plan- Weekly - Income Distribution cum capital withdrawal Option (Payout & Reinvestment);INF666M01527;INF666M01477;1000.9627;;;26-Dec-2020
115992;Groww Liquid Fund (formerly known as Indiabulls Liquid Fund)- Regular Plan- - Income Distribution cum capital withdrawal Option (Reinvestment);;INF666M01022;1001.1451;;;26-Dec-2020
115995;Groww Liquid Fund (formerly known as Indiabulls Liquid Fund)- Regular Plan- Monthly - Income Distribution cum capital withdrawal Option (Payout & Reinvestment);INF666M01071;INF666M01055;1002.7215;;;26-Dec-2020
115993;Groww Liquid Fund (formerly known as Indiabulls Liquid Fund)- Regular Plan- Weekly - Income Distribution cum capital withdrawal Option (Payout & Reinvestment);INF666M01089;INF666M01030;1002.0203;;;26-Dec-2020
115994;Groww Liquid Fund (formerly known as Indiabulls Liquid) Fund- Regular Plan- Fortnightly - Income Distribution cum capital withdrawal Option (Payout & Reinvestment);INF666M01063;INF666M01048;1001.7524;;;26-Dec-2020
147937;Indiabulls Liquid Fund - Direct Plan- Growth -Unclaimed Redemption < 3 Yrs;;;1987.7689;;;26-Dec-2020
147939;Indiabulls Liquid Fund - Direct Plan- Growth- Unclaimed Redemption> 3Yrs;;;1987.4043;;;26-Dec-2020
147938;Indiabulls Liquid Fund- Direct Plan-Growth- Unclaimed Dividend < 3 Yrs;;;1980.7519;;;26-Dec-2020
147940;Indiabulls Liquid Fund-Direct Plan- Growth- Unclaimed Dividend > 3 Yrs;;;1987.7725;;;26-Dec-2020

HDFC Mutual Fund
119091;HDFC Liquid Fund - Growth Option - Direct Plan;INF179KB1HP9;;4012.682;;;26-Dec-2020
100868;HDFC Liquid Fund - Growth Plan;INF179KB1HK0;;3986.1006;;;26-Dec-2020

ICICI Prudential Mutual Fund
120197;ICICI Prudential Liquid Fund - Direct Plan - Growth;INF109K01Q49;;302.1883;;;26-Dec-2020
103340;ICICI Prudential Liquid Fund - Growth;INF109K01VQ1;;300.6032;;;26-Dec-2020

IDBI Mutual Fund
126163;IDBI Liquid Fund Bonus Direct;INF397L01FP5;;1643.7784;;;26-Dec-2020
118345;IDBI Liquid Fund Growth Direct;INF397L01AH3;;2194.2973;;;26-Dec-2020
113104;IDBI Liquid Fund- Monthly IDCW;INF397L01976;INF397L01968;1006.2128;;;26-Dec-2020
118449;IDBI Liquid Fund- Monthly IDCW Direct;INF397L01AK7;INF397L01AJ9;1004.6792;;;26-Dec-2020
113102;IDBI Liquid Fund-Daily IDCW;;INF397L01935;1005.2683;;;26-Dec-2020
118450;IDBI Liquid Fund-Daily IDCW Direct;;INF397L01AI1;1002.3548;;;26-Dec-2020
113096;IDBI Liquid Fund-Growth;INF397L01984;;2177.6572;;;26-Dec-2020
113103;IDBI Liquid Fund-Weekly IDCW;INF397L01950;INF397L01943;1023.5740;;;26-Dec-2020
118451;IDBI Liquid Fund-Weekly IDCW Direct;INF397L01AM3;INF397L01AL5;1004.3004;;;26-Dec-2020

Invesco Mutual Fund
122786;Invesco India Liquid Fund - Bonus Option;INF205K01UX5;;2788.7734;;;26-Dec-2020
104484;Invesco India Liquid Fund - Daily IDCW (Reinvestment);;INF205K01HN3;1002.7594;;;26-Dec-2020
120537;Invesco India Liquid Fund - Direct Plan - Growth;INF205K01MF9;;2802.671;;;26-Dec-2020
120536;Invesco India Liquid Fund - Direct Plan - Monthly IDCW (Payout / Reinvestment);INF205K01MG7;INF205K01MH5;1043.6932;;;26-Dec-2020
120535;Invesco India Liquid Fund - Direct Plan - Weekly IDCW (Reinvestment);INF205KA1BE5;INF205K01MI3;1000.9378;;;26-Dec-2020
120534;Invesco India Liquid Fund - Direct Plan- Daily IDCW (Reinvestment);;INF205K01ME2;1000.9596;;;26-Dec-2020
104486;Invesco India Liquid Fund - Growth;INF205K01HM5;;2787.4858;;;26-Dec-2020
104492;Invesco India Liquid Fund - Monthly IDCW (Payout / Reinvestment);INF205K01HQ6;INF205K01HP8;1005.1609;;;26-Dec-2020
104488;Invesco India Liquid Fund - Regular - Growth;INF205K01HG7;;2528.0806;;;26-Dec-2020
104489;Invesco India Liquid Fund - Regular - Weekly IDCW (Reinvestment);;INF205K01HH5;1002.1734;;;26-Dec-2020
139390;Invesco India Liquid Fund - Unclaimed Dividend Plan - Above 3 Years;;;1000;;;26-Dec-2020
139389;Invesco India Liquid Fund - Unclaimed Dividend Plan - Below 3 Years;;;1328.2548;;;26-Dec-2020
139388;Invesco India Liquid Fund - Unclaimed Redemption Plan - Above 3 Years;;;1000;;;26-Dec-2020
139387;Invesco India Liquid Fund - Unclaimed Redemption Plan - Below 3 years;;;1328.159;;;26-Dec-2020
104485;Invesco India Liquid Fund - Weekly IDCW (Reinvestment);INF205KA1BD7;INF205K01HO1;1003.7258;;;26-Dec-2020

ITI Mutual Fund
147161;ITI Liquid Fund - Direct Plan - Annually IDCW Option;INF00XX01366;INF00XX01333;1071.7276;;;26-Dec-2020
147158;ITI Liquid Fund - Direct Plan - Daily IDCW Option;;INF00XX01291;1001.3233;;;26-Dec-2020
147160;ITI Liquid Fund - Direct Plan - Fortnightly IDCW Option;INF00XX01341;INF00XX01317;1002.2650;;;26-Dec-2020
147157;ITI Liquid Fund - Direct Plan - Growth Option;INF00XX01283;;1071.7259;;;26-Dec-2020
147163;ITI Liquid Fund - Direct Plan - Monthly IDCW Option;INF00XX01358;INF00XX01325;1003.3897;;;26-Dec-2020
147159;ITI Liquid Fund - Direct Plan - Weekly IDCW Option;;INF00XX01309;1001.3345;;;26-Dec-2020
147162;ITI Liquid Fund - Regular Plan - Annually IDCW Option;INF00XX01275;INF00XX01242;1071.7924;;;26-Dec-2020
147154;ITI Liquid Fund - Regular Plan - Daily IDCW Option;;INF00XX01200;1001.0000;;;26-Dec-2020
147155;ITI Liquid Fund - Regular Plan - Fortnightly Income Distribution cum capital withdrawal option Option;INF00XX01259;INF00XX01226;1015.0289;;;26-Dec-2020
147153;ITI Liquid Fund - Regular Plan - Growth Option;INF00XX01192;;1069.7516;;;26-Dec-2020
147156;ITI Liquid Fund - Regular Plan - Monthly IDCW Option;INF00XX01267;INF00XX01234;1003.3104;;;26-Dec-2020
147164;ITI Liquid Fund - Regular Plan - Weekly IDCW Option;;INF00XX01218;1001.3198;;;26-Dec-2020

L&T Mutual Fund
122235;L&T Liquid Fund - Direct Plan - Weekly IDCW;;INF917K01HE2;1001.3637;;;26-Dec-2020
119791;L&T Liquid Fund - Direct Plan -Daily IDCW;INF917K01HG7;;1014.5235;;;26-Dec-2020
119790;L&T Liquid Fund - Direct Plan -Growth;INF917K01HF9;;2795.7911;;;26-Dec-2020
112458;L&T Liquid Fund - Regular Plan - Weekly IDCW;INF917K01BK2;INF917K01JG3;1003.1273;;;26-Dec-2020
112445;L&T Liquid Fund -Regular Plan - Daily IDCW;INF917K01JB4;;1011.9501;;;26-Dec-2020
112457;L&T Liquid Fund -Regular Plan - Growth;INF917K01JH1;;2783.5562;;;26-Dec-2020

LIC Mutual Fund
120248;LIC MF Liquid Fund-Direct Plan-Daily IDCW;INF767K01DL5;INF767K01DM3;1098;;;26-Dec-2020
120249;LIC MF Liquid Fund-Direct Plan-Growth;INF767K01DN1;;3704.872;;;26-Dec-2020
101184;LIC MF Liquid Fund-Regular Plan-Daily IDCW;INF767K01IQ3;INF767K01IR1;1098;;;26-Dec-2020
101185;LIC MF Liquid Fund-Regular Plan-Growth;INF767K01IS9;;3672.5063;;;26-Dec-2020

Mahindra Manulife Mutual Fund
139535;Mahindra Manulife Liquid Fund - Direct Plan - Daily IDCW;;INF174V01051;1000.9099;;;26-Dec-2020
139536;Mahindra Manulife Liquid Fund - Direct Plan - Weekly IDCW;;INF174V01069;1003.3347;;;26-Dec-2020
139538;Mahindra Manulife Liquid Fund - Direct Plan -Growth;INF174V01044;;1325.7814;;;26-Dec-2020
139534;Mahindra Manulife Liquid Fund - Regular Plan - Daily IDCW;;INF174V01028;1000.9099;;;26-Dec-2020
139537;Mahindra Manulife Liquid Fund - Regular Plan - Growth;INF174V01010;;1318.2794;;;26-Dec-2020
139541;Mahindra Manulife Liquid Fund - Regular Plan - Weekly IDCW;;INF174V01036;1009.7448;;;26-Dec-2020
139539;Mahindra Manulife Liquid Fund - Unclaimed Redemption / IDCW Upto three years;;;1181.5509;;;26-Dec-2020

Nippon India Mutual Fund
100852;NIPPON INDIA LIQUID FUND - DAILY IDCW OPTION;;INF204K01UM1;1528.9813;;;26-Dec-2020
118695;NIPPON INDIA LIQUID FUND - DIRECT Plan - DAILY IDCW OPTION;;INF204K01ZG2;1528.9927;;;26-Dec-2020
118696;NIPPON INDIA LIQUID FUND - DIRECT Plan - MONTHLY IDCW OPTION;INF204K01ZI8;INF204K01ZJ6;1590.8537;;;26-Dec-2020
118698;NIPPON INDIA LIQUID FUND - DIRECT Plan - QUARTERLY IDCW OPTION;INF204K01ZK4;INF204K01ZL2;1004.2320;;;26-Dec-2020
118700;NIPPON INDIA LIQUID FUND - DIRECT Plan - WEEKLY IDCW OPTION;INF204KC1FN6;INF204K01ZM0;1531.3586;;;26-Dec-2020
118701;Nippon India Liquid Fund - Direct Plan Growth Plan - Growth Option;INF204K01ZH0;;4990.0554;;;26-Dec-2020
100855;NIPPON INDIA LIQUID FUND - MONTHLY IDCW OPTION;INF204K01UO7;INF204K01UP4;1587.3950;;;26-Dec-2020
112340;NIPPON INDIA LIQUID FUND - QUARTERLY IDCW OPTION;INF204K01UQ2;INF204K01UR0;1002.5060;;;26-Dec-2020
100837;Nippon India Liquid Fund - Retail Option - Growth Plan;INF204K01UL3;;4509.7355;;;26-Dec-2020
100842;NIPPON INDIA LIQUID FUND - RETAIL Plan - DAILY IDCW OPTION;;INF204K01UJ7;1524.4686;;;26-Dec-2020
100843;NIPPON INDIA LIQUID FUND - RETAIL plan - MONTHLY IDCW OPTION;INF204K01UT6;INF204K01UU4;1328.6867;;;26-Dec-2020
100844;NIPPON INDIA LIQUID FUND - RETAIL Plan - QUARTERLY IDCW OPTION;INF204K01UV2;INF204K01UW0;1213.9084;;;26-Dec-2020
100838;NIPPON INDIA LIQUID FUND - RETAIL Plan - WEEKLY IDCW OPTION;;INF204K01UK5;1034.7118;;;26-Dec-2020
100853;NIPPON INDIA LIQUID FUND - WEEKLY IDCW OPTION;INF204KC1FM8;INF204K01US8;1531.3127;;;26-Dec-2020
100851;Nippon India Liquid Fund -Growth Plan;INF204K01UN9;;4957.2990;;;26-Dec-2020

PGIM India Mutual Fund
139603;PGIM India Insta Cash Fund - Unclaimed Dividend Plan - Below 3 years;;;129.6234;;;26-Dec-2020
139604;PGIM India Insta Cash Fund - Unclaimed Redemption Plan - Above 3 years;;;100;;;26-Dec-2020
139605;PGIM India Insta Cash Fund - Unclamied Dividend Plan - Above 3 years;;;100;;;26-Dec-2020
139602;PGIM India Insta Cash Fund - Unlcaimed Redemption Plan - Below 3 years;;;129.5201;;;26-Dec-2020
138286;PGIM India Liquid Fund - Bonus Option;INF223J01BQ4;;180.554;;;26-Dec-2020
138285;PGIM India Liquid Fund - Daily Dividend;;INF223J01BO9;100.304;;;26-Dec-2020
138297;PGIM India Liquid Fund - Direct Plan - Daily Dividend;INF223J01NR7;;103.9541;;;26-Dec-2020
138299;PGIM India Liquid Fund - Direct Plan - Growth;INF223J01NS5;;265.7949;;;26-Dec-2020
138298;PGIM India Liquid Fund - Direct Plan - Monthly Dividend;INF223J01NT3;INF223J01NU1;107.6004;;;26-Dec-2020
138301;PGIM India Liquid Fund - Direct Plan - Weekly Dividend;INF223J01NV9;INF223J01NW7;100.522;;;26-Dec-2020
138288;PGIM India Liquid Fund - Growth;INF223J01BP6;;264.106;;;26-Dec-2020
138287;PGIM India Liquid Fund - Monthly Dividend;INF223J01BL5;;108.3631;;;26-Dec-2020
138289;PGIM India Liquid Fund - Weekly Dividend;INF223J01BU6;;100.5212;;;26-Dec-2020

Principal Mutual Fund
100895;Principal Cash Management Fund - Daily Income Distribution CUM Capital Withdrawal;;INF173K01DB7;1001.0492;;;26-Dec-2020
119468;Principal Cash Management Fund - Direct Plan - Growth Option;INF173K01GU0;;1802.5474;;;26-Dec-2020
119467;Principal Cash Management Fund - Direct Plan - Income Distribution CUM Capital Withdrawal Option - Daily;;INF173K01GT2;1000.8013;;;26-Dec-2020
119469;Principal Cash Management Fund - Direct Plan - Income Distribution CUM Capital Withdrawal Option - Weekly;;INF173K01GY2;1007.0012;;;26-Dec-2020
100897;Principal Cash Management Fund - Monthly Income Distribution CUM Capital Withdrawal Option;INF173K01BV9;INF173K01BW7;1023.4816;;;26-Dec-2020
100896;Principal Cash Management Fund - Weekly Income Distribution CUM Capital Withdrawal Option;;INF173K01DC5;1006.5423;;;26-Dec-2020
119466;Principal Cash Management Fund -Direct Plan - Income Distribution CUM Capital Withdrawal Option - Monthly;INF173K01GV8;INF173K01GW6;1023.5209;;;26-Dec-2020
100898;Principal Cash Management Fund -Growth Option;INF173K01DA9;;1792.2343;;;26-Dec-2020

Quantum Mutual Fund
103736;Quantum Liquid Fund - Direct Plan Daily IDCW;;INF082J01135;10.0060;;;26-Dec-2020
103734;Quantum Liquid Fund - Direct Plan Growth Option;INF082J01127;;27.5660;;;26-Dec-2020
103735;Quantum Liquid Fund - Direct Plan Monthly IDCW;INF082J01143;INF082J01200;10.0328;;;26-Dec-2020
141065;Quantum Liquid Fund - Regular Plan Daily IDCW;;INF082J01317;10.0010;;;26-Dec-2020
141066;Quantum Liquid Fund - Regular Plan Growth Option;INF082J01309;;27.4972;;;26-Dec-2020
141067;Quantum Liquid Fund - Regular Plan Monthly IDCW;INF082J01325;INF082J01333;10.0287;;;26-Dec-2020

SBI Mutual Fund
119804;SBI Liquid Fund - Direct Paln - Fortnightly Income Distribution cum Capital Withdrawal Option (IDCW);INF200K01UR8;INF200K01US6;1043.2687;;;26-Dec-2020
119805;SBI Liquid Fund - Direct Plan - Daily Income Distribution cum Capital Withdrawal Option (IDCW);;INF200K01UQ0;1030.9273;;;26-Dec-2020
119799;SBI Liquid Fund - Direct Plan - Weekly Income Distribution cum Capital Withdrawal Option (IDCW);INF200K01UU2;INF200K01UV0;1091.1451;;;26-Dec-2020
119800;SBI Liquid Fund - DIRECT PLAN -Growth;INF200K01UT4;;3194.7906;;;26-Dec-2020
105274;SBI Liquid Fund - Institutional - Growth;INF200K01LU1;;3207.0814;;;26-Dec-2020
105275;SBI Liquid Fund - Institutional Daily Income Distribution cum Capital Withdrawal Option (IDCW);;INF200K01LR7;1030.3183;;;26-Dec-2020
105279;SBI Liquid Fund - Institutional Fortnightly Income Distribution cum Capital Withdrawal Option (IDCW);INF200K01LS5;INF200K01LT3;1054.2781;;;26-Dec-2020
105281;SBI Liquid Fund - Regular Plan - Daily Income Distribution cum Capital Withdrawal Option (IDCW);;INF200K01LX5;1030.3128;;;26-Dec-2020
105283;SBI Liquid Fund - Regular Plan - Fortnightly Income Distribution cum Capital Withdrawal Option (IDCW);INF200K01LY3;INF200K01LZ0;1042.6567;;;26-Dec-2020
105282;SBI Liquid Fund - Regular Plan - Weekly Income Distribution cum Capital Withdrawal Option (IDCW);INF200K01MB9;INF200K01MC7;1090.4964;;;26-Dec-2020
105280;SBI Liquid Fund - REGULAR PLAN -Growth;INF200K01MA1;;3177.0778;;;26-Dec-2020

Sundaram Mutual Fund
119690;Sundaram Money Fund Direct Plan - Bonus;INF903J01RL8;;15.3983;;;26-Dec-2020
119688;Sundaram Money Fund Direct Plan - Daily Reinvestment of Income Distribution cum Capital Withdrawal (IDCW);;INF903J01QA3;10.1042;;;26-Dec-2020
119692;Sundaram Money Fund Direct Plan - Fortnightly Reinvestment of Income Distribution cum Capital Withdrawal (IDCW);;INF903J01QB1;26.3287;;;26-Dec-2020
119686;Sundaram Money Fund Direct Plan - Growth;INF903J01QF2;;43.0274;;;26-Dec-2020
119687;Sundaram Money Fund Direct Plan - Monthly Income Distribution cum Capital Withdrawal (IDCW);INF903J01QC9;INF903J01QD7;10.7674;;;26-Dec-2020
119689;Sundaram Money Fund Direct Plan - Quarterly Reinvestment of Income Distribution cum Capital Withdrawal (IDCW);;INF903J01QE5;39.5181;;;26-Dec-2020
119691;Sundaram Money Fund Direct Plan - Weekly Reinvestment of Income Distribution cum Capital Withdrawal (IDCW);;INF903J01QG0;12.0430;;;26-Dec-2020
102701;Sundaram Money Fund Institutional Plan - Daily Reinvestment of Income Distribution cum Capital Withdrawal (IDCW);;INF903J01GP2;10.0970;;;26-Dec-2020
118328;Sundaram Money Fund Regular Plan - Bonus;INF903J01MB0;;15.2861;;;26-Dec-2020
103392;Sundaram Money Fund Regular Plan - Daily Reinvestment of Income Distribution cum Capital Withdrawal (IDCW);;INF903J01GW8;10.0970;;;26-Dec-2020
103395;Sundaram Money Fund Regular Plan - Fortnightly Reinvestment of Income Distribution cum Capital Withdrawal (IDCW);;INF903J01GY4;11.1377;;;26-Dec-2020
103397;Sundaram Money Fund Regular Plan - Growth;INF903J01GU2;;42.7631;;;26-Dec-2020
103396;Sundaram Money Fund Regular Plan - Monthly Income Distribution cum Capital Withdrawal (IDCW);INF903J01GV0;INF903J01GZ1;10.6246;;;26-Dec-2020
103393;Sundaram Money Fund Regular Plan - Quarterly Reinvestment of Income Distribution cum Capital Withdrawal (IDCW);;INF903J01HA2;39.3189;;;26-Dec-2020
100620;Sundaram Money Fund Retail Plan - Daily Reinvestment of Income Distribution cum Capital Withdrawal (IDCW);;INF903J01GI7;10.0970;;;26-Dec-2020
100622;Sundaram Money Fund Retail Plan - Fortnightly Reinvestment of Income Distribution cum Capital Withdrawal (IDCW);;INF903J01GK3;11.1219;;;26-Dec-2020
100618;Sundaram Money Fund Retail Plan - Growth;INF903J01GG1;;39.9645;;;26-Dec-2020
100623;Sundaram Money Fund Retail Plan - Monthly Income Distribution cum Capital Withdrawal (IDCW);INF903J01GH9;INF903J01GL1;10.2692;;;26-Dec-2020
100619;Sundaram Money Fund Retail Plan - Quarterly Reinvestment of Income Distribution cum Capital Withdrawal (IDCW);;INF903J01GM9;12.5104;;;26-Dec-2020
100621;Sundaram Money Fund Retail Plan - Weekly Reinvestment of Income Distribution cum Capital Withdrawal (IDCW);;INF903J01GJ5;11.9744;;;26-Dec-2020
140006;Sundaram Money Fund Unclaimed Amount Plan - Unclaimed Dividend Less Than Three Years;INF903JA1567;;12.7991;;;26-Dec-2020
140005;Sundaram Money Fund Unclaimed Amount Plan - Unclaimed Dividend More Than Three Years;INF903JA1575;;10.0000;;;26-Dec-2020
140003;Sundaram Money Fund Unclaimed Amount Plan - Unclaimed Redemption Less Than Three Years;INF903JA1542;;12.8090;;;26-Dec-2020
140004;Sundaram Money Fund Unclaimed Amount Plan - Unclaimed Redemption More Than Three Years;INF903JA1559;;10.0000;;;26-Dec-2020
103394;Sundaram Money Fund Regular Plan - Weekly Reinvestment of Income Distribution cum Capital Withdrawal (IDCW);;INF903J01GX6;12.0192;;;26-Dec-2020

Tata Mutual Fund
102672;Tata Liquid Fund -Regular Plan - Growth Option;INF277K01YD8;;3199.3254;;;26-Dec-2020
119862;Tata Liquid Fund- Direct Plan - Daily Reinvestment of IDCW Option;;INF277K012D2;1001.5187;;;26-Dec-2020
119861;Tata Liquid Fund- Direct Plan-Growth Option;INF277K01YE6;;3220.9595;;;26-Dec-2020
101714;Tata Liquid Fund- Regular Plan - Daily Reinvestment of IDCW Option;;INF277K011D4;1001.5157;;;26-Dec-2020

Union Mutual Fund
115401;Union Liquid Fund - Daily IDCW Option;;INF582M01021;1000.7927;;;26-Dec-2020
119301;Union Liquid Fund - Direct Plan - Daily IDCW Option;;INF582M01682;1000.7927;;;26-Dec-2020
119305;Union Liquid Fund - Direct Plan - Fortnightly IDCW Option;INF582M01724;INF582M01708;1001.9346;;;26-Dec-2020
119303;Union Liquid Fund - Direct Plan - Growth Option;INF582M01674;;1965.2835;;;26-Dec-2020
119302;Union Liquid Fund - Direct Plan - Monthly IDCW Option;INF582M01732;INF582M01716;1003.0347;;;26-Dec-2020
119304;Union Liquid Fund - Direct Plan - Weekly IDCW Option;;INF582M01690;1001.0946;;;26-Dec-2020
115399;Union Liquid Fund - Fortnightly IDCW Option;INF582M01062;INF582M01047;1001.9504;;;26-Dec-2020
115398;Union Liquid Fund - Growth Option;INF582M01013;;1949.9287;;;26-Dec-2020
115400;Union Liquid Fund - Monthly IDCW Option;INF582M01070;INF582M01054;1002.9514;;;26-Dec-2020
142345;Union Liquid Fund - Unclaimed Amounts Plan - IDCW Beyond 3 years;;;1000.0000;;;26-Dec-2020
142344;Union Liquid Fund - Unclaimed Amounts Plan - IDCW Upto 3 years;;;1136.4909;;;26-Dec-2020
142343;Union Liquid Fund - Unclaimed Amounts Plan - Redemption Beyond 3 years;;;1000.0000;;;26-Dec-2020
142342;Union Liquid Fund - Unclaimed Amounts Plan - Redemption Upto 3 years;;;1136.2022;;;26-Dec-2020
115402;Union Liquid Fund - Weekly IDCW Option;;INF582M01039;1001.3095;;;26-Dec-2020

UTI Mutual Fund
134427;UTI Liquid Fund - Direct Plan - Annual IDCW;INF789FA1K63;INF789FA1K71;1469.9062;;;26-Dec-2020
120558;UTI Liquid Fund - Direct Plan - Daily IDCW (Reinvestment);;INF789F01XP8;1019.4457;;;26-Dec-2020
141768;UTI Liquid Fund - Direct Plan - Flexi IDCW;INF789FA1K89;INF789FA1K97;1210.6807;;;26-Dec-2020
140913;UTI Liquid Fund - Direct Plan - Fortnightly IDCW;INF789FA1K06;INF789FA1K14;1156.3445;;;26-Dec-2020
140504;UTI Liquid Fund - Direct Plan - Half-Yearly IDCW;INF789FA1K48;INF789FA1K55;1148.1874;;;26-Dec-2020
120794;UTI Liquid Fund - Direct Plan - Monthly IDCW;INF789F01XR4;INF789F01XS2;1027.2098;;;26-Dec-2020
140024;UTI Liquid Fund - Direct Plan - Quarterly IDCW;INF789FA1K22;INF789FA1K30;1388.2258;;;26-Dec-2020
120777;UTI Liquid Fund - Direct Plan - Weekly IDCW;;INF789F01XT0;1053.1197;;;26-Dec-2020
133973;UTI Liquid Fund - Regular Plan - Annual IDCW;INF789FA1J66;INF789FA1J74;1466.4762;;;26-Dec-2020
102010;UTI Liquid Fund - Regular Plan - Daily IDCW (Reinvestment);;INF789F01PG3;1037.2131;;;26-Dec-2020
140517;UTI Liquid Fund - Regular Plan - Flexi IDCW;INF789FA1J82;INF789FA1J90;1208.6425;;;26-Dec-2020
139838;UTI Liquid Fund - Regular Plan - Fortnightly IDCW;INF789FA1J09;INF789FA1J17;1155.4864;;;26-Dec-2020
144475;UTI Liquid Fund - Regular Plan - Half-Yearly IDCW;INF789FA1J41;INF789FA1J58;1020.9896;;;26-Dec-2020
102011;UTI Liquid Fund - Regular Plan - Monthly IDCW;INF789F01PI9;INF789F01PJ7;1027.1535;;;26-Dec-2020
135721;UTI Liquid Fund - Regular Plan - Quarterly IDCW;INF789FA1J25;INF789FA1J33;1384.6401;;;26-Dec-2020
102013;UTI Liquid Fund - Regular Plan - Weekly IDCW;;INF789F01PK5;1053.1106;;;26-Dec-2020
120304;UTI-  Liquid Cash Plan - Direct Plan - Growth Option;INF789F01XQ6;;3342.309;;;26-Dec-2020
102012;UTI-  Liquid Cash Plan - Regular Plan - Growth Option;INF789F01PH1;;3325.7828;;;26-Dec-2020
102008;UTI-  Liquid Cash Plan- Discontinued - Regular Plan - Monthly Dividend Option;INF789F01BC2;INF789F01BA6;1148.3018;;;26-Dec-2020
102009;UTI-  Liquid Cash Plan- Discontinued - Regular Plan -Growth;INF789F01BB4;;3079.7339;;;26-Dec-2020
102007;UTI-  Liquid Cash Plan- Discontinued -Regular Plan Periodic Dividend Option;;INF789F01AZ5;1133.3835;;;26-Dec-2020

Close Ended Schemes ( Income )


SBI Mutual Fund
146547;SBI Capital Protection Oriented Fund - Series A (Plan 1) - Direct Plan - Growth;INF200KA1ZR1;;11.8407;;;26-Dec-2020
146546;SBI Capital Protection Oriented Fund - Series A (Plan 1) - Regular Plan - Growth;INF200KA1ZQ3;;11.7326;;;26-Dec-2020
146704;SBI Capital Protection Oriented Fund - Series A (Plan 2) - Direct Plan - Growth;INF200KA1B96;;11.7681;;;26-Dec-2020
146705;SBI Capital Protection Oriented Fund - Series A (Plan 2) - Regular Plan - Growth;INF200KA1B88;;11.6422;;;26-Dec-2020
147242;SBI Capital Protection Oriented Fund - Series A (Plan 3) - Direct Plan - Growth;INF200KA1E51;;11.8147;;;26-Dec-2020
147240;SBI Capital Protection Oriented Fund - Series A (Plan 3) - Regular Plan - Growth;INF200KA1E44;;11.6943;;;26-Dec-2020
147359;SBI Capital Protection Oriented Fund - Series A (Plan 4) - Direct Plan - Growth;INF200KA1G34;;11.7444;;;26-Dec-2020
147360;SBI Capital Protection Oriented Fund - Series A (Plan 4) - Regular Plan - Growth;INF200KA1G26;;11.6329;;;26-Dec-2020
147631;SBI Capital Protection Oriented Fund - Series A (Plan 5) - Direct Plan - Growth;INF200KA1K12;;11.5426;;;26-Dec-2020
147632;SBI Capital Protection Oriented Fund - Series A (Plan 5) - Regular Plan - Growth;INF200KA1K04;;11.4326;;;26-Dec-2020
147644;SBI Capital Protection Oriented Fund - Series A (Plan 6) - Direct Plan - Growth;INF200KA1K87;;11.3836;;;26-Dec-2020
147643;SBI Capital Protection Oriented Fund - Series A (Plan 6) - Regular Plan - Growth;INF200KA1K79;;11.2790;;;26-Dec-2020
147942;SBI Capital Protection Oriented Fund - Series A (Plan 7) - Direct Plan - Growth;INF200KA1O67;;10.9733;;;26-Dec-2020
147941;SBI Capital Protection Oriented Fund - Series A (Plan 7) - Regular Plan - Growth;INF200KA1O59;;10.9014;;;26-Dec-2020
148172;SBI Capital Protection Oriented Fund - Series A (Plan 8) - Direct Plan - Growth;INF200KA1P25;;11.2300;;;26-Dec-2020
148171;SBI Capital Protection Oriented Fund - Series A (Plan 8) - Regular Plan - Growth;INF200KA1P17;;11.1660;;;26-Dec-2020
142551;SBI Debt Fund Series - C - 10 (1150 Days) - Direct Plan - Income Distribution cum Capital Withdrawal Option (IDCW);INF200KA1SR6;;12.4823;;;26-Dec-2020
142552;SBI Debt Fund Series - C - 10 (1150 Days) - Regular Plan - Income Distribution cum Capital Withdrawal Option (IDCW);INF200KA1SP0;;12.3573;;;26-Dec-2020
142550;SBI DEBT FUND SERIES C - 10 (1150 DAYS) - DIRECT PLAN - GROWTH;INF200KA1SQ8;;12.4825;;;26-Dec-2020
142553;SBI DEBT FUND SERIES C - 10 (1150 DAYS) - REGULAR PLAN - GROWTH;INF200KA1SO3;;12.3573;;;26-Dec-2020
142872;SBI Debt Fund Series - C - 12 (1122 Days) - Direct Plan - Income Distribution cum Capital Withdrawal Option (IDCW);INF200KA1TD4;;12.1789;;;26-Dec-2020
142870;SBI Debt Fund Series - C - 12 (1122 Days) - Regular Plan - Income Distribution cum Capital Withdrawal Option (IDCW);INF200KA1TB8;;12.0594;;;26-Dec-2020
142871;SBI DEBT FUND SERIES C - 12 (1122 DAYS) - DIRECT PLAN - GROWTH;INF200KA1TC6;;12.1793;;;26-Dec-2020
142869;SBI DEBT FUND SERIES C - 12 (1122 DAYS) - REGULAR PLAN - GROWTH;INF200KA1TA0;;12.0596;;;26-Dec-2020
142960;SBI Debt Fund Series - C - 14 (1122 Days) - Direct Plan - Income Distribution cum Capital Withdrawal Option (IDCW);INF200KA1TL7;;12.1391;;;26-Dec-2020
142957;SBI Debt Fund Series - C - 14 (1122 Days) - Regular Plan - Income Distribution cum Capital Withdrawal Option (IDCW);INF200KA1TJ1;;12.0320;;;26-Dec-2020
142959;SBI DEBT FUND SERIES C - 14 (1122 DAYS) - DIRECT PLAN - GROWTH;INF200KA1TK9;;12.1393;;;26-Dec-2020
142958;SBI DEBT FUND SERIES C - 14 (1122 DAYS) - REGULAR PLAN - GROWTH;INF200KA1TI3;;12.0209;;;26-Dec-2020
143492;SBI Debt Fund Series - C - 16 (1100 Days) - Direct Plan - Income Distribution cum Capital Withdrawal Option (IDCW);INF200KA1UB6;;12.4541;;;26-Dec-2020
143490;SBI Debt Fund Series - C - 16 (1100 Days) - Regular Plan - Income Distribution cum Capital Withdrawal Option (IDCW);INF200KA1TZ7;;12.3572;;;26-Dec-2020
143489;SBI DEBT FUND SERIES C -16 (1100 DAYS) - DIRECT PLAN - GROWTH;INF200KA1UA8;;12.4541;;;26-Dec-2020
143491;SBI DEBT FUND SERIES C -16 (1100 DAYS) - REGULAR PLAN - GROWTH;INF200KA1TY0;;12.3573;;;26-Dec-2020
143776;SBI Debt Fund Series - C - 18 (1100 Days) - Direct Plan - Income Distribution cum Capital Withdrawal Option (IDCW);INF200KA1UJ9;;12.4313;;;26-Dec-2020
143774;SBI Debt Fund Series - C - 18 (1100 Days) - Regular Plan - Income Distribution cum Capital Withdrawal Option (IDCW);INF200KA1UH3;;12.3373;;;26-Dec-2020
143775;SBI DEBT FUND SERIES C - 18 (1100 DAYS) - DIRECT PLAN - GROWTH;INF200KA1UI1;;12.4297;;;26-Dec-2020
143773;SBI DEBT FUND SERIES C - 18 (1100 DAYS) - REGULAR PLAN - GROWTH;INF200KA1UG5;;12.3373;;;26-Dec-2020
144038;SBI Debt Fund Series - C - 19 (1100 Days) - Direct Plan - Income Distribution cum Capital Withdrawal Option (IDCW);INF200KA1UN1;;12.3839;;;26-Dec-2020
144036;SBI Debt Fund Series - C - 19 (1100 Days) - Regular Plan - Income Distribution cum Capital Withdrawal Option (IDCW);INF200KA1UL5;;12.2775;;;26-Dec-2020
144037;SBI Debt Fund Series C - 19 (1100 Days) - Direct Plan - Growth;INF200KA1UM3;;12.3839;;;26-Dec-2020
144035;SBI Debt Fund Series C - 19 (1100 Days) - Regular Plan - Growth;INF200KA1UK7;;12.2776;;;26-Dec-2020
144350;SBI Debt Fund Series - C - 20 (1100 Days) - Direct Plan - Income Distribution cum Capital Withdrawal Option (IDCW);INF200KA1UV4;;12.3531;;;26-Dec-2020
144348;SBI Debt Fund Series - C - 20 (1100 Days) - Regular Plan - Income Distribution cum Capital Withdrawal Option (IDCW);INF200KA1UT8;;12.2542;;;26-Dec-2020
144349;SBI Debt Fund Series C - 20 - (1100 Days) - Direct Plan - Growth;INF200KA1UU6;;12.3532;;;26-Dec-2020
144347;SBI Debt Fund Series C - 20 - (1100 Days) - Regular Plan - Growth;INF200KA1US0;;12.2545;;;26-Dec-2020
144368;SBI Debt Fund Series - C - 21 (1100 Days) - Direct Plan - Income Distribution cum Capital Withdrawal Option (IDCW);INF200KA1UZ5;;12.1462;;;26-Dec-2020
144367;SBI Debt Fund Series - C - 21 (1100 Days) - Regular Plan - Income Distribution cum Capital Withdrawal Option (IDCW);INF200KA1UX0;;12.0433;;;26-Dec-2020
144366;SBI Debt Fund Series C - 21 (1100 Days) - Direct Plan - Growth;INF200KA1UY8;;12.1462;;;26-Dec-2020
144365;SBI Debt Fund Series C - 21 (1100 Days) - Regular Plan - Growth;INF200KA1UW2;;12.0432;;;26-Dec-2020
144495;SBI Debt Fund Series - C - 22 (1100 Days) - Direct Plan - Income Distribution cum Capital Withdrawal Option (IDCW);INF200KA1VD0;;12.3079;;;26-Dec-2020
144493;SBI Debt Fund Series - C - 22 (1100 Days) - Regular Plan - Income Distribution cum Capital Withdrawal Option (IDCW);INF200KA1VB4;;12.2185;;;26-Dec-2020
144494;SBI Debt Fund Series C - 22 (1100 Days) - Direct Plan - Growth;INF200KA1VC2;;12.3079;;;26-Dec-2020
144492;SBI Debt Fund Series C - 22 (1100 Days) - Regular Plan - Growth;INF200KA1VA6;;12.2184;;;26-Dec-2020
144843;SBI Debt Fund Series - C - 23 (1100 Days) - Direct Plan - Income Distribution cum Capital Withdrawal Option (IDCW);INF200KA1VL3;;12.3299;;;26-Dec-2020
144841;SBI Debt Fund Series - C - 23 (1100 Days) - Regular Plan - Income Distribution cum Capital Withdrawal Option (IDCW);INF200KA1VJ7;;12.2318;;;26-Dec-2020
144842;SBI Debt Fund Series C - 23 - (1100 Days) - Direct Plan - Growth;INF200KA1VK5;;12.3299;;;26-Dec-2020
144840;SBI Debt Fund Series C - 23 - (1100 Days) - Regular Plan - Growth;INF200KA1VI9;;12.2319;;;26-Dec-2020
144920;SBI Debt Fund Series - C - 24 (1100 Days) - Direct Plan - Income Distribution cum Capital Withdrawal Option (IDCW);INF200KA1VP4;;12.3830;;;26-Dec-2020
144917;SBI Debt Fund Series - C - 24 (1100 Days) - Regular Plan - Income Distribution cum Capital Withdrawal Option (IDCW);INF200KA1VN9;;12.2945;;;26-Dec-2020
144918;SBI Debt Fund Series C - 24 - (1100 Days) - Direct Plan - Growth;INF200KA1VO7;;12.3830;;;26-Dec-2020
144919;SBI Debt Fund Series C - 24 - (1100 Days) - Regular Plan - Growth;INF200KA1VM1;;12.2938;;;26-Dec-2020
144993;SBI Debt Fund Series - C - 25 (1100 Days) - Direct Plan - Income Distribution cum Capital Withdrawal Option (IDCW);INF200KA1VU4;;12.4173;;;26-Dec-2020
144991;SBI Debt Fund Series - C - 25 (1100 Days) - Regular Plan - Income Distribution cum Capital Withdrawal Option (IDCW);INF200KA1VS8;;12.2569;;;26-Dec-2020
144992;SBI Debt Fund Series C - 25 - (1100 Days) - Direct Plan - Growth;INF200KA1VT6;;12.4173;;;26-Dec-2020
144990;SBI Debt Fund Series C - 25 - (1100 Days) - Regular Plan - Growth;INF200KA1VR0;;12.2560;;;26-Dec-2020
145230;SBI Debt Fund Series - C - 26 (1125 Days) - Direct Plan - Income Distribution cum Capital Withdrawal Option (IDCW);INF200KA1WC0;;12.4363;;;26-Dec-2020
145231;SBI Debt Fund Series - C - 26 (1125 Days) - Regular Plan - Income Distribution cum Capital Withdrawal Option (IDCW);INF200KA1WA4;;12.3776;;;26-Dec-2020
145229;SBI Debt Fund Series C - 26 - (1125 Days) - Direct Plan - Growth;INF200KA1WB2;;12.4388;;;26-Dec-2020
145232;SBI Debt Fund Series C - 26 - (1125 Days) - Regular Plan - Growth;INF200KA1VZ3;;12.3411;;;26-Dec-2020
145373;SBI Debt Fund Series - C - 27 (391 Days) - Direct Plan - Income Distribution cum Capital Withdrawal Option (IDCW);INF200KA12G0;;12.4974;;;26-Dec-2020
145374;SBI Debt Fund Series - C - 27 (391 Days) - Regular Plan - Income Distribution cum Capital Withdrawal Option (IDCW);INF200KA10G4;;12.4163;;;26-Dec-2020
145372;SBI Debt Fund Series C - 27 - (391 Days) - Direct Plan - Growth;INF200KA11G2;;12.4974;;;26-Dec-2020
145371;SBI Debt Fund Series C - 27 - (391 Days) - Regular Plan - Growth;INF200KA19F7;;12.4163;;;26-Dec-2020
145497;SBI Debt Fund Series - C - 28 (386 Days) - Direct Plan - Income Distribution cum Capital Withdrawal Option (IDCW);INF200KA16G1;;12.3970;;;26-Dec-2020
145498;SBI Debt Fund Series - C - 28 (386 Days) - Regular Plan - Income Distribution cum Capital Withdrawal Option (IDCW);INF200KA14G6;;12.3098;;;26-Dec-2020
145499;SBI Debt Fund Series C - 28 - (386 Days) - Direct Plan - Growth;INF200KA15G3;;12.3933;;;26-Dec-2020
145500;SBI Debt Fund Series C - 28 - (386 Days) - Regular Plan - Growth;INF200KA13G8;;12.3099;;;26-Dec-2020
145645;SBI Debt Fund Series - C - 30 (385 Days) - Direct Plan - Income Distribution cum Capital Withdrawal Option (IDCW);INF200KA10H2;;12.3469;;;26-Dec-2020
145644;SBI Debt Fund Series - C - 30 (385 Days) - Regular Plan - Income Distribution cum Capital Withdrawal Option (IDCW);INF200KA18G7;;12.2767;;;26-Dec-2020
145647;SBI Debt Fund Series C - 30 - (385 Days) - Direct Plan - Growth;INF200KA19G5;;12.3469;;;26-Dec-2020
145646;SBI Debt Fund Series C - 30 - (385 Days) - Regular Plan - Growth;INF200KA17G9;;12.2767;;;26-Dec-2020
145744;SBI Debt Fund Series - C - 32 (380 Days) - Direct Plan - Income Distribution cum Capital Withdrawal Option (IDCW);INF200KA14H4;;12.2723;;;26-Dec-2020
145743;SBI Debt Fund Series - C - 32 (380 Days) - Regular Plan - Income Distribution cum Capital Withdrawal Option (IDCW);INF200KA12H8;;12.1976;;;26-Dec-2020
145746;SBI Debt Fund Series C - 32 - (380 Days) - Direct Plan - Growth;INF200KA13H6;;12.2723;;;26-Dec-2020
145745;SBI Debt Fund Series C - 32 - (380 Days) - Regular Plan - Growth;INF200KA11H0;;12.1976;;;26-Dec-2020
145858;SBI Debt Fund Series - C - 33 (1216 Days) - Direct Plan - Income Distribution cum Capital Withdrawal Option (IDCW);INF200KA1XN5;;12.2330;;;26-Dec-2020
145857;SBI Debt Fund Series - C - 33 (1216 Days) - Regular Plan - Income Distribution cum Capital Withdrawal Option (IDCW);INF200KA1XL9;;12.1594;;;26-Dec-2020
145855;SBI Debt Fund Series C - 33 (1216 Days) - Direct Plan - Growth;INF200KA1XM7;;12.2330;;;26-Dec-2020
145856;SBI Debt Fund Series C - 33 (1216 Days) - Regular Plan - Growth;INF200KA1XK1;;12.1594;;;26-Dec-2020
145948;SBI Debt Fund Series - C - 34 (1211 Days) - Direct Plan - Income Distribution cum Capital Withdrawal Option (IDCW);INF200KA1XR6;;12.1819;;;26-Dec-2020
145950;SBI Debt Fund Series - C - 34 (1211 Days) - Regular Plan - Income Distribution cum Capital Withdrawal Option (IDCW);INF200KA1XP0;;12.1096;;;26-Dec-2020
145947;SBI DEBT FUND SERIES C - 34 (1211 DAYS) - DIRECT PLAN - GROWTH;INF200KA1XQ8;;12.1820;;;26-Dec-2020
145949;SBI DEBT FUND SERIES C - 34 (1211 DAYS) - REGULAR PLAN - GROWTH;INF200KA1XO3;;12.1097;;;26-Dec-2020
145988;SBI Debt Fund Series - C - 35 (376 Days) - Direct Plan - Income Distribution cum Capital Withdrawal Option (IDCW);INF200KA18J1;;12.1677;;;26-Dec-2020
145990;SBI Debt Fund Series - C - 35 (376 Days) - Regular Plan - Income Distribution cum Capital Withdrawal Option (IDCW);INF200KA16J5;;12.1081;;;26-Dec-2020
145987;SBI Debt Fund Series C - 35 (376 Days) - Direct Plan - Growth;INF200KA17J3;;12.1677;;;26-Dec-2020
145989;SBI Debt Fund Series C - 35 (376 Days) - Regular Plan - Growth;INF200KA15J7;;12.1082;;;26-Dec-2020
146175;SBI Debt Fund Series - C - 38 (389 Days) - Direct Plan - Income Distribution cum Capital Withdrawal Option (IDCW);INF200KA16K3;;12.0701;;;26-Dec-2020
146176;SBI Debt Fund Series - C - 38 (389 Days) - Regular Plan - Income Distribution cum Capital Withdrawal Option (IDCW);INF200KA14K8;;12.0106;;;26-Dec-2020
146174;SBI Debt Fund Series C - 38 (389 Days) - Direct Plan - Growth;INF200KA15K5;;12.0685;;;26-Dec-2020
146173;SBI Debt Fund Series C - 38 (389 Days) - Regular Plan - Growth;INF200KA13K0;;12.0106;;;26-Dec-2020
146286;SBI Debt Fund Series - C - 40 (1177 Days) - Direct Plan - Income Distribution cum Capital Withdrawal Option (IDCW);INF200KA1YZ7;;12.1030;;;26-Dec-2020
146287;SBI Debt Fund Series - C - 40 (1177 Days) - Regular Plan - Income Distribution cum Capital Withdrawal Option (IDCW);INF200KA1YX2;;12.0455;;;26-Dec-2020
146288;SBI Debt Fund Series C - 40 - (1177 Days) - Regular Plan - Growth;INF200KA1YW4;;12.0455;;;26-Dec-2020
146289;SBI Debt Fund Series C - 40- (1177 Days) - Direct Plan - Growth;INF200KA1YY0;;12.1030;;;26-Dec-2020
146313;SBI Debt Fund Series - C - 41 (1178 Days) - Direct Plan - Income Distribution cum Capital Withdrawal Option (IDCW);INF200KA1ZD1;;12.1115;;;26-Dec-2020
146315;SBI Debt Fund Series - C - 41 (1178 Days) - Regular Plan - Income Distribution cum Capital Withdrawal Option (IDCW);INF200KA1ZB5;;12.0546;;;26-Dec-2020
146312;SBI Debt Fund Series C - 41 (1178 Days) - Direct Plan - Growth;INF200KA1ZC3;;12.1116;;;26-Dec-2020
146314;SBI Debt Fund Series C - 41 (1178 Days) - Regular Plan - Growth;INF200KA1ZA7;;12.0546;;;26-Dec-2020
146368;SBI Debt Fund Series - C - 43 (384 Days) - Direct Plan - Income Distribution cum Capital Withdrawal Option (IDCW);INF200KA10J8;;12.0794;;;26-Dec-2020
146366;SBI Debt Fund Series - C - 43 (384 Days) - Regular Plan - Income Distribution cum Capital Withdrawal Option (IDCW);INF200KA18I3;;12.0232;;;26-Dec-2020
146367;SBI Debt Fund Series C - 43 (384 Days) - Direct Plan - Growth;INF200KA19I1;;12.0794;;;26-Dec-2020
146369;SBI Debt Fund Series C - 43 (384 Days) - Regular Plan - Growth;INF200KA17I5;;12.0232;;;26-Dec-2020
146494;SBI Debt Fund Series - C - 44 (378 Days) - Direct Plan - Income Distribution cum Capital Withdrawal Option (IDCW);INF200KA14J0;;12.0628;;;26-Dec-2020
146496;SBI Debt Fund Series - C - 44 (378 Days) - Regular Plan - Income Distribution cum Capital Withdrawal Option (IDCW);INF200KA12J4;;12.0073;;;26-Dec-2020
146495;SBI Debt Fund Series C - 44 (378 Days) - Direct Plan - Growth;INF200KA13J2;;12.0628;;;26-Dec-2020
146493;SBI Debt Fund Series C - 44 (378 Days) - Regular Plan - Growth;INF200KA11J6;;12.0073;;;26-Dec-2020
146591;SBI Debt Fund Series - C - 46 (376 Days) - Direct Plan - Income Distribution cum Capital Withdrawal Option (IDCW);INF200KA12K2;;11.9579;;;26-Dec-2020
146593;SBI Debt Fund Series - C - 46 (376 Days) - Regular Plan - Income Distribution cum Capital Withdrawal Option (IDCW);INF200KA10K6;;11.9040;;;26-Dec-2020
146592;SBI Debt Fund Series C - 46 (376 Days) - Direct Plan- Growth;INF200KA11K4;;11.9580;;;26-Dec-2020
146590;SBI Debt Fund Series C - 46 (376 Days) - Regular Plan - Growth;INF200KA19J9;;11.9040;;;26-Dec-2020
146656;SBI Debt Fund Series C - 48 (385 Days) - Direct Plan - Growth;INF200KA19K7;;11.9486;;;26-Dec-2020
146658;SBI Debt Fund Series C - 48 (385 Days) - Direct Plan - Income Distribution cum Capital Withdrawal Option (IDCW);INF200KA10L4;;11.9486;;;26-Dec-2020
146655;SBI Debt Fund Series C - 48 (385 Days) - Regular Plan - Growth;INF200KA17K1;;11.8953;;;26-Dec-2020
146657;SBI Debt Fund Series C - 48 (385 Days) - Regular Plan - Income Distribution cum Capital Withdrawal Option (IDCW);INF200KA18K9;;11.8953;;;26-Dec-2020
146766;SBI Debt Fund Series - C - 49 (390 Days) - Direct Plan - Income Distribution cum Capital Withdrawal Option (IDCW);INF200KA14L6;;11.8963;;;26-Dec-2020
146767;SBI Debt Fund Series - C - 49 (390 Days) - Regular Plan - Income Distribution cum Capital Withdrawal Option (IDCW);INF200KA12L0;;11.8395;;;26-Dec-2020
146765;SBI Debt Fund Series C - 49 (390 Days) - Direct Plan - Growth;INF200KA13L8;;11.8963;;;26-Dec-2020
146768;SBI Debt Fund Series C - 49 (390 Days) - Regular Plan - Growth;INF200KA11L2;;11.8437;;;26-Dec-2020
146879;SBI Debt Fund Series - C - 50 (383 Days) - Direct Plan - Income Distribution cum Capital Withdrawal Option (IDCW);INF200KA18L7;;11.8445;;;26-Dec-2020
146880;SBI Debt Fund Series - C - 50 (383 Days) - Regular Plan - Income Distribution cum Capital Withdrawal Option (IDCW);INF200KA16L1;;11.7929;;;26-Dec-2020
146878;SBI Debt Fund Series C - 50 (383 Days) - Direct Plan - Growth;INF200KA17L9;;11.8446;;;26-Dec-2020
146877;SBI Debt Fund Series C - 50 (383 Days) - Regular Plan - Growth;INF200KA15L3;;11.7926;;;26-Dec-2020
142178;SBI Debt Fund Series - C - 7 (1190 Days) - Direct Plan - Income Distribution cum Capital Withdrawal Option (IDCW);INF200KA1SB0;;12.4814;;;26-Dec-2020
142180;SBI Debt Fund Series - C - 7 (1190 Days) - Regular Plan - Income Distribution cum Capital Withdrawal Option (IDCW);INF200KA1RZ1;;12.3503;;;26-Dec-2020
142177;SBI DEBT FUND SERIES C - 7 (1190 DAYS) - DIRECT PLAN - GROWTH;INF200KA1SA2;;12.4814;;;26-Dec-2020
142179;SBI DEBT FUND SERIES C - 7 (1190 DAYS) - REGULAR PLAN - GROWTH;INF200KA1RY4;;12.3503;;;26-Dec-2020
142333;SBI Debt Fund Series - C - 8 (1175 Days) - Direct Plan - Income Distribution cum Capital Withdrawal Option (IDCW);INF200KA1SJ3;;12.4831;;;26-Dec-2020
142331;SBI Debt Fund Series - C - 8 (1175 Days) - Regular Plan - Income Distribution cum Capital Withdrawal Option (IDCW);INF200KA1SH7;;12.3546;;;26-Dec-2020
142330;SBI DEBT FUND SERIES C - 8 (1175 DAYS) - REGULAR PLAN - GROWTH;INF200KA1SG9;;12.3546;;;26-Dec-2020
142332;SBI DEBT FUND SERIES C -8 (1175 DAYS) - DIRECT PLAN - GROWTH;INF200KA1SI5;;12.4831;;;26-Dec-2020
142487;SBI Debt Fund Series - C - 9 (1150 Days) - Direct Plan - Income Distribution cum Capital Withdrawal Option (IDCW);INF200KA1SN5;;12.4730;;;26-Dec-2020
142486;SBI Debt Fund Series - C - 9 (1150 Days) - Regular Plan - Income Distribution cum Capital Withdrawal Option (IDCW);INF200KA1SL9;;12.3529;;;26-Dec-2020
142485;SBI DEBT FUND SERIES C - 9 (1150 DAYS) - DIRECT PLAN - GROWTH;INF200KA1SM7;;12.4730;;;26-Dec-2020
142488;SBI DEBT FUND SERIES C - 9 (1150 DAYS) - REGULAR PLAN - GROWTH;INF200KA1SK1;;12.3529;;;26-Dec-2020
144114;SBI Dual Advantage Fund - Series XXIX - Direct Plan - Growth;INF200KA1UQ4;;12.1401;;;26-Dec-2020
144112;SBI Dual Advantage Fund - Series XXIX - Direct Plan - Income Distribution cum Capital Withdrawal Option (IDCW);INF200KA1UR2;;12.1386;;;26-Dec-2020
144111;SBI Dual Advantage Fund - Series XXIX - Regular Plan - Growth;INF200KA1UO9;;11.9722;;;26-Dec-2020
144113;SBI Dual Advantage Fund - Series XXIX - Regular Plan - Income Distribution cum Capital Withdrawal Option (IDCW);INF200KA1UP6;;11.9732;;;26-Dec-2020
141960;SBI DUAL ADVANTAGE FUND - SERIES XXV - DIRECT PLAN - GROWTH;INF200KA1RS6;;11.7457;;;26-Dec-2020
141962;SBI Dual Advantage Fund - Series XXV - Direct Plan - Income Distribution cum Capital Withdrawal Option (IDCW);INF200KA1RT4;;11.7457;;;26-Dec-2020
141959;SBI DUAL ADVANTAGE FUND - SERIES XXV - REGULAR PLAN - GROWTH;INF200KA1RQ0;;11.5333;;;26-Dec-2020
141961;SBI Dual Advantage Fund - Series XXV - Regular Plan - Income Distribution cum Capital Withdrawal Option (IDCW);INF200KA1RR8;;11.5327;;;26-Dec-2020
142259;SBI DUAL ADVANTAGE FUND - SERIES XXVI - DIRECT PLAN - GROWTH;INF200KA1SE4;;12.0098;;;26-Dec-2020
142256;SBI Dual Advantage Fund - Series XXVI - Direct Plan - Income Distribution cum Capital Withdrawal Option (IDCW);INF200KA1SF1;;12.0100;;;26-Dec-2020
142257;SBI DUAL ADVANTAGE FUND - SERIES XXVI - REGULAR PLAN - GROWTH;INF200KA1SC8;;11.8068;;;26-Dec-2020
142258;SBI Dual Advantage Fund - Series XXVI - Regular Plan - Income Distribution cum Capital Withdrawal Option (IDCW);INF200KA1SD6;;11.8070;;;26-Dec-2020
142751;SBI DUAL ADVANTAGE FUND - SERIES XXVII - DIRECT PLAN - GROWTH;INF200KA1SU0;;11.9582;;;26-Dec-2020
142752;SBI Dual Advantage Fund - Series XXVII - Direct Plan - Income Distribution cum Capital Withdrawal Option (IDCW);INF200KA1SV8;;11.9582;;;26-Dec-2020
142749;SBI DUAL ADVANTAGE FUND - SERIES XXVII - REGULAR PLAN - GROWTH;INF200KA1SS4;;11.7657;;;26-Dec-2020
142750;SBI Dual Advantage Fund - Series XXVII - Regular Plan - Income Distribution cum Capital Withdrawal Option (IDCW);INF200KA1ST2;;11.7661;;;26-Dec-2020
143363;SBI DUAL ADVANTAGE FUND - SERIES XXVIII - DIRECT PLAN - GROWTH;INF200KA1TS2;;12.3182;;;26-Dec-2020
143364;SBI Dual Advantage Fund - Series XXVIII - Direct Plan - Income Distribution cum Capital Withdrawal Option (IDCW);INF200KA1TT0;;12.2847;;;26-Dec-2020
143362;SBI DUAL ADVANTAGE FUND - SERIES XXVIII - REGULAR PLAN - GROWTH;INF200KA1TQ6;;12.1011;;;26-Dec-2020
143365;SBI Dual Advantage Fund - Series XXVIII - Regular Plan - Income Distribution cum Capital Withdrawal Option (IDCW);INF200KA1TR4;;12.1016;;;26-Dec-2020
145160;SBI Dual Advantage Fund - Series XXX - Direct Plan - Income Distribution cum Capital Withdrawal Option (IDCW);INF200KA1VY6;;12.3942;;;26-Dec-2020
145159;SBI Dual Advantage Fund - Series XXX - Regular Plan - Income Distribution cum Capital Withdrawal Option (IDCW);INF200KA1VW0;;12.2429;;;26-Dec-2020
145161;SBI Dual Advantage Fund Series XXX - Direct Plan - Growth;INF200KA1VX8;;12.3942;;;26-Dec-2020
145162;SBI Dual Advantage Fund Series XXX - Regular Plan - Growth;INF200KA1VV2;;12.2429;;;26-Dec-2020
146974;SBI Fixed Maturity Plan (FMP) - Series 1 (3668 Days) - Direct Plan - Growth;INF200KA1D03;;12.3915;;;26-Dec-2020
146975;SBI Fixed Maturity Plan (FMP) - Series 1 (3668 Days) - Direct Plan - Income Distribution cum Capital Withdrawal Option (IDCW);INF200KA1D11;;12.3897;;;26-Dec-2020
146976;SBI Fixed Maturity Plan (FMP) - Series 1 (3668 Days) - Regular Plan - Growth;INF200KA1C87;;12.3374;;;26-Dec-2020
146973;SBI Fixed Maturity Plan (FMP) - Series 1 (3668 Days) - Regular Plan - Income Distribution cum Capital Withdrawal Option (IDCW);INF200KA1C95;;12.3375;;;26-Dec-2020
147467;SBI Fixed Maturity Plan (FMP) - Series 10 (1178 Days) - Direct Plan - Growth;INF200KA1H09;;11.6495;;;26-Dec-2020
147464;SBI Fixed Maturity Plan (FMP) - Series 10 (1178 Days) - Direct Plan - Income Distribution cum Capital Withdrawal Option (IDCW);INF200KA1H17;;11.6495;;;26-Dec-2020
147465;SBI Fixed Maturity Plan (FMP) - Series 10 (1178 Days) - Regular Plan - Growth;INF200KA1G83;;11.6062;;;26-Dec-2020
147466;SBI Fixed Maturity Plan (FMP) - Series 10 (1178 Days) - Regular Plan - Income Distribution cum Capital Withdrawal Option (IDCW);INF200KA1G91;;11.6062;;;26-Dec-2020
147486;SBI Fixed Maturity Plan (FMP) - Series 11 (1178 Days) - Direct Plan - Growth;INF200KA1H41;;11.5988;;;26-Dec-2020
147487;SBI Fixed Maturity Plan (FMP) - Series 11 (1178 Days) - Direct Plan - Income Distribution cum Capital Withdrawal Option (IDCW);INF200KA1H58;;11.5987;;;26-Dec-2020
147484;SBI Fixed Maturity Plan (FMP) - Series 11 (1178 Days) - Regular Plan - Growth;INF200KA1H25;;11.5562;;;26-Dec-2020
147485;SBI Fixed Maturity Plan (FMP) - Series 11 (1178 Days) - Regular Plan - Income Distribution cum Capital Withdrawal Option (IDCW);INF200KA1H33;;11.5562;;;26-Dec-2020
147560;SBI Fixed Maturity Plan (FMP) - Series 14 (384 Days) - Direct Plan - Growth;INF200KA13N4;;11.4845;;;26-Dec-2020
147561;SBI Fixed Maturity Plan (FMP) - Series 14 (384 Days) - Direct Plan - Income Distribution cum Capital Withdrawal Option (IDCW);INF200KA14N2;;11.4845;;;26-Dec-2020
147559;SBI Fixed Maturity Plan (FMP) - Series 14 (384 Days) - Regular Plan - Growth;INF200KA11N8;;11.4440;;;26-Dec-2020
147562;SBI Fixed Maturity Plan (FMP) - Series 14 (384 Days) - Regular Plan - Income Distribution cum Capital Withdrawal Option (IDCW);INF200KA12N6;;11.4440;;;26-Dec-2020
147582;SBI Fixed Maturity Plan (FMP) - Series 15 (1123 Days) - Direct Plan - Growth;INF200KA1J07;;11.4714;;;26-Dec-2020
147583;SBI Fixed Maturity Plan (FMP) - Series 15 (1123 Days) - Direct Plan - Income Distribution cum Capital Withdrawal Option (IDCW);INF200KA1J15;;11.4714;;;26-Dec-2020
147580;SBI Fixed Maturity Plan (FMP) - Series 15 (1123 Days) - Regular Plan - Growth;INF200KA1I81;;11.4315;;;26-Dec-2020
147581;SBI Fixed Maturity Plan (FMP) - Series 15 (1123 Days) - Regular Plan - Income Distribution cum Capital Withdrawal Option (IDCW);INF200KA1I99;;11.4316;;;26-Dec-2020
147612;SBI Fixed Maturity Plan (FMP) - Series 16 (1116 Days) - Direct Plan - Growth;INF200KA1J49;;11.4294;;;26-Dec-2020
147613;SBI Fixed Maturity Plan (FMP) - Series 16 (1116 Days) - Direct Plan - Income Distribution cum Capital Withdrawal Option (IDCW);INF200KA1J56;;11.4294;;;26-Dec-2020
147611;SBI Fixed Maturity Plan (FMP) - Series 16 (1116 Days) - Regular Plan - Growth;INF200KA1J23;;11.3907;;;26-Dec-2020
147610;SBI Fixed Maturity Plan (FMP) - Series 16 (1116 Days) - Regular Plan - Income Distribution cum Capital Withdrawal Option (IDCW);INF200KA1J31;;11.3907;;;26-Dec-2020
147627;SBI Fixed Maturity Plan (FMP) - Series 17 (1116 Days) - Direct Plan - Growth;INF200KA1J80;;11.3829;;;26-Dec-2020
147628;SBI Fixed Maturity Plan (FMP) - Series 17 (1116 Days) - Direct Plan - Income Distribution cum Capital Withdrawal Option (IDCW);INF200KA1J98;;11.3828;;;26-Dec-2020
147629;SBI Fixed Maturity Plan (FMP) - Series 17 (1116 Days) - Regular Plan - Growth;INF200KA1J64;;11.3449;;;26-Dec-2020
147630;SBI Fixed Maturity Plan (FMP) - Series 17 (1116 Days) - Regular Plan - Income Distribution cum Capital Withdrawal Option (IDCW);INF200KA1J72;;11.3449;;;26-Dec-2020
147641;SBI Fixed Maturity Plan (FMP) - Series 18 (1108 Days) - Direct Plan - Growth;INF200KA1K53;;11.3555;;;26-Dec-2020
147642;SBI Fixed Maturity Plan (FMP) - Series 18 (1108 Days) - Direct Plan - Income Distribution cum Capital Withdrawal Option (IDCW);INF200KA1K61;;11.3555;;;26-Dec-2020
147639;SBI Fixed Maturity Plan (FMP) - Series 18 (1108 Days) - Regular Plan - Growth;INF200KA1K38;;11.3193;;;26-Dec-2020
147640;SBI Fixed Maturity Plan (FMP) - Series 18 (1108 Days) - Regular Plan - Income Distribution cum Capital Withdrawal Option (IDCW);INF200KA1K46;;11.3193;;;26-Dec-2020
147672;SBI Fixed Maturity Plan (FMP) - Series 19 (1115 Days) - Direct  Plan - Growth;INF200KA1L11;;11.3027;;;26-Dec-2020
147669;SBI Fixed Maturity Plan (FMP) - Series 19 (1115 Days) - Direct Plan - Income Distribution cum Capital Withdrawal Option (IDCW);INF200KA1L29;;11.3027;;;26-Dec-2020
147670;SBI Fixed Maturity Plan (FMP) - Series 19 (1115 Days) - Regular Plan - Growth;INF200KA1K95;;11.2684;;;26-Dec-2020
147671;SBI Fixed Maturity Plan (FMP) - Series 19 (1115 Days) - Regular Plan - Income Distribution cum Capital Withdrawal Option (IDCW);INF200KA1L03;;11.2684;;;26-Dec-2020
147104;SBI Fixed Maturity Plan (FMP) - Series 2 (1178 Days) - Direct Plan - Growth;INF200KA1D45;;11.8732;;;26-Dec-2020
147105;SBI Fixed Maturity Plan (FMP) - Series 2 (1178 Days) - Direct Plan - Income Distribution cum Capital Withdrawal Option (IDCW);INF200KA1D52;;11.8732;;;26-Dec-2020
147103;SBI Fixed Maturity Plan (FMP) - Series 2 (1178 Days) - Regular Plan - Growth;INF200KA1D29;;11.8229;;;26-Dec-2020
147106;SBI Fixed Maturity Plan (FMP) - Series 2 (1178 Days) - Regular Plan - Income Distribution cum Capital Withdrawal Option (IDCW);INF200KA1D37;;11.8229;;;26-Dec-2020
147720;SBI Fixed Maturity Plan (FMP) - Series 20 (1109 Days) - Direct Plan - Growth;INF200KA1L52;;11.2910;;;26-Dec-2020
147721;SBI Fixed Maturity Plan (FMP) - Series 20 (1109 Days) - Regular Plan - Growth;INF200KA1L37;;11.2571;;;26-Dec-2020
147722;SBI Fixed Maturity Plan (FMP) - Series 20(1109 Days) - Direct Plan - Income Distribution cum Capital Withdrawal Option (IDCW);INF200KA1L60;;11.2910;;;26-Dec-2020
147719;SBI Fixed Maturity Plan (FMP) - Series 20(1109 Days) - Regular Plan - Income Distribution cum Capital Withdrawal Option (IDCW);INF200KA1L45;;11.2572;;;26-Dec-2020
147744;SBI Fixed Maturity Plan (FMP) - Series 21 (1109 Days) - Direct Plan - Growth;INF200KA1L94;;11.2465;;;26-Dec-2020
147746;SBI Fixed Maturity Plan (FMP) - Series 21 (1109 Days) - Direct Plan - Income Distribution cum Capital Withdrawal Option (IDCW);INF200KA1M02;;11.2435;;;26-Dec-2020
147745;SBI Fixed Maturity Plan (FMP) - Series 21 (1109 Days) - Regular Plan - Growth;INF200KA1L78;;11.2134;;;26-Dec-2020
147747;SBI Fixed Maturity Plan (FMP) - Series 21 (1109 Days) - Regular Plan - Income Distribution cum Capital Withdrawal Option (IDCW);INF200KA1L86;;11.2134;;;26-Dec-2020
147754;SBI Fixed Maturity Plan (FMP) - Series 22 (1106 Days) - Direct Plan - Growth;INF200KA1M36;;11.1966;;;26-Dec-2020
147755;SBI Fixed Maturity Plan (FMP) - Series 22 (1106 Days) - Direct Plan - Income Distribution cum Capital Withdrawal Option (IDCW);INF200KA1M44;;11.1966;;;26-Dec-2020
147752;SBI Fixed Maturity Plan (FMP) - Series 22 (1106 Days) - Regular Plan - Growth;INF200KA1M10;;11.1646;;;26-Dec-2020
147753;SBI Fixed Maturity Plan (FMP) - Series 22 (1106 Days) - Regular Plan - Income Distribution cum Capital Withdrawal Option (IDCW);INF200KA1M28;;11.1646;;;26-Dec-2020
147776;SBI Fixed Maturity Plan (FMP) - Series 24 (1107 Days) - Direct Plan - Income Distribution cum Capital Withdrawal Option (IDCW);INF200KA1N27;;11.1655;;;26-Dec-2020
147775;SBI Fixed Maturity Plan (FMP) - Series 24 (1107 Days) - Regular Plan - Income Distribution cum Capital Withdrawal Option (IDCW);INF200KA1N01;;11.1348;;;26-Dec-2020
147777;SBI Fixed Maturity Plan (FMP) - Series 24 (1107) - Direct Plan - Growth;INF200KA1N19;;11.1655;;;26-Dec-2020
147774;SBI Fixed Maturity Plan (FMP) - Series 24 (1107) - Regular Plan - Growth;INF200KA1M93;;11.1348;;;26-Dec-2020
147783;SBI Fixed Maturity Plan (FMP) - Series 25 (1120 Days) - Direct Plan - Growth;INF200KA1N50;;11.1197;;;26-Dec-2020
147784;SBI Fixed Maturity Plan (FMP) - Series 25 (1120 Days) - Direct Plan - Income Distribution cum Capital Withdrawal Option (IDCW);INF200KA1N68;;11.1197;;;26-Dec-2020
147785;SBI Fixed Maturity Plan (FMP) - Series 25 (1120 Days) - Regular Plan - Growth;INF200KA1N35;;11.0896;;;26-Dec-2020
147782;SBI Fixed Maturity Plan (FMP) - Series 25 (1120 Days) - Regular Plan - Income Distribution cum Capital Withdrawal Option (IDCW);INF200KA1N43;;11.0896;;;26-Dec-2020
147792;SBI Fixed Maturity Plan (FMP) - Series 26 (1112 Days) - Direct Plan - Growth;INF200KA1N92;;11.1461;;;26-Dec-2020
147793;SBI Fixed Maturity Plan (FMP) - Series 26 (1112 Days) - Direct Plan - Income Distribution cum Capital Withdrawal Option (IDCW);INF200KA1O00;;11.1461;;;26-Dec-2020
147790;SBI Fixed Maturity Plan (FMP) - Series 26 (1112 Days) - Regular Plan - Growth;INF200KA1N76;;11.1165;;;26-Dec-2020
147791;SBI Fixed Maturity Plan (FMP) - Series 26 (1112 Days) - Regular Plan - Income Distribution cum Capital Withdrawal Option (IDCW);INF200KA1N84;;11.1165;;;26-Dec-2020
147873;SBI Fixed Maturity Plan (FMP) - Series 27 (1203 Days) - Direct Plan - Growth;INF200KA1O34;;11.1394;;;26-Dec-2020
147871;SBI Fixed Maturity Plan (FMP) - Series 27 (1203 Days) - Direct Plan - Income Distribution cum Capital Withdrawal Option (IDCW);INF200KA1O42;;11.1394;;;26-Dec-2020
147872;SBI Fixed Maturity Plan (FMP) - Series 27 (1203 Days) - Regular Plan - Growth;INF200KA1O18;;11.1125;;;26-Dec-2020
147870;SBI Fixed Maturity Plan (FMP) - Series 27 (1203 Days) - Regular Plan - Income Distribution cum Capital Withdrawal Option (IDCW);INF200KA1O26;;11.1125;;;26-Dec-2020
148056;SBI Fixed Maturity Plan (FMP) - Series 28 (1163 Days) - Direct Plan - Growth;INF200KA1O91;;10.9464;;;26-Dec-2020
148058;SBI Fixed Maturity Plan (FMP) - Series 28 (1163 Days) - Direct Plan - Income Distribution cum Capital Withdrawal Option (IDCW);INF200KA1P09;;10.9464;;;26-Dec-2020
148057;SBI Fixed Maturity Plan (FMP) - Series 28 (1163 Days) - Regular Plan - Growth;INF200KA1O75;;10.9230;;;26-Dec-2020
148055;SBI Fixed Maturity Plan (FMP) - Series 28 (1163 Days) - Regular Plan - Income Distribution cum Capital Withdrawal Option (IDCW);INF200KA1O83;;10.9230;;;26-Dec-2020
147135;SBI Fixed Maturity Plan (FMP) - Series 3 (1179 Days) - Direct Plan - Growth;INF200KA1D86;;11.8916;;;26-Dec-2020
147136;SBI Fixed Maturity Plan (FMP) - Series 3 (1179 Days) - Direct Plan - Income Distribution cum Capital Withdrawal Option (IDCW);INF200KA1D94;;11.8916;;;26-Dec-2020
147133;SBI Fixed Maturity Plan (FMP) - Series 3 (1179 Days) - Regular Plan - Growth;INF200KA1D60;;11.8418;;;26-Dec-2020
147134;SBI Fixed Maturity Plan (FMP) - Series 3 (1179 Days) - Regular Plan - Income Distribution cum Capital Withdrawal Option (IDCW);INF200KA1D78;;11.8418;;;26-Dec-2020
148193;SBI Fixed Maturity Plan (FMP) - Series 31 (1160 Days) - Direct Plan - Growth;INF200KA1P58;;11.0332;;;26-Dec-2020
148194;SBI Fixed Maturity Plan (FMP) - Series 31 (1160 Days) - Direct Plan - Income Distribution cum Capital Withdrawal Option (IDCW);INF200KA1P66;;11.0332;;;26-Dec-2020
148195;SBI Fixed Maturity Plan (FMP) - Series 31 (1160 Days) - Regular Plan - Growth;INF200KA1P33;;11.0116;;;26-Dec-2020
148192;SBI Fixed Maturity Plan (FMP) - Series 31 (1160 Days) - Regular Plan - Income Distribution cum Capital Withdrawal Option (IDCW);INF200KA1P41;;11.0116;;;26-Dec-2020
148369;SBI Fixed Maturity Plan (FMP) - Series 32 (1140 Days) - Direct Plan - Growth;INF200KA1P90;;10.6799;;;26-Dec-2020
148368;SBI Fixed Maturity Plan (FMP) - Series 32 (1140 Days) - Direct Plan - Income Distribution cum Capital Withdrawal Option (IDCW);INF200KA1Q08;;10.6799;;;26-Dec-2020
148367;SBI Fixed Maturity Plan (FMP) - Series 32 (1140 Days) - Regular Plan - Growth;INF200KA1P74;;10.6613;;;26-Dec-2020
148370;SBI Fixed Maturity Plan (FMP) - Series 32 (1140 Days) - Regular Plan - Income Distribution cum Capital Withdrawal Option (IDCW);INF200KA1P82;;10.6613;;;26-Dec-2020
148385;SBI Fixed Maturity Plan (FMP) - Series 33 (1128 Days) - Direct Plan - Growth;INF200KA1Q32;;10.5646;;;26-Dec-2020
148386;SBI Fixed Maturity Plan (FMP) - Series 33 (1128 Days) - Direct Plan - Income Distribution cum Capital Withdrawal Option (IDCW);INF200KA1Q40;;10.5648;;;26-Dec-2020
148383;SBI Fixed Maturity Plan (FMP) - Series 33 (1128 Days) - Regular Plan - Growth;INF200KA1Q16;;10.5471;;;26-Dec-2020
148384;SBI Fixed Maturity Plan (FMP) - Series 33 (1128 Days) - Regular Plan - Income Distribution cum Capital Withdrawal Option (IDCW);INF200KA1Q24;;10.5471;;;26-Dec-2020
148387;SBI Fixed Maturity Plan (FMP) - Series 34 (3682 Days) - Direct Plan - Growth;INF200KA1Q73;;10.5214;;;26-Dec-2020
148388;SBI Fixed Maturity Plan (FMP) - Series 34 (3682 Days) - Direct Plan - Income Distribution cum Capital Withdrawal Option (IDCW);INF200KA1Q81;;10.5214;;;26-Dec-2020
148389;SBI Fixed Maturity Plan (FMP) - Series 34 (3682 Days) - Regular Plan - Growth;INF200KA1Q57;;10.5044;;;26-Dec-2020
148390;SBI Fixed Maturity Plan (FMP) - Series 34 (3682 Days) - Regular Plan - Income Distribution cum Capital Withdrawal Option (IDCW);INF200KA1Q65;;10.5044;;;26-Dec-2020
147248;SBI Fixed Maturity Plan (FMP) - Series 6 (3668 Days) - Direct Plan - Growth;INF200KA1F27;;12.1525;;;26-Dec-2020
147249;SBI Fixed Maturity Plan (FMP) - Series 6 (3668 Days) - Direct Plan - Income Distribution cum Capital Withdrawal Option (IDCW);INF200KA1F35;;12.1525;;;26-Dec-2020
147247;SBI Fixed Maturity Plan (FMP) - Series 6 (3668 Days) - Regular Plan - Growth;INF200KA1F01;;12.1035;;;26-Dec-2020
147250;SBI Fixed Maturity Plan (FMP) - Series 6 (3668 Days) - Regular Plan - Income Distribution cum Capital Withdrawal Option (IDCW);INF200KA1F19;;12.1039;;;26-Dec-2020
147318;SBI Fixed Maturity Plan (FMP) - Series 7 (1175 Days) - Direct Plan - Growth;INF200KA1F68;;11.7853;;;26-Dec-2020
147319;SBI Fixed Maturity Plan (FMP) - Series 7 (1175 Days) - Direct Plan - Income Distribution cum Capital Withdrawal Option (IDCW);INF200KA1F76;;11.7853;;;26-Dec-2020
147320;SBI Fixed Maturity Plan (FMP) - Series 7 (1175 Days) - Regular Plan - Growth;INF200KA1F43;;11.7383;;;26-Dec-2020
147317;SBI Fixed Maturity Plan (FMP) - Series 7 (1175 Days) - Regular Plan - Income Distribution cum Capital Withdrawal Option (IDCW);INF200KA1F50;;11.7383;;;26-Dec-2020
147333;SBI Fixed Maturity Plan (FMP) - Series 8 (1178 Days) - Direct Plan - Growth;INF200KA1G00;;11.6799;;;26-Dec-2020
147334;SBI Fixed Maturity Plan (FMP) - Series 8 (1178 Days) - Direct Plan - Income Distribution cum Capital Withdrawal Option (IDCW);INF200KA1G18;;11.6799;;;26-Dec-2020
147331;SBI Fixed Maturity Plan (FMP) - Series 8 (1178 Days) - Regular Plan - Growth;INF200KA1F84;;11.6343;;;26-Dec-2020
147332;SBI Fixed Maturity Plan (FMP) - Series 8 (1178 Days) - Regular Plan - Income Distribution cum Capital Withdrawal Option (IDCW);INF200KA1F92;;11.6343;;;26-Dec-2020
147422;SBI Fixed Maturity Plan (FMP) - Series 9 (1178 Days) - Direct Plan - Growth;INF200KA1G67;;11.6533;;;26-Dec-2020
147424;SBI Fixed Maturity Plan (FMP) - Series 9 (1178 Days) - Direct Plan - Income Distribution cum Capital Withdrawal Option (IDCW);INF200KA1G75;;11.6533;;;26-Dec-2020
147423;SBI Fixed Maturity Plan (FMP) - Series 9 (1178 Days) - Regular Plan - Growth;INF200KA1G42;;11.6089;;;26-Dec-2020
147421;SBI Fixed Maturity Plan (FMP) - Series 9 (1178 Days) - Regular Plan - Income Distribution cum Capital Withdrawal Option (IDCW);INF200KA1G59;;11.6095;;;26-Dec-2020
147764;SBI Fixed Maturity Plan (FMP) - Series 23 (1106 Days) - Direct Plan - Growth;INF200KA1M77;;11.1772;;;26-Dec-2020
147765;SBI Fixed Maturity Plan (FMP) - Series 23 (1106 Days) - Direct Plan - Income Distribution cum Capital Withdrawal Option (IDCW);INF200KA1M85;;11.1772;;;26-Dec-2020
147762;SBI Fixed Maturity Plan (FMP) - Series 23 (1106 Days) - Regular Plan - Growth;INF200KA1M51;;11.1459;;;26-Dec-2020
147763;SBI Fixed Maturity Plan (FMP) - Series 23 (1106 Days) - Regular Plan - Income Distribution cum Capital Withdrawal Option (IDCW);INF200KA1M69;;11.1459;;;26-Dec-2020
147509;SBI Fixed Maturity Plan (FMP) - Series 12 (1179 Days) - Direct Plan - Growth;INF200KA1H82;;11.5424;;;26-Dec-2020
147510;SBI Fixed Maturity Plan (FMP) - Series 12 (1179 Days) - Direct Plan - Income Distribution cum Capital Withdrawal Option (IDCW);INF200KA1H90;;11.5424;;;26-Dec-2020
147508;SBI Fixed Maturity Plan (FMP) - Series 12 (1179 Days) - Regular Plan - Growth;INF200KA1H66;;11.5006;;;26-Dec-2020
147511;SBI Fixed Maturity Plan (FMP) - Series 12 (1179 Days) - Regular Plan - Income Distribution cum Capital Withdrawal Option (IDCW);INF200KA1H74;;11.5006;;;26-Dec-2020
147520;SBI Fixed Maturity Plan (FMP) - Series 13 (1108 Days) - Direct Plan - Growth;INF200KA1I24;;11.5266;;;26-Dec-2020
147521;SBI Fixed Maturity Plan (FMP) - Series 13 (1108 Days) - Direct Plan - Income Distribution cum Capital Withdrawal Option (IDCW);INF200KA1I32;;11.5266;;;26-Dec-2020
147523;SBI Fixed Maturity Plan (FMP) - Series 13 (1108 Days) - Regular Plan - Growth;INF200KA1I08;;11.4854;;;26-Dec-2020
147522;SBI Fixed Maturity Plan (FMP) - Series 13 (1108 Days) - Regular Plan - Income Distribution cum Capital Withdrawal Option (IDCW);INF200KA1I16;;11.4854;;;26-Dec-2020

Close Ended Schemes ( Growth )


SBI Mutual Fund
135507;SBI EQUITY OPPORTUNITIES FUND -  SERIES IV - REGULAR PLAN - GROWTH;INF200KA1GP5;;17.7426;;;26-Dec-2020
135506;SBI EQUITY OPPORTUNITIES FUND - SERIES IV - DIRECT PLAN - GROWTH;INF200KA1GN0;;18.7392;;;26-Dec-2020
135509;SBI Equity Opportunities Fund-Series IV - Direct Plan - Income Distribution cum Capital Withdrawal Option (IDCW);INF200KA1GO8;;15.9266;;;26-Dec-2020
135508;SBI Equity Opportunities Fund-Series IV - Regular Plan - Income Distribution cum Capital Withdrawal Option (IDCW);INF200KA1GQ3;;15.0545;;;26-Dec-2020
