Scheme Code;Scheme Name;ISIN Div Payout/ISIN Growth;ISIN Div Reinvestment;Net Asset Value;Repurchase Price;Sale Price;Date

Open Ended Schemes ( Income )


Standard Chartered Mutual Fund
102342;GCF-Plan C-Daily Dividend;;;10.0005;10.0005;10.0005;28-Jul-2007
102340;GCF-Plan C-Growth;;;12.076;12.076;12.076;28-Jul-2007
102343;GCF-Plan C-Monthly Dividend;;;0;0;0;28-Jul-2007
102341;GCF-Plan C-weekly Dividend;;;10.0007;10.0007;10.0007;28-Jul-2007
101780;GCF Daily-Dividend(Institutional Plan);;;10.5816;10.5816;10.5816;28-Jul-2007
101760;GCF Dividend-Weekly(Institutional Plan);;;10.3001;10.3001;10.3001;28-Jul-2007
102348;GFRF-Plan C-Daily Dividend;;;10.0015;10.0015;10.0015;28-Jul-2007
102347;GFRF-Plan C-Growth;;;12.053;12.053;12.053;28-Jul-2007
102350;GFRF-Plan C-Monthly Divdend;;;0;0;0;28-Jul-2007
102349;GFRF-Plan C-Weekly Dividend;;;0;0;0;28-Jul-2007
101947;GFRF (Daily - Dividind);;;10.0699;10.0699;10.0699;28-Jul-2007
101948;GFRF (Dividend - Weekly);;;10.0674;10.0674;10.0674;28-Jul-2007
101773;GFRF - Growth(Institutional Plan);;;12.4749;12.4749;12.4749;28-Jul-2007
101774;GFRF Dividend-Daily (Institutional Plan);;;10.0703;10.0703;10.0703;28-Jul-2007
101776;GFRF Dividend-Monthly(Institutional Plan);;;0;0;0;28-Jul-2007
101775;GFRF Dividend-Weekly(Institutional Plan);;;10.0919;10.0919;10.0919;28-Jul-2007
101100;Grindlays Cash Fund-Dividend (Daily);;;10.5819;10.5819;10.5819;28-Jul-2007
101099;Grindlays Cash Fund-Growth;;;14.07;14.07;14.07;28-Jul-2007
101319;Grindlays Cash Fund - Dividend (Weekly);;;10.1921;10.1921;10.1921;28-Jul-2007
101632;Grindlays Cash Fund - Plan B (D) (Institutional Plan);;;0;0;0;28-Jul-2007
101248;Grindlays Cash Fund - Plan B (G) (Institutional Plan);;;14.1435;14.1435;14.1435;28-Jul-2007

Open Ended Schemes ( Liquid )


ING Mutual Fund
100194;ING Liquid Fund-Auto Sweep Growth Option;;;10.0000;10.0000;10.0000;28-Jul-2007
100195;ING Liquid Fund-Auto Sweep Weekly Dividend Option;;;10.0000;10.0000;10.0000;28-Jul-2007
100198;ING Liquid Fund-Institutional Daily Dividend Option;INF084M01473;;10.0121;10.0121;10.0121;28-Jul-2007
100196;ING Liquid Fund-Institutional Growth Option;INF084M01465;;12.0654;12.0654;12.0654;28-Jul-2007
100197;ING Liquid Fund-Institutional Weekly Dividend Option;INF084M01499;INF084M01481;10.0621;10.0621;10.0621;28-Jul-2007
100192;ING Liquid Fund-Regular Daily Dividend Option;INF084M01432;;10.7873;10.7873;10.7873;28-Jul-2007
100190;ING Liquid Fund-Regular Growth Option;INF084M01424;;16.2423;16.2423;16.2423;28-Jul-2007
100191;ING Liquid Fund-Regular Weekly Dividend Option;INF084M01457;INF084M01440;10.8326;10.8326;10.8326;28-Jul-2007
100200;ING Liquid Fund-Super Institutional Daily Dividend Option;INF084M01515;;10.0048;10.0048;10.0048;28-Jul-2007
100199;ING Liquid Fund-Super Institutional Growth Option;INF084M01507;;11.4274;11.4274;11.4274;28-Jul-2007
100201;ING Liquid Fund-Super Institutional Weekly Dividend Option;INF084M01531;INF084M01523;10.0130;10.0130;10.0130;28-Jul-2007

Sahara Mutual Fund
101397;Sahara Liquid Fund-Fixed Pricing -  Weekly Dividend Option;;INF515L01064;1025.368;1025.3680;1025.3680;28-Jul-2007
101393;Sahara Liquid Fund-Fixed Pricing - Daily Dividend Option;;INF515L01049;1024.9045;1024.9045;1024.9045;28-Jul-2007
101394;Sahara Liquid Fund-Fixed Pricing - Growth option;INF515L01056;;1376.0428;1376.0428;1376.0428;28-Jul-2007
101398;Sahara Liquid Fund-Fixed Pricing - Monthly Dividend Option;;INF515L01072;1025.1107;1025.1107;1025.1107;28-Jul-2007
101399;Sahara Liquid Fund-Variable Pricing - Daily Dividend option;;INF515L01080;1024.9261;1024.9261;1024.9261;28-Jul-2007
101402;Sahara Liquid Fund-Variable Pricing - Growth option;INF515L01114;;1381.3021;1381.3021;1381.3021;28-Jul-2007
101400;Sahara Liquid Fund-Variable Pricing - Weekly Dividend Option;;INF515L01098;1025.3545;1025.3545;1025.3545;28-Jul-2007
101401;Sahara Liquid Fund-Variable Pricing- Monthly Dividend Option;;INF515L01106;1025.4334;1025.4334;1025.4334;28-Jul-2007

Standard Chartered Mutual Fund
103525;Standard Chartered Liquidity Manager (SCLM)-A-Dividend Daily;;;10.0125;10.0125;10.0125;28-Jul-2007
103527;Standard Chartered Liquidity Manager (SCLM)-A-Dividend Monthly;;;10.0217;10.0217;10.0217;28-Jul-2007
103526;Standard Chartered Liquidity Manager (SCLM)-A-Dividend Weekly;;;10.0016;10.0016;10.0016;28-Jul-2007
103524;Standard Chartered Liquidity Manager (SCLM)-A-Growth;;;10.9353;10.9353;10.9353;28-Jul-2007
103598;Standard Chartered Liquidity Manager Plus-A-Dividend Daily;;;1000.21;1000.21;1000.21;28-Jul-2007
103600;Standard Chartered Liquidity Manager Plus-A-Dividend Monthly;;;1005.3089;1005.3089;1005.3089;28-Jul-2007
103599;Standard Chartered Liquidity Manager Plus-A-Dividend Weekly;;;1000.2955;1000.2955;1000.2955;28-Jul-2007
103597;Standard Chartered Liquidity Manager Plus-A-Growth;;;1100.6114;1100.6114;1100.6114;28-Jul-2007

Open Ended Schemes ( Floating Rate )


Standard Chartered Mutual Fund
101630;Grindlays Floating Rate Fund - Growth;;;12.6318;12.6318;12.6318;28-Jul-2007
101631;Grindlays Floating Rate Fund- Dividend Monthly;;;10.065;10.065;10.065;28-Jul-2007

Open Ended Schemes ( Debt Scheme - Overnight Fund )


SBI Mutual Fund
101206;SBI OVERNIGHT FUND - REGULAR PLAN - GROWTH;INF200K01LQ9;;13.2906;13.2906;13.2906;28-Jul-2007
103140;SBI Overnight Fund - Regular Plan - Weekly Income Distribution cum Capital Withdrawal Option (IDCW);INF200K01LO4;INF200K01LP1;10.2510;10.2510;10.2510;28-Jul-2007

Open Ended Schemes ( Debt Scheme - Liquid Fund )


Baroda BNP Paribas Mutual Fund
101408;Baroda BNP Paribas LIQUID FUND- Defunct Plan -Growth Option;INF955L01575;;13.7185;13.7185;13.7185;28-Jul-2007
101407;Baroda BNP Paribas LIQUID FUND-Defunct Plan- IDCW Option;INF955L01559;INF955L01567;11.7593;11.7593;11.7593;28-Jul-2007
101409;Baroda BNP Paribas LIQUID FUND-Defunct Plan-Daily IDCW Option;INF955L01518;INF955L01526;10.0573;10.0573;10.0573;28-Jul-2007

Canara Robeco Mutual Fund
101363;Canara Robeco Liquid Fund- INSTITUTIONAL-Daily Dividend Reinvestment;;INF760K01CC1;10.0410;10.0410;10.0410;28-Jul-2007
101362;Canara Robeco Liquid Fund- INSTITUTIONAL-Growth;INF760K01CD9;;14.0004;14.0004;14.0004;28-Jul-2007
101361;Canara Robeco Liquid Fund- INSTITUTIONAL-Weekly dividend;;INF760K01CE7;10.0439;10.0439;10.0439;28-Jul-2007
101364;Canara Robeco Liquid Fund-Retail-DRI;;INF760K01CF4;10.0410;10.0410;10.0410;28-Jul-2007
101365;Canara Robeco Liquid Fund-Retail-Growth;INF760K01CH0;;13.9862;13.9862;13.9862;28-Jul-2007

Principal Mutual Fund
100895;Principal Cash Management Fund - Daily Income Distribution CUM Capital Withdrawal;;INF173K01DB7;10.0007;10.0007;10.0007;28-Jul-2007
100897;Principal Cash Management Fund - Monthly Income Distribution CUM Capital Withdrawal Option;INF173K01BV9;INF173K01BW7;10.0007;10.0007;10.0007;28-Jul-2007
100896;Principal Cash Management Fund - Weekly Income Distribution CUM Capital Withdrawal Option;;INF173K01DC5;10.0037;10.0037;10.0037;28-Jul-2007
100898;Principal Cash Management Fund -Growth Option;INF173K01DA9;;11.9779;11.9779;11.9779;28-Jul-2007
100892;Principal Cash Management-Liquid Option-Daily Dividend;;;10.0022;10.0022;10.0022;28-Jul-2007
100887;Principal Cash Management-Liquid Option-Dividend Plan;;;10.1226;10.1226;10.1226;28-Jul-2007
100888;Principal Cash Management-Liquid Option-Growth Plan;;;15.0665;15.0665;15.0665;28-Jul-2007
100894;Principal Cash Management-Liquid Option-Institutional - Daily Dividend Plan;;;10.0022;10.0022;10.0022;28-Jul-2007
100893;Principal Cash Management-Liquid Option-Institutional - Growth Plan;;;12.6690;12.6690;12.6690;28-Jul-2007
100891;Principal Cash Management-Liquid Option-Institutional - Monthly Dividend Plan;;;10.0013;10.0013;10.0013;28-Jul-2007
100890;Principal Cash Management-Liquid Option-Institutional - Weekly Dividend Plan;;;10.0044;10.0044;10.0044;28-Jul-2007
100889;Principal Cash Management-Liquid Option-Monthly Dividend;;;10.0011;10.0011;10.0011;28-Jul-2007

SBI Mutual Fund
105274;SBI Liquid Fund - Institutional - Growth;INF200K01LU1;;12.3213;12.3213;12.3213;28-Jul-2007
105275;SBI Liquid Fund - Institutional Daily Income Distribution cum Capital Withdrawal Option (IDCW);;INF200K01LR7;10.0325;10.0325;10.0325;28-Jul-2007
105279;SBI Liquid Fund - Institutional Fortnightly Income Distribution cum Capital Withdrawal Option (IDCW);INF200K01LS5;INF200K01LT3;10.0990;10.0990;10.0990;28-Jul-2007
105278;SBI Liquid Fund - Institutional Weekly Income Distribution cum Capital Withdrawal Option (IDCW);INF200K01LV9;INF200K01LW7;10.5682;10.5682;10.5682;28-Jul-2007
105281;SBI Liquid Fund - Regular Plan - Daily Income Distribution cum Capital Withdrawal Option (IDCW);;INF200K01LX5;10.0325;10.0325;10.0325;28-Jul-2007
105283;SBI Liquid Fund - Regular Plan - Fortnightly Income Distribution cum Capital Withdrawal Option (IDCW);INF200K01LY3;INF200K01LZ0;N.A.;N.A.;N.A.;28-Jul-2007
105282;SBI Liquid Fund - Regular Plan - Weekly Income Distribution cum Capital Withdrawal Option (IDCW);INF200K01MB9;INF200K01MC7;N.A.;N.A.;N.A.;28-Jul-2007
105280;SBI Liquid Fund - REGULAR PLAN -Growth;INF200K01MA1;;N.A.;N.A.;N.A.;28-Jul-2007

Taurus Mutual Fund
104240;Taurus Liquid Fund-Dividend;INF044D01542;INF044D01559;10.0020;10.0020;10.0020;28-Jul-2007
104241;Taurus Liquid Fund-Growth;INF044D01575;;10.6027;10.6027;10.6027;28-Jul-2007

UTI Mutual Fund
102010;UTI Liquid Fund - Regular Plan - Daily IDCW (Reinvestment);;INF789F01PG3;1019.4457;1019.4457;1019.4457;28-Jul-2007
102011;UTI Liquid Fund - Regular Plan - Monthly IDCW;INF789F01PI9;INF789F01PJ7;1028.4260;1028.4260;1028.4260;28-Jul-2007
102013;UTI Liquid Fund - Regular Plan - Weekly IDCW;;INF789F01PK5;1023.5468;1023.5468;1023.5468;28-Jul-2007
102012;UTI-  Liquid Cash Plan - Regular Plan - Growth Option;INF789F01PH1;;1261.9946;1261.9946;1261.9946;28-Jul-2007
102008;UTI-  Liquid Cash Plan- Discontinued - Regular Plan - Monthly Dividend Option;INF789F01BC2;INF789F01BA6;1037.6342;1037.6342;1037.6342;28-Jul-2007
102009;UTI-  Liquid Cash Plan- Discontinued - Regular Plan -Growth;INF789F01BB4;;1253.2385;1253.2385;1253.2385;28-Jul-2007
102007;UTI-  Liquid Cash Plan- Discontinued -Regular Plan Periodic Dividend Option;;INF789F01AZ5;1024.6504;1024.6504;1024.6504;28-Jul-2007

Open Ended Schemes ( Debt Scheme - Ultra Short Duration Fund )


SBI Mutual Fund
105080;SBI Ultra Short Duration Fund - Regular Plan - Daily Income Distribution cum Capital Withdrawal Option (IDCW);;INF200K01LK2;16.7503;16.7503;16.7503;28-Jul-2007
100641;SBI ULTRA SHORT DURATION FUND - REGULAR PLAN - GROWTH;INF200K01LJ4;;17.2183;17.2183;17.2183;28-Jul-2007
103884;SBI Ultra Short Duration Fund - Regular Plan - Weekly Income Distribution cum Capital Withdrawal Option (IDCW);INF200K01LM8;INF200K01LL0;10.6501;10.6501;10.6501;28-Jul-2007

UTI Mutual Fund
102532;UTI Ultra Short Duration Fund - Regular Plan - Growth Option;INF789F01570;;1229.0847;1229.0847;1229.0847;28-Jul-2007
102531;UTI Ultra Short Duration Fund - Regular Plan - Weekly IDCW (Reinvestment);;INF789F01562;1019.7881;1019.7881;1019.7881;28-Jul-2007

Open Ended Schemes ( Debt Scheme - Low Duration Fund )


Canara Robeco Mutual Fund
104559;CANARA ROBECO SAVINGS FUND - REGULAR PLAN - DAILY IDCW (Reinvestment);;INF760K01803;10.2600;10.2600;10.2600;28-Jul-2007
102913;CANARA ROBECO SAVINGS FUND - REGULAR PLAN - GROWTH OPTION;INF760K01795;;11.7736;11.7736;11.7736;28-Jul-2007
102914;CANARA ROBECO SAVINGS FUND - REGULAR PLAN - IDCW (Payout/Reinvestment);INF760K01779;INF760K01787;11.3233;11.3233;11.3233;28-Jul-2007
102915;CANARA ROBECO SAVINGS FUND - REGULAR PLAN - WEEKLY IDCW (Payout/Reinvestment);INF760K01CB3;INF760K01811;10.2634;10.2634;10.2634;28-Jul-2007

Open Ended Schemes ( Debt Scheme - Money Market Fund )


UTI Mutual Fund
100724;UTI MMF- Discontinued - Regular Plan - Flexi Dividend Option;;INF789F01BD0;17.8203;17.8203;17.8203;28-Jul-2007
100725;UTI MMF- Discontinued - Regular Plan - Periodic Dividend Option;INF789F01BE8;;17.7039;17.7039;17.7039;28-Jul-2007
100723;UTI MMF-Discontinued - Regular Plan -Growth;INF789F01BF5;;21.5415;21.5415;21.5415;28-Jul-2007

Open Ended Schemes ( Debt Scheme - Credit Risk Fund )


Principal Mutual Fund
102729;Principal Credit Risk Fund - Regular Plan - Growth Option;INF173K01DM4;;12.0064;12.0064;12.0064;28-Jul-2007
102732;Principal Credit Risk Fund - Regular Plan - Monthly Dividend Option;INF173K01BJ4;INF173K01BK2;10.6320;10.6320;10.6320;28-Jul-2007
102726;Principal Floating Rate Fund - SMP-Daily Dividend;;;10.0007;10.0007;10.0007;28-Jul-2007
102725;Principal Floating Rate Fund - SMP-Growth;;;11.9604;11.9604;11.9604;28-Jul-2007
102730;Principal Floating Rate Fund - SMP-Insti. Daily Dividend;;;10.0007;10.0007;10.0007;28-Jul-2007
102731;Principal Floating Rate Fund - SMP-Insti. Weekly Dividend;;;10.0037;10.0037;10.0037;28-Jul-2007
102728;Principal Floating Rate Fund - SMP-Monthly Dividend;;;10.2816;10.2816;10.2816;28-Jul-2007
102727;Principal Floating Rate Fund - SMP-Weekly Dividend;;;10.0037;10.0037;10.0037;28-Jul-2007
