Scheme Code;Scheme Name;ISIN Div Payout/ISIN Growth;ISIN Div Reinvestment;Net Asset Value;Repurchase Price;Sale Price;Date

Open Ended Schemes ( Liquid )


Sahara Mutual Fund
101397;Sahara Liquid Fund-Fixed Pricing -  Weekly Dividend Option;;INF515L01064;1027.4373;1027.4373;1027.4373;13-May-2018
101393;Sahara Liquid Fund-Fixed Pricing - Daily Dividend Option;;INF515L01049;1215.2325;1215.2325;1215.2325;13-May-2018
120265;Sahara Liquid Fund-Fixed Pricing - Direct - Weekly Dividend Option;;INF515L01668;1027.4373;1027.4373;1027.4373;13-May-2018
120262;Sahara Liquid Fund-Fixed Pricing - Direct -Growth option;INF515L01650;;2976.8451;2976.8451;2976.8451;13-May-2018
101394;Sahara Liquid Fund-Fixed Pricing - Growth option;INF515L01056;;2973.8147;2973.8147;2973.8147;13-May-2018
101398;Sahara Liquid Fund-Fixed Pricing - Monthly Dividend Option;;INF515L01072;1043.3721;1043.3721;1043.3721;13-May-2018
120253;Sahara Liquid Fund-Fixed Pricing -Direct - Daily Dividend Option- Direct;;INF515L01643;1215.2325;1215.2325;1215.2325;13-May-2018
120266;Sahara Liquid Fund-Fixed Pricing -Direct - Monthly Dividend Option;;INF515L01676;1043.3721;1043.3721;1043.3721;13-May-2018
101399;Sahara Liquid Fund-Variable Pricing - Daily Dividend option;;INF515L01080;1224.8161;1224.8161;1224.8161;13-May-2018
101402;Sahara Liquid Fund-Variable Pricing - Growth option;INF515L01114;;3037.8237;3037.8237;3037.8237;13-May-2018
101400;Sahara Liquid Fund-Variable Pricing - Weekly Dividend Option;;INF515L01098;1233.0960;1233.0960;1233.0960;13-May-2018
120271;Sahara Liquid Fund-Variable Pricing -Direct - Daily Dividend option;;INF515L01684;1038.8267;1038.8267;1038.8267;13-May-2018
120280;Sahara Liquid Fund-Variable Pricing -Direct - Growth option;INF515L01718;;3043.2194;3043.2194;3043.2194;13-May-2018
120272;Sahara Liquid Fund-Variable Pricing -Direct - Weekly Dividend Option;;INF515L01692;1233.0960;1233.0960;1233.0960;13-May-2018
120273;Sahara Liquid Fund-Variable Pricing- Direct - Monthly Dividend Option;;INF515L01700;1055.8972;1055.8972;1055.8972;13-May-2018
101401;Sahara Liquid Fund-Variable Pricing- Monthly Dividend Option;;INF515L01106;1246.7230;1246.7230;1246.7230;13-May-2018

Open Ended Schemes ( Debt Scheme - Overnight Fund )


HDFC Mutual Fund
119109;HDFC Overnight Fund - Daily IDCW Option - Direct Plan;;INF179KB1HY1;1042.6600;1042.6600;1042.6600;13-May-2018
101996;HDFC Overnight Fund - Growth Option;INF179KB1HS3;;2665.5373;2665.5373;2665.5373;13-May-2018
119110;HDFC Overnight Fund - Growth Option - Direct Plan;INF179KB1HT1;;2673.7180;2673.7180;2673.7180;13-May-2018
101997;HDFC Overnight Fund - IDCW Option (Daily);;INF179KB1IF8;1042.6600;1042.6600;1042.6600;13-May-2018

L&T Mutual Fund
118066;L&T Overnight Fund  - Regular Plan - Monthly IDCW;INF917K01EL4;INF917K01EM2;1025.433;1025.433;1025.433;13-May-2018
119283;L&T Overnight Fund - Direct Plan - Growth;INF917K01EN0;;1402.6891;1402.6891;1402.6891;13-May-2018
119284;L&T Overnight Fund - Direct Plan- Daily IDCW;;INF917K01EO8;1023.3;1023.3;1023.3;13-May-2018
119282;L&T Overnight Fund - Direct Plan- Monthly IDCW;INF917K01ER1;;1059.7619;1059.7619;1059.7619;13-May-2018
119285;L&T Overnight Fund - Direct Plan- Weekly IDCW;;INF917K01EP5;1002.3292;1002.3292;1002.3292;13-May-2018
118056;L&T Overnight Fund - Regular Plan - Daily IDCW;;INF917K01EJ8;1023.3;1023.3;1023.3;13-May-2018
118058;L&T Overnight Fund - Regular Plan - Growth;INF917K01EI0;;1356.3015;1356.3015;1356.3015;13-May-2018
118065;L&T Overnight Fund - Regular Plan - Weekly IDCW;;INF917K01EK6;1000.8036;1000.8036;1000.8036;13-May-2018

SBI Mutual Fund
119831;SBI Overnight Fund - Direct Plan - Daily Income Distribution cum Capital Withdrawal Option (IDCW);;INF200K01TJ7;1009.9100;1007.8902;1009.9100;13-May-2018
119833;SBI OVERNIGHT FUND - DIRECT PLAN - GROWTH;INF200K01TK5;;2928.5794;2922.7222;2928.5794;13-May-2018
119832;SBI Overnight Fund - Direct Plan - Weekly Income Distribution cum Capital Withdrawal Option (IDCW);INF200K01TL3;INF200K01TM1;1031.3278;1029.2651;1031.3278;13-May-2018
114297;SBI Overnight Fund - Regular Plan - Daily Income Distribution cum Capital Withdrawal Option (IDCW);;INF200K01LN6;1009.9100;1007.8902;1009.9100;13-May-2018
101206;SBI OVERNIGHT FUND - REGULAR PLAN - GROWTH;INF200K01LQ9;;2905.7749;2899.9634;2905.7749;13-May-2018
103140;SBI Overnight Fund - Regular Plan - Weekly Income Distribution cum Capital Withdrawal Option (IDCW);INF200K01LO4;INF200K01LP1;1031.3263;1029.2636;1031.3263;13-May-2018

UTI Mutual Fund
100814;UTI - Overnight  Fund - Regular Plan - Growth Option;INF789F01604;;2442.8942;2442.8942;2442.8942;13-May-2018
120785;UTI - Overnight Fund - Direct Plan - Growth Option;INF789FB1S71;;2459.1683;2459.1683;2459.1683;13-May-2018
124266;UTI Overnight Fund - Direct Plan - Daily IDCW;;INF789FB1S89;1339.8442;1339.8442;0;13-May-2018
120786;UTI Overnight Fund - Direct Plan - Periodic IDCW;INF789FB1T05;INF789FB1S97;1407.2508;1407.2508;1407.2508;13-May-2018
124265;UTI Overnight Fund - Regular Plan - Daily IDCW;;INF789FB1T13;1339.3244;1339.3244;0;13-May-2018
100813;UTI Overnight Fund - Regular Plan - Periodic IDCW;INF789F01588;INF789F01596;1375.3801;1375.3801;1375.3801;13-May-2018

Open Ended Schemes ( Debt Scheme - Liquid Fund )


360 ONE Mutual Fund
125349;360 ONE LIQUID FUND DIRECT PLAN  DAILY DIVIDEND REINVESTMENT;;INF579M01688;1000.0427;1000.0427;1000.0427;13-May-2018
125345;360 ONE LIQUID FUND DIRECT PLAN  GROWTH;INF579M01621;;1379.5657;1379.5657;1379.5657;13-May-2018
125343;360 ONE LIQUID FUND DIRECT PLAN  WEEKLY DIVIDEND;INF579M01639;INF579M01696;1005.8121;1005.8121;1005.8121;13-May-2018
125342;360 ONE LIQUID FUND REGULAR PLAN  DAILY DIVIDEND REINVESTMENT;;INF579M01563;1000.1145;1000.1145;1000.1145;13-May-2018
125259;360 ONE LIQUID FUND REGULAR PLAN  GROWTH;INF579M01506;;1376.4581;1376.4581;1376.4581;13-May-2018
125337;360 ONE LIQUID FUND REGULAR PLAN  WEEKLY DIVIDEND;INF579M01514;INF579M01571;1005.8044;1005.8044;1005.8044;13-May-2018

Aditya Birla Sun Life Mutual Fund
100047;Aditya Birla Sun Life Liquid Fund - Growth;INF209K01RU9;;280.4567;280.4567;280.4567;13-May-2018
119568;Aditya Birla Sun Life Liquid Fund - Growth - Direct Plan;INF209K01VA3;;281.5757;281.5757;281.5757;13-May-2018
100046;Aditya Birla Sun Life Liquid Fund -Daily IDCW;INF209K01KQ2;INF209K01SQ5;100.1950;100.1950;100.1950;13-May-2018
119569;Aditya Birla Sun Life Liquid Fund -Direct - daily IDCW;INF209K01UZ2;;100.1950;100.1950;100.1950;13-May-2018
119571;Aditya Birla Sun Life Liquid Fund -DIRECT - IDCW;INF209K01VD7;;152.8749;152.8749;152.8749;13-May-2018
119570;Aditya Birla Sun Life Liquid Fund -Direct - weekly IDCW;INF209K01VC9;;100.2629;100.2629;100.2629;13-May-2018
100041;Aditya Birla Sun Life Liquid Fund -Institutional - IDCW;;INF209K01KN9;108.0230;108.0230;108.0230;13-May-2018
100048;Aditya Birla Sun Life Liquid Fund -Institutional - weekly  IDCW;INF209KA1LK7;INF209K01KY6;108.1083;108.1083;108.1083;13-May-2018
103885;Aditya Birla Sun Life Liquid Fund -Regular - IDCW;INF209KA1LI1;;117.3540;117.3540;117.3540;13-May-2018
100044;Aditya Birla Sun Life Liquid Fund -Retail - IDCW;;INF209K01KP4;163.6940;163.6940;163.6940;13-May-2018
100051;Aditya Birla Sun Life Liquid Fund -weekly IDCW;INF209K01KU4;INF209KA1LJ9;100.2624;100.2624;100.2624;13-May-2018
112014;Aditya Birla Sun Life Liquid Fund- Discipline Advantage Plan;INF209K01KZ3;;188.5160;188.5160;188.5160;13-May-2018
100043;Aditya Birla Sun Life Liquid Fund-Institutional (Growth);INF209K01RT1;;467.0456;467.0456;467.0456;13-May-2018
100042;Aditya Birla Sun Life Liquid Fund-Retail (Growth);INF209K01ME4;;455.1186;455.1186;455.1186;13-May-2018

Axis Mutual Fund
128954;Axis Liquid Fund - Direct plan - Bonus Option;INF846K01NH4;;1942.9838;1942.9838;1942.9838;13-May-2018
120388;Axis Liquid Fund - Direct Plan - Daily IDCW;;INF846K01DA0;1000.9560;1000.9560;1000.9560;13-May-2018
120389;Axis Liquid Fund - Direct Plan - Growth Option;INF846K01CX4;;1943.1018;1943.1018;1943.1018;13-May-2018
120391;Axis Liquid Fund - Direct Plan - Monthly IDCW;INF846K01CY2;INF846K01CZ9;1003.5843;1003.5843;1003.5843;13-May-2018
120390;Axis Liquid Fund - Direct Plan - Weekly IDCW;INF846K01DB8;INF846K01DC6;1003.1816;1003.1816;1003.1816;13-May-2018
112211;Axis Liquid Fund - Regular Plan - Daily IDCW;;INF846K01420;1001.3998;1001.3998;1001.3998;13-May-2018
112210;Axis Liquid Fund - Regular Plan - Growth Option;INF846K01412;;1936.1227;1936.1227;1936.1227;13-May-2018
112213;Axis Liquid Fund - Regular Plan - Monthly IDCW;INF846K01453;INF846K01461;1004.1515;1004.1515;1004.1515;13-May-2018
112212;Axis Liquid Fund - Regular Plan - Weekly IDCW;INF846K01438;INF846K01446;1003.1722;1003.1722;1003.1722;13-May-2018
112712;Axis Liquid Fund - Retail Plan - Daily IDCW;;INF846K01362;1000.9559;1000.9559;1000.9559;13-May-2018
112713;Axis Liquid Fund - Retail Plan - Growth Option;INF846K01354;;1836.9943;1836.9943;1836.9943;13-May-2018
112714;Axis Liquid Fund - Retail Plan - Monthly IDCW;INF846K01396;INF846K01404;1003.2727;1003.2727;1003.2727;13-May-2018
112715;Axis Liquid Fund - Retail Plan - Weekly IDCW;INF846K01370;INF846K01388;1001.6096;1001.6096;1001.6096;13-May-2018

Bandhan Mutual Fund
108692;BANDHAN LIQUID Fund - Regular Plan - Daily IDCW;INF194K01VZ4;INF194K01VY7;1001.0846;1001.0846;1001.0846;13-May-2018
108690;BANDHAN LIQUID Fund - Regular Plan - Growth;INF194K01VX9;;2120.1323;2120.1323;2120.1323;13-May-2018
108693;BANDHAN LIQUID Fund - Regular Plan - Monthly IDCW;INF194K01WF4;INF194K01WE7;1003.4191;1003.4191;1003.4191;13-May-2018
115489;BANDHAN LIQUID Fund - Regular Plan - Periodic IDCW;INF194K01WC1;INF194K01WB3;1398.0750;1398.0750;1398.0750;13-May-2018
108691;BANDHAN LIQUID Fund - Regular Plan - Weekly IDCW;INF194K01WI8;INF194K01WH0;1001.4667;1001.4667;1001.4667;13-May-2018
139582;BANDHAN LIQUID Fund - Unclaimed IDCW Less than 3 years;INF194KA14C0;;1.1329;1.1329;1.1329;13-May-2018
139583;BANDHAN LIQUID Fund - Unclaimed IDCW More than 3 years;INF194KA15C7;;1.0000;1.0000;1.0000;13-May-2018
139584;BANDHAN LIQUID Fund - Unclaimed Redemption Less than 3 years;INF194KA12C4;;1.1329;1.1329;1.1329;13-May-2018
139585;BANDHAN LIQUID Fund - Unclaimed Redemption More than 3 years;INF194KA13C2;;1.0000;1.0000;1.0000;13-May-2018
118365;BANDHAN LIQUID Fund -Direct Plan -Monthly IDCW;INF194K01J36;INF194K01J28;1010.1874;1010.1874;1010.1874;13-May-2018
118367;BANDHAN LIQUID Fund -Direct Plan -Weekly IDCW;INF194KB1JT8;INF194K01J51;1007.3450;1007.3450;1007.3450;13-May-2018
118366;BANDHAN LIQUID Fund -Direct Plan-Daily IDCW;;INF194K01I78;1001.6663;1001.6663;1001.6663;13-May-2018
118364;BANDHAN LIQUID Fund -Direct Plan-Growth;INF194K01I60;;2127.1521;2127.1521;2127.1521;13-May-2018
118363;BANDHAN LIQUID Fund -Direct Plan-Periodic IDCW;INF194K01J02;INF194K01I94;1314.6619;1314.6619;1314.6619;13-May-2018

Bank of India Mutual Fund
141887;BANK OF INDIA Liquid Fund  Unclaimed Dividend greater than  3 years;;;1000.0000;1000.0000;1000.0000;13-May-2018
141889;BANK OF INDIA Liquid Fund  Unclaimed Dividend Upto 3 years;;;1039.5184;1039.5184;1039.5184;13-May-2018
141888;BANK OF INDIA Liquid Fund  Unclaimed Redemption greater than  3 years;;;1000.0000;1000.0000;1000.0000;13-May-2018
141890;BANK OF INDIA Liquid Fund  Unclaimed Redemption Upto 3 years;;;1039.4494;1039.4494;1039.4494;13-May-2018
119368;BANK OF INDIA Liquid Fund- Direct Plan- Daily IDCW;;INF761K01CL0;1002.6483;1002.6483;1002.6483;13-May-2018
119369;BANK OF INDIA Liquid Fund- Direct Plan- Growth;INF761K01785;;2019.6468;2019.6468;2019.6468;13-May-2018
119370;BANK OF INDIA Liquid Fund- Direct Plan- Weekly IDCW;;INF761K01CM8;1062.7334;1062.7334;1062.7334;13-May-2018
111971;BANK OF INDIA Liquid Fund- Regular Plan- Daily IDCW;;INF761K01CO4;1002.1069;1002.1069;1002.1069;13-May-2018
109254;BANK OF INDIA Liquid Fund- Regular Plan- Growth;INF761K01306;;2008.9820;2008.9820;2008.9820;13-May-2018
109255;BANK OF INDIA Liquid Fund- Regular Plan- Weekly IDCW;;INF761K01CP1;1002.4123;1002.4123;1002.4123;13-May-2018

Baroda BNP Paribas Mutual Fund
119414;Baroda BNP Paribas LIQUID FUND - DIRECT PLAN - DAILY IDCW OPTION;INF955L01AK2;;1002.0849;1002.0849;1002.0849;13-May-2018
119415;Baroda BNP Paribas LIQUID FUND - DIRECT PLAN - GROWTH OPTION;INF955L01AL0;;2015.3024;2015.3024;2015.3024;13-May-2018
119416;Baroda BNP Paribas LIQUID FUND - DIRECT PLAN - WEEKLY IDCW OPTION;INF251K01SL8;;1220.8012;1220.8012;1220.8012;13-May-2018
125129;Baroda BNP Paribas Liquid Fund - Plan B (Direct) - Bonus Option;INF955L01DS9;;2015.6504;2015.6504;2015.6504;13-May-2018
111707;Baroda BNP Paribas LIQUID FUND - Regular Plan - DAILY IDCW OPTION;INF955L01468;INF955L01476;1001.1996;1001.1996;1001.1996;13-May-2018
111704;Baroda BNP Paribas LIQUID FUND - Regular Plan - GROWTH OPTION;INF955L01484;;2005.1465;2005.1465;2005.1465;13-May-2018
111705;Baroda BNP Paribas LIQUID FUND - Regular Plan - WEEKLY IDCW OPTION;INF251K01SK0;INF955L01500;1001.2311;1001.2311;1001.2311;13-May-2018
101408;Baroda BNP Paribas LIQUID FUND- Defunct Plan -Growth Option;INF955L01575;;2950.5652;2950.5652;2950.5652;13-May-2018
101407;Baroda BNP Paribas LIQUID FUND-Defunct Plan- IDCW Option;INF955L01559;INF955L01567;2527.9159;2527.9159;2527.9159;13-May-2018
101409;Baroda BNP Paribas LIQUID FUND-Defunct Plan-Daily IDCW Option;INF955L01518;INF955L01526;1006.0602;1006.0602;1006.0602;13-May-2018

BNP Paribas Mutual Fund
130473;BNP PARIBAS LIQUID FUND - DAILY Income Distribution cum Capital Withdrawal OPTION;;INF251K01NK1;1000.4900;1000.4900;1000.4900;13-May-2018
130489;BNP PARIBAS LIQUID Fund - DIRECT PLAN - MONTHLY Income Distribution cum Capital Withdrawal OPTION;INF251K01NR6;INF251K01NS4;1003.3160;1003.3160;1003.3160;13-May-2018
130486;BNP PARIBAS LIQUID FUND - DIRECT PLAN -- DAILY Income Distribution cum Capital Withdrawal OPTION;;INF251K01NP0;1001.3201;1001.3201;1001.3201;13-May-2018
130472;BNP PARIBAS LIQUID FUND - GROWTH OPTION;INF251K01NJ3;;2678.4312;2678.4312;2678.4312;13-May-2018
130476;BNP PARIBAS LIQUID FUND - MONTHLY Income Distribution cum Capital Withdrawal OPTION;INF251K01NM7;INF251K01NN5;1003.2681;1003.2681;1003.2681;13-May-2018
130459;BNP PARIBAS LIQUID FUND - REGULAR PLAN - GROWTH OPTION;INF251K01NF1;;2534.5115;2534.5115;2534.5115;13-May-2018
130471;BNP PARIBAS LIQUID FUND - REGULAR PLAN - MONTHLY DIVIDEND OPTION;INF251K01NH7;INF251K01NI5;1003.2178;1003.2178;1003.2178;13-May-2018
130465;BNP PARIBAS LIQUID FUND - REGULAR PLAN - WEEKLY Income Distribution cum Capital Withdrawal OPTION;;INF251K01NG9;1000.7605;1000.7605;1000.7605;13-May-2018
130474;BNP PARIBAS LIQUID FUND - WEEKLY Income Distribution cum Capital Withdrawal OPTION;;INF251K01NL9;1000.7664;1000.7664;1000.7664;13-May-2018
130479;BNP PARIBAS LIQUID FUND -- DIRECT PLAN - GROWTH OPTION;INF251K01NO3;;2691.0398;2691.0398;2691.0398;13-May-2018
130487;BNP PARIBAS LIQUID FUND -- DIRECT PLAN - WEEKLY Income Distribution cum Capital Withdrawal OPTION;;INF251K01NQ8;1000.7789;1000.7789;1000.7789;13-May-2018
139562;BNP PARIBAS LIQUID FUND SPECIAL UNCLAIMED DIV 36A -- GROWTH OPTION;INF251K01OL7;;1129.2479;1129.2479;1129.2479;13-May-2018
139561;BNP PARIBAS LIQUID FUND SPECIAL UNCLAIMED DIV 36B -- GROWTH OPTION;INF251K01OM5;;1133.9884;1133.9884;1133.9884;13-May-2018
139560;BNP PARIBAS LIQUID FUND SPECIAL UNCLAIMED RED 36A-- GROWTH OPTION;INF251K01OJ1;;1128.2400;1128.2400;1128.2400;13-May-2018
139563;BNP PARIBAS LIQUID FUND SPECIAL UNCLAIMED RED 36B -- GROWTH OPTION;INF251K01OK9;;1130.7567;1130.7567;1130.7567;13-May-2018

Canara Robeco Mutual Fund
118307;CANARA ROBECO LIQUID FUND - DIRECT PLAN - DAILY IDCW (Reinvestment);;INF760K01FS0;1005.5000;1005.5000;1005.5000;13-May-2018
118305;CANARA ROBECO LIQUID FUND - DIRECT PLAN - GROWTH OPTION;INF760K01FU6;;2118.7491;2118.7491;2118.7491;13-May-2018
118304;CANARA ROBECO LIQUID FUND - DIRECT PLAN - IDCW (Payout/Reinvestment);INF760K01FT8;;1516.8902;1516.8902;1516.8902;13-May-2018
118306;CANARA ROBECO LIQUID FUND - DIRECT PLAN - MONTHLY IDCW (Payout/Reinvestment);INF760K01FV4;INF760K01FW2;1003.6148;1003.6148;1003.6148;13-May-2018
118308;CANARA ROBECO LIQUID FUND - DIRECT PLAN - WEEKLY IDCW (Payout/Reinvestment);INF760K01FY8;INF760K01FX0;1000.9262;1000.9262;1000.9262;13-May-2018
109349;CANARA ROBECO LIQUID FUND - REGULAR PLAN - DAILY IDCW (Reinvestment);;INF760K01CU3;1005.5000;1005.5000;1005.5000;13-May-2018
109353;CANARA ROBECO LIQUID FUND - REGULAR PLAN - GROWTH OPTION;INF760K01CW9;;2114.0022;2114.0022;2114.0022;13-May-2018
109351;CANARA ROBECO LIQUID FUND - REGULAR PLAN - MONTHLY IDCW (Payout/Reinvestment);INF760K01CX7;INF760K01CY5;1003.5852;1003.5852;1003.5852;13-May-2018
109350;CANARA ROBECO LIQUID FUND - REGULAR PLAN - WEEKLY IDCW (Payout/Reinvestment);INF760K01BZ4;INF760K01CZ2;1000.9196;1000.9196;1000.9196;13-May-2018
139235;Canara Robeco Liquid Fund -Unclaimed Redemption and Dividend Plan -Direct Growth Option;INF760K01IC8;;1151.5170;1151.5170;1151.5170;13-May-2018

DSP Mutual Fund
119125;DSP Liquidity Fund - Direct Plan - Growth;INF740K01QL4;;2505.3287;2505.3287;2505.3287;13-May-2018
119124;DSP Liquidity Fund - Direct Plan - IDCW - Daily;;INF740KA1OB6;1000.9329;1000.9329;1000.9329;13-May-2018
119123;DSP Liquidity Fund - Direct Plan - IDCW - Weekly;INF740KA1OC4;INF740KA1OD2;1001.4418;1001.4418;1001.4418;13-May-2018
103347;DSP Liquidity Fund - Regular Plan - Growth;INF740K01FK9;;2493.6123;2493.6123;2493.6123;13-May-2018
103348;DSP Liquidity Fund - Regular Plan - IDCW - Weekly;INF740K01FM5;INF740K01FL7;1001.4335;1001.4335;1001.4335;13-May-2018
103349;DSP Liquidity Fund- Regular Plan - IDCW - Daily;;INF740KA1OE0;1000.9329;1000.9329;1000.9329;13-May-2018

Edelweiss Mutual Fund
140194;Edelweiss Liquid Fund - Direct Plan - Bonus Option;INF754K01GY9;;1310.2266;1310.2266;1310.2266;13-May-2018
140196;Edelweiss Liquid Fund - Direct Plan - Growth Option;INF754K01GM4;;2252.0854;2252.0854;2252.0854;13-May-2018
140193;Edelweiss Liquid Fund - Direct Plan daily - IDCW Option;;INF754K01GP7;1002.9603;1002.9603;1002.9603;13-May-2018
140199;Edelweiss Liquid Fund - Direct Plan Fortnightly - IDCW Option;INF754K01GV5;INF754K01GR3;2175.0565;2175.0565;2175.0565;13-May-2018
140197;Edelweiss Liquid Fund - Direct Plan Monthly - IDCW Option;INF754K01GW3;INF754K01GS1;1064.1579;1064.1579;1064.1579;13-May-2018
140195;Edelweiss Liquid Fund - Direct Plan weekly - IDCW Option;INF754K01GU7;INF754K01GQ5;2173.0946;2173.0946;2173.0946;13-May-2018
140189;Edelweiss Liquid Fund - Regular Plan - Bonus Option;INF754K01HR1;;1304.3157;1304.3157;1304.3157;13-May-2018
140182;Edelweiss Liquid Fund - Regular Plan - Growth Option;INF754K01GZ6;;2239.1701;2239.1701;2239.1701;13-May-2018
140188;Edelweiss Liquid Fund - Regular Plan Annual - IDCW Option;INF754K01HQ3;INF754K01HP5;1549.3399;1549.3399;1549.3399;13-May-2018
140181;Edelweiss Liquid Fund - Regular Plan Daily - IDCW Option;;INF754K01HA7;1002.79;1002.79;1002.79;13-May-2018
140184;Edelweiss Liquid Fund - Regular Plan Fortnightly - IDCW Option;INF754K01HK6;INF754K01HC3;2156.9089;2156.9089;2156.9089;13-May-2018
140183;Edelweiss Liquid Fund - Regular Plan Monthly - IDCW Option;INF754K01HL4;INF754K01HD1;1006.3557;1006.3557;1006.3557;13-May-2018
140185;Edelweiss Liquid Fund - Regular Plan Weekly - IDCW Option;INF754K01HJ8;INF754K01HB5;1018.7263;1018.7263;1018.7263;13-May-2018
140176;Edelweiss Liquid Fund - Retail Plan - Growth Option;INF754K01HE9;;2036.3731;2036.3731;2036.3731;13-May-2018
140178;Edelweiss Liquid Fund - Retail Plan - Weekly Dividend Option;;INF754K01HG4;1049.5217;1049.5217;1049.5217;13-May-2018
140177;Edelweiss Liquid Fund - Retail Plan Daily - IDCW Option;;INF754K01HF6;1002.1564;1002.1564;1002.1564;13-May-2018
140180;Edelweiss Liquid Fund - Retail Plan Monthly - IDCW Option;;INF754K01HI0;1061.9167;1061.9167;1061.9167;13-May-2018
141159;Edelweiss Liquid Fund - Unclaimed Dividend Plan- Above 3 years;;;1000;1000;1000;13-May-2018
141161;Edelweiss Liquid Fund - Unclaimed Dividend Plan- Upto 3 years;;;1077.337;1077.337;1077.337;13-May-2018
141162;Edelweiss Liquid Fund - Unclaimed Redemption Plan- Above 3 years;;;1000;1000;1000;13-May-2018
141160;Edelweiss Liquid Fund - Unclaimed Redemption Plan- Upto 3 years;;;1077.3456;1077.3456;1077.3456;13-May-2018

Franklin Templeton Mutual Fund
100541;Franklin India Liquid Fund - Regular Plan - Daily - IDCW;;INF090I01BA3;1512.2956;1512.2956;1512.2956;13-May-2018
100538;Franklin India Liquid Fund - Regular Plan - Growth;INF090I01BB1;;4120.0050;4120.0050;4120.0050;13-May-2018
100537;Franklin India Liquid Fund - Regular Plan - Weekly - IDCW;INF090I01BL0;INF090I01BI6;1244.3238;1244.3238;1244.3238;13-May-2018
118577;Franklin India Liquid Fund - Super Institutional - Direct - Growth;INF090I01JV2;;2619.9996;2619.9996;2619.9996;13-May-2018
100547;Franklin India Liquid Fund - Super Institutional Plan - Daily - IDCW;;INF090I01BF2;1000.7051;1000.7051;1000.7051;13-May-2018
118578;Franklin India Liquid Fund - Super Institutional Plan - Direct - Daily - IDCW;INF090I01JW0;;1001.8422;1001.8422;1001.8422;13-May-2018
118579;Franklin India Liquid Fund - Super Institutional Plan - Direct - Weekly - IDCW;INF090I01JX8;INF090I01JY6;1021.3891;1021.3891;1021.3891;13-May-2018
100546;Franklin India Liquid Fund - Super Institutional Plan - Growth;INF090I01BG0;;2611.5954;2611.5954;2611.5954;13-May-2018
100548;Franklin India Liquid Fund - Super Institutional Plan - Weekly - IDCW;INF090I01BM8;INF090I01BH8;1021.1243;1021.1243;1021.1243;13-May-2018
139890;Franklin India Liquid Fund - Unclaimed IDCW Plan - Growth;INF090I01LP0;;11.1168;11.1168;11.1168;13-May-2018
139889;Franklin India Liquid Fund - Unclaimed Redemption Plan - Growth;INF090I01LO3;;11.1168;11.1168;11.1168;13-May-2018
102441;Franklin India Liquid Fund - Institution-Growth;INF090I01BD7;;2665.4472;2665.4472;2665.4472;13-May-2018
102443;Franklin India Liquid Fund - Institutional Plan - Daily - IDCW;;INF090I01BC9;1000.6505;1000.6505;1000.6505;13-May-2018
102442;Franklin India Liquid Fund - Institutional Plan - Weekly - IDCW;INF090I01BJ4;INF090I01BE5;1054.7184;1054.7184;1054.7184;13-May-2018

Groww Mutual Fund
119135;Groww Liquid Fund ( formerly known as Indiabulls Liquid )Fund - Direct Plan - Growth Option;INF666M01451;;1712.1518;1712.1518;1712.1518;13-May-2018
119136;Groww Liquid Fund (formerly known as Indiabulls Liquid Fund) - Direct Plan- - Income Distribution cum capital withdrawal Option ( Reinvestment);;INF666M01469;1001.0600;1001.0600;1001.0600;13-May-2018
115991;Groww Liquid Fund (formerly known as Indiabulls Liquid Fund) - Regular Plan - Growth Option;INF666M01014;;1703.2912;1703.2912;1703.2912;13-May-2018
119138;Groww Liquid Fund (formerly known as Indiabulls Liquid Fund)- Direct Plan- Fortnightly - Income Distribution cum capital withdrawal Option (Payout & Reinvestment);INF666M01501;INF666M01485;1001.0180;1001.0180;1001.0180;13-May-2018
119139;Groww Liquid Fund (formerly known as Indiabulls Liquid Fund)- Direct Plan- Monthly - Income Distribution cum capital withdrawal Option (Payout & Reinvestment);INF666M01519;INF666M01493;1031.4659;1031.4659;1031.4659;13-May-2018
119137;Groww Liquid Fund (formerly known as Indiabulls Liquid Fund)- Direct Plan- Weekly - Income Distribution cum capital withdrawal Option (Payout & Reinvestment);INF666M01527;INF666M01477;1001.6553;1001.6553;1001.6553;13-May-2018
115992;Groww Liquid Fund (formerly known as Indiabulls Liquid Fund)- Regular Plan- - Income Distribution cum capital withdrawal Option (Reinvestment);;INF666M01022;1001.1451;1001.1451;1001.1451;13-May-2018
115995;Groww Liquid Fund (formerly known as Indiabulls Liquid Fund)- Regular Plan- Monthly - Income Distribution cum capital withdrawal Option (Payout & Reinvestment);INF666M01071;INF666M01055;1002.8784;1002.8784;1002.8784;13-May-2018
115993;Groww Liquid Fund (formerly known as Indiabulls Liquid Fund)- Regular Plan- Weekly - Income Distribution cum capital withdrawal Option (Payout & Reinvestment);INF666M01089;INF666M01030;1002.7109;1002.7109;1002.7109;13-May-2018
115994;Groww Liquid Fund (formerly known as Indiabulls Liquid) Fund- Regular Plan- Fortnightly - Income Distribution cum capital withdrawal Option (Payout & Reinvestment);INF666M01063;INF666M01048;1000.9048;1000.9048;1000.9048;13-May-2018

HDFC Mutual Fund
119091;HDFC Liquid Fund - Growth Option - Direct Plan;INF179KB1HP9;;3451.1005;3451.1005;3451.1005;13-May-2018
100868;HDFC Liquid Fund - Growth Plan;INF179KB1HK0;;3437.2703;3437.2703;3437.2703;13-May-2018
100875;HDFC Liquid Fund - IDCW Daily;;INF179KB1IC5;1019.8200;1019.8200;1019.8200;13-May-2018
119089;HDFC Liquid Fund - IDCW Daily - Direct Plan;;INF179KB1HV7;1019.8200;1019.8200;1019.8200;13-May-2018
100876;HDFC Liquid Fund - IDCW Monthly;INF179KB1HM6;INF179KB1HL8;1028.2876;1028.2876;1028.2876;13-May-2018
119090;HDFC Liquid Fund - IDCW Monthly - Direct Plan;INF179KB1HO2;INF179KB1HQ7;1028.3181;1028.3181;1028.3181;13-May-2018
100874;HDFC Liquid Fund - IDCW Plan Weekly;INF179KB1ID3;;1032.1178;1032.1178;1032.1178;13-May-2018
119088;HDFC Liquid Fund - IDCW Weekly - Direct Plan;;;1032.1342;1032.1342;1032.1342;13-May-2018
100877;HDFC Liquid Fund-Premium Plan - Dividend-Daily;;INF179K01KN4;1225.9800;1225.9800;1225.9800;13-May-2018
100873;HDFC Liquid Fund-PREMIUM- Growth;INF179KB1HN4;;3504.9770;3504.9770;3504.9770;13-May-2018

HSBC Mutual Fund
118910;HSBC Cash Fund - Institutional Plan - Growth;INF336L01BT4;;2743.3227;2743.3227;2743.3227;13-May-2018
139238;HSBC Cash Fund - Unclaimed Dividend Above 3 years;;;1000;1000;1000;13-May-2018
139237;HSBC Cash Fund - Unclaimed Dividend Below 3 years;;;1144.3149;1144.3149;1144.3149;13-May-2018
139239;HSBC Cash Fund - Unclaimed Redemption Above 3 years;;;1000;1000;1000;13-May-2018
139240;HSBC Cash Fund - Unclaimed Redemption Below 3 years;;;1144.3149;1144.3149;1144.3149;13-May-2018
120038;HSBC Liquid Fund -  Growth Direct;INF336L01CC8;;1745.2362;1745.2362;1745.2362;13-May-2018
120037;HSBC Liquid Fund - Direct Daily IDCW;;INF336L01CB0;1000.6485;1000.6485;1000.6485;13-May-2018
120039;HSBC Liquid Fund - Direct Monthly IDCW;INF336L01BZ1;INF336L01CA2;1035.6106;1035.6106;1035.6106;13-May-2018
120040;HSBC Liquid Fund - Direct Weekly IDCW;INF336L01LK2;INF336L01CD6;1111.5207;1111.5207;1111.5207;13-May-2018
118907;HSBC Liquid Fund - Growth;INF336L01BL1;;2604.6451;2604.6451;2604.6451;13-May-2018
118906;HSBC Liquid Fund - IDCW;;INF336L01BK3;1019.3;1019.3;1019.3;13-May-2018
118909;HSBC Liquid Fund - Institutional Daily IDCW;;INF336L01BS6;1291.6801;1291.6801;1291.6801;13-May-2018
118901;HSBC Liquid Fund - Regular Daily IDCW;;INF336L01BM9;1000.6702;1000.6702;1000.6702;13-May-2018
118902;HSBC Liquid Fund - Regular Growth;INF336L01BN7;;1740.6142;1740.6142;1740.6142;13-May-2018
118903;HSBC Liquid Fund - Regular Monthly IDCW;INF336L01BP2;INF336L01BO5;1003.7843;1003.7843;1003.7843;13-May-2018
118904;HSBC Liquid Fund - Regular Weekly IDCW;INF336L01LJ4;INF336L01BQ0;1111.5103;1111.5103;1111.5103;13-May-2018
118908;HSBC Liquid Fund - Weekly IDCW;;INF336L01BR8;1002.3663;1002.3663;1002.3663;13-May-2018

ICICI Prudential Mutual Fund
100357;ICICI Prudential Liquid Fund -Quarterly IDCW;INF109K01UU5;INF109K01UT7;101.3239;101.3239;101.3239;13-May-2018
100359;ICICI Prudential Liquid Institutional Plus Fund - Div - Daily;INF109K01VJ6;;118.5152;118.5152;118.5152;13-May-2018
103343;ICICI Prudential Liquid Fund - Daily IDCW;INF109K01VP3;;100.1482;100.1482;100.1482;13-May-2018
120198;ICICI Prudential Liquid Fund - Direct Plan -  Annual IDCW;INF109K01P99;INF109K01Q07;104.4171;104.4171;104.4171;13-May-2018
120187;ICICI Prudential Liquid Fund - Direct Plan -  Half Yearly IDCW;INF109K01Q56;INF109K01Q64;105.5396;105.5396;105.5396;13-May-2018
120191;ICICI Prudential Liquid Fund - Direct Plan -  IDCW Others;INF109K01Q31;INF109K01Q23;130.7780;130.7780;130.7780;13-May-2018
120188;ICICI Prudential Liquid Fund - Direct Plan - Daily IDCW;;INF109K01Q15;100.1082;100.1082;100.1082;13-May-2018
120197;ICICI Prudential Liquid Fund - Direct Plan - Growth;INF109K01Q49;;259.1779;259.1779;259.1779;13-May-2018
120189;ICICI Prudential Liquid Fund - Direct Plan - Monthly IDCW;INF109K01R06;;100.4959;100.4959;100.4959;13-May-2018
120196;ICICI Prudential Liquid Fund - Direct Plan - Quarterly IDCW;INF109K01Q72;INF109K01Q80;102.0882;102.0882;102.0882;13-May-2018
120190;ICICI Prudential Liquid Fund - Direct Plan - Weekly IDCW;INF109K01Q98;;100.2903;100.2903;100.2903;13-May-2018
130934;ICICI Prudential Liquid Fund - Direct Plan Bonus;INF109KA1G86;;131.0945;131.0945;131.0945;13-May-2018
103340;ICICI Prudential Liquid Fund - Growth;INF109K01VQ1;;258.4022;258.4022;258.4022;13-May-2018
104308;ICICI Prudential Liquid Fund - Half Yearly IDCW;INF109K01UX9;INF109K01UW1;104.5010;104.5010;104.5010;13-May-2018
115505;ICICI Prudential Liquid Fund - IDCW Others;INF109K01VU3;INF109K01VT5;130.5272;130.5272;130.5272;13-May-2018
103344;ICICI Prudential Liquid Fund - Institutional Option - I;INF109K01VH0;;243.8603;243.8603;243.8603;13-May-2018
139434;ICICI Prudential Liquid Fund - Unclaimed IDCW;INF109KB1WR9;;114.0714;114.0714;114.0714;13-May-2018
139433;ICICI Prudential Liquid Fund - Unclaimed Redemption;INF109KB1WQ1;;114.0714;114.0714;114.0714;13-May-2018
103342;ICICI Prudential Liquid Fund - Weekly IDCW;INF109K01VS7;;100.2640;100.2640;100.2640;13-May-2018
103341;ICICI Prudential Liquid Fund -Monthly IDCW;INF109K01VR9;;100.3681;100.3681;100.3681;13-May-2018
112119;ICICI Prudential Liquid Fund-Annual IDCW;INF109K01VD9;INF109K01VC1;104.3703;104.3703;104.3703;13-May-2018
101748;ICICI Prudential Liquid Fund - Institutional - Daily - Div;INF109K01VE7;;118.5022;118.5022;118.5022;13-May-2018
101754;ICICI Prudential Liquid Fund Retail Daily Dividend;INF109K01UR1;;118.5142;118.5142;118.5142;13-May-2018
101750;ICICI Prudential Liquid Fund Retail Growth;INF109K01UQ3;;399.4890;399.4890;399.4890;13-May-2018
101755;ICICI Prudential Liquid Fund Retail Monthly Dividend;INF109K01US9;;100.3925;100.3925;100.3925;13-May-2018
101752;ICICI Prudential Liquid Fund Retail Weekly Dividend;INF109K01UV3;;118.9416;118.9416;118.9416;13-May-2018
101751;ICICI Prudential Liquid Institutional Fund - Growth;INF109K01VF4;;409.7252;409.7252;409.7252;13-May-2018

IDBI Mutual Fund
126163;IDBI Liquid Fund Bonus Direct;INF397L01FP5;;1406.7185;1406.7185;1406.7185;13-May-2018
126164;IDBI Liquid Fund Bonus Regular;INF397L01FO8;;1399.0004;1399.0004;1399.0004;13-May-2018
118345;IDBI Liquid Fund Growth Direct;INF397L01AH3;;1875.6275;1875.6275;1875.6275;13-May-2018
113104;IDBI Liquid Fund- Monthly IDCW;INF397L01976;INF397L01968;1006.8887;1006.8887;1006.8887;13-May-2018
118449;IDBI Liquid Fund- Monthly IDCW Direct;INF397L01AK7;INF397L01AJ9;1005.3823;1005.3823;1005.3823;13-May-2018
113102;IDBI Liquid Fund-Daily IDCW;;INF397L01935;1005.2683;1005.2683;1005.2683;13-May-2018
118450;IDBI Liquid Fund-Daily IDCW Direct;;INF397L01AI1;1002.3548;1002.3548;1002.3548;13-May-2018
113096;IDBI Liquid Fund-Growth;INF397L01984;;1865.3286;1865.3286;1865.3286;13-May-2018
113103;IDBI Liquid Fund-Weekly IDCW;INF397L01950;INF397L01943;1023.0085;1023.0085;1023.0085;13-May-2018
118451;IDBI Liquid Fund-Weekly IDCW Direct;INF397L01AM3;INF397L01AL5;1002.8616;1002.8616;1002.8616;13-May-2018

Invesco Mutual Fund
122786;Invesco India Liquid Fund - Bonus Option;INF205K01UX5;;2402.6823;2402.6823;2402.6823;13-May-2018
104484;Invesco India Liquid Fund - Daily IDCW (Reinvestment);;INF205K01HN3;1001.7798;1001.7798;1001.7798;13-May-2018
120537;Invesco India Liquid Fund - Direct Plan - Growth;INF205K01MF9;;2411.3311;2411.3311;2411.3311;13-May-2018
120536;Invesco India Liquid Fund - Direct Plan - Monthly IDCW (Payout / Reinvestment);INF205K01MG7;INF205K01MH5;1030.6782;1030.6782;1030.6782;13-May-2018
120535;Invesco India Liquid Fund - Direct Plan - Weekly IDCW (Reinvestment);INF205KA1BE5;INF205K01MI3;1001.5849;1001.5849;1001.5849;13-May-2018
120534;Invesco India Liquid Fund - Direct Plan- Daily IDCW (Reinvestment);;INF205K01ME2;1000.79;1000.79;1000.79;13-May-2018
104486;Invesco India Liquid Fund - Growth;INF205K01HM5;;2402.6805;2402.6805;2402.6805;13-May-2018
104492;Invesco India Liquid Fund - Monthly IDCW (Payout / Reinvestment);INF205K01HQ6;INF205K01HP8;1006.0106;1006.0106;1006.0106;13-May-2018
104488;Invesco India Liquid Fund - Regular - Growth;INF205K01HG7;;2209.4846;2209.4846;2209.4846;13-May-2018
104489;Invesco India Liquid Fund - Regular - Weekly IDCW (Reinvestment);;INF205K01HH5;1001.9403;1001.9403;1001.9403;13-May-2018
139389;Invesco India Liquid Fund - Unclaimed Dividend Plan - Below 3 Years;;;1142.6778;1142.6778;1142.6778;13-May-2018
139387;Invesco India Liquid Fund - Unclaimed Redemption Plan - Below 3 years;;;1142.6741;1142.6741;1142.6741;13-May-2018
104485;Invesco India Liquid Fund - Weekly IDCW (Reinvestment);INF205KA1BD7;INF205K01HO1;1003.3981;1003.3981;1003.3981;13-May-2018

JM Financial Mutual Fund
120410;JM Liquid Fund (Direct) - Bonus Option - Bonus Option - Principal units;INF192K01CN4;;15.4142;15.4142;15.4142;13-May-2018
120411;JM Liquid Fund (Direct) - Daily IDCW;;INF192K01CH6;10.4302;10.4302;10.4302;13-May-2018
120406;JM Liquid Fund (Direct) - Growth Option;INF192K01CM6;;47.9566;47.9566;47.9566;13-May-2018
120408;JM Liquid Fund (Direct) - Quarterly IDCW;INF192K01CK0;INF192K01CL8;27.2269;27.2269;27.2269;13-May-2018
120407;JM Liquid Fund (Direct) - Weekly IDCW;INF192K01CI4;INF192K01CJ2;11.0160;11.0160;11.0160;13-May-2018
100244;JM Liquid Fund (Regular) - Quarterly IDCW;INF192K01866;INF192K01874;27.0290;27.0290;27.0290;13-May-2018
100247;JM Liquid Fund (Regular) - Super Institutional Plan - Growth Option;INF192K01981;;27.4595;27.4595;27.4595;13-May-2018
100233;JM Liquid Fund (Regular) - Weekly IDCW;INF192K01841;INF192K01858;11.0134;11.0134;11.0134;13-May-2018
100234;JM Liquid Fund - Growth Option;INF192K01882;;47.7540;47.7540;47.7540;13-May-2018
139258;JM Liquid Fund Unclaimed Dividend (Direct) Growth Plan;INF192K01LB0;;47.9585;47.9585;47.9585;13-May-2018
139260;JM Liquid Fund Unclaimed Dividend IEF (Direct) Growth Plan;INF192K01LD6;;41.4437;41.4437;41.4437;13-May-2018
139257;JM Liquid Fund Unclaimed Redemption (Direct) Growth Plan;INF192K01LA2;;47.9585;47.9585;47.9585;13-May-2018
139259;JM Liquid Fund Unclaimed Redemption IEF (Direct) Growth Plan;INF192K01LC8;;41.4437;41.4437;41.4437;13-May-2018
101549;JM Liquid Fund (Regular) - Bonus Option - Principal Units;INF192K01890;;15.2909;15.2909;15.2909;13-May-2018
101078;JM Liquid Fund (Regular) - Daily IDCW;;INF192K01833;10.4302;10.4302;10.4302;13-May-2018

Kotak Mahindra Mutual Fund
119764;Kotak Liquid Fund - Direct Plan - Daily Reinvestment of Income Distribution cum capital withdrawal option;;INF174K01NH1;1222.81;1222.81;1222.81;13-May-2018
119766;Kotak Liquid Fund - Direct Plan - Growth;INF174K01NE8;;3549.6466;3549.6466;3549.6466;13-May-2018
100833;Kotak Liquid Fund - Regular  - Daily Reinvestment of Income Distribution cum capital withdrawal option;;INF174K01NL3;1222.81;1222.81;1222.81;13-May-2018
100835;Kotak Liquid Fund - Regular Plan - Growth;INF174K01NI9;;3540.3028;3540.3028;3540.3028;13-May-2018
119765;Kotak Liquid Fund - Weekly  Payout of Income Distribution cum capital withdrawal option - Direct;INF174K01NF5;INF174K01NG3;1006.1982;1006.1982;1006.1982;13-May-2018
100834;Kotak Liquid Fund Regular Plan Weekly Reinvestment of Income Distribution cum capital withdrawal option Dividend;INF174K01NK5;;1001.0892;1001.0892;1001.0892;13-May-2018

L&T Mutual Fund
122235;L&T Liquid Fund - Direct Plan - Weekly IDCW;;INF917K01HE2;1001.5341;1001.5341;1001.5341;13-May-2018
119791;L&T Liquid Fund - Direct Plan -Daily IDCW;INF917K01HG7;;1012.8887;1012.8887;1012.8887;13-May-2018
119790;L&T Liquid Fund - Direct Plan -Growth;INF917K01HF9;;2402.4576;2402.4576;2402.4576;13-May-2018
112458;L&T Liquid Fund - Regular Plan - Weekly IDCW;INF917K01BK2;INF917K01JG3;1002.7103;1002.7103;1002.7103;13-May-2018
112445;L&T Liquid Fund -Regular Plan - Daily IDCW;INF917K01JB4;;1011.7794;1011.7794;1011.7794;13-May-2018
112457;L&T Liquid Fund -Regular Plan - Growth;INF917K01JH1;;2395.1764;2395.1764;2395.1764;13-May-2018

LIC Mutual Fund
120248;LIC MF Liquid Fund-Direct Plan-Daily IDCW;INF767K01DL5;INF767K01DM3;1098;1098;1098;13-May-2018
120249;LIC MF Liquid Fund-Direct Plan-Growth;INF767K01DN1;;3177.0395;3177.0395;3177.0395;13-May-2018
101184;LIC MF Liquid Fund-Regular Plan-Daily IDCW;INF767K01IQ3;INF767K01IR1;1098;1098;1098;13-May-2018
101185;LIC MF Liquid Fund-Regular Plan-Growth;INF767K01IS9;;3160.6559;3160.6559;3160.6559;13-May-2018

Mahindra Manulife Mutual Fund
139535;Mahindra Manulife Liquid Fund - Direct Plan - Daily IDCW;;INF174V01051;1000.3285;1000.3285;1000.3285;13-May-2018
139536;Mahindra Manulife Liquid Fund - Direct Plan - Weekly IDCW;;INF174V01069;1003.5278;1003.5278;1003.5278;13-May-2018
139538;Mahindra Manulife Liquid Fund - Direct Plan -Growth;INF174V01044;;1134.3250;1134.3250;1134.3250;13-May-2018
139534;Mahindra Manulife Liquid Fund - Regular Plan - Daily IDCW;;INF174V01028;1000.3285;1000.3285;1000.3285;13-May-2018
139537;Mahindra Manulife Liquid Fund - Regular Plan - Growth;INF174V01010;;1131.3252;1131.3252;1131.3252;13-May-2018
139541;Mahindra Manulife Liquid Fund - Regular Plan - Weekly IDCW;;INF174V01036;1009.9385;1009.9385;1009.9385;13-May-2018
139539;Mahindra Manulife Liquid Fund - Unclaimed Redemption / IDCW Upto three years;;;1007.5987;1007.5987;1007.5987;13-May-2018

Mirae Asset Mutual Fund
118859;Mirae Asset Liquid Fund - Direct Plan - Growth;INF769K01CM1;;1848.4511;1848.4511;1848.4511;13-May-2018
118862;Mirae Asset Liquid Fund - Direct Plan - Weekly IDCW;INF769K01PD2;INF769K01CP4;1217.0984;1217.0984;1217.0984;13-May-2018
118861;Mirae Asset Liquid Fund - Direct Plan -Daily IDCW;;INF769K01CO7;1075.8332;1075.8332;1075.8332;13-May-2018
118860;Mirae Asset Liquid Fund - Direct Plan -Monthly IDCW;INF769K01CN9;INF769K01CQ2;1138.7008;1138.7008;1138.7008;13-May-2018
111647;Mirae Asset Liquid Fund - Regular - Daily IDCW;;INF769K01804;1066.4347;1066.4347;1066.4347;13-May-2018
111646;Mirae Asset Liquid Fund - Regular Plan - Growth;INF769K01788;;1829.3132;1829.3132;1829.3132;13-May-2018
111645;Mirae Asset Liquid Fund - Regular Plan - Monthly IDCW;INF769K01838;INF769K01820;1156.2893;1156.2893;1156.2893;13-May-2018
111644;Mirae Asset Liquid Fund - Regular Plan - Weekly IDCW;INF769K01PC4;INF769K01812;1153.3738;1153.3738;1153.3738;13-May-2018

Navi Mutual Fund
119163;Navi Liquid Fund - Direct Plan Daily IDCW - ReInvestment;;INF959L01GK1;1001.2900;1001.2900;1001.2900;13-May-2018
119161;Navi Liquid Fund - Direct Plan Monthly IDCW - Payout;INF959L01GG9;INF959L01GH7;1004.2630;1004.2630;1004.2630;13-May-2018
119162;Navi Liquid Fund - Direct Plan Weekly IDCW - Payout;INF959L01GI5;INF959L01GJ3;1001.5389;1001.5389;1001.5389;13-May-2018
112645;Navi Liquid Fund - Regular Plan Daily IDCW;;INF959L01GM7;1001.2900;1001.2900;1001.2900;13-May-2018
112647;Navi Liquid Fund - Regular Plan Monthly IDCW;INF959L01GN5;INF959L01GO3;1004.2145;1004.2145;1004.2145;13-May-2018
112646;Navi Liquid Fund - Regular Plan Weekly IDCW;INF959L01GP0;INF959L01GQ8;1001.5609;1001.5609;1001.5609;13-May-2018
119164;Navi Liquid Fund-Direct Plan-Growth Option;INF959L01GF1;;1930.3081;1930.3081;1930.3081;13-May-2018
112636;Navi Liquid Fund-Regular Plan-Growth Option;INF959L01GL9;;1921.4569;1921.4569;1921.4569;13-May-2018
140437;Navi Liquid Fund-Unclaimed Redemption and Dividend Plan greater than 3 years;INF959L01CO2;;1000.0000;1000.0000;1000.0000;13-May-2018
139386;Navi Liquid Fund-Unclaimed Redemption and Dividend Plan less than 3 years;INF959L01CN4;;1925.4754;1925.4754;1925.4754;13-May-2018

Nippon India Mutual Fund
100852;NIPPON INDIA LIQUID FUND - DAILY IDCW OPTION;;INF204K01UM1;1528.7400;1528.7400;1528.7400;13-May-2018
118695;NIPPON INDIA LIQUID FUND - DIRECT Plan - DAILY IDCW OPTION;;INF204K01ZG2;1528.7400;1528.7400;1528.7400;13-May-2018
118696;NIPPON INDIA LIQUID FUND - DIRECT Plan - MONTHLY IDCW OPTION;INF204K01ZI8;INF204K01ZJ6;1594.2851;1594.2851;1594.2851;13-May-2018
118698;NIPPON INDIA LIQUID FUND - DIRECT Plan - QUARTERLY IDCW OPTION;INF204K01ZK4;INF204K01ZL2;1017.2212;1017.2212;1017.2212;13-May-2018
118700;NIPPON INDIA LIQUID FUND - DIRECT Plan - WEEKLY IDCW OPTION;INF204KC1FN6;INF204K01ZM0;1530.8600;1530.8600;1530.8600;13-May-2018
118701;Nippon India Liquid Fund - Direct Plan Growth Plan - Growth Option;INF204K01ZH0;;4273.9862;4273.9862;4273.9862;13-May-2018
100855;NIPPON INDIA LIQUID FUND - MONTHLY IDCW OPTION;INF204K01UO7;INF204K01UP4;1590.9045;1590.9045;1590.9045;13-May-2018
112340;NIPPON INDIA LIQUID FUND - QUARTERLY IDCW OPTION;INF204K01UQ2;INF204K01UR0;1014.8098;1014.8098;1014.8098;13-May-2018
100837;Nippon India Liquid Fund - Retail Option - Growth Plan;INF204K01UL3;;3947.7783;3947.7783;3947.7783;13-May-2018
100842;NIPPON INDIA LIQUID FUND - RETAIL Plan - DAILY IDCW OPTION;;INF204K01UJ7;1524.2800;1524.2800;1524.2800;13-May-2018
100843;NIPPON INDIA LIQUID FUND - RETAIL plan - MONTHLY IDCW OPTION;INF204K01UT6;INF204K01UU4;1331.7911;1331.7911;1331.7911;13-May-2018
100844;NIPPON INDIA LIQUID FUND - RETAIL Plan - QUARTERLY IDCW OPTION;INF204K01UV2;INF204K01UW0;1227.9924;1227.9924;1227.9924;13-May-2018
100838;NIPPON INDIA LIQUID FUND - RETAIL Plan - WEEKLY IDCW OPTION;;INF204K01UK5;1034.4925;1034.4925;1034.4925;13-May-2018
100853;NIPPON INDIA LIQUID FUND - WEEKLY IDCW OPTION;INF204KC1FM8;INF204K01US8;1530.8535;1530.8535;1530.8535;13-May-2018
100851;Nippon India Liquid Fund -Growth Plan;INF204K01UN9;;4255.7437;4255.7437;4255.7437;13-May-2018
118610;Reliance Liquid Fund - Cash Plan - Direct Plan - Growth Plan - Growth Option;;;2828.7850;2828.7850;2828.7850;13-May-2018
118618;Reliance Liquid Fund - Cash Plan - Direct Plan Daily Dividend Reinvestment Option;;;1114.1500;1114.1500;1114.1500;13-May-2018
118609;Reliance Liquid Fund - Cash Plan - Direct Plan Monthly Dividend Plan;;;1005.9379;1005.9379;1005.9379;13-May-2018
118612;Reliance Liquid Fund - Cash Plan - Direct Plan Quarterly Dividend Plan;;;1020.4058;1020.4058;1020.4058;13-May-2018
118611;Reliance Liquid Fund - Cash Plan - Direct Plan Weekly Dividend Reinvestment Option;;;1092.1001;1092.1001;1092.1001;13-May-2018
100849;Reliance Liquid Fund-Cash Plan-Daily Dividend Reinvestment Option;;;1114.1500;1114.1500;1114.1500;13-May-2018
100845;Reliance Liquid Fund-Cash Plan-Growth Plan;;;2712.5126;2712.5126;2712.5126;13-May-2018
114251;Reliance Liquid Fund-Cash Plan-Monthly Dividend Plan;;;1003.6520;1003.6520;1003.6520;13-May-2018
114252;Reliance Liquid Fund-Cash Plan-Quarterly Dividend Plan;;;1012.9885;1012.9885;1012.9885;13-May-2018
100848;Reliance Liquid Fund-Cash Plan-Weekly Dividend Reinvestment Option;;;1092.0439;1092.0439;1092.0439;13-May-2018

PGIM India Mutual Fund
138306;PGIM India INSTA CASH FUND - Annual Bonus Option;INF223J01WV0;;134.8235;134.8235;134.8235;13-May-2018
138305;PGIM India Insta Cash Fund - Direct Plan -  Annual Bonus Option;INF223J01WW8;;137.5833;137.5833;137.5833;13-May-2018
138300;PGIM India Insta Cash Fund - Direct Plan - Quarterly Dividend;INF223J01NX5;;144.3405;144.3405;144.3405;13-May-2018
138294;PGIM India Insta Cash Fund - Quarterly Dividend Option;INF223J01IN6;INF223J01IO4;142.3445;142.3445;142.3445;13-May-2018
138284;PGIM India INSTA CASH FUND - Regular Plan BONUS OPTION;INF223J01BH3;;13.5831;13.5831;13.5831;13-May-2018
139603;PGIM India Insta Cash Fund - Unclaimed Dividend Plan - Below 3 years;;;111.9841;111.9841;111.9841;13-May-2018
139604;PGIM India Insta Cash Fund - Unclaimed Redemption Plan - Above 3 years;;;100.2238;100.2238;100.2238;13-May-2018
139605;PGIM India Insta Cash Fund - Unclamied Dividend Plan - Above 3 years;;;100.2236;100.2236;100.2236;13-May-2018
139602;PGIM India Insta Cash Fund - Unlcaimed Redemption Plan - Below 3 years;;;111.9378;111.9378;111.9378;13-May-2018
138292;PGIM India Insta Cash Fund- Annual Dividend Option;INF223J01IP1;INF223J01IQ9;132.6021;132.6021;132.6021;13-May-2018
138278;PGIM India Insta Cash Fund-DIVIDEND-WEEKLY DIVIDEND;INF223J01BN1;;10.3546;10.3546;10.3546;13-May-2018
138283;PGIM India Insta Cash Fund-Institutional Plan-Daily Dividend;INF223J01BA8;;10.071;10.071;10.071;13-May-2018
138282;PGIM India Insta Cash Fund-Institutional Plan-Growth;INF223J01BB6;;24.4005;24.4005;24.4005;13-May-2018
138304;PGIM India INSTA CASH FUND-Monthly Bonus Option;INF223J01VD0;;129.5248;129.5248;129.5248;13-May-2018
138286;PGIM India Liquid Fund - Bonus Option;INF223J01BQ4;;155.0633;155.0633;155.0633;13-May-2018
138285;PGIM India Liquid Fund - Daily Dividend;;INF223J01BO9;100.304;100.304;100.304;13-May-2018
138297;PGIM India Liquid Fund - Direct Plan - Daily Dividend;INF223J01NR7;;100.304;100.304;100.304;13-May-2018
138299;PGIM India Liquid Fund - Direct Plan - Growth;INF223J01NS5;;227.6338;227.6338;227.6338;13-May-2018
138298;PGIM India Liquid Fund - Direct Plan - Monthly Dividend;INF223J01NT3;INF223J01NU1;106.6244;106.6244;106.6244;13-May-2018
138301;PGIM India Liquid Fund - Direct Plan - Weekly Dividend;INF223J01NV9;INF223J01NW7;100.5422;100.5422;100.5422;13-May-2018
138288;PGIM India Liquid Fund - Growth;INF223J01BP6;;226.8192;226.8192;226.8192;13-May-2018
138287;PGIM India Liquid Fund - Monthly Dividend;INF223J01BL5;;106.5859;106.5859;106.5859;13-May-2018
138289;PGIM India Liquid Fund - Weekly Dividend;INF223J01BU6;;100.5418;100.5418;100.5418;13-May-2018
138280;PGIM India Liquid Fund-DIVIDEND-Daily Dividend;;INF223J01BI1;10.301;10.301;10.301;13-May-2018
138279;PGIM India Liquid Fund-DIVIDEND-MONTHLY DIVIDEND;INF223J01BR2;INF223J01BS0;10.0439;10.0439;10.0439;13-May-2018
138281;PGIM India Liquid Fund-Growth-GROWTH;INF223J01BJ9;;25.7302;25.7302;25.7302;13-May-2018

Principal Mutual Fund
100895;Principal Cash Management Fund - Daily Income Distribution CUM Capital Withdrawal;;INF173K01DB7;1000.8893;1000.8893;1000.8893;13-May-2018
119468;Principal Cash Management Fund - Direct Plan - Growth Option;INF173K01GU0;;1707.3383;1707.3383;1707.3383;13-May-2018
119467;Principal Cash Management Fund - Direct Plan - Income Distribution CUM Capital Withdrawal Option - Daily;;INF173K01GT2;1000.6367;1000.6367;1000.6367;13-May-2018
119469;Principal Cash Management Fund - Direct Plan - Income Distribution CUM Capital Withdrawal Option - Weekly;;INF173K01GY2;1007.4777;1007.4777;1007.4777;13-May-2018
100897;Principal Cash Management Fund - Monthly Income Distribution CUM Capital Withdrawal Option;INF173K01BV9;INF173K01BW7;1027.6925;1027.6925;1027.6925;13-May-2018
100896;Principal Cash Management Fund - Weekly Income Distribution CUM Capital Withdrawal Option;;INF173K01DC5;1007.0194;1007.0194;1007.0194;13-May-2018
119466;Principal Cash Management Fund -Direct Plan - Income Distribution CUM Capital Withdrawal Option - Monthly;INF173K01GV8;INF173K01GW6;1027.7475;1027.7475;1027.7475;13-May-2018
100898;Principal Cash Management Fund -Growth Option;INF173K01DA9;;1700.1973;1700.1973;1700.1973;13-May-2018

quant Mutual Fund
120837;quant Liquid Fund - Growth Option - Direct Plan;INF966L01820;;27.4446;27.4446;27.4446;13-May-2018
103225;quant Liquid Fund - Growth Option - Regular Plan;INF966L01317;;27.2920;27.2920;27.2920;13-May-2018
120838;quant Liquid Fund - Monthly IDCW Option - Direct Plan;INF966L01796;INF966L01812;15.2962;15.2962;15.2962;13-May-2018
103228;quant Liquid Fund - Monthly IDCW Option - Regular Plan;INF966L01291;INF966L01309;15.1701;15.1701;15.1701;13-May-2018
120839;quant Liquid Fund - Weekly IDCW Option - Direct Plan;INF966L01788;INF966L01804;13.8833;13.8833;13.8833;13-May-2018
103227;quant Liquid Fund - Weekly IDCW Option - Regular Plan;INF966L01499;INF966L01283;13.6001;13.6001;13.6001;13-May-2018
120836;quant Liquid Fund-Daily IDCW Option - Direct Plan;;INF966L01770;13.7758;13.7758;13.7758;13-May-2018
103226;quant Liquid Fund-Daily IDCW Option - Regular Plan;;INF966L01275;13.6679;13.6679;13.6679;13-May-2018

Quantum Mutual Fund
103736;Quantum Liquid Fund - Direct Plan Daily IDCW;;INF082J01135;10.0094;10.0094;10.0094;13-May-2018
103734;Quantum Liquid Fund - Direct Plan Growth Option;INF082J01127;;24.0552;24.0552;24.0552;13-May-2018
103735;Quantum Liquid Fund - Direct Plan Monthly IDCW;INF082J01143;INF082J01200;10.0361;10.0361;10.0361;13-May-2018
141065;Quantum Liquid Fund - Regular Plan Daily IDCW;;INF082J01317;10.0042;10.0042;10.0042;13-May-2018
141066;Quantum Liquid Fund - Regular Plan Growth Option;INF082J01309;;24.0411;24.0411;24.0411;13-May-2018
141067;Quantum Liquid Fund - Regular Plan Monthly IDCW;INF082J01325;INF082J01333;10.0355;10.0355;10.0355;13-May-2018

SBI Mutual Fund
119804;SBI Liquid Fund - Direct Paln - Fortnightly Income Distribution cum Capital Withdrawal Option (IDCW);INF200K01UR8;INF200K01US6;1013.3393;1013.3393;1013.3393;13-May-2018
119805;SBI Liquid Fund - Direct Plan - Daily Income Distribution cum Capital Withdrawal Option (IDCW);;INF200K01UQ0;1003.2500;1003.2500;1003.2500;13-May-2018
119799;SBI Liquid Fund - Direct Plan - Weekly Income Distribution cum Capital Withdrawal Option (IDCW);INF200K01UU2;INF200K01UV0;1061.2539;1061.2539;1061.2539;13-May-2018
119800;SBI Liquid Fund - DIRECT PLAN -Growth;INF200K01UT4;;2746.1705;2746.1705;2746.1705;13-May-2018
105274;SBI Liquid Fund - Institutional - Growth;INF200K01LU1;;2762.7547;2762.7547;2762.7547;13-May-2018
105275;SBI Liquid Fund - Institutional Daily Income Distribution cum Capital Withdrawal Option (IDCW);;INF200K01LR7;1003.2500;1003.2500;1003.2500;13-May-2018
105279;SBI Liquid Fund - Institutional Fortnightly Income Distribution cum Capital Withdrawal Option (IDCW);INF200K01LS5;INF200K01LT3;1024.6371;1024.6371;1024.6371;13-May-2018
105278;SBI Liquid Fund - Institutional Weekly Income Distribution cum Capital Withdrawal Option (IDCW);INF200K01LV9;INF200K01LW7;1060.5415;1060.5415;1060.5415;13-May-2018
105281;SBI Liquid Fund - Regular Plan - Daily Income Distribution cum Capital Withdrawal Option (IDCW);;INF200K01LX5;1003.2500;1003.2500;1003.2500;13-May-2018
105283;SBI Liquid Fund - Regular Plan - Fortnightly Income Distribution cum Capital Withdrawal Option (IDCW);INF200K01LY3;INF200K01LZ0;1013.3067;1013.3067;1013.3067;13-May-2018
105282;SBI Liquid Fund - Regular Plan - Weekly Income Distribution cum Capital Withdrawal Option (IDCW);INF200K01MB9;INF200K01MC7;1061.2509;1061.2509;1061.2509;13-May-2018
105280;SBI Liquid Fund - REGULAR PLAN -Growth;INF200K01MA1;;2736.9641;2736.9641;2736.9641;13-May-2018

Sundaram Mutual Fund
119690;Sundaram Money Fund Direct Plan - Bonus;INF903J01RL8;;13.2153;13.2153;13.2153;13-May-2018
119688;Sundaram Money Fund Direct Plan - Daily Reinvestment of Income Distribution cum Capital Withdrawal (IDCW);;INF903J01QA3;10.1025;10.1025;10.1025;13-May-2018
119692;Sundaram Money Fund Direct Plan - Fortnightly Reinvestment of Income Distribution cum Capital Withdrawal (IDCW);;INF903J01QB1;25.9863;25.9863;25.9863;13-May-2018
119686;Sundaram Money Fund Direct Plan - Growth;INF903J01QF2;;36.9277;36.9277;36.9277;13-May-2018
119687;Sundaram Money Fund Direct Plan - Monthly Income Distribution cum Capital Withdrawal (IDCW);INF903J01QC9;INF903J01QD7;10.7120;10.7120;10.7120;13-May-2018
119689;Sundaram Money Fund Direct Plan - Quarterly Reinvestment of Income Distribution cum Capital Withdrawal (IDCW);;INF903J01QE5;35.4250;35.4250;35.4250;13-May-2018
119691;Sundaram Money Fund Direct Plan - Weekly Reinvestment of Income Distribution cum Capital Withdrawal (IDCW);;INF903J01QG0;11.7354;11.7354;11.7354;13-May-2018
102701;Sundaram Money Fund Institutional Plan - Daily Reinvestment of Income Distribution cum Capital Withdrawal (IDCW);;INF903J01GP2;10.0953;10.0953;10.0953;13-May-2018
102703;Sundaram Money Fund Institutional Plan - Growth;INF903J01GN7;;35.8657;35.8657;35.8657;13-May-2018
118328;Sundaram Money Fund Regular Plan - Bonus;INF903J01MB0;;13.1464;13.1464;13.1464;13-May-2018
103392;Sundaram Money Fund Regular Plan - Daily Reinvestment of Income Distribution cum Capital Withdrawal (IDCW);;INF903J01GW8;10.0953;10.0953;10.0953;13-May-2018
103395;Sundaram Money Fund Regular Plan - Fortnightly Reinvestment of Income Distribution cum Capital Withdrawal (IDCW);;INF903J01GY4;10.9941;10.9941;10.9941;13-May-2018
103397;Sundaram Money Fund Regular Plan - Growth;INF903J01GU2;;36.7778;36.7778;36.7778;13-May-2018
103396;Sundaram Money Fund Regular Plan - Monthly Income Distribution cum Capital Withdrawal (IDCW);INF903J01GV0;INF903J01GZ1;10.5684;10.5684;10.5684;13-May-2018
103393;Sundaram Money Fund Regular Plan - Quarterly Reinvestment of Income Distribution cum Capital Withdrawal (IDCW);;INF903J01HA2;35.3224;35.3224;35.3224;13-May-2018
100620;Sundaram Money Fund Retail Plan - Daily Reinvestment of Income Distribution cum Capital Withdrawal (IDCW);;INF903J01GI7;10.0953;10.0953;10.0953;13-May-2018
100622;Sundaram Money Fund Retail Plan - Fortnightly Reinvestment of Income Distribution cum Capital Withdrawal (IDCW);;INF903J01GK3;10.9622;10.9622;10.9622;13-May-2018
100618;Sundaram Money Fund Retail Plan - Growth;INF903J01GG1;;34.3707;34.3707;34.3707;13-May-2018
100623;Sundaram Money Fund Retail Plan - Monthly Income Distribution cum Capital Withdrawal (IDCW);INF903J01GH9;INF903J01GL1;10.5816;10.5816;10.5816;13-May-2018
100619;Sundaram Money Fund Retail Plan - Quarterly Reinvestment of Income Distribution cum Capital Withdrawal (IDCW);;INF903J01GM9;12.2696;12.2696;12.2696;13-May-2018
100621;Sundaram Money Fund Retail Plan - Weekly Reinvestment of Income Distribution cum Capital Withdrawal (IDCW);;INF903J01GJ5;11.6728;11.6728;11.6728;13-May-2018
140006;Sundaram Money Fund Unclaimed Amount Plan - Unclaimed Dividend Less Than Three Years;INF903JA1567;;11.0567;11.0567;11.0567;13-May-2018
140005;Sundaram Money Fund Unclaimed Amount Plan - Unclaimed Dividend More Than Three Years;INF903JA1575;;10.0000;10.0000;10.0000;13-May-2018
140003;Sundaram Money Fund Unclaimed Amount Plan - Unclaimed Redemption Less Than Three Years;INF903JA1542;;11.0658;11.0658;11.0658;13-May-2018
140004;Sundaram Money Fund Unclaimed Amount Plan - Unclaimed Redemption More Than Three Years;INF903JA1559;;10.0000;10.0000;10.0000;13-May-2018
103394;Sundaram Money Fund Regular Plan - Weekly Reinvestment of Income Distribution cum Capital Withdrawal (IDCW);;INF903J01GX6;11.7156;11.7156;11.7156;13-May-2018

Tata Mutual Fund
102672;Tata Liquid Fund -Regular Plan - Growth Option;INF277K01YD8;;2748.7707;2748.7707;2748.7707;13-May-2018
119862;Tata Liquid Fund- Direct Plan - Daily Reinvestment of IDCW Option;;INF277K012D2;1001.5187;1001.5187;1001.5187;13-May-2018
119861;Tata Liquid Fund- Direct Plan-Growth Option;INF277K01YE6;;2760.4619;2760.4619;2760.4619;13-May-2018
101714;Tata Liquid Fund- Regular Plan - Daily Reinvestment of IDCW Option;;INF277K011D4;1001.5157;1001.5157;1001.5157;13-May-2018

Taurus Mutual Fund
111915;Taurus Liquid Fund - Regular Plan - SI Growth Option;INF044D01534;;1770.6410;1770.6410;1770.6410;13-May-2018
113248;Taurus Liquid Fund - Regular Plan - SI Weekly Dividend Option;;INF044D01526;1000.7347;1000.7347;1000.7347;13-May-2018
111703;Taurus Liquid Fund - Regular Plan -SI Daily Dividend Option;;INF044D01518;1000.7587;1000.7587;1000.7587;13-May-2018
118891;Taurus Liquid Fund-Direct Plan-SI Daily Dividend Option;;INF044D01DI0;1000.7587;1000.7587;1000.7587;13-May-2018
118893;Taurus Liquid Fund-Direct Plan-SI Growth Option;INF044D01DK6;;1777.3600;1777.3600;1777.3600;13-May-2018
118892;Taurus Liquid Fund-Direct Plan-SI Weekly Dividend Option;;INF044D01DJ8;1001.2079;1001.2079;1001.2079;13-May-2018
104240;Taurus Liquid Fund-Dividend;INF044D01542;INF044D01559;1001.2249;1001.2249;1001.2249;13-May-2018
104241;Taurus Liquid Fund-Growth;INF044D01575;;2075.4955;2075.4955;2075.4955;13-May-2018

Union Mutual Fund
115401;Union Liquid Fund - Daily IDCW Option;;INF582M01021;1000.6489;1000.6489;1000.6489;13-May-2018
119301;Union Liquid Fund - Direct Plan - Daily IDCW Option;;INF582M01682;1000.7830;1000.7830;1000.7830;13-May-2018
119305;Union Liquid Fund - Direct Plan - Fortnightly IDCW Option;INF582M01724;INF582M01708;1000.8788;1000.8788;1000.8788;13-May-2018
119303;Union Liquid Fund - Direct Plan - Growth Option;INF582M01674;;1748.9827;1748.9827;1748.9827;13-May-2018
119302;Union Liquid Fund - Direct Plan - Monthly IDCW Option;INF582M01732;INF582M01716;1003.6870;1003.6870;1003.6870;13-May-2018
119304;Union Liquid Fund - Direct Plan - Weekly IDCW Option;;INF582M01690;1001.4966;1001.4966;1001.4966;13-May-2018
115399;Union Liquid Fund - Fortnightly IDCW Option;INF582M01062;INF582M01047;1000.8782;1000.8782;1000.8782;13-May-2018
115398;Union Liquid Fund - Growth Option;INF582M01013;;1739.9953;1739.9953;1739.9953;13-May-2018
115400;Union Liquid Fund - Monthly IDCW Option;INF582M01070;INF582M01054;1003.6726;1003.6726;1003.6726;13-May-2018
142345;Union Liquid Fund - Unclaimed Amounts Plan - IDCW Beyond 3 years;;;1000.0000;1000.0000;1000.0000;13-May-2018
142344;Union Liquid Fund - Unclaimed Amounts Plan - IDCW Upto 3 years;;;1021.0776;1021.0776;1021.0776;13-May-2018
142343;Union Liquid Fund - Unclaimed Amounts Plan - Redemption Beyond 3 years;;;1000.0000;1000.0000;1000.0000;13-May-2018
142342;Union Liquid Fund - Unclaimed Amounts Plan - Redemption Upto 3 years;;;1021.0786;1021.0786;1021.0786;13-May-2018
115402;Union Liquid Fund - Weekly IDCW Option;;INF582M01039;1001.5040;1001.5040;1001.5040;13-May-2018

UTI Mutual Fund
134427;UTI Liquid Fund - Direct Plan - Annual IDCW;INF789FA1K63;INF789FA1K71;1261.3795;1261.3795;1261.3795;13-May-2018
120558;UTI Liquid Fund - Direct Plan - Daily IDCW (Reinvestment);;INF789F01XP8;1019.4457;1019.4457;1019.4457;13-May-2018
140913;UTI Liquid Fund - Direct Plan - Fortnightly IDCW;INF789FA1K06;INF789FA1K14;1120.7123;1120.7123;0;13-May-2018
120794;UTI Liquid Fund - Direct Plan - Monthly IDCW;INF789F01XR4;INF789F01XS2;1027.1914;1027.1914;1027.1914;13-May-2018
140024;UTI Liquid Fund - Direct Plan - Quarterly IDCW;INF789FA1K22;INF789FA1K30;1191.2734;1191.2734;0;13-May-2018
120777;UTI Liquid Fund - Direct Plan - Weekly IDCW;;INF789F01XT0;1053.6834;1053.6834;1053.6834;13-May-2018
133973;UTI Liquid Fund - Regular Plan - Annual IDCW;INF789FA1J66;INF789FA1J74;1260.8898;1260.8898;1260.8898;13-May-2018
102010;UTI Liquid Fund - Regular Plan - Daily IDCW (Reinvestment);;INF789F01PG3;1019.4457;1019.4457;1019.4457;13-May-2018
140517;UTI Liquid Fund - Regular Plan - Flexi IDCW;INF789FA1J82;INF789FA1J90;1039.1862;1039.1862;0;13-May-2018
139838;UTI Liquid Fund - Regular Plan - Fortnightly IDCW;INF789FA1J09;INF789FA1J17;1120.1995;1120.1995;0;13-May-2018
102011;UTI Liquid Fund - Regular Plan - Monthly IDCW;INF789F01PI9;INF789F01PJ7;1027.1697;1027.1697;1027.1697;13-May-2018
135721;UTI Liquid Fund - Regular Plan - Quarterly IDCW;INF789FA1J25;INF789FA1J33;1190.5022;1190.5022;0;13-May-2018
102013;UTI Liquid Fund - Regular Plan - Weekly IDCW;;INF789F01PK5;1053.6734;1053.6734;1053.6734;13-May-2018
120304;UTI-  Liquid Cash Plan - Direct Plan - Growth Option;INF789F01XQ6;;2868.1011;2868.1011;2868.1011;13-May-2018
102012;UTI-  Liquid Cash Plan - Regular Plan - Growth Option;INF789F01PH1;;2859.4929;2859.4929;2859.4929;13-May-2018
102008;UTI-  Liquid Cash Plan- Discontinued - Regular Plan - Monthly Dividend Option;INF789F01BC2;INF789F01BA6;1173.7304;1173.7304;0;13-May-2018
102009;UTI-  Liquid Cash Plan- Discontinued - Regular Plan -Growth;INF789F01BB4;;2686.6763;2686.6763;0;13-May-2018
102007;UTI-  Liquid Cash Plan- Discontinued -Regular Plan Periodic Dividend Option;;INF789F01AZ5;1133.6181;1133.6181;0;13-May-2018

Open Ended Schemes ( Debt Scheme - Ultra Short Duration Fund )


SBI Mutual Fund
119784;SBI Ultra Short Duration Fund - Direct Plan - Daily Income Distribution cum Capital Withdrawal Option (IDCW);;INF200K01TG3;1675.0300;1675.0300;1675.0300;13-May-2018
119828;SBI ULTRA SHORT DURATION FUND - DIRECT PLAN - GROWTH;INF200K01TF5;;3874.1044;3874.1044;3874.1044;13-May-2018
119829;SBI Ultra Short Duration Fund - Direct Plan - Weekly Income Distribution cum Capital Withdrawal Option (IDCW);INF200K01TH1;INF200K01TI9;1077.7791;1077.7791;1077.7791;13-May-2018
105080;SBI Ultra Short Duration Fund - Regular Plan - Daily Income Distribution cum Capital Withdrawal Option (IDCW);;INF200K01LK2;1675.0300;1675.0300;1675.0300;13-May-2018
100641;SBI ULTRA SHORT DURATION FUND - REGULAR PLAN - GROWTH;INF200K01LJ4;;3857.2023;3857.2023;3857.2023;13-May-2018
103884;SBI Ultra Short Duration Fund - Regular Plan - Weekly Income Distribution cum Capital Withdrawal Option (IDCW);INF200K01LM8;INF200K01LL0;1077.7760;1077.7760;1077.7760;13-May-2018

Open Ended Schemes ( Debt Scheme - Money Market Fund )


Aditya Birla Sun Life Mutual Fund
101973;Aditya Birla Sun Life Money Manager Fund - Daily IDCW;;INF209K01SZ6;100.0200;100.0200;100.0200;13-May-2018
119513;Aditya Birla Sun Life Money Manager Fund - Direct - daily IDCW;;INF209K01UT5;100.0200;100.0200;100.0200;13-May-2018
119512;Aditya Birla Sun Life Money Manager Fund - Direct - weekly IDCW;INF209K01UV1;INF209KA1LM3;100.1166;100.1166;100.1166;13-May-2018
101976;Aditya Birla Sun Life Money Manager Fund - Growth;INF209K01RV7;;232.9248;232.9248;232.9248;13-May-2018
119511;Aditya Birla Sun Life Money Manager Fund - Growth - Direct Plan;INF209K01UU3;;233.8806;233.8806;233.8806;13-May-2018
101972;Aditya Birla Sun Life Money Manager Fund - Retail - Daily IDCW;;INF209K01JZ5;100.0150;100.0150;100.0150;13-May-2018
101970;Aditya Birla Sun Life Money Manager Fund - RETAIL - WEEKLY IDCW;;INF209K01JY8;103.7864;103.7864;103.7864;13-May-2018
101971;Aditya Birla Sun Life Money Manager Fund - Retail Growth;INF209K01MJ3;;287.0425;287.0425;287.0425;13-May-2018
101974;Aditya Birla Sun Life Money Manager Fund - WEEKLY IDCW;;INF209K01SY9;100.1160;100.1160;100.1160;13-May-2018

HDFC Mutual Fund
101994;HDFC Money Market Fund - Daily IDCW Option;;INF179KB1IG6;1063.6400;1063.6400;1063.6400;13-May-2018
119093;HDFC Money Market Fund - Daily IDCW Option - Direct Plan;;INF179KB1HZ8;1063.6400;1063.6400;1063.6400;13-May-2018
101993;HDFC Money Market Fund - Growth Option;INF179KB1HR5;;3627.2334;3627.2334;3627.2334;13-May-2018
119092;HDFC Money Market Fund - Growth Option - Direct Plan;INF179KB1HU9;;3653.2387;3653.2387;3653.2387;13-May-2018
101995;HDFC Money Market Fund - Weekly IDCW Option;INF179KB1IH4;INF179KB1II2;1062.8650;1062.8650;1062.8650;13-May-2018
119094;HDFC Money Market Fund - Weekly IDCW Option -Direct Plan;INF179KB1IA9;INF179KB1IB7;1062.8767;1062.8767;1062.8767;13-May-2018

ICICI Prudential Mutual Fund
130946;ICICI Prudential Money Market Fund - Direct Plan Bonus;INF109KA1H85;;130.3687;130.3687;130.3687;13-May-2018
115328;ICICI Prudential Money Market Fund Dividend;INF109K01I72;;100.1098;100.1098;100.1098;13-May-2018
120209;ICICI Prudential Money Market Fund Option - Direct Plan -  Daily IDCW;;INF109K01R22;100.1435;100.1435;100.1435;13-May-2018
120210;ICICI Prudential Money Market Fund Option - Direct Plan -  Fortnightly IDCW;INF109K01R55;;100.9063;100.9063;100.9063;13-May-2018
120211;ICICI Prudential Money Market Fund Option - Direct Plan -  Growth;INF109K01R14;;242.4213;242.4213;242.4213;13-May-2018
120216;ICICI Prudential Money Market Fund Option - Direct Plan -  IDCW Others;INF109K01R30;;123.4140;123.4140;123.4140;13-May-2018
120213;ICICI Prudential Money Market Fund Option - Direct Plan -  Monthly IDCW;INF109K01R63;INF109K01R71;100.6889;100.6889;100.6889;13-May-2018
120212;ICICI Prudential Money Market Fund Option - Direct Plan -  Weekly IDCW;INF109K01R89;;100.5673;100.5673;100.5673;13-May-2018
101221;ICICI Prudential Money Market Fund Retail Growth (erstwhile Cash Option);INF109K01TW3;;266.7865;266.7865;266.7865;13-May-2018
103634;ICICI Prudential Money Market Fund Option - Daily IDCW;INF109K01TY9;;100.1295;100.1295;100.1295;13-May-2018
103633;ICICI Prudential Money Market Fund Option - Growth;INF109K01TX1;;241.4384;241.4384;241.4384;13-May-2018
130013;ICICI Prudential Money Market Fund Option - IDCW Others;INF109K01I64;;123.1058;123.1058;123.1058;13-May-2018
103637;ICICI Prudential Money Market Fund Option - Monthly IDCW;INF109K01UC3;INF109K01UB5;100.5357;100.5357;100.5357;13-May-2018
103635;ICICI Prudential Money Market Fund Option - Weekly IDCW;INF109K01TZ6;;100.1877;100.1877;100.1877;13-May-2018
103636;ICICI Prudential Money Market Fund Option -Fortnightly IDCW;INF109K01UA7;;100.5138;100.5138;100.5138;13-May-2018

Kotak Mahindra Mutual Fund
106842;Kotak Money Market Fund - (Daily Reinvestment of Income Distribution cum capital withdrawal option);INF174K01ND0;;1011.62;1011.62;1011.62;13-May-2018
119745;Kotak Money Market Fund - (Daily Reinvestment of Income Distribution cum capital withdrawal option) - Direct;INF174K01MZ5;;1011.62;1011.62;1011.62;13-May-2018
101893;Kotak Money Market Fund - (Growth);INF174K01NA6;;2866.953;2866.953;2866.953;13-May-2018
119746;Kotak Money Market Fund - (Growth) - Direct;INF174K01MW2;;2874.5581;2874.5581;2874.5581;13-May-2018
101892;Kotak Money market Fund - (Monthly Payout of Income Distribution cum capital withdrawal option);INF174K018O0;INF174K01NB4;1006.9297;1006.9297;1006.9297;13-May-2018
119747;Kotak Money Market Fund - (Monthly Payout of Income Distribution cum capital withdrawal option) - Direct;INF174K019O8;INF174K01MX0;1012.304;1012.304;1012.304;13-May-2018
101894;Kotak Money Market Fund - (Weekly Reinvestment of Income Distribution cum capital withdrawal option);INF174K01NC2;;1013.0341;1013.0341;1013.0341;13-May-2018
119748;Kotak Money Market Fund - (Weekly Reinvestment of Income Distribution cum capital withdrawal option) - Direct;INF174K01MY8;;1022.7108;1022.7108;1022.7108;13-May-2018

Nippon India Mutual Fund
103050;NIPPON INDIA MONEY MARKET FUND - DAILY IDCW Option;;INF204K01UY6;1000.5100;1000.5100;1000.5100;13-May-2018
118718;NIPPON INDIA MONEY MARKET FUND - DIRECT Plan - DAILY IDCW Option;;INF204K01ZN8;1000.5100;1000.5100;1000.5100;13-May-2018
118720;NIPPON INDIA MONEY MARKET FUND - DIRECT Plan - MONTHLY IDCW Option;INF204K01ZQ1;INF204K01ZR9;1004.9300;1004.9300;1004.9300;13-May-2018
118716;NIPPON INDIA MONEY MARKET FUND - DIRECT Plan - QUARTERLY IDCW Option;INF204K01ZS7;INF204K01ZT5;1014.3254;1014.3254;1014.3254;13-May-2018
118717;NIPPON INDIA MONEY MARKET FUND - DIRECT Plan - WEEKLY IDCW Option;;INF204K01ZO6;1001.0197;1001.0197;1001.0197;13-May-2018
118715;Nippon India Money Market Fund - Direct Plan Growth Plan - Bonus Option;INF204K01G11;;1551.5308;1551.5308;1551.5308;13-May-2018
118719;Nippon India Money Market Fund - Direct Plan Growth Plan - Growth Option;INF204K01ZP3;;2638.5582;2638.5582;2638.5582;13-May-2018
103052;NIPPON INDIA MONEY MARKET FUND - MONTHLY IDCW Option;INF204K01VB2;INF204K01VC0;1004.8770;1004.8770;1004.8770;13-May-2018
112341;NIPPON INDIA MONEY MARKET FUND - QUARTERLY IDCW Option;INF204K01VD8;INF204K01VE6;1014.4262;1014.4262;1014.4262;13-May-2018
103051;NIPPON INDIA MONEY MARKET FUND - WEEKLY IDCW Option;;INF204K01UZ3;1001.0424;1001.0424;1001.0424;13-May-2018
103049;Nippon India Money Market Fund-Growth Plan-Bonus Option;INF204K01UX8;;1544.3234;1544.3234;1544.3234;13-May-2018
103048;Nippon India Money Market Fund-Growth Plan-Growth Option;INF204K01VA4;;2625.9300;2625.9300;2625.9300;13-May-2018

Tata Mutual Fund
119421;Tata Money Market Fund- Direct Plan - Daily Reinvestment of IDCW Option;;INF277K011C6;1114.5200;1114.5200;1114.5200;13-May-2018
119424;Tata Money Market Fund- Direct Plan- Growth Option;INF277K01PR6;;3229.3617;3229.3617;3229.3617;13-May-2018
101986;Tata Money Market Fund- Regular Plan - Daily Reinvestment of IDCW Option;;INF277K014C0;1114.5200;1114.5200;1114.5200;13-May-2018
101847;Tata Money Market Fund-Regular Plan - Growth Option;INF277K01LQ7;;3216.9770;3216.9770;3216.9770;13-May-2018

Open Ended Schemes ( Debt Scheme - Floater Fund )


Franklin Templeton Mutual Fund
118508;Franklin India Floating Rate Fund - Direct - Growth;INF090I01LK1;;27.3276;27.3276;27.3276;13-May-2018
118507;Franklin India Floating Rate Fund - Direct - IDCW ;INF090I01LL9;;10.0146;10.0146;10.0146;13-May-2018
101048;Franklin India Floating Rate Fund - Growth Plan;INF090I01LM7;;26.2431;26.2431;26.2431;13-May-2018
101044;Franklin India Floating Rate Fund - IDCW ;INF090I01LN5;;10.0127;10.0127;10.0127;13-May-2018

Open Ended Schemes ( Other Scheme - Other  ETFs )


DSP Mutual Fund
142589;DSP NIFTY 1D Rate Liquid ETF;;INF740KA1EU7;1000.0000;1000.0000;1000.0000;13-May-2018

Nippon India Mutual Fund
140086;Nippon India ETF Nifty 1D Rate Liquid BeES - DAILY IDCW Option;INF732E01037;;1000.0000;1000.0000;1000.0000;13-May-2018

Close Ended Schemes ( Income )


SBI Mutual Fund
128931;SBI DEBT FUND SERIES A - 16 DIRECT PLAN - GROWTH;INF200KA1AA0;;13.5832;N.A.;N.A.;13-May-2018
128933;SBI DEBT FUND SERIES A - 16 REGULAR PLAN - GROWTH;INF200KA1986;;13.5438;N.A.;N.A.;13-May-2018
129663;SBI DEBT FUND SERIES A - 23 DIRECT PLAN - GROWTH;INF200K010H9;;13.7738;N.A.;N.A.;13-May-2018
129664;SBI DEBT FUND SERIES A - 23 REGULAR PLAN - DIVIDEND;INF200K019G2;;13.6148;N.A.;N.A.;13-May-2018
129665;SBI DEBT FUND SERIES A - 23 REGULAR PLAN - GROWTH;INF200K018G4;;13.6151;N.A.;N.A.;13-May-2018
129848;SBI DEBT FUND SERIES A - 25 DIRECT PLAN - GROWTH;INF200KA1DU2;;13.5533;N.A.;N.A.;13-May-2018
129846;SBI DEBT FUND SERIES A - 25 REGULAR PLAN - DIVIDEND;INF200KA1DT4;;13.4897;N.A.;N.A.;13-May-2018
129847;SBI DEBT FUND SERIES A - 25 REGULAR PLAN - GROWTH;INF200KA1DS6;;13.4879;N.A.;N.A.;13-May-2018
129869;SBI DEBT FUND SERIES A - 26 (682 DAYS) DIRECT PLAN - GROWTH;INF200K012I3;;13.4617;N.A.;N.A.;13-May-2018
129871;SBI DEBT FUND SERIES A - 26 (682 DAYS) REGULAR PLAN - GROWTH;INF200K010I7;;13.3340;N.A.;N.A.;13-May-2018
129972;SBI DEBT FUND SERIES A - 27 (366 DAYS) DIRECT PLAN - GROWTH;INF200KA1EF1;;13.5168;N.A.;N.A.;13-May-2018
129974;SBI DEBT FUND SERIES A - 27 (366 DAYS) REGULAR PLAN - GROWTH;INF200KA1EH7;;13.4556;N.A.;N.A.;13-May-2018
130026;SBI DEBT FUND SERIES A - 28 (367 DAYS) - DIRECT PLAN - GROWTH;INF200KA1EO3;;13.5215;N.A.;N.A.;13-May-2018
130025;SBI DEBT FUND SERIES A - 28 (367 DAYS) - REGULAR PLAN - GROWTH;INF200KA1EM7;;13.4633;N.A.;N.A.;13-May-2018
130238;SBI DEBT FUND SERIES A - 31 (367 DAYS) DIRECT PLAN - GROWTH;INF200KA1EW6;;13.4067;N.A.;N.A.;13-May-2018
130237;SBI DEBT FUND SERIES A - 31 (367 DAYS) REGULAR PLAN - GROWTH;INF200KA1EU0;;13.3528;N.A.;N.A.;13-May-2018
130283;SBI DEBT FUND SERIES A - 32 (367 DAYS) DIRECT PLAN - GROWTH;INF200KA1FA9;;13.3891;N.A.;N.A.;13-May-2018
130284;SBI DEBT FUND SERIES A - 32 (367 DAYS) REGULAR PLAN - DIVIDEND;INF200KA1EZ9;;13.3356;N.A.;N.A.;13-May-2018
130281;SBI DEBT FUND SERIES A - 32 (367 DAYS) REGULAR PLAN - GROWTH;INF200KA1EY2;;13.3353;N.A.;N.A.;13-May-2018
130322;SBI DEBT FUND SERIES A - 34 (367 DAYS) DIRECT PLAN - GROWTH;INF200KA1FE1;;13.3650;N.A.;N.A.;13-May-2018
130323;SBI DEBT FUND SERIES A - 34 (367 DAYS) REGULAR PLAN - GROWTH;INF200KA1FC5;;13.3114;N.A.;N.A.;13-May-2018
130445;SBI DEBT FUND SERIES A - 35 (369 DAYS) DIRECT PLAN - GROWTH;INF200KA1FM4;;13.4773;N.A.;N.A.;13-May-2018
130442;SBI DEBT FUND SERIES A - 35 (369 DAYS) REGULAR PLAN - GROWTH;INF200KA1FK8;;13.3471;N.A.;N.A.;13-May-2018
130599;SBI DEBT FUND SERIES A - 36 (36 Months) DIRECT PLAN - DIVIDEND;INF200K017M4;;13.5621;N.A.;N.A.;13-May-2018
130601;SBI DEBT FUND SERIES A - 36 (36 Months) DIRECT PLAN - GROWTH;INF200K016M6;;13.5613;N.A.;N.A.;13-May-2018
130600;SBI DEBT FUND SERIES A - 36 (36 Months) REGULAR PLAN - DIVIDEND;INF200K015M8;;13.4070;N.A.;N.A.;13-May-2018
130602;SBI DEBT FUND SERIES A - 36 (36 Months) REGULAR PLAN - GROWTH;INF200K014M1;;13.4069;N.A.;N.A.;13-May-2018
134626;SBI Debt Fund Series B - 16 (1100 Days) - Direct Plan - Dividend;INF200KA1CN9;;12.6648;N.A.;N.A.;13-May-2018
134623;SBI Debt Fund Series B - 16 (1100 Days) - Regular Plan - Growth;INF200KA1CK5;;12.5317;N.A.;N.A.;13-May-2018
134624;SBI Debt Fund Series B -16 (1100 Days) - Direct Plan - Growth;INF200KA1CM1;;12.6645;N.A.;N.A.;13-May-2018
134625;SBI Debt Fund Series B -16 (1100 Days) - Regular Plan - Dividend;INF200KA1CL3;;12.5316;N.A.;N.A.;13-May-2018
134671;SBI DEBT FUND SERIES B - 17 (1100 DAYS) - DIRECT PLAN - DIVIDEND;INF200KA1CZ3;;12.6527;N.A.;N.A.;13-May-2018
134670;SBI DEBT FUND SERIES B - 17 (1100 DAYS) - DIRECT PLAN - GROWTH;INF200KA1CY6;;12.6506;N.A.;N.A.;13-May-2018
134669;SBI DEBT FUND SERIES B - 17 (1100 DAYS) - REGULAR PLAN - DIVIDEND;INF200KA1CX8;;12.5187;N.A.;N.A.;13-May-2018
134672;SBI DEBT FUND SERIES B - 17 (1100 DAYS) - REGULAR PLAN - GROWTH;INF200KA1CW0;;12.5187;N.A.;N.A.;13-May-2018
134688;SBI DEBT FUND SERIES B - 18 (1100 DAYS) - DIRECT PLAN - DIVIDEND;INF200KA1ED6;;12.6084;N.A.;N.A.;13-May-2018
134689;SBI DEBT FUND SERIES B - 18 (1100 DAYS) - DIRECT PLAN - GROWTH;INF200KA1EC8;;12.6050;N.A.;N.A.;13-May-2018
134687;SBI DEBT FUND SERIES B - 18 (1100 DAYS) - REGULAR PLAN - DIVIDEND;INF200KA1EB0;;12.4761;N.A.;N.A.;13-May-2018
134690;SBI DEBT FUND SERIES B - 18 (1100 DAYS) - REGULAR PLAN - GROWTH;INF200KA1EA2;;12.4744;N.A.;N.A.;13-May-2018
134771;SBI DEBT FUND SERIES B - 19 (1100 Days) - DIRECT PLAN - DIVIDEND;INF200KA1EI5;;12.6437;N.A.;N.A.;13-May-2018
134770;SBI DEBT FUND SERIES B - 19 (1100 Days) - DIRECT PLAN - GROWTH;INF200KA1EJ3;;12.6433;N.A.;N.A.;13-May-2018
134769;SBI DEBT FUND SERIES B - 19 (1100 Days) - REGULAR PLAN - DIVIDEND;INF200KA1EK1;;12.5140;N.A.;N.A.;13-May-2018
134768;SBI DEBT FUND SERIES B - 19 (1100 Days) - REGULAR PLAN - GROWTH;INF200KA1EL9;;12.5140;N.A.;N.A.;13-May-2018
134810;SBI DEBT FUND SERIES B - 20 (1100 DAYS) - DIRECT PLAN - DIVIDEND;INF200KA1ET2;;12.6227;N.A.;N.A.;13-May-2018
134809;SBI DEBT FUND SERIES B - 20 (1100 DAYS) - DIRECT PLAN - GROWTH;INF200KA1ES4;;12.6226;N.A.;N.A.;13-May-2018
134811;SBI DEBT FUND SERIES B - 20 (1100 DAYS) - REGULAR PLAN - DIVIDEND;INF200KA1ER6;;12.4943;N.A.;N.A.;13-May-2018
134808;SBI DEBT FUND SERIES B - 20 (1100 DAYS) - REGULAR PLAN - GROWTH;INF200KA1EQ8;;12.4942;N.A.;N.A.;13-May-2018
135065;SBI DEBT FUND SERIES B - 22 (1100 DAYS) - DIRECT PLAN - DIVIDEND;INF200KA1FR3;;12.5181;N.A.;N.A.;13-May-2018
135063;SBI DEBT FUND SERIES B - 22 (1100 DAYS) - DIRECT PLAN - GROWTH;INF200KA1FQ5;;12.5179;N.A.;N.A.;13-May-2018
135062;SBI DEBT FUND SERIES B - 22 (1100 DAYS) - REGULAR PLAN - DIVIDEND;INF200KA1FP7;;12.3941;N.A.;N.A.;13-May-2018
135064;SBI DEBT FUND SERIES B - 22 (1100 DAYS) - REGULAR PLAN - GROWTH;INF200KA1FO0;;12.3941;N.A.;N.A.;13-May-2018
135104;SBI DEBT FUND SERIES B - 23 (1100 DAYS) - DIRECT PLAN - GROWTH;INF200KA1FV5;;12.4775;N.A.;N.A.;13-May-2018
135103;SBI DEBT FUND SERIES B - 23 (1100 DAYS) - DIRECT PLAN -DIVIDEND;INF200KA1FW3;;12.4774;N.A.;N.A.;13-May-2018
135102;SBI DEBT FUND SERIES B - 23 (1100 DAYS) - REGULAR PLAN - DIVIDEND;INF200KA1FU7;;12.3585;N.A.;N.A.;13-May-2018
135105;SBI DEBT FUND SERIES B - 23 (1100 DAYS) - REGULAR PLAN - GROWTH;INF200KA1FT9;;12.3585;N.A.;N.A.;13-May-2018
135326;SBI DEBT FUND SERIES B - 25 (1100 DAYS) - DIRECT PLAN - DIVIDEND;INF200KA1GI0;;12.4015;N.A.;N.A.;13-May-2018
135324;SBI DEBT FUND SERIES B - 25 (1100 DAYS) - DIRECT PLAN - GROWTH;INF200KA1GH2;;12.4011;N.A.;N.A.;13-May-2018
135327;SBI DEBT FUND SERIES B - 25 (1100 DAYS) - REGULAR PLAN - DIVIDEND;INF200KA1GG4;;12.2833;N.A.;N.A.;13-May-2018
135325;SBI DEBT FUND SERIES B - 25 (1100 DAYS) - REGULAR PLAN - GROWTH;INF200KA1GF6;;12.2833;N.A.;N.A.;13-May-2018
135565;SBI DEBT FUND SERIES B - 26 (1100 DAYS) - DIRECT PLAN - DIVIDEND;INF200KA1GU5;;12.1612;N.A.;N.A.;13-May-2018
135564;SBI DEBT FUND SERIES B - 26 (1100 DAYS) - DIRECT PLAN - GROWTH;INF200KA1GT7;;12.1612;N.A.;N.A.;13-May-2018
135563;SBI DEBT FUND SERIES B - 26 (1100 DAYS) - REGULAR PLAN - DIVIDEND;INF200KA1GS9;;12.0517;N.A.;N.A.;13-May-2018
135566;SBI DEBT FUND SERIES B - 26 (1100 DAYS) - REGULAR PLAN - GROWTH;INF200KA1GR1;;12.0517;N.A.;N.A.;13-May-2018
135708;SBI DEBT FUND SERIES B - 27 (1100 DAYS) - DIRECT PLAN - DIVIDEND;INF200KA1GY7;;12.0785;N.A.;N.A.;13-May-2018
135710;SBI DEBT FUND SERIES B - 27 (1100 DAYS) - DIRECT PLAN - GROWTH;INF200KA1GX9;;12.0784;N.A.;N.A.;13-May-2018
135707;SBI DEBT FUND SERIES B - 27 (1100 DAYS) - REGULAR PLAN - DIVIDEND;INF200KA1GW1;;11.9726;N.A.;N.A.;13-May-2018
135709;SBI DEBT FUND SERIES B - 27 (1100 DAYS) - REGULAR PLAN - GROWTH;INF200KA1GV3;;11.9727;N.A.;N.A.;13-May-2018
135788;SBI DEBT FUND SERIES B - 28 (1100 DAYS) - DIRECT PLAN - DIVIDEND;INF200KA1HG2;;12.0533;N.A.;N.A.;13-May-2018
135786;SBI DEBT FUND SERIES B - 28 (1100 DAYS) - DIRECT PLAN - GROWTH;INF200KA1HF4;;12.0536;N.A.;N.A.;13-May-2018
135785;SBI DEBT FUND SERIES B - 28 (1100 DAYS) - REGULAR PLAN - DIVIDEND;INF200KA1HE7;;11.9487;N.A.;N.A.;13-May-2018
135787;SBI DEBT FUND SERIES B - 28 (1100 DAYS) - REGULAR PLAN - GROWTH;INF200KA1HD9;;11.9493;N.A.;N.A.;13-May-2018
135904;SBI DEBT FUND SERIES B - 29 (1200 DAYS) - DIRECT PLAN - DIVIDEND;INF200KA1HK4;;12.0432;N.A.;N.A.;13-May-2018
135905;SBI DEBT FUND SERIES B - 29 (1200 DAYS) - DIRECT PLAN - GROWTH;INF200KA1HJ6;;12.0437;N.A.;N.A.;13-May-2018
135903;SBI DEBT FUND SERIES B - 29 (1200 DAYS) - REGULAR PLAN - DIVIDEND;INF200KA1HI8;;11.9422;N.A.;N.A.;13-May-2018
135902;SBI DEBT FUND SERIES B - 29 (1200 DAYS) - REGULAR PLAN - GROWTH;INF200KA1HH0;;11.9422;N.A.;N.A.;13-May-2018
136143;SBI DEBT FUND SERIES B - 31 (1200 DAYS) - DIRECT PLAN - DIVIDEND;INF200KA1HW9;;11.9212;N.A.;N.A.;13-May-2018
136142;SBI DEBT FUND SERIES B - 31 (1200 DAYS) - DIRECT PLAN - GROWTH;INF200KA1HV1;;11.9214;N.A.;N.A.;13-May-2018
136144;SBI DEBT FUND SERIES B - 31 (1200 DAYS) - REGULAR PLAN - DIVIDEND;INF200KA1HU3;;11.8260;N.A.;N.A.;13-May-2018
136141;SBI DEBT FUND SERIES B - 31 (1200 DAYS) - REGULAR PLAN - GROWTH;INF200KA1HT5;;11.8262;N.A.;N.A.;13-May-2018
136431;SBI DEBT FUND SERIES B - 33 (1131 DAYS) - DIRECT PLAN - DIVIDEND PAYOUT;INF200KA1II6;;11.8508;N.A.;N.A.;13-May-2018
136432;SBI DEBT FUND SERIES B - 33 (1131 DAYS) - DIRECT PLAN - GROWTH;INF200KA1IH8;;11.8544;N.A.;N.A.;13-May-2018
136434;SBI DEBT FUND SERIES B - 33 (1131 DAYS) - REGULAR PLAN - DIVIDEND PAYOUT;INF200KA1IG0;;11.7621;N.A.;N.A.;13-May-2018
136433;SBI DEBT FUND SERIES B - 33 (1131 DAYS) - REGULAR PLAN - GROWTH;INF200KA1IF2;;11.7621;N.A.;N.A.;13-May-2018
136477;SBI DEBT FUND SERIES B - 34 (1131 DAYS) - DIRECT PLAN - DIVIDEND PAYOUT;INF200KA1IM8;;11.8184;N.A.;N.A.;13-May-2018
136476;SBI DEBT FUND SERIES B - 34 (1131 DAYS) - DIRECT PLAN - GROWTH;INF200KA1IL0;;11.8202;N.A.;N.A.;13-May-2018
136475;SBI DEBT FUND SERIES B - 34 (1131 DAYS) - REGULAR PLAN - DIVIDEND PAYOUT;INF200KA1IK2;;11.7292;N.A.;N.A.;13-May-2018
136474;SBI DEBT FUND SERIES B - 34 (1131 DAYS) - REGULAR PLAN - GROWTH;INF200KA1IJ4;;11.7292;N.A.;N.A.;13-May-2018
136547;SBI DEBT FUND SERIES B - 35 (1131 DAYS) - DIRECT PLAN - DIVIDEND PAYOUT;INF200KA1IQ9;;11.7997;N.A.;N.A.;13-May-2018
136548;SBI DEBT FUND SERIES B - 35 (1131 DAYS) - DIRECT PLAN - GROWTH;INF200KA1IP1;;11.8023;N.A.;N.A.;13-May-2018
136546;SBI DEBT FUND SERIES B - 35 (1131 DAYS) - REGULAR PLAN - DIVIDEND PAYOUT;INF200KA1IO4;;11.7123;N.A.;N.A.;13-May-2018
136545;SBI DEBT FUND SERIES B - 35 (1131 DAYS) - REGULAR PLAN - GROWTH;INF200KA1IN6;;11.7121;N.A.;N.A.;13-May-2018
139226;SBI DEBT FUND SERIES B - 36 (1131 DAYS) - DIRECT PLAN - DIVIDEND PAYOUT;INF200KA1IY3;;11.7325;N.A.;N.A.;13-May-2018
139227;SBI DEBT FUND SERIES B - 36 (1131 DAYS) - DIRECT PLAN - GROWTH;INF200KA1IX5;;11.7331;N.A.;N.A.;13-May-2018
139225;SBI DEBT FUND SERIES B - 36 (1131 DAYS) - REGULAR PLAN - DIVIDEND PAYOUT;INF200KA1IW7;;11.6449;N.A.;N.A.;13-May-2018
139228;SBI DEBT FUND SERIES B- 36 (1131 DAYS) - REGULAR PLAN - GROWTH;INF200KA1IV9;;11.6448;N.A.;N.A.;13-May-2018
139403;SBI DEBT FUND SERIES B - 41(1100 DAYS)- DIRECT PLAN - DIVIDEND PAYOUT;INF200KA1JS3;;11.5490;N.A.;N.A.;13-May-2018
139406;SBI DEBT FUND SERIES B - 41(1100 DAYS)- DIRECT PLAN - GROWTH;INF200KA1JR5;;11.5488;N.A.;N.A.;13-May-2018
139405;SBI DEBT FUND SERIES B - 41(1100 DAYS)- REGULAR PALN - GROWTH;INF200KA1JP9;;11.4693;N.A.;N.A.;13-May-2018
139404;SBI DEBT FUND SERIES B - 41(1100 DAYS)- REGULAR PLAN - DIVIDEND PAYOUT;INF200KA1JQ7;;11.4694;N.A.;N.A.;13-May-2018
139565;SBI DEBT FUNDS SERIES B - 42 (1100 DAYS) - DIRECT PLAN - DIVIDEND PAYOUT;INF200KA1KB7;;11.3898;N.A.;N.A.;13-May-2018
139567;SBI DEBT FUNDS SERIES B - 42 (1100 DAYS) - DIRECT PLAN - GROWTH;INF200KA1KA9;;11.3898;N.A.;N.A.;13-May-2018
139564;SBI DEBT FUNDS SERIES B - 42 (1100 DAYS) - REGULAR PLAN - DIVIDEND PAYOUT;INF200KA1JZ8;;11.3155;N.A.;N.A.;13-May-2018
139566;SBI DEBT FUNDS SERIES B - 42 (1100 DAYS) - REGULAR PLAN - GROWTH;INF200KA1JY1;;11.3155;N.A.;N.A.;13-May-2018
139790;SBI DEBT FUND SERIES B - 43(1100 DAYS)- DIRECT PLAN - DIVIDEND PAYOUT;INF200KA1KR3;;11.2177;N.A.;N.A.;13-May-2018
139791;SBI DEBT FUND SERIES B - 43(1100 DAYS)- DIRECT PLAN - GROWTH;INF200KA1KQ5;;11.2177;N.A.;N.A.;13-May-2018
139789;SBI DEBT FUND SERIES B - 43(1100 DAYS)- REGULAR PLAN - GROWTH;INF200KA1KO0;;11.1493;N.A.;N.A.;13-May-2018
139788;SBI DEBT FUND SERIES B - 43(1100 DAYS)-REGULAR PLAN - DIVIDEND PAYOUT;INF200KA1KP7;;11.1493;N.A.;N.A.;13-May-2018
140012;SBI Debt Fund Series B - 44 (1100 Days) - Direct Plan - Dividend;INF200KA1LD1;;11.0370;N.A.;N.A.;13-May-2018
140011;SBI Debt Fund Series B - 44 (1100 Days) - Direct plan - Growth;INF200KA1LC3;;11.0370;N.A.;N.A.;13-May-2018
140014;SBI Debt Fund Series B - 44 (1100 Days) - Regular Plan - Dividend;INF200KA1LB5;;10.9745;N.A.;N.A.;13-May-2018
140013;SBI Debt Fund Series B - 44 (1100 Days) - Regular Plan - Growth;INF200KA1LA7;;10.9745;N.A.;N.A.;13-May-2018
140736;SBI DEBT FUND SERIES B - 46 (1155 DAYS) - DIRECT PLAN - DIVIDEND PAYOUT;INF200KA1MB3;;10.7331;N.A.;N.A.;13-May-2018
140735;SBI DEBT FUND SERIES B - 46 (1155 DAYS) - DIRECT PLAN - GROWTH;INF200KA1MA5;;10.7329;N.A.;N.A.;13-May-2018
140734;SBI DEBT FUND SERIES B - 46 (1155 DAYS) - REGULAR PLAN - DIVIDEND PAYOUT;INF200KA1LZ4;;10.6972;N.A.;N.A.;13-May-2018
140733;SBI DEBT FUND SERIES B - 46 (1155 DAYS) - REGULAR PLAN - GROWTH;INF200KA1LY7;;10.6977;N.A.;N.A.;13-May-2018
140764;SBI DEBT FUND SERIES B - 49 (1170 DAYS) - DIRECT PLAN - DIVIDEND PAYOUT;INF200KA1MV1;;10.7290;N.A.;N.A.;13-May-2018
140761;SBI DEBT FUND SERIES B - 49 (1170 DAYS) - DIRECT PLAN - GROWTH;INF200KA1MU3;;10.7290;N.A.;N.A.;13-May-2018
140762;SBI DEBT FUND SERIES B - 49 (1170 DAYS) - REGULAR PLAN - DIVIDEND PAYOUT;INF200KA1MT5;;10.6950;N.A.;N.A.;13-May-2018
140763;SBI DEBT FUND SERIES B - 49 (1170 DAYS) - REGULAR PLAN - GROWTH;INF200KA1MS7;;10.6947;N.A.;N.A.;13-May-2018
141525;SBI DEBT FUND SERIES C - 1 (1100 DAYS) - DIRECT PLAN - DIVIDEND PAYOUT;INF200KA1PX0;;10.4730;N.A.;N.A.;13-May-2018
141524;SBI DEBT FUND SERIES C - 1 (1100 DAYS) - DIRECT PLAN - GROWTH;INF200KA1PW2;;10.4731;N.A.;N.A.;13-May-2018
141523;SBI DEBT FUND SERIES C - 1 (1100 DAYS) - REGULAR PLAN - DIVIDEND PAYOUT;INF200KA1PV4;;10.4381;N.A.;N.A.;13-May-2018
141522;SBI DEBT FUND SERIES C - 1 (1100 DAYS) - REGULAR PLAN - GROWTH;INF200KA1PU6;;10.4376;N.A.;N.A.;13-May-2018
142551;SBI Debt Fund Series - C - 10 (1150 Days) - Direct Plan - Income Distribution cum Capital Withdrawal Option (IDCW);INF200KA1SR6;;10.0610;N.A.;N.A.;13-May-2018
142552;SBI Debt Fund Series - C - 10 (1150 Days) - Regular Plan - Income Distribution cum Capital Withdrawal Option (IDCW);INF200KA1SP0;;10.0530;N.A.;N.A.;13-May-2018
142550;SBI DEBT FUND SERIES C - 10 (1150 DAYS) - DIRECT PLAN - GROWTH;INF200KA1SQ8;;10.0610;N.A.;N.A.;13-May-2018
142553;SBI DEBT FUND SERIES C - 10 (1150 DAYS) - REGULAR PLAN - GROWTH;INF200KA1SO3;;10.0530;N.A.;N.A.;13-May-2018
142866;SBI DEBT FUND SERIES C - 11 (91 DAYS) - DIRECT PLAN - DIVIDEND PAYOUT;INF200KA1SZ9;;10.1272;N.A.;N.A.;13-May-2018
142868;SBI DEBT FUND SERIES C - 11 (91 DAYS) - DIRECT PLAN - GROWTH;INF200KA1SY2;;10.1272;N.A.;N.A.;13-May-2018
142867;SBI DEBT FUND SERIES C - 11 (91 DAYS) - REGULAR PLAN - DIVIDEND PAYOUT;INF200KA1SX4;;10.1252;N.A.;N.A.;13-May-2018
142865;SBI DEBT FUND SERIES C - 11 (91 DAYS) - REGULAR PLAN - GROWTH;INF200KA1SW6;;10.1252;N.A.;N.A.;13-May-2018
142872;SBI Debt Fund Series - C - 12 (1122 Days) - Direct Plan - Income Distribution cum Capital Withdrawal Option (IDCW);INF200KA1TD4;;10.0010;N.A.;N.A.;13-May-2018
142870;SBI Debt Fund Series - C - 12 (1122 Days) - Regular Plan - Income Distribution cum Capital Withdrawal Option (IDCW);INF200KA1TB8;;9.9950;N.A.;N.A.;13-May-2018
142871;SBI DEBT FUND SERIES C - 12 (1122 DAYS) - DIRECT PLAN - GROWTH;INF200KA1TC6;;10.0009;N.A.;N.A.;13-May-2018
142869;SBI DEBT FUND SERIES C - 12 (1122 DAYS) - REGULAR PLAN - GROWTH;INF200KA1TA0;;9.9950;N.A.;N.A.;13-May-2018
142955;SBI DEBT FUND SERIES C - 13 (91 DAYS) - DIRECT PLAN - DIVIDEND PAYOUT;INF200KA1TH5;;10.1076;N.A.;N.A.;13-May-2018
142953;SBI DEBT FUND SERIES C - 13 (91 DAYS) - DIRECT PLAN - GROWTH;INF200KA1TG7;;10.1073;N.A.;N.A.;13-May-2018
142956;SBI DEBT FUND SERIES C - 13 (91 DAYS) - REGULAR PLAN - DIVIDEND PAYOUT;INF200KA1TF9;;10.1055;N.A.;N.A.;13-May-2018
142954;SBI DEBT FUND SERIES C - 13 (91 DAYS) - REGULAR PLAN - GROWTH;INF200KA1TE2;;10.1055;N.A.;N.A.;13-May-2018
142960;SBI Debt Fund Series - C - 14 (1122 Days) - Direct Plan - Income Distribution cum Capital Withdrawal Option (IDCW);INF200KA1TL7;;9.9937;N.A.;N.A.;13-May-2018
142957;SBI Debt Fund Series - C - 14 (1122 Days) - Regular Plan - Income Distribution cum Capital Withdrawal Option (IDCW);INF200KA1TJ1;;9.9896;N.A.;N.A.;13-May-2018
142959;SBI DEBT FUND SERIES C - 14 (1122 DAYS) - DIRECT PLAN - GROWTH;INF200KA1TK9;;9.9938;N.A.;N.A.;13-May-2018
142958;SBI DEBT FUND SERIES C - 14 (1122 DAYS) - REGULAR PLAN - GROWTH;INF200KA1TI3;;9.9885;N.A.;N.A.;13-May-2018
141746;SBI DEBT FUND SERIES C - 2 (1100 DAYS) - DIRECT PLAN - DIVIDEND PAYOUT;INF200KA1RH9;;10.2745;N.A.;N.A.;13-May-2018
141745;SBI DEBT FUND SERIES C - 2 (1100 DAYS) - DIRECT PLAN - GROWTH;INF200KA1RG1;;10.2745;N.A.;N.A.;13-May-2018
141744;SBI DEBT FUND SERIES C - 2 (1100 DAYS) - REGULAR PLAN - DIVIDEND PAYOUT;INF200KA1RF3;;10.2457;N.A.;N.A.;13-May-2018
141747;SBI DEBT FUND SERIES C - 2 (1100 DAYS) - REGULAR PLAN - GROWTH;INF200KA1RE6;;10.2458;N.A.;N.A.;13-May-2018
142178;SBI Debt Fund Series - C - 7 (1190 Days) - Direct Plan - Income Distribution cum Capital Withdrawal Option (IDCW);INF200KA1SB0;;10.1132;N.A.;N.A.;13-May-2018
142180;SBI Debt Fund Series - C - 7 (1190 Days) - Regular Plan - Income Distribution cum Capital Withdrawal Option (IDCW);INF200KA1RZ1;;10.1003;N.A.;N.A.;13-May-2018
142177;SBI DEBT FUND SERIES C - 7 (1190 DAYS) - DIRECT PLAN - GROWTH;INF200KA1SA2;;10.1132;N.A.;N.A.;13-May-2018
142179;SBI DEBT FUND SERIES C - 7 (1190 DAYS) - REGULAR PLAN - GROWTH;INF200KA1RY4;;10.1003;N.A.;N.A.;13-May-2018
142333;SBI Debt Fund Series - C - 8 (1175 Days) - Direct Plan - Income Distribution cum Capital Withdrawal Option (IDCW);INF200KA1SJ3;;10.0958;N.A.;N.A.;13-May-2018
142331;SBI Debt Fund Series - C - 8 (1175 Days) - Regular Plan - Income Distribution cum Capital Withdrawal Option (IDCW);INF200KA1SH7;;10.0850;N.A.;N.A.;13-May-2018
142330;SBI DEBT FUND SERIES C - 8 (1175 DAYS) - REGULAR PLAN - GROWTH;INF200KA1SG9;;10.0850;N.A.;N.A.;13-May-2018
142332;SBI DEBT FUND SERIES C -8 (1175 DAYS) - DIRECT PLAN - GROWTH;INF200KA1SI5;;10.0958;N.A.;N.A.;13-May-2018
142487;SBI Debt Fund Series - C - 9 (1150 Days) - Direct Plan - Income Distribution cum Capital Withdrawal Option (IDCW);INF200KA1SN5;;10.0685;N.A.;N.A.;13-May-2018
142486;SBI Debt Fund Series - C - 9 (1150 Days) - Regular Plan - Income Distribution cum Capital Withdrawal Option (IDCW);INF200KA1SL9;;10.0599;N.A.;N.A.;13-May-2018
142485;SBI DEBT FUND SERIES C - 9 (1150 DAYS) - DIRECT PLAN - GROWTH;INF200KA1SM7;;10.0685;N.A.;N.A.;13-May-2018
142488;SBI DEBT FUND SERIES C - 9 (1150 DAYS) - REGULAR PLAN - GROWTH;INF200KA1SK1;;10.0599;N.A.;N.A.;13-May-2018
130023;SBI Dual Advantage Fund - Series III - Direct Plan - Dividend;INF200K015J4;;12.8943;N.A.;N.A.;13-May-2018
130024;SBI Dual Advantage Fund - Series III - Direct Plan - Growth;INF200K014J7;;13.1609;N.A.;N.A.;13-May-2018
130022;SBI Dual Advantage Fund - Series III - Regular Plan - Dividend;INF200K013J9;;12.8243;N.A.;N.A.;13-May-2018
130021;SBI Dual Advantage Fund - Series III - Regular Plan - Growth;INF200K012J1;;12.8229;N.A.;N.A.;13-May-2018
134613;SBI DUAL ADVANTAGE FUND - SERIES IX - DIRECT PLAN - DIVIDEND;INF200KA1CB4;;12.4713;N.A.;N.A.;13-May-2018
134614;SBI DUAL ADVANTAGE FUND - SERIES IX - DIRECT PLAN - GROWTH;INF200KA1CA6;;12.4714;N.A.;N.A.;13-May-2018
134612;SBI DUAL ADVANTAGE FUND - SERIES IX - REGULAR PLAN - DIVIDEND;INF200KA1BZ5;;12.0599;N.A.;N.A.;13-May-2018
134611;SBI DUAL ADVANTAGE FUND - SERIES IX - REGULAR PLAN - GROWTH;INF200KA1BY8;;12.0598;N.A.;N.A.;13-May-2018
135155;SBI DUAL ADVANTAGE FUND - SERIES X - DIRECT PLAN - DIVIDEND;INF200KA1GE9;;12.4311;N.A.;N.A.;13-May-2018
135154;SBI DUAL ADVANTAGE FUND - SERIES X - DIRECT PLAN - GROWTH;INF200KA1GD1;;12.4311;N.A.;N.A.;13-May-2018
135156;SBI DUAL ADVANTAGE FUND - SERIES X - REGULAR PLAN - DIVIDEND;INF200KA1GC3;;12.0048;N.A.;N.A.;13-May-2018
135153;SBI DUAL ADVANTAGE FUND - SERIES X - REGULAR PLAN - GROWTH;INF200KA1GB5;;12.0049;N.A.;N.A.;13-May-2018
135377;SBI DUAL ADVANTAGE FUND - SERIES XI - DIRECT PLAN - DIVIDEND;INF200KA1GM2;;12.3225;N.A.;N.A.;13-May-2018
135376;SBI DUAL ADVANTAGE FUND - SERIES XI - DIRECT PLAN - GROWTH;INF200KA1GL4;;12.3226;N.A.;N.A.;13-May-2018
135379;SBI DUAL ADVANTAGE FUND - SERIES XI - REGULAR PLAN - DIVIDEND;INF200KA1GK6;;11.9566;N.A.;N.A.;13-May-2018
135378;SBI DUAL ADVANTAGE FUND - SERIES XI - REGULAR PLAN - GROWTH;INF200KA1GJ8;;11.9565;N.A.;N.A.;13-May-2018
135777;SBI DUAL ADVANATGE FUND - SERIES XII - REGULAR PLAN - DIVIDEND;INF200KA1HA5;;11.9894;N.A.;N.A.;13-May-2018
135780;SBI DUAL ADVANTAGE FUND - SERIES XII - DIRECT PLAN - DIVIDEND;INF200KA1HC1;;12.2710;N.A.;N.A.;13-May-2018
135778;SBI DUAL ADVANTAGE FUND - SERIES XII - DIRECT PLAN - GROWTH;INF200KA1HB3;;12.2710;N.A.;N.A.;13-May-2018
135779;SBI DUAL ADVANTAGE FUND - SERIES XII - REGULAR PLAN - GROWTH;INF200KA1GZ4;;11.9900;N.A.;N.A.;13-May-2018
136044;SBI DUAL ADVANTAGE FUND - SERIES XIII - DIRECT PLAN - DIVIDEND;INF200KA1HS7;;12.2518;N.A.;N.A.;13-May-2018
136043;SBI DUAL ADVANTAGE FUND - SERIES XIII - DIRECT PLAN - GROWTH;INF200KA1HR9;;12.2518;N.A.;N.A.;13-May-2018
136045;SBI DUAL ADVANTAGE FUND - SERIES XIII - REGULAR PLAN - DIVIDEND;INF200KA1HQ1;;11.9856;N.A.;N.A.;13-May-2018
136042;SBI DUAL ADVANTAGE FUND - SERIES XIII - REGULAR PLAN - GROWTH;INF200KA1HP3;;11.9854;N.A.;N.A.;13-May-2018
140596;SBI DUAL ADVANTAGE FUND - SERIES XIX - DIRECT PLAN - DIVIDEND PAYOUT;INF200KA1LX9;;10.8913;N.A.;N.A.;13-May-2018
140597;SBI DUAL ADVANTAGE FUND - SERIES XIX - DIRECT PLAN - GROWTH;INF200KA1LW1;;10.8912;N.A.;N.A.;13-May-2018
140598;SBI DUAL ADVANTAGE FUND - SERIES XIX - REGULAR PLAN - DIVIDEND PAYOUT;INF200KA1LV3;;10.7946;N.A.;N.A.;13-May-2018
140595;SBI DUAL ADVANTAGE FUND - SERIES XIX - REGULAR PLAN - GROWTH;INF200KA1LU5;;10.7942;N.A.;N.A.;13-May-2018
139123;SBI Dual Advantage Fund - Series XV- Direct Plan - Growth;INF200KA1IT3;;11.7778;N.A.;N.A.;13-May-2018
139120;SBI Dual Advantage Fund - Series XV- Direct Plan -Dividend Payout;INF200KA1IU1;;11.7778;N.A.;N.A.;13-May-2018
139122;SBI Dual Advantage Fund - Series XV- Regular Plan - Dividend Payout;INF200KA1IS5;;11.5317;N.A.;N.A.;13-May-2018
139121;SBI Dual Advantage Fund - Series XV- Regular Plan - Growth;INF200KA1IR7;;11.5309;N.A.;N.A.;13-May-2018
139531;SBI Dual Advantage Fund - Series XVI - Direct Plan - Dividend Payout;INF200KA1JX3;;11.3347;N.A.;N.A.;13-May-2018
139526;SBI Dual Advantage Fund - Series XVI - Direct Plan - Growth;INF200KA1JW5;;11.3367;N.A.;N.A.;13-May-2018
139532;SBI Dual Advantage Fund - Series XVI - Regular Plan - Dividend Payout;INF200KA1JV7;;11.1813;N.A.;N.A.;13-May-2018
139533;SBI Dual Advantage Fund - Series XVI - Regular Plan - Growth;INF200KA1JU9;;11.1802;N.A.;N.A.;13-May-2018
139793;SBI Dual Advantage Fund  XVII - Direct Plan - Dividend Payout;INF200KA1KN2;;11.2529;N.A.;N.A.;13-May-2018
139792;SBI Dual Advantage Fund  XVII - Regular Plan - Growth;INF200KA1KK8;;11.1165;N.A.;N.A.;13-May-2018
139794;SBI Dual Advantage Fund - Series XVII - Direct Plan - growth;INF200KA1KM4;;11.2525;N.A.;N.A.;13-May-2018
139795;SBI Dual Advantage Fund - Series XVII - Regular Plan - Dividend Payout;INF200KA1KL6;;11.1185;N.A.;N.A.;13-May-2018
140393;SBI Dual Advantage Fund - Series XVIII - Direct Plan - Dividend Payout;INF200KA1LL4;;11.1136;N.A.;N.A.;13-May-2018
140396;SBI Dual Advantage Fund - Series XVIII - Direct Plan - Growth;INF200KA1LK6;;11.2044;N.A.;N.A.;13-May-2018
140395;SBI Dual Advantage Fund - Series XVIII - Regular Plan - Dividend Payout;INF200KA1LJ8;;11.0027;N.A.;N.A.;13-May-2018
140394;SBI Dual Advantage Fund - Series XVIII - Regular Plan - Growth;INF200KA1LI0;;11.0056;N.A.;N.A.;13-May-2018
141350;SBI DUAL ADVANTAGE FUND - SERIES XXII - DIRECT PLAN - DIVIDEND PAYOUT;INF200KA1OR5;;10.6178;N.A.;N.A.;13-May-2018
141348;SBI DUAL ADVANTAGE FUND - SERIES XXII - DIRECT PLAN - GROWTH;INF200KA1OQ7;;10.6178;N.A.;N.A.;13-May-2018
141347;SBI DUAL ADVANTAGE FUND - SERIES XXII - REGULAR PLAN - DIVIDEND PAYOUT;INF200KA1OP9;;10.5358;N.A.;N.A.;13-May-2018
141349;SBI DUAL ADVANTAGE FUND - SERIES XXII - REGULAR PLAN - GROWTH;INF200KA1OO2;;10.5404;N.A.;N.A.;13-May-2018
141633;SBI DUAL ADVANTAGE FUND - SERIES XXIII - DIRECT PLAN - DIVIDEND PAYOUT;INF200KA1QZ3;;10.3548;N.A.;N.A.;13-May-2018
141634;SBI DUAL ADVANTAGE FUND - SERIES XXIII - DIRECT PLAN - GROWTH;INF200KA1QY6;;10.3562;N.A.;N.A.;13-May-2018
141632;SBI DUAL ADVANTAGE FUND - SERIES XXIII - REGULAR PLAN - DIVIDEND PAYOUT;INF200KA1QX8;;10.2974;N.A.;N.A.;13-May-2018
141631;SBI DUAL ADVANTAGE FUND - SERIES XXIII - REGULAR PLAN - GROWTH;INF200KA1QW0;;10.2964;N.A.;N.A.;13-May-2018
141834;SBI DUAL ADVANTAGE FUND - SERIES XXIV - DIRECT PLAN - DIVIDEND PAYOUT;INF200KA1RL1;;10.2006;N.A.;N.A.;13-May-2018
141832;SBI DUAL ADVANTAGE FUND - SERIES XXIV - DIRECT PLAN - GROWTH;INF200KA1RK3;;10.2005;N.A.;N.A.;13-May-2018
141831;SBI DUAL ADVANTAGE FUND - SERIES XXIV - REGULAR PLAN - DIVIDEND PAYOUT;INF200KA1RJ5;;10.1555;N.A.;N.A.;13-May-2018
141833;SBI DUAL ADVANTAGE FUND - SERIES XXIV - REGULAR PLAN - GROWTH;INF200KA1RI7;;10.1526;N.A.;N.A.;13-May-2018
141960;SBI DUAL ADVANTAGE FUND - SERIES XXV - DIRECT PLAN - GROWTH;INF200KA1RS6;;10.0423;N.A.;N.A.;13-May-2018
141962;SBI Dual Advantage Fund - Series XXV - Direct Plan - Income Distribution cum Capital Withdrawal Option (IDCW);INF200KA1RT4;;10.0424;N.A.;N.A.;13-May-2018
141959;SBI DUAL ADVANTAGE FUND - SERIES XXV - REGULAR PLAN - GROWTH;INF200KA1RQ0;;10.0096;N.A.;N.A.;13-May-2018
141961;SBI Dual Advantage Fund - Series XXV - Regular Plan - Income Distribution cum Capital Withdrawal Option (IDCW);INF200KA1RR8;;10.0091;N.A.;N.A.;13-May-2018
142259;SBI DUAL ADVANTAGE FUND - SERIES XXVI - DIRECT PLAN - GROWTH;INF200KA1SE4;;10.0867;N.A.;N.A.;13-May-2018
142256;SBI Dual Advantage Fund - Series XXVI - Direct Plan - Income Distribution cum Capital Withdrawal Option (IDCW);INF200KA1SF1;;10.0869;N.A.;N.A.;13-May-2018
142257;SBI DUAL ADVANTAGE FUND - SERIES XXVI - REGULAR PLAN - GROWTH;INF200KA1SC8;;10.0657;N.A.;N.A.;13-May-2018
142258;SBI Dual Advantage Fund - Series XXVI - Regular Plan - Income Distribution cum Capital Withdrawal Option (IDCW);INF200KA1SD6;;10.0659;N.A.;N.A.;13-May-2018
142751;SBI DUAL ADVANTAGE FUND - SERIES XXVII - DIRECT PLAN - GROWTH;INF200KA1SU0;;10.0315;N.A.;N.A.;13-May-2018
142752;SBI Dual Advantage Fund - Series XXVII - Direct Plan - Income Distribution cum Capital Withdrawal Option (IDCW);INF200KA1SV8;;10.0315;N.A.;N.A.;13-May-2018
142749;SBI DUAL ADVANTAGE FUND - SERIES XXVII - REGULAR PLAN - GROWTH;INF200KA1SS4;;10.0204;N.A.;N.A.;13-May-2018
142750;SBI Dual Advantage Fund - Series XXVII - Regular Plan - Income Distribution cum Capital Withdrawal Option (IDCW);INF200KA1ST2;;10.0207;N.A.;N.A.;13-May-2018
136358;SBI DUAL ADVANTAGE FUND SERIES XIV- DIRECT PLAN - DIVIDEND PAYOUT;INF200KA1IA3;;12.0719;N.A.;N.A.;13-May-2018
136359;SBI DUAL ADVANTAGE FUND SERIES XIV- DIRECT PLAN - GROWTH;INF200KA1HZ2;;12.0719;N.A.;N.A.;13-May-2018
136361;SBI DUAL ADVANTAGE FUND SERIES XIV- REGULAR PLAN - DIVIDEND PAYOUT;INF200KA1HY5;;11.8105;N.A.;N.A.;13-May-2018
136360;SBI DUAL ADVANTAGE FUND SERIES XIV- REGULAR PLAN - GROWTH;INF200KA1HX7;;11.8079;N.A.;N.A.;13-May-2018

Close Ended Schemes ( Growth )


SBI Mutual Fund
131339;SBI EQUITY OPPORTUNITIES FUND - SERIES I - DIRECT PLAN - DIVIDEND;INF200K017S1;;11.8320;N.A.;N.A.;13-May-2018
131338;SBI EQUITY OPPORTUNITIES FUND - SERIES I - DIRECT PLAN - GROWTH;INF200K016S3;;16.6788;N.A.;N.A.;13-May-2018
131337;SBI EQUITY OPPORTUNITIES FUND - SERIES I - REGULAR PLAN - DIVIDEND;INF200K015S5;;11.7102;N.A.;N.A.;13-May-2018
131336;SBI EQUITY OPPORTUNITIES FUND - SERIES I - REGULAR PLAN - GROWTH;INF200K014S8;;16.5049;N.A.;N.A.;13-May-2018
135507;SBI EQUITY OPPORTUNITIES FUND -  SERIES IV - REGULAR PLAN - GROWTH;INF200KA1GP5;;16.3297;N.A.;N.A.;13-May-2018
135506;SBI EQUITY OPPORTUNITIES FUND - SERIES IV - DIRECT PLAN - GROWTH;INF200KA1GN0;;16.8903;N.A.;N.A.;13-May-2018
135509;SBI Equity Opportunities Fund-Series IV - Direct Plan - Income Distribution cum Capital Withdrawal Option (IDCW);INF200KA1GO8;;14.3554;N.A.;N.A.;13-May-2018
135508;SBI Equity Opportunities Fund-Series IV - Regular Plan - Income Distribution cum Capital Withdrawal Option (IDCW);INF200KA1GQ3;;13.8538;N.A.;N.A.;13-May-2018
