Scheme Code;Scheme Name;ISIN Div Payout/ISIN Growth;ISIN Div Reinvestment;Net Asset Value;Repurchase Price;Sale Price;Date

Open Ended Schemes ( Income )


DBS Chola Mutual Fund
101958;DBS Chola Liquid Fund - Institutional Plus Weekly Dividend;;;12.0013;12.0013;12.0013;05-Apr-2009
103137;DBS Chola Short Term Floating Rate Fund-Cumulative;;;12.9048;12.9048;12.9048;05-Apr-2009
103134;DBS Chola Short Term Floating Rate Fund-Dividend-Daily;;;10.3005;10.3005;10.3005;05-Apr-2009
103136;DBS Chola Short Term Floating Rate Fund-Dividend-Monthly;;;10.4054;10.4054;10.4054;05-Apr-2009
103135;DBS Chola Short Term Floating Rate Fund-Dividend-Weekly;;;10.5251;10.5251;10.5251;05-Apr-2009

Open Ended Schemes ( Liquid )


Aditya Birla Sun Life Mutual Fund
101294;Birla Sun Life Cash Plus Sweep Plan-Dividend Option;;;10.1077;10.1077;10.1077;05-Apr-2009

Bandhan Mutual Fund
108794;IDFC Liquid Fund - Daily Dividend;INF194K01GJ9;INF194K01GI1;1000.2100;1000.2100;1000.2100;05-Apr-2009
108793;IDFC Liquid Fund - Growth;INF194K01GE0;;1240.9748;1240.9748;1240.9748;05-Apr-2009
108796;IDFC Liquid Fund - Monthly Dividend;INF194K01GG5;INF194K01GF7;1001.1099;1001.1099;1001.1099;05-Apr-2009
108795;IDFC Liquid Fund-Weekly Dividend;INF194K01GM3;INF194K01GL5;1000.5926;1000.5926;1000.5926;05-Apr-2009

DBS Chola Mutual Fund
100989;DBS Chola Liquid Fund-Cum -Institutional Plus;;;17.8198;17.8198;17.8198;05-Apr-2009
104329;DBS Chola Liquid Fund-Cum -Super Institutional;;; 12.1233 ; 12.1233 ; 12.1233 ;05-Apr-2009
100978;DBS Chola Liquid Fund-Daily Dividend Reinvestment Plan;;;10.1008;10.1008;10.1008;05-Apr-2009
100975;DBS Chola Liquid Fund-Regular Cumulative;;;17.6373;17.6373;17.6373;05-Apr-2009
101307;DBS Chola Liquid Fund - Regular Weekly Dividend;;;11.9929;11.9929;11.9929;05-Apr-2009

Deutsche Mutual Fund
105672;DWS INSTA CASH PLUS FUND - Regular Plan BONUS OPTION;INF223J01BH3;;10.9779;10.9779;10.9779;05-Apr-2009
106472;DWS Insta Cash Plus Fund - Weekly Dividend;INF223J01BT8;INF223J01BU6;10.0110;10.0110;10.0110;05-Apr-2009
106471;DWS Insta Cash Plus Fund -Growth;INF223J01BP6;;11.4290;11.4290;11.4290;05-Apr-2009
106467;DWS Insta Cash Plus Fund-Daily Dividend;;INF223J01BO9;10.0274;10.0274;10.0274;05-Apr-2009
101718;DWS Insta Cash Plus Fund-DIVIDEND-Daily Dividend;;INF223J01BI1;10.3010;10.3010;10.3010;05-Apr-2009
101717;DWS Insta Cash Plus Fund-DIVIDEND-MONTHLY DIVIDEND;INF223J01BK7;INF223J01BL5;10.9977;10.9977;10.9977;05-Apr-2009
101716;DWS Insta Cash Plus Fund-DIVIDEND-WEEKLY DIVIDEND;INF223J01BM3;INF223J01BN1;10.3572;10.3572;10.3572;05-Apr-2009
101719;DWS Insta Cash Plus Fund-Growth-GROWTH;INF223J01BJ9;;14.7889;14.7889;14.7889;05-Apr-2009
101722;DWS Insta Cash Plus Fund-Institutional Plan-Daily Dividend;;INF223J01BA8;10.0516;10.0516;10.0516;05-Apr-2009
101721;DWS Insta Cash Plus Fund-Institutional Plan-Growth;INF223J01BB6;;13.8761;13.8761;13.8761;05-Apr-2009
101723;DWS Insta Cash Plus Fund-Institutional Plan-Weekly Dividend;INF223J01BF7;INF223J01BG5;10.0109;10.0109;10.0109;05-Apr-2009

DSP Mutual Fund
106861;DSP BlackRock Cash Manager Fund - Institutional Plan - Daily Dividend Reinvest;;;1000.1000;1000.1000;1000.1000;05-Apr-2009
106863;DSP BlackRock Cash Manager Fund - Institutional Plan - Growth;;;1127.6295;1127.6295;1127.6295;05-Apr-2009
106862;DSP BlackRock Cash Manager Fund - Institutional Plan - Weekly Dividend Reinvest;;;1000.8572;1000.8572;1000.8572;05-Apr-2009
106859;DSP BlackRock Cash Manager Fund - Regular Plan - Growth;;;1126.7188;1126.7188;1126.7188;05-Apr-2009
106860;DSP BlackRock Cash Manager Fund - Regular Plan - Weekly Dividend Reinvest;;;1000.8549;1000.8549;1000.8549;05-Apr-2009

Edelweiss Mutual Fund
109934;Edelweiss Liquid Fund - Retail Plan - Daily Dividend Option;;INF754K01AS4;10.0000;10.0000;10.0000;05-Apr-2009
109940;Edelweiss Liquid Fund - Retail Plan - Growth Option;INF754K01AO3;;10.4913;10.4913;10.4913;05-Apr-2009
109939;Edelweiss Liquid Fund - Retail Plan - Monthly Dividend Option;INF754K01AP0;INF754K01AR6;10.0024;10.0024;10.0024;05-Apr-2009
109937;Edelweiss Liquid Fund - Retail Plan - Weekly Dividend Option;;INF754K01AT2;10.0024;10.0024;10.0024;05-Apr-2009

Fidelity Mutual Fund
104498;Fidelity Cash Fund - Institutional Plan - Daily Dividend Option;;INF677K01AQ1;10.0025;10.0025;10.0025;05-Apr-2009
104497;Fidelity Cash Fund - Institutional Plan - Growth Option;;;12.0354;12.0354;12.0354;05-Apr-2009
104548;Fidelity Cash Fund - Institutional Plan - Monthly Dividend Option;INF677K01AS7;INF677K01AT5;10.0000;10.0000;10.0000;05-Apr-2009
104546;Fidelity Cash Fund - Institutional Plan - Weekly Dividend Option;;INF677K01AR9;10.0289;10.0289;10.0289;05-Apr-2009
104495;Fidelity Cash Fund - Retail Plan - Daily Dividend option;;INF677K01AL2;10.0025;10.0025;10.0025;05-Apr-2009
104493;Fidelity Cash Fund - Retail Plan - Growth option;;;11.9243;11.9243;11.9243;05-Apr-2009
104547;Fidelity Cash Fund - Retail Plan - Monthly Dividend Option;;;10.0247;10.0247;10.0247;05-Apr-2009
104549;Fidelity Cash Fund - Retail Plan - Weekly Dividend Option;;INF677K01AM0;10.0128;10.0128;10.0128;05-Apr-2009
104494;Fidelity Cash Fund - Super Institutional Plan - Daily Dividend Option;;INF677K01AV1;10.0052;10.0052;10.0052;05-Apr-2009
104496;Fidelity Cash Fund - Super Institutional Plan - Growth Option;INF677K01AU3;;12.0675;12.0675;12.0675;05-Apr-2009
104551;Fidelity Cash Fund - Super Institutional Plan - Monthly Dividend Option;INF677K01AX7;INF677K01AY5;10.0000;10.0000;10.0000;05-Apr-2009
104550;Fidelity Cash Fund - Super Institutional Plan - Weekly Dividend Option;;INF677K01AW9;10.0000;10.0000;10.0000;05-Apr-2009

Fortis Mutual Fund
110922;Fortis Overnight Fund-Institutional Plan-Daily Dividend Option;;;10.0030;10.0030;10.0030;05-Apr-2009
110915;Fortis Overnight Fund-Institutional Plan-Growth Option;;;13.3974;13.3974;13.3974;05-Apr-2009
110919;Fortis Overnight Fund-Institutional Plan-Monthly Dividend Payout Option;;;0.0000;0.0000;0.0000;05-Apr-2009
110923;Fortis Overnight Fund-Institutional Plan-Weekly Dividend Option;;;0.0000;0.0000;0.0000;05-Apr-2009
110914;Fortis Overnight Fund-Institutional Plus Plan-Daily Dividend Option;;;10.0030;10.0030;10.0030;05-Apr-2009
110920;Fortis Overnight Fund-Institutional Plus Plan-Growth Option;;;10.9320;10.9320;10.9320;05-Apr-2009
110916;Fortis Overnight Fund-Institutional Plus Plan-Monthly Dividend Option;;;0.0000;0.0000;0.0000;05-Apr-2009
110917;Fortis Overnight Fund-Institutional Plus Plan-Weekly Dividend Option;;;0.0000;0.0000;0.0000;05-Apr-2009
110921;Fortis Overnight Fund-Regular Plan-Growth Option;;;13.1801;13.1801;13.1801;05-Apr-2009
110913;Fortis Overnight Fund-Regular Plan-Monthly Dividend Payout Option;;;10.0188;10.0188;10.0188;05-Apr-2009
110918;Fortis Overnight Fund-Regular Plan-Weekly Dividend Option;;;10.0153;10.0153;10.0153;05-Apr-2009

ING Mutual Fund
100198;ING Liquid Fund-Institutional Daily Dividend Option;INF084M01473;;10.0121;10.0121;10.0121;05-Apr-2009
100196;ING Liquid Fund-Institutional Growth Option;INF084M01465;;13.8634;13.8634;13.8634;05-Apr-2009
100197;ING Liquid Fund-Institutional Weekly Dividend Option;INF084M01499;INF084M01481;10.0642;10.0642;10.0642;05-Apr-2009
100192;ING Liquid Fund-Regular Daily Dividend Option;INF084M01432;;10.7873;10.7873;10.7873;05-Apr-2009
100190;ING Liquid Fund-Regular Growth Option;INF084M01424;;18.5491;18.5491;18.5491;05-Apr-2009
100191;ING Liquid Fund-Regular Weekly Dividend Option;INF084M01457;INF084M01440;10.8351;10.8351;10.8351;05-Apr-2009
100200;ING Liquid Fund-Super Institutional Daily Dividend Option;INF084M01515;;10.0048;10.0048;10.0048;05-Apr-2009
100199;ING Liquid Fund-Super Institutional Growth Option;INF084M01507;;13.1615;13.1615;13.1615;05-Apr-2009
100201;ING Liquid Fund-Super Institutional Weekly Dividend Option;INF084M01531;INF084M01523;10.0000;10.0000;10.0000;05-Apr-2009
102802;ING Treasury Management Fund-Annual Dividend Option;;;10.3469;10.3469;10.3469;05-Apr-2009
102804;ING Treasury Management Fund-Daily Dividend Option;;;10.3588;10.3588;10.3588;05-Apr-2009
102798;ING Treasury Management Fund-Growth Option;;;13.6604;13.6604;13.6604;05-Apr-2009
102801;ING Treasury Management Fund-Half Yearly Dividend Option;;;10.3503;10.3503;10.3503;05-Apr-2009
102800;ING Treasury Management Fund-Quarterly Dividend Option;;;10.4158;10.4158;10.4158;05-Apr-2009
102799;ING Treasury Management Fund-Weekly Dividend Option;;;10.7888;10.7888;10.7888;05-Apr-2009

Invesco Mutual Fund
106502;Religare Invesco Overnight Fund - Daily Dividend Reinvestment;;INF205K01HS2;10.0000;10.0000;10.0000;05-Apr-2009
106501;Religare Invesco Overnight Fund - Growth;INF205K01HR4;;10.9574;10.9574;10.9574;05-Apr-2009

JM Financial Mutual Fund
101420;JM Floater Short Term Fund - Daily Dividend Option;;INF192K01767;10.0883;10.0883;10.0883;05-Apr-2009
101421;JM Floater Short Term Fund - Growth Option;INF192K01775;;14.2949;14.2949;14.2949;05-Apr-2009

JPMorgan Mutual Fund
106562;JPMorgan India Liquid Fund - Retail Plan - Daily Dividend Option;;INF843K01203;10.0150;10.0150;10.0150;05-Apr-2009
106561;JPMorgan India Liquid Fund - Retail Plan - Growth Option;INF843K01195;;10.4961;10.4961;10.4961;05-Apr-2009
109179;JPMorgan India Liquid Fund - Retail Plan - Monthly Dividend Option;;INF843K01237;10.0384;10.0384;10.0384;05-Apr-2009
109177;JPMorgan India Liquid Fund - Retail Plan - Weekly Dividend Option;;INF843K01211;10.0278;10.0278;10.0278;05-Apr-2009
110149;JPMorgan India Liquid Fund - Super Institutional Plan - Daily Dividend Option;;INF843K01153;10.0079;10.0079;10.0079;05-Apr-2009
110150;JPMorgan India Liquid Fund - Super Institutional Plan - Growth Option;INF843K01146;;11.3891;11.3891;11.3891;05-Apr-2009
110151;JPMorgan India Liquid Fund - Super Institutional Plan - Monthly Dividend Option;INF843K01500;INF843K01187;10.0406;10.0406;10.0406;05-Apr-2009
110153;JPMorgan India Liquid Fund - Super Institutional Plan - Weekly Dividend Option;INF843K01484;INF843K01161;10.0181;10.0181;10.0181;05-Apr-2009

Mirae Asset Mutual Fund
107660;Mirae Asset Liquid Fund- Regular Plan - Bonus;INF769K01580;;961.3924;961.3924;961.3924;05-Apr-2009
107646;Mirae Asset Liquid Fund- Regular Plan - Daily Dividend;;INF769K01606;929.3799;929.3799;929.3799;05-Apr-2009
107648;Mirae Asset Liquid Fund- Regular Plan - Growth;INF769K01572;;976.1878;976.1878;976.1878;05-Apr-2009
107649;Mirae Asset Liquid Fund- Regular Plan - Monthly Dividend;INF769K01630;INF769K01622;932.8072;932.8072;932.8072;05-Apr-2009
107647;Mirae Asset Liquid Fund- Regular Plan - Weekly Dividend;;INF769K01614;930.7065;930.7065;930.7065;05-Apr-2009

PineBridge Mutual Fund
106513;PineBridge India Liquid Fund- Standard Plan-Daily Dividend Option;;INF178L01699;1001.0000;1001.0000;1001.0000;05-Apr-2009
106508;PineBridge India Liquid Fund- Standard Plan-Growth Option;INF178L01715;;1138.1805;1138.1805;1138.1805;05-Apr-2009
106509;PineBridge India Liquid Fund- Standard Plan-Weekly Dividend Option;;INF178L01764;1002.0901;1002.0901;1002.0901;05-Apr-2009
106506;PineBridge India Liquid Fund-Institutional Plan-Daily Dividend Option;;INF178L01616;1001.0000;1001.0000;1001.0000;05-Apr-2009
106511;PineBridge India Liquid Fund-Institutional Plan-Growth Option;INF178L01632;;1136.4308;1136.4308;1136.4308;05-Apr-2009
106507;PineBridge India Liquid Fund-Institutional Plan-Weekly Dividend Option;;INF178L01681;1002.0737;1002.0737;1002.0737;05-Apr-2009
106503;PineBridge India Liquid Fund-Retail Plan-DailyDividend Option;;INF178L01533;1001.0000;1001.0000;1001.0000;05-Apr-2009
106514;PineBridge India Liquid Fund-Retail Plan-Growth Option;INF178L01558;;1130.9811;1130.9811;1130.9811;05-Apr-2009
106504;PineBridge India Liquid Fund-Retail Plan-Monthly Dividend Option;INF178L01566;INF178L01574;1002.7974;1002.7974;1002.7974;05-Apr-2009
106516;PineBridge India Liquid Fund-Retail Plan-Quarterly Dividend Option;INF178L01582;INF178L01590;1002.7973;1002.7973;1002.7973;05-Apr-2009
106510;PineBridge India Liquid Fund-Retail Plan-Weekly Dividend Option;;INF178L01608;1002.0244;1002.0244;1002.0244;05-Apr-2009

Sahara Mutual Fund
101397;Sahara Liquid Fund-Fixed Pricing -  Weekly Dividend Option;;INF515L01064;1026.2355;1026.2355;1026.2355;05-Apr-2009
101393;Sahara Liquid Fund-Fixed Pricing - Daily Dividend Option;;INF515L01049;1024.9045;1024.9045;1024.9045;05-Apr-2009
101394;Sahara Liquid Fund-Fixed Pricing - Growth option;INF515L01056;;1581.4786;1581.4786;1581.4786;05-Apr-2009
101398;Sahara Liquid Fund-Fixed Pricing - Monthly Dividend Option;;INF515L01072;1026.5858;1026.5858;1026.5858;05-Apr-2009
101399;Sahara Liquid Fund-Variable Pricing - Daily Dividend option;;INF515L01080;1024.9262;1024.9262;1024.9262;05-Apr-2009
101402;Sahara Liquid Fund-Variable Pricing - Growth option;INF515L01114;;1592.9593;1592.9593;1592.9593;05-Apr-2009
101400;Sahara Liquid Fund-Variable Pricing - Weekly Dividend Option;;INF515L01098;1025.3428;1025.3428;1025.3428;05-Apr-2009
101401;Sahara Liquid Fund-Variable Pricing- Monthly Dividend Option;;INF515L01106;1026.9538;1026.9538;1026.9538;05-Apr-2009

Tata Mutual Fund
101987;Tata Liquid Fund Reglar Plan - Monthly Dividend;INF277K01LR5;INF277K01LS3;1150.0052;1150.0052;1150.0052;05-Apr-2009
101861;Tata Liquid Fund-Regular Plan  - Weekly Dividend;INF277K016C5;;1151.4065;1151.4065;1151.4065;05-Apr-2009
101984;Tata Liquid High Investment Plan - Daily;;;1114.3379;1114.3379;1114.3379;05-Apr-2009
101860;Tata Liquid High Investment Plan - Growth;INF277K01LN4;;1468.5033;1468.5033;1468.5033;05-Apr-2009
101985;Tata Liquid High Investment Plan - Monthly;INF277K01LO2;INF277K01LP9;1020.3322;1020.3322;1020.3322;05-Apr-2009
101859;Tata Liquid High Investment Plan - Weekly;;;1147.3765;1147.3765;1147.3765;05-Apr-2009
101982;Tata Liquid Retail Investment PLan - Daily;;;1116.8143;1116.8143;1116.8143;05-Apr-2009
101983;Tata Liquid Retail Investment Plan - Fortnightly;;;1145.8164;1145.8164;1145.8164;05-Apr-2009
101858;Tata Liquid Retail Investment Plan - Growth;INF277K01LM6;;2033.1283;2033.1283;2033.1283;05-Apr-2009
103631;Tata Liquidity Management Fund - Regular Plan - Daily Dividend;;;1002.6089;1002.6089;1002.6089;05-Apr-2009
103632;Tata Liquidity Management Fund - Regular Plan - Growth;INF277K01LW5;;1226.9339;1226.9339;1226.9339;05-Apr-2009
103519;Tata Liquidity Management Fund - Regular Plan  -Weekly Dividend;;;1005.8706;1005.8706;1005.8706;05-Apr-2009

Open Ended Schemes ( Money Market )


Franklin Templeton Mutual Fund
100561;Templeton India Money Market Account - Bonus Plan;;;1.0000;1.0000;1.0000;05-Apr-2009
104554;Templeton India Money Market Account - Dividend Plan;;;1.0000;1.0000;1.0000;05-Apr-2009

Tata Mutual Fund
102152;Tata Money Market Fund Regular (Bonus / Dividend);;;10.1576;10.1576;10.1576;05-Apr-2009
102153;Tata Money Market Fund Regular (Growth);INF277K01LY1;;14.1967;14.1967;14.1967;05-Apr-2009

Open Ended Schemes ( Floating Rate )


HSBC Mutual Fund
102836;HSBC Floating Rate Fund - Short Term - Inst. - Dividend - Daily;;;10.0623;10.0623;10.0623;05-Apr-2009
102838;HSBC Floating Rate Fund - Short Term - Inst. - Dividend - Monthly;;;10.1390;10.1390;10.1390;05-Apr-2009
102837;HSBC Floating Rate Fund - Short Term - Inst. - Dividend - Weekly;;;10.4965;10.4965;10.4965;05-Apr-2009
102835;HSBC Floating Rate Fund - Short Term - Inst. - Growth;;;13.5056;13.5056;13.5056;05-Apr-2009
102840;HSBC Floating Rate Fund - Short Term - Inst. Plus - Dividend - Daily;;;0.0000;0.0000;0.0000;05-Apr-2009
102842;HSBC Floating Rate Fund - Short Term - Inst. Plus - Dividend - Monthly;;;0.0000;0.0000;0.0000;05-Apr-2009
102841;HSBC Floating Rate Fund - Short Term - Inst. Plus - Dividend - Weekly;;;10.0340;10.0340;10.0340;05-Apr-2009
102839;HSBC Floating Rate Fund - Short Term - Inst. Plus - Growth;;;11.4637;11.4637;11.4637;05-Apr-2009
102833;HSBC Floating Rate Fund - Short Term - Regular - Dividend - Daily;;;10.0000;10.0000;10.0000;05-Apr-2009
102834;HSBC Floating Rate Fund - Short Term - Regular - Dividend - Weekly;;;10.0174;10.0174;10.0174;05-Apr-2009
102832;HSBC Floating Rate Fund - Short Term - Regular - Growth;;;13.3722;13.3722;13.3722;05-Apr-2009

Open Ended Schemes ( Fund of Funds - Domestic )


Fidelity Mutual Fund
103419;Fidelity MultiManager Cash Fund-Dividend Re-investment Option;;;10.0141;10.0141;10.0141;05-Apr-2009
103418;Fidelity MultiManager Cash Fund-Growth Option;;;12.6477;12.6477;12.6477;05-Apr-2009

Open Ended Schemes ( Debt Scheme - Overnight Fund )


HDFC Mutual Fund
101996;HDFC Overnight Fund - Growth Option;INF179KB1HS3;;14.8086;14.8086;14.8086;05-Apr-2009
101997;HDFC Overnight Fund - IDCW Option (Daily);;INF179KB1IF8;10.4266;10.4266;10.4266;05-Apr-2009

SBI Mutual Fund
101206;SBI OVERNIGHT FUND - REGULAR PLAN - GROWTH;INF200K01LQ9;;15.2266;15.2266;15.2266;05-Apr-2009
103140;SBI Overnight Fund - Regular Plan - Weekly Income Distribution cum Capital Withdrawal Option (IDCW);INF200K01LO4;INF200K01LP1;10.3101;10.3101;10.3101;05-Apr-2009

Open Ended Schemes ( Debt Scheme - Liquid Fund )


Aditya Birla Sun Life Mutual Fund
100049;Aditya Birla Sun Life Cash Plus-Institutional - Fortnightly Dividend;;;10.8327;10.8327;10.8327;05-Apr-2009
100052;Aditya Birla Sun Life Cash Plus-Institutional Premium - Fortnightly Dividend;;;10.0000;10.0000;10.0000;05-Apr-2009
100053;Aditya Birla Sun Life Cash Plus-Institutional Premium Plan-Monthly Dividend;;;10.0094;10.0094;10.0094;05-Apr-2009
100047;Aditya Birla Sun Life Liquid Fund - Growth;INF209K01RU9;;14.0796;14.0796;14.0796;05-Apr-2009
100046;Aditya Birla Sun Life Liquid Fund -Daily IDCW;INF209K01KQ2;INF209K01SQ5;10.0195;10.0195;10.0195;05-Apr-2009
100041;Aditya Birla Sun Life Liquid Fund -Institutional - IDCW;;INF209K01KN9;10.8023;10.8023;10.8023;05-Apr-2009
100048;Aditya Birla Sun Life Liquid Fund -Institutional - weekly  IDCW;INF209KA1LK7;INF209K01KY6;10.8185;10.8185;10.8185;05-Apr-2009
100044;Aditya Birla Sun Life Liquid Fund -Retail - IDCW;;INF209K01KP4;16.3694;16.3694;16.3694;05-Apr-2009
100051;Aditya Birla Sun Life Liquid Fund -weekly IDCW;INF209K01KU4;INF209KA1LJ9;10.0338;10.0338;10.0338;05-Apr-2009
100043;Aditya Birla Sun Life Liquid Fund-Institutional (Growth);INF209K01RT1;;23.8657;23.8657;23.8657;05-Apr-2009
100042;Aditya Birla Sun Life Liquid Fund-Retail (Growth);INF209K01ME4;;23.5813;23.5813;23.5813;05-Apr-2009

Bandhan Mutual Fund
108692;BANDHAN LIQUID Fund - Regular Plan - Daily IDCW;INF194K01VZ4;INF194K01VY7;10.0025;10.0025;10.0025;05-Apr-2009
108690;BANDHAN LIQUID Fund - Regular Plan - Growth;INF194K01VX9;;10.7193;10.7193;10.7193;05-Apr-2009
108693;BANDHAN LIQUID Fund - Regular Plan - Monthly IDCW;INF194K01WF4;INF194K01WE7;10.0123;10.0123;10.0123;05-Apr-2009
108779;BANDHAN Liquid Fund-Plan A-Dividend (Daily);INF194K01VC3;INF194K01VB5;10.5819;10.5819;10.5819;05-Apr-2009
108778;BANDHAN Liquid Fund-Plan A-Growth;INF194K01UX1;;15.7976;15.7976;15.7976;05-Apr-2009
108607;BANDHAN Liquid Fund - Plan A-Dividend (Weekly);INF194K01VI0;INF194K01VH2;10.1952;10.1952;10.1952;05-Apr-2009
108781;BANDHAN Liquid Fund - Plan B (G) (Institutional Plan);INF194K01VK6;;15.8909;15.8909;15.8909;05-Apr-2009
108629;BANDHAN Liquid Fund - Plan B - Dividend-Weekly;INF194K01VS9;INF194K01VR1;10.0049;10.0049;10.0049;05-Apr-2009
108681;BANDHAN Liquid Fund - Plan B-Daily-Dividend(Institutional Plan);INF194K01VM2;INF194K01VL4;10.5816;10.5816;10.5816;05-Apr-2009

Bank of India Mutual Fund
109257;BANK OF INDIA Liquid Fund- Institutional Plan- Daily Dividend;;;1000.0000;1000.0000;1000.0000;05-Apr-2009
109256;BANK OF INDIA Liquid Fund- Institutional Plan-Growth;INF761K01314;;1060.5956;1060.5956;1060.5956;05-Apr-2009
109254;BANK OF INDIA Liquid Fund- Regular Plan- Growth;INF761K01306;;1056.5380;1056.5380;1056.5380;05-Apr-2009
109255;BANK OF INDIA Liquid Fund- Regular Plan- Weekly IDCW;;INF761K01CP1;1000.9678;1000.9678;1000.9678;05-Apr-2009
109258;BANK OF INDIA Liquid Fund- Super Institutional Plan-Growth;INF761K01322;;1061.8176;1061.8176;1061.8176;05-Apr-2009

Baroda BNP Paribas Mutual Fund
111707;Baroda BNP Paribas LIQUID FUND - Regular Plan - DAILY IDCW OPTION;INF955L01468;INF955L01476;10.0063;10.0063;10.0063;05-Apr-2009
111704;Baroda BNP Paribas LIQUID FUND - Regular Plan - GROWTH OPTION;INF955L01484;;10.1036;10.1036;10.1036;05-Apr-2009
101408;Baroda BNP Paribas LIQUID FUND- Defunct Plan -Growth Option;INF955L01575;;15.3381;15.3381;15.3381;05-Apr-2009
101407;Baroda BNP Paribas LIQUID FUND-Defunct Plan- IDCW Option;INF955L01559;INF955L01567;13.1425;13.1425;13.1425;05-Apr-2009
101409;Baroda BNP Paribas LIQUID FUND-Defunct Plan-Daily IDCW Option;INF955L01518;INF955L01526;10.0606;10.0606;10.0606;05-Apr-2009

Canara Robeco Mutual Fund
109349;CANARA ROBECO LIQUID FUND - REGULAR PLAN - DAILY IDCW (Reinvestment);;INF760K01CU3;10.0410;10.0410;10.0410;05-Apr-2009
109353;CANARA ROBECO LIQUID FUND - REGULAR PLAN - GROWTH OPTION;INF760K01CW9;;10.7053;10.7053;10.7053;05-Apr-2009
109350;CANARA ROBECO LIQUID FUND - REGULAR PLAN - WEEKLY IDCW (Payout/Reinvestment);INF760K01BZ4;INF760K01CZ2;10.0474;10.0474;10.0474;05-Apr-2009
101363;Canara Robeco Liquid Fund- INSTITUTIONAL-Daily Dividend Reinvestment;;INF760K01CC1;10.0410;10.0410;10.0410;05-Apr-2009
101362;Canara Robeco Liquid Fund- INSTITUTIONAL-Growth;INF760K01CD9;;16.0894;16.0894;16.0894;05-Apr-2009
101361;Canara Robeco Liquid Fund- INSTITUTIONAL-Weekly dividend;;INF760K01CE7;10.0410;10.0410;10.0410;05-Apr-2009
109357;Canara Robeco Liquid Fund-Institutional-Fortnightly Div Reinvest;;INF760K01860;10.0410;10.0410;10.0410;05-Apr-2009
109355;Canara Robeco Liquid Fund-Regular Plan-Fortnightly Div Reinvest.;;INF760K01951;10.0410;10.0410;10.0410;05-Apr-2009
101364;Canara Robeco Liquid Fund-Retail-DRI;;INF760K01CF4;10.0410;10.0410;10.0410;05-Apr-2009
109346;Canara Robeco Liquid Fund-Retail-Fortnightly Div Reinvest;;INF760K01CG2;10.0610;10.0610;10.0610;05-Apr-2009
101365;Canara Robeco Liquid Fund-Retail-Growth;INF760K01CH0;;16.0640;16.0640;16.0640;05-Apr-2009
109347;Canara Robeco Liquid Fund-Retail-Monthly Div Reinvest;;INF760K01CI8;10.0593;10.0593;10.0593;05-Apr-2009
109356;Canara Robeco Liquid Fund-Retail-Weekly Div Reinvest;;INF760K01CJ6;10.0468;10.0468;10.0468;05-Apr-2009

DSP Mutual Fund
103347;DSP Liquidity Fund - Regular Plan - Growth;INF740K01FK9;;1269.8610;1269.8610;1269.8610;05-Apr-2009
103348;DSP Liquidity Fund - Regular Plan - IDCW - Weekly;INF740K01FM5;INF740K01FL7;1000.7837;1000.7837;1000.7837;05-Apr-2009
103349;DSP Liquidity Fund- Regular Plan - IDCW - Daily;;INF740KA1OE0;1000.2000;1000.2000;1000.2000;05-Apr-2009
100943;DSP BlackRock Liquidity Fund - Regular Plan - Daily Dividend;;;10.0100;10.0100;10.0100;05-Apr-2009
100940;DSP BlackRock Liquidity Fund - Regular Plan - Growth;INF740K01CN0;;21.1509;21.1509;21.1509;05-Apr-2009
100941;DSP BlackRock Liquidity Fund - Regular Plan Weekly Dividend;;;12.4070;12.4070;12.4070;05-Apr-2009

Franklin Templeton Mutual Fund
100543;Franklin India Liquid Fund - Liquid Plan - Daily IDCW;;;1000.6730;1000.6730;1000.6730;05-Apr-2009
100544;Franklin India Liquid Fund - Liquid Plan - Growth;;;1333.5598;1333.5598;1333.5598;05-Apr-2009
100542;Franklin India Liquid Fund - Liquid Plan - Weekly Dividend;;;1000.5749;1000.5749;1000.5749;05-Apr-2009
100541;Franklin India Liquid Fund - Regular Plan - Daily - IDCW;;INF090I01BA3;1512.3400;1512.3400;1512.3400;05-Apr-2009
100538;Franklin India Liquid Fund - Regular Plan - Growth;INF090I01BB1;;2179.1728;2179.1728;2179.1728;05-Apr-2009
100537;Franklin India Liquid Fund - Regular Plan - Weekly - IDCW;INF090I01BL0;INF090I01BI6;1244.3238;1244.3238;1244.3238;05-Apr-2009
100547;Franklin India Liquid Fund - Super Institutional Plan - Daily - IDCW;;INF090I01BF2;1000.6730;1000.6730;1000.6730;05-Apr-2009
100546;Franklin India Liquid Fund - Super Institutional Plan - Growth;INF090I01BG0;;1308.1017;1308.1017;1308.1017;05-Apr-2009
100548;Franklin India Liquid Fund - Super Institutional Plan - Weekly - IDCW;INF090I01BM8;INF090I01BH8;1021.1243;1021.1243;1021.1243;05-Apr-2009
102441;Franklin India Liquid Fund - Institution-Growth;INF090I01BD7;;1378.1038;1378.1038;1378.1038;05-Apr-2009
102443;Franklin India Liquid Fund - Institutional Plan - Daily - IDCW;;INF090I01BC9;1000.6730;1000.6730;1000.6730;05-Apr-2009
102442;Franklin India Liquid Fund - Institutional Plan - Weekly - IDCW;INF090I01BJ4;INF090I01BE5;1054.7186;1054.7186;1054.7186;05-Apr-2009

HDFC Mutual Fund
100868;HDFC Liquid Fund - Growth Plan;INF179KB1HK0;;17.4794;17.4794;17.4794;05-Apr-2009
100875;HDFC Liquid Fund - IDCW Daily;;INF179KB1IC5;10.1982;10.1982;10.1982;05-Apr-2009
100876;HDFC Liquid Fund - IDCW Monthly;INF179KB1HM6;INF179KB1HL8;10.2746;10.2746;10.2746;05-Apr-2009
100874;HDFC Liquid Fund - IDCW Plan Weekly;INF179KB1ID3;;10.3219;10.3219;10.3219;05-Apr-2009
100877;HDFC Liquid Fund-Premium Plan - Dividend-Daily;;INF179K01KN4;12.2598;12.2598;12.2598;05-Apr-2009
100881;HDFC Liquid Fund-Premium Plus Plan - Dividend-Weekly;INF179K01KS3;;12.4322;12.4322;12.4322;05-Apr-2009
100872;HDFC Liquid Fund-PREMIUM PLUS- Growth;INF179K01KQ7;;17.681;17.681;17.681;05-Apr-2009
100873;HDFC Liquid Fund-PREMIUM- Growth;INF179KB1HN4;;17.644;17.644;17.644;05-Apr-2009

HSBC Mutual Fund
101700;HSBC Cash Fund - Dividend - Daily;;INF336L01321;10.0056;10.0056;10.0056;05-Apr-2009
101702;HSBC Cash Fund - Dividend - Monthly;INF336L01305;INF336L01297;10.0881;10.0881;10.0881;05-Apr-2009
101701;HSBC Cash Fund - Dividend - Weekly;;INF336L01347;10.2373;10.2373;10.2373;05-Apr-2009
101692;HSBC Cash Fund - Inst. - Dividend - Daily;;INF336L01354;10.4401;10.4401;10.4401;05-Apr-2009
101694;HSBC Cash Fund - Inst. - Dividend - Monthly;INF336L01370;INF336L01362;10.5326;10.5326;10.5326;05-Apr-2009
101693;HSBC Cash Fund - Inst. - Dividend - Weekly;;INF336L01388;10.4662;10.4662;10.4662;05-Apr-2009
101691;HSBC Cash Fund - Inst. - Growth;INF336L01289;;14.6785;14.6785;14.6785;05-Apr-2009
101697;HSBC Cash Fund - Regular - Dividend - Daily;;INF336L01263;10.1930;10.1930;10.1930;05-Apr-2009
101698;HSBC Cash Fund - Regular - Dividend - Weekly;;INF336L01313;10.0193;10.0193;10.0193;05-Apr-2009
101696;HSBC Liquid Fund - Growth closed plan;INF336L01271;;14.5806;14.5806;14.5806;05-Apr-2009
101699;HSBC Liquid Fund Closed;INF336L01339;;13.7726;13.7726;13.7726;05-Apr-2009

ICICI Prudential Mutual Fund
100357;ICICI Prudential Liquid Fund -Quarterly IDCW;INF109K01UU5;INF109K01UT7; 10.0175 ; 10.0175 ; 10.0175 ;05-Apr-2009
100359;ICICI Prudential Liquid Institutional Plus Fund - Div - Daily;INF109K01VJ6;; 11.8515 ; 11.8515 ; 11.8515 ;05-Apr-2009
100360;ICICI Prudential Liquid Institutional Plus Fund - Div - Weekly;INF109K01VM0;; 11.8679 ; 11.8679 ; 11.8679 ;05-Apr-2009
100362;ICICI Prudential Liquid Institutional Plus Fund - Growth;INF109K01VK4;; 21.9189 ; 21.9189 ; 21.9189 ;05-Apr-2009
103343;ICICI Prudential Liquid Fund - Daily IDCW;INF109K01VP3;; 10.0005 ; 10.0005 ; 10.0005 ;05-Apr-2009
103340;ICICI Prudential Liquid Fund - Growth;INF109K01VQ1;; 13.0018 ; 13.0018 ; 13.0018 ;05-Apr-2009
104308;ICICI Prudential Liquid Fund - Half Yearly IDCW;INF109K01UX9;INF109K01UW1; 10.0169 ; 10.0169 ; 10.0169 ;05-Apr-2009
103344;ICICI Prudential Liquid Fund - Institutional Option - I;INF109K01VH0;; 12.7205 ; 12.7205 ; 12.7205 ;05-Apr-2009
103342;ICICI Prudential Liquid Fund - Weekly IDCW;INF109K01VS7;; 10.0156 ; 10.0156 ; 10.0156 ;05-Apr-2009
101748;ICICI Prudential Liquid Fund - Institutional - Daily - Div;INF109K01VE7;; 11.8502 ; 11.8502 ; 11.8502 ;05-Apr-2009
101753;ICICI Prudential Liquid Fund - Institutional - Weekly - Div;INF109K01VI8;; 11.8548 ; 11.8548 ; 11.8548 ;05-Apr-2009
101754;ICICI Prudential Liquid Fund Retail Daily Dividend;INF109K01UR1;; 11.8514 ; 11.8514 ; 11.8514 ;05-Apr-2009
101750;ICICI Prudential Liquid Fund Retail Growth;INF109K01UQ3;; 21.4713 ; 21.4713 ; 21.4713 ;05-Apr-2009
101755;ICICI Prudential Liquid Fund Retail Monthly Dividend;INF109K01US9;; 10.0204 ; 10.0204 ; 10.0204 ;05-Apr-2009
101752;ICICI Prudential Liquid Fund Retail Weekly Dividend;INF109K01UV3;; 11.8733 ; 11.8733 ; 11.8733 ;05-Apr-2009
101751;ICICI Prudential Liquid Institutional Fund - Growth;INF109K01VF4;; 21.8026 ; 21.8026 ; 21.8026 ;05-Apr-2009

Invesco Mutual Fund
104484;Invesco India Liquid Fund - Daily IDCW (Reinvestment);;INF205K01HN3;10.0064;10.0064;10.0064;05-Apr-2009
104486;Invesco India Liquid Fund - Growth;INF205K01HM5;;12.0997;12.0997;12.0997;05-Apr-2009
104488;Invesco India Liquid Fund - Regular - Growth;INF205K01HG7;;11.9991;11.9991;11.9991;05-Apr-2009
104489;Invesco India Liquid Fund - Regular - Weekly IDCW (Reinvestment);;INF205K01HH5;10.0140;10.0140;10.0140;05-Apr-2009
104485;Invesco India Liquid Fund - Weekly IDCW (Reinvestment);INF205KA1BD7;INF205K01HO1;10.0150;10.0150;10.0150;05-Apr-2009
104483;Religare Invesco Liquid Fund - Institutional - Daily Dividend;;INF205K01HJ1;10.0064;10.0064;10.0064;05-Apr-2009
104491;Religare Invesco Liquid Fund - Institutional - Growth;INF205K01HI3;;12.0802;12.0802;12.0802;05-Apr-2009
104490;Religare Invesco Liquid Fund - Institutional - Weekly Dividend;;INF205K01HK9;10.0148;10.0148;10.0148;05-Apr-2009

JM Financial Mutual Fund
100241;JM High Liquidity Fund-- Institutional Plan - Dividend;INF192K01924;INF192K01932;10.4066;10.4066;10.4066;05-Apr-2009
100237;JM High Liquidity Fund-- Institutional Plan - Growth;INF192K01940;;14.5242;14.5242;14.5242;05-Apr-2009
100243;JM High Liquidity Fund-- Premium Plan - Daily Dividend Option;;;10.0000;10.0000;10.0000;05-Apr-2009
100238;JM High Liquidity Fund-Institutional Plan - Daily Dividend;;INF192K01916;10.0159;10.0159;10.0159;05-Apr-2009
100245;JM High Liquidity Fund-Super Institutional Plan- Daily Dividend;;INF192K01957;10.0165;10.0165;10.0165;05-Apr-2009
100246;JM High Liquidity Fund-Super Institutional Plan- Weekly  Dividend;INF192K01965;INF192K01973;10.0000;10.0000;10.0000;05-Apr-2009
100244;JM Liquid Fund (Regular) - Quarterly IDCW;INF192K01866;INF192K01874;13.6249;13.6249;13.6249;05-Apr-2009
100247;JM Liquid Fund (Regular) - Super Institutional Plan - Growth Option;INF192K01981;;13.8098;13.8098;13.8098;05-Apr-2009
100233;JM Liquid Fund (Regular) - Weekly IDCW;INF192K01841;INF192K01858;10.6488;10.6488;10.6488;05-Apr-2009
100234;JM Liquid Fund - Growth Option;INF192K01882;;24.0727;24.0727;24.0727;05-Apr-2009
101549;JM Liquid Fund (Regular) - Bonus Option - Principal Units;INF192K01890;;12.6415;12.6415;12.6415;05-Apr-2009
101078;JM Liquid Fund (Regular) - Daily IDCW;;INF192K01833;10.4302;10.4302;10.4302;05-Apr-2009

Kotak Mahindra Mutual Fund
100833;Kotak Liquid Fund - Regular  - Daily Reinvestment of Income Distribution cum capital withdrawal option;;INF174K01NL3;12.2281;12.2281;12.2281;05-Apr-2009
100835;Kotak Liquid Fund - Regular Plan - Growth;INF174K01NI9;;17.8465;17.8465;17.8465;05-Apr-2009
100831;Kotak Liquid Fund -Institutional Plan - (Daily Dividend);;INF174K01GA0;12.2281;12.2281;12.2281;05-Apr-2009
100834;Kotak Liquid Fund Regular Plan Weekly Reinvestment of Income Distribution cum capital withdrawal option Dividend;INF174K01NK5;;10.0462;10.0462;10.0462;05-Apr-2009
100830;Kotak Liquid-Institutional Plan  (Growth);INF174K01FZ9;;17.5532;17.5532;17.5532;05-Apr-2009
100832;Kotak Liquid-Institutional Plan (Weekly Dividend);;INF174K01GB8;10.0324;10.0324;10.0324;05-Apr-2009
100828;Kotak Liquid-Regular (Dividend);;INF174K01FY2;10.0317;10.0317;10.0317;05-Apr-2009
100829;Kotak Liquid-Regular (Growth);INF174K01NM1;;17.1994;17.1994;17.1994;05-Apr-2009

Mirae Asset Mutual Fund
111647;Mirae Asset Liquid Fund - Regular - Daily IDCW;;INF769K01804;1008.2991;1008.2991;1008.2991;05-Apr-2009
111646;Mirae Asset Liquid Fund - Regular Plan - Growth;INF769K01788;;1008.2632;1008.2632;1008.2632;05-Apr-2009
111645;Mirae Asset Liquid Fund - Regular Plan - Monthly IDCW;INF769K01838;INF769K01820;1008.3217;1008.3217;1008.3217;05-Apr-2009
111644;Mirae Asset Liquid Fund - Regular Plan - Weekly IDCW;INF769K01PC4;INF769K01812;1008.3239;1008.3239;1008.3239;05-Apr-2009

Nippon India Mutual Fund
100852;NIPPON INDIA LIQUID FUND - DAILY IDCW OPTION;;INF204K01UM1;15.2872;15.2872;15.2872;05-Apr-2009
100855;NIPPON INDIA LIQUID FUND - MONTHLY IDCW OPTION;INF204K01UO7;INF204K01UP4;18.4707;18.4707;18.4707;05-Apr-2009
100837;Nippon India Liquid Fund - Retail Option - Growth Plan;INF204K01UL3;;21.1401;21.1401;21.1401;05-Apr-2009
100842;NIPPON INDIA LIQUID FUND - RETAIL Plan - DAILY IDCW OPTION;;INF204K01UJ7;15.2426;15.2426;15.2426;05-Apr-2009
100843;NIPPON INDIA LIQUID FUND - RETAIL plan - MONTHLY IDCW OPTION;INF204K01UT6;INF204K01UU4;13.2630;13.2630;13.2630;05-Apr-2009
100844;NIPPON INDIA LIQUID FUND - RETAIL Plan - QUARTERLY IDCW OPTION;INF204K01UV2;INF204K01UW0;12.1839;12.1839;12.1839;05-Apr-2009
100838;NIPPON INDIA LIQUID FUND - RETAIL Plan - WEEKLY IDCW OPTION;;INF204K01UK5;10.3524;10.3524;10.3524;05-Apr-2009
100853;NIPPON INDIA LIQUID FUND - WEEKLY IDCW OPTION;INF204KC1FM8;INF204K01US8;15.3195;15.3195;15.3195;05-Apr-2009
100851;Nippon India Liquid Fund -Growth Plan;INF204K01UN9;;21.4736;21.4736;21.4736;05-Apr-2009
100849;Reliance Liquid Fund-Cash Plan-Daily Dividend Reinvestment Option;;;11.1415;11.1415;11.1415;05-Apr-2009
100845;Reliance Liquid Fund-Cash Plan-Growth Plan;;;14.6753;14.6753;14.6753;05-Apr-2009
100848;Reliance Liquid Fund-Cash Plan-Weekly Dividend Reinvestment Option;;;10.9218;10.9218;10.9218;05-Apr-2009

Principal Mutual Fund
100895;Principal Cash Management Fund - Daily Income Distribution CUM Capital Withdrawal;;INF173K01DB7;10.0007;10.0007;10.0007;05-Apr-2009
100897;Principal Cash Management Fund - Monthly Income Distribution CUM Capital Withdrawal Option;INF173K01BV9;INF173K01BW7;10.0552;10.0552;10.0552;05-Apr-2009
100896;Principal Cash Management Fund - Weekly Income Distribution CUM Capital Withdrawal Option;;INF173K01DC5;10.0440;10.0440;10.0440;05-Apr-2009
100898;Principal Cash Management Fund -Growth Option;INF173K01DA9;;13.7531;13.7531;13.7531;05-Apr-2009
100892;Principal Cash Management-Liquid Option-Daily Dividend;;;10.0022;10.0022;10.0022;05-Apr-2009
100887;Principal Cash Management-Liquid Option-Dividend Plan;;;10.1244;10.1244;10.1244;05-Apr-2009
100888;Principal Cash Management-Liquid Option-Growth Plan;;;17.1444;17.1444;17.1444;05-Apr-2009
100894;Principal Cash Management-Liquid Option-Institutional - Daily Dividend Plan;;;10.0022;10.0022;10.0022;05-Apr-2009
100893;Principal Cash Management-Liquid Option-Institutional - Growth Plan;;;14.4641;14.4641;14.4641;05-Apr-2009
100891;Principal Cash Management-Liquid Option-Institutional - Monthly Dividend Plan;;;10.0145;10.0145;10.0145;05-Apr-2009
100890;Principal Cash Management-Liquid Option-Institutional - Weekly Dividend Plan;;;10.0062;10.0062;10.0062;05-Apr-2009
100889;Principal Cash Management-Liquid Option-Monthly Dividend;;;10.0141;10.0141;10.0141;05-Apr-2009

Quantum Mutual Fund
103736;Quantum Liquid Fund - Direct Plan Daily IDCW;;INF082J01135;10.0000;10.0000;10.0000;05-Apr-2009
103734;Quantum Liquid Fund - Direct Plan Growth Option;INF082J01127;;12.5571;12.5571;12.5571;05-Apr-2009
103735;Quantum Liquid Fund - Direct Plan Monthly IDCW;INF082J01143;INF082J01200;10.0199;10.0199;10.0199;05-Apr-2009

SBI Mutual Fund
105274;SBI Liquid Fund - Institutional - Growth;INF200K01LU1;;14.0619;14.0619;14.0619;05-Apr-2009
105275;SBI Liquid Fund - Institutional Daily Income Distribution cum Capital Withdrawal Option (IDCW);;INF200K01LR7;10.0325;10.0325;10.0325;05-Apr-2009
105279;SBI Liquid Fund - Institutional Fortnightly Income Distribution cum Capital Withdrawal Option (IDCW);INF200K01LS5;INF200K01LT3;10.1374;10.1374;10.1374;05-Apr-2009
105278;SBI Liquid Fund - Institutional Weekly Income Distribution cum Capital Withdrawal Option (IDCW);INF200K01LV9;INF200K01LW7;10.5999;10.5999;10.5999;05-Apr-2009
105281;SBI Liquid Fund - Regular Plan - Daily Income Distribution cum Capital Withdrawal Option (IDCW);;INF200K01LX5;10.0325;10.0325;10.0325;05-Apr-2009
105283;SBI Liquid Fund - Regular Plan - Fortnightly Income Distribution cum Capital Withdrawal Option (IDCW);INF200K01LY3;INF200K01LZ0;0;0;0;05-Apr-2009
105282;SBI Liquid Fund - Regular Plan - Weekly Income Distribution cum Capital Withdrawal Option (IDCW);INF200K01MB9;INF200K01MC7;0;0;0;05-Apr-2009
105280;SBI Liquid Fund - REGULAR PLAN -Growth;INF200K01MA1;;13.9055;13.9055;13.9055;05-Apr-2009

Tata Mutual Fund
102672;Tata Liquid Fund -Regular Plan - Growth Option;INF277K01YD8;;13.8904;13.8904;13.8904;05-Apr-2009
101714;Tata Liquid Fund- Regular Plan - Daily Reinvestment of IDCW Option;;INF277K011D4;10.0152;10.0152;10.0152;05-Apr-2009

Taurus Mutual Fund
111703;Taurus Liquid Fund - Regular Plan -SI Daily Dividend Option;;INF044D01518;10.0000;10.0000;10.0000;05-Apr-2009
111760;Taurus Liquid Fund Insti Growth;INF044D01500;;10.0000;10.0000;10.0000;05-Apr-2009
104240;Taurus Liquid Fund-Dividend;INF044D01542;INF044D01559;10.0114;10.0114;10.0114;05-Apr-2009
104241;Taurus Liquid Fund-Growth;INF044D01575;;11.7127;11.7127;11.7127;05-Apr-2009

UTI Mutual Fund
102010;UTI Liquid Fund - Regular Plan - Daily IDCW (Reinvestment);;INF789F01PG3;1019.4457;1019.4457;1019.4457;05-Apr-2009
102011;UTI Liquid Fund - Regular Plan - Monthly IDCW;INF789F01PI9;INF789F01PJ7;1025.7945;1025.7945;1025.7945;05-Apr-2009
102013;UTI Liquid Fund - Regular Plan - Weekly IDCW;;INF789F01PK5;1022.8734;1022.8734;1022.8734;05-Apr-2009
102012;UTI-  Liquid Cash Plan - Regular Plan - Growth Option;INF789F01PH1;;1447.4435;1447.4435;1447.4435;05-Apr-2009
102008;UTI-  Liquid Cash Plan- Discontinued - Regular Plan - Monthly Dividend Option;INF789F01BC2;INF789F01BA6;1057.3366;1057.3366;1057.3366;05-Apr-2009
102009;UTI-  Liquid Cash Plan- Discontinued - Regular Plan -Growth;INF789F01BB4;;1432.4873;1432.4873;1432.4873;05-Apr-2009
102007;UTI-  Liquid Cash Plan- Discontinued -Regular Plan Periodic Dividend Option;;INF789F01AZ5;1047.8304;1047.8304;1047.8304;05-Apr-2009

Open Ended Schemes ( Debt Scheme - Ultra Short Duration Fund )


Principal Mutual Fund
107325;Principal Money Manager Fund-Regular Plan-Daily Dividend Option;;;10.0247;10.0247;10.0247;05-Apr-2009
107331;Principal Money Manager Fund-Regular Plan-Growth Option;;;10.8498;10.8498;10.8498;05-Apr-2009
107327;Principal Money Manager Fund-Regular Plan-Monthly Dividend Option;;;10.5379;10.5379;10.5379;05-Apr-2009
107326;Principal Money Manager Fund-Regular Plan-Weekly Dividend Option;;;10.1083;10.1083;10.1083;05-Apr-2009
107329;Principal Ultra Short Term Fund-Daily Income Distribution CUM Capital Withdrawal Option;;INF173K01CV7;10.0247;10.0247;10.0247;05-Apr-2009
107328;Principal Ultra Short Term Fund-Growth Option;INF173K01CU9;;10.4975;10.4975;10.4975;05-Apr-2009
107330;Principal Ultra Short Term Fund-Monthly Income Distribution CUM Capital Withdrawal Option;INF173K01CB9;INF173K01CC7;10.4006;10.4006;10.4006;05-Apr-2009
107332;Principal Ultra Short Term Fund-Weekly Income Distribution CUM Capital Withdrawal Option;;INF173K01CW5;10.1161;10.1161;10.1161;05-Apr-2009

SBI Mutual Fund
105080;SBI Ultra Short Duration Fund - Regular Plan - Daily Income Distribution cum Capital Withdrawal Option (IDCW);;INF200K01LK2;16.7503;16.7503;16.7503;05-Apr-2009
100641;SBI ULTRA SHORT DURATION FUND - REGULAR PLAN - GROWTH;INF200K01LJ4;;19.6636;19.6636;19.6636;05-Apr-2009
103884;SBI Ultra Short Duration Fund - Regular Plan - Weekly Income Distribution cum Capital Withdrawal Option (IDCW);INF200K01LM8;INF200K01LL0;10.7694;10.7694;10.7694;05-Apr-2009

Open Ended Schemes ( Debt Scheme - Low Duration Fund )


Aditya Birla Sun Life Mutual Fund
103192;Aditya Birla Sun Life Low Duration Fund - Growth Plan;INF209K01LQ0;;21.5388;21.5388;21.5388;05-Apr-2009
103195;Aditya Birla Sun Life Low Duration Fund - Institutional Plan - Growth;INF209K01KE8;;14.7109;14.7109;14.7109;05-Apr-2009
103191;Aditya Birla Sun Life Low Duration Fund -INSTITUTIONAL - DAILY IDCW;;INF209K01KD0;10.0030;10.0030;10.0030;05-Apr-2009
103194;Aditya Birla Sun Life Low Duration Fund -Institutional - weekly  IDCW;;INF209K01KG3;10.0096;10.0096;10.0096;05-Apr-2009
103193;Aditya Birla Sun Life Low Duration Fund -REGULAR - WEEKLY IDCW;;INF209KA1LQ4;10.0092;10.0092;10.0092;05-Apr-2009

Bandhan Mutual Fund
108633;BANDHAN Low Duration Fund - Regular Plan - Daily IDCW;INF194K01FW4;INF194K01FV6;10.0125;10.0125;10.0125;05-Apr-2009
108632;BANDHAN Low Duration Fund - Regular Plan - Growth;INF194K01FU8;;12.1230;12.1230;12.1230;05-Apr-2009
108635;BANDHAN Low Duration Fund - Regular Plan - Monthly IDCW;INF194K01FZ7;INF194K01FY0;10.0091;10.0091;10.0091;05-Apr-2009
108634;BANDHAN Low Duration Fund - Regular Plan - Weekly IDCW;INF194K01GC4;INF194K01GB6;10.0055;10.0055;10.0055;05-Apr-2009

Canara Robeco Mutual Fund
104559;CANARA ROBECO SAVINGS FUND - REGULAR PLAN - DAILY IDCW (Reinvestment);;INF760K01803;10.2600;10.2600;10.2600;05-Apr-2009
102913;CANARA ROBECO SAVINGS FUND - REGULAR PLAN - GROWTH OPTION;INF760K01795;;13.5880;13.5880;13.5880;05-Apr-2009
102914;CANARA ROBECO SAVINGS FUND - REGULAR PLAN - IDCW (Payout/Reinvestment);INF760K01779;INF760K01787;13.0658;13.0658;13.0658;05-Apr-2009
102915;CANARA ROBECO SAVINGS FUND - REGULAR PLAN - WEEKLY IDCW (Payout/Reinvestment);INF760K01CB3;INF760K01811;10.2676;10.2676;10.2676;05-Apr-2009

Open Ended Schemes ( Debt Scheme - Money Market Fund )


Aditya Birla Sun Life Mutual Fund
101975;Aditya Birla Sun Life Floating Rate Fund-Short Term Plan-Institutional Fortnightly Dividend;;;10.0000;10.0000;10.0000;05-Apr-2009
101973;Aditya Birla Sun Life Money Manager Fund - Daily IDCW;;INF209K01SZ6;10.0086;10.0086;10.0086;05-Apr-2009
101976;Aditya Birla Sun Life Money Manager Fund - Growth;INF209K01RV7;;11.6337;11.6337;11.6337;05-Apr-2009
101972;Aditya Birla Sun Life Money Manager Fund - Retail - Daily IDCW;;INF209K01JZ5;10.0015;10.0015;10.0015;05-Apr-2009
101970;Aditya Birla Sun Life Money Manager Fund - RETAIL - WEEKLY IDCW;;INF209K01JY8;10.3863;10.3863;10.3863;05-Apr-2009
101971;Aditya Birla Sun Life Money Manager Fund - Retail Growth;INF209K01MJ3;;14.4498;14.4498;14.4498;05-Apr-2009
101974;Aditya Birla Sun Life Money Manager Fund - WEEKLY IDCW;;INF209K01SY9;10.0191;10.0191;10.0191;05-Apr-2009

Franklin Templeton Mutual Fund
101352;Templeton Floating Rate Income Fund-Short Term Plan-Dividend Option;;;10.0491;10.0491;10.0491;05-Apr-2009
101353;Templeton Floating Rate Income Fund-Short Term Plan-Growth Option;;;15.9837;15.9837;15.9837;05-Apr-2009
101355;Templeton Floating Rate Income Fund-Short Term Plan-Institutional Option - Dividend;;;10.1505;10.1505;10.1505;05-Apr-2009
101354;Templeton Floating Rate Income Fund-Short Term Plan-Institutional Option - Growth;;;13.1692;13.1692;13.1692;05-Apr-2009

HDFC Mutual Fund
101994;HDFC Money Market Fund - Daily IDCW Option;;INF179KB1IG6;10.6364;10.6364;10.6364;05-Apr-2009
101993;HDFC Money Market Fund - Growth Option;INF179KB1HR5;;18.4027;18.4027;18.4027;05-Apr-2009
101995;HDFC Money Market Fund - Weekly IDCW Option;INF179KB1IH4;INF179KB1II2;10.6376;10.6376;10.6376;05-Apr-2009

ICICI Prudential Mutual Fund
101221;ICICI Prudential Money Market Fund Retail Growth (erstwhile Cash Option);INF109K01TW3;; 14.6792 ; 14.6792 ; 14.6792 ;05-Apr-2009
103634;ICICI Prudential Money Market Fund Option - Daily IDCW;INF109K01TY9;; 10.0010 ; 10.0010 ; 10.0010 ;05-Apr-2009
103633;ICICI Prudential Money Market Fund Option - Growth;INF109K01TX1;; 12.5101 ; 12.5101 ; 12.5101 ;05-Apr-2009
103637;ICICI Prudential Money Market Fund Option - Monthly IDCW;INF109K01UC3;INF109K01UB5; 10.0101 ; 10.0101 ; 10.0101 ;05-Apr-2009
103635;ICICI Prudential Money Market Fund Option - Weekly IDCW;INF109K01TZ6;; 10.0110 ; 10.0110 ; 10.0110 ;05-Apr-2009
103636;ICICI Prudential Money Market Fund Option -Fortnightly IDCW;INF109K01UA7;; 10.0185 ; 10.0185 ; 10.0185 ;05-Apr-2009

Kotak Mahindra Mutual Fund
106842;Kotak Money Market Fund - (Daily Reinvestment of Income Distribution cum capital withdrawal option);INF174K01ND0;;10.0428;10.0428;10.0428;05-Apr-2009
101893;Kotak Money Market Fund - (Growth);INF174K01NA6;;14.5053;14.5053;14.5053;05-Apr-2009
101892;Kotak Money market Fund - (Monthly Payout of Income Distribution cum capital withdrawal option);INF174K018O0;INF174K01NB4;10.0402;10.0402;10.0402;05-Apr-2009
101894;Kotak Money Market Fund - (Weekly Reinvestment of Income Distribution cum capital withdrawal option);INF174K01NC2;;10.0349;10.0349;10.0349;05-Apr-2009

Nippon India Mutual Fund
103050;NIPPON INDIA MONEY MARKET FUND - DAILY IDCW Option;;INF204K01UY6;10.0031;10.0031;10.0031;05-Apr-2009
103052;NIPPON INDIA MONEY MARKET FUND - MONTHLY IDCW Option;INF204K01VB2;INF204K01VC0;13.2589;13.2589;13.2589;05-Apr-2009
103051;NIPPON INDIA MONEY MARKET FUND - WEEKLY IDCW Option;;INF204K01UZ3;10.0129;10.0129;10.0129;05-Apr-2009
103048;Nippon India Money Market Fund-Growth Plan-Growth Option;INF204K01VA4;;13.2589;13.2589;13.2589;05-Apr-2009

Tata Mutual Fund
101986;Tata Money Market Fund- Regular Plan - Daily Reinvestment of IDCW Option;;INF277K014C0;1114.5200;1114.5200;1114.5200;05-Apr-2009
101847;Tata Money Market Fund-Regular Plan - Growth Option;INF277K01LQ7;;1628.2862;1628.2862;1628.2862;05-Apr-2009

UTI Mutual Fund
100724;UTI MMF- Discontinued - Regular Plan - Flexi Dividend Option;;INF789F01BD0;18.3353;18.3353;18.3353;05-Apr-2009
100725;UTI MMF- Discontinued - Regular Plan - Periodic Dividend Option;INF789F01BE8;;18.2352;18.2352;18.2352;05-Apr-2009
100723;UTI MMF-Discontinued - Regular Plan -Growth;INF789F01BF5;;24.6464;24.6464;24.6464;05-Apr-2009

Open Ended Schemes ( Debt Scheme - Credit Risk Fund )


Principal Mutual Fund
102729;Principal Credit Risk Fund - Regular Plan - Growth Option;INF173K01DM4;;13.8088;13.8088;13.8088;05-Apr-2009
102732;Principal Credit Risk Fund - Regular Plan - Monthly Dividend Option;INF173K01BJ4;INF173K01BK2;11.5447;11.5447;11.5447;05-Apr-2009
102726;Principal Floating Rate Fund - SMP-Daily Dividend;;;10.0007;10.0007;10.0007;05-Apr-2009
102725;Principal Floating Rate Fund - SMP-Growth;;;13.7442;13.7442;13.7442;05-Apr-2009
102730;Principal Floating Rate Fund - SMP-Insti. Daily Dividend;;;10.0007;10.0007;10.0007;05-Apr-2009
102731;Principal Floating Rate Fund - SMP-Insti. Weekly Dividend;;;10.0053;10.0053;10.0053;05-Apr-2009
102728;Principal Floating Rate Fund - SMP-Monthly Dividend;;;10.7444;10.7444;10.7444;05-Apr-2009
102727;Principal Floating Rate Fund - SMP-Weekly Dividend;;;10.0052;10.0052;10.0052;05-Apr-2009

Open Ended Schemes ( Debt Scheme - Floater Fund )


Franklin Templeton Mutual Fund
101048;Franklin India Floating Rate Fund - Growth Plan;INF090I01LM7;;15.5175;15.5175;15.5175;05-Apr-2009
101044;Franklin India Floating Rate Fund - IDCW ;INF090I01LN5;;10.0000;10.0000;10.0000;05-Apr-2009

Nippon India Mutual Fund
102676;NIPPON INDIA FLOATER FUND - DAILY IDCW REINVESTMENT Option;;INF204K01CI7;10.0697;10.0697;10.0697;05-Apr-2009
102673;Nippon India Floater Fund - Growth Plan-Growth Option;INF204K01CG1;;13.8205;13.8205;13.8205;05-Apr-2009
102675;NIPPON INDIA FLOATER FUND - MONTHLY IDCW Option;INF204K01CH9;INF204K01CK3;10.1411;10.1411;10.1411;05-Apr-2009
102677;NIPPON INDIA FLOATER FUND - WEEKLY IDCW Option;INF204K01OQ5;INF204K01CJ5;10.0932;10.0932;10.0932;05-Apr-2009

Close Ended Schemes ( Income )


SBI Mutual Fund
111829;SBI Debt Fund Series-13 Months-9(13/03/2009)-Institutional Dividend;;;10.0460;0;0;05-Apr-2009
111828;SBI Debt Fund Series-13 Months-9(13/03/2009)-Institutional Growth;;;10.0467;0;0;05-Apr-2009
111831;SBI Debt Fund Series-13 Months-9(13/03/2009)-Retail Dividend;;;10.0400;0;0;05-Apr-2009
111830;SBI Debt Fund Series-13 Months-9(13/03/2009)-Retail Growth;;;10.0466;0;0;05-Apr-2009
111889;REDEEMED-SBI Debt Fund Series - 13 Months - 10 (24/03/09) - Institutional Dividend;;;10.0234;0;0;05-Apr-2009
111890;REDEEMED-SBI Debt Fund Series - 13 Months - 10 (24/03/09) - Institutional Growth;;;10.0234;0;0;05-Apr-2009
111891;REDEEMED-SBI Debt Fund Series - 13 Months - 10 (24/03/09) - Retail Dividend;;;10.0229;0;0;05-Apr-2009
111892;REDEEMED-SBI Debt Fund Series - 13 Months - 10 (24/03/09) - Retail Growth;;;10.0231;0;0;05-Apr-2009
