Scheme Code;Scheme Name;ISIN Div Payout/ISIN Growth;ISIN Div Reinvestment;Net Asset Value;Repurchase Price;Sale Price;Date

Open Ended Schemes ( Liquid )


Sahara Mutual Fund
101397;Sahara Liquid Fund-Fixed Pricing -  Weekly Dividend Option;;INF515L01064;1027.4373;;;30-Dec-2018
101393;Sahara Liquid Fund-Fixed Pricing - Daily Dividend Option;;INF515L01049;1259.3192;;;30-Dec-2018
120265;Sahara Liquid Fund-Fixed Pricing - Direct - Weekly Dividend Option;;INF515L01668;1027.4373;;;30-Dec-2018
120262;Sahara Liquid Fund-Fixed Pricing - Direct -Growth option;INF515L01650;;3024.287;;;30-Dec-2018
101394;Sahara Liquid Fund-Fixed Pricing - Growth option;INF515L01056;;3081.7175;;;30-Dec-2018
101398;Sahara Liquid Fund-Fixed Pricing - Monthly Dividend Option;;INF515L01072;1043.3721;;;30-Dec-2018
120253;Sahara Liquid Fund-Fixed Pricing -Direct - Daily Dividend Option- Direct;;INF515L01643;1259.3192;;;30-Dec-2018
120266;Sahara Liquid Fund-Fixed Pricing -Direct - Monthly Dividend Option;;INF515L01676;1043.3721;;;30-Dec-2018
101399;Sahara Liquid Fund-Variable Pricing - Daily Dividend option;;INF515L01080;1271.0548;;;30-Dec-2018
101402;Sahara Liquid Fund-Variable Pricing - Growth option;INF515L01114;;3152.506;;;30-Dec-2018
101400;Sahara Liquid Fund-Variable Pricing - Weekly Dividend Option;;INF515L01098;1281.4365;;;30-Dec-2018
120271;Sahara Liquid Fund-Variable Pricing -Direct - Daily Dividend option;;INF515L01684;1038.8267;;;30-Dec-2018
120280;Sahara Liquid Fund-Variable Pricing -Direct - Growth option;INF515L01718;;3158.9946;;;30-Dec-2018
120272;Sahara Liquid Fund-Variable Pricing -Direct - Weekly Dividend Option;;INF515L01692;1281.4365;;;30-Dec-2018
120273;Sahara Liquid Fund-Variable Pricing- Direct - Monthly Dividend Option;;INF515L01700;1055.8972;;;30-Dec-2018
101401;Sahara Liquid Fund-Variable Pricing- Monthly Dividend Option;;INF515L01106;1294.6137;;;30-Dec-2018

Open Ended Schemes ( Debt Scheme - Overnight Fund )


Aditya Birla Sun Life Mutual Fund
145488;ADITYA BIRLA SUN LIFE OVERNIGHT FUND-  Direct - Monthly Payout of IDCW;INF209KB1ZL4;;1000.3721;;;30-Dec-2018
145489;ADITYA BIRLA SUN LIFE OVERNIGHT FUND-  Direct - Weekly Reinvestment of IDCW;;INF209KB1ZJ8;1000.3716;;;30-Dec-2018
145487;ADITYA BIRLA SUN LIFE OVERNIGHT FUND- Direct - Daily Reinvestment of IDCW;;INF209KB1ZI0;1000.02;;;30-Dec-2018
145483;ADITYA BIRLA SUN LIFE OVERNIGHT FUND- Regular - Daily Reinvestment of IDCW;;INF209KB1ZD1;1000.02;;;30-Dec-2018
145485;ADITYA BIRLA SUN LIFE OVERNIGHT FUND- Regular- Monthly Payout of IDCW option;INF209KB1ZG4;;1000.3719;;;30-Dec-2018
145486;ADITYA BIRLA SUN LIFE OVERNIGHT FUND-DIRECT PLAN-GROWTH;INF209KB1ZH2;;1010.4102;;;30-Dec-2018
145481;ADITYA BIRLA SUNLIFE OVERNIGHT FUND-REGULAR PLAN-GROWTH;INF209KB1ZC3;;1010.1528;;;30-Dec-2018

HDFC Mutual Fund
119109;HDFC Overnight Fund - Daily IDCW Option - Direct Plan;;INF179KB1HY1;1042.66;;;30-Dec-2018
101996;HDFC Overnight Fund - Growth Option;INF179KB1HS3;;2769.446;;;30-Dec-2018
119110;HDFC Overnight Fund - Growth Option - Direct Plan;INF179KB1HT1;;2779.319;;;30-Dec-2018
101997;HDFC Overnight Fund - IDCW Option (Daily);;INF179KB1IF8;1042.66;;;30-Dec-2018

ICICI Prudential Mutual Fund
145547;ICICI Prudential Overnight Fund - Daily IDCW;;INF109KC18E1;100.0005;;;30-Dec-2018
145537;ICICI Prudential Overnight Fund - Direct Plan - Daily IDCW;;INF109KC12G9;100.0005;;;30-Dec-2018
145536;ICICI Prudential Overnight Fund - Direct Plan - Growth;INF109KC11G1;;100.8006;;;30-Dec-2018
145545;ICICI Prudential Overnight Fund - Direct Plan - Half Yearly IDCW;INF109KC11H9;INF109KC12H7;100.1946;;;30-Dec-2018
145542;ICICI Prudential Overnight Fund - Direct Plan - Monthly IDCW;INF109KC13G7;INF109KC14G5;100.5426;;;30-Dec-2018
145535;ICICI Prudential Overnight Fund - Growth;INF109KC17E3;;100.788;;;30-Dec-2018

L&T Mutual Fund
118066;L&T Overnight Fund  - Regular Plan - Monthly IDCW;INF917K01EL4;INF917K01EM2;1019.6981;;;30-Dec-2018
119283;L&T Overnight Fund - Direct Plan - Growth;INF917K01EN0;;1457.5658;;;30-Dec-2018
119284;L&T Overnight Fund - Direct Plan- Daily IDCW;;INF917K01EO8;1023.3;;;30-Dec-2018
119282;L&T Overnight Fund - Direct Plan- Monthly IDCW;INF917K01ER1;;1060.4691;;;30-Dec-2018
119285;L&T Overnight Fund - Direct Plan- Weekly IDCW;;INF917K01EP5;1002.4839;;;30-Dec-2018
118056;L&T Overnight Fund - Regular Plan - Daily IDCW;;INF917K01EJ8;1023.3;;;30-Dec-2018
118058;L&T Overnight Fund - Regular Plan - Growth;INF917K01EI0;;1402.3098;;;30-Dec-2018
118065;L&T Overnight Fund - Regular Plan - Weekly IDCW;;INF917K01EK6;1000.9726;;;30-Dec-2018

Nippon India Mutual Fund
145830;NIPPON INDIA OVERNIGHT FUND - DAILY IDCW Option;;INF204KB1Q73;100.0050;;;30-Dec-2018
145812;NIPPON INDIA OVERNIGHT FUND - DIRECT Plan - DAILY IDCW Option;;INF204KB1R49;100.0050;;;30-Dec-2018
145810;Nippon India Overnight Fund - Direct Plan - Growth Option;INF204KB1R31;;100.2302;;;30-Dec-2018
145824;NIPPON INDIA OVERNIGHT FUND - DIRECT Plan - MONTHLY IDCW Option;INF204KB1R64;INF204KB1R72;100.2302;;;30-Dec-2018
145825;NIPPON INDIA OVERNIGHT FUND - DIRECT Plan - QUARTERLY IDCW Option;INF204KB1R80;INF204KB1R98;100.2299;;;30-Dec-2018
145823;NIPPON INDIA OVERNIGHT FUND - DIRECT Plan - WEEKLY IDCW Option;;INF204KB1R56;100.0406;;;30-Dec-2018
145827;NIPPON INDIA OVERNIGHT FUND - MONTHLY IDCW Option;INF204KB1Q99;INF204KB1R07;100.2267;;;30-Dec-2018
145833;NIPPON INDIA OVERNIGHT FUND - QUARTERLY IDCW Option;INF204KB1R15;INF204KB1R23;100.2266;;;30-Dec-2018
145811;Nippon India Overnight Fund - Regular Plan - Growth Option;INF204KB1Q65;;100.2266;;;30-Dec-2018
145826;NIPPON INDIA OVERNIGHT FUND - WEEKLY IDCW Option;;INF204KB1Q81;100.0399;;;30-Dec-2018

SBI Mutual Fund
119831;SBI Overnight Fund - Direct Plan - Daily Income Distribution cum Capital Withdrawal Option (IDCW);;INF200K01TJ7;1009.9100;;;30-Dec-2018
119833;SBI OVERNIGHT FUND - DIRECT PLAN - GROWTH;INF200K01TK5;;3044.8019;;;30-Dec-2018
119832;SBI Overnight Fund - Direct Plan - Weekly Income Distribution cum Capital Withdrawal Option (IDCW);INF200K01TL3;INF200K01TM1;1031.6391;;;30-Dec-2018
114297;SBI Overnight Fund - Regular Plan - Daily Income Distribution cum Capital Withdrawal Option (IDCW);;INF200K01LN6;1009.9100;;;30-Dec-2018
101206;SBI OVERNIGHT FUND - REGULAR PLAN - GROWTH;INF200K01LQ9;;3020.0319;;;30-Dec-2018
103140;SBI Overnight Fund - Regular Plan - Weekly Income Distribution cum Capital Withdrawal Option (IDCW);INF200K01LO4;INF200K01LP1;1031.3692;;;30-Dec-2018

UTI Mutual Fund
100814;UTI - Overnight  Fund - Regular Plan - Growth Option;INF789F01604;;2539.6802;;;30-Dec-2018
120785;UTI - Overnight Fund - Direct Plan - Growth Option;INF789FB1S71;;2557.4404;;;30-Dec-2018
124266;UTI Overnight Fund - Direct Plan - Daily IDCW;;INF789FB1S89;1371.6621;;;30-Dec-2018
120786;UTI Overnight Fund - Direct Plan - Periodic IDCW;INF789FB1T05;INF789FB1S97;1463.4874;;;30-Dec-2018
124265;UTI Overnight Fund - Regular Plan - Daily IDCW;;INF789FB1T13;1370.8617;;;30-Dec-2018
100813;UTI Overnight Fund - Regular Plan - Periodic IDCW;INF789F01588;INF789F01596;1429.8724;;;30-Dec-2018

Open Ended Schemes ( Debt Scheme - Liquid Fund )


360 ONE Mutual Fund
125349;360 ONE LIQUID FUND DIRECT PLAN  DAILY DIVIDEND REINVESTMENT;;INF579M01688;1000.0427;;;30-Dec-2018
125345;360 ONE LIQUID FUND DIRECT PLAN  GROWTH;INF579M01621;;1439.5915;;;30-Dec-2018
125343;360 ONE LIQUID FUND DIRECT PLAN  WEEKLY DIVIDEND;INF579M01639;INF579M01696;1005.9217;;;30-Dec-2018
125342;360 ONE LIQUID FUND REGULAR PLAN  DAILY DIVIDEND REINVESTMENT;;INF579M01563;1000.1079;;;30-Dec-2018
125259;360 ONE LIQUID FUND REGULAR PLAN  GROWTH;INF579M01506;;1435.8947;;;30-Dec-2018
125337;360 ONE LIQUID FUND REGULAR PLAN  WEEKLY DIVIDEND;INF579M01514;INF579M01571;1005.9137;;;30-Dec-2018

Aditya Birla Sun Life Mutual Fund
100047;Aditya Birla Sun Life Liquid Fund - Growth;INF209K01RU9;;293.6389;;;30-Dec-2018
119568;Aditya Birla Sun Life Liquid Fund - Growth - Direct Plan;INF209K01VA3;;294.9788;;;30-Dec-2018
100046;Aditya Birla Sun Life Liquid Fund -Daily IDCW;INF209K01KQ2;INF209K01SQ5;100.195;;;30-Dec-2018
119569;Aditya Birla Sun Life Liquid Fund -Direct - daily IDCW;INF209K01UZ2;;100.195;;;30-Dec-2018
119571;Aditya Birla Sun Life Liquid Fund -DIRECT - IDCW;INF209K01VD7;;160.152;;;30-Dec-2018
119570;Aditya Birla Sun Life Liquid Fund -Direct - weekly IDCW;INF209K01VC9;;100.2652;;;30-Dec-2018
100041;Aditya Birla Sun Life Liquid Fund -Institutional - IDCW;;INF209K01KN9;108.023;;;30-Dec-2018
100048;Aditya Birla Sun Life Liquid Fund -Institutional - weekly  IDCW;INF209KA1LK7;INF209K01KY6;108.1108;;;30-Dec-2018
103885;Aditya Birla Sun Life Liquid Fund -Regular - IDCW;INF209KA1LI1;;122.8694;;;30-Dec-2018
100044;Aditya Birla Sun Life Liquid Fund -Retail - IDCW;;INF209K01KP4;163.694;;;30-Dec-2018
100051;Aditya Birla Sun Life Liquid Fund -weekly IDCW;INF209K01KU4;INF209KA1LJ9;100.2647;;;30-Dec-2018
112014;Aditya Birla Sun Life Liquid Fund- Discipline Advantage Plan;INF209K01KZ3;;197.8643;;;30-Dec-2018
100043;Aditya Birla Sun Life Liquid Fund-Institutional (Growth);INF209K01RT1;;488.9989;;;30-Dec-2018
100042;Aditya Birla Sun Life Liquid Fund-Retail (Growth);INF209K01ME4;;476.5111;;;30-Dec-2018

Axis Mutual Fund
128954;Axis Liquid Fund - Direct plan - Bonus Option;INF846K01NH4;;2035.5638;;;30-Dec-2018
120388;Axis Liquid Fund - Direct Plan - Daily IDCW;;INF846K01DA0;1000.9560;;;30-Dec-2018
120389;Axis Liquid Fund - Direct Plan - Growth Option;INF846K01CX4;;2035.6782;;;30-Dec-2018
120391;Axis Liquid Fund - Direct Plan - Monthly IDCW;INF846K01CY2;INF846K01CZ9;1001.0848;;;30-Dec-2018
120390;Axis Liquid Fund - Direct Plan - Weekly IDCW;INF846K01DB8;INF846K01DC6;1003.2869;;;30-Dec-2018
112211;Axis Liquid Fund - Regular Plan - Daily IDCW;;INF846K01420;1001.3998;;;30-Dec-2018
112210;Axis Liquid Fund - Regular Plan - Growth Option;INF846K01412;;2027.6618;;;30-Dec-2018
112213;Axis Liquid Fund - Regular Plan - Monthly IDCW;INF846K01453;INF846K01461;1001.6732;;;30-Dec-2018
112212;Axis Liquid Fund - Regular Plan - Weekly IDCW;INF846K01438;INF846K01446;1003.2787;;;30-Dec-2018
112712;Axis Liquid Fund - Retail Plan - Daily IDCW;;INF846K01362;1000.9559;;;30-Dec-2018
112713;Axis Liquid Fund - Retail Plan - Growth Option;INF846K01354;;1916.8957;;;30-Dec-2018
112714;Axis Liquid Fund - Retail Plan - Monthly IDCW;INF846K01396;INF846K01404;1001.0256;;;30-Dec-2018
112715;Axis Liquid Fund - Retail Plan - Weekly IDCW;INF846K01370;INF846K01388;1001.7294;;;30-Dec-2018

Bandhan Mutual Fund
108692;BANDHAN LIQUID Fund - Regular Plan - Daily IDCW;INF194K01VZ4;INF194K01VY7;1001.0846;;;30-Dec-2018
108690;BANDHAN LIQUID Fund - Regular Plan - Growth;INF194K01VX9;;2218.4110;;;30-Dec-2018
108693;BANDHAN LIQUID Fund - Regular Plan - Monthly IDCW;INF194K01WF4;INF194K01WE7;1000.7036;;;30-Dec-2018
115489;BANDHAN LIQUID Fund - Regular Plan - Periodic IDCW;INF194K01WC1;INF194K01WB3;1462.8912;;;30-Dec-2018
108691;BANDHAN LIQUID Fund - Regular Plan - Weekly IDCW;INF194K01WI8;INF194K01WH0;1001.4592;;;30-Dec-2018
139582;BANDHAN LIQUID Fund - Unclaimed IDCW Less than 3 years;INF194KA14C0;;1.1862;;;30-Dec-2018
139583;BANDHAN LIQUID Fund - Unclaimed IDCW More than 3 years;INF194KA15C7;;1.0000;;;30-Dec-2018
139584;BANDHAN LIQUID Fund - Unclaimed Redemption Less than 3 years;INF194KA12C4;;1.1862;;;30-Dec-2018
139585;BANDHAN LIQUID Fund - Unclaimed Redemption More than 3 years;INF194KA13C2;;1.0000;;;30-Dec-2018
118365;BANDHAN LIQUID Fund -Direct Plan -Monthly IDCW;INF194K01J36;INF194K01J28;1007.4263;;;30-Dec-2018
118367;BANDHAN LIQUID Fund -Direct Plan -Weekly IDCW;INF194KB1JT8;INF194K01J51;1007.3391;;;30-Dec-2018
118366;BANDHAN LIQUID Fund -Direct Plan-Daily IDCW;;INF194K01I78;1001.6663;;;30-Dec-2018
118364;BANDHAN LIQUID Fund -Direct Plan-Growth;INF194K01I60;;2227.0932;;;30-Dec-2018
118363;BANDHAN LIQUID Fund -Direct Plan-Periodic IDCW;INF194K01J02;INF194K01I94;1376.4277;;;30-Dec-2018

Bank of India Mutual Fund
141887;BANK OF INDIA Liquid Fund  Unclaimed Dividend greater than  3 years;;;1000.0000;;;30-Dec-2018
141889;BANK OF INDIA Liquid Fund  Unclaimed Dividend Upto 3 years;;;1085.7955;;;30-Dec-2018
141888;BANK OF INDIA Liquid Fund  Unclaimed Redemption greater than  3 years;;;1000.0000;;;30-Dec-2018
141890;BANK OF INDIA Liquid Fund  Unclaimed Redemption Upto 3 years;;;1085.6830;;;30-Dec-2018
119368;BANK OF INDIA Liquid Fund- Direct Plan- Daily IDCW;;INF761K01CL0;1002.6483;;;30-Dec-2018
119369;BANK OF INDIA Liquid Fund- Direct Plan- Growth;INF761K01785;;2115.7866;;;30-Dec-2018
119370;BANK OF INDIA Liquid Fund- Direct Plan- Weekly IDCW;;INF761K01CM8;1062.8867;;;30-Dec-2018
111971;BANK OF INDIA Liquid Fund- Regular Plan- Daily IDCW;;INF761K01CO4;1002.1069;;;30-Dec-2018
109254;BANK OF INDIA Liquid Fund- Regular Plan- Growth;INF761K01306;;2103.3919;;;30-Dec-2018
109255;BANK OF INDIA Liquid Fund- Regular Plan- Weekly IDCW;;INF761K01CP1;1002.5575;;;30-Dec-2018

Baroda BNP Paribas Mutual Fund
119414;Baroda BNP Paribas LIQUID FUND - DIRECT PLAN - DAILY IDCW OPTION;INF955L01AK2;;1002.0849;;;30-Dec-2018
119415;Baroda BNP Paribas LIQUID FUND - DIRECT PLAN - GROWTH OPTION;INF955L01AL0;;2112.2782;;;30-Dec-2018
119416;Baroda BNP Paribas LIQUID FUND - DIRECT PLAN - WEEKLY IDCW OPTION;INF251K01SL8;;1220.8194;;;30-Dec-2018
111707;Baroda BNP Paribas LIQUID FUND - Regular Plan - DAILY IDCW OPTION;INF955L01468;INF955L01476;1001.1996;;;30-Dec-2018
111704;Baroda BNP Paribas LIQUID FUND - Regular Plan - GROWTH OPTION;INF955L01484;;2100.2953;;;30-Dec-2018
111705;Baroda BNP Paribas LIQUID FUND - Regular Plan - WEEKLY IDCW OPTION;INF251K01SK0;INF955L01500;1001.2627;;;30-Dec-2018
101408;Baroda BNP Paribas LIQUID FUND- Defunct Plan -Growth Option;INF955L01575;;3090.5757;;;30-Dec-2018
101407;Baroda BNP Paribas LIQUID FUND-Defunct Plan- IDCW Option;INF955L01559;INF955L01567;2647.8771;;;30-Dec-2018
101409;Baroda BNP Paribas LIQUID FUND-Defunct Plan-Daily IDCW Option;INF955L01518;INF955L01526;1006.0602;;;30-Dec-2018

BNP Paribas Mutual Fund
130473;BNP PARIBAS LIQUID FUND - DAILY Income Distribution cum Capital Withdrawal OPTION;;INF251K01NK1;1000.4900;;;30-Dec-2018
130489;BNP PARIBAS LIQUID Fund - DIRECT PLAN - MONTHLY Income Distribution cum Capital Withdrawal OPTION;INF251K01NR6;INF251K01NS4;1000.8043;;;30-Dec-2018
130486;BNP PARIBAS LIQUID FUND - DIRECT PLAN -- DAILY Income Distribution cum Capital Withdrawal OPTION;;INF251K01NP0;1001.3201;;;30-Dec-2018
130472;BNP PARIBAS LIQUID FUND - GROWTH OPTION;INF251K01NJ3;;2804.6315;;;30-Dec-2018
130476;BNP PARIBAS LIQUID FUND - MONTHLY Income Distribution cum Capital Withdrawal OPTION;INF251K01NM7;INF251K01NN5;1000.7941;;;30-Dec-2018
130459;BNP PARIBAS LIQUID FUND - REGULAR PLAN - GROWTH OPTION;INF251K01NF1;;2652.7493;;;30-Dec-2018
130465;BNP PARIBAS LIQUID FUND - REGULAR PLAN - WEEKLY Income Distribution cum Capital Withdrawal OPTION;;INF251K01NG9;1000.8140;;;30-Dec-2018
130474;BNP PARIBAS LIQUID FUND - WEEKLY Income Distribution cum Capital Withdrawal OPTION;;INF251K01NL9;1000.8193;;;30-Dec-2018
130479;BNP PARIBAS LIQUID FUND -- DIRECT PLAN - GROWTH OPTION;INF251K01NO3;;2820.3098;;;30-Dec-2018
130487;BNP PARIBAS LIQUID FUND -- DIRECT PLAN - WEEKLY Income Distribution cum Capital Withdrawal OPTION;;INF251K01NQ8;1000.8301;;;30-Dec-2018
139562;BNP PARIBAS LIQUID FUND SPECIAL UNCLAIMED DIV 36A -- GROWTH OPTION;INF251K01OL7;;1183.6153;;;30-Dec-2018
139561;BNP PARIBAS LIQUID FUND SPECIAL UNCLAIMED DIV 36B -- GROWTH OPTION;INF251K01OM5;;1188.9589;;;30-Dec-2018
139560;BNP PARIBAS LIQUID FUND SPECIAL UNCLAIMED RED 36A-- GROWTH OPTION;INF251K01OJ1;;1182.4958;;;30-Dec-2018
139563;BNP PARIBAS LIQUID FUND SPECIAL UNCLAIMED RED 36B -- GROWTH OPTION;INF251K01OK9;;1185.7372;;;30-Dec-2018

Canara Robeco Mutual Fund
118307;CANARA ROBECO LIQUID FUND - DIRECT PLAN - DAILY IDCW (Reinvestment);;INF760K01FS0;1005.5000;;;30-Dec-2018
118305;CANARA ROBECO LIQUID FUND - DIRECT PLAN - GROWTH OPTION;INF760K01FU6;;2218.4327;;;30-Dec-2018
118304;CANARA ROBECO LIQUID FUND - DIRECT PLAN - IDCW (Payout/Reinvestment);INF760K01FT8;;1588.2444;;;30-Dec-2018
118306;CANARA ROBECO LIQUID FUND - DIRECT PLAN - MONTHLY IDCW (Payout/Reinvestment);INF760K01FV4;INF760K01FW2;1000.8846;;;30-Dec-2018
118308;CANARA ROBECO LIQUID FUND - DIRECT PLAN - WEEKLY IDCW (Payout/Reinvestment);INF760K01FY8;INF760K01FX0;1000.8842;;;30-Dec-2018
109349;CANARA ROBECO LIQUID FUND - REGULAR PLAN - DAILY IDCW (Reinvestment);;INF760K01CU3;1005.5000;;;30-Dec-2018
109353;CANARA ROBECO LIQUID FUND - REGULAR PLAN - GROWTH OPTION;INF760K01CW9;;2212.7405;;;30-Dec-2018
109351;CANARA ROBECO LIQUID FUND - REGULAR PLAN - MONTHLY IDCW (Payout/Reinvestment);INF760K01CX7;INF760K01CY5;1000.8823;;;30-Dec-2018
109350;CANARA ROBECO LIQUID FUND - REGULAR PLAN - WEEKLY IDCW (Payout/Reinvestment);INF760K01BZ4;INF760K01CZ2;1000.8821;;;30-Dec-2018
139235;Canara Robeco Liquid Fund -Unclaimed Redemption and Dividend Plan -Direct Growth Option;INF760K01IC8;;1205.7090;;;30-Dec-2018

DSP Mutual Fund
119125;DSP Liquidity Fund - Direct Plan - Growth;INF740K01QL4;;2625.2218;;;30-Dec-2018
119124;DSP Liquidity Fund - Direct Plan - IDCW - Daily;;INF740KA1OB6;1000.9329;;;30-Dec-2018
119123;DSP Liquidity Fund - Direct Plan - IDCW - Weekly;INF740KA1OC4;INF740KA1OD2;1001.5079;;;30-Dec-2018
103347;DSP Liquidity Fund - Regular Plan - Growth;INF740K01FK9;;2611.2913;;;30-Dec-2018
103348;DSP Liquidity Fund - Regular Plan - IDCW - Weekly;INF740K01FM5;INF740K01FL7;1001.4997;;;30-Dec-2018
103349;DSP Liquidity Fund- Regular Plan - IDCW - Daily;;INF740KA1OE0;1000.9329;;;30-Dec-2018

Edelweiss Mutual Fund
140194;Edelweiss Liquid Fund - Direct Plan - Bonus Option;INF754K01GY9;;1372.9587;;;30-Dec-2018
140196;Edelweiss Liquid Fund - Direct Plan - Growth Option;INF754K01GM4;;2359.9125;;;30-Dec-2018
140192;Edelweiss Liquid Fund - Direct Plan Annual - IDCW Option;INF754K01GX1;INF754K01GT9;2359.9085;;;30-Dec-2018
140193;Edelweiss Liquid Fund - Direct Plan daily - IDCW Option;;INF754K01GP7;1002.9603;;;30-Dec-2018
140199;Edelweiss Liquid Fund - Direct Plan Fortnightly - IDCW Option;INF754K01GV5;INF754K01GR3;2171.1497;;;30-Dec-2018
140197;Edelweiss Liquid Fund - Direct Plan Monthly - IDCW Option;INF754K01GW3;INF754K01GS1;1010.2283;;;30-Dec-2018
140195;Edelweiss Liquid Fund - Direct Plan weekly - IDCW Option;INF754K01GU7;INF754K01GQ5;2173.2857;;;30-Dec-2018
140189;Edelweiss Liquid Fund - Regular Plan - Bonus Option;INF754K01HR1;;1365.8262;;;30-Dec-2018
140182;Edelweiss Liquid Fund - Regular Plan - Growth Option;INF754K01GZ6;;2344.816;;;30-Dec-2018
140190;Edelweiss Liquid Fund - Regular Plan - IDCW Option;INF754K01GK8;INF754K01GL6;2344.8178;;;30-Dec-2018
140188;Edelweiss Liquid Fund - Regular Plan Annual - IDCW Option;INF754K01HQ3;INF754K01HP5;1622.3751;;;30-Dec-2018
140181;Edelweiss Liquid Fund - Regular Plan Daily - IDCW Option;;INF754K01HA7;1002.79;;;30-Dec-2018
140184;Edelweiss Liquid Fund - Regular Plan Fortnightly - IDCW Option;INF754K01HK6;INF754K01HC3;2153.1004;;;30-Dec-2018
140183;Edelweiss Liquid Fund - Regular Plan Monthly - IDCW Option;INF754K01HL4;INF754K01HD1;1004.0652;;;30-Dec-2018
140185;Edelweiss Liquid Fund - Regular Plan Weekly - IDCW Option;INF754K01HJ8;INF754K01HB5;1019.4142;;;30-Dec-2018
140176;Edelweiss Liquid Fund - Retail Plan - Growth Option;INF754K01HE9;;2132.4521;;;30-Dec-2018
140178;Edelweiss Liquid Fund - Retail Plan - Weekly Dividend Option;;INF754K01HG4;1099.0355;;;30-Dec-2018
140177;Edelweiss Liquid Fund - Retail Plan Daily - IDCW Option;;INF754K01HF6;1002.1564;;;30-Dec-2018
140180;Edelweiss Liquid Fund - Retail Plan Monthly - IDCW Option;;INF754K01HI0;1112.0095;;;30-Dec-2018
141159;Edelweiss Liquid Fund - Unclaimed Dividend Plan- Above 3 years;;;1000;;;30-Dec-2018
141161;Edelweiss Liquid Fund - Unclaimed Dividend Plan- Upto 3 years;;;1128.7403;;;30-Dec-2018
141162;Edelweiss Liquid Fund - Unclaimed Redemption Plan- Above 3 years;;;1000;;;30-Dec-2018
141160;Edelweiss Liquid Fund - Unclaimed Redemption Plan- Upto 3 years;;;1128.7493;;;30-Dec-2018

Franklin Templeton Mutual Fund
100541;Franklin India Liquid Fund - Regular Plan - Daily - IDCW;;INF090I01BA3;1512.2956;;;30-Dec-2018
100538;Franklin India Liquid Fund - Regular Plan - Growth;INF090I01BB1;;4298.8375;;;30-Dec-2018
100537;Franklin India Liquid Fund - Regular Plan - Weekly - IDCW;INF090I01BL0;INF090I01BI6;1244.3238;;;30-Dec-2018
118577;Franklin India Liquid Fund - Super Institutional - Direct - Growth;INF090I01JV2;;2746.5471;;;30-Dec-2018
100547;Franklin India Liquid Fund - Super Institutional Plan - Daily - IDCW;;INF090I01BF2;1000.7051;;;30-Dec-2018
118578;Franklin India Liquid Fund - Super Institutional Plan - Direct - Daily - IDCW;INF090I01JW0;;1001.8422;;;30-Dec-2018
118579;Franklin India Liquid Fund - Super Institutional Plan - Direct - Weekly - IDCW;INF090I01JX8;INF090I01JY6;1021.3891;;;30-Dec-2018
100546;Franklin India Liquid Fund - Super Institutional Plan - Growth;INF090I01BG0;;2736.7346;;;30-Dec-2018
100548;Franklin India Liquid Fund - Super Institutional Plan - Weekly - IDCW;INF090I01BM8;INF090I01BH8;1021.1243;;;30-Dec-2018
139890;Franklin India Liquid Fund - Unclaimed IDCW Plan - Growth;INF090I01LP0;;11.6258;;;30-Dec-2018
139889;Franklin India Liquid Fund - Unclaimed Redemption Plan - Growth;INF090I01LO3;;11.6258;;;30-Dec-2018
102441;Franklin India Liquid Fund - Institution-Growth;INF090I01BD7;;2785.5470;;;30-Dec-2018
102443;Franklin India Liquid Fund - Institutional Plan - Daily - IDCW;;INF090I01BC9;1000.6505;;;30-Dec-2018
102442;Franklin India Liquid Fund - Institutional Plan - Weekly - IDCW;INF090I01BJ4;INF090I01BE5;1054.7184;;;30-Dec-2018

Groww Mutual Fund
119135;Groww Liquid Fund ( formerly known as Indiabulls Liquid )Fund - Direct Plan - Growth Option;INF666M01451;;1792.4583;;;30-Dec-2018
119136;Groww Liquid Fund (formerly known as Indiabulls Liquid Fund) - Direct Plan- - Income Distribution cum capital withdrawal Option ( Reinvestment);;INF666M01469;1001.06;;;30-Dec-2018
115991;Groww Liquid Fund (formerly known as Indiabulls Liquid Fund) - Regular Plan - Growth Option;INF666M01014;;1782.0494;;;30-Dec-2018
119138;Groww Liquid Fund (formerly known as Indiabulls Liquid Fund)- Direct Plan- Fortnightly - Income Distribution cum capital withdrawal Option (Payout & Reinvestment);INF666M01501;INF666M01485;1001.2421;;;30-Dec-2018
119139;Groww Liquid Fund (formerly known as Indiabulls Liquid Fund)- Direct Plan- Monthly - Income Distribution cum capital withdrawal Option (Payout & Reinvestment);INF666M01519;INF666M01493;1034.899;;;30-Dec-2018
119137;Groww Liquid Fund (formerly known as Indiabulls Liquid Fund)- Direct Plan- Weekly - Income Distribution cum capital withdrawal Option (Payout & Reinvestment);INF666M01527;INF666M01477;1001.7157;;;30-Dec-2018
115992;Groww Liquid Fund (formerly known as Indiabulls Liquid Fund)- Regular Plan- - Income Distribution cum capital withdrawal Option (Reinvestment);;INF666M01022;1001.1451;;;30-Dec-2018
115995;Groww Liquid Fund (formerly known as Indiabulls Liquid Fund)- Regular Plan- Monthly - Income Distribution cum capital withdrawal Option (Payout & Reinvestment);INF666M01071;INF666M01055;1006.1772;;;30-Dec-2018
115993;Groww Liquid Fund (formerly known as Indiabulls Liquid Fund)- Regular Plan- Weekly - Income Distribution cum capital withdrawal Option (Payout & Reinvestment);INF666M01089;INF666M01030;1002.7715;;;30-Dec-2018
115994;Groww Liquid Fund (formerly known as Indiabulls Liquid) Fund- Regular Plan- Fortnightly - Income Distribution cum capital withdrawal Option (Payout & Reinvestment);INF666M01063;INF666M01048;1001.125;;;30-Dec-2018

HDFC Mutual Fund
119091;HDFC Liquid Fund - Growth Option - Direct Plan;INF179KB1HP9;;3612.2707;;;30-Dec-2018
100868;HDFC Liquid Fund - Growth Plan;INF179KB1HK0;;3595.5056;;;30-Dec-2018
100875;HDFC Liquid Fund - IDCW Daily;;INF179KB1IC5;1019.82;;;30-Dec-2018
119089;HDFC Liquid Fund - IDCW Daily - Direct Plan;;INF179KB1HV7;1019.82;;;30-Dec-2018
100876;HDFC Liquid Fund - IDCW Monthly;INF179KB1HM6;INF179KB1HL8;1033.2894;;;30-Dec-2018
119090;HDFC Liquid Fund - IDCW Monthly - Direct Plan;INF179KB1HO2;INF179KB1HQ7;1033.3818;;;30-Dec-2018
100874;HDFC Liquid Fund - IDCW Plan Weekly;INF179KB1ID3;;1032.2423;;;30-Dec-2018
119088;HDFC Liquid Fund - IDCW Weekly - Direct Plan;;;1032.2584;;;30-Dec-2018
100877;HDFC Liquid Fund-Premium Plan - Dividend-Daily;;INF179K01KN4;1225.98;;;30-Dec-2018
100873;HDFC Liquid Fund-PREMIUM- Growth;INF179KB1HN4;;3668.6636;;;30-Dec-2018

HSBC Mutual Fund
139238;HSBC Cash Fund - Unclaimed Dividend Above 3 years;;;1000;;;30-Dec-2018
139237;HSBC Cash Fund - Unclaimed Dividend Below 3 years;;;1195.8083;;;30-Dec-2018
139239;HSBC Cash Fund - Unclaimed Redemption Above 3 years;;;1000;;;30-Dec-2018
139240;HSBC Cash Fund - Unclaimed Redemption Below 3 years;;;1195.8083;;;30-Dec-2018
120038;HSBC Liquid Fund -  Growth Direct;INF336L01CC8;;1828.6248;;;30-Dec-2018
120037;HSBC Liquid Fund - Direct Daily IDCW;;INF336L01CB0;1000.6485;;;30-Dec-2018
120039;HSBC Liquid Fund - Direct Monthly IDCW;INF336L01BZ1;INF336L01CA2;1038.7193;;;30-Dec-2018
120040;HSBC Liquid Fund - Direct Weekly IDCW;INF336L01LK2;INF336L01CD6;1111.3817;;;30-Dec-2018
118907;HSBC Liquid Fund - Growth;INF336L01BL1;;2713.2534;;;30-Dec-2018
118906;HSBC Liquid Fund - IDCW;;INF336L01BK3;1019.3;;;30-Dec-2018
118909;HSBC Liquid Fund - Institutional Daily IDCW;;INF336L01BS6;1351.1207;;;30-Dec-2018
118901;HSBC Liquid Fund - Regular Daily IDCW;;INF336L01BM9;1000.6702;;;30-Dec-2018
118902;HSBC Liquid Fund - Regular Growth;INF336L01BN7;;1823.0896;;;30-Dec-2018
118903;HSBC Liquid Fund - Regular Monthly IDCW;INF336L01BP2;INF336L01BO5;1001.2125;;;30-Dec-2018
118904;HSBC Liquid Fund - Regular Weekly IDCW;INF336L01LJ4;INF336L01BQ0;1111.3729;;;30-Dec-2018
118908;HSBC Liquid Fund - Weekly IDCW;;INF336L01BR8;1002.2661;;;30-Dec-2018

ICICI Prudential Mutual Fund
100357;ICICI Prudential Liquid Fund -Quarterly IDCW;INF109K01UU5;INF109K01UT7;100.4233;;;30-Dec-2018
100359;ICICI Prudential Liquid Institutional Plus Fund - Div - Daily;INF109K01VJ6;;118.5152;;;30-Dec-2018
103343;ICICI Prudential Liquid Fund - Daily IDCW;INF109K01VP3;;100.1482;;;30-Dec-2018
120198;ICICI Prudential Liquid Fund - Direct Plan -  Annual IDCW;INF109K01P99;INF109K01Q07;102.0637;;;30-Dec-2018
120187;ICICI Prudential Liquid Fund - Direct Plan -  Half Yearly IDCW;INF109K01Q56;INF109K01Q64;106.5636;;;30-Dec-2018
120191;ICICI Prudential Liquid Fund - Direct Plan -  IDCW Others;INF109K01Q31;INF109K01Q23;136.9596;;;30-Dec-2018
120188;ICICI Prudential Liquid Fund - Direct Plan - Daily IDCW;;INF109K01Q15;100.1082;;;30-Dec-2018
120197;ICICI Prudential Liquid Fund - Direct Plan - Growth;INF109K01Q49;;271.4285;;;30-Dec-2018
120189;ICICI Prudential Liquid Fund - Direct Plan - Monthly IDCW;INF109K01R06;;100.2515;;;30-Dec-2018
120196;ICICI Prudential Liquid Fund - Direct Plan - Quarterly IDCW;INF109K01Q72;INF109K01Q80;101.1723;;;30-Dec-2018
120190;ICICI Prudential Liquid Fund - Direct Plan - Weekly IDCW;INF109K01Q98;;100.3038;;;30-Dec-2018
130934;ICICI Prudential Liquid Fund - Direct Plan Bonus;INF109KA1G86;;137.2911;;;30-Dec-2018
103340;ICICI Prudential Liquid Fund - Growth;INF109K01VQ1;;270.496;;;30-Dec-2018
104308;ICICI Prudential Liquid Fund - Half Yearly IDCW;INF109K01UX9;INF109K01UW1;105.5055;;;30-Dec-2018
115505;ICICI Prudential Liquid Fund - IDCW Others;INF109K01VU3;INF109K01VT5;136.6364;;;30-Dec-2018
103344;ICICI Prudential Liquid Fund - Institutional Option - I;INF109K01VH0;;254.7363;;;30-Dec-2018
139434;ICICI Prudential Liquid Fund - Unclaimed IDCW;INF109KB1WR9;;119.4634;;;30-Dec-2018
139433;ICICI Prudential Liquid Fund - Unclaimed Redemption;INF109KB1WQ1;;119.4634;;;30-Dec-2018
103342;ICICI Prudential Liquid Fund - Weekly IDCW;INF109K01VS7;;100.2776;;;30-Dec-2018
103341;ICICI Prudential Liquid Fund -Monthly IDCW;INF109K01VR9;;100.1267;;;30-Dec-2018
112119;ICICI Prudential Liquid Fund-Annual IDCW;INF109K01VD9;INF109K01VC1;102.0442;;;30-Dec-2018
101748;ICICI Prudential Liquid Fund - Institutional - Daily - Div;INF109K01VE7;;118.5022;;;30-Dec-2018
101754;ICICI Prudential Liquid Fund Retail Daily Dividend;INF109K01UR1;;118.5142;;;30-Dec-2018
101750;ICICI Prudential Liquid Fund Retail Growth;INF109K01UQ3;;417.1561;;;30-Dec-2018
101755;ICICI Prudential Liquid Fund Retail Monthly Dividend;INF109K01US9;;100.1659;;;30-Dec-2018
101752;ICICI Prudential Liquid Fund Retail Weekly Dividend;INF109K01UV3;;118.9577;;;30-Dec-2018
101751;ICICI Prudential Liquid Institutional Fund - Growth;INF109K01VF4;;427.8449;;;30-Dec-2018

IDBI Mutual Fund
126163;IDBI Liquid Fund Bonus Direct;INF397L01FP5;;1472.6111;;;30-Dec-2018
126164;IDBI Liquid Fund Bonus Regular;INF397L01FO8;;1465.7101;;;30-Dec-2018
118345;IDBI Liquid Fund Growth Direct;INF397L01AH3;;1966.5057;;;30-Dec-2018
113104;IDBI Liquid Fund- Monthly IDCW;INF397L01976;INF397L01968;1004.4349;;;30-Dec-2018
118449;IDBI Liquid Fund- Monthly IDCW Direct;INF397L01AK7;INF397L01AJ9;1002.8857;;;30-Dec-2018
113102;IDBI Liquid Fund-Daily IDCW;;INF397L01935;1005.2683;;;30-Dec-2018
118450;IDBI Liquid Fund-Daily IDCW Direct;;INF397L01AI1;1002.3548;;;30-Dec-2018
113096;IDBI Liquid Fund-Growth;INF397L01984;;1954.2740;;;30-Dec-2018
113103;IDBI Liquid Fund-Weekly IDCW;INF397L01950;INF397L01943;1023.0085;;;30-Dec-2018
118451;IDBI Liquid Fund-Weekly IDCW Direct;INF397L01AM3;INF397L01AL5;1002.8808;;;30-Dec-2018

Invesco Mutual Fund
122786;Invesco India Liquid Fund - Bonus Option;INF205K01UX5;;2516.4098;;;30-Dec-2018
104484;Invesco India Liquid Fund - Daily IDCW (Reinvestment);;INF205K01HN3;1001.7798;;;30-Dec-2018
120537;Invesco India Liquid Fund - Direct Plan - Growth;INF205K01MF9;;2526.5088;;;30-Dec-2018
120536;Invesco India Liquid Fund - Direct Plan - Monthly IDCW (Payout / Reinvestment);INF205K01MG7;INF205K01MH5;1027.908;;;30-Dec-2018
120535;Invesco India Liquid Fund - Direct Plan - Weekly IDCW (Reinvestment);INF205KA1BE5;INF205K01MI3;1001.7091;;;30-Dec-2018
120534;Invesco India Liquid Fund - Direct Plan- Daily IDCW (Reinvestment);;INF205K01ME2;1000.79;;;30-Dec-2018
104486;Invesco India Liquid Fund - Growth;INF205K01HM5;;2516.3271;;;30-Dec-2018
104492;Invesco India Liquid Fund - Monthly IDCW (Payout / Reinvestment);INF205K01HQ6;INF205K01HP8;1003.3356;;;30-Dec-2018
104488;Invesco India Liquid Fund - Regular - Growth;INF205K01HG7;;2306.2449;;;30-Dec-2018
104489;Invesco India Liquid Fund - Regular - Weekly IDCW (Reinvestment);;INF205K01HH5;1002.3154;;;30-Dec-2018
139389;Invesco India Liquid Fund - Unclaimed Dividend Plan - Below 3 Years;;;1197.264;;;30-Dec-2018
139387;Invesco India Liquid Fund - Unclaimed Redemption Plan - Below 3 years;;;1197.2186;;;30-Dec-2018
104485;Invesco India Liquid Fund - Weekly IDCW (Reinvestment);INF205KA1BD7;INF205K01HO1;1003.9882;;;30-Dec-2018

JM Financial Mutual Fund
120410;JM Liquid Fund (Direct) - Bonus Option - Bonus Option - Principal units;INF192K01CN4;;16.1560;;;30-Dec-2018
120411;JM Liquid Fund (Direct) - Daily IDCW;;INF192K01CH6;10.4302;;;30-Dec-2018
120406;JM Liquid Fund (Direct) - Growth Option;INF192K01CM6;;50.2559;;;30-Dec-2018
120408;JM Liquid Fund (Direct) - Quarterly IDCW;INF192K01CK0;INF192K01CL8;28.5323;;;30-Dec-2018
120407;JM Liquid Fund (Direct) - Weekly IDCW;INF192K01CI4;INF192K01CJ2;11.0175;;;30-Dec-2018
100244;JM Liquid Fund (Regular) - Quarterly IDCW;INF192K01866;INF192K01874;28.3107;;;30-Dec-2018
100247;JM Liquid Fund (Regular) - Super Institutional Plan - Growth Option;INF192K01981;;28.7615;;;30-Dec-2018
100233;JM Liquid Fund (Regular) - Weekly IDCW;INF192K01841;INF192K01858;11.0148;;;30-Dec-2018
100234;JM Liquid Fund - Growth Option;INF192K01882;;50.0182;;;30-Dec-2018
139258;JM Liquid Fund Unclaimed Dividend (Direct) Growth Plan;INF192K01LB0;;50.2579;;;30-Dec-2018
139260;JM Liquid Fund Unclaimed Dividend IEF (Direct) Growth Plan;INF192K01LD6;;41.4437;;;30-Dec-2018
139257;JM Liquid Fund Unclaimed Redemption (Direct) Growth Plan;INF192K01LA2;;50.2579;;;30-Dec-2018
139259;JM Liquid Fund Unclaimed Redemption IEF (Direct) Growth Plan;INF192K01LC8;;41.4437;;;30-Dec-2018
101549;JM Liquid Fund (Regular) - Bonus Option - Principal Units;INF192K01890;;16.0159;;;30-Dec-2018
101078;JM Liquid Fund (Regular) - Daily IDCW;;INF192K01833;10.4302;;;30-Dec-2018

Kotak Mahindra Mutual Fund
119764;Kotak Liquid Fund - Direct Plan - Daily Reinvestment of Income Distribution cum capital withdrawal option;;INF174K01NH1;1222.81;;;30-Dec-2018
119766;Kotak Liquid Fund - Direct Plan - Growth;INF174K01NE8;;3717.1178;;;30-Dec-2018
100833;Kotak Liquid Fund - Regular  - Daily Reinvestment of Income Distribution cum capital withdrawal option;;INF174K01NL3;1222.81;;;30-Dec-2018
100835;Kotak Liquid Fund - Regular Plan - Growth;INF174K01NI9;;3706.1566;;;30-Dec-2018
119765;Kotak Liquid Fund - Weekly  Payout of Income Distribution cum capital withdrawal option - Direct;INF174K01NF5;INF174K01NG3;1006.3245;;;30-Dec-2018
100834;Kotak Liquid Fund Regular Plan Weekly Reinvestment of Income Distribution cum capital withdrawal option Dividend;INF174K01NK5;;1001.2146;;;30-Dec-2018

L&T Mutual Fund
122235;L&T Liquid Fund - Direct Plan - Weekly IDCW;;INF917K01HE2;1001.6362;;;30-Dec-2018
119791;L&T Liquid Fund - Direct Plan -Daily IDCW;INF917K01HG7;;1012.8887;;;30-Dec-2018
119790;L&T Liquid Fund - Direct Plan -Growth;INF917K01HF9;;2516.4563;;;30-Dec-2018
112458;L&T Liquid Fund - Regular Plan - Weekly IDCW;INF917K01BK2;INF917K01JG3;1002.8129;;;30-Dec-2018
112445;L&T Liquid Fund -Regular Plan - Daily IDCW;INF917K01JB4;;1011.7794;;;30-Dec-2018
112457;L&T Liquid Fund -Regular Plan - Growth;INF917K01JH1;;2507.9354;;;30-Dec-2018

LIC Mutual Fund
120248;LIC MF Liquid Fund-Direct Plan-Daily IDCW;INF767K01DL5;INF767K01DM3;1098;;;30-Dec-2018
120249;LIC MF Liquid Fund-Direct Plan-Growth;INF767K01DN1;;3327.5601;;;30-Dec-2018
101184;LIC MF Liquid Fund-Regular Plan-Daily IDCW;INF767K01IQ3;INF767K01IR1;1098;;;30-Dec-2018
101185;LIC MF Liquid Fund-Regular Plan-Growth;INF767K01IS9;;3307.4685;;;30-Dec-2018

Mahindra Manulife Mutual Fund
139535;Mahindra Manulife Liquid Fund - Direct Plan - Daily IDCW;;INF174V01051;1000.3285;;;30-Dec-2018
139536;Mahindra Manulife Liquid Fund - Direct Plan - Weekly IDCW;;INF174V01069;1003.5629;;;30-Dec-2018
139538;Mahindra Manulife Liquid Fund - Direct Plan -Growth;INF174V01044;;1188.8765;;;30-Dec-2018
139534;Mahindra Manulife Liquid Fund - Regular Plan - Daily IDCW;;INF174V01028;1000.3285;;;30-Dec-2018
139537;Mahindra Manulife Liquid Fund - Regular Plan - Growth;INF174V01010;;1184.7375;;;30-Dec-2018
139541;Mahindra Manulife Liquid Fund - Regular Plan - Weekly IDCW;;INF174V01036;1009.9756;;;30-Dec-2018
139539;Mahindra Manulife Liquid Fund - Unclaimed Redemption / IDCW Upto three years;;;1055.9540;;;30-Dec-2018

Mirae Asset Mutual Fund
118859;Mirae Asset Liquid Fund - Direct Plan - Growth;INF769K01CM1;;1935.9695;;;30-Dec-2018
118862;Mirae Asset Liquid Fund - Direct Plan - Weekly IDCW;INF769K01PD2;INF769K01CP4;1217.1639;;;30-Dec-2018
118861;Mirae Asset Liquid Fund - Direct Plan -Daily IDCW;;INF769K01CO7;1075.8332;;;30-Dec-2018
118860;Mirae Asset Liquid Fund - Direct Plan -Monthly IDCW;INF769K01CN9;INF769K01CQ2;1135.9758;;;30-Dec-2018
111647;Mirae Asset Liquid Fund - Regular - Daily IDCW;;INF769K01804;1066.4347;;;30-Dec-2018
111646;Mirae Asset Liquid Fund - Regular Plan - Growth;INF769K01788;;1915.0942;;;30-Dec-2018
111645;Mirae Asset Liquid Fund - Regular Plan - Monthly IDCW;INF769K01838;INF769K01820;1153.6369;;;30-Dec-2018
111644;Mirae Asset Liquid Fund - Regular Plan - Weekly IDCW;INF769K01PC4;INF769K01812;1153.4528;;;30-Dec-2018

Motilal Oswal Mutual Fund
145834;Motilal Oswal Liquid Fund - Direct Growth;INF247L01734;;10.0180;;;30-Dec-2018
145946;Motilal Oswal Liquid Fund - Regular Growth;INF247L01726;;10.0176;;;30-Dec-2018

Navi Mutual Fund
119163;Navi Liquid Fund - Direct Plan Daily IDCW - ReInvestment;;INF959L01GK1;1001.2900;;;30-Dec-2018
119161;Navi Liquid Fund - Direct Plan Monthly IDCW - Payout;INF959L01GG9;INF959L01GH7;1001.6752;;;30-Dec-2018
119162;Navi Liquid Fund - Direct Plan Weekly IDCW - Payout;INF959L01GI5;INF959L01GJ3;1001.6380;;;30-Dec-2018
112645;Navi Liquid Fund - Regular Plan Daily IDCW;;INF959L01GM7;1001.2900;;;30-Dec-2018
112647;Navi Liquid Fund - Regular Plan Monthly IDCW;INF959L01GN5;INF959L01GO3;1001.6693;;;30-Dec-2018
112646;Navi Liquid Fund - Regular Plan Weekly IDCW;INF959L01GP0;INF959L01GQ8;1001.6601;;;30-Dec-2018
119164;Navi Liquid Fund-Direct Plan-Growth Option;INF959L01GF1;;2023.0561;;;30-Dec-2018
112636;Navi Liquid Fund-Regular Plan-Growth Option;INF959L01GL9;;2012.3768;;;30-Dec-2018
140437;Navi Liquid Fund-Unclaimed Redemption and Dividend Plan greater than 3 years;INF959L01CO2;;1000.0000;;;30-Dec-2018
139386;Navi Liquid Fund-Unclaimed Redemption and Dividend Plan less than 3 years;INF959L01CN4;;2016.2803;;;30-Dec-2018

Nippon India Mutual Fund
100852;NIPPON INDIA LIQUID FUND - DAILY IDCW OPTION;;INF204K01UM1;1528.7400;;;30-Dec-2018
118695;NIPPON INDIA LIQUID FUND - DIRECT Plan - DAILY IDCW OPTION;;INF204K01ZG2;1528.7400;;;30-Dec-2018
118696;NIPPON INDIA LIQUID FUND - DIRECT Plan - MONTHLY IDCW OPTION;INF204K01ZI8;INF204K01ZJ6;1589.9569;;;30-Dec-2018
118698;NIPPON INDIA LIQUID FUND - DIRECT Plan - QUARTERLY IDCW OPTION;INF204K01ZK4;INF204K01ZL2;1008.3583;;;30-Dec-2018
118700;NIPPON INDIA LIQUID FUND - DIRECT Plan - WEEKLY IDCW OPTION;INF204KC1FN6;INF204K01ZM0;1530.9170;;;30-Dec-2018
118701;Nippon India Liquid Fund - Direct Plan Growth Plan - Growth Option;INF204K01ZH0;;4478.5718;;;30-Dec-2018
100855;NIPPON INDIA LIQUID FUND - MONTHLY IDCW OPTION;INF204K01UO7;INF204K01UP4;1586.6325;;;30-Dec-2018
112340;NIPPON INDIA LIQUID FUND - QUARTERLY IDCW OPTION;INF204K01UQ2;INF204K01UR0;1006.0645;;;30-Dec-2018
100837;Nippon India Liquid Fund - Retail Option - Growth Plan;INF204K01UL3;;4111.9542;;;30-Dec-2018
100842;NIPPON INDIA LIQUID FUND - RETAIL Plan - DAILY IDCW OPTION;;INF204K01UJ7;1524.2800;;;30-Dec-2018
100843;NIPPON INDIA LIQUID FUND - RETAIL plan - MONTHLY IDCW OPTION;INF204K01UT6;INF204K01UU4;1328.6539;;;30-Dec-2018
100844;NIPPON INDIA LIQUID FUND - RETAIL Plan - QUARTERLY IDCW OPTION;INF204K01UV2;INF204K01UW0;1218.6748;;;30-Dec-2018
100838;NIPPON INDIA LIQUID FUND - RETAIL Plan - WEEKLY IDCW OPTION;;INF204K01UK5;1034.5302;;;30-Dec-2018
100853;NIPPON INDIA LIQUID FUND - WEEKLY IDCW OPTION;INF204KC1FM8;INF204K01US8;1530.9106;;;30-Dec-2018
100851;Nippon India Liquid Fund -Growth Plan;INF204K01UN9;;4457.1945;;;30-Dec-2018

PGIM India Mutual Fund
138306;PGIM India INSTA CASH FUND - Annual Bonus Option;INF223J01WV0;;141.218;;;30-Dec-2018
138305;PGIM India Insta Cash Fund - Direct Plan -  Annual Bonus Option;INF223J01WW8;;144.1561;;;30-Dec-2018
138296;PGIM India Insta Cash Fund - Direct Plan - Annual Dividend;INF223J01NO4;INF223J01NP1;138.8479;;;30-Dec-2018
138300;PGIM India Insta Cash Fund - Direct Plan - Quarterly Dividend;INF223J01NX5;;144.205;;;30-Dec-2018
138294;PGIM India Insta Cash Fund - Quarterly Dividend Option;INF223J01IN6;INF223J01IO4;142.3688;;;30-Dec-2018
139603;PGIM India Insta Cash Fund - Unclaimed Dividend Plan - Below 3 years;;;117.0459;;;30-Dec-2018
139604;PGIM India Insta Cash Fund - Unclaimed Redemption Plan - Above 3 years;;;100.5889;;;30-Dec-2018
139605;PGIM India Insta Cash Fund - Unclamied Dividend Plan - Above 3 years;;;100.592;;;30-Dec-2018
139602;PGIM India Insta Cash Fund - Unlcaimed Redemption Plan - Below 3 years;;;116.9051;;;30-Dec-2018
138292;PGIM India Insta Cash Fund- Annual Dividend Option;INF223J01IP1;INF223J01IQ9;138.8846;;;30-Dec-2018
138278;PGIM India Insta Cash Fund-DIVIDEND-WEEKLY DIVIDEND;INF223J01BN1;;10.3552;;;30-Dec-2018
138283;PGIM India Insta Cash Fund-Institutional Plan-Daily Dividend;INF223J01BA8;;10.0516;;;30-Dec-2018
138282;PGIM India Insta Cash Fund-Institutional Plan-Growth;INF223J01BB6;;25.2065;;;30-Dec-2018
138304;PGIM India INSTA CASH FUND-Monthly Bonus Option;INF223J01VD0;;135.1106;;;30-Dec-2018
138286;PGIM India Liquid Fund - Bonus Option;INF223J01BQ4;;162.4177;;;30-Dec-2018
138285;PGIM India Liquid Fund - Daily Dividend;;INF223J01BO9;100.304;;;30-Dec-2018
138297;PGIM India Liquid Fund - Direct Plan - Daily Dividend;INF223J01NR7;;100.304;;;30-Dec-2018
138299;PGIM India Liquid Fund - Direct Plan - Growth;INF223J01NS5;;238.509;;;30-Dec-2018
138298;PGIM India Liquid Fund - Direct Plan - Monthly Dividend;INF223J01NT3;INF223J01NU1;107.2202;;;30-Dec-2018
138301;PGIM India Liquid Fund - Direct Plan - Weekly Dividend;INF223J01NV9;INF223J01NW7;100.5467;;;30-Dec-2018
138288;PGIM India Liquid Fund - Growth;INF223J01BP6;;237.577;;;30-Dec-2018
138287;PGIM India Liquid Fund - Monthly Dividend;INF223J01BL5;;107.5526;;;30-Dec-2018
138289;PGIM India Liquid Fund - Weekly Dividend;INF223J01BU6;;100.5464;;;30-Dec-2018
138280;PGIM India Liquid Fund-DIVIDEND-Daily Dividend;;INF223J01BI1;10.301;;;30-Dec-2018
138281;PGIM India Liquid Fund-Growth-GROWTH;INF223J01BJ9;;26.58;;;30-Dec-2018

PPFAS Mutual Fund
143263;Parag Parikh Liquid Fund- Direct Plan- Daily Reinvestment of IDCW;;INF879O01118;1000.2000;;;30-Dec-2018
143269;Parag Parikh Liquid Fund- Direct Plan- Growth;INF879O01068;;1041.3027;;;30-Dec-2018
143262;Parag Parikh Liquid Fund- Direct Plan- Monthly IDCW;INF879O01076;INF879O01084;1008.9649;;;30-Dec-2018
143265;Parag Parikh Liquid Fund- Direct Plan- Weekly Reinvestment of IDCW;;INF879O01134;1002.0233;;;30-Dec-2018
143264;Parag Parikh Liquid Fund- Regular Plan- Daily Reinvestment of IDCW;;INF879O01126;1000.2000;;;30-Dec-2018
143260;Parag Parikh Liquid Fund- Regular Plan- Growth;INF879O01035;;1040.5193;;;30-Dec-2018
143261;Parag Parikh Liquid Fund- Regular Plan- Monthly IDCW;INF879O01043;INF879O01050;1008.8714;;;30-Dec-2018
143266;Parag Parikh Liquid Fund- Regular Plan- Weekly Reinvestment of IDCW;;INF879O01142;1002.0066;;;30-Dec-2018

Principal Mutual Fund
100895;Principal Cash Management Fund - Daily Income Distribution CUM Capital Withdrawal;;INF173K01DB7;935.8875;;;30-Dec-2018
119468;Principal Cash Management Fund - Direct Plan - Growth Option;INF173K01GU0;;1634.8555;;;30-Dec-2018
119467;Principal Cash Management Fund - Direct Plan - Income Distribution CUM Capital Withdrawal Option - Daily;;INF173K01GT2;935.9542;;;30-Dec-2018
119469;Principal Cash Management Fund - Direct Plan - Income Distribution CUM Capital Withdrawal Option - Weekly;;INF173K01GY2;942.0508;;;30-Dec-2018
100897;Principal Cash Management Fund - Monthly Income Distribution CUM Capital Withdrawal Option;INF173K01BV9;INF173K01BW7;960.4760;;;30-Dec-2018
100896;Principal Cash Management Fund - Weekly Income Distribution CUM Capital Withdrawal Option;;INF173K01DC5;941.3208;;;30-Dec-2018
119466;Principal Cash Management Fund -Direct Plan - Income Distribution CUM Capital Withdrawal Option - Monthly;INF173K01GV8;INF173K01GW6;960.8376;;;30-Dec-2018
100898;Principal Cash Management Fund -Growth Option;INF173K01DA9;;1627.1781;;;30-Dec-2018

quant Mutual Fund
120837;quant Liquid Fund - Growth Option - Direct Plan;INF966L01820;;28.7718;;;30-Dec-2018
103225;quant Liquid Fund - Growth Option - Regular Plan;INF966L01317;;28.5666;;;30-Dec-2018
120838;quant Liquid Fund - Monthly IDCW Option - Direct Plan;INF966L01796;INF966L01812;15.3095;;;30-Dec-2018
103228;quant Liquid Fund - Monthly IDCW Option - Regular Plan;INF966L01291;INF966L01309;15.1513;;;30-Dec-2018
120839;quant Liquid Fund - Weekly IDCW Option - Direct Plan;INF966L01788;INF966L01804;14.1336;;;30-Dec-2018
103227;quant Liquid Fund - Weekly IDCW Option - Regular Plan;INF966L01499;INF966L01283;13.7284;;;30-Dec-2018
120836;quant Liquid Fund-Daily IDCW Option - Direct Plan;;INF966L01770;13.8667;;;30-Dec-2018
103226;quant Liquid Fund-Daily IDCW Option - Regular Plan;;INF966L01275;13.7314;;;30-Dec-2018

Quantum Mutual Fund
103736;Quantum Liquid Fund - Direct Plan Daily IDCW;;INF082J01135;10.0094;;;30-Dec-2018
103734;Quantum Liquid Fund - Direct Plan Growth Option;INF082J01127;;25.0652;;;30-Dec-2018
103735;Quantum Liquid Fund - Direct Plan Monthly IDCW;INF082J01143;INF082J01200;10.0138;;;30-Dec-2018
141065;Quantum Liquid Fund - Regular Plan Daily IDCW;;INF082J01317;10.0042;;;30-Dec-2018
141066;Quantum Liquid Fund - Regular Plan Growth Option;INF082J01309;;25.0415;;;30-Dec-2018
141067;Quantum Liquid Fund - Regular Plan Monthly IDCW;INF082J01325;INF082J01333;10.0130;;;30-Dec-2018

SBI Mutual Fund
119804;SBI Liquid Fund - Direct Paln - Fortnightly Income Distribution cum Capital Withdrawal Option (IDCW);INF200K01UR8;INF200K01US6;1012.0575;;;30-Dec-2018
119805;SBI Liquid Fund - Direct Plan - Daily Income Distribution cum Capital Withdrawal Option (IDCW);;INF200K01UQ0;1003.2500;;;30-Dec-2018
119799;SBI Liquid Fund - Direct Plan - Weekly Income Distribution cum Capital Withdrawal Option (IDCW);INF200K01UU2;INF200K01UV0;1061.2679;;;30-Dec-2018
119800;SBI Liquid Fund - DIRECT PLAN -Growth;INF200K01UT4;;2875.4080;;;30-Dec-2018
105274;SBI Liquid Fund - Institutional - Growth;INF200K01LU1;;2890.9157;;;30-Dec-2018
105275;SBI Liquid Fund - Institutional Daily Income Distribution cum Capital Withdrawal Option (IDCW);;INF200K01LR7;1003.2500;;;30-Dec-2018
105279;SBI Liquid Fund - Institutional Fortnightly Income Distribution cum Capital Withdrawal Option (IDCW);INF200K01LS5;INF200K01LT3;1023.3614;;;30-Dec-2018
105278;SBI Liquid Fund - Institutional Weekly Income Distribution cum Capital Withdrawal Option (IDCW);INF200K01LV9;INF200K01LW7;1060.5555;;;30-Dec-2018
105281;SBI Liquid Fund - Regular Plan - Daily Income Distribution cum Capital Withdrawal Option (IDCW);;INF200K01LX5;1003.2500;;;30-Dec-2018
105283;SBI Liquid Fund - Regular Plan - Fortnightly Income Distribution cum Capital Withdrawal Option (IDCW);INF200K01LY3;INF200K01LZ0;1012.0547;;;30-Dec-2018
105282;SBI Liquid Fund - Regular Plan - Weekly Income Distribution cum Capital Withdrawal Option (IDCW);INF200K01MB9;INF200K01MC7;1061.2650;;;30-Dec-2018
105280;SBI Liquid Fund - REGULAR PLAN -Growth;INF200K01MA1;;2863.9090;;;30-Dec-2018

Sundaram Mutual Fund
119690;Sundaram Money Fund Direct Plan - Bonus;INF903J01RL8;;13.8469;;;30-Dec-2018
119688;Sundaram Money Fund Direct Plan - Daily Reinvestment of Income Distribution cum Capital Withdrawal (IDCW);;INF903J01QA3;10.1025;;;30-Dec-2018
119692;Sundaram Money Fund Direct Plan - Fortnightly Reinvestment of Income Distribution cum Capital Withdrawal (IDCW);;INF903J01QB1;26.0772;;;30-Dec-2018
119686;Sundaram Money Fund Direct Plan - Growth;INF903J01QF2;;38.6914;;;30-Dec-2018
119687;Sundaram Money Fund Direct Plan - Monthly Income Distribution cum Capital Withdrawal (IDCW);INF903J01QC9;INF903J01QD7;10.7060;;;30-Dec-2018
119689;Sundaram Money Fund Direct Plan - Quarterly Reinvestment of Income Distribution cum Capital Withdrawal (IDCW);;INF903J01QE5;36.6582;;;30-Dec-2018
119691;Sundaram Money Fund Direct Plan - Weekly Reinvestment of Income Distribution cum Capital Withdrawal (IDCW);;INF903J01QG0;11.8195;;;30-Dec-2018
102701;Sundaram Money Fund Institutional Plan - Daily Reinvestment of Income Distribution cum Capital Withdrawal (IDCW);;INF903J01GP2;10.0953;;;30-Dec-2018
102703;Sundaram Money Fund Institutional Plan - Growth;INF903J01GN7;;37.5595;;;30-Dec-2018
118328;Sundaram Money Fund Regular Plan - Bonus;INF903J01MB0;;13.7673;;;30-Dec-2018
103392;Sundaram Money Fund Regular Plan - Daily Reinvestment of Income Distribution cum Capital Withdrawal (IDCW);;INF903J01GW8;10.0953;;;30-Dec-2018
103395;Sundaram Money Fund Regular Plan - Fortnightly Reinvestment of Income Distribution cum Capital Withdrawal (IDCW);;INF903J01GY4;11.0323;;;30-Dec-2018
103397;Sundaram Money Fund Regular Plan - Growth;INF903J01GU2;;38.5148;;;30-Dec-2018
103396;Sundaram Money Fund Regular Plan - Monthly Income Distribution cum Capital Withdrawal (IDCW);INF903J01GV0;INF903J01GZ1;10.5627;;;30-Dec-2018
103393;Sundaram Money Fund Regular Plan - Quarterly Reinvestment of Income Distribution cum Capital Withdrawal (IDCW);;INF903J01HA2;36.5317;;;30-Dec-2018
100620;Sundaram Money Fund Retail Plan - Daily Reinvestment of Income Distribution cum Capital Withdrawal (IDCW);;INF903J01GI7;10.0953;;;30-Dec-2018
100622;Sundaram Money Fund Retail Plan - Fortnightly Reinvestment of Income Distribution cum Capital Withdrawal (IDCW);;INF903J01GK3;11.0145;;;30-Dec-2018
100618;Sundaram Money Fund Retail Plan - Growth;INF903J01GG1;;35.9940;;;30-Dec-2018
100623;Sundaram Money Fund Retail Plan - Monthly Income Distribution cum Capital Withdrawal (IDCW);INF903J01GH9;INF903J01GL1;10.5759;;;30-Dec-2018
100619;Sundaram Money Fund Retail Plan - Quarterly Reinvestment of Income Distribution cum Capital Withdrawal (IDCW);;INF903J01GM9;12.3902;;;30-Dec-2018
100621;Sundaram Money Fund Retail Plan - Weekly Reinvestment of Income Distribution cum Capital Withdrawal (IDCW);;INF903J01GJ5;11.7552;;;30-Dec-2018
140006;Sundaram Money Fund Unclaimed Amount Plan - Unclaimed Dividend Less Than Three Years;INF903JA1567;;11.5763;;;30-Dec-2018
140005;Sundaram Money Fund Unclaimed Amount Plan - Unclaimed Dividend More Than Three Years;INF903JA1575;;10.0000;;;30-Dec-2018
140003;Sundaram Money Fund Unclaimed Amount Plan - Unclaimed Redemption Less Than Three Years;INF903JA1542;;11.5851;;;30-Dec-2018
140004;Sundaram Money Fund Unclaimed Amount Plan - Unclaimed Redemption More Than Three Years;INF903JA1559;;10.0000;;;30-Dec-2018
103394;Sundaram Money Fund Regular Plan - Weekly Reinvestment of Income Distribution cum Capital Withdrawal (IDCW);;INF903J01GX6;11.7986;;;30-Dec-2018

Tata Mutual Fund
102672;Tata Liquid Fund -Regular Plan - Growth Option;INF277K01YD8;;2878.6531;;;30-Dec-2018
119862;Tata Liquid Fund- Direct Plan - Daily Reinvestment of IDCW Option;;INF277K012D2;1001.5187;;;30-Dec-2018
119861;Tata Liquid Fund- Direct Plan-Growth Option;INF277K01YE6;;2891.8092;;;30-Dec-2018
101714;Tata Liquid Fund- Regular Plan - Daily Reinvestment of IDCW Option;;INF277K011D4;1001.5157;;;30-Dec-2018

Taurus Mutual Fund
111915;Taurus Liquid Fund - Regular Plan - SI Growth Option;INF044D01534;;1834.9586;;;30-Dec-2018
113248;Taurus Liquid Fund - Regular Plan - SI Weekly Dividend Option;;INF044D01526;1000.7856;;;30-Dec-2018
111703;Taurus Liquid Fund - Regular Plan -SI Daily Dividend Option;;INF044D01518;1000.7587;;;30-Dec-2018
118891;Taurus Liquid Fund-Direct Plan-SI Daily Dividend Option;;INF044D01DI0;1000.7587;;;30-Dec-2018
118893;Taurus Liquid Fund-Direct Plan-SI Growth Option;INF044D01DK6;;1843.3199;;;30-Dec-2018
118892;Taurus Liquid Fund-Direct Plan-SI Weekly Dividend Option;;INF044D01DJ8;1001.2598;;;30-Dec-2018
104240;Taurus Liquid Fund-Dividend;INF044D01542;INF044D01559;1001.2364;;;30-Dec-2018
104241;Taurus Liquid Fund-Growth;INF044D01575;;2149.1291;;;30-Dec-2018

Union Mutual Fund
115401;Union Liquid Fund - Daily IDCW Option;;INF582M01021;986.6651;;;30-Dec-2018
119301;Union Liquid Fund - Direct Plan - Daily IDCW Option;;INF582M01682;987.0988;;;30-Dec-2018
119305;Union Liquid Fund - Direct Plan - Fortnightly IDCW Option;INF582M01724;INF582M01708;987.1805;;;30-Dec-2018
119303;Union Liquid Fund - Direct Plan - Growth Option;INF582M01674;;1767.7668;;;30-Dec-2018
119302;Union Liquid Fund - Direct Plan - Monthly IDCW Option;INF582M01732;INF582M01716;989.8716;;;30-Dec-2018
119304;Union Liquid Fund - Direct Plan - Weekly IDCW Option;;INF582M01690;987.3350;;;30-Dec-2018
115399;Union Liquid Fund - Fortnightly IDCW Option;INF582M01062;INF582M01047;986.9738;;;30-Dec-2018
115398;Union Liquid Fund - Growth Option;INF582M01013;;1757.6005;;;30-Dec-2018
115400;Union Liquid Fund - Monthly IDCW Option;INF582M01070;INF582M01054;989.5259;;;30-Dec-2018
142345;Union Liquid Fund - Unclaimed Amounts Plan - IDCW Beyond 3 years;;;985.0985;;;30-Dec-2018
142344;Union Liquid Fund - Unclaimed Amounts Plan - IDCW Upto 3 years;;;1029.4397;;;30-Dec-2018
142343;Union Liquid Fund - Unclaimed Amounts Plan - Redemption Beyond 3 years;;;985.1551;;;30-Dec-2018
142342;Union Liquid Fund - Unclaimed Amounts Plan - Redemption Upto 3 years;;;1029.4243;;;30-Dec-2018
115402;Union Liquid Fund - Weekly IDCW Option;;INF582M01039;986.9921;;;30-Dec-2018

UTI Mutual Fund
134427;UTI Liquid Fund - Direct Plan - Annual IDCW;INF789FA1K63;INF789FA1K71;1321.4351;;;30-Dec-2018
120558;UTI Liquid Fund - Direct Plan - Daily IDCW (Reinvestment);;INF789F01XP8;1019.4457;;;30-Dec-2018
141768;UTI Liquid Fund - Direct Plan - Flexi IDCW;INF789FA1K89;INF789FA1K97;1088.4112;;;30-Dec-2018
140913;UTI Liquid Fund - Direct Plan - Fortnightly IDCW;INF789FA1K06;INF789FA1K14;1155.7611;;;30-Dec-2018
140504;UTI Liquid Fund - Direct Plan - Half-Yearly IDCW;INF789FA1K48;INF789FA1K55;1032.2121;;;30-Dec-2018
120794;UTI Liquid Fund - Direct Plan - Monthly IDCW;INF789F01XR4;INF789F01XS2;1030.8187;;;30-Dec-2018
140024;UTI Liquid Fund - Direct Plan - Quarterly IDCW;INF789FA1K22;INF789FA1K30;1248.0169;;;30-Dec-2018
120777;UTI Liquid Fund - Direct Plan - Weekly IDCW;;INF789F01XT0;1053.5982;;;30-Dec-2018
133973;UTI Liquid Fund - Regular Plan - Annual IDCW;INF789FA1J66;INF789FA1J74;1320.4434;;;30-Dec-2018
102010;UTI Liquid Fund - Regular Plan - Daily IDCW (Reinvestment);;INF789F01PG3;1019.4457;;;30-Dec-2018
140517;UTI Liquid Fund - Regular Plan - Flexi IDCW;INF789FA1J82;INF789FA1J90;1088.2706;;;30-Dec-2018
139838;UTI Liquid Fund - Regular Plan - Fortnightly IDCW;INF789FA1J09;INF789FA1J17;1154.9361;;;30-Dec-2018
102011;UTI Liquid Fund - Regular Plan - Monthly IDCW;INF789F01PI9;INF789F01PJ7;1030.773;;;30-Dec-2018
135721;UTI Liquid Fund - Regular Plan - Quarterly IDCW;INF789FA1J25;INF789FA1J33;1246.738;;;30-Dec-2018
102013;UTI Liquid Fund - Regular Plan - Weekly IDCW;;INF789F01PK5;1053.5912;;;30-Dec-2018
120304;UTI-  Liquid Cash Plan - Direct Plan - Growth Option;INF789F01XQ6;;3004.7251;;;30-Dec-2018
102012;UTI-  Liquid Cash Plan - Regular Plan - Growth Option;INF789F01PH1;;2994.5563;;;30-Dec-2018
102008;UTI-  Liquid Cash Plan- Discontinued - Regular Plan - Monthly Dividend Option;INF789F01BC2;INF789F01BA6;1181.6911;;;30-Dec-2018
102009;UTI-  Liquid Cash Plan- Discontinued - Regular Plan -Growth;INF789F01BB4;;2803.1905;;;30-Dec-2018
102007;UTI-  Liquid Cash Plan- Discontinued -Regular Plan Periodic Dividend Option;;INF789F01AZ5;1137.3028;;;30-Dec-2018

Open Ended Schemes ( Other Scheme - Other  ETFs )


DSP Mutual Fund
142589;DSP NIFTY 1D Rate Liquid ETF;;INF740KA1EU7;1000.0000;;;30-Dec-2018

ICICI Prudential Mutual Fund
144947;ICICI Prudential BSE Liquid Rate ETF - IDCW;INF109KC1KT9;;1000;;;30-Dec-2018

Nippon India Mutual Fund
140086;Nippon India ETF Nifty 1D Rate Liquid BeES - DAILY IDCW Option;INF732E01037;;1000.0000;;;30-Dec-2018

Close Ended Schemes ( Income )


SBI Mutual Fund
135904;SBI DEBT FUND SERIES B - 29 (1200 DAYS) - DIRECT PLAN - DIVIDEND;INF200KA1HK4;;12.6507;;;30-Dec-2018
135905;SBI DEBT FUND SERIES B - 29 (1200 DAYS) - DIRECT PLAN - GROWTH;INF200KA1HJ6;;12.6512;;;30-Dec-2018
135903;SBI DEBT FUND SERIES B - 29 (1200 DAYS) - REGULAR PLAN - DIVIDEND;INF200KA1HI8;;12.5128;;;30-Dec-2018
135902;SBI DEBT FUND SERIES B - 29 (1200 DAYS) - REGULAR PLAN - GROWTH;INF200KA1HH0;;12.5128;;;30-Dec-2018
136143;SBI DEBT FUND SERIES B - 31 (1200 DAYS) - DIRECT PLAN - DIVIDEND;INF200KA1HW9;;12.5116;;;30-Dec-2018
136142;SBI DEBT FUND SERIES B - 31 (1200 DAYS) - DIRECT PLAN - GROWTH;INF200KA1HV1;;12.5121;;;30-Dec-2018
136144;SBI DEBT FUND SERIES B - 31 (1200 DAYS) - REGULAR PLAN - DIVIDEND;INF200KA1HU3;;12.3805;;;30-Dec-2018
136141;SBI DEBT FUND SERIES B - 31 (1200 DAYS) - REGULAR PLAN - GROWTH;INF200KA1HT5;;12.3807;;;30-Dec-2018
136431;SBI DEBT FUND SERIES B - 33 (1131 DAYS) - DIRECT PLAN - DIVIDEND PAYOUT;INF200KA1II6;;12.4523;;;30-Dec-2018
136432;SBI DEBT FUND SERIES B - 33 (1131 DAYS) - DIRECT PLAN - GROWTH;INF200KA1IH8;;12.4486;;;30-Dec-2018
136434;SBI DEBT FUND SERIES B - 33 (1131 DAYS) - REGULAR PLAN - DIVIDEND PAYOUT;INF200KA1IG0;;12.3203;;;30-Dec-2018
136433;SBI DEBT FUND SERIES B - 33 (1131 DAYS) - REGULAR PLAN - GROWTH;INF200KA1IF2;;12.3204;;;30-Dec-2018
136477;SBI DEBT FUND SERIES B - 34 (1131 DAYS) - DIRECT PLAN - DIVIDEND PAYOUT;INF200KA1IM8;;12.4106;;;30-Dec-2018
136476;SBI DEBT FUND SERIES B - 34 (1131 DAYS) - DIRECT PLAN - GROWTH;INF200KA1IL0;;12.4100;;;30-Dec-2018
136475;SBI DEBT FUND SERIES B - 34 (1131 DAYS) - REGULAR PLAN - DIVIDEND PAYOUT;INF200KA1IK2;;12.2840;;;30-Dec-2018
136474;SBI DEBT FUND SERIES B - 34 (1131 DAYS) - REGULAR PLAN - GROWTH;INF200KA1IJ4;;12.2832;;;30-Dec-2018
136547;SBI DEBT FUND SERIES B - 35 (1131 DAYS) - DIRECT PLAN - DIVIDEND PAYOUT;INF200KA1IQ9;;12.3943;;;30-Dec-2018
136548;SBI DEBT FUND SERIES B - 35 (1131 DAYS) - DIRECT PLAN - GROWTH;INF200KA1IP1;;12.3953;;;30-Dec-2018
136546;SBI DEBT FUND SERIES B - 35 (1131 DAYS) - REGULAR PLAN - DIVIDEND PAYOUT;INF200KA1IO4;;12.2696;;;30-Dec-2018
136545;SBI DEBT FUND SERIES B - 35 (1131 DAYS) - REGULAR PLAN - GROWTH;INF200KA1IN6;;12.2694;;;30-Dec-2018
139226;SBI DEBT FUND SERIES B - 36 (1131 DAYS) - DIRECT PLAN - DIVIDEND PAYOUT;INF200KA1IY3;;12.3232;;;30-Dec-2018
139227;SBI DEBT FUND SERIES B - 36 (1131 DAYS) - DIRECT PLAN - GROWTH;INF200KA1IX5;;12.3214;;;30-Dec-2018
139225;SBI DEBT FUND SERIES B - 36 (1131 DAYS) - REGULAR PLAN - DIVIDEND PAYOUT;INF200KA1IW7;;12.1978;;;30-Dec-2018
139228;SBI DEBT FUND SERIES B- 36 (1131 DAYS) - REGULAR PLAN - GROWTH;INF200KA1IV9;;12.1978;;;30-Dec-2018
139403;SBI DEBT FUND SERIES B - 41(1100 DAYS)- DIRECT PLAN - DIVIDEND PAYOUT;INF200KA1JS3;;12.1130;;;30-Dec-2018
139406;SBI DEBT FUND SERIES B - 41(1100 DAYS)- DIRECT PLAN - GROWTH;INF200KA1JR5;;12.1126;;;30-Dec-2018
139405;SBI DEBT FUND SERIES B - 41(1100 DAYS)- REGULAR PALN - GROWTH;INF200KA1JP9;;11.9989;;;30-Dec-2018
139404;SBI DEBT FUND SERIES B - 41(1100 DAYS)- REGULAR PLAN - DIVIDEND PAYOUT;INF200KA1JQ7;;11.9989;;;30-Dec-2018
139565;SBI DEBT FUNDS SERIES B - 42 (1100 DAYS) - DIRECT PLAN - DIVIDEND PAYOUT;INF200KA1KB7;;11.9485;;;30-Dec-2018
139567;SBI DEBT FUNDS SERIES B - 42 (1100 DAYS) - DIRECT PLAN - GROWTH;INF200KA1KA9;;11.9485;;;30-Dec-2018
139564;SBI DEBT FUNDS SERIES B - 42 (1100 DAYS) - REGULAR PLAN - DIVIDEND PAYOUT;INF200KA1JZ8;;11.8406;;;30-Dec-2018
139566;SBI DEBT FUNDS SERIES B - 42 (1100 DAYS) - REGULAR PLAN - GROWTH;INF200KA1JY1;;11.8406;;;30-Dec-2018
139790;SBI DEBT FUND SERIES B - 43(1100 DAYS)- DIRECT PLAN - DIVIDEND PAYOUT;INF200KA1KR3;;11.7672;;;30-Dec-2018
139791;SBI DEBT FUND SERIES B - 43(1100 DAYS)- DIRECT PLAN - GROWTH;INF200KA1KQ5;;11.7672;;;30-Dec-2018
139789;SBI DEBT FUND SERIES B - 43(1100 DAYS)- REGULAR PLAN - GROWTH;INF200KA1KO0;;11.6659;;;30-Dec-2018
139788;SBI DEBT FUND SERIES B - 43(1100 DAYS)-REGULAR PLAN - DIVIDEND PAYOUT;INF200KA1KP7;;11.6659;;;30-Dec-2018
140012;SBI Debt Fund Series B - 44 (1100 Days) - Direct Plan - Dividend;INF200KA1LD1;;11.5663;;;30-Dec-2018
140011;SBI Debt Fund Series B - 44 (1100 Days) - Direct plan - Growth;INF200KA1LC3;;11.5663;;;30-Dec-2018
140014;SBI Debt Fund Series B - 44 (1100 Days) - Regular Plan - Dividend;INF200KA1LB5;;11.4781;;;30-Dec-2018
140013;SBI Debt Fund Series B - 44 (1100 Days) - Regular Plan - Growth;INF200KA1LA7;;11.4781;;;30-Dec-2018
140736;SBI DEBT FUND SERIES B - 46 (1155 DAYS) - DIRECT PLAN - DIVIDEND PAYOUT;INF200KA1MB3;;11.2434;;;30-Dec-2018
140735;SBI DEBT FUND SERIES B - 46 (1155 DAYS) - DIRECT PLAN - GROWTH;INF200KA1MA5;;11.2428;;;30-Dec-2018
140734;SBI DEBT FUND SERIES B - 46 (1155 DAYS) - REGULAR PLAN - DIVIDEND PAYOUT;INF200KA1LZ4;;11.1848;;;30-Dec-2018
140733;SBI DEBT FUND SERIES B - 46 (1155 DAYS) - REGULAR PLAN - GROWTH;INF200KA1LY7;;11.1853;;;30-Dec-2018
140764;SBI DEBT FUND SERIES B - 49 (1170 DAYS) - DIRECT PLAN - DIVIDEND PAYOUT;INF200KA1MV1;;11.2532;;;30-Dec-2018
140761;SBI DEBT FUND SERIES B - 49 (1170 DAYS) - DIRECT PLAN - GROWTH;INF200KA1MU3;;11.2532;;;30-Dec-2018
140762;SBI DEBT FUND SERIES B - 49 (1170 DAYS) - REGULAR PLAN - DIVIDEND PAYOUT;INF200KA1MT5;;11.1968;;;30-Dec-2018
140763;SBI DEBT FUND SERIES B - 49 (1170 DAYS) - REGULAR PLAN - GROWTH;INF200KA1MS7;;11.1963;;;30-Dec-2018
141525;SBI DEBT FUND SERIES C - 1 (1100 DAYS) - DIRECT PLAN - DIVIDEND PAYOUT;INF200KA1PX0;;10.9673;;;30-Dec-2018
141524;SBI DEBT FUND SERIES C - 1 (1100 DAYS) - DIRECT PLAN - GROWTH;INF200KA1PW2;;10.9673;;;30-Dec-2018
141523;SBI DEBT FUND SERIES C - 1 (1100 DAYS) - REGULAR PLAN - DIVIDEND PAYOUT;INF200KA1PV4;;10.9030;;;30-Dec-2018
141522;SBI DEBT FUND SERIES C - 1 (1100 DAYS) - REGULAR PLAN - GROWTH;INF200KA1PU6;;10.9025;;;30-Dec-2018
142551;SBI Debt Fund Series - C - 10 (1150 Days) - Direct Plan - Income Distribution cum Capital Withdrawal Option (IDCW);INF200KA1SR6;;10.5343;;;30-Dec-2018
142552;SBI Debt Fund Series - C - 10 (1150 Days) - Regular Plan - Income Distribution cum Capital Withdrawal Option (IDCW);INF200KA1SP0;;10.5024;;;30-Dec-2018
142550;SBI DEBT FUND SERIES C - 10 (1150 DAYS) - DIRECT PLAN - GROWTH;INF200KA1SQ8;;10.5343;;;30-Dec-2018
142553;SBI DEBT FUND SERIES C - 10 (1150 DAYS) - REGULAR PLAN - GROWTH;INF200KA1SO3;;10.5024;;;30-Dec-2018
142872;SBI Debt Fund Series - C - 12 (1122 Days) - Direct Plan - Income Distribution cum Capital Withdrawal Option (IDCW);INF200KA1TD4;;10.4650;;;30-Dec-2018
142870;SBI Debt Fund Series - C - 12 (1122 Days) - Regular Plan - Income Distribution cum Capital Withdrawal Option (IDCW);INF200KA1TB8;;10.4353;;;30-Dec-2018
142871;SBI DEBT FUND SERIES C - 12 (1122 DAYS) - DIRECT PLAN - GROWTH;INF200KA1TC6;;10.4651;;;30-Dec-2018
142869;SBI DEBT FUND SERIES C - 12 (1122 DAYS) - REGULAR PLAN - GROWTH;INF200KA1TA0;;10.4355;;;30-Dec-2018
142960;SBI Debt Fund Series - C - 14 (1122 Days) - Direct Plan - Income Distribution cum Capital Withdrawal Option (IDCW);INF200KA1TL7;;10.4617;;;30-Dec-2018
142957;SBI Debt Fund Series - C - 14 (1122 Days) - Regular Plan - Income Distribution cum Capital Withdrawal Option (IDCW);INF200KA1TJ1;;10.4362;;;30-Dec-2018
142959;SBI DEBT FUND SERIES C - 14 (1122 DAYS) - DIRECT PLAN - GROWTH;INF200KA1TK9;;10.4618;;;30-Dec-2018
142958;SBI DEBT FUND SERIES C - 14 (1122 DAYS) - REGULAR PLAN - GROWTH;INF200KA1TI3;;10.4329;;;30-Dec-2018
143486;SBI DEBT FUND SERIES C -15 (91 DAYS) - DIRECT PLAN - GROWTH;INF200KA1VG3;;10.4853;;;30-Dec-2018
143488;SBI DEBT FUND SERIES C -15 (91 DAYS) - REGULAR PLAN - GROWTH;INF200KA1VE8;;10.4744;;;30-Dec-2018
143492;SBI Debt Fund Series - C - 16 (1100 Days) - Direct Plan - Income Distribution cum Capital Withdrawal Option (IDCW);INF200KA1UB6;;10.4932;;;30-Dec-2018
143490;SBI Debt Fund Series - C - 16 (1100 Days) - Regular Plan - Income Distribution cum Capital Withdrawal Option (IDCW);INF200KA1TZ7;;10.4744;;;30-Dec-2018
143489;SBI DEBT FUND SERIES C -16 (1100 DAYS) - DIRECT PLAN - GROWTH;INF200KA1UA8;;10.4932;;;30-Dec-2018
143491;SBI DEBT FUND SERIES C -16 (1100 DAYS) - REGULAR PLAN - GROWTH;INF200KA1TY0;;10.4744;;;30-Dec-2018
143776;SBI Debt Fund Series - C - 18 (1100 Days) - Direct Plan - Income Distribution cum Capital Withdrawal Option (IDCW);INF200KA1UJ9;;10.4613;;;30-Dec-2018
143774;SBI Debt Fund Series - C - 18 (1100 Days) - Regular Plan - Income Distribution cum Capital Withdrawal Option (IDCW);INF200KA1UH3;;10.4428;;;30-Dec-2018
143775;SBI DEBT FUND SERIES C - 18 (1100 DAYS) - DIRECT PLAN - GROWTH;INF200KA1UI1;;10.4600;;;30-Dec-2018
143773;SBI DEBT FUND SERIES C - 18 (1100 DAYS) - REGULAR PLAN - GROWTH;INF200KA1UG5;;10.4428;;;30-Dec-2018
144038;SBI Debt Fund Series - C - 19 (1100 Days) - Direct Plan - Income Distribution cum Capital Withdrawal Option (IDCW);INF200KA1UN1;;10.4093;;;30-Dec-2018
144036;SBI Debt Fund Series - C - 19 (1100 Days) - Regular Plan - Income Distribution cum Capital Withdrawal Option (IDCW);INF200KA1UL5;;10.3914;;;30-Dec-2018
144037;SBI Debt Fund Series C - 19 (1100 Days) - Direct Plan - Growth;INF200KA1UM3;;10.4093;;;30-Dec-2018
144035;SBI Debt Fund Series C - 19 (1100 Days) - Regular Plan - Growth;INF200KA1UK7;;10.3915;;;30-Dec-2018
141746;SBI DEBT FUND SERIES C - 2 (1100 DAYS) - DIRECT PLAN - DIVIDEND PAYOUT;INF200KA1RH9;;10.7813;;;30-Dec-2018
141745;SBI DEBT FUND SERIES C - 2 (1100 DAYS) - DIRECT PLAN - GROWTH;INF200KA1RG1;;10.7813;;;30-Dec-2018
141744;SBI DEBT FUND SERIES C - 2 (1100 DAYS) - REGULAR PLAN - DIVIDEND PAYOUT;INF200KA1RF3;;10.7239;;;30-Dec-2018
141747;SBI DEBT FUND SERIES C - 2 (1100 DAYS) - REGULAR PLAN - GROWTH;INF200KA1RE6;;10.7239;;;30-Dec-2018
144350;SBI Debt Fund Series - C - 20 (1100 Days) - Direct Plan - Income Distribution cum Capital Withdrawal Option (IDCW);INF200KA1UV4;;10.3565;;;30-Dec-2018
144348;SBI Debt Fund Series - C - 20 (1100 Days) - Regular Plan - Income Distribution cum Capital Withdrawal Option (IDCW);INF200KA1UT8;;10.3414;;;30-Dec-2018
144349;SBI Debt Fund Series C - 20 - (1100 Days) - Direct Plan - Growth;INF200KA1UU6;;10.3566;;;30-Dec-2018
144347;SBI Debt Fund Series C - 20 - (1100 Days) - Regular Plan - Growth;INF200KA1US0;;10.3415;;;30-Dec-2018
144368;SBI Debt Fund Series - C - 21 (1100 Days) - Direct Plan - Income Distribution cum Capital Withdrawal Option (IDCW);INF200KA1UZ5;;10.3098;;;30-Dec-2018
144367;SBI Debt Fund Series - C - 21 (1100 Days) - Regular Plan - Income Distribution cum Capital Withdrawal Option (IDCW);INF200KA1UX0;;10.2947;;;30-Dec-2018
144366;SBI Debt Fund Series C - 21 (1100 Days) - Direct Plan - Growth;INF200KA1UY8;;10.3098;;;30-Dec-2018
144365;SBI Debt Fund Series C - 21 (1100 Days) - Regular Plan - Growth;INF200KA1UW2;;10.2946;;;30-Dec-2018
144495;SBI Debt Fund Series - C - 22 (1100 Days) - Direct Plan - Income Distribution cum Capital Withdrawal Option (IDCW);INF200KA1VD0;;10.2453;;;30-Dec-2018
144493;SBI Debt Fund Series - C - 22 (1100 Days) - Regular Plan - Income Distribution cum Capital Withdrawal Option (IDCW);INF200KA1VB4;;10.2340;;;30-Dec-2018
144494;SBI Debt Fund Series C - 22 (1100 Days) - Direct Plan - Growth;INF200KA1VC2;;10.2453;;;30-Dec-2018
144492;SBI Debt Fund Series C - 22 (1100 Days) - Regular Plan - Growth;INF200KA1VA6;;10.2339;;;30-Dec-2018
144843;SBI Debt Fund Series - C - 23 (1100 Days) - Direct Plan - Income Distribution cum Capital Withdrawal Option (IDCW);INF200KA1VL3;;10.2783;;;30-Dec-2018
144841;SBI Debt Fund Series - C - 23 (1100 Days) - Regular Plan - Income Distribution cum Capital Withdrawal Option (IDCW);INF200KA1VJ7;;10.2661;;;30-Dec-2018
144842;SBI Debt Fund Series C - 23 - (1100 Days) - Direct Plan - Growth;INF200KA1VK5;;10.2783;;;30-Dec-2018
144840;SBI Debt Fund Series C - 23 - (1100 Days) - Regular Plan - Growth;INF200KA1VI9;;10.2662;;;30-Dec-2018
144920;SBI Debt Fund Series - C - 24 (1100 Days) - Direct Plan - Income Distribution cum Capital Withdrawal Option (IDCW);INF200KA1VP4;;10.3231;;;30-Dec-2018
144917;SBI Debt Fund Series - C - 24 (1100 Days) - Regular Plan - Income Distribution cum Capital Withdrawal Option (IDCW);INF200KA1VN9;;10.3133;;;30-Dec-2018
144918;SBI Debt Fund Series C - 24 - (1100 Days) - Direct Plan - Growth;INF200KA1VO7;;10.3231;;;30-Dec-2018
144919;SBI Debt Fund Series C - 24 - (1100 Days) - Regular Plan - Growth;INF200KA1VM1;;10.3126;;;30-Dec-2018
144993;SBI Debt Fund Series - C - 25 (1100 Days) - Direct Plan - Income Distribution cum Capital Withdrawal Option (IDCW);INF200KA1VU4;;10.2981;;;30-Dec-2018
144991;SBI Debt Fund Series - C - 25 (1100 Days) - Regular Plan - Income Distribution cum Capital Withdrawal Option (IDCW);INF200KA1VS8;;10.2818;;;30-Dec-2018
144992;SBI Debt Fund Series C - 25 - (1100 Days) - Direct Plan - Growth;INF200KA1VT6;;10.2981;;;30-Dec-2018
144990;SBI Debt Fund Series C - 25 - (1100 Days) - Regular Plan - Growth;INF200KA1VR0;;10.2811;;;30-Dec-2018
145230;SBI Debt Fund Series - C - 26 (1125 Days) - Direct Plan - Income Distribution cum Capital Withdrawal Option (IDCW);INF200KA1WC0;;10.2930;;;30-Dec-2018
145231;SBI Debt Fund Series - C - 26 (1125 Days) - Regular Plan - Income Distribution cum Capital Withdrawal Option (IDCW);INF200KA1WA4;;10.2876;;;30-Dec-2018
145229;SBI Debt Fund Series C - 26 - (1125 Days) - Direct Plan - Growth;INF200KA1WB2;;10.2934;;;30-Dec-2018
145232;SBI Debt Fund Series C - 26 - (1125 Days) - Regular Plan - Growth;INF200KA1VZ3;;10.2848;;;30-Dec-2018
145373;SBI Debt Fund Series - C - 27 (391 Days) - Direct Plan - Income Distribution cum Capital Withdrawal Option (IDCW);INF200KA12G0;;10.2569;;;30-Dec-2018
145374;SBI Debt Fund Series - C - 27 (391 Days) - Regular Plan - Income Distribution cum Capital Withdrawal Option (IDCW);INF200KA10G4;;10.2509;;;30-Dec-2018
145372;SBI Debt Fund Series C - 27 - (391 Days) - Direct Plan - Growth;INF200KA11G2;;10.2569;;;30-Dec-2018
145371;SBI Debt Fund Series C - 27 - (391 Days) - Regular Plan - Growth;INF200KA19F7;;10.2509;;;30-Dec-2018
145497;SBI Debt Fund Series - C - 28 (386 Days) - Direct Plan - Income Distribution cum Capital Withdrawal Option (IDCW);INF200KA16G1;;10.1708;;;30-Dec-2018
145498;SBI Debt Fund Series - C - 28 (386 Days) - Regular Plan - Income Distribution cum Capital Withdrawal Option (IDCW);INF200KA14G6;;10.1637;;;30-Dec-2018
145499;SBI Debt Fund Series C - 28 - (386 Days) - Direct Plan - Growth;INF200KA15G3;;10.1678;;;30-Dec-2018
145500;SBI Debt Fund Series C - 28 - (386 Days) - Regular Plan - Growth;INF200KA13G8;;10.1637;;;30-Dec-2018
145502;SBI Debt Fund Series C - 29 - (366 Days) - Direct Plan - Dividend Payout;INF200KA1WS6;;10.1142;;;30-Dec-2018
145504;SBI Debt Fund Series C - 29 - (366 Days) - Direct Plan - Growth;INF200KA1WR8;;10.1142;;;30-Dec-2018
145503;SBI Debt Fund Series C - 29 - (366 Days) - Regular Plan - Dividend Payout;INF200KA1WQ0;;10.1102;;;30-Dec-2018
145501;SBI Debt Fund Series C - 29 - (366 Days) - Regular Plan - Growth;INF200KA1WP2;;10.1102;;;30-Dec-2018
145645;SBI Debt Fund Series - C - 30 (385 Days) - Direct Plan - Income Distribution cum Capital Withdrawal Option (IDCW);INF200KA10H2;;10.1076;;;30-Dec-2018
145644;SBI Debt Fund Series - C - 30 (385 Days) - Regular Plan - Income Distribution cum Capital Withdrawal Option (IDCW);INF200KA18G7;;10.1053;;;30-Dec-2018
145647;SBI Debt Fund Series C - 30 - (385 Days) - Direct Plan - Growth;INF200KA19G5;;10.1076;;;30-Dec-2018
145646;SBI Debt Fund Series C - 30 - (385 Days) - Regular Plan - Growth;INF200KA17G9;;10.1053;;;30-Dec-2018
145741;SBI Debt Fund Series C - 31 - (365 Days) - Direct Plan - Dividend Payout;INF200KA1XJ3;;10.0664;;;30-Dec-2018
145740;SBI Debt Fund Series C - 31 - (365 Days) - Direct Plan - Growth;INF200KA1XI5;;10.0664;;;30-Dec-2018
145739;SBI Debt Fund Series C - 31 - (365 Days) - Regular Plan - Dividend Payout;INF200KA1XH7;;10.0647;;;30-Dec-2018
145742;SBI Debt Fund Series C - 31 - (365 Days) - Regular Plan - Growth;INF200KA1XG9;;10.0647;;;30-Dec-2018
145744;SBI Debt Fund Series - C - 32 (380 Days) - Direct Plan - Income Distribution cum Capital Withdrawal Option (IDCW);INF200KA14H4;;10.0542;;;30-Dec-2018
145743;SBI Debt Fund Series - C - 32 (380 Days) - Regular Plan - Income Distribution cum Capital Withdrawal Option (IDCW);INF200KA12H8;;10.0527;;;30-Dec-2018
145746;SBI Debt Fund Series C - 32 - (380 Days) - Direct Plan - Growth;INF200KA13H6;;10.0542;;;30-Dec-2018
145745;SBI Debt Fund Series C - 32 - (380 Days) - Regular Plan - Growth;INF200KA11H0;;10.0527;;;30-Dec-2018
142178;SBI Debt Fund Series - C - 7 (1190 Days) - Direct Plan - Income Distribution cum Capital Withdrawal Option (IDCW);INF200KA1SB0;;10.5744;;;30-Dec-2018
142180;SBI Debt Fund Series - C - 7 (1190 Days) - Regular Plan - Income Distribution cum Capital Withdrawal Option (IDCW);INF200KA1RZ1;;10.5374;;;30-Dec-2018
142177;SBI DEBT FUND SERIES C - 7 (1190 DAYS) - DIRECT PLAN - GROWTH;INF200KA1SA2;;10.5744;;;30-Dec-2018
142179;SBI DEBT FUND SERIES C - 7 (1190 DAYS) - REGULAR PLAN - GROWTH;INF200KA1RY4;;10.5374;;;30-Dec-2018
142333;SBI Debt Fund Series - C - 8 (1175 Days) - Direct Plan - Income Distribution cum Capital Withdrawal Option (IDCW);INF200KA1SJ3;;10.5687;;;30-Dec-2018
142331;SBI Debt Fund Series - C - 8 (1175 Days) - Regular Plan - Income Distribution cum Capital Withdrawal Option (IDCW);INF200KA1SH7;;10.5338;;;30-Dec-2018
142330;SBI DEBT FUND SERIES C - 8 (1175 DAYS) - REGULAR PLAN - GROWTH;INF200KA1SG9;;10.5338;;;30-Dec-2018
142332;SBI DEBT FUND SERIES C -8 (1175 DAYS) - DIRECT PLAN - GROWTH;INF200KA1SI5;;10.5687;;;30-Dec-2018
142487;SBI Debt Fund Series - C - 9 (1150 Days) - Direct Plan - Income Distribution cum Capital Withdrawal Option (IDCW);INF200KA1SN5;;10.5406;;;30-Dec-2018
142486;SBI Debt Fund Series - C - 9 (1150 Days) - Regular Plan - Income Distribution cum Capital Withdrawal Option (IDCW);INF200KA1SL9;;10.5093;;;30-Dec-2018
142485;SBI DEBT FUND SERIES C - 9 (1150 DAYS) - DIRECT PLAN - GROWTH;INF200KA1SM7;;10.5406;;;30-Dec-2018
142488;SBI DEBT FUND SERIES C - 9 (1150 DAYS) - REGULAR PLAN - GROWTH;INF200KA1SK1;;10.5093;;;30-Dec-2018
135777;SBI DUAL ADVANATGE FUND - SERIES XII - REGULAR PLAN - DIVIDEND;INF200KA1HA5;;12.3523;;;30-Dec-2018
135780;SBI DUAL ADVANTAGE FUND - SERIES XII - DIRECT PLAN - DIVIDEND;INF200KA1HC1;;12.7034;;;30-Dec-2018
135778;SBI DUAL ADVANTAGE FUND - SERIES XII - DIRECT PLAN - GROWTH;INF200KA1HB3;;12.7034;;;30-Dec-2018
135779;SBI DUAL ADVANTAGE FUND - SERIES XII - REGULAR PLAN - GROWTH;INF200KA1GZ4;;12.3528;;;30-Dec-2018
136044;SBI DUAL ADVANTAGE FUND - SERIES XIII - DIRECT PLAN - DIVIDEND;INF200KA1HS7;;12.6887;;;30-Dec-2018
136043;SBI DUAL ADVANTAGE FUND - SERIES XIII - DIRECT PLAN - GROWTH;INF200KA1HR9;;12.6887;;;30-Dec-2018
136045;SBI DUAL ADVANTAGE FUND - SERIES XIII - REGULAR PLAN - DIVIDEND;INF200KA1HQ1;;12.3534;;;30-Dec-2018
136042;SBI DUAL ADVANTAGE FUND - SERIES XIII - REGULAR PLAN - GROWTH;INF200KA1HP3;;12.3533;;;30-Dec-2018
140596;SBI DUAL ADVANTAGE FUND - SERIES XIX - DIRECT PLAN - DIVIDEND PAYOUT;INF200KA1LX9;;11.0990;;;30-Dec-2018
140597;SBI DUAL ADVANTAGE FUND - SERIES XIX - DIRECT PLAN - GROWTH;INF200KA1LW1;;11.0989;;;30-Dec-2018
140598;SBI DUAL ADVANTAGE FUND - SERIES XIX - REGULAR PLAN - DIVIDEND PAYOUT;INF200KA1LV3;;10.9477;;;30-Dec-2018
140595;SBI DUAL ADVANTAGE FUND - SERIES XIX - REGULAR PLAN - GROWTH;INF200KA1LU5;;10.9473;;;30-Dec-2018
139123;SBI Dual Advantage Fund - Series XV- Direct Plan - Growth;INF200KA1IT3;;12.2096;;;30-Dec-2018
139120;SBI Dual Advantage Fund - Series XV- Direct Plan -Dividend Payout;INF200KA1IU1;;12.2096;;;30-Dec-2018
139122;SBI Dual Advantage Fund - Series XV- Regular Plan - Dividend Payout;INF200KA1IS5;;11.8975;;;30-Dec-2018
139121;SBI Dual Advantage Fund - Series XV- Regular Plan - Growth;INF200KA1IR7;;11.8967;;;30-Dec-2018
139531;SBI Dual Advantage Fund - Series XVI - Direct Plan - Dividend Payout;INF200KA1JX3;;11.6667;;;30-Dec-2018
139526;SBI Dual Advantage Fund - Series XVI - Direct Plan - Growth;INF200KA1JW5;;11.6687;;;30-Dec-2018
139532;SBI Dual Advantage Fund - Series XVI - Regular Plan - Dividend Payout;INF200KA1JV7;;11.4526;;;30-Dec-2018
139533;SBI Dual Advantage Fund - Series XVI - Regular Plan - Growth;INF200KA1JU9;;11.4515;;;30-Dec-2018
139793;SBI Dual Advantage Fund  XVII - Direct Plan - Dividend Payout;INF200KA1KN2;;11.5525;;;30-Dec-2018
139792;SBI Dual Advantage Fund  XVII - Regular Plan - Growth;INF200KA1KK8;;11.3567;;;30-Dec-2018
139794;SBI Dual Advantage Fund - Series XVII - Direct Plan - growth;INF200KA1KM4;;11.5522;;;30-Dec-2018
139795;SBI Dual Advantage Fund - Series XVII - Regular Plan - Dividend Payout;INF200KA1KL6;;11.3588;;;30-Dec-2018
140393;SBI Dual Advantage Fund - Series XVIII - Direct Plan - Dividend Payout;INF200KA1LL4;;11.3535;;;30-Dec-2018
140396;SBI Dual Advantage Fund - Series XVIII - Direct Plan - Growth;INF200KA1LK6;;11.4463;;;30-Dec-2018
140395;SBI Dual Advantage Fund - Series XVIII - Regular Plan - Dividend Payout;INF200KA1LJ8;;11.1862;;;30-Dec-2018
140394;SBI Dual Advantage Fund - Series XVIII - Regular Plan - Growth;INF200KA1LI0;;11.1891;;;30-Dec-2018
141350;SBI DUAL ADVANTAGE FUND - SERIES XXII - DIRECT PLAN - DIVIDEND PAYOUT;INF200KA1OR5;;10.8656;;;30-Dec-2018
141348;SBI DUAL ADVANTAGE FUND - SERIES XXII - DIRECT PLAN - GROWTH;INF200KA1OQ7;;10.8656;;;30-Dec-2018
141347;SBI DUAL ADVANTAGE FUND - SERIES XXII - REGULAR PLAN - DIVIDEND PAYOUT;INF200KA1OP9;;10.7284;;;30-Dec-2018
141349;SBI DUAL ADVANTAGE FUND - SERIES XXII - REGULAR PLAN - GROWTH;INF200KA1OO2;;10.7331;;;30-Dec-2018
141633;SBI DUAL ADVANTAGE FUND - SERIES XXIII - DIRECT PLAN - DIVIDEND PAYOUT;INF200KA1QZ3;;10.5696;;;30-Dec-2018
141634;SBI DUAL ADVANTAGE FUND - SERIES XXIII - DIRECT PLAN - GROWTH;INF200KA1QY6;;10.5710;;;30-Dec-2018
141632;SBI DUAL ADVANTAGE FUND - SERIES XXIII - REGULAR PLAN - DIVIDEND PAYOUT;INF200KA1QX8;;10.4593;;;30-Dec-2018
141631;SBI DUAL ADVANTAGE FUND - SERIES XXIII - REGULAR PLAN - GROWTH;INF200KA1QW0;;10.4583;;;30-Dec-2018
141834;SBI DUAL ADVANTAGE FUND - SERIES XXIV - DIRECT PLAN - DIVIDEND PAYOUT;INF200KA1RL1;;10.4102;;;30-Dec-2018
141832;SBI DUAL ADVANTAGE FUND - SERIES XXIV - DIRECT PLAN - GROWTH;INF200KA1RK3;;10.4101;;;30-Dec-2018
141831;SBI DUAL ADVANTAGE FUND - SERIES XXIV - REGULAR PLAN - DIVIDEND PAYOUT;INF200KA1RJ5;;10.3146;;;30-Dec-2018
141833;SBI DUAL ADVANTAGE FUND - SERIES XXIV - REGULAR PLAN - GROWTH;INF200KA1RI7;;10.3117;;;30-Dec-2018
144114;SBI Dual Advantage Fund - Series XXIX - Direct Plan - Growth;INF200KA1UQ4;;10.1937;;;30-Dec-2018
144112;SBI Dual Advantage Fund - Series XXIX - Direct Plan - Income Distribution cum Capital Withdrawal Option (IDCW);INF200KA1UR2;;10.1924;;;30-Dec-2018
144111;SBI Dual Advantage Fund - Series XXIX - Regular Plan - Growth;INF200KA1UO9;;10.1554;;;30-Dec-2018
144113;SBI Dual Advantage Fund - Series XXIX - Regular Plan - Income Distribution cum Capital Withdrawal Option (IDCW);INF200KA1UP6;;10.1563;;;30-Dec-2018
141960;SBI DUAL ADVANTAGE FUND - SERIES XXV - DIRECT PLAN - GROWTH;INF200KA1RS6;;10.2288;;;30-Dec-2018
141962;SBI Dual Advantage Fund - Series XXV - Direct Plan - Income Distribution cum Capital Withdrawal Option (IDCW);INF200KA1RT4;;10.2288;;;30-Dec-2018
141959;SBI DUAL ADVANTAGE FUND - SERIES XXV - REGULAR PLAN - GROWTH;INF200KA1RQ0;;10.1459;;;30-Dec-2018
141961;SBI Dual Advantage Fund - Series XXV - Regular Plan - Income Distribution cum Capital Withdrawal Option (IDCW);INF200KA1RR8;;10.1454;;;30-Dec-2018
142259;SBI DUAL ADVANTAGE FUND - SERIES XXVI - DIRECT PLAN - GROWTH;INF200KA1SE4;;10.2793;;;30-Dec-2018
142256;SBI Dual Advantage Fund - Series XXVI - Direct Plan - Income Distribution cum Capital Withdrawal Option (IDCW);INF200KA1SF1;;10.2794;;;30-Dec-2018
142257;SBI DUAL ADVANTAGE FUND - SERIES XXVI - REGULAR PLAN - GROWTH;INF200KA1SC8;;10.2079;;;30-Dec-2018
142258;SBI Dual Advantage Fund - Series XXVI - Regular Plan - Income Distribution cum Capital Withdrawal Option (IDCW);INF200KA1SD6;;10.2081;;;30-Dec-2018
142751;SBI DUAL ADVANTAGE FUND - SERIES XXVII - DIRECT PLAN - GROWTH;INF200KA1SU0;;10.2288;;;30-Dec-2018
142752;SBI Dual Advantage Fund - Series XXVII - Direct Plan - Income Distribution cum Capital Withdrawal Option (IDCW);INF200KA1SV8;;10.2288;;;30-Dec-2018
142749;SBI DUAL ADVANTAGE FUND - SERIES XXVII - REGULAR PLAN - GROWTH;INF200KA1SS4;;10.1669;;;30-Dec-2018
142750;SBI Dual Advantage Fund - Series XXVII - Regular Plan - Income Distribution cum Capital Withdrawal Option (IDCW);INF200KA1ST2;;10.1672;;;30-Dec-2018
143363;SBI DUAL ADVANTAGE FUND - SERIES XXVIII - DIRECT PLAN - GROWTH;INF200KA1TS2;;10.3120;;;30-Dec-2018
143364;SBI Dual Advantage Fund - Series XXVIII - Direct Plan - Income Distribution cum Capital Withdrawal Option (IDCW);INF200KA1TT0;;10.2840;;;30-Dec-2018
143362;SBI DUAL ADVANTAGE FUND - SERIES XXVIII - REGULAR PLAN - GROWTH;INF200KA1TQ6;;10.2352;;;30-Dec-2018
143365;SBI Dual Advantage Fund - Series XXVIII - Regular Plan - Income Distribution cum Capital Withdrawal Option (IDCW);INF200KA1TR4;;10.2355;;;30-Dec-2018
145160;SBI Dual Advantage Fund - Series XXX - Direct Plan - Income Distribution cum Capital Withdrawal Option (IDCW);INF200KA1VY6;;10.2591;;;30-Dec-2018
145159;SBI Dual Advantage Fund - Series XXX - Regular Plan - Income Distribution cum Capital Withdrawal Option (IDCW);INF200KA1VW0;;10.2428;;;30-Dec-2018
145161;SBI Dual Advantage Fund Series XXX - Direct Plan - Growth;INF200KA1VX8;;10.2591;;;30-Dec-2018
145162;SBI Dual Advantage Fund Series XXX - Regular Plan - Growth;INF200KA1VV2;;10.2428;;;30-Dec-2018
136358;SBI DUAL ADVANTAGE FUND SERIES XIV- DIRECT PLAN - DIVIDEND PAYOUT;INF200KA1IA3;;12.5096;;;30-Dec-2018
136359;SBI DUAL ADVANTAGE FUND SERIES XIV- DIRECT PLAN - GROWTH;INF200KA1HZ2;;12.5096;;;30-Dec-2018
136361;SBI DUAL ADVANTAGE FUND SERIES XIV- REGULAR PLAN - DIVIDEND PAYOUT;INF200KA1HY5;;12.1803;;;30-Dec-2018
136360;SBI DUAL ADVANTAGE FUND SERIES XIV- REGULAR PLAN - GROWTH;INF200KA1HX7;;12.1776;;;30-Dec-2018

Close Ended Schemes ( Growth )


SBI Mutual Fund
131339;SBI EQUITY OPPORTUNITIES FUND - SERIES I - DIRECT PLAN - DIVIDEND;INF200K017S1;;10.9267;;;30-Dec-2018
131338;SBI EQUITY OPPORTUNITIES FUND - SERIES I - DIRECT PLAN - GROWTH;INF200K016S3;;15.4026;;;30-Dec-2018
131337;SBI EQUITY OPPORTUNITIES FUND - SERIES I - REGULAR PLAN - DIVIDEND;INF200K015S5;;10.7420;;;30-Dec-2018
131336;SBI EQUITY OPPORTUNITIES FUND - SERIES I - REGULAR PLAN - GROWTH;INF200K014S8;;15.1384;;;30-Dec-2018
135507;SBI EQUITY OPPORTUNITIES FUND -  SERIES IV - REGULAR PLAN - GROWTH;INF200KA1GP5;;14.4257;;;30-Dec-2018
135506;SBI EQUITY OPPORTUNITIES FUND - SERIES IV - DIRECT PLAN - GROWTH;INF200KA1GN0;;15.0140;;;30-Dec-2018
135509;SBI Equity Opportunities Fund-Series IV - Direct Plan - Income Distribution cum Capital Withdrawal Option (IDCW);INF200KA1GO8;;12.7605;;;30-Dec-2018
135508;SBI Equity Opportunities Fund-Series IV - Regular Plan - Income Distribution cum Capital Withdrawal Option (IDCW);INF200KA1GQ3;;12.2401;;;30-Dec-2018
