Scheme Code;Scheme Name;ISIN Div Payout/ISIN Growth;ISIN Div Reinvestment;Net Asset Value;Repurchase Price;Sale Price;Date

Open Ended Schemes ( Income )


ABN  AMRO Mutual Fund
102645;ABN AMRO  Short Term Income Fund-Institutional Plan-Daily Dividend Option;;;10.0000;10.0000;10.0000;15-Oct-2006
102644;ABN AMRO  Short Term Income Fund-Institutional Plan-Growth Option;;;11.2312;11.2312;11.2312;15-Oct-2006
102646;ABN AMRO  Short Term Income Fund-Institutional Plan-Monthly Dividend Option;;;10.0317;10.0317;10.0317;15-Oct-2006
102647;ABN AMRO  Short Term Income Fund-Institutional Plan-Weekly Dividend Option;;;10.0053;10.0053;10.0053;15-Oct-2006
102649;ABN AMRO  Short Term Income Fund-Institutional Plus Plan-Daily Dividend Option;;;10.0000;10.0000;10.0000;15-Oct-2006
102648;ABN AMRO  Short Term Income Fund-Institutional Plus Plan-Growth Option;;;10.6510;10.6510;10.6510;15-Oct-2006
102650;ABN AMRO  Short Term Income Fund-Institutional Plus Plan-Monthly Dividend Option;;;0.0000;0.0000;0.0000;15-Oct-2006
102651;ABN AMRO  Short Term Income Fund-Institutional Plus Plan-Weekly Dividend Option;;;0.0000;0.0000;0.0000;15-Oct-2006
102641;ABN AMRO  Short Term Income Fund-Regular Plan-Growth Option;;;11.1257;11.1257;11.1257;15-Oct-2006
102642;ABN AMRO  Short Term Income Fund-Regular Plan-Monthly Dividend Option;;;10.0294;10.0294;10.0294;15-Oct-2006
102643;ABN AMRO  Short Term Income Fund-Regular Plan-Weekly Dividend Option;;;10.0049;10.0049;10.0049;15-Oct-2006

DBS Chola Mutual Fund
101958;DBS Chola Liquid Fund - Institutional Plus Weekly Dividend;;;11.9151;11.9151;11.9151;15-Oct-2006
103137;DBS Chola Short Term Floating Rate Fund-Cumulative;;;10.7596;10.7596;10.7596;15-Oct-2006
103134;DBS Chola Short Term Floating Rate Fund-Dividend-Daily;;;10.0156;10.0156;10.0156;15-Oct-2006
103136;DBS Chola Short Term Floating Rate Fund-Dividend-Monthly;;;10.2056;10.2056;10.2056;15-Oct-2006
103135;DBS Chola Short Term Floating Rate Fund-Dividend-Weekly;;;10.2124;10.2124;10.2124;15-Oct-2006

DSP Mutual Fund
103275;DSP Credit Risk Fund - Institutional Plan-Daily Dividend Reinvest;;;1001.0600;1001.0600;1001.0600;15-Oct-2006
103277;DSP Credit Risk Fund - Institutional Plan-Growth;INF740K01FN3;;1060.5568;1060.5568;1060.5568;15-Oct-2006
103276;DSP Credit Risk Fund - Institutional Plan-Weekly Dividend Reinvest;;;1001.4558;1001.4558;1001.4558;15-Oct-2006

Standard Chartered Mutual Fund
102342;GCF-Plan C-Daily Dividend;;;10;10;10;15-Oct-2006
102340;GCF-Plan C-Growth;;;11.4452;11.4452;11.4452;15-Oct-2006
102343;GCF-Plan C-Monthly Dividend;;;10.0677;10.0677;10.0677;15-Oct-2006
102341;GCF-Plan C-weekly Dividend;;;10.0034;10.0034;10.0034;15-Oct-2006
101780;GCF Daily-Dividend(Institutional Plan);;;10.5816;10.5816;10.5816;15-Oct-2006
101760;GCF Dividend-Weekly(Institutional Plan);;;10.3029;10.3029;10.3029;15-Oct-2006
102348;GFRF-Plan C-Daily Dividend;;;10;10;10;15-Oct-2006
102347;GFRF-Plan C-Growth;;;11.4543;11.4543;11.4543;15-Oct-2006
102350;GFRF-Plan C-Monthly Divdend;;;10.0434;10.0434;10.0434;15-Oct-2006
102349;GFRF-Plan C-Weekly Dividend;;;10;10;10;15-Oct-2006
101947;GFRF (Daily - Dividind);;;10.0699;10.0699;10.0699;15-Oct-2006
101948;GFRF (Dividend - Weekly);;;10.0704;10.0704;10.0704;15-Oct-2006
101773;GFRF - Growth(Institutional Plan);;;11.8831;11.8831;11.8831;15-Oct-2006
101774;GFRF Dividend-Daily (Institutional Plan);;;10.0703;10.0703;10.0703;15-Oct-2006
101776;GFRF Dividend-Monthly(Institutional Plan);;;10.0304;10.0304;10.0304;15-Oct-2006
101775;GFRF Dividend-Weekly(Institutional Plan);;;10.0948;10.0948;10.0948;15-Oct-2006
101100;Grindlays Cash Fund-Dividend (Daily);;;10.5819;10.5819;10.5819;15-Oct-2006
101099;Grindlays Cash Fund-Growth;;;13.3766;13.3766;13.3766;15-Oct-2006
101319;Grindlays Cash Fund - Dividend (Weekly);;;10.1949;10.1949;10.1949;15-Oct-2006
101632;Grindlays Cash Fund - Plan B (D) (Institutional Plan);;;10.034;10.034;10.034;15-Oct-2006
101248;Grindlays Cash Fund - Plan B (G) (Institutional Plan);;;13.4452;13.4452;13.4452;15-Oct-2006

Open Ended Schemes ( Liquid )


Aditya Birla Sun Life Mutual Fund
101294;Birla Sun Life Cash Plus Sweep Plan-Dividend Option;;;10.0506;10.0506;10.0506;15-Oct-2006

DBS Chola Mutual Fund
100989;DBS Chola Liquid Fund-Cum -Institutional Plus;;;14.7435;14.7435;14.7435;15-Oct-2006
104329;DBS Chola Liquid Fund-Cum -Super Institutional;;;10.0230;10.0230;10.0230;15-Oct-2006
100978;DBS Chola Liquid Fund-Daily Dividend Reinvestment Plan;;;10.0315;10.0315;10.0315;15-Oct-2006
100975;DBS Chola Liquid Fund-Regular Cumulative;;;14.6605;14.6605;14.6605;15-Oct-2006
104330;DBS Chola Liquid Fund-Weekly Dividend- Super Institutional;;;10.0075;10.0075;10.0075;15-Oct-2006
101307;DBS Chola Liquid Fund - Regular Weekly Dividend;;;11.9478;11.9478;11.9478;15-Oct-2006

Deutsche Mutual Fund
101718;DWS Insta Cash Plus Fund-DIVIDEND-Daily Dividend;;INF223J01BI1;10.3010;10.3010;10.3010;15-Oct-2006
101717;DWS Insta Cash Plus Fund-DIVIDEND-MONTHLY DIVIDEND;INF223J01BK7;INF223J01BL5;10.2046;10.2046;10.2046;15-Oct-2006
101716;DWS Insta Cash Plus Fund-DIVIDEND-WEEKLY DIVIDEND;INF223J01BM3;INF223J01BN1;10.1866;10.1866;10.1866;15-Oct-2006
101719;DWS Insta Cash Plus Fund-Growth-GROWTH;INF223J01BJ9;;12.1610;12.1610;12.1610;15-Oct-2006
101722;DWS Insta Cash Plus Fund-Institutional Plan-Daily Dividend;;INF223J01BA8;10.0195;10.0195;10.0195;15-Oct-2006
101720;DWS Insta Cash Plus Fund-Institutional Plan-Dividend;INF223J01BE0;INF223J01BD2;10.0744;10.0744;10.0744;15-Oct-2006
101721;DWS Insta Cash Plus Fund-Institutional Plan-Growth;INF223J01BB6;;11.3691;11.3691;11.3691;15-Oct-2006
101723;DWS Insta Cash Plus Fund-Institutional Plan-Weekly Dividend;INF223J01BF7;INF223J01BG5;10.0937;10.0937;10.0937;15-Oct-2006

ING Mutual Fund
100194;ING Liquid Fund-Auto Sweep Growth Option;;;10.0000;10.0000;10.0000;15-Oct-2006
100195;ING Liquid Fund-Auto Sweep Weekly Dividend Option;;;10.0000;10.0000;10.0000;15-Oct-2006
100198;ING Liquid Fund-Institutional Daily Dividend Option;INF084M01473;;10.0103;10.0103;10.0103;15-Oct-2006
100196;ING Liquid Fund-Institutional Growth Option;INF084M01465;;11.3756;11.3756;11.3756;15-Oct-2006
100197;ING Liquid Fund-Institutional Weekly Dividend Option;INF084M01499;INF084M01481;10.0651;10.0651;10.0651;15-Oct-2006
100192;ING Liquid Fund-Regular Daily Dividend Option;INF084M01432;;10.7849;10.7849;10.7849;15-Oct-2006
100190;ING Liquid Fund-Regular Growth Option;INF084M01424;;15.3563;15.3563;15.3563;15-Oct-2006
100191;ING Liquid Fund-Regular Weekly Dividend Option;INF084M01457;INF084M01440;10.8359;10.8359;10.8359;15-Oct-2006
100200;ING Liquid Fund-Super Institutional Daily Dividend Option;INF084M01515;;10.0024;10.0024;10.0024;15-Oct-2006
100199;ING Liquid Fund-Super Institutional Growth Option;INF084M01507;;10.7636;10.7636;10.7636;15-Oct-2006
100201;ING Liquid Fund-Super Institutional Weekly Dividend Option;INF084M01531;INF084M01523;10.0958;10.0958;10.0958;15-Oct-2006

JM Financial Mutual Fund
101420;JM Floater Short Term Fund - Daily Dividend Option;;INF192K01767;10.0883;10.0883;10.0883;15-Oct-2006
101421;JM Floater Short Term Fund - Growth Option;INF192K01775;;11.9460;11.9460;11.9460;15-Oct-2006

Sahara Mutual Fund
101397;Sahara Liquid Fund-Fixed Pricing -  Weekly Dividend Option;;INF515L01064;1024.6207;1024.6207;1024.6207;15-Oct-2006
101393;Sahara Liquid Fund-Fixed Pricing - Daily Dividend Option;;INF515L01049;1024.4971;1024.4971;1024.4971;15-Oct-2006
101394;Sahara Liquid Fund-Fixed Pricing - Growth option;INF515L01056;;1297.1232;1297.1232;1297.1232;15-Oct-2006
101398;Sahara Liquid Fund-Fixed Pricing - Monthly Dividend Option;;INF515L01072;1027.2019;1027.2019;1027.2019;15-Oct-2006
101399;Sahara Liquid Fund-Variable Pricing - Daily Dividend option;;INF515L01080;1024.508;1024.5080;1024.5080;15-Oct-2006
101402;Sahara Liquid Fund-Variable Pricing - Growth option;INF515L01114;;1300.1064;1300.1064;1300.1064;15-Oct-2006
101400;Sahara Liquid Fund-Variable Pricing - Weekly Dividend Option;;INF515L01098;1025.0713;1025.0713;1025.0713;15-Oct-2006
101401;Sahara Liquid Fund-Variable Pricing- Monthly Dividend Option;;INF515L01106;1027.8839;1027.8839;1027.8839;15-Oct-2006

SBI Mutual Fund
102960;Z-OLD-SBI Magnum Inst. Income Fund -  Savings - Fortnightly(D)(Upto 22/03/07) Renamed as SBI Premier Liquid Fund;;;10.1008;10.1008;10.1008;15-Oct-2006
102870;Z-OLD-SBI Magnum Inst. Income Fund -  Savings - Wkly(D)(Upto 22/03/07) Renamed as SBI Premier Liquid Fund;;;10.5622;10.5622;10.5622;15-Oct-2006
102058;SBI Magnum Institutional Income Fund - Savings - Dividend(Upto 22/03/07) Renamed as SBI Premier Liquid Fund;;;10.0325;10.0325;10.0325;15-Oct-2006
101929;SBI Magnum Institutional Income Fund - Savings - Growth(Upto 22/03/07) Renamed as SBI Premier Liquid Fund;;;11.6582;11.6582;11.6582;15-Oct-2006

Standard Chartered Mutual Fund
103525;Standard Chartered Liquidity Manager (SCLM)-A-Dividend Daily;;;10.001;10.001;10.001;15-Oct-2006
103527;Standard Chartered Liquidity Manager (SCLM)-A-Dividend Monthly;;;10.0255;10.0255;10.0255;15-Oct-2006
103526;Standard Chartered Liquidity Manager (SCLM)-A-Dividend Weekly;;;10.0044;10.0044;10.0044;15-Oct-2006
103524;Standard Chartered Liquidity Manager (SCLM)-A-Growth;;;10.4284;10.4284;10.4284;15-Oct-2006
103598;Standard Chartered Liquidity Manager Plus-A-Dividend Daily;;;1000.1;1000.1;1000.1;15-Oct-2006
103600;Standard Chartered Liquidity Manager Plus-A-Dividend Monthly;;;1003.0874;1003.0874;1003.0874;15-Oct-2006
103599;Standard Chartered Liquidity Manager Plus-A-Dividend Weekly;;;1000.4573;1000.4573;1000.4573;15-Oct-2006
103597;Standard Chartered Liquidity Manager Plus-A-Growth;;;1037.405;1037.405;1037.405;15-Oct-2006

Open Ended Schemes ( Money Market )


Franklin Templeton Mutual Fund
100561;Templeton India Money Market Account - Bonus Plan;;;1.0000;1.0000;1.0000;15-Oct-2006

Open Ended Schemes ( Floating Rate )


HSBC Mutual Fund
102836;HSBC Floating Rate Fund - Short Term - Inst. - Dividend - Daily;;;10.0132;10.0132;10.0132;15-Oct-2006
102838;HSBC Floating Rate Fund - Short Term - Inst. - Dividend - Monthly;;;10.0440;10.0440;10.0440;15-Oct-2006
102837;HSBC Floating Rate Fund - Short Term - Inst. - Dividend - Weekly;;;10.0277;10.0277;10.0277;15-Oct-2006
102835;HSBC Floating Rate Fund - Short Term - Inst. - Growth;;;11.1512;11.1512;11.1512;15-Oct-2006
102840;HSBC Floating Rate Fund - Short Term - Inst. Plus - Dividend - Daily;;;10.0262;10.0262;10.0262;15-Oct-2006
102842;HSBC Floating Rate Fund - Short Term - Inst. Plus - Dividend - Monthly;;;0.0000;0.0000;0.0000;15-Oct-2006
102841;HSBC Floating Rate Fund - Short Term - Inst. Plus - Dividend - Weekly;;;0.0000;0.0000;0.0000;15-Oct-2006
102839;HSBC Floating Rate Fund - Short Term - Inst. Plus - Growth;;;10.5652;10.5652;10.5652;15-Oct-2006
102833;HSBC Floating Rate Fund - Short Term - Regular - Dividend - Daily;;;10.0000;10.0000;10.0000;15-Oct-2006
102834;HSBC Floating Rate Fund - Short Term - Regular - Dividend - Weekly;;;10.0054;10.0054;10.0054;15-Oct-2006
102832;HSBC Floating Rate Fund - Short Term - Regular - Growth;;;11.1091;11.1091;11.1091;15-Oct-2006

Standard Chartered Mutual Fund
101630;Grindlays Floating Rate Fund - Growth;;;12.0326;12.0326;12.0326;15-Oct-2006
101631;Grindlays Floating Rate Fund- Dividend Monthly;;;10.0545;10.0545;10.0545;15-Oct-2006

Open Ended Schemes ( Fund of Funds - Domestic )


Fidelity Mutual Fund
103419;Fidelity MultiManager Cash Fund-Dividend Re-investment Option;;;10.0215;10.0215;10.0215;15-Oct-2006
103418;Fidelity MultiManager Cash Fund-Growth Option;;;10.4796;10.4796;10.4796;15-Oct-2006

Open Ended Schemes ( Debt Scheme - Overnight Fund )


HDFC Mutual Fund
101996;HDFC Overnight Fund - Growth Option;INF179KB1HS3;;12.4813;12.4813;12.4813;15-Oct-2006
101997;HDFC Overnight Fund - IDCW Option (Daily);;INF179KB1IF8;10.4266;10.4266;10.4266;15-Oct-2006

SBI Mutual Fund
101206;SBI OVERNIGHT FUND - REGULAR PLAN - GROWTH;INF200K01LQ9;;12.5244;12.5244;12.5244;15-Oct-2006
103140;SBI Overnight Fund - Regular Plan - Weekly Income Distribution cum Capital Withdrawal Option (IDCW);INF200K01LO4;INF200K01LP1;10.2272;10.2272;10.2272;15-Oct-2006

Open Ended Schemes ( Debt Scheme - Liquid Fund )


Aditya Birla Sun Life Mutual Fund
100049;Aditya Birla Sun Life Cash Plus-Institutional - Fortnightly Dividend;;;10.8250;10.8250;10.8250;15-Oct-2006
100052;Aditya Birla Sun Life Cash Plus-Institutional Premium - Fortnightly Dividend;;;10.0624;10.0624;10.0624;15-Oct-2006
100053;Aditya Birla Sun Life Cash Plus-Institutional Premium Plan-Monthly Dividend;;;10.0311;10.0311;10.0311;15-Oct-2006
100047;Aditya Birla Sun Life Liquid Fund - Growth;INF209K01RU9;;11.5125;11.5125;11.5125;15-Oct-2006
100046;Aditya Birla Sun Life Liquid Fund -Daily IDCW;INF209K01KQ2;INF209K01SQ5;10.0195;10.0195;10.0195;15-Oct-2006
100041;Aditya Birla Sun Life Liquid Fund -Institutional - IDCW;;INF209K01KN9;10.8023;10.8023;10.8023;15-Oct-2006
100048;Aditya Birla Sun Life Liquid Fund -Institutional - weekly  IDCW;INF209KA1LK7;INF209K01KY6;10.8108;10.8108;10.8108;15-Oct-2006
100044;Aditya Birla Sun Life Liquid Fund -Retail - IDCW;;INF209K01KP4;16.3694;16.3694;16.3694;15-Oct-2006
100051;Aditya Birla Sun Life Liquid Fund -weekly IDCW;INF209K01KU4;INF209KA1LJ9;10.0263;10.0263;10.0263;15-Oct-2006
100043;Aditya Birla Sun Life Liquid Fund-Institutional (Growth);INF209K01RT1;;19.6192;19.6192;19.6192;15-Oct-2006
100042;Aditya Birla Sun Life Liquid Fund-Retail (Growth);INF209K01ME4;;19.4904;19.4904;19.4904;15-Oct-2006

Baroda BNP Paribas Mutual Fund
101408;Baroda BNP Paribas LIQUID FUND- Defunct Plan -Growth Option;INF955L01575;;12.9823;12.9823;12.9823;15-Oct-2006
101407;Baroda BNP Paribas LIQUID FUND-Defunct Plan- IDCW Option;INF955L01559;INF955L01567;11.1338;11.1338;11.1338;15-Oct-2006
101409;Baroda BNP Paribas LIQUID FUND-Defunct Plan-Daily IDCW Option;INF955L01518;INF955L01526;10.0349;10.0349;10.0349;15-Oct-2006

Canara Robeco Mutual Fund
101363;Canara Robeco Liquid Fund- INSTITUTIONAL-Daily Dividend Reinvestment;;INF760K01CC1;10.0410;10.0410;10.0410;15-Oct-2006
101362;Canara Robeco Liquid Fund- INSTITUTIONAL-Growth;INF760K01CD9;;13.2155;13.2155;13.2155;15-Oct-2006
101361;Canara Robeco Liquid Fund- INSTITUTIONAL-Weekly dividend;;INF760K01CE7;10.0466;10.0466;10.0466;15-Oct-2006
101364;Canara Robeco Liquid Fund-Retail-DRI;;INF760K01CF4;10.0410;10.0410;10.0410;15-Oct-2006
101365;Canara Robeco Liquid Fund-Retail-Growth;INF760K01CH0;;13.2030;13.2030;13.2030;15-Oct-2006

DSP Mutual Fund
103347;DSP Liquidity Fund - Regular Plan - Growth;INF740K01FK9;;1058.5036;1058.5036;1058.5036;15-Oct-2006
103348;DSP Liquidity Fund - Regular Plan - IDCW - Weekly;INF740K01FM5;INF740K01FL7;1000.5745;1000.5745;1000.5745;15-Oct-2006
103349;DSP Liquidity Fund- Regular Plan - IDCW - Daily;;INF740KA1OE0;1000.2000;1000.2000;1000.2000;15-Oct-2006
100943;DSP BlackRock Liquidity Fund - Regular Plan - Daily Dividend;;;10.0100;10.0100;10.0100;15-Oct-2006
100940;DSP BlackRock Liquidity Fund - Regular Plan - Growth;INF740K01CN0;;17.7388;17.7388;17.7388;15-Oct-2006
100941;DSP BlackRock Liquidity Fund - Regular Plan Weekly Dividend;;;12.4045;12.4045;12.4045;15-Oct-2006

Franklin Templeton Mutual Fund
100543;Franklin India Liquid Fund - Liquid Plan - Daily IDCW;;;1000.2500;1000.2500;1000.2500;15-Oct-2006
100544;Franklin India Liquid Fund - Liquid Plan - Growth;;;1109.9047;1109.9047;1109.9047;15-Oct-2006
100542;Franklin India Liquid Fund - Liquid Plan - Weekly Dividend;;;1000.5749;1000.5749;1000.5749;15-Oct-2006
100541;Franklin India Liquid Fund - Regular Plan - Daily - IDCW;;INF090I01BA3;1512.3400;1512.3400;1512.3400;15-Oct-2006
100538;Franklin India Liquid Fund - Regular Plan - Growth;INF090I01BB1;;1802.5528;1802.5528;1802.5528;15-Oct-2006
100537;Franklin India Liquid Fund - Regular Plan - Weekly - IDCW;INF090I01BL0;INF090I01BI6;1244.3238;1244.3238;1244.3238;15-Oct-2006
100547;Franklin India Liquid Fund - Super Institutional Plan - Daily - IDCW;;INF090I01BF2;1000.2500;1000.2500;1000.2500;15-Oct-2006
100546;Franklin India Liquid Fund - Super Institutional Plan - Growth;INF090I01BG0;;1070.0560;1070.0560;1070.0560;15-Oct-2006
100548;Franklin India Liquid Fund - Super Institutional Plan - Weekly - IDCW;INF090I01BM8;INF090I01BH8;1016.1409;1016.1409;1016.1409;15-Oct-2006
102441;Franklin India Liquid Fund - Institution-Growth;INF090I01BD7;;1132.8527;1132.8527;1132.8527;15-Oct-2006
102443;Franklin India Liquid Fund - Institutional Plan - Daily - IDCW;;INF090I01BC9;1000.2500;1000.2500;1000.2500;15-Oct-2006
102442;Franklin India Liquid Fund - Institutional Plan - Weekly - IDCW;INF090I01BJ4;INF090I01BE5;1000.6024;1000.6024;1000.6024;15-Oct-2006

HDFC Mutual Fund
100868;HDFC Liquid Fund - Growth Plan;INF179KB1HK0;;14.369;14.369;14.369;15-Oct-2006
100875;HDFC Liquid Fund - IDCW Daily;;INF179KB1IC5;10.1982;10.1982;10.1982;15-Oct-2006
100876;HDFC Liquid Fund - IDCW Monthly;INF179KB1HM6;INF179KB1HL8;10.3017;10.3017;10.3017;15-Oct-2006
100874;HDFC Liquid Fund - IDCW Plan Weekly;INF179KB1ID3;;10.322;10.322;10.322;15-Oct-2006
100877;HDFC Liquid Fund-Premium Plan - Dividend-Daily;;INF179K01KN4;12.2598;12.2598;12.2598;15-Oct-2006
100878;HDFC Liquid Fund-Premium Plan - Dividend-Weekly;INF179K01KP9;;12.4902;12.4902;12.4902;15-Oct-2006
100881;HDFC Liquid Fund-Premium Plus Plan - Dividend-Weekly;INF179K01KS3;;12.4319;12.4319;12.4319;15-Oct-2006
100872;HDFC Liquid Fund-PREMIUM PLUS- Growth;INF179K01KQ7;;14.4888;14.4888;14.4888;15-Oct-2006
100873;HDFC Liquid Fund-PREMIUM- Growth;INF179KB1HN4;;14.4578;14.4578;14.4578;15-Oct-2006

HSBC Mutual Fund
101700;HSBC Cash Fund - Dividend - Daily;;INF336L01321;10.0056;10.0056;10.0056;15-Oct-2006
101702;HSBC Cash Fund - Dividend - Monthly;INF336L01305;INF336L01297;10.0390;10.0390;10.0390;15-Oct-2006
101701;HSBC Cash Fund - Dividend - Weekly;;INF336L01347;10.0097;10.0097;10.0097;15-Oct-2006
101692;HSBC Cash Fund - Inst. - Dividend - Daily;;INF336L01354;10.4401;10.4401;10.4401;15-Oct-2006
101694;HSBC Cash Fund - Inst. - Dividend - Monthly;INF336L01370;INF336L01362;10.4833;10.4833;10.4833;15-Oct-2006
101693;HSBC Cash Fund - Inst. - Dividend - Weekly;;INF336L01388;10.4532;10.4532;10.4532;15-Oct-2006
101691;HSBC Cash Fund - Inst. - Growth;INF336L01289;;12.2278;12.2278;12.2278;15-Oct-2006
101697;HSBC Cash Fund - Regular - Dividend - Daily;;INF336L01263;10.1930;10.1930;10.1930;15-Oct-2006
101698;HSBC Cash Fund - Regular - Dividend - Weekly;;INF336L01313;10.0074;10.0074;10.0074;15-Oct-2006
101696;HSBC Liquid Fund - Growth closed plan;INF336L01271;;12.1974;12.1974;12.1974;15-Oct-2006
101699;HSBC Liquid Fund Closed;INF336L01339;;11.4056;11.4056;11.4056;15-Oct-2006

ICICI Prudential Mutual Fund
100357;ICICI Prudential Liquid Fund -Quarterly IDCW;INF109K01UU5;INF109K01UT7; 10.7541 ; 10.7541 ; 10.7541 ;15-Oct-2006
100361;ICICI Prudential Liquid Fund-Dividend-Institutional Plus - Monthly;;INF109K01VL2; 11.9528 ; 11.9528 ; 11.9528 ;15-Oct-2006
100359;ICICI Prudential Liquid Institutional Plus Fund - Div - Daily;INF109K01VJ6;; 11.8515 ; 11.8515 ; 11.8515 ;15-Oct-2006
100360;ICICI Prudential Liquid Institutional Plus Fund - Div - Weekly;INF109K01VM0;; 11.8664 ; 11.8664 ; 11.8664 ;15-Oct-2006
100362;ICICI Prudential Liquid Institutional Plus Fund - Growth;INF109K01VK4;; 17.9792 ; 17.9792 ; 17.9792 ;15-Oct-2006
103343;ICICI Prudential Liquid Fund - Daily IDCW;INF109K01VP3;; 10.0000 ; 10.0000 ; 10.0000 ;15-Oct-2006
103340;ICICI Prudential Liquid Fund - Growth;INF109K01VQ1;; 10.5940 ; 10.5940 ; 10.5940 ;15-Oct-2006
104308;ICICI Prudential Liquid Fund - Half Yearly IDCW;INF109K01UX9;INF109K01UW1; 10.0405 ; 10.0405 ; 10.0405 ;15-Oct-2006
103344;ICICI Prudential Liquid Fund - Institutional Option - I;INF109K01VH0;; 10.3688 ; 10.3688 ; 10.3688 ;15-Oct-2006
103342;ICICI Prudential Liquid Fund - Weekly IDCW;INF109K01VS7;; 10.0114 ; 10.0114 ; 10.0114 ;15-Oct-2006
103341;ICICI Prudential Liquid Fund -Monthly IDCW;INF109K01VR9;; 10.0326 ; 10.0326 ; 10.0326 ;15-Oct-2006
101748;ICICI Prudential Liquid Fund - Institutional - Daily - Div;INF109K01VE7;; 11.8502 ; 11.8502 ; 11.8502 ;15-Oct-2006
101749;ICICI Prudential Liquid Fund - Institutional - Monthly - Div;;INF109K01VG2; 10.0316 ; 10.0316 ; 10.0316 ;15-Oct-2006
101753;ICICI Prudential Liquid Fund - Institutional - Weekly - Div;INF109K01VI8;; 11.8541 ; 11.8541 ; 11.8541 ;15-Oct-2006
101754;ICICI Prudential Liquid Fund Retail Daily Dividend;INF109K01UR1;; 11.8514 ; 11.8514 ; 11.8514 ;15-Oct-2006
101750;ICICI Prudential Liquid Fund Retail Growth;INF109K01UQ3;; 17.7556 ; 17.7556 ; 17.7556 ;15-Oct-2006
101755;ICICI Prudential Liquid Fund Retail Monthly Dividend;INF109K01US9;; 11.8684 ; 11.8684 ; 11.8684 ;15-Oct-2006
101752;ICICI Prudential Liquid Fund Retail Weekly Dividend;INF109K01UV3;; 11.8430 ; 11.8430 ; 11.8430 ;15-Oct-2006
101751;ICICI Prudential Liquid Institutional Fund - Growth;INF109K01VF4;; 17.9248 ; 17.9248 ; 17.9248 ;15-Oct-2006

JM Financial Mutual Fund
100241;JM High Liquidity Fund-- Institutional Plan - Dividend;INF192K01924;INF192K01932;10.1272;10.1272;10.1272;15-Oct-2006
100237;JM High Liquidity Fund-- Institutional Plan - Growth;INF192K01940;;12.0001;12.0001;12.0001;15-Oct-2006
100243;JM High Liquidity Fund-- Premium Plan - Daily Dividend Option;;;10.0000;10.0000;10.0000;15-Oct-2006
100238;JM High Liquidity Fund-Institutional Plan - Daily Dividend;;INF192K01916;10.0159;10.0159;10.0159;15-Oct-2006
100245;JM High Liquidity Fund-Super Institutional Plan- Daily Dividend;;INF192K01957;10.0165;10.0165;10.0165;15-Oct-2006
100246;JM High Liquidity Fund-Super Institutional Plan- Weekly  Dividend;INF192K01965;INF192K01973;10.1148;10.1148;10.1148;15-Oct-2006
100244;JM Liquid Fund (Regular) - Quarterly IDCW;INF192K01866;INF192K01874;11.4523;11.4523;11.4523;15-Oct-2006
100247;JM Liquid Fund (Regular) - Super Institutional Plan - Growth Option;INF192K01981;;11.4108;11.4108;11.4108;15-Oct-2006
100233;JM Liquid Fund (Regular) - Weekly IDCW;INF192K01841;INF192K01858;10.3617;10.3617;10.3617;15-Oct-2006
100234;JM Liquid Fund - Growth Option;INF192K01882;;19.8914;19.8914;19.8914;15-Oct-2006
101549;JM Liquid Fund (Regular) - Bonus Option - Principal Units;INF192K01890;;12.4308;12.4308;12.4308;15-Oct-2006
101078;JM Liquid Fund (Regular) - Daily IDCW;;INF192K01833;10.4302;10.4302;10.4302;15-Oct-2006

Kotak Mahindra Mutual Fund
100833;Kotak Liquid Fund - Regular  - Daily Reinvestment of Income Distribution cum capital withdrawal option;;INF174K01NL3;12.2281;12.2281;12.2281;15-Oct-2006
100835;Kotak Liquid Fund - Regular Plan - Growth;INF174K01NI9;;14.6281;14.6281;14.6281;15-Oct-2006
100831;Kotak Liquid Fund -Institutional Plan - (Daily Dividend);;INF174K01GA0;12.2281;12.2281;12.2281;15-Oct-2006
100836;Kotak Liquid Fund -Sweep Daily Dividend;;;10.0071;10.0071;10.0071;15-Oct-2006
100834;Kotak Liquid Fund Regular Plan Weekly Reinvestment of Income Distribution cum capital withdrawal option Dividend;INF174K01NK5;;10.0462;10.0462;10.0462;15-Oct-2006
100830;Kotak Liquid-Institutional Plan  (Growth);INF174K01FZ9;;14.5438;14.5438;14.5438;15-Oct-2006
100832;Kotak Liquid-Institutional Plan (Weekly Dividend);;INF174K01GB8;10.0328;10.0328;10.0328;15-Oct-2006
100828;Kotak Liquid-Regular (Dividend);;INF174K01FY2;10.0298;10.0298;10.0298;15-Oct-2006
100829;Kotak Liquid-Regular (Growth);INF174K01NM1;;14.346;14.346;14.346;15-Oct-2006

Nippon India Mutual Fund
100852;NIPPON INDIA LIQUID FUND - DAILY IDCW OPTION;;INF204K01UM1;15.2857;15.2857;15.2857;15-Oct-2006
100855;NIPPON INDIA LIQUID FUND - MONTHLY IDCW OPTION;INF204K01UO7;INF204K01UP4;15.3515;15.3515;15.3515;15-Oct-2006
100837;Nippon India Liquid Fund - Retail Option - Growth Plan;INF204K01UL3;;17.4827;17.4827;17.4827;15-Oct-2006
100842;NIPPON INDIA LIQUID FUND - RETAIL Plan - DAILY IDCW OPTION;;INF204K01UJ7;15.241;15.241;15.241;15-Oct-2006
100843;NIPPON INDIA LIQUID FUND - RETAIL plan - MONTHLY IDCW OPTION;INF204K01UT6;INF204K01UU4;11.0342;11.0342;11.0342;15-Oct-2006
100844;NIPPON INDIA LIQUID FUND - RETAIL Plan - QUARTERLY IDCW OPTION;INF204K01UV2;INF204K01UW0;17.1033;17.1033;17.1033;15-Oct-2006
100838;NIPPON INDIA LIQUID FUND - RETAIL Plan - WEEKLY IDCW OPTION;;INF204K01UK5;10.3446;10.3446;10.3446;15-Oct-2006
100853;NIPPON INDIA LIQUID FUND - WEEKLY IDCW OPTION;INF204KC1FM8;INF204K01US8;15.3075;15.3075;15.3075;15-Oct-2006
100851;Nippon India Liquid Fund -Growth Plan;INF204K01UN9;;17.6261;17.6261;17.6261;15-Oct-2006
100849;Reliance Liquid Fund-Cash Plan-Daily Dividend Reinvestment Option;;;11.1411;11.1411;11.1411;15-Oct-2006
100845;Reliance Liquid Fund-Cash Plan-Growth Plan;;;12.6695;12.6695;12.6695;15-Oct-2006
100848;Reliance Liquid Fund-Cash Plan-Weekly Dividend Reinvestment Option;;;10.9199;10.9199;10.9199;15-Oct-2006

Principal Mutual Fund
100895;Principal Cash Management Fund - Daily Income Distribution CUM Capital Withdrawal;;INF173K01DB7;10.0007;10.0007;10.0007;15-Oct-2006
100897;Principal Cash Management Fund - Monthly Income Distribution CUM Capital Withdrawal Option;INF173K01BV9;INF173K01BW7;10.0313;10.0313;10.0313;15-Oct-2006
100896;Principal Cash Management Fund - Weekly Income Distribution CUM Capital Withdrawal Option;;INF173K01DC5;10.0066;10.0066;10.0066;15-Oct-2006
100898;Principal Cash Management Fund -Growth Option;INF173K01DA9;;11.2883;11.2883;11.2883;15-Oct-2006
100892;Principal Cash Management-Liquid Option-Daily Dividend;;;10.0022;10.0022;10.0022;15-Oct-2006
100887;Principal Cash Management-Liquid Option-Dividend Plan;;;10.1255;10.1255;10.1255;15-Oct-2006
100888;Principal Cash Management-Liquid Option-Growth Plan;;;14.2479;14.2479;14.2479;15-Oct-2006
100894;Principal Cash Management-Liquid Option-Institutional - Daily Dividend Plan;;;10.0022;10.0022;10.0022;15-Oct-2006
100893;Principal Cash Management-Liquid Option-Institutional - Growth Plan;;;11.9641;11.9641;11.9641;15-Oct-2006
100891;Principal Cash Management-Liquid Option-Institutional - Monthly Dividend Plan;;;10.0308;10.0308;10.0308;15-Oct-2006
100890;Principal Cash Management-Liquid Option-Institutional - Weekly Dividend Plan;;;10.0072;10.0072;10.0072;15-Oct-2006
100889;Principal Cash Management-Liquid Option-Monthly Dividend;;;10.0298;10.0298;10.0298;15-Oct-2006

Quantum Mutual Fund
103736;Quantum Liquid Fund - Direct Plan Daily IDCW;;INF082J01135;10.0000;10.0000;10.0000;15-Oct-2006
103734;Quantum Liquid Fund - Direct Plan Growth Option;INF082J01127;;10.3114;10.3114;10.3114;15-Oct-2006
103735;Quantum Liquid Fund - Direct Plan Monthly IDCW;INF082J01143;INF082J01200;10.0360;10.0360;10.0360;15-Oct-2006

Taurus Mutual Fund
104240;Taurus Liquid Fund-Dividend;INF044D01542;INF044D01559;10.0052;10.0052;10.0052;15-Oct-2006
104241;Taurus Liquid Fund-Growth;INF044D01575;;10.0801;10.0801;10.0801;15-Oct-2006

UTI Mutual Fund
102010;UTI Liquid Fund - Regular Plan - Daily IDCW (Reinvestment);;INF789F01PG3;1019.4457;1019.4457;1019.4457;15-Oct-2006
102011;UTI Liquid Fund - Regular Plan - Monthly IDCW;INF789F01PI9;INF789F01PJ7;1025.7326;1025.7326;1025.7326;15-Oct-2006
102013;UTI Liquid Fund - Regular Plan - Weekly IDCW;;INF789F01PK5;1021.6617;1021.6617;1021.6617;15-Oct-2006
102012;UTI-  Liquid Cash Plan - Regular Plan - Growth Option;INF789F01PH1;;1191.3087;1191.3087;1191.3087;15-Oct-2006
102008;UTI-  Liquid Cash Plan- Discontinued - Regular Plan - Monthly Dividend Option;INF789F01BC2;INF789F01BA6;1029.1481;1029.1481;1029.1481;15-Oct-2006
102009;UTI-  Liquid Cash Plan- Discontinued - Regular Plan -Growth;INF789F01BB4;;1185.8214;1185.8214;1185.8214;15-Oct-2006
102007;UTI-  Liquid Cash Plan- Discontinued -Regular Plan Periodic Dividend Option;;INF789F01AZ5;1015.8828;1015.8828;1015.8828;15-Oct-2006

Open Ended Schemes ( Debt Scheme - Ultra Short Duration Fund )


JM Financial Mutual Fund
104270;JM Money Manager Fund - Super Plan - Dividend option - Daily dividend;;;10.0000;10.0000;10.0000;15-Oct-2006
104269;JM Money Manager Fund - Super Plan - Growth Plan;;;10.0362;10.0362;10.0362;15-Oct-2006
104268;JM Money Manager Fund - Super Plus Plan - Dividend option - Daily dividend;;;10.0000;10.0000;10.0000;15-Oct-2006
104267;JM Money Manager Fund - Super Plus Plan - Growth option;;;10.0370;10.0370;10.0370;15-Oct-2006
104272;JM Ultra Short Duration Fund - Daily Dividend;;INF192K01AN8;10.0000;10.0000;10.0000;15-Oct-2006
104271;JM Ultra Short Duration Fund - Growth option;INF192K01AQ1;;10.0334;10.0334;10.0334;15-Oct-2006

SBI Mutual Fund
100641;SBI ULTRA SHORT DURATION FUND - REGULAR PLAN - GROWTH;INF200K01LJ4;;16.2512;16.2512;16.2512;15-Oct-2006
103884;SBI Ultra Short Duration Fund - Regular Plan - Weekly Income Distribution cum Capital Withdrawal Option (IDCW);INF200K01LM8;INF200K01LL0;10.6073;10.6073;10.6073;15-Oct-2006

UTI Mutual Fund
102532;UTI Ultra Short Duration Fund - Regular Plan - Growth Option;INF789F01570;;1183.6838;1183.6838;1183.6838;15-Oct-2006
102531;UTI Ultra Short Duration Fund - Regular Plan - Weekly IDCW (Reinvestment);;INF789F01562;1013.6357;1013.6357;1013.6357;15-Oct-2006

Open Ended Schemes ( Debt Scheme - Low Duration Fund )


Aditya Birla Sun Life Mutual Fund
103192;Aditya Birla Sun Life Low Duration Fund - Growth Plan;INF209K01LQ0;;17.7887;17.7887;17.7887;15-Oct-2006
103195;Aditya Birla Sun Life Low Duration Fund - Institutional Plan - Growth;INF209K01KE8;;12.0732;12.0732;12.0732;15-Oct-2006
103191;Aditya Birla Sun Life Low Duration Fund -INSTITUTIONAL - DAILY IDCW;;INF209K01KD0;10.0020;10.0020;10.0020;15-Oct-2006
103194;Aditya Birla Sun Life Low Duration Fund -Institutional - weekly  IDCW;;INF209K01KG3;10.0103;10.0103;10.0103;15-Oct-2006
103193;Aditya Birla Sun Life Low Duration Fund -REGULAR - WEEKLY IDCW;;INF209KA1LQ4;10.0100;10.0100;10.0100;15-Oct-2006

Canara Robeco Mutual Fund
102913;CANARA ROBECO SAVINGS FUND - REGULAR PLAN - GROWTH OPTION;INF760K01795;;11.0617;11.0617;11.0617;15-Oct-2006
102914;CANARA ROBECO SAVINGS FUND - REGULAR PLAN - IDCW (Payout/Reinvestment);INF760K01779;INF760K01787;10.6387;10.6387;10.6387;15-Oct-2006
102915;CANARA ROBECO SAVINGS FUND - REGULAR PLAN - WEEKLY IDCW (Payout/Reinvestment);INF760K01CB3;INF760K01811;10.2656;10.2656;10.2656;15-Oct-2006

Open Ended Schemes ( Debt Scheme - Money Market Fund )


Aditya Birla Sun Life Mutual Fund
101973;Aditya Birla Sun Life Money Manager Fund - Daily IDCW;;INF209K01SZ6;10.0086;10.0086;10.0086;15-Oct-2006
101976;Aditya Birla Sun Life Money Manager Fund - Growth;INF209K01RV7;;10.6004;10.6004;10.6004;15-Oct-2006
101972;Aditya Birla Sun Life Money Manager Fund - Retail - Daily IDCW;;INF209K01JZ5;10.0015;10.0015;10.0015;15-Oct-2006
101970;Aditya Birla Sun Life Money Manager Fund - RETAIL - WEEKLY IDCW;;INF209K01JY8;10.3785;10.3785;10.3785;15-Oct-2006
101971;Aditya Birla Sun Life Money Manager Fund - Retail Growth;INF209K01MJ3;;11.9175;11.9175;11.9175;15-Oct-2006
101974;Aditya Birla Sun Life Money Manager Fund - WEEKLY IDCW;;INF209K01SY9;10.0115;10.0115;10.0115;15-Oct-2006

Franklin Templeton Mutual Fund
101352;Templeton Floating Rate Income Fund-Short Term Plan-Dividend Option;;;10.0085;10.0085;10.0085;15-Oct-2006
101353;Templeton Floating Rate Income Fund-Short Term Plan-Growth Option;;;13.0270;13.0270;13.0270;15-Oct-2006
101355;Templeton Floating Rate Income Fund-Short Term Plan-Institutional Option - Dividend;;;10.0084;10.0084;10.0084;15-Oct-2006
101354;Templeton Floating Rate Income Fund-Short Term Plan-Institutional Option - Growth;;;10.6708;10.6708;10.6708;15-Oct-2006

HDFC Mutual Fund
101994;HDFC Money Market Fund - Daily IDCW Option;;INF179KB1IG6;10.6364;10.6364;10.6364;15-Oct-2006
101993;HDFC Money Market Fund - Growth Option;INF179KB1HR5;;15.0904;15.0904;15.0904;15-Oct-2006
101995;HDFC Money Market Fund - Weekly IDCW Option;INF179KB1IH4;INF179KB1II2;10.6288;10.6288;10.6288;15-Oct-2006

ICICI Prudential Mutual Fund
101221;ICICI Prudential Money Market Fund Retail Growth (erstwhile Cash Option);INF109K01TW3;; 12.3006 ; 12.3006 ; 12.3006 ;15-Oct-2006
103634;ICICI Prudential Money Market Fund Option - Daily IDCW;INF109K01TY9;; 10.0000 ; 10.0000 ; 10.0000 ;15-Oct-2006
103633;ICICI Prudential Money Market Fund Option - Growth;INF109K01TX1;; 10.4089 ; 10.4089 ; 10.4089 ;15-Oct-2006
103637;ICICI Prudential Money Market Fund Option - Monthly IDCW;INF109K01UC3;INF109K01UB5; 10.0315 ; 10.0315 ; 10.0315 ;15-Oct-2006
103635;ICICI Prudential Money Market Fund Option - Weekly IDCW;INF109K01TZ6;; 10.0110 ; 10.0110 ; 10.0110 ;15-Oct-2006
103636;ICICI Prudential Money Market Fund Option -Fortnightly IDCW;INF109K01UA7;; 10.0202 ; 10.0202 ; 10.0202 ;15-Oct-2006

Kotak Mahindra Mutual Fund
101893;Kotak Money Market Fund - (Growth);INF174K01NA6;;11.8932;11.8932;11.8932;15-Oct-2006
101892;Kotak Money market Fund - (Monthly Payout of Income Distribution cum capital withdrawal option);INF174K018O0;INF174K01NB4;10.0072;10.0072;10.0072;15-Oct-2006
101894;Kotak Money Market Fund - (Weekly Reinvestment of Income Distribution cum capital withdrawal option);INF174K01NC2;;10.016;10.016;10.016;15-Oct-2006

Nippon India Mutual Fund
103050;NIPPON INDIA MONEY MARKET FUND - DAILY IDCW Option;;INF204K01UY6;10.0031;10.0031;10.0031;15-Oct-2006
103052;NIPPON INDIA MONEY MARKET FUND - MONTHLY IDCW Option;INF204K01VB2;INF204K01VC0;10.6881;10.6881;10.6881;15-Oct-2006
103051;NIPPON INDIA MONEY MARKET FUND - WEEKLY IDCW Option;;INF204K01UZ3;10.0058;10.0058;10.0058;15-Oct-2006
103048;Nippon India Money Market Fund-Growth Plan-Growth Option;INF204K01VA4;;10.8395;10.8395;10.8395;15-Oct-2006

UTI Mutual Fund
100724;UTI MMF- Discontinued - Regular Plan - Flexi Dividend Option;;INF789F01BD0;17.5732;17.5732;17.5732;15-Oct-2006
100725;UTI MMF- Discontinued - Regular Plan - Periodic Dividend Option;INF789F01BE8;;17.4603;17.4603;17.4603;15-Oct-2006
100723;UTI MMF-Discontinued - Regular Plan -Growth;INF789F01BF5;;20.3178;20.3178;20.3178;15-Oct-2006

Open Ended Schemes ( Debt Scheme - Credit Risk Fund )


DSP Mutual Fund
101839;DSP Credit Risk Fund - Regular Plan - IDCW;INF740K01581;INF740K01AB9;10.2260;10.2260;10.2260;15-Oct-2006
101840;DSP Credit Risk Fund - Regular Plan - IDCW - Daily;;INF740KA1OA8;10.0312;10.0312;10.0312;15-Oct-2006
101838;DSP Credit Risk Fund - Regular Plan - IDCW - Weekly;INF740K01FR4;INF740K01FQ6;10.0383;10.0383;10.0383;15-Oct-2006
101837;DSP Credit Risk Fund - Regular Plan -Growth;INF740K01599;;11.9612;11.9612;11.9612;15-Oct-2006

Principal Mutual Fund
102729;Principal Credit Risk Fund - Regular Plan - Growth Option;INF173K01DM4;;11.2734;11.2734;11.2734;15-Oct-2006
102732;Principal Credit Risk Fund - Regular Plan - Monthly Dividend Option;INF173K01BJ4;INF173K01BK2;10.2726;10.2726;10.2726;15-Oct-2006
102726;Principal Floating Rate Fund - SMP-Daily Dividend;;;10.0007;10.0007;10.0007;15-Oct-2006
102725;Principal Floating Rate Fund - SMP-Growth;;;11.2351;11.2351;11.2351;15-Oct-2006
102730;Principal Floating Rate Fund - SMP-Insti. Daily Dividend;;;10.0007;10.0007;10.0007;15-Oct-2006
102731;Principal Floating Rate Fund - SMP-Insti. Weekly Dividend;;;10.0064;10.0064;10.0064;15-Oct-2006
102728;Principal Floating Rate Fund - SMP-Monthly Dividend;;;10.1424;10.1424;10.1424;15-Oct-2006
102727;Principal Floating Rate Fund - SMP-Weekly Dividend;;;10.0064;10.0064;10.0064;15-Oct-2006

Open Ended Schemes ( Debt Scheme - Floater Fund )


Franklin Templeton Mutual Fund
101048;Franklin India Floating Rate Fund - Growth Plan;INF090I01LM7;;13.2250;13.2250;13.2250;15-Oct-2006
101044;Franklin India Floating Rate Fund - IDCW ;INF090I01LN5;;10.0000;10.0000;10.0000;15-Oct-2006

HDFC Mutual Fund
101483;HDFC Floating Rate Debt Fund - Retail Daily Div Option;;INF179K01640;10.0809;10.0809;10.0809;15-Oct-2006
101481;HDFC Floating Rate Debt Fund - Retail Growth Option;INF179K01632;;12.1769;12.1769;12.1769;15-Oct-2006
101484;HDFC Floating Rate Debt Fund - Retail Monthly Div option;INF179K01657;INF179K01665;10.1829;10.1829;10.1829;15-Oct-2006
101482;HDFC Floating Rate Debt Fund - Retail Weekly Div Option;INF179K01681;INF179K01673;10.147;10.147;10.147;15-Oct-2006

ICICI Prudential Mutual Fund
101804;ICICI Prudential Floating Interest Fund - Daily IDCW;INF109K01AW3;; 10.0000 ; 10.0000 ; 10.0000 ;15-Oct-2006
101803;ICICI Prudential Floating Interest Fund - Fortnightly IDCW;INF109K01AZ6;; 10.0332 ; 10.0332 ; 10.0332 ;15-Oct-2006
101802;ICICI Prudential Floating Interest Fund - Growth;INF109K01AX1;; 10.6015 ; 10.6015 ; 10.6015 ;15-Oct-2006
101800;ICICI Prudential Floating Interest Fund Plan A - Dividend Daily;INF109K01928;; 10.0020 ; 9.9520 ; 10.0020 ;15-Oct-2006
101796;ICICI Prudential Floating Interest Fund Plan A - Fortnightly Dividend;INF109K01910;; 10.0322 ; 9.9821 ; 10.0322 ;15-Oct-2006
101795;ICICI Prudential Floating Interest Fund Plan A - Growth;INF109K01936;; 11.2493 ; 11.1931 ; 11.2493 ;15-Oct-2006
101799;ICICI Prudential Floating Interest Fund Plan B - Dividend Daily;INF109K01951;; 10.0020 ; 10.0020 ; 10.0020 ;15-Oct-2006
101794;ICICI Prudential Floating Interest Fund Plan B - Fortnightly Dividend;INF109K01969;; 10.0700 ; 10.0700 ; 10.0700 ;15-Oct-2006
101793;ICICI Prudential Floating Interest Fund Plan B - Growth;INF109K01977;; 12.0598 ; 12.0598 ; 12.0598 ;15-Oct-2006
101801;ICICI Prudential Floating Interest Fund Plan C - Dividend Daily;INF109K01AA9;; 10.0020 ; 10.0020 ; 10.0020 ;15-Oct-2006
101798;ICICI Prudential Floating Interest Fund Plan C - Fortnightly Dividend;INF109K01993;; 10.0335 ; 10.0335 ; 10.0335 ;15-Oct-2006
101797;ICICI Prudential Savings Fund Plan C - Growth;INF109K01AB7;; 11.3361 ; 11.3361 ; 11.3361 ;15-Oct-2006

Nippon India Mutual Fund
102676;NIPPON INDIA FLOATER FUND - DAILY IDCW REINVESTMENT Option;;INF204K01CI7;10.0618;10.0618;10.0618;15-Oct-2006
102673;Nippon India Floater Fund - Growth Plan-Growth Option;INF204K01CG1;;11.2659;11.2659;11.2659;15-Oct-2006
102675;NIPPON INDIA FLOATER FUND - MONTHLY IDCW Option;INF204K01CH9;INF204K01CK3;10.1671;10.1671;10.1671;15-Oct-2006
102677;NIPPON INDIA FLOATER FUND - WEEKLY IDCW Option;INF204K01OQ5;INF204K01CJ5;10.0806;10.0806;10.0806;15-Oct-2006
