Scheme Code;Scheme Name;ISIN Div Payout/ISIN Growth;ISIN Div Reinvestment;Net Asset Value;Repurchase Price;Sale Price;Date

Open Ended Schemes ( Liquid )


Bandhan Mutual Fund
108794;IDFC Liquid Fund - Daily Dividend;INF194K01GJ9;INF194K01GI1;1000.2313;1000.2313;1000.2313;19-Jun-2011
108793;IDFC Liquid Fund - Growth;INF194K01GE0;;1409.4385;1409.4385;1409.4385;19-Jun-2011
108796;IDFC Liquid Fund - Monthly Dividend;INF194K01GG5;INF194K01GF7;1013.8807;1013.8807;1013.8807;19-Jun-2011
115421;IDFC Liquid Fund-Periodic Dividend Plan;INF194K01GP6;INF194K01GO9;1002.8629;1002.8629;1002.8629;19-Jun-2011
108795;IDFC Liquid Fund-Weekly Dividend;INF194K01GM3;INF194K01GL5;1001.7023;1001.7023;1001.7023;19-Jun-2011
111928;IDFC Liquid Fund  Plan D- Growth;INF194K01GR2;;11.2915;11.2915;11.2915;19-Jun-2011
111927;IDFC Liquid Fund Plan - D  - Daily Dividend;INF194K01GT8;INF194K01GS0;10.0023;10.0023;10.0023;19-Jun-2011
112891;IDFC Liquid Fund- Plan F Dividend;INF194K01HD0;INF194K01HC2;10.2046;10.2046;10.2046;19-Jun-2011
112890;IDFC Liquid Fund- Plan F Growth;INF194K01HB4;;10.7874;10.7874;10.7874;19-Jun-2011

Daiwa Mutual Fund
114516;Daiwa Liquid Fund - Institutional - Daily Dividend;-;INF752K01198;1000.5197;1000.5197;1000.5197;19-Jun-2011
114515;Daiwa Liquid Fund - Institutional - Growth;INF752K01206;-;1117.7638;1117.7638;1117.7638;19-Jun-2011
114517;Daiwa Liquid Fund - Institutional - Weekly Dividend;-;INF752K01214;1001.4189;1001.4189;1001.4189;19-Jun-2011
114519;Daiwa Liquid Fund - Regular - Daily Dividend;;INF752K01222;1000.5200;1000.5200;1000.5200;19-Jun-2011
114514;Daiwa Liquid Fund - Regular - Growth;INF752K01230;;1116.4914;1116.4914;1116.4914;19-Jun-2011
114518;Daiwa Liquid Fund - Regular - Weekly Dividend;;INF752K01248;1001.9396;1001.9396;1001.9396;19-Jun-2011

Deutsche Mutual Fund
105672;DWS INSTA CASH PLUS FUND - Regular Plan BONUS OPTION;INF223J01BH3;;10.2185;10.2185;10.2185;19-Jun-2011
106471;DWS Insta Cash Plus Fund -Growth;INF223J01BP6;;129.7315;129.7315;129.7315;19-Jun-2011
106467;DWS Insta Cash Plus Fund-Daily Dividend;;INF223J01BO9;100.3040;100.3040;100.3040;19-Jun-2011
101718;DWS Insta Cash Plus Fund-DIVIDEND-Daily Dividend;;INF223J01BI1;10.3010;10.3010;10.3010;19-Jun-2011
101717;DWS Insta Cash Plus Fund-DIVIDEND-MONTHLY DIVIDEND;INF223J01BK7;INF223J01BL5;11.2981;11.2981;11.2981;19-Jun-2011
101716;DWS Insta Cash Plus Fund-DIVIDEND-WEEKLY DIVIDEND;INF223J01BM3;INF223J01BN1;10.3565;10.3565;10.3565;19-Jun-2011
101719;DWS Insta Cash Plus Fund-Growth-GROWTH;INF223J01BJ9;;16.6621;16.6621;16.6621;19-Jun-2011
101722;DWS Insta Cash Plus Fund-Institutional Plan-Daily Dividend;;INF223J01BA8;10.0516;10.0516;10.0516;19-Jun-2011
101720;DWS Insta Cash Plus Fund-Institutional Plan-Dividend;INF223J01BE0;INF223J01BD2;10.3964;10.3964;10.3964;19-Jun-2011
101721;DWS Insta Cash Plus Fund-Institutional Plan-Growth;INF223J01BB6;;15.6958;15.6958;15.6958;19-Jun-2011
114966;DWS Treasury Fund - Cash Plan - Bonus;INF223J01SA2;;10.2195;10.2195;10.2195;19-Jun-2011
112228;DWS Treasury Fund - Cash Plan - Daily Dividend;;INF223J01SB0;10.0391;10.0391;10.0391;19-Jun-2011
112221;DWS Treasury Fund - Cash Plan - Growth;INF223J01SC8;;11.0381;11.0381;11.0381;19-Jun-2011
112227;DWS Treasury Fund - Cash Plan - Institiutional - Daily Dividend;;INF223J01DZ1;10.0497;10.0497;10.0497;19-Jun-2011
112222;DWS Treasury Fund - Cash Plan - Institiutional - Growth;INF223J01EA2;;11.1420;11.1420;11.1420;19-Jun-2011
112963;DWS Treasury Fund - Cash Plan - Institiutional - Monthly Dividend;INF223J01ED6;INF223J01EE4;10.0487;10.0487;10.0487;19-Jun-2011
112969;DWS Treasury Fund - Cash Plan - Institiutional - Weekly Dividend;INF223J01EB0;INF223J01EC8;10.0754;10.0754;10.0754;19-Jun-2011
112965;DWS Treasury Fund - Cash Plan - Monthly Dividend;INF223J01RW8;INF223J01RX6;10.2048;10.2048;10.2048;19-Jun-2011
112964;DWS Treasury Fund - Cash Plan - Weekly Dividend;INF223J01RY4;INF223J01RZ1;10.1072;10.1072;10.1072;19-Jun-2011

Edelweiss Mutual Fund
109941;Edelweiss Liquid Fund - Institutional Plan - Daily Dividend Option;;INF754K01AZ9;10.0000;10.0000;10.0000;19-Jun-2011
109945;Edelweiss Liquid Fund - Institutional Plan - Growth Option;INF754K01AV8;;10.3064;10.3064;10.3064;19-Jun-2011
109936;Edelweiss Liquid Fund - Institutional Plan - Weekly Dividend Option;;INF754K01BA0;10.0023;10.0023;10.0023;19-Jun-2011
109934;Edelweiss Liquid Fund - Retail Plan - Daily Dividend Option;;INF754K01AS4;10.0000;10.0000;10.0000;19-Jun-2011
109940;Edelweiss Liquid Fund - Retail Plan - Growth Option;INF754K01AO3;;11.5548;11.5548;11.5548;19-Jun-2011
109939;Edelweiss Liquid Fund - Retail Plan - Monthly Dividend Option;INF754K01AP0;INF754K01AR6;10.0376;10.0376;10.0376;19-Jun-2011

Fidelity Mutual Fund
104498;Fidelity Cash Fund - Institutional Plan - Daily Dividend Option;;INF677K01AQ1;10.0025;10.0025;10.0025;19-Jun-2011
104497;Fidelity Cash Fund - Institutional Plan - Growth Option;;;13.5279;13.5279;13.5279;19-Jun-2011
104548;Fidelity Cash Fund - Institutional Plan - Monthly Dividend Option;INF677K01AS7;INF677K01AT5;10.0000;10.0000;10.0000;19-Jun-2011
104546;Fidelity Cash Fund - Institutional Plan - Weekly Dividend Option;;INF677K01AR9;10.1708;10.1708;10.1708;19-Jun-2011
104495;Fidelity Cash Fund - Retail Plan - Daily Dividend option;;INF677K01AL2;10.0025;10.0025;10.0025;19-Jun-2011
104493;Fidelity Cash Fund - Retail Plan - Growth option;;;13.2857;13.2857;13.2857;19-Jun-2011
104547;Fidelity Cash Fund - Retail Plan - Monthly Dividend Option;;;10.0578;10.0578;10.0578;19-Jun-2011
104549;Fidelity Cash Fund - Retail Plan - Weekly Dividend Option;;INF677K01AM0;10.0148;10.0148;10.0148;19-Jun-2011
104494;Fidelity Cash Fund - Super Institutional Plan - Daily Dividend Option;;INF677K01AV1;10.2330;10.2330;10.2330;19-Jun-2011
104496;Fidelity Cash Fund - Super Institutional Plan - Growth Option;INF677K01AU3;;13.6092;13.6092;13.6092;19-Jun-2011
104551;Fidelity Cash Fund - Super Institutional Plan - Monthly Dividend Option;INF677K01AX7;INF677K01AY5;10.0000;10.0000;10.0000;19-Jun-2011
104550;Fidelity Cash Fund - Super Institutional Plan - Weekly Dividend Option;;INF677K01AW9;10.0000;10.0000;10.0000;19-Jun-2011

ING Mutual Fund
100198;ING Liquid Fund-Institutional Daily Dividend Option;INF084M01473;;10.0121;10.0121;10.0121;19-Jun-2011
100196;ING Liquid Fund-Institutional Growth Option;INF084M01465;;15.6365;15.6365;15.6365;19-Jun-2011
100197;ING Liquid Fund-Institutional Weekly Dividend Option;INF084M01499;INF084M01481;10.0675;10.0675;10.0675;19-Jun-2011
100192;ING Liquid Fund-Regular Daily Dividend Option;INF084M01432;;10.7873;10.7873;10.7873;19-Jun-2011
100190;ING Liquid Fund-Regular Growth Option;INF084M01424;;20.8359;20.8359;20.8359;19-Jun-2011
100191;ING Liquid Fund-Regular Weekly Dividend Option;INF084M01457;INF084M01440;10.8389;10.8389;10.8389;19-Jun-2011
100200;ING Liquid Fund-Super Institutional Daily Dividend Option;INF084M01515;;10.0048;10.0048;10.0048;19-Jun-2011
100199;ING Liquid Fund-Super Institutional Growth Option;INF084M01507;;14.9026;14.9026;14.9026;19-Jun-2011
100201;ING Liquid Fund-Super Institutional Weekly Dividend Option;INF084M01531;INF084M01523;10.0000;10.0000;10.0000;19-Jun-2011

Invesco Mutual Fund
106502;Religare Invesco Overnight Fund - Daily Dividend Reinvestment;;INF205K01HS2;1000.0048;1000.0048;1000.0048;19-Jun-2011
106501;Religare Invesco Overnight Fund - Growth;INF205K01HR4;;1185.9024;1185.9024;1185.9024;19-Jun-2011

JM Financial Mutual Fund
101420;JM Floater Short Term Fund - Daily Dividend Option;;INF192K01767;10.0883;10.0883;10.0883;19-Jun-2011
101421;JM Floater Short Term Fund - Growth Option;INF192K01775;;15.9280;15.9280;15.9280;19-Jun-2011

JPMorgan Mutual Fund
106562;JPMorgan India Liquid Fund - Retail Plan - Daily Dividend Option;;INF843K01203;10.0150;10.0150;10.0150;19-Jun-2011
109178;JPMorgan India Liquid Fund - Retail Plan - Fortnightly Dividend Option;;INF843K01229;10.0106;10.0106;10.0106;19-Jun-2011
106561;JPMorgan India Liquid Fund - Retail Plan - Growth Option;INF843K01195;;11.8671;11.8671;11.8671;19-Jun-2011
109179;JPMorgan India Liquid Fund - Retail Plan - Monthly Dividend Option;;INF843K01237;10.0698;10.0698;10.0698;19-Jun-2011
109177;JPMorgan India Liquid Fund - Retail Plan - Weekly Dividend Option;;INF843K01211;10.0256;10.0256;10.0256;19-Jun-2011
110149;JPMorgan India Liquid Fund - Super Institutional Plan - Daily Dividend Option;;INF843K01153;10.0079;10.0079;10.0079;19-Jun-2011
110150;JPMorgan India Liquid Fund - Super Institutional Plan - Growth Option;INF843K01146;;12.9345;12.9345;12.9345;19-Jun-2011
110151;JPMorgan India Liquid Fund - Super Institutional Plan - Monthly Dividend Option;INF843K01500;INF843K01187;10.0889;10.0889;10.0889;19-Jun-2011
110153;JPMorgan India Liquid Fund - Super Institutional Plan - Weekly Dividend Option;INF843K01484;INF843K01161;10.0512;10.0512;10.0512;19-Jun-2011

L&T Mutual Fund
112468;L&T Liquid Fund - Regular Weekly Dividend;;INF917K01BE5;11.9986;11.9986;11.9986;19-Jun-2011

Mirae Asset Mutual Fund
107646;Mirae Asset Liquid Fund- Regular Plan - Daily Dividend;;INF769K01606;1002.4342;1002.4342;1002.4342;19-Jun-2011
107648;Mirae Asset Liquid Fund- Regular Plan - Growth;INF769K01572;;1052.7797;1052.7797;1052.7797;19-Jun-2011
107649;Mirae Asset Liquid Fund- Regular Plan - Monthly Dividend;INF769K01630;INF769K01622;1005.9317;1005.9317;1005.9317;19-Jun-2011
107647;Mirae Asset Liquid Fund- Regular Plan - Weekly Dividend;;INF769K01614;1004.9243;1004.9243;1004.9243;19-Jun-2011

PGIM India Mutual Fund
113184;DHFL Pramerica Liquid Fund - Dividend Option - Daily;;INF663L01088;1000.0950;1000.0950;1000.0950;19-Jun-2011
113187;DHFL Pramerica Liquid Fund - Dividend Option - Fortnightly;INF663L01120;INF663L01104;1001.6614;1001.6614;1001.6614;19-Jun-2011
113186;DHFL Pramerica Liquid Fund - Dividend Option - Monthly;INF663L01138;INF663L01112;1005.5314;1005.5314;1005.5314;19-Jun-2011
113183;DHFL Pramerica Liquid Fund - Growth Option;INF663L01070;;1064.8701;1064.8701;1064.8701;19-Jun-2011
113185;DHFL Pramerica Liquid Fund -Dividend Option- Weekly;;INF663L01096;1001.1868;1001.1868;1001.1868;19-Jun-2011

PineBridge Mutual Fund
106513;PineBridge India Liquid Fund- Standard Plan-Daily Dividend Option;;INF178L01699;1001.0000;1001.0000;1001.0000;19-Jun-2011
106508;PineBridge India Liquid Fund- Standard Plan-Growth Option;INF178L01715;;1284.3951;1284.3951;1284.3951;19-Jun-2011
106509;PineBridge India Liquid Fund- Standard Plan-Weekly Dividend Option;;INF178L01764;1002.4215;1002.4215;1002.4215;19-Jun-2011
106506;PineBridge India Liquid Fund-Institutional Plan-Daily Dividend Option;;INF178L01616;1001.0000;1001.0000;1001.0000;19-Jun-2011
106511;PineBridge India Liquid Fund-Institutional Plan-Growth Option;INF178L01632;;1279.5965;1279.5965;1279.5965;19-Jun-2011
106507;PineBridge India Liquid Fund-Institutional Plan-Weekly Dividend Option;;INF178L01681;1002.4059;1002.4059;1002.4059;19-Jun-2011
106503;PineBridge India Liquid Fund-Retail Plan-DailyDividend Option;;INF178L01533;1001.0000;1001.0000;1001.0000;19-Jun-2011
106514;PineBridge India Liquid Fund-Retail Plan-Growth Option;INF178L01558;;1265.0563;1265.0563;1265.0563;19-Jun-2011
106504;PineBridge India Liquid Fund-Retail Plan-Monthly Dividend Option;INF178L01566;INF178L01574;1006.6644;1006.6644;1006.6644;19-Jun-2011
106516;PineBridge India Liquid Fund-Retail Plan-Quarterly Dividend Option;INF178L01582;INF178L01590;1021.9861;1021.9861;1021.9861;19-Jun-2011
106510;PineBridge India Liquid Fund-Retail Plan-Weekly Dividend Option;;INF178L01608;1002.3559;1002.3559;1002.3559;19-Jun-2011

Sahara Mutual Fund
101397;Sahara Liquid Fund-Fixed Pricing -  Weekly Dividend Option;;INF515L01064;1027.4373;1027.4373;1027.4373;19-Jun-2011
101393;Sahara Liquid Fund-Fixed Pricing - Daily Dividend Option;;INF515L01049;1024.9514;1024.9514;1024.9514;19-Jun-2011
101394;Sahara Liquid Fund-Fixed Pricing - Growth option;INF515L01056;;1813.1709;1813.1709;1813.1709;19-Jun-2011
101398;Sahara Liquid Fund-Fixed Pricing - Monthly Dividend Option;;INF515L01072;1030.0543;1030.0543;1030.0543;19-Jun-2011
101399;Sahara Liquid Fund-Variable Pricing - Daily Dividend option;;INF515L01080;1024.9705;1024.9705;1024.9705;19-Jun-2011
101402;Sahara Liquid Fund-Variable Pricing - Growth option;INF515L01114;;1828.1441;1828.1441;1828.1441;19-Jun-2011
101400;Sahara Liquid Fund-Variable Pricing - Weekly Dividend Option;;INF515L01098;1025.1988;1025.1988;1025.1988;19-Jun-2011
101401;Sahara Liquid Fund-Variable Pricing- Monthly Dividend Option;;INF515L01106;1030.3807;1030.3807;1030.3807;19-Jun-2011

Tata Mutual Fund
101987;Tata Liquid Fund Reglar Plan - Monthly Dividend;INF277K01LR5;INF277K01LS3;1007.9702;1007.9702;1007.9702;19-Jun-2011
101984;Tata Liquid High Investment Plan - Daily;;;1114.3379;1114.3379;1114.3379;19-Jun-2011
101860;Tata Liquid High Investment Plan - Growth;INF277K01LN4;;1652.2461;1652.2461;1652.2461;19-Jun-2011
101985;Tata Liquid High Investment Plan - Monthly;INF277K01LO2;INF277K01LP9;1023.9824;1023.9824;1023.9824;19-Jun-2011
101859;Tata Liquid High Investment Plan - Weekly;;;1147.8143;1147.8143;1147.8143;19-Jun-2011
101982;Tata Liquid Retail Investment PLan - Daily;;;1116.8143;1116.8143;1116.8143;19-Jun-2011
101983;Tata Liquid Retail Investment Plan - Fortnightly;;;1145.9913;1145.9913;1145.9913;19-Jun-2011
101858;Tata Liquid Retail Investment Plan - Growth;INF277K01LM6;;2282.3502;2282.3502;2282.3502;19-Jun-2011
103631;Tata Liquidity Management Fund - Regular Plan - Daily Dividend;;;1002.6089;1002.6089;1002.6089;19-Jun-2011
103632;Tata Liquidity Management Fund - Regular Plan - Growth;INF277K01LW5;;1348.3603;1348.3603;1348.3603;19-Jun-2011
103519;Tata Liquidity Management Fund - Regular Plan  -Weekly Dividend;;;1006.4515;1006.4515;1006.4515;19-Jun-2011

Open Ended Schemes ( Money Market )


Tata Mutual Fund
102152;Tata Money Market Fund Regular (Bonus / Dividend);;;10.1600;10.1600;10.1600;19-Jun-2011
102153;Tata Money Market Fund Regular (Growth);INF277K01LY1;;15.9636;15.9636;15.9636;19-Jun-2011

Open Ended Schemes ( Floating Rate )


HSBC Mutual Fund
102836;HSBC Floating Rate Fund - Short Term - Inst. - Dividend - Daily;;;0.0000;0.0000;0.0000;19-Jun-2011
102838;HSBC Floating Rate Fund - Short Term - Inst. - Dividend - Monthly;;;0.0000;0.0000;0.0000;19-Jun-2011
102837;HSBC Floating Rate Fund - Short Term - Inst. - Dividend - Weekly;;;0.0000;0.0000;0.0000;19-Jun-2011
102835;HSBC Floating Rate Fund - Short Term - Inst. - Growth;;;14.7013;14.7013;14.7013;19-Jun-2011
102840;HSBC Floating Rate Fund - Short Term - Inst. Plus - Dividend - Daily;;;0.0000;0.0000;0.0000;19-Jun-2011
102842;HSBC Floating Rate Fund - Short Term - Inst. Plus - Dividend - Monthly;;;0.0000;0.0000;0.0000;19-Jun-2011
102841;HSBC Floating Rate Fund - Short Term - Inst. Plus - Dividend - Weekly;;;0.0000;0.0000;0.0000;19-Jun-2011
102839;HSBC Floating Rate Fund - Short Term - Inst. Plus - Growth;;;0.0000;0.0000;0.0000;19-Jun-2011
102833;HSBC Floating Rate Fund - Short Term - Regular - Dividend - Daily;;;10.0000;10.0000;10.0000;19-Jun-2011
102834;HSBC Floating Rate Fund - Short Term - Regular - Dividend - Weekly;;;10.0189;10.0189;10.0189;19-Jun-2011
102832;HSBC Floating Rate Fund - Short Term - Regular - Growth;;;14.5333;14.5333;14.5333;19-Jun-2011

Open Ended Schemes ( Debt Scheme - Overnight Fund )


HDFC Mutual Fund
101996;HDFC Overnight Fund - Growth Option;INF179KB1HS3;;16.3491;16.3491;16.3491;19-Jun-2011
101997;HDFC Overnight Fund - IDCW Option (Daily);;INF179KB1IF8;10.4266;10.4266;10.4266;19-Jun-2011

SBI Mutual Fund
114297;SBI Overnight Fund - Regular Plan - Daily Income Distribution cum Capital Withdrawal Option (IDCW);;INF200K01LN6;10.0991;10.0991;10.0991;19-Jun-2011
101206;SBI OVERNIGHT FUND - REGULAR PLAN - GROWTH;INF200K01LQ9;;17.2501;17.2501;17.2501;19-Jun-2011
103140;SBI Overnight Fund - Regular Plan - Weekly Income Distribution cum Capital Withdrawal Option (IDCW);INF200K01LO4;INF200K01LP1;10.3143;10.3143;10.3143;19-Jun-2011

Open Ended Schemes ( Debt Scheme - Liquid Fund )


Aditya Birla Sun Life Mutual Fund
100047;Aditya Birla Sun Life Liquid Fund - Growth;INF209K01RU9;;15.9928;15.9928;15.9928;19-Jun-2011
100046;Aditya Birla Sun Life Liquid Fund -Daily IDCW;INF209K01KQ2;INF209K01SQ5;10.0195;10.0195;10.0195;19-Jun-2011
100041;Aditya Birla Sun Life Liquid Fund -Institutional - IDCW;;INF209K01KN9;10.8023;10.8023;10.8023;19-Jun-2011
100048;Aditya Birla Sun Life Liquid Fund -Institutional - weekly  IDCW;INF209KA1LK7;INF209K01KY6;10.8121;10.8121;10.8121;19-Jun-2011
100044;Aditya Birla Sun Life Liquid Fund -Retail - IDCW;;INF209K01KP4;16.3694;16.3694;16.3694;19-Jun-2011
100051;Aditya Birla Sun Life Liquid Fund -weekly IDCW;INF209K01KU4;INF209KA1LJ9;10.0275;10.0275;10.0275;19-Jun-2011
112014;Aditya Birla Sun Life Liquid Fund- Discipline Advantage Plan;INF209K01KZ3;;11.0366;11.0366;11.0366;19-Jun-2011
100043;Aditya Birla Sun Life Liquid Fund-Institutional (Growth);INF209K01RT1;;26.8729;26.8729;26.8729;19-Jun-2011
100042;Aditya Birla Sun Life Liquid Fund-Retail (Growth);INF209K01ME4;;26.3716;26.3716;26.3716;19-Jun-2011

Axis Mutual Fund
112211;Axis Liquid Fund - Regular Plan - Daily IDCW;;INF846K01420;1000.0684;1000.0684;1000.0684;19-Jun-2011
112210;Axis Liquid Fund - Regular Plan - Growth Option;INF846K01412;;1106.8635;1106.8635;1106.8635;19-Jun-2011
112213;Axis Liquid Fund - Regular Plan - Monthly IDCW;INF846K01453;INF846K01461;1005.8932;1005.8932;1005.8932;19-Jun-2011
112212;Axis Liquid Fund - Regular Plan - Weekly IDCW;INF846K01438;INF846K01446;1003.4882;1003.4882;1003.4882;19-Jun-2011
112712;Axis Liquid Fund - Retail Plan - Daily IDCW;;INF846K01362;1000.0597;1000.0597;1000.0597;19-Jun-2011
112713;Axis Liquid Fund - Retail Plan - Growth Option;INF846K01354;;1086.9754;1086.9754;1086.9754;19-Jun-2011
112714;Axis Liquid Fund - Retail Plan - Monthly IDCW;INF846K01396;INF846K01404;1005.7352;1005.7352;1005.7352;19-Jun-2011
112715;Axis Liquid Fund - Retail Plan - Weekly IDCW;INF846K01370;INF846K01388;1001.4087;1001.4087;1001.4087;19-Jun-2011

Bandhan Mutual Fund
108692;BANDHAN LIQUID Fund - Regular Plan - Daily IDCW;INF194K01VZ4;INF194K01VY7;10.0025;10.0025;10.0025;19-Jun-2011
108690;BANDHAN LIQUID Fund - Regular Plan - Growth;INF194K01VX9;;12.1514;12.1514;12.1514;19-Jun-2011
108691;BANDHAN LIQUID Fund - Regular Plan - Weekly IDCW;INF194K01WI8;INF194K01WH0;10.0050;10.0050;10.0050;19-Jun-2011
108779;BANDHAN Liquid Fund-Plan A-Dividend (Daily);INF194K01VC3;INF194K01VB5;10.5819;10.5819;10.5819;19-Jun-2011
108778;BANDHAN Liquid Fund-Plan A-Growth;INF194K01UX1;;17.7232;17.7232;17.7232;19-Jun-2011
108607;BANDHAN Liquid Fund - Plan A-Dividend (Weekly);INF194K01VI0;INF194K01VH2;10.0146;10.0146;10.0146;19-Jun-2011
108781;BANDHAN Liquid Fund - Plan B (G) (Institutional Plan);INF194K01VK6;;17.8766;17.8766;17.8766;19-Jun-2011
108681;BANDHAN Liquid Fund - Plan B-Daily-Dividend(Institutional Plan);INF194K01VM2;INF194K01VL4;10.5873;10.5873;10.5873;19-Jun-2011

Bank of India Mutual Fund
109257;BANK OF INDIA Liquid Fund- Institutional Plan- Daily Dividend;;;1000.0000;1000.0000;1000.0000;19-Jun-2011
109256;BANK OF INDIA Liquid Fund- Institutional Plan-Growth;INF761K01314;;1185.5013;1185.5013;1185.5013;19-Jun-2011
111971;BANK OF INDIA Liquid Fund- Regular Plan- Daily IDCW;;INF761K01CO4;1000.0000;1000.0000;1000.0000;19-Jun-2011
109254;BANK OF INDIA Liquid Fund- Regular Plan- Growth;INF761K01306;;1170.7226;1170.7226;1170.7226;19-Jun-2011
109255;BANK OF INDIA Liquid Fund- Regular Plan- Weekly IDCW;;INF761K01CP1;1001.2350;1001.2350;1001.2350;19-Jun-2011

Baroda BNP Paribas Mutual Fund
111707;Baroda BNP Paribas LIQUID FUND - Regular Plan - DAILY IDCW OPTION;INF955L01468;INF955L01476;1000.6300;1000.6300;1000.6300;19-Jun-2011
111704;Baroda BNP Paribas LIQUID FUND - Regular Plan - GROWTH OPTION;INF955L01484;;1144.0508;1144.0508;1144.0508;19-Jun-2011
111705;Baroda BNP Paribas LIQUID FUND - Regular Plan - WEEKLY IDCW OPTION;INF251K01SK0;INF955L01500;1001.1944;1001.1944;1001.1944;19-Jun-2011
101408;Baroda BNP Paribas LIQUID FUND- Defunct Plan -Growth Option;INF955L01575;;1733.9948;1733.9948;1733.9948;19-Jun-2011
101407;Baroda BNP Paribas LIQUID FUND-Defunct Plan- IDCW Option;INF955L01559;INF955L01567;1485.6050;1485.6050;1485.6050;19-Jun-2011
101409;Baroda BNP Paribas LIQUID FUND-Defunct Plan-Daily IDCW Option;INF955L01518;INF955L01526;1006.0600;1006.0600;1006.0600;19-Jun-2011

BNP Paribas Mutual Fund
113641;BNP PARIBAS LIQUID Fund-Institutional Plan-Daily Dividend Option;;;10.0030;10.0030;10.0030;19-Jun-2011
113634;BNP PARIBAS LIQUID Fund-Institutional Plan-Growth Option;;;15.3547;15.3547;15.3547;19-Jun-2011
113638;BNP PARIBAS LIQUID Fund-Institutional Plan-Monthly Dividend Payout Option;;;10.0460;10.0460;10.0460;19-Jun-2011
113642;BNP PARIBAS LIQUID Fund-Institutional Plan-Weekly Dividend Option;;;10.0077;10.0077;10.0077;19-Jun-2011
113633;BNP PARIBAS LIQUID Fund-Institutional Plus Plan-Daily Dividend Option;;;0.0000;0.0000;0.0000;19-Jun-2011
113639;BNP PARIBAS LIQUID Fund-Institutional Plus Plan-Growth Option;;;0.0000;0.0000;0.0000;19-Jun-2011
113635;BNP PARIBAS LIQUID Fund-Institutional Plus Plan-Monthly Dividend Option;;;0.0000;0.0000;0.0000;19-Jun-2011
113636;BNP PARIBAS LIQUID Fund-Institutional Plus Plan-Weekly Dividend Option;;;0.0000;0.0000;0.0000;19-Jun-2011
113640;BNP PARIBAS LIQUID Fund-Regular Plan-Growth Option;INF251K01CI8;;14.9517;14.9517;14.9517;19-Jun-2011
113632;BNP PARIBAS LIQUID Fund-Regular Plan-Monthly Dividend;INF251K01CK4;INF251K01CL2;10.0433;10.0433;10.0433;19-Jun-2011
113637;BNP PARIBAS LIQUID Fund-Regular Plan-Weekly Dividend Option;;INF251K01CJ6;10.0074;10.0074;10.0074;19-Jun-2011

Canara Robeco Mutual Fund
109349;CANARA ROBECO LIQUID FUND - REGULAR PLAN - DAILY IDCW (Reinvestment);;INF760K01CU3;10.0550;10.0550;10.0550;19-Jun-2011
109353;CANARA ROBECO LIQUID FUND - REGULAR PLAN - GROWTH OPTION;INF760K01CW9;;12.1452;12.1452;12.1452;19-Jun-2011
109350;CANARA ROBECO LIQUID FUND - REGULAR PLAN - WEEKLY IDCW (Payout/Reinvestment);INF760K01BZ4;INF760K01CZ2;10.0644;10.0644;10.0644;19-Jun-2011
101363;Canara Robeco Liquid Fund- INSTITUTIONAL-Daily Dividend Reinvestment;;INF760K01CC1;10.0550;10.0550;10.0550;19-Jun-2011
101362;Canara Robeco Liquid Fund- INSTITUTIONAL-Growth;INF760K01CD9;;18.1001;18.1001;18.1001;19-Jun-2011
101361;Canara Robeco Liquid Fund- INSTITUTIONAL-Weekly dividend;;INF760K01CE7;10.0640;10.0640;10.0640;19-Jun-2011
109357;Canara Robeco Liquid Fund-Institutional-Fortnightly Div Reinvest;;INF760K01860;10.0000;10.0000;10.0000;19-Jun-2011
109355;Canara Robeco Liquid Fund-Regular Plan-Fortnightly Div Reinvest.;;INF760K01951;10.0000;10.0000;10.0000;19-Jun-2011
101364;Canara Robeco Liquid Fund-Retail-DRI;;INF760K01CF4;10.0700;10.0700;10.0700;19-Jun-2011
109346;Canara Robeco Liquid Fund-Retail-Fortnightly Div Reinvest;;INF760K01CG2;10.0788;10.0788;10.0788;19-Jun-2011
101365;Canara Robeco Liquid Fund-Retail-Growth;INF760K01CH0;;18.0090;18.0090;18.0090;19-Jun-2011
109347;Canara Robeco Liquid Fund-Retail-Monthly Div Reinvest;;INF760K01CI8;10.1090;10.1090;10.1090;19-Jun-2011
109356;Canara Robeco Liquid Fund-Retail-Weekly Div Reinvest;;INF760K01CJ6;10.0636;10.0636;10.0636;19-Jun-2011

DSP Mutual Fund
103347;DSP Liquidity Fund - Regular Plan - Growth;INF740K01FK9;;1429.8413;1429.8413;1429.8413;19-Jun-2011
103348;DSP Liquidity Fund - Regular Plan - IDCW - Weekly;INF740K01FM5;INF740K01FL7;1000.9044;1000.9044;1000.9044;19-Jun-2011
103349;DSP Liquidity Fund- Regular Plan - IDCW - Daily;;INF740KA1OE0;1000.3161;1000.3161;1000.3161;19-Jun-2011
100943;DSP BlackRock Liquidity Fund - Regular Plan - Daily Dividend;;;10.0100;10.0100;10.0100;19-Jun-2011
100940;DSP BlackRock Liquidity Fund - Regular Plan - Growth;INF740K01CN0;;23.6890;23.6890;23.6890;19-Jun-2011
100941;DSP BlackRock Liquidity Fund - Regular Plan Weekly Dividend;;;12.4189;12.4189;12.4189;19-Jun-2011

Franklin Templeton Mutual Fund
100543;Franklin India Liquid Fund - Liquid Plan - Daily IDCW;;;1000.6730;1000.6730;1000.6730;19-Jun-2011
100544;Franklin India Liquid Fund - Liquid Plan - Growth;;;1488.7887;1488.7887;1488.7887;19-Jun-2011
100542;Franklin India Liquid Fund - Liquid Plan - Weekly Dividend;;;1000.5749;1000.5749;1000.5749;19-Jun-2011
100541;Franklin India Liquid Fund - Regular Plan - Daily - IDCW;;INF090I01BA3;1512.3400;1512.3400;1512.3400;19-Jun-2011
100538;Franklin India Liquid Fund - Regular Plan - Growth;INF090I01BB1;;2446.3138;2446.3138;2446.3138;19-Jun-2011
100537;Franklin India Liquid Fund - Regular Plan - Weekly - IDCW;INF090I01BL0;INF090I01BI6;1244.3238;1244.3238;1244.3238;19-Jun-2011
100547;Franklin India Liquid Fund - Super Institutional Plan - Daily - IDCW;;INF090I01BF2;1000.6730;1000.6730;1000.6730;19-Jun-2011
100546;Franklin India Liquid Fund - Super Institutional Plan - Growth;INF090I01BG0;;1485.2589;1485.2589;1485.2589;19-Jun-2011
100548;Franklin India Liquid Fund - Super Institutional Plan - Weekly - IDCW;INF090I01BM8;INF090I01BH8;1021.1243;1021.1243;1021.1243;19-Jun-2011
102441;Franklin India Liquid Fund - Institution-Growth;INF090I01BD7;;1555.5956;1555.5956;1555.5956;19-Jun-2011
102443;Franklin India Liquid Fund - Institutional Plan - Daily - IDCW;;INF090I01BC9;1000.6730;1000.6730;1000.6730;19-Jun-2011
102442;Franklin India Liquid Fund - Institutional Plan - Weekly - IDCW;INF090I01BJ4;INF090I01BE5;1054.7186;1054.7186;1054.7186;19-Jun-2011

HDFC Mutual Fund
100868;HDFC Liquid Fund - Growth Plan;INF179KB1HK0;;19.7365;19.7365;19.7365;19-Jun-2011
100875;HDFC Liquid Fund - IDCW Daily;;INF179KB1IC5;10.1982;10.1982;10.1982;19-Jun-2011
100876;HDFC Liquid Fund - IDCW Monthly;INF179KB1HM6;INF179KB1HL8;10.3105;10.3105;10.3105;19-Jun-2011
100874;HDFC Liquid Fund - IDCW Plan Weekly;INF179KB1ID3;;10.3247;10.3247;10.3247;19-Jun-2011
100877;HDFC Liquid Fund-Premium Plan - Dividend-Daily;;INF179K01KN4;12.2598;12.2598;12.2598;19-Jun-2011
100878;HDFC Liquid Fund-Premium Plan - Dividend-Weekly;INF179K01KP9;;10.3716;10.3716;10.3716;19-Jun-2011
100881;HDFC Liquid Fund-Premium Plus Plan - Dividend-Weekly;INF179K01KS3;;10;10;10;19-Jun-2011
100872;HDFC Liquid Fund-PREMIUM PLUS- Growth;INF179K01KQ7;;20.0595;20.0595;20.0595;19-Jun-2011
100873;HDFC Liquid Fund-PREMIUM- Growth;INF179KB1HN4;;20.0192;20.0192;20.0192;19-Jun-2011

HSBC Mutual Fund
101700;HSBC Cash Fund - Dividend - Daily;;INF336L01321;10.0056;10.0056;10.0056;19-Jun-2011
101702;HSBC Cash Fund - Dividend - Monthly;INF336L01305;INF336L01297;10.1235;10.1235;10.1235;19-Jun-2011
101701;HSBC Cash Fund - Dividend - Weekly;;INF336L01347;10.4199;10.4199;10.4199;19-Jun-2011
101692;HSBC Cash Fund - Inst. - Dividend - Daily;;INF336L01354;10.4401;10.4401;10.4401;19-Jun-2011
101694;HSBC Cash Fund - Inst. - Dividend - Monthly;INF336L01370;INF336L01362;10.5691;10.5691;10.5691;19-Jun-2011
101693;HSBC Cash Fund - Inst. - Dividend - Weekly;;INF336L01388;10.6474;10.6474;10.6474;19-Jun-2011
101691;HSBC Cash Fund - Inst. - Growth;INF336L01289;;16.1355;16.1355;16.1355;19-Jun-2011
101697;HSBC Cash Fund - Regular - Dividend - Daily;;INF336L01263;10.1930;10.1930;10.1930;19-Jun-2011
101698;HSBC Cash Fund - Regular - Dividend - Weekly;;INF336L01313;10.0208;10.0208;10.0208;19-Jun-2011
101696;HSBC Liquid Fund - Growth closed plan;INF336L01271;;15.9437;15.9437;15.9437;19-Jun-2011
101699;HSBC Liquid Fund Closed;INF336L01339;;10.0636;10.0636;10.0636;19-Jun-2011

ICICI Prudential Mutual Fund
100357;ICICI Prudential Liquid Fund -Quarterly IDCW;INF109K01UU5;INF109K01UT7;100.7015;100.7015;100.7015;19-Jun-2011
100359;ICICI Prudential Liquid Institutional Plus Fund - Div - Daily;INF109K01VJ6;;118.5150;118.5150;118.5150;19-Jun-2011
100360;ICICI Prudential Liquid Institutional Plus Fund - Div - Weekly;INF109K01VM0;;118.7435;118.7435;118.7435;19-Jun-2011
100362;ICICI Prudential Liquid Institutional Plus Fund - Growth;INF109K01VK4;;246.4844;246.4844;246.4844;19-Jun-2011
103343;ICICI Prudential Liquid Fund - Daily IDCW;INF109K01VP3;;100.0226;100.0226;100.0226;19-Jun-2011
103340;ICICI Prudential Liquid Fund - Growth;INF109K01VQ1;;147.7313;147.7313;147.7313;19-Jun-2011
104308;ICICI Prudential Liquid Fund - Half Yearly IDCW;INF109K01UX9;INF109K01UW1;100.5835;100.5835;100.5835;19-Jun-2011
103344;ICICI Prudential Liquid Fund - Institutional Option - I;INF109K01VH0;;144.1798;144.1798;144.1798;19-Jun-2011
103342;ICICI Prudential Liquid Fund - Weekly IDCW;INF109K01VS7;;100.2992;100.2992;100.2992;19-Jun-2011
103341;ICICI Prudential Liquid Fund -Monthly IDCW;INF109K01VR9;;100.5632;100.5632;100.5632;19-Jun-2011
101748;ICICI Prudential Liquid Fund - Institutional - Daily - Div;INF109K01VE7;;118.5020;118.5020;118.5020;19-Jun-2011
101753;ICICI Prudential Liquid Fund - Institutional - Weekly - Div;INF109K01VI8;;118.5995;118.5995;118.5995;19-Jun-2011
101754;ICICI Prudential Liquid Fund Retail Daily Dividend;INF109K01UR1;;118.5140;118.5140;118.5140;19-Jun-2011
101750;ICICI Prudential Liquid Fund Retail Growth;INF109K01UQ3;;239.5437;239.5437;239.5437;19-Jun-2011
101755;ICICI Prudential Liquid Fund Retail Monthly Dividend;INF109K01US9;;100.6232;100.6232;100.6232;19-Jun-2011
101752;ICICI Prudential Liquid Fund Retail Weekly Dividend;INF109K01UV3;;118.9775;118.9775;118.9775;19-Jun-2011
101751;ICICI Prudential Liquid Institutional Fund - Growth;INF109K01VF4;;244.5536;244.5536;244.5536;19-Jun-2011

IDBI Mutual Fund
113104;IDBI Liquid Fund- Monthly IDCW;INF397L01976;INF397L01968;1005.8178;1005.8178;1005.8178;19-Jun-2011
113102;IDBI Liquid Fund-Daily IDCW;;INF397L01935;1000.0000;1000.0000;1000.0000;19-Jun-2011
113096;IDBI Liquid Fund-Growth;INF397L01984;;1071.6057;1071.6057;1071.6057;19-Jun-2011
113103;IDBI Liquid Fund-Weekly IDCW;INF397L01950;INF397L01943;1000.2200;1000.2200;1000.2200;19-Jun-2011

Invesco Mutual Fund
104484;Invesco India Liquid Fund - Daily IDCW (Reinvestment);;INF205K01HN3;1000.7849;1000.7849;1000.7849;19-Jun-2011
104486;Invesco India Liquid Fund - Growth;INF205K01HM5;;1372.1085;1372.1085;1372.1085;19-Jun-2011
104488;Invesco India Liquid Fund - Regular - Growth;INF205K01HG7;;1346.6040;1346.6040;1346.6040;19-Jun-2011
104489;Invesco India Liquid Fund - Regular - Weekly IDCW (Reinvestment);;INF205K01HH5;1001.6544;1001.6544;1001.6544;19-Jun-2011
104483;Religare Invesco Liquid Fund - Institutional - Daily Dividend;;INF205K01HJ1;1000.2250;1000.2250;1000.2250;19-Jun-2011
104491;Religare Invesco Liquid Fund - Institutional - Growth;INF205K01HI3;;1363.4739;1363.4739;1363.4739;19-Jun-2011

JM Financial Mutual Fund
100241;JM High Liquidity Fund-- Institutional Plan - Dividend;INF192K01924;INF192K01932;10.5956;10.5956;10.5956;19-Jun-2011
100237;JM High Liquidity Fund-- Institutional Plan - Growth;INF192K01940;;16.4465;16.4465;16.4465;19-Jun-2011
100238;JM High Liquidity Fund-Institutional Plan - Daily Dividend;;INF192K01916;10.0159;10.0159;10.0159;19-Jun-2011
100245;JM High Liquidity Fund-Super Institutional Plan- Daily Dividend;;INF192K01957;10.0165;10.0165;10.0165;19-Jun-2011
100246;JM High Liquidity Fund-Super Institutional Plan- Weekly  Dividend;INF192K01965;INF192K01973;10.0000;10.0000;10.0000;19-Jun-2011
100244;JM Liquid Fund (Regular) - Quarterly IDCW;INF192K01866;INF192K01874;15.4288;15.4288;15.4288;19-Jun-2011
100247;JM Liquid Fund (Regular) - Super Institutional Plan - Growth Option;INF192K01981;;15.6380;15.6380;15.6380;19-Jun-2011
100233;JM Liquid Fund (Regular) - Weekly IDCW;INF192K01841;INF192K01858;10.8418;10.8418;10.8418;19-Jun-2011
100234;JM Liquid Fund - Growth Option;INF192K01882;;27.2590;27.2590;27.2590;19-Jun-2011
101549;JM Liquid Fund (Regular) - Bonus Option - Principal Units;INF192K01890;;14.3148;14.3148;14.3148;19-Jun-2011
101078;JM Liquid Fund (Regular) - Daily IDCW;;INF192K01833;10.4302;10.4302;10.4302;19-Jun-2011

Kotak Mahindra Mutual Fund
100833;Kotak Liquid Fund - Regular  - Daily Reinvestment of Income Distribution cum capital withdrawal option;;INF174K01NL3;12.2281;12.2281;12.2281;19-Jun-2011
100835;Kotak Liquid Fund - Regular Plan - Growth;INF174K01NI9;;20.2623;20.2623;20.2623;19-Jun-2011
100831;Kotak Liquid Fund -Institutional Plan - (Daily Dividend);;INF174K01GA0;12.2281;12.2281;12.2281;19-Jun-2011
100834;Kotak Liquid Fund Regular Plan Weekly Reinvestment of Income Distribution cum capital withdrawal option Dividend;INF174K01NK5;;10.0764;10.0764;10.0764;19-Jun-2011
100830;Kotak Liquid-Institutional Plan  (Growth);INF174K01FZ9;;19.6345;19.6345;19.6345;19-Jun-2011
100832;Kotak Liquid-Institutional Plan (Weekly Dividend);;INF174K01GB8;10.0359;10.0359;10.0359;19-Jun-2011
100828;Kotak Liquid-Regular (Dividend);;INF174K01FY2;10.0354;10.0354;10.0354;19-Jun-2011
100829;Kotak Liquid-Regular (Growth);INF174K01NM1;;19.2146;19.2146;19.2146;19-Jun-2011

L&T Mutual Fund
112445;L&T Liquid Fund -Regular Plan - Daily IDCW;INF917K01JB4;;10.1163;10.1163;10.1163;19-Jun-2011
112457;L&T Liquid Fund -Regular Plan - Growth;INF917K01JH1;;13.7023;13.7023;13.7023;19-Jun-2011
112456;L&T Liquid Fund-Cum -Institutional Plus;INF917K01BJ4;;20.0976;20.0976;20.0976;19-Jun-2011
112442;L&T Liquid Fund-Regular Cumulative;INF917K01BF2;;19.8245;19.8245;19.8245;19-Jun-2011
112483;L&T Liquid Fund - Institutional Plus Weekly Dividend;INF917K01BH8;INF917K01BI6;13.3174;13.3174;13.3174;19-Jun-2011

LIC Mutual Fund
101184;LIC MF Liquid Fund-Regular Plan-Daily IDCW;INF767K01IQ3;INF767K01IR1;10.9801;10.9801;10.9801;19-Jun-2011
101185;LIC MF Liquid Fund-Regular Plan-Growth;INF767K01IS9;;18.2494;18.2494;18.2494;19-Jun-2011

Mirae Asset Mutual Fund
111647;Mirae Asset Liquid Fund - Regular - Daily IDCW;;INF769K01804;1033.0623;1033.0623;1033.0623;19-Jun-2011
111646;Mirae Asset Liquid Fund - Regular Plan - Growth;INF769K01788;;1096.8753;1096.8753;1096.8753;19-Jun-2011
111645;Mirae Asset Liquid Fund - Regular Plan - Monthly IDCW;INF769K01838;INF769K01820;1097.0166;1097.0166;1097.0166;19-Jun-2011
111644;Mirae Asset Liquid Fund - Regular Plan - Weekly IDCW;INF769K01PC4;INF769K01812;1095.5722;1095.5722;1095.5722;19-Jun-2011

Navi Mutual Fund
112645;Navi Liquid Fund - Regular Plan Daily IDCW;;INF959L01GM7;10.0015;10.0015;10.0015;19-Jun-2011
112646;Navi Liquid Fund - Regular Plan Weekly IDCW;INF959L01GP0;INF959L01GQ8;10.0159;10.0159;10.0159;19-Jun-2011
112637;Navi Liquid Fund-Institutional Plan-Dividend Option-Daily;;INF959L01197;10.0015;10.0015;10.0015;19-Jun-2011
112640;Navi Liquid Fund-Institutional Plan-Growth;INF959L01247;;10.8573;10.8573;10.8573;19-Jun-2011
112636;Navi Liquid Fund-Regular Plan-Growth Option;INF959L01GL9;;10.8970;10.8970;10.8970;19-Jun-2011
112641;Navi Liquid Fund-Retail Plan-Dividend Option-Daily;;INF959L01254;10.0015;10.0015;10.0015;19-Jun-2011
112643;Navi Liquid Fund-Retail Plan-Dividend Option-Monthly;INF959L01262;INF959L01270;10.0441;10.0441;10.0441;19-Jun-2011
112642;Navi Liquid Fund-Retail Plan-Dividend Option-Weekly;INF959L01288;INF959L01296;10.0119;10.0119;10.0119;19-Jun-2011
112644;Navi Liquid Fund-Retail Plan-Growth;INF959L01304;;10.8517;10.8517;10.8517;19-Jun-2011

Nippon India Mutual Fund
100852;NIPPON INDIA LIQUID FUND - DAILY IDCW OPTION;;INF204K01UM1;15.2874;15.2874;15.2874;19-Jun-2011
100855;NIPPON INDIA LIQUID FUND - MONTHLY IDCW OPTION;INF204K01UO7;INF204K01UP4;21.8718;21.8718;21.8718;19-Jun-2011
100837;Nippon India Liquid Fund - Retail Option - Growth Plan;INF204K01UL3;;23.8493;23.8493;23.8493;19-Jun-2011
100842;NIPPON INDIA LIQUID FUND - RETAIL Plan - DAILY IDCW OPTION;;INF204K01UJ7;15.2428;15.2428;15.2428;19-Jun-2011
100843;NIPPON INDIA LIQUID FUND - RETAIL plan - MONTHLY IDCW OPTION;INF204K01UT6;INF204K01UU4;13.3849;13.3849;13.3849;19-Jun-2011
100844;NIPPON INDIA LIQUID FUND - RETAIL Plan - QUARTERLY IDCW OPTION;INF204K01UV2;INF204K01UW0;12.4065;12.4065;12.4065;19-Jun-2011
100838;NIPPON INDIA LIQUID FUND - RETAIL Plan - WEEKLY IDCW OPTION;;INF204K01UK5;10.3464;10.3464;10.3464;19-Jun-2011
100853;NIPPON INDIA LIQUID FUND - WEEKLY IDCW OPTION;INF204KC1FM8;INF204K01US8;15.3102;15.3102;15.3102;19-Jun-2011
100851;Nippon India Liquid Fund -Growth Plan;INF204K01UN9;;24.3301;24.3301;24.3301;19-Jun-2011
100849;Reliance Liquid Fund-Cash Plan-Daily Dividend Reinvestment Option;;;11.1415;11.1415;11.1415;19-Jun-2011
100845;Reliance Liquid Fund-Cash Plan-Growth Plan;;;16.1946;16.1946;16.1946;19-Jun-2011
114251;Reliance Liquid Fund-Cash Plan-Monthly Dividend Plan;;;10.0869;10.0869;10.0869;19-Jun-2011
114252;Reliance Liquid Fund-Cash Plan-Quarterly Dividend Plan;;;10.2163;10.2163;10.2163;19-Jun-2011
100848;Reliance Liquid Fund-Cash Plan-Weekly Dividend Reinvestment Option;;;10.9221;10.9221;10.9221;19-Jun-2011

Principal Mutual Fund
100895;Principal Cash Management Fund - Daily Income Distribution CUM Capital Withdrawal;;INF173K01DB7;10.0007;10.0007;10.0007;19-Jun-2011
100897;Principal Cash Management Fund - Monthly Income Distribution CUM Capital Withdrawal Option;INF173K01BV9;INF173K01BW7;10.1429;10.1429;10.1429;19-Jun-2011
100896;Principal Cash Management Fund - Weekly Income Distribution CUM Capital Withdrawal Option;;INF173K01DC5;10.0672;10.0672;10.0672;19-Jun-2011
100898;Principal Cash Management Fund -Growth Option;INF173K01DA9;;15.538;15.538;15.538;19-Jun-2011

quant Mutual Fund
103225;quant Liquid Fund - Growth Option - Regular Plan;INF966L01317;;15.2018;15.2018;15.2018;19-Jun-2011
103228;quant Liquid Fund - Monthly IDCW Option - Regular Plan;INF966L01291;INF966L01309;14.8122;14.8122;14.8122;19-Jun-2011
103227;quant Liquid Fund - Weekly IDCW Option - Regular Plan;INF966L01499;INF966L01283;13.1741;13.1741;13.1741;19-Jun-2011
103226;quant Liquid Fund-Daily IDCW Option - Regular Plan;;INF966L01275;13.4867;13.4867;13.4867;19-Jun-2011

Quantum Mutual Fund
103736;Quantum Liquid Fund - Direct Plan Daily IDCW;;INF082J01135;10.0000;10.0000;10.0000;19-Jun-2011
103734;Quantum Liquid Fund - Direct Plan Growth Option;INF082J01127;;14.2302;14.2302;14.2302;19-Jun-2011
103735;Quantum Liquid Fund - Direct Plan Monthly IDCW;INF082J01143;INF082J01200;10.0602;10.0602;10.0602;19-Jun-2011

SBI Mutual Fund
105274;SBI Liquid Fund - Institutional - Growth;INF200K01LU1;;15.8724;15.8724;15.8724;19-Jun-2011
105275;SBI Liquid Fund - Institutional Daily Income Distribution cum Capital Withdrawal Option (IDCW);;INF200K01LR7;10.0325;10.0325;10.0325;19-Jun-2011
105279;SBI Liquid Fund - Institutional Fortnightly Income Distribution cum Capital Withdrawal Option (IDCW);INF200K01LS5;INF200K01LT3;10.2040;10.2040;10.2040;19-Jun-2011
105278;SBI Liquid Fund - Institutional Weekly Income Distribution cum Capital Withdrawal Option (IDCW);INF200K01LV9;INF200K01LW7;10.6062;10.6062;10.6062;19-Jun-2011
105281;SBI Liquid Fund - Regular Plan - Daily Income Distribution cum Capital Withdrawal Option (IDCW);;INF200K01LX5;10.0325;10.0325;10.0325;19-Jun-2011
105283;SBI Liquid Fund - Regular Plan - Fortnightly Income Distribution cum Capital Withdrawal Option (IDCW);INF200K01LY3;INF200K01LZ0;N.A.;N.A.;N.A.;19-Jun-2011
105282;SBI Liquid Fund - Regular Plan - Weekly Income Distribution cum Capital Withdrawal Option (IDCW);INF200K01MB9;INF200K01MC7;N.A.;N.A.;N.A.;19-Jun-2011
105280;SBI Liquid Fund - REGULAR PLAN -Growth;INF200K01MA1;;15.7055;15.7055;15.7055;19-Jun-2011

Tata Mutual Fund
102672;Tata Liquid Fund -Regular Plan - Growth Option;INF277K01YD8;;15.6839;15.6839;15.6839;19-Jun-2011
101714;Tata Liquid Fund- Regular Plan - Daily Reinvestment of IDCW Option;;INF277K011D4;10.0152;10.0152;10.0152;19-Jun-2011

Taurus Mutual Fund
111915;Taurus Liquid Fund - Regular Plan - SI Growth Option;INF044D01534;;1075.2398;1075.2398;1075.2398;19-Jun-2011
113248;Taurus Liquid Fund - Regular Plan - SI Weekly Dividend Option;;INF044D01526;1000.7125;1000.7125;1000.7125;19-Jun-2011
111703;Taurus Liquid Fund - Regular Plan -SI Daily Dividend Option;;INF044D01518;1000.0905;1000.0905;1000.0905;19-Jun-2011
111547;Taurus Liquid Fund Insti DDRIP;;INF044D01484;1000.0905;1000.0905;1000.0905;19-Jun-2011
111760;Taurus Liquid Fund Insti Growth;INF044D01500;;1096.8413;1096.8413;1096.8413;19-Jun-2011
104240;Taurus Liquid Fund-Dividend;INF044D01542;INF044D01559;1001.2175;1001.2175;1001.2175;19-Jun-2011
104241;Taurus Liquid Fund-Growth;INF044D01575;;1310.2201;1310.2201;1310.2201;19-Jun-2011

Union Mutual Fund
115401;Union Liquid Fund - Daily IDCW Option;;INF582M01021;10.0018;10.0018;10.0018;19-Jun-2011
115398;Union Liquid Fund - Growth Option;INF582M01013;;10.0097;10.0097;10.0097;19-Jun-2011
115400;Union Liquid Fund - Monthly IDCW Option;INF582M01070;INF582M01054;10.0097;10.0097;10.0097;19-Jun-2011
115402;Union Liquid Fund - Weekly IDCW Option;;INF582M01039;10.0097;10.0097;10.0097;19-Jun-2011

UTI Mutual Fund
102010;UTI Liquid Fund - Regular Plan - Daily IDCW (Reinvestment);;INF789F01PG3;1019.4457;1019.4457;1019.4457;19-Jun-2011
102011;UTI Liquid Fund - Regular Plan - Monthly IDCW;INF789F01PI9;INF789F01PJ7;1029.4297;1029.4297;1029.4297;19-Jun-2011
102013;UTI Liquid Fund - Regular Plan - Weekly IDCW;;INF789F01PK5;1042.4624;1042.4624;1042.4624;19-Jun-2011
102012;UTI-  Liquid Cash Plan - Regular Plan - Growth Option;INF789F01PH1;;1639.6981;1639.6981;1639.6981;19-Jun-2011
102008;UTI-  Liquid Cash Plan- Discontinued - Regular Plan - Monthly Dividend Option;INF789F01BC2;INF789F01BA6;1089.331;1089.331;1089.331;19-Jun-2011
102009;UTI-  Liquid Cash Plan- Discontinued - Regular Plan -Growth;INF789F01BB4;;1606.1;1606.1;1606.1;19-Jun-2011
102007;UTI-  Liquid Cash Plan- Discontinued -Regular Plan Periodic Dividend Option;;INF789F01AZ5;1079.0428;1079.0428;1079.0428;19-Jun-2011

Open Ended Schemes ( Debt Scheme - Ultra Short Duration Fund )


Principal Mutual Fund
107329;Principal Ultra Short Term Fund-Daily Income Distribution CUM Capital Withdrawal Option;;INF173K01CV7;10.0543;10.0543;10.0543;19-Jun-2011
107328;Principal Ultra Short Term Fund-Growth Option;INF173K01CU9;;11.229;11.229;11.229;19-Jun-2011
107332;Principal Ultra Short Term Fund-Weekly Income Distribution CUM Capital Withdrawal Option;;INF173K01CW5;10.1207;10.1207;10.1207;19-Jun-2011

SBI Mutual Fund
105080;SBI Ultra Short Duration Fund - Regular Plan - Daily Income Distribution cum Capital Withdrawal Option (IDCW);;INF200K01LK2;16.7503;16.7503;16.7503;19-Jun-2011
100641;SBI ULTRA SHORT DURATION FUND - REGULAR PLAN - GROWTH;INF200K01LJ4;;22.1703;22.1703;22.1703;19-Jun-2011
103884;SBI Ultra Short Duration Fund - Regular Plan - Weekly Income Distribution cum Capital Withdrawal Option (IDCW);INF200K01LM8;INF200K01LL0;10.7784;10.7784;10.7784;19-Jun-2011

Open Ended Schemes ( Debt Scheme - Money Market Fund )


Aditya Birla Sun Life Mutual Fund
101973;Aditya Birla Sun Life Money Manager Fund - Daily IDCW;;INF209K01SZ6;10.0020;10.0020;10.0020;19-Jun-2011
101976;Aditya Birla Sun Life Money Manager Fund - Growth;INF209K01RV7;;13.2523;13.2523;13.2523;19-Jun-2011
101972;Aditya Birla Sun Life Money Manager Fund - Retail - Daily IDCW;;INF209K01JZ5;10.0015;10.0015;10.0015;19-Jun-2011
101970;Aditya Birla Sun Life Money Manager Fund - RETAIL - WEEKLY IDCW;;INF209K01JY8;10.3794;10.3794;10.3794;19-Jun-2011
101971;Aditya Birla Sun Life Money Manager Fund - Retail Growth;INF209K01MJ3;;16.4452;16.4452;16.4452;19-Jun-2011
101974;Aditya Birla Sun Life Money Manager Fund - WEEKLY IDCW;;INF209K01SY9;10.0123;10.0123;10.0123;19-Jun-2011

HDFC Mutual Fund
101994;HDFC Money Market Fund - Daily IDCW Option;;INF179KB1IG6;10.6364;10.6364;10.6364;19-Jun-2011
101993;HDFC Money Market Fund - Growth Option;INF179KB1HR5;;20.8753;20.8753;20.8753;19-Jun-2011
101995;HDFC Money Market Fund - Weekly IDCW Option;INF179KB1IH4;INF179KB1II2;10.6297;10.6297;10.6297;19-Jun-2011

ICICI Prudential Mutual Fund
115328;ICICI Prudential Money Market Fund Dividend;INF109K01I72;;100.0005;100.0005;100.0005;19-Jun-2011
101221;ICICI Prudential Money Market Fund Retail Growth (erstwhile Cash Option);INF109K01TW3;;159.4147;159.4147;159.4147;19-Jun-2011
103634;ICICI Prudential Money Market Fund Option - Daily IDCW;INF109K01TY9;;100.0115;100.0115;100.0115;19-Jun-2011
103633;ICICI Prudential Money Market Fund Option - Growth;INF109K01TX1;;138.1260;138.1260;138.1260;19-Jun-2011
103637;ICICI Prudential Money Market Fund Option - Monthly IDCW;INF109K01UC3;INF109K01UB5;100.7917;100.7917;100.7917;19-Jun-2011
103635;ICICI Prudential Money Market Fund Option - Weekly IDCW;INF109K01TZ6;;100.2016;100.2016;100.2016;19-Jun-2011
103636;ICICI Prudential Money Market Fund Option -Fortnightly IDCW;INF109K01UA7;;100.2942;100.2942;100.2942;19-Jun-2011

Kotak Mahindra Mutual Fund
106842;Kotak Money Market Fund - (Daily Reinvestment of Income Distribution cum capital withdrawal option);INF174K01ND0;;10.1162;10.1162;10.1162;19-Jun-2011
101893;Kotak Money Market Fund - (Growth);INF174K01NA6;;16.3492;16.3492;16.3492;19-Jun-2011
101892;Kotak Money market Fund - (Monthly Payout of Income Distribution cum capital withdrawal option);INF174K018O0;INF174K01NB4;10.0278;10.0278;10.0278;19-Jun-2011
101894;Kotak Money Market Fund - (Weekly Reinvestment of Income Distribution cum capital withdrawal option);INF174K01NC2;;10.134;10.134;10.134;19-Jun-2011

Nippon India Mutual Fund
103050;NIPPON INDIA MONEY MARKET FUND - DAILY IDCW Option;;INF204K01UY6;10.0051;10.0051;10.0051;19-Jun-2011
103051;NIPPON INDIA MONEY MARKET FUND - WEEKLY IDCW Option;;INF204K01UZ3;10.0082;10.0082;10.0082;19-Jun-2011
103048;Nippon India Money Market Fund-Growth Plan-Growth Option;INF204K01VA4;;15.0449;15.0449;15.0449;19-Jun-2011

quant Mutual Fund
103465;Quant Money Market Fund-Dividend Option;INF966L01382;INF966L01390;14.3984;14.3984;14.3984;19-Jun-2011
103464;Quant Money Market Fund-Growth Option;INF966L01408;;14.7876;14.7876;14.7876;19-Jun-2011

Tata Mutual Fund
101986;Tata Money Market Fund- Regular Plan - Daily Reinvestment of IDCW Option;;INF277K014C0;1114.5200;1114.5200;1114.5200;19-Jun-2011
101847;Tata Money Market Fund-Regular Plan - Growth Option;INF277K01LQ7;;1844.4296;1844.4296;1844.4296;19-Jun-2011

UTI Mutual Fund
112077;UTI MMF - Regular Plan - Growth Option;INF789F01PX8;;1118.5519;1118.5519;1118.5519;19-Jun-2011
100724;UTI MMF- Discontinued - Regular Plan - Flexi Dividend Option;;INF789F01BD0;1902.3505;1902.3505;1902.3505;19-Jun-2011
100725;UTI MMF- Discontinued - Regular Plan - Periodic Dividend Option;INF789F01BE8;;1893.21;1893.21;1893.21;19-Jun-2011
100723;UTI MMF-Discontinued - Regular Plan -Growth;INF789F01BF5;;2773.4855;2773.4855;2773.4855;19-Jun-2011
112076;UTI Money Market Fund - Regular Plan - Daily IDCW (Reinvestment);;INF789F01PW0;1003.3854;1003.3854;1003.3854;19-Jun-2011
112635;UTI Money Market Fund - Regular Plan - Weekly IDCW;INF789F01PY6;INF789F01PZ3;1014.5298;1014.5298;1014.5298;19-Jun-2011

Open Ended Schemes ( Debt Scheme - Floater Fund )


Franklin Templeton Mutual Fund
101048;Franklin India Floating Rate Fund - Growth Plan;INF090I01LM7;;16.8902;16.8902;16.8902;19-Jun-2011
101044;Franklin India Floating Rate Fund - IDCW ;INF090I01LN5;;10.0002;10.0002;10.0002;19-Jun-2011

Close Ended Schemes ( Income )


SBI Mutual Fund
114781;SBI Capital Protection Oriented Fund - Series II -;INF200K01ED2;;10.0360;N.A.;N.A.;19-Jun-2011
114554;SBI Debt Fund Series - 15 Months - 6 Dividend;INF200K01EA8;;10.3617;N.A.;N.A.;19-Jun-2011
114555;SBI Debt Fund Series - 15 Months - 6 Growth;INF200K01DZ7;;10.3618;N.A.;N.A.;19-Jun-2011
114442;SBI Debt Fund Series - 18 Months - 6 - Dividend Option;INF200K01CI5;;10.3375;N.A.;N.A.;19-Jun-2011
114443;SBI Debt Fund Series - 18 Months - 6 - Growth Option;INF200K01CH7;;10.3374;N.A.;N.A.;19-Jun-2011
113275;SBI Debt Fund Series - 24 Months - 2 - Dividend;INF200K01CK1;;10.3857;N.A.;N.A.;19-Jun-2011
113363;SBI Debt Fund Series - 24 Months - 2 - Growth;INF200K01CJ3;;10.3867;N.A.;N.A.;19-Jun-2011
115263;SBI SDFS - 36 MONTHS - 1 - DIVIDEND;INF200K01EC4;;10.0929;N.A.;N.A.;19-Jun-2011
115262;SBI SDFS - 36 MONTHS - 1 - GROWTH;INF200K01EB6;;10.0929;N.A.;N.A.;19-Jun-2011
115075;SBI Debt Fund Series - 370 Days 13 - Dividend Payout;INF200K01EJ9;;10.1564;N.A.;N.A.;19-Jun-2011
115076;SBI Debt Fund Series - 370 Days 13 - Growth;INF200K01EI1;;10.1566;N.A.;N.A.;19-Jun-2011
115012;SBI DEBT FUND SERIES - 370 DAYS 11 - GROWTH;INF200K01EE0;;10.2452;N.A.;N.A.;19-Jun-2011
115013;SBI DEBT FUND SERIES - 370 DAYS 11- DIVIDEND;INF200K01EF7;;10.2451;N.A.;N.A.;19-Jun-2011
115048;SBI Debt Fund Series - 370 Days 12 - Dividend Payout;INF200K01EH3;;10.1760;N.A.;N.A.;19-Jun-2011
115047;SBI Debt Fund Series - 370 Days 12 - Growth;INF200K01EG5;;10.1760;N.A.;N.A.;19-Jun-2011
115260;SBI DEBT FUND SERIES - 370 DAYS - 15 - DIVIDEND;INF200K01EN1;;10.0906;N.A.;N.A.;19-Jun-2011
115261;SBI DEBT FUND SERIES - 370 DAYS - 15 - GROWTH;INF200K01EM3;;10.0906;N.A.;N.A.;19-Jun-2011
113321;SBI Debt Fund Series - 60 Months - 1 - Dividend;INF200K01CQ8;;10.2274;N.A.;N.A.;19-Jun-2011
113401;SBI Debt Fund Series - 60 Months - 1 - Growth;INF200K01CP0;;10.2274;N.A.;N.A.;19-Jun-2011
115010;SBI DEBT FUND SERIES - 90 DAYS 42 -GROWTH;;;10.2209;N.A.;N.A.;19-Jun-2011
115011;SBI DEBT FUND SERIES - 90 DAYS 42-DIVIDEND;;;10.0499;N.A.;N.A.;19-Jun-2011
115180;SBI DEBT FUND SERIES - 90 DAYS 43 -GROWTH;;;10.1136;N.A.;N.A.;19-Jun-2011
115181;SBI DEBT FUND SERIES - 90 DAYS 43-DIVIDEND;;;10.0468;N.A.;N.A.;19-Jun-2011
114351;SBI Debt Fund Series - 180 Days - 14 Dividend;;;10.0503;N.A.;N.A.;19-Jun-2011
114352;SBI Debt Fund Series - 180 Days - 14 Growth;;;10.4373;N.A.;N.A.;19-Jun-2011
114622;SBI Debt Fund Series - 180 Days - 15 Dividend;;;10.0535;N.A.;N.A.;19-Jun-2011
114621;SBI Debt Fund Series - 180 Days - 15 Growth;;;10.3485;N.A.;N.A.;19-Jun-2011
114724;SBI SDFS 180 DAYS 16 - DIVIDEND PAYOUT;;;10.0519;N.A.;N.A.;19-Jun-2011
114725;SBI SDFS 180 DAYS 16 - GROWTH;;;10.2954;N.A.;N.A.;19-Jun-2011
115114;SBI SDFS 180 DAYS 17 - DIVIDEND PAYOUT;;;10.1456;N.A.;N.A.;19-Jun-2011
115115;SBI SDFS 180 DAYS 17 - GROWTH;;;10.1456;N.A.;N.A.;19-Jun-2011
115187;SBI SDFS 180 DAYS 18 - DIVIDEND PAYOUT;;;10.1129;N.A.;N.A.;19-Jun-2011
115188;SBI SDFS 180 DAYS 18 - GROWTH;;;10.1130;N.A.;N.A.;19-Jun-2011
115343;SBI SDFS 180 DAYS 19 - DIVIDEND PAYOUT;;;10.0584;N.A.;N.A.;19-Jun-2011
115344;SBI SDFS 180 DAYS 19 - GROWTH;;;10.0584;N.A.;N.A.;19-Jun-2011
115347;SBI SDFS 367 DAYS - 1 - DIVIDEND PAYOUT;INF200K01FZ2;;10.0453;N.A.;N.A.;19-Jun-2011
115348;SBI SDFS 367 DAYS - 1 - GROWTH;INF200K01FY5;;10.0453;N.A.;N.A.;19-Jun-2011
114723;SBI DEBT FUND SERIES 370 DAYS 10 - GROWTH;INF200K01DV6;;10.3189;N.A.;N.A.;19-Jun-2011
114722;SBI DEBT FUND SERIES 370 DAYS 10- Dividend;INF200K01DW4;;10.3189;N.A.;N.A.;19-Jun-2011
114839;REDEEMED-SBI Debt Fund Series - 13 Months 11 - Dividend Payout;INF200K01DY0;;10.2603;N.A.;N.A.;19-Jun-2011
114838;REDEEMED-SBI Debt Fund Series 13 Months 11 - Growth;INF200K01DX2;;10.2603;N.A.;N.A.;19-Jun-2011
114343;Z-REDEEMED-SBI Debt Fund Series - 18 Months - 4 - Dividend Option;INF200K01CE4;;10.3848;N.A.;N.A.;19-Jun-2011
114303;Z-REDEEMED-SBI Debt Fund Series - 18 Months - 4 - Growth Option;INF200K01CD6;;10.3848;N.A.;N.A.;19-Jun-2011
114388;Z-REDEEMED-SBI Debt Fund Series - 18 Months - 5 - Dividend Option;INF200K01CG9;;10.3402;N.A.;N.A.;19-Jun-2011
114389;Z-REDEEMED-SBI Debt Fund Series - 18 Months - 5 - Growth Option;INF200K01CF1;;10.3401;N.A.;N.A.;19-Jun-2011
115152;Z-REDEEMED-SBI Debt Fund Series - 370 days - 14 - Dividend Payout;INF200K01EL5;;10.1307;N.A.;N.A.;19-Jun-2011
115151;Z-REDEEMED-SBI Debt Fund Series - 370 Days - 14 - Growth;INF200K01EK7;;10.1307;N.A.;N.A.;19-Jun-2011
113182;Z-REDEEMED-SBI Debt Fund Series - 370 Days - 6 - Dividend;;;10.4685;N.A.;N.A.;19-Jun-2011
113340;Z-REDEEMED-SBI Debt Fund Series - 370 Days - 6 - Growth;;;10.5454;N.A.;N.A.;19-Jun-2011
113411;Z-REDEEMED-SBI Debt Fund Series - 370 Days - 7 - Dividend;;;10.4319;N.A.;N.A.;19-Jun-2011
114250;Z-REDEEMED-SBI Debt Fund Series - 370 Days - 7 - Growth;;;10.4832;N.A.;N.A.;19-Jun-2011
114194;Z-REDEEMED-SBI Debt Fund Series - 370 Days - 8 - Dividend;;;10.3913;N.A.;N.A.;19-Jun-2011
114311;Z-REDEEMED-SBI Debt Fund Series - 370 Days - 8 - Growth;;;10.4426;N.A.;N.A.;19-Jun-2011
114620;Z-REDEEMED-SBI Debt Fund Series - 370 Days - 9 - Dividend;INF200K01DU8;;10.3531;N.A.;N.A.;19-Jun-2011
114619;Z-REDEEMED-SBI Debt Fund Series - 370 Days - 9 - Growth;INF200K01DT0;;10.3524;N.A.;N.A.;19-Jun-2011
113181;Z-REDEEMED-SBI Debt Fund Series - 370 Days - 5 Dividend;;;10.0507;N.A.;N.A.;19-Jun-2011
113230;Z-REDEEMED-SBI Debt Fund Series - 370 Days - 5 Growth;;;10.5689;N.A.;N.A.;19-Jun-2011
