Scheme Code;Scheme Name;ISIN Div Payout/ISIN Growth;ISIN Div Reinvestment;Net Asset Value;Repurchase Price;Sale Price;Date

Open Ended Schemes ( Liquid )


Daiwa Mutual Fund
119179;Daiwa Liquid Fund - Direct - Daily Dividend;;;1000.5200;1000.5200;1000.5200;06-Jan-2013
119181;Daiwa Liquid Fund - Direct - Growth;;;1284.8427;1284.8427;1284.8427;06-Jan-2013
114515;Daiwa Liquid Fund - Institutional - Growth;INF752K01206;-;1287.4875;1287.4875;1287.4875;06-Jan-2013
114519;Daiwa Liquid Fund - Regular - Daily Dividend;;INF752K01222;1000.5200;1000.5200;1000.5200;06-Jan-2013
114514;Daiwa Liquid Fund - Regular - Growth;INF752K01230;;1284.8337;1284.8337;1284.8337;06-Jan-2013
114518;Daiwa Liquid Fund - Regular - Weekly Dividend;;INF752K01248;1001.8822;1001.8822;1001.8822;06-Jan-2013

Deutsche Mutual Fund
116363;DWS Insta Cash Plus Fund - Annual Dividend Option;INF223J01IP1;INF223J01IQ9;102.7813;102.7813;102.7813;06-Jan-2013
106468;DWS INSTA CASH PLUS FUND - BONUS OPTION;INF223J01BQ4;;102.1857;102.1857;102.1857;06-Jan-2013
118998;DWS Insta Cash Plus Fund - Direct Plan - Daily Dividend;;INF223J01NR7;100.3040;100.3040;100.3040;06-Jan-2013
119000;DWS Insta Cash Plus Fund - Direct Plan - Growth;INF223J01NS5;;149.4747;149.4747;149.4747;06-Jan-2013
106470;DWS Insta Cash Plus Fund - Monthly Dividend;INF223J01BR2;INF223J01BS0;102.2019;102.2019;102.2019;06-Jan-2013
105672;DWS INSTA CASH PLUS FUND - Regular Plan BONUS OPTION;INF223J01BH3;;10.0286;10.0286;10.0286;06-Jan-2013
106472;DWS Insta Cash Plus Fund - Weekly Dividend;INF223J01BT8;INF223J01BU6;100.5502;100.5502;100.5502;06-Jan-2013
106471;DWS Insta Cash Plus Fund -Growth;INF223J01BP6;;149.4740;149.4740;149.4740;06-Jan-2013
106467;DWS Insta Cash Plus Fund-Daily Dividend;;INF223J01BO9;100.3040;100.3040;100.3040;06-Jan-2013
101718;DWS Insta Cash Plus Fund-DIVIDEND-Daily Dividend;;INF223J01BI1;10.3010;10.3010;10.3010;06-Jan-2013
101717;DWS Insta Cash Plus Fund-DIVIDEND-MONTHLY DIVIDEND;INF223J01BK7;INF223J01BL5;10.1648;10.1648;10.1648;06-Jan-2013
101716;DWS Insta Cash Plus Fund-DIVIDEND-WEEKLY DIVIDEND;INF223J01BM3;INF223J01BN1;10.3567;10.3567;10.3567;06-Jan-2013
101719;DWS Insta Cash Plus Fund-Growth-GROWTH;INF223J01BJ9;;18.9967;18.9967;18.9967;06-Jan-2013
101722;DWS Insta Cash Plus Fund-Institutional Plan-Daily Dividend;;INF223J01BA8;10.0516;10.0516;10.0516;06-Jan-2013
101720;DWS Insta Cash Plus Fund-Institutional Plan-Dividend;INF223J01BE0;INF223J01BD2;10.5165;10.5165;10.5165;06-Jan-2013
101721;DWS Insta Cash Plus Fund-Institutional Plan-Growth;INF223J01BB6;;18.0206;18.0206;18.0206;06-Jan-2013
116368;DWS Insta CashPlus Fund - Quarterly Dividend Option;INF223J01IN6;INF223J01IO4;102.1982;102.1982;102.1982;06-Jan-2013
116370;DWS Treasury Fund - Cash Plan - Annual Dividend;INF223J01SF1;INF223J01SG9;108.6696;108.6696;108.6696;06-Jan-2013
114966;DWS Treasury Fund - Cash Plan - Bonus;INF223J01SA2;;115.6696;115.6696;115.6696;06-Jan-2013
112228;DWS Treasury Fund - Cash Plan - Daily Dividend;;INF223J01SB0;100.3910;100.3910;100.3910;06-Jan-2013
119008;DWS Treasury Fund - Cash Plan - Direct Plan - Daily Dividend;;INF223J01PH3;100.3910;100.3910;100.3910;06-Jan-2013
119009;DWS Treasury Fund - Cash Plan - Direct Plan - Growth;INF223J01PI1;;124.1415;124.1415;124.1415;06-Jan-2013
112221;DWS Treasury Fund - Cash Plan - Growth;INF223J01SC8;;124.1397;124.1397;124.1397;06-Jan-2013
112227;DWS Treasury Fund - Cash Plan - Institiutional - Daily Dividend;;INF223J01DZ1;100.4970;100.4970;100.4970;06-Jan-2013
112222;DWS Treasury Fund - Cash Plan - Institiutional - Growth;INF223J01EA2;;128.4392;128.4392;128.4392;06-Jan-2013
112963;DWS Treasury Fund - Cash Plan - Institiutional - Monthly Dividend;INF223J01ED6;INF223J01EE4;102.8898;102.8898;102.8898;06-Jan-2013
112965;DWS Treasury Fund - Cash Plan - Monthly Dividend;INF223J01RW8;INF223J01RX6;101.5579;101.5579;101.5579;06-Jan-2013
116391;DWS Treasury Fund - Cash Plan - Quarterly Dividend;INF223J01SD6;INF223J01SE4;108.4650;108.4650;108.4650;06-Jan-2013
112964;DWS Treasury Fund - Cash Plan - Weekly Dividend;INF223J01RY4;INF223J01RZ1;107.8264;107.8264;107.8264;06-Jan-2013

Edelweiss Mutual Fund
109935;Edelweiss Liquid Fund - Daily Dividend Option;;INF754K01BG7;1000.0223;1000.0223;1000.0223;06-Jan-2013
109946;Edelweiss Liquid Fund - Growth Option;INF754K01BC6;;1137.1944;1137.1944;1137.1944;06-Jan-2013
109941;Edelweiss Liquid Fund - Institutional Plan - Daily Dividend Option;;INF754K01AZ9;1000.0223;1000.0223;1000.0223;06-Jan-2013
109945;Edelweiss Liquid Fund - Institutional Plan - Growth Option;INF754K01AV8;;1057.7412;1057.7412;1057.7412;06-Jan-2013
109944;Edelweiss Liquid Fund - Monthly Dividend Option;INF754K01BD4;INF754K01BF9;1001.1759;1001.1759;1001.1759;06-Jan-2013
109934;Edelweiss Liquid Fund - Retail Plan - Daily Dividend Option;;INF754K01AS4;1000.0225;1000.0225;1000.0225;06-Jan-2013
109940;Edelweiss Liquid Fund - Retail Plan - Growth Option;INF754K01AO3;;1314.0543;1314.0543;1314.0543;06-Jan-2013
109939;Edelweiss Liquid Fund - Retail Plan - Monthly Dividend Option;INF754K01AP0;INF754K01AR6;1001.0396;1001.0396;1001.0396;06-Jan-2013
109937;Edelweiss Liquid Fund - Retail Plan - Weekly Dividend Option;;INF754K01AT2;1000.2205;1000.2205;1000.2205;06-Jan-2013
109942;Edelweiss Liquid Fund - Weekly Dividend Option;;INF754K01BH5;1000.2440;1000.2440;1000.2440;06-Jan-2013

ING Mutual Fund
119935;ING Liquid Fund - Super Institutional Plan - Direct Plan - Growth Option;INF084M01BY8;;17.1209;17.1209;17.1209;06-Jan-2013
119933;ING Liquid Fund - Super Institutional Plan - Direct Plan- Daily Dividend Option;;INF084M01BZ5;10.0048;10.0048;10.0048;06-Jan-2013
119934;ING Liquid Fund - Super Institutional Plan - Direct Plan- Weekly Dividend Option;INF084M01CB4;INF084M01CA6;10.0155;10.0155;10.0155;06-Jan-2013
100198;ING Liquid Fund-Institutional Daily Dividend Option;INF084M01473;;10.0121;10.0121;10.0121;06-Jan-2013
100196;ING Liquid Fund-Institutional Growth Option;INF084M01465;;17.9081;17.9081;17.9081;06-Jan-2013
100197;ING Liquid Fund-Institutional Weekly Dividend Option;INF084M01499;INF084M01481;10.0683;10.0683;10.0683;06-Jan-2013
100192;ING Liquid Fund-Regular Daily Dividend Option;INF084M01432;;10.7873;10.7873;10.7873;06-Jan-2013
100190;ING Liquid Fund-Regular Growth Option;INF084M01424;;23.7717;23.7717;23.7717;06-Jan-2013
100191;ING Liquid Fund-Regular Weekly Dividend Option;INF084M01457;INF084M01440;10.8389;10.8389;10.8389;06-Jan-2013
100200;ING Liquid Fund-Super Institutional Daily Dividend Option;INF084M01515;;10.0048;10.0048;10.0048;06-Jan-2013
100199;ING Liquid Fund-Super Institutional Growth Option;INF084M01507;;17.1203;17.1203;17.1203;06-Jan-2013
100201;ING Liquid Fund-Super Institutional Weekly Dividend Option;INF084M01531;INF084M01523;10.0151;10.0151;10.0151;06-Jan-2013

Invesco Mutual Fund
106502;Religare Invesco Overnight Fund - Daily Dividend Reinvestment;;INF205K01HS2;1000.0048;1000.0048;1000.0048;06-Jan-2013
120556;Religare Invesco Overnight Fund - Direct Plan - Daily Dividend Reinvestment;;INF205K01NC4;1000.0048;1000.0048;1000.0048;06-Jan-2013
120557;Religare Invesco Overnight Fund - Direct Plan - Growth;INF205K01ND2;;1345.1572;1345.1572;1345.1572;06-Jan-2013
106501;Religare Invesco Overnight Fund - Growth;INF205K01HR4;;1344.8409;1344.8409;1344.8409;06-Jan-2013

JM Financial Mutual Fund
120414;JM Floater Short Term Fund (Direct) - Daily Dividend Option;;INF192K01CF0;10.0883;10.0883;10.0883;06-Jan-2013
120415;JM Floater Short Term Fund (Direct) - Growth Option;INF192K01CG8;;18.0746;18.0746;18.0746;06-Jan-2013
101420;JM Floater Short Term Fund - Daily Dividend Option;;INF192K01767;10.0883;10.0883;10.0883;06-Jan-2013
101421;JM Floater Short Term Fund - Growth Option;INF192K01775;;18.0746;18.0746;18.0746;06-Jan-2013

JPMorgan Mutual Fund
119902;JPMorgan India Liquid Fund - Direct Plan - Daily Dividend Option;;INF843K01BA1;10.0079;10.0079;10.0079;06-Jan-2013
119905;JPMorgan India Liquid Fund - Direct Plan - Growth Option;INF843K01AX5;;14.9113;14.9113;14.9113;06-Jan-2013
106562;JPMorgan India Liquid Fund - Retail Plan - Daily Dividend Option;;INF843K01203;10.0150;10.0150;10.0150;06-Jan-2013
106561;JPMorgan India Liquid Fund - Retail Plan - Growth Option;INF843K01195;;13.6387;13.6387;13.6387;06-Jan-2013
109179;JPMorgan India Liquid Fund - Retail Plan - Monthly Dividend Option;;INF843K01237;10.0401;10.0401;10.0401;06-Jan-2013
109177;JPMorgan India Liquid Fund - Retail Plan - Weekly Dividend Option;;INF843K01211;10.0263;10.0263;10.0263;06-Jan-2013
117751;JPMorgan India Liquid Fund - Super Institutional Plan - Annual Dividend Option;INF843K01831;INF843K01823;10.3127;10.3127;10.3127;06-Jan-2013
117752;JPMorgan India Liquid Fund - Super Institutional Plan - Bonus Option;INF843K01849;;10.3127;10.3127;10.3127;06-Jan-2013
110149;JPMorgan India Liquid Fund - Super Institutional Plan - Daily Dividend Option;;INF843K01153;10.0079;10.0079;10.0079;06-Jan-2013
110152;JPMorgan India Liquid Fund - Super Institutional Plan - Fortnightly Dividend Option;INF843K01492;INF843K01179;10.1538;10.1538;10.1538;06-Jan-2013
110150;JPMorgan India Liquid Fund - Super Institutional Plan - Growth Option;INF843K01146;;14.9110;14.9110;14.9110;06-Jan-2013
110151;JPMorgan India Liquid Fund - Super Institutional Plan - Monthly Dividend Option;INF843K01500;INF843K01187;10.0584;10.0584;10.0584;06-Jan-2013
110153;JPMorgan India Liquid Fund - Super Institutional Plan - Weekly Dividend Option;INF843K01484;INF843K01161;10.1443;10.1443;10.1443;06-Jan-2013

L&T Mutual Fund
112468;L&T Liquid Fund - Regular Weekly Dividend;;INF917K01BE5;1200.2030;1200.2030;1200.2030;06-Jan-2013

Mirae Asset Mutual Fund
107659;Mirae Asset Liquid Fund- Institutional Plan - Growth;INF769K01648;;1019.5711;1019.5711;1019.5711;06-Jan-2013
107656;Mirae Asset Liquid Fund- Institutional Plan - Monthly Dividend;INF769K01705;INF769K01697;1009.5547;1009.5547;1009.5547;06-Jan-2013
107658;Mirae Asset Liquid Fund- Institutional Plan - Weekly Dividend;;INF769K01689;1002.9986;1002.9986;1002.9986;06-Jan-2013
107646;Mirae Asset Liquid Fund- Regular Plan - Daily Dividend;;INF769K01606;1122.5615;1122.5615;1122.5615;06-Jan-2013
107648;Mirae Asset Liquid Fund- Regular Plan - Growth;INF769K01572;;1178.9424;1178.9424;1178.9424;06-Jan-2013
107649;Mirae Asset Liquid Fund- Regular Plan - Monthly Dividend;INF769K01630;INF769K01622;1036.7354;1036.7354;1036.7354;06-Jan-2013
107647;Mirae Asset Liquid Fund- Regular Plan - Weekly Dividend;;INF769K01614;1125.3312;1125.3312;1125.3312;06-Jan-2013

Morgan Stanley Mutual Fund
119197;Morgan Stanley Liquid Fund - Direct Daily Dividend;;INF063A01563;1000.4971;1000.4971;1000.4971;06-Jan-2013
119173;Morgan Stanley Liquid Fund - Direct Growth Plan;INF063A01555;;1129.7002;1129.7002;1129.7002;06-Jan-2013
119200;Morgan Stanley Liquid Fund - Direct Monthly Dividend;INF063A01597;INF063A01589;1003.7351;1003.7351;1003.7351;06-Jan-2013
119198;Morgan Stanley Liquid Fund - Direct Weekly Dividend;INF063A01571;;1001.1852;1001.1852;1001.1852;06-Jan-2013
115812;MS Liquid Fund - Regular- Growth;INF063A01274;;1129.6897;1129.6897;1129.6897;06-Jan-2013
115814;MS Liquid Fund - Regular- Weekly Dividend Plan;;INF063A01290;1001.1824;1001.1824;1001.1824;06-Jan-2013
115813;MS Liquid Fund- Regular Daily Dividend Plan;;INF063A01282;1000.4971;1000.4971;1000.4971;06-Jan-2013
115815;MS Liquid Fund- Regular Monthly Dividend Plan;INF063A01316;INF063A01308;1003.7257;1003.7257;1003.7257;06-Jan-2013

PGIM India Mutual Fund
120102;DHFL Pramerica Liquid Fund - Direct Plan-Daily Dividend Option;;INF663L01633;1000.2480;1000.2480;1000.2480;06-Jan-2013
120104;DHFL Pramerica Liquid Fund - Direct Plan-Growth Option;INF663L01625;;1227.7340;1227.7340;1227.7340;06-Jan-2013
120106;DHFL Pramerica Liquid Fund - Direct Plan-Weekly Dividend - Option;;INF663L01641;1001.1891;1001.1891;1001.1891;06-Jan-2013
113184;DHFL Pramerica Liquid Fund - Dividend Option - Daily;;INF663L01088;1000.2500;1000.2500;1000.2500;06-Jan-2013
113187;DHFL Pramerica Liquid Fund - Dividend Option - Fortnightly;INF663L01120;INF663L01104;1002.6400;1002.6400;1002.6400;06-Jan-2013
113186;DHFL Pramerica Liquid Fund - Dividend Option - Monthly;INF663L01138;INF663L01112;1002.5989;1002.5989;1002.5989;06-Jan-2013
113183;DHFL Pramerica Liquid Fund - Growth Option;INF663L01070;;1227.7203;1227.7203;1227.7203;06-Jan-2013
113185;DHFL Pramerica Liquid Fund -Dividend Option- Weekly;;INF663L01096;1001.1834;1001.1834;1001.1834;06-Jan-2013

PineBridge Mutual Fund
106518;PineBridge India Liquid Fund- Standard Plan-Bonus Option;;INF178L01707;1014.3930;1014.3930;1014.3930;06-Jan-2013
106513;PineBridge India Liquid Fund- Standard Plan-Daily Dividend Option;;INF178L01699;1001.0000;1001.0000;1001.0000;06-Jan-2013
106508;PineBridge India Liquid Fund- Standard Plan-Growth Option;INF178L01715;;1458.9220;1458.9220;1458.9220;06-Jan-2013
106519;PineBridge India Liquid Fund- Standard Plan-Monthly Dividend Option;INF178L01723;INF178L01731;1003.3073;1003.3073;1003.3073;06-Jan-2013
106520;PineBridge India Liquid Fund- Standard Plan-Quarterly Dividend Option;INF178L01749;INF178L01756;1002.3000;1002.3000;1002.3000;06-Jan-2013
106509;PineBridge India Liquid Fund- Standard Plan-Weekly Dividend Option;;INF178L01764;1002.2445;1002.2445;1002.2445;06-Jan-2013
106506;PineBridge India Liquid Fund-Institutional Plan-Daily Dividend Option;;INF178L01616;1001.0000;1001.0000;1001.0000;06-Jan-2013
106511;PineBridge India Liquid Fund-Institutional Plan-Growth Option;INF178L01632;;1451.2097;1451.2097;1451.2097;06-Jan-2013
106507;PineBridge India Liquid Fund-Institutional Plan-Weekly Dividend Option;;INF178L01681;1002.2297;1002.2297;1002.2297;06-Jan-2013
106503;PineBridge India Liquid Fund-Retail Plan-DailyDividend Option;;INF178L01533;1001.0000;1001.0000;1001.0000;06-Jan-2013
106514;PineBridge India Liquid Fund-Retail Plan-Growth Option;INF178L01558;;1428.0666;1428.0666;1428.0666;06-Jan-2013
106504;PineBridge India Liquid Fund-Retail Plan-Monthly Dividend Option;INF178L01566;INF178L01574;1003.1868;1003.1868;1003.1868;06-Jan-2013
106510;PineBridge India Liquid Fund-Retail Plan-Weekly Dividend Option;;INF178L01608;1002.1810;1002.1810;1002.1810;06-Jan-2013

Sahara Mutual Fund
101397;Sahara Liquid Fund-Fixed Pricing -  Weekly Dividend Option;;INF515L01064;1027.4373;1027.4373;1027.4373;06-Jan-2013
101393;Sahara Liquid Fund-Fixed Pricing - Daily Dividend Option;;INF515L01049;1029.9695;1029.9695;1029.9695;06-Jan-2013
120265;Sahara Liquid Fund-Fixed Pricing - Direct - Weekly Dividend Option;;INF515L01668;1027.4373;1027.4373;1027.4373;06-Jan-2013
120262;Sahara Liquid Fund-Fixed Pricing - Direct -Growth option;INF515L01650;;2079.5085;2079.5085;2079.5085;06-Jan-2013
101394;Sahara Liquid Fund-Fixed Pricing - Growth option;INF515L01056;;2079.5085;2079.5085;2079.5085;06-Jan-2013
101398;Sahara Liquid Fund-Fixed Pricing - Monthly Dividend Option;;INF515L01072;1029.7776;1029.7776;1029.7776;06-Jan-2013
120253;Sahara Liquid Fund-Fixed Pricing -Direct - Daily Dividend Option- Direct;;INF515L01643;1029.9695;1029.9695;1029.9695;06-Jan-2013
120266;Sahara Liquid Fund-Fixed Pricing -Direct - Monthly Dividend Option;;INF515L01676;1029.7776;1029.7776;1029.7776;06-Jan-2013
101399;Sahara Liquid Fund-Variable Pricing - Daily Dividend option;;INF515L01080;1029.9827;1029.9827;1029.9827;06-Jan-2013
101402;Sahara Liquid Fund-Variable Pricing - Growth option;INF515L01114;;2097.6931;2097.6931;2097.6931;06-Jan-2013
101400;Sahara Liquid Fund-Variable Pricing - Weekly Dividend Option;;INF515L01098;1032.1986;1032.1986;1032.1986;06-Jan-2013
120271;Sahara Liquid Fund-Variable Pricing -Direct - Daily Dividend option;;INF515L01684;1029.9827;1029.9827;1029.9827;06-Jan-2013
120280;Sahara Liquid Fund-Variable Pricing -Direct - Growth option;INF515L01718;;2097.6955;2097.6955;2097.6955;06-Jan-2013
120272;Sahara Liquid Fund-Variable Pricing -Direct - Weekly Dividend Option;;INF515L01692;1032.1986;1032.1986;1032.1986;06-Jan-2013
120273;Sahara Liquid Fund-Variable Pricing- Direct - Monthly Dividend Option;;INF515L01700;1034.2579;1034.2579;1034.2579;06-Jan-2013
101401;Sahara Liquid Fund-Variable Pricing- Monthly Dividend Option;;INF515L01106;1034.2579;1034.2579;1034.2579;06-Jan-2013

Tata Mutual Fund
101987;Tata Liquid Fund Reglar Plan - Monthly Dividend;INF277K01LR5;INF277K01LS3;1001.4025;1001.4025;1001.4025;06-Jan-2013
101861;Tata Liquid Fund-Regular Plan  - Weekly Dividend;INF277K016C5;;1001.8334;1001.8334;1001.8334;06-Jan-2013
101984;Tata Liquid High Investment Plan - Daily;;;1114.3379;1114.3379;1114.3379;06-Jan-2013
101860;Tata Liquid High Investment Plan - Growth;INF277K01LN4;;1889.4806;1889.4806;1889.4806;06-Jan-2013
101985;Tata Liquid High Investment Plan - Monthly;INF277K01LO2;INF277K01LP9;1020.9865;1020.9865;1020.9865;06-Jan-2013
101859;Tata Liquid High Investment Plan - Weekly;;;1147.7851;1147.7851;1147.7851;06-Jan-2013
101982;Tata Liquid Retail Investment PLan - Daily;;;1116.8143;1116.8143;1116.8143;06-Jan-2013
101983;Tata Liquid Retail Investment Plan - Fortnightly;;;1146.5042;1146.5042;1146.5042;06-Jan-2013
101858;Tata Liquid Retail Investment Plan - Growth;INF277K01LM6;;2597.2477;2597.2477;2597.2477;06-Jan-2013
103631;Tata Liquidity Management Fund - Regular Plan - Daily Dividend;;;1002.6089;1000.1024;1002.6089;06-Jan-2013
103632;Tata Liquidity Management Fund - Regular Plan - Growth;INF277K01LW5;;1554.9674;1551.0800;1554.9674;06-Jan-2013
103519;Tata Liquidity Management Fund - Regular Plan  -Weekly Dividend;;;1006.6376;1004.1210;1006.6376;06-Jan-2013

Open Ended Schemes ( Money Market )


Tata Mutual Fund
102152;Tata Money Market Fund Regular (Bonus / Dividend);;;10.1595;10.1595;10.1595;06-Jan-2013
102153;Tata Money Market Fund Regular (Growth);INF277K01LY1;;18.1922;18.1922;18.1922;06-Jan-2013

Open Ended Schemes ( Debt Scheme - Overnight Fund )


HDFC Mutual Fund
119109;HDFC Overnight Fund - Daily IDCW Option - Direct Plan;;INF179KB1HY1;10.4266;10.4266;10.4266;06-Jan-2013
101996;HDFC Overnight Fund - Growth Option;INF179KB1HS3;;18.4674;18.4674;18.4674;06-Jan-2013
119110;HDFC Overnight Fund - Growth Option - Direct Plan;INF179KB1HT1;;18.4675;18.4675;18.4675;06-Jan-2013
101997;HDFC Overnight Fund - IDCW Option (Daily);;INF179KB1IF8;10.4266;10.4266;10.4266;06-Jan-2013

L&T Mutual Fund
118060;L&T Cash Fund - Institutional Plan - Daily Dividend Option;;;10.0025;10.0025;10.0025;06-Jan-2013
118059;L&T Cash Fund - Institutional Plan - Growth Option;INF677K01AP3;;15.5093;15.5093;15.5093;06-Jan-2013
118061;L&T Cash Fund - Institutional Plan - Weekly Dividend Option;;;10.3100;10.3100;10.3100;06-Jan-2013
118057;L&T Cash Fund - Retail Plan - Daily Dividend option;;;10.0025;10.0025;10.0025;06-Jan-2013
118055;L&T Cash Fund - Retail Plan - Growth option;INF677K01AK4;;15.1375;15.1375;15.1375;06-Jan-2013
118062;L&T Cash Fund - Retail Plan - Monthly Dividend Option;INF677K01AN8;INF677K01AO6;10.0382;10.0382;10.0382;06-Jan-2013
118064;L&T Cash Fund - Retail Plan - Weekly Dividend Option;;;10.0137;10.0137;10.0137;06-Jan-2013
118066;L&T Overnight Fund  - Regular Plan - Monthly IDCW;INF917K01EL4;INF917K01EM2;10.0387;10.0387;10.0387;06-Jan-2013
119283;L&T Overnight Fund - Direct Plan - Growth;INF917K01EN0;;15.6430;15.6430;15.6430;06-Jan-2013
119284;L&T Overnight Fund - Direct Plan- Daily IDCW;;INF917K01EO8;10.2330;10.2330;10.2330;06-Jan-2013
119282;L&T Overnight Fund - Direct Plan- Monthly IDCW;INF917K01ER1;;10.0388;10.0388;10.0388;06-Jan-2013
119285;L&T Overnight Fund - Direct Plan- Weekly IDCW;;INF917K01EP5;10.0139;10.0139;10.0139;06-Jan-2013
118056;L&T Overnight Fund - Regular Plan - Daily IDCW;;INF917K01EJ8;10.2330;10.2330;10.2330;06-Jan-2013
118058;L&T Overnight Fund - Regular Plan - Growth;INF917K01EI0;;15.6429;15.6429;15.6429;06-Jan-2013
118065;L&T Overnight Fund - Regular Plan - Weekly IDCW;;INF917K01EK6;10.0138;10.0138;10.0138;06-Jan-2013

SBI Mutual Fund
119831;SBI Overnight Fund - Direct Plan - Daily Income Distribution cum Capital Withdrawal Option (IDCW);;INF200K01TJ7;1009.9100;1009.9100;1009.9100;06-Jan-2013
119833;SBI OVERNIGHT FUND - DIRECT PLAN - GROWTH;INF200K01TK5;;1976.4742;1976.4742;1976.4742;06-Jan-2013
119832;SBI Overnight Fund - Direct Plan - Weekly Income Distribution cum Capital Withdrawal Option (IDCW);INF200K01TL3;INF200K01TM1;N.A.;N.A.;N.A.;06-Jan-2013
114297;SBI Overnight Fund - Regular Plan - Daily Income Distribution cum Capital Withdrawal Option (IDCW);;INF200K01LN6;1009.9100;1009.9100;1009.9100;06-Jan-2013
101206;SBI OVERNIGHT FUND - REGULAR PLAN - GROWTH;INF200K01LQ9;;1976.4368;1976.4368;1976.4368;06-Jan-2013
103140;SBI Overnight Fund - Regular Plan - Weekly Income Distribution cum Capital Withdrawal Option (IDCW);INF200K01LO4;INF200K01LP1;1031.4159;1031.4159;1031.4159;06-Jan-2013

Open Ended Schemes ( Debt Scheme - Liquid Fund )


Aditya Birla Sun Life Mutual Fund
100047;Aditya Birla Sun Life Liquid Fund - Growth;INF209K01RU9;;184.2373;184.2373;184.2373;06-Jan-2013
119568;Aditya Birla Sun Life Liquid Fund - Growth - Direct Plan;INF209K01VA3;;184.2388;184.2388;184.2388;06-Jan-2013
100046;Aditya Birla Sun Life Liquid Fund -Daily IDCW;INF209K01KQ2;INF209K01SQ5;100.1950;100.1950;100.1950;06-Jan-2013
119569;Aditya Birla Sun Life Liquid Fund -Direct - daily IDCW;INF209K01UZ2;;100.1950;100.1950;100.1950;06-Jan-2013
119570;Aditya Birla Sun Life Liquid Fund -Direct - weekly IDCW;INF209K01VC9;;100.2713;100.2713;100.2713;06-Jan-2013
100041;Aditya Birla Sun Life Liquid Fund -Institutional - IDCW;;INF209K01KN9;108.0230;108.0230;108.0230;06-Jan-2013
100048;Aditya Birla Sun Life Liquid Fund -Institutional - weekly  IDCW;INF209KA1LK7;INF209K01KY6;108.1161;108.1161;108.1161;06-Jan-2013
100044;Aditya Birla Sun Life Liquid Fund -Retail - IDCW;;INF209K01KP4;163.6940;163.6940;163.6940;06-Jan-2013
100051;Aditya Birla Sun Life Liquid Fund -weekly IDCW;INF209K01KU4;INF209KA1LJ9;100.2710;100.2710;100.2710;06-Jan-2013
112014;Aditya Birla Sun Life Liquid Fund- Discipline Advantage Plan;INF209K01KZ3;;124.9636;124.9636;124.9636;06-Jan-2013
100043;Aditya Birla Sun Life Liquid Fund-Institutional (Growth);INF209K01RT1;;307.9540;307.9540;307.9540;06-Jan-2013
100042;Aditya Birla Sun Life Liquid Fund-Retail (Growth);INF209K01ME4;;300.8910;300.8910;300.8910;06-Jan-2013

Axis Mutual Fund
120388;Axis Liquid Fund - Direct Plan - Daily IDCW;;INF846K01DA0;1000.1107;1000.1107;1000.1107;06-Jan-2013
120389;Axis Liquid Fund - Direct Plan - Growth Option;INF846K01CX4;;1274.7613;1274.7613;1274.7613;06-Jan-2013
112211;Axis Liquid Fund - Regular Plan - Daily IDCW;;INF846K01420;1000.1107;1000.1107;1000.1107;06-Jan-2013
112210;Axis Liquid Fund - Regular Plan - Growth Option;INF846K01412;;1274.7509;1274.7509;1274.7509;06-Jan-2013
112213;Axis Liquid Fund - Regular Plan - Monthly IDCW;INF846K01453;INF846K01461;1002.6288;1002.6288;1002.6288;06-Jan-2013
112212;Axis Liquid Fund - Regular Plan - Weekly IDCW;INF846K01438;INF846K01446;1003.4966;1003.4966;1003.4966;06-Jan-2013
112712;Axis Liquid Fund - Retail Plan - Daily IDCW;;INF846K01362;1000.1107;1000.1107;1000.1107;06-Jan-2013
112713;Axis Liquid Fund - Retail Plan - Growth Option;INF846K01354;;1243.6051;1243.6051;1243.6051;06-Jan-2013
112714;Axis Liquid Fund - Retail Plan - Monthly IDCW;INF846K01396;INF846K01404;1002.5080;1002.5080;1002.5080;06-Jan-2013
112715;Axis Liquid Fund - Retail Plan - Weekly IDCW;INF846K01370;INF846K01388;1001.4472;1001.4472;1001.4472;06-Jan-2013

Bandhan Mutual Fund
108692;BANDHAN LIQUID Fund - Regular Plan - Daily IDCW;INF194K01VZ4;INF194K01VY7;1000.2500;1000.2500;1000.2500;06-Jan-2013
108690;BANDHAN LIQUID Fund - Regular Plan - Growth;INF194K01VX9;;1398.4736;1398.4736;1398.4736;06-Jan-2013
108693;BANDHAN LIQUID Fund - Regular Plan - Monthly IDCW;INF194K01WF4;INF194K01WE7;1002.1895;1002.1895;1002.1895;06-Jan-2013
115489;BANDHAN LIQUID Fund - Regular Plan - Periodic IDCW;INF194K01WC1;INF194K01WB3;1102.0024;1102.0024;1102.0024;06-Jan-2013
108691;BANDHAN LIQUID Fund - Regular Plan - Weekly IDCW;INF194K01WI8;INF194K01WH0;1000.5610;1000.5610;1000.5610;06-Jan-2013
118367;BANDHAN LIQUID Fund -Direct Plan -Weekly IDCW;INF194KB1JT8;INF194K01J51;1001.2680;1001.2680;1001.2680;06-Jan-2013
118366;BANDHAN LIQUID Fund -Direct Plan-Daily IDCW;;INF194K01I78;1000.2500;1000.2500;1000.2500;06-Jan-2013
118364;BANDHAN LIQUID Fund -Direct Plan-Growth;INF194K01I60;;1398.4828;1398.4828;1398.4828;06-Jan-2013
108779;BANDHAN Liquid Fund-Plan A-Dividend (Daily);INF194K01VC3;INF194K01VB5;1058.1900;1058.1900;1058.1900;06-Jan-2013
108778;BANDHAN Liquid Fund-Plan A-Growth;INF194K01UX1;;2022.2505;2022.2505;2022.2505;06-Jan-2013
115486;BANDHAN Liquid Fund-Plan A-Monthly;INF194K01VF6;INF194K01VE9;1002.0299;1002.0299;1002.0299;06-Jan-2013
115487;BANDHAN Liquid Fund-Plan A-Periodic Dividend;INF194K01UZ6;INF194K01UY9;1095.1814;1095.1814;1095.1814;06-Jan-2013
108607;BANDHAN Liquid Fund - Plan A-Dividend (Weekly);INF194K01VI0;INF194K01VH2;1001.4347;1001.4347;1001.4347;06-Jan-2013
108781;BANDHAN Liquid Fund - Plan B (G) (Institutional Plan);INF194K01VK6;;2042.9382;2042.9382;2042.9382;06-Jan-2013
108629;BANDHAN Liquid Fund - Plan B - Dividend-Weekly;INF194K01VS9;INF194K01VR1;1000.5303;1000.5303;1000.5303;06-Jan-2013
108681;BANDHAN Liquid Fund - Plan B-Daily-Dividend(Institutional Plan);INF194K01VM2;INF194K01VL4;1058.7300;1058.7300;1058.7300;06-Jan-2013

Bank of India Mutual Fund
119368;BANK OF INDIA Liquid Fund- Direct Plan- Daily IDCW;;INF761K01CL0;1000.0633;1000.0633;1000.0633;06-Jan-2013
119369;BANK OF INDIA Liquid Fund- Direct Plan- Growth;INF761K01785;;1324.0106;1324.0106;1324.0106;06-Jan-2013
109257;BANK OF INDIA Liquid Fund- Institutional Plan- Daily Dividend;;;1000.0148;1000.0148;0.0000;06-Jan-2013
109256;BANK OF INDIA Liquid Fund- Institutional Plan-Growth;INF761K01314;;1343.6863;1343.6863;0.0000;06-Jan-2013
111971;BANK OF INDIA Liquid Fund- Regular Plan- Daily IDCW;;INF761K01CO4;1000.0487;1000.0487;1000.0487;06-Jan-2013
109254;BANK OF INDIA Liquid Fund- Regular Plan- Growth;INF761K01306;;1323.9958;1323.9958;1323.9958;06-Jan-2013
109255;BANK OF INDIA Liquid Fund- Regular Plan- Weekly IDCW;;INF761K01CP1;1001.4379;1001.4379;1001.4379;06-Jan-2013
109262;BANK OF INDIA Liquid Fund-Institutional Plan-Weekly Dividend;;;1001.4430;1001.4430;0.0000;06-Jan-2013

Baroda BNP Paribas Mutual Fund
119414;Baroda BNP Paribas LIQUID FUND - DIRECT PLAN - DAILY IDCW OPTION;INF955L01AK2;;1000.6300;1000.6300;1000.6300;06-Jan-2013
119415;Baroda BNP Paribas LIQUID FUND - DIRECT PLAN - GROWTH OPTION;INF955L01AL0;;1318.0590;1318.0590;1318.0590;06-Jan-2013
111707;Baroda BNP Paribas LIQUID FUND - Regular Plan - DAILY IDCW OPTION;INF955L01468;INF955L01476;1000.6300;1000.6300;1000.6300;06-Jan-2013
111704;Baroda BNP Paribas LIQUID FUND - Regular Plan - GROWTH OPTION;INF955L01484;;1318.0510;1318.0510;1318.0510;06-Jan-2013
101408;Baroda BNP Paribas LIQUID FUND- Defunct Plan -Growth Option;INF955L01575;;1996.0082;1996.0082;1996.0082;06-Jan-2013
101407;Baroda BNP Paribas LIQUID FUND-Defunct Plan- IDCW Option;INF955L01559;INF955L01567;1710.0801;1710.0801;1710.0801;06-Jan-2013
101409;Baroda BNP Paribas LIQUID FUND-Defunct Plan-Daily IDCW Option;INF955L01518;INF955L01526;1006.0600;1006.0600;1006.0600;06-Jan-2013
111706;BARODA LIQUID FUND PLAN A - MONTHLY IDCW OPTION;;;1003.2074;1003.2074;1003.2074;06-Jan-2013

BNP Paribas Mutual Fund
117941;BNP PARIBAS LIQUID FUND  GROWTH OPTION;INF251K01CM0;;17.6972;17.6972;17.6972;06-Jan-2013
117940;BNP PARIBAS LIQUID FUND  MONTHLY DIVIDEND OPTION;INF251K01CP3;INF251K01CQ1;10.0220;10.0220;10.0220;06-Jan-2013
117942;BNP PARIBAS LIQUID FUND  WEEKLY DIVIDEND OPTION;;INF251K01CO6;10.0083;10.0083;10.0083;06-Jan-2013
120122;BNP Paribas LIQUID Fund - Direct Plan - Daily Dividend Option;;INF251K01FY8;10.0030;10.0030;10.0030;06-Jan-2013
120123;BNP Paribas LIQUID Fund - Direct Plan - Growth Option;;INF251K01FX0;17.6974;17.6974;17.6974;06-Jan-2013
120124;BNP Paribas LIQUID Fund - Direct Plan - Monthly Dividend Option;INF251K01GA6;INF251K01GB4;10.0220;10.0220;10.0220;06-Jan-2013
117943;BNP PARIBAS LIQUID FUND DAILY DIVIDEND OPTION;;INF251K01CN8;10.0030;10.0030;10.0030;06-Jan-2013
113640;BNP PARIBAS LIQUID Fund-Regular Plan-Growth Option;INF251K01CI8;;17.0391;17.0391;17.0391;06-Jan-2013
113632;BNP PARIBAS LIQUID Fund-Regular Plan-Monthly Dividend;INF251K01CK4;INF251K01CL2;10.0192;10.0192;10.0192;06-Jan-2013
113637;BNP PARIBAS LIQUID Fund-Regular Plan-Weekly Dividend Option;;INF251K01CJ6;10.0075;10.0075;10.0075;06-Jan-2013

Canara Robeco Mutual Fund
118307;CANARA ROBECO LIQUID FUND - DIRECT PLAN - DAILY IDCW (Reinvestment);;INF760K01FS0;1005.5000;1005.5000;1005.5000;06-Jan-2013
118305;CANARA ROBECO LIQUID FUND - DIRECT PLAN - GROWTH OPTION;INF760K01FU6;;1398.7487;1398.7487;1398.7487;06-Jan-2013
118304;CANARA ROBECO LIQUID FUND - DIRECT PLAN - IDCW (Payout/Reinvestment);INF760K01FT8;;1001.4176;1001.4176;1001.4176;06-Jan-2013
118306;CANARA ROBECO LIQUID FUND - DIRECT PLAN - MONTHLY IDCW (Payout/Reinvestment);INF760K01FV4;INF760K01FW2;1002.5967;1002.5967;1002.5967;06-Jan-2013
118308;CANARA ROBECO LIQUID FUND - DIRECT PLAN - WEEKLY IDCW (Payout/Reinvestment);INF760K01FY8;INF760K01FX0;1000.9432;1000.9432;1000.9432;06-Jan-2013
109349;CANARA ROBECO LIQUID FUND - REGULAR PLAN - DAILY IDCW (Reinvestment);;INF760K01CU3;1005.5000;1005.5000;1005.5000;06-Jan-2013
109353;CANARA ROBECO LIQUID FUND - REGULAR PLAN - GROWTH OPTION;INF760K01CW9;;1398.7395;1398.7395;1398.7395;06-Jan-2013
109351;CANARA ROBECO LIQUID FUND - REGULAR PLAN - MONTHLY IDCW (Payout/Reinvestment);INF760K01CX7;INF760K01CY5;1002.5935;1002.5935;1002.5935;06-Jan-2013
109350;CANARA ROBECO LIQUID FUND - REGULAR PLAN - WEEKLY IDCW (Payout/Reinvestment);INF760K01BZ4;INF760K01CZ2;1000.9402;1000.9402;1000.9402;06-Jan-2013
101363;Canara Robeco Liquid Fund- INSTITUTIONAL-Daily Dividend Reinvestment;;INF760K01CC1;1005.5000;1005.5000;1005.5000;06-Jan-2013
101362;Canara Robeco Liquid Fund- INSTITUTIONAL-Growth;INF760K01CD9;;2071.6210;2071.6210;2071.6210;06-Jan-2013
101361;Canara Robeco Liquid Fund- INSTITUTIONAL-Weekly dividend;;INF760K01CE7;1000.0000;1000.0000;1000.0000;06-Jan-2013
109355;Canara Robeco Liquid Fund-Regular Plan-Fortnightly Div Reinvest.;;INF760K01951;1000.9574;1000.9574;1000.9574;06-Jan-2013
101364;Canara Robeco Liquid Fund-Retail-DRI;;INF760K01CF4;1007.0000;1007.0000;1007.0000;06-Jan-2013
109346;Canara Robeco Liquid Fund-Retail-Fortnightly Div Reinvest;;INF760K01CG2;1000.0000;1000.0000;1000.0000;06-Jan-2013
101365;Canara Robeco Liquid Fund-Retail-Growth;INF760K01CH0;;2042.9367;2042.9367;2042.9367;06-Jan-2013
109347;Canara Robeco Liquid Fund-Retail-Monthly Div Reinvest;;INF760K01CI8;1007.7615;1007.7615;1007.7615;06-Jan-2013
109356;Canara Robeco Liquid Fund-Retail-Weekly Div Reinvest;;INF760K01CJ6;1006.3219;1006.3219;1006.3219;06-Jan-2013

DSP Mutual Fund
119125;DSP Liquidity Fund - Direct Plan - Growth;INF740K01QL4;;1645.9786;1645.9786;1645.9786;06-Jan-2013
119124;DSP Liquidity Fund - Direct Plan - IDCW - Daily;;INF740KA1OB6;1000.3161;1000.3161;1000.3161;06-Jan-2013
119123;DSP Liquidity Fund - Direct Plan - IDCW - Weekly;INF740KA1OC4;INF740KA1OD2;1000.9060;1000.9060;1000.9060;06-Jan-2013
103347;DSP Liquidity Fund - Regular Plan - Growth;INF740K01FK9;;1645.9650;1645.9650;1645.9650;06-Jan-2013
103348;DSP Liquidity Fund - Regular Plan - IDCW - Weekly;INF740K01FM5;INF740K01FL7;1000.9018;1000.9018;1000.9018;06-Jan-2013
103349;DSP Liquidity Fund- Regular Plan - IDCW - Daily;;INF740KA1OE0;1000.3161;1000.3161;1000.3161;06-Jan-2013
100943;DSP BlackRock Liquidity Fund - Regular Plan - Daily Dividend;;;10.0168;10.0168;10.0168;06-Jan-2013
100940;DSP BlackRock Liquidity Fund - Regular Plan - Growth;INF740K01CN0;;27.1771;27.1771;27.1771;06-Jan-2013
100941;DSP BlackRock Liquidity Fund - Regular Plan Weekly Dividend;;;12.4188;12.4188;12.4188;06-Jan-2013

Franklin Templeton Mutual Fund
100541;Franklin India Liquid Fund - Regular Plan - Daily - IDCW;;INF090I01BA3;1512.3400;1512.3400;1512.3400;06-Jan-2013
100538;Franklin India Liquid Fund - Regular Plan - Growth;INF090I01BB1;;2793.6269;2793.6269;2793.6269;06-Jan-2013
100537;Franklin India Liquid Fund - Regular Plan - Weekly - IDCW;INF090I01BL0;INF090I01BI6;1244.3238;1244.3238;1244.3238;06-Jan-2013
118577;Franklin India Liquid Fund - Super Institutional - Direct - Growth;INF090I01JV2;;1712.0491;1712.0491;1712.0491;06-Jan-2013
100547;Franklin India Liquid Fund - Super Institutional Plan - Daily - IDCW;;INF090I01BF2;1000.6730;1000.6730;1000.6730;06-Jan-2013
118578;Franklin India Liquid Fund - Super Institutional Plan - Direct - Daily - IDCW;INF090I01JW0;;1000.6730;1000.6730;1000.6730;06-Jan-2013
118579;Franklin India Liquid Fund - Super Institutional Plan - Direct - Weekly - IDCW;INF090I01JX8;INF090I01JY6;1021.3891;1021.3891;1021.3891;06-Jan-2013
100546;Franklin India Liquid Fund - Super Institutional Plan - Growth;INF090I01BG0;;1712.0393;1712.0393;1712.0393;06-Jan-2013
100548;Franklin India Liquid Fund - Super Institutional Plan - Weekly - IDCW;INF090I01BM8;INF090I01BH8;1021.1243;1021.1243;1021.1243;06-Jan-2013
102441;Franklin India Liquid Fund - Institution-Growth;INF090I01BD7;;1783.3615;1783.3615;1783.3615;06-Jan-2013
102443;Franklin India Liquid Fund - Institutional Plan - Daily - IDCW;;INF090I01BC9;1000.6730;1000.6730;1000.6730;06-Jan-2013
102442;Franklin India Liquid Fund - Institutional Plan - Weekly - IDCW;INF090I01BJ4;INF090I01BE5;1054.7186;1054.7186;1054.7186;06-Jan-2013

Groww Mutual Fund
119135;Groww Liquid Fund ( formerly known as Indiabulls Liquid )Fund - Direct Plan - Growth Option;INF666M01451;;1118.6884;1118.6884;1118.6884;06-Jan-2013
119136;Groww Liquid Fund (formerly known as Indiabulls Liquid Fund) - Direct Plan- - Income Distribution cum capital withdrawal Option ( Reinvestment);;INF666M01469;1000.0193;1000.0193;1000.0193;06-Jan-2013
115991;Groww Liquid Fund (formerly known as Indiabulls Liquid Fund) - Regular Plan - Growth Option;INF666M01014;;1118.6774;1118.6774;1118.6774;06-Jan-2013
115992;Groww Liquid Fund (formerly known as Indiabulls Liquid Fund)- Regular Plan- - Income Distribution cum capital withdrawal Option (Reinvestment);;INF666M01022;1000.0193;1000.0193;1000.0193;06-Jan-2013
115995;Groww Liquid Fund (formerly known as Indiabulls Liquid Fund)- Regular Plan- Monthly - Income Distribution cum capital withdrawal Option (Payout & Reinvestment);INF666M01071;INF666M01055;1001.1571;1001.1571;1001.1571;06-Jan-2013
115993;Groww Liquid Fund (formerly known as Indiabulls Liquid Fund)- Regular Plan- Weekly - Income Distribution cum capital withdrawal Option (Payout & Reinvestment);INF666M01089;INF666M01030;1001.3992;1001.3992;1001.3992;06-Jan-2013

HDFC Mutual Fund
119091;HDFC Liquid Fund - Growth Option - Direct Plan;INF179KB1HP9;;22.6826;22.6826;22.6826;06-Jan-2013
100868;HDFC Liquid Fund - Growth Plan;INF179KB1HK0;;22.6822;22.6822;22.6822;06-Jan-2013
100875;HDFC Liquid Fund - IDCW Daily;;INF179KB1IC5;10.1982;10.1982;10.1982;06-Jan-2013
119089;HDFC Liquid Fund - IDCW Daily - Direct Plan;;INF179KB1HV7;10.1982;10.1982;10.1982;06-Jan-2013
100876;HDFC Liquid Fund - IDCW Monthly;INF179KB1HM6;INF179KB1HL8;10.2771;10.2771;10.2771;06-Jan-2013
119090;HDFC Liquid Fund - IDCW Monthly - Direct Plan;INF179KB1HO2;INF179KB1HQ7;10.2772;10.2772;10.2772;06-Jan-2013
100874;HDFC Liquid Fund - IDCW Plan Weekly;INF179KB1ID3;;10.3245;10.3245;10.3245;06-Jan-2013
119088;HDFC Liquid Fund - IDCW Weekly - Direct Plan;;;10.3248;10.3248;10.3248;06-Jan-2013
100877;HDFC Liquid Fund-Premium Plan - Dividend-Daily;;INF179K01KN4;12.2598;12.2598;12.2598;06-Jan-2013
100878;HDFC Liquid Fund-Premium Plan - Dividend-Weekly;INF179K01KP9;;10.1141;10.1141;10.1141;06-Jan-2013
100873;HDFC Liquid Fund-PREMIUM- Growth;INF179KB1HN4;;23.0368;23.0368;23.0368;06-Jan-2013

HSBC Mutual Fund
118910;HSBC Cash Fund - Institutional Plan - Growth;INF336L01BT4;;1832.1443;1832.1443;1832.1443;06-Jan-2013
118911;HSBC Cash Fund-Institutional Plan - Monthly Dividend;INF336L01BU2;;1000.0000;1000.0000;1000.0000;06-Jan-2013
118912;HSBC Cash Fund-Institutional Plan - Weekly Dividend;;INF336L01BV0;1000.0000;1000.0000;1000.0000;06-Jan-2013
120038;HSBC Liquid Fund -  Growth Direct;INF336L01CC8;;1147.0860;1147.0860;1147.0860;06-Jan-2013
120037;HSBC Liquid Fund - Direct Daily IDCW;;INF336L01CB0;1000.5600;1000.5600;1000.5600;06-Jan-2013
120039;HSBC Liquid Fund - Direct Monthly IDCW;INF336L01BZ1;INF336L01CA2;1002.1180;1002.1180;1002.1180;06-Jan-2013
120040;HSBC Liquid Fund - Direct Weekly IDCW;INF336L01LK2;INF336L01CD6;1111.0236;1111.0236;1111.0236;06-Jan-2013
118907;HSBC Liquid Fund - Growth;INF336L01BL1;;1801.0621;1801.0621;1801.0621;06-Jan-2013
118906;HSBC Liquid Fund - IDCW;;INF336L01BK3;1019.3000;1019.3000;1019.3000;06-Jan-2013
118909;HSBC Liquid Fund - Institutional Daily IDCW;;INF336L01BS6;1065.8781;1065.8781;1065.8781;06-Jan-2013
118901;HSBC Liquid Fund - Regular Daily IDCW;;INF336L01BM9;1000.5600;1000.5600;1000.5600;06-Jan-2013
118902;HSBC Liquid Fund - Regular Growth;INF336L01BN7;;1147.0860;1147.0860;1147.0860;06-Jan-2013
118903;HSBC Liquid Fund - Regular Monthly IDCW;INF336L01BP2;INF336L01BO5;1002.1171;1002.1171;1002.1171;06-Jan-2013
118904;HSBC Liquid Fund - Regular Weekly IDCW;INF336L01LJ4;INF336L01BQ0;1111.0214;1111.0214;1111.0214;06-Jan-2013
118908;HSBC Liquid Fund - Weekly IDCW;;INF336L01BR8;1002.1151;1002.1151;1002.1151;06-Jan-2013

ICICI Prudential Mutual Fund
100357;ICICI Prudential Liquid Fund -Quarterly IDCW;INF109K01UU5;INF109K01UT7;100.4448;100.4448;100.4448;06-Jan-2013
100359;ICICI Prudential Liquid Institutional Plus Fund - Div - Daily;INF109K01VJ6;;118.5150;118.5150;118.5150;06-Jan-2013
100360;ICICI Prudential Liquid Institutional Plus Fund - Div - Weekly;INF109K01VM0;;118.7380;118.7380;118.7380;06-Jan-2013
100362;ICICI Prudential Liquid Institutional Plus Fund - Growth;INF109K01VK4;;281.9817;281.9817;281.9817;06-Jan-2013
103343;ICICI Prudential Liquid Fund - Daily IDCW;INF109K01VP3;;100.0226;100.0226;100.0226;06-Jan-2013
120188;ICICI Prudential Liquid Fund - Direct Plan - Daily IDCW;;INF109K01Q15;100.0226;100.0226;100.0226;06-Jan-2013
120197;ICICI Prudential Liquid Fund - Direct Plan - Growth;INF109K01Q49;;170.1058;170.1058;170.1058;06-Jan-2013
120189;ICICI Prudential Liquid Fund - Direct Plan - Monthly IDCW;INF109K01R06;;100.2598;100.2598;100.2598;06-Jan-2013
120190;ICICI Prudential Liquid Fund - Direct Plan - Weekly IDCW;INF109K01Q98;;100.2996;100.2996;100.2996;06-Jan-2013
103340;ICICI Prudential Liquid Fund - Growth;INF109K01VQ1;;170.1041;170.1041;170.1041;06-Jan-2013
104308;ICICI Prudential Liquid Fund - Half Yearly IDCW;INF109K01UX9;INF109K01UW1;102.2347;102.2347;102.2347;06-Jan-2013
103344;ICICI Prudential Liquid Fund - Institutional Option - I;INF109K01VH0;;165.7194;165.7194;165.7194;06-Jan-2013
103342;ICICI Prudential Liquid Fund - Weekly IDCW;INF109K01VS7;;100.2988;100.2988;100.2988;06-Jan-2013
103341;ICICI Prudential Liquid Fund -Monthly IDCW;INF109K01VR9;;100.2593;100.2593;100.2593;06-Jan-2013
101748;ICICI Prudential Liquid Fund - Institutional - Daily - Div;INF109K01VE7;;118.5020;118.5020;118.5020;06-Jan-2013
101753;ICICI Prudential Liquid Fund - Institutional - Weekly - Div;INF109K01VI8;;118.6037;118.6037;118.6037;06-Jan-2013
101754;ICICI Prudential Liquid Fund Retail Daily Dividend;INF109K01UR1;;118.5140;118.5140;118.5140;06-Jan-2013
101750;ICICI Prudential Liquid Fund Retail Growth;INF109K01UQ3;;272.1728;272.1728;272.1728;06-Jan-2013
101755;ICICI Prudential Liquid Fund Retail Monthly Dividend;INF109K01US9;;100.3365;100.3365;100.3365;06-Jan-2013
101752;ICICI Prudential Liquid Fund Retail Weekly Dividend;INF109K01UV3;;118.9720;118.9720;118.9720;06-Jan-2013
101751;ICICI Prudential Liquid Institutional Fund - Growth;INF109K01VF4;;278.9215;278.9215;278.9215;06-Jan-2013

IDBI Mutual Fund
118345;IDBI Liquid Fund Growth Direct;INF397L01AH3;;1234.4479;1234.4479;1234.4479;06-Jan-2013
113104;IDBI Liquid Fund- Monthly IDCW;INF397L01976;INF397L01968;1002.6511;1002.6511;1002.6511;06-Jan-2013
118449;IDBI Liquid Fund- Monthly IDCW Direct;INF397L01AK7;INF397L01AJ9;0.0000;0.0000;0.0000;06-Jan-2013
113102;IDBI Liquid Fund-Daily IDCW;;INF397L01935;1000.1093;1000.1093;1000.1093;06-Jan-2013
118450;IDBI Liquid Fund-Daily IDCW Direct;;INF397L01AI1;1000.1093;1000.1093;1000.1093;06-Jan-2013
113096;IDBI Liquid Fund-Growth;INF397L01984;;1234.4383;1234.4383;1234.4383;06-Jan-2013
113103;IDBI Liquid Fund-Weekly IDCW;INF397L01950;INF397L01943;1000.2200;1000.2200;1000.2200;06-Jan-2013
118451;IDBI Liquid Fund-Weekly IDCW Direct;INF397L01AM3;INF397L01AL5;0.0000;0.0000;0.0000;06-Jan-2013

Invesco Mutual Fund
104484;Invesco India Liquid Fund - Daily IDCW (Reinvestment);;INF205K01HN3;1000.7849;1000.7849;1000.7849;06-Jan-2013
120537;Invesco India Liquid Fund - Direct Plan - Growth;INF205K01MF9;;1581.3497;1581.3497;1581.3497;06-Jan-2013
120536;Invesco India Liquid Fund - Direct Plan - Monthly IDCW (Payout / Reinvestment);INF205K01MG7;INF205K01MH5;1003.1202;1003.1202;1003.1202;06-Jan-2013
120535;Invesco India Liquid Fund - Direct Plan - Weekly IDCW (Reinvestment);INF205KA1BE5;INF205K01MI3;1001.4152;1001.4152;1001.4152;06-Jan-2013
120534;Invesco India Liquid Fund - Direct Plan- Daily IDCW (Reinvestment);;INF205K01ME2;1000.7849;1000.7849;1000.7849;06-Jan-2013
104486;Invesco India Liquid Fund - Growth;INF205K01HM5;;1581.3367;1581.3367;1581.3367;06-Jan-2013
104492;Invesco India Liquid Fund - Monthly IDCW (Payout / Reinvestment);INF205K01HQ6;INF205K01HP8;1003.1148;1003.1148;1003.1148;06-Jan-2013
104488;Invesco India Liquid Fund - Regular - Growth;INF205K01HG7;;1526.5304;1526.5304;1526.5304;06-Jan-2013
104489;Invesco India Liquid Fund - Regular - Weekly IDCW (Reinvestment);;INF205K01HH5;1001.5824;1001.5824;1001.5824;06-Jan-2013
104485;Invesco India Liquid Fund - Weekly IDCW (Reinvestment);INF205KA1BD7;INF205K01HO1;1001.4083;1001.4083;1001.4083;06-Jan-2013
104483;Religare Invesco Liquid Fund - Institutional - Daily Dividend;;INF205K01HJ1;1000.2250;1000.2250;1000.2250;06-Jan-2013
104491;Religare Invesco Liquid Fund - Institutional - Growth;INF205K01HI3;;1558.3944;1558.3944;1558.3944;06-Jan-2013

JM Financial Mutual Fund
100241;JM High Liquidity Fund-- Institutional Plan - Dividend;INF192K01924;INF192K01932;10.7682;10.7682;10.7682;06-Jan-2013
100237;JM High Liquidity Fund-- Institutional Plan - Growth;INF192K01940;;18.9431;18.9431;18.9431;06-Jan-2013
100238;JM High Liquidity Fund-Institutional Plan - Daily Dividend;;INF192K01916;10.0159;10.0159;10.0159;06-Jan-2013
100245;JM High Liquidity Fund-Super Institutional Plan- Daily Dividend;;INF192K01957;10.0165;10.0165;10.0165;06-Jan-2013
100246;JM High Liquidity Fund-Super Institutional Plan- Weekly  Dividend;INF192K01965;INF192K01973;10.1619;10.1619;10.1619;06-Jan-2013
120410;JM Liquid Fund (Direct) - Bonus Option - Bonus Option - Principal units;INF192K01CN4;;16.4669;16.4669;16.4669;06-Jan-2013
120411;JM Liquid Fund (Direct) - Daily IDCW;;INF192K01CH6;10.4302;10.4302;10.4302;06-Jan-2013
120406;JM Liquid Fund (Direct) - Growth Option;INF192K01CM6;;31.3578;31.3578;31.3578;06-Jan-2013
120408;JM Liquid Fund (Direct) - Quarterly IDCW;INF192K01CK0;INF192K01CL8;17.7485;17.7485;17.7485;06-Jan-2013
120407;JM Liquid Fund (Direct) - Weekly IDCW;INF192K01CI4;INF192K01CJ2;11.0164;11.0164;11.0164;06-Jan-2013
100244;JM Liquid Fund (Regular) - Quarterly IDCW;INF192K01866;INF192K01874;17.7485;17.7485;17.7485;06-Jan-2013
100247;JM Liquid Fund (Regular) - Super Institutional Plan - Growth Option;INF192K01981;;18.0342;18.0342;18.0342;06-Jan-2013
100233;JM Liquid Fund (Regular) - Weekly IDCW;INF192K01841;INF192K01858;11.0163;11.0163;11.0163;06-Jan-2013
100234;JM Liquid Fund - Growth Option;INF192K01882;;31.3573;31.3573;31.3573;06-Jan-2013
101549;JM Liquid Fund (Regular) - Bonus Option - Principal Units;INF192K01890;;16.4669;16.4669;16.4669;06-Jan-2013
101078;JM Liquid Fund (Regular) - Daily IDCW;;INF192K01833;10.4302;10.4302;10.4302;06-Jan-2013

Kotak Mahindra Mutual Fund
119764;Kotak Liquid Fund - Direct Plan - Daily Reinvestment of Income Distribution cum capital withdrawal option;;INF174K01NH1;12.2281;12.2281;12.2281;06-Jan-2013
119766;Kotak Liquid Fund - Direct Plan - Growth;INF174K01NE8;;23.3327;23.3327;23.3327;06-Jan-2013
100833;Kotak Liquid Fund - Regular  - Daily Reinvestment of Income Distribution cum capital withdrawal option;;INF174K01NL3;12.2281;12.2281;12.2281;06-Jan-2013
100835;Kotak Liquid Fund - Regular Plan - Growth;INF174K01NI9;;23.3325;23.3325;23.3325;06-Jan-2013
119765;Kotak Liquid Fund - Weekly  Payout of Income Distribution cum capital withdrawal option - Direct;INF174K01NF5;INF174K01NG3;10.0212;10.0212;10.0212;06-Jan-2013
100831;Kotak Liquid Fund -Institutional Plan - (Daily Dividend);;INF174K01GA0;12.2281;12.2281;12.2281;06-Jan-2013
100834;Kotak Liquid Fund Regular Plan Weekly Reinvestment of Income Distribution cum capital withdrawal option Dividend;INF174K01NK5;;10.0142;10.0142;10.0142;06-Jan-2013
100830;Kotak Liquid-Institutional Plan  (Growth);INF174K01FZ9;;22.4834;22.4834;22.4834;06-Jan-2013
100832;Kotak Liquid-Institutional Plan (Weekly Dividend);;INF174K01GB8;10.104;10.104;10.104;06-Jan-2013
100828;Kotak Liquid-Regular (Dividend);;INF174K01FY2;10.0347;10.0347;10.0347;06-Jan-2013
100829;Kotak Liquid-Regular (Growth);INF174K01NM1;;21.7869;21.7869;21.7869;06-Jan-2013

L&T Mutual Fund
119791;L&T Liquid Fund - Direct Plan -Daily IDCW;INF917K01HG7;;1011.6349;1011.6349;1011.6349;06-Jan-2013
119790;L&T Liquid Fund - Direct Plan -Growth;INF917K01HF9;;1577.8161;1577.8161;1577.8161;06-Jan-2013
112445;L&T Liquid Fund -Regular Plan - Daily IDCW;INF917K01JB4;;1011.6349;1011.6349;1011.6349;06-Jan-2013
112457;L&T Liquid Fund -Regular Plan - Growth;INF917K01JH1;;1577.8161;1577.8161;1577.8161;06-Jan-2013
112456;L&T Liquid Fund-Cum -Institutional Plus;INF917K01BJ4;;2306.6986;2306.6986;2306.6986;06-Jan-2013
112442;L&T Liquid Fund-Regular Cumulative;INF917K01BF2;;2245.7117;2245.7117;2245.7117;06-Jan-2013
112483;L&T Liquid Fund - Institutional Plus Weekly Dividend;INF917K01BH8;INF917K01BI6;1502.1009;1502.1009;1502.1009;06-Jan-2013

LIC Mutual Fund
120248;LIC MF Liquid Fund-Direct Plan-Daily IDCW;INF767K01DL5;INF767K01DM3;10.9800;10.9800;10.9800;06-Jan-2013
120249;LIC MF Liquid Fund-Direct Plan-Growth;INF767K01DN1;;20.8771;20.8771;20.8771;06-Jan-2013
101184;LIC MF Liquid Fund-Regular Plan-Daily IDCW;INF767K01IQ3;INF767K01IR1;10.9800;10.9800;10.9800;06-Jan-2013
101185;LIC MF Liquid Fund-Regular Plan-Growth;INF767K01IS9;;20.8769;20.8769;20.8769;06-Jan-2013

Mirae Asset Mutual Fund
118859;Mirae Asset Liquid Fund - Direct Plan - Growth;INF769K01CM1;;1233.2544;1233.2544;1233.2544;06-Jan-2013
118862;Mirae Asset Liquid Fund - Direct Plan - Weekly IDCW;INF769K01PD2;INF769K01CP4;1132.1244;1132.1244;1132.1244;06-Jan-2013
118861;Mirae Asset Liquid Fund - Direct Plan -Daily IDCW;;INF769K01CO7;1046.2542;1046.2542;1046.2542;06-Jan-2013
118860;Mirae Asset Liquid Fund - Direct Plan -Monthly IDCW;INF769K01CN9;INF769K01CQ2;1131.9159;1131.9159;1131.9159;06-Jan-2013
111647;Mirae Asset Liquid Fund - Regular - Daily IDCW;;INF769K01804;1045.2812;1045.2812;1045.2812;06-Jan-2013
111646;Mirae Asset Liquid Fund - Regular Plan - Growth;INF769K01788;;1233.6137;1233.6137;1233.6137;06-Jan-2013
111645;Mirae Asset Liquid Fund - Regular Plan - Monthly IDCW;INF769K01838;INF769K01820;1131.9439;1131.9439;1131.9439;06-Jan-2013
111644;Mirae Asset Liquid Fund - Regular Plan - Weekly IDCW;INF769K01PC4;INF769K01812;1130.6115;1130.6115;1130.6115;06-Jan-2013

Navi Mutual Fund
119163;Navi Liquid Fund - Direct Plan Daily IDCW - ReInvestment;;INF959L01GK1;10.0015;10.0015;10.0015;06-Jan-2013
112645;Navi Liquid Fund - Regular Plan Daily IDCW;;INF959L01GM7;10.0015;10.0015;10.0015;06-Jan-2013
112647;Navi Liquid Fund - Regular Plan Monthly IDCW;INF959L01GN5;INF959L01GO3;10.0225;10.0225;10.0225;06-Jan-2013
112646;Navi Liquid Fund - Regular Plan Weekly IDCW;INF959L01GP0;INF959L01GQ8;10.0157;10.0157;10.0157;06-Jan-2013
119164;Navi Liquid Fund-Direct Plan-Growth Option;INF959L01GF1;;12.5809;12.5809;12.5809;06-Jan-2013
112637;Navi Liquid Fund-Institutional Plan-Dividend Option-Daily;;INF959L01197;10.0015;10.0015;10.0015;06-Jan-2013
112640;Navi Liquid Fund-Institutional Plan-Growth;INF959L01247;;12.4103;12.4103;12.4103;06-Jan-2013
112636;Navi Liquid Fund-Regular Plan-Growth Option;INF959L01GL9;;12.5808;12.5808;12.5808;06-Jan-2013
112641;Navi Liquid Fund-Retail Plan-Dividend Option-Daily;;INF959L01254;10.0015;10.0015;10.0015;06-Jan-2013
112643;Navi Liquid Fund-Retail Plan-Dividend Option-Monthly;INF959L01262;INF959L01270;10.0165;10.0165;10.0165;06-Jan-2013
112642;Navi Liquid Fund-Retail Plan-Dividend Option-Weekly;INF959L01288;INF959L01296;10.0114;10.0114;10.0114;06-Jan-2013
112644;Navi Liquid Fund-Retail Plan-Growth;INF959L01304;;12.1772;12.1772;12.1772;06-Jan-2013

Nippon India Mutual Fund
100852;NIPPON INDIA LIQUID FUND - DAILY IDCW OPTION;;INF204K01UM1;1528.7400;1528.7400;1528.7400;06-Jan-2013
118695;NIPPON INDIA LIQUID FUND - DIRECT Plan - DAILY IDCW OPTION;;INF204K01ZG2;1528.7400;1528.7400;1528.7400;06-Jan-2013
118698;NIPPON INDIA LIQUID FUND - DIRECT Plan - QUARTERLY IDCW OPTION;INF204K01ZK4;INF204K01ZL2;1006.6177;1006.6177;1006.6177;06-Jan-2013
118700;NIPPON INDIA LIQUID FUND - DIRECT Plan - WEEKLY IDCW OPTION;INF204KC1FN6;INF204K01ZM0;1531.0137;1531.0137;1531.0137;06-Jan-2013
118701;Nippon India Liquid Fund - Direct Plan Growth Plan - Growth Option;INF204K01ZH0;;2801.5760;2801.5760;2801.5760;06-Jan-2013
100855;NIPPON INDIA LIQUID FUND - MONTHLY IDCW OPTION;INF204K01UO7;INF204K01UP4;2180.1424;2180.1424;2180.1424;06-Jan-2013
112340;NIPPON INDIA LIQUID FUND - QUARTERLY IDCW OPTION;INF204K01UQ2;INF204K01UR0;1006.6173;1006.6173;1006.6173;06-Jan-2013
100837;Nippon India Liquid Fund - Retail Option - Growth Plan;INF204K01UL3;;2722.0355;2722.0355;2722.0355;06-Jan-2013
100842;NIPPON INDIA LIQUID FUND - RETAIL Plan - DAILY IDCW OPTION;;INF204K01UJ7;1524.2800;1524.2800;1524.2800;06-Jan-2013
100843;NIPPON INDIA LIQUID FUND - RETAIL plan - MONTHLY IDCW OPTION;INF204K01UT6;INF204K01UU4;1334.0827;1334.0827;1334.0827;06-Jan-2013
100844;NIPPON INDIA LIQUID FUND - RETAIL Plan - QUARTERLY IDCW OPTION;INF204K01UV2;INF204K01UW0;1220.2116;1220.2116;1220.2116;06-Jan-2013
100838;NIPPON INDIA LIQUID FUND - RETAIL Plan - WEEKLY IDCW OPTION;;INF204K01UK5;1034.6063;1034.6063;1034.6063;06-Jan-2013
100853;NIPPON INDIA LIQUID FUND - WEEKLY IDCW OPTION;INF204KC1FM8;INF204K01US8;1531.0077;1531.0077;1531.0077;06-Jan-2013
100851;Nippon India Liquid Fund -Growth Plan;INF204K01UN9;;2801.5501;2801.5501;2801.5501;06-Jan-2013
118610;Reliance Liquid Fund - Cash Plan - Direct Plan - Growth Plan - Growth Option;;;1856.5005;1856.5005;1856.5005;06-Jan-2013
118618;Reliance Liquid Fund - Cash Plan - Direct Plan Daily Dividend Reinvestment Option;;;1114.1500;1114.1500;1114.1500;06-Jan-2013
118611;Reliance Liquid Fund - Cash Plan - Direct Plan Weekly Dividend Reinvestment Option;;;1092.1798;1092.1798;1092.1798;06-Jan-2013
100849;Reliance Liquid Fund-Cash Plan-Daily Dividend Reinvestment Option;;;1114.1500;1114.1500;1114.1500;06-Jan-2013
100845;Reliance Liquid Fund-Cash Plan-Growth Plan;;;1856.4798;1856.4798;1856.4798;06-Jan-2013
114251;Reliance Liquid Fund-Cash Plan-Monthly Dividend Plan;;;1005.2859;1005.2859;1005.2859;06-Jan-2013
114252;Reliance Liquid Fund-Cash Plan-Quarterly Dividend Plan;;;1007.2756;1007.2756;1007.2756;06-Jan-2013
100848;Reliance Liquid Fund-Cash Plan-Weekly Dividend Reinvestment Option;;;1092.1752;1092.1752;1092.1752;06-Jan-2013

Principal Mutual Fund
100895;Principal Cash Management Fund - Daily Income Distribution CUM Capital Withdrawal;;INF173K01DB7;1000.0700;1000.0700;1000.0700;06-Jan-2013
119468;Principal Cash Management Fund - Direct Plan - Growth Option;INF173K01GU0;;1789.2517;1789.2517;1789.2517;06-Jan-2013
119467;Principal Cash Management Fund - Direct Plan - Income Distribution CUM Capital Withdrawal Option - Daily;;INF173K01GT2;1000.0700;1000.0700;1000.0700;06-Jan-2013
119469;Principal Cash Management Fund - Direct Plan - Income Distribution CUM Capital Withdrawal Option - Weekly;;INF173K01GY2;1006.7196;1006.7196;1006.7196;06-Jan-2013
100897;Principal Cash Management Fund - Monthly Income Distribution CUM Capital Withdrawal Option;INF173K01BV9;INF173K01BW7;1020.8887;1020.8887;1020.8887;06-Jan-2013
100896;Principal Cash Management Fund - Weekly Income Distribution CUM Capital Withdrawal Option;;INF173K01DC5;1006.7079;1006.7079;1006.7079;06-Jan-2013
119466;Principal Cash Management Fund -Direct Plan - Income Distribution CUM Capital Withdrawal Option - Monthly;INF173K01GV8;INF173K01GW6;1020.9317;1020.9317;1020.9317;06-Jan-2013
100898;Principal Cash Management Fund -Growth Option;INF173K01DA9;;1789.1929;1789.1929;1789.1929;06-Jan-2013

Quantum Mutual Fund
103736;Quantum Liquid Fund - Direct Plan Daily IDCW;;INF082J01135;10.0047;10.0047;10.0047;06-Jan-2013
103734;Quantum Liquid Fund - Direct Plan Growth Option;INF082J01127;;16.2840;16.2840;16.2840;06-Jan-2013
103735;Quantum Liquid Fund - Direct Plan Monthly IDCW;INF082J01143;INF082J01200;10.0296;10.0296;10.0296;06-Jan-2013

SBI Mutual Fund
119804;SBI Liquid Fund - Direct Paln - Fortnightly Income Distribution cum Capital Withdrawal Option (IDCW);INF200K01UR8;INF200K01US6;N.A.;N.A.;N.A.;06-Jan-2013
119805;SBI Liquid Fund - Direct Plan - Daily Income Distribution cum Capital Withdrawal Option (IDCW);;INF200K01UQ0;1003.2500;1003.2500;1003.2500;06-Jan-2013
119799;SBI Liquid Fund - Direct Plan - Weekly Income Distribution cum Capital Withdrawal Option (IDCW);INF200K01UU2;INF200K01UV0;1061.3051;1061.3051;1061.3051;06-Jan-2013
119800;SBI Liquid Fund - DIRECT PLAN -Growth;INF200K01UT4;;1808.0367;1808.0367;1808.0367;06-Jan-2013
105274;SBI Liquid Fund - Institutional - Growth;INF200K01LU1;;1825.5472;1825.5472;1825.5472;06-Jan-2013
105275;SBI Liquid Fund - Institutional Daily Income Distribution cum Capital Withdrawal Option (IDCW);;INF200K01LR7;1003.2500;1003.2500;1003.2500;06-Jan-2013
105279;SBI Liquid Fund - Institutional Fortnightly Income Distribution cum Capital Withdrawal Option (IDCW);INF200K01LS5;INF200K01LT3;1023.3950;1023.3950;1023.3950;06-Jan-2013
105278;SBI Liquid Fund - Institutional Weekly Income Distribution cum Capital Withdrawal Option (IDCW);INF200K01LV9;INF200K01LW7;1060.5904;1060.5904;1060.5904;06-Jan-2013
105281;SBI Liquid Fund - Regular Plan - Daily Income Distribution cum Capital Withdrawal Option (IDCW);;INF200K01LX5;1003.2500;1003.2500;1003.2500;06-Jan-2013
105283;SBI Liquid Fund - Regular Plan - Fortnightly Income Distribution cum Capital Withdrawal Option (IDCW);INF200K01LY3;INF200K01LZ0;1012.0892;1012.0892;1012.0892;06-Jan-2013
105282;SBI Liquid Fund - Regular Plan - Weekly Income Distribution cum Capital Withdrawal Option (IDCW);INF200K01MB9;INF200K01MC7;1061.3037;1061.3037;1061.3037;06-Jan-2013
105280;SBI Liquid Fund - REGULAR PLAN -Growth;INF200K01MA1;;1808.0219;1808.0219;1808.0219;06-Jan-2013

Sundaram Mutual Fund
119688;Sundaram Money Fund Direct Plan - Daily Reinvestment of Income Distribution cum Capital Withdrawal (IDCW);;INF903J01QA3;10.1025;10.1025;10.1025;06-Jan-2013
119692;Sundaram Money Fund Direct Plan - Fortnightly Reinvestment of Income Distribution cum Capital Withdrawal (IDCW);;INF903J01QB1;24.2518;24.2518;24.2518;06-Jan-2013
119686;Sundaram Money Fund Direct Plan - Growth;INF903J01QF2;;24.2513;24.2513;24.2513;06-Jan-2013
119687;Sundaram Money Fund Direct Plan - Monthly Income Distribution cum Capital Withdrawal (IDCW);INF903J01QC9;INF903J01QD7;10.4066;10.4066;10.4066;06-Jan-2013
119689;Sundaram Money Fund Direct Plan - Quarterly Reinvestment of Income Distribution cum Capital Withdrawal (IDCW);;INF903J01QE5;12.4820;12.4820;12.4820;06-Jan-2013
119691;Sundaram Money Fund Direct Plan - Weekly Reinvestment of Income Distribution cum Capital Withdrawal (IDCW);;INF903J01QG0;10.9796;10.9796;10.9796;06-Jan-2013
102701;Sundaram Money Fund Institutional Plan - Daily Reinvestment of Income Distribution cum Capital Withdrawal (IDCW);;INF903J01GP2;10.0953;10.0953;10.0953;06-Jan-2013
102702;Sundaram Money Fund Institutional Plan - Fortnightly Reinvestment of Income Distribution cum Capital Withdrawal (IDCW);;INF903J01GR8;0.0000;0.0000;0.0000;06-Jan-2013
102703;Sundaram Money Fund Institutional Plan - Growth;INF903J01GN7;;23.6491;23.6491;23.6491;06-Jan-2013
102704;Sundaram Money Fund Institutional Plan - Monthly Income Distribution cum Capital Withdrawal (IDCW);INF903J01GO5;INF903J01GS6;10.4099;10.4099;10.4099;06-Jan-2013
102705;Sundaram Money Fund Institutional Plan - Quarterly Reinvestment of Income Distribution cum Capital Withdrawal (IDCW);;INF903J01GT4;0.0000;0.0000;0.0000;06-Jan-2013
102706;Sundaram Money Fund Institutional Plan - Weekly Reinvestment of Income Distribution cum Capital Withdrawal (IDCW);;INF903J01GQ0;0.0000;0.0000;0.0000;06-Jan-2013
103392;Sundaram Money Fund Regular Plan - Daily Reinvestment of Income Distribution cum Capital Withdrawal (IDCW);;INF903J01GW8;10.0953;10.0953;10.0953;06-Jan-2013
103395;Sundaram Money Fund Regular Plan - Fortnightly Reinvestment of Income Distribution cum Capital Withdrawal (IDCW);;INF903J01GY4;0.0000;0.0000;0.0000;06-Jan-2013
103397;Sundaram Money Fund Regular Plan - Growth;INF903J01GU2;;24.2511;24.2511;24.2511;06-Jan-2013
103396;Sundaram Money Fund Regular Plan - Monthly Income Distribution cum Capital Withdrawal (IDCW);INF903J01GV0;INF903J01GZ1;10.3391;10.3391;10.3391;06-Jan-2013
103393;Sundaram Money Fund Regular Plan - Quarterly Reinvestment of Income Distribution cum Capital Withdrawal (IDCW);;INF903J01HA2;0.0000;0.0000;0.0000;06-Jan-2013
100620;Sundaram Money Fund Retail Plan - Daily Reinvestment of Income Distribution cum Capital Withdrawal (IDCW);;INF903J01GI7;10.0953;10.0953;10.0953;06-Jan-2013
100622;Sundaram Money Fund Retail Plan - Fortnightly Reinvestment of Income Distribution cum Capital Withdrawal (IDCW);;INF903J01GK3;10.5538;10.5538;10.5538;06-Jan-2013
100618;Sundaram Money Fund Retail Plan - Growth;INF903J01GG1;;22.6627;22.6627;22.6627;06-Jan-2013
100623;Sundaram Money Fund Retail Plan - Monthly Income Distribution cum Capital Withdrawal (IDCW);INF903J01GH9;INF903J01GL1;10.3518;10.3518;10.3518;06-Jan-2013
100619;Sundaram Money Fund Retail Plan - Quarterly Reinvestment of Income Distribution cum Capital Withdrawal (IDCW);;INF903J01GM9;12.6823;12.6823;12.6823;06-Jan-2013
100621;Sundaram Money Fund Retail Plan - Weekly Reinvestment of Income Distribution cum Capital Withdrawal (IDCW);;INF903J01GJ5;10.9232;10.9232;10.9232;06-Jan-2013
103394;Sundaram Money Fund Regular Plan - Weekly Reinvestment of Income Distribution cum Capital Withdrawal (IDCW);;INF903J01GX6;10.9639;10.9639;10.9639;06-Jan-2013

Tata Mutual Fund
102672;Tata Liquid Fund -Regular Plan - Growth Option;INF277K01YD8;;18.0800;18.0800;18.0800;06-Jan-2013
119862;Tata Liquid Fund- Direct Plan - Daily Reinvestment of IDCW Option;;INF277K012D2;10.0152;10.0152;10.0152;06-Jan-2013
119861;Tata Liquid Fund- Direct Plan-Growth Option;INF277K01YE6;;18.0802;18.0802;18.0802;06-Jan-2013
101714;Tata Liquid Fund- Regular Plan - Daily Reinvestment of IDCW Option;;INF277K011D4;10.0152;10.0152;10.0152;06-Jan-2013

Taurus Mutual Fund
111915;Taurus Liquid Fund - Regular Plan - SI Growth Option;INF044D01534;;1240.6998;1240.6998;1240.6998;06-Jan-2013
113248;Taurus Liquid Fund - Regular Plan - SI Weekly Dividend Option;;INF044D01526;1000.7128;1000.7128;1000.7128;06-Jan-2013
111703;Taurus Liquid Fund - Regular Plan -SI Daily Dividend Option;;INF044D01518;1000.0905;1000.0905;1000.0905;06-Jan-2013
111547;Taurus Liquid Fund Insti DDRIP;;INF044D01484;1000.0905;1000.0905;1000.0905;06-Jan-2013
111760;Taurus Liquid Fund Insti Growth;INF044D01500;;1263.7978;1263.7978;1263.7978;06-Jan-2013
118891;Taurus Liquid Fund-Direct Plan-SI Daily Dividend Option;;INF044D01DI0;1000.0905;1000.0905;1000.0905;06-Jan-2013
118893;Taurus Liquid Fund-Direct Plan-SI Growth Option;INF044D01DK6;;1240.7099;1240.7099;1240.7099;06-Jan-2013
118892;Taurus Liquid Fund-Direct Plan-SI Weekly Dividend Option;;INF044D01DJ8;1000.7210;1000.7210;1000.7210;06-Jan-2013
104240;Taurus Liquid Fund-Dividend;INF044D01542;INF044D01559;1001.2175;1001.2175;1001.2175;06-Jan-2013
104241;Taurus Liquid Fund-Growth;INF044D01575;;1499.7709;1499.7709;1499.7709;06-Jan-2013

Union Mutual Fund
115401;Union Liquid Fund - Daily IDCW Option;;INF582M01021;1000.1800;1000.1800;1000.1800;06-Jan-2013
119301;Union Liquid Fund - Direct Plan - Daily IDCW Option;;INF582M01682;1000.1800;1000.1800;1000.1800;06-Jan-2013
119305;Union Liquid Fund - Direct Plan - Fortnightly IDCW Option;INF582M01724;INF582M01708;1002.6512;1002.6512;1002.6512;06-Jan-2013
119303;Union Liquid Fund - Direct Plan - Growth Option;INF582M01674;;1152.3529;1152.3529;1152.3529;06-Jan-2013
119302;Union Liquid Fund - Direct Plan - Monthly IDCW Option;INF582M01732;INF582M01716;1002.6425;1002.6425;1002.6425;06-Jan-2013
119304;Union Liquid Fund - Direct Plan - Weekly IDCW Option;;INF582M01690;1001.2903;1001.2903;1001.2903;06-Jan-2013
115399;Union Liquid Fund - Fortnightly IDCW Option;INF582M01062;INF582M01047;1002.5899;1002.5899;1002.5899;06-Jan-2013
115398;Union Liquid Fund - Growth Option;INF582M01013;;1152.3473;1152.3473;1152.3473;06-Jan-2013
115400;Union Liquid Fund - Monthly IDCW Option;INF582M01070;INF582M01054;1002.5890;1002.5890;1002.5890;06-Jan-2013
115402;Union Liquid Fund - Weekly IDCW Option;;INF582M01039;1001.3607;1001.3607;1001.3607;06-Jan-2013

UTI Mutual Fund
120558;UTI Liquid Fund - Direct Plan - Daily IDCW (Reinvestment);;INF789F01XP8;1019.4457;1019.4457;0;06-Jan-2013
120777;UTI Liquid Fund - Direct Plan - Weekly IDCW;;INF789F01XT0;1055.6724;1055.6724;0;06-Jan-2013
102010;UTI Liquid Fund - Regular Plan - Daily IDCW (Reinvestment);;INF789F01PG3;1019.4457;1019.4457;1019.4457;06-Jan-2013
102011;UTI Liquid Fund - Regular Plan - Monthly IDCW;INF789F01PI9;INF789F01PJ7;1026.3701;1026.3701;1026.3701;06-Jan-2013
102013;UTI Liquid Fund - Regular Plan - Weekly IDCW;;INF789F01PK5;1053.9597;1053.9597;1053.9597;06-Jan-2013
120304;UTI-  Liquid Cash Plan - Direct Plan - Growth Option;INF789F01XQ6;;1886.5967;1886.5967;0;06-Jan-2013
102012;UTI-  Liquid Cash Plan - Regular Plan - Growth Option;INF789F01PH1;;1886.5658;1886.5658;1886.5658;06-Jan-2013
102008;UTI-  Liquid Cash Plan- Discontinued - Regular Plan - Monthly Dividend Option;INF789F01BC2;INF789F01BA6;1122.292;1122.292;0;06-Jan-2013
102009;UTI-  Liquid Cash Plan- Discontinued - Regular Plan -Growth;INF789F01BB4;;1831.2275;1831.2275;0;06-Jan-2013
102007;UTI-  Liquid Cash Plan- Discontinued -Regular Plan Periodic Dividend Option;;INF789F01AZ5;1147.5635;1147.5635;0;06-Jan-2013

Open Ended Schemes ( Debt Scheme - Ultra Short Duration Fund )


Principal Mutual Fund
119475;Principal Ultra Short Term Fund- Direct Plan - Income Distribution CUM Capital Withdrawal Option - Monthly;INF173K01HK9;INF173K01HJ1;1056.6364;1056.6364;1056.6364;06-Jan-2013
119474;Principal Ultra Short Term Fund- Direct Plan -Growth Option;INF173K01HI3;;1287.6181;1287.6181;1287.6181;06-Jan-2013
107329;Principal Ultra Short Term Fund-Daily Income Distribution CUM Capital Withdrawal Option;;INF173K01CV7;1005.4300;1005.4300;1005.4300;06-Jan-2013
107328;Principal Ultra Short Term Fund-Growth Option;INF173K01CU9;;1287.6028;1287.6028;1287.6028;06-Jan-2013
107330;Principal Ultra Short Term Fund-Monthly Income Distribution CUM Capital Withdrawal Option;INF173K01CB9;INF173K01CC7;1056.5407;1056.5407;1056.5407;06-Jan-2013
107332;Principal Ultra Short Term Fund-Weekly Income Distribution CUM Capital Withdrawal Option;;INF173K01CW5;1012.6164;1012.6164;1012.6164;06-Jan-2013

SBI Mutual Fund
119784;SBI Ultra Short Duration Fund - Direct Plan - Daily Income Distribution cum Capital Withdrawal Option (IDCW);;INF200K01TG3;1675.0300;1675.0300;1675.0300;06-Jan-2013
119828;SBI ULTRA SHORT DURATION FUND - DIRECT PLAN - GROWTH;INF200K01TF5;;2542.0804;2542.0804;2542.0804;06-Jan-2013
119829;SBI Ultra Short Duration Fund - Direct Plan - Weekly Income Distribution cum Capital Withdrawal Option (IDCW);INF200K01TH1;INF200K01TI9;N.A.;N.A.;N.A.;06-Jan-2013
105080;SBI Ultra Short Duration Fund - Regular Plan - Daily Income Distribution cum Capital Withdrawal Option (IDCW);;INF200K01LK2;1675.0300;1675.0300;1675.0300;06-Jan-2013
100641;SBI ULTRA SHORT DURATION FUND - REGULAR PLAN - GROWTH;INF200K01LJ4;;2542.0666;2542.0666;2542.0666;06-Jan-2013
103884;SBI Ultra Short Duration Fund - Regular Plan - Weekly Income Distribution cum Capital Withdrawal Option (IDCW);INF200K01LM8;INF200K01LL0;1077.8143;1077.8143;1077.8143;06-Jan-2013

Open Ended Schemes ( Debt Scheme - Money Market Fund )


Aditya Birla Sun Life Mutual Fund
101973;Aditya Birla Sun Life Money Manager Fund - Daily IDCW;;INF209K01SZ6;100.0200;100.0200;100.0200;06-Jan-2013
119513;Aditya Birla Sun Life Money Manager Fund - Direct - daily IDCW;;INF209K01UT5;100.0200;100.0200;100.0200;06-Jan-2013
119512;Aditya Birla Sun Life Money Manager Fund - Direct - weekly IDCW;INF209K01UV1;INF209KA1LM3;100.1228;100.1228;100.1228;06-Jan-2013
101976;Aditya Birla Sun Life Money Manager Fund - Growth;INF209K01RV7;;152.8014;152.8014;152.8014;06-Jan-2013
119511;Aditya Birla Sun Life Money Manager Fund - Growth - Direct Plan;INF209K01UU3;;152.8027;152.8027;152.8027;06-Jan-2013
101972;Aditya Birla Sun Life Money Manager Fund - Retail - Daily IDCW;;INF209K01JZ5;100.0150;100.0150;100.0150;06-Jan-2013
101970;Aditya Birla Sun Life Money Manager Fund - RETAIL - WEEKLY IDCW;;INF209K01JY8;103.7915;103.7915;103.7915;06-Jan-2013
101971;Aditya Birla Sun Life Money Manager Fund - Retail Growth;INF209K01MJ3;;188.9561;188.9561;188.9561;06-Jan-2013
101974;Aditya Birla Sun Life Money Manager Fund - WEEKLY IDCW;;INF209K01SY9;100.1225;100.1225;100.1225;06-Jan-2013

HDFC Mutual Fund
101994;HDFC Money Market Fund - Daily IDCW Option;;INF179KB1IG6;10.6364;10.6364;10.6364;06-Jan-2013
119093;HDFC Money Market Fund - Daily IDCW Option - Direct Plan;;INF179KB1HZ8;10.6364;10.6364;10.6364;06-Jan-2013
101993;HDFC Money Market Fund - Growth Option;INF179KB1HR5;;24.0254;24.0254;24.0254;06-Jan-2013
119092;HDFC Money Market Fund - Growth Option - Direct Plan;INF179KB1HU9;;24.0258;24.0258;24.0258;06-Jan-2013
101995;HDFC Money Market Fund - Weekly IDCW Option;INF179KB1IH4;INF179KB1II2;10.6295;10.6295;10.6295;06-Jan-2013
119094;HDFC Money Market Fund - Weekly IDCW Option -Direct Plan;INF179KB1IA9;INF179KB1IB7;10.6296;10.6296;10.6296;06-Jan-2013

ICICI Prudential Mutual Fund
115328;ICICI Prudential Money Market Fund Dividend;INF109K01I72;;100.0090;100.0090;100.0090;06-Jan-2013
120209;ICICI Prudential Money Market Fund Option - Direct Plan -  Daily IDCW;;INF109K01R22;100.0115;100.0115;100.0115;06-Jan-2013
120211;ICICI Prudential Money Market Fund Option - Direct Plan -  Growth;INF109K01R14;;159.1121;159.1121;159.1121;06-Jan-2013
120212;ICICI Prudential Money Market Fund Option - Direct Plan -  Weekly IDCW;INF109K01R89;;100.2055;100.2055;100.2055;06-Jan-2013
101221;ICICI Prudential Money Market Fund Retail Growth (erstwhile Cash Option);INF109K01TW3;;181.4513;181.4513;181.4513;06-Jan-2013
103634;ICICI Prudential Money Market Fund Option - Daily IDCW;INF109K01TY9;;100.0115;100.0115;100.0115;06-Jan-2013
103633;ICICI Prudential Money Market Fund Option - Growth;INF109K01TX1;;159.1106;159.1106;159.1106;06-Jan-2013
103637;ICICI Prudential Money Market Fund Option - Monthly IDCW;INF109K01UC3;INF109K01UB5;100.4842;100.4842;100.4842;06-Jan-2013
103635;ICICI Prudential Money Market Fund Option - Weekly IDCW;INF109K01TZ6;;100.2047;100.2047;100.2047;06-Jan-2013
103636;ICICI Prudential Money Market Fund Option -Fortnightly IDCW;INF109K01UA7;;100.4392;100.4392;100.4392;06-Jan-2013

Kotak Mahindra Mutual Fund
106842;Kotak Money Market Fund - (Daily Reinvestment of Income Distribution cum capital withdrawal option);INF174K01ND0;;10.1162;10.1162;10.1162;06-Jan-2013
119745;Kotak Money Market Fund - (Daily Reinvestment of Income Distribution cum capital withdrawal option) - Direct;INF174K01MZ5;;10.1162;10.1162;10.1162;06-Jan-2013
101893;Kotak Money Market Fund - (Growth);INF174K01NA6;;18.8426;18.8426;18.8426;06-Jan-2013
119746;Kotak Money Market Fund - (Growth) - Direct;INF174K01MW2;;18.8428;18.8428;18.8428;06-Jan-2013
101892;Kotak Money market Fund - (Monthly Payout of Income Distribution cum capital withdrawal option);INF174K018O0;INF174K01NB4;10.072;10.072;10.072;06-Jan-2013
119747;Kotak Money Market Fund - (Monthly Payout of Income Distribution cum capital withdrawal option) - Direct;INF174K019O8;INF174K01MX0;10.072;10.072;10.072;06-Jan-2013
101894;Kotak Money Market Fund - (Weekly Reinvestment of Income Distribution cum capital withdrawal option);INF174K01NC2;;10.1337;10.1337;10.1337;06-Jan-2013
119748;Kotak Money Market Fund - (Weekly Reinvestment of Income Distribution cum capital withdrawal option) - Direct;INF174K01MY8;;10.1504;10.1504;10.1504;06-Jan-2013

Nippon India Mutual Fund
103050;NIPPON INDIA MONEY MARKET FUND - DAILY IDCW Option;;INF204K01UY6;1000.5100;1000.5100;1000.5100;06-Jan-2013
118718;NIPPON INDIA MONEY MARKET FUND - DIRECT Plan - DAILY IDCW Option;;INF204K01ZN8;1000.5100;1000.5100;1000.5100;06-Jan-2013
118720;NIPPON INDIA MONEY MARKET FUND - DIRECT Plan - MONTHLY IDCW Option;INF204K01ZQ1;INF204K01ZR9;1003.8947;1003.8947;1003.8947;06-Jan-2013
118717;NIPPON INDIA MONEY MARKET FUND - DIRECT Plan - WEEKLY IDCW Option;;INF204K01ZO6;1000.8131;1000.8131;1000.8131;06-Jan-2013
118719;Nippon India Money Market Fund - Direct Plan Growth Plan - Growth Option;INF204K01ZP3;;1732.3302;1732.3302;1732.3302;06-Jan-2013
103052;NIPPON INDIA MONEY MARKET FUND - MONTHLY IDCW Option;INF204K01VB2;INF204K01VC0;1003.9550;1003.9550;1003.9550;06-Jan-2013
112341;NIPPON INDIA MONEY MARKET FUND - QUARTERLY IDCW Option;INF204K01VD8;INF204K01VE6;1006.2984;1006.2984;1006.2984;06-Jan-2013
103051;NIPPON INDIA MONEY MARKET FUND - WEEKLY IDCW Option;;INF204K01UZ3;1000.8087;1000.8087;1000.8087;06-Jan-2013
103049;Nippon India Money Market Fund-Growth Plan-Bonus Option;INF204K01UX8;;1018.6847;1018.6847;1018.6847;06-Jan-2013
103048;Nippon India Money Market Fund-Growth Plan-Growth Option;INF204K01VA4;;1732.3080;1732.3080;1732.3080;06-Jan-2013

Tata Mutual Fund
119421;Tata Money Market Fund- Direct Plan - Daily Reinvestment of IDCW Option;;INF277K011C6;1114.5200;1114.5200;1114.5200;06-Jan-2013
119424;Tata Money Market Fund- Direct Plan- Growth Option;INF277K01PR6;;2123.7310;2123.7310;2123.7310;06-Jan-2013
101986;Tata Money Market Fund- Regular Plan - Daily Reinvestment of IDCW Option;;INF277K014C0;1114.5200;1114.5200;1114.5200;06-Jan-2013
101847;Tata Money Market Fund-Regular Plan - Growth Option;INF277K01LQ7;;2123.7110;2123.7110;2123.7110;06-Jan-2013

UTI Mutual Fund
120299;UTI MMF - Direct Plan - Growth Option;INF789F01XV6;;1288.147;1288.147;0;06-Jan-2013
112077;UTI MMF - Regular Plan - Growth Option;INF789F01PX8;;1288.1258;1288.1258;1288.1258;06-Jan-2013
100724;UTI MMF- Discontinued - Regular Plan - Flexi Dividend Option;;INF789F01BD0;2024.4526;2024.4526;0;06-Jan-2013
100725;UTI MMF- Discontinued - Regular Plan - Periodic Dividend Option;INF789F01BE8;;2014.9045;2014.9045;0;06-Jan-2013
100723;UTI MMF-Discontinued - Regular Plan -Growth;INF789F01BF5;;3166.6533;3166.6533;0;06-Jan-2013
120772;UTI Money Market Fund - Direct Plan - Daily IDCW (Reinvestment);;INF789F01XU8;1003.3854;1003.3854;0;06-Jan-2013
120793;UTI Money Market Fund - Direct Plan - Weekly IDCW;INF789F01XW4;INF789F01XX2;1015.4822;1015.4822;0;06-Jan-2013
112076;UTI Money Market Fund - Regular Plan - Daily IDCW (Reinvestment);;INF789F01PW0;1003.3854;1003.3854;1003.3854;06-Jan-2013
112635;UTI Money Market Fund - Regular Plan - Weekly IDCW;INF789F01PY6;INF789F01PZ3;1015.4718;1015.4718;1015.4718;06-Jan-2013

Open Ended Schemes ( Debt Scheme - Floater Fund )


Franklin Templeton Mutual Fund
118508;Franklin India Floating Rate Fund - Direct - Growth;INF090I01LK1;;18.8027;18.8027;18.8027;06-Jan-2013
118507;Franklin India Floating Rate Fund - Direct - IDCW ;INF090I01LL9;;10.0031;10.0031;10.0031;06-Jan-2013
101048;Franklin India Floating Rate Fund - Growth Plan;INF090I01LM7;;18.8009;18.8009;18.8009;06-Jan-2013
101044;Franklin India Floating Rate Fund - IDCW ;INF090I01LN5;;10.0031;10.0031;10.0031;06-Jan-2013

Close Ended Schemes ( Income )


SBI Mutual Fund
114781;SBI Capital Protection Oriented Fund - Series II -;INF200K01ED2;;11.6925;N.A.;N.A.;06-Jan-2013
115824;SBI Capital Protection Oriented Fund - Series III - Growth;INF200K01IH4;;11.2950;N.A.;N.A.;06-Jan-2013
116872;SBI DEBT FUND SERIES - 13 MONTHS - 12 - DIVIDEND;INF200K01KW9;;10.9015;N.A.;N.A.;06-Jan-2013
116873;SBI DEBT FUND SERIES - 13 MONTHS - 12 - GROWTH;INF200K01KV1;;10.9015;N.A.;N.A.;06-Jan-2013
117054;SBI DEBT FUND SERIES - 13 MONTHS - 13 - DIVIDEND;INF200K01KY5;;10.8777;N.A.;N.A.;06-Jan-2013
117055;SBI DEBT FUND SERIES - 13 MONTHS - 13 - GROWTH;INF200K01KX7;;10.8776;N.A.;N.A.;06-Jan-2013
117110;SBI DEBT FUND SERIES - 15 MONTHS - 10 - DIVIDEND;INF200K01LG0;;10.7467;N.A.;N.A.;06-Jan-2013
117111;SBI DEBT FUND SERIES - 15 MONTHS - 10 - GROWTH;INF200K01LF2;;10.7467;N.A.;N.A.;06-Jan-2013
116505;SBI DEBT FUND SERIES - 15 MONTHS - 7 - DIVIDEND;INF200K01LA3;;10.9427;N.A.;N.A.;06-Jan-2013
116506;SBI DEBT FUND SERIES - 15 MONTHS - 7 - GROWTH;INF200K01KZ2;;10.9426;N.A.;N.A.;06-Jan-2013
116546;SBI DEBT FUND SERIES - 15 MONTHS - 8 - DIVIDEND;INF200K01LC9;;10.8857;N.A.;N.A.;06-Jan-2013
116545;SBI DEBT FUND SERIES - 15 MONTHS - 8 - GROWTH;INF200K01LB1;;10.8857;N.A.;N.A.;06-Jan-2013
116750;SBI DEBT FUND SERIES - 15 MONTHS - 9 - DIVIDEND;INF200K01LE5;;10.7984;N.A.;N.A.;06-Jan-2013
116751;SBI DEBT FUND SERIES - 15 MONTHS - 9 - GROWTH;INF200K01LD7;;10.7984;N.A.;N.A.;06-Jan-2013
116408;SBI DEBT FUND SERIES - 18 MONTHS - 10 - DIVIDEND;INF200K01LI6;;10.9491;N.A.;N.A.;06-Jan-2013
116407;SBI DEBT FUND SERIES - 18 MONTHS - 10 - GROWTH;INF200K01LH8;;10.9491;N.A.;N.A.;06-Jan-2013
117983;SBI DEBT FUND SERIES - 18 MONTHS - 11 - DIVIDEND;INF200K01PW8;;10.1568;N.A.;N.A.;06-Jan-2013
117984;SBI DEBT FUND SERIES - 18 MONTHS - 11 - GROWTH;INF200K01PV0;;10.1568;N.A.;N.A.;06-Jan-2013
115899;SBI DEBT FUND SERIES - 18 Months - 7 - DIVIDEND;INF200K01GX5;;11.1653;N.A.;N.A.;06-Jan-2013
115900;SBI DEBT FUND SERIES - 18 Months - 7 - GROWTH;INF200K01GW7;;11.1653;N.A.;N.A.;06-Jan-2013
116016;SBI DEBT FUND SERIES - 18 Months - 8 - DIVIDEND;INF200K01GY3;;11.1869;N.A.;N.A.;06-Jan-2013
116017;SBI DEBT FUND SERIES - 18 Months - 8 - GROWTH;INF200K01GZ0;;11.1910;N.A.;N.A.;06-Jan-2013
116400;SBI DEBT FUND SERIES - 18 MONTHS - 9 - DIVIDEND;INF200K01JI0;;10.9864;N.A.;N.A.;06-Jan-2013
116399;SBI DEBT FUND SERIES - 18 MONTHS - 9 - GROWTH;INF200K01JH2;;10.9864;N.A.;N.A.;06-Jan-2013
115263;SBI SDFS - 36 MONTHS - 1 - DIVIDEND;INF200K01EC4;;10.6375;N.A.;N.A.;06-Jan-2013
115262;SBI SDFS - 36 MONTHS - 1 - GROWTH;INF200K01EB6;;11.6961;N.A.;N.A.;06-Jan-2013
117252;SBI DEBT FUND SERIES - 366 DAYS - 1 - DIVIDEND;INF200K01NA9;;10.7034;N.A.;N.A.;06-Jan-2013
117253;SBI DEBT FUND SERIES - 366 DAYS - 1 - GROWTH;INF200K01MZ8;;10.7034;N.A.;N.A.;06-Jan-2013
117739;SBI DEBT FUND SERIES - 366 DAYS - 10 - DIVIDEND;INF200K01NY9;;10.4189;N.A.;N.A.;06-Jan-2013
117740;SBI DEBT FUND SERIES - 366 DAYS - 10 - GROWTH;INF200K01NX1;;10.4189;N.A.;N.A.;06-Jan-2013
117780;SBI DEBT FUND SERIES - 366 DAYS - 11 - DIVIDEND;INF200K01OY7;;10.3746;N.A.;N.A.;06-Jan-2013
117781;SBI DEBT FUND SERIES - 366 DAYS - 11 - GROWTH;INF200K01OX9;;10.3746;N.A.;N.A.;06-Jan-2013
117822;SBI DEBT FUND SERIES - 366 DAYS - 12 - DIVIDEND;INF200K01PA4;;10.3436;N.A.;N.A.;06-Jan-2013
117821;SBI DEBT FUND SERIES - 366 DAYS - 12 - GROWTH;INF200K01OZ4;;10.3436;N.A.;N.A.;06-Jan-2013
117833;SBI DEBT FUND SERIES - 366 DAYS - 13 - DIVIDEND;INF200K01PC0;;10.3019;N.A.;N.A.;06-Jan-2013
117832;SBI DEBT FUND SERIES - 366 DAYS - 13 - GROWTH;INF200K01PB2;;10.3019;N.A.;N.A.;06-Jan-2013
117857;SBI DEBT FUND SERIES - 366 DAYS - 14 - DIVIDEND;INF200K01PE6;;10.2965;N.A.;N.A.;06-Jan-2013
117858;SBI DEBT FUND SERIES - 366 DAYS - 14 - GROWTH;INF200K01PD8;;10.2965;N.A.;N.A.;06-Jan-2013
117917;SBI DEBT FUND SERIES - 366 DAYS - 15 - DIVIDEND;INF200K01PG1;;10.2506;N.A.;N.A.;06-Jan-2013
117918;SBI DEBT FUND SERIES - 366 DAYS - 15 - GROWTH;INF200K01PF3;;10.2506;N.A.;N.A.;06-Jan-2013
117987;SBI DEBT FUND SERIES - 366 DAYS - 16 - DIVIDEND;INF200K01PI7;;10.1458;N.A.;N.A.;06-Jan-2013
117986;SBI DEBT FUND SERIES - 366 DAYS - 16 - GROWTH;INF200K01PH9;;10.1458;N.A.;N.A.;06-Jan-2013
117997;SBI DEBT FUND SERIES - 366 DAYS - 17 - DIVIDEND;INF200K01PK3;;10.1239;N.A.;N.A.;06-Jan-2013
117996;SBI DEBT FUND SERIES - 366 DAYS - 17 - GROWTH;INF200K01PJ5;;10.1239;N.A.;N.A.;06-Jan-2013
118011;SBI DEBT FUND SERIES - 366 DAYS - 18 - DIVIDEND;INF200K01PM9;;10.0982;N.A.;N.A.;06-Jan-2013
118012;SBI DEBT FUND SERIES - 366 DAYS - 18 - GROWTH;INF200K01PL1;;10.0982;N.A.;N.A.;06-Jan-2013
118218;SBI DEBT FUND SERIES - 366 DAYS - 19 - DIVIDEND;INF200K01PO5;;10.0670;N.A.;N.A.;06-Jan-2013
118219;SBI DEBT FUND SERIES - 366 DAYS - 19 - GROWTH;INF200K01PN7;;10.0670;N.A.;N.A.;06-Jan-2013
117294;SBI DEBT FUND SERIES - 366 DAYS - 2 - DIVIDEND;INF200K01NC5;;10.6738;N.A.;N.A.;06-Jan-2013
117295;SBI DEBT FUND SERIES - 366 DAYS - 2 - GROWTH;INF200K01NB7;;10.6738;N.A.;N.A.;06-Jan-2013
118333;SBI DEBT FUND SERIES - 366 DAYS - 21 - DIVIDEND;INF200K01PS6;;10.0251;N.A.;N.A.;06-Jan-2013
118334;SBI DEBT FUND SERIES - 366 DAYS - 21 - GROWTH;INF200K01PR8;;10.0305;N.A.;N.A.;06-Jan-2013
117335;SBI DEBT FUND SERIES - 366 DAYS - 3 - DIVIDEND;INF200K01NE1;;10.6714;N.A.;N.A.;06-Jan-2013
117336;SBI DEBT FUND SERIES - 366 DAYS - 3 - GROWTH;INF200K01ND3;;10.6714;N.A.;N.A.;06-Jan-2013
117408;SBI DEBT FUND SERIES - 366 DAYS - 4 - DIVIDEND;INF200K01NG6;;10.6255;N.A.;N.A.;06-Jan-2013
117407;SBI DEBT FUND SERIES - 366 DAYS - 4 - GROWTH;INF200K01NF8;;10.6255;N.A.;N.A.;06-Jan-2013
117475;SBI DEBT FUND SERIES - 366 DAYS - 5 - DIVIDEND;INF200K01NI2;;10.6285;N.A.;N.A.;06-Jan-2013
117476;SBI DEBT FUND SERIES - 366 DAYS - 5 - GROWTH;INF200K01NH4;;10.6285;N.A.;N.A.;06-Jan-2013
117557;SBI DEBT FUND SERIES - 366 DAYS - 6 - DIVIDEND;INF200K01NQ5;;10.5325;N.A.;N.A.;06-Jan-2013
117558;SBI DEBT FUND SERIES - 366 DAYS - 6 - GROWTH;INF200K01NP7;;10.5325;N.A.;N.A.;06-Jan-2013
117625;SBI DEBT FUND SERIES - 366 DAYS - 7 - DIVIDEND;INF200K01NS1;;10.5470;N.A.;N.A.;06-Jan-2013
117626;SBI DEBT FUND SERIES - 366 DAYS - 7 - GROWTH;INF200K01NR3;;10.5470;N.A.;N.A.;06-Jan-2013
117695;SBI DEBT FUND SERIES - 366 DAYS - 8 - DIVIDEND;INF200K01NU7;;10.4624;N.A.;N.A.;06-Jan-2013
117696;SBI DEBT FUND SERIES - 366 DAYS - 8 - GROWTH;INF200K01NT9;;10.4624;N.A.;N.A.;06-Jan-2013
117707;SBI DEBT FUND SERIES - 366 DAYS - 9 - DIVIDEND;INF200K01NW3;;10.4285;N.A.;N.A.;06-Jan-2013
117708;SBI DEBT FUND SERIES - 366 DAYS - 9 - GROWTH;INF200K01NV5;;10.4285;N.A.;N.A.;06-Jan-2013
116466;SBI DEBT FUND SERIES - 367 DAYS - 13 - DIVIDEND;INF200K01KI8;;10.9535;N.A.;N.A.;06-Jan-2013
116467;SBI DEBT FUND SERIES - 367 DAYS - 13 - GROWTH;INF200K01KH0;;10.9535;N.A.;N.A.;06-Jan-2013
116602;SBI DEBT FUND SERIES - 367 DAYS - 14 - DIVIDEND;INF200K01KK4;;10.9224;N.A.;N.A.;06-Jan-2013
116603;SBI DEBT FUND SERIES - 367 DAYS - 14 - GROWTH;INF200K01KJ6;;10.9224;N.A.;N.A.;06-Jan-2013
116624;SBI DEBT FUND SERIES - 367 DAYS - 15 - DIVIDEND;INF200K01KM0;;10.8520;N.A.;N.A.;06-Jan-2013
116625;SBI DEBT FUND SERIES - 367 DAYS - 15 - GROWTH;INF200K01KL2;;10.8520;N.A.;N.A.;06-Jan-2013
116687;SBI DEBT FUND SERIES - 367 DAYS - 16 - DIVIDEND;INF200K01KO6;;10.9006;N.A.;N.A.;06-Jan-2013
116686;SBI DEBT FUND SERIES - 367 DAYS - 16 - GROWTH;INF200K01KN8;;10.9005;N.A.;N.A.;06-Jan-2013
117142;SBI DEBT FUND SERIES - 367 DAYS - 17 - DIVIDEND;INf200K01KQ1;;10.7730;N.A.;N.A.;06-Jan-2013
117143;SBI DEBT FUND SERIES - 367 DAYS - 17 - GROWTH;INF200K01KP3;;10.8768;N.A.;N.A.;06-Jan-2013
117184;SBI DEBT FUND SERIES - 367 DAYS - 18 - DIVIDEND;INF200K01KS7;;10.8000;N.A.;N.A.;06-Jan-2013
117183;SBI DEBT FUND SERIES - 367 DAYS - 18 - GROWTH;INF200K01KR9;;10.8001;N.A.;N.A.;06-Jan-2013
117189;SBI DEBT FUND SERIES - 367 DAYS - 19 - DIVIDEND;INF200K01KU3;;10.8428;N.A.;N.A.;06-Jan-2013
117190;SBI DEBT FUND SERIES - 367 DAYS - 19 - GROWTH;INF200K01KT5;;10.8429;N.A.;N.A.;06-Jan-2013
113321;SBI Debt Fund Series - 60 Months - 1 - Dividend;INF200K01CQ8;;11.8384;N.A.;N.A.;06-Jan-2013
113401;SBI Debt Fund Series - 60 Months - 1 - Growth;INF200K01CP0;;11.8383;N.A.;N.A.;06-Jan-2013
118220;SBI DEBT FUND SERIES - 60 MONTHS - 2 - DIVIDEND;INF200K01QD6;;10.0328;N.A.;N.A.;06-Jan-2013
118221;SBI DEBT FUND SERIES - 60 MONTHS - 2 - GROWTH;INF200K01QC8;;10.0328;N.A.;N.A.;06-Jan-2013
118216;SBI DEBT FUND SERIES - 90 DAYS - 72 - DIVIDEND;INF200K01OG4;;10.0640;N.A.;N.A.;06-Jan-2013
118217;SBI DEBT FUND SERIES - 90 DAYS - 72 - GROWTH;INF200K01OF6;;10.0628;N.A.;N.A.;06-Jan-2013
118289;SBI DEBT FUND SERIES - 90 DAYS - 73 - DIVIDEND;INF200K01OI0;;10.0419;N.A.;N.A.;06-Jan-2013
118290;SBI DEBT FUND SERIES - 90 DAYS - 73 - GROWTH;INF200K01OH2;;10.0419;N.A.;N.A.;06-Jan-2013
