Scheme Code;Scheme Name;ISIN Div Payout/ISIN Growth;ISIN Div Reinvestment;Net Asset Value;Repurchase Price;Sale Price;Date

Open Ended Schemes ( Debt Scheme - Overnight Fund )


Aditya Birla Sun Life Mutual Fund
145488;ADITYA BIRLA SUN LIFE OVERNIGHT FUND-  Direct - Monthly Payout of IDCW;INF209KB1ZL4;;1002.5477;;;15-Mar-2025
145489;ADITYA BIRLA SUN LIFE OVERNIGHT FUND-  Direct - Weekly Reinvestment of IDCW;;INF209KB1ZJ8;1001.2957;;;15-Mar-2025
145482;ADITYA BIRLA SUN LIFE OVERNIGHT FUND-  Regular - Weekly Reinvestment of IDCW option;;INF209KB1ZE9;1001.3534;;;15-Mar-2025
145487;ADITYA BIRLA SUN LIFE OVERNIGHT FUND- Direct - Daily Reinvestment of IDCW;;INF209KB1ZI0;1000.3687;;;15-Mar-2025
145483;ADITYA BIRLA SUN LIFE OVERNIGHT FUND- Regular - Daily Reinvestment of IDCW;;INF209KB1ZD1;1000.3629;;;15-Mar-2025
145485;ADITYA BIRLA SUN LIFE OVERNIGHT FUND- Regular- Monthly Payout of IDCW option;INF209KB1ZG4;;1002.5029;;;15-Mar-2025
145486;ADITYA BIRLA SUN LIFE OVERNIGHT FUND-DIRECT PLAN-GROWTH;INF209KB1ZH2;;1377.1899;;;15-Mar-2025
145481;ADITYA BIRLA SUNLIFE OVERNIGHT FUND-REGULAR PLAN-GROWTH;INF209KB1ZC3;;1367.07;;;15-Mar-2025

Axis Mutual Fund
146679;Axis Overnight Fund - Direct Plan - Daily IDCW;;INF846K01N99;1000.5073;;;15-Mar-2025
146675;Axis Overnight Fund - Direct Plan - Growth Option;INF846K01N65;;1347.2660;;;15-Mar-2025
146677;Axis Overnight Fund - Direct Plan - Monthly IDCW;INF846K01N73;INF846K01N81;1003.9096;;;15-Mar-2025
146676;Axis Overnight Fund - Direct Plan - Weekly IDCW;INF846K01N40;INF846K01N57;1001.5719;;;15-Mar-2025
146682;Axis Overnight Fund - Regular Plan - Daily IDCW;;INF846K01O56;1000.5032;;;15-Mar-2025
146678;Axis Overnight Fund - Regular Plan - Growth Option;INF846K01O23;;1342.8305;;;15-Mar-2025
146681;Axis Overnight Fund - Regular Plan - Monthly IDCW;INF846K01O31;INF846K01O49;1003.8849;;;15-Mar-2025
146680;Axis Overnight Fund - Regular Plan - Weekly IDCW;INF846K01O07;INF846K01O15;1001.5316;;;15-Mar-2025

Bajaj Finserv Mutual Fund
151843;Bajaj Finserv Overnight Fund - Direct Plan - Daily - IDCW;;INF0QA701185;1033.1412;;;15-Mar-2025
151850;Bajaj Finserv Overnight Fund - Direct Plan - Fortnightly - IDCW;INF0QA701235;INF0QA701201;1034.0500;;;15-Mar-2025
151849;Bajaj Finserv Overnight Fund - Direct Plan - Growth;INF0QA701177;;1116.6446;;;15-Mar-2025
151845;Bajaj Finserv Overnight Fund - Direct Plan - Monthly - IDCW;INF0QA701243;INF0QA701219;1037.6916;;;15-Mar-2025
151844;Bajaj Finserv Overnight Fund - Direct Plan - Weekly - IDCW;INF0QA701227;INF0QA701193;1034.0468;;;15-Mar-2025
151852;Bajaj Finserv Overnight Fund - Regular Plan - Daily - IDCW;;INF0QA701292;1032.8859;;;15-Mar-2025
151847;Bajaj Finserv Overnight Fund - Regular Plan - Fortnightly - IDCW;INF0QA701318;INF0QA701276;1033.7874;;;15-Mar-2025
151851;Bajaj Finserv Overnight Fund - Regular Plan - Growth;INF0QA701250;;1115.6983;;;15-Mar-2025
151848;Bajaj Finserv Overnight Fund - Regular Plan - Monthly - IDCW;INF0QA701326;INF0QA701284;1037.4081;;;15-Mar-2025
151846;Bajaj Finserv Overnight Fund - Regular Plan - Weekly - IDCW;INF0QA701300;INF0QA701268;1033.7645;;;15-Mar-2025

Bandhan Mutual Fund
146190;BANDHAN Overnight Fund - Direct Plan - Daily IDCW;INF194KB1462;INF194KB1470;1000.3509;;;15-Mar-2025
146191;BANDHAN Overnight Fund - Direct Plan - Growth;INF194KB1447;;1357.9274;;;15-Mar-2025
146183;BANDHAN Overnight Fund - Direct Plan - Monthly IDCW;INF194KB1496;INF194KB1504;1002.6994;;;15-Mar-2025
146184;BANDHAN Overnight Fund - Direct Plan - Periodic IDCW;INF194KB1520;INF194KB1538;1237.2483;;;15-Mar-2025
146192;BANDHAN Overnight Fund - Direct Plan - Weekly IDCW;INF194KB1553;INF194KB1561;1000.3448;;;15-Mar-2025
146188;BANDHAN Overnight Fund - Regular Plan - Daily IDCW;INF194KB1330;INF194KB1348;1000.3369;;;15-Mar-2025
146187;BANDHAN Overnight Fund - Regular Plan - Growth;INF194KB1314;;1348.8379;;;15-Mar-2025
146185;BANDHAN Overnight Fund - Regular Plan - Monthly IDCW;INF194KB1363;INF194KB1371;1002.6756;;;15-Mar-2025
146189;BANDHAN Overnight Fund - Regular Plan - Weekly IDCW;INF194KB1421;INF194KB1439;1001.2700;;;15-Mar-2025
146186;BANDHAN Overnight Fund - REGULAR PLAN PERIODIC IDCW;INF194KB1397;INF194KB1405;1234.1950;;;15-Mar-2025

Bank of India Mutual Fund
147951;BANK OF INDIA Overnight Fund Direct Plan Growth;INF761K01EU7;;1291.8197;;;15-Mar-2025
147952;BANK OF INDIA Overnight Fund Direct Plan- Daily IDCW;;INF761K01EV5;1000.0085;;;15-Mar-2025
147948;BANK OF INDIA Overnight Fund Direct Plan- Monthly IDCW;INF761K01EY9;INF761K01EX1;1002.7750;;;15-Mar-2025
147950;BANK OF INDIA Overnight Fund Direct Plan- Weekly IDCW;;INF761K01EW3;1000.8741;;;15-Mar-2025
147936;BANK OF INDIA Overnight Fund Regular Plan Growth;INF761K01EZ6;;1288.3761;;;15-Mar-2025
147953;BANK OF INDIA Overnight Fund Regular Plan- Daily IDCW;;INF761K01FA6;1000.0037;;;15-Mar-2025
147949;BANK OF INDIA Overnight Fund Regular Plan- Monthly IDCW;INF761K01FD0;INF761K01FC2;1002.7471;;;15-Mar-2025
147947;BANK OF INDIA Overnight Fund Regular Plan- Weekly IDCW;;INF761K01FB4;1000.8671;;;15-Mar-2025
149412;BANK OF INDIA Overnight Fund Unclaimed IDCW Plan - Greater than 3 Years;;;1000.0000;;;15-Mar-2025
149414;BANK OF INDIA Overnight Fund Unclaimed IDCW Plan - Up to 3 Years;;;1214.6318;;;15-Mar-2025
149415;BANK OF INDIA Overnight Fund Unclaimed Redemption Plan - Greater than 3 Years;;;1000.0000;;;15-Mar-2025
149413;BANK OF INDIA Overnight Fund Unclaimed Redemption Plan - Upto 3 Years;;;1214.9208;;;15-Mar-2025

Baroda BNP Paribas Mutual Fund
147197;Baroda BNP Paribas Overnight Fund - Direct Plan - Daily IDCW;;INF955L01HW2;1000.0028;;;15-Mar-2025
147196;Baroda BNP Paribas Overnight Fund - Direct Plan - Growth;INF955L01HV4;;1337.2028;;;15-Mar-2025
147195;Baroda BNP Paribas Overnight Fund - Direct Plan - Weekly IDCW;;INF955L01HX0;1000.8047;;;15-Mar-2025
149988;Baroda BNP Paribas Overnight Fund - Plan C - Unclaimed IDCW - Greater than 3 years;;;1000.0000;;;15-Mar-2025
149991;Baroda BNP Paribas Overnight Fund - Plan C - Unclaimed IDCW - Up to 3 years;;;1199.7622;;;15-Mar-2025
149990;Baroda BNP Paribas Overnight Fund - Plan C - Unclaimed Redemption - Greater than 3 years;;;1000.0000;;;15-Mar-2025
149989;Baroda BNP Paribas Overnight Fund - Plan C - Unclaimed Redemption - Up to 3 years;;;1199.7467;;;15-Mar-2025
147194;Baroda BNP Paribas Overnight Fund - Regular Plan - Daily IDCW;;INF955L01HT8;1000.0018;;;15-Mar-2025
147193;Baroda BNP Paribas Overnight Fund - Regular Plan - Growth;INF955L01HS0;;1332.1638;;;15-Mar-2025
147198;Baroda BNP Paribas Overnight Fund - Regular Plan - Weekly IDCW;;INF955L01HU6;1001.2735;;;15-Mar-2025

Canara Robeco Mutual Fund
147532;CANARA ROBECO OVERNIGHT FUND - DIRECT PLAN - DAILY IDCW (Reinvestment);;INF760K01JN3;1001.0012;;;15-Mar-2025
147531;CANARA ROBECO OVERNIGHT FUND - DIRECT PLAN - GROWTH OPTION;INF760K01JM5;;1315.3253;;;15-Mar-2025
147533;CANARA ROBECO OVERNIGHT FUND - REGULAR PLAN - DAILY IDCW (Reinvestment);;INF760K01JP8;1001.0000;;;15-Mar-2025
147534;CANARA ROBECO OVERNIGHT FUND - REGULAR PLAN - GROWTH OPTION;INF760K01JO1;;1314.0866;;;15-Mar-2025

DSP Mutual Fund
146062;DSP Overnight Fund - Direct Plan - Growth;INF740KA1MC8;;1363.8556;;;15-Mar-2025
146065;DSP Overnight Fund - Direct Plan - IDCW - Daily;;INF740KA1OR2;1000.3559;;;15-Mar-2025
146061;DSP Overnight Fund - Regular Plan - Growth;INF740KA1MB0;;1356.9805;;;15-Mar-2025
146066;DSP Overnight Fund - Regular Plan - IDCW - Daily;;INF740KA1OU6;1000.3499;;;15-Mar-2025
146063;DSP Overnight Fund - Regular Plan - IDCW - Weekly;INF740KA1OV4;INF740KA1OW2;1001.0535;;;15-Mar-2025
149313;Unclaimed IDCW - Beyond 3 years (Invested in DSP Overnight Fund);;;10.0035;;;15-Mar-2025
149312;Unclaimed IDCW - Upto 3 years (Invested in DSP Overnight Fund);;;12.1489;;;15-Mar-2025
149311;Unclaimed Redemption - Beyond 3 years (Invested in DSP Overnight Fund);;;10.0035;;;15-Mar-2025
149310;Unclaimed Redemption - Upto 3 years (Invested in DSP Overnight Fund);;;12.1489;;;15-Mar-2025

Edelweiss Mutual Fund
147551;Edelweiss Overnight Fund - Direct Plan - Annual - IDCW Option;INF754K01KD5;INF754K01KC7;1318.2552;;;15-Mar-2025
147557;Edelweiss Overnight Fund - Direct Plan - Daily - IDCW Option;;INF754K01JW7;1000.1046;;;15-Mar-2025
147570;Edelweiss Overnight Fund - Direct Plan - Growth;INF754K01JV9;;1317.8033;;;15-Mar-2025
147554;Edelweiss Overnight Fund - Direct Plan - Monthly - IDCW Option;INF754K01KB9;INF754K01KA1;1060.6802;;;15-Mar-2025
147556;Edelweiss Overnight Fund - Regular Plan - Annual - IDCW Option;INF754K01KM6;INF754K01KL8;1313.6601;;;15-Mar-2025
147552;Edelweiss Overnight Fund - Regular Plan - Daily - IDCW Option;;INF754K01KF0;1008.2971;;;15-Mar-2025
147549;Edelweiss Overnight Fund - Regular Plan - Fortnightly - IDCW Option;INF754K01KI4;INF754K01KH6;1095.2952;;;15-Mar-2025
147569;Edelweiss Overnight Fund - Regular Plan - Growth;INF754K01KE3;;1313.6575;;;15-Mar-2025
147555;Edelweiss Overnight Fund - Regular Plan - Monthly - IDCW Option;INF754K01KK0;INF754K01KJ2;1007.4008;;;15-Mar-2025
147553;Edelweiss Overnight Fund - Regular Plan - Weekly - IDCW Option;;INF754K01KG8;1017.1716;;;15-Mar-2025
149476;Edelweiss Overnight Fund - Unclaimed IDCW Plan - Above 3 years;;;1000;;;15-Mar-2025
149477;Edelweiss Overnight Fund - Unclaimed IDCW Plan - Upto 3 years;;;1205.719;;;15-Mar-2025
149479;Edelweiss Overnight Fund - Unclaimed Redemption Plan - Above 3 years;;;1000;;;15-Mar-2025
149478;Edelweiss Overnight Fund - Unclaimed Redemption Plan - Upto 3 years;;;1205.7174;;;15-Mar-2025

Franklin Templeton Mutual Fund
147213;Franklin India Overnight fund- Growth;INF090I01SO8;;1323.6496;;;15-Mar-2025
147214;Franklin India Overnight Fund- Growth - Direct;INF090I01SS9;;1327.6234;;;15-Mar-2025

HDFC Mutual Fund
101996;HDFC Overnight Fund - Growth Option;INF179KB1HS3;;3740.89;;;15-Mar-2025
119110;HDFC Overnight Fund - Growth Option - Direct Plan;INF179KB1HT1;;3776.297;;;15-Mar-2025

HSBC Mutual Fund
147291;HSBC Overnight Fund - Direct Daily IDCW;;INF336L01OG4;1000.4132;;;15-Mar-2025
147287;HSBC Overnight Fund - Direct Growth;INF336L01OF6;;1332.3746;;;15-Mar-2025
147300;HSBC Overnight Fund - Direct Monthly IDCW;INF336L01OK6;INF336L01OI0;1003.1101;;;15-Mar-2025
147296;HSBC Overnight Fund - Direct Weekly IDCW;INF336L01OJ8;INF336L01OH2;1000.7783;;;15-Mar-2025
147289;HSBC Overnight Fund - Regular Daily IDCW;;INF336L01OM2;1000.4081;;;15-Mar-2025
147290;HSBC Overnight Fund - Regular Growth;INF336L01OL4;;1322.2339;;;15-Mar-2025
147301;HSBC Overnight Fund - Regular Monthly IDCW;INF336L01OQ3;INF336L01OO8;1003.0607;;;15-Mar-2025
147288;HSBC Overnight Fund - Regular Weekly IDCW;INF336L01OP5;INF336L01ON0;1000.7988;;;15-Mar-2025
150501;HSBC Overnight Fund - Unclaimed IDCW Above three years;;;1000;;;15-Mar-2025
150499;HSBC Overnight Fund - Unclaimed IDCW Below three years;;;1182.4802;;;15-Mar-2025
150500;HSBC Overnight Fund - Unclaimed Redemption above three years;;;1000;;;15-Mar-2025
150502;HSBC Overnight Fund - Unclaimed Redemption Below three years;;;1182.4902;;;15-Mar-2025

ICICI Prudential Mutual Fund
145536;ICICI Prudential Overnight Fund - Direct Plan - Growth;INF109KC11G1;;1372.0335;;;15-Mar-2025
145535;ICICI Prudential Overnight Fund - Growth;INF109KC17E3;;1364.6282;;;15-Mar-2025

Invesco Mutual Fund
147884;Invesco India Overnight Fund - Direct Plan - Daily IDCW (Reinvestment);;INF205KA1122;1000.5303;;;15-Mar-2025
147883;Invesco India Overnight Fund - Direct Plan - Growth;INF205KA1163;;1286.5363;;;15-Mar-2025
147886;Invesco India Overnight Fund - Direct Plan - Monthly IDCW (Payout / Reinvestment);INF205KA1155;INF205KA1148;1002.7391;;;15-Mar-2025
147885;Invesco India Overnight Fund - Direct Plan - Weekly IDCW (Reinvestment);;INF205KA1130;1002.4202;;;15-Mar-2025
147880;Invesco India Overnight Fund - Regular Plan - Daily IDCW (Reinvestment);;INF205KA1072;1000.1395;;;15-Mar-2025
147878;Invesco India Overnight Fund - Regular Plan - Growth;INF205KA1114;;1282.7704;;;15-Mar-2025
147879;Invesco India Overnight Fund - Regular Plan - Monthly IDCW (Payout / Reinvestment);INF205KA1106;INF205KA1098;1002.7883;;;15-Mar-2025
147881;Invesco India Overnight Fund - Regular Plan - Weekly IDCW (Reinvestment);;INF205KA1080;1001.076;;;15-Mar-2025

ITI Mutual Fund
147713;ITI Overnight Fund - Direct Plan - Growth Option;INF00XX01564;;1291.6019;;;15-Mar-2025
147717;ITI Overnight Fund - Direct Plan - Monthly IDCW Option;INF00XX01630;INF00XX01606;1003.7729;;;15-Mar-2025
147715;ITI Overnight Fund - Regular Plan - Annual IDCW Option;INF00XX01556;INF00XX01523;1204.5712;;;15-Mar-2025
147709;ITI Overnight Fund - Regular Plan - Daily IDCW Option;;INF00XX01481;1001.0000;;;15-Mar-2025
147716;ITI Overnight Fund - Regular Plan - Fortnightly IDCW Option;INF00XX01531;INF00XX01507;1001.6653;;;15-Mar-2025
147714;ITI Overnight Fund - Regular Plan - Growth Option;INF00XX01473;;1284.5432;;;15-Mar-2025
147718;ITI Overnight Fund - Regular Plan - Monthly IDCW Option;INF00XX01549;INF00XX01515;1001.0714;;;15-Mar-2025
147712;ITI Overnight Fund - Regular Plan - Weekly IDCW Option;;INF00XX01499;1001.6526;;;15-Mar-2025

Kotak Mahindra Mutual Fund
146141;Kotak Overnight Fund -Direct Plan-Growth Option;INF174KA1BF9;;1358.2693;;;15-Mar-2025
146142;Kotak Overnight Fund -Regular plan-Growth Option;INF174KA1BC6;;1350.5545;;;15-Mar-2025
146140;Kotak Overnight Fund-Direct Plan- Daily Reinvestment of Income Distribution cum capital withdrawal option;;INF174KA1BE2;1003.956;;;15-Mar-2025
146138;Kotak Overnight Fund-Regular Plan- Daily Reinvestment of Income Distribution cum capital withdrawal option;;INF174KA1BB8;1005.103;;;15-Mar-2025

LIC Mutual Fund
147516;LIC MF Overnight Fund-Direct Plan-Daily IDCW;;INF767K01QG7;1058.4557;;;15-Mar-2025
147515;LIC MF Overnight Fund-Direct Plan-Growth;INF767K01QI3;;1319.7681;;;15-Mar-2025
147513;LIC MF Overnight Fund-Direct Plan-IDCW;INF767K01QE2;INF767K01QF9;1319.4987;;;15-Mar-2025
147514;LIC MF Overnight Fund-Direct Plan-Weekly IDCW;;INF767K01QH5;1024.3905;;;15-Mar-2025
147519;LIC MF Overnight Fund-Regular Plan-Growth;INF767K01QD4;;1310.0863;;;15-Mar-2025
147512;LIC MF Overnight Fund-Regular Plan-IDCW;INF767K01PZ9;INF767K01QA0;1158.4347;;;15-Mar-2025
147518;LIC MF Overnight Fund-Regular Plan-Weekly IDCW;;INF767K01QC6;1152.4834;;;15-Mar-2025

Mahindra Manulife Mutual Fund
147563;Mahindra Manulife Overnight Fund - Direct Plan - Daily IDCW;;INF174V01846;1321.3636;;;15-Mar-2025
147564;Mahindra Manulife Overnight Fund - Direct Plan -Growth;INF174V01838;;1317.9040;;;15-Mar-2025
147566;Mahindra Manulife Overnight Fund - Regular Plan - Daily IDCW;;INF174V01820;1162.3046;;;15-Mar-2025
147565;Mahindra Manulife Overnight Fund - Regular Plan - Growth;INF174V01812;;1310.3972;;;15-Mar-2025
149471;Mahindra Manulife Overnight Fund - Unclaimed Redemption/IDCW beyond 3 years;;;1000.0000;;;15-Mar-2025
149470;Mahindra Manulife Overnight Fund - Unclaimed Redemption/IDCW upto 3 years;;;1208.6054;;;15-Mar-2025

Mirae Asset Mutual Fund
147737;Mirae Asset Overnight Fund Direct Daily IDCW;;INF769K01FJ0;1000.0004;;;15-Mar-2025
147738;Mirae Asset Overnight Fund Direct Monthly IDCW;INF769K01FF8;INF769K01FI2;1003.2082;;;15-Mar-2025
147736;Mirae Asset Overnight Fund Direct Plan Growth;INF769K01FG6;;1305.6349;;;15-Mar-2025
147740;Mirae Asset Overnight Fund Direct Weekly IDCW;;INF769K01FK8;1000.5279;;;15-Mar-2025
147743;Mirae Asset Overnight Fund Regular Daily  IDCW ;;INF769K01FL6;1000.0156;;;15-Mar-2025
147742;Mirae Asset Overnight Fund Regular Monthly IDCW;INF769K01FD3;INF769K01FH4;1003.1639;;;15-Mar-2025
147739;Mirae Asset Overnight Fund Regular Plan Growth;INF769K01FE1;;1299.0224;;;15-Mar-2025
147741;Mirae Asset Overnight Fund Regular Weekly IDCW;;INF769K01FM4;1000.5199;;;15-Mar-2025

Nippon India Mutual Fund
145830;NIPPON INDIA OVERNIGHT FUND - DAILY IDCW Option;;INF204KB1Q73;100.0404;;;15-Mar-2025
145812;NIPPON INDIA OVERNIGHT FUND - DIRECT Plan - DAILY IDCW Option;;INF204KB1R49;100.0406;;;15-Mar-2025
145810;Nippon India Overnight Fund - Direct Plan - Growth Option;INF204KB1R31;;136.7444;;;15-Mar-2025
145824;NIPPON INDIA OVERNIGHT FUND - DIRECT Plan - MONTHLY IDCW Option;INF204KB1R64;INF204KB1R72;100.4270;;;15-Mar-2025
145825;NIPPON INDIA OVERNIGHT FUND - DIRECT Plan - QUARTERLY IDCW Option;INF204KB1R80;INF204KB1R98;101.8140;;;15-Mar-2025
145823;NIPPON INDIA OVERNIGHT FUND - DIRECT Plan - WEEKLY IDCW Option;;INF204KB1R56;100.1423;;;15-Mar-2025
145827;NIPPON INDIA OVERNIGHT FUND - MONTHLY IDCW Option;INF204KB1Q99;INF204KB1R07;100.4144;;;15-Mar-2025
145833;NIPPON INDIA OVERNIGHT FUND - QUARTERLY IDCW Option;INF204KB1R15;INF204KB1R23;101.7931;;;15-Mar-2025
145811;Nippon India Overnight Fund - Regular Plan - Growth Option;INF204KB1Q65;;135.9411;;;15-Mar-2025
145826;NIPPON INDIA OVERNIGHT FUND - WEEKLY IDCW Option;;INF204KB1Q81;100.1408;;;15-Mar-2025

NJ Mutual Fund
150369;NJ Overnight Fund - Direct Plan - Growth Option;INF0J8L01081;;1179.2761;;;15-Mar-2025
150368;NJ Overnight Fund - Regular Plan - Growth Option;INF0J8L01073;;1176.1606;;;15-Mar-2025
152116;NJ Overnight Fund - Unclaimed Redemption Plan - Upto 3 Years;;;1024.5269;;;15-Mar-2025

PGIM India Mutual Fund
147605;PGIM India Overnight Fund - Direct Plan - Daily Dividend Option;;INF663L01T35;1000.0093;;;15-Mar-2025
147606;PGIM India Overnight Fund - Direct Plan - Growth Option;INF663L01T01;;1313.8837;;;15-Mar-2025
147608;PGIM India Overnight Fund - Direct Plan - Weekly Dividend Option;INF663L01T19;INF663L01T27;1003.2968;;;15-Mar-2025
147609;PGIM India Overnight Fund - Regular Plan - Daily Dividend Option;;INF663L01T76;1000;;;15-Mar-2025
147607;PGIM India Overnight Fund - Regular Plan - Weekly Dividend Option;INF663L01T50;INF663L01T68;1008.3832;;;15-Mar-2025
147600;PGIM India Overnight Fund - Regular Plan- Growth Option;INF663L01T43;;1308.5188;;;15-Mar-2025

Samco Mutual Fund
150631;Samco Overnight Fund - Direct Plan - Growth Option;INF0K1H01040;;1166.2205;;;15-Mar-2025
150632;Samco Overnight Fund - Regular Plan - Growth Option;INF0K1H01032;;1159.9169;;;15-Mar-2025
153021;Samco Overnight Fund - Unclaimed Redemption Upto 3 years;;;1019.8000;;;15-Mar-2025

SBI Mutual Fund
119831;SBI Overnight Fund - Direct Plan - Daily Income Distribution cum Capital Withdrawal Option (IDCW);;INF200K01TJ7;1285.4909;;;15-Mar-2025
119833;SBI OVERNIGHT FUND - DIRECT PLAN - GROWTH;INF200K01TK5;;4141.5701;;;15-Mar-2025
119832;SBI Overnight Fund - Direct Plan - Weekly Income Distribution cum Capital Withdrawal Option (IDCW);INF200K01TL3;INF200K01TM1;1312.6720;;;15-Mar-2025
114297;SBI Overnight Fund - Regular Plan - Daily Income Distribution cum Capital Withdrawal Option (IDCW);;INF200K01LN6;1280.5717;;;15-Mar-2025
101206;SBI OVERNIGHT FUND - REGULAR PLAN - GROWTH;INF200K01LQ9;;4088.7023;;;15-Mar-2025
103140;SBI Overnight Fund - Regular Plan - Weekly Income Distribution cum Capital Withdrawal Option (IDCW);INF200K01LO4;INF200K01LP1;1307.5521;;;15-Mar-2025

Shriram Mutual Fund
150562;Shriram Overnight Fund -  Direct Growth;INF680P01323;;11.7657;;;15-Mar-2025
150561;Shriram Overnight Fund - Direct Daily IDCW;;INF680P01331;10;;;15-Mar-2025
150567;Shriram Overnight Fund - Direct Monthly IDCW;INF680P01380;INF680P01398;10.0428;;;15-Mar-2025
150558;Shriram Overnight Fund - Regular Daily IDCW;;INF680P01257;10;;;15-Mar-2025
150565;Shriram Overnight Fund - Regular Growth;INF680P01232;;11.7381;;;15-Mar-2025
150560;Shriram Overnight Fund - Regular Monthly IDCW;INF680P01307;INF680P01315;10.0425;;;15-Mar-2025

Sundaram Mutual Fund
146963;Sundaram Overnight Fund Direct Plan - Growth;INF903JA1HG5;;1352.7919;;;15-Mar-2025
146962;Sundaram Overnight Fund Direct Plan - Monthly Payout of Income Distribution cum Capital Withdrawal (IDCW);INF903JA1HH3;;1046.9193;;;15-Mar-2025
146957;Sundaram Overnight Fund Direct Plan - Monthly Reinvestment of Income Distribution cum Capital Withdrawal (IDCW);INF903JA1HM3;;1046.9193;;;15-Mar-2025
146959;Sundaram Overnight Fund Regular Plan - Growth;INF903JA1GZ7;;1344.7547;;;15-Mar-2025
146960;Sundaram Overnight Fund Regular Plan - Monthly Payout of Income Distribution cum Capital Withdrawal (IDCW);INF903JA1HA8;;1043.1744;;;15-Mar-2025
146961;Sundaram Overnight Fund Regular Plan - Monthly Reinvestment of Income Distribution cum Capital Withdrawal (IDCW);INF903JA1HF7;;1043.1744;;;15-Mar-2025

Tata Mutual Fund
146978;TATA Overnight Fund Direct Plan - Daily Reinvestment of Income Distribution cum capital withdrawal option   ;;INF277K019T3;1000.0012;;;15-Mar-2025
146979;TATA Overnight Fund Regular Plan - Daily Reinvestment of Income Distribution cum capital withdrawal option   ;;INF277K017T7;1000.0012;;;15-Mar-2025
146980;Tata Overnight Fund-Direct Plan-Growth;INF277K018T5;;1343.6077;;;15-Mar-2025
146977;Tata Overnight Fund-Regular Plan-Growth;INF277K016T9;;1334.6973;;;15-Mar-2025

Trust Mutual Fund
149796;TRUST MF OVERNIGHT FUND-DIRECT PLAN-DAILY IDCW REINVESTMENT;;INF0GCD01461;1191.6211;;;15-Mar-2025
149797;TRUST MF OVERNIGHT FUND-DIRECT PLAN-GROWTH;INF0GCD01453;;1205.397;;;15-Mar-2025
149798;TRUST MF OVERNIGHT FUND-REGULAR PLAN-DAILY IDCW REINVESTMENT;;INF0GCD01446;1190.7551;;;15-Mar-2025
149795;TRUST MF OVERNIGHT FUND-REGULAR-GROWTH;INF0GCD01438;;1203.5147;;;15-Mar-2025

Union Mutual Fund
147002;Union Overnight Fund - Direct Plan - Daily IDCW Option;;INF582M01FB0;1000.7933;;;15-Mar-2025
147003;Union Overnight Fund - Direct Plan - Growth Option;INF582M01FA2;;1340.3691;;;15-Mar-2025
147006;Union Overnight Fund - Direct Plan - Monthly IDCW Option;INF582M01FG9;INF582M01FE4;1003.6445;;;15-Mar-2025
146998;Union Overnight Fund - Regular Plan - Daily IDCW Option;;INF582M01FK1;1001.2529;;;15-Mar-2025
146997;Union Overnight Fund - Regular Plan - Growth Option;INF582M01FJ3;;1332.4913;;;15-Mar-2025
147000;Union Overnight Fund - Regular Plan - Monthly IDCW Option;INF582M01FP0;INF582M01FN5;1003.5753;;;15-Mar-2025
149451;Union Overnight Fund - Unclaimed Amounts Plan - IDCW Beyond 3 years;;;1000.0000;;;15-Mar-2025
149452;Union Overnight Fund - Unclaimed Amounts Plan - IDCW Upto 3 years;;;1208.5908;;;15-Mar-2025
149453;Union Overnight Fund - Unclaimed Amounts Plan - Redemption Beyond 3 years;;;1000.0000;;;15-Mar-2025
149454;Union Overnight Fund - Unclaimed Amounts Plan - Redemption Upto 3 years;;;1208.4029;;;15-Mar-2025

UTI Mutual Fund
100814;UTI - Overnight  Fund - Regular Plan - Growth Option;INF789F01604;;3448.2242;;;15-Mar-2025
120785;UTI - Overnight Fund - Direct Plan - Growth Option;INF789FB1S71;;3485.1109;;;15-Mar-2025
124266;UTI Overnight Fund - Direct Plan - Daily IDCW;;INF789FB1S89;1371.6621;;;15-Mar-2025
120786;UTI Overnight Fund - Direct Plan - Periodic IDCW;INF789FB1T05;INF789FB1S97;1829.0348;;;15-Mar-2025
124265;UTI Overnight Fund - Regular Plan - Daily IDCW;;INF789FB1T13;1370.8617;;;15-Mar-2025
100813;UTI Overnight Fund - Regular Plan - Periodic IDCW;INF789F01588;INF789F01596;1776.4052;;;15-Mar-2025

Open Ended Schemes ( Debt Scheme - Liquid Fund )


Aditya Birla Sun Life Mutual Fund
100047;Aditya Birla Sun Life Liquid Fund - Growth;INF209K01RU9;;412.1943;;;15-Mar-2025
119568;Aditya Birla Sun Life Liquid Fund - Growth - Direct Plan;INF209K01VA3;;416.9952;;;15-Mar-2025
100046;Aditya Birla Sun Life Liquid Fund -Daily IDCW;INF209K01KQ2;INF209K01SQ5;100.2351;;;15-Mar-2025
119569;Aditya Birla Sun Life Liquid Fund -Direct - daily IDCW;INF209K01UZ2;;100.2358;;;15-Mar-2025
119571;Aditya Birla Sun Life Liquid Fund -DIRECT - IDCW;INF209K01VD7;;181.1719;;;15-Mar-2025
119570;Aditya Birla Sun Life Liquid Fund -Direct - weekly IDCW;INF209K01VC9;;100.3738;;;15-Mar-2025
100041;Aditya Birla Sun Life Liquid Fund -Institutional - IDCW;;INF209K01KN9;108.067;;;15-Mar-2025
100048;Aditya Birla Sun Life Liquid Fund -Institutional - weekly  IDCW;INF209KA1LK7;INF209K01KY6;108.3604;;;15-Mar-2025
103885;Aditya Birla Sun Life Liquid Fund -Regular - IDCW;INF209KA1LI1;;138.0237;;;15-Mar-2025
100044;Aditya Birla Sun Life Liquid Fund -Retail - IDCW;;INF209K01KP4;163.8095;;;15-Mar-2025
100051;Aditya Birla Sun Life Liquid Fund -weekly IDCW;INF209K01KU4;INF209KA1LJ9;100.3709;;;15-Mar-2025
112014;Aditya Birla Sun Life Liquid Fund- Discipline Advantage Plan;INF209K01KZ3;;278.4745;;;15-Mar-2025
100043;Aditya Birla Sun Life Liquid Fund-Institutional (Growth);INF209K01RT1;;686.4357;;;15-Mar-2025
100042;Aditya Birla Sun Life Liquid Fund-Retail (Growth);INF209K01ME4;;668.9058;;;15-Mar-2025

Axis Mutual Fund
120388;Axis Liquid Fund - Direct Plan - Daily IDCW;;INF846K01DA0;1000.9560;;;15-Mar-2025
120389;Axis Liquid Fund - Direct Plan - Growth Option;INF846K01CX4;;2871.6680;;;15-Mar-2025
120391;Axis Liquid Fund - Direct Plan - Monthly IDCW;INF846K01CY2;INF846K01CZ9;1003.9623;;;15-Mar-2025
120390;Axis Liquid Fund - Direct Plan - Weekly IDCW;INF846K01DB8;INF846K01DC6;1003.0262;;;15-Mar-2025
112211;Axis Liquid Fund - Regular Plan - Daily IDCW;;INF846K01420;1001.3998;;;15-Mar-2025
112210;Axis Liquid Fund - Regular Plan - Growth Option;INF846K01412;;2848.1807;;;15-Mar-2025
112213;Axis Liquid Fund - Regular Plan - Monthly IDCW;INF846K01453;INF846K01461;1004.5146;;;15-Mar-2025
112212;Axis Liquid Fund - Regular Plan - Weekly IDCW;INF846K01438;INF846K01446;1003.0150;;;15-Mar-2025
112712;Axis Liquid Fund - Retail Plan - Daily IDCW;;INF846K01362;1000.9559;;;15-Mar-2025
112713;Axis Liquid Fund - Retail Plan - Growth Option;INF846K01354;;2611.8321;;;15-Mar-2025
112714;Axis Liquid Fund - Retail Plan - Monthly IDCW;INF846K01396;INF846K01404;1003.6738;;;15-Mar-2025
112715;Axis Liquid Fund - Retail Plan - Weekly IDCW;INF846K01370;INF846K01388;1001.5686;;;15-Mar-2025

Bajaj Finserv Mutual Fund
151835;Bajaj Finserv Liquid Fund - Direct Plan - Daily - IDCW;;INF0QA701029;1034.6939;;;15-Mar-2025
151838;Bajaj Finserv Liquid Fund - Direct Plan - Fortnightly - IDCW;INF0QA701078;INF0QA701045;1035.6462;;;15-Mar-2025
151833;Bajaj Finserv Liquid Fund - Direct Plan - Growth;INF0QA701011;;1127.6074;;;15-Mar-2025
151836;Bajaj Finserv Liquid Fund - Direct Plan - Monthly - IDCW;INF0QA701086;INF0QA701052;1039.5763;;;15-Mar-2025
151834;Bajaj Finserv Liquid Fund - Direct Plan - Weekly - IDCW;INF0QA701060;INF0QA701037;1035.6427;;;15-Mar-2025
151839;Bajaj Finserv Liquid Fund - Regular Plan - Daily - IDCW;;INF0QA701136;1033.8241;;;15-Mar-2025
151841;Bajaj Finserv Liquid Fund - Regular Plan - Fortnightly - IDCW;INF0QA701151;INF0QA701110;1034.7270;;;15-Mar-2025
151837;Bajaj Finserv Liquid Fund - Regular Plan - Growth;INF0QA701094;;1124.3589;;;15-Mar-2025
151842;Bajaj Finserv Liquid Fund - Regular Plan - Monthly - IDCW;INF0QA701169;INF0QA701128;1038.5850;;;15-Mar-2025
151840;Bajaj Finserv Liquid Fund - Regular Plan - Weekly - IDCW;INF0QA701144;INF0QA701102;1034.7559;;;15-Mar-2025

Bandhan Mutual Fund
108692;BANDHAN LIQUID Fund - Regular Plan - Daily IDCW;INF194K01VZ4;INF194K01VY7;1001.4776;;;15-Mar-2025
108690;BANDHAN LIQUID Fund - Regular Plan - Growth;INF194K01VX9;;3091.3441;;;15-Mar-2025
108693;BANDHAN LIQUID Fund - Regular Plan - Monthly IDCW;INF194K01WF4;INF194K01WE7;1003.1318;;;15-Mar-2025
115489;BANDHAN LIQUID Fund - Regular Plan - Periodic IDCW;INF194K01WC1;INF194K01WB3;1334.6340;;;15-Mar-2025
108691;BANDHAN LIQUID Fund - Regular Plan - Weekly IDCW;INF194K01WI8;INF194K01WH0;1001.4679;;;15-Mar-2025
139582;BANDHAN LIQUID Fund - Unclaimed IDCW Less than 3 years;INF194KA14C0;;1.6619;;;15-Mar-2025
139583;BANDHAN LIQUID Fund - Unclaimed IDCW More than 3 years;INF194KA15C7;;1.0000;;;15-Mar-2025
139584;BANDHAN LIQUID Fund - Unclaimed Redemption Less than 3 years;INF194KA12C4;;1.6619;;;15-Mar-2025
139585;BANDHAN LIQUID Fund - Unclaimed Redemption More than 3 years;INF194KA13C2;;1.0000;;;15-Mar-2025
118365;BANDHAN LIQUID Fund -Direct Plan -Monthly IDCW;INF194K01J36;INF194K01J28;1009.9213;;;15-Mar-2025
118367;BANDHAN LIQUID Fund -Direct Plan -Weekly IDCW;INF194KB1JT8;INF194K01J51;1007.3496;;;15-Mar-2025
118366;BANDHAN LIQUID Fund -Direct Plan-Daily IDCW;;INF194K01I78;1002.0549;;;15-Mar-2025
118364;BANDHAN LIQUID Fund -Direct Plan-Growth;INF194K01I60;;3120.1206;;;15-Mar-2025
118363;BANDHAN LIQUID Fund -Direct Plan-Periodic IDCW;INF194K01J02;INF194K01I94;1256.9965;;;15-Mar-2025

Bank of India Mutual Fund
119368;BANK OF INDIA Liquid Fund- Direct Plan- Daily IDCW;;INF761K01CL0;1002.6483;;;15-Mar-2025
119369;BANK OF INDIA Liquid Fund- Direct Plan- Growth;INF761K01785;;2974.8474;;;15-Mar-2025
119370;BANK OF INDIA Liquid Fund- Direct Plan- Weekly IDCW;;INF761K01CM8;1062.5343;;;15-Mar-2025
111971;BANK OF INDIA Liquid Fund- Regular Plan- Daily IDCW;;INF761K01CO4;1002.1069;;;15-Mar-2025
109254;BANK OF INDIA Liquid Fund- Regular Plan- Growth;INF761K01306;;2945.8014;;;15-Mar-2025
109255;BANK OF INDIA Liquid Fund- Regular Plan- Weekly IDCW;;INF761K01CP1;1002.2338;;;15-Mar-2025

Baroda BNP Paribas Mutual Fund
119414;Baroda BNP Paribas LIQUID FUND - DIRECT PLAN - DAILY IDCW OPTION;INF955L01AK2;;1002.0849;;;15-Mar-2025
119415;Baroda BNP Paribas LIQUID FUND - DIRECT PLAN - GROWTH OPTION;INF955L01AL0;;2978.5080;;;15-Mar-2025
119416;Baroda BNP Paribas LIQUID FUND - DIRECT PLAN - WEEKLY IDCW OPTION;INF251K01SL8;;1219.4368;;;15-Mar-2025
111707;Baroda BNP Paribas LIQUID FUND - Regular Plan - DAILY IDCW OPTION;INF955L01468;INF955L01476;1001.1996;;;15-Mar-2025
111704;Baroda BNP Paribas LIQUID FUND - Regular Plan - GROWTH OPTION;INF955L01484;;2942.4468;;;15-Mar-2025
111705;Baroda BNP Paribas LIQUID FUND - Regular Plan - WEEKLY IDCW OPTION;INF251K01SK0;INF955L01500;1000.8509;;;15-Mar-2025
101408;Baroda BNP Paribas LIQUID FUND- Defunct Plan -Growth Option;INF955L01575;;4331.9674;;;15-Mar-2025
101407;Baroda BNP Paribas LIQUID FUND-Defunct Plan- IDCW Option;INF955L01559;INF955L01567;3574.3487;;;15-Mar-2025

Canara Robeco Mutual Fund
118307;CANARA ROBECO LIQUID FUND - DIRECT PLAN - DAILY IDCW (Reinvestment);;INF760K01FS0;1005.5000;;;15-Mar-2025
118305;CANARA ROBECO LIQUID FUND - DIRECT PLAN - GROWTH OPTION;INF760K01FU6;;3095.5403;;;15-Mar-2025
118304;CANARA ROBECO LIQUID FUND - DIRECT PLAN - IDCW (Payout/Reinvestment);INF760K01FT8;;2215.3332;;;15-Mar-2025
118306;CANARA ROBECO LIQUID FUND - DIRECT PLAN - MONTHLY IDCW (Payout/Reinvestment);INF760K01FV4;INF760K01FW2;1003.2855;;;15-Mar-2025
118308;CANARA ROBECO LIQUID FUND - DIRECT PLAN - WEEKLY IDCW (Payout/Reinvestment);INF760K01FY8;INF760K01FX0;1000.6030;;;15-Mar-2025
109349;CANARA ROBECO LIQUID FUND - REGULAR PLAN - DAILY IDCW (Reinvestment);;INF760K01CU3;1005.5000;;;15-Mar-2025
109353;CANARA ROBECO LIQUID FUND - REGULAR PLAN - GROWTH OPTION;INF760K01CW9;;3079.0163;;;15-Mar-2025
109351;CANARA ROBECO LIQUID FUND - REGULAR PLAN - MONTHLY IDCW (Payout/Reinvestment);INF760K01CX7;INF760K01CY5;1003.2528;;;15-Mar-2025
109350;CANARA ROBECO LIQUID FUND - REGULAR PLAN - WEEKLY IDCW (Payout/Reinvestment);INF760K01BZ4;INF760K01CZ2;1000.5972;;;15-Mar-2025
139235;Canara Robeco Liquid Fund -Unclaimed Redemption and Dividend Plan -Direct Growth Option;INF760K01IC8;;1688.5829;;;15-Mar-2025

DSP Mutual Fund
119125;DSP Liquidity Fund - Direct Plan - Growth;INF740K01QL4;;3693.1966;;;15-Mar-2025
119124;DSP Liquidity Fund - Direct Plan - IDCW - Daily;;INF740KA1OB6;1001.3312;;;15-Mar-2025
119123;DSP Liquidity Fund - Direct Plan - IDCW - Weekly;INF740KA1OC4;INF740KA1OD2;1001.2942;;;15-Mar-2025
103347;DSP Liquidity Fund - Regular Plan - Growth;INF740K01FK9;;3652.5047;;;15-Mar-2025
103348;DSP Liquidity Fund - Regular Plan - IDCW - Weekly;INF740K01FM5;INF740K01FL7;1001.2885;;;15-Mar-2025
103349;DSP Liquidity Fund- Regular Plan - IDCW - Daily;;INF740KA1OE0;1001.3254;;;15-Mar-2025

Edelweiss Mutual Fund
140194;Edelweiss Liquid Fund - Direct Plan - Bonus Option;INF754K01GY9;;1941.7584;;;15-Mar-2025
140196;Edelweiss Liquid Fund - Direct Plan - Growth Option;INF754K01GM4;;3337.6072;;;15-Mar-2025
140198;Edelweiss Liquid Fund - Direct Plan - IDCW Option;INF754K01GO0;INF754K01GN2;3337.6208;;;15-Mar-2025
140192;Edelweiss Liquid Fund - Direct Plan Annual - IDCW Option;INF754K01GX1;INF754K01GT9;3337.5843;;;15-Mar-2025
140193;Edelweiss Liquid Fund - Direct Plan daily - IDCW Option;;INF754K01GP7;1129.7492;;;15-Mar-2025
140199;Edelweiss Liquid Fund - Direct Plan Fortnightly - IDCW Option;INF754K01GV5;INF754K01GR3;2473.485;;;15-Mar-2025
140197;Edelweiss Liquid Fund - Direct Plan Monthly - IDCW Option;INF754K01GW3;INF754K01GS1;1007.4701;;;15-Mar-2025
140195;Edelweiss Liquid Fund - Direct Plan weekly - IDCW Option;INF754K01GU7;INF754K01GQ5;2174.7298;;;15-Mar-2025
140189;Edelweiss Liquid Fund - Regular Plan - Bonus Option;INF754K01HR1;;1905.5833;;;15-Mar-2025
140182;Edelweiss Liquid Fund - Regular Plan - Growth Option;INF754K01GZ6;;3271.2884;;;15-Mar-2025
140190;Edelweiss Liquid Fund - Regular Plan - IDCW Option;INF754K01GK8;INF754K01GL6;3271.2904;;;15-Mar-2025
140188;Edelweiss Liquid Fund - Regular Plan Annual - IDCW Option;INF754K01HQ3;INF754K01HP5;2263.4498;;;15-Mar-2025
140181;Edelweiss Liquid Fund - Regular Plan Daily - IDCW Option;;INF754K01HA7;1211.2635;;;15-Mar-2025
140184;Edelweiss Liquid Fund - Regular Plan Fortnightly - IDCW Option;INF754K01HK6;INF754K01HC3;2153.1101;;;15-Mar-2025
140183;Edelweiss Liquid Fund - Regular Plan Monthly - IDCW Option;INF754K01HL4;INF754K01HD1;1085.8115;;;15-Mar-2025
140185;Edelweiss Liquid Fund - Regular Plan Weekly - IDCW Option;INF754K01HJ8;INF754K01HB5;1207.807;;;15-Mar-2025
140176;Edelweiss Liquid Fund - Retail Plan - Growth Option;INF754K01HE9;;2974.97;;;15-Mar-2025
140178;Edelweiss Liquid Fund - Retail Plan - Weekly Dividend Option;;INF754K01HG4;1231.8995;;;15-Mar-2025
140177;Edelweiss Liquid Fund - Retail Plan Daily - IDCW Option;;INF754K01HF6;1065.8709;;;15-Mar-2025
140180;Edelweiss Liquid Fund - Retail Plan Monthly - IDCW Option;;INF754K01HI0;1247.4731;;;15-Mar-2025

Franklin Templeton Mutual Fund
100538;Franklin India Liquid Fund - Regular Plan - Growth;INF090I01BB1;;5800.9835;;;15-Mar-2025
118577;Franklin India Liquid Fund - Super Institutional - Direct - Growth;INF090I01JV2;;3880.1667;;;15-Mar-2025
100546;Franklin India Liquid Fund - Super Institutional Plan - Growth;INF090I01BG0;;3849.1901;;;15-Mar-2025

HDFC Mutual Fund
119091;HDFC Liquid Fund - Growth Option - Direct Plan;INF179KB1HP9;;5072.1486;;;15-Mar-2025
100868;HDFC Liquid Fund - Growth Plan;INF179KB1HK0;;5019.1723;;;15-Mar-2025

HSBC Mutual Fund
120038;HSBC Liquid Fund -  Growth Direct;INF336L01CC8;;2573.6737;;;15-Mar-2025
120037;HSBC Liquid Fund - Direct Daily IDCW;;INF336L01CB0;1001.9863;;;15-Mar-2025
120039;HSBC Liquid Fund - Direct Monthly IDCW;INF336L01BZ1;INF336L01CA2;1041.2287;;;15-Mar-2025
120040;HSBC Liquid Fund - Direct Weekly IDCW;INF336L01LK2;INF336L01CD6;1196.0929;;;15-Mar-2025
118907;HSBC Liquid Fund - Growth;INF336L01BL1;;3680.024;;;15-Mar-2025
118906;HSBC Liquid Fund - IDCW;;INF336L01BK3;1019.7123;;;15-Mar-2025
118909;HSBC Liquid Fund - Institutional Daily IDCW;;INF336L01BS6;1563.4578;;;15-Mar-2025
118901;HSBC Liquid Fund - Regular Daily IDCW;;INF336L01BM9;1001.7841;;;15-Mar-2025
118902;HSBC Liquid Fund - Regular Growth;INF336L01BN7;;2550.6055;;;15-Mar-2025
118903;HSBC Liquid Fund - Regular Monthly IDCW;INF336L01BP2;INF336L01BO5;1005.4772;;;15-Mar-2025
118904;HSBC Liquid Fund - Regular Weekly IDCW;INF336L01LJ4;INF336L01BQ0;1108.3233;;;15-Mar-2025
118908;HSBC Liquid Fund - Weekly IDCW;;INF336L01BR8;1001.6697;;;15-Mar-2025

ICICI Prudential Mutual Fund
120197;ICICI Prudential Liquid Fund - Direct Plan - Growth;INF109K01Q49;;382.3212;;;15-Mar-2025
103340;ICICI Prudential Liquid Fund - Growth;INF109K01VQ1;;378.7481;;;15-Mar-2025

Invesco Mutual Fund
122786;Invesco India Liquid Fund - Bonus Option;INF205K01UX5;;3523.0853;;;15-Mar-2025
104484;Invesco India Liquid Fund - Daily IDCW (Reinvestment);;INF205K01HN3;1002.7594;;;15-Mar-2025
120537;Invesco India Liquid Fund - Direct Plan - Growth;INF205K01MF9;;3545.4149;;;15-Mar-2025
120536;Invesco India Liquid Fund - Direct Plan - Monthly IDCW (Payout / Reinvestment);INF205K01MG7;INF205K01MH5;1085.1674;;;15-Mar-2025
120535;Invesco India Liquid Fund - Direct Plan - Weekly IDCW (Reinvestment);INF205KA1BE5;INF205K01MI3;1073.2659;;;15-Mar-2025
120534;Invesco India Liquid Fund - Direct Plan- Daily IDCW (Reinvestment);;INF205K01ME2;1000.9596;;;15-Mar-2025
104486;Invesco India Liquid Fund - Growth;INF205K01HM5;;3516.0174;;;15-Mar-2025
104492;Invesco India Liquid Fund - Monthly IDCW (Payout / Reinvestment);INF205K01HQ6;INF205K01HP8;1005.7533;;;15-Mar-2025
104488;Invesco India Liquid Fund - Regular - Growth;INF205K01HG7;;3118.3664;;;15-Mar-2025
104489;Invesco India Liquid Fund - Regular - Weekly IDCW (Reinvestment);;INF205K01HH5;1003.5439;;;15-Mar-2025
139390;Invesco India Liquid Fund - Unclaimed Dividend Plan - Above 3 Years;;;1000;;;15-Mar-2025
139389;Invesco India Liquid Fund - Unclaimed Dividend Plan - Below 3 Years;;;1680.2012;;;15-Mar-2025
139388;Invesco India Liquid Fund - Unclaimed Redemption Plan - Above 3 Years;;;1000;;;15-Mar-2025
139387;Invesco India Liquid Fund - Unclaimed Redemption Plan - Below 3 years;;;1680.1056;;;15-Mar-2025
104485;Invesco India Liquid Fund - Weekly IDCW (Reinvestment);INF205KA1BD7;INF205K01HO1;1019.2585;;;15-Mar-2025

ITI Mutual Fund
147161;ITI Liquid Fund - Direct Plan - Annually IDCW Option;INF00XX01366;INF00XX01333;1345.4982;;;15-Mar-2025
147158;ITI Liquid Fund - Direct Plan - Daily IDCW Option;;INF00XX01291;1001.0000;;;15-Mar-2025
147157;ITI Liquid Fund - Direct Plan - Growth Option;INF00XX01283;;1343.9979;;;15-Mar-2025
147163;ITI Liquid Fund - Direct Plan - Monthly IDCW Option;INF00XX01358;INF00XX01325;1003.9365;;;15-Mar-2025
147159;ITI Liquid Fund - Direct Plan - Weekly IDCW Option;;INF00XX01309;1001.7294;;;15-Mar-2025
147162;ITI Liquid Fund - Regular Plan - Annually IDCW Option;INF00XX01275;INF00XX01242;1340.1143;;;15-Mar-2025
147154;ITI Liquid Fund - Regular Plan - Daily IDCW Option;;INF00XX01200;1001.0000;;;15-Mar-2025
147155;ITI Liquid Fund - Regular Plan - Fortnightly Income Distribution cum capital withdrawal option Option;INF00XX01259;INF00XX01226;1001.7055;;;15-Mar-2025
147153;ITI Liquid Fund - Regular Plan - Growth Option;INF00XX01192;;1333.2776;;;15-Mar-2025
147156;ITI Liquid Fund - Regular Plan - Monthly IDCW Option;INF00XX01267;INF00XX01234;1001.1538;;;15-Mar-2025
147164;ITI Liquid Fund - Regular Plan - Weekly IDCW Option;;INF00XX01218;1001.7067;;;15-Mar-2025

Kotak Mahindra Mutual Fund
119764;Kotak Liquid Fund - Direct Plan - Daily Reinvestment of Income Distribution cum capital withdrawal option;;INF174K01NH1;1223.2908;;;15-Mar-2025
119766;Kotak Liquid Fund - Direct Plan - Growth;INF174K01NE8;;5217.7955;;;15-Mar-2025
100833;Kotak Liquid Fund - Regular  - Daily Reinvestment of Income Distribution cum capital withdrawal option;;INF174K01NL3;1223.2834;;;15-Mar-2025
100835;Kotak Liquid Fund - Regular Plan - Growth;INF174K01NI9;;5170.4818;;;15-Mar-2025

LIC Mutual Fund
120248;LIC MF Liquid Fund-Direct Plan-Daily IDCW;INF767K01DL5;INF767K01DM3;1033.4643;;;15-Mar-2025
120249;LIC MF Liquid Fund-Direct Plan-Growth;INF767K01DN1;;4690.0477;;;15-Mar-2025
151930;LIC MF Liquid Fund-Direct Plan-Monthly IDCW;INF397L01AK7;INF397L01AJ9;1138.4971;;;15-Mar-2025
151932;LIC MF Liquid Fund-Direct Plan-Weekly IDCW;INF397L01AM3;INF397L01AL5;1016.9234;;;15-Mar-2025
101184;LIC MF Liquid Fund-Regular Plan-Daily IDCW;INF767K01IQ3;INF767K01IR1;1000.1751;;;15-Mar-2025
101185;LIC MF Liquid Fund-Regular Plan-Growth;INF767K01IS9;;4626.343;;;15-Mar-2025
151928;LIC MF Liquid Fund-Regular Plan-Monthly IDCW;INF397L01976;INF397L01968;1120.7879;;;15-Mar-2025
151927;LIC MF Liquid Fund-Regular Plan-Weekly IDCW;INF397L01950;INF397L01943;1001.5589;;;15-Mar-2025

Mahindra Manulife Mutual Fund
139535;Mahindra Manulife Liquid Fund - Direct Plan - Daily IDCW;;INF174V01051;1184.4334;;;15-Mar-2025
139536;Mahindra Manulife Liquid Fund - Direct Plan - Weekly IDCW;;INF174V01069;1003.5524;;;15-Mar-2025
139538;Mahindra Manulife Liquid Fund - Direct Plan -Growth;INF174V01044;;1682.4529;;;15-Mar-2025
139534;Mahindra Manulife Liquid Fund - Regular Plan - Daily IDCW;;INF174V01028;1000.5686;;;15-Mar-2025
139537;Mahindra Manulife Liquid Fund - Regular Plan - Growth;INF174V01010;;1665.1472;;;15-Mar-2025
139541;Mahindra Manulife Liquid Fund - Regular Plan - Weekly IDCW;;INF174V01036;1009.9662;;;15-Mar-2025

Mirae Asset Mutual Fund
118859;Mirae Asset Liquid Fund - Direct Plan - Growth;INF769K01CM1;;2728.5074;;;15-Mar-2025
118862;Mirae Asset Liquid Fund - Direct Plan - Weekly IDCW;INF769K01PD2;INF769K01CP4;1216.9288;;;15-Mar-2025
118861;Mirae Asset Liquid Fund - Direct Plan -Daily IDCW;;INF769K01CO7;1075.8332;;;15-Mar-2025
118860;Mirae Asset Liquid Fund - Direct Plan -Monthly IDCW;INF769K01CN9;INF769K01CQ2;1138.4962;;;15-Mar-2025
111647;Mirae Asset Liquid Fund - Regular - Daily IDCW;;INF769K01804;1066.4347;;;15-Mar-2025
111646;Mirae Asset Liquid Fund - Regular Plan - Growth;INF769K01788;;2682.9594;;;15-Mar-2025
111645;Mirae Asset Liquid Fund - Regular Plan - Monthly IDCW;INF769K01838;INF769K01820;1156.1387;;;15-Mar-2025
111644;Mirae Asset Liquid Fund - Regular Plan - Weekly IDCW;INF769K01PC4;INF769K01812;1153.2236;;;15-Mar-2025

Nippon India Mutual Fund
100852;NIPPON INDIA LIQUID FUND - DAILY IDCW OPTION;;INF204K01UM1;1529.3489;;;15-Mar-2025
118695;NIPPON INDIA LIQUID FUND - DIRECT Plan - DAILY IDCW OPTION;;INF204K01ZG2;1529.3575;;;15-Mar-2025
118696;NIPPON INDIA LIQUID FUND - DIRECT Plan - MONTHLY IDCW OPTION;INF204K01ZI8;INF204K01ZJ6;1592.2058;;;15-Mar-2025
118698;NIPPON INDIA LIQUID FUND - DIRECT Plan - QUARTERLY IDCW OPTION;INF204K01ZK4;INF204K01ZL2;1020.7185;;;15-Mar-2025
118700;NIPPON INDIA LIQUID FUND - DIRECT Plan - WEEKLY IDCW OPTION;INF204KC1FN6;INF204K01ZM0;1532.5946;;;15-Mar-2025
118701;Nippon India Liquid Fund - Direct Plan Growth Plan - Growth Option;INF204K01ZH0;;6320.8329;;;15-Mar-2025
100855;NIPPON INDIA LIQUID FUND - MONTHLY IDCW OPTION;INF204K01UO7;INF204K01UP4;1588.7974;;;15-Mar-2025
112340;NIPPON INDIA LIQUID FUND - QUARTERLY IDCW OPTION;INF204K01UQ2;INF204K01UR0;1018.9904;;;15-Mar-2025
100837;Nippon India Liquid Fund - Retail Option - Growth Plan;INF204K01UL3;;5538.0574;;;15-Mar-2025
100842;NIPPON INDIA LIQUID FUND - RETAIL Plan - DAILY IDCW OPTION;;INF204K01UJ7;1524.8438;;;15-Mar-2025
100843;NIPPON INDIA LIQUID FUND - RETAIL plan - MONTHLY IDCW OPTION;INF204K01UT6;INF204K01UU4;1330.2284;;;15-Mar-2025
100844;NIPPON INDIA LIQUID FUND - RETAIL Plan - QUARTERLY IDCW OPTION;INF204K01UV2;INF204K01UW0;1231.8548;;;15-Mar-2025
100838;NIPPON INDIA LIQUID FUND - RETAIL Plan - WEEKLY IDCW OPTION;;INF204K01UK5;1035.5584;;;15-Mar-2025
100853;NIPPON INDIA LIQUID FUND - WEEKLY IDCW OPTION;INF204KC1FM8;INF204K01US8;1532.5547;;;15-Mar-2025
100851;Nippon India Liquid Fund -Growth Plan;INF204K01UN9;;6243.2907;;;15-Mar-2025

PGIM India Mutual Fund
138285;PGIM India Liquid Fund - Daily Dividend;;INF223J01BO9;100.304;;;15-Mar-2025
138297;PGIM India Liquid Fund - Direct Plan - Daily Dividend;INF223J01NR7;;120.0558;;;15-Mar-2025
138299;PGIM India Liquid Fund - Direct Plan - Growth;INF223J01NS5;;336.8596;;;15-Mar-2025
138298;PGIM India Liquid Fund - Direct Plan - Monthly Dividend;INF223J01NT3;INF223J01NU1;116.6022;;;15-Mar-2025
138301;PGIM India Liquid Fund - Direct Plan - Weekly Dividend;INF223J01NV9;INF223J01NW7;100.544;;;15-Mar-2025
138288;PGIM India Liquid Fund - Growth;INF223J01BP6;;332.9625;;;15-Mar-2025
138287;PGIM India Liquid Fund - Monthly Dividend;INF223J01BL5;;117.0894;;;15-Mar-2025
138289;PGIM India Liquid Fund - Weekly Dividend;INF223J01BU6;;100.5434;;;15-Mar-2025

PPFAS Mutual Fund
143263;Parag Parikh Liquid Fund- Direct Plan- Daily Reinvestment of IDCW;;INF879O01118;1000.5405;;;15-Mar-2025
143269;Parag Parikh Liquid Fund- Direct Plan- Growth;INF879O01068;;1430.8712;;;15-Mar-2025
143262;Parag Parikh Liquid Fund- Direct Plan- Monthly IDCW;INF879O01076;INF879O01084;1006.2235;;;15-Mar-2025
143265;Parag Parikh Liquid Fund- Direct Plan- Weekly Reinvestment of IDCW;;INF879O01134;1001.8994;;;15-Mar-2025
143264;Parag Parikh Liquid Fund- Regular Plan- Daily Reinvestment of IDCW;;INF879O01126;1000.5404;;;15-Mar-2025
143260;Parag Parikh Liquid Fund- Regular Plan- Growth;INF879O01035;;1420.9957;;;15-Mar-2025
143261;Parag Parikh Liquid Fund- Regular Plan- Monthly IDCW;INF879O01043;INF879O01050;1006.1713;;;15-Mar-2025
143266;Parag Parikh Liquid Fund- Regular Plan- Weekly Reinvestment of IDCW;;INF879O01142;1001.8859;;;15-Mar-2025

Quantum Mutual Fund
103736;Quantum Liquid Fund - Direct Plan Daily IDCW;;INF082J01135;10.0085;;;15-Mar-2025
103734;Quantum Liquid Fund - Direct Plan Growth Option;INF082J01127;;34.5738;;;15-Mar-2025
103735;Quantum Liquid Fund - Direct Plan Monthly IDCW;INF082J01143;INF082J01200;10.0435;;;15-Mar-2025
141065;Quantum Liquid Fund - Regular Plan Daily IDCW;;INF082J01317;10.0002;;;15-Mar-2025
141066;Quantum Liquid Fund - Regular Plan Growth Option;INF082J01309;;34.3425;;;15-Mar-2025
141067;Quantum Liquid Fund - Regular Plan Monthly IDCW;INF082J01325;INF082J01333;10.0406;;;15-Mar-2025
152299;Quantum Liquid Fund - Unclaimed IDCW Plan Above 3 years;;;10.0000;;;15-Mar-2025
152298;Quantum Liquid Fund - Unclaimed IDCW Plan Below 3 years;;;10.8704;;;15-Mar-2025
152301;Quantum Liquid Fund - Unclaimed Redemption Plan Above 3 years;;;10.0000;;;15-Mar-2025
152300;Quantum Liquid Fund - Unclaimed Redemption Plan Below 3 years;;;10.4528;;;15-Mar-2025

SBI Mutual Fund
119804;SBI Liquid Fund - Direct Paln - Fortnightly Income Distribution cum Capital Withdrawal Option (IDCW);INF200K01UR8;INF200K01US6;1319.1957;;;15-Mar-2025
119805;SBI Liquid Fund - Direct Plan - Daily Income Distribution cum Capital Withdrawal Option (IDCW);;INF200K01UQ0;1144.0484;;;15-Mar-2025
119799;SBI Liquid Fund - Direct Plan - Weekly Income Distribution cum Capital Withdrawal Option (IDCW);INF200K01UU2;INF200K01UV0;1379.7233;;;15-Mar-2025
119800;SBI Liquid Fund - DIRECT PLAN -Growth;INF200K01UT4;;4039.7947;;;15-Mar-2025
105274;SBI Liquid Fund - Institutional - Growth;INF200K01LU1;;4037.6761;;;15-Mar-2025
105275;SBI Liquid Fund - Institutional Daily Income Distribution cum Capital Withdrawal Option (IDCW);;INF200K01LR7;1297.1482;;;15-Mar-2025
105281;SBI Liquid Fund - Regular Plan - Daily Income Distribution cum Capital Withdrawal Option (IDCW);;INF200K01LX5;1140.7391;;;15-Mar-2025
105283;SBI Liquid Fund - Regular Plan - Fortnightly Income Distribution cum Capital Withdrawal Option (IDCW);INF200K01LY3;INF200K01LZ0;1312.6715;;;15-Mar-2025
105282;SBI Liquid Fund - Regular Plan - Weekly Income Distribution cum Capital Withdrawal Option (IDCW);INF200K01MB9;INF200K01MC7;1372.9030;;;15-Mar-2025
105280;SBI Liquid Fund - REGULAR PLAN -Growth;INF200K01MA1;;3999.8453;;;15-Mar-2025

Shriram Mutual Fund
153035;Shriram Liquid Fund - Direct Plan Growth Option;INF680P01430;;1023.8054;;;15-Mar-2025
153036;Shriram Liquid Fund - Regular Plan Growth Option;INF680P01448;;1023.3236;;;15-Mar-2025
153282;Shriram Unclaimed IDCW Liquid Fund;;;998.8542;;;15-Mar-2025
153283;Shriram Unclaimed IDCW Stable Scheme Liquid Fund;;;1000;;;15-Mar-2025
153280;Shriram Unclaimed Redemption Liquid Fund;;;1010.2286;;;15-Mar-2025
153281;Shriram Unclaimed Redemption Stable Scheme Liquid Fund;;;1000;;;15-Mar-2025

Sundaram Mutual Fund
149744;Sundaram  Liquid Fund (Formerly Known as Principal Cash Management Fund) Direct IDCW;;INF903JA1JK3;1146.6888;;;15-Mar-2025
149742;Sundaram Liquid Fund (Formerly Known as  Principal Cash Management Fund) Regular Plan Principal Units;;INF903JA1JI7;1249.4994;;;15-Mar-2025
149664;Sundaram Liquid Fund (Formerly Known as Principal Cash Management Fund) - Direct Plan - Growth Option;INF173K01GU0;;2282.3287;;;15-Mar-2025
149660;Sundaram Liquid Fund (Formerly Known as Principal Cash Management Fund) - Regular Plan IDCW;INF173K01DD3;INF173K01DE1;1029.0507;;;15-Mar-2025
149662;Sundaram Liquid Fund (Formerly Known as Principal Cash Management Fund) -Direct Plan - IDCW;INF173K01GV8;INF173K01GW6;1029.3044;;;15-Mar-2025
149661;Sundaram Liquid Fund (Formerly Known as Principal Cash Management Fund) -Growth Option;INF173K01DA9;;2257.3275;;;15-Mar-2025
149737;Sundaram Liquid Fund (Formerly Known as Principal Cash Management Fund) Direct Principal Units;;INF903JA1JH9;1255.0649;;;15-Mar-2025
149740;Sundaram Liquid Fund (Formerly Known as Principal Cash Management Fund) Regular IDCW;;INF903JA1JG1;1141.7900;;;15-Mar-2025

Tata Mutual Fund
102672;Tata Liquid Fund -Regular Plan - Growth Option;INF277K01YD8;;4028.8869;;;15-Mar-2025
119862;Tata Liquid Fund- Direct Plan - Daily Reinvestment of IDCW Option;;INF277K012D2;1001.5187;;;15-Mar-2025
119861;Tata Liquid Fund- Direct Plan-Growth Option;INF277K01YE6;;4076.0076;;;15-Mar-2025
101714;Tata Liquid Fund- Regular Plan - Daily Reinvestment of IDCW Option;;INF277K011D4;1001.5157;;;15-Mar-2025

Trust Mutual Fund
148842;TRUSTMF Liquid Fund-Direct Plan-Daily Income Distribution cum Capital Withdrawal;;INF0GCD01263;1205.893;;;15-Mar-2025
148841;TRUSTMF Liquid Fund-Direct Plan-Growth;INF0GCD01255;;1251.3039;;;15-Mar-2025
148839;TRUSTMF Liquid Fund-Direct Plan-Monthly Income Distribution cum Capital Withdrawal;INF0GCD01305;INF0GCD01297;1148.8308;;;15-Mar-2025
148837;TRUSTMF Liquid Fund-Direct Plan-Weekly Income Distribution cum Capital Withdrawal;INF0GCD01271;INF0GCD01289;1173.9026;;;15-Mar-2025
148834;TRUSTMF Liquid Fund-Regular Plan-Daily Income Distribution cum Capital Withdrawal;;INF0GCD01206;1153.8799;;;15-Mar-2025
148833;TRUSTMF Liquid Fund-Regular Plan-Growth;INF0GCD01198;;1243.943;;;15-Mar-2025
148843;TRUSTMF Liquid Fund-Regular Plan-Monthly Income Distribution cum Capital Withdrawal;INF0GCD01248;INF0GCD01230;1142.541;;;15-Mar-2025
148836;TRUSTMF Liquid Fund-Regular Plan-Weekly Income Distribution cum Capital Withdrawal;INF0GCD01214;INF0GCD01222;1129.3867;;;15-Mar-2025

Union Mutual Fund
115401;Union Liquid Fund - Daily IDCW Option;;INF582M01021;1000.7927;;;15-Mar-2025
119301;Union Liquid Fund - Direct Plan - Daily IDCW Option;;INF582M01682;1000.7927;;;15-Mar-2025
119305;Union Liquid Fund - Direct Plan - Fortnightly IDCW Option;INF582M01724;INF582M01708;1001.6208;;;15-Mar-2025
119303;Union Liquid Fund - Direct Plan - Growth Option;INF582M01674;;2491.3839;;;15-Mar-2025
119302;Union Liquid Fund - Direct Plan - Monthly IDCW Option;INF582M01732;INF582M01716;1003.7312;;;15-Mar-2025
119304;Union Liquid Fund - Direct Plan - Weekly IDCW Option;;INF582M01690;1001.5518;;;15-Mar-2025
115399;Union Liquid Fund - Fortnightly IDCW Option;INF582M01062;INF582M01047;1001.4280;;;15-Mar-2025
115398;Union Liquid Fund - Growth Option;INF582M01013;;2461.8537;;;15-Mar-2025
115400;Union Liquid Fund - Monthly IDCW Option;INF582M01070;INF582M01054;1003.6849;;;15-Mar-2025
115402;Union Liquid Fund - Weekly IDCW Option;;INF582M01039;1001.7043;;;15-Mar-2025

UTI Mutual Fund
134427;UTI Liquid Fund - Direct Plan - Annual IDCW;INF789FA1K63;INF789FA1K71;1861.9157;;;15-Mar-2025
120558;UTI Liquid Fund - Direct Plan - Daily IDCW (Reinvestment);;INF789F01XP8;1063.0742;;;15-Mar-2025
141768;UTI Liquid Fund - Direct Plan - Flexi IDCW;INF789FA1K89;INF789FA1K97;1533.5575;;;15-Mar-2025
140913;UTI Liquid Fund - Direct Plan - Fortnightly IDCW;INF789FA1K06;INF789FA1K14;1155.9065;;;15-Mar-2025
140504;UTI Liquid Fund - Direct Plan - Half-Yearly IDCW;INF789FA1K48;INF789FA1K55;1454.3996;;;15-Mar-2025
120794;UTI Liquid Fund - Direct Plan - Monthly IDCW;INF789F01XR4;INF789F01XS2;1048.1772;;;15-Mar-2025
140024;UTI Liquid Fund - Direct Plan - Quarterly IDCW;INF789FA1K22;INF789FA1K30;1758.4519;;;15-Mar-2025
120777;UTI Liquid Fund - Direct Plan - Weekly IDCW;;INF789F01XT0;1314.6905;;;15-Mar-2025
133973;UTI Liquid Fund - Regular Plan - Annual IDCW;INF789FA1J66;INF789FA1J74;1850.509;;;15-Mar-2025
102010;UTI Liquid Fund - Regular Plan - Daily IDCW (Reinvestment);;INF789F01PG3;1104.7198;;;15-Mar-2025
140517;UTI Liquid Fund - Regular Plan - Flexi IDCW;INF789FA1J82;INF789FA1J90;1525.1488;;;15-Mar-2025
139838;UTI Liquid Fund - Regular Plan - Fortnightly IDCW;INF789FA1J09;INF789FA1J17;1156.9802;;;15-Mar-2025
144475;UTI Liquid Fund - Regular Plan - Half-Yearly IDCW;INF789FA1J41;INF789FA1J58;1288.3979;;;15-Mar-2025
102011;UTI Liquid Fund - Regular Plan - Monthly IDCW;INF789F01PI9;INF789F01PJ7;1056.0694;;;15-Mar-2025
135721;UTI Liquid Fund - Regular Plan - Quarterly IDCW;INF789FA1J25;INF789FA1J33;1747.2917;;;15-Mar-2025
102013;UTI Liquid Fund - Regular Plan - Weekly IDCW;;INF789F01PK5;1053.5644;;;15-Mar-2025
120304;UTI-  Liquid Cash Plan - Direct Plan - Growth Option;INF789F01XQ6;;4233.6738;;;15-Mar-2025
102012;UTI-  Liquid Cash Plan - Regular Plan - Growth Option;INF789F01PH1;;4196.7291;;;15-Mar-2025
102008;UTI-  Liquid Cash Plan- Discontinued - Regular Plan - Monthly Dividend Option;INF789F01BC2;INF789F01BA6;1072.2634;;;15-Mar-2025
102009;UTI-  Liquid Cash Plan- Discontinued - Regular Plan -Growth;INF789F01BB4;;3808.2802;;;15-Mar-2025
102007;UTI-  Liquid Cash Plan- Discontinued -Regular Plan Periodic Dividend Option;;INF789F01AZ5;1134.0699;;;15-Mar-2025

Open Ended Schemes ( Other Scheme - Other  ETFs )


Bajaj Finserv Mutual Fund
152638;Bajaj Finserv Nifty 1D Rate Liquid ETF;INF0QA701854;;1020.6607;;;15-Mar-2025

Kotak Mahindra Mutual Fund
151358;Kotak Nifty 1D Rate Liquid ETF;INF174KA1LV5;;1039.9927;;;15-Mar-2025

Mirae Asset Mutual Fund
153045;Mirae Asset Nifty 1D Rate Liquid ETF - Growth;INF769K01MY5;;1022.3544;;;15-Mar-2025
151908;Mirae Asset Nifty 1D Rate Liquid ETF-IDCW;;INF769K01KS1;1000.0000;;;15-Mar-2025

Shriram Mutual Fund
152741;Shriram Nifty 1D Rate Liquid ETF - Growth;INF680P01422;;1043.0827;;;15-Mar-2025

Close Ended Schemes ( Income )


SBI Mutual Fund
146974;SBI Fixed Maturity Plan (FMP) - Series 1 (3668 Days) - Direct Plan - Growth;INF200KA1D03;;16.0926;;;15-Mar-2025
146975;SBI Fixed Maturity Plan (FMP) - Series 1 (3668 Days) - Direct Plan - Income Distribution cum Capital Withdrawal Option (IDCW);INF200KA1D11;;16.1034;;;15-Mar-2025
146976;SBI Fixed Maturity Plan (FMP) - Series 1 (3668 Days) - Regular Plan - Growth;INF200KA1C87;;15.9015;;;15-Mar-2025
146973;SBI Fixed Maturity Plan (FMP) - Series 1 (3668 Days) - Regular Plan - Income Distribution cum Capital Withdrawal Option (IDCW);INF200KA1C95;;15.9014;;;15-Mar-2025
148387;SBI Fixed Maturity Plan (FMP) - Series 34 (3682 Days) - Direct Plan - Growth;INF200KA1Q73;;13.5545;;;15-Mar-2025
148388;SBI Fixed Maturity Plan (FMP) - Series 34 (3682 Days) - Direct Plan - Income Distribution cum Capital Withdrawal Option (IDCW);INF200KA1Q81;;13.5545;;;15-Mar-2025
148389;SBI Fixed Maturity Plan (FMP) - Series 34 (3682 Days) - Regular Plan - Growth;INF200KA1Q57;;13.4014;;;15-Mar-2025
148390;SBI Fixed Maturity Plan (FMP) - Series 34 (3682 Days) - Regular Plan - Income Distribution cum Capital Withdrawal Option (IDCW);INF200KA1Q65;;13.4015;;;15-Mar-2025
148827;SBI Fixed Maturity Plan (FMP) - Series 41 (1498 Days) - Direct Plan - Growth;INF200KA1U77;;12.5409;;;15-Mar-2025
148825;SBI Fixed Maturity Plan (FMP) - Series 41 (1498 Days) - Regular Plan - Growth;INF200KA1U51;;12.4603;;;15-Mar-2025
148828;SBI Fixed Maturity Plan (FMP) - Series 41 (1498 Days) Direct Plan - Income Distribution cum Capital Withdrawal Option (IDCW);INF200KA1U85;;12.5409;;;15-Mar-2025
148826;SBI Fixed Maturity Plan (FMP) - Series 41 (1498 Days) Regular Plan - Income Distribution cum Capital Withdrawal Option (IDCW);INF200KA1U69;;12.4603;;;15-Mar-2025
149043;SBI Fixed Maturity Plan (FMP) - Series 46 (1850 Days) - Direct Plan - Growth;INF200KA1X41;;12.4624;;;15-Mar-2025
149044;SBI Fixed Maturity Plan (FMP) - Series 46 (1850 Days) - Direct Plan - Income Distribution cum Capital Withdrawal Option (IDCW);INF200KA1X58;;12.4624;;;15-Mar-2025
149045;SBI Fixed Maturity Plan (FMP) - Series 46 (1850 Days) - Regular Plan - Growth;INF200KA1X25;;12.3945;;;15-Mar-2025
149042;SBI Fixed Maturity Plan (FMP) - Series 46 (1850 Days) - Regular Plan - Income Distribution cum Capital Withdrawal Option (IDCW);INF200KA1X33;;12.3946;;;15-Mar-2025
149082;SBI Fixed Maturity Plan (FMP) Series 47 (1434 Days) - Direct Plan - Growth;INF200KA1X82;;12.2863;;;15-Mar-2025
149081;SBI Fixed Maturity Plan (FMP) Series 47 (1434 Days) - Direct Plan - Income Distribution cum Capital Withdrawal Option (IDCW);INF200KA1X90;;12.2863;;;15-Mar-2025
149083;SBI Fixed Maturity Plan (FMP) Series 47 (1434 Days) - Regular Plan - Growth;INF200KA1X66;;12.2216;;;15-Mar-2025
149084;SBI Fixed Maturity Plan (FMP) Series 47 (1434 Days) - Regular Plan - Income Distribution cum Capital Withdrawal Option (IDCW);INF200KA1X74;;12.2216;;;15-Mar-2025
149111;SBI Fixed Maturity Plan (FMP) - Series 48 (1458 Days) - Direct Plan - Growth;INF200KA1Y24;;12.2593;;;15-Mar-2025
149108;SBI Fixed Maturity Plan (FMP) - Series 48 (1458 Days) - Direct Plan - Income Distribution cum Capital Withdrawal Option (IDCW);INF200KA1Y32;;12.2593;;;15-Mar-2025
149109;SBI Fixed Maturity Plan (FMP) - Series 48 (1458 Days) - Regular Plan - Growth;INF200KA1Y08;;12.1910;;;15-Mar-2025
149110;SBI Fixed Maturity Plan (FMP) - Series 48 (1458 Days) - Regular Plan - Income Distribution cum Capital Withdrawal Option (IDCW);INF200KA1Y16;;12.1910;;;15-Mar-2025
149147;SBI Fixed Maturity Plan (FMP) - Series 49 (1823 Days) - Direct Plan - Growth;INF200KA1Z23;;12.3261;;;15-Mar-2025
149144;SBI Fixed Maturity Plan (FMP) - Series 49 (1823 Days) - Direct Plan - Income Distribution cum Capital Withdrawal Option (IDCW);INF200KA1Z31;;12.3261;;;15-Mar-2025
149145;SBI Fixed Maturity Plan (FMP) - Series 49 (1823 Days) - Regular Plan - Growth;INF200KA1Z07;;12.2602;;;15-Mar-2025
149146;SBI Fixed Maturity Plan (FMP) - Series 49 (1823 Days) - Regular Plan - Income Distribution cum Capital Withdrawal Option (IDCW);INF200KA1Z15;;12.2602;;;15-Mar-2025
149174;SBI Fixed Maturity Plan (FMP) - Series 50 (1843 Days) - Direct Plan - Growth;INF200KA1Z64;;12.1955;;;15-Mar-2025
149175;SBI Fixed Maturity Plan (FMP) - Series 50 (1843 Days) - Direct Plan - Income Distribution Capital Withdrawal Option (IDCW);INF200KA1Z72;;12.1955;;;15-Mar-2025
149172;SBI Fixed Maturity Plan (FMP) - Series 50 (1843 Days) - Regular Plan - Growth;INF200KA1Z49;;12.1219;;;15-Mar-2025
149173;SBI Fixed Maturity Plan (FMP) - Series 50 (1843 Days) - Regular Plan -Income Distribution Capital Withdrawal Option (IDCW);INF200KA1Z56;;12.1219;;;15-Mar-2025
149195;SBI Fixed Maturity Plan (FMP) - Series 51 (1846 Days) - Direct Plan - Growth;INF200KA10A7;;12.1815;;;15-Mar-2025
149194;SBI Fixed Maturity Plan (FMP) - Series 51 (1846 Days) - Direct Plan - Income Distribution Capital Withdrawal Option (IDCW);INF200KA11A5;;12.1819;;;15-Mar-2025
149197;SBI Fixed Maturity Plan (FMP) - Series 51 (1846 Days) - Regular Plan - Growth;INF200KA1Z80;;12.1201;;;15-Mar-2025
149196;SBI Fixed Maturity Plan (FMP) - Series 51 (1846 Days) - Regular Plan - Income Distribution Capital Withdrawal Option (IDCW);INF200KA1Z98;;12.1201;;;15-Mar-2025
149232;SBI Fixed Maturity Plan (FMP) - Series 52 (1848 Days) - Direct Plan - Growth;INF200KA14A9;;12.1666;;;15-Mar-2025
149234;SBI Fixed Maturity Plan (FMP) - Series 52 (1848 Days) - Direct Plan - Income Distribution Cum Withdrawal (IDCW);INF200KA15A6;;12.1666;;;15-Mar-2025
149235;SBI Fixed Maturity Plan (FMP) - Series 52 (1848 Days) - Regular Plan - Growth;INF200KA12A3;;12.1082;;;15-Mar-2025
149233;SBI Fixed Maturity Plan (FMP) - Series 52 (1848 Days) - Regular Plan - Income Distribution Cum Withdrawal (IDCW);INF200KA13A1;;12.1082;;;15-Mar-2025
149279;SBI Fixed Maturity Plan (FMP) - Series 53 (1839 Days) - Direct Plan - Growth;INF200KA18A0;;12.1711;;;15-Mar-2025
149277;SBI Fixed Maturity Plan (FMP) - Series 53 (1839 Days) - Direct Plan - Income Distribution Cum Withdrawal Option (IDCW);INF200KA19A8;;12.1711;;;15-Mar-2025
149278;SBI Fixed Maturity Plan (FMP) - Series 53 (1839 Days) - Regular Plan - Growth;INF200KA16A4;;12.1203;;;15-Mar-2025
149280;SBI Fixed Maturity Plan (FMP) - Series 53 (1839 Days) - Regular Plan - Income  Distribution Cum Withdrawal Option (IDCW);INF200KA17A2;;12.1203;;;15-Mar-2025
149307;SBI Fixed Maturity Plan (FMP) - Series 54 (1842 Days) - Direct Plan - Growth;INF200KA12B1;;12.1511;;;15-Mar-2025
149309;SBI Fixed Maturity Plan (FMP) - Series 54 (1842 Days) - Direct Plan - Income Distribution Cum Withdrawal Option (IDCW);INF200KA13B9;;12.1515;;;15-Mar-2025
149308;SBI Fixed Maturity Plan (FMP) - Series 54 (1842 Days) - Regular Plan - Growth;INF200KA10B5;;12.0991;;;15-Mar-2025
149306;SBI Fixed Maturity Plan (FMP) - Series 54 (1842 Days) - Regular Plan - Income Distribution Cum Capital Withdrawal Option (IDCW);INF200KA11B3;;12.0991;;;15-Mar-2025
149345;SBI Fixed Maturity Plan (FMP) - Series 55 (1849 Days) - Direct Plan - Growth;INF200KA16B2;;12.1231;;;15-Mar-2025
149348;SBI Fixed Maturity Plan (FMP) - Series 55 (1849 Days) - Direct Plan - Income Distribution cum Capital Withdrawal Option (IDCW);INF200KA17B0;;12.1231;;;15-Mar-2025
149347;SBI Fixed Maturity Plan (FMP) - Series 55 (1849 Days) - Regular Plan - Growth;INF200KA14B7;;12.0718;;;15-Mar-2025
149346;SBI Fixed Maturity Plan (FMP) - Series 55 (1849 Days) - Regular Plan - Income Distribution Cum Capital Withdrawal Option (IDCW);INF200KA15B4;;12.0718;;;15-Mar-2025
149420;SBI Fixed Maturity Plan (FMP) - Series 56 (1232 Days) - Direct Plan - Growth;INF200KA10C3;;11.9566;;;15-Mar-2025
149423;SBI Fixed Maturity Plan (FMP) - Series 56 (1232 Days) - Direct Plan - Income Distribution cum Capital Withdrawal Option (IDCW);INF200KA11C1;;11.9566;;;15-Mar-2025
149422;SBI Fixed Maturity Plan (FMP) - Series 56 (1232 Days) - Regular Plan - Growth;INF200KA18B8;;11.9079;;;15-Mar-2025
149421;SBI Fixed Maturity Plan (FMP) - Series 56 (1232 Days) - Regular Plan - Income Distribution cum Capital Withdrawal Option (IDCW);INF200KA19B6;;11.9079;;;15-Mar-2025
149431;SBI Fixed Maturity Plan (FMP) - Series 57 (1835 Days) - Direct Plan - Growth;INF200KA14C5;;12.0382;;;15-Mar-2025
149430;SBI Fixed Maturity Plan (FMP) - Series 57 (1835 Days) - Direct Plan - Income Distribution cum Capital Withdrawal Option (IDCW);INF200KA15C2;;12.0382;;;15-Mar-2025
149432;SBI Fixed Maturity Plan (FMP) - Series 57 (1835 Days) - Regular Plan - Growth;INF200KA12C9;;11.9884;;;15-Mar-2025
149433;SBI Fixed Maturity Plan (FMP) - Series 57 (1835 Days) - Regular Plan - Income Distribution cum Capital Withdrawal Option (IDCW);INF200KA13C7;;11.9886;;;15-Mar-2025
149460;SBI Fixed Maturity Plan (FMP) - Series 58 (1842 Days) - Direct Plan - Growth;INF200KA18C6;;12.1405;;;15-Mar-2025
149461;SBI Fixed Maturity Plan (FMP) - Series 58 (1842 Days) - Direct Plan - Income Distribution cum Capital withdrawal option (IDCW);INF200KA19C4;;12.1406;;;15-Mar-2025
149459;SBI Fixed Maturity Plan (FMP) - Series 58 (1842 Days) - Regular Plan - Growth;INF200KA16C0;;12.0920;;;15-Mar-2025
149462;SBI Fixed Maturity Plan (FMP) - Series 58 (1842 Days) - Regular Plan - Income Distribution cum Capital withdrawal option (IDCW);INF200KA17C8;;12.0920;;;15-Mar-2025
149822;SBI Fixed Maturity Plan (FMP) - Series 59 (1618 Days) - Direct Plan - Growth;INF200KA19D2;;12.0084;;;15-Mar-2025
149823;SBI Fixed Maturity Plan (FMP) - Series 59 (1618 Days) - Direct Plan - Income Distribution cum Capital Withdrawal Option (IDCW);INF200KA10E9;;12.0075;;;15-Mar-2025
149825;SBI Fixed Maturity Plan (FMP) - Series 59 (1618 Days) - Regular Plan - Growth;INF200KA17D6;;11.9627;;;15-Mar-2025
149824;SBI Fixed Maturity Plan (FMP) - Series 59 (1618 Days) - Regular Plan - Income Distribution cum Capital Withdrawal Option (IDCW);INF200KA18D4;;11.9626;;;15-Mar-2025
147248;SBI Fixed Maturity Plan (FMP) - Series 6 (3668 Days) - Direct Plan - Growth;INF200KA1F27;;15.6786;;;15-Mar-2025
147249;SBI Fixed Maturity Plan (FMP) - Series 6 (3668 Days) - Direct Plan - Income Distribution cum Capital Withdrawal Option (IDCW);INF200KA1F35;;15.6787;;;15-Mar-2025
147247;SBI Fixed Maturity Plan (FMP) - Series 6 (3668 Days) - Regular Plan - Growth;INF200KA1F01;;15.4583;;;15-Mar-2025
147250;SBI Fixed Maturity Plan (FMP) - Series 6 (3668 Days) - Regular Plan - Income Distribution cum Capital Withdrawal Option (IDCW);INF200KA1F19;;15.4612;;;15-Mar-2025
149878;SBI Fixed Maturity Plan (FMP) - Series 60 (1878 Days) - Direct Plan - Growth;INF200KA13E3;;12.0398;;;15-Mar-2025
149879;SBI Fixed Maturity Plan (FMP) - Series 60 (1878 Days) - Direct Plan - Income Distribution cum Capital Withdrwal Option (IDCW);INF200KA14E1;;12.0401;;;15-Mar-2025
149876;SBI Fixed Maturity Plan (FMP) - Series 60 (1878 Days) - Regular Plan - Growth;INF200KA11E7;;11.9929;;;15-Mar-2025
149877;SBI Fixed Maturity Plan (FMP) - Series 60 (1878 Days) - Regular Plan - Income Distribution cum Capital Withdrawal Option (IDCW);INF200KA12E5;;11.9930;;;15-Mar-2025
149993;SBI Fixed Maturity Plan (FMP)- Series 61 (1927 Days)- Direct Plan- Growth option;INF200KA13F0;;12.0752;;;15-Mar-2025
149995;SBI Fixed Maturity Plan (FMP)- Series 61 (1927 Days)- Direct Plan- Income Distribution Cum Capital withdrawal option;INF200KA14F8;;12.0753;;;15-Mar-2025
149994;SBI Fixed Maturity Plan (FMP)- Series 61 (1927 Days)- Regular Plan- Growth option;INF200KA11F4;;12.0300;;;15-Mar-2025
149992;SBI Fixed Maturity Plan (FMP)- Series 61 (1927 Days)- Regular Plan- Income Distribution Cum Capital withdrawal option;INF200KA12F2;;12.0299;;;15-Mar-2025
150602;SBI Fixed Maturity Plan (FMP) - Series 64 (1169 Days) - Direct Plan - Growth;INF200KA17N5;;11.8543;;;15-Mar-2025
150603;SBI Fixed Maturity Plan (FMP) - Series 64 (1169 Days) - Direct Plan - IDCW Payout;INF200KA18N3;;11.8544;;;15-Mar-2025
150604;SBI Fixed Maturity Plan (FMP) - Series 64 (1169 Days) - Regular Plan - Growth;INF200KA15N9;;11.8181;;;15-Mar-2025
150605;SBI Fixed Maturity Plan (FMP) - Series 64 (1169 Days) - Regular Plan - IDCW Payout;INF200KA16N7;;11.8181;;;15-Mar-2025
150379;SBI Fixed Maturity Plan (FMP) - Series 66 (1361 Days) - Direct Plan - Growth;INF200KA11M0;;12.1036;;;15-Mar-2025
150378;SBI Fixed Maturity Plan (FMP) - Series 66 (1361 Days) - Direct Plan - Income Distribution cum Capital Withdrawal Option (IDCW);INF200KA12M8;;12.1036;;;15-Mar-2025
150377;SBI Fixed Maturity Plan (FMP) - Series 66 (1361 Days) - Regular Plan - Growth;INF200KA19L5;;12.0649;;;15-Mar-2025
150380;SBI Fixed Maturity Plan (FMP) - Series 66 (1361 Days) - Regular Plan - Income Distribution cum Capital Withdrawal Option (IDCW);INF200KA10M2;;12.0649;;;15-Mar-2025
150460;SBI Fixed Maturity Plan (FMP) - Series 67 (1467 Days) - Direct Plan - Growth;INF200KA15M1;;12.0590;;;15-Mar-2025
150458;SBI Fixed Maturity Plan (FMP) - Series 67 (1467 Days) - Direct Plan - IDCW Payout;INF200KA16M9;;12.0590;;;15-Mar-2025
150461;SBI Fixed Maturity Plan (FMP) - Series 67 (1467 Days) - Regular Plan - Growth;INF200KA13M6;;12.0210;;;15-Mar-2025
150459;SBI Fixed Maturity Plan (FMP) - Series 67 (1467 Days) - Regular Plan - IDCW Payout;INF200KA14M4;;12.0214;;;15-Mar-2025
150649;SBI Fixed Maturity Plan (FMP) - Series 68 (1302 Days) - Direct Plan - Growth;INF200KA15O7;;11.9298;;;15-Mar-2025
150650;SBI Fixed Maturity Plan (FMP) - Series 68 (1302 Days) - Direct Plan - IDCW Payout;INF200KA16O5;;11.9334;;;15-Mar-2025
150647;SBI Fixed Maturity Plan (FMP) - Series 68 (1302 Days) - Regular Plan - Growth;INF200KA13O2;;11.8938;;;15-Mar-2025
150648;SBI Fixed Maturity Plan (FMP) - Series 68 (1302 Days) - Regular Plan - IDCW Payout;INF200KA14O0;;11.8937;;;15-Mar-2025
151559;SBI Fixed Maturity Plan (FMP) - Series 79 (1170 Days) - Direct Plan - Growth;INF200KA19W2;;11.5978;;;15-Mar-2025
151558;SBI Fixed Maturity Plan (FMP) - Series 79 (1170 Days) - Direct Plan - Income Distribution cum Capital Withdrawal Payout;INF200KA10X9;;11.5982;;;15-Mar-2025
151556;SBI Fixed Maturity Plan (FMP) - Series 79 (1170 Days) - Regular Plan - Growth;INF200KA17W6;;11.5671;;;15-Mar-2025
151557;SBI Fixed Maturity Plan (FMP) - Series 79 (1170 Days) - Regular Plan - Income Distribution cum Capital Withdrawal Payout;INF200KA18W4;;11.5672;;;15-Mar-2025
148848;SBI Fixed Maturity Plan (FMP) - Series 42 (1857 Days) Direct Plan - Income Distribution cum Capital Withdrawal Option (IDCW);INF200KA1V27;;12.6708;;;15-Mar-2025
148845;SBI Fixed Maturity Plan (FMP) - Series 42 (1857 Days) Regular Plan - Income Distribution cum Capital Withdrawal Option (IDCW);INF200KA1V01;;12.5893;;;15-Mar-2025
148846;SBI Fixed Maturity Plan (FMP) Series 42 (1857 Days) - Direct Plan - Growth;INF200KA1V19;;12.6705;;;15-Mar-2025
148847;SBI Fixed Maturity Plan (FMP) Series 42 (1857 Days) - Regular Plan - Growth;INF200KA1U93;;12.5893;;;15-Mar-2025
148941;SBI Fixed Maturity Plan (FMP) Series 43 (1616 Days) - Direct Plan - Growth;INF200KA1V50;;12.5470;;;15-Mar-2025
148942;SBI Fixed Maturity Plan (FMP) Series 43 (1616 Days) - Direct Plan - Income Distribution cum Capital Withdrawal Option (IDCW);INF200KA1V68;;12.5470;;;15-Mar-2025
148939;SBI Fixed Maturity Plan (FMP) Series 43 (1616 Days) - Regular Plan - Growth;INF200KA1V35;;12.4775;;;15-Mar-2025
148940;SBI Fixed Maturity Plan (FMP) Series 43 (1616 Days) - Regular Plan - Income Distribution cum Capital Withdrawal Option (IDCW);INF200KA1V43;;12.4776;;;15-Mar-2025
148967;SBI Fixed Maturity Plan (FMP) - Series 44 (1855 Days) - Direct Plan - Growth;INF200KA1W59;;12.4855;;;15-Mar-2025
148968;SBI Fixed Maturity Plan (FMP) - Series 44 (1855 Days) - Direct Plan - Income Distribution cum Capital Withdrawal Option (IDCW);INF200KA1W67;;12.4855;;;15-Mar-2025
148966;SBI Fixed Maturity Plan (FMP) - Series 44 (1855 Days) - Regular Plan - Growth;INF200KA1W34;;12.4194;;;15-Mar-2025
148969;SBI Fixed Maturity Plan (FMP) Series 44 (1855 Days) - Regular Plan - Income Distribution cum Capital Withdrawal Option (IDCW);INF200KA1W42;;12.4194;;;15-Mar-2025
148999;SBI Fixed Maturity Plan (FMP) Series 45 (1840 Days) - Direct Plan - Growth;INF200KA1W91;;12.4893;;;15-Mar-2025
148998;SBI Fixed Maturity Plan (FMP) Series 45 (1840 Days) - Direct Plan - Income Distribution cum Capital Withdrawal Option (IDCW);INF200KA1X09;;12.4893;;;15-Mar-2025
148996;SBI Fixed Maturity Plan (FMP) Series 45 (1840 Days) - Regular Plan - Growth;INF200KA1W75;;12.4257;;;15-Mar-2025
148997;SBI Fixed Maturity Plan (FMP) Series 45 (1840Days) - Regular Plan - Income Distribution cum Capital Withdrawal Option (IDCW);INF200KA1W83;;12.4257;;;15-Mar-2025
150919;SBI Fixed Maturity Plan (FMP)-Series 72 (1239 Days) Direct Plan- Growth;INF200KA17S4;;11.7849;;;15-Mar-2025
150916;SBI Fixed Maturity Plan (FMP)-Series 72 (1239 Days) Direct Plan- Income Distribution Cum Capital Withdrawal Payout;INF200KA18S2;;11.7849;;;15-Mar-2025
150917;SBI Fixed Maturity Plan (FMP)-Series 72 (1239 Days) Regular Plan- Growth;INF200KA15S8;;11.7507;;;15-Mar-2025
150918;SBI Fixed Maturity Plan (FMP)-Series 72 (1239 Days) Regular Plan- Income Distribution Cum Capital Withdrawal Payout;INF200KA16S6;;11.7506;;;15-Mar-2025
150984;SBI Fixed Maturity Plan (FMP) - Series 73 (1226 Days) - Direct Plan - Growth;INF200KA11T5;;11.7552;;;15-Mar-2025
150985;SBI Fixed Maturity Plan (FMP) - Series 73 (1226 Days) - Direct Plan - IDCW Payout;INF200KA12T3;;11.7551;;;15-Mar-2025
150986;SBI Fixed Maturity Plan (FMP) - Series 73 (1226 Days) - Regular Plan - Growth;INF200KA19S0;;11.7221;;;15-Mar-2025
150983;SBI Fixed Maturity Plan (FMP) - Series 73 (1226 Days) - Regular Plan - IDCW Payout;INF200KA10T7;;11.7220;;;15-Mar-2025
151252;SBI Fixed Maturity Plan (FMP)-Series 74 (1243 Days)- Direct Plan- Growth;INF200KA11U3;;11.7474;;;15-Mar-2025
151253;SBI Fixed Maturity Plan (FMP)-Series 74 (1243 Days)- Direct Plan- Income Distribution Cum Capital Withdrawal Payout;INF200KA12U1;;11.7473;;;15-Mar-2025
151254;SBI Fixed Maturity Plan (FMP)-Series 74 (1243 Days)- Regular Plan- Growth;INF200KA19T8;;11.7149;;;15-Mar-2025
151255;SBI Fixed Maturity Plan (FMP)-Series 74 (1243 Days)- Regular Plan- Income Distribution Cum Capital Withdrawal Payout;INF200KA10U5;;11.7149;;;15-Mar-2025
151351;SBI Fixed Maturity Plan (FMP) - Series 76 (1221 Days) - Direct Plan - Growth;INF200KA19U6;;11.6651;;;15-Mar-2025
151350;SBI Fixed Maturity Plan (FMP) - Series 76 (1221 Days) - Direct Plan - Income Distribution Cum Capital Withdrawal Payout;INF200KA10V3;;11.6651;;;15-Mar-2025
151349;SBI Fixed Maturity Plan (FMP) - Series 76 (1221 Days) - Regular Plan - Growth;INF200KA17U0;;11.6340;;;15-Mar-2025
151348;SBI Fixed Maturity Plan (FMP) - Series 76 (1221 Days) - Regular Plan - Income Distribution Cum Capital Withdrawal Payout;INF200KA18U8;;11.6339;;;15-Mar-2025
151451;SBI Fixed Maturity Plan (FMP)-Series 78 (1170 Days) Direct Plan- Growth;INF200KA19V4;;11.6501;;;15-Mar-2025
151452;SBI Fixed Maturity Plan (FMP)-Series 78 (1170 Days) Direct Plan- Income Distribution Cum Capital Withdrawal Payout;INF200KA10W1;;11.6492;;;15-Mar-2025
151454;SBI Fixed Maturity Plan (FMP)-Series 78 (1170 Days) Regular Plan- Growth;INF200KA17V8;;11.6184;;;15-Mar-2025
151453;SBI Fixed Maturity Plan (FMP)-Series 78 (1170 Days) Regular Plan- Income Distribution Cum Capital Withdrawal Payout;INF200KA18V6;;11.6179;;;15-Mar-2025
151639;SBI Fixed Maturity Plan (FMP)-Series 81 (1157 Days) Direct Plan- Growth;INF200KA17X4;;11.5558;;;15-Mar-2025
151640;SBI Fixed Maturity Plan (FMP)-Series 81 (1157 Days) Direct Plan- Income Distribution Cum Capital Withdrawal Payout;INF200KA18X2;;11.5556;;;15-Mar-2025
151641;SBI Fixed Maturity Plan (FMP)-Series 81 (1157 Days) Regular Plan- Growth;INF200KA15X8;;11.5261;;;15-Mar-2025
151642;SBI Fixed Maturity Plan (FMP)-Series 81 (1157 Days) Regular Plan- Income Distribution Cum Capital Withdrawal Payout;INF200KA16X6;;11.5261;;;15-Mar-2025
