Scheme Code;Scheme Name;ISIN Div Payout/ISIN Growth;ISIN Div Reinvestment;Net Asset Value;Repurchase Price;Sale Price;Date

Open Ended Schemes ( Liquid )


PGIM India Mutual Fund
120102;DHFL Pramerica Liquid Fund - Direct Plan-Daily Dividend Option;;INF663L01633;1000.2480;1000.2480;1000.2480;09-Feb-2013
120104;DHFL Pramerica Liquid Fund - Direct Plan-Growth Option;INF663L01625;;1237.5248;1237.5248;1237.5248;09-Feb-2013
120106;DHFL Pramerica Liquid Fund - Direct Plan-Weekly Dividend - Option;;INF663L01641;1000.9252;1000.9252;1000.9252;09-Feb-2013
113184;DHFL Pramerica Liquid Fund - Dividend Option - Daily;;INF663L01088;1000.2500;1000.2500;1000.2500;09-Feb-2013
113187;DHFL Pramerica Liquid Fund - Dividend Option - Fortnightly;INF663L01120;INF663L01104;1003.2635;1003.2635;1003.2635;09-Feb-2013
113186;DHFL Pramerica Liquid Fund - Dividend Option - Monthly;INF663L01138;INF663L01112;1003.2223;1003.2223;1003.2223;09-Feb-2013
113183;DHFL Pramerica Liquid Fund - Growth Option;INF663L01070;;1237.4316;1237.4316;1237.4316;09-Feb-2013
113185;DHFL Pramerica Liquid Fund -Dividend Option- Weekly;;INF663L01096;1000.9114;1000.9114;1000.9114;09-Feb-2013

PineBridge Mutual Fund
119356;PineBridge India Liquid Fund- Direct Plan- Bonus Option;INF178L01AW6;;1022.4509;1022.4509;1022.4509;09-Feb-2013
119355;PineBridge India Liquid Fund- Direct Plan- Daily Dividend Option;;INF178L01AV8;1001.0000;1001.0000;1001.0000;09-Feb-2013
119360;PineBridge India Liquid Fund- Direct Plan- Growth Option;INF178L01AP0;;1470.5033;1470.5033;1470.5033;09-Feb-2013
119359;PineBridge India Liquid Fund- Direct Plan- Monthly Dividend Option;INF178L01AR6;INF178L01AQ8;1007.7940;1007.7940;1007.7940;09-Feb-2013
119357;PineBridge India Liquid Fund- Direct Plan- Quarterly Dividend Option;INF178L01AT2;INF178L01AS4;1010.2560;1010.2560;1010.2560;09-Feb-2013
119358;PineBridge India Liquid Fund- Direct Plan- Weekly Dividend Option;;INF178L01AU0;1003.4240;1003.4240;1003.4240;09-Feb-2013
106518;PineBridge India Liquid Fund- Standard Plan-Bonus Option;;INF178L01707;1022.4033;1022.4033;1022.4033;09-Feb-2013
106513;PineBridge India Liquid Fund- Standard Plan-Daily Dividend Option;;INF178L01699;1001.0000;1001.0000;1001.0000;09-Feb-2013
106508;PineBridge India Liquid Fund- Standard Plan-Growth Option;INF178L01715;;1470.4423;1470.4423;1470.4423;09-Feb-2013
106519;PineBridge India Liquid Fund- Standard Plan-Monthly Dividend Option;INF178L01723;INF178L01731;1004.0431;1004.0431;1004.0431;09-Feb-2013
106520;PineBridge India Liquid Fund- Standard Plan-Quarterly Dividend Option;INF178L01749;INF178L01756;1010.2137;1010.2137;1010.2137;09-Feb-2013
106509;PineBridge India Liquid Fund- Standard Plan-Weekly Dividend Option;;INF178L01764;1002.2125;1002.2125;1002.2125;09-Feb-2013
106503;PineBridge India Liquid Fund-Retail Plan-DailyDividend Option;;INF178L01533;1001.0000;1001.0000;1001.0000;09-Feb-2013
106514;PineBridge India Liquid Fund-Retail Plan-Growth Option;INF178L01558;;1438.8059;1438.8059;1438.8059;09-Feb-2013
106504;PineBridge India Liquid Fund-Retail Plan-Monthly Dividend Option;INF178L01566;INF178L01574;1003.9122;1003.9122;1003.9122;09-Feb-2013
106510;PineBridge India Liquid Fund-Retail Plan-Weekly Dividend Option;;INF178L01608;1002.1607;1002.1607;1002.1607;09-Feb-2013

Sahara Mutual Fund
101397;Sahara Liquid Fund-Fixed Pricing -  Weekly Dividend Option;;INF515L01064;1027.4373;1027.4373;1027.4373;09-Feb-2013
101393;Sahara Liquid Fund-Fixed Pricing - Daily Dividend Option;;INF515L01049;1030.1630;1030.1630;1030.1630;09-Feb-2013
120265;Sahara Liquid Fund-Fixed Pricing - Direct - Weekly Dividend Option;;INF515L01668;1027.4373;1027.4373;1027.4373;09-Feb-2013
120262;Sahara Liquid Fund-Fixed Pricing - Direct -Growth option;INF515L01650;;2094.8970;2094.8970;2094.8970;09-Feb-2013
101394;Sahara Liquid Fund-Fixed Pricing - Growth option;INF515L01056;;2094.4998;2094.4998;2094.4998;09-Feb-2013
101398;Sahara Liquid Fund-Fixed Pricing - Monthly Dividend Option;;INF515L01072;1031.4037;1031.4037;1031.4037;09-Feb-2013
120253;Sahara Liquid Fund-Fixed Pricing -Direct - Daily Dividend Option- Direct;;INF515L01643;1030.1630;1030.1630;1030.1630;09-Feb-2013
120266;Sahara Liquid Fund-Fixed Pricing -Direct - Monthly Dividend Option;;INF515L01676;1031.4037;1031.4037;1031.4037;09-Feb-2013
101399;Sahara Liquid Fund-Variable Pricing - Daily Dividend option;;INF515L01080;1030.1758;1030.1758;1030.1758;09-Feb-2013
101402;Sahara Liquid Fund-Variable Pricing - Growth option;INF515L01114;;2113.0922;2113.0922;2113.0922;09-Feb-2013
101400;Sahara Liquid Fund-Variable Pricing - Weekly Dividend Option;;INF515L01098;1032.2039;1032.2039;1032.2039;09-Feb-2013
120271;Sahara Liquid Fund-Variable Pricing -Direct - Daily Dividend option;;INF515L01684;1030.1758;1030.1758;1030.1758;09-Feb-2013
120280;Sahara Liquid Fund-Variable Pricing -Direct - Growth option;INF515L01718;;2113.1724;2113.1724;2113.1724;09-Feb-2013
120272;Sahara Liquid Fund-Variable Pricing -Direct - Weekly Dividend Option;;INF515L01692;1032.2039;1032.2039;1032.2039;09-Feb-2013
120273;Sahara Liquid Fund-Variable Pricing- Direct - Monthly Dividend Option;;INF515L01700;1035.8426;1035.8426;1035.8426;09-Feb-2013
101401;Sahara Liquid Fund-Variable Pricing- Monthly Dividend Option;;INF515L01106;1035.8426;1035.8426;1035.8426;09-Feb-2013

Open Ended Schemes ( Debt Scheme - Overnight Fund )


SBI Mutual Fund
119831;SBI Overnight Fund - Direct Plan - Daily Income Distribution cum Capital Withdrawal Option (IDCW);;INF200K01TJ7;1009.9100;1009.9100;1009.9100;09-Feb-2013
119833;SBI OVERNIGHT FUND - DIRECT PLAN - GROWTH;INF200K01TK5;;1991.5043;1991.5043;1991.5043;09-Feb-2013
119832;SBI Overnight Fund - Direct Plan - Weekly Income Distribution cum Capital Withdrawal Option (IDCW);INF200K01TL3;INF200K01TM1;1031.1904;1031.1904;1031.1904;09-Feb-2013
114297;SBI Overnight Fund - Regular Plan - Daily Income Distribution cum Capital Withdrawal Option (IDCW);;INF200K01LN6;1009.9100;1009.9100;1009.9100;09-Feb-2013
101206;SBI OVERNIGHT FUND - REGULAR PLAN - GROWTH;INF200K01LQ9;;1991.1195;1991.1195;1991.1195;09-Feb-2013
103140;SBI Overnight Fund - Regular Plan - Weekly Income Distribution cum Capital Withdrawal Option (IDCW);INF200K01LO4;INF200K01LP1;1031.1903;1031.1903;1031.1903;09-Feb-2013

Open Ended Schemes ( Debt Scheme - Liquid Fund )


Axis Mutual Fund
120388;Axis Liquid Fund - Direct Plan - Daily IDCW;;INF846K01DA0;1000.1107;1000.1107;1000.1107;09-Feb-2013
120389;Axis Liquid Fund - Direct Plan - Growth Option;INF846K01CX4;;1284.8523;1284.8523;1284.8523;09-Feb-2013
120391;Axis Liquid Fund - Direct Plan - Monthly IDCW;INF846K01CY2;INF846K01CZ9;1002.8212;1002.8212;1002.8212;09-Feb-2013
120390;Axis Liquid Fund - Direct Plan - Weekly IDCW;INF846K01DB8;INF846K01DC6;1003.2368;1003.2368;1003.2368;09-Feb-2013
112211;Axis Liquid Fund - Regular Plan - Daily IDCW;;INF846K01420;1000.1107;1000.1107;1000.1107;09-Feb-2013
112210;Axis Liquid Fund - Regular Plan - Growth Option;INF846K01412;;1284.7655;1284.7655;1284.7655;09-Feb-2013
112213;Axis Liquid Fund - Regular Plan - Monthly IDCW;INF846K01453;INF846K01461;1002.7920;1002.7920;1002.7920;09-Feb-2013
112212;Axis Liquid Fund - Regular Plan - Weekly IDCW;INF846K01438;INF846K01446;1003.2306;1003.2306;1003.2306;09-Feb-2013
112712;Axis Liquid Fund - Retail Plan - Daily IDCW;;INF846K01362;1000.1107;1000.1107;1000.1107;09-Feb-2013
112713;Axis Liquid Fund - Retail Plan - Growth Option;INF846K01354;;1252.9082;1252.9082;1252.9082;09-Feb-2013
112714;Axis Liquid Fund - Retail Plan - Monthly IDCW;INF846K01396;INF846K01404;1002.6605;1002.6605;1002.6605;09-Feb-2013
112715;Axis Liquid Fund - Retail Plan - Weekly IDCW;INF846K01370;INF846K01388;1001.1928;1001.1928;1001.1928;09-Feb-2013

Bandhan Mutual Fund
108692;BANDHAN LIQUID Fund - Regular Plan - Daily IDCW;INF194K01VZ4;INF194K01VY7;1000.2500;1000.2500;1000.2500;09-Feb-2013
108690;BANDHAN LIQUID Fund - Regular Plan - Growth;INF194K01VX9;;1409.3916;1409.3916;1409.3916;09-Feb-2013
108693;BANDHAN LIQUID Fund - Regular Plan - Monthly IDCW;INF194K01WF4;INF194K01WE7;1002.3454;1002.3454;1002.3454;09-Feb-2013
115489;BANDHAN LIQUID Fund - Regular Plan - Periodic IDCW;INF194K01WC1;INF194K01WB3;1110.6065;1110.6065;1110.6065;09-Feb-2013
108691;BANDHAN LIQUID Fund - Regular Plan - Weekly IDCW;INF194K01WI8;INF194K01WH0;1000.3289;1000.3289;1000.3289;09-Feb-2013
118365;BANDHAN LIQUID Fund -Direct Plan -Monthly IDCW;INF194K01J36;INF194K01J28;1009.3214;1009.3214;1009.3214;09-Feb-2013
118366;BANDHAN LIQUID Fund -Direct Plan-Daily IDCW;;INF194K01I78;1000.2500;1000.2500;1000.2500;09-Feb-2013
118364;BANDHAN LIQUID Fund -Direct Plan-Growth;INF194K01I60;;1409.4141;1409.4141;1409.4141;09-Feb-2013
108779;BANDHAN Liquid Fund-Plan A-Dividend (Daily);INF194K01VC3;INF194K01VB5;1058.1900;1058.1900;1058.1900;09-Feb-2013
108778;BANDHAN Liquid Fund-Plan A-Growth;INF194K01UX1;;2036.6215;2036.6215;2036.6215;09-Feb-2013
115486;BANDHAN Liquid Fund-Plan A-Monthly;INF194K01VF6;INF194K01VE9;1002.1643;1002.1643;1002.1643;09-Feb-2013
115487;BANDHAN Liquid Fund-Plan A-Periodic Dividend;INF194K01UZ6;INF194K01UY9;1102.9645;1102.9645;1102.9645;09-Feb-2013
108607;BANDHAN Liquid Fund - Plan A-Dividend (Weekly);INF194K01VI0;INF194K01VH2;1001.2177;1001.2177;1001.2177;09-Feb-2013
108781;BANDHAN Liquid Fund - Plan B (G) (Institutional Plan);INF194K01VK6;;2057.6482;2057.6482;2057.6482;09-Feb-2013
108629;BANDHAN Liquid Fund - Plan B - Dividend-Weekly;INF194K01VS9;INF194K01VR1;1000.3107;1000.3107;1000.3107;09-Feb-2013
108681;BANDHAN Liquid Fund - Plan B-Daily-Dividend(Institutional Plan);INF194K01VM2;INF194K01VL4;1058.7300;1058.7300;1058.7300;09-Feb-2013

Canara Robeco Mutual Fund
118307;CANARA ROBECO LIQUID FUND - DIRECT PLAN - DAILY IDCW (Reinvestment);;INF760K01FS0;1005.5000;1005.5000;1005.5000;09-Feb-2013
118305;CANARA ROBECO LIQUID FUND - DIRECT PLAN - GROWTH OPTION;INF760K01FU6;;1409.8137;1409.8137;1409.8137;09-Feb-2013
118304;CANARA ROBECO LIQUID FUND - DIRECT PLAN - IDCW (Payout/Reinvestment);INF760K01FT8;;1009.3399;1009.3399;1009.3399;09-Feb-2013
118306;CANARA ROBECO LIQUID FUND - DIRECT PLAN - MONTHLY IDCW (Payout/Reinvestment);INF760K01FV4;INF760K01FW2;1002.3239;1002.3239;1002.3239;09-Feb-2013
118308;CANARA ROBECO LIQUID FUND - DIRECT PLAN - WEEKLY IDCW (Payout/Reinvestment);INF760K01FY8;INF760K01FX0;1000.6848;1000.6848;1000.6848;09-Feb-2013
109349;CANARA ROBECO LIQUID FUND - REGULAR PLAN - DAILY IDCW (Reinvestment);;INF760K01CU3;1005.5000;1005.5000;1005.5000;09-Feb-2013
109353;CANARA ROBECO LIQUID FUND - REGULAR PLAN - GROWTH OPTION;INF760K01CW9;;1409.7553;1409.7553;1409.7553;09-Feb-2013
109351;CANARA ROBECO LIQUID FUND - REGULAR PLAN - MONTHLY IDCW (Payout/Reinvestment);INF760K01CX7;INF760K01CY5;1002.2618;1002.2618;1002.2618;09-Feb-2013
109350;CANARA ROBECO LIQUID FUND - REGULAR PLAN - WEEKLY IDCW (Payout/Reinvestment);INF760K01BZ4;INF760K01CZ2;1000.6814;1000.6814;1000.6814;09-Feb-2013
101363;Canara Robeco Liquid Fund- INSTITUTIONAL-Daily Dividend Reinvestment;;INF760K01CC1;1005.5000;1005.5000;1005.5000;09-Feb-2013
101362;Canara Robeco Liquid Fund- INSTITUTIONAL-Growth;INF760K01CD9;;2086.8905;2086.8905;2086.8905;09-Feb-2013
101364;Canara Robeco Liquid Fund-Retail-DRI;;INF760K01CF4;1007.0000;1007.0000;1007.0000;09-Feb-2013
101365;Canara Robeco Liquid Fund-Retail-Growth;INF760K01CH0;;2056.8470;2056.8470;2056.8470;09-Feb-2013
109347;Canara Robeco Liquid Fund-Retail-Monthly Div Reinvest;;INF760K01CI8;1007.4706;1007.4706;1007.4706;09-Feb-2013
109356;Canara Robeco Liquid Fund-Retail-Weekly Div Reinvest;;INF760K01CJ6;1006.0913;1006.0913;1006.0913;09-Feb-2013

L&T Mutual Fund
119791;L&T Liquid Fund - Direct Plan -Daily IDCW;INF917K01HG7;;1011.6349;1011.6349;1011.6349;09-Feb-2013
119790;L&T Liquid Fund - Direct Plan -Growth;INF917K01HF9;;1590.1520;1590.1520;1590.1520;09-Feb-2013
112458;L&T Liquid Fund - Regular Plan - Weekly IDCW;INF917K01BK2;INF917K01JG3;1001.1176;1001.1176;1001.1176;09-Feb-2013
112445;L&T Liquid Fund -Regular Plan - Daily IDCW;INF917K01JB4;;1011.6349;1011.6349;1011.6349;09-Feb-2013
112457;L&T Liquid Fund -Regular Plan - Growth;INF917K01JH1;;1590.1250;1590.1250;1590.1250;09-Feb-2013
112456;L&T Liquid Fund-Cum -Institutional Plus;INF917K01BJ4;;2323.9282;2323.9282;2323.9282;09-Feb-2013
112442;L&T Liquid Fund-Regular Cumulative;INF917K01BF2;;2260.5859;2260.5859;2260.5859;09-Feb-2013

LIC Mutual Fund
120248;LIC MF Liquid Fund-Direct Plan-Daily IDCW;INF767K01DL5;INF767K01DM3;1098.0000;1098.0000;1098.0000;09-Feb-2013
120249;LIC MF Liquid Fund-Direct Plan-Growth;INF767K01DN1;;2103.6501;2103.6501;2103.6501;09-Feb-2013
101184;LIC MF Liquid Fund-Regular Plan-Daily IDCW;INF767K01IQ3;INF767K01IR1;1098.0000;1098.0000;1098.0000;09-Feb-2013
101185;LIC MF Liquid Fund-Regular Plan-Growth;INF767K01IS9;;2103.5706;2103.5706;2103.5706;09-Feb-2013

quant Mutual Fund
120837;quant Liquid Fund - Growth Option - Direct Plan;INF966L01820;;17.8821;17.8821;17.8821;09-Feb-2013
103225;quant Liquid Fund - Growth Option - Regular Plan;INF966L01317;;17.8769;17.8769;17.8769;09-Feb-2013
120838;quant Liquid Fund - Monthly IDCW Option - Direct Plan;INF966L01796;INF966L01812;15.0559;15.0559;15.0559;09-Feb-2013
103228;quant Liquid Fund - Monthly IDCW Option - Regular Plan;INF966L01291;INF966L01309;15.0529;15.0529;15.0529;09-Feb-2013
120839;quant Liquid Fund - Weekly IDCW Option - Direct Plan;INF966L01788;INF966L01804;13.3873;13.3873;13.3873;09-Feb-2013
103227;quant Liquid Fund - Weekly IDCW Option - Regular Plan;INF966L01499;INF966L01283;13.3873;13.3873;13.3873;09-Feb-2013
120836;quant Liquid Fund-Daily IDCW Option - Direct Plan;;INF966L01770;13.7355;13.7355;13.7355;09-Feb-2013
103226;quant Liquid Fund-Daily IDCW Option - Regular Plan;;INF966L01275;13.7331;13.7331;13.7331;09-Feb-2013

SBI Mutual Fund
119804;SBI Liquid Fund - Direct Paln - Fortnightly Income Distribution cum Capital Withdrawal Option (IDCW);INF200K01UR8;INF200K01US6;N.A.;N.A.;N.A.;09-Feb-2013
119805;SBI Liquid Fund - Direct Plan - Daily Income Distribution cum Capital Withdrawal Option (IDCW);;INF200K01UQ0;1003.2500;1003.2500;1003.2500;09-Feb-2013
119799;SBI Liquid Fund - Direct Plan - Weekly Income Distribution cum Capital Withdrawal Option (IDCW);INF200K01UU2;INF200K01UV0;1061.0596;1061.0596;1061.0596;09-Feb-2013
119800;SBI Liquid Fund - DIRECT PLAN -Growth;INF200K01UT4;;1822.2361;1822.2361;1822.2361;09-Feb-2013
105274;SBI Liquid Fund - Institutional - Growth;INF200K01LU1;;1839.5589;1839.5589;1839.5589;09-Feb-2013
105275;SBI Liquid Fund - Institutional Daily Income Distribution cum Capital Withdrawal Option (IDCW);;INF200K01LR7;1003.2500;1003.2500;1003.2500;09-Feb-2013
105279;SBI Liquid Fund - Institutional Fortnightly Income Distribution cum Capital Withdrawal Option (IDCW);INF200K01LS5;INF200K01LT3;1024.7502;1024.7502;1024.7502;09-Feb-2013
105278;SBI Liquid Fund - Institutional Weekly Income Distribution cum Capital Withdrawal Option (IDCW);INF200K01LV9;INF200K01LW7;1060.3503;1060.3503;1060.3503;09-Feb-2013
105281;SBI Liquid Fund - Regular Plan - Daily Income Distribution cum Capital Withdrawal Option (IDCW);;INF200K01LX5;1003.2500;1003.2500;1003.2500;09-Feb-2013
105283;SBI Liquid Fund - Regular Plan - Fortnightly Income Distribution cum Capital Withdrawal Option (IDCW);INF200K01LY3;INF200K01LZ0;1013.4577;1013.4577;1013.4577;09-Feb-2013
105282;SBI Liquid Fund - Regular Plan - Weekly Income Distribution cum Capital Withdrawal Option (IDCW);INF200K01MB9;INF200K01MC7;1061.0596;1061.0596;1061.0596;09-Feb-2013
105280;SBI Liquid Fund - REGULAR PLAN -Growth;INF200K01MA1;;1822.1362;1822.1362;1822.1362;09-Feb-2013

Sundaram Mutual Fund
119688;Sundaram Money Fund Direct Plan - Daily Reinvestment of Income Distribution cum Capital Withdrawal (IDCW);;INF903J01QA3;10.1025;10.1025;10.1025;09-Feb-2013
119692;Sundaram Money Fund Direct Plan - Fortnightly Reinvestment of Income Distribution cum Capital Withdrawal (IDCW);;INF903J01QB1;24.4461;24.4461;24.4461;09-Feb-2013
119686;Sundaram Money Fund Direct Plan - Growth;INF903J01QF2;;24.4431;24.4431;24.4431;09-Feb-2013
119687;Sundaram Money Fund Direct Plan - Monthly Income Distribution cum Capital Withdrawal (IDCW);INF903J01QC9;INF903J01QD7;10.4890;10.4890;10.4890;09-Feb-2013
119689;Sundaram Money Fund Direct Plan - Quarterly Reinvestment of Income Distribution cum Capital Withdrawal (IDCW);;INF903J01QE5;12.5820;12.5820;12.5820;09-Feb-2013
119691;Sundaram Money Fund Direct Plan - Weekly Reinvestment of Income Distribution cum Capital Withdrawal (IDCW);;INF903J01QG0;11.0517;11.0517;11.0517;09-Feb-2013
102701;Sundaram Money Fund Institutional Plan - Daily Reinvestment of Income Distribution cum Capital Withdrawal (IDCW);;INF903J01GP2;10.0953;10.0953;10.0953;09-Feb-2013
102702;Sundaram Money Fund Institutional Plan - Fortnightly Reinvestment of Income Distribution cum Capital Withdrawal (IDCW);;INF903J01GR8;0.0000;0.0000;0.0000;09-Feb-2013
102703;Sundaram Money Fund Institutional Plan - Growth;INF903J01GN7;;23.8350;23.8350;23.8350;09-Feb-2013
102704;Sundaram Money Fund Institutional Plan - Monthly Income Distribution cum Capital Withdrawal (IDCW);INF903J01GO5;INF903J01GS6;10.4215;10.4215;10.4215;09-Feb-2013
102705;Sundaram Money Fund Institutional Plan - Quarterly Reinvestment of Income Distribution cum Capital Withdrawal (IDCW);;INF903J01GT4;0.0000;0.0000;0.0000;09-Feb-2013
102706;Sundaram Money Fund Institutional Plan - Weekly Reinvestment of Income Distribution cum Capital Withdrawal (IDCW);;INF903J01GQ0;0.0000;0.0000;0.0000;09-Feb-2013
103392;Sundaram Money Fund Regular Plan - Daily Reinvestment of Income Distribution cum Capital Withdrawal (IDCW);;INF903J01GW8;10.0953;10.0953;10.0953;09-Feb-2013
103395;Sundaram Money Fund Regular Plan - Fortnightly Reinvestment of Income Distribution cum Capital Withdrawal (IDCW);;INF903J01GY4;0.0000;0.0000;0.0000;09-Feb-2013
103397;Sundaram Money Fund Regular Plan - Growth;INF903J01GU2;;24.4419;24.4419;24.4419;09-Feb-2013
103396;Sundaram Money Fund Regular Plan - Monthly Income Distribution cum Capital Withdrawal (IDCW);INF903J01GV0;INF903J01GZ1;10.3507;10.3507;10.3507;09-Feb-2013
103393;Sundaram Money Fund Regular Plan - Quarterly Reinvestment of Income Distribution cum Capital Withdrawal (IDCW);;INF903J01HA2;0.0000;0.0000;0.0000;09-Feb-2013
100620;Sundaram Money Fund Retail Plan - Daily Reinvestment of Income Distribution cum Capital Withdrawal (IDCW);;INF903J01GI7;10.0953;10.0953;10.0953;09-Feb-2013
100622;Sundaram Money Fund Retail Plan - Fortnightly Reinvestment of Income Distribution cum Capital Withdrawal (IDCW);;INF903J01GK3;10.5683;10.5683;10.5683;09-Feb-2013
100618;Sundaram Money Fund Retail Plan - Growth;INF903J01GG1;;22.8408;22.8408;22.8408;09-Feb-2013
100623;Sundaram Money Fund Retail Plan - Monthly Income Distribution cum Capital Withdrawal (IDCW);INF903J01GH9;INF903J01GL1;10.3634;10.3634;10.3634;09-Feb-2013
100619;Sundaram Money Fund Retail Plan - Quarterly Reinvestment of Income Distribution cum Capital Withdrawal (IDCW);;INF903J01GM9;12.7820;12.7820;12.7820;09-Feb-2013
100621;Sundaram Money Fund Retail Plan - Weekly Reinvestment of Income Distribution cum Capital Withdrawal (IDCW);;INF903J01GJ5;10.9334;10.9334;10.9334;09-Feb-2013
103394;Sundaram Money Fund Regular Plan - Weekly Reinvestment of Income Distribution cum Capital Withdrawal (IDCW);;INF903J01GX6;10.9740;10.9740;10.9740;09-Feb-2013

Taurus Mutual Fund
111915;Taurus Liquid Fund - Regular Plan - SI Growth Option;INF044D01534;;1250.5753;1250.5753;1250.5753;09-Feb-2013
111703;Taurus Liquid Fund - Regular Plan -SI Daily Dividend Option;;INF044D01518;1000.0905;1000.0905;1000.0905;09-Feb-2013
111547;Taurus Liquid Fund Insti DDRIP;;INF044D01484;1000.0905;1000.0905;1000.0905;09-Feb-2013
111760;Taurus Liquid Fund Insti Growth;INF044D01500;;1273.7385;1273.7385;1273.7385;09-Feb-2013
118891;Taurus Liquid Fund-Direct Plan-SI Daily Dividend Option;;INF044D01DI0;1000.0905;1000.0905;1000.0905;09-Feb-2013
118893;Taurus Liquid Fund-Direct Plan-SI Growth Option;INF044D01DK6;;1250.6439;1250.6439;1250.6439;09-Feb-2013
118892;Taurus Liquid Fund-Direct Plan-SI Weekly Dividend Option;;INF044D01DJ8;1000.4744;1000.4744;1000.4744;09-Feb-2013
104240;Taurus Liquid Fund-Dividend;INF044D01542;INF044D01559;1001.2175;1001.2175;1001.2175;09-Feb-2013
104241;Taurus Liquid Fund-Growth;INF044D01575;;1510.5804;1510.5804;1510.5804;09-Feb-2013

UTI Mutual Fund
120558;UTI Liquid Fund - Direct Plan - Daily IDCW (Reinvestment);;INF789F01XP8;1019.4457;1019.4457;1019.4457;09-Feb-2013
120794;UTI Liquid Fund - Direct Plan - Monthly IDCW;INF789F01XR4;INF789F01XS2;1028.1236;1028.1236;1028.1236;09-Feb-2013
120777;UTI Liquid Fund - Direct Plan - Weekly IDCW;;INF789F01XT0;1053.7035;1053.7035;1053.7035;09-Feb-2013
102010;UTI Liquid Fund - Regular Plan - Daily IDCW (Reinvestment);;INF789F01PG3;1019.4457;1019.4457;1019.4457;09-Feb-2013
102011;UTI Liquid Fund - Regular Plan - Monthly IDCW;INF789F01PI9;INF789F01PJ7;1027.032;1027.032;1027.032;09-Feb-2013
102013;UTI Liquid Fund - Regular Plan - Weekly IDCW;;INF789F01PK5;1053.692;1053.692;1053.692;09-Feb-2013
120304;UTI-  Liquid Cash Plan - Direct Plan - Growth Option;INF789F01XQ6;;1901.3748;1901.3748;1901.3748;09-Feb-2013
102012;UTI-  Liquid Cash Plan - Regular Plan - Growth Option;INF789F01PH1;;1901.1669;1901.1669;1901.1669;09-Feb-2013
102008;UTI-  Liquid Cash Plan- Discontinued - Regular Plan - Monthly Dividend Option;INF789F01BC2;INF789F01BA6;1124.5649;1124.5649;0;09-Feb-2013
102009;UTI-  Liquid Cash Plan- Discontinued - Regular Plan -Growth;INF789F01BB4;;1844.3318;1844.3318;0;09-Feb-2013
102007;UTI-  Liquid Cash Plan- Discontinued -Regular Plan Periodic Dividend Option;;INF789F01AZ5;1133.5109;1133.5109;0;09-Feb-2013

Open Ended Schemes ( Debt Scheme - Ultra Short Duration Fund )


SBI Mutual Fund
119784;SBI Ultra Short Duration Fund - Direct Plan - Daily Income Distribution cum Capital Withdrawal Option (IDCW);;INF200K01TG3;1675.0300;1675.0300;1675.0300;09-Feb-2013
119828;SBI ULTRA SHORT DURATION FUND - DIRECT PLAN - GROWTH;INF200K01TF5;;2560.6919;2560.6919;2560.6919;09-Feb-2013
119829;SBI Ultra Short Duration Fund - Direct Plan - Weekly Income Distribution cum Capital Withdrawal Option (IDCW);INF200K01TH1;INF200K01TI9;1077.5805;1077.5805;1077.5805;09-Feb-2013
105080;SBI Ultra Short Duration Fund - Regular Plan - Daily Income Distribution cum Capital Withdrawal Option (IDCW);;INF200K01LK2;1675.0300;1675.0300;1675.0300;09-Feb-2013
100641;SBI ULTRA SHORT DURATION FUND - REGULAR PLAN - GROWTH;INF200K01LJ4;;2560.6020;2560.6020;2560.6020;09-Feb-2013
103884;SBI Ultra Short Duration Fund - Regular Plan - Weekly Income Distribution cum Capital Withdrawal Option (IDCW);INF200K01LM8;INF200K01LL0;1077.5805;1077.5805;1077.5805;09-Feb-2013

Open Ended Schemes ( Debt Scheme - Money Market Fund )


UTI Mutual Fund
120299;UTI MMF - Direct Plan - Growth Option;INF789F01XV6;;1298.3146;1298.3146;1298.3146;09-Feb-2013
112077;UTI MMF - Regular Plan - Growth Option;INF789F01PX8;;1298.1728;1298.1728;1298.1728;09-Feb-2013
100724;UTI MMF- Discontinued - Regular Plan - Flexi Dividend Option;;INF789F01BD0;1999.4902;1999.4902;0;09-Feb-2013
100725;UTI MMF- Discontinued - Regular Plan - Periodic Dividend Option;INF789F01BE8;;1990.0595;1990.0595;0;09-Feb-2013
100723;UTI MMF-Discontinued - Regular Plan -Growth;INF789F01BF5;;3189.5146;3189.5146;0;09-Feb-2013
120772;UTI Money Market Fund - Direct Plan - Daily IDCW (Reinvestment);;INF789F01XU8;1003.3854;1003.3854;1003.3854;09-Feb-2013
120793;UTI Money Market Fund - Direct Plan - Weekly IDCW;INF789F01XW4;INF789F01XX2;1015.2242;1015.2242;1015.2242;09-Feb-2013
112076;UTI Money Market Fund - Regular Plan - Daily IDCW (Reinvestment);;INF789F01PW0;1003.3854;1003.3854;1003.3854;09-Feb-2013
112635;UTI Money Market Fund - Regular Plan - Weekly IDCW;INF789F01PY6;INF789F01PZ3;1015.2126;1015.2126;1015.2126;09-Feb-2013

Close Ended Schemes ( Income )


SBI Mutual Fund
114781;SBI Capital Protection Oriented Fund - Series II -;INF200K01ED2;;11.6291;N.A.;N.A.;09-Feb-2013
115824;SBI Capital Protection Oriented Fund - Series III - Growth;INF200K01IH4;;11.2713;N.A.;N.A.;09-Feb-2013
116872;SBI DEBT FUND SERIES - 13 MONTHS - 12 - DIVIDEND;INF200K01KW9;;10.9847;N.A.;N.A.;09-Feb-2013
116873;SBI DEBT FUND SERIES - 13 MONTHS - 12 - GROWTH;INF200K01KV1;;10.9847;N.A.;N.A.;09-Feb-2013
117054;SBI DEBT FUND SERIES - 13 MONTHS - 13 - DIVIDEND;INF200K01KY5;;10.9605;N.A.;N.A.;09-Feb-2013
117055;SBI DEBT FUND SERIES - 13 MONTHS - 13 - GROWTH;INF200K01KX7;;10.9604;N.A.;N.A.;09-Feb-2013
117110;SBI DEBT FUND SERIES - 15 MONTHS - 10 - DIVIDEND;INF200K01LG0;;10.8222;N.A.;N.A.;09-Feb-2013
117111;SBI DEBT FUND SERIES - 15 MONTHS - 10 - GROWTH;INF200K01LF2;;10.8222;N.A.;N.A.;09-Feb-2013
116505;SBI DEBT FUND SERIES - 15 MONTHS - 7 - DIVIDEND;INF200K01LA3;;11.0221;N.A.;N.A.;09-Feb-2013
116506;SBI DEBT FUND SERIES - 15 MONTHS - 7 - GROWTH;INF200K01KZ2;;11.0219;N.A.;N.A.;09-Feb-2013
116546;SBI DEBT FUND SERIES - 15 MONTHS - 8 - DIVIDEND;INF200K01LC9;;10.9590;N.A.;N.A.;09-Feb-2013
116545;SBI DEBT FUND SERIES - 15 MONTHS - 8 - GROWTH;INF200K01LB1;;10.9590;N.A.;N.A.;09-Feb-2013
116750;SBI DEBT FUND SERIES - 15 MONTHS - 9 - DIVIDEND;INF200K01LE5;;10.8705;N.A.;N.A.;09-Feb-2013
116751;SBI DEBT FUND SERIES - 15 MONTHS - 9 - GROWTH;INF200K01LD7;;10.8705;N.A.;N.A.;09-Feb-2013
116408;SBI DEBT FUND SERIES - 18 MONTHS - 10 - DIVIDEND;INF200K01LI6;;11.0194;N.A.;N.A.;09-Feb-2013
116407;SBI DEBT FUND SERIES - 18 MONTHS - 10 - GROWTH;INF200K01LH8;;11.0194;N.A.;N.A.;09-Feb-2013
117983;SBI DEBT FUND SERIES - 18 MONTHS - 11 - DIVIDEND;INF200K01PW8;;10.2206;N.A.;N.A.;09-Feb-2013
117984;SBI DEBT FUND SERIES - 18 MONTHS - 11 - GROWTH;INF200K01PV0;;10.2206;N.A.;N.A.;09-Feb-2013
115899;SBI DEBT FUND SERIES - 18 Months - 7 - DIVIDEND;INF200K01GX5;;11.2430;N.A.;N.A.;09-Feb-2013
115900;SBI DEBT FUND SERIES - 18 Months - 7 - GROWTH;INF200K01GW7;;11.2430;N.A.;N.A.;09-Feb-2013
116016;SBI DEBT FUND SERIES - 18 Months - 8 - DIVIDEND;INF200K01GY3;;11.2662;N.A.;N.A.;09-Feb-2013
116017;SBI DEBT FUND SERIES - 18 Months - 8 - GROWTH;INF200K01GZ0;;11.2703;N.A.;N.A.;09-Feb-2013
116400;SBI DEBT FUND SERIES - 18 MONTHS - 9 - DIVIDEND;INF200K01JI0;;11.0620;N.A.;N.A.;09-Feb-2013
116399;SBI DEBT FUND SERIES - 18 MONTHS - 9 - GROWTH;INF200K01JH2;;11.0620;N.A.;N.A.;09-Feb-2013
115263;SBI SDFS - 36 MONTHS - 1 - DIVIDEND;INF200K01EC4;;10.7088;N.A.;N.A.;09-Feb-2013
115262;SBI SDFS - 36 MONTHS - 1 - GROWTH;INF200K01EB6;;11.7745;N.A.;N.A.;09-Feb-2013
120908;SBI DEBT FUND SERIES - 36 MONTHS - 2 - DIRECT PLAN - DIVIDEND;INF200K01QM7;;10.0226;N.A.;N.A.;09-Feb-2013
120911;SBI DEBT FUND SERIES - 36 MONTHS - 2 - DIRECT PLAN - GROWTH;INF200K01QL9;;10.0226;N.A.;N.A.;09-Feb-2013
120909;SBI DEBT FUND SERIES - 36 MONTHS - 2 - REGULAR PLAN - DIVIDEND;INF200K01QH7;;10.0199;N.A.;N.A.;09-Feb-2013
120910;SBI DEBT FUND SERIES - 36 MONTHS - 2 - REGULAR PLAN - GROWTH;INF200K01QG9;;10.0199;N.A.;N.A.;09-Feb-2013
117252;SBI DEBT FUND SERIES - 366 DAYS - 1 - DIVIDEND;INF200K01NA9;;10.7771;N.A.;N.A.;09-Feb-2013
117253;SBI DEBT FUND SERIES - 366 DAYS - 1 - GROWTH;INF200K01MZ8;;10.7771;N.A.;N.A.;09-Feb-2013
117739;SBI DEBT FUND SERIES - 366 DAYS - 10 - DIVIDEND;INF200K01NY9;;10.4795;N.A.;N.A.;09-Feb-2013
117740;SBI DEBT FUND SERIES - 366 DAYS - 10 - GROWTH;INF200K01NX1;;10.4795;N.A.;N.A.;09-Feb-2013
117780;SBI DEBT FUND SERIES - 366 DAYS - 11 - DIVIDEND;INF200K01OY7;;10.4320;N.A.;N.A.;09-Feb-2013
117781;SBI DEBT FUND SERIES - 366 DAYS - 11 - GROWTH;INF200K01OX9;;10.4320;N.A.;N.A.;09-Feb-2013
117822;SBI DEBT FUND SERIES - 366 DAYS - 12 - DIVIDEND;INF200K01PA4;;10.3978;N.A.;N.A.;09-Feb-2013
117821;SBI DEBT FUND SERIES - 366 DAYS - 12 - GROWTH;INF200K01OZ4;;10.3978;N.A.;N.A.;09-Feb-2013
117833;SBI DEBT FUND SERIES - 366 DAYS - 13 - DIVIDEND;INF200K01PC0;;10.3522;N.A.;N.A.;09-Feb-2013
117832;SBI DEBT FUND SERIES - 366 DAYS - 13 - GROWTH;INF200K01PB2;;10.3522;N.A.;N.A.;09-Feb-2013
117857;SBI DEBT FUND SERIES - 366 DAYS - 14 - DIVIDEND;INF200K01PE6;;10.3469;N.A.;N.A.;09-Feb-2013
117858;SBI DEBT FUND SERIES - 366 DAYS - 14 - GROWTH;INF200K01PD8;;10.3468;N.A.;N.A.;09-Feb-2013
117917;SBI DEBT FUND SERIES - 366 DAYS - 15 - DIVIDEND;INF200K01PG1;;10.2993;N.A.;N.A.;09-Feb-2013
117918;SBI DEBT FUND SERIES - 366 DAYS - 15 - GROWTH;INF200K01PF3;;10.2993;N.A.;N.A.;09-Feb-2013
117987;SBI DEBT FUND SERIES - 366 DAYS - 16 - DIVIDEND;INF200K01PI7;;10.1950;N.A.;N.A.;09-Feb-2013
117986;SBI DEBT FUND SERIES - 366 DAYS - 16 - GROWTH;INF200K01PH9;;10.1950;N.A.;N.A.;09-Feb-2013
117997;SBI DEBT FUND SERIES - 366 DAYS - 17 - DIVIDEND;INF200K01PK3;;10.1689;N.A.;N.A.;09-Feb-2013
117996;SBI DEBT FUND SERIES - 366 DAYS - 17 - GROWTH;INF200K01PJ5;;10.1689;N.A.;N.A.;09-Feb-2013
118011;SBI DEBT FUND SERIES - 366 DAYS - 18 - DIVIDEND;INF200K01PM9;;10.1404;N.A.;N.A.;09-Feb-2013
118012;SBI DEBT FUND SERIES - 366 DAYS - 18 - GROWTH;INF200K01PL1;;10.1404;N.A.;N.A.;09-Feb-2013
118218;SBI DEBT FUND SERIES - 366 DAYS - 19 - DIVIDEND;INF200K01PO5;;10.1071;N.A.;N.A.;09-Feb-2013
118219;SBI DEBT FUND SERIES - 366 DAYS - 19 - GROWTH;INF200K01PN7;;10.1071;N.A.;N.A.;09-Feb-2013
117294;SBI DEBT FUND SERIES - 366 DAYS - 2 - DIVIDEND;INF200K01NC5;;10.7449;N.A.;N.A.;09-Feb-2013
117295;SBI DEBT FUND SERIES - 366 DAYS - 2 - GROWTH;INF200K01NB7;;10.7449;N.A.;N.A.;09-Feb-2013
118352;SBI DEBT FUND SERIES - 366 DAYS - 20 - DIVIDEND;INF200K01PQ0;;10.0538;N.A.;N.A.;09-Feb-2013
118351;SBI DEBT FUND SERIES - 366 DAYS - 20 - GROWTH;INF200K01PP2;;10.0531;N.A.;N.A.;09-Feb-2013
118333;SBI DEBT FUND SERIES - 366 DAYS - 21 - DIVIDEND;INF200K01PS6;;10.0640;N.A.;N.A.;09-Feb-2013
118334;SBI DEBT FUND SERIES - 366 DAYS - 21 - GROWTH;INF200K01PR8;;10.0694;N.A.;N.A.;09-Feb-2013
117335;SBI DEBT FUND SERIES - 366 DAYS - 3 - DIVIDEND;INF200K01NE1;;10.7413;N.A.;N.A.;09-Feb-2013
117336;SBI DEBT FUND SERIES - 366 DAYS - 3 - GROWTH;INF200K01ND3;;10.7413;N.A.;N.A.;09-Feb-2013
117408;SBI DEBT FUND SERIES - 366 DAYS - 4 - DIVIDEND;INF200K01NG6;;10.6887;N.A.;N.A.;09-Feb-2013
117407;SBI DEBT FUND SERIES - 366 DAYS - 4 - GROWTH;INF200K01NF8;;10.6887;N.A.;N.A.;09-Feb-2013
117475;SBI DEBT FUND SERIES - 366 DAYS - 5 - DIVIDEND;INF200K01NI2;;10.6940;N.A.;N.A.;09-Feb-2013
117476;SBI DEBT FUND SERIES - 366 DAYS - 5 - GROWTH;INF200K01NH4;;10.6939;N.A.;N.A.;09-Feb-2013
117557;SBI DEBT FUND SERIES - 366 DAYS - 6 - DIVIDEND;INF200K01NQ5;;10.5946;N.A.;N.A.;09-Feb-2013
117558;SBI DEBT FUND SERIES - 366 DAYS - 6 - GROWTH;INF200K01NP7;;10.5946;N.A.;N.A.;09-Feb-2013
117625;SBI DEBT FUND SERIES - 366 DAYS - 7 - DIVIDEND;INF200K01NS1;;10.6089;N.A.;N.A.;09-Feb-2013
117626;SBI DEBT FUND SERIES - 366 DAYS - 7 - GROWTH;INF200K01NR3;;10.6089;N.A.;N.A.;09-Feb-2013
117695;SBI DEBT FUND SERIES - 366 DAYS - 8 - DIVIDEND;INF200K01NU7;;10.5247;N.A.;N.A.;09-Feb-2013
117696;SBI DEBT FUND SERIES - 366 DAYS - 8 - GROWTH;INF200K01NT9;;10.5247;N.A.;N.A.;09-Feb-2013
117707;SBI DEBT FUND SERIES - 366 DAYS - 9 - DIVIDEND;INF200K01NW3;;10.4875;N.A.;N.A.;09-Feb-2013
117708;SBI DEBT FUND SERIES - 366 DAYS - 9 - GROWTH;INF200K01NV5;;10.4875;N.A.;N.A.;09-Feb-2013
116687;SBI DEBT FUND SERIES - 367 DAYS - 16 - DIVIDEND;INF200K01KO6;;10.9835;N.A.;N.A.;09-Feb-2013
116686;SBI DEBT FUND SERIES - 367 DAYS - 16 - GROWTH;INF200K01KN8;;10.9835;N.A.;N.A.;09-Feb-2013
117142;SBI DEBT FUND SERIES - 367 DAYS - 17 - DIVIDEND;INf200K01KQ1;;10.8546;N.A.;N.A.;09-Feb-2013
117143;SBI DEBT FUND SERIES - 367 DAYS - 17 - GROWTH;INF200K01KP3;;10.9592;N.A.;N.A.;09-Feb-2013
117184;SBI DEBT FUND SERIES - 367 DAYS - 18 - DIVIDEND;INF200K01KS7;;10.8828;N.A.;N.A.;09-Feb-2013
117183;SBI DEBT FUND SERIES - 367 DAYS - 18 - GROWTH;INF200K01KR9;;10.8828;N.A.;N.A.;09-Feb-2013
117189;SBI DEBT FUND SERIES - 367 DAYS - 19 - DIVIDEND;INF200K01KU3;;10.9262;N.A.;N.A.;09-Feb-2013
117190;SBI DEBT FUND SERIES - 367 DAYS - 19 - GROWTH;INF200K01KT5;;10.9263;N.A.;N.A.;09-Feb-2013
113321;SBI Debt Fund Series - 60 Months - 1 - Dividend;INF200K01CQ8;;11.9139;N.A.;N.A.;09-Feb-2013
113401;SBI Debt Fund Series - 60 Months - 1 - Growth;INF200K01CP0;;11.9138;N.A.;N.A.;09-Feb-2013
118220;SBI DEBT FUND SERIES - 60 MONTHS - 2 - DIVIDEND;INF200K01QD6;;10.1444;N.A.;N.A.;09-Feb-2013
118221;SBI DEBT FUND SERIES - 60 MONTHS - 2 - GROWTH;INF200K01QC8;;10.1444;N.A.;N.A.;09-Feb-2013
120901;SBI DEBT FUND SERIES - 60 MONTHS - 3 - DIRECT PLAN - DIVIDEND;INF200K01QQ8;;10.0167;N.A.;N.A.;09-Feb-2013
120900;SBI DEBT FUND SERIES - 60 MONTHS - 3 - DIRECT PLAN - GROWTH;INF200K01QP0;;10.0167;N.A.;N.A.;09-Feb-2013
120899;SBI DEBT FUND SERIES - 60 MONTHS - 3 - REGULAR PLAN - DIVIDEND;INF200K01QF1;;10.0143;N.A.;N.A.;09-Feb-2013
120898;SBI DEBT FUND SERIES - 60 MONTHS - 3 - REGULAR PLAN - GROWTH;INF200K01QE4;;10.0143;N.A.;N.A.;09-Feb-2013
118216;SBI DEBT FUND SERIES - 90 DAYS - 72 - DIVIDEND;INF200K01OG4;;10.1389;N.A.;N.A.;09-Feb-2013
118217;SBI DEBT FUND SERIES - 90 DAYS - 72 - GROWTH;INF200K01OF6;;10.1377;N.A.;N.A.;09-Feb-2013
118289;SBI DEBT FUND SERIES - 90 DAYS - 73 - DIVIDEND;INF200K01OI0;;10.1175;N.A.;N.A.;09-Feb-2013
118290;SBI DEBT FUND SERIES - 90 DAYS - 73 - GROWTH;INF200K01OH2;;10.1175;N.A.;N.A.;09-Feb-2013
