Scheme Code;Scheme Name;ISIN Div Payout/ISIN Growth;ISIN Div Reinvestment;Net Asset Value;Repurchase Price;Sale Price;Date

Open Ended Schemes ( Debt Scheme - Overnight Fund )


360 ONE Mutual Fund
153703;360 ONE Overnight Fund - Direct Plan - Growth;INF579M01BG4;;1026.8382;;;04-Jan-2026
153700;360 ONE Overnight Fund - Regular Plan - Growth;INF579M01BD1;;1026.4351;;;04-Jan-2026
153702;360 ONE Overnight Fund - Regular Plan - IDCW;INF579M01BE9;INF579M01BF6;1026.4351;;;04-Jan-2026
153701;360 ONE Overnight Fund- Direct Plan - IDCW;INF579M01BH2;INF579M01BI0;1026.8382;;;04-Jan-2026

Aditya Birla Sun Life Mutual Fund
145488;ADITYA BIRLA SUN LIFE OVERNIGHT FUND-  Direct - Monthly Payout of IDCW;INF209KB1ZL4;;1001.3371;;;04-Jan-2026
145489;ADITYA BIRLA SUN LIFE OVERNIGHT FUND-  Direct - Weekly Reinvestment of IDCW;;INF209KB1ZJ8;1000.2911;;;04-Jan-2026
145482;ADITYA BIRLA SUN LIFE OVERNIGHT FUND-  Regular - Weekly Reinvestment of IDCW option;;INF209KB1ZE9;1000.3015;;;04-Jan-2026
145487;ADITYA BIRLA SUN LIFE OVERNIGHT FUND- Direct - Daily Reinvestment of IDCW;;INF209KB1ZI0;1000.02;;;04-Jan-2026
145483;ADITYA BIRLA SUN LIFE OVERNIGHT FUND- Regular - Daily Reinvestment of IDCW;;INF209KB1ZD1;1000.02;;;04-Jan-2026
145485;ADITYA BIRLA SUN LIFE OVERNIGHT FUND- Regular- Monthly Payout of IDCW option;INF209KB1ZG4;;1001.3119;;;04-Jan-2026
145486;ADITYA BIRLA SUN LIFE OVERNIGHT FUND-DIRECT PLAN-GROWTH;INF209KB1ZH2;;1439.4505;;;04-Jan-2026
145481;ADITYA BIRLA SUNLIFE OVERNIGHT FUND-REGULAR PLAN-GROWTH;INF209KB1ZC3;;1427.646;;;04-Jan-2026

Axis Mutual Fund
146679;Axis Overnight Fund - Direct Plan - Daily IDCW;;INF846K01N99;1000.5073;;;04-Jan-2026
146675;Axis Overnight Fund - Direct Plan - Growth Option;INF846K01N65;;1408.6604;;;04-Jan-2026
146677;Axis Overnight Fund - Direct Plan - Monthly IDCW;INF846K01N73;INF846K01N81;1002.1931;;;04-Jan-2026
146676;Axis Overnight Fund - Direct Plan - Weekly IDCW;INF846K01N40;INF846K01N57;1001.6070;;;04-Jan-2026
146682;Axis Overnight Fund - Regular Plan - Daily IDCW;;INF846K01O56;1000.5032;;;04-Jan-2026
146678;Axis Overnight Fund - Regular Plan - Growth Option;INF846K01O23;;1403.5799;;;04-Jan-2026
146681;Axis Overnight Fund - Regular Plan - Monthly IDCW;INF846K01O31;INF846K01O49;1002.1748;;;04-Jan-2026
146680;Axis Overnight Fund - Regular Plan - Weekly IDCW;INF846K01O07;INF846K01O15;1001.5659;;;04-Jan-2026

Bajaj Finserv Mutual Fund
153437;Bajaj Finserv Overnight Fund - Direct - Unclaimed less than 3 years IDCW Plan;INF0QA701AE3;;1037.3276;;;04-Jan-2026
153438;Bajaj Finserv Overnight Fund - Direct - Unclaimed less than 3 years Redemption Plan;INF0QA701AF0;;1044.0364;;;04-Jan-2026
151843;Bajaj Finserv Overnight Fund - Direct Plan - Daily - IDCW;;INF0QA701185;1033.1412;;;04-Jan-2026
151850;Bajaj Finserv Overnight Fund - Direct Plan - Fortnightly - IDCW;INF0QA701235;INF0QA701201;1034.0508;;;04-Jan-2026
151849;Bajaj Finserv Overnight Fund - Direct Plan - Growth;INF0QA701177;;1167.6668;;;04-Jan-2026
151845;Bajaj Finserv Overnight Fund - Direct Plan - Monthly - IDCW;INF0QA701243;INF0QA701219;1036.1791;;;04-Jan-2026
151844;Bajaj Finserv Overnight Fund - Direct Plan - Weekly - IDCW;INF0QA701227;INF0QA701193;1034.0379;;;04-Jan-2026
151852;Bajaj Finserv Overnight Fund - Regular Plan - Daily - IDCW;;INF0QA701292;1032.8859;;;04-Jan-2026
151847;Bajaj Finserv Overnight Fund - Regular Plan - Fortnightly - IDCW;INF0QA701318;INF0QA701276;1033.7894;;;04-Jan-2026
151851;Bajaj Finserv Overnight Fund - Regular Plan - Growth;INF0QA701250;;1166.2063;;;04-Jan-2026
151848;Bajaj Finserv Overnight Fund - Regular Plan - Monthly - IDCW;INF0QA701326;INF0QA701284;1035.8932;;;04-Jan-2026
151846;Bajaj Finserv Overnight Fund - Regular Plan - Weekly - IDCW;INF0QA701300;INF0QA701268;1033.7843;;;04-Jan-2026

Bandhan Mutual Fund
146190;BANDHAN Overnight Fund - Direct Plan - Daily IDCW;INF194KB1462;INF194KB1470;1000.0073;;;04-Jan-2026
146191;BANDHAN Overnight Fund - Direct Plan - Growth;INF194KB1447;;1419.4382;;;04-Jan-2026
146183;BANDHAN Overnight Fund - Direct Plan - Monthly IDCW;INF194KB1496;INF194KB1504;1000.7512;;;04-Jan-2026
146184;BANDHAN Overnight Fund - Direct Plan - Periodic IDCW;INF194KB1520;INF194KB1538;1293.4406;;;04-Jan-2026
146192;BANDHAN Overnight Fund - Direct Plan - Weekly IDCW;INF194KB1553;INF194KB1561;1000.2991;;;04-Jan-2026
146188;BANDHAN Overnight Fund - Regular Plan - Daily IDCW;INF194KB1330;INF194KB1348;1000.0073;;;04-Jan-2026
146187;BANDHAN Overnight Fund - Regular Plan - Growth;INF194KB1314;;1408.7959;;;04-Jan-2026
146185;BANDHAN Overnight Fund - Regular Plan - Monthly IDCW;INF194KB1363;INF194KB1371;1000.7317;;;04-Jan-2026
146189;BANDHAN Overnight Fund - Regular Plan - Weekly IDCW;INF194KB1421;INF194KB1439;1001.2155;;;04-Jan-2026
146186;BANDHAN Overnight Fund - REGULAR PLAN PERIODIC IDCW;INF194KB1397;INF194KB1405;1289.0635;;;04-Jan-2026

Bank of India Mutual Fund
147951;BANK OF INDIA Overnight Fund Direct Plan Growth;INF761K01EU7;;1351.4094;;;04-Jan-2026
147952;BANK OF INDIA Overnight Fund Direct Plan- Daily IDCW;;INF761K01EV5;1000.0011;;;04-Jan-2026
147948;BANK OF INDIA Overnight Fund Direct Plan- Monthly IDCW;INF761K01EY9;INF761K01EX1;1001.2941;;;04-Jan-2026
147936;BANK OF INDIA Overnight Fund Regular Plan Growth;INF761K01EZ6;;1347.5266;;;04-Jan-2026
147953;BANK OF INDIA Overnight Fund Regular Plan- Daily IDCW;;INF761K01FA6;1000.0011;;;04-Jan-2026
147949;BANK OF INDIA Overnight Fund Regular Plan- Monthly IDCW;INF761K01FD0;INF761K01FC2;1001.2854;;;04-Jan-2026
149412;BANK OF INDIA Overnight Fund Unclaimed IDCW Plan - Greater than 3 Years;;;1000.0000;;;04-Jan-2026
149414;BANK OF INDIA Overnight Fund Unclaimed IDCW Plan - Up to 3 Years;;;1270.6260;;;04-Jan-2026
149415;BANK OF INDIA Overnight Fund Unclaimed Redemption Plan - Greater than 3 Years;;;1000.0000;;;04-Jan-2026
149413;BANK OF INDIA Overnight Fund Unclaimed Redemption Plan - Upto 3 Years;;;1270.9327;;;04-Jan-2026

Baroda BNP Paribas Mutual Fund
147197;Baroda BNP Paribas Overnight Fund - Direct Plan - Daily IDCW;;INF955L01HW2;1000.0028;;;04-Jan-2026
147196;Baroda BNP Paribas Overnight Fund - Direct Plan - Growth;INF955L01HV4;;1397.8983;;;04-Jan-2026
147195;Baroda BNP Paribas Overnight Fund - Direct Plan - Weekly IDCW;;INF955L01HX0;1000.8410;;;04-Jan-2026
149988;Baroda BNP Paribas Overnight Fund - Plan C - Unclaimed IDCW - Greater than 3 years;;;1000.0000;;;04-Jan-2026
149991;Baroda BNP Paribas Overnight Fund - Plan C - Unclaimed IDCW - Up to 3 years;;;1254.2325;;;04-Jan-2026
149990;Baroda BNP Paribas Overnight Fund - Plan C - Unclaimed Redemption - Greater than 3 years;;;1000.0000;;;04-Jan-2026
149989;Baroda BNP Paribas Overnight Fund - Plan C - Unclaimed Redemption - Up to 3 years;;;1254.2031;;;04-Jan-2026
147194;Baroda BNP Paribas Overnight Fund - Regular Plan - Daily IDCW;;INF955L01HT8;1000.0018;;;04-Jan-2026
147193;Baroda BNP Paribas Overnight Fund - Regular Plan - Growth;INF955L01HS0;;1391.7306;;;04-Jan-2026
147198;Baroda BNP Paribas Overnight Fund - Regular Plan - Weekly IDCW;;INF955L01HU6;1001.3118;;;04-Jan-2026

Canara Robeco Mutual Fund
147532;CANARA ROBECO OVERNIGHT FUND - DIRECT PLAN - DAILY IDCW (Reinvestment);;INF760K01JN3;1001.0012;;;04-Jan-2026
147531;CANARA ROBECO OVERNIGHT FUND - DIRECT PLAN - GROWTH OPTION;INF760K01JM5;;1374.1403;;;04-Jan-2026
147533;CANARA ROBECO OVERNIGHT FUND - REGULAR PLAN - DAILY IDCW (Reinvestment);;INF760K01JP8;1001.0000;;;04-Jan-2026
147534;CANARA ROBECO OVERNIGHT FUND - REGULAR PLAN - GROWTH OPTION;INF760K01JO1;;1372.7142;;;04-Jan-2026

DSP Mutual Fund
146062;DSP Overnight Fund - Direct Plan - Growth;INF740KA1MC8;;1425.5816;;;04-Jan-2026
146065;DSP Overnight Fund - Direct Plan - IDCW - Daily;;INF740KA1OR2;1000.0099;;;04-Jan-2026
146061;DSP Overnight Fund - Regular Plan - Growth;INF740KA1MB0;;1417.5859;;;04-Jan-2026
146066;DSP Overnight Fund - Regular Plan - IDCW - Daily;;INF740KA1OU6;1000.0099;;;04-Jan-2026
146063;DSP Overnight Fund - Regular Plan - IDCW - Weekly;INF740KA1OV4;INF740KA1OW2;1000.7464;;;04-Jan-2026
149313;Unclaimed IDCW - Beyond 3 years (Invested in DSP Overnight Fund);;;10.0000;;;04-Jan-2026
149312;Unclaimed IDCW - Upto 3 years (Invested in DSP Overnight Fund);;;12.6987;;;04-Jan-2026
149311;Unclaimed Redemption - Beyond 3 years (Invested in DSP Overnight Fund);;;10.0000;;;04-Jan-2026
149310;Unclaimed Redemption - Upto 3 years (Invested in DSP Overnight Fund);;;12.6987;;;04-Jan-2026

Edelweiss Mutual Fund
147551;Edelweiss Overnight Fund - Direct Plan - Annual - IDCW Option;INF754K01KD5;INF754K01KC7;1377.2508;;;04-Jan-2026
147557;Edelweiss Overnight Fund - Direct Plan - Daily - IDCW Option;;INF754K01JW7;1000.186;;;04-Jan-2026
147550;Edelweiss Overnight Fund - Direct Plan - Fortnightly - IDCW Option;INF754K01JZ0;INF754K01JY3;1372.1164;;;04-Jan-2026
147570;Edelweiss Overnight Fund - Direct Plan - Growth;INF754K01JV9;;1376.7875;;;04-Jan-2026
147554;Edelweiss Overnight Fund - Direct Plan - Monthly - IDCW Option;INF754K01KB9;INF754K01KA1;1059.0312;;;04-Jan-2026
147556;Edelweiss Overnight Fund - Regular Plan - Annual - IDCW Option;INF754K01KM6;INF754K01KL8;1371.9092;;;04-Jan-2026
147552;Edelweiss Overnight Fund - Regular Plan - Daily - IDCW Option;;INF754K01KF0;1008.3577;;;04-Jan-2026
147549;Edelweiss Overnight Fund - Regular Plan - Fortnightly - IDCW Option;INF754K01KI4;INF754K01KH6;1096.2323;;;04-Jan-2026
147569;Edelweiss Overnight Fund - Regular Plan - Growth;INF754K01KE3;;1371.9016;;;04-Jan-2026
147555;Edelweiss Overnight Fund - Regular Plan - Monthly - IDCW Option;INF754K01KK0;INF754K01KJ2;1005.8474;;;04-Jan-2026
147553;Edelweiss Overnight Fund - Regular Plan - Weekly - IDCW Option;;INF754K01KG8;1017.2568;;;04-Jan-2026
149476;Edelweiss Overnight Fund - Unclaimed IDCW Plan - Above 3 years;;;1000;;;04-Jan-2026
149477;Edelweiss Overnight Fund - Unclaimed IDCW Plan - Upto 3 years;;;1259.6864;;;04-Jan-2026
149479;Edelweiss Overnight Fund - Unclaimed Redemption Plan - Above 3 years;;;1000;;;04-Jan-2026
149478;Edelweiss Overnight Fund - Unclaimed Redemption Plan - Upto 3 years;;;1259.6848;;;04-Jan-2026

Franklin Templeton Mutual Fund
147215;Franklin India Overnight Fund - Daily Dividend Plan - Daily - IDCW;;INF090I01SM2;1000.0001;;;04-Jan-2026
147212;Franklin India Overnight Fund - Direct Daily Dividend Plan - Daily - IDCW;;INF090I01ST7;1000.0007;;;04-Jan-2026
147211;Franklin India Overnight Fund - Direct Weekly Dividend Plan - Weekly - IDCW;INF090I01SR1;INF090I01SQ3;1000.0026;;;04-Jan-2026
147216;Franklin India Overnight Fund - Weekly Dividend Plan - Weekly - IDCW;INF090I01SN0;INF090I01SP5;1000.0066;;;04-Jan-2026
147213;Franklin India Overnight fund- Growth;INF090I01SO8;;1383.3780;;;04-Jan-2026
147214;Franklin India Overnight Fund- Growth - Direct;INF090I01SS9;;1387.9787;;;04-Jan-2026
149445;Franklin India Overnight Fund- Unclaimed IDCW Investor Education Plan;;;10.0000;;;04-Jan-2026
149443;Franklin India Overnight Fund- Unclaimed IDCW Plan;;;12.5975;;;04-Jan-2026
149444;Franklin India Overnight Fund- Unclaimed Redemption Investor EducationPlan;;;10.0000;;;04-Jan-2026
149446;Franklin India Overnight Fund- Unclaimed Redemption Plan;;;12.5975;;;04-Jan-2026

Groww Mutual Fund
147458;Groww Overnight Fund (formerly known as Indiabulls Overnight Fund)- Direct Plan- - Income Distribution cum capital withdrawal Option ( Reinvestment);;INF666M01GM6;1001.3404;;;04-Jan-2026
147452;Groww Overnight Fund (formerly known as Indiabulls Overnight Fund)- Direct Plan- Fortnightly - Income Distribution cum capital withdrawal Option (Payout & Reinvestment);INF666M01GP9;INF666M01GQ7;1216.4021;;;04-Jan-2026
147450;Groww Overnight Fund (formerly known as Indiabulls Overnight Fund)- Direct Plan- Growth Option;INF666M01GL8;;1371.5758;;;04-Jan-2026
147453;Groww Overnight Fund (formerly known as Indiabulls Overnight Fund)- Direct Plan- Monthly - Income Distribution cum capital withdrawal Option (Payout & Reinvestment);INF666M01GR5;INF666M01GS3;1001.7422;;;04-Jan-2026
147451;Groww Overnight Fund (formerly known as Indiabulls Overnight Fund)- Direct Plan- Weekly - Income Distribution cum capital withdrawal Option (Payout & Reinvestment);INF666M01GN4;INF666M01GO2;1003.1352;;;04-Jan-2026
147455;Groww Overnight Fund (formerly known as Indiabulls Overnight Fund)- Regular Plan- - Income Distribution cum capital withdrawal Option ( Reinvestment);;INF666M01GU9;1001.0411;;;04-Jan-2026
147457;Groww Overnight Fund (formerly known as Indiabulls Overnight Fund)- Regular Plan- Fortnightly - Income Distribution cum capital withdrawal Option (Payout & Reinvestment);INF666M01GX3;INF666M01GY1;1002.1324;;;04-Jan-2026
147454;Groww Overnight Fund (formerly known as Indiabulls Overnight Fund)- Regular Plan- Growth Option;INF666M01GT1;;1363.2869;;;04-Jan-2026
147459;Groww Overnight Fund (formerly known as Indiabulls Overnight Fund)- Regular Plan- Monthly - Income Distribution cum capital withdrawal Option (Payout & Reinvestment);INF666M01GZ8;INF666M01HA9;1001.8311;;;04-Jan-2026
147456;Groww Overnight Fund (formerly known as Indiabulls Overnight Fund)- Regular Plan- Weekly - Income Distribution cum capital withdrawal Option (Payout & Reinvestment);INF666M01GV7;INF666M01GW5;1001.791;;;04-Jan-2026
149394;Groww Overnight Fund (formerly known as Indiabulls Overnight Fund)- Unclaimed Dividend < 3 years;;;1269.0949;;;04-Jan-2026
149396;Groww Overnight Fund (formerly known as Indiabulls Overnight Fund)- Unclaimed Redemption < 3 Years;;;1258.504;;;04-Jan-2026
149395;Groww Overnight Fund (formerly known as Indiabulls Overnight Fund)- Unclaimed Redemption > 3 Years;;;1000;;;04-Jan-2026

HDFC Mutual Fund
119109;HDFC Overnight Fund - Daily IDCW Option - Direct Plan;;INF179KB1HY1;1042.66;;;04-Jan-2026
101996;HDFC Overnight Fund - Growth Option;INF179KB1HS3;;3906.1052;;;04-Jan-2026
119110;HDFC Overnight Fund - Growth Option - Direct Plan;INF179KB1HT1;;3945.7538;;;04-Jan-2026
101997;HDFC Overnight Fund - IDCW Option (Daily);;INF179KB1IF8;1042.66;;;04-Jan-2026

Helios Mutual Fund
152151;Helios Overnight Fund - Direct Plan - Daily IDCW Option;INF0R8701087;;1000.0000;;;04-Jan-2026
152152;Helios Overnight Fund - Direct Plan - Growth Option;INF0R8701079;;1142.0813;;;04-Jan-2026
152154;Helios Overnight Fund - Regular Plan - Daily IDCW Option;INF0R8701103;;1000.0000;;;04-Jan-2026
152153;Helios Overnight Fund - Regular Plan - Growth Option;INF0R8701095;;1140.8248;;;04-Jan-2026

HSBC Mutual Fund
147291;HSBC Overnight Fund - Direct Daily IDCW;;INF336L01OG4;1000.0149;;;04-Jan-2026
147287;HSBC Overnight Fund - Direct Growth;INF336L01OF6;;1392.7653;;;04-Jan-2026
147300;HSBC Overnight Fund - Direct Monthly IDCW;INF336L01OK6;INF336L01OI0;1001.3367;;;04-Jan-2026
147296;HSBC Overnight Fund - Direct Weekly IDCW;INF336L01OJ8;INF336L01OH2;1000.7564;;;04-Jan-2026
147289;HSBC Overnight Fund - Regular Daily IDCW;;INF336L01OM2;1000.0149;;;04-Jan-2026
147290;HSBC Overnight Fund - Regular Growth;INF336L01OL4;;1381.1784;;;04-Jan-2026
147301;HSBC Overnight Fund - Regular Monthly IDCW;INF336L01OQ3;INF336L01OO8;1001.3179;;;04-Jan-2026
147288;HSBC Overnight Fund - Regular Weekly IDCW;INF336L01OP5;INF336L01ON0;1000.7788;;;04-Jan-2026
150501;HSBC Overnight Fund - Unclaimed IDCW Above three years;;;1000;;;04-Jan-2026
150499;HSBC Overnight Fund - Unclaimed IDCW Below three years;;;1236.0687;;;04-Jan-2026
150500;HSBC Overnight Fund - Unclaimed Redemption above three years;;;1000;;;04-Jan-2026
150502;HSBC Overnight Fund - Unclaimed Redemption Below three years;;;1236.0874;;;04-Jan-2026

ICICI Prudential Mutual Fund
145547;ICICI Prudential Overnight Fund - Daily IDCW;;INF109KC18E1;1000.0050;;;04-Jan-2026
145537;ICICI Prudential Overnight Fund - Direct Plan - Daily IDCW;;INF109KC12G9;1000.0050;;;04-Jan-2026
145536;ICICI Prudential Overnight Fund - Direct Plan - Growth;INF109KC11G1;;1434.1309;;;04-Jan-2026
149411;ICICI Prudential Overnight fund - Direct Plan - Unclaimed IDCW Stable Scheme;INF109KC18H4;;1000.0000;;;04-Jan-2026
149408;ICICI Prudential Overnight fund - Direct Plan - Unclaimed IDCW Transitory Scheme;INF109KC16H8;;1265.3551;;;04-Jan-2026
149409;ICICI Prudential Overnight fund - Direct Plan - Unclaimed Redemption Stable Scheme;INF109KC17H6;;1000.0000;;;04-Jan-2026
149410;ICICI Prudential Overnight fund - Direct Plan - Unclaimed Redemption Transitory Scheme;INF109KC15H0;;1265.3711;;;04-Jan-2026
145539;ICICI Prudential Overnight Fund - Direct Plan - Weekly IDCW;INF109KC16G0;INF109KC15G2;1000.8858;;;04-Jan-2026
145535;ICICI Prudential Overnight Fund - Growth;INF109KC17E3;;1425.6052;;;04-Jan-2026
145538;ICICI Prudential Overnight Fund - Weekly IDCW;INF109KC12F1;INF109KC11F3;1000.8749;;;04-Jan-2026

Invesco Mutual Fund
147884;Invesco India Overnight Fund - Direct Plan - Daily IDCW (Reinvestment);;INF205KA1122;1000.5303;;;04-Jan-2026
147883;Invesco India Overnight Fund - Direct Plan - Growth;INF205KA1163;;1344.6796;;;04-Jan-2026
147886;Invesco India Overnight Fund - Direct Plan - Monthly IDCW (Payout / Reinvestment);INF205KA1155;INF205KA1148;1000.777;;;04-Jan-2026
147880;Invesco India Overnight Fund - Regular Plan - Daily IDCW (Reinvestment);;INF205KA1072;1000.1395;;;04-Jan-2026
147878;Invesco India Overnight Fund - Regular Plan - Growth;INF205KA1114;;1340.1279;;;04-Jan-2026
147879;Invesco India Overnight Fund - Regular Plan - Monthly IDCW (Payout / Reinvestment);INF205KA1106;INF205KA1098;1000.9215;;;04-Jan-2026
147881;Invesco India Overnight Fund - Regular Plan - Weekly IDCW (Reinvestment);;INF205KA1080;1001.0994;;;04-Jan-2026

ITI Mutual Fund
147713;ITI Overnight Fund - Direct Plan - Growth Option;INF00XX01564;;1347.9760;;;04-Jan-2026
147717;ITI Overnight Fund - Direct Plan - Monthly IDCW Option;INF00XX01630;INF00XX01606;1002.2479;;;04-Jan-2026
147709;ITI Overnight Fund - Regular Plan - Daily IDCW Option;;INF00XX01481;1001.0000;;;04-Jan-2026
147716;ITI Overnight Fund - Regular Plan - Fortnightly IDCW Option;INF00XX01531;INF00XX01507;1002.2832;;;04-Jan-2026
147714;ITI Overnight Fund - Regular Plan - Growth Option;INF00XX01473;;1339.5265;;;04-Jan-2026
147718;ITI Overnight Fund - Regular Plan - Monthly IDCW Option;INF00XX01549;INF00XX01515;1001.0714;;;04-Jan-2026
147712;ITI Overnight Fund - Regular Plan - Weekly IDCW Option;;INF00XX01499;1001.7682;;;04-Jan-2026

Jio BlackRock Mutual Fund
153650;JioBlackRock Overnight Fund - Direct Plan - Growth Option;INF22M001036;;1027.5852;;;04-Jan-2026
154070;JioBlackRock Overnight Fund - Unclaimed Redemption - Upto 3 years - Growth Option;;;1004.7844;;;04-Jan-2026

JM Financial Mutual Fund
147838;JM Overnight Fund (Direct) - Daily IDCW;;INF192K01LY2;1000;;;04-Jan-2026
147835;JM Overnight Fund (Direct) - Weekly IDCW;INF192K01LZ9;INF192K01MA0;1000.7515;;;04-Jan-2026
147839;JM Overnight Fund (Regular) - Daily IDCW;;INF192K01LU0;1000;;;04-Jan-2026
147836;JM Overnight Fund (Regular) - Growth;INF192K01LX4;;1343.8585;;;04-Jan-2026
147834;JM Overnight Fund (Regular) - Weekly IDCW;INF192K01LV8;INF192K01LW6;1000.7363;;;04-Jan-2026
147837;JM Overnight Fund - (Direct) - Growth;INF192K01MB8;;1349.5826;;;04-Jan-2026
149828;JM Overnight Fund - (Direct) - Unclaimed IDCW - Growth Plan;;;1355.6629;;;04-Jan-2026
149827;JM Overnight Fund - (Direct) - Unclaimed IDCW I.E.F. - Growth Plan;;;1073.9936;;;04-Jan-2026
149829;JM Overnight Fund - (Direct) - Unclaimed Redemption - Growth Plan;;;1349.6022;;;04-Jan-2026
149826;JM Overnight Fund - (Direct) - Unclaimed Redemption I.E.F. - Growth Plan;;;1073.9936;;;04-Jan-2026

Kotak Mahindra Mutual Fund
146141;Kotak Overnight Fund -Direct Plan-Growth Option;INF174KA1BF9;;1419.8378;;;04-Jan-2026
146142;Kotak Overnight Fund -Regular plan-Growth Option;INF174KA1BC6;;1410.8598;;;04-Jan-2026
146140;Kotak Overnight Fund-Direct Plan- Daily Reinvestment of Income Distribution cum capital withdrawal option;;INF174KA1BE2;1003.6055;;;04-Jan-2026
146138;Kotak Overnight Fund-Regular Plan- Daily Reinvestment of Income Distribution cum capital withdrawal option;;INF174KA1BB8;1004.7568;;;04-Jan-2026

LIC Mutual Fund
147516;LIC MF Overnight Fund-Direct Plan-Daily IDCW;;INF767K01QG7;1091.8715;;;04-Jan-2026
147515;LIC MF Overnight Fund-Direct Plan-Growth;INF767K01QI3;;1379.6231;;;04-Jan-2026
147513;LIC MF Overnight Fund-Direct Plan-IDCW;INF767K01QE2;INF767K01QF9;1379.7627;;;04-Jan-2026
147514;LIC MF Overnight Fund-Direct Plan-Weekly IDCW;;INF767K01QH5;1075.6061;;;04-Jan-2026
147517;LIC MF Overnight Fund-Regular Plan-Daily IDCW;;INF767K01QB8;1090.5683;;;04-Jan-2026
147519;LIC MF Overnight Fund-Regular Plan-Growth;INF767K01QD4;;1368.5157;;;04-Jan-2026
147512;LIC MF Overnight Fund-Regular Plan-IDCW;INF767K01PZ9;INF767K01QA0;1210.5526;;;04-Jan-2026
147518;LIC MF Overnight Fund-Regular Plan-Weekly IDCW;;INF767K01QC6;1180.1525;;;04-Jan-2026

Mahindra Manulife Mutual Fund
147563;Mahindra Manulife Overnight Fund - Direct Plan - Daily IDCW;;INF174V01846;1381.0299;;;04-Jan-2026
147564;Mahindra Manulife Overnight Fund - Direct Plan -Growth;INF174V01838;;1377.6416;;;04-Jan-2026
147566;Mahindra Manulife Overnight Fund - Regular Plan - Daily IDCW;;INF174V01820;1213.8094;;;04-Jan-2026
147565;Mahindra Manulife Overnight Fund - Regular Plan - Growth;INF174V01812;;1368.6732;;;04-Jan-2026
149471;Mahindra Manulife Overnight Fund - Unclaimed Redemption/IDCW beyond 3 years;;;1000.0000;;;04-Jan-2026
149470;Mahindra Manulife Overnight Fund - Unclaimed Redemption/IDCW upto 3 years;;;1263.3506;;;04-Jan-2026

Mirae Asset Mutual Fund
147737;Mirae Asset Overnight Fund Direct Daily IDCW;;INF769K01FJ0;1000.0057;;;04-Jan-2026
147738;Mirae Asset Overnight Fund Direct Monthly IDCW;INF769K01FF8;INF769K01FI2;1001.6116;;;04-Jan-2026
147736;Mirae Asset Overnight Fund Direct Plan Growth;INF769K01FG6;;1364.9248;;;04-Jan-2026
147740;Mirae Asset Overnight Fund Direct Weekly IDCW;;INF769K01FK8;1000.5767;;;04-Jan-2026
147743;Mirae Asset Overnight Fund Regular Daily  IDCW ;;INF769K01FL6;1000.0100;;;04-Jan-2026
147742;Mirae Asset Overnight Fund Regular Monthly IDCW;INF769K01FD3;INF769K01FH4;1001.5924;;;04-Jan-2026
147739;Mirae Asset Overnight Fund Regular Plan Growth;INF769K01FE1;;1357.1822;;;04-Jan-2026
147741;Mirae Asset Overnight Fund Regular Weekly IDCW;;INF769K01FM4;1000.5640;;;04-Jan-2026

Nippon India Mutual Fund
145830;NIPPON INDIA OVERNIGHT FUND - DAILY IDCW Option;;INF204KB1Q73;100.0050;;;04-Jan-2026
145812;NIPPON INDIA OVERNIGHT FUND - DIRECT Plan - DAILY IDCW Option;;INF204KB1R49;100.0050;;;04-Jan-2026
145810;Nippon India Overnight Fund - Direct Plan - Growth Option;INF204KB1R31;;142.9660;;;04-Jan-2026
145824;NIPPON INDIA OVERNIGHT FUND - DIRECT Plan - MONTHLY IDCW Option;INF204KB1R64;INF204KB1R72;100.2541;;;04-Jan-2026
145825;NIPPON INDIA OVERNIGHT FUND - DIRECT Plan - QUARTERLY IDCW Option;INF204KB1R80;INF204KB1R98;100.5187;;;04-Jan-2026
145823;NIPPON INDIA OVERNIGHT FUND - DIRECT Plan - WEEKLY IDCW Option;;INF204KB1R56;100.0344;;;04-Jan-2026
145827;NIPPON INDIA OVERNIGHT FUND - MONTHLY IDCW Option;INF204KB1Q99;INF204KB1R07;100.2433;;;04-Jan-2026
145833;NIPPON INDIA OVERNIGHT FUND - QUARTERLY IDCW Option;INF204KB1R15;INF204KB1R23;100.5126;;;04-Jan-2026
145811;Nippon India Overnight Fund - Regular Plan - Growth Option;INF204KB1Q65;;142.0372;;;04-Jan-2026
145826;NIPPON INDIA OVERNIGHT FUND - WEEKLY IDCW Option;;INF204KB1Q81;100.0339;;;04-Jan-2026

NJ Mutual Fund
150369;NJ Overnight Fund - Direct Plan - Growth Option;INF0J8L01081;;1231.9857;;;04-Jan-2026
150368;NJ Overnight Fund - Regular Plan - Growth Option;INF0J8L01073;;1227.7382;;;04-Jan-2026
152116;NJ Overnight Fund - Unclaimed Redemption Plan - Upto 3 Years;;;1070.3215;;;04-Jan-2026

PGIM India Mutual Fund
147605;PGIM India Overnight Fund - Direct Plan - Daily Dividend Option;;INF663L01T35;1000.0086;;;04-Jan-2026
147606;PGIM India Overnight Fund - Direct Plan - Growth Option;INF663L01T01;;1372.8741;;;04-Jan-2026
147608;PGIM India Overnight Fund - Direct Plan - Weekly Dividend Option;INF663L01T19;INF663L01T27;1000.5531;;;04-Jan-2026
147609;PGIM India Overnight Fund - Regular Plan - Daily Dividend Option;;INF663L01T76;1000;;;04-Jan-2026
147607;PGIM India Overnight Fund - Regular Plan - Weekly Dividend Option;INF663L01T50;INF663L01T68;1007.4731;;;04-Jan-2026
147600;PGIM India Overnight Fund - Regular Plan- Growth Option;INF663L01T43;;1366.8877;;;04-Jan-2026

quant Mutual Fund
151190;quant Overnight Fund - Growth Option - Direct Plan;INF966L01AZ7;;12.1726;;;04-Jan-2026
151195;quant Overnight Fund - Growth Option - Regular Plan;INF966L01BC4;;12.1339;;;04-Jan-2026
151193;quant Overnight Fund - IDCW Option - Direct Plan;INF966L01BA8;INF966L01BB6;12.1768;;;04-Jan-2026
151191;quant Overnight Fund - IDCW Option - Regular Plan;INF966L01BD2;INF966L01BE0;12.1218;;;04-Jan-2026
154083;quant Overnight Fund - Unclaimed IDCW Greater than 3 years;;;10;;;04-Jan-2026
154086;quant Overnight Fund - Unclaimed IDCW Less than 3 years;;;10.028;;;04-Jan-2026
154085;quant Overnight Fund - Unclaimed Redemption Greater than 3 years;;;10;;;04-Jan-2026
154084;quant Overnight Fund - Unclaimed Redemption Less than 3 years;;;10.028;;;04-Jan-2026

Samco Mutual Fund
150631;Samco Overnight Fund - Direct Plan - Growth Option;INF0K1H01040;;1216.5929;;;04-Jan-2026
150632;Samco Overnight Fund - Regular Plan - Growth Option;INF0K1H01032;;1208.0963;;;04-Jan-2026
153021;Samco Overnight Fund - Unclaimed Redemption Upto 3 years;;;1064.4565;;;04-Jan-2026

SBI Mutual Fund
119831;SBI Overnight Fund - Direct Plan - Daily Income Distribution cum Capital Withdrawal Option (IDCW);;INF200K01TJ7;1343.3863;;;04-Jan-2026
119833;SBI OVERNIGHT FUND - DIRECT PLAN - GROWTH;INF200K01TK5;;4328.0886;;;04-Jan-2026
119832;SBI Overnight Fund - Direct Plan - Weekly Income Distribution cum Capital Withdrawal Option (IDCW);INF200K01TL3;INF200K01TM1;1371.7893;;;04-Jan-2026
114297;SBI Overnight Fund - Regular Plan - Daily Income Distribution cum Capital Withdrawal Option (IDCW);;INF200K01LN6;1337.5695;;;04-Jan-2026
101206;SBI OVERNIGHT FUND - REGULAR PLAN - GROWTH;INF200K01LQ9;;4270.6891;;;04-Jan-2026
103140;SBI Overnight Fund - Regular Plan - Weekly Income Distribution cum Capital Withdrawal Option (IDCW);INF200K01LO4;INF200K01LP1;1365.7505;;;04-Jan-2026

Shriram Mutual Fund
150562;Shriram Overnight Fund -  Direct Growth;INF680P01323;;12.2899;;;04-Jan-2026
150561;Shriram Overnight Fund - Direct Daily IDCW;;INF680P01331;10.0001;;;04-Jan-2026
150567;Shriram Overnight Fund - Direct Monthly IDCW;INF680P01380;INF680P01398;10.0288;;;04-Jan-2026
150558;Shriram Overnight Fund - Regular Daily IDCW;;INF680P01257;10.0001;;;04-Jan-2026
150565;Shriram Overnight Fund - Regular Growth;INF680P01232;;12.2552;;;04-Jan-2026
150560;Shriram Overnight Fund - Regular Monthly IDCW;INF680P01307;INF680P01315;10.0287;;;04-Jan-2026

Sundaram Mutual Fund
146963;Sundaram Overnight Fund Direct Plan - Growth;INF903JA1HG5;;1413.8348;;;04-Jan-2026
146962;Sundaram Overnight Fund Direct Plan - Monthly Payout of Income Distribution cum Capital Withdrawal (IDCW);INF903JA1HH3;;1021.8401;;;04-Jan-2026
146957;Sundaram Overnight Fund Direct Plan - Monthly Reinvestment of Income Distribution cum Capital Withdrawal (IDCW);INF903JA1HM3;;1021.8401;;;04-Jan-2026
146959;Sundaram Overnight Fund Regular Plan - Growth;INF903JA1GZ7;;1404.4270;;;04-Jan-2026
146960;Sundaram Overnight Fund Regular Plan - Monthly Payout of Income Distribution cum Capital Withdrawal (IDCW);INF903JA1HA8;;1017.2644;;;04-Jan-2026
146961;Sundaram Overnight Fund Regular Plan - Monthly Reinvestment of Income Distribution cum Capital Withdrawal (IDCW);INF903JA1HF7;;1017.2644;;;04-Jan-2026

Tata Mutual Fund
146978;TATA Overnight Fund Direct Plan - Daily Reinvestment of Income Distribution cum capital withdrawal option   ;;INF277K019T3;1000.0000;;;04-Jan-2026
146979;TATA Overnight Fund Regular Plan - Daily Reinvestment of Income Distribution cum capital withdrawal option   ;;INF277K017T7;1000.0000;;;04-Jan-2026
146980;Tata Overnight Fund-Direct Plan-Growth;INF277K018T5;;1404.8333;;;04-Jan-2026
146977;Tata Overnight Fund-Regular Plan-Growth;INF277K016T9;;1394.1522;;;04-Jan-2026

Trust Mutual Fund
149796;TRUST MF OVERNIGHT FUND-DIRECT PLAN-DAILY IDCW REINVESTMENT;;INF0GCD01461;1234.1521;;;04-Jan-2026
149797;TRUST MF OVERNIGHT FUND-DIRECT PLAN-GROWTH;INF0GCD01453;;1259.1556;;;04-Jan-2026
149798;TRUST MF OVERNIGHT FUND-REGULAR PLAN-DAILY IDCW REINVESTMENT;;INF0GCD01446;1233.8096;;;04-Jan-2026
149795;TRUST MF OVERNIGHT FUND-REGULAR-GROWTH;INF0GCD01438;;1256.6808;;;04-Jan-2026

Union Mutual Fund
147002;Union Overnight Fund - Direct Plan - Daily IDCW Option;;INF582M01FB0;1000.8004;;;04-Jan-2026
147003;Union Overnight Fund - Direct Plan - Growth Option;INF582M01FA2;;1400.9019;;;04-Jan-2026
147006;Union Overnight Fund - Direct Plan - Monthly IDCW Option;INF582M01FG9;INF582M01FE4;1001.9302;;;04-Jan-2026
146998;Union Overnight Fund - Regular Plan - Daily IDCW Option;;INF582M01FK1;1001.2621;;;04-Jan-2026
146997;Union Overnight Fund - Regular Plan - Growth Option;INF582M01FJ3;;1391.5530;;;04-Jan-2026
147000;Union Overnight Fund - Regular Plan - Monthly IDCW Option;INF582M01FP0;INF582M01FN5;1001.8736;;;04-Jan-2026
149451;Union Overnight Fund - Unclaimed Amounts Plan - IDCW Beyond 3 years;;;1000.0000;;;04-Jan-2026
149452;Union Overnight Fund - Unclaimed Amounts Plan - IDCW Upto 3 years;;;1262.1924;;;04-Jan-2026
149453;Union Overnight Fund - Unclaimed Amounts Plan - Redemption Beyond 3 years;;;1000.0000;;;04-Jan-2026
149454;Union Overnight Fund - Unclaimed Amounts Plan - Redemption Upto 3 years;;;1262.2620;;;04-Jan-2026

UTI Mutual Fund
100814;UTI - Overnight  Fund - Regular Plan - Growth Option;INF789F01604;;3602.9738;;;04-Jan-2026
120785;UTI - Overnight Fund - Direct Plan - Growth Option;INF789FB1S71;;3642.9878;;;04-Jan-2026
124266;UTI Overnight Fund - Direct Plan - Daily IDCW;;INF789FB1S89;1371.6621;;;04-Jan-2026
120786;UTI Overnight Fund - Direct Plan - Periodic IDCW;INF789FB1T05;INF789FB1S97;1911.8907;;;04-Jan-2026
124265;UTI Overnight Fund - Regular Plan - Daily IDCW;;INF789FB1T13;1370.8617;;;04-Jan-2026
100813;UTI Overnight Fund - Regular Plan - Periodic IDCW;INF789F01588;INF789F01596;1856.1268;;;04-Jan-2026

Zerodha Mutual Fund
153436;Zerodha Overnight Fund - Direct Plan - Growth Option;INF0R8F01075;;10.4201;;;04-Jan-2026

Open Ended Schemes ( Debt Scheme - Liquid Fund )


360 ONE Mutual Fund
125349;360 ONE LIQUID FUND DIRECT PLAN  DAILY DIVIDEND REINVESTMENT;;INF579M01688;1000.3690;;;04-Jan-2026
125345;360 ONE LIQUID FUND DIRECT PLAN  GROWTH;INF579M01621;;2082.2672;;;04-Jan-2026
125343;360 ONE LIQUID FUND DIRECT PLAN  WEEKLY DIVIDEND;INF579M01639;INF579M01696;1006.0985;;;04-Jan-2026
125342;360 ONE LIQUID FUND REGULAR PLAN  DAILY DIVIDEND REINVESTMENT;;INF579M01563;1000.3690;;;04-Jan-2026
125259;360 ONE LIQUID FUND REGULAR PLAN  GROWTH;INF579M01506;;2068.4354;;;04-Jan-2026
125337;360 ONE LIQUID FUND REGULAR PLAN  WEEKLY DIVIDEND;INF579M01514;INF579M01571;1006.0751;;;04-Jan-2026

Abakkus Mutual Fund
154049;Abakkus Liquid Fund - Direct Plan - Daily IDCW Reinvestment;;INF2JJD01011;100.0048;;;04-Jan-2026
154051;Abakkus Liquid Fund - Direct Plan - Growth;INF2JJD01029;;100.3528;;;04-Jan-2026
154055;Abakkus Liquid Fund - Direct Plan - Monthly IDCW Reinvestment;;INF2JJD01037;100.3528;;;04-Jan-2026
154052;Abakkus Liquid Fund - Direct Plan - Quarterly IDCW Reinvestment;;INF2JJD01052;100.3525;;;04-Jan-2026
154050;Abakkus Liquid Fund - Direct Plan - Weekly IDCW Reinvestment;;INF2JJD01045;100.0850;;;04-Jan-2026
154053;Abakkus Liquid Fund - Regular Plan - Daily IDCW Reinvestment;;INF2JJD01060;100.0041;;;04-Jan-2026
154047;Abakkus Liquid Fund - Regular Plan - Growth;INF2JJD01078;;100.3474;;;04-Jan-2026
154048;Abakkus Liquid Fund - Regular Plan - Monthly IDCW Reinvestment;;INF2JJD01086;100.3475;;;04-Jan-2026
154054;Abakkus Liquid Fund - Regular Plan - Quarterly IDCW Reinvestment;;INF2JJD01102;100.3470;;;04-Jan-2026
154056;Abakkus Liquid Fund - Regular Plan - Weekly IDCW Reinvestment;;INF2JJD01094;100.0828;;;04-Jan-2026

Aditya Birla Sun Life Mutual Fund
100047;Aditya Birla Sun Life Liquid Fund - Growth;INF209K01RU9;;433.2824;;;04-Jan-2026
119568;Aditya Birla Sun Life Liquid Fund - Growth - Direct Plan;INF209K01VA3;;438.7983;;;04-Jan-2026
100046;Aditya Birla Sun Life Liquid Fund -Daily IDCW;INF209K01KQ2;INF209K01SQ5;100.195;;;04-Jan-2026
119569;Aditya Birla Sun Life Liquid Fund -Direct - daily IDCW;INF209K01UZ2;;100.195;;;04-Jan-2026
119571;Aditya Birla Sun Life Liquid Fund -DIRECT - IDCW;INF209K01VD7;;149.3046;;;04-Jan-2026
119570;Aditya Birla Sun Life Liquid Fund -Direct - weekly IDCW;INF209K01VC9;;100.257;;;04-Jan-2026
100041;Aditya Birla Sun Life Liquid Fund -Institutional - IDCW;;INF209K01KN9;108.023;;;04-Jan-2026
100048;Aditya Birla Sun Life Liquid Fund -Institutional - weekly  IDCW;INF209KA1LK7;INF209K01KY6;108.2332;;;04-Jan-2026
103885;Aditya Birla Sun Life Liquid Fund -Regular - IDCW;INF209KA1LI1;;113.6643;;;04-Jan-2026
100044;Aditya Birla Sun Life Liquid Fund -Retail - IDCW;;INF209K01KP4;163.694;;;04-Jan-2026
100051;Aditya Birla Sun Life Liquid Fund -weekly IDCW;INF209K01KU4;INF209KA1LJ9;100.2562;;;04-Jan-2026
112014;Aditya Birla Sun Life Liquid Fund- Discipline Advantage Plan;INF209K01KZ3;;293.6612;;;04-Jan-2026
100043;Aditya Birla Sun Life Liquid Fund-Institutional (Growth);INF209K01RT1;;721.5542;;;04-Jan-2026
100042;Aditya Birla Sun Life Liquid Fund-Retail (Growth);INF209K01ME4;;703.1274;;;04-Jan-2026

Axis Mutual Fund
120388;Axis Liquid Fund - Direct Plan - Daily IDCW;;INF846K01DA0;1000.9560;;;04-Jan-2026
120389;Axis Liquid Fund - Direct Plan - Growth Option;INF846K01CX4;;3021.4530;;;04-Jan-2026
120391;Axis Liquid Fund - Direct Plan - Monthly IDCW;INF846K01CY2;INF846K01CZ9;1002.3383;;;04-Jan-2026
120390;Axis Liquid Fund - Direct Plan - Weekly IDCW;INF846K01DB8;INF846K01DC6;1003.2717;;;04-Jan-2026
112211;Axis Liquid Fund - Regular Plan - Daily IDCW;;INF846K01420;1001.3998;;;04-Jan-2026
112210;Axis Liquid Fund - Regular Plan - Growth Option;INF846K01412;;2994.3369;;;04-Jan-2026
112213;Axis Liquid Fund - Regular Plan - Monthly IDCW;INF846K01453;INF846K01461;1002.9047;;;04-Jan-2026
112212;Axis Liquid Fund - Regular Plan - Weekly IDCW;INF846K01438;INF846K01446;1003.2550;;;04-Jan-2026
112712;Axis Liquid Fund - Retail Plan - Daily IDCW;;INF846K01362;1000.9559;;;04-Jan-2026
112713;Axis Liquid Fund - Retail Plan - Growth Option;INF846K01354;;2734.9794;;;04-Jan-2026
112714;Axis Liquid Fund - Retail Plan - Monthly IDCW;INF846K01396;INF846K01404;1002.1658;;;04-Jan-2026
112715;Axis Liquid Fund - Retail Plan - Weekly IDCW;INF846K01370;INF846K01388;1001.9608;;;04-Jan-2026

Bajaj Finserv Mutual Fund
151835;Bajaj Finserv Liquid Fund - Direct Plan - Daily - IDCW;;INF0QA701029;1034.6939;;;04-Jan-2026
151838;Bajaj Finserv Liquid Fund - Direct Plan - Fortnightly - IDCW;INF0QA701078;INF0QA701045;1035.8813;;;04-Jan-2026
151833;Bajaj Finserv Liquid Fund - Direct Plan - Growth;INF0QA701011;;1185.7384;;;04-Jan-2026
151836;Bajaj Finserv Liquid Fund - Direct Plan - Monthly - IDCW;INF0QA701086;INF0QA701052;1038.2478;;;04-Jan-2026
151834;Bajaj Finserv Liquid Fund - Direct Plan - Weekly - IDCW;INF0QA701060;INF0QA701037;1035.8872;;;04-Jan-2026
151839;Bajaj Finserv Liquid Fund - Regular Plan - Daily - IDCW;;INF0QA701136;1033.8241;;;04-Jan-2026
151841;Bajaj Finserv Liquid Fund - Regular Plan - Fortnightly - IDCW;INF0QA701151;INF0QA701110;1034.9661;;;04-Jan-2026
151837;Bajaj Finserv Liquid Fund - Regular Plan - Growth;INF0QA701094;;1180.6727;;;04-Jan-2026
151842;Bajaj Finserv Liquid Fund - Regular Plan - Monthly - IDCW;INF0QA701169;INF0QA701128;1037.2613;;;04-Jan-2026
151840;Bajaj Finserv Liquid Fund - Regular Plan - Weekly - IDCW;INF0QA701144;INF0QA701102;1034.9859;;;04-Jan-2026

Bandhan Mutual Fund
108692;BANDHAN LIQUID Fund - Regular Plan - Daily IDCW;INF194K01VZ4;INF194K01VY7;1001.4161;;;04-Jan-2026
108690;BANDHAN LIQUID Fund - Regular Plan - Growth;INF194K01VX9;;3246.8627;;;04-Jan-2026
108693;BANDHAN LIQUID Fund - Regular Plan - Monthly IDCW;INF194K01WF4;INF194K01WE7;1001.9360;;;04-Jan-2026
115489;BANDHAN LIQUID Fund - Regular Plan - Periodic IDCW;INF194K01WC1;INF194K01WB3;1401.8000;;;04-Jan-2026
108691;BANDHAN LIQUID Fund - Regular Plan - Weekly IDCW;INF194K01WI8;INF194K01WH0;1001.6830;;;04-Jan-2026
139582;BANDHAN LIQUID Fund - Unclaimed IDCW Less than 3 years;INF194KA14C0;;1.7473;;;04-Jan-2026
139583;BANDHAN LIQUID Fund - Unclaimed IDCW More than 3 years;INF194KA15C7;;1.0000;;;04-Jan-2026
139584;BANDHAN LIQUID Fund - Unclaimed Redemption Less than 3 years;INF194KA12C4;;1.7473;;;04-Jan-2026
139585;BANDHAN LIQUID Fund - Unclaimed Redemption More than 3 years;INF194KA13C2;;1.0000;;;04-Jan-2026
118365;BANDHAN LIQUID Fund -Direct Plan -Monthly IDCW;INF194K01J36;INF194K01J28;1008.2491;;;04-Jan-2026
118367;BANDHAN LIQUID Fund -Direct Plan -Weekly IDCW;INF194KB1JT8;INF194K01J51;1007.4320;;;04-Jan-2026
118366;BANDHAN LIQUID Fund -Direct Plan-Daily IDCW;;INF194K01I78;1001.6663;;;04-Jan-2026
118364;BANDHAN LIQUID Fund -Direct Plan-Growth;INF194K01I60;;3280.6413;;;04-Jan-2026
118363;BANDHAN LIQUID Fund -Direct Plan-Periodic IDCW;INF194K01J02;INF194K01I94;1321.6583;;;04-Jan-2026

Bank of India Mutual Fund
119368;BANK OF INDIA Liquid Fund- Direct Plan- Daily IDCW;;INF761K01CL0;1003.2779;;;04-Jan-2026
119369;BANK OF INDIA Liquid Fund- Direct Plan- Growth;INF761K01785;;3128.9810;;;04-Jan-2026
119370;BANK OF INDIA Liquid Fund- Direct Plan- Weekly IDCW;;INF761K01CM8;1062.8204;;;04-Jan-2026
111971;BANK OF INDIA Liquid Fund- Regular Plan- Daily IDCW;;INF761K01CO4;1002.7328;;;04-Jan-2026
109254;BANK OF INDIA Liquid Fund- Regular Plan- Growth;INF761K01306;;3097.5775;;;04-Jan-2026
109255;BANK OF INDIA Liquid Fund- Regular Plan- Weekly IDCW;;INF761K01CP1;1002.5032;;;04-Jan-2026

Baroda BNP Paribas Mutual Fund
119414;Baroda BNP Paribas LIQUID FUND - DIRECT PLAN - DAILY IDCW OPTION;INF955L01AK2;;1002.0849;;;04-Jan-2026
119415;Baroda BNP Paribas LIQUID FUND - DIRECT PLAN - GROWTH OPTION;INF955L01AL0;;3131.6886;;;04-Jan-2026
119416;Baroda BNP Paribas LIQUID FUND - DIRECT PLAN - WEEKLY IDCW OPTION;INF251K01SL8;;1220.8088;;;04-Jan-2026
111707;Baroda BNP Paribas LIQUID FUND - Regular Plan - DAILY IDCW OPTION;INF955L01468;INF955L01476;1001.1996;;;04-Jan-2026
111704;Baroda BNP Paribas LIQUID FUND - Regular Plan - GROWTH OPTION;INF955L01484;;3090.6100;;;04-Jan-2026
111705;Baroda BNP Paribas LIQUID FUND - Regular Plan - WEEKLY IDCW OPTION;INF251K01SK0;INF955L01500;1001.1704;;;04-Jan-2026
101408;Baroda BNP Paribas LIQUID FUND- Defunct Plan -Growth Option;INF955L01575;;4550.0986;;;04-Jan-2026
101407;Baroda BNP Paribas LIQUID FUND-Defunct Plan- IDCW Option;INF955L01559;INF955L01567;3754.2812;;;04-Jan-2026

Canara Robeco Mutual Fund
118307;CANARA ROBECO LIQUID FUND - DIRECT PLAN - DAILY IDCW (Reinvestment);;INF760K01FS0;1005.5000;;;04-Jan-2026
118305;CANARA ROBECO LIQUID FUND - DIRECT PLAN - GROWTH OPTION;INF760K01FU6;;3256.8871;;;04-Jan-2026
118304;CANARA ROBECO LIQUID FUND - DIRECT PLAN - IDCW (Payout/Reinvestment);INF760K01FT8;;2330.7521;;;04-Jan-2026
118306;CANARA ROBECO LIQUID FUND - DIRECT PLAN - MONTHLY IDCW (Payout/Reinvestment);INF760K01FV4;INF760K01FW2;1001.0670;;;04-Jan-2026
118308;CANARA ROBECO LIQUID FUND - DIRECT PLAN - WEEKLY IDCW (Payout/Reinvestment);INF760K01FY8;INF760K01FX0;1001.0002;;;04-Jan-2026
109349;CANARA ROBECO LIQUID FUND - REGULAR PLAN - DAILY IDCW (Reinvestment);;INF760K01CU3;1005.5000;;;04-Jan-2026
109353;CANARA ROBECO LIQUID FUND - REGULAR PLAN - GROWTH OPTION;INF760K01CW9;;3236.5657;;;04-Jan-2026
109351;CANARA ROBECO LIQUID FUND - REGULAR PLAN - MONTHLY IDCW (Payout/Reinvestment);INF760K01CX7;INF760K01CY5;1000.9887;;;04-Jan-2026
109350;CANARA ROBECO LIQUID FUND - REGULAR PLAN - WEEKLY IDCW (Payout/Reinvestment);INF760K01BZ4;INF760K01CZ2;1000.9870;;;04-Jan-2026
139235;Canara Robeco Liquid Fund -Unclaimed Redemption and Dividend Plan -Direct Growth Option;INF760K01IC8;;1777.1134;;;04-Jan-2026

Capitalmind Mutual Fund
154011;Capitalmind Liquid Fund - Direct-Growth;INF226401034;;1007.5770;;;04-Jan-2026
154010;Capitalmind Liquid Fund - Regular-Growth;INF226401042;;1007.3672;;;04-Jan-2026

DSP Mutual Fund
119125;DSP Liquidity Fund - Direct Plan - Growth;INF740K01QL4;;3885.0631;;;04-Jan-2026
119124;DSP Liquidity Fund - Direct Plan - IDCW - Daily;;INF740KA1OB6;1001.1542;;;04-Jan-2026
119123;DSP Liquidity Fund - Direct Plan - IDCW - Weekly;INF740KA1OC4;INF740KA1OD2;1001.6073;;;04-Jan-2026
103347;DSP Liquidity Fund - Regular Plan - Growth;INF740K01FK9;;3839.1404;;;04-Jan-2026
103348;DSP Liquidity Fund - Regular Plan - IDCW - Weekly;INF740K01FM5;INF740K01FL7;1001.6000;;;04-Jan-2026
103349;DSP Liquidity Fund- Regular Plan - IDCW - Daily;;INF740KA1OE0;1001.1542;;;04-Jan-2026

Edelweiss Mutual Fund
140194;Edelweiss Liquid Fund - Direct Plan - Bonus Option;INF754K01GY9;;2042.9224;;;04-Jan-2026
140196;Edelweiss Liquid Fund - Direct Plan - Growth Option;INF754K01GM4;;3511.4935;;;04-Jan-2026
140198;Edelweiss Liquid Fund - Direct Plan - IDCW Option;INF754K01GO0;INF754K01GN2;3511.5071;;;04-Jan-2026
140192;Edelweiss Liquid Fund - Direct Plan Annual - IDCW Option;INF754K01GX1;INF754K01GT9;3511.4691;;;04-Jan-2026
140193;Edelweiss Liquid Fund - Direct Plan daily - IDCW Option;;INF754K01GP7;1172.5913;;;04-Jan-2026
140199;Edelweiss Liquid Fund - Direct Plan Fortnightly - IDCW Option;INF754K01GV5;INF754K01GR3;2476.1784;;;04-Jan-2026
140197;Edelweiss Liquid Fund - Direct Plan Monthly - IDCW Option;INF754K01GW3;INF754K01GS1;1006.0359;;;04-Jan-2026
140195;Edelweiss Liquid Fund - Direct Plan weekly - IDCW Option;INF754K01GU7;INF754K01GQ5;2175.5232;;;04-Jan-2026
140189;Edelweiss Liquid Fund - Regular Plan - Bonus Option;INF754K01HR1;;2003.5175;;;04-Jan-2026
140182;Edelweiss Liquid Fund - Regular Plan - Growth Option;INF754K01GZ6;;3439.3174;;;04-Jan-2026
140190;Edelweiss Liquid Fund - Regular Plan - IDCW Option;INF754K01GK8;INF754K01GL6;3439.3202;;;04-Jan-2026
140188;Edelweiss Liquid Fund - Regular Plan Annual - IDCW Option;INF754K01HQ3;INF754K01HP5;2379.7111;;;04-Jan-2026
140181;Edelweiss Liquid Fund - Regular Plan Daily - IDCW Option;;INF754K01HA7;1273.4802;;;04-Jan-2026
140184;Edelweiss Liquid Fund - Regular Plan Fortnightly - IDCW Option;INF754K01HK6;INF754K01HC3;2155.4314;;;04-Jan-2026
140183;Edelweiss Liquid Fund - Regular Plan Monthly - IDCW Option;INF754K01HL4;INF754K01HD1;1084.3;;;04-Jan-2026
140185;Edelweiss Liquid Fund - Regular Plan Weekly - IDCW Option;INF754K01HJ8;INF754K01HB5;1216.5706;;;04-Jan-2026
140176;Edelweiss Liquid Fund - Retail Plan - Growth Option;INF754K01HE9;;3127.7789;;;04-Jan-2026
140178;Edelweiss Liquid Fund - Retail Plan - Weekly Dividend Option;;INF754K01HG4;1232.3495;;;04-Jan-2026
140177;Edelweiss Liquid Fund - Retail Plan Daily - IDCW Option;;INF754K01HF6;1120.7621;;;04-Jan-2026
140180;Edelweiss Liquid Fund - Retail Plan Monthly - IDCW Option;;INF754K01HI0;1245.7349;;;04-Jan-2026

Franklin Templeton Mutual Fund
100541;Franklin India Liquid Fund - Regular Plan - Daily - IDCW;;INF090I01BA3;1509.2342;;;04-Jan-2026
100538;Franklin India Liquid Fund - Regular Plan - Growth;INF090I01BB1;;6069.4564;;;04-Jan-2026
100537;Franklin India Liquid Fund - Regular Plan - Weekly - IDCW;INF090I01BL0;INF090I01BI6;1244.2967;;;04-Jan-2026
118577;Franklin India Liquid Fund - Super Institutional - Direct - Growth;INF090I01JV2;;4083.8850;;;04-Jan-2026
100547;Franklin India Liquid Fund - Super Institutional Plan - Daily - IDCW;;INF090I01BF2;1000.0000;;;04-Jan-2026
118578;Franklin India Liquid Fund - Super Institutional Plan - Direct - Daily - IDCW;INF090I01JW0;;1002.2720;;;04-Jan-2026
118579;Franklin India Liquid Fund - Super Institutional Plan - Direct - Weekly - IDCW;INF090I01JX8;INF090I01JY6;1021.4598;;;04-Jan-2026
100546;Franklin India Liquid Fund - Super Institutional Plan - Growth;INF090I01BG0;;4048.9523;;;04-Jan-2026
100548;Franklin India Liquid Fund - Super Institutional Plan - Weekly - IDCW;INF090I01BM8;INF090I01BH8;1033.2187;;;04-Jan-2026
139892;Franklin India Liquid Fund - Unclaimed IDCW Investor Education Plan - Growth;INF090I01LR6;;10.0000;;;04-Jan-2026
139890;Franklin India Liquid Fund - Unclaimed IDCW Plan - Growth;INF090I01LP0;;17.2334;;;04-Jan-2026
139891;Franklin India Liquid Fund - Unclaimed Redemption Investor Education Plan - Growth;INF090I01LQ8;;10.0000;;;04-Jan-2026
139889;Franklin India Liquid Fund - Unclaimed Redemption Plan - Growth;INF090I01LO3;;17.2334;;;04-Jan-2026
102443;Franklin India Liquid Fund - Institutional Plan - Daily - IDCW;;INF090I01BC9;1000.0000;;;04-Jan-2026
102442;Franklin India Liquid Fund - Institutional Plan - Weekly - IDCW;INF090I01BJ4;INF090I01BE5;1054.7184;;;04-Jan-2026

Groww Mutual Fund
119135;Groww Liquid Fund ( formerly known as Indiabulls Liquid )Fund - Direct Plan - Growth Option;INF666M01451;;2633.7192;;;04-Jan-2026
119136;Groww Liquid Fund (formerly known as Indiabulls Liquid Fund) - Direct Plan- - Income Distribution cum capital withdrawal Option ( Reinvestment);;INF666M01469;1002.0907;;;04-Jan-2026
115991;Groww Liquid Fund (formerly known as Indiabulls Liquid Fund) - Regular Plan - Growth Option;INF666M01014;;2600.5583;;;04-Jan-2026
119138;Groww Liquid Fund (formerly known as Indiabulls Liquid Fund)- Direct Plan- Fortnightly - Income Distribution cum capital withdrawal Option (Payout & Reinvestment);INF666M01501;INF666M01485;1003.4096;;;04-Jan-2026
119139;Groww Liquid Fund (formerly known as Indiabulls Liquid Fund)- Direct Plan- Monthly - Income Distribution cum capital withdrawal Option (Payout & Reinvestment);INF666M01519;INF666M01493;1029.8157;;;04-Jan-2026
119137;Groww Liquid Fund (formerly known as Indiabulls Liquid Fund)- Direct Plan- Weekly - Income Distribution cum capital withdrawal Option (Payout & Reinvestment);INF666M01527;INF666M01477;1002.9477;;;04-Jan-2026
115992;Groww Liquid Fund (formerly known as Indiabulls Liquid Fund)- Regular Plan- - Income Distribution cum capital withdrawal Option (Reinvestment);;INF666M01022;1002.0894;;;04-Jan-2026
115995;Groww Liquid Fund (formerly known as Indiabulls Liquid Fund)- Regular Plan- Monthly - Income Distribution cum capital withdrawal Option (Payout & Reinvestment);INF666M01071;INF666M01055;1002.1492;;;04-Jan-2026
115993;Groww Liquid Fund (formerly known as Indiabulls Liquid Fund)- Regular Plan- Weekly - Income Distribution cum capital withdrawal Option (Payout & Reinvestment);INF666M01089;INF666M01030;1002.9323;;;04-Jan-2026
115994;Groww Liquid Fund (formerly known as Indiabulls Liquid) Fund- Regular Plan- Fortnightly - Income Distribution cum capital withdrawal Option (Payout & Reinvestment);INF666M01063;INF666M01048;1003.3735;;;04-Jan-2026

HDFC Mutual Fund
119091;HDFC Liquid Fund - Growth Option - Direct Plan;INF179KB1HP9;;5334.832;;;04-Jan-2026
100868;HDFC Liquid Fund - Growth Plan;INF179KB1HK0;;5275.2779;;;04-Jan-2026
100875;HDFC Liquid Fund - IDCW Daily;;INF179KB1IC5;1019.82;;;04-Jan-2026
119089;HDFC Liquid Fund - IDCW Daily - Direct Plan;;INF179KB1HV7;1019.82;;;04-Jan-2026
100876;HDFC Liquid Fund - IDCW Monthly;INF179KB1HM6;INF179KB1HL8;1027.493;;;04-Jan-2026
119090;HDFC Liquid Fund - IDCW Monthly - Direct Plan;INF179KB1HO2;INF179KB1HQ7;1027.5066;;;04-Jan-2026
100874;HDFC Liquid Fund - IDCW Plan Weekly;INF179KB1ID3;;1032.2283;;;04-Jan-2026
119088;HDFC Liquid Fund - IDCW Weekly - Direct Plan;;;1032.2419;;;04-Jan-2026

HSBC Mutual Fund
120038;HSBC Liquid Fund -  Growth Direct;INF336L01CC8;;2706.9255;;;04-Jan-2026
120037;HSBC Liquid Fund - Direct Daily IDCW;;INF336L01CB0;1001.576;;;04-Jan-2026
120039;HSBC Liquid Fund - Direct Monthly IDCW;INF336L01BZ1;INF336L01CA2;1039.5479;;;04-Jan-2026
120040;HSBC Liquid Fund - Direct Weekly IDCW;INF336L01LK2;INF336L01CD6;1196.4332;;;04-Jan-2026
118907;HSBC Liquid Fund - Growth;INF336L01BL1;;3867.5179;;;04-Jan-2026
118906;HSBC Liquid Fund - IDCW;;INF336L01BK3;1019.3;;;04-Jan-2026
118909;HSBC Liquid Fund - Institutional Daily IDCW;;INF336L01BS6;1562.8262;;;04-Jan-2026
118901;HSBC Liquid Fund - Regular Daily IDCW;;INF336L01BM9;1001.3789;;;04-Jan-2026
118902;HSBC Liquid Fund - Regular Growth;INF336L01BN7;;2680.5564;;;04-Jan-2026
118903;HSBC Liquid Fund - Regular Monthly IDCW;INF336L01BP2;INF336L01BO5;1003.8868;;;04-Jan-2026
118904;HSBC Liquid Fund - Regular Weekly IDCW;INF336L01LJ4;INF336L01BQ0;1108.6389;;;04-Jan-2026
118908;HSBC Liquid Fund - Weekly IDCW;;INF336L01BR8;1002.3656;;;04-Jan-2026

ICICI Prudential Mutual Fund
103343;ICICI Prudential Liquid Fund - Daily IDCW;INF109K01VP3;;100.1482;;;04-Jan-2026
120191;ICICI Prudential Liquid Fund - Direct Plan -  IDCW Others;INF109K01Q31;INF109K01Q23;186.4741;;;04-Jan-2026
120188;ICICI Prudential Liquid Fund - Direct Plan - Daily IDCW;;INF109K01Q15;100.1082;;;04-Jan-2026
120197;ICICI Prudential Liquid Fund - Direct Plan - Growth;INF109K01Q49;;402.0587;;;04-Jan-2026
120190;ICICI Prudential Liquid Fund - Direct Plan - Weekly IDCW;INF109K01Q98;;100.3009;;;04-Jan-2026
103340;ICICI Prudential Liquid Fund - Growth;INF109K01VQ1;;397.9959;;;04-Jan-2026
115505;ICICI Prudential Liquid Fund - IDCW Others;INF109K01VU3;INF109K01VT5;184.9678;;;04-Jan-2026
103342;ICICI Prudential Liquid Fund - Weekly IDCW;INF109K01VS7;;100.2740;;;04-Jan-2026

Invesco Mutual Fund
104484;Invesco India Liquid Fund - Daily IDCW (Reinvestment);;INF205K01HN3;1002.7594;;;04-Jan-2026
120537;Invesco India Liquid Fund - Direct Plan - Growth;INF205K01MF9;;3728.5127;;;04-Jan-2026
120536;Invesco India Liquid Fund - Direct Plan - Monthly IDCW (Payout / Reinvestment);INF205K01MG7;INF205K01MH5;1083.2535;;;04-Jan-2026
120535;Invesco India Liquid Fund - Direct Plan - Weekly IDCW (Reinvestment);INF205KA1BE5;INF205K01MI3;1124.6603;;;04-Jan-2026
120534;Invesco India Liquid Fund - Direct Plan- Daily IDCW (Reinvestment);;INF205K01ME2;1005.8604;;;04-Jan-2026
104486;Invesco India Liquid Fund - Growth;INF205K01HM5;;3695.7493;;;04-Jan-2026
104492;Invesco India Liquid Fund - Monthly IDCW (Payout / Reinvestment);INF205K01HQ6;INF205K01HP8;1004.0035;;;04-Jan-2026
104488;Invesco India Liquid Fund - Regular - Growth;INF205K01HG7;;3263.7656;;;04-Jan-2026
104489;Invesco India Liquid Fund - Regular - Weekly IDCW (Reinvestment);;INF205K01HH5;1004.5763;;;04-Jan-2026
139390;Invesco India Liquid Fund - Unclaimed Dividend Plan - Above 3 Years;;;1000;;;04-Jan-2026
139389;Invesco India Liquid Fund - Unclaimed Dividend Plan - Below 3 Years;;;1767.2375;;;04-Jan-2026
139388;Invesco India Liquid Fund - Unclaimed Redemption Plan - Above 3 Years;;;1000;;;04-Jan-2026
139387;Invesco India Liquid Fund - Unclaimed Redemption Plan - Below 3 years;;;1766.8488;;;04-Jan-2026
104485;Invesco India Liquid Fund - Weekly IDCW (Reinvestment);INF205KA1BD7;INF205K01HO1;1019.7022;;;04-Jan-2026

ITI Mutual Fund
147161;ITI Liquid Fund - Direct Plan - Annually IDCW Option;INF00XX01366;INF00XX01333;1415.1063;;;04-Jan-2026
147158;ITI Liquid Fund - Direct Plan - Daily IDCW Option;;INF00XX01291;1001.4416;;;04-Jan-2026
147157;ITI Liquid Fund - Direct Plan - Growth Option;INF00XX01283;;1413.2973;;;04-Jan-2026
147163;ITI Liquid Fund - Direct Plan - Monthly IDCW Option;INF00XX01358;INF00XX01325;1002.5865;;;04-Jan-2026
147159;ITI Liquid Fund - Direct Plan - Weekly IDCW Option;;INF00XX01309;1002.0853;;;04-Jan-2026
147162;ITI Liquid Fund - Regular Plan - Annually IDCW Option;INF00XX01275;INF00XX01242;1407.6407;;;04-Jan-2026
147154;ITI Liquid Fund - Regular Plan - Daily IDCW Option;;INF00XX01200;1001.0001;;;04-Jan-2026
147153;ITI Liquid Fund - Regular Plan - Growth Option;INF00XX01192;;1400.2068;;;04-Jan-2026
147156;ITI Liquid Fund - Regular Plan - Monthly IDCW Option;INF00XX01267;INF00XX01234;1002.5510;;;04-Jan-2026
147164;ITI Liquid Fund - Regular Plan - Weekly IDCW Option;;INF00XX01218;1002.0617;;;04-Jan-2026

Jio BlackRock Mutual Fund
153651;JioBlackRock Liquid Fund - Direct Plan - Growth Option;INF22M001010;;1029.8693;;;04-Jan-2026

JM Financial Mutual Fund
120411;JM Liquid Fund (Direct) - Daily IDCW;;INF192K01CH6;10.4302;;;04-Jan-2026
120406;JM Liquid Fund (Direct) - Growth Option;INF192K01CM6;;74.1562;;;04-Jan-2026
120408;JM Liquid Fund (Direct) - Quarterly IDCW;INF192K01CK0;INF192K01CL8;42.1015;;;04-Jan-2026
120407;JM Liquid Fund (Direct) - Weekly IDCW;INF192K01CI4;INF192K01CJ2;11.0179;;;04-Jan-2026
100244;JM Liquid Fund (Regular) - Quarterly IDCW;INF192K01866;INF192K01874;41.5074;;;04-Jan-2026
100247;JM Liquid Fund (Regular) - Super Institutional Plan - Growth Option;INF192K01981;;42.1613;;;04-Jan-2026
100233;JM Liquid Fund (Regular) - Weekly IDCW;INF192K01841;INF192K01858;11.0152;;;04-Jan-2026
100234;JM Liquid Fund - Growth Option;INF192K01882;;73.3334;;;04-Jan-2026
148414;JM Liquid Fund - Unclaimed Application Refund Amount I.E.F. (Direct) - Growth Plan;;;41.4437;;;04-Jan-2026
148413;JM Liquid Fund - Unclaimed Brokerage I.E.F. (Direct) - Growth Plan;;;41.4437;;;04-Jan-2026
101549;JM Liquid Fund (Regular) - Bonus Option - Principal Units;INF192K01890;;23.4816;;;04-Jan-2026
101078;JM Liquid Fund (Regular) - Daily IDCW;;INF192K01833;10.4302;;;04-Jan-2026

Kotak Mahindra Mutual Fund
119764;Kotak Liquid Fund - Direct Plan - Daily Reinvestment of Income Distribution cum capital withdrawal option;;INF174K01NH1;1222.81;;;04-Jan-2026
119766;Kotak Liquid Fund - Direct Plan - Growth;INF174K01NE8;;5488.8423;;;04-Jan-2026
100833;Kotak Liquid Fund - Regular  - Daily Reinvestment of Income Distribution cum capital withdrawal option;;INF174K01NL3;1230.3592;;;04-Jan-2026
100835;Kotak Liquid Fund - Regular Plan - Growth;INF174K01NI9;;5434.2321;;;04-Jan-2026
153586;Kotak Liquid Fund - Regular Plan - Weekly - Reinvestment & Payout of Income Distribution cum capital withdrawal option;INF174KA1WK5;INF174KA1WM1;1009.5423;;;04-Jan-2026

LIC Mutual Fund
120248;LIC MF Liquid Fund-Direct Plan-Daily IDCW;INF767K01DL5;INF767K01DM3;1034.6038;;;04-Jan-2026
120249;LIC MF Liquid Fund-Direct Plan-Growth;INF767K01DN1;;4931.7162;;;04-Jan-2026
151930;LIC MF Liquid Fund-Direct Plan-Monthly IDCW;INF397L01AK7;INF397L01AJ9;1197.1546;;;04-Jan-2026
151932;LIC MF Liquid Fund-Direct Plan-Weekly IDCW;INF397L01AM3;INF397L01AL5;1069.3215;;;04-Jan-2026
101184;LIC MF Liquid Fund-Regular Plan-Daily IDCW;INF767K01IQ3;INF767K01IR1;1000.1751;;;04-Jan-2026
101185;LIC MF Liquid Fund-Regular Plan-Growth;INF767K01IS9;;4859.3003;;;04-Jan-2026
151928;LIC MF Liquid Fund-Regular Plan-Monthly IDCW;INF397L01976;INF397L01968;1177.2238;;;04-Jan-2026
151927;LIC MF Liquid Fund-Regular Plan-Weekly IDCW;INF397L01950;INF397L01943;1002.2646;;;04-Jan-2026

Mahindra Manulife Mutual Fund
139535;Mahindra Manulife Liquid Fund - Direct Plan - Daily IDCW;;INF174V01051;1242.4406;;;04-Jan-2026
139536;Mahindra Manulife Liquid Fund - Direct Plan - Weekly IDCW;;INF174V01069;1003.4756;;;04-Jan-2026
139538;Mahindra Manulife Liquid Fund - Direct Plan -Growth;INF174V01044;;1769.7550;;;04-Jan-2026
139534;Mahindra Manulife Liquid Fund - Regular Plan - Daily IDCW;;INF174V01028;1001.0440;;;04-Jan-2026
139537;Mahindra Manulife Liquid Fund - Regular Plan - Growth;INF174V01010;;1749.9699;;;04-Jan-2026
139541;Mahindra Manulife Liquid Fund - Regular Plan - Weekly IDCW;;INF174V01036;1009.8851;;;04-Jan-2026

Mirae Asset Mutual Fund
118859;Mirae Asset Liquid Fund - Direct Plan - Growth;INF769K01CM1;;2869.8392;;;04-Jan-2026
118862;Mirae Asset Liquid Fund - Direct Plan - Weekly IDCW;INF769K01PD2;INF769K01CP4;1216.9774;;;04-Jan-2026
118861;Mirae Asset Liquid Fund - Direct Plan -Daily IDCW;;INF769K01CO7;1075.8332;;;04-Jan-2026
118860;Mirae Asset Liquid Fund - Direct Plan -Monthly IDCW;INF769K01CN9;INF769K01CQ2;1136.8478;;;04-Jan-2026
111647;Mirae Asset Liquid Fund - Regular - Daily IDCW;;INF769K01804;1066.4347;;;04-Jan-2026
111646;Mirae Asset Liquid Fund - Regular Plan - Growth;INF769K01788;;2819.5530;;;04-Jan-2026
111645;Mirae Asset Liquid Fund - Regular Plan - Monthly IDCW;INF769K01838;INF769K01820;1154.5058;;;04-Jan-2026
111644;Mirae Asset Liquid Fund - Regular Plan - Weekly IDCW;INF769K01PC4;INF769K01812;1153.2660;;;04-Jan-2026

Motilal Oswal Mutual Fund
145834;Motilal Oswal Liquid Fund - Direct Growth;INF247L01734;;14.3405;;;04-Jan-2026
145946;Motilal Oswal Liquid Fund - Regular Growth;INF247L01726;;14.1863;;;04-Jan-2026
147442;Motilal Oswal Liquid Fund - Unclaimed Dividend - Greater than 3 years;;;10.0000;;;04-Jan-2026
147441;Motilal Oswal Liquid Fund - Unclaimed Dividend- Upto 3 years;;;13.9660;;;04-Jan-2026
147443;Motilal Oswal Liquid Fund - Unclaimed Redemption - Greater than 3 years;;;10.0000;;;04-Jan-2026
147444;Motilal Oswal Liquid Fund - Unclaimed Redemption - Upto 3 years;;;13.6880;;;04-Jan-2026
146218;Motilal Oswal Liquid Fund Direct - IDCW  Quarterly Payout/Reinvestment;INF247L01791;INF247L01783;10.0182;;;04-Jan-2026
146226;Motilal Oswal Liquid Fund Direct - IDCW Fortnightly Reinvestment;;INF247L01759;10.0191;;;04-Jan-2026
146223;Motilal Oswal Liquid Fund Direct - IDCW Monthly Payout/Reinvestment;INF247L01775;INF247L01767;10.0448;;;04-Jan-2026
146228;Motilal Oswal Liquid Fund Direct - IDCW Reinvestment;;INF247L01742;10.0077;;;04-Jan-2026
146229;Motilal Oswal Liquid Fund Direct - IDCW Weekly Reinvestment;;INF247L01809;10.0089;;;04-Jan-2026
146227;Motilal Oswal Liquid Fund Regular - IDCW Daily Reinvestment;;INF247L01817;10.0055;;;04-Jan-2026
146230;Motilal Oswal Liquid Fund Regular - IDCW Fortnightly Reinvestment;;INF247L01825;10.0185;;;04-Jan-2026
146220;Motilal Oswal Liquid Fund Regular - IDCW Monthly Payout/Reinvestment;INF247L01841;INF247L01833;10.0444;;;04-Jan-2026
146222;Motilal Oswal Liquid Fund Regular - IDCW Quarterly Payout/Reinvestment;INF247L01866;INF247L01858;10.0178;;;04-Jan-2026
146224;Motilal Oswal Liquid Fund Regular - IDCW Weekly Reinvestment;;INF247L01874;10.0160;;;04-Jan-2026

Navi Mutual Fund
119163;Navi Liquid Fund - Direct Plan Daily IDCW - ReInvestment;;INF959L01GK1;10.0129;;;04-Jan-2026
119161;Navi Liquid Fund - Direct Plan Monthly IDCW - Payout;INF959L01GG9;INF959L01GH7;10.0278;;;04-Jan-2026
119162;Navi Liquid Fund - Direct Plan Weekly IDCW - Payout;INF959L01GI5;INF959L01GJ3;10.0151;;;04-Jan-2026
112645;Navi Liquid Fund - Regular Plan Daily IDCW;;INF959L01GM7;10.0129;;;04-Jan-2026
112647;Navi Liquid Fund - Regular Plan Monthly IDCW;INF959L01GN5;INF959L01GO3;10.0276;;;04-Jan-2026
112646;Navi Liquid Fund - Regular Plan Weekly IDCW;INF959L01GP0;INF959L01GQ8;10.0154;;;04-Jan-2026
119164;Navi Liquid Fund-Direct Plan-Growth Option;INF959L01GF1;;29.4606;;;04-Jan-2026
112636;Navi Liquid Fund-Regular Plan-Growth Option;INF959L01GL9;;29.1931;;;04-Jan-2026
140437;Navi Liquid Fund-Unclaimed Redemption and Dividend Plan greater than 3 years;INF959L01CO2;;10;;;04-Jan-2026
139386;Navi Liquid Fund-Unclaimed Redemption and Dividend Plan less than 3 years;INF959L01CN4;;29.363;;;04-Jan-2026

Nippon India Mutual Fund
100852;NIPPON INDIA LIQUID FUND - DAILY IDCW OPTION;;INF204K01UM1;1528.7400;;;04-Jan-2026
118695;NIPPON INDIA LIQUID FUND - DIRECT Plan - DAILY IDCW OPTION;;INF204K01ZG2;1528.7400;;;04-Jan-2026
118696;NIPPON INDIA LIQUID FUND - DIRECT Plan - MONTHLY IDCW OPTION;INF204K01ZI8;INF204K01ZJ6;1589.7004;;;04-Jan-2026
118698;NIPPON INDIA LIQUID FUND - DIRECT Plan - QUARTERLY IDCW OPTION;INF204K01ZK4;INF204K01ZL2;1006.5683;;;04-Jan-2026
118700;NIPPON INDIA LIQUID FUND - DIRECT Plan - WEEKLY IDCW OPTION;INF204KC1FN6;INF204K01ZM0;1531.2553;;;04-Jan-2026
118701;Nippon India Liquid Fund - Direct Plan Growth Plan - Growth Option;INF204K01ZH0;;6649.7970;;;04-Jan-2026
100855;NIPPON INDIA LIQUID FUND - MONTHLY IDCW OPTION;INF204K01UO7;INF204K01UP4;1586.3424;;;04-Jan-2026
112340;NIPPON INDIA LIQUID FUND - QUARTERLY IDCW OPTION;INF204K01UQ2;INF204K01UR0;1006.4440;;;04-Jan-2026
100837;Nippon India Liquid Fund - Retail Option - Growth Plan;INF204K01UL3;;5791.8659;;;04-Jan-2026
100842;NIPPON INDIA LIQUID FUND - RETAIL Plan - DAILY IDCW OPTION;;INF204K01UJ7;1524.2800;;;04-Jan-2026
100843;NIPPON INDIA LIQUID FUND - RETAIL plan - MONTHLY IDCW OPTION;INF204K01UT6;INF204K01UU4;1328.3647;;;04-Jan-2026
100844;NIPPON INDIA LIQUID FUND - RETAIL Plan - QUARTERLY IDCW OPTION;INF204K01UV2;INF204K01UW0;1216.4687;;;04-Jan-2026
100838;NIPPON INDIA LIQUID FUND - RETAIL Plan - WEEKLY IDCW OPTION;;INF204K01UK5;1034.7237;;;04-Jan-2026
100853;NIPPON INDIA LIQUID FUND - WEEKLY IDCW OPTION;INF204KC1FM8;INF204K01US8;1531.2348;;;04-Jan-2026
100851;Nippon India Liquid Fund -Growth Plan;INF204K01UN9;;6561.3727;;;04-Jan-2026

PGIM India Mutual Fund
138285;PGIM India Liquid Fund - Daily Dividend;;INF223J01BO9;100.304;;;04-Jan-2026
138297;PGIM India Liquid Fund - Direct Plan - Daily Dividend;INF223J01NR7;;126.3151;;;04-Jan-2026
138299;PGIM India Liquid Fund - Direct Plan - Growth;INF223J01NS5;;354.4234;;;04-Jan-2026
138298;PGIM India Liquid Fund - Direct Plan - Monthly Dividend;INF223J01NT3;INF223J01NU1;116.6114;;;04-Jan-2026
138301;PGIM India Liquid Fund - Direct Plan - Weekly Dividend;INF223J01NV9;INF223J01NW7;100.5364;;;04-Jan-2026
138288;PGIM India Liquid Fund - Growth;INF223J01BP6;;350.0394;;;04-Jan-2026
138287;PGIM India Liquid Fund - Monthly Dividend;INF223J01BL5;;117.0687;;;04-Jan-2026
138289;PGIM India Liquid Fund - Weekly Dividend;INF223J01BU6;;100.5359;;;04-Jan-2026

PPFAS Mutual Fund
143263;Parag Parikh Liquid Fund- Direct Plan- Daily Reinvestment of IDCW;;INF879O01118;1000.5405;;;04-Jan-2026
143269;Parag Parikh Liquid Fund- Direct Plan- Growth;INF879O01068;;1502.2828;;;04-Jan-2026
143262;Parag Parikh Liquid Fund- Direct Plan- Monthly IDCW;INF879O01076;INF879O01084;1004.1194;;;04-Jan-2026
143265;Parag Parikh Liquid Fund- Direct Plan- Weekly Reinvestment of IDCW;;INF879O01134;1002.1175;;;04-Jan-2026
143264;Parag Parikh Liquid Fund- Regular Plan- Daily Reinvestment of IDCW;;INF879O01126;1000.5404;;;04-Jan-2026
143260;Parag Parikh Liquid Fund- Regular Plan- Growth;INF879O01035;;1490.7108;;;04-Jan-2026
143261;Parag Parikh Liquid Fund- Regular Plan- Monthly IDCW;INF879O01043;INF879O01050;1004.1031;;;04-Jan-2026
143266;Parag Parikh Liquid Fund- Regular Plan- Weekly Reinvestment of IDCW;;INF879O01142;1002.1011;;;04-Jan-2026

quant Mutual Fund
120837;quant Liquid Fund - Growth Option - Direct Plan;INF966L01820;;43.6447;;;04-Jan-2026
103225;quant Liquid Fund - Growth Option - Regular Plan;INF966L01317;;42.4694;;;04-Jan-2026
120838;quant Liquid Fund - Monthly IDCW Option - Direct Plan;INF966L01796;INF966L01812;15.7269;;;04-Jan-2026
103228;quant Liquid Fund - Monthly IDCW Option - Regular Plan;INF966L01291;INF966L01309;15.1647;;;04-Jan-2026
120839;quant Liquid Fund - Weekly IDCW Option - Direct Plan;INF966L01788;INF966L01804;14.6516;;;04-Jan-2026
103227;quant Liquid Fund - Weekly IDCW Option - Regular Plan;INF966L01499;INF966L01283;14.4921;;;04-Jan-2026
120836;quant Liquid Fund-Daily IDCW Option - Direct Plan;;INF966L01770;13.2316;;;04-Jan-2026
103226;quant Liquid Fund-Daily IDCW Option - Regular Plan;;INF966L01275;12.731;;;04-Jan-2026

Quantum Mutual Fund
103736;Quantum Liquid Fund - Direct Plan Daily IDCW;;INF082J01135;10.0101;;;04-Jan-2026
103734;Quantum Liquid Fund - Direct Plan Growth Option;INF082J01127;;36.2404;;;04-Jan-2026
103735;Quantum Liquid Fund - Direct Plan Monthly IDCW;INF082J01143;INF082J01200;10.0274;;;04-Jan-2026
141065;Quantum Liquid Fund - Regular Plan Daily IDCW;;INF082J01317;10.0002;;;04-Jan-2026
141066;Quantum Liquid Fund - Regular Plan Growth Option;INF082J01309;;35.9670;;;04-Jan-2026
141067;Quantum Liquid Fund - Regular Plan Monthly IDCW;INF082J01325;INF082J01333;10.0246;;;04-Jan-2026
152299;Quantum Liquid Fund - Unclaimed IDCW Plan Above 3 years;;;10.0000;;;04-Jan-2026
152298;Quantum Liquid Fund - Unclaimed IDCW Plan Below 3 years;;;11.3942;;;04-Jan-2026
152301;Quantum Liquid Fund - Unclaimed Redemption Plan Above 3 years;;;10.0000;;;04-Jan-2026
152300;Quantum Liquid Fund - Unclaimed Redemption Plan Below 3 years;;;10.9598;;;04-Jan-2026

SBI Mutual Fund
119804;SBI Liquid Fund - Direct Paln - Fortnightly Income Distribution cum Capital Withdrawal Option (IDCW);INF200K01UR8;INF200K01US6;1386.7749;;;04-Jan-2026
119805;SBI Liquid Fund - Direct Plan - Daily Income Distribution cum Capital Withdrawal Option (IDCW);;INF200K01UQ0;1144.0484;;;04-Jan-2026
119799;SBI Liquid Fund - Direct Plan - Weekly Income Distribution cum Capital Withdrawal Option (IDCW);INF200K01UU2;INF200K01UV0;1385.9310;;;04-Jan-2026
119800;SBI Liquid Fund - DIRECT PLAN -Growth;INF200K01UT4;;4246.7438;;;04-Jan-2026
105274;SBI Liquid Fund - Institutional - Growth;INF200K01LU1;;4241.1910;;;04-Jan-2026
105275;SBI Liquid Fund - Institutional Daily Income Distribution cum Capital Withdrawal Option (IDCW);;INF200K01LR7;1362.5355;;;04-Jan-2026
105281;SBI Liquid Fund - Regular Plan - Daily Income Distribution cum Capital Withdrawal Option (IDCW);;INF200K01LX5;1140.7391;;;04-Jan-2026
105283;SBI Liquid Fund - Regular Plan - Fortnightly Income Distribution cum Capital Withdrawal Option (IDCW);INF200K01LY3;INF200K01LZ0;1378.8365;;;04-Jan-2026
105282;SBI Liquid Fund - Regular Plan - Weekly Income Distribution cum Capital Withdrawal Option (IDCW);INF200K01MB9;INF200K01MC7;1379.0302;;;04-Jan-2026
105280;SBI Liquid Fund - REGULAR PLAN -Growth;INF200K01MA1;;4201.4490;;;04-Jan-2026

Shriram Mutual Fund
153035;Shriram Liquid Fund - Direct Plan Growth Option;INF680P01430;;1073.6097;;;04-Jan-2026
153036;Shriram Liquid Fund - Regular Plan Growth Option;INF680P01448;;1071.8463;;;04-Jan-2026
153282;Shriram Unclaimed IDCW Liquid Fund;;;1046.6667;;;04-Jan-2026
153283;Shriram Unclaimed IDCW Stable Scheme Liquid Fund;;;1000;;;04-Jan-2026
153280;Shriram Unclaimed Redemption Liquid Fund;;;1059.2971;;;04-Jan-2026
153281;Shriram Unclaimed Redemption Stable Scheme Liquid Fund;;;1000;;;04-Jan-2026

Sundaram Mutual Fund
149664;Sundaram Liquid Fund (Formerly Known as Principal Cash Management Fund) - Direct Plan - Growth Option;INF173K01GU0;;2400.4548;;;04-Jan-2026
149660;Sundaram Liquid Fund (Formerly Known as Principal Cash Management Fund) - Regular Plan IDCW;INF173K01DD3;INF173K01DE1;1043.7726;;;04-Jan-2026
149662;Sundaram Liquid Fund (Formerly Known as Principal Cash Management Fund) -Direct Plan - IDCW;INF173K01GV8;INF173K01GW6;1045.6119;;;04-Jan-2026
149661;Sundaram Liquid Fund (Formerly Known as Principal Cash Management Fund) -Growth Option;INF173K01DA9;;2370.3841;;;04-Jan-2026

Tata Mutual Fund
153689;Tata Liquid Fund - Direct Plan - Weekly IDCW Reinvestment;;INF277KA1EE2;1031.1365;;;04-Jan-2026
153688;Tata Liquid Fund - Regular Plan - Weekly IDCW Reinvestment;;INF277KA1EF9;1026.8649;;;04-Jan-2026
102672;Tata Liquid Fund -Regular Plan - Growth Option;INF277K01YD8;;4235.2519;;;04-Jan-2026
119862;Tata Liquid Fund- Direct Plan - Daily Reinvestment of IDCW Option;;INF277K012D2;1001.5187;;;04-Jan-2026
119861;Tata Liquid Fund- Direct Plan-Growth Option;INF277K01YE6;;4288.8120;;;04-Jan-2026
101714;Tata Liquid Fund- Regular Plan - Daily Reinvestment of IDCW Option;;INF277K011D4;1001.5157;;;04-Jan-2026

The Wealth Company Mutual Fund
153887;THE WEALTH COMPANY LIQUID FUND DIRECT DAILY ICDW;;INF2F0001073;1002;;;04-Jan-2026
153883;THE WEALTH COMPANY LIQUID FUND DIRECT GROWTH;INF2F0001081;;1013.9767;;;04-Jan-2026
153884;THE WEALTH COMPANY LIQUID FUND DIRECT MONTHLY IDCW;INF2F0001107;INF2F0001099;1003.7676;;;04-Jan-2026
153889;THE WEALTH COMPANY LIQUID FUND DIRECT WEEKLY;INF2F0001123;INF2F0001115;1003.1649;;;04-Jan-2026
153886;THE WEALTH COMPANY LIQUID FUND REGULAR DAILY IDCW;;INF2F0001131;1002;;;04-Jan-2026
153888;THE WEALTH COMPANY LIQUID FUND REGULAR GROWTH;INF2F0001149;;1013.6311;;;04-Jan-2026
153890;THE WEALTH COMPANY LIQUID FUND REGULAR MONTHLY IDCW;INF2F0001164;INF2F0001156;1003.7575;;;04-Jan-2026
153885;THE WEALTH COMPANY LIQUID FUND REGULAR WEEKLY IDCW;INF2F0001180;INF2F0001172;1003.2353;;;04-Jan-2026

Trust Mutual Fund
148842;TRUSTMF Liquid Fund-Direct Plan-Daily Income Distribution cum Capital Withdrawal;;INF0GCD01263;1256.0652;;;04-Jan-2026
148841;TRUSTMF Liquid Fund-Direct Plan-Growth;INF0GCD01255;;1315.4575;;;04-Jan-2026
148839;TRUSTMF Liquid Fund-Direct Plan-Monthly Income Distribution cum Capital Withdrawal;INF0GCD01305;INF0GCD01297;1187.2081;;;04-Jan-2026
148837;TRUSTMF Liquid Fund-Direct Plan-Weekly Income Distribution cum Capital Withdrawal;INF0GCD01271;INF0GCD01289;1215.1353;;;04-Jan-2026
148834;TRUSTMF Liquid Fund-Regular Plan-Daily Income Distribution cum Capital Withdrawal;;INF0GCD01206;1189.3949;;;04-Jan-2026
148833;TRUSTMF Liquid Fund-Regular Plan-Growth;INF0GCD01198;;1306.1303;;;04-Jan-2026
148843;TRUSTMF Liquid Fund-Regular Plan-Monthly Income Distribution cum Capital Withdrawal;INF0GCD01248;INF0GCD01230;1178.8871;;;04-Jan-2026
148836;TRUSTMF Liquid Fund-Regular Plan-Weekly Income Distribution cum Capital Withdrawal;INF0GCD01214;INF0GCD01222;1165.1775;;;04-Jan-2026

Unifi Mutual Fund
153570;Unifi Liquid Fund- Direct Growth;INF1MIY01056;;1033.7303;;;04-Jan-2026
153571;Unifi Liquid Fund- Regular Growth;INF1MIY01064;;1033.3766;;;04-Jan-2026

Union Mutual Fund
115401;Union Liquid Fund - Daily IDCW Option;;INF582M01021;1001.1995;;;04-Jan-2026
119301;Union Liquid Fund - Direct Plan - Daily IDCW Option;;INF582M01682;1001.1995;;;04-Jan-2026
119305;Union Liquid Fund - Direct Plan - Fortnightly IDCW Option;INF582M01724;INF582M01708;1002.5510;;;04-Jan-2026
119303;Union Liquid Fund - Direct Plan - Growth Option;INF582M01674;;2620.6644;;;04-Jan-2026
119302;Union Liquid Fund - Direct Plan - Monthly IDCW Option;INF582M01732;INF582M01716;1002.6334;;;04-Jan-2026
119304;Union Liquid Fund - Direct Plan - Weekly IDCW Option;;INF582M01690;1002.3332;;;04-Jan-2026
115399;Union Liquid Fund - Fortnightly IDCW Option;INF582M01062;INF582M01047;1002.5297;;;04-Jan-2026
115398;Union Liquid Fund - Growth Option;INF582M01013;;2587.5847;;;04-Jan-2026
115400;Union Liquid Fund - Monthly IDCW Option;INF582M01070;INF582M01054;1002.2168;;;04-Jan-2026
115402;Union Liquid Fund - Weekly IDCW Option;;INF582M01039;1002.5494;;;04-Jan-2026

UTI Mutual Fund
134427;UTI Liquid Fund - Direct Plan - Annual IDCW;INF789FA1K63;INF789FA1K71;1958.5841;;;04-Jan-2026
120558;UTI Liquid Fund - Direct Plan - Daily IDCW (Reinvestment);;INF789F01XP8;1064.0699;;;04-Jan-2026
141768;UTI Liquid Fund - Direct Plan - Flexi IDCW;INF789FA1K89;INF789FA1K97;1613.178;;;04-Jan-2026
140913;UTI Liquid Fund - Direct Plan - Fortnightly IDCW;INF789FA1K06;INF789FA1K14;1156.7573;;;04-Jan-2026
140504;UTI Liquid Fund - Direct Plan - Half-Yearly IDCW;INF789FA1K48;INF789FA1K55;1529.9097;;;04-Jan-2026
120794;UTI Liquid Fund - Direct Plan - Monthly IDCW;INF789F01XR4;INF789F01XS2;1043.4958;;;04-Jan-2026
140024;UTI Liquid Fund - Direct Plan - Quarterly IDCW;INF789FA1K22;INF789FA1K30;1849.7487;;;04-Jan-2026
120777;UTI Liquid Fund - Direct Plan - Weekly IDCW;;INF789F01XT0;1271.2542;;;04-Jan-2026
133973;UTI Liquid Fund - Regular Plan - Annual IDCW;INF789FA1J66;INF789FA1J74;1945.2363;;;04-Jan-2026
102010;UTI Liquid Fund - Regular Plan - Daily IDCW (Reinvestment);;INF789F01PG3;1161.2704;;;04-Jan-2026
140517;UTI Liquid Fund - Regular Plan - Flexi IDCW;INF789FA1J82;INF789FA1J90;1603.221;;;04-Jan-2026
139838;UTI Liquid Fund - Regular Plan - Fortnightly IDCW;INF789FA1J09;INF789FA1J17;1155.9116;;;04-Jan-2026
144475;UTI Liquid Fund - Regular Plan - Half-Yearly IDCW;INF789FA1J41;INF789FA1J58;1354.3516;;;04-Jan-2026
102011;UTI Liquid Fund - Regular Plan - Monthly IDCW;INF789F01PI9;INF789F01PJ7;1106.5425;;;04-Jan-2026
135721;UTI Liquid Fund - Regular Plan - Quarterly IDCW;INF789FA1J25;INF789FA1J33;1836.7353;;;04-Jan-2026
102013;UTI Liquid Fund - Regular Plan - Weekly IDCW;;INF789F01PK5;1053.9688;;;04-Jan-2026
120304;UTI-  Liquid Cash Plan - Direct Plan - Growth Option;INF789F01XQ6;;4453.4811;;;04-Jan-2026
102012;UTI-  Liquid Cash Plan - Regular Plan - Growth Option;INF789F01PH1;;4411.5594;;;04-Jan-2026
102008;UTI-  Liquid Cash Plan- Discontinued - Regular Plan - Monthly Dividend Option;INF789F01BC2;INF789F01BA6;1065.8071;;;04-Jan-2026
102009;UTI-  Liquid Cash Plan- Discontinued - Regular Plan -Growth;INF789F01BB4;;4003.2258;;;04-Jan-2026
102007;UTI-  Liquid Cash Plan- Discontinued -Regular Plan Periodic Dividend Option;;INF789F01AZ5;1132.1316;;;04-Jan-2026

WhiteOak Capital Mutual Fund
145969;WhiteOak Capital Liquid Fund- Direct plan-Daily Reinvestment of Income Distribution cum capital withdrawal option (IDCW);;INF03VN01019;1001.5964;;;04-Jan-2026
145966;WhiteOak Capital Liquid Fund- Direct plan-Fortnightly Payout/ Reinvestment of Income Distribution cum capital withdrawal option (IDCW);INF03VN01027;INF03VN01035;1002.5845;;;04-Jan-2026
145971;WhiteOak Capital Liquid Fund- Direct plan-Growth Option;INF03VN01043;;1454.7098;;;04-Jan-2026
145967;WhiteOak Capital Liquid Fund- Direct plan-Monthly  Payout/ Reinvestment of Income Distribution cum capital withdrawal option (IDCW);INF03VN01050;INF03VN01068;1004.9139;;;04-Jan-2026
145970;WhiteOak Capital Liquid Fund- Direct plan-Weekly Payout/ Reinvestment of Income Distribution cum capital withdrawal option (IDCW);INF03VN01076;INF03VN01084;1002.6954;;;04-Jan-2026
145963;WhiteOak Capital Liquid Fund- Regular plan-Daily Reinvestment of Income Distribution cum capital withdrawal option (IDCW);;INF03VN01092;1001.5950;;;04-Jan-2026
145965;WhiteOak Capital Liquid Fund- Regular plan-Fortnightly Payout/ Reinvestment of Income Distribution cum capital withdrawal option (IDCW);INF03VN01100;INF03VN01118;1003.8291;;;04-Jan-2026
145968;WhiteOak Capital Liquid Fund- Regular plan-Growth Option;INF03VN01126;;1445.3440;;;04-Jan-2026
145972;WhiteOak Capital Liquid Fund- Regular plan-Monthly Payout/ Reinvestment of Income Distribution cum capital withdrawal option (IDCW);INF03VN01134;INF03VN01142;1004.5973;;;04-Jan-2026
145964;WhiteOak Capital Liquid Fund- Regular plan-Weekly Payout/ Reinvestment of Income Distribution cum capital withdrawal option (IDCW);INF03VN01159;INF03VN01167;1002.6683;;;04-Jan-2026

Open Ended Schemes ( Other Scheme - Other  ETFs )


Aditya Birla Sun Life Mutual Fund
151533;Aditya Birla Sun Life CRISIL Liquid Overnight ETF - IDCW Daily Reinvestment with Weekly Payout;INF209KB18T9;;1000.;;;04-Jan-2026

Angel One Mutual Fund
153451;ANGEL ONE NIFTY 1D RATE LIQUID ETF - GROWTH;INF1J2R01056;;1041.4313;;;04-Jan-2026

Bajaj Finserv Mutual Fund
152638;Bajaj Finserv Nifty 1D Rate Liquid ETF;INF0QA701854;;1063.6465;;;04-Jan-2026

DSP Mutual Fund
152555;DSP BSE Liquid Rate ETF;INF740KA1UM0;;1107.5128;;;04-Jan-2026
142589;DSP NIFTY 1D Rate Liquid ETF;;INF740KA1EU7;1000.0000;;;04-Jan-2026

Edelweiss Mutual Fund
153920;Edelweiss Nifty 1D Rate Liquid ETF - Growth;INF754K01VW2;;1013.0799;;;04-Jan-2026

Groww Mutual Fund
152891;Groww Nifty 1D Rate Liquid ETF;INF666M01IP5;;107.3162;;;04-Jan-2026

HDFC Mutual Fund
153403;HDFC NIFTY 1D RATE LIQUID ETF GROWTH;INF179KC1JG3;;1042.9587;;;04-Jan-2026

ICICI Prudential Mutual Fund
153378;ICICI Prudential BSE Liquid Rate ETF - Growth;INF109K1A021;;1043.9716;;;04-Jan-2026
144947;ICICI Prudential BSE Liquid Rate ETF - IDCW;INF109KC1KT9;;1000.0000;;;04-Jan-2026

Kotak Mahindra Mutual Fund
151358;Kotak Nifty 1D Rate Liquid ETF;INF174KA1LV5;;1085.3628;;;04-Jan-2026

Mirae Asset Mutual Fund
153045;Mirae Asset Nifty 1D Rate Liquid ETF - Growth;INF769K01MY5;;1066.8509;;;04-Jan-2026
151908;Mirae Asset Nifty 1D Rate Liquid ETF-IDCW;;INF769K01KS1;1000.0000;;;04-Jan-2026

Nippon India Mutual Fund
140086;Nippon India ETF Nifty 1D Rate Liquid BeES - DAILY IDCW Option;INF732E01037;;1000.0000;;;04-Jan-2026
153725;Nippon India Nifty 1D Rate Liquid ETF-Growth;INF204KC1FU1;;1022.6552;;;04-Jan-2026

SBI Mutual Fund
153796;SBI Nifty 1D Rate Liquid ETF - Growth;INF200KB1969;;1021.2729;;;04-Jan-2026

Shriram Mutual Fund
152741;Shriram Nifty 1D Rate Liquid ETF - Growth;INF680P01422;;1086.4626;;;04-Jan-2026

Zerodha Mutual Fund
152327;Zerodha Nifty 1D Rate Liquid ETF - Growth Option;INF0R8F01034;;112.1384;;;04-Jan-2026

Close Ended Schemes ( Income )


SBI Mutual Fund
146974;SBI Fixed Maturity Plan (FMP) - Series 1 (3668 Days) - Direct Plan - Growth;INF200KA1D03;;17.1774;;;04-Jan-2026
146975;SBI Fixed Maturity Plan (FMP) - Series 1 (3668 Days) - Direct Plan - Income Distribution cum Capital Withdrawal Option (IDCW);INF200KA1D11;;17.1919;;;04-Jan-2026
146976;SBI Fixed Maturity Plan (FMP) - Series 1 (3668 Days) - Regular Plan - Growth;INF200KA1C87;;16.9643;;;04-Jan-2026
146973;SBI Fixed Maturity Plan (FMP) - Series 1 (3668 Days) - Regular Plan - Income Distribution cum Capital Withdrawal Option (IDCW);INF200KA1C95;;16.9643;;;04-Jan-2026
148387;SBI Fixed Maturity Plan (FMP) - Series 34 (3682 Days) - Direct Plan - Growth;INF200KA1Q73;;14.3782;;;04-Jan-2026
148388;SBI Fixed Maturity Plan (FMP) - Series 34 (3682 Days) - Direct Plan - Income Distribution cum Capital Withdrawal Option (IDCW);INF200KA1Q81;;14.3782;;;04-Jan-2026
148389;SBI Fixed Maturity Plan (FMP) - Series 34 (3682 Days) - Regular Plan - Growth;INF200KA1Q57;;14.1935;;;04-Jan-2026
148390;SBI Fixed Maturity Plan (FMP) - Series 34 (3682 Days) - Regular Plan - Income Distribution cum Capital Withdrawal Option (IDCW);INF200KA1Q65;;14.1935;;;04-Jan-2026
149043;SBI Fixed Maturity Plan (FMP) - Series 46 (1850 Days) - Direct Plan - Growth;INF200KA1X41;;13.1775;;;04-Jan-2026
149044;SBI Fixed Maturity Plan (FMP) - Series 46 (1850 Days) - Direct Plan - Income Distribution cum Capital Withdrawal Option (IDCW);INF200KA1X58;;13.1775;;;04-Jan-2026
149045;SBI Fixed Maturity Plan (FMP) - Series 46 (1850 Days) - Regular Plan - Growth;INF200KA1X25;;13.0934;;;04-Jan-2026
149042;SBI Fixed Maturity Plan (FMP) - Series 46 (1850 Days) - Regular Plan - Income Distribution cum Capital Withdrawal Option (IDCW);INF200KA1X33;;13.0934;;;04-Jan-2026
149147;SBI Fixed Maturity Plan (FMP) - Series 49 (1823 Days) - Direct Plan - Growth;INF200KA1Z23;;13.0573;;;04-Jan-2026
149144;SBI Fixed Maturity Plan (FMP) - Series 49 (1823 Days) - Direct Plan - Income Distribution cum Capital Withdrawal Option (IDCW);INF200KA1Z31;;13.0572;;;04-Jan-2026
149145;SBI Fixed Maturity Plan (FMP) - Series 49 (1823 Days) - Regular Plan - Growth;INF200KA1Z07;;12.9775;;;04-Jan-2026
149146;SBI Fixed Maturity Plan (FMP) - Series 49 (1823 Days) - Regular Plan - Income Distribution cum Capital Withdrawal Option (IDCW);INF200KA1Z15;;12.9774;;;04-Jan-2026
149174;SBI Fixed Maturity Plan (FMP) - Series 50 (1843 Days) - Direct Plan - Growth;INF200KA1Z64;;12.9299;;;04-Jan-2026
149175;SBI Fixed Maturity Plan (FMP) - Series 50 (1843 Days) - Direct Plan - Income Distribution Capital Withdrawal Option (IDCW);INF200KA1Z72;;12.9299;;;04-Jan-2026
149172;SBI Fixed Maturity Plan (FMP) - Series 50 (1843 Days) - Regular Plan - Growth;INF200KA1Z49;;12.8375;;;04-Jan-2026
149173;SBI Fixed Maturity Plan (FMP) - Series 50 (1843 Days) - Regular Plan -Income Distribution Capital Withdrawal Option (IDCW);INF200KA1Z56;;12.8375;;;04-Jan-2026
149195;SBI Fixed Maturity Plan (FMP) - Series 51 (1846 Days) - Direct Plan - Growth;INF200KA10A7;;12.9175;;;04-Jan-2026
149194;SBI Fixed Maturity Plan (FMP) - Series 51 (1846 Days) - Direct Plan - Income Distribution Capital Withdrawal Option (IDCW);INF200KA11A5;;12.9179;;;04-Jan-2026
149197;SBI Fixed Maturity Plan (FMP) - Series 51 (1846 Days) - Regular Plan - Growth;INF200KA1Z80;;12.8419;;;04-Jan-2026
149196;SBI Fixed Maturity Plan (FMP) - Series 51 (1846 Days) - Regular Plan - Income Distribution Capital Withdrawal Option (IDCW);INF200KA1Z98;;12.8420;;;04-Jan-2026
149232;SBI Fixed Maturity Plan (FMP) - Series 52 (1848 Days) - Direct Plan - Growth;INF200KA14A9;;12.8975;;;04-Jan-2026
149234;SBI Fixed Maturity Plan (FMP) - Series 52 (1848 Days) - Direct Plan - Income Distribution Cum Withdrawal (IDCW);INF200KA15A6;;12.8975;;;04-Jan-2026
149235;SBI Fixed Maturity Plan (FMP) - Series 52 (1848 Days) - Regular Plan - Growth;INF200KA12A3;;12.8245;;;04-Jan-2026
149233;SBI Fixed Maturity Plan (FMP) - Series 52 (1848 Days) - Regular Plan - Income Distribution Cum Withdrawal (IDCW);INF200KA13A1;;12.8245;;;04-Jan-2026
149279;SBI Fixed Maturity Plan (FMP) - Series 53 (1839 Days) - Direct Plan - Growth;INF200KA18A0;;12.9144;;;04-Jan-2026
149277;SBI Fixed Maturity Plan (FMP) - Series 53 (1839 Days) - Direct Plan - Income Distribution Cum Withdrawal Option (IDCW);INF200KA19A8;;12.9144;;;04-Jan-2026
149278;SBI Fixed Maturity Plan (FMP) - Series 53 (1839 Days) - Regular Plan - Growth;INF200KA16A4;;12.8522;;;04-Jan-2026
149280;SBI Fixed Maturity Plan (FMP) - Series 53 (1839 Days) - Regular Plan - Income  Distribution Cum Withdrawal Option (IDCW);INF200KA17A2;;12.8522;;;04-Jan-2026
149307;SBI Fixed Maturity Plan (FMP) - Series 54 (1842 Days) - Direct Plan - Growth;INF200KA12B1;;12.8995;;;04-Jan-2026
149309;SBI Fixed Maturity Plan (FMP) - Series 54 (1842 Days) - Direct Plan - Income Distribution Cum Withdrawal Option (IDCW);INF200KA13B9;;12.9000;;;04-Jan-2026
149308;SBI Fixed Maturity Plan (FMP) - Series 54 (1842 Days) - Regular Plan - Growth;INF200KA10B5;;12.8342;;;04-Jan-2026
149306;SBI Fixed Maturity Plan (FMP) - Series 54 (1842 Days) - Regular Plan - Income Distribution Cum Capital Withdrawal Option (IDCW);INF200KA11B3;;12.8342;;;04-Jan-2026
149345;SBI Fixed Maturity Plan (FMP) - Series 55 (1849 Days) - Direct Plan - Growth;INF200KA16B2;;12.8715;;;04-Jan-2026
149348;SBI Fixed Maturity Plan (FMP) - Series 55 (1849 Days) - Direct Plan - Income Distribution cum Capital Withdrawal Option (IDCW);INF200KA17B0;;12.8715;;;04-Jan-2026
149347;SBI Fixed Maturity Plan (FMP) - Series 55 (1849 Days) - Regular Plan - Growth;INF200KA14B7;;12.8071;;;04-Jan-2026
149346;SBI Fixed Maturity Plan (FMP) - Series 55 (1849 Days) - Regular Plan - Income Distribution Cum Capital Withdrawal Option (IDCW);INF200KA15B4;;12.8071;;;04-Jan-2026
149431;SBI Fixed Maturity Plan (FMP) - Series 57 (1835 Days) - Direct Plan - Growth;INF200KA14C5;;12.7917;;;04-Jan-2026
149430;SBI Fixed Maturity Plan (FMP) - Series 57 (1835 Days) - Direct Plan - Income Distribution cum Capital Withdrawal Option (IDCW);INF200KA15C2;;12.7919;;;04-Jan-2026
149432;SBI Fixed Maturity Plan (FMP) - Series 57 (1835 Days) - Regular Plan - Growth;INF200KA12C9;;12.7288;;;04-Jan-2026
149433;SBI Fixed Maturity Plan (FMP) - Series 57 (1835 Days) - Regular Plan - Income Distribution cum Capital Withdrawal Option (IDCW);INF200KA13C7;;12.7291;;;04-Jan-2026
149460;SBI Fixed Maturity Plan (FMP) - Series 58 (1842 Days) - Direct Plan - Growth;INF200KA18C6;;12.8997;;;04-Jan-2026
149461;SBI Fixed Maturity Plan (FMP) - Series 58 (1842 Days) - Direct Plan - Income Distribution cum Capital withdrawal option (IDCW);INF200KA19C4;;12.8999;;;04-Jan-2026
149459;SBI Fixed Maturity Plan (FMP) - Series 58 (1842 Days) - Regular Plan - Growth;INF200KA16C0;;12.8381;;;04-Jan-2026
149462;SBI Fixed Maturity Plan (FMP) - Series 58 (1842 Days) - Regular Plan - Income Distribution cum Capital withdrawal option (IDCW);INF200KA17C8;;12.8381;;;04-Jan-2026
149822;SBI Fixed Maturity Plan (FMP) - Series 59 (1618 Days) - Direct Plan - Growth;INF200KA19D2;;12.6866;;;04-Jan-2026
149823;SBI Fixed Maturity Plan (FMP) - Series 59 (1618 Days) - Direct Plan - Income Distribution cum Capital Withdrawal Option (IDCW);INF200KA10E9;;12.6861;;;04-Jan-2026
149825;SBI Fixed Maturity Plan (FMP) - Series 59 (1618 Days) - Regular Plan - Growth;INF200KA17D6;;12.6291;;;04-Jan-2026
149824;SBI Fixed Maturity Plan (FMP) - Series 59 (1618 Days) - Regular Plan - Income Distribution cum Capital Withdrawal Option (IDCW);INF200KA18D4;;12.6291;;;04-Jan-2026
147248;SBI Fixed Maturity Plan (FMP) - Series 6 (3668 Days) - Direct Plan - Growth;INF200KA1F27;;16.7152;;;04-Jan-2026
147249;SBI Fixed Maturity Plan (FMP) - Series 6 (3668 Days) - Direct Plan - Income Distribution cum Capital Withdrawal Option (IDCW);INF200KA1F35;;16.7154;;;04-Jan-2026
147247;SBI Fixed Maturity Plan (FMP) - Series 6 (3668 Days) - Regular Plan - Growth;INF200KA1F01;;16.4510;;;04-Jan-2026
147250;SBI Fixed Maturity Plan (FMP) - Series 6 (3668 Days) - Regular Plan - Income Distribution cum Capital Withdrawal Option (IDCW);INF200KA1F19;;16.4537;;;04-Jan-2026
149878;SBI Fixed Maturity Plan (FMP) - Series 60 (1878 Days) - Direct Plan - Growth;INF200KA13E3;;12.8107;;;04-Jan-2026
149879;SBI Fixed Maturity Plan (FMP) - Series 60 (1878 Days) - Direct Plan - Income Distribution cum Capital Withdrwal Option (IDCW);INF200KA14E1;;12.8109;;;04-Jan-2026
149876;SBI Fixed Maturity Plan (FMP) - Series 60 (1878 Days) - Regular Plan - Growth;INF200KA11E7;;12.7507;;;04-Jan-2026
149877;SBI Fixed Maturity Plan (FMP) - Series 60 (1878 Days) - Regular Plan - Income Distribution cum Capital Withdrawal Option (IDCW);INF200KA12E5;;12.7508;;;04-Jan-2026
149993;SBI Fixed Maturity Plan (FMP)- Series 61 (1927 Days)- Direct Plan- Growth option;INF200KA13F0;;12.8479;;;04-Jan-2026
149995;SBI Fixed Maturity Plan (FMP)- Series 61 (1927 Days)- Direct Plan- Income Distribution Cum Capital withdrawal option;INF200KA14F8;;12.8480;;;04-Jan-2026
149994;SBI Fixed Maturity Plan (FMP)- Series 61 (1927 Days)- Regular Plan- Growth option;INF200KA11F4;;12.7897;;;04-Jan-2026
149992;SBI Fixed Maturity Plan (FMP)- Series 61 (1927 Days)- Regular Plan- Income Distribution Cum Capital withdrawal option;INF200KA12F2;;12.7896;;;04-Jan-2026
150379;SBI Fixed Maturity Plan (FMP) - Series 66 (1361 Days) - Direct Plan - Growth;INF200KA11M0;;12.7557;;;04-Jan-2026
150378;SBI Fixed Maturity Plan (FMP) - Series 66 (1361 Days) - Direct Plan - Income Distribution cum Capital Withdrawal Option (IDCW);INF200KA12M8;;12.7557;;;04-Jan-2026
150377;SBI Fixed Maturity Plan (FMP) - Series 66 (1361 Days) - Regular Plan - Growth;INF200KA19L5;;12.7050;;;04-Jan-2026
150380;SBI Fixed Maturity Plan (FMP) - Series 66 (1361 Days) - Regular Plan - Income Distribution cum Capital Withdrawal Option (IDCW);INF200KA10M2;;12.7050;;;04-Jan-2026
150460;SBI Fixed Maturity Plan (FMP) - Series 67 (1467 Days) - Direct Plan - Growth;INF200KA15M1;;12.7585;;;04-Jan-2026
150458;SBI Fixed Maturity Plan (FMP) - Series 67 (1467 Days) - Direct Plan - IDCW Payout;INF200KA16M9;;12.7585;;;04-Jan-2026
150461;SBI Fixed Maturity Plan (FMP) - Series 67 (1467 Days) - Regular Plan - Growth;INF200KA13M6;;12.7088;;;04-Jan-2026
150459;SBI Fixed Maturity Plan (FMP) - Series 67 (1467 Days) - Regular Plan - IDCW Payout;INF200KA14M4;;12.7092;;;04-Jan-2026
150649;SBI Fixed Maturity Plan (FMP) - Series 68 (1302 Days) - Direct Plan - Growth;INF200KA15O7;;12.5877;;;04-Jan-2026
150650;SBI Fixed Maturity Plan (FMP) - Series 68 (1302 Days) - Direct Plan - IDCW Payout;INF200KA16O5;;12.5902;;;04-Jan-2026
150647;SBI Fixed Maturity Plan (FMP) - Series 68 (1302 Days) - Regular Plan - Growth;INF200KA13O2;;12.5399;;;04-Jan-2026
150648;SBI Fixed Maturity Plan (FMP) - Series 68 (1302 Days) - Regular Plan - IDCW Payout;INF200KA14O0;;12.5398;;;04-Jan-2026
151559;SBI Fixed Maturity Plan (FMP) - Series 79 (1170 Days) - Direct Plan - Growth;INF200KA19W2;;12.2559;;;04-Jan-2026
151558;SBI Fixed Maturity Plan (FMP) - Series 79 (1170 Days) - Direct Plan - Income Distribution cum Capital Withdrawal Payout;INF200KA10X9;;12.2561;;;04-Jan-2026
151556;SBI Fixed Maturity Plan (FMP) - Series 79 (1170 Days) - Regular Plan - Growth;INF200KA17W6;;12.2143;;;04-Jan-2026
151557;SBI Fixed Maturity Plan (FMP) - Series 79 (1170 Days) - Regular Plan - Income Distribution cum Capital Withdrawal Payout;INF200KA18W4;;12.2145;;;04-Jan-2026
148848;SBI Fixed Maturity Plan (FMP) - Series 42 (1857 Days) Direct Plan - Income Distribution cum Capital Withdrawal Option (IDCW);INF200KA1V27;;13.3631;;;04-Jan-2026
148845;SBI Fixed Maturity Plan (FMP) - Series 42 (1857 Days) Regular Plan - Income Distribution cum Capital Withdrawal Option (IDCW);INF200KA1V01;;13.2616;;;04-Jan-2026
148846;SBI Fixed Maturity Plan (FMP) Series 42 (1857 Days) - Direct Plan - Growth;INF200KA1V19;;13.3629;;;04-Jan-2026
148847;SBI Fixed Maturity Plan (FMP) Series 42 (1857 Days) - Regular Plan - Growth;INF200KA1U93;;13.2616;;;04-Jan-2026
148967;SBI Fixed Maturity Plan (FMP) - Series 44 (1855 Days) - Direct Plan - Growth;INF200KA1W59;;13.2032;;;04-Jan-2026
148968;SBI Fixed Maturity Plan (FMP) - Series 44 (1855 Days) - Direct Plan - Income Distribution cum Capital Withdrawal Option (IDCW);INF200KA1W67;;13.2032;;;04-Jan-2026
148966;SBI Fixed Maturity Plan (FMP) - Series 44 (1855 Days) - Regular Plan - Growth;INF200KA1W34;;13.1219;;;04-Jan-2026
148969;SBI Fixed Maturity Plan (FMP) Series 44 (1855 Days) - Regular Plan - Income Distribution cum Capital Withdrawal Option (IDCW);INF200KA1W42;;13.1219;;;04-Jan-2026
148999;SBI Fixed Maturity Plan (FMP) Series 45 (1840 Days) - Direct Plan - Growth;INF200KA1W91;;13.1918;;;04-Jan-2026
148998;SBI Fixed Maturity Plan (FMP) Series 45 (1840 Days) - Direct Plan - Income Distribution cum Capital Withdrawal Option (IDCW);INF200KA1X09;;13.1918;;;04-Jan-2026
148996;SBI Fixed Maturity Plan (FMP) Series 45 (1840 Days) - Regular Plan - Growth;INF200KA1W75;;13.1140;;;04-Jan-2026
148997;SBI Fixed Maturity Plan (FMP) Series 45 (1840Days) - Regular Plan - Income Distribution cum Capital Withdrawal Option (IDCW);INF200KA1W83;;13.1140;;;04-Jan-2026
150919;SBI Fixed Maturity Plan (FMP)-Series 72 (1239 Days) Direct Plan- Growth;INF200KA17S4;;12.4527;;;04-Jan-2026
150916;SBI Fixed Maturity Plan (FMP)-Series 72 (1239 Days) Direct Plan- Income Distribution Cum Capital Withdrawal Payout;INF200KA18S2;;12.4527;;;04-Jan-2026
150917;SBI Fixed Maturity Plan (FMP)-Series 72 (1239 Days) Regular Plan- Growth;INF200KA15S8;;12.4065;;;04-Jan-2026
150918;SBI Fixed Maturity Plan (FMP)-Series 72 (1239 Days) Regular Plan- Income Distribution Cum Capital Withdrawal Payout;INF200KA16S6;;12.4065;;;04-Jan-2026
150984;SBI Fixed Maturity Plan (FMP) - Series 73 (1226 Days) - Direct Plan - Growth;INF200KA11T5;;12.4200;;;04-Jan-2026
150985;SBI Fixed Maturity Plan (FMP) - Series 73 (1226 Days) - Direct Plan - IDCW Payout;INF200KA12T3;;12.4199;;;04-Jan-2026
150986;SBI Fixed Maturity Plan (FMP) - Series 73 (1226 Days) - Regular Plan - Growth;INF200KA19S0;;12.3753;;;04-Jan-2026
150983;SBI Fixed Maturity Plan (FMP) - Series 73 (1226 Days) - Regular Plan - IDCW Payout;INF200KA10T7;;12.3753;;;04-Jan-2026
151252;SBI Fixed Maturity Plan (FMP)-Series 74 (1243 Days)- Direct Plan- Growth;INF200KA11U3;;12.4038;;;04-Jan-2026
151253;SBI Fixed Maturity Plan (FMP)-Series 74 (1243 Days)- Direct Plan- Income Distribution Cum Capital Withdrawal Payout;INF200KA12U1;;12.4037;;;04-Jan-2026
151254;SBI Fixed Maturity Plan (FMP)-Series 74 (1243 Days)- Regular Plan- Growth;INF200KA19T8;;12.3599;;;04-Jan-2026
151255;SBI Fixed Maturity Plan (FMP)-Series 74 (1243 Days)- Regular Plan- Income Distribution Cum Capital Withdrawal Payout;INF200KA10U5;;12.3599;;;04-Jan-2026
151351;SBI Fixed Maturity Plan (FMP) - Series 76 (1221 Days) - Direct Plan - Growth;INF200KA19U6;;12.3144;;;04-Jan-2026
151350;SBI Fixed Maturity Plan (FMP) - Series 76 (1221 Days) - Direct Plan - Income Distribution Cum Capital Withdrawal Payout;INF200KA10V3;;12.3145;;;04-Jan-2026
151349;SBI Fixed Maturity Plan (FMP) - Series 76 (1221 Days) - Regular Plan - Growth;INF200KA17U0;;12.2720;;;04-Jan-2026
151348;SBI Fixed Maturity Plan (FMP) - Series 76 (1221 Days) - Regular Plan - Income Distribution Cum Capital Withdrawal Payout;INF200KA18U8;;12.2720;;;04-Jan-2026
151451;SBI Fixed Maturity Plan (FMP)-Series 78 (1170 Days) Direct Plan- Growth;INF200KA19V4;;12.3029;;;04-Jan-2026
151452;SBI Fixed Maturity Plan (FMP)-Series 78 (1170 Days) Direct Plan- Income Distribution Cum Capital Withdrawal Payout;INF200KA10W1;;12.3026;;;04-Jan-2026
151454;SBI Fixed Maturity Plan (FMP)-Series 78 (1170 Days) Regular Plan- Growth;INF200KA17V8;;12.2600;;;04-Jan-2026
151453;SBI Fixed Maturity Plan (FMP)-Series 78 (1170 Days) Regular Plan- Income Distribution Cum Capital Withdrawal Payout;INF200KA18V6;;12.2592;;;04-Jan-2026
151639;SBI Fixed Maturity Plan (FMP)-Series 81 (1157 Days) Direct Plan- Growth;INF200KA17X4;;12.2116;;;04-Jan-2026
151640;SBI Fixed Maturity Plan (FMP)-Series 81 (1157 Days) Direct Plan- Income Distribution Cum Capital Withdrawal Payout;INF200KA18X2;;12.2116;;;04-Jan-2026
151641;SBI Fixed Maturity Plan (FMP)-Series 81 (1157 Days) Regular Plan- Growth;INF200KA15X8;;12.1715;;;04-Jan-2026
151642;SBI Fixed Maturity Plan (FMP)-Series 81 (1157 Days) Regular Plan- Income Distribution Cum Capital Withdrawal Payout;INF200KA16X6;;12.1715;;;04-Jan-2026
